x,yobs,ycalc,ydiff
0.05,1.5301523770284854e-12,-0.05164518002273588,0.05164518002426603
0.1,-2.1919741057541343e-10,-0.06783072742797645,0.06783072720877904
0.15000000000000002,-1.3321532628610604e-08,-0.05093913184512242,0.050939118523589795
0.2,-1.649194169269475e-07,-0.03874013334337277,0.03873996842395584
0.25,-4.233611179781754e-07,-0.06422248685818888,0.0642220634970709
0.30000000000000004,4.312146281555379e-06,-0.1202489505173496,0.12025326266363115
0.35000000000000003,4.132050524708436e-05,-0.1667700773260791,0.16681139783132617
0.4,0.00017266462668276362,-0.17336268357876133,0.17353534820544408
0.45,0.0004166740502646231,-0.15209058188597518,0.15250725593623982
0.5,0.00046915901593635155,-0.14533442928459428,0.14580358830053064
0.55,-0.0006532934247210991,-0.1807557796465823,0.1801024862218612
0.6000000000000001,-0.004425072620237653,-0.24102481047523494,0.2365997378549973
0.65,-0.011251977599824221,-0.2812806121426622,0.270028634542838
0.7000000000000001,-0.017706738296371063,-0.27693016132064086,0.2592234230242698
0.75,-0.014929092260399431,-0.25116586029546384,0.2362367680350644
0.8,0.00800197174820105,-0.25161504030629167,0.2596170120544927
0.8500000000000001,0.05423412423002985,-0.29928292964967157,0.35351705387970145
0.9,0.10798827807547311,-0.3640690110466557,0.4720572891221288
0.9500000000000001,0.1333904451026227,-0.39508852731322314,0.5284789724158458
1.0,0.0922822467742741,-0.3759008052958549,0.468183052070129
1.05,-0.024165619610974347,-0.3454419868836483,0.32127636727267395
1.1,-0.17285484172271584,-0.3586616291006612,0.18580678737794534
1.1500000000000001,-0.27174927149502864,-0.42530967716687035,0.1535604056718417
1.2000000000000002,-0.2533707983863819,-0.49360327050161373,0.24023247211523185
1.25,-0.12663880743460956,-0.5031483965962112,0.3765095891616017
1.3,0.006865152146404998,-0.45659526192363714,0.4634604140700421
1.35,0.01444735608751501,-0.42939463520408433,0.44384199129159935
1.4000000000000001,-0.15675841468164575,-0.4908626885278976,0.33410427384625185
1.4500000000000002,-0.4031347539361022,-0.6032320500477998,0.20009729611169758
1.5,-0.5017408145281419,-0.6064311442273193,0.10469032969917735
1.55,-0.26308661368718983,-0.33316021278998675,0.07007359910279692
1.6,0.299595949901309,0.22318025178141468,0.07641569811989432
1.6500000000000001,0.9231067873615036,0.836015620293365,0.08709116706813869
1.7000000000000002,1.2363686638330358,1.160360102732683,0.0760085611003527
1.75,1.016048514497205,0.9759098485358855,0.04013866596131943
1.8,0.37383876428988544,0.3779544864621892,-0.004115722172303771
1.85,-0.28006833531296205,-0.2466966542691668,-0.03337168104379526
1.9000000000000001,-0.49702857320844473,-0.46578091869871674,-0.031247654509727996
1.9500000000000002,-0.10013885953210482,-0.1016880102694661,0.0015491507373612823
2.0,0.6810098414719529,0.63474319255417,0.04626664891778287
2.0500000000000003,1.3569134296545133,1.2797328522272773,0.07718057742723605
2.1,1.5054276770903203,1.4256083561593913,0.07981932093092903
2.15,1.0445932460258625,0.9812447995310449,0.06334844649481752
2.2,0.2593317431796399,0.2039333626237197,0.055398380555920224
2.25,-0.42238180024803457,-0.5031593637237282,0.08077756347569359
2.3000000000000003,-0.7247160351343085,-0.8649216483045943,0.1402056131702858
2.35,-0.6730141256898692,-0.8801008552987715,0.2070867296089023
2.4000000000000004,-0.5079192233391725,-0.7539154639753287,0.24599624063615622
2.45,-0.4610060007341717,-0.6992283584295145,0.23822235769534278
2.5,-0.5812632042344646,-0.7752630783601709,0.1939998741257063
2.5500000000000003,-0.7377044696795855,-0.8805537799340474,0.1428493102544619
2.6,-0.7680558616719115,-0.8794809251370578,0.11142506346514625
2.6500000000000004,-0.6304092680528028,-0.7369851222815205,0.10657585422871763
2.7,-0.4311607499599613,-0.5456120624722327,0.11445131251227142
2.75,-0.32154915000375933,-0.43445352665407716,0.11290437665031783
2.8000000000000003,-0.36728489111925566,-0.45369202789766466,0.086407136778409
2.85,-0.5072666741337323,-0.5417629060165187,0.03449623188278639
2.9000000000000004,-0.6276793673642269,-0.5988699871940333,-0.028809380170193633
2.95,-0.6730502682315278,-0.5903965400096793,-0.08265372822184847
3.0,-0.6891150889735341,-0.5786711960315405,-0.11044389294199364
3.0500000000000003,-0.7624146516959722,-0.6530801717643007,-0.10933447993167156
3.1,-0.920347510457972,-0.8285654264992312,-0.09178208395874088
3.1500000000000004,-1.0915781005770566,-1.015807286662427,-0.07577081391462959
3.2,-1.1676808630616922,-1.0988221240843983,-0.06885873897729389
3.25,-1.107570414345509,-1.0485307219430953,-0.05903969240241369
3.3000000000000003,-0.979623245130651,-0.956683017566942,-0.02294022756370906
3.35,-0.8895746637955296,-0.9419899747995097,0.052415311003980114
3.4000000000000004,-0.8517218250008444,-1.0041632946636179,0.1524414696627735
3.45,-0.7275913281866211,-0.9674444567926788,0.23985312860605768
3.5,-0.3123891627092353,-0.5929841531304048,0.2805949904211695
3.5500000000000003,0.4770296550436385,0.20744490642385227,0.2695847486197862
3.6,1.4623914198427757,1.2293835296012086,0.2330078902415671
3.6500000000000004,2.2466826682672347,2.042451016446929,0.20423165182030578
3.7,2.439167534944785,2.2442787554844625,0.19488877946032268
3.75,1.9129056733772305,1.7253696692299414,0.1875360041472891
3.8000000000000003,0.9046127472324863,0.7486523921913755,0.15596035504111083
3.85,-0.12381262482036508,-0.21676714668070488,0.0929545218603398
3.9000000000000004,-0.7659568971229738,-0.784762812861618,0.018805915738644208
3.95,-0.8938085887057229,-0.8569895869540312,-0.03681900175169173
4.0,-0.6743403086208737,-0.6133894202927517,-0.06095088832812201
4.05,-0.3931451696329879,-0.32719738571156004,-0.06594778392142786
4.1000000000000005,-0.2382340000500294,-0.16449864492298627,-0.07373535512704313
4.15,-0.2058735710495317,-0.11286445501241124,-0.09300911603712045
4.2,-0.17280485732131978,-0.06046539346688922,-0.11233946385443055
4.25,-0.04287486103222403,0.07152933465618798,-0.11440419568841201
4.3,0.1659905640448562,0.26085861269341176,-0.09486804864855555
4.3500000000000005,0.3540979897008879,0.4202632995674127,-0.0661653098665248
4.4,0.43914610504747975,0.48297145963645227,-0.04382535458897252
4.45,0.4217176206597034,0.4532707634693056,-0.0315531428096022
4.5,0.36505012020997196,0.3863305701512304,-0.02128044994125844
4.55,0.3242538569477964,0.33102682538640965,-0.006772968438613247
4.6000000000000005,0.30069595676506644,0.29475166736246533,0.005944289402601111
4.65,0.2600184217261898,0.2558216454443401,0.004196776281849668
4.7,0.18349141733922847,0.19892803454903402,-0.015436617209805548
4.75,0.0932941368204071,0.13249225350871696,-0.03919811668830986
4.800000000000001,0.027266644452374342,0.07397261561494796,-0.04670597116257362
4.8500000000000005,-0.004416636601420105,0.026021702606196184,-0.03043833920761629
4.9,-0.030226414839302072,-0.026221441410358183,-0.004004973428943889
4.95,-0.08291185784907436,-0.09302700858663204,0.010115150737557685
5.0,-0.1573776220392239,-0.15885526857165008,0.0014776465324261856
5.050000000000001,-0.20772904942528891,-0.18788522248240028,-0.019843826942888637
5.1000000000000005,-0.18902316478741651,-0.1535595283683651,-0.035463636419051425
5.15,-0.10135772091721722,-0.06294396963613343,-0.03841375128108379
5.2,0.009793652514668827,0.049462343436756,-0.03966869092208717
5.25,0.09842284482529379,0.15334256999580007,-0.05491972517050628
5.300000000000001,0.16261837070934526,0.24855328132692367,-0.08593491061757841
5.3500000000000005,0.24309803936068064,0.35956532053121953,-0.1164672811705389
5.4,0.37622560701698043,0.5035482941143883,-0.12732268709740785
5.45,0.5481214449977548,0.6632953009561322,-0.11517385595837737
5.5,0.6955038779188026,0.791408733026269,-0.09590485510746638
5.550000000000001,0.7525437057151397,0.8418252102665164,-0.08928150455137662
5.6000000000000005,0.6985603545540328,0.7991237771470394,-0.10056342259300666
5.65,0.5630166672809835,0.6800012527753516,-0.11698458549436808
5.7,0.38864551389460134,0.5099182246385471,-0.12127271074394574
5.75,0.1946191159182738,0.3021856493182744,-0.10756653340000061
5.800000000000001,-0.021590530695251766,0.0626935927620648,-0.08428412345731658
5.8500000000000005,-0.2476160968338367,-0.18443359234314638,-0.06318250449069032
5.9,-0.4264973730825322,-0.37885044299022363,-0.04764693009230858
5.95,-0.47057277404181924,-0.43847123713119485,-0.032101536910624395
6.0,-0.31412905242737943,-0.30297726308796447,-0.011151789339414964
6.050000000000001,0.03664739267768922,0.02363996446479052,0.013007428212898697
6.1000000000000005,0.4955232500665969,0.46270665779571213,0.03281659227088479
6.15,0.9333479999655103,0.8900654520089472,0.04328254795656317
6.2,1.2309618637826902,1.185266088292226,0.04569577549046433
6.25,1.3160039980966858,1.272541119625091,0.04346287847159469
6.300000000000001,1.174144619409608,1.1374755586902827,0.036669060719325186
6.3500000000000005,0.844520230543946,0.8209850731474815,0.0235351573964645
6.4,0.4080041348064918,0.40038678582822496,0.007617348978266825
6.45,-0.03440959602182861,-0.03510457955985132,0.0006949835380227129
6.5,-0.3958857935453767,-0.41031369435651205,0.014427900811135375
6.550000000000001,-0.6378227385445278,-0.68474115012556,0.04691841158103227
6.6000000000000005,-0.7790958372975605,-0.857823851806606,0.07872801450904554
6.65,-0.868341367659581,-0.9540632609720421,0.08572189331246105
6.7,-0.9382005762237821,-0.9973615700014994,0.05916099377771733
6.75,-0.9798541147300177,-0.9942146155922311,0.01436050086221341
6.800000000000001,-0.9603907135869089,-0.9391429338253255,-0.02124777976158332
6.8500000000000005,-0.8655611073110939,-0.8353979785206814,-0.030163128790412497
6.9,-0.7245783167336596,-0.708043902078039,-0.016534414655620555
6.95,-0.5895998484162089,-0.59218733157457,0.0025874831583611035
7.0,-0.48739009206470457,-0.5036561871678812,0.016266095103176614
7.050000000000001,-0.3909292816719607,-0.42010861925145043,0.029179337579489706
7.1000000000000005,-0.24295047127299044,-0.2956390815140187,0.05268861024102825
7.15,-0.014611424314816476,-0.10291157585626942,0.08830015154145295
7.2,0.2529033851789967,0.13072002477010877,0.12218336040888791
7.25,0.4633927255838884,0.32613348291813216,0.13725924266575623
7.300000000000001,0.5271884515549662,0.39691353595096696,0.13027491560399923
7.3500000000000005,0.4189028582045132,0.3033325648453471,0.11557029335916608
7.4,0.1867166567463737,0.07569724146419243,0.11101941528218126
7.45,-0.08741758383979019,-0.20776624585368497,0.12034866201389478
7.5,-0.3375122097342615,-0.4674505432662542,0.1299383335319927
7.550000000000001,-0.5338143598522465,-0.6570052368044158,0.12319087695216935
7.6000000000000005,-0.6685851462000776,-0.7659758319285145,0.0973906857284369
7.65,-0.7345913691706534,-0.8002598928073246,0.0656685236366712
7.7,-0.7232541969173877,-0.7657237518879445,0.04246955497055682
7.75,-0.6416414381915329,-0.6697919890168934,0.028150550825360554
7.800000000000001,-0.5240832525252528,-0.5331358981578306,0.009052645632577794
7.8500000000000005,-0.41938439718260645,-0.3924601454370707,-0.026924251745535754
7.9,-0.3610803910059777,-0.28563776363618454,-0.07544262736979318
7.95,-0.346955729427984,-0.2298266022371096,-0.11712912719087443
8.0,-0.345733290432734,-0.2114431251463239,-0.13429016528641008
8.05,-0.3229949181431988,-0.1963709591110667,-0.1266239590321321
8.1,-0.26189574574490765,-0.15103837898667588,-0.11085736675823177
8.15,-0.1627732693814584,-0.057566088086886874,-0.10520718129457152
8.200000000000001,-0.028599885172560482,0.08522549586255107,-0.11382538103511156
8.25,0.14391815570057606,0.2691139707057465,-0.12519581500517044
8.3,0.35698627747177564,0.48121957614417815,-0.12423329867240251
8.35,0.5971389086760568,0.702626582227279,-0.10548767355122224
8.4,0.8310264773748056,0.9069043626900989,-0.07587788531529327
8.450000000000001,1.018284808836113,1.0651966107604331,-0.04691180192432021
8.5,1.1304357494042103,1.1561495327820952,-0.02571378337788488
8.55,1.1591888026854718,1.171984959137882,-0.012796156452410168
8.6,1.1093155284816267,1.1152135336817641,-0.005898005200137391
8.65,0.987100250632346,0.9906736737127733,-0.003573423080427296
8.700000000000001,0.7983109763910148,0.8030756643255457,-0.004764687934530887
8.75,0.557153014867076,0.5639429289052237,-0.00678991403814766
8.8,0.2937208274422561,0.299817735289696,-0.006096907847439936
8.85,0.04731404137761992,0.04922250494726203,-0.0019084635696421104
8.9,-0.15277790051316234,-0.15450607891466425,0.001728178401501912
8.950000000000001,-0.30323168236374143,-0.30217393467153586,-0.0010577476922055684
9.0,-0.42403443331534146,-0.4118850277664861,-0.012149405548855352
9.05,-0.5371587842534058,-0.5104761846071368,-0.026682599646268956
9.1,-0.6427292874017109,-0.6064182053756522,-0.036311082026058705
9.15,-0.7115399937371962,-0.6763309908390378,-0.035209002898158426
9.200000000000001,-0.7001112450181761,-0.6771548917434707,-0.022956353274705465
9.25,-0.5776798525440509,-0.5753222886202877,-0.002357563923763184
9.3,-0.3469642556117192,-0.37105583729711394,0.02409158168539477
9.35,-0.04656824958581084,-0.10114441984507026,0.05457617025925942
9.4,0.26400629105376033,0.17855134461633482,0.08545494643742552
9.450000000000001,0.5258091864580218,0.41533569643014573,0.11047349002787604
9.5,0.6964154323372848,0.5719095901931908,0.12450584214409399
9.55,0.754981996765997,0.6264917887963553,0.12849020796964172
9.600000000000001,0.6990870077146997,0.569845724749661,0.12924128296503867
9.65,0.5401561672445089,0.4076595466461,0.1324966205984089
9.700000000000001,0.30215270066818717,0.16666176092251953,0.13549093974566764
9.75,0.02215261620489509,-0.10532779549041478,0.12748041169530988
9.8,-0.25310142539282116,-0.35251566387574357,0.09941423848292241
9.850000000000001,-0.4787715776633566,-0.5329264329298891,0.054154855266532465
9.9,-0.6279229370728876,-0.634731417860409,0.006808480787521387
9.950000000000001,-0.7010947068334356,-0.6748132574448806,-0.026281449388554923
10.0,-0.7201058234860837,-0.6800214675032141,-0.040084355982869524
10.05,-0.7082187747934002,-0.6649767446517607,-0.04324203014163952
10.100000000000001,-0.6713479387766519,-0.623112740914296,-0.04823519786235586
10.15,-0.5963303140305187,-0.537210355565075,-0.05911995846544371
10.200000000000001,-0.46869334179020067,-0.40013561044116985,-0.06855773134903081
10.25,-0.2945247585563757,-0.22828589689663054,-0.06623886165974519
10.3,-0.1056922264643615,-0.05607151848528312,-0.049620707979078374
10.350000000000001,0.05853677121683681,0.08495826949977334,-0.02642149828293653
10.4,0.1789052969823105,0.18629097530706137,-0.007385678324750872
10.450000000000001,0.26885629649669424,0.26635811643094687,0.0024981800657473685
10.5,0.36126332046091253,0.3555065989791961,0.005756721481716409
10.55,0.48083035236059024,0.47386932060125336,0.006961031759336878
10.600000000000001,0.625371521453547,0.6181036918997742,0.007267829553772809
10.65,0.7689322470897998,0.7640322308799518,0.004900016209848035
10.700000000000001,0.87885999762084,0.8790961907907546,-0.00023619316991463357
10.75,0.9288837853414748,0.9333183314613888,-0.004434546119914007
10.8,0.9001820066684568,0.9038874591103533,-0.003705452441896462
10.850000000000001,0.7795556783802113,0.7782703716639132,0.001285306716298118
10.9,0.5674824697575156,0.5622151114377867,0.00526735831972891
10.950000000000001,0.2936624955724428,0.2896530835112505,0.0040094120611922635
11.0,0.020930845972053327,0.021811719345825615,-0.0008808733737722882
11.05,-0.17809139863714846,-0.17402650992676,-0.004064888710388459
11.100000000000001,-0.2622571409340928,-0.25870861098586556,-0.0035485299482272414
11.15,-0.24913093474604317,-0.24492557987143204,-0.004205354874611128
11.200000000000001,-0.2018592119318164,-0.18953943939295348,-0.012319772538862933
11.25,-0.18249035027433255,-0.1564681856781477,-0.026022164596184866
11.3,-0.20944883508829107,-0.1767936346198776,-0.03265520046841347
11.350000000000001,-0.25453326374467156,-0.23627781281225685,-0.018255450932414707
11.4,-0.27918944587357003,-0.29770033655582345,0.018510890682253422
11.450000000000001,-0.2741010992284279,-0.3359922664579493,0.06189116722952137
11.5,-0.26501456874559454,-0.35499758584727353,0.089983017101679
11.55,-0.2823627207928096,-0.37421849751772984,0.09185577672492024
11.600000000000001,-0.328194354754153,-0.40305268199178906,0.07485832723763608
11.65,-0.37514647517016114,-0.4304384607701148,0.05529198559995363
11.700000000000001,-0.39776721209017807,-0.4397773807669198,0.04201016867674173
11.75,-0.4019279995119651,-0.43137492315471254,0.029446923642747425
11.8,-0.41930798611082465,-0.42605270678096024,0.0067447206701355955
11.850000000000001,-0.47027112276603694,-0.44323690611158667,-0.02703421665445027
11.9,-0.5326507466459326,-0.4746511917167015,-0.05799955492923109
11.950000000000001,-0.5502130437039627,-0.4815955920380502,-0.06861745166591254
12.0,-0.47566891721237514,-0.4215804593460655,-0.05408845786630967
12.05,-0.3082359420237755,-0.2807989220973356,-0.02743701992643993
12.100000000000001,-0.09066939253102693,-0.0825894801356716,-0.008079912395355326
12.15,0.1291895598972902,0.1343003718898584,-0.005110811992568215
12.200000000000001,0.33261700614304834,0.3440316785113504,-0.01141467236830207
12.25,0.5262819017709655,0.5396352653897765,-0.01335336361881101
12.3,0.7073672639557705,0.7125420205683801,-0.005174756612609577
12.350000000000001,0.8375344105036389,0.8309744290686796,0.006559981434959283
12.4,0.8574445756600828,0.8454682381606997,0.011976337499383094
12.450000000000001,0.7320254469709189,0.7224085927443955,0.009616854226523364
12.5,0.48425746714142504,0.47636575242707146,0.00789171471435357
12.55,0.1850065227824679,0.17031308417901256,0.014693438603455344
12.600000000000001,-0.09162506115998675,-0.11810188899113844,0.026476827831151684
12.65,-0.30629557316532885,-0.33525304817478246,0.028957475009453615
12.700000000000001,-0.4545860762145985,-0.4643676567689594,0.009781580554360902
12.75,-0.5381605741098735,-0.5094879580188421,-0.028672616091031444
12.8,-0.544028486926996,-0.4754214692439479,-0.06860701768304811
12.850000000000001,-0.45692172053157065,-0.36774940013882607,-0.08917232039274459
12.9,-0.29112543853789197,-0.20987212553465356,-0.0812533130032384
12.950000000000001,-0.10411056235353702,-0.05125719510147734,-0.052853367252059684
13.0,0.029364048607516832,0.05161694962049976,-0.022252901012982926
13.05,0.0638892632239265,0.06969284822125303,-0.0058035849973265274
13.100000000000001,0.009448560305672187,0.01875527338051321,-0.009306713074841023
13.15,-0.08596234523052418,-0.059141230927886174,-0.026821114302638005
13.200000000000001,-0.17887023903245922,-0.13378696996859396,-0.045083269063865256
13.25,-0.2572933859508883,-0.20711031458646456,-0.05018307136442374
13.3,-0.329507924226041,-0.29517463994824544,-0.034333284277795584
13.350000000000001,-0.3913770446156802,-0.3906273953064555,-0.0007496493092246648
13.4,-0.4097341520932156,-0.4461935037264583,0.036459351633242654
13.450000000000001,-0.3413727283325065,-0.4008100496808561,0.059437321348349614
13.5,-0.17002241889553973,-0.22785031914755174,0.05782790025201201
13.55,0.07477333396112039,0.03856892534557575,0.036204408615544637
13.600000000000001,0.3349862641845478,0.3240716931921559,0.010914570992391903
13.65,0.5606729951865584,0.5628717695001101,-0.0021987743135516435
13.700000000000001,0.7320384579061976,0.7314292452042348,0.0006092127019627913
13.75,0.8501506123893302,0.840280726801086,0.009869885588244198
13.8,0.9112923335481588,0.8984896059761491,0.01280272757200962
13.850000000000001,0.8944690034903552,0.8896239422189737,0.004845061271381512
13.9,0.7759123214547096,0.7834240920748923,-0.007511770620182712
13.950000000000001,0.5562342839508292,0.5702927153199935,-0.014058431369164293
14.0,0.27361853247851353,0.283902794947983,-0.010284262469469452
14.05,-0.009588648148654292,-0.009641542040244354,5.2893891590062234e-05
14.100000000000001,-0.2353641660943072,-0.2455232591981252,0.010159093103818018
14.15,-0.3715055242561694,-0.3879069890850293,0.016401464828859902
14.200000000000001,-0.41453374490697786,-0.4336207587460454,0.019087013839067524
14.25,-0.37997922772117715,-0.3986544898873451,0.01867526216616794
14.3,-0.29271697669690244,-0.3061849895437343,0.013468012846831856
14.350000000000001,-0.1824808523274766,-0.18457593361740707,0.002095081289930467
14.4,-0.08004363325497388,-0.06728005691772734,-0.012763576337246535
14.450000000000001,-0.009563628485937557,0.015652592615035623,-0.025216221100973178
14.5,0.019539841015855125,0.05127994220406689,-0.031740101188211765
14.55,0.0136643244664126,0.0485077769896145,-0.034843452523201895
14.600000000000001,-0.012608205616596674,0.026439541931226534,-0.03904774754782321
14.65,-0.04547514941104981,-0.0030896695864442696,-0.04238547982460554
14.700000000000001,-0.0740905815968521,-0.04038278730772198,-0.033707794289130115
14.75,-0.08708334098754347,-0.08518790744471512,-0.0018954335428283536
14.8,-0.0727053186359242,-0.12254784043669484,0.049842521800770645
14.850000000000001,-0.027974473902034933,-0.12748650915619975,0.09951203525416481
14.9,0.030795096001707038,-0.08879155649072312,0.11958665249243017
14.950000000000001,0.0704296947571026,-0.028247848941000225,0.09867754369810283
15.0,0.060713003944778035,0.008620172855599496,0.05209283108917854
15.05,-0.002674296174542372,-0.012896386114222877,0.010222089939680505
15.100000000000001,-0.09372155692491642,-0.08784462311479858,-0.005876933810117835
15.15,-0.17707839799922412,-0.17737532038028214,0.0002969223810580235
15.200000000000001,-0.236749024697749,-0.24501134730281668,0.008262322605067679
15.25,-0.2850820536337788,-0.28779666040721597,0.002714606773437156
15.3,-0.34204664213531993,-0.3302671750753798,-0.011779467059940152
15.350000000000001,-0.40426837633469154,-0.38668815016455554,-0.017580226170135993
15.4,-0.43579192214823437,-0.4313487894423833,-0.004443132705851061
15.450000000000001,-0.39383639859326736,-0.41163989214039887,0.01780349354713151
15.5,-0.26920416069787206,-0.2967510283222104,0.027546867624338334
15.55,-0.10467401992696529,-0.11690897784154514,0.012234957914579847
15.600000000000001,0.027619702407616083,0.04705762697208419,-0.019437924564468106
15.65,0.07286143686361105,0.11918976828546192,-0.046328331421850874
15.700000000000001,0.026486419172034766,0.08214885094311901,-0.05566243177108424
15.75,-0.07118698387808403,-0.01621161064453886,-0.05497537323354517
15.8,-0.16925590162408416,-0.10574597930449786,-0.0635099223195863
15.850000000000001,-0.23744529560923822,-0.14543872662049848,-0.09200656898873974
15.9,-0.27027194287112066,-0.13940628944923183,-0.13086565342188883
15.950000000000001,-0.2683075215521305,-0.11064258534948954,-0.15766493620264097
16.0,-0.2205758413715624,-0.06462952457961808,-0.15594631679194432
16.05,-0.10640511232383436,0.02096583519432491,-0.12737094751815928
16.1,0.08714440066615475,0.17465526569977957,-0.08751086503362482
16.150000000000002,0.3509459708296877,0.40283042371752514,-0.05188445288783744
16.2,0.6551514607028478,0.681602053372765,-0.026450592669917228
16.25,0.9611634863991526,0.9705862901025095,-0.009422803703356908
16.3,1.230080152964088,1.2287219560850702,0.0013581968790177257
16.35,1.4216728820806879,1.416363003040785,0.005309879039902876
16.400000000000002,1.4924955128293764,1.4898643745573759,0.002631138272000566
16.45,1.405020797886817,1.4071021791171363,-0.0020813812303193124
16.5,1.1473123835699357,1.1497460384363347,-0.0024336548663990154
16.55,0.7481335471031001,0.744961253639321,0.003172293463779119
16.6,0.2721486942643884,0.26295605317035237,0.009192641094036058
16.650000000000002,-0.2043860685098433,-0.213211090537672,0.0088250220278287
16.7,-0.6205992352897279,-0.622776383020282,0.0021771477305541076
16.75,-0.9428321694674986,-0.9398591929879723,-0.0029729764795263236
16.8,-1.1583722353349697,-1.158525201818546,0.00015296648357621123
16.85,-1.2634891694376915,-1.27178158724801,0.008292417810318531
16.900000000000002,-1.2592447347009104,-1.2687451204734923,0.009500385772581943
16.95,-1.1561792119395684,-1.1512045332343677,-0.004974678705200741
17.0,-0.9776680308582512,-0.9474669062762331,-0.03020112458201807
17.05,-0.7535773227429285,-0.7033294196906391,-0.05024790305228943
17.1,-0.507852744078589,-0.4552354700148118,-0.05261727406377725
17.150000000000002,-0.2518172437303073,-0.2116011872293116,-0.04021605650099569
17.2,0.010122207580133347,0.03839339580956684,-0.028271188229433496
17.25,0.268460450396098,0.29721883249543246,-0.028758382099334456
17.3,0.50282629168562,0.5409266985252055,-0.03810040683958549
17.35,0.6880319248616232,0.7290228343401576,-0.04099090947853434
17.400000000000002,0.8048046314257767,0.8314937277083887,-0.026689096282611957
17.45,0.8436968195279889,0.8446952060213214,-0.0009983864933325037
17.5,0.7995421047938485,0.7808214198325444,0.01872068496130408
17.55,0.6660268850347695,0.6453278141885086,0.02069907084626088
17.6,0.4412981349009017,0.43081820854338343,0.010479926357518266
17.650000000000002,0.14320327296488647,0.13830447110603314,0.00489880185885333
17.7,-0.18083431732392688,-0.1949651935724077,0.014130876248480834
17.75,-0.4639788775575789,-0.49401403123558063,0.030035153678001747
17.8,-0.6487665773872086,-0.6817619896077516,0.03299541222054303
17.85,-0.7155829707555903,-0.7266472160343563,0.011064245278766038
17.900000000000002,-0.6898371014714998,-0.6628248623751105,-0.02701223909638928
17.95,-0.6229251886538548,-0.5655546882054031,-0.05737050044845171
18.0,-0.5620655959593137,-0.5021271619940261,-0.05993843396528764
18.05,-0.530446066632383,-0.4969442998668779,-0.03350176676550515
18.1,-0.5275340110106714,-0.5329416090746034,0.005407598063931984
18.150000000000002,-0.5419131041767719,-0.5785365183439295,0.03662341416715764
18.2,-0.5615653273654108,-0.6113329890392288,0.049767661673818075
18.25,-0.5738743201004184,-0.6206693586964737,0.04679503859605527
18.3,-0.5603502058176029,-0.595655139255603,0.03530493343800012
18.35,-0.4962991103175662,-0.5179272038697047,0.021628093552138516
18.400000000000002,-0.35970757507299195,-0.36919209558859883,0.009484520515606887
18.45,-0.14402524353068455,-0.14602532502843651,0.0020000814977519654
18.5,0.13408761118445509,0.13230776273218625,0.001779848452268834
18.55,0.4366235436658744,0.428522505139061,0.008101038526813431
18.6,0.7138816966614047,0.6983216882978027,0.01556000836360194
18.650000000000002,0.9176564032778866,0.9000280194691833,0.01762838380870324
18.7,1.0149134392750572,1.00241751992957,0.012495919345487216
18.75,0.9991809448905904,0.9942733557460042,0.004907589144586222
18.8,0.8945633467161851,0.8931582942365522,0.0014050524796328512
18.85,0.7466666524505328,0.7430353013137185,0.0036313511368142315
18.900000000000002,0.6007313629943715,0.5939414206327354,0.006789942361636103
18.95,0.4778161526032644,0.4729778163715398,0.004838336231724583
19.0,0.36546663672024776,0.3689036624818102,-0.003437025761562462
19.05,0.23198142044815448,0.2461709517945927,-0.014189531346438217
19.1,0.05627745106468056,0.08027839421179103,-0.024000943147110473
19.150000000000002,-0.14794273896704307,-0.11376441798020472,-0.03417832098683836
19.200000000000003,-0.3321977612331864,-0.2839742595297677,-0.048223501703418714
19.25,-0.43798705821323375,-0.37291967718807073,-0.06506738102516302
19.3,-0.4284595661683678,-0.35200774615836866,-0.07645182000999912
19.35,-0.30547624580164956,-0.23245276176234347,-0.07302348403930609
19.400000000000002,-0.10379832776483094,-0.049950596582916354,-0.05384773118191459
19.450000000000003,0.12827313913546023,0.1573783437228629,-0.029105204587402678
19.5,0.3457392060899328,0.3576932130202977,-0.011954006930364913
19.55,0.513078757695124,0.5200521626296024,-0.0069734049344784
19.6,0.6041536112294889,0.6110754948732693,-0.006921883643780435
19.650000000000002,0.6044542530806699,0.6058732881606048,-0.001419035079934905
19.700000000000003,0.5172912131270141,0.5059444180009167,0.011346795126097375
19.75,0.3665438360860993,0.3442100198637272,0.022333816222372127
19.8,0.18856260695256505,0.16702405834582168,0.02153854860674337
19.85,0.01566149488617579,0.005912835153296308,0.009748659732879483
19.900000000000002,-0.13688729097025526,-0.13622542086044126,-0.0006618701098140001
19.950000000000003,-0.2699173637298298,-0.2723771070041264,0.0024597432742965997
20.0,-0.3871055499124988,-0.4055052587924687,0.01839970887996989
20.05,-0.48217138159032674,-0.5154823726535457,0.03331099106321894
20.1,-0.5384653087157214,-0.5716101921301622,0.03314488341444077
20.150000000000002,-0.540543674676495,-0.5575862396494023,0.017042564972907348
20.200000000000003,-0.4856058051685367,-0.48344651292966656,-0.0021592922388701252
20.25,-0.38323531600708094,-0.37263858011950174,-0.0105967358875792
20.3,-0.24427567560466526,-0.2380008149852054,-0.0062748606194598655
20.35,-0.07146714478094912,-0.07203490525610357,0.0005677604751544441
20.400000000000002,0.13649121911728854,0.13725730038797967,-0.000766081270691138
20.450000000000003,0.36923266525941884,0.3794243136689325,-0.010191648409513643
20.5,0.5922274931378029,0.6098434077947759,-0.017615914656972986
20.55,0.7519839350670006,0.7662154224997566,-0.01423148743275604
20.6,0.7990179235549816,0.8009531334525224,-0.0019352098975408127
20.650000000000002,0.71302376746601,0.7039243773571758,0.009099390108834204
20.700000000000003,0.5120160968107863,0.500133669284563,0.01188242752622326
20.75,0.23988669731083392,0.22911536736348104,0.010771329947352887
20.8,-0.0566203358243268,-0.07414529309288483,0.017524957268558024
20.85,-0.3443856237848307,-0.3833286443109024,0.03894302052607174
20.900000000000002,-0.605115010655332,-0.6733418624924644,0.0682268518371324
20.950000000000003,-0.826425074309092,-0.9147638573185575,0.08833878300946552
21.0,-0.9945966833973395,-1.0787141341748931,0.08411745077755362
21.05,-1.0956825637918997,-1.1482124559507514,0.05252989215885173
21.1,-1.121766896648689,-1.1253962600214882,0.003629363372799288
21.150000000000002,-1.0747542921398892,-1.0285291286636944,-0.046225163476194764
21.200000000000003,-0.9643406123563167,-0.882210775345904,-0.08212983701041277
21.25,-0.8037333358751758,-0.7087108079545892,-0.09502252792058663
21.3,-0.6082988575941752,-0.5248912203677978,-0.08340763722637745
21.35,-0.39744376020435923,-0.3432232054537613,-0.05422055475059795
21.400000000000002,-0.19501845903078488,-0.17346260146802545,-0.021555857562759434
21.450000000000003,-0.024635754403289595,-0.024024921483075345,-0.0006108329202142507
21.5,0.09756119462528401,0.09590138677579714,0.001659807849486869
21.55,0.16627216083144336,0.17426184064901296,-0.007989679817569595
21.6,0.18365104958192557,0.1977794830657128,-0.014128433483787228
21.650000000000002,0.15373755488550014,0.15986414552690426,-0.006126590641404112
21.700000000000003,0.08205124581491323,0.07101806369524997,0.011033182119663254
21.75,-0.018467885048892786,-0.03761702638963171,0.01914914134073892
21.8,-0.12302886804451096,-0.12465558815985914,0.0016267201153481736
21.85,-0.2011076360466887,-0.15930077768144812,-0.04180685836524056
21.900000000000002,-0.23193654848653572,-0.13843868847473648,-0.09349786001179924
21.950000000000003,-0.21584960223650315,-0.08530464719985775,-0.1305449550366454
22.0,-0.16755626508537538,-0.027347444272462416,-0.14020882081291297
22.05,-0.09285709579183431,0.03231878219718067,-0.12517587798901497
22.1,0.031094196582142783,0.12763728970078803,-0.09654309311864524
22.150000000000002,0.24915406881619545,0.3129277769418241,-0.06377370812562866
22.200000000000003,0.5920647832024426,0.623604546734861,-0.031539763532418386
22.25,1.0351012823780275,1.0389284200689657,-0.0038271376909382315
22.3,1.4860416200789603,1.473233670746169,0.01280794933279128
22.35,1.8182429192725091,1.8052670687215981,0.012975850550910994
22.400000000000002,1.9303110760369728,1.9306752520600325,-0.00036417602305971464
22.450000000000003,1.7926462578415319,1.8073020332795446,-0.014655775438012775
22.5,1.4514040389788587,1.467863275761605,-0.0164592367827463
22.55,0.9933358823042036,0.9963600525381345,-0.0030241702339309784
22.6,0.502255780237494,0.4874055456426423,0.01485023459485163
22.650000000000002,0.0372893486031081,0.014948452146827405,0.022340896456280693
22.700000000000003,-0.36185485026334646,-0.37554313223049807,0.013688281967151605
22.75,-0.6617846659223604,-0.6579683470565062,-0.003816318865854207
22.8,-0.8355901713166524,-0.8172431279073582,-0.01834704340929416
22.85,-0.8777963982372822,-0.8526674724307787,-0.0251289258065035
22.900000000000002,-0.8161704090637754,-0.7873539883077539,-0.02881642075602142
22.950000000000003,-0.7031270290594978,-0.6684758464176671,-0.03465118264183065
23.0,-0.5891228799271038,-0.5502683712298287,-0.038854508697275025
23.05,-0.4987171888536663,-0.46878175199598876,-0.029935436857677522
23.1,-0.42831965659191445,-0.4273730283777354,-0.0009466282141790683
23.150000000000002,-0.36472647947244147,-0.404388887781739,0.039662408309297514
23.200000000000003,-0.3051630894833446,-0.37598522795751954,0.07082213847417496
23.25,-0.2604524255616853,-0.3349212287608791,0.0744688031991938
23.3,-0.2412405921920671,-0.29159457141721423,0.050353979225147144
23.35,-0.24397841825996217,-0.26058100012795427,0.0166025818679921
23.400000000000002,-0.2520656986486482,-0.24771202748388851,-0.0043536711647596815
23.450000000000003,-0.25059253394353953,-0.24868967926276334,-0.0019028546807761948
23.5,-0.23859386020510373,-0.25632029175347976,0.017726431548376026
23.55,-0.2255763357851266,-0.26510741577953034,0.03953107999440375
23.6,-0.2158427421359429,-0.2675018421163806,0.05165909998043772
23.650000000000002,-0.19710809330655626,-0.24817353445685944,0.051065441150303176
23.700000000000003,-0.1456910632562128,-0.18675048888259677,0.041059425626383955
23.75,-0.04383899765637354,-0.07033094256690368,0.02649194491053014
23.8,0.1070236649610977,0.09513302246323112,0.011890642497866588
23.85,0.2882827996132228,0.2863791401944707,0.0019036594187520905
23.900000000000002,0.4766223895574983,0.47649113096807183,0.00013125858942647506
23.950000000000003,0.6526963143062936,0.6470601265789181,0.005636187727375508
24.0,0.7983599256054885,0.786927677230703,0.011432248374785514
24.05,0.8899294451059513,0.8810099302925677,0.0089195148133836
24.1,0.901178364751067,0.9052811723850333,-0.004102807633966199
24.150000000000002,0.8192866409982992,0.8387992643231089,-0.01951262332480974
24.200000000000003,0.6603513595690728,0.6845289819076232,-0.024177622338550475
24.25,0.46685538701837803,0.4777753122445768,-0.010919925226198779
24.3,0.2842979017029069,0.26974657896096504,0.014551322741941874
24.35,0.1345728387163581,0.09734692622141543,0.037225912494942684
24.400000000000002,0.008858172907566795,-0.03491147370522962,0.04376964661279642
24.450000000000003,-0.11402893489804893,-0.14531891113759424,0.03128997623954531
24.5,-0.24139407111139494,-0.24853812179523202,0.007144050683837083
24.55,-0.3574128942852434,-0.33916949860499296,-0.018243395680250463
24.6,-0.43901098742854755,-0.4009588547535176,-0.03805213267502994
24.650000000000002,-0.48023715933182753,-0.4299897645668517,-0.05024739476497586
24.700000000000003,-0.5000729965567815,-0.44515717279832595,-0.05491582375845555
24.75,-0.5252250525765545,-0.472705609790843,-0.05251944278571152
24.8,-0.5648504131048743,-0.5200399563464686,-0.04481045675840567
24.85,-0.6029406445996477,-0.5672357683900826,-0.035704876209565084
24.900000000000002,-0.6168973306005847,-0.5875172297805362,-0.029380100820048494
24.950000000000003,-0.6042157523116023,-0.577152649009847,-0.02706310330175532
25.0,-0.5896808128995715,-0.5630487224279095,-0.02663209047166204
25.05,-0.6033440237684765,-0.5770929418845497,-0.026251081883926775
25.1,-0.648144437856395,-0.6202308533739386,-0.0279135844824564
25.150000000000002,-0.6875936991782422,-0.6517327325010893,-0.03586096667715288
25.200000000000003,-0.6666663175942975,-0.6161634074511775,-0.05050291014312003
25.25,-0.548916443534863,-0.4842494303170077,-0.06466701321785534
25.3,-0.3384457569978943,-0.2705227256916388,-0.06792303130625549
25.35,-0.07020415911185596,-0.01398109224755512,-0.05622306686430084
25.400000000000002,0.21837161637572766,0.2554593509718257,-0.03708773459609804
25.450000000000003,0.5056703008128747,0.5293481729693814,-0.02367787215650674
25.5,0.7782725263753549,0.800675994133346,-0.02240346775799107
25.55,1.009561865984113,1.036097245059932,-0.026535379075818932
25.6,1.1520271170128957,1.1753132011478433,-0.023286084134947593
25.650000000000002,1.1577090875883314,1.1656648059368389,-0.007955718348507501
25.700000000000003,1.0124214991512057,1.0027229250396115,0.00969857411159425
25.75,0.753012817281225,0.7381793995141663,0.01483341776705871
25.8,0.44972927249518874,0.4454715197228408,0.004257752772347911
25.85,0.16641622365179295,0.17333785893567794,-0.00692163528388498
25.900000000000002,-0.06885045808541614,-0.07127209779461562,0.00242163970919948
25.950000000000003,-0.2599080348215607,-0.2982055160248546,0.038297481203293904
26.0,-0.4131038013698069,-0.49512638743554666,0.08202258606573976
26.05,-0.5128640426570411,-0.6160161800829296,0.10315213742588847
26.1,-0.5269476243234552,-0.6117925303051751,0.0848449059817199
26.150000000000002,-0.43741194037738584,-0.4766096423144601,0.03919770193707428
26.200000000000003,-0.26851431796138325,-0.26706011348802944,-0.001454204473353815
26.25,-0.08448115540357264,-0.07463328522317873,-0.009847870180393903
26.3,0.04379487658299999,0.027826868936393627,0.015968007646606365
26.35,0.07755596801926229,0.02401298699845106,0.05354298102081123
26.400000000000002,0.02530098022595351,-0.04980796050730356,0.07510894073325707
26.450000000000003,-0.07393681980236842,-0.14144418437313264,0.06750736457076421
26.5,-0.18165286104212222,-0.2195063282085988,0.037853467166476584
26.55,-0.27964841543517416,-0.2836859876986474,0.0040375722634732325
26.6,-0.36690548591683625,-0.34781311520733504,-0.019092370709501205
26.650000000000002,-0.4429065311405745,-0.4158453958644256,-0.027061135276148895
26.700000000000003,-0.4956080258206764,-0.47132241913757444,-0.02428560668310198
26.75,-0.5036995367936792,-0.48522406624233344,-0.01847547055134574
26.8,-0.4479815784687818,-0.43217364124837365,-0.01580793722040813
26.85,-0.32051597461156567,-0.30231830177429087,-0.018197672837274803
26.900000000000002,-0.12644359606211017,-0.10429083061449622,-0.02215276544761395
26.950000000000003,0.1172550648708715,0.13683920536768532,-0.019584140496813812
27.0,0.3803639662852989,0.3815836748543458,-0.0012197085690469067
27.05,0.6171689172957557,0.5784472667692209,0.03872165052653487
27.1,0.7717707597613679,0.672305069223517,0.09946569053785093
27.150000000000002,0.7960452894719477,0.6228609025341372,0.17318438693781057
27.200000000000003,0.673493758906961,0.4287132521356531,0.24478050677130786
27.25,0.43331463532079556,0.14282675470398548,0.2904878806168101
27.3,0.14276646996384942,-0.13669792524113247,0.2794643952049819
27.35,-0.11962303940816309,-0.30522484377908216,0.18560180437091905
27.400000000000002,-0.29426794308790183,-0.30354480746801593,0.009276864380114103
27.450000000000003,-0.3574005790646874,-0.15154638861110833,-0.20585419045357908
27.5,-0.3188249181713362,0.06310482941769081,-0.381929747589027
27.55,-0.20756393391902245,0.2398569870521357,-0.44742092097115815
27.6,-0.05705025136178461,0.3287026731866716,-0.3857529245484562
27.650000000000002,0.10322711667809513,0.3557655285594093,-0.25253841188131415
27.700000000000003,0.24998500141100347,0.38994637619983175,-0.13996137478882828
27.75,0.3657813233895748,0.47571946964822753,-0.10993814625865272
27.8,0.43804740204362713,0.5868914798632677,-0.1488440778196406
27.85,0.4578933325964902,0.6414394872620841,-0.18354615466559393
27.900000000000002,0.4198052787781733,0.5671920767646301,-0.14738679798645682
27.950000000000003,0.3242482178340883,0.3639069004783899,-0.03965868264430161
28.0,0.18287040346373118,0.10874336296693202,0.07412704049679916
28.05,0.02154819740626296,-0.10008173374183785,0.1216299311481008
28.1,-0.12460743007922116,-0.21362012521142115,0.08901269513219999
28.150000000000002,-0.22449322892109075,-0.2573541191881109,0.03286089026702016
28.200000000000003,-0.26435036042857607,-0.29257077992864594,0.02822041950006987
28.25,-0.25079373052362575,-0.35120587074690607,0.10041214022328032
28.3,-0.2011268961940372,-0.40288379849540706,0.20175690230136986
28.35,-0.1302462539762166,-0.3821908657863305,0.25194461181011385
28.400000000000002,-0.04691672735017224,-0.25069143669531624,0.203774709345144
28.450000000000003,0.03752371202094658,-0.039722266374480925,0.0772459783954275
28.5,0.09920926991055437,0.16087394680379133,-0.06166467689323696
28.55,0.10552615889989515,0.2569475344474544,-0.15142137554755924
28.6,0.035174636050418304,0.20464842099101366,-0.16947378494059534
28.650000000000002,-0.10072392977781959,0.02936435402150146,-0.13008828379932105
28.700000000000003,-0.25668886534989727,-0.1951760775777556,-0.06151278777214167
28.75,-0.37545798078709913,-0.385330440719933,0.009872459932833866
28.8,-0.4184941083165563,-0.4787996528648057,0.06030554454824938
28.85,-0.38017356162930943,-0.44881512269765256,0.06864156106834313
28.900000000000002,-0.2766380458636986,-0.30448743947229656,0.02784939360859795
28.950000000000003,-0.12435949100180559,-0.08270328776665503,-0.041656203235150555
29.0,0.06756161018794295,0.16577248636923494,-0.098210876181292
29.05,0.28330527126230204,0.39214579792060467,-0.10884052665830263
29.1,0.48189521124636026,0.5598720096851414,-0.07797679843878114
29.150000000000002,0.600505694749228,0.6443012323242602,-0.043795537575032184
29.200000000000003,0.5865428956034331,0.6270007986027094,-0.04045790299927632
29.25,0.4358527512933514,0.49748609606665734,-0.061633344773305954
29.3,0.20359561122478953,0.26789314353625376,-0.06429753231146423
29.35,-0.024908723921650347,-0.01175938087518871,-0.013149343046461637
29.400000000000002,-0.18167616012547785,-0.25931058144255886,0.07763442131708101
29.450000000000003,-0.2445178942760694,-0.39482086174693976,0.15030296747087035
29.5,-0.22740258136710184,-0.38329201466947643,0.1558894333023746
29.55,-0.1487029645285726,-0.2514464074902058,0.10274344296163321
29.6,-0.011572580575280909,-0.06237558583760527,0.050803005262324355
29.650000000000002,0.1848860614536092,0.13117427580971067,0.05371178564389853
29.700000000000003,0.418295118332082,0.31359894823829415,0.10469617009378784
29.75,0.6318315626870283,0.4904400348361487,0.14139152785087966
29.8,0.7561403222507603,0.6486278632108063,0.10751245903995399
29.85,0.7483864678026891,0.7366849667978537,0.011701501004835468
29.900000000000002,0.6149635130284293,0.6902402402507158,-0.07527672722228651
29.950000000000003,0.3993591295806383,0.4832592524652409,-0.08390012288460258
30.0,0.14888338737621845,0.15795100887841093,-0.00906762150219248
30.05,-0.10856074696114525,-0.19575482105092376,0.08719407408977851
30.1,-0.3600972206481496,-0.49395723638697087,0.13386001573882128
30.150000000000002,-0.5878564331996443,-0.6993082266913059,0.11145179349166157
30.200000000000003,-0.7602391258797718,-0.8178575840623418,0.05761845818256994
30.25,-0.8472298282546782,-0.8655573636655262,0.018327535410847973
30.3,-0.8450374021191589,-0.8445155689047175,-0.0005218332144414362
30.35,-0.783675281751809,-0.752767015651926,-0.030908266099882953
30.400000000000002,-0.7074169371256843,-0.6111079925752778,-0.0963089445504065
30.450000000000003,-0.6452240319335968,-0.4700605133430333,-0.1751635185905635
30.5,-0.5979580110289469,-0.3813057060048312,-0.21665230502411564
30.55,-0.5515550308798909,-0.3581644360514534,-0.19339059482843746
30.6,-0.49901677418619805,-0.3653786291357166,-0.13363814505048144
30.650000000000002,-0.44658336264513426,-0.35140522734750423,-0.09517813529763003
30.700000000000003,-0.3983825978922151,-0.2936237477154076,-0.10475885017680747
30.75,-0.33886853566983827,-0.2127392144394732,-0.12612932123036508
30.8,-0.2365420796136061,-0.14289201186358194,-0.09365006775002416
30.85,-0.07060257683240623,-0.0886410315105671,0.01803845467816087
30.900000000000002,0.14331694305640563,-0.013890824736301932,0.15720776779270756
30.950000000000003,0.3543889212661633,0.12334886558587604,0.23104005568028724
31.0,0.5063727347238924,0.3218392849073416,0.18453344981655084
31.05,0.5704515356289633,0.5200592835912671,0.05039225203769626
31.1,0.553258096760206,0.6285951539802459,-0.07533705722003992
31.150000000000002,0.4769607809008084,0.5856874104662945,-0.10872662956548607
31.200000000000003,0.35513166994974565,0.3927163538634089,-0.037584683913663264
31.25,0.1900629279723474,0.10847084909054405,0.08159207888180334
31.3,-0.007298448532711889,-0.18368218908435202,0.17638374055164013
31.35,-0.19913833783543797,-0.40733454742609565,0.20819620959065768
31.400000000000002,-0.32875680250717404,-0.5093369920524072,0.1805801895452332
31.450000000000003,-0.3534513689905942,-0.4675493001518108,0.11409793116121658
31.5,-0.2751598230620551,-0.299135898541766,0.023976075479710868
31.55,-0.14172211157076697,-0.06383825967830124,-0.07788385189246573
31.6,-0.01753624047271612,0.15208010783952516,-0.1696163483122413
31.650000000000002,0.05125023351899185,0.2724949614350613,-0.22124472791606944
31.700000000000003,0.05018979978921248,0.2669106980941475,-0.21672089830493504
31.75,-0.015185258061182224,0.15712775287856195,-0.1723130109397442
31.8,-0.13643348566728156,-0.010017171682787443,-0.1264163139844941
31.85,-0.3037354767579157,-0.19804431610196435,-0.10569116065595133
31.900000000000002,-0.4917406977653674,-0.3912822507944133,-0.10045844697095407
31.950000000000003,-0.6494257525273625,-0.5731740535331954,-0.07625169899416706
32.0,-0.7118500558558808,-0.6993267636956211,-0.012523292160259714
32.050000000000004,-0.6303790072375773,-0.6996614205158608,0.06928241327828344
32.1,-0.3990824615286462,-0.5162750735326803,0.11719261200403414
32.15,-0.05742981887416673,-0.1478938650398497,0.09046404616568296
32.2,0.3300177596698402,0.33649523299969125,-0.006477473329851047
32.25,0.6983506716662181,0.8256005666852722,-0.12724989501905404
32.300000000000004,0.9945440558493928,1.2118934328510436,-0.2173493770016508
32.35,1.1774068897214844,1.423533880286683,-0.2461269905651986
32.4,1.218799620218632,1.4314053489722656,-0.2126057287536336
32.45,1.1150931516164686,1.2457852121663655,-0.1306920605498969
32.5,0.9010667197718225,0.9185475554787845,-0.017480835706962017
32.550000000000004,0.6484885291151066,0.5456501201177865,0.10283840899732011
32.6,0.4407180918100693,0.24907782510879986,0.19164026670126946
32.65,0.33539998004386545,0.13001418414956828,0.20538579589429717
32.7,0.3398917341968516,0.21626635842871467,0.12362537576813692
32.75,0.41591718625876195,0.4435910169963718,-0.027673830737609872
32.800000000000004,0.5079088289069043,0.6907955056225101,-0.18288667671560588
32.85,0.5730010199845271,0.8468551775648923,-0.27385415758036513
32.9,0.5931918422806491,0.8629076733149773,-0.26971583103432817
32.95,0.5676323829112924,0.7567441405297956,-0.18911175761850318
33.0,0.4987690753550347,0.57798491341526,-0.07921583806022536
33.050000000000004,0.3872075697629288,0.3704620908311979,0.016745478931730895
33.1,0.23824174780535096,0.16048395044489772,0.07775779736045324
33.15,0.0706078070626811,-0.031930081833753114,0.10253788889643423
33.2,-0.08386789578719633,-0.18330292287292102,0.09943502708572469
33.25,-0.1923646550108767,-0.2746503077887078,0.08228565277783109
33.300000000000004,-0.23719227476360882,-0.3081500725459493,0.07095779778234046
33.35,-0.2249731301750812,-0.3107672516142877,0.0857941214392065
33.4,-0.18321727992847067,-0.3164042502198166,0.13318697029134594
33.45,-0.14716713984536856,-0.34201088643885136,0.1948437465934828
33.5,-0.14511260089108793,-0.3807393638455657,0.2356267629544778
33.550000000000004,-0.1897599944072871,-0.4180311127514302,0.22827111834414307
33.6,-0.27833416485272616,-0.45286203892956645,0.17452787407684028
33.65,-0.3986315933467354,-0.5014478695724107,0.1028162762256753
33.7,-0.5355207808591539,-0.5795790375147237,0.04405825665556984
33.75,-0.6737656679621488,-0.6823482222737075,0.008582554311558743
33.800000000000004,-0.7972852438524164,-0.782747997429251,-0.01453724642316534
33.85,-0.888638870485097,-0.8510141384505218,-0.03762473203457528
33.9,-0.9322709775919968,-0.8753665019896504,-0.05690447560234646
33.95,-0.9206724091439912,-0.8637781886218846,-0.056894220522106576
34.0,-0.858159172869799,-0.826177871310894,-0.031981301558904995
34.050000000000004,-0.7574795940234017,-0.7565740662438513,-0.0009055277795504413
34.1,-0.6306449907184535,-0.6348124755935228,0.004167484875069349
34.15,-0.48169370345384965,-0.44815514786867344,-0.03353855558517621
34.2,-0.3085024213849483,-0.21287068419156527,-0.09563173719338305
34.25,-0.1123635440818503,0.02555005792761367,-0.13791360200946398
34.300000000000004,0.0944720683515071,0.2170700180659198,-0.12259794971441271
34.35,0.2922926205425588,0.33906579121369224,-0.04677317067113346
34.4,0.4664104277489105,0.4111462652609709,0.05526416248793958
34.45,0.615610071424833,0.4803185670615084,0.13529150436332466
34.5,0.745038958255833,0.5847323747173094,0.16030658353852356
34.550000000000004,0.8471120916856894,0.7193324661567905,0.12777962552889888
34.6,0.889090956447889,0.8271547408212879,0.06193621562660112
34.65,0.8246866978830063,0.8256553976192668,-0.0009686997362604588
34.7,0.6270863536714579,0.6558747037364249,-0.02878835006496694
34.75,0.3188731673959916,0.32546623004528247,-0.006593062649290882
34.800000000000004,-0.028174247372693795,-0.0835806307222552,0.05540638334956141
34.85,-0.32818500510166576,-0.45165266004313526,0.1234676549414695
34.9,-0.5269888809694521,-0.6821073917774442,0.1551185108079921
34.95,-0.6246151288817017,-0.7470546131946437,0.12243948431294205
35.0,-0.659678546685637,-0.6891534699460825,0.02947492326044554
35.050000000000004,-0.672328285803989,-0.5826056458686452,-0.0897226399353438
35.1,-0.6780979434325559,-0.4863009352094818,-0.1917970082230741
35.15,-0.6713556428880207,-0.42389849177050526,-0.24745715111751548
35.2,-0.6479592989196161,-0.3979552162998889,-0.25000408261972723
35.25,-0.6199696937575208,-0.41363384573669304,-0.20633584802082772
35.300000000000004,-0.6059860721701966,-0.4817193946378846,-0.12426667753231202
35.35,-0.6071821501558665,-0.5957505980676089,-0.011431552088257635
35.4,-0.5949070338756727,-0.7088348592837899,0.11392782540811719
35.45,-0.5254180109892502,-0.7409462380881164,0.2155282270988662
35.5,-0.37134977234146216,-0.6209389992805382,0.24958922693907604
35.550000000000004,-0.14331440802031778,-0.3343242257381963,0.19100981771787853
35.6,0.11606556249822939,0.06018422030971869,0.055881342188510694
35.65,0.35858716708959465,0.45803477374138285,-0.0994476066517882
35.7,0.5535825146676424,0.759435391326288,-0.2058528766586456
35.75,0.6904639305952704,0.9095945490003726,-0.21913061840510217
35.800000000000004,0.7651940943776411,0.9097077850234043,-0.14451369064576325
35.85,0.7700492163823877,0.803322398456532,-0.033273182074144314
35.9,0.6999739340354553,0.6531588698207903,0.04681506421466497
35.95,0.5690785902173487,0.5181471534190909,0.050931436798257845
36.0,0.4178750173547623,0.43381474440892237,-0.01593972705416008
36.050000000000004,0.29879268582511426,0.40139978110154084,-0.10260709527642659
36.1,0.24764252456273747,0.3946667398983962,-0.1470242153356587
36.15,0.26268939890970944,0.38484234485493374,-0.1221529459452243
36.2,0.30782494519411013,0.3657406822490238,-0.05791573705491365
36.25,0.3370865849748565,0.35417268440092653,-0.017086099426070034
36.300000000000004,0.32181888924842994,0.36091196679164356,-0.03909307754321362
36.35,0.26216472418484094,0.36065610514125224,-0.0984913809564113
36.4,0.17895888117929176,0.2993904935398589,-0.12043161236056715
36.45,0.09670979095424406,0.14486194755880893,-0.04815215660456487
36.5,0.0315400987448501,-0.06346322247491029,0.09500332121976039
36.550000000000004,-0.010243339663326566,-0.2218578286895401,0.21161448902621352
36.6,-0.027410218752772747,-0.23692049409417826,0.2095102753414055
36.65,-0.020585692698101475,-0.10768344276750103,0.08709775006939954
36.7,0.0062607499117069455,0.06460841478193426,-0.058347664870227314
36.75,0.04267025892468732,0.15866357220037924,-0.11599331327569193
36.800000000000004,0.07197419790872707,0.1363617131602523,-0.06438751525152524
36.85,0.0769653082570949,0.066508952732164,0.010456355524930891
36.9,0.04819770104137087,0.040210288017395714,0.007987413023975154
36.95,-0.010261792657628777,0.06021827076739711,-0.07048006342502589
37.0,-0.08155277946645187,0.0249613934823889,-0.10651417294884077
37.050000000000004,-0.14343140843765945,-0.15792611757160163,0.014494709133942185
37.1,-0.17870694353375025,-0.4310054162816006,0.25229847274785033
37.15,-0.18307986217820477,-0.5729463348430873,0.38986647266488256
37.2,-0.1659944792908913,-0.36219305846384314,0.19619857917295183
37.25,-0.14418534177859021,0.20462329680293026,-0.34880863858152045
37.300000000000004,-0.13203701001476367,0.8426440081062646,-0.9746810181210283
37.35,-0.13442618605790033,1.1531217372518852,-1.2875479233097855
37.4,-0.14509979394555433,0.9242285220946848,-1.0693283160402391
37.45,-0.14927673612900527,0.3117990707052605,-0.46107580683426574
37.5,-0.12725231250633243,-0.2621903835580741,0.1349380710517417
37.550000000000004,-0.05800198870740152,-0.4212416387526029,0.36323965004520137
37.6,0.07498575608884313,-0.10418080507300562,0.17916656116184876
37.65,0.27405540553221236,0.4222004413085573,-0.1481450357763449
37.7,0.5176938327086872,0.8020829516678134,-0.2843891189591262
37.75,0.7593523847816648,0.8669023931956795,-0.10755000841401474
37.800000000000004,0.9407662986280383,0.720641864917401,0.22012443371063728
37.85,1.015517705170843,0.5886362044474384,0.4268815007234047
37.9,0.9689111959092556,0.5910374175059685,0.37787377840328706
37.95,0.8209074123328848,0.6486195278353712,0.17228788449751353
38.0,0.6110709322327875,0.5873775830972157,0.02369334913557186
38.050000000000004,0.3781177345427018,0.32276253305225566,0.05535520149044615
38.1,0.1491413300134475,-0.0544103243571015,0.203551654370549
38.15,-0.05753038017813556,-0.35988587134427746,0.3023554911661419
38.2,-0.22571305495866745,-0.47545886075407473,0.24974580579540728
38.25,-0.3432929192065008,-0.43582461750912865,0.09253169830262786
38.300000000000004,-0.4132970599098988,-0.3758977786836756,-0.03739928122622321
38.35,-0.460994912578036,-0.40491396023576615,-0.05608095234226984
38.400000000000006,-0.5236306194544673,-0.5283206939332635,0.004690074478796213
38.45,-0.6249840525244227,-0.6750282622837068,0.05004420975928414
38.5,-0.754029901202784,-0.7817550685626927,0.02772516735990871
38.550000000000004,-0.8676281171228201,-0.8432679327675024,-0.024360184355317616
38.6,-0.9183148845249619,-0.8882970761924758,-0.03001780833248613
38.650000000000006,-0.886122095284061,-0.9223900731275185,0.03626797784345748
38.7,-0.7888608540390029,-0.9066725537155735,0.11781169967657068
38.75,-0.6636998176041228,-0.7951671654936384,0.13146734788951564
38.800000000000004,-0.5377750500523008,-0.588708106370685,0.050933056318384295
38.85,-0.4140215576031635,-0.3478833626013242,-0.06613819500183932
38.900000000000006,-0.2827507662002308,-0.15149855766646975,-0.13125220853376107
38.95,-0.14480550775223294,-0.04082532397838414,-0.1039801837738488
39.0,-0.021832337419485155,0.00045804101716712055,-0.022290378436652276
39.050000000000004,0.05733254016461593,0.01918425223109832,0.03814828793351761
39.1,0.08138792122787032,0.05023545648990133,0.03115246473796899
39.150000000000006,0.06845318818822463,0.09690214278977678,-0.028448954601552154
39.2,0.052965664164671716,0.14267616382573023,-0.08971049966105851
39.25,0.05856365770244507,0.172886212632461,-0.11432255493001595
39.300000000000004,0.08050441032356315,0.18277414826719962,-0.10226973794363647
39.35,0.09208228100078628,0.17007636868576426,-0.07799408768497798
39.400000000000006,0.06819599159082064,0.12751465139693346,-0.059318659806112825
39.45,0.00556172124118836,0.04682627198345994,-0.04126455074227158
39.5,-0.07567253257785247,-0.069831734904304,-0.005840797673548476
39.550000000000004,-0.14687109923404057,-0.20315426410748966,0.05628316487344909
39.6,-0.18780846998301576,-0.3201531175510981,0.13234464756808234
39.650000000000006,-0.19313861115522118,-0.38379035571730297,0.19065174456208178
39.7,-0.16812826627668412,-0.3640420239759977,0.1959137576993136
39.75,-0.12220489013048269,-0.25066755889094344,0.12846266876046075
39.800000000000004,-0.06697484933672883,-0.06678537565503405,-0.00018947368169477952
39.85,-0.017122468523536476,0.1269923739846313,-0.14411484250816778
39.900000000000006,0.011870069320657406,0.2518334223931748,-0.2399633530725174
39.95,0.011233854324135475,0.2526974620163041,-0.24146360769216862
40.0,-0.013746160562357893,0.1377633763670471,-0.151509536929405
40.050000000000004,-0.044231914931652315,-0.018737861992575676,-0.02549405293907664
40.1,-0.058014248501873575,-0.12089767340508535,0.06288342490321178
40.150000000000006,-0.04280916110793578,-0.11369285796453128,0.07088369685659551
40.2,-0.0030917596190381327,-0.015714852031056357,0.012623092412018224
40.25,0.04417909861427828,0.10305157375114364,-0.05887247513686536
40.300000000000004,0.0814430631687398,0.1774188534438651,-0.0959757902751253
40.35,0.10193073594984897,0.18962465264261447,-0.0876939166927655
40.400000000000006,0.11405553569631141,0.1682424138124239,-0.0541868781161125
40.45,0.13734729485716196,0.15550109191642397,-0.01815379705926201
40.5,0.19276188323605334,0.17952177847645123,0.013240104759602106
40.550000000000004,0.2918979963026881,0.2524352015949012,0.03946279470778691
40.6,0.42949935154816066,0.3809982309736372,0.04850112057452344
40.650000000000006,0.5825152702924961,0.563387348876296,0.01912792141620001
40.7,0.7167114975719875,0.7688167082008593,-0.052105210628871856
40.75,0.7983622137234013,0.9276817137879337,-0.1293195000645324
40.800000000000004,0.8056796076455721,0.9595851835919857,-0.15390557594641363
40.85,0.7348407412522672,0.8291242363750766,-0.09428349512280942
40.900000000000006,0.5990670551414278,0.5826067911443917,0.01646026399703604
40.95,0.4232414638041914,0.32567953599910304,0.09756192780508838
41.0,0.23749695524480066,0.15226401500476164,0.08523294024003902
41.050000000000004,0.070906951902639,0.08213489509907065,-0.011227943196431653
41.1,-0.055545571084870536,0.05992487527842007,-0.1154704463632906
41.150000000000006,-0.13591519150858233,0.013622401980371507,-0.14953759348895385
41.2,-0.18162651235016433,-0.08244378569234076,-0.09918272665782357
41.25,-0.21419508037075444,-0.19532198828129155,-0.01887309208946289
41.300000000000004,-0.24934777373380512,-0.27534074703949574,0.025992973305690614
41.35,-0.2821848623702168,-0.3042858517621799,0.022100989391963144
41.400000000000006,-0.2856997458498645,-0.301207382672865,0.015507636823000492
41.45,-0.22682882049786124,-0.28510845717943945,0.058279636681578206
41.5,-0.09035688540784804,-0.23946387904006328,0.14910699363221525
41.550000000000004,0.10667384205759611,-0.12050631003415078,0.2271801520917469
41.6,0.32107187576154417,0.09559180667829549,0.2254800690832487
41.650000000000006,0.5051995925867263,0.3727712851650861,0.1324283074216402
41.7,0.627397446151444,0.6225167315476869,0.004880714603757053
41.75,0.6768531782088806,0.7535576718957028,-0.0767044936868222
41.800000000000004,0.6532661505426657,0.721103927981224,-0.06783777743855834
41.85,0.5547978537005981,0.5387000142452177,0.016097839455380347
41.900000000000006,0.37754372428769145,0.2543903662294971,0.12315335805819433
41.95,0.12696058148844372,-0.07793459808581096,0.20489517957425468
42.0,-0.17105546137686792,-0.40862101272772877,0.23756555135086085
42.050000000000004,-0.47223552993151335,-0.6897562186149827,0.21752068868346935
42.1,-0.7299562161528398,-0.8807497262541334,0.1507935101012936
42.150000000000006,-0.9131672820592175,-0.9666904124791217,0.0535231304199042
42.2,-1.0125723389040664,-0.9694873413188331,-0.04308499758523332
42.25,-1.0321877677691984,-0.9312738854474681,-0.10091388232173026
42.300000000000004,-0.9761796201511469,-0.8777137216581701,-0.09846589849297682
42.35,-0.8439330269207399,-0.7949007102932931,-0.04903231662744678
42.400000000000006,-0.637513796882859,-0.6455414776858769,0.008027680803017856
42.45,-0.3737754821342572,-0.41232354558820294,0.038548063453945736
42.5,-0.08913988297175791,-0.12737355210752707,0.03823366913576916
42.550000000000004,0.16851037581209843,0.1414991162659574,0.02701125954614103
42.6,0.35597285800507883,0.3348462087098141,0.021126649295264754
42.650000000000006,0.44874460277848977,0.43374792015437175,0.014996682624118018
42.7,0.4458551667327603,0.4523875468380299,-0.006532380105269575
42.75,0.3655976782344352,0.40595598668105237,-0.0403583084466172
42.800000000000004,0.23688208539207375,0.29375427466782733,-0.056872189275753576
42.85,0.09056408016818561,0.11748927562059977,-0.02692519545241416
42.900000000000006,-0.04759187471686487,-0.08839474707826442,0.040802872361399546
42.95,-0.16191833098844388,-0.25602850757923895,0.09411017659079507
43.0,-0.2486471984989893,-0.325999497145913,0.07735229864692367
43.050000000000004,-0.3130117611739611,-0.2971206982578647,-0.015891062916096432
43.1,-0.3622330192043835,-0.23383073015475267,-0.12840228904963083
43.150000000000006,-0.3981724344098352,-0.21702904553509667,-0.18114338887473852
43.2,-0.41444821381380387,-0.27801294802527954,-0.13643526578852433
43.25,-0.40001444418451043,-0.3732071560430741,-0.026807288141436347
43.300000000000004,-0.3466218997070098,-0.42094382162659144,0.07432192191958165
43.35,-0.25505701282027965,-0.3661106221033697,0.11105360928309005
43.400000000000006,-0.1365339597593107,-0.21724258921147946,0.08070862945216875
43.45,-0.009405114478177885,-0.031075763758892733,0.021670649280714847
43.5,0.10599481379370375,0.13192188341816102,-0.025927069624457275
43.550000000000004,0.19187887819147498,0.23874022715757034,-0.04686134896609537
43.6,0.23646141243146443,0.2833901384514361,-0.046928726019971695
43.650000000000006,0.23698776796217969,0.27182371424530444,-0.03483594628312475
43.7,0.20198143714759753,0.21730444654897813,-0.015323009401380594
43.75,0.15065073336072302,0.14814213388228087,0.0025085994784421473
43.800000000000004,0.10745354945360829,0.10701943783261324,0.00043411162099504796
43.85,0.09250639217217976,0.12811184877010617,-0.03560545659792641
43.900000000000006,0.11209002607535015,0.2074211820399037,-0.09533115596455355
43.95,0.15493971652455035,0.2977931504306163,-0.14285343390606597
44.0,0.1975698754778162,0.3407163379608263,-0.14314646248301008
44.050000000000004,0.21664830697709114,0.3101314262099636,-0.09348311923287245
44.1,0.20172603045684287,0.22897050044402312,-0.027244469987180248
44.150000000000006,0.16077745083973674,0.14464354347929465,0.016133907360442096
44.2,0.11500709947675797,0.08965658222504236,0.02535051725171561
44.25,0.0859808602700704,0.06581600345903629,0.02016485681103411
44.300000000000004,0.08307948493159081,0.062210246391635526,0.020869238539955287
44.35,0.09907304079488607,0.07964200560263986,0.019431035192246218
44.400000000000006,0.11617565327860896,0.12906155649265622,-0.012885903214047256
44.45,0.11794087272711279,0.20468968454386247,-0.08674881181674968
44.5,0.09879339292739234,0.26643788429699244,-0.1676444913696001
44.550000000000004,0.06539432288557308,0.2608748042151127,-0.19548048132953966
44.6,0.03037105661210524,0.16808314332047278,-0.13771208670836754
44.650000000000006,0.004155766800454881,0.02828568787478865,-0.02412992107433377
44.7,-0.009150762171372808,-0.08366862557531365,0.07451786340394084
44.75,-0.010374774066119917,-0.11687818658129935,0.10650341251517943
44.800000000000004,-0.0015242837373385977,-0.08156913284143873,0.08004484910410013
44.85,0.016161535066376114,-0.02966755161774171,0.04582908668411782
44.900000000000006,0.04130975605559898,0.00021235778952136123,0.04109739826607762
44.95,0.07110786545659312,0.0170261107765189,0.054081754680074215
45.0,0.1022748785092136,0.057619367083548256,0.044655511425665345
45.050000000000004,0.13381331903605292,0.13763820046038572,-0.0038248814243327933
45.1,0.1680062276768419,0.22833847916433647,-0.060332251487494576
45.150000000000006,0.20682491640872488,0.28482831326233254,-0.07800339685360766
45.2,0.24528257792718242,0.29269370285054375,-0.04741112492336133
45.25,0.26737735338578283,0.27733854135725233,-0.009961187971469498
45.300000000000004,0.2499267857139936,0.26147826908608135,-0.01155148337208775
45.35,0.17431084973985317,0.21876561500179606,-0.04445476526194289
45.400000000000006,0.03976592956413257,0.08526283425718476,-0.04549690469305218
45.45,-0.13055164850566983,-0.16688589854427685,0.03633425003860702
45.5,-0.29582941386552436,-0.4627886978374392,0.16695928397191484
45.550000000000004,-0.4138119385962462,-0.6443991921307527,0.2305872535345065
45.6,-0.45826973180906977,-0.5812950254241714,0.12302529361510167
45.650000000000006,-0.4279876640555893,-0.2850699427977351,-0.14291772125785418
45.7,-0.3425065811213432,0.07848754065926221,-0.4209941217806054
45.75,-0.22788999313739136,0.30307799891031767,-0.5309679920477091
45.800000000000004,-0.10196866628226048,0.29353945362853284,-0.3955081199107933
45.85,0.031282468674776985,0.13023548493179318,-0.09895301625701619
45.900000000000006,0.1749849982443525,-0.005311974016805909,0.18029697226115843
45.95,0.3260476221536884,0.023289545785838903,0.30275807636784946
46.0,0.46637370542107176,0.211792468974965,0.25458123644610675
46.050000000000004,0.5665249288404489,0.4399172651907194,0.12660766364972953
46.1,0.5999688064228345,0.5777467802476324,0.02222202617520208
46.150000000000006,0.5571490147946048,0.5739057800802997,-0.01675676528569492
46.2,0.44841841495475854,0.45949184735139326,-0.01107343239663472
46.25,0.2942134610589718,0.28822332218751934,0.005990138871452444
46.300000000000004,0.1118988478959798,0.08548342363092666,0.02641542426505314
46.35,-0.08868936975075116,-0.14700548953396936,0.0583161197832182
46.400000000000006,-0.29779303985998684,-0.3915356944260897,0.09374265456610287
46.45,-0.49549543033107135,-0.5962204989369051,0.10072506860583375
46.5,-0.6515880805915099,-0.7054615681704878,0.05387348757897792
46.550000000000004,-0.7390596634153005,-0.7084321623342357,-0.030627501081064823
46.6,-0.7505368221598225,-0.651931316242023,-0.09860550591779949
46.650000000000006,-0.7020917501514199,-0.5994263094228848,-0.10266544072853512
46.7,-0.6192911317688762,-0.5736965512258153,-0.04559458054306087
46.75,-0.517255139872963,-0.5383442521480923,0.02108911227512933
46.800000000000004,-0.39340165004737576,-0.4360228580344153,0.042621207987039555
46.85,-0.24048405463582406,-0.24714069007310735,0.006656635437283287
46.900000000000006,-0.06781470035813258,-0.015210192723074986,-0.0526045076350576
46.95,0.09096788954284626,0.18163899468443526,-0.09067110514158899
47.0,0.19424664566507988,0.28461928853206997,-0.0903726428669901
47.050000000000004,0.22112444573490744,0.2875385923320469,-0.06641414659713948
47.1,0.18774346306788914,0.22820812816921557,-0.04046466510132643
47.150000000000006,0.1359742846861947,0.1550020968080275,-0.0190278121218328
47.2,0.1032199491081967,0.10000285328504589,0.0032170958231508145
47.25,0.09858999794807108,0.07363119668450545,0.02495880126356563
47.300000000000004,0.10437802170764944,0.07210631098106175,0.03227171072658769
47.35,0.09869359579665195,0.08354401861412064,0.015149577182531307
47.400000000000006,0.0770007545868211,0.09081870483787527,-0.013817950251054173
47.45,0.05372912854897439,0.07904485219556427,-0.025315723646589884
47.5,0.045634019870600624,0.04891622700607012,-0.003282207135469499
47.550000000000004,0.05562027734393982,0.023507793491933937,0.03211248385200588
47.6,0.07306363841519185,0.035577774284721066,0.03748586413047079
47.650000000000006,0.08814676082117935,0.1001908562131601,-0.012044095391980744
47.7,0.102937677671982,0.19576301395243625,-0.09282533628045425
47.75,0.1260733363150533,0.2735801463838374,-0.14750681006878408
47.800000000000004,0.15642404015733444,0.29105545873525557,-0.13463141857792113
47.85,0.17447208345734722,0.2411352996053475,-0.06666321614800028
47.900000000000006,0.15384762247184133,0.15296169969793072,0.0008859227739106135
47.95,0.08509538753148614,0.06541931938663564,0.019676068144850498
48.0,-0.010328854932236899,-0.0005466717260210709,-0.009782183206215827
48.050000000000004,-0.09081109295400183,-0.04667529216304906,-0.04413580079095277
48.1,-0.1227994281326905,-0.0798033412214777,-0.0429960869112128
48.150000000000006,-0.1028457056784415,-0.09442330766967878,-0.008422398008762724
48.2,-0.05515694627129557,-0.07510336458573015,0.019946418314434583
48.25,-0.008407296183694152,-0.015582176857697827,0.007174880674003676
48.300000000000004,0.026500378827542703,0.06692303924655772,-0.040422660419015016
48.35,0.05871498074327887,0.13871788861803677,-0.0800029078747579
48.400000000000006,0.10057454400312417,0.17260829456907417,-0.07203375056595
48.45,0.14994858716140502,0.16589521219193387,-0.01594662503052885
48.5,0.18914188521300207,0.13821147466996722,0.05093041054303485
48.550000000000004,0.20041526902604417,0.11362173991547993,0.08679352911056425
48.6,0.1820882695559242,0.10424518741071274,0.07784308214521145
48.650000000000006,0.1495231220289997,0.10743513101416675,0.042087991014832946
48.7,0.12060892269846529,0.11358795685569681,0.007020965842768484
48.75,0.10007052134556016,0.11366361428444982,-0.013593092938889662
48.800000000000004,0.07713656217305864,0.10082736756490777,-0.023690805391849132
48.85,0.037734080857030214,0.07002477477706626,-0.03229069392003604
48.900000000000006,-0.020910617352304955,0.020643563104213905,-0.04155418045651886
48.95,-0.0862579710527555,-0.039675135444170076,-0.04658283560858542
49.0,-0.13902772317398635,-0.09670185251745832,-0.04232587065652803
49.050000000000004,-0.16510762333273857,-0.13802431813832916,-0.027083305194409407
49.1,-0.1604943178883052,-0.16000679049219768,-0.00048752739610752327
49.150000000000006,-0.12757193349454235,-0.1644688907867865,0.036896957292244154
49.2,-0.06960683669250152,-0.1478306381158563,0.07822380142335479
49.25,0.009497578196507645,-0.0969215197481773,0.10641909794468495
49.300000000000004,0.10040456428359189,-0.0017229604966370192,0.1021275247802289
49.35,0.18512361416098008,0.12339961857025633,0.06172399559072375
49.400000000000006,0.24094150745943516,0.2328767051324275,0.008064802327007653
49.45,0.2501040376874725,0.27219442320786685,-0.02209038552039433
49.5,0.20823469886395768,0.2167396263624144,-0.008504927498456716
49.550000000000004,0.12555125573365264,0.09435794151966077,0.031193314213991866
49.6,0.021072732579034546,-0.03190802507563813,0.052980757654672674
49.650000000000006,-0.08499826962670799,-0.11024247758811576,0.025244207961407764
49.7,-0.17590503347560693,-0.13696784673514917,-0.03893718674045776
49.75,-0.23940703569591223,-0.15147811416319287,-0.08792892153271936
49.800000000000004,-0.2679726612426207,-0.19370535054816299,-0.07426731069445772
49.85,-0.2601122742105696,-0.2627892454145684,0.0026769712039987903
49.900000000000006,-0.22187295002227234,-0.31471282036719217,0.09283987034491983
49.95,-0.16595504108075232,-0.30103935171980384,0.13508431063905152
50.0,-0.10754319734483467,-0.21358670657324821,0.10604350922841355
50.050000000000004,-0.058941046252788516,-0.0952225053180438,0.03628145906525528
50.1,-0.026315970909519686,-0.00819464176645948,-0.018121329143060208
50.150000000000006,-0.01015329220183411,0.011357958913174954,-0.021511251115009063
50.2,-0.008146147862197948,-0.025451531970411268,0.01730538410821332
50.25,-0.017830596167477626,-0.07726656081476417,0.059435964647286545
50.300000000000004,-0.037256545209793705,-0.10812522209017125,0.07086867688037754
50.35,-0.06407574755867128,-0.11021094063515186,0.04613519307648058
50.400000000000006,-0.0946677940056253,-0.09894922765969268,0.004281433654067371
50.45,-0.12447320007312382,-0.09176755114226468,-0.032705648930859144
50.5,-0.14926017784347514,-0.09256588457157282,-0.05669429327190233
50.550000000000004,-0.16597685254429267,-0.09294470721684688,-0.0730321453274458
50.6,-0.1720604420522091,-0.08330762009989556,-0.08875282195231354
50.650000000000006,-0.16354005299034624,-0.06032690151497413,-0.1032131514753721
50.7,-0.1339605036280914,-0.025438945282198037,-0.10852155834589336
50.75,-0.07653837276753353,0.01982370121611423,-0.09636207398364777
50.800000000000004,0.009992740431932287,0.07410240398293759,-0.06410966355100531
50.85,0.11496653657715683,0.1320994058849381,-0.017132869307781268
50.900000000000006,0.2143742224369591,0.18266551611535492,0.03170870632160419
50.95,0.27838074830142306,0.2134395351302479,0.06494121317117516
51.0,0.28568190428163803,0.2185260904495047,0.06715581383213334
51.050000000000004,0.23623541554357202,0.2017056583745359,0.03452975716903611
51.1,0.1528846054565593,0.17211929452866118,-0.01923468907210188
51.150000000000006,0.06912385151623184,0.13706427658927436,-0.06794042507304253
51.2,0.010498226593145369,0.09894403822502873,-0.08844581163188336
51.25,-0.017421818915598606,0.05835011318317684,-0.07577193209877545
51.300000000000004,-0.02620234927002837,0.018796934739666493,-0.044999284009694863
51.35,-0.03020734987903586,-0.012255515052930077,-0.01795183482610578
51.400000000000006,-0.03314077033799567,-0.026662724540605448,-0.006478045797390225
51.45,-0.02636751417667013,-0.01935281433999796,-0.007014699836672172
51.5,0.0008280885190000179,0.010423815756062974,-0.009595727237062956
51.550000000000004,0.049293024787996166,0.05944144827930905,-0.010148423491312883
51.6,0.10739885003835663,0.12011619302038037,-0.012717342982023747
51.650000000000006,0.15960512002031543,0.17998949749070214,-0.02038437747038671
51.7,0.1976632186152263,0.2244960266240178,-0.02683280800879151
51.75,0.22405460822339132,0.24411292502833976,-0.020058316804948434
51.800000000000004,0.24519615852683027,0.2409268930279112,0.004269265498919067
51.85,0.26172872289776583,0.22718115983053216,0.034547563067233666
51.900000000000006,0.26549224045139475,0.21432972414071755,0.0511625163106772
51.95,0.24585083239456457,0.20104775486062015,0.04480307753394441
52.0,0.19902511821451876,0.17204563794400438,0.02697948027051439
52.050000000000004,0.13169095176548087,0.11103884908678904,0.02065210267869183
52.1,0.05605877170141223,0.01761260086454106,0.03844617083687117
52.150000000000006,-0.018414351203780717,-0.0876470921545561,0.06923274095077539
52.2,-0.08927689739575832,-0.17600042541588778,0.08672352802012946
52.25,-0.158738043775765,-0.2313547655783543,0.0726167218025893
52.300000000000004,-0.2284980034473537,-0.2611792591192405,0.032681255671886816
52.35,-0.29704101968732105,-0.28813936216765174,-0.008901657519669315
52.400000000000006,-0.3607585765392566,-0.33006138741085195,-0.030697189128404634
52.45,-0.4159361202306202,-0.38552858145026236,-0.030407538780357846
52.5,-0.4586204544788454,-0.4361958133002984,-0.022424641178547033
52.550000000000004,-0.4830500213468017,-0.46150932778889475,-0.021540693557906943
52.6,-0.48184383665846026,-0.4517666449704475,-0.03007719168801276
52.650000000000006,-0.44927716233408865,-0.40956174686076474,-0.03971541547332391
52.7,-0.38487931500617095,-0.3419177611536499,-0.04296155385252104
52.75,-0.2933358796765473,-0.2530889656203475,-0.04024691405619979
52.800000000000004,-0.18030184580597786,-0.1445921865066536,-0.035709659299324265
52.85,-0.04857281146188647,-0.01991100807673507,-0.028661803385151396
52.900000000000006,0.10046622488500631,0.11309324905376579,-0.01262702416875948
52.95,0.260341976519529,0.2447297039917582,0.01561227252777081
53.0,0.4140135741191167,0.3666591870679041,0.04735438705121259
53.050000000000004,0.5357927354546861,0.47033489390421435,0.06545784155047174
53.1,0.6009068757277187,0.5416635237532645,0.059243351974454184
53.150000000000006,0.5960622535520798,0.5592770419174953,0.03678521163458448
53.2,0.5234267328880604,0.5024273039777153,0.02099942891034512
53.25,0.39635940708421047,0.3655901955480311,0.03076921153617934
53.300000000000004,0.23213411414673918,0.16888406740840997,0.06325004673832921
53.35,0.04821039005597798,-0.04544330956664697,0.09365369962262494
53.400000000000006,-0.13647365966591177,-0.23021071403692864,0.09373705437101687
53.45,-0.29957264796403904,-0.3535276201513912,0.05395497218735218
53.5,-0.41778970754286515,-0.40917998938518657,-0.00860971815767858
53.550000000000004,-0.4738474747404651,-0.4116215206428447,-0.06222595409762044
53.6,-0.4630594610359474,-0.3806444749473954,-0.08241498608855202
53.650000000000006,-0.3945496991509496,-0.3269893300028167,-0.0675603691481329
53.7,-0.28679913020344683,-0.2484348658250392,-0.03836426437840762
53.75,-0.16143465310539473,-0.13833775866053846,-0.02309689444485627
53.800000000000004,-0.03893602218241003,-8.936515813986356e-05,-0.03884665702427017
53.85,0.06363847521305109,0.1436299896430961,-0.079991514430045
53.900000000000006,0.1350588560153099,0.2555793611969495,-0.12052050518163962
53.95,0.1729166483421149,0.30245546583627514,-0.12953881749416024
54.0,0.18445226752011487,0.27610924366941064,-0.09165697614929577
54.050000000000004,0.18236160662607612,0.20173834038471294,-0.019376733758636827
54.1,0.17693144601724312,0.12442043772796918,0.052511008289273936
54.150000000000006,0.17026640701344883,0.08123067186678373,0.0890357351466651
54.2,0.15777442904892247,0.07890778448680615,0.07886664456211633
54.25,0.136030451456165,0.09464972118576356,0.04138073027040143
54.300000000000004,0.11006932260671504,0.09975443729942689,0.010314885307288149
54.35,0.0931396215577947,0.08646722968946297,0.00667239186833174
54.400000000000006,0.09841952395377625,0.0749059237872498,0.02351360016652644
54.45,0.1292575318059752,0.09382055785659388,0.035436973949381334
54.5,0.1756651916139705,0.1520859024957378,0.023579289118232705
54.550000000000004,0.21930478888531782,0.22631631229427285,-0.007011523408955028
54.6,0.24253528722551837,0.2756601356311056,-0.033124848405587215
54.650000000000006,0.2351721116096177,0.27065786803776354,-0.03548575642814583
54.7,0.19618267112640053,0.21138916752689535,-0.015206496400494818
54.75,0.13203456118530132,0.1214038347436181,0.010630726441683225
54.800000000000004,0.05439489574970795,0.026579097039473566,0.02781579871023438
54.85,-0.02237885670450418,-0.05996007487383742,0.03758121816933324
54.900000000000006,-0.08506672593201355,-0.1350858339662542,0.05001910803424066
54.95,-0.12621609623585295,-0.19313920628172565,0.0669231100458727
55.0,-0.1463989175719182,-0.22112635735251018,0.07472743978059199
55.050000000000004,-0.15139884047605479,-0.20891147150870837,0.05751263103265358
55.1,-0.14604880349031965,-0.16344569201699174,0.017396888526672094
55.150000000000006,-0.13047138907904682,-0.1098647825212358,-0.02060660655781102
55.2,-0.10305382509669454,-0.07523611141381649,-0.027817713682878054
55.25,-0.0678574656853077,-0.06935828763967516,0.0015008219543674595
55.300000000000004,-0.038639302081690544,-0.08131974050566267,0.04268043842397212
55.35,-0.033543528004007984,-0.09522364267393343,0.06168011466992545
55.400000000000006,-0.06309157726788477,-0.10900603047721381,0.04591445320932905
55.45,-0.12141737990677667,-0.13690730746738874,0.015489927560612071
55.5,-0.1891024355565541,-0.19279420156684587,0.0036917660102917804
55.550000000000004,-0.24607140233127045,-0.2712693948529043,0.02519799252163385
55.6,-0.2838004096038748,-0.3460239853851337,0.062223575781258866
55.650000000000006,-0.30649786621330954,-0.3875727373237881,0.08107487111047856
55.7,-0.32095516332684837,-0.38325096952999604,0.062295806203147674
55.75,-0.32516734095430405,-0.3409152546574299,0.015747913703125838
55.800000000000004,-0.3068114800321633,-0.27522832995293905,-0.03158315007922424
55.85,-0.25334162456234766,-0.19307513228172185,-0.060266492280625805
55.900000000000006,-0.16461205258951958,-0.09393865040632364,-0.07067340218319594
55.95,-0.056592643505278,0.01690755383223809,-0.07350019733751609
56.0,0.047285193954194865,0.12003463384683588,-0.07274943989264102
56.050000000000004,0.12998526120425521,0.1916558561637773,-0.061670594959522096
56.1,0.18899310210097311,0.22461438598072878,-0.03562128387975566
56.150000000000006,0.2334481557481794,0.2388364186322472,-0.005388262884067796
56.2,0.2741674900210717,0.26714204735180574,0.007025442669265969
56.25,0.3149886008081618,0.32618381232631743,-0.011195211518155612
56.300000000000004,0.3510217918347215,0.398715512456857,-0.047693720622135505
56.35,0.37316037003605546,0.4449674049682107,-0.07180703493215523
56.400000000000006,0.37430221358105864,0.4345916486247025,-0.06028943504364387
56.45,0.3532457524165616,0.37143777000231115,-0.018192017585749565
56.5,0.31487387558885127,0.2897494558795902,0.025124419709261048
56.550000000000004,0.26715564768098016,0.22605495582917567,0.04110069185180448
56.6,0.21628479913728083,0.19170206265606368,0.024582736481217143
56.650000000000006,0.16217865663187533,0.16815662429491365,-0.005977967663038319
56.7,0.09754140474951789,0.12546727858707094,-0.027925873837553045
56.75,0.012761367083785037,0.045352031430617105,-0.03259066434683207
56.800000000000004,-0.09505139691307835,-0.06926271190354678,-0.02578868500953156
56.85,-0.21505902705313518,-0.2004999737523371,-0.01455905330079807
56.900000000000006,-0.324184031338456,-0.3262689622443421,0.002084930905886073
56.95,-0.3977742882307469,-0.4254006743580142,0.02762638612726731
57.0,-0.4223934574137622,-0.47829839627142756,0.05590493885766534
57.050000000000004,-0.4011555626020052,-0.47064421651503985,0.06948865391303466
57.1,-0.3478934296309974,-0.40201537875357496,0.05412194912257756
57.150000000000006,-0.27599167242374323,-0.29133240802441807,0.015340735600674837
57.2,-0.19209547468331276,-0.17020511277324316,-0.0218903619100696
57.25,-0.09970750180325746,-0.06631921581284753,-0.03338828599040994
57.300000000000004,-0.007661747639437904,0.009622272274645712,-0.017284019914083616
57.35,0.06667247614209704,0.06170538272889078,0.00496709341320626
57.400000000000006,0.10464073310024541,0.09444942178625879,0.010191311313986623
57.45,0.09876836976865701,0.10219597673107342,-0.00342760696241641
57.5,0.059454299769283896,0.07476469043339798,-0.015310390664114083
57.550000000000004,0.009545238678843677,0.014560956065380977,-0.0050157173865373
57.6,-0.028919520224922862,-0.05339675734747152,0.024477237122548658
57.650000000000006,-0.045014694518688225,-0.09207939172424078,0.04706469720555255
57.7,-0.039103522257481635,-0.07722320024492157,0.03811967798743994
57.75,-0.015424593992398724,-0.014557066213608964,-0.00086752777878976
57.800000000000004,0.024114721505394458,0.06665124418959477,-0.042536522684200315
57.85,0.07899451998239727,0.13787297855205818,-0.05887845856966091
57.900000000000006,0.14434432455564905,0.19059989849538392,-0.04625557393973487
57.95,0.20778540764836795,0.23306759845280248,-0.02528219080443453
58.0,0.25320171636872996,0.269648137768177,-0.01644642139944702
58.050000000000004,0.2684503711007553,0.2859051590096589,-0.01745478790890359
58.1,0.250234566167231,0.25689295515128957,-0.006658388984058572
58.150000000000006,0.20275041231180435,0.17241376686720924,0.030336645444595106
58.2,0.13316422306095083,0.054191792064259926,0.0789724309966909
58.25,0.04938954187000767,-0.054374298143368104,0.10376384001337577
58.300000000000004,-0.03831791756679215,-0.11945241058918146,0.08113449302238931
58.35,-0.11594831939293511,-0.14137698313786162,0.025428663744926513
58.400000000000006,-0.16907632085789562,-0.1495375916895032,-0.019538729168392416
58.45,-0.1901475460920924,-0.17164448897238127,-0.01850305711971112
58.5,-0.18340533117625485,-0.20589762656010713,0.02249229538385228
58.550000000000004,-0.16192269305723941,-0.22265474626492687,0.06073205320768746
58.6,-0.13821486078926726,-0.19473721657542714,0.056522355786159884
58.650000000000006,-0.11630462887211279,-0.12780598511628,0.011501356244167205
58.7,-0.09215924925180925,-0.06067570902789436,-0.03148354022391489
58.75,-0.06159059110313215,-0.03259428434410794,-0.02899630675902421
58.800000000000004,-0.0275391780195933,-0.04604061352475973,0.01850143550516643
58.85,0.0007048069599352193,-0.060130743507431035,0.06083555046736625
58.900000000000006,0.015809361386772088,-0.023972178485838214,0.0397815398726103
58.95,0.020108827695146537,0.07663703976464578,-0.05652821206949925
59.0,0.02481143195709019,0.19975357380922426,-0.17494214185213408
59.050000000000004,0.04071229621231379,0.2742686424792496,-0.2335563462669358
59.1,0.0684779445438949,0.2534192521764686,-0.18494130763257371
59.150000000000006,0.09719660748428878,0.15175969838625494,-0.05456309090196616
59.2,0.11261259279757649,0.03545352665486457,0.07715906614271192
59.25,0.10808673416448666,-0.026121079382692324,0.13420781354717898
59.300000000000004,0.08930117857875743,-0.008519971801737367,0.0978211503804948
59.35,0.06938250385307197,0.05682221095290179,0.012560292900170182
59.400000000000006,0.059008749456208646,0.11380723270205921,-0.054798483245850564
59.45,0.059454022789592234,0.1261472715732654,-0.06669324878367318
59.5,0.06330869029396666,0.0988264046788453,-0.03551771438487865
59.550000000000004,0.06136450000669166,0.06353165484775507,-0.002167154841063411
59.6,0.050126142721935926,0.046554798880031376,0.0035713438419045507
59.650000000000006,0.03496984029169832,0.049625309085256836,-0.014655468793558515
59.7,0.02752677140488248,0.0580379190899709,-0.03051114768508842
59.75,0.03932562544507045,0.06338744334787152,-0.024061817902801076
59.800000000000004,0.07525986091741797,0.07582632624285611,-0.0005664653254381369
59.85,0.13008842004167462,0.11325531893640649,0.01683310110526813
59.900000000000006,0.1896454366758933,0.17865764202105572,0.010987794654837568
59.95,0.23623567452102895,0.24856984665029858,-0.012334172129269627
60.0,0.255490769689352,0.28485586524384776,-0.029365095554495735
60.050000000000004,0.24101909196578483,0.2599599739629746,-0.018940881997189768
60.1,0.19458143387203347,0.17404276779087596,0.02053866608115751
60.150000000000006,0.12269816623914245,0.051196812719415154,0.0715013535197273
60.2,0.03311755677675636,-0.07862836100896668,0.11174591778572304
60.25,-0.06588324864746702,-0.1945497823033007,0.1286665336558337
60.300000000000004,-0.16363954738602987,-0.28607184503243793,0.12243229764640806
60.35,-0.24603187243942337,-0.345980264209125,0.0999483917697016
60.400000000000006,-0.29837099599796507,-0.36734808531363866,0.06897708931567359
60.45,-0.3118197182710672,-0.3495336355870015,0.03771391731593432
60.5,-0.2891696740294279,-0.3051989528119645,0.016029278782536627
60.550000000000004,-0.24540223676568051,-0.2574142744916986,0.01201203772601811
60.6,-0.20196105124113653,-0.22647944743597623,0.024518396194839698
60.650000000000006,-0.17802050169147102,-0.21833480488014176,0.04031430318867074
60.7,-0.18361034732522769,-0.2260486922540497,0.04243834492882201
60.75,-0.2173748840969361,-0.24222801609489852,0.024853131997962435
60.800000000000004,-0.26838601782967036,-0.2678551755368745,-0.0005308422927958745
60.85,-0.31977890344053805,-0.30632017325833916,-0.013458730182198897
60.900000000000006,-0.35273487765282674,-0.34817773036323085,-0.0045571472895958864
60.95,-0.3506987152439837,-0.36480204410289574,0.014103328858912023
61.0,-0.30375819556487743,-0.3227189322677968,0.018960736702919367
61.050000000000004,-0.21194774491560034,-0.20951954282011784,-0.002428202095482501
61.1,-0.08566227996665371,-0.04786579863715713,-0.03779648132949658
61.150000000000006,0.057411227363500385,0.11754573443369933,-0.06013450707019894
61.2,0.1973057578182198,0.25034553934802395,-0.05303978152980415
61.25,0.31618036000927136,0.3432071864529975,-0.02702682644372617
61.300000000000004,0.40060293027440436,0.4103964221732196,-0.009793491898815232
61.35,0.44210720051637625,0.46078238928169873,-0.01867518876532248
61.400000000000006,0.43732574279426506,0.4794065863889042,-0.04208084359463915
61.45,0.38832535779968774,0.4376671370578634,-0.04934177925817568
61.5,0.3026942573182326,0.3237342456630104,-0.021039988344777827
61.550000000000004,0.19279601697923857,0.16372777794368007,0.029068239035558496
61.6,0.07431604276485604,0.011563381946986792,0.06275266081786925
61.650000000000006,-0.035448476753018696,-0.08552376443206841,0.050075287679049715
61.7,-0.11973722259336626,-0.1160822137925506,-0.003655008800815665
61.75,-0.16564395211086638,-0.10396318477899413,-0.06168076733187225
61.800000000000004,-0.16839859619447564,-0.08174631384159921,-0.08665228235287643
61.85,-0.13434951413382432,-0.06426504796340722,-0.0700844661704171
61.900000000000006,-0.07953037763644476,-0.04497018657581221,-0.034560191060632545
61.95,-0.02296142994104884,-0.013608031933543013,-0.009353398007505828
62.0,0.021931323535149417,0.026209429409707476,-0.004278105874558059
62.050000000000004,0.05201657670142491,0.05759688778229358,-0.00558031108086867
62.1,0.07188184384567797,0.06632139305924027,0.005560450786437701
62.150000000000006,0.0863121395822355,0.05366516562631691,0.0326469739559186
62.2,0.09427921695027984,0.03299175261575606,0.06128746433452378
62.25,0.08945584807685067,0.015323398241237931,0.07413244983561273
62.300000000000004,0.06635467806348283,0.0003309944829220383,0.0660236835805608
62.35,0.026212622035314985,-0.01855964866861441,0.04477227070392939
62.400000000000006,-0.02269888005383162,-0.042927731360103305,0.020228851306271684
62.45,-0.07026563539076304,-0.06640478956067382,-0.0038608458300892212
62.5,-0.11022557664539485,-0.0836076599947113,-0.026617916650683554
62.550000000000004,-0.14151306598911492,-0.0993301985102266,-0.04218286747888832
62.6,-0.1650342678195177,-0.1248093747059752,-0.04022489311354249
62.650000000000006,-0.17985870316990576,-0.16262744665305784,-0.017231256516847926
62.7,-0.18253145245739763,-0.19650883119177862,0.013977378734380985
62.75,-0.16932916961735256,-0.19950125791351622,0.030172088296163663
62.800000000000004,-0.13833636162038015,-0.15523108139088673,0.016894719770506578
62.85,-0.08929795937866378,-0.07195873737230976,-0.017339222006354016
62.900000000000006,-0.022642653030758693,0.02489101028043819,-0.047533663311196885
62.95,0.059505440605099026,0.11422339822878722,-0.05471795762368819
63.0,0.15008313154597455,0.19252931215949118,-0.042446180613516626
63.050000000000004,0.23509608342901456,0.2654617172740523,-0.030365633845037765
63.1,0.29663651561278437,0.3281839531017956,-0.03154743748901123
63.150000000000006,0.3204138170735469,0.35828485701090124,-0.037871039937354356
63.2,0.3025803870351019,0.33236183787106127,-0.029781450835959344
63.25,0.25054246371513755,0.25097161034812493,-0.0004291466329873761
63.300000000000004,0.17753076587282388,0.14490721919977576,0.03262354667304812
63.35,0.09604697538604212,0.05298798830768182,0.043058987078360304
63.400000000000006,0.015508208970970038,-0.008668432085276984,0.02417664105624702
63.45,-0.05563388305500454,-0.05500627028214135,-0.0006276127728631897
63.5,-0.10790137577498903,-0.10847493460061822,0.0005735588256291918
63.550000000000004,-0.1329970113960258,-0.16721915682301408,0.03422214542698829
63.6,-0.1289498038538791,-0.19918317051049925,0.07023336665662014
63.650000000000006,-0.10272795317208475,-0.17128407088046407,0.06855611770837933
63.7,-0.06663071291662483,-0.08624456207348381,0.019613849156858987
63.75,-0.03096037521555228,0.010806834742213967,-0.04176720995776625
63.800000000000004,0.0004918852345190312,0.06572970503623808,-0.06523781980171905
63.85,0.02827237629912078,0.05876702264263114,-0.03049464634351036
63.900000000000006,0.05133617547754,0.016855937274790508,0.034480238202749494
63.95,0.06411632475331559,-0.016297071326705066,0.08041339608002065
64.0,0.06003798317756232,-0.021955257841593016,0.08199324101915534
64.05,0.03791535484135162,-0.018439943617629063,0.056355298458980685
64.10000000000001,0.004425300981105303,-0.03333330705214922,0.03775860803325452
64.15,-0.030116784472637687,-0.06735665166344917,0.03723986719081149
64.2,-0.05846977846062748,-0.0903593918431151,0.03188961338248762
64.25,-0.07907978792284169,-0.07550593985052666,-0.0035738480723150334
64.3,-0.0927724014936715,-0.03505444967140757,-0.05771795182226393
64.35000000000001,-0.09826442542416441,-0.015493180541655462,-0.08277124488250895
64.4,-0.09218200301939151,-0.05005723354475367,-0.04212476947463784
64.45,-0.07348157200935192,-0.1137286891436207,0.04024711713426879
64.5,-0.046339551780516276,-0.13053017145643744,0.08419061967592117
64.55,-0.016852627291113694,-0.036100600171548855,0.01924797288043516
64.60000000000001,0.013534514777388044,0.1569897348802324,-0.14345522010284437
64.65,0.04968212950628347,0.35320512895112116,-0.3035229994448377
64.7,0.09539598077805449,0.439864799063275,-0.3444688182852205
64.75,0.1433384081981223,0.3726444065893332,-0.22930599839121088
64.8,0.1739486674157068,0.20856427225533133,-0.03461560483962453
64.85000000000001,0.16807944083518325,0.058585574621098445,0.1094938662140848
64.9,0.1238952184176256,0.0008813907572570117,0.12301382766036859
64.95,0.061660038743056526,0.027496541973394916,0.034163496769661614
65.0,0.009262467829310138,0.06470790757545096,-0.05544543974614082
65.05,-0.02039753051266703,0.0426632447428929,-0.06306077525555993
65.10000000000001,-0.03940191059974011,-0.04849092906984489,0.009089018470104779
65.15,-0.07145268289201599,-0.1597293712913639,0.0882766883993479
65.2,-0.12620899143695558,-0.23127155691058415,0.10506256547362858
65.25,-0.18530960405317642,-0.239693103675026,0.054383499621849574
65.3,-0.21458453277992662,-0.20534404986899243,-0.009240482910934184
65.35000000000001,-0.1927674990570904,-0.16279455558813266,-0.029972943468957736
65.4,-0.13082539873135676,-0.12866976835394736,-0.002155630377409401
65.45,-0.06386733040463732,-0.09616770383800163,0.03230037343336431
65.5,-0.022757575499904786,-0.054583653494741334,0.03182607799483655
65.55,-0.011315649319796813,-0.008566562918085273,-0.0027490864017115403
65.60000000000001,-0.00934632840973202,0.02318405960398154,-0.03253038801371356
65.65,0.0029433773808482163,0.025916725704555815,-0.0229733483237076
65.7,0.023585647640518077,0.0030122232792303702,0.020573424361287708
65.75,0.031197668930505393,-0.02777864532362392,0.05897631425412932
65.8,0.008109233946173942,-0.05030863251992379,0.05841786646609773
65.85000000000001,-0.03891429836925044,-0.061015940499253525,0.022101642130003082
65.9,-0.08101289446107345,-0.06530509106697714,-0.015707803394096304
65.95,-0.09089528597244781,-0.06623585307806489,-0.024659432894382924
66.0,-0.06579648592206515,-0.05960247777921952,-0.006194008142845625
66.05,-0.028814768812648377,-0.04066500769119494,0.011850238878546561
66.10000000000001,-0.008336549328238968,-0.013838510879724972,0.005501961551486004
66.15,-0.015024090985158825,0.0069292057477053646,-0.02195329673286419
66.2,-0.03634743122370264,0.009108054817103832,-0.04545548604080647
66.25,-0.05092401607292561,-0.0066765057498973665,-0.04424751032302825
66.3,-0.04712704185232938,-0.026012704838914217,-0.021114337013415165
66.35000000000001,-0.02908347956488645,-0.03203261663516561,0.0029491370702791585
66.4,-0.007538839332056312,-0.017898092487251983,0.010359253155195671
66.45,0.012522392963418387,0.010758300430931999,0.0017640925324863884
66.5,0.034895786177083325,0.044023492252204914,-0.009127706075121589
66.55,0.06479215502806167,0.0768937176677252,-0.012101562639663527
66.60000000000001,0.10058569417366657,0.11020523196876647,-0.0096195377950999
66.65,0.13323208338588452,0.14369004013944414,-0.010457956753559622
66.7,0.15238169882374578,0.16982835504764457,-0.017446656223898793
66.75,0.15161777875397878,0.17575811708868946,-0.024140338334710687
66.8,0.12838880838073186,0.15170446238830124,-0.02331565400756938
66.85000000000001,0.08205304192263947,0.09792756985438454,-0.01587452793174507
66.9,0.015778337419935,0.02449287740812572,-0.00871453998819072
66.95,-0.05827054875199433,-0.05408464845378751,-0.004185900298206827
67.0,-0.11810440718352394,-0.12292344085315668,0.0048190336696327385
67.05,-0.14120479636749936,-0.16671946924604392,0.02551467287854456
67.10000000000001,-0.11912820586131495,-0.1694877689882671,0.05035956312695214
67.15,-0.06451958020638969,-0.1197160792164676,0.05519649901007791
67.2,-0.00226248462059179,-0.02034860834317374,0.018086123722581948
67.25,0.048950881428996944,0.10478216194934048,-0.055831280520343536
67.3,0.08819179497518738,0.2168943154854132,-0.12870252051022585
67.35000000000001,0.12617688823138912,0.28031696206567286,-0.15414007383428374
67.4,0.16772208571444516,0.2814114453779425,-0.11368935966349733
67.45,0.20084973191504535,0.23452361591476983,-0.033673883999724485
67.5,0.20463419810644226,0.17025679773749866,0.0343774003689436
67.55,0.16914983117074436,0.11486993840794256,0.054279892762801804
67.60000000000001,0.10791194270775004,0.0761016218902937,0.03181032081745634
67.65,0.04947390973799285,0.04482214136242373,0.004651768375569118
67.7,0.014842296875417127,0.00887062802064062,0.005971668854776508
67.75,0.0015004696883352178,-0.033736286572414655,0.035236756260749874
67.8,-0.01113707353396025,-0.07310870702939902,0.06197163349543877
67.85000000000001,-0.04048243930337753,-0.09752123293684843,0.0570387936334709
67.9,-0.08426369895192536,-0.10537153732443393,0.02110783837250857
67.95,-0.1239796857052617,-0.10805544474670778,-0.015924240958553923
68.0,-0.14359851032737495,-0.12087453803563702,-0.02272397229173792
68.05,-0.14412784163566966,-0.1494016038511951,0.005273762215525446
68.10000000000001,-0.139722267155896,-0.18269985528483457,0.042977588128938565
68.15,-0.14021348171075987,-0.19937086306436572,0.05915738135360585
68.2,-0.1387687420125435,-0.18217813204831465,0.043409390035771156
68.25,-0.1179797618582958,-0.1302448492271308,0.012265087368835012
68.3,-0.06875374028879712,-0.0598541666321157,-0.008899573656681418
68.35000000000001,-0.003103220256823407,0.006145293027505979,-0.009248513284329386
68.4,0.052429273995330844,0.05176257415908254,0.0006666998362483065
68.45,0.07718628146537033,0.07422571822387301,0.0029605632414973215
68.5,0.07183855924952241,0.08001082618677195,-0.00817226693724954
68.55,0.05506567133585779,0.07591811791220618,-0.02085244657634839
68.60000000000001,0.04559268045133453,0.06384015313469082,-0.018247472683356296
68.65,0.04684958183187286,0.04327209021732751,0.0035774916145453473
68.7,0.047712052768526636,0.01772310117231381,0.029988951596212825
68.75,0.03674635564343026,-0.00259710972127313,0.039343465364703394
68.8,0.015143788407211863,-0.005695689937213684,0.020839478344425545
68.85000000000001,-0.003756842751176332,0.013386471867375361,-0.017143314618551692
68.9,-0.006765639388875133,0.04769439687411513,-0.05446003626299026
68.95,0.007389639593245302,0.08199698358170947,-0.07460734398846416
69.0,0.02734469196010127,0.10203856998199827,-0.074693878021897
69.05,0.038842814251495376,0.10190655447308981,-0.06306374022159444
69.10000000000001,0.03543841908500287,0.08446568984638758,-0.04902727076138471
69.15,0.02160471058852086,0.05651357719336197,-0.034908866604841104
69.2,0.007728978216314013,0.0245036413795587,-0.016774663163244687
69.25,0.0028588091172216013,-0.005522136973393485,0.008380946090615087
69.3,0.010593581793806341,-0.02591315714032958,0.03650673893413592
69.35000000000001,0.028827038531798018,-0.0282865601435762,0.057113598675374216
69.4,0.05110451944293991,-0.008980652047161301,0.06008517149010121
69.45,0.06839817520911343,0.025251092824863042,0.043147082384250385
69.5,0.07203701298497552,0.057727284756782384,0.014309728228193132
69.55,0.057800876469379356,0.07023346295510607,-0.012432586485726718
69.60000000000001,0.028605664375214366,0.05375350261245885,-0.025147838237244483
69.65,-0.007175232882216604,0.01327009115609106,-0.020445324038307663
69.7,-0.04111394166349642,-0.03678445429174101,-0.004329487371755411
69.75,-0.06910654272584729,-0.08190113677160621,0.012794594045758917
69.8,-0.09044898869432665,-0.11366562852031836,0.023216639825991717
69.85000000000001,-0.1028491971325765,-0.1288128693673582,0.0259636722347817
69.9,-0.09958302221742348,-0.12464864327997639,0.025065621062552917
69.95,-0.07351276311805573,-0.09757892667828116,0.024066163560225437
70.0,-0.02541545930384689,-0.04749026022255706,0.022074800918710172
70.05,0.03161347923119887,0.016304292269428894,0.015309186961769979
70.10000000000001,0.07746187848158664,0.07466561499086796,0.002796263490718681
70.15,0.09684242282674892,0.10649125115190221,-0.009648828325153291
70.2,0.08786762817494906,0.10003653296516705,-0.012168904790217996
70.25,0.060234696360774685,0.059344268155034505,0.0008904282057401805
70.3,0.02556674212110936,0.0010995087335585357,0.024467233387550823
70.35000000000001,-0.010532581872632285,-0.055355245551296624,0.04482266367866434
70.4,-0.04784775762784005,-0.0974716158783849,0.049623858250544856
70.45,-0.08488685423219705,-0.12264697454591697,0.03776012031371992
70.5,-0.11488081775017078,-0.13488249576334982,0.020001678013179036
70.55,-0.12962421411734198,-0.13914712347372812,0.009522909356386139
70.60000000000001,-0.1271236636319573,-0.13780316867768788,0.010679505045730592
70.65,-0.1142648202113832,-0.1305254797494985,0.016260659538115285
70.7,-0.10078103866348247,-0.11638562109504891,0.015604582431566441
70.75,-0.09036171124312978,-0.09606433609579164,0.005702624852661861
70.8,-0.0783166669789535,-0.07290577303618365,-0.005410893942769848
70.85000000000001,-0.05856259416988071,-0.052328975881703786,-0.006233618288176923
70.9,-0.03264099162184826,-0.03963202999395805,0.0069910383721097855
70.95,-0.010854053064428593,-0.03703817067708663,0.02618411761265804
71.0,-0.0036083110560294627,-0.04186150417525696,0.0382531931192275
71.05,-0.01148747364331902,-0.04765591742933687,0.03616844378601785
71.10000000000001,-0.024317346306458792,-0.04824871183175418,0.023931365525295387
71.15,-0.030391150830929317,-0.04183589003821373,0.011444739207284414
71.2,-0.026494435123917165,-0.03155076738657744,0.005056332262660272
71.25,-0.01857599602886998,-0.021566382722527994,0.002990386693658014
71.3,-0.012859092123083234,-0.011949460062755095,-0.0009096320603281388
71.35000000000001,-0.007402024996962543,0.0028069445752079655,-0.010208969572170509
71.4,0.006364658425858266,0.029519723059150786,-0.02315506463329252
71.45,0.033453316421108076,0.0695080233293501,-0.03605470690824203
71.5,0.06751899017779814,0.1151872806573468,-0.04766829047954867
71.55,0.09444120884229074,0.15344170428384754,-0.059000495441556805
71.60000000000001,0.10432313884335066,0.17336989983170445,-0.06904676098835379
71.65,0.09967665060664699,0.17225080711859206,-0.07257415651194507
71.7,0.09114137876718194,0.15527326841640673,-0.0641318896492248
71.75,0.08515526679483922,0.13004575691750186,-0.04489049012266265
71.8,0.0768290395444124,0.10109092279528675,-0.024261883250874347
71.85000000000001,0.056168806151158934,0.06883851895505866,-0.012669712803899724
71.9,0.021616102499653952,0.0331527218028507,-0.011536619303196747
71.95,-0.013573578743336033,-0.0024794463212539997,-0.011094132422082032
72.0,-0.030011081689198853,-0.030035387000471238,2.430531127238511e-05
72.05,-0.01847037706242912,-0.04008791996732574,0.02161754290489662
72.10000000000001,0.011982868931184235,-0.026628026800014824,0.03861089573119906
72.15,0.042203025372151814,0.009403689868630171,0.03279933550352164
72.2,0.0595352986819714,0.05939724565370816,0.000138053028263245
72.25,0.06651103889304016,0.10912910909775238,-0.04261807020471221
72.3,0.0736307060224638,0.14296907256685337,-0.06933836654438957
72.35000000000001,0.0845285558663811,0.1493066180990542,-0.06477806223267311
72.4,0.08951881492709186,0.125383387882472,-0.03586457295538013
72.45,0.07466705104411088,0.0789201821970612,-0.004253131152950326
72.5,0.03723768476033957,0.02484020609084524,0.012397478669494328
72.55,-0.008553492404233184,-0.021659086175892964,0.01310559377165978
72.60000000000001,-0.04194817720180853,-0.05157885731994587,0.009630680118137336
72.65,-0.05239921657642256,-0.06410765565306,0.011708439076637434
72.7,-0.04653898473218921,-0.06355909574241646,0.017020111010227247
72.75,-0.03919529330992348,-0.0546376597974582,0.01544236648753472
72.8,-0.038155691592707534,-0.04018870221650684,0.0020330106237993056
72.85000000000001,-0.03798592251136613,-0.02250006848045259,-0.01548585403091354
72.9,-0.028234375990748916,-0.0054143299598277276,-0.02282004603092119
72.95,-0.00650397759193659,0.006135606718415086,-0.012639584310351677
73.0,0.01754929599955264,0.00942930783006074,0.008119988169491901
73.05,0.031165740254637777,0.006818134537097119,0.024347605717540657
73.10000000000001,0.030676464390376513,0.004744097482245453,0.025932366908131062
73.15,0.024304604112747867,0.009116042847086323,0.015188561265661545
73.2,0.023196719441125165,0.020902348129280386,0.002294371311844779
73.25,0.0305098245236721,0.03573848790530109,-0.00522866338162899
73.3,0.03972141926221945,0.04759423242538222,-0.007872813163162774
73.35000000000001,0.04294600685293035,0.05290863052026557,-0.009962623667335219
73.4,0.039468924862796545,0.051673344830514896,-0.012204419967718351
73.45,0.03521667829320395,0.04538750548143941,-0.010170827188235462
73.5,0.03445287461952594,0.0348444435048501,-0.00039156888532416306
73.55,0.03374270474990829,0.02023809336931286,0.013504611380595426
73.60000000000001,0.025522009832601018,0.0029297833708158325,0.022592226461785186
73.65,0.007515889468961876,-0.013899787367167597,0.021415676836129473
73.7,-0.01284830695883962,-0.02716816267681703,0.014319855717977408
73.75,-0.024888634721014852,-0.03663511406834961,0.011746479347334755
73.8,-0.025874045146192487,-0.045395948869231754,0.019521903723039268
73.85000000000001,-0.024977450489058795,-0.057251184006663035,0.032273733517604236
73.9,-0.03492810454396835,-0.0734535347060218,0.038525430162053446
73.95,-0.05917657163196008,-0.0920505951419334,0.032874023509973316
74.0,-0.08755576484086973,-0.11016625333715753,0.0226104884962878
74.05,-0.10513218640216992,-0.12627640809900598,0.021144221696836052
74.10000000000001,-0.1055750946169019,-0.1396802678678911,0.03410517325098919
74.15,-0.09580396978367338,-0.1480075513996485,0.05220358161597512
74.2,-0.08769181361864543,-0.1466063921203833,0.058914578501737855
74.25,-0.08581710248079849,-0.13214726055457598,0.046330158073777494
74.3,-0.08395057852804684,-0.10774886604314218,0.023798287515095343
74.35000000000001,-0.07346268180777198,-0.08378734898537003,0.010324667177598057
74.4,-0.05427171632017973,-0.0715137174388884,0.017242001118708675
74.45,-0.036481176595946505,-0.07369857771229998,0.03721740111635348
74.5,-0.03084237169372499,-0.08077734653667326,0.049934974842948274
74.55,-0.03791256189936829,-0.07727370439834239,0.03936114249897409
74.60000000000001,-0.04697473676479574,-0.05412196634862587,0.007147229583830135
74.65,-0.04552267813258707,-0.016363354054861102,-0.02915932407772597
74.7,-0.029500634527418645,0.02099869561373531,-0.05049933014115396
74.75,-0.004577306083276312,0.045734421486021734,-0.05031172756929805
74.8,0.02117859500327193,0.05835683915961573,-0.0371782441563438
74.85000000000001,0.044084935107473765,0.07010488300293234,-0.026019947895458577
74.9,0.06389439147808099,0.09060414166665444,-0.026709750188573453
74.95,0.07782365356441266,0.11659327610732936,-0.0387696225429167
75.0,0.07859710544997718,0.13251357983789203,-0.053916474387914845
75.05,0.06081755356041521,0.12313829378336222,-0.06232074022294701
75.10000000000001,0.029408659954353246,0.08739549845335588,-0.05798683849900264
75.15,-0.0002971832047987812,0.04118838695589426,-0.04148557016069304
75.2,-0.01341006009188148,0.006548354302771344,-0.019958414394652825
75.25,-0.007798349541200739,-0.0037901043191773858,-0.004008245222023353
75.3,0.004614750790474138,0.006235224566971649,-0.0016204737764975103
75.35000000000001,0.009759402515448974,0.021893698848409044,-0.01213429633296007
75.4,0.0051818885513616126,0.030668176388643723,-0.02548628783728211
75.45,0.001824949369883155,0.03104613206458204,-0.029221182694698887
75.5,0.011823817045531725,0.030602383079959657,-0.018778566034427933
75.55,0.03467650217446756,0.036666315138162056,-0.001989812963694493
75.60000000000001,0.0560967662279641,0.04869147108966311,0.007405295138300988
75.65,0.061032819912748296,0.05877887017978536,0.0022539497329629385
75.7,0.04779047146874182,0.05895780667539853,-0.011167335206656713
75.75,0.029023550690816073,0.04816912173410568,-0.019145571043289608
75.8,0.018855652894848942,0.03297753290839679,-0.01412188001354785
75.85000000000001,0.019561634336749085,0.022039780923689297,-0.0024781465869402122
75.9,0.021313234873553754,0.0195236701740411,0.001789564699512653
75.95,0.014502934435784308,0.02281015662078254,-0.008307222184998233
76.0,0.0009373526285280142,0.02558676911620752,-0.02464941648767951
76.05,-0.008257941201112368,0.023035775449884895,-0.03129371665099726
76.10000000000001,-0.0055599800103553814,0.014830466103115524,-0.020390446113470906
76.15,0.00364955711109833,0.004222523920888402,-0.0005729668097900716
76.2,0.006160400477150551,-0.005128097619910042,0.011288498097060593
76.25,-0.0045224401658063304,-0.011599224526945107,0.007076784361138777
76.3,-0.019953939743158403,-0.01566616848628979,-0.0042877712568686124
76.35000000000001,-0.02462590735744554,-0.018254387378173347,-0.006371519979272194
76.4,-0.012619134554920709,-0.01933318083362481,0.006714046278704101
76.45,0.004486170907501045,-0.018073525717848236,0.02255969662534928
76.5,0.007866471383087683,-0.014207912092405718,0.0220743834754934
76.55,-0.009386889330946413,-0.009031912149755603,-0.00035497718119081
76.60000000000001,-0.03348641219964453,-0.004757538313950346,-0.028728873885694183
76.65,-0.04125748887617374,-0.0024150071886901267,-0.03884248168748361
76.7,-0.021276163782058467,1.1386487310192811e-05,-0.02128755026936866
76.75,0.015581144757897927,0.007294038344130353,0.008287106413767575
76.80000000000001,0.046370516258645515,0.023983830580722502,0.022386685677923013
76.85000000000001,0.05684030576926759,0.05032941031720174,0.006510895452065846
76.9,0.05240573818838802,0.07996499891742874,-0.02755926072904072
76.95,0.04937882754729487,0.10154840365535435,-0.05216957610805948
77.0,0.05647135828051432,0.10410249116100334,-0.04763113288048902
77.05000000000001,0.06580615222422057,0.0832174511233048,-0.01741129889908423
77.10000000000001,0.06210201868625515,0.04434242405029636,0.01775959463595879
77.15,0.03971022667775986,0.0008928973387824293,0.038817329338977434
77.2,0.009468777623006623,-0.03206588360072473,0.04153466122373135
77.25,-0.011521729657861851,-0.04515045994090323,0.03362873028304138
77.30000000000001,-0.016197777096490156,-0.03897535231541979,0.022777575218929636
77.35000000000001,-0.013010165256189069,-0.023163029085881335,0.010152863829692266
77.4,-0.015559559311215337,-0.01076907905087228,-0.004790480260343058
77.45,-0.02806086063187781,-0.011354531363998279,-0.01670632926787953
77.5,-0.04210482078392403,-0.0265199703082428,-0.015584850475681231
77.55000000000001,-0.04740710960649645,-0.05007449324761466,0.0026673836411182095
77.60000000000001,-0.04391407688360761,-0.07216555764611222,0.028251480762504617
77.65,-0.04137619827411122,-0.08444212479354482,0.0430659265194336
77.7,-0.04666232629143174,-0.08313949013770015,0.036477163846268416
77.75,-0.053262947072383035,-0.06892861535053435,0.015665668278151315
77.80000000000001,-0.04591669945074431,-0.04491189765731231,-0.0010048017934320003
77.85000000000001,-0.01710218906949567,-0.015188455952660232,-0.001913733116835438
77.9,0.021652495977280983,0.014901286192115268,0.006751209785165715
77.95,0.046845373485126865,0.038127095584469396,0.008718277900657469
78.0,0.043243585958265246,0.04662093926008057,-0.0033773533018153223
78.05000000000001,0.017866716808257337,0.035706148464651526,-0.01783943165639419
78.10000000000001,-0.006523954391904355,0.007998157688385639,-0.014522112080289994
78.15,-0.012591994748122398,-0.025921760096932193,0.013329765348809796
78.2,-0.0036076522781029515,-0.051964175683849666,0.04835652340574671
78.25,0.002223809616413074,-0.05979187626177872,0.06201568587819179
78.30000000000001,-0.007738266692241535,-0.04802385818137371,0.040285591489132175
78.35000000000001,-0.026276411732659932,-0.02395003101859589,-0.0023263807140640434
78.4,-0.033069989378501634,0.001424095337996631,-0.034494084716498265
78.45,-0.016006938458677098,0.01891038249264999,-0.03491732095132709
78.5,0.014454535766431655,0.023702911850780477,-0.009248376084348822
78.55000000000001,0.03285712475595127,0.014869184833348644,0.017987939922602624
78.60000000000001,0.021568357919354963,-0.005720963397054049,0.027289321316409012
78.65,-0.01303925869423421,-0.03332946240601826,0.020290203711784048
78.7,-0.04661054393274949,-0.06037326305279015,0.013762719120040658
78.75,-0.059073067595518815,-0.07895548874141475,0.01988242114589594
78.80000000000001,-0.05175669873801819,-0.08575129487362383,0.03399459613560564
78.85000000000001,-0.04353663718594723,-0.08522615986945484,0.041689522683507604
78.9,-0.05074353080631328,-0.08675739669055917,0.036013865884245884
78.95,-0.07078188286779952,-0.0960978636513238,0.02531598078352429
79.0,-0.0848147555751504,-0.10783883752691802,0.02302408195176761
79.05000000000001,-0.07587490586668866,-0.10659954703126424,0.030724641164575586
79.10000000000001,-0.04436379959912751,-0.07811980152169136,0.03375600192256385
79.15,-0.006621260689610095,-0.02223862058531509,0.015617359895704994
79.2,0.0206681660864417,0.04350823641767867,-0.02284007033123697
79.25,0.03433214137844662,0.0941749220079741,-0.059842780629527484
79.30000000000001,0.04403805167078136,0.11437195465449493,-0.07033390298371356
79.35000000000001,0.05937831063632701,0.10836368128621407,-0.04898537064988706
79.4,0.07856840327442989,0.09494018161242429,-0.0163717783379944
79.45,0.08981092006660982,0.09137528513912817,-0.0015643650725183506
79.5,0.08311948360648444,0.09989680618404614,-0.016777322577561704
79.55000000000001,0.0603671478733048,0.10760353287377832,-0.047236385000473516
79.60000000000001,0.0339280745905333,0.09899523038638196,-0.06506715579584865
79.65,0.015928055511472965,0.06978958976662965,-0.05386153425515668
79.7,0.008846179082039666,0.030538165297712198,-0.021691986215672532
79.75,0.005953696893067783,-0.0018422450547002363,0.007795941947768019
79.80000000000001,1.990237135822832e-05,-0.016307995716787423,0.01632789808814565
79.85000000000001,-0.0088708402212863,-0.013507509911247136,0.004636669689960836
79.9,-0.013779467128229913,-0.0020408255460519754,-0.011738641582177937
79.95,-0.008533906380006185,0.009484627976308339,-0.018018534356314522
80.0,0.005262605738039587,0.01711233652146291,-0.011849730783423322
