x,yobs,ycalc,ydiff
0.05,-7.69379016249131e-12,-0.039482992668472716,0.039482992660778926
0.1,-2.192186762287117e-10,-0.056947236278020556,0.05694723605880188
0.15000000000000002,-1.2669709509408328e-08,-0.053676927895631,0.05367691522592149
0.2,-1.5532132510710078e-07,-0.05297414811058808,0.05297399278926297
0.25,-3.7552163262651063e-07,-0.07560141707414694,0.07560104155251432
0.30000000000000004,4.29853555356968e-06,-0.11768479189450234,0.11768909043005592
0.35000000000000003,4.001109595387154e-05,-0.15449344284092506,0.15453345393687892
0.4,0.00016499710514586045,-0.1664744383482458,0.16663943545339166
0.45,0.0003912432747113473,-0.16028225544325442,0.16067349871796577
0.5,0.0004147259696470737,-0.16228353259824038,0.16269825856788744
0.55,-0.0007183657645911648,-0.1907523702691814,0.19003400450459024
0.6000000000000001,-0.004399078827161257,-0.23589412526103243,0.23149504643387117
0.65,-0.010910675167568142,-0.269432181213079,0.25852150604551083
0.7000000000000001,-0.01676275500071049,-0.27458196898774223,0.2578192139870317
0.75,-0.01326137946041811,-0.26488065979949754,0.25161928033907943
0.8,0.010002467110310574,-0.2708658891453436,0.28086835625565415
0.8500000000000001,0.055453448190636155,-0.30736642740865755,0.3628198755992937
0.9,0.10685770143174958,-0.3560938180614558,0.46295151949320534
0.9500000000000001,0.12876640692285757,-0.3838077888503532,0.5125741957732108
1.0,0.08455135524385453,-0.37862865369524706,0.4631800089391016
1.05,-0.03261860361449301,-0.36539312665343615,0.33277452303894317
1.1,-0.1785733644362274,-0.3805724892947286,0.2019991248585012
1.1500000000000001,-0.2723634614281945,-0.43080625082125695,0.15844278939306244
1.2000000000000002,-0.24959235771582833,-0.48101367367334597,0.23142131595751764
1.25,-0.12224195965511786,-0.4909219176433705,0.36867995798825265
1.3,0.007781059559169077,-0.4654826030257767,0.4732636625849458
1.35,0.011309875599403463,-0.4602713315688926,0.47158120716829605
1.4000000000000001,-0.15929677269931944,-0.5205134538804461,0.3612166811811267
1.4500000000000002,-0.3980453746766112,-0.6036110778386882,0.20556570316207695
1.5,-0.4858901983996772,-0.5700990224190301,0.08420882401935292
1.55,-0.24212098426521395,-0.28105830053354475,0.0389373162683308
1.6,0.3129005852996211,0.25930891890250296,0.053591666397118154
1.6500000000000001,0.9177303686834877,0.8408522903502784,0.07687807833320925
1.7000000000000002,1.2133480482209347,1.1475054847604391,0.06584256346049555
1.75,0.9912914264514622,0.9748818053492211,0.01640962110224109
1.8,0.3687605098229317,0.4076295328010522,-0.038869022978120504
1.85,-0.2551852901268764,-0.19504934582033145,-0.06013594430654495
1.9000000000000001,-0.45445224440636384,-0.4219660416494078,-0.03248620275695602
1.9500000000000002,-0.07005787614125887,-0.09282467105781621,0.022766794916557337
2.0,0.6705563174264696,0.6055600746343712,0.06499624279209837
2.0500000000000003,1.3019021491147336,1.2361208395673753,0.06578130954735828
2.1,1.4322686063031382,1.4011175030342393,0.031151103268898916
2.15,0.9942104854549653,0.9964458914720249,-0.002235406017059627
2.2,0.2593322233659092,0.25362581358690384,0.005706409779005384
2.25,-0.3766632631096661,-0.4448925427787229,0.06822927966905684
2.3000000000000003,-0.6654642360429561,-0.8266464025089022,0.16118216646594608
2.35,-0.6350854910171078,-0.8748982043584236,0.23981271334131582
2.4000000000000004,-0.5036034806137829,-0.7732811848059935,0.2696777041922106
2.45,-0.4741986569404818,-0.7223671565854379,0.24816849964495613
2.5,-0.5845126152883586,-0.7861891941174891,0.20167657882913048
2.5500000000000003,-0.7165916488683033,-0.8797264532603656,0.1631348043920623
2.6,-0.7320150912632142,-0.8809628612861783,0.1489477700229641
2.6500000000000004,-0.6018784631516245,-0.7539119064948001,0.1520334433431756
2.7,-0.4242989576858752,-0.5768923653632707,0.1525934076773955
2.75,-0.3303176729092789,-0.46488933246234515,0.13457165955306627
2.8000000000000003,-0.3730346184059235,-0.4676855168722235,0.09465089846629998
2.85,-0.49743148521241565,-0.5378167702484183,0.040385285036002694
2.9000000000000004,-0.6071709981280128,-0.5907308018330141,-0.01644019629499871
2.95,-0.6577001702925225,-0.5932790951403802,-0.06442107515214224
3.0,-0.6883041253884411,-0.5939785150047983,-0.09432561038364284
3.0500000000000003,-0.7685608117831607,-0.6672667697179944,-0.10129404206516635
3.1,-0.9159241902357805,-0.827951800466279,-0.0879723897695015
3.1500000000000004,-1.0666809539938895,-1.0024246829683494,-0.0642562710255401
3.2,-1.1303788095906318,-1.0901792882891488,-0.040199521301482966
3.25,-1.0764039281959732,-1.0601728758865034,-0.01623105230946975
3.3000000000000003,-0.9659422562656833,-0.9851700025049047,0.01922774623922141
3.35,-0.8885237463122677,-0.9675550021721133,0.0790312558598456
3.4000000000000004,-0.8525409280638728,-1.013134345653887,0.16059341759001422
3.45,-0.7334911582353517,-0.9725996747509508,0.23910851651559906
3.5,-0.3478362838472129,-0.6283664570915896,0.2805301732443767
3.5500000000000003,0.3842349620023402,0.11777809194579911,0.26645687005654106
3.6,1.3123366855657734,1.1022786041261687,0.2100580814396047
3.6500000000000004,2.0833565323245296,1.9357111880002706,0.1476453443242589
3.7,2.3316622746274938,2.2203883325058658,0.111273942121628
3.75,1.911204276139627,1.8060194562493443,0.10518481989028272
3.8000000000000003,1.0033401654271674,0.8971666786090934,0.10617348681807404
3.85,0.01622495825794925,-0.0705985631984851,0.08682352145643435
3.9000000000000004,-0.6577310500121717,-0.6980461724803377,0.04031512246816604
3.95,-0.857225367000289,-0.8422079166701775,-0.015017450330111481
4.0,-0.6970432676706769,-0.6431808688874269,-0.053862398783250054
4.05,-0.4315556813188395,-0.36494468806123,-0.0666109932576095
4.1000000000000005,-0.25720383951267173,-0.19168347021960963,-0.0655203692930621
4.15,-0.20318041426429923,-0.1330186094285516,-0.07016180483574763
4.2,-0.1713579212461608,-0.08383484348372375,-0.08752307776243706
4.25,-0.06282204770160944,0.04306712845580958,-0.10588917615741902
4.3,0.1276857464409972,0.2348201551479367,-0.1071344087069395
4.3500000000000005,0.3196017453041344,0.4039895828118418,-0.0843878375077074
4.4,0.42846938697689324,0.4766588859382453,-0.04818949896135205
4.45,0.4360169138700356,0.45271565754037074,-0.016698743670335137
4.5,0.38905361007325356,0.3899228263630799,-0.0008692162898263356
4.55,0.3425329759334959,0.34128586774543235,0.0012471081880635615
4.6000000000000005,0.3102438146539567,0.31259559593541203,-0.0023517812814553563
4.65,0.2677795391314451,0.2754859211100217,-0.007706381978576593
4.7,0.1941169565394123,0.21119471638434645,-0.01707775984493415
4.75,0.10191805499832403,0.1339005338793713,-0.03198247888104726
4.800000000000001,0.02540735494092879,0.07171414461781243,-0.04630678967688365
4.8500000000000005,-0.01673628470066593,0.03195411917992043,-0.04869040388058636
4.9,-0.04034326728847061,-0.007196739698238214,-0.0331465275902324
4.95,-0.07557464159578503,-0.0682185786127362,-0.007356062983048833
5.0,-0.13023615178670772,-0.14097972135591175,0.010743569569204026
5.050000000000001,-0.17701816581728355,-0.18351592009313414,0.006497754275850587
5.1000000000000005,-0.17893050915747785,-0.15953164293211575,-0.019398866225362105
5.15,-0.12593477524401148,-0.07469741580625208,-0.051237359437759394
5.2,-0.04358747961294361,0.02753694072214825,-0.07112442033509186
5.25,0.03580414831019102,0.10919181603505909,-0.07338766772486807
5.300000000000001,0.10892542215817179,0.17723646377071636,-0.06831104161254457
5.3500000000000005,0.20530026346216712,0.2775230405491028,-0.0722227770869357
5.4,0.352976373958539,0.44550456439014985,-0.09252819043161087
5.45,0.5395422500220128,0.6599182314744708,-0.12037598145245798
5.5,0.7080208976726404,0.8452401385930816,-0.13721924092044113
5.550000000000001,0.7933386130235074,0.9234839169366106,-0.1301453039131032
5.6000000000000005,0.7657697157361436,0.8693997143827292,-0.10362999864658562
5.65,0.6424113642876474,0.7202629390603026,-0.07785157477265514
5.7,0.4607235220265209,0.5347066307932286,-0.07398310876670766
5.75,0.2453132772738605,0.34260981573208843,-0.09729653845822792
5.800000000000001,0.0032241464549615613,0.13471393297994325,-0.1314897865249817
5.8500000000000005,-0.2488862272726764,-0.09904812444419689,-0.1498381028284795
5.9,-0.4570864224053755,-0.3213415570400145,-0.135744865365361
5.95,-0.5364208937925906,-0.439542308788828,-0.09687858500376262
6.0,-0.4144654734219146,-0.3537498375311322,-0.06071563589078238
6.050000000000001,-0.08118515971452295,-0.027769874147048575,-0.05341528556747437
6.1000000000000005,0.3921088782448717,0.4700430008164967,-0.07793412257162502
6.15,0.8771880016443537,0.9864536408488446,-0.10926563920449084
6.2,1.2387188733319336,1.3505080578029436,-0.11178918447100994
6.25,1.3806925486512003,1.4464562487105692,-0.06576370005936893
6.300000000000001,1.2719778151350158,1.254104622640667,0.017873192494348933
6.3500000000000005,0.9493687893267527,0.8435748766602679,0.10579391266648486
6.4,0.5022942623832869,0.3362550285133252,0.16603923386996167
6.45,0.04196591472079695,-0.14556247289157467,0.18752838761237162
6.5,-0.3388523254892491,-0.5196849232574252,0.18083259776817612
6.550000000000001,-0.5990148059638291,-0.7619817087547345,0.16296690279090542
6.6000000000000005,-0.754635144140589,-0.8967486576016902,0.14211351346110124
6.65,-0.8511472484857837,-0.9667684164687282,0.11562116798294453
6.7,-0.9215134107684827,-1.0015701022395471,0.08005669147106442
6.75,-0.9636124545335436,-1.0041010830909491,0.04048862855740554
6.800000000000001,-0.9541795188075803,-0.9628681683156399,0.008688649508059587
6.8500000000000005,-0.8832317532036649,-0.8761401925222637,-0.0070915606814011545
6.9,-0.773118286872346,-0.7642740355413801,-0.008844251330965891
6.95,-0.6611618528905888,-0.6568543633945729,-0.004307489496015893
7.0,-0.5618287510818741,-0.5654604540045819,0.003631702922707758
7.050000000000001,-0.44749977890293435,-0.46869847369256373,0.02119869478962938
7.1000000000000005,-0.271867681647423,-0.32765313852250183,0.055785456875078854
7.15,-0.019411203260652144,-0.12309840301377374,0.1036871997531216
7.2,0.26299257917680596,0.11554178686652115,0.1474507923102848
7.25,0.48323739639476265,0.3154339040023511,0.16780349239241155
7.300000000000001,0.5587303305732166,0.39892803649238123,0.1598022940808354
7.3500000000000005,0.46539031816957543,0.32817077477199696,0.13721954339757847
7.4,0.24456453106323206,0.12461621232863526,0.1199483187345968
7.45,-0.030849546276865113,-0.1469313852604135,0.11608183898354837
7.5,-0.2977814120049091,-0.4138492357828792,0.11606782377797009
7.550000000000001,-0.5201992358473817,-0.6247507870188229,0.10455155117144121
7.6000000000000005,-0.6795641635329013,-0.7572717308958347,0.07770756736293338
7.65,-0.761066843732632,-0.8091874312601726,0.04812058752754056
7.7,-0.7557042879353115,-0.7875112870707403,0.031806999135428726
7.75,-0.6747526337815779,-0.7051292094081639,0.030376575626586022
7.800000000000001,-0.5559574726642571,-0.5828863577287081,0.026928885064451014
7.8500000000000005,-0.4480851533936862,-0.44912728861417217,0.0010421352204859624
7.9,-0.38341384456548516,-0.3325249673357548,-0.050888877229730345
7.95,-0.36124087296310936,-0.25161617415093634,-0.10962469881217302
8.0,-0.35549017394284266,-0.20776453899947933,-0.14772563494336333
8.05,-0.33703247531234687,-0.18532223761151861,-0.15171023770082825
8.1,-0.2896627895683227,-0.15789177750757924,-0.13177101206074346
8.15,-0.2085699409001635,-0.09739793577391509,-0.11117200512624842
8.200000000000001,-0.08951468771832413,0.016650755074852006,-0.10616544279317613
8.25,0.07499484097858478,0.18964627122816696,-0.11465143024958219
8.3,0.2867217424808746,0.4086264212578715,-0.1219046787769969
8.35,0.5302000520952476,0.6456714686591887,-0.11547141656394111
8.4,0.7727135800078712,0.8674038858455001,-0.09469030583762894
8.450000000000001,0.9776155899237798,1.0457336957111598,-0.06811810578737998
8.5,1.1188894989502196,1.1635899516084718,-0.04470045265825218
8.55,1.184496194034627,1.2132478554790702,-0.02875166144444319
8.6,1.1691902574436865,1.1910952831268766,-0.021905025683190082
8.65,1.0690212282344793,1.095398690725286,-0.026377462490806636
8.700000000000001,0.8865830699978331,0.9299201333861669,-0.04333706338833376
8.75,0.6417102404264943,0.7095066596031343,-0.06779641917664003
8.8,0.3730396270122836,0.4606577443446643,-0.08761811733238067
8.85,0.12293857025316783,0.21389821525147998,-0.09095964499831215
8.9,-0.08459798143250744,-0.007825735332448088,-0.07677224610005935
8.950000000000001,-0.2540576900560918,-0.1963943441630811,-0.0576633458930107
9.0,-0.40635685775427266,-0.35601961528767934,-0.050337242466593324
9.05,-0.5538266102544922,-0.49298329571316524,-0.060843314541326965
9.1,-0.6829360852322512,-0.6050765562430411,-0.07785952898921011
9.15,-0.7584002983402575,-0.6777547547633324,-0.0806455435769251
9.200000000000001,-0.7439932079227157,-0.6888823555366049,-0.0551108523861108
9.25,-0.6230318945314135,-0.6187230956966304,-0.004308798834783079
9.3,-0.4051888214064347,-0.459988240603463,0.0547994191970283
9.35,-0.1201187779054557,-0.22417825521304907,0.10405947730759336
9.4,0.19200741560833523,0.05724634736228619,0.13476106824604905
9.450000000000001,0.48552392434675457,0.33696075722122815,0.14856316712552642
9.5,0.7117465862085142,0.5607003164679547,0.15104626974055946
9.55,0.825771584415344,0.679819849643097,0.145951734772247
9.600000000000001,0.7997853232206122,0.6648580746497249,0.13492724857088734
9.65,0.6363048954266768,0.5159857259667878,0.12031916945988896
9.700000000000001,0.37138947937432093,0.2657835229088129,0.10560595646550802
9.75,0.06344586569278976,-0.028661229766867333,0.09210709545965709
9.8,-0.22728686220397032,-0.3035481156472112,0.07626125344324086
9.850000000000001,-0.4579827916220323,-0.5101089127401791,0.052126121118146795
9.9,-0.6123768653026791,-0.6304915804920248,0.01811471518934571
9.950000000000001,-0.6973151003455269,-0.6788550082701633,-0.018460092075363588
10.0,-0.7304517708137854,-0.6859698467237041,-0.04448192409008134
10.05,-0.7263440265998211,-0.6760322380679769,-0.05031178853184426
10.100000000000001,-0.6884326265130221,-0.6507368389741361,-0.037695787538885916
10.15,-0.6112416439558288,-0.5917843133167094,-0.019457330639119363
10.200000000000001,-0.4910089338574437,-0.4800204851353967,-0.010988448722047017
10.25,-0.33671001792485156,-0.31653822332759857,-0.02017179459725299
10.3,-0.17198706144468084,-0.12891185695940835,-0.043075204485272495
10.350000000000001,-0.024594944650688868,0.043085316399582414,-0.06768026105027128
10.4,0.08999209677592647,0.1719662515900007,-0.08197415481407423
10.450000000000001,0.17855382188608696,0.25912994630828307,-0.08057612442219611
10.5,0.2657539528466763,0.3320114369283189,-0.06625748408164261
10.55,0.3784228023228425,0.4249445199623806,-0.04652171763953811
10.600000000000001,0.5292785064565741,0.5573648986504389,-0.028086392193864773
10.65,0.7090417048105021,0.7218190353566943,-0.012777330546192234
10.700000000000001,0.887811729837685,0.8851525000342574,0.0026592298034275874
10.75,1.0215023760686759,0.9988828211326836,0.022619554935992325
10.8,1.0615645432670349,1.0142995672569017,0.04726497601013313
10.850000000000001,0.970470179790005,0.9004162454567031,0.07005393433330198
10.9,0.7425413756678843,0.661597554964255,0.08094382070362927
10.950000000000001,0.41954821416956484,0.34609150580085907,0.07345670836870577
11.0,0.08466947759318583,0.03478579327205761,0.04988368432112822
11.05,-0.17152795036448856,-0.19132103797774652,0.01979308761325796
11.100000000000001,-0.29702521617062383,-0.28985609580165705,-0.007169120368966775
11.15,-0.30484475266822003,-0.2772518359968418,-0.027592916671378254
11.200000000000001,-0.2583577947661254,-0.21472059651556677,-0.043637198250558645
11.25,-0.22451953784920484,-0.16834085286541292,-0.056178684983791916
11.3,-0.23065809747112004,-0.17134882430618378,-0.059309273164936255
11.350000000000001,-0.25765165686819586,-0.21458538221190174,-0.04306627465629412
11.4,-0.27084178590501273,-0.26773922844433645,-0.0031025574606762807
11.450000000000001,-0.25775890738978624,-0.30953859085539503,0.051779683465608795
11.5,-0.23840661538448374,-0.3407981851617543,0.10239156977727057
11.55,-0.2421396796537869,-0.37307716789366596,0.13093748823987905
11.600000000000001,-0.2774033702934414,-0.4091372642075756,0.1317338939141342
11.65,-0.3255257924928088,-0.4372082168077417,0.11168242431493292
11.700000000000001,-0.3634121505260562,-0.4446834551236169,0.08127130459756071
11.75,-0.3896411257125817,-0.4354662336774239,0.04582510796484218
11.8,-0.42509013523969474,-0.4305522027681755,0.005462067528480774
11.850000000000001,-0.486097281934628,-0.44832299674995596,-0.03777428518467202
11.9,-0.557530520422274,-0.4824610273928001,-0.07506949302947391
11.950000000000001,-0.5945609119797164,-0.49960890038761724,-0.09495201159209915
12.0,-0.5536317630899725,-0.461095476572266,-0.09253628651770651
12.05,-0.42389589822385265,-0.35035602350781425,-0.0735398747160384
12.100000000000001,-0.23015260642766988,-0.18226800129861698,-0.047884605129052904
12.15,-0.00724142642550462,0.012173701059679076,-0.019415127485183696
12.200000000000001,0.22583406700567396,0.20939449011289304,0.016439576892780916
12.25,0.4651517006537885,0.4020171020926057,0.06313459856118281
12.3,0.6970282209998734,0.585835360575529,0.1111928604243444
12.350000000000001,0.8784969151948294,0.7403379291671802,0.1381589860276492
12.4,0.9487563036869281,0.825038520028445,0.12371778365848307
12.450000000000001,0.8663515779978418,0.798853369947388,0.06749820805045381
12.5,0.6402187931719427,0.647754260744409,-0.007535467572466259
12.55,0.32732017595236373,0.39803885046654297,-0.07071867451417924
12.600000000000001,0.0004638091875205862,0.10548868638075665,-0.10502487719323605
12.65,-0.28429796787851186,-0.16902794969317547,-0.11527001818533639
12.700000000000001,-0.49574373759141027,-0.3786901266109361,-0.11705361098047418
12.75,-0.6142695666455849,-0.4955940325030934,-0.11867553414249143
12.8,-0.6220296460466608,-0.5080204249669453,-0.11400922107971545
12.850000000000001,-0.5135375137194422,-0.4214265110595379,-0.09211100265990435
12.9,-0.31655414683997746,-0.2643864357796554,-0.05216771106032203
12.950000000000001,-0.09639878848893758,-0.08857834097486335,-0.007820447514074236
13.0,0.07016638115405592,0.04706338413083961,0.02310299702321631
13.05,0.13510843717913268,0.10288509598413932,0.03222334119499336
13.100000000000001,0.1008186282361343,0.07677468112017011,0.024043947115964193
13.15,0.006128904659948614,-0.0015988967134421509,0.007727801373390765
13.200000000000001,-0.1083586665544734,-0.09664160015064722,-0.011717066403826179
13.25,-0.2234001263983044,-0.19064513626938756,-0.03275499012891683
13.3,-0.33472202790288,-0.28487299791177306,-0.04984902999110696
13.350000000000001,-0.4296964206922904,-0.37847706977504186,-0.05121935091724855
13.4,-0.4756301435017409,-0.447461552751263,-0.028168590750477895
13.450000000000001,-0.43454009391138326,-0.4471119332755011,0.01257183936411782
13.5,-0.2911595167182641,-0.33987490677750487,0.04871539005924075
13.55,-0.06723923557946355,-0.1260442741334196,0.05880503855395604
13.600000000000001,0.1910844296334137,0.14999439434052075,0.04109003529289296
13.65,0.44010699604213016,0.4247030026032791,0.015403993438851071
13.700000000000001,0.6549766806012863,0.6509632838321449,0.004013396769141475
13.75,0.8240241488204759,0.8146777364334534,0.009346412387022496
13.8,0.9322088691973519,0.9205305914353021,0.011678277762049771
13.850000000000001,0.9544221441898662,0.963544328228701,-0.009122184038834802
13.9,0.8674889922564475,0.916299445436856,-0.04881045318040855
13.950000000000001,0.6702052363766273,0.7473536070997554,-0.07714837072312808
14.0,0.39332391075722656,0.45714637096969263,-0.06382246021246607
14.05,0.09144010102002638,0.09966527461256816,-0.008225173592541782
14.100000000000001,-0.17607681652352472,-0.23236726455625123,0.05629044803272651
14.15,-0.3625280011744087,-0.45194202965938784,0.08941402848497915
14.200000000000001,-0.44352322785093884,-0.5210503603177266,0.07752713246678772
14.25,-0.42045160534943293,-0.46303395017468796,0.042582344825255025
14.3,-0.31979079436063945,-0.3384729681832771,0.01868217382263765
14.350000000000001,-0.18595151356178535,-0.2057915958302045,0.019840082268419157
14.4,-0.06570848107070865,-0.09556336168328387,0.029854880612575227
14.450000000000001,0.010098359672170333,-0.012176205033385028,0.02227456470555536
14.5,0.03575206853709287,0.04701244290886229,-0.011260374371769424
14.55,0.023991872407581747,0.07665523440185135,-0.0526633619942696
14.600000000000001,-0.009404415426420084,0.06607131103508887,-0.07547572646150895
14.65,-0.05439882217548862,0.014494348458794288,-0.06889317063428291
14.700000000000001,-0.10130011317351237,-0.05821774683136542,-0.04308236634214695
14.75,-0.13089296705113768,-0.11812615260388294,-0.012766814447254735
14.8,-0.11738104277231394,-0.13781408372837026,0.020433040956056317
14.850000000000001,-0.04865531195586897,-0.114849440999245,0.06619412904337604
14.9,0.05334297385859295,-0.0729086365637646,0.12625161042235755
14.950000000000001,0.13618810911110635,-0.044228545333801425,0.1804166544449078
15.0,0.14928344441549907,-0.047060084838781484,0.19634352925428056
15.05,0.08078799001829576,-0.07567841363634895,0.1564664036546447
15.100000000000001,-0.034080915711777134,-0.11026192911049623,0.0761810133987191
15.15,-0.14323202271551239,-0.1378553429615102,-0.005376679754002189
15.200000000000001,-0.22030829315446426,-0.16644449518360804,-0.05386379797085622
15.25,-0.28027179118294865,-0.2192354252835587,-0.06103636589938996
15.3,-0.35300635661082264,-0.3119297739655558,-0.04107658264526681
15.350000000000001,-0.4405810935983419,-0.43026292905908803,-0.010318164539253882
15.4,-0.5012222531069082,-0.5270166376415328,0.02579438453462468
15.450000000000001,-0.47894395502438125,-0.5448456782503162,0.0659017232259349
15.5,-0.354129337530265,-0.45230412018300953,0.09817478265274454
15.55,-0.16895337575062055,-0.2691582172197456,0.10020484146912503
15.600000000000001,-0.003378032935672125,-0.062253728474652596,0.05887569553898047
15.65,0.07810131170391357,0.08792650689353415,-0.009825195189620578
15.700000000000001,0.06386924765545984,0.1301569754922201,-0.06628772783676026
15.75,-0.011148413818479927,0.06824616168851654,-0.07939457550699647
15.8,-0.1025596533065495,-0.04569980541571588,-0.05685984789083361
15.850000000000001,-0.1865721554854188,-0.14458661597120454,-0.04198553951421427
15.9,-0.25855806004583237,-0.1835525786459957,-0.07500548139983668
15.950000000000001,-0.3102874395175348,-0.15754281458883906,-0.15274462492869573
16.0,-0.3159064531542012,-0.09047116634133814,-0.22543528681286304
16.05,-0.24346286653201618,-0.006813076003914605,-0.2366497905281016
16.1,-0.07908491464615573,0.09256552280816342,-0.17165043745431915
16.150000000000002,0.1626035126959612,0.23292304018910587,-0.07031952749314466
16.2,0.4519419600813459,0.44481810332468275,0.0071238567566631605
16.25,0.764486670336385,0.7342749673131647,0.030211703023220293
16.3,1.0833420401827731,1.0642121373469724,0.01912990283580074
16.35,1.3797649995767198,1.3601268536009945,0.01963814597572533
16.400000000000002,1.5954039323167513,1.5378151768602517,0.05758875545649955
16.45,1.6529279239964052,1.5376028138121296,0.1153251101842756
16.5,1.4956993591606085,1.3463314515417726,0.1493679076188359
16.55,1.126932681235944,0.9967898908221989,0.130142790413745
16.6,0.6152514267435031,0.5485283575289556,0.06672306921454751
16.650000000000002,0.061269456676082495,0.06442450749315244,-0.003155050817069946
16.7,-0.4477159616284682,-0.4029645276926245,-0.04475143393584374
16.75,-0.8613940435976605,-0.8114861231605957,-0.04990792043706482
16.8,-1.1588873460386009,-1.123900081262233,-0.03498726477636782
16.85,-1.3293323019913077,-1.3083451840091187,-0.020987117982188996
16.900000000000002,-1.36552113679786,-1.348632451762869,-0.01688868503499097
16.95,-1.2749669277882882,-1.2562073140167695,-0.01875961377151869
17.0,-1.090127903164939,-1.0705864032741166,-0.019541499890822323
17.05,-0.8593879398937914,-0.842784150769847,-0.016603789123944335
17.1,-0.6220462946889901,-0.610870203199929,-0.011176091489061069
17.150000000000002,-0.38977316931784034,-0.3852411400293422,-0.004532029288498163
17.2,-0.1524269165542847,-0.15480955994450538,0.002382643390220679
17.25,0.09776917388077248,0.09140229088016205,0.006366883000610432
17.3,0.3476884388107354,0.34532914405726556,0.002359294753469854
17.35,0.5675052710665721,0.5785452816672313,-0.011040010600659178
17.400000000000002,0.7304956273792269,0.7573750409346997,-0.026879413555472742
17.45,0.8256820315745097,0.8590348864379204,-0.033352854863410664
17.5,0.8503048530784204,0.8745614319363071,-0.02425657885788668
17.55,0.7935324594312568,0.7995024883759699,-0.005970028944713102
17.6,0.6349927964898288,0.6272715542742945,0.007721242215534274
17.650000000000002,0.3670484760894322,0.3579241130001412,0.009124363089290988
17.7,0.022286506214801913,0.0177616249341755,0.004524881280626412
17.75,-0.32359818330385426,-0.33057760203204145,0.006979418728187192
17.8,-0.5845469305758884,-0.6049444793093135,0.02039754873342514
17.85,-0.7110312104236692,-0.743076362237298,0.03204515181362877
17.900000000000002,-0.7146656047804308,-0.7382320294422727,0.02356642466184189
17.95,-0.6518608367158041,-0.6433292082962168,-0.008531628419587323
18.0,-0.5821137782446336,-0.538373106188886,-0.04374067205574761
18.05,-0.5355774720583224,-0.4840904308337157,-0.05148704122460668
18.1,-0.5118853674982411,-0.4943999955612518,-0.01748537193698929
18.150000000000002,-0.5018133044890953,-0.543587357675491,0.04177405318639571
18.2,-0.5048407457341401,-0.5958721188503038,0.09103137311616372
18.25,-0.5249979573529153,-0.6297992331434255,0.10480127579051013
18.3,-0.5526280663575662,-0.6393052687374448,0.08667720237987853
18.35,-0.554737465309854,-0.6169321440765221,0.062194678766668066
18.400000000000002,-0.48764118322616035,-0.5405539647347614,0.052912781508601014
18.45,-0.32345058234197366,-0.3799982154048688,0.05654763306289512
18.5,-0.06917406630146716,-0.12044863789147023,0.051274571590003065
18.55,0.23510602314692236,0.21620969410252408,0.01889632904439828
18.6,0.5343070177971986,0.5699647840324309,-0.03565776623523231
18.650000000000002,0.7778085466761965,0.8640608474677435,-0.086252300791547
18.7,0.9307253508012169,1.0366219763483353,-0.10589662554711843
18.75,0.9785984054689963,1.0651039536472373,-0.08650554817824097
18.8,0.9303716699074115,0.9724007285515326,-0.0420290586441211
18.85,0.8178739060751468,0.8135923908227746,0.004281515252372192
18.900000000000002,0.6847717575094487,0.6501012108365658,0.03467054667288294
18.95,0.5643303334344038,0.5221846480385682,0.04214568539583552
19.0,0.45898893455207174,0.43207768622496967,0.026911248327102066
19.05,0.34007726480433215,0.347413221644205,-0.00733595683987287
19.1,0.1732247598414041,0.22558902179005474,-0.05236426194865065
19.150000000000002,-0.04706529194594469,0.04679703870769011,-0.0938623306536348
19.200000000000003,-0.2809870626092726,-0.16485554890145318,-0.1161315137078194
19.25,-0.45986506298732516,-0.3476380729467249,-0.11222699004060027
19.3,-0.5239101581283461,-0.4337472018413767,-0.09016295628696935
19.35,-0.45315833871492206,-0.38607300863257543,-0.06708533008234663
19.400000000000002,-0.2711780963011301,-0.21652112430750917,-0.054656971993620934
19.450000000000003,-0.02506510513823181,0.023680397574943324,-0.04874550271317513
19.5,0.23732555895995397,0.27110454960082886,-0.03377899064087489
19.55,0.47599457834195785,0.4744797532883895,0.0015148250535683694
19.6,0.6550662568889233,0.6035486241377893,0.05151763275113397
19.650000000000002,0.7414647829337968,0.6452736062635983,0.0961911766701985
19.700000000000003,0.7151541425331824,0.5987872146563467,0.11636692787683578
19.75,0.583429640456805,0.4756076308589948,0.10782200959781019
19.8,0.38305145623222003,0.3009990469405366,0.08205240929168345
19.85,0.16344880252010893,0.10864854720540773,0.0548002553147012
19.900000000000002,-0.03760565568025136,-0.07191025005410205,0.034304594373850694
19.950000000000003,-0.20652815531237415,-0.22606713046213778,0.019538975149763632
20.0,-0.3462301808769078,-0.3535492248020204,0.007319043925112567
20.05,-0.4585938178557566,-0.4571656867259673,-0.0014281311297892896
20.1,-0.535261787326334,-0.5320777091330174,-0.003184078193316564
20.150000000000002,-0.5641606542092699,-0.5661233106829588,0.001962656473688984
20.200000000000003,-0.5417624643594204,-0.549995990609165,0.008233526249744605
20.25,-0.4755108215213333,-0.48542765448292524,0.00991683296159196
20.3,-0.37286887354635034,-0.38159893703763065,0.008730063491280304
20.35,-0.2299847517438449,-0.24330318825867203,0.013318436514827142
20.400000000000002,-0.035713583390849436,-0.06510122315197724,0.0293876397611278
20.450000000000003,0.2084478334710552,0.15834339396264094,0.050104439508414256
20.5,0.4701402790260551,0.41183401455782015,0.05830626446823495
20.55,0.6893640948734169,0.6480514299753024,0.04131266489811447
20.6,0.8052730338290061,0.7995694024794275,0.00570363134957852
20.650000000000002,0.7874561298894581,0.8103069215797427,-0.02285079169028459
20.700000000000003,0.6479839472835244,0.6651920073132054,-0.017208060029681005
20.75,0.4268816714651505,0.3970869566662115,0.02979471479893897
20.8,0.16560755493232157,0.06742715593002128,0.09818039900230029
20.85,-0.1095118070672909,-0.2637949774225522,0.1542831703552613
20.900000000000002,-0.3844312741748706,-0.5580479586883608,0.17361668451349016
20.950000000000003,-0.6444404555581676,-0.7990790967909849,0.15463864123281723
21.0,-0.8674077130453491,-0.9813340000809911,0.113926287035642
21.05,-1.0298399438369588,-1.0995230150418285,0.06968307120486972
21.1,-1.1179200031505785,-1.147085576882215,0.02916557373163653
21.150000000000002,-1.1315209398369765,-1.1211598491309522,-0.010361090706024312
21.200000000000003,-1.0782070366241812,-1.0270618154519424,-0.05114522117223874
21.25,-0.9653375148074805,-0.8783638103212913,-0.08697370448618924
21.3,-0.7994040636031345,-0.6938214924775735,-0.10558257112556102
21.35,-0.5924091954919243,-0.49391813527334105,-0.09849106021858323
21.400000000000002,-0.36655632550557365,-0.2978562160528804,-0.06870010945269328
21.450000000000003,-0.1504114429561729,-0.12064346585922127,-0.02976797709695163
21.5,0.030535769174651766,0.02859205669125425,0.0019437124833975167
21.55,0.1598699046546928,0.1447462227772651,0.015123681877427714
21.6,0.2284915115067529,0.22169765987385326,0.006793851632899639
21.650000000000002,0.23073099334982958,0.2493015505226955,-0.01857055717286593
21.700000000000003,0.1668624501492409,0.21843590729032492,-0.05157345714108402
21.75,0.05179684813199656,0.13325753990538688,-0.08146069177339033
21.8,-0.08120936421778215,0.020340309022560274,-0.10154967324034242
21.85,-0.19219070069470898,-0.07736543825626131,-0.11482526243844766
21.900000000000002,-0.25690658692704454,-0.12279152991513366,-0.1341150570119109
21.950000000000003,-0.28063806479259784,-0.10816020413964213,-0.17247786065295573
22.0,-0.28644918659723845,-0.058573419237925084,-0.22787576735931336
22.05,-0.28273117042587387,-0.00774923352712292,-0.27498193689875094
22.1,-0.23716774013895575,0.03850280805141183,-0.27567054819036757
22.150000000000002,-0.08458688209015532,0.12106611340026327,-0.2056529954904186
22.200000000000003,0.2295762564190958,0.30793936319161785,-0.07836310677252206
22.25,0.699599278524801,0.6440432568834417,0.05555602164135931
22.3,1.2417333220338997,1.1037766379475826,0.13795668408631712
22.35,1.7239373927080042,1.581539701047491,0.1423976916605132
22.400000000000002,2.023349028470071,1.9309419422953207,0.09240708617475013
22.450000000000003,2.073566100886792,2.0307191961816855,0.042846904705106326
22.5,1.8764408458799384,1.838542087119292,0.03789875876064652
22.55,1.4826832550535578,1.4038477214365035,0.07883553361705431
22.6,0.9650671499337303,0.8381194321177059,0.12694771781602443
22.650000000000002,0.40286096605014315,0.26511581922183697,0.1377451468283062
22.700000000000003,-0.12368824059847648,-0.22066121287386425,0.09697297227538777
22.75,-0.5420350604741453,-0.5711542021916088,0.029119141717463548
22.8,-0.8052127822706493,-0.779319458832148,-0.02589332343850126
22.85,-0.9085264536467568,-0.8634707823008148,-0.04505567134594202
22.900000000000002,-0.8886655913076226,-0.8531131352677332,-0.035552456039889324
22.950000000000003,-0.8012817437515384,-0.7807628057994602,-0.020518937952078153
23.0,-0.6920083948941292,-0.6779425727937575,-0.014065822100371772
23.05,-0.5819439543242791,-0.5720072415714973,-0.009936712752781851
23.1,-0.47519550086751644,-0.4825604724154626,0.007364971547946186
23.150000000000002,-0.3762608792349865,-0.4186697438467949,0.04240886461180837
23.200000000000003,-0.2981438114709255,-0.3787282794664342,0.08058446799550872
23.25,-0.25414321180272037,-0.3536893355729823,0.09954612377026195
23.3,-0.24418101310824106,-0.33268208924639003,0.08850107613814898
23.35,-0.2519745993668518,-0.30874047379235375,0.05676587442550196
23.400000000000002,-0.2574075043642997,-0.2820637366755795,0.02465623231127978
23.450000000000003,-0.2521584270813932,-0.25910099784659846,0.006942570765205269
23.5,-0.24307612666772652,-0.24768767615743356,0.004611549489707045
23.55,-0.2403515949708707,-0.2506816018049062,0.010330006834035482
23.6,-0.24288014515895448,-0.2617119018575357,0.018831756698581198
23.650000000000002,-0.23545537174589215,-0.2657187132848828,0.03026334153899063
23.700000000000003,-0.19972532506743285,-0.24419989268265146,0.04447456761521862
23.75,-0.12689348509949747,-0.18223292684576906,0.05533944174627159
23.8,-0.019579742157426427,-0.07346931938016422,0.053889577222737794
23.85,0.11681864056739674,0.07887893687624445,0.03793970369115229
23.900000000000002,0.2808499238419392,0.26394183664995174,0.016908087191987442
23.950000000000003,0.4696075798392437,0.465084339261487,0.004523240577756715
24.0,0.6655547264259934,0.6600677750277943,0.0054869513981991025
24.05,0.8312088110993413,0.8209403877501815,0.010268423349159783
24.1,0.9223498350520221,0.9172397170021162,0.0051101180499059096
24.150000000000002,0.9128202664336351,0.9245180591528234,-0.01169779271918825
24.200000000000003,0.8110324829248018,0.8354177827388536,-0.024385299814051797
24.25,0.653600250682548,0.6663836085525843,-0.01278335787003626
24.3,0.48095941336647635,0.453874159129329,0.02708525423714736
24.35,0.31521107500582163,0.24026629678204667,0.07494477822377496
24.400000000000002,0.1571893534892438,0.057143759876750605,0.10004559361249318
24.450000000000003,0.0013675883957978432,-0.08393245277420384,0.08530004117000169
24.5,-0.14846461536480846,-0.1883737501629348,0.039909134798126356
24.55,-0.2781728045029993,-0.2675024076224636,-0.010670396880535726
24.6,-0.3760587677448403,-0.32902649280860363,-0.047032274936236684
24.650000000000002,-0.44451475520204087,-0.3756113257110746,-0.06890342949096628
24.700000000000003,-0.49751181851976345,-0.40980773552610705,-0.0877040829936564
24.75,-0.5461563805256396,-0.43788200063417804,-0.1082743798914616
24.8,-0.5873079007455053,-0.4673355707279794,-0.11997233001752594
24.85,-0.6075424522693786,-0.5005875949413082,-0.10695485732807042
24.900000000000002,-0.5993590658076982,-0.5323039834294552,-0.06705508237824298
24.950000000000003,-0.5738565088305013,-0.554612021576872,-0.019244487253629372
25.0,-0.5567052780805917,-0.565878821340786,0.009173543260194372
25.05,-0.5695808058030758,-0.5737727504848887,0.0041919446818129424
25.1,-0.6125583806845919,-0.5878335486815951,-0.0247248320029968
25.150000000000002,-0.6618816356310502,-0.6070535798347306,-0.05482805579631955
25.200000000000003,-0.6836494837412468,-0.613850288173804,-0.06979919556744274
25.25,-0.650793637485544,-0.5808235161632093,-0.06997012132233471
25.3,-0.550204757501465,-0.48515815560862124,-0.06504660189284378
25.35,-0.37832716425711793,-0.31881396257253236,-0.05951320168458557
25.400000000000002,-0.13510753518429064,-0.08771189558066156,-0.04739563960362908
25.450000000000003,0.17333620515272422,0.19506776127381248,-0.021731556121088264
25.5,0.5235849772994864,0.5110423323001708,0.012542644999315566
25.55,0.8667246824829623,0.8289210054382621,0.037803677044700223
25.6,1.1352216967207243,1.0973062826177844,0.03791541410293986
25.650000000000002,1.2660697642464582,1.2520955775985225,0.013974186647935705
25.700000000000003,1.2279637005537762,1.2425267950894128,-0.014563094535636534
25.75,1.0355447815436198,1.0612279356818297,-0.025683154138209874
25.8,0.7416717433774556,0.7548356966694358,-0.01316395329198028
25.85,0.4130493431062503,0.4033088193183548,0.009740523787895472
25.900000000000002,0.10468161635708323,0.080075832004485,0.024605784352598234
25.950000000000003,-0.15241426860595575,-0.17887717468712633,0.02646290608117058
26.0,-0.34647400324124816,-0.3756521208860741,0.02917811764482592
26.05,-0.4716276710278681,-0.5240413595217699,0.05241368849390177
26.1,-0.5192775191221847,-0.6208961438947604,0.10161862477257577
26.150000000000002,-0.4821465331842645,-0.6405010072485476,0.15835447406428316
26.200000000000003,-0.3674291465744853,-0.5567036496502686,0.18927450307578336
26.25,-0.20670080719007428,-0.3739708127243399,0.16727000553426563
26.3,-0.05124778618325979,-0.14122938269896868,0.08998159651570889
26.35,0.047874063994319316,0.064033925527316,-0.016159861532996686
26.400000000000002,0.06329792037335961,0.17176181794855913,-0.10846389757519952
26.450000000000003,0.002344091949773931,0.15239009870266162,-0.1500460067528877
26.5,-0.10224870267864047,0.02761372981218763,-0.1298624324908281
26.55,-0.214847174521679,-0.1451853770096342,-0.06966179751204482
26.6,-0.31593314520279103,-0.30369478119740073,-0.012238364005390301
26.650000000000002,-0.40426356318877166,-0.40894440198442356,0.004680838795651898
26.700000000000003,-0.48283299061587037,-0.45681712194897667,-0.026015868666893704
26.75,-0.5422560573748529,-0.46823201119476676,-0.07402404618008618
26.8,-0.5564433197424727,-0.46486616534356834,-0.0915771543989044
26.85,-0.4944909093807454,-0.44584794212211576,-0.048642967258629655
26.900000000000002,-0.33948545617806364,-0.38184889695280183,0.04236344077473819
26.950000000000003,-0.1006623706548557,-0.23373368518074666,0.13307131452589097
27.0,0.18754212669155995,0.01331761305763923,0.17422451363392072
27.05,0.4754774302816788,0.32251470931948706,0.15296272096219177
27.1,0.7092764073277703,0.6067395798307484,0.10253682749702187
27.150000000000002,0.8396418048072782,0.763569432789752,0.07607237201752626
27.200000000000003,0.8315461366838108,0.7266429406104462,0.10490319607336462
27.25,0.6773778791424498,0.5033839568054378,0.17399392233701205
27.3,0.4083071059744477,0.1760082768962631,0.23229882907818458
27.35,0.09263403714158602,-0.13538544383236154,0.22801948097394756
27.400000000000002,-0.18544446297197198,-0.32691479324393596,0.14147033027196398
27.450000000000003,-0.35906664710173136,-0.35327592447438394,-0.005790722627347422
27.5,-0.40458228760706105,-0.2382658303336818,-0.16631645727337926
27.55,-0.3432478309392041,-0.05181569136293948,-0.29143213957626457
27.6,-0.21877288255368604,0.13113631319324873,-0.3499091957469348
27.650000000000002,-0.06862096481159867,0.2669813189638181,-0.3356022837754168
27.700000000000003,0.08952183458007097,0.35612929481952493,-0.266607460239454
27.75,0.24891965687275738,0.4268163707938724,-0.17789671392111503
27.8,0.3951130814800504,0.5019367037149776,-0.10682362223492714
27.85,0.49783372392863023,0.5722732779607228,-0.07443955403209257
27.900000000000002,0.5232788330542345,0.5965983911588506,-0.0733195581046161
27.950000000000003,0.45708928685376043,0.530753940349917,-0.07366465349615653
28.0,0.3177804241528612,0.3650550474246689,-0.0472746232718077
28.05,0.14811606217122517,0.1400460929282177,0.008069969243007458
28.1,-0.00909161366082004,-0.07485247524063482,0.06576086157981478
28.150000000000002,-0.13115815409270679,-0.22564229193748964,0.09448413784478285
28.200000000000003,-0.21649087333948738,-0.3059842922300442,0.08949341889055681
28.25,-0.268840440867418,-0.35000513014827145,0.08116468928085346
28.3,-0.2821684571634394,-0.3909007856528007,0.10873232848936126
28.35,-0.24205886396962104,-0.4214252060869817,0.17936634211736066
28.400000000000002,-0.14338392305104106,-0.3934785103239049,0.2500945872728638
28.450000000000003,-0.007723632586432111,-0.2617343051409929,0.2540106725545608
28.5,0.11734674265253119,-0.036755566134108936,0.1541023087866401
28.55,0.18005586418128347,0.19911981498740666,-0.019063950806123192
28.6,0.15219904440871052,0.33231456829056366,-0.18011552388185315
28.650000000000002,0.042508610743693116,0.2887320449770239,-0.24622343423333082
28.700000000000003,-0.11262728711987557,0.08296364992710184,-0.19559093704697741
28.75,-0.27091521752342146,-0.18988158283258172,-0.08103363469083974
28.8,-0.3998655967669215,-0.4118820042039499,0.012016407437028365
28.85,-0.47670828897451567,-0.5061745524881364,0.029466263513620694
28.900000000000002,-0.4797619234632228,-0.46391314074827705,-0.01584878271494572
28.950000000000003,-0.38726206120366363,-0.3241008715518289,-0.06316118965183476
29.0,-0.19144669151295363,-0.1323277067470121,-0.05911898476594152
29.05,0.08197344465539867,0.08492561066613019,-0.002952166010731519
29.1,0.3688202672138253,0.31392413170063443,0.05489613551319089
29.150000000000002,0.5872618591119624,0.5294646645664239,0.057797194545538444
29.200000000000003,0.6748899626364188,0.6818557524954099,-0.0069657898589911005
29.25,0.6175860335595328,0.712539639617369,-0.0949536060578362
29.3,0.4506257243236245,0.5896377695431158,-0.13901204521949123
29.35,0.2336926587456057,0.33633669928405463,-0.10264404053844892
29.400000000000002,0.020691661708774886,0.02880593741926422,-0.008114275710489335
29.450000000000003,-0.15407278810609612,-0.23758386287377828,0.08351107476768216
29.5,-0.26930687209232196,-0.392077873304822,0.12277100121250006
29.55,-0.3046020327574076,-0.4141995048316661,0.10959747207425852
29.6,-0.24052513387367017,-0.32729941282900055,0.08677427895533038
29.650000000000002,-0.07372365798652272,-0.16989597689406655,0.09617231890754382
29.700000000000003,0.16769707136093057,0.03003990480804819,0.13765716655288238
29.75,0.42603418449066005,0.2578311182227585,0.16820306626790155
29.8,0.63585434627085,0.49328682032222326,0.14256752594862676
29.85,0.7507189647073951,0.6919531882751221,0.05876577643227299
29.900000000000002,0.7557303117554406,0.7894850081192263,-0.0337546963637857
29.950000000000003,0.6602867222554754,0.732433811572417,-0.07214708931694169
30.0,0.4826429558331663,0.5139260294134895,-0.03128307358032323
30.05,0.24223661325875964,0.18493885738731586,0.057297755871443784
30.1,-0.03594197326953711,-0.17035863164729922,0.13441665837776212
30.150000000000002,-0.31540695770979926,-0.47768189931540717,0.1622749416056079
30.200000000000003,-0.553375080188264,-0.7018468580663944,0.14847177787813037
30.25,-0.7174192730341189,-0.8431379828458455,0.12571870981172661
30.3,-0.8001919159603662,-0.9113949195623559,0.11120300360198965
30.35,-0.8186539630304688,-0.9067774799931247,0.08812351696265597
30.400000000000002,-0.7983164886267411,-0.8260799040912706,0.02776341546452954
30.450000000000003,-0.7569869646610979,-0.6849491449227928,-0.07203781973830514
30.5,-0.7018599943196022,-0.5279420486395248,-0.17391794568007746
30.55,-0.6390661984465135,-0.40924040493399516,-0.2298257935125183
30.6,-0.5814187286095984,-0.3571289266480524,-0.22428980196154602
30.650000000000002,-0.542415331891097,-0.35468143786245465,-0.18773389402864238
30.700000000000003,-0.5205711112785861,-0.35660697366829364,-0.1639641376102925
30.75,-0.4910782531321299,-0.3283382972877952,-0.1627399558443347
30.8,-0.41725243077711016,-0.27115294549225893,-0.14609948528485123
30.85,-0.275628771693616,-0.20963953246369665,-0.06598923922991934
30.900000000000002,-0.07432305896592052,-0.15463253204878943,0.08030947308286891
30.950000000000003,0.15077156531801875,-0.08037781373408863,0.23114937905210736
31.0,0.35746517278425644,0.0569772306996214,0.30048794208463503
31.05,0.5166258396000077,0.2719405727405166,0.24468526685949116
31.1,0.6140666334480572,0.5158495898758918,0.09821704357216543
31.150000000000002,0.6390070591278327,0.6908908046754159,-0.05188374554758313
31.200000000000003,0.5772916264900088,0.7060962641372652,-0.12880463764725647
31.25,0.42159201531180296,0.5339816243615257,-0.11238960904972278
31.3,0.19073362433780747,0.2269645384515444,-0.03623091411373694
31.35,-0.06291993514466589,-0.11353771262561477,0.05061777748094888
31.400000000000002,-0.2708693105286283,-0.3874842420327383,0.11661493150411001
31.450000000000003,-0.38104483614936785,-0.5316263384855997,0.15058150233623185
31.5,-0.3812576158516929,-0.5273116869621993,0.14605407111050644
31.55,-0.29708838657262193,-0.39246110602955936,0.09537271945693743
31.6,-0.1703595894540366,-0.17350775836852853,0.0031481689144919334
31.650000000000002,-0.03936794977699458,0.061268219924666655,-0.10063616970166123
31.700000000000003,0.06468673784754436,0.23680470620070587,-0.1721179683531615
31.75,0.11089082476440146,0.2974918777721786,-0.18660105300777716
31.8,0.06907019540510294,0.23037949080815004,-0.16130929540304711
31.85,-0.07408232767558762,0.06607053767003604,-0.14015286534562366
31.900000000000002,-0.2951745494186254,-0.1453984755639816,-0.1497760738546438
31.950000000000003,-0.531832628219272,-0.36306640190137335,-0.16876622631789867
32.0,-0.7062317827365795,-0.5622539358810226,-0.14397784685555692
32.050000000000004,-0.7594845425714983,-0.7159651601939452,-0.04351938237755315
32.1,-0.6718363482583622,-0.7739952690752372,0.10215892081687494
32.15,-0.4572230336347532,-0.6695297732923636,0.21230673965761043
32.2,-0.14452289260888643,-0.35890808295052085,0.21438519034163442
32.25,0.23234490416378967,0.13299916628328204,0.09934573788050763
32.300000000000004,0.6273705656386993,0.7003160439610523,-0.07294547832235299
32.35,0.9733080007528596,1.1925492250733818,-0.21924122432052218
32.4,1.1922859006986415,1.4792184295272937,-0.28693252882865217
32.45,1.2299530069578768,1.5028783969402406,-0.2729253899823638
32.5,1.0906696918013907,1.2928644993411704,-0.2021948075397797
32.550000000000004,0.84351402575715,0.9414944274491126,-0.09798040169196265
32.6,0.5894356817281876,0.5648270090773748,0.02460867265081279
32.65,0.4111167245057389,0.2684165305134516,0.14270019399228728
32.7,0.34045531929076,0.12418929660704815,0.21626602268371187
32.75,0.36211419821287855,0.15561459749500714,0.2064996007178714
32.800000000000004,0.4411825322379995,0.33154040349944836,0.10964212873855117
32.85,0.5467243498458079,0.5751099850849717,-0.02838563523916382
32.9,0.6540260317027708,0.7909218146424173,-0.13689578293964644
32.95,0.733377935708464,0.9011644732495756,-0.1677865375411116
33.0,0.7467322990309756,0.8723498522495134,-0.12561755321853785
33.050000000000004,0.6632494612972847,0.7191580351434305,-0.05590857384614578
33.1,0.48256693686177443,0.487510230073463,-0.004943293211688571
33.15,0.24369314021949634,0.23132147600599703,0.012371664213499306
33.2,0.008610994656309342,-0.0036028960888816806,0.012213890745191023
33.25,-0.16839091517011412,-0.18573314843102934,0.01734223326091522
33.300000000000004,-0.2632214054243397,-0.29947803641293697,0.03625663098859727
33.35,-0.28288845727472617,-0.3465104589511858,0.06362200167645965
33.4,-0.250611005273522,-0.3447890823651993,0.0941780770916773
33.45,-0.19163731549307542,-0.321688815387559,0.13005149989448359
33.5,-0.12988234502182716,-0.30302934115322067,0.1731469961313935
33.550000000000004,-0.09102129268885413,-0.3051191186646083,0.21409782597575416
33.6,-0.10089582879778487,-0.33470820718037286,0.233812378382588
33.65,-0.1751484542952812,-0.3936826090255123,0.21853415473023108
33.7,-0.3080921542055737,-0.48086027749339,0.17276812328781632
33.75,-0.47242832540070884,-0.5882198297569498,0.11579150435624092
33.800000000000004,-0.6325489889438797,-0.6978321405351079,0.06528315159122822
33.85,-0.7618708991512742,-0.787428437469515,0.025557538318240813
33.9,-0.8511810349482504,-0.8432434248463937,-0.007937610101856674
33.95,-0.9033431474895203,-0.8681324165502565,-0.035210730939263746
34.0,-0.921434952707728,-0.874255076877913,-0.04717987582981498
34.050000000000004,-0.9016098821257624,-0.8643608257498987,-0.03724905637586373
34.1,-0.835959958803497,-0.819791427177507,-0.01616853162599008
34.15,-0.7212002752833838,-0.7105921901533828,-0.010608085130001
34.2,-0.5647297385470235,-0.5231947688855292,-0.04153496966149428
34.25,-0.38296434237495675,-0.28204819702142314,-0.1009161453535336
34.300000000000004,-0.1933613552015293,-0.04299278595596279,-0.15036856924556652
34.35,-0.005719753531207693,0.1407617505464486,-0.14648150407765628
34.4,0.18158748280517428,0.2544970462688532,-0.07290956346367894
34.45,0.3773018848301898,0.33053503498763775,0.04676684984255203
34.5,0.5854801434316653,0.42162423241645064,0.16385591101521468
34.550000000000004,0.7915337172923766,0.5588896100605151,0.23264410723186157
34.6,0.9555692949796192,0.7246968629617175,0.23087243201790164
34.65,1.021802783958582,0.8576603355177503,0.1641424484408316
34.7,0.9441837762435152,0.883832952793424,0.06035082345009124
34.75,0.7153930887601154,0.7539047740242231,-0.03851168526410764
34.800000000000004,0.3794261523174194,0.4680362344892933,-0.08861008217187394
34.85,0.015724737183076886,0.08016895760463721,-0.06444422042156032
34.9,-0.2976555305101505,-0.31800817555531036,0.02035264504515988
34.95,-0.5179704413307401,-0.6287457509437684,0.11077530961302828
35.0,-0.6465036294582107,-0.7857029630535354,0.13919933359532466
35.050000000000004,-0.7095916207730465,-0.7809884642708103,0.07139684349776376
35.1,-0.7311348894320792,-0.6656144522595585,-0.06552043717252065
35.15,-0.7201661019694499,-0.5202972642310955,-0.1998688377383544
35.2,-0.6803425426837743,-0.4137353832045045,-0.2666071594792698
35.25,-0.6262678933269061,-0.3756589254533528,-0.25060896787355336
35.300000000000004,-0.5853223003673373,-0.4000814296452014,-0.18524087072213596
35.35,-0.5791707942261074,-0.468335786028835,-0.11083500819727238
35.4,-0.60115591489016,-0.5652303041955293,-0.03592561069463063
35.45,-0.6124951796294168,-0.6717580746366387,0.05926289500722193
35.5,-0.5644087153293706,-0.7456968789274859,0.18128816359811528
35.550000000000004,-0.42978194413882304,-0.7193282602302574,0.2895463160914344
35.6,-0.21923182492252352,-0.5311345765686233,0.31190275164609976
35.65,0.02925445335489656,-0.1746543150504011,0.20390876840529767
35.7,0.274633894321677,0.27559128667972005,-0.000957392358043041
35.75,0.48868307882029927,0.6895024877921824,-0.2008194089718831
35.800000000000004,0.6531919406032604,0.9471913804214801,-0.29399943981821974
35.85,0.7491283792758084,1.0009593299253872,-0.2518309506495787
35.9,0.7564212147176588,0.8913825235812708,-0.13496130886361202
35.95,0.6700072844504318,0.7108343714650484,-0.04082708701461657
36.0,0.517377935889799,0.5456884905114721,-0.02831055462167309
36.050000000000004,0.3565873080016973,0.43815462616549433,-0.08156731816379703
36.1,0.2492458123043868,0.3862712669896705,-0.1370254546852837
36.15,0.22621056114163937,0.36913709104965226,-0.14292652990801288
36.2,0.2721536147489913,0.37049081056154565,-0.09833719581255435
36.25,0.34035243761806666,0.3840167951041043,-0.04366435748603764
36.300000000000004,0.38445966749665483,0.40370703781054007,-0.019247370313885237
36.35,0.3821333022156234,0.4137873519429415,-0.03165404972731806
36.4,0.3360341258058426,0.38931749002837474,-0.05328336422253216
36.45,0.25919691643893233,0.30814778268853715,-0.04895086624960482
36.5,0.16328892084108262,0.16698397257557318,-0.0036950517344905565
36.550000000000004,0.06019031825956533,-0.008142998087809331,0.06833331634737466
36.6,-0.030109395689742146,-0.16523416773839944,0.1351247720486573
36.65,-0.0803299354344586,-0.2465169703009776,0.166187034866519
36.7,-0.07090507117660542,-0.21864357289044808,0.14773850171384267
36.75,-0.007778111162569398,-0.09566368789076396,0.08788557672819457
36.800000000000004,0.07471342557884762,0.06335288878558873,0.011360536793258894
36.85,0.13203408262029412,0.18518981081578006,-0.053155728195485946
36.9,0.13613396619000706,0.22250738208100496,-0.0863734158909979
36.95,0.08997280395917433,0.17377685804841808,-0.08380405408924375
37.0,0.019605960001412664,0.06950352426771608,-0.049897564266303415
37.050000000000004,-0.047446538059033296,-0.05880259554433863,0.011356057485305333
37.1,-0.09871729616171766,-0.1946387698708133,0.09592147370909564
37.15,-0.13660287494115572,-0.3222583344030726,0.1856554594619169
37.2,-0.166392098969508,-0.40269846957078403,0.23630637060127604
37.25,-0.18716284248582943,-0.37792472581616876,0.19076188333033933
37.300000000000004,-0.19468494937992994,-0.21623817664032657,0.02155322726039663
37.35,-0.19135024069757225,0.03577116042454146,-0.2271214011221137
37.4,-0.18992573829661152,0.2519839228239497,-0.44190966112056124
37.45,-0.20368935441771982,0.29954396336860334,-0.5032333177863232
37.5,-0.22953594588180595,0.14118551271467505,-0.370721458596481
37.550000000000004,-0.23935994705177394,-0.11701363749731566,-0.12234630955445827
37.6,-0.1899792073506508,-0.2836376956482444,0.09365848829759363
37.65,-0.047311933739295986,-0.2117653283305565,0.16445339459126052
37.7,0.19097496196839261,0.0977190537300619,0.09325590823833071
37.75,0.4891639203837161,0.500929620302365,-0.011765699918648898
37.800000000000004,0.7865114397750299,0.8178563708351279,-0.03134493106009795
37.85,1.020070487534594,0.9522277901568246,0.06784269737776949
37.9,1.1440095405303707,0.9299174843808865,0.21409205614948423
37.95,1.1381361510319037,0.8370921197438533,0.30104403128805035
38.0,1.0072647972322206,0.7262024452759089,0.2810623519563117
38.050000000000004,0.7771628996002922,0.5781426752869888,0.19902022431330335
38.1,0.490093848270754,0.3480944150570156,0.14199943321373837
38.15,0.19802648438953024,0.04116084687606995,0.1568656375134603
38.2,-0.04951116147083739,-0.26170826122393187,0.21219709975309448
38.25,-0.22141318014757408,-0.45604994372696517,0.2346367635793911
38.300000000000004,-0.31722286218166407,-0.497092599018738,0.1798697368370739
38.35,-0.36668445279202266,-0.43764260945937966,0.070958156667357
38.400000000000006,-0.413858667241844,-0.38712458002831196,-0.026734087213532043
38.45,-0.49311144553787156,-0.4291185140316995,-0.06399293150617208
38.5,-0.6107441357850188,-0.5675549363361747,-0.04318919944884414
38.550000000000004,-0.743304790407182,-0.7401697568010338,-0.0031350336061481965
38.6,-0.8528698758677665,-0.8764821194361402,0.02361224356837366
38.650000000000006,-0.9084119152231054,-0.9445213998326312,0.03610948460952579
38.7,-0.8991780077817013,-0.9515167996014156,0.05233879181971424
38.75,-0.8332312978751002,-0.9119692168140824,0.07873791893898219
38.800000000000004,-0.7260795252708108,-0.823625198998899,0.0975456737280882
38.85,-0.5909809065460304,-0.6757551663286693,0.08477425978263886
38.900000000000006,-0.43872790362236047,-0.4764540370540565,0.03772613343169601
38.95,-0.28421504553568266,-0.26590026710889225,-0.018314778426790412
39.0,-0.14970524192142026,-0.09808639667380543,-0.05161884524761483
39.050000000000004,-0.057567488322736275,-0.005802903343069251,-0.051764584979667023
39.1,-0.016085779968231545,0.020115734687434515,-0.03620151465566606
39.150000000000006,-0.010645678458110505,0.020069902627706818,-0.030715581085817324
39.2,-0.010368913600088635,0.034373403606736866,-0.044742317206825505
39.25,0.01200641933181004,0.07762643013311256,-0.06562001080130252
39.300000000000004,0.061069413628159756,0.13609407921380662,-0.07502466558564685
39.35,0.11522728416019073,0.183899831519262,-0.06867254735907127
39.400000000000006,0.1417068210403308,0.2006318655707293,-0.058925044530398485
39.45,0.11869000877919388,0.17747977592945494,-0.05878976715026106
39.5,0.048450507727004336,0.11317731030535336,-0.06472680257834902
39.550000000000004,-0.0462557956399017,0.010045017365377336,-0.05630081300527904
39.6,-0.1367810993193703,-0.12269775231226045,-0.01408334700710985
39.650000000000006,-0.20165091669521795,-0.26133399861794093,0.05968308192272298
39.7,-0.230406887153112,-0.365718030695103,0.135311143541991
39.75,-0.2206957232280922,-0.39076416986369705,0.17006844663560486
39.800000000000004,-0.176150031160181,-0.30942783443352556,0.13327780327334457
39.85,-0.10833535315112494,-0.13484064610382934,0.0265052929527044
39.900000000000006,-0.03817857284095658,0.07456209784947294,-0.11274067069042953
39.95,0.009762163974991038,0.23612579573713877,-0.22636363176214772
40.0,0.02004787372983017,0.28363450458254685,-0.26358663085271666
40.050000000000004,-0.0028845653979385107,0.2052554150718449,-0.2081399804697834
40.1,-0.03618482264644881,0.05330040604982121,-0.08948522869627001
40.150000000000006,-0.053406381799077106,-0.08428687605070885,0.030880494251631745
40.2,-0.04217951247974837,-0.1348763737312002,0.09269686125145184
40.25,-0.011039458102573792,-0.0813486916649646,0.0703092335623908
40.300000000000004,0.019569391481340934,0.035009872387116434,-0.0154404809057755
40.35,0.03411510627762299,0.14821746449810766,-0.11410235822048467
40.400000000000006,0.033059396558667326,0.21096669491761227,-0.17790729835894495
40.45,0.031045197187095867,0.21717346438371693,-0.18612826719662107
40.5,0.04670492443642514,0.19408215580814603,-0.14737723137172087
40.550000000000004,0.09428196649463293,0.1792390881033746,-0.08495712160874168
40.6,0.18224442190870302,0.20389628172922494,-0.021651859820521924
40.650000000000006,0.3146173635629512,0.2891435700962619,0.02547379346668932
40.7,0.48749497073491777,0.44361068026463624,0.04388429047028153
40.75,0.6800928628903994,0.6524145833237048,0.027678279566694552
40.800000000000004,0.8496635959296277,0.865114489529464,-0.015450893599836313
40.85,0.9412641525104483,1.0034282328938364,-0.062164080383388165
40.900000000000006,0.9127147736427084,0.99798574483449,-0.08527097119178162
40.95,0.7604242182198384,0.8342837581762118,-0.0738595399563734
41.0,0.5267588243042971,0.5705024434106565,-0.04374361910635938
41.050000000000004,0.2806304919097038,0.3062098829305955,-0.025579391020891684
41.1,0.08232888648217492,0.12104417901495905,-0.038715292532784135
41.150000000000006,-0.04431057170750504,0.030034961130298694,-0.07434553283780374
41.2,-0.11469136786648422,-0.010411332811800778,-0.10428003505468345
41.25,-0.1620906682155339,-0.05515096434407679,-0.1069397038714571
41.300000000000004,-0.2098848187443959,-0.12519577542353366,-0.08468904332086225
41.35,-0.25721423248088693,-0.20193604947555574,-0.05527818300533119
41.400000000000006,-0.28501340503698064,-0.2576521876192611,-0.02736121741771952
41.45,-0.2731727746395101,-0.28531360038713377,0.012140825747623651
41.5,-0.21338189700383137,-0.29577242127384284,0.08239052427001148
41.550000000000004,-0.10944953141447492,-0.28810740462321177,0.17865787320873686
41.6,0.030471053818437743,-0.22988741576139196,0.2603584695798297
41.650000000000006,0.19891963355858575,-0.07623998817696742,0.2751596217355532
41.7,0.3852812902523439,0.18299368816937556,0.20228760208296837
41.75,0.5672689801490536,0.4905927070883636,0.07667627306068997
41.800000000000004,0.7079905632199031,0.7381363111314859,-0.030145747911582865
41.85,0.7650935041288912,0.8238985816014184,-0.05880507747252717
41.900000000000006,0.708408215107428,0.7094034746180377,-0.0009952595106096362
41.95,0.5349464508887204,0.43387064534950726,0.10107580553921314
42.0,0.27134106845590683,0.08199031826739736,0.18935075018850947
42.050000000000004,-0.03746161941495786,-0.2642054697364881,0.22674385032153027
42.1,-0.34541072484197466,-0.5543508356589342,0.2089401108169595
42.150000000000006,-0.6180136742391962,-0.7693990156666579,0.15138534142746174
42.2,-0.8349023576459774,-0.9074549563414672,0.0725525986954898
42.25,-0.9844776635484347,-0.9745974158378135,-0.009880247710621237
42.300000000000004,-1.05740641382702,-0.9835446261460156,-0.07386178768100449
42.35,-1.044673362304265,-0.9500782352828425,-0.09459512702142248
42.400000000000006,-0.9412157447093689,-0.8820115748511623,-0.059204169858206535
42.45,-0.751982338878345,-0.7700543240036892,0.018071985125344248
42.5,-0.49615780721145325,-0.5943473596430844,0.09818955243163113
42.550000000000004,-0.2069267446848812,-0.34692741346986355,0.14000066878498235
42.6,0.07349715167844796,-0.05255836429940845,0.1260555159778564
42.650000000000006,0.3022764790486893,0.23180413614814363,0.07047234290054569
42.7,0.44572270042870465,0.44122069594172403,0.004502004486980626
42.75,0.4878002904642109,0.532783339179024,-0.04498304871481307
42.800000000000004,0.4343767675472629,0.5003924944990016,-0.06601572695173868
42.85,0.3109292765571292,0.36885220696107657,-0.05792293040394736
42.900000000000006,0.15372229675482635,0.1789483763139072,-0.02522607955908085
42.95,-0.002402175168819666,-0.023229305705384725,0.02082713053656506
43.0,-0.13445270319359498,-0.1919505155012486,0.057497812307653606
43.050000000000004,-0.2354273184202397,-0.2912395926323999,0.0558122742121602
43.1,-0.31086492744810834,-0.31082870449314015,-3.622295496819028e-05
43.150000000000006,-0.3703655280095083,-0.277004522812205,-0.09336100519730328
43.2,-0.41886551823170337,-0.24239407314110994,-0.17647144509059343
43.25,-0.4520077501223271,-0.25367269432050765,-0.19833505580181943
43.300000000000004,-0.45748341175256224,-0.3178444355513838,-0.13963897620117843
43.35,-0.42132073339014875,-0.39389364833415524,-0.027427085055993505
43.400000000000006,-0.3360692344073883,-0.41861878676182446,0.08254955235443617
43.45,-0.20718387428588972,-0.34838943986673276,0.14120556558084305
43.5,-0.05459014468213169,-0.1867661103629909,0.1321759656808592
43.550000000000004,0.09181978672017578,0.018930277259312584,0.0728895094608632
43.6,0.20155299371599442,0.20461444722207028,-0.0030614535060758674
43.650000000000006,0.2542299355257159,0.31899338055636356,-0.06476344503064768
43.7,0.24713722869704893,0.34053205655230134,-0.09339482785525241
43.75,0.19620445627620106,0.2807543148484408,-0.08454985857223976
43.800000000000004,0.12982999759819291,0.1791830758495633,-0.04935307825137039
43.85,0.07811762003441525,0.09113218723914196,-0.013014567204726712
43.900000000000006,0.06190567825364467,0.06629218525175282,-0.004386506998108143
43.95,0.08576457366140865,0.1229167691263897,-0.03715219546498105
44.0,0.13737048286484796,0.23337986719234602,-0.09600938432749806
44.050000000000004,0.19331799889619994,0.33638196249094,-0.14306396359474005
44.1,0.2292315441425585,0.3732208619240939,-0.14398931778153543
44.150000000000006,0.23033860005697576,0.3242324591386158,-0.09389385908164005
44.2,0.19797245352199375,0.21829406384664726,-0.020321610324653516
44.25,0.14857129656704748,0.10924878386993997,0.039322512697107515
44.300000000000004,0.10498306220839575,0.04015272119637814,0.06483034101201761
44.35,0.08414602875689305,0.023902689510693985,0.06024333924619906
44.400000000000006,0.08792343550109992,0.05023228787119295,0.03769114762990697
44.45,0.10267770131601948,0.10367137470075417,-0.000993673384734689
44.5,0.10811677370417491,0.1706649972814984,-0.06254822357732348
44.550000000000004,0.0900703647942299,0.23182244729334386,-0.14175208249911397
44.6,0.049258398110321455,0.2562799932407493,-0.20702159513042784
44.650000000000006,0.0007893891147648577,0.21493384525496745,-0.21414445614020258
44.7,-0.03477729158077876,0.10678418337492265,-0.14156147495570143
44.75,-0.04280142137364844,-0.027614437729414403,-0.015186983644234035
44.800000000000004,-0.02156622065618408,-0.12533212908696548,0.1037659084307814
44.85,0.018317882957499605,-0.14286504556355636,0.16118292852105598
44.900000000000006,0.06051991855214124,-0.08643153154468453,0.14695145009682575
44.95,0.09128558425156671,-0.0038710765936224903,0.0951566608451892
45.0,0.10548734955671565,0.05514835700086498,0.05033899255585068
45.050000000000004,0.10849324036045356,0.0758819787849301,0.032611261575523465
45.1,0.11358461198161071,0.08200447346442281,0.0315801385171879
45.150000000000006,0.1355150224831889,0.10743542876908355,0.028079593714105344
45.2,0.18182165895318744,0.16535696643872377,0.01646469251446367
45.25,0.2452485239586648,0.24047694953764476,0.004771574421020053
45.300000000000004,0.3019194610132164,0.3039384912389614,-0.002019030225745011
45.35,0.31855252481695256,0.3296592467331538,-0.011106721916201212
45.400000000000006,0.2673505449995187,0.2970899075055646,-0.029739362506045863
45.45,0.14161933295887497,0.18810176205940338,-0.04648242910052841
45.5,-0.03709566713571379,-0.004049105796665962,-0.033046561339047834
45.550000000000004,-0.22579607001080174,-0.25230650729222426,0.026510437281422522
45.6,-0.37799065092395684,-0.4839215315594259,0.10593088063546907
45.650000000000006,-0.4628438824590056,-0.6052303770171423,0.14238649455813673
45.7,-0.4745851660108321,-0.5584527566312898,0.08386759062045768
45.75,-0.42766230295104934,-0.369150940167719,-0.058511362783330356
45.800000000000004,-0.3425197525252246,-0.13952740721674117,-0.20299234530848342
45.85,-0.2325480985959937,0.017007045317402023,-0.24955514391339573
45.900000000000006,-0.10069869963846838,0.053465503963731224,-0.1541642036021996
45.95,0.053671450747795044,0.017994125185075246,0.0356773255627198
46.0,0.22472270731488062,0.010645608547025974,0.21407709876785463
46.050000000000004,0.3953153982628022,0.10379665994386668,0.29151873831893554
46.1,0.5407334617474274,0.28936413128505234,0.2513693304623751
46.150000000000006,0.6371319561831353,0.48964766138885063,0.1474842947942847
46.2,0.6679890500686988,0.6145044745323542,0.05348457553634456
46.25,0.6252069672019004,0.6145782506681757,0.010628716533724658
46.300000000000004,0.5074151362783541,0.4940241533485822,0.013390982929771922
46.35,0.3204458267458247,0.28747698660158316,0.03296884014424156
46.400000000000006,0.08131255266769173,0.033426106828455884,0.04788644583923585
46.45,-0.17901353060155592,-0.23268660509875247,0.05367307449719655
46.5,-0.42048762164201037,-0.4716704663934569,0.05118284475144652
46.550000000000004,-0.6073916450671812,-0.6421033644526242,0.03471171938544293
46.6,-0.722466264973788,-0.7190030727658372,-0.0034631922079507715
46.650000000000006,-0.7707728871824487,-0.7131693424849926,-0.0576035446974561
46.7,-0.7690876346311558,-0.6670304431372824,-0.10205719149387338
46.75,-0.7288058511767388,-0.6230983491796566,-0.10570750199708223
46.800000000000004,-0.6470629671820831,-0.5894077313472382,-0.05765523583484489
46.85,-0.5147620645298517,-0.5332326813098163,0.018470616779964533
46.900000000000006,-0.33532181648233317,-0.41132494199400677,0.0760031255116736
46.95,-0.1370488495240568,-0.21271418362650538,0.07566533410244858
47.0,0.03429712199728071,0.02156966479180551,0.0127274572054752
47.050000000000004,0.13984260177683902,0.21846160659491606,-0.07861900481807704
47.1,0.17073800798546165,0.3170774651162754,-0.14633945713081373
47.150000000000006,0.15168078732926102,0.30427738385936154,-0.15259659653010052
47.2,0.12196800908141374,0.21815699039323405,-0.09618898131182031
47.25,0.10931344399943384,0.12118312061885475,-0.011869676619420913
47.300000000000004,0.11647092063424384,0.06397666811883013,0.05249425251541372
47.35,0.12841649765567192,0.06201781397841869,0.06639868367725324
47.400000000000006,0.1301512070332947,0.09509443589374847,0.03505677113954622
47.45,0.11822462674082931,0.1253123076032532,-0.007087680862423895
47.5,0.09818154295823836,0.12189382947111022,-0.023712286512871855
47.550000000000004,0.07511490388080157,0.08004606440828141,-0.0049311605274798415
47.6,0.05008998440933159,0.024459507404318483,0.025630477005013103
47.650000000000006,0.026347629593551254,-0.005116783089462126,0.03146441268301338
47.7,0.01605454813707983,0.021005908225985307,-0.004951360088905479
47.75,0.03574967738390411,0.10183107653867488,-0.06608139915477076
47.800000000000004,0.09041192463209344,0.20375553997421003,-0.1133436153421166
47.85,0.16050016826075714,0.2796088496242432,-0.11910868136348607
47.900000000000006,0.20752837004378044,0.29579161193263104,-0.0882632418888506
47.95,0.1983088453071048,0.2488103689693232,-0.05050152366221841
48.0,0.1296548312827414,0.1614468433255477,-0.031792012042806295
48.050000000000004,0.03228070023820064,0.06491594257439766,-0.032635242336197016
48.1,-0.0505997176854036,-0.01747234117283063,-0.03312737651257297
48.150000000000006,-0.09253489925941667,-0.07466215015449457,-0.017872749104922106
48.2,-0.09683308247132302,-0.10257614270141567,0.0057430602300926475
48.25,-0.08428460369262908,-0.09920509440459271,0.014920490711963635
48.300000000000004,-0.0694235031674174,-0.06605032758158395,-0.0033731755858334433
48.35,-0.04824926768835123,-0.012322964525245284,-0.035926303163105945
48.400000000000006,-0.007570101702276553,0.04572895790906164,-0.05329905961133819
48.45,0.055548675668277474,0.09243413334158535,-0.03688545767330787
48.5,0.12508373691969057,0.12103308725265127,0.004050649667039302
48.550000000000004,0.1772396100701524,0.1350690041666979,0.042170605903454506
48.6,0.20010993674244162,0.14210040368212912,0.05800953306031251
48.650000000000006,0.20177772989677456,0.14644902980630622,0.055328700090468336
48.7,0.1986721698823987,0.14755432632505053,0.051117843557348164
48.75,0.196218982699639,0.14352281461856878,0.05269616808107022
48.800000000000004,0.1818760185956538,0.13401598611464316,0.047860032481010645
48.85,0.13825377753742005,0.118814063852112,0.019439713685308044
48.900000000000006,0.0635262442092217,0.09499181975720294,-0.03146557554798124
48.95,-0.021609344995318032,0.05809763685785349,-0.07970698185317152
49.0,-0.08831373219997878,0.00761604126956795,-0.09592977346954673
49.050000000000004,-0.12209991566691841,-0.049460590979460796,-0.07263932468745762
49.1,-0.13179455489105507,-0.10224107537547886,-0.029553479515576214
49.150000000000006,-0.13619462060546791,-0.14357049314213827,0.007375872536670353
49.2,-0.14143218565328347,-0.1723152843920095,0.030883098738726023
49.25,-0.13150710481088113,-0.18586342514522303,0.0543563203343419
49.300000000000004,-0.08223406551240921,-0.17100860748060087,0.08877454196819166
49.35,0.013400286353308007,-0.10742778815176193,0.12082807450506994
49.400000000000006,0.13160592740463076,0.0123657771910775,0.11924015021355326
49.45,0.22873613907278523,0.16191459219781962,0.06682154687496561
49.5,0.26799906291406794,0.28200598588644993,-0.014006922972381985
49.550000000000004,0.2402266935847671,0.3123223575864081,-0.072095664001641
49.6,0.16381958472492483,0.23353726173090092,-0.06971767700597609
49.650000000000006,0.06770309952227842,0.08513652712591446,-0.017433427603636045
49.7,-0.02613566729140446,-0.05978128610922292,0.033645618817818454
49.75,-0.10763425119563035,-0.14570442953686077,0.03807017834123043
49.800000000000004,-0.17238861039835288,-0.1708891616647988,-0.0014994487335540652
49.85,-0.2150850301875987,-0.17864069634266966,-0.03644433384492904
49.900000000000006,-0.23045663894063162,-0.21205279524921244,-0.018403843691419175
49.95,-0.21900851828379203,-0.27223650264548993,0.0532279843616979
50.0,-0.18895811252039552,-0.3164620308198514,0.1275039182994559
50.050000000000004,-0.15067671792626638,-0.2968756928060878,0.1461989748798214
50.1,-0.10925269929222799,-0.20486231758976303,0.09560961829753505
50.150000000000006,-0.06376866576810916,-0.08235247274468392,0.01858380697657476
50.2,-0.014829978178469207,0.008475183859587626,-0.023305162038056833
50.25,0.02773365145160469,0.029882887841665363,-0.0021492363900606735
50.300000000000004,0.046616063888930866,-0.00930265048167065,0.055918714370601516
50.35,0.02888982240146442,-0.06856523286511691,0.09745505526658133
50.400000000000006,-0.022188456096221713,-0.11002262470110666,0.08783416860488494
50.45,-0.0870767684791448,-0.12195816585607311,0.0348813973769283
50.5,-0.1430824217210563,-0.1161530139580595,-0.026929407762996807
50.550000000000004,-0.1797709109894111,-0.10864069270704863,-0.07113021828236246
50.6,-0.20286295642768337,-0.10486628108027461,-0.09799667534740876
50.650000000000006,-0.2228777693245425,-0.10033632934608373,-0.12254143997845877
50.7,-0.23879914071881497,-0.0901150516774087,-0.1486840890414063
50.75,-0.23222802058234232,-0.07359683910268108,-0.15863118147966124
50.800000000000004,-0.17890055037545274,-0.04989423214923585,-0.1290063182262169
50.85,-0.06944823502365954,-0.01210480472490561,-0.05734343029875393
50.900000000000006,0.07719767794816805,0.04912592566605211,0.02807175228211594
50.95,0.2191608641333243,0.13313379710472442,0.08602706702859989
51.0,0.312792254992748,0.22006001192299482,0.09273224306975317
51.050000000000004,0.3350338306731471,0.27687683419878684,0.05815699647436029
51.1,0.29228501091828024,0.27738536397350566,0.01489964694477458
51.150000000000006,0.21177794248734005,0.22128598005028235,-0.0095080375629423
51.2,0.1238172518101051,0.1363851568398402,-0.012567905029735107
51.25,0.04787260728827555,0.06106177926643307,-0.01318917197815752
51.300000000000004,-0.009915770975914426,0.019966355188428642,-0.02988212616434307
51.35,-0.050115912202636385,0.011094239463924483,-0.061210151666560866
51.400000000000006,-0.07261987440275192,0.0129905608252835,-0.08561043522803541
51.45,-0.07503860841580057,0.005175516056140058,-0.08021412447194062
51.5,-0.0565566526552259,-0.014487232296939762,-0.04206942035828614
51.550000000000004,-0.021636442771029073,-0.028261022252889637,0.006624579481860564
51.6,0.021238556207257814,-0.01301494361839273,0.03425349982565054
51.650000000000006,0.0650141276839491,0.04087265917791792,0.024141468506031175
51.7,0.1082477411599231,0.12036484987923886,-0.012117108719315761
51.75,0.1534584583251922,0.1968751422752345,-0.043416683950042306
51.800000000000004,0.20086233558169345,0.2442088893814737,-0.04334655379978025
51.85,0.24377094181194553,0.25426568833973257,-0.010494746527787036
51.900000000000006,0.27098836102680773,0.23935089148618052,0.03163746954062721
51.95,0.27493094990061334,0.2199514141587135,0.05497953574189984
52.0,0.2580415059423765,0.20761820600610223,0.050423299936274285
52.050000000000004,0.23071484515540158,0.1960930460446694,0.03462179911073218
52.1,0.20157242144324022,0.16724595269466508,0.034326468748575145
52.150000000000006,0.16867744021831682,0.10676330944848486,0.06191413076983196
52.2,0.12042499141000847,0.0170260808989478,0.10339891051106066
52.25,0.046397734857272194,-0.08279345075031763,0.12919118560758983
52.300000000000004,-0.051108376281336305,-0.1690277195535448,0.11791934327220849
52.35,-0.15565938152600783,-0.22835873693039616,0.07269935540438832
52.400000000000006,-0.24743100601734563,-0.26434266072119966,0.01691165470385403
52.45,-0.31701761319209165,-0.2921389330809698,-0.024878680111121876
52.5,-0.3700685464833051,-0.3268100457481807,-0.04325850073512444
52.550000000000004,-0.41871521669270995,-0.37368519678616874,-0.04503001990654121
52.6,-0.4677714812559235,-0.42562195398242614,-0.042149527273497356
52.650000000000006,-0.508223933082207,-0.4664291855115626,-0.04179474757064444
52.7,-0.5233553134808613,-0.47727796916467713,-0.046077344316184154
52.75,-0.5009917707482014,-0.4438888801249772,-0.05710289062322427
52.800000000000004,-0.44027280750996944,-0.3631218596800249,-0.07715094782994453
52.85,-0.3476476400222386,-0.24625989885497176,-0.10138774116726681
52.900000000000006,-0.22787114532002264,-0.11523046711829994,-0.1126406782017227
52.95,-0.080463410014699,0.008851615569602391,-0.08931502558430139
53.0,0.09406338126575797,0.11858002846881606,-0.024516647203058087
53.050000000000004,0.2843890596542894,0.22403444087400434,0.06035461878028506
53.1,0.4652583061979143,0.3413800853451932,0.1238782208527211
53.150000000000006,0.6050758667195762,0.4722919762465185,0.13278389047305778
53.2,0.6782767836965026,0.5901578050464649,0.0881189786500377
53.25,0.6729126419010815,0.6468420232689772,0.026070618632104248
53.300000000000004,0.5897788237899936,0.5991194291774365,-0.009340605387442968
53.35,0.4379699657780282,0.43780949395564056,0.00016047182238765334
53.400000000000006,0.23374887926563934,0.19872914634843328,0.03501973291720606
53.45,0.0033110997843709385,-0.05315654884941897,0.05646764863378991
53.5,-0.21704543922013053,-0.2559812584211668,0.03893581920103628
53.550000000000004,-0.3891614305437414,-0.37829502281310645,-0.010866407730634964
53.6,-0.4870246914098837,-0.4251389554813373,-0.061885735928546404
53.650000000000006,-0.5065079443463156,-0.42246703162945626,-0.08404091271685937
53.7,-0.46288220592148593,-0.39366390677085333,-0.0692182991506326
53.75,-0.37845963397666055,-0.34477879502193187,-0.033680838954728676
53.800000000000004,-0.2711467912752251,-0.26669593233815714,-0.004450858937067981
53.85,-0.15264205677586043,-0.15027674949682496,-0.0023653072790354723
53.900000000000006,-0.03453996525861933,-0.0026113379750351755,-0.03192862728358416
53.95,0.06744931563116777,0.14743876761891664,-0.07998945198774887
54.0,0.13816915318256864,0.2593589798480386,-0.12118982666546993
54.050000000000004,0.17288331704411775,0.3018807636084352,-0.12899744656431744
54.1,0.18151635337831956,0.27201994611885244,-0.09050359274053288
54.150000000000006,0.1809370461033872,0.1988987582141532,-0.017961712110766
54.2,0.18103285472329567,0.1275198195990548,0.053513035124240854
54.25,0.17760514462242089,0.09153488016041761,0.08607026446200328
54.300000000000004,0.15952808014220857,0.09363418113135893,0.06589389901084963
54.35,0.12398498739914729,0.10855082612608391,0.01543416127306338
54.400000000000006,0.08520032756814218,0.10723235190345343,-0.022032024335311248
54.45,0.06746266692900518,0.08342836073126389,-0.015965693802258707
54.5,0.08756021057682502,0.06068144173859171,0.026878768838233306
54.550000000000004,0.14148832623499127,0.07295599688354043,0.06853232935145084
54.6,0.20641386432498537,0.13421717990288107,0.0721966844221043
54.650000000000006,0.25545025215109896,0.22227519652650174,0.033175055624597216
54.7,0.2725519076590865,0.2907966113886566,-0.0182447037295701
54.75,0.2566546994740869,0.29998531685217206,-0.043330617378085134
54.800000000000004,0.21503170236932048,0.24141119038254408,-0.026379488013223595
54.85,0.15472084441295506,0.13871393548750632,0.016006908925448732
54.900000000000006,0.08010741351267106,0.02707354030527211,0.053033873207398954
54.95,-0.0032385551998063136,-0.06904143561736079,0.06580288041755447
55.0,-0.08470275001776521,-0.14248098480302307,0.057778234785257856
55.050000000000004,-0.14991370302536683,-0.19399610856726315,0.044082405541896325
55.1,-0.1863860867012104,-0.22095573270893185,0.034569646007721444
55.150000000000006,-0.1887451356751566,-0.21709073985893337,0.028345604183776768
55.2,-0.1602309028510547,-0.18220709713101604,0.021976194279961336
55.25,-0.11118834223016909,-0.12949736204963838,0.018309019819469294
55.300000000000004,-0.05679864912920917,-0.08083679960238549,0.02403815047317632
55.35,-0.014391704837482729,-0.053533713838000756,0.03914200900051803
55.400000000000006,0.0010311076331212968,-0.05117016991077697,0.052201277543898264
55.45,-0.01729580114318541,-0.06687026404077792,0.049574462897592514
55.5,-0.06438117247508707,-0.09444514964125099,0.03006397716616392
55.550000000000004,-0.12640628940176207,-0.13511631510410987,0.008710025702347801
55.6,-0.18924169386367326,-0.19287822443803637,0.0036365305743631116
55.650000000000006,-0.245905959813209,-0.2640445173293235,0.018138557516114484
55.7,-0.2962690566260382,-0.3328189528967635,0.0365498962707253
55.75,-0.3393543757255552,-0.37836882807207545,0.039014452346520234
55.800000000000004,-0.3663535207607396,-0.386882583463423,0.0205290627026834
55.85,-0.3627162863468407,-0.3572792009285879,-0.005437085418252829
55.900000000000006,-0.31912905409146125,-0.29648379876078035,-0.022645255330680902
55.95,-0.24170846995006068,-0.2113382475781052,-0.03037022237195547
56.0,-0.15097719193055525,-0.10699170962618505,-0.0439854823043702
56.050000000000004,-0.06876882739902614,0.007044426507779927,-0.07581325390680606
56.1,-0.0034823644506726463,0.11241856416667695,-0.11590092861734959
56.150000000000006,0.05372702248633265,0.1883429835902799,-0.13461596110394725
56.2,0.11855720977291102,0.22661012911880382,-0.1080529193458928
56.25,0.1980207798926146,0.2414482181447373,-0.043427438252122696
56.300000000000004,0.28288570275662694,0.2619622410710035,0.020923461685623423
56.35,0.353738311568273,0.30985986355465844,0.04387844801361457
56.400000000000006,0.39461267502696157,0.3799596315704289,0.014653043456532677
56.45,0.40274196870456747,0.440893867098417,-0.038151898393849526
56.5,0.38772920146130024,0.45720677103335894,-0.0694775695720587
56.550000000000004,0.3627384453506639,0.4157559700393203,-0.05301752468865639
56.6,0.335577696828159,0.33533041141152525,0.000247285416633769
56.650000000000006,0.3054156643371031,0.2522133238850653,0.05320234045203781
56.7,0.26519230036608793,0.19375854609566076,0.07143375427042717
56.75,0.20637549409071085,0.16047270649610956,0.045902787594601285
56.800000000000004,0.12337791889724728,0.12869767489538111,-0.005319755998133835
56.85,0.016881162415227254,0.06946665025183647,-0.05258548783660922
56.900000000000006,-0.10441669232603815,-0.03144267442946656,-0.07297401789657158
56.95,-0.224967084649384,-0.16497584004091667,-0.05999124460846733
57.0,-0.327108992660786,-0.3041482197603333,-0.02296077290045273
57.050000000000004,-0.39723878103014837,-0.4169105264507765,0.019671745420628106
57.1,-0.42928194930866126,-0.47851276358198563,0.049230814273324375
57.150000000000006,-0.4232142398293887,-0.47875775543970256,0.05554351561031384
57.2,-0.3810657040426172,-0.42315248138901557,0.042086777346398374
57.25,-0.30548967141149563,-0.3287124684924559,0.023222797080960256
57.300000000000004,-0.20314871268001755,-0.21640659157618494,0.013257878896167391
57.35,-0.08921795459138238,-0.10396612413595929,0.014748169544576917
57.400000000000006,0.013417048774462592,-0.0032403898440017793,0.01665743861846437
57.45,0.0825358364510385,0.07681239671991055,0.005723439731127947
57.5,0.10728499018858484,0.12570651887448892,-0.018421528685904076
57.550000000000004,0.09271228932180292,0.13215295632518506,-0.03944066700338214
57.6,0.054505279037531724,0.0921677099085593,-0.03766243087102757
57.650000000000006,0.008909092593662245,0.018552700155229893,-0.009643607561567649
57.7,-0.0333693404418596,-0.058421401546842625,0.025052061104983023
57.75,-0.0653026665995076,-0.10378101767571105,0.03847835107620344
57.800000000000004,-0.0783156379191883,-0.09699333985736856,0.01867770193818026
57.85,-0.061674452255508196,-0.04310179169826347,-0.018572660557244727
57.900000000000006,-0.009148863480740668,0.033492300860067825,-0.042641164340808495
57.95,0.07290813134554053,0.10771834935504272,-0.034810218009502195
58.0,0.16463153745193554,0.16921057697016198,-0.004579039518226441
58.050000000000004,0.24130267629455956,0.2215520998828614,0.019750576411698167
58.1,0.2851563866556269,0.26752334622887797,0.017633040426748958
58.150000000000006,0.29120912041769853,0.29593088430267805,-0.004721763884979524
58.2,0.2639901919298221,0.28461503543516914,-0.020624843505347046
58.25,0.21041905265906136,0.21894625851673782,-0.008527205857676468
58.300000000000004,0.13636773740078004,0.10935141498020916,0.02701632242057088
58.35,0.048953479105223685,-0.009681941856808452,0.058635420962032135
58.400000000000006,-0.040249568911238966,-0.10097244277473903,0.06072287386350007
58.45,-0.11669215265663148,-0.14943090963515865,0.03273875697852717
58.5,-0.168919346850666,-0.16891059972260405,-8.747128061953324e-06
58.550000000000004,-0.19356540222420723,-0.18482636982949896,-0.008739032394708274
58.6,-0.19449307333220303,-0.207956701098506,0.013463627766302971
58.650000000000006,-0.17755376225754438,-0.22345756002175443,0.04590379776421005
58.7,-0.14695903649205375,-0.20592136494476945,0.05896232845271571
58.75,-0.1068628493640474,-0.14730540183610075,0.04044255247205335
58.800000000000004,-0.06511507281282482,-0.07138194263601332,0.006266869823188498
58.85,-0.0329030602734215,-0.01896360258346653,-0.013939457689954967
58.900000000000006,-0.018253709110421932,-0.014331031803010432,-0.0039226773074115
58.95,-0.018849395237163027,-0.041959456001501326,0.0231100607643383
59.0,-0.02200151935319881,-0.056081691891001914,0.0340801725378031
59.050000000000004,-0.013600627142309753,-0.01796993884709374,0.004369311704783987
59.1,0.01094392649262055,0.06938530044643464,-0.05844137395381409
59.150000000000006,0.04334589356363334,0.15949351619918867,-0.11614762263555534
59.2,0.0696233423094219,0.19706637563267732,-0.1274430333232554
59.25,0.08127743416727247,0.16164585336640974,-0.08036841919913727
59.300000000000004,0.08074926353294876,0.08413005022363197,-0.0033807866906832157
59.35,0.0773373728460398,0.02240398286469511,0.054933389981344685
59.400000000000006,0.07850971572915455,0.016481503197817167,0.06202821253133738
59.45,0.084641985826946,0.060235585984920896,0.024406399842025105
59.5,0.09054170809286964,0.11166355645152148,-0.021121848358651843
59.550000000000004,0.09044633691079808,0.1303623731816179,-0.03991603627081981
59.6,0.08139336268227795,0.10885738652490787,-0.027464023842629914
59.650000000000006,0.06361557321164125,0.07240476635367755,-0.0087891931420363
59.7,0.040435311379618595,0.051429388767038585,-0.01099407738741999
59.75,0.01930408223295666,0.054449536930728105,-0.035145454697771444
59.800000000000004,0.011790534979983777,0.06616482398338355,-0.05437428900339977
59.85,0.02924248220618272,0.06972940670015992,-0.0404869244939772
59.900000000000006,0.07511113878308219,0.06902125021673379,0.0060898885663484
59.95,0.14011865295705184,0.08762039958912034,0.0524982533679315
60.0,0.20583131726230508,0.14451541356448175,0.06131590369782333
60.050000000000004,0.2548630597129951,0.229518156887774,0.025344902825221116
60.1,0.27898376533414115,0.30226062405156634,-0.023276858717425186
60.150000000000006,0.2778422649013704,0.3171952170631071,-0.03935295216173673
60.2,0.25053495121938757,0.253861734923911,-0.0033267837045234394
60.25,0.19039141583463903,0.12810839219207854,0.0622830236425605
60.300000000000004,0.09088364950735853,-0.022082227150840187,0.11296587665819871
60.35,-0.04122739981728936,-0.16103584478103544,0.11980844496374608
60.400000000000006,-0.17890032408933051,-0.2696545870635347,0.09075426297420416
60.45,-0.28404567819758586,-0.34255247612527373,0.05850679792768787
60.5,-0.32873908895772186,-0.37806535793568535,0.049326268977963494
60.550000000000004,-0.31223778364804167,-0.37485588027521216,0.0626180966271705
60.6,-0.2600185427952718,-0.33772861147747846,0.07771006868220665
60.650000000000006,-0.20612486463480656,-0.2830204032121122,0.07689553857730563
60.7,-0.17378809009793303,-0.23403419794895555,0.06024610785102252
60.75,-0.16885933605600828,-0.20857117398023478,0.0397118379242265
60.800000000000004,-0.18723655043264212,-0.2101791168578244,0.022942566425182276
60.85,-0.2248207826800588,-0.23130651510307768,0.006485732423018864
60.900000000000006,-0.2787417048240535,-0.2637647360639291,-0.014976968760124443
60.95,-0.34023860881009593,-0.30400291415138525,-0.03623569465871068
61.0,-0.3897263456856473,-0.34689035524770045,-0.042835990437946836
61.050000000000004,-0.4025297617109955,-0.37571551812916926,-0.02681424358182627
61.1,-0.3621283660547093,-0.3625013529949155,0.00037298694020615475
61.150000000000006,-0.26925091195022754,-0.28347277174532254,0.014221859795094993
61.2,-0.13894975602887177,-0.13824932323624958,-0.0007004327926221909
61.25,0.0102482828058105,0.04492902242398939,-0.03468073961817889
61.300000000000004,0.16371095952166712,0.22429283034443,-0.060581870822762895
61.35,0.30828061241760013,0.36773424940070637,-0.05945363698310624
61.400000000000006,0.4255837988620203,0.46450354735612265,-0.038919748494102346
61.45,0.492132821238737,0.5173368408748711,-0.025204019636134112
61.5,0.4901768958280735,0.526114490143053,-0.035937594314979504
61.550000000000004,0.4208092000611096,0.4818208611793324,-0.061011661118222815
61.6,0.3064548527411724,0.3780327262506636,-0.07157787350949119
61.650000000000006,0.17884353474491094,0.22808199529589976,-0.04923846055098882
61.7,0.06219165182166014,0.06878792286071324,-0.006596271039053095
61.75,-0.03429948435963687,-0.05623861720865862,0.021939132849021756
61.800000000000004,-0.10999237603160252,-0.12112632545837558,0.011133949426773065
61.85,-0.16150158587074664,-0.1297252904324288,-0.031776295438317836
61.900000000000006,-0.17962829961526539,-0.10608340353355633,-0.07354489608170905
61.95,-0.1580084745008579,-0.07362264004523154,-0.08438583445562635
62.0,-0.10380644883843193,-0.04163876262762043,-0.0621676862108115
62.050000000000004,-0.03788945258836677,-0.008358864236844217,-0.02953058835152255
62.1,0.017623815933985477,0.026815649041668624,-0.009191833107683147
62.150000000000006,0.053451638617561296,0.0564321137955646,-0.002980475178003303
62.2,0.07566850623083733,0.06996431350676421,0.005704192724073118
62.25,0.09456171353524498,0.06371907876419411,0.03084263477105087
62.300000000000004,0.11106891694339534,0.04423883107944103,0.06683008586395431
62.35,0.11424307371885571,0.02185215841553195,0.09239091530332376
62.400000000000006,0.09211286503935029,0.0018888122356326142,0.09022405280371767
62.45,0.04501980241793202,-0.01720292836225467,0.06222273078018669
62.5,-0.01191171365691102,-0.03816406838105077,0.02625235472413975
62.550000000000004,-0.059930654557286606,-0.059607431407457084,-0.00032322314982952127
62.6,-0.0911498163364816,-0.07788800601858083,-0.013261810317900774
62.650000000000006,-0.11309294964282021,-0.09361994893209137,-0.01947300071072884
62.7,-0.13948997916235337,-0.11374372191086853,-0.02574625725148484
62.75,-0.17597321086636275,-0.14431391671071805,-0.031659294155644696
62.800000000000004,-0.2131903360183246,-0.18006971414266523,-0.03312062187565937
62.85,-0.2323974478373086,-0.20223824315484829,-0.030159204682460306
62.900000000000006,-0.21767371455834705,-0.18914948372972828,-0.02852423082861877
62.95,-0.16455389910449214,-0.13154466230441117,-0.03300923680008097
63.0,-0.07987409544578286,-0.03914982587094323,-0.04072426957483963
63.050000000000004,0.024071826853199054,0.06689706017869336,-0.0428252333254943
63.1,0.13435805416418958,0.16779152134056363,-0.03343346717637405
63.150000000000006,0.23789043397074774,0.2539727441469627,-0.016082310176214948
63.2,0.31990559890789083,0.3205313369613262,-0.000625738053435354
63.25,0.3650169065926978,0.3590958498178404,0.005921056774857436
63.300000000000004,0.3622602120122261,0.35756914013135394,0.004691071880872144
63.35,0.31099521893222015,0.3096493768924044,0.0013458420398157478
63.400000000000006,0.2229617147474439,0.22415714590054384,-0.0011954311530999462
63.45,0.11845642885382981,0.12303715792597991,-0.004580729072150097
63.5,0.018807883436831416,0.028280989000601067,-0.009473105563769652
63.550000000000004,-0.060440832641446646,-0.05003436877217742,-0.010406463869269224
63.6,-0.11230853963600429,-0.11300480194906068,0.0006962623130563894
63.650000000000006,-0.13680589031933912,-0.16107423484536917,0.02426834452603005
63.7,-0.13731610617686493,-0.1848888315808018,0.047572725403936866
63.75,-0.11784807036986622,-0.1704199034977397,0.052571833127873474
63.800000000000004,-0.08268650999206306,-0.11488653116566673,0.03220002117360367
63.85,-0.03771492955218109,-0.03736024948261194,-0.00035468006956914516
63.900000000000006,0.008769282640903877,0.028695819596223332,-0.019926536955319457
63.95,0.04744188847067136,0.05676896301614488,-0.009327074545473525
64.0,0.07110350501839012,0.044442448686637985,0.026661056331752135
64.05,0.07722125377444106,0.011500166181470494,0.06572108759297056
64.10000000000001,0.0677210528206637,-0.018371304072202013,0.0860923568928657
64.15,0.04637395620186363,-0.03505024329216453,0.08142419949402815
64.2,0.016489695621089488,-0.043811297114018856,0.06030099273510835
64.25,-0.01878165346525509,-0.05307677239668333,0.03429511893142824
64.3,-0.05438260766302221,-0.06301558623336954,0.008632978570347331
64.35000000000001,-0.08293255738439306,-0.06700082420183423,-0.015931733182558833
64.4,-0.09807222204368406,-0.06259563297470416,-0.035476589068979894
64.45,-0.09917272425565546,-0.05770408813445637,-0.04146863612119909
64.5,-0.0921148163901366,-0.06278204164504993,-0.02933277474508668
64.55,-0.08364932422477048,-0.07612894349844214,-0.007520380726328338
64.60000000000001,-0.07363858284098117,-0.07892707235199921,0.005288489511018041
64.65,-0.05331076911129049,-0.04867354108718252,-0.004637228024107973
64.7,-0.013254802665014644,0.018989271674178555,-0.0322440743391932
64.75,0.044880982934939695,0.10056968577732847,-0.055688702842388776
64.8,0.10455598507706897,0.15850037690879784,-0.053944391831728875
64.85000000000001,0.14424977381763399,0.16852043051303356,-0.024270656695399573
64.9,0.15392229997914864,0.13749858834595105,0.016423711633197585
64.95,0.14284980812864645,0.09613848100102455,0.046711327127621896
65.0,0.13000539681361056,0.07285968839346152,0.057145708420149044
65.05,0.12445867214380728,0.07126836441448035,0.053190307729326924
65.10000000000001,0.11423365417409122,0.0696619317888979,0.044571722385193316
65.15,0.07588064434394612,0.04134461063078313,0.03453603371316299
65.2,-0.0020696900406200025,-0.022610886723942385,0.020541196683322382
65.25,-0.10291803126532073,-0.1065097723754576,0.0035917411101368674
65.3,-0.18904907053653797,-0.18214147490562047,-0.006907595630917501
65.35000000000001,-0.2279657044294123,-0.2273545937976616,-0.0006111106317507053
65.4,-0.21493311316118432,-0.2360859622547428,0.021152849093558468
65.45,-0.1727477583682762,-0.2151724174332863,0.04242465906501011
65.5,-0.12994889777404103,-0.1750382835361273,0.045089385762086265
65.55,-0.09814121666716859,-0.1239750973844116,0.02583388071724302
65.60000000000001,-0.06869024235790076,-0.06903058580375827,0.00034034344585751053
65.65,-0.029652775693877306,-0.018960912977845933,-0.010691862716031373
65.7,0.015543208187736862,0.016253709720016125,-0.0007105015322792629
65.75,0.046859609537936005,0.029712243350155914,0.01714736618778009
65.8,0.04507538150395769,0.02142300324142822,0.023652378262529472
65.85000000000001,0.010584998184553064,-0.002018602542218613,0.012603600726771677
65.9,-0.03479104007998054,-0.0312052011228961,-0.003585838957084437
65.95,-0.06465656327145095,-0.057548041243339086,-0.007108522028111859
66.0,-0.06774817747014666,-0.07455079529360298,0.006802617823456314
66.05,-0.05321381303475981,-0.07784214482954638,0.024628331794786566
66.10000000000001,-0.0388862351108459,-0.06614185604700579,0.027255620936159887
66.15,-0.03543979241872595,-0.04306464958749972,0.0076248571687737715
66.2,-0.040784847618026046,-0.017179294627164592,-0.023605552990861454
66.25,-0.04692731702081966,0.0015373882035818686,-0.04846470522440153
66.3,-0.04947291036536519,0.007167986958513422,-0.056640897323878614
66.35000000000001,-0.049814984687013404,0.0010669887791768227,-0.05088197346619023
66.4,-0.04996653300336108,-0.009799266111811183,-0.040167266891549896
66.45,-0.047939973444710196,-0.01772140550312135,-0.030218567941588847
66.5,-0.039239991250259225,-0.01800027601660791,-0.021239715233651316
66.55,-0.02154175520674225,-0.008922520585927863,-0.012619234620814388
66.60000000000001,0.004176141892678672,0.010563268191226554,-0.0063871262985478825
66.65,0.037353771037814766,0.041774634203430853,-0.004420863165616087
66.7,0.08016672464191082,0.0840917020732006,-0.003924977431289778
66.75,0.13264706561714731,0.13178000291617184,0.0008670627009754739
66.8,0.1840876260867678,0.1735742934746148,0.010513332612152981
66.85000000000001,0.21169511671336255,0.19633222967892727,0.01536288703443528
66.9,0.19289021716245125,0.19026426739592533,0.0026259497665259146
66.95,0.12365610661001186,0.15209608015907689,-0.028439973549065023
67.0,0.026294436634468277,0.08507981614680984,-0.05878537951234157
67.05,-0.0629155975510141,-0.0019931423645990114,-0.060922455186415085
67.10000000000001,-0.11740030192073335,-0.0944906504416553,-0.022909651479078044
67.15,-0.13495913919340816,-0.17131261765555741,0.03635347846214926
67.2,-0.1307597431226807,-0.20776975846059131,0.0770100153379106
67.25,-0.11660334679671654,-0.18434645966108248,0.06774311286436595
67.3,-0.08773475384995663,-0.09823593909563681,0.01050118524568018
67.35000000000001,-0.03072753620422837,0.030153638847951875,-0.06088117505218024
67.4,0.05568770547677656,0.16236734714748566,-0.10667964167070909
67.45,0.1489329804349474,0.2580990097925421,-0.10916602935759467
67.5,0.21390567058519006,0.29361561559176824,-0.07970994500657819
67.55,0.22852653246372942,0.27119031691288303,-0.04266378444915361
67.60000000000001,0.2000955797386786,0.213947449779312,-0.013851870040633402
67.65,0.15719020542374149,0.1501998138157891,0.006990391607952395
67.7,0.124861712249677,0.097961521324126,0.026900190925551
67.75,0.10613551103672574,0.059184455883658955,0.04695105515306678
67.8,0.0856427016112751,0.025628705232804066,0.06001399637847103
67.85000000000001,0.0493743519994557,-0.009960791612887722,0.059335143612343426
67.9,-6.0106167699625e-05,-0.04658751114750141,0.04652740497980179
67.95,-0.04687846735901133,-0.07673044842877899,0.029851981069767664
68.0,-0.07872148752582567,-0.0945482142142392,0.015826726688413534
68.05,-0.09820019115814327,-0.10288817897349041,0.004687987815347142
68.10000000000001,-0.11779318488724883,-0.11257197233505847,-0.005221212552190352
68.15,-0.1443817884071906,-0.13385910622163866,-0.01052268218555194
68.2,-0.17003174835570525,-0.16663172717640443,-0.0034000211793008273
68.25,-0.178367674117345,-0.19740552641392295,0.01903785229657795
68.3,-0.15954742099501637,-0.20636324583548782,0.04681582484047145
68.35000000000001,-0.11866348019864632,-0.1799467266126464,0.061283246414000084
68.4,-0.07014822835126523,-0.12014438566966903,0.0499961573184038
68.45,-0.025349811110531324,-0.04398548369708592,0.0186356725865546
68.5,0.013617254525956966,0.02600105890048028,-0.012383804374523315
68.55,0.048776993036317835,0.07328530854522539,-0.02450831550890755
68.60000000000001,0.07754099126918142,0.09319808666778308,-0.01565709539860166
68.65,0.0912414500453929,0.09077336842147703,0.0004680816239158725
68.7,0.08305231247251062,0.0743779417101526,0.00867437076235801
68.75,0.0565955151768866,0.050991348247473846,0.005604166929412756
68.8,0.02554735450174779,0.02587627929927453,-0.00032892479752674036
68.85000000000001,0.004077691586446613,0.004635412027093735,-0.0005577204406471215
68.9,-0.0026391232826098662,-0.006200965074675392,0.0035618417920655256
68.95,0.0007426564529604367,-0.0016219412351117417,0.0023645976880721786
69.0,0.0067841239196580975,0.018438328006526544,-0.011654204086868446
69.05,0.011887991586907756,0.04797046258664863,-0.03608247099974088
69.10000000000001,0.016331010012761785,0.07721605391452249,-0.06088504390176071
69.15,0.019963105512540442,0.09664454720619467,-0.07668144169365423
69.2,0.02049799300039851,0.09996164237722752,-0.07946364937682901
69.25,0.017067923806818524,0.08525112739213109,-0.06818320358531256
69.3,0.014090336357674682,0.055248597068461,-0.041158260710786314
69.35000000000001,0.019072821072151965,0.017579278049838824,0.0014935430223131409
69.4,0.035011528202098095,-0.01596943415556958,0.05098096235766768
69.45,0.0554548268934964,-0.03282671964475583,0.08828154653825224
69.5,0.06882499367255202,-0.025473455309203297,0.09429844898175531
69.55,0.06876155709266478,0.003483247865749675,0.0652783092269151
69.60000000000001,0.05970198625421147,0.04106283923405348,0.018639147020157988
69.65,0.0508572709533257,0.06965802756414549,-0.018800756610819792
69.7,0.044120136457350884,0.07545432758768233,-0.03133419113033145
69.75,0.02920445785716767,0.05416925888456431,-0.02496480102739664
69.8,-0.0068426128386449075,0.011114682356561302,-0.01795729519520621
69.85000000000001,-0.06351571547545477,-0.04287337196968442,-0.02064234350577035
69.9,-0.12028745756338108,-0.095591461762721,-0.02469599580066008
69.95,-0.14810852646854433,-0.13526091037843158,-0.012847616090112757
70.0,-0.1303867755472804,-0.15109891894526065,0.02071214339798025
70.05,-0.07519807385720999,-0.13540789743885295,0.060209823581642966
70.10000000000001,-0.008198942475319097,-0.08778584170711037,0.07958689923179127
70.15,0.04655663402758228,-0.01851430940576078,0.06507094343334306
70.2,0.08036154245240204,0.05281427509263379,0.02754726735976825
70.25,0.0974994397280727,0.10432672211852735,-0.006827282390454645
70.3,0.10258618268414517,0.12095409498296485,-0.018367912298819677
70.35000000000001,0.09255757384234249,0.1001279089164992,-0.007570335074156706
70.4,0.06141680001961756,0.05109642847625573,0.01032037154336183
70.45,0.011150805746312937,-0.010684312411242458,0.021835118157555393
70.5,-0.04448885796246768,-0.07001037339681003,0.02552151543434235
70.55,-0.08859790904374155,-0.11604634432934695,0.027448435285605394
70.60000000000001,-0.11368885741255369,-0.14360568850732744,0.02991683109477375
70.65,-0.12531635326432347,-0.15278416163761324,0.02746780837328977
70.7,-0.1332816284052137,-0.14778721393274086,0.014505585527527148
70.75,-0.13997464307211618,-0.1348551623168858,-0.005119480755230388
70.8,-0.13810526015742106,-0.1194238134396239,-0.01868144671779716
70.85000000000001,-0.11976735139461517,-0.10389270606726181,-0.01587464532735336
70.9,-0.08672343860786241,-0.08774717867668225,0.001023740068819834
70.95,-0.05084423900325311,-0.07014123980289023,0.019297000799637122
71.0,-0.02445897867483419,-0.05266292796330601,0.02820394928847182
71.05,-0.011019876067507435,-0.03945494329963888,0.028435067232131447
71.10000000000001,-0.005535659603661483,-0.034177577347880586,0.028641917744219102
71.15,-0.0031206516199098035,-0.03648826005700962,0.033367608437099815
71.2,-0.005210148893617999,-0.04153816061489712,0.03632801172127912
71.25,-0.016191302854142303,-0.04332665936061615,0.02713535650647385
71.3,-0.03464490726488075,-0.03900661432306121,0.00436170705818046
71.35000000000001,-0.05010781617517851,-0.030117363209764717,-0.019990452965413793
71.4,-0.05045909218893033,-0.019544596497042897,-0.03091449569188743
71.45,-0.03290630599763198,-0.007183952011151169,-0.02572235398648081
71.5,-0.006669042276156013,0.011247805886658262,-0.017916848162814275
71.55,0.01622290513549456,0.040619169025199214,-0.024396263889704655
71.60000000000001,0.032681479919349055,0.08091272252913306,-0.04823124260978401
71.65,0.050180607520316535,0.12478903448834087,-0.07460842696802433
71.7,0.0760474376296831,0.16065733010680863,-0.08460989247712553
71.75,0.10575457439260484,0.17905158735407123,-0.07329701296146639
71.8,0.12345017732699709,0.17740684908696355,-0.05395667175996646
71.85000000000001,0.11554823098858423,0.1598722101323442,-0.044323979143759976
71.9,0.08415720559568053,0.13300146024832396,-0.04884425465264343
71.95,0.046443721347812106,0.10127863622207467,-0.054834914874262564
72.0,0.01999228304503516,0.06600886124312025,-0.04601657819808509
72.05,0.008589693186566057,0.02791538355616008,-0.01932569036959402
72.10000000000001,0.002552251968164148,-0.009261836790151095,0.011814088758315243
72.15,-0.007259403214749084,-0.037462251105507716,0.03020284789075863
72.2,-0.01682482923178029,-0.046714829806746724,0.029890000574966435
72.25,-0.01146161912558197,-0.03007705733714872,0.01861543821156675
72.3,0.01857171704054183,0.011661827411413132,0.006909889629128696
72.35000000000001,0.06523296087779296,0.06821040971363733,-0.0029774488358443735
72.4,0.10610359059921454,0.12227923504144825,-0.01617564444223371
72.45,0.1213368738651777,0.1557241312575361,-0.034387257392358386
72.5,0.10805109965009578,0.15680472475841734,-0.048753625108321555
72.55,0.07906583329094215,0.12510260748463378,-0.046036774193691635
72.60000000000001,0.048798550534207064,0.07146672368927477,-0.02266817315506771
72.65,0.021392384971435596,0.012889563396742756,0.00850282157469284
72.7,-0.0075748313166855916,-0.03490027730419643,0.02732544598751084
72.75,-0.03956158272595135,-0.06310439451377274,0.02354281178782139
72.8,-0.06575444531897866,-0.07115907531960448,0.005404630000625826
72.85000000000001,-0.0728593378524554,-0.06407634873723553,-0.008782989115219866
72.9,-0.05622206507735877,-0.04851774122642495,-0.0077043238509338155
72.95,-0.026196931853297974,-0.03022785827406883,0.004030926420770856
73.0,-0.0004867269502222495,-0.013482929195171852,0.012996202244949602
73.05,0.010287671661658913,-0.001357016393784904,0.011644688055443816
73.10000000000001,0.009681961439420543,0.004524169242980045,0.005157792196440498
73.15,0.008933725249676812,0.004751834157556604,0.004181891092120208
73.2,0.01458084194142313,0.002314482598921798,0.01226635934250133
73.25,0.023199259397537825,0.0013876178144066164,0.02181164158313121
73.3,0.027747403909491628,0.005254908803532772,0.022492495105958854
73.35000000000001,0.027280973657381545,0.014750978105941013,0.012529995551440532
73.4,0.02863627606467983,0.02813917466971778,0.000497101394962049
73.45,0.038155880328687775,0.04211220399471662,-0.003956323666028848
73.5,0.052975605299883495,0.052946316548816576,2.9288751066919305e-05
73.55,0.06215799690482731,0.0572925981718833,0.004865398732944011
73.60000000000001,0.057179871513323426,0.05288198556379586,0.004297885949527569
73.65,0.04076329412524481,0.03946212261199359,0.001301171513251223
73.7,0.02438591907039007,0.019503530999510642,0.004882388070879429
73.75,0.01677190596901526,-0.00231546146786712,0.019087367436882382
73.8,0.015403895509132876,-0.021169423739521857,0.03657331924865473
73.85000000000001,0.010005161140834301,-0.03457885249831824,0.04458401363915254
73.9,-0.005826013591168335,-0.04350933872826868,0.03768332513710035
73.95,-0.02743107372843375,-0.05121965081075578,0.02378857708232203
74.0,-0.04421756085302527,-0.06088327116723254,0.01666571031420727
74.05,-0.051616671999794424,-0.07395494294465645,0.022338270944862022
74.10000000000001,-0.05671590049659183,-0.09026884421541906,0.03355294371882723
74.15,-0.07082365340313679,-0.10895743771272283,0.03813378430958604
74.2,-0.09618356374522842,-0.12854135666594518,0.03235779292071676
74.25,-0.12082701881887188,-0.14586704346671017,0.02504002464783829
74.3,-0.12775515906787466,-0.1555667175714873,0.027811558503612638
74.35000000000001,-0.11013894203877697,-0.151997740454238,0.04185879841546103
74.4,-0.07795795128140222,-0.13337415441880704,0.05541620313740482
74.45,-0.04988099459712538,-0.10496773694718017,0.05508674235005479
74.5,-0.038510379356964074,-0.0778590670041375,0.039348687647173426
74.55,-0.04277719720414563,-0.06282732529110786,0.020050128086962236
74.60000000000001,-0.05303850923958265,-0.06324993592438412,0.010211426684801468
74.65,-0.0615135172644261,-0.07244992933049879,0.010936412066072689
74.7,-0.0666617689570768,-0.0779341528146973,0.0112723838576205
74.75,-0.0684527537816059,-0.06959203734635422,0.0011392835647483224
74.8,-0.0623392837906522,-0.045706308807526436,-0.016632974983125763
74.85000000000001,-0.0409580476536051,-0.012455614818721455,-0.028502432834883643
74.9,-0.00297383269540843,0.021986230320461014,-0.024960063015869446
74.95,0.04094310949525255,0.053282511565397705,-0.012339402070145153
75.0,0.07328111516989866,0.08170737353910806,-0.008426258369209405
75.05,0.082653832537858,0.10774703814067077,-0.025093205602812765
75.10000000000001,0.07221693955604369,0.12733082348224756,-0.055113883926203866
75.15,0.054990479619640285,0.13201587186981645,-0.07702539225017616
75.2,0.040772042160173855,0.1149948160968833,-0.07422277393670945
75.25,0.028121123308160464,0.0782186359011911,-0.050097512593030635
75.3,0.00961227527746749,0.034205880812511705,-0.024593605535044215
75.35000000000001,-0.01563636010397564,-1.4157518635163786e-06,-0.015634944352112122
75.4,-0.03630874208005046,-0.012863927381361724,-0.023444814698688733
75.45,-0.037384517623496163,-0.004938828866875598,-0.032445688756620565
75.5,-0.014940898056072313,0.012931596923389436,-0.02787249497946175
75.55,0.01806852778541489,0.02825404027390857,-0.01018551248849368
75.60000000000001,0.04193098823207998,0.035462539055520374,0.006468449176559608
75.65,0.046939946324994354,0.03790863337476429,0.009031312950230061
75.7,0.04043020352322039,0.042391158353281236,-0.0019609548300608473
75.75,0.037278027900517874,0.05153154043659125,-0.014253512536073376
75.8,0.043789693824926534,0.06078916146810931,-0.016999467643182775
75.85000000000001,0.05157002737147154,0.06254598157921402,-0.010975954207742486
75.9,0.0475198886304074,0.05335117165441318,-0.005831283024005776
75.95,0.029213200783940487,0.03766019327245021,-0.008446992488509723
76.0,0.009100470542055499,0.024598645865456056,-0.015498175323400558
76.05,0.0025296927649541964,0.02053213816970444,-0.018002445404750243
76.10000000000001,0.01169930947156081,0.023945374262681788,-0.012246064791120979
76.15,0.022511781220550493,0.027043511252895544,-0.004531730032345051
76.2,0.018435289712695247,0.0225332711975862,-0.004097981484890954
76.25,-0.0021989280066588325,0.009600643301000446,-0.011799571307659278
76.3,-0.023278410825165515,-0.005911893297053071,-0.017366517528112444
76.35000000000001,-0.026151730390004676,-0.016790886491118536,-0.00936084389888614
76.4,-0.008374336101717469,-0.020152289197464663,0.011777953095747194
76.45,0.012810277574963197,-0.018631100884138663,0.03144137845910186
76.5,0.01627123133866428,-0.01668147238027807,0.03295270371894235
76.55,-0.0030158103888715594,-0.01610458235032316,0.0130887719614516
76.60000000000001,-0.029222640928582535,-0.015170777565179826,-0.014051863363402708
76.65,-0.040731202223856885,-0.011736482360979312,-0.028994719862877574
76.7,-0.03018230291448535,-0.0066398059447851845,-0.023542496969700163
76.75,-0.01002302309615161,-0.003443063212951645,-0.006579959883199964
76.80000000000001,0.0013702115881345847,-0.004405107026100173,0.005775318614234758
76.85000000000001,-0.001270539123415861,-0.00660512908984933,0.005334589966433469
76.9,-0.004957803717617268,-0.0024346936738981867,-0.002523110043719081
76.95,0.007858494464679225,0.015100525901196926,-0.007242031436517702
77.0,0.04053887598779976,0.046173303422749064,-0.005634427434949303
77.05000000000001,0.07702549018495342,0.08194260867800038,-0.0049171184930469625
77.10000000000001,0.09519710706119323,0.10826315881302631,-0.013066051751833077
77.15,0.08578073531849614,0.11290313818361616,-0.02712240286512002
77.2,0.05897009190898574,0.09180264044764556,-0.03283254853865982
77.25,0.0335221098545018,0.05109979558317302,-0.017577685728671223
77.30000000000001,0.020042620434504336,0.004438788565806478,0.015603831868697859
77.35000000000001,0.014638946724741765,-0.03278372625596726,0.04742267298070903
77.4,0.0074534711597929685,-0.049822215290439446,0.05727568645023241
77.45,-0.004627395310954421,-0.045209739597994084,0.04058234428703966
77.5,-0.015036516939717897,-0.027476422061773153,0.012439905122055256
77.55000000000001,-0.016876696368584257,-0.010986661349597327,-0.00589003501898693
77.60000000000001,-0.013417353963815071,-0.008386270036203682,-0.005031083927611389
77.65,-0.017150345498883418,-0.023732259352786705,0.006581913853903287
77.7,-0.03708312202493114,-0.050682581537284985,0.013599459512353848
77.75,-0.06705649387015758,-0.07699059335886457,0.009934099488706993
77.80000000000001,-0.08794611421940542,-0.09195663721286326,0.004010522993457846
77.85000000000001,-0.08311303052972523,-0.09135726765499323,0.008244237125268006
77.9,-0.052924537731617385,-0.07687889141806523,0.02395435368644784
77.95,-0.01444256091392788,-0.05212471501132774,0.03768215409739986
78.0,0.013457787510107597,-0.020066875382001012,0.033524662892108606
78.05000000000001,0.025200033802423607,0.015441144714224857,0.00975888908819875
78.10000000000001,0.02957367859992786,0.0465768899252588,-0.017003211325330943
78.15,0.036670642599694325,0.06196654028122911,-0.025295897681534785
78.2,0.0447538934638099,0.052667423926530545,-0.007913530462720642
78.25,0.04104437517657908,0.01974352575161919,0.02130084942495989
78.30000000000001,0.01610755749998389,-0.02349201008456666,0.03959956758455055
78.35000000000001,-0.022740637143112908,-0.0578599695021714,0.035119332359058494
78.4,-0.05342604970058186,-0.06930755708779548,0.015881507387213625
78.45,-0.056185545702799544,-0.05632845940389972,0.00014291370110017243
78.5,-0.030421434782000777,-0.02867557670238062,-0.0017458580796201571
78.55000000000001,0.004404041325736026,0.0003497245283682231,0.0040543167973678025
78.60000000000001,0.02487877434517901,0.0210067549251798,0.00387201941999921
78.65,0.02206481572592951,0.028776482417524493,-0.006711666691594984
78.7,0.005839092555007912,0.022033327267862175,-0.016194234712854264
78.75,-0.0075473410658570194,0.0007798956150449736,-0.008327236680901993
78.80000000000001,-0.011730140682446957,-0.03127921933607022,0.01954907865362326
78.85000000000001,-0.014708260778737029,-0.06472626615809321,0.05001800537935618
78.9,-0.028292669738254783,-0.08753506314141198,0.05924239340315719
78.95,-0.05408270978293686,-0.09323293858819928,0.03915022880526242
79.0,-0.08029603345004704,-0.0871820619638919,0.006886028513844858
79.05000000000001,-0.09232251146937899,-0.08337232984626322,-0.008950181623115769
79.10000000000001,-0.0860333955681156,-0.09201268068385055,0.00597928511573495
79.15,-0.07045902756655247,-0.1079096814187597,0.037450653852207236
79.2,-0.057515778906576755,-0.11117210289023403,0.05365632398365728
79.25,-0.04958753947058252,-0.08207208575568496,0.032484546285102445
79.30000000000001,-0.03771562361390705,-0.018806006739225306,-0.01890961687468174
79.35000000000001,-0.012145940009521891,0.05732489155766602,-0.06947083156718792
79.4,0.025696655812636998,0.11517561152633823,-0.08947895571370124
79.45,0.06224128608695144,0.135601607590794,-0.07336032150384257
79.5,0.08309414590549212,0.12416684593657619,-0.04107270003108407
79.55000000000001,0.08543452521857116,0.10439119289787994,-0.018956667679308786
79.60000000000001,0.07908300305327305,0.09760861748357673,-0.018525614430303677
79.65,0.07523726712413503,0.10649330936968601,-0.03125604224555098
79.7,0.07441087153326652,0.1154035473449176,-0.040992675811651086
79.75,0.06610693815723866,0.10582618266380234,-0.03971924450656368
79.80000000000001,0.041014094243531724,0.07280252034299127,-0.031788426099459546
79.85000000000001,0.003620696320949387,0.028780695182585667,-0.02515999886163628
79.9,-0.027960703520173335,-0.006737601737457678,-0.021223101782715657
79.95,-0.036067085890923924,-0.02151346162791976,-0.014553624263004165
80.0,-0.018887417194189696,-0.016979286952678783,-0.001908130241510913
