x,yobs,ycalc,ydiff
0.05,-1.105535360329694e-11,-0.03828544001378896,0.03828544000273361
0.1,-2.0039112456497873e-10,-0.054658742639368915,0.05465874243897779
0.15000000000000002,-1.1294930379119212e-08,-0.050847326452177814,0.050847315157247434
0.2,-1.3756505517914206e-07,-0.05041711910157689,0.05041698153652171
0.25,-3.1897707668525314e-07,-0.07344513165382169,0.073444812676745
0.30000000000000004,3.943462018093379e-06,-0.11474591980166048,0.11474986326367857
0.35000000000000003,3.6041692463679065e-05,-0.14917119382004226,0.14920723551250595
0.4,0.0001472982256958278,-0.15861956729566878,0.15876686552136463
0.45,0.00034495659958628985,-0.1518848089683633,0.15222976556794957
0.5,0.00034938846453139594,-0.15567244420917592,0.1560218326737073
0.55,-0.0006989819827202729,-0.18585965110237457,0.1851606691196543
0.6000000000000001,-0.004029111977259643,-0.22975454014731464,0.225725428170055
0.65,-0.009827240363888032,-0.25907427018890294,0.2492470298250149
0.7000000000000001,-0.014846397999385577,-0.2605456964218996,0.24569929842251403
0.75,-0.011195102501651632,-0.25125243731314123,0.2400573348114896
0.8,0.010393568655047262,-0.2611202833431595,0.27151385199820677
0.8500000000000001,0.05175243556469035,-0.30019992536133394,0.3519523609260243
0.9,0.09778801860174549,-0.34618073947265776,0.4439687580744033
0.9500000000000001,0.11632002285126779,-0.36738833349448397,0.48370835634575177
1.0,0.07465647508348777,-0.3580963530518011,0.43275282813528887
1.05,-0.032575640495779185,-0.34732467709160497,0.31474903659582576
1.1,-0.1649833459009229,-0.36858528934304335,0.20360194344212046
1.1500000000000001,-0.2500516722239926,-0.4210163093632982,0.1709646371393056
1.2000000000000002,-0.23131722909876212,-0.4659230820842149,0.23460585298545278
1.25,-0.12108297044925428,-0.46817234972561833,0.3470893792763641
1.3,-0.010684580896815433,-0.4411252890388717,0.43044070814205626
1.35,-0.013077082224973812,-0.4409531903096954,0.42787610808472154
1.4000000000000001,-0.1664353541885448,-0.5021162544211227,0.3356809002325779
1.4500000000000002,-0.372946790363892,-0.5712953649029493,0.1983485745390573
1.5,-0.43833970894111546,-0.5155514708207788,0.07721176187966333
1.55,-0.20700498234323977,-0.22299420277530235,0.01598922043206258
1.6,0.2973536440689345,0.2756012807977811,0.021752363271153374
1.6500000000000001,0.8420322578457528,0.7750195450460958,0.06701271279965693
1.7000000000000002,1.1148525849508448,1.0064152728892886,0.10843731206155627
1.75,0.9389784527482536,0.8266936945517898,0.11228475819646389
1.8,0.41813611017690067,0.34425476276599465,0.07388134741090602
1.85,-0.10820809044145752,-0.1276613523203473,0.019453261878889794
1.9000000000000001,-0.2846062608410373,-0.27180255982495954,-0.012803701016077751
1.9500000000000002,0.016667085132537653,0.017723160898295863,-0.0010560757657582104
2.0,0.6053913516412505,0.5619590609049802,0.04343229073627031
2.0500000000000003,1.1040324534000034,1.0182800287638225,0.08575242463618094
2.1,1.2028651915323667,1.106039528038016,0.09682566349435073
2.15,0.8537931048843188,0.7752545153839474,0.0785385895003714
2.2,0.2707987061082658,0.2085720000450988,0.06222670606316699
2.25,-0.24456277178637045,-0.32541851116254605,0.0808557393761756
2.3000000000000003,-0.5085489460344613,-0.6474332890974845,0.13888434306302322
2.35,-0.5419707707070472,-0.7483473711451502,0.2063766004381029
2.4000000000000004,-0.49695755415610443,-0.7394240750079497,0.24246652085184528
2.45,-0.508048926860669,-0.7354545320495903,0.22740560518892128
2.5,-0.5945870161116892,-0.7704650400724731,0.1758780239607839
2.5500000000000003,-0.6785237278933318,-0.8007197331375014,0.12219600524416963
2.6,-0.678686459417577,-0.7713280423021384,0.09264158288456137
2.6500000000000004,-0.5884766564996646,-0.6773684492666459,0.08889179276698123
2.7,-0.47526489913178604,-0.5685275540224833,0.0932626548906973
2.75,-0.4166679839842345,-0.5030522596624059,0.08638427567817136
2.8000000000000003,-0.4395369051094639,-0.49969656118858957,0.060159656079125656
2.85,-0.5131940281825087,-0.5312277034917079,0.018033675309199193
2.9000000000000004,-0.5920298561316382,-0.5602788846710343,-0.031750971460603905
2.95,-0.6597777485915708,-0.5792803684432958,-0.08049738014827501
3.0,-0.7343146973401556,-0.6153526454054441,-0.11896205193471154
3.0500000000000003,-0.8348814468398477,-0.6967897148674163,-0.1380917319724314
3.1,-0.9495095794683794,-0.8156956436808794,-0.1338139357875
3.1500000000000004,-1.036995023624068,-0.9257952841839763,-0.11119973944009165
3.2,-1.0614687740573916,-0.9805713357045511,-0.08089743835284047
3.25,-1.0242057882736202,-0.975576887842707,-0.04862890043091317
3.3000000000000003,-0.9579603325677489,-0.9496996769055659,-0.008260655662183036
3.35,-0.8835586476376578,-0.9355763913612379,0.052017743723580145
3.4000000000000004,-0.7665509256719819,-0.900501112502547,0.13395018683056514
3.45,-0.5194551756036506,-0.7389273370796079,0.21947216147595727
3.5,-0.06283242709818553,-0.3421305315895196,0.2792981044913341
3.5500000000000003,0.5909491798038086,0.2962457062460111,0.29470347355779747
3.6,1.2951697621389873,1.022412494051422,0.2727572680875652
3.6500000000000004,1.8122525431013112,1.5727202718779496,0.23953227122336163
3.7,1.9309242231312758,1.7144985908033328,0.21642563232794299
3.75,1.5885296113251828,1.3868546396694996,0.20167497165568316
3.8000000000000003,0.9175722551905405,0.7426948165086582,0.17487743868188232
3.85,0.18063610032749616,0.06051163146793271,0.12012446885956346
3.9000000000000004,-0.36823397210609143,-0.4132219200323481,0.044987947926256655
3.95,-0.6076756214323178,-0.5842034740879233,-0.02347214734439451
4.0,-0.582409435807116,-0.5204781627294951,-0.06193127307762092
4.05,-0.4351024296277806,-0.364405807496311,-0.0706966221314696
4.1000000000000005,-0.29574048168421263,-0.22445775563372758,-0.07128272605048505
4.15,-0.20932163747731292,-0.12459336443228351,-0.0847282730450294
4.2,-0.1429488252094048,-0.03087077816707786,-0.11207804704232693
4.25,-0.04800079095177452,0.0872296108338085,-0.13523040178558302
4.3,0.08403521379197391,0.2197232791121301,-0.1356880653201562
4.3500000000000005,0.21595696030766673,0.3278215231242085,-0.11186456281654175
4.4,0.3028623905976121,0.3816722078527668,-0.07880981725515468
4.45,0.33096445413794207,0.38383006736710146,-0.05286561322915939
4.5,0.32175572603393476,0.35985162107853474,-0.03809589504459998
4.55,0.30411454314434627,0.3315153119610234,-0.027400768816677135
4.6000000000000005,0.2865010342322318,0.30115569765984374,-0.014654663427611958
4.65,0.2559649073757962,0.25912471703231676,-0.0031598096565205736
4.7,0.20010129252898437,0.20135660479633047,-0.0012553122673460981
4.75,0.12544135967153325,0.13639600577680736,-0.010954646105274107
4.800000000000001,0.052852865684605246,0.07608054317884304,-0.02322767749423779
4.8500000000000005,-0.0028513691449884443,0.02302754827988272,-0.025878917424871164
4.9,-0.045132299326159406,-0.02936837685848398,-0.015763922467675426
4.95,-0.08602538577176502,-0.08396679256053637,-0.002058593211228657
5.0,-0.12575761169508953,-0.12887309314437845,0.003115481449288915
5.050000000000001,-0.14520185959589346,-0.14193514822552739,-0.0032667113703660766
5.1000000000000005,-0.12108428102028647,-0.10780858575854245,-0.01327569526174402
5.15,-0.04906988703210129,-0.030910948578304842,-0.01815893845379645
5.2,0.049518932834987046,0.06873502168613081,-0.019216088851143766
5.25,0.14530969535808272,0.17252001312960327,-0.027210317771520554
5.300000000000001,0.22566961549555917,0.27606315590297015,-0.05039354040741098
5.3500000000000005,0.3017643623655716,0.3855029931990827,-0.08373863083351113
5.4,0.3906849416081769,0.5020161167607124,-0.11133117515253554
5.45,0.49050392247794256,0.6109737578089396,-0.12046983533099703
5.5,0.5731096449088413,0.686762746400302,-0.11365310149146068
5.550000000000001,0.6019783447445626,0.7081244452203039,-0.10614610047574136
5.6000000000000005,0.5580819757118537,0.6689791816752518,-0.11089720596339814
5.65,0.45078755934685427,0.57594628491155,-0.1251587255646957
5.7,0.3069296585727266,0.43873352611591315,-0.13180386754318657
5.75,0.15235907628982595,0.26685041378054697,-0.11449133749072102
5.800000000000001,0.00483047046119605,0.07781752435799331,-0.07298705389679727
5.8500000000000005,-0.11789996496694291,-0.09285391063671142,-0.025046054330231493
5.9,-0.18833380278039555,-0.19486616141918317,0.006532358638787622
5.95,-0.1730754370477498,-0.18359815996739817,0.01052272291964837
6.0,-0.05080888604049142,-0.04522021391201196,-0.005588672128479459
6.050000000000001,0.16985230070957602,0.19208705879524446,-0.022234758085668438
6.1000000000000005,0.44700212100492154,0.46863816770853634,-0.021636046703614797
6.15,0.718027264705862,0.7164400485546557,0.0015872161512062721
6.2,0.9182513311177595,0.8789753075579925,0.039276023559767004
6.25,0.9963468083444079,0.9193819302840323,0.07696487806037566
6.300000000000001,0.9253250342733181,0.8216725750870696,0.10365245918624855
6.3500000000000005,0.7113310015101347,0.5934082872894586,0.11792271422067613
6.4,0.3969957781924108,0.27003962211510324,0.12695615607730754
6.45,0.05096375268828024,-0.08817604718654985,0.1391397998748301
6.5,-0.2585442955705177,-0.4137734369983268,0.15522914142780908
6.550000000000001,-0.493043029879003,-0.6580992743816669,0.16505624450266393
6.6000000000000005,-0.654686002361803,-0.8086283935247535,0.1539423911629505
6.65,-0.7688903827720599,-0.884392604154449,0.11550222138238908
6.7,-0.852801932032104,-0.9135200000417978,0.060718068009693815
6.75,-0.8976416336603444,-0.9116527204563538,0.014011086796009375
6.800000000000001,-0.8810125567752095,-0.8780230990018763,-0.0029894577733332595
6.8500000000000005,-0.7965313285583492,-0.8087719960494685,0.012240667491119295
6.9,-0.6701608049515911,-0.7111321285312706,0.040971323579679475
6.95,-0.544382722642489,-0.6027304780157111,0.05834775537322212
7.0,-0.4430687371092216,-0.49659913440944037,0.053530397300218746
7.050000000000001,-0.3508913446818254,-0.3881856445657437,0.0372942998839183
7.1000000000000005,-0.22962006489646997,-0.2599725269226086,0.030352462026138616
7.15,-0.059236517759202224,-0.10254044541211908,0.04330392765291686
7.2,0.1328775061600292,0.0659134378104138,0.0669640683496154
7.25,0.2821956880975876,0.20021869523261746,0.08197699286497015
7.300000000000001,0.3292728777863069,0.2511622355802302,0.07811064220607666
7.3500000000000005,0.25850461328834096,0.19419544769678854,0.06430916559155242
7.4,0.10273508983412441,0.04310115919830784,0.05963393063581657
7.45,-0.08536089228897191,-0.15930896101153016,0.07394806872255826
7.5,-0.2664367555931956,-0.363708358691558,0.09727160309836241
7.550000000000001,-0.42470257257632243,-0.5329602117830413,0.10825763920671888
7.6000000000000005,-0.5538174266876975,-0.6473937664549655,0.09357633976726798
7.65,-0.6405295554785545,-0.7000369397018298,0.059507384223275284
7.7,-0.6665774417104088,-0.6914963872099831,0.024918945499574296
7.75,-0.6267938159441613,-0.6298658742698444,0.0030720583256831357
7.800000000000001,-0.542430996630314,-0.5327082855940857,-0.009722711036228349
7.8500000000000005,-0.45272416052741066,-0.4248773771845362,-0.027846783342874437
7.9,-0.3895821840990395,-0.33021636472561694,-0.05936581937342256
7.95,-0.3572097206567535,-0.26163063979690265,-0.09557908085985084
8.0,-0.33372015129871674,-0.21602144719690564,-0.1176987041018111
8.05,-0.29113145147240505,-0.17683478445905718,-0.11429666701334787
8.1,-0.21456419026751758,-0.1218677210598275,-0.09269646920769008
8.15,-0.10539047757054465,-0.03200961625639297,-0.07338086131415168
8.200000000000001,0.029396352069181293,0.10198546802502265,-0.07258911595584136
8.25,0.18682387863484862,0.2758430140068547,-0.08901913537200606
8.3,0.3659893126431287,0.47218226495780563,-0.10619295231467696
8.35,0.5583995713803726,0.6658764805063483,-0.10747690912597574
8.4,0.7431305314823997,0.8330395629602018,-0.08990903147780205
8.450000000000001,0.8935781335979626,0.9588562017837716,-0.06527806818580906
8.5,0.9897083495854584,1.0387145455694407,-0.04900619598398226
8.55,1.0240472839629462,1.0716462937860232,-0.047599009823076965
8.6,0.9969649768564348,1.052093183477952,-0.055128206621517295
8.65,0.9086534128923538,0.9688067440987475,-0.060153331206393656
8.700000000000001,0.7584941840450344,0.8142375112071616,-0.055743327162127154
8.75,0.553632539659056,0.5977501681750015,-0.04411762851594547
8.8,0.3170812650448036,0.35046165462659457,-0.03338038958179096
8.85,0.0841133348090372,0.11460701901039369,-0.030493684201356494
8.9,-0.11356615820736443,-0.0771045771356539,-0.03646158107171053
8.950000000000001,-0.2637150957269846,-0.2172533335613487,-0.046461762165635884
9.0,-0.37548716678545835,-0.3221354114044351,-0.05335175538102327
9.05,-0.4647533913646308,-0.4134562719540375,-0.051297119410593284
9.1,-0.5346270246239735,-0.4970228144577761,-0.037604210166197416
9.15,-0.5674801014833845,-0.5545272414530266,-0.012952860030357893
9.200000000000001,-0.5353338397694815,-0.5543125307303742,0.018978690960892775
9.25,-0.4206172905855089,-0.4727902665013819,0.052172975915873
9.3,-0.23155013752477702,-0.31124543273164235,0.07969529520686533
9.35,-0.001564921090873567,-0.09769554909237806,0.09613062800150449
9.4,0.2250972022269316,0.12495654933144057,0.10014065289549104
9.450000000000001,0.41008599496807313,0.31472975827140287,0.09535623669667026
9.5,0.5292572848373587,0.4409091798717456,0.08834810496561307
9.55,0.5708491310474851,0.4864403744609298,0.08440875658655533
9.600000000000001,0.530306069762471,0.446368537281525,0.08393753248094599
9.65,0.40952759184138204,0.3271371131594985,0.08239047868188354
9.700000000000001,0.2216877229528464,0.14742937928716549,0.0742583436656809
9.75,-0.004819528745260711,-0.0628243056797642,0.05800477693450349
9.8,-0.23087145170013,-0.2684155610264703,0.03754410932634031
9.850000000000001,-0.4201349034710777,-0.4387093435395078,0.01857444006843012
9.9,-0.5531380608663292,-0.5561834901637942,0.0030454292974649855
9.950000000000001,-0.6309685447318755,-0.618474352723048,-0.01249419200882751
10.0,-0.6652807624099828,-0.6331221270375539,-0.03215863537242891
10.05,-0.6631152062181341,-0.6093499979720356,-0.05376520824609854
10.100000000000001,-0.6202216774859427,-0.5528576873856254,-0.06736399010031735
10.15,-0.5292210248785947,-0.4664947080147833,-0.06272631686381136
10.200000000000001,-0.39467744473720834,-0.35455453026720024,-0.0401229144700081
10.25,-0.2392797260935679,-0.22566975497825853,-0.013609971115309372
10.3,-0.09251649179374823,-0.09111276664792518,-0.0014037251458230426
10.350000000000001,0.029917218330265064,0.0401136630052967,-0.010196444675031637
10.4,0.1371121880018015,0.1649033795647296,-0.027791191562928114
10.450000000000001,0.2525685510887954,0.2850625105836452,-0.03249395949484979
10.5,0.39032787280280196,0.4026126262631864,-0.012284753460384434
10.55,0.5391436794496287,0.515487571739349,0.023656107710279706
10.600000000000001,0.6695779673446866,0.616884615910287,0.05269335143439957
10.65,0.7570703712173084,0.6976769871844762,0.05939338403283212
10.700000000000001,0.798115842529635,0.7485751600423334,0.04954068248730159
10.75,0.8034587155732633,0.7601083573438725,0.04335035822939082
10.8,0.7761987411887603,0.7224431478184543,0.053755593370306
10.850000000000001,0.6999324619922643,0.6287925049301886,0.07113995706207576
10.9,0.5535297667084376,0.4827717453172236,0.07075802139121395
10.950000000000001,0.3413394978495259,0.30422836942635945,0.03711112842316644
11.0,0.10810125707069285,0.12620646379068348,-0.018105206719990635
11.05,-0.08163833548675574,-0.018585353655639895,-0.06305298183111585
11.100000000000001,-0.18665244998560024,-0.11400918457035127,-0.07264326541524897
11.15,-0.2175777198349661,-0.16728871949098884,-0.050289000343977264
11.200000000000001,-0.22393103916889934,-0.2003409976616072,-0.02359004150729213
11.25,-0.24988404489973928,-0.2321103545852023,-0.01777369031453699
11.3,-0.29843322761753815,-0.2661982478671994,-0.03223497975033873
11.350000000000001,-0.33602968413403433,-0.29350409529035365,-0.042525588843680684
11.4,-0.33144112686154864,-0.3060793478054052,-0.025361779056143452
11.450000000000001,-0.29030058188907615,-0.30827503907858933,0.017974457189513182
11.5,-0.25200636742056404,-0.31427694472756573,0.062270577307001695
11.55,-0.25324159460370627,-0.3346885013492393,0.08144690674553301
11.600000000000001,-0.295096792509853,-0.36589317232016094,0.07079637981030795
11.65,-0.34614289443360297,-0.3934199631955487,0.04727706876194576
11.700000000000001,-0.37680978101218265,-0.4064883968593727,0.02967861584719006
11.75,-0.3886794305362189,-0.4090694197746707,0.02038998923845181
11.8,-0.40805412629398324,-0.41534304097103786,0.007288914677054614
11.850000000000001,-0.4504899849615008,-0.43260319269745623,-0.01788679226404455
11.9,-0.4936600954663762,-0.44784358062689766,-0.04581651483947852
11.950000000000001,-0.4883092922126598,-0.4320811874922723,-0.05622810472038747
12.0,-0.39862165500295826,-0.3602827169494215,-0.038338938053536775
12.05,-0.23317543630579016,-0.22988817873594863,-0.003287257569841523
12.100000000000001,-0.036701895319365824,-0.0619335365037906,0.025231641184424773
12.15,0.1479855020563403,0.11502749647666768,0.03295800557967263
12.200000000000001,0.3091887648622308,0.2822209759544116,0.0269677889078192
12.25,0.4583369290031883,0.43316667143695037,0.02517025756623792
12.3,0.5957913582833554,0.5610409432812253,0.03475041500213005
12.350000000000001,0.6891063218710648,0.6462447759816607,0.04286154588940405
12.4,0.6898655196451081,0.6596782344684372,0.03018728517667091
12.450000000000001,0.5751803146678501,0.5815781484736947,-0.006397833805844577
12.5,0.37345557928937884,0.4197986303005788,-0.046343051011199954
12.55,0.1483556414299275,0.21084939422874832,-0.06249375279882083
12.600000000000001,-0.04442891793576898,0.0023025950931128488,-0.04673151302888183
12.65,-0.187254652522718,-0.16873159882501731,-0.018523053697700687
12.700000000000001,-0.2919704552448044,-0.2848348260695767,-0.007135629175227698
12.75,-0.3669065457939096,-0.34247646945890353,-0.024430076335006046
12.8,-0.3971672428874718,-0.3425802712816361,-0.0545869716058357
12.850000000000001,-0.35987365766688584,-0.28952617237555106,-0.07034748529133478
12.9,-0.257655944127458,-0.19828161377878567,-0.059374330348672344
12.950000000000001,-0.13317902232549494,-0.09804250540261014,-0.0351365169228848
13.0,-0.04597852426618338,-0.023132539594725193,-0.022845984671458187
13.05,-0.031149504930410493,0.004295859420023806,-0.0354453643504343
13.100000000000001,-0.07809458881580703,-0.015144319964265265,-0.06295026885154176
13.15,-0.14773930117871642,-0.06423072114606936,-0.08350858003264706
13.200000000000001,-0.20899127035896434,-0.12606502208227233,-0.08292624827669201
13.25,-0.25808280939130024,-0.1948901053382655,-0.06319270405303473
13.3,-0.3043546638061411,-0.26989941739566203,-0.03445524641047909
13.350000000000001,-0.34148669938624787,-0.3388601980279405,-0.002626501358307387
13.4,-0.3375479809461161,-0.3701764041451389,0.032628423199022816
13.450000000000001,-0.2566144283674354,-0.3254469775759311,0.06883254920849569
13.5,-0.09135039064205781,-0.18516943988417692,0.0938190492421191
13.55,0.12562907269434812,0.03346237844980299,0.09216669424454513
13.600000000000001,0.34252386685170483,0.2822560168914587,0.060267849960246145
13.65,0.5207925462519316,0.507018704423805,0.013773841828126576
13.700000000000001,0.6494022413962456,0.6719652047641036,-0.022562963367858013
13.75,0.7317273119146492,0.766171660904232,-0.03444434898958282
13.8,0.76394383249657,0.7920498099311357,-0.028105977434565665
13.850000000000001,0.7301478149601904,0.7510519931983801,-0.020904178238189686
13.9,0.6192048856494156,0.6412911040045631,-0.02208621835514757
13.950000000000001,0.4442585679668864,0.46769117331807014,-0.023432605351183744
14.0,0.24320663589156086,0.25234728122943323,-0.009140645337872372
14.05,0.05870779068919687,0.03304082591791586,0.02566696477128101
14.100000000000001,-0.0831887297864429,-0.15040892719008056,0.06722019740363766
14.15,-0.17732883127468294,-0.27144527494092496,0.09411644366624203
14.200000000000001,-0.2276452111982727,-0.32319006998195926,0.09554485878368657
14.25,-0.23626178947209198,-0.31447054312474476,0.07820875365265278
14.3,-0.20602002241888467,-0.2620101162166021,0.05599009379771741
14.350000000000001,-0.15046009801929525,-0.1852221828438148,0.03476208482451956
14.4,-0.0948706250898092,-0.10409460162934904,0.009223976539539838
14.450000000000001,-0.06204779118036683,-0.03668380179248195,-0.02536398938788488
14.5,-0.05552153016851213,0.005208281537380957,-0.06072981170589308
14.55,-0.058761439118897175,0.01920936593365467,-0.07797080505255184
14.600000000000001,-0.05322084394468386,0.010932352968770454,-0.06415319691345432
14.65,-0.037324358115173824,-0.011160964124831502,-0.026163393990342322
14.700000000000001,-0.026071142699872974,-0.0397269809980931,0.01365583829822013
14.75,-0.031176709061394726,-0.06817158670402962,0.03699487764263489
14.8,-0.0436950964524314,-0.08851333299911264,0.04481823654668124
14.850000000000001,-0.04029420130254129,-0.09289274237676645,0.05259854107422516
14.9,-0.009635179951451162,-0.0799333740800346,0.07029819412858344
14.950000000000001,0.028156488928757835,-0.060022971244300116,0.08817946017305794
15.0,0.0322295479159052,-0.052046940481838735,0.08427648839774393
15.05,-0.024186920681789053,-0.07144187859066109,0.04725495790887203
15.100000000000001,-0.12707657298483657,-0.11893112410481912,-0.008145448880017447
15.15,-0.23013119480114141,-0.1805192593707266,-0.04961193543041481
15.200000000000001,-0.2924286112601786,-0.23944331682954828,-0.052985294430630325
15.25,-0.31031238191976923,-0.28883550878379216,-0.02147687313597707
15.3,-0.31320058426811126,-0.33233969231301685,0.019139108044905595
15.350000000000001,-0.32791883930228727,-0.3716874527001658,0.04376861339787852
15.4,-0.34719498751817834,-0.39436109615787196,0.047166108639693616
15.450000000000001,-0.334261382193219,-0.3763708621183519,0.04210947992513292
15.5,-0.26026340074708304,-0.30146957375990946,0.04120617301282642
15.55,-0.13875765922209266,-0.1811089672262243,0.042351308004131644
15.600000000000001,-0.023606462161729257,-0.055842675956816516,0.03223621379508726
15.65,0.029187352643647385,0.02653962006141355,0.002647732582233834
15.700000000000001,0.0020373093204687862,0.040669676028573604,-0.03863236670810482
15.75,-0.07569550607557683,-0.001791205991999122,-0.0739043000835777
15.8,-0.15491564076529932,-0.0630642476168837,-0.09185139314841562
15.850000000000001,-0.20201087426896483,-0.105214804093957,-0.09679607017500783
15.9,-0.21137178894987244,-0.10981276342808102,-0.10155902552179141
15.950000000000001,-0.1899154478581737,-0.0778983122270185,-0.11201713563115522
16.0,-0.13504641885257934,-0.01512020768132381,-0.11992621117125553
16.05,-0.030062190275206575,0.08141546018693252,-0.11147765046213909
16.1,0.13992815373590708,0.2222627306135616,-0.08233457687765453
16.150000000000002,0.3694812610309084,0.4126543249973794,-0.043173063966471026
16.2,0.6299282205857724,0.6397901942713035,-0.0098619736855311
16.25,0.8824887313375203,0.8710475322394796,0.011441199098040644
16.3,1.0923515362419796,1.0636805197449235,0.028671016497056057
16.35,1.2314167744229538,1.178417322237144,0.052999452185809925
16.400000000000002,1.2731144837869863,1.1892859424269937,0.08382854135999263
16.45,1.1926660594523566,1.0873911684289859,0.10527489102337073
16.5,0.9792021101742827,0.8805738893824914,0.09862822079179134
16.55,0.6505175059389594,0.5908468859522658,0.05967061998669365
16.6,0.25479563521292875,0.24980784931784392,0.004987785895084834
16.650000000000002,-0.14593024549329844,-0.10751011736024882,-0.038420128133049625
16.7,-0.49915709723076945,-0.4479790852511882,-0.05117801197958127
16.75,-0.7750826518885577,-0.7424294578148104,-0.03265319407374734
16.8,-0.963234680036804,-0.9651329756159277,0.0018982955791236877
16.85,-1.0615101800598763,-1.0947034010883654,0.033193221028489095
16.900000000000002,-1.0707136285665155,-1.119236867252183,0.04852323868566755
16.95,-0.99782851735712,-1.042987596326466,0.04515907896934612
17.0,-0.8596685360336742,-0.887718127254609,0.028049591220934755
17.05,-0.6784335651779544,-0.6846140339199409,0.006180468741986522
17.1,-0.4715512621267282,-0.46094589337508046,-0.010605368751647748
17.150000000000002,-0.24679555380200924,-0.23150726281039735,-0.015288290991611886
17.2,-0.009289857259377152,-0.0015739409000970778,-0.007715916359280074
17.25,0.22622007787956938,0.22211178634984005,0.00410829152972933
17.3,0.4316967365196536,0.4232957463514449,0.008400990168208722
17.35,0.5768926862215865,0.5790768085057346,-0.0021841222841481045
17.400000000000002,0.6459412051610242,0.6708030850492925,-0.02486187988826838
17.45,0.6435569555877767,0.6922272999414122,-0.048670344353635486
17.5,0.5848646774533375,0.6473739272403245,-0.06250924978698702
17.55,0.4796223954442696,0.5417530706237833,-0.062130675179513706
17.6,0.3276031938067195,0.37802354915347386,-0.050420355346754375
17.650000000000002,0.13029299184520346,0.16266842701972994,-0.032375435174526485
17.7,-0.09356783139368349,-0.08228897570477932,-0.011278855688904174
17.75,-0.30638428177556015,-0.31622925782954775,0.009844976053987597
17.8,-0.46882864351100834,-0.49339516155670554,0.024566518045697205
17.85,-0.5619788143596146,-0.5858258754870891,0.023847061127474478
17.900000000000002,-0.5954103790217067,-0.5987236515727027,0.003313272550996005
17.95,-0.5952336610213304,-0.565949924869866,-0.0292837361514644
18.0,-0.5842131801926778,-0.5289198434658405,-0.05529333672683723
18.05,-0.5713575747552403,-0.5145878711930556,-0.05676970356218469
18.1,-0.5565191926467022,-0.526845216843157,-0.02967397580354525
18.150000000000002,-0.5399326003354001,-0.5529709327269234,0.0130383323915233
18.2,-0.5236086908177728,-0.5752368056418324,0.0516281148240596
18.25,-0.5032604558504594,-0.5772961404092269,0.07403568455876752
18.3,-0.46220208156587483,-0.5439115353433427,0.08170945377746786
18.35,-0.3779481244645655,-0.4605110344742404,0.08256291000967492
18.400000000000002,-0.2385587429045441,-0.31805841180661576,0.07949966890207166
18.45,-0.054057097582041636,-0.12096304100825356,0.06690594342621192
18.5,0.14835351014226753,0.10964940031058207,0.03870410983168546
18.55,0.34099790610049807,0.34199905031566974,-0.0010011442151716676
18.6,0.5085935325306232,0.545520515850958,-0.03692698332033473
18.650000000000002,0.6462721672974255,0.7000931226311106,-0.05382095533368503
18.7,0.7478347363197031,0.7973367877897001,-0.04950205146999698
18.75,0.7995938373179544,0.8361962564543526,-0.03660241913639817
18.8,0.7885216139463525,0.8191199687069032,-0.030598354760550728
18.85,0.7167784043505439,0.7522074158196347,-0.03542901146909083
18.900000000000002,0.6059996035581412,0.6467817750308468,-0.040782171472705575
18.95,0.48400231608147065,0.5177847452829919,-0.03378242920152125
19.0,0.36494150471396447,0.3783578177275636,-0.013416313013599135
19.05,0.24230966221135264,0.23533051741429364,0.006979144797058995
19.1,0.10299658607685437,0.0908460701967649,0.012150515880089474
19.150000000000002,-0.04978736204530786,-0.05006762877451859,0.00028026672921072776
19.200000000000003,-0.18643713544273913,-0.17232081505105,-0.014116320391689113
19.25,-0.2643510579027627,-0.2510882586559352,-0.013262799246827495
19.3,-0.2542637802038151,-0.26123426633771174,0.006970486133896614
19.35,-0.15795311129589193,-0.19050952177258726,0.03255641047669533
19.400000000000002,-0.004693787191948427,-0.04852904874440286,0.04383526155245443
19.450000000000003,0.16702485240295534,0.13350340724053475,0.03352144516242059
19.5,0.3253917990041182,0.3119905096434506,0.01340128936066759
19.55,0.4483747619300778,0.44481850577431026,0.0035562561557675454
19.6,0.5186522481939821,0.5044820537261276,0.014170194467854502
19.650000000000002,0.5220698140838655,0.48558469941067256,0.036485114673192987
19.700000000000003,0.45413706256413006,0.4035645476107817,0.05057251495334836
19.75,0.3271014792570958,0.2848845098072155,0.04221696944988029
19.8,0.1673995516193281,0.1535931099454994,0.01380644167382869
19.85,0.002972670665975601,0.022172717707377297,-0.019200047041401696
19.900000000000002,-0.148835979628392,-0.10758927734804218,-0.04124670228034984
19.950000000000003,-0.28205875334508973,-0.23522770974995097,-0.04683104359513876
20.0,-0.39246193363083026,-0.3522183928094481,-0.04024354082138215
20.05,-0.4692527047531097,-0.44126081780006454,-0.027991886953045164
20.1,-0.49805381791385356,-0.4852047643469065,-0.012849053566947044
20.150000000000002,-0.4722478287528292,-0.47755002768093235,0.00530219892810313
20.200000000000003,-0.3998523082493164,-0.42466406852328853,0.02481176027397214
20.25,-0.2971877255415048,-0.33761227920021786,0.04042455365871306
20.3,-0.17493465871609573,-0.2217654453872232,0.04683078667112747
20.35,-0.03151545537231671,-0.07509987120004626,0.043584415827729546
20.400000000000002,0.1375825599664588,0.10189926477569776,0.035683295190761036
20.450000000000003,0.32231324047603116,0.2933737603402571,0.028939480135774076
20.5,0.49000032435229235,0.4649504079331705,0.025049916419121854
20.55,0.5968838816160624,0.575301486280376,0.0215823953356864
20.6,0.6114586840225488,0.5948137748680824,0.01664490915446637
20.650000000000002,0.5306500338881056,0.5178146682634432,0.012835365624662365
20.700000000000003,0.3764680504435016,0.3606295940036432,0.015838456439858428
20.75,0.1784098558848404,0.1495184685098801,0.028891387374960303
20.8,-0.041704613746265565,-0.09059103423394833,0.04888642048768277
20.85,-0.27092370330549415,-0.33909907855191385,0.0681753752464197
20.900000000000002,-0.49604818121796784,-0.576134695942072,0.08008651472410416
20.950000000000003,-0.6972359325375853,-0.7796483515785695,0.08241241904098418
21.0,-0.8522047556247012,-0.9279885968103107,0.07578384118560944
21.05,-0.946173001143765,-1.00606141537739,0.0598884142336249
21.1,-0.9766138314746781,-1.0096352239873259,0.033021392512647796
21.150000000000002,-0.9485580838686906,-0.9449144568467706,-0.003643627021920004
21.200000000000003,-0.8672959130040974,-0.8252984785699423,-0.041997434434155045
21.25,-0.7379381789779241,-0.6686795552598024,-0.06925862371812175
21.3,-0.5723539854228951,-0.495798069254674,-0.07655591616822105
21.35,-0.39386696491735096,-0.32740762678312324,-0.06645933813422772
21.400000000000002,-0.2309948946576821,-0.17932909091039878,-0.05166580374728333
21.450000000000003,-0.1034966585792573,-0.058486107064166494,-0.045010551515090806
21.5,-0.014039645309235543,0.0356961035162513,-0.04973574882548684
21.55,0.04521423798091835,0.10447417807949222,-0.05925994009857387
21.6,0.077165004310003,0.14365061496879944,-0.06648561065879643
21.650000000000002,0.07225032982619,0.14513833463430806,-0.07288800480811806
21.700000000000003,0.018995678323275644,0.10646549260153784,-0.0874698142782622
21.75,-0.0761096489341148,0.039831781215167575,-0.11594143014928238
21.8,-0.180192961591772,-0.02911321412734923,-0.15107974746442276
21.85,-0.2490479296006562,-0.07402980913997538,-0.17501812046068083
21.900000000000002,-0.25487348916979835,-0.08216794640510522,-0.17270554276469313
21.950000000000003,-0.20145523563413034,-0.05725046082205651,-0.14420477481207383
22.0,-0.11134443273328037,-0.007480629224692312,-0.10386380350858807
22.05,0.003899944859218219,0.07087923160179387,-0.06697928674257565
22.1,0.16135895767668243,0.1984013543827627,-0.03704239670608028
22.150000000000002,0.3924627731022492,0.39866537215495135,-0.006202599052702151
22.200000000000003,0.7063485247788579,0.6744921994822057,0.031856325296652166
22.25,1.062885918397572,0.9923847981403123,0.07050112025725974
22.3,1.3811385244955694,1.2879713633146153,0.09316716118095414
22.35,1.5790259421909223,1.4898944525208369,0.08913148967008544
22.400000000000002,1.613547679335868,1.5471036660294022,0.06644401330646588
22.450000000000003,1.4920584600219364,1.4442949919854857,0.04776346803645071
22.5,1.2517141700776815,1.2006185517574794,0.05109561832020204
22.55,0.9308041857698345,0.8578439143942629,0.0729602713755716
22.6,0.5580084378451488,0.46744772025473696,0.09056071759041179
22.650000000000002,0.1635580515097968,0.08144910012649369,0.08210895138330311
22.700000000000003,-0.20715944029409636,-0.2541504108674073,0.04699097057331095
22.75,-0.4988555434114931,-0.5058591653858466,0.007003621974353558
22.8,-0.6712401291433719,-0.6585832392919302,-0.012656889851441755
22.85,-0.7226530883241968,-0.7175462701898254,-0.005106818134371416
22.900000000000002,-0.6903030790965323,-0.7039612088740841,0.013658129777551764
22.950000000000003,-0.6252877265609136,-0.6461362194335755,0.020848492872661883
23.0,-0.5625770331938155,-0.5705058752300972,0.007928842036281747
23.05,-0.5091535340926501,-0.49623017730639674,-0.012923356786253337
23.1,-0.45576886489860524,-0.4338546954692784,-0.021914169429326835
23.150000000000002,-0.39709199251343297,-0.3863324538632333,-0.010759538650199685
23.200000000000003,-0.34056536207813964,-0.35100036280927555,0.010435000731135902
23.25,-0.2983368279676583,-0.3224254547746482,0.024088626806989866
23.3,-0.27383449063363924,-0.29611542886127573,0.022280938227636493
23.35,-0.25813917971145656,-0.2716615516108726,0.01352237189941602
23.400000000000002,-0.2393917390083524,-0.25296264264493784,0.013570903636585446
23.450000000000003,-0.21448862690231957,-0.24458664283169262,0.030098015929373056
23.5,-0.19049494518800786,-0.24636560817496098,0.05587066298695312
23.55,-0.1744367391868198,-0.25023211424022346,0.07579537505340367
23.6,-0.16218285454621614,-0.2420413814787302,0.07985852693251405
23.650000000000002,-0.1378119004032842,-0.2075066502222965,0.0696947498190123
23.700000000000003,-0.0841992057262305,-0.1384159821743956,0.0542167764481651
23.75,0.005150063541184599,-0.03540252022093908,0.04055258376212368
23.8,0.12325261313613775,0.09360856267981468,0.029644050456323068
23.85,0.2564867081917277,0.2371030950214449,0.01938361317028281
23.900000000000002,0.3927838383800223,0.3827987522640637,0.009985086115958608
23.950000000000003,0.5231455555413614,0.5181789186777134,0.004966636863648066
24.0,0.6368326814505575,0.6297529744879082,0.007079706962649257
24.05,0.717721733499666,0.7032510922437716,0.014470641255894368
24.1,0.7479605024745396,0.7261583627545336,0.021802139720005997
24.150000000000002,0.7171114964583691,0.6919623429086623,0.025149153549706815
24.200000000000003,0.6289465099145021,0.6037576957289621,0.025188814185539976
24.25,0.49994372619898336,0.474664386260404,0.025279339938579337
24.3,0.35099581681130393,0.32412957161015327,0.026866245201150663
24.35,0.19921009914173685,0.17168368707086284,0.027526412070874
24.400000000000002,0.055122998999305686,0.03143904990673539,0.023683949092570294
24.450000000000003,-0.07532389849103399,-0.08982795590878731,0.014504057417753319
24.5,-0.188539334618343,-0.1906963838856639,0.0021570492673209096
24.55,-0.2835093792710771,-0.2716709998506886,-0.011838379420388512
24.6,-0.36278156117709043,-0.3334359234202596,-0.029345637756830856
24.650000000000002,-0.4308822051196838,-0.37782160409104154,-0.05306060102864224
24.700000000000003,-0.49000053627392076,-0.4094923013535706,-0.08050823492035014
24.75,-0.5369621479553421,-0.43539101984665257,-0.10157112810868957
24.8,-0.5655617291164929,-0.46126258418723354,-0.1042991449292594
24.85,-0.5734152917291476,-0.48803100733971505,-0.08538428438943257
24.900000000000002,-0.5673287491641928,-0.5117846527655975,-0.055544096398595366
24.950000000000003,-0.561274369726962,-0.5280660984313188,-0.03320827129564319
25.0,-0.5670287600033677,-0.5366228375403231,-0.03040592246304452
25.05,-0.5841808116987208,-0.5413650803944728,-0.042815731304247984
25.1,-0.597441732123852,-0.5441384149334224,-0.05330331719042958
25.150000000000002,-0.5836911740818435,-0.5370888787697308,-0.046602295312112685
25.200000000000003,-0.5237006446348912,-0.5010802198126457,-0.022620424822245466
25.25,-0.4103597183977398,-0.41363375095622046,0.003274032558480633
25.3,-0.24883494746540497,-0.262081284346073,0.013246336880668008
25.35,-0.050922058186924385,-0.05280932332492234,0.0018872651379979524
25.400000000000002,0.17004707454594106,0.1898718724456915,-0.019824797899750446
25.450000000000003,0.39921145566872673,0.4336904772485851,-0.03447902157985838
25.5,0.616304994945822,0.6492901320139749,-0.03298513706815287
25.55,0.7935437979079873,0.8148526542150457,-0.021308856307058366
25.6,0.9001893102659781,0.9140741649655382,-0.013884854699560023
25.650000000000002,0.9133143541419975,0.9333443756460503,-0.020030021504052864
25.700000000000003,0.8286345519335064,0.8638809647594337,-0.03524641282592722
25.75,0.6640134563010894,0.7085219309846448,-0.044508474683555344
25.8,0.4527122922441162,0.48695130114038065,-0.03423900889626447
25.85,0.23044550137487643,0.23320368448434353,-0.0027581831094670994
25.900000000000002,0.0244645587266205,-0.014548137199789904,0.03901269592641041
25.950000000000003,-0.14915366097717836,-0.22538742932807537,0.07623376835089701
26.0,-0.2806296422410131,-0.380870646270755,0.1002410040297419
26.05,-0.36071868733220724,-0.47234899532886876,0.11163030799666152
26.1,-0.3809903728820346,-0.49557609020915006,0.11458571732711548
26.150000000000002,-0.3410221220477309,-0.449628848786681,0.10860672673895011
26.200000000000003,-0.25612235467583266,-0.3422816415097495,0.08615928683391683
26.25,-0.15724171939063727,-0.19675581930569416,0.03951409991505689
26.3,-0.08027496190825163,-0.05173547148921279,-0.02853949041903884
26.35,-0.05060861559865377,0.049348108618976524,-0.0999567242176303
26.400000000000002,-0.07310565697651286,0.07557098988116187,-0.14867664685767473
26.450000000000003,-0.133831153734629,0.022317095603943817,-0.15614824933857283
26.5,-0.2109506116410327,-0.08714749091144204,-0.12380312072959067
26.55,-0.28594422694024085,-0.21358407130832963,-0.07236015563191123
26.6,-0.347665160228428,-0.31996919487691944,-0.02769596535150859
26.650000000000002,-0.3889519045576027,-0.3852180593235778,-0.003733845234024924
26.700000000000003,-0.4016797754829066,-0.4063199648516958,0.004640189368789183
26.75,-0.37608762166065757,-0.3897908978966137,0.01370327623595613
26.8,-0.30496853362844356,-0.3402138600626612,0.03524532643421763
26.85,-0.18855258429936986,-0.2548396159942496,0.06628703169487973
26.900000000000002,-0.03604004904436805,-0.1282605276903577,0.09222047864598965
26.950000000000003,0.13628494362627241,0.036345597407428765,0.09993934621884365
27.0,0.30745462382169475,0.21787991626797829,0.08957470755371646
27.05,0.4530192683381512,0.3776512332782628,0.07536803505988843
27.1,0.5468632001693856,0.47138038143727906,0.07548281873210655
27.150000000000002,0.5666845474590596,0.4678463992547947,0.0988381482042649
27.200000000000003,0.5029961104615381,0.36493078412050234,0.1380653263410358
27.25,0.3667852624134554,0.19454605851850773,0.17223920389494765
27.3,0.18974849754050221,0.012950643369113567,0.17679785417138866
27.35,0.015155756786819373,-0.120237632686051,0.13539338947287038
27.400000000000002,-0.11642942162583592,-0.1653836127493919,0.04895419112355598
27.450000000000003,-0.17936582775338594,-0.11767931128222872,-0.06168651647115722
27.5,-0.16812346194678873,-0.005914808736973475,-0.16220865320981526
27.55,-0.09525168615862317,0.12455127756482073,-0.2198029637234439
27.6,0.014954205332665484,0.23541656583749468,-0.2204623605048292
27.650000000000002,0.13415173414494594,0.3118987240868061,-0.17774698994186014
27.700000000000003,0.2372333061612049,0.3622068759827167,-0.12497356982151184
27.75,0.30761319103798296,0.40140571226478705,-0.0937925212268041
27.8,0.3386787828123716,0.43234308974208097,-0.09366430692970934
27.85,0.3309015990404301,0.43888686070849364,-0.10798526166806355
27.900000000000002,0.28720740916768633,0.397434560129566,-0.11022715096187968
27.950000000000003,0.21107760826667785,0.29783905267065286,-0.08676144440397501
28.0,0.10947946147673779,0.15638993964091355,-0.04691047816417576
28.05,-0.0026796118172364267,0.009096179094013633,-0.01177579091125006
28.1,-0.1029225801919053,-0.11042003867282574,0.007497458480920441
28.150000000000002,-0.1692694559360131,-0.19071408869237924,0.021444632756366128
28.200000000000003,-0.1912050863729878,-0.24346365037713535,0.05225856400414755
28.25,-0.1744990834647265,-0.28476306028305287,0.11026397681832636
28.3,-0.13527839277788362,-0.313370567327529,0.17809217454964538
28.35,-0.08855273372269062,-0.3063442755201441,0.21779154179745347
28.400000000000002,-0.041861654840614604,-0.2384460637277235,0.1965844088871089
28.450000000000003,0.00046547317870518487,-0.11083434575481067,0.11129981893351586
28.5,0.028375035246010972,0.03544732822458635,-0.007072292978575378
28.55,0.024424479323938583,0.13559120770497687,-0.11116672838103829
28.6,-0.025266074556864613,0.13833825341922823,-0.16360432797609284
28.650000000000002,-0.11570047987632254,0.03874678558833188,-0.15444726546465443
28.700000000000003,-0.218399376405379,-0.11703280553220179,-0.1013665708731772
28.75,-0.2944815011320096,-0.25819012823937076,-0.03629137289263884
28.8,-0.31620034461685087,-0.3278657739071583,0.01166542929030745
28.85,-0.27926492026132066,-0.3078024340464836,0.02853751378516295
28.900000000000002,-0.1967489659404994,-0.21554664350722166,0.018797677566722265
28.950000000000003,-0.08307462648805808,-0.0821097580399189,-0.0009648684481391723
29.0,0.05424726409157128,0.06902196519166783,-0.014774701100096543
29.05,0.20658779599251256,0.22548844067985094,-0.018900644687338375
29.1,0.3500659721681608,0.3735537455111179,-0.023487773342957097
29.150000000000002,0.4443817073327652,0.4855368191449194,-0.0411551118121542
29.200000000000003,0.4523837288689909,0.5231798924750847,-0.07079616360609375
29.25,0.36677292951293544,0.4585298850275742,-0.09175695551463875
29.3,0.22033089478602252,0.29739061240021913,-0.07705971761419661
29.35,0.06866190826072328,0.08581784736604953,-0.017155939105326243
29.400000000000002,-0.04141212457053576,-0.10826385023005916,0.06685172565952341
29.450000000000003,-0.09216347455482692,-0.22747941250122117,0.13531593794639424
29.5,-0.08984239393869829,-0.24978075351782475,0.15993835957912644
29.55,-0.04427925476563419,-0.18987222142127666,0.14559296665564248
29.6,0.043545883260918856,-0.0795966917606748,0.12314257502159365
29.650000000000002,0.17347643580095332,0.05495018569137583,0.11852625010957749
29.700000000000003,0.32835329967278354,0.2014150403482415,0.12693825932454203
29.75,0.4685565035306171,0.3506750487046965,0.1178814548259206
29.8,0.5489372520236953,0.48099839383391496,0.0679388581897803
29.85,0.5448184021391376,0.5546396026884413,-0.009821200549303688
29.900000000000002,0.463440738453538,0.5332517093431131,-0.06981097088957505
29.950000000000003,0.33097559513648006,0.40134666539808933,-0.07037107026160927
30.0,0.16914626671408348,0.1792339133938126,-0.010087646679729112
30.05,-0.015046115050214614,-0.08493508681433067,0.06988897176411606
30.1,-0.21789078399292727,-0.3377585675949591,0.11986778360203182
30.150000000000002,-0.42100796135495777,-0.5411707800563331,0.12016281870137535
30.200000000000003,-0.5896468671048164,-0.6786380027780136,0.08899113567319716
30.25,-0.6929469733492817,-0.7483095009007957,0.05536252755151405
30.3,-0.7275335038005051,-0.7544233896843787,0.026889885883873643
30.35,-0.719981573183581,-0.7059022554902977,-0.0140793176932833
30.400000000000002,-0.7035357025509018,-0.620312823335267,-0.08322287921563476
30.450000000000003,-0.6904011512243224,-0.5240334785725204,-0.16636767265180208
30.5,-0.6661117086599093,-0.44318913534256177,-0.22292257331734755
30.55,-0.6106944636021124,-0.3905397831719015,-0.22015468043021091
30.6,-0.5241898487275307,-0.3596143540669289,-0.16457549466060184
30.650000000000002,-0.42946480963933836,-0.33206094385492485,-0.09740386578441351
30.700000000000003,-0.3486571590762551,-0.2922594308628892,-0.056397728213365916
30.75,-0.2776390160259706,-0.23652862338009142,-0.04111039264587915
30.8,-0.18660525147234236,-0.16966119986606848,-0.01694405160627388
30.85,-0.0494147471817692,-0.09396184952454155,0.04454710234277235
30.900000000000002,0.12534772356573923,-0.0033075839322215302,0.12865530749796075
30.950000000000003,0.2923162797708247,0.11023640833570039,0.1820798714351243
31.0,0.40009785571321416,0.24227060802442768,0.15782724768878648
31.05,0.4272595839235567,0.3675526093217273,0.05970697460182939
31.1,0.3912461468989233,0.4464479690159885,-0.0552018221170652
31.150000000000002,0.3245996528964747,0.4436190986910357,-0.11901944579456103
31.200000000000003,0.24432998210216092,0.34689379284484934,-0.10256381074268842
31.25,0.14522034394696798,0.17501988134539329,-0.029799537398425308
31.3,0.021725581096458797,-0.02846042586869312,0.050186006965151915
31.35,-0.10723024113696907,-0.2100443244838994,0.10281408334693033
31.400000000000002,-0.1997929266472053,-0.32282098920078367,0.12302806255357837
31.450000000000003,-0.22127649507139152,-0.34033320867971245,0.11905671360832093
31.5,-0.17488809941367517,-0.2652034274528214,0.09031532803914621
31.55,-0.10268327319489161,-0.12946359697116674,0.026780323776275136
31.6,-0.05452447225952668,0.015952439181535393,-0.07047691144106208
31.650000000000002,-0.05353882034095688,0.12028910929978925,-0.17382792964074614
31.700000000000003,-0.08906139932709449,0.15173725206039576,-0.24079865138749024
31.75,-0.13995437076969616,0.1054252618128572,-0.24537963258255335
31.8,-0.20101011675693536,-0.0027172730310131336,-0.19829284372592224
31.85,-0.28342102577987754,-0.14875423451138073,-0.13466679126849682
31.900000000000002,-0.38867257299610425,-0.3082236689930116,-0.08044890400309263
31.950000000000003,-0.4846759881272932,-0.45320563159038507,-0.031470356536908106
32.0,-0.5131129738591015,-0.546115884273167,0.033002910414065556
32.050000000000004,-0.4268676780175761,-0.5428234578169189,0.1159557797993428
32.1,-0.2258003745417818,-0.410009177048277,0.18420880250649518
32.15,0.04129238785457621,-0.1472793215197601,0.1885717093743363
32.2,0.30996812292803877,0.20290794334423856,0.10706017958380021
32.25,0.5382125752781843,0.5671914924714218,-0.02897891719323742
32.300000000000004,0.7167672905905865,0.86880960107856,-0.15204231048797345
32.35,0.8482797902776498,1.053730085233305,-0.20545029495565514
32.4,0.9226557855546756,1.102103535178162,-0.17944774962348642
32.45,0.9178396627010948,1.0248823075054252,-0.10704264480433034
32.5,0.8267982600301162,0.8551254567123838,-0.028327196682267575
32.550000000000004,0.6818658792174647,0.6415456700077853,0.04032020920967938
32.6,0.5471777509343017,0.4425977394576017,0.10458001147669993
32.65,0.47988942417053726,0.31443645210820903,0.16545297206232823
32.7,0.49201528080578294,0.2916932537409868,0.20032202706479613
32.75,0.5462163837101973,0.3705692335290455,0.1756471501811518
32.800000000000004,0.5887181595376334,0.507468778285795,0.08124938125183845
32.85,0.5894731625158487,0.6377505754812481,-0.04827741296539945
32.9,0.5550537855686616,0.7048154499422714,-0.14976166437360983
32.95,0.507191713948561,0.6822764869433412,-0.1750847729947802
33.0,0.4522972531798303,0.5777779522747966,-0.12548069909496623
33.050000000000004,0.3736761036983977,0.4205662870620307,-0.04689018336363299
33.1,0.25349635390538555,0.24446038592321584,0.009035967982169713
33.15,0.10089500147158649,0.07671534144579177,0.02417966002579472
33.2,-0.04397639391085564,-0.06498591251704475,0.021009518606189104
33.25,-0.13675230666034716,-0.17167062185037132,0.03491831519002417
33.300000000000004,-0.16311441897017634,-0.2423815991645136,0.07926718019433726
33.35,-0.14943400098438622,-0.2835761772057861,0.13414217622139987
33.4,-0.14049232018999958,-0.306534953422038,0.16604263323203844
33.45,-0.16496005424622245,-0.32288612640960035,0.1579260721633779
33.5,-0.21915547002162672,-0.3412353823749661,0.12207991235333937
33.550000000000004,-0.280968896855967,-0.3672444322866693,0.08627553543070232
33.6,-0.3374682106073111,-0.40570909530219285,0.06824088469488176
33.65,-0.39850962191687406,-0.46080987585882743,0.062300253941953376
33.7,-0.4840862932461661,-0.5329434695730806,0.0488571763269145
33.75,-0.5991450901561731,-0.6151631376539882,0.016018047497815102
33.800000000000004,-0.721162910160627,-0.6938624386700312,-0.02730047149059578
33.85,-0.8128229760776987,-0.7545486775465196,-0.05827429853117916
33.9,-0.8481198406803294,-0.7880896330819734,-0.06003020759835598
33.95,-0.8281762809743438,-0.7917546112153078,-0.036421669759036046
34.0,-0.7735313744959771,-0.764427651601992,-0.009103722893985089
34.050000000000004,-0.7016971180957555,-0.7016116397878659,-8.54783078896304e-05
34.1,-0.6114283215743835,-0.5965868624114872,-0.014841459162896364
34.15,-0.4874508334938689,-0.4480184242764728,-0.0394324092173961
34.2,-0.3197555613759677,-0.2672052478311946,-0.05255031354477313
34.25,-0.1186758329078664,-0.07724635230195184,-0.04142948060591456
34.300000000000004,0.0879923865312672,0.0969886386316127,-0.008996252100345492
34.35,0.2724525795603835,0.24103739064185656,0.03141518891852693
34.4,0.4226435686464065,0.35588408425238643,0.06675948439402007
34.45,0.5424470081580651,0.45211201761115843,0.09033499054690669
34.5,0.6372214694826653,0.5376424946008804,0.09957897488178491
34.550000000000004,0.698659885163771,0.6076525700619235,0.09100731510184745
34.6,0.7033304249425156,0.6429412815860874,0.0603891433564282
34.65,0.6273460843989858,0.6173814351950564,0.009964649203929365
34.7,0.4660643762484867,0.5106262193943786,-0.0445618431458919
34.75,0.24355020556968357,0.3206069093439208,-0.0770567037742372
34.800000000000004,0.004312827381718151,0.07048508119279978,-0.06617225381108163
34.85,-0.20724838712929755,-0.19416268501798764,-0.01308570211130991
34.9,-0.3660432390205037,-0.4190732370034569,0.053029997982953214
34.95,-0.47237118016745855,-0.5615423663972312,0.08917118622977266
35.0,-0.5428523127788364,-0.6075300811276163,0.06467776834877992
35.050000000000004,-0.5943939918725232,-0.575866154184406,-0.018527837688117166
35.1,-0.6330321824545119,-0.5068849630857508,-0.12614721936876105
35.15,-0.6544699549817696,-0.4427408590674252,-0.2117290959143444
35.2,-0.6534721899795711,-0.4114162551853818,-0.24205593479418935
35.25,-0.6323458977976815,-0.4218029225751519,-0.21054297522252957
35.300000000000004,-0.6000410057627181,-0.4674598149393467,-0.13258119082337144
35.35,-0.5621612674350948,-0.5309643456402603,-0.031196921794834465
35.4,-0.5112558986216887,-0.5844162545125088,0.07316035589082004
35.45,-0.4279935808829426,-0.5902939280065576,0.16230034712361496
35.5,-0.2951040799253936,-0.5105850323467671,0.2154809524213735
35.550000000000004,-0.1141162812272663,-0.32552894781671027,0.21141266658944396
35.6,0.0893812463422444,-0.05174000348061707,0.14112124982286145
35.65,0.2779385545040193,0.25545910812681455,0.022479446377204726
35.7,0.4232039028842251,0.5222913363721909,-0.09908743348796584
35.75,0.518876667182332,0.6898862357042158,-0.17100956852188376
35.800000000000004,0.5755424872615248,0.7404427191994872,-0.16490023193796244
35.85,0.6035307617656617,0.6999977738608855,-0.09646701209522379
35.9,0.6010013955486156,0.61774489010622,-0.016743494557604377
35.95,0.5593770532240528,0.5373062132542302,0.02207083996982262
36.0,0.48089216094727205,0.47859648479668604,0.0022956761505860124
36.050000000000004,0.3896791650281917,0.4387960027787717,-0.049116837750579956
36.1,0.3221003213479827,0.40656345009637856,-0.08446312874839584
36.15,0.30131400989015933,0.37592013114491,-0.07460612125475069
36.2,0.31765885882260997,0.34954042838447313,-0.031881569561863166
36.25,0.3338155650573336,0.3312380137330223,0.0025775513243113113
36.300000000000004,0.31275339566646626,0.3160933844981238,-0.0033399888316575366
36.35,0.24582992896582143,0.28810197098803475,-0.042272042022213324
36.4,0.15752291433271381,0.2291272171298848,-0.07160430279717098
36.45,0.08369486260637844,0.13381756244924084,-0.0501226998428624
36.5,0.043497049179744694,0.019330018874534696,0.02416703030521
36.550000000000004,0.029506102629879488,-0.07923853310961984,0.10874463573949933
36.6,0.022473753313057995,-0.12724753665560312,0.14972128996866113
36.65,0.013739677018614466,-0.11140121638919884,0.12514089340781331
36.7,0.012274088490291034,-0.04827899124875795,0.060553079739048984
36.75,0.029990187056163548,0.026204997941652798,0.0037851891145107494
36.800000000000004,0.061642453883392644,0.07851359215360142,-0.016871138270208773
36.85,0.08166287840394922,0.09348771851350252,-0.0118248401095533
36.9,0.06348175858291957,0.07326877899001098,-0.00978702040709141
36.95,0.003777811256922489,0.02400955843034796,-0.02023174717342547
37.0,-0.07217507996815098,-0.05277144848269309,-0.019403631485457887
37.050000000000004,-0.13056564038558924,-0.15243532729436732,0.02186968690877808
37.1,-0.15662616386274064,-0.250478116794325,0.09385195293158438
37.15,-0.16426457285949947,-0.2988757587082642,0.13461118584876475
37.2,-0.17913781234406437,-0.2503903921855233,0.07125257984145891
37.25,-0.2116535561214886,-0.09907112290444868,-0.11258243321703991
37.300000000000004,-0.24543302851407875,0.09726748695171052,-0.3427005154657893
37.35,-0.2512243566456528,0.24062976910095027,-0.49185412574660303
37.4,-0.21163467932101734,0.2552130076963016,-0.46684768701731894
37.45,-0.13250022510429754,0.1449559385318234,-0.2774561636361209
37.5,-0.031188780650851986,-0.000937632257901878,-0.03025114839295011
37.550000000000004,0.08426527344437228,-0.06459690714823194,0.1488621805926042
37.6,0.22227702240232006,0.021120026480222626,0.20115699592209743
37.65,0.3926384189251952,0.22957965989193346,0.16305875903326172
37.7,0.5841306148207258,0.46468061240017694,0.11945000242054887
37.75,0.7583694362843405,0.6302188934638012,0.12815054282053928
37.800000000000004,0.8685869030492898,0.6884275928924225,0.18015931015686726
37.85,0.8881724722305905,0.6654635956535366,0.22270887657705385
37.9,0.8242846366282015,0.6086864558401065,0.215598180788095
37.95,0.7058665925846941,0.5391118599008462,0.16675473268384788
38.0,0.559050860155961,0.44032118837741324,0.11872967177854771
38.050000000000004,0.3932256576518622,0.2878283879283823,0.1053972697234799
38.1,0.20856631135511308,0.08624643038213549,0.1223198809729776
38.15,0.013682193713432166,-0.12223626422331171,0.13591845793674387
38.2,-0.16765467457542244,-0.28533796598126027,0.11768329140583783
38.25,-0.309714852559764,-0.378334050617776,0.06861919805801198
38.300000000000004,-0.4057041973384302,-0.4189815147107761,0.013277317372345887
38.35,-0.4750004557712067,-0.4492623994213187,-0.025738056349888017
38.400000000000006,-0.5475878522963112,-0.5023761923511462,-0.04521165994516507
38.45,-0.6381752833214531,-0.5826958577937337,-0.05547942552771945
38.5,-0.7326421262239582,-0.6708342744313767,-0.061807851792581525
38.550000000000004,-0.7985591791638745,-0.7430868218509776,-0.0554723573128969
38.6,-0.8101484199382673,-0.7856219443048996,-0.024526475633367628
38.650000000000006,-0.7661504850926022,-0.7940547191551492,0.02790423406254705
38.7,-0.6868946792183261,-0.7652864390544705,0.07839175983614433
38.75,-0.5959619110440809,-0.694343052766378,0.09838114172229706
38.800000000000004,-0.504160243758259,-0.5806794005440377,0.0765191567857787
38.85,-0.4088149035719129,-0.43652562618675766,0.02771072261484475
38.900000000000006,-0.30579578950138936,-0.28684246106069605,-0.018953328440693307
38.95,-0.20060999513112665,-0.1585089253575168,-0.04210106977360986
39.0,-0.10775095715711613,-0.0666675917053355,-0.04108336545178064
39.050000000000004,-0.03992907591302568,-0.00875726450397058,-0.031171811409055096
39.1,0.0017630440528808562,0.029928406126608204,-0.028165362073727346
39.150000000000006,0.027515966798903946,0.06436954717438442,-0.03685358037548048
39.2,0.049094301820236365,0.10044494852495545,-0.05135064670471908
39.25,0.06976411278521451,0.13327027111054982,-0.06350615832533531
39.300000000000004,0.08227230593855266,0.15212942261443613,-0.06985711667588347
39.35,0.0756685311694202,0.1471699383068502,-0.07150140713743001
39.400000000000006,0.044640811963614,0.11372033098015562,-0.06907951901654162
39.45,-0.005842946931552176,0.05319789038905358,-0.059040837320605756
39.5,-0.06299909881442957,-0.027796275936088626,-0.03520282287834094
39.550000000000004,-0.11273434507876977,-0.11805006695430002,0.005315721875530255
39.6,-0.1452587507278432,-0.20135366603736274,0.056094915309519544
39.650000000000006,-0.15697307196784435,-0.25694237906105144,0.09996930709320709
39.7,-0.14919070743713078,-0.26384079506526165,0.11465008762813086
39.75,-0.1261305024931338,-0.21030552278047773,0.08417502028734394
39.800000000000004,-0.09404175259434494,-0.1045858557113559,0.010544103117010956
39.85,-0.06127351962231716,0.021249506968857648,-0.0825230265911748
39.900000000000006,-0.03743108202854494,0.12140007568696877,-0.1588311577155137
39.95,-0.030048723108348666,0.15858068346857201,-0.18862940657692068
40.0,-0.039666560614865544,0.12588087145408053,-0.16554743206894607
40.050000000000004,-0.057038470131048485,0.052424231410900426,-0.10946270154194891
40.1,-0.06642663398021638,-0.013535142261685916,-0.05289149171853046
40.150000000000006,-0.05496330082637866,-0.0339351423072175,-0.021028158519161157
40.2,-0.022164794217806427,-0.0022798461577893713,-0.019884948060017057
40.25,0.018723470756730375,0.05772329983000922,-0.03899982907327884
40.300000000000004,0.05093142290292085,0.11346595514370725,-0.0625345322407864
40.35,0.06950899419831427,0.14701850379229064,-0.07750950959397637
40.400000000000006,0.08908045990712762,0.16372888990288156,-0.07464842999575394
40.45,0.1355289365477112,0.1829435712202997,-0.047414634672588496
40.5,0.22617092701818972,0.22244718239875874,0.00372374461943098
40.550000000000004,0.3539478906611839,0.28995554815999686,0.06399234250118702
40.6,0.48930241614037695,0.38436043507222156,0.10494198106815539
40.650000000000006,0.5988475757999011,0.49890168170755533,0.09994589409234578
40.7,0.6651426958699033,0.6192052904150428,0.04593740545486047
40.75,0.6908597111548453,0.7192821988363006,-0.028422487681455277
40.800000000000004,0.6852289050920555,0.7654532678894885,-0.08022436279743306
40.85,0.6476364584796602,0.7323296937612283,-0.08469323528156802
40.900000000000006,0.5661043935007325,0.6212118235588008,-0.055107430058068285
40.95,0.4335176258054228,0.46437250950890274,-0.03085488370347994
41.0,0.26569293452796094,0.3079465282035259,-0.04225359367556497
41.050000000000004,0.10135752109301174,0.1845580198988264,-0.08320049880581465
41.1,-0.019986044963190588,0.09695194592652927,-0.11693799088971986
41.150000000000006,-0.08477671895500559,0.02514045930768097,-0.10991717826268656
41.2,-0.11276525647501937,-0.050643326501591764,-0.0621219299734276
41.25,-0.13709650462852355,-0.13177777557578896,-0.005318729052734589
41.300000000000004,-0.1735040512982298,-0.202171579036616,0.02866752773838621
41.35,-0.20519324477678444,-0.2438320592005979,0.03863881442381345
41.400000000000006,-0.196315523494772,-0.2499423476983386,0.0536268242035666
41.45,-0.12190710691731142,-0.22342570237565104,0.10151859545833962
41.5,0.011355448825747587,-0.1656005241769603,0.1769559730027079
41.550000000000004,0.16956685806371563,-0.07018077616585583,0.23974763422957146
41.6,0.31436388362789586,0.06817145914635106,0.2461924244815448
41.650000000000006,0.42278560808672755,0.2376761931430391,0.18510941494368846
41.7,0.4890403909062493,0.40209806784596536,0.08694232306028393
41.75,0.5118279297797713,0.5118939673476742,-6.603756790291015e-05
41.800000000000004,0.48352679187908537,0.5271847115033375,-0.043657919624252084
41.85,0.3929065661517887,0.43588728754110756,-0.042980721389318854
41.900000000000006,0.23763029795408946,0.25547632811880766,-0.017846030164718196
41.95,0.0329290888450554,0.020871506427780864,0.012057582417274539
42.0,-0.1924182913164679,-0.22995235792637767,0.037534066609909766
42.050000000000004,-0.40859922278213845,-0.46395864293796646,0.05535942015582801
42.1,-0.5941554118425121,-0.6552166659492868,0.061061254106774765
42.150000000000006,-0.7356745799140684,-0.7865346032837359,0.05086002336966755
42.2,-0.8221176553981028,-0.852182146139539,0.030064490741436245
42.25,-0.8428671344988403,-0.8577053623796977,0.014838227880857424
42.300000000000004,-0.7927900366703577,-0.8135270237019142,0.020736987031556464
42.35,-0.678544198002676,-0.726029933586766,0.04748573558409008
42.400000000000006,-0.518362590280625,-0.5946804290557366,0.07631783877511156
42.45,-0.3346189710352746,-0.419452493557654,0.08483352252237941
42.5,-0.1463975825215687,-0.21250685396482297,0.06610927144325426
42.550000000000004,0.030990355767876527,-0.0024643148504772576,0.033454670618353784
42.6,0.18087409991959216,0.17456435241631435,0.006309747503277813
42.650000000000006,0.2828180351202711,0.2908461940753586,-0.008028158955087517
42.7,0.318922825816831,0.3370709796141648,-0.01814815379733381
42.75,0.28511811153542355,0.319835755962294,-0.034717644426870475
42.800000000000004,0.1969519525163804,0.2519604113330378,-0.05500845881665742
42.85,0.08308047251362624,0.1466715959942702,-0.06359112348064397
42.900000000000006,-0.029422964746411196,0.020171967475145526,-0.049594932221556726
42.95,-0.12648886889670788,-0.10414189418767215,-0.022346974709035725
43.0,-0.2071662890374935,-0.19980647700915857,-0.007359812028334939
43.050000000000004,-0.2748243945233302,-0.2507285888658701,-0.024095805657460112
43.1,-0.32884907169879013,-0.2627931205353413,-0.06605595116344881
43.150000000000006,-0.3636031799999075,-0.26072862348313885,-0.10287455651676863
43.2,-0.3730710890381068,-0.2692985850648845,-0.1037725039732223
43.25,-0.3547431966913848,-0.29281021598343937,-0.06193298070794545
43.300000000000004,-0.3092791765772507,-0.31015896762248707,0.0008797910452363888
43.35,-0.23867215793408028,-0.290297868335142,0.0516257104010617
43.400000000000006,-0.1472717901539756,-0.21607315141659109,0.06880136126261549
43.45,-0.04530776283695991,-0.09796930009820559,0.05266153726124568
43.5,0.05042351467748394,0.03154066474847784,0.0188828499290061
43.550000000000004,0.12255874128822213,0.13681413335513906,-0.014255392066916936
43.6,0.16253419657025897,0.1965904772462785,-0.03405628067601954
43.650000000000006,0.1750701430501972,0.21022460393779846,-0.03515446088760127
43.7,0.173084252851351,0.19295524602826852,-0.019870993176917512
43.75,0.16747183184708198,0.16679873451667482,0.0006730973304071575
43.800000000000004,0.1613175526453712,0.15222339517960604,0.009094157465765168
43.85,0.1533279976410338,0.16155265666349655,-0.00822465902246275
43.900000000000006,0.14527947309766867,0.19410905509814982,-0.04882958200048115
43.95,0.1438479644944145,0.23545911155968066,-0.09161114706526616
44.0,0.15360264778705515,0.26364958311452974,-0.11004693532747459
44.050000000000004,0.16869014368911445,0.2610141706959138,-0.09232402700679937
44.1,0.17389887673406162,0.2245468953089787,-0.050648018574917075
44.150000000000006,0.15688469246636283,0.16745447483416223,-0.010569782367799402
44.2,0.1209073011677754,0.11098257441219696,0.009924726755578442
44.25,0.0848067288573154,0.07317653895366671,0.011630189903648683
44.300000000000004,0.06818110144507282,0.06250942720900712,0.005671674236065696
44.35,0.07443724282537673,0.07837117234993952,-0.003933929524562799
44.400000000000006,0.08765620564480808,0.11394365430296953,-0.026287448658161447
44.45,0.0868670998435173,0.15692625877208694,-0.07005915892856963
44.5,0.06484279471067714,0.18932690927216156,-0.12448411456148442
44.550000000000004,0.03406693838953291,0.1915575823674645,-0.1574906439779316
44.6,0.014708619667540978,0.15254155599400915,-0.13783293632646818
44.650000000000006,0.016497399920466546,0.07949383736571813,-0.06299643744525159
44.7,0.03169678766136314,-0.0022730785553724516,0.033969866216735596
44.75,0.04498767441390483,-0.062430180180331356,0.1074178545942362
44.800000000000004,0.049537545549545016,-0.08303780179964017,0.1325753473491852
44.85,0.05316867533272921,-0.06682241162546669,0.11999108695819591
44.900000000000006,0.06916474488605584,-0.030236082112335104,0.09940082699839095
44.95,0.10172469741232931,0.011602194194780154,0.09012250321754917
45.0,0.14086586173818164,0.0545306409412514,0.08633522079693023
45.050000000000004,0.17140035395344608,0.10229545593803185,0.06910489801541422
45.1,0.1862479344918956,0.15601991616455624,0.030228018327339373
45.150000000000006,0.1903325106728337,0.20750196057960293,-0.017169449906769246
45.2,0.19128057439151083,0.24207655592748195,-0.05079598153597112
45.25,0.18669426012917764,0.2464296535647375,-0.059735393435559864
45.300000000000004,0.16138448182601875,0.21299925419372856,-0.05161477236770981
45.35,0.0984151554133344,0.13883429374996756,-0.04041913833663316
45.400000000000006,-0.005229064046039586,0.02486426782442338,-0.030093331870462967
45.45,-0.13172646648502823,-0.11888014376298263,-0.012846322722045597
45.5,-0.2498211066295174,-0.265909275403064,0.01608816877354663
45.550000000000004,-0.33037107058739423,-0.37507241974941824,0.04470134916202401
45.6,-0.35866437726703665,-0.40789405577390847,0.04922967850687182
45.650000000000006,-0.3365389779738343,-0.3527765691527442,0.016237591178909883
45.7,-0.27574492856217836,-0.23670310743626838,-0.03904182112590998
45.75,-0.1889669449079066,-0.11135142616567242,-0.07761551874223419
45.800000000000004,-0.08417263646708108,-0.020720527649588687,-0.06345210881749239
45.85,0.035580727707650216,0.02601683952698934,0.009563888180660875
45.900000000000006,0.16771829312321007,0.055504531497529,0.11221376162568107
45.95,0.30384753835880135,0.10489648380914164,0.19895105454965972
46.0,0.42586532794901644,0.19094530861589723,0.2349200193331192
46.050000000000004,0.5087572040358097,0.29705746396319554,0.21169974007261416
46.1,0.5307005078999695,0.38536658012412983,0.14533392777583964
46.150000000000006,0.4846982960168778,0.42071255073415836,0.06398574528271944
46.2,0.3824630298438035,0.3871365459665549,-0.004673516122751409
46.25,0.2459155102925714,0.2883060840383191,-0.0423905737457477
46.300000000000004,0.09242346964400748,0.13860758873645782,-0.046184119092450335
46.35,-0.07299203936922732,-0.04326090352474127,-0.029731135844486056
46.400000000000006,-0.2503694622453208,-0.23414618494984976,-0.016223277295471045
46.45,-0.4289286743794472,-0.40587094853202904,-0.023057725847418165
46.5,-0.5795055518430219,-0.5313973905477346,-0.04810816129528728
46.550000000000004,-0.6665376911328571,-0.5961972516177714,-0.07034043951508573
46.6,-0.6722557090300708,-0.6051066032781367,-0.06714910575193411
46.650000000000006,-0.6116290679432759,-0.5768490163724713,-0.03478005157080455
46.7,-0.5223305111640472,-0.5292125700012718,0.006882058837224592
46.75,-0.4363412421857657,-0.46690066826220034,0.030559426076434637
46.800000000000004,-0.35807647220035627,-0.3822393061285656,0.024162833928209337
46.85,-0.2692495919013011,-0.2677564525348296,-0.0014931393664714965
46.900000000000006,-0.15579767637589634,-0.12952060417495698,-0.02627707220093936
46.95,-0.030459388026267877,0.010041504283508165,-0.04050089230977604
47.0,0.07205081935370256,0.12198190347561522,-0.04993108412191266
47.050000000000004,0.12384754842470151,0.18563467257482977,-0.061787124150128256
47.1,0.12900294560659623,0.19813521194383193,-0.06913226633723571
47.150000000000006,0.11978236711396413,0.17363419942252054,-0.053851832308556405
47.2,0.1265600364828224,0.13447976636894157,-0.007919729886119165
47.25,0.15020117123759236,0.1004115115076894,0.04978965972990296
47.300000000000004,0.1639596287451973,0.08108536290424502,0.08287426584095227
47.35,0.1431243325956309,0.0745471596277302,0.0685771729679007
47.400000000000006,0.09294439911902737,0.07169749450133595,0.021246904617691423
47.45,0.04664426552489453,0.0644191540534582,-0.017774888528563675
47.5,0.03496444618308301,0.052797200519425595,-0.017832754336342585
47.550000000000004,0.05736371404114538,0.04637933876728761,0.010984375273857774
47.6,0.08381016978442522,0.05762834686141622,0.026181822923009003
47.650000000000006,0.08561992110260387,0.09157190158189418,-0.005951980479290311
47.7,0.06435342684365436,0.13954136980260515,-0.07518794295895079
47.75,0.04922248818342482,0.18256576873621075,-0.13334328055278594
47.800000000000004,0.06498847478140848,0.2024331652672377,-0.13744469048582922
47.85,0.10264472342706189,0.19199765895668494,-0.08935293552962305
47.900000000000006,0.12352732126368486,0.15703535095603133,-0.03350802969234647
47.95,0.09475975583562896,0.10943561297905903,-0.014675857143430074
48.0,0.022300909059198275,0.05883671097920177,-0.0365358019200035
48.050000000000004,-0.05097702584922237,0.01011871678085196,-0.06109574263007433
48.1,-0.08136075780177741,-0.03255144853779491,-0.048809309263982505
48.150000000000006,-0.06067698648479968,-0.06128567740283217,0.0006086909180324854
48.2,-0.01896191511254351,-0.06596124607774916,0.04699933096520564
48.25,0.007792945601768867,-0.04142046382931686,0.04921340943108573
48.300000000000004,0.012523266442481635,0.006253795698559232,0.006269470743922403
48.35,0.02080180631809772,0.060855745922962494,-0.04005393960486477
48.400000000000006,0.06098233898329424,0.10451543541077875,-0.043533096427484506
48.45,0.13135146712578893,0.12704670523681916,0.004304761888969777
48.5,0.19712230827137278,0.12942843429644535,0.06769387397492743
48.550000000000004,0.22018478195597385,0.12012722867464375,0.1000575532813301
48.6,0.192498783576819,0.10850324949395972,0.08399553408285927
48.650000000000006,0.14119206589923045,0.10026568074487345,0.040926385154356995
48.7,0.10163389916929211,0.09645510304974515,0.005178796119546955
48.75,0.08548296809085709,0.0942560444332318,-0.008773076342374703
48.800000000000004,0.07405747725621598,0.08810940081968623,-0.01405192356347025
48.85,0.0413676633773842,0.07158645097936021,-0.030218787601976015
48.900000000000006,-0.01751063078760964,0.040774861213517276,-0.05828549200112691
48.95,-0.08040767957385102,-0.0022953683675037734,-0.07811231120634725
49.0,-0.11838865794731052,-0.04932993865106771,-0.0690587192962428
49.050000000000004,-0.12058029159879317,-0.08977625568926267,-0.0308040359095305
49.1,-0.09912640300271747,-0.11612070791297686,0.016994304910259397
49.150000000000006,-0.07171526466736737,-0.12563153646186792,0.05391627179450055
49.2,-0.04196180186182431,-0.11721764449425084,0.07525584263242653
49.25,0.0012733051017054492,-0.08782481261153106,0.08909811771323652
49.300000000000004,0.06552189329595899,-0.03427501777134221,0.09979691106730121
49.35,0.1376434760645259,0.03911146143044052,0.09853201463408538
49.400000000000006,0.18733871908565466,0.11443063096956683,0.07290808811608783
49.45,0.1894588016699771,0.16425635183437984,0.025202449835597274
49.5,0.14401319241930807,0.16634412377853772,-0.022330931359229644
49.550000000000004,0.07473435747556298,0.11866361862482153,-0.04392926114925855
49.6,0.008035090972490925,0.04175276005733883,-0.033717669084847905
49.650000000000006,-0.04700349660369702,-0.035092529793530586,-0.011910966810166436
49.7,-0.09888117442466743,-0.09325594911622166,-0.0056252253084457665
49.75,-0.1556318273789066,-0.1338322515075488,-0.021799575871357807
49.800000000000004,-0.2080825265347571,-0.16911646940730832,-0.03896605712744877
49.85,-0.23234345572176632,-0.2051332523332533,-0.027210203388513016
49.900000000000006,-0.21009066114953537,-0.2318909594843874,0.02180029833485203
49.95,-0.14741025086758874,-0.23080598807763364,0.0833957372100449
50.0,-0.07390998591567514,-0.1926954527621501,0.11878546684647497
50.050000000000004,-0.022147045592882643,-0.1297176051466602,0.10757055955377756
50.1,-0.005389875459886924,-0.0698801945605618,0.06449031910067488
50.150000000000006,-0.01263488275339616,-0.03827512941111321,0.025640246657717053
50.2,-0.023586719533028953,-0.04072783261491327,0.017141113081884318
50.25,-0.028662220380565522,-0.06287981407984428,0.03421759369927875
50.300000000000004,-0.03597874426848483,-0.08394909373141991,0.04797034946293508
50.35,-0.06043991409195424,-0.09240303876857596,0.03196312467662172
50.400000000000006,-0.1064171798093546,-0.09087105255876393,-0.015546127250590666
50.45,-0.16031773951709566,-0.08848442862383284,-0.07183331089326282
50.5,-0.19928229014456678,-0.08969777254142015,-0.10958451760314662
50.550000000000004,-0.20752854488998776,-0.08999641736120849,-0.11753212752877927
50.6,-0.18580848485372295,-0.08091109433502452,-0.10489739051869842
50.650000000000006,-0.14664125991276883,-0.05800087927222189,-0.08864038064054694
50.7,-0.10104175501998097,-0.02397568681675724,-0.07706606820322373
50.75,-0.04953619760337042,0.014886491338512614,-0.06442268894188304
50.800000000000004,0.014425070806387257,0.054182539882510115,-0.03975746907612286
50.85,0.09224107422386908,0.09290282740960772,-0.0006617531857386338
50.900000000000006,0.17093046252414204,0.13014115157305708,0.040789310951084956
50.95,0.22641149523922002,0.16131549791239685,0.06509599732682317
51.0,0.2380745203490975,0.17856002349429495,0.05951449685480256
51.050000000000004,0.20344567192849708,0.1755371015734105,0.027908570355086593
51.1,0.1409998919385324,0.15243635538857336,-0.011436463450040957
51.150000000000006,0.07845354927048905,0.11667561234051321,-0.03822206307002417
51.2,0.035522682529810744,0.07871409043053625,-0.0431914079007255
51.25,0.014422671149830498,0.04653777631765322,-0.03211510516782272
51.300000000000004,0.004643220593000961,0.023081458177661357,-0.018438237584660396
51.35,-0.0035234222921062836,0.007894514709745627,-0.01141793700185191
51.400000000000006,-0.009184547250266394,0.000716679607254122,-0.009901226857520515
51.45,-0.0030709454131439638,0.003441892772432967,-0.0065128381855769305
51.5,0.02140933486028341,0.018838897805670905,0.002570437054612504
51.550000000000004,0.05968541876223693,0.04738642835437387,0.012298990407863059
51.6,0.09874903112952312,0.0851236534929872,0.013625377636535915
51.650000000000006,0.1285659440945946,0.12448179763825144,0.0040841464563431545
51.7,0.15077988839071466,0.15763998217845537,-0.0068600937877407175
51.75,0.17555700982987354,0.17999396468999213,-0.00443695486011858
51.800000000000004,0.20897352996999669,0.19125830228088003,0.017715227689116653
51.85,0.2431155880251453,0.19352026278196052,0.049595325243184774
51.900000000000006,0.2592148846335836,0.18788112567803816,0.07133375895554545
51.95,0.24195578618211216,0.1724259364020509,0.06952984978006127
52.0,0.19212902337229504,0.14326139082545425,0.04886763254684079
52.050000000000004,0.12585867701685013,0.09793072279989601,0.027927954216954126
52.1,0.06099373536418045,0.03852158169275697,0.02247215367142348
52.150000000000006,0.0031614717583112644,-0.02812629967835313,0.0312877714366644
52.2,-0.05600140253617814,-0.09351431689011369,0.03751291435393555
52.25,-0.12765249186401298,-0.1517256442859658,0.02407315242195282
52.300000000000004,-0.2127572732701523,-0.20181582094961478,-0.010941452320537504
52.35,-0.29926851340778454,-0.24683261350749686,-0.052435899900287686
52.400000000000006,-0.3709258565828296,-0.2903995634031552,-0.08052629317967441
52.45,-0.41824119826064765,-0.33322863893538035,-0.0850125593252673
52.5,-0.44153340604550745,-0.37148438989548327,-0.07004901615002418
52.550000000000004,-0.4450441318557367,-0.39745759098358274,-0.04758654087215397
52.6,-0.42997806611047057,-0.40192584110927565,-0.02805222500119492
52.650000000000006,-0.3937860907835324,-0.3773495462265468,-0.016436544556985566
52.7,-0.33476441836091264,-0.32102419065773397,-0.013740227703178676
52.75,-0.2549663791710879,-0.23692940623243255,-0.018036972938655332
52.800000000000004,-0.1574334554721453,-0.1348384270762815,-0.022595028395863803
52.85,-0.042015615747256596,-0.026355331439507364,-0.015660284307749232
52.900000000000006,0.09268727868396047,0.08012664778076502,0.012560630903195452
52.95,0.24033641006718937,0.18187582693436538,0.058460583132823984
53.0,0.37964331944992197,0.279139919554036,0.10050339989588597
53.050000000000004,0.4791353446375887,0.3686906394230721,0.1104447052145166
53.1,0.513678438622015,0.4386975731950729,0.0749808654269421
53.150000000000006,0.47998803956593905,0.470069368853388,0.009918670712551036
53.2,0.3971232494628419,0.44497819787061155,-0.04785494840776966
53.25,0.29087865709218313,0.3576213445177191,-0.06674268742553596
53.300000000000004,0.17612808562661206,0.22001876745800872,-0.04389068183139666
53.35,0.053233693322914166,0.05878907106239846,-0.0055553777394842935
53.400000000000006,-0.07920901967531477,-0.09508236467067611,0.015873344995361346
53.45,-0.20939364911036262,-0.21720835253220336,0.007814703421840735
53.5,-0.3115760762508449,-0.29568638827427585,-0.015889687976569034
53.550000000000004,-0.3617168706810662,-0.3302038387916034,-0.031513031889462806
53.6,-0.35481429482156246,-0.3268509623413773,-0.027963332480185177
53.650000000000006,-0.3071222654372834,-0.29268490159345406,-0.01443736384382932
53.7,-0.241339279245237,-0.23296024520317773,-0.008379034042059252
53.75,-0.16967561337425882,-0.1518014141160256,-0.01787419925823322
53.800000000000004,-0.09123228904799614,-0.05526038469345991,-0.03597190435453623
53.85,-0.004768129848221063,0.04556129822089208,-0.05032942806911315
53.900000000000006,0.07841954100402217,0.13418601659236226,-0.055766475588340095
53.95,0.13702039421747148,0.19309813855709795,-0.05607774433962648
54.0,0.15676650241389145,0.21161693177898896,-0.054850429365097514
54.050000000000004,0.14497374521737816,0.1926435202305822,-0.04766977501320405
54.1,0.12663891785280332,0.15274184291496748,-0.026102925062164162
54.150000000000006,0.12407998282112596,0.1138116514481861,0.010268331372939865
54.2,0.1389309300491908,0.09107955221432808,0.04785137783486272
54.25,0.15377066833221584,0.08591670434789668,0.06785396398431916
54.300000000000004,0.15180934171627186,0.08898826352873299,0.06282107818753888
54.35,0.13540398589342448,0.0910547928041321,0.044349193089292374
54.400000000000006,0.12523089818841357,0.09217599895759358,0.03305489923081999
54.45,0.14068952626507636,0.10125006595390944,0.03943946031116692
54.5,0.1801588987895217,0.12624146716529266,0.053917431624229045
54.550000000000004,0.21968692875202495,0.16382232793832546,0.05586460081369948
54.6,0.23115550372172147,0.1978775405873758,0.03327796313434567
54.650000000000006,0.20326997309719472,0.20863804411732279,-0.005368071020128068
54.7,0.14742663747680862,0.18507159459101402,-0.0376449571142054
54.75,0.08554461004896366,0.13079236023361357,-0.04524775018464991
54.800000000000004,0.03289387149520872,0.05991908372567749,-0.02702521223046877
54.85,-0.008925196530526617,-0.012131710047993946,0.0032065135174673288
54.900000000000006,-0.04548103337245162,-0.07490844815314474,0.029427414780693113
54.95,-0.0788381459660264,-0.12281650518164636,0.04397835921561996
55.0,-0.1037585452460764,-0.1520278879633357,0.048269342717259286
55.050000000000004,-0.11293265545088953,-0.15984062889334216,0.046907973442452636
55.1,-0.10442745660520354,-0.14768473491715223,0.043257278311948685
55.150000000000006,-0.08409385132523388,-0.12363971737196303,0.03954586604672915
55.2,-0.06218936992023329,-0.10000945388182579,0.037820083961592504
55.25,-0.04870592646998526,-0.08667168342635238,0.03796575695636712
55.300000000000004,-0.05086506037548272,-0.08594987167177852,0.0350848112962958
55.35,-0.07205054883976295,-0.09394933125924597,0.021898782419483023
55.400000000000006,-0.11025090529039713,-0.10707269433936176,-0.003178210951035376
55.45,-0.15707999167350206,-0.12707278004319197,-0.030007211630310088
55.5,-0.20062595926776203,-0.15920297454399224,-0.04142298472376979
55.550000000000004,-0.23236180371351245,-0.20487303575953,-0.027488767953982446
55.6,-0.25271684886269674,-0.25595056895464957,0.0032337200919528297
55.650000000000006,-0.26890851628195145,-0.29667139404781556,0.027762877765864113
55.7,-0.2853604481613229,-0.31210761703530554,0.026747168873982652
55.75,-0.2954481384453628,-0.2961598839926645,0.0007117455473017453
55.800000000000004,-0.28384064086492256,-0.25283053926314536,-0.031010101601777196
55.85,-0.23906855169200297,-0.1910159956516196,-0.04805255604038336
55.900000000000006,-0.1650688687916317,-0.1186195233366762,-0.04644934545495551
55.95,-0.07999703068044148,-0.04111262918230906,-0.038884401498132416
56.0,-0.002324978453480748,0.03597216146285665,-0.0382971399163374
56.050000000000004,0.06299649285317724,0.10549461569791833,-0.042498122844741096
56.1,0.12499038065168232,0.16145879614747416,-0.03646841549579184
56.150000000000006,0.19340653134024682,0.20381895234728462,-0.010412421007037792
56.2,0.2652259201771687,0.23964715756244334,0.02557876261472533
56.25,0.32471054386838205,0.277723937187585,0.04698660668079707
56.300000000000004,0.35699879174941385,0.32013512289880186,0.036863668850611986
56.35,0.3613067465860761,0.3582122397044633,0.0030945068816127796
56.400000000000006,0.35017122568099374,0.37709327321159725,-0.02692204753060351
56.45,0.33562525513214553,0.3658535071543663,-0.030228252022220792
56.5,0.3167564900508463,0.3252555297598466,-0.008499039709000344
56.550000000000004,0.28155887661196827,0.2670991288817615,0.014459747730206751
56.6,0.22089806562393832,0.20601046434265188,0.014887601281286439
56.650000000000006,0.1396448670353981,0.15019095344647,-0.010546086411071881
56.7,0.05314562318533626,0.09765469999778885,-0.044509076812452586
56.75,-0.027004654715052187,0.03966304048670614,-0.06666769520175833
56.800000000000004,-0.10223680232920113,-0.03197016519306546,-0.07026663713613567
56.85,-0.18079117937041528,-0.11855818630884586,-0.06223299306156942
56.900000000000006,-0.2622872495004509,-0.21216844487858855,-0.050118804621862356
56.95,-0.3300534705918536,-0.2975000990771244,-0.0325533715147292
57.0,-0.3609730973241139,-0.35685540472640237,-0.004117692597711553
57.050000000000004,-0.3444669239658101,-0.37653635875517755,0.03206943478936747
57.1,-0.29205401559783206,-0.35240070647178884,0.060346690873956776
57.150000000000006,-0.22774017414568443,-0.29187378392006436,0.06413360977437993
57.2,-0.1686142696506562,-0.21083153142108163,0.042217261770425424
57.25,-0.11479627610207233,-0.12678631337327087,0.011990037271198545
57.300000000000004,-0.058016227844229634,-0.052623927661959335,-0.005392300182270299
57.35,0.0013300195483190466,0.00515205861539633,-0.003822039067077284
57.400000000000006,0.04766010679787893,0.04356605181054535,0.004094054987333583
57.45,0.06219100119158954,0.05979205974913287,0.00239894144245667
57.5,0.04178632550713364,0.05168675237664625,-0.009900426869512612
57.550000000000004,0.0051842786485908395,0.022374365195954374,-0.017190086547363537
57.6,-0.020627544685582054,-0.015983538079586378,-0.004644006605995676
57.650000000000006,-0.02122107110634271,-0.04463090814031011,0.023409837033967398
57.7,-0.002873068250825738,-0.047121113572885,0.04424804532205927
57.75,0.0189209346376201,-0.01858505542432303,0.037505990061943134
57.800000000000004,0.037814210301373094,0.032071570379671184,0.00574263992170191
57.85,0.06265382479597457,0.088966199872427,-0.026312375076452427
57.900000000000006,0.1051776130533319,0.1393176506102687,-0.034140037556936814
57.95,0.1624621293470439,0.1784297383147239,-0.015967608967679986
58.0,0.21279138896982178,0.20621706502218287,0.006574323947638905
58.050000000000004,0.23021693887316846,0.22002471558084052,0.01019222329232794
58.1,0.20452388229477753,0.21199370357269898,-0.007469821277921451
58.150000000000006,0.14819253697470122,0.17460377851926911,-0.026411241544567893
58.2,0.08481225889165184,0.10955520991368428,-0.024742951022032444
58.25,0.030830867957721157,0.031027648056339948,-0.00019678009861879078
58.300000000000004,-0.012650246422084413,-0.041108090233555564,0.02845784381147115
58.35,-0.05273928143121,-0.09327155321420616,0.04053227178299616
58.400000000000006,-0.09206706006379134,-0.1252039289712254,0.03313686890743406
58.45,-0.12405044891664603,-0.14593624427365043,0.021885795357004398
58.5,-0.13960648411444232,-0.16258151475106292,0.022975030636620597
58.550000000000004,-0.13668648806315642,-0.1725702867091381,0.03588379864598168
58.6,-0.12222217415678378,-0.1668354116020568,0.04461323744527303
58.650000000000006,-0.10524282875582568,-0.14097759335681295,0.035734764600987276
58.7,-0.0892830793607493,-0.10326296477819241,0.013979885417443105
58.75,-0.07192264033876736,-0.0704605417930842,-0.0014620985456831603
58.800000000000004,-0.05070442741147466,-0.05372681846092064,0.0030223910494459744
58.85,-0.02783695917534267,-0.04698912331809437,0.019152164142751702
58.900000000000006,-0.00828670850469294,-0.02969642082800544,0.0214097123233125
58.95,0.006063910313771532,0.016108181814263,-0.010044271500491468
59.0,0.01899709335314012,0.08770118895997084,-0.06870409560683072
59.050000000000004,0.03601009709352626,0.1584908383669253,-0.12248074127339903
59.1,0.058132499271526264,0.19435580279200984,-0.13622330352048356
59.150000000000006,0.08032319031330805,0.17793570076910187,-0.09761251045579382
59.2,0.09605023279086393,0.12196730273297667,-0.025917069942112736
59.25,0.1028443116781919,0.06093734449030281,0.04190696718788909
59.300000000000004,0.10293341660855886,0.027466480655668035,0.07546693595289082
59.35,0.09904813619354559,0.031668958255469074,0.06737917793807652
59.400000000000006,0.09103220630464974,0.058519846578241705,0.032512359726408036
59.45,0.07755106969614668,0.08316792646116627,-0.005616856765019593
59.5,0.06063589448919834,0.09023553991529791,-0.029599645426099573
59.550000000000004,0.04690758424658065,0.08186950469111685,-0.03496192044453621
59.6,0.04298895687092655,0.0706276267791251,-0.02763866990819855
59.650000000000006,0.0498139122330622,0.06637405742708967,-0.016560145194027466
59.7,0.06267571018590345,0.06974327942522267,-0.007067569239319213
59.75,0.07770931794529384,0.07651871592217989,0.0011906020231139541
59.800000000000004,0.09754283499175187,0.08615698612440922,0.011385848867342646
59.85,0.12848559926466857,0.10429217788224526,0.024193421382423308
59.900000000000006,0.17044059634596845,0.13597907112297594,0.034461525222992506
59.95,0.20981535208089905,0.17634493361439235,0.033470418466506696
60.0,0.22467276583951826,0.20844116921292277,0.016231596626595485
60.050000000000004,0.19989549830495026,0.21160616520936876,-0.011710666904418493
60.1,0.13934850576218535,0.174035056583465,-0.03468655082127964
60.150000000000006,0.06341142213461817,0.09962286261722812,-0.03621144048260995
60.2,-0.006561995092479241,0.004496830349039573,-0.011058825441518814
60.25,-0.06293933459135653,-0.09258223501141802,0.029642900420061485
60.300000000000004,-0.11258642469268061,-0.17782054831639676,0.06523412362371615
60.35,-0.1641304115482547,-0.24361601002520347,0.07948559847694878
60.400000000000006,-0.21500784065290224,-0.28580083683266516,0.07079299617976292
60.45,-0.25127518488311135,-0.30215568543254717,0.050880500549435825
60.5,-0.26023766102707246,-0.2942579026749741,0.03402024164790163
60.550000000000004,-0.2434500829590249,-0.26975974623655274,0.026309663277527845
60.6,-0.21768327818231584,-0.24109794166587165,0.02341466348355581
60.650000000000006,-0.20327732027513098,-0.22037749495692285,0.01710017468179187
60.7,-0.21071258987983968,-0.21433149536950757,0.003618905489667895
60.75,-0.23637828233368216,-0.2231479299166545,-0.013230352417027663
60.800000000000004,-0.26856496484835113,-0.24281428269509447,-0.025750682153256654
60.85,-0.2956013405063676,-0.26725207621405506,-0.028349264292312548
60.900000000000006,-0.3085730628585923,-0.2877853621083704,-0.020787700750221905
60.95,-0.29909155793212305,-0.29191655206702527,-0.007175005865097783
61.0,-0.2584479405816524,-0.2656197762081275,0.007171835626475109
61.050000000000004,-0.1819433530533556,-0.20020891840525146,0.018265565351895857
61.1,-0.07486555658972069,-0.0991862688938572,0.024320712304136516
61.150000000000006,0.04670686542599719,0.021384247169601682,0.025322618256395507
61.2,0.1624527380025972,0.14060374428730082,0.02184899371529639
61.25,0.25651207791544983,0.24279970799627515,0.013712369919174683
61.300000000000004,0.32122266367858804,0.3216522168393767,-0.0004295531607886871
61.35,0.3542704058950458,0.37559141626719494,-0.02132101037214912
61.400000000000006,0.35431542233488683,0.4002079008917861,-0.04589247855689926
61.45,0.3207256984480752,0.3865597273185898,-0.0658340288705146
61.5,0.257317364656623,0.32848574032331124,-0.07116837566668821
61.550000000000004,0.17482067547150576,0.23263791055746932,-0.057817235085963564
61.6,0.08809161128835395,0.12113654552846134,-0.03304493424010739
61.650000000000006,0.010144173631099145,0.02261249532012645,-0.012468321689027305
61.7,-0.05133623512491637,-0.042318891191317695,-0.009017343933598675
61.75,-0.09245672932290887,-0.07003164126900169,-0.02242508805390718
61.800000000000004,-0.11008023617944736,-0.0710319677387303,-0.03904826844071706
61.85,-0.10241559023585152,-0.05908019759547866,-0.04333539264037286
61.900000000000006,-0.07326845579481037,-0.0420674292294373,-0.031201026565373068
61.95,-0.034140265297642074,-0.021249907164534874,-0.0128903581331072
62.0,0.0007387933138176186,0.0030486530874390123,-0.0023098597736213936
62.050000000000004,0.023677261749193584,0.026572748409983766,-0.002895486660790182
62.1,0.03818918307159202,0.042144471877786215,-0.003955288806194196
62.150000000000006,0.05329260602713822,0.0448520824018924,0.008440523625245819
62.2,0.0720029573647006,0.03566519768681734,0.036337759677883254
62.25,0.08545076398280042,0.019967866504233062,0.06548289747856736
62.300000000000004,0.07938216419525913,0.00295722499076909,0.07642493920449005
62.35,0.04743818136166409,-0.013423676625329005,0.0608618579869931
62.400000000000006,-0.0018364722769522632,-0.02976913324462039,0.027932660967668128
62.45,-0.051553582148280236,-0.046753340130844104,-0.004800242017436132
62.5,-0.09029244981684702,-0.06424675598918382,-0.026045693827663197
62.550000000000004,-0.11935774749027445,-0.08251491752840848,-0.03684282996186597
62.6,-0.14640878815810796,-0.10282103845120963,-0.04358774970689833
62.650000000000006,-0.17260664941760095,-0.12520548718210303,-0.04740116223549792
62.7,-0.18727110652484413,-0.14496785175988158,-0.04230325476496255
62.75,-0.17612573345584526,-0.1520392185927227,-0.02408651486312255
62.800000000000004,-0.13473220945670353,-0.13551456908264062,0.0007823596259370902
62.85,-0.0730455179987445,-0.0906304004178828,0.017584882419138304
62.900000000000006,-0.006373739142729307,-0.022562014933921352,0.016188275791192044
62.95,0.057437570079438824,0.05613253505378896,0.0013050350256498672
63.0,0.12070611783701059,0.13201402173794502,-0.011307903900934432
63.050000000000004,0.1856855590254831,0.19565241370675504,-0.009966854681271953
63.1,0.24315294392079084,0.24169845867200188,0.001454485248788967
63.150000000000006,0.27372905186780794,0.2661179374722547,0.007611114395553231
63.2,0.2626687638942866,0.26507359512123013,-0.0024048312269435157
63.25,0.21392910647439126,0.2372794603700103,-0.02335035389561904
63.300000000000004,0.14875289964149116,0.18701350375164077,-0.038260604110149615
63.35,0.08914798800800215,0.12367982571752463,-0.03453183770952248
63.400000000000006,0.04209706294030569,0.057438127545431476,-0.015341064605125784
63.45,-0.00019018685567576436,-0.005034993457423119,0.004844806601747355
63.5,-0.045078460319145315,-0.06038235229433667,0.015303891975191358
63.550000000000004,-0.08592893463486634,-0.10449735349512589,0.018568418860259547
63.6,-0.10504937993360569,-0.12978329244121078,0.024733912507605094
63.650000000000006,-0.09076316747119301,-0.1282393978895416,0.037476230418348605
63.7,-0.05109541597146018,-0.09881600566307835,0.04772058969161817
63.75,-0.009484255462465329,-0.052141498424214915,0.04265724296174959
63.800000000000004,0.01398732875426826,-0.0069596594519375264,0.020946988206205785
63.85,0.017678000284834093,0.020158191185537647,-0.0024801909007035536
63.900000000000006,0.01546670565244888,0.02388458098371962,-0.008417875331270738
63.95,0.019762933130303955,0.010868957057843217,0.008893976072460738
64.0,0.02821026867925305,-0.007606273813691337,0.035816542492944387
64.05,0.02722545288614707,-0.023959697968251256,0.05118515085439833
64.10000000000001,0.0077144269632462,-0.03676557676133431,0.04448000372458051
64.15,-0.023987613669555527,-0.04706242336774548,0.023074809698189952
64.2,-0.051240186018547684,-0.054228266286722546,0.0029880802681748614
64.25,-0.06247263180932854,-0.056438195827280824,-0.006034435982047719
64.3,-0.060625450629296036,-0.0545054910142364,-0.006119959615059636
64.35000000000001,-0.057349009991156136,-0.05325120174827141,-0.004097808242884728
64.4,-0.058909467638575866,-0.05688451822412356,-0.002024949414452304
64.45,-0.059007274636013005,-0.062053599174692324,0.0030463245386793195
64.5,-0.04566627094700418,-0.056472506425340366,0.010806235478336187
64.55,-0.014214905119080967,-0.027024814929402147,0.01280990981032118
64.60000000000001,0.027516224385169596,0.027959343456952796,-0.0004431190717831997
64.65,0.06651287109012029,0.09303592813771483,-0.026523057047594542
64.7,0.09552107934818076,0.14306082481612054,-0.04753974546793978
64.75,0.1156047891471892,0.1591725233278756,-0.04356773418068639
64.8,0.1286587457511863,0.14097645635796233,-0.012317710606776028
64.85000000000001,0.13002571311358338,0.10519735598801984,0.02482835712556354
64.9,0.11115883402394383,0.07211588996235,0.03904294406159384
64.95,0.07020086144163372,0.050918724332005394,0.019282137109628325
65.0,0.018149096189011494,0.03529320951480571,-0.017144113325794217
65.05,-0.028006946698284463,0.011533899780956104,-0.03954084647924057
65.10000000000001,-0.05949793454850299,-0.028621842785982968,-0.03087609176252002
65.15,-0.08244697940241535,-0.08085916111996035,-0.0015878182824550086
65.2,-0.10892380465625802,-0.13129869101521402,0.022374886358956
65.25,-0.14085023897393223,-0.1656439923359293,0.024793753361997073
65.3,-0.16393663525228236,-0.1767690906133551,0.012832455361072748
65.35000000000001,-0.15952296339574212,-0.16613458619220628,0.006611622796464156
65.4,-0.12362567681902256,-0.14022460493573524,0.01659892811671268
65.45,-0.0739100286888584,-0.10632222137789232,0.03241219268903392
65.5,-0.03639582646811921,-0.07060668635050651,0.034210859882387305
65.55,-0.023873324895209658,-0.03830465220865535,0.014431327313445694
65.60000000000001,-0.026767857577809147,-0.013952110186803495,-0.012815747391005652
65.65,-0.02522467281962641,-0.0007056351165128709,-0.024519037703113537
65.7,-0.010239756943216436,0.0006833894033664047,-0.01092314634658284
65.75,0.007194435358866018,-0.007846783764050904,0.015041219122916921
65.8,0.007803174328747146,-0.022339204433155114,0.03014237876190226
65.85000000000001,-0.015393991922312703,-0.037852831549572016,0.022458839627259315
65.9,-0.04830083518758175,-0.04945423412698057,0.0011533989393988225
65.95,-0.0674943541494444,-0.05336403165125,-0.014130322498194396
66.0,-0.061054208725742284,-0.048364322098884444,-0.01268988662685784
66.05,-0.03862657191123219,-0.03672431767278705,-0.0019022542384451446
66.10000000000001,-0.021893597774131284,-0.02347630570932875,0.0015827079351974672
66.15,-0.025296238554403595,-0.013824473714599798,-0.011471764839803797
66.2,-0.04482034707269185,-0.010162986946867882,-0.03465736012582397
66.25,-0.06338924024310184,-0.010871586602732514,-0.05251765364036933
66.3,-0.06558564516174882,-0.011784228759758219,-0.0538014164019906
66.35000000000001,-0.04773600050428507,-0.009022383648197628,-0.03871361685608744
66.4,-0.016577223168059794,-0.0008579914952760114,-0.015719231672783784
66.45,0.018623042287523196,0.012566671099176571,0.006056371188346624
66.5,0.05160191430118345,0.030673393885189224,0.020928520415994228
66.55,0.07907325789374055,0.053079829608240696,0.025993428285499852
66.60000000000001,0.09884408532864647,0.07861940384502616,0.020224681483620305
66.65,0.10994738713654571,0.10390927135688093,0.006038115779664788
66.7,0.11353143789418271,0.12329871252994555,-0.009767274635762838
66.75,0.11086054129934905,0.1307138984865191,-0.019853357187170045
66.8,0.09905513957125606,0.12205678759411068,-0.02300164802285462
66.85000000000001,0.07057681641827909,0.09642060080318957,-0.025843784384910473
66.9,0.020634683640470445,0.05583034580188194,-0.0351956621614115
66.95,-0.04244395388973237,0.0048220965554977525,-0.04726605044523012
67.0,-0.09534144059266551,-0.04898452337674734,-0.04635691721591818
67.05,-0.11242915374250144,-0.09408607358276826,-0.018343080159733183
67.10000000000001,-0.08480285043591092,-0.1163987292445492,0.03159587880863829
67.15,-0.02863536359375707,-0.10410175683657852,0.07546639324282145
67.2,0.026707374931368197,-0.05432605965404947,0.08103343458541767
67.25,0.06177517635996681,0.022693292850363648,0.03908188350960316
67.3,0.08062529336131538,0.10584856357896583,-0.025223270217650445
67.35000000000001,0.10207127368645155,0.17168250399270663,-0.06961123030625507
67.4,0.1369481137857244,0.20460413600438287,-0.06765602221865846
67.45,0.17370414401023174,0.20270799466127565,-0.02900385065104391
67.5,0.186969015725127,0.1759452324514715,0.011023783273655496
67.55,0.16130715798247303,0.13848684470885167,0.022820313273621357
67.60000000000001,0.1071273360630787,0.10069410178092413,0.0064332342821545735
67.65,0.0529943595134705,0.06568231803452142,-0.012687958521050917
67.7,0.021412445830100726,0.03164451483719985,-0.010232069007099123
67.75,0.011003133499156277,-0.0030710451225738965,0.014074178621730174
67.8,0.0013457370928594457,-0.03662785862377358,0.03797359571663303
67.85000000000001,-0.025450884067356558,-0.06460282245503704,0.03915193838768048
67.9,-0.06790224863434821,-0.08390537620541512,0.016003127571066908
67.95,-0.10838141182347939,-0.09601270461268963,-0.012368707210789767
68.0,-0.13112287111280813,-0.10640802695220303,-0.0247148441606051
68.05,-0.1357455123302864,-0.12023933483974338,-0.015506177490543019
68.10000000000001,-0.13335039634953877,-0.13742422175045677,0.004073825400917996
68.15,-0.1312168348651075,-0.1511738010478238,0.019956966182716307
68.2,-0.12363237154880201,-0.15152068675912833,0.027888315210326323
68.25,-0.09891047079229977,-0.13167933312987523,0.03276886233757546
68.3,-0.05476422280183215,-0.09284489382523993,0.03808067102340778
68.35000000000001,-0.005038478995693689,-0.044115118672796196,0.03907663967710251
68.4,0.030173570997176803,0.0022303802838131723,0.027943190713363632
68.45,0.04154926775898933,0.03663947631243885,0.004909791446550481
68.5,0.037669292106721736,0.05552647851962152,-0.01785718641289978
68.55,0.03529088653088189,0.06049924238759069,-0.025208355856708803
68.60000000000001,0.04277038853970898,0.055376902189894495,-0.012606513650185516
68.65,0.05307736205788147,0.0439320694860603,0.009145292571821173
68.7,0.05258442572522334,0.029740759434221154,0.022843666291002183
68.75,0.035922974054195735,0.017055280751269747,0.018867693302925988
68.8,0.011897599015727452,0.010653048883123543,0.0012445501326039093
68.85000000000001,-0.004618754830726375,0.013938176068405621,-0.018556930899131997
68.9,-0.005754525345020303,0.026685688989938915,-0.032440214334959215
68.95,0.0042459055982505605,0.044529849038524895,-0.040283943440274333
69.0,0.015461672634484995,0.060911115417560134,-0.04544944278307514
69.05,0.022125887696540492,0.07012666217326632,-0.048000774476725835
69.10000000000001,0.02571935986887412,0.06939799897718213,-0.04367863910830801
69.15,0.029906792181573574,0.059051067031602324,-0.02914427485002875
69.2,0.03481488899975548,0.04162875717658565,-0.006813868176830169
69.25,0.03758258840181907,0.021224057905039617,0.016358530496779454
69.3,0.03760076988278459,0.003216702434271785,0.0343840674485128
69.35000000000001,0.03880872037751756,-0.006624948736049234,0.04543366911356679
69.4,0.04499204329818144,-0.004445255179070721,0.04943729847725216
69.45,0.053032116912677424,0.008922914402308307,0.044109202510369115
69.5,0.05276585971161773,0.026971928263754757,0.02579393144786297
69.55,0.03556640514529624,0.03987891496731606,-0.004312509822019819
69.60000000000001,0.003718406518353012,0.039295778113825154,-0.03557737159547214
69.65,-0.029540890733322597,0.02256804073212515,-0.05210893146544775
69.7,-0.05053382098439713,-0.006335578520268351,-0.04419824246412878
69.75,-0.05632274556816984,-0.03940077339738647,-0.016921972170783367
69.8,-0.05531668488438835,-0.06836332894609339,0.013046644061705033
69.85000000000001,-0.056528042128361086,-0.087091507349116,0.030563465220754912
69.9,-0.05850184862553127,-0.09182717372852847,0.033325325102997204
69.95,-0.0497151289123681,-0.080696811146703,0.030981682234334902
70.0,-0.020780223069553447,-0.05419548725246072,0.03341526418290727
70.05,0.023430929305238952,-0.016654957468310593,0.040085886773549545
70.10000000000001,0.06410599360707185,0.02310527795305621,0.04100071565401564
70.15,0.08172352893245827,0.05371378061503572,0.028009748317422548
70.2,0.07026126624385572,0.06553663177843559,0.0047246344654201244
70.25,0.03977672908296946,0.05492243490239077,-0.015145705819421311
70.3,0.006112528689598252,0.02567314927542039,-0.019560620585822138
70.35000000000001,-0.02171594038445614,-0.01315767077091015,-0.00855826961354599
70.4,-0.045051213741090994,-0.05159281118269728,0.006541597441606289
70.45,-0.06867787608548596,-0.08251735863124839,0.013839482545762422
70.5,-0.09223623178701539,-0.10310334929125872,0.010867117504243337
70.55,-0.10904779239668133,-0.11389096979746118,0.004843177400779844
70.60000000000001,-0.11267703502041085,-0.11685696199698281,0.004179926976571963
70.65,-0.10352557498575803,-0.11386579376321272,0.010340218777454696
70.7,-0.08853159711868683,-0.10612290312542393,0.017591306006737098
70.75,-0.07488306182773367,-0.09446914751923284,0.019586085691499167
70.8,-0.06468654063862568,-0.0800143132077387,0.015327772569113024
70.85000000000001,-0.055665015681863404,-0.06460327852902399,0.008938262847160587
70.9,-0.04600204192301548,-0.05072890985695936,0.004726867933943883
70.95,-0.03734899341582934,-0.04075987837250534,0.0034108849566759983
71.0,-0.03288040628846324,-0.03580271278674324,0.00292230649828
71.05,-0.03326667811485836,-0.034942754216450246,0.0016760761015918862
71.10000000000001,-0.035561923524915384,-0.035554304294048836,-7.6192308665484765e-06
71.15,-0.03616117635780336,-0.03465883547267412,-0.0015023408851292386
71.2,-0.03400899160729167,-0.030419384864654096,-0.003589606742637575
71.25,-0.03008750550513019,-0.02261919385689073,-0.00746831164823946
71.3,-0.023992800151970223,-0.011759459256995498,-0.012233340894974725
71.35000000000001,-0.012328073478271055,0.0023512798053572986,-0.014679353283628353
71.4,0.008203644257778323,0.021070442104628502,-0.01286679784685018
71.45,0.03588350228182863,0.045732058409402566,-0.009848556127573939
71.5,0.06306631095033836,0.07556094103409666,-0.012494630083758299
71.55,0.08134504643707369,0.10643357928720193,-0.025088532850128242
71.60000000000001,0.08810653546169055,0.13177771247223533,-0.04367117701054478
71.65,0.08763046158128547,0.1453222650337459,-0.05769180345246043
71.7,0.08528813560262129,0.14397768387240445,-0.05868954826978316
71.75,0.08095561707043945,0.12900300696851585,-0.0480473898980764
71.8,0.06913482771414753,0.10487186890567415,-0.035737041191526625
71.85000000000001,0.04637211419825957,0.07685812931571208,-0.03048601511745251
71.9,0.018323726451584456,0.04908903071349665,-0.030765304261912194
71.95,-0.0017751955179756077,0.024198783989926947,-0.025973979507902555
72.0,-0.0031152549799532,0.004343263866590161,-0.0074585188465433605
72.05,0.013360232700911183,-0.007713731702302235,0.021073964403213418
72.10000000000001,0.03558480856850617,-0.00872292417171816,0.04430773274022433
72.15,0.05077066722231741,0.003433349411981551,0.047337317810335865
72.2,0.055694049963794554,0.027581919841189642,0.02811213012260491
72.25,0.0570163149320023,0.0581305478645928,-0.0011142329325904976
72.3,0.06179664107497933,0.0861082440093365,-0.024311602934357177
72.35000000000001,0.06826815272849852,0.10225580997631765,-0.03398765724781913
72.4,0.06662849664622954,0.10074017927792832,-0.03411168263169878
72.45,0.04925909220547605,0.08155153236089986,-0.03229244015542381
72.5,0.01993176709420316,0.05030367104027918,-0.03037190394607602
72.55,-0.0077136984307303305,0.015618982905466186,-0.023332681336196516
72.60000000000001,-0.02146890320245377,-0.014395729093297421,-0.007073174109156349
72.65,-0.020823269940275755,-0.03474712524684229,0.013923855306566538
72.7,-0.01628227940375578,-0.04421209519710073,0.027929815793344952
72.75,-0.018545741607519373,-0.04434131522123348,0.02579557361371411
72.8,-0.02815914006632609,-0.03792581902243852,0.009766678956112433
72.85000000000001,-0.035485330143660065,-0.02791010155048828,-0.007575228593171786
72.9,-0.030548853495101735,-0.016965668590102304,-0.013583184904999431
72.95,-0.01286962584656259,-0.007305678672612781,-0.005563947173949809
73.0,0.008047150117347824,-0.00033210760757062884,0.008379257724918453
73.05,0.021434629013993792,0.0038040142749320147,0.017630614739061776
73.10000000000001,0.024386954368403768,0.006275514083769553,0.018111440284634215
73.15,0.02296049063186462,0.008982272399084864,0.013978218232779756
73.2,0.025179804720547226,0.013505888485112182,0.011673916235435044
73.25,0.03342795619408894,0.020223112155546244,0.013204844038542697
73.3,0.04328741018702657,0.02808528164350394,0.015202128543522632
73.35000000000001,0.04881211161286613,0.03510780424791503,0.013704307364951103
73.4,0.04812302839835066,0.0392038858648242,0.008919142533526464
73.45,0.04393715734480405,0.038924211426053304,0.005012945918750747
73.5,0.039533996350292776,0.033859448749949415,0.00567454760034336
73.55,0.03513225007597637,0.024668371060019654,0.010463879015956714
73.60000000000001,0.02836728477334781,0.012776193533042846,0.015591091240304963
73.65,0.01763977766066612,-0.00017400085027080198,0.017813778510936924
73.7,0.004185021876302133,-0.012931855904050538,0.01711687778035267
73.75,-0.009340494077437467,-0.025025602150623074,0.015685108073185607
73.8,-0.02179769245010951,-0.03670935677051286,0.014911664320403351
73.85000000000001,-0.03448992282009299,-0.04853914425938889,0.014049221439295899
73.9,-0.049074128922017575,-0.0609087062492055,0.011834577327187928
73.95,-0.06497331821449881,-0.07384588594424629,0.008872567729747483
74.0,-0.07927621921747188,-0.08704942975090649,0.007773210533434605
74.05,-0.08916795822796328,-0.09987794428701163,0.010709986059048354
74.10000000000001,-0.09408383903394278,-0.11112748381698997,0.017043644783047193
74.15,-0.09526665718622424,-0.11887408624927305,0.023607429063048815
74.2,-0.09355522702072655,-0.12091115766760482,0.027355930646878274
74.25,-0.08830994802995318,-0.11594818650877976,0.027638238478826585
74.3,-0.07894716137556035,-0.10492737095934969,0.02598020958378934
74.35000000000001,-0.0672627876790022,-0.09130727018939519,0.024044482510392984
74.4,-0.057443446639490504,-0.07962015228144192,0.02217670564195142
74.45,-0.053032297982970183,-0.07288695821201682,0.01985466022904664
74.5,-0.05360464648711797,-0.07057873138068478,0.01697408489356681
74.55,-0.05458442899910383,-0.0687057028020814,0.014121273802977563
74.60000000000001,-0.05059449604471912,-0.06218160862333922,0.0115871125786201
74.65,-0.03920407361216752,-0.047902092641630645,0.008698019029463128
74.7,-0.02173701121524956,-0.026397758920663747,0.004660747705414189
74.75,-0.001092457248780463,-0.0010233092935982894,-6.914795518217368e-05
74.8,0.02040787681867496,0.02442794912283549,-0.00402007230416053
74.85000000000001,0.04072204348628505,0.047633091808775875,-0.006911048322490822
74.9,0.056388300753484624,0.06771039302106428,-0.011322092267579659
74.95,0.06264980815398664,0.08362932426196373,-0.02097951610797709
75.0,0.056688003233245327,0.09292207832373124,-0.036234075090485915
75.05,0.04114881612683124,0.09234954865976183,-0.051200732532930594
75.10000000000001,0.023706197967338173,0.0803827584052189,-0.056676560437880726
75.15,0.011881478105014024,0.0595161291135147,-0.04763465100850067
75.2,0.007469906866607697,0.03620020565758992,-0.028730298790982222
75.25,0.006075846904914968,0.01791339184544071,-0.011837544940525743
75.3,0.002563220621112717,0.009228348067177523,-0.0066651274460648065
75.35000000000001,-0.002873915846344551,0.00969886720200254,-0.01257278304834709
75.4,-0.004356768655853672,0.015090965263502353,-0.019447733919356024
75.45,0.003586830122094264,0.020900118269173113,-0.01731328814707885
75.5,0.019553003569366307,0.025352648987175038,-0.005799645417808731
75.55,0.035305246485552555,0.02964557970940574,0.005659666776146814
75.60000000000001,0.042781002672151194,0.035567745045647185,0.007213257626504009
75.65,0.041195348523096836,0.0428314959049204,-0.0016361473818235633
75.7,0.03691886007213161,0.04856773990484815,-0.011648879832716542
75.75,0.03610294787249473,0.049429805290123405,-0.013326857417628672
75.8,0.0377405436269676,0.04440429809515203,-0.00666375446818443
75.85000000000001,0.0347485755943678,0.03580887109764597,-0.001060295503278165
75.9,0.0223584403560037,0.027580235636507903,-0.0052217952805042045
75.95,0.004988851759441755,0.022334627353492384,-0.01734577559405063
76.0,-0.006376868763041119,0.01969030681873136,-0.026067175581772482
76.05,-0.004675592247067439,0.017134089510679653,-0.02180968175774709
76.10000000000001,0.005297474136295061,0.012460545676831697,-0.0071630715405366354
76.15,0.01036433657380927,0.005571147371414587,0.004793189202394682
76.2,0.0015671569631303254,-0.0017724027363820337,0.0033395596995123593
76.25,-0.016228985716963986,-0.007680270953931426,-0.00854871476303256
76.3,-0.027950138326043098,-0.011558340531283132,-0.016391797794759966
76.35000000000001,-0.022684897410109275,-0.013999532380068172,-0.008685365030041104
76.4,-0.005130187764318367,-0.015575001515095237,0.01044481375077687
76.45,0.007724954723721799,-0.0159938543333093,0.023718809057031096
76.5,0.0025384024838725084,-0.014535062336810779,0.01707346482068329
76.55,-0.016747020696052318,-0.011168552584322844,-0.005578468111729474
76.60000000000001,-0.031178270406893697,-0.006965787039826755,-0.024212483367066943
76.65,-0.023724219979037443,-0.0031192580310074416,-0.02060496194803
76.7,0.004730706561154302,0.0005842642070821741,0.004146442354072128
76.75,0.035603052892159884,0.006230198247967702,0.029372854644192183
76.80000000000001,0.04916197801101874,0.01639915674149027,0.032762821269528467
76.85000000000001,0.04196641589104569,0.0318285023964642,0.010137913494581485
76.9,0.028842482149765685,0.04994382601968508,-0.02110134386991939
76.95,0.027830941419355416,0.06547415245646751,-0.037643211037112094
77.0,0.04272615664021036,0.07279665246721216,-0.030070495827001803
77.05000000000001,0.059802587116511326,0.06852539648467453,-0.0087228093681632
77.10000000000001,0.06135440486034423,0.05296455676017967,0.008389848100164556
77.15,0.042544195699453065,0.029981163150390108,0.012563032549062957
77.2,0.015416598254052193,0.0056424449934630964,0.009774153260589096
77.25,-0.003059964801305711,-0.01384864987447048,0.010788685073164769
77.30000000000001,-0.006587151892571159,-0.024426661205265387,0.017839509312694228
77.35000000000001,-0.003676208891396873,-0.025932808978729988,0.022256600087333114
77.4,-0.007345626300684605,-0.022376184555423784,0.015030558254739179
77.45,-0.021702366138496087,-0.0200382638752088,-0.0016641022632872884
77.5,-0.03891085520282649,-0.024037490632598225,-0.014873364570228267
77.55000000000001,-0.048524399533761677,-0.03530899562917109,-0.013215403904590584
77.60000000000001,-0.04831535159083554,-0.050037469528017554,0.0017221179371820147
77.65,-0.044906154864581604,-0.06198247611721166,0.017076321252630054
77.7,-0.0441443607738285,-0.06602135314704584,0.021876992373217337
77.75,-0.04262732229471307,-0.0604408608419476,0.017813538547234532
77.80000000000001,-0.030683781127583385,-0.04677189240313917,0.016088111275555785
77.85000000000001,-0.004457914181273736,-0.02809817108189115,0.023640256900617412
77.9,0.025997755369550964,-0.007757551326453923,0.033755306696004884
77.95,0.04267171935426286,0.010666882528682637,0.032004836825580224
78.0,0.03529146597152836,0.023006487026483696,0.012284978945044663
78.05000000000001,0.011543778609800628,0.025371985280655145,-0.013828206670854517
78.10000000000001,-0.009076223990136318,0.01641562339243599,-0.02549184738257231
78.15,-0.012711382332773413,-0.0007629018475244385,-0.011948480485248974
78.2,-0.0031671792412897365,-0.019192197455562006,0.01602501821427227
78.25,0.003337565107432824,-0.03135877489326982,0.034696340000702645
78.30000000000001,-0.004471716187557284,-0.03313348265843386,0.02866176647087658
78.35000000000001,-0.02085433462692969,-0.025499986024993666,0.004645651398063975
78.4,-0.02858012822584809,-0.013124583305153514,-0.015455544920694576
78.45,-0.01675787281376984,-0.001363986315969255,-0.015393886497800584
78.5,0.006867987244077609,0.005842179819120436,0.0010258074249571729
78.55000000000001,0.021742646328720083,0.006242556468992721,0.015500089859727362
78.60000000000001,0.013111845900022871,-0.0011789456335114187,0.01429079153353429
78.65,-0.014610929871941056,-0.01590519620443664,0.0012942663324955854
78.7,-0.04251704254138767,-0.034991997984683984,-0.007525044556703685
78.75,-0.05489263118873951,-0.053310998339717836,-0.001581632849021672
78.80000000000001,-0.052418062961908186,-0.06604097886161112,0.01362291589970293
78.85000000000001,-0.04854169768980175,-0.07197277597916173,0.023431078289359974
78.9,-0.05388310049038425,-0.07443037246909649,0.020547271978712242
78.95,-0.0651107022796497,-0.07802179621493466,0.012911093935284959
79.0,-0.06922964622636417,-0.08330109436441366,0.014071448138049489
79.05000000000001,-0.05782484540550936,-0.08414798280530035,0.02632313739979099
79.10000000000001,-0.03573982558605266,-0.07114628518562721,0.03540645959957455
79.15,-0.015188783047533658,-0.039179377827353534,0.023990594779819876
79.2,-0.0021753438110323955,0.006778224213069847,-0.008953568024102243
79.25,0.009623634356396318,0.052971248413204795,-0.04334761405680848
79.30000000000001,0.030474440740768452,0.0850122109756861,-0.054537770234917654
79.35000000000001,0.060588795118538735,0.09683175063839349,-0.03624295551985475
79.4,0.08609467108389551,0.09351593293903274,-0.007421261855137223
79.45,0.09055683370870315,0.08604441754291366,0.0045124161657894984
79.5,0.0710894855856297,0.08247251714576886,-0.011383031560139159
79.55000000000001,0.04243060025448144,0.08264876499507683,-0.040218164740595384
79.60000000000001,0.023976404071487985,0.08014508021560002,-0.05616867614411203
79.65,0.022134257921953285,0.06894195376540986,-0.04680769584345658
79.7,0.025548321685646014,0.04891540814287861,-0.023367086457232598
79.75,0.01807340782392082,0.025963624515062567,-0.007890216691141747
79.80000000000001,-0.003543026706277143,0.0075444373873558455,-0.011087464093632989
79.85000000000001,-0.025217999122145656,-0.0021080507344067878,-0.023109948387738867
79.9,-0.02901477300698891,-0.0034699462603025987,-0.02554482674668631
79.95,-0.011138124996361305,0.0002107200714698546,-0.01134884506783116
80.0,0.013589725346754317,0.005657774791684111,0.007931950555070205
