x,yobs,ycalc,ydiff
0.05,-1.215170127018914e-14,-0.03580544208895992,0.03580544208894777
0.1,-1.7826658276155642e-10,-0.05188632546371673,0.05188632528545015
0.15000000000000002,-1.0653892207567901e-08,-0.049972196365896476,0.04997218571200427
0.2,-1.2927049357957987e-07,-0.051428145238578735,0.051428015968085154
0.25,-2.916616437121444e-07,-0.07410093108654864,0.07410063942490493
0.30000000000000004,3.787699189925571e-06,-0.11279140771310832,0.11279519541229824
0.35000000000000003,3.424341934428409e-05,-0.14463473002675237,0.14466897344609664
0.4,0.00013920923539535778,-0.15387745538193795,0.15401666461733332
0.45,0.00032359732028980196,-0.1493352380102641,0.1496588353305539
0.5,0.00031839177771758647,-0.15526629146820056,0.15558468324591815
0.55,-0.0006940683780663617,-0.1849999555815168,0.18430588720345045
0.6000000000000001,-0.003869956907379154,-0.22581874801972204,0.2219487911123429
0.65,-0.009350092725548646,-0.25215190801743304,0.24280181529188438
0.7000000000000001,-0.01399034049748281,-0.2535812151722542,0.23959087467477136
0.75,-0.010246414760279701,-0.24721849031457396,0.23697207555429425
0.8,0.010650868079635077,-0.2598778941097325,0.27052876218936756
0.8500000000000001,0.05026792065194417,-0.2982898489356709,0.3485577695876151
0.9,0.09398081741680608,-0.3400970384017043,0.4340778558185104
0.9500000000000001,0.11098375366244422,-0.3573283858033702,0.4683121394658144
1.0,0.07025386594638343,-0.348310318792861,0.41856418473924445
1.05,-0.03292278001865041,-0.34220741767698565,0.30928463765833525
1.1,-0.1596376388807993,-0.3679539474878609,0.20831630860706163
1.1500000000000001,-0.24077434464539196,-0.4193799607600387,0.17860561611464673
1.2000000000000002,-0.22312463963029947,-0.45721447733722537,0.2340898377069259
1.25,-0.11930596868606236,-0.4521151630954104,0.33280919440934803
1.3,-0.016765353298021004,-0.42517777269134804,0.40841241939332706
1.35,-0.022386291665551464,-0.4351868672147222,0.41280057554917077
1.4000000000000001,-0.17073412551907752,-0.5107905512607237,0.3400564257416462
1.4500000000000002,-0.36679621011240365,-0.5884166225937476,0.22162041248134395
1.5,-0.4249637824029121,-0.5286897020549092,0.10372591965199707
1.55,-0.1981908876235999,-0.2223597147831096,0.024168827159509687
1.6,0.28906795843598787,0.2907755358758032,-0.001707577439815311
1.6500000000000001,0.8143625486001268,0.798488436365703,0.01587411223442381
1.7000000000000002,1.0814296767604445,1.033184152687029,0.048245524073415647
1.75,0.9234440071252262,0.8590988739321168,0.06434513319310942
1.8,0.43856882831040617,0.38892138043028485,0.04964744788012132
1.85,-0.0543517601809762,-0.0703440888397872,0.015992328658811
1.9000000000000001,-0.22326566687113258,-0.215955029598967,-0.007310637272165577
1.9500000000000002,0.049872950388386385,0.04693411802867674,0.0029388323597096463
2.0,0.5875855424754096,0.5436462170293991,0.043939325446010535
2.0500000000000003,1.0409955337733712,0.952303000687,0.08869253308637115
2.1,1.1267005080551329,1.0172187713264955,0.10948173672863737
2.15,0.8031918200091952,0.700531488951477,0.10266033105771821
2.2,0.2673320103325345,0.1755497306245139,0.09178227970802061
2.25,-0.2077927567470961,-0.3131924978709184,0.1053997411238223
2.3000000000000003,-0.4587802090709074,-0.608341235106946,0.14956102603603866
2.35,-0.5063812993732486,-0.7067534568113426,0.200372157438094
2.4000000000000004,-0.4855826693095756,-0.7090495478640235,0.2234668785544479
2.45,-0.5117593984996915,-0.7142754822259286,0.20251608372623708
2.5,-0.5973404345994239,-0.748796101154228,0.15145566655480414
2.5500000000000003,-0.6722500638697123,-0.7734225403989907,0.10117247652927841
2.6,-0.668565419407255,-0.7431002941415138,0.0745348747342588
2.6500000000000004,-0.585762805763259,-0.6576551299264042,0.07189232416314517
2.7,-0.4856613407664138,-0.5622633828737272,0.07660204210731342
2.75,-0.43522449461549717,-0.5064799174959077,0.07125542288041053
2.8000000000000003,-0.4561098360466835,-0.504768324880146,0.04865848883346252
2.85,-0.522416883896883,-0.5335496648644887,0.011132780967605727
2.9000000000000004,-0.5978227706456964,-0.5623965931301808,-0.03542617751551569
2.95,-0.6700937398447425,-0.5861032573419536,-0.08399048250278895
3.0,-0.7515507367898603,-0.6266036491667142,-0.1249470876231461
3.0500000000000003,-0.8518257848206336,-0.7045811229895385,-0.1472446618310952
3.1,-0.9554173233593274,-0.8104135269870514,-0.145003796372276
3.1500000000000004,-1.0281910445426856,-0.9050325166405948,-0.12315852790209081
3.2,-1.0456000357648594,-0.9521094021052422,-0.09349063365961718
3.25,-1.012582411658818,-0.9504400494717717,-0.062142362187046274
3.3000000000000003,-0.9521122707959595,-0.9308896483528039,-0.021222622443155648
3.35,-0.8693335697471476,-0.9133085240754665,0.04397495432831888
3.4000000000000004,-0.7240926633709089,-0.8600941570581487,0.1360014936872398
3.45,-0.4433210493419256,-0.6762755121281697,0.2329544627862441
3.5,0.024595769918380746,-0.2736392328352553,0.29823500275363607
3.5500000000000003,0.646958477700324,0.33954994722339754,0.30740853047692646
3.6,1.2834263026964814,1.0145944792630488,0.2688318234334326
3.6500000000000004,1.730333401935879,1.5125682099165008,0.21776519201937816
3.7,1.8171001328266683,1.6298213668554817,0.18727876597118653
3.75,1.5005096247823433,1.3191095136614732,0.18140011112087007
3.8000000000000003,0.8970956940810737,0.7223531857913585,0.17474250828971516
3.85,0.22900358766338727,0.0903980198701758,0.13860556779321148
3.9000000000000004,-0.28664285110637194,-0.3557870282451472,0.06914417713877524
3.95,-0.5379634331073411,-0.5298612952019667,-0.008102137905374396
4.0,-0.5493038120522006,-0.4889192648365323,-0.06038454721566827
4.05,-0.4323458441183723,-0.3571886059815264,-0.07515723813684588
4.1000000000000005,-0.2998656203051388,-0.2319754467708815,-0.0678901735342573
4.15,-0.20369513849373552,-0.13858474416070415,-0.06511039433303137
4.2,-0.13149376033995316,-0.051261900695837415,-0.08023185964411575
4.25,-0.048644221361700185,0.055580363966846055,-0.10422458532854624
4.3,0.05829951455210789,0.17545510243702894,-0.11715558788492106
4.3500000000000005,0.17069457926244241,0.2779704222862554,-0.10727584302381299
4.4,0.2586950079968827,0.3385643649136871,-0.07986935691680436
4.45,0.30672138145878397,0.3570773547572859,-0.050355973298501944
4.5,0.3195295393022484,0.350538649075111,-0.031009109772862586
4.55,0.3091633726078241,0.33306985340272977,-0.02390648079490565
4.6000000000000005,0.28148013506000114,0.30531745817971334,-0.023837323119712206
4.65,0.2364824316735067,0.2615760116502135,-0.025093579976706804
4.7,0.17791598815886106,0.20291181860469493,-0.024995830445833866
4.75,0.11697296297342341,0.1401402495409853,-0.023167286567561896
4.800000000000001,0.06377279134467548,0.08401870351353416,-0.020245912168858682
4.8500000000000005,0.01708475847138085,0.03512991726623548,-0.018045158794854632
4.9,-0.03302374937599014,-0.013911551308288118,-0.01911219806770202
4.95,-0.08930919678141931,-0.0655096646571442,-0.023799532124275116
5.0,-0.13509543295479867,-0.1075325994225624,-0.027562833532236278
5.050000000000001,-0.1419689605245338,-0.11847067289397606,-0.02349828763055775
5.1000000000000005,-0.09374261017012542,-0.08347164764952605,-0.010270962520599364
5.15,-0.003913520839159128,-0.006047924341189058,0.0021344035020299298
5.2,0.0927528509450566,0.09546246008336338,-0.0027096091383067844
5.25,0.16909465144899713,0.20235164763372365,-0.03325699618472652
5.300000000000001,0.2277574311079015,0.30632099996969675,-0.07856356886179525
5.3500000000000005,0.29418599566929127,0.4069940021964847,-0.11280800652719342
5.4,0.38589512329042913,0.5009634649612486,-0.11506834167081942
5.45,0.4875819587049775,0.5755677085469217,-0.08798574984194424
5.5,0.557090940662381,0.614516284103416,-0.057425343441035004
5.550000000000001,0.55771161600639,0.6090761906119679,-0.05136457460557797
5.6000000000000005,0.48681379626149573,0.5625379757329562,-0.07572417947146043
5.65,0.37475340945502,0.48355434990773233,-0.10880094045271232
5.7,0.2572601313740437,0.3769380677837731,-0.1196779364097294
5.75,0.14974371396934283,0.24409969478236723,-0.0943559808130244
5.800000000000001,0.04818723382068386,0.09488071690991759,-0.04669348308923373
5.8500000000000005,-0.046895337066228525,-0.04133168705800006,-0.005563650008228463
5.9,-0.11065952151148692,-0.11968749420391393,0.009027972692427014
5.95,-0.10115215681837894,-0.10088514687850282,-0.00026700993987612
6.0,0.010719478368986431,0.025123019997085858,-0.014403541628099427
6.050000000000001,0.21494028914497576,0.23057790351081336,-0.015637614365837604
6.1000000000000005,0.46222472457385755,0.4620739277940605,0.00015079677979706885
6.15,0.6878871208218594,0.6627259289621606,0.025161191859698784
6.2,0.8384099407144759,0.7885554049784135,0.049854535736062466
6.25,0.8829109918105109,0.8126941397112668,0.07021685209924411
6.300000000000001,0.8106997757086205,0.7236955887009519,0.08700418700766865
6.3500000000000005,0.6282334368222776,0.5269256081531264,0.10130782866915122
6.4,0.36202203722198956,0.24915984016488077,0.11286219705710879
6.45,0.059155437362420765,-0.06253653129401965,0.12169196865644041
6.5,-0.22582994085655553,-0.3543980581199889,0.1285681172634334
6.550000000000001,-0.45457545523795223,-0.586585188287974,0.13200973305002178
6.6000000000000005,-0.6202371195158788,-0.7461753423588446,0.12593822284296585
6.65,-0.7389328058075039,-0.842462856679351,0.10353005087184708
6.7,-0.8237543139581119,-0.8897303438443505,0.06597602988623852
6.75,-0.8665735262471146,-0.8936508938334082,0.027077367586293644
6.800000000000001,-0.8468636644499341,-0.852915554384002,0.006051889934067911
6.8500000000000005,-0.759445808791762,-0.7717358218652317,0.012290013073469663
6.9,-0.6316710043775061,-0.6675419042002466,0.0358708998227405
6.95,-0.5086267482824738,-0.563210136119023,0.05458338783654926
7.0,-0.41677634752201764,-0.46979441382260856,0.053018066300590916
7.050000000000001,-0.34069617327150264,-0.37720181787756524,0.03650564460606259
7.1000000000000005,-0.23838624523077803,-0.2644111689425817,0.026024923711803677
7.15,-0.08472252010359815,-0.12260900138679638,0.03788648128319823
7.2,0.09574107744636665,0.028554859994832472,0.06718621745153418
7.25,0.2378479758453269,0.14660016072395832,0.09124781512136859
7.300000000000001,0.28060254607312496,0.19021216620622514,0.09039037986689982
7.3500000000000005,0.20939626629018643,0.14292660271536817,0.06646966357481826
7.4,0.06091734940538531,0.019491855446840244,0.04142549395854507
7.45,-0.10932003143830266,-0.14638697285663008,0.03706694141832742
7.5,-0.2646420968271091,-0.319796464003807,0.055154367176697916
7.550000000000001,-0.3978834856160912,-0.4741566292235841,0.07627314360749288
7.6000000000000005,-0.5124350624887747,-0.5903172690458106,0.07788220655703593
7.65,-0.5994730404289917,-0.653533485718154,0.05406044528916221
7.7,-0.6371818352116223,-0.6560555172184201,0.018873682006797843
7.75,-0.6119450762218229,-0.6036374267661779,-0.008307649455644994
7.800000000000001,-0.5376225041930361,-0.5172845088898905,-0.020337995303145617
7.8500000000000005,-0.451022640164022,-0.4248412887985517,-0.026181351365470285
7.9,-0.3860019739754799,-0.34694900900171877,-0.03905296497376115
7.95,-0.34969909729958737,-0.2878313443307539,-0.061867752968833456
8.0,-0.32156913789514785,-0.23715682758040832,-0.08441231031473953
8.05,-0.27354609894098847,-0.17946882889007598,-0.09407727005091249
8.1,-0.1910721782337073,-0.10238186395460683,-0.08869031427910049
8.15,-0.07737577360550071,0.001397608908850019,-0.07877338251435073
8.200000000000001,0.05784716472180869,0.1353853774801121,-0.0775382127583034
8.25,0.20971590879942031,0.2983570703562795,-0.0886411615568592
8.3,0.37731929108544515,0.4804102414554968,-0.10309095037005167
8.35,0.5540547146179265,0.6615561618298228,-0.10750144721189625
8.4,0.7221102066362907,0.8177578063121804,-0.09564759967588976
8.450000000000001,0.8583190638032768,0.9316020995633209,-0.07328303576004402
8.5,0.9452992455342475,0.9983082733621055,-0.05300902782785799
8.55,0.976269923085942,1.0207045181443724,-0.04443459505843039
8.6,0.9499548183488019,0.9976398696480001,-0.0476850512991982
8.65,0.8638438618069326,0.9182923568228486,-0.054448495015915976
8.700000000000001,0.7159941390695377,0.7707030245961287,-0.05470888552659103
8.75,0.5150810257383194,0.5590239084522806,-0.043942882713961184
8.8,0.28719561281761696,0.3133881478460941,-0.026192535028477126
8.85,0.06886687224661568,0.08027005444010102,-0.011403182193485337
8.9,-0.11100223109620455,-0.10230967451261733,-0.008692556583587224
8.950000000000001,-0.24544357644353285,-0.2258480862846617,-0.01959549015887116
9.0,-0.3468943740781431,-0.3110631233454185,-0.035831250732724584
9.05,-0.42945475063306326,-0.3856270045416485,-0.043827746091414765
9.1,-0.49129595113344104,-0.45766474899729265,-0.0336312021361484
9.15,-0.5123723245115777,-0.5064077502612493,-0.005964574250328369
9.200000000000001,-0.46897717819495544,-0.49719244858792927,0.028215270392973835
9.25,-0.35259223011456736,-0.4083057531912213,0.05571352307665395
9.3,-0.17829002674056935,-0.24864290359902508,0.07035287685845573
9.35,0.021855496422549008,-0.054062386061392624,0.07591788248394163
9.4,0.21279808917875143,0.13212082550810825,0.08067726367064318
9.450000000000001,0.3669422743484809,0.27810531724789,0.08883695710059092
9.5,0.4661459682855665,0.36937391616416754,0.09677205212139894
9.55,0.4988778304254247,0.4018332265438637,0.097044603881561
9.600000000000001,0.458877668840929,0.3730810114176566,0.08579665742327242
9.65,0.3478103508848069,0.28148350705551245,0.06632684382929444
9.700000000000001,0.17899384861623133,0.13305634087623958,0.04593750773999175
9.75,-0.02248095506793599,-0.052280491699487945,0.029799536631551955
9.8,-0.22522810510474733,-0.24310077271651842,0.017872667611771087
9.850000000000001,-0.40046329477479886,-0.40748585815026633,0.007022563375467472
9.9,-0.5297468997779611,-0.5248139788684073,-0.004932920909553773
9.950000000000001,-0.6075919973939478,-0.5899419858305176,-0.017650011563430157
10.0,-0.6378975955808339,-0.6080900958744317,-0.029807499706402174
10.05,-0.6269148883058152,-0.586264052404205,-0.04065083590161023
10.100000000000001,-0.577876869674086,-0.5287792627066414,-0.049097606967444585
10.15,-0.4914030060542182,-0.4393965946223843,-0.05200641143183393
10.200000000000001,-0.3711023556989143,-0.32586353011236235,-0.045238825586551956
10.25,-0.2286530438509743,-0.20058018003785555,-0.028072863813118742
10.3,-0.08201211724178058,-0.07541784441729693,-0.006594272824483646
10.350000000000001,0.05376882275526167,0.04487341774150203,0.008895405013759634
10.4,0.175820961096709,0.16400338366815592,0.011817577428553078
10.450000000000001,0.2935462481374924,0.28792582852926035,0.0056204196082320634
10.5,0.41754708596014706,0.41586890630074164,0.001678179659405421
10.55,0.5462030361339203,0.536520954441686,0.009682081692234279
10.600000000000001,0.6622401578583702,0.6330870206960619,0.029153137162308274
10.65,0.7431397098038909,0.69296570490527,0.050174004898620894
10.700000000000001,0.7759872547228377,0.7134945456339411,0.06249270908889659
10.75,0.762685434261117,0.6989506776126398,0.06373475664847716
10.8,0.7110981557938431,0.6525460377704668,0.05855211802337623
10.850000000000001,0.6226684100723708,0.5722850315669888,0.05038337850538199
10.9,0.4916160324967755,0.45583072734162017,0.03578530515515532
10.950000000000001,0.31884181417881985,0.3100606832561118,0.008781130922708047
11.0,0.12643349677630172,0.15505601712009104,-0.028622520343789315
11.05,-0.04535982051861275,0.016413414243811823,-0.06177323476242458
11.100000000000001,-0.16126901891571904,-0.08914870052656086,-0.07212031838915818
11.15,-0.2157515024999329,-0.1625047423974015,-0.053246760102531404
11.200000000000001,-0.23591730435647928,-0.2169642535924363,-0.018953050764042995
11.25,-0.2576327541671297,-0.2637377665997285,0.006105012432598755
11.3,-0.2951591381658304,-0.301691071607794,0.006531933441963622
11.350000000000001,-0.33196572293783205,-0.3212367162703643,-0.010729006667467733
11.4,-0.3410559781636526,-0.3183554969998424,-0.022700481163810182
11.450000000000001,-0.31506458935722403,-0.3041900664198431,-0.010874522937380948
11.5,-0.276962935455218,-0.2993394776617996,0.022376542206581584
11.55,-0.26116402312580084,-0.31708750477476266,0.055923481648961826
11.600000000000001,-0.28372337029352407,-0.35163847237449825,0.06791510208097418
11.65,-0.3305446339270298,-0.3836447209237068,0.053100086996676954
11.700000000000001,-0.37391870637333724,-0.39864286603043314,0.0247241596570959
11.75,-0.3992351995139885,-0.4005668524430745,0.0013316529290859913
11.8,-0.4141937128066362,-0.40619049198675766,-0.008003220819878532
11.850000000000001,-0.43179825911751124,-0.42462142968774,-0.007176829429771214
11.9,-0.4461751349624048,-0.4413931995959831,-0.004781935366421686
11.950000000000001,-0.42812713284261034,-0.4237152413711625,-0.004411891471447826
12.0,-0.34714334427835725,-0.3440507732673447,-0.003092571011012568
12.05,-0.19912822148385492,-0.20173449529391396,0.00260627381005904
12.100000000000001,-0.012738269440419545,-0.02382451004186107,0.011086240601441526
12.15,0.1715019099214006,0.15439984023292766,0.017102069688472943
12.200000000000001,0.3281757492694957,0.3104907246435845,0.017685024625911205
12.25,0.45401651872744064,0.438814092413755,0.015202426313685624
12.3,0.5508588922084693,0.5369603181344086,0.013898574074060699
12.350000000000001,0.6058770930482328,0.591782686878797,0.014094406169435802
12.4,0.592939726589159,0.5818753644932224,0.011064362095936642
12.450000000000001,0.49584002743798034,0.49556124739244006,0.00027878004554027225
12.5,0.32992134541097007,0.34663461857891875,-0.016713273167948683
12.55,0.1388276204393834,0.17138821004952773,-0.032560589610144325
12.600000000000001,-0.032221345004780313,0.008509556609828372,-0.04073090161460868
12.65,-0.16173614686507395,-0.12014442814950366,-0.0415917187155703
12.700000000000001,-0.25307195160921836,-0.21167272932802866,-0.041399222281189696
12.75,-0.31394242775110304,-0.26874647739500784,-0.045195950356095194
12.8,-0.33885842153768886,-0.28758649889909643,-0.051271922638592426
12.850000000000001,-0.3145432788650418,-0.26122861410982556,-0.053314664755216234
12.9,-0.24238012386317348,-0.1942465833776763,-0.04813354048549717
12.950000000000001,-0.15208132224479606,-0.11144859403293983,-0.040632728211856234
13.0,-0.08841043986896867,-0.04818475695117797,-0.040225682917790696
13.05,-0.08044255897285464,-0.02879781323971289,-0.05164474573314175
13.100000000000001,-0.12178421856861904,-0.052741756722061,-0.06904246184655805
13.15,-0.1803550813905529,-0.10105960435533058,-0.07929547703522231
13.200000000000001,-0.2274399841518573,-0.15579902201895648,-0.0716409621329008
13.25,-0.2572603743211421,-0.2121547952977817,-0.04510557902336043
13.3,-0.2791062895539487,-0.27113305446512764,-0.007973235088821085
13.350000000000001,-0.2928281893349395,-0.3215121513564398,0.02868396202150031
13.4,-0.2755957371667847,-0.3323506348846403,0.05675489771785558
13.450000000000001,-0.19592329288044835,-0.2679882056582213,0.07206491277777294
13.5,-0.0425780347972255,-0.11510040700674508,0.07252237220951957
13.55,0.159724292025903,0.10191471170311966,0.05780958032278333
13.600000000000001,0.36327478991684775,0.3316821895357788,0.031592600381068925
13.65,0.5267964008621673,0.5241540086912031,0.0026423921709641807
13.700000000000001,0.6346018640181789,0.6532004886201257,-0.018598624601946834
13.75,0.69099829970921,0.7173733632058602,-0.026375063496650197
13.8,0.7006672998746695,0.7237298827546288,-0.023062582879959326
13.850000000000001,0.6578815172363452,0.6737046481917018,-0.01582313095535659
13.9,0.5553235667798131,0.5645878496696217,-0.009264282889808628
13.950000000000001,0.40119242176971304,0.40246309636745187,-0.00127067459773883
14.0,0.22468673763285332,0.21096541447229405,0.013721323160559268
14.05,0.06277632672584464,0.02553059782356073,0.03724572890228391
14.100000000000001,-0.059407594989131285,-0.12216812636161574,0.06276053137248445
14.15,-0.1368489722212763,-0.2161515441909866,0.0793025719697103
14.200000000000001,-0.17694690959037476,-0.25638329095243484,0.07943638136206008
14.25,-0.1873557573621279,-0.2513889338569283,0.06403317649480039
14.3,-0.17271867699221138,-0.2127249563906234,0.040006279398412004
14.350000000000001,-0.14066399558957754,-0.15496815793612576,0.014304162346548216
14.4,-0.10560860533818077,-0.09617834388755417,-0.0094302614506266
14.450000000000001,-0.08206133306211381,-0.05299530299552285,-0.02906603006659096
14.5,-0.07320466437610865,-0.03238996464202956,-0.040814699734079085
14.55,-0.06845798112266581,-0.028604279705256128,-0.03985370141740968
14.600000000000001,-0.055136840929075746,-0.030164891652978542,-0.024971949276097204
14.65,-0.033075727781390105,-0.031150304059663115,-0.0019254237217269897
14.700000000000001,-0.015937357306072715,-0.03528139541955215,0.019344038113479435
14.75,-0.016301721898481017,-0.04834337153667382,0.0320416496381928
14.8,-0.030047161332283516,-0.06741233393114271,0.03736517259885919
14.850000000000001,-0.0383520436613047,-0.08004288229152956,0.04169083863022486
14.9,-0.027892812761829616,-0.07657444353333848,0.04868163077150886
14.950000000000001,-0.009191812502774793,-0.06365259121436348,0.054460778711588685
15.0,-0.012195088167528232,-0.06336095155445721,0.05116586338692898
15.05,-0.060057852037941534,-0.09560256643399895,0.035544714396057414
15.100000000000001,-0.14534100958414237,-0.1590763516394131,0.013735342055270744
15.15,-0.23276818086585874,-0.22974385955492582,-0.003024321310932915
15.200000000000001,-0.2876415103732557,-0.2798549556953368,-0.007786554677918889
15.25,-0.3033579984113992,-0.30023881561604854,-0.0031191827953506723
15.3,-0.30154223764176424,-0.3043888468550601,0.002846609213295881
15.350000000000001,-0.30509573646804594,-0.31020418093657814,0.005108444468532203
15.4,-0.3115954637739471,-0.31761257907334606,0.006017115299398967
15.450000000000001,-0.2944743871650922,-0.30524272973556626,0.010768342570474043
15.5,-0.23173815436463027,-0.2510912120744316,0.019353057709801308
15.55,-0.13404041277365383,-0.15813048743282554,0.024090074659171706
15.600000000000001,-0.04371089724222923,-0.059716020389271,0.01600512314704177
15.65,-0.004129042583576796,0.0020910751344131906,-0.006220117717989986
15.700000000000001,-0.02710467634416028,0.0069837524138928984,-0.03408842875805318
15.75,-0.08704711045650898,-0.03058266211972938,-0.056464448336779605
15.8,-0.14447742617117001,-0.0755205501982223,-0.06895687597294771
15.850000000000001,-0.17451860022846688,-0.09849213557485403,-0.07602646465361285
15.9,-0.17446707109393875,-0.09053796416688686,-0.08392910692705188
15.950000000000001,-0.1480433916354627,-0.05579658338831854,-0.09224680824714417
16.0,-0.08733867596682535,0.005933822451682756,-0.0932724984185081
16.05,0.026510610934152468,0.1066674217076753,-0.08015681077352284
16.1,0.20444007198401953,0.2596365016173005,-0.055196429633280975
16.150000000000002,0.4323978287627276,0.4614777711130931,-0.02907994235036554
16.2,0.6736613290435415,0.6848528480584393,-0.011191519014897788
16.25,0.8876474544736407,0.8883381718719275,-0.0006907173982868553
16.3,1.0463717410507942,1.0342557615467824,0.012115979504011776
16.35,1.134611259122553,1.0998144547822624,0.034796804340290644
16.400000000000002,1.1389884069213978,1.0761059579978824,0.06288244892351535
16.45,1.0431334663819807,0.9619114905612857,0.08122197582069501
16.5,0.8380268360713684,0.7619220938919756,0.07610474217939278
16.55,0.5379811373309438,0.4907286131539537,0.04725252417699005
16.6,0.18434134332110277,0.17543531562311226,0.00890602769799051
16.650000000000002,-0.16973004640530737,-0.1492340286771506,-0.020496017728156762
16.7,-0.48117075291884714,-0.45074349804982966,-0.030427254869017484
16.75,-0.7272968049425104,-0.7050667551908146,-0.022230049751695735
16.8,-0.8990211933989374,-0.8951758325253375,-0.003845360873599879
16.85,-0.9892079876938175,-1.0065317498252402,0.017323762131422726
16.900000000000002,-0.9914365496567334,-1.0278138516827577,0.036377302026024294
16.95,-0.9100427668877573,-0.9583105078131685,0.048267740925411196
17.0,-0.7670472311547546,-0.8138888666147817,0.046841635460027065
17.05,-0.5933667973826735,-0.6226220348450477,0.02925523746237424
17.1,-0.40953590490594294,-0.41117900845768585,0.0016431035517429082
17.150000000000002,-0.21541557508161113,-0.19370507134283324,-0.021710503738777892
17.2,-0.0018888957015859695,0.025975411907666855,-0.027864307609252823
17.25,0.22486567440653912,0.2408795590640567,-0.016013884657517574
17.3,0.4311524179542272,0.430276116267642,0.0008763016865852014
17.35,0.5708048619444137,0.5644048678852676,0.006399994059146152
17.400000000000002,0.6162637674645471,0.6219517946120211,-0.005688027147473962
17.45,0.5772384735856032,0.6041991820154641,-0.02696070842986087
17.5,0.4889329427508252,0.531814953345378,-0.042882010594552766
17.55,0.3807623142287828,0.4266902468513798,-0.04592793262259698
17.6,0.2554804984203612,0.2960908298621189,-0.040610331441757685
17.650000000000002,0.09835252990709348,0.1346014227089798,-0.03624889280188631
17.7,-0.09383340521631671,-0.05793392232451371,-0.035899482891802996
17.75,-0.2939930955288725,-0.2604227761742695,-0.03357031935460297
17.8,-0.45637859980802664,-0.4336103257622244,-0.022768274045802228
17.85,-0.5488837955007776,-0.5420443986229218,-0.006839396877855841
17.900000000000002,-0.575993884294607,-0.5771964960914624,0.001202611796855435
17.95,-0.5714075776810822,-0.5625305254700153,-0.008877052211066938
18.0,-0.5682572505241574,-0.5367187120457954,-0.03153853847836208
18.05,-0.574900631292556,-0.5289021733163226,-0.045998457976233365
18.1,-0.5765388555821619,-0.5443382149785827,-0.03220064060357919
18.150000000000002,-0.5566011836141714,-0.5677850796153302,0.011183896001158766
18.2,-0.51386044416846,-0.5772583078240037,0.06339786365554367
18.25,-0.45866524462724734,-0.5555046867157866,0.09683944208853923
18.3,-0.3951581899134562,-0.49305380323983633,0.09789561332638014
18.35,-0.31095189484016866,-0.3862444083634761,0.07529251352330746
18.400000000000002,-0.18696360476569415,-0.23653597472901508,0.04957236996332093
18.45,-0.01815639623153682,-0.05265709905018691,0.034500702818650086
18.5,0.17589779976492181,0.14830918349277702,0.02758861627214479
18.55,0.36150058066917234,0.3445382732288223,0.016962307440350044
18.6,0.5121821969839055,0.5163039581996249,-0.004121761215719388
18.650000000000002,0.6207858953147737,0.6508822487753648,-0.03009635346059114
18.7,0.6928378020194011,0.7422550970900816,-0.04941729507068049
18.75,0.7310968272673753,0.7875207339771828,-0.05642390670980746
18.8,0.7288646359825405,0.7846230337703598,-0.055758397787819325
18.85,0.678484651858617,0.7336371299550178,-0.05515247809640089
18.900000000000002,0.5842738668551639,0.639475178051987,-0.05520131119682303
18.95,0.4644710222587401,0.5124308737300958,-0.047959851471355675
19.0,0.33921964568645774,0.3656992324642288,-0.02647958677777107
19.05,0.2173096341517189,0.21242763806188217,0.004881996089836721
19.1,0.09627081268789965,0.06507063721543718,0.03120017547246247
19.150000000000002,-0.023700078943544832,-0.06314264616690936,0.039442567223364526
19.200000000000003,-0.1266701097549478,-0.1573977388289336,0.030727629073985796
19.25,-0.1836021149130514,-0.2033059642139809,0.0197038493009295
19.3,-0.17030402837152503,-0.19112326910775368,0.02081924073622865
19.35,-0.08524293713581847,-0.11981526635774026,0.034572329221921785
19.400000000000002,0.04804220708874791,0.0006791696352551376,0.04736303745349277
19.450000000000003,0.1945457337013135,0.14922510210342965,0.045320631597883854
19.5,0.32416546453584644,0.29565109220627234,0.0285143723295741
19.55,0.4179416564904592,0.4066125125606412,0.011329143929818042
19.6,0.4638740602847108,0.4554963577367507,0.008377702547960109
19.650000000000002,0.4525512723430476,0.4328360545236046,0.01971521781944302
19.700000000000003,0.38040240006483583,0.350416022087308,0.029986377977527845
19.75,0.25693830541046847,0.23436692379453988,0.022571381615928587
19.8,0.10559022249581594,0.11035258769910827,-0.004762365203292332
19.85,-0.04629705802564484,-0.008849157651335933,-0.03744790037430891
19.900000000000002,-0.18062895954676988,-0.12394080829766783,-0.05668815124910205
19.950000000000003,-0.29267605401640495,-0.2380730255048246,-0.05460302851158036
20.0,-0.3827144243446553,-0.3446402662146272,-0.038074158130028124
20.05,-0.4448076432519064,-0.4254405995411307,-0.01936704371077569
20.1,-0.46544571916827204,-0.461025218148935,-0.004420501019337053
20.150000000000002,-0.4340702678106447,-0.44350337834196485,0.009433110531320121
20.200000000000003,-0.35420368141796355,-0.3798704159730748,0.02566673455511126
20.25,-0.24249750370249593,-0.2833955315717975,0.04089802786930155
20.3,-0.11568499457306596,-0.16246245081210486,0.04677745623903891
20.35,0.02096713754547946,-0.018635754705191004,0.039602892250670464
20.400000000000002,0.1704815833239791,0.14389414005562648,0.026587443268352634
20.450000000000003,0.3280715640546443,0.307394207439285,0.0206773566153593
20.5,0.46856338425225824,0.44043779568091224,0.028125588571346005
20.55,0.5524043714228662,0.5108335927405441,0.041570778682322174
20.6,0.548126888551497,0.5014925125888321,0.04663437596266495
20.650000000000002,0.4526827122726323,0.41631976898296014,0.036362943289672156
20.700000000000003,0.2918707491043148,0.27263712349290015,0.019233625611414673
20.75,0.10089094191583874,0.08872633606251733,0.012164605853321409
20.8,-0.09721096145955062,-0.12191348984462401,0.02470252838507339
20.85,-0.29678528533695897,-0.34632124142481424,0.04953595608785527
20.900000000000002,-0.4966306027380579,-0.56514832968248,0.06851772694442204
20.950000000000003,-0.6841832831936369,-0.7525048698293183,0.06832158663568144
21.0,-0.833525680281311,-0.8842708420223008,0.05074516174098975
21.05,-0.9191100881518466,-0.9475804143508786,0.028470326199032003
21.1,-0.931615671726922,-0.9432890227026024,0.011673350975680452
21.150000000000002,-0.881293664828283,-0.8807098172453932,-0.0005838475828897627
21.200000000000003,-0.787372793217859,-0.7712801686434226,-0.016092624574436387
21.25,-0.6653297364588304,-0.6273133061005064,-0.03801643035832403
21.3,-0.5239423539809166,-0.4648193244578236,-0.05912302952309301
21.35,-0.37221554727892653,-0.304038621059986,-0.0681769262189405
21.400000000000002,-0.22578564277704088,-0.16399563739684853,-0.06179000538019236
21.450000000000003,-0.10412069504293069,-0.05501025934109511,-0.04911043570183558
21.5,-0.0209619376928241,0.023203321409725666,-0.044165259102549766
21.55,0.021724073341069714,0.075257163496068,-0.053533090154998283
21.6,0.030054220053797282,0.10182561566529402,-0.07177139561149674
21.650000000000002,0.009698206859194298,0.09843499186548293,-0.08873678500628863
21.700000000000003,-0.03703491093824081,0.06339345371640168,-0.10042836465464249
21.75,-0.10456955436846986,0.006922556814710928,-0.1114921111831808
21.8,-0.175620804624704,-0.04885275451825283,-0.12676805010645117
21.85,-0.2223229020491487,-0.08084812792196701,-0.14147477412718168
21.900000000000002,-0.21908644276017794,-0.0773378427323361,-0.14174860002784184
21.950000000000003,-0.15640039701572364,-0.039722870365682124,-0.11667752665004152
22.0,-0.04218631336052935,0.02827650858809258,-0.07046282194862194
22.05,0.11103798814519933,0.1330652132685152,-0.02202722512331587
22.1,0.30015361981450545,0.29127533925599197,0.008878280558513474
22.150000000000002,0.5310565100370996,0.5142801927027412,0.01677631733435847
22.200000000000003,0.8018828305574778,0.7888574936279502,0.013025336929527565
22.25,1.08490351025413,1.0709252788594636,0.013978231394666363
22.3,1.3258536785073203,1.2995072772023835,0.026346401304936817
22.35,1.465266218610343,1.421995990735233,0.04327022787510981
22.400000000000002,1.4670408124725658,1.4135633573791584,0.0534774550934074
22.450000000000003,1.3329906835475644,1.2797714735277688,0.05321921001979568
22.5,1.0943840990215314,1.04545175616187,0.048932342859661526
22.55,0.7908154868854066,0.7419350005812986,0.04888048630410802
22.6,0.45523447251062926,0.40182896820527614,0.053405504305353124
22.650000000000002,0.11471631295493463,0.060374384174706,0.05434192878022863
22.700000000000003,-0.20033130688541634,-0.24447488214662644,0.0441435752612101
22.75,-0.4537014174462791,-0.4786819731288621,0.024980555682583006
22.8,-0.6146952188614432,-0.6227466849615604,0.0080514661001172
22.85,-0.6749132984714962,-0.6783316328914535,0.003418334419957314
22.900000000000002,-0.6550687516861046,-0.6654633988762667,0.010394647190162143
22.950000000000003,-0.5941589224073159,-0.6122425261148284,0.018083603707512497
23.0,-0.5283751336157542,-0.5440528649816859,0.015677731365931757
23.05,-0.4753094167999752,-0.47796595193464975,0.0026565351346745647
23.1,-0.43345516223552083,-0.4227369877446634,-0.010718174490857435
23.150000000000002,-0.3938091623869351,-0.3809967969951868,-0.012812365391748293
23.200000000000003,-0.3518270740791697,-0.35087631883827836,-0.0009507552408913322
23.25,-0.31063811446153095,-0.3273310474643996,0.01669293300286867
23.3,-0.2759718874279807,-0.30479244763223373,0.028820560204253054
23.35,-0.25001486913090326,-0.28092485675979634,0.030909987628893076
23.400000000000002,-0.2300709741859244,-0.25863739711960826,0.02856642293368386
23.450000000000003,-0.21162126356736718,-0.2436023645821603,0.03198110101479312
23.5,-0.1912659673502181,-0.23803817819345022,0.046772210843232104
23.55,-0.16655643039578105,-0.23536270272320176,0.0688062723274207
23.6,-0.13400904521362017,-0.22064277473034316,0.08663372951672299
23.650000000000002,-0.088511998749495,-0.17768470321965815,0.08917270447016315
23.700000000000003,-0.025242548113223965,-0.09827577570483549,0.07303322759161153
23.75,0.05785813656038549,0.012993576948051293,0.044864559612334196
23.8,0.159344331770965,0.14176656359681117,0.017577768174153824
23.85,0.2750629793696167,0.27226354546273185,0.002799433906884863
23.900000000000002,0.39831643168509184,0.39433572845802417,0.003980703227067672
23.950000000000003,0.5183942201382099,0.5039004167307891,0.014493803407420791
24.0,0.6195311140034147,0.5971222388894043,0.02240887511401035
24.05,0.6834615671163712,0.6642364748878122,0.01922509222855895
24.1,0.6959583193540037,0.6895882540944479,0.006370065259555746
24.150000000000002,0.6534796659425854,0.6593920119201689,-0.0059123459775835
24.200000000000003,0.5647959597131842,0.5718463625453749,-0.007050402832190716
24.25,0.44602640129405335,0.44138981841629055,0.004636582877762807
24.3,0.312850804733416,0.29287269312930647,0.019978111604109505
24.35,0.17572992889153602,0.14932804660120266,0.026401882290333356
24.400000000000002,0.040773830417300656,0.022261612078005085,0.01851221833929557
24.450000000000003,-0.08644464584709423,-0.08872858990929315,0.0022839440621989227
24.5,-0.19914422021217454,-0.1880563145534239,-0.011087905658750646
24.55,-0.29183006092393604,-0.27582560857404165,-0.016004452349894394
24.6,-0.3642285700229304,-0.34658710149612726,-0.01764146852680315
24.650000000000002,-0.42187399277514737,-0.39552907356243683,-0.026344919212710538
24.700000000000003,-0.47167338700615485,-0.4252198017224904,-0.046453585283664445
24.75,-0.5159787389965323,-0.44558736697874896,-0.0703913720177834
24.8,-0.5507592585375827,-0.4666485299369892,-0.08411072860059349
24.85,-0.5700635049779785,-0.49090920254155496,-0.07915430243642357
24.900000000000002,-0.5730193552318095,-0.5129075994850085,-0.06011175574680094
24.950000000000003,-0.5666905569830962,-0.5262453691254982,-0.040445187857597986
25.0,-0.5612060723279207,-0.5306024239298849,-0.030603648398035865
25.05,-0.5602926502878769,-0.530733842963667,-0.0295588073242099
25.1,-0.5548611106225986,-0.527366505144312,-0.027494605478286527
25.150000000000002,-0.5255150605264046,-0.5087908526222353,-0.016724207904169286
25.200000000000003,-0.45301205587484317,-0.45279532767258934,-0.00021672820225382416
25.25,-0.32942165925043726,-0.33982746659676977,0.010405807346332507
25.3,-0.1622224444350531,-0.16770562736771302,0.005483182932659925
25.35,0.030723894855952824,0.04412280883863452,-0.013398913982681698
25.400000000000002,0.23026000921871423,0.2642944204288396,-0.034034411210125376
25.450000000000003,0.4214257813587282,0.46500442422152716,-0.043578642862798944
25.5,0.5917393101478917,0.6307675448482657,-0.039028234700373976
25.55,0.7257400966330461,0.7549227911635601,-0.02918269453051403
25.6,0.803126429476767,0.8297939124079591,-0.026667482931192033
25.650000000000002,0.804849782088176,0.8417448387142237,-0.03689505662604764
25.700000000000003,0.7240940236832392,0.776994883633899,-0.05290085995065985
25.75,0.5736714988724553,0.6334851442857854,-0.05981364541333012
25.8,0.38308418327423954,0.4282929803982895,-0.04520879712404996
25.85,0.1863335181866163,0.19403482891282195,-0.00770131072620564
25.900000000000002,0.00897311033426363,-0.03290823890714549,0.04188134924140912
25.950000000000003,-0.13665997316374442,-0.22351628830176673,0.0868563151380223
26.0,-0.24626607291681216,-0.360066119624263,0.11380004670745084
26.05,-0.3152946535459279,-0.43371556703251146,0.11842091348658357
26.1,-0.3367231626671053,-0.4416413097290968,0.10491814706199154
26.150000000000002,-0.3078605363667987,-0.38809773856770136,0.08023720220090264
26.200000000000003,-0.2398452920353048,-0.2880502854618379,0.048204993426533116
26.25,-0.1597077291845418,-0.1681713397975542,0.008463610613012401
26.3,-0.10041814245860434,-0.061524276866952554,-0.03889386559165178
26.35,-0.08466690862716471,0.0026514046662111075,-0.08731831329337582
26.400000000000002,-0.11408178003814384,0.008768345093620955,-0.1228501251317648
26.450000000000003,-0.1716954292638653,-0.04065560576857367,-0.13103982349529164
26.5,-0.2349527470517763,-0.1274575413610868,-0.10749520569068949
26.55,-0.2885160687579576,-0.22524583302843545,-0.06327023572952215
26.6,-0.3274327471582337,-0.30828134039493865,-0.01915140676329502
26.650000000000002,-0.3503571167196064,-0.358548200294077,0.008191083574470626
26.700000000000003,-0.35113880195466074,-0.36871066605165603,0.017571864096995293
26.75,-0.31770530038772005,-0.34017229262198123,0.022466992234261185
26.8,-0.23975885321894624,-0.2777709954167573,0.03801214219781107
26.85,-0.11847949901021151,-0.18497508857342823,0.06649558956321672
26.900000000000002,0.0303371081127758,-0.06373861283889883,0.09407572095167463
26.950000000000003,0.18233308938398932,0.07994664066338522,0.1023864487206041
27.0,0.3146251722379842,0.22881913800292966,0.08580603423505453
27.05,0.4120011032848348,0.3524584105638151,0.0595426927210197
27.1,0.46598152267778387,0.4154674752164381,0.050514047461345746
27.150000000000002,0.47049170065385276,0.39360553715803537,0.0768861634958174
27.200000000000003,0.42080834574908255,0.2891013201408569,0.13170702560822567
27.25,0.31867912297017204,0.1351134125370332,0.18356571043313882
27.3,0.1796274332238629,-0.015127690853541036,0.19475512407740395
27.35,0.034773648003010416,-0.11002524567282197,0.14479889367583237
27.400000000000002,-0.07745684638928979,-0.1211571871685086,0.043700340779218805
27.450000000000003,-0.1268001578645024,-0.05351417527311583,-0.07328598259138658
27.5,-0.10474716857848831,0.06049595615829201,-0.16524312473678032
27.55,-0.02750985113043748,0.17934887326553794,-0.2068587243959754
27.6,0.0736301919157411,0.2725033367960139,-0.1988731448802728
27.650000000000002,0.16819541842337807,0.3311479359806649,-0.16295251755728682
27.700000000000003,0.2383560172882664,0.3643135641706435,-0.1259575468823771
27.75,0.2800581423730532,0.3843525155147867,-0.10429437314173351
27.8,0.2951029084631278,0.39280784074730063,-0.09770493228417282
27.85,0.28257241486984463,0.37738111206770963,-0.094808697197865
27.900000000000002,0.23773127081217668,0.3224495220446174,-0.08471825123244073
27.950000000000003,0.15934275927195235,0.2248234506743267,-0.06548069140237436
28.0,0.05815545586299368,0.10152634801562661,-0.043370892152632935
28.05,-0.04263677843537322,-0.017932144200833187,-0.02470463423454003
28.1,-0.11762837775496521,-0.10967306617895542,-0.007955311576009788
28.150000000000002,-0.15307902170217944,-0.16942222257576978,0.01634320087359034
28.200000000000003,-0.15325548212421358,-0.2102390946281869,0.056983612503973324
28.25,-0.13391588590283737,-0.2452824545392934,0.11136656863645603
28.3,-0.10880952043477983,-0.27046103090941176,0.16165151047463194
28.35,-0.0814140201085017,-0.2634773212158035,0.1820633011073018
28.400000000000002,-0.04920010468557072,-0.20281375992687414,0.15361365524130344
28.450000000000003,-0.01546937944147734,-0.09260950999420899,0.07714013055273164
28.5,0.0042769159126551295,0.02791990268356376,-0.023642986770908633
28.55,-0.009938755401197725,0.10163092156290382,-0.11156967696410154
28.6,-0.06572938933972443,0.08775475776895839,-0.1534841471086828
28.650000000000002,-0.14740812037637563,-0.010540462098073675,-0.13686765827830194
28.700000000000003,-0.2222106890043581,-0.1455999623152791,-0.07661072668907898
28.75,-0.2599269979299811,-0.2526254494922335,-0.007301548437747607
28.8,-0.2498003131980425,-0.2856794226317027,0.03587910943366021
28.85,-0.20090997110171174,-0.23788431265588905,0.03697434155417731
28.900000000000002,-0.127679142686387,-0.13460544482106893,0.006926302134681928
28.950000000000003,-0.03604290012616169,-0.009125578401352802,-0.026917321724808888
29.0,0.0755048201447324,0.11798449349111703,-0.042479673346384625
29.05,0.2014062211945649,0.24055908221514768,-0.039152861020582796
29.1,0.31725355123171306,0.35214301146654364,-0.03488946023483058
29.150000000000002,0.38582379459564986,0.4319218106935989,-0.04609801609794906
29.200000000000003,0.3793827631237855,0.4474730922640922,-0.06809032914030672
29.25,0.3002721443660507,0.37534532175241897,-0.07507317738636826
29.3,0.18176085313021648,0.22378540511369707,-0.042024551983480596
29.35,0.0680741684210181,0.03797435120173994,0.03009981721927816
29.400000000000002,-0.009542215776050215,-0.11931398065983928,0.10977176488378906
29.450000000000003,-0.04190618711626038,-0.19957006399420416,0.15766387687794378
29.5,-0.03269297211655212,-0.19077535597764464,0.15808238386109252
29.55,0.01531028905743153,-0.11527656955869711,0.13058685861612865
29.6,0.10258534286273355,-0.007575201098579712,0.11016054396131326
29.650000000000002,0.22223055570583222,0.10873485320351838,0.11349570250231385
29.700000000000003,0.34997365742301767,0.2269299098615278,0.12304374756148986
29.75,0.4489124714547769,0.34408037080913606,0.10483210064564086
29.8,0.4879756103443209,0.4437714476462905,0.0442041626980304
29.85,0.4582965416519412,0.49263047381403036,-0.03433393216208913
29.900000000000002,0.3727871726491296,0.45592925573813825,-0.08314208308900867
29.950000000000003,0.250432185383395,0.3204356918882426,-0.0700035065048476
30.0,0.10162936894017954,0.10623271225746388,-0.0046033433172843335
30.05,-0.07109058605471895,-0.1414963003839171,0.07040571432919816
30.1,-0.2595083584340914,-0.3736199393055262,0.1141115808714348
30.150000000000002,-0.44010060822567665,-0.5554326330827716,0.11533202485709493
30.200000000000003,-0.5815929932152208,-0.6718896026933182,0.09029660947809737
30.25,-0.6647703971163107,-0.7220650425906475,0.057294645474336825
30.3,-0.6955937800675754,-0.7127574411425001,0.01716366107492462
30.35,-0.6978099630639049,-0.6574542182762116,-0.040355744787693215
30.400000000000002,-0.6911108473771256,-0.5775285002752307,-0.11358234710189485
30.450000000000003,-0.6755066675637966,-0.4984047540301601,-0.17710191353363652
30.5,-0.6366519296798739,-0.4390374663401025,-0.19761446333977145
30.55,-0.5658448726876246,-0.4020515153365115,-0.1637933573511131
30.6,-0.4734783254619406,-0.37394282877684815,-0.09953549668509243
30.650000000000002,-0.3813601164933324,-0.3366129121128171,-0.044747204380515326
30.700000000000003,-0.30126049798169874,-0.2808868156680189,-0.020373682313679864
30.75,-0.22207836341757908,-0.21045136906578604,-0.01162699435179304
30.8,-0.12040067979096859,-0.133675007887937,0.013274328096968394
30.85,0.014029081440876343,-0.05249124367608165,0.06652032511695799
30.900000000000002,0.16214708351221513,0.03963284376238788,0.12251423974982725
30.950000000000003,0.284999436038316,0.14766018983811222,0.1373392462002038
31.0,0.3508643495879374,0.262109532119983,0.08875481746795438
31.05,0.3554862558270966,0.35613584043473057,-0.0006495846076339795
31.1,0.3181036570444265,0.39693427433595974,-0.07883061729153323
31.150000000000002,0.25972391406228346,0.36358844901277115,-0.1038645349504877
31.200000000000003,0.1865769011829052,0.25870633925369296,-0.07212943807078775
31.25,0.09465966816924459,0.10731726125383446,-0.012657593084589872
31.3,-0.011596500021942006,-0.053447149341539144,0.04185064931959714
31.35,-0.10866440379063794,-0.18591550151929262,0.07725109772865468
31.400000000000002,-0.1653038943550315,-0.2602673860811014,0.09496349172606988
31.450000000000003,-0.16696725323172998,-0.26080923527237393,0.09384198204064395
31.5,-0.12977941678803886,-0.19167844429535175,0.06189902750731288
31.55,-0.08976248991503552,-0.07921135932076516,-0.010551130594270361
31.6,-0.07666118454271295,0.03420094821886089,-0.11086213276157383
31.650000000000002,-0.09621733417269483,0.10549453832778882,-0.20171187250048367
31.700000000000003,-0.13557023092370965,0.10817347367660061,-0.24374370460031025
31.75,-0.18309043518842963,0.0408212331140449,-0.22391166830247453
31.8,-0.2401349274621436,-0.07750583970029648,-0.16262908776184712
31.85,-0.31186034144078034,-0.2189504320093499,-0.09290990943143043
31.900000000000002,-0.38732961901047674,-0.35501750469671584,-0.03231211431376091
31.950000000000003,-0.4319078146290808,-0.456653781148713,0.024745966519632234
32.0,-0.40394102522857184,-0.49198197775876545,0.08804095253019362
32.050000000000004,-0.28357696377550334,-0.4310793863421285,0.14750242256662516
32.1,-0.08842614147557472,-0.25983937398036383,0.17141323250478913
32.15,0.138003506358834,0.006220033714102478,0.1317834726447315
32.2,0.354295010179961,0.3206862373860925,0.033608772793868535
32.25,0.5404753536697798,0.6213665176503148,-0.08089116398053497
32.300000000000004,0.6937114266203188,0.8528201402638393,-0.15910871364352053
32.35,0.8093254229599419,0.9824072690098486,-0.17308184604990673
32.4,0.8701702049382103,1.003071648688504,-0.13290144375029378
32.45,0.8577922812725822,0.9275354315267792,-0.06974315025419697
32.5,0.7753472992944935,0.7829704977442734,-0.007623198449779878
32.550000000000004,0.6583831813173783,0.6091712886768472,0.04921189264053105
32.6,0.5593134495163464,0.45464621072572836,0.10466723879061807
32.65,0.5155874871834413,0.36427700807146934,0.15131047911197193
32.7,0.5271885716069646,0.3609660693372397,0.16622250226972496
32.75,0.5614684418578083,0.4329635363915979,0.1285049054662104
32.800000000000004,0.579838468784286,0.5379116142009365,0.04192685458334955
32.85,0.5632604332857859,0.623215409991449,-0.05995497670566308
32.9,0.5171215972223585,0.6501006789325452,-0.1329790817101867
32.95,0.4560387796392451,0.606655424882559,-0.15061664524331386
33.0,0.38617414852299325,0.5046563597315543,-0.11848221120856106
33.050000000000004,0.3018840612485292,0.3669275109292641,-0.06504344968073494
33.1,0.1976431888472342,0.21608634318134282,-0.01844315433410862
33.15,0.08132844468323124,0.07007204483243921,0.01125639985079202
33.2,-0.025369147157644684,-0.057930224477429716,0.03256107731978503
33.25,-0.10058567308257993,-0.15983702428427782,0.05925135120169789
33.300000000000004,-0.13797178589509715,-0.2341942855308933,0.09622249963579615
33.35,-0.15103995052741778,-0.2860064334943805,0.1349664829669627
33.4,-0.16325509904659488,-0.3231315306850541,0.15987643163845924
33.45,-0.1928344057739078,-0.3518695826758385,0.1590351769019307
33.5,-0.24419789430764757,-0.3760636497997822,0.1318657554921346
33.550000000000004,-0.31085616243826814,-0.4003161645306546,0.08946000209238647
33.6,-0.38473344490505507,-0.43276130549589514,0.04802786059084008
33.65,-0.4629032543928292,-0.4824969320353942,0.019593677642564977
33.7,-0.5466253812995959,-0.5524313608626388,0.005805979563042851
33.75,-0.634840615558171,-0.6341161437925782,-0.0007244717655927602
33.800000000000004,-0.7186475235896642,-0.7104171332903411,-0.008230390299323154
33.85,-0.7819601080604569,-0.7646313726014224,-0.01732873545903446
33.9,-0.8083857013449532,-0.7881558642457133,-0.020229837099239978
33.95,-0.7895016603708076,-0.7800881651102364,-0.009413495260571225
34.0,-0.7284798559510833,-0.7402975172024266,0.011817661251343314
34.050000000000004,-0.6361937880515166,-0.6642620142280736,0.02806822617655702
34.1,-0.5225283678676482,-0.5461512536903979,0.02362288582274963
34.15,-0.38972193747498524,-0.3878297850332638,-0.0018921524417214175
34.2,-0.23368476104856184,-0.20461151128836674,-0.029073249760195097
34.25,-0.05308717441595823,-0.020874571824269786,-0.03221260259168844
34.300000000000004,0.1411062985316878,0.14197602883403582,-0.0008697303023480207
34.35,0.3247355897263653,0.2754168377625129,0.04931875196385238
34.4,0.470834857059827,0.38361815824550927,0.08721669881431776
34.45,0.56385236359674,0.47407568615682727,0.08977667743991269
34.5,0.6055384026983472,0.5472963854000007,0.05824201729834655
34.550000000000004,0.6066641526641159,0.5932022534613512,0.013461899202764638
34.6,0.5717402243962996,0.595321323215512,-0.023581098819212443
34.65,0.4917473958163133,0.5383588188841064,-0.04661142306779309
34.7,0.35389040350188816,0.4148456935653521,-0.06095529006346395
34.75,0.16136282144757927,0.2298956691524589,-0.06853284770487963
34.800000000000004,-0.05545559213726663,0.0043234406748073086,-0.05977903281207393
34.85,-0.24988645751205865,-0.22594937420291558,-0.02393708330914307
34.9,-0.38638134750894343,-0.41788247259798544,0.031501125089042015
34.95,-0.4626200202748671,-0.5367741102028436,0.07415408992797651
35.0,-0.5068226584077263,-0.572065933373326,0.06524327496559967
35.050000000000004,-0.5515182254549811,-0.5428329379235225,-0.008685287531458585
35.1,-0.6059571397808111,-0.48769809588557544,-0.11825904389523567
35.15,-0.6509389368554065,-0.4450023669579853,-0.2059365698974212
35.2,-0.6596306441775505,-0.436147407299912,-0.22348323687763844
35.25,-0.6241234817340692,-0.46139175408763405,-0.16273172764643512
35.300000000000004,-0.5623623126298878,-0.5064261074237644,-0.05593620520612341
35.35,-0.498964851528155,-0.5503508748057077,0.05138602327755265
35.4,-0.4388052733993902,-0.5684081939914744,0.12960292059208417
35.45,-0.3598370547683836,-0.5323212760634457,0.17248422129506208
35.5,-0.23369246769608296,-0.41647302320930757,0.1827805555132246
35.550000000000004,-0.05578202880532638,-0.21262328284681614,0.15684125404148977
35.6,0.14341651660223156,0.05572147762329817,0.0876950389789334
35.65,0.31736115648441277,0.33356542772278014,-0.016204271238367374
35.7,0.436108433537906,0.5553747662086882,-0.11926633267078218
35.75,0.503312309040351,0.6764861847535629,-0.17317387571321197
35.800000000000004,0.5432259072496891,0.6944682784058036,-0.1512423711561145
35.85,0.5718347442108539,0.6455497368697163,-0.07371499265886239
35.9,0.5809032426021536,0.5790016902776398,0.0019015523245138333
35.95,0.5504260634054285,0.5280093847950917,0.022416678610336804
36.0,0.47654036554295615,0.4966686425271385,-0.020128276984182347
36.050000000000004,0.3859687009622125,0.46913976927019113,-0.08317106830797866
36.1,0.3203356227378528,0.4302431009617242,-0.10990747822387137
36.15,0.3028268038004453,0.37995023161020597,-0.07712342780976067
36.2,0.3177360283745963,0.33143778014486935,-0.013701751770273052
36.25,0.32279564766341184,0.29660554063873007,0.026190107024681775
36.300000000000004,0.2844207129515623,0.2726968566683705,0.01172385628319178
36.35,0.20499241590186917,0.2419660303461102,-0.03697361444424102
36.4,0.11872334791364851,0.1853630679969396,-0.0666397200832911
36.45,0.061345457020782056,0.09970590555489149,-0.038360448534109436
36.5,0.041890353138486894,0.0044900935648049785,0.03740025957368191
36.550000000000004,0.041098481444035294,-0.06807776681191531,0.1091762482559506
36.6,0.03497530078079624,-0.09341684963741922,0.12839215041821547
36.65,0.01888988052771836,-0.07042605476626794,0.08931593529398629
36.7,0.008934711996567814,-0.02099495398408653,0.029929665980654344
36.75,0.02069715491184061,0.02586881849283315,-0.005171663580992542
36.800000000000004,0.047881947381827106,0.05184108594881001,-0.003959138566982906
36.85,0.06298564499916882,0.05443184575461108,0.008553799244557743
36.9,0.04029230524577214,0.037116851624511234,0.0031754536212609055
36.95,-0.020529155077142744,-0.0028272076367660843,-0.01770194744037666
37.0,-0.09280067966150994,-0.07286072895938871,-0.019939950702121234
37.050000000000004,-0.14498287790776654,-0.16794497385743376,0.02296209594966722
37.1,-0.1661384709729406,-0.2545866152003623,0.0884481442274217
37.15,-0.17159762354480412,-0.2783330204715368,0.10673539692673267
37.2,-0.1846266884093745,-0.19897924708540982,0.014352558676035326
37.25,-0.21199149900466363,-0.029781798168557028,-0.1822097008361066
37.300000000000004,-0.23588086254554877,0.1549843905587829,-0.3908652531043317
37.35,-0.2283219657015548,0.260191860653193,-0.4885138263547478
37.4,-0.17332953464938752,0.2348537371424182,-0.4081832717918057
37.45,-0.0763456019324844,0.1134290598712489,-0.1897746618037333
37.5,0.045624144992899504,-0.0021776546329341324,0.047801799625833634
37.550000000000004,0.18081722306114748,-0.010883887983879969,0.19170111104502743
37.6,0.3285450405021521,0.11870761715744424,0.20983742334470787
37.65,0.48862102704235133,0.3302764848946434,0.15834454214770793
37.7,0.6464447999420385,0.5240887027567305,0.12235609718530804
37.75,0.7708146818616831,0.6264759538737775,0.1443387279879056
37.800000000000004,0.8292879485093838,0.6303893056152563,0.1988986428941275
37.85,0.8085576364177705,0.5805204714040925,0.228037165013678
37.9,0.7218208588976778,0.5232185060066262,0.19860235289105155
37.95,0.5967617738450363,0.4670574848879156,0.12970428895712066
38.0,0.45533614136154477,0.3848719419072878,0.07046419945425697
38.050000000000004,0.3033460136462869,0.24906430497758775,0.054281708668699136
38.1,0.13768144527782497,0.06467249877375265,0.07300894650407232
38.15,-0.03795634717893051,-0.12895131294875353,0.09099496576982302
38.2,-0.2057661216976685,-0.28646069080736264,0.08069456910969414
38.25,-0.343196176438463,-0.38801798771472074,0.04482181127625773
38.300000000000004,-0.4405215045334634,-0.44798699260208813,0.007465488068624737
38.35,-0.5095701265350151,-0.49739415543925247,-0.012175971095762628
38.400000000000006,-0.5740247307416072,-0.5584040365304468,-0.015620694211160413
38.45,-0.648502605501794,-0.6315996566588457,-0.016902948842948295
38.5,-0.7242569520182699,-0.7018241964384809,-0.022432755579788966
38.550000000000004,-0.7741432343871694,-0.7522399690832161,-0.021903265303953257
38.6,-0.7731029671716321,-0.7731204658929887,1.7498721356590252e-05
38.650000000000006,-0.7173286583429311,-0.761163146682713,0.043834488339781874
38.7,-0.6267351173893881,-0.7151881780530362,0.08845306066364811
38.75,-0.5296658710242066,-0.635383504076847,0.10571763305264037
38.800000000000004,-0.44327359316835957,-0.5267803330297841,0.08350673986142454
38.85,-0.3655387487449905,-0.4017698295909175,0.03623108084592702
38.900000000000006,-0.28403975798073255,-0.2772465470751782,-0.006793210905554348
38.95,-0.19230167352744115,-0.16760470199129068,-0.02469697153615047
39.0,-0.09900245899873013,-0.07897258421136834,-0.02002987478736179
39.050000000000004,-0.02253924986220756,-0.00892037405295233,-0.01361887580925523
39.1,0.023489741717848504,0.04873053166461886,-0.025240789946770356
39.150000000000006,0.04082114074904144,0.09790036880482461,-0.05707922805578317
39.2,0.044050453326807806,0.1369540483775639,-0.09290359505075609
39.25,0.04765242391927818,0.15956529565281524,-0.11191287173353706
39.300000000000004,0.05391647492303883,0.15862660047741986,-0.10471012555438103
39.35,0.05208391401707508,0.1306894814667452,-0.07860556744967012
39.400000000000006,0.029161112766790207,0.07833276919800898,-0.04917165643121878
39.45,-0.01700773368369872,0.009149209425869897,-0.026156943109568617
39.5,-0.07345979001850944,-0.06748280601506977,-0.00597698400343967
39.550000000000004,-0.11998540514480704,-0.1425938400116925,0.022608434866885463
39.6,-0.14234241889884752,-0.2063229554653619,0.06398053656651437
39.650000000000006,-0.14005153237004214,-0.24481432262632583,0.10476279025628368
39.7,-0.1233379794606014,-0.2409535418896027,0.11761556242900129
39.75,-0.10332121171760954,-0.1831347504153398,0.07981353869773027
39.800000000000004,-0.08474138802404658,-0.07845670366745931,-0.006284684356587272
39.85,-0.0669685834080055,0.041004857171680835,-0.10797344057968633
39.900000000000006,-0.05045525980945231,0.12893551428855213,-0.17939077409800444
39.95,-0.0404724509512783,0.15021340739910682,-0.19068585835038512
40.0,-0.04307687345996015,0.10441576003474415,-0.1474926334947043
40.050000000000004,-0.05682042090219581,0.028342725005135478,-0.08516314590733129
40.1,-0.06923249250854221,-0.027124915211795653,-0.042107577296746565
40.150000000000006,-0.06360392744104816,-0.029909820060840548,-0.033694107380207616
40.2,-0.03171001875294654,0.015353608668738066,-0.0470636274216846
40.25,0.01884926398179019,0.07724502600842197,-0.05839576202663178
40.300000000000004,0.07065334762172287,0.12535665164338886,-0.05470330402166598
40.35,0.11209511728860817,0.1523367472271308,-0.040241629938522636
40.400000000000006,0.14928443545185036,0.17387950675839814,-0.024595071306547783
40.45,0.2026992672427935,0.21098309392381395,-0.008283826681020456
40.5,0.28980214945936317,0.27300947702180417,0.016792672437558998
40.550000000000004,0.40758551557888995,0.35541437986246427,0.052171135716425676
40.6,0.5300609969873735,0.44905730310157416,0.08100369388579937
40.650000000000006,0.6234481246542121,0.5469766699210793,0.07647145473313277
40.7,0.6667598557375757,0.6403138334746704,0.026446022262905267
40.75,0.6610763811458934,0.7102377436383516,-0.04916136249245817
40.800000000000004,0.6211231357196059,0.7297654801059736,-0.10864234438636777
40.85,0.5585243491310493,0.6796554675743514,-0.12113111844330204
40.900000000000006,0.4729364620749603,0.5658923459217244,-0.09295588384676412
40.95,0.35897710643195924,0.4209419303721418,-0.061964823940182545
41.0,0.2212587998101275,0.2842043704448872,-0.06294557063475972
41.050000000000004,0.08159180889770115,0.176791131389388,-0.09519932249168686
41.1,-0.030552750811082306,0.09214767683198306,-0.12270042764306537
41.150000000000006,-0.09727963385484034,0.010008105448250903,-0.10728773930309124
41.2,-0.1241561792248324,-0.080068008224182,-0.04408817100065039
41.25,-0.13325216401113976,-0.16718898449390918,0.033936820482769414
41.300000000000004,-0.14232389865642242,-0.2284920346551049,0.08616813599868248
41.35,-0.14777957269440306,-0.24800532308176726,0.1002257503873642
41.400000000000006,-0.1263822491317912,-0.22608118394728882,0.09969893481549763
41.45,-0.054853437238125,-0.17216440319205584,0.11731096595393084
41.5,0.06854274304814566,-0.09158122424545184,0.1601239672935975
41.550000000000004,0.2177661809382324,0.017521382346149268,0.20024479859208313
41.6,0.35245857887912235,0.15303130313953034,0.199427275739592
41.650000000000006,0.4396769784454434,0.2957420207283715,0.14393495771707188
41.7,0.467251029152818,0.40965589274956904,0.05759513640324898
41.75,0.4408033111423673,0.45807671581005155,-0.017273404667684233
41.800000000000004,0.3704852113642221,0.4223244182667631,-0.05183920690254101
41.85,0.2606179738119759,0.3078227970077103,-0.047204823195734436
41.900000000000006,0.11063921359490383,0.1351146003123913,-0.024475386717487474
41.95,-0.075374191671325,-0.07286778623720967,-0.0025064054341153302
42.0,-0.28061421446546403,-0.2952522766260431,0.014638062160579057
42.050000000000004,-0.4767519470788679,-0.5091678467391016,0.03241589966023373
42.1,-0.6338831444399377,-0.6873460057218582,0.05346286128192057
42.150000000000006,-0.7317692462794713,-0.8049540693427496,0.07318482306327834
42.2,-0.7649091533505538,-0.8510033432405083,0.08609418988995454
42.25,-0.739589074543499,-0.8322164263227977,0.0926273517792987
42.300000000000004,-0.6668605845912746,-0.7638045636355416,0.09694397904426699
42.35,-0.5570231732536808,-0.6556670997709807,0.09864392651729992
42.400000000000006,-0.41855514834511864,-0.5084866040286328,0.08993145568351413
42.45,-0.26062819436064577,-0.32448614271973375,0.06385794835908798
42.5,-0.09624425806823042,-0.1216322744179996,0.025388016349769185
42.550000000000004,0.05672868458289176,0.06516258373933337,-0.008433899156441611
42.6,0.1778440598076461,0.20023168787057513,-0.022387628062929044
42.650000000000006,0.24922230449220556,0.26741046563603577,-0.018188161143830206
42.7,0.26160721655326424,0.27591717638303376,-0.014309959829769514
42.75,0.21842074626746402,0.24681693681669795,-0.028396190549233924
42.800000000000004,0.13520209174210457,0.19380093851170896,-0.05859884676960439
42.85,0.033904760412806184,0.11708107856806091,-0.08317631815525472
42.900000000000006,-0.06540353378556352,0.015190830228087327,-0.08059436401365085
42.95,-0.15095024155678274,-0.09943114655323816,-0.05151909500354458
43.0,-0.22025419086042464,-0.1995609592585999,-0.020693231601824735
43.050000000000004,-0.27571328384234595,-0.2604937943481244,-0.015219489494221528
43.1,-0.3183644512081075,-0.2796212352804035,-0.03874321592770402
43.150000000000006,-0.344340802603673,-0.27837385404284615,-0.06596694856082685
43.2,-0.34626359007068563,-0.2826302580610238,-0.06363333200966181
43.25,-0.3181904278122667,-0.29839035866692565,-0.019800069145341048
43.300000000000004,-0.2604867469698975,-0.3047935968044956,0.044306849834598094
43.35,-0.1814122200570385,-0.27125614861861075,0.08984392856157225
43.400000000000006,-0.09455570323686345,-0.18408277069970874,0.08952706746284529
43.45,-0.013711593860864933,-0.060106349367093075,0.04639475550622814
43.5,0.05199097930389405,0.06305735675479913,-0.011066377450905086
43.550000000000004,0.10024282378157758,0.1508057962882539,-0.05056297250667634
43.6,0.13407444353239306,0.19036660538118516,-0.0562921618487921
43.650000000000006,0.1578858244801981,0.19266329592891002,-0.034777471448711905
43.7,0.1737275434308251,0.18019939609940328,-0.006471852668578165
43.75,0.18054879681676578,0.17277932007798477,0.007769476738781006
43.800000000000004,0.1770023914282125,0.18005521629377882,-0.0030528248655663226
43.85,0.16534126869625573,0.20142619379110993,-0.0360849250948542
43.900000000000006,0.15247464765288424,0.22898274312431025,-0.07650809547142601
43.95,0.14620869555941665,0.2507643328179181,-0.10455563725850145
44.0,0.14905734518379138,0.2548736000571629,-0.10581625487337154
44.050000000000004,0.1550533605353164,0.23486524414851814,-0.07981188361320174
44.1,0.15338654653024336,0.19390319406049392,-0.040516647530250555
44.150000000000006,0.1370093948450305,0.14415975637115727,-0.007150361526126775
44.2,0.10932661590148718,0.10114343216808139,0.008183183733405791
44.25,0.08270863477635863,0.07688928871324324,0.005819346063115391
44.300000000000004,0.06914828049201102,0.07638627646849802,-0.0072379959764869994
44.35,0.07051204537576475,0.09778673198040336,-0.02727468660463861
44.400000000000006,0.07689302333536725,0.1334893220553647,-0.056596298719997454
44.45,0.07495837923622765,0.17026290406134317,-0.09530452482511552
44.5,0.05939079289988608,0.19058898105700653,-0.13119818815712045
44.550000000000004,0.037512464868937834,0.1786098109402898,-0.14109734607135196
44.6,0.023016469344000166,0.12961367189998713,-0.10659720255598695
44.650000000000006,0.02439425452324439,0.05611446739441719,-0.0317202128711728
44.7,0.03837431577708908,-0.016406050146695206,0.05478036592378428
44.75,0.05405623808897079,-0.06320725770382535,0.11726349579279613
44.800000000000004,0.06362485291198064,-0.07371593758140879,0.13734079049338943
44.85,0.06959173679917732,-0.05421817958478707,0.1238099163839644
44.900000000000006,0.08190244862869168,-0.018502480589668725,0.10040492921836042
44.95,0.1077356829329686,0.02423376812515505,0.08350191480781355
45.0,0.14351761183352776,0.07318759965094082,0.07033001218258694
45.050000000000004,0.17640783325706808,0.1293141393579551,0.04709369389911297
45.1,0.19358370283151288,0.18651534910321463,0.0070683537282982545
45.150000000000006,0.19055169589066454,0.23034519140853885,-0.03979349551787431
45.2,0.1710542979902085,0.24536561163956427,-0.07431131364935578
45.25,0.13946521618306834,0.2232653585261883,-0.08380014234311997
45.300000000000004,0.09387516261664713,0.16410283422400537,-0.07022767160735824
45.35,0.027439549517721103,0.0718708079021419,-0.044431258384420795
45.400000000000006,-0.06240962595253461,-0.04744759427900956,-0.014962031673525049
45.45,-0.1651483454004883,-0.18068267714036435,0.015534331739876034
45.5,-0.25745028459589814,-0.3011996665405261,0.04374938194462796
45.550000000000004,-0.31381102327208676,-0.3730327590136921,0.05922173574160533
45.6,-0.31992554595845635,-0.36895543201356873,0.04902988605511238
45.650000000000006,-0.27876831600627033,-0.2908036653056991,0.012035349299428788
45.7,-0.20522699053457047,-0.1735353477187348,-0.03169164281583567
45.75,-0.11429122738610784,-0.0652870055958944,-0.04900422179021344
45.800000000000004,-0.01256650204090162,0.0037858268405125467,-0.016352328881414167
45.85,0.10042948106349191,0.03963605477945865,0.06079342628403326
45.900000000000006,0.22311063643086074,0.07458367906121904,0.1485269573696417
45.95,0.3432585037335687,0.13781127070145835,0.20544723303211035
46.0,0.43802852789625857,0.2303334096593478,0.20769511823691078
46.050000000000004,0.4835620046595699,0.32366959487562924,0.15989240978394065
46.1,0.4674051503879018,0.38046044008494045,0.08694471030296136
46.150000000000006,0.39442914848802435,0.3777596150694951,0.016669533418529225
46.2,0.28184546438725194,0.31484387567494604,-0.032998411287694096
46.25,0.1474883150905425,0.20406813959846393,-0.05657982450792143
46.300000000000004,0.000948744698630182,0.058413740164507004,-0.05746499546587682
46.35,-0.15526633625808878,-0.11101565872287711,-0.04425067753521167
46.400000000000006,-0.3160738417502097,-0.2878618835639528,-0.02821195818625688
46.45,-0.4650997113668089,-0.44571606016441884,-0.01938365120239005
46.5,-0.5764029467968281,-0.5553618077506856,-0.021041139046142576
46.550000000000004,-0.6274386154610896,-0.6004076730535132,-0.02703094240757642
46.6,-0.6135885830170899,-0.587357677777388,-0.02623090523970184
46.650000000000006,-0.5517723138173982,-0.5397263854956921,-0.012045928321706145
46.7,-0.4689620147007867,-0.4800108236811112,0.01104880898032451
46.75,-0.3843697768848108,-0.41450817123623585,0.03013839435142507
46.800000000000004,-0.300102412075181,-0.33354748745628887,0.03344507538110786
46.85,-0.20798140174315202,-0.22615046260079305,0.01816906085764103
46.900000000000006,-0.10563041692195896,-0.09597296692898956,-0.0096574499929694
46.95,-0.006096525043313542,0.03492149976728715,-0.0410180248106007
47.0,0.06900115541515067,0.1371032962258236,-0.06810214081067292
47.050000000000004,0.10708972679558339,0.1904971217438627,-0.08340739494827933
47.1,0.11624654997373685,0.1944658492038489,-0.07821929923011206
47.150000000000006,0.11871361951099156,0.16544624816170447,-0.04673262865071291
47.2,0.13117679214133934,0.12576186829438588,0.005414923846953468
47.25,0.1499735112462306,0.09211703777578248,0.057856473470448117
47.300000000000004,0.1557256194439915,0.07039306380399787,0.08533255563999362
47.35,0.13377416540082998,0.0579276894905233,0.07584647591030669
47.400000000000006,0.09117486590729837,0.04991845029511662,0.04125641561218175
47.45,0.05339699290260543,0.0451402328386705,0.008256760063934929
47.5,0.04286663225724754,0.04748557431795515,-0.004618942060707613
47.550000000000004,0.05926304969908691,0.06268276763576924,-0.0034197179366823316
47.6,0.08051759147706411,0.09263430479007527,-0.01211671331301116
47.650000000000006,0.083958335441133,0.131608851682632,-0.047650516241499005
47.7,0.06746292906563826,0.16754433183490386,-0.1000814027692656
47.75,0.050075524664987416,0.1880524841113807,-0.1379769594463933
47.800000000000004,0.05131813203449749,0.18688765142514924,-0.13556951939065176
47.85,0.06949283271116169,0.16604893077622815,-0.09655609806506646
47.900000000000006,0.08087160118361535,0.1323077549337224,-0.05143615375010706
47.95,0.06166234409119085,0.09179744352335688,-0.03013509943216603
48.0,0.012155248795673937,0.0478049307712409,-0.03564968197556696
48.050000000000004,-0.04044178252738971,0.0034269144330044427,-0.04386869696039415
48.1,-0.06398517159757677,-0.03444743712461678,-0.029537734472959994
48.150000000000006,-0.04795137991400725,-0.05508920210279433,0.007137822188787085
48.2,-0.009899573927803145,-0.04939917481401064,0.03949960088620749
48.25,0.02349019065416845,-0.01685403183442588,0.04034422248859433
48.300000000000004,0.041799780894626194,0.03215189763996952,0.009647883254656674
48.35,0.05801544134059016,0.08104356351849966,-0.023028122177909498
48.400000000000006,0.09116512915940791,0.11552496714265936,-0.024359837983251448
48.45,0.1424474955017141,0.12975674596190942,0.012690749539804674
48.5,0.1891495280994976,0.12680457012722468,0.06234495797227291
48.550000000000004,0.2029602042049202,0.1146594291823697,0.0883007750225505
48.6,0.17517836182844057,0.10152826276080586,0.07365009906763471
48.650000000000006,0.1244866142046642,0.09276315340792303,0.03172346079674117
48.7,0.07991605307966455,0.08935816876793,-0.009442115688265446
48.75,0.05550559416332188,0.08743912030644196,-0.03193352614312008
48.800000000000004,0.04064787874954236,0.07945508788124057,-0.03880720913169822
48.85,0.014360989763589765,0.05805124946410983,-0.04369025970052007
48.900000000000006,-0.03135169729854174,0.02133657441388861,-0.052688271712430346
48.95,-0.08177817171259145,-0.024327281679528606,-0.05745089003306285
49.0,-0.11189098211465173,-0.06711835695847719,-0.04477262515617454
49.050000000000004,-0.10778670288457924,-0.09662759260591292,-0.011159110278666326
49.1,-0.07646618076187447,-0.10910777317867071,0.03264159241679623
49.150000000000006,-0.03609711638496607,-0.10644599250177648,0.07034887611681041
49.2,0.0015990366597779678,-0.09036116360824975,0.09196020026802772
49.25,0.03862630013889491,-0.05863048122366938,0.0972567813625643
49.300000000000004,0.0814869425813768,-0.008605511880976451,0.09009245446235326
49.35,0.12673883193951915,0.0544575575386556,0.07228127440086354
49.400000000000006,0.1575910079605376,0.11310341076789558,0.04448759719264202
49.45,0.15580168357070123,0.1441043969612932,0.011697286609408025
49.5,0.1171181053219135,0.1325593533417503,-0.015441248019836817
49.550000000000004,0.054937853231327605,0.08237241210933752,-0.027434558878009913
49.6,-0.0110074563520911,0.013636291083361675,-0.024643747435452775
49.650000000000006,-0.06919512741014944,-0.05147044706211443,-0.01772468034803501
49.7,-0.11985767595032115,-0.10240703916499515,-0.017450636785326004
49.75,-0.16541784753245817,-0.14221351234708826,-0.023204335185369906
49.800000000000004,-0.19953862184083024,-0.17731398738059653,-0.022224634460233705
49.85,-0.20778788387731698,-0.20604998230659913,-0.001737901570717848
49.900000000000006,-0.1804834700644744,-0.2175191038159995,0.037035633751525104
49.95,-0.12504841056776447,-0.20189299838131364,0.07684458781354916
50.0,-0.06476096333653544,-0.16201746901536024,0.0972565056788248
50.050000000000004,-0.023663922221425052,-0.11471582599710152,0.09105190377567647
50.1,-0.010767735288086677,-0.07997173261679327,0.06920399732870659
50.150000000000006,-0.01738241877360221,-0.06748051534501055,0.050098096571408346
50.2,-0.02896130717101755,-0.07215146426832121,0.04319015709730366
50.25,-0.03952696637905259,-0.08145368476612777,0.04192671838707518
50.300000000000004,-0.05524441194317747,-0.08677782751236553,0.03153341556918806
50.35,-0.08483254711234957,-0.08838721393790219,0.0035546668255526243
50.400000000000006,-0.12706078224007952,-0.09079762255075237,-0.036263159689327154
50.45,-0.16769972805650346,-0.09478958785476783,-0.07291014020173563
50.5,-0.18872130066779716,-0.0946223540029716,-0.09409894666482556
50.550000000000004,-0.18103600703220862,-0.08284226920661397,-0.09819373782559465
50.6,-0.1493994519762611,-0.05723219869791337,-0.09216725327834771
50.650000000000006,-0.10601586070935595,-0.022783057964164834,-0.08323280274519113
50.7,-0.059694670828430586,0.012874436313777297,-0.07256910714220788
50.75,-0.010637433998218808,0.04554853398134416,-0.05618596797956297
50.800000000000004,0.045122941355450544,0.07606453253018187,-0.03094159117473133
50.85,0.1066391075540568,0.10641033687827701,0.0002287706757797825
50.900000000000006,0.163163423806125,0.13502472064436655,0.028138703161758455
50.95,0.19822013994841023,0.156205633248456,0.04201450669995424
51.0,0.19966755382277723,0.16401937760373517,0.035648176219042066
51.050000000000004,0.16804651464057144,0.15660597725934944,0.011440537381221999
51.1,0.11708700957433466,0.13688252929153133,-0.019795519717196675
51.150000000000006,0.0661838147170387,0.10971790890238417,-0.04353409418534547
51.2,0.030181695546266662,0.07908891713685129,-0.048907221590584624
51.25,0.013188133539947364,0.04805743362074256,-0.034869300080795196
51.300000000000004,0.00987737729795277,0.020772847486620064,-0.010895470188667294
51.35,0.01239996603888416,0.003272407331918657,0.009127558706965503
51.400000000000006,0.017275242522666823,0.0012077395300838323,0.01606750299258299
51.45,0.027113039010160583,0.01615579908966898,0.010957239920491604
51.5,0.046399266578657915,0.04402063553386784,0.0023786310447900735
51.550000000000004,0.075578021305371,0.07725808482471444,-0.0016800635193434388
51.6,0.10910242567004765,0.10913520041990606,-3.277474985841078e-05
51.650000000000006,0.1394549738839946,0.13651420946556292,0.0029407644184316906
51.7,0.16332033655976214,0.159257596354083,0.0040627402056791495
51.75,0.1835545504950767,0.17746422596582986,0.006090324529246849
51.800000000000004,0.20426421095948397,0.18932557373107917,0.0149386372284048
51.85,0.22325698132875796,0.19127028065586268,0.031986700672895274
51.900000000000006,0.22964608852831944,0.17978949639413333,0.04985659213418611
51.95,0.21035958234289612,0.1532007416449767,0.057158840697919405
52.0,0.16080478591658104,0.11228908888813939,0.04851569702844165
52.050000000000004,0.09004589616281909,0.060013679914845464,0.030032216247973628
52.1,0.014948179786223951,0.0008552679061362958,0.014092911880087655
52.150000000000006,-0.05229426771209184,-0.06011480440089996,0.007820536688808118
52.2,-0.11229720724886044,-0.118640416905551,0.006343209656690552
52.25,-0.17487024424518455,-0.17277277808108907,-0.0020974661640954795
52.300000000000004,-0.24694517985729442,-0.223309174844889,-0.023636005012405426
52.35,-0.3232007129991401,-0.27230273037467007,-0.05089798262447004
52.400000000000006,-0.3879357260040277,-0.3201968599567022,-0.06773886604732549
52.45,-0.4261436384416911,-0.36349132676468515,-0.06265231167700597
52.5,-0.43336887860618306,-0.39474581973409456,-0.0386230588720885
52.550000000000004,-0.4157286607633597,-0.40512910852375855,-0.010599552239601129
52.6,-0.3813033990077317,-0.38798581369465,0.006682414686918325
52.650000000000006,-0.332021352470332,-0.3414088815442336,0.009387529073901613
52.7,-0.26361290183935504,-0.268711677434597,0.005098775595241967
52.75,-0.17245819047487948,-0.1769879645815376,0.004529774106658113
52.800000000000004,-0.06157467373976048,-0.07468479540976876,0.01311012167000828
52.85,0.059897874593918474,0.030770164986122242,0.02912770960779623
52.900000000000006,0.18157279088143774,0.13430293393559145,0.04726985694584629
52.95,0.2943971588708122,0.23267319514922427,0.06172396372158792
53.0,0.38802233247680534,0.3220181819511785,0.06600415052562686
53.050000000000004,0.4475702676516977,0.39479827510833587,0.052771992543361845
53.1,0.45669674426898316,0.43866115525705335,0.01803558901192981
53.150000000000006,0.4074790113787059,0.43928420075010144,-0.03180518937139554
53.2,0.30901994663923643,0.38680922502956244,-0.07778927839032601
53.25,0.18551836317061804,0.28256238659288074,-0.0970440234222627
53.300000000000004,0.06336255446690085,0.14173084495716884,-0.07836829049026799
53.35,-0.042627583558184266,-0.010300760978566987,-0.032326822579617276
53.400000000000006,-0.13220201469134285,-0.14641792886032154,0.014215914168978688
53.45,-0.21009678624566203,-0.24660222018770095,0.03650543394203892
53.5,-0.27382140676653394,-0.3026729797908606,0.02885157302432667
53.550000000000004,-0.3109495368573206,-0.3172005148713876,0.0062509780140670435
53.6,-0.30843345121491694,-0.2982523180890335,-0.010181133125883424
53.650000000000006,-0.26465375768753774,-0.2536574131304069,-0.010996344557130833
53.7,-0.1925796150784974,-0.1882206370817621,-0.004358977996735319
53.75,-0.11149834413147917,-0.10520565303917752,-0.0062926910923016555
53.800000000000004,-0.03573307670641799,-0.01058855760167635,-0.02514451910474164
53.85,0.029420299662838528,0.0835066446126506,-0.05408634494981207
53.900000000000006,0.0828323649715658,0.159783847943389,-0.0769514829718232
53.95,0.12140853225458692,0.20211341781607045,-0.08070488556148353
54.0,0.14061431075028757,0.20407732080360264,-0.06346301005331506
54.050000000000004,0.14094201957217656,0.17387063185134247,-0.03292861227916591
54.1,0.1318912197340811,0.13112855307568838,0.0007626666583927244
54.150000000000006,0.12703450505362673,0.09664863814348937,0.030385866910137366
54.2,0.1335700032262373,0.08158493122536659,0.05198507200087071
54.25,0.1467350445274302,0.08368794047582753,0.06304710405160266
54.300000000000004,0.1555122632144122,0.09301873161859968,0.062493531595812515
54.35,0.1546578451074899,0.10206742074631812,0.05259042436117177
54.400000000000006,0.15097214182944282,0.11170375595438432,0.0392683858750585
54.45,0.15677060453338204,0.12816529087936118,0.02860531365402086
54.5,0.17619666120230548,0.1542453638082537,0.021951297394051772
54.550000000000004,0.19772514680462883,0.1829602152077066,0.014764931596922215
54.6,0.20094354427521197,0.19966648638097714,0.0012770578942348232
54.650000000000006,0.17232232851978538,0.19103818187315794,-0.018715853353372558
54.7,0.11614099157336492,0.15344867460844266,-0.03730768303507774
54.75,0.05119552003608866,0.09433077195694523,-0.043135251920856564
54.800000000000004,-0.0031607264163816605,0.026606088449057215,-0.029766814865438876
54.85,-0.03913641667461413,-0.03812957097288021,-0.0010068457017339202
54.900000000000006,-0.06127846289086531,-0.09234952344268187,0.031071060551816555
54.95,-0.07752615562546109,-0.13115805115146353,0.05363189552600245
55.0,-0.09033649780194511,-0.15080514812729315,0.06046865032534804
55.050000000000004,-0.09579725847435251,-0.1502650005145765,0.05446774204022399
55.1,-0.08991753278539923,-0.13426736341553272,0.044349830630133494
55.150000000000006,-0.07487191260280734,-0.11332563426758097,0.03845372166477362
55.2,-0.059392784922472,-0.0988162167262038,0.039423431803731805
55.25,-0.05387429151875112,-0.0965569572297945,0.04268266571104338
55.300000000000004,-0.06503408215708964,-0.10470129251910529,0.03966721036201565
55.35,-0.09372407410008352,-0.11809810657925907,0.02437403247917555
55.400000000000006,-0.13559120914513315,-0.13491331488238098,-0.0006778942627521656
55.45,-0.1826049948530922,-0.15877147300750558,-0.023833521845586625
55.5,-0.22497659401281808,-0.19389149231853187,-0.031085101694286216
55.550000000000004,-0.254365753421371,-0.23775096593980918,-0.016614787481561838
55.6,-0.2677584805626463,-0.2786888160936794,0.01093033553103312
55.650000000000006,-0.2687744260214285,-0.3014832087429709,0.03270878272154243
55.7,-0.2637017482216689,-0.2964542922317077,0.0327525440100388
55.75,-0.2543183412584806,-0.2643435698353512,0.010025228576870604
55.800000000000004,-0.2340072769196268,-0.2133016581043281,-0.0207056188152987
55.85,-0.19214807350098603,-0.15166529970854112,-0.040482773792444915
55.900000000000006,-0.1242724373737985,-0.08357579062422144,-0.04069664674957707
55.95,-0.03894479525339013,-0.010777767581841525,-0.028167027671548606
56.0,0.04599343634536192,0.06279815083502686,-0.016804714489664946
56.050000000000004,0.11572368918662129,0.12983326813993543,-0.014109578953314134
56.1,0.1686738253924083,0.18398854632582928,-0.015314720933420983
56.150000000000006,0.21515535470849437,0.2255317611036938,-0.010376406395199433
56.2,0.2653328765107348,0.2617507528258194,0.003582123684915395
56.25,0.3175036995794988,0.3003472398951903,0.01715645968430851
56.300000000000004,0.3575643609890756,0.3410563694446767,0.016507991544398914
56.35,0.3701529039341098,0.3731836834009645,-0.003030779466854705
56.400000000000006,0.3511520716047156,0.3819749616864616,-0.03082289008174599
56.45,0.31026931250513085,0.3590377054663972,-0.04876839296126634
56.5,0.26192545506155607,0.3084494235668986,-0.04652396850534252
56.550000000000004,0.21333591605055427,0.2438270240336545,-0.03049110798310023
56.6,0.16048423390947616,0.17901821349313687,-0.01853397958366071
56.650000000000006,0.09465342357093302,0.11973687073047411,-0.025083447159541084
56.7,0.012596064517344739,0.06191941075110539,-0.04932334623376065
56.75,-0.07877627323740011,-0.0030310927473948326,-0.07574518049000528
56.800000000000004,-0.1661110399484473,-0.0805806459346567,-0.0855303940137906
56.85,-0.23703961516699418,-0.16796105526875527,-0.06907855989823891
56.900000000000006,-0.2847589490381893,-0.25389006165531725,-0.03086888738287208
56.95,-0.3076187046328552,-0.3224105490908319,0.01479184445797671
57.0,-0.3065831020940885,-0.3587660332217367,0.05218293112764821
57.050000000000004,-0.28404284213179665,-0.35506839634303894,0.07102555421124229
57.1,-0.2442606246014108,-0.31359534101188197,0.06933471641047118
57.150000000000006,-0.19332109049850887,-0.2460201930941619,0.052699102595653025
57.2,-0.1375809669352595,-0.16855722984851965,0.03097626291326014
57.25,-0.0822352913241015,-0.09557146349272534,0.013336172168623844
57.300000000000004,-0.03186760652680573,-0.03557571526962979,0.003708108742824061
57.35,0.00790023742824176,0.008157235412043008,-0.0002569979838012472
57.400000000000006,0.030760627946251506,0.034064998807326066,-0.00330437086107456
57.45,0.03349187614264696,0.04020492922955441,-0.00671305308690745
57.5,0.020246514203683005,0.026429614128188554,-0.006183099924505549
57.550000000000004,0.0024724074554599903,-0.0010865611687633906,0.003558968624223381
57.6,-0.007033194614153274,-0.028305433812988886,0.021272239198835613
57.650000000000006,-0.0015844509573225802,-0.03835495177302973,0.036770500815707145
57.7,0.016865834836089135,-0.02078561010185512,0.037651444937944256
57.75,0.04213984110170649,0.021967495389922573,0.020172345711783914
57.800000000000004,0.07039326515838555,0.07649774126161613,-0.0061044761032305744
57.85,0.10197005955491185,0.12744687641154614,-0.02547681685663429
57.900000000000006,0.13684225010463968,0.16620219576407808,-0.02935994565943839
57.95,0.1690480606371715,0.19226122631817033,-0.02321316568099882
58.0,0.18704338444824953,0.20714477762725778,-0.020101393179008248
58.050000000000004,0.18088466332436373,0.2077461806966906,-0.026861517372326865
58.1,0.14980221411704744,0.186409656305093,-0.03660744218804557
58.150000000000006,0.10283596999620502,0.138272974609382,-0.03543700461317699
58.2,0.05194153020863793,0.06887260939192207,-0.016931079183284133
58.25,0.0043730506760717835,-0.0059349079141444525,0.010307958590216236
58.300000000000004,-0.03857565883199459,-0.0688180320269341,0.030242373194939505
58.35,-0.0764963519273268,-0.11134241261361841,0.034846060686291605
58.400000000000006,-0.10529290811784627,-0.13686911686710163,0.03157620874925536
58.45,-0.1190380658628147,-0.15373436295963155,0.03469629709681686
58.5,-0.11650168248052412,-0.16551687149743693,0.04901518901691282
58.550000000000004,-0.10460493404107259,-0.1678671462905858,0.06326221224951321
58.6,-0.09368793186897574,-0.15485384300003804,0.0611659111310623
58.650000000000006,-0.08835496806709,-0.12811303594525558,0.039758067878165576
58.7,-0.08325944271600194,-0.09868633771610988,0.015426895000107937
58.75,-0.06893938120786246,-0.07811715750822416,0.009177776300361706
58.800000000000004,-0.042499801737264434,-0.06630817833321098,0.023808376595946548
58.85,-0.012248007095207132,-0.048366450248859445,0.03611844315365231
58.900000000000006,0.009188214177905532,-0.005840495784045386,0.01502870996195092
58.95,0.017101311790450317,0.06533468750684276,-0.04823337571639245
59.0,0.02007636698006307,0.14551503593117737,-0.1254386689511143
59.050000000000004,0.03239431560731268,0.20050352386059475,-0.16810920825328207
59.1,0.060069534643907886,0.20415794298851475,-0.14408840834460687
59.150000000000006,0.09383908054392487,0.15756913963975247,-0.0637300590958276
59.2,0.11621125743052745,0.08958208369689609,0.026629173733631356
59.25,0.11636924115991157,0.03776199382545259,0.07860724733445898
59.300000000000004,0.09922985057195148,0.02417807654217601,0.07505177402977548
59.35,0.08051831996379592,0.043949135643379454,0.03656918432041647
59.400000000000006,0.07283647656002915,0.07368296123917051,-0.0008464846791413627
59.45,0.07573672677238374,0.09116789828726567,-0.015431171514881922
59.5,0.07842771662661945,0.09010311696380395,-0.011675400337184505
59.550000000000004,0.07169823785776991,0.07981845682882031,-0.008120218971050405
59.6,0.0576067343890446,0.07342474963527212,-0.015818015246227522
59.650000000000006,0.048470433661704886,0.07657334212372555,-0.02810290846202066
59.7,0.0568817251606129,0.0861201476826727,-0.029238422522059805
59.75,0.0858800945253003,0.09742324702322422,-0.011543152497923925
59.800000000000004,0.12687622350643343,0.11111001049418548,0.015766213012247954
59.85,0.16534765582799005,0.1318628861532524,0.03348476967473765
59.900000000000006,0.18850130887250416,0.16057117071399635,0.02793013815850781
59.95,0.18958287751025746,0.18816176573058238,0.0014211117796750772
60.0,0.16800928823278216,0.1979973484060877,-0.029988060173305547
60.050000000000004,0.12764614290987722,0.17568538343941123,-0.04803924052953401
60.1,0.07501196555558137,0.1183581768407402,-0.04334621128515882
60.150000000000006,0.01729565519420277,0.03616075373683708,-0.018865098542634313
60.2,-0.04001152781965183,-0.05433760636178157,0.014326078542129736
60.25,-0.094480958160896,-0.13866016702438505,0.044179208863489056
60.300000000000004,-0.14539642678178916,-0.2084878723444802,0.06309144556269106
60.35,-0.19043074144898045,-0.26016174603331793,0.06973100458433748
60.400000000000006,-0.22391085102189626,-0.29158930106997566,0.0676784500480794
60.45,-0.23962425298973147,-0.3017184600258179,0.06209420703608645
60.5,-0.23669463696201015,-0.29275345916021006,0.05605882219819991
60.550000000000004,-0.2230780753262255,-0.2718186860792283,0.04874061075300282
60.6,-0.21234590258781008,-0.24933721553533567,0.036991312947525584
60.650000000000006,-0.21530584416883033,-0.2348699394742294,0.01956409530539907
60.7,-0.23308133111635068,-0.23353086979313065,0.00044953867677996473
60.75,-0.2572412628363382,-0.24501006841058148,-0.012231194425756708
60.800000000000004,-0.2761840536060729,-0.2644100323322165,-0.011774021273856405
60.85,-0.28154032007579527,-0.2830209163348644,0.0014805962590691557
60.900000000000006,-0.2693082240231208,-0.28891606699469885,0.019607842971578027
60.95,-0.23659969390304134,-0.2692686098732392,0.03266891597019786
61.0,-0.17961906446724274,-0.21543863514989728,0.03581957068265454
61.050000000000004,-0.0967217452677464,-0.1284309008399829,0.0317091555722365
61.1,0.005972577818471441,-0.020132303888790393,0.026104881707261836
61.150000000000006,0.11292248897907325,0.09190969954280266,0.021012789436270593
61.2,0.20493624712123953,0.19288986167667607,0.012046385444563462
61.25,0.2685740903850455,0.2756879964964603,-0.007113906111414825
61.300000000000004,0.3013546878579906,0.33845574054570726,-0.037101052687716685
61.35,0.30854725346278256,0.37786445638602095,-0.0693172029232384
61.400000000000006,0.2952036858801131,0.3855601308478211,-0.090356444967708
61.45,0.2614183151344395,0.3526712938751344,-0.09125297874069488
61.5,0.20528964528705468,0.27931306191464306,-0.07402341662758838
61.550000000000004,0.13023285445980165,0.18034945059164326,-0.050116596131841606
61.6,0.04889061239861893,0.08098669499930114,-0.03209608260068221
61.650000000000006,-0.020912356132785116,0.00437896803923345,-0.025291324172018567
61.7,-0.06527178922987693,-0.039493906249736095,-0.02577788298014084
61.75,-0.08097999470080594,-0.05544613118040979,-0.025533863520396154
61.800000000000004,-0.0749849451320951,-0.055136478509275645,-0.01984846662281945
61.85,-0.05797639817144329,-0.04722237477786125,-0.010754023393582036
61.900000000000006,-0.03782537032216256,-0.0337144396637085,-0.004110930658454061
61.95,-0.01738908659990318,-0.013947737835844066,-0.003441348764059115
62.0,0.0033548939264983397,0.00946676571100284,-0.006111871784504501
62.050000000000004,0.02409630279356938,0.029270170004748717,-0.005173867211179337
62.1,0.04270981334773605,0.03795732799279283,0.0047524853549432144
62.150000000000006,0.0558285887211172,0.0332809305794528,0.0225476581416644
62.2,0.060206429950823814,0.019472576354200508,0.04073385359662331
62.25,0.05385751926579534,0.0033251319204101377,0.0505323873453852
62.300000000000004,0.03674947475978097,-0.010919403714743738,0.04766887847452471
62.35,0.010885900691922195,-0.023487799305457243,0.03437369999737944
62.400000000000006,-0.020588616526366815,-0.037091538966893246,0.01650292244052643
62.45,-0.05497385536432071,-0.05388795153452583,-0.0010859038297948778
62.5,-0.09080786888604543,-0.07420055407689485,-0.016607314809150578
62.550000000000004,-0.12645220626164588,-0.09697773856574603,-0.029474467695899856
62.6,-0.15723834599142708,-0.11998792776270868,-0.0372504182287184
62.650000000000006,-0.17434714457523978,-0.13882202544158354,-0.03552511913365625
62.7,-0.16809390300907856,-0.14628157971514044,-0.02181232329393812
62.75,-0.1343167391912342,-0.13432104444237603,4.3052511418117945e-06
62.800000000000004,-0.07864978481008397,-0.09830673521953397,0.019656950409449994
62.85,-0.014112099219236493,-0.04049953237139289,0.0263874331521564
62.900000000000006,0.04691909263065734,0.03029784699801994,0.0166212456326374
62.95,0.09967784548813473,0.1027604173152271,-0.003082571827092373
63.0,0.14657070440786285,0.1673709993988348,-0.02080029499097194
63.050000000000004,0.18971571397498935,0.21787002709388473,-0.02815431311889538
63.1,0.22383044374131922,0.24990547570841423,-0.026075031967095014
63.150000000000006,0.23700176562709072,0.2597605052004356,-0.02275873957334487
63.2,0.2195165820496704,0.2453643754264141,-0.0258477933767437
63.25,0.1729564291362313,0.20855654972059937,-0.03560012058436807
63.300000000000004,0.11104553208097595,0.1555895353177326,-0.04454400323675664
63.35,0.05121237506125923,0.09455609401635418,-0.043343718955094944
63.400000000000006,0.004299427757312753,0.032003282975555984,-0.027703855218243232
63.45,-0.02886820578223968,-0.02773380430697451,-0.0011344014752651711
63.5,-0.0522977259129476,-0.07982956951568382,0.027531843602736215
63.550000000000004,-0.067372559960329,-0.11642074558118343,0.04904818562085443
63.6,-0.07079339624455078,-0.12843843479864375,0.057645038554092976
63.650000000000006,-0.05930282023407662,-0.11184690482899107,0.05254408459491445
63.7,-0.03548802525174176,-0.07313822228559402,0.037650197033852265
63.75,-0.008223530255859502,-0.0282999077731815,0.020076377517321997
63.800000000000004,0.012803391933614324,0.0052978697248117395,0.007505522208802584
63.85,0.023039192199245013,0.01824657380452646,0.0047926183947185515
63.900000000000006,0.02403904940281631,0.012501497126160263,0.011537552276656048
63.95,0.019494716571260035,-0.0031044064058857943,0.02259912297714583
64.0,0.01112730203254715,-0.02038953625720146,0.03151683828974861
64.05,-0.0015055315587084535,-0.03573041765562159,0.03422488609691314
64.10000000000001,-0.01809788877401213,-0.048310305210272575,0.030212416436260443
64.15,-0.03565568670323162,-0.05668243546379648,0.02102674876056486
64.2,-0.049889399521153066,-0.05867966604149741,0.008790266520344342
64.25,-0.05808091818908412,-0.0548772385814268,-0.0032036796076573212
64.3,-0.0599677764626113,-0.05062069007943147,-0.009347086383179826
64.35000000000001,-0.05592136216916585,-0.05221439640928274,-0.0037069657598831074
64.4,-0.045191146521145385,-0.05927078869387848,0.014079642172733095
64.45,-0.026813265390737938,-0.06086372724597449,0.03405046185523655
64.5,-0.0020926126759805287,-0.041390565045255324,0.039297952369274795
64.55,0.02494407904569997,0.006581929357974759,0.01836214968772521
64.60000000000001,0.05050978380379646,0.0728721739064174,-0.022362390102620935
64.65,0.07414239013964358,0.13283816085957662,-0.05869577071993304
64.7,0.0973940595411638,0.1623373290496291,-0.06494326950846531
64.75,0.11832508166278048,0.15341652511931292,-0.03509144345653244
64.8,0.12796013853842284,0.11842503420575808,0.00953510433266476
64.85000000000001,0.11468175304973806,0.07948938624055017,0.035192366809187886
64.9,0.07475914422260552,0.052072765073402714,0.022686379149202802
64.95,0.019268917616260924,0.03556306971334004,-0.01629415209707912
65.0,-0.031179129526003126,0.017279732673672166,-0.048458862199675296
65.05,-0.06151772990976389,-0.014844492454930708,-0.04667323745483318
65.10000000000001,-0.07403928021669125,-0.06177160608125778,-0.01226767413543347
65.15,-0.08505913496170674,-0.11261582955860447,0.027556694596897732
65.2,-0.10810109316925186,-0.15248460478225725,0.0443835116130054
65.25,-0.1388395248420434,-0.17153284449463682,0.03269331965259342
65.3,-0.15673953423231277,-0.1687009605109453,0.011961426278632531
65.35000000000001,-0.14317511267069136,-0.14929967581277087,0.006124563142079514
65.4,-0.09973812362320746,-0.12035851049210296,0.0206203868688955
65.45,-0.04931614242506997,-0.08781901129364822,0.03850286886857825
65.5,-0.018177716674540538,-0.056438871120641075,0.03826115444610054
65.55,-0.015124332732451404,-0.03052768717942747,0.015403354446976067
65.60000000000001,-0.02657243514446556,-0.01369166528797641,-0.012880769856489149
65.65,-0.03139643343625822,-0.007652433826374977,-0.023743999609883243
65.7,-0.02096887882664276,-0.011451387032670273,-0.009517491793972488
65.75,-0.0056918877120434586,-0.021840023533155513,0.016148135821112054
65.8,-0.002963212661724232,-0.034437062228863884,0.03147384956713965
65.85000000000001,-0.019257763070425492,-0.04484910235420174,0.025591339283776247
65.9,-0.04371464899094669,-0.04957339213384889,0.0058587431429022035
65.95,-0.05853387466162197,-0.046983622086475114,-0.011550252575146858
66.0,-0.05522117327186044,-0.03823773093555364,-0.016983442336306803
66.05,-0.04110687927689504,-0.027179196596497538,-0.013927682680397502
66.10000000000001,-0.031058429932788553,-0.018517454757395864,-0.01254097517539269
66.15,-0.03352275917992792,-0.014997513569599576,-0.018525245610328343
66.2,-0.04406717471489612,-0.015549469772101794,-0.028517704942794327
66.25,-0.05082263872768859,-0.016002892897354442,-0.03481974583033415
66.3,-0.04476139768160713,-0.011930136100532063,-0.03283126158107507
66.35000000000001,-0.02496068248677765,-0.0013735239352289156,-0.023587158551548734
66.4,0.0039053473138942144,0.014605849218484426,-0.010700501904590211
66.45,0.03654818660774846,0.03358258281487873,0.0029656037928697324
66.5,0.0686485175148533,0.053731292366989696,0.01491722514786361
66.55,0.09517165000884491,0.07422591690818632,0.020945733100658587
66.60000000000001,0.11004202144692982,0.09399139349279967,0.016050627954130148
66.65,0.10943557269368526,0.11039048032902304,-0.0009549076353377872
66.7,0.09517580733111439,0.1193435289196261,-0.024167721588511715
66.75,0.07330160358110517,0.11683239629715345,-0.043530792716048275
66.8,0.048272661586043666,0.10049255209405765,-0.05221989050801398
66.85000000000001,0.01929095360315536,0.0703127780241648,-0.05102182442100944
66.9,-0.015975252732893144,0.02876104945192053,-0.04473630218481367
66.95,-0.05325738431525164,-0.018760225237987416,-0.03449715907726422
67.0,-0.07858435110154988,-0.06319766848805101,-0.015386682613498862
67.05,-0.07610538012941273,-0.09238974039815039,0.016284360268737655
67.10000000000001,-0.04149841941783144,-0.094399864528851,0.05290144511101957
67.15,0.011795349010806562,-0.06309653265250816,0.07489188166331472
67.2,0.061067181214764225,-0.0028697079202153,0.06393688913497952
67.25,0.09124085616851604,0.07118334650115048,0.020057509667365567
67.3,0.1049696191653937,0.1387951582318897,-0.033825539066496005
67.35000000000001,0.11645197736876953,0.18309569346496862,-0.0666437160961991
67.4,0.13494270234561162,0.1972396166438693,-0.06229691429825768
67.45,0.153987654202575,0.18531869706026086,-0.03133104285768587
67.5,0.15684694843218755,0.15760664084151155,-0.0007596924093239976
67.55,0.13269217269200595,0.12378508679553331,0.008907085896472641
67.60000000000001,0.0876928092528338,0.08863041136368585,-0.0009376021108520455
67.65,0.04036223958395852,0.052342658928583044,-0.011980419344624522
67.7,0.006036090155415308,0.014176547223068882,-0.008140457067653574
67.75,-0.014467045152640868,-0.024121521990911294,0.009654476838270426
67.8,-0.031904902359569276,-0.05796552505093469,0.026060622691365415
67.85000000000001,-0.05573049071653395,-0.08285662490925769,0.027126134192723736
67.9,-0.08469527251194854,-0.0980401399820111,0.013344867470062555
67.95,-0.10944464200256801,-0.10762756514582772,-0.0018170768567402906
68.0,-0.12269793862967976,-0.11778171024455851,-0.004916228385121249
68.05,-0.12544036344632173,-0.1316898109620612,0.00624944751573947
68.10000000000001,-0.12307582282131388,-0.1460801070617461,0.023004284240432216
68.15,-0.1169931679904986,-0.152267224137433,0.03527405614693439
68.2,-0.10185156615513259,-0.1414915971010747,0.03964003094594211
68.25,-0.07214220195766496,-0.11100193973913106,0.03885973778146609
68.3,-0.03092466834374046,-0.06656166686665385,0.035636998522913396
68.35000000000001,0.009226459187064582,-0.019600383696347187,0.02882684288341177
68.4,0.035012643013610116,0.018841445599678465,0.01617119741393165
68.45,0.042631909014520825,0.04305275198540398,-0.00042084297088315625
68.5,0.03952545301177883,0.053449764991907255,-0.013924311980128425
68.55,0.036350177039608224,0.053737078360531924,-0.0173869013209237
68.60000000000001,0.03748637926918059,0.047599416345038385,-0.010113037075857798
68.65,0.0391083807577278,0.03768425344883353,0.0014241273088942755
68.7,0.03548040576729413,0.0268367467217093,0.008643659045584829
68.75,0.025931906234267662,0.019193361584595007,0.006738544649672655
68.8,0.015355014777865569,0.019076505335685636,-0.003721490557820067
68.85000000000001,0.008822255318852069,0.028182909337033,-0.019360654018180934
68.9,0.007085331609033236,0.04366474776992611,-0.03657941616089288
68.95,0.007762444231233252,0.05919733844648637,-0.051434894215253116
69.0,0.009849269503135317,0.06848528686404319,-0.05863601736090787
69.05,0.01538111096938821,0.06848895779145069,-0.053107846822062474
69.10000000000001,0.025953227991152808,0.06006127993164798,-0.034108051940495175
69.15,0.03857633203620792,0.04617513759329975,-0.007598805557091824
69.2,0.046743815160849196,0.02994855972877656,0.016795255432072637
69.25,0.04657807039751774,0.01426483542182467,0.03231323497569307
69.3,0.04132028871169132,0.0025383174998494856,0.038781971211841834
69.35000000000001,0.03827484653992413,-0.0013938546732155867,0.039668701213139715
69.4,0.04045705271017344,0.004613220309206028,0.03584383240096741
69.45,0.04182289196873918,0.01825638149591871,0.02356651047282047
69.5,0.03216981348654759,0.032206651215919535,-3.6837729371942685e-05
69.55,0.007733597980825322,0.037191616649123425,-0.029458018668298103
69.60000000000001,-0.023250730590664556,0.027122317541488448,-0.050373048132153
69.65,-0.04642035967153799,0.0026719519617587357,-0.04909231163329673
69.7,-0.05341329403145206,-0.029216363323202477,-0.024196930708249586
69.75,-0.048279450939597957,-0.0592249286141811,0.010945477674583141
69.8,-0.04170513504599152,-0.07986535502654313,0.03816021998055161
69.85000000000001,-0.03907406925540404,-0.08729941811260823,0.04822534885720419
69.9,-0.03487578503369155,-0.08065531808603726,0.045779533052345715
69.95,-0.01943449092102656,-0.06084944905086905,0.04141495812984249
70.0,0.009007268441895587,-0.03067587523365353,0.039683143675549114
70.05,0.03961062652712617,0.004164949603562904,0.03544567692356327
70.10000000000001,0.0568817901363058,0.03504212042649592,0.021839669709809884
70.15,0.053400320582376835,0.052745459153862743,0.0006548614285140919
70.2,0.034660769290583884,0.051365917063711096,-0.01670514777312721
70.25,0.011767662929774426,0.031167526329777154,-0.01939986340000273
70.3,-0.009618501318710925,-0.0016242130592657217,-0.007994288259445204
70.35000000000001,-0.03226688596261855,-0.03799077657461836,0.005723890611999807
70.4,-0.05981564554310587,-0.07011162432842745,0.010295978785321576
70.45,-0.08803948196417205,-0.09381342361962422,0.005773941655452169
70.5,-0.10569383362680701,-0.10856518475296602,0.002871351126159008
70.55,-0.10494640223774339,-0.11582509400560267,0.010878691767859286
70.60000000000001,-0.09023146671200237,-0.11723939915454828,0.027007932442545915
70.65,-0.07521223750357005,-0.11372153097577856,0.03850929347220851
70.7,-0.07000827922377786,-0.10556399200753432,0.03555571278375645
70.75,-0.07170937614804004,-0.09316918814049414,0.0214598119924541
70.8,-0.06843113114672436,-0.0778322372323894,0.009401106085665037
70.85000000000001,-0.05311370622297791,-0.0620355889486583,0.00892188272568039
70.9,-0.032621366780091275,-0.04887492587013241,0.016253559090041135
70.95,-0.022073949460460113,-0.04069331800200304,0.01861936854154293
71.0,-0.029642970659265636,-0.03767526336079499,0.008032292701529355
71.05,-0.04736547852704745,-0.03749001410597534,-0.009875464421072108
71.10000000000001,-0.05777810632126199,-0.03652408105167323,-0.021254025269588764
71.15,-0.050005406677649945,-0.03200217649106197,-0.018003230186587976
71.2,-0.02912634997662941,-0.023393909075307574,-0.005732440901321835
71.25,-0.009549438360710111,-0.011919568355960851,0.00237012999525074
71.3,0.00034527667100814525,0.0014348290272927782,-0.001089552356284633
71.35000000000001,0.006157218890664239,0.01754954738178752,-0.011392328491123281
71.4,0.01994121412953606,0.03873158871840584,-0.018790374588869778
71.45,0.04562505228390288,0.06624127243729647,-0.020616220153393587
71.5,0.07322610001144943,0.09774329812379053,-0.0245171981123411
71.55,0.08821283214196365,0.1269823271966817,-0.03876949505471805
71.60000000000001,0.08601122889493844,0.14633629076454727,-0.06032506186960883
71.65,0.07598293662439787,0.15061935807329718,-0.07463642144889931
71.7,0.07045519478818861,0.13952080409254466,-0.06906560930435605
71.75,0.07068934368418131,0.11717073515847473,-0.04648139147429342
71.8,0.06545257016806565,0.08951796265776199,-0.024065392489696344
71.85000000000001,0.04458913424788115,0.06164404137413906,-0.017054907126257908
71.9,0.013425380992792653,0.03675828474820071,-0.023332903755408058
71.95,-0.00820474688145718,0.016959700596752728,-0.02516444747820991
72.0,-0.003131816281586509,0.0044214125825400375,-0.007553228864126547
72.05,0.026217263791967982,0.0015581783514203493,0.024659085440547634
72.10000000000001,0.05849422203615207,0.009842866389035513,0.04865135564711656
72.15,0.0719919171516166,0.028184084410309205,0.043807832741307395
72.2,0.063353269299108,0.05218771874708742,0.011165550552020585
72.25,0.048252528939305955,0.07503295168862495,-0.026780422749318994
72.3,0.04381507505398985,0.08966955111979935,-0.0458544760658095
72.35000000000001,0.0507884034652956,0.09130088292861512,-0.04051247946331951
72.4,0.05347104159134811,0.07901323158434533,-0.025542189992997212
72.45,0.037141540837250124,0.055875001070806035,-0.01873346023355591
72.5,0.004838885142212771,0.027560674655965903,-0.022721789513753133
72.55,-0.02394058600689484,0.00021205190511703145,-0.02415263791201187
72.60000000000001,-0.03154974420100564,-0.02146576949327739,-0.01008397470772825
72.65,-0.019055118447019924,-0.03511890678160817,0.01606378833458825
72.7,-0.004665004078140796,-0.04055666869394798,0.03589166461580719
72.75,-0.005389597472099523,-0.038970617950062056,0.033581020477962534
72.8,-0.020410095993703768,-0.0322333299210415,0.01182323392733773
72.85000000000001,-0.03263085606474097,-0.02256964415714617,-0.010061211907594798
72.9,-0.02639080166231049,-0.012361643431372499,-0.01402915823093799
72.95,-0.0032425645015349454,-0.003695351728244636,0.0004527872267096906
73.0,0.01984728109568528,0.0023634237622475168,0.017483857333437762
73.05,0.02749982900452608,0.006265690850622575,0.021234138153903508
73.10000000000001,0.020668518522993697,0.009685027227547275,0.010983491295446422
73.15,0.014549444591330191,0.014412919168465094,0.0001365254228650973
73.2,0.022427419201591997,0.02111883314616087,0.0013085860554311254
73.25,0.042143588824060614,0.028837573923507956,0.013306014900552658
73.3,0.058553249052978915,0.035513347769615795,0.02303990128336312
73.35000000000001,0.05881126857675996,0.039133167785111216,0.019678100791648744
73.4,0.04468264176474556,0.038617270082379085,0.006065371682366476
73.45,0.02979862975279911,0.03397379667095249,-0.004175166918153377
73.5,0.025379085990241843,0.02588584728361921,-0.0005067612933773689
73.55,0.029246244119855252,0.015253618990086926,0.013992625129768326
73.60000000000001,0.028885104213578608,0.0030110541577053665,0.025874050055873243
73.65,0.014732830414937772,-0.009901301407483682,0.024634131822421454
73.7,-0.010081752189726421,-0.022691861076952473,0.012610108887226051
73.75,-0.03301404374888136,-0.03503578898575779,0.0020217452368764335
73.8,-0.04441813784054983,-0.04725552384591958,0.0028373860053697506
73.85000000000001,-0.04627489409033429,-0.06006413220387603,0.01378923811354174
73.9,-0.04909631324409518,-0.07393673276733406,0.024840419523238885
73.95,-0.060915064879665116,-0.08853058428664078,0.02761551940697566
74.0,-0.07960189907677716,-0.10255699850716278,0.022955099430385623
74.05,-0.09548283155049954,-0.11415609583877827,0.01867326428827873
74.10000000000001,-0.10062500781081789,-0.12150909848957259,0.0208840906787547
74.15,-0.09525799665693346,-0.12341440668730415,0.028156410030370685
74.2,-0.08585241989810131,-0.11973494698660866,0.03388252708850735
74.25,-0.07818857009102945,-0.11167191699520973,0.03348334690418028
74.3,-0.07297106369514177,-0.10164870400973944,0.02867764031459767
74.35000000000001,-0.0675917716896937,-0.09251077830538548,0.024919006615691783
74.4,-0.060691870064722465,-0.08610767928182478,0.025415809217102313
74.45,-0.05384855372507737,-0.08198731504663649,0.028138761321559125
74.5,-0.048854509550245194,-0.07725285136222475,0.028398341811979554
74.55,-0.04439465521754684,-0.06805744486712728,0.02366278964958044
74.60000000000001,-0.03642551436036843,-0.05197652361299458,0.015551009252626154
74.65,-0.022061635606016986,-0.029612417386576155,0.007550781780559169
74.7,-0.0026872280826290267,-0.004179882408359386,0.0014926543257303589
74.75,0.017050233730790145,0.020627880909542165,-0.00357764717875202
74.8,0.03304537113759862,0.042737682608346456,-0.009692311470747839
74.85000000000001,0.044089838891622456,0.061993367705302956,-0.0179035288136805
74.9,0.05059103609682012,0.07847951226538609,-0.02788847616856597
74.95,0.051942655825070065,0.09057001378277167,-0.03862735795770161
75.0,0.04638500388606242,0.0948223906643549,-0.04843738677829248
75.05,0.03394850724477903,0.08827997423623131,-0.054331466991452276
75.10000000000001,0.018850032902460224,0.0714714874564138,-0.052621454553953576
75.15,0.0076668951027303355,0.049452981511379626,-0.04178608640864929
75.2,0.004218790376913735,0.029610247675960797,-0.025391457299047064
75.25,0.006294302290896864,0.01758455905420644,-0.011290256763309577
75.3,0.008115881501540445,0.014342991121466636,-0.006227109619926192
75.35000000000001,0.006545577832899711,0.016587654086982907,-0.010042076254083196
75.4,0.0046923230834700945,0.020017112381785482,-0.015324789298315388
75.45,0.008799426388386055,0.022684260896672092,-0.013884834508286037
75.5,0.021201392659076355,0.025771198542412183,-0.004569805883335828
75.55,0.03658441750377725,0.031421909125463485,0.005162508378313765
75.60000000000001,0.04580920777572458,0.03979488865059084,0.006014319125133741
75.65,0.04390021297218467,0.04804721361910627,-0.0041470006469216045
75.7,0.03434501310537409,0.052142616819746974,-0.017797603714372882
75.75,0.02539127557021336,0.04986875701445489,-0.024477481444241528
75.8,0.022097651278284683,0.04246232799828382,-0.020364676719999135
75.85000000000001,0.02216021129729092,0.03354817729331716,-0.01138796599602624
75.9,0.019508561729612302,0.0264252976846263,-0.006916735955013999
75.95,0.011520713074779164,0.02199547738281716,-0.010474764308037995
76.0,0.002011386043265719,0.01883400828685574,-0.016822622243590022
76.05,-0.003160216147001468,0.014943373592757072,-0.01810358973975854
76.10000000000001,-0.0029101792247940867,0.009444463082210853,-0.01235464230700494
76.15,-0.0024296516653876114,0.002880989727369183,-0.005310641392756795
76.2,-0.0073245312965588,-0.0036868281721388722,-0.0036377031244199274
76.25,-0.016607624055832538,-0.0095844438421752,-0.007023180213657339
76.3,-0.022568580156017384,-0.01453705036793283,-0.008031529788084555
76.35000000000001,-0.018518723091347025,-0.01807848952204624,-0.0004402335693007853
76.4,-0.006652690461740586,-0.019326028456842937,0.012673337995102351
76.45,0.002751465960574926,-0.01759559171095162,0.020347057671526548
76.5,0.0011023157338019714,-0.013248618983849391,0.014350934717651363
76.55,-0.009099464907068491,-0.007718229148701634,-0.001381235758366857
76.60000000000001,-0.015193267049851307,-0.002404578085193441,-0.012788688964657867
76.65,-0.0058310548060095755,0.002664343285512825,-0.0084953980915224
76.7,0.017605310282538485,0.009093421930410526,0.00851188835212796
76.75,0.041020686296808107,0.01885590729434699,0.022164779002461117
76.80000000000001,0.04979288078901174,0.03241943471464219,0.017373446074369553
76.85000000000001,0.0419213932819575,0.047750113882055904,-0.005828720600098404
76.9,0.02956206835408382,0.06095200355300318,-0.03138993519891936
76.95,0.027289799070600296,0.06800301200804144,-0.04071321293744115
77.0,0.03818723944315927,0.06638237593895431,-0.02819513649579504
77.05000000000001,0.05098401265554769,0.05580736871933203,-0.00482335606378434
77.10000000000001,0.050823977784472556,0.03816002432274788,0.012663953461724678
77.15,0.03319564546573729,0.017036462955734438,0.016159182510002854
77.2,0.007804431666723934,-0.0030033316527740927,0.010807763319498027
77.25,-0.010815456961254341,-0.01775421174134065,0.00693875478008631
77.30000000000001,-0.016395396660001154,-0.025150119147015478,0.008754722487014324
77.35000000000001,-0.0151634359616155,-0.026557012537128763,0.011393576575513263
77.4,-0.017933555314063727,-0.026327766183616468,0.008394210869552741
77.45,-0.02874222916025851,-0.029343665585168877,0.0006014364249103676
77.5,-0.04144470548283807,-0.03790439788381345,-0.003540307599024621
77.55000000000001,-0.04690835615715126,-0.050133591359321515,0.0032252352021702527
77.60000000000001,-0.04254131185617678,-0.06110078302554972,0.01855947116937294
77.65,-0.034050186333660755,-0.06580608646567156,0.0317559001320108
77.7,-0.028077243025186032,-0.0618186953802532,0.03374145235506716
77.75,-0.02426673285882076,-0.04990418678411111,0.025637453925290352
77.80000000000001,-0.015859538426340605,-0.03283434717600052,0.016974808749659915
77.85000000000001,0.0014611383742891937,-0.013937545167040096,0.01539868354132929
77.9,0.022102627273108612,0.0034134804765448613,0.01868914679656375
77.95,0.03333581665293925,0.0156914501275181,0.01764436652542115
78.0,0.026685109420989436,0.01971015993494332,0.006974949486046118
78.05000000000001,0.006843096132963669,0.014209659737694261,-0.0073665636047305924
78.10000000000001,-0.011352014266156073,0.001404827913654214,-0.012756842179810287
78.15,-0.01574833473320418,-0.013261712223312707,-0.0024866225098914736
78.2,-0.007388047183069986,-0.02365894475387528,0.01627089757080529
78.25,0.0015368422190573062,-0.026223272656452874,0.02776011487551018
78.30000000000001,0.0002503640960319964,-0.021541646148215434,0.021792010244247432
78.35000000000001,-0.010001142839098639,-0.013236149639932566,0.0032350068008339273
78.4,-0.01783936065386618,-0.005401421239340235,-0.012437939414525943
78.45,-0.014131091915029932,-0.0008204840423215339,-0.013310607872708399
78.5,-0.0022433941424292027,-0.0009644435433284388,-0.0012789505991007638
78.55000000000001,0.004365042254335609,-0.006755534510639071,0.011120576764974681
78.60000000000001,-0.004974045139338081,-0.018463324354414043,0.013489279215075962
78.65,-0.027567146324020096,-0.03456762511629778,0.007000478792277685
78.7,-0.0496308290056555,-0.05125225338431828,0.001621424378662785
78.75,-0.0590927493795148,-0.0640966610469653,0.005003911667450504
78.80000000000001,-0.05614048663736795,-0.07121616959447939,0.015075682957111439
78.85000000000001,-0.05120850634821853,-0.07489320996103595,0.023684703612817416
78.9,-0.052924602520345775,-0.07933669724682459,0.02641209472647881
78.95,-0.058633184745604736,-0.08568496044960919,0.027051775704004452
79.0,-0.05721443269299729,-0.0886321505859047,0.03141771789290742
79.05000000000001,-0.04108211380306176,-0.07860379341936578,0.037521679616304024
79.10000000000001,-0.014716626355843861,-0.048924668891312,0.034208042535468136
79.15,0.009281004170895243,-0.0026002004298781773,0.01188120460077342
79.2,0.022566695438849378,0.04727034919467478,-0.0247036537558254
79.25,0.028863286820247983,0.08471421472412038,-0.0558509279038724
79.30000000000001,0.03879294477132941,0.10070818980382755,-0.06191524503249814
79.35000000000001,0.05691580729739041,0.09815855278520755,-0.04124274548781714
79.4,0.07471333033802055,0.08832997038586367,-0.013616640047843118
79.45,0.07761638260243338,0.08182530063295496,-0.004208918030521577
79.5,0.059722181751601086,0.08133248771173243,-0.021610305960131346
79.55000000000001,0.03130751390432173,0.08142095755514206,-0.05011344365082033
79.60000000000001,0.010758068767417138,0.07462475628074296,-0.06386668751332582
79.65,0.008028955229653061,0.05820747337197331,-0.050178518142320244
79.7,0.01572223508766831,0.03624716254731511,-0.020524927459646798
79.75,0.016925645510049606,0.016212864540610824,0.0007127809694387824
79.80000000000001,0.0025528197666888084,0.0036871706229359698,-0.0011343508562471614
79.85000000000001,-0.0187622238705066,-0.0004036355338172427,-0.018358588336689356
79.9,-0.02827778854665774,0.001308539729986821,-0.029586328276644563
79.95,-0.015317002651478676,0.005525097357716633,-0.02084210000919531
80.0,0.011486135813019443,0.010096061012357278,0.0013900748006621649
