x,yobs,ycalc,ydiff
0.05,-7.69379016249131e-12,-0.03993576482598097,0.03993576481828718
0.1,-2.192186762287117e-10,-0.0574912817385596,0.05749128151934092
0.15000000000000002,-1.2669709509408328e-08,-0.05406245661167501,0.0540624439419655
0.2,-1.5532132510710078e-07,-0.05342357736953108,0.05342342204820597
0.25,-3.7552163262651063e-07,-0.07657361563771395,0.07657324011608133
0.30000000000000004,4.29853555356968e-06,-0.11929147460138682,0.1192957731369404
0.35000000000000003,4.001109595387154e-05,-0.15628592484702533,0.1563259359429792
0.4,0.00016499710514586045,-0.16793019959618696,0.16809519670133283
0.45,0.0003912432747113473,-0.161474867817571,0.16186611109228236
0.5,0.0004147259696470737,-0.1639127744570926,0.16432750042673966
0.55,-0.0007183657645911648,-0.19338654517114126,0.1926681794065501
0.6000000000000001,-0.004399078827161257,-0.23923312694031493,0.23483404811315367
0.65,-0.010910675167568142,-0.27250843919659723,0.26159776402902907
0.7000000000000001,-0.01676275500071049,-0.2768218199646003,0.2600590649638898
0.75,-0.01326137946041811,-0.26688696655225747,0.25362558709183936
0.8,0.010002467110310574,-0.27392081795237583,0.2839232850626864
0.8500000000000001,0.055453448190636155,-0.3120173817644272,0.36747082995506336
0.9,0.10685770143174958,-0.36134979552447183,0.46820749695622144
0.9500000000000001,0.12876640692285757,-0.38802295742340887,0.5167893643462664
1.0,0.08455135524385453,-0.3813433826081174,0.46589473785197194
1.05,-0.03261860361449301,-0.36813232978932164,0.33551372617482866
1.1,-0.1785733644362274,-0.38544983060382104,0.20687646616759364
1.1500000000000001,-0.2723634614281945,-0.43813719217272656,0.16577373074453206
1.2000000000000002,-0.24959235771582833,-0.48853711090278656,0.23894475318695824
1.25,-0.12224195965511786,-0.4958801638132639,0.373638204158146
1.3,0.007781059559169077,-0.4677595500880431,0.4755406096472122
1.35,0.011309875599403463,-0.4632095336619528,0.4745194092613562
1.4000000000000001,-0.15929677269931944,-0.5279854203981043,0.36868864769878484
1.4500000000000002,-0.3980453746766112,-0.6158501026889568,0.21780472801234557
1.5,-0.4858901983996772,-0.5826541876477542,0.09676398924807705
1.55,-0.24212098426521395,-0.2885830017878289,0.04646201752261497
1.6,0.3129005852996211,0.2577582260588969,0.05514235924072419
1.6500000000000001,0.9177303686834877,0.840611299910489,0.07711906877299868
1.7000000000000002,1.2133480482209347,1.143325554322139,0.07002249389879567
1.75,0.9912914264514622,0.9678437082251439,0.023447718226318304
1.8,0.3687605098229317,0.4066011316243462,-0.03784062180141451
1.85,-0.2551852901268764,-0.18044618243284952,-0.07473910769402689
1.9000000000000001,-0.45445224440636384,-0.3915419256243379,-0.06291031878202591
1.9500000000000002,-0.07005787614125887,-0.059428900604622484,-0.010628975536636387
2.0,0.6705563174264696,0.6240045971441255,0.04655172028234411
2.0500000000000003,1.3019021491147336,1.2306661834414683,0.07123596567326529
2.1,1.4322686063031382,1.3798307916468944,0.052437814656243864
2.15,0.9942104854549653,0.9785302860087595,0.0156801994462058
2.2,0.2593322233659092,0.25376261152816404,0.005569611837745181
2.25,-0.3766632631096661,-0.42870058610690803,0.05203732299724195
2.3000000000000003,-0.6654642360429561,-0.8110085942388983,0.14554435819594214
2.35,-0.6350854910171078,-0.8764799725928341,0.2413944815757263
2.4000000000000004,-0.5036034806137829,-0.7946354310809876,0.29103195046720465
2.45,-0.4741986569404818,-0.7505481630243914,0.2763495060839096
2.5,-0.5845126152883586,-0.8048272596086081,0.2203146443202495
2.5500000000000003,-0.7165916488683033,-0.8831709466308734,0.16657929776257008
2.6,-0.7320150912632142,-0.8778139663695628,0.1457988751063486
2.6500000000000004,-0.6018784631516245,-0.7576208324337679,0.15574236928214336
2.7,-0.4242989576858752,-0.5930404957977365,0.16874153811186132
2.75,-0.3303176729092789,-0.487052633768475,0.15673496085919614
2.8000000000000003,-0.3730346184059235,-0.48482192409369457,0.11178730568777107
2.85,-0.49743148521241565,-0.5450478474805152,0.04761636226809951
2.9000000000000004,-0.6071709981280128,-0.592930405806225,-0.01424059232178776
2.95,-0.6577001702925225,-0.5988323450543989,-0.05886782523812362
3.0,-0.6883041253884411,-0.6059723081007442,-0.0823318172876969
3.0500000000000003,-0.7685608117831607,-0.6812918492941089,-0.0872689624890518
3.1,-0.9159241902357805,-0.8381759142560721,-0.07774827597970846
3.1500000000000004,-1.0666809539938895,-1.0087743772374471,-0.057906576756442396
3.2,-1.1303788095906318,-1.0985195394697442,-0.03185927012088752
3.25,-1.0764039281959732,-1.0751244072311557,-0.0012795209648175376
3.3000000000000003,-0.9659422562656833,-1.0034306991212047,0.03748844285552144
3.35,-0.8885237463122677,-0.9795728991138813,0.09104915280161363
3.4000000000000004,-0.8525409280638728,-1.0124844408868512,0.15994351282297836
3.45,-0.7334911582353517,-0.9640008235593323,0.23050966532398054
3.5,-0.3478362838472129,-0.6256471574788617,0.2778108736316488
3.5500000000000003,0.3842349620023402,0.10323308810813939,0.28100187389420084
3.6,1.3123366855657734,1.0727392895394838,0.2395973960262896
3.6500000000000004,2.0833565323245296,1.907679570350712,0.17567696197381766
3.7,2.3316622746274938,2.213286251736657,0.11837602289083682
3.75,1.911204276139627,1.8279571895315738,0.08324708660805324
3.8000000000000003,1.0033401654271674,0.939056037636994,0.06428412779017345
3.85,0.01622495825794925,-0.02854162654824944,0.04476658480619869
3.9000000000000004,-0.6577310500121717,-0.6732463120502612,0.015515262038089506
3.95,-0.857225367000289,-0.8400763172051423,-0.017149049795146643
4.0,-0.6970432676706769,-0.656690987586334,-0.040352280084342884
4.05,-0.4315556813188395,-0.3816297128536804,-0.049925968465159065
4.1000000000000005,-0.25720383951267173,-0.20174704538175722,-0.055456794130914505
4.15,-0.20318041426429923,-0.13345132113044544,-0.06972909313385378
4.2,-0.1713579212461608,-0.07766310836354824,-0.09369481288261257
4.25,-0.06282204770160944,0.0501788839686187,-0.11300093167022815
4.3,0.1276857464409972,0.23809182990337033,-0.11040608346237313
4.3500000000000005,0.3196017453041344,0.40181243924196614,-0.08221069393783176
4.4,0.42846938697689324,0.47113813904360985,-0.04266875206671661
4.45,0.4360169138700356,0.4483107156151459,-0.0122938017451103
4.5,0.38905361007325356,0.3907052619415929,-0.001651651868339321
4.55,0.3425329759334959,0.34836760668219896,-0.005834630748703051
4.6000000000000005,0.3102438146539567,0.32351210151363813,-0.013268286859681455
4.65,0.2677795391314451,0.2859807146901546,-0.018201175558709537
4.7,0.1941169565394123,0.21792020092486167,-0.023803244385449368
4.75,0.10191805499832403,0.1359349671765862,-0.03401691217826218
4.800000000000001,0.02540735494092879,0.07013975375862246,-0.04473239881769367
4.8500000000000005,-0.01673628470066593,0.028549090231140918,-0.04528537493180684
4.9,-0.04034326728847061,-0.010779674882903854,-0.029563592405566757
4.95,-0.07557464159578503,-0.07065238133819082,-0.004922260257594208
5.0,-0.13023615178670772,-0.14162432777365017,0.011388175986942445
5.050000000000001,-0.17701816581728355,-0.1829512221246598,0.0059330563073762554
5.1000000000000005,-0.17893050915747785,-0.15896119029595204,-0.01996931886152581
5.15,-0.12593477524401148,-0.07349345050110107,-0.05244132474291041
5.2,-0.04358747961294361,0.03411880477627672,-0.07770628438922034
5.25,0.03580414831019102,0.12831386500075886,-0.09250971669056784
5.300000000000001,0.10892542215817179,0.21162314123310375,-0.10269771907493196
5.3500000000000005,0.20530026346216712,0.31832261571842957,-0.11302235225626245
5.4,0.352976373958539,0.4731020845354527,-0.12012571057691374
5.45,0.5395422500220128,0.6561445050358697,-0.1166022550138569
5.5,0.7080208976726404,0.8095757199728217,-0.10155482230018131
5.550000000000001,0.7933386130235074,0.8787920610958285,-0.08545344807232114
5.6000000000000005,0.7657697157361436,0.8483590271929274,-0.08258931145678383
5.65,0.6424113642876474,0.7399599478053914,-0.09754858351774398
5.7,0.4607235220265209,0.5800667314961018,-0.11934320946958088
5.75,0.2453132772738605,0.37559421501765294,-0.13028093774379243
5.800000000000001,0.0032241464549615613,0.12552649928110074,-0.12230235282613917
5.8500000000000005,-0.2488862272726764,-0.14349756961701726,-0.10538865765565913
5.9,-0.4570864224053755,-0.358003098651255,-0.09908332375412049
5.95,-0.5364208937925906,-0.42280122767378686,-0.11361966611880375
6.0,-0.4144654734219146,-0.27710373921551884,-0.13736173420639575
6.050000000000001,-0.08118515971452295,0.06146666565200999,-0.14265182536653292
6.1000000000000005,0.3921088782448717,0.49865178238966784,-0.10654290414479617
6.15,0.8771880016443537,0.9070760765808883,-0.02988807493653456
6.2,1.2387188733319336,1.1777804284092381,0.06093844492269551
6.25,1.3806925486512003,1.2491381237464707,0.13155442490472957
6.300000000000001,1.2719778151350158,1.1091252052644307,0.16285260987058514
6.3500000000000005,0.9493687893267527,0.7871727191119202,0.1621960702148325
6.4,0.5022942623832869,0.3478714767941069,0.15442278558918
6.45,0.04196591472079695,-0.11844521758784932,0.16041113230864626
6.5,-0.3388523254892491,-0.5192405010983819,0.18038817560913284
6.550000000000001,-0.5990148059638291,-0.7939743409309034,0.1949595349670743
6.6000000000000005,-0.754635144140589,-0.9371134784380896,0.1824783342975006
6.65,-0.8511472484857837,-0.9893812341948279,0.13823398570904422
6.7,-0.9215134107684827,-1.0010727186186237,0.07955930785014098
6.75,-0.9636124545335436,-0.9962753388191669,0.03266288428562325
6.800000000000001,-0.9541795188075803,-0.9666024176687166,0.012422898861136233
6.8500000000000005,-0.8832317532036649,-0.8957877543384121,0.012556001134747197
6.9,-0.773118286872346,-0.7878271800242767,0.014708893151930691
6.95,-0.6611618528905888,-0.669333753374427,0.008171900483838201
7.0,-0.5618287510818741,-0.5636713077122515,0.0018425566303773566
7.050000000000001,-0.44749977890293435,-0.46398471189424756,0.016484932991313206
7.1000000000000005,-0.271867681647423,-0.3352758171244735,0.06340813547705054
7.15,-0.019411203260652144,-0.14863646737741562,0.12922526411676347
7.2,0.26299257917680596,0.08085563382731123,0.18213694534949473
7.25,0.48323739639476265,0.2873200797781327,0.19591731661662998
7.300000000000001,0.5587303305732166,0.3879020311876937,0.17082829938552296
7.3500000000000005,0.46539031816957543,0.3329803804359174,0.13240993773365806
7.4,0.24456453106323206,0.13568168055386617,0.10888285050936589
7.45,-0.030849546276865113,-0.13851580249152323,0.10766625621465811
7.5,-0.2977814120049091,-0.4101161839090955,0.11233477190418639
7.550000000000001,-0.5201992358473817,-0.6221059839671027,0.101906748119721
7.6000000000000005,-0.6795641635329013,-0.7526011650921078,0.07303700155920656
7.65,-0.761066843732632,-0.804244116940732,0.04317727320809994
7.7,-0.7557042879353115,-0.7874655420000258,0.031761254064714306
7.75,-0.6747526337815779,-0.713244294217359,0.038491660435781117
7.800000000000001,-0.5559574726642571,-0.5970055478863024,0.041048075222045344
7.8500000000000005,-0.4480851533936862,-0.4635869505335497,0.015501797139863494
7.9,-0.38341384456548516,-0.3434727736267904,-0.039941070938694756
7.95,-0.36124087296310936,-0.2601984582298742,-0.10104241473323516
8.0,-0.35549017394284266,-0.21784135301729807,-0.1376488209255446
8.05,-0.33703247531234687,-0.19814316487734993,-0.13888931043499694
8.1,-0.2896627895683227,-0.1696042023907488,-0.1200585871775739
8.15,-0.2085699409001635,-0.10253827517767217,-0.10603166572249134
8.200000000000001,-0.08951468771832413,0.019001504005571136,-0.10851619172389526
8.25,0.07499484097858478,0.19391826905941967,-0.11892342808083489
8.3,0.2867217424808746,0.4082745542769198,-0.12155281179604516
8.35,0.5302000520952476,0.641521365535393,-0.1113213134401454
8.4,0.7727135800078712,0.8700100938811411,-0.09729651387326999
8.450000000000001,0.9776155899237798,1.0675376298681454,-0.08992203994436554
8.5,1.1188894989502196,1.2066175070462712,-0.08772800809605164
8.55,1.184496194034627,1.2638316330514279,-0.07933543901680085
8.6,1.1691902574436865,1.2281351397967004,-0.05894488235301387
8.65,1.0690212282344793,1.1065663944922333,-0.03754516625775395
8.700000000000001,0.8865830699978331,0.9221074945630158,-0.03552442456518268
8.75,0.6417102404264943,0.7039540936274343,-0.06224385320094006
8.8,0.3730396270122836,0.4764881954786794,-0.10344856846639577
8.85,0.12293857025316783,0.2540715611104447,-0.13113299085727687
8.9,-0.08459798143250744,0.04341213762674684,-0.12801011905925427
8.950000000000001,-0.2540576900560918,-0.15110613502228032,-0.10295155503381148
9.0,-0.40635685775427266,-0.3247776511418848,-0.08157920661238788
9.05,-0.5538266102544922,-0.4732524494783239,-0.0805741607761683
9.1,-0.6829360852322512,-0.5921297949662098,-0.09080629026604148
9.15,-0.7584002983402575,-0.6723624845638381,-0.08603781377641939
9.200000000000001,-0.7439932079227157,-0.6952850718295415,-0.04870813609317426
9.25,-0.6230318945314135,-0.635620345365811,0.012588450834397524
9.3,-0.4051888214064347,-0.4760775276362192,0.07088870622978449
9.35,-0.1201187779054557,-0.22577162716941745,0.10565284926396175
9.4,0.19200741560833523,0.07229150869075351,0.11971590691758172
9.450000000000001,0.48552392434675457,0.35343333033461133,0.13209059401214324
9.5,0.7117465862085142,0.5567504251530682,0.154996161055446
9.55,0.825771584415344,0.6465877922369749,0.1791837921783691
9.600000000000001,0.7997853232206122,0.6171254654466799,0.18265985777393234
9.65,0.6363048954266768,0.4825588859513975,0.15374600947527928
9.700000000000001,0.37138947937432093,0.2666499431927092,0.10473953618161175
9.75,0.06344586569278976,0.001462213796022267,0.061983651896767494
9.8,-0.22728686220397032,-0.269300064111528,0.042013201907557696
9.850000000000001,-0.4579827916220323,-0.4954151595491571,0.03743236792712479
9.9,-0.6123768653026791,-0.638772160996165,0.026395295693485865
9.950000000000001,-0.6973151003455269,-0.6933928186766162,-0.003922281668910732
10.0,-0.7304517708137854,-0.6873108156716976,-0.04314095514208782
10.05,-0.7263440265998211,-0.6597008670420125,-0.06664315955780864
10.100000000000001,-0.6884326265130221,-0.6296060354885272,-0.058826591024494834
10.15,-0.6112416439558288,-0.5829701643134467,-0.02827147964238208
10.200000000000001,-0.4910089338574437,-0.49015952297797255,-0.0008494108794711575
10.25,-0.33671001792485156,-0.33864190395562077,0.0019318860307692143
10.3,-0.17198706144468084,-0.15090324575388056,-0.021083815690800284
10.350000000000001,-0.024594944650688868,0.029237297652754023,-0.05383224230344289
10.4,0.08999209677592647,0.16969615534171203,-0.07970405856578557
10.450000000000001,0.17855382188608696,0.27277039242756523,-0.09421657054147828
10.5,0.2657539528466763,0.3679345908860289,-0.10218063803935262
10.55,0.3784228023228425,0.4831259922208972,-0.10470318989805472
10.600000000000001,0.5292785064565741,0.6210166159147794,-0.09173810945820526
10.65,0.7090417048105021,0.7588616802431452,-0.04981997543264305
10.700000000000001,0.887811729837685,0.8664274305845201,0.021384299253164873
10.75,1.0215023760686759,0.9214245080909459,0.10007786797773
10.8,1.0615645432670349,0.9099919683121147,0.15157257495492016
10.850000000000001,0.970470179790005,0.8200909183831432,0.15037926140686186
10.9,0.7425413756678843,0.6445081548413731,0.09803322082651111
10.950000000000001,0.41954821416956484,0.39708124537096656,0.022466968798598275
11.0,0.08466947759318583,0.12523472031494753,-0.04056524272176171
11.05,-0.17152795036448856,-0.10178675143119763,-0.06974119893329093
11.100000000000001,-0.29702521617062383,-0.22900718078334742,-0.06801803538727641
11.15,-0.30484475266822003,-0.2502472838674041,-0.05459746880081595
11.200000000000001,-0.2583577947661254,-0.2111502667081817,-0.047207528057943704
11.25,-0.22451953784920484,-0.17560246471638222,-0.04891707313282262
11.3,-0.23065809747112004,-0.1822339233942839,-0.048424174076836135
11.350000000000001,-0.25765165686819586,-0.2261130703116964,-0.031538586556499465
11.4,-0.27084178590501273,-0.277254576639241,0.006412790734228291
11.450000000000001,-0.25775890738978624,-0.3144378569255783,0.056678949535792056
11.5,-0.23840661538448374,-0.3416252863755107,0.10321867099102697
11.55,-0.2421396796537869,-0.3747067345253698,0.13256705487158288
11.600000000000001,-0.2774033702934414,-0.4169465433422357,0.13954317304879427
11.65,-0.3255257924928088,-0.4515339432264598,0.12600815073365101
11.700000000000001,-0.3634121505260562,-0.4597547000284621,0.0963425495024059
11.75,-0.3896411257125817,-0.4447524430379071,0.055111317325325426
11.8,-0.42509013523969474,-0.43348745510354186,0.00839731986384712
11.850000000000001,-0.486097281934628,-0.45131811339019084,-0.03477916854443713
11.9,-0.557530520422274,-0.49257857702920493,-0.06495194339306909
11.950000000000001,-0.5945609119797164,-0.5168589414804314,-0.07770197049928496
12.0,-0.5536317630899725,-0.47716232707197975,-0.07646943601799278
12.05,-0.42389589822385265,-0.3555282135973277,-0.06836768462652493
12.100000000000001,-0.23015260642766988,-0.17427402443796897,-0.055878581989700915
12.15,-0.00724142642550462,0.02579661328952566,-0.033038039715030276
12.200000000000001,0.22583406700567396,0.21770850128129304,0.008125565724380918
12.25,0.4651517006537885,0.39985148113777663,0.06530021951601189
12.3,0.6970282209998734,0.5771751936575167,0.1198530273423567
12.350000000000001,0.8784969151948294,0.7330519840158854,0.14544493117894397
12.4,0.9487563036869281,0.8223690370602099,0.12638726662671818
12.450000000000001,0.8663515779978418,0.7960809749546698,0.07027060304317201
12.5,0.6402187931719427,0.6373764031988777,0.0028423899730650737
12.55,0.32732017595236373,0.37857518843582294,-0.051255012483459206
12.600000000000001,0.0004638091875205862,0.08539488173667908,-0.08493107254915849
12.65,-0.28429796787851186,-0.17659378863018446,-0.1077041792483274
12.700000000000001,-0.49574373759141027,-0.3663340230372503,-0.12940971455415995
12.75,-0.6142695666455849,-0.4687455472114709,-0.14552401943411397
12.8,-0.6220296460466608,-0.4826705125018594,-0.1393591335448014
12.850000000000001,-0.5135375137194422,-0.41417416628810594,-0.09936334743133629
12.9,-0.31655414683997746,-0.28226231172906535,-0.034291835110912106
12.950000000000001,-0.09639878848893758,-0.12567744697419253,0.029278658485254946
13.0,0.07016638115405592,0.004815117499510914,0.06535126365454501
13.05,0.13510843717913268,0.0693674424305307,0.06574099474860198
13.100000000000001,0.1008186282361343,0.059729180207471325,0.041089448028662975
13.15,0.006128904659948614,-0.0013372853167618593,0.007466189976710474
13.200000000000001,-0.1083586665544734,-0.0824881533575744,-0.02587051319689901
13.25,-0.2234001263983044,-0.1677948645506962,-0.055605261847608195
13.3,-0.33472202790288,-0.25983060979023387,-0.07489141811264616
13.350000000000001,-0.4296964206922904,-0.3592706112318429,-0.07042580946044752
13.4,-0.4756301435017409,-0.4419973687529488,-0.03363277474879206
13.450000000000001,-0.43454009391138326,-0.4590298311127325,0.024489737201349226
13.5,-0.2911595167182641,-0.3644984872645166,0.07333897054625249
13.55,-0.06723923557946355,-0.15042231171713097,0.08318307613766741
13.600000000000001,0.1910844296334137,0.14115222976819147,0.04993219986522224
13.65,0.44010699604213016,0.43988927596196586,0.00021772008016429645
13.700000000000001,0.6549766806012863,0.6855375410213814,-0.030560860420095093
13.75,0.8240241488204759,0.8524736066029808,-0.02844945778250485
13.8,0.9322088691973519,0.9435254871501343,-0.011316617952782382
13.850000000000001,0.9544221441898662,0.9638464140887458,-0.009424269898879678
13.9,0.8674889922564475,0.9023470377413465,-0.034858045484899014
13.950000000000001,0.6702052363766273,0.7395032539814131,-0.06929801760478582
14.0,0.39332391075722656,0.47484961757416916,-0.0815257068169426
14.05,0.09144010102002638,0.14838260523794966,-0.05694250421792328
14.100000000000001,-0.17607681652352472,-0.16583525002384955,-0.01024156649967517
14.15,-0.3625280011744087,-0.3925227959142723,0.029994794739863606
14.200000000000001,-0.44352322785093884,-0.49145153213377,0.04792830428283118
14.25,-0.42045160534943293,-0.4718919713653005,0.051440366015867545
14.3,-0.31979079436063945,-0.37778692036742056,0.05799612600678111
14.350000000000001,-0.18595151356178535,-0.25800298097814334,0.07205146741635798
14.4,-0.06570848107070865,-0.1441082928395135,0.07839981176880487
14.450000000000001,0.010098359672170333,-0.047956181123245845,0.05805454079541618
14.5,0.03575206853709287,0.02632160312349462,0.009430465413598248
14.55,0.023991872407581747,0.07123063558583044,-0.0472387631782487
14.600000000000001,-0.009404415426420084,0.07655604499674987,-0.08596046042316995
14.65,-0.05439882217548862,0.039702961535177925,-0.09410178371066655
14.700000000000001,-0.10130011317351237,-0.025553285524448553,-0.07574682764906382
14.75,-0.13089296705113768,-0.09164053554888021,-0.03925243150225746
14.8,-0.11738104277231394,-0.13096625370415002,0.01358521093183608
14.850000000000001,-0.04865531195586897,-0.13139465376619472,0.08273934181032574
14.9,0.05334297385859295,-0.1023477371536843,0.15569071101227724
14.950000000000001,0.13618810911110635,-0.06734572032161709,0.20353382943272344
15.0,0.14928344441549907,-0.04860260123230164,0.1978860456478007
15.05,0.08078799001829576,-0.05480979432184393,0.1355977843401397
15.100000000000001,-0.034080915711777134,-0.08058028475701041,0.04649936904523328
15.15,-0.14323202271551239,-0.11698245730023332,-0.026249565415279064
15.200000000000001,-0.22030829315446426,-0.16356561736968267,-0.05674267578478159
15.25,-0.28027179118294865,-0.2302769709677789,-0.04999482021516974
15.3,-0.35300635661082264,-0.3252862611179963,-0.027720095492826335
15.350000000000001,-0.4405810935983419,-0.4372477277695947,-0.0033333658287472145
15.4,-0.5012222531069082,-0.528113508496413,0.026891255389504876
15.450000000000001,-0.47894395502438125,-0.5475258420336415,0.06858188700926027
15.5,-0.354129337530265,-0.46370930167389474,0.10957996414362975
15.55,-0.16895337575062055,-0.290396369307889,0.12144299355726842
15.600000000000001,-0.003378032935672125,-0.08811197132722806,0.08473393839155594
15.65,0.07810131170391357,0.0654066873461994,0.01269462435771418
15.700000000000001,0.06386924765545984,0.11803724210438317,-0.054167994448923326
15.75,-0.011148413818479927,0.07063886008188133,-0.08178727390036127
15.8,-0.1025596533065495,-0.029170630170850375,-0.07338902313569912
15.850000000000001,-0.1865721554854188,-0.12033002041707878,-0.06624213506834002
15.9,-0.25855806004583237,-0.16316295100582132,-0.09539510904001106
15.950000000000001,-0.3102874395175348,-0.15171979950832312,-0.15856764000921167
16.0,-0.3159064531542012,-0.09956643426606158,-0.21634001888813958
16.05,-0.24346286653201618,-0.015818879727645823,-0.22764398680437037
16.1,-0.07908491464615573,0.1069520981226456,-0.18603701276880133
16.150000000000002,0.1626035126959612,0.2845392166586197,-0.12193570396265849
16.2,0.4519419600813459,0.5221066437861388,-0.0701646837047929
16.25,0.764486670336385,0.8009003073825437,-0.03641363704615874
16.3,1.0833420401827731,1.079622792354947,0.0037192478278260666
16.35,1.3797649995767198,1.3067907039163396,0.07297429566038027
16.400000000000002,1.5954039323167513,1.4345545048554798,0.1608494274612715
16.45,1.6529279239964052,1.4282604391622855,0.2246674848341197
16.5,1.4956993591606085,1.27242114183825,0.22327821732235842
16.55,1.126932681235944,0.9750686843425769,0.15186399689336705
16.6,0.6152514267435031,0.5688478197425058,0.04640360700099733
16.650000000000002,0.061269456676082495,0.10524410599754462,-0.043974649321462125
16.7,-0.4477159616284682,-0.3577869576597832,-0.08992900396868503
16.75,-0.8613940435976605,-0.7685912683666867,-0.0928027752309738
16.8,-1.1588873460386009,-1.0881921968565575,-0.07069514918204334
16.85,-1.3293323019913077,-1.2899990209123793,-0.03933328107892842
16.900000000000002,-1.36552113679786,-1.3592994563268004,-0.006221680471059532
16.95,-1.2749669277882882,-1.2976931575144082,0.02272622972611993
17.0,-1.090127903164939,-1.1288056366164134,0.038677733451474516
17.05,-0.8593879398937914,-0.8953143004068157,0.035926360513024336
17.1,-0.6220462946889901,-0.6425064748736925,0.020460180184702415
17.150000000000002,-0.38977316931784034,-0.3971856487986047,0.007412479480764345
17.2,-0.1524269165542847,-0.1589469058025603,0.006519989248275598
17.25,0.09776917388077248,0.0869219912016073,0.01084718267916518
17.3,0.3476884388107354,0.3443288471980147,0.0033595916127207026
17.35,0.5675052710665721,0.5905181588713488,-0.023012887804776727
17.400000000000002,0.7304956273792269,0.7835083682077445,-0.05301274082851759
17.45,0.8256820315745097,0.8858485550343309,-0.06016652345982121
17.5,0.8503048530784204,0.8832130899210814,-0.032908236842660976
17.55,0.7935324594312568,0.782898751340349,0.0106337080909078
17.6,0.6349927964898288,0.5984604682310589,0.03653232825876984
17.650000000000002,0.3670484760894322,0.3407340680407246,0.026314408048707605
17.7,0.022286506214801913,0.027239733304974093,-0.00495322709017218
17.75,-0.32359818330385426,-0.3006997955672034,-0.02289838773665087
17.8,-0.5845469305758884,-0.5769493159869321,-0.007597614588956247
17.85,-0.7110312104236692,-0.7374219481941757,0.02639073777050649
17.900000000000002,-0.7146656047804308,-0.7589735451730868,0.04430794039265595
17.95,-0.6518608367158041,-0.6782847721522417,0.026423935436437618
18.0,-0.5821137782446336,-0.5716067048980666,-0.010507073346566975
18.05,-0.5355774720583224,-0.5083178972747348,-0.027259574783587648
18.1,-0.5118853674982411,-0.5132835897666161,0.001398222268375049
18.150000000000002,-0.5018133044890953,-0.5645259473290425,0.06271264283994715
18.2,-0.5048407457341401,-0.6217860803281129,0.11694533459397283
18.25,-0.5249979573529153,-0.6570001570110839,0.13200219965816862
18.3,-0.5526280663575662,-0.6612741805781238,0.10864611422055759
18.35,-0.554737465309854,-0.6289829349389493,0.07424546962909528
18.400000000000002,-0.48764118322616035,-0.5418444269052892,0.054203243679128876
18.45,-0.32345058234197366,-0.3735456386070107,0.05009505626503702
18.5,-0.06917406630146716,-0.11298722438853603,0.04381315808706887
18.55,0.23510602314692236,0.2152860976429458,0.01981992550397657
18.6,0.5343070177971986,0.5530190448941475,-0.01871202709694897
18.650000000000002,0.7778085466761965,0.8324278532873828,-0.0546193066111863
18.7,0.9307253508012169,1.0048934804586045,-0.07416812965738762
18.75,0.9785984054689963,1.0560629763094698,-0.07746457084047342
18.8,0.9303716699074115,1.0029752764362594,-0.0726036065288479
18.85,0.8178739060751468,0.8812457308787859,-0.06337182480363912
18.900000000000002,0.6847717575094487,0.7312602295269199,-0.046488472017471194
18.95,0.5643303334344038,0.5859527431232768,-0.02162240968887308
19.0,0.45898893455207174,0.45998067684099175,-0.0009917422889200167
19.05,0.34007726480433215,0.344372276150619,-0.004295011346286848
19.1,0.1732247598414041,0.214034058466288,-0.040809298624883916
19.150000000000002,-0.04706529194594469,0.04918845870481737,-0.09625375065076205
19.200000000000003,-0.2809870626092726,-0.1412729137925093,-0.13971414881676328
19.25,-0.45986506298732516,-0.313055960877269,-0.14680910211005616
19.3,-0.5239101581283461,-0.40529574605114704,-0.11861441207719903
19.35,-0.45315833871492206,-0.3742630039083561,-0.07889533480656596
19.400000000000002,-0.2711780963011301,-0.2188789603604267,-0.0522991359407034
19.450000000000003,-0.02506510513823181,0.018564419722113677,-0.043629524860345485
19.5,0.23732555895995397,0.2737815861551662,-0.03645602719521221
19.55,0.47599457834195785,0.4867602115385887,-0.010765633196630875
19.6,0.6550662568889233,0.617595288512611,0.03747096837631225
19.650000000000002,0.7414647829337968,0.6496686779679679,0.0917961049658289
19.700000000000003,0.7151541425331824,0.58737253408877,0.12778160844441244
19.75,0.583429640456805,0.4532626565429478,0.13016698391385723
19.8,0.38305145623222003,0.28200548998514735,0.10104596624707268
19.85,0.16344880252010893,0.1077002309047625,0.05574857161534644
19.900000000000002,-0.03760565568025136,-0.050543857036432674,0.012938201356181317
19.950000000000003,-0.20652815531237415,-0.1931073911841413,-0.013420764128232843
20.0,-0.3462301808769078,-0.3283998855249157,-0.017830295351992098
20.05,-0.4585938178557566,-0.4544427196955031,-0.004151098160253497
20.1,-0.535261787326334,-0.5512890554560825,0.01602726812974853
20.150000000000002,-0.5641606542092699,-0.5931062227140691,0.028945568504799235
20.200000000000003,-0.5417624643594204,-0.5689747507549053,0.027212286395484897
20.25,-0.4755108215213333,-0.4910885732779511,0.015577751756617797
20.3,-0.37286887354635034,-0.3805782352939402,0.007709361747589849
20.35,-0.2299847517438449,-0.2446336677390389,0.014648915995194023
20.400000000000002,-0.035713583390849436,-0.06992787329710666,0.034214289906257224
20.450000000000003,0.2084478334710552,0.15698485314513527,0.05146298032591992
20.5,0.4701402790260551,0.41916092906747326,0.05097934995858183
20.55,0.6893640948734169,0.6588340146383737,0.030530080235043222
20.6,0.8052730338290061,0.8014568771028618,0.0038161567261442153
20.650000000000002,0.7874561298894581,0.7974943711589928,-0.010038241269534676
20.700000000000003,0.6479839472835244,0.6485192391353402,-0.0005352918518157779
20.75,0.4268816714651505,0.39814103813709223,0.028740633328058263
20.8,0.16560755493232157,0.09941142569339707,0.0661961292389245
20.85,-0.1095118070672909,-0.21132030111542052,0.10180849404812962
20.900000000000002,-0.3844312741748706,-0.514999911614866,0.13056863743999542
20.950000000000003,-0.6444404555581676,-0.7930341540340826,0.14859369847591497
21.0,-0.8674077130453491,-1.0167061879084516,0.14929847486310244
21.05,-1.0298399438369588,-1.1560902470727594,0.12625030323580066
21.1,-1.1179200031505785,-1.1984509870583322,0.0805309839077537
21.150000000000002,-1.1315209398369765,-1.1554946974316918,0.023973757594715206
21.200000000000003,-1.0782070366241812,-1.0514360711159083,-0.026770965508272848
21.25,-0.9653375148074805,-0.9048396815345595,-0.06049783327292102
21.3,-0.7994040636031345,-0.7232609758585312,-0.07614308774460332
21.35,-0.5924091954919243,-0.5145305160732481,-0.07787867941867621
21.400000000000002,-0.36655632550557365,-0.2993617473226204,-0.06719457818295327
21.450000000000003,-0.1504114429561729,-0.10840252116356767,-0.04200892179260522
21.5,0.030535769174651766,0.03516069707599472,-0.004624927901342956
21.55,0.1598699046546928,0.12890439192664474,0.030965512728048067
21.6,0.2284915115067529,0.1850665918035907,0.0434249197031622
21.650000000000002,0.23073099334982958,0.21110363181440583,0.019627361535423743
21.700000000000003,0.1668624501492409,0.19910642676959014,-0.03224397662034925
21.75,0.05179684813199656,0.13812533348811853,-0.08632848535612198
21.8,-0.08120936421778215,0.037965664126288004,-0.11917502834407015
21.85,-0.19219070069470898,-0.06264458260997423,-0.12954611808473476
21.900000000000002,-0.25690658692704454,-0.11758019717937893,-0.13932638974766562
21.950000000000003,-0.28063806479259784,-0.10776555741677273,-0.1728725073758251
22.0,-0.28644918659723845,-0.05457208064609692,-0.23187710595114153
22.05,-0.28273117042587387,0.005249295772698469,-0.2879804661985723
22.1,-0.23716774013895575,0.06355637773799123,-0.300724117876947
22.150000000000002,-0.08458688209015532,0.16234395738989682,-0.24693083948005212
22.200000000000003,0.2295762564190958,0.3677801526489977,-0.13820389622990192
22.25,0.699599278524801,0.7132217421443774,-0.01362246361957642
22.3,1.2417333220338997,1.1566486198838646,0.08508470215003516
22.35,1.7239373927080042,1.5877595627181467,0.1361778299898575
22.400000000000002,2.023349028470071,1.8800751957535524,0.1432738327165184
22.450000000000003,2.073566100886792,1.9496342945553589,0.12393180633143297
22.5,1.8764408458799384,1.7822869465897928,0.09415389929014562
22.55,1.4826832550535578,1.4215231086498896,0.06116014640366818
22.6,0.9650671499337303,0.9383119363150855,0.026755213618644857
22.650000000000002,0.40286096605014315,0.40866492237676855,-0.005803956326625392
22.700000000000003,-0.12368824059847648,-0.09408022999102404,-0.02960801060745244
22.75,-0.5420350604741453,-0.5036661440329803,-0.038368916441165024
22.8,-0.8052127822706493,-0.773042697704254,-0.03217008456639525
22.85,-0.9085264536467568,-0.8900564576812156,-0.01846999596554122
22.900000000000002,-0.8886655913076226,-0.881916053804653,-0.0067495375029695825
22.950000000000003,-0.8012817437515384,-0.8002518390249644,-0.001029904726573938
23.0,-0.6920083948941292,-0.695441863142493,0.003433468248363769
23.05,-0.5819439543242791,-0.5980942876388474,0.016150333314568277
23.1,-0.47519550086751644,-0.5179584844878784,0.04276298362036196
23.150000000000002,-0.3762608792349865,-0.4546674984752144,0.0784066192402279
23.200000000000003,-0.2981438114709255,-0.4068119959244151,0.10866818445348958
23.25,-0.25414321180272037,-0.3723900324197059,0.11824682061698555
23.3,-0.24418101310824106,-0.34558260573426264,0.10140159262602158
23.35,-0.2519745993668518,-0.3184521421670299,0.06647754280017809
23.400000000000002,-0.2574075043642997,-0.28839558693275946,0.03098808256845975
23.450000000000003,-0.2521584270813932,-0.2629918756747392,0.010833448593346007
23.5,-0.24307612666772652,-0.2545821056789527,0.011505979011226158
23.55,-0.2403515949708707,-0.26738353499583034,0.02703194002495965
23.6,-0.24288014515895448,-0.28880319048801073,0.04592304532905625
23.650000000000002,-0.23545537174589215,-0.2938565267975772,0.05840115505168503
23.700000000000003,-0.19972532506743285,-0.259523360650903,0.05979803558347013
23.75,-0.12689348509949747,-0.17673737485397956,0.04984388975448209
23.8,-0.019579742157426427,-0.050720958537196055,0.03114121637976963
23.85,0.11681864056739674,0.1078405985442332,0.008978042023163546
23.900000000000002,0.2808499238419392,0.28992767714168133,-0.009077753299742142
23.950000000000003,0.4696075798392437,0.4860349028608524,-0.016427323021608653
24.0,0.6655547264259934,0.678132909150432,-0.012578182724438558
24.05,0.8312088110993413,0.8362780195701427,-0.00506920847080139
24.1,0.9223498350520221,0.9265643824587237,-0.004214547406701685
24.150000000000002,0.9128202664336351,0.9263799726662453,-0.013559706232610158
24.200000000000003,0.8110324829248018,0.8358570103880195,-0.024824527463217727
24.25,0.653600250682548,0.677328930583344,-0.023728679900795968
24.3,0.48095941336647635,0.4840736929667483,-0.003114279600271941
24.35,0.31521107500582163,0.28680663512010074,0.02840443988572089
24.400000000000002,0.1571893534892438,0.10587253905432398,0.05131681443491981
24.450000000000003,0.0013675883957978432,-0.048960191746087546,0.05032778014188539
24.5,-0.14846461536480846,-0.17461354573710036,0.026148930372291906
24.55,-0.2781728045029993,-0.27118552242277366,-0.006987282080225643
24.6,-0.3760587677448403,-0.3407840187029077,-0.03527474904193262
24.650000000000002,-0.44451475520204087,-0.38800178497299576,-0.05651297022904511
24.700000000000003,-0.49751181851976345,-0.42029015499610295,-0.0772216635236605
24.75,-0.5461563805256396,-0.4468402536738725,-0.09931612685176716
24.8,-0.5873079007455053,-0.47562673597537425,-0.11168116477013107
24.85,-0.6075424522693786,-0.50981981706987,-0.09772263519950863
24.900000000000002,-0.5993590658076982,-0.5461959851613143,-0.053163080646383865
24.950000000000003,-0.5738565088305013,-0.5778054912040084,0.003948982373507048
25.0,-0.5567052780805917,-0.5999857580646649,0.04328047998407325
25.05,-0.5695808058030758,-0.6148543419689931,0.04527353616591734
25.1,-0.6125583806845919,-0.6289576388692476,0.016399258184655707
25.150000000000002,-0.6618816356310502,-0.6439365764157614,-0.017945059215288772
25.200000000000003,-0.6836494837412468,-0.647291600498847,-0.03635788324239975
25.25,-0.650793637485544,-0.6124415640721386,-0.03835207341340541
25.3,-0.550204757501465,-0.5107292391624436,-0.03947551833902141
25.35,-0.37832716425711793,-0.3277280357877254,-0.05059912846939252
25.400000000000002,-0.13510753518429064,-0.07187183976336367,-0.06323569542092697
25.450000000000003,0.17333620515272422,0.2300330397114575,-0.05669683455873328
25.5,0.5235849772994864,0.5442500761211178,-0.020665098821631367
25.55,0.8667246824829623,0.8372275624407535,0.029497120042208835
25.6,1.1352216967207243,1.0739958486864878,0.061225848034236474
25.650000000000002,1.2660697642464582,1.2153152073617859,0.05075455688467234
25.700000000000003,1.2279637005537762,1.2247294835000613,0.0032342170537149606
25.75,1.0355447815436198,1.0867517713683537,-0.05120698982473382
25.8,0.7416717433774556,0.823004253069573,-0.08133250969211747
25.85,0.4130493431062503,0.48976564216458424,-0.07671629905833394
25.900000000000002,0.10468161635708323,0.15391775651043701,-0.049236140153353786
25.950000000000003,-0.15241426860595575,-0.1365138326743965,-0.015900435931559237
26.0,-0.34647400324124816,-0.36474274916531435,0.018268745924066188
26.05,-0.4716276710278681,-0.5322755837931205,0.06064791276525233
26.1,-0.5192775191221847,-0.6351061471929,0.11582862807071537
26.150000000000002,-0.4821465331842645,-0.6535755246015422,0.17142899141727774
26.200000000000003,-0.3674291465744853,-0.5676755472855322,0.20024640071104688
26.25,-0.20670080719007428,-0.3851568466368382,0.17845603944676391
26.3,-0.05124778618325979,-0.15612053161473888,0.10487274543147909
26.35,0.047874063994319316,0.042394280963805576,0.005479783030513739
26.400000000000002,0.06329792037335961,0.1436060894414775,-0.0803081690681179
26.450000000000003,0.002344091949773931,0.12390542159437441,-0.12156132964460048
26.5,-0.10224870267864047,0.009268450273849854,-0.11151715295249033
26.55,-0.214847174521679,-0.1462267694467932,-0.06862040507488582
26.6,-0.31593314520279103,-0.29178873860549787,-0.024144406597293167
26.650000000000002,-0.40426356318877166,-0.4000570225824114,-0.004206540606360276
26.700000000000003,-0.48283299061587037,-0.46722638785405,-0.015606602761820354
26.75,-0.5422560573748529,-0.49952180853684136,-0.04273424883801158
26.8,-0.5564433197424727,-0.498724832973686,-0.057718486768786714
26.85,-0.4944909093807454,-0.45572436625013396,-0.03876654313061145
26.900000000000002,-0.33948545617806364,-0.3540480365043935,0.014562580326329844
26.950000000000003,-0.1006623706548557,-0.18090037117417376,0.08023800051931806
27.0,0.18754212669155995,0.058621361785517884,0.12892076490604207
27.05,0.4754774302816788,0.33048679485011057,0.14499063543156826
27.1,0.7092764073277703,0.57205581993236,0.13722058739541032
27.150000000000002,0.8396418048072782,0.7094965134393805,0.13014529136789776
27.200000000000003,0.8315461366838108,0.6889630077234212,0.1425831289603896
27.25,0.6773778791424498,0.5069784659885023,0.17039941315394758
27.3,0.4083071059744477,0.2212057521275174,0.1871013538469303
27.35,0.09263403714158602,-0.06877644409619009,0.16141048123777613
27.400000000000002,-0.18544446297197198,-0.2637398547775227,0.07829539180555073
27.450000000000003,-0.35906664710173136,-0.308309886358732,-0.05075676074299934
27.5,-0.40458228760706105,-0.2119431569339274,-0.19263913067313365
27.55,-0.3432478309392041,-0.036286103821631256,-0.3069617271175728
27.6,-0.21877288255368604,0.1427323287630663,-0.36150521131675234
27.650000000000002,-0.06862096481159867,0.2753095329738958,-0.3439304977854945
27.700000000000003,0.08952183458007097,0.35704303224764156,-0.2675211976675706
27.75,0.24891965687275738,0.41678957842014475,-0.16786992154738736
27.8,0.3951130814800504,0.48294305198430415,-0.08782997050425373
27.85,0.49783372392863023,0.5526375199484719,-0.054803796019841644
27.900000000000002,0.5232788330542345,0.5872044793546313,-0.06392564630039677
27.950000000000003,0.45708928685376043,0.5389550461395963,-0.08186575928583589
28.0,0.3177804241528612,0.390291058602182,-0.07251063444932082
28.05,0.14811606217122517,0.17437929183541642,-0.026263229664191257
28.1,-0.00909161366082004,-0.04137996139352164,0.0322883477327016
28.150000000000002,-0.13115815409270679,-0.19875393922280515,0.06759578513009837
28.200000000000003,-0.21649087333948738,-0.28507432092191815,0.06858344758243076
28.25,-0.268840440867418,-0.3320584604564697,0.06321801958905171
28.3,-0.2821684571634394,-0.3769138057063166,0.0947453485428772
28.35,-0.24205886396962104,-0.4190272650734723,0.17696840110385129
28.400000000000002,-0.14338392305104106,-0.4123085444100673,0.2689246213590263
28.450000000000003,-0.007723632586432111,-0.30462780923604355,0.29690417664961144
28.5,0.11734674265253119,-0.09418137976886799,0.21152812242139918
28.55,0.18005586418128347,0.14596265966765853,0.034093204513624936
28.6,0.15219904440871052,0.3013331976261404,-0.1491341532174299
28.650000000000002,0.042508610743693116,0.28716040740185295,-0.24465179665815984
28.700000000000003,-0.11262728711987557,0.10495038488444514,-0.2175776720043207
28.75,-0.27091521752342146,-0.15754685840983965,-0.11336835911358181
28.8,-0.3998655967669215,-0.38139511426711104,-0.01847048249981048
28.85,-0.47670828897451567,-0.48413257919876745,0.007424290224251784
28.900000000000002,-0.4797619234632228,-0.45242096261534664,-0.027340960847876128
28.950000000000003,-0.38726206120366363,-0.3242021985252211,-0.06305986267844255
29.0,-0.19144669151295363,-0.14521227807354753,-0.0462344134394061
29.05,0.08197344465539867,0.06014105827328552,0.02183238638211315
29.1,0.3688202672138253,0.2829781762501063,0.08584209096371903
29.150000000000002,0.5872618591119624,0.5026253026955831,0.08463655641637924
29.200000000000003,0.6748899626364188,0.6696947754310393,0.005195187205379481
29.25,0.6175860335595328,0.720573720793461,-0.10298768723392826
29.3,0.4506257243236245,0.6156338747468598,-0.1650081504232353
29.35,0.2336926587456057,0.37203383259075434,-0.13834117384514863
29.400000000000002,0.020691661708774886,0.06471242973047778,-0.04402076802170289
29.450000000000003,-0.15407278810609612,-0.20744198687861243,0.05336919877251631
29.5,-0.26930687209232196,-0.36821168520590203,0.09890481311358007
29.55,-0.3046020327574076,-0.3934011415673095,0.08879910880990188
29.6,-0.24052513387367017,-0.30672410192503125,0.06619896805136108
29.650000000000002,-0.07372365798652272,-0.15055370826163902,0.0768300502751163
29.700000000000003,0.16769707136093057,0.04327306882204768,0.12442400253888289
29.75,0.42603418449066005,0.2603914690516139,0.16564271543904613
29.8,0.63585434627085,0.4865604042933415,0.1492939419775085
29.85,0.7507189647073951,0.6854992635926587,0.0652197011147364
29.900000000000002,0.7557303117554406,0.7966283710190172,-0.04089805926357659
29.950000000000003,0.6602867222554754,0.761156583542746,-0.1008698612872706
30.0,0.4826429558331663,0.5597085770824652,-0.07706562124929894
30.05,0.24223661325875964,0.23186455002696446,0.010372063231795181
30.1,-0.03594197326953711,-0.14006570070680804,0.10412372743727094
30.150000000000002,-0.31540695770979926,-0.47270449358690886,0.1572975358771096
30.200000000000003,-0.553375080188264,-0.718085325314982,0.16471024512671806
30.25,-0.7174192730341189,-0.8699582505808803,0.15253897754676138
30.3,-0.8001919159603662,-0.9418040791310874,0.14161216317072123
30.35,-0.8186539630304688,-0.9421345390782323,0.12348057604776352
30.400000000000002,-0.7983164886267411,-0.8713016613853781,0.07298517275863703
30.450000000000003,-0.7569869646610979,-0.7394496320544186,-0.017537332606679334
30.5,-0.7018599943196022,-0.5818910766637668,-0.1199689176558354
30.55,-0.6390661984465135,-0.4497050452148387,-0.1893611532316748
30.6,-0.5814187286095984,-0.3788302548547089,-0.20258847375488953
30.650000000000002,-0.542415331891097,-0.36494658230596144,-0.1774687495851356
30.700000000000003,-0.5205711112785861,-0.368952581303476,-0.1516185299751101
30.75,-0.4910782531321299,-0.34978498840076166,-0.14129326473136822
30.8,-0.41725243077711016,-0.29483239066235223,-0.12242004011475793
30.85,-0.275628771693616,-0.22013341265157915,-0.05549535904203684
30.900000000000002,-0.07432305896592052,-0.14218057384742072,0.0678575148815002
30.950000000000003,0.15077156531801875,-0.051782061387320055,0.2025536267053388
31.0,0.35746517278425644,0.0806576534720824,0.27680751931217407
31.05,0.5166258396000077,0.26985908725610336,0.24676675234390438
31.1,0.6140666334480572,0.48283446167975846,0.13123217176829877
31.150000000000002,0.6390070591278327,0.6419422384289032,-0.0029351793010704563
31.200000000000003,0.5772916264900088,0.6667500678755428,-0.08945844138553405
31.25,0.42159201531180296,0.524069440694056,-0.10247742538225307
31.3,0.19073362433780747,0.2493977512942217,-0.058664126956414236
31.35,-0.06291993514466589,-0.07219372896719495,0.009273793822529061
31.400000000000002,-0.2708693105286283,-0.3468544211217241,0.07598511059309582
31.450000000000003,-0.38104483614936785,-0.505938174123101,0.1248933379737332
31.5,-0.3812576158516929,-0.5198077929988355,0.13855017714714263
31.55,-0.29708838657262193,-0.39772733314435665,0.10063894657173472
31.6,-0.1703595894540366,-0.18408325646016108,0.013723667006124485
31.650000000000002,-0.03936794977699458,0.04953812189016798,-0.08890607166716255
31.700000000000003,0.06468673784754436,0.2240340926277358,-0.15934735478019144
31.75,0.11089082476440146,0.2829682450406786,-0.17207742027627712
31.8,0.06907019540510294,0.2161182912511828,-0.14704809584607986
31.85,-0.07408232767558762,0.05713623119482843,-0.13121855887041606
31.900000000000002,-0.2951745494186254,-0.14451338708670686,-0.15066116233191856
31.950000000000003,-0.531832628219272,-0.3531244758216531,-0.1787081523976189
32.0,-0.7062317827365795,-0.5506935661693252,-0.1555382165672543
32.050000000000004,-0.7594845425714983,-0.7129666433295274,-0.04651789924197092
32.1,-0.6718363482583622,-0.7855956812814843,0.11375933302312202
32.15,-0.4572230336347532,-0.6932015355775555,0.2359785019428023
32.2,-0.14452289260888643,-0.3854869001244242,0.2409640075155378
32.25,0.23234490416378967,0.1124822599207805,0.11986264424300917
32.300000000000004,0.6273705656386993,0.6889362165878062,-0.06156565094910693
32.35,0.9733080007528596,1.1882836539536896,-0.21497565320083
32.4,1.1922859006986415,1.4816214269622034,-0.28933552626356196
32.45,1.2299530069578768,1.5189268943147891,-0.2889738873569123
32.5,1.0906696918013907,1.335044479915121,-0.24437478811373037
32.550000000000004,0.84351402575715,1.0178575745408782,-0.17434354878372826
32.6,0.5894356817281876,0.6687215387084244,-0.07928585698023682
32.65,0.4111167245057389,0.3774237369790523,0.03369298752668659
32.7,0.34045531929076,0.21106706517565646,0.12938825411510355
32.75,0.36211419821287855,0.20409334538473337,0.15802085282814518
32.800000000000004,0.4411825322379995,0.3452753527196872,0.09590717951831235
32.85,0.5467243498458079,0.5731742818828948,-0.0264499320370869
32.9,0.6540260317027708,0.7937752690927328,-0.13974923738996192
32.95,0.733377935708464,0.9181354636743269,-0.18475752796586287
33.0,0.7467322990309756,0.8995162532811061,-0.15278395425013047
33.050000000000004,0.6632494612972847,0.7473900297039744,-0.08414056840668971
33.1,0.48256693686177443,0.5124029979503536,-0.02983606108857917
33.15,0.24369314021949634,0.2563734713991966,-0.012680331179700244
33.2,0.008610994656309342,0.02764343605820539,-0.01903244140189605
33.25,-0.16839091517011412,-0.14783911590911253,-0.02055179926100159
33.300000000000004,-0.2632214054243397,-0.2632900745388485,6.866911450881252e-05
33.35,-0.28288845727472617,-0.3246984975685663,0.04181004029384011
33.4,-0.250611005273522,-0.346026964756506,0.09541595948298404
33.45,-0.19163731549307542,-0.34522663751074756,0.15358932201767214
33.5,-0.12988234502182716,-0.3399215772471444,0.21003923222531723
33.550000000000004,-0.09102129268885413,-0.3443472310933278,0.2533259384044737
33.6,-0.10089582879778487,-0.3691410857659756,0.26824525696819074
33.65,-0.1751484542952812,-0.42203160357224917,0.24688314927696797
33.7,-0.3080921542055737,-0.5057091158614838,0.19761696165591014
33.75,-0.47242832540070884,-0.6130911029832734,0.14066277758256457
33.800000000000004,-0.6325489889438797,-0.7258610798838976,0.09331209094001791
33.85,-0.7618708991512742,-0.8215754035416233,0.059704504390349133
33.9,-0.8511810349482504,-0.8860678706419047,0.03488683569365436
33.95,-0.9033431474895203,-0.9199564498424264,0.016613302352906145
34.0,-0.921434952707728,-0.9311452323600979,0.009710279652369924
34.050000000000004,-0.9016098821257624,-0.9187883557765837,0.017178473650821258
34.1,-0.835959958803497,-0.8650074643192932,0.029047505515796157
34.15,-0.7212002752833838,-0.745829858585939,0.024629583302555158
34.2,-0.5647297385470235,-0.5546048976186583,-0.010124840928365186
34.25,-0.38296434237495675,-0.3168279687804876,-0.06613637359446917
34.300000000000004,-0.1933613552015293,-0.08032475843463567,-0.11303659676689364
34.35,-0.005719753531207693,0.11383993971702813,-0.11955969324823583
34.4,0.18158748280517428,0.25638942929915526,-0.07480194649398098
34.45,0.3773018848301898,0.3702947674996369,0.00700711733055287
34.5,0.5854801434316653,0.4872185938267161,0.0982615496049492
34.550000000000004,0.7915337172923766,0.6198168139111794,0.17171690338119727
34.6,0.9555692949796192,0.7502054485203822,0.205363846459237
34.65,1.021802783958582,0.8387213590707566,0.1830814248878253
34.7,0.9441837762435152,0.8419660408208155,0.10221773542269974
34.75,0.7153930887601154,0.7284514177355446,-0.013058328975429134
34.800000000000004,0.3794261523174194,0.48973132197244656,-0.11030516965502718
34.85,0.015724737183076886,0.1498786280245713,-0.13415389084149443
34.9,-0.2976555305101505,-0.23006297146326032,-0.06759255904689015
34.95,-0.5179704413307401,-0.5634345763656572,0.045464135034917086
35.0,-0.6465036294582107,-0.7700651535570527,0.12356152409884202
35.050000000000004,-0.7095916207730465,-0.8153312428661462,0.10573962209309973
35.1,-0.7311348894320792,-0.7291274447457311,-0.002007444686348059
35.15,-0.7201661019694499,-0.5875419710513422,-0.13262413091810765
35.2,-0.6803425426837743,-0.4685561162571824,-0.21178642642659185
35.25,-0.6262678933269061,-0.41463281920859246,-0.21163507411831367
35.300000000000004,-0.5853223003673373,-0.4276152818541248,-0.15770701851321256
35.35,-0.5791707942261074,-0.4906074472359714,-0.08856334699013602
35.4,-0.60115591489016,-0.5874625607043538,-0.013693354185806195
35.45,-0.6124951796294168,-0.6977864200676231,0.08529124043820635
35.5,-0.5644087153293706,-0.7769292947026941,0.21252057937332347
35.550000000000004,-0.42978194413882304,-0.753044124327083,0.32326218018826
35.6,-0.21923182492252352,-0.5609675271488228,0.3417357022262993
35.65,0.02925445335489656,-0.19470481341253656,0.22395926676743313
35.7,0.274633894321677,0.2660132344611929,0.008620659860484103
35.75,0.48868307882029927,0.6855393679957257,-0.1968562891754264
35.800000000000004,0.6531919406032604,0.9439241015676628,-0.29073216096440246
35.85,0.7491283792758084,1.000006168850746,-0.25087778957493756
35.9,0.7564212147176588,0.9018091772348,-0.14538796251714126
35.95,0.6700072844504318,0.7423944290941844,-0.07238714464375262
36.0,0.517377935889799,0.5998255955213286,-0.08244765963152967
36.050000000000004,0.3565873080016973,0.5048121755696319,-0.14822486756793457
36.1,0.2492458123043868,0.4495435300904184,-0.20029771778603161
36.15,0.22621056114163937,0.41695157497255475,-0.19074101383091538
36.2,0.2721536147489913,0.40041156112862497,-0.12825794637963367
36.25,0.34035243761806666,0.4015474521117274,-0.061195014493660715
36.300000000000004,0.38445966749665483,0.4163828409201597,-0.03192317342350487
36.35,0.3821333022156234,0.4269504750142798,-0.04481717279865638
36.4,0.3360341258058426,0.40593264815298147,-0.06989852234713889
36.45,0.25919691643893233,0.3300685470044093,-0.07087163056547696
36.5,0.16328892084108262,0.19437731567773545,-0.031088394836652822
36.550000000000004,0.06019031825956533,0.021257643779337237,0.038932674480228094
36.6,-0.030109395689742146,-0.14069705358821533,0.11058765789847318
36.65,-0.0803299354344586,-0.23305286034940734,0.15272292491494874
36.7,-0.07090507117660542,-0.21712522095388026,0.14622014977727482
36.75,-0.007778111162569398,-0.10140204279574547,0.09362393163317607
36.800000000000004,0.07471342557884762,0.05558994623572371,0.01912347934312391
36.85,0.13203408262029412,0.17623269387167395,-0.04419861125137983
36.9,0.13613396619000706,0.20989036845439432,-0.07375640226438726
36.95,0.08997280395917433,0.15822491498806027,-0.06825211102888594
37.0,0.019605960001412664,0.05894741358600475,-0.03934145358459208
37.050000000000004,-0.047446538059033296,-0.054519443539923766,0.007072905480890471
37.1,-0.09871729616171766,-0.17532670786344873,0.07660941170173106
37.15,-0.13660287494115572,-0.3031762214350117,0.166573346493856
37.2,-0.166392098969508,-0.40518841172232195,0.23879631275281396
37.25,-0.18716284248582943,-0.4096356184814278,0.2224727759955984
37.300000000000004,-0.19468494937992994,-0.2583138064055705,0.06362885702564056
37.35,-0.19135024069757225,0.01990948079710384,-0.2112597214946761
37.4,-0.18992573829661152,0.2898282218120309,-0.4797539601086424
37.45,-0.20368935441771982,0.38604812094765883,-0.5897374753653787
37.5,-0.22953594588180595,0.2398533772933819,-0.4693893231751879
37.550000000000004,-0.23935994705177394,-0.04744710421314432,-0.1919128428386296
37.6,-0.1899792073506508,-0.2586724720468649,0.06869326469621409
37.65,-0.047311933739295986,-0.21278060573668373,0.16546867199738774
37.7,0.19097496196839261,0.10276669285395076,0.08820826911444185
37.75,0.4891639203837161,0.526666749825034,-0.03750282944131794
37.800000000000004,0.7865114397750299,0.8483633865538521,-0.06185194677882222
37.85,1.020070487534594,0.9572562290833821,0.06281425845121191
37.9,1.1440095405303707,0.8954843611394756,0.24852517939089513
37.95,1.1381361510319037,0.7826450126883419,0.35549113834356183
38.0,1.0072647972322206,0.6927409226119952,0.31452387462022546
38.050000000000004,0.7771628996002922,0.5973026448809091,0.17986025471938305
38.1,0.490093848270754,0.41812442159681407,0.0719694266739399
38.15,0.19802648438953024,0.12864513773707,0.06938134665246024
38.2,-0.04951116147083739,-0.19780722189552064,0.14829606042468324
38.25,-0.22141318014757408,-0.4386070541056144,0.21719387395804032
38.300000000000004,-0.31722286218166407,-0.5220997268602353,0.20487686467857125
38.35,-0.36668445279202266,-0.48482026075958357,0.1181358079675609
38.400000000000006,-0.413858667241844,-0.43702985568634295,0.023171188444498947
38.45,-0.49311144553787156,-0.47255797019267065,-0.02055347534520091
38.5,-0.6107441357850188,-0.6036857976570963,-0.007058338127922559
38.550000000000004,-0.743304790407182,-0.7702673621613948,0.026962571754212794
38.6,-0.8528698758677665,-0.9015351046360217,0.048665228768255187
38.650000000000006,-0.9084119152231054,-0.9678178731929583,0.05940595796985293
38.7,-0.8991780077817013,-0.9809185689057615,0.08174056112406014
38.75,-0.8332312978751002,-0.9571280168647578,0.1238967189896576
38.800000000000004,-0.7260795252708108,-0.8893315619813327,0.1632520367105219
38.85,-0.5909809065460304,-0.7571195116325162,0.1661386050864858
38.900000000000006,-0.43872790362236047,-0.5602564927913064,0.12152858916894593
38.95,-0.28421504553568266,-0.33712280989993393,0.052907764364251264
39.0,-0.14970524192142026,-0.14675875539575428,-0.002946486525665981
39.050000000000004,-0.057567488322736275,-0.029989355185118114,-0.02757813313761816
39.1,-0.016085779968231545,0.015706940029748054,-0.0317927199979796
39.150000000000006,-0.010645678458110505,0.02755669770945705,-0.03820237616756755
39.2,-0.010368913600088635,0.045885966056806136,-0.05625487965689477
39.25,0.01200641933181004,0.08735571692970531,-0.07534929759789527
39.300000000000004,0.061069413628159756,0.14134641719699353,-0.08027700356883377
39.35,0.11522728416019073,0.18521444761720413,-0.06998716345701339
39.400000000000006,0.1417068210403308,0.20082013911033797,-0.059113318070007165
39.45,0.11869000877919388,0.17987416121957844,-0.06118415244038457
39.5,0.048450507727004336,0.11993148305940378,-0.07148097533239944
39.550000000000004,-0.0462557956399017,0.021168391539191467,-0.06742418717909317
39.6,-0.1367810993193703,-0.10959303512291006,-0.027188064196460235
39.650000000000006,-0.20165091669521795,-0.25085620388719043,0.04920528719197248
39.7,-0.230406887153112,-0.36384118671253024,0.13343429955941824
39.75,-0.2206957232280922,-0.40270738587471094,0.18201166264661875
39.800000000000004,-0.176150031160181,-0.33658852800673905,0.16043849684655806
39.85,-0.10833535315112494,-0.17268201747698028,0.06434666432585534
39.900000000000006,-0.03817857284095658,0.03550221454292384,-0.07368078738388043
39.95,0.009762163974991038,0.2060439192950199,-0.19628175532002884
40.0,0.02004787372983017,0.26887162027122274,-0.24882374654139258
40.050000000000004,-0.0028845653979385107,0.20664203942704001,-0.20952660482497854
40.1,-0.03618482264644881,0.06800519419268236,-0.10419001683913118
40.150000000000006,-0.053406381799077106,-0.0602581404126928,0.0068517586136156924
40.2,-0.04217951247974837,-0.10660521928502474,0.06442570680527637
40.25,-0.011039458102573792,-0.05679734200856605,0.04575788390599226
40.300000000000004,0.019569391481340934,0.04543779189610784,-0.025868400414766905
40.35,0.03411510627762299,0.13726919987012834,-0.10315409359250535
40.400000000000006,0.033059396558667326,0.1823868099886161,-0.14932741342994876
40.45,0.031045197187095867,0.18821147627895918,-0.15716627909186331
40.5,0.04670492443642514,0.18745980788171937,-0.14075488344529424
40.550000000000004,0.09428196649463293,0.20825960235377292,-0.11397763585913999
40.6,0.18224442190870302,0.261932009265903,-0.07968758735719997
40.650000000000006,0.3146173635629512,0.3529962772431406,-0.038378913680189364
40.7,0.48749497073491777,0.4893863080981853,-0.0018913373632675201
40.75,0.6800928628903994,0.6718056376960874,0.00828722519431202
40.800000000000004,0.8496635959296277,0.8693290745877184,-0.01966547865809065
40.85,0.9412641525104483,1.012483482155051,-0.07121932964460276
40.900000000000006,0.9127147736427084,1.025316158542127,-0.11260138489941873
40.95,0.7604242182198384,0.8795106665679592,-0.11908644834812077
41.0,0.5267588243042971,0.6245547800941409,-0.09779595578984379
41.050000000000004,0.2806304919097038,0.36147226523572545,-0.08084177332602166
41.1,0.08232888648217492,0.17583366298092246,-0.09350477649874754
41.150000000000006,-0.04431057170750504,0.08405703780789618,-0.12836760951540122
41.2,-0.11469136786648422,0.03706110976669623,-0.15175247763318045
41.25,-0.1620906682155339,-0.02560086624308156,-0.13648980197245233
41.300000000000004,-0.2098848187443959,-0.1221866598960993,-0.08769815884829661
41.35,-0.25721423248088693,-0.22230852431932915,-0.034905708161557775
41.400000000000006,-0.28501340503698064,-0.2862283303375958,0.0012149253006151772
41.45,-0.2731727746395101,-0.30500847927628433,0.03183570463677421
41.5,-0.21338189700383137,-0.2998650102434652,0.08648311323963381
41.550000000000004,-0.10944953141447492,-0.28426160395665767,0.17481207254218276
41.6,0.030471053818437743,-0.23274285900659242,0.26321391282503015
41.650000000000006,0.19891963355858575,-0.09504379092517296,0.2939634244837587
41.7,0.3852812902523439,0.15186299049981955,0.23341829975252437
41.75,0.5672689801490536,0.46140164807703976,0.10586733207201382
41.800000000000004,0.7079905632199031,0.7269849408153857,-0.018994377595482614
41.85,0.7650935041288912,0.8401894204921582,-0.07509591636326696
41.900000000000006,0.708408215107428,0.7521605760567807,-0.04375236094935264
41.95,0.5349464508887204,0.492932888244505,0.04201356264421541
42.0,0.27134106845590683,0.14180146587059064,0.1295396025853162
42.050000000000004,-0.03746161941495786,-0.21988907545084554,0.18242745603588767
42.1,-0.34541072484197466,-0.5376033615046181,0.1921926366626434
42.150000000000006,-0.6180136742391962,-0.7844286980814003,0.16641502384220408
42.2,-0.8349023576459774,-0.9500805945830509,0.11517823693707352
42.25,-0.9844776635484347,-1.0355797483990559,0.05110208485062118
42.300000000000004,-1.05740641382702,-1.0534970525992926,-0.003909361227727448
42.35,-1.044673362304265,-1.0222516241423971,-0.022421738161867877
42.400000000000006,-0.9412157447093689,-0.951500153305701,0.010284408596332173
42.45,-0.751982338878345,-0.8319041715948661,0.07992183271652109
42.5,-0.49615780721145325,-0.6441881463433936,0.14803033913194036
42.550000000000004,-0.2069267446848812,-0.38428821691147247,0.17736147222659127
42.6,0.07349715167844796,-0.08257968166181548,0.15607683334026345
42.650000000000006,0.3022764790486893,0.20240505905899592,0.0998714199896934
42.7,0.44572270042870465,0.4122318385777066,0.03349086185099803
42.75,0.4878002904642109,0.5150073611070248,-0.027207070642813913
42.800000000000004,0.4343767675472629,0.5100339797858542,-0.07565721223859129
42.85,0.3109292765571292,0.41394648298786524,-0.10301720643073603
42.900000000000006,0.15372229675482635,0.2486656928623568,-0.09494339610753044
42.95,-0.002402175168819666,0.04401044723138578,-0.046412622400205446
43.0,-0.13445270319359498,-0.1547843792570833,0.02033167606348832
43.050000000000004,-0.2354273184202397,-0.2949935711904437,0.059566252770204026
43.1,-0.31086492744810834,-0.3443932227643991,0.03352829531629076
43.150000000000006,-0.3703655280095083,-0.3175748077330878,-0.052790720276420455
43.2,-0.41886551823170337,-0.27181283787886895,-0.14705268035283442
43.25,-0.4520077501223271,-0.2676067679336301,-0.184400982188697
43.300000000000004,-0.45748341175256224,-0.3225830100178768,-0.13490040173468543
43.35,-0.42132073339014875,-0.39706256069618157,-0.024258172693967184
43.400000000000006,-0.3360692344073883,-0.42393021546593185,0.08786098105854356
43.45,-0.20718387428588972,-0.35791382864714816,0.15072995436125844
43.5,-0.05459014468213169,-0.20503436492279623,0.15044422024066453
43.550000000000004,0.09181978672017578,-0.013564964522162548,0.10538475124233833
43.6,0.20155299371599442,0.1587456522394698,0.042807341476524624
43.650000000000006,0.2542299355257159,0.2721311569788527,-0.01790122145313683
43.7,0.24713722869704893,0.3121362537284108,-0.06499902503136187
43.75,0.19620445627620106,0.28476046534527194,-0.08855600906907088
43.800000000000004,0.12982999759819291,0.21338548977013108,-0.08355549217193817
43.85,0.07811762003441525,0.13798928154048193,-0.05987166150606668
43.900000000000006,0.06190567825364467,0.1048321739747129,-0.04292649572106822
43.95,0.08576457366140865,0.14196099691916964,-0.05619642325776099
44.0,0.13737048286484796,0.23599942578923755,-0.09862894292438959
44.050000000000004,0.19331799889619994,0.3339962940619422,-0.14067829516574226
44.1,0.2292315441425585,0.3763243983712349,-0.14709285422867638
44.150000000000006,0.23033860005697576,0.3375290765197431,-0.10719047646276736
44.2,0.19797245352199375,0.24169505696327348,-0.043722603441279734
44.25,0.14857129656704748,0.14035379714568622,0.008217499421361268
44.300000000000004,0.10498306220839575,0.07441469939635319,0.03056836281204256
44.35,0.08414602875689305,0.05380515250842912,0.030340876248463926
44.400000000000006,0.08792343550109992,0.06755960416071972,0.020363831340380195
44.45,0.10267770131601948,0.10556458416759543,-0.002886882851575942
44.5,0.10811677370417491,0.16442260500224945,-0.05630583129807454
44.550000000000004,0.0900703647942299,0.23241989313328298,-0.14234952833905307
44.6,0.049258398110321455,0.27656406721803184,-0.22730566910771038
44.650000000000006,0.0007893891147648577,0.25579349336814394,-0.2550041042533791
44.7,-0.03477729158077876,0.15558395364568484,-0.19036124522646358
44.75,-0.04280142137364844,0.011051510686468435,-0.053852932060116876
44.800000000000004,-0.02156622065618408,-0.10938782882813675,0.08782160817195267
44.85,0.018317882957499605,-0.15136576229734963,0.16968364525484925
44.900000000000006,0.06051991855214124,-0.11266147602679116,0.1731813945789324
44.95,0.09128558425156671,-0.03808077286258958,0.12936635711415628
45.0,0.10548734955671565,0.02300604694358986,0.08248130261312579
45.050000000000004,0.10849324036045356,0.05632544691911927,0.05216779344133429
45.1,0.11358461198161071,0.08464624213126305,0.02893836985034766
45.150000000000006,0.1355150224831889,0.13551728753113448,-2.265047945593235e-06
45.2,0.18182165895318744,0.21021906437513954,-0.0283974054219521
45.25,0.2452485239586648,0.28320382931225546,-0.03795530535359065
45.300000000000004,0.3019194610132164,0.32625974718449097,-0.024340286171274594
45.35,0.31855252481695256,0.32677212477550566,-0.008219599958553092
45.400000000000006,0.2673505449995187,0.2811880178217024,-0.013837472822183672
45.45,0.14161933295887497,0.17826912801377273,-0.036649795054897766
45.5,-0.03709566713571379,0.0022193254681967737,-0.03931499260391057
45.550000000000004,-0.22579607001080174,-0.2370383702653933,0.011242300254591553
45.6,-0.37799065092395684,-0.4769371322164182,0.09894648129246136
45.650000000000006,-0.4628438824590056,-0.618164207649371,0.15532032519036537
45.7,-0.4745851660108321,-0.5865240110945581,0.11193884508372598
45.75,-0.42766230295104934,-0.3945251023851743,-0.03313720056587505
45.800000000000004,-0.3425197525252246,-0.1451719311121806,-0.197347821413044
45.85,-0.2325480985959937,0.0352001422161111,-0.2677482408121048
45.900000000000006,-0.10069869963846838,0.08562553635734457,-0.18632423599581294
45.95,0.053671450747795044,0.049069424755588655,0.004602025992206389
46.0,0.22472270731488062,0.030111390177105336,0.19461131713777527
46.050000000000004,0.3953153982628022,0.10895880818930206,0.2863565900735001
46.1,0.5407334617474274,0.2826689398173101,0.2580645219301173
46.150000000000006,0.6371319561831353,0.47557893013086994,0.1615530260522654
46.2,0.6679890500686988,0.5995641772862672,0.06842487278243159
46.25,0.6252069672019004,0.6081227933446605,0.017084173857239926
46.300000000000004,0.5074151362783541,0.5055868649694982,0.0018282713088558777
46.35,0.3204458267458247,0.3202733578331596,0.00017246891266514686
46.400000000000006,0.08131255266769173,0.0793001265707716,0.0020124260969201363
46.45,-0.17901353060155592,-0.1911887943382696,0.012175263736713682
46.5,-0.42048762164201037,-0.4522445355471206,0.03175691390511021
46.550000000000004,-0.6073916450671812,-0.6531738357615082,0.045782190694326985
46.6,-0.722466264973788,-0.7567490790189347,0.03428281404514677
46.650000000000006,-0.7707728871824487,-0.7662548387766541,-0.004518048405794617
46.7,-0.7690876346311558,-0.7240032224686556,-0.045084412162500254
46.75,-0.7288058511767388,-0.6766955047717612,-0.05211034640497758
46.800000000000004,-0.6470629671820831,-0.6365134834868942,-0.010549483695188933
46.85,-0.5147620645298517,-0.5734462564467847,0.05868419191693297
46.900000000000006,-0.33532181648233317,-0.44662327983160416,0.11130146334927099
46.95,-0.1370488495240568,-0.24708223848362942,0.11003338895957263
47.0,0.03429712199728071,-0.01489697339088311,0.04919409538816382
47.050000000000004,0.13984260177683902,0.18268655665123468,-0.04284395487439566
47.1,0.17073800798546165,0.2924018654780401,-0.12166385749257844
47.150000000000006,0.15168078732926102,0.3031623361757944,-0.1514815488465334
47.2,0.12196800908141374,0.24452598917549564,-0.1225579800940819
47.25,0.10931344399943384,0.16362105788066833,-0.05430761388123449
47.300000000000004,0.11647092063424384,0.10039295601518346,0.016077964619060386
47.35,0.12841649765567192,0.07412178876607364,0.05429470888959828
47.400000000000006,0.1301512070332947,0.08160308299078076,0.048548124042513935
47.45,0.11822462674082931,0.10263765406145461,0.0155869726793747
47.5,0.09818154295823836,0.11127528128336424,-0.013093738325125878
47.550000000000004,0.07511490388080157,0.0917606254612373,-0.01664572158043573
47.6,0.05008998440933159,0.05206048787040176,-0.0019705034610701735
47.650000000000006,0.026347629593551254,0.02319244979598706,0.003155179797564193
47.7,0.01605454813707983,0.03950812610885025,-0.023453577971770424
47.75,0.03574967738390411,0.11140308131718843,-0.07565340393328432
47.800000000000004,0.09041192463209344,0.21221556269154576,-0.12180363805945232
47.85,0.16050016826075714,0.29243676249291767,-0.13193659423216053
47.900000000000006,0.20752837004378044,0.3118800689710002,-0.10435169892721974
47.95,0.1983088453071048,0.2644753994486894,-0.06616655414158462
48.0,0.1296548312827414,0.17667019847802687,-0.04701536719528546
48.050000000000004,0.03228070023820064,0.08372141639218926,-0.05144071615398862
48.1,-0.0505997176854036,0.006486925143908768,-0.05708664282931236
48.150000000000006,-0.09253489925941667,-0.05231218473240536,-0.04022271452701131
48.2,-0.09683308247132302,-0.09419652040899715,-0.0026365620623258756
48.25,-0.08428460369262908,-0.11194534943023883,0.02766074573760975
48.300000000000004,-0.0694235031674174,-0.09264449513683541,0.023220991969418014
48.35,-0.04824926768835123,-0.0332649723767375,-0.01498429531161373
48.400000000000006,-0.007570101702276553,0.04868015100438168,-0.05625025270665823
48.45,0.055548675668277474,0.12216070525240762,-0.06661202958413015
48.5,0.12508373691969057,0.16239956004686892,-0.03731582312717835
48.550000000000004,0.1772396100701524,0.16610972453734776,0.01112988553280464
48.6,0.20010993674244162,0.1497253741758445,0.050384562566597124
48.650000000000006,0.20177772989677456,0.13407903715026265,0.06769869274651191
48.7,0.1986721698823987,0.12978681258849697,0.06888535729390172
48.75,0.196218982699639,0.13399968484501273,0.062219297854626265
48.800000000000004,0.1818760185956538,0.1371083242683927,0.044767694327261104
48.85,0.13825377753742005,0.13050747530512014,0.007746302232299912
48.900000000000006,0.0635262442092217,0.10949443260024476,-0.045968188391023054
48.95,-0.021609344995318032,0.07273833936695856,-0.09434768436227658
49.0,-0.08831373219997878,0.02228312552687683,-0.11059685772685561
49.050000000000004,-0.12209991566691841,-0.03570318181642414,-0.08639673385049428
49.1,-0.13179455489105507,-0.09243224245359305,-0.03936231243746202
49.150000000000006,-0.13619462060546791,-0.14056314856251187,0.004368527957043955
49.2,-0.14143218565328347,-0.17610090966414485,0.03466872401086138
49.25,-0.13150710481088113,-0.19413055096456552,0.0626234461536844
49.300000000000004,-0.08223406551240921,-0.1824792961639174,0.10024523065150819
49.35,0.013400286353308007,-0.12378577687940295,0.13718606323271096
49.400000000000006,0.13160592740463076,-0.010988552648443445,0.1425944800530742
49.45,0.22873613907278523,0.1340114237006557,0.09472471537212954
49.5,0.26799906291406794,0.2584501766831559,0.009548886230912046
49.550000000000004,0.2402266935847671,0.3039689675748156,-0.06374227399004853
49.6,0.16381958472492483,0.2452490784692663,-0.08142949374434147
49.650000000000006,0.06770309952227842,0.11126652795532335,-0.043563428433044935
49.7,-0.02613566729140446,-0.032137411371405335,0.006001744080000874
49.75,-0.10763425119563035,-0.1282502866744549,0.020616035478824554
49.800000000000004,-0.17238861039835288,-0.16761476298463918,-0.0047738474137137
49.85,-0.2150850301875987,-0.1862175164582208,-0.028867513729377903
49.900000000000006,-0.23045663894063162,-0.22541178339469667,-0.005044855545934951
49.95,-0.21900851828379203,-0.2891314396662143,0.07012292138242227
50.0,-0.18895811252039552,-0.3368806916975899,0.14792257917719437
50.050000000000004,-0.15067671792626638,-0.31927871824065057,0.1686020003143842
50.1,-0.10925269929222799,-0.22475136886036115,0.11549866956813316
50.150000000000006,-0.06376866576810916,-0.0957647037824202,0.03199603801431104
50.2,-0.014829978178469207,0.0001426902980016716,-0.014972668476470878
50.25,0.02773365145160469,0.019849441688783005,0.007884209762821684
50.300000000000004,0.046616063888930866,-0.02678260210873075,0.07339866599766162
50.35,0.02888982240146442,-0.09101645197698356,0.11990627437844797
50.400000000000006,-0.022188456096221713,-0.12674685140662498,0.10455839531040326
50.45,-0.0870767684791448,-0.12302597378036069,0.035949205301215884
50.5,-0.1430824217210563,-0.10292269380912626,-0.04015972791193005
50.550000000000004,-0.1797709109894111,-0.09527006702096073,-0.08450084396845035
50.6,-0.20286295642768337,-0.10755057981189807,-0.0953123766157853
50.650000000000006,-0.2228777693245425,-0.12266411836700833,-0.10021365095753418
50.7,-0.23879914071881497,-0.11791737148329103,-0.12088176923552395
50.75,-0.23222802058234232,-0.08532389062262742,-0.1469041299597149
50.800000000000004,-0.17890055037545274,-0.034712070260667416,-0.14418848011478533
50.85,-0.06944823502365954,0.01988077478566619,-0.08932900980932573
50.900000000000006,0.07719767794816805,0.0741276494282768,0.0030700285198912436
50.95,0.2191608641333243,0.13300543832976428,0.08615542580356003
51.0,0.312792254992748,0.19749239734743831,0.11529985764530967
51.050000000000004,0.3350338306731471,0.25356359911542964,0.08147023155771749
51.1,0.29228501091828024,0.2768177346061219,0.015467276312158329
51.150000000000006,0.21177794248734005,0.25075398795958087,-0.03897604547224082
51.2,0.1238172518101051,0.18276621364990628,-0.05894896183980118
51.25,0.04787260728827555,0.10258969428210914,-0.05471708699383359
51.300000000000004,-0.009915770975914426,0.04284870260547156,-0.05276447358138599
51.35,-0.050115912202636385,0.017175549723818365,-0.06729146192645474
51.400000000000006,-0.07261987440275192,0.013957766932198388,-0.0865776413349503
51.45,-0.07503860841580057,0.01066912192260379,-0.08570773033840436
51.5,-0.0565566526552259,-0.00377295594323472,-0.05278369671199118
51.550000000000004,-0.021636442771029073,-0.017978404592749467,-0.0036580381782796052
51.6,0.021238556207257814,-0.007911993478934643,0.029150549686192455
51.650000000000006,0.0650141276839491,0.0409462756090209,0.024067852074928196
51.7,0.1082477411599231,0.1183801597481707,-0.010132418588247608
51.75,0.1534584583251922,0.19455833030632474,-0.041099871981132546
51.800000000000004,0.20086233558169345,0.24141532881922326,-0.04055299323752981
51.85,0.24377094181194553,0.25223071653669876,-0.008459774724753233
51.900000000000006,0.27098836102680773,0.24302655651320623,0.0279618045136015
51.95,0.27493094990061334,0.23524944191730587,0.03968150798330747
52.0,0.2580415059423765,0.23528301667319662,0.022758489269179893
52.050000000000004,0.23071484515540158,0.22857594678597312,0.0021388983694284602
52.1,0.20157242144324022,0.1928764016994886,0.008696019743751615
52.150000000000006,0.16867744021831682,0.11834963387274326,0.05032780634557356
52.2,0.12042499141000847,0.017054072944374814,0.10337091846563365
52.25,0.046397734857272194,-0.08552762185675906,0.13192535671403127
52.300000000000004,-0.051108376281336305,-0.1684434186031638,0.11733504232182751
52.35,-0.15565938152600783,-0.22729250174506765,0.07163312021905982
52.400000000000006,-0.24743100601734563,-0.2720235430511025,0.024592537033756856
52.45,-0.31701761319209165,-0.3154029865365136,-0.0016146266555780442
52.5,-0.3700685464833051,-0.36351328597558236,-0.00655526050772276
52.550000000000004,-0.41871521669270995,-0.4145365871524364,-0.004178629540273537
52.6,-0.4677714812559235,-0.4624428324817915,-0.005328648774131972
52.650000000000006,-0.508223933082207,-0.4987336702053669,-0.009490262876840128
52.7,-0.5233553134808613,-0.5109349849951993,-0.012420328485661991
52.75,-0.5009917707482014,-0.4834308591116849,-0.017560911636516574
52.800000000000004,-0.44027280750996944,-0.4052786810590522,-0.03499412645091726
52.85,-0.3476476400222386,-0.28084079635534026,-0.06680684366689832
52.900000000000006,-0.22787114532002264,-0.13234878031532785,-0.0955223650046948
52.95,-0.080463410014699,0.011892285159218034,-0.09235569517391704
53.0,0.09406338126575797,0.13643946416356312,-0.042376082897805145
53.050000000000004,0.2843890596542894,0.24820998581548695,0.03617907383880245
53.1,0.4652583061979143,0.36569657476548234,0.09956173143243197
53.150000000000006,0.6050758667195762,0.4946782273596859,0.11039763935989033
53.2,0.6782767836965026,0.6109956542860401,0.06728112941046249
53.25,0.6729126419010815,0.6672647406852172,0.005647901215864226
53.300000000000004,0.5897788237899936,0.6211797508456366,-0.03140092705564301
53.35,0.4379699657780282,0.4648123072190814,-0.026842341441053186
53.400000000000006,0.23374887926563934,0.2330173481498462,0.0007315311157931326
53.45,0.0033110997843709385,-0.014469850384699614,0.017780950169070553
53.5,-0.21704543922013053,-0.22302694382566932,0.005981504605538784
53.550000000000004,-0.3891614305437414,-0.3643849116629269,-0.024776518880814502
53.6,-0.4870246914098837,-0.43814806353782076,-0.04887662787206293
53.650000000000006,-0.5065079443463156,-0.4583977038047254,-0.04811024054159024
53.7,-0.46288220592148593,-0.4385040312866404,-0.02437817463484554
53.75,-0.37845963397666055,-0.3839780129421686,0.005518378965508053
53.800000000000004,-0.2711467912752251,-0.2946192619402136,0.023472470664988476
53.85,-0.15264205677586043,-0.17161043844267115,0.018968381666810724
53.900000000000006,-0.03453996525861933,-0.024713733830389762,-0.009826231428229571
53.95,0.06744931563116777,0.12408171846316327,-0.0566324028319955
54.0,0.13816915318256864,0.24367072761489159,-0.10550157443232294
54.050000000000004,0.17288331704411775,0.3052082216592583,-0.13232490461514057
54.1,0.18151635337831956,0.297798625423095,-0.11628227204477543
54.150000000000006,0.1809370461033872,0.23821885005930032,-0.05728180395591312
54.2,0.18103285472329567,0.1646345866145096,0.016398268108786057
54.25,0.17760514462242089,0.11472768602459414,0.06287745859782674
54.300000000000004,0.15952808014220857,0.10252353226345003,0.05700454787875854
54.35,0.12398498739914729,0.1123634648613293,0.011621522537817994
54.400000000000006,0.08520032756814218,0.11629487095123711,-0.031094543383094933
54.45,0.06746266692900518,0.10124273171965824,-0.033780064790653055
54.5,0.08756021057682502,0.08251629212140363,0.0050439184554213895
54.550000000000004,0.14148832623499127,0.09093875127279935,0.05054957496219192
54.6,0.20641386432498537,0.14394028516835192,0.06247357915663346
54.650000000000006,0.25545025215109896,0.22572527339736131,0.02972497875373764
54.7,0.2725519076590865,0.2942009826732739,-0.02164907501418739
54.75,0.2566546994740869,0.3091322233339349,-0.052477523859847997
54.800000000000004,0.21503170236932048,0.2580896668200185,-0.04305796445069801
54.85,0.15472084441295506,0.16015417043596553,-0.005433326023010471
54.900000000000006,0.08010741351267106,0.047860083712334724,0.03224732980033634
54.95,-0.0032385551998063136,-0.054251849329463274,0.05101329412965696
55.0,-0.08470275001776521,-0.13682057333380343,0.05211782331603822
55.050000000000004,-0.14991370302536683,-0.19748576911085627,0.047572066085489445
55.1,-0.1863860867012104,-0.23102394161838177,0.04463785491717137
55.150000000000006,-0.1887451356751566,-0.23029888811366608,0.04155375243850948
55.2,-0.1602309028510547,-0.19635446269074602,0.036123559839691316
55.25,-0.11118834223016909,-0.14477275751841,0.033584415288240924
55.300000000000004,-0.05679864912920917,-0.09902609581411696,0.04222744668490779
55.35,-0.014391704837482729,-0.075649839456491,0.06125813461900827
55.400000000000006,0.0010311076331212968,-0.07531299297390558,0.07634410060702687
55.45,-0.01729580114318541,-0.08830362149616199,0.07100782035297658
55.5,-0.06438117247508707,-0.10834690027946506,0.04396572780437799
55.550000000000004,-0.12640628940176207,-0.1402663333963087,0.013860043994546628
55.6,-0.18924169386367326,-0.19348489571575656,0.004243201852083295
55.650000000000006,-0.245905959813209,-0.2679906247017997,0.022084664888590677
55.7,-0.2962690566260382,-0.3471665732306581,0.050897516604619886
55.75,-0.3393543757255552,-0.40510272549836157,0.06574834977280636
55.800000000000004,-0.3663535207607396,-0.4219073558863763,0.055553835125636664
55.85,-0.3627162863468407,-0.3934455750853695,0.03072928873852876
55.900000000000006,-0.31912905409146125,-0.328447879118494,0.00931882502703274
55.95,-0.24170846995006068,-0.2385688581410433,-0.0031396118090173675
56.0,-0.15097719193055525,-0.13251776622771927,-0.018459425702835985
56.050000000000004,-0.06876882739902614,-0.018760949506777418,-0.05000787789224872
56.1,-0.0034823644506726463,0.08952893664266973,-0.09301130109334237
56.150000000000006,0.05372702248633265,0.17652530872696717,-0.12279828624063452
56.2,0.11855720977291102,0.2337938056304766,-0.11523659585756559
56.25,0.1980207798926146,0.2688524347491299,-0.0708316548565153
56.300000000000004,0.28288570275662694,0.3017552645429537,-0.01886956178632676
56.35,0.353738311568273,0.3496906118218357,0.0040476997464373166
56.400000000000006,0.39461267502696157,0.41158995834828915,-0.016977283321327585
56.45,0.40274196870456747,0.4662714306378191,-0.06352946193325165
56.5,0.38772920146130024,0.4866583622067926,-0.09892916074549235
56.550000000000004,0.3627384453506639,0.45903488031430995,-0.09629643496364604
56.6,0.335577696828159,0.39230654153249106,-0.05672884470433204
56.650000000000006,0.3054156643371031,0.3108512550692825,-0.005435590732179418
56.7,0.26519230036608793,0.23753825041927368,0.027654049946814252
56.75,0.20637549409071085,0.17980340996934494,0.026572084121365913
56.800000000000004,0.12337791889724728,0.12743366503269046,-0.004055746135443183
56.85,0.016881162415227254,0.061354486895047834,-0.04447332447982058
56.900000000000006,-0.10441669232603815,-0.0336160024929129,-0.07080068983312525
56.95,-0.224967084649384,-0.15907803576761495,-0.06588904888176905
57.0,-0.327108992660786,-0.2999074317256277,-0.027201560935158298
57.050000000000004,-0.39723878103014837,-0.4281161920206781,0.030877410990529708
57.1,-0.42928194930866126,-0.5125444177230661,0.08326246841440488
57.150000000000006,-0.4232142398293887,-0.5313001565685601,0.1080859167391714
57.2,-0.3810657040426172,-0.48140708659153936,0.10034138254892216
57.25,-0.30548967141149563,-0.3798505363669126,0.07436086495541694
57.300000000000004,-0.20314871268001755,-0.25461450266947855,0.051465789989461
57.35,-0.08921795459138238,-0.13136775533275394,0.04214980074137156
57.400000000000006,0.013417048774462592,-0.02511748671727597,0.03853453549173856
57.45,0.0825358364510385,0.057953095573010094,0.024582740878028406
57.5,0.10728499018858484,0.11243133936287378,-0.005146349174288939
57.550000000000004,0.09271228932180292,0.12930710113282576,-0.03659481181102284
57.6,0.054505279037531724,0.10162537121238403,-0.04712009217485231
57.650000000000006,0.008909092593662245,0.03598267172307492,-0.027073579129412675
57.7,-0.0333693404418596,-0.04191962543553568,0.008550284993676077
57.75,-0.0653026665995076,-0.09610940290224793,0.03080673630274032
57.800000000000004,-0.0783156379191883,-0.09966401551784798,0.02134837759865968
57.85,-0.061674452255508196,-0.05024003866268497,-0.011434413592823225
57.900000000000006,-0.009148863480740668,0.030771162105269947,-0.03992002558601061
57.95,0.07290813134554053,0.11483951930245545,-0.04193138795691492
58.0,0.16463153745193554,0.18471205289641296,-0.02008051544447742
58.050000000000004,0.24130267629455956,0.2394695185550946,0.0018331577394649634
58.1,0.2851563866556269,0.28343507551906666,0.0017213111365602662
58.150000000000006,0.29120912041769853,0.31118447687373646,-0.01997535645603793
58.2,0.2639901919298221,0.304704159152768,-0.0407139672229459
58.25,0.21041905265906136,0.24730352689044363,-0.036884474231382275
58.300000000000004,0.13636773740078004,0.14229758740662818,-0.005929850005848142
58.35,0.048953479105223685,0.018216351388031744,0.03073712771719194
58.400000000000006,-0.040249568911238966,-0.08691452921056984,0.04666496029933088
58.45,-0.11669215265663148,-0.15071730704224487,0.03402515438561339
58.5,-0.168919346850666,-0.17962736275805183,0.01070801590738582
58.550000000000004,-0.19356540222420723,-0.19792993422139085,0.004364531997183618
58.6,-0.19449307333220303,-0.22186610397527282,0.027373030643069785
58.650000000000006,-0.17755376225754438,-0.24244310614434653,0.06488934388680215
58.7,-0.14695903649205375,-0.23393167487800912,0.08697263838595537
58.75,-0.1068628493640474,-0.18167819296052398,0.07481534359647658
58.800000000000004,-0.06511507281282482,-0.1033637595860539,0.03824868677322908
58.85,-0.0329030602734215,-0.041147126245434026,0.008244065972012528
58.900000000000006,-0.018253709110421932,-0.027539588671124996,0.009285879560703064
58.95,-0.018849395237163027,-0.053701429754300194,0.03485203451713717
59.0,-0.02200151935319881,-0.07071530136633519,0.04871378201313638
59.050000000000004,-0.013600627142309753,-0.02779510702172206,0.014194479879412308
59.1,0.01094392649262055,0.0820402795026804,-0.07109635301005986
59.150000000000006,0.04334589356363334,0.20845846656853154,-0.1651125730048982
59.2,0.0696233423094219,0.27755548343217473,-0.20793214112275282
59.25,0.08127743416727247,0.24800024103066118,-0.1667228068633887
59.300000000000004,0.08074926353294876,0.1440310453653575,-0.06328178183240873
59.35,0.0773373728460398,0.03760985785280109,0.039727514993238705
59.400000000000006,0.07850971572915455,-0.005833976224598462,0.084343691953753
59.45,0.084641985826946,0.02643592760730075,0.05820605821964525
59.5,0.09054170809286964,0.0927183653116268,-0.0021766572187571637
59.550000000000004,0.09044633691079808,0.13706974715103962,-0.04662341024024154
59.6,0.08139336268227795,0.13427829412527284,-0.05288493144299489
59.650000000000006,0.06361557321164125,0.10209356074710067,-0.03847798753545942
59.7,0.040435311379618595,0.0755405118026799,-0.035105200423061304
59.75,0.01930408223295666,0.0721221337982947,-0.05281805156533804
59.800000000000004,0.011790534979983777,0.08131719335013574,-0.06952665837015196
59.85,0.02924248220618272,0.08486518561153478,-0.05562270340535205
59.900000000000006,0.07511113878308219,0.08342183726408135,-0.008310698480999162
59.95,0.14011865295705184,0.10017131707479136,0.039947335882260473
60.0,0.20583131726230508,0.15651467507010378,0.049316642192201304
60.050000000000004,0.2548630597129951,0.2438602143157245,0.011002845397270616
60.1,0.27898376533414115,0.3202704170100887,-0.04128665167594753
60.150000000000006,0.2778422649013704,0.33719049791884637,-0.05934823301747599
60.2,0.25053495121938757,0.2732259825582509,-0.022691031338863354
60.25,0.19039141583463903,0.14620726762599603,0.044184148208643
60.300000000000004,0.09088364950735853,-0.004077878811411273,0.0949615283187698
60.35,-0.04122739981728936,-0.14380067543028796,0.1025732756129986
60.400000000000006,-0.17890032408933051,-0.25875242620916855,0.07985210211983804
60.45,-0.28404567819758586,-0.3466112495490497,0.06256557135146384
60.5,-0.32873908895772186,-0.40258291722288175,0.0738438282651599
60.550000000000004,-0.31223778364804167,-0.4170281900310124,0.10479040638297071
60.6,-0.2600185427952718,-0.38742277115036355,0.12740422835509174
60.650000000000006,-0.20612486463480656,-0.32949187082016723,0.12336700618536067
60.7,-0.17378809009793303,-0.27260992593685496,0.09882183583892193
60.75,-0.16885933605600828,-0.24168339302600514,0.07282405696999686
60.800000000000004,-0.18723655043264212,-0.24265118518535658,0.055414634752714464
60.85,-0.2248207826800588,-0.265075591308289,0.04025480862823019
60.900000000000006,-0.2787417048240535,-0.2970575482232723,0.018315843399218767
60.95,-0.34023860881009593,-0.3348496044385177,-0.005389004371578243
61.0,-0.3897263456856473,-0.376320968240324,-0.013405377445323274
61.050000000000004,-0.4025297617109955,-0.4067522598824069,0.0042224981714113485
61.1,-0.3621283660547093,-0.39608611046407344,0.03395774440936411
61.150000000000006,-0.26925091195022754,-0.3161452493028928,0.04689433735266524
61.2,-0.13894975602887177,-0.1646020370359431,0.025652281007071315
61.25,0.0102482828058105,0.027397304913633035,-0.017149022107822535
61.300000000000004,0.16371095952166712,0.21339901488358315,-0.049688055361916034
61.35,0.30828061241760013,0.3604947749119504,-0.05221416249435029
61.400000000000006,0.4255837988620203,0.46307998363862185,-0.03749618477660155
61.45,0.492132821238737,0.5304432751618793,-0.03831045392314231
61.5,0.4901768958280735,0.5630475787825173,-0.07287068295444382
61.550000000000004,0.4208092000611096,0.5435091646321354,-0.12269996457102578
61.6,0.3064548527411724,0.4531046947500143,-0.1466498420088419
61.650000000000006,0.17884353474491094,0.2980799897757302,-0.11923645503081926
61.7,0.06219165182166014,0.11871428245156593,-0.056522630629905785
61.75,-0.03429948435963687,-0.030433236461365115,-0.003866247898271752
61.800000000000004,-0.10999237603160252,-0.11349374654880665,0.0035013705172041304
61.85,-0.16150158587074664,-0.1315442346192243,-0.02995735125152235
61.900000000000006,-0.17962829961526539,-0.11229140701452484,-0.06733689260074055
61.95,-0.1580084745008579,-0.08339602643543464,-0.07461244806542325
62.0,-0.10380644883843193,-0.05438592474564048,-0.04942052409279145
62.050000000000004,-0.03788945258836677,-0.02055046891441976,-0.017338983673947008
62.1,0.017623815933985477,0.020340762650467997,-0.0027169467164825205
62.150000000000006,0.053451638617561296,0.05833131871562653,-0.004879680098065234
62.2,0.07566850623083733,0.07811194424978814,-0.0024434380189508054
62.25,0.09456171353524498,0.07328085996292316,0.021280853572321817
62.300000000000004,0.11106891694339534,0.05183939883571998,0.05922951810767536
62.35,0.11424307371885571,0.027462437321279173,0.08678063639757654
62.400000000000006,0.09211286503935029,0.0067576645686767516,0.08535520047067353
62.45,0.04501980241793202,-0.013811867072898299,0.05883166949083032
62.5,-0.01191171365691102,-0.039384767887087016,0.027473054230175997
62.550000000000004,-0.059930654557286606,-0.06777529834090133,0.007844643783614727
62.6,-0.0911498163364816,-0.09125785800243977,0.00010804166595816678
62.650000000000006,-0.11309294964282021,-0.10704253611130096,-0.00605041353151925
62.7,-0.13948997916235337,-0.12330818755032061,-0.01618179161203276
62.75,-0.17597321086636275,-0.1515017355822128,-0.024471475284149946
62.800000000000004,-0.2131903360183246,-0.19089247533786582,-0.022297860680458775
62.85,-0.2323974478373086,-0.22155095794834279,-0.010846489888965805
62.900000000000006,-0.21767371455834705,-0.21523997930984684,-0.002433735248500213
62.95,-0.16455389910449214,-0.15619254297570198,-0.00836135612879016
63.0,-0.07987409544578286,-0.05334398795268072,-0.02653010749310214
63.050000000000004,0.024071826853199054,0.0666693759708342,-0.042597549117635136
63.1,0.13435805416418958,0.17818254165583838,-0.0438244874916488
63.150000000000006,0.23789043397074774,0.2690626432462686,-0.031172209275520862
63.2,0.31990559890789083,0.337292032507736,-0.017386433599845152
63.25,0.3650169065926978,0.37895243992889627,-0.013935533336198458
63.300000000000004,0.3622602120122261,0.38326842965831276,-0.02100821764608668
63.35,0.31099521893222015,0.3412649180578729,-0.03026969912565275
63.400000000000006,0.2229617147474439,0.2583793866614202,-0.035417671913976295
63.45,0.11845642885382981,0.15591650928966974,-0.037460080435839926
63.5,0.018807883436831416,0.05777926921025363,-0.03897138577342221
63.550000000000004,-0.060440832641446646,-0.02483263061003837,-0.03560820203140828
63.6,-0.11230853963600429,-0.09495333955550589,-0.0173552000804984
63.650000000000006,-0.13680589031933912,-0.156009796326919,0.019203906007579874
63.7,-0.13731610617686493,-0.19797564414636404,0.060659537969499105
63.75,-0.11784807036986622,-0.20025988040644646,0.08241181003658024
63.800000000000004,-0.08268650999206306,-0.1512269598257799,0.06854044983371685
63.85,-0.03771492955218109,-0.0658614301222474,0.02814650057006632
63.900000000000006,0.008769282640903877,0.017541286244711747,-0.00877200360380787
63.95,0.04744188847067136,0.061787875414144953,-0.014345986943473596
64.0,0.07110350501839012,0.05600501699907837,0.015098488019311747
64.05,0.07722125377444106,0.019787357376386358,0.0574338963980547
64.10000000000001,0.0677210528206637,-0.016390936097097675,0.08411198891776137
64.15,0.04637395620186363,-0.03576487103459599,0.08213882723645963
64.2,0.016489695621089488,-0.04315617318605398,0.05964586880714347
64.25,-0.01878165346525509,-0.05204794951196758,0.033266296046712496
64.3,-0.05438260766302221,-0.06686506543973685,0.012482457776714632
64.35000000000001,-0.08293255738439306,-0.07915953626735403,-0.0037730211170390326
64.4,-0.09807222204368406,-0.0799668633356002,-0.018105358708083857
64.45,-0.09917272425565546,-0.07275868714339674,-0.026414037112258718
64.5,-0.0921148163901366,-0.07087913480043771,-0.021235681589698893
64.55,-0.08364932422477048,-0.08062626213079771,-0.003023062093972767
64.60000000000001,-0.07363858284098117,-0.08807777886296327,0.014439196021982098
64.65,-0.05331076911129049,-0.06617234622605823,0.012861577114767743
64.7,-0.013254802665014644,0.0010439305615284435,-0.014298733226543087
64.75,0.044880982934939695,0.09858675423920928,-0.05370577130426958
64.8,0.10455598507706897,0.1852071017507601,-0.08065111667369114
64.85000000000001,0.14424977381763399,0.22140590266258386,-0.07715612884494988
64.9,0.15392229997914864,0.19811602886744345,-0.044193728888294814
64.95,0.14284980812864645,0.14180028633268463,0.001049521795961822
65.0,0.13000539681361056,0.09178782222269465,0.03821757459091592
65.05,0.12445867214380728,0.06922753543225237,0.05523113671155491
65.10000000000001,0.11423365417409122,0.06321101998971804,0.05102263418437318
65.15,0.07588064434394612,0.04386225882954706,0.03201838551439906
65.2,-0.0020696900406200025,-0.010557910153428716,0.008488220112808713
65.25,-0.10291803126532073,-0.09540528498267807,-0.00751274628264266
65.3,-0.18904907053653797,-0.1832956219996152,-0.005753448536922778
65.35000000000001,-0.2279657044294123,-0.24369253629803347,0.01572683186862117
65.4,-0.21493311316118432,-0.2612867098071479,0.046353596645963585
65.45,-0.1727477583682762,-0.2404115556915221,0.0676637973232459
65.5,-0.12994889777404103,-0.19622539827294339,0.06627650049890235
65.55,-0.09814121666716859,-0.1430949894137432,0.044953772746574625
65.60000000000001,-0.06869024235790076,-0.0894873553996286,0.020797113041727835
65.65,-0.029652775693877306,-0.04034140905970092,0.010688633365823614
65.7,0.015543208187736862,-0.001231238932554062,0.016774447120290924
65.75,0.046859609537936005,0.02110508214234587,0.025754527395590136
65.8,0.04507538150395769,0.02222461002480251,0.022850771479155183
65.85000000000001,0.010584998184553064,0.0036779359947816826,0.006907062189771381
65.9,-0.03479104007998054,-0.026558312058741918,-0.00823272802123862
65.95,-0.06465656327145095,-0.057222158187256414,-0.007434405084194531
66.0,-0.06774817747014666,-0.07818942868933823,0.010441251219191566
66.05,-0.05321381303475981,-0.08376621484646062,0.030552401811700804
66.10000000000001,-0.0388862351108459,-0.07387425284350026,0.03498801773265436
66.15,-0.03543979241872595,-0.05333272364954073,0.017892931230814785
66.2,-0.040784847618026046,-0.02974965814515189,-0.011035189472874157
66.25,-0.04692731702081966,-0.010626943237129326,-0.03630037378369033
66.3,-0.04947291036536519,-0.0006479564676657546,-0.04882495389769944
66.35000000000001,-0.049814984687013404,-0.0003001450617397371,-0.049514839625273664
66.4,-0.04996653300336108,-0.0063460448709320985,-0.04362048813242898
66.45,-0.047939973444710196,-0.01349185396310233,-0.034448119481607864
66.5,-0.039239991250259225,-0.016023788388825,-0.023216202861434224
66.55,-0.02154175520674225,-0.008807201973257461,-0.01273455323348479
66.60000000000001,0.004176141892678672,0.011866170282183796,-0.007690028389505124
66.65,0.037353771037814766,0.046885919162664276,-0.00953214812484951
66.7,0.08016672464191082,0.09271719639716992,-0.012550471755259099
66.75,0.13264706561714731,0.1410017497017942,-0.008354684084646874
66.8,0.1840876260867678,0.18046435130158264,0.0036232747851851488
66.85000000000001,0.21169511671336255,0.20047834667397813,0.011216770039384427
66.9,0.19289021716245125,0.1941626667346958,-0.0012724495722445384
66.95,0.12365610661001186,0.15934565311602447,-0.03568954650601261
67.0,0.026294436634468277,0.09789087555858571,-0.07159643892411743
67.05,-0.0629155975510141,0.015546501057801561,-0.07846209860881566
67.10000000000001,-0.11740030192073335,-0.07635546884098038,-0.04104483307975297
67.15,-0.13495913919340816,-0.15895922690111197,0.024000087707703815
67.2,-0.1307597431226807,-0.20752929696108474,0.07676955383840403
67.25,-0.11660334679671654,-0.19923353654461717,0.08263018974790064
67.3,-0.08773475384995663,-0.12494233097600366,0.037207577126047026
67.35000000000001,-0.03072753620422837,0.0017602502328931554,-0.032487786437121524
67.4,0.05568770547677656,0.14562453188476196,-0.08993682640798539
67.45,0.1489329804349474,0.2628965774884151,-0.1139635970534677
67.5,0.21390567058519006,0.32069731901270293,-0.10679164842751288
67.55,0.22852653246372942,0.31165083711425573,-0.08312430465052631
67.60000000000001,0.2000955797386786,0.2547811712304993,-0.05468559149182073
67.65,0.15719020542374149,0.18210413838631595,-0.024913932962574464
67.7,0.124861712249677,0.11966164409713341,0.005200068152543591
67.75,0.10613551103672574,0.07530351262729416,0.03083199840943157
67.8,0.0856427016112751,0.04044012545363982,0.04520257615763528
67.85000000000001,0.0493743519994557,0.0027310458565938485,0.04664330614286186
67.9,-6.0106167699625e-05,-0.04114065027744033,0.041080544109740706
67.95,-0.04687846735901133,-0.08276298820135704,0.03588452084234571
68.0,-0.07872148752582567,-0.11076700092103778,0.03204551339521211
68.05,-0.09820019115814327,-0.12270785832611718,0.02450766716797391
68.10000000000001,-0.11779318488724883,-0.12900188458639436,0.011208699699145536
68.15,-0.1443817884071906,-0.14469399544083578,0.00031220703364517877
68.2,-0.17003174835570525,-0.17554125676459245,0.005509508408887198
68.25,-0.178367674117345,-0.21032245972659327,0.031954785609248276
68.3,-0.15954742099501637,-0.22656477179306184,0.06701735079804547
68.35000000000001,-0.11866348019864632,-0.20586510086494952,0.0872016206663032
68.4,-0.07014822835126523,-0.14704981071144818,0.07690158236018295
68.45,-0.025349811110531324,-0.06729186057354057,0.04194204946300925
68.5,0.013617254525956966,0.008834741510317903,0.004782513015639063
68.55,0.048776993036317835,0.06318084220797836,-0.014403849171660522
68.60000000000001,0.07754099126918142,0.09064980700024963,-0.013108815731068216
68.65,0.0912414500453929,0.09590318780150285,-0.0046617377561099516
68.7,0.08305231247251062,0.08578911189325464,-0.002736799420744021
68.75,0.0565955151768866,0.06512852574713944,-0.008533010570252839
68.8,0.02554735450174779,0.03829266887182576,-0.012745314370077969
68.85000000000001,0.004077691586446613,0.012518621243398814,-0.0084409296569522
68.9,-0.0026391232826098662,-0.002435710810858301,-0.00020341247175156537
68.95,0.0007426564529604367,0.0008259541181200895,-8.32976651596528e-05
69.0,0.0067841239196580975,0.022258260726331306,-0.015474136806673209
69.05,0.011887991586907756,0.053915293605676234,-0.042027302018768475
69.10000000000001,0.016331010012761785,0.08448420294747269,-0.06815319293471091
69.15,0.019963105512540442,0.10469563614389368,-0.08473253063135325
69.2,0.02049799300039851,0.10955080936125748,-0.08905281636085897
69.25,0.017067923806818524,0.0973954036485521,-0.08032747984173358
69.3,0.014090336357674682,0.06918408502924067,-0.05509374867156599
69.35000000000001,0.019072821072151965,0.03007636153385085,-0.011003540461698883
69.4,0.035011528202098095,-0.008741553754386603,0.043753081956484696
69.45,0.0554548268934964,-0.03227539637750593,0.08773022327100233
69.5,0.06882499367255202,-0.029188860583899842,0.09801385425645186
69.55,0.06876155709266478,-7.721474373831157e-06,0.06876927856703861
69.60000000000001,0.05970198625421147,0.040874480562813904,0.018827505691397566
69.65,0.0508572709533257,0.07227177446125137,-0.021414503507925668
69.7,0.044120136457350884,0.0778894323362406,-0.033769295878889716
69.75,0.02920445785716767,0.054241623468402694,-0.025037165611235025
69.8,-0.0068426128386449075,0.009731451907273724,-0.016574064745918632
69.85000000000001,-0.06351571547545477,-0.04270186335061593,-0.02081385212483884
69.9,-0.12028745756338108,-0.09225213304196174,-0.02803532452141934
69.95,-0.14810852646854433,-0.13129831806647177,-0.016810208402072563
70.0,-0.1303867755472804,-0.15239944677628514,0.022012671229004743
70.05,-0.07519807385720999,-0.14700062033784608,0.0718025464806361
70.10000000000001,-0.008198942475319097,-0.10946873279471728,0.10126979031939817
70.15,0.04655663402758228,-0.043889619095189264,0.09044625312277155
70.2,0.08036154245240204,0.03291695790416133,0.04744458454824071
70.25,0.0974994397280727,0.09646197992772157,0.001037459800351137
70.3,0.10258618268414517,0.1255459927856304,-0.02295981010148522
70.35000000000001,0.09255757384234249,0.11206616406292334,-0.01950859022058085
70.4,0.06141680001961756,0.06351526174725686,-0.002098461727639299
70.45,0.011150805746312937,-0.0025118815155568404,0.013662687261869777
70.5,-0.04448885796246768,-0.06729968347469464,0.022810825512226962
70.55,-0.08859790904374155,-0.11793094482504919,0.029333035781307637
70.60000000000001,-0.11368885741255369,-0.14946530357011123,0.03577644615755754
70.65,-0.12531635326432347,-0.1632584459066262,0.03794209264230272
70.7,-0.1332816284052137,-0.16381700147267014,0.030535373067456434
70.75,-0.13997464307211618,-0.15597140047006952,0.015996757397953337
70.8,-0.13810526015742106,-0.14307957965340073,0.004974319495979679
70.85000000000001,-0.11976735139461517,-0.12655428493942658,0.006786933544811413
70.9,-0.08672343860786241,-0.10682664351226544,0.020103204904403024
70.95,-0.05084423900325311,-0.08515037598390279,0.03430613698064968
71.0,-0.02445897867483419,-0.06474905031802317,0.04029007164318897
71.05,-0.011019876067507435,-0.04994100537158785,0.03892112930408041
71.10000000000001,-0.005535659603661483,-0.04350870540877949,0.03797304580511801
71.15,-0.0031206516199098035,-0.04441896015066319,0.041298308530753385
71.2,-0.005210148893617999,-0.048093652168603555,0.04288350327498556
71.25,-0.016191302854142303,-0.049322217220695484,0.03313091436655318
71.3,-0.03464490726488075,-0.04543342675154861,0.010788519486667855
71.35000000000001,-0.05010781617517851,-0.036965856330134154,-0.013141959845044356
71.4,-0.05045909218893033,-0.025348585096841375,-0.02511050709208895
71.45,-0.03290630599763198,-0.009950925547755052,-0.02295538044987693
71.5,-0.006669042276156013,0.012464110938154999,-0.019133153214311013
71.55,0.01622290513549456,0.04504666667078699,-0.028823761535292428
71.60000000000001,0.032681479919349055,0.087112292632477,-0.05443081271312794
71.65,0.050180607520316535,0.13256723298321288,-0.08238662546289635
71.7,0.0760474376296831,0.17193098842611643,-0.09588355079643332
71.75,0.10575457439260484,0.19649500839308523,-0.09074043400048039
71.8,0.12345017732699709,0.20174169332610903,-0.07829151599911194
71.85000000000001,0.11554823098858423,0.18814881267362038,-0.07260058168503615
71.9,0.08415720559568053,0.1596592952705266,-0.07550208967484608
71.95,0.046443721347812106,0.12146524219884709,-0.07502152085103499
72.0,0.01999228304503516,0.07856781356241678,-0.058575530517381624
72.05,0.008589693186566057,0.03555391820681004,-0.02696422502024398
72.10000000000001,0.002552251968164148,-0.0027850361212761283,0.005337288089440276
72.15,-0.007259403214749084,-0.030707171621543163,0.02344776840679408
72.2,-0.01682482923178029,-0.041537502465920785,0.024712673234140496
72.25,-0.01146161912558197,-0.029329697590401382,0.017868078464819415
72.3,0.01857171704054183,0.007697769829061952,0.010873947211479877
72.35000000000001,0.06523296087779296,0.06346323291928699,0.0017697279585059678
72.4,0.10610359059921454,0.1229821367676859,-0.01687854616847137
72.45,0.1213368738651777,0.16632769867879915,-0.04499082481362145
72.5,0.10805109965009578,0.17687891955942905,-0.06882781990933327
72.55,0.07906583329094215,0.14954710575346591,-0.07048127246252377
72.60000000000001,0.048798550534207064,0.09366289856249785,-0.044864348028290785
72.65,0.021392384971435596,0.028247183102618163,-0.006854798131182567
72.7,-0.0075748313166855916,-0.027478397473647873,0.01990356615696228
72.75,-0.03956158272595135,-0.06229865042317,0.02273706769721865
72.8,-0.06575444531897866,-0.07526108555352688,0.009506640234548225
72.85000000000001,-0.0728593378524554,-0.07202450145990964,-0.0008348363925457514
72.9,-0.05622206507735877,-0.05938135246522222,0.0031592873878634534
72.95,-0.026196931853297974,-0.0422152336215706,0.016018301768272625
73.0,-0.0004867269502222495,-0.023897946762175586,0.02341121981195334
73.05,0.010287671661658913,-0.007811432816339583,0.018099104477998496
73.10000000000001,0.009681961439420543,0.002710577145111304,0.006971384294309239
73.15,0.008933725249676812,0.006304341654752464,0.0026293835949243484
73.2,0.01458084194142313,0.005195691684206388,0.009385150257216741
73.25,0.023199259397537825,0.00438224925573203,0.018817010141805795
73.3,0.027747403909491628,0.008565331627174197,0.01918207228231743
73.35000000000001,0.027280973657381545,0.01917959543514439,0.008101378222237155
73.4,0.02863627606467983,0.03376161106464998,-0.005125334999970147
73.45,0.038155880328687775,0.04779803107242571,-0.009642150743737934
73.5,0.052975605299883495,0.05725305533864818,-0.004277450038764688
73.55,0.06215799690482731,0.05992519814735346,0.0022327987574738486
73.60000000000001,0.057179871513323426,0.05530676123358398,0.0018731102797394442
73.65,0.04076329412524481,0.04395105363225065,-0.0031877595070058384
73.7,0.02438591907039007,0.027257661902614708,-0.0028717428322246365
73.75,0.01677190596901526,0.0075330231953566595,0.009238882773658601
73.8,0.015403895509132876,-0.012414660121393717,0.02781855563052659
73.85000000000001,0.010005161140834301,-0.030347245694689752,0.04035240683552405
73.9,-0.005826013591168335,-0.045597951800838574,0.03977193820967024
73.95,-0.02743107372843375,-0.05912189311700985,0.0316908193885761
74.0,-0.04421756085302527,-0.07258394088627479,0.028366380033249518
74.05,-0.051616671999794424,-0.08734865844959923,0.035731986449804805
74.10000000000001,-0.05671590049659183,-0.10409944581032579,0.04738354531373396
74.15,-0.07082365340313679,-0.1228561719964238,0.05203251859328702
74.2,-0.09618356374522842,-0.1426122634715606,0.04642869972633219
74.25,-0.12082701881887188,-0.16049119298571954,0.03966417416684766
74.3,-0.12775515906787466,-0.17154817875644396,0.0437930196885693
74.35000000000001,-0.11013894203877697,-0.17053108774594752,0.06039214570717055
74.4,-0.07795795128140222,-0.155348166374437,0.07739021509303477
74.45,-0.04988099459712538,-0.1298820779141164,0.08000108331699102
74.5,-0.038510379356964074,-0.10333930803521564,0.06482892867825157
74.55,-0.04277719720414563,-0.08552354039113969,0.04274634318699406
74.60000000000001,-0.05303850923958265,-0.08077879157773316,0.027740282338150506
74.65,-0.0615135172644261,-0.08495768255212792,0.023444165287701817
74.7,-0.0666617689570768,-0.0879176371332304,0.021255868176153603
74.75,-0.0684527537816059,-0.07995044945241245,0.011497695670806551
74.8,-0.0623392837906522,-0.057515105678523054,-0.004824178112129145
74.85000000000001,-0.0409580476536051,-0.024260592524075485,-0.016697455129529613
74.9,-0.00297383269540843,0.012838486381622528,-0.01581231907703096
74.95,0.04094310949525255,0.04853972672951794,-0.007596617234265385
75.0,0.07328111516989866,0.08124065829495705,-0.007959543125058394
75.05,0.082653832537858,0.11049547647819401,-0.027841643940336003
75.10000000000001,0.07221693955604369,0.13306069983424218,-0.06084376027819849
75.15,0.054990479619640285,0.14194666973948022,-0.08695619011983993
75.2,0.040772042160173855,0.13040999464045502,-0.08963795248028117
75.25,0.028121123308160464,0.09822222218495516,-0.07010109887679469
75.3,0.00961227527746749,0.05486142338840797,-0.04524914811094048
75.35000000000001,-0.01563636010397564,0.01606435774415477,-0.03170071784813041
75.4,-0.03630874208005046,-0.004692187178052901,-0.03161655490199756
75.45,-0.037384517623496163,-0.0038601727341243436,-0.03352434488937182
75.5,-0.014940898056072313,0.011087184427492342,-0.026028082483564655
75.55,0.01806852778541489,0.027966758188806125,-0.009898230403391235
75.60000000000001,0.04193098823207998,0.038656905968974836,0.0032740822631051464
75.65,0.046939946324994354,0.043524636002678196,0.0034153103223161577
75.7,0.04043020352322039,0.048425207076349785,-0.007995003553129397
75.75,0.037278027900517874,0.057447337583828695,-0.02016930968331082
75.8,0.043789693824926534,0.06804909481112761,-0.02425940098620108
75.85000000000001,0.05157002737147154,0.07289961597707793,-0.021329588605606395
75.9,0.0475198886304074,0.06663805756371279,-0.019118168933305382
75.95,0.029213200783940487,0.05129182624338789,-0.022078625459447405
76.0,0.009100470542055499,0.03527469581111327,-0.02617422526905777
76.05,0.0025296927649541964,0.026673514303255454,-0.024143821538301257
76.10000000000001,0.01169930947156081,0.026702026623129444,-0.015002717151568635
76.15,0.022511781220550493,0.029061758393202016,-0.0065499771726515235
76.2,0.018435289712695247,0.025655260138785947,-0.0072199704260907
76.25,-0.0021989280066588325,0.01350577777831125,-0.01570470578497008
76.3,-0.023278410825165515,-0.0030893928951956115,-0.020189017929969903
76.35000000000001,-0.026151730390004676,-0.016621539813860654,-0.009530190576144022
76.4,-0.008374336101717469,-0.0225633183477298,0.01418898224601233
76.45,0.012810277574963197,-0.02214404002493919,0.03495431759990239
76.5,0.01627123133866428,-0.019830928343818124,0.036102159682482406
76.55,-0.0030158103888715594,-0.018657139544702984,0.015641329155831423
76.60000000000001,-0.029222640928582535,-0.018089470310627884,-0.01113317061795465
76.65,-0.040731202223856885,-0.016027104463915837,-0.02470409775994105
76.7,-0.03018230291448535,-0.012153228932505193,-0.018029073981980157
76.75,-0.01002302309615161,-0.00864727188864207,-0.0013757512075095405
76.80000000000001,0.0013702115881345847,-0.007273082543275346,0.00864329413140993
76.85000000000001,-0.001270539123415861,-0.005894191933585652,0.004623652810169791
76.9,-0.004957803717617268,0.0015860557230097665,-0.006543859440627034
76.95,0.007858494464679225,0.02094677442579557,-0.013088279961116346
77.0,0.04053887598779976,0.052220182105734946,-0.011681306117935185
77.05000000000001,0.07702549018495342,0.08755030136657449,-0.010524811181621074
77.10000000000001,0.09519710706119323,0.1142080467272345,-0.01901093966604127
77.15,0.08578073531849614,0.12077526516970478,-0.03499452985120864
77.2,0.05897009190898574,0.10266124425397946,-0.04369115234499372
77.25,0.0335221098545018,0.06422201417668609,-0.030699904322184293
77.30000000000001,0.020042620434504336,0.017090560038271585,0.002952060396232751
77.35000000000001,0.014638946724741765,-0.02417814558091844,0.0388170923056602
77.4,0.0074534711597929685,-0.047699030913208935,0.0551525020730019
77.45,-0.004627395310954421,-0.04936973010800951,0.04474233479705509
77.5,-0.015036516939717897,-0.03518860550244433,0.02015208856272643
77.55000000000001,-0.016876696368584257,-0.018716865865382036,0.0018401694967977791
77.60000000000001,-0.013417353963815071,-0.01395730894451114,0.0005399549806960682
77.65,-0.017150345498883418,-0.02737606688022567,0.010225721381342253
77.7,-0.03708312202493114,-0.05431811847206102,0.017234996447129884
77.75,-0.06705649387015758,-0.08246265912677345,0.015406165256615867
77.80000000000001,-0.08794611421940542,-0.09971669669562816,0.011770582476222743
77.85000000000001,-0.08311303052972523,-0.10053137232778672,0.017418341798061496
77.9,-0.052924537731617385,-0.08636518781557247,0.03344065008395508
77.95,-0.01444256091392788,-0.061493052916153944,0.047050492002226066
78.0,0.013457787510107597,-0.02937212189915681,0.042829909409264406
78.05000000000001,0.025200033802423607,0.006638915063597925,0.018561118738825683
78.10000000000001,0.02957367859992786,0.03982316388975283,-0.010249485289824969
78.15,0.036670642599694325,0.059280930393024026,-0.0226102877933297
78.2,0.0447538934638099,0.05498256770615425,-0.010228674242344346
78.25,0.04104437517657908,0.0256979070037092,0.01534646817286988
78.30000000000001,0.01610755749998389,-0.017278215300114155,0.033385772800098044
78.35000000000001,-0.022740637143112908,-0.055050721869302044,0.03231008472618914
78.4,-0.05342604970058186,-0.07182445720426008,0.018398407503678216
78.45,-0.056185545702799544,-0.06338036113744717,0.007194815434647631
78.5,-0.030421434782000777,-0.03735823278810009,0.006936798006099313
78.55000000000001,0.004404041325736026,-0.006559476554940394,0.01096351788067642
78.60000000000001,0.02487877434517901,0.018178294876260062,0.006700479468918948
78.65,0.02206481572592951,0.03039065601015797,-0.008325840284228461
78.7,0.005839092555007912,0.02654591737702699,-0.02070682482201908
78.75,-0.0075473410658570194,0.005441797389557554,-0.012989138455414573
78.80000000000001,-0.011730140682446957,-0.02934854941759021,0.017618408735143254
78.85000000000001,-0.014708260778737029,-0.06742021629233463,0.05271195551359761
78.9,-0.028292669738254783,-0.09506822219913906,0.06677555246088428
78.95,-0.05408270978293686,-0.10435028350586151,0.05026757372292465
79.0,-0.08029603345004704,-0.1002888405487783,0.01999280709873126
79.05000000000001,-0.09232251146937899,-0.09784456146650745,0.005522049997128464
79.10000000000001,-0.0860333955681156,-0.10855478971924205,0.02252139415112646
79.15,-0.07045902756655247,-0.12738531332654066,0.05692628575998819
79.2,-0.057515778906576755,-0.13262859276322334,0.07511281385664659
79.25,-0.04958753947058252,-0.10165915004331628,0.05207161057273377
79.30000000000001,-0.03771562361390705,-0.030931943236380516,-0.006783680377526531
79.35000000000001,-0.012145940009521891,0.05692467476630215,-0.06907061477582405
79.4,0.025696655812636998,0.12650620126078188,-0.10080954544814488
79.45,0.06224128608695144,0.1539235015294106,-0.09168221544245915
79.5,0.08309414590549212,0.14264328025486706,-0.059549134349374935
79.55000000000001,0.08543452521857116,0.11820040512862884,-0.03276587991005768
79.60000000000001,0.07908300305327305,0.10665071459007353,-0.027567711536800474
79.65,0.07523726712413503,0.11479477841968329,-0.039557511295548256
79.7,0.07441087153326652,0.12774887307072796,-0.053338001537461446
79.75,0.06610693815723866,0.12412429315831913,-0.058017355001080476
79.80000000000001,0.041014094243531724,0.09471609266875165,-0.05370199842521993
79.85000000000001,0.003620696320949387,0.049310153689649236,-0.04568945736869985
79.9,-0.027960703520173335,0.007835813172057454,-0.03579651669223079
79.95,-0.036067085890923924,-0.01469018808226079,-0.021376897808663135
80.0,-0.018887417194189696,-0.016606237332257894,-0.0022811798619318015
