x,yobs,ycalc,ydiff
0.05,-2.9387542857690534e-11,-0.058813463865921456,0.058813463836533915
0.1,-2.0980507157758525e-10,-0.073000531482885,0.07300053127307993
0.15000000000000002,-1.0482683975007115e-08,-0.04720269520860153,0.04720268472591755
0.2,-1.2675600283499495e-07,-0.030365886114848906,0.03036575935884607
0.25,-2.81706025667795e-07,-0.061966705232414446,0.06196642352638878
0.30000000000000004,3.7590510517979336e-06,-0.12814677544768435,0.12815053449873615
0.35000000000000003,3.379329050440685e-05,-0.17624118622424234,0.17627497951474674
0.4,0.00013701895685054084,-0.17258941981225104,0.17272643876910157
0.45,0.00031735875951868124,-0.14052606572196924,0.14084342448148793
0.5,0.00030777409149006446,-0.1359541561928047,0.13626193028429479
0.55,-0.0006992353041970783,-0.18584190855141178,0.1851426732472147
0.6000000000000001,-0.0038399894728923197,-0.2568471317471456,0.25300714227425325
0.65,-0.009238320223836215,-0.29019748649957067,0.2809591662757345
0.7000000000000001,-0.013765941892710125,-0.266727959494864,0.25296201760215387
0.75,-0.009955409645707694,-0.23074416299800404,0.22078875335229636
0.8,0.010839103922254642,-0.24368903465647834,0.25452813857873297
0.8500000000000001,0.050099574240021025,-0.3154071428560268,0.3655067170960478
0.9,0.09327830712777221,-0.38892795689262294,0.4822062640203951
0.9500000000000001,0.10985476422211647,-0.40002218264149814,0.5098769468636146
1.0,0.06916469413140289,-0.350432007410379,0.41959670154178186
1.05,-0.033373421560932225,-0.31295108239291525,0.27957766083198304
1.1,-0.15918902469596938,-0.35540402716861064,0.19621500247264126
1.1500000000000001,-0.23986488777062873,-0.46068396663986877,0.22081907886924004
1.2000000000000002,-0.22269962121194767,-0.5337211741688462,0.3110215529568986
1.25,-0.11996859233676876,-0.5003270946864011,0.38035850234963237
1.3,-0.017815769797679116,-0.40014589505058024,0.3823301252529011
1.35,-0.02172230956076499,-0.36630725992671004,0.34458495036594505
1.4000000000000001,-0.16622914470169214,-0.49026961871887564,0.3240404740171835
1.4500000000000002,-0.3585926683811001,-0.694574516558552,0.33598184817745186
1.5,-0.41691479850857016,-0.7513889707286951,0.334474172220125
1.55,-0.19662815553358637,-0.46102524982586573,0.26439709429227937
1.6,0.2794068127200464,0.1511296988065956,0.1282771139134508
1.6500000000000001,0.7949068071039602,0.8000301872689225,-0.005123380164962277
1.7000000000000002,1.061138341209203,1.1234845747863236,-0.06234623357712055
1.75,0.9146642551749575,0.9493821301940584,-0.03471787501910084
1.8,0.4489631201827122,0.43310329264246394,0.015859827540248284
1.85,-0.02854565489900252,-0.04984618734288369,0.02130053244388117
1.9000000000000001,-0.19707785785509338,-0.173301066020706,-0.023776791834387384
1.9500000000000002,0.0585669396076201,0.11751603091964888,-0.05894909131202878
2.0,0.5699249721002534,0.59333959217755,-0.023414620077296555
2.0500000000000003,1.004126020271841,0.9266774803697688,0.07744853990207212
2.1,1.0901581804348046,0.9173701884152715,0.1727879920195331
2.15,0.7863887702133773,0.5923134923408979,0.19407527787247936
2.2,0.2767818492313855,0.13484175031229195,0.14194009891909354
2.25,-0.18212008510933173,-0.2673975591378535,0.08527747402852179
2.3000000000000003,-0.43518544878083293,-0.529055479405414,0.09387003062458105
2.35,-0.4975980344822918,-0.6688123885171525,0.17121435403486074
2.4000000000000004,-0.4901172899873965,-0.7424626310026334,0.2523453410152369
2.45,-0.5169846574992449,-0.783375998231311,0.26639134073206605
2.5,-0.5913591675584013,-0.7930179889294869,0.2016588213710856
2.5500000000000003,-0.654430585973099,-0.7667011842265815,0.11227059825348251
2.6,-0.6499889803994389,-0.7147272748641146,0.06473829446467572
2.6500000000000004,-0.5795402582049348,-0.6586380795118635,0.07909782130692866
2.7,-0.4957196279601453,-0.6144376079010456,0.11871797994090033
2.75,-0.4532651582294016,-0.584686251368587,0.13142109313918537
2.8000000000000003,-0.46909286647869186,-0.5658204532459454,0.09672758676725357
2.85,-0.5236723936017462,-0.5589758477898582,0.03530345418811198
2.9000000000000004,-0.5919644713835662,-0.5716000251808944,-0.02036444620267186
2.95,-0.667805693682476,-0.6099906992777339,-0.05781499440474214
3.0,-0.7595366972329728,-0.6724093402999427,-0.08712735693303009
3.0500000000000003,-0.8672685310988747,-0.7492735717128342,-0.11799495938604054
3.1,-0.9695739333401764,-0.8280337250832801,-0.14154020825689628
3.1500000000000004,-1.0348673238611266,-0.8971365608806166,-0.13773076298051
3.2,-1.0457303709050272,-0.9474049496468716,-0.09832542125815558
3.25,-1.010341183882913,-0.972183385754077,-0.03815779812883602
3.3000000000000003,-0.9468468443436705,-0.9651660786277081,0.01831923428403759
3.35,-0.852431654578692,-0.9129328311977483,0.060501176619056296
3.4000000000000004,-0.6856444128374519,-0.7855166209258346,0.09987220808838271
3.45,-0.3837604505956027,-0.5385975343491293,0.15483708375352656
3.5,0.08864846966698776,-0.14004982187321907,0.22869829154020682
3.5500000000000003,0.689626174143549,0.3864955042647791,0.3031306698787699
3.6,1.2855752404414635,0.9336640179177025,0.35191122252376106
3.6500000000000004,1.692796251674526,1.3334804369674147,0.3593158147071114
3.7,1.7609629493457581,1.4349712148133378,0.32599173453242036
3.75,1.4543766790160628,1.1929834584515338,0.26139322056452907
3.8000000000000003,0.8809469969458611,0.7051087835812178,0.17583821336464334
3.85,0.24561338133710306,0.1640845336317039,0.08152884770539917
3.9000000000000004,-0.24893703239129858,-0.24591458050327172,-0.003022451888026856
3.95,-0.4959710431807749,-0.43870662227557844,-0.057264420905196456
4.0,-0.5168022930620886,-0.4438485021570605,-0.07295379090502807
4.05,-0.41675441687389725,-0.35221282014578115,-0.0645415967281161
4.1000000000000005,-0.302258288528435,-0.24120774154169056,-0.06105054698674445
4.15,-0.21939048858297794,-0.13679635015548855,-0.08259413842748939
4.2,-0.15118241934463975,-0.028812226244460244,-0.1223701931001795
4.25,-0.06205688454663038,0.0902901463265951,-0.1523470308732255
4.3,0.05626905816905605,0.2048724989163067,-0.14860344074725065
4.3500000000000005,0.17565750698775254,0.28831011618395136,-0.11265260919619882
4.4,0.25923109963576024,0.3279724388761856,-0.06874133924042536
4.45,0.2935032135041705,0.3343372141990376,-0.04083400069486709
4.5,0.294096272658541,0.32665463327115485,-0.03255836061261386
4.55,0.28399575328303817,0.3129846434387346,-0.028988890155696445
4.6000000000000005,0.26996320567415355,0.28603708039729475,-0.0160738747231412
4.65,0.24093022376869752,0.23712985882675025,0.0038003649419472707
4.7,0.18675855850825615,0.17106751620522287,0.01569104230303328
4.75,0.11464434991737518,0.10524197350754724,0.00940237640982794
4.800000000000001,0.04504307131721526,0.054504905745801316,-0.009461834428586058
4.8500000000000005,-0.007328958612575601,0.01875027424313329,-0.02607923285570889
4.9,-0.04538956659771641,-0.013401342655531771,-0.03198822394218464
4.95,-0.0807554982409832,-0.049044869613923306,-0.031710628627059895
5.0,-0.11383549426764143,-0.08017685636863363,-0.033658637899007804
5.050000000000001,-0.12579963611512063,-0.08871300322393434,-0.037086632891186286
5.1000000000000005,-0.0932605283572172,-0.06170052734747066,-0.031560001009746534
5.15,-0.011982711575903575,-0.0011257445602518455,-0.010856967015651729
5.2,0.09492909029108859,0.08062978482307923,0.014299305468009366
5.25,0.1940679962784269,0.17331938554933923,0.02074861072908768
5.300000000000001,0.2681136485340112,0.2754076366134422,-0.007293988079430991
5.3500000000000005,0.32585193617057007,0.3882145533654558,-0.06236261719488573
5.4,0.3863435563176747,0.5048672026244982,-0.11852364630682355
5.45,0.45353690978215633,0.6065724240596481,-0.15303551427749174
5.5,0.5067434394860855,0.6706053985879793,-0.16386195910189383
5.550000000000001,0.516035916314483,0.6822358667713756,-0.16619995045689262
5.6000000000000005,0.46700151261616357,0.639568775267519,-0.1725672626513554
5.65,0.371328205363635,0.5487663300144312,-0.17743812465079623
5.7,0.25541040447325875,0.4175955386327931,-0.16218513415953434
5.75,0.14120046243229706,0.2563085998399676,-0.11510813740767056
5.800000000000001,0.039166368136802035,0.0855539363503445,-0.046387568213542466
5.8500000000000005,-0.04207466223180535,-0.05855512588561428,0.01648046365380893
5.9,-0.08372365601763157,-0.1316310790014504,0.04790742298381884
5.95,-0.05903992618180182,-0.09950623424001016,0.04046630805820834
6.0,0.04917881078181838,0.04324382662325825,0.005934984158560128
6.050000000000001,0.231333562691247,0.26681346856754706,-0.035479905876300066
6.1000000000000005,0.44953668781250244,0.5151200335690298,-0.06558334575652736
6.15,0.6523866001430337,0.7239298721381843,-0.07154327199515054
6.2,0.7930310669912606,0.8389395937076478,-0.04590852671638723
6.25,0.8389891337635512,0.8283592805313845,0.010629853232166697
6.300000000000001,0.7742995521508558,0.6891059240328805,0.08519362811797526
6.3500000000000005,0.6017628406068296,0.4466910181282156,0.155071822478614
6.4,0.34720499698584584,0.1478089108847269,0.19939608610111895
6.45,0.05759147352475572,-0.15413443193267162,0.21172590545742734
6.5,-0.21457832888695497,-0.41583341883634417,0.2012550899493892
6.550000000000001,-0.4344339445942249,-0.6151197908952284,0.18068584630100348
6.6000000000000005,-0.5972487513444206,-0.7505820268743699,0.15333327552994935
6.65,-0.7178208820325953,-0.8317617075054269,0.11394082547283158
6.7,-0.8054586374790813,-0.8683315729462233,0.06287293546714201
6.75,-0.8490127206833368,-0.8659438836952791,0.016931163011942307
6.800000000000001,-0.8281959010649613,-0.8293017097757158,0.0011058087107544967
6.8500000000000005,-0.7408066867032693,-0.7662954353544403,0.02548874865117101
6.9,-0.6168542015965867,-0.6870446635880063,0.07019046199141965
6.95,-0.5009476593259145,-0.5979869142748098,0.09703925494889531
7.0,-0.4159433245125283,-0.49725037156298224,0.08130704705045394
7.050000000000001,-0.34265247514241737,-0.37734161615587314,0.03468914101345577
7.1000000000000005,-0.23860482811504485,-0.23481189224052712,-0.0037929358745177333
7.15,-0.08235020698286684,-0.07997833897017574,-0.0023718680126910974
7.2,0.09658035851664754,0.06111932682104072,0.03546103169560681
7.25,0.23124782350679846,0.15496036150427453,0.07628746200252393
7.300000000000001,0.2644574546690807,0.1744318300022972,0.09002562466678352
7.3500000000000005,0.18879717886288583,0.11056249941019679,0.07823467945268904
7.4,0.045962165482271194,-0.02361264857899026,0.06957481406126145
7.45,-0.1103428997279164,-0.19785752150819452,0.08751462178027812
7.5,-0.25156838156922035,-0.3749172221841992,0.12334884061497886
7.550000000000001,-0.37911619810548564,-0.5213841539162489,0.1422679558107633
7.6000000000000005,-0.4986189815729036,-0.6154735130100324,0.11685453143712882
7.65,-0.5952888835616684,-0.6499277451831178,0.054638861621449375
7.7,-0.6381576394511898,-0.6303658750325498,-0.007791764418639935
7.75,-0.6091609169113503,-0.5709259090066349,-0.03823500790471546
7.800000000000001,-0.5262357502446482,-0.4894189087475746,-0.036816841497073594
7.8500000000000005,-0.434860864357811,-0.40327833948807534,-0.03158252486973567
7.9,-0.3737915568991091,-0.32619921895443554,-0.047592337944673546
7.95,-0.3462313704513849,-0.26492539387242053,-0.08130597657896438
8.0,-0.32219815086987486,-0.21670147742413895,-0.1054966734457359
8.05,-0.267754247983363,-0.1692630275418586,-0.0984912204415044
8.1,-0.1724153582503608,-0.10496245896196127,-0.06745289928839954
8.15,-0.050675929978050406,-0.008194262429371893,-0.04248166754867851
8.200000000000001,0.07924693472573588,0.1274545234283842,-0.048207588702648324
8.25,0.2147769175100666,0.2962746547197439,-0.08149773720967729
8.3,0.36651411422386515,0.4829299068537767,-0.11641579262991153
8.35,0.5382744120342596,0.6679283330248128,-0.12965392099055317
8.4,0.7119854039648306,0.832236889740222,-0.12025148577539146
8.450000000000001,0.8538094290759081,0.9591379220567924,-0.10532849298088431
8.5,0.9354873481761123,1.034545560551046,-0.09905821237493373
8.55,0.9498793278351867,1.0481824986688129,-0.09830317083362616
8.6,0.906904904765629,0.9962970967995399,-0.08939219203391091
8.65,0.8169116080844225,0.8840373125566521,-0.06712570447222954
8.700000000000001,0.6807819683011869,0.72500546259629,-0.04422349429510308
8.75,0.4974684630369505,0.5375237432933526,-0.04005528025640209
8.8,0.27984131914057414,0.33967678450820915,-0.05983546536763501
8.85,0.059794989175180016,0.1458270508615119,-0.08603206168633189
8.9,-0.12604674347476666,-0.03425999805253836,-0.0917867454222283
8.950000000000001,-0.25855342285668725,-0.194404551013334,-0.06414887184335324
9.0,-0.3454344278649249,-0.3302629924687224,-0.01517143539620247
9.05,-0.40805945590639464,-0.4372777242876477,0.029218268381253076
9.1,-0.4570978416955693,-0.5085703919927519,0.05147255029718262
9.15,-0.4789844009487788,-0.5340090497839,0.05502464883512115
9.200000000000001,-0.4455449775877076,-0.5024226252766703,0.05687764768896264
9.25,-0.33844018313081614,-0.40756585864543216,0.06912567551461601
9.3,-0.16753087386462961,-0.25522948520556354,0.08769861134093393
9.35,0.031430419335901676,-0.0666609059444945,0.09809132528039619
9.4,0.21611017026836715,0.1250969905713192,0.09101317969704795
9.450000000000001,0.356961546006833,0.2847350153187777,0.07222653068805529
9.5,0.44241710157360736,0.38482789080990426,0.0575892107637031
9.55,0.47017154364796987,0.41143184461239996,0.058739699035569914
9.600000000000001,0.43693993401209585,0.3639389270739891,0.07300100693810674
9.65,0.33826937711651084,0.25206398916656914,0.0862053879499417
9.700000000000001,0.17831985430762448,0.09333064410886986,0.08498921019875462
9.75,-0.021304322380665576,-0.0885091719565208,0.06720484957585524
9.8,-0.22450343910401468,-0.2663744948114577,0.04187105570744301
9.850000000000001,-0.3956100128371916,-0.4155580837014203,0.019948070864228673
9.9,-0.5152547067963679,-0.520217705728803,0.004962998932435125
9.950000000000001,-0.5845956567366952,-0.5763525422526482,-0.00824311448404702
10.0,-0.6150533528038926,-0.5888338873403113,-0.026219465463581337
10.05,-0.6131455865789591,-0.5647587723324045,-0.048386814246554666
10.100000000000001,-0.5740916809652509,-0.5084546462526651,-0.06563703471258575
10.15,-0.489664294032869,-0.42177713898360253,-0.06788715504926646
10.200000000000001,-0.36237443001954966,-0.3083870668030442,-0.05398736321650549
10.25,-0.2116156778048568,-0.17713647999058282,-0.03447919781427397
10.3,-0.06426159814683048,-0.04080759023524506,-0.023454007911585424
10.350000000000001,0.06324477027989486,0.08902965508764407,-0.02578488480774921
10.4,0.17534101759228765,0.20672938522041817,-0.03138836762813052
10.450000000000001,0.29000340577306893,0.31310132664592005,-0.02309792087285112
10.5,0.4191784874243894,0.4117159732060002,0.007462514218389227
10.55,0.5542124659802657,0.5040849096533752,0.05012755632689059
10.600000000000001,0.6694836438597213,0.5868428831968625,0.08264076066285875
10.65,0.7407787334975788,0.6517774597406008,0.08900127375697808
10.700000000000001,0.7612084800138977,0.6877170053283034,0.07349147468559436
10.75,0.7401622500323845,0.683374853045927,0.056787396986457406
10.8,0.6878137767096301,0.6311089346077351,0.05670484210189497
10.850000000000001,0.6023898453603077,0.5312339067745783,0.07115593858572944
10.9,0.4746955357008476,0.3949222463295593,0.0797732893712883
10.950000000000001,0.3062187010835785,0.24295301025727284,0.06326569082630568
11.0,0.12160345450674694,0.09943746286630085,0.02216599164044608
11.05,-0.040077848080605716,-0.016748706081061267,-0.02332914199954445
11.100000000000001,-0.1503189035840485,-0.0979511812972616,-0.052367722286786905
11.15,-0.21017093714745577,-0.1478632033030111,-0.062307733844444685
11.200000000000001,-0.2449548989199438,-0.17670854280296763,-0.06824635611697616
11.25,-0.27908098979633483,-0.19551337593779283,-0.083567613858542
11.3,-0.31472573218720756,-0.21291524356858757,-0.10181048861862
11.350000000000001,-0.3344777635315812,-0.23469175104896456,-0.09978601248261665
11.4,-0.32434397000689713,-0.26377382367715735,-0.06057014632973978
11.450000000000001,-0.29319439621918175,-0.29927818026833675,0.006083784049154994
11.5,-0.26848052700348496,-0.3357904268034147,0.06730989979992974
11.55,-0.27238052241916394,-0.3653155109817028,0.09293498856253884
11.600000000000001,-0.3026858035469051,-0.3821591964151267,0.07947339286822158
11.65,-0.3378650573043987,-0.3874577323048968,0.04959267500049808
11.700000000000001,-0.3605675084034856,-0.3890194964219369,0.02845198801845128
11.75,-0.3743863179085467,-0.39535826198118607,0.02097194407263936
11.8,-0.39558595426893994,-0.4078227636534494,0.01223680938450944
11.850000000000001,-0.4280925704220352,-0.41696094974764675,-0.011131620674388443
11.9,-0.44874570020151777,-0.4063440312418469,-0.042401668959670846
11.950000000000001,-0.4204958267790214,-0.3613017171101164,-0.05919410966890504
12.0,-0.322720035540485,-0.2763365983940388,-0.046383437146446216
12.05,-0.16945455740094825,-0.15649891054919682,-0.012955646851751434
12.100000000000001,0.002313554652297289,-0.013190703656517025,0.015504258308814314
12.15,0.16215324120893443,0.14092542666134877,0.021227814547585655
12.200000000000001,0.3035945567357435,0.2935355951269549,0.010058961608788608
12.25,0.43277553977483346,0.43056791540415423,0.0022076243706792287
12.3,0.5425056749250935,0.5341349694991636,0.00837070542592988
12.350000000000001,0.6020960767446324,0.58455599989175,0.01754007685288239
12.4,0.5772779850541462,0.5669371308321649,0.010340854221981277
12.450000000000001,0.46234143100327263,0.47864638287031025,-0.01630495186703762
12.5,0.2918845755099781,0.33280387915486004,-0.040919303644881944
12.55,0.11850176360548563,0.1554374054240212,-0.03693564181853558
12.600000000000001,-0.023346441415728083,-0.02204498264983421,-0.0013014587658938745
12.65,-0.13305411327798197,-0.17108975081079653,0.038035637532814554
12.700000000000001,-0.2258375886671977,-0.2716802523217662,0.04584266365456849
12.75,-0.30225268933396204,-0.3147108582312935,0.012458168897331479
12.8,-0.33914784529292624,-0.30218598673645236,-0.03696185855647388
12.850000000000001,-0.3130332089677941,-0.24631931113278638,-0.0667138978350077
12.9,-0.23183765184749291,-0.1673427271844296,-0.06449492466306331
12.950000000000001,-0.14036959505756563,-0.08920743489290553,-0.0511621601646601
13.0,-0.09026357085218668,-0.033412649916945494,-0.05685092093524119
13.05,-0.101226824791535,-0.013091000106288069,-0.08813582468524693
13.100000000000001,-0.15006076469969193,-0.03023914978507976,-0.11982161491461217
13.15,-0.19692933603469007,-0.07741798411846508,-0.11951135191622499
13.200000000000001,-0.22187071280414505,-0.1422903517120522,-0.07958036109209285
13.25,-0.2355408791256571,-0.21148668233366558,-0.024054196791991528
13.3,-0.25550951526920196,-0.27133780451299816,0.0158282892437962
13.350000000000001,-0.27493589092069776,-0.30634509966741086,0.0314092087467131
13.4,-0.25795650737980474,-0.29898509449883437,0.041028587119029625
13.450000000000001,-0.16840463527384186,-0.23386588682642845,0.06546125155258659
13.5,-0.0042496833551904185,-0.10542341384387262,0.1011737304886822
13.55,0.1958344642877951,0.07561508539385231,0.1202193788939428
13.600000000000001,0.37970666057451496,0.28222110695085734,0.09748555362365763
13.65,0.5161674724662334,0.4787959480843709,0.037371524381862475
13.700000000000001,0.6050969765986914,0.6325695522173376,-0.027472575618646133
13.75,0.658195930280904,0.7222017097473159,-0.06400577946641195
13.8,0.6744896625723301,0.739689663594069,-0.06520000102173884
13.850000000000001,0.6373607468043575,0.6869662259591708,-0.04960547915481328
13.9,0.5349653753830855,0.5720158533020372,-0.03705047791895166
13.950000000000001,0.38079597235126905,0.4081533742964649,-0.02735740194519587
14.0,0.21177625876556214,0.215734066106518,-0.0039578073409558545
14.05,0.0653895660562518,0.022248212075155045,0.04314135398109676
14.100000000000001,-0.04153883987945204,-0.14238022010080514,0.10084138022135311
14.15,-0.11340180647078048,-0.2542526477597338,0.1408508412889533
14.200000000000001,-0.1594937753494794,-0.3029982295942685,0.14350445424478908
14.25,-0.18108419002164275,-0.2937735567410246,0.11268936671938187
14.3,-0.17522574428262025,-0.24299327991117364,0.0677675356285534
14.350000000000001,-0.14760320232358123,-0.17107299659584047,0.02346979427225923
14.4,-0.11597817878893704,-0.09652025827228361,-0.019457920516653432
14.450000000000001,-0.09735605800784532,-0.033425712052787,-0.06393034595505831
14.5,-0.09231222424354696,0.008706413610160085,-0.10101863785370704
14.55,-0.08520903378972146,0.025022586438780272,-0.11023162022850173
14.600000000000001,-0.06227393420111987,0.01619408649480589,-0.07846802069592576
14.65,-0.02884100474151509,-0.011007792953352302,-0.017833211788162787
14.700000000000001,-0.006124167169195034,-0.04514387198656141,0.03901970481736638
14.75,-0.009287416451779324,-0.07393683612081202,0.06464941966903269
14.8,-0.029834147274321803,-0.08896667867715416,0.05913253140283235
14.850000000000001,-0.042653323932216075,-0.08884502101864898,0.046191697086432906
14.9,-0.03262596144596116,-0.07927194037242331,0.046645978926462155
14.950000000000001,-0.01376689441650537,-0.07009709346335039,0.05633019904684501
15.0,-0.01947747679921485,-0.07099302396374253,0.05151554716452768
15.05,-0.07132198205441537,-0.08785226510379839,0.01653028304938302
15.100000000000001,-0.15652285569128557,-0.12141673410422998,-0.03510612158705559
15.15,-0.2369536932450466,-0.16827347465374487,-0.06868021859130172
15.200000000000001,-0.2814415165313744,-0.22290474279491063,-0.058536773736463765
15.25,-0.28996745413170494,-0.2789096905877895,-0.011057763543915411
15.3,-0.2867145312987648,-0.32847568237710534,0.04176115107834055
15.350000000000001,-0.29044248294990876,-0.36123218195090007,0.0707896990009913
15.4,-0.29321374494819763,-0.36508727367647575,0.07187352872827812
15.450000000000001,-0.26924716227688944,-0.33077902939197373,0.06153186711508429
15.5,-0.2045208174469658,-0.25866912182840457,0.05414830438143878
15.55,-0.1167138419168135,-0.16314537315916747,0.04643153124235397
15.600000000000001,-0.04518400958967173,-0.06998947171658568,0.024805462126913945
15.65,-0.020733477069180627,-0.006161655366385877,-0.01457182170279475
15.700000000000001,-0.04393349846097438,0.012967470407069717,-0.05690096886804409
15.75,-0.09033389462581311,-0.008706273194135984,-0.08162762143167712
15.8,-0.13338775061009875,-0.05021913297390682,-0.08316861763619193
15.850000000000001,-0.16037435612673528,-0.08392440309734255,-0.07644995302939274
15.9,-0.1677924077939344,-0.0872178495330635,-0.0805745582608709
15.950000000000001,-0.14663708575008697,-0.0488124199064356,-0.09782466584365136
16.0,-0.07821919440284182,0.0323668183431708,-0.11058601274601262
16.05,0.05242994037425837,0.15213752103666467,-0.0997075806624063
16.1,0.23971634141019332,0.3045488431028774,-0.06483250169268406
16.150000000000002,0.45611414373231673,0.48126967337830867,-0.025155529645991936
16.2,0.66835803269124,0.6684769186764759,-0.00011888598523590588
16.25,0.8539667429214647,0.8449705016358787,0.00899624128558596
16.3,1.0009616289222467,0.9840126892134546,0.016948939708792077
16.35,1.0933917277902077,1.0585260124741929,0.03486571531601479
16.400000000000002,1.1026655109083803,1.0473551494840387,0.055310361424341536
16.45,0.9996370264893747,0.9403419136750071,0.05929511281436761
16.5,0.7793089915219151,0.7410802301252264,0.03822876139668874
16.55,0.47378840782523124,0.46706663737396803,0.006721770451263209
16.6,0.1383402034857649,0.14722031266833938,-0.00888010918257448
16.650000000000002,-0.17843640508395975,-0.18295326181139973,0.004516856727439983
16.7,-0.4534473638895433,-0.48753477571209086,0.03408741182254754
16.75,-0.6817541400210017,-0.7359983897957455,0.05424424977474385
16.8,-0.8551211241548806,-0.9071378032233273,0.05201667906844665
16.85,-0.9526100568418713,-0.9906519091910341,0.0380418523491628
16.900000000000002,-0.9550189043489032,-0.986925918724718,0.03190701437581478
16.95,-0.8673803895990905,-0.90564227481329,0.03826188521419949
17.0,-0.7228576157965645,-0.7633081688388051,0.040450553042240656
17.05,-0.5599189634626746,-0.5796354389004951,0.019716475437820513
17.1,-0.39379220032599743,-0.3734857165075585,-0.020306483818438914
17.150000000000002,-0.21164316688061513,-0.16003541844680258,-0.05160774843381255
17.2,0.0018094490100755737,0.04938327180663092,-0.047573822796555344
17.25,0.233088908171164,0.2449498664594211,-0.01186095828825709
17.3,0.4355770857105675,0.4155257661834607,0.020051319527106815
17.35,0.5588670885120116,0.5476351438836944,0.011231944628317225
17.400000000000002,0.5851544286140599,0.627072897950066,-0.04191846933600618
17.45,0.5382739924676371,0.6420910822703345,-0.10381708980269744
17.5,0.45745323740286786,0.5865563563780913,-0.12910311897522347
17.55,0.3621382671798934,0.4623557056583036,-0.10021743847841019
17.6,0.24204442380994798,0.2811717434288099,-0.03912731961886193
17.650000000000002,0.0804093027640056,0.0652484949950143,0.0151608077689913
17.7,-0.1149781312908322,-0.1544987785292083,0.03952064723837609
17.75,-0.3055078274634774,-0.3446810529861161,0.039173225522638744
17.8,-0.4471903055646965,-0.47917007740509115,0.03197977184039463
17.85,-0.5230228123179466,-0.5482057331426196,0.025182920824672994
17.900000000000002,-0.5514353133942174,-0.5614913093694832,0.010055995975265852
17.95,-0.5645270795336294,-0.542687884327718,-0.021839195205911377
18.0,-0.5790604851838872,-0.5179442696114122,-0.06111621557247504
18.05,-0.5878016107696363,-0.5047859696268746,-0.08301564114276172
18.1,-0.5758214199340883,-0.5069382509598541,-0.06888316897423419
18.150000000000002,-0.5408938325540605,-0.5162528701444707,-0.024640962409589795
18.2,-0.49528702858019497,-0.5185455252686445,0.023258496688449537
18.25,-0.4483567853379885,-0.4990809485175844,0.05072416317959588
18.3,-0.39084247730694555,-0.44571529220069794,0.0548728148937524
18.35,-0.2998460221588096,-0.35056329689533816,0.05071727473652854
18.400000000000002,-0.16089662693331055,-0.2118254910288962,0.05092886409558564
18.45,0.01519821548929682,-0.03591322785116924,0.05111144334046606
18.5,0.19799280746607367,0.16171055316876287,0.0362822542973108
18.55,0.35968321206635007,0.3585811266993258,0.0011020853670242747
18.6,0.4915285607376018,0.5301409754648566,-0.038612414727254796
18.650000000000002,0.5990404087021283,0.6557660792129337,-0.05672567051080546
18.7,0.6834418190058789,0.7236932213844286,-0.04025140237854974
18.75,0.7311171852990869,0.7332944259965455,-0.0021772406974586156
18.8,0.7234960891680703,0.6940553480913173,0.029440741076752985
18.85,0.6572018318055591,0.6213941177483921,0.035807714057166984
18.900000000000002,0.5524836507112478,0.5304876396584449,0.02199601105280291
18.95,0.439553855323817,0.4306460721767211,0.008907783147095949
19.0,0.33544309402699873,0.323453159863983,0.011989934163015747
19.05,0.23441845330285382,0.20646561541802852,0.027952837884825305
19.1,0.12191652274653479,0.08078891557298709,0.0411276071735477
19.150000000000002,-0.0014855311299983452,-0.04241515135014686,0.04092962022014852
19.200000000000003,-0.10973198817133847,-0.14159678199891143,0.03186479382757296
19.25,-0.1652736623165061,-0.19205849182079615,0.026784829504290064
19.3,-0.14515871431010552,-0.17705058613859964,0.03189187182849412
19.35,-0.05658002048449044,-0.09634850771838424,0.0397684872338938
19.400000000000002,0.06967402345386953,0.032318696826805465,0.03735532662706406
19.450000000000003,0.1990903990827068,0.17908232398166943,0.02000807510103736
19.5,0.30829438662130915,0.3113178129737365,-0.003023426352427361
19.55,0.3852956524002422,0.4022656821295741,-0.01697002972933187
19.6,0.4214131878659573,0.4364081663239088,-0.014994978457951502
19.650000000000002,0.4075794992251198,0.4111866801625653,-0.0036071809374454977
19.700000000000003,0.3397088639242246,0.33548692593963036,0.004221937984594248
19.75,0.2259008492837829,0.22545950235269002,0.0004413469310928786
19.8,0.08582556634133907,0.09887669850396137,-0.013051132162622298
19.85,-0.05846014905198371,-0.029705242292601068,-0.028754906759382644
19.900000000000002,-0.19148838461903672,-0.15064904231867557,-0.04083934230036115
19.950000000000003,-0.3049530939241508,-0.25738373806340564,-0.04756935586074518
20.0,-0.39137391172519176,-0.3432847411905477,-0.048089170534644066
20.05,-0.4399916392826844,-0.4005419977959676,-0.03944964148671681
20.1,-0.44100705784190464,-0.42223336851112475,-0.018773689330779886
20.150000000000002,-0.3940069525734688,-0.4054967992583851,0.011489846684916316
20.200000000000003,-0.3105525300536006,-0.35240863416597124,0.04185610411237062
20.25,-0.20640125372577775,-0.2674851427307306,0.061083889004952846
20.3,-0.09018938322668793,-0.15452629627002235,0.06433691304333441
20.35,0.03964743916035416,-0.016853432864786737,0.0565008720251409
20.400000000000002,0.18532825090979194,0.1379866574237836,0.04734159348600833
20.450000000000003,0.3359549012422311,0.29282226122058275,0.04313264002164835
20.5,0.4632064574492364,0.4205541073033418,0.04265235014589458
20.55,0.5323180244739458,0.4915117107282578,0.04080631374568805
20.6,0.5204597702383663,0.48495199577452786,0.03550777446383846
20.650000000000002,0.42808819019956307,0.39749223300598213,0.030595957193580936
20.700000000000003,0.27530018991494554,0.24325640940439822,0.03204378051054732
20.75,0.08807351852497323,0.046501204934165694,0.04157231359080754
20.8,-0.11350390208199104,-0.16758825462491825,0.054084352542927205
20.85,-0.31703958005372634,-0.3782212375370415,0.061181657483315166
20.900000000000002,-0.5118700011913719,-0.5689814660012301,0.05711146480985818
20.950000000000003,-0.6836674287019532,-0.7254220159746831,0.04175458727272996
21.0,-0.8153336650756232,-0.8342167349417469,0.018883069866123647
21.05,-0.8926870544249802,-0.8852796477710939,-0.007407406653886284
21.1,-0.9093672523273598,-0.8751163367448092,-0.03425091558255067
21.150000000000002,-0.867563813063049,-0.8086790429533383,-0.058884770109710716
21.200000000000003,-0.7759197915685027,-0.6984192622586294,-0.07750052930987328
21.25,-0.6477391462606265,-0.5612179565268836,-0.0865211897337429
21.3,-0.5002241915571163,-0.41471237648454423,-0.08551181507257205
21.35,-0.35267371701974,-0.274167508008056,-0.07850620901168398
21.400000000000002,-0.22224884722349722,-0.15048032646373374,-0.07176852075976348
21.450000000000003,-0.11938274440107323,-0.04971220226794023,-0.069670542133133
21.5,-0.04678001862057128,0.025737997259267422,-0.07251801587983871
21.55,-0.0033029411983333504,0.07507289083426595,-0.0783758320325993
21.6,0.010916322620313256,0.09779683456832892,-0.08688051194801567
21.650000000000002,-0.006252875264428465,0.09453012976273714,-0.10078300502716561
21.700000000000003,-0.05349054084848452,0.06946622787449863,-0.12295676872298315
21.75,-0.11905349118220267,0.03208348335438717,-0.15113697453658984
21.8,-0.17968065982506376,-0.004219013595661917,-0.17546164622940183
21.85,-0.2085049939953472,-0.026378990860617575,-0.18212600313472962
21.900000000000002,-0.18712308862432542,-0.02572156297332091,-0.16140152565100452
21.950000000000003,-0.11254647337552123,0.001692876287427196,-0.11423934966294844
22.0,0.006578762069039436,0.05887375538303785,-0.052294993313998415
22.05,0.16098225126909785,0.15218053958497021,0.008801711684127633
22.1,0.3488008709213954,0.29098188043089623,0.057818990490499156
22.150000000000002,0.572403121161124,0.4806783186322977,0.09172480252882631
22.200000000000003,0.8254208711834595,0.712584889737335,0.1128359814461245
22.25,1.080824140939418,0.9577346797330001,0.12308946120641784
22.3,1.2917885387583614,1.1702363950737724,0.121552143684589
22.35,1.407981936368869,1.3002151298664637,0.10776680650240533
22.400000000000002,1.3977116935798286,1.310545497606784,0.08716619597304454
22.450000000000003,1.261153823917789,1.189466342186639,0.07168748173115014
22.5,1.026300869217682,0.9537610943179908,0.07253977489969121
22.55,0.73231943105872,0.6422895471423233,0.09002988391639666
22.6,0.41386633264980244,0.3038970700562497,0.10996926259355272
22.650000000000002,0.09709186175475207,-0.01497520884988219,0.11206707060463425
22.700000000000003,-0.19380192486346068,-0.27912458752542313,0.08532266266196245
22.75,-0.4306699600966453,-0.4685975263445657,0.037927566247920375
22.8,-0.5863057390552925,-0.578649481933691,-0.007656257121601451
22.85,-0.6486762929986801,-0.6171802421459442,-0.03149605085273588
22.900000000000002,-0.6319773462600269,-0.6008786701133507,-0.031098676146676163
22.950000000000003,-0.5723429947243837,-0.5507115446077739,-0.02163145011660972
23.0,-0.5085422803901773,-0.48715943116589483,-0.02138284922428252
23.05,-0.46154147651153304,-0.4259311119218064,-0.03561036458972666
23.1,-0.4285850716836751,-0.37535906751444986,-0.05322600416922524
23.150000000000002,-0.3951860804492329,-0.33656144103516983,-0.058624639414063096
23.200000000000003,-0.35310527963688143,-0.30636454937959384,-0.04674073025728759
23.25,-0.3081939096837031,-0.281405734472583,-0.02678817521112009
23.3,-0.2726318531672067,-0.26096259635647967,-0.011669256810727002
23.35,-0.2511682204849123,-0.24680130347961426,-0.00436691700529801
23.400000000000002,-0.23588008275630545,-0.24040411261980996,0.004524029863504503
23.450000000000003,-0.2143023649762955,-0.239829160926725,0.025526795950429476
23.5,-0.18167141718945545,-0.2386595205571843,0.05698810336772886
23.55,-0.14392473224385252,-0.22783088210179764,0.08390614985794512
23.6,-0.10812821129850153,-0.1989752317611695,0.09084702046266796
23.650000000000002,-0.07067681109374199,-0.14704704294346713,0.07637023184972513
23.700000000000003,-0.016558853650769322,-0.07099253889856638,0.054433685247797056
23.75,0.0681738536961081,0.026985230336433165,0.04118862335967493
23.8,0.18246188278329376,0.14208558242557542,0.04037630035771833
23.85,0.30864732754876945,0.2666655192701758,0.04198180827859366
23.900000000000002,0.4248806177621777,0.3896912392919195,0.035189378470258215
23.950000000000003,0.5191217613267342,0.49724917277089514,0.021872588555839012
24.0,0.591056484725022,0.5748797578119701,0.016176726913051942
24.05,0.6412521611580658,0.6111254592094075,0.030126701948658297
24.1,0.6606404907976319,0.6007288226286361,0.059911668168995735
24.150000000000002,0.6332944824036316,0.5460465033167251,0.08724797908690651
24.200000000000003,0.5511912912332447,0.4561761896545573,0.09501510157868742
24.25,0.4260271520697598,0.3442790287934077,0.08174812327635206
24.3,0.2848249519713376,0.22413979776280024,0.06068515420853737
24.35,0.1519892104859978,0.10712477317709991,0.0448644373088979
24.400000000000002,0.03443479440143503,0.000490441888289715,0.033944352513145315
24.450000000000003,-0.07626758491784881,-0.09254404697358207,0.016276462055733257
24.5,-0.1878189969580297,-0.17137277797134082,-0.016446218986688882
24.55,-0.29428350635495115,-0.23634786049278386,-0.05793564586216729
24.6,-0.37980937011868937,-0.2880166291315221,-0.09179274098716728
24.650000000000002,-0.434778109123656,-0.3275152621608914,-0.10726284696276461
24.700000000000003,-0.4668437235475628,-0.3573078997943742,-0.1095358237531886
24.75,-0.4944591240913003,-0.38115142651174644,-0.11330769757955383
24.8,-0.5289864474695659,-0.4029563440719695,-0.1260301033975964
24.85,-0.5639622807383979,-0.42533475212561245,-0.1386275286127855
24.900000000000002,-0.5830439817144898,-0.44890571574762245,-0.13413826596686734
24.950000000000003,-0.5784775334579283,-0.4725342943897558,-0.10594323906817249
25.0,-0.5601768994848003,-0.4935797770024923,-0.06659712248230804
25.05,-0.5445971459768582,-0.5072397074781827,-0.037357438498675455
25.1,-0.5338175767181575,-0.5054020048697306,-0.028415571848426913
25.150000000000002,-0.506708434272471,-0.47673771098381457,-0.029970723288656465
25.200000000000003,-0.4331665719304317,-0.40948400543529306,-0.023682566495138613
25.25,-0.29945508415128275,-0.29634044087128325,-0.003114643279999496
25.3,-0.12087505024861998,-0.13883681913744178,0.017961768888821797
25.35,0.07018559680609406,0.05155146050784389,0.018634136298250163
25.400000000000002,0.24875167673233453,0.2560675600419534,-0.007315883309618881
25.450000000000003,0.41013140336639675,0.4530495283245971,-0.042918124958200354
25.5,0.5592116645301942,0.6213032943833866,-0.06209162985319239
25.55,0.6886251544443847,0.741569337091399,-0.05294418264701439
25.6,0.7701172765764669,0.7975694146843997,-0.02745213810793279
25.650000000000002,0.7705594106152506,0.778610534549673,-0.008051123934422422
25.700000000000003,0.6790948916943292,0.6837132194860832,-0.004618327791753973
25.75,0.5198228927455888,0.5246712783600636,-0.0048483856144747595
25.8,0.33741735278493684,0.32500693948362464,0.012410413301312206
25.85,0.1684176987186295,0.11422775092643764,0.054189947792191856
25.900000000000002,0.02380170671016085,-0.07985298800970775,0.1036546947198686
25.950000000000003,-0.10335944969080954,-0.2366470029200679,0.13328755322925837
26.0,-0.2157340597047532,-0.34399109510553333,0.12825703540078012
26.05,-0.29863349658795546,-0.3963002377375041,0.09766674114954865
26.1,-0.3292461014922888,-0.3929739839453565,0.06372788245306771
26.150000000000002,-0.2988925356573198,-0.33925755458650686,0.040365018929187035
26.200000000000003,-0.2264596934470833,-0.24863798494839331,0.02217829150131001
26.25,-0.15000175583616768,-0.14351895442294416,-0.006482801413223521
26.3,-0.10389886544103641,-0.05143825224732624,-0.05246061319371017
26.35,-0.10096929572160523,0.0028640560274537175,-0.10383335174905896
26.400000000000002,-0.13231848833960042,0.005989609654197189,-0.13830809799379762
26.450000000000003,-0.180784811421948,-0.03949201717865148,-0.14129279424329652
26.5,-0.2335168293793861,-0.1168944849372327,-0.11662234444215339
26.55,-0.2838474981275214,-0.20269728944550583,-0.08115020868201558
26.6,-0.3251722113392009,-0.27529121189104994,-0.04988099944815094
26.650000000000002,-0.3465723101078008,-0.32074616800641026,-0.02582614210139056
26.700000000000003,-0.3357403545181348,-0.33333901758285406,-0.002401336935280718
26.75,-0.28578499830524806,-0.31200385567446204,0.026218857369213977
26.8,-0.1988428340641941,-0.2563817469586859,0.057538912894491784
26.85,-0.0839146652233198,-0.16611396239683887,0.08219929717351906
26.900000000000002,0.04732031923947937,-0.04438038260125842,0.0917007018407378
26.950000000000003,0.1820458308800032,0.0968784318230476,0.0851673990569556
27.0,0.30517479467316877,0.2346368868236346,0.07053790784953418
27.05,0.39945858261291406,0.33881953225468664,0.06063905035822742
27.1,0.44930258735646394,0.38237312187988953,0.06692946547657441
27.150000000000002,0.4460941363551354,0.35295702953649455,0.09313710681864085
27.200000000000003,0.39094341608338573,0.26010861254937995,0.13083480353400578
27.25,0.29379214774956425,0.13359216847043703,0.1601999792791272
27.3,0.17164909134027154,0.013042805269226033,0.15860628607104552
27.35,0.04804161284826929,-0.06654006396735727,0.11458167681562656
27.400000000000002,-0.04869690566422079,-0.08682434447854433,0.03812743881432354
27.450000000000003,-0.0926119973931012,-0.050397887970332324,-0.04221410942276888
27.5,-0.07220392857623024,0.024093452531655977,-0.09629738110788622
27.55,0.000805436347171609,0.11267050505292973,-0.11186506870575813
27.6,0.09539810070004172,0.19652862004771374,-0.10113051934767202
27.650000000000002,0.1781136269954977,0.2668060082979807,-0.08869238130248297
27.700000000000003,0.23096109587431976,0.32191169071621645,-0.09095059484189669
27.75,0.2559153502438668,0.360624953531251,-0.10470960328738421
27.8,0.26285888711278543,0.3769459553380371,-0.11408706822525166
27.85,0.253346265696215,0.36114369729006357,-0.10779743159384858
27.900000000000002,0.21686274922740123,0.3064436562672281,-0.08958090703982685
27.950000000000003,0.14396332281971855,0.21601671959545873,-0.07205339677574019
28.0,0.043134952062921415,0.10430100254675388,-0.06116605048383247
28.05,-0.056921895208972666,-0.008960072642882122,-0.047961822566090544
28.1,-0.12449772427105626,-0.1076208968053272,-0.016876827465729063
28.150000000000002,-0.14704138612462078,-0.18413454423619646,0.03709315811157568
28.200000000000003,-0.13777366046087444,-0.23717226531504304,0.0993986048541686
28.25,-0.12049856925707898,-0.26496018998997956,0.1444616207329006
28.3,-0.1074369877819318,-0.26148986928804047,0.15405288150610869
28.35,-0.09181023837542891,-0.2204328396573956,0.12862260128196668
28.400000000000002,-0.06216051028046374,-0.14450502394931983,0.08234451366885609
28.450000000000003,-0.023166180354511977,-0.05219942449405149,0.02903324413953951
28.5,-0.00024553110428188955,0.025463439994223524,-0.025708971098505413
28.55,-0.020682412493780812,0.05833854649309095,-0.07902095898687175
28.6,-0.08770070476118172,0.032879351921586336,-0.12058005668276806
28.650000000000002,-0.17240968679708982,-0.04001465947241161,-0.1323950273246782
28.700000000000003,-0.23277920308006816,-0.13002610309851098,-0.10275309998155718
28.75,-0.24350154844679506,-0.2017006169956778,-0.04180093145111727
28.8,-0.21021680063578296,-0.22891329127583582,0.018696490640052854
28.85,-0.15641390176713643,-0.2018672117375058,0.045453309970369365
28.900000000000002,-0.09723089572709961,-0.12533862586815112,0.0281077301410515
28.950000000000003,-0.026386532784828325,-0.012765603020481889,-0.013620929764346435
29.0,0.07098673455913196,0.118147378453478,-0.047160643894346044
29.05,0.1927033330113887,0.2463263039821055,-0.053622970970716805
29.1,0.3074228707633311,0.3473761882231771,-0.03995331745984604
29.150000000000002,0.3702562134625205,0.39688174977552687,-0.02662553631300635
29.200000000000003,0.3542496009331351,0.3782029153186716,-0.023953314385536495
29.25,0.2707456858102385,0.29134555830108566,-0.02059987249084716
29.3,0.16137117309188673,0.15696289671633448,0.004408276375552245
29.35,0.06952460575276073,0.011446126270288527,0.0580784794824722
29.400000000000002,0.016171424093378583,-0.1056685909933407,0.12184001508671928
29.450000000000003,-0.0015423968769395567,-0.16576264917970204,0.1642202523027625
29.5,0.007311855583271334,-0.15936775112037702,0.16667960670364834
29.55,0.04348958455485457,-0.09502998147729884,0.1385195660321534
29.6,0.11557748769393988,0.008694440994324303,0.10688304669961558
29.650000000000002,0.2230829946436484,0.13165167759261076,0.09143131705103763
29.700000000000003,0.34322694547047794,0.2554901278569343,0.08773681761354363
29.75,0.43668653686543535,0.36175819785507995,0.0749283390103554
29.8,0.4692100336311476,0.42940313414888615,0.03980689948226146
29.85,0.43079434023359736,0.4369887673273023,-0.006194427093704935
29.900000000000002,0.33643503681989056,0.37054387218851587,-0.0341088353686253
29.950000000000003,0.20959194395889136,0.23223919041692137,-0.022647246458030013
30.0,0.06478278309358802,0.043110514010710935,0.021672269082877088
30.05,-0.09515996504364058,-0.16323544607573698,0.0680754810320964
30.1,-0.26707661450844894,-0.3525500102488454,0.08547339574039647
30.150000000000002,-0.4352439936903077,-0.5003460583763605,0.06510206468605279
30.200000000000003,-0.5731856263166,-0.5955424310792352,0.02235680476263524
30.25,-0.659319499539749,-0.6377419474399211,-0.021577552099827924
30.3,-0.6919415300761724,-0.6327596259722544,-0.05918190410391799
30.35,-0.688951185781434,-0.5904095556974293,-0.09854163008400474
30.400000000000002,-0.6719501575034325,-0.5244379277171678,-0.14751222978626466
30.450000000000003,-0.6491115438915794,-0.45138806825296324,-0.1977234756386162
30.5,-0.612236492510535,-0.38626214256890135,-0.22597434994163368
30.55,-0.5496927945419422,-0.33680348250003467,-0.21288931204190753
30.6,-0.46173745673178135,-0.30074219837052146,-0.16099525836125989
30.650000000000002,-0.3627936582642999,-0.2685580108429865,-0.09423564742131335
30.700000000000003,-0.2684840012149963,-0.2297787727380283,-0.03870522847696803
30.75,-0.18072511875725117,-0.17799675079373553,-0.0027283679635156377
30.8,-0.08667232183613605,-0.11147647068675474,0.0248041488506187
30.85,0.026008402343794205,-0.03075923426408563,0.05676763660787984
30.900000000000002,0.15146658479575784,0.06251513558273475,0.08895144921302309
30.950000000000003,0.2629352547035883,0.16311440674437142,0.09982084795921689
31.0,0.32893490665322933,0.25822356172876393,0.0707113449244654
31.05,0.3347837685229642,0.32698982930217513,0.007793939220789081
31.1,0.29078881354477143,0.34668673352335944,-0.05589791997858801
31.150000000000002,0.22100848367877704,0.3033262415278832,-0.08231775784910614
31.200000000000003,0.14443102000181354,0.20054068042008893,-0.05610966041827539
31.25,0.0664188607715997,0.061141109256779,0.005277751514820697
31.3,-0.013293127957974507,-0.07977849726780264,0.06648536930982814
31.35,-0.0871001434512765,-0.18666560203422622,0.09956545858294973
31.400000000000002,-0.13713198244926758,-0.23498247639074626,0.09785049394147868
31.450000000000003,-0.1485797615533339,-0.21834144807135886,0.06976168651802495
31.5,-0.12598580371401272,-0.14966178513846312,0.023675981424450404
31.55,-0.09497358468075628,-0.056506421611553455,-0.03846716306920283
31.6,-0.08532071648807071,0.02794193470578521,-0.11326265119385592
31.650000000000002,-0.10985681427254455,0.07539040836430935,-0.1852472226368539
31.700000000000003,-0.15846451373867185,0.07051974709761105,-0.2289842608362829
31.75,-0.2119214790875353,0.013528592169323785,-0.2254500712568591
31.8,-0.26057773474978324,-0.08290765281361326,-0.17767008193616998
31.85,-0.30804428719452004,-0.19892790447382566,-0.10911638272069438
31.900000000000002,-0.3558108387371226,-0.3110158551605874,-0.04479498357653522
31.950000000000003,-0.38563536199205883,-0.39277605907877483,0.007140697086715997
32.0,-0.3610627623553284,-0.41604252172785056,0.05497975937252214
32.050000000000004,-0.2516415888334953,-0.35637736242049084,0.10473577358699554
32.1,-0.06003537613371983,-0.20325131140595537,0.14321593527223553
32.15,0.17326620057414652,0.03033476888066893,0.14293143169347758
32.2,0.39382489009796023,0.30614211604692715,0.08768277405103309
32.25,0.5658141355592601,0.5703769769315183,-0.004562841372258264
32.300000000000004,0.685552080146247,0.77105343336041,-0.08550135321416297
32.35,0.7667616349122778,0.8745210193951413,-0.10775938448286349
32.4,0.8152963135390117,0.8738294309060531,-0.058533117367041476
32.45,0.8201659985912912,0.7872149959728623,0.03295100261842898
32.5,0.769931776046318,0.6500884909052504,0.11984328514106757
32.550000000000004,0.6765790131180428,0.5049292705130746,0.17164974260496824
32.6,0.5798916146342347,0.3912767342383408,0.18861488039589386
32.65,0.5237181754544743,0.3362127084590979,0.1875054669953764
32.7,0.5236061625871524,0.34661373391051387,0.17699242867663856
32.75,0.5553014145745403,0.40650193976033794,0.14879947481420236
32.800000000000004,0.5752041176020338,0.48258065832894254,0.09262345927309129
32.85,0.5545258735448825,0.537144457895945,0.01738141564893747
32.9,0.49688636481951165,0.5426396333179226,-0.04575326849841099
32.95,0.4257695819162455,0.49055186792694283,-0.06478228601069735
33.0,0.35704845432389604,0.39080696257584724,-0.0337585082519512
33.050000000000004,0.28467856112267254,0.2638528065035412,0.02082575461913133
33.1,0.19274257654135987,0.131333341853384,0.06140923468797588
33.15,0.07979778589601526,0.01024511414699926,0.069552671749016
33.2,-0.03090887966388801,-0.08860509022846702,0.057696210564579006
33.25,-0.10742079355671108,-0.16018617193530252,0.05276537837859144
33.300000000000004,-0.13685419328789836,-0.20509595682951684,0.06824176354161848
33.35,-0.13834678785001187,-0.2296100157844904,0.09126322793447852
33.4,-0.14838445127030825,-0.2443451144167717,0.09596066314646345
33.45,-0.19184501344483346,-0.2608554918015102,0.06901047835667673
33.5,-0.2650825282360554,-0.28761766836712943,0.02253514013107405
33.550000000000004,-0.3451569331395019,-0.3277969837816552,-0.017359949357846682
33.6,-0.4143949986954913,-0.3798728780524326,-0.03452212064305871
33.65,-0.47598694298605987,-0.4399497352911012,-0.03603720769495866
33.7,-0.5464607928734978,-0.5035730879000582,-0.04288770497343963
33.75,-0.6338008243368749,-0.5658962096915436,-0.06790461464533126
33.800000000000004,-0.7233217453999456,-0.6208661490014079,-0.10245559639853774
33.85,-0.7851161988012646,-0.6609143401636144,-0.12420185863765021
33.9,-0.7959846334551967,-0.6779044053270571,-0.11808022812813956
33.95,-0.7555275511121331,-0.6648549846070338,-0.09067256650509925
34.0,-0.6823535402688832,-0.6175182653397573,-0.06483527492912589
34.050000000000004,-0.5951050982512892,-0.5354173741755517,-0.059687724075737525
34.1,-0.49628581107287423,-0.42248727699385075,-0.07379853407902348
34.15,-0.3731363946790456,-0.2872494369102035,-0.08588695776884209
34.2,-0.21376210693675543,-0.14184709456690625,-0.07191501236984918
34.25,-0.02352101525507643,0.0006458704762913173,-0.02416688573136775
34.300000000000004,0.17252835259580146,0.13000410747450222,0.04252424512129924
34.35,0.34263713833814413,0.24163012144350196,0.10100701689464217
34.4,0.46562017644973075,0.3361108053742152,0.12950937107551552
34.45,0.5387505036624854,0.4151377466448717,0.12361275701761376
34.5,0.5713407878327018,0.476056824882658,0.09528396295004382
34.550000000000004,0.5707274166814946,0.5088307036912619,0.061896712990232694
34.6,0.5328540967678167,0.49820954528891076,0.03464455147890594
34.65,0.4454532369961742,0.43084966295112764,0.01460357404504653
34.7,0.30168435076160977,0.30391510760127116,-0.0022307568396613964
34.75,0.1135285540053458,0.13038536717115365,-0.016856813165807852
34.800000000000004,-0.08655999072344463,-0.06228356114657915,-0.024276429576865474
34.85,-0.25928334622813204,-0.24013399191715876,-0.019149354310973282
34.9,-0.37935270206679667,-0.37388847752837295,-0.005464224538423712
34.95,-0.44876926690962987,-0.4483175245236591,-0.0004517423859707881
35.0,-0.491920981535462,-0.46583893132613374,-0.026082050209328245
35.050000000000004,-0.5351906279408675,-0.4434258324929639,-0.09176479544790356
35.1,-0.5863500530678023,-0.4050541889197142,-0.18129586414808813
35.15,-0.6299974583600282,-0.3733647178509137,-0.2566327405091145
35.2,-0.6424728961267658,-0.36338469177483174,-0.2790882043519341
35.25,-0.6130505460691661,-0.3791505809606416,-0.2338999651085245
35.300000000000004,-0.552449916406585,-0.41272198537422683,-0.1397279310323582
35.35,-0.48096088864684045,-0.4453231433031553,-0.035637745343685134
35.4,-0.4074318096583097,-0.4513630670253487,0.043931257367038956
35.45,-0.319597401887187,-0.4060566167528107,0.08645921486562369
35.5,-0.1962694357608907,-0.2953784605095684,0.0991090247486777
35.550000000000004,-0.031174735366529132,-0.12433226818095948,0.09315753281443034
35.6,0.15385973368060343,0.08142502696431443,0.072434706716289
35.65,0.3198766359138005,0.28303960620884194,0.03683702970495856
35.7,0.4371700859624851,0.44246940365412696,-0.0052993176916418805
35.75,0.5035863188645922,0.5363836834364699,-0.03279736457187776
35.800000000000004,0.5385628392832776,0.5630381629200585,-0.024475323636780844
35.85,0.559676480301362,0.5392132477609511,0.020463232540410825
35.9,0.5651003441763299,0.4899140670033268,0.07518627717300314
35.95,0.5392590979763099,0.4370747584419053,0.10218433953440459
36.0,0.4756484575468278,0.3929539683320307,0.08269448921479705
36.050000000000004,0.3929580620083351,0.3601176668006841,0.03284039520765103
36.1,0.32624071054422216,0.33571814261866323,-0.009477432074441072
36.15,0.29914977791421093,0.3158818270884458,-0.016732049174234875
36.2,0.30280925685835125,0.2972509182226125,0.0055583386357387354
36.25,0.3022066753748184,0.2757957761601242,0.026410899214694195
36.300000000000004,0.2658253335455348,0.24555206624340079,0.020273267302133996
36.35,0.19235144242178093,0.20005642557598152,-0.007704983154200595
36.4,0.11073445219335494,0.1368085489463948,-0.026074096753039858
36.45,0.05448296819292319,0.061879352167833156,-0.007396383974909965
36.5,0.034459702036590024,-0.009532414264052276,0.0439921163006423
36.550000000000004,0.034546405955943285,-0.05868618309586662,0.09323258905180991
36.6,0.03186557135768873,-0.0726904889041804,0.10455606026186912
36.65,0.020032019622870746,-0.05194527639781625,0.071977296020687
36.7,0.012402019319927689,-0.010543151529996724,0.022945170849924413
36.75,0.023235193918707507,0.0307418058784374,-0.007506611959729893
36.800000000000004,0.047041953806346404,0.05405425352063399,-0.007012299714287587
36.85,0.05817726761591962,0.050507338827234835,0.007669928788684784
36.9,0.032455625024415125,0.020253086420510345,0.01220253860390478
36.95,-0.02967044678705235,-0.030578186981814474,0.0009077401947621237
37.0,-0.10113380218363613,-0.0914762292510695,-0.009657572932566624
37.050000000000004,-0.15030293317108298,-0.14664467077157792,-0.0036582623995050634
37.1,-0.16696526136357284,-0.17564752972125797,0.008682268357685125
37.15,-0.1682765333651826,-0.16033523807802347,-0.007941295287159145
37.2,-0.17947138196974027,-0.09693244901891303,-0.08253893295082725
37.25,-0.2075439065224908,-0.004631751406824964,-0.20291215511566585
37.300000000000004,-0.23212897605024987,0.07921388438539281,-0.3113428604356427
37.35,-0.22129210020069903,0.11875680800447616,-0.3400489082051752
37.4,-0.15698654059239547,0.1030850839830012,-0.2600716245753967
37.45,-0.047109099437915525,0.05648610165289516,-0.10359520109081069
37.5,0.08506134753178257,0.02602245839989547,0.0590388891318871
37.550000000000004,0.2217264690881495,0.0531113350930724,0.1686151339950771
37.6,0.3607826924521457,0.14814452279386617,0.21263816965827956
37.65,0.5062383836323818,0.2853060135929127,0.22093237003946914
37.7,0.6498321752434716,0.4197596629305969,0.23007251231287468
37.75,0.7637691251977905,0.5133107155425588,0.2504584096552317
37.800000000000004,0.8138622905666131,0.5502591527648619,0.26360313780175115
37.85,0.782634241788398,0.5351489514524667,0.24748529033593136
37.9,0.6819444653354355,0.4791692906299638,0.20277517470547174
37.95,0.5438015665088983,0.3893007392181974,0.15450082729070092
38.0,0.39751813650332457,0.26878391695429915,0.12873421954902542
38.050000000000004,0.253101643946504,0.125434385624342,0.12766725832216197
38.1,0.10417190166130907,-0.022946688575868623,0.1271185902371777
38.15,-0.05465305520088949,-0.15332678119335447,0.09867372599246498
38.2,-0.21384400054569244,-0.24949766246911942,0.03565366192342698
38.25,-0.35219628249596496,-0.31147432893736593,-0.04072195355859903
38.300000000000004,-0.45393541856634145,-0.3543461689948383,-0.09958924957150317
38.35,-0.5228616387196674,-0.39744431960904925,-0.12541731911061815
38.400000000000006,-0.5791854666808478,-0.4520925630546146,-0.1270929036262332
38.45,-0.6408161102670312,-0.516260524475956,-0.12455558579107517
38.5,-0.7056028741634723,-0.578096057014366,-0.1275068171491064
38.550000000000004,-0.7507538882522814,-0.6237162715450573,-0.12703761670722413
38.6,-0.7505606246768554,-0.6430782737739955,-0.10748235090285985
38.650000000000006,-0.6973429285857083,-0.6313251720171567,-0.06601775656855169
38.7,-0.6077919035345235,-0.5874878526326406,-0.02030405090188292
38.75,-0.509891133328192,-0.5137670580633942,0.003875924735202152
38.800000000000004,-0.42244987653010274,-0.4164457405905001,-0.0060041359396026395
38.85,-0.34494461182152225,-0.3066728429197702,-0.038271768901752046
38.900000000000006,-0.26524610829248974,-0.19882929451514322,-0.06641681377734651
38.95,-0.17658397157146513,-0.10623644113274877,-0.07034753043871636
39.0,-0.08753323938909774,-0.036470367133440366,-0.05106287225565737
39.050000000000004,-0.01624937424052531,0.010769417542677762,-0.027018791783203072
39.1,0.024857454130680395,0.041880973566687775,-0.01702351943600738
39.150000000000006,0.03930659506874336,0.0647878376510631,-0.025481242582319735
39.2,0.042293939746425493,0.08423646042582741,-0.04194252067940192
39.25,0.046426898267421024,0.099412629549956,-0.052985731282534976
39.300000000000004,0.050923166905497044,0.10480529326837883,-0.05388212636288178
39.35,0.04401536696530521,0.0935194775329858,-0.04950411056768059
39.400000000000006,0.015800787522357695,0.06125129384168244,-0.04545050631932474
39.45,-0.030605201914081635,0.009208480919673955,-0.03981368283375559
39.5,-0.07959320230950871,-0.0549451561324487,-0.024648046177060012
39.550000000000004,-0.11418830718692063,-0.11820237335007867,0.004014066163158039
39.6,-0.12741971080180006,-0.16507290397392355,0.037653193172123484
39.650000000000006,-0.1243735953762678,-0.18183137987206036,0.05745778449579256
39.7,-0.1147005497626333,-0.16148293311777187,0.04678238335513857
39.75,-0.10385649600263447,-0.10786948645991928,0.004012990457284815
39.800000000000004,-0.0912168938770427,-0.036465676399356314,-0.05475121747768638
39.85,-0.07537612607948466,0.03008505426756757,-0.10546118034705222
39.900000000000006,-0.05964015513175078,0.0710656910938466,-0.1307058462255974
39.95,-0.05105551387447694,0.07733130855203517,-0.12838682242651211
40.0,-0.053508001607046274,0.05582202586025863,-0.10933002746730491
40.050000000000004,-0.06197592149002778,0.025546934935814204,-0.08752285642584198
40.1,-0.06434086534288988,0.0069437436783205365,-0.07128460902121042
40.150000000000006,-0.049940618162108735,0.011124624411145836,-0.061065242573254574
40.2,-0.017375184443416097,0.03571253031884685,-0.05308771476226295
40.25,0.025580643596242417,0.06932345280066864,-0.04374280920442622
40.300000000000004,0.0700306478950205,0.10077345064765572,-0.030742802752635218
40.35,0.1148205699048354,0.1263892323213102,-0.011568662416474793
40.400000000000006,0.1682485792845556,0.1511477727244188,0.017100806560136822
40.45,0.24086707218083578,0.18431317540497935,0.05655389677585643
40.5,0.33521669520679187,0.23353777779180637,0.1016789174149855
40.550000000000004,0.44078335851125355,0.30090249103192734,0.1398808674793262
40.6,0.5380208857024978,0.3816414024578868,0.15637948324461104
40.650000000000006,0.6080613942930775,0.4645171999376187,0.1435441943554588
40.7,0.6407759693797269,0.5333782427464935,0.10739772663323344
40.75,0.6359743598788503,0.5707111561376307,0.06526320374121963
40.800000000000004,0.5984447612085321,0.5635289014955609,0.034915859712971176
40.85,0.53219985086045,0.509469881994502,0.022729968865947914
40.900000000000006,0.4391584090351673,0.4191101405697296,0.02004826846543767
40.95,0.3230465452744752,0.3118975528209894,0.011148992453485773
41.0,0.1943617923665451,0.20743814532587374,-0.01307635295932863
41.050000000000004,0.07086152374508436,0.11753716204606449,-0.04667563830098012
41.1,-0.02854519795660515,0.043957228199231126,-0.07250242615583627
41.150000000000006,-0.09294179320625445,-0.01756019231321064,-0.07538160089304381
41.2,-0.12462628526322304,-0.0710351010224348,-0.05359118424078825
41.25,-0.1355019479484034,-0.11657362253104564,-0.018928325417357755
41.300000000000004,-0.136284688750508,-0.15082236692014642,0.014537678169638413
41.35,-0.12639131648852187,-0.16923971017552333,0.04284839368700147
41.400000000000006,-0.09295125619404293,-0.16716308304641417,0.07421182685237124
41.45,-0.021026419715746453,-0.13937203940357518,0.11834561968782872
41.5,0.09174917949116317,-0.0806996450864842,0.17244882457764737
41.550000000000004,0.22716899911244542,0.010141395277157057,0.21702760383528838
41.6,0.3518396248276759,0.12489384706875427,0.2269457777589216
41.650000000000006,0.4327446971938284,0.24280584758123358,0.18993884961259483
41.7,0.4520855999119931,0.3343083162529661,0.11777728365902701
41.75,0.4114118430327963,0.37084173727254705,0.040570105760249275
41.800000000000004,0.3238080423604657,0.335804210701638,-0.011996168341172342
41.85,0.20210902690290306,0.23064537449117345,-0.028536347588270394
41.900000000000006,0.053131324052622775,0.07336289855588476,-0.02023157450326199
41.95,-0.11851069162956393,-0.10875998398779414,-0.009750707641769787
42.0,-0.30224364567872225,-0.2878264678235794,-0.014417177855142849
42.050000000000004,-0.4777233238025287,-0.4417278877033888,-0.03599543609913991
42.1,-0.6196308696234062,-0.5569111564027828,-0.06271971322062342
42.150000000000006,-0.7075630195618977,-0.6279846642134572,-0.07957835534844049
42.2,-0.7334464995817869,-0.655272880936499,-0.07817361864528782
42.25,-0.7016453863537048,-0.641563611133652,-0.06008177522005276
42.300000000000004,-0.6232556075008038,-0.5895456743685886,-0.03370993313221515
42.35,-0.5101006354383462,-0.5014014228989322,-0.00869921253941397
42.400000000000006,-0.3726787442626727,-0.3809476521088201,0.008268907846147366
42.45,-0.22189801774626522,-0.2368642305325241,0.01496621278625887
42.5,-0.07131261840499595,-0.0843674266187558,0.013054808213759858
42.550000000000004,0.0629589593008862,0.05655819399648495,0.00640076530440125
42.6,0.16485467887581962,0.16595145926945484,-0.0010967803936352272
42.650000000000006,0.22193818601003074,0.22929107148827335,-0.007352885478242616
42.7,0.22846012108192384,0.24104653431529258,-0.012586413233368732
42.75,0.18728543307908027,0.205419718315142,-0.018134285236061726
42.800000000000004,0.11009512950934962,0.13484125583477288,-0.024746126325423265
42.85,0.014851927540736547,0.047019222413140146,-0.0321672948724036
42.900000000000006,-0.07973932380906089,-0.039228160563064184,-0.040511163245996705
42.95,-0.16071801867884475,-0.1090439338081364,-0.05167408487070835
43.0,-0.22433057236368842,-0.15597256090743952,-0.0683580114562489
43.050000000000004,-0.27361844110389033,-0.18318427582271618,-0.09043416528117415
43.1,-0.3115208962311209,-0.19983857245800182,-0.11168232377311907
43.150000000000006,-0.334908131572556,-0.21398094931805792,-0.12092718225449808
43.2,-0.3348111563862184,-0.22627173707075796,-0.10853941931546043
43.25,-0.30321118143736625,-0.22889578501643557,-0.07431539642093068
43.300000000000004,-0.24100082998971967,-0.21065315128487114,-0.03034767870484853
43.35,-0.16026665250606442,-0.16490019353108185,0.004633541025017424
43.400000000000006,-0.07847467411665504,-0.095072543146996,0.016597869030340953
43.45,-0.00884045118665841,-0.014375239845966968,0.005534788659308558
43.5,0.04563583928930593,0.05980421879309745,-0.014168379503791517
43.550000000000004,0.09007869771109639,0.1131986890907135,-0.023119991379617108
43.6,0.12992023891027407,0.1398814708810077,-0.00996123197073362
43.650000000000006,0.16430070278829983,0.1435039188885849,0.020796783899714927
43.7,0.18631312721227913,0.13478782657710695,0.05152530063517219
43.75,0.18972149734052604,0.12667434809962894,0.0630471492408971
43.800000000000004,0.17619714688428278,0.12889498441707478,0.047302162467208
43.85,0.15654401509418503,0.14389996207968486,0.012644053014500167
43.900000000000006,0.14423534011412092,0.16596334106683663,-0.02172800095271571
43.95,0.1459302846164308,0.18423133344547055,-0.03830104882903976
44.0,0.15640896442945068,0.18845861507877282,-0.03204965064932214
44.050000000000004,0.1622811946791071,0.17440628416735895,-0.012125089488251861
44.1,0.15212647856920464,0.14590618290857219,0.006220295660632452
44.150000000000006,0.12552047924553503,0.11268825294534862,0.012832226300186406
44.2,0.09387252616282607,0.08567615511982615,0.008196371042999917
44.25,0.07210785692543267,0.07256695472253862,-0.00045909779710594234
44.300000000000004,0.06745846881725627,0.075527086350168,-0.008068617532911729
44.35,0.07420152551603887,0.09105107955493265,-0.01684955403889378
44.400000000000006,0.07867606752069516,0.11117020644449306,-0.032494138923797905
44.45,0.07060335018133217,0.12562595720979564,-0.05502260702846347
44.5,0.0514093650533824,0.12512992318515404,-0.07372055813177164
44.550000000000004,0.03262859467435412,0.10523172789148726,-0.07260313321713313
44.6,0.025881779934723743,0.06901066001166249,-0.04312888007693875
44.650000000000006,0.03323990054204805,0.02648305774715258,0.006756842794895468
44.7,0.046449821795802114,-0.009682125285984798,0.05613194708178691
44.75,0.05554110974358307,-0.029874947999632223,0.08541605774321528
44.800000000000004,0.0587715541720311,-0.03115359264106571,0.08992514681309681
44.85,0.06456048380768706,-0.016720946177930886,0.08128142998561794
44.900000000000006,0.08340130655782338,0.007660090538647686,0.07574121601917569
44.95,0.11708681270246195,0.03721628492607537,0.07987052777638658
45.0,0.15521314147739654,0.06925958679487251,0.08595355468252402
45.050000000000004,0.1822723105555901,0.10185574945563645,0.08041656109995364
45.1,0.18885183191337426,0.1319043014109336,0.05694753050244067
45.150000000000006,0.17673450600941917,0.1542516935485997,0.022482812460819485
45.2,0.15356805057356215,0.16206997968302395,-0.008501929109461792
45.25,0.12271007859088481,0.1480088044062624,-0.025298725815377593
45.300000000000004,0.0784603519919999,0.10614291475638346,-0.027682562764383564
45.35,0.011833788139284408,0.035171403448849455,-0.023337615309565046
45.400000000000006,-0.07793235414153274,-0.05776851260207006,-0.020163841539462678
45.45,-0.17654479350541988,-0.155352923126794,-0.021191870378625882
45.5,-0.2590919727620295,-0.23356592080863808,-0.025526051953391415
45.550000000000004,-0.30277724614183066,-0.2708005557272027,-0.03197669041462797
45.6,-0.29824947220372966,-0.25823995842944636,-0.0400095137742833
45.650000000000006,-0.2515278789796828,-0.2046738814034486,-0.04685399757623421
45.7,-0.1764985912636052,-0.13158521787267588,-0.04491337339092932
45.75,-0.08503039896068067,-0.06095067427360741,-0.024079724687073256
45.800000000000004,0.017604414202499103,-0.0036804236556183525,0.021284837858117456
45.85,0.12962436041361747,0.04365037261478123,0.08597398779883623
45.900000000000006,0.2457783768303379,0.09216165649590885,0.15361672033442905
45.95,0.3527692063281215,0.14953168979041248,0.203237516537709
46.0,0.4309704677319682,0.2123346441759898,0.21863582355597838
46.050000000000004,0.4617171701820057,0.26639085903307463,0.19532631114893106
46.1,0.43571031171264707,0.2936215701740984,0.14208874153854867
46.150000000000006,0.35722171640621275,0.2801793209620844,0.07704239544412833
46.2,0.24120833373014638,0.22141444451472483,0.01979388921542155
46.25,0.1050261876021816,0.12264218978408978,-0.017616002181908175
46.300000000000004,-0.039474774966888705,-0.00279396308672651,-0.036680811880162194
46.35,-0.1873709601477134,-0.1366272313239125,-0.050743728823800904
46.400000000000006,-0.33430981820587075,-0.25957284022013516,-0.07473697798573559
46.45,-0.4681271233500526,-0.3558853704043917,-0.11224175294566086
46.5,-0.5673441323548257,-0.4172604612536602,-0.15008367110116555
46.550000000000004,-0.6106012879412261,-0.44390187434640116,-0.16669941359482499
46.6,-0.5910626652734455,-0.4416850283743484,-0.1493776368990971
46.650000000000006,-0.5234706272768398,-0.41703609329740354,-0.10643453397943625
46.7,-0.43597781503854915,-0.3730760129619106,-0.06290180207663854
46.75,-0.3517703325258498,-0.3097797463677261,-0.04199058615812373
46.800000000000004,-0.27550404885512325,-0.2278007681948098,-0.04770328066031346
46.85,-0.1964594532540679,-0.13273857337290243,-0.06372087988116548
46.900000000000006,-0.10552540591681893,-0.03631264060750192,-0.06921276530931701
46.95,-0.00992785072023457,0.046741263739742044,-0.05666911445997661
47.0,0.06887285961740007,0.10422505526469743,-0.03535219564729736
47.050000000000004,0.11282730330407481,0.13120598579053894,-0.018378682486464126
47.1,0.12370262964289543,0.1314332155715223,-0.007730585928626868
47.150000000000006,0.12180265170399224,0.11500385327669226,0.006798798427299982
47.2,0.12733032999191726,0.09369423943608125,0.03363609055583601
47.25,0.14202332740844523,0.07624446189636641,0.06577886551207882
47.300000000000004,0.1491552615473161,0.06572604102019426,0.08342922052712183
47.35,0.13231994585782364,0.06012399901550417,0.07219594684231948
47.400000000000006,0.09458820453464983,0.05566103727893148,0.038927167255718355
47.45,0.058601135664392165,0.05077471588231201,0.007826419782080152
47.5,0.046695520106970256,0.04805874248400125,-0.001363222377030994
47.550000000000004,0.06025162969856479,0.052659027130166854,0.007592602568397937
47.6,0.0788428609754027,0.06809946723437484,0.010743393741027868
47.650000000000006,0.08043224052774275,0.09254574028599578,-0.01211349975825303
47.7,0.062744296951706,0.11837676743636141,-0.055632470484655416
47.75,0.04438225084434569,0.13555228653613466,-0.09117003569178897
47.800000000000004,0.04436944470346581,0.1364986753774202,-0.09212923067395438
47.85,0.06073628587363484,0.11933020145939857,-0.05859391558576373
47.900000000000006,0.07032647131031136,0.08780501519108808,-0.017478543880776715
47.95,0.05106081500088898,0.048944153067869534,0.0021166619330194453
48.0,0.005114771247303321,0.010495012284814698,-0.005380241037511377
48.050000000000004,-0.040199125342495874,-0.020429051737234197,-0.019770073605261677
48.1,-0.05549553383746174,-0.037939370247954664,-0.017556163589507075
48.150000000000006,-0.034425538083112946,-0.03832958959341576,0.0039040515103028126
48.2,0.0031331351517015996,-0.02161782424569718,0.024750959397398777
48.25,0.032179052133882384,0.007511336812812799,0.024667715321069584
48.300000000000004,0.04657882729724065,0.04077081046387968,0.00580801683336097
48.35,0.062212431127934384,0.06938135649329659,-0.007168925365362205
48.400000000000006,0.09679689686152058,0.08756661529179786,0.00923028156972272
48.45,0.14735685802329443,0.09434230624798401,0.05301455177531042
48.5,0.18854223989501998,0.0927315424281287,0.09581069746689128
48.550000000000004,0.19402501658213048,0.08727975048809003,0.10674526609404045
48.6,0.16018887728668058,0.08156092192735617,0.0786279553593244
48.650000000000006,0.10912842144960497,0.07685814704441889,0.03227027440518608
48.7,0.06839930980807224,0.07215572454718357,-0.0037564147391113273
48.75,0.0473972732177173,0.06497017268775766,-0.017572899470040364
48.800000000000004,0.032662808297110574,0.0525691468348396,-0.019906338537729024
48.85,0.005189493568690971,0.033279396370868575,-0.028089902802177602
48.900000000000006,-0.03837374460421029,0.007499130817958422,-0.04587287542216871
48.95,-0.08119474267852157,-0.022051290313749597,-0.059143452364771976
49.0,-0.10142789994827263,-0.050970059597296065,-0.050457840350976564
49.050000000000004,-0.09096934754421569,-0.07422486111383361,-0.01674448643038208
49.1,-0.0597691262624066,-0.08694080358015988,0.027171677317753273
49.150000000000006,-0.023524747071988917,-0.08486138234875437,0.06133663527676546
49.2,0.010907586388267396,-0.06521654181915008,0.07612412820741749
49.25,0.047407018487698495,-0.028598928422956683,0.07600594691065518
49.300000000000004,0.08942464500688913,0.018908045823284696,0.07051659918360442
49.35,0.12923934993881622,0.06546397610458012,0.06377537383423611
49.400000000000006,0.1499873620766973,0.0967836287605505,0.053203733316146806
49.45,0.1387757134925758,0.1022289184190528,0.036546795073523014
49.5,0.09747878489250338,0.08012280449827901,0.01735598039422437
49.550000000000004,0.04050291039518829,0.03841108980438382,0.002091820590804469
49.6,-0.01753296849928541,-0.010185314683565962,-0.0073476538157194494
49.650000000000006,-0.07125502133405215,-0.05519524219191552,-0.016059779142136632
49.7,-0.1220726345708093,-0.09249540401789436,-0.029577230552914946
49.75,-0.1679116096212258,-0.12280340920845194,-0.04510820041277387
49.800000000000004,-0.1976294691041563,-0.14662180392186674,-0.05100766518228955
49.85,-0.1975090637458596,-0.16064838612855506,-0.03686067761730455
49.900000000000006,-0.164196851791168,-0.15919916763881914,-0.004997684152348858
49.95,-0.11108422547563665,-0.1395463735945148,0.02846214811887815
50.0,-0.06097138218588983,-0.10636847535133623,0.0453970931654464
50.050000000000004,-0.030942875000133322,-0.07103784277210211,0.04009496777196879
50.1,-0.022692221247763555,-0.045760003974648626,0.02306778272688507
50.150000000000006,-0.026146484265406132,-0.03685694415943545,0.010710459894029314
50.2,-0.03182102352478369,-0.04210468665599536,0.010283663131211665
50.25,-0.0399110851106385,-0.05365020109204494,0.013739115981406445
50.300000000000004,-0.05819851103662345,-0.06372184857703637,0.005523337540412926
50.35,-0.09173192092204292,-0.0687101342185992,-0.023021786703443722
50.400000000000006,-0.13446536096316863,-0.06922394887839663,-0.06524141208477201
50.45,-0.17056140012185686,-0.0672405443601053,-0.10332085576175155
50.5,-0.18413284895913373,-0.06336756915840833,-0.1207652798007254
50.550000000000004,-0.16921689495608544,-0.05629191966737204,-0.1129249752887134
50.6,-0.1322749081700274,-0.04411179863867144,-0.08816310953135596
50.650000000000006,-0.0860339649846247,-0.025806015111823958,-0.06022794987280075
50.7,-0.0401213424933113,-0.0016327518445028296,-0.03848859064880847
50.75,0.004207959279478864,0.027236204913140875,-0.02302824563366201
50.800000000000004,0.05152900049517272,0.058804153553481855,-0.007275153058309135
50.85,0.10417672809799426,0.08973048928545646,0.014446238812537801
50.900000000000006,0.15527579102132283,0.11506928553022806,0.040206505491094766
50.95,0.18922958419120864,0.12935581278684305,0.05987377140436559
51.0,0.19084315412741462,0.12898938292947357,0.061853771197941054
51.050000000000004,0.1571980287023106,0.11442355789901504,0.04277447080329555
51.1,0.10279305359693466,0.090407728211501,0.01238532538543366
51.150000000000006,0.0522803278055945,0.06383761358673552,-0.01155728578114102
51.2,0.02476992141447636,0.040598867033642974,-0.015828945619166614
51.25,0.02163703752305712,0.023551660444085562,-0.0019146229210284423
51.300000000000004,0.028260652762821983,0.01284184014640473,0.015418812616417253
51.35,0.02883855793456992,0.007859453017226114,0.020979104917343804
51.400000000000006,0.02154521421043215,0.008962141820542564,0.012583072389889587
51.45,0.020141534989683983,0.017490320198737735,0.0026512147909462484
51.5,0.040101341927763184,0.03419174264659625,0.0059095992811669315
51.550000000000004,0.08208977900552973,0.057560545420644,0.024529233584885728
51.6,0.12895503670471692,0.08364006930477104,0.04531496739994588
51.650000000000006,0.16002212598017698,0.10757186359301725,0.05245026238715973
51.7,0.16950893026227856,0.12571040862195987,0.043798521640318694
51.75,0.17095798027833184,0.13668905825148556,0.03426892202684628
51.800000000000004,0.18245644940473962,0.1407375834517022,0.04171886595303742
51.85,0.2063202195191624,0.1380071713543278,0.0683130481648346
51.900000000000006,0.22325150952023717,0.12743220456112003,0.09581930495911714
51.95,0.2077290483159443,0.10713869909541701,0.10059034922052729
52.0,0.15082920169261418,0.0760762482126503,0.07475295347996389
52.050000000000004,0.06891355630952625,0.03552850276010545,0.033385053549420805
52.1,-0.010285810536834299,-0.01074277614080858,0.0004569656039742822
52.150000000000006,-0.07112565239507071,-0.05789310032884233,-0.013232552066228379
52.2,-0.12101566926001857,-0.10197408067339182,-0.019041588586626745
52.25,-0.17916700844327393,-0.14121668338413348,-0.03795032505914045
52.300000000000004,-0.25479778333474407,-0.17594282801697222,-0.07885495531777184
52.35,-0.3359360505873691,-0.2073530333453939,-0.12858301724197518
52.400000000000006,-0.3986843909510559,-0.23597981652208452,-0.16270457442897138
52.45,-0.42666691768992004,-0.26054832792457533,-0.16611858976534472
52.5,-0.4215350278384771,-0.27765138391561356,-0.14388364392286357
52.550000000000004,-0.39587055571461516,-0.2823729631865958,-0.11349759252801933
52.6,-0.3578933534370364,-0.26979002763250787,-0.08810332580452851
52.650000000000006,-0.30437722070469664,-0.2369424498538153,-0.06743477085088134
52.7,-0.22784712952981565,-0.1844128488039329,-0.043434280725882735
52.75,-0.1284796842065752,-0.1165343778099176,-0.011945306396657612
52.800000000000004,-0.017037035207832833,-0.03987026960952115,0.022833234401688315
52.85,0.09367240819088316,0.03920735291780275,0.054465055273080404
52.900000000000006,0.19789203615821846,0.11616498480058605,0.0817270513576324
52.95,0.2951600846936115,0.187888881381549,0.1072712033120625
53.0,0.379356641688666,0.25048688619484755,0.12886975549381846
53.050000000000004,0.4321702989840482,0.2972239542081497,0.1349463447758985
53.1,0.4314678875177161,0.3187694374870616,0.11269845003065448
53.150000000000006,0.36918652845849476,0.30641918324978856,0.0627673452087062
53.2,0.26156462062288455,0.2567096056518919,0.004855014970992666
53.25,0.14021718759740304,0.1745897869008078,-0.03437259930340475
53.300000000000004,0.03097020584085763,0.07304995129188144,-0.0420797454510238
53.35,-0.06020075163677623,-0.030727520018933425,-0.029473231617842807
53.400000000000006,-0.14156803413437444,-0.12061642022594064,-0.020951613908433794
53.45,-0.21739276331958177,-0.18559476221470922,-0.03179800110487255
53.5,-0.2764720118685334,-0.22108089656225066,-0.05539111530628271
53.550000000000004,-0.29947861575908946,-0.2277647864561153,-0.07171382930297415
53.6,-0.2773770030071212,-0.2093281965785957,-0.06804880642852551
53.650000000000006,-0.221649854699911,-0.1705735404894731,-0.0510763142104379
53.7,-0.15558044402217486,-0.11677420849784494,-0.03880623552432992
53.75,-0.09543839773604604,-0.05408589475029769,-0.04135250298574835
53.800000000000004,-0.04064607127144031,0.00988008129711558,-0.05052615256855589
53.85,0.01773033220256513,0.06639637667135714,-0.04866604446879201
53.900000000000006,0.08019953441359305,0.10740900801771017,-0.027209473604117115
53.95,0.13246389276367118,0.12823107711852333,0.004232815645147853
54.0,0.1569857667060156,0.12960229330765302,0.027383473398362584
54.050000000000004,0.15081046191897793,0.11751611734954924,0.03329434456942869
54.1,0.1308214904498803,0.10044734760480031,0.03037414284508
54.150000000000006,0.12014573443546832,0.08544646865276621,0.034699265782702104
54.2,0.12869269214306853,0.07557081444844117,0.053121877694627354
54.25,0.1468580353391237,0.07027812765050874,0.07657990768861496
54.300000000000004,0.15803386077911558,0.06816550082269791,0.08986835995641766
54.35,0.15659992329454336,0.06956438474974624,0.08703553854479712
54.400000000000006,0.15295964228558556,0.07664675725747416,0.0763128850281114
54.45,0.1608979771961473,0.09086082739707922,0.07003714979906807
54.5,0.18073125168590273,0.10990981715403746,0.07082143453186528
54.550000000000004,0.19581480611616547,0.12704190665954382,0.06877289945662166
54.6,0.18621375077866964,0.13362499243162287,0.052588758347046766
54.650000000000006,0.14615736350640957,0.12337188106737108,0.022785482439038482
54.7,0.08862955410784772,0.0953656951512259,-0.006736141043378177
54.75,0.03368345237612243,0.05412265586904494,-0.02043920349292251
54.800000000000004,-0.007263330166896396,0.007204075549111142,-0.014467405716007537
54.85,-0.03642488518024479,-0.037652383315832025,0.0012274981355872364
54.900000000000006,-0.061273853263044735,-0.07429734871294745,0.013023495449902715
54.95,-0.08343450148918553,-0.0987210085161775,0.015286507026991969
55.0,-0.09662472910840444,-0.109251833037916,0.012627103929511552
55.050000000000004,-0.09458600888098549,-0.10692775925847617,0.012341750377490676
55.1,-0.07946958674277808,-0.09559994560230811,0.016130358859530028
55.150000000000006,-0.06177365423730694,-0.08101412624426506,0.019240472006958116
55.2,-0.05272048260340593,-0.06890111849264823,0.016180635889242297
55.25,-0.05754186671274136,-0.06315179420749889,0.005609927494757527
55.300000000000004,-0.07567348015557877,-0.06525652160502526,-0.01041695855055351
55.35,-0.10524441111157351,-0.07512539309699603,-0.030119018014577476
55.400000000000006,-0.14489332797287555,-0.09219593310600367,-0.052697394866871874
55.45,-0.1906047724978378,-0.11560393680719587,-0.07500083569064193
55.5,-0.2328167688150691,-0.14328790024335092,-0.08952886857171818
55.550000000000004,-0.25990068976342845,-0.17111917353576606,-0.0887815162276624
55.6,-0.2665892890065736,-0.19327031784453744,-0.07331897116203615
55.650000000000006,-0.2586303532759322,-0.20393960441614375,-0.054690748859788446
55.7,-0.24710446773954203,-0.1993337669216021,-0.04777070081793994
55.75,-0.23641044765038483,-0.1786422913503935,-0.057768156299991325
55.800000000000004,-0.21781395973899398,-0.1436870559997654,-0.07412690373922859
55.85,-0.17633164146842878,-0.097967748285259,-0.07836389318316977
55.900000000000006,-0.10564885769324393,-0.04593017988994381,-0.059718677803300126
55.95,-0.016871476020132014,0.007483208601558735,-0.02435468462169075
56.0,0.06810052549475791,0.0575743837393003,0.010526141755457609
56.050000000000004,0.13316576100691388,0.1011739624439162,0.03199179856299768
56.1,0.17931015438099976,0.1377508431136476,0.041559311267352156
56.150000000000006,0.22022063794027485,0.16916564726530464,0.05105499067497021
56.2,0.26679599649769475,0.19768963348216706,0.0691063630155277
56.25,0.31539918764760105,0.22344349241815037,0.09195569522945068
56.300000000000004,0.35044396795361027,0.24324067447742492,0.10720329347618535
56.35,0.35785387825259024,0.2519930578862546,0.10586082036633565
56.400000000000006,0.3361522362679017,0.24587421330831558,0.09027802295958612
56.45,0.29549308713755873,0.22495564348109878,0.07053744365645995
56.5,0.2472348779709387,0.19332062795816368,0.05391425001277503
56.550000000000004,0.19500316528491948,0.1565265084016014,0.03847665688331808
56.6,0.13504253329350793,0.11823801466441532,0.016804518629092616
56.650000000000006,0.06360384301545151,0.0783938154761569,-0.014789972460705389
56.7,-0.017031845679816915,0.034098154488317683,-0.0511300001681346
56.75,-0.09911449029982305,-0.017446627603704256,-0.0816678626961188
56.800000000000004,-0.1741374327300152,-0.07587184948426892,-0.09826558324574627
56.85,-0.2358651514759042,-0.13624293153254155,-0.09962221994336265
56.900000000000006,-0.2795330722632727,-0.19003656458737186,-0.08949650767590081
56.95,-0.3004430738171166,-0.22793440543130908,-0.07250866838580752
57.0,-0.2955459463051664,-0.2430903212693333,-0.05245562503583309
57.050000000000004,-0.26690183780378895,-0.23344849584505428,-0.03345334195873467
57.1,-0.22239814322978357,-0.2022149885253503,-0.02018315470443327
57.150000000000006,-0.17159129698164308,-0.15646931297370326,-0.01512198400793982
57.2,-0.12039259834037945,-0.10476994215866853,-0.015622656181710923
57.25,-0.07036916012968812,-0.05499313187275315,-0.015376028256934973
57.300000000000004,-0.023532384447214092,-0.013256929993360388,-0.010275454453853704
57.35,0.013249507234658673,0.016156145131732472,-0.002906637897073799
57.400000000000006,0.030652612824623567,0.0307277262928506,-7.511346822703172e-05
57.45,0.025352522855464094,0.03023562101960714,-0.004883098164143045
57.5,0.006178501562967657,0.01770774818649684,-0.011529246623529183
57.550000000000004,-0.009631194122236455,-0.00030326834210308434,-0.00932792578013337
57.6,-0.008297850183202787,-0.015160043336279997,0.00686219315307721
57.650000000000006,0.010941958077077112,-0.019133664152972782,0.030075622230049892
57.7,0.03757574490084231,-0.008414321015373,0.04599006591621531
57.75,0.06104275033028608,0.015684022718761043,0.04535872761152504
57.800000000000004,0.08027532924449662,0.04795739965700078,0.032317929587495846
57.85,0.10218341619667135,0.08189031853815719,0.020293097658514156
57.900000000000006,0.13107105859503132,0.11171120864883133,0.019359849946199992
57.95,0.16029630968356903,0.1328961368408963,0.027400172842672738
58.0,0.17516702643057472,0.14171940513965797,0.033447621290916746
58.050000000000004,0.16453935266123468,0.13529354892038273,0.02924580374085195
58.1,0.1298002881143001,0.11278024540048698,0.017020042713813133
58.150000000000006,0.08282713584359454,0.0768498494150292,0.005977286428565334
58.2,0.03579445613037097,0.03368266973771765,0.002111786392653324
58.25,-0.006569959100873917,-0.009214244864283525,0.002644285763409608
58.300000000000004,-0.045315388955561586,-0.04613547499121993,0.000820086035658342
58.35,-0.07982754673208586,-0.07493311383923716,-0.004894432892848702
58.400000000000006,-0.10421135285402483,-0.09608290295831429,-0.008128449895710543
58.45,-0.11213037480517818,-0.11008213426976685,-0.002048240535411333
58.5,-0.10460465511723023,-0.11574751180986481,0.011142856692634581
58.550000000000004,-0.09131465928650519,-0.11116779900578605,0.019853139719280863
58.6,-0.08272308834294215,-0.0964688387341643,0.013745750391222153
58.650000000000006,-0.08055324157264497,-0.07553386143410919,-0.005019380138535784
58.7,-0.07662470594672571,-0.05443209431370277,-0.02219261163302294
58.75,-0.06172993995491754,-0.03726302227038811,-0.02446691768452943
58.800000000000004,-0.0357374356105184,-0.022853166534666555,-0.012884269075851842
58.85,-0.00855942461686378,-0.005597638949441181,-0.0029617856674225987
58.900000000000006,0.009166957920407143,0.01952446147097686,-0.010357503550569719
58.95,0.016351004986396873,0.05149170668302244,-0.03514070169662557
59.0,0.022382971495223215,0.08198501826354426,-0.05960204676832105
59.050000000000004,0.03786943164533141,0.0999587443109316,-0.062089312665600194
59.1,0.06432750387441827,0.09899722020427876,-0.03466971632986049
59.150000000000006,0.09256566005267174,0.08197198476289645,0.010593675289775284
59.2,0.11058150785879542,0.059425993014914816,0.0511555148438806
59.25,0.11292013129728612,0.042892432911434714,0.0700276983858514
59.300000000000004,0.10324073212430987,0.03811762642520795,0.06512310569910193
59.35,0.0894465076302873,0.042905938069534424,0.04654056956075288
59.400000000000006,0.07752405393602646,0.05044614629615295,0.027077907639873514
59.45,0.06962179859045597,0.0548557283951982,0.014766070195257774
59.5,0.06598579718857811,0.05460680797572167,0.01137898921285644
59.550000000000004,0.06660888942213038,0.05196840308018443,0.014640486341945945
59.6,0.0706600406885139,0.05009724001861644,0.020562800669897463
59.650000000000006,0.07608902668482619,0.05084903362520762,0.02523999305961857
59.7,0.08197765313993567,0.054858780945107176,0.027118872194828496
59.75,0.0916319591138444,0.06280320328400538,0.02882875582983903
59.800000000000004,0.11123713228266596,0.07565642516332463,0.03558070711934133
59.85,0.14251998310423702,0.09309753502336914,0.04942244808086789
59.900000000000006,0.1755316297467072,0.11149781041710603,0.06403381932960116
59.95,0.19045641912762867,0.12376820898536874,0.06668821014225994
60.0,0.17022094276646987,0.12192666718897316,0.048294275577496715
60.050000000000004,0.11441605455886826,0.1009117513506808,0.013504303208187463
60.1,0.041486485653332204,0.0610926468254196,-0.019606161172087397
60.150000000000006,-0.02439893264892589,0.00799713631378613,-0.03239606896271202
60.2,-0.07099854433086945,-0.05011514070976979,-0.020883403621099667
60.25,-0.10439372846482381,-0.10497340190485444,0.0005796734400306258
60.300000000000004,-0.13863676798288618,-0.14994572393903324,0.01130895595614706
60.35,-0.17919431870412608,-0.1806365954198547,0.0014422767157286076
60.400000000000006,-0.21658726018783006,-0.19522599235265212,-0.021361267835177944
60.45,-0.23619487639065875,-0.19491606423724597,-0.04127881215341278
60.5,-0.2338599509866217,-0.1839832222202897,-0.04987672876633201
60.550000000000004,-0.22126476365145537,-0.16876567873287796,-0.05249908491857741
60.6,-0.21574489051197734,-0.15569074539369418,-0.060054145118283164
60.650000000000006,-0.22509806198044563,-0.149300191612443,-0.07579787036800262
60.7,-0.24255338830117415,-0.15121695539565697,-0.09133643290551718
60.75,-0.2558385226854229,-0.160148187993112,-0.09569033469231089
60.800000000000004,-0.25936490120829725,-0.17229975089807675,-0.0870651503102205
60.85,-0.2559160002068558,-0.18176779794463527,-0.07414820226222052
60.900000000000006,-0.2466246353686627,-0.18126465044369414,-0.06535998492496856
60.95,-0.22191408595765585,-0.1638495296115108,-0.058064556346145046
61.0,-0.16599697076230607,-0.12555939166616248,-0.040437579096143594
61.050000000000004,-0.07286813917889735,-0.06762774396050457,-0.005240395218392785
61.1,0.042094901373840934,0.003319114601166731,0.0387757867726742
61.150000000000006,0.14845276856594616,0.07749321125361537,0.07095955731233079
61.2,0.2212405006335637,0.14522058386606665,0.07601991676749706
61.25,0.2572206712422521,0.19916276378861048,0.058057907453641644
61.300000000000004,0.2716363420083016,0.23448765826251422,0.03714868374578739
61.35,0.2790371150785047,0.2479219381251472,0.0311151769533575
61.400000000000006,0.27737286928563804,0.23752789761106985,0.039844971674568186
61.45,0.2511297624566129,0.20403959652603176,0.04709016593058113
61.5,0.1901016136570421,0.15263412312223132,0.03746749053481077
61.550000000000004,0.1047009404144163,0.09304494956217696,0.01165599085223934
61.6,0.022199650082244383,0.036984138263661384,-0.014784488181417001
61.650000000000006,-0.032793397365378826,-0.005958992194341042,-0.026834405171037783
61.7,-0.055093131117945955,-0.0314184767152077,-0.023674654402738256
61.75,-0.05784135926432961,-0.040530078982740886,-0.017311280281588723
61.800000000000004,-0.05639067055499506,-0.03767228888503422,-0.018718381669960843
61.85,-0.05403111003309653,-0.02761965728911692,-0.026411452743979612
61.900000000000006,-0.042915138649034935,-0.013981170890779812,-0.028933967758255123
61.95,-0.017147322296940243,0.0006808134184883545,-0.017828135715428597
62.0,0.016974731698053462,0.014054415037842672,0.0029203166602107897
62.050000000000004,0.04439776090353983,0.023787930354695567,0.02060983054884426
62.1,0.05430382215058172,0.02800151793401576,0.02630230421656596
62.150000000000006,0.048826698074960845,0.026001838589270947,0.022824859485689897
62.2,0.038822678926681856,0.01850142202595978,0.020321256900722076
62.25,0.03176999068861417,0.0071996166356951075,0.024570374052919064
62.300000000000004,0.02450861593858046,-0.005923697851448543,0.030432313790029003
62.35,0.007655732743054474,-0.019239523961714643,0.026895256704769117
62.400000000000006,-0.02380096867595778,-0.031904096994158804,0.008103128318201022
62.45,-0.06483315311023295,-0.04402789355587272,-0.02080525955436023
62.5,-0.10446607583977319,-0.05636130928054613,-0.048104766559227054
62.550000000000004,-0.13403203898389338,-0.0693385905900143,-0.06469344839387907
62.6,-0.15072408916850732,-0.0818274648734647,-0.06889662429504262
62.650000000000006,-0.15419119441696214,-0.09048950689572592,-0.06370168752123621
62.7,-0.14211098563664898,-0.0905629470960518,-0.05154803854059718
62.75,-0.11110794182867162,-0.07794292837977511,-0.03316501344889651
62.800000000000004,-0.06209035663159529,-0.051355621030859874,-0.010734735600735415
62.85,-0.003025213703795677,-0.013213481568811658,0.010188267865015982
62.900000000000006,0.05529080739630235,0.03130716601154214,0.02398364138476021
62.95,0.10656899061619651,0.0761184264701617,0.03045056414603481
63.0,0.15125461539003468,0.11567251175722194,0.03558210363281274
63.050000000000004,0.19065738607716462,0.14540465190648857,0.045252734170676046
63.1,0.21941420050659494,0.16168396303631707,0.05773023747027786
63.150000000000006,0.22562262338889438,0.1621518745016621,0.06347074888723228
63.2,0.2003720781887932,0.14660617992206243,0.05376589826673078
63.25,0.1478956327311988,0.11763188268018371,0.030263750051015087
63.300000000000004,0.0856126042951881,0.08009886580938988,0.005513738485798225
63.35,0.03274013278049662,0.039609120025113076,-0.006868987244616459
63.400000000000006,-0.0024144005393751094,0.0009903784802527793,-0.003404779019627889
63.45,-0.02482104970265567,-0.03211978386955568,0.007298734166900012
63.5,-0.04329207938374163,-0.056700437075148755,0.013408357691407122
63.550000000000004,-0.059351501835488686,-0.06995708707023118,0.010605585234742497
63.6,-0.065637617807803,-0.0701098203365503,0.004472202528747304
63.650000000000006,-0.05481067120433205,-0.058004321165192836,0.0031936499608607866
63.7,-0.02913012754118665,-0.03800391885426903,0.008873791313082378
63.75,-0.0006057959674246948,-0.016879868244110002,0.016274072276685307
63.800000000000004,0.018267303964686076,-0.00101884943423205,0.019286153398918125
63.85,0.02362003122502156,0.006244278203070898,0.017375753021950664
63.900000000000006,0.020428527879551305,0.005391492174453445,0.01503703570509786
63.95,0.014844748663349772,-0.0006627424652415542,0.015507491128591327
64.0,0.0075530722002325355,-0.008746106950049631,0.016299179150282166
64.05,-0.005032616596032438,-0.016769837874834166,0.011737221278801727
64.10000000000001,-0.024083415466579643,-0.023742964241802476,-0.00034045122477716766
64.15,-0.04441400690399857,-0.02921831419020242,-0.015195692713796151
64.2,-0.05791499684070956,-0.03307451957969788,-0.024840477261011684
64.25,-0.06042208259129138,-0.03563709344900086,-0.02478498914229052
64.3,-0.05435254648545118,-0.03739859664971277,-0.016953949835738412
64.35000000000001,-0.044529032807363596,-0.03799297911685461,-0.006536053690508983
64.4,-0.03241611153136264,-0.03524282141057662,0.002826709879213983
64.45,-0.01548650073589609,-0.025647785154964846,0.010161284419068755
64.5,0.007963748875695266,-0.0067130601812522665,0.014676809056947532
64.55,0.034867794670208334,0.020300941471326755,0.014566853198881579
64.60000000000001,0.05952103432922058,0.04954291956552831,0.009978114763692272
64.65,0.07929350332613241,0.07286621513739905,0.0064272881887333655
64.7,0.09634376430065708,0.0840342717555423,0.012309492545114778
64.75,0.112010299050606,0.08191572621403147,0.030094572836574532
64.8,0.11995445430169514,0.07035256835366342,0.04960188594803172
64.85000000000001,0.10757973813054618,0.05489368099254067,0.05268605713800551
64.9,0.06733371197944599,0.038942522554196404,0.028391189425249583
64.95,0.007677155399037325,0.02215349953178843,-0.014476344132751104
65.0,-0.04891108475727022,0.001992130588161477,-0.0509032153454317
65.05,-0.0820167123873326,-0.023075165762666407,-0.05894154662466619
65.10000000000001,-0.0897355575237441,-0.05131696657964245,-0.03841859094410165
65.15,-0.08931506255824698,-0.07794196768185631,-0.011373094876390669
65.2,-0.09997852111017123,-0.09734491986192603,-0.0026336012482452015
65.25,-0.12358148646718224,-0.10567142940229236,-0.017910057064889878
65.3,-0.14194737051889506,-0.10216399042761955,-0.03978338009127551
65.35000000000001,-0.13415760426162596,-0.08891143212565607,-0.04524617213596989
65.4,-0.09747938496517246,-0.069654742762424,-0.027824642202748454
65.45,-0.051580056145776695,-0.04852847910416332,-0.0030515770416133722
65.5,-0.02172047150506641,-0.029200454191728394,0.007479982686661984
65.55,-0.017101785304969655,-0.01440179076511346,-0.002699994539856195
65.60000000000001,-0.025099527369049832,-0.005685785631528391,-0.01941374173752144
65.65,-0.026226461339624085,-0.003342208730970081,-0.022884252608654003
65.7,-0.014291988985421064,-0.006472705565471529,-0.007819283419949537
65.75,-0.00170047442568819,-0.013215026017122622,0.011514551591434432
65.8,-0.005321169009578585,-0.021088406105214827,0.015767237095636242
65.85000000000001,-0.027903073720880685,-0.02748015576878121,-0.000422917952099474
65.9,-0.053968982169406404,-0.03030021709464869,-0.023668765074757715
65.95,-0.0640604361970706,-0.02867805701151049,-0.0353823791855601
66.0,-0.05284623168540179,-0.02335429846100878,-0.029491933224393013
66.05,-0.033359969865221495,-0.016399882639373847,-0.01696008722584765
66.10000000000001,-0.023978482522262458,-0.010235882977958672,-0.013742599544303786
66.15,-0.031512392905772034,-0.006428457823396365,-0.02508393508237567
66.2,-0.046316395400051565,-0.004963797349355139,-0.041352598050696424
66.25,-0.05234258381236711,-0.0044135621743670375,-0.04792902163800007
66.3,-0.04079882644136423,-0.0027902321967183336,-0.0380085942446459
66.35000000000001,-0.014682851830852802,0.0015283638419331899,-0.01621121567278599
66.4,0.017382547127273575,0.00932014534451044,0.008062401782763136
66.45,0.04896099494967724,0.020520375058953152,0.02844061989072409
66.5,0.07702178426246588,0.03436196776967427,0.04265981649279161
66.55,0.09793435605435241,0.04936755371223547,0.048566802342116945
66.60000000000001,0.10594038635026426,0.06326590918397593,0.04267447716628833
66.65,0.09764500202829256,0.07315145010686548,0.024493551921427076
66.7,0.07709298512651284,0.07607509356894504,0.0010178915575678044
66.75,0.05375258823856048,0.06989929454766458,-0.0161467063091041
66.8,0.03375792801756227,0.054046004628499,-0.020288076610936727
66.85000000000001,0.013923083813617598,0.0298959127203361,-0.0159728289067185
66.9,-0.013237171802878657,0.0008578412268792124,-0.01409501302975787
66.95,-0.04714107375704766,-0.027822031208760537,-0.019319042548287122
67.0,-0.07291861168468466,-0.049662257174509845,-0.02325635451017482
67.05,-0.07054953272791686,-0.05826781067700857,-0.012281722050908293
67.10000000000001,-0.03289076040407606,-0.0493877636949658,0.01649700329088974
67.15,0.02490331321044563,-0.02302763278539908,0.04793094599584471
67.2,0.07560012711946405,0.015601721648996265,0.05999840547046779
67.25,0.10177189208644147,0.05726149357950231,0.04451039850693916
67.3,0.10880552606199717,0.09183656978641369,0.01696895627558348
67.35000000000001,0.11613540994791022,0.11202655893413686,0.004108851013773354
67.4,0.13508486359422636,0.11565879321361779,0.019426070380608576
67.45,0.15544326889056875,0.10547634846455994,0.04996692042600881
67.5,0.15463915145086982,0.08679394536526946,0.06784520608560035
67.55,0.12074465330040325,0.06463944140102525,0.056105211899378005
67.60000000000001,0.06623944903442093,0.04206014969440072,0.024179299340020208
67.65,0.01825616277914039,0.020211693335583602,-0.0019555305564432114
67.7,-0.005569366857382271,-0.00046939707210124574,-0.005099969785281025
67.75,-0.012020369411447754,-0.01929188697521085,0.007271517563763097
67.8,-0.02348517330824016,-0.035327309408487564,0.011842136100247404
67.85000000000001,-0.05448304980881229,-0.048166870927677824,-0.006316178881134463
67.9,-0.09690237938760116,-0.0584724304579885,-0.038429948929612656
67.95,-0.12810382407528048,-0.06757853182200992,-0.060525292253270566
68.0,-0.1329547341981383,-0.07627768784706067,-0.056677046351077634
68.05,-0.11737128096771601,-0.08370747078138155,-0.033663810186334464
68.10000000000001,-0.10034646689672803,-0.08729804784953485,-0.013048419047193185
68.15,-0.09359804990356742,-0.08400009025958334,-0.009597959643984078
68.2,-0.09012015944115596,-0.07208181964689818,-0.018038339794257785
68.25,-0.07308619890309163,-0.05237182165598426,-0.020714377247107375
68.3,-0.0353938947338561,-0.028208645547746995,-0.0071852491861091085
68.35000000000001,0.010513189893370531,-0.004203291832896699,0.01471648172626723
68.4,0.04259690117023595,0.01541075143625074,0.02718614973398521
68.45,0.04883729701374344,0.02799752606730323,0.020839770946440208
68.5,0.03706752404130512,0.03292112769016844,0.004146396351136679
68.55,0.02601147399801602,0.031281398413508625,-0.005269924415492604
68.60000000000001,0.027320807711408945,0.025360905252501696,0.0019599024589072485
68.65,0.03642306746925318,0.01803148387839011,0.01839158359086307
68.7,0.039939918313131796,0.012142368765261804,0.02779754954786999
68.75,0.0306049496861922,0.009859204850966717,0.020745744835225483
68.8,0.014272653545788664,0.01206868931161426,0.002203964234174405
68.85000000000001,0.003145160274726395,0.018102994620519976,-0.014957834345793581
68.9,0.0036839800637583097,0.025975922408296465,-0.022291942344538154
68.95,0.011881742246999113,0.03307613837384329,-0.021194396126844175
69.0,0.019450434061995325,0.037034116212022676,-0.01758368215002735
69.05,0.0228669159454085,0.03644386275678896,-0.013576946811380459
69.10000000000001,0.025453649439178768,0.031259315084526534,-0.005805665645347766
69.15,0.0315147330684089,0.02283199378546457,0.00868273928294433
69.2,0.04034349793803469,0.013593694468243291,0.0267498034697914
69.25,0.04703395926947495,0.006373896754366974,0.040660062515107974
69.3,0.04832745907618614,0.0034251348596794134,0.04490232421650672
69.35000000000001,0.04577192708394795,0.005446463391423871,0.04032546369252408
69.4,0.042154432841033734,0.011075093771329121,0.031079339069704615
69.45,0.0358984645610649,0.017225453653078027,0.018673010907986873
69.5,0.021282895483861974,0.020247566525600887,0.001035328958261087
69.55,-0.004295404142217532,0.017396732865379815,-0.021692137007597347
69.60000000000001,-0.03387632900280992,0.007910800959860178,-0.0417871299626701
69.65,-0.05384411752377919,-0.006760554352321488,-0.047083563171457704
69.7,-0.05514661285107315,-0.023528315313038672,-0.031618297538034475
69.75,-0.041951642990432865,-0.038617947175557936,-0.003333695814874929
69.8,-0.028062257172264356,-0.048479507056935794,0.02041724988467144
69.85000000000001,-0.02351647541870262,-0.05049859282693071,0.026982117408228094
69.9,-0.02452648228774998,-0.04357915979250482,0.01905267750475484
69.95,-0.017498777622996276,-0.028626254681295794,0.011127477058299518
70.0,0.006075780432162709,-0.008722499468164058,0.014798279900326766
70.05,0.03854587715642745,0.011334246053302924,0.027211631103124523
70.10000000000001,0.060407321017608546,0.026259184995150994,0.03414813602245755
70.15,0.056517487067686695,0.031944659062371865,0.02457282800531483
70.2,0.02884642346875626,0.026856708647178186,0.001989714821578073
70.25,-0.006238776548553138,0.012486150226265468,-0.018724926774818608
70.3,-0.03293492946459766,-0.007369759140407556,-0.025565170324190103
70.35000000000001,-0.0483454119212908,-0.028117591292860757,-0.02022782062843004
70.4,-0.06085229012672402,-0.04592279385054473,-0.014929496276179288
70.45,-0.0777508309226831,-0.058631806557601064,-0.01911902436508204
70.5,-0.09583493884287342,-0.06580705717221001,-0.030027881670663406
70.55,-0.10453060092098555,-0.06811103432047833,-0.03641956660050723
70.60000000000001,-0.09747182757730201,-0.06654759870300912,-0.030924228874292886
70.65,-0.07974923454580457,-0.06200582771385204,-0.01774340683195253
70.7,-0.06322564048262638,-0.05524616769567486,-0.007979472786951526
70.75,-0.055267478783940456,-0.047139243796807215,-0.008128234987133241
70.8,-0.05297992295423247,-0.038820988144070194,-0.014158934810162276
70.85000000000001,-0.04863262213404779,-0.03153890061097303,-0.017093721523074756
70.9,-0.039705557353760655,-0.02623647095626544,-0.013469086397495215
70.95,-0.03220965687697176,-0.02315192342086263,-0.009057733456109131
71.0,-0.03362153958165239,-0.02172176665385715,-0.011899772927795243
71.05,-0.043358140712690556,-0.02086712829954897,-0.022491012413141585
71.10000000000001,-0.05154977423635765,-0.019465805376275753,-0.0320839688600819
71.15,-0.047903540602870574,-0.016693924817095054,-0.03120961578577552
71.2,-0.031448840429399216,-0.01205518453969103,-0.019393655889708185
71.25,-0.01086671341051832,-0.005192566555426526,-0.005674146855091795
71.3,0.004867005017609866,0.00423548492133819,0.0006315200962716755
71.35000000000001,0.015454317003546837,0.016396857205519276,-0.0009425402019724392
71.4,0.028288195968320284,0.030895365253894996,-0.0026071692855747126
71.45,0.04873564856479139,0.046446489317841386,0.002289159246950001
71.5,0.07240226891109748,0.06093649380105824,0.011465775110039239
71.55,0.08802441986412075,0.07194645392646862,0.016077965937652136
71.60000000000001,0.08820290541826623,0.07751087238666268,0.010692033031603543
71.65,0.07665647589215582,0.07672617944181959,-6.970354966376324e-05
71.7,0.06423657234839009,0.06993180352828361,-0.005695231179893526
71.75,0.057869970963603246,0.05846084245691002,-0.0005908714933067771
71.8,0.05417085633287362,0.04419323324141537,0.009977623091458249
71.85000000000001,0.044559000654466496,0.02918656590661606,0.015372434747850435
71.9,0.026469105653708767,0.015507069911640541,0.010962035742068226
71.95,0.008597152342838647,0.005169479241623308,0.003427673101215338
72.0,0.004156807535320641,-1.889113257847257e-05,0.004175698667899114
72.05,0.0185318012633306,0.0011536858200554556,0.017378115443275145
72.10000000000001,0.04357531037898961,0.008752632023424798,0.03482267835556481
72.15,0.06413917146638824,0.021261464886072938,0.042877706580315304
72.2,0.07028967728046134,0.03560115388349277,0.034688523396968575
72.25,0.06356370140061855,0.047789377574607515,0.015774323826011037
72.3,0.0523410924035863,0.054109959203897696,-0.0017688668003113944
72.35000000000001,0.042426467004563456,0.052357076585221186,-0.00993060958065773
72.4,0.032766814588264234,0.04261133911982454,-0.009844524531560303
72.45,0.019591857107182493,0.027184399612940995,-0.007592542505758502
72.5,0.003002655200546012,0.009753312859564718,-0.006750657659018706
72.55,-0.01183471557874492,-0.005918165484116326,-0.005916550094628593
72.60000000000001,-0.019849097234688258,-0.017117487265531212,-0.0027316099691570457
72.65,-0.021153415057708482,-0.022760561081881184,0.0016071460241727023
72.7,-0.0200760699614251,-0.023306197151224162,0.003230127189799061
72.75,-0.019539251054403378,-0.020207060203088753,0.0006678091486853749
72.8,-0.017746134277896713,-0.01522759967598251,-0.0025185346019142036
72.85000000000001,-0.011315832956948805,-0.009899393195440734,-0.0014164397615080704
72.9,-0.0010488054935064617,-0.005226810510191761,0.004178005016685299
72.95,0.007173630041658553,-0.0016190638704118303,0.008792693912070383
73.0,0.008506021708491135,0.0010298658539187459,0.0074761558545723885
73.05,0.005770281005047754,0.0031774201535898117,0.0025928608514579426
73.10000000000001,0.008267604596097884,0.005416141335349249,0.0028514632607486348
73.15,0.02242750935199084,0.008227012695452946,0.014200496656537895
73.2,0.04355980452256181,0.011747231085374628,0.03181257343718718
73.25,0.05825309915916771,0.015629347476657264,0.042623751682510445
73.3,0.05646613447590407,0.01907393860593678,0.03739219586996729
73.35000000000001,0.04163462167284843,0.021068245905953097,0.020566375766895337
73.4,0.027975264930310488,0.020764037657429023,0.0072112272728814646
73.45,0.02674186016018684,0.017830398181237408,0.008911461978949431
73.5,0.03489615980529094,0.012595471933323754,0.022300687871967186
73.55,0.037954426550052954,0.005886600715148028,0.032067825834904924
73.60000000000001,0.024642550992061408,-0.0013504251178852547,0.025992976109946664
73.65,-0.0013375487878299192,-0.008437806291874577,0.007100257504044658
73.7,-0.024643385544506312,-0.015147971295011343,-0.009495414249494969
73.75,-0.033659413192896295,-0.021619058363394887,-0.012040354829501408
73.8,-0.032262232843728866,-0.0281174379376939,-0.004144794906034966
73.85000000000001,-0.03568638016616954,-0.03482758591687041,-0.000858794249299133
73.9,-0.0543906413442843,-0.04176419302498823,-0.012626448319296067
73.95,-0.08235628311216392,-0.04875999692112943,-0.03359628619103449
74.0,-0.1020350541009838,-0.055431370139785885,-0.04660368396119792
74.05,-0.10126588732839906,-0.06111504837034766,-0.040150838958051396
74.10000000000001,-0.0851602550954238,-0.06490239285925836,-0.020257862236165436
74.15,-0.07094851407965858,-0.06590742533169279,-0.005041088747965786
74.2,-0.07104951983463108,-0.06373018516326413,-0.007319334671366945
74.25,-0.08147491509391917,-0.058844852636263704,-0.02263006245765547
74.3,-0.08700164986841348,-0.052575756937967295,-0.034425892930446185
74.35000000000001,-0.07731907521461066,-0.04654065059931625,-0.03077842461529441
74.4,-0.057383228197133436,-0.041818015987953414,-0.015565212209180022
74.45,-0.041638102773662686,-0.03834543795337027,-0.003292664820292418
74.5,-0.03863221603273946,-0.034956081353734424,-0.0036761346790050373
74.55,-0.042245878162066174,-0.030051438188311647,-0.012194439973754526
74.60000000000001,-0.038405267286793256,-0.022485200699334715,-0.01592006658745854
74.65,-0.019834500687280418,-0.01211581458850318,-0.007718686098777239
74.7,0.006684294335786,0.0002402167451898322,0.006444077590596168
74.75,0.027682124880394586,0.013279830546968506,0.01440229433342608
74.8,0.03653714366875717,0.025678854856571325,0.010858288812185844
74.85000000000001,0.03856556756158905,0.036242753214531756,0.002322814347057292
74.9,0.04272149636487442,0.04380578751594415,-0.0010842911510697273
74.95,0.04975750447484124,0.0472210931784287,0.0025364112964125357
75.0,0.05053897658900009,0.04570898937871018,0.004829987210289911
75.05,0.03687509055905029,0.03945181431390933,-0.0025767237548590394
75.10000000000001,0.013002060627905923,0.029974497729450413,-0.016972437101544488
75.15,-0.005640277834966833,0.01986859875687193,-0.025508876591838765
75.2,-0.0063788383442240195,0.011844742891729754,-0.018223581235953773
75.25,0.008046243525823641,0.007617503589584329,0.00042873993623931267
75.3,0.02177956249956325,0.007309815249363818,0.014469747250199432
75.35000000000001,0.021550939647497398,0.00973221724444024,0.011818722403057157
75.4,0.01002124230417121,0.013284354500305908,-0.0032631121961346973
75.45,0.0029113542409416665,0.01681732293950079,-0.013905968698559121
75.5,0.012555967684387633,0.019905555533500725,-0.007349587849113092
75.55,0.03465416850048713,0.02249913084189443,0.012155037658592702
75.60000000000001,0.05190070678492552,0.02441672351243222,0.0274839832724933
75.65,0.050852124707977814,0.0251938346790666,0.025658290028911214
75.7,0.03474464396890434,0.024405474518289536,0.010339169450614801
75.75,0.01926889916293783,0.02211276491979506,-0.0028438657568572306
75.8,0.016074024819751957,0.018963792282491388,-0.0028897674627394315
75.85000000000001,0.021428389177462287,0.015804531183086425,0.005623857994375862
75.9,0.021737471681164158,0.013113736769401087,0.00862373491176307
75.95,0.009579618928753001,0.010742609437495188,-0.0011629905087421864
76.0,-0.0073144647789545785,0.008169963553832999,-0.015484428332787577
76.05,-0.01412674455865213,0.005033695761936171,-0.0191604403205883
76.10000000000001,-0.005570060721176695,0.0014802418496909625,-0.0070503025708676574
76.15,0.0071054885622021495,-0.0019327128592810153,0.009038201421483165
76.2,0.007096989858198185,-0.004640963939005977,0.011737953797204163
76.25,-0.009878367304000324,-0.006409907193119284,-0.00346846011088104
76.3,-0.02965661957043212,-0.00734919404424567,-0.02230742552618645
76.35000000000001,-0.033074234372609444,-0.0076791326795265505,-0.025395101693082893
76.4,-0.015672207595768345,-0.007521700843355441,-0.008150506752412905
76.45,0.006827377998129568,-0.006890689571355623,0.01371806756948519
76.5,0.013799417543010962,-0.0057987467209947045,0.019598164264005666
76.55,0.0008399198009146558,-0.004271439485168264,0.00511135928608292
76.60000000000001,-0.01491098211815788,-0.002193722063193546,-0.012717260054964334
76.65,-0.011403730392735916,0.0008394735730009347,-0.012243203965736851
76.7,0.01592699853917614,0.005413621090835793,0.010513377448340345
76.75,0.04856130313564569,0.011863945066249796,0.03669735806939589
76.80000000000001,0.062114404068829496,0.01976676036834459,0.04234764370048491
76.85000000000001,0.04949864885724198,0.02773325311231504,0.02176539574492694
76.9,0.027089570197503274,0.03372679240133652,-0.006637222203833244
76.95,0.017988485336079656,0.035798081280228565,-0.01780959594414891
77.0,0.02935399453271797,0.032887204426037146,-0.003533209893319178
77.05000000000001,0.04634777507908234,0.02532188530246033,0.02102588977662201
77.10000000000001,0.0480682963628167,0.014800038952815908,0.03326825741000079
77.15,0.02866154362797192,0.0038491761649197117,0.024812367463052206
77.2,0.0021995289326364855,-0.005069410791589799,0.007268939724226284
77.25,-0.012798342221129688,-0.010497976851193507,-0.002300365369936181
77.30000000000001,-0.012347249273953616,-0.012557292280291283,0.00021004300633766654
77.35000000000001,-0.009628122969096964,-0.012823635555391469,0.0031955125862945053
77.4,-0.019126513595658333,-0.013474894167044945,-0.005651619428613388
77.45,-0.03973437528318407,-0.016101624697788773,-0.023632750585395296
77.5,-0.05515241449813979,-0.020840731777076946,-0.034311682721062844
77.55000000000001,-0.051279284484528086,-0.026333663797483545,-0.02494562068704454
77.60000000000001,-0.031878466030961256,-0.030492031653639857,-0.0013864343773213987
77.65,-0.015293258921247568,-0.03154572920901744,0.01625247028776987
77.7,-0.015066237962700072,-0.028746142996249027,0.013679905033548954
77.75,-0.02493107069841283,-0.022456425936853302,-0.0024746447615595288
77.80000000000001,-0.02485592037102897,-0.013838832972951779,-0.011017087398077193
77.85000000000001,-0.002929792231646555,-0.004521370201708064,0.0015915779700615088
77.9,0.0294993239623477,0.0036090731546453863,0.02589025080770231
77.95,0.0462768473440578,0.00867170088804629,0.03760514645601151
78.0,0.03148847919169361,0.009329598045704449,0.022158881145989164
78.05000000000001,-0.003654403420216133,0.005476791377364503,-0.009131194797580636
78.10000000000001,-0.02981721833302527,-0.0014049644374272516,-0.028412253895598018
78.15,-0.026641701508805783,-0.00865368657174769,-0.017988014937058094
78.2,-0.0016548048826118232,-0.01353754686655858,0.011882741983946756
78.25,0.017762090163617225,-0.014465523207254728,0.03222761337087195
78.30000000000001,0.011564136002325547,-0.011591580632652214,0.02315571663497776
78.35000000000001,-0.013488965740129233,-0.006536109850158661,-0.006952855889970571
78.4,-0.031360863816559684,-0.0015338628395895001,-0.029827000976970185
78.45,-0.023628382539387736,0.0014269910440282898,-0.025055373583416026
78.5,0.0012435272384256398,0.0011179387247737388,0.000125588513651901
78.55000000000001,0.015621924660952656,-0.002754119797952235,0.01837604445890489
78.60000000000001,-0.00014373791532612323,-0.009555153174683965,0.009411415259357842
78.65,-0.038059246825098765,-0.01790048160314889,-0.020158765221949874
78.7,-0.06973064071739511,-0.02610495850956459,-0.04362568220783052
78.75,-0.07322588133387214,-0.03284968457683171,-0.04037619675704043
78.80000000000001,-0.05305309385340783,-0.03767929302182799,-0.01537380083157984
78.85000000000001,-0.03399641643483738,-0.04086847249539928,0.006872056060561897
78.9,-0.03564333676494787,-0.042623246756805365,0.006979909991857498
78.95,-0.05319353672394256,-0.04222903991235364,-0.010964496811588918
79.0,-0.06316206210104197,-0.037994165185356,-0.025167896915685974
79.05000000000001,-0.04743019180061418,-0.028300750869984573,-0.01912944093062961
79.10000000000001,-0.011189631036164265,-0.01311183087125473,0.001922199835090465
79.15,0.02275019690519284,0.0052705886187200054,0.017479608286472836
79.2,0.0366781899840451,0.022967973266008544,0.013710216718036558
79.25,0.034336264283311886,0.03642432075891097,-0.0020880564755990857
79.30000000000001,0.034707605792995394,0.04412663084986754,-0.009419025056872143
79.35000000000001,0.05033077985943724,0.04693482651699907,0.003395953342438175
79.4,0.07282469558458192,0.046887984308600104,0.025936711275981815
79.45,0.08063497184313854,0.04551132982632172,0.03512364201681682
79.5,0.06120830097673803,0.04293300304690263,0.0182752979298354
79.55000000000001,0.025069603474769005,0.03834816142400112,-0.013278557949232113
79.60000000000001,-0.002657574754329853,0.0312502502645361,-0.03390782501886595
79.65,-0.005213088927463856,0.022325539785813024,-0.02753862871327688
79.7,0.010790388307963637,0.013329964231331277,-0.00253957592336764
79.75,0.02279287882102181,0.006162925833533145,0.016629952987488664
79.80000000000001,0.014575584256956663,0.0019230028948920982,0.012652581362064565
79.85000000000001,-0.00838343650020641,0.0005776412928045706,-0.008961077793010981
79.9,-0.024978400572756732,0.001281487556895361,-0.026259888129652093
79.95,-0.019371206804259158,0.0029289928365007776,-0.022300199640759934
80.0,0.0038548312289720336,0.004550969184363821,-0.0006961379553917877
