x,yobs,ycalc,ydiff
0.05,-6.1355283230036784e-12,-0.04430824242569188,0.04430824241955635
0.1,-1.586994825756834e-10,-0.05972382535479807,0.05972382519609858
0.15000000000000002,-8.979162860640703e-09,-0.049104350901626334,0.049104341922463476
0.2,-1.0718702233614181e-07,-0.04401948756130494,0.04401938037428261
0.25,-2.1423690557398448e-07,-0.07021864767461228,0.0702184334377067
0.30000000000000004,3.4269792588853492e-06,-0.11915199891713042,0.1191554258963893
0.35000000000000003,2.9745854058329975e-05,-0.15688361324478534,0.15691335909884366
0.4,0.00011852579673196402,-0.16118193242217305,0.161300458218905
0.45,0.00026761264830882413,-0.146472739488866,0.14674035213717482
0.5,0.0002317952182205452,-0.1488188257621616,0.14905062098038213
0.55,-0.0007054456768978312,-0.18641754446776287,0.18571209879086503
0.6000000000000001,-0.0035179145694271786,-0.23859841658573697,0.23508050201630978
0.65,-0.008215241954173834,-0.26733738059246953,0.2591221386382957
0.7000000000000001,-0.01185674809371987,-0.259148712445517,0.24729196435179715
0.75,-0.00767224366391989,-0.2416003798300407,0.23392813616612082
0.8,0.011948755861632956,-0.25461723282520854,0.2665659886868415
0.8500000000000001,0.047857089741010786,-0.3060132111343843,0.35387030087539506
0.9,0.08626091149255112,-0.36017526256808186,0.44643617406063296
0.9500000000000001,0.09912880543681463,-0.3751570936686453,0.47428589910545993
1.0,0.05892543573265471,-0.35031234944209105,0.40923778517474574
1.05,-0.037483610688311485,-0.33140956894854645,0.293925958260235
1.1,-0.15372850535339463,-0.362903703932822,0.20917519857942737
1.1500000000000001,-0.22683760685728757,-0.43563251641866263,0.20879490956137506
1.2000000000000002,-0.20942730357565983,-0.4893613227862974,0.27993401921063754
1.25,-0.11460928584092886,-0.47567344727259636,0.36106416143166753
1.3,-0.023147950993691477,-0.419094622872113,0.39594667187842153
1.35,-0.03211340458237493,-0.4051772318115424,0.3730638272291675
1.4000000000000001,-0.17114390027620338,-0.49174918388699684,0.32060528361079343
1.4500000000000002,-0.3509850374345856,-0.6229293351954049,0.27194429776081935
1.5,-0.40017336860240293,-0.6397880958858775,0.23961472728347455
1.55,-0.1837566437058405,-0.40185544750969127,0.21809880380385077
1.6,0.2750764618691485,0.07341036590374496,0.20166609596540358
1.6500000000000001,0.7709822006624854,0.5797490347959697,0.19123316586651562
1.7000000000000002,1.0302774224555764,0.8463073633910386,0.18397005906453778
1.75,0.8972030797109203,0.7325461511644826,0.16465692854643765
1.8,0.4587035750308892,0.341470578075082,0.11723299695580719
1.85,0.005130774569566728,-0.0434076866733334,0.04853846124290012
1.9000000000000001,-0.15847747815813767,-0.15395564283398697,-0.004521835324150708
1.9500000000000002,0.07973084649720975,0.08073176973193613,-0.001000923234726378
2.0,0.5622937575575772,0.4982600260993726,0.06403373145820457
2.0500000000000003,0.973496692919664,0.8278657711137826,0.14563092180588144
2.1,1.0540804177394736,0.8725954463849469,0.18148497135452668
2.15,0.7624858682761678,0.6164270946644068,0.146058773611761
2.2,0.27357501485614066,0.19725798224606197,0.07631703261007869
2.25,-0.16676298054127953,-0.2085943206223911,0.041831340081111584
2.3000000000000003,-0.40950285594841157,-0.4930077709168764,0.08350491496846485
2.35,-0.47048283015356324,-0.6465361492686366,0.17605331911507333
2.4000000000000004,-0.46837557484780545,-0.7171651593783318,0.24878958453052635
2.45,-0.5049647410024369,-0.7509335143623581,0.24596877335992118
2.5,-0.5906965694788067,-0.7631111055512677,0.17241453607246104
2.5500000000000003,-0.6631667828189276,-0.7484983809997003,0.08533159818077274
2.6,-0.6626624792940445,-0.7058282088446061,0.04316572955056153
2.6500000000000004,-0.58976745091341,-0.648978590588606,0.05921113967519598
2.7,-0.5001383199575395,-0.5987458774275595,0.09860755747001992
2.75,-0.4535907279524798,-0.5684039765695673,0.11481324861708753
2.8000000000000003,-0.4701969374624099,-0.5581726645918708,0.08797572712946083
2.85,-0.5292252883771724,-0.5617321627774324,0.03250687440026001
2.9000000000000004,-0.6015816638697566,-0.5763321545998784,-0.025249509269878234
2.95,-0.6781618843206407,-0.6065132709352233,-0.07164861338541739
3.0,-0.7679362018930328,-0.6586556995765712,-0.10928050231646158
3.0500000000000003,-0.8737679722828922,-0.731836737557274,-0.1419312347256182
3.1,-0.9754357240422273,-0.8134567833022016,-0.16197894074002572
3.1500000000000004,-1.0390968789203887,-0.8842502218331503,-0.15484665708723844
3.2,-1.043518770102154,-0.9293696112394233,-0.11414915886273069
3.25,-0.9952680556127186,-0.9456495287872487,-0.049618526825469855
3.3000000000000003,-0.9149082708864003,-0.9358686396520776,0.020960368765677306
3.35,-0.8044505823416043,-0.8910569444341853,0.08660636209258099
3.4000000000000004,-0.6268429201524187,-0.7757585693074158,0.1489156491549971
3.45,-0.3223916418261426,-0.5360942523178449,0.2137026104917023
3.5,0.14156144396803794,-0.13719531966845364,0.2787567636364916
3.5500000000000003,0.7204887561336595,0.3894020822650313,0.33108667386862817
3.6,1.2817157198743143,0.9259056968014082,0.3558100230729061
3.6500000000000004,1.6502735485918478,1.3036202167393416,0.34665333185250624
3.7,1.691959550455776,1.384044705507168,0.307914844948608
3.75,1.3863812862267815,1.1380239629675857,0.2483573232591958
3.8000000000000003,0.8443916478308913,0.6685553328329745,0.17583631499791674
3.85,0.2563142120656869,0.15794979479589874,0.09836441726978815
3.9000000000000004,-0.19984405377821235,-0.22739582685244786,0.027551773074235508
3.95,-0.43591659159243107,-0.41231480049558045,-0.02360179109685062
4.0,-0.47316096053658185,-0.42361817999095674,-0.04954278054562511
4.05,-0.3997659526361303,-0.34096545099981385,-0.05880050163631645
4.1000000000000005,-0.30244100526557927,-0.23320941994768912,-0.06923158531789014
4.15,-0.22022168505985357,-0.12662268456153677,-0.09359900049831679
4.2,-0.14513835234573444,-0.017023346521519846,-0.1281150058242146
4.25,-0.056131994084706816,0.0990580278155068,-0.1551900219002136
4.3,0.04922370406980857,0.20765054551771478,-0.1584268414479062
4.3500000000000005,0.15063333957758338,0.28675928151410385,-0.13612594193652047
4.4,0.224902582489872,0.3262078738752262,-0.10130529138535421
4.45,0.2654368760710371,0.3350193709368152,-0.06958249486577811
4.5,0.2823206293901952,0.32976371287468387,-0.04744308348448867
4.55,0.2862920772520564,0.3177094629466431,-0.031417385694586686
4.6000000000000005,0.27587282723676465,0.2924551247256236,-0.016582297488858977
4.65,0.24134241815341612,0.24515599411271508,-0.0038135759592989593
4.7,0.17988445020395363,0.17815144412685321,0.0017330060771004185
4.75,0.10423868026419603,0.10642441510847152,-0.0021857348442754915
4.800000000000001,0.0348213225829642,0.04597196381853938,-0.01115064123557518
4.8500000000000005,-0.0163833374046769,0.0017344650333425548,-0.018117802438019456
4.9,-0.052774607039577925,-0.03257274102476385,-0.020201866014814072
4.95,-0.08341442943775072,-0.06325227439762482,-0.020162155040125904
5.0,-0.10726208108920458,-0.08609982455575749,-0.021162256533447096
5.050000000000001,-0.10890830196948328,-0.08728023562718572,-0.021628066342297567
5.1000000000000005,-0.07147841038478228,-0.054381856178530696,-0.017096554206251585
5.15,0.0058859552423708725,0.013408296215771005,-0.007522340973400133
5.2,0.10393813421538964,0.10522867231344882,-0.0012905380980591796
5.25,0.19729653474332012,0.20717657804491876,-0.00988004330159864
5.300000000000001,0.272897112609421,0.310243282202375,-0.037346169592954004
5.3500000000000005,0.33503874395068606,0.4103674935313994,-0.07532874958071334
5.4,0.39303631320325927,0.5024707621751283,-0.10943444897186905
5.45,0.44505912384000396,0.5762593645998264,-0.13120024075982245
5.5,0.47495689217382336,0.6186873426555568,-0.14373045048173344
5.550000000000001,0.4650003739516875,0.620307858281075,-0.15530748432938757
5.6000000000000005,0.4113532861827119,0.5789583380133605,-0.1676050518306486
5.65,0.32725795999889046,0.49808038824992135,-0.1708224282510309
5.7,0.23237354204580538,0.38361253562812386,-0.1512389935823185
5.75,0.14062558671731712,0.24504454632171854,-0.10441895960440142
5.800000000000001,0.05886412255149339,0.1007900613832467,-0.04192593883175331
5.8500000000000005,-0.004376652675077971,-0.01864347324385998,0.01426682056878201
5.9,-0.03206113014333649,-0.07660646241941552,0.04454533227607903
5.95,-0.0035100089572235177,-0.045173677367785096,0.04166366841056158
6.0,0.0920506731911353,0.07950756758856331,0.012543105602571991
6.050000000000001,0.24523644346952084,0.27147965601545065,-0.026243212545929817
6.1000000000000005,0.42769444357055914,0.4825702488959764,-0.05487580532541725
6.15,0.6016324881488321,0.6584310494773807,-0.05679856132854866
6.2,0.7289025813310752,0.7543442412149254,-0.025441659883850165
6.25,0.7760967680872987,0.7449672140589174,0.031129554028381246
6.300000000000001,0.7201379077015075,0.6274641761229381,0.0926737315785694
6.3500000000000005,0.5582187923300705,0.42007579457602184,0.1381429977540487
6.4,0.31636871254372156,0.15720610168243565,0.1591626108612859
6.45,0.04475549779836049,-0.1191756385660311,0.16393113636439158
6.5,-0.20418491794737847,-0.3706834959424201,0.16649857799504164
6.550000000000001,-0.4016514545098849,-0.5721591233286084,0.17050766881872353
6.6000000000000005,-0.5511246401424695,-0.715033361909961,0.1639087217674915
6.65,-0.6710582343476273,-0.8030990179464733,0.13204078359884597
6.7,-0.766946088123048,-0.8445763534137792,0.07763026529073125
6.75,-0.8199129362263187,-0.8465050743830884,0.02659213815676975
6.800000000000001,-0.8044256889290604,-0.8144616944682959,0.010036005539235449
6.8500000000000005,-0.718735186261043,-0.755228990839954,0.03649380457891094
6.9,-0.5967028217779627,-0.6775212400092001,0.08081841823123737
6.95,-0.48556457732056735,-0.5886075732197146,0.10304299589914723
7.0,-0.4075073881551367,-0.4898846866187623,0.08237729846362557
7.050000000000001,-0.34129280995663025,-0.3768149366586075,0.03552212670197724
7.1000000000000005,-0.24388652618552686,-0.24548659974657386,0.001600073561046994
7.15,-0.09491201613763423,-0.10195761848268337,0.00704560234504914
7.2,0.07602368469308184,0.03298626688078182,0.04303741781230001
7.25,0.20485488509620722,0.12860627699296115,0.07624860810324607
7.300000000000001,0.23858160309702978,0.15682826412430353,0.08175333897272624
7.3500000000000005,0.17128783906378506,0.10541216504826066,0.0658756740155244
7.4,0.0412556924397025,-0.015950715884132584,0.057206408323835084
7.45,-0.10386713525754265,-0.17943037405028747,0.07556323879274482
7.5,-0.23942317155995113,-0.3495648334039272,0.11014166184397606
7.550000000000001,-0.3658697707581843,-0.4943723604669576,0.12850258970877332
7.6000000000000005,-0.4850668495987213,-0.5923843980215913,0.10731754842286995
7.65,-0.580018994678099,-0.6346189351016941,0.05459994042359506
7.7,-0.6211901359952229,-0.6233134705067562,0.002123334511533348
7.75,-0.5932600133296457,-0.5695001629827989,-0.0237598503468468
7.800000000000001,-0.5142709305030453,-0.4900474528843513,-0.024223477618693978
7.8500000000000005,-0.4262284593717643,-0.40363531987218476,-0.02259313949957953
7.9,-0.364288224944704,-0.3255422126619423,-0.0387460122827617
7.95,-0.3321940481950133,-0.262627683498204,-0.06956636469680932
8.0,-0.3048732580003955,-0.21090918681440368,-0.09396407118599182
8.05,-0.25303283983859054,-0.15744792329415372,-0.09558491654443682
8.1,-0.16552619284894468,-0.0861020811215891,-0.07942411172735558
8.15,-0.050802463900087316,0.015457010838089235,-0.06625947473817655
8.200000000000001,0.0788119985924082,0.15071148913688467,-0.07189949054447647
8.25,0.22045058354375302,0.31319876927170737,-0.09274818572795435
8.3,0.3777498217936045,0.48903484747076353,-0.11128502567715903
8.35,0.5468159086702209,0.6610462364165246,-0.1142303277463037
8.4,0.7081108643276539,0.8123271030248629,-0.10421623869720897
8.450000000000001,0.8340976487010328,0.9281801714028578,-0.09408252270182504
8.5,0.905221993400667,0.9968092457217094,-0.09158725232104237
8.55,0.9182287885250611,1.0098210426853524,-0.09159225416029138
8.6,0.8795797855001943,0.9632908530676284,-0.08371106756743407
8.65,0.7928851823032355,0.8592771292487599,-0.06639194694552442
8.700000000000001,0.6553751034169532,0.7068897896224503,-0.05151468620549715
8.75,0.46812442295495743,0.5217910822345554,-0.05366665927959796
8.8,0.2490202150926158,0.32349763839698037,-0.07447742330436458
8.85,0.032976405560779125,0.1309400008788927,-0.09796359531811358
8.9,-0.14430925073277343,-0.042026542068803144,-0.10228270866397028
8.950000000000001,-0.2662925562825978,-0.1888578254345019,-0.07743473084809588
9.0,-0.341686760478068,-0.3087639356273845,-0.032922824850683485
9.05,-0.3910242212213354,-0.4019502523989139,0.01092603117757851
9.1,-0.4252552277137186,-0.4645798751775671,0.039324647463848506
9.15,-0.4347177257883302,-0.48714250613648963,0.05242478034815945
9.200000000000001,-0.3973232521923797,-0.4581128091644664,0.06078955697208671
9.25,-0.2982917975063618,-0.37130698188256483,0.07301518437620302
9.3,-0.14496226884195515,-0.2326066489929041,0.08764438015094894
9.35,0.03420390346955741,-0.061821042008685316,0.09602494547824272
9.4,0.20365784445922716,0.11158655920374107,0.0920712852554861
9.450000000000001,0.33568633347939564,0.2565670457755575,0.07911928770383814
9.5,0.41597384431129486,0.3483271932155396,0.06764665109575524
9.55,0.4393052224608661,0.37303237047088367,0.06627285198998245
9.600000000000001,0.4031065471865147,0.328931879816839,0.07417466736967565
9.65,0.30654152674228524,0.22511960325556749,0.08142192348671776
9.700000000000001,0.155926582035496,0.07905589736214304,0.07687068467335297
9.75,-0.029797868170353223,-0.0868984776009067,0.05710060943055348
9.8,-0.22066549693770002,-0.24985159787779182,0.029186100940091803
9.850000000000001,-0.38560763413224214,-0.39071155984546635,0.005103925713224211
9.9,-0.5045016816272111,-0.496824204517031,-0.007677477110180075
9.950000000000001,-0.5735809073954204,-0.5619172844847432,-0.01166362291067724
10.0,-0.6002874852053466,-0.5841302936877052,-0.01615719151764139
10.05,-0.5921931320848376,-0.5641762854080183,-0.02801684667681925
10.100000000000001,-0.5496189760482618,-0.5051021856312417,-0.04451679041702017
10.15,-0.46829960093932976,-0.41316440125199916,-0.055135199687330605
10.200000000000001,-0.3491629757734503,-0.29795228110884286,-0.051210694664607426
10.25,-0.2051853215240494,-0.17051723407265534,-0.03466808745139405
10.3,-0.05735441968046891,-0.040315845832615896,-0.01703857384785301
10.350000000000001,0.07803546847580718,0.08682899473452274,-0.008793526258715559
10.4,0.19944454763310226,0.20826365093807409,-0.00881910330497182
10.450000000000001,0.3174249737470386,0.3222024733233509,-0.004777499576312294
10.5,0.4406156233169144,0.42570446390360006,0.014911159413314334
10.55,0.5629916378009029,0.5144028037076348,0.048588834093268085
10.600000000000001,0.6646049772225628,0.5835294324038932,0.08107554481866963
10.65,0.7254852979603895,0.6286596500509153,0.09682564790947423
10.700000000000001,0.7394324093843434,0.6454571263847163,0.0939752829996271
10.75,0.714338278501102,0.6294704583964963,0.0848678201046057
10.8,0.6593567602653616,0.5775660372619406,0.08179072300342105
10.850000000000001,0.5732634041790985,0.49099570058441344,0.08226770359468505
10.9,0.4478379231036064,0.3778768561421461,0.06996106696146026
10.950000000000001,0.2843846121836596,0.2524405432381812,0.03194406894547841
11.0,0.10611523034919704,0.13060468096960648,-0.024489450620409442
11.05,-0.04926307991365831,0.024436501156753058,-0.07369958107041137
11.100000000000001,-0.15361387215256964,-0.06092575552825417,-0.09268811662431548
11.15,-0.20803348198657443,-0.1263407506010723,-0.08169273138550212
11.200000000000001,-0.2388901574967105,-0.17537214746478233,-0.06351801003192817
11.25,-0.2725654366971182,-0.21171689852791217,-0.06084853816920602
11.3,-0.3120409149872732,-0.23891149251430063,-0.07312942247297258
11.350000000000001,-0.33745033190154067,-0.26113312485893503,-0.07631720704260564
11.4,-0.3297573782500391,-0.28282536147383597,-0.04693201677620312
11.450000000000001,-0.29399204260650463,-0.30653499441012133,0.012542951803616698
11.5,-0.25877829937725366,-0.3309307754407493,0.07215247606349562
11.55,-0.2523943909757515,-0.35158934464767894,0.09919495367192743
11.600000000000001,-0.2789904137864871,-0.36479529552329654,0.08580488173680945
11.65,-0.318214780914234,-0.3713949072004996,0.05318012628626562
11.700000000000001,-0.34760729955135433,-0.37691140061985245,0.029304101068498123
11.75,-0.3639958996716419,-0.38689593184430177,0.022900032172659845
11.8,-0.38154340638190415,-0.400679726471537,0.01913632008963284
11.850000000000001,-0.40874683247679616,-0.40857944380037425,-0.00016738867642190902
11.9,-0.42923999214616554,-0.395305631896355,-0.03393436024981056
11.950000000000001,-0.4081847379817394,-0.34760106709342825,-0.060583670888311125
12.0,-0.3201014065001546,-0.26092768874214084,-0.05917371775801378
12.05,-0.17169027758275127,-0.14098309593227482,-0.03070718165047645
12.100000000000001,0.0023961414959523908,-3.0023947468409244e-05,0.0024261654434208
12.15,0.1660720503128718,0.14817565969868435,0.017896390614187463
12.200000000000001,0.30413945877536636,0.2908042194657006,0.013335239309665736
12.25,0.41952904244265715,0.4148789299109901,0.004650112531667028
12.3,0.5114760778380711,0.5055172590153624,0.005958818822708767
12.350000000000001,0.5606866034057091,0.5470943369978553,0.013592266407853826
12.4,0.5397678171473901,0.5282493558250212,0.01151846132236889
12.450000000000001,0.4397459490306997,0.4479275307244419,-0.008181581693742224
12.5,0.2852362912210836,0.31817763418594225,-0.03294134296485862
12.55,0.12120039024364178,0.16146080896149886,-0.040260418717857085
12.600000000000001,-0.017217871658478268,0.0039790748448569,-0.021196946503335166
12.65,-0.12315065111035091,-0.1311455963577799,0.007994945247428983
12.700000000000001,-0.20833672236773726,-0.22782637555843538,0.01948965319069812
12.75,-0.27786307791971987,-0.27791414067628856,5.1062756568687195e-05
12.8,-0.3174800877783533,-0.28094568899890426,-0.03653439877944903
12.850000000000001,-0.30768191594959815,-0.2442150166392907,-0.06346689931030744
12.9,-0.24976508572759654,-0.18254875968187742,-0.06721632604571912
12.950000000000001,-0.17538339563325653,-0.11590176181867522,-0.05948163381458131
13.0,-0.12716837552196658,-0.06408816131865977,-0.06308021420330681
13.05,-0.12735244745069704,-0.04066155135899956,-0.08669089609169747
13.100000000000001,-0.1637734582287572,-0.049424250839585356,-0.11434920738917184
13.15,-0.205442531973136,-0.08548033962246632,-0.11996219235066968
13.200000000000001,-0.23082744092602123,-0.13925080424920505,-0.09157663667681618
13.25,-0.24077533980678822,-0.19964711092438192,-0.041128228882406304
13.3,-0.24539387985645128,-0.25395303849667333,0.008559158640222053
13.350000000000001,-0.2415323242509087,-0.2858784577565012,0.04434613350559252
13.4,-0.20649266361815471,-0.27603415888179306,0.06954149526363834
13.450000000000001,-0.11575169205129687,-0.2077233646229202,0.09197167257162334
13.5,0.03284522487850952,-0.07614279631855371,0.10898802119706323
13.55,0.2124540495252065,0.10505066906310044,0.10740338046210605
13.600000000000001,0.3840498893848257,0.3053522961726359,0.07869759321218983
13.65,0.5195870620916517,0.48748868174843923,0.032098380343212496
13.700000000000001,0.6103054462354572,0.6203305181703412,-0.010025071934884
13.75,0.656574788418855,0.6872580560107707,-0.030683267591915753
13.8,0.654940312269538,0.6863775471543175,-0.031437234884779564
13.850000000000001,0.5985288310038293,0.6250048447704053,-0.026476013766576045
13.9,0.48959729031272126,0.5141176620290411,-0.024520371716319822
13.950000000000001,0.3480351310270421,0.36671810150792616,-0.018682970480884076
14.0,0.20382296388023038,0.19938643004961487,0.004436533830615513
14.05,0.07965700481467905,0.03312286015970826,0.04653414465497079
14.100000000000001,-0.018701787335658422,-0.10953468521766178,0.09083289788200336
14.15,-0.09532191931276097,-0.21042453441175538,0.1151026150989944
14.200000000000001,-0.15005585684235945,-0.2610831870017429,0.11102733015938343
14.25,-0.17501151848612229,-0.2641768587728716,0.08916534028674933
14.3,-0.16623904583465615,-0.23067278482082287,0.06443373898616672
14.350000000000001,-0.13626779941588898,-0.17513152866147688,0.0388637292455879
14.4,-0.10995945451193924,-0.11191273931428601,0.001953284802346772
14.450000000000001,-0.10405208520531205,-0.053371633670038644,-0.0506804515352734
14.5,-0.11080743820151857,-0.009223564599474763,-0.10158387360204381
14.55,-0.10513336640517533,0.014205406076739988,-0.11933877248191532
14.600000000000001,-0.07106800151998319,0.015162594459787898,-0.08623059597977109
14.65,-0.021512000462719696,-0.0027384003377143823,-0.018773600125005313
14.700000000000001,0.010736227297034068,-0.031199612075283767,0.04193583937231783
14.75,0.004092240818186315,-0.059769673759109104,0.06386191457729543
14.8,-0.02935568261622414,-0.07955437760117602,0.050198694984951886
14.850000000000001,-0.05444567135861252,-0.08667895334338852,0.03223328198477599
14.9,-0.04830151163585237,-0.08390633628151174,0.03560482464565937
14.950000000000001,-0.02569800750929316,-0.07938484858061844,0.05368684107132528
15.0,-0.027551215092406715,-0.08280567221107932,0.055254457118672606
15.05,-0.08170600509434514,-0.10080856175370634,0.019102556659361197
15.100000000000001,-0.17374293616234798,-0.13420699682139198,-0.039535939340956006
15.15,-0.2570596603715685,-0.17858216171936356,-0.07847749865220496
15.200000000000001,-0.2933207313365114,-0.22737318361442727,-0.06594754772208411
15.25,-0.2842956535050884,-0.2746290540640738,-0.009666599441014612
15.3,-0.2645192383651945,-0.3150349288074289,0.05051569044223442
15.350000000000001,-0.26306530386658783,-0.3416979081564778,0.07863260428989
15.4,-0.27321920405868044,-0.3450219527736499,0.07180274871496944
15.450000000000001,-0.26045163143334804,-0.31584625389956317,0.05539462246621513
15.5,-0.20042895410429137,-0.25231507106134515,0.05188611695705378
15.55,-0.10875348105923305,-0.16561364831324532,0.05686016725401227
15.600000000000001,-0.03254689980712019,-0.07888081172575799,0.0463339119186378
15.65,-0.011793468372125844,-0.01781445995209852,0.006020991579972676
15.700000000000001,-0.047375369593363754,0.002197594255211982,-0.049572963848575735
15.75,-0.10462704615083156,-0.015663050161025153,-0.08896399598980641
15.8,-0.1455922262537689,-0.05131437827190193,-0.09427784798186697
15.850000000000001,-0.15656834547808304,-0.07790765951039118,-0.07866068596769187
15.9,-0.14576405088074784,-0.07351630023060977,-0.07224775065013807
15.950000000000001,-0.1184898176868392,-0.027487384535828645,-0.09100243315101054
16.0,-0.05976767494220528,0.060483794971081875,-0.12025146991328715
16.05,0.05570159626456358,0.18505120787357504,-0.12934961160901146
16.1,0.236529810298153,0.33855432344829556,-0.10202451315014255
16.150000000000002,0.4590226247372466,0.510647998089271,-0.051625373352024384
16.2,0.6790260216443244,0.6859738084587984,-0.006947786814474055
16.25,0.8587158370130415,0.8433779357063537,0.015337901306687884
16.3,0.9816076581154708,0.9586004753759961,0.023007182739474663
16.35,1.0435690700263092,1.0094390076307986,0.03413006239551053
16.400000000000002,1.0342812954030072,0.9808005561931266,0.05348073920988061
16.45,0.9334553597419251,0.8677038038317835,0.06575155591014159
16.5,0.7288709488941509,0.6759637890178206,0.05290715987633032
16.55,0.43797110065521105,0.42129632085313135,0.01667477980207971
16.6,0.1088671186646393,0.12742135690664474,-0.018554238242005444
16.650000000000002,-0.20325026288835382,-0.17678663394009353,-0.026463628948260293
16.7,-0.4634203340973186,-0.46107282671456223,-0.002347507382756353
16.75,-0.6637378154598358,-0.6979690524564778,0.03423123699664199
16.8,-0.8070033598098995,-0.8664455149087456,0.059442155098846094
16.85,-0.8878652350566275,-0.9543039956348446,0.06643876057821707
16.900000000000002,-0.8926875723822394,-0.9590326578792134,0.06634508549697404
16.95,-0.8171380125167641,-0.8871529833543403,0.07001497083757624
17.0,-0.679868512823702,-0.7522041983538604,0.07233568553015846
17.05,-0.5142674316583269,-0.5717536088448778,0.05748617718655091
17.1,-0.3444862861097216,-0.36428037328674673,0.019794087177025133
17.150000000000002,-0.1705929539301407,-0.14700656595879422,-0.02358638797134649
17.2,0.02010123652325388,0.06474660150003626,-0.044645364976782384
17.25,0.22564422751597318,0.2571172303927976,-0.03147300287682442
17.3,0.41431306689242475,0.4172759772338887,-0.0029629103414639535
17.35,0.5394842755049144,0.5337671938785112,0.005717081626403164
17.400000000000002,0.572547173709222,0.5974086978677964,-0.024861524158574344
17.45,0.5231160530498514,0.6020698979629027,-0.07895384491305124
17.5,0.42741617456489234,0.5452307625166205,-0.11781458795172817
17.55,0.3164831899259758,0.4290859565287106,-0.11260276660273483
17.6,0.19495268796305898,0.2627257682195598,-0.0677730802565008
17.650000000000002,0.049706867930647984,0.06428366162862711,-0.01457679369797913
17.7,-0.12258333210078841,-0.13961685816608488,0.01703352606529647
17.75,-0.2984410005435231,-0.3192053011250534,0.02076430058153028
17.8,-0.4391316747762282,-0.4506907446409359,0.011559069864707672
17.85,-0.5197893552662143,-0.5247286845039097,0.004939329237695467
17.900000000000002,-0.5478376569541189,-0.5490854256992017,0.0012477687450828112
17.95,-0.553506628063275,-0.5435123363091113,-0.009994291754163664
18.0,-0.5625202612269757,-0.5297011375760791,-0.032819123650896675
18.05,-0.5769334001024042,-0.5220247246949931,-0.05490867540741118
18.1,-0.5799086406011057,-0.5235094997425995,-0.05639914085850617
18.150000000000002,-0.5559465201246574,-0.5274948762538721,-0.028451643870785248
18.2,-0.5047241824772991,-0.5221302902602504,0.017406107782951263
18.25,-0.43633282363152287,-0.49457222482141205,0.058239401189889184
18.3,-0.35631306453896583,-0.4338280948954514,0.07751503035648555
18.35,-0.25843271686808844,-0.3330668957149431,0.07463417884685464
18.400000000000002,-0.13290516425103852,-0.1920864627935962,0.059181298542557687
18.45,0.01973369873361744,-0.01911617877358961,0.038849877507207045
18.5,0.18443792013280239,0.16969266373001812,0.014745256402784263
18.55,0.3410742034211007,0.3537085931806715,-0.012634389759570819
18.6,0.4764790201270045,0.5128493219642746,-0.03637030183727008
18.650000000000002,0.5863409463919768,0.6318683074257674,-0.045527361033790625
18.7,0.6667337114854418,0.7024075685933445,-0.03567385710790272
18.75,0.7074726131019198,0.7229806380600771,-0.015508024958157285
18.8,0.6973263299253984,0.6978842868608297,-0.0005579569354312586
18.85,0.6367223637712743,0.6355859023098639,0.001136461461410443
18.900000000000002,0.5432471032139281,0.5464621668953248,-0.0032150636813966793
18.95,0.4413274384382123,0.4400719476554199,0.0012554907827924122
19.0,0.3443934547492281,0.3232312917517427,0.021162162997485412
19.05,0.24742523463961205,0.20053814582514,0.04688708881447204
19.1,0.13878484698314603,0.07760220912052891,0.061182637862617115
19.150000000000002,0.020823128014092303,-0.03515207765874876,0.05597520567284106
19.200000000000003,-0.08126637388825993,-0.1214866826596283,0.04022030877136837
19.25,-0.1325945118746759,-0.16316391038280317,0.03056939850812726
19.3,-0.11307091806621841,-0.1473374206294709,0.03426650256325248
19.35,-0.03174497148404616,-0.0735947324168946,0.04184976093284844
19.400000000000002,0.08066697512775471,0.043383079401709476,0.037283895726045235
19.450000000000003,0.19235396587263892,0.17714175630346093,0.015212209569177987
19.5,0.28478646901093174,0.2972162424655868,-0.012429773454655069
19.55,0.35050390530476416,0.37792411075442506,-0.027420205449660895
19.6,0.3819393967395783,0.4048321433135069,-0.022892746573928646
19.650000000000002,0.36701708011342593,0.3769065935919377,-0.009889513478511747
19.700000000000003,0.2977430851975855,0.3041400056116957,-0.006396920414110163
19.75,0.1820414358280395,0.2021105972405807,-0.020069161412541198
19.8,0.04431175275200542,0.08610438647164022,-0.0417926337196348
19.85,-0.08819322832487188,-0.03246054242995378,-0.055732685894918095
19.900000000000002,-0.20069395287084182,-0.14596866503767916,-0.05472528783316266
19.950000000000003,-0.2930905856256016,-0.24795602399926583,-0.04513456162633575
20.0,-0.36777471359579733,-0.33069034747970977,-0.037084366116087564
20.05,-0.4169491867192258,-0.38537544015184005,-0.03157374656738576
20.1,-0.42387774954461244,-0.4048976270762371,-0.018980122468375327
20.150000000000002,-0.3774713089421597,-0.3865952753816989,0.009123966439539222
20.200000000000003,-0.2848356111185246,-0.3324537607108171,0.04761814959229249
20.25,-0.16777197772381167,-0.24666718703985763,0.07889520931604596
20.3,-0.045835625245040125,-0.13333528498936217,0.08749965974432206
20.35,0.07679592999566441,0.002701027263262211,0.0740949027324022
20.400000000000002,0.20645313967020157,0.15183581722341102,0.054617322446790545
20.450000000000003,0.3412920780161393,0.2960500330390504,0.04524204497708889
20.5,0.45809736408338836,0.4099977909324611,0.04809957315092728
20.55,0.5198063762802089,0.46801496001124626,0.05179141626896261
20.6,0.49908489320846444,0.4535476954494449,0.04553719775901954
20.650000000000002,0.3971489509793119,0.36526247483678925,0.03188647614252266
20.700000000000003,0.2409010294941932,0.216278207211819,0.024622822282374196
20.75,0.061737165650534664,0.02776008056488578,0.03397708508564888
20.8,-0.12383202588422473,-0.17838472774113545,0.05455270185691072
20.85,-0.31462639007256593,-0.38337541617247833,0.0687490260999124
20.900000000000002,-0.5085359545687205,-0.5711786613767194,0.06264270680799888
20.950000000000003,-0.6879935005164893,-0.7265196704775588,0.0385261699610695
21.0,-0.8229282395947015,-0.834619037608275,0.011690798013573533
21.05,-0.8888250262460907,-0.8838728386450689,-0.004952187601021785
21.1,-0.882545435819009,-0.8699025241839873,-0.012642911635021736
21.150000000000002,-0.8213927952687358,-0.7981679485658846,-0.023224846702851187
21.200000000000003,-0.7277740486490977,-0.6832474733573736,-0.0445265752917241
21.25,-0.6151709828705157,-0.5448910643361058,-0.07027991853440996
21.3,-0.4879203973215447,-0.4026067019503561,-0.0853136953711886
21.35,-0.35192889555522405,-0.271089731934126,-0.08083916362109805
21.400000000000002,-0.2224358077785807,-0.15826970618086014,-0.06416610159772057
21.450000000000003,-0.1193706748396317,-0.06647456466674569,-0.05289611017288601
21.5,-0.05513019451733387,0.004349815339486083,-0.059480009856819956
21.55,-0.027969937365461075,0.05358727305262529,-0.08155721041808636
21.6,-0.027773793427019598,0.0792285750553869,-0.10700236848240649
21.650000000000002,-0.047074353865583486,0.08006297823269773,-0.1271373320982812
21.700000000000003,-0.08433838762192575,0.05912867118280784,-0.1434670588047336
21.75,-0.1354672836085719,0.02555629349276284,-0.16102357710133475
21.8,-0.18364044713817004,-0.007051937424991123,-0.1765885097131789
21.85,-0.2011815540864216,-0.024898870497379554,-0.17628268358904206
21.900000000000002,-0.16510421524131252,-0.017918397280385554,-0.14718581796092697
21.950000000000003,-0.07246474954356678,0.01941382076032847,-0.09187857030389525
22.0,0.06038668506689127,0.09046563036973719,-0.030078945302845918
22.05,0.21535429762900823,0.19914634065957132,0.016207956969436915
22.1,0.3897960496354415,0.34937106913803284,0.04042498049740867
22.150000000000002,0.5945892789038044,0.5401701095085863,0.05441916939521807
22.200000000000003,0.8323110698898656,0.7590854195916793,0.07322565029818628
22.25,1.0757134740891916,0.9786906348326483,0.09702283925654331
22.3,1.269326454470862,1.1599293799252497,0.10939707454561232
22.35,1.3571589859310478,1.2621751868240851,0.09498379910696264
22.400000000000002,1.3151178945287805,1.2559875923394892,0.05913030218929127
22.450000000000003,1.16136089112792,1.1329288364970016,0.02843205463091847
22.5,0.9372120941591338,0.9083093213240742,0.028902772835059598
22.55,0.6774583976735612,0.616214443502825,0.06124395417073625
22.6,0.39696099032795973,0.29954236134023626,0.09741862898772347
22.650000000000002,0.10301142369952646,-0.0006524942365209315,0.10366391793604739
22.700000000000003,-0.18303658329962433,-0.2529238022427586,0.0698872189431343
22.75,-0.4203480352972031,-0.4388800555633389,0.018532020266135818
22.8,-0.5683680989682486,-0.5530341186287442,-0.015333980339504394
22.85,-0.6150149863056484,-0.6007207134256868,-0.014294272879961656
22.900000000000002,-0.5868970137518196,-0.5952960174750004,0.008399003723180809
22.950000000000003,-0.5310028204310486,-0.5548306877159598,0.023827867284911153
23.0,-0.4832887894296548,-0.49810545412198176,0.014816664692326953
23.05,-0.45074811303120765,-0.440366908309025,-0.01038120472218268
23.1,-0.419773813641931,-0.39030029002549954,-0.029473523616431463
23.150000000000002,-0.37901936984617063,-0.3497848515614929,-0.029234518284677713
23.200000000000003,-0.33338196340967485,-0.31665366346361945,-0.016728299946055403
23.25,-0.29729110459668356,-0.2887091495538071,-0.008581955042876455
23.3,-0.27728703170630714,-0.2662820442801357,-0.011004987426171453
23.35,-0.2637559223290204,-0.25165036037759503,-0.01210556195142537
23.400000000000002,-0.24058763508541664,-0.2459925550638881,0.005404919978471451
23.450000000000003,-0.2019344175418342,-0.24638629819023145,0.04445188064839725
23.5,-0.15775749719470572,-0.24522888890623054,0.08747139171152482
23.55,-0.1219036517346855,-0.2325511387177061,0.11064748698302061
23.6,-0.09510648783834562,-0.19965238063658203,0.10454589279823641
23.650000000000002,-0.06096812753060254,-0.14187784679045037,0.08090971925984783
23.700000000000003,0.00024519816656807364,-0.05939973137724936,0.059644929543817435
23.75,0.09349941013942609,0.043590442471021715,0.04990896766840437
23.8,0.20450814422886437,0.1601143660971138,0.04439377813175058
23.85,0.31274656412496904,0.2812653294481095,0.03148123467685954
23.900000000000002,0.407947137865966,0.39670707077188433,0.011240067094081652
23.950000000000003,0.4929334536869266,0.49528360835566215,-0.00235015466873556
24.0,0.5705421405311217,0.5661105835126005,0.0044315570185212705
24.05,0.6297228118525875,0.6001941712785529,0.029528640574034593
24.1,0.6473852571177481,0.5923505997091382,0.05503465740860991
24.150000000000002,0.6062483419291732,0.5429282124815794,0.0633201294475938
24.200000000000003,0.5115649334065915,0.4585212642459284,0.05304366916066311
24.25,0.3894258289780427,0.3508380872219064,0.03858774175613627
24.3,0.26717614311857923,0.2335889659147933,0.03358717720378593
24.35,0.15440144953594417,0.11854464402613356,0.035856805509810616
24.400000000000002,0.04250457771784975,0.012806575197631703,0.029698002520218043
24.450000000000003,-0.07782326128191143,-0.08120654850810918,0.0033832872261977537
24.5,-0.20002921942943336,-0.1634277179983036,-0.03660150143112975
24.55,-0.303701734205119,-0.2335940287243064,-0.07010770548081258
24.6,-0.3733981876937489,-0.2906208391762369,-0.082777348517512
24.650000000000002,-0.4146157021404411,-0.3341453243372957,-0.08047037780314537
24.700000000000003,-0.4494544071914744,-0.3663747565786055,-0.08307965061286887
24.75,-0.4951346324431926,-0.39205801323092576,-0.10307661921226685
24.8,-0.5466632167195598,-0.41622699680041836,-0.1304362199191414
24.85,-0.5816897098994315,-0.4415449144692773,-0.14014479543015418
24.900000000000002,-0.5835103572435816,-0.46743786061023446,-0.11607249663334712
24.950000000000003,-0.559270203875223,-0.4912952847998961,-0.06797491907532688
25.0,-0.5341679600160396,-0.5098525781582233,-0.024315381857816343
25.05,-0.525928707072639,-0.5187755768927123,-0.007153130179926692
25.1,-0.523982035711057,-0.510740017783571,-0.013242017927485916
25.150000000000002,-0.4943486476096952,-0.47467201583285207,-0.019676631776843145
25.200000000000003,-0.40699076222650565,-0.39863813203596576,-0.00835263019053989
25.25,-0.2608145362381066,-0.2758667974141273,0.01505226117602071
25.3,-0.08372905356044243,-0.11017009083187497,0.026441037271432544
25.35,0.09099220391240578,0.08324847377190743,0.007743730140498353
25.400000000000002,0.24863683736294726,0.28239439909747316,-0.033757561734525904
25.450000000000003,0.3948189337294733,0.4652703997996961,-0.07045146607022279
25.5,0.5353082101122328,0.6143702295691259,-0.07906201945689306
25.55,0.6559290755881247,0.7169514076187381,-0.06102233203061336
25.6,0.7241411155583245,0.7631034754388673,-0.03896235988054275
25.650000000000002,0.712179799564932,0.7453248474962197,-0.0331450479312877
25.700000000000003,0.6202420387536027,0.6613238695305119,-0.04108183077690919
25.75,0.4779879013742583,0.5180866830326442,-0.040098781658385874
25.8,0.3233000404262771,0.3334023295994878,-0.01010228917321071
25.85,0.1782756941749107,0.1326955895754098,0.045580104599500904
25.900000000000002,0.043674082785240737,-0.05739283145401271,0.10106691423925344
25.950000000000003,-0.08578315463519069,-0.21496522527223008,0.1291820706370394
26.0,-0.20276635155087702,-0.3255648151709405,0.12279846362006347
26.05,-0.28480295015396095,-0.3818269754418702,0.09702402528790927
26.1,-0.31053214322933664,-0.3825620995631251,0.07202995633378845
26.150000000000002,-0.27908291109095723,-0.33332185315007423,0.054238942059117
26.200000000000003,-0.21446856635682043,-0.24799773264636268,0.03352916628954225
26.25,-0.15141404879052636,-0.14885795638925153,-0.0025560924012748287
26.3,-0.1154794249906735,-0.06267210994300791,-0.05280731504766559
26.35,-0.11335480870009734,-0.013142365979424689,-0.10021244272067266
26.400000000000002,-0.13776752965595243,-0.012790567613658592,-0.12497696204229383
26.450000000000003,-0.1782653087496999,-0.0585133883434826,-0.1197519204062173
26.5,-0.22675025230349188,-0.13336457183395756,-0.09338568046953433
26.55,-0.27524525952791623,-0.21376907236433465,-0.06147618716358158
26.6,-0.31234589785221756,-0.27841343808694385,-0.033932459765273704
26.650000000000002,-0.3248770686229548,-0.31431428775563414,-0.010562780867320654
26.700000000000003,-0.30389137671207905,-0.31751146061708113,0.013620083905002078
26.75,-0.24861692231150218,-0.2892858407409345,0.04066891842943232
26.8,-0.16448276439962436,-0.23157976596860824,0.06709700156898388
26.85,-0.058394132789765976,-0.14552674458314854,0.08713261179338257
26.900000000000002,0.06262342760320244,-0.03440630561705945,0.0970297332202619
26.950000000000003,0.18799751491494815,0.09136921819973302,0.09662829671521513
27.0,0.3007387118643548,0.2118021234879392,0.0889365883764156
27.05,0.38099963696216044,0.3008568786198614,0.08014275834229906
27.1,0.41502081605944013,0.3356454153427485,0.07937540071669164
27.150000000000002,0.40168082636402413,0.3068818430558589,0.09479898330816522
27.200000000000003,0.3503838444019274,0.2248048380104576,0.12557900639146977
27.25,0.2728864280065015,0.11689918189549701,0.15598724611100445
27.3,0.17828239075626984,0.018077627963949437,0.1602047627923204
27.35,0.07675447756159522,-0.042130410960296565,0.11888488852189177
27.400000000000002,-0.013102206819552943,-0.04951266348377811,0.03641045666422517
27.450000000000003,-0.06480324701130609,-0.008053793505917008,-0.05674945350538908
27.5,-0.05728778268949762,0.06482030309643622,-0.12210808578593384
27.55,0.008037893244885482,0.1475690227623769,-0.13953112951749141
27.6,0.10271190281666977,0.22339038168629055,-0.12067847886962078
27.650000000000002,0.1865125851887752,0.28422173951603047,-0.09770915432725527
27.700000000000003,0.23218422518951157,0.3285931478220205,-0.09640892263250891
27.75,0.23927002596433022,0.3559262941927277,-0.11665626822839748
27.8,0.2255916298844098,0.36212355953491154,-0.13653192965050173
27.85,0.20522566394023117,0.3401529299754789,-0.13492726603524774
27.900000000000002,0.17435287331138977,0.2853146069789144,-0.11096173366752465
27.950000000000003,0.11851502206320542,0.20087924929492784,-0.08236422723172242
28.0,0.033626477166219984,0.0991264457596605,-0.06549996859344051
28.05,-0.06096407693628666,-0.0036328427695914976,-0.05733123416669516
28.1,-0.13190465926584885,-0.09440976073470804,-0.03749489853114081
28.150000000000002,-0.15645812748931417,-0.16742633378905716,0.010968206299742989
28.200000000000003,-0.1396992598533465,-0.22158607580584805,0.08188681595250155
28.25,-0.10817142717179024,-0.25436637030613113,0.1461949431343409
28.3,-0.08618595193454945,-0.2586144549466568,0.17242850301210735
28.35,-0.07738420778829616,-0.22664101403305978,0.14925680624476362
28.400000000000002,-0.0685744124401179,-0.15949376903965473,0.09091935659953683
28.450000000000003,-0.050604842931787464,-0.07378341475672685,0.02317857182493939
28.5,-0.03404004792280354,0.0010639307635776653,-0.0351039786863812
28.55,-0.04255903252493782,0.035580185596854955,-0.07813921812179278
28.6,-0.0893997421919679,0.01573972903651507,-0.10513947122848297
28.650000000000002,-0.159775018521694,-0.04882286019210372,-0.1109521583295903
28.700000000000003,-0.21741923073294356,-0.12919810458368228,-0.08822112614926128
28.75,-0.2306246863763509,-0.19114556214795814,-0.039479124228392753
28.8,-0.19442682006191175,-0.209762519793179,0.01533569973126725
28.85,-0.12926323206758908,-0.1768399813479371,0.047576749280348024
28.900000000000002,-0.05891578080262869,-0.09897194528958778,0.04005616448695909
28.950000000000003,0.010052760492055208,0.00922181966863027,0.0008309408234249381
29.0,0.08761566659618081,0.13056635489098026,-0.04295068829479945
29.05,0.18023738318188326,0.24660051338686037,-0.06636313020497711
29.1,0.2727967415136532,0.336783437001763,-0.06398669548810981
29.150000000000002,0.33206698003072266,0.3801353484325837,-0.04806836840186102
29.200000000000003,0.3303162086606392,0.3615965463272536,-0.031280337666614366
29.25,0.26794509667645927,0.2805479501459978,-0.012602853469538544
29.3,0.17478464897188695,0.1555709606291771,0.01921368834270984
29.35,0.08958583286464993,0.02065681738237982,0.06892901548227011
29.400000000000002,0.03668353067805592,-0.0867217756118457,0.12340530628990162
29.450000000000003,0.019315399319268803,-0.139662965753977,0.1589783650732458
29.5,0.03128767407490986,-0.13024408804335566,0.16153176211826553
29.55,0.07105377217027006,-0.068175911579774,0.13922968375004408
29.6,0.1421505613329919,0.027853957671643042,0.11429660366134885
29.650000000000002,0.24036386795017203,0.13914656385752908,0.10121730409264296
29.700000000000003,0.3433215395459607,0.25020906420548633,0.09311247534047434
29.75,0.41646224446207664,0.3458132961227073,0.07064894833936936
29.8,0.43245664406273093,0.40715066742596395,0.02530597663676698
29.85,0.38677947798313567,0.4132145115458289,-0.026435033562693222
29.900000000000002,0.2952628922900413,0.34879021115952513,-0.05352731886948381
29.950000000000003,0.17705111568272858,0.21407348005690574,-0.037022364374177164
30.0,0.040437258149802674,0.02850031881843483,0.011936939331367843
30.05,-0.11482964661806488,-0.1749041541774083,0.060074507559343404
30.1,-0.28298918315310945,-0.36153773336949535,0.0785485502163859
30.150000000000002,-0.44295244918826315,-0.5062611466285855,0.0633086974403223
30.200000000000003,-0.5664953684723569,-0.5977956498617157,0.03130028138935881
30.25,-0.6376381953008337,-0.6364143472553513,-0.0012238480454823675
30.3,-0.6640947348270909,-0.629276864837851,-0.03481786998923997
30.35,-0.66836525112395,-0.5874744251729102,-0.0808908259510398
30.400000000000002,-0.6660765842494352,-0.52507007738022,-0.14100650686921512
30.450000000000003,-0.6523747496152941,-0.4574805459782825,-0.19489420363701154
30.5,-0.6097297294638854,-0.3974523595193951,-0.21227736994449026
30.55,-0.5293084922885386,-0.35037157318126977,-0.17893691910726883
30.6,-0.4242328653215343,-0.3126835804736837,-0.1115492848478506
30.650000000000002,-0.3207745955199243,-0.27528374696385066,-0.04549084855607366
30.700000000000003,-0.23556759958441742,-0.22955832198454837,-0.006009277599869051
30.75,-0.16137148479267807,-0.17149836289736797,0.010126878104689901
30.8,-0.07612453364629901,-0.10135992147231883,0.02523538782601982
30.85,0.03265164349262819,-0.020758386755201762,0.05341003024782995
30.900000000000002,0.15128822791774607,0.0685345066391103,0.08275372127863577
30.950000000000003,0.24717623742939307,0.1619298941670338,0.08524634326235928
31.0,0.2930413676517046,0.24793826797772142,0.045103099673983155
31.05,0.28581471545221787,0.307663369047242,-0.021848653595024137
31.1,0.24388557874321604,0.32070986569882426,-0.07682428695560822
31.150000000000002,0.1879684951627254,0.2751909831273918,-0.08722248796466642
31.200000000000003,0.12581554732463443,0.1758371858995525,-0.050021638574918065
31.25,0.055023652198886025,0.04501337302822876,0.010010279170657263
31.3,-0.02180122603582547,-0.0841736931838477,0.06237246714802222
31.35,-0.08830295861715456,-0.17914584252901203,0.09084288391185746
31.400000000000002,-0.12358618721918854,-0.21847265702898308,0.09488646980979454
31.450000000000003,-0.12118088160493962,-0.1981485998885066,0.076967718283567
31.5,-0.09810772807289514,-0.13209308389210944,0.0339853558192143
31.55,-0.08341141765097723,-0.047171292250450705,-0.03624012540052653
31.6,-0.09601486126558058,0.02567604958486962,-0.1216909108504502
31.650000000000002,-0.13265852676908163,0.061276822115355935,-0.19393534888443756
31.700000000000003,-0.17659973863529804,0.04733469919567744,-0.2239344378309755
31.75,-0.21676092057872545,-0.013866766101075411,-0.20289415447765005
31.8,-0.2566168361849084,-0.10879546493351623,-0.14782137125139216
31.85,-0.3031780317219723,-0.21769302482295846,-0.08548500689901381
31.900000000000002,-0.3478712232150208,-0.3177409831502412,-0.0301302400647796
31.950000000000003,-0.36090963209982,-0.3839012754248185,0.02299164332499848
32.0,-0.30832618808785817,-0.39052139794433594,0.08219520985647777
32.050000000000004,-0.17814869776540992,-0.3170781411157699,0.13892944335035995
32.1,0.00805146439110446,-0.15752283535937017,0.16557429975047463
32.15,0.2091338294880538,0.07211149085806315,0.13702233862999066
32.2,0.39110472878804187,0.3341588237749119,0.05694590501312996
32.25,0.5425160867948301,0.5797040040159038,-0.03718791722107373
32.300000000000004,0.6666151914761204,0.7642608498684881,-0.09764565839236772
32.35,0.7616495109560273,0.8608635261539128,-0.09921401519788553
32.4,0.8120226141394834,0.8651869274944319,-0.053164313354948534
32.45,0.8010755073871046,0.7929240991263968,0.008151408260707815
32.5,0.7331316122201202,0.6733737895598725,0.05975782266024776
32.550000000000004,0.6413236261315052,0.5424941616061685,0.0988294645253367
32.6,0.5700573871670749,0.43565725577230247,0.13440013139477242
32.65,0.5451059837280119,0.3791400887975119,0.1659658949305
32.7,0.5569350415072646,0.38165062201166294,0.17528441949560164
32.75,0.5716503805130837,0.4302519053345599,0.14139847517852377
32.800000000000004,0.5594462282965502,0.4947906712545376,0.06465555704201265
32.85,0.5155692565858772,0.5402834736926179,-0.02471421710674071
32.9,0.4570027233610453,0.5411516827539392,-0.08414895939289391
32.95,0.4008819838455625,0.48963165624513433,-0.08874967239957182
33.0,0.34652350291331163,0.3947231037629168,-0.04819960084960517
33.050000000000004,0.27780627655784795,0.27436994061218173,0.0034363359456662246
33.1,0.18247441920480306,0.14704368168016999,0.03543073752463308
33.15,0.06909486693414457,0.027226691982923944,0.041868174951220624
33.2,-0.03491287854535013,-0.07517419327796697,0.04026131473261684
33.25,-0.10307444591812738,-0.15435349760819783,0.05127905169007045
33.300000000000004,-0.13043310011804218,-0.20914133550106687,0.07870823538302468
33.35,-0.1375844320961093,-0.24385359948536586,0.10626916738925657
33.4,-0.15541294407059303,-0.26739635933581063,0.1119834152652176
33.45,-0.20358869115249884,-0.2899855257151737,0.08639683456267488
33.5,-0.27967832586426794,-0.3193023108769221,0.039623985012654184
33.550000000000004,-0.3656393381771837,-0.35862859549620507,-0.007010742680978621
33.6,-0.4441923373620104,-0.4077074105601441,-0.036484926801866324
33.65,-0.5109281008948029,-0.46466385237269636,-0.04626424852210653
33.7,-0.5732317319165489,-0.5267627556031483,-0.04646897631340052
33.75,-0.6386428550500303,-0.5894942735497432,-0.049148581500287114
33.800000000000004,-0.7034784964626315,-0.645533731742344,-0.057944764720287534
33.85,-0.7514890215526696,-0.6853713849280226,-0.06611763662464698
33.9,-0.7636211634559518,-0.6997220763986701,-0.06389908705728164
33.95,-0.7308023940264333,-0.6820888158754703,-0.048713578150963
34.0,-0.6591885623127104,-0.6298661927700321,-0.029322369542678306
34.050000000000004,-0.5634847240707525,-0.5439600343546278,-0.019524689716124644
34.1,-0.45400512296690626,-0.42823047438434303,-0.02577464858256323
34.15,-0.32890704898004797,-0.28968724804972984,-0.03921980093031813
34.2,-0.17918966174975803,-0.13878664519580716,-0.04040301655395087
34.25,-0.0029863918403249213,0.011706027363158554,-0.014692419203483475
34.300000000000004,0.1834539766974496,0.14979923151609081,0.033654745181358775
34.35,0.34924451130145456,0.26770793326602776,0.0815365780354268
34.4,0.4658582465196929,0.3629821525684875,0.1028760939512054
34.45,0.5240079803430013,0.43598549308320855,0.08802248725979278
34.5,0.5354524608944135,0.4852067288216689,0.050245732072744576
34.550000000000004,0.517501688254961,0.5039174185947692,0.013584269660191772
34.6,0.4741596011813893,0.4811625948044932,-0.007002993623103915
34.65,0.39218810256953535,0.40727030251811,-0.015082199948574626
34.7,0.2573951661954684,0.28099033642577625,-0.023595170230307883
34.75,0.0769603245120192,0.11410484922347444,-0.03714452471145524
34.800000000000004,-0.11406061526044885,-0.06940960438878714,-0.044651010871661706
34.85,-0.2711400113461997,-0.239765482943169,-0.031374528403030705
34.9,-0.3699203065782818,-0.3706503940820861,0.000730087503804322
34.95,-0.42166718683309795,-0.4474747192352411,0.025807532402143174
35.0,-0.46033102557236605,-0.4712432905820831,0.010912265009717037
35.050000000000004,-0.5119711328694384,-0.45676183303667195,-0.055209299832766456
35.1,-0.5731958633291626,-0.4263133490724801,-0.14688251425668253
35.15,-0.6169889142189343,-0.4015639336685012,-0.21542498055043313
35.2,-0.6191418241452066,-0.39660241221453923,-0.22253941193066734
35.25,-0.5799021852575127,-0.4139200926294613,-0.16598209262805141
35.300000000000004,-0.520844725756544,-0.4437722649174462,-0.07707246083909775
35.35,-0.4611235716790159,-0.4666449750379119,0.005521403358896004
35.4,-0.3970423655418519,-0.4585187126933104,0.0614763471514585
35.45,-0.3054088390863133,-0.39844523712142627,0.09303639803511299
35.5,-0.1679326933301815,-0.27689841095230555,0.10896571762212406
35.550000000000004,0.006568393411786667,-0.10183056860139406,0.10839896201318072
35.6,0.18349928570763696,0.10110998951109854,0.08238929619653843
35.65,0.32644583393005694,0.2958471970522803,0.03059863687777664
35.7,0.42175867010594104,0.44842134380303894,-0.026662673697097905
35.75,0.48187585815842066,0.5391273050819145,-0.057251446923493876
35.800000000000004,0.5261816302144116,0.5681458709525982,-0.04196424073818661
35.85,0.5591872007309442,0.5519879444043901,0.007199256326554049
35.9,0.5671537482756226,0.5133288871998125,0.05382486107581008
35.95,0.5354127032145671,0.47040974589831014,0.06500295731625699
36.0,0.46835063831246476,0.43170725965676776,0.036643378655697
36.050000000000004,0.3917791677050754,0.3975033971445321,-0.005724229439456663
36.1,0.3347186030290187,0.36532235585571415,-0.030603752826695474
36.15,0.30730764910968017,0.3342352732014947,-0.02692762409181454
36.2,0.2948839372446377,0.3049358584733039,-0.010051921228666216
36.25,0.27284129409963537,0.27655065568254433,-0.0037093615829089654
36.300000000000004,0.22801412281902492,0.24411290457273419,-0.016098781753709268
36.35,0.16772303628176072,0.20015597343842909,-0.03243293715666837
36.4,0.11044621401662684,0.14031205662830495,-0.029865842611678114
36.45,0.06908517739846429,0.06895876391852465,0.00012641347993963548
36.5,0.0428923208298442,4.372450557448647e-05,0.04284859632426971
36.550000000000004,0.02377085913260458,-0.04871913862937936,0.07248999776198395
36.6,0.00815225827789384,-0.06518327560835363,0.07333553388624747
36.65,0.0012311147690827048,-0.04962211542058406,0.05085323018966677
36.7,0.009370330843902992,-0.014646810678499008,0.024017141522402002
36.75,0.029132935136228694,0.021326337858182352,0.007806597278046341
36.800000000000004,0.04499671881556372,0.04223161871806656,0.0027651000974971557
36.85,0.03923328114908502,0.03911145619485616,0.0001218249542288552
36.9,0.005465234922049046,0.010319697727442569,-0.004854462805393523
36.95,-0.04633214435232049,-0.039884149225199804,-0.006447995127120687
37.0,-0.09784127324158456,-0.10114657363352415,0.003305300391939589
37.050000000000004,-0.13619493735441673,-0.15588932901270683,0.019694391658290095
37.1,-0.16155739126135163,-0.18164575565198302,0.020088364390631386
37.15,-0.18258772996088055,-0.16011075820553547,-0.022476971755345077
37.2,-0.20476066841355905,-0.08974519433445971,-0.11501547407909934
37.25,-0.22229786208799565,0.007390764403914461,-0.2296886264919101
37.300000000000004,-0.22047872958462633,0.09302066788051912,-0.31349939746514544
37.35,-0.18561380189449464,0.13334125401348776,-0.3189550559079824
37.4,-0.11369136914748279,0.12080959602202658,-0.23450096516950936
37.45,-0.010848859504518747,0.08133403522878867,-0.09218289473330742
37.5,0.11320084886550727,0.05992991248766759,0.05327093637783968
37.550000000000004,0.2513841494296376,0.09322405257919311,0.1581600968504445
37.6,0.3987467693648005,0.18719759573254977,0.21154917363225076
37.65,0.5459666268934804,0.3149351689509679,0.2310314579425125
37.7,0.6742040624189749,0.4344607931001156,0.2397432693188593
37.75,0.7583146922225016,0.5125926194814785,0.2457220727410231
37.800000000000004,0.7782254367233545,0.5381436965643399,0.24008174015901462
37.85,0.7303574103141628,0.517993203811181,0.21236420650298182
37.9,0.6296609165209116,0.463371875337232,0.1662890411836796
37.95,0.49989849778569956,0.3797254198385979,0.12017307794710164
38.0,0.35955357301448815,0.26777662148174863,0.09177695153273951
38.050000000000004,0.2145681513246733,0.1321351605473229,0.08243299077735039
38.1,0.06319737596039154,-0.012745256411287193,0.07594263237167874
38.15,-0.0925600449867325,-0.146156443432167,0.0535963984454345
38.2,-0.24054487900691743,-0.2519034165521451,0.01135853754522767
38.25,-0.3639964999834874,-0.32732689895825356,-0.03666960102523381
38.300000000000004,-0.45449152786559266,-0.3832595102844278,-0.07123201758116487
38.35,-0.5197653873946199,-0.435230371496592,-0.08453501589802787
38.400000000000006,-0.5775716796748709,-0.4928886259358076,-0.08468305373906326
38.45,-0.6393710400076735,-0.554971699288962,-0.08439934071871158
38.5,-0.697880622826983,-0.6118537033192776,-0.08602691950770547
38.550000000000004,-0.730386088666772,-0.6519667782958893,-0.07841931037088268
38.6,-0.7162795413294624,-0.6668243121255383,-0.04945522920392409
38.650000000000006,-0.6543447822743477,-0.6522656939819398,-0.0020790882924078824
38.7,-0.5648697571873086,-0.6074015314742287,0.04253177428692012
38.75,-0.4746416644081897,-0.5340384462937328,0.05939678188554304
38.800000000000004,-0.39781364531449775,-0.437590782559139,0.03977713724464127
38.85,-0.32901591450999923,-0.3279923307901019,-0.001023583719897303
38.900000000000006,-0.25386267001665774,-0.21848762244260303,-0.03537504757405471
38.95,-0.16647559152335237,-0.1218835205946469,-0.04459207092870547
39.0,-0.07791147150083681,-0.04616359261425097,-0.03174787888658584
39.050000000000004,-0.008319668969935924,0.007779811171611994,-0.01609948014154792
39.1,0.029375249546420932,0.044820703109744994,-0.015445453563324062
39.150000000000006,0.03927258198399167,0.07153517227753715,-0.03226259029354549
39.2,0.0374554764396626,0.09189174541666956,-0.05443626897700696
39.25,0.03749862904236287,0.1051145800944554,-0.06761595105209253
39.300000000000004,0.03985545614150457,0.10661230255342981,-0.06675684641192524
39.35,0.03394909620581412,0.09105774823708565,-0.05710865203127153
39.400000000000006,0.009904804066114497,0.05577340246246564,-0.04586859839635114
39.45,-0.031149535280172502,0.002906810198244553,-0.03405634547841706
39.5,-0.07676918534932567,-0.06009030217504469,-0.016678883174280977
39.550000000000004,-0.1118677347126783,-0.12140621324061437,0.009538478527936073
39.6,-0.12811866777205616,-0.16698708721946004,0.03886841944740388
39.650000000000006,-0.126811362320272,-0.18394445447958274,0.057133092159310755
39.7,-0.11482057538008361,-0.16511020714735958,0.050289631767275966
39.75,-0.09897485302850782,-0.11333972456850674,0.014364871539998922
39.800000000000004,-0.08369611102809896,-0.04286833716718821,-0.04082777386091075
39.85,-0.07206862527441259,0.024607252562840104,-0.09667587783725269
39.900000000000006,-0.06693741388552411,0.06869015583037956,-0.13562756971590367
39.95,-0.06955060596746905,0.07978422613111093,-0.14933483209857998
40.0,-0.07694720111736657,0.06362561477712125,-0.14057281589448783
40.050000000000004,-0.08146015211583235,0.03756036690505867,-0.11902051902089103
40.1,-0.07407042161937448,0.020572055880752508,-0.09464247750012698
40.150000000000006,-0.049644230556690504,0.023374282949297276,-0.07301851350598779
40.2,-0.009964947127080584,0.04474557765354476,-0.054710524780625346
40.25,0.03809083906553342,0.07567253217958521,-0.03758169311405179
40.300000000000004,0.08814345104661685,0.10740598760860547,-0.01926253656198862
40.35,0.13957597005409364,0.1374543280529962,0.0021216420010974346
40.400000000000006,0.19836364896828443,0.17006197300830211,0.028301675959982314
40.45,0.2723025466420827,0.21221360197103542,0.06008894467104728
40.5,0.3634448502690805,0.2688029742988247,0.0946418759702558
40.550000000000004,0.462944472638303,0.33975127048099235,0.12319320215731067
40.6,0.5525106143231967,0.4193437203776924,0.1331668939455043
40.650000000000006,0.6124193185780687,0.49674806232804114,0.11567125625002761
40.7,0.6311310647479087,0.5574680772695697,0.07366298747833899
40.75,0.6097912062146724,0.5865905499499754,0.023200656264697028
40.800000000000004,0.5583550893019907,0.5739720683177095,-0.01561697901571879
40.85,0.4867299127595615,0.5191837703201029,-0.032453857560541366
40.900000000000006,0.39870667871506915,0.43266539705671586,-0.03395871834164671
40.95,0.29415604771230935,0.3313148882353785,-0.03715884052306917
41.0,0.17722340894810454,0.23077728390950672,-0.05355387496140218
41.050000000000004,0.061896772507032086,0.13949246508349977,-0.07759569257646769
41.1,-0.03212049020628111,0.058322319099597564,-0.09044280930587867
41.150000000000006,-0.09125667957987935,-0.014857007703638356,-0.07639967187624098
41.2,-0.11723949035492776,-0.07994895216101018,-0.037290538193917575
41.25,-0.12404937012134967,-0.13292598224994218,0.008876612128592504
41.300000000000004,-0.12375093301275501,-0.16799907503534006,0.04424814202258505
41.35,-0.11338220045232048,-0.18058649343411753,0.06720429298179706
41.400000000000006,-0.07570579005986501,-0.16806762647554185,0.09236183641567684
41.45,0.0050199431600715504,-0.12850847917126207,0.1335284223313336
41.5,0.12499994517253502,-0.06032535744845581,0.18532530262099084
41.550000000000004,0.2564895100026166,0.034839392711698995,0.2216501172909176
41.6,0.36169591522702343,0.14736863096236272,0.21432728426466072
41.650000000000006,0.4139200536036395,0.25731510656523243,0.15660494703840705
41.7,0.4089169411428059,0.33787703301583977,0.07103990812696614
41.75,0.3587018631938676,0.3640297453295279,-0.005327882135660322
41.800000000000004,0.27570701526371794,0.3217652015592812,-0.04605818629556324
41.85,0.1627560671757163,0.2129613133116307,-0.0502052461359144
41.900000000000006,0.017274402419501254,0.05395761585073278,-0.03668321343123153
41.95,-0.15607847128565677,-0.13035059387297654,-0.025727877412680233
42.0,-0.337834449496838,-0.31346529052583033,-0.024369158971007665
42.050000000000004,-0.49908131429957087,-0.47275074587557725,-0.026330568423993617
42.1,-0.6150820194983287,-0.5925898709661236,-0.02249214853220516
42.150000000000006,-0.6753407906853197,-0.6653112936765132,-0.01002949700880651
42.2,-0.682793854748222,-0.6900539911062291,0.007260136358007152
42.25,-0.6454163048267303,-0.6700513142223645,0.024635009395634233
42.300000000000004,-0.5695116099558029,-0.609718185704198,0.040206575748395146
42.35,-0.460233780859121,-0.5134353392377254,0.05320155837860446
42.400000000000006,-0.3264975748225251,-0.3869308362304174,0.06043326140789229
42.45,-0.1833485978210629,-0.24002098553215517,0.05667238771109229
42.5,-0.04857267312365283,-0.08802468377341507,0.03945201064976225
42.550000000000004,0.06312385089176717,0.05007881242250183,0.013045038469265337
42.6,0.14293147032374773,0.1562149992178196,-0.013283528894071861
42.650000000000006,0.18636963911791585,0.21796670967139284,-0.03159707055347699
42.7,0.1909669087225217,0.2311521216416468,-0.04018521291912511
42.75,0.15701082701164704,0.1997706461110335,-0.042759819099386476
42.800000000000004,0.0906393264514569,0.1344479617442527,-0.043808635292795786
42.85,0.004829295534725024,0.05036239405086953,-0.0455330985161445
42.900000000000006,-0.08452614702828663,-0.035557609328997465,-0.04896853769928917
42.95,-0.16497515165110996,-0.1086843182429451,-0.05629083340816486
43.0,-0.23085541295100226,-0.16109338936934797,-0.06976202358165429
43.050000000000004,-0.28100879062935297,-0.1937067025068412,-0.08730208812251178
43.1,-0.31388812601220833,-0.21386549233666183,-0.10002263367554651
43.150000000000006,-0.3254580844488807,-0.2289445098545527,-0.096513574594328
43.2,-0.3119094308073007,-0.23998941837223337,-0.07192001243506735
43.25,-0.273893237203008,-0.24004377674674987,-0.03384946045625814
43.300000000000004,-0.21754048334237308,-0.2187467695005644,0.001206286158191322
43.35,-0.1512953234441994,-0.1701635223173427,0.018868198873143283
43.400000000000006,-0.08209142816530393,-0.09836727749805976,0.016275849332755832
43.45,-0.014575977415027357,-0.016959087545557566,0.002383110130530209
43.5,0.04696793780338162,0.05697972212447635,-0.01001178432109473
43.550000000000004,0.09762253774620279,0.11048191843567312,-0.012859380689470332
43.6,0.1339000490495501,0.13946913224418073,-0.00556908319463062
43.650000000000006,0.15659450038525863,0.14878618323232606,0.0078083171529325646
43.7,0.17035362227121303,0.1484987152049891,0.021854907066223922
43.75,0.17937956688954967,0.1488936381420517,0.030485928747497976
43.800000000000004,0.1836184714804963,0.15634715556731105,0.02727131591318524
43.85,0.18007408109574322,0.17126329804855356,0.008810783047189658
43.900000000000006,0.1683263084354445,0.18848864800796297,-0.02016233957251848
43.95,0.15388337570996471,0.19997683360399662,-0.04609345789403191
44.0,0.1444115985053213,0.1987101470755215,-0.05429854857020022
44.050000000000004,0.14169695591497353,0.18219105883709721,-0.04049410292212369
44.1,0.13815087815003696,0.15384991539385554,-0.015699037243818575
44.150000000000006,0.12332985657930785,0.12175155780798097,0.0015782987713268831
44.2,0.09547929604458295,0.09539572879036752,8.35672542154331e-05
44.25,0.06629303795373712,0.08217876914384853,-0.015885731190111413
44.300000000000004,0.0522419347277399,0.0848222282228795,-0.032580293495139606
44.35,0.059181361125221175,0.10033653557835175,-0.04115517445313057
44.400000000000006,0.07515534774860094,0.12065211586213352,-0.04549676811353258
44.45,0.07986748877865195,0.13498517132377838,-0.05511768254512643
44.5,0.06322742852329093,0.13368473122060132,-0.07045730269731039
44.550000000000004,0.03545250041755501,0.11238179211477207,-0.07692929169721707
44.6,0.018241916394306012,0.07439759781436171,-0.0561556814200557
44.650000000000006,0.02470329128688912,0.029729629666236025,-0.005026338379346906
44.7,0.047278885375177056,-0.009185406408894179,0.05646429178407124
44.75,0.06578150693536866,-0.032585358947331056,0.09836686588269972
44.800000000000004,0.06805753070525943,-0.03644794948192617,0.1045054801871856
44.85,0.0629160485298973,-0.022196444672593164,0.08511249320249045
44.900000000000006,0.07198290077157296,0.005798256310202029,0.06618464446137093
44.95,0.10769630606843271,0.04255379768654755,0.06514250838188515
45.0,0.15864987648132542,0.08319609312209487,0.07545378335923054
45.050000000000004,0.19687837507411882,0.12247404056319025,0.07440433451092857
45.1,0.2006478744086915,0.1544012955487298,0.046246578859961696
45.150000000000006,0.17135818355917432,0.17268444144670858,-0.0013262578875342657
45.2,0.12891723139387595,0.1714889592659791,-0.04257172787210314
45.25,0.09073295266884647,0.1460421661265369,-0.05530921345769042
45.300000000000004,0.05500861854519512,0.09356143597693302,-0.0385528174317379
45.35,0.004430225860558046,0.015442636084438969,-0.011012410223880923
45.400000000000006,-0.0735348181721611,-0.0796842891312491,0.006149470959087994
45.45,-0.16926275903651797,-0.17460256395129126,0.0053398049147732884
45.5,-0.25293528442484614,-0.24689600649370938,-0.006039277931136761
45.550000000000004,-0.2940279130414803,-0.2773421728447604,-0.016685740196719867
45.6,-0.2809444240089968,-0.25918584652938725,-0.02175857747960952
45.650000000000006,-0.22460569885390042,-0.2020209274904047,-0.02258477136349571
45.7,-0.1452630913342991,-0.12672577016632997,-0.018537321167969134
45.75,-0.056205865987771886,-0.054027396204842676,-0.00217846978292921
45.800000000000004,0.04136701683806794,0.0059269013744897665,0.03544011546357818
45.85,0.1499809438139494,0.0561793092969529,0.09380163451699651
45.900000000000006,0.2638642116218788,0.1065986840959863,0.15726552752589248
45.95,0.36486308435238174,0.1636713796274792,0.20119170472490253
46.0,0.4295097828667352,0.2236550757763667,0.2058547070903685
46.050000000000004,0.440916948103287,0.2730504607996459,0.16786648730364112
46.1,0.3964816572085165,0.2949184109595724,0.10156324624894414
46.150000000000006,0.3069933619410442,0.27633314184087426,0.030660220100169944
46.2,0.1892644819341486,0.213019255904582,-0.023754773970433407
46.25,0.05785788027620273,0.11021818100082047,-0.05236030072461774
46.300000000000004,-0.07910022629943456,-0.018971777635416978,-0.06012844866401758
46.35,-0.2179981016265634,-0.15648210564012355,-0.061515995986439864
46.400000000000006,-0.35343430936719206,-0.2830364267573112,-0.07039788260988084
46.45,-0.4725443762887574,-0.3825662171865114,-0.08997815910224599
46.5,-0.5556941197524853,-0.4460432310196889,-0.10965088873279638
46.550000000000004,-0.5854053100761856,-0.4727613895209089,-0.11264392055527667
46.6,-0.5582242129296329,-0.46806290219058566,-0.0901613107390472
46.650000000000006,-0.4896164384559051,-0.43880676781706024,-0.05080967063884484
46.7,-0.4056853641143729,-0.3895862174041709,-0.016099146710202017
46.75,-0.326455784462612,-0.3221783024083797,-0.0042774820542322844
46.800000000000004,-0.2542951531261613,-0.23824539383157894,-0.016049759294582355
46.85,-0.178144595336173,-0.14288161109203734,-0.03526298424413565
46.900000000000006,-0.09025231461094908,-0.04607885790187355,-0.044173456709075534
46.95,0.0004653379350445852,0.03920865985838829,-0.038743321923343704
47.0,0.0723200276667927,0.10138947302826398,-0.029069445361471283
47.050000000000004,0.10950214111824191,0.13452557781662117,-0.025023436698379253
47.1,0.11748530276353704,0.1403436828895555,-0.02285838012601847
47.150000000000006,0.11880419251995353,0.12704342341605893,-0.008239230896105398
47.2,0.1316632799543358,0.10557193133999143,0.026091348614344367
47.25,0.1519221622617658,0.0852068834331355,0.0667152788286303
47.300000000000004,0.1573514001893189,0.07061467722411718,0.08673672296520171
47.35,0.13155122341302722,0.06179413779273616,0.06975708562029106
47.400000000000006,0.08423673477190546,0.056657549027093516,0.027579185744811947
47.45,0.046334360662489964,0.054299687996456576,-0.007965327333966613
47.5,0.04254954059515442,0.056493328105712705,-0.013943787510558282
47.550000000000004,0.06745982543346599,0.06624611002266587,0.0012137154108001202
47.6,0.08958155655024555,0.08456669914982097,0.00501485740042458
47.650000000000006,0.08116746748541859,0.10810102667575738,-0.026933559190338796
47.7,0.045396852948742954,0.1296793606643524,-0.08428250771560944
47.75,0.013727407679603903,0.1415104582347557,-0.1277830505551518
47.800000000000004,0.01481640868110232,0.1387298273876652,-0.12391341870656289
47.85,0.0449626143394075,0.12098044598322016,-0.07601783164381266
47.900000000000006,0.06970975959201312,0.09156246037148501,-0.021852700779471892
47.95,0.05630764141693136,0.05560917482382019,0.000698466593111173
48.0,0.006135665325695499,0.01897725939553423,-0.01284159406983873
48.050000000000004,-0.04457768343083667,-0.011913047129289037,-0.03266463630154763
48.1,-0.0569728885223094,-0.030504458601637162,-0.02646842992067224
48.150000000000006,-0.02397390191999019,-0.03186620177572483,0.007892299855734638
48.2,0.025827198800239055,-0.01524164911046357,0.04106884791070262
48.25,0.05755537306535147,0.014568379234241289,0.04298699383111018
48.300000000000004,0.06315479805750078,0.04856307034821287,0.014591727709287912
48.35,0.06586061101433346,0.07726403052459668,-0.011403419510263219
48.400000000000006,0.09273224367978605,0.09461932091750613,-0.0018870772377200806
48.45,0.14361713183628522,0.09981338535843302,0.04380374647785219
48.5,0.18787152436839497,0.09629071183669013,0.09158081253170483
48.550000000000004,0.19205368587991176,0.08909839551442507,0.10295529036548669
48.6,0.15109007635702576,0.08227836515940015,0.06881171119762561
48.650000000000006,0.0924989538794853,0.07739451545724385,0.015104438422241448
48.7,0.0502924764087673,0.07332879760773939,-0.023036321198972087
48.75,0.034694613617301966,0.06705302717706084,-0.032358413559758874
48.800000000000004,0.026768168034680895,0.055101701867931924,-0.028333533833251028
48.85,0.001568895451104735,0.035365139788556946,-0.03379624433745221
48.900000000000006,-0.04433596387428239,0.008463903465212773,-0.05279986733949516
48.95,-0.08801073197104171,-0.02209797826501907,-0.06591275370602265
49.0,-0.1014492970236374,-0.051121189133087205,-0.0503281078905502
49.050000000000004,-0.07702942183924642,-0.07336947602176798,-0.003659945817478444
49.1,-0.032611594554797584,-0.08456561476734822,0.05195402021255064
49.150000000000006,0.006845679374839615,-0.08150788025844825,0.08835355963328786
49.2,0.03150271672099287,-0.06229782574635447,0.09380054246734734
49.25,0.051126606589608097,-0.02771228355394312,0.07883889014355122
49.300000000000004,0.07943899378561292,0.016761203321860953,0.06267779046375196
49.35,0.1157121864736368,0.060359522065475964,0.05535266440816084
49.400000000000006,0.14212487430820953,0.08987191346547406,0.052252960842735466
49.45,0.13847327767278406,0.09527190769028214,0.043201369982501917
49.5,0.09906750632770218,0.07474152101935687,0.024325985308345316
49.550000000000004,0.036231329282217985,0.03533101914409777,0.000900310138120218
49.6,-0.030733108225983588,-0.011526323460861208,-0.01920678476512238
49.650000000000006,-0.08877592464117921,-0.056394384791088374,-0.03238153985009084
49.7,-0.13457069807310337,-0.09533082054076462,-0.03923987753233875
49.75,-0.16807373327203592,-0.12824930637782733,-0.03982442689420859
49.800000000000004,-0.18581893673167593,-0.15439153361839653,-0.031427403113279406
49.85,-0.18189280928115606,-0.16962284529504731,-0.012269963986108745
49.900000000000006,-0.15484029304328756,-0.16844817315914642,0.013607880115858867
49.95,-0.11226479552169925,-0.14915300262406528,0.036888207102366025
50.0,-0.06792312392274585,-0.11737439443266029,0.049451270509914436
50.050000000000004,-0.034214673874780825,-0.0845137765629611,0.05029910268818027
50.1,-0.017005373513207037,-0.06172639933673082,0.04472102582352378
50.150000000000006,-0.0161764841610404,-0.05392294495620932,0.03774646079516892
50.2,-0.029150207450646937,-0.05812168684371724,0.028971479393070303
50.25,-0.05283629605227895,-0.06686651902939411,0.014030222977115162
50.300000000000004,-0.08297040470710097,-0.07355652940755339,-0.009413875299547583
50.35,-0.11353336849657837,-0.07562325750954112,-0.037910110987037254
50.400000000000006,-0.13833953909829644,-0.07390708412205173,-0.06443245497624471
50.45,-0.1533642751972463,-0.06984361347373193,-0.08352066172351437
50.5,-0.1569678847013299,-0.06334938465267251,-0.0936185000486574
50.550000000000004,-0.1478933707070894,-0.05292192533737275,-0.09497144536971666
50.6,-0.12417184070071503,-0.03717506502174156,-0.08699677567897347
50.650000000000006,-0.0852474385662553,-0.016020154507239117,-0.06922728405901618
50.7,-0.035233957567775066,0.009413282178484122,-0.044647239746259185
50.75,0.017258218316129007,0.03751226902026143,-0.020254050704132425
50.800000000000004,0.06400306330821871,0.06645040401175725,-0.002447340703538539
50.85,0.10214663357134506,0.09371395450054337,0.008432679070801682
50.900000000000006,0.13341353209293882,0.1157190737679995,0.01769445832493932
50.95,0.15763195999022192,0.1284807437894091,0.02915121620081282
51.0,0.16792908850270796,0.1292883537185305,0.038640734784177455
51.050000000000004,0.15469292608951743,0.11824670568847859,0.03644622040103884
51.1,0.11634692755803744,0.09846721828848544,0.017879709269552
51.150000000000006,0.06617225644274591,0.07472904524184472,-0.00855678879909881
51.2,0.026220294671905016,0.05160743840179201,-0.025387143729886992
51.25,0.01165337059805568,0.03233969666264315,-0.020686326064587472
51.300000000000004,0.01959286061366599,0.01890575045272376,0.0006871101609422295
51.35,0.0337370855927966,0.012732632164306,0.021004453428490603
51.400000000000006,0.04101482611360332,0.015038076077808755,0.02597675003579456
51.45,0.04409827159561354,0.0263649746907979,0.017733296904815638
51.5,0.05710348391291818,0.04574724880973523,0.011356235103182954
51.550000000000004,0.08872828506684624,0.07037094904771263,0.018357336019133613
51.6,0.13041896106816955,0.096217452210355,0.03420150885781455
51.650000000000006,0.162598127295291,0.11937140916335486,0.04322671813193614
51.7,0.17334437498661284,0.13713882866881846,0.03620554631779438
51.75,0.17019548202012175,0.148271911434631,0.021923570585490743
51.800000000000004,0.1718165843198075,0.15228332410240827,0.019533260217399234
51.85,0.18684813440391942,0.14850098544745952,0.03834714895645991
51.900000000000006,0.20140974650438812,0.1356665866475815,0.06574315985680662
51.95,0.18921454090906534,0.1124336185213838,0.07678092238768154
52.0,0.13573819275459867,0.07842969070957856,0.05730850204502011
52.050000000000004,0.053008814672952126,0.03511861545904528,0.017890199213906846
52.1,-0.030031270191882797,-0.014184485803781536,-0.015846784388101262
52.150000000000006,-0.092770979802097,-0.06524156325843572,-0.027529416543661284
52.2,-0.1394263224547497,-0.1142718838935012,-0.025154438561248507
52.25,-0.1910024709064136,-0.15903693058550433,-0.03196554032090926
52.300000000000004,-0.26113835708207683,-0.1990647809449161,-0.062073576137160746
52.35,-0.3398212446536635,-0.234900997265024,-0.10492024738863948
52.400000000000006,-0.4005021018454433,-0.26673782235523247,-0.13376427949021086
52.45,-0.42264749342347313,-0.2930749953821373,-0.1295724980413358
52.5,-0.4071338473685009,-0.3101284415903496,-0.09700540577815131
52.550000000000004,-0.3703944527553943,-0.3124778376751552,-0.0579166150802391
52.6,-0.3252660599116595,-0.2949118331292932,-0.030354226782366323
52.650000000000006,-0.26910652453230705,-0.25473638084045636,-0.01437014369185069
52.7,-0.1906289436624493,-0.19334868333869298,0.002719739676243671
52.75,-0.0866025201842221,-0.11609089815113718,0.029488377966915086
52.800000000000004,0.030204423157721486,-0.030364309820698036,0.060568732978419526
52.85,0.13996139168504598,0.05683632972953749,0.08312506195550849
52.900000000000006,0.23098932146104043,0.14031375442293145,0.09067556703810897
52.95,0.30416971830200634,0.21605702762003726,0.08811269068196909
53.0,0.3620605684548341,0.279258187846803,0.08280238060803108
53.050000000000004,0.39590788369441743,0.32281639971008486,0.07309148398433257
53.1,0.3869383633018769,0.3380536367135374,0.04888472658833953
53.150000000000006,0.3230831212023438,0.31784293297549304,0.005240188226850739
53.2,0.21473359036361245,0.26053135839869507,-0.04579776803508262
53.25,0.09235716053976642,0.17228531168345593,-0.07992815114368951
53.300000000000004,-0.01361602439806598,0.06634188976920036,-0.07995791416726633
53.35,-0.09223203897478054,-0.04054506958395602,-0.05168696939082452
53.400000000000006,-0.15274866261757275,-0.13269728434304207,-0.020051378274530685
53.45,-0.2072301826245607,-0.1991011056165748,-0.008129077007985902
53.5,-0.2533555204348886,-0.23481019727980082,-0.018545323155087806
53.550000000000004,-0.27468885193005754,-0.24022184065795102,-0.034467011272106524
53.6,-0.25722128819162254,-0.21917592029484384,-0.0380453678967787
53.650000000000006,-0.2045258423490473,-0.17706563658113852,-0.02746020576790878
53.7,-0.13611762734881483,-0.11982456284941148,-0.016293064499403348
53.75,-0.07149615539317984,-0.053972883519799925,-0.017523271873379917
53.800000000000004,-0.016730017542991776,0.012872703805188996,-0.029602721348180774
53.85,0.033443526523968495,0.07209346063677713,-0.038649934112808634
53.900000000000006,0.08227581999274201,0.11556393692318645,-0.033288116930444436
53.95,0.1224673784680149,0.13827545398974753,-0.01580807552173262
54.0,0.1423662256437357,0.14060520069918786,0.0017610249445478288
54.050000000000004,0.13990770987688558,0.12845413049882218,0.011453579378063405
54.1,0.12817991774561277,0.11064410051971992,0.017535817225892855
54.150000000000006,0.12520870062530226,0.09491927574183368,0.030289424883468585
54.2,0.13775024834899133,0.08507612708235646,0.05267412126663487
54.25,0.15593182579227804,0.08100336584039836,0.07492845995187969
54.300000000000004,0.1646163123864299,0.0811718093129216,0.0834445030735083
54.35,0.15979472331233244,0.08519261114395994,0.0746021121683725
54.400000000000006,0.15277750798356238,0.09414331706888249,0.05863419091467989
54.45,0.1575311278153322,0.10843619830710062,0.04909492950823159
54.5,0.17416906659412043,0.1252815572824267,0.04888750931169372
54.550000000000004,0.1859003243140621,0.13826996641229455,0.047630357901767534
54.6,0.17314265051293326,0.13985072049071245,0.033291930022220806
54.650000000000006,0.13110679223135724,0.12507924883106386,0.006027543400293378
54.7,0.0738316049207533,0.09403433232071173,-0.02020272739995843
54.75,0.021494977360382736,0.05149087061270222,-0.029995893252319487
54.800000000000004,-0.015739856742414585,0.004563675506633791,-0.020303532249048375
54.85,-0.04180899564407203,-0.03979251764182781,-0.002016478002244221
54.900000000000006,-0.06468623477769088,-0.07613345466724426,0.011447219889553384
54.95,-0.08461305614677066,-0.10087397004505907,0.016260913898288418
55.0,-0.09359086768526172,-0.11252687811261149,0.01893601042734977
55.050000000000004,-0.08593914861917074,-0.1121841016625556,0.026244953043384867
55.1,-0.06752600128751844,-0.1036241855945422,0.03609818430702376
55.150000000000006,-0.05304441697850696,-0.09229561456394651,0.03925119758543955
55.2,-0.05400694520906744,-0.08338079878308362,0.02937385357401618
55.25,-0.07019994453679416,-0.08016420120821591,0.009964256671421742
55.300000000000004,-0.09329163385751413,-0.0838211891889533,-0.009470444668560826
55.35,-0.1178074040246924,-0.09447986676704218,-0.02332753725765023
55.400000000000006,-0.14670298737751833,-0.11221515330810035,-0.03448783406941798
55.45,-0.18509455649899353,-0.13675717211562485,-0.04833738438336868
55.5,-0.2294008381898363,-0.16608483692724035,-0.06331600126259596
55.550000000000004,-0.2650264104222897,-0.195381104790877,-0.06964530563141269
55.6,-0.27689413563538784,-0.21773163838053955,-0.05916249725484829
55.650000000000006,-0.2627874229095714,-0.22649259150227163,-0.03629483140729978
55.7,-0.23522133400318032,-0.2178031321483691,-0.017418201854811216
55.75,-0.2087063045586236,-0.1916202110610387,-0.017086093497584914
55.800000000000004,-0.18464138056279633,-0.15092560373849806,-0.03371577682429827
55.85,-0.14945219970317375,-0.10012797228928053,-0.049324227413893224
55.900000000000006,-0.08876758930633996,-0.04390285302093751,-0.044864736285402454
55.95,-0.004049933639485046,0.013227903360072495,-0.017277836999557542
56.0,0.08507104139900776,0.06722716564894828,0.017843875750059482
56.050000000000004,0.1558200080389439,0.11534381123931742,0.040476196799626496
56.1,0.2006125365253548,0.15697099327583397,0.043641543249520826
56.150000000000006,0.2312130969968656,0.19347757031345597,0.037735526683409626
56.2,0.26489888813878176,0.22649612854351697,0.03840275959526479
56.25,0.30610243271358467,0.2555939159889892,0.0505085167245955
56.300000000000004,0.34100762664767253,0.27718388728258747,0.06382373936508506
56.35,0.34974051437344705,0.2858862895354958,0.06385422483795128
56.400000000000006,0.32403036830819437,0.27768204316487716,0.046348325143317215
56.45,0.27370888258853043,0.25264825646601496,0.02106062612251547
56.5,0.21681545431466517,0.21519781603018026,0.0016176382844849124
56.550000000000004,0.1636417450360929,0.17153018458892674,-0.007888439552833831
56.6,0.10984600262762047,0.12604488551363646,-0.016198882886015994
56.650000000000006,0.044143006984088684,0.07920577547061516,-0.03506276848652648
56.7,-0.037767995931638106,0.028290223869762723,-0.06605821980140084
56.75,-0.12623898854642912,-0.029516671377948615,-0.09672231716848051
56.800000000000004,-0.2032612102599533,-0.09370006997387965,-0.10956114028607365
56.85,-0.25451575411966154,-0.15877932862166053,-0.09573642549800102
56.900000000000006,-0.2771097137899805,-0.2154198430827274,-0.0616898707072531
56.95,-0.2776493769687645,-0.2536940066563159,-0.0239553703124486
57.0,-0.26434614929966055,-0.26681433566878127,0.0024681863691207173
57.050000000000004,-0.24092081754061717,-0.25354381357569467,0.012622996035077494
57.1,-0.20669296399852885,-0.21828530173653155,0.011592337738002695
57.150000000000006,-0.1610590230857187,-0.16910150701442778,0.008042483928709071
57.2,-0.10752994577259006,-0.11493816346352725,0.007408217690937191
57.25,-0.054182452464646834,-0.06352124229257068,0.009338789827923848
57.300000000000004,-0.010803065322346525,-0.02064723365973676,0.009844168337390234
57.35,0.015145869364164986,0.009579359734369705,0.005566509629795281
57.400000000000006,0.021797260809608445,0.0246724167153859,-0.002875155905777454
57.45,0.014123144413183257,0.02454823000258171,-0.010425085589398453
57.5,0.0022749045284172174,0.012681621857881688,-0.01040671732946447
57.550000000000004,-0.0029361182565642617,-0.0037249420511431632,0.0007888237945789015
57.6,0.004581724312571454,-0.01556518528681205,0.020146909599383506
57.650000000000006,0.023459880624243364,-0.015192342400260515,0.03865222302450388
57.7,0.047091648417949085,0.0005115545773937251,0.04658009384055536
57.75,0.06932615011514723,0.029233841365714493,0.04009230874943273
57.800000000000004,0.08889624491335295,0.06490422199930014,0.023992022914052807
57.85,0.10863564218202357,0.10055381158189892,0.008081830600124643
57.900000000000006,0.13022156894347697,0.130367457717875,-0.0001458887743980286
57.95,0.149522525517172,0.1500104531240235,-0.0004879276068515126
58.0,0.1573216528699477,0.15602967278508498,0.001291980084862726
58.050000000000004,0.14529198465944984,0.14587030907384946,-0.0005783244143996169
58.1,0.11223179677407832,0.1191233678971948,-0.0068915711231164745
58.150000000000006,0.06535480627527687,0.07895747798372053,-0.013602671708443662
58.2,0.015914023446774034,0.03199427368538755,-0.016080250238613515
58.25,-0.02683768350486935,-0.014007374316834742,-0.012830309188034607
58.300000000000004,-0.05873242132673732,-0.05330614126521995,-0.005426280061517366
58.35,-0.07968263159903723,-0.08384458602569268,0.0041619544266554565
58.400000000000006,-0.0910998967677705,-0.10621250900882888,0.015112612241058379
58.45,-0.09458151035010995,-0.12102819409239383,0.026446683742283886
58.5,-0.09216555469826035,-0.12728470848653228,0.035119153788271934
58.550000000000004,-0.08640011406466519,-0.1232881878169975,0.036888073752332315
58.6,-0.07917146124210842,-0.1092552254422282,0.03008376420011978
58.650000000000006,-0.07044108541350982,-0.08879369228750762,0.018352606873997798
58.7,-0.05874264371873088,-0.06724891807496379,0.008506274356232912
58.75,-0.043414482506887425,-0.047808684784036076,0.004394202277148651
58.800000000000004,-0.026266321872903883,-0.02874784362766246,0.0024815217547585755
58.85,-0.010565326293296548,-0.00478598941834221,-0.0057793368749543385
58.900000000000006,0.002003282516773488,0.02778906953621201,-0.02578578701943852
58.95,0.01333639317792758,0.06611293963969751,-0.052776546461769935
59.0,0.027532699191445627,0.10028438210278305,-0.07275168291133742
59.050000000000004,0.047089268750450976,0.11862778680970457,-0.0715385180592536
59.1,0.07011683709217248,0.11525281988089606,-0.04513598278872358
59.150000000000006,0.09110861654566521,0.09435405510719215,-0.0032454385615269393
59.2,0.10448798861253583,0.06793634127595523,0.0365516473365806
59.25,0.10785160060942539,0.048561151689734544,0.05929044891969085
59.300000000000004,0.10263055115177994,0.04234215024641448,0.060288400905365455
59.35,0.09253451434588593,0.04691369551821662,0.04562081882766931
59.400000000000006,0.08167360342492656,0.05505261823287613,0.02662098519205043
59.45,0.07345757624098456,0.060492006237645904,0.012965570003338658
59.5,0.0698896390620645,0.06149325639260064,0.008396382669463853
59.550000000000004,0.0708481229660736,0.06031448068736397,0.010533642278709628
59.6,0.07419839132613537,0.06024100344430066,0.013957387881834711
59.650000000000006,0.07781570900273206,0.06326657263803953,0.01454913636469253
59.7,0.08258827542204335,0.06999484316771017,0.012593432254333181
59.75,0.0931870377351543,0.0807439365082359,0.012443101226918399
59.800000000000004,0.11417987523987672,0.09577620383135516,0.01840367140852156
59.85,0.1434435069869556,0.11388677971237725,0.02955672727457835
59.900000000000006,0.1688484550583047,0.13073422877481677,0.03811422628348793
59.95,0.17301996997800576,0.13902690357736436,0.0339930664006414
60.0,0.1443487092772446,0.1312329586903965,0.013115750586848107
60.050000000000004,0.08600483361155624,0.1032524420274853,-0.017247608415929067
60.1,0.015059857749278508,0.056574335522635286,-0.041514477773356775
60.150000000000006,-0.04839551709508794,-0.002380118957032302,-0.046015398138055635
60.2,-0.09369525886341817,-0.06492959971311003,-0.02876565915030814
60.25,-0.12380260257522835,-0.12288462909875943,-0.0009179734764689224
60.300000000000004,-0.1487708522874742,-0.1700453709546636,0.021274518667189407
60.35,-0.17518736185743317,-0.2025551122936677,0.027367750436234545
60.400000000000006,-0.20101096152430564,-0.21900723826180712,0.017996276737501482
60.45,-0.2193036488323832,-0.22075892171329706,0.0014552728809138493
60.5,-0.22600284526754716,-0.2119948598908445,-0.01400798537670267
60.550000000000004,-0.22405201516109513,-0.1988443213572591,-0.02520769380383603
60.6,-0.22083419436507568,-0.18754984895296195,-0.033284345412113725
60.650000000000006,-0.22245899439629896,-0.18251888214476716,-0.039940112251531795
60.7,-0.23034779193580152,-0.185162253429841,-0.04518553850596052
60.75,-0.24176471839324953,-0.19373189822154888,-0.04803282017170066
60.800000000000004,-0.2515622631211685,-0.20374275692081475,-0.04781950620035372
60.85,-0.2524709462773438,-0.2086633103230154,-0.04380763595432838
60.900000000000006,-0.235034819506514,-0.20110425864169207,-0.033930560864821935
60.95,-0.19044298708325097,-0.1748407990223521,-0.015602188060898858
61.0,-0.11661466810330447,-0.12727162565350353,0.010656957550199062
61.050000000000004,-0.02285853786841071,-0.06102686170105879,0.03816832383264808
61.1,0.07249493032991748,0.016500364183732512,0.05599456614618497
61.150000000000006,0.15153509990471173,0.09562498890055461,0.05591011100415712
61.2,0.2062523623524995,0.167275963599141,0.03897639875335851
61.25,0.2399756540491984,0.2245247618403297,0.015450892208868694
61.300000000000004,0.2596582869874337,0.2622911506417772,-0.002632863654343509
61.35,0.2665293975190343,0.27653322395427965,-0.010003826435245333
61.400000000000006,0.2542484603934839,0.2646540335749428,-0.010405573181458905
61.45,0.21634451555434256,0.22745222908808596,-0.011107713533743402
61.5,0.15550595663376435,0.17100418910602355,-0.015498232472259205
61.550000000000004,0.08540147253869075,0.10630682892143022,-0.020905356382739465
61.6,0.023042981551105828,0.04602264720208276,-0.022979665650976932
61.650000000000006,-0.02117168982780806,-4.170051244337926e-06,-0.021167519776563722
61.7,-0.04681731344337931,-0.02771115285269582,-0.019106160590683492
61.75,-0.05835676211954956,-0.038633038876620514,-0.019723723242929043
61.800000000000004,-0.05816120827071587,-0.037261310381663804,-0.02089989788905207
61.85,-0.04525729087690168,-0.028170822455287618,-0.017086468421614064
61.900000000000006,-0.020419616963262482,-0.01473718101498185,-0.005682435948280632
61.95,0.009128371882771685,0.0004358716943759319,0.008692500188395753
62.0,0.031914187219755606,0.014633499925837125,0.017280687293918483
62.050000000000004,0.04025863985121855,0.0249197408609953,0.015338898990223254
62.1,0.03630140053991308,0.028948564004796704,0.007352836535116373
62.150000000000006,0.029481785558078417,0.025899163240699977,0.00358262231737844
62.2,0.02726787078519721,0.01672109315392193,0.010546777631275279
62.25,0.027771893260048166,0.0035504635911130307,0.024221429668935136
62.300000000000004,0.021265220568656432,-0.011257324919955444,0.03252254548861187
62.35,-0.0008543651648539653,-0.025977054245656755,0.025122689080802788
62.400000000000006,-0.03795831977726199,-0.039987548403291884,0.0020292286260298956
62.45,-0.07998999649419641,-0.053739892597570324,-0.02625010389662609
62.5,-0.11455376241953429,-0.06808612671311638,-0.046467635706417904
62.550000000000004,-0.1343973332153539,-0.08303719510689586,-0.05136013810845805
62.6,-0.13921484531887246,-0.09653847801878537,-0.04267636730008709
62.650000000000006,-0.13185629265614848,-0.10423076556248184,-0.02762552709366664
62.7,-0.11389128655490396,-0.10079960601178682,-0.013091680543117143
62.75,-0.08470500266653583,-0.08242566013665428,-0.002279342529881545
62.800000000000004,-0.043829890991151504,-0.048880850777514785,0.005050959786363281
62.85,0.0067320307708103105,-0.003913738256737055,0.010645769027547367
62.900000000000006,0.062299139817908626,0.04621635079506816,0.016082789022840466
62.95,0.11662403531189795,0.09488247628823554,0.021741559023662413
63.0,0.16267965488352232,0.13648752963416474,0.026192125249357573
63.050000000000004,0.19319788392427212,0.16667214893526539,0.026525734989006733
63.1,0.20240834030509938,0.18207874375645053,0.020329596548648854
63.150000000000006,0.18904682831165176,0.18063762129117208,0.008409207020479675
63.2,0.15809299589716316,0.16244973491611703,-0.004356739018953865
63.25,0.11858293755947895,0.13036410029848994,-0.011781162739010989
63.300000000000004,0.07836329335457266,0.08939181680625521,-0.011028523451682551
63.35,0.040306349699293656,0.0451615136165645,-0.004855163917270845
63.400000000000006,0.003763791799771217,0.002572263703389343,0.0011915280963818741
63.45,-0.030170635018671316,-0.03442637738665336,0.0042557423679820475
63.5,-0.055442104294700936,-0.062233778916352726,0.00679167462165179
63.550000000000004,-0.0641649430456756,-0.07743952946013272,0.013274586414457112
63.6,-0.05380425785581111,-0.07795897856578632,0.024154720709975208
63.650000000000006,-0.031192845424624988,-0.06484127569175403,0.03364843026712905
63.7,-0.008567081927741811,-0.04305755847944265,0.03449047655170084
63.75,0.0053429473052303365,-0.02008563175810694,0.02542857906333728
63.800000000000004,0.010816182334504073,-0.002852837203122011,0.013669019537626084
63.85,0.01396137098415382,0.00500434837090853,0.00895702261324529
63.900000000000006,0.01828642368402164,0.00385072822194043,0.014435695462081212
63.95,0.019857903943281647,-0.0033495762937064406,0.023207480236988088
64.0,0.011203906184728213,-0.013139016615292877,0.02434292280002109
64.05,-0.010029047748796907,-0.022890790132692324,0.012861742383895416
64.10000000000001,-0.03673824249220126,-0.03101538251387774,-0.005722859978323523
64.15,-0.05705239599962134,-0.03675542544217409,-0.020296970557447253
64.2,-0.06348126195719887,-0.04018495121774906,-0.023296310739449815
64.25,-0.05754633176803128,-0.04214936616620179,-0.015396965601829488
64.3,-0.04591467410515315,-0.04346663277153564,-0.0024480413336175136
64.35000000000001,-0.03295640238181646,-0.043462010166357215,0.010505607784540752
64.4,-0.017815350975655647,-0.03909688568831477,0.021281534712659124
64.45,0.0016975861828189632,-0.026106397525514493,0.027803983708333455
64.5,0.02407974923177929,-0.0020858442692549164,0.026165593501034208
64.55,0.04469063280238346,0.030514998808440587,0.014175633993942872
64.60000000000001,0.06137521379642889,0.06408908205793369,-0.002713868261504798
64.65,0.07761034884204836,0.08913827218388895,-0.011527923341840593
64.7,0.09755704447998853,0.09919899755195785,-0.001641953071969321
64.75,0.11709958436541872,0.09401453957013559,0.02308504479528313
64.8,0.12164443638687886,0.07871390141705514,0.042930534969823714
64.85000000000001,0.09634778194742524,0.059737699877680316,0.03661008206974493
64.9,0.04126479131612574,0.04062339205771566,0.0006413992584100789
64.95,-0.023658258808584874,0.02064669232268688,-0.04430495113127175
65.0,-0.07127586539686011,-0.003059321810714763,-0.06821654358614535
65.05,-0.08822915660979982,-0.031897034359515845,-0.05633212225028398
65.10000000000001,-0.08519440193178889,-0.06352769283311663,-0.021666709098672257
65.15,-0.0858975211134729,-0.09240553038261942,0.00650800926914652
65.2,-0.10419776383938799,-0.1124322178817716,0.008234454042383613
65.25,-0.1305554724549284,-0.11976889379625356,-0.010786578658674842
65.3,-0.14095304228638147,-0.11417388622094017,-0.026779156065441304
65.35000000000001,-0.12004810932255877,-0.09852945956291133,-0.021518649759647443
65.4,-0.07653850238679107,-0.07732174415262182,0.00078324176583075
65.45,-0.03611074687264349,-0.055090480580646715,0.018979733708003224
65.5,-0.018915855925918223,-0.035444629438842884,0.01652877351292466
65.55,-0.023196160143382206,-0.02070725295334229,-0.0024889071900399164
65.60000000000001,-0.03018910993801653,-0.0119694431174978,-0.018219666820518732
65.65,-0.02443913905821158,-0.00929389563573565,-0.01514524342247593
65.7,-0.0090239062656424,-0.01187801058515931,0.002854104319516909
65.75,-0.0011098693542676437,-0.01811663800924798,0.01700676865498034
65.8,-0.013229453049570043,-0.025689534490935088,0.012460081441365045
65.85000000000001,-0.03954098555335992,-0.03192225479905582,-0.0076187307543041025
65.9,-0.06064093687655318,-0.034547652972259084,-0.026093283904294093
65.95,-0.06166632867871993,-0.03261983338290716,-0.02904649529581277
66.0,-0.04561747368630153,-0.027001531894381925,-0.018615941791919603
66.05,-0.02935989700826307,-0.019941198906493672,-0.009418698101769398
66.10000000000001,-0.02717034708756608,-0.013832750891670752,-0.013337596195895328
66.15,-0.03816608164290896,-0.009886039994246539,-0.02828004164866242
66.2,-0.048739795070805114,-0.007564494069867431,-0.041175301000937685
66.25,-0.045762728894310656,-0.0051019802898623415,-0.040660748604448314
66.3,-0.02685442724756725,-0.0006288658740110956,-0.026225561373556156
66.35000000000001,0.0009011729294173618,0.006921798729074967,-0.006020625799657605
66.4,0.02965650226179913,0.01761855763017275,0.012037944631626378
66.45,0.05631466878428052,0.030862253876722923,0.025452414907557598
66.5,0.07998934911539074,0.04568451928049485,0.03430482983489589
66.55,0.09677701632158206,0.060679379504754515,0.036097636816827545
66.60000000000001,0.09999395531789387,0.0737594618918344,0.026234493426059477
66.65,0.08661216253802237,0.0822011826312418,0.004410979906780563
66.7,0.062145967113820255,0.08321500001400486,-0.02106903290018461
66.75,0.037041657472193,0.07482409343846014,-0.03778243596626714
66.8,0.017294800275376977,0.05662659614905726,-0.039331795873680284
66.85000000000001,-0.0004244667917063734,0.03020590718816159,-0.030630373979867963
66.9,-0.022709569838730483,-0.0007607190206965872,-0.021948850818033896
66.95,-0.04799482083196135,-0.030647371014033035,-0.017347449817928313
67.0,-0.0625358591610698,-0.05251599976505977,-0.010019859396010022
67.05,-0.0501851642581791,-0.05961404888263308,0.00942888462445398
67.10000000000001,-0.008004826043466605,-0.047684640992276914,0.03967981494881031
67.15,0.04771732497887806,-0.017226049084309393,0.06494337406318745
67.2,0.09242697789805412,0.025675193632386285,0.06675178426566784
67.25,0.11223330342500136,0.07087848606416534,0.041354817360836016
67.3,0.11343672438495074,0.10772049800206462,0.0057162263828861165
67.35000000000001,0.11379517513733467,0.1288519540620199,-0.015056778924685238
67.4,0.12405912403713899,0.13237348795612874,-0.00831436391898975
67.45,0.1374661818065114,0.12127980616766275,0.016186375638848657
67.5,0.13680921837665552,0.10088293846730872,0.0359262799093468
67.55,0.11152795725494236,0.07600911880617044,0.03551883844877192
67.60000000000001,0.0680206503189341,0.04958716622934693,0.01843348408958717
67.65,0.02376849699523987,0.02300422106150848,0.0007642759337313891
67.7,-0.008062498486095214,-0.0026944654060275497,-0.005368033080067664
67.75,-0.02828352627129726,-0.026077483522768844,-0.0022060427485284147
67.8,-0.04716238203753005,-0.045688793962352814,-0.0014735880751772373
67.85000000000001,-0.07173306004523249,-0.06100566220590564,-0.010727397839326844
67.9,-0.09823749781744788,-0.07291963692672908,-0.025317860890718802
67.95,-0.11649714888979588,-0.08306665472506691,-0.03343049416472897
68.0,-0.12038571839665599,-0.0923418665409753,-0.028043851855680688
68.05,-0.11305773829402051,-0.09970492354462807,-0.013352814749392442
68.10000000000001,-0.10215399899676396,-0.10227910951372936,0.00012511051696539877
68.15,-0.09109350503810351,-0.09684705937113684,0.005753554333033331
68.2,-0.0761634228766767,-0.08184284244693842,0.005679419570261718
68.25,-0.05223372668849911,-0.058587181443663844,0.006353454755164731
68.3,-0.02049679772059667,-0.031038100845098105,0.010541303124501435
68.35000000000001,0.010277999938826846,-0.0042970253058310206,0.014575025244657865
68.4,0.03035128484351209,0.017198834265481622,0.013152450578030467
68.45,0.03670554461587874,0.030884555709767624,0.005820988906111112
68.5,0.03438911261065885,0.03634003004699794,-0.0019509174363390933
68.55,0.03097928101813093,0.034894907798470605,-0.003915626780339673
68.60000000000001,0.03029366720568995,0.02902686395877358,0.0012668032469163697
68.65,0.031119559948303063,0.02178955125508712,0.009330008693215944
68.7,0.030660118552652098,0.016213750660217432,0.014446367892434666
68.75,0.027827003291448354,0.014592727632882966,0.013234275658565388
68.8,0.023124652280043928,0.017792220058536534,0.005332432221507394
68.85000000000001,0.016857343052992288,0.024929025512531313,-0.008071682459539025
68.9,0.009288327597133435,0.03367810091632509,-0.024389773319191652
68.95,0.002962018045800568,0.04112823048053665,-0.03816621243473608
69.0,0.0032973968348365083,0.04479674131449116,-0.04149934447965466
69.05,0.014579939532637861,0.04338506679580644,-0.02880512726316858
69.10000000000001,0.034248878192958604,0.03708578672682966,-0.0028369085338710576
69.15,0.05213289394122351,0.02749045364580986,0.02464244029541365
69.2,0.057549803127197964,0.017197280762519147,0.04035252236467882
69.25,0.04877190306611738,0.009132102999965225,0.039639800066152156
69.3,0.035305887871561595,0.005599167594835767,0.02970672027672583
69.35000000000001,0.0293002510992747,0.007286927640913611,0.022013323458361087
69.4,0.033332401665375794,0.012704304849714661,0.020628096815661134
69.45,0.03665566232695011,0.018505317542913104,0.018150344784037008
69.5,0.024747358222526543,0.020744947198736922,0.0040024110237896204
69.55,-0.006023808509453516,0.016533958391609604,-0.02255776690106312
69.60000000000001,-0.042657530531589334,0.005265378508578392,-0.04792290904016773
69.65,-0.06495177909928355,-0.011171302256774117,-0.05378047684250944
69.7,-0.061958703032264986,-0.029161254194917177,-0.03279744883734781
69.75,-0.040413719181929195,-0.044581018977769345,0.00416729979584015
69.8,-0.017625434357607946,-0.05386505619914925,0.0362396218415413
69.85000000000001,-0.005994288964566863,-0.054677166297800735,0.04868287733323387
69.9,-0.0037840399698920316,-0.046314339295116864,0.042530299325224834
69.95,2.368213974530606e-05,-0.03001682110033437,0.030040503240079675
70.0,0.01281296957975259,-0.009087534585710834,0.021900504165463422
70.05,0.030443308781902784,0.011522022200102844,0.01892128658179994
70.10000000000001,0.04132987603022984,0.02638749935673985,0.01494237667348999
70.15,0.03715324829082793,0.03130250438626594,0.005850743904561993
70.2,0.019125699595930367,0.02476395017716978,-0.005638250581239412
70.25,-0.0053319434673522485,0.008474420592823965,-0.013806364060176213
70.3,-0.030275271834748728,-0.013442299440655562,-0.016832972394093166
70.35000000000001,-0.05445407068801591,-0.036107882273949114,-0.018346188414066794
70.4,-0.07756977539170531,-0.055569867176646484,-0.02199990821505883
70.45,-0.0955677626463866,-0.06970947287875459,-0.025858289767632006
70.5,-0.10188137535629782,-0.07813124484787644,-0.023750130508421383
70.55,-0.09405551115849752,-0.08140006145625452,-0.012655449702242999
70.60000000000001,-0.07807197875501742,-0.08027555871987564,0.0022035799648582183
70.65,-0.06442509620366724,-0.07541588886501188,0.010990792661344645
70.7,-0.059030151721823694,-0.06756908137937455,0.008538929657550855
70.75,-0.058352468708923244,-0.05788937066333348,-0.0004630980455897632
70.8,-0.0542669541570199,-0.047964014049963775,-0.006302940107056128
70.85000000000001,-0.04378751940066346,-0.039411698217340696,-0.004375821183322762
70.9,-0.03316540854135504,-0.03328111090830844,0.00011570236695340047
70.95,-0.031512770069099215,-0.029653096915650417,-0.001859673153448798
71.0,-0.040427757023998305,-0.027708315432417408,-0.012719441591580897
71.05,-0.050885255699553045,-0.026186488219988417,-0.024698767479564628
71.10000000000001,-0.05130689935138312,-0.023900220445510385,-0.027406678905872735
71.15,-0.038705365501911934,-0.01997789186842145,-0.018727473633490484
71.2,-0.02106826004452014,-0.01377527943246635,-0.007292980612053789
71.25,-0.008196106105986862,-0.004690301603394116,-0.0035058045025927456
71.3,-0.0007361265730681698,0.007804767492680059,-0.008540894065748228
71.35000000000001,0.010420146000414942,0.023800407932471013,-0.01338026193205607
71.4,0.03309264893030703,0.04246168148392053,-0.009369032553613502
71.45,0.0628238818664172,0.061797497982418494,0.0010263838839987063
71.5,0.0845593638225053,0.07895983340178972,0.005599530420715579
71.55,0.0866174650775268,0.09102424389946821,-0.004406778821941418
71.60000000000001,0.0729112127135143,0.09590156782412478,-0.02299035511061047
71.65,0.05993594771803502,0.09295351600837648,-0.03301756829034146
71.7,0.060304885985575526,0.08306717717645877,-0.022762291190883244
71.75,0.0692655486005803,0.06824636380343582,0.0010191847971444817
71.8,0.06890062081897731,0.05100321102323694,0.017897409795740372
71.85000000000001,0.047195806252894726,0.03385858408979013,0.013337222163104595
71.9,0.01318898916435708,0.019099116472372658,-0.005910127308015578
71.95,-0.008148794314301513,0.008714759834691783,-0.016863554148993296
72.0,0.0018986550900053027,0.004302813743739199,-0.002404158653733896
72.05,0.03733435323560271,0.006764573862331558,0.030569779373271155
72.10000000000001,0.07112614342662242,0.01582177736790657,0.05530436605871585
72.15,0.07853377726477702,0.029615818865059467,0.04891795839971755
72.2,0.05841891062491114,0.044751782825433954,0.013667127799477187
72.25,0.032484104322916346,0.05700330841387416,-0.024519204090957814
72.3,0.02354032168282417,0.06254925039084189,-0.03900892870801771
72.35000000000001,0.033966426153721606,0.05926746246874904,-0.025301036315027434
72.4,0.044873924286691964,0.04749664538027485,-0.002622721093582886
72.45,0.035980096253665814,0.029894983121915655,0.006085113131750159
72.5,0.006189246336243618,0.01045975646215433,-0.0042705101259107115
72.55,-0.025103480589781183,-0.006833731754020199,-0.018269748835760984
72.60000000000001,-0.036534240496530285,-0.01918767289505792,-0.017346567601472365
72.65,-0.024454086200866292,-0.025525955848889365,0.0010718696480230723
72.7,-0.00488278556493352,-0.026362343607042517,0.021479558042108996
72.75,0.0030205202319753045,-0.023217256902189332,0.026237777134164638
72.8,-0.005122572048143882,-0.017915015632668774,0.012792443584524893
72.85000000000001,-0.016783805288300566,-0.012026114708684829,-0.0047576905796157375
72.9,-0.016715965927260126,-0.006572181523851427,-0.010143784403408698
72.95,-0.002077408885888983,-0.001979235116066901,-9.817376982208196e-05
73.0,0.016335616278475018,0.0018062351153693048,0.014529381163105714
73.05,0.026367474451658896,0.005131693186930186,0.02123578126472871
73.10000000000001,0.026444460656972656,0.008441823482715877,0.018002637174256778
73.15,0.025113928183912733,0.012085480958327621,0.013028447225585112
73.2,0.030128789032923122,0.016128824162138747,0.013999964870784375
73.25,0.039809886589859664,0.02021335127997057,0.019596535309889095
73.3,0.045857839171848686,0.02354788282746161,0.022309956344387077
73.35000000000001,0.04355879862821374,0.025115317622983174,0.018443481005230567
73.4,0.03724453715671198,0.024066408902367213,0.013178128254344765
73.45,0.03462839627200212,0.02011878630136605,0.014509609970636071
73.5,0.036584228617497494,0.013712658806642021,0.022871569810855474
73.55,0.03452788233533297,0.005791336043704094,0.02873654629162888
73.60000000000001,0.019351100632516917,-0.0026772639342221185,0.022028364566739036
73.65,-0.007346502957514602,-0.01113047950905271,0.0037839765515381082
73.7,-0.03253096081180226,-0.019519384335599372,-0.01301157647620289
73.75,-0.04368038352416497,-0.028071674936342057,-0.015608708587822914
73.8,-0.04166425824903018,-0.03694189929858228,-0.004722358950447904
73.85000000000001,-0.04069992795047259,-0.04602614056176365,0.005326212611291056
73.9,-0.05426130631982579,-0.05501967984049296,0.0007583735206671688
73.95,-0.08063089489587137,-0.06355363616680473,-0.01707725872906664
74.0,-0.10307556931416369,-0.07120222403955792,-0.031873345274605766
74.05,-0.1053590228850944,-0.07735161991817671,-0.028007402966917685
74.10000000000001,-0.08765185327674889,-0.08115548696667566,-0.006496366310073234
74.15,-0.06694914854065945,-0.08180355278075994,0.014854404240100497
74.2,-0.061224450382085994,-0.07904555992909806,0.01782110954701207
74.25,-0.0726876216080934,-0.07358749403651323,0.0008998724284198234
74.3,-0.08640126949709617,-0.06694283201199583,-0.019458437485100344
74.35000000000001,-0.085244039569562,-0.06068025631312437,-0.024563783256437634
74.4,-0.06618761742644533,-0.05550193039286108,-0.010685687033584246
74.45,-0.042081581102511104,-0.050794023022569613,0.00871244192005851
74.5,-0.028025865306795728,-0.04500162152651216,0.01697575621971643
74.55,-0.026620663510653987,-0.03659397355007034,0.009973310039416351
74.60000000000001,-0.02669752293251609,-0.024965588224612312,-0.0017319347079037782
74.65,-0.015856437697104993,-0.010701990740282405,-0.005154446956822588
74.7,0.00669218970572979,0.004849448602069524,0.0018427411036602663
74.75,0.029881509288668,0.020249859803891015,0.009631649484776985
74.8,0.04236167149425274,0.03432864836852236,0.008033023125730378
74.85000000000001,0.04308360813441971,0.04605508255651011,-0.002971474422090406
74.9,0.040076349172905285,0.054244960920149965,-0.01416861174724468
74.95,0.039851031687756326,0.057605182769270395,-0.01775415108151407
75.0,0.03984658890183766,0.05531075961809151,-0.015464170716253847
75.05,0.03243955282763837,0.047772264747952674,-0.015332711920314303
75.10000000000001,0.015800951745308982,0.03695655700521542,-0.021155605259906438
75.15,-0.0011034407929269188,0.025853394532793617,-0.026956835325720536
75.2,-0.005934763385337118,0.017286057583388286,-0.023220820968725405
75.25,0.004392089683717676,0.012772990171611922,-0.008380900487894246
75.3,0.019536433516535792,0.01214502690599142,0.007391406610544372
75.35000000000001,0.02538669139244964,0.014094167136492693,0.011292524255956948
75.4,0.018270669618535747,0.017181029140733425,0.0010896404778023214
75.45,0.008991025291812034,0.0205618111726897,-0.011570785880877664
75.5,0.011923107485808533,0.02400394266357703,-0.012080835177768498
75.55,0.029829605976631653,0.02736966410271484,0.002459941873916814
75.60000000000001,0.04987728676605924,0.03015079359472893,0.019726493171330305
75.65,0.05526303725990626,0.031518567696532246,0.02374446956337401
75.7,0.04105055774996875,0.030843651862982595,0.010206905886986153
75.75,0.018526446779217946,0.028201973498313448,-0.009675526719095502
75.8,0.004042601381258365,0.024391714265818033,-0.020349112884559668
75.85000000000001,0.003890907016951313,0.02041905539347828,-0.016528148376526965
75.9,0.010250424993829254,0.016868726659738823,-0.006618301665909569
75.95,0.011317220442944047,0.013656781034596433,-0.002339560591652386
76.0,0.004079717599324395,0.01031543793917384,-0.006235720339849445
76.05,-0.003836277997308716,0.006513201484405839,-0.010349479481714555
76.10000000000001,-0.004437678605106453,0.002363428214962182,-0.006801106820068636
76.15,0.00037914555211821796,-0.001678272278427821,0.002057417830546039
76.2,0.0005460305985281774,-0.005147583250825729,0.005693613849353907
76.25,-0.010027945916666363,-0.007800446646305001,-0.0022274992703613617
76.3,-0.024573435031073423,-0.009579644691811372,-0.01499379033926205
76.35000000000001,-0.028773579459526886,-0.010451557813920112,-0.018322021645606774
76.4,-0.015863459996085096,-0.010343716239701248,-0.0055197437563838485
76.45,0.004501868089338615,-0.00924171400988103,0.013743582099219644
76.5,0.014386641390748757,-0.007275970873917518,0.021662612264666273
76.55,0.0058726533219708565,-0.004612447097246702,0.010485100419217559
76.60000000000001,-0.009136837158437624,-0.001190038761418985,-0.00794679839701864
76.65,-0.009070032894840626,0.0034192950270095167,-0.012489327921850143
76.7,0.015738796100767814,0.009779105702755244,0.005959690398012569
76.75,0.051276572491837424,0.018037841277901506,0.03323873121393592
76.80000000000001,0.07077764228482274,0.027421758750598414,0.04335588353422432
76.85000000000001,0.05918590241428845,0.03616962425502558,0.023016278159262868
76.9,0.02791704311136364,0.042031670983349145,-0.014114627871985506
76.95,0.0051301527224427166,0.04309991038931783,-0.03796975766687512
77.0,0.010047201307737959,0.038568086418820195,-0.028520885111082236
77.05000000000001,0.03538978312837509,0.029103382320048,0.00628640080832709
77.10000000000001,0.054407963517123,0.016709479417095743,0.037698484100027255
77.15,0.045579054850682955,0.004121202916098631,0.041457851934584324
77.2,0.011612580869413677,-0.006115963444228423,0.0177285443136421
77.25,-0.02440255985639536,-0.012593660247001058,-0.011808899609394304
77.30000000000001,-0.0406823054201291,-0.015598798686608642,-0.025083506733520458
77.35000000000001,-0.0349823777335658,-0.016909973880524495,-0.018072403853041305
77.4,-0.02304959647592311,-0.018804659557113555,-0.004244936918809554
77.45,-0.021038895090975177,-0.022754168431651182,0.0017152733406760046
77.5,-0.03042235070394971,-0.02856754125347526,-0.0018548094504744483
77.55000000000001,-0.03943521523193439,-0.03451146990756243,-0.00492374532437196
77.60000000000001,-0.037333103484924066,-0.038291059050964124,0.0009579555660400585
77.65,-0.025423749589083222,-0.03821488213739343,0.012791132548310206
77.7,-0.013915877850879077,-0.033841065239498654,0.019925187388619578
77.75,-0.00953678733616639,-0.025901702585660245,0.016364915249493857
77.80000000000001,-0.00833354203652492,-0.015855794920811943,0.007522252884287024
77.85000000000001,-0.0015092310010513465,-0.0055324995377618764,0.00402326853671053
77.9,0.012690459986915606,0.0030381142881758098,0.009652345698739797
77.95,0.024854899175022437,0.007901598486855895,0.016953300688166542
78.0,0.023374799338839677,0.007811793950280894,0.015563005388558784
78.05000000000001,0.00728035359864288,0.002997222188183705,0.004283131410459174
78.10000000000001,-0.011077639419842146,-0.004557202950687733,-0.0065204364691544125
78.15,-0.0172042524859986,-0.011768639222138898,-0.0054356132638597
78.2,-0.008490907168441891,-0.015839130573199835,0.007348223404757943
78.25,0.0033794084423538753,-0.015545371594166543,0.018924780036520417
78.30000000000001,0.0044250197290491185,-0.011645525281655028,0.016070545010704144
78.35000000000001,-0.007364469238071474,-0.006261176576637605,-0.0011032926614338691
78.4,-0.020166041521096655,-0.0017869531127060782,-0.018379088408390577
78.45,-0.020932742835152326,-3.8980703096092784e-05,-0.020893762132056234
78.5,-0.009613702353637187,-0.001937142475241401,-0.007676559878395786
78.55000000000001,-0.0002644747019120287,-0.007521320383276377,0.007256845681364348
78.60000000000001,-0.007543020055720305,-0.01601540802371596,0.008472387967995657
78.65,-0.03194225376316703,-0.02594964073629583,-0.005992613026871204
78.7,-0.05850215657309821,-0.035563243496411524,-0.022938913076686683
78.75,-0.0703084895351006,-0.04348592081536274,-0.026822568719737865
78.80000000000001,-0.06346685015522543,-0.04924647786889895,-0.014220372286326485
78.85000000000001,-0.04909575904419687,-0.05305773195732452,0.003961972913127651
78.9,-0.041066433642269536,-0.054873854159187704,0.013807420516918169
78.95,-0.04221099501949261,-0.05349814532223033,0.01128715030273772
79.0,-0.04258009038557536,-0.04673256393410185,0.004152473548526492
79.05000000000001,-0.030701851255815753,-0.032816747310225505,0.0021148960544097525
79.10000000000001,-0.0058322511480181785,-0.012227436367620137,0.006395185219601958
79.15,0.021134307394294286,0.011643751881432289,0.009490555512861997
79.2,0.0383608138829007,0.03372508497588203,0.004635728907018667
79.25,0.043908050606064175,0.04973475882881675,-0.005826708222752573
79.30000000000001,0.04572291161916415,0.058182793195542405,-0.012459881576378257
79.35000000000001,0.05145417266260271,0.060520578756988415,-0.009066406094385707
79.4,0.059303221053620264,0.05948026921011101,-0.00017704815649074307
79.45,0.05972161109742896,0.056991058218063384,0.0027305528793655776
79.5,0.04618628906449103,0.053228486242384916,-0.007042197177893887
79.55000000000001,0.023648807607349085,0.04728948322632008,-0.023640675618970996
79.60000000000001,0.005476705213184047,0.03866427481484291,-0.03318756960165886
79.65,0.001441724626943017,0.02819367701739339,-0.026751952390450372
79.7,0.008574160442517497,0.01783049475135357,-0.009256334308836071
79.75,0.014120738683981957,0.009578566918198573,0.004542171765783384
79.80000000000001,0.007999663159167308,0.004529233987281474,0.0034704291718858343
79.85000000000001,-0.007204631017827167,0.002613718306121375,-0.009818349323948542
79.9,-0.018375605605066157,0.0029886801562600397,-0.021364285761326197
79.95,-0.014201578664817693,0.0045624440495989375,-0.018764022714416632
80.0,0.0038711153272750543,0.00631398974591771,-0.002442874418642656
