x,yobs,ycalc,ydiff
0.05,-3.4876802579795463e-11,-0.04094006928862428,0.04094006925374748
0.1,-2.317193699076202e-10,-0.05847425590372383,0.058474255672004455
0.15000000000000002,-1.1451165339370175e-08,-0.05396316941665864,0.0539631579654933
0.2,-1.3941095800191685e-07,-0.052169650984368286,0.052169511573410286
0.25,-3.242233234622604e-07,-0.07516400524585704,0.07516368102253357
0.30000000000000004,3.993590623198197e-06,-0.11884570199037524,0.11884969558099844
0.35000000000000003,3.656543467100978e-05,-0.15695321615421812,0.15698978158888913
0.4,0.00014964709532092662,-0.16870657445130757,0.1688562215466285
0.45,0.00035103688807406745,-0.16113667532082937,0.16148771220890343
0.5,0.0003566998732232255,-0.1622091192661574,0.16256581913938062
0.55,-0.0007103363544113571,-0.19134341554474016,0.1906330791903288
0.6000000000000001,-0.00411074865428835,-0.23821850095465116,0.23410775230036282
0.65,-0.010050010125440913,-0.2728896264089728,0.26283961628353186
0.7000000000000001,-0.015220551393491499,-0.27750733699789887,0.2622867856044074
0.75,-0.011520334956156392,-0.2662868981286204,0.254766563172464
0.8,0.010643178426963927,-0.27150848225716706,0.282151660684131
0.8500000000000001,0.05329290989543374,-0.30898869724063066,0.3622816071360644
0.9,0.10097247036123858,-0.35960409757714246,0.46057656793838103
0.9500000000000001,0.12033587398142881,-0.38828540955907315,0.508621283540502
1.0,0.07712915590918873,-0.3822368759137086,0.4593660318228973
1.05,-0.03474569751054488,-0.3673002949316143,0.3325545974210694
1.1,-0.17337694325864264,-0.3818847320842733,0.20850778882563067
1.1500000000000001,-0.26230727039261037,-0.4334763454591584,0.17116907506654805
1.2000000000000002,-0.2408671998651391,-0.485785655041798,0.2449184551766589
1.25,-0.12074441858372816,-0.4964566755054092,0.37571225692168103
1.3,0.0010939888304439104,-0.46969145400981793,0.47078544284026186
1.35,0.0018078091046783294,-0.46258614012999794,0.46439394923467625
1.4000000000000001,-0.1636018570717737,-0.5226509188537058,0.3590490617819322
1.4500000000000002,-0.3928343307631308,-0.6076694679648195,0.21483513720168868
1.5,-0.4742894418313275,-0.5755083343110985,0.101218892479771
1.55,-0.23224394333854823,-0.28344451841516327,0.051200575076615046
1.6,0.31495888448633375,0.26555878037582636,0.04940010411050738
1.6500000000000001,0.91330203932051,0.8577681731565566,0.055533866163953394
1.7000000000000002,1.2096998033786168,1.1703234700199763,0.03937633335864055
1.75,0.9940783864855316,0.9936432763663018,0.000435110119229809
1.8,0.37544364926709084,0.4132595753000897,-0.03781592603299888
1.85,-0.2539141718488756,-0.2042179873098218,-0.049696184539053806
1.9000000000000001,-0.46529050964650176,-0.438122650944343,-0.027167858702158765
1.9500000000000002,-0.08802189644828537,-0.10308575233888093,0.015063855890595557
2.0,0.6613565796251191,0.6108855848151383,0.05047099480998074
2.0500000000000003,1.3161554761948877,1.257000440597593,0.059155035597294736
2.1,1.4694000471710178,1.427612865824763,0.0417871813462547
2.15,1.0352399287096103,1.0151247943925374,0.020115134317072902
2.2,0.2792752501538547,0.2561481995473106,0.023127050606544075
2.25,-0.3898459111136276,-0.45698228767016585,0.06713637655653826
2.3000000000000003,-0.7011340846346981,-0.8441072118513993,0.1429731272167012
2.35,-0.6681915383304924,-0.8880236890532831,0.21983215072279072
2.4000000000000004,-0.5144013158371229,-0.7785995207216306,0.26419820488450774
2.45,-0.46276987247285406,-0.7238789163473099,0.2611090438744559
2.5,-0.5679726160604103,-0.7906626714766857,0.2226900554162754
2.5500000000000003,-0.7122943602289381,-0.8902957009743643,0.17800134074542617
2.6,-0.7423765929368875,-0.8944358824098011,0.15205928947291358
2.6500000000000004,-0.6142915874609732,-0.7638361840099589,0.14954459654898566
2.7,-0.42507056923147973,-0.5794007940667711,0.1543302248352914
2.75,-0.31842189484877903,-0.462014546625336,0.14359265177655695
2.8000000000000003,-0.36024398760325244,-0.4652506964105932,0.10500670880734075
2.85,-0.4952179353387788,-0.5400264310758569,0.044808495737078124
2.9000000000000004,-0.614091624081115,-0.5966177676390001,-0.017473856442114855
2.95,-0.6605746668149878,-0.5983560168904998,-0.062218649924488
3.0,-0.6765184769653022,-0.5954068992096988,-0.0811115777556034
3.0500000000000003,-0.7470372261020013,-0.6673476997313458,-0.07968952637065552
3.1,-0.9027245760590562,-0.8322478376184167,-0.07047673844063951
3.1500000000000004,-1.0761588372039106,-1.0141107428983231,-0.06204809430558744
3.2,-1.1579045894844195,-1.1062524966970515,-0.05165209278736804
3.25,-1.1006107664549383,-1.0737734766732647,-0.026837289781673546
3.3000000000000003,-0.9681382746903211,-0.9923775344636615,0.024239259773340405
3.35,-0.8715252134195219,-0.9721096976673911,0.10058448424786914
3.4000000000000004,-0.8399551683456726,-1.0236513783926104,0.1836962100469378
3.45,-0.747909282799216,-0.9936125473230589,0.24570326452384295
3.5,-0.3868969654668917,-0.6529905072956913,0.26609354182879963
3.5500000000000003,0.35096160726058934,0.10593560947764515,0.2450259977829442
3.6,1.320193336394112,1.117762560220447,0.202430776173665
3.6500000000000004,2.141616084993602,1.97879262624728,0.16282345874632198
3.7,2.4116650860702458,2.2739625116125843,0.13770257445766143
3.75,1.9652272476021035,1.84535391323197,0.11987333437013348
3.8000000000000003,0.9996736842657198,0.905723219658142,0.09395046460757783
3.85,-0.03803254322845219,-0.09109489059199097,0.05306234736353878
3.9000000000000004,-0.7242166160862548,-0.7305742612216424,0.006357645135387613
3.95,-0.8967827232734099,-0.8674310319484573,-0.029351691324952633
4.0,-0.6974723591538109,-0.6519947156349869,-0.045477643518823996
4.05,-0.4111384891029613,-0.3615338206199848,-0.04960466848297651
4.1000000000000005,-0.24414344089819554,-0.1864614847722169,-0.05768195612597862
4.15,-0.2106460778138179,-0.13277161745878346,-0.07787446035503442
4.2,-0.18902113600568754,-0.08735192917209754,-0.10166920683359
4.25,-0.06945316424005053,0.04156323647522732,-0.11101640071527785
4.3,0.14408761830000563,0.23907868557942188,-0.09499106727941625
4.3500000000000005,0.35203912984508523,0.41243971952657194,-0.060400589681486705
4.4,0.4581714830987026,0.4847359915683276,-0.026564508469624992
4.45,0.4481535760870052,0.4575661282954733,-0.009412552208468095
4.5,0.3828409189023433,0.3925592211417524,-0.009718302239409116
4.55,0.3287797355592138,0.344494506935635,-0.015714771376421188
4.6000000000000005,0.30096095481863405,0.3173481000526518,-0.01638714523401774
4.65,0.26778535830405426,0.2798024474768928,-0.012017089172838558
4.7,0.20040062673181971,0.21248044114610182,-0.012079814414282103
4.75,0.10863352288853755,0.13201551323128408,-0.02338199034274653
4.800000000000001,0.028574426819461592,0.06934374981039422,-0.040769322990932624
4.8500000000000005,-0.018175359444699408,0.03180701258474478,-0.049982372029444194
4.9,-0.045778904079541806,-0.00539901847544214,-0.04037988560409966
4.95,-0.08343627447764124,-0.06767637491978419,-0.015759899557857046
5.0,-0.13765026339909,-0.1445353645554665,0.0068851011563765
5.050000000000001,-0.18039212110824013,-0.1904116956842838,0.01001957457604366
5.1000000000000005,-0.17660688569545566,-0.1655952753980739,-0.011011610297381763
5.15,-0.12086795273241747,-0.07599766458650738,-0.0448702881459101
5.2,-0.04254510370412861,0.031048433896125934,-0.07359353760025454
5.25,0.027293049991024918,0.11368625604266279,-0.08639320605163787
5.300000000000001,0.09208567747559387,0.17881952314733196,-0.08673384567173809
5.3500000000000005,0.1887697219658672,0.2762636127294786,-0.08749389076361139
5.4,0.34704804077061424,0.4457578309269448,-0.09870979015633058
5.45,0.5483522968938508,0.6664907539798031,-0.11813845708595228
5.5,0.7264177359443952,0.8589064668026627,-0.1324887308582675
5.550000000000001,0.8113338368022919,0.9400074151609711,-0.1286735783586792
5.6000000000000005,0.7767014982458353,0.8829213557658379,-0.10621985752000251
5.65,0.6475251568000062,0.7278632372659093,-0.08033808046590307
5.7,0.4661149187944415,0.5379798249557479,-0.07186490616130642
5.75,0.2542007656830282,0.3450602106686898,-0.09085944498566162
5.800000000000001,0.010877074110264826,0.1377637154494598,-0.12688664133919497
5.8500000000000005,-0.252548863812608,-0.0974739495994631,-0.1550749142131449
5.9,-0.47906547774591546,-0.32433666362353697,-0.1547288141223785
5.95,-0.5734220949464003,-0.4473430263244866,-0.1260790686219137
6.0,-0.4529748339229737,-0.362258887483095,-0.09071594643987874
6.050000000000001,-0.10487002766073497,-0.030934919574538505,-0.07393510808619647
6.1000000000000005,0.3933008994550412,0.47614064422905894,-0.08283974477401773
6.15,0.9024881019630042,1.0013477139638645,-0.09885961200086024
6.2,1.2785383924751166,1.3705281370291404,-0.09198974455402387
6.25,1.4222547816716125,1.4677354950549526,-0.04548071338334014
6.300000000000001,1.3042554580094794,1.274491554693309,0.029763903316170293
6.3500000000000005,0.9653653553589103,0.8621338420625042,0.10323151329640612
6.4,0.4996651481160534,0.3516701349944724,0.14799501312158098
6.45,0.023470763651376254,-0.13545068097288174,0.158921444624258
6.5,-0.36541258541902805,-0.5165427644095023,0.15113017899047426
6.550000000000001,-0.6230737498942156,-0.7653611194950206,0.142287369600805
6.6000000000000005,-0.7677167780988879,-0.9041062647039789,0.13638948660509098
6.65,-0.8516817923563805,-0.975293940126372,0.12361214776999152
6.7,-0.915682822773501,-1.010028864389056,0.09434604161555504
6.75,-0.9607619932918525,-1.0128784171955127,0.052116423903660225
6.800000000000001,-0.9598903480428982,-0.9723604225617744,0.012470074518876162
6.8500000000000005,-0.8955753730393782,-0.8854357567462636,-0.01013961629311455
6.9,-0.7852021480374768,-0.7717157048231018,-0.013486443214374977
6.95,-0.667590345553012,-0.661897551257584,-0.005692794295428016
7.0,-0.5631039799057439,-0.569601813524284,0.006497833618540061
7.050000000000001,-0.4482429554951056,-0.47404224187306643,0.025799286377960806
7.1000000000000005,-0.27462600759899153,-0.33423942241000454,0.05961341481101301
7.15,-0.020301391461840373,-0.12777554637643412,0.10747415491459375
7.2,0.27191062698975504,0.11707613069404171,0.15483449629571333
7.25,0.5062583377084247,0.3248438031442393,0.18141453456418538
7.300000000000001,0.590366783581378,0.4130725524553305,0.17729423112604747
7.3500000000000005,0.49202924007538873,0.34071555079485655,0.15131368928053218
7.4,0.25350122064483377,0.13021381068935695,0.12328740995547682
7.45,-0.04217238099207006,-0.14942750309245073,0.10725512210038067
7.5,-0.3201037285006371,-0.4217135468796645,0.10160981837902738
7.550000000000001,-0.5397694560947925,-0.6345280480627232,0.09475859196793068
7.6000000000000005,-0.6881959544653479,-0.7675506824688149,0.07935472800346699
7.65,-0.7605561001700979,-0.8205261751961118,0.059970075026013925
7.7,-0.7535502772024114,-0.8000589882340168,0.046508711031605365
7.75,-0.6758940579641562,-0.7167701346149726,0.040876076650816384
7.800000000000001,-0.5583421225237652,-0.5900635885613643,0.031721466037599066
7.8500000000000005,-0.44573009632835914,-0.4496814580325845,0.003951361704225387
7.9,-0.37339021873537576,-0.3277998439742257,-0.045590374761150076
7.95,-0.3475986112063073,-0.2457700981638679,-0.1018285130424394
8.0,-0.3464785360699443,-0.20488569163963413,-0.14159284443031014
8.05,-0.33849051916835654,-0.18688790460304106,-0.15160261456531549
8.1,-0.3007696831855622,-0.16253193084698325,-0.13823775233857893
8.15,-0.2233625569378542,-0.10262290797289896,-0.12073964896495525
8.200000000000001,-0.1018936618160953,0.01271599127610724,-0.11460965309220254
8.25,0.067857995259454,0.18795042956731076,-0.12009243430785675
8.3,0.2851270725943098,0.4099239704294596,-0.1247968978351498
8.35,0.5346075915801481,0.6509018217252028,-0.11629423014505469
8.4,0.7843962535716577,0.8770741142939782,-0.09267786072232054
8.450000000000001,0.996218832170401,1.0591134660610715,-0.06289463389067051
8.5,1.1399983192613365,1.1788880503813257,-0.03888973111998917
8.55,1.2008919402307334,1.2287713622965626,-0.027879422065829162
8.6,1.1756193129287171,1.2061024260059776,-0.030483113077260482
8.65,1.0661311100637005,1.1095669453093406,-0.0434358352456401
8.700000000000001,0.8799384731699988,0.9419786897480225,-0.06204021657802361
8.75,0.6365857735826131,0.7168110482069852,-0.08022527462437201
8.8,0.3700927548827221,0.46074951551798576,-0.09065676063526368
8.85,0.1190720112016097,0.20693218928269008,-0.08786017808108038
8.9,-0.09132873842292812,-0.018233036744755668,-0.07309570167817245
8.950000000000001,-0.26109682444474025,-0.20521425203450208,-0.05588257241023817
9.0,-0.40899757205063414,-0.3603620108310854,-0.04863556121954876
9.05,-0.5511900595368641,-0.49410563068062663,-0.057084428856237435
9.1,-0.6810190851191038,-0.6070088401410388,-0.07401024497806497
9.15,-0.7659444501727888,-0.6837281667228625,-0.08221628344992626
9.200000000000001,-0.7641967686729174,-0.6987054055579701,-0.0654913631149473
9.25,-0.6490184010139546,-0.6292327940063782,-0.019785607007576367
9.3,-0.42425951085333113,-0.4677545272179762,0.04349501636464509
9.35,-0.12351682208488826,-0.22769621107447713,0.10417938898958887
9.4,0.20265048023564075,0.05772736419996987,0.14492311603567087
9.450000000000001,0.5009212292000464,0.34114670673435743,0.15977452246568902
9.5,0.7239184689956256,0.5691074178271296,0.15481105116849603
9.55,0.8343618738623977,0.6925488693372565,0.14181300452514123
9.600000000000001,0.8098210399278832,0.6796571389763313,0.13016390095155195
9.65,0.6503786929871467,0.5281300182394293,0.12224867474771739
9.700000000000001,0.38496683224318334,0.27064252942242384,0.1143243028207595
9.75,0.06860754394422715,-0.03235489261371227,0.10096243655793942
9.8,-0.23342623201252616,-0.31277573020761945,0.0793494981950933
9.850000000000001,-0.4692383181828237,-0.5200457799822112,0.050807461799387554
9.9,-0.6186948060475402,-0.6382642693349732,0.01956946328743292
9.950000000000001,-0.6944617764841625,-0.6852243202062736,-0.009237456277888967
10.0,-0.7243604232485765,-0.6935737713652906,-0.030786651883285887
10.05,-0.7272806132834347,-0.6860821105570302,-0.04119850272640457
10.100000000000001,-0.7004143598824597,-0.6613994592292655,-0.03901490065319424
10.15,-0.627239730896438,-0.5996558809221759,-0.02758384997426211
10.200000000000001,-0.49896341207861394,-0.4830170438287636,-0.01594636824985035
10.25,-0.33064289487441223,-0.3152826213464591,-0.015360273527953106
10.3,-0.15737792048324895,-0.12543187907739983,-0.03194604140584911
10.350000000000001,-0.012938935257632117,0.04771377080454226,-0.06065270606217438
10.4,0.09172537184705022,0.17841663361336527,-0.08669126176631504
10.450000000000001,0.17302131932262735,0.2682551986743548,-0.09523387935172747
10.5,0.2603755835288911,0.34274048281239916,-0.08236489928350804
10.55,0.3765105525776881,0.4341610852312539,-0.05765053265356579
10.600000000000001,0.5270566934594229,0.5622588297031269,-0.03520213624370405
10.65,0.7017191984359842,0.7225286370629671,-0.020809438626982923
10.700000000000001,0.8776231296029461,0.8849637521182117,-0.007340622515265571
10.75,1.0179460787098245,1.001473010025777,0.01647306868404752
10.8,1.0721823828095367,1.020381365693083,0.051801017116453796
10.850000000000001,0.9911561014158183,0.9068519990778535,0.08430410233796481
10.9,0.7581278007552242,0.663887769940475,0.09424003081474919
10.950000000000001,0.41576992150726166,0.34212432597816334,0.07364559552909833
11.0,0.06096075666504155,0.026652856749407074,0.034307899915634474
11.05,-0.20060882765629764,-0.198876483273588,-0.0017323443827096385
11.100000000000001,-0.3134668656307784,-0.2929063862921453,-0.020560479338633086
11.15,-0.30124060514054724,-0.2751986579269856,-0.026041947213561623
11.200000000000001,-0.24164420937199407,-0.21010310582165567,-0.0315411035503384
11.25,-0.2070646692270962,-0.16457257784615703,-0.04249209138093918
11.3,-0.21857913898260972,-0.17048324252979397,-0.048095896452815756
11.350000000000001,-0.24800297741079627,-0.2166917458747626,-0.031311231536033685
11.4,-0.2592171757639872,-0.2717931673375148,0.012575991573527623
11.450000000000001,-0.24669676919331407,-0.31456309277883826,0.06786632358552419
11.5,-0.23651236580560156,-0.34621442505353045,0.10970205924792889
11.55,-0.25442048614766233,-0.3783109301173978,0.12389044396973548
11.600000000000001,-0.2975401496971664,-0.41328757207126443,0.11574742237409802
11.65,-0.33949781823417957,-0.4393768223199733,0.09987900408579375
11.700000000000001,-0.3620179385553875,-0.44475853064540266,0.08274059209001516
11.75,-0.37744205426540317,-0.4346024528133713,0.057160398547968116
11.8,-0.41608986430762807,-0.43077757929315,0.01468771498552196
11.850000000000001,-0.48980280129160086,-0.45140404923427924,-0.03839875205732163
11.9,-0.5693240320255897,-0.48875948407761166,-0.08056454794797802
11.950000000000001,-0.6005315711558897,-0.5077141412636232,-0.09281742989226649
12.0,-0.545443099686505,-0.4685128730515808,-0.07693022663492416
12.05,-0.40859700847196534,-0.3548327274002878,-0.05376428107167752
12.100000000000001,-0.2243198771315057,-0.18290726239696928,-0.04141261473453642
12.15,-0.020466879105403152,0.01472130811641736,-0.035188187221820516
12.200000000000001,0.2019173834345416,0.21372503580306848,-0.011807652368526877
12.25,0.45093230372555826,0.4070910531587627,0.04384125056679555
12.3,0.7070828517652602,0.5915287198925081,0.1155541318727521
12.350000000000001,0.9086478323869597,0.7470403770670148,0.16160745531994491
12.4,0.9801817300108037,0.8327613184915181,0.14742041151928553
12.450000000000001,0.8824298352448601,0.8067398661920586,0.07568996905280145
12.5,0.6397772095248165,0.6544573274609622,-0.014680117936145654
12.55,0.3221581121844501,0.4025322809579749,-0.08037416877352477
12.600000000000001,0.0008858916542356843,0.10743584885815483,-0.10654995720391915
12.65,-0.2806938672289358,-0.16969267144125819,-0.11100119578767761
12.700000000000001,-0.5008877250304626,-0.3823217423419509,-0.11856598268851176
12.75,-0.6359645583195741,-0.5025735628367297,-0.1333909954828444
12.8,-0.654232213331496,-0.5175833004142473,-0.13664891291724868
12.850000000000001,-0.5405283622458442,-0.4307819429165123,-0.10974641932933193
12.9,-0.3265824719163934,-0.2695449547591945,-0.0570375171571989
12.950000000000001,-0.09102126837049955,-0.08688190834261439,-0.004139360027885161
13.0,0.07986960815835033,0.05460585175644808,0.025263756401902246
13.05,0.14058672895282165,0.11173874815660617,0.028847980796215478
13.100000000000001,0.10348406977055757,0.08189033688119947,0.021593732889358105
13.15,0.012948963013125574,-0.0021694251479419694,0.015118388161067545
13.200000000000001,-0.0953501007221582,-0.10065945069082093,0.005309349968662724
13.25,-0.2114937049830161,-0.19420557225780602,-0.01728813272521007
13.3,-0.33350517544544644,-0.2863054515887257,-0.04719972385672072
13.350000000000001,-0.44001974316642245,-0.3799481995061252,-0.060071543660297266
13.4,-0.48692502729366843,-0.4525948479907728,-0.034330179302895614
13.450000000000001,-0.43447622531456254,-0.45669623842862966,0.022220013114067128
13.5,-0.27846494646623005,-0.3497421689235002,0.07127722245727014
13.55,-0.054343682071002646,-0.12941615596800704,0.07507247389700439
13.600000000000001,0.18932247188883816,0.1574425692402417,0.03187990264859647
13.65,0.42134646007443516,0.44137770216724215,-0.02003124209280699
13.700000000000001,0.6335040248804892,0.6704443070743404,-0.03694028219385126
13.75,0.8194908436557122,0.8302867214315963,-0.010795877775884088
13.8,0.9530153810240387,0.9293580051682698,0.02365737585576888
13.850000000000001,0.9907429188604236,0.9667541026427205,0.0239888162177031
13.9,0.8997109873813856,0.916187147356075,-0.01647615997468943
13.950000000000001,0.6843675747787429,0.7445174553118042,-0.06014988053306136
14.0,0.3896198055807563,0.4505533199668447,-0.060933514386088405
14.05,0.079583236228643,0.08914536366527763,-0.009562127436634635
14.100000000000001,-0.18816600667986624,-0.2442230265537829,0.05605701987391665
14.15,-0.375091057464317,-0.4608377953749398,0.08574673791062282
14.200000000000001,-0.4612194422240804,-0.5242349800629525,0.06301553783887215
14.25,-0.4439579539064046,-0.4616219535358859,0.01766399962948134
14.3,-0.34221715385904045,-0.3364881291126557,-0.005729024746384759
14.350000000000001,-0.1977145517882007,-0.2066987045868097,0.008984152798609008
14.4,-0.06263042802318437,-0.09942251163483064,0.036792083611646265
14.450000000000001,0.023506340398347658,-0.015908102802994813,0.03941444320134247
14.5,0.0504579779925289,0.0466892272545227,0.003768750738006199
14.55,0.03335451573339708,0.08038867391821942,-0.047034158184822344
14.600000000000001,-0.006471767729696287,0.07154020402565996,-0.07801197175535625
14.65,-0.05570862667284101,0.0184987417799126,-0.07420736845275361
14.700000000000001,-0.10520895366933153,-0.05736829930965327,-0.047840654359678256
14.75,-0.13719697606897657,-0.11987930235280081,-0.017317673716175763
14.8,-0.125138103317194,-0.14038967514719536,0.015251571830001365
14.850000000000001,-0.054596709416575726,-0.11661346050559178,0.06201675108901605
14.9,0.053083822710195384,-0.07293601278477142,0.12601983549496681
14.950000000000001,0.14255824705943268,-0.04216891130382785,0.18472715836326054
15.0,0.15899131554841395,-0.04313245206950116,0.20212376761791512
15.05,0.08896391353290127,-0.07104171703111134,0.16000563056401262
15.100000000000001,-0.029806633102284496,-0.10705793185725836,0.07725129875497386
15.15,-0.14135708811139763,-0.13825631192703702,-0.0031007761843606096
15.200000000000001,-0.2179660914728018,-0.17117949901856516,-0.046786592454236636
15.25,-0.27665595360645884,-0.22698414285377122,-0.04967181075268762
15.3,-0.3499957078825424,-0.3204035636159073,-0.02959214426663509
15.350000000000001,-0.44017974212517125,-0.43810881997898293,-0.0020709221461883143
15.4,-0.502998264909818,-0.5346507547203019,0.03165248981048385
15.450000000000001,-0.4804670307972249,-0.5532379891549578,0.0727709583577329
15.5,-0.35381648956145184,-0.4608711662393191,0.10705467667786728
15.55,-0.1679265209976213,-0.27509777789309087,0.10717125689546958
15.600000000000001,-0.004136318601684644,-0.06246633154696929,0.05833001294528464
15.65,0.07462082651248261,0.09378031689914118,-0.019159490386658568
15.700000000000001,0.05934810889895514,0.13837223654650707,-0.07902412764755193
15.75,-0.014504406443483742,0.07316710312780157,-0.08767150957128532
15.8,-0.10471413199007827,-0.047633263848713074,-0.0570808681413652
15.850000000000001,-0.18952947672895176,-0.15219527570514363,-0.03733420102380813
15.9,-0.26330542661976064,-0.19195174924985828,-0.07135367736990236
15.950000000000001,-0.3144735438457599,-0.1619399491282295,-0.15253359471753036
16.0,-0.3155588193012678,-0.08943939393464491,-0.22611942536662288
16.05,-0.23749344792867252,-0.00236454364792728,-0.23512890428074523
16.1,-0.07157281304736043,0.0978081089754943,-0.16938092202285474
16.150000000000002,0.16568558950347376,0.23861079745681812,-0.07292520795334437
16.2,0.4489540036111694,0.4531448520841708,-0.004190848473001441
16.25,0.7607992872367557,0.7475456648548978,0.013253622381857899
16.3,1.0868679323404382,1.0821208745150428,0.004747057825395418
16.35,1.3930885512299616,1.3792913813004168,0.013797169929544717
16.400000000000002,1.6124290823322078,1.5539325971301976,0.05849648520201023
16.45,1.6640318588456366,1.548235685004362,0.11579617384127472
16.5,1.496760109950752,1.3519374640469988,0.14482264590375316
16.55,1.1231137382928331,0.9993532296001826,0.12376050869265054
16.6,0.615223268869751,0.5492816247436773,0.06594164412607373
16.650000000000002,0.06728789448539133,0.06274535665375001,0.004542537831641311
16.7,-0.4436690537189586,-0.40868699996647384,-0.034982053752484754
16.75,-0.8707312661745485,-0.8220376652317734,-0.048693600942775195
16.8,-1.184879256373736,-1.1381954137917476,-0.04668384258198843
16.85,-1.3621876621109186,-1.3239785170720784,-0.03820914503884021
16.900000000000002,-1.3894033246503437,-1.363369687140591,-0.02603363750975274
16.95,-1.2807599153523526,-1.2690492899134846,-0.011710625438867917
17.0,-1.082106614388199,-1.0815940342755912,-0.0005125801126077967
17.05,-0.849856480613296,-0.8520383665261688,0.0021818859128728274
17.1,-0.6196267303984231,-0.6176491554080629,-0.0019775749903602202
17.150000000000002,-0.3927738733785865,-0.3881881996327906,-0.004585673745795882
17.2,-0.15301474229149278,-0.1529140753088812,-0.0001006669826115747
17.25,0.10397691728034371,0.09791812005133117,0.006058797229012536
17.3,0.3571052397428431,0.35503107189815786,0.0020741678446852263
17.35,0.5736894575657295,0.5897295813762856,-0.016040123810556084
17.400000000000002,0.7328939764003175,0.7691227290771164,-0.036228752676798925
17.45,0.8319367498377295,0.8714144383896629,-0.039477688551933454
17.5,0.8687767856063848,0.8877032054976949,-0.018926419891310053
17.55,0.8232144811590221,0.8122820108593133,0.010932470299708785
17.6,0.6633275575137291,0.6368433719470351,0.026484185566693963
17.650000000000002,0.378708567010277,0.36083070564785047,0.017877861362426528
17.7,0.011195937730177095,0.012092447462852688,-0.0008965097326755923
17.75,-0.3499637203651634,-0.3435157010433542,-0.006448019321809162
17.8,-0.612088725563586,-0.6208516290147972,0.008762903451211224
17.85,-0.7301502888203693,-0.7568625050598699,0.026712216239500597
17.900000000000002,-0.7253468992639516,-0.7467539218837052,0.02140702261975358
17.95,-0.6593086321576012,-0.6467504458732736,-0.012558186284327588
18.0,-0.5889433963440251,-0.5392842262930168,-0.049659170051008394
18.05,-0.5390464514246419,-0.48526068137080514,-0.05378577005383678
18.1,-0.5083247235341014,-0.4970012281010511,-0.011323495433050335
18.150000000000002,-0.4925280183602039,-0.5471292226805616,0.054601204320357755
18.2,-0.4966047645425876,-0.5994959625290485,0.10289119798646085
18.25,-0.5245595085456065,-0.6334456276429581,0.10888611909735157
18.3,-0.5611478579591027,-0.6435897771886621,0.08244191922955935
18.35,-0.5677797943428936,-0.6219618453942346,0.054182051051340996
18.400000000000002,-0.4999409268974612,-0.5450251303227692,0.045084203425308
18.45,-0.3325696622153699,-0.3816763487286973,0.04910668651332745
18.5,-0.07407117496430403,-0.11779374175061519,0.04372256678631116
18.55,0.23793804548854097,0.2226569341345418,0.015281111353999177
18.6,0.5509114694155989,0.5776902338857747,-0.026778764470175798
18.650000000000002,0.8108508678625853,0.8701614853784766,-0.059310617515891284
18.7,0.9729988431647051,1.0396262738274196,-0.06662743066271448
18.75,1.0139358043341677,1.0656861515053866,-0.05175034717121885
18.8,0.9437287245045974,0.9726562916828513,-0.028927567178253843
18.85,0.8069419644040924,0.8156560950755489,-0.008714130671456544
18.900000000000002,0.6625575910344993,0.6551413542482563,0.007416236786243036
18.95,0.5494447500849732,0.5301616675101256,0.019283082574847565
19.0,0.4614238274165046,0.441919152073362,0.019504675343142597
19.05,0.3544656020019183,0.35717418183248184,-0.002708579830563551
19.1,0.1848245036964162,0.23266868983323835,-0.04784418613682215
19.150000000000002,-0.04970832289651308,0.04863879766320566,-0.09834712055971874
19.200000000000003,-0.29793151391444345,-0.1694927907092438,-0.12843872320519964
19.25,-0.4821554451871039,-0.35751652094641106,-0.12463892424069284
19.3,-0.5423996408716188,-0.44512927858058726,-0.09727036229103159
19.35,-0.4648322748992968,-0.39427590763148923,-0.07055636726780756
19.400000000000002,-0.27818441263304605,-0.21828924275019096,-0.05989516988285509
19.450000000000003,-0.029608411986933682,0.02851292033978133,-0.058121332326715014
19.5,0.23569488916604062,0.2798027823188297,-0.044107893152789096
19.55,0.4781536692772361,0.483282432020682,-0.005128762743445869
19.6,0.6588203994114226,0.6098668197922802,0.04895357961914237
19.650000000000002,0.7418490819656456,0.6487186945571827,0.09313038740846291
19.700000000000003,0.7089386210825982,0.6005276376947192,0.10841098338787902
19.75,0.5729948517326805,0.47683336581204255,0.09616148592063795
19.8,0.37500466715831504,0.30181852954190747,0.07318613761640758
19.85,0.16286730966289265,0.1081973356891223,0.05466997397377034
19.900000000000002,-0.03162000244205459,-0.07446171581386599,0.0428417133718114
19.950000000000003,-0.19950673724511178,-0.23062044602966902,0.031113708784557242
20.0,-0.3427164668329842,-0.3590871537070442,0.016370686874060014
20.05,-0.4581216064962901,-0.46257291835251324,0.004451311856223161
20.1,-0.533929457383795,-0.5369568837526391,0.0030274263688440106
20.150000000000002,-0.5597586407411921,-0.5708407190227377,0.011082078281545615
20.200000000000003,-0.536719364457302,-0.5549353429871007,0.018215978529798726
20.25,-0.47446181755731004,-0.4901725942106625,0.015710776653352465
20.3,-0.3775498989103589,-0.38482910635243994,0.007279207442081048
20.35,-0.236990752070929,-0.24352838777934993,0.006537635708420919
20.400000000000002,-0.03943880456907974,-0.061599415786764304,0.02216061121768456
20.450000000000003,0.21100593235608392,0.16516132375780818,0.04584460859827574
20.5,0.47785856015913136,0.42081756101491263,0.05704099914421873
20.55,0.6999546730455851,0.6579241562104738,0.042030516835111276
20.6,0.8186928926590967,0.8091140002496773,0.009578892409419448
20.650000000000002,0.8051899549647606,0.8180884667031347,-0.012898511738374085
20.700000000000003,0.6685924073981295,0.6694559744610666,-0.0008635670629371095
20.75,0.4432117162473332,0.3963945549250827,0.0468171613222505
20.8,0.1682067664722954,0.061727811501266,0.10647895497102941
20.85,-0.12465483896728918,-0.2727315145914093,0.14807667562412014
20.900000000000002,-0.41108109224806505,-0.5676440677252435,0.1565629754771784
20.950000000000003,-0.6697441633221769,-0.8079016862834463,0.13815752296126937
21.0,-0.881636712425247,-0.9903197705657919,0.10868305814054491
21.05,-1.0336557890155678,-1.111091073469045,0.07743528445347714
21.1,-1.1204151067598513,-1.1625239580960611,0.042108851336209785
21.150000000000002,-1.140838137342169,-1.13844486665705,-0.0023932706851190755
21.200000000000003,-1.0935757597473317,-1.0412793603148003,-0.05229639943253139
21.25,-0.9779401003490625,-0.8848495381319467,-0.09309056221711587
21.3,-0.8009499795591778,-0.691685041113387,-0.10926493844579077
21.35,-0.5829944500198208,-0.48700661994500566,-0.0959878300748151
21.400000000000002,-0.3543723058811581,-0.2921722548845773,-0.06220005099658077
21.450000000000003,-0.1439581563001766,-0.12016739326791438,-0.023790763032262227
21.5,0.029961887639399082,0.024383741469376937,0.005578146170022145
21.55,0.15834836378222927,0.1398254597329702,0.018522904049259076
21.6,0.23271433815298756,0.2200063651952207,0.01270797295776685
21.650000000000002,0.2413462486437125,0.2518182679320888,-0.010472019288376266
21.700000000000003,0.1783787390342779,0.22298192316223356,-0.044603184127955664
21.75,0.058681463370367976,0.1367209963595798,-0.07803953298921182
21.8,-0.07865651248719203,0.021093095515299528,-0.09974960800249157
21.85,-0.18806006976931605,-0.07880387855069838,-0.10925619121861767
21.900000000000002,-0.24567171777641866,-0.12489916367293889,-0.12077255410347977
21.950000000000003,-0.26305869224012224,-0.1098722620289429,-0.15318643021117934
22.0,-0.26986360556699485,-0.05969209582477384,-0.210171509742221
22.05,-0.27562631720408703,-0.00828508107556557,-0.26734123612852145
22.1,-0.2429294701114555,0.039058545233529064,-0.2819880153449846
22.150000000000002,-0.09947176345917949,0.12377910626017441,-0.2232508697193539
22.200000000000003,0.2133755960109616,0.31396843063847424,-0.10059283462751265
22.25,0.6890345550544182,0.654300363263326,0.03473419179109227
22.3,1.2399025619735458,1.1188345533659896,0.12106800860755618
22.35,1.7301580869759787,1.6012823990545777,0.12887568792140103
22.400000000000002,2.03480130418957,1.9536944077321523,0.08110689645741753
22.450000000000003,2.0866346450992284,2.052585911774335,0.034048733324893554
22.5,1.887295519053274,1.8541867627261308,0.033108756327143274
22.55,1.4877813431510705,1.4090063297323336,0.07877501341873683
22.6,0.9620445891853019,0.8323637190278297,0.1296808701574722
22.650000000000002,0.3914362609060823,0.2525665115791891,0.13886974932689322
22.700000000000003,-0.14143605691428213,-0.23368220426370392,0.0922461473494218
22.75,-0.5621876287302856,-0.580024963720391,0.017837334990105425
22.8,-0.8231020320946386,-0.7836017056543928,-0.039500326440245814
22.85,-0.9202204587257066,-0.8660974726556715,-0.05412298607003507
22.900000000000002,-0.8926523664606872,-0.8571876928336338,-0.03546467362705341
22.950000000000003,-0.7995484085478369,-0.7868371550399683,-0.012711253507868614
23.0,-0.6892099298376352,-0.6839902481756401,-0.005219681661995046
23.05,-0.5822359952905947,-0.5757287523136366,-0.006507242976958039
23.1,-0.47855801734524234,-0.48362340963460265,0.005065392289360315
23.150000000000002,-0.3776624567933901,-0.41883890223009845,0.04117644543670834
23.200000000000003,-0.2913772794046392,-0.38004925754377966,0.08867197813914046
23.25,-0.23801943986879412,-0.3566893520575533,0.11866991218875919
23.3,-0.22566916498418485,-0.3362643610552223,0.11059519607103743
23.35,-0.24248798988717754,-0.3115832023665367,0.06909521247935915
23.400000000000002,-0.26426583219872624,-0.2839099300437466,0.01964409784502036
23.450000000000003,-0.27222690613290396,-0.2607122533214497,-0.011514652811454251
23.5,-0.26453613283924116,-0.2498134263750346,-0.014722706464206564
23.55,-0.2516705834277072,-0.2533638795024833,0.001693296074776085
23.6,-0.24140152629267636,-0.2646219546936288,0.023220428400952453
23.650000000000002,-0.22809746419956062,-0.2688524141203631,0.040754949920802475
23.700000000000003,-0.19542117308673257,-0.24779441519893644,0.05237324211220387
23.75,-0.12802933737010802,-0.18577774964970692,0.0577484122795989
23.8,-0.02043656068439752,-0.07500412509407135,0.054567564409673835
23.85,0.12355948392646991,0.08196337357118826,0.04159611035528166
23.900000000000002,0.296330319886605,0.27287088589883635,0.023459433987768674
23.950000000000003,0.4875439351493133,0.4781920872940251,0.009351847855288198
24.0,0.6785166772993766,0.6733939190968422,0.005122758202534383
24.05,0.8377325794142577,0.8306741470118657,0.007058432402392012
24.1,0.9274401513463741,0.9220253744133227,0.0054147769330514794
24.150000000000002,0.9213519610102616,0.9257524822363218,-0.004400521226060161
24.200000000000003,0.821081764392542,0.8355293682705867,-0.014447603878044668
24.25,0.6570189872004701,0.6668390542033552,-0.009820067002885069
24.3,0.47113531151518634,0.4546261187815704,0.01650919273361595
24.35,0.29441352934136167,0.240713978957388,0.05369955038397367
24.400000000000002,0.13595407042945912,0.0572166049357254,0.07873746549373373
24.450000000000003,-0.009898000465419936,-0.083777485313928,0.07387948484850806
24.5,-0.14781469084009607,-0.18800190257907448,0.04018721173897841
24.55,-0.27265631864612405,-0.2675523453961511,-0.005103973249972971
24.6,-0.3743932268268333,-0.3302753816965506,-0.04411784513028272
24.650000000000002,-0.44931044031027517,-0.37798705015872613,-0.07132339015154904
24.700000000000003,-0.5043298689948981,-0.41235448356985943,-0.09197538542503864
24.75,-0.5494416399227964,-0.4399476531501696,-0.10949398677262678
24.8,-0.5864933280204961,-0.46971372822833896,-0.11677959979215718
24.85,-0.6071247883259352,-0.5051222676507384,-0.10200252067519677
24.900000000000002,-0.6035145459959236,-0.540009538722696,-0.06350500727322761
24.950000000000003,-0.5818282032065145,-0.5641299816122582,-0.01769822159425627
25.0,-0.5639081556927625,-0.574094909152173,0.010186753459410447
25.05,-0.5728766056642478,-0.5783970161182774,0.005520410454029623
25.1,-0.6136458486977157,-0.5896339285714277,-0.024011920126287944
25.150000000000002,-0.6650313299650974,-0.6094568037440824,-0.055574526221015
25.200000000000003,-0.6904006195968296,-0.6199691884980999,-0.07043143109872974
25.25,-0.6576155776549483,-0.590448543870493,-0.06716703378445532
25.3,-0.5517913771478005,-0.49442141532459855,-0.05736996182320192
25.35,-0.37286829360228274,-0.3228610653916428,-0.050007228210639965
25.400000000000002,-0.12563181029555404,-0.08405165514198869,-0.04158015515356535
25.450000000000003,0.18303897557482635,0.20530499080047074,-0.022266015225644392
25.5,0.5337197824361117,0.5246141164940957,0.009105665942016006
25.55,0.88117046227795,0.8429432748859531,0.03822718739199693
25.6,1.1559978678481377,1.1103852285212734,0.045612639326864324
25.650000000000002,1.288665372857505,1.2635768628778945,0.02508850997961054
25.700000000000003,1.243335834626117,1.2513304843700532,-0.007994649743936266
25.75,1.0376258014123,1.0659236932126526,-0.02829789180035247
25.8,0.732867304766931,0.7549398971411599,-0.022072592374228983
25.85,0.40164450300052323,0.400195947913105,0.0014485550874182573
25.900000000000002,0.09637254023420126,0.07617323865835365,0.02019930157584761
25.950000000000003,-0.1600721627002623,-0.1820786609874972,0.022006498287234888
26.0,-0.3604263678873922,-0.37880823112152756,0.018381863234135376
26.05,-0.49381163374526027,-0.5290208276990311,0.03520919395377087
26.1,-0.5413729536244104,-0.6284426191049831,0.08706966548057271
26.150000000000002,-0.4911290093797714,-0.6487184389554582,0.15758942957568683
26.200000000000003,-0.35747103339007236,-0.5619383499241578,0.20446731653408545
26.25,-0.1856977967007074,-0.37347641119539965,0.18777861449469224
26.3,-0.03468543955309516,-0.13538539059280505,0.10069995103970988
26.35,0.05064045064023047,0.07174512244436676,-0.02110467180413629
26.400000000000002,0.057274504790294306,0.17687048799815328,-0.11959598320785897
26.450000000000003,0.0013747355462272286,0.15192146903554207,-0.15054673348931485
26.5,-0.08968753233772193,0.021297460793304204,-0.11098499313102614
26.55,-0.19473643192431653,-0.15529672335294686,-0.039439708571369664
26.6,-0.3036793659747511,-0.3144135121143667,0.010734146139615597
26.650000000000002,-0.41033078331520695,-0.4171405766208443,0.006809793305637357
26.700000000000003,-0.5029877340031851,-0.4604191983651936,-0.042568535637991456
26.75,-0.5617749044649201,-0.4670614744860908,-0.09471342997882926
26.8,-0.5638622451583417,-0.46093331787212016,-0.10292892728622155
26.85,-0.49127744510225474,-0.44248714142199985,-0.04879030368025489
26.900000000000002,-0.33646112735956535,-0.3817177895204281,0.04525666216086277
26.950000000000003,-0.10542177074866318,-0.23687760319095633,0.13145583244229314
27.0,0.17915030580049748,0.009692606076911553,0.16945769972358593
27.05,0.4752288402307631,0.32200211622886393,0.15322672400189918
27.1,0.7241943679415042,0.6107650612367365,0.1134293067047677
27.150000000000002,0.8639694452788463,0.7698337603877563,0.09413568489109003
27.200000000000003,0.8510435162180519,0.730361313829289,0.12068220238876282
27.25,0.6814965885745857,0.5005140835494445,0.18098250502514124
27.3,0.3982898797424232,0.1660951919852594,0.2321946877571638
27.35,0.07828185020098118,-0.1487578141045098,0.227039664305491
27.400000000000002,-0.19602133227046487,-0.338211565368,0.14219023309753515
27.450000000000003,-0.3659620238894428,-0.35804956946587346,-0.00791245442356936
27.5,-0.41300466751186793,-0.2352251145798603,-0.17777955293200762
27.55,-0.35543002936156876,-0.04298816350582567,-0.3124418658557431
27.6,-0.23033225863698856,0.14184591746695754,-0.3721781761039461
27.650000000000002,-0.07326859366357844,0.27588946610159343,-0.3491580597651719
27.700000000000003,0.0925617591805052,0.3615524045948774,-0.26899064541437223
27.75,0.2534729115939342,0.4297508629494028,-0.1762779513554686
27.8,0.394622123315118,0.5051971342682892,-0.11057501095317118
27.85,0.4929076915761767,0.5783525722144439,-0.08544488063826722
27.900000000000002,0.5217385311082913,0.6054873894964761,-0.0837488583881848
27.950000000000003,0.4659026348565579,0.5394053842019894,-0.07350274934543144
28.0,0.3351483667212298,0.369293008093064,-0.034144641371834206
28.05,0.16421276031264978,0.13778932129427995,0.026423439018369826
28.1,-0.0031055602558838964,-0.08160737663651613,0.07850181638063224
28.150000000000002,-0.13496641024061784,-0.23200447317535985,0.09703806293474201
28.200000000000003,-0.22170023232497962,-0.30791066198736794,0.08621042966238832
28.25,-0.26814387096170356,-0.34761880193571293,0.07947493097400937
28.3,-0.27699459214228717,-0.3884549853356559,0.11146039319336876
28.35,-0.24071372697963764,-0.4237021123926652,0.18298838541302756
28.400000000000002,-0.15170686663474758,-0.40154658373241753,0.24983971709766994
28.450000000000003,-0.02218360391203008,-0.2717045186250647,0.2495209147130346
28.5,0.10675176497289177,-0.04270551403769732,0.14945727901058908
28.55,0.18008846987304095,0.20043685213526324,-0.020348382262222298
28.6,0.16005298380075977,0.33886842719881427,-0.1788154433980545
28.650000000000002,0.0494365360961329,0.2947852345376624,-0.2453486984415295
28.700000000000003,-0.11178312912893884,0.08337995483451352,-0.19516308396345236
28.75,-0.2726584472997099,-0.19612168286950835,-0.07653676443020155
28.8,-0.3969658280058099,-0.42153033176128596,0.024564503755476086
28.85,-0.4676547899318689,-0.51456350969612,0.046908719764251094
28.900000000000002,-0.471992014611583,-0.46817509121320255,-0.0038169233983804673
28.950000000000003,-0.3897827876333319,-0.32430067374120086,-0.06548211389213104
29.0,-0.2041232150963014,-0.13013922263612424,-0.07398399246017717
29.05,0.07068020110821087,0.08837300640021127,-0.017692805292000402
29.1,0.371895849295834,0.3190729130794613,0.05282293621637274
29.150000000000002,0.6059842944718888,0.5375335747271273,0.06845071974476158
29.200000000000003,0.6958113809608585,0.693076527800666,0.0027348531601925075
29.25,0.6237096611942758,0.7249294812722974,-0.10121982007802155
29.3,0.43676307430870553,0.5993202006551245,-0.16255712634641895
29.35,0.21125457822476917,0.33935397013763113,-0.12809939191286196
29.400000000000002,0.006977609938112958,0.023414461659809857,-0.0164368517216969
29.450000000000003,-0.15199650467269865,-0.2495328146710629,0.09753630999836424
29.5,-0.2606115543445593,-0.40569707881591677,0.14508552447135747
29.55,-0.30475116873542046,-0.4240063316281139,0.11925516289269344
29.6,-0.2550225350960254,-0.33018166188202297,0.07515912678599757
29.650000000000002,-0.09137036933698915,-0.16664309084605278,0.07527272150906363
29.700000000000003,0.1653300834738813,0.035800579879127124,0.12952950359475418
29.75,0.44769361414251374,0.26256933651940634,0.1851242776231074
29.8,0.6719740370914505,0.49610887150664146,0.17586516558480908
29.85,0.7808193742323282,0.6947105269201841,0.08610884731214408
29.900000000000002,0.7647176234659538,0.7944394169001348,-0.02972179343418091
29.950000000000003,0.6489325417146379,0.7396015197421981,-0.09066897802756024
30.0,0.4638266773557809,0.5205090140919576,-0.056682336736176675
30.05,0.227936333011946,0.18734104555113928,0.040595287460806706
30.1,-0.044299216537415295,-0.17379735053365714,0.12949813399624183
30.150000000000002,-0.32520648736474256,-0.4856818043481109,0.16047531698336837
30.200000000000003,-0.5709756250617054,-0.7116215509588569,0.14064592589715152
30.25,-0.7404405373930611,-0.8526518811842829,0.11221134379122177
30.3,-0.8189034113528003,-0.9202398033538589,0.1013363920010586
30.35,-0.8242740393732516,-0.9151237386742953,0.0908496993010437
30.400000000000002,-0.7900863420591996,-0.8332692762662142,0.04318293420701458
30.450000000000003,-0.7420534585708705,-0.6895955753315541,-0.05245788323931633
30.5,-0.6890606439112612,-0.5295714760021323,-0.15948916790912893
30.55,-0.6325929086044364,-0.4095350887037189,-0.2230578199007175
30.6,-0.579251067090027,-0.35898458770580755,-0.2202664793842195
30.650000000000002,-0.5396064762877785,-0.3595649109921325,-0.18004156529564597
30.700000000000003,-0.5138469936082393,-0.36276951286385195,-0.15107748074438732
30.75,-0.48129454055914955,-0.3319666749817036,-0.14932786557744593
30.8,-0.40867398027902546,-0.26974664313900726,-0.1389273371400182
30.85,-0.273070086573851,-0.20451629366508048,-0.06855379290877053
30.900000000000002,-0.07985907602453747,-0.1500170636227604,0.07015798759822293
30.950000000000003,0.1398622782483827,-0.07969172606326835,0.21955400431165106
31.0,0.3481228694281051,0.054246514900426195,0.2938763545276789
31.05,0.5164279313756257,0.2698141750743958,0.2466137563012299
31.1,0.6263544745403253,0.5181688563725922,0.10818561816773309
31.150000000000002,0.6601261871895918,0.6976925619644212,-0.03756637477482938
31.200000000000003,0.5984842647342852,0.7132837285555326,-0.1147994638212474
31.25,0.4345125821784434,0.5364640214906249,-0.10195143931218148
31.3,0.19226128329553058,0.2223981993792566,-0.030136916083726012
31.35,-0.07043119645563804,-0.12348679719353149,0.05305560073789345
31.400000000000002,-0.28347049035008404,-0.39889191255634543,0.11542142220626139
31.450000000000003,-0.39676473253742384,-0.5409880264099896,0.14422329387256572
31.5,-0.39953461919872435,-0.5328141512910168,0.13327953209229249
31.55,-0.3151299572201184,-0.3934876434694185,0.07835768624930012
31.6,-0.18152810188200835,-0.1698574415845248,-0.011670660297483565
31.650000000000002,-0.03706943760744344,0.06915250825476171,-0.10622194586220515
31.700000000000003,0.08031912430291141,0.24701132605736476,-0.16669220175445335
31.75,0.1304971429756165,0.3067009281157982,-0.1762037851401817
31.8,0.07982652679817952,0.23542091315002311,-0.15559438635184358
31.85,-0.07840948961304058,0.06578486556298882,-0.1441943551760294
31.900000000000002,-0.309044292279029,-0.14979450868615674,-0.15924978359287228
31.950000000000003,-0.5431263048775393,-0.3694859080876924,-0.17364039678984694
32.0,-0.7075776498959448,-0.5695399443309931,-0.13803770556495176
32.050000000000004,-0.7550401857739332,-0.724108202995768,-0.030931982778165223
32.1,-0.6726539798625072,-0.7826716280634307,0.11001764820092352
32.15,-0.4692521612095358,-0.6768138805437309,0.20756171933419515
32.2,-0.16082091316254213,-0.361930043014564,0.20110912985202187
32.25,0.22719693565692936,0.1358280391423963,0.09136889651453306
32.300000000000004,0.644199617380164,0.7077999983596603,-0.06360038097949638
32.35,1.0085589941919628,1.2016986070034406,-0.19313961281147773
32.4,1.2304332547538546,1.4879254726456848,-0.2574922178918302
32.45,1.2555857473341145,1.511535149267461,-0.25594940193334637
32.5,1.0990167224640026,1.303103402843421,-0.20408668037941835
32.550000000000004,0.8404893634100568,0.9532586895951592,-0.11276932618510249
32.6,0.5828408085467471,0.5749852338438655,0.007855574702881674
32.65,0.4027041622795566,0.2728436660342211,0.12986049624533547
32.7,0.32643101164762217,0.12171854509120446,0.20471246655641773
32.75,0.3402388658549036,0.15004433370470638,0.19019453215019722
32.800000000000004,0.41597815441448577,0.32937822296106545,0.08659993145342032
32.85,0.5270022674760989,0.5806927922656485,-0.05369052478954961
32.9,0.6455644798977652,0.8031416469163715,-0.15757716701860625
32.95,0.734654323731947,0.9146551917536907,-0.18000086802174375
33.0,0.7519309568385623,0.8819201518738345,-0.1299891950352723
33.050000000000004,0.6686830779715871,0.723411060201473,-0.05472798222988595
33.1,0.4891468828022516,0.48865244363963295,0.000494439162618654
33.15,0.2529330313122618,0.2319484191046881,0.020984612207573694
33.2,0.0173625944405566,-0.0032374252309277725,0.020600019671484372
33.25,-0.1674056885666964,-0.18736676255487916,0.019961073988182754
33.300000000000004,-0.2743706325408871,-0.3041919878076053,0.029821355266718197
33.35,-0.3011949387554662,-0.352874029425196,0.05167909066972981
33.4,-0.2636028274554293,-0.34985472216457925,0.08625189470914996
33.45,-0.18924057459451588,-0.32377948413511476,0.13453890954059888
33.5,-0.11359939944323988,-0.3033779110851248,0.18977851164188492
33.550000000000004,-0.0734930474906825,-0.3066680890103693,0.2331750415196868
33.6,-0.09575663894654902,-0.3393356842125509,0.24357904526600188
33.65,-0.18624349452472347,-0.40065935639572564,0.21441586187100217
33.7,-0.3275686775140373,-0.4879389639155822,0.16037028640154494
33.75,-0.48862330228770773,-0.5940087489766013,0.10538544668889355
33.800000000000004,-0.6396202620711742,-0.7029333585083107,0.06331309643713656
33.85,-0.762440712643494,-0.7933527740480404,0.030912061404546387
33.9,-0.8509132268312535,-0.850568093052824,-0.000345133778429485
33.95,-0.9041602042102164,-0.8760512122214366,-0.028108991988779808
34.0,-0.9203180660189548,-0.8819097809326899,-0.038408285086264926
34.050000000000004,-0.8951864047195487,-0.8721698318109261,-0.02301657290862258
34.1,-0.8249974999080046,-0.828899844949781,0.003902345041776334
34.15,-0.7099665825887779,-0.7207516373179034,0.010785054729125498
34.2,-0.5563940354596689,-0.5314606168356952,-0.02493341862397369
34.25,-0.37662261682889797,-0.28423871598417355,-0.09238390084472442
34.300000000000004,-0.1861087478348059,-0.03709946893886354,-0.14900927889594237
34.35,0.002813556686056093,0.15231974750692256,-0.14950619082086647
34.4,0.18777021898529792,0.2662063939698392,-0.07843617498454128
34.45,0.3771985300950204,0.33791036112955075,0.03928816896546966
34.5,0.5798424138510744,0.4245965581192965,0.1552458557317779
34.550000000000004,0.7864294575569095,0.5614289380327602,0.22500051952414934
34.6,0.9574572981939534,0.7309734711394988,0.22648382705445458
34.65,1.0317670185637675,0.8681192852059446,0.1636477333578229
34.7,0.9569871939571929,0.89452708051378,0.062460113443412846
34.75,0.7240247624272683,0.7594496533351618,-0.03542489090789347
34.800000000000004,0.3803405584707435,0.4654794618752838,-0.08513890340454028
34.85,0.009834678826793123,0.07064045604768364,-0.06080577722089052
34.9,-0.3081247694032855,-0.3307073618433808,0.022582592440095306
34.95,-0.5322434441294304,-0.6408494160495797,0.10860597192014931
35.0,-0.6642263719789964,-0.7951380639526798,0.13091169197368346
35.050000000000004,-0.727750896922184,-0.7872159935733778,0.059465096651193816
35.1,-0.7436868555714473,-0.6687019834579625,-0.07498487211348481
35.15,-0.722260275858008,-0.520563290637979,-0.201696985220029
35.2,-0.6733103569581488,-0.4121403083374931,-0.2611700486206557
35.25,-0.6176260049709051,-0.37403883113644165,-0.2435871738344635
35.300000000000004,-0.5826580663019677,-0.40051485065972636,-0.18214321564224134
35.35,-0.5833575984596063,-0.4720175794785628,-0.11134001898104351
35.4,-0.6056955785950321,-0.5718594836763472,-0.03383609491868489
35.45,-0.6099729870158888,-0.6799213223302913,0.06994833531440259
35.5,-0.5538437538450548,-0.7537185661861785,0.1998748123411237
35.550000000000004,-0.4176115419757891,-0.7257486450142727,0.30813710303848363
35.6,-0.21303697680854103,-0.5346683201612503,0.32163134335270926
35.65,0.027931411040102973,-0.1742578920240302,0.20218930306413316
35.7,0.27137756192579715,0.28007093133796107,-0.00869336941216392
35.75,0.4906300451124821,0.6965932868087584,-0.20596324169627633
35.800000000000004,0.662806588562439,0.9540590445544262,-0.29125245599198724
35.85,0.7632467034542207,1.0050559929632246,-0.24180928950900382
35.9,0.7702904764090218,0.8924082370447779,-0.12211776063575608
35.95,0.680906678915854,0.7112434826038732,-0.030336803688019165
36.0,0.5239436935896732,0.5489819685146927,-0.025038274925019532
36.050000000000004,0.3560118780654017,0.44614775600612405,-0.09013587794072236
36.1,0.23762980263042718,0.39757933915325616,-0.15994953652282898
36.15,0.2034406711826765,0.3801813112992957,-0.17674064011661922
36.2,0.24607382212396145,0.3781767082038533,-0.13210288607989185
36.25,0.32383452637982973,0.38783581261386696,-0.06400128623403722
36.300000000000004,0.3858097904463605,0.40561417936065436,-0.01980438891429387
36.35,0.3973267459441082,0.41618983734770754,-0.01886309140359932
36.4,0.35124982410134203,0.393028833700506,-0.041779009599163974
36.45,0.2626440033468176,0.311940689828844,-0.0492966864820264
36.5,0.15549414064751696,0.16882332835607913,-0.013329187708562173
36.550000000000004,0.05240548054511324,-0.009454324777026669,0.0618598053221399
36.6,-0.028298195663059373,-0.16929887147106132,0.14100067580800194
36.65,-0.0718496387189097,-0.25175844360609084,0.17990880488718114
36.7,-0.06897115289128336,-0.22323810912469366,0.1542669562334103
36.75,-0.022027329791681198,-0.09825711706169346,0.07622978727001226
36.800000000000004,0.04992475692418366,0.06333720864212644,-0.01341245171794278
36.85,0.11453147915809812,0.18745310011854566,-0.07292162096044753
36.9,0.13977080927324517,0.22590178172842607,-0.0861309724551809
36.95,0.11070424769971374,0.17662960499824645,-0.06592535729853272
37.0,0.037870729141461376,0.07031665106587866,-0.03244592192441728
37.050000000000004,-0.04936648511755625,-0.06061829000949207,0.011251804891935821
37.1,-0.12036929766402694,-0.19854621635873151,0.07817691869470457
37.15,-0.15943085792646486,-0.3270901908793733,0.16765933295290844
37.2,-0.17003210677466302,-0.4074538116696914,0.2374217048950284
37.25,-0.16657119566182507,-0.38223823958032666,0.21566704391850158
37.300000000000004,-0.16255972370869012,-0.22030546152284516,0.05774573781415504
37.35,-0.16496151972485268,0.03147481590459201,-0.19643633562944468
37.4,-0.17613683303446795,0.24680922916726922,-0.42294606220173714
37.45,-0.19638691196551192,0.2927076536320161,-0.48909456559752806
37.5,-0.22029266525471208,0.1322050377452953,-0.3524977030000074
37.550000000000004,-0.2289758008166766,-0.1274126071723184,-0.1015631936443582
37.6,-0.18865256603859154,-0.292887199052004,0.10423463301341246
37.65,-0.06364553535718509,-0.21611291377357728,0.15246737841639219
37.7,0.16039683941206917,0.1011337879480512,0.059263051464017974
37.75,0.4588533727121048,0.5118884430769134,-0.05303507036480859
37.800000000000004,0.7707814424788,0.8326257196044643,-0.061844277125664315
37.85,1.0223951138989757,0.9655853183962353,0.05680979550274046
37.9,1.1565261049204725,0.9383098684021038,0.21821623651836863
37.95,1.1501594058137907,0.8404888593974243,0.3096705464163664
38.0,1.0134645072284525,0.7272012810015674,0.28626322622688505
38.050000000000004,0.7781965595955538,0.5792115124454765,0.19898504715007725
38.1,0.48751759999483146,0.3494201378435874,0.13809746215124408
38.15,0.19092944012128465,0.04093839181341558,0.14999104830786908
38.2,-0.06213704498496557,-0.2650068198681134,0.20286977488314784
38.25,-0.23630303546065007,-0.4617096124614887,0.22540657700083866
38.300000000000004,-0.32701277052207905,-0.5024350317498077,0.1754222612277287
38.35,-0.3658273609687244,-0.44033126315274734,0.07450390218402292
38.400000000000006,-0.4042663914689909,-0.3873427315980121,-0.016923659870978824
38.45,-0.48294903882496143,-0.4295700952963783,-0.053378943528583134
38.5,-0.6069310009557668,-0.5712477652138603,-0.03568323574190646
38.550000000000004,-0.7453139753118985,-0.7479563503280041,0.002642375016105647
38.6,-0.8543765606728887,-0.8865019241143404,0.03212536344145167
38.650000000000006,-0.9050186045533776,-0.9539201141732886,0.04890150961991102
38.7,-0.8937836982893713,-0.9587973188244681,0.06501362053509674
38.75,-0.8330067626484539,-0.9178852404967827,0.0848784778483288
38.800000000000004,-0.7340940604076306,-0.8299656774435993,0.09587161703596869
38.85,-0.6015398340070637,-0.6832812428291299,0.08174140882206626
38.900000000000006,-0.4417970833744135,-0.4839088810993223,0.042111797724908806
38.95,-0.27471630963197874,-0.27093026632182005,-0.0037860433101586932
39.0,-0.13221599543308316,-0.09917832139065741,-0.033037674042425746
39.050000000000004,-0.04173145655110884,-0.0035202616205139525,-0.03821119493059489
39.1,-0.007759698760280823,0.023596488997449032,-0.03135618775772986
39.150000000000006,-0.00804577006386343,0.02262605209800116,-0.03067182216186459
39.2,-0.008730195250847752,0.03537481132601179,-0.04410500657685955
39.25,0.013169218224050906,0.07805952052763751,-0.06489030230358661
39.300000000000004,0.05678103526324641,0.13746461754044717,-0.08068358227720077
39.35,0.10165239297836219,0.18694879707289958,-0.08529640409453738
39.400000000000006,0.1231094201828942,0.20486709074914525,-0.08175767056625105
39.45,0.10620849506582032,0.18169418236623042,-0.0754856873004101
39.5,0.05063311505182116,0.11630175074218098,-0.06566863569035983
39.550000000000004,-0.03202005040007404,0.01155894588872133,-0.04357899628879537
39.6,-0.12290689364282106,-0.12299408425257427,8.719060975320714e-05
39.650000000000006,-0.19974366158918566,-0.2637030117156542,0.06395935012646853
39.7,-0.24140315681712846,-0.370409383808258,0.12900622699112954
39.75,-0.23502081592188828,-0.3973980183357166,0.1623772024138283
39.800000000000004,-0.1831069868520906,-0.31644257882943816,0.13333559197734757
39.85,-0.10506453090120813,-0.13977038154189375,0.034705850640685626
39.900000000000006,-0.029868647444602554,0.07382776133705848,-0.10369640878166103
39.95,0.017070213608064655,0.2398680399522833,-0.22279782634421866
40.0,0.025321091703853046,0.2897946930097194,-0.26447360130586633
40.050000000000004,0.0027156377605593784,0.21049299293770163,-0.20777735517714224
40.1,-0.03049288714725292,0.05503376227617035,-0.08552664942342328
40.150000000000006,-0.052481400377115045,-0.08628987202762703,0.033808471650511984
40.2,-0.04999686987670784,-0.13853276867798478,0.08853589880127694
40.25,-0.02355749215764518,-0.08386891209233716,0.060311419934691975
40.300000000000004,0.014033630465445621,0.03519571680203796,-0.021162086336592337
40.35,0.04524618777375008,0.15065230247595643,-0.10540611470220634
40.400000000000006,0.05839902145505963,0.21393837130944718,-0.15553934985438755
40.45,0.05611944701084702,0.21925738192778216,-0.16313793491693512
40.5,0.05663266422531325,0.19516726861947706,-0.13853460439416382
40.550000000000004,0.08631068610799424,0.18038186647102664,-0.0940711803630324
40.6,0.16708868074604424,0.20640371820134584,-0.0393150374553016
40.650000000000006,0.30531435653492983,0.29377894876844907,0.011535407766480765
40.7,0.4869684422166241,0.45041069594583066,0.036557746270793445
40.75,0.6798668882403762,0.6608808545567538,0.018986033683622394
40.800000000000004,0.840685003132496,0.8743105658172126,-0.033625562684716614
40.85,0.9252656145159214,1.0119442605429745,-0.08667864602705311
40.900000000000006,0.9019191493075923,1.0042009012198332,-0.10228175191224087
40.95,0.7654177426158039,0.8371799062124364,-0.07176216359663257
41.0,0.5447354508986886,0.5705501343104914,-0.02581468341180282
41.050000000000004,0.29620219661408675,0.30539972949039546,-0.0091975328763087
41.1,0.08066442662875464,0.12165698786857428,-0.04099256123981963
41.150000000000006,-0.06447986445013862,0.032915884467447455,-0.09739574891758607
41.2,-0.14039859587430878,-0.0066242560413791365,-0.13377433983292963
41.25,-0.1778055727600994,-0.05302753971719598,-0.12477803304290341
41.300000000000004,-0.20993732232128584,-0.12645784402536472,-0.08347947829592112
41.35,-0.24775575486970705,-0.20608263699434648,-0.04167311787536057
41.400000000000006,-0.2754866986296238,-0.26246872339662974,-0.013017975232994083
41.45,-0.2672950703608275,-0.28877759779213863,0.021482527431311127
41.5,-0.20856275366783153,-0.29758422425495445,0.08902147058712293
41.550000000000004,-0.10348244291736543,-0.28944362563540965,0.18596118271804424
41.6,0.03439178000379867,-0.23168288901402717,0.26607466901782584
41.650000000000006,0.19515807230447293,-0.07773067988936563,0.27288875219383857
41.7,0.37336818941681443,0.18396712845332389,0.18940106096349055
41.75,0.5550849210567504,0.4957024802242225,0.05938244083252797
41.800000000000004,0.7059339914917825,0.7468102670587863,-0.040876275567003795
41.85,0.7764623830094353,0.8333066950416002,-0.05684431203216489
41.900000000000006,0.7257128298049103,0.7162168919228998,0.009495937882010419
41.95,0.5461357175593706,0.4362586344055083,0.1098770831538623
42.0,0.2699913455591482,0.08023297723578272,0.1897583683233655
42.050000000000004,-0.04770647398403275,-0.26873475501904387,0.22102828103501113
42.1,-0.3557553614043677,-0.560631142510402,0.20487578110603433
42.150000000000006,-0.6230765156917836,-0.7772702572346447,0.15419374154286114
42.2,-0.8363445226247227,-0.9169604585403583,0.08061593591563565
42.25,-0.9870931519606839,-0.9851265906275832,-0.0019665613331006915
42.300000000000004,-1.0629875030416824,-0.9938051613382728,-0.06918234170340964
42.35,-1.0504045721755728,-0.9589064982812623,-0.09149807389431053
42.400000000000006,-0.9434586172323804,-0.8890764223860702,-0.05438219484631024
42.45,-0.7502205076871123,-0.7756378785199813,0.02541737083286899
42.5,-0.49239829759230425,-0.5984308873313139,0.10603258973900964
42.550000000000004,-0.20192019459789978,-0.34863572928489056,0.14671553468699078
42.6,0.08171600329250597,-0.0507218965018356,0.13243789979434156
42.650000000000006,0.31492024187626316,0.2373538035739743,0.07756643830228888
42.7,0.4588776513544658,0.44884030048564716,0.010037350868818629
42.75,0.4934616986357437,0.5395754148230201,-0.04611371618727639
42.800000000000004,0.4276653495181711,0.5038095719192802,-0.07614422240110913
42.85,0.2965293559624418,0.3681012487172977,-0.07157189275485593
42.900000000000006,0.1436786725086245,0.17515464536587297,-0.03147597285724846
42.95,0.0007677203949583743,-0.02805388715167081,0.028821607546629185
43.0,-0.12165354279190996,-0.19617146435484115,0.07451792156293119
43.050000000000004,-0.22705900700683904,-0.29417452037232844,0.0671155133654894
43.1,-0.31864791852141333,-0.3125214692937054,-0.006126449227707942
43.150000000000006,-0.3915685161757419,-0.27778575641835823,-0.11378275975738367
43.2,-0.4369751456789037,-0.24275855009452368,-0.19421659558438004
43.25,-0.450693108565561,-0.2543971647820799,-0.19629594378348109
43.300000000000004,-0.43550501965798194,-0.31986261381621117,-0.11564240584177077
43.35,-0.3945087566857458,-0.3977059037981073,0.0031971471123614648
43.400000000000006,-0.32417196491254985,-0.4236477457257105,0.09947578081316066
43.45,-0.21728311235306536,-0.3529778216382346,0.13569470928516925
43.5,-0.07574883257510065,-0.18907079416519004,0.11332196159008939
43.550000000000004,0.07851752770640395,0.01969713025894269,0.05882039744746126
43.6,0.2071515087562175,0.2075526748793441,-0.0004011661231266006
43.650000000000006,0.2740538041264219,0.3220421419004651,-0.04798833777404321
43.7,0.26642137238675234,0.3418171076127493,-0.07539573522599696
43.75,0.20257243576882372,0.2797873079424712,-0.07721487217364748
43.800000000000004,0.12142045020806713,0.17708512839517956,-0.05566467818711243
43.85,0.06205756201963348,0.08980671507316147,-0.027749153053527993
43.900000000000006,0.047050515607528064,0.06720905459835046,-0.020158538990822393
43.95,0.07715950053721837,0.12634542536493998,-0.049185924827721605
44.0,0.1358117954502483,0.23847298761298294,-0.10266119216273464
44.050000000000004,0.1975430150185096,0.3418706680562485,-0.1443276530377389
44.1,0.23698751810012758,0.37812526123532947,-0.1411377431352019
44.150000000000006,0.23801035767586468,0.3281200217204068,-0.0901096640445421
44.2,0.2013641321193569,0.2210583266670612,-0.019694194547704325
44.25,0.14595113692428865,0.1107637255879969,0.03518741133629176
44.300000000000004,0.0996290513488035,0.040202750333180326,0.05942630101562317
44.35,0.08266844421379196,0.022487064322964465,0.0601813798908275
44.400000000000006,0.09460438844522456,0.0479526054150827,0.04665178303014186
44.45,0.1149085699496092,0.10176200125897217,0.013146568690637031
44.5,0.11795869078815165,0.1704692845583175,-0.052510593770165856
44.550000000000004,0.09121815900556789,0.23398332218025342,-0.14276516317468552
44.6,0.042901571755766796,0.26022056963985823,-0.21731899788409142
44.650000000000006,-0.005633698240252297,0.21906440563571414,-0.22469810387596645
44.7,-0.03507638204305894,0.10935822250951048,-0.14443460455256943
44.75,-0.03845310099589547,-0.02755593474682639,-0.010897166249069078
44.800000000000004,-0.02042017897176438,-0.12754111188944933,0.10712093291768496
44.85,0.010138383687489278,-0.1461870127311712,0.1563253964186605
44.900000000000006,0.04563168679617207,-0.08950110467808532,0.13513279147425739
44.95,0.07975971379352663,-0.005687719348037085,0.08544743314156371
45.0,0.10596348408308041,0.055035275418880585,0.05092820866419983
45.050000000000004,0.11988059357824073,0.07747183681093835,0.04240875676730238
45.1,0.1252686910638934,0.0849830333357562,0.040285657728137206
45.150000000000006,0.13617260355588817,0.11127152532803855,0.02490107822784962
45.2,0.16903101326694558,0.16946345240755464,-0.00043243914060905886
45.25,0.22744966487180515,0.24447100400063487,-0.01702133912882972
45.300000000000004,0.291267137993902,0.3077874077987093,-0.016520269804807253
45.35,0.3211385590718611,0.33343301273030745,-0.012294453658446336
45.400000000000006,0.27905519785851124,0.30037622995342017,-0.02132103209490893
45.45,0.15243804393462376,0.18961238107717077,-0.037174337142547004
45.5,-0.03464658973948758,-0.006083225523060205,-0.028563364216427377
45.550000000000004,-0.23133248736779172,-0.25893672196570083,0.027604234597909116
45.6,-0.3846815313383221,-0.49428400696215774,0.10960247562383563
45.650000000000006,-0.46345049888831724,-0.6164226298168541,0.1529721309285369
45.7,-0.4667909887240672,-0.5668744606014068,0.10008347187733957
45.75,-0.4148803816346722,-0.372525888398827,-0.042354493235845225
45.800000000000004,-0.33048092285990416,-0.13816049665987853,-0.19232042620002562
45.85,-0.22504312060163684,0.020690888225962045,-0.24573400882759888
45.900000000000006,-0.09781030005749605,0.05674868872171464,-0.1545589887792107
45.95,0.0540065492953882,0.019669804795883886,0.034336744499504315
46.0,0.22370135688505843,0.011500670395252283,0.21220068648980614
46.050000000000004,0.3916454383967861,0.10558983227496009,0.286055606121826
46.1,0.5319011500824262,0.29327219240225316,0.23862895768017306
46.150000000000006,0.6224935830229757,0.4954088342918806,0.12708474873109515
46.2,0.6508338966009886,0.6207388595637184,0.030095037037270123
46.25,0.611530598575396,0.6197645512813206,-0.00823395270592453
46.300000000000004,0.5019226938243662,0.49722844561115376,0.004694248213212404
46.35,0.3230343490245928,0.2883773227715729,0.03465702625301992
46.400000000000006,0.08730836982607927,0.03191602005924703,0.055392349766832244
46.45,-0.17476204622420488,-0.2367139352700531,0.061951889045848224
46.5,-0.4192780741771808,-0.47808102301926225,0.058802948842081426
46.550000000000004,-0.6062624446376594,-0.6501192581891599,0.043856813551500506
46.6,-0.7182420207957207,-0.7271728305373474,0.008930809741626633
46.650000000000006,-0.7644874027340877,-0.7199392924478647,-0.044548110286222964
46.7,-0.7658984960967629,-0.6715867635195748,-0.09431173257718806
46.75,-0.7328462857732069,-0.6258401672803149,-0.10700611849289199
46.800000000000004,-0.6561637041491523,-0.591620472633667,-0.06454323151548524
46.85,-0.5208504369769423,-0.5361052627178486,0.015254825740906308
46.900000000000006,-0.3310371400302861,-0.41496869243110324,0.08393155240081712
46.95,-0.12260849448301814,-0.21591184809225095,0.09330335360923281
47.0,0.05087320682542583,0.02061643742757568,0.030256769397850148
47.050000000000004,0.14980861223935593,0.22083150578786004,-0.0710228935485041
47.1,0.17219541817219117,0.3221951796920086,-0.14999976151981745
47.150000000000006,0.14997408026619788,0.31010273920312564,-0.16012865893692776
47.2,0.1224431946194358,0.22247390746215243,-0.10003071284271663
47.25,0.11021419590786954,0.12308946840422931,-0.012875272496359766
47.300000000000004,0.11019568455668219,0.06441680282063686,0.04577888173604533
47.35,0.11080131473136702,0.06287490563955334,0.047926409091813685
47.400000000000006,0.10827495520372332,0.09752303918737205,0.010751916016351268
47.45,0.10735857009698159,0.1286870699587421,-0.02132849986176051
47.5,0.10886394366884306,0.12430592143873045,-0.0154419777698874
47.550000000000004,0.10204851678195952,0.07997727075895077,0.02207124602300875
47.6,0.0743895604198817,0.022205904750706475,0.05218365566917523
47.650000000000006,0.030658658473636986,-0.007535039001255491,0.03819369747489248
47.7,-0.0006084870219087049,0.02060808014642911,-0.021216567168337815
47.75,0.014242899447113459,0.10412404836462584,-0.08988114891751238
47.800000000000004,0.08288391435732273,0.20754174325793612,-0.12465782890061339
47.85,0.17201462990269037,0.2830244446841966,-0.1110098147815062
47.900000000000006,0.2259718220570474,0.29788427932897016,-0.07191245727192275
47.95,0.20666134808209521,0.25004024015599263,-0.04337889207389742
48.0,0.12185611591415874,0.16276096850029473,-0.04090485258613599
48.050000000000004,0.017744416951501255,0.06644361728730551,-0.04869920033580426
48.1,-0.05725918538503382,-0.016728465998706386,-0.040530719386327435
48.150000000000006,-0.08572819046376266,-0.07580859826603949,-0.009919592197723176
48.2,-0.08427748705170067,-0.10551452242100234,0.021237035369301674
48.25,-0.07805562778984572,-0.10236754343436291,0.024311915644517193
48.300000000000004,-0.0736542074335402,-0.06749963817706792,-0.0061545692564722865
48.35,-0.055922459181895035,-0.011202318326554,-0.04472014085534103
48.400000000000006,-0.008862177989851953,0.04871186300382973,-0.057574040993681685
48.45,0.06272239258061814,0.09581047172853978,-0.03308807914792164
48.5,0.13327199102930223,0.12374787763569399,0.009524113393608244
48.550000000000004,0.17768536774660681,0.13688874167185736,0.04079662607474946
48.6,0.19185571772079765,0.14307172076031383,0.04878399696048383
48.650000000000006,0.19210164110705055,0.1462872117637974,0.045814429343253166
48.7,0.1948890162664607,0.14584545160407728,0.04904356466238344
48.75,0.1979937426228388,0.14057917962426753,0.057414562998571284
48.800000000000004,0.18228687667103713,0.13130731657713224,0.05097956009390489
48.85,0.132199076494303,0.11818804979344297,0.014011026700860019
48.900000000000006,0.054153059147045414,0.09718075936464159,-0.04302770021759617
48.95,-0.025587760558961132,0.061932769363418454,-0.08752052992237959
49.0,-0.08172939939655978,0.010861957192569893,-0.09259135658912968
49.050000000000004,-0.10925042716929673,-0.048287768597438295,-0.06096265857185843
49.1,-0.12280371191173521,-0.10274859492375557,-0.02005511698797964
49.150000000000006,-0.13737922317418483,-0.14413664860611103,0.006757425431926201
49.2,-0.1494106047993612,-0.17186489485137346,0.02245429005201227
49.25,-0.13685997055951094,-0.1849862856251464,0.04812631506563547
49.300000000000004,-0.0787843854710753,-0.17127554046301002,0.09249115499193472
49.35,0.02303248295081201,-0.10959127264097385,0.13262375559178585
49.400000000000006,0.13927630065086424,0.009413559767578756,0.12986274088328548
49.45,0.2288893959511853,0.16026120147632503,0.06862819447486027
49.5,0.26222624573494613,0.28270013553322365,-0.020473889798277523
49.550000000000004,0.23429647238187754,0.3142388670476281,-0.07994239466575057
49.6,0.16125441570886254,0.23436698434786613,-0.07311256863900359
49.650000000000006,0.06701070822161807,0.0836458954802745,-0.016635187258656425
49.7,-0.028195572816121683,-0.062422800267460075,0.034227227451338396
49.75,-0.11121298416437221,-0.14693355911245568,0.035720574948083464
49.800000000000004,-0.1740027922697135,-0.1692596369983104,-0.004743155271403093
49.85,-0.21195577125386025,-0.17547427876686292,-0.036481492486997336
49.900000000000006,-0.22456406238625298,-0.2105733854126058,-0.01399067697364717
49.95,-0.21594514560224817,-0.27484575653332827,0.058900610931080094
50.0,-0.19257442803331667,-0.32256548962898585,0.12999106159566917
50.050000000000004,-0.15936751233137045,-0.30320682517992315,0.1438393128485527
50.1,-0.118016803393919,-0.20802194518359246,0.09000514178967346
50.150000000000006,-0.06973632704816943,-0.08135954017309097,0.011623213124921539
50.2,-0.019984591584823946,0.011718303000128634,-0.03170289458495258
50.25,0.019857204751245198,0.03238451008798186,-0.012527305336736665
50.300000000000004,0.03662766730421289,-0.009295243172182416,0.0459229104763953
50.35,0.022960961227911653,-0.07063749874069866,0.09359845996861031
50.400000000000006,-0.0174902435543419,-0.11252774319678069,0.0950374996424388
50.45,-0.07155956729803017,-0.1236407585136694,0.05208119121563923
50.5,-0.12407719172715943,-0.1169504334167584,-0.007126758310401035
50.550000000000004,-0.16595394185169238,-0.10920141357676459,-0.056752528274927785
50.6,-0.19674633630880045,-0.10557334655354271,-0.09117298975525774
50.650000000000006,-0.21961812135953077,-0.10089135733765718,-0.11872676402187358
50.7,-0.23257770383575183,-0.08996149224496625,-0.14261621159078558
50.75,-0.22352005252741056,-0.07257886574390499,-0.15094118678350557
50.800000000000004,-0.17482747752264213,-0.048437304304924794,-0.12639017321771734
50.85,-0.07647490872384738,-0.010830737241570137,-0.06564417148227725
50.900000000000006,0.06088492989054821,0.049843708019139635,0.011041221871408574
50.95,0.2035709655316252,0.13322284346133098,0.07034812207029423
51.0,0.3078884907182842,0.2194964587185027,0.08839203199978152
51.050000000000004,0.34209915097208865,0.27557184271628266,0.066527308255806
51.1,0.303189689588621,0.27543027672789233,0.027759412860728694
51.150000000000006,0.21674895198114125,0.21926182372556566,-0.002512871744424411
51.2,0.12011361832094562,0.13525646311698822,-0.015142844796042595
51.25,0.04118367521117661,0.061564634849582946,-0.02038095963840634
51.300000000000004,-0.012148640775635856,0.021969045281503556,-0.03411768605713941
51.35,-0.04641780644872715,0.013544185472842344,-0.059961991921569494
51.400000000000006,-0.06859123712965308,0.014587347923303576,-0.08317858505295665
51.45,-0.07707366732535156,0.005268435007295558,-0.08234210233264712
51.5,-0.06468744736091035,-0.015481502107984539,-0.04920594525292581
51.550000000000004,-0.028654922675227713,-0.029216193271220478,0.0005612705959927647
51.6,0.023500746088384344,-0.012900308285733679,0.03640105437411802
51.650000000000006,0.07817978483145127,0.04235934570507416,0.03582043912637711
51.7,0.12552228937327226,0.1227309698442291,0.002791319529043157
51.75,0.16487936832764416,0.19926470357485315,-0.03438533524720899
51.800000000000004,0.20087530505860685,0.24596892043694182,-0.04509361537833498
51.85,0.2347780137474638,0.2553109956514035,-0.020532981903939734
51.900000000000006,0.2604567425582599,0.24018907777868176,0.020267664779578143
51.95,0.2690544359208252,0.2213981583972986,0.04765627752352658
52.0,0.25721485228061935,0.21032496744248885,0.0468898848381305
52.050000000000004,0.22999397110662062,0.20008952662145035,0.029904444485170267
52.1,0.19522589868679235,0.17176005595289276,0.023465842733899595
52.150000000000006,0.15514039527425713,0.11050272236408058,0.04463767291017655
52.2,0.10403258319635801,0.01883032442300509,0.08520225877335293
52.25,0.03466967818977536,-0.0833291366265424,0.11799881481631776
52.300000000000004,-0.05278894576475223,-0.17140430699411702,0.11861536122936478
52.35,-0.14817427699587718,-0.23162174940496458,0.0834474724090874
52.400000000000006,-0.23756318625504744,-0.2677792809331903,0.030216094678142874
52.45,-0.31236726083770433,-0.29567802984110475,-0.01668923099659958
52.5,-0.3728593818793506,-0.3308461733935816,-0.042013208485769005
52.550000000000004,-0.4236094690521316,-0.3785467543348814,-0.04506271471725021
52.6,-0.4660557750407688,-0.4311803929316495,-0.03487538210911928
52.650000000000006,-0.49533057350250115,-0.47215948907217614,-0.023171084430325006
52.7,-0.5032667180136369,-0.4826334709803872,-0.020633247033249646
52.75,-0.48328275842463103,-0.44858423897945016,-0.034698519445180875
52.800000000000004,-0.4320661367735669,-0.3670661662087487,-0.06499997056481821
52.85,-0.34774883805455103,-0.24926616710092311,-0.09848267095362792
52.900000000000006,-0.22871298061347076,-0.11685022082376915,-0.1118627597897016
52.95,-0.07621330361190087,0.009166653347860869,-0.08537995695976175
53.0,0.10102268350112933,0.12112735718639936,-0.020104673685270025
53.050000000000004,0.28518342333303787,0.22863776745333586,0.056545655879702006
53.1,0.45320151099018147,0.34746139027186185,0.10574012071831962
53.150000000000006,0.5830765484174203,0.47910860236954933,0.10396794604787096
53.2,0.6576246721350852,0.5969457847367902,0.06067888739829508
53.25,0.664241814473756,0.6527701373194708,0.01147167715428521
53.300000000000004,0.5945219984872077,0.6032255332714327,-0.008703534784225031
53.35,0.4480841677245647,0.43916636006738835,0.008917807657176369
53.400000000000006,0.2394739061644063,0.1968731110120338,0.0426007951523725
53.45,0.0012474272378324592,-0.05780836267726597,0.059055789915098425
53.5,-0.22285021714961137,-0.26210073413080825,0.03925051698119689
53.550000000000004,-0.3929527155135518,-0.3841482684341205,-0.008804447079431343
53.6,-0.4871311905166062,-0.4293835184963861,-0.057747672020220076
53.650000000000006,-0.5053411129468317,-0.42474865767220815,-0.08059245527462355
53.7,-0.46227480774255525,-0.39461622899435694,-0.0676585787481983
53.75,-0.37661452769469556,-0.34541762895407574,-0.031196898740619816
53.800000000000004,-0.2651679748167459,-0.2676173772319777,0.002449402415231783
53.85,-0.1436305677535624,-0.15122160847376107,0.007591040720198672
53.900000000000006,-0.028627062349785574,-0.0027185410884423365,-0.025908521261343236
53.95,0.0645647012591257,0.1488641218451206,-0.0842994205859949
54.0,0.1279607413488565,0.26214993283998766,-0.13418919149113118
54.050000000000004,0.16431756357102345,0.30496851907566264,-0.14065095550463919
54.1,0.18335573726840093,0.2741547157432796,-0.09079897847487867
54.150000000000006,0.19311451293119225,0.19960826053020778,-0.006493747599015526
54.2,0.19405360536473418,0.12751721398969237,0.0665363913750418
54.25,0.18131236333171524,0.09217198376332447,0.08914037956839077
54.300000000000004,0.15289831839929935,0.09578213664483286,0.05711618175446649
54.35,0.11604278093785667,0.11182858937193974,0.0042141915659169304
54.400000000000006,0.08579796903610355,0.11027732147512521,-0.024479352439021662
54.45,0.07701157440423442,0.0850347829010442,-0.008023208496809778
54.5,0.09615099343411121,0.06085070788238349,0.03530028555172772
54.550000000000004,0.13852314595656395,0.07292974492959904,0.06559340102696491
54.6,0.19123485616963756,0.13543032216799608,0.05580453400164148
54.650000000000006,0.23836626254964857,0.2251243880298424,0.013241874519806185
54.7,0.26531221766060936,0.29429561333956206,-0.028983395678952695
54.75,0.26194434990627263,0.30258994010936613,-0.040645590203093496
54.800000000000004,0.22523856501844214,0.24225579743542772,-0.017017232416985578
54.85,0.16052539507973673,0.13816837610483393,0.022357018974902804
54.900000000000006,0.07953230046566094,0.026202251091973154,0.053330049373687786
54.95,-0.0045989383416071145,-0.06951161978798107,0.06491268144637395
55.0,-0.0818254777324473,-0.14267969707412995,0.06085421934168264
55.050000000000004,-0.14546250589310877,-0.19449373299918532,0.04903122710607655
55.1,-0.18866567595360412,-0.22194801252037785,0.033282336566773735
55.150000000000006,-0.20240374704674627,-0.2180875748132627,0.015683827766516445
55.2,-0.17969950052762768,-0.18255875327069276,0.0028592527430650883
55.25,-0.12432152230782861,-0.1291839414164385,0.004862419108609878
55.300000000000004,-0.05563306864128845,-0.08064476769462939,0.02501169905334094
55.35,-0.00241662372596389,-0.05436689785059139,0.0519502741246275
55.400000000000006,0.01231004951631381,-0.05315836976704973,0.06546841928336354
55.45,-0.015628413111640854,-0.06919869077805221,0.053570277666411356
55.5,-0.07137714230585607,-0.09613875193571346,0.024761609629857392
55.550000000000004,-0.1339562933872396,-0.13604833996679144,0.0020920465795518373
55.6,-0.1910349989921875,-0.19400452196206888,0.002969522969881372
55.650000000000006,-0.24298502038048164,-0.266584583257565,0.02359956287708337
55.7,-0.29391697718996773,-0.3371179189016157,0.043200941711647955
55.75,-0.33966729487566266,-0.3834895445869681,0.04382224971130544
55.800000000000004,-0.3652361982326828,-0.3912887643246204,0.026052566091937623
55.85,-0.35468811096757513,-0.3599585685590499,0.005270457591474764
55.900000000000006,-0.30434822913168563,-0.29750417905017246,-0.0068440500815131755
55.95,-0.2269675839354294,-0.21144019987578058,-0.015527384059648819
56.0,-0.1430551367492516,-0.10675462114613382,-0.03630051560311778
56.050000000000004,-0.06719830277200586,0.007599062910223048,-0.07479736568222892
56.1,-0.0009082354118829273,0.11348442541666587,-0.11439266082854879
56.150000000000006,0.0633723942186414,0.189770858180119,-0.12639846396147758
56.2,0.13247449696601035,0.22788000628203406,-0.0954055093160237
56.25,0.20591406320301028,0.24230743443980526,-0.03639337123679498
56.300000000000004,0.27658013050196456,0.2630654112936784,0.013514719208286174
56.35,0.3356015675553205,0.3126054397275122,0.0229961278278083
56.400000000000006,0.3761305334568749,0.38543261082361274,-0.009302077366737826
56.45,0.39432690615155197,0.44873010060237484,-0.05440319445082287
56.5,0.3896130683975554,0.4654099794883867,-0.07579691109083131
56.550000000000004,0.3656758610794371,0.4217751466811238,-0.0560992856016867
56.6,0.33030000692833045,0.33766144544112825,-0.007361438512797802
56.650000000000006,0.29133988994048177,0.251330777527887,0.04000911241259475
56.7,0.2501824986336632,0.19168948657456258,0.058493012059100624
56.75,0.1986296570214323,0.15934803540377127,0.03928162161766102
56.800000000000004,0.12406301277723898,0.12932851077078458,-0.005265497993545601
56.85,0.02053327000957392,0.070894830991069,-0.05036156098149508
56.900000000000006,-0.10316324648295953,-0.031207845345493104,-0.07195540113746643
56.95,-0.22594018356443618,-0.16760181763577364,-0.05833836592866254
57.0,-0.3258568113829841,-0.3098870064691902,-0.015969804913793906
57.050000000000004,-0.390810641140178,-0.4244010026097586,0.03359036146958061
57.1,-0.41980407524981855,-0.4855344489862796,0.06573037373646107
57.150000000000006,-0.41558382117130027,-0.4834463136531153,0.06786249248181503
57.2,-0.3778606612173284,-0.4249397878465106,0.04707912662918218
57.25,-0.3050264249392104,-0.32842840280873453,0.023401977869524138
57.300000000000004,-0.20261085321429712,-0.2155071985058603,0.012896345291563194
57.35,-0.08876386640013739,-0.10344478399248647,0.014680917592349074
57.400000000000006,0.010740753379097998,-0.0030263585435692797,0.013767111922667278
57.45,0.07519472700817294,0.07750865649426983,-0.002313929486096891
57.5,0.09874590609579811,0.1273934672640859,-0.02864756116828779
57.550000000000004,0.0894232266125932,0.13427598103673208,-0.04485275442413887
57.6,0.059908007921192705,0.09329560716754891,-0.0333875992463562
57.650000000000006,0.019843048864177443,0.017481368000263134,0.0023616808639143096
57.7,-0.023662398055745396,-0.06153490761913797,0.037872509563392574
57.75,-0.060466742531221626,-0.10725769099691077,0.04679094846568914
57.800000000000004,-0.07566821634939784,-0.09867921969410241,0.023011003344704573
57.85,-0.05618570034324905,-0.04183263254658916,-0.014353067796659895
57.900000000000006,-0.0004143090453852825,0.03717575415657842,-0.0375900632019637
57.95,0.07861468685114731,0.11214431987868927,-0.03352963302754196
58.0,0.16024308394158046,0.17289005601780572,-0.012646972076225255
58.050000000000004,0.2271062036875583,0.22409856138073458,0.00300764230682371
58.1,0.27034105684702164,0.2694738923494587,0.0008671644975629667
58.150000000000006,0.28618739526706777,0.2977913304507784,-0.011603935183710612
58.2,0.27048806869674913,0.2861245053651201,-0.015636436668370945
58.25,0.2193139903078229,0.21927511329758395,3.88770102389413e-05
58.300000000000004,0.13603030930340265,0.10800772273331628,0.02802258657008637
58.35,0.03637801396583893,-0.012158952481106064,0.048536966446944996
58.400000000000006,-0.0563427669214725,-0.10325934351562,0.0469165765941475
58.45,-0.12394258981713166,-0.15044693462833367,0.026504344811202007
58.5,-0.16283170881090267,-0.16871999422171252,0.0058882854108098515
58.550000000000004,-0.18136420473780906,-0.1845985579347375,0.003234353196928441
58.6,-0.18785185880036775,-0.20899415817875472,0.021142299378386964
58.650000000000006,-0.18156907689526636,-0.22611210590076625,0.04454302900549989
58.7,-0.1560579296913911,-0.20929823179551904,0.053240302104127946
58.75,-0.11108328351887642,-0.14996341114146575,0.03888012762258933
58.800000000000004,-0.059940582176713206,-0.07241234992924611,0.012471767752532906
58.85,-0.022843725465676833,-0.018577289984756683,-0.00426643548092015
58.900000000000006,-0.011246170954744889,-0.013565794335923753,0.0023196233811788643
58.95,-0.017907991180414366,-0.04186092569585766,0.023952934515443298
59.0,-0.022858854752140195,-0.05706849434847547,0.03420963959633527
59.050000000000004,-0.010369965085623978,-0.019819210915125705,0.009449245829501726
59.1,0.018500918405603094,0.06708543794017396,-0.048584519534570866
59.150000000000006,0.04883116441003995,0.15693832036159353,-0.10810715595155357
59.2,0.06642384715606472,0.19424166604384535,-0.12781781888778063
59.25,0.0697460691183534,0.15865448463312237,-0.08890841551476897
59.300000000000004,0.06868291406397467,0.08142340534956885,-0.01274049128559418
59.35,0.07308826624255134,0.020608374131118542,0.052479892111432794
59.400000000000006,0.08341996556634095,0.015921299434050733,0.06749866613229022
59.45,0.09206343130109441,0.060582812701812296,0.03148061859928212
59.5,0.09220583013473031,0.11207949918545129,-0.01987366905072098
59.550000000000004,0.08403540189077925,0.1300854642858644,-0.04605006239508515
59.6,0.07245225573971614,0.10778888911816371,-0.03533663337844757
59.650000000000006,0.060585305306761275,0.07120683877794308,-0.010621533471181804
59.7,0.047708397486331405,0.05102898147744442,-0.003320583991113013
59.75,0.03416668245814014,0.055329374752042824,-0.021162692293902684
59.800000000000004,0.026873961903408995,0.0680093249717044,-0.0411353630682954
59.85,0.03742405219317648,0.07171219427431001,-0.03428814208113353
59.900000000000006,0.07291403008385869,0.07049671522951138,0.002417314854347305
59.95,0.12828129348816153,0.08864859604282842,0.03963269744533311
60.0,0.1882816040764838,0.14578612664808616,0.042495477428397654
60.050000000000004,0.23737852032528056,0.23173203362095235,0.005646486704328213
60.1,0.2674064538637317,0.30546249708070516,-0.03805604321697348
60.150000000000006,0.27548370824204177,0.32058128456589213,-0.045097576323850364
60.2,0.25596663947282017,0.25619548278604737,-0.00022884331322720053
60.25,0.1979195441609875,0.12841771424981546,0.06950182991117204
60.300000000000004,0.09442561108413017,-0.024019491097756644,0.11844510218188681
60.35,-0.04349055048233712,-0.1646869679527154,0.12119641747037828
60.400000000000006,-0.1832685978641303,-0.2741001677075431,0.09083156984341278
60.45,-0.2850588074850308,-0.3469122993495367,0.061853491864505894
60.5,-0.32482935333493596,-0.38174517380021283,0.05691582046527688
60.550000000000004,-0.3079028873870467,-0.37759514672715044,0.06969225934010376
60.6,-0.2620281539952526,-0.3395578748306903,0.07752972083543769
60.650000000000006,-0.2169065593235718,-0.28420197825258114,0.06729541892900934
60.7,-0.18811508766872226,-0.2349729056664659,0.046857817997743634
60.75,-0.17719682305951778,-0.20967771888362322,0.03248089582410543
60.800000000000004,-0.18303520849112215,-0.2117423176827909,0.028707109191668745
60.85,-0.2093965636042819,-0.2334597500731731,0.02406318646889119
60.900000000000006,-0.25960657120801395,-0.2665458596594723,0.006939288451458359
60.95,-0.32469865927214103,-0.30739298363637724,-0.017305675635763795
61.0,-0.3796280088714561,-0.35072764317929944,-0.02890036569215665
61.050000000000004,-0.3945600762308367,-0.37954238484295466,-0.01501769138788206
61.1,-0.3527282576832946,-0.3655465252427702,0.012818267559475627
61.150000000000006,-0.2591216896431311,-0.2849089864073794,0.02578729676424829
61.2,-0.13293876628215773,-0.1376088033809079,0.004670037098750163
61.25,0.007535818293648163,0.04750484029800834,-0.03996902200436018
61.300000000000004,0.15234714171656857,0.2282048965702799,-0.07585775485371132
61.35,0.2934782364484921,0.37236754014884926,-0.07888930370035718
61.400000000000006,0.4138937714932899,0.46956264480129845,-0.05566887330800857
61.45,0.48674107230443225,0.5227599363317804,-0.03601886402734816
61.5,0.48916602625358774,0.5316578950699007,-0.04249186881631295
61.550000000000004,0.41954450234478324,0.4867603569890049,-0.06721585464422164
61.6,0.30190564692230115,0.38136347638112805,-0.0794578294588269
61.650000000000006,0.17232970725381494,0.22913910277956936,-0.056809395525754425
61.7,0.05846986242568004,0.06777584200619055,-0.009305979580510514
61.75,-0.030874871655329636,-0.058301513494405585,0.02742664183907595
61.800000000000004,-0.09934966135360603,-0.12305861160637678,0.023708950252770755
61.85,-0.1487860738709913,-0.13092128074741394,-0.01786479312357736
61.900000000000006,-0.172184165754068,-0.1067529943759871,-0.0654311713780809
61.95,-0.1602531527621071,-0.07437630235934224,-0.08587685040276487
62.0,-0.11367645650451955,-0.04281052205122497,-0.07086593445329457
62.050000000000004,-0.04783480145907948,-0.009644216740199099,-0.03819058471888038
62.1,0.015288127031497907,0.026141080888324075,-0.010852953856826168
62.150000000000006,0.06056565421658402,0.05694235667352749,0.003623297543056528
62.2,0.08634642332296852,0.07163592347428918,0.014710499848679337
62.25,0.09929812200792151,0.06591797458716811,0.0333801474207534
62.300000000000004,0.1039297446509239,0.04608799716693501,0.05784174748398889
62.35,0.09745736895438283,0.02268969043460636,0.07476767851977646
62.400000000000006,0.07428464794649689,0.0015508900517798563,0.07273375789471703
62.45,0.03446410540165291,-0.018369106641478294,0.0528332120431312
62.5,-0.0130550495293675,-0.03951613195196507,0.026461082422597572
62.550000000000004,-0.055919633612879514,-0.060558009387810384,0.00463837577493087
62.6,-0.0874309599043911,-0.07825552215196259,-0.009175437752428517
62.650000000000006,-0.11073788584779373,-0.09379351622636721,-0.016944369621426522
62.7,-0.13446544670480218,-0.11449910728285521,-0.019966339421946963
62.75,-0.16373424139320478,-0.14630465725127922,-0.017429584141925553
62.800000000000004,-0.19404406711312652,-0.1832844314037161,-0.010759635709410409
62.85,-0.2124617438380128,-0.20582338549365886,-0.006638358344353945
62.900000000000006,-0.20454540854019557,-0.19178414742126604,-0.012761261118929529
62.95,-0.16178750614108933,-0.13214485198195233,-0.029642654159137
63.0,-0.08526373995321228,-0.03741660727698659,-0.04784713267622569
63.050000000000004,0.015312958804849784,0.07044189774910158,-0.05512893894425179
63.1,0.12512659630129624,0.17222362716302256,-0.04709703086172631
63.150000000000006,0.22789828154362088,0.2584512448062855,-0.03055296326266463
63.2,0.30837611370714096,0.3245096161181035,-0.016133502410962564
63.25,0.3538889779292097,0.36224395026901673,-0.008354972339807032
63.300000000000004,0.3559222163541579,0.35965915403864335,-0.003736937684485464
63.35,0.3123767088783671,0.31060002459214603,0.0017766842862210752
63.400000000000006,0.22996582314529102,0.22416028333258237,0.005805539812708649
63.45,0.12483194055329463,0.12252986951948087,0.00230207103381376
63.5,0.019301378040596402,0.02767609845632745,-0.008374720415731049
63.550000000000004,-0.06528549710464843,-0.050650474558366396,-0.014635022546282031
63.6,-0.11645837260604926,-0.11389774780052317,-0.0025606248055260877
63.650000000000006,-0.1342905122392785,-0.16254036231527347,0.02824985007599498
63.7,-0.1281037455173165,-0.1868671788310006,0.05876343331368411
63.75,-0.10853250279797315,-0.17241029757998655,0.0638777947820134
63.800000000000004,-0.0810780282411186,-0.11626661797664535,0.03518858973552676
63.85,-0.04602761403728457,-0.03781534371286053,-0.008212270324424044
63.900000000000006,-0.003941859746790721,0.02901110197482511,-0.03295296172161583
63.95,0.03912421012082187,0.05743946884469088,-0.018315258723869007
64.0,0.07209314917678052,0.045119202568005994,0.026973946608774522
64.05,0.08491395916002303,0.01202888796348111,0.07288507119654192
64.10000000000001,0.07476611657193336,-0.018065776304550432,0.09283189287648379
64.15,0.04707273729959011,-0.03508617545005843,0.08215891274964854
64.2,0.011114656589566457,-0.044270111282205746,0.055384767871772204
64.25,-0.025168329285889093,-0.05381370154662118,0.028645372260732084
64.3,-0.056914875065439526,-0.06366008614340518,0.006745211077965656
64.35000000000001,-0.08086967768431141,-0.06727523404926093,-0.013594443635050482
64.4,-0.09430834786793847,-0.06268206316545792,-0.03162628470248055
64.45,-0.09641053446519804,-0.05821806309871628,-0.03819247136648176
64.5,-0.0898611586645033,-0.06423334534471704,-0.025627813319786252
64.55,-0.07909252754303081,-0.07830349399503382,-0.0007890335479969895
64.60000000000001,-0.06544218719251078,-0.08083187238148593,0.015389685188975141
64.65,-0.04436612409831536,-0.04925025971248035,0.0048841356141649875
64.7,-0.009341680478795284,0.01991438257801718,-0.029256063056812463
64.75,0.03966165060564122,0.10196142366704794,-0.06229977306140672
64.8,0.09152364232824976,0.15881300573966067,-0.06728936341141091
64.85000000000001,0.12957262449605209,0.1669185959704256,-0.03734597147437352
64.9,0.14406894793602024,0.13458399931015588,0.009484948625864353
64.95,0.13995722763884663,0.09353549892291804,0.04642172871592859
65.0,0.1310920853100871,0.07196917645263556,0.05912290885745153
65.05,0.1249360148911205,0.07219759552891307,0.052738419362207425
65.10000000000001,0.11238539778779896,0.07116926011862745,0.04121613766917151
65.15,0.07429185406546465,0.0417783041085657,0.03251354995689895
65.2,0.0007552005243777963,-0.024176041391308505,0.0249312419156863
65.25,-0.0942053896556008,-0.10978511847318366,0.015579728817582864
65.3,-0.1775554046584755,-0.18600765288814577,0.008452248229670278
65.35000000000001,-0.21930941683113492,-0.23065486491458936,0.011345448083454446
65.4,-0.21309044263471744,-0.23819910498657312,0.025108662351855687
65.45,-0.17731614435837853,-0.21609458053356478,0.038778436175186254
65.5,-0.13684603257611244,-0.17514761515940241,0.03830158258328997
65.55,-0.10278982441623902,-0.12377660058045699,0.02098677616421797
65.60000000000001,-0.06897546335797912,-0.06899189633483727,1.643297685814671e-05
65.65,-0.026631423619545784,-0.019370695723114256,-0.007260727896431528
65.7,0.019114308315805243,0.015427350122100432,0.0036869581937048115
65.75,0.04863064298605181,0.028833143653967785,0.019797499332084027
65.8,0.04440088528350516,0.020947789245148594,0.023453096038356564
65.85000000000001,0.008582096090849973,-0.0019152127470321875,0.01049730883788216
65.9,-0.036102913220555054,-0.030815702849666338,-0.005287210370888716
65.95,-0.06368296953879517,-0.057403967382486355,-0.006279002156308812
66.0,-0.06461706717961468,-0.07493615964417084,0.01031909246455616
66.05,-0.050242849802168345,-0.07849503539800007,0.028252185595831723
66.10000000000001,-0.03940020857804941,-0.06646357340048752,0.027063364822438103
66.15,-0.04110653594926023,-0.04268555763295874,0.0015790216836985074
66.2,-0.04924831375311355,-0.01636230528470872,-0.03288600846840484
66.25,-0.052123175676122395,0.0020609287474954436,-0.05418410442361784
66.3,-0.04535624900375438,0.0068198720787291745,-0.052176121082483554
66.35000000000001,-0.035186238445434684,-4.268004050147471e-05,-0.03514355840493321
66.4,-0.030403178332686277,-0.010901680346172664,-0.019501497986513613
66.45,-0.03262308167733549,-0.0179566581930728,-0.01466642348426269
66.5,-0.03469993968850177,-0.01702905779075483,-0.01767088189774694
66.55,-0.027330112273940374,-0.007085870729930202,-0.020244241544010173
66.60000000000001,-0.005792266326448777,0.012599091883480375,-0.018391358209929154
66.65,0.029325194757327453,0.043515297704194045,-0.014190102946866592
66.7,0.07517754140580135,0.08543643719489545,-0.0102588957890941
66.75,0.12703044948260195,0.13287942313835416,-0.00584897365575221
66.8,0.1744644341077424,0.17457036743098642,-0.00010593332324401739
66.85000000000001,0.19976805857574473,0.19724714034719723,0.0025209182285474974
66.9,0.18512268893341788,0.19105626784549018,-0.0059335789120723015
66.95,0.12591518970168994,0.15270131788497693,-0.02678612818328699
67.0,0.03847329342817086,0.08533371088167284,-0.04686041745350198
67.05,-0.047169236896586746,-0.00242610922955947,-0.044743127667027274
67.10000000000001,-0.10558554909224492,-0.09596482981745125,-0.009620719274793674
67.15,-0.13008209700573067,-0.1738253928147127,0.043743295808982036
67.2,-0.1303226488941978,-0.2106688617411747,0.08034621284697688
67.25,-0.11670832729533501,-0.1864782616963656,0.0697699344010306
67.3,-0.08778301908596951,-0.0985635219268408,0.010780502840871287
67.35000000000001,-0.03384522293453589,0.03187402691474306,-0.06571924984927895
67.4,0.04679611106371175,0.16539238158972044,-0.11859627052600868
67.45,0.13619552414767425,0.26118401016343495,-0.12498848601576071
67.5,0.2034884912233501,0.29583290116160216,-0.09234440993825205
67.55,0.2258093380120511,0.2724594478122469,-0.046650109800195794
67.60000000000001,0.20474914056876822,0.21489316455522028,-0.010144023986452061
67.65,0.16316723861045873,0.15149585060423126,0.011671388006227468
67.7,0.12543766277122032,0.09970870155492735,0.025728961216292964
67.75,0.09935829608895658,0.06080259653008172,0.038555699558874855
67.8,0.07533271273541217,0.026304844825058203,0.04902786791035397
67.85000000000001,0.04120905408215834,-0.01065387936517374,0.051862933447332074
67.9,-0.0032972286628095183,-0.048380790731251594,0.04508356206844208
67.95,-0.046492847774287575,-0.07886225482787652,0.03236940705358895
68.0,-0.07726562733714394,-0.09629870313750338,0.019033075800359442
68.05,-0.0960933472337286,-0.10404643331867897,0.007953086084950364
68.10000000000001,-0.11301883042156409,-0.11351899176434906,0.000500161342784966
68.15,-0.13533746585860143,-0.13523182955492366,-0.00010563630367776966
68.2,-0.15826699505504097,-0.16881071979711146,0.010543724742070493
68.25,-0.16819657478794664,-0.20017229064772032,0.031975715859773685
68.3,-0.15486872722419534,-0.20895412829372506,0.05408540106952972
68.35000000000001,-0.12013812867001615,-0.1814709921090748,0.06133286343905865
68.4,-0.07532430354906461,-0.12009664633604816,0.044772342786983554
68.45,-0.031198618420201288,-0.042521792456636474,0.011323174036435187
68.5,0.008577333535107872,0.028190858744123356,-0.019613525209015485
68.55,0.04473254495163456,0.07539689646472773,-0.03066435151309317
68.60000000000001,0.07511380086402443,0.09471929565703688,-0.01960549479301245
68.65,0.09215182443894819,0.09161579879276209,0.0005360256461861002
68.7,0.08851657365476226,0.0747098760849932,0.013806697569769058
68.75,0.06507622263697818,0.05098099218669477,0.014095230450283415
68.8,0.032626308250863365,0.0255850670580913,0.007041241192772066
68.85000000000001,0.005323583268801271,0.004117286025262876,0.0012062972435383946
68.9,-0.008032610900851691,-0.006753083191579689,-0.0012795277092720022
68.95,-0.0074036389245480455,-0.0018805755930229348,-0.005523063331525111
69.0,0.0017272212128975764,0.01874840892497889,-0.017021187712081314
69.05,0.013322699565439857,0.04887084507698365,-0.0355481455115438
69.10000000000001,0.022789778224683303,0.07845483298182651,-0.05566505475714321
69.15,0.02652377549459472,0.09788237590559586,-0.07135860041100114
69.2,0.022655151674427443,0.10099025065510384,-0.0783350989806764
69.25,0.013828566087937668,0.08604802437439119,-0.07221945828645351
69.3,0.00806281511019445,0.05584624616382994,-0.047783431053635486
69.35000000000001,0.013966294477274892,0.017919311259607343,-0.003953016782332451
69.4,0.032847368344340114,-0.016015561515127223,0.04886292985946734
69.45,0.05554949847896194,-0.03327413959920342,0.08882363807816536
69.5,0.068872684428161,-0.026073620931506912,0.09494630535966792
69.55,0.06679880209531434,0.003164408941425555,0.06363439315388879
69.60000000000001,0.05546832798557294,0.041349702729872456,0.014118625255700484
69.65,0.04587719724125046,0.07048220638900603,-0.02460500914775557
69.7,0.040795302747059864,0.0763316700089602,-0.035536367261900334
69.75,0.029631143892136183,0.054480446439989436,-0.024849302547853253
69.8,-0.0017633724718939528,0.010488283089411715,-0.012251655561305669
69.85000000000001,-0.05446800430046861,-0.04434854675817422,-0.010119457542294388
69.9,-0.10946708705807028,-0.0974489428591856,-0.012018144198884681
69.95,-0.13875027183063585,-0.1369339814027266,-0.001816290427909234
70.0,-0.1258749265286148,-0.15218254400055828,0.02630761747194349
70.05,-0.0777815679324148,-0.1357620337477034,0.05798046581528861
70.10000000000001,-0.017659837342081285,-0.08748627832705529,0.06982644098497401
70.15,0.033471837791446954,-0.01774969801762986,0.05122153580907682
70.2,0.06889105958823893,0.05381689855942767,0.015074161028811262
70.25,0.09219025207942697,0.10533481848114844,-0.013144566401721472
70.3,0.10442966727129731,0.12174924800668682,-0.017319580735389514
70.35000000000001,0.09816120697116285,0.10053201439723203,-0.0023708074260691825
70.4,0.065384911341498,0.05100123174794035,0.01438367959355765
70.45,0.010279380718730548,-0.011293050275375287,0.021572430994105836
70.5,-0.04857311927057919,-0.07103908168446077,0.02246596241388158
70.55,-0.09091536256669298,-0.11730366786550596,0.026388305298812975
70.60000000000001,-0.11058457150699837,-0.1448605145970171,0.03427594309001873
70.65,-0.11821423393436438,-0.1538740527358914,0.03565981880152701
70.7,-0.127765071430528,-0.14872098449405433,0.020955913063526316
70.75,-0.14062921254840982,-0.13581427751328728,-0.004814935035122536
70.8,-0.14386413991671937,-0.1206156061396416,-0.023248533777077765
70.85000000000001,-0.12451730232678325,-0.10533516024053716,-0.019182142086246093
70.9,-0.08506948367976495,-0.0891621937478539,0.0040927100680889505
70.95,-0.04361738066760163,-0.07108552373619659,0.027468143068594957
71.0,-0.018252635722422385,-0.052838109439202766,0.03458547371678038
71.05,-0.011649759326946063,-0.03896306867709628,0.027313309350150215
71.10000000000001,-0.011642978982120388,-0.033497462546336745,0.021854483564216355
71.15,-0.00665005540083613,-0.03616374553532654,0.029513690134490407
71.2,0.0009636875179212589,-0.04181653406746954,0.0427802215853908
71.25,-0.0017524197120300173,-0.0440388275665949,0.04228640785456488
71.3,-0.02168780756637404,-0.039775843244953785,0.018088035678579743
71.35000000000001,-0.047984969228785083,-0.030693564380444648,-0.017291404848340436
71.4,-0.05900944032772616,-0.019949970647410015,-0.03905946968031615
71.45,-0.042070179976153615,-0.0075346331970691125,-0.034535546779084506
71.5,-0.005881632395317054,0.011064786992157162,-0.016946419387474217
71.55,0.027568541850935966,0.0410725130775719,-0.013503971226635932
71.60000000000001,0.04402255693686698,0.08256831377111375,-0.03854575683424677
71.65,0.04949184639568115,0.12782355026764747,-0.07833170387196632
71.7,0.061389987305976106,0.16453838134914628,-0.10314839404317017
71.75,0.08745060527274041,0.1826879950950224,-0.09523738982228198
71.8,0.11461112046267934,0.17971544029087275,-0.06510431982819341
71.85000000000001,0.12010305780617056,0.16037611377276287,-0.04027305596659231
71.9,0.09404309181725552,0.13204274114213974,-0.03799964932488421
71.95,0.050530244568124376,0.09971928101458619,-0.04918903644646181
72.0,0.015569362070079463,0.06466911101550984,-0.049099748945430385
72.05,0.0036831999874840423,0.02716063499726945,-0.023477435009785406
72.10000000000001,0.006679976763959817,-0.009534507248233041,0.01621448401219286
72.15,0.005653019152391702,-0.037515918655419346,0.043168937807811045
72.2,-0.0065118175055364335,-0.046645932715773435,0.040134115210237
72.25,-0.015681764452861513,-0.02973163728963731,0.014049872836775796
72.3,-0.0003607552009694524,0.012507030069899538,-0.01286778527086899
72.35000000000001,0.04469485077698024,0.0695994035344412,-0.024904552757460965
72.4,0.09896038103659628,0.12398234929863713,-0.025021968262040853
72.45,0.13083282474944843,0.15735747806176434,-0.026524653312315905
72.5,0.12292560911375273,0.1580387590729314,-0.03511314995917868
72.55,0.08440905664157737,0.12578777439390426,-0.04137871775232689
72.60000000000001,0.04005014602743905,0.07161259211072132,-0.03156244608328227
72.65,0.008094665168246666,0.01257458786085979,-0.004479922692613124
72.7,-0.01156364106159305,-0.03557474358345737,0.024011102521864322
72.75,-0.029608041284697142,-0.06398955249208825,0.03438151120739111
72.8,-0.05066926453296625,-0.07204109025410414,0.02137182572113789
72.85000000000001,-0.06612718406308934,-0.06474466398765394,-0.0013825200754354061
72.9,-0.063133924263576,-0.04889218090642101,-0.014241743357154994
72.95,-0.039248567021237975,-0.030420527547689504,-0.00882803947354847
73.0,-0.0068997744232131165,-0.013701681579477416,0.0068019071562642995
73.05,0.016712891580103157,-0.0017056269391609487,0.018418518519264106
73.10000000000001,0.023622529342467502,0.0041709427609877454,0.019451586581479757
73.15,0.019329917881939697,0.004661091628545843,0.014668826253393854
73.2,0.014674803769245837,0.0026493474166705147,0.012025456352575323
73.25,0.015246768482959633,0.002023072879297959,0.013223695603661673
73.3,0.019089341642366486,0.005845333838362424,0.013244007804004062
73.35000000000001,0.022977594404002613,0.015016166367856444,0.007961428036146169
73.4,0.02812899645066822,0.028118266625038493,1.0729825629728768e-05
73.45,0.03809312120879608,0.042138657992012024,-0.004045536783215946
73.5,0.05181030150956735,0.05334055199862928,-0.0015302504890619337
73.55,0.06119708768592809,0.05803794935203786,0.003159138333890227
73.60000000000001,0.05763277941240717,0.05358713008128356,0.004045649331123613
73.65,0.04105951167968011,0.03966662001677091,0.0013928916629092
73.7,0.021409382453270648,0.019068667748131724,0.0023407147051389236
73.75,0.009763182386056108,-0.0030784155224240777,0.012841597908480185
73.8,0.007876819521596811,-0.02175455341789697,0.02963137293949378
73.85000000000001,0.0070062884824605995,-0.03470397231827416,0.041710260800734755
73.9,-0.0026220345562998036,-0.043334045936899636,0.040712011380599836
73.95,-0.02167693257349119,-0.05118627461143985,0.029509342037948656
74.0,-0.04163865487579964,-0.06134358874659424,0.019704933870794604
74.05,-0.05461325211387378,-0.07492199726458072,0.020308745150706943
74.10000000000001,-0.06208944335784412,-0.09149009996250052,0.0294006566046564
74.15,-0.07275332594821937,-0.11019168943067684,0.037438363482457465
74.2,-0.09146119042454928,-0.1297432113962535,0.03828202097170422
74.25,-0.11146150847054802,-0.1471055574932014,0.035644049022653376
74.3,-0.11896601008865035,-0.1567970330309962,0.03783102294234586
74.35000000000001,-0.10612942793522044,-0.15296893342916315,0.04683950549394271
74.4,-0.07930383588165664,-0.13382265892319553,0.05451882304153889
74.45,-0.05404236256280242,-0.10493918612933824,0.05089682356653582
74.5,-0.04194062608626361,-0.07782546308246657,0.035884836996202964
74.55,-0.04253062458567325,-0.0634105179436379,0.020879893357964655
74.60000000000001,-0.047500131543729916,-0.06471512341876214,0.01721499187503222
74.65,-0.05113159237907946,-0.0743771908280645,0.023245598448985043
74.7,-0.054694932237431895,-0.07937740535979862,0.024682473122366724
74.75,-0.060262673565075205,-0.06965744167180254,0.00939476810672734
74.8,-0.06230958832124774,-0.04413758039371001,-0.01817200792753773
74.85000000000001,-0.048826811081693657,-0.009792130230809406,-0.039034680850884254
74.9,-0.013158552284859227,0.024789254642289926,-0.03794780692714915
74.95,0.03538678772145987,0.05547519759298485,-0.020088409871524986
75.0,0.07491429603553279,0.08314378299627441,-0.00822948696074162
75.05,0.08742610017725191,0.10879368202885724,-0.021367581851605325
75.10000000000001,0.07330464809362339,0.12841058859191162,-0.055105940498288236
75.15,0.049428063877572405,0.13318729408424854,-0.08375923020667614
75.2,0.032520905823017664,0.11591136635952347,-0.08339046053650581
75.25,0.02440013819821569,0.07848217444341994,-0.05408203624520425
75.3,0.013935902158953599,0.03379400190849665,-0.01985809974954305
75.35000000000001,-0.006855881712281083,-0.0006201967328318563,-0.006235684979449227
75.4,-0.030207994490967865,-0.013052947099687455,-0.01715504739128041
75.45,-0.03775061903694769,-0.004402224209888703,-0.03334839482705898
75.5,-0.01895025169976835,0.013885940387213209,-0.03283619208698156
75.55,0.016279858112005788,0.028947545262445043,-0.012667687150439255
75.60000000000001,0.04475125697791512,0.03541301663666089,0.00933824034125423
75.65,0.050715560227981925,0.037267572926676464,0.013447987301305461
75.7,0.03952085788346535,0.041866117703534864,-0.0023452598200695146
75.75,0.030371693787811568,0.051826836453914504,-0.021455142666102937
75.8,0.035690937809157046,0.06201410368261896,-0.026323165873461916
75.85000000000001,0.048448067596148836,0.06408995292791148,-0.01564188533176264
75.9,0.050555815144598226,0.05434562160619445,-0.0037898064615962263
75.95,0.03335685568991561,0.03765223742655143,-0.004295381736635823
76.0,0.008321686599999949,0.023879164471601128,-0.015557477871601178
76.05,-0.0038807812167667337,0.01985803293325113,-0.023738814150017863
76.10000000000001,0.005049274709188201,0.023913389915152173,-0.018864115205963972
76.15,0.021579035628065523,0.027654981673609955,-0.0060759460455444315
76.2,0.023678405036008817,0.02329181808016925,0.0003865869558395685
76.25,0.003861860258277652,0.010000171128963394,-0.006138310870685742
76.3,-0.021950480803901846,-0.005976593224371876,-0.015973887579529972
76.35000000000001,-0.029705520780746886,-0.017039376498283784,-0.012666144282463102
76.4,-0.011767090924171386,-0.02028238251377418,0.008515291589602795
76.45,0.014252155789791814,-0.018638538015922447,0.03289069380571426
76.5,0.02196036211400207,-0.01682636179921702,0.03878672391321909
76.55,0.0019343859311426648,-0.016590556131768075,0.018524942062910738
76.60000000000001,-0.028949930537746388,-0.015885320529601125,-0.013064610008145263
76.65,-0.04395007117597265,-0.012319009476708095,-0.03163106169926456
76.7,-0.032112712218479784,-0.006799760612963295,-0.02531295160551649
76.75,-0.00751450935223313,-0.003201255479963046,-0.004313253872270084
76.80000000000001,0.0066625138206800084,-0.004022652450888294,0.010685166271568302
76.85000000000001,0.002427558486497189,-0.006287422222731318,0.008714980709228506
76.9,-0.005284006942247416,-0.0021168570513083037,-0.0031671498909391126
76.95,0.004972159887766415,0.015678566963669715,-0.010706407075903299
77.0,0.03778831628216438,0.04719071273464995,-0.00940239645248557
77.05000000000001,0.07463793481895603,0.08329385920506038,-0.008655924386104352
77.10000000000001,0.09091944870998728,0.10960035419147271,-0.018680905481485433
77.15,0.07872616667010122,0.1138468162519097,-0.03512064958180848
77.2,0.05246757034418594,0.09211439420997604,-0.0396468238657901
77.25,0.03269257958558918,0.050715476366285615,-0.018022896780696435
77.30000000000001,0.025864665483767573,0.0034423544177145803,0.022422311066052993
77.35000000000001,0.0211175065862999,-0.0341381583889062,0.0552556649752061
77.4,0.0061997828026916215,-0.05108330862333099,0.057283091426022614
77.45,-0.01588608776171923,-0.045855048340214144,0.029968960578494915
77.5,-0.02860739164172549,-0.0272339356655261,-0.0013734559761993913
77.55000000000001,-0.020835444757443557,-0.01012951598637391,-0.010705928771069647
77.60000000000001,-0.0023720930353952115,-0.007672868778712692,0.00530077574331748
77.65,0.0022161725873777894,-0.023912301467655307,0.026128474055033095
77.7,-0.02267233856701404,-0.05191106305849302,0.029238724491478983
77.75,-0.06585314848038694,-0.07866271672711166,0.012809568246724717
77.80000000000001,-0.0965254921497277,-0.09316176924265841,-0.0033637229070692942
77.85000000000001,-0.09098851713134755,-0.09159342678576919,0.0006049096544216426
77.9,-0.05349201257852117,-0.07640188079354217,0.022909868215021
77.95,-0.011050646089093634,-0.051623474416121334,0.0405728283270277
78.0,0.012319582664644951,-0.019987787364634423,0.03230737002927937
78.05000000000001,0.016218074923630546,0.015261784045444562,0.0009562908781859843
78.10000000000001,0.019271468347154562,0.046619697061691896,-0.027348228714537334
78.15,0.035183239130783965,0.06238946563696062,-0.027206226506176656
78.2,0.055054277862892145,0.05300027096027049,0.002054006902621655
78.25,0.055059220284326166,0.019278384178967514,0.03578083610535865
78.30000000000001,0.022238797016613986,-0.02496002105975598,0.04719881807636997
78.35000000000001,-0.028118951328372412,-0.05967935740418587,0.03156040607581345
78.4,-0.06242437570360162,-0.07040628417275063,0.007981908469149014
78.45,-0.05780556098503035,-0.05608413822670669,-0.001721422758323661
78.5,-0.022480322780503045,-0.02742816490452347,0.004947842124020427
78.55000000000001,0.012304450795654471,0.0016121111258524336,0.010692339669802037
78.60000000000001,0.020947828892211664,0.021482988484365598,-0.0005351595921539339
78.65,0.005108209411919766,0.028430872106145647,-0.02332266269422588
78.7,-0.011933602292052838,0.021425655298648417,-0.033359257590701255
78.75,-0.011240760523180357,0.0003987330859600704,-0.011639493609140428
78.80000000000001,0.002051918711077514,-0.031475277958241885,0.0335271966693194
78.85000000000001,0.00474182848848226,-0.06513090224829099,0.06987273073677325
78.9,-0.019427835167859744,-0.08834656002947004,0.0689187248616103
78.95,-0.06139539008960091,-0.09418449121954715,0.03278910112994624
79.0,-0.0936806392931796,-0.08786954750721797,-0.0058110917859616334
79.05000000000001,-0.09571133803299108,-0.0838128020027675,-0.011898536030223575
79.10000000000001,-0.07246326517570145,-0.09276156211506885,0.020298296939367397
79.15,-0.04823706898773824,-0.10949459216417144,0.0612575231764332
79.2,-0.04217260375772975,-0.11334978366004471,0.07117717990231495
79.25,-0.049870251331726435,-0.08370108048673892,0.03383082915501249
79.30000000000001,-0.04890037648346323,-0.018606127255149593,-0.030294249228313638
79.35000000000001,-0.02212821654147296,0.059715653026205774,-0.08184386956767874
79.4,0.02445465326511188,0.11879220087192269,-0.0943375476068108
79.45,0.06663045409152148,0.1388058944735069,-0.07217544038198544
79.5,0.08413170844068678,0.1258350552850064,-0.04170334684431963
79.55000000000001,0.0780640243200188,0.10463105183040021,-0.02656702751038141
79.60000000000001,0.06705135337085583,0.09743993536121251,-0.030388581990356683
79.65,0.0669680661873607,0.10685364238615445,-0.03988557619879375
79.7,0.07491839647636196,0.11639164215639906,-0.0414732456800371
79.75,0.07313990381602288,0.1067913061533406,-0.033651402337317726
79.80000000000001,0.0484004632013603,0.0730707252195004,-0.024670262018140092
79.85000000000001,0.007364799461614055,0.028273307099271765,-0.02090850763765771
79.9,-0.02722829487438722,-0.007528618312108083,-0.019699676562279136
79.95,-0.035890360137168516,-0.022054026236339383,-0.013836333900829133
80.0,-0.01887536737999367,-0.017138971586453847,-0.0017363957935398223
