0.010870201	0.0000000
0.017253020	0.0000000
0.023635838	0.0000000
0.030018656	0.0000000
0.036401475	0.0000000
0.042784293	0.0000000
0.049167111	0.0000000
0.055549930	0.0000000
0.061932748	0.0000000
0.068315566	0.0000000
0.074698385	0.0000000
0.081081203	0.0000000
0.087464022	0.0000000
0.093846840	0.0000000
0.10022966	0.0000000
0.10661248	0.0000000
0.11299529	0.0000000
0.11937811	0.0000000
0.12576093	0.0000000
0.13214375	0.0000000
0.13852657	0.0000000
0.14490939	0.0000000
0.15129221	0.0000000
0.15767502	0.0000000
0.16405784	0.0000000
0.17044066	0.0000000
0.17682348	0.0000000
0.18320630	0.0000000
0.18958912	0.0000000
0.19597193	0.0000000
0.20235475	12088.747
0.20873757	12200.605
0.21512039	11119.074
0.22150321	9163.2643
0.22788603	8252.4128
0.23426884	6814.6184
0.24065166	5347.1038
0.24703448	4323.5281
0.25341730	3362.3966
0.25980012	2632.7681
0.26618294	1838.5886
0.27256575	1317.9687
0.27894857	695.06413
0.28533139	410.65844
0.29171421	145.91250
0.29809703	-137.41407
0.30447985	-396.31782
0.31086266	-716.66792
0.31724548	-831.29041
0.32362830	-1085.3673
0.33001112	-1569.9646
0.33639394	-1719.8320
0.34277676	-1951.3438
0.34915957	-1966.1282
0.35554239	-2189.2001
0.36192521	-1987.9630
0.36830803	-2088.7679
0.37469085	-2036.3109
0.38107367	-1843.4248
0.38745648	-1572.7497
0.39383930	-1249.4831
0.40022212	-1231.1269
0.40660494	-1215.3328
0.41298776	-1386.8477
0.41937058	-1469.8263
0.42575339	-1591.2702
0.43213621	-1671.6022
0.43851903	-1678.1204
0.44490185	-1790.9254
0.45128467	-1865.4322
0.45766749	-1975.8335
0.46405030	-2034.4852
0.47043312	-2085.9094
0.47681594	-2100.0912
0.48319876	-2052.4131
0.48958158	-2004.7235
0.49596440	-1928.8180
0.50234722	-1988.5959
0.50873003	-2010.1857
0.51511285	-2054.9762
0.52149567	-2015.1561
0.52787849	-1948.9454
0.53426131	-1855.1351
0.54064413	-1770.3301
0.54702694	-1711.9968
0.55340976	-1709.4874
0.55979258	-1709.9175
0.56617540	-1665.5033
0.57255822	-1580.7231
0.57894104	-1496.1999
0.58532385	-1421.5942
0.59170667	-1316.3349
0.59808949	-1272.0118
0.60447231	-1186.0280
0.61085513	-1109.6303
0.61723795	-898.77221
0.62362076	-759.33049
0.63000358	-601.45764
0.63638640	-485.05170
0.64276922	-343.15365
0.64915204	-255.52757
0.65553486	-228.87452
0.66191767	-152.67349
0.66830049	-84.034205
0.67468331	30.667280
0.68106613	-68.456095
0.68744895	-104.62736
0.69383177	-96.149129
0.70021458	-59.239828
0.70659740	44.971385
0.71298022	92.044664
0.71936304	146.54535
0.72574586	183.92647
0.73212868	228.17903
0.73851149	333.74111
0.74489431	387.62785
0.75127713	498.87186
0.75765995	582.58246
0.76404277	660.12371
0.77042559	764.24978
0.77680840	871.36645
0.78319122	1019.8614
0.78957404	1106.1682
0.79595686	1235.1253
0.80233968	1378.7189
0.80872250	1613.8008
0.81510531	1906.1344
0.82148813	2094.0519
0.82787095	2246.5360
0.83425377	2395.2438
0.84063659	2591.6681
0.84701941	2801.8362
0.85340223	2876.9550
0.85978504	2888.3331
0.86616786	2888.2664
0.87255068	2891.7211
0.87893350	2933.7998
0.88531632	2870.7119
0.89169914	2779.4392
0.89808195	2710.7042
0.90446477	2655.7830
0.91084759	2683.8808
0.91723041	2746.2534
0.92361323	2825.4516
0.92999605	2863.9021
0.93637886	2956.3720
0.94276168	3023.6546
0.94914450	3054.3905
0.95552732	3079.4265
0.96191014	3105.5315
0.96829296	3270.2447
0.97467577	3373.0855
0.98105859	3445.2740
0.98744141	3467.6554
0.99382423	3490.2073
1.0002070	3545.8053
1.0065899	3681.7145
1.0129727	3875.8558
1.0193555	3990.8389
1.0257383	4099.9340
1.0321211	4175.2594
1.0385040	4265.1093
1.0448868	4390.9717
1.0512696	4496.5187
1.0576524	4626.4962
1.0640352	4700.9940
1.0704180	4842.6455
1.0768009	4947.5114
1.0831837	5161.4699
1.0895665	5339.4790
1.0959493	5454.7274
1.1023321	5652.9396
1.1087150	5825.0349
1.1150978	6126.4778
1.1214806	6480.9235
1.1278634	6976.6980
1.1342462	7663.7760
1.1406291	8596.5507
1.1470119	10287.315
1.1533947	12810.201
1.1597775	17264.424
1.1661603	24541.585
1.1725431	35348.667
1.1789260	52542.374
1.1853088	70607.021
1.1916916	93701.998
1.1980744	114007.40
1.2044572	132349.73
1.2108401	148285.38
1.2172229	159400.18
1.2236057	168478.80
1.2299885	171714.01
1.2363713	168958.41
1.2427541	159536.20
1.2491370	144320.76
1.2555198	123875.27
1.2619026	103654.28
1.2682854	81402.749
1.2746682	62737.641
1.2810511	46885.429
1.2874339	34583.516
1.2938167	26047.892
1.3001995	20675.387
1.3065823	17922.557
1.3129651	16824.294
1.3193480	16949.862
1.3257308	18271.419
1.3321136	20831.757
1.3384964	25543.344
1.3448792	33977.879
1.3512621	47297.911
1.3576449	72813.921
1.3640277	108465.01
1.3704105	163237.43
1.3767933	229238.34
1.3831761	299112.96
1.3895590	371687.98
1.3959418	429354.20
1.4023246	482384.37
1.4087074	519751.98
1.4150902	547070.76
1.4214731	558905.43
1.4278559	550757.23
1.4342387	515241.89
1.4406215	466849.73
1.4470043	397473.33
1.4533872	325100.18
1.4597700	256072.54
1.4661528	187988.35
1.4725356	137777.31
1.4789184	93545.071
1.4853012	66342.182
1.4916841	47349.879
1.4980669	37616.070
1.5044497	33907.980
1.5108325	34893.443
1.5172153	40386.074
1.5235982	53516.151
1.5299810	75200.179
1.5363638	108025.43
1.5427466	153483.52
1.5491294	201401.97
1.5555122	255004.89
1.5618951	299944.90
1.5682779	339615.89
1.5746607	371353.64
1.5810435	393858.61
1.5874263	408186.38
1.5938092	407757.47
1.6001920	390677.95
1.6065748	359448.51
1.6129576	314408.39
1.6193404	263038.90
1.6257232	211859.14
1.6321061	162249.80
1.6384889	122072.95
1.6448717	88872.563
1.6512545	66874.898
1.6576373	52889.011
1.6640202	47857.760
1.6704030	50009.739
1.6767858	60683.302
1.6831686	78738.805
1.6895514	110478.73
1.6959342	147004.18
1.7023171	191352.60
1.7086999	234625.29
1.7150827	271933.14
1.7214655	305619.31
1.7278483	329188.13
1.7342312	348353.68
1.7406140	357337.93
1.7469968	354710.34
1.7533796	337298.63
1.7597624	309801.39
1.7661453	266563.56
1.7725281	224497.00
1.7789109	178432.44
1.7852937	136819.59
1.7916765	102477.89
1.7980593	72898.153
1.8044422	53775.838
1.8108250	39430.075
1.8172078	31640.146
1.8235906	26808.916
1.8299734	24125.113
1.8363563	22590.057
1.8427391	21687.469
1.8491219	21293.129
1.8555047	21035.740
1.8618875	20908.248
1.8682703	20823.460
1.8746532	20818.259
1.8810360	20913.245
1.8874188	21183.878
1.8938016	21683.087
1.9001844	22561.340
1.9065673	23840.601
1.9129501	25770.659
1.9193329	28539.876
1.9257157	32440.438
1.9320985	38317.766
1.9384813	45645.204
1.9448642	56534.607
1.9512470	70373.260
1.9576298	89515.917
1.9640126	113755.60
1.9703954	139275.06
1.9767783	167725.83
1.9831611	190583.25
1.9895439	210580.13
1.9959267	224293.43
2.0023095	233427.42
2.0086923	237223.54
2.0150752	234875.90
2.0214580	223475.07
2.0278408	206228.53
2.0342236	181946.16
2.0406064	153805.72
2.0469893	127237.39
2.0533721	99078.862
2.0597549	77735.906
2.0661377	58489.670
2.0725205	45173.439
2.0789034	35560.943
2.0852862	29633.852
2.0916690	26463.893
2.0980518	24487.217
2.1044346	23523.585
2.1108174	22975.449
2.1172003	22828.809
2.1235831	22904.573
2.1299659	23227.487
2.1363487	23841.140
2.1427315	24979.286
2.1491144	26553.370
2.1554972	28712.162
2.1618800	31283.855
2.1682628	33900.269
2.1746456	36478.990
2.1810284	38634.486
2.1874113	40493.182
2.1937941	41832.808
2.2001769	42617.382
2.2065597	42657.293
2.2129425	41785.801
2.2193254	39908.209
2.2257082	37459.720
2.2320910	34262.215
2.2384738	31301.659
2.2448566	28479.662
2.2512394	26180.009
2.2576223	24491.935
2.2640051	23555.477
2.2703879	23638.071
2.2767707	25115.204
2.2831535	28136.325
2.2895364	34028.107
2.2959192	44494.409
2.3023020	60136.394
2.3086848	86072.243
2.3150676	115066.12
2.3214504	151132.78
2.3278333	185523.14
2.3342161	216410.89
2.3405989	244326.30
2.3469817	264417.81
2.3533645	281574.74
2.3597474	290066.46
2.3661302	289476.30
2.3725130	277742.97
2.3788958	256581.77
2.3852786	225245.37
2.3916615	193438.68
2.3980443	158899.25
2.4044271	129895.26
2.4108099	107281.50
2.4171927	92020.589
2.4235755	83994.139
2.4299584	82101.719
2.4363412	83759.063
2.4427240	87054.103
2.4491068	90532.989
2.4554896	93592.578
2.4618725	95787.980
2.4682553	96016.334
2.4746381	93549.462
2.4810209	88624.445
2.4874037	80960.816
2.4937865	72942.089
2.5001694	65124.859
2.5065522	59185.287
2.5129350	56361.073
2.5193178	57200.429
2.5257006	60579.350
2.5320835	66399.395
2.5384663	72535.260
2.5448491	78506.400
2.5512319	83805.760
2.5576147	87747.937
2.5639975	90501.908
2.5703804	90765.769
2.5767632	88072.718
2.5831460	82649.055
2.5895288	75334.568
2.5959116	65983.196
2.6022945	57699.654
2.6086773	49406.795
2.6150601	43343.832
2.6214429	39032.400
2.6278257	36579.548
2.6342085	35549.843
2.6405914	35602.018
2.6469742	36166.238
2.6533570	36959.951
2.6597398	37524.631
2.6661226	37656.848
2.6725055	37199.057
2.6788883	36028.778
2.6852711	34109.228
2.6916539	31886.407
2.6980367	29300.364
2.7044196	26914.141
2.7108024	24622.448
2.7171852	22723.216
2.7235680	21163.217
2.7299508	20018.305
2.7363336	19300.948
2.7427165	18864.911
2.7490993	18613.342
2.7554821	18501.508
2.7618649	18442.508
2.7682477	18473.725
2.7746306	18710.394
2.7810134	19047.255
2.7873962	19681.581
2.7937790	20389.788
2.8001618	21184.941
2.8065446	22058.231
2.8129275	22841.044
2.8193103	23709.431
2.8256931	24401.125
2.8320759	25089.175
2.8384587	25659.748
2.8448416	26090.430
2.8512244	26453.333
2.8576072	26830.902
2.8639900	27477.872
2.8703728	28703.613
2.8767556	31059.539
2.8831385	34777.362
2.8895213	39740.520
2.8959041	45730.094
2.9022869	51590.034
2.9086697	57329.977
2.9150526	62047.896
2.9214354	65873.831
2.9278182	68796.903
2.9342010	70451.914
2.9405838	70549.920
2.9469666	68852.300
2.9533495	65085.910
2.9597323	60662.272
2.9661151	55592.698
2.9724979	51024.229
2.9788807	47362.405
2.9852636	44601.829
2.9916464	42909.860
2.9980292	41983.655
3.0044120	41826.706
3.0107948	42130.312
3.0171777	42736.348
3.0235605	43239.639
3.0299433	43583.909
3.0363261	43812.150
3.0427089	44514.349
3.0490917	46033.460
3.0554746	48887.059
3.0618574	52961.819
3.0682402	57460.845
3.0746230	62468.368
3.0810058	66815.063
3.0873887	71114.206
3.0937715	74925.686
3.1001543	78112.905
3.1065371	80740.663
3.1129199	82608.510
3.1193027	84688.917
3.1256856	88150.618
3.1320684	94961.529
3.1384512	104552.60
3.1448340	117161.36
3.1512168	130678.64
3.1575997	143344.70
3.1639825	154813.11
3.1703653	163891.78
3.1767481	171450.31
3.1831309	175830.93
3.1895137	175862.70
3.1958966	170894.79
3.2022794	161878.20
3.2086622	148891.82
3.2150450	136647.91
3.2214278	123963.81
3.2278107	113786.00
3.2341935	105393.16
3.2405763	99220.456
3.2469591	95225.631
3.2533419	93098.700
3.2597247	92036.953
3.2661076	90712.407
3.2724904	88135.850
3.2788732	83878.806
3.2852560	77803.846
3.2916388	71498.869
3.2980217	64503.013
3.3044045	58504.403
3.3107873	53218.339
3.3171701	49076.463
3.3235529	46212.149
3.3299357	44568.440
3.3363186	43887.413
3.3427014	43876.744
3.3490842	43994.665
3.3554670	43925.354
3.3618498	43553.230
3.3682327	42959.545
3.3746155	42231.567
3.3809983	41591.112
3.3873811	41233.778
3.3937639	41235.819
3.4001468	41884.446
3.4065296	43165.176
3.4129124	45516.532
3.4192952	49549.501
3.4256780	55688.099
3.4320608	66247.665
3.4384437	79408.261
3.4448265	96943.633
3.4512093	115675.35
3.4575921	133617.24
3.4639749	150232.47
3.4703578	162633.66
3.4767406	172912.65
3.4831234	179173.63
3.4895062	181507.42
3.4958890	178622.98
3.5022718	170163.65
3.5086547	155798.69
3.5150375	139067.93
3.5214203	119608.89
3.5278031	101351.54
3.5341859	84460.276
3.5405688	70193.588
3.5469516	58780.893
3.5533344	50640.542
3.5597172	45303.458
3.5661000	41741.863
3.5724828	39554.849
3.5788657	37888.792
3.5852485	36708.241
3.5916313	35809.401
3.5980141	35209.305
3.6043969	35023.036
3.6107798	35444.218
3.6171626	36660.163
3.6235454	39414.548
3.6299282	44284.020
3.6363110	52326.410
3.6426938	65970.962
3.6490767	83796.888
3.6554595	109306.23
3.6618423	135806.05
3.6682251	163631.70
3.6746079	189377.07
3.6809908	210182.62
3.6873736	227808.60
3.6937564	239881.30
3.7001392	246729.68
3.7065220	245666.18
3.7129049	235505.67
3.7192877	217469.70
3.7256705	193491.16
3.7320533	165342.60
3.7384361	138556.93
3.7448189	112405.43
3.7512018	91598.310
3.7575846	74444.899
3.7639674	63164.860
3.7703502	56010.107
3.7767330	52987.000
3.7831159	52646.146
3.7894987	54340.284
3.7958815	56725.591
3.8022643	59493.022
3.8086471	61949.174
3.8150299	63983.832
3.8214128	65781.235
3.8277956	67200.979
3.8341784	68625.061
3.8405612	69810.802
3.8469440	71105.563
3.8533269	72469.729
3.8597097	73856.457
3.8660925	75163.329
3.8724753	76254.892
3.8788581	76989.829
3.8852409	77469.706
3.8916238	77762.655
3.8980066	77865.377
3.9043894	77147.019
3.9107722	75380.981
3.9171550	72215.158
3.9235379	67541.973
3.9299207	62547.962
3.9363035	57020.242
3.9426863	52274.861
3.9490691	48487.621
3.9554519	46416.580
3.9618348	46497.742
3.9682176	49917.158
3.9746004	56279.089
3.9809832	66911.079
3.9873660	79652.850
3.9937489	93610.911
4.0001317	107866.62
4.0065145	119731.73
4.0128973	130572.26
4.0192801	138462.70
4.0256630	144503.69
4.0320458	147232.34
4.0384286	145655.59
4.0448114	139574.49
4.0511942	130030.29
4.0575770	117080.73
4.0639599	103667.77
4.0703427	90000.360
4.0767255	77885.882
4.0831083	67278.654
4.0894911	59142.806
4.0958740	53021.639
4.1022568	48530.492
4.1086396	45460.686
4.1150224	42950.811
4.1214052	41194.127
4.1277880	39828.591
4.1341709	39031.275
4.1405537	38875.035
4.1469365	39660.472
4.1533193	41344.033
4.1597021	44494.786
4.1660850	48714.371
4.1724678	54038.477
4.1788506	60001.474
4.1852334	65677.558
4.1916162	71345.787
4.1979990	76279.716
4.2043819	81264.214
4.2107647	85960.845
4.2171475	90756.407
4.2235303	95584.267
4.2299131	100100.71
4.2362960	103993.27
4.2426788	106744.37
4.2490616	108263.30
4.2554444	108674.70
4.2618272	108377.57
4.2682100	107550.08
4.2745929	105897.41
4.2809757	103060.90
4.2873585	98857.876
4.2937413	92390.222
4.3001241	85388.197
4.3065070	77463.496
4.3128898	69875.915
4.3192726	63502.663
4.3256554	58565.430
4.3320382	56036.827
4.3384211	55780.225
4.3448039	57557.618
4.3511867	60791.307
4.3575695	64733.804
4.3639523	68592.652
4.3703351	72023.928
4.3767180	74754.519
4.3831008	76847.440
4.3894836	77931.980
4.3958664	77712.260
4.4022492	75946.065
4.4086321	72426.704
4.4150149	67480.075
4.4213977	62015.061
4.4277805	56059.504
4.4341633	51119.399
4.4405461	47107.802
4.4469290	45098.470
4.4533118	45086.337
4.4596946	47295.825
4.4660774	50786.247
4.4724602	55344.163
4.4788431	59541.423
4.4852259	63572.210
4.4916087	66810.877
4.4979915	69222.671
4.5043743	70729.385
4.5107571	70872.946
4.5171400	69410.040
4.5235228	66485.611
4.5299056	62052.960
4.5362884	57168.829
4.5426712	52057.927
4.5490541	47376.507
4.5554369	43418.841
4.5618197	40466.966
4.5682025	38582.032
4.5745853	37516.766
4.5809681	37177.460
4.5873510	37303.076
4.5937338	37818.910
4.6001166	38800.567
4.6064994	40515.656
4.6128822	43058.846
4.6192651	47119.261
4.6256479	51919.005
4.6320307	57688.468
4.6384135	63518.699
4.6447963	68947.619
4.6511792	74002.187
4.6575620	78551.029
4.6639448	83171.575
4.6703276	87500.743
4.6767104	91738.832
4.6830932	95058.688
4.6894761	97203.278
4.6958589	97880.601
4.7022417	97400.934
4.7086245	95970.096
4.7150073	94512.115
4.7213902	93178.212
4.7277730	92141.643
4.7341558	90922.490
4.7405386	89316.652
4.7469214	86997.498
4.7533042	83530.965
4.7596871	79979.914
4.7660699	76059.126
4.7724527	72821.025
4.7788355	70199.595
4.7852183	68199.068
4.7916012	66476.505
4.7979840	64709.387
4.8043668	62773.114
4.8107496	60366.969
4.8171324	57932.565
4.8235152	55355.461
4.8298981	52907.632
4.8362809	50317.007
4.8426637	47671.875
4.8490465	44898.574
4.8554293	41809.972
4.8618122	38952.322
4.8681950	36009.015
4.8745778	33547.781
4.8809606	31411.550
4.8873434	29754.657
4.8937262	28628.948
4.9001091	27891.106
4.9064919	27556.564
4.9128747	27495.774
4.9192575	27677.322
4.9256403	28020.247
4.9320232	28465.414
4.9384060	29029.964
4.9447888	29627.733
4.9511716	30194.558
4.9575544	30753.760
4.9639373	31216.880
4.9703201	31689.636
4.9767029	32145.972
4.9830857	32684.345
4.9894685	33283.849
4.9958513	33830.408
5.0022342	34449.132
5.0086170	34990.601
5.0149998	35549.050
5.0213826	36037.211
5.0277654	36630.008
5.0341483	37423.940
5.0405311	38337.973
5.0469139	39395.001
5.0532967	40400.397
5.0596795	41424.454
5.0660623	42528.868
5.0724452	44121.740
5.0788280	46411.467
5.0852108	49777.319
5.0915936	54113.675
5.0979764	58764.103
5.1043593	63814.160
5.1107421	68036.041
5.1171249	71867.864
5.1235077	74791.500
5.1298905	77119.479
5.1362733	78787.995
5.1426562	79405.279
5.1490390	78725.200
5.1554218	76668.472
5.1618046	73142.674
5.1681874	69077.828
5.1745703	65007.481
5.1809531	61381.928
5.1873359	58567.253
5.1937187	56554.915
5.2001015	55189.807
5.2064843	54170.165
5.2128672	53322.808
5.2192500	52389.256
5.2256328	51522.063
5.2320156	50583.157
5.2383984	49542.988
5.2447813	48321.852
5.2511641	46857.405
5.2575469	45520.537
5.2639297	44424.228
5.2703125	44171.404
5.2766954	45163.645
5.2830782	47661.396
5.2894610	51348.334
5.2958438	56065.086
5.3022266	60805.643
5.3086094	65445.946
5.3149923	69362.604
5.3213751	72524.072
5.3277579	74582.570
5.3341407	75241.882
5.3405235	74236.485
5.3469064	71640.335
5.3532892	67217.108
5.3596720	62289.261
5.3660548	56639.424
5.3724376	51432.425
5.3788204	46770.717
5.3852033	43078.696
5.3915861	40751.196
5.3979689	39829.157
5.4043517	40496.230
5.4107345	43047.174
5.4171174	47514.099
5.4235002	54230.381
5.4298830	62530.828
5.4362658	71881.105
5.4426486	81183.009
5.4490314	89428.644
5.4554143	96539.628
5.4617971	101704.37
5.4681799	105203.75
5.4745627	106209.72
5.4809455	104426.19
5.4873284	99575.787
5.4937112	92591.495
5.5000940	83276.857
5.5064768	74074.758
5.5128596	64763.376
5.5192424	56981.763
5.5256253	50776.882
5.5320081	46389.086
5.5383909	43651.568
5.5447737	42279.281
5.5511565	41959.313
5.5575394	42408.317
5.5639222	43189.548
5.5703050	44093.384
5.5766878	44752.501
5.5830706	45150.937
5.5894535	45218.331
5.5958363	45040.853
5.6022191	44624.734
5.6086019	44095.498
5.6149847	43414.801
5.6213675	42634.067
5.6277504	41709.666
5.6341332	40736.513
5.6405160	39883.995
5.6468988	39224.228
5.6532816	38908.325
5.6596645	38913.115
5.6660473	39097.463
5.6724301	39398.916
5.6788129	39719.372
5.6851957	40029.052
5.6915785	40278.102
5.6979614	40389.999
5.7043442	40312.832
5.7107270	39987.278
5.7171098	39303.411
5.7234926	38420.690
5.7298755	37394.112
5.7362583	36332.638
5.7426411	35401.114
5.7490239	34617.594
5.7554067	34040.251
5.7617895	33699.514
5.7681724	33602.641
5.7745552	33819.807
5.7809380	34323.847
5.7873208	35168.271
5.7937036	36219.758
5.8000865	37458.896
5.8064693	38936.644
5.8128521	40554.925
5.8192349	42732.915
5.8256177	45147.945
5.8320005	48010.236
5.8383834	50899.125
5.8447662	53510.079
5.8511490	55703.287
5.8575318	57346.754
5.8639146	58689.790
5.8702975	59746.579
5.8766803	60470.605
5.8830631	60592.080
5.8894459	59999.493
5.8958287	58733.414
5.9022116	56978.308
5.9085944	54883.165
5.9149772	52873.664
5.9213600	50769.781
5.9277428	48963.584
5.9341256	47196.336
5.9405085	45510.692
5.9468913	43892.578
5.9532741	42415.870
5.9596569	41137.166
5.9660397	39972.713
5.9724226	39015.761
5.9788054	38387.396
5.9851882	38262.958
5.9915710	38850.651
5.9979538	40094.829
6.0043366	42023.446
6.0107195	44394.828
6.0171023	46871.780
6.0234851	49330.980
6.0298679	51425.739
6.0362507	53306.254
6.0426336	54624.244
6.0490164	55248.736
6.0553992	54998.683
6.0617820	53863.139
6.0681648	51877.474
6.0745476	49396.001
6.0809305	46508.648
6.0873133	43902.988
6.0936961	41621.569
6.1000789	40156.904
6.1064617	39639.195
6.1128446	40430.706
6.1192274	42584.596
6.1256102	46258.946
6.1319930	50614.428
6.1383758	55726.480
6.1447586	60619.583
6.1511415	65299.098
6.1575243	69405.834
6.1639071	72894.730
6.1702899	75428.373
6.1766727	76597.781
6.1830556	76084.675
6.1894384	74077.407
6.1958212	70506.032
6.2022040	66504.250
6.2085868	61920.955
6.2149696	57624.525
6.2213525	53666.185
6.2277353	50186.450
6.2341181	47393.746
6.2405009	45201.402
6.2468837	43703.446
6.2532666	42615.887
6.2596494	41799.757
6.2660322	41055.708
6.2724150	40362.900
6.2787978	39585.787
6.2851807	38809.732
6.2915635	37953.484
6.2979463	36949.927
6.3043291	35823.224
6.3107119	34533.872
6.3170947	33297.650
6.3234776	32049.716
6.3298604	30882.142
6.3362432	29902.984
6.3426260	29168.409
6.3490088	28663.337
6.3553917	28371.806
6.3617745	28238.462
6.3681573	28263.889
6.3745401	28372.134
6.3809229	28515.818
6.3873057	28614.791
6.3936886	28643.272
6.4000714	28681.449
6.4064542	28748.718
6.4128370	28822.810
6.4192198	28946.504
6.4256027	29189.710
6.4319855	29670.355
6.4383683	30528.904
6.4447511	31730.742
6.4511339	33308.410
6.4575167	35153.832
6.4638996	37149.575
6.4702824	39364.966
6.4766652	41535.942
6.4830480	43976.309
6.4894308	46185.720
6.4958137	48158.569
6.5021965	49558.988
6.5085793	50313.112
6.5149621	50406.343
6.5213449	49930.813
6.5277277	49062.172
6.5341106	47895.936
6.5404934	46402.913
6.5468762	44720.966
6.5532590	42823.377
6.5596418	41014.258
6.5660247	39373.702
6.5724075	37873.455
6.5787903	36682.022
6.5851731	35599.518
6.5915559	34790.656
6.5979388	34102.586
6.6043216	33612.785
6.6107044	33198.870
6.6170872	32842.670
6.6234700	32543.666
6.6298528	32382.575
6.6362357	32399.659
6.6426185	32625.849
6.6490013	33003.660
6.6553841	33584.716
6.6617669	34215.183
6.6681498	34889.784
6.6745326	35548.824
6.6809154	36156.274
6.6872982	36605.228
6.6936810	36788.188
6.7000638	36734.564
6.7064467	36472.936
6.7128295	36092.304
6.7192123	35742.478
6.7255951	35567.113
6.7319779	35716.283
6.7383608	36430.265
6.7447436	37888.801
6.7511264	39967.373
6.7575092	42754.606
6.7638920	45589.426
6.7702748	48464.189
6.7766577	50868.146
6.7830405	52812.377
6.7894233	54128.313
6.7958061	54690.672
6.8021889	54409.555
6.8085718	53185.002
6.8149546	50969.283
6.8213374	48248.140
6.8277202	44929.750
6.8341030	41784.856
6.8404858	38823.473
6.8468687	36477.855
6.8532515	34823.563
6.8596343	33837.998
6.8660171	33453.324
6.8723999	33548.449
6.8787828	33861.894
6.8851656	34328.940
6.8915484	34775.244
6.8979312	35180.520
6.9043140	35500.784
6.9106969	35882.863
6.9170797	36355.540
6.9234625	36998.437
6.9298453	37972.875
6.9362281	39293.747
6.9426109	40975.698
6.9489938	42670.767
6.9553766	44425.809
6.9617594	45960.196
6.9681422	47337.970
6.9745250	48337.764
6.9809079	48871.171
6.9872907	48829.725
6.9936735	48117.230
7.0000563	46739.584
7.0064391	44954.338
7.0128219	42835.736
7.0192048	40933.836
7.0255876	39403.893
7.0319704	38495.954
7.0383532	38325.725
7.0447360	38887.769
7.0511189	40033.361
7.0575017	41666.166
7.0638845	43344.136
7.0702673	45188.933
7.0766501	46900.402
7.0830329	48521.989
7.0894158	49825.573
7.0957986	50692.800
7.1021814	51084.890
7.1085642	51024.357
7.1149470	50512.039
7.1213299	49746.498
7.1277127	48682.747
7.1340955	47558.371
7.1404783	46215.133
7.1468611	44893.014
7.1532439	43595.469
7.1596268	42381.838
7.1660096	41221.793
7.1723924	40036.358
7.1787752	38935.755
7.1851580	37967.044
7.1915409	37258.230
7.1979237	36814.221
7.2043065	36739.548
7.2106893	37155.933
7.2170721	38113.812
7.2234550	39607.004
7.2298378	41465.921
7.2362206	43447.517
7.2426034	45392.480
7.2489862	47058.958
7.2553690	48475.661
7.2617519	49460.828
7.2681347	49970.981
7.2745175	49849.398
7.2809003	49021.584
7.2872831	47650.941
7.2936660	45958.398
7.3000488	44265.454
7.3064316	43017.850
7.3128144	42418.071
7.3191972	42775.727
7.3255800	44236.175
7.3319629	46488.758
7.3383457	49511.225
7.3447285	52540.917
7.3511113	55604.262
7.3574941	58341.333
7.3638770	60593.165
7.3702598	62205.297
7.3766426	62829.127
7.3830254	62383.830
7.3894082	60875.261
7.3957910	58353.140
7.4021739	55382.512
7.4085567	52037.860
7.4149395	48859.325
7.4213223	45870.377
7.4277051	43287.235
7.4340880	41223.461
7.4404708	39521.275
7.4468536	38233.101
7.4532364	37144.740
7.4596192	36284.773
7.4660020	35488.554
7.4723849	34795.390
7.4787677	34106.715
7.4851505	33406.450
7.4915333	32672.735
7.4979161	31940.359
7.5042990	31274.972
7.5106818	30656.595
7.5170646	30189.724
7.5234474	29845.448
7.5298302	29653.331
7.5362131	29607.906
7.5425959	29677.314
7.5489787	29819.407
7.5553615	30005.890
7.5617443	30241.531
7.5681271	30490.154
7.5745100	30724.748
7.5808928	30956.040
7.5872756	31147.518
7.5936584	31431.954
7.6000412	31756.915
7.6064241	32229.303
7.6128069	32820.278
7.6191897	33722.585
7.6255725	34886.248
7.6319553	36311.628
7.6383381	37986.028
7.6447210	39601.665
7.6511038	41166.392
7.6574866	42490.702
7.6638694	43583.539
7.6702522	44288.467
7.6766351	44561.653
7.6830179	44378.587
7.6894007	43666.844
7.6957835	42475.163
7.7021663	41004.359
7.7085491	39296.634
7.7149320	37650.410
7.7213148	35992.909
7.7276976	34566.628
7.7340804	33375.526
7.7404632	32536.923
7.7468461	32006.822
7.7532289	31810.680
7.7596117	31912.995
7.7659945	32211.183
7.7723773	32656.842
7.7787601	33172.489
7.7851430	33679.614
7.7915258	34095.229
7.7979086	34372.142
7.8042914	34498.497
7.8106742	34485.050
7.8170571	34227.795
7.8234399	33799.079
7.8298227	33176.737
7.8362055	32549.846
7.8425883	32018.703
7.8489712	31650.481
7.8553540	31518.334
7.8617368	31614.986
7.8681196	31912.256
7.8745024	32395.498
7.8808852	32918.497
7.8872681	33410.006
7.8936509	33792.087
7.9000337	34057.889
7.9064165	34183.849
7.9127993	34128.251
7.9191822	33908.860
7.9255650	33545.563
7.9319478	33132.734
7.9383306	32746.444
7.9447134	32444.851
7.9510962	32336.013
7.9574791	32423.986
7.9638619	32620.424
7.9702447	32885.203
7.9766275	33111.174
7.9830103	33237.051
7.9893932	33208.735
7.9957760	33088.537
8.0021588	32886.977
8.0085416	32663.322
8.0149244	32409.464
8.0213072	32212.472
8.0276901	32075.949
8.0340729	31996.248
8.0404557	31969.103
8.0468385	32010.724
8.0532213	32112.148
8.0596042	32254.645
8.0659870	32286.419
8.0723698	32254.041
8.0787526	32158.920
8.0851354	32013.570
8.0915182	31882.852
8.0979011	31818.451
8.1042839	31906.888
8.1106667	32291.798
8.1170495	32959.341
8.1234323	33902.646
8.1298152	35030.391
8.1361980	36361.159
8.1425808	37831.000
8.1489636	39219.437
8.1553464	40579.639
8.1617293	41548.536
8.1681121	42126.451
8.1744949	42184.252
8.1808777	41822.596
8.1872605	41100.392
8.1936433	40079.846
8.2000262	38860.020
8.2064090	37536.112
8.2127918	36192.125
8.2191746	34956.845
8.2255574	33798.176
8.2319403	32842.915
8.2383231	32100.296
8.2447059	31569.512
8.2510887	31243.085
8.2574715	31124.904
8.2638543	31113.659
8.2702372	31148.806
8.2766200	31198.349
8.2830028	31257.533
8.2893856	31329.166
8.2957684	31435.837
8.3021513	31500.861
8.3085341	31516.633
8.3149169	31482.978
8.3212997	31364.826
8.3276825	31185.894
8.3340653	31025.814
8.3404482	30928.456
8.3468310	30955.770
8.3532138	31225.959
8.3595966	31773.299
8.3659794	32498.270
8.3723623	33373.332
8.3787451	34405.962
8.3851279	35411.131
8.3915107	36411.977
8.3978935	37211.168
8.4042763	37825.169
8.4106592	38110.243
8.4170420	38067.973
8.4234248	37766.312
8.4298076	37119.840
8.4361904	36260.340
8.4425733	35253.034
8.4489561	34214.312
8.4553389	33144.595
8.4617217	32137.909
8.4681045	31254.906
8.4744874	30487.888
8.4808702	29805.996
8.4872530	29199.793
8.4936358	28685.609
8.5000186	28290.370
8.5064014	27979.906
8.5127843	27780.216
8.5191671	27675.721
8.5255499	27658.831
8.5319327	27706.697
8.5383155	27755.357
8.5446984	27846.659
8.5510812	27981.876
8.5574640	28160.974
8.5638468	28310.871
8.5702296	28513.356
8.5766124	28775.148
8.5829953	29145.598
8.5893781	29557.548
8.5957609	30062.986
8.6021437	30585.465
8.6085265	31173.171
8.6149094	31776.437
8.6212922	32326.801
8.6276750	32847.341
8.6340578	33243.781
8.6404406	33529.802
8.6468234	33699.616
8.6532063	33767.708
8.6595891	33694.099
8.6659719	33475.418
8.6723547	33229.139
8.6787375	32966.960
8.6851204	32722.782
8.6915032	32487.500
8.6978860	32306.717
8.7042688	32120.317
8.7106516	31982.015
8.7170344	31913.350
8.7234173	31961.247
8.7298001	32098.212
8.7361829	32383.321
8.7425657	32785.361
8.7489485	33326.273
8.7553314	33889.925
8.7617142	34489.688
8.7680970	35028.762
8.7744798	35495.303
8.7808626	35897.674
8.7872455	36132.846
8.7936283	36193.420
8.8000111	36005.358
8.8063939	35641.810
8.8127767	35250.483
8.8191595	34937.034
8.8255424	34796.912
8.8319252	34866.320
8.8383080	35100.398
8.8446908	35521.104
8.8510736	35960.755
8.8574565	36371.796
8.8638393	36670.301
8.8702221	36791.872
8.8766049	36687.842
8.8829877	36389.293
8.8893705	35841.687
8.8957534	35125.358
8.9021362	34279.667
8.9085190	33419.645
8.9149018	32592.276
8.9212846	31920.108
8.9276675	31409.079
8.9340503	31036.719
8.9404331	30752.537
8.9468159	30559.054
8.9531987	30454.131
8.9595815	30430.250
8.9659644	30507.649
8.9723472	30661.718
8.9787300	30885.003
8.9851128	31133.712
8.9914956	31390.254
8.9978785	31650.876
9.0042613	31859.904
9.0106441	31975.866
9.0170269	32036.789
9.0234097	31985.247
9.0297925	31783.827
9.0361754	31438.730
9.0425582	31044.155
9.0489410	30645.801
9.0553238	30356.689
9.0617066	30207.485
9.0680895	30258.864
9.0744723	30514.969
9.0808551	31013.207
9.0872379	31667.625
9.0936207	32438.360
9.1000035	33199.279
9.1063864	33925.163
9.1127692	34525.057
9.1191520	35042.466
9.1255348	35331.504
9.1319176	35405.758
9.1383005	35241.780
9.1446833	34822.461
9.1510661	34227.184
9.1574489	33512.842
9.1638317	32754.211
9.1702146	32070.501
9.1765974	31459.291
9.1829802	31026.553
9.1893630	30793.358
9.1957458	30736.323
9.2021286	30799.772
9.2085115	30899.790
9.2148943	31004.475
9.2212771	31073.349
9.2276599	31149.034
9.2340427	31193.966
9.2404256	31223.714
9.2468084	31200.318
9.2531912	31211.824
9.2595740	31288.890
9.2659568	31550.021
9.2723396	32012.551
9.2787225	32690.703
9.2851053	33566.884
9.2914881	34519.642
9.2978709	35519.956
9.3042537	36435.075
9.3106366	37223.563
9.3170194	37692.960
9.3234022	37879.804
9.3297850	37732.426
9.3361678	37288.632
9.3425506	36527.661
9.3489335	35518.794
9.3553163	34402.936
9.3616991	33323.871
9.3680819	32303.265
9.3744647	31440.413
9.3808476	30628.533
9.3872304	30014.188
9.3936132	29476.245
9.3999960	29012.289
9.4063788	28574.060
9.4127616	28266.327
9.4191445	27950.172
9.4255273	27687.607
9.4319101	27462.556
9.4382929	27301.603
9.4446757	27170.542
9.4510586	27076.102
9.4574414	27052.370
9.4638242	27082.395
9.4702070	27141.291
9.4765898	27278.021
9.4829727	27463.816
9.4893555	27802.033
9.4957383	28239.453
9.5021211	28760.985
9.5085039	29308.975
9.5148867	29901.835
9.5212696	30496.789
9.5276524	31010.124
9.5340352	31419.396
9.5404180	31692.500
9.5468008	31768.752
9.5531837	31682.010
9.5595665	31432.539
9.5659493	31032.000
9.5723321	30550.328
9.5787149	30017.249
9.5850977	29501.667
9.5914806	28979.125
9.5978634	28543.799
9.6042462	28173.662
9.6106290	27895.813
9.6170118	27757.419
9.6233947	27737.796
9.6297775	27751.491
9.6361603	27801.639
9.6425431	27829.090
9.6489259	27891.111
9.6553087	27967.622
9.6616916	28006.280
9.6680744	28046.846
9.6744572	28063.765
9.6808400	28082.164
9.6872228	28136.705
9.6936057	28214.589
9.6999885	28359.373
9.7063713	28568.742
9.7127541	28903.930
9.7191369	29280.089
9.7255197	29655.860
9.7319026	29939.882
9.7382854	30127.478
9.7446682	30252.461
9.7510510	30229.032
9.7574338	30043.951
9.7638167	29719.270
9.7701995	29280.882
9.7765823	28798.079
9.7829651	28288.765
9.7893479	27825.056
9.7957308	27409.654
9.8021136	27098.700
9.8084964	26832.939
9.8148792	26650.926
9.8212620	26488.324
9.8276448	26367.866
9.8340277	26286.256
9.8404105	26203.212
9.8467933	26110.192
9.8531761	26058.493
9.8595589	26057.029
9.8659418	26080.658
9.8723246	26092.703
9.8787074	26122.012
9.8850902	26166.885
9.8914730	26219.986
9.8978558	26295.281
9.9042387	26404.389
9.9106215	26538.694
9.9170043	26732.410
9.9233871	26964.774
9.9297699	27198.568
9.9361528	27409.250
9.9425356	27597.448
9.9489184	27716.407
9.9553012	27826.917
9.9616840	27851.012
9.9680668	27771.850
9.9744497	27594.353
9.9808325	27371.004
9.9872153	27105.251
9.9935981	26864.352
9.9999809	26622.568
10.006364	26405.511
10.012747	26195.559
10.019129	26080.812
10.025512	26022.529
10.031895	26092.929
10.038278	26265.430
10.044661	26469.840
10.051043	26700.206
10.057426	26953.929
10.063809	27202.974
10.070192	27410.140
10.076575	27567.888
10.082958	27686.213
10.089340	27756.639
10.095723	27834.641
10.102106	27917.774
10.108489	28047.551
10.114872	28259.385
10.121254	28561.836
10.127637	28936.337
10.134020	29318.519
10.140403	29683.369
10.146786	30008.887
10.153169	30234.014
10.159551	30294.682
10.165934	30216.661
10.172317	29968.631
10.178700	29588.271
10.185083	29088.058
10.191465	28572.517
10.197848	28031.677
10.204231	27545.202
10.210614	27113.525
10.216997	26777.561
10.223380	26483.349
10.229762	26243.639
10.236145	26045.005
10.242528	25894.526
10.248911	25767.838
10.255294	25684.537
10.261676	25651.687
10.268059	25651.697
10.274442	25696.202
10.280825	25774.125
10.287208	25917.003
10.293591	26076.723
10.299973	26248.440
10.306356	26476.238
10.312739	26759.603
10.319122	27056.408
10.325505	27392.398
10.331887	27746.138
10.338270	28093.580
10.344653	28437.960
10.351036	28692.398
10.357419	28932.541
10.363802	29067.695
10.370184	29070.932
10.376567	28967.795
10.382950	28818.097
10.389333	28597.028
10.395716	28276.628
10.402098	27929.010
10.408481	27579.721
10.414864	27273.820
10.421247	27034.293
10.427630	26910.092
10.434013	26887.353
10.440395	26930.728
10.446778	26996.861
10.453161	27092.910
10.459544	27216.049
10.465927	27344.534
10.472309	27419.116
10.478692	27457.391
10.485075	27474.088
10.491458	27541.821
10.497841	27632.481
10.504224	27763.058
10.510606	27906.959
10.516989	28102.361
10.523372	28318.869
10.529755	28517.905
10.536138	28651.453
10.542520	28732.143
10.548903	28702.854
10.555286	28558.967
10.561669	28317.270
10.568052	27994.415
10.574435	27639.335
10.580817	27261.172
10.587200	26919.436
10.593583	26570.291
10.599966	26323.038
10.606349	26184.956
10.612732	26118.473
10.619114	26140.213
10.625497	26207.133
10.631880	26315.117
10.638263	26439.914
10.644646	26579.860
10.651028	26696.902
10.657411	26790.173
10.663794	26834.170
10.670177	26856.659
10.676560	26856.501
10.682943	26801.657
10.689325	26733.573
10.695708	26703.818
10.702091	26683.672
10.708474	26703.746
10.714857	26800.916
10.721239	26896.134
10.727622	26991.002
10.734005	27100.116
10.740388	27185.524
10.746771	27220.578
10.753154	27120.147
10.759536	26938.667
10.765919	26703.560
10.772302	26455.061
10.778685	26141.708
10.785068	25853.942
10.791450	25559.645
10.797833	25352.855
10.804216	25174.613
10.810599	25078.669
10.816982	24973.709
10.823365	24877.062
10.829747	24763.750
10.836130	24702.786
10.842513	24684.187
10.848896	24684.176
10.855279	24654.786
10.861661	24614.829
10.868044	24605.652
10.874427	24613.895
10.880810	24605.713
10.887193	24592.249
10.893576	24604.648
10.899958	24687.405
10.906341	24809.447
10.912724	24956.347
10.919107	25077.383
10.925490	25189.096
10.931872	25304.599
10.938255	25393.037
10.944638	25402.402
10.951021	25374.015
10.957404	25316.750
10.963787	25223.229
10.970169	25089.905
10.976552	24973.097
10.982935	24787.874
10.989318	24617.717
10.995701	24437.067
11.002083	24313.514
11.008466	24182.792
11.014849	24082.749
11.021232	24003.308
11.027615	23927.678
11.033998	23868.473
11.040380	23855.686
11.046763	23878.438
11.053146	23934.829
11.059529	24020.547
11.065912	24175.719
11.072294	24372.327
11.078677	24586.964
11.085060	24786.355
11.091443	25010.502
11.097826	25248.553
11.104209	25408.743
11.110591	25518.645
11.116974	25587.022
11.123357	25625.330
11.129740	25571.941
11.136123	25450.419
11.142505	25282.763
11.148888	25074.195
11.155271	24876.896
11.161654	24719.581
11.168037	24536.072
11.174420	24388.030
11.180802	24299.447
11.187185	24294.021
11.193568	24364.483
11.199951	24447.860
11.206334	24535.695
11.212716	24652.285
11.219099	24779.875
11.225482	24901.640
11.231865	25041.665
11.238248	25163.156
11.244631	25300.468
11.251013	25488.434
11.257396	25722.396
11.263779	25940.454
11.270162	26133.073
11.276545	26282.622
11.282927	26369.395
11.289310	26377.722
11.295693	26323.766
11.302076	26184.825
11.308459	25944.068
11.314842	25650.999
11.321224	25305.126
11.327607	24980.724
11.333990	24666.174
11.340373	24400.845
11.346756	24196.794
11.353138	24016.595
11.359521	23872.536
11.365904	23783.027
11.372287	23701.710
11.378670	23627.564
11.385053	23562.378
11.391435	23539.432
11.397818	23495.892
11.404201	23474.914
11.410584	23455.954
11.416967	23510.272
11.423349	23550.694
11.429732	23603.128
11.436115	23678.234
11.442498	23768.131
11.448881	23875.917
11.455264	23979.415
11.461646	24126.403
11.468029	24262.032
11.474412	24368.599
11.480795	24406.056
11.487178	24443.112
11.493560	24390.699
11.499943	24271.409
11.506326	24097.906
11.512709	23941.666
11.519092	23798.439
11.525475	23633.099
11.531857	23497.891
11.538240	23426.064
11.544623	23407.014
11.551006	23421.379
11.557389	23484.570
11.563771	23545.241
11.570154	23607.284
11.576537	23650.422
11.582920	23690.866
11.589303	23718.079
11.595686	23721.670
11.602068	23680.067
11.608451	23599.106
11.614834	23530.965
11.621217	23503.819
11.627600	23431.050
11.633982	23346.340
11.640365	23311.607
11.646748	23290.583
11.653131	23257.302
11.659514	23190.658
11.665897	23122.486
11.672279	23048.126
11.678662	22975.487
11.685045	22886.283
11.691428	22833.924
11.697811	22772.617
11.704193	22688.003
11.710576	22608.952
11.716959	22573.486
11.723342	22531.415
11.729725	22498.810
11.736108	22471.293
11.742490	22461.509
11.748873	22468.737
11.755256	22494.287
11.761639	22522.639
11.768022	22575.687
11.774404	22661.606
11.780787	22810.731
11.787170	23011.524
11.793553	23250.975
11.799936	23456.335
11.806319	23676.421
11.812701	23922.926
11.819084	24148.527
11.825467	24285.315
11.831850	24357.836
11.838233	24366.847
11.844615	24311.663
11.850998	24184.887
11.857381	24046.951
11.863764	23871.417
11.870147	23682.489
11.876530	23472.932
11.882912	23330.708
11.889295	23250.476
11.895678	23196.410
11.902061	23150.712
11.908444	23133.188
11.914826	23176.715
11.921209	23226.907
11.927592	23265.287
11.933975	23281.076
11.940358	23296.619
11.946741	23337.914
11.953123	23387.977
11.959506	23414.300
11.965889	23391.062
11.972272	23344.162
11.978655	23352.642
11.985037	23327.129
11.991420	23292.965
11.997803	23272.845
12.004186	23275.380
12.010569	23245.248
12.016952	23192.650
12.023334	23146.117
12.029717	23123.685
12.036100	23120.248
12.042483	23115.094
12.048866	23139.336
12.055248	23170.209
12.061631	23226.572
12.068014	23279.230
12.074397	23326.604
12.080780	23392.419
12.087163	23445.422
12.093545	23502.843
12.099928	23549.963
12.106311	23591.628
12.112694	23601.306
12.119077	23625.726
12.125459	23675.130
12.131842	23711.315
12.138225	23704.864
12.144608	23676.979
12.150991	23677.703
12.157374	23692.385
12.163756	23691.571
12.170139	23638.219
12.176522	23604.532
12.182905	23558.145
12.189288	23500.610
12.195670	23430.479
12.202053	23387.086
12.208436	23378.742
12.214819	23351.819
12.221202	23348.783
12.227585	23386.056
12.233967	23456.524
12.240350	23528.674
12.246733	23574.780
12.253116	23599.613
12.259499	23674.823
12.265881	23753.531
12.272264	23809.345
12.278647	23864.141
12.285030	23924.731
12.291413	23995.495
12.297796	24066.179
12.304178	24163.584
12.310561	24251.073
12.316944	24307.269
12.323327	24344.548
12.329710	24326.441
12.336092	24249.499
12.342475	24105.489
12.348858	23925.526
12.355241	23739.026
12.361624	23519.547
12.368007	23345.462
12.374389	23146.826
12.380772	22959.557
12.387155	22814.773
12.393538	22710.005
12.399921	22622.185
12.406303	22517.609
12.412686	22446.216
12.419069	22459.893
12.425452	22472.297
12.431835	22492.522
12.438218	22503.748
12.444600	22530.726
12.450983	22564.773
12.457366	22623.462
12.463749	22694.375
12.470132	22749.992
12.476514	22781.262
12.482897	22804.153
12.489280	22862.286
12.495663	22886.464
12.502046	22881.122
12.508429	22850.289
12.514811	22796.937
12.521194	22726.825
12.527577	22642.908
12.533960	22559.697
12.540343	22512.087
12.546725	22524.971
12.553108	22549.497
12.559491	22571.666
12.565874	22565.918
12.572257	22542.264
12.578640	22539.210
12.585022	22552.888
12.591405	22556.743
12.597788	22563.445
12.604171	22591.884
12.610554	22594.911
12.616936	22612.423
12.623319	22627.698
12.629702	22618.558
12.636085	22645.413
12.642468	22651.733
12.648851	22643.587
12.655233	22565.620
12.661616	22460.841
12.667999	22325.241
12.674382	22204.659
12.680765	22052.449
12.687147	21943.864
12.693530	21850.110
12.699913	21747.743
12.706296	21712.605
12.712679	21700.090
12.719062	21682.686
12.725444	21683.310
12.731827	21711.688
12.738210	21727.937
12.744593	21717.588
12.750976	21668.911
12.757358	21641.182
12.763741	21620.686
12.770124	21607.668
12.776507	21590.303
12.782890	21562.922
12.789273	21560.582
12.795655	21560.007
12.802038	21604.846
12.808421	21634.268
12.814804	21663.248
12.821187	21682.145
12.827569	21710.012
12.833952	21698.806
12.840335	21694.216
12.846718	21665.336
12.853101	21594.518
12.859484	21530.472
12.865866	21461.012
12.872249	21406.394
12.878632	21368.133
12.885015	21329.810
12.891398	21322.063
12.897780	21322.405
12.904163	21298.621
12.910546	21272.490
12.916929	21285.502
12.923312	21328.390
12.929695	21339.420
12.936077	21358.383
12.942460	21403.494
12.948843	21457.999
12.955226	21473.858
12.961609	21491.829
12.967991	21519.544
12.974374	21535.681
12.980757	21522.918
12.987140	21459.008
12.993523	21360.668
12.999906	21283.542
13.006288	21206.207
13.012671	21110.457
13.019054	20983.557
13.025437	20856.626
13.031820	20765.222
13.038202	20732.442
13.044585	20684.796
13.050968	20633.137
13.057351	20562.517
13.063734	20547.211
13.070117	20540.671
13.076499	20550.666
13.082882	20543.664
13.089265	20569.284
13.095648	20627.723
13.102031	20652.655
13.108413	20665.804
13.114796	20698.723
13.121179	20742.923
13.127562	20773.794
13.133945	20781.602
13.140328	20797.476
13.146710	20790.892
13.153093	20742.616
13.159476	20721.408
13.165859	20695.262
13.172242	20652.947
13.178624	20644.419
13.185007	20665.633
13.191390	20670.868
13.197773	20674.758
13.204156	20686.555
13.210539	20721.748
13.216921	20722.373
13.223304	20701.522
13.229687	20705.820
13.236070	20741.866
13.242453	20801.195
13.248835	20839.528
13.255218	20817.317
13.261601	20815.008
13.267984	20828.352
13.274367	20810.841
13.280750	20733.770
13.287132	20675.708
13.293515	20626.958
13.299898	20548.140
13.306281	20438.089
13.312664	20342.866
13.319046	20280.574
13.325429	20240.493
13.331812	20180.974
13.338195	20142.710
13.344578	20138.606
13.350961	20142.067
13.357343	20127.154
13.363726	20090.849
13.370109	20058.192
13.376492	20062.795
13.382875	20089.624
13.389257	20109.950
13.395640	20119.760
13.402023	20169.171
13.408406	20261.232
13.414789	20355.549
13.421172	20390.725
13.427554	20433.501
13.433937	20459.626
13.440320	20478.535
13.446703	20461.715
13.453086	20444.315
13.459468	20435.862
13.465851	20370.436
13.472234	20307.479
13.478617	20278.666
13.485000	20225.070
13.491383	20167.608
13.497765	20130.197
13.504148	20110.132
13.510531	20074.537
13.516914	20052.535
13.523297	20055.297
13.529679	20025.541
13.536062	20015.832
13.542445	20039.943
13.548828	20061.101
13.555211	20093.476
13.561594	20125.010
13.567976	20127.218
13.574359	20133.872
13.580742	20141.110
13.587125	20123.495
13.593508	20081.296
13.599890	20071.193
13.606273	20044.660
13.612656	19987.482
13.619039	19937.162
13.625422	19876.605
13.631805	19806.109
13.638187	19746.125
13.644570	19709.364
13.650953	19676.280
13.657336	19630.676
13.663719	19620.999
13.670101	19641.479
13.676484	19626.541
13.682867	19647.728
13.689250	19670.434
13.695633	19749.749
13.702016	19789.331
13.708398	19827.161
13.714781	19819.719
13.721164	19830.988
13.727547	19836.775
13.733930	19851.208
13.740312	19806.689
13.746695	19776.605
13.753078	19719.794
13.759461	19699.806
13.765844	19685.849
13.772227	19695.146
13.778609	19671.071
13.784992	19649.519
13.791375	19643.115
13.797758	19645.479
13.804141	19670.209
13.810524	19685.214
13.816906	19679.275
13.823289	19666.952
13.829672	19644.007
13.836055	19658.253
13.842438	19722.328
13.848820	19747.617
13.855203	19734.895
13.861586	19708.236
13.867969	19711.954
13.874352	19704.279
13.880735	19700.677
13.887117	19687.654
13.893500	19686.348
13.899883	19679.509
13.906266	19642.649
13.912649	19612.679
13.919031	19555.967
13.925414	19517.196
13.931797	19456.623
13.938180	19451.080
13.944563	19456.873
13.950946	19430.079
13.957328	19410.211
13.963711	19430.315
13.970094	19438.445
13.976477	19409.959
13.982860	19418.002
13.989242	19459.780
13.995625	19496.678
14.002008	19548.111
14.008391	19605.151
14.014774	19615.798
14.021157	19646.836
14.027539	19691.009
14.033922	19691.204
14.040305	19655.845
14.046688	19610.973
14.053071	19562.532
14.059453	19555.645
14.065836	19533.667
14.072219	19505.914
14.078602	19475.729
14.084985	19440.379
14.091368	19433.551
14.097750	19434.597
14.104133	19436.065
14.110516	19427.287
14.116899	19414.675
14.123282	19403.488
14.129664	19419.903
14.136047	19441.343
14.142430	19456.789
14.148813	19448.423
14.155196	19453.740
14.161579	19492.740
14.167961	19518.755
14.174344	19480.933
14.180727	19458.930
14.187110	19396.472
14.193493	19326.143
14.199875	19253.648
14.206258	19219.608
14.212641	19183.653
14.219024	19132.278
14.225407	19081.488
14.231790	19013.574
14.238172	18964.878
14.244555	18948.162
14.250938	18953.090
14.257321	18943.883
14.263704	18916.378
14.270086	18944.779
14.276469	18963.759
14.282852	18939.216
14.289235	18941.278
14.295618	18982.195
14.302001	19017.114
14.308383	19036.604
14.314766	19045.928
14.321149	19027.993
14.327532	19016.095
14.333915	18991.142
14.340297	18946.278
14.346680	18915.792
14.353063	18867.925
14.359446	18838.491
14.365829	18840.999
14.372212	18854.881
14.378594	18811.406
14.384977	18761.647
14.391360	18734.705
14.397743	18728.963
14.404126	18737.795
14.410508	18752.444
14.416891	18743.170
14.423274	18722.501
14.429657	18726.549
14.436040	18736.704
14.442423	18761.879
14.448805	18763.241
14.455188	18726.752
14.461571	18703.644
14.467954	18665.920
14.474337	18597.609
14.480719	18588.201
14.487102	18570.142
14.493485	18566.845
14.499868	18570.140
14.506251	18560.939
14.512634	18553.265
14.519016	18573.932
14.525399	18613.738
14.531782	18661.617
14.538165	18639.098
14.544548	18605.175
14.550930	18600.893
14.557313	18627.908
14.563696	18689.498
14.570079	18713.395
14.576462	18706.882
14.582845	18720.978
14.589227	18742.197
14.595610	18737.964
14.601993	18711.459
14.608376	18672.383
14.614759	18640.186
14.621141	18627.055
14.627524	18603.985
14.633907	18516.058
14.640290	18467.505
14.646673	18491.237
14.653056	18512.900
14.659438	18509.064
14.665821	18478.303
14.672204	18452.264
14.678587	18439.092
14.684970	18399.932
14.691352	18391.942
14.697735	18410.696
14.704118	18432.209
14.710501	18434.596
14.716884	18407.713
14.723267	18390.386
14.729649	18382.414
14.736032	18353.864
14.742415	18307.241
14.748798	18264.585
14.755181	18256.309
14.761563	18212.788
14.767946	18149.379
14.774329	18146.918
14.780712	18126.226
14.787095	18112.667
14.793478	18125.861
14.799860	18120.755
14.806243	18110.375
14.812626	18142.822
14.819009	18147.018
14.825392	18171.967
14.831774	18220.856
14.838157	18238.393
14.844540	18235.424
14.850923	18242.583
14.857306	18266.379
14.863689	18232.956
14.870071	18189.183
14.876454	18163.575
14.882837	18188.816
14.889220	18202.027
14.895603	18152.010
14.901985	18116.997
14.908368	18117.225
14.914751	18099.818
14.921134	18072.148
14.927517	18071.927
14.933900	18077.157
14.940282	18065.787
14.946665	18077.375
14.953048	18084.250
14.959431	18076.647
14.965814	18098.711
14.972196	18090.274
14.978579	18086.123
14.984962	18036.916
14.991345	17989.238
14.997728	17968.191
15.004111	17964.046
15.010493	17956.457
15.016876	17946.517
15.023259	17934.437
15.029642	17971.203
15.036025	17957.659
15.042407	17932.515
15.048790	17924.061
15.055173	17919.548
15.061556	17930.801
15.067939	17959.578
15.074322	17982.858
15.080704	17998.854
15.087087	17982.567
15.093470	17952.853
15.099853	17970.115
15.106236	18019.733
15.112618	18047.766
15.119001	18063.947
15.125384	18081.272
15.131767	18104.202
15.138150	18071.017
15.144533	18032.700
15.150915	18037.491
15.157298	18046.991
15.163681	18042.919
15.170064	18026.692
15.176447	17987.737
15.182829	17975.033
15.189212	17983.087
15.195595	17999.390
15.201978	17993.168
15.208361	17984.290
15.214744	18003.979
15.221126	18020.788
15.227509	18017.684
15.233892	18029.018
15.240275	18052.169
15.246658	18105.714
15.253040	18119.850
15.259423	18099.165
15.265806	18117.382
15.272189	18128.846
15.278572	18158.170
15.284955	18175.564
15.291337	18147.413
15.297720	18085.578
15.304103	18074.554
15.310486	18046.300
15.316869	18036.170
15.323251	18054.425
15.329634	18053.609
15.336017	18023.169
15.342400	17984.601
15.348783	17988.930
15.355166	18003.999
15.361548	18016.443
15.367931	18007.904
15.374314	17966.003
15.380697	17955.915
15.387080	17990.381
15.393462	18026.894
15.399845	18042.094
15.406228	18042.872
15.412611	18037.206
15.418994	18008.140
15.425377	18014.085
15.431759	18045.837
15.438142	18047.335
15.444525	18024.257
15.450908	17980.501
15.457291	17949.430
15.463673	17933.139
15.470056	17909.069
15.476439	17900.489
15.482822	17921.042
15.489205	17939.579
15.495588	17937.808
15.501970	17937.589
15.508353	17930.088
15.514736	17931.631
15.521119	17912.248
15.527502	17903.862
15.533884	17948.939
15.540267	17959.710
15.546650	17955.426
15.553033	17963.194
15.559416	17924.989
15.565799	17893.003
15.572181	17867.159
15.578564	17841.188
15.584947	17826.601
15.591330	17824.128
15.597713	17824.981
15.604095	17814.954
15.610478	17825.029
15.616861	17829.257
15.623244	17786.966
15.629627	17808.934
15.636010	17828.758
15.642392	17806.248
15.648775	17779.682
15.655158	17777.661
15.661541	17772.163
15.667924	17751.930
15.674306	17738.995
15.680689	17723.302
15.687072	17686.023
15.693455	17678.550
15.699838	17704.996
15.706221	17743.685
15.712603	17720.916
15.718986	17696.212
15.725369	17709.443
15.731752	17755.462
15.738135	17770.694
15.744517	17727.837
15.750900	17737.968
15.757283	17780.768
15.763666	17800.789
15.770049	17793.088
15.776432	17763.934
15.782814	17751.032
15.789197	17753.390
15.795580	17788.242
15.801963	17789.684
15.808346	17739.801
15.814728	17689.992
15.821111	17657.878
15.827494	17615.090
15.833877	17585.104
15.840260	17574.163
15.846643	17553.539
15.853025	17513.132
15.859408	17480.310
15.865791	17455.572
15.872174	17471.086
15.878557	17455.531
15.884939	17450.638
15.891322	17435.290
15.897705	17398.166
15.904088	17400.834
15.910471	17401.201
15.916854	17377.933
15.923236	17370.445
15.929619	17432.681
15.936002	17463.542
15.942385	17422.955
15.948768	17413.748
15.955150	17385.934
15.961533	17348.159
15.967916	17347.304
15.974299	17329.471
15.980682	17298.300
15.987065	17283.517
15.993447	17305.164
15.999830	17320.382
16.006213	17285.872
16.012596	17288.178
16.018979	17296.375
16.025361	17321.015
16.031744	17324.751
16.038127	17284.058
16.044510	17247.591
16.050893	17242.329
16.057276	17200.801
16.063658	17196.452
16.070041	17198.679
16.076424	17154.073
16.082807	17131.240
16.089190	17114.692
16.095572	17116.997
16.101955	17149.506
16.108338	17142.829
16.114721	17113.994
16.121104	17109.253
16.127487	17093.162
16.133869	17080.367
16.140252	17082.870
16.146635	17088.358
16.153018	17067.807
16.159401	17086.198
16.165783	17068.336
16.172166	17048.182
16.178549	17035.379
16.184932	17051.836
16.191315	17047.947
16.197698	17023.591
16.204080	16979.275
16.210463	16966.526
16.216846	16973.829
16.223229	16958.630
16.229612	16938.134
16.235994	16941.707
16.242377	16953.478
16.248760	16940.949
16.255143	16924.123
16.261526	16914.753
16.267909	16914.180
16.274291	16907.761
16.280674	16889.022
16.287057	16864.430
16.293440	16864.762
16.299823	16883.067
16.306205	16868.161
16.312588	16826.892
16.318971	16793.515
16.325354	16797.635
16.331737	16773.480
16.338120	16729.134
16.344502	16746.016
16.350885	16751.177
16.357268	16715.658
16.363651	16711.628
16.370034	16707.023
16.376416	16699.475
16.382799	16671.766
16.389182	16690.448
16.395565	16739.040
16.401948	16699.509
16.408331	16618.437
16.414713	16632.052
16.421096	16670.397
16.427479	16666.525
16.433862	16609.099
16.440245	16571.282
16.446627	16596.116
16.453010	16612.638
16.459393	16613.856
16.465776	16617.049
16.472159	16617.421
16.478542	16623.454
16.484924	16617.201
16.491307	16607.200
16.497690	16612.889
16.504073	16599.886
16.510456	16575.695
16.516838	16547.248
16.523221	16560.479
16.529604	16590.860
16.535987	16581.628
16.542370	16526.940
16.548753	16508.574
16.555135	16499.032
16.561518	16475.034
16.567901	16457.915
16.574284	16439.206
16.580667	16436.970
16.587049	16464.141
16.593432	16434.080
16.599815	16362.815
16.606198	16340.621
16.612581	16350.410
16.618964	16364.770
16.625346	16341.997
16.631729	16323.656
16.638112	16309.194
16.644495	16314.330
16.650878	16339.016
16.657260	16312.803
16.663643	16294.816
16.670026	16301.196
16.676409	16282.817
16.682792	16242.995
16.689175	16225.753
16.695557	16239.681
16.701940	16280.245
16.708323	16270.639
16.714706	16228.579
16.721089	16235.612
16.727471	16221.587
16.733854	16201.911
16.740237	16160.659
16.746620	16162.024
16.753003	16196.979
16.759386	16181.866
16.765768	16175.630
16.772151	16193.190
16.778534	16174.079
16.784917	16138.026
16.791300	16159.098
16.797682	16189.568
16.804065	16197.094
16.810448	16154.623
16.816831	16125.265
16.823214	16141.092
16.829597	16180.540
16.835979	16195.302
16.842362	16165.179
16.848745	16135.114
16.855128	16114.952
16.861511	16140.473
16.867893	16209.224
16.874276	16199.538
16.880659	16168.412
16.887042	16137.971
16.893425	16109.601
16.899808	16146.084
16.906190	16158.254
16.912573	16158.625
16.918956	16157.177
16.925339	16150.865
16.931722	16160.794
16.938104	16151.270
16.944487	16104.149
16.950870	16110.153
16.957253	16078.188
16.963636	16073.968
16.970019	16092.208
16.976401	16062.781
16.982784	16011.864
16.989167	15992.430
16.995550	16017.375
17.001933	16004.675
17.008316	15981.154
17.014698	15962.376
17.021081	15939.918
17.027464	15984.300
17.033847	16019.038
17.040230	16026.961
17.046612	16007.231
17.052995	15969.893
17.059378	15931.040
17.065761	15937.255
17.072144	15960.287
17.078527	15963.834
17.084909	15981.118
17.091292	16021.331
17.097675	15996.973
17.104058	15956.111
17.110441	15947.458
17.116823	15966.692
17.123206	15996.157
17.129589	16011.253
17.135972	15997.163
17.142355	15923.169
17.148738	15908.233
17.155120	15944.656
17.161503	15951.012
17.167886	15943.467
17.174269	15972.937
17.180652	15948.389
17.187034	15914.422
17.193417	15917.357
17.199800	15958.249
17.206183	15983.126
17.212566	15955.482
17.218949	15940.985
17.225331	15943.373
17.231714	15918.771
17.238097	15915.081
17.244480	15943.576
17.250863	15955.879
17.257245	15965.011
17.263628	15951.284
17.270011	15914.814
17.276394	15899.861
17.282777	15907.115
17.289160	15915.273
17.295542	15911.557
17.301925	15889.308
17.308308	15859.269
17.314691	15865.786
17.321074	15855.557
17.327456	15823.033
17.333839	15790.538
17.340222	15773.715
17.346605	15767.597
17.352988	15807.780
17.359371	15835.842
17.365753	15828.828
17.372136	15803.021
17.378519	15776.811
17.384902	15813.524
17.391285	15809.503
17.397667	15814.791
17.404050	15819.498
17.410433	15809.761
17.416816	15813.201
17.423199	15786.886
17.429582	15773.901
17.435964	15784.593
17.442347	15761.210
17.448730	15765.383
17.455113	15774.906
17.461496	15744.990
17.467878	15776.746
17.474261	15794.160
17.480644	15748.474
17.487027	15754.178
17.493410	15748.053
17.499793	15748.501
17.506175	15738.192
17.512558	15730.786
17.518941	15797.603
17.525324	15787.949
17.531707	15749.118
17.538089	15723.108
17.544472	15693.901
17.550855	15669.722
17.557238	15635.115
17.563621	15623.797
17.570004	15653.896
17.576386	15679.402
17.582769	15672.870
17.589152	15634.560
17.595535	15588.404
17.601918	15609.198
17.608300	15643.244
17.614683	15637.687
17.621066	15608.250
17.627449	15593.504
17.633832	15596.867
17.640215	15598.777
17.646597	15606.640
17.652980	15606.240
17.659363	15590.925
17.665746	15539.918
17.672129	15578.777
17.678511	15578.785
17.684894	15533.242
17.691277	15549.240
17.697660	15588.586
17.704043	15574.467
17.710426	15558.233
17.716808	15563.524
17.723191	15534.206
17.729574	15508.459
17.735957	15529.055
17.742340	15519.395
17.748722	15487.049
17.755105	15490.244
17.761488	15483.031
17.767871	15495.107
17.774254	15494.415
17.780637	15479.216
17.787019	15442.964
17.793402	15450.937
17.799785	15411.422
17.806168	15384.239
17.812551	15413.487
17.818933	15411.729
17.825316	15412.771
17.831699	15425.674
17.838082	15444.107
17.844465	15395.493
17.850848	15378.104
17.857230	15434.804
17.863613	15470.156
17.869996	15449.359
17.876379	15408.182
17.882762	15349.659
17.889144	15358.133
17.895527	15372.730
17.901910	15336.845
17.908293	15332.534
17.914676	15358.744
17.921059	15330.800
17.927441	15279.852
17.933824	15318.958
17.940207	15333.721
17.946590	15302.771
17.952973	15312.756
17.959355	15337.469
17.965738	15312.376
17.972121	15322.604
17.978504	15369.441
17.984887	15341.047
17.991270	15311.466
17.997652	15324.912
18.004035	15332.800
18.010418	15324.260
18.016801	15271.964
18.023184	15274.178
18.029566	15298.586
18.035949	15305.121
18.042332	15300.730
18.048715	15310.153
18.055098	15317.609
18.061481	15322.707
18.067863	15298.503
18.074246	15268.032
18.080629	15279.631
18.087012	15282.586
18.093395	15279.433
18.099777	15282.830
18.106160	15283.812
18.112543	15272.449
18.118926	15269.640
18.125309	15257.667
18.131692	15284.069
18.138074	15231.543
18.144457	15245.712
18.150840	15301.625
18.157223	15327.679
18.163606	15305.049
18.169988	15286.444
18.176371	15267.710
18.182754	15257.735
18.189137	15266.572
18.195520	15262.826
18.201903	15245.231
18.208285	15229.535
18.214668	15222.673
18.221051	15193.402
18.227434	15195.498
18.233817	15208.350
18.240199	15214.082
18.246582	15211.114
18.252965	15205.035
18.259348	15256.804
18.265731	15222.302
18.272114	15190.050
18.278496	15201.003
18.284879	15244.644
18.291262	15265.300
18.297645	15254.570
18.304028	15212.057
18.310410	15190.462
18.316793	15188.089
18.323176	15220.073
18.329559	15258.048
18.335942	15213.387
18.342325	15193.198
18.348707	15208.651
18.355090	15203.538
18.361473	15204.045
18.367856	15178.600
18.374239	15166.801
18.380621	15153.828
18.387004	15168.669
18.393387	15170.849
18.399770	15184.300
18.406153	15180.113
18.412536	15168.007
18.418918	15155.923
18.425301	15154.585
18.431684	15143.725
18.438067	15162.080
18.444450	15159.123
18.450832	15126.368
18.457215	15127.648
18.463598	15161.880
18.469981	15209.041
18.476364	15161.541
18.482747	15136.868
18.489129	15119.104
18.495512	15114.194
18.501895	15131.604
18.508278	15144.581
18.514661	15153.950
18.521043	15169.267
18.527426	15162.997
18.533809	15139.190
18.540192	15159.470
18.546575	15168.897
18.552958	15157.208
18.559340	15128.406
18.565723	15161.121
18.572106	15170.070
18.578489	15136.373
18.584872	15116.728
18.591254	15113.379
18.597637	15095.365
18.604020	15103.856
18.610403	15103.708
18.616786	15088.799
18.623169	15102.352
18.629551	15143.741
18.635934	15155.059
18.642317	15178.240
18.648700	15166.002
18.655083	15123.417
18.661465	15060.304
18.667848	15050.963
18.674231	15082.105
18.680614	15092.097
18.686997	15088.817
18.693380	15058.077
18.699762	15024.777
18.706145	15043.896
18.712528	15078.367
18.718911	15062.690
18.725294	15076.902
18.731676	15090.219
18.738059	15062.535
18.744442	15059.186
18.750825	15034.474
18.757208	15040.251
18.763591	15039.848
18.769973	15015.982
18.776356	15022.644
18.782739	15048.987
18.789122	15033.945
18.795505	14982.097
18.801887	14968.731
18.808270	15007.150
18.814653	15012.433
18.821036	14964.759
18.827419	14982.071
18.833802	15044.401
18.840184	15021.926
18.846567	15000.950
18.852950	14983.862
18.859333	15000.633
18.865716	15051.441
18.872098	15012.727
18.878481	14977.519
18.884864	15019.378
18.891247	15012.651
18.897630	14998.247
18.904013	14990.942
18.910395	15010.240
18.916778	15037.534
18.923161	15006.278
18.929544	15034.771
18.935927	15035.485
18.942309	14986.046
18.948692	14973.351
18.955075	14974.034
18.961458	14953.661
18.967841	14942.381
18.974224	14937.407
18.980606	14963.120
18.986989	15003.431
18.993372	15002.997
18.999755	14995.315
19.006138	14980.073
19.012520	14958.242
19.018903	14974.337
19.025286	14962.847
19.031669	14918.302
19.038052	14890.569
19.044435	14886.836
19.050817	14923.136
19.057200	14936.480
19.063583	14905.757
19.069966	14892.088
19.076349	14911.233
19.082731	14893.441
19.089114	14874.320
19.095497	14861.775
19.101880	14887.882
19.108263	14891.003
19.114646	14893.575
19.121028	14845.353
19.127411	14860.033
19.133794	14908.995
19.140177	14909.156
19.146560	14895.945
19.152942	14848.205
19.159325	14803.874
19.165708	14814.429
19.172091	14851.366
19.178474	14855.956
19.184857	14843.844
19.191239	14846.064
19.197622	14860.885
19.204005	14877.646
19.210388	14903.011
19.216771	14856.525
19.223153	14842.826
19.229536	14796.070
19.235919	14776.873
19.242302	14778.747
19.248685	14793.678
19.255068	14840.944
19.261450	14804.573
19.267833	14805.725
19.274216	14814.193
19.280599	14773.734
19.286982	14752.324
19.293364	14766.060
19.299747	14757.293
19.306130	14717.927
19.312513	14740.011
19.318896	14738.292
19.325279	14763.037
19.331661	14787.288
19.338044	14732.198
19.344427	14674.376
19.350810	14642.539
19.357193	14696.076
19.363575	14747.279
19.369958	14741.008
19.376341	14733.044
19.382724	14715.268
19.389107	14701.579
19.395490	14726.598
19.401872	14745.796
19.408255	14745.096
19.414638	14694.197
19.421021	14651.900
19.427404	14660.555
19.433786	14676.103
19.440169	14679.534
19.446552	14670.625
19.452935	14680.665
19.459318	14674.198
19.465701	14645.749
19.472083	14643.371
19.478466	14606.243
19.484849	14618.430
19.491232	14632.760
19.497615	14603.389
19.503997	14587.623
19.510380	14542.328
19.516763	14541.735
19.523146	14561.931
19.529529	14590.367
19.535912	14623.592
19.542294	14624.496
19.548677	14564.348
19.555060	14498.442
19.561443	14496.875
19.567826	14532.018
19.574208	14543.659
19.580591	14569.185
19.586974	14564.596
19.593357	14530.334
19.599740	14515.394
19.606123	14558.643
19.612505	14576.007
19.618888	14538.471
19.625271	14523.536
19.631654	14484.832
19.638037	14495.330
19.644419	14492.628
19.650802	14493.677
19.657185	14534.933
19.663568	14536.387
19.669951	14499.533
19.676334	14498.374
19.682716	14476.387
19.689099	14449.404
19.695482	14459.584
19.701865	14454.522
19.708248	14435.215
19.714630	14462.884
19.721013	14499.014
19.727396	14459.719
19.733779	14397.063
19.740162	14382.097
19.746545	14406.196
19.752927	14401.258
19.759310	14404.040
19.765693	14392.128
19.772076	14396.310
19.778459	14448.566
19.784841	14382.302
19.791224	14425.917
19.797607	14421.165
19.803990	14386.206
19.810373	14382.527
19.816756	14391.778
19.823138	14411.317
19.829521	14443.566
19.835904	14463.549
19.842287	14413.009
19.848670	14362.542
19.855052	14332.480
19.861435	14342.659
19.867818	14400.045
19.874201	14372.184
19.880584	14333.134
19.886967	14347.610
19.893349	14349.276
19.899732	14286.425
19.906115	14292.996
19.912498	14333.312
19.918881	14324.989
19.925263	14305.431
19.931646	14319.393
19.938029	14339.561
19.944412	14330.358
19.950795	14334.057
19.957178	14326.539
19.963560	14310.671
19.969943	14332.714
19.976326	14359.529
19.982709	14306.788
19.989092	14273.962
19.995474	14268.786
20.001857	14283.354
20.008240	14317.840
20.014623	14305.539
20.021006	14219.323
20.027389	14227.605
20.033771	14278.650
20.040154	14239.004
20.046537	14195.395
20.052920	14220.615
20.059303	14254.233
20.065685	14247.886
20.072068	14233.035
20.078451	14204.278
20.084834	14232.753
20.091217	14284.772
20.097600	14243.959
20.103982	14245.481
20.110365	14253.859
20.116748	14268.778
20.123131	14256.809
20.129514	14236.409
20.135896	14221.886
20.142279	14243.375
20.148662	14239.788
20.155045	14218.165
20.161428	14200.436
20.167811	14201.740
20.174193	14209.063
20.180576	14202.800
20.186959	14225.200
20.193342	14232.579
20.199725	14164.363
20.206108	14116.943
20.212490	14117.813
20.218873	14148.061
20.225256	14194.815
20.231639	14182.220
20.238022	14168.561
20.244404	14175.710
20.250787	14196.671
20.257170	14213.041
20.263553	14194.694
20.269936	14178.132
20.276319	14179.579
20.282701	14174.942
20.289084	14127.619
20.295467	14173.533
20.301850	14198.299
20.308233	14164.619
20.314615	14190.843
20.320998	14224.932
20.327381	14220.149
20.333764	14207.147
20.340147	14220.444
20.346530	14166.378
20.352912	14101.829
20.359295	14130.844
20.365678	14152.791
20.372061	14158.755
20.378444	14165.860
20.384826	14164.643
20.391209	14161.476
20.397592	14141.234
20.403975	14150.856
20.410358	14079.751
20.416741	14064.260
20.423123	14045.991
20.429506	14078.019
20.435889	14126.781
20.442272	14147.961
20.448655	14079.866
20.455037	14074.745
20.461420	14064.127
20.467803	14067.774
20.474186	14096.750
20.480569	14165.291
20.486952	14167.418
20.493334	14077.326
20.499717	14088.234
20.506100	14086.277
20.512483	14057.772
20.518866	14089.873
20.525248	14114.136
20.531631	14054.553
20.538014	14004.424
20.544397	14048.280
20.550780	14061.950
20.557163	14040.906
20.563545	14043.726
20.569928	14058.411
20.576311	14063.148
20.582694	14068.356
20.589077	14057.556
20.595459	13981.350
20.601842	13982.445
20.608225	14096.182
20.614608	14082.926
20.620991	14009.675
20.627374	14022.118
20.633756	14082.985
20.640139	14049.585
20.646522	14004.975
20.652905	14044.324
20.659288	14088.318
20.665670	14016.577
20.672053	13975.297
20.678436	13982.862
20.684819	13985.069
20.691202	13979.302
20.697585	13958.243
20.703967	14018.061
20.710350	14023.101
20.716733	14041.707
20.723116	14017.712
20.729499	13982.752
20.735881	14002.688
20.742264	14027.772
20.748647	14026.690
20.755030	13959.742
20.761413	13997.081
20.767796	14046.569
20.774178	14040.507
20.780561	13982.494
20.786944	13967.066
20.793327	13956.434
20.799710	14008.263
20.806092	14007.910
20.812475	13969.511
20.818858	13962.996
20.825241	13963.844
20.831624	13995.013
20.838007	14008.750
20.844389	13993.164
20.850772	13975.737
20.857155	13930.882
20.863538	13960.786
20.869921	13989.765
20.876303	14003.398
20.882686	14015.916
20.889069	13998.807
20.895452	13963.325
20.901835	13927.728
20.908218	13934.169
20.914600	13955.670
20.920983	13973.029
20.927366	13943.864
20.933749	13949.036
20.940132	13968.309
20.946514	13874.977
20.952897	13921.211
20.959280	13966.187
20.965663	13972.343
20.972046	13948.443
20.978429	13920.797
20.984811	13888.990
20.991194	13902.601
20.997577	13936.959
21.003960	13908.560
21.010343	13853.226
21.016725	13870.409
21.023108	13915.436
21.029491	13918.797
21.035874	13887.391
21.042257	13862.939
21.048640	13866.233
21.055022	13892.463
21.061405	13840.329
21.067788	13854.944
21.074171	13866.626
21.080554	13877.466
21.086936	13856.186
21.093319	13870.640
21.099702	13823.760
21.106085	13815.344
21.112468	13829.226
21.118851	13907.093
21.125233	13941.849
21.131616	13905.835
21.137999	13840.700
21.144382	13839.663
21.150765	13838.607
21.157147	13806.177
21.163530	13826.719
21.169913	13829.148
21.176296	13827.764
21.182679	13841.843
21.189062	13826.459
21.195444	13810.659
21.201827	13841.420
21.208210	13870.386
21.214593	13822.422
21.220976	13758.919
21.227358	13772.525
21.233741	13722.716
21.240124	13761.444
21.246507	13769.609
21.252890	13837.650
21.259273	13790.062
21.265655	13743.553
21.272038	13756.726
21.278421	13723.236
21.284804	13729.234
21.291187	13772.166
21.297569	13800.845
21.303952	13768.282
21.310335	13798.894
21.316718	13769.403
21.323101	13714.403
21.329484	13726.993
21.335866	13751.998
21.342249	13782.371
21.348632	13779.213
21.355015	13800.776
21.361398	13811.820
21.367780	13782.143
21.374163	13761.105
21.380546	13786.580
21.386929	13796.308
21.393312	13819.512
21.399695	13816.954
21.406077	13768.477
21.412460	13777.547
21.418843	13763.653
21.425226	13715.773
21.431609	13712.743
21.437991	13784.504
21.444374	13769.529
21.450757	13727.672
21.457140	13762.415
21.463523	13767.138
21.469906	13725.294
21.476288	13757.874
21.482671	13693.088
21.489054	13740.863
21.495437	13718.076
21.501820	13691.698
21.508202	13712.502
21.514585	13734.979
21.520968	13762.352
21.527351	13766.277
21.533734	13713.441
21.540117	13721.511
21.546499	13721.492
21.552882	13725.002
21.559265	13718.587
21.565648	13709.497
21.572031	13683.298
21.578413	13691.846
21.584796	13692.052
21.591179	13694.815
21.597562	13727.168
21.603945	13682.223
21.610328	13625.680
21.616710	13643.777
21.623093	13704.977
21.629476	13667.942
21.635859	13722.995
21.642242	13677.741
21.648624	13631.454
21.655007	13645.025
21.661390	13658.946
21.667773	13705.737
21.674156	13702.539
21.680539	13685.158
21.686921	13661.489
21.693304	13654.632
21.699687	13679.074
21.706070	13657.647
21.712453	13687.997
21.718835	13687.346
21.725218	13676.854
21.731601	13610.672
21.737984	13609.859
21.744367	13651.037
21.750750	13681.993
21.757132	13652.193
21.763515	13669.051
21.769898	13680.672
21.776281	13715.947
21.782664	13676.815
21.789046	13648.598
21.795429	13667.180
21.801812	13726.560
21.808195	13704.873
21.814578	13681.754
21.820961	13649.164
21.827343	13632.912
21.833726	13629.259
21.840109	13603.742
21.846492	13677.487
21.852875	13665.161
21.859257	13614.557
21.865640	13633.350
21.872023	13636.937
21.878406	13643.256
21.884789	13677.297
21.891172	13681.447
21.897554	13654.404
21.903937	13664.129
21.910320	13665.815
21.916703	13666.550
21.923086	13641.611
21.929468	13636.741
21.935851	13646.154
21.942234	13641.271
21.948617	13609.684
21.955000	13645.416
21.961383	13619.459
21.967765	13561.768
21.974148	13598.533
21.980531	13667.896
21.986914	13639.742
21.993297	13620.842
21.999679	13621.211
22.006062	13581.513
22.012445	13595.562
22.018828	13602.379
22.025211	13668.101
22.031594	13662.495
22.037976	13591.372
22.044359	13587.594
22.050742	13656.120
22.057125	13694.309
22.063508	13652.888
22.069890	13603.108
22.076273	13644.134
22.082656	13694.704
22.089039	13686.030
22.095422	13610.012
22.101805	13586.186
22.108187	13515.189
22.114570	13618.523
22.120953	13641.797
22.127336	13596.803
22.133719	13543.668
22.140101	13562.379
22.146484	13616.139
22.152867	13673.795
22.159250	13644.128
22.165633	13611.102
22.172016	13586.965
22.178398	13620.735
22.184781	13595.982
22.191164	13545.058
22.197547	13524.061
22.203930	13529.744
22.210312	13573.250
22.216695	13569.646
22.223078	13603.165
22.229461	13576.038
22.235844	13556.918
22.242227	13612.969
22.248609	13541.937
22.254992	13587.060
22.261375	13656.913
22.267758	13621.329
22.274141	13623.543
22.280523	13538.747
22.286906	13498.002
22.293289	13469.776
22.299672	13551.459
22.306055	13606.438
22.312438	13603.912
22.318820	13533.024
22.325203	13577.738
22.331586	13540.712
22.337969	13518.201
22.344352	13506.376
22.350734	13509.797
22.357117	13479.653
22.363500	13504.578
22.369883	13579.272
22.376266	13553.531
22.382649	13578.507
22.389031	13544.979
22.395414	13543.592
22.401797	13516.033
22.408180	13496.373
22.414563	13557.712
22.420945	13524.098
22.427328	13452.287
22.433711	13401.627
22.440094	13461.954
22.446477	13558.574
22.452860	13605.021
22.459242	13579.595
22.465625	13536.728
22.472008	13483.268
22.478391	13503.053
22.484774	13528.683
22.491156	13540.661
22.497539	13486.586
22.503922	13461.807
22.510305	13488.130
22.516688	13537.744
22.523071	13492.843
22.529453	13519.745
22.535836	13537.731
22.542219	13598.993
22.548602	13594.648
22.554985	13529.828
22.561367	13496.920
22.567750	13478.162
22.574133	13526.688
22.580516	13525.725
22.586899	13466.656
22.593282	13485.901
22.599664	13483.369
22.606047	13460.813
22.612430	13465.746
22.618813	13508.199
22.625196	13541.325
22.631578	13516.272
22.637961	13572.192
22.644344	13528.091
22.650727	13530.643
22.657110	13480.661
22.663493	13529.700
22.669875	13517.504
22.676258	13469.010
22.682641	13471.388
22.689024	13447.162
22.695407	13441.208
22.701789	13477.280
22.708172	13499.110
22.714555	13481.843
22.720938	13445.744
22.727321	13445.396
22.733704	13467.799
22.740086	13505.412
22.746469	13429.943
22.752852	13369.298
22.759235	13396.491
22.765618	13393.903
22.772000	13483.626
22.778383	13507.245
22.784766	13485.874
22.791149	13442.604
22.797532	13395.453
22.803915	13451.437
22.810297	13445.614
22.816680	13468.245
22.823063	13509.723
22.829446	13453.434
22.835829	13422.509
22.842211	13417.469
22.848594	13495.179
22.854977	13489.219
22.861360	13392.625
22.867743	13376.728
22.874126	13390.625
22.880508	13433.228
22.886891	13489.258
22.893274	13446.661
22.899657	13326.322
22.906040	13371.457
22.912422	13399.056
22.918805	13378.442
22.925188	13356.721
22.931571	13373.955
22.937954	13371.156
22.944337	13442.175
22.950719	13404.687
22.957102	13448.755
22.963485	13438.380
22.969868	13405.463
22.976251	13459.347
22.982633	13422.686
22.989016	13352.604
22.995399	13394.071
23.001782	13373.733
23.008165	13360.104
23.014548	13437.247
23.020930	13368.292
23.027313	13482.506
23.033696	13433.659
23.040079	13358.653
23.046462	13381.751
23.052844	13354.905
23.059227	13354.281
23.065610	13412.624
23.071993	13375.565
23.078376	13324.622
23.084759	13363.691
23.091141	13365.717
23.097524	13348.124
23.103907	13348.632
23.110290	13347.593
23.116673	13347.933
23.123055	13316.995
23.129438	13308.237
23.135821	13374.743
23.142204	13399.810
23.148587	13377.094
23.154970	13399.775
23.161352	13319.969
23.167735	13304.676
23.174118	13330.173
23.180501	13328.888
23.186884	13355.436
23.193266	13295.850
23.199649	13285.846
23.206032	13294.395
23.212415	13275.841
23.218798	13318.855
23.225181	13334.536
23.231563	13287.377
23.237946	13277.344
23.244329	13299.198
23.250712	13319.312
23.257095	13348.087
23.263477	13345.283
23.269860	13351.644
23.276243	13325.457
23.282626	13302.216
23.289009	13294.632
23.295392	13257.230
23.301774	13341.940
23.308157	13298.520
23.314540	13340.995
23.320923	13325.515
23.327306	13255.057
23.333688	13241.138
23.340071	13305.402
23.346454	13278.367
23.352837	13263.639
23.359220	13316.297
23.365603	13265.854
23.371985	13283.476
23.378368	13309.069
23.384751	13225.033
23.391134	13252.050
23.397517	13326.460
23.403900	13253.842
23.410282	13256.074
23.416665	13275.172
23.423048	13314.255
23.429431	13224.836
23.435814	13249.572
23.442196	13260.907
23.448579	13283.215
23.454962	13300.763
23.461345	13235.847
23.467728	13237.262
23.474111	13174.326
23.480493	13224.907
23.486876	13260.595
23.493259	13223.082
23.499642	13256.826
23.506025	13234.276
23.512407	13261.184
23.518790	13232.913
23.525173	13222.380
23.531556	13198.246
23.537939	13204.653
23.544322	13241.314
23.550704	13221.072
23.557087	13249.110
23.563470	13155.947
23.569853	13175.345
23.576236	13177.056
23.582618	13242.443
23.589001	13166.143
23.595384	13235.435
23.601767	13243.249
23.608150	13229.562
23.614533	13262.708
23.620915	13167.543
23.627298	13160.862
23.633681	13194.206
23.640064	13256.402
23.646447	13238.040
23.652829	13248.574
23.659212	13194.134
23.665595	13192.250
23.671978	13173.864
23.678361	13212.916
23.684744	13235.581
23.691126	13174.598
23.697509	13140.476
23.703892	13159.718
23.710275	13193.278
23.716658	13175.359
23.723040	13170.082
23.729423	13101.077
23.735806	13215.221
23.742189	13210.575
23.748572	13190.580
23.754955	13146.996
23.761337	13173.558
23.767720	13263.789
23.774103	13246.018
23.780486	13236.443
23.786869	13091.000
23.793251	13103.139
23.799634	13239.509
23.806017	13240.550
23.812400	13213.350
23.818783	13225.939
23.825166	13233.041
23.831548	13249.727
23.837931	13085.450
23.844314	13133.937
23.850697	13192.116
23.857080	13161.224
23.863462	13077.508
23.869845	13090.029
23.876228	13156.544
23.882611	13169.471
23.888994	13141.959
23.895377	13176.762
23.901759	13129.639
23.908142	13135.028
23.914525	13198.363
23.920908	13186.013
23.927291	13213.026
23.933673	13143.153
23.940056	13042.225
23.946439	13217.239
23.952822	13164.112
23.959205	13026.124
23.965588	13114.252
23.971970	13173.193
23.978353	13134.252
23.984736	13056.209
23.991119	13068.068
23.997502	13100.818
24.003884	13072.799
24.010267	13102.112
24.016650	13192.588
24.023033	13149.843
24.029416	13110.272
24.035799	13126.396
24.042181	13123.532
24.048564	13088.032
24.054947	13113.398
24.061330	13097.688
24.067713	13152.345
24.074095	13084.644
24.080478	13077.344
24.086861	13165.752
24.093244	13144.447
24.099627	13194.460
24.106010	13055.372
24.112392	13134.192
24.118775	13065.185
24.125158	12998.448
24.131541	13080.006
24.137924	13078.184
24.144306	13164.465
24.150689	13070.174
24.157072	13119.542
24.163455	13073.482
24.169838	13019.776
24.176221	13065.499
24.182603	13085.194
24.188986	13077.614
24.195369	13105.980
24.201752	13084.497
24.208135	13064.624
24.214517	13042.080
24.220900	12993.712
24.227283	13029.600
24.233666	13036.070
24.240049	13037.034
24.246432	13035.712
24.252814	13040.107
24.259197	13116.173
24.265580	13012.550
24.271963	12996.121
24.278346	13082.566
24.284728	13068.205
24.291111	13065.371
24.297494	13009.327
24.303877	12937.228
24.310260	13025.632
24.316643	13075.217
24.323025	13017.191
24.329408	13008.863
24.335791	13012.712
24.342174	13022.010
24.348557	13022.477
24.354939	12987.752
24.361322	12954.410
24.367705	12989.409
24.374088	12985.343
24.380471	12945.005
24.386854	12929.762
24.393236	12935.401
24.399619	12990.028
24.406002	12994.881
24.412385	12874.295
24.418768	12914.286
24.425150	12950.216
24.431533	12922.707
24.437916	13002.035
24.444299	13022.897
24.450682	12991.471
24.457065	12970.253
24.463447	12967.616
24.469830	12951.470
24.476213	12967.872
24.482596	12917.607
24.488979	12936.622
24.495361	12987.796
24.501744	12994.632
24.508127	13010.882
24.514510	13096.155
24.520893	12951.756
24.527276	12952.377
24.533658	12879.172
24.540041	12844.673
24.546424	12952.584
24.552807	13034.642
24.559190	12940.720
24.565572	12907.876
24.571955	12931.674
24.578338	12959.777
24.584721	12952.124
24.591104	12903.848
24.597487	12892.096
24.603869	12909.805
24.610252	12844.724
24.616635	12863.417
24.623018	12870.087
24.629401	12937.156
24.635783	12911.793
24.642166	12818.159
24.648549	12862.365
24.654932	12901.949
24.661315	12893.814
24.667698	12836.329
24.674080	12936.205
24.680463	12879.494
24.686846	12816.967
24.693229	12927.497
24.699612	12916.847
24.705994	12834.076
24.712377	12916.486
24.718760	12873.154
24.725143	12882.122
24.731526	12875.985
24.737909	12859.218
24.744291	12870.419
24.750674	12824.992
24.757057	12855.944
24.763440	12823.810
24.769823	12894.286
24.776205	12885.646
24.782588	12818.624
24.788971	12759.447
24.795354	12771.748
24.801737	12844.132
24.808120	12849.196
24.814502	12849.035
24.820885	12899.541
24.827268	12787.242
24.833651	12772.619
24.840034	12881.794
24.846416	12811.333
24.852799	12829.433
24.859182	12827.003
24.865565	12769.808
24.871948	12793.257
24.878331	12785.779
24.884713	12723.210
24.891096	12787.690
24.897479	12821.136
24.903862	12881.378
24.910245	12866.463
24.916627	12685.495
24.923010	12754.129
24.929393	12724.184
24.935776	12784.821
24.942159	12811.311
24.948542	12810.400
24.954924	12852.899
24.961307	12878.691
24.967690	12853.725
24.974073	12786.764
24.980456	12804.054
24.986838	12823.935
24.993221	12794.510
24.999604	12817.657
25.005987	12689.955
25.012370	12791.482
25.018753	12908.773
25.025135	12803.869
25.031518	12760.773
25.037901	12749.793
25.044284	12780.740
25.050667	12740.757
25.057049	12816.722
25.063432	12817.240
25.069815	12811.466
25.076198	12790.762
25.082581	12864.618
25.088964	12782.571
25.095346	12796.251
25.101729	12787.885
25.108112	12793.097
25.114495	12739.003
25.120878	12644.583
25.127260	12752.103
25.133643	12748.063
25.140026	12787.750
25.146409	12785.079
25.152792	12731.636
25.159175	12753.658
25.165557	12658.959
25.171940	12727.794
25.178323	12758.147
25.184706	12754.972
25.191089	12832.562
25.197471	12737.863
25.203854	12775.840
25.210237	12780.739
25.216620	12725.266
25.223003	12780.113
25.229386	12609.946
25.235768	12680.962
25.242151	12791.633
25.248534	12809.170
25.254917	12786.266
25.261300	12737.266
25.267682	12701.081
25.274065	12680.767
25.280448	12697.425
25.286831	12741.861
25.293214	12748.432
25.299597	12677.048
25.305979	12718.424
25.312362	12701.606
25.318745	12706.513
25.325128	12689.555
25.331511	12683.163
25.337893	12719.551
25.344276	12646.593
25.350659	12685.566
25.357042	12671.589
25.363425	12680.477
25.369808	12678.230
25.376190	12645.200
25.382573	12705.109
25.388956	12726.403
25.395339	12658.848
25.401722	12567.423
25.408104	12629.044
25.414487	12708.133
25.420870	12791.829
25.427253	12684.144
25.433636	12605.241
25.440019	12727.680
25.446401	12642.223
25.452784	12593.974
25.459167	12603.231
25.465550	12764.202
25.471933	12731.213
25.478315	12739.296
25.484698	12681.265
25.491081	12697.809
25.497464	12677.406
25.503847	12685.855
25.510230	12585.572
25.516612	12614.197
25.522995	12690.658
25.529378	12575.293
25.535761	12593.702
25.542144	12590.179
25.548526	12591.259
25.554909	12663.712
25.561292	12660.596
25.567675	12629.733
25.574058	12687.011
25.580441	12593.488
25.586823	12650.983
25.593206	12653.860
25.599589	12612.202
25.605972	12577.690
25.612355	12560.537
25.618737	12625.337
25.625120	12617.363
25.631503	12611.219
25.637886	12582.335
25.644269	12622.925
25.650652	12661.559
25.657034	12699.868
25.663417	12590.251
25.669800	12517.441
25.676183	12494.729
25.682566	12595.151
25.688948	12504.687
25.695331	12687.299
25.701714	12520.379
25.708097	12665.848
25.714480	12587.042
25.720863	12578.489
25.727245	12550.955
25.733628	12569.241
25.740011	12578.439
25.746394	12505.549
25.752777	12538.364
25.759159	12614.271
25.765542	12566.981
25.771925	12586.009
25.778308	12548.989
25.784691	12468.798
25.791074	12573.332
25.797456	12535.485
25.803839	12378.932
25.810222	12421.145
25.816605	12523.356
25.822988	12476.610
25.829370	12401.419
25.835753	12504.179
25.842136	12492.623
25.848519	12488.389
25.854902	12621.400
25.861285	12603.682
25.867667	12474.542
25.874050	12546.231
25.880433	12541.088
25.886816	12492.762
25.893199	12606.510
25.899581	12547.775
25.905964	12470.026
25.912347	12444.944
25.918730	12527.010
25.925113	12477.809
25.931496	12367.939
25.937878	12467.106
25.944261	12513.755
25.950644	12460.755
25.957027	12505.650
25.963410	12509.585
25.969792	12531.174
25.976175	12511.124
25.982558	12486.568
25.988941	12530.542
25.995324	12443.628
26.001707	12489.299
26.008089	12475.150
26.014472	12574.929
26.020855	12546.649
26.027238	12487.661
26.033621	12474.881
26.040003	12298.650
26.046386	12391.491
26.052769	12557.581
26.059152	12499.582
26.065535	12423.888
26.071918	12424.028
26.078300	12464.313
26.084683	12461.210
26.091066	12497.041
26.097449	12466.950
26.103832	12488.085
26.110214	12394.082
26.116597	12442.822
26.122980	12525.695
26.129363	12435.081
26.135746	12423.712
26.142129	12426.483
26.148511	12432.607
26.154894	12455.792
26.161277	12409.829
26.167660	12411.750
26.174043	12488.584
26.180425	12471.638
26.186808	12361.259
26.193191	12508.847
26.199574	12485.698
26.205957	12458.931
26.212340	12387.088
26.218722	12494.587
26.225105	12541.777
26.231488	12422.756
26.237871	12521.494
26.244254	12469.851
26.250636	12400.468
26.257019	12408.480
26.263402	12337.310
26.269785	12348.895
26.276168	12430.027
26.282551	12440.294
26.288933	12358.358
26.295316	12386.485
26.301699	12373.128
26.308082	12309.309
26.314465	12298.401
26.320847	12405.866
26.327230	12375.422
26.333613	12480.172
26.339996	12360.657
26.346379	12399.842
26.352762	12422.541
26.359144	12364.569
26.365527	12350.088
26.371910	12357.967
26.378293	12325.799
26.384676	12403.932
26.391058	12322.022
26.397441	12359.024
26.403824	12296.264
26.410207	12334.607
26.416590	12442.740
26.422973	12413.513
26.429355	12411.257
26.435738	12460.776
26.442121	12526.015
26.448504	12341.950
26.454887	12285.072
26.461269	12296.861
26.467652	12278.498
26.474035	12253.338
26.480418	12275.400
26.486801	12280.417
26.493184	12264.560
26.499566	12257.797
26.505949	12337.059
26.512332	12474.921
26.518715	12416.107
26.525098	12217.316
26.531480	12222.299
26.537863	12290.471
26.544246	12234.867
26.550629	12289.014
26.557012	12347.693
26.563395	12300.071
26.569777	12227.282
26.576160	12213.861
26.582543	12259.096
26.588926	12233.025
26.595309	12315.399
26.601692	12214.300
26.608074	12216.648
26.614457	12259.963
26.620840	12339.515
26.627223	12283.846
26.633606	12361.837
26.639988	12335.870
26.646371	12248.784
26.652754	12403.967
26.659137	12359.032
26.665520	12265.334
26.671903	12296.609
26.678285	12290.675
26.684668	12282.314
26.691051	12320.299
26.697434	12198.539
26.703817	12273.184
26.710199	12229.313
26.716582	12171.918
26.722965	12153.307
26.729348	12215.954
26.735731	12242.693
26.742114	12292.960
26.748496	12248.713
26.754879	12219.995
26.761262	12073.523
26.767645	12300.792
26.774028	12281.354
26.780410	12201.492
26.786793	12267.598
26.793176	12143.955
26.799559	12145.692
26.805942	12160.969
26.812325	12228.617
26.818707	12166.077
26.825090	12178.623
26.831473	12301.671
26.837856	12232.830
26.844239	12111.016
26.850621	12148.178
26.857004	12203.987
26.863387	12212.858
26.869770	12183.255
26.876153	12184.904
26.882536	12239.925
26.888918	12216.341
26.895301	12172.052
26.901684	12091.185
26.908067	12256.301
26.914450	12143.079
26.920832	12122.563
26.927215	12186.139
26.933598	12247.067
26.939981	12165.601
26.946364	12153.385
26.952747	12213.446
26.959129	12265.894
26.965512	12183.242
26.971895	12286.854
26.978278	12104.636
26.984661	12158.682
26.991043	12230.851
26.997426	12064.337
27.003809	12241.561
27.010192	12097.129
27.016575	12195.518
27.022958	12246.296
27.029340	12221.309
27.035723	12161.624
27.042106	12084.823
27.048489	12099.160
27.054872	12219.500
27.061254	12195.508
27.067637	12166.485
27.074020	12095.762
27.080403	12094.908
27.086786	11964.216
27.093169	11933.986
27.099551	12108.734
27.105934	12132.629
27.112317	12091.007
27.118700	12154.117
27.125083	12083.312
27.131465	12045.617
27.137848	12005.517
27.144231	12107.465
27.150614	12116.818
27.156997	12072.663
27.163380	12125.224
27.169762	12167.327
27.176145	12086.415
27.182528	12215.823
27.188911	12085.739
27.195294	12075.548
27.201676	12001.371
27.208059	12107.018
27.214442	12058.506
27.220825	12110.356
27.227208	12140.975
27.233591	12035.978
27.239973	12050.800
27.246356	12089.188
27.252739	11913.642
27.259122	12019.093
27.265505	12163.612
27.271887	12051.841
27.278270	12139.670
27.284653	12047.315
27.291036	12112.821
27.297419	12185.899
27.303802	12084.372
27.310184	12061.914
27.316567	12079.785
27.322950	12013.775
27.329333	12162.168
27.335716	12056.165
27.342098	12020.695
27.348481	12035.414
27.354864	12090.318
27.361247	12025.118
27.367630	12089.696
27.374013	12016.133
27.380395	12063.129
27.386778	12010.487
27.393161	12040.850
27.399544	11948.650
27.405927	11983.803
27.412309	11906.672
27.418692	11989.467
27.425075	11878.737
27.431458	11962.264
27.437841	11962.894
27.444224	12069.839
27.450606	11879.775
27.456989	11896.812
27.463372	11861.589
27.469755	11937.277
27.476138	12016.569
27.482520	11994.298
27.488903	12022.879
27.495286	11916.492
27.501669	12010.226
27.508052	11853.891
27.514435	11852.768
27.520817	12051.473
27.527200	12002.219
27.533583	11989.811
27.539966	11991.443
27.546349	11900.019
27.552731	11937.183
27.559114	11838.006
27.565497	11810.552
27.571880	11985.064
27.578263	12016.937
27.584646	11941.184
27.591028	11991.607
27.597411	11972.855
27.603794	12006.182
27.610177	12070.459
27.616560	11971.553
27.622942	12085.198
27.629325	11875.780
27.635708	11870.498
27.642091	11805.528
27.648474	11889.412
27.654857	11830.049
27.661239	11941.880
27.667622	11849.567
27.674005	12003.524
27.680388	11901.964
27.686771	11929.793
27.693153	11893.631
27.699536	11898.148
27.705919	11813.740
27.712302	11929.816
27.718685	11803.040
27.725068	11824.168
27.731450	11912.871
27.737833	11792.042
27.744216	11676.033
27.750599	11771.683
27.756982	0.0000000
27.763364	0.0000000
27.769747	0.0000000
27.776130	0.0000000
27.782513	0.0000000
27.788896	0.0000000
27.795279	0.0000000
27.801661	0.0000000
27.808044	0.0000000
27.814427	0.0000000
27.820810	0.0000000
27.827193	0.0000000
27.833575	0.0000000
27.839958	0.0000000
27.846341	0.0000000
27.852724	0.0000000
27.859107	0.0000000
27.865490	0.0000000
27.871872	0.0000000
27.878255	0.0000000
27.884638	0.0000000
27.891021	0.0000000
27.897404	0.0000000
27.903786	0.0000000
27.910169	0.0000000
27.916552	0.0000000
27.922935	0.0000000
27.929318	0.0000000
27.935701	0.0000000
27.942083	0.0000000
27.948466	0.0000000
27.954849	0.0000000
27.961232	0.0000000
27.967615	0.0000000
27.973997	0.0000000
27.980380	0.0000000
27.986763	0.0000000
27.993146	0.0000000
27.999529	0.0000000
28.005912	0.0000000
28.012294	0.0000000
28.018677	0.0000000
28.025060	0.0000000
28.031443	0.0000000
28.037826	0.0000000
28.044208	0.0000000
28.050591	0.0000000
28.056974	0.0000000
28.063357	0.0000000
28.069740	0.0000000
28.076123	0.0000000
28.082505	0.0000000
28.088888	0.0000000
28.095271	0.0000000
28.101654	0.0000000
28.108037	0.0000000
28.114419	0.0000000
28.120802	0.0000000
28.127185	0.0000000
28.133568	0.0000000
28.139951	0.0000000
28.146334	0.0000000
28.152716	0.0000000
28.159099	0.0000000
28.165482	0.0000000
28.171865	0.0000000
28.178248	0.0000000
28.184630	0.0000000
28.191013	0.0000000
28.197396	0.0000000
28.203779	0.0000000
28.210162	0.0000000
28.216545	0.0000000
28.222927	0.0000000
28.229310	0.0000000
28.235693	0.0000000
28.242076	0.0000000
28.248459	0.0000000
28.254841	0.0000000
28.261224	0.0000000
28.267607	0.0000000
28.273990	0.0000000
28.280373	0.0000000
28.286756	0.0000000
28.293138	0.0000000
28.299521	0.0000000
28.305904	0.0000000
28.312287	0.0000000
28.318670	0.0000000
28.325052	0.0000000
28.331435	0.0000000
28.337818	0.0000000
28.344201	0.0000000
28.350584	0.0000000
28.356967	0.0000000
28.363349	0.0000000
28.369732	0.0000000
28.376115	0.0000000
28.382498	0.0000000
28.388881	0.0000000
28.395263	0.0000000
28.401646	0.0000000
28.408029	0.0000000
28.414412	0.0000000
28.420795	0.0000000
28.427178	0.0000000
28.433560	0.0000000
28.439943	0.0000000
28.446326	0.0000000
28.452709	0.0000000
28.459092	0.0000000
28.465474	0.0000000
28.471857	0.0000000
28.478240	0.0000000
28.484623	0.0000000
28.491006	0.0000000
28.497389	0.0000000
28.503771	0.0000000
28.510154	0.0000000
28.516537	0.0000000
28.522920	0.0000000
28.529303	0.0000000
28.535685	0.0000000
28.542068	0.0000000
28.548451	0.0000000
28.554834	0.0000000
28.561217	0.0000000
28.567600	0.0000000
28.573982	0.0000000
28.580365	0.0000000
28.586748	0.0000000
28.593131	0.0000000
28.599514	0.0000000
28.605896	0.0000000
28.612279	0.0000000
28.618662	0.0000000
28.625045	0.0000000
28.631428	0.0000000
28.637811	0.0000000
28.644193	0.0000000
28.650576	0.0000000
28.656959	0.0000000
28.663342	0.0000000
28.669725	0.0000000
28.676107	0.0000000
28.682490	0.0000000
28.688873	0.0000000
28.695256	0.0000000
28.701639	0.0000000
28.708022	0.0000000
28.714404	0.0000000
28.720787	0.0000000
28.727170	0.0000000
28.733553	0.0000000
28.739936	0.0000000
28.746318	0.0000000
28.752701	0.0000000
28.759084	0.0000000
28.765467	0.0000000
28.771850	0.0000000
28.778233	0.0000000
28.784615	0.0000000
28.790998	0.0000000
28.797381	0.0000000
28.803764	0.0000000
28.810147	0.0000000
28.816529	0.0000000
28.822912	0.0000000
28.829295	0.0000000
28.835678	0.0000000
28.842061	0.0000000
28.848444	0.0000000
28.854826	0.0000000
28.861209	0.0000000
28.867592	0.0000000
28.873975	0.0000000
28.880358	0.0000000
28.886740	0.0000000
28.893123	0.0000000
28.899506	0.0000000
28.905889	0.0000000
28.912272	0.0000000
28.918655	0.0000000
28.925037	0.0000000
28.931420	0.0000000
28.937803	0.0000000
28.944186	0.0000000
28.950569	0.0000000
28.956951	0.0000000
28.963334	0.0000000
28.969717	0.0000000
28.976100	0.0000000
28.982483	0.0000000
28.988866	0.0000000
28.995248	0.0000000
29.001631	0.0000000
29.008014	0.0000000
29.014397	0.0000000
29.020780	0.0000000
29.027162	0.0000000
29.033545	0.0000000
29.039928	0.0000000
29.046311	0.0000000
29.052694	0.0000000
29.059077	0.0000000
29.065459	0.0000000
29.071842	0.0000000
29.078225	0.0000000
29.084608	0.0000000
29.090991	0.0000000
29.097373	0.0000000
29.103756	0.0000000
29.110139	0.0000000
29.116522	0.0000000
29.122905	0.0000000
29.129288	0.0000000
29.135670	0.0000000
29.142053	0.0000000
29.148436	0.0000000
29.154819	0.0000000
29.161202	0.0000000
29.167584	0.0000000
29.173967	0.0000000
29.180350	0.0000000
29.186733	0.0000000
29.193116	0.0000000
29.199499	0.0000000
29.205881	0.0000000
29.212264	0.0000000
29.218647	0.0000000
29.225030	0.0000000
29.231413	0.0000000
29.237795	0.0000000
29.244178	0.0000000
29.250561	0.0000000
29.256944	0.0000000
29.263327	0.0000000
29.269710	0.0000000
29.276092	0.0000000
29.282475	0.0000000
29.288858	0.0000000
29.295241	0.0000000
29.301624	0.0000000
29.308006	0.0000000
29.314389	0.0000000
29.320772	0.0000000
29.327155	0.0000000
29.333538	0.0000000
29.339921	0.0000000
29.346303	0.0000000
29.352686	0.0000000
29.359069	0.0000000
29.365452	0.0000000
29.371835	0.0000000
29.378217	0.0000000
29.384600	0.0000000
29.390983	0.0000000
29.397366	0.0000000
29.403749	0.0000000
29.410132	0.0000000
29.416514	0.0000000
29.422897	0.0000000
29.429280	0.0000000
29.435663	0.0000000
29.442046	0.0000000
29.448428	0.0000000
29.454811	0.0000000
29.461194	0.0000000
29.467577	0.0000000
29.473960	0.0000000
29.480343	0.0000000
29.486725	0.0000000
29.493108	0.0000000
29.499491	0.0000000
29.505874	0.0000000
29.512257	0.0000000
29.518639	0.0000000
29.525022	0.0000000
29.531405	0.0000000
29.537788	0.0000000
29.544171	0.0000000
29.550554	0.0000000
29.556936	0.0000000
29.563319	0.0000000
29.569702	0.0000000
29.576085	0.0000000
29.582468	0.0000000
29.588850	0.0000000
29.595233	0.0000000
29.601616	0.0000000
29.607999	0.0000000
29.614382	0.0000000
29.620765	0.0000000
29.627147	0.0000000
29.633530	0.0000000
29.639913	0.0000000
29.646296	0.0000000
29.652679	0.0000000
29.659061	0.0000000
29.665444	0.0000000
29.671827	0.0000000
29.678210	0.0000000
29.684593	0.0000000
29.690976	0.0000000
29.697358	0.0000000
29.703741	0.0000000
29.710124	0.0000000
29.716507	0.0000000
29.722890	0.0000000
29.729272	0.0000000
29.735655	0.0000000
29.742038	0.0000000
29.748421	0.0000000
29.754804	0.0000000
29.761187	0.0000000
29.767569	0.0000000
29.773952	0.0000000
29.780335	0.0000000
29.786718	0.0000000
29.793101	0.0000000
29.799484	0.0000000
29.805866	0.0000000
29.812249	0.0000000
29.818632	0.0000000
29.825015	0.0000000
29.831398	0.0000000
29.837780	0.0000000
29.844163	0.0000000
29.850546	0.0000000
29.856929	0.0000000
29.863312	0.0000000
29.869695	0.0000000
29.876077	0.0000000
29.882460	0.0000000
29.888843	0.0000000
29.895226	0.0000000
29.901609	0.0000000
29.907991	0.0000000
29.914374	0.0000000
29.920757	0.0000000
29.927140	0.0000000
29.933523	0.0000000
29.939906	0.0000000
29.946288	0.0000000
29.952671	0.0000000
29.959054	0.0000000
29.965437	0.0000000
29.971820	0.0000000
29.978202	0.0000000
29.984585	0.0000000
29.990968	0.0000000
29.997351	0.0000000
30.003734	0.0000000
30.010117	0.0000000
30.016499	0.0000000
30.022882	0.0000000
30.029265	0.0000000
30.035648	0.0000000
30.042031	0.0000000
30.048413	0.0000000
30.054796	0.0000000
30.061179	0.0000000
30.067562	0.0000000
30.073945	0.0000000
30.080328	0.0000000
30.086710	0.0000000
30.093093	0.0000000
30.099476	0.0000000
30.105859	0.0000000
30.112242	0.0000000
30.118624	0.0000000
30.125007	0.0000000
30.131390	0.0000000
30.137773	0.0000000
30.144156	0.0000000
30.150539	0.0000000
30.156921	0.0000000
30.163304	0.0000000
30.169687	0.0000000
30.176070	0.0000000
30.182453	0.0000000
30.188835	0.0000000
30.195218	0.0000000
30.201601	0.0000000
30.207984	0.0000000
30.214367	0.0000000
30.220750	0.0000000
30.227132	0.0000000
30.233515	0.0000000
30.239898	0.0000000
30.246281	0.0000000
30.252664	0.0000000
30.259046	0.0000000
30.265429	0.0000000
30.271812	0.0000000
30.278195	0.0000000
30.284578	0.0000000
30.290961	0.0000000
30.297343	0.0000000
30.303726	0.0000000
30.310109	0.0000000
30.316492	0.0000000
30.322875	0.0000000
30.329257	0.0000000
30.335640	0.0000000
30.342023	0.0000000
30.348406	0.0000000
30.354789	0.0000000
30.361172	0.0000000
30.367554	0.0000000
30.373937	0.0000000
30.380320	0.0000000
30.386703	0.0000000
30.393086	0.0000000
30.399468	0.0000000
30.405851	0.0000000
30.412234	0.0000000
30.418617	0.0000000
30.425000	0.0000000
30.431383	0.0000000
30.437765	0.0000000
30.444148	0.0000000
30.450531	0.0000000
30.456914	0.0000000
30.463297	0.0000000
30.469679	0.0000000
30.476062	0.0000000
30.482445	0.0000000
30.488828	0.0000000
30.495211	0.0000000
30.501594	0.0000000
30.507976	0.0000000
30.514359	0.0000000
30.520742	0.0000000
30.527125	0.0000000
30.533508	0.0000000
30.539890	0.0000000
30.546273	0.0000000
30.552656	0.0000000
30.559039	0.0000000
30.565422	0.0000000
30.571805	0.0000000
30.578187	0.0000000
30.584570	0.0000000
30.590953	0.0000000
30.597336	0.0000000
30.603719	0.0000000
30.610101	0.0000000
30.616484	0.0000000
30.622867	0.0000000
30.629250	0.0000000
30.635633	0.0000000
30.642016	0.0000000
30.648398	0.0000000
30.654781	0.0000000
30.661164	0.0000000
30.667547	0.0000000
30.673930	0.0000000
30.680312	0.0000000
30.686695	0.0000000
30.693078	0.0000000
30.699461	0.0000000
30.705844	0.0000000
30.712227	0.0000000
30.718609	0.0000000
30.724992	0.0000000
30.731375	0.0000000
30.737758	0.0000000
30.744141	0.0000000
30.750523	0.0000000
30.756906	0.0000000
30.763289	0.0000000
30.769672	0.0000000
30.776055	0.0000000
30.782438	0.0000000
30.788820	0.0000000
30.795203	0.0000000
30.801586	0.0000000
30.807969	0.0000000
30.814352	0.0000000
30.820734	0.0000000
30.827117	0.0000000
30.833500	0.0000000
30.839883	0.0000000
30.846266	0.0000000
30.852649	0.0000000
30.859031	0.0000000
30.865414	0.0000000
30.871797	0.0000000
30.878180	0.0000000
30.884563	0.0000000
30.890945	0.0000000
30.897328	0.0000000
30.903711	0.0000000
30.910094	0.0000000
30.916477	0.0000000
30.922860	0.0000000
30.929242	0.0000000
30.935625	0.0000000
30.942008	0.0000000
30.948391	0.0000000
30.954774	0.0000000
30.961156	0.0000000
30.967539	0.0000000
30.973922	0.0000000
30.980305	0.0000000
30.986688	0.0000000
30.993071	0.0000000
30.999453	0.0000000
31.005836	0.0000000
31.012219	0.0000000
31.018602	0.0000000
31.024985	0.0000000
31.031367	0.0000000
31.037750	0.0000000
31.044133	0.0000000
31.050516	0.0000000
31.056899	0.0000000
31.063282	0.0000000
31.069664	0.0000000
31.076047	0.0000000
31.082430	0.0000000
31.088813	0.0000000
31.095196	0.0000000
31.101578	0.0000000
31.107961	0.0000000
31.114344	0.0000000
31.120727	0.0000000
31.127110	0.0000000
31.133493	0.0000000
31.139875	0.0000000
31.146258	0.0000000
31.152641	0.0000000
31.159024	0.0000000
31.165407	0.0000000
31.171789	0.0000000
31.178172	0.0000000
31.184555	0.0000000
31.190938	0.0000000
31.197321	0.0000000
31.203704	0.0000000
31.210086	0.0000000
31.216469	0.0000000
31.222852	0.0000000
31.229235	0.0000000
31.235618	0.0000000
31.242000	0.0000000
31.248383	0.0000000
31.254766	0.0000000
31.261149	0.0000000
31.267532	0.0000000
31.273915	0.0000000
31.280297	0.0000000
31.286680	0.0000000
31.293063	0.0000000
31.299446	0.0000000
31.305829	0.0000000
31.312211	0.0000000
31.318594	0.0000000
31.324977	0.0000000
31.331360	0.0000000
31.337743	0.0000000
31.344126	0.0000000
31.350508	0.0000000
31.356891	0.0000000
31.363274	0.0000000
31.369657	0.0000000
31.376040	0.0000000
31.382422	0.0000000
31.388805	0.0000000
31.395188	0.0000000
31.401571	0.0000000
31.407954	0.0000000
31.414337	0.0000000
31.420719	0.0000000
31.427102	0.0000000
31.433485	0.0000000
31.439868	0.0000000
31.446251	0.0000000
31.452633	0.0000000
31.459016	0.0000000
31.465399	0.0000000
31.471782	0.0000000
31.478165	0.0000000
31.484548	0.0000000
31.490930	0.0000000
31.497313	0.0000000
31.503696	0.0000000
31.510079	0.0000000
31.516462	0.0000000
31.522844	0.0000000
31.529227	0.0000000
31.535610	0.0000000
31.541993	0.0000000
31.548376	0.0000000
31.554759	0.0000000
31.561141	0.0000000
31.567524	0.0000000
31.573907	0.0000000
31.580290	0.0000000
31.586673	0.0000000
31.593055	0.0000000
31.599438	0.0000000
31.605821	0.0000000
31.612204	0.0000000
31.618587	0.0000000
31.624970	0.0000000
31.631352	0.0000000
31.637735	0.0000000
31.644118	0.0000000
31.650501	0.0000000
31.656884	0.0000000
31.663266	0.0000000
31.669649	0.0000000
31.676032	0.0000000
31.682415	0.0000000
31.688798	0.0000000
31.695181	0.0000000
31.701563	0.0000000
31.707946	0.0000000
31.714329	0.0000000
31.720712	0.0000000
31.727095	0.0000000
31.733477	0.0000000
31.739860	0.0000000
31.746243	0.0000000
31.752626	0.0000000
31.759009	0.0000000
31.765392	0.0000000
31.771774	0.0000000
31.778157	0.0000000
31.784540	0.0000000
31.790923	0.0000000
31.797306	0.0000000
31.803688	0.0000000
31.810071	0.0000000
31.816454	0.0000000
31.822837	0.0000000
31.829220	0.0000000
31.835603	0.0000000
31.841985	0.0000000
31.848368	0.0000000
31.854751	0.0000000
31.861134	0.0000000
31.867517	0.0000000
31.873899	0.0000000
31.880282	0.0000000
31.886665	0.0000000
31.893048	0.0000000
31.899431	0.0000000
31.905814	0.0000000
31.912196	0.0000000
31.918579	0.0000000
