0.010870201	0.0000000
0.017253020	0.0000000
0.023635838	0.0000000
0.030018656	0.0000000
0.036401475	0.0000000
0.042784293	0.0000000
0.049167111	0.0000000
0.055549930	0.0000000
0.061932748	0.0000000
0.068315566	0.0000000
0.074698385	0.0000000
0.081081203	0.0000000
0.087464022	0.0000000
0.093846840	0.0000000
0.10022966	0.0000000
0.10661248	0.0000000
0.11299529	0.0000000
0.11937811	0.0000000
0.12576093	0.0000000
0.13214375	0.0000000
0.13852657	0.0000000
0.14490939	0.0000000
0.15129221	0.0000000
0.15767502	0.0000000
0.16405784	0.0000000
0.17044066	0.0000000
0.17682348	0.0000000
0.18320630	0.0000000
0.18958912	0.0000000
0.19597193	0.0000000
0.20235475	14346.398
0.20873757	14752.661
0.21512039	13732.067
0.22150321	11727.663
0.22788603	10682.181
0.23426884	8844.7490
0.24065166	7161.9631
0.24703448	6007.7036
0.25341730	4975.0568
0.25980012	4248.9986
0.26618294	3464.7881
0.27256575	2987.9936
0.27894857	2234.6158
0.28533139	1765.2893
0.29171421	1265.4163
0.29809703	907.46481
0.30447985	614.22371
0.31086266	304.13634
0.31724548	141.65613
0.32362830	-235.70045
0.33001112	-850.96413
0.33639394	-1043.9760
0.34277676	-1283.0945
0.34915957	-1303.9217
0.35554239	-1616.3347
0.36192521	-1472.3012
0.36830803	-1583.2935
0.37469085	-1556.4327
0.38107367	-1368.6497
0.38745648	-1156.0821
0.39383930	-872.67713
0.40022212	-905.58396
0.40660494	-876.90647
0.41298776	-1075.8014
0.41937058	-1167.1757
0.42575339	-1357.5915
0.43213621	-1424.3545
0.43851903	-1429.3628
0.44490185	-1529.3767
0.45128467	-1638.3757
0.45766749	-1768.1613
0.46405030	-1816.5087
0.47043312	-1853.0406
0.47681594	-1845.2322
0.48319876	-1766.4798
0.48958158	-1690.7258
0.49596440	-1607.1252
0.50234722	-1675.5942
0.50873003	-1726.8739
0.51511285	-1770.7858
0.52149567	-1704.1875
0.52787849	-1607.9023
0.53426131	-1516.7983
0.54064413	-1459.2732
0.54702694	-1397.5271
0.55340976	-1406.3476
0.55979258	-1433.9048
0.56617540	-1405.5400
0.57255822	-1338.8368
0.57894104	-1256.0400
0.58532385	-1223.4784
0.59170667	-1178.7544
0.59808949	-1197.4043
0.60447231	-1183.6422
0.61085513	-1172.0630
0.61723795	-1026.4691
0.62362076	-936.12501
0.63000358	-808.48903
0.63638640	-705.52552
0.64276922	-615.12997
0.64915204	-567.50585
0.65553486	-526.44146
0.66191767	-396.01603
0.66830049	-251.25202
0.67468331	-148.33501
0.68106613	-199.02849
0.68744895	-184.09821
0.69383177	-86.294035
0.70021458	30.075525
0.70659740	177.51860
0.71298022	267.47446
0.71936304	346.09664
0.72574586	428.89663
0.73212868	469.70013
0.73851149	570.23418
0.74489431	588.59942
0.75127713	733.31305
0.75765995	800.45086
0.76404277	874.95444
0.77042559	937.25089
0.77680840	1032.3849
0.78319122	1128.7096
0.78957404	1173.7838
0.79595686	1243.6823
0.80233968	1308.6814
0.80872250	1415.6956
0.81510531	1535.1882
0.82148813	1588.6961
0.82787095	1633.9417
0.83425377	1742.1428
0.84063659	1887.7409
0.84701941	2038.1081
0.85340223	2087.2011
0.85978504	2144.9491
0.86616786	2221.8695
0.87255068	2343.6685
0.87893350	2482.9860
0.88531632	2569.8227
0.89169914	2638.1721
0.89808195	2702.6596
0.90446477	2744.5470
0.91084759	2850.2815
0.91723041	2991.9354
0.92361323	3107.8924
0.92999605	3146.1913
0.93637886	3264.3759
0.94276168	3360.2463
0.94914450	3401.2409
0.95552732	3449.1278
0.96191014	3486.2856
0.96829296	3665.0701
0.97467577	3787.9927
0.98105859	3829.3409
0.98744141	3832.9010
0.99382423	3836.9026
1.0002070	3891.7446
1.0065899	4025.7066
1.0129727	4207.8540
1.0193555	4298.5201
1.0257383	4401.2019
1.0321211	4479.7318
1.0385040	4587.3889
1.0448868	4685.0212
1.0512696	4804.6349
1.0576524	4943.0938
1.0640352	5021.5372
1.0704180	5153.6777
1.0768009	5256.3809
1.0831837	5451.5423
1.0895665	5613.4373
1.0959493	5680.9859
1.1023321	5796.6901
1.1087150	5902.9450
1.1150978	6150.8151
1.1214806	6429.9725
1.1278634	6867.7343
1.1342462	7457.6491
1.1406291	8239.0287
1.1470119	9612.1318
1.1533947	11648.203
1.1597775	15186.571
1.1661603	21021.098
1.1725431	30040.363
1.1789260	44998.179
1.1853088	61803.260
1.1916916	84611.262
1.1980744	105831.83
1.2044572	126039.80
1.2108401	144375.10
1.2172229	157801.58
1.2236057	169636.10
1.2299885	175682.97
1.2363713	176237.75
1.2427541	169889.61
1.2491370	156894.25
1.2555198	137943.27
1.2619026	117881.56
1.2682854	94709.758
1.2746682	74291.160
1.2810511	56023.176
1.2874339	41049.376
1.2938167	30265.140
1.3001995	23003.152
1.3065823	19041.228
1.3129651	17126.056
1.3193480	16677.459
1.3257308	17467.685
1.3321136	19374.161
1.3384964	23092.450
1.3448792	29695.066
1.3512621	40083.706
1.3576449	60012.060
1.3640277	88785.050
1.3704105	135693.92
1.3767933	195419.08
1.3831761	263526.34
1.3895590	339032.17
1.3959418	402053.13
1.4023246	462741.70
1.4087074	507646.86
1.4150902	543540.46
1.4214731	565740.20
1.4278559	568162.47
1.4342387	545181.05
1.4406215	505293.15
1.4470043	441865.09
1.4533872	371501.46
1.4597700	300460.69
1.4661528	226395.23
1.4725356	169301.25
1.4789184	116022.21
1.4853012	81469.666
1.4916841	56509.045
1.4980669	42514.444
1.5044497	36116.493
1.5108325	34570.342
1.5172153	37588.397
1.5235982	46769.629
1.5299810	63361.555
1.5363638	90167.676
1.5427466	129746.88
1.5491294	175146.57
1.5555122	229565.90
1.5618951	277963.12
1.5682779	323059.04
1.5746607	360561.09
1.5810435	388912.43
1.5874263	410450.55
1.5938092	417954.16
1.6001920	410192.65
1.6065748	386442.94
1.6129576	346710.13
1.6193404	297998.10
1.6257232	246028.31
1.6321061	192761.69
1.6384889	147283.17
1.6448717	107068.40
1.6512545	78650.673
1.6576373	58815.984
1.6640202	49033.031
1.6704030	47040.017
1.6767858	53020.734
1.6831686	66046.893
1.6895514	91540.283
1.6959342	123514.61
1.7023171	165991.28
1.7086999	210635.05
1.7150827	251635.81
1.7214655	290970.71
1.7278483	319703.96
1.7342312	344967.55
1.7406140	360525.98
1.7469968	365672.60
1.7533796	356943.78
1.7597624	335871.30
1.7661453	297872.96
1.7725281	257666.78
1.7789109	210744.52
1.7852937	165854.55
1.7916765	127039.49
1.7980593	91503.865
1.8044422	67612.279
1.8108250	48965.710
1.8172078	38602.167
1.8235906	32360.867
1.8299734	29082.468
1.8363563	27346.482
1.8427391	26365.363
1.8491219	25850.290
1.8555047	25455.901
1.8618875	25125.545
1.8682703	24807.849
1.8746532	24451.561
1.8810360	24125.355
1.8874188	23810.120
1.8938016	23685.968
1.9001844	23824.282
1.9065673	24307.246
1.9129501	25343.269
1.9193329	27054.615
1.9257157	29735.342
1.9320985	33965.552
1.9384813	39457.528
1.9448642	47764.475
1.9512470	58430.308
1.9576298	73798.194
1.9640126	94303.660
1.9703954	117717.36
1.9767783	146233.86
1.9831611	170975.54
1.9895439	194433.07
1.9959267	211972.18
2.0023095	225118.69
2.0086923	233725.37
2.0150752	236301.66
2.0214580	231163.30
2.0278408	218993.73
2.0342236	198703.69
2.0406064	172986.10
2.0469893	146885.00
2.0533721	117357.83
2.0597549	93711.306
2.0661377	71197.158
2.0725205	54708.349
2.0789034	42459.896
2.0852862	34518.052
2.0916690	30245.642
2.0980518	27620.847
2.1044346	26413.157
2.1108174	25737.974
2.1172003	25539.436
2.1235831	25499.229
2.1299659	25608.162
2.1363487	25833.999
2.1427315	26333.919
2.1491144	27184.110
2.1554972	28610.664
2.1618800	30508.667
2.1682628	32645.766
2.1746456	34891.520
2.1810284	36903.904
2.1874113	38770.019
2.1937941	40197.521
2.2001769	41210.455
2.2065597	41613.863
2.2129425	41236.639
2.2193254	39944.511
2.2257082	37992.008
2.2320910	35208.541
2.2384738	32481.563
2.2448566	29652.821
2.2512394	27136.890
2.2576223	25064.536
2.2640051	23561.109
2.2703879	22987.957
2.2767707	23482.225
2.2831535	25221.385
2.2895364	29042.352
2.2959192	36198.568
2.3023020	47614.738
2.3086848	67895.402
2.3150676	92804.159
2.3214504	126826.43
2.3278333	162072.80
2.3342161	196184.94
2.3405989	228834.03
2.3469817	253317.64
2.3533645	275829.49
2.3597474	290203.11
2.3661302	297019.66
2.3725130	293259.64
2.3788958	278396.72
2.3852786	252047.07
2.3916615	221868.51
2.3980443	186027.73
2.4044271	153239.01
2.4108099	124902.89
2.4171927	102959.59
2.4235755	89282.128
2.4299584	83057.400
2.4363412	82552.956
2.4427240	85363.005
2.4491068	89205.244
2.4554896	93103.222
2.4618725	96540.909
2.4682553	98450.389
2.4746381	98086.368
2.4810209	94985.788
2.4874037	88668.948
2.4937865	81041.440
2.5001694	72429.852
2.5065522	64553.913
2.5129350	59073.883
2.5193178	56576.864
2.5257006	57431.692
2.5320835	61556.124
2.5384663	67140.638
2.5448491	73319.357
2.5512319	79298.741
2.5576147	84089.804
2.5639975	88222.150
2.5703804	90159.504
2.5767632	89643.286
2.5831460	86297.484
2.5895288	80482.538
2.5959116	72071.802
2.6022945	63824.822
2.6086773	54741.637
2.6150601	47498.729
2.6214429	41822.321
2.6278257	38093.401
2.6342085	36211.870
2.6405914	35767.934
2.6469742	36191.032
2.6533570	37112.026
2.6597398	38017.809
2.6661226	38690.151
2.6725055	38912.058
2.6788883	38420.844
2.6852711	37189.732
2.6916539	35468.325
2.6980367	33212.647
2.7044196	30942.396
2.7108024	28561.922
2.7171852	26447.749
2.7235680	24642.829
2.7299508	23233.526
2.7363336	22251.091
2.7427165	21514.283
2.7490993	20947.816
2.7554821	20498.398
2.7618649	20088.076
2.7682477	19803.398
2.7746306	19666.950
2.7810134	19681.508
2.7873962	19975.116
2.7937790	20431.020
2.8001618	21017.540
2.8065446	21724.302
2.8129275	22409.501
2.8193103	23190.022
2.8256931	23832.639
2.8320759	24499.360
2.8384587	25061.780
2.8448416	25479.919
2.8512244	25784.068
2.8576072	26066.479
2.8639900	26429.912
2.8703728	27140.177
2.8767556	28571.169
2.8831385	31136.024
2.8895213	35032.897
2.8959041	40301.041
2.9022869	46145.730
2.9086697	52499.167
2.9150526	58122.410
2.9214354	62995.609
2.9278182	67039.768
2.9342010	70065.990
2.9405838	71854.603
2.9469666	71861.177
2.9533495	69724.397
2.9597323	66281.000
2.9661151	61464.255
2.9724979	56521.070
2.9788807	52031.054
2.9852636	48159.044
2.9916464	45497.872
2.9980292	43601.216
3.0044120	42732.473
3.0107948	42485.950
3.0171777	42834.921
3.0235605	43321.989
3.0299433	43760.303
3.0363261	43923.156
3.0427089	44116.716
3.0490917	44760.095
3.0554746	46451.894
3.0618574	49413.336
3.0682402	53324.622
3.0746230	58205.466
3.0810058	62839.474
3.0873887	67628.445
3.0937715	72001.559
3.1001543	75845.651
3.1065371	79296.603
3.1129199	81733.677
3.1193027	83672.427
3.1256856	85791.741
3.1320684	89870.550
3.1384512	96562.249
3.1448340	106998.27
3.1512168	119716.85
3.1575997	133124.50
3.1639825	146412.99
3.1703653	157469.52
3.1767481	167575.46
3.1831309	175057.61
3.1895137	179356.89
3.1958966	178978.31
3.2022794	173560.20
3.2086622	162872.58
3.2150450	150983.92
3.2214278	137093.95
3.2278107	124945.10
3.2341935	114274.85
3.2405763	105530.59
3.2469591	99461.100
3.2533419	95603.181
3.2597247	93904.143
3.2661076	93110.900
3.2724904	92011.220
3.2788732	89413.663
3.2852560	84894.716
3.2916388	79386.856
3.2980217	72612.467
3.3044045	66269.361
3.3107873	60247.076
3.3171701	55108.904
3.3235529	51216.084
3.3299357	48517.627
3.3363186	47105.770
3.3427014	46790.342
3.3490842	47010.632
3.3554670	47264.820
3.3618498	47255.752
3.3682327	46917.909
3.3746155	46314.061
3.3809983	45605.793
3.3873811	44939.745
3.3937639	44501.535
3.4001468	44456.820
3.4065296	44840.216
3.4129124	45942.681
3.4192952	48128.073
3.4256780	51797.556
3.4320608	58532.626
3.4384437	67866.269
3.4448265	81909.606
3.4512093	98835.586
3.4575921	117141.81
3.4639749	135954.66
3.4703578	151176.70
3.4767406	164808.08
3.4831234	174607.68
3.4895062	181337.51
3.4958890	183793.73
3.5022718	180561.13
3.5086547	171229.96
3.5150375	157532.09
3.5214203	139410.20
3.5278031	120673.71
3.5341859	101735.61
3.5405688	84396.484
3.5469516	69564.220
3.5533344	57973.402
3.5597172	49944.949
3.5661000	44489.857
3.5724828	41307.894
3.5788657	39115.715
3.5852485	37719.063
3.5916313	36648.456
3.5980141	35859.599
3.6043969	35372.419
3.6107798	35231.240
3.6171626	35621.843
3.6235454	36914.845
3.6299282	39505.394
3.6363110	44123.039
3.6426938	52565.647
3.6490767	64864.759
3.6554595	84614.891
3.6618423	107945.93
3.6682251	135733.62
3.6746079	164313.11
3.6809908	189648.41
3.6873736	212646.22
3.6937564	230363.51
3.7001392	244330.87
3.7065220	251662.42
3.7129049	250775.34
3.7192877	241404.83
3.7256705	223544.29
3.7320533	198777.37
3.7384361	172037.04
3.7448189	142798.01
3.7512018	117380.21
3.7575846	94160.029
3.7639674	76816.487
3.7703502	64188.485
3.7767330	56689.486
3.7831159	53232.071
3.7894987	52667.723
3.7958815	53932.303
3.8022643	56342.911
3.8086471	59094.032
3.8150299	61737.498
3.8214128	64223.696
3.8277956	66177.005
3.8341784	68068.503
3.8405612	69574.706
3.8469440	70971.572
3.8533269	72243.497
3.8597097	73453.609
3.8660925	74711.353
3.8724753	75895.676
3.8788581	76788.841
3.8852409	77326.914
3.8916238	77623.164
3.8980066	77903.635
3.9043894	77885.012
3.9107722	77323.615
3.9171550	75541.815
3.9235379	72227.449
3.9299207	68025.792
3.9363035	62686.040
3.9426863	57477.931
3.9490691	52566.993
3.9554519	48598.649
3.9618348	46222.487
3.9682176	46075.672
3.9746004	48697.089
3.9809832	55219.079
3.9873660	64899.579
3.9937489	77427.030
4.0001317	92091.243
4.0065145	105676.50
4.0128973	119100.42
4.0192801	129633.00
4.0256630	138874.21
4.0320458	145618.25
4.0384286	148713.51
4.0448114	147771.60
4.0511942	142389.34
4.0575770	132705.39
4.0639599	120909.81
4.0703427	107349.96
4.0767255	94154.973
4.0831083	81639.350
4.0894911	71116.451
4.0958740	62822.083
4.1022568	56599.134
4.1086396	52416.747
4.1150224	49094.534
4.1214052	46706.584
4.1277880	44590.422
4.1341709	42850.296
4.1405537	41589.033
4.1469365	40888.923
4.1533193	40963.754
4.1597021	42105.757
4.1660850	44456.752
4.1724678	48217.799
4.1788506	53236.299
4.1852334	58704.764
4.1916162	64657.768
4.1979990	69985.993
4.2043819	75242.321
4.2107647	80033.422
4.2171475	84794.241
4.2235303	89629.881
4.2299131	94421.204
4.2362960	99150.773
4.2426788	103158.89
4.2490616	106326.12
4.2554444	108159.76
4.2618272	108966.87
4.2682100	108942.47
4.2745929	108338.29
4.2809757	107044.69
4.2873585	104630.84
4.2937413	100218.87
4.3001241	94624.894
4.3065070	87375.099
4.3128898	79476.990
4.3192726	71900.381
4.3256554	64735.637
4.3320382	59667.891
4.3384211	56407.016
4.3448039	55675.405
4.3511867	57180.037
4.3575695	60438.499
4.3639523	64551.283
4.3703351	68877.934
4.3767180	72751.985
4.3831008	76184.128
4.3894836	78791.952
4.3958664	80520.801
4.4022492	80886.879
4.4086321	79458.160
4.4150149	76205.667
4.4213977	71610.068
4.4277805	65619.062
4.4341633	59828.454
4.4405461	53955.067
4.4469290	49495.053
4.4533118	46597.738
4.4596946	45918.111
4.4660774	47341.913
4.4724602	50696.715
4.4788431	54688.920
4.4852259	59199.706
4.4916087	63241.230
4.4979915	66636.382
4.5043743	69432.668
4.5107571	71155.398
4.5171400	71644.038
4.5235228	70524.494
4.5299056	67653.051
4.5362884	63758.796
4.5426712	58978.189
4.5490541	54011.599
4.5554369	49326.347
4.5618197	45289.085
4.5682025	42374.690
4.5745853	40323.554
4.5809681	39323.298
4.5873510	38894.212
4.5937338	38914.053
4.6001166	39225.647
4.6064994	39889.031
4.6128822	41066.926
4.6192651	43271.728
4.6256479	46404.155
4.6320307	50877.596
4.6384135	56121.175
4.6447963	61676.220
4.6511792	67272.870
4.6575620	72331.955
4.6639448	77262.569
4.6703276	81860.145
4.6767104	86642.597
4.6830932	91037.637
4.6894761	94936.035
4.6958589	97757.819
4.7022417	99209.681
4.7086245	99246.279
4.7150073	98464.637
4.7213902	97160.577
4.7277730	95996.499
4.7341558	94916.255
4.7405386	93857.237
4.7469214	92308.566
4.7533042	89764.833
4.7596871	86648.300
4.7660699	82494.569
4.7724527	78417.771
4.7788355	74554.004
4.7852183	71331.210
4.7916012	68770.507
4.7979840	66661.659
4.8043668	64737.414
4.8107496	62568.304
4.8171324	60269.141
4.8235152	57653.390
4.8298981	55121.355
4.8362809	52544.617
4.8426637	50047.475
4.8490465	47521.131
4.8554293	44775.860
4.8618122	42132.389
4.8681950	39222.641
4.8745778	36572.613
4.8809606	34038.527
4.8873434	31810.747
4.8937262	30089.241
4.9001091	28734.878
4.9064919	27945.250
4.9128747	27513.359
4.9192575	27440.515
4.9256403	27605.999
4.9320232	27938.074
4.9384060	28420.006
4.9447888	28999.144
4.9511716	29640.879
4.9575544	30348.924
4.9639373	30977.738
4.9703201	31623.171
4.9767029	32204.466
4.9830857	32800.246
4.9894685	33413.049
4.9958513	33981.434
5.0022342	34640.808
5.0086170	35245.939
5.0149998	35817.016
5.0213826	36230.348
5.0277654	36591.733
5.0341483	37005.582
5.0405311	37537.331
5.0469139	38229.757
5.0532967	39018.641
5.0596795	39936.809
5.0660623	40879.183
5.0724452	42036.829
5.0788280	43575.774
5.0852108	45945.183
5.0915936	49314.179
5.0979764	53526.975
5.1043593	58893.629
5.1107421	64019.113
5.1171249	69188.112
5.1235077	73377.243
5.1298905	76795.673
5.1362733	79545.094
5.1426562	81335.202
5.1490390	82186.919
5.1554218	81545.462
5.1618046	79262.213
5.1681874	75757.729
5.1745703	71421.230
5.1809531	66794.513
5.1873359	62598.396
5.1937187	59093.030
5.2001015	56631.468
5.2064843	55003.862
5.2128672	54012.230
5.2192500	53316.822
5.2256328	52863.032
5.2320156	52455.581
5.2383984	51997.208
5.2447813	51395.490
5.2511641	50545.175
5.2575469	49499.158
5.2639297	48241.891
5.2703125	47212.087
5.2766954	46749.408
5.2830782	47276.047
5.2894610	49048.102
5.2958438	52178.206
5.3022266	56128.747
5.3086094	60779.332
5.3149923	65199.655
5.3213751	69229.705
5.3277579	72447.989
5.3341407	74728.660
5.3405235	75792.762
5.3469064	75309.109
5.3532892	72985.027
5.3596720	69381.220
5.3660548	64336.167
5.3724376	58939.443
5.3788204	53460.014
5.3852033	48322.128
5.3915861	44346.242
5.3979689	41437.664
5.4043517	40024.123
5.4107345	40076.945
5.4171174	41792.439
5.4235002	45538.641
5.4298830	51229.353
5.4362658	58961.384
5.4426486	68023.061
5.4490314	77275.473
5.4554143	86411.767
5.4617971	93878.725
5.4681799	100326.44
5.4745627	104695.43
5.4809455	106986.72
5.4873284	106559.02
5.4937112	103291.72
5.5000940	96923.045
5.5064768	88980.327
5.5128596	79413.483
5.5192424	70123.076
5.5256253	61612.803
5.5320081	54502.770
5.5383909	49170.149
5.5447737	45526.010
5.5511565	43461.640
5.5575394	42623.871
5.5639222	42646.129
5.5703050	43230.955
5.5766878	43990.847
5.5830706	44805.214
5.5894535	45460.935
5.5958363	45852.087
5.6022191	45931.186
5.6086019	45771.676
5.6149847	45434.328
5.6213675	44940.969
5.6277504	44242.552
5.6341332	43349.688
5.6405160	42299.413
5.6468988	41174.595
5.6532816	40199.394
5.6596645	39461.231
5.6660473	39036.415
5.6724301	38909.452
5.6788129	39026.180
5.6851957	39319.500
5.6915785	39711.310
5.6979614	40106.285
5.7043442	40500.014
5.7107270	40746.012
5.7171098	40772.524
5.7234926	40518.658
5.7298755	39942.358
5.7362583	39111.194
5.7426411	38211.383
5.7490239	37317.639
5.7554067	36523.613
5.7617895	35868.013
5.7681724	35397.821
5.7745552	35109.897
5.7809380	35062.487
5.7873208	35299.759
5.7937036	35827.714
5.8000865	36628.110
5.8064693	37710.970
5.8128521	38873.347
5.8192349	40388.499
5.8256177	42098.146
5.8320005	44347.873
5.8383834	46988.760
5.8447662	49820.012
5.8511490	52645.677
5.8575318	55012.272
5.8639146	57027.688
5.8702975	58625.679
5.8766803	59970.828
5.8830631	60893.565
5.8894459	61376.365
5.8958287	61184.149
5.9022116	60229.646
5.9085944	58553.853
5.9149772	56590.424
5.9213600	54267.998
5.9277428	52231.849
5.9341256	50240.497
5.9405085	48391.690
5.9468913	46664.763
5.9532741	45078.059
5.9596569	43695.216
5.9660397	42386.111
5.9724226	41214.966
5.9788054	40147.536
5.9851882	39357.031
5.9915710	38948.998
5.9979538	39104.499
6.0043366	39930.094
6.0107195	41438.994
6.0171023	43454.783
6.0234851	45869.114
6.0298679	48190.511
6.0362507	50534.741
6.0426336	52527.388
6.0490164	54184.656
6.0553992	55275.195
6.0617820	55634.332
6.0681648	55100.478
6.0745476	53717.767
6.0809305	51495.658
6.0873133	49007.759
6.0936961	46265.624
6.1000789	43891.973
6.1064617	41906.230
6.1128446	40750.083
6.1192274	40671.118
6.1256102	41993.668
6.1319930	44562.767
6.1383758	48515.584
6.1447586	53047.507
6.1511415	57968.372
6.1575243	62667.688
6.1639071	67063.844
6.1702899	70905.721
6.1766727	74014.042
6.1830556	75987.292
6.1894384	76477.735
6.1958212	75282.638
6.2022040	72816.267
6.2085868	69055.769
6.2149696	64897.243
6.2213525	60635.099
6.2277353	56480.718
6.2341181	52856.533
6.2405009	49691.051
6.2468837	47274.241
6.2532666	45385.853
6.2596494	44021.576
6.2660322	42933.883
6.2724150	42057.447
6.2787978	41157.177
6.2851807	40302.817
6.2915635	39427.451
6.2979463	38494.952
6.3043291	37509.344
6.3107119	36372.425
6.3170947	35230.723
6.3234776	34000.739
6.3298604	32782.017
6.3362432	31673.136
6.3426260	30737.425
6.3490088	29987.164
6.3553917	29423.008
6.3617745	29037.055
6.3681573	28891.799
6.3745401	28920.031
6.3809229	29091.896
6.3873057	29306.954
6.3936886	29488.117
6.4000714	29677.276
6.4064542	29848.990
6.4128370	30009.082
6.4192198	30118.561
6.4256027	30231.755
6.4319855	30400.917
6.4383683	30739.755
6.4447511	31279.080
6.4511339	32166.886
6.4575167	33441.346
6.4638996	35025.798
6.4702824	36871.929
6.4766652	38731.691
6.4830480	40840.804
6.4894308	42944.251
6.4958137	45176.392
6.5021965	47270.084
6.5085793	48942.202
6.5149621	50048.538
6.5213449	50390.592
6.5277277	50182.688
6.5341106	49506.155
6.5404934	48436.664
6.5468762	47060.606
6.5532590	45330.214
6.5596418	43509.846
6.5660247	41725.141
6.5724075	40020.807
6.5787903	38658.476
6.5851731	37424.990
6.5915559	36553.249
6.5979388	35885.372
6.6043216	35490.137
6.6107044	35228.096
6.6170872	35021.222
6.6234700	34799.311
6.6298528	34576.789
6.6362357	34351.845
6.6426185	34174.157
6.6490013	34097.315
6.6553841	34189.628
6.6617669	34420.041
6.6681498	34744.925
6.6745326	35152.354
6.6809154	35640.509
6.6872982	36138.677
6.6936810	36517.645
6.7000638	36777.949
6.7064467	36801.376
6.7128295	36614.623
6.7192123	36297.638
6.7255951	35934.294
6.7319779	35600.951
6.7383608	35510.949
6.7447436	35869.053
6.7511264	36821.532
6.7575092	38561.779
6.7638920	40837.975
6.7702748	43750.429
6.7766577	46683.588
6.7830405	49527.609
6.7894233	51907.428
6.7958061	53790.512
6.8021889	55014.090
6.8085718	55441.322
6.8149546	54941.741
6.8213374	53563.208
6.8277202	51218.932
6.8341030	48390.636
6.8404858	45173.380
6.8468687	42095.049
6.8532515	39386.889
6.8596343	37167.050
6.8660171	35630.127
6.8723999	34790.554
6.8787828	34502.013
6.8851656	34653.907
6.8915484	34999.765
6.8979312	35378.754
6.9043140	35712.797
6.9106969	36057.644
6.9170797	36413.928
6.9234625	36752.348
6.9298453	37201.773
6.9362281	37896.424
6.9426109	38956.683
6.9489938	40261.905
6.9553766	41909.229
6.9617594	43591.022
6.9681422	45353.177
6.9745250	46897.540
6.9809079	48206.127
6.9872907	49239.016
6.9936735	49711.329
7.0000563	49600.094
7.0064391	48782.152
7.0128219	47306.642
7.0192048	45505.314
7.0255876	43550.744
7.0319704	41774.228
7.0383532	40360.712
7.0447360	39547.417
7.0511189	39458.257
7.0575017	40095.517
7.0638845	41178.085
7.0702673	42681.179
7.0766501	44272.964
7.0830329	45959.364
7.0894158	47558.849
7.0957986	49012.053
7.1021814	50186.789
7.1085642	50987.264
7.1149470	51267.986
7.1213299	51110.913
7.1277127	50541.043
7.1340955	49775.527
7.1404783	48712.798
7.1468611	47542.065
7.1532439	46292.531
7.1596268	45036.537
7.1660096	43839.140
7.1723924	42647.988
7.1787752	41576.270
7.1851580	40597.352
7.1915409	39816.797
7.1979237	39150.783
7.2043065	38711.779
7.2106893	38522.600
7.2170721	38727.109
7.2234550	39393.808
7.2298378	40528.294
7.2362206	42068.659
7.2426034	43864.971
7.2489862	45639.534
7.2553690	47348.575
7.2617519	48743.037
7.2681347	49879.830
7.2745175	50552.684
7.2809003	50681.200
7.2872831	50174.407
7.2936660	49051.247
7.3000488	47460.223
7.3064316	45704.989
7.3128144	43925.468
7.3191972	42635.607
7.3255800	42058.550
7.3319629	42517.065
7.3383457	44136.600
7.3447285	46498.346
7.3511113	49542.890
7.3574941	52801.025
7.3638770	55972.423
7.3702598	58953.391
7.3766426	61337.530
7.3830254	63156.040
7.3894082	63930.314
7.3957910	63582.016
7.4021739	62171.420
7.4085567	59760.992
7.4149395	56873.700
7.4213223	53611.494
7.4277051	50301.838
7.4340880	47312.547
7.4404708	44601.054
7.4468536	42450.429
7.4532364	40627.417
7.4596192	39237.333
7.4660020	38036.814
7.4723849	37063.858
7.4787677	36233.216
7.4851505	35482.476
7.4915333	34763.842
7.4979161	34039.270
7.5042990	33315.196
7.5106818	32554.688
7.5170646	31862.961
7.5234474	31214.029
7.5298302	30705.817
7.5362131	30327.188
7.5425959	30134.495
7.5489787	30095.109
7.5553615	30187.744
7.5617443	30397.352
7.5681271	30682.937
7.5745100	30969.929
7.5808928	31273.637
7.5872756	31537.489
7.5936584	31862.121
7.6000412	32142.417
7.6064241	32444.806
7.6128069	32712.351
7.6191897	33128.208
7.6255725	33681.793
7.6319553	34496.922
7.6383381	35644.010
7.6447210	36984.917
7.6511038	38529.298
7.6574866	40063.542
7.6638694	41566.737
7.6702522	42796.991
7.6766351	43753.666
7.6830179	44353.716
7.6894007	44520.184
7.6957835	44172.934
7.7021663	43379.245
7.7085491	42102.333
7.7149320	40590.591
7.7213148	38845.686
7.7276976	37146.468
7.7340804	35531.809
7.7404632	34210.090
7.7468461	33183.020
7.7532289	32519.447
7.7596117	32174.132
7.7659945	32103.558
7.7723773	32300.999
7.7787601	32678.163
7.7851430	33156.762
7.7915258	33626.836
7.7979086	34047.452
7.8042914	34388.694
7.8106742	34613.732
7.8170571	34669.830
7.8234399	34549.012
7.8298227	34193.953
7.8362055	33704.939
7.8425883	33145.710
7.8489712	32553.613
7.8553540	32068.772
7.8617368	31733.722
7.8681196	31661.161
7.8745024	31862.092
7.8808852	32286.832
7.8872681	32849.242
7.8936509	33405.010
7.9000337	33955.427
7.9064165	34442.444
7.9127993	34775.604
7.9191822	34964.300
7.9255650	34959.515
7.9319478	34814.380
7.9383306	34511.692
7.9447134	34111.021
7.9510962	33748.253
7.9574791	33476.034
7.9638619	33316.398
7.9702447	33316.618
7.9766275	33428.138
7.9830103	33593.200
7.9893932	33698.237
7.9957760	33718.457
8.0021588	33619.164
8.0085416	33428.126
8.0149244	33136.519
8.0213072	32850.480
8.0276901	32587.159
8.0340729	32371.026
8.0404557	32197.911
8.0468385	32101.703
8.0532213	32096.654
8.0596042	32185.464
8.0659870	32294.913
8.0723698	32452.273
8.0787526	32606.393
8.0851354	32709.511
8.0915182	32723.430
8.0979011	32634.169
8.1042839	32504.714
8.1106667	32478.087
8.1170495	32604.197
8.1234323	32940.350
8.1298152	33471.956
8.1361980	34246.765
8.1425808	35245.747
8.1489636	36350.515
8.1553464	37717.973
8.1617293	39022.078
8.1681121	40272.646
8.1744949	41152.898
8.1808777	41706.521
8.1872605	41812.547
8.1936433	41530.804
8.2000262	40893.698
8.2064090	39988.003
8.2127918	38854.067
8.2191746	37631.093
8.2255574	36334.834
8.2319403	35122.861
8.2383231	34033.021
8.2447059	33127.921
8.2510887	32411.422
8.2574715	31965.055
8.2638543	31696.655
8.2702372	31579.093
8.2766200	31530.424
8.2830028	31541.817
8.2893856	31592.438
8.2957684	31703.033
8.3021513	31794.711
8.3085341	31862.651
8.3149169	31903.897
8.3212997	31916.236
8.3276825	31867.364
8.3340653	31798.837
8.3404482	31663.028
8.3468310	31465.674
8.3532138	31330.370
8.3595966	31350.962
8.3659794	31542.355
8.3723623	31952.262
8.3787451	32664.625
8.3851279	33515.042
8.3915107	34527.553
8.3978935	35529.019
8.4042763	36545.754
8.4106592	37397.357
8.4170420	38065.575
8.4234248	38482.905
8.4298076	38523.656
8.4361904	38232.017
8.4425733	37642.166
8.4489561	36829.006
8.4553389	35812.092
8.4617217	34727.913
8.4681045	33683.863
8.4744874	32704.647
8.4808702	31824.027
8.4872530	31009.042
8.4936358	30333.300
8.5000186	29759.618
8.5064014	29289.498
8.5127843	28942.102
8.5191671	28674.197
8.5255499	28493.192
8.5319327	28367.381
8.5383155	28296.070
8.5446984	28291.437
8.5510812	28364.005
8.5574640	28497.514
8.5638468	28628.474
8.5702296	28842.326
8.5766124	29101.914
8.5829953	29427.686
8.5893781	29758.562
8.5957609	30162.045
8.6021437	30588.401
8.6085265	31085.148
8.6149094	31617.092
8.6212922	32131.489
8.6276750	32650.353
8.6340578	33084.912
8.6404406	33469.233
8.6468234	33798.831
8.6532063	34064.683
8.6595891	34196.429
8.6659719	34178.202
8.6723547	34084.606
8.6787375	33874.785
8.6851204	33617.949
8.6915032	33332.031
8.6978860	33104.906
8.7042688	32885.954
8.7106516	32726.064
8.7170344	32622.654
8.7234173	32606.755
8.7298001	32643.603
8.7361829	32736.190
8.7425657	32885.276
8.7489485	33147.867
8.7553314	33494.520
8.7617142	33954.834
8.7680970	34438.184
8.7744798	34905.449
8.7808626	35393.720
8.7872455	35801.053
8.7936283	36114.463
8.8000111	36251.364
8.8063939	36204.110
8.8127767	35985.339
8.8191595	35620.773
8.8255424	35219.208
8.8319252	34890.242
8.8383080	34735.563
8.8446908	34830.079
8.8510736	35090.237
8.8574565	35533.916
8.8638393	36034.395
8.8702221	36494.511
8.8766049	36857.990
8.8829877	37082.362
8.8893705	37101.474
8.8957534	36897.286
8.9021362	36454.540
8.9085190	35785.613
8.9149018	34941.826
8.9212846	34091.747
8.9276675	33308.122
8.9340503	32632.283
8.9404331	32081.411
8.9468159	31674.292
8.9531987	31389.765
8.9595815	31176.370
8.9659644	31028.616
8.9723472	30970.512
8.9787300	30997.361
8.9851128	31096.413
8.9914956	31270.401
8.9978785	31514.495
9.0042613	31773.272
9.0106441	32004.650
9.0170269	32262.933
9.0234097	32495.708
9.0297925	32601.019
9.0361754	32567.995
9.0425582	32415.837
9.0489410	32164.402
9.0553238	31891.111
9.0617066	31600.432
9.0680895	31344.398
9.0744723	31172.589
9.0808551	31151.959
9.0872379	31350.860
9.0936207	31770.024
9.1000035	32375.512
9.1063864	33115.253
9.1127692	33886.769
9.1191520	34703.078
9.1255348	35377.449
9.1319176	35908.519
9.1383005	36235.536
9.1446833	36328.439
9.1510661	36208.009
9.1574489	35877.900
9.1638317	35329.901
9.1702146	34672.677
9.1765974	33910.764
9.1829802	33242.577
9.1893630	32691.906
9.1957458	32317.354
9.2021286	32111.931
9.2085115	32009.718
9.2148943	31991.318
9.2212771	31989.501
9.2276599	32032.086
9.2340427	32019.056
9.2404256	31991.964
9.2468084	31890.409
9.2531912	31778.556
9.2595740	31626.021
9.2659568	31522.758
9.2723396	31502.573
9.2787225	31646.542
9.2851053	32005.258
9.2914881	32597.848
9.2978709	33456.778
9.3042537	34428.449
9.3106366	35485.903
9.3170194	36370.062
9.3234022	37171.154
9.3297850	37746.769
9.3361678	38117.623
9.3425506	38108.735
9.3489335	37718.532
9.3553163	36998.309
9.3616991	36047.665
9.3680819	34939.137
9.3744647	33831.934
9.3808476	32674.099
9.3872304	31709.997
9.3936132	30882.607
9.3999960	30205.735
9.4063788	29618.944
9.4127616	29192.228
9.4191445	28796.996
9.4255273	28493.615
9.4319101	28251.685
9.4382929	28060.778
9.4446757	27901.042
9.4510586	27769.963
9.4574414	27724.059
9.4638242	27746.265
9.4702070	27776.471
9.4765898	27863.588
9.4829727	27961.145
9.4893555	28164.301
9.4957383	28423.784
9.5021211	28779.119
9.5085039	29193.499
9.5148867	29691.791
9.5212696	30223.339
9.5276524	30745.175
9.5340352	31254.030
9.5404180	31723.078
9.5468008	32053.145
9.5531837	32268.788
9.5595665	32289.854
9.5659493	32115.962
9.5723321	31800.408
9.5787149	31366.022
9.5850977	30860.822
9.5914806	30266.978
9.5978634	29710.092
9.6042462	29180.443
9.6106290	28716.104
9.6170118	28374.006
9.6233947	28149.508
9.6297775	27996.011
9.6361603	27934.148
9.6425431	27915.250
9.6489259	27963.993
9.6553087	28058.287
9.6616916	28126.252
9.6680744	28184.105
9.6744572	28229.914
9.6808400	28268.698
9.6872228	28298.675
9.6936057	28280.393
9.6999885	28273.202
9.7063713	28305.390
9.7127541	28473.223
9.7191369	28732.126
9.7255197	29084.211
9.7319026	29428.871
9.7382854	29756.304
9.7446682	30099.866
9.7510510	30381.941
9.7574338	30548.268
9.7638167	30591.548
9.7701995	30526.345
9.7765823	30297.258
9.7829651	29931.355
9.7893479	29484.895
9.7957308	28966.147
9.8021136	28517.564
9.8084964	28087.825
9.8148792	27732.346
9.8212620	27405.306
9.8276448	27150.872
9.8340277	26959.538
9.8404105	26778.612
9.8467933	26587.493
9.8531761	26433.358
9.8595589	26349.768
9.8659418	26291.250
9.8723246	26246.123
9.8787074	26232.871
9.8850902	26258.213
9.8914730	26291.036
9.8978558	26342.470
9.9042387	26423.345
9.9106215	26520.459
9.9170043	26649.215
9.9233871	26823.420
9.9297699	27005.453
9.9361528	27200.378
9.9425356	27390.588
9.9489184	27556.612
9.9553012	27764.240
9.9616840	27933.608
9.9680668	28003.620
9.9744497	27979.149
9.9808325	27902.479
9.9872153	27778.595
9.9935981	27635.911
9.9999809	27446.370
10.006364	27228.526
10.012747	26983.133
10.019129	26774.575
10.025512	26559.825
10.031895	26445.836
10.038278	26427.220
10.044661	26469.209
10.051043	26567.588
10.057426	26741.918
10.063809	26956.482
10.070192	27154.978
10.076575	27353.029
10.082958	27555.029
10.089340	27726.771
10.095723	27875.651
10.102106	27991.358
10.108489	28094.251
10.114872	28206.087
10.121254	28356.987
10.127637	28580.904
10.134020	28860.965
10.140403	29190.556
10.146786	29565.447
10.153169	29942.743
10.159551	30257.529
10.165934	30517.067
10.172317	30676.166
10.178700	30670.007
10.185083	30516.647
10.191465	30218.983
10.197848	29803.466
10.204231	29322.371
10.210614	28802.139
10.216997	28317.395
10.223380	27843.834
10.229762	27433.471
10.236145	27043.625
10.242528	26739.684
10.248911	26512.884
10.255294	26353.877
10.261676	26207.184
10.268059	26094.984
10.274442	26068.337
10.280825	26092.433
10.287208	26192.224
10.293591	26300.715
10.299973	26419.920
10.306356	26589.018
10.312739	26786.420
10.319122	26994.254
10.325505	27214.304
10.331887	27448.236
10.338270	27701.120
10.344653	27979.163
10.351036	28224.861
10.357419	28496.019
10.363802	28750.878
10.370184	28945.667
10.376567	29061.904
10.382950	29170.357
10.389333	29188.725
10.395716	29101.086
10.402098	28942.875
10.408481	28726.576
10.414864	28449.804
10.421247	28165.262
10.427630	27923.106
10.434013	27744.796
10.440395	27635.637
10.446778	27580.515
10.453161	27609.945
10.459544	27708.738
10.465927	27836.585
10.472309	27923.713
10.478692	27971.362
10.485075	27986.892
10.491458	28013.181
10.497841	28028.535
10.504224	28033.985
10.510606	28048.728
10.516989	28139.243
10.523372	28280.352
10.529755	28480.262
10.536138	28691.492
10.542520	28926.462
10.548903	29113.649
10.555286	29245.976
10.561669	29280.019
10.568052	29227.605
10.574435	29076.586
10.580817	28811.486
10.587200	28476.019
10.593583	28042.982
10.599966	27621.970
10.606349	27234.791
10.612732	26913.107
10.619114	26688.634
10.625497	26533.958
10.631880	26457.832
10.638263	26466.465
10.644646	26545.087
10.651028	26648.755
10.657411	26775.950
10.663794	26902.378
10.670177	27033.957
10.676560	27153.455
10.682943	27212.673
10.689325	27232.402
10.695708	27237.498
10.702091	27191.046
10.708474	27143.540
10.714857	27137.430
10.721239	27145.259
10.727622	27165.071
10.734005	27227.864
10.740388	27326.059
10.746771	27440.472
10.753154	27485.075
10.759536	27476.843
10.765919	27409.877
10.772302	27334.891
10.778685	27150.090
10.785068	26916.181
10.791450	26626.121
10.797833	26390.228
10.804216	26144.744
10.810599	25964.715
10.816982	25789.566
10.823365	25639.734
10.829747	25489.095
10.836130	25381.488
10.842513	25318.760
10.848896	25289.897
10.855279	25239.699
10.861661	25177.366
10.868044	25142.451
10.874427	25125.631
10.880810	25076.456
10.887193	25028.442
10.893576	24974.898
10.899958	24980.494
10.906341	25015.322
10.912724	25101.919
10.919107	25188.134
10.925490	25304.006
10.931872	25466.748
10.938255	25634.966
10.944638	25763.267
10.951021	25856.572
10.957404	25932.964
10.963787	25957.429
10.970169	25937.737
10.976552	25902.159
10.982935	25756.606
10.989318	25566.550
10.995701	25329.614
11.002083	25129.204
11.008466	24938.756
11.014849	24770.055
11.021232	24609.009
11.027615	24442.937
11.033998	24296.144
11.040380	24211.388
11.046763	24155.589
11.053146	24136.545
11.059529	24128.707
11.065912	24196.576
11.072294	24289.519
11.078677	24437.660
11.085060	24594.326
11.091443	24781.430
11.097826	25015.446
11.104209	25196.440
11.110591	25355.224
11.116974	25515.909
11.123357	25676.218
11.129740	25768.522
11.136123	25796.257
11.142505	25769.614
11.148888	25657.547
11.155271	25535.957
11.161654	25422.755
11.168037	25260.555
11.174420	25076.403
11.180802	24911.302
11.187185	24808.540
11.193568	24792.013
11.199951	24793.426
11.206334	24829.637
11.212716	24903.949
11.219099	24991.553
11.225482	25066.880
11.231865	25137.917
11.238248	25180.144
11.244631	25235.591
11.251013	25326.657
11.257396	25445.493
11.263779	25591.120
11.270162	25760.961
11.276545	25961.810
11.282927	26171.031
11.289310	26351.186
11.295693	26505.809
11.302076	26605.886
11.308459	26615.015
11.314842	26544.572
11.321224	26383.149
11.327607	26154.792
11.333990	25844.043
11.340373	25514.780
11.346756	25175.873
11.353138	24844.575
11.359521	24558.574
11.365904	24353.199
11.372287	24169.579
11.378670	24037.231
11.385053	23934.061
11.391435	23888.835
11.397818	23826.677
11.404201	23786.840
11.410584	23736.550
11.416967	23742.518
11.423349	23742.181
11.429732	23762.983
11.436115	23822.666
11.442498	23868.513
11.448881	23911.254
11.455264	23954.987
11.461646	24090.318
11.468029	24235.504
11.474412	24374.796
11.480795	24466.993
11.487178	24562.529
11.493560	24610.487
11.499943	24604.159
11.506326	24549.767
11.512709	24488.861
11.519092	24404.733
11.525475	24252.846
11.531857	24077.813
11.538240	23928.967
11.544623	23810.866
11.551006	23715.200
11.557389	23687.041
11.563771	23675.881
11.570154	23704.107
11.576537	23761.695
11.582920	23830.056
11.589303	23893.531
11.595686	23938.607
11.602068	23956.001
11.608451	23919.234
11.614834	23884.551
11.621217	23853.776
11.627600	23775.634
11.633982	23681.348
11.640365	23646.971
11.646748	23637.678
11.653131	23648.114
11.659514	23620.425
11.665897	23601.622
11.672279	23575.280
11.678662	23527.935
11.685045	23446.374
11.691428	23374.788
11.697811	23288.652
11.704193	23182.265
11.710576	23087.172
11.716959	23029.212
11.723342	22947.179
11.729725	22876.223
11.736108	22834.097
11.742490	22808.486
11.748873	22776.868
11.755256	22769.551
11.761639	22763.361
11.768022	22770.157
11.774404	22813.639
11.780787	22904.501
11.787170	23002.139
11.793553	23119.773
11.799936	23231.952
11.806319	23390.305
11.812701	23612.429
11.819084	23851.279
11.825467	24066.919
11.831850	24255.465
11.838233	24404.667
11.844615	24514.822
11.850998	24559.013
11.857381	24583.650
11.863764	24526.657
11.870147	24416.050
11.876530	24229.117
11.882912	24045.436
11.889295	23882.005
11.895678	23734.617
11.902061	23601.106
11.908444	23524.440
11.914826	23515.897
11.921209	23512.677
11.927592	23528.621
11.933975	23570.115
11.940358	23605.954
11.946741	23654.448
11.953123	23720.302
11.959506	23786.797
11.965889	23816.092
11.972272	23806.159
11.978655	23824.285
11.985037	23801.837
11.991420	23774.616
11.997803	23763.197
12.004186	23778.402
12.010569	23750.357
12.016952	23712.492
12.023334	23680.704
12.029717	23638.359
12.036100	23611.885
12.042483	23574.448
12.048866	23569.904
12.055248	23560.924
12.061631	23574.398
12.068014	23596.908
12.074397	23630.979
12.080780	23686.133
12.087163	23741.595
12.093545	23813.055
12.099928	23876.384
12.106311	23941.527
12.112694	23991.076
12.119077	24028.397
12.125459	24099.300
12.131842	24163.443
12.138225	24165.170
12.144608	24118.145
12.150991	24115.267
12.157374	24131.923
12.163756	24128.860
12.170139	24081.981
12.176522	24063.021
12.182905	24044.205
12.189288	24009.810
12.195670	23970.970
12.202053	23944.009
12.208436	23926.834
12.214819	23872.674
12.221202	23847.340
12.227585	23836.206
12.233967	23844.551
12.240350	23865.607
12.246733	23882.647
12.253116	23880.266
12.259499	23940.190
12.265881	24026.355
12.272264	24067.268
12.278647	24094.697
12.285030	24123.961
12.291413	24160.188
12.297796	24187.325
12.304178	24252.306
12.310561	24331.225
12.316944	24408.370
12.323327	24499.742
12.329710	24579.096
12.336092	24631.778
12.342475	24625.557
12.348858	24595.224
12.355241	24541.995
12.361624	24436.075
12.368007	24322.753
12.374389	24134.642
12.380772	23906.003
12.387155	23693.575
12.393538	23498.835
12.399921	23353.063
12.406303	23217.207
12.412686	23094.561
12.419069	23039.981
12.425452	22996.973
12.431835	22985.346
12.438218	22960.037
12.444600	22939.573
12.450983	22923.438
12.457366	22954.163
12.463749	23011.876
12.470132	23063.277
12.476514	23102.864
12.482897	23140.555
12.489280	23218.961
12.495663	23267.490
12.502046	23293.501
12.508429	23310.372
12.514811	23308.813
12.521194	23256.520
12.527577	23177.998
12.533960	23114.103
12.540343	23073.233
12.546725	23052.427
12.553108	23030.299
12.559491	22997.165
12.565874	22946.760
12.572257	22914.884
12.578640	22912.601
12.585022	22924.984
12.591405	22927.861
12.597788	22905.539
12.604171	22895.158
12.610554	22851.990
12.616936	22862.882
12.623319	22873.895
12.629702	22860.773
12.636085	22900.507
12.642468	22931.034
12.648851	22967.258
12.655233	22950.529
12.661616	22914.606
12.667999	22871.801
12.674382	22843.003
12.680765	22760.477
12.687147	22694.595
12.693530	22598.467
12.699913	22447.056
12.706296	22328.084
12.712679	22255.051
12.719062	22179.638
12.725444	22142.676
12.731827	22125.183
12.738210	22111.522
12.744593	22089.658
12.750976	22020.846
12.757358	21972.703
12.763741	21957.515
12.770124	21961.201
12.776507	21926.744
12.782890	21859.662
12.789273	21812.649
12.795655	21782.960
12.802038	21798.000
12.808421	21802.510
12.814804	21830.474
12.821187	21874.251
12.827569	21937.553
12.833952	21968.186
12.840335	22012.483
12.846718	22039.269
12.853101	22025.505
12.859484	22010.929
12.865866	21982.878
12.872249	21953.935
12.878632	21916.155
12.885015	21852.040
12.891398	21806.719
12.897780	21773.432
12.904163	21734.780
12.910546	21666.917
12.916929	21630.793
12.923312	21637.484
12.929695	21618.089
12.936077	21600.167
12.942460	21609.535
12.948843	21625.368
12.955226	21624.046
12.961609	21656.471
12.967991	21704.939
12.974374	21734.284
12.980757	21746.023
12.987140	21744.705
12.993523	21718.916
12.999906	21707.946
13.006288	21686.742
13.012671	21622.180
13.019054	21517.090
13.025437	21381.886
13.031820	21253.228
13.038202	21170.794
13.044585	21083.267
13.050968	20992.532
13.057351	20902.993
13.063734	20861.769
13.070117	20835.992
13.076499	20821.410
13.082882	20790.619
13.089265	20795.708
13.095648	20830.088
13.102031	20836.355
13.108413	20851.816
13.114796	20881.354
13.121179	20927.792
13.127562	20969.628
13.133945	21003.722
13.140328	21042.613
13.146710	21055.263
13.153093	21012.066
13.159476	20999.462
13.165859	20982.450
13.172242	20944.492
13.178624	20931.515
13.185007	20946.452
13.191390	20949.104
13.197773	20941.885
13.204156	20942.963
13.210539	20961.288
13.216921	20939.468
13.223304	20916.598
13.229687	20929.103
13.236070	20956.451
13.242453	20984.723
13.248835	20993.056
13.255218	20971.824
13.261601	20986.830
13.267984	21009.141
13.274367	21027.254
13.280750	21012.176
13.287132	21017.452
13.293515	21025.769
13.299898	20977.828
13.306281	20891.259
13.312664	20835.986
13.319046	20781.638
13.325429	20715.908
13.331812	20625.341
13.338195	20542.443
13.344578	20496.080
13.350961	20464.288
13.357343	20420.030
13.363726	20361.352
13.370109	20326.581
13.376492	20309.132
13.382875	20322.826
13.389257	20341.172
13.395640	20344.662
13.402023	20369.783
13.408406	20432.124
13.414789	20509.333
13.421172	20546.591
13.427554	20587.722
13.433937	20618.971
13.440320	20661.924
13.446703	20681.873
13.453086	20710.040
13.459468	20766.651
13.465851	20760.009
13.472234	20730.779
13.478617	20700.458
13.485000	20659.070
13.491383	20602.093
13.497765	20536.745
13.504148	20478.278
13.510531	20418.829
13.516914	20385.421
13.523297	20363.106
13.529679	20305.168
13.536062	20263.444
13.542445	20256.170
13.548828	20253.193
13.555211	20263.418
13.561594	20287.958
13.567976	20305.316
13.574359	20334.206
13.580742	20365.848
13.587125	20368.947
13.593508	20371.931
13.599890	20426.308
13.606273	20456.709
13.612656	20426.359
13.619039	20381.734
13.625422	20332.115
13.631805	20252.471
13.638187	20182.459
13.644570	20147.906
13.650953	20114.774
13.657336	20044.053
13.663719	19995.202
13.670101	19981.171
13.676484	19939.271
13.682867	19935.159
13.689250	19933.893
13.695633	19993.224
13.702016	20022.847
13.708398	20054.340
13.714781	20054.239
13.721164	20082.939
13.727547	20097.402
13.733930	20111.221
13.740312	20071.718
13.746695	20076.437
13.753078	20035.401
13.759461	20004.793
13.765844	19995.623
13.772227	20021.758
13.778609	19980.207
13.784992	19935.165
13.791375	19914.866
13.797758	19908.385
13.804141	19915.605
13.810524	19926.924
13.816906	19918.285
13.823289	19898.665
13.829672	19882.509
13.836055	19923.995
13.842438	19993.877
13.848820	20004.453
13.855203	19999.567
13.861586	20000.350
13.867969	20004.999
13.874352	19986.338
13.880735	19986.013
13.887117	19987.730
13.893500	20001.131
13.899883	20007.856
13.906266	20003.264
13.912649	20013.155
13.919031	19974.146
13.925414	19929.438
13.931797	19870.529
13.938180	19871.213
13.944563	19873.267
13.950946	19817.966
13.957328	19778.005
13.963711	19794.295
13.970094	19767.564
13.976477	19718.229
13.982860	19715.630
13.989242	19733.621
13.995625	19746.262
14.002008	19778.510
14.008391	19810.803
14.014774	19810.858
14.021157	19847.796
14.027539	19899.176
14.033922	19926.814
14.040305	19926.789
14.046688	19926.957
14.053071	19924.455
14.059453	19931.446
14.065836	19919.369
14.072219	19888.006
14.078602	19832.199
14.084985	19780.888
14.091368	19780.931
14.097750	19766.187
14.104133	19755.598
14.110516	19725.177
14.116899	19691.189
14.123282	19639.270
14.129664	19621.994
14.136047	19634.826
14.142430	19675.858
14.148813	19691.362
14.155196	19697.624
14.161579	19740.875
14.167961	19777.663
14.174344	19771.999
14.180727	19796.251
14.187110	19774.272
14.193493	19748.098
14.199875	19713.763
14.206258	19701.926
14.212641	19667.927
14.219024	19601.384
14.225407	19517.838
14.231790	19413.553
14.238172	19341.064
14.244555	19312.766
14.250938	19286.555
14.257321	19245.379
14.263704	19187.447
14.270086	19195.091
14.276469	19197.599
14.282852	19175.365
14.289235	19169.538
14.295618	19195.254
14.302001	19213.096
14.308383	19240.922
14.314766	19267.403
14.321149	19256.286
14.327532	19240.320
14.333915	19247.555
14.340297	19233.482
14.346680	19223.004
14.353063	19203.705
14.359446	19208.583
14.365829	19220.436
14.372212	19236.201
14.378594	19198.465
14.384977	19132.186
14.391360	19084.246
14.397743	19073.116
14.404126	19073.932
14.410508	19058.253
14.416891	19015.872
14.423274	18976.555
14.429657	18984.414
14.436040	19009.876
14.442423	19036.377
14.448805	19025.903
14.455188	19009.238
14.461571	18998.184
14.467954	18961.177
14.474337	18921.214
14.480719	18931.811
14.487102	18916.556
14.493485	18916.653
14.499868	18893.623
14.506251	18859.098
14.512634	18831.812
14.519016	18836.940
14.525399	18864.406
14.531782	18877.646
14.538165	18848.613
14.544548	18810.943
14.550930	18811.439
14.557313	18841.258
14.563696	18899.016
14.570079	18903.388
14.576462	18912.425
14.582845	18940.782
14.589227	18933.446
14.595610	18936.946
14.601993	18954.835
14.608376	18969.848
14.614759	18932.564
14.621141	18938.184
14.627524	18945.410
14.633907	18880.817
14.640290	18837.653
14.646673	18841.068
14.653056	18851.224
14.659438	18834.144
14.665821	18778.977
14.672204	18723.092
14.678587	18702.081
14.684970	18678.912
14.691352	18677.605
14.697735	18687.542
14.704118	18684.097
14.710501	18680.194
14.716884	18661.033
14.723267	18641.504
14.729649	18617.646
14.736032	18590.394
14.742415	18564.695
14.748798	18538.688
14.755181	18552.542
14.761563	18523.847
14.767946	18455.366
14.774329	18448.950
14.780712	18422.370
14.787095	18394.392
14.793478	18385.830
14.799860	18369.918
14.806243	18345.725
14.812626	18376.240
14.819009	18384.953
14.825392	18407.180
14.831774	18449.196
14.838157	18454.448
14.844540	18463.717
14.850923	18481.871
14.857306	18501.752
14.863689	18470.299
14.870071	18431.624
14.876454	18416.262
14.882837	18457.568
14.889220	18480.155
14.895603	18437.539
14.901985	18396.744
14.908368	18367.511
14.914751	18326.320
14.921134	18292.586
14.927517	18305.333
14.933900	18333.058
14.940282	18317.541
14.946665	18316.337
14.953048	18306.481
14.959431	18296.675
14.965814	18304.609
14.972196	18295.785
14.978579	18303.660
14.984962	18277.683
14.991345	18261.639
14.997728	18241.301
15.004111	18241.348
15.010493	18233.606
15.016876	18224.786
15.023259	18192.084
15.029642	18221.079
15.036025	18222.096
15.042407	18207.448
15.048790	18183.202
15.055173	18169.970
15.061556	18184.604
15.067939	18180.115
15.074322	18186.266
15.080704	18205.376
15.087087	18181.650
15.093470	18149.622
15.099853	18155.181
15.106236	18188.317
15.112618	18210.084
15.119001	18242.910
15.125384	18257.473
15.131767	18287.755
15.138150	18287.643
15.144533	18269.230
15.150915	18300.024
15.157298	18326.600
15.163681	18316.271
15.170064	18298.006
15.176447	18280.217
15.182829	18283.775
15.189212	18273.877
15.195595	18265.473
15.201978	18245.516
15.208361	18239.518
15.214744	18235.872
15.221126	18237.161
15.227509	18233.421
15.233892	18238.127
15.240275	18263.556
15.246658	18317.330
15.253040	18326.055
15.259423	18296.504
15.265806	18303.020
15.272189	18314.077
15.278572	18361.131
15.284955	18406.690
15.291337	18402.129
15.297720	18364.584
15.304103	18384.011
15.310486	18400.863
15.316869	18384.516
15.323251	18375.730
15.329634	18352.560
15.336017	18321.768
15.342400	18288.669
15.348783	18300.773
15.355166	18293.835
15.361548	18279.274
15.367931	18255.996
15.374314	18215.510
15.380697	18203.633
15.387080	18226.101
15.393462	18255.079
15.399845	18267.216
15.406228	18282.718
15.412611	18300.106
15.418994	18279.439
15.425377	18291.141
15.431759	18347.951
15.438142	18371.467
15.444525	18346.289
15.450908	18303.987
15.457291	18277.751
15.463673	18261.717
15.470056	18240.235
15.476439	18233.303
15.482822	18239.569
15.489205	18242.135
15.495588	18249.273
15.501970	18251.717
15.508353	18222.758
15.514736	18201.879
15.521119	18211.622
15.527502	18226.589
15.533884	18274.239
15.540267	18264.396
15.546650	18260.585
15.553033	18289.925
15.559416	18262.890
15.565799	18241.275
15.572181	18212.764
15.578564	18192.774
15.584947	18188.706
15.591330	18197.344
15.597713	18184.732
15.604095	18144.069
15.610478	18153.015
15.616861	18150.220
15.623244	18106.211
15.629627	18122.887
15.636010	18142.599
15.642392	18123.412
15.648775	18113.042
15.655158	18121.286
15.661541	18103.495
15.667924	18093.849
15.674306	18071.358
15.680689	18038.592
15.687072	18002.357
15.693455	17979.241
15.699838	17997.770
15.706221	18042.319
15.712603	18028.431
15.718986	17992.273
15.725369	18002.254
15.731752	18053.896
15.738135	18073.136
15.744517	18017.987
15.750900	18027.121
15.757283	18072.440
15.763666	18075.249
15.770049	18058.808
15.776432	18055.751
15.782814	18051.431
15.789197	18047.733
15.795580	18095.862
15.801963	18128.540
15.808346	18092.372
15.814728	18048.833
15.821111	18016.304
15.827494	18005.645
15.833877	17996.751
15.840260	17987.679
15.846643	17964.158
15.853025	17898.374
15.859408	17848.449
15.865791	17828.001
15.872174	17838.490
15.878557	17812.137
15.884939	17790.272
15.891322	17760.866
15.897705	17694.496
15.904088	17690.940
15.910471	17690.500
15.916854	17671.002
15.923236	17670.867
15.929619	17698.562
15.936002	17723.058
15.942385	17709.700
15.948768	17720.890
15.955150	17696.558
15.961533	17654.762
15.967916	17644.270
15.974299	17643.154
15.980682	17636.698
15.987065	17607.190
15.993447	17586.726
15.999830	17603.528
16.006213	17589.625
16.012596	17575.850
16.018979	17587.321
16.025361	17626.125
16.031744	17614.178
16.038127	17538.090
16.044510	17509.466
16.050893	17502.113
16.057276	17453.199
16.063658	17464.111
16.070041	17483.520
16.076424	17458.315
16.082807	17437.946
16.089190	17430.553
16.095572	17442.008
16.101955	17477.888
16.108338	17465.203
16.114721	17420.215
16.121104	17405.343
16.127487	17370.589
16.133869	17352.524
16.140252	17372.618
16.146635	17378.829
16.153018	17356.224
16.159401	17372.003
16.165783	17349.045
16.172166	17326.740
16.178549	17314.024
16.184932	17330.675
16.191315	17334.123
16.197698	17312.112
16.204080	17281.227
16.210463	17274.363
16.216846	17287.326
16.223229	17261.768
16.229612	17233.550
16.235994	17247.315
16.242377	17270.352
16.248760	17258.155
16.255143	17226.269
16.261526	17188.746
16.267909	17183.947
16.274291	17169.332
16.280674	17146.773
16.287057	17111.851
16.293440	17108.655
16.299823	17113.171
16.306205	17105.130
16.312588	17086.448
16.318971	17072.016
16.325354	17063.423
16.331737	17036.348
16.338120	17005.655
16.344502	17026.117
16.350885	17031.477
16.357268	17009.921
16.363651	17008.610
16.370034	16981.963
16.376416	16970.129
16.382799	16948.103
16.389182	16939.811
16.395565	16959.384
16.401948	16917.650
16.408331	16809.990
16.414713	16792.066
16.421096	16836.549
16.427479	16868.775
16.433862	16831.709
16.440245	16798.794
16.446627	16824.010
16.453010	16830.276
16.459393	16844.017
16.465776	16863.941
16.472159	16865.484
16.478542	16862.268
16.484924	16852.263
16.491307	16832.198
16.497690	16834.584
16.504073	16822.253
16.510456	16796.194
16.516838	16782.938
16.523221	16796.971
16.529604	16828.256
16.535987	16814.542
16.542370	16770.639
16.548753	16762.428
16.555135	16762.331
16.561518	16743.664
16.567901	16716.974
16.574284	16704.176
16.580667	16713.648
16.587049	16743.692
16.593432	16699.972
16.599815	16618.677
16.606198	16589.547
16.612581	16586.949
16.618964	16598.996
16.625346	16574.998
16.631729	16535.518
16.638112	16518.231
16.644495	16529.658
16.650878	16544.324
16.657260	16523.370
16.663643	16517.718
16.670026	16520.214
16.676409	16497.539
16.682792	16448.450
16.689175	16420.811
16.695557	16459.109
16.701940	16516.194
16.708323	16500.922
16.714706	16450.145
16.721089	16464.534
16.727471	16451.391
16.733854	16414.135
16.740237	16365.315
16.746620	16370.624
16.753003	16385.716
16.759386	16369.943
16.765768	16378.489
16.772151	16388.969
16.778534	16369.401
16.784917	16350.382
16.791300	16356.221
16.797682	16355.809
16.804065	16355.368
16.810448	16309.337
16.816831	16295.985
16.823214	16330.029
16.829597	16377.961
16.835979	16402.025
16.842362	16380.684
16.848745	16367.766
16.855128	16338.748
16.861511	16341.116
16.867893	16406.274
16.874276	16388.411
16.880659	16378.652
16.887042	16366.541
16.893425	16327.223
16.899808	16335.599
16.906190	16340.601
16.912573	16345.015
16.918956	16355.626
16.925339	16358.555
16.931722	16370.262
16.938104	16364.863
16.944487	16331.696
16.950870	16338.984
16.957253	16311.826
16.963636	16309.720
16.970019	16325.516
16.976401	16288.587
16.982784	16254.718
16.989167	16245.249
16.995550	16245.356
17.001933	16238.018
17.008316	16208.035
17.014698	16184.810
17.021081	16148.007
17.027464	16178.652
17.033847	16225.868
17.040230	16242.479
17.046612	16230.472
17.052995	16185.169
17.059378	16145.472
17.065761	16152.105
17.072144	16167.909
17.078527	16168.731
17.084909	16181.459
17.091292	16230.177
17.097675	16212.957
17.104058	16170.067
17.110441	16157.789
17.116823	16192.788
17.123206	16212.864
17.129589	16205.850
17.135972	16197.328
17.142355	16129.762
17.148738	16116.153
17.155120	16164.180
17.161503	16172.611
17.167886	16169.072
17.174269	16200.751
17.180652	16172.328
17.187034	16162.408
17.193417	16173.617
17.199800	16214.723
17.206183	16234.815
17.212566	16191.620
17.218949	16172.645
17.225331	16171.837
17.231714	16145.202
17.238097	16143.169
17.244480	16155.821
17.250863	16163.007
17.257245	16170.513
17.263628	16168.727
17.270011	16169.737
17.276394	16153.011
17.282777	16131.405
17.289160	16138.505
17.295542	16142.566
17.301925	16149.345
17.308308	16131.294
17.314691	16120.024
17.321074	16091.352
17.327456	16063.322
17.333839	16030.389
17.340222	16027.023
17.346605	16042.612
17.352988	16075.930
17.359371	16067.703
17.365753	16025.526
17.372136	16012.101
17.378519	16012.142
17.384902	16036.486
17.391285	16031.745
17.397667	16054.281
17.404050	16063.347
17.410433	16049.144
17.416816	16065.931
17.423199	16059.039
17.429582	16033.663
17.435964	16039.939
17.442347	16014.554
17.448730	16010.291
17.455113	16010.038
17.461496	15986.930
17.467878	16008.775
17.474261	16012.434
17.480644	15969.213
17.487027	15983.401
17.493410	15971.028
17.499793	15971.083
17.506175	15964.831
17.512558	15958.842
17.518941	16022.119
17.525324	16011.291
17.531707	15970.224
17.538089	15964.189
17.544472	15955.687
17.550855	15932.430
17.557238	15896.782
17.563621	15878.004
17.570004	15896.545
17.576386	15924.107
17.582769	15902.704
17.589152	15858.872
17.595535	15809.502
17.601918	15833.721
17.608300	15860.956
17.614683	15853.636
17.621066	15812.485
17.627449	15785.606
17.633832	15792.466
17.640215	15791.479
17.646597	15804.409
17.652980	15819.373
17.659363	15838.907
17.665746	15796.030
17.672129	15834.041
17.678511	15832.649
17.684894	15775.856
17.691277	15778.500
17.697660	15785.554
17.704043	15759.053
17.710426	15748.646
17.716808	15759.757
17.723191	15748.303
17.729574	15730.081
17.735957	15742.582
17.742340	15746.799
17.748722	15723.155
17.755105	15723.295
17.761488	15738.068
17.767871	15771.581
17.774254	15747.305
17.780637	15709.153
17.787019	15672.551
17.793402	15684.425
17.799785	15647.520
17.806168	15622.680
17.812551	15646.655
17.818933	15619.416
17.825316	15612.010
17.831699	15633.686
17.838082	15656.927
17.844465	15608.762
17.850848	15595.113
17.857230	15638.809
17.863613	15659.441
17.869996	15632.876
17.876379	15615.068
17.882762	15583.921
17.889144	15590.381
17.895527	15590.030
17.901910	15565.999
17.908293	15576.160
17.914676	15578.808
17.921059	15547.463
17.927441	15499.989
17.933824	15531.923
17.940207	15534.592
17.946590	15485.176
17.952973	15499.286
17.959355	15528.801
17.965738	15509.756
17.972121	15535.506
17.978504	15568.660
17.984887	15530.206
17.991270	15494.037
17.997652	15510.526
18.004035	15541.634
18.010418	15538.640
18.016801	15478.570
18.023184	15465.018
18.029566	15480.057
18.035949	15516.508
18.042332	15532.780
18.048715	15520.514
18.055098	15515.809
18.061481	15527.811
18.067863	15511.703
18.074246	15485.852
18.080629	15514.231
18.087012	15499.789
18.093395	15486.482
18.099777	15472.895
18.106160	15461.172
18.112543	15459.825
18.118926	15460.725
18.125309	15453.987
18.131692	15474.744
18.138074	15420.594
18.144457	15448.825
18.150840	15503.841
18.157223	15507.796
18.163606	15490.936
18.169988	15478.231
18.176371	15472.176
18.182754	15484.004
18.189137	15483.727
18.195520	15465.061
18.201903	15451.709
18.208285	15429.986
18.214668	15414.250
18.221051	15393.290
18.227434	15407.694
18.233817	15412.707
18.240199	15406.356
18.246582	15391.903
18.252965	15388.266
18.259348	15457.068
18.265731	15431.176
18.272114	15382.583
18.278496	15412.038
18.284879	15463.022
18.291262	15466.498
18.297645	15448.419
18.304028	15399.768
18.310410	15382.319
18.316793	15399.254
18.323176	15424.107
18.329559	15446.419
18.335942	15404.968
18.342325	15376.306
18.348707	15380.374
18.355090	15393.973
18.361473	15392.577
18.367856	15384.568
18.374239	15382.935
18.380621	15338.080
18.387004	15351.505
18.393387	15381.341
18.399770	15402.234
18.406153	15379.377
18.412536	15360.387
18.418918	15357.449
18.425301	15364.499
18.431684	15369.259
18.438067	15353.829
18.444450	15339.226
18.450832	15308.107
18.457215	15310.284
18.463598	15364.991
18.469981	15423.358
18.476364	15356.015
18.482747	15323.143
18.489129	15304.637
18.495512	15306.716
18.501895	15320.590
18.508278	15335.270
18.514661	15350.683
18.521043	15386.208
18.527426	15384.475
18.533809	15339.799
18.540192	15342.647
18.546575	15362.188
18.552958	15385.345
18.559340	15356.005
18.565723	15377.825
18.572106	15361.163
18.578489	15316.473
18.584872	15317.102
18.591254	15314.850
18.597637	15295.069
18.604020	15326.791
18.610403	15329.373
18.616786	15310.991
18.623169	15319.275
18.629551	15382.619
18.635934	15392.032
18.642317	15392.835
18.648700	15369.328
18.655083	15331.761
18.661465	15286.356
18.667848	15279.541
18.674231	15305.238
18.680614	15329.827
18.686997	15331.543
18.693380	15293.807
18.699762	15245.287
18.706145	15271.473
18.712528	15310.991
18.718911	15275.025
18.725294	15269.983
18.731676	15301.783
18.738059	15290.618
18.744442	15272.095
18.750825	15241.319
18.757208	15244.317
18.763591	15234.046
18.769973	15215.791
18.776356	15211.232
18.782739	15235.864
18.789122	15235.110
18.795505	15185.670
18.801887	15186.688
18.808270	15218.659
18.814653	15242.853
18.821036	15215.083
18.827419	15222.034
18.833802	15249.398
18.840184	15228.110
18.846567	15241.278
18.852950	15229.688
18.859333	15249.929
18.865716	15282.419
18.872098	15248.228
18.878481	15195.247
18.884864	15208.781
18.891247	15226.305
18.897630	15216.030
18.904013	15207.718
18.910395	15236.931
18.916778	15261.411
18.923161	15226.722
18.929544	15266.078
18.935927	15274.651
18.942309	15231.905
18.948692	15218.251
18.955075	15214.513
18.961458	15173.737
18.967841	15179.399
18.974224	15191.765
18.980606	15211.192
18.986989	15219.937
18.993372	15205.423
18.999755	15230.183
19.006138	15243.865
19.012520	15212.081
19.018903	15207.397
19.025286	15188.576
19.031669	15138.932
19.038052	15104.003
19.044435	15100.164
19.050817	15141.419
19.057200	15170.838
19.063583	15159.994
19.069966	15115.776
19.076349	15114.149
19.082731	15093.885
19.089114	15084.696
19.095497	15099.541
19.101880	15120.705
19.108263	15115.293
19.114646	15111.156
19.121028	15060.116
19.127411	15070.272
19.133794	15114.421
19.140177	15116.690
19.146560	15111.781
19.152942	15076.898
19.159325	15025.163
19.165708	15037.445
19.172091	15098.245
19.178474	15076.481
19.184857	15046.214
19.191239	15061.590
19.197622	15070.027
19.204005	15081.982
19.210388	15128.595
19.216771	15083.162
19.223153	15044.936
19.229536	15018.243
19.235919	15008.874
19.242302	15006.046
19.248685	15016.089
19.255068	15051.863
19.261450	15017.944
19.267833	15021.947
19.274216	15040.825
19.280599	14997.227
19.286982	14986.774
19.293364	14979.299
19.299747	14981.554
19.306130	14964.493
19.312513	14978.825
19.318896	14962.676
19.325279	14973.369
19.331661	14989.403
19.338044	14948.456
19.344427	14894.302
19.350810	14845.900
19.357193	14914.126
19.363575	14951.333
19.369958	14921.825
19.376341	14914.596
19.382724	14919.764
19.389107	14908.425
19.395490	14934.224
19.401872	14950.591
19.408255	14955.030
19.414638	14920.023
19.421021	14893.431
19.427404	14883.188
19.433786	14852.131
19.440169	14867.087
19.446552	14888.038
19.452935	14896.222
19.459318	14888.932
19.465701	14859.268
19.472083	14864.360
19.478466	14846.199
19.484849	14824.773
19.491232	14813.694
19.497615	14812.093
19.503997	14806.227
19.510380	14762.718
19.516763	14778.464
19.523146	14776.725
19.529529	14780.098
19.535912	14827.711
19.542294	14831.299
19.548677	14772.209
19.555060	14709.547
19.561443	14686.516
19.567826	14730.919
19.574208	14746.886
19.580591	14779.153
19.586974	14762.859
19.593357	14712.760
19.599740	14705.500
19.606123	14740.912
19.612505	14769.271
19.618888	14734.231
19.625271	14696.148
19.631654	14679.923
19.638037	14714.566
19.644419	14716.602
19.650802	14694.174
19.657185	14728.826
19.663568	14729.622
19.669951	14684.553
19.676334	14683.227
19.682716	14676.614
19.689099	14634.563
19.695482	14638.265
19.701865	14648.608
19.708248	14619.268
19.714630	14628.568
19.721013	14661.440
19.727396	14650.615
19.733779	14619.341
19.740162	14600.538
19.746545	14611.990
19.752927	14575.189
19.759310	14586.202
19.765693	14596.955
19.772076	14618.002
19.778459	14668.880
19.784841	14606.789
19.791224	14624.442
19.797607	14605.888
19.803990	14563.197
19.810373	14561.401
19.816756	14560.489
19.823138	14585.583
19.829521	14615.281
19.835904	14638.172
19.842287	14587.309
19.848670	14541.776
19.855052	14510.893
19.861435	14524.632
19.867818	14585.459
19.874201	14584.383
19.880584	14524.994
19.886967	14531.017
19.893349	14514.048
19.899732	14443.804
19.906115	14468.073
19.912498	14486.484
19.918881	14448.948
19.925263	14482.577
19.931646	14503.002
19.938029	14525.682
19.944412	14508.509
19.950795	14491.384
19.957178	14484.729
19.963560	14456.153
19.969943	14468.052
19.976326	14489.902
19.982709	14447.336
19.989092	14432.373
19.995474	14431.647
20.001857	14431.888
20.008240	14453.620
20.014623	14451.388
20.021006	14388.603
20.027389	14420.204
20.033771	14456.174
20.040154	14392.210
20.046537	14360.518
20.052920	14381.492
20.059303	14406.227
20.065685	14417.659
20.072068	14394.525
20.078451	14377.392
20.084834	14402.409
20.091217	14446.000
20.097600	14424.542
20.103982	14418.870
20.110365	14401.225
20.116748	14429.717
20.123131	14427.637
20.129514	14407.283
20.135896	14388.693
20.142279	14426.480
20.148662	14411.711
20.155045	14382.147
20.161428	14369.564
20.167811	14366.901
20.174193	14366.093
20.180576	14333.616
20.186959	14334.935
20.193342	14369.431
20.199725	14330.084
20.206108	14301.102
20.212490	14307.907
20.218873	14348.123
20.225256	14370.514
20.231639	14357.232
20.238022	14341.430
20.244404	14352.692
20.250787	14380.744
20.257170	14377.261
20.263553	14350.310
20.269936	14323.524
20.276319	14321.034
20.282701	14339.341
20.289084	14338.600
20.295467	14365.145
20.301850	14359.154
20.308233	14330.217
20.314615	14381.605
20.320998	14417.516
20.327381	14392.806
20.333764	14391.100
20.340147	14401.744
20.346530	14359.882
20.352912	14303.944
20.359295	14299.473
20.365678	14318.756
20.372061	14329.901
20.378444	14336.464
20.384826	14314.806
20.391209	14302.115
20.397592	14316.179
20.403975	14353.444
20.410358	14257.454
20.416741	14224.874
20.423123	14214.141
20.429506	14256.296
20.435889	14301.203
20.442272	14323.285
20.448655	14276.805
20.455037	14267.366
20.461420	14240.501
20.467803	14234.866
20.474186	14264.460
20.480569	14319.841
20.486952	14341.595
20.493334	14269.169
20.499717	14258.942
20.506100	14228.290
20.512483	14211.368
20.518866	14216.107
20.525248	14235.241
20.531631	14199.124
20.538014	14172.357
20.544397	14238.691
20.550780	14261.863
20.557163	14204.361
20.563545	14227.790
20.569928	14249.180
20.576311	14229.572
20.582694	14259.162
20.589077	14229.738
20.595459	14151.593
20.601842	14182.894
20.608225	14275.459
20.614608	14276.424
20.620991	14221.273
20.627374	14221.982
20.633756	14278.395
20.640139	14232.758
20.646522	14191.552
20.652905	14240.418
20.659288	14253.696
20.665670	14175.177
20.672053	14162.951
20.678436	14153.362
20.684819	14159.551
20.691202	14157.534
20.697585	14132.910
20.703967	14204.986
20.710350	14220.301
20.716733	14210.473
20.723116	14177.159
20.729499	14173.758
20.735881	14208.900
20.742264	14191.083
20.748647	14183.224
20.755030	14134.393
20.761413	14180.505
20.767796	14262.082
20.774178	14245.050
20.780561	14179.473
20.786944	14155.280
20.793327	14133.441
20.799710	14197.909
20.806092	14160.445
20.812475	14111.763
20.818858	14137.657
20.825241	14128.398
20.831624	14138.555
20.838007	14153.838
20.844389	14186.581
20.850772	14169.698
20.857155	14142.273
20.863538	14135.960
20.869921	14156.791
20.876303	14178.731
20.882686	14202.088
20.889069	14186.228
20.895452	14137.836
20.901835	14108.834
20.908218	14136.638
20.914600	14155.007
20.920983	14163.636
20.927366	14134.965
20.933749	14142.609
20.940132	14137.381
20.946514	14043.145
20.952897	14092.167
20.959280	14138.570
20.965663	14155.473
20.972046	14120.795
20.978429	14109.102
20.984811	14077.672
20.991194	14081.384
20.997577	14097.708
21.003960	14061.025
21.010343	14027.708
21.016725	14060.651
21.023108	14090.572
21.029491	14095.020
21.035874	14061.350
21.042257	14057.386
21.048640	14063.564
21.055022	14069.488
21.061405	13997.748
21.067788	14033.022
21.074171	14045.930
21.080554	14031.878
21.086936	14044.983
21.093319	14076.345
21.099702	14019.781
21.106085	13986.404
21.112468	13992.889
21.118851	14077.790
21.125233	14121.552
21.131616	14103.580
21.137999	14048.290
21.144382	14053.674
21.150765	14045.563
21.157147	13998.950
21.163530	14001.524
21.169913	13985.738
21.176296	13987.537
21.182679	14030.122
21.189062	13997.490
21.195444	14022.070
21.201827	13999.393
21.208210	13988.806
21.214593	13980.217
21.220976	13933.483
21.227358	13945.503
21.233741	13924.178
21.240124	13916.046
21.246507	13943.772
21.252890	14011.229
21.259273	13960.124
21.265655	13923.792
21.272038	13930.232
21.278421	13902.109
21.284804	13878.531
21.291187	13906.105
21.297569	13932.804
21.303952	13914.111
21.310335	13969.042
21.316718	13961.363
21.323101	13893.649
21.329484	13894.873
21.335866	13904.362
21.342249	13948.506
21.348632	13988.066
21.355015	13977.170
21.361398	13931.155
21.367780	13903.239
21.374163	13913.356
21.380546	13951.902
21.386929	13966.859
21.393312	13993.836
21.399695	13968.340
21.406077	13913.037
21.412460	13965.988
21.418843	13956.219
21.425226	13884.467
21.431609	13879.774
21.437991	13943.728
21.444374	13927.035
21.450757	13902.507
21.457140	13909.924
21.463523	13917.932
21.469906	13898.408
21.476288	13911.264
21.482671	13860.821
21.489054	13898.388
21.495437	13885.966
21.501820	13884.450
21.508202	13883.262
21.514585	13905.889
21.520968	13939.056
21.527351	13944.934
21.533734	13869.531
21.540117	13877.361
21.546499	13898.719
21.552882	13920.286
21.559265	13898.402
21.565648	13863.862
21.572031	13833.286
21.578413	13809.689
21.584796	13850.641
21.591179	13876.619
21.597562	13910.413
21.603945	13856.404
21.610328	13779.783
21.616710	13818.543
21.623093	13873.797
21.629476	13808.442
21.635859	13855.135
21.642242	13837.518
21.648624	13774.121
21.655007	13781.707
21.661390	13801.181
21.667773	13828.061
21.674156	13833.316
21.680539	13860.390
21.686921	13832.121
21.693304	13815.714
21.699687	13851.504
21.706070	13838.792
21.712453	13874.431
21.718835	13856.420
21.725218	13840.396
21.731601	13761.861
21.737984	13782.615
21.744367	13824.917
21.750750	13847.304
21.757132	13813.014
21.763515	13831.131
21.769898	13849.043
21.776281	13871.720
21.782664	13821.574
21.789046	13784.731
21.795429	13809.013
21.801812	13883.518
21.808195	13860.417
21.814578	13842.826
21.820961	13854.445
21.827343	13840.420
21.833726	13818.669
21.840109	13748.574
21.846492	13788.568
21.852875	13791.409
21.859257	13772.304
21.865640	13809.075
21.872023	13815.122
21.878406	13809.681
21.884789	13847.145
21.891172	13830.546
21.897554	13779.558
21.903937	13791.239
21.910320	13792.286
21.916703	13791.831
21.923086	13771.531
21.929468	13763.842
21.935851	13778.800
21.942234	13818.496
21.948617	13810.420
21.955000	13826.847
21.961383	13782.262
21.967765	13741.758
21.974148	13747.567
21.980531	13812.928
21.986914	13797.647
21.993297	13766.873
21.999679	13779.204
22.006062	13758.504
22.012445	13745.928
22.018828	13742.379
22.025211	13827.496
22.031594	13822.393
22.037976	13760.027
22.044359	13738.146
22.050742	13815.391
22.057125	13850.914
22.063508	13801.225
22.069890	13754.554
22.076273	13808.984
22.082656	13834.850
22.089039	13786.972
22.095422	13762.140
22.101805	13779.750
22.108187	13702.688
22.114570	13798.615
22.120953	13824.580
22.127336	13760.521
22.133719	13718.488
22.140101	13680.952
22.146484	13746.054
22.152867	13810.030
22.159250	13794.809
22.165633	13772.096
22.172016	13745.688
22.178398	13779.736
22.184781	13748.550
22.191164	13741.030
22.197547	13713.007
22.203930	13704.395
22.210312	13743.094
22.216695	13726.729
22.223078	13734.850
22.229461	13692.651
22.235844	13697.459
22.242227	13743.342
22.248609	13661.839
22.254992	13758.517
22.261375	13792.719
22.267758	13756.783
22.274141	13761.302
22.280523	13708.876
22.286906	13648.744
22.293289	13640.798
22.299672	13707.769
22.306055	13770.170
22.312438	13771.180
22.318820	13706.917
22.325203	13740.035
22.331586	13693.350
22.337969	13651.550
22.344352	13668.193
22.350734	13656.244
22.357117	13616.029
22.363500	13656.888
22.369883	13727.908
22.376266	13708.930
22.382649	13764.189
22.389031	13721.708
22.395414	13686.784
22.401797	13684.679
22.408180	13686.844
22.414563	13729.087
22.420945	13703.349
22.427328	13674.390
22.433711	13596.710
22.440094	13628.468
22.446477	13698.439
22.452860	13748.957
22.459242	13747.312
22.465625	13735.079
22.472008	13702.405
22.478391	13665.386
22.484774	13672.506
22.491156	13715.020
22.497539	13690.606
22.503922	13645.185
22.510305	13659.006
22.516688	13683.732
22.523071	13642.990
22.529453	13668.315
22.535836	13665.485
22.542219	13767.530
22.548602	13801.592
22.554985	13689.470
22.561367	13653.300
22.567750	13635.726
22.574133	13707.898
22.580516	13689.027
22.586899	13632.138
22.593282	13627.011
22.599664	13614.455
22.606047	13621.553
22.612430	13615.590
22.618813	13647.362
22.625196	13728.237
22.631578	13673.117
22.637961	13701.349
22.644344	13680.025
22.650727	13709.256
22.657110	13615.400
22.663493	13649.161
22.669875	13671.682
22.676258	13661.829
22.682641	13631.359
22.689024	13641.387
22.695407	13615.553
22.701789	13652.932
22.708172	13663.592
22.714555	13629.950
22.720938	13632.736
22.727321	13596.431
22.733704	13590.494
22.740086	13652.164
22.746469	13566.545
22.752852	13507.084
22.759235	13572.371
22.765618	13552.296
22.772000	13647.486
22.778383	13655.781
22.784766	13645.515
22.791149	13599.310
22.797532	13552.885
22.803915	13609.522
22.810297	13601.942
22.816680	13608.711
22.823063	13628.951
22.829446	13610.081
22.835829	13606.573
22.842211	13602.837
22.848594	13599.248
22.854977	13634.385
22.861360	13550.880
22.867743	13534.258
22.874126	13538.144
22.880508	13519.524
22.886891	13637.615
22.893274	13645.637
22.899657	13496.448
22.906040	13531.382
22.912422	13567.259
22.918805	13525.288
22.925188	13505.088
22.931571	13526.050
22.937954	13544.252
22.944337	13608.580
22.950719	13555.904
22.957102	13573.007
22.963485	13560.909
22.969868	13527.944
22.976251	13569.246
22.982633	13526.022
22.989016	13461.028
22.995399	13522.126
23.001782	13516.280
23.008165	13496.872
23.014548	13547.747
23.020930	13480.595
23.027313	13630.008
23.033696	13582.792
23.040079	13491.139
23.046462	13536.481
23.052844	13516.606
23.059227	13482.687
23.065610	13501.643
23.071993	13494.299
23.078376	13472.320
23.084759	13496.010
23.091141	13513.656
23.097524	13476.143
23.103907	13498.845
23.110290	13533.210
23.116673	13528.076
23.123055	13462.352
23.129438	13446.660
23.135821	13538.473
23.142204	13518.367
23.148587	13511.956
23.154970	13536.343
23.161352	13462.525
23.167735	13393.037
23.174118	13426.677
23.180501	13469.579
23.186884	13548.051
23.193266	13451.894
23.199649	13401.692
23.206032	13450.464
23.212415	13392.921
23.218798	13474.589
23.225181	13482.474
23.231563	13425.915
23.237946	13382.191
23.244329	13411.890
23.250712	13472.104
23.257095	13525.246
23.263477	13492.871
23.269860	13489.519
23.276243	13496.141
23.282626	13465.059
23.289009	13436.640
23.295392	13415.481
23.301774	13489.651
23.308157	13476.909
23.314540	13487.835
23.320923	13459.376
23.327306	13377.885
23.333688	13363.727
23.340071	13447.946
23.346454	13450.417
23.352837	13430.097
23.359220	13432.762
23.365603	13432.566
23.371985	13454.294
23.378368	13417.593
23.384751	13340.420
23.391134	13390.881
23.397517	13472.903
23.403900	13392.888
23.410282	13376.397
23.416665	13404.757
23.423048	13468.251
23.429431	13337.712
23.435814	13388.833
23.442196	13408.692
23.448579	13421.636
23.454962	13436.179
23.461345	13381.808
23.467728	13396.014
23.474111	13335.697
23.480493	13356.560
23.486876	13378.613
23.493259	13343.818
23.499642	13388.558
23.506025	13364.168
23.512407	13406.931
23.518790	13400.117
23.525173	13373.064
23.531556	13326.210
23.537939	13374.526
23.544322	13368.725
23.550704	13387.025
23.557087	13416.496
23.563470	13298.042
23.569853	13330.585
23.576236	13334.674
23.582618	13408.082
23.589001	13340.594
23.595384	13377.801
23.601767	13389.798
23.608150	13387.860
23.614533	13428.214
23.620915	13329.409
23.627298	13288.046
23.633681	13286.081
23.640064	13342.594
23.646447	13361.208
23.652829	13375.339
23.659212	13335.514
23.665595	13336.532
23.671978	13322.906
23.678361	13388.109
23.684744	13361.028
23.691126	13314.162
23.697509	13287.527
23.703892	13293.549
23.710275	13330.776
23.716658	13300.262
23.723040	13297.922
23.729423	13263.523
23.735806	13360.829
23.742189	13338.705
23.748572	13315.525
23.754955	13248.008
23.761337	13302.494
23.767720	13407.892
23.774103	13332.437
23.780486	13352.140
23.786869	13250.536
23.793251	13243.849
23.799634	13347.094
23.806017	13407.768
23.812400	13367.866
23.818783	13381.116
23.825166	13388.271
23.831548	13358.654
23.837931	13222.082
23.844314	13276.665
23.850697	13314.928
23.857080	13306.257
23.863462	13222.496
23.869845	13189.978
23.876228	13310.706
23.882611	13320.274
23.888994	13297.293
23.895377	13358.696
23.901759	13292.137
23.908142	13259.086
23.914525	13368.949
23.920908	13360.381
23.927291	13339.917
23.933673	13310.538
23.940056	13215.990
23.946439	13341.272
23.952822	13306.710
23.959205	13154.396
23.965588	13220.731
23.971970	13312.555
23.978353	13265.022
23.984736	13193.100
23.991119	13234.879
23.997502	13279.351
24.003884	13201.786
24.010267	13213.866
24.016650	13366.710
24.023033	13312.722
24.029416	13268.816
24.035799	13266.179
24.042181	13285.270
24.048564	13264.335
24.054947	13254.669
24.061330	13230.752
24.067713	13278.044
24.074095	13230.798
24.080478	13288.865
24.086861	13331.121
24.093244	13273.298
24.099627	13333.224
24.106010	13222.528
24.112392	13260.424
24.118775	13213.951
24.125158	13137.794
24.131541	13217.784
24.137924	13257.732
24.144306	13337.519
24.150689	13232.353
24.157072	13246.226
24.163455	13218.269
24.169838	13180.535
24.176221	13197.055
24.182603	13236.847
24.188986	13247.909
24.195369	13240.788
24.201752	13211.533
24.208135	13209.386
24.214517	13162.462
24.220900	13111.960
24.227283	13172.156
24.233666	13211.796
24.240049	13190.140
24.246432	13197.753
24.252814	13145.858
24.259197	13227.968
24.265580	13131.512
24.271963	13165.938
24.278346	13239.492
24.284728	13232.737
24.291111	13254.148
24.297494	13127.693
24.303877	13090.515
24.310260	13200.414
24.316643	13251.197
24.323025	13162.053
24.329408	13157.170
24.335791	13167.880
24.342174	13165.377
24.348557	13163.049
24.354939	13128.713
24.361322	13073.744
24.367705	13103.066
24.374088	13112.276
24.380471	13068.668
24.386854	13104.758
24.393236	13127.044
24.399619	13132.709
24.406002	13162.996
24.412385	13059.023
24.418768	13076.928
24.425150	13099.128
24.431533	13078.478
24.437916	13159.365
24.444299	13180.075
24.450682	13153.936
24.457065	13145.946
24.463447	13125.919
24.469830	13090.200
24.476213	13140.615
24.482596	13052.876
24.488979	13067.011
24.495361	13100.599
24.501744	13134.126
24.508127	13160.120
24.514510	13210.262
24.520893	13056.630
24.527276	13152.910
24.533658	13038.335
24.540041	13011.286
24.546424	13096.389
24.552807	13149.843
24.559190	13070.506
24.565572	13026.826
24.571955	13070.385
24.578338	13096.949
24.584721	13105.222
24.591104	13027.494
24.597487	13020.540
24.603869	13031.365
24.610252	12991.350
24.616635	13014.769
24.623018	13055.585
24.629401	13113.646
24.635783	13082.246
24.642166	12958.126
24.648549	13048.990
24.654932	13031.989
24.661315	13000.759
24.667698	12972.178
24.674080	13031.715
24.680463	12994.337
24.686846	12905.910
24.693229	13031.081
24.699612	13038.108
24.705994	13004.858
24.712377	13042.224
24.718760	12969.050
24.725143	13015.461
24.731526	12996.880
24.737909	13038.882
24.744291	12983.771
24.750674	12954.086
24.757057	12999.448
24.763440	13022.931
24.769823	13035.546
24.776205	13014.151
24.782588	12905.303
24.788971	12901.922
24.795354	12930.891
24.801737	12990.361
24.808120	12984.310
24.814502	13000.636
24.820885	13037.231
24.827268	12962.188
24.833651	12894.296
24.840034	13041.243
24.846416	12977.749
24.852799	12942.092
24.859182	12973.631
24.865565	12898.002
24.871948	12927.334
24.878331	12927.563
24.884713	12913.734
24.891096	12952.115
24.897479	12971.277
24.903862	13060.203
24.910245	13005.171
24.916627	12870.656
24.923010	12961.400
24.929393	12883.869
24.935776	12958.274
24.942159	12960.508
24.948542	12969.337
24.954924	13012.583
24.961307	13020.332
24.967690	12993.359
24.974073	12904.470
24.980456	12884.719
24.986838	12965.959
24.993221	12950.507
24.999604	12975.114
25.005987	12857.087
25.012370	12932.137
25.018753	13040.121
25.025135	12988.373
25.031518	12875.442
25.037901	12925.564
25.044284	12902.883
25.050667	12849.681
25.057049	12955.454
25.063432	12945.616
25.069815	12910.368
25.076198	12914.576
25.082581	12983.006
25.088964	12895.644
25.095346	12962.033
25.101729	12902.698
25.108112	12929.620
25.114495	12912.035
25.120878	12805.658
25.127260	12887.761
25.133643	12915.239
25.140026	12945.505
25.146409	12930.005
25.152792	12881.483
25.159175	12918.991
25.165557	12786.829
25.171940	12826.880
25.178323	12889.071
25.184706	12935.292
25.191089	12961.815
25.197471	12898.719
25.203854	12948.572
25.210237	12895.460
25.216620	12851.227
25.223003	12955.937
25.229386	12800.433
25.235768	12845.080
25.242151	12940.274
25.248534	12939.866
25.254917	12957.091
25.261300	12888.110
25.267682	12859.363
25.274065	12828.071
25.280448	12906.888
25.286831	12905.674
25.293214	12912.203
25.299597	12822.417
25.305979	12835.411
25.312362	12839.694
25.318745	12853.731
25.325128	12847.247
25.331511	12926.606
25.337893	12940.791
25.344276	12807.043
25.350659	12807.219
25.357042	12830.723
25.363425	12868.989
25.369808	12778.994
25.376190	12784.652
25.382573	12848.812
25.388956	12881.029
25.395339	12869.131
25.401722	12758.992
25.408104	12807.674
25.414487	12845.551
25.420870	12881.170
25.427253	12815.076
25.433636	12740.890
25.440019	12890.859
25.446401	12759.310
25.452784	12760.984
25.459167	12789.962
25.465550	12865.815
25.471933	12813.124
25.478315	12869.770
25.484698	12838.943
25.491081	12851.260
25.497464	12846.425
25.503847	12841.445
25.510230	12725.715
25.516612	12742.821
25.522995	12854.889
25.529378	12723.956
25.535761	12740.465
25.542144	12790.824
25.548526	12758.792
25.554909	12842.945
25.561292	12819.994
25.567675	12735.879
25.574058	12762.754
25.580441	12724.447
25.586823	12784.905
25.593206	12809.241
25.599589	12780.249
25.605972	12742.258
25.612355	12741.471
25.618737	12822.225
25.625120	12764.002
25.631503	12757.506
25.637886	12735.539
25.644269	12793.513
25.650652	12773.899
25.657034	12827.213
25.663417	12773.782
25.669800	12698.570
25.676183	12638.135
25.682566	12748.608
25.688948	12673.275
25.695331	12801.807
25.701714	12678.063
25.708097	12847.021
25.714480	12778.702
25.720863	12701.996
25.727245	12686.003
25.733628	12750.683
25.740011	12767.382
25.746394	12691.817
25.752777	12723.012
25.759159	12790.716
25.765542	12768.479
25.771925	12735.451
25.778308	12697.184
25.784691	12639.258
25.791074	12760.283
25.797456	12718.166
25.803839	12598.963
25.810222	12644.346
25.816605	12675.850
25.822988	12706.260
25.829370	12601.399
25.835753	12717.694
25.842136	12671.212
25.848519	12652.242
25.854902	12784.255
25.861285	12773.794
25.867667	12607.720
25.874050	12698.789
25.880433	12715.068
25.886816	12654.324
25.893199	12763.998
25.899581	12725.693
25.905964	12693.209
25.912347	12633.786
25.918730	12686.625
25.925113	12649.637
25.931496	12554.201
25.937878	12674.171
25.944261	12693.358
25.950644	12628.800
25.957027	12697.019
25.963410	12677.961
25.969792	12716.403
25.976175	12642.284
25.982558	12649.550
25.988941	12647.227
25.995324	12599.088
26.001707	12684.529
26.008089	12664.233
26.014472	12724.854
26.020855	12737.325
26.027238	12737.460
26.033621	12693.770
26.040003	12493.632
26.046386	12546.795
26.052769	12691.378
26.059152	12707.924
26.065535	12640.685
26.071918	12583.209
26.078300	12673.344
26.084683	12654.955
26.091066	12686.366
26.097449	12605.095
26.103832	12671.595
26.110214	12618.637
26.116597	12722.095
26.122980	12709.031
26.129363	12588.104
26.135746	12599.683
26.142129	12609.990
26.148511	12588.968
26.154894	12619.282
26.161277	12614.189
26.167660	12614.979
26.174043	12639.518
26.180425	12634.306
26.186808	12609.730
26.193191	12721.279
26.199574	12707.086
26.205957	12646.656
26.212340	12591.574
26.218722	12701.749
26.225105	12738.025
26.231488	12614.554
26.237871	12718.432
26.244254	12703.504
26.250636	12616.999
26.257019	12629.557
26.263402	12487.669
26.269785	12527.217
26.276168	12641.979
26.282551	12631.175
26.288933	12566.017
26.295316	12560.080
26.301699	12494.457
26.308082	12414.348
26.314465	12455.137
26.320847	12584.271
26.327230	12568.786
26.333613	12650.941
26.339996	12515.014
26.346379	12586.583
26.352762	12599.740
26.359144	12558.935
26.365527	12479.353
26.371910	12556.758
26.378293	12529.950
26.384676	12536.518
26.391058	12518.160
26.397441	12579.037
26.403824	12468.020
26.410207	12506.753
26.416590	12631.921
26.422973	12600.785
26.429355	12557.571
26.435738	12669.001
26.442121	12704.493
26.448504	12521.982
26.454887	12432.785
26.461269	12454.084
26.467652	12474.517
26.474035	12461.580
26.480418	12461.652
26.486801	12464.018
26.493184	12433.859
26.499566	12456.679
26.505949	12514.409
26.512332	12640.162
26.518715	12579.975
26.525098	12410.456
26.531480	12457.492
26.537863	12506.633
26.544246	12415.304
26.550629	12475.960
26.557012	12551.132
26.563395	12483.077
26.569777	12442.925
26.576160	12407.076
26.582543	12493.932
26.588926	12462.463
26.595309	12517.206
26.601692	12372.624
26.608074	12425.814
26.614457	12473.068
26.620840	12509.472
26.627223	12446.853
26.633606	12534.748
26.639988	12565.140
26.646371	12511.112
26.652754	12598.449
26.659137	12574.765
26.665520	12475.356
26.671903	12427.303
26.678285	12462.658
26.684668	12442.727
26.691051	12513.213
26.697434	12406.938
26.703817	12411.378
26.710199	12417.683
26.716582	12374.420
26.722965	12372.144
26.729348	12389.249
26.735731	12435.881
26.742114	12442.635
26.748496	12456.071
26.754879	12399.776
26.761262	12294.791
26.767645	12527.800
26.774028	12484.743
26.780410	12369.681
26.786793	12411.306
26.793176	12368.844
26.799559	12373.727
26.805942	12352.900
26.812325	12475.826
26.818707	12379.245
26.825090	12395.746
26.831473	12506.213
26.837856	12446.402
26.844239	12320.510
26.850621	12303.233
26.857004	12402.129
26.863387	12424.657
26.869770	12429.146
26.876153	12435.027
26.882536	12445.710
26.888918	12416.637
26.895301	12407.720
26.901684	12291.214
26.908067	12418.386
26.914450	12324.447
26.920832	12388.092
26.927215	12428.612
26.933598	12426.773
26.939981	12392.744
26.946364	12360.652
26.952747	12507.535
26.959129	12529.062
26.965512	12391.258
26.971895	12565.057
26.978278	12389.420
26.984661	12356.421
26.991043	12413.486
26.997426	12291.167
27.003809	12458.952
27.010192	12376.827
27.016575	12404.450
27.022958	12483.225
27.029340	12471.209
27.035723	12423.125
27.042106	12286.045
27.048489	12293.981
27.054872	12448.026
27.061254	12474.057
27.067637	12413.030
27.074020	12319.205
27.080403	12335.590
27.086786	12209.958
27.093169	12208.885
27.099551	12312.096
27.105934	12375.798
27.112317	12342.690
27.118700	12388.708
27.125083	12297.601
27.131465	12278.883
27.137848	12327.236
27.144231	12451.024
27.150614	12392.805
27.156997	12368.406
27.163380	12442.496
27.169762	12388.611
27.176145	12305.161
27.182528	12447.315
27.188911	12409.539
27.195294	12389.590
27.201676	12310.644
27.208059	12362.847
27.214442	12257.505
27.220825	12314.356
27.227208	12355.473
27.233591	12267.417
27.239973	12321.232
27.246356	12360.687
27.252739	12139.447
27.259122	12199.216
27.265505	12406.181
27.271887	12341.214
27.278270	12374.682
27.284653	12283.409
27.291036	12338.948
27.297419	12383.442
27.303802	12305.255
27.310184	12367.656
27.316567	12325.818
27.322950	12264.835
27.329333	12434.626
27.335716	12349.036
27.342098	12246.642
27.348481	12229.021
27.354864	12370.852
27.361247	12355.478
27.367630	12355.613
27.374013	12307.155
27.380395	12353.466
27.386778	12249.345
27.393161	12341.362
27.399544	12256.863
27.405927	12267.383
27.412309	12280.504
27.418692	12340.891
27.425075	12189.756
27.431458	12197.113
27.437841	12268.404
27.444224	12368.947
27.450606	12151.311
27.456989	12200.745
27.463372	12174.778
27.469755	12274.156
27.476138	12376.456
27.482520	12329.022
27.488903	12377.855
27.495286	12181.354
27.501669	12281.409
27.508052	12155.802
27.514435	12174.204
27.520817	12398.873
27.527200	12323.953
27.533583	12276.315
27.539966	12368.439
27.546349	12276.462
27.552731	12300.476
27.559114	12124.864
27.565497	12139.004
27.571880	12308.561
27.578263	12369.588
27.584646	12323.154
27.591028	12367.263
27.597411	12260.337
27.603794	12278.564
27.610177	12364.236
27.616560	12246.966
27.622942	12359.671
27.629325	12135.965
27.635708	12255.799
27.642091	12192.402
27.648474	12236.561
27.654857	12148.710
27.661239	12263.067
27.667622	12176.285
27.674005	12264.173
27.680388	12255.884
27.686771	12260.638
27.693153	12206.685
27.699536	12289.426
27.705919	12139.394
27.712302	12227.428
27.718685	12202.291
27.725068	12138.829
27.731450	12256.299
27.737833	12107.713
27.744216	11968.580
27.750599	12144.390
27.756982	0.0000000
27.763364	0.0000000
27.769747	0.0000000
27.776130	0.0000000
27.782513	0.0000000
27.788896	0.0000000
27.795279	0.0000000
27.801661	0.0000000
27.808044	0.0000000
27.814427	0.0000000
27.820810	0.0000000
27.827193	0.0000000
27.833575	0.0000000
27.839958	0.0000000
27.846341	0.0000000
27.852724	0.0000000
27.859107	0.0000000
27.865490	0.0000000
27.871872	0.0000000
27.878255	0.0000000
27.884638	0.0000000
27.891021	0.0000000
27.897404	0.0000000
27.903786	0.0000000
27.910169	0.0000000
27.916552	0.0000000
27.922935	0.0000000
27.929318	0.0000000
27.935701	0.0000000
27.942083	0.0000000
27.948466	0.0000000
27.954849	0.0000000
27.961232	0.0000000
27.967615	0.0000000
27.973997	0.0000000
27.980380	0.0000000
27.986763	0.0000000
27.993146	0.0000000
27.999529	0.0000000
28.005912	0.0000000
28.012294	0.0000000
28.018677	0.0000000
28.025060	0.0000000
28.031443	0.0000000
28.037826	0.0000000
28.044208	0.0000000
28.050591	0.0000000
28.056974	0.0000000
28.063357	0.0000000
28.069740	0.0000000
28.076123	0.0000000
28.082505	0.0000000
28.088888	0.0000000
28.095271	0.0000000
28.101654	0.0000000
28.108037	0.0000000
28.114419	0.0000000
28.120802	0.0000000
28.127185	0.0000000
28.133568	0.0000000
28.139951	0.0000000
28.146334	0.0000000
28.152716	0.0000000
28.159099	0.0000000
28.165482	0.0000000
28.171865	0.0000000
28.178248	0.0000000
28.184630	0.0000000
28.191013	0.0000000
28.197396	0.0000000
28.203779	0.0000000
28.210162	0.0000000
28.216545	0.0000000
28.222927	0.0000000
28.229310	0.0000000
28.235693	0.0000000
28.242076	0.0000000
28.248459	0.0000000
28.254841	0.0000000
28.261224	0.0000000
28.267607	0.0000000
28.273990	0.0000000
28.280373	0.0000000
28.286756	0.0000000
28.293138	0.0000000
28.299521	0.0000000
28.305904	0.0000000
28.312287	0.0000000
28.318670	0.0000000
28.325052	0.0000000
28.331435	0.0000000
28.337818	0.0000000
28.344201	0.0000000
28.350584	0.0000000
28.356967	0.0000000
28.363349	0.0000000
28.369732	0.0000000
28.376115	0.0000000
28.382498	0.0000000
28.388881	0.0000000
28.395263	0.0000000
28.401646	0.0000000
28.408029	0.0000000
28.414412	0.0000000
28.420795	0.0000000
28.427178	0.0000000
28.433560	0.0000000
28.439943	0.0000000
28.446326	0.0000000
28.452709	0.0000000
28.459092	0.0000000
28.465474	0.0000000
28.471857	0.0000000
28.478240	0.0000000
28.484623	0.0000000
28.491006	0.0000000
28.497389	0.0000000
28.503771	0.0000000
28.510154	0.0000000
28.516537	0.0000000
28.522920	0.0000000
28.529303	0.0000000
28.535685	0.0000000
28.542068	0.0000000
28.548451	0.0000000
28.554834	0.0000000
28.561217	0.0000000
28.567600	0.0000000
28.573982	0.0000000
28.580365	0.0000000
28.586748	0.0000000
28.593131	0.0000000
28.599514	0.0000000
28.605896	0.0000000
28.612279	0.0000000
28.618662	0.0000000
28.625045	0.0000000
28.631428	0.0000000
28.637811	0.0000000
28.644193	0.0000000
28.650576	0.0000000
28.656959	0.0000000
28.663342	0.0000000
28.669725	0.0000000
28.676107	0.0000000
28.682490	0.0000000
28.688873	0.0000000
28.695256	0.0000000
28.701639	0.0000000
28.708022	0.0000000
28.714404	0.0000000
28.720787	0.0000000
28.727170	0.0000000
28.733553	0.0000000
28.739936	0.0000000
28.746318	0.0000000
28.752701	0.0000000
28.759084	0.0000000
28.765467	0.0000000
28.771850	0.0000000
28.778233	0.0000000
28.784615	0.0000000
28.790998	0.0000000
28.797381	0.0000000
28.803764	0.0000000
28.810147	0.0000000
28.816529	0.0000000
28.822912	0.0000000
28.829295	0.0000000
28.835678	0.0000000
28.842061	0.0000000
28.848444	0.0000000
28.854826	0.0000000
28.861209	0.0000000
28.867592	0.0000000
28.873975	0.0000000
28.880358	0.0000000
28.886740	0.0000000
28.893123	0.0000000
28.899506	0.0000000
28.905889	0.0000000
28.912272	0.0000000
28.918655	0.0000000
28.925037	0.0000000
28.931420	0.0000000
28.937803	0.0000000
28.944186	0.0000000
28.950569	0.0000000
28.956951	0.0000000
28.963334	0.0000000
28.969717	0.0000000
28.976100	0.0000000
28.982483	0.0000000
28.988866	0.0000000
28.995248	0.0000000
29.001631	0.0000000
29.008014	0.0000000
29.014397	0.0000000
29.020780	0.0000000
29.027162	0.0000000
29.033545	0.0000000
29.039928	0.0000000
29.046311	0.0000000
29.052694	0.0000000
29.059077	0.0000000
29.065459	0.0000000
29.071842	0.0000000
29.078225	0.0000000
29.084608	0.0000000
29.090991	0.0000000
29.097373	0.0000000
29.103756	0.0000000
29.110139	0.0000000
29.116522	0.0000000
29.122905	0.0000000
29.129288	0.0000000
29.135670	0.0000000
29.142053	0.0000000
29.148436	0.0000000
29.154819	0.0000000
29.161202	0.0000000
29.167584	0.0000000
29.173967	0.0000000
29.180350	0.0000000
29.186733	0.0000000
29.193116	0.0000000
29.199499	0.0000000
29.205881	0.0000000
29.212264	0.0000000
29.218647	0.0000000
29.225030	0.0000000
29.231413	0.0000000
29.237795	0.0000000
29.244178	0.0000000
29.250561	0.0000000
29.256944	0.0000000
29.263327	0.0000000
29.269710	0.0000000
29.276092	0.0000000
29.282475	0.0000000
29.288858	0.0000000
29.295241	0.0000000
29.301624	0.0000000
29.308006	0.0000000
29.314389	0.0000000
29.320772	0.0000000
29.327155	0.0000000
29.333538	0.0000000
29.339921	0.0000000
29.346303	0.0000000
29.352686	0.0000000
29.359069	0.0000000
29.365452	0.0000000
29.371835	0.0000000
29.378217	0.0000000
29.384600	0.0000000
29.390983	0.0000000
29.397366	0.0000000
29.403749	0.0000000
29.410132	0.0000000
29.416514	0.0000000
29.422897	0.0000000
29.429280	0.0000000
29.435663	0.0000000
29.442046	0.0000000
29.448428	0.0000000
29.454811	0.0000000
29.461194	0.0000000
29.467577	0.0000000
29.473960	0.0000000
29.480343	0.0000000
29.486725	0.0000000
29.493108	0.0000000
29.499491	0.0000000
29.505874	0.0000000
29.512257	0.0000000
29.518639	0.0000000
29.525022	0.0000000
29.531405	0.0000000
29.537788	0.0000000
29.544171	0.0000000
29.550554	0.0000000
29.556936	0.0000000
29.563319	0.0000000
29.569702	0.0000000
29.576085	0.0000000
29.582468	0.0000000
29.588850	0.0000000
29.595233	0.0000000
29.601616	0.0000000
29.607999	0.0000000
29.614382	0.0000000
29.620765	0.0000000
29.627147	0.0000000
29.633530	0.0000000
29.639913	0.0000000
29.646296	0.0000000
29.652679	0.0000000
29.659061	0.0000000
29.665444	0.0000000
29.671827	0.0000000
29.678210	0.0000000
29.684593	0.0000000
29.690976	0.0000000
29.697358	0.0000000
29.703741	0.0000000
29.710124	0.0000000
29.716507	0.0000000
29.722890	0.0000000
29.729272	0.0000000
29.735655	0.0000000
29.742038	0.0000000
29.748421	0.0000000
29.754804	0.0000000
29.761187	0.0000000
29.767569	0.0000000
29.773952	0.0000000
29.780335	0.0000000
29.786718	0.0000000
29.793101	0.0000000
29.799484	0.0000000
29.805866	0.0000000
29.812249	0.0000000
29.818632	0.0000000
29.825015	0.0000000
29.831398	0.0000000
29.837780	0.0000000
29.844163	0.0000000
29.850546	0.0000000
29.856929	0.0000000
29.863312	0.0000000
29.869695	0.0000000
29.876077	0.0000000
29.882460	0.0000000
29.888843	0.0000000
29.895226	0.0000000
29.901609	0.0000000
29.907991	0.0000000
29.914374	0.0000000
29.920757	0.0000000
29.927140	0.0000000
29.933523	0.0000000
29.939906	0.0000000
29.946288	0.0000000
29.952671	0.0000000
29.959054	0.0000000
29.965437	0.0000000
29.971820	0.0000000
29.978202	0.0000000
29.984585	0.0000000
29.990968	0.0000000
29.997351	0.0000000
30.003734	0.0000000
30.010117	0.0000000
30.016499	0.0000000
30.022882	0.0000000
30.029265	0.0000000
30.035648	0.0000000
30.042031	0.0000000
30.048413	0.0000000
30.054796	0.0000000
30.061179	0.0000000
30.067562	0.0000000
30.073945	0.0000000
30.080328	0.0000000
30.086710	0.0000000
30.093093	0.0000000
30.099476	0.0000000
30.105859	0.0000000
30.112242	0.0000000
30.118624	0.0000000
30.125007	0.0000000
30.131390	0.0000000
30.137773	0.0000000
30.144156	0.0000000
30.150539	0.0000000
30.156921	0.0000000
30.163304	0.0000000
30.169687	0.0000000
30.176070	0.0000000
30.182453	0.0000000
30.188835	0.0000000
30.195218	0.0000000
30.201601	0.0000000
30.207984	0.0000000
30.214367	0.0000000
30.220750	0.0000000
30.227132	0.0000000
30.233515	0.0000000
30.239898	0.0000000
30.246281	0.0000000
30.252664	0.0000000
30.259046	0.0000000
30.265429	0.0000000
30.271812	0.0000000
30.278195	0.0000000
30.284578	0.0000000
30.290961	0.0000000
30.297343	0.0000000
30.303726	0.0000000
30.310109	0.0000000
30.316492	0.0000000
30.322875	0.0000000
30.329257	0.0000000
30.335640	0.0000000
30.342023	0.0000000
30.348406	0.0000000
30.354789	0.0000000
30.361172	0.0000000
30.367554	0.0000000
30.373937	0.0000000
30.380320	0.0000000
30.386703	0.0000000
30.393086	0.0000000
30.399468	0.0000000
30.405851	0.0000000
30.412234	0.0000000
30.418617	0.0000000
30.425000	0.0000000
30.431383	0.0000000
30.437765	0.0000000
30.444148	0.0000000
30.450531	0.0000000
30.456914	0.0000000
30.463297	0.0000000
30.469679	0.0000000
30.476062	0.0000000
30.482445	0.0000000
30.488828	0.0000000
30.495211	0.0000000
30.501594	0.0000000
30.507976	0.0000000
30.514359	0.0000000
30.520742	0.0000000
30.527125	0.0000000
30.533508	0.0000000
30.539890	0.0000000
30.546273	0.0000000
30.552656	0.0000000
30.559039	0.0000000
30.565422	0.0000000
30.571805	0.0000000
30.578187	0.0000000
30.584570	0.0000000
30.590953	0.0000000
30.597336	0.0000000
30.603719	0.0000000
30.610101	0.0000000
30.616484	0.0000000
30.622867	0.0000000
30.629250	0.0000000
30.635633	0.0000000
30.642016	0.0000000
30.648398	0.0000000
30.654781	0.0000000
30.661164	0.0000000
30.667547	0.0000000
30.673930	0.0000000
30.680312	0.0000000
30.686695	0.0000000
30.693078	0.0000000
30.699461	0.0000000
30.705844	0.0000000
30.712227	0.0000000
30.718609	0.0000000
30.724992	0.0000000
30.731375	0.0000000
30.737758	0.0000000
30.744141	0.0000000
30.750523	0.0000000
30.756906	0.0000000
30.763289	0.0000000
30.769672	0.0000000
30.776055	0.0000000
30.782438	0.0000000
30.788820	0.0000000
30.795203	0.0000000
30.801586	0.0000000
30.807969	0.0000000
30.814352	0.0000000
30.820734	0.0000000
30.827117	0.0000000
30.833500	0.0000000
30.839883	0.0000000
30.846266	0.0000000
30.852649	0.0000000
30.859031	0.0000000
30.865414	0.0000000
30.871797	0.0000000
30.878180	0.0000000
30.884563	0.0000000
30.890945	0.0000000
30.897328	0.0000000
30.903711	0.0000000
30.910094	0.0000000
30.916477	0.0000000
30.922860	0.0000000
30.929242	0.0000000
30.935625	0.0000000
30.942008	0.0000000
30.948391	0.0000000
30.954774	0.0000000
30.961156	0.0000000
30.967539	0.0000000
30.973922	0.0000000
30.980305	0.0000000
30.986688	0.0000000
30.993071	0.0000000
30.999453	0.0000000
31.005836	0.0000000
31.012219	0.0000000
31.018602	0.0000000
31.024985	0.0000000
31.031367	0.0000000
31.037750	0.0000000
31.044133	0.0000000
31.050516	0.0000000
31.056899	0.0000000
31.063282	0.0000000
31.069664	0.0000000
31.076047	0.0000000
31.082430	0.0000000
31.088813	0.0000000
31.095196	0.0000000
31.101578	0.0000000
31.107961	0.0000000
31.114344	0.0000000
31.120727	0.0000000
31.127110	0.0000000
31.133493	0.0000000
31.139875	0.0000000
31.146258	0.0000000
31.152641	0.0000000
31.159024	0.0000000
31.165407	0.0000000
31.171789	0.0000000
31.178172	0.0000000
31.184555	0.0000000
31.190938	0.0000000
31.197321	0.0000000
31.203704	0.0000000
31.210086	0.0000000
31.216469	0.0000000
31.222852	0.0000000
31.229235	0.0000000
31.235618	0.0000000
31.242000	0.0000000
31.248383	0.0000000
31.254766	0.0000000
31.261149	0.0000000
31.267532	0.0000000
31.273915	0.0000000
31.280297	0.0000000
31.286680	0.0000000
31.293063	0.0000000
31.299446	0.0000000
31.305829	0.0000000
31.312211	0.0000000
31.318594	0.0000000
31.324977	0.0000000
31.331360	0.0000000
31.337743	0.0000000
31.344126	0.0000000
31.350508	0.0000000
31.356891	0.0000000
31.363274	0.0000000
31.369657	0.0000000
31.376040	0.0000000
31.382422	0.0000000
31.388805	0.0000000
31.395188	0.0000000
31.401571	0.0000000
31.407954	0.0000000
31.414337	0.0000000
31.420719	0.0000000
31.427102	0.0000000
31.433485	0.0000000
31.439868	0.0000000
31.446251	0.0000000
31.452633	0.0000000
31.459016	0.0000000
31.465399	0.0000000
31.471782	0.0000000
31.478165	0.0000000
31.484548	0.0000000
31.490930	0.0000000
31.497313	0.0000000
31.503696	0.0000000
31.510079	0.0000000
31.516462	0.0000000
31.522844	0.0000000
31.529227	0.0000000
31.535610	0.0000000
31.541993	0.0000000
31.548376	0.0000000
31.554759	0.0000000
31.561141	0.0000000
31.567524	0.0000000
31.573907	0.0000000
31.580290	0.0000000
31.586673	0.0000000
31.593055	0.0000000
31.599438	0.0000000
31.605821	0.0000000
31.612204	0.0000000
31.618587	0.0000000
31.624970	0.0000000
31.631352	0.0000000
31.637735	0.0000000
31.644118	0.0000000
31.650501	0.0000000
31.656884	0.0000000
31.663266	0.0000000
31.669649	0.0000000
31.676032	0.0000000
31.682415	0.0000000
31.688798	0.0000000
31.695181	0.0000000
31.701563	0.0000000
31.707946	0.0000000
31.714329	0.0000000
31.720712	0.0000000
31.727095	0.0000000
31.733477	0.0000000
31.739860	0.0000000
31.746243	0.0000000
31.752626	0.0000000
31.759009	0.0000000
31.765392	0.0000000
31.771774	0.0000000
31.778157	0.0000000
31.784540	0.0000000
31.790923	0.0000000
31.797306	0.0000000
31.803688	0.0000000
31.810071	0.0000000
31.816454	0.0000000
31.822837	0.0000000
31.829220	0.0000000
31.835603	0.0000000
31.841985	0.0000000
31.848368	0.0000000
31.854751	0.0000000
31.861134	0.0000000
31.867517	0.0000000
31.873899	0.0000000
31.880282	0.0000000
31.886665	0.0000000
31.893048	0.0000000
31.899431	0.0000000
31.905814	0.0000000
31.912196	0.0000000
31.918579	0.0000000
