0.010870201	0.0000000
0.017253020	0.0000000
0.023635838	0.0000000
0.030018656	0.0000000
0.036401475	0.0000000
0.042784293	0.0000000
0.049167111	0.0000000
0.055549930	0.0000000
0.061932748	0.0000000
0.068315566	0.0000000
0.074698385	0.0000000
0.081081203	0.0000000
0.087464022	0.0000000
0.093846840	0.0000000
0.10022966	0.0000000
0.10661248	0.0000000
0.11299529	0.0000000
0.11937811	0.0000000
0.12576093	0.0000000
0.13214375	0.0000000
0.13852657	0.0000000
0.14490939	0.0000000
0.15129221	0.0000000
0.15767502	0.0000000
0.16405784	0.0000000
0.17044066	0.0000000
0.17682348	0.0000000
0.18320630	0.0000000
0.18958912	0.0000000
0.19597193	0.0000000
0.20235475	8033.8517
0.20873757	8048.4084
0.21512039	7138.8843
0.22150321	5723.2217
0.22788603	4924.5494
0.23426884	3646.1448
0.24065166	2417.1231
0.24703448	1555.1012
0.25341730	841.73306
0.25980012	225.00040
0.26618294	-269.66240
0.27256575	-587.68060
0.27894857	-1030.9480
0.28533139	-1219.3975
0.29171421	-1320.2648
0.29809703	-1492.5320
0.30447985	-1594.0221
0.31086266	-1833.7602
0.31724548	-1870.9789
0.32362830	-2056.5233
0.33001112	-2505.4266
0.33639394	-2554.5668
0.34277676	-2670.3876
0.34915957	-2592.8960
0.35554239	-2770.0708
0.36192521	-2523.5468
0.36830803	-2590.6144
0.37469085	-2444.7503
0.38107367	-2144.6005
0.38745648	-1790.5764
0.39383930	-1432.0448
0.40022212	-1396.2782
0.40660494	-1319.8388
0.41298776	-1426.2114
0.41937058	-1494.3019
0.42575339	-1656.0624
0.43213621	-1711.8758
0.43851903	-1596.4940
0.44490185	-1625.5636
0.45128467	-1653.4205
0.45766749	-1746.7604
0.46405030	-1762.4226
0.47043312	-1755.7735
0.47681594	-1740.4495
0.48319876	-1684.6860
0.48958158	-1671.1323
0.49596440	-1623.5994
0.50234722	-1729.2867
0.50873003	-1769.3539
0.51511285	-1865.8499
0.52149567	-1823.3600
0.52787849	-1810.6053
0.53426131	-1713.3621
0.54064413	-1704.2601
0.54702694	-1677.6757
0.55340976	-1722.5829
0.55979258	-1752.5783
0.56617540	-1746.0068
0.57255822	-1678.2697
0.57894104	-1624.8581
0.58532385	-1593.0627
0.59170667	-1529.4537
0.59808949	-1473.5375
0.60447231	-1297.2987
0.61085513	-1107.0381
0.61723795	-761.12751
0.62362076	-549.70620
0.63000358	-331.39702
0.63638640	-145.93754
0.64276922	59.209190
0.64915204	156.73092
0.65553486	225.56322
0.66191767	282.57951
0.66830049	315.14619
0.67468331	328.47404
0.68106613	195.24717
0.68744895	86.291918
0.69383177	18.148938
0.70021458	-39.388553
0.70659740	-31.137152
0.71298022	-39.693997
0.71936304	-35.301201
0.72574586	13.344915
0.73212868	34.584212
0.73851149	146.64581
0.74489431	195.56176
0.75127713	327.06681
0.75765995	407.58505
0.76404277	477.54396
0.77042559	568.98932
0.77680840	684.21248
0.78319122	840.56210
0.78957404	952.60354
0.79595686	1140.1301
0.80233968	1370.5618
0.80872250	1695.2888
0.81510531	2140.5940
0.82148813	2488.1125
0.82787095	2811.0502
0.83425377	3151.5410
0.84063659	3519.5975
0.84701941	3890.4426
0.85340223	4014.9865
0.85978504	4065.0130
0.86616786	4048.6035
0.87255068	3999.2662
0.87893350	3931.0615
0.88531632	3739.9336
0.89169914	3506.2199
0.89808195	3282.3624
0.90446477	3063.3827
0.91084759	2955.3540
0.91723041	2932.7619
0.92361323	2908.5214
0.92999605	2870.8757
0.93637886	2944.9162
0.94276168	2986.5751
0.94914450	3008.8727
0.95552732	3045.4941
0.96191014	3144.1009
0.96829296	3337.0175
0.97467577	3473.2353
0.98105859	3537.8344
0.98744141	3561.3323
0.99382423	3592.3446
1.0002070	3641.0313
1.0065899	3783.2187
1.0129727	3950.2644
1.0193555	4053.5004
1.0257383	4133.1129
1.0321211	4216.2364
1.0385040	4275.4090
1.0448868	4377.4303
1.0512696	4490.7888
1.0576524	4643.1374
1.0640352	4708.8404
1.0704180	4788.2636
1.0768009	4830.0430
1.0831837	4970.7209
1.0895665	5070.3330
1.0959493	5125.0292
1.1023321	5190.4996
1.1087150	5301.3583
1.1150978	5493.7022
1.1214806	5741.0858
1.1278634	6103.2465
1.1342462	6616.3315
1.1406291	7288.7470
1.1470119	8415.6099
1.1533947	10046.579
1.1597775	12898.998
1.1661603	17620.263
1.1725431	25030.824
1.1789260	37992.218
1.1853088	53109.789
1.1916916	74747.393
1.1980744	95527.582
1.2044572	115917.17
1.2108401	134560.86
1.2172229	148290.91
1.2236057	160463.23
1.2299885	167591.73
1.2363713	170384.65
1.2427541	166851.75
1.2491370	156587.26
1.2555198	139937.68
1.2619026	121244.48
1.2682854	98676.483
1.2746682	78372.719
1.2810511	59911.761
1.2874339	44369.291
1.2938167	32751.591
1.3001995	24524.073
1.3065823	19600.427
1.3129651	16804.889
1.3193480	15701.999
1.3257308	15779.830
1.3321136	16918.708
1.3384964	19477.484
1.3448792	24264.826
1.3512621	31916.440
1.3576449	46982.357
1.3640277	69447.797
1.3704105	108040.31
1.3767933	160436.30
1.3831761	222910.50
1.3895590	296440.67
1.3959418	359872.42
1.4023246	422530.42
1.4087074	468858.94
1.4150902	507043.85
1.4214731	533775.26
1.4278559	544467.67
1.4342387	534429.81
1.4406215	505398.65
1.4470043	451810.01
1.4533872	387428.21
1.4597700	319928.91
1.4661528	246299.91
1.4725356	188509.39
1.4789184	132845.42
1.4853012	94981.201
1.4916841	65628.221
1.4980669	47802.059
1.5044497	38327.425
1.5108325	34150.403
1.5172153	34622.346
1.5235982	40015.851
1.5299810	51411.132
1.5363638	71523.130
1.5427466	103818.58
1.5491294	143338.31
1.5555122	194477.98
1.5618951	242199.75
1.5682779	288678.87
1.5746607	327733.39
1.5810435	357828.29
1.5874263	382103.01
1.5938092	395445.29
1.6001920	397059.56
1.6065748	383294.33
1.6129576	352591.30
1.6193404	310400.61
1.6257232	262282.46
1.6321061	209990.28
1.6384889	164107.29
1.6448717	122020.53
1.6512545	90741.861
1.6576373	67001.335
1.6640202	53310.639
1.6704030	47133.560
1.6767858	48747.868
1.6831686	56666.786
1.6895514	75238.430
1.6959342	100838.29
1.7023171	137762.91
1.7086999	179826.21
1.7150827	220593.92
1.7214655	261541.11
1.7278483	291865.82
1.7342312	318957.60
1.7406140	337349.87
1.7469968	348493.43
1.7533796	348717.11
1.7597624	336637.66
1.7661453	307644.87
1.7725281	273106.61
1.7789109	229664.40
1.7852937	185726.45
1.7916765	146714.24
1.7980593	109232.57
1.8044422	82844.383
1.8108250	60904.041
1.8172078	47798.964
1.8235906	39489.116
1.8299734	35366.712
1.8363563	33338.076
1.8427391	32300.913
1.8491219	31790.522
1.8555047	31295.989
1.8618875	30866.027
1.8682703	30444.824
1.8746532	29978.631
1.8810360	29495.884
1.8874188	28955.530
1.8938016	28536.878
1.9001844	28353.534
1.9065673	28588.313
1.9129501	29542.551
1.9193329	31404.732
1.9257157	34404.938
1.9320985	39218.420
1.9384813	45026.180
1.9448642	53025.056
1.9512470	62427.632
1.9576298	75049.794
1.9640126	91745.812
1.9703954	111469.93
1.9767783	137313.67
1.9831611	161098.26
1.9895439	184821.57
1.9959267	202885.94
2.0023095	216265.84
2.0086923	224918.20
2.0150752	228929.54
2.0214580	227676.55
2.0278408	220359.53
2.0342236	205271.43
2.0406064	183639.97
2.0469893	159884.39
2.0533721	130918.65
2.0597549	106794.07
2.0661377	82609.850
2.0725205	63905.616
2.0789034	49084.039
2.0852862	38739.254
2.0916690	32728.864
2.0980518	29195.737
2.1044346	27763.019
2.1108174	27215.162
2.1172003	27385.388
2.1235831	27872.995
2.1299659	28678.059
2.1363487	29561.725
2.1427315	30722.062
2.1491144	32126.818
2.1554972	34065.785
2.1618800	36533.962
2.1682628	39187.160
2.1746456	41876.667
2.1810284	44158.880
2.1874113	46179.349
2.1937941	47737.536
2.2001769	48864.218
2.2065597	49342.095
2.2129425	48894.917
2.2193254	47273.165
2.2257082	44732.421
2.2320910	41019.969
2.2384738	37309.719
2.2448566	33465.302
2.2512394	29976.340
2.2576223	26993.929
2.2640051	24570.138
2.2703879	23137.218
2.2767707	22482.585
2.2831535	22886.309
2.2895364	24621.497
2.2959192	28488.368
2.3023020	35122.075
2.3086848	48176.724
2.3150676	66034.815
2.3214504	93690.062
2.3278333	125739.52
2.3342161	159947.42
2.3405989	195294.10
2.3469817	223214.88
2.3533645	249380.28
2.3597474	268191.07
2.3661302	282267.06
2.3725130	288546.35
2.3788958	284398.51
2.3852786	268397.45
2.3916615	244738.03
2.3980443	212013.24
2.4044271	178813.42
2.4108099	147286.31
2.4171927	119799.97
2.4235755	99890.335
2.4299584	87395.898
2.4363412	81957.784
2.4427240	81822.618
2.4491068	84500.096
2.4554896	88268.019
2.4618725	92141.760
2.4682553	95321.120
2.4746381	97143.073
2.4810209	96677.737
2.4874037	93080.900
2.4937865	87232.977
2.5001694	79187.173
2.5065522	70412.769
2.5129350	62878.898
2.5193178	57101.650
2.5257006	54818.583
2.5320835	56027.715
2.5384663	59873.116
2.5448491	65248.164
2.5512319	71357.422
2.5576147	76635.124
2.5639975	81645.428
2.5703804	85076.080
2.5767632	87139.904
2.5831460	86887.440
2.5895288	83956.122
2.5959116	77914.077
2.6022945	70819.550
2.6086773	61775.942
2.6150601	53790.125
2.6214429	46854.894
2.6278257	41581.728
2.6342085	38324.137
2.6405914	36688.539
2.6469742	36349.563
2.6533570	36796.954
2.6597398	37614.125
2.6661226	38546.491
2.6725055	39444.532
2.6788883	39944.313
2.6852711	39865.993
2.6916539	39109.751
2.6980367	37607.194
2.7044196	35786.632
2.7108024	33693.397
2.7171852	31637.745
2.7235680	29763.444
2.7299508	28125.940
2.7363336	26846.863
2.7427165	25728.056
2.7490993	24825.200
2.7554821	24047.026
2.7618649	23383.427
2.7682477	22871.953
2.7746306	22546.157
2.7810134	22401.560
2.7873962	22580.572
2.7937790	22946.973
2.8001618	23476.578
2.8065446	24174.291
2.8129275	24866.383
2.8193103	25695.508
2.8256931	26375.453
2.8320759	27065.724
2.8384587	27614.934
2.8448416	27972.962
2.8512244	28119.981
2.8576072	28112.197
2.8639900	27989.405
2.8703728	28000.318
2.8767556	28340.502
2.8831385	29362.909
2.8895213	31344.053
2.8959041	34631.560
2.9022869	38929.729
2.9086697	44482.673
2.9150526	49964.230
2.9214354	55209.138
2.9278182	59736.295
2.9342010	63501.834
2.9405838	66461.293
2.9469666	68292.618
2.9533495	68603.395
2.9597323	67301.175
2.9661151	64096.245
2.9724979	59862.064
2.9788807	55280.448
2.9852636	50646.155
2.9916464	47104.695
2.9980292	44114.856
3.0044120	42239.729
3.0107948	40959.611
3.0171777	40541.095
3.0235605	40581.249
3.0299433	40999.683
3.0363261	41359.863
3.0427089	41682.363
3.0490917	41968.892
3.0554746	42647.710
3.0618574	44216.732
3.0682402	46919.427
3.0746230	51014.884
3.0810058	55501.317
3.0873887	60603.622
3.0937715	65380.546
3.1001543	69674.131
3.1065371	73700.235
3.1129199	76945.893
3.1193027	79605.140
3.1256856	81376.728
3.1320684	83145.344
3.1384512	85880.952
3.1448340	91382.793
3.1512168	99893.558
3.1575997	110897.77
3.1639825	123860.58
3.1703653	135587.07
3.1767481	146841.89
3.1831309	155844.25
3.1895137	163461.33
3.1958966	168379.67
3.2022794	169474.36
3.2086622	165482.83
3.2150450	157711.07
3.2214278	145524.98
3.2278107	133009.73
3.2341935	120885.85
3.2405763	109836.53
3.2469591	101495.47
3.2533419	94700.975
3.2597247	90435.663
3.2661076	87953.594
3.2724904	87166.990
3.2788732	86487.014
3.2852560	84987.756
3.2916388	82010.089
3.2980217	77228.787
3.3044045	71927.076
3.3107873	66263.537
3.3171701	60986.961
3.3235529	56763.304
3.3299357	53374.323
3.3363186	51180.764
3.3427014	50336.389
3.3490842	50665.466
3.3554670	51740.341
3.3618498	52950.782
3.3682327	53992.945
3.3746155	54630.868
3.3809983	54847.162
3.3873811	54783.889
3.3937639	54601.742
3.4001468	54459.168
3.4065296	54339.996
3.4129124	54401.363
3.4192952	54861.170
3.4256780	56016.505
3.4320608	58633.680
3.4384437	62862.593
3.4448265	70389.250
3.4512093	81287.562
3.4575921	95288.533
3.4639749	112467.03
3.4703578	128451.03
3.4767406	144250.98
3.4831234	156415.36
3.4895062	165995.24
3.4958890	172749.77
3.5022718	175747.10
3.5086547	174380.30
3.5150375	167855.87
3.5214203	155624.81
3.5278031	140270.11
3.5341859	122328.14
3.5405688	103978.66
3.5469516	86842.089
3.5533344	71679.937
3.5597172	59717.516
3.5661000	50393.453
3.5724828	44437.405
3.5788657	40425.726
3.5852485	38206.143
3.5916313	36685.453
3.5980141	35619.399
3.6043969	34877.346
3.6107798	34373.535
3.6171626	34222.107
3.6235454	34482.156
3.6299282	35311.878
3.6363110	37011.418
3.6426938	40492.664
3.6490767	46065.188
3.6554595	56374.942
3.6618423	70779.374
3.6682251	91470.518
3.6746079	116837.17
3.6809908	143165.11
3.6873736	170137.02
3.6937564	192848.75
3.7001392	212642.67
3.7065220	227744.39
3.7129049	238229.49
3.7192877	242870.51
3.7256705	239409.91
3.7320533	227481.78
3.7384361	209388.64
3.7448189	184542.80
3.7512018	159852.51
3.7575846	134084.23
3.7639674	111910.96
3.7703502	93060.570
3.7767330	78755.397
3.7831159	69184.395
3.7894987	63260.336
3.7958815	60797.220
3.8022643	60288.478
3.8086471	61225.992
3.8150299	62812.904
3.8214128	64744.116
3.8277956	66348.950
3.8341784	67807.732
3.8405612	68971.564
3.8469440	70151.546
3.8533269	71264.271
3.8597097	72162.995
3.8660925	73085.442
3.8724753	74001.930
3.8788581	74864.127
3.8852409	75549.834
3.8916238	76026.230
3.8980066	76310.275
3.9043894	76500.938
3.9107722	76653.836
3.9171550	76370.139
3.9235379	75322.436
3.9299207	73239.853
3.9363035	69589.861
3.9426863	65228.998
3.9490691	60296.563
3.9554519	55257.353
3.9618348	50932.034
3.9682176	47317.013
3.9746004	45403.589
3.9809832	45580.450
3.9873660	48597.024
3.9937489	54923.183
4.0001317	65117.932
4.0065145	76960.620
4.0128973	91039.882
4.0192801	103615.98
4.0256630	115646.91
4.0320458	125973.06
4.0384286	134216.71
4.0448114	140418.43
4.0511942	143000.03
4.0575770	141650.67
4.0639599	136379.79
4.0703427	127304.01
4.0767255	116413.27
4.0831083	104384.13
4.0894911	92617.109
4.0958740	82069.033
4.1022568	72863.516
4.1086396	66040.640
4.1150224	60655.705
4.1214052	57143.681
4.1277880	54297.983
4.1341709	51965.186
4.1405537	49917.356
4.1469365	47953.021
4.1533193	46468.394
4.1597021	45323.507
4.1660850	44984.157
4.1724678	45660.045
4.1788506	47712.195
4.1852334	50987.406
4.1916162	55656.936
4.1979990	60569.744
4.2043819	65789.043
4.2107647	70417.829
4.2171475	74642.118
4.2235303	78649.444
4.2299131	82618.027
4.2362960	86851.213
4.2426788	90937.910
4.2490616	95098.118
4.2554444	98402.324
4.2618272	100947.37
4.2682100	102156.31
4.2745929	102584.74
4.2809757	102372.94
4.2873585	101846.48
4.2937413	100721.38
4.3001241	98638.887
4.3065070	94851.963
4.3128898	89526.440
4.3192726	83192.481
4.3256554	75663.538
4.3320382	69018.689
4.3384211	62704.306
4.3448039	58220.863
4.3511867	55649.744
4.3575695	55481.497
4.3639523	57343.553
4.3703351	60866.214
4.3767180	64997.530
4.3831008	69329.956
4.3894836	73121.590
4.3958664	76549.356
4.4022492	79224.002
4.4086321	80975.287
4.4150149	81310.279
4.4213977	79910.970
4.4277805	76438.206
4.4341633	71866.505
4.4405461	65891.957
4.4469290	60060.610
4.4533118	54564.841
4.4596946	50069.422
4.4660774	47311.396
4.4724602	46480.264
4.4788431	47580.235
4.4852259	50463.514
4.4916087	54074.632
4.4979915	57779.405
4.5043743	61251.664
4.5107571	64058.524
4.5171400	66250.360
4.5235228	67497.459
4.5299056	67598.264
4.5362884	66455.586
4.5426712	63909.628
4.5490541	60404.122
4.5554369	56385.826
4.5618197	52172.701
4.5682025	48618.288
4.5745853	45532.747
4.5809681	43524.477
4.5873510	42232.503
4.5937338	41724.304
4.6001166	41605.318
4.6064994	41664.023
4.6128822	41795.679
4.6192651	42001.619
4.6256479	42542.468
4.6320307	43819.242
4.6384135	46093.804
4.6447963	49473.207
4.6511792	53938.179
4.6575620	58757.455
4.6639448	63812.657
4.6703276	68392.374
4.6767104	72925.669
4.6830932	77310.605
4.6894761	82041.065
4.6958589	86729.293
4.7022417	90771.825
4.7086245	93906.516
4.7150073	95578.413
4.7213902	95804.048
4.7277730	95078.225
4.7341558	93929.157
4.7405386	92812.197
4.7469214	91794.246
4.7533042	90624.060
4.7596871	89012.485
4.7660699	86368.595
4.7724527	83081.532
4.7788355	79116.766
4.7852183	74909.237
4.7916012	71155.525
4.7979840	67915.415
4.8043668	65379.263
4.8107496	63255.078
4.8171324	61357.497
4.8235152	59230.412
4.8298981	57006.719
4.8362809	54576.201
4.8426637	52121.424
4.8490465	49848.892
4.8554293	47593.823
4.8618122	45473.883
4.8681950	43137.641
4.8745778	40922.612
4.8809606	38606.745
4.8873434	36314.893
4.8937262	34307.800
4.9001091	32379.844
4.9064919	30945.356
4.9128747	29863.965
4.9192575	29246.138
4.9256403	28964.923
4.9320232	28949.695
4.9384060	29195.689
4.9447888	29570.882
4.9511716	30041.045
4.9575544	30622.742
4.9639373	31238.325
4.9703201	31916.305
4.9767029	32526.742
4.9830857	33118.626
4.9894685	33683.830
4.9958513	34138.299
5.0022342	34694.235
5.0086170	35250.312
5.0149998	35869.670
5.0213826	36331.950
5.0277654	36700.249
5.0341483	37009.238
5.0405311	37294.879
5.0469139	37596.300
5.0532967	37953.256
5.0596795	38454.523
5.0660623	39071.854
5.0724452	39854.274
5.0788280	40704.597
5.0852108	41757.018
5.0915936	43157.650
5.0979764	45144.743
5.1043593	48330.693
5.1107421	52212.563
5.1171249	57262.180
5.1235077	62334.518
5.1298905	67157.246
5.1362733	71433.905
5.1426562	74715.080
5.1490390	77392.886
5.1554218	79067.696
5.1618046	79825.364
5.1681874	79290.577
5.1745703	77264.490
5.1809531	73873.564
5.1873359	69580.769
5.1937187	64714.532
5.2001015	60367.260
5.2064843	56647.621
5.2128672	54035.093
5.2192500	52287.362
5.2256328	51454.542
5.2320156	51096.781
5.2383984	51068.007
5.2447813	51157.785
5.2511641	51313.864
5.2575469	51309.880
5.2639297	51053.485
5.2703125	50486.654
5.2766954	49669.033
5.2830782	48770.224
5.2894610	48167.546
5.2958438	48133.680
5.3022266	49053.100
5.3086094	51236.718
5.3149923	54314.524
5.3213751	58087.936
5.3277579	61819.552
5.3341407	65256.205
5.3405235	68135.801
5.3469064	70255.070
5.3532892	71562.736
5.3596720	71645.486
5.3660548	70278.638
5.3724376	67543.287
5.3788204	63589.352
5.3852033	58733.036
5.3915861	54092.843
5.3979689	49528.264
5.4043517	45924.062
5.4107345	43157.879
5.4171174	41569.129
5.4235002	41200.169
5.4298830	42148.937
5.4362658	44699.319
5.4426486	49046.321
5.4490314	55048.213
5.4554143	62922.417
5.4617971	70864.716
5.4681799	79128.638
5.4745627	86056.231
5.4809455	91989.439
5.4873284	96592.357
5.4937112	99471.426
5.5000940	100377.15
5.5064768	98718.694
5.5128596	94282.070
5.5192424	87789.013
5.5256253	79891.073
5.5320081	71524.944
5.5383909	63743.666
5.5447737	56822.775
5.5511565	51376.403
5.5575394	47362.817
5.5639222	44827.564
5.5703050	43329.957
5.5766878	42736.694
5.5830706	42798.788
5.5894535	43344.183
5.5958363	44076.845
5.6022191	44831.439
5.6086019	45358.960
5.6149847	45762.717
5.6213675	46017.548
5.6277504	46171.155
5.6341332	46175.705
5.6405160	45969.684
5.6468988	45506.645
5.6532816	44776.959
5.6596645	43809.897
5.6660473	42767.399
5.6724301	41703.902
5.6788129	40885.462
5.6851957	40338.419
5.6915785	40089.776
5.6979614	40035.668
5.7043442	40198.238
5.7107270	40500.405
5.7171098	40965.197
5.7234926	41441.030
5.7298755	41846.581
5.7362583	42045.635
5.7426411	41934.936
5.7490239	41540.158
5.7554067	40962.400
5.7617895	40249.831
5.7681724	39547.769
5.7745552	38875.600
5.7809380	38312.150
5.7873208	37827.325
5.7937036	37486.798
5.8000865	37328.121
5.8064693	37417.430
5.8128521	37712.039
5.8192349	38305.978
5.8256177	38978.107
5.8320005	39802.791
5.8383834	40770.054
5.8447662	42039.505
5.8511490	43796.027
5.8575318	45866.791
5.8639146	48279.200
5.8702975	50537.623
5.8766803	52599.711
5.8830631	54216.032
5.8894459	55665.964
5.8958287	56860.973
5.9022116	57804.121
5.9085944	58249.923
5.9149772	57949.431
5.9213600	56787.535
5.9277428	55224.107
5.9341256	53281.416
5.9405085	51309.492
5.9468913	49454.341
5.9532741	47756.231
5.9596569	46225.981
5.9660397	44845.491
5.9724226	43618.683
5.9788054	42467.825
5.9851882	41481.065
5.9915710	40584.017
5.9979538	39873.651
6.0043366	39382.848
6.0107195	39267.836
6.0171023	39677.693
6.0234851	40663.615
6.0298679	42131.715
6.0362507	44120.857
6.0426336	46222.084
6.0490164	48351.806
6.0553992	50328.446
6.0617820	52148.938
6.0681648	53650.677
6.0745476	54621.305
6.0809305	54838.674
6.0873133	54289.033
6.0936961	52856.289
6.1000789	50931.374
6.1064617	48551.349
6.1128446	46130.219
6.1192274	43961.937
6.1256102	42186.335
6.1319930	41195.047
6.1383758	41210.693
6.1447586	42408.816
6.1511415	44893.245
6.1575243	48302.578
6.1639071	52388.206
6.1702899	56556.047
6.1766727	60592.620
6.1830556	64255.188
6.1894384	67384.447
6.1958212	70059.075
6.2022040	71560.081
6.2085868	71775.122
6.2149696	70563.563
6.2213525	68140.196
6.2277353	64766.770
6.2341181	61195.716
6.2405009	57460.357
6.2468837	54124.826
6.2532666	51069.480
6.2596494	48549.624
6.2660322	46468.876
6.2724150	44940.070
6.2787978	43680.863
6.2851807	42646.689
6.2915635	41683.210
6.2979463	40678.606
6.3043291	39675.030
6.3107119	38598.943
6.3170947	37621.194
6.3234776	36593.044
6.3298604	35495.555
6.3362432	34365.028
6.3426260	33277.549
6.3490088	32256.210
6.3553917	31329.426
6.3617745	30523.620
6.3681573	29881.570
6.3745401	29466.783
6.3809229	29231.555
6.3873057	29182.334
6.3936886	29256.509
6.4000714	29523.444
6.4064542	29870.287
6.4128370	30245.575
6.4192198	30552.071
6.4256027	30803.918
6.4319855	31006.329
6.4383683	31210.951
6.4447511	31397.442
6.4511339	31617.813
6.4575167	31928.154
6.4638996	32431.531
6.4702824	33199.551
6.4766652	34192.246
6.4830480	35517.863
6.4894308	36927.520
6.4958137	38479.597
6.5021965	40122.993
6.5085793	41861.364
6.5149621	43682.942
6.5213449	45266.915
6.5277277	46608.847
6.5341106	47393.595
6.5404934	47630.722
6.5468762	47323.068
6.5532590	46569.091
6.5596418	45544.634
6.5660247	44292.302
6.5724075	42797.074
6.5787903	41320.766
6.5851731	39751.256
6.5915559	38483.228
6.5979388	37415.064
6.6043216	36725.084
6.6107044	36315.247
6.6170872	36122.280
6.6234700	36114.332
6.6298528	36238.105
6.6362357	36398.369
6.6426185	36509.975
6.6490013	36527.007
6.6553841	36472.220
6.6617669	36404.192
6.6681498	36304.626
6.6745326	36240.322
6.6809154	36257.569
6.6872982	36303.686
6.6936810	36378.508
6.7000638	36508.246
6.7064467	36659.968
6.7128295	36846.632
6.7192123	36937.128
6.7255951	36897.774
6.7319779	36658.590
6.7383608	36302.624
6.7447436	35889.977
6.7511264	35580.342
6.7575092	35439.853
6.7638920	35606.016
6.7702748	36304.326
6.7766577	37589.269
6.7830405	39594.412
6.7894233	41993.333
6.7958061	44621.790
6.8021889	47098.860
6.8085718	49248.366
6.8149546	51042.789
6.8213374	52235.983
6.8277202	52918.320
6.8341030	52728.922
6.8404858	51709.312
6.8468687	49961.936
6.8532515	47659.823
6.8596343	45007.737
6.8660171	42381.259
6.8723999	39971.283
6.8787828	38034.555
6.8851656	36663.859
6.8915484	35969.963
6.8979312	35743.002
6.9043140	35831.782
6.9106969	36125.677
6.9170797	36490.040
6.9234625	36804.991
6.9298453	37072.870
6.9362281	37310.083
6.9426109	37569.685
6.9489938	37835.183
6.9553766	38267.649
6.9617594	38915.534
6.9681422	39936.021
6.9745250	41160.744
6.9809079	42491.674
6.9872907	43821.526
6.9936735	44947.400
7.0000563	45965.257
7.0064391	46666.298
7.0128219	47060.236
7.0192048	47048.386
7.0255876	46586.228
7.0319704	45693.459
7.0383532	44423.573
7.0447360	43026.181
7.0511189	41751.599
7.0575017	40696.691
7.0638845	40055.296
7.0702673	39893.060
7.0766501	40242.216
7.0830329	40997.233
7.0894158	41976.262
7.0957986	43046.092
7.1021814	44153.172
7.1085642	45325.727
7.1149470	46412.948
7.1213299	47354.178
7.1277127	48073.895
7.1340955	48437.883
7.1404783	48445.941
7.1468611	48174.160
7.1532439	47712.355
7.1596268	47071.790
7.1660096	46255.305
7.1723924	45209.538
7.1787752	44075.904
7.1851580	42937.104
7.1915409	42005.029
7.1979237	41175.490
7.2043065	40516.892
7.2106893	39961.261
7.2170721	39613.202
7.2234550	39458.111
7.2298378	39519.869
7.2362206	39875.511
7.2426034	40547.852
7.2489862	41514.688
7.2553690	42840.337
7.2617519	44220.862
7.2681347	45638.247
7.2745175	46815.960
7.2809003	47768.630
7.2872831	48370.315
7.2936660	48641.195
7.3000488	48562.422
7.3064316	48009.937
7.3128144	46969.055
7.3191972	45502.869
7.3255800	43713.138
7.3319629	42040.035
7.3383457	40600.794
7.3447285	39790.063
7.3511113	39808.298
7.3574941	40804.188
7.3638770	42642.694
7.3702598	45199.486
7.3766426	47989.197
7.3830254	51019.103
7.3894082	53832.025
7.3957910	56484.336
7.4021739	58559.130
7.4085567	59988.476
7.4149395	60426.991
7.4213223	59849.995
7.4277051	58312.985
7.4340880	56238.142
7.4404708	53590.636
7.4468536	50916.686
7.4532364	48150.882
7.4596192	45725.096
7.4660020	43544.045
7.4723849	41815.541
7.4787677	40363.096
7.4851505	39175.527
7.4915333	38159.035
7.4979161	37299.129
7.5042990	36551.961
7.5106818	35817.588
7.5170646	35121.214
7.5234474	34377.478
7.5298302	33653.050
7.5362131	32910.130
7.5425959	32241.929
7.5489787	31670.471
7.5553615	31259.805
7.5617443	31035.709
7.5681271	30976.155
7.5745100	31034.100
7.5808928	31223.709
7.5872756	31478.044
7.5936584	31862.886
7.6000412	32227.653
7.6064241	32581.473
7.6128069	32829.162
7.6191897	33044.643
7.6255725	33205.339
7.6319553	33356.231
7.6383381	33525.604
7.6447210	33765.178
7.6511038	34160.950
7.6574866	34823.780
7.6638694	35797.444
7.6702522	36937.721
7.6766351	38227.679
7.6830179	39490.581
7.6894007	40662.083
7.6957835	41551.069
7.7021663	42194.792
7.7085491	42525.506
7.7149320	42448.982
7.7213148	41923.514
7.7276976	41006.814
7.7340804	39754.134
7.7404632	38382.500
7.7468461	36970.528
7.7532289	35720.280
7.7596117	34672.753
7.7659945	33907.171
7.7723773	33465.516
7.7787601	33283.149
7.7851430	33339.042
7.7915258	33534.339
7.7979086	33818.564
7.8042914	34137.160
7.8106742	34400.498
7.8170571	34555.092
7.8234399	34609.762
7.8298227	34523.454
7.8362055	34355.505
7.8425883	34109.726
7.8489712	33759.917
7.8553540	33329.406
7.8617368	32797.688
7.8681196	32287.167
7.8745024	31846.706
7.8808852	31590.592
7.8872681	31501.847
7.8936509	31631.384
7.9000337	31961.291
7.9064165	32439.752
7.9127993	32952.830
7.9191822	33442.348
7.9255650	33830.741
7.9319478	34150.771
7.9383306	34331.573
7.9447134	34373.832
7.9510962	34304.360
7.9574791	34093.124
7.9638619	33774.448
7.9702447	33430.961
7.9766275	33119.577
7.9830103	32908.042
7.9893932	32778.739
7.9957760	32784.087
8.0021588	32895.183
8.0085416	33005.073
8.0149244	33089.441
8.0213072	33116.298
8.0276901	33080.723
8.0340729	32976.124
8.0404557	32823.602
8.0468385	32641.808
8.0532213	32476.970
8.0596042	32368.814
8.0659870	32253.430
8.0723698	32185.643
8.0787526	32205.391
8.0851354	32323.642
8.0915182	32479.019
8.0979011	32666.195
8.1042839	32778.394
8.1106667	32859.518
8.1170495	32856.465
8.1234323	32767.093
8.1298152	32626.192
8.1361980	32539.244
8.1425808	32540.415
8.1489636	32640.187
8.1553464	32947.101
8.1617293	33366.958
8.1681121	33941.368
8.1744949	34620.895
8.1808777	35486.037
8.1872605	36370.186
8.1936433	37262.110
8.2000262	37957.169
8.2064090	38408.825
8.2127918	38567.017
8.2191746	38413.293
8.2255574	37985.249
8.2319403	37321.973
8.2383231	36487.065
8.2447059	35561.074
8.2510887	34582.942
8.2574715	33714.614
8.2638543	32894.218
8.2702372	32217.614
8.2766200	31660.254
8.2830028	31263.394
8.2893856	30977.374
8.2957684	30869.083
8.3021513	30830.102
8.3085341	30816.810
8.3149169	30814.661
8.3212997	30813.727
8.3276825	30810.829
8.3340653	30850.751
8.3404482	30874.775
8.3468310	30883.662
8.3532138	30901.484
8.3595966	30863.442
8.3659794	30723.187
8.3723623	30547.065
8.3787451	30452.020
8.3851279	30490.167
8.3915107	30711.178
8.3978935	31114.451
8.4042763	31743.614
8.4106592	32502.746
8.4170420	33383.744
8.4234248	34305.619
8.4298076	35169.520
8.4361904	35906.805
8.4425733	36480.209
8.4489561	36867.490
8.4553389	36889.485
8.4617217	36645.921
8.4681045	36175.493
8.4744874	35507.106
8.4808702	34715.435
8.4872530	33833.035
8.4936358	32983.595
8.5000186	32185.749
8.5064014	31490.996
8.5127843	30917.853
8.5191671	30446.108
8.5255499	30050.946
8.5319327	29720.669
8.5383155	29429.013
8.5446984	29211.495
8.5510812	29059.419
8.5574640	28958.270
8.5638468	28884.884
8.5702296	28897.540
8.5766124	28974.003
8.5829953	29150.059
8.5893781	29378.876
8.5957609	29666.409
8.6021437	29965.150
8.6085265	30320.508
8.6149094	30732.735
8.6212922	31135.664
8.6276750	31585.131
8.6340578	31984.429
8.6404406	32344.208
8.6468234	32676.713
8.6532063	33015.338
8.6595891	33304.224
8.6659719	33515.647
8.6723547	33699.077
8.6787375	33795.931
8.6851204	33835.861
8.6915032	33782.896
8.6978860	33701.304
8.7042688	33514.786
8.7106516	33274.828
8.7170344	33033.949
8.7234173	32849.058
8.7298001	32693.019
8.7361829	32563.716
8.7425657	32442.058
8.7489485	32373.132
8.7553314	32334.623
8.7617142	32363.272
8.7680970	32451.728
8.7744798	32638.376
8.7808626	32970.756
8.7872455	33367.152
8.7936283	33785.866
8.8000111	34153.243
8.8063939	34477.093
8.8127767	34743.168
8.8191595	34939.629
8.8255424	35011.019
8.8319252	34960.457
8.8383080	34735.750
8.8446908	34436.101
8.8510736	34093.512
8.8574565	33763.988
8.8638393	33574.765
8.8702221	33565.488
8.8766049	33742.873
8.8829877	34090.394
8.8893705	34526.102
8.8957534	34998.153
8.9021362	35427.412
8.9085190	35728.423
8.9149018	35866.161
8.9212846	35788.019
8.9276675	35531.831
8.9340503	35069.435
8.9404331	34442.793
8.9468159	33774.453
8.9531987	33116.379
8.9595815	32521.378
8.9659644	32016.569
8.9723472	31656.302
8.9787300	31408.029
8.9851128	31219.823
8.9914956	31106.274
8.9978785	31052.496
9.0042613	31055.920
9.0106441	31069.695
9.0170269	31150.135
9.0234097	31275.840
9.0297925	31391.961
9.0361754	31488.279
9.0425582	31601.889
9.0489410	31715.471
9.0553238	31860.177
9.0617066	31987.095
9.0680895	32068.964
9.0744723	32048.311
9.0808551	31951.584
9.0872379	31821.736
9.0936207	31662.656
9.1000035	31520.867
9.1063864	31448.888
9.1127692	31517.260
9.1191520	31817.353
9.1255348	32264.032
9.1319176	32829.511
9.1383005	33421.717
9.1446833	34005.282
9.1510661	34565.818
9.1574489	35024.987
9.1638317	35307.830
9.1702146	35456.473
9.1765974	35399.294
9.1829802	35163.188
9.1893630	34775.129
9.1957458	34320.706
9.2021286	33804.838
9.2085115	33310.396
9.2148943	32872.723
9.2212771	32547.641
9.2276599	32364.013
9.2340427	32260.335
9.2404256	32219.072
9.2468084	32141.333
9.2531912	32040.368
9.2595740	31876.239
9.2659568	31701.811
9.2723396	31493.610
9.2787225	31288.287
9.2851053	31073.567
9.2914881	30864.455
9.2978709	30761.589
9.3042537	30788.343
9.3106366	30992.722
9.3170194	31331.354
9.3234022	31898.871
9.3297850	32605.954
9.3361678	33453.990
9.3425506	34245.556
9.3489335	34962.223
9.3553163	35485.512
9.3616991	35859.134
9.3680819	35957.051
9.3744647	35769.130
9.3808476	35203.581
9.3872304	34484.551
9.3936132	33590.038
9.3999960	32650.233
9.4063788	31683.775
9.4127616	30911.776
9.4191445	30198.655
9.4255273	29620.665
9.4319101	29142.621
9.4382929	28784.696
9.4446757	28499.009
9.4510586	28268.797
9.4574414	28105.418
9.4638242	27972.771
9.4702070	27843.534
9.4765898	27747.073
9.4829727	27656.174
9.4893555	27646.264
9.4957383	27679.902
9.5021211	27745.113
9.5085039	27857.580
9.5148867	28043.020
9.5212696	28323.191
9.5276524	28623.507
9.5340352	28996.589
9.5404180	29429.667
9.5468008	29853.720
9.5531837	30315.045
9.5595665	30745.562
9.5659493	31095.301
9.5723321	31350.856
9.5787149	31484.984
9.5850977	31503.379
9.5914806	31353.868
9.5978634	31097.361
9.6042462	30715.756
9.6106290	30258.771
9.6170118	29813.648
9.6233947	29398.442
9.6297775	28986.112
9.6361603	28586.363
9.6425431	28241.340
9.6489259	27996.584
9.6553087	27889.560
9.6616916	27809.005
9.6680744	27798.414
9.6744572	27809.742
9.6808400	27863.827
9.6872228	27943.755
9.6936057	27993.313
9.6999885	28025.577
9.7063713	28035.074
9.7127541	28083.308
9.7191369	28142.450
9.7255197	28225.608
9.7319026	28270.463
9.7382854	28328.151
9.7446682	28487.690
9.7510510	28703.999
9.7574338	28954.149
9.7638167	29187.432
9.7701995	29454.944
9.7765823	29668.766
9.7829651	29860.238
9.7893479	29965.789
9.7957308	29987.178
9.8021136	29933.527
9.8084964	29757.690
9.8148792	29500.479
9.8212620	29139.010
9.8276448	28759.392
9.8340277	28402.402
9.8404105	28043.926
9.8467933	27689.247
9.8531761	27391.025
9.8595589	27147.119
9.8659418	26926.990
9.8723246	26701.878
9.8787074	26500.182
9.8850902	26336.409
9.8914730	26215.048
9.8978558	26138.643
9.9042387	26119.165
9.9106215	26145.771
9.9170043	26214.614
9.9233871	26344.159
9.9297699	26501.987
9.9361528	26686.210
9.9425356	26883.568
9.9489184	27066.358
9.9553012	27293.175
9.9616840	27512.701
9.9680668	27662.403
9.9744497	27741.036
9.9808325	27808.357
9.9872153	27841.578
9.9935981	27843.208
9.9999809	27751.646
10.006364	27589.389
10.012747	27369.278
10.019129	27135.942
10.025512	26842.217
10.031895	26593.134
10.038278	26374.691
10.044661	26169.006
10.051043	25981.682
10.057426	25868.678
10.063809	25794.716
10.070192	25772.768
10.076575	25810.709
10.082958	25918.883
10.089340	26059.536
10.095723	26252.685
10.102106	26456.689
10.108489	26666.646
10.114872	26869.307
10.121254	27047.959
10.127637	27207.730
10.134020	27318.332
10.140403	27415.739
10.146786	27517.669
10.153169	27628.643
10.159551	27745.051
10.165934	27958.524
10.172317	28208.350
10.178700	28453.991
10.185083	28712.989
10.191465	28952.589
10.197848	29175.719
10.204231	29327.436
10.210614	29393.403
10.216997	29342.953
10.223380	29168.254
10.229762	28881.641
10.236145	28505.676
10.242528	28106.522
10.248911	27703.467
10.255294	27328.907
10.261676	26993.393
10.268059	26692.145
10.274442	26462.548
10.280825	26297.379
10.287208	26193.405
10.293591	26111.742
10.299973	26063.798
10.306356	26106.303
10.312739	26194.011
10.319122	26292.249
10.325505	26409.078
10.331887	26523.361
10.338270	26628.916
10.344653	26749.498
10.351036	26801.104
10.357419	26914.421
10.363802	27030.024
10.370184	27132.825
10.376567	27244.458
10.382950	27431.676
10.389333	27627.922
10.395716	27808.499
10.402098	27975.734
10.408481	28124.519
10.414864	28222.463
10.421247	28269.628
10.427630	28255.810
10.434013	28194.525
10.440395	28080.128
10.446778	27891.789
10.453161	27688.421
10.459544	27518.437
10.465927	27409.887
10.472309	27334.161
10.478692	27294.265
10.485075	27269.243
10.491458	27328.210
10.497841	27406.611
10.504224	27452.592
10.510606	27439.666
10.516989	27428.303
10.523372	27422.743
10.529755	27412.519
10.536138	27401.382
10.542520	27425.603
10.548903	27485.247
10.555286	27581.304
10.561669	27717.234
10.568052	27880.976
10.574435	28069.847
10.580817	28273.648
10.587200	28426.436
10.593583	28469.249
10.599966	28428.322
10.606349	28300.958
10.612732	28057.071
10.619114	27733.529
10.625497	27356.443
10.631880	26960.918
10.638263	26630.714
10.644646	26340.558
10.651028	26115.987
10.657411	25969.481
10.663794	25899.445
10.670177	25900.942
10.676560	25954.421
10.682943	26042.947
10.689325	26136.891
10.695708	26261.949
10.702091	26348.988
10.708474	26429.372
10.714857	26515.264
10.721239	26556.521
10.727622	26564.679
10.734005	26565.730
10.740388	26580.887
10.746771	26601.125
10.753154	26593.643
10.759536	26598.117
10.765919	26631.598
10.772302	26704.473
10.778685	26771.741
10.785068	26834.057
10.791450	26833.252
10.797833	26806.923
10.804216	26713.808
10.810599	26593.430
10.816982	26423.634
10.823365	26206.002
10.829747	25929.026
10.836130	25695.692
10.842513	25510.012
10.848896	25388.665
10.855279	25275.773
10.861661	25186.964
10.868044	25146.694
10.874427	25127.049
10.880810	25083.924
10.887193	25038.481
10.893576	24982.581
10.899958	24956.637
10.906341	24913.860
10.912724	24889.077
10.919107	24831.429
10.925490	24798.909
10.931872	24815.522
10.938255	24861.975
10.944638	24900.594
10.951021	24958.884
10.957404	25067.073
10.963787	25204.023
10.970169	25361.649
10.976552	25533.514
10.982935	25634.780
10.989318	25699.109
10.995701	25721.418
11.002083	25729.098
11.008466	25669.865
11.014849	25577.548
11.021232	25454.471
11.027615	25278.419
11.033998	25071.243
11.040380	24902.994
11.046763	24759.198
11.053146	24635.943
11.059529	24505.102
11.065912	24446.218
11.072294	24411.372
11.078677	24389.681
11.085060	24354.488
11.091443	24351.572
11.097826	24408.282
11.104209	24437.287
11.110591	24478.179
11.116974	24537.077
11.123357	24643.572
11.129740	24738.177
11.136123	24818.620
11.142505	24893.901
11.148888	24920.838
11.155271	24947.241
11.161654	24987.774
11.168037	24967.644
11.174420	24916.405
11.180802	24837.153
11.187185	24794.698
11.193568	24782.387
11.199951	24743.164
11.206334	24691.934
11.212716	24698.839
11.219099	24719.816
11.225482	24756.238
11.231865	24805.726
11.238248	24835.513
11.244631	24850.903
11.251013	24854.986
11.257396	24857.276
11.263779	24846.477
11.270162	24800.487
11.276545	24769.354
11.282927	24759.059
11.289310	24773.426
11.295693	24833.156
11.302076	24939.514
11.308459	25075.100
11.314842	25244.018
11.321224	25433.807
11.327607	25605.575
11.333990	25745.211
11.340373	25819.549
11.346756	25813.349
11.353138	25688.502
11.359521	25521.007
11.365904	25308.667
11.372287	25030.866
11.378670	24751.378
11.385053	24494.114
11.391435	24293.932
11.397818	24090.368
11.404201	23921.073
11.410584	23757.479
11.416967	23659.264
11.423349	23564.510
11.429732	23469.978
11.436115	23383.583
11.442498	23310.073
11.448881	23246.373
11.455264	23205.656
11.461646	23252.301
11.468029	23326.255
11.474412	23421.250
11.480795	23516.862
11.487178	23637.180
11.493560	23733.237
11.499943	23835.727
11.506326	23895.580
11.512709	23968.385
11.519092	24023.156
11.525475	24041.673
11.531857	24019.051
11.538240	23996.771
11.544623	23943.692
11.551006	23853.808
11.557389	23767.011
11.563771	23665.978
11.570154	23560.171
11.576537	23493.149
11.582920	23460.198
11.589303	23452.232
11.595686	23469.022
11.602068	23518.605
11.608451	23528.901
11.614834	23565.604
11.621217	23619.882
11.627600	23610.553
11.633982	23564.150
11.640365	23539.287
11.646748	23521.327
11.653131	23492.398
11.659514	23434.866
11.665897	23383.878
11.672279	23341.944
11.678662	23322.528
11.685045	23274.173
11.691428	23259.895
11.697811	23246.670
11.704193	23212.876
11.710576	23165.693
11.716959	23121.596
11.723342	23050.556
11.729725	22956.717
11.736108	22879.733
11.742490	22808.224
11.748873	22745.676
11.755256	22684.090
11.761639	22601.770
11.768022	22524.067
11.774404	22465.200
11.780787	22438.235
11.787170	22441.531
11.793553	22466.884
11.799936	22479.772
11.806319	22493.411
11.812701	22558.110
11.819084	22645.665
11.825467	22735.431
11.831850	22840.056
11.838233	22956.889
11.844615	23101.023
11.850998	23235.298
11.857381	23398.110
11.863764	23558.861
11.870147	23712.158
11.876530	23776.693
11.882912	23845.788
11.889295	23896.008
11.895678	23898.682
11.902061	23827.304
11.908444	23723.390
11.914826	23631.553
11.921209	23495.356
11.927592	23356.824
11.933975	23238.056
11.940358	23174.394
11.946741	23161.156
11.953123	23185.065
11.959506	23237.757
11.965889	23263.874
11.972272	23269.346
11.978655	23327.575
11.985037	23357.844
11.991420	23386.259
11.997803	23445.114
12.004186	23511.909
12.010569	23541.384
12.016952	23545.146
12.023334	23540.285
12.029717	23529.797
12.036100	23519.212
12.042483	23507.525
12.048866	23523.379
12.055248	23505.819
12.061631	23473.925
12.068014	23459.240
12.074397	23465.658
12.080780	23473.048
12.087163	23455.653
12.093545	23462.708
12.099928	23480.320
12.106311	23519.649
12.112694	23562.943
12.119077	23615.127
12.125459	23677.612
12.131842	23742.045
12.138225	23786.689
12.144608	23808.267
12.150991	23843.485
12.157374	23871.895
12.163756	23893.690
12.170139	23877.301
12.176522	23878.602
12.182905	23860.203
12.189288	23832.682
12.195670	23794.519
12.202053	23766.479
12.208436	23759.218
12.214819	23713.835
12.221202	23673.698
12.227585	23648.613
12.233967	23609.618
12.240350	23570.988
12.246733	23522.668
12.253116	23475.455
12.259499	23477.879
12.265881	23491.948
12.272264	23488.436
12.278647	23499.297
12.285030	23513.681
12.291413	23523.997
12.297796	23528.410
12.304178	23545.441
12.310561	23559.871
12.316944	23570.467
12.323327	23589.986
12.329710	23577.163
12.336092	23576.449
12.342475	23565.209
12.348858	23588.255
12.355241	23645.632
12.361624	23684.835
12.368007	23751.629
12.374389	23765.584
12.380772	23761.107
12.387155	23746.400
12.393538	23691.246
12.399921	23602.784
12.406303	23471.997
12.412686	23339.483
12.419069	23256.395
12.425452	23168.539
12.431835	23087.523
12.438218	22996.478
12.444600	22916.354
12.450983	22854.087
12.457366	22814.541
12.463749	22780.743
12.470132	22753.515
12.476514	22705.947
12.482897	22649.898
12.489280	22647.494
12.495663	22664.240
12.502046	22689.212
12.508429	22714.152
12.514811	22733.390
12.521194	22754.552
12.527577	22779.511
12.533960	22817.458
12.540343	22851.044
12.546725	22907.215
12.553108	22926.787
12.559491	22929.358
12.565874	22898.275
12.572257	22851.200
12.578640	22811.915
12.585022	22772.371
12.591405	22713.724
12.597788	22646.569
12.604171	22601.765
12.610554	22532.433
12.616936	22508.756
12.623319	22504.504
12.629702	22465.238
12.636085	22442.695
12.642468	22420.096
12.648851	22409.781
12.655233	22354.964
12.661616	22289.496
12.667999	22228.775
12.674382	22233.339
12.680765	22245.713
12.687147	22294.914
12.693530	22341.138
12.699913	22344.969
12.706296	22383.001
12.712679	22378.587
12.719062	22336.144
12.725444	22315.082
12.731827	22274.592
12.738210	22218.621
12.744593	22134.769
12.750976	22026.497
12.757358	21934.631
12.763741	21864.206
12.770124	21816.313
12.776507	21743.045
12.782890	21647.027
12.789273	21567.231
12.795655	21492.375
12.802038	21453.239
12.808421	21406.467
12.814804	21381.606
12.821187	21387.851
12.827569	21432.902
12.833952	21475.144
12.840335	21545.233
12.846718	21595.618
12.853101	21638.119
12.859484	21702.822
12.865866	21749.168
12.872249	21783.532
12.878632	21818.814
12.885015	21821.234
12.891398	21841.473
12.897780	21832.718
12.904163	21772.487
12.910546	21680.187
12.916929	21640.649
12.923312	21636.373
12.929695	21604.194
12.936077	21574.391
12.942460	21567.066
12.948843	21567.016
12.955226	21528.722
12.961609	21489.513
12.967991	21470.334
12.974374	21471.983
12.980757	21450.983
12.987140	21420.193
12.993523	21371.500
12.999906	21403.026
13.006288	21432.813
13.012671	21434.177
13.019054	21414.386
13.025437	21377.106
13.031820	21353.306
13.038202	21342.731
13.044585	21300.123
13.050968	21211.948
13.057351	21072.005
13.063734	20961.017
13.070117	20873.359
13.076499	20797.164
13.082882	20707.479
13.089265	20656.821
13.095648	20639.439
13.102031	20611.449
13.108413	20590.738
13.114796	20594.059
13.121179	20628.489
13.127562	20641.154
13.133945	20630.553
13.140328	20636.014
13.146710	20642.343
13.153093	20608.926
13.159476	20615.273
13.165859	20632.304
13.172242	20631.811
13.178624	20644.533
13.185007	20669.051
13.191390	20662.390
13.197773	20647.822
13.204156	20632.614
13.210539	20653.494
13.216921	20624.662
13.223304	20569.421
13.229687	20559.184
13.236070	20585.549
13.242453	20637.185
13.248835	20681.609
13.255218	20674.945
13.261601	20691.648
13.267984	20727.604
13.274367	20738.387
13.280750	20709.197
13.287132	20700.124
13.293515	20696.593
13.299898	20669.706
13.306281	20610.109
13.312664	20569.022
13.319046	20536.262
13.325429	20503.046
13.331812	20425.505
13.338195	20373.349
13.344578	20357.439
13.350961	20322.670
13.357343	20252.442
13.363726	20160.512
13.370109	20078.843
13.376492	20008.220
13.382875	19942.654
13.389257	19909.896
13.395640	19896.753
13.402023	19918.678
13.408406	19963.396
13.414789	20009.878
13.421172	20020.326
13.427554	20053.672
13.433937	20069.214
13.440320	20107.262
13.446703	20150.784
13.453086	20193.531
13.459468	20256.421
13.465851	20284.498
13.472234	20335.930
13.478617	20405.755
13.485000	20448.774
13.491383	20475.741
13.497765	20479.881
13.504148	20464.262
13.510531	20406.920
13.516914	20357.951
13.523297	20308.622
13.529679	20197.753
13.536062	20095.356
13.542445	20015.850
13.548828	19944.982
13.555211	19879.723
13.561594	19844.132
13.567976	19813.471
13.574359	19803.796
13.580742	19800.509
13.587125	19797.278
13.593508	19800.819
13.599890	19848.823
13.606273	19911.576
13.612656	19935.252
13.619039	19956.803
13.625422	19974.369
13.631805	19992.028
13.638187	20006.080
13.644570	20042.039
13.650953	20044.805
13.657336	19998.092
13.663719	19962.878
13.670101	19968.688
13.676484	19908.852
13.682867	19861.244
13.689250	19819.887
13.695633	19832.260
13.702016	19805.370
13.708398	19794.251
13.714781	19751.405
13.721164	19729.739
13.727547	19707.760
13.733930	19703.523
13.740312	19668.759
13.746695	19669.472
13.753078	19631.729
13.759461	19628.914
13.765844	19639.834
13.772227	19680.154
13.778609	19682.260
13.784992	19657.831
13.791375	19612.226
13.797758	19586.385
13.804141	19589.066
13.810524	19584.541
13.816906	19557.599
13.823289	19522.440
13.829672	19496.938
13.836055	19521.310
13.842438	19587.944
13.848820	19651.670
13.855203	19665.969
13.861586	19677.151
13.867969	19719.736
13.874352	19733.594
13.880735	19735.442
13.887117	19732.747
13.893500	19748.397
13.899883	19742.133
13.906266	19727.645
13.912649	19732.306
13.919031	19708.351
13.925414	19690.281
13.931797	19663.432
13.938180	19688.271
13.944563	19719.367
13.950946	19690.505
13.957328	19658.247
13.963711	19657.024
13.970094	19630.368
13.976477	19567.815
13.982860	19520.632
13.989242	19499.929
13.995625	19487.300
14.002008	19479.363
14.008391	19456.559
14.014774	19415.776
14.021157	19420.830
14.027539	19443.237
14.033922	19448.987
14.040305	19443.108
14.046688	19436.675
14.053071	19462.600
14.059453	19519.901
14.065836	19571.481
14.072219	19587.230
14.078602	19607.766
14.084985	19608.352
14.091368	19613.466
14.097750	19622.078
14.104133	19622.174
14.110516	19569.422
14.116899	19493.358
14.123282	19401.672
14.129664	19362.042
14.136047	19339.359
14.142430	19325.432
14.148813	19286.095
14.155196	19269.360
14.161579	19293.705
14.167961	19319.580
14.174344	19327.269
14.180727	19343.024
14.187110	19329.359
14.193493	19338.390
14.199875	19350.735
14.206258	19388.549
14.212641	19425.792
14.219024	19443.490
14.225407	19434.632
14.231790	19381.473
14.238172	19355.955
14.244555	19351.986
14.250938	19320.120
14.257321	19259.542
14.263704	19174.651
14.270086	19132.889
14.276469	19084.859
14.282852	18996.461
14.289235	18946.717
14.295618	18932.034
14.302001	18920.577
14.308383	18907.812
14.314766	18901.045
14.321149	18868.665
14.327532	18848.598
14.333915	18848.941
14.340297	18837.318
14.346680	18825.521
14.353063	18827.021
14.359446	18860.924
14.365829	18901.953
14.372212	18946.223
14.378594	18940.059
14.384977	18903.255
14.391360	18880.751
14.397743	18876.945
14.404126	18860.702
14.410508	18832.885
14.416891	18795.252
14.423274	18758.523
14.429657	18742.796
14.436040	18720.869
14.442423	18733.642
14.448805	18742.909
14.455188	18719.804
14.461571	18712.624
14.467954	18682.400
14.474337	18647.232
14.480719	18671.690
14.487102	18688.633
14.493485	18701.148
14.499868	18699.544
14.506251	18685.761
14.512634	18684.397
14.519016	18682.367
14.525399	18692.013
14.531782	18703.573
14.538165	18655.397
14.544548	18602.185
14.550930	18581.828
14.557313	18584.862
14.563696	18628.350
14.570079	18651.244
14.576462	18649.205
14.582845	18659.146
14.589227	18661.068
14.595610	18668.666
14.601993	18682.141
14.608376	18677.608
14.614759	18657.806
14.621141	18681.025
14.627524	18719.390
14.633907	18691.473
14.640290	18691.663
14.646673	18737.391
14.653056	18760.206
14.659438	18743.748
14.665821	18684.549
14.672204	18624.444
14.678587	18604.306
14.684970	18552.910
14.691352	18510.734
14.697735	18485.962
14.704118	18476.242
14.710501	18464.328
14.716884	18438.817
14.723267	18441.300
14.729649	18452.458
14.736032	18438.714
14.742415	18404.138
14.748798	18367.743
14.755181	18375.310
14.761563	18343.910
14.767946	18283.255
14.774329	18271.639
14.780712	18235.421
14.787095	18213.942
14.793478	18203.878
14.799860	18170.549
14.806243	18155.741
14.812626	18196.026
14.819009	18187.781
14.825392	18184.473
14.831774	18209.919
14.838157	18218.301
14.844540	18222.734
14.850923	18230.821
14.857306	18243.888
14.863689	18226.221
14.870071	18191.705
14.876454	18188.410
14.882837	18221.780
14.889220	18254.861
14.895603	18226.972
14.901985	18186.110
14.908368	18174.998
14.914751	18162.031
14.921134	18133.171
14.927517	18142.883
14.933900	18150.434
14.940282	18123.387
14.946665	18111.423
14.953048	18102.168
14.959431	18071.925
14.965814	18073.277
14.972196	18054.509
14.978579	18039.555
14.984962	17994.556
14.991345	17974.013
14.997728	17951.664
15.004111	17970.578
15.010493	17995.394
15.016876	18010.978
15.023259	17990.378
15.029642	18021.297
15.036025	18026.390
15.042407	18004.255
15.048790	17997.243
15.055173	17986.397
15.061556	17975.499
15.067939	17987.503
15.074322	17993.451
15.080704	17995.008
15.087087	17956.678
15.093470	17902.278
15.099853	17902.571
15.106236	17936.051
15.112618	17962.881
15.119001	18004.506
15.125384	18022.684
15.131767	18045.888
15.138150	18010.605
15.144533	17967.329
15.150915	17983.841
15.157298	17981.326
15.163681	17969.857
15.170064	17962.082
15.176447	17930.738
15.182829	17937.907
15.189212	17954.206
15.195595	17975.076
15.201978	17958.085
15.208361	17929.393
15.214744	17927.575
15.221126	17939.512
15.227509	17942.996
15.233892	17939.635
15.240275	17950.259
15.246658	17976.787
15.253040	17965.972
15.259423	17924.605
15.265806	17915.749
15.272189	17909.063
15.278572	17944.110
15.284955	17965.538
15.291337	17938.403
15.297720	17897.141
15.304103	17929.855
15.310486	17958.159
15.316869	17986.377
15.323251	18033.606
15.329634	18061.974
15.336017	18058.144
15.342400	18048.640
15.348783	18072.200
15.355166	18073.494
15.361548	18081.457
15.367931	18067.862
15.374314	18016.287
15.380697	17982.737
15.387080	17986.498
15.393462	17977.804
15.399845	17962.675
15.406228	17967.839
15.412611	17985.083
15.418994	17942.635
15.425377	17962.329
15.431759	18051.980
15.438142	18085.616
15.444525	18069.467
15.450908	18040.088
15.457291	18032.288
15.463673	18034.917
15.470056	18027.388
15.476439	18029.375
15.482822	18047.481
15.489205	18049.374
15.495588	18042.285
15.501970	18028.509
15.508353	17983.677
15.514736	17935.306
15.521119	17915.759
15.527502	17914.729
15.533884	17957.036
15.540267	17969.037
15.546650	17986.329
15.553033	18022.623
15.559416	18000.339
15.565799	17988.485
15.572181	18000.012
15.578564	18001.065
15.584947	17999.898
15.591330	18019.297
15.597713	18028.364
15.604095	17993.619
15.610478	17993.595
15.616861	17994.579
15.623244	17944.212
15.629627	17955.322
15.636010	17956.030
15.642392	17895.942
15.648775	17852.906
15.655158	17849.175
15.661541	17825.789
15.667924	17806.107
15.674306	17783.811
15.680689	17760.282
15.687072	17719.301
15.693455	17721.286
15.699838	17747.267
15.706221	17792.758
15.712603	17782.406
15.718986	17760.074
15.725369	17773.663
15.731752	17829.151
15.738135	17845.893
15.744517	17785.557
15.750900	17806.063
15.757283	17857.995
15.763666	17870.997
15.770049	17840.431
15.776432	17817.518
15.782814	17819.521
15.789197	17828.956
15.795580	17870.107
15.801963	17893.340
15.808346	17877.335
15.814728	17860.919
15.821111	17838.373
15.827494	17822.645
15.833877	17828.040
15.840260	17838.799
15.846643	17811.772
15.853025	17765.211
15.859408	17750.919
15.865791	17744.492
15.872174	17742.634
15.878557	17713.968
15.884939	17697.605
15.891322	17672.644
15.897705	17599.795
15.904088	17574.542
15.910471	17552.422
15.916854	17492.102
15.923236	17466.206
15.929619	17488.118
15.936002	17484.452
15.942385	17441.623
15.948768	17447.739
15.955150	17402.847
15.961533	17348.454
15.967916	17357.143
15.974299	17348.305
15.980682	17339.754
15.987065	17345.736
15.993447	17362.472
15.999830	17390.230
16.006213	17383.505
16.012596	17373.073
16.018979	17360.060
16.025361	17375.629
16.031744	17384.040
16.038127	17337.325
16.044510	17279.509
16.050893	17256.662
16.057276	17232.553
16.063658	17242.340
16.070041	17260.936
16.076424	17241.175
16.082807	17228.694
16.089190	17220.274
16.095572	17231.868
16.101955	17270.512
16.108338	17274.013
16.114721	17232.220
16.121104	17216.772
16.127487	17217.995
16.133869	17200.394
16.140252	17198.207
16.146635	17201.501
16.153018	17174.159
16.159401	17192.540
16.165783	17166.604
16.172166	17129.117
16.178549	17103.899
16.184932	17122.391
16.191315	17117.754
16.197698	17100.832
16.204080	17054.795
16.210463	17058.568
16.216846	17098.763
16.223229	17102.363
16.229612	17068.829
16.235994	17060.789
16.242377	17070.711
16.248760	17052.535
16.255143	17048.435
16.261526	17038.836
16.267909	17020.835
16.274291	16998.645
16.280674	16962.973
16.287057	16920.268
16.293440	16916.212
16.299823	16925.552
16.306205	16901.007
16.312588	16862.355
16.318971	16829.645
16.325354	16817.942
16.331737	16788.735
16.338120	16762.782
16.344502	16802.057
16.350885	16812.009
16.357268	16778.728
16.363651	16766.218
16.370034	16763.507
16.376416	16775.495
16.382799	16767.183
16.389182	16770.195
16.395565	16791.846
16.401948	16738.857
16.408331	16648.476
16.414713	16640.118
16.421096	16651.769
16.427479	16634.733
16.433862	16581.265
16.440245	16539.942
16.446627	16558.778
16.453010	16565.828
16.459393	16575.576
16.465776	16595.208
16.472159	16608.475
16.478542	16610.480
16.484924	16593.876
16.491307	16579.057
16.497690	16593.408
16.504073	16593.917
16.510456	16580.933
16.516838	16563.354
16.523221	16585.451
16.529604	16624.182
16.535987	16597.959
16.542370	16560.333
16.548753	16544.805
16.555135	16528.523
16.561518	16512.457
16.567901	16497.766
16.574284	16494.061
16.580667	16499.222
16.587049	16535.908
16.593432	16498.356
16.599815	16410.691
16.606198	16392.532
16.612581	16404.180
16.618964	16403.248
16.625346	16374.690
16.631729	16349.145
16.638112	16316.998
16.644495	16318.307
16.650878	16341.287
16.657260	16320.769
16.663643	16314.571
16.670026	16303.743
16.676409	16269.041
16.682792	16234.797
16.689175	16232.183
16.695557	16254.455
16.701940	16275.787
16.708323	16251.325
16.714706	16220.684
16.721089	16246.406
16.727471	16229.389
16.733854	16220.089
16.740237	16187.303
16.746620	16182.073
16.753003	16194.373
16.759386	16170.762
16.765768	16168.340
16.772151	16177.106
16.778534	16158.686
16.784917	16128.605
16.791300	16142.969
16.797682	16159.471
16.804065	16152.942
16.810448	16115.983
16.816831	16092.875
16.823214	16094.767
16.829597	16130.532
16.835979	16161.223
16.842362	16128.054
16.848745	16115.303
16.855128	16117.448
16.861511	16112.647
16.867893	16157.376
16.874276	16162.781
16.880659	16152.206
16.887042	16132.881
16.893425	16084.031
16.899808	16094.747
16.906190	16099.622
16.912573	16103.862
16.918956	16099.965
16.925339	16082.207
16.931722	16070.030
16.938104	16053.431
16.944487	16039.551
16.950870	16086.703
16.957253	16074.818
16.963636	16061.342
16.970019	16084.295
16.976401	16073.145
16.982784	16030.492
16.989167	16003.983
16.995550	16013.378
17.001933	16011.435
17.008316	15999.947
17.014698	15969.478
17.021081	15913.041
17.027464	15934.511
17.033847	15965.986
17.040230	15968.840
17.046612	15964.272
17.052995	15952.976
17.059378	15914.483
17.065761	15904.075
17.072144	15949.722
17.078527	15969.349
17.084909	15960.134
17.091292	16015.739
17.097675	15994.941
17.104058	15949.727
17.110441	15959.128
17.116823	15977.727
17.123206	15984.998
17.129589	15983.491
17.135972	15970.777
17.142355	15904.715
17.148738	15875.327
17.155120	15899.254
17.161503	15919.133
17.167886	15922.528
17.174269	15948.339
17.180652	15925.293
17.187034	15900.233
17.193417	15922.667
17.199800	15961.913
17.206183	15978.473
17.212566	15940.499
17.218949	15927.887
17.225331	15932.312
17.231714	15910.356
17.238097	15896.553
17.244480	15931.143
17.250863	15928.051
17.257245	15927.556
17.263628	15932.438
17.270011	15911.458
17.276394	15905.338
17.282777	15933.267
17.289160	15955.319
17.295542	15959.076
17.301925	15926.232
17.308308	15904.770
17.314691	15936.785
17.321074	15923.286
17.327456	15878.110
17.333839	15837.456
17.340222	15814.555
17.346605	15817.085
17.352988	15870.486
17.359371	15884.077
17.365753	15849.305
17.372136	15827.263
17.378519	15799.541
17.384902	15834.779
17.391285	15824.213
17.397667	15818.552
17.404050	15837.368
17.410433	15819.198
17.416816	15836.888
17.423199	15834.863
17.429582	15822.358
17.435964	15844.570
17.442347	15812.659
17.448730	15802.012
17.455113	15803.894
17.461496	15789.510
17.467878	15822.711
17.474261	15830.802
17.480644	15798.344
17.487027	15797.260
17.493410	15780.583
17.499793	15783.857
17.506175	15770.141
17.512558	15769.415
17.518941	15833.378
17.525324	15814.135
17.531707	15791.152
17.538089	15793.952
17.544472	15762.984
17.550855	15736.097
17.557238	15708.104
17.563621	15699.309
17.570004	15727.029
17.576386	15739.286
17.582769	15736.904
17.589152	15704.152
17.595535	15649.410
17.601918	15654.801
17.608300	15687.635
17.614683	15685.913
17.621066	15644.368
17.627449	15620.561
17.633832	15610.506
17.640215	15626.605
17.646597	15646.559
17.652980	15630.888
17.659363	15613.924
17.665746	15573.172
17.672129	15612.683
17.678511	15616.499
17.684894	15573.749
17.691277	15575.186
17.697660	15583.666
17.704043	15557.791
17.710426	15569.813
17.716808	15587.153
17.723191	15564.714
17.729574	15536.793
17.735957	15555.486
17.742340	15571.764
17.748722	15546.465
17.755105	15544.681
17.761488	15536.746
17.767871	15550.200
17.774254	15547.870
17.780637	15528.779
17.787019	15472.317
17.793402	15454.166
17.799785	15424.224
17.806168	15405.393
17.812551	15435.361
17.818933	15445.232
17.825316	15431.237
17.831699	15420.002
17.838082	15443.834
17.844465	15368.917
17.850848	15344.576
17.857230	15398.839
17.863613	15443.666
17.869996	15441.771
17.876379	15403.722
17.882762	15357.126
17.889144	15360.056
17.895527	15368.456
17.901910	15352.668
17.908293	15349.494
17.914676	15366.631
17.921059	15341.936
17.927441	15289.128
17.933824	15323.996
17.940207	15334.452
17.946590	15272.870
17.952973	15279.633
17.959355	15306.399
17.965738	15283.871
17.972121	15312.458
17.978504	15339.696
17.984887	15291.640
17.991270	15266.434
17.997652	15297.906
18.004035	15322.464
18.010418	15343.076
18.016801	15295.131
18.023184	15262.390
18.029566	15283.086
18.035949	15314.537
18.042332	15317.812
18.048715	15333.546
18.055098	15346.845
18.061481	15332.526
18.067863	15292.752
18.074246	15272.121
18.080629	15289.302
18.087012	15282.239
18.093395	15276.986
18.099777	15296.465
18.106160	15294.405
18.112543	15262.458
18.118926	15239.450
18.125309	15240.578
18.131692	15281.641
18.138074	15227.399
18.144457	15249.786
18.150840	15317.411
18.157223	15330.473
18.163606	15304.510
18.169988	15290.015
18.176371	15290.413
18.182754	15292.148
18.189137	15281.229
18.195520	15264.803
18.201903	15252.623
18.208285	15234.475
18.214668	15249.624
18.221051	15223.356
18.227434	15218.546
18.233817	15231.003
18.240199	15237.294
18.246582	15218.712
18.252965	15207.093
18.259348	15255.705
18.265731	15247.862
18.272114	15211.560
18.278496	15201.169
18.284879	15234.260
18.291262	15253.104
18.297645	15267.136
18.304028	15232.562
18.310410	15214.520
18.316793	15214.525
18.323176	15250.482
18.329559	15265.331
18.335942	15200.898
18.342325	15198.177
18.348707	15218.397
18.355090	15200.362
18.361473	15198.478
18.367856	15194.123
18.374239	15199.522
18.380621	15178.274
18.387004	15185.940
18.393387	15185.805
18.399770	15204.519
18.406153	15191.063
18.412536	15183.114
18.418918	15172.065
18.425301	15165.254
18.431684	15146.292
18.438067	15118.722
18.444450	15104.840
18.450832	15098.471
18.457215	15117.559
18.463598	15142.445
18.469981	15171.184
18.476364	15121.980
18.482747	15109.536
18.489129	15095.149
18.495512	15092.303
18.501895	15108.674
18.508278	15131.091
18.514661	15141.262
18.521043	15151.994
18.527426	15150.535
18.533809	15120.160
18.540192	15130.375
18.546575	15150.802
18.552958	15167.366
18.559340	15131.795
18.565723	15144.217
18.572106	15159.488
18.578489	15145.139
18.584872	15142.486
18.591254	15129.655
18.597637	15112.450
18.604020	15140.312
18.610403	15134.129
18.616786	15108.937
18.623169	15136.020
18.629551	15175.713
18.635934	15165.785
18.642317	15176.016
18.648700	15161.796
18.655083	15119.700
18.661465	15080.071
18.667848	15093.771
18.674231	15105.863
18.680614	15098.806
18.686997	15103.262
18.693380	15067.794
18.699762	15027.746
18.706145	15041.721
18.712528	15078.294
18.718911	15066.434
18.725294	15069.508
18.731676	15075.977
18.738059	15057.264
18.744442	15058.978
18.750825	15041.590
18.757208	15048.541
18.763591	15033.574
18.769973	14995.588
18.776356	14992.750
18.782739	15032.369
18.789122	15026.050
18.795505	15009.091
18.801887	14996.687
18.808270	15013.089
18.814653	15007.312
18.821036	14963.235
18.827419	15000.406
18.833802	15047.869
18.840184	15007.191
18.846567	15001.128
18.852950	15007.337
18.859333	15008.500
18.865716	15039.585
18.872098	15023.067
18.878481	15002.855
18.884864	15030.982
18.891247	15025.915
18.897630	15006.255
18.904013	14992.783
18.910395	15041.016
18.916778	15073.793
18.923161	15026.447
18.929544	15055.307
18.935927	15067.265
18.942309	15026.873
18.948692	15005.204
18.955075	14997.052
18.961458	14975.721
18.967841	14951.568
18.974224	14954.798
18.980606	14982.208
18.986989	15018.167
18.993372	15045.700
18.999755	15057.479
19.006138	15036.381
19.012520	14998.778
19.018903	14983.961
19.025286	14968.195
19.031669	14951.202
19.038052	14920.467
19.044435	14907.369
19.050817	14944.685
19.057200	14970.405
19.063583	14931.762
19.069966	14888.419
19.076349	14892.253
19.082731	14895.657
19.089114	14887.019
19.095497	14882.099
19.101880	14920.215
19.108263	14915.232
19.114646	14910.208
19.121028	14867.727
19.127411	14888.620
19.133794	14930.904
19.140177	14941.891
19.146560	14922.333
19.152942	14882.060
19.159325	14842.180
19.165708	14859.670
19.172091	14892.537
19.178474	14884.906
19.184857	14865.883
19.191239	14877.293
19.197622	14886.792
19.204005	14892.183
19.210388	14934.083
19.216771	14874.178
19.223153	14850.615
19.229536	14819.758
19.235919	14813.622
19.242302	14812.352
19.248685	14830.796
19.255068	14870.487
19.261450	14832.475
19.267833	14851.508
19.274216	14865.020
19.280599	14809.144
19.286982	14766.524
19.293364	14775.884
19.299747	14799.389
19.306130	14761.356
19.312513	14766.529
19.318896	14764.870
19.325279	14795.453
19.331661	14820.833
19.338044	14752.125
19.344427	14690.023
19.350810	14676.738
19.357193	14727.698
19.363575	14779.319
19.369958	14752.423
19.376341	14714.996
19.382724	14704.188
19.389107	14701.618
19.395490	14728.682
19.401872	14748.158
19.408255	14769.183
19.414638	14738.050
19.421021	14703.955
19.427404	14685.411
19.433786	14680.050
19.440169	14696.502
19.446552	14691.118
19.452935	14713.965
19.459318	14697.935
19.465701	14659.508
19.472083	14670.938
19.478466	14659.874
19.484849	14637.540
19.491232	14631.687
19.497615	14628.516
19.503997	14619.802
19.510380	14556.298
19.516763	14557.041
19.523146	14577.998
19.529529	14579.827
19.535912	14640.348
19.542294	14650.458
19.548677	14597.117
19.555060	14522.367
19.561443	14500.312
19.567826	14532.515
19.574208	14557.507
19.580591	14581.636
19.586974	14572.288
19.593357	14536.330
19.599740	14556.526
19.606123	14588.818
19.612505	14563.066
19.618888	14521.500
19.625271	14508.710
19.631654	14494.450
19.638037	14509.210
19.644419	14487.416
19.650802	14489.255
19.657185	14522.076
19.663568	14514.444
19.669951	14487.038
19.676334	14484.309
19.682716	14459.202
19.689099	14437.362
19.695482	14453.420
19.701865	14460.431
19.708248	14438.367
19.714630	14445.052
19.721013	14472.669
19.727396	14429.792
19.733779	14380.085
19.740162	14386.362
19.746545	14399.392
19.752927	14376.012
19.759310	14388.911
19.765693	14398.281
19.772076	14403.759
19.778459	14441.493
19.784841	14401.178
19.791224	14410.598
19.797607	14395.402
19.803990	14390.102
19.810373	14378.904
19.816756	14393.101
19.823138	14392.027
19.829521	14378.602
19.835904	14403.157
19.842287	14352.209
19.848670	14322.120
19.855052	14283.997
19.861435	14300.141
19.867818	14347.104
19.874201	14315.173
19.880584	14291.326
19.886967	14326.023
19.893349	14344.795
19.899732	14278.299
19.906115	14269.612
19.912498	14282.449
19.918881	14278.287
19.925263	14298.164
19.931646	14321.561
19.938029	14340.269
19.944412	14320.951
19.950795	14302.227
19.957178	14297.071
19.963560	14301.605
19.969943	14321.411
19.976326	14315.664
19.982709	14255.117
19.989092	14231.623
19.995474	14221.311
20.001857	14223.637
20.008240	14258.956
20.014623	14262.998
20.021006	14193.158
20.027389	14184.073
20.033771	14200.367
20.040154	14156.576
20.046537	14139.016
20.052920	14164.608
20.059303	14181.665
20.065685	14178.670
20.072068	14175.698
20.078451	14141.699
20.084834	14169.415
20.091217	14201.772
20.097600	14190.357
20.103982	14196.056
20.110365	14217.930
20.116748	14246.807
20.123131	14230.046
20.129514	14207.819
20.135896	14182.808
20.142279	14204.265
20.148662	14196.465
20.155045	14178.781
20.161428	14168.327
20.167811	14166.474
20.174193	14177.479
20.180576	14137.667
20.186959	14143.052
20.193342	14173.164
20.199725	14126.252
20.206108	14084.632
20.212490	14070.762
20.218873	14114.910
20.225256	14141.052
20.231639	14110.907
20.238022	14077.527
20.244404	14105.886
20.250787	14138.791
20.257170	14165.652
20.263553	14147.513
20.269936	14135.704
20.276319	14123.193
20.282701	14126.766
20.289084	14096.579
20.295467	14150.464
20.301850	14158.488
20.308233	14100.624
20.314615	14142.163
20.320998	14203.149
20.327381	14210.907
20.333764	14165.352
20.340147	14181.958
20.346530	14164.176
20.352912	14079.321
20.359295	14080.805
20.365678	14117.183
20.372061	14128.362
20.378444	14126.644
20.384826	14125.851
20.391209	14120.086
20.397592	14101.134
20.403975	14103.285
20.410358	14022.668
20.416741	14017.482
20.423123	14001.816
20.429506	14052.507
20.435889	14095.311
20.442272	14090.729
20.448655	14028.565
20.455037	14024.514
20.461420	13986.297
20.467803	13991.562
20.474186	14059.373
20.480569	14121.306
20.486952	14104.953
20.493334	14027.558
20.499717	14034.023
20.506100	13993.551
20.512483	13984.199
20.518866	14059.369
20.525248	14066.781
20.531631	14010.334
20.538014	13952.450
20.544397	13989.926
20.550780	14009.834
20.557163	14021.632
20.563545	14043.249
20.569928	14019.820
20.576311	13999.738
20.582694	14023.484
20.589077	14009.978
20.595459	13933.767
20.601842	13959.588
20.608225	14056.856
20.614608	14037.976
20.620991	13990.748
20.627374	14009.272
20.633756	14048.417
20.640139	14011.100
20.646522	13991.011
20.652905	14029.194
20.659288	14046.126
20.665670	13984.166
20.672053	13973.667
20.678436	13964.745
20.684819	13961.316
20.691202	13968.839
20.697585	13954.300
20.703967	14012.488
20.710350	14000.435
20.716733	14020.420
20.723116	14010.881
20.729499	13991.440
20.735881	14004.581
20.742264	13993.587
20.748647	13987.118
20.755030	13952.845
20.761413	13986.153
20.767796	14046.574
20.774178	14037.565
20.780561	13958.220
20.786944	13956.650
20.793327	13968.438
20.799710	14003.215
20.806092	13971.200
20.812475	13941.165
20.818858	13922.229
20.825241	13935.643
20.831624	13964.427
20.838007	13999.722
20.844389	13995.833
20.850772	13954.243
20.857155	13913.477
20.863538	13953.888
20.869921	13991.138
20.876303	13984.336
20.882686	13996.591
20.889069	13988.510
20.895452	13933.224
20.901835	13907.380
20.908218	13935.155
20.914600	13948.972
20.920983	13980.479
20.927366	13952.842
20.933749	13930.238
20.940132	13942.117
20.946514	13849.360
20.952897	13879.433
20.959280	13933.099
20.965663	13930.057
20.972046	13921.049
20.978429	13899.165
20.984811	13877.613
20.991194	13890.786
20.997577	13903.862
21.003960	13865.483
21.010343	13827.580
21.016725	13841.329
21.023108	13899.808
21.029491	13922.539
21.035874	13883.315
21.042257	13859.784
21.048640	13870.094
21.055022	13874.901
21.061405	13818.146
21.067788	13846.360
21.074171	13867.693
21.080554	13864.243
21.086936	13854.974
21.093319	13862.174
21.099702	13825.427
21.106085	13802.968
21.112468	13798.817
21.118851	13869.007
21.125233	13904.632
21.131616	13878.476
21.137999	13835.311
21.144382	13845.106
21.150765	13833.016
21.157147	13805.021
21.163530	13835.540
21.169913	13802.821
21.176296	13802.466
21.182679	13812.503
21.189062	13789.120
21.195444	13793.537
21.201827	13781.920
21.208210	13806.630
21.214593	13817.638
21.220976	13764.689
21.227358	13756.656
21.233741	13741.002
21.240124	13753.626
21.246507	13746.434
21.252890	13816.147
21.259273	13759.861
21.265655	13730.512
21.272038	13762.667
21.278421	13688.889
21.284804	13681.205
21.291187	13747.898
21.297569	13769.193
21.303952	13731.882
21.310335	13757.131
21.316718	13761.054
21.323101	13712.453
21.329484	13678.942
21.335866	13684.549
21.342249	13733.588
21.348632	13742.667
21.355015	13755.622
21.361398	13738.704
21.367780	13731.598
21.374163	13720.515
21.380546	13748.422
21.386929	13744.288
21.393312	13783.533
21.399695	13794.939
21.406077	13722.146
21.412460	13745.094
21.418843	13747.289
21.425226	13682.312
21.431609	13655.711
21.437991	13751.543
21.444374	13737.936
21.450757	13699.860
21.457140	13724.656
21.463523	13736.601
21.469906	13686.350
21.476288	13681.746
21.482671	13627.401
21.489054	13678.109
21.495437	13684.202
21.501820	13684.306
21.508202	13663.739
21.514585	13653.846
21.520968	13674.365
21.527351	13722.554
21.533734	13675.302
21.540117	13664.911
21.546499	13687.980
21.552882	13702.898
21.559265	13681.705
21.565648	13650.900
21.572031	13601.452
21.578413	13619.503
21.584796	13664.863
21.591179	13674.705
21.597562	13709.227
21.603945	13669.275
21.610328	13594.733
21.616710	13616.997
21.623093	13682.256
21.629476	13617.125
21.635859	13650.373
21.642242	13635.084
21.648624	13595.935
21.655007	13582.954
21.661390	13611.874
21.667773	13642.548
21.674156	13659.903
21.680539	13635.711
21.686921	13603.813
21.693304	13629.225
21.699687	13678.116
21.706070	13628.630
21.712453	13637.797
21.718835	13652.654
21.725218	13642.123
21.731601	13582.746
21.737984	13554.931
21.744367	13589.094
21.750750	13651.033
21.757132	13617.556
21.763515	13613.047
21.769898	13611.988
21.776281	13651.243
21.782664	13616.465
21.789046	13592.589
21.795429	13625.097
21.801812	13696.933
21.808195	13696.893
21.814578	13648.330
21.820961	13617.345
21.827343	13600.241
21.833726	13599.433
21.840109	13580.267
21.846492	13621.481
21.852875	13608.092
21.859257	13563.636
21.865640	13599.034
21.872023	13588.350
21.878406	13589.554
21.884789	13638.248
21.891172	13603.340
21.897554	13583.529
21.903937	13567.773
21.910320	13583.134
21.916703	13608.040
21.923086	13601.030
21.929468	13555.514
21.935851	13576.841
21.942234	13574.479
21.948617	13575.642
21.955000	13612.899
21.961383	13588.121
21.967765	13522.381
21.974148	13557.641
21.980531	13617.657
21.986914	13584.982
21.993297	13532.484
21.999679	13556.867
22.006062	13559.389
22.012445	13564.565
22.018828	13583.099
22.025211	13633.134
22.031594	13604.262
22.037976	13537.221
22.044359	13528.465
22.050742	13574.975
22.057125	13644.291
22.063508	13616.267
22.069890	13555.561
22.076273	13597.531
22.082656	13620.670
22.089039	13575.174
22.095422	13551.382
22.101805	13528.266
22.108187	13478.711
22.114570	13607.056
22.120953	13646.367
22.127336	13595.579
22.133719	13503.189
22.140101	13496.465
22.146484	13593.780
22.152867	13654.400
22.159250	13611.070
22.165633	13563.683
22.172016	13523.030
22.178398	13597.203
22.184781	13540.582
22.191164	13488.844
22.197547	13491.940
22.203930	13504.011
22.210312	13544.497
22.216695	13538.391
22.223078	13569.135
22.229461	13497.346
22.235844	13495.711
22.242227	13535.854
22.248609	13478.823
22.254992	13544.508
22.261375	13580.374
22.267758	13559.978
22.274141	13556.279
22.280523	13516.076
22.286906	13490.332
22.293289	13456.146
22.299672	13496.689
22.306055	13563.075
22.312438	13539.476
22.318820	13459.784
22.325203	13529.928
22.331586	13530.147
22.337969	13501.041
22.344352	13503.184
22.350734	13479.055
22.357117	13426.218
22.363500	13476.696
22.369883	13525.511
22.376266	13519.382
22.382649	13544.073
22.389031	13507.299
22.395414	13487.143
22.401797	13446.924
22.408180	13452.761
22.414563	13518.710
22.420945	13491.592
22.427328	13446.176
22.433711	13357.611
22.440094	13442.251
22.446477	13513.741
22.452860	13529.144
22.459242	13501.447
22.465625	13459.217
22.472008	13452.256
22.478391	13501.190
22.484774	13500.098
22.491156	13470.555
22.497539	13451.538
22.503922	13430.349
22.510305	13444.098
22.516688	13479.916
22.523071	13443.429
22.529453	13487.376
22.535836	13492.601
22.542219	13562.149
22.548602	13593.277
22.554985	13474.832
22.561367	13454.908
22.567750	13448.376
22.574133	13503.219
22.580516	13502.257
22.586899	13456.556
22.593282	13466.939
22.599664	13443.049
22.606047	13383.395
22.612430	13386.661
22.618813	13461.448
22.625196	13512.587
22.631578	13459.020
22.637961	13509.302
22.644344	13460.720
22.650727	13462.680
22.657110	13411.404
22.663493	13483.245
22.669875	13462.914
22.676258	13455.567
22.682641	13436.115
22.689024	13396.848
22.695407	13384.657
22.701789	13433.931
22.708172	13440.871
22.714555	13441.817
22.720938	13415.253
22.727321	13395.671
22.733704	13405.316
22.740086	13463.272
22.746469	13370.969
22.752852	13326.146
22.759235	13384.906
22.765618	13369.267
22.772000	13463.269
22.778383	13432.283
22.784766	13439.042
22.791149	13413.907
22.797532	13379.384
22.803915	13415.339
22.810297	13382.809
22.816680	13417.792
22.823063	13430.042
22.829446	13392.036
22.835829	13365.268
22.842211	13373.323
22.848594	13410.287
22.854977	13418.211
22.861360	13328.339
22.867743	13292.252
22.874126	13361.813
22.880508	13373.985
22.886891	13419.820
22.893274	13416.621
22.899657	13324.157
22.906040	13337.081
22.912422	13370.811
22.918805	13307.745
22.925188	13284.557
22.931571	13328.983
22.937954	13331.944
22.944337	13359.616
22.950719	13345.819
22.957102	13353.627
22.963485	13359.735
22.969868	13314.561
22.976251	13351.936
22.982633	13339.973
22.989016	13285.430
22.995399	13316.754
23.001782	13290.627
23.008165	13258.275
23.014548	13336.963
23.020930	13327.682
23.027313	13431.298
23.033696	13401.285
23.040079	13300.306
23.046462	13321.203
23.052844	13306.352
23.059227	13252.947
23.065610	13300.194
23.071993	13295.750
23.078376	13242.179
23.084759	13316.930
23.091141	13307.756
23.097524	13270.343
23.103907	13280.827
23.110290	13268.877
23.116673	13269.137
23.123055	13237.437
23.129438	13237.871
23.135821	13287.848
23.142204	13288.499
23.148587	13249.454
23.154970	13282.224
23.161352	13232.730
23.167735	13208.161
23.174118	13241.507
23.180501	13261.656
23.186884	13317.952
23.193266	13224.225
23.199649	13184.945
23.206032	13237.603
23.212415	13193.428
23.218798	13200.814
23.225181	13239.560
23.231563	13230.335
23.237946	13226.426
23.244329	13260.702
23.250712	13271.650
23.257095	13275.823
23.263477	13286.167
23.269860	13293.501
23.276243	13265.320
23.282626	13221.510
23.289009	13204.812
23.295392	13204.819
23.301774	13272.240
23.308157	13204.034
23.314540	13265.691
23.320923	13210.391
23.327306	13130.180
23.333688	13156.497
23.340071	13268.316
23.346454	13219.142
23.352837	13180.579
23.359220	13206.243
23.365603	13184.026
23.371985	13198.103
23.378368	13208.879
23.384751	13105.780
23.391134	13139.605
23.397517	13213.906
23.403900	13130.554
23.410282	13178.424
23.416665	13230.189
23.423048	13256.588
23.429431	13125.513
23.435814	13144.662
23.442196	13179.933
23.448579	13166.205
23.454962	13189.600
23.461345	13141.716
23.467728	13133.452
23.474111	13047.970
23.480493	13147.537
23.486876	13159.490
23.493259	13093.244
23.499642	13128.058
23.506025	13157.960
23.512407	13213.666
23.518790	13146.611
23.525173	13162.877
23.531556	13142.328
23.537939	13124.729
23.544322	13138.156
23.550704	13147.526
23.557087	13178.021
23.563470	13048.960
23.569853	13094.071
23.576236	13082.995
23.582618	13139.027
23.589001	13084.114
23.595384	13136.097
23.601767	13161.405
23.608150	13145.088
23.614533	13164.244
23.620915	13067.277
23.627298	13049.666
23.633681	13097.482
23.640064	13193.826
23.646447	13120.101
23.652829	13151.135
23.659212	13120.329
23.665595	13118.905
23.671978	13108.461
23.678361	13133.177
23.684744	13113.934
23.691126	13084.546
23.697509	13046.366
23.703892	13089.427
23.710275	13140.980
23.716658	13088.089
23.723040	13088.698
23.729423	13041.617
23.735806	13140.583
23.742189	13109.478
23.748572	13109.672
23.754955	13021.929
23.761337	13045.629
23.767720	13159.448
23.774103	13139.681
23.780486	13116.359
23.786869	13015.701
23.793251	12989.890
23.799634	13116.540
23.806017	13163.038
23.812400	13180.397
23.818783	13182.943
23.825166	13124.539
23.831548	13119.739
23.837931	12984.596
23.844314	13053.026
23.850697	13115.347
23.857080	13088.071
23.863462	12986.222
23.869845	12984.165
23.876228	13098.477
23.882611	13092.663
23.888994	13066.791
23.895377	13125.683
23.901759	13021.510
23.908142	13007.740
23.914525	13136.947
23.920908	13123.326
23.927291	13102.625
23.933673	13056.757
23.940056	12970.695
23.946439	13140.049
23.952822	13071.364
23.959205	12942.424
23.965588	13041.921
23.971970	13097.997
23.978353	13070.153
23.984736	12965.530
23.991119	12979.342
23.997502	13001.162
24.003884	12968.068
24.010267	13023.749
24.016650	13125.453
24.023033	13097.272
24.029416	13071.808
24.035799	13073.639
24.042181	13026.980
24.048564	13019.669
24.054947	13040.513
24.061330	13021.668
24.067713	13044.852
24.074095	13020.092
24.080478	13048.803
24.086861	13103.080
24.093244	13056.680
24.099627	13133.064
24.106010	13043.247
24.112392	13062.103
24.118775	13011.874
24.125158	12967.213
24.131541	13034.085
24.137924	13025.278
24.144306	13096.766
24.150689	13004.732
24.157072	13017.191
24.163455	12978.871
24.169838	12951.432
24.176221	12981.414
24.182603	13014.763
24.188986	12993.459
24.195369	13026.302
24.201752	13027.067
24.208135	13003.074
24.214517	12971.336
24.220900	12933.550
24.227283	12990.842
24.233666	12994.399
24.240049	12952.584
24.246432	12961.478
24.252814	12934.909
24.259197	13006.273
24.265580	12912.338
24.271963	12916.410
24.278346	12995.872
24.284728	12978.950
24.291111	12989.349
24.297494	12911.530
24.303877	12874.020
24.310260	13001.154
24.316643	12994.498
24.323025	12925.438
24.329408	12966.687
24.335791	13000.085
24.342174	12968.604
24.348557	12956.191
24.354939	12957.499
24.361322	12885.915
24.367705	12911.724
24.374088	12909.654
24.380471	12903.207
24.386854	12917.472
24.393236	12938.834
24.399619	12943.376
24.406002	12936.574
24.412385	12868.114
24.418768	12859.547
24.425150	12855.260
24.431533	12806.841
24.437916	12935.458
24.444299	12942.018
24.450682	12949.271
24.457065	12946.121
24.463447	12955.623
24.469830	12885.238
24.476213	12948.591
24.482596	12840.457
24.488979	12801.414
24.495361	12868.796
24.501744	12925.096
24.508127	12933.139
24.514510	13019.220
24.520893	12867.594
24.527276	12871.832
24.533658	12822.144
24.540041	12783.556
24.546424	12884.430
24.552807	12967.115
24.559190	12856.327
24.565572	12790.708
24.571955	12815.982
24.578338	12840.320
24.584721	12881.495
24.591104	12836.881
24.597487	12791.052
24.603869	12796.564
24.610252	12711.155
24.616635	12774.075
24.623018	12804.482
24.629401	12837.200
24.635783	12860.879
24.642166	12715.786
24.648549	12746.493
24.654932	12861.886
24.661315	12854.719
24.667698	12771.299
24.674080	12776.886
24.680463	12737.815
24.686846	12679.929
24.693229	12816.735
24.699612	12840.617
24.705994	12764.439
24.712377	12844.246
24.718760	12812.833
24.725143	12818.611
24.731526	12829.151
24.737909	12844.856
24.744291	12802.446
24.750674	12734.561
24.757057	12811.805
24.763440	12809.064
24.769823	12831.677
24.776205	12750.351
24.782588	12729.125
24.788971	12692.205
24.795354	12745.856
24.801737	12744.324
24.808120	12736.147
24.814502	12773.788
24.820885	12831.869
24.827268	12749.121
24.833651	12701.082
24.840034	12819.167
24.846416	12741.158
24.852799	12779.352
24.859182	12791.074
24.865565	12739.412
24.871948	12725.105
24.878331	12693.298
24.884713	12656.682
24.891096	12700.850
24.897479	12719.716
24.903862	12847.708
24.910245	12769.539
24.916627	12581.565
24.923010	12683.035
24.929393	12624.287
24.935776	12708.237
24.942159	12731.811
24.948542	12717.537
24.954924	12758.692
24.961307	12788.364
24.967690	12773.299
24.974073	12735.186
24.980456	12697.084
24.986838	12754.048
24.993221	12727.393
24.999604	12711.706
25.005987	12656.838
25.012370	12687.450
25.018753	12809.672
25.025135	12732.987
25.031518	12694.029
25.037901	12723.221
25.044284	12655.678
25.050667	12595.102
25.057049	12742.452
25.063432	12727.503
25.069815	12715.368
25.076198	12716.135
25.082581	12744.418
25.088964	12660.259
25.095346	12699.182
25.101729	12685.321
25.108112	12709.411
25.114495	12667.599
25.120878	12587.763
25.127260	12652.583
25.133643	12651.559
25.140026	12722.218
25.146409	12674.488
25.152792	12652.561
25.159175	12669.209
25.165557	12561.127
25.171940	12683.035
25.178323	12668.169
25.184706	12679.784
25.191089	12760.474
25.197471	12663.759
25.203854	12706.808
25.210237	12697.818
25.216620	12647.700
25.223003	12686.518
25.229386	12534.368
25.235768	12619.790
25.242151	12684.682
25.248534	12749.036
25.254917	12715.456
25.261300	12620.880
25.267682	12598.132
25.274065	12581.968
25.280448	12628.197
25.286831	12616.458
25.293214	12659.010
25.299597	12590.369
25.305979	12587.809
25.312362	12595.193
25.318745	12611.745
25.325128	12592.840
25.331511	12587.044
25.337893	12652.775
25.344276	12566.182
25.350659	12552.917
25.357042	12580.733
25.363425	12572.865
25.369808	12581.616
25.376190	12545.326
25.382573	12624.145
25.388956	12650.444
25.395339	12579.113
25.401722	12490.546
25.408104	12580.965
25.414487	12600.906
25.420870	12663.475
25.427253	12610.167
25.433636	12522.719
25.440019	12593.046
25.446401	12536.931
25.452784	12493.821
25.459167	12473.024
25.465550	12635.626
25.471933	12585.690
25.478315	12649.730
25.484698	12553.228
25.491081	12533.856
25.497464	12559.054
25.503847	12611.000
25.510230	12503.185
25.516612	12533.300
25.522995	12611.621
25.529378	12502.362
25.535761	12546.324
25.542144	12575.036
25.548526	12544.083
25.554909	12589.834
25.561292	12564.996
25.567675	12526.877
25.574058	12565.405
25.580441	12537.663
25.586823	12569.883
25.593206	12594.382
25.599589	12532.291
25.605972	12525.663
25.612355	12473.799
25.618737	12539.144
25.625120	12475.327
25.631503	12490.210
25.637886	12488.610
25.644269	12587.687
25.650652	12577.015
25.657034	12564.010
25.663417	12536.798
25.669800	12454.522
25.676183	12398.543
25.682566	12511.642
25.688948	12425.724
25.695331	12528.605
25.701714	12430.138
25.708097	12560.041
25.714480	12486.453
25.720863	12434.282
25.727245	12453.732
25.733628	12453.729
25.740011	12498.487
25.746394	12436.641
25.752777	12468.608
25.759159	12568.332
25.765542	12512.355
25.771925	12521.814
25.778308	12430.722
25.784691	12330.947
25.791074	12479.425
25.797456	12447.663
25.803839	12362.942
25.810222	12398.361
25.816605	12424.588
25.822988	12465.510
25.829370	12324.795
25.835753	12476.862
25.842136	12401.484
25.848519	12360.120
25.854902	12484.799
25.861285	12535.409
25.867667	12394.309
25.874050	12457.750
25.880433	12445.350
25.886816	12383.068
25.893199	12485.019
25.899581	12442.938
25.905964	12384.426
25.912347	12393.938
25.918730	12457.396
25.925113	12377.930
25.931496	12296.396
25.937878	12383.201
25.944261	12394.988
25.950644	12385.197
25.957027	12404.492
25.963410	12385.367
25.969792	12453.412
25.976175	12421.343
25.982558	12377.318
25.988941	12391.034
25.995324	12320.822
26.001707	12375.075
26.008089	12376.503
26.014472	12450.142
26.020855	12484.318
26.027238	12414.717
26.033621	12371.845
26.040003	12241.203
26.046386	12317.472
26.052769	12467.506
26.059152	12471.854
26.065535	12379.317
26.071918	12313.274
26.078300	12344.577
26.084683	12410.269
26.091066	12480.161
26.097449	12414.802
26.103832	12453.204
26.110214	12382.662
26.116597	12349.453
26.122980	12456.991
26.129363	12339.053
26.135746	12325.855
26.142129	12344.009
26.148511	12314.614
26.154894	12365.784
26.161277	12318.400
26.167660	12357.791
26.174043	12399.103
26.180425	12401.414
26.186808	12309.014
26.193191	12418.776
26.199574	12427.566
26.205957	12366.055
26.212340	12349.268
26.218722	12388.246
26.225105	12430.972
26.231488	12331.531
26.237871	12444.763
26.244254	12364.002
26.250636	12343.844
26.257019	12307.390
26.263402	12286.496
26.269785	12281.995
26.276168	12409.113
26.282551	12369.100
26.288933	12307.376
26.295316	12298.958
26.301699	12314.882
26.308082	12205.577
26.314465	12198.095
26.320847	12262.185
26.327230	12227.836
26.333613	12309.022
26.339996	12285.077
26.346379	12269.178
26.352762	12285.502
26.359144	12302.774
26.365527	12224.812
26.371910	12270.603
26.378293	12251.186
26.384676	12255.005
26.391058	12236.846
26.397441	12272.245
26.403824	12197.706
26.410207	12214.393
26.416590	12369.653
26.422973	12325.495
26.429355	12320.733
26.435738	12372.837
26.442121	12430.831
26.448504	12279.959
26.454887	12186.044
26.461269	12179.768
26.467652	12179.638
26.474035	12243.092
26.480418	12210.338
26.486801	12190.946
26.493184	12189.628
26.499566	12144.256
26.505949	12268.521
26.512332	12349.284
26.518715	12286.464
26.525098	12177.601
26.531480	12197.399
26.537863	12217.057
26.544246	12112.593
26.550629	12190.982
26.557012	12297.219
26.563395	12254.618
26.569777	12148.227
26.576160	12128.025
26.582543	12183.295
26.588926	12149.537
26.595309	12220.618
26.601692	12164.330
26.608074	12210.216
26.614457	12165.513
26.620840	12243.959
26.627223	12200.821
26.633606	12248.114
26.639988	12242.169
26.646371	12188.923
26.652754	12298.844
26.659137	12300.906
26.665520	12149.163
26.671903	12190.806
26.678285	12279.421
26.684668	12210.806
26.691051	12227.778
26.697434	12097.559
26.703817	12169.026
26.710199	12124.995
26.716582	12069.832
26.722965	12113.903
26.729348	12133.918
26.735731	12165.227
26.742114	12181.908
26.748496	12171.421
26.754879	12134.991
26.761262	12017.342
26.767645	12217.498
26.774028	12185.735
26.780410	12088.856
26.786793	12195.835
26.793176	12101.724
26.799559	12107.587
26.805942	12109.233
26.812325	12174.598
26.818707	12052.941
26.825090	11972.050
26.831473	12189.072
26.837856	12145.365
26.844239	11982.865
26.850621	12044.112
26.857004	12159.201
26.863387	12074.712
26.869770	12108.826
26.876153	12148.406
26.882536	12129.128
26.888918	12133.564
26.895301	12153.883
26.901684	12020.070
26.908067	12156.167
26.914450	12043.819
26.920832	12054.782
26.927215	12119.393
26.933598	12140.405
26.939981	12119.685
26.946364	12074.232
26.952747	12114.091
26.959129	12192.982
26.965512	12162.062
26.971895	12274.806
26.978278	12060.047
26.984661	12063.012
26.991043	12109.183
26.997426	11994.931
27.003809	12138.248
27.010192	11966.289
27.016575	12084.794
27.022958	12188.786
27.029340	12187.972
27.035723	12108.237
27.042106	12072.326
27.048489	12094.338
27.054872	12148.020
27.061254	12101.327
27.067637	12123.209
27.074020	12087.534
27.080403	12002.868
27.086786	11927.464
27.093169	11931.370
27.099551	12018.763
27.105934	12113.268
27.112317	12058.764
27.118700	12043.456
27.125083	12030.787
27.131465	11990.598
27.137848	11970.356
27.144231	12071.939
27.150614	12120.766
27.156997	12088.681
27.163380	12185.075
27.169762	12134.016
27.176145	12041.776
27.182528	12168.182
27.188911	12069.607
27.195294	12111.662
27.201676	11924.393
27.208059	12049.793
27.214442	11973.826
27.220825	12070.802
27.227208	12074.480
27.233591	11984.915
27.239973	12021.241
27.246356	12084.407
27.252739	11877.844
27.259122	11959.137
27.265505	12143.408
27.271887	12006.777
27.278270	12062.470
27.284653	11925.266
27.291036	12058.900
27.297419	12174.012
27.303802	12046.651
27.310184	12109.774
27.316567	12032.151
27.322950	11963.670
27.329333	12071.016
27.335716	11990.266
27.342098	11956.133
27.348481	12025.842
27.354864	12095.066
27.361247	12037.980
27.367630	12078.476
27.374013	12002.520
27.380395	12039.494
27.386778	11974.127
27.393161	11945.243
27.399544	11941.606
27.405927	11924.727
27.412309	11873.045
27.418692	11963.393
27.425075	11848.092
27.431458	11899.027
27.437841	11947.511
27.444224	12036.807
27.450606	11858.391
27.456989	11929.024
27.463372	11828.164
27.469755	11957.232
27.476138	12020.777
27.482520	11918.982
27.488903	12002.218
27.495286	11924.088
27.501669	12081.474
27.508052	11833.408
27.514435	11878.088
27.520817	12022.766
27.527200	11945.605
27.533583	11995.175
27.539966	11977.593
27.546349	11912.246
27.552731	11945.589
27.559114	11792.878
27.565497	11803.074
27.571880	11966.670
27.578263	12001.638
27.584646	11955.874
27.591028	11994.753
27.597411	12001.392
27.603794	12014.798
27.610177	12093.882
27.616560	11917.850
27.622942	11949.588
27.629325	11818.916
27.635708	11813.053
27.642091	11800.789
27.648474	11884.757
27.654857	11865.695
27.661239	11980.408
27.667622	11868.253
27.674005	12023.521
27.680388	11854.329
27.686771	11898.456
27.693153	11874.475
27.699536	11877.648
27.705919	11743.305
27.712302	11904.020
27.718685	11787.180
27.725068	11819.399
27.731450	11919.989
27.737833	11855.172
27.744216	11643.612
27.750599	11752.370
27.756982	0.0000000
27.763364	0.0000000
27.769747	0.0000000
27.776130	0.0000000
27.782513	0.0000000
27.788896	0.0000000
27.795279	0.0000000
27.801661	0.0000000
27.808044	0.0000000
27.814427	0.0000000
27.820810	0.0000000
27.827193	0.0000000
27.833575	0.0000000
27.839958	0.0000000
27.846341	0.0000000
27.852724	0.0000000
27.859107	0.0000000
27.865490	0.0000000
27.871872	0.0000000
27.878255	0.0000000
27.884638	0.0000000
27.891021	0.0000000
27.897404	0.0000000
27.903786	0.0000000
27.910169	0.0000000
27.916552	0.0000000
27.922935	0.0000000
27.929318	0.0000000
27.935701	0.0000000
27.942083	0.0000000
27.948466	0.0000000
27.954849	0.0000000
27.961232	0.0000000
27.967615	0.0000000
27.973997	0.0000000
27.980380	0.0000000
27.986763	0.0000000
27.993146	0.0000000
27.999529	0.0000000
28.005912	0.0000000
28.012294	0.0000000
28.018677	0.0000000
28.025060	0.0000000
28.031443	0.0000000
28.037826	0.0000000
28.044208	0.0000000
28.050591	0.0000000
28.056974	0.0000000
28.063357	0.0000000
28.069740	0.0000000
28.076123	0.0000000
28.082505	0.0000000
28.088888	0.0000000
28.095271	0.0000000
28.101654	0.0000000
28.108037	0.0000000
28.114419	0.0000000
28.120802	0.0000000
28.127185	0.0000000
28.133568	0.0000000
28.139951	0.0000000
28.146334	0.0000000
28.152716	0.0000000
28.159099	0.0000000
28.165482	0.0000000
28.171865	0.0000000
28.178248	0.0000000
28.184630	0.0000000
28.191013	0.0000000
28.197396	0.0000000
28.203779	0.0000000
28.210162	0.0000000
28.216545	0.0000000
28.222927	0.0000000
28.229310	0.0000000
28.235693	0.0000000
28.242076	0.0000000
28.248459	0.0000000
28.254841	0.0000000
28.261224	0.0000000
28.267607	0.0000000
28.273990	0.0000000
28.280373	0.0000000
28.286756	0.0000000
28.293138	0.0000000
28.299521	0.0000000
28.305904	0.0000000
28.312287	0.0000000
28.318670	0.0000000
28.325052	0.0000000
28.331435	0.0000000
28.337818	0.0000000
28.344201	0.0000000
28.350584	0.0000000
28.356967	0.0000000
28.363349	0.0000000
28.369732	0.0000000
28.376115	0.0000000
28.382498	0.0000000
28.388881	0.0000000
28.395263	0.0000000
28.401646	0.0000000
28.408029	0.0000000
28.414412	0.0000000
28.420795	0.0000000
28.427178	0.0000000
28.433560	0.0000000
28.439943	0.0000000
28.446326	0.0000000
28.452709	0.0000000
28.459092	0.0000000
28.465474	0.0000000
28.471857	0.0000000
28.478240	0.0000000
28.484623	0.0000000
28.491006	0.0000000
28.497389	0.0000000
28.503771	0.0000000
28.510154	0.0000000
28.516537	0.0000000
28.522920	0.0000000
28.529303	0.0000000
28.535685	0.0000000
28.542068	0.0000000
28.548451	0.0000000
28.554834	0.0000000
28.561217	0.0000000
28.567600	0.0000000
28.573982	0.0000000
28.580365	0.0000000
28.586748	0.0000000
28.593131	0.0000000
28.599514	0.0000000
28.605896	0.0000000
28.612279	0.0000000
28.618662	0.0000000
28.625045	0.0000000
28.631428	0.0000000
28.637811	0.0000000
28.644193	0.0000000
28.650576	0.0000000
28.656959	0.0000000
28.663342	0.0000000
28.669725	0.0000000
28.676107	0.0000000
28.682490	0.0000000
28.688873	0.0000000
28.695256	0.0000000
28.701639	0.0000000
28.708022	0.0000000
28.714404	0.0000000
28.720787	0.0000000
28.727170	0.0000000
28.733553	0.0000000
28.739936	0.0000000
28.746318	0.0000000
28.752701	0.0000000
28.759084	0.0000000
28.765467	0.0000000
28.771850	0.0000000
28.778233	0.0000000
28.784615	0.0000000
28.790998	0.0000000
28.797381	0.0000000
28.803764	0.0000000
28.810147	0.0000000
28.816529	0.0000000
28.822912	0.0000000
28.829295	0.0000000
28.835678	0.0000000
28.842061	0.0000000
28.848444	0.0000000
28.854826	0.0000000
28.861209	0.0000000
28.867592	0.0000000
28.873975	0.0000000
28.880358	0.0000000
28.886740	0.0000000
28.893123	0.0000000
28.899506	0.0000000
28.905889	0.0000000
28.912272	0.0000000
28.918655	0.0000000
28.925037	0.0000000
28.931420	0.0000000
28.937803	0.0000000
28.944186	0.0000000
28.950569	0.0000000
28.956951	0.0000000
28.963334	0.0000000
28.969717	0.0000000
28.976100	0.0000000
28.982483	0.0000000
28.988866	0.0000000
28.995248	0.0000000
29.001631	0.0000000
29.008014	0.0000000
29.014397	0.0000000
29.020780	0.0000000
29.027162	0.0000000
29.033545	0.0000000
29.039928	0.0000000
29.046311	0.0000000
29.052694	0.0000000
29.059077	0.0000000
29.065459	0.0000000
29.071842	0.0000000
29.078225	0.0000000
29.084608	0.0000000
29.090991	0.0000000
29.097373	0.0000000
29.103756	0.0000000
29.110139	0.0000000
29.116522	0.0000000
29.122905	0.0000000
29.129288	0.0000000
29.135670	0.0000000
29.142053	0.0000000
29.148436	0.0000000
29.154819	0.0000000
29.161202	0.0000000
29.167584	0.0000000
29.173967	0.0000000
29.180350	0.0000000
29.186733	0.0000000
29.193116	0.0000000
29.199499	0.0000000
29.205881	0.0000000
29.212264	0.0000000
29.218647	0.0000000
29.225030	0.0000000
29.231413	0.0000000
29.237795	0.0000000
29.244178	0.0000000
29.250561	0.0000000
29.256944	0.0000000
29.263327	0.0000000
29.269710	0.0000000
29.276092	0.0000000
29.282475	0.0000000
29.288858	0.0000000
29.295241	0.0000000
29.301624	0.0000000
29.308006	0.0000000
29.314389	0.0000000
29.320772	0.0000000
29.327155	0.0000000
29.333538	0.0000000
29.339921	0.0000000
29.346303	0.0000000
29.352686	0.0000000
29.359069	0.0000000
29.365452	0.0000000
29.371835	0.0000000
29.378217	0.0000000
29.384600	0.0000000
29.390983	0.0000000
29.397366	0.0000000
29.403749	0.0000000
29.410132	0.0000000
29.416514	0.0000000
29.422897	0.0000000
29.429280	0.0000000
29.435663	0.0000000
29.442046	0.0000000
29.448428	0.0000000
29.454811	0.0000000
29.461194	0.0000000
29.467577	0.0000000
29.473960	0.0000000
29.480343	0.0000000
29.486725	0.0000000
29.493108	0.0000000
29.499491	0.0000000
29.505874	0.0000000
29.512257	0.0000000
29.518639	0.0000000
29.525022	0.0000000
29.531405	0.0000000
29.537788	0.0000000
29.544171	0.0000000
29.550554	0.0000000
29.556936	0.0000000
29.563319	0.0000000
29.569702	0.0000000
29.576085	0.0000000
29.582468	0.0000000
29.588850	0.0000000
29.595233	0.0000000
29.601616	0.0000000
29.607999	0.0000000
29.614382	0.0000000
29.620765	0.0000000
29.627147	0.0000000
29.633530	0.0000000
29.639913	0.0000000
29.646296	0.0000000
29.652679	0.0000000
29.659061	0.0000000
29.665444	0.0000000
29.671827	0.0000000
29.678210	0.0000000
29.684593	0.0000000
29.690976	0.0000000
29.697358	0.0000000
29.703741	0.0000000
29.710124	0.0000000
29.716507	0.0000000
29.722890	0.0000000
29.729272	0.0000000
29.735655	0.0000000
29.742038	0.0000000
29.748421	0.0000000
29.754804	0.0000000
29.761187	0.0000000
29.767569	0.0000000
29.773952	0.0000000
29.780335	0.0000000
29.786718	0.0000000
29.793101	0.0000000
29.799484	0.0000000
29.805866	0.0000000
29.812249	0.0000000
29.818632	0.0000000
29.825015	0.0000000
29.831398	0.0000000
29.837780	0.0000000
29.844163	0.0000000
29.850546	0.0000000
29.856929	0.0000000
29.863312	0.0000000
29.869695	0.0000000
29.876077	0.0000000
29.882460	0.0000000
29.888843	0.0000000
29.895226	0.0000000
29.901609	0.0000000
29.907991	0.0000000
29.914374	0.0000000
29.920757	0.0000000
29.927140	0.0000000
29.933523	0.0000000
29.939906	0.0000000
29.946288	0.0000000
29.952671	0.0000000
29.959054	0.0000000
29.965437	0.0000000
29.971820	0.0000000
29.978202	0.0000000
29.984585	0.0000000
29.990968	0.0000000
29.997351	0.0000000
30.003734	0.0000000
30.010117	0.0000000
30.016499	0.0000000
30.022882	0.0000000
30.029265	0.0000000
30.035648	0.0000000
30.042031	0.0000000
30.048413	0.0000000
30.054796	0.0000000
30.061179	0.0000000
30.067562	0.0000000
30.073945	0.0000000
30.080328	0.0000000
30.086710	0.0000000
30.093093	0.0000000
30.099476	0.0000000
30.105859	0.0000000
30.112242	0.0000000
30.118624	0.0000000
30.125007	0.0000000
30.131390	0.0000000
30.137773	0.0000000
30.144156	0.0000000
30.150539	0.0000000
30.156921	0.0000000
30.163304	0.0000000
30.169687	0.0000000
30.176070	0.0000000
30.182453	0.0000000
30.188835	0.0000000
30.195218	0.0000000
30.201601	0.0000000
30.207984	0.0000000
30.214367	0.0000000
30.220750	0.0000000
30.227132	0.0000000
30.233515	0.0000000
30.239898	0.0000000
30.246281	0.0000000
30.252664	0.0000000
30.259046	0.0000000
30.265429	0.0000000
30.271812	0.0000000
30.278195	0.0000000
30.284578	0.0000000
30.290961	0.0000000
30.297343	0.0000000
30.303726	0.0000000
30.310109	0.0000000
30.316492	0.0000000
30.322875	0.0000000
30.329257	0.0000000
30.335640	0.0000000
30.342023	0.0000000
30.348406	0.0000000
30.354789	0.0000000
30.361172	0.0000000
30.367554	0.0000000
30.373937	0.0000000
30.380320	0.0000000
30.386703	0.0000000
30.393086	0.0000000
30.399468	0.0000000
30.405851	0.0000000
30.412234	0.0000000
30.418617	0.0000000
30.425000	0.0000000
30.431383	0.0000000
30.437765	0.0000000
30.444148	0.0000000
30.450531	0.0000000
30.456914	0.0000000
30.463297	0.0000000
30.469679	0.0000000
30.476062	0.0000000
30.482445	0.0000000
30.488828	0.0000000
30.495211	0.0000000
30.501594	0.0000000
30.507976	0.0000000
30.514359	0.0000000
30.520742	0.0000000
30.527125	0.0000000
30.533508	0.0000000
30.539890	0.0000000
30.546273	0.0000000
30.552656	0.0000000
30.559039	0.0000000
30.565422	0.0000000
30.571805	0.0000000
30.578187	0.0000000
30.584570	0.0000000
30.590953	0.0000000
30.597336	0.0000000
30.603719	0.0000000
30.610101	0.0000000
30.616484	0.0000000
30.622867	0.0000000
30.629250	0.0000000
30.635633	0.0000000
30.642016	0.0000000
30.648398	0.0000000
30.654781	0.0000000
30.661164	0.0000000
30.667547	0.0000000
30.673930	0.0000000
30.680312	0.0000000
30.686695	0.0000000
30.693078	0.0000000
30.699461	0.0000000
30.705844	0.0000000
30.712227	0.0000000
30.718609	0.0000000
30.724992	0.0000000
30.731375	0.0000000
30.737758	0.0000000
30.744141	0.0000000
30.750523	0.0000000
30.756906	0.0000000
30.763289	0.0000000
30.769672	0.0000000
30.776055	0.0000000
30.782438	0.0000000
30.788820	0.0000000
30.795203	0.0000000
30.801586	0.0000000
30.807969	0.0000000
30.814352	0.0000000
30.820734	0.0000000
30.827117	0.0000000
30.833500	0.0000000
30.839883	0.0000000
30.846266	0.0000000
30.852649	0.0000000
30.859031	0.0000000
30.865414	0.0000000
30.871797	0.0000000
30.878180	0.0000000
30.884563	0.0000000
30.890945	0.0000000
30.897328	0.0000000
30.903711	0.0000000
30.910094	0.0000000
30.916477	0.0000000
30.922860	0.0000000
30.929242	0.0000000
30.935625	0.0000000
30.942008	0.0000000
30.948391	0.0000000
30.954774	0.0000000
30.961156	0.0000000
30.967539	0.0000000
30.973922	0.0000000
30.980305	0.0000000
30.986688	0.0000000
30.993071	0.0000000
30.999453	0.0000000
31.005836	0.0000000
31.012219	0.0000000
31.018602	0.0000000
31.024985	0.0000000
31.031367	0.0000000
31.037750	0.0000000
31.044133	0.0000000
31.050516	0.0000000
31.056899	0.0000000
31.063282	0.0000000
31.069664	0.0000000
31.076047	0.0000000
31.082430	0.0000000
31.088813	0.0000000
31.095196	0.0000000
31.101578	0.0000000
31.107961	0.0000000
31.114344	0.0000000
31.120727	0.0000000
31.127110	0.0000000
31.133493	0.0000000
31.139875	0.0000000
31.146258	0.0000000
31.152641	0.0000000
31.159024	0.0000000
31.165407	0.0000000
31.171789	0.0000000
31.178172	0.0000000
31.184555	0.0000000
31.190938	0.0000000
31.197321	0.0000000
31.203704	0.0000000
31.210086	0.0000000
31.216469	0.0000000
31.222852	0.0000000
31.229235	0.0000000
31.235618	0.0000000
31.242000	0.0000000
31.248383	0.0000000
31.254766	0.0000000
31.261149	0.0000000
31.267532	0.0000000
31.273915	0.0000000
31.280297	0.0000000
31.286680	0.0000000
31.293063	0.0000000
31.299446	0.0000000
31.305829	0.0000000
31.312211	0.0000000
31.318594	0.0000000
31.324977	0.0000000
31.331360	0.0000000
31.337743	0.0000000
31.344126	0.0000000
31.350508	0.0000000
31.356891	0.0000000
31.363274	0.0000000
31.369657	0.0000000
31.376040	0.0000000
31.382422	0.0000000
31.388805	0.0000000
31.395188	0.0000000
31.401571	0.0000000
31.407954	0.0000000
31.414337	0.0000000
31.420719	0.0000000
31.427102	0.0000000
31.433485	0.0000000
31.439868	0.0000000
31.446251	0.0000000
31.452633	0.0000000
31.459016	0.0000000
31.465399	0.0000000
31.471782	0.0000000
31.478165	0.0000000
31.484548	0.0000000
31.490930	0.0000000
31.497313	0.0000000
31.503696	0.0000000
31.510079	0.0000000
31.516462	0.0000000
31.522844	0.0000000
31.529227	0.0000000
31.535610	0.0000000
31.541993	0.0000000
31.548376	0.0000000
31.554759	0.0000000
31.561141	0.0000000
31.567524	0.0000000
31.573907	0.0000000
31.580290	0.0000000
31.586673	0.0000000
31.593055	0.0000000
31.599438	0.0000000
31.605821	0.0000000
31.612204	0.0000000
31.618587	0.0000000
31.624970	0.0000000
31.631352	0.0000000
31.637735	0.0000000
31.644118	0.0000000
31.650501	0.0000000
31.656884	0.0000000
31.663266	0.0000000
31.669649	0.0000000
31.676032	0.0000000
31.682415	0.0000000
31.688798	0.0000000
31.695181	0.0000000
31.701563	0.0000000
31.707946	0.0000000
31.714329	0.0000000
31.720712	0.0000000
31.727095	0.0000000
31.733477	0.0000000
31.739860	0.0000000
31.746243	0.0000000
31.752626	0.0000000
31.759009	0.0000000
31.765392	0.0000000
31.771774	0.0000000
31.778157	0.0000000
31.784540	0.0000000
31.790923	0.0000000
31.797306	0.0000000
31.803688	0.0000000
31.810071	0.0000000
31.816454	0.0000000
31.822837	0.0000000
31.829220	0.0000000
31.835603	0.0000000
31.841985	0.0000000
31.848368	0.0000000
31.854751	0.0000000
31.861134	0.0000000
31.867517	0.0000000
31.873899	0.0000000
31.880282	0.0000000
31.886665	0.0000000
31.893048	0.0000000
31.899431	0.0000000
31.905814	0.0000000
31.912196	0.0000000
31.918579	0.0000000
