0.010870201	0.0000000
0.017253020	0.0000000
0.023635838	0.0000000
0.030018656	0.0000000
0.036401475	0.0000000
0.042784293	0.0000000
0.049167111	0.0000000
0.055549930	0.0000000
0.061932748	0.0000000
0.068315566	0.0000000
0.074698385	0.0000000
0.081081203	0.0000000
0.087464022	0.0000000
0.093846840	0.0000000
0.10022966	0.0000000
0.10661248	0.0000000
0.11299529	0.0000000
0.11937811	0.0000000
0.12576093	0.0000000
0.13214375	0.0000000
0.13852657	0.0000000
0.14490939	0.0000000
0.15129221	0.0000000
0.15767502	0.0000000
0.16405784	0.0000000
0.17044066	0.0000000
0.17682348	0.0000000
0.18320630	0.0000000
0.18958912	0.0000000
0.19597193	0.0000000
0.20235475	13973.674
0.20873757	14255.747
0.21512039	13112.359
0.22150321	10790.230
0.22788603	9677.1352
0.23426884	7832.1605
0.24065166	6344.9077
0.24703448	5129.1064
0.25341730	4225.7237
0.25980012	3354.0948
0.26618294	2439.6428
0.27256575	1743.3487
0.27894857	874.42813
0.28533139	424.85767
0.29171421	-36.923280
0.29809703	-444.14497
0.30447985	-756.86417
0.31086266	-1194.2015
0.31724548	-1337.3586
0.32362830	-1679.7117
0.33001112	-2226.9676
0.33639394	-2419.6351
0.34277676	-2713.8864
0.34915957	-2729.4259
0.35554239	-3062.4319
0.36192521	-2892.3036
0.36830803	-3052.9110
0.37469085	-2946.6459
0.38107367	-2703.4996
0.38745648	-2426.8014
0.39383930	-2128.2545
0.40022212	-2090.9187
0.40660494	-2057.3369
0.41298776	-2220.8726
0.41937058	-2327.6809
0.42575339	-2496.8761
0.43213621	-2612.5756
0.43851903	-2664.3874
0.44490185	-2749.5400
0.45128467	-2846.8204
0.45766749	-2943.9487
0.46405030	-2992.5557
0.47043312	-3005.4954
0.47681594	-3016.8331
0.48319876	-2982.0083
0.48958158	-2968.7858
0.49596440	-2870.0105
0.50234722	-2894.1337
0.50873003	-2877.6327
0.51511285	-2939.3686
0.52149567	-2922.4272
0.52787849	-2881.1218
0.53426131	-2771.0781
0.54064413	-2749.0274
0.54702694	-2712.5527
0.55340976	-2773.4314
0.55979258	-2774.8712
0.56617540	-2750.6264
0.57255822	-2639.5928
0.57894104	-2562.0466
0.58532385	-2528.2111
0.59170667	-2458.4205
0.59808949	-2458.2287
0.60447231	-2422.8376
0.61085513	-2408.4567
0.61723795	-2256.6225
0.62362076	-2184.7234
0.63000358	-2085.2508
0.63638640	-1992.6862
0.64276922	-1855.2076
0.64915204	-1767.5069
0.65553486	-1694.2655
0.66191767	-1603.9125
0.66830049	-1486.0103
0.67468331	-1329.9642
0.68106613	-1328.5961
0.68744895	-1262.5092
0.69383177	-1154.7477
0.70021458	-1036.6796
0.70659740	-870.82564
0.71298022	-765.02865
0.71936304	-654.27087
0.72574586	-563.73851
0.73212868	-511.32277
0.73851149	-384.10855
0.74489431	-346.79315
0.75127713	-227.27623
0.75765995	-163.53364
0.76404277	-72.940867
0.77042559	7.4768366
0.77680840	120.70253
0.78319122	226.56522
0.78957404	257.19686
0.79595686	330.23349
0.80233968	389.98267
0.80872250	511.48932
0.81510531	683.73219
0.82148813	765.32930
0.82787095	833.31998
0.83425377	958.09389
0.84063659	1142.4377
0.84701941	1356.0280
0.85340223	1446.7014
0.85978504	1509.1260
0.86616786	1574.7140
0.87255068	1695.6997
0.87893350	1870.9184
0.88531632	1969.2332
0.89169914	2014.7788
0.89808195	2064.2058
0.90446477	2162.7924
0.91084759	2268.9006
0.91723041	2403.3082
0.92361323	2492.2926
0.92999605	2597.9197
0.93637886	2731.5607
0.94276168	2822.9189
0.94914450	2877.8081
0.95552732	2952.9746
0.96191014	3011.9155
0.96829296	3193.1993
0.97467577	3323.6959
0.98105859	3413.3146
0.98744141	3435.3796
0.99382423	3447.9200
1.0002070	3509.6021
1.0065899	3665.9579
1.0129727	3830.5327
1.0193555	3924.1460
1.0257383	4001.6913
1.0321211	4077.8039
1.0385040	4154.0641
1.0448868	4280.9890
1.0512696	4400.1120
1.0576524	4546.5008
1.0640352	4610.8163
1.0704180	4762.4000
1.0768009	4881.9867
1.0831837	5080.5122
1.0895665	5230.7317
1.0959493	5283.7638
1.1023321	5404.3838
1.1087150	5495.4844
1.1150978	5665.0460
1.1214806	5900.6032
1.1278634	6285.2753
1.1342462	6836.2007
1.1406291	7555.1622
1.1470119	8779.9387
1.1533947	10572.680
1.1597775	13698.432
1.1661603	18837.265
1.1725431	26908.181
1.1789260	40730.675
1.1853088	56774.595
1.1916916	79341.383
1.1980744	100786.79
1.2044572	121658.08
1.2108401	140760.71
1.2172229	154973.11
1.2236057	167863.14
1.2299885	175453.77
1.2363713	178425.39
1.2427541	174619.34
1.2491370	163702.23
1.2555198	146164.42
1.2619026	126178.72
1.2682854	101877.22
1.2746682	80085.977
1.2810511	60458.595
1.2874339	44304.112
1.2938167	32568.453
1.3001995	24458.216
1.3065823	19784.063
1.3129651	17296.991
1.3193480	16497.918
1.3257308	16915.836
1.3321136	18393.600
1.3384964	21451.490
1.3448792	27007.552
1.3512621	35769.084
1.3576449	52631.525
1.3640277	77493.884
1.3704105	119597.07
1.3767933	175510.78
1.3831761	241557.62
1.3895590	317427.74
1.3959418	382187.39
1.4023246	445590.02
1.4087074	492919.95
1.4150902	532295.23
1.4214731	560164.74
1.4278559	570515.27
1.4342387	558800.67
1.4406215	527225.44
1.4470043	469795.22
1.4533872	401028.65
1.4597700	328030.84
1.4661528	248924.91
1.4725356	187782.67
1.4789184	130373.38
1.4853012	92373.576
1.4916841	63939.131
1.4980669	47123.790
1.5044497	38684.441
1.5108325	35456.691
1.5172153	36871.271
1.5235982	43638.436
1.5299810	56979.420
1.5363638	79762.227
1.5427466	115248.11
1.5491294	157945.81
1.5555122	211542.25
1.5618951	260715.95
1.5682779	307794.20
1.5746607	347412.81
1.5810435	378154.34
1.5874263	403246.10
1.5938092	416285.14
1.6001920	416646.31
1.6065748	400417.26
1.6129576	366786.12
1.6193404	321276.39
1.6257232	268992.03
1.6321061	212408.63
1.6384889	163525.41
1.6448717	119629.61
1.6512545	87921.248
1.6576373	64737.253
1.6640202	51983.638
1.6704030	47135.023
1.6767858	50173.464
1.6831686	59897.487
1.6895514	81126.025
1.6959342	109544.81
1.7023171	149522.43
1.7086999	193651.92
1.7150827	235683.08
1.7214655	277148.39
1.7278483	307842.70
1.7342312	335645.64
1.7406140	354666.56
1.7469968	365499.13
1.7533796	364416.32
1.7597624	350126.92
1.7661453	318391.50
1.7725281	280889.55
1.7789109	233646.94
1.7852937	186210.27
1.7916765	144658.71
1.7980593	105727.62
1.8044422	79060.071
1.8108250	57504.878
1.8172078	44987.921
1.8235906	37252.126
1.8299734	33254.528
1.8363563	31178.719
1.8427391	30005.906
1.8491219	29340.761
1.8555047	28755.259
1.8618875	28307.735
1.8682703	27943.790
1.8746532	27552.466
1.8810360	27128.883
1.8874188	26661.761
1.8938016	26300.344
1.9001844	26115.254
1.9065673	26226.687
1.9129501	26920.394
1.9193329	28344.766
1.9257157	30776.338
1.9320985	34733.843
1.9384813	39726.787
1.9448642	46991.599
1.9512470	56095.993
1.9576298	69239.406
1.9640126	87196.387
1.9703954	108621.75
1.9767783	136110.47
1.9831611	160986.71
1.9895439	185430.94
1.9959267	204177.31
2.0023095	218537.22
2.0086923	228750.14
2.0150752	233831.81
2.0214580	233080.08
2.0278408	225434.05
2.0342236	209464.54
2.0406064	186710.35
2.0469893	161507.68
2.0533721	130799.85
2.0597549	105443.10
2.0661377	80672.697
2.0725205	62097.795
2.0789034	47905.584
2.0852862	38335.337
2.0916690	33013.911
2.0980518	29860.833
2.1044346	28506.553
2.1108174	27862.578
2.1172003	27855.421
2.1235831	28078.449
2.1299659	28510.761
2.1363487	28951.040
2.1427315	29619.057
2.1491144	30481.253
2.1554972	31811.375
2.1618800	33548.262
2.1682628	35521.664
2.1746456	37573.966
2.1810284	39395.124
2.1874113	41102.104
2.1937941	42484.496
2.2001769	43518.796
2.2065597	43989.569
2.2129425	43692.522
2.2193254	42413.864
2.2257082	40352.424
2.2320910	37320.050
2.2384738	34313.659
2.2448566	31174.429
2.2512394	28381.556
2.2576223	26054.889
2.2640051	24207.817
2.2703879	23253.259
2.2767707	23156.385
2.2831535	24115.527
2.2895364	26657.688
2.2959192	31718.950
2.3023020	40174.362
2.3086848	56119.081
2.3150676	77166.930
2.3214504	108215.44
2.3278333	142650.10
2.3342161	177959.60
2.3405989	213165.52
2.3469817	240329.24
2.3533645	265838.26
2.3597474	283943.92
2.3661302	296611.62
2.3725130	300334.19
2.3788958	292790.02
2.3852786	273019.78
2.3916615	245957.94
2.3980443	209883.97
2.4044271	174298.90
2.4108099	141626.41
2.4171927	114563.43
2.4235755	96275.491
2.4299584	85972.911
2.4363412	82624.766
2.4427240	83995.853
2.4491068	87423.362
2.4554896	91522.516
2.4618725	95569.435
2.4682553	98695.847
2.4746381	100187.13
2.4810209	99062.215
2.4874037	94644.026
2.4937865	88065.829
2.5001694	79320.461
2.5065522	70132.491
2.5129350	62662.723
2.5193178	57581.031
2.5257006	56309.310
2.5320835	58652.627
2.5384663	63304.540
2.5448491	69157.428
2.5512319	75311.639
2.5576147	80489.293
2.5639975	85388.872
2.5703804	88553.625
2.5767632	90025.591
2.5831460	88902.888
2.5895288	85038.330
2.5959116	78090.414
2.6022945	70289.706
2.6086773	60655.160
2.6150601	52474.654
2.6214429	45686.232
2.6278257	40864.090
2.6342085	38156.863
2.6405914	37056.981
2.6469742	37114.828
2.6533570	37832.479
2.6597398	38764.926
2.6661226	39729.998
2.6725055	40511.017
2.6788883	40734.982
2.6852711	40263.318
2.6916539	39092.726
2.6980367	37156.204
2.7044196	34973.561
2.7108024	32590.290
2.7171852	30382.208
2.7235680	28459.921
2.7299508	26834.155
2.7363336	25582.137
2.7427165	24535.766
2.7490993	23744.724
2.7554821	23078.869
2.7618649	22475.539
2.7682477	22000.862
2.7746306	21714.963
2.7810134	21616.244
2.7873962	21781.828
2.7937790	22097.768
2.8001618	22545.846
2.8065446	23123.649
2.8129275	23699.363
2.8193103	24382.359
2.8256931	24948.520
2.8320759	25530.249
2.8384587	25988.162
2.8448416	26288.002
2.8512244	26418.014
2.8576072	26500.272
2.8639900	26586.430
2.8703728	26892.769
2.8767556	27693.492
2.8831385	29366.059
2.8895213	32231.591
2.8959041	36540.049
2.9022869	41749.280
2.9086697	47955.480
2.9150526	53801.689
2.9214354	59169.220
2.9278182	63747.006
2.9342010	67520.448
2.9405838	70428.209
2.9469666	71931.007
2.9533495	71639.275
2.9597323	69632.099
2.9661151	65736.712
2.9724979	61021.717
2.9788807	56153.936
2.9852636	51458.389
2.9916464	48054.290
2.9980292	45375.716
3.0044120	43841.046
3.0107948	43000.050
3.0171777	42965.813
3.0235605	43301.945
3.0299433	43821.644
3.0363261	44130.151
3.0427089	44369.800
3.0490917	44691.428
3.0554746	45610.424
3.0618574	47606.933
3.0682402	50766.414
3.0746230	55254.534
3.0810058	59924.639
3.0873887	65021.354
3.0937715	69718.850
3.1001543	73955.988
3.1065371	77986.569
3.1129199	81149.719
3.1193027	83702.633
3.1256856	85559.449
3.1320684	87964.657
3.1384512	91992.259
3.1448340	99319.573
3.1512168	109613.29
3.1575997	121969.78
3.1639825	135487.18
3.1703653	147280.27
3.1767481	158468.05
3.1831309	167512.75
3.1895137	174866.35
3.1958966	178834.02
3.2022794	178147.48
3.2086622	171924.96
3.2150450	162279.27
3.2214278	148577.29
3.2278107	135070.69
3.2341935	122383.97
3.2405763	111300.14
3.2469591	103278.24
3.2533419	97295.860
3.2597247	94067.873
3.2661076	92639.850
3.2724904	92256.885
3.2788732	91278.656
3.2852560	88868.683
3.2916388	84874.307
3.2980217	79033.095
3.3044045	72867.461
3.3107873	66479.651
3.3171701	60735.331
3.3235529	56259.461
3.3299357	52903.487
3.3363186	50919.913
3.3427014	50274.139
3.3490842	50564.603
3.3554670	51338.959
3.3618498	52061.471
3.3682327	52501.604
3.3746155	52541.921
3.3809983	52217.030
3.3873811	51670.786
3.3937639	51149.224
3.4001468	50753.076
3.4065296	50556.965
3.4129124	50735.391
3.4192952	51519.582
3.4256780	53278.669
3.4320608	57006.312
3.4384437	62871.824
3.4448265	72841.772
3.4512093	86397.165
3.4575921	102810.88
3.4639749	121527.18
3.4703578	137982.63
3.4767406	153505.39
3.4831234	165258.31
3.4895062	174508.22
3.4958890	180776.58
3.5022718	182542.77
3.5086547	179147.86
3.5150375	170181.63
3.5214203	155540.18
3.5278031	138132.32
3.5341859	118582.88
3.5405688	99311.586
3.5469516	82121.177
3.5533344	67719.975
3.5597172	56984.727
3.5661000	49120.888
3.5724828	44402.802
3.5788657	41332.314
3.5852485	39553.049
3.5916313	38254.297
3.5980141	37273.301
3.6043969	36593.568
3.6107798	36142.976
3.6171626	36121.278
3.6235454	36682.989
3.6299282	38065.451
3.6363110	40669.665
3.6426938	45681.325
3.6490767	53518.083
3.6554595	67380.927
3.6618423	85707.358
3.6682251	110188.05
3.6746079	138111.48
3.6809908	165221.06
3.6873736	191374.41
3.6937564	212642.99
3.7001392	230907.56
3.7065220	244210.71
3.7129049	251751.96
3.7192877	252167.80
3.7256705	243435.65
3.7320533	226067.14
3.7384361	203160.39
3.7448189	174136.24
3.7512018	146725.39
3.7575846	119723.15
3.7639674	97880.021
3.7703502	80440.469
3.7767330	68302.860
3.7831159	60995.560
3.7894987	57269.577
3.7958815	56455.587
3.8022643	57393.773
3.8086471	59364.489
3.8150299	61686.187
3.8214128	64109.158
3.8277956	66074.652
3.8341784	68006.896
3.8405612	69654.273
3.8469440	71313.305
3.8533269	72815.946
3.8597097	74087.350
3.8660925	75358.476
3.8724753	76525.428
3.8788581	77435.537
3.8852409	77994.353
3.8916238	78314.294
3.8980066	78597.507
3.9043894	78830.533
3.9107722	78959.348
3.9171550	78329.560
3.9235379	76572.326
3.9299207	73616.451
3.9363035	69050.123
3.9426863	63973.644
3.9490691	58529.081
3.9554519	53349.384
3.9618348	49339.050
3.9682176	46673.527
3.9746004	46199.556
3.9809832	48617.043
3.9873660	54317.278
3.9937489	63561.910
4.0001317	76312.920
4.0065145	89689.317
4.0128973	104226.33
4.0192801	116464.76
4.0256630	127766.30
4.0320458	137207.53
4.0384286	144145.97
4.0448114	148367.93
4.0511942	148263.84
4.0575770	143774.90
4.0639599	135554.37
4.0703427	123860.49
4.0767255	110949.15
4.0831083	97569.100
4.0894911	85333.732
4.0958740	75059.533
4.1022568	66761.282
4.1086396	61003.518
4.1150224	56648.464
4.1214052	53781.062
4.1277880	51332.422
4.1341709	49179.437
4.1405537	47338.195
4.1469365	45680.391
4.1533193	44618.152
4.1597021	44146.594
4.1660850	44729.506
4.1724678	46622.029
4.1788506	49983.471
4.1852334	54409.393
4.1916162	59881.173
4.1979990	65173.501
4.2043819	70466.189
4.2107647	75137.021
4.2171475	79568.122
4.2235303	84039.480
4.2299131	88625.043
4.2362960	93482.370
4.2426788	97964.986
4.2490616	102135.61
4.2554444	105035.72
4.2618272	106822.51
4.2682100	107355.13
4.2745929	107344.96
4.2809757	106990.27
4.2873585	106149.64
4.2937413	104228.91
4.3001241	101016.14
4.3065070	95824.697
4.3128898	89090.192
4.3192726	81565.333
4.3256554	73250.221
4.3320382	66480.540
4.3384211	60799.601
4.3448039	57507.693
4.3511867	56558.949
4.3575695	57992.936
4.3639523	61137.286
4.3703351	65317.315
4.3767180	69583.386
4.3831008	73644.472
4.3894836	77060.338
4.3958664	80067.842
4.4022492	82167.874
4.4086321	82969.849
4.4150149	82055.258
4.4213977	79359.304
4.4277805	74677.895
4.4341633	69260.544
4.4405461	62790.008
4.4469290	56986.752
4.4533118	52056.524
4.4596946	48758.818
4.4660774	47578.317
4.4724602	48610.916
4.4788431	51212.300
4.4852259	55149.634
4.4916087	59232.663
4.4979915	63004.322
4.5043743	66354.313
4.5107571	68968.679
4.5171400	70844.709
4.5235228	71498.149
4.5299056	70690.058
4.5362884	68529.963
4.5426712	64956.830
4.5490541	60577.087
4.5554369	55865.626
4.5618197	51303.470
4.5682025	47692.083
4.5745853	44836.165
4.5809681	43163.390
4.5873510	42249.400
4.5937338	41998.661
4.6001166	42014.728
4.6064994	42167.899
4.6128822	42496.805
4.6192651	43219.275
4.6256479	44550.310
4.6320307	46988.762
4.6384135	50568.605
4.6447963	55125.084
4.6511792	60384.093
4.6575620	65530.192
4.6639448	70572.622
4.6703276	75140.647
4.6767104	79877.108
4.6830932	84562.658
4.6894761	89434.324
4.6958589	93886.903
4.7022417	97234.596
4.7086245	99208.180
4.7150073	99675.120
4.7213902	98761.605
4.7277730	97431.566
4.7341558	96163.718
4.7405386	95215.446
4.7469214	94242.616
4.7533042	92812.354
4.7596871	90692.785
4.7660699	87247.301
4.7724527	83214.251
4.7788355	78758.023
4.7852183	74574.145
4.7916012	71195.024
4.7979840	68570.283
4.8043668	66517.592
4.8107496	64639.044
4.8171324	62704.257
4.8235152	60350.431
4.8298981	57869.273
4.8362809	55301.454
4.8426637	52841.101
4.8490465	50538.004
4.8554293	48173.985
4.8618122	45893.604
4.8681950	43321.797
4.8745778	40829.772
4.8809606	38260.855
4.8873434	35770.336
4.8937262	33674.323
4.9001091	31794.604
4.9064919	30503.994
4.9128747	29611.519
4.9192575	29169.285
4.9256403	29038.159
4.9320232	29129.269
4.9384060	29426.469
4.9447888	29845.568
4.9511716	30362.458
4.9575544	31013.339
4.9639373	31674.783
4.9703201	32395.792
4.9767029	33050.273
4.9830857	33710.688
4.9894685	34341.730
4.9958513	34906.284
5.0022342	35581.778
5.0086170	36231.536
5.0149998	36892.487
5.0213826	37348.885
5.0277654	37683.916
5.0341483	37959.480
5.0405311	38259.363
5.0469139	38660.417
5.0532967	39192.750
5.0596795	39899.188
5.0660623	40668.451
5.0724452	41564.351
5.0788280	42591.545
5.0852108	44008.678
5.0915936	46087.350
5.0979764	49006.792
5.1043593	53354.165
5.1107421	58153.535
5.1171249	63751.991
5.1235077	68842.876
5.1298905	73270.646
5.1362733	76945.169
5.1426562	79683.769
5.1490390	81888.110
5.1554218	82948.802
5.1618046	82767.446
5.1681874	81068.970
5.1745703	77883.318
5.1809531	73521.955
5.1873359	68681.348
5.1937187	63805.012
5.2001015	59935.873
5.2064843	57051.466
5.2128672	55261.700
5.2192500	54184.658
5.2256328	53701.212
5.2320156	53464.231
5.2383984	53356.559
5.2447813	53275.573
5.2511641	53128.754
5.2575469	52760.031
5.2639297	52075.793
5.2703125	51148.518
5.2766954	50118.890
5.2830782	49277.740
5.2894610	49182.765
5.2958438	50116.556
5.3022266	52265.105
5.3086094	55694.539
5.3149923	59646.742
5.3213751	63831.474
5.3277579	67581.528
5.3341407	70819.237
5.3405235	73334.081
5.3469064	74855.529
5.3532892	75149.660
5.3596720	73971.837
5.3660548	71074.515
5.3724376	66955.359
5.3788204	61856.176
5.3852033	56249.920
5.3915861	51334.835
5.3979689	46984.314
5.4043517	43930.341
5.4107345	42018.702
5.4171174	41484.869
5.4235002	42439.485
5.4298830	44991.033
5.4362658	49576.573
5.4426486	56132.749
5.4490314	64048.905
5.4554143	73160.375
5.4617971	81513.655
5.4681799	89515.085
5.4745627	95826.698
5.4809455	100928.71
5.4873284	104358.92
5.4937112	105523.75
5.5000940	104005.77
5.5064768	99775.643
5.5128596	92767.390
5.5192424	84295.811
5.5256253	75131.928
5.5320081	66299.526
5.5383909	58799.186
5.5447737	52757.952
5.5511565	48480.238
5.5575394	45725.592
5.5639222	44306.055
5.5703050	43785.599
5.5766878	43912.447
5.5830706	44506.216
5.5894535	45320.569
5.5958363	46069.790
5.6022191	46623.106
5.6086019	46877.029
5.6149847	46947.816
5.6213675	46884.819
5.6277504	46696.501
5.6341332	46328.279
5.6405160	45736.695
5.6468988	44881.753
5.6532816	43850.726
5.6596645	42704.277
5.6660473	41712.336
5.6724301	40915.563
5.6788129	40473.719
5.6851957	40322.606
5.6915785	40435.424
5.6979614	40679.737
5.7043442	41092.165
5.7107270	41551.395
5.7171098	42054.666
5.7234926	42397.213
5.7298755	42520.270
5.7362583	42316.453
5.7426411	41815.284
5.7490239	41065.584
5.7554067	40232.658
5.7617895	39391.786
5.7681724	38667.204
5.7745552	38060.092
5.7809380	37612.713
5.7873208	37319.518
5.7937036	37250.681
5.8000865	37465.633
5.8064693	38001.440
5.8128521	38714.599
5.8192349	39685.019
5.8256177	40710.542
5.8320005	42004.991
5.8383834	43662.679
5.8447662	45754.263
5.8511490	48275.230
5.8575318	50828.661
5.8639146	53368.670
5.8702975	55508.247
5.8766803	57325.842
5.8830631	58730.393
5.8894459	59976.300
5.8958287	60862.881
5.9022116	61259.638
5.9085944	60937.569
5.9149772	59840.373
5.9213600	57927.209
5.9277428	55882.548
5.9341256	53684.003
5.9405085	51624.106
5.9468913	49752.493
5.9532741	48069.682
5.9596569	46575.208
5.9660397	45170.594
5.9724226	43910.745
5.9788054	42708.783
5.9851882	41686.282
5.9915710	40828.517
5.9979538	40285.514
6.0043366	40140.682
6.0107195	40553.150
6.0171023	41566.525
6.0234851	43184.528
6.0298679	45125.330
6.0362507	47392.695
6.0426336	49554.746
6.0490164	51591.910
6.0553992	53414.073
6.0617820	54915.802
6.0681648	55891.985
6.0745476	56095.190
6.0809305	55367.445
6.0873133	53906.329
6.0936961	51643.442
6.1000789	49184.740
6.1064617	46561.627
6.1128446	44255.713
6.1192274	42558.113
6.1256102	41677.957
6.1319930	41872.676
6.1383758	43418.796
6.1447586	46190.769
6.1511415	50085.977
6.1575243	54434.297
6.1639071	58978.753
6.1702899	63249.901
6.1766727	67204.036
6.1830556	70656.648
6.1894384	73316.713
6.1958212	75028.077
6.2022040	75219.568
6.2085868	73765.437
6.2149696	71041.365
6.2213525	67417.234
6.2277353	63246.334
6.2341181	59280.084
6.2405009	55465.154
6.2468837	52274.372
6.2532666	49533.191
6.2596494	47423.180
6.2660322	45735.073
6.2724150	44492.223
6.2787978	43418.495
6.2851807	42490.495
6.2915635	41564.181
6.2979463	40573.761
6.3043291	39604.655
6.3107119	38589.048
6.3170947	37609.815
6.3234776	36535.447
6.3298604	35389.051
6.3362432	34237.913
6.3426260	33157.923
6.3490088	32192.792
6.3553917	31354.933
6.3617745	30680.818
6.3681573	30205.957
6.3745401	29956.710
6.3809229	29899.905
6.3873057	30009.315
6.3936886	30210.897
6.4000714	30535.320
6.4064542	30871.690
6.4128370	31188.069
6.4192198	31416.090
6.4256027	31596.223
6.4319855	31746.773
6.4383683	31945.639
6.4447511	32168.616
6.4511339	32521.525
6.4575167	33086.003
6.4638996	33969.930
6.4702824	35200.294
6.4766652	36612.206
6.4830480	38314.155
6.4894308	40000.785
6.4958137	41858.307
6.5021965	43827.659
6.5085793	45837.734
6.5149621	47733.317
6.5213449	49075.046
6.5277277	49889.287
6.5341106	50044.079
6.5404934	49652.608
6.5468762	48825.384
6.5532590	47596.150
6.5596418	46153.444
6.5660247	44554.939
6.5724075	42810.991
6.5787903	41238.834
6.5851731	39694.033
6.5915559	38530.337
6.5979388	37586.349
6.6043216	37026.699
6.6107044	36725.044
6.6170872	36619.173
6.6234700	36629.269
6.6298528	36694.267
6.6362357	36721.060
6.6426185	36664.779
6.6490013	36551.180
6.6553841	36439.376
6.6617669	36391.220
6.6681498	36368.475
6.6745326	36412.774
6.6809154	36558.765
6.6872982	36761.508
6.6936810	37000.843
6.7000638	37302.751
6.7064467	37527.385
6.7128295	37683.997
6.7192123	37654.871
6.7255951	37441.518
6.7319779	37076.836
6.7383608	36675.168
6.7447436	36361.057
6.7511264	36307.927
6.7575092	36680.424
6.7638920	37590.171
6.7702748	39265.858
6.7766577	41492.862
6.7830405	44252.027
6.7894233	47041.530
6.7958061	49709.635
6.8021889	51961.060
6.8085718	53736.544
6.8149546	54976.740
6.8213374	55437.419
6.8277202	55091.623
6.8341030	53830.594
6.8404858	51730.209
6.8468687	49080.081
6.8532515	46137.140
6.8596343	43167.197
6.8660171	40569.266
6.8723999	38513.182
6.8787828	37122.863
6.8851656	36421.272
6.8915484	36291.061
6.8979312	36473.435
6.9043140	36774.533
6.9106969	37139.459
6.9170797	37497.382
6.9234625	37782.899
6.9298453	38056.337
6.9362281	38359.074
6.9426109	38797.226
6.9489938	39356.366
6.9553766	40247.619
6.9617594	41419.355
6.9681422	42914.125
6.9745250	44418.428
6.9809079	45867.512
6.9872907	47212.470
6.9936735	48273.001
7.0000563	49117.312
7.0064391	49485.422
7.0128219	49354.767
7.0192048	48675.639
7.0255876	47459.882
7.0319704	45916.755
7.0383532	44196.212
7.0447360	42616.585
7.0511189	41451.740
7.0575017	40805.980
7.0638845	40757.777
7.0702673	41298.030
7.0766501	42250.596
7.0830329	43484.686
7.0894158	44787.383
7.0957986	46086.466
7.1021814	47371.063
7.1085642	48653.916
7.1149470	49719.105
7.1213299	50440.166
7.1277127	50772.981
7.1340955	50700.889
7.1404783	50271.755
7.1468611	49610.389
7.1532439	48783.879
7.1596268	47798.303
7.1660096	46708.262
7.1723924	45482.346
7.1787752	44301.032
7.1851580	43190.068
7.1915409	42305.357
7.1979237	41516.185
7.2043065	40908.115
7.2106893	40404.441
7.2170721	40150.754
7.2234550	40181.682
7.2298378	40548.766
7.2362206	41307.441
7.2426034	42468.632
7.2489862	43896.041
7.2553690	45545.986
7.2617519	47076.690
7.2681347	48492.536
7.2745175	49571.245
7.2809003	50357.721
7.2872831	50732.818
7.2936660	50651.247
7.3000488	50075.544
7.3064316	48969.717
7.3128144	47372.634
7.3191972	45565.322
7.3255800	43707.457
7.3319629	42380.670
7.3383457	41792.938
7.3447285	42155.169
7.3511113	43565.092
7.3574941	45828.048
7.3638770	48611.905
7.3702598	51721.296
7.3766426	54722.495
7.3830254	57713.259
7.3894082	60217.744
7.3957910	62186.464
7.4021739	63209.896
7.4085567	63218.345
7.4149395	62198.506
7.4213223	60209.714
7.4277051	57490.870
7.4340880	54546.830
7.4404708	51386.141
7.4468536	48572.098
7.4532364	45958.315
7.4596192	43868.759
7.4660020	42076.737
7.4723849	40687.630
7.4787677	39525.347
7.4851505	38566.852
7.4915333	37739.386
7.4979161	36998.071
7.5042990	36305.289
7.5106818	35558.895
7.5170646	34827.313
7.5234474	34040.314
7.5298302	33297.347
7.5362131	32610.760
7.5425959	32073.471
7.5489787	31682.424
7.5553615	31486.011
7.5617443	31461.168
7.5681271	31572.328
7.5745100	31756.324
7.5808928	32030.037
7.5872756	32316.541
7.5936584	32686.029
7.6000412	33011.178
7.6064241	33310.816
7.6128069	33504.794
7.6191897	33709.950
7.6255725	33909.707
7.6319553	34182.914
7.6383381	34589.734
7.6447210	35183.792
7.6511038	36075.939
7.6574866	37225.069
7.6638694	38637.385
7.6702522	40026.134
7.6766351	41373.351
7.6830179	42521.176
7.6894007	43443.562
7.6957835	44016.551
7.7021663	44225.434
7.7085491	43987.376
7.7149320	43305.453
7.7213148	42155.294
7.7276976	40728.676
7.7340804	39103.738
7.7404632	37554.222
7.7468461	36108.112
7.7532289	34965.849
7.7596117	34121.384
7.7659945	33588.107
7.7723773	33373.289
7.7787601	33411.971
7.7851430	33639.815
7.7915258	33968.297
7.7979086	34313.391
7.8042914	34638.886
7.8106742	34898.694
7.8170571	35055.144
7.8234399	35094.195
7.8298227	34990.997
7.8362055	34796.134
7.8425883	34499.173
7.8489712	34062.596
7.8553540	33553.535
7.8617368	32995.224
7.8681196	32547.873
7.8745024	32297.209
7.8808852	32314.811
7.8872681	32564.565
7.8936509	32970.210
7.9000337	33497.498
7.9064165	34069.266
7.9127993	34593.134
7.9191822	35061.750
7.9255650	35375.662
7.9319478	35585.501
7.9383306	35589.291
7.9447134	35451.874
7.9510962	35213.163
7.9574791	34854.340
7.9638619	34470.934
7.9702447	34140.920
7.9766275	33935.454
7.9830103	33902.580
7.9893932	33975.504
7.9957760	34128.011
8.0021588	34268.216
8.0085416	34329.601
8.0149244	34272.277
8.0213072	34153.057
8.0276901	33954.523
8.0340729	33728.688
8.0404557	33499.350
8.0468385	33297.295
8.0532213	33137.442
8.0596042	33050.966
8.0659870	32968.350
8.0723698	32980.427
8.0787526	33097.622
8.0851354	33310.373
8.0915182	33499.728
8.0979011	33645.341
8.1042839	33652.491
8.1106667	33598.822
8.1170495	33508.280
8.1234323	33423.716
8.1298152	33397.623
8.1361980	33518.153
8.1425808	33835.555
8.1489636	34306.967
8.1553464	35037.219
8.1617293	35880.640
8.1681121	36904.688
8.1744949	37938.517
8.1808777	39026.823
8.1872605	39909.120
8.1936433	40570.081
8.2000262	40854.139
8.2064090	40800.783
8.2127918	40427.227
8.2191746	39775.638
8.2255574	38870.832
8.2319403	37838.102
8.2383231	36744.151
8.2447059	35670.172
8.2510887	34614.638
8.2574715	33763.135
8.2638543	33055.095
8.2702372	32571.332
8.2766200	32235.971
8.2830028	32038.754
8.2893856	31949.208
8.2957684	31978.829
8.3021513	32016.397
8.3085341	32024.510
8.3149169	32037.271
8.3212997	32051.174
8.3276825	32070.756
8.3340653	32140.385
8.3404482	32181.522
8.3468310	32137.544
8.3532138	32069.946
8.3595966	31947.196
8.3659794	31791.381
8.3723623	31723.562
8.3787451	31865.825
8.3851279	32205.742
8.3915107	32795.324
8.3978935	33533.924
8.4042763	34416.990
8.4106592	35330.070
8.4170420	36282.068
8.4234248	37164.461
8.4298076	37872.805
8.4361904	38342.902
8.4425733	38519.474
8.4489561	38410.408
8.4553389	37944.086
8.4617217	37243.860
8.4681045	36402.400
8.4744874	35459.427
8.4808702	34495.352
8.4872530	33569.099
8.4936358	32754.509
8.5000186	32051.266
8.5064014	31441.186
8.5127843	30960.365
8.5191671	30545.429
8.5255499	30224.150
8.5319327	29973.499
8.5383155	29757.531
8.5446984	29605.268
8.5510812	29513.267
8.5574640	29507.769
8.5638468	29525.528
8.5702296	29608.499
8.5766124	29777.213
8.5829953	30053.580
8.5893781	30347.450
8.5957609	30689.971
8.6021437	31040.310
8.6085265	31452.314
8.6149094	31893.498
8.6212922	32329.418
8.6276750	32804.942
8.6340578	33233.914
8.6404406	33623.555
8.6468234	33952.809
8.6532063	34275.686
8.6595891	34520.175
8.6659719	34678.895
8.6723547	34785.833
8.6787375	34808.091
8.6851204	34748.740
8.6915032	34565.325
8.6978860	34335.832
8.7042688	34046.411
8.7106516	33798.417
8.7170344	33584.288
8.7234173	33464.069
8.7298001	33384.699
8.7361829	33348.957
8.7425657	33322.509
8.7489485	33336.581
8.7553314	33443.109
8.7617142	33651.400
8.7680970	33958.549
8.7744798	34332.948
8.7808626	34810.801
8.7872455	35271.350
8.7936283	35707.055
8.8000111	36042.878
8.8063939	36278.084
8.8127767	36421.086
8.8191595	36449.282
8.8255424	36296.087
8.8319252	36010.762
8.8383080	35623.899
8.8446908	35259.319
8.8510736	34971.982
8.8574565	34892.679
8.8638393	35041.597
8.8702221	35340.143
8.8766049	35738.736
8.8829877	36209.140
8.8893705	36669.581
8.8957534	37023.758
8.9021362	37213.603
8.9085190	37168.482
8.9149018	36909.616
8.9212846	36437.849
8.9276675	35805.875
8.9340503	35075.791
8.9404331	34303.730
8.9468159	33619.904
8.9531987	33054.370
8.9595815	32617.941
8.9659644	32307.417
8.9723472	32104.591
8.9787300	31968.245
8.9851128	31879.234
8.9914956	31879.501
8.9978785	31952.684
9.0042613	32051.918
9.0106441	32170.010
9.0170269	32347.145
9.0234097	32540.061
9.0297925	32706.199
9.0361754	32848.929
9.0425582	32961.580
9.0489410	33013.148
9.0553238	33049.814
9.0617066	33019.674
9.0680895	32910.547
9.0744723	32724.995
9.0808551	32508.611
9.0872379	32350.840
9.0936207	32251.437
9.1000035	32290.512
9.1063864	32517.615
9.1127692	32940.119
9.1191520	33570.246
9.1255348	34236.031
9.1319176	34934.465
9.1383005	35561.785
9.1446833	36070.516
9.1510661	36459.120
9.1574489	36688.431
9.1638317	36714.900
9.1702146	36558.583
9.1765974	36150.100
9.1829802	35599.719
9.1893630	34972.222
9.1957458	34402.216
9.2021286	33890.109
9.2085115	33508.547
9.2148943	33241.416
9.2212771	33091.512
9.2276599	33049.005
9.2340427	33028.477
9.2404256	33010.298
9.2468084	32921.071
9.2531912	32800.078
9.2595740	32632.090
9.2659568	32462.571
9.2723396	32263.896
9.2787225	32101.870
9.2851053	31972.357
9.2914881	31945.332
9.2978709	32118.404
9.3042537	32511.411
9.3106366	33156.006
9.3170194	33871.271
9.3234022	34715.213
9.3297850	35546.593
9.3361678	36384.449
9.3425506	37058.713
9.3489335	37512.725
9.3553163	37703.297
9.3616991	37600.575
9.3680819	37161.297
9.3744647	36445.173
9.3808476	35437.460
9.3872304	34405.890
9.3936132	33344.336
9.3999960	32385.096
9.4063788	31516.949
9.4127616	30880.592
9.4191445	30316.723
9.4255273	29874.469
9.4319101	29510.712
9.4382929	29226.676
9.4446757	28976.052
9.4510586	28778.565
9.4574414	28658.742
9.4638242	28586.066
9.4702070	28505.747
9.4765898	28465.170
9.4829727	28442.623
9.4893555	28515.363
9.4957383	28630.747
9.5021211	28794.389
9.5085039	29030.366
9.5148867	29339.382
9.5212696	29737.716
9.5276524	30167.230
9.5340352	30633.296
9.5404180	31119.869
9.5468008	31556.023
9.5531837	31992.279
9.5595665	32326.174
9.5659493	32541.398
9.5723321	32609.877
9.5787149	32519.827
9.5850977	32292.949
9.5914806	31909.444
9.5978634	31456.617
9.6042462	30938.641
9.6106290	30413.451
9.6170118	29937.300
9.6233947	29524.745
9.6297775	29149.249
9.6361603	28855.967
9.6425431	28624.062
9.6489259	28521.870
9.6553087	28529.563
9.6616916	28555.512
9.6680744	28616.038
9.6744572	28657.307
9.6808400	28707.298
9.6872228	28763.916
9.6936057	28803.212
9.6999885	28820.887
9.7063713	28828.687
9.7127541	28853.706
9.7191369	28913.531
9.7255197	29028.250
9.7319026	29166.783
9.7382854	29330.237
9.7446682	29573.304
9.7510510	29881.894
9.7574338	30198.466
9.7638167	30458.181
9.7701995	30680.839
9.7765823	30816.780
9.7829651	30869.684
9.7893479	30785.804
9.7957308	30582.419
9.8021136	30293.468
9.8084964	29894.687
9.8148792	29476.379
9.8212620	29034.832
9.8276448	28653.676
9.8340277	28338.772
9.8404105	28049.988
9.8467933	27765.957
9.8531761	27525.961
9.8595589	27342.214
9.8659418	27176.751
9.8723246	27016.947
9.8787074	26906.225
9.8850902	26845.966
9.8914730	26816.487
9.8978558	26815.022
9.9042387	26851.544
9.9106215	26919.420
9.9170043	27023.223
9.9233871	27166.646
9.9297699	27342.557
9.9361528	27511.136
9.9425356	27711.974
9.9489184	27880.010
9.9553012	28088.548
9.9616840	28270.066
9.9680668	28405.460
9.9744497	28455.971
9.9808325	28468.876
9.9872153	28441.078
9.9935981	28406.866
9.9999809	28307.376
10.006364	28143.661
10.012747	27900.466
10.019129	27660.624
10.025512	27374.836
10.031895	27162.479
10.038278	27000.219
10.044661	26855.095
10.051043	26759.338
10.057426	26752.684
10.063809	26819.647
10.070192	26926.437
10.076575	27081.626
10.082958	27275.256
10.089340	27473.901
10.095723	27699.104
10.102106	27899.088
10.108489	28059.498
10.114872	28210.517
10.121254	28359.894
10.127637	28482.921
10.134020	28588.754
10.140403	28718.523
10.146786	28918.095
10.153169	29136.813
10.159551	29361.354
10.165934	29647.403
10.172317	29956.085
10.178700	30234.421
10.185083	30477.927
10.191465	30626.101
10.197848	30665.921
10.204231	30571.143
10.210614	30373.124
10.216997	30076.056
10.223380	29675.543
10.229762	29234.834
10.236145	28740.141
10.242528	28294.503
10.248911	27907.888
10.255294	27594.070
10.261676	27327.333
10.268059	27111.848
10.274442	26992.690
10.280825	26897.484
10.287208	26884.797
10.293591	26897.429
10.299973	26943.294
10.306356	27028.252
10.312739	27152.415
10.319122	27275.302
10.325505	27427.077
10.331887	27581.129
10.338270	27715.327
10.344653	27855.060
10.351036	27968.232
10.357419	28141.785
10.363802	28323.716
10.370184	28483.233
10.376567	28647.842
10.382950	28888.675
10.389333	29099.000
10.395716	29239.072
10.402098	29326.447
10.408481	29375.174
10.414864	29334.903
10.421247	29213.111
10.427630	29042.223
10.434013	28870.502
10.440395	28672.784
10.446778	28449.673
10.453161	28276.681
10.459544	28212.031
10.465927	28210.960
10.472309	28232.980
10.478692	28270.114
10.485075	28311.141
10.491458	28383.206
10.497841	28428.980
10.504224	28447.327
10.510606	28420.207
10.516989	28416.484
10.523372	28415.547
10.529755	28447.862
10.536138	28522.116
10.542520	28647.527
10.548903	28803.225
10.555286	28980.000
10.561669	29160.222
10.568052	29339.326
10.574435	29477.053
10.580817	29572.845
10.587200	29562.547
10.593583	29416.545
10.599966	29164.553
10.606349	28810.575
10.612732	28398.634
10.619114	28001.045
10.625497	27627.154
10.631880	27301.930
10.638263	27072.419
10.644646	26920.517
10.651028	26848.671
10.657411	26852.150
10.663794	26895.104
10.670177	26995.961
10.676560	27116.107
10.682943	27234.897
10.689325	27352.368
10.695708	27470.622
10.702091	27519.994
10.708474	27545.551
10.714857	27588.360
10.721239	27588.065
10.727622	27558.832
10.734005	27552.570
10.740388	27570.350
10.746771	27608.959
10.753154	27633.159
10.759536	27679.366
10.765919	27742.347
10.772302	27820.001
10.778685	27820.765
10.785068	27780.266
10.791450	27659.429
10.797833	27514.398
10.804216	27309.607
10.810599	27125.460
10.816982	26895.723
10.823365	26651.894
10.829747	26383.434
10.836130	26214.253
10.842513	26102.936
10.848896	26048.651
10.855279	25979.810
10.861661	25921.525
10.868044	25894.803
10.874427	25877.896
10.880810	25842.011
10.887193	25783.531
10.893576	25710.638
10.899958	25685.991
10.906341	25661.442
10.912724	25664.642
10.919107	25647.588
10.925490	25658.732
10.931872	25731.236
10.938255	25833.363
10.944638	25916.504
10.951021	26021.561
10.957404	26176.956
10.963787	26317.587
10.970169	26418.425
10.976552	26517.179
10.982935	26528.653
10.989318	26504.824
10.995701	26419.475
11.002083	26314.958
11.008466	26157.293
11.014849	25989.466
11.021232	25812.536
11.027615	25617.647
11.033998	25412.800
11.040380	25242.359
11.046763	25115.312
11.053146	25030.584
11.059529	24946.644
11.065912	24908.247
11.072294	24907.973
11.078677	24920.496
11.085060	24947.042
11.091443	25000.155
11.097826	25124.853
11.104209	25220.325
11.110591	25325.917
11.116974	25428.212
11.123357	25580.075
11.129740	25725.617
11.136123	25832.679
11.142505	25889.017
11.148888	25888.556
11.155271	25897.452
11.161654	25900.796
11.168037	25823.033
11.174420	25702.586
11.180802	25588.710
11.187185	25485.849
11.193568	25437.978
11.199951	25405.799
11.206334	25372.523
11.212716	25384.465
11.219099	25416.963
11.225482	25466.534
11.231865	25508.794
11.238248	25515.669
11.244631	25519.773
11.251013	25526.244
11.257396	25542.166
11.263779	25556.501
11.270162	25572.282
11.276545	25612.083
11.282927	25687.115
11.289310	25817.260
11.295693	26008.038
11.302076	26195.081
11.308459	26380.766
11.314842	26542.276
11.321224	26666.711
11.327607	26720.408
11.333990	26709.786
11.340373	26597.268
11.346756	26406.342
11.353138	26143.993
11.359521	25826.829
11.365904	25541.878
11.372287	25252.921
11.378670	24999.778
11.385053	24788.740
11.391435	24651.239
11.397818	24505.393
11.404201	24369.679
11.410584	24257.951
11.416967	24209.899
11.423349	24148.193
11.429732	24101.734
11.436115	24078.932
11.442498	24065.479
11.448881	24071.093
11.455264	24084.902
11.461646	24181.566
11.468029	24300.012
11.474412	24427.227
11.480795	24520.318
11.487178	24647.960
11.493560	24734.504
11.499943	24804.147
11.506326	24834.825
11.512709	24865.030
11.519092	24872.583
11.525475	24848.738
11.531857	24783.223
11.538240	24686.796
11.544623	24576.859
11.551006	24449.432
11.557389	24356.341
11.563771	24251.266
11.570154	24178.466
11.576537	24145.792
11.582920	24175.714
11.589303	24230.613
11.595686	24290.020
11.602068	24340.582
11.608451	24346.720
11.614834	24362.701
11.621217	24398.765
11.627600	24347.687
11.633982	24260.982
11.640365	24218.341
11.646748	24190.147
11.653131	24164.268
11.659514	24116.440
11.665897	24085.748
11.672279	24061.788
11.678662	24036.475
11.685045	23997.247
11.691428	23988.757
11.697811	23963.174
11.704193	23886.088
11.710576	23808.825
11.716959	23751.920
11.723342	23668.250
11.729725	23578.899
11.736108	23501.116
11.742490	23434.560
11.748873	23366.192
11.755256	23305.321
11.761639	23250.717
11.768022	23214.110
11.774404	23188.815
11.780787	23199.350
11.787170	23244.889
11.793553	23302.207
11.799936	23339.561
11.806319	23380.993
11.812701	23479.884
11.819084	23639.056
11.825467	23795.647
11.831850	23962.430
11.838233	24136.357
11.844615	24306.892
11.850998	24431.585
11.857381	24589.330
11.863764	24708.493
11.870147	24785.830
11.876530	24768.731
11.882912	24751.480
11.889295	24711.814
11.895678	24622.646
11.902061	24483.078
11.908444	24303.641
11.914826	24180.830
11.921209	24072.519
11.927592	23999.182
11.933975	23953.168
11.940358	23951.434
11.946741	23993.839
11.953123	24043.873
11.959506	24106.385
11.965889	24147.864
11.972272	24155.730
11.978655	24208.088
11.985037	24242.268
11.991420	24249.771
11.997803	24266.193
12.004186	24309.145
12.010569	24311.879
12.016952	24276.316
12.023334	24259.441
12.029717	24247.447
12.036100	24221.431
12.042483	24181.214
12.048866	24171.695
12.055248	24146.551
12.061631	24117.847
12.068014	24105.987
12.074397	24113.843
12.080780	24148.944
12.087163	24165.269
12.093545	24199.736
12.099928	24251.496
12.106311	24311.056
12.112694	24359.877
12.119077	24419.989
12.125459	24497.004
12.131842	24570.506
12.138225	24608.018
12.144608	24610.968
12.150991	24631.671
12.157374	24652.644
12.163756	24658.581
12.170139	24610.671
12.176522	24587.808
12.182905	24567.998
12.189288	24548.556
12.195670	24511.404
12.202053	24491.203
12.208436	24489.050
12.214819	24445.597
12.221202	24404.625
12.227585	24367.850
12.233967	24330.160
12.240350	24312.401
12.246733	24289.701
12.253116	24258.692
12.259499	24288.667
12.265881	24344.462
12.272264	24379.179
12.278647	24403.486
12.285030	24425.053
12.291413	24437.589
12.297796	24434.041
12.304178	24442.119
12.310561	24461.589
12.316944	24469.268
12.323327	24500.658
12.329710	24540.891
12.336092	24582.587
12.342475	24602.337
12.348858	24645.891
12.355241	24693.824
12.361624	24720.345
12.368007	24758.721
12.374389	24743.774
12.380772	24643.291
12.387155	24523.380
12.393538	24382.999
12.399921	24237.214
12.406303	24065.819
12.412686	23911.138
12.419069	23818.202
12.425452	23742.065
12.431835	23679.630
12.438218	23610.825
12.444600	23556.698
12.450983	23512.148
12.457366	23486.031
12.463749	23474.100
12.470132	23453.699
12.476514	23427.238
12.482897	23407.746
12.489280	23459.864
12.495663	23509.365
12.502046	23567.057
12.508429	23608.780
12.514811	23624.906
12.521194	23622.989
12.527577	23621.989
12.533960	23630.784
12.540343	23639.132
12.546725	23675.596
12.553108	23668.468
12.559491	23629.334
12.565874	23554.046
12.572257	23470.602
12.578640	23419.124
12.585022	23380.932
12.591405	23334.476
12.597788	23294.645
12.604171	23291.697
12.610554	23267.160
12.616936	23257.566
12.623319	23233.119
12.629702	23181.621
12.636085	23182.147
12.642468	23177.122
12.648851	23186.522
12.655233	23157.017
12.661616	23131.805
12.667999	23128.352
12.674382	23158.987
12.680765	23159.256
12.687147	23191.349
12.693530	23205.273
12.699913	23154.508
12.706296	23101.871
12.712679	23031.722
12.719062	22939.347
12.725444	22861.716
12.731827	22800.061
12.738210	22720.952
12.744593	22651.226
12.750976	22558.673
12.757358	22476.833
12.763741	22410.404
12.770124	22380.822
12.776507	22339.947
12.782890	22269.679
12.789273	22211.162
12.795655	22159.305
12.802038	22171.216
12.808421	22173.248
12.814804	22195.546
12.821187	22228.474
12.827569	22274.238
12.833952	22308.309
12.840335	22364.675
12.846718	22411.883
12.853101	22434.195
12.859484	22466.760
12.865866	22479.471
12.872249	22478.552
12.878632	22454.422
12.885015	22401.611
12.891398	22378.184
12.897780	22376.295
12.904163	22333.634
12.910546	22248.224
12.916929	22205.043
12.923312	22195.439
12.929695	22167.985
12.936077	22130.435
12.942460	22113.099
12.948843	22109.623
12.955226	22086.787
12.961609	22071.069
12.967991	22069.473
12.974374	22065.955
12.980757	22076.999
12.987140	22074.449
12.993523	22048.591
12.999906	22080.662
13.006288	22113.949
13.012671	22114.980
13.019054	22069.554
13.025437	21988.401
13.031820	21914.102
13.038202	21876.730
13.044585	21788.241
13.050968	21675.324
13.057351	21537.545
13.063734	21462.736
13.070117	21403.735
13.076499	21350.007
13.082882	21277.490
13.089265	21267.200
13.095648	21292.516
13.102031	21276.131
13.108413	21261.670
13.114796	21254.789
13.121179	21277.484
13.127562	21299.801
13.133945	21315.237
13.140328	21343.054
13.146710	21350.857
13.153093	21316.195
13.159476	21328.140
13.165859	21339.785
13.172242	21316.853
13.178624	21314.312
13.185007	21331.620
13.191390	21320.903
13.197773	21308.928
13.204156	21311.411
13.210539	21320.797
13.216921	21300.042
13.223304	21261.897
13.229687	21258.622
13.236070	21285.656
13.242453	21344.783
13.248835	21372.837
13.255218	21343.883
13.261601	21344.479
13.267984	21342.027
13.274367	21339.432
13.280750	21304.329
13.287132	21298.854
13.293515	21307.950
13.299898	21284.918
13.306281	21240.404
13.312664	21208.556
13.319046	21191.246
13.325429	21157.031
13.331812	21097.805
13.338195	21024.207
13.344578	20982.108
13.350961	20938.643
13.357343	20868.034
13.363726	20782.401
13.370109	20702.502
13.376492	20661.331
13.382875	20647.847
13.389257	20646.303
13.395640	20614.791
13.402023	20629.455
13.408406	20679.877
13.414789	20747.192
13.421172	20759.500
13.427554	20803.745
13.433937	20828.623
13.440320	20852.038
13.446703	20885.780
13.453086	20938.773
13.459468	21004.831
13.465851	21031.798
13.472234	21051.933
13.478617	21098.241
13.485000	21126.104
13.491383	21122.824
13.497765	21077.922
13.504148	21030.260
13.510531	20961.833
13.516914	20885.086
13.523297	20810.712
13.529679	20706.361
13.536062	20624.948
13.542445	20584.426
13.548828	20545.110
13.555211	20524.247
13.561594	20523.951
13.567976	20513.639
13.574359	20521.169
13.580742	20546.792
13.587125	20569.791
13.593508	20585.864
13.599890	20645.861
13.606273	20709.031
13.612656	20728.260
13.619039	20746.300
13.625422	20754.756
13.631805	20745.080
13.638187	20716.944
13.644570	20694.621
13.650953	20658.050
13.657336	20594.491
13.663719	20551.893
13.670101	20535.551
13.676484	20471.314
13.682867	20427.284
13.689250	20401.713
13.695633	20422.514
13.702016	20413.740
13.708398	20410.594
13.714781	20375.289
13.721164	20380.829
13.727547	20375.066
13.733930	20385.794
13.740312	20356.453
13.746695	20367.433
13.753078	20355.714
13.759461	20358.772
13.765844	20350.420
13.772227	20386.321
13.778609	20374.977
13.784992	20351.442
13.791375	20330.736
13.797758	20303.531
13.804141	20312.526
13.810524	20307.255
13.816906	20268.832
13.823289	20232.079
13.829672	20239.308
13.836055	20282.171
13.842438	20348.997
13.848820	20371.575
13.855203	20385.224
13.861586	20390.470
13.867969	20405.114
13.874352	20392.449
13.880735	20393.461
13.887117	20389.732
13.893500	20394.034
13.899883	20391.042
13.906266	20387.188
13.912649	20403.430
13.919031	20357.248
13.925414	20330.512
13.931797	20300.986
13.938180	20320.963
13.944563	20337.695
13.950946	20303.883
13.957328	20267.018
13.963711	20262.568
13.970094	20232.464
13.976477	20163.764
13.982860	20119.520
13.989242	20099.487
13.995625	20107.189
14.002008	20118.275
14.008391	20122.366
14.014774	20092.182
14.021157	20106.964
14.027539	20157.776
14.033922	20178.233
14.040305	20189.970
14.046688	20189.283
14.053071	20209.258
14.059453	20268.394
14.065836	20303.160
14.072219	20303.040
14.078602	20276.614
14.084985	20235.798
14.091368	20219.358
14.097750	20206.864
14.104133	20172.239
14.110516	20102.871
14.116899	20034.705
14.123282	19992.197
14.129664	19972.169
14.136047	19957.216
14.142430	19966.692
14.148813	19949.531
14.155196	19939.855
14.161579	19971.392
14.167961	20015.592
14.174344	20029.636
14.180727	20054.437
14.187110	20052.899
14.193493	20071.476
14.199875	20081.374
14.206258	20094.186
14.212641	20092.533
14.219024	20078.537
14.225407	20040.213
14.231790	19954.907
14.238172	19888.827
14.244555	19868.731
14.250938	19833.240
14.257321	19758.459
14.263704	19678.458
14.270086	19658.957
14.276469	19631.623
14.282852	19560.293
14.289235	19539.004
14.295618	19553.012
14.302001	19551.949
14.308383	19542.667
14.314766	19545.811
14.321149	19523.153
14.327532	19526.479
14.333915	19543.123
14.340297	19528.702
14.346680	19523.662
14.353063	19516.458
14.359446	19531.673
14.365829	19563.604
14.372212	19606.446
14.378594	19577.396
14.384977	19521.039
14.391360	19486.650
14.397743	19475.807
14.404126	19468.524
14.410508	19460.458
14.416891	19414.403
14.423274	19374.493
14.429657	19370.795
14.436040	19365.390
14.442423	19382.350
14.448805	19386.719
14.455188	19366.601
14.461571	19369.149
14.467954	19354.350
14.474337	19324.244
14.480719	19338.437
14.487102	19334.775
14.493485	19328.886
14.499868	19315.955
14.506251	19286.709
14.512634	19270.283
14.519016	19260.757
14.525399	19259.553
14.531782	19260.316
14.538165	19208.769
14.544548	19167.850
14.550930	19162.108
14.557313	19165.817
14.563696	19210.689
14.570079	19229.736
14.576462	19224.747
14.582845	19247.347
14.589227	19267.512
14.595610	19256.769
14.601993	19253.907
14.608376	19264.673
14.614759	19270.124
14.621141	19290.880
14.627524	19310.339
14.633907	19277.369
14.640290	19258.933
14.646673	19282.789
14.653056	19299.066
14.659438	19287.861
14.665821	19230.145
14.672204	19157.956
14.678587	19112.128
14.684970	19073.677
14.691352	19062.457
14.697735	19061.909
14.704118	19048.121
14.710501	19044.162
14.716884	19033.848
14.723267	19025.885
14.729649	19025.025
14.736032	18992.585
14.742415	18942.563
14.748798	18912.967
14.755181	18916.517
14.761563	18876.316
14.767946	18823.875
14.774329	18815.413
14.780712	18795.153
14.787095	18777.504
14.793478	18765.400
14.799860	18764.015
14.806243	18770.257
14.812626	18784.230
14.819009	18764.221
14.825392	18781.698
14.831774	18836.424
14.838157	18831.299
14.844540	18818.869
14.850923	18814.317
14.857306	18841.028
14.863689	18830.025
14.870071	18789.679
14.876454	18765.819
14.882837	18789.610
14.889220	18814.032
14.895603	18781.812
14.901985	18756.523
14.908368	18771.043
14.914751	18751.669
14.921134	18703.875
14.927517	18692.019
14.933900	18698.895
14.940282	18681.786
14.946665	18696.434
14.953048	18684.687
14.959431	18648.813
14.965814	18674.151
14.972196	18673.681
14.978579	18650.976
14.984962	18602.036
14.991345	18586.555
14.997728	18584.717
15.004111	18603.670
15.010493	18613.985
15.016876	18609.940
15.023259	18592.852
15.029642	18636.799
15.036025	18637.504
15.042407	18608.015
15.048790	18577.527
15.055173	18576.113
15.061556	18575.684
15.067939	18588.238
15.074322	18580.870
15.080704	18577.775
15.087087	18554.504
15.093470	18520.082
15.099853	18510.037
15.106236	18532.444
15.112618	18570.433
15.119001	18614.774
15.125384	18623.056
15.131767	18631.052
15.138150	18603.876
15.144533	18557.556
15.150915	18579.464
15.157298	18595.596
15.163681	18595.419
15.170064	18593.753
15.176447	18583.283
15.182829	18584.651
15.189212	18589.280
15.195595	18609.252
15.201978	18602.909
15.208361	18575.576
15.214744	18569.944
15.221126	18569.615
15.227509	18543.329
15.233892	18543.622
15.240275	18551.687
15.246658	18576.060
15.253040	18578.052
15.259423	18553.948
15.265806	18549.394
15.272189	18549.733
15.278572	18594.722
15.284955	18626.830
15.291337	18625.340
15.297720	18608.427
15.304103	18648.900
15.310486	18670.599
15.316869	18679.554
15.323251	18717.105
15.329634	18726.505
15.336017	18706.118
15.342400	18682.500
15.348783	18700.873
15.355166	18688.509
15.361548	18653.939
15.367931	18614.639
15.374314	18557.177
15.380697	18535.126
15.387080	18567.825
15.393462	18592.478
15.399845	18581.849
15.406228	18577.843
15.412611	18595.786
15.418994	18584.807
15.425377	18620.584
15.431759	18676.355
15.438142	18686.323
15.444525	18674.079
15.450908	18661.893
15.457291	18648.073
15.463673	18639.964
15.470056	18623.786
15.476439	18604.590
15.482822	18610.479
15.489205	18603.262
15.495588	18592.060
15.501970	18585.284
15.508353	18556.056
15.514736	18545.399
15.521119	18543.239
15.527502	18552.889
15.533884	18599.009
15.540267	18605.253
15.546650	18617.039
15.553033	18646.414
15.559416	18617.764
15.565799	18612.263
15.572181	18632.950
15.578564	18629.072
15.584947	18612.857
15.591330	18611.630
15.597713	18608.785
15.604095	18564.364
15.610478	18560.130
15.616861	18564.555
15.623244	18507.009
15.629627	18510.076
15.636010	18513.836
15.642392	18491.560
15.648775	18461.321
15.655158	18458.896
15.661541	18448.947
15.667924	18435.358
15.674306	18409.148
15.680689	18398.614
15.687072	18375.104
15.693455	18356.030
15.699838	18372.244
15.706221	18429.842
15.712603	18411.822
15.718986	18386.015
15.725369	18373.320
15.731752	18420.146
15.738135	18447.553
15.744517	18382.939
15.750900	18375.818
15.757283	18411.998
15.763666	18441.110
15.770049	18429.235
15.776432	18385.283
15.782814	18380.650
15.789197	18396.028
15.795580	18439.624
15.801963	18460.335
15.808346	18435.468
15.814728	18412.898
15.821111	18404.372
15.827494	18411.073
15.833877	18403.308
15.840260	18384.685
15.846643	18356.759
15.853025	18316.936
15.859408	18286.586
15.865791	18277.223
15.872174	18292.924
15.878557	18272.614
15.884939	18233.359
15.891322	18188.873
15.897705	18110.589
15.904088	18085.619
15.910471	18054.629
15.916854	18013.038
15.923236	18009.963
15.929619	18056.258
15.936002	18073.575
15.942385	18036.577
15.948768	18046.991
15.955150	18030.916
15.961533	17988.185
15.967916	17975.174
15.974299	17990.443
15.980682	18002.345
15.987065	17986.476
15.993447	17965.073
15.999830	17962.415
16.006213	17949.926
16.012596	17950.814
16.018979	17947.721
16.025361	17959.698
16.031744	17952.157
16.038127	17914.429
16.044510	17876.101
16.050893	17880.965
16.057276	17842.436
16.063658	17830.633
16.070041	17846.912
16.076424	17811.851
16.082807	17799.018
16.089190	17787.657
16.095572	17793.291
16.101955	17821.841
16.108338	17827.464
16.114721	17810.365
16.121104	17816.439
16.127487	17782.873
16.133869	17747.906
16.140252	17745.893
16.146635	17749.711
16.153018	17725.891
16.159401	17742.054
16.165783	17714.084
16.172166	17687.182
16.178549	17678.521
16.184932	17700.265
16.191315	17681.059
16.197698	17660.976
16.204080	17626.839
16.210463	17605.341
16.216846	17627.295
16.223229	17630.490
16.229612	17612.443
16.235994	17623.140
16.242377	17623.827
16.248760	17599.463
16.255143	17603.297
16.261526	17589.166
16.267909	17554.202
16.274291	17537.609
16.280674	17519.239
16.287057	17479.576
16.293440	17471.183
16.299823	17469.574
16.306205	17436.868
16.312588	17411.702
16.318971	17380.085
16.325354	17374.185
16.331737	17355.466
16.338120	17335.549
16.344502	17369.465
16.350885	17401.254
16.357268	17389.407
16.363651	17363.071
16.370034	17339.451
16.376416	17335.904
16.382799	17307.969
16.389182	17317.577
16.395565	17347.036
16.401948	17294.837
16.408331	17191.385
16.414713	17164.621
16.421096	17184.152
16.427479	17190.383
16.433862	17151.755
16.440245	17122.154
16.446627	17145.907
16.453010	17137.602
16.459393	17135.965
16.465776	17177.947
16.472159	17172.144
16.478542	17158.653
16.484924	17159.518
16.491307	17153.749
16.497690	17146.407
16.504073	17120.456
16.510456	17107.482
16.516838	17091.548
16.523221	17112.721
16.529604	17156.653
16.535987	17154.405
16.542370	17105.741
16.548753	17093.745
16.555135	17090.365
16.561518	17065.022
16.567901	17050.242
16.574284	17047.113
16.580667	17057.279
16.587049	17108.241
16.593432	17070.666
16.599815	16969.395
16.606198	16937.109
16.612581	16934.382
16.618964	16941.520
16.625346	16918.873
16.631729	16883.286
16.638112	16857.838
16.644495	16861.485
16.650878	16866.796
16.657260	16847.013
16.663643	16851.068
16.670026	16862.843
16.676409	16823.958
16.682792	16791.690
16.689175	16788.641
16.695557	16802.734
16.701940	16840.279
16.708323	16832.002
16.714706	16791.786
16.721089	16804.516
16.727471	16795.839
16.733854	16767.352
16.740237	16707.456
16.746620	16715.139
16.753003	16735.612
16.759386	16730.566
16.765768	16747.802
16.772151	16747.316
16.778534	16714.402
16.784917	16677.923
16.791300	16686.657
16.797682	16699.610
16.804065	16701.225
16.810448	16651.341
16.816831	16610.841
16.823214	16644.410
16.829597	16704.064
16.835979	16713.366
16.842362	16691.365
16.848745	16661.628
16.855128	16641.875
16.861511	16660.979
16.867893	16724.388
16.874276	16715.073
16.880659	16693.235
16.887042	16670.631
16.893425	16634.537
16.899808	16632.167
16.906190	16627.291
16.912573	16634.429
16.918956	16636.812
16.925339	16621.067
16.931722	16645.244
16.938104	16655.503
16.944487	16625.221
16.950870	16647.895
16.957253	16620.473
16.963636	16613.857
16.970019	16645.530
16.976401	16613.785
16.982784	16558.466
16.989167	16559.756
16.995550	16575.014
17.001933	16559.588
17.008316	16533.702
17.014698	16504.364
17.021081	16467.086
17.027464	16485.252
17.033847	16520.662
17.040230	16548.863
17.046612	16549.924
17.052995	16522.635
17.059378	16484.692
17.065761	16492.399
17.072144	16508.588
17.078527	16496.802
17.084909	16510.609
17.091292	16570.167
17.097675	16551.190
17.104058	16501.516
17.110441	16485.588
17.116823	16515.562
17.123206	16541.920
17.129589	16513.997
17.135972	16487.686
17.142355	16432.930
17.148738	16414.352
17.155120	16457.958
17.161503	16467.498
17.167886	16450.934
17.174269	16477.561
17.180652	16463.784
17.187034	16444.224
17.193417	16463.261
17.199800	16519.165
17.206183	16534.877
17.212566	16498.112
17.218949	16495.341
17.225331	16498.581
17.231714	16461.103
17.238097	16440.335
17.244480	16450.042
17.250863	16456.601
17.257245	16456.622
17.263628	16450.121
17.270011	16435.440
17.276394	16443.772
17.282777	16474.511
17.289160	16471.970
17.295542	16476.490
17.301925	16464.205
17.308308	16445.108
17.314691	16465.024
17.321074	16438.501
17.327456	16400.268
17.333839	16376.056
17.340222	16355.284
17.346605	16347.727
17.352988	16390.958
17.359371	16394.371
17.365753	16379.024
17.372136	16352.106
17.378519	16335.520
17.384902	16357.207
17.391285	16357.063
17.397667	16377.848
17.404050	16353.429
17.410433	16341.702
17.416816	16372.178
17.423199	16370.312
17.429582	16368.039
17.435964	16372.812
17.442347	16344.661
17.448730	16342.986
17.455113	16336.939
17.461496	16314.257
17.467878	16337.329
17.474261	16344.603
17.480644	16306.646
17.487027	16301.186
17.493410	16270.968
17.499793	16302.902
17.506175	16313.118
17.512558	16288.158
17.518941	16356.459
17.525324	16339.955
17.531707	16304.093
17.538089	16318.749
17.544472	16301.937
17.550855	16291.463
17.557238	16236.731
17.563621	16222.686
17.570004	16246.147
17.576386	16247.456
17.582769	16232.659
17.589152	16217.047
17.595535	16176.304
17.601918	16169.565
17.608300	16198.405
17.614683	16185.271
17.621066	16144.671
17.627449	16135.310
17.633832	16124.517
17.640215	16105.256
17.646597	16121.299
17.652980	16129.281
17.659363	16139.380
17.665746	16080.727
17.672129	16123.395
17.678511	16143.248
17.684894	16091.806
17.691277	16104.056
17.697660	16130.600
17.704043	16104.336
17.710426	16090.234
17.716808	16085.419
17.723191	16061.382
17.729574	16040.292
17.735957	16067.767
17.742340	16088.423
17.748722	16063.618
17.755105	16055.459
17.761488	16052.154
17.767871	16072.786
17.774254	16066.959
17.780637	16029.796
17.787019	15980.898
17.793402	15994.387
17.799785	15951.221
17.806168	15929.138
17.812551	15977.415
17.818933	15982.398
17.825316	15971.134
17.831699	15968.136
17.838082	15969.802
17.844465	15912.546
17.850848	15909.955
17.857230	15961.854
17.863613	15991.642
17.869996	15961.021
17.876379	15917.267
17.882762	15881.886
17.889144	15910.505
17.895527	15922.363
17.901910	15890.981
17.908293	15885.747
17.914676	15900.387
17.921059	15880.682
17.927441	15839.093
17.933824	15867.977
17.940207	15857.764
17.946590	15805.949
17.952973	15815.514
17.959355	15844.974
17.965738	15821.587
17.972121	15845.447
17.978504	15879.658
17.984887	15852.161
17.991270	15842.505
17.997652	15840.464
18.004035	15853.192
18.010418	15863.624
18.016801	15809.064
18.023184	15805.258
18.029566	15841.957
18.035949	15870.357
18.042332	15873.056
18.048715	15876.436
18.055098	15864.005
18.061481	15849.842
18.067863	15810.133
18.074246	15799.478
18.080629	15837.507
18.087012	15830.536
18.093395	15822.891
18.099777	15800.610
18.106160	15781.741
18.112543	15783.185
18.118926	15774.506
18.125309	15758.142
18.131692	15795.313
18.138074	15759.753
18.144457	15784.762
18.150840	15855.305
18.157223	15871.026
18.163606	15819.386
18.169988	15779.910
18.176371	15796.152
18.182754	15800.824
18.189137	15789.409
18.195520	15780.968
18.201903	15760.249
18.208285	15746.042
18.214668	15749.416
18.221051	15735.013
18.227434	15742.858
18.233817	15733.924
18.240199	15733.425
18.246582	15729.427
18.252965	15721.773
18.259348	15770.709
18.265731	15740.947
18.272114	15701.131
18.278496	15721.277
18.284879	15781.174
18.291262	15779.295
18.297645	15753.950
18.304028	15703.889
18.310410	15687.819
18.316793	15693.839
18.323176	15739.587
18.329559	15791.195
18.335942	15737.665
18.342325	15719.392
18.348707	15731.418
18.355090	15710.210
18.361473	15719.496
18.367856	15710.224
18.374239	15706.301
18.380621	15675.420
18.387004	15681.575
18.393387	15708.815
18.399770	15716.896
18.406153	15716.949
18.412536	15694.089
18.418918	15657.473
18.425301	15661.385
18.431684	15646.826
18.438067	15663.191
18.444450	15670.174
18.450832	15652.667
18.457215	15663.027
18.463598	15676.898
18.469981	15710.228
18.476364	15663.691
18.482747	15641.504
18.489129	15639.171
18.495512	15644.847
18.501895	15638.664
18.508278	15638.850
18.514661	15660.193
18.521043	15673.710
18.527426	15654.567
18.533809	15624.317
18.540192	15650.877
18.546575	15676.718
18.552958	15705.578
18.559340	15696.141
18.565723	15712.283
18.572106	15689.725
18.578489	15643.906
18.584872	15660.119
18.591254	15657.194
18.597637	15646.824
18.604020	15677.208
18.610403	15658.333
18.616786	15616.407
18.623169	15641.265
18.629551	15690.499
18.635934	15683.117
18.642317	15682.781
18.648700	15673.086
18.655083	15626.192
18.661465	15581.440
18.667848	15585.840
18.674231	15634.462
18.680614	15655.563
18.686997	15632.569
18.693380	15612.275
18.699762	15581.489
18.706145	15591.931
18.712528	15621.504
18.718911	15583.706
18.725294	15604.713
18.731676	15622.235
18.738059	15585.654
18.744442	15579.195
18.750825	15556.719
18.757208	15546.565
18.763591	15522.909
18.769973	15505.441
18.776356	15506.888
18.782739	15535.262
18.789122	15543.443
18.795505	15517.363
18.801887	15509.204
18.808270	15542.937
18.814653	15552.635
18.821036	15511.364
18.827419	15506.526
18.833802	15551.073
18.840184	15530.591
18.846567	15513.180
18.852950	15521.940
18.859333	15550.402
18.865716	15577.735
18.872098	15547.699
18.878481	15532.149
18.884864	15552.156
18.891247	15551.685
18.897630	15548.678
18.904013	15548.722
18.910395	15562.000
18.916778	15590.473
18.923161	15552.990
18.929544	15589.168
18.935927	15582.432
18.942309	15527.334
18.948692	15507.071
18.955075	15529.860
18.961458	15508.327
18.967841	15485.661
18.974224	15494.649
18.980606	15503.015
18.986989	15512.377
18.993372	15537.233
18.999755	15558.837
19.006138	15541.050
19.012520	15515.856
19.018903	15516.087
19.025286	15496.095
19.031669	15444.549
19.038052	15433.929
19.044435	15440.629
19.050817	15483.841
19.057200	15507.471
19.063583	15458.326
19.069966	15415.921
19.076349	15442.541
19.082731	15446.257
19.089114	15435.737
19.095497	15425.504
19.101880	15449.991
19.108263	15443.700
19.114646	15453.976
19.121028	15417.545
19.127411	15427.422
19.133794	15472.932
19.140177	15473.951
19.146560	15456.097
19.152942	15421.412
19.159325	15383.505
19.165708	15377.239
19.172091	15422.032
19.178474	15403.331
19.184857	15367.284
19.191239	15363.390
19.197622	15394.760
19.204005	15407.661
19.210388	15433.261
19.216771	15399.974
19.223153	15394.244
19.229536	15360.477
19.235919	15345.463
19.242302	15337.443
19.248685	15352.606
19.255068	15364.803
19.261450	15341.267
19.267833	15351.114
19.274216	15344.428
19.280599	15313.617
19.286982	15282.056
19.293364	15292.620
19.299747	15301.411
19.306130	15281.159
19.312513	15317.501
19.318896	15303.559
19.325279	15316.656
19.331661	15334.847
19.338044	15285.462
19.344427	15228.752
19.350810	15178.881
19.357193	15235.880
19.363575	15271.536
19.369958	15253.391
19.376341	15244.037
19.382724	15233.677
19.389107	15212.829
19.395490	15228.766
19.401872	15245.068
19.408255	15278.865
19.414638	15237.944
19.421021	15203.060
19.427404	15191.486
19.433786	15203.511
19.440169	15210.682
19.446552	15215.967
19.452935	15219.764
19.459318	15210.649
19.465701	15177.865
19.472083	15161.994
19.478466	15139.486
19.484849	15134.402
19.491232	15137.960
19.497615	15120.441
19.503997	15128.082
19.510380	15098.941
19.516763	15087.912
19.523146	15069.663
19.529529	15094.844
19.535912	15163.977
19.542294	15169.825
19.548677	15100.315
19.555060	15031.671
19.561443	15009.416
19.567826	15039.941
19.574208	15067.614
19.580591	15087.973
19.586974	15059.990
19.593357	15022.172
19.599740	15026.081
19.606123	15082.871
19.612505	15093.911
19.618888	15033.177
19.625271	15020.705
19.631654	15008.142
19.638037	15021.336
19.644419	15008.049
19.650802	15007.518
19.657185	15056.993
19.663568	15051.130
19.669951	15014.592
19.676334	15027.355
19.682716	14990.952
19.689099	14968.450
19.695482	14959.341
19.701865	14947.073
19.708248	14939.493
19.714630	14963.564
19.721013	14990.386
19.727396	14944.870
19.733779	14885.686
19.740162	14874.913
19.746545	14888.375
19.752927	14894.747
19.759310	14910.795
19.765693	14895.744
19.772076	14922.010
19.778459	14959.264
19.784841	14881.344
19.791224	14928.104
19.797607	14903.101
19.803990	14858.994
19.810373	14873.235
19.816756	14906.913
19.823138	14918.037
19.829521	14916.005
19.835904	14913.739
19.842287	14888.109
19.848670	14855.874
19.855052	14809.182
19.861435	14809.726
19.867818	14874.487
19.874201	14850.846
19.880584	14817.807
19.886967	14856.393
19.893349	14848.937
19.899732	14775.633
19.906115	14779.936
19.912498	14783.566
19.918881	14771.367
19.925263	14782.303
19.931646	14805.812
19.938029	14835.412
19.944412	14814.323
19.950795	14793.685
19.957178	14796.438
19.963560	14788.904
19.969943	14777.185
19.976326	14804.918
19.982709	14763.013
19.989092	14726.011
19.995474	14718.774
20.001857	14737.229
20.008240	14794.093
20.014623	14768.320
20.021006	14688.214
20.027389	14704.434
20.033771	14731.487
20.040154	14691.075
20.046537	14653.742
20.052920	14682.124
20.059303	14711.843
20.065685	14737.866
20.072068	14723.537
20.078451	14688.470
20.084834	14700.768
20.091217	14729.731
20.097600	14716.154
20.103982	14720.120
20.110365	14713.172
20.116748	14747.069
20.123131	14747.371
20.129514	14712.265
20.135896	14683.630
20.142279	14679.026
20.148662	14661.003
20.155045	14674.219
20.161428	14685.132
20.167811	14692.823
20.174193	14676.221
20.180576	14658.403
20.186959	14681.176
20.193342	14685.610
20.199725	14651.833
20.206108	14615.120
20.212490	14577.471
20.218873	14607.875
20.225256	14654.532
20.231639	14645.571
20.238022	14617.427
20.244404	14620.143
20.250787	14680.172
20.257170	14718.797
20.263553	14683.431
20.269936	14658.242
20.276319	14625.619
20.282701	14619.838
20.289084	14588.526
20.295467	14620.967
20.301850	14656.792
20.308233	14635.848
20.314615	14660.692
20.320998	14695.923
20.327381	14708.122
20.333764	14710.784
20.340147	14701.924
20.346530	14645.975
20.352912	14586.398
20.359295	14607.173
20.365678	14629.904
20.372061	14622.560
20.378444	14622.499
20.384826	14605.895
20.391209	14612.837
20.397592	14617.834
20.403975	14625.129
20.410358	14546.716
20.416741	14527.883
20.423123	14517.307
20.429506	14551.738
20.435889	14589.002
20.442272	14593.647
20.448655	14541.148
20.455037	14554.633
20.461420	14532.572
20.467803	14515.628
20.474186	14558.347
20.480569	14615.771
20.486952	14616.084
20.493334	14567.336
20.499717	14576.538
20.506100	14551.464
20.512483	14514.695
20.518866	14559.628
20.525248	14573.116
20.531631	14517.508
20.538014	14471.782
20.544397	14511.205
20.550780	14508.647
20.557163	14497.469
20.563545	14536.117
20.569928	14532.984
20.576311	14526.509
20.582694	14537.074
20.589077	14538.749
20.595459	14472.347
20.601842	14472.716
20.608225	14580.217
20.614608	14568.962
20.620991	14497.373
20.627374	14497.795
20.633756	14540.655
20.640139	14520.591
20.646522	14475.801
20.652905	14534.537
20.659288	14585.259
20.665670	14523.855
20.672053	14487.311
20.678436	14478.506
20.684819	14481.722
20.691202	14483.816
20.697585	14461.637
20.703967	14514.132
20.710350	14496.126
20.716733	14499.194
20.723116	14505.307
20.729499	14499.408
20.735881	14513.086
20.742264	14522.548
20.748647	14519.475
20.755030	14466.613
20.761413	14481.935
20.767796	14529.872
20.774178	14540.048
20.780561	14451.126
20.786944	14431.727
20.793327	14446.540
20.799710	14462.599
20.806092	14458.896
20.812475	14440.809
20.818858	14433.131
20.825241	14413.684
20.831624	14434.386
20.838007	14472.785
20.844389	14491.646
20.850772	14467.619
20.857155	14413.051
20.863538	14447.592
20.869921	14485.632
20.876303	14504.793
20.882686	14508.706
20.889069	14480.248
20.895452	14451.135
20.901835	14426.723
20.908218	14422.971
20.914600	14446.715
20.920983	14487.556
20.927366	14449.974
20.933749	14448.672
20.940132	14429.445
20.946514	14318.362
20.952897	14383.158
20.959280	14447.144
20.965663	14484.361
20.972046	14419.227
20.978429	14369.755
20.984811	14389.163
20.991194	14402.219
20.997577	14386.901
21.003960	14346.398
21.010343	14334.060
21.016725	14342.771
21.023108	14405.346
21.029491	14397.356
21.035874	14383.630
21.042257	14371.361
21.048640	14356.456
21.055022	14374.297
21.061405	14337.554
21.067788	14355.910
21.074171	14358.703
21.080554	14369.836
21.086936	14349.560
21.093319	14357.487
21.099702	14330.697
21.106085	14338.084
21.112468	14336.367
21.118851	14381.481
21.125233	14440.221
21.131616	14394.674
21.137999	14311.379
21.144382	14329.671
21.150765	14333.170
21.157147	14306.505
21.163530	14308.429
21.169913	14280.251
21.176296	14284.703
21.182679	14334.806
21.189062	14329.194
21.195444	14300.045
21.201827	14300.113
21.208210	14304.547
21.214593	14267.868
21.220976	14226.999
21.227358	14244.937
21.233741	14204.521
21.240124	14233.452
21.246507	14224.795
21.252890	14284.110
21.259273	14258.837
21.265655	14205.494
21.272038	14223.847
21.278421	14198.019
21.284804	14200.203
21.291187	14237.235
21.297569	14263.057
21.303952	14247.988
21.310335	14276.507
21.316718	14244.029
21.323101	14210.876
21.329484	14233.041
21.335866	14262.206
21.342249	14250.255
21.348632	14274.935
21.355015	14265.398
21.361398	14249.820
21.367780	14228.671
21.374163	14211.521
21.380546	14245.092
21.386929	14249.990
21.393312	14267.423
21.399695	14255.429
21.406077	14187.494
21.412460	14222.843
21.418843	14243.435
21.425226	14197.238
21.431609	14176.844
21.437991	14256.332
21.444374	14240.711
21.450757	14218.558
21.457140	14222.685
21.463523	14225.072
21.469906	14210.529
21.476288	14209.045
21.482671	14162.509
21.489054	14214.968
21.495437	14182.508
21.501820	14165.487
21.508202	14174.027
21.514585	14197.641
21.520968	14205.012
21.527351	14223.423
21.533734	14192.940
21.540117	14175.516
21.546499	14172.103
21.552882	14162.381
21.559265	14186.534
21.565648	14157.064
21.572031	14102.502
21.578413	14094.777
21.584796	14119.378
21.591179	14159.254
21.597562	14212.758
21.603945	14165.479
21.610328	14103.315
21.616710	14123.593
21.623093	14178.250
21.629476	14132.638
21.635859	14172.120
21.642242	14133.749
21.648624	14094.243
21.655007	14113.629
21.661390	14131.347
21.667773	14139.768
21.674156	14183.111
21.680539	14151.920
21.686921	14140.203
21.693304	14121.470
21.699687	14127.520
21.706070	14115.882
21.712453	14171.445
21.718835	14148.984
21.725218	14126.868
21.731601	14066.857
21.737984	14071.032
21.744367	14097.279
21.750750	14119.697
21.757132	14103.334
21.763515	14138.937
21.769898	14122.087
21.776281	14179.329
21.782664	14103.221
21.789046	14078.199
21.795429	14133.641
21.801812	14183.752
21.808195	14133.637
21.814578	14127.550
21.820961	14147.320
21.827343	14144.077
21.833726	14116.431
21.840109	14042.793
21.846492	14087.539
21.852875	14091.726
21.859257	14068.165
21.865640	14093.748
21.872023	14088.540
21.878406	14110.454
21.884789	14151.151
21.891172	14117.386
21.897554	14097.953
21.903937	14098.644
21.910320	14098.475
21.916703	14118.959
21.923086	14111.543
21.929468	14101.390
21.935851	14112.557
21.942234	14105.298
21.948617	14075.846
21.955000	14102.361
21.961383	14100.968
21.967765	14032.486
21.974148	13996.245
21.980531	14097.997
21.986914	14110.086
21.993297	14089.094
21.999679	14084.967
22.006062	14025.492
22.012445	14041.949
22.018828	14063.545
22.025211	14120.965
22.031594	14123.474
22.037976	14095.528
22.044359	14067.673
22.050742	14104.882
22.057125	14155.765
22.063508	14088.737
22.069890	14031.919
22.076273	14075.951
22.082656	14144.314
22.089039	14140.426
22.095422	14075.948
22.101805	14024.226
22.108187	13946.406
22.114570	14080.989
22.120953	14102.193
22.127336	14052.980
22.133719	14033.002
22.140101	14011.864
22.146484	14083.289
22.152867	14150.419
22.159250	14090.456
22.165633	14066.016
22.172016	14035.585
22.178398	14077.994
22.184781	14062.467
22.191164	14022.248
22.197547	14022.340
22.203930	14020.650
22.210312	14054.362
22.216695	14035.814
22.223078	14046.610
22.229461	13998.443
22.235844	14031.101
22.242227	14067.254
22.248609	13982.017
22.254992	14022.826
22.261375	14089.295
22.267758	14059.626
22.274141	14061.422
22.280523	14013.619
22.286906	13925.616
22.293289	13898.215
22.299672	13993.509
22.306055	14049.367
22.312438	14069.142
22.318820	14006.182
22.325203	14040.430
22.331586	14021.172
22.337969	13997.851
22.344352	14004.971
22.350734	13984.286
22.357117	13950.479
22.363500	13951.184
22.369883	14017.238
22.376266	14019.668
22.382649	14043.951
22.389031	13995.729
22.395414	13975.903
22.401797	13986.978
22.408180	13972.185
22.414563	14010.918
22.420945	13996.687
22.427328	13964.939
22.433711	13900.745
22.440094	13952.072
22.446477	14026.394
22.452860	14037.078
22.459242	14006.140
22.465625	13970.200
22.472008	13931.162
22.478391	13962.749
22.484774	13949.960
22.491156	13952.503
22.497539	13941.811
22.503922	13938.078
22.510305	13974.524
22.516688	14004.775
22.523071	13926.758
22.529453	13973.716
22.535836	13980.608
22.542219	14048.234
22.548602	14073.054
22.554985	13987.700
22.561367	13982.429
22.567750	13973.350
22.574133	14039.905
22.580516	14029.815
22.586899	13936.140
22.593282	13951.431
22.599664	13940.820
22.606047	13929.899
22.612430	13928.780
22.618813	13935.879
22.625196	13977.144
22.631578	13953.098
22.637961	14007.519
22.644344	13962.577
22.650727	13958.418
22.657110	13916.995
22.663493	13984.631
22.669875	13987.018
22.676258	13941.218
22.682641	13896.335
22.689024	13872.386
22.695407	13878.548
22.701789	13926.540
22.708172	13960.908
22.714555	13965.569
22.720938	13943.798
22.727321	13897.821
22.733704	13923.483
22.740086	13964.030
22.746469	13876.040
22.752852	13815.980
22.759235	13869.819
22.765618	13848.128
22.772000	13931.031
22.778383	13974.388
22.784766	13949.921
22.791149	13904.668
22.797532	13846.815
22.803915	13915.760
22.810297	13907.689
22.816680	13922.802
22.823063	13942.212
22.829446	13876.847
22.835829	13884.541
22.842211	13886.638
22.848594	13948.370
22.854977	13921.461
22.861360	13834.860
22.867743	13853.137
22.874126	13852.973
22.880508	13860.105
22.886891	13936.493
22.893274	13908.299
22.899657	13790.742
22.906040	13849.949
22.912422	13865.562
22.918805	13790.908
22.925188	13810.806
22.931571	13840.518
22.937954	13803.092
22.944337	13885.455
22.950719	13851.368
22.957102	13883.191
22.963485	13898.596
22.969868	13841.490
22.976251	13879.968
22.982633	13860.693
22.989016	13769.973
22.995399	13810.209
23.001782	13805.747
23.008165	13775.470
23.014548	13861.368
23.020930	13830.875
23.027313	13919.753
23.033696	13875.523
23.040079	13804.122
23.046462	13814.760
23.052844	13773.513
23.059227	13804.682
23.065610	13849.198
23.071993	13808.602
23.078376	13751.246
23.084759	13811.592
23.091141	13825.621
23.097524	13768.037
23.103907	13767.792
23.110290	13819.343
23.116673	13821.726
23.123055	13737.833
23.129438	13712.021
23.135821	13790.760
23.142204	13806.789
23.148587	13828.299
23.154970	13822.665
23.161352	13723.216
23.167735	13712.464
23.174118	13732.674
23.180501	13746.785
23.186884	13802.194
23.193266	13746.738
23.199649	13735.230
23.206032	13743.262
23.212415	13697.361
23.218798	13756.195
23.225181	13770.685
23.231563	13706.976
23.237946	13716.126
23.244329	13752.966
23.250712	13766.731
23.257095	13754.906
23.263477	13774.408
23.269860	13753.254
23.276243	13742.447
23.282626	13715.379
23.289009	13705.813
23.295392	13719.575
23.301774	13810.483
23.308157	13726.490
23.314540	13762.345
23.320923	13755.954
23.327306	13653.508
23.333688	13626.039
23.340071	13705.443
23.346454	13680.823
23.352837	13698.784
23.359220	13703.689
23.365603	13658.698
23.371985	13706.017
23.378368	13713.459
23.384751	13622.373
23.391134	13631.976
23.397517	13713.712
23.403900	13655.827
23.410282	13688.648
23.416665	13743.295
23.423048	13795.023
23.429431	13650.062
23.435814	13698.240
23.442196	13706.527
23.448579	13691.681
23.454962	13703.183
23.461345	13657.787
23.467728	13675.071
23.474111	13638.182
23.480493	13649.940
23.486876	13675.232
23.493259	13629.971
23.499642	13679.348
23.506025	13679.324
23.512407	13688.937
23.518790	13675.896
23.525173	13683.938
23.531556	13618.390
23.537939	13631.783
23.544322	13653.209
23.550704	13654.906
23.557087	13708.989
23.563470	13601.033
23.569853	13623.898
23.576236	13626.043
23.582618	13674.078
23.589001	13594.822
23.595384	13647.322
23.601767	13679.694
23.608150	13646.049
23.614533	13722.263
23.620915	13616.429
23.627298	13580.514
23.633681	13578.905
23.640064	13694.777
23.646447	13643.730
23.652829	13638.298
23.659212	13647.308
23.665595	13669.236
23.671978	13608.031
23.678361	13655.138
23.684744	13628.870
23.691126	13587.946
23.697509	13529.405
23.703892	13576.711
23.710275	13607.730
23.716658	13615.469
23.723040	13644.165
23.729423	13587.280
23.735806	13701.119
23.742189	13644.459
23.748572	13593.799
23.754955	13521.024
23.761337	13585.508
23.767720	13661.084
23.774103	13604.872
23.780486	13639.465
23.786869	13528.165
23.793251	13529.058
23.799634	13647.809
23.806017	13672.173
23.812400	13625.635
23.818783	13710.459
23.825166	13725.780
23.831548	13651.228
23.837931	13509.509
23.844314	13537.216
23.850697	13604.661
23.857080	13590.338
23.863462	13523.993
23.869845	13546.275
23.876228	13606.003
23.882611	13630.500
23.888994	13559.138
23.895377	13615.074
23.901759	13534.480
23.908142	13536.986
23.914525	13670.068
23.920908	13647.005
23.927291	13630.324
23.933673	13564.145
23.940056	13465.443
23.946439	13620.571
23.952822	13580.066
23.959205	13488.401
23.965588	13531.664
23.971970	13621.556
23.978353	13615.324
23.984736	13484.735
23.991119	13553.704
23.997502	13505.657
24.003884	13465.225
24.010267	13505.333
24.016650	13643.301
24.023033	13616.571
24.029416	13571.515
24.035799	13590.684
24.042181	13594.594
24.048564	13558.815
24.054947	13569.028
24.061330	13535.360
24.067713	13590.380
24.074095	13508.307
24.080478	13590.301
24.086861	13598.348
24.093244	13564.681
24.099627	13679.333
24.106010	13557.029
24.112392	13591.396
24.118775	13508.934
24.125158	13493.481
24.131541	13574.439
24.137924	13538.816
24.144306	13586.276
24.150689	13532.118
24.157072	13601.213
24.163455	13540.937
24.169838	13467.931
24.176221	13508.089
24.182603	13548.389
24.188986	13511.869
24.195369	13528.519
24.201752	13554.178
24.208135	13524.749
24.214517	13468.830
24.220900	13433.021
24.227283	13448.691
24.233666	13437.459
24.240049	13440.714
24.246432	13472.964
24.252814	13461.353
24.259197	13498.532
24.265580	13479.864
24.271963	13457.414
24.278346	13541.372
24.284728	13536.720
24.291111	13510.825
24.297494	13410.075
24.303877	13362.194
24.310260	13452.387
24.316643	13514.650
24.323025	13434.027
24.329408	13469.738
24.335791	13474.337
24.342174	13439.605
24.348557	13455.299
24.354939	13406.496
24.361322	13392.794
24.367705	13398.779
24.374088	13405.376
24.380471	13338.372
24.386854	13386.098
24.393236	13412.598
24.399619	13440.344
24.406002	13420.611
24.412385	13359.312
24.418768	13355.487
24.425150	13353.632
24.431533	13383.996
24.437916	13463.464
24.444299	13437.387
24.450682	13442.427
24.457065	13456.278
24.463447	13451.575
24.469830	13367.575
24.476213	13426.102
24.482596	13356.110
24.488979	13360.770
24.495361	13394.003
24.501744	13437.070
24.508127	13447.718
24.514510	13528.314
24.520893	13377.342
24.527276	13422.853
24.533658	13389.747
24.540041	13325.628
24.546424	13436.368
24.552807	13484.171
24.559190	13353.612
24.565572	13342.906
24.571955	13346.164
24.578338	13387.096
24.584721	13360.387
24.591104	13301.868
24.597487	13322.698
24.603869	13381.209
24.610252	13251.112
24.616635	13281.901
24.623018	13259.714
24.629401	13339.065
24.635783	13333.788
24.642166	13298.916
24.648549	13296.133
24.654932	13339.248
24.661315	13353.763
24.667698	13282.577
24.674080	13323.614
24.680463	13303.658
24.686846	13232.472
24.693229	13357.108
24.699612	13376.840
24.705994	13257.216
24.712377	13332.052
24.718760	13313.097
24.725143	13356.842
24.731526	13322.458
24.737909	13356.102
24.744291	13329.667
24.750674	13271.492
24.757057	13269.786
24.763440	13245.161
24.769823	13282.331
24.776205	13287.162
24.782588	13206.002
24.788971	13182.636
24.795354	13221.574
24.801737	13248.992
24.808120	13263.484
24.814502	13250.418
24.820885	13257.725
24.827268	13190.575
24.833651	13206.311
24.840034	13285.264
24.846416	13210.222
24.852799	13232.611
24.859182	13222.123
24.865565	13197.787
24.871948	13197.716
24.878331	13184.003
24.884713	13171.189
24.891096	13197.353
24.897479	13251.493
24.903862	13300.082
24.910245	13269.468
24.916627	13123.469
24.923010	13154.749
24.929393	13149.636
24.935776	13222.440
24.942159	13248.527
24.948542	13227.929
24.954924	13265.428
24.961307	13290.114
24.967690	13268.824
24.974073	13218.126
24.980456	13174.652
24.986838	13202.047
24.993221	13188.806
24.999604	13164.970
25.005987	13083.573
25.012370	13219.968
25.018753	13329.609
25.025135	13250.769
25.031518	13151.096
25.037901	13202.891
25.044284	13190.190
25.050667	13137.659
25.057049	13217.326
25.063432	13223.584
25.069815	13167.818
25.076198	13148.771
25.082581	13257.164
25.088964	13209.725
25.095346	13209.401
25.101729	13164.503
25.108112	13266.303
25.114495	13192.657
25.120878	13078.721
25.127260	13190.050
25.133643	13195.214
25.140026	13281.423
25.146409	13233.397
25.152792	13135.962
25.159175	13155.911
25.165557	13087.767
25.171940	13128.406
25.178323	13137.654
25.184706	13136.576
25.191089	13223.388
25.197471	13178.112
25.203854	13203.316
25.210237	13171.560
25.216620	13138.694
25.223003	13185.362
25.229386	13040.391
25.235768	13112.217
25.242151	13193.886
25.248534	13214.694
25.254917	13223.232
25.261300	13159.190
25.267682	13131.684
25.274065	13094.953
25.280448	13149.405
25.286831	13164.584
25.293214	13140.639
25.299597	13126.328
25.305979	13129.926
25.312362	13101.395
25.318745	13098.975
25.325128	13165.582
25.331511	13189.349
25.337893	13166.911
25.344276	13096.551
25.350659	13130.002
25.357042	13117.621
25.363425	13081.145
25.369808	13054.647
25.376190	13055.639
25.382573	13102.554
25.388956	13120.103
25.395339	13105.058
25.401722	13013.925
25.408104	13049.229
25.414487	13084.873
25.420870	13113.287
25.427253	13079.358
25.433636	13000.561
25.440019	13079.833
25.446401	13044.845
25.452784	13009.933
25.459167	13062.723
25.465550	13171.753
25.471933	13076.900
25.478315	13148.897
25.484698	13112.997
25.491081	13134.262
25.497464	13117.570
25.503847	13110.469
25.510230	12999.185
25.516612	13056.846
25.522995	13123.701
25.529378	13015.517
25.535761	13035.517
25.542144	13066.833
25.548526	13028.070
25.554909	13094.348
25.561292	13090.235
25.567675	13043.272
25.574058	13053.367
25.580441	13021.989
25.586823	13028.542
25.593206	13050.983
25.599589	13031.415
25.605972	12995.817
25.612355	12941.520
25.618737	13079.131
25.625120	13048.537
25.631503	13020.440
25.637886	12969.958
25.644269	13080.908
25.650652	13088.336
25.657034	13072.169
25.663417	13001.969
25.669800	12966.973
25.676183	12933.208
25.682566	12995.736
25.688948	12978.737
25.695331	13071.280
25.701714	12888.411
25.708097	12987.411
25.714480	12987.938
25.720863	12983.738
25.727245	12958.457
25.733628	12962.296
25.740011	13007.758
25.746394	12939.746
25.752777	12962.178
25.759159	13011.694
25.765542	13020.701
25.771925	13015.259
25.778308	12947.210
25.784691	12844.027
25.791074	12983.801
25.797456	12979.085
25.803839	12843.310
25.810222	12900.271
25.816605	12917.447
25.822988	12938.806
25.829370	12844.126
25.835753	12979.252
25.842136	12869.291
25.848519	12915.362
25.854902	13064.281
25.861285	13012.208
25.867667	12858.908
25.874050	12921.133
25.880433	12935.473
25.886816	12930.024
25.893199	13016.570
25.899581	12988.129
25.905964	12933.986
25.912347	12896.627
25.918730	12949.383
25.925113	12930.244
25.931496	12779.736
25.937878	12839.238
25.944261	12913.182
25.950644	12870.767
25.957027	12915.732
25.963410	12931.348
25.969792	12994.922
25.976175	12972.023
25.982558	12936.922
25.988941	12950.714
25.995324	12860.582
26.001707	12921.532
26.008089	12880.889
26.014472	12949.349
26.020855	12915.792
26.027238	12955.502
26.033621	12911.285
26.040003	12767.318
26.046386	12778.699
26.052769	12941.402
26.059152	12937.146
26.065535	12847.032
26.071918	12827.311
26.078300	12901.206
26.084683	12919.321
26.091066	12986.368
26.097449	12900.329
26.103832	12929.339
26.110214	12883.403
26.116597	12958.397
26.122980	12969.890
26.129363	12841.461
26.135746	12815.943
26.142129	12796.358
26.148511	12808.428
26.154894	12862.627
26.161277	12826.904
26.167660	12841.612
26.174043	12898.313
26.180425	12882.600
26.186808	12761.214
26.193191	12956.062
26.199574	12919.887
26.205957	12884.614
26.212340	12896.828
26.218722	12919.123
26.225105	12960.954
26.231488	12871.736
26.237871	12990.633
26.244254	12902.067
26.250636	12829.167
26.257019	12845.804
26.263402	12766.661
26.269785	12760.234
26.276168	12911.717
26.282551	12840.301
26.288933	12793.804
26.295316	12789.168
26.301699	12790.452
26.308082	12719.316
26.314465	12662.206
26.320847	12741.639
26.327230	12753.428
26.333613	12871.885
26.339996	12807.411
26.346379	12779.878
26.352762	12822.186
26.359144	12796.326
26.365527	12743.536
26.371910	12752.268
26.378293	12740.698
26.384676	12821.615
26.391058	12772.499
26.397441	12786.734
26.403824	12727.573
26.410207	12755.088
26.416590	12848.845
26.422973	12833.557
26.429355	12818.602
26.435738	12891.512
26.442121	12885.906
26.448504	12724.206
26.454887	12686.777
26.461269	12702.547
26.467652	12712.353
26.474035	12704.508
26.480418	12680.742
26.486801	12697.955
26.493184	12661.393
26.499566	12659.311
26.505949	12758.997
26.512332	12876.794
26.518715	12824.352
26.525098	12685.683
26.531480	12695.902
26.537863	12752.487
26.544246	12652.813
26.550629	12701.726
26.557012	12776.279
26.563395	12753.290
26.569777	12638.492
26.576160	12599.274
26.582543	12703.130
26.588926	12616.959
26.595309	12732.904
26.601692	12646.047
26.608074	12662.462
26.614457	12699.045
26.620840	12760.247
26.627223	12664.652
26.633606	12805.380
26.639988	12756.477
26.646371	12644.886
26.652754	12789.895
26.659137	12789.906
26.665520	12632.492
26.671903	12644.812
26.678285	12744.886
26.684668	12702.707
26.691051	12684.542
26.697434	12563.875
26.703817	12667.459
26.710199	12636.862
26.716582	12566.304
26.722965	12569.374
26.729348	12576.720
26.735731	12618.765
26.742114	12727.026
26.748496	12688.044
26.754879	12629.748
26.761262	12478.660
26.767645	12781.103
26.774028	12758.453
26.780410	12658.732
26.786793	12664.414
26.793176	12576.145
26.799559	12592.658
26.805942	12624.100
26.812325	12702.731
26.818707	12588.209
26.825090	12558.456
26.831473	12752.555
26.837856	12695.617
26.844239	12557.584
26.850621	12566.991
26.857004	12607.695
26.863387	12555.015
26.869770	12619.445
26.876153	12641.875
26.882536	12623.320
26.888918	12683.469
26.895301	12600.956
26.901684	12509.498
26.908067	12657.853
26.914450	12567.821
26.920832	12587.490
26.927215	12658.825
26.933598	12630.899
26.939981	12538.328
26.946364	12607.847
26.952747	12666.014
26.959129	12707.565
26.965512	12621.813
26.971895	12719.731
26.978278	12517.148
26.984661	12628.016
26.991043	12638.645
26.997426	12474.879
27.003809	12660.444
27.010192	12597.065
27.016575	12580.051
27.022958	12688.610
27.029340	12598.359
27.035723	12593.994
27.042106	12530.445
27.048489	12539.310
27.054872	12641.467
27.061254	12655.788
27.067637	12694.098
27.074020	12572.327
27.080403	12510.743
27.086786	12397.955
27.093169	12391.244
27.099551	12536.070
27.105934	12600.836
27.112317	12562.749
27.118700	12643.761
27.125083	12505.477
27.131465	12460.184
27.137848	12465.070
27.144231	12575.499
27.150614	12593.922
27.156997	12573.869
27.163380	12589.608
27.169762	12595.536
27.176145	12569.821
27.182528	12637.734
27.188911	12591.362
27.195294	12554.711
27.201676	12360.098
27.208059	12554.537
27.214442	12512.001
27.220825	12532.111
27.227208	12467.919
27.233591	12422.945
27.239973	12509.715
27.246356	12547.515
27.252739	12337.764
27.259122	12456.259
27.265505	12601.443
27.271887	12477.854
27.278270	12557.776
27.284653	12472.901
27.291036	12550.034
27.297419	12622.499
27.303802	12510.901
27.310184	12541.153
27.316567	12510.414
27.322950	12485.404
27.329333	12621.891
27.335716	12555.142
27.342098	12477.430
27.348481	12487.538
27.354864	12586.732
27.361247	12508.372
27.367630	12530.452
27.374013	12507.902
27.380395	12421.683
27.386778	12423.733
27.393161	12436.710
27.399544	12373.342
27.405927	12435.298
27.412309	12415.248
27.418692	12423.892
27.425075	12270.014
27.431458	12341.097
27.437841	12454.559
27.444224	12509.805
27.450606	12290.895
27.456989	12372.420
27.463372	12294.904
27.469755	12371.591
27.476138	12507.024
27.482520	12377.495
27.488903	12449.913
27.495286	12350.301
27.501669	12447.752
27.508052	12355.725
27.514435	12293.445
27.520817	12462.919
27.527200	12432.647
27.533583	12429.654
27.539966	12445.786
27.546349	12385.235
27.552731	12401.093
27.559114	12320.341
27.565497	12324.619
27.571880	12480.116
27.578263	12519.363
27.584646	12483.072
27.591028	12450.570
27.597411	12446.594
27.603794	12552.549
27.610177	12555.484
27.616560	12395.410
27.622942	12486.038
27.629325	12350.118
27.635708	12367.527
27.642091	12332.904
27.648474	12367.673
27.654857	12399.830
27.661239	12413.977
27.667622	12302.023
27.674005	12479.695
27.680388	12314.972
27.686771	12377.635
27.693153	12342.626
27.699536	12340.754
27.705919	12233.927
27.712302	12347.118
27.718685	12315.772
27.725068	12322.735
27.731450	12407.080
27.737833	12322.800
27.744216	12155.474
27.750599	12280.867
27.756982	0.0000000
27.763364	0.0000000
27.769747	0.0000000
27.776130	0.0000000
27.782513	0.0000000
27.788896	0.0000000
27.795279	0.0000000
27.801661	0.0000000
27.808044	0.0000000
27.814427	0.0000000
27.820810	0.0000000
27.827193	0.0000000
27.833575	0.0000000
27.839958	0.0000000
27.846341	0.0000000
27.852724	0.0000000
27.859107	0.0000000
27.865490	0.0000000
27.871872	0.0000000
27.878255	0.0000000
27.884638	0.0000000
27.891021	0.0000000
27.897404	0.0000000
27.903786	0.0000000
27.910169	0.0000000
27.916552	0.0000000
27.922935	0.0000000
27.929318	0.0000000
27.935701	0.0000000
27.942083	0.0000000
27.948466	0.0000000
27.954849	0.0000000
27.961232	0.0000000
27.967615	0.0000000
27.973997	0.0000000
27.980380	0.0000000
27.986763	0.0000000
27.993146	0.0000000
27.999529	0.0000000
28.005912	0.0000000
28.012294	0.0000000
28.018677	0.0000000
28.025060	0.0000000
28.031443	0.0000000
28.037826	0.0000000
28.044208	0.0000000
28.050591	0.0000000
28.056974	0.0000000
28.063357	0.0000000
28.069740	0.0000000
28.076123	0.0000000
28.082505	0.0000000
28.088888	0.0000000
28.095271	0.0000000
28.101654	0.0000000
28.108037	0.0000000
28.114419	0.0000000
28.120802	0.0000000
28.127185	0.0000000
28.133568	0.0000000
28.139951	0.0000000
28.146334	0.0000000
28.152716	0.0000000
28.159099	0.0000000
28.165482	0.0000000
28.171865	0.0000000
28.178248	0.0000000
28.184630	0.0000000
28.191013	0.0000000
28.197396	0.0000000
28.203779	0.0000000
28.210162	0.0000000
28.216545	0.0000000
28.222927	0.0000000
28.229310	0.0000000
28.235693	0.0000000
28.242076	0.0000000
28.248459	0.0000000
28.254841	0.0000000
28.261224	0.0000000
28.267607	0.0000000
28.273990	0.0000000
28.280373	0.0000000
28.286756	0.0000000
28.293138	0.0000000
28.299521	0.0000000
28.305904	0.0000000
28.312287	0.0000000
28.318670	0.0000000
28.325052	0.0000000
28.331435	0.0000000
28.337818	0.0000000
28.344201	0.0000000
28.350584	0.0000000
28.356967	0.0000000
28.363349	0.0000000
28.369732	0.0000000
28.376115	0.0000000
28.382498	0.0000000
28.388881	0.0000000
28.395263	0.0000000
28.401646	0.0000000
28.408029	0.0000000
28.414412	0.0000000
28.420795	0.0000000
28.427178	0.0000000
28.433560	0.0000000
28.439943	0.0000000
28.446326	0.0000000
28.452709	0.0000000
28.459092	0.0000000
28.465474	0.0000000
28.471857	0.0000000
28.478240	0.0000000
28.484623	0.0000000
28.491006	0.0000000
28.497389	0.0000000
28.503771	0.0000000
28.510154	0.0000000
28.516537	0.0000000
28.522920	0.0000000
28.529303	0.0000000
28.535685	0.0000000
28.542068	0.0000000
28.548451	0.0000000
28.554834	0.0000000
28.561217	0.0000000
28.567600	0.0000000
28.573982	0.0000000
28.580365	0.0000000
28.586748	0.0000000
28.593131	0.0000000
28.599514	0.0000000
28.605896	0.0000000
28.612279	0.0000000
28.618662	0.0000000
28.625045	0.0000000
28.631428	0.0000000
28.637811	0.0000000
28.644193	0.0000000
28.650576	0.0000000
28.656959	0.0000000
28.663342	0.0000000
28.669725	0.0000000
28.676107	0.0000000
28.682490	0.0000000
28.688873	0.0000000
28.695256	0.0000000
28.701639	0.0000000
28.708022	0.0000000
28.714404	0.0000000
28.720787	0.0000000
28.727170	0.0000000
28.733553	0.0000000
28.739936	0.0000000
28.746318	0.0000000
28.752701	0.0000000
28.759084	0.0000000
28.765467	0.0000000
28.771850	0.0000000
28.778233	0.0000000
28.784615	0.0000000
28.790998	0.0000000
28.797381	0.0000000
28.803764	0.0000000
28.810147	0.0000000
28.816529	0.0000000
28.822912	0.0000000
28.829295	0.0000000
28.835678	0.0000000
28.842061	0.0000000
28.848444	0.0000000
28.854826	0.0000000
28.861209	0.0000000
28.867592	0.0000000
28.873975	0.0000000
28.880358	0.0000000
28.886740	0.0000000
28.893123	0.0000000
28.899506	0.0000000
28.905889	0.0000000
28.912272	0.0000000
28.918655	0.0000000
28.925037	0.0000000
28.931420	0.0000000
28.937803	0.0000000
28.944186	0.0000000
28.950569	0.0000000
28.956951	0.0000000
28.963334	0.0000000
28.969717	0.0000000
28.976100	0.0000000
28.982483	0.0000000
28.988866	0.0000000
28.995248	0.0000000
29.001631	0.0000000
29.008014	0.0000000
29.014397	0.0000000
29.020780	0.0000000
29.027162	0.0000000
29.033545	0.0000000
29.039928	0.0000000
29.046311	0.0000000
29.052694	0.0000000
29.059077	0.0000000
29.065459	0.0000000
29.071842	0.0000000
29.078225	0.0000000
29.084608	0.0000000
29.090991	0.0000000
29.097373	0.0000000
29.103756	0.0000000
29.110139	0.0000000
29.116522	0.0000000
29.122905	0.0000000
29.129288	0.0000000
29.135670	0.0000000
29.142053	0.0000000
29.148436	0.0000000
29.154819	0.0000000
29.161202	0.0000000
29.167584	0.0000000
29.173967	0.0000000
29.180350	0.0000000
29.186733	0.0000000
29.193116	0.0000000
29.199499	0.0000000
29.205881	0.0000000
29.212264	0.0000000
29.218647	0.0000000
29.225030	0.0000000
29.231413	0.0000000
29.237795	0.0000000
29.244178	0.0000000
29.250561	0.0000000
29.256944	0.0000000
29.263327	0.0000000
29.269710	0.0000000
29.276092	0.0000000
29.282475	0.0000000
29.288858	0.0000000
29.295241	0.0000000
29.301624	0.0000000
29.308006	0.0000000
29.314389	0.0000000
29.320772	0.0000000
29.327155	0.0000000
29.333538	0.0000000
29.339921	0.0000000
29.346303	0.0000000
29.352686	0.0000000
29.359069	0.0000000
29.365452	0.0000000
29.371835	0.0000000
29.378217	0.0000000
29.384600	0.0000000
29.390983	0.0000000
29.397366	0.0000000
29.403749	0.0000000
29.410132	0.0000000
29.416514	0.0000000
29.422897	0.0000000
29.429280	0.0000000
29.435663	0.0000000
29.442046	0.0000000
29.448428	0.0000000
29.454811	0.0000000
29.461194	0.0000000
29.467577	0.0000000
29.473960	0.0000000
29.480343	0.0000000
29.486725	0.0000000
29.493108	0.0000000
29.499491	0.0000000
29.505874	0.0000000
29.512257	0.0000000
29.518639	0.0000000
29.525022	0.0000000
29.531405	0.0000000
29.537788	0.0000000
29.544171	0.0000000
29.550554	0.0000000
29.556936	0.0000000
29.563319	0.0000000
29.569702	0.0000000
29.576085	0.0000000
29.582468	0.0000000
29.588850	0.0000000
29.595233	0.0000000
29.601616	0.0000000
29.607999	0.0000000
29.614382	0.0000000
29.620765	0.0000000
29.627147	0.0000000
29.633530	0.0000000
29.639913	0.0000000
29.646296	0.0000000
29.652679	0.0000000
29.659061	0.0000000
29.665444	0.0000000
29.671827	0.0000000
29.678210	0.0000000
29.684593	0.0000000
29.690976	0.0000000
29.697358	0.0000000
29.703741	0.0000000
29.710124	0.0000000
29.716507	0.0000000
29.722890	0.0000000
29.729272	0.0000000
29.735655	0.0000000
29.742038	0.0000000
29.748421	0.0000000
29.754804	0.0000000
29.761187	0.0000000
29.767569	0.0000000
29.773952	0.0000000
29.780335	0.0000000
29.786718	0.0000000
29.793101	0.0000000
29.799484	0.0000000
29.805866	0.0000000
29.812249	0.0000000
29.818632	0.0000000
29.825015	0.0000000
29.831398	0.0000000
29.837780	0.0000000
29.844163	0.0000000
29.850546	0.0000000
29.856929	0.0000000
29.863312	0.0000000
29.869695	0.0000000
29.876077	0.0000000
29.882460	0.0000000
29.888843	0.0000000
29.895226	0.0000000
29.901609	0.0000000
29.907991	0.0000000
29.914374	0.0000000
29.920757	0.0000000
29.927140	0.0000000
29.933523	0.0000000
29.939906	0.0000000
29.946288	0.0000000
29.952671	0.0000000
29.959054	0.0000000
29.965437	0.0000000
29.971820	0.0000000
29.978202	0.0000000
29.984585	0.0000000
29.990968	0.0000000
29.997351	0.0000000
30.003734	0.0000000
30.010117	0.0000000
30.016499	0.0000000
30.022882	0.0000000
30.029265	0.0000000
30.035648	0.0000000
30.042031	0.0000000
30.048413	0.0000000
30.054796	0.0000000
30.061179	0.0000000
30.067562	0.0000000
30.073945	0.0000000
30.080328	0.0000000
30.086710	0.0000000
30.093093	0.0000000
30.099476	0.0000000
30.105859	0.0000000
30.112242	0.0000000
30.118624	0.0000000
30.125007	0.0000000
30.131390	0.0000000
30.137773	0.0000000
30.144156	0.0000000
30.150539	0.0000000
30.156921	0.0000000
30.163304	0.0000000
30.169687	0.0000000
30.176070	0.0000000
30.182453	0.0000000
30.188835	0.0000000
30.195218	0.0000000
30.201601	0.0000000
30.207984	0.0000000
30.214367	0.0000000
30.220750	0.0000000
30.227132	0.0000000
30.233515	0.0000000
30.239898	0.0000000
30.246281	0.0000000
30.252664	0.0000000
30.259046	0.0000000
30.265429	0.0000000
30.271812	0.0000000
30.278195	0.0000000
30.284578	0.0000000
30.290961	0.0000000
30.297343	0.0000000
30.303726	0.0000000
30.310109	0.0000000
30.316492	0.0000000
30.322875	0.0000000
30.329257	0.0000000
30.335640	0.0000000
30.342023	0.0000000
30.348406	0.0000000
30.354789	0.0000000
30.361172	0.0000000
30.367554	0.0000000
30.373937	0.0000000
30.380320	0.0000000
30.386703	0.0000000
30.393086	0.0000000
30.399468	0.0000000
30.405851	0.0000000
30.412234	0.0000000
30.418617	0.0000000
30.425000	0.0000000
30.431383	0.0000000
30.437765	0.0000000
30.444148	0.0000000
30.450531	0.0000000
30.456914	0.0000000
30.463297	0.0000000
30.469679	0.0000000
30.476062	0.0000000
30.482445	0.0000000
30.488828	0.0000000
30.495211	0.0000000
30.501594	0.0000000
30.507976	0.0000000
30.514359	0.0000000
30.520742	0.0000000
30.527125	0.0000000
30.533508	0.0000000
30.539890	0.0000000
30.546273	0.0000000
30.552656	0.0000000
30.559039	0.0000000
30.565422	0.0000000
30.571805	0.0000000
30.578187	0.0000000
30.584570	0.0000000
30.590953	0.0000000
30.597336	0.0000000
30.603719	0.0000000
30.610101	0.0000000
30.616484	0.0000000
30.622867	0.0000000
30.629250	0.0000000
30.635633	0.0000000
30.642016	0.0000000
30.648398	0.0000000
30.654781	0.0000000
30.661164	0.0000000
30.667547	0.0000000
30.673930	0.0000000
30.680312	0.0000000
30.686695	0.0000000
30.693078	0.0000000
30.699461	0.0000000
30.705844	0.0000000
30.712227	0.0000000
30.718609	0.0000000
30.724992	0.0000000
30.731375	0.0000000
30.737758	0.0000000
30.744141	0.0000000
30.750523	0.0000000
30.756906	0.0000000
30.763289	0.0000000
30.769672	0.0000000
30.776055	0.0000000
30.782438	0.0000000
30.788820	0.0000000
30.795203	0.0000000
30.801586	0.0000000
30.807969	0.0000000
30.814352	0.0000000
30.820734	0.0000000
30.827117	0.0000000
30.833500	0.0000000
30.839883	0.0000000
30.846266	0.0000000
30.852649	0.0000000
30.859031	0.0000000
30.865414	0.0000000
30.871797	0.0000000
30.878180	0.0000000
30.884563	0.0000000
30.890945	0.0000000
30.897328	0.0000000
30.903711	0.0000000
30.910094	0.0000000
30.916477	0.0000000
30.922860	0.0000000
30.929242	0.0000000
30.935625	0.0000000
30.942008	0.0000000
30.948391	0.0000000
30.954774	0.0000000
30.961156	0.0000000
30.967539	0.0000000
30.973922	0.0000000
30.980305	0.0000000
30.986688	0.0000000
30.993071	0.0000000
30.999453	0.0000000
31.005836	0.0000000
31.012219	0.0000000
31.018602	0.0000000
31.024985	0.0000000
31.031367	0.0000000
31.037750	0.0000000
31.044133	0.0000000
31.050516	0.0000000
31.056899	0.0000000
31.063282	0.0000000
31.069664	0.0000000
31.076047	0.0000000
31.082430	0.0000000
31.088813	0.0000000
31.095196	0.0000000
31.101578	0.0000000
31.107961	0.0000000
31.114344	0.0000000
31.120727	0.0000000
31.127110	0.0000000
31.133493	0.0000000
31.139875	0.0000000
31.146258	0.0000000
31.152641	0.0000000
31.159024	0.0000000
31.165407	0.0000000
31.171789	0.0000000
31.178172	0.0000000
31.184555	0.0000000
31.190938	0.0000000
31.197321	0.0000000
31.203704	0.0000000
31.210086	0.0000000
31.216469	0.0000000
31.222852	0.0000000
31.229235	0.0000000
31.235618	0.0000000
31.242000	0.0000000
31.248383	0.0000000
31.254766	0.0000000
31.261149	0.0000000
31.267532	0.0000000
31.273915	0.0000000
31.280297	0.0000000
31.286680	0.0000000
31.293063	0.0000000
31.299446	0.0000000
31.305829	0.0000000
31.312211	0.0000000
31.318594	0.0000000
31.324977	0.0000000
31.331360	0.0000000
31.337743	0.0000000
31.344126	0.0000000
31.350508	0.0000000
31.356891	0.0000000
31.363274	0.0000000
31.369657	0.0000000
31.376040	0.0000000
31.382422	0.0000000
31.388805	0.0000000
31.395188	0.0000000
31.401571	0.0000000
31.407954	0.0000000
31.414337	0.0000000
31.420719	0.0000000
31.427102	0.0000000
31.433485	0.0000000
31.439868	0.0000000
31.446251	0.0000000
31.452633	0.0000000
31.459016	0.0000000
31.465399	0.0000000
31.471782	0.0000000
31.478165	0.0000000
31.484548	0.0000000
31.490930	0.0000000
31.497313	0.0000000
31.503696	0.0000000
31.510079	0.0000000
31.516462	0.0000000
31.522844	0.0000000
31.529227	0.0000000
31.535610	0.0000000
31.541993	0.0000000
31.548376	0.0000000
31.554759	0.0000000
31.561141	0.0000000
31.567524	0.0000000
31.573907	0.0000000
31.580290	0.0000000
31.586673	0.0000000
31.593055	0.0000000
31.599438	0.0000000
31.605821	0.0000000
31.612204	0.0000000
31.618587	0.0000000
31.624970	0.0000000
31.631352	0.0000000
31.637735	0.0000000
31.644118	0.0000000
31.650501	0.0000000
31.656884	0.0000000
31.663266	0.0000000
31.669649	0.0000000
31.676032	0.0000000
31.682415	0.0000000
31.688798	0.0000000
31.695181	0.0000000
31.701563	0.0000000
31.707946	0.0000000
31.714329	0.0000000
31.720712	0.0000000
31.727095	0.0000000
31.733477	0.0000000
31.739860	0.0000000
31.746243	0.0000000
31.752626	0.0000000
31.759009	0.0000000
31.765392	0.0000000
31.771774	0.0000000
31.778157	0.0000000
31.784540	0.0000000
31.790923	0.0000000
31.797306	0.0000000
31.803688	0.0000000
31.810071	0.0000000
31.816454	0.0000000
31.822837	0.0000000
31.829220	0.0000000
31.835603	0.0000000
31.841985	0.0000000
31.848368	0.0000000
31.854751	0.0000000
31.861134	0.0000000
31.867517	0.0000000
31.873899	0.0000000
31.880282	0.0000000
31.886665	0.0000000
31.893048	0.0000000
31.899431	0.0000000
31.905814	0.0000000
31.912196	0.0000000
31.918579	0.0000000
