0.010870201	0.0000000
0.017253020	0.0000000
0.023635838	0.0000000
0.030018656	0.0000000
0.036401475	0.0000000
0.042784293	0.0000000
0.049167111	0.0000000
0.055549930	0.0000000
0.061932748	0.0000000
0.068315566	0.0000000
0.074698385	0.0000000
0.081081203	0.0000000
0.087464022	0.0000000
0.093846840	0.0000000
0.10022966	0.0000000
0.10661248	0.0000000
0.11299529	0.0000000
0.11937811	0.0000000
0.12576093	0.0000000
0.13214375	0.0000000
0.13852657	0.0000000
0.14490939	0.0000000
0.15129221	0.0000000
0.15767502	0.0000000
0.16405784	0.0000000
0.17044066	0.0000000
0.17682348	0.0000000
0.18320630	0.0000000
0.18958912	0.0000000
0.19597193	0.0000000
0.20235475	14904.216
0.20873757	14931.129
0.21512039	13566.366
0.22150321	10786.711
0.22788603	9775.8608
0.23426884	8054.7407
0.24065166	6496.0105
0.24703448	5199.5027
0.25341730	4196.9934
0.25980012	3417.8393
0.26618294	2481.3986
0.27256575	1771.3287
0.27894857	960.92028
0.28533139	580.13017
0.29171421	154.55931
0.29809703	-263.49293
0.30447985	-671.67374
0.31086266	-1125.9006
0.31724548	-1298.6734
0.32362830	-1654.0644
0.33001112	-2184.1524
0.33639394	-2365.0351
0.34277676	-2641.5780
0.34915957	-2669.6068
0.35554239	-2981.9734
0.36192521	-2825.3270
0.36830803	-2975.3518
0.37469085	-2880.1319
0.38107367	-2639.4628
0.38745648	-2338.0964
0.39383930	-2069.8807
0.40022212	-2122.3351
0.40660494	-2162.9708
0.41298776	-2335.0916
0.41937058	-2383.4971
0.42575339	-2489.2667
0.43213621	-2552.6021
0.43851903	-2538.5223
0.44490185	-2620.9282
0.45128467	-2692.8669
0.45766749	-2832.1565
0.46405030	-2870.6823
0.47043312	-2877.7226
0.47681594	-2869.6084
0.48319876	-2842.7211
0.48958158	-2842.4937
0.49596440	-2730.8526
0.50234722	-2795.4191
0.50873003	-2809.8344
0.51511285	-2886.2703
0.52149567	-2818.7962
0.52787849	-2775.7120
0.53426131	-2701.9670
0.54064413	-2661.6218
0.54702694	-2602.6197
0.55340976	-2642.2611
0.55979258	-2661.7925
0.56617540	-2666.0603
0.57255822	-2608.2028
0.57894104	-2523.5232
0.58532385	-2455.6596
0.59170667	-2397.6693
0.59808949	-2411.9114
0.60447231	-2372.5346
0.61085513	-2342.9474
0.61723795	-2168.2122
0.62362076	-2076.7347
0.63000358	-1963.7683
0.63638640	-1871.2741
0.64276922	-1743.0798
0.64915204	-1658.4096
0.65553486	-1593.9599
0.66191767	-1479.9999
0.66830049	-1338.1795
0.67468331	-1179.4274
0.68106613	-1171.5774
0.68744895	-1119.3578
0.69383177	-1008.8391
0.70021458	-920.83167
0.70659740	-780.44452
0.71298022	-675.83720
0.71936304	-577.21375
0.72574586	-489.47036
0.73212868	-422.75515
0.73851149	-268.92380
0.74489431	-191.82737
0.75127713	-73.573111
0.75765995	-29.342539
0.76404277	35.587252
0.77042559	153.46264
0.77680840	281.85304
0.78319122	400.21172
0.78957404	456.23676
0.79595686	530.13267
0.80233968	590.17172
0.80872250	675.79890
0.81510531	796.68849
0.82148813	857.50098
0.82787095	926.98855
0.83425377	1013.1156
0.84063659	1195.2710
0.84701941	1398.5084
0.85340223	1477.1372
0.85978504	1534.6539
0.86616786	1590.7642
0.87255068	1747.0801
0.87893350	1953.9850
0.88531632	2061.2902
0.89169914	2127.4712
0.89808195	2180.3960
0.90446477	2232.3012
0.91084759	2327.3419
0.91723041	2446.2154
0.92361323	2553.6728
0.92999605	2644.5715
0.93637886	2766.7033
0.94276168	2878.3966
0.94914450	2960.9547
0.95552732	3061.4800
0.96191014	3112.6181
0.96829296	3307.3033
0.97467577	3421.5578
0.98105859	3538.5069
0.98744141	3544.6635
0.99382423	3559.6066
1.0002070	3595.6922
1.0065899	3710.0594
1.0129727	3881.6348
1.0193555	3976.0845
1.0257383	4093.1680
1.0321211	4152.3096
1.0385040	4260.5273
1.0448868	4396.6228
1.0512696	4531.7881
1.0576524	4670.8699
1.0640352	4703.4989
1.0704180	4830.7052
1.0768009	4918.9447
1.0831837	5115.6360
1.0895665	5245.6372
1.0959493	5295.6972
1.1023321	5375.5257
1.1087150	5503.4010
1.1150978	5729.3238
1.1214806	6017.4987
1.1278634	6412.4416
1.1342462	6946.8299
1.1406291	7617.5852
1.1470119	8820.8402
1.1533947	10579.945
1.1597775	13650.517
1.1661603	18715.348
1.1725431	26704.873
1.1789260	40386.576
1.1853088	56301.523
1.1916916	78744.500
1.1980744	100209.91
1.2044572	121099.33
1.2108401	140241.36
1.2172229	154447.66
1.2236057	167319.73
1.2299885	174960.93
1.2363713	178106.53
1.2427541	174588.15
1.2491370	163965.39
1.2555198	146664.43
1.2619026	126822.09
1.2682854	102539.50
1.2746682	80698.251
1.2810511	61013.536
1.2874339	44774.524
1.2938167	32917.906
1.3001995	24686.571
1.3065823	19927.492
1.3129651	17380.915
1.3193480	16498.078
1.3257308	16867.007
1.3321136	18310.468
1.3384964	21326.213
1.3448792	26762.719
1.3512621	35359.410
1.3576449	51937.120
1.3640277	76400.323
1.3704105	117946.52
1.3767933	173278.32
1.3831761	238849.38
1.3895590	314417.40
1.3959418	379068.72
1.4023246	442434.62
1.4087074	489759.90
1.4150902	529282.04
1.4214731	557427.74
1.4278559	568469.23
1.4342387	557785.79
1.4406215	527262.31
1.4470043	470874.42
1.4533872	402823.85
1.4597700	330180.46
1.4661528	251071.54
1.4725356	189739.41
1.4789184	131995.66
1.4853012	93636.097
1.4916841	64806.546
1.4980669	47685.066
1.5044497	39002.164
1.5108325	35558.867
1.5172153	36797.556
1.5235982	43319.180
1.5299810	56328.796
1.5363638	78718.169
1.5427466	113740.60
1.5491294	156018.64
1.5555122	209305.60
1.5618951	258349.96
1.5682779	305458.41
1.5746607	345087.06
1.5810435	375884.25
1.5874263	401104.45
1.5938092	414583.04
1.6001920	415698.68
1.6065748	400328.01
1.6129576	367539.43
1.6193404	322661.43
1.6257232	270741.21
1.6321061	214217.92
1.6384889	165198.83
1.6448717	121031.72
1.6512545	89003.306
1.6576373	65457.937
1.6640202	52399.130
1.6704030	47262.531
1.6767858	49968.812
1.6831686	59321.138
1.6895514	80071.995
1.6959342	108021.54
1.7023171	147562.62
1.7086999	191476.77
1.7150827	233441.15
1.7214655	274985.38
1.7278483	305771.14
1.7342312	333673.51
1.7406140	352852.47
1.7469968	364148.35
1.7533796	363754.48
1.7597624	350222.71
1.7661453	319292.26
1.7725281	282382.17
1.7789109	235531.98
1.7852937	188194.86
1.7916765	146516.22
1.7980593	107308.57
1.8044422	80358.038
1.8108250	58496.852
1.8172078	45723.174
1.8235906	37788.682
1.8299734	33710.720
1.8363563	31605.779
1.8427391	30404.994
1.8491219	29746.961
1.8555047	29158.088
1.8618875	28680.663
1.8682703	28267.545
1.8746532	27874.258
1.8810360	27490.081
1.8874188	27026.274
1.8938016	26624.780
1.9001844	26339.653
1.9065673	26399.666
1.9129501	27079.871
1.9193329	28512.745
1.9257157	30931.004
1.9320985	34813.840
1.9384813	39734.680
1.9448642	46922.626
1.9512470	55905.213
1.9576298	68775.316
1.9640126	86419.365
1.9703954	107504.76
1.9767783	134757.45
1.9831611	159564.63
1.9895439	184088.20
1.9959267	202923.15
2.0023095	217354.67
2.0086923	227611.90
2.0150752	232880.67
2.0214580	232541.49
2.0278408	225370.13
2.0342236	209933.94
2.0406064	187616.11
2.0469893	162696.63
2.0533721	132121.29
2.0597549	106749.53
2.0661377	81813.027
2.0725205	63017.534
2.0789034	48598.869
2.0852862	38826.329
2.0916690	33344.022
2.0980518	30088.801
2.1044346	28738.824
2.1108174	28094.844
2.1172003	28030.405
2.1235831	28240.777
2.1299659	28683.928
2.1363487	29188.312
2.1427315	29879.475
2.1491144	30756.579
2.1554972	32075.868
2.1618800	33800.269
2.1682628	35763.035
2.1746456	37816.343
2.1810284	39613.411
2.1874113	41280.001
2.1937941	42611.722
2.2001769	43641.407
2.2065597	44129.185
2.2129425	43852.872
2.2193254	42582.415
2.2257082	40541.985
2.2320910	37535.718
2.2384738	34526.294
2.2448566	31367.637
2.2512394	28537.769
2.2576223	26178.893
2.2640051	24303.195
2.2703879	23326.312
2.2767707	23177.754
2.2831535	24081.703
2.2895364	26520.434
2.2959192	31383.819
2.3023020	39528.759
2.3086848	55023.044
2.3150676	75588.342
2.3214504	106200.09
2.3278333	140347.06
2.3342161	175625.19
2.3405989	210952.36
2.3469817	238321.63
2.3533645	264018.93
2.3597474	282380.20
2.3661302	295493.09
2.3725130	299898.69
2.3788958	293132.82
2.3852786	274210.74
2.3916615	247738.98
2.3980443	212030.11
2.4044271	176470.19
2.4108099	143537.22
2.4171927	116047.01
2.4235755	97240.120
2.4299584	86427.359
2.4363412	82675.423
2.4427240	83814.894
2.4491068	87172.061
2.4554896	91254.937
2.4618725	95318.047
2.4682553	98506.430
2.4746381	100132.11
2.4810209	99208.854
2.4874037	95009.282
2.4937865	88587.327
2.5001694	79963.564
2.5065522	70802.670
2.5129350	63238.325
2.5193178	57870.219
2.5257006	56292.854
2.5320835	58371.871
2.5384663	62864.511
2.5448491	68638.564
2.5512319	74808.815
2.5576147	80016.589
2.5639975	84925.429
2.5703804	88149.488
2.5767632	89800.889
2.5831460	88922.947
2.5895288	85287.188
2.5959116	78548.920
2.6022945	70871.027
2.6086773	61294.619
2.6150601	53056.528
2.6214429	46156.104
2.6278257	41202.655
2.6342085	38366.330
2.6405914	37187.358
2.6469742	37177.677
2.6533570	37861.119
2.6597398	38789.248
2.6661226	39771.219
2.6725055	40610.939
2.6788883	40921.453
2.6852711	40542.614
2.6916539	39417.048
2.6980367	37520.481
2.7044196	35387.637
2.7108024	33020.863
2.7171852	30760.643
2.7235680	28783.199
2.7299508	27136.867
2.7363336	25917.104
2.7427165	24872.451
2.7490993	24056.247
2.7554821	23351.548
2.7618649	22726.084
2.7682477	22252.469
2.7746306	21937.826
2.7810134	21804.020
2.7873962	21955.787
2.7937790	22248.911
2.8001618	22678.194
2.8065446	23232.495
2.8129275	23801.851
2.8193103	24511.917
2.8256931	25083.150
2.8320759	25645.439
2.8384587	26070.296
2.8448416	26335.134
2.8512244	26463.319
2.8576072	26524.806
2.8639900	26593.033
2.8703728	26878.676
2.8767556	27629.168
2.8831385	29200.712
2.8895213	31964.080
2.8959041	36168.337
2.9022869	41312.853
2.9086697	47488.060
2.9150526	53326.827
2.9214354	58724.931
2.9278182	63344.485
2.9342010	67178.549
2.9405838	70150.070
2.9469666	71784.367
2.9533495	71667.544
2.9597323	69846.116
2.9661151	66123.180
2.9724979	61480.310
2.9788807	56602.146
2.9852636	51835.573
2.9916464	48335.285
2.9980292	45552.000
3.0044120	43968.548
3.0107948	43055.300
3.0171777	42935.782
3.0235605	43203.727
3.0299433	43721.831
3.0363261	44069.959
3.0427089	44324.236
3.0490917	44611.148
3.0554746	45474.159
3.0618574	47384.087
3.0682402	50472.495
3.0746230	54871.479
3.0810058	59520.459
3.0873887	64629.865
3.0937715	69368.000
3.1001543	73642.299
3.1065371	77704.033
3.1129199	80905.599
3.1193027	83521.350
3.1256856	85371.389
3.1320684	87687.850
3.1384512	91496.250
3.1448340	98521.315
3.1512168	108517.87
3.1575997	120676.57
3.1639825	134124.49
3.1703653	145976.94
3.1767481	157248.51
3.1831309	166372.07
3.1895137	173897.97
3.1958966	178235.18
3.2022794	178035.21
3.2086622	172343.46
3.2150450	163057.45
3.2214278	149569.07
3.2278107	136093.65
3.2341935	123275.82
3.2405763	111967.40
3.2469591	103725.26
3.2533419	97483.351
3.2597247	94032.965
3.2661076	92458.081
3.2724904	92099.941
3.2788732	91253.127
3.2852560	89044.921
3.2916388	85233.346
3.2980217	79534.311
3.3044045	73459.974
3.3107873	67089.618
3.3171701	61320.685
3.3235529	56766.319
3.3299357	53315.038
3.3363186	51231.869
3.3427014	50518.138
3.3490842	50791.984
3.3554670	51582.898
3.3618498	52367.305
3.3682327	52865.117
3.3746155	52955.004
3.3809983	52666.973
3.3873811	52180.720
3.3937639	51685.960
3.4001468	51303.870
3.4065296	51059.822
3.4129124	51164.693
3.4192952	51861.052
3.4256780	53482.305
3.4320608	56966.988
3.4384437	62508.054
3.4448265	72047.821
3.4512093	85188.746
3.4575921	101263.02
3.4639749	119821.49
3.4703578	136287.03
3.4767406	151954.98
3.4831234	163884.79
3.4895062	173329.45
3.4958890	179866.28
3.5022718	182058.53
3.5086547	179278.53
3.5150375	170924.01
3.5214203	156787.33
3.5278031	139679.88
3.5341859	120236.79
3.5405688	100912.91
3.5469516	83518.606
3.5533344	68800.136
3.5597172	57768.347
3.5661000	49653.034
3.5724828	44724.715
3.5788657	41500.401
3.5852485	39653.100
3.5916313	38346.826
3.5980141	37376.389
3.6043969	36690.117
3.6107798	36231.216
3.6171626	36167.011
3.6235454	36671.462
3.6299282	37936.852
3.6363110	40368.796
3.6426938	45099.878
3.6490767	52545.655
3.6554595	65815.455
3.6618423	83535.228
3.6682251	107488.98
3.6746079	135115.52
3.6809908	162235.02
3.6873736	188587.79
3.6937564	210120.98
3.7001392	228683.02
3.7065220	242429.21
3.7129049	250685.82
3.7192877	252033.41
3.7256705	244342.14
3.7320533	227958.03
3.7384361	205761.76
3.7448189	177148.20
3.7512018	149796.80
3.7575846	122540.25
3.7639674	100262.46
3.7703502	82322.388
3.7767330	69662.920
3.7831159	61940.173
3.7894987	57842.803
3.7958815	56767.707
3.8022643	57476.086
3.8086471	59300.531
3.8150299	61537.856
3.8214128	63944.819
3.8277956	65926.352
3.8341784	67893.748
3.8405612	69548.281
3.8469440	71204.416
3.8533269	72738.189
3.8597097	74032.848
3.8660925	75318.314
3.8724753	76481.315
3.8788581	77403.731
3.8852409	77984.240
3.8916238	78302.180
3.8980066	78540.255
3.9043894	78751.499
3.9107722	78899.478
3.9171550	78361.354
3.9235379	76764.465
3.9299207	73961.238
3.9363035	69549.320
3.9426863	64561.836
3.9490691	59143.424
3.9554519	53909.148
3.9618348	49762.065
3.9682176	46855.451
3.9746004	46130.019
3.9809832	48176.921
3.9873660	53448.439
3.9937489	62259.587
4.0001317	74699.506
4.0065145	87933.742
4.0128973	102495.96
4.0192801	114834.64
4.0256630	126298.55
4.0320458	135925.31
4.0384286	143158.75
4.0448114	147810.22
4.0511942	148249.25
4.0575770	144335.00
4.0639599	136597.37
4.0703427	125245.96
4.0767255	112497.89
4.0831083	99109.496
4.0894911	86760.581
4.0958740	76332.599
4.1022568	67837.203
4.1086396	61859.856
4.1150224	57320.962
4.1214052	54365.265
4.1277880	51888.592
4.1341709	49754.107
4.1405537	47878.914
4.1469365	46157.495
4.1533193	44999.466
4.1597021	44386.104
4.1660850	44792.292
4.1724678	46469.970
4.1788506	49664.670
4.1852334	53932.542
4.1916162	59312.395
4.1979990	64532.711
4.2043819	69830.049
4.2107647	74499.263
4.2171475	78942.038
4.2235303	83382.514
4.2299131	87895.421
4.2362960	92704.976
4.2426788	97205.992
4.2490616	101477.37
4.2554444	104508.99
4.2618272	106434.21
4.2682100	107048.13
4.2745929	107089.92
4.2809757	106755.62
4.2873585	106011.55
4.2937413	104301.78
4.3001241	101336.82
4.3065070	96399.719
4.3128898	89886.609
4.3192726	82488.371
4.3256554	74158.530
4.3320382	67239.643
4.3384211	61308.288
4.3448039	57761.611
4.3511867	56539.666
4.3575695	57751.507
4.3639523	60748.780
4.3703351	64878.587
4.3767180	69127.385
4.3831008	73217.356
4.3894836	76703.832
4.3958664	79792.908
4.4022492	82040.904
4.4086321	83053.102
4.4150149	82405.863
4.4213977	79932.995
4.4277805	75444.119
4.4341633	70133.899
4.4405461	63667.191
4.4469290	57774.461
4.4533118	52694.287
4.4596946	49157.478
4.4660774	47710.051
4.4724602	48439.202
4.4788431	50842.127
4.4852259	54669.637
4.4916087	58747.190
4.4979915	62548.416
4.5043743	65966.293
4.5107571	68636.138
4.5171400	70612.595
4.5235228	71402.223
4.5299056	70797.037
4.5362884	68826.518
4.5426712	65429.401
4.5490541	61165.082
4.5554369	56498.307
4.5618197	51896.644
4.5682025	48223.092
4.5745853	45284.020
4.5809681	43532.528
4.5873510	42543.206
4.5937338	42246.153
4.6001166	42271.980
4.6064994	42409.039
4.6128822	42671.959
4.6192651	43266.940
4.6256479	44462.551
4.6320307	46726.100
4.6384135	50109.462
4.6447963	54493.574
4.6511792	59651.090
4.6575620	64770.376
4.6639448	69822.982
4.6703276	74393.737
4.6767104	79101.583
4.6830932	83762.631
4.6894761	88662.886
4.6958589	93210.958
4.7022417	96725.503
4.7086245	98915.875
4.7150073	99544.090
4.7213902	98747.375
4.7277730	97451.245
4.7341558	96154.931
4.7405386	95181.040
4.7469214	94228.448
4.7533042	92897.680
4.7596871	90893.909
4.7660699	87601.184
4.7724527	83652.606
4.7788355	79213.608
4.7852183	74965.064
4.7916012	71498.041
4.7979840	68769.259
4.8043668	66638.629
4.8107496	64757.045
4.8171324	62852.222
4.8235152	60542.721
4.8298981	58071.524
4.8362809	55491.985
4.8426637	53020.209
4.8490465	50735.788
4.8554293	48417.815
4.8618122	46157.792
4.8681950	43638.141
4.8745778	41191.883
4.8809606	38652.816
4.8873434	36146.429
4.8937262	34036.076
4.9001091	32120.896
4.9064919	30776.395
4.9128747	29833.285
4.9192575	29352.725
4.9256403	29186.806
4.9320232	29237.394
4.9384060	29507.333
4.9447888	29924.736
4.9511716	30424.012
4.9575544	31067.033
4.9639373	31717.855
4.9703201	32442.948
4.9767029	33086.032
4.9830857	33742.891
4.9894685	34380.363
4.9958513	34960.169
5.0022342	35628.921
5.0086170	36251.486
5.0149998	36886.909
5.0213826	37371.930
5.0277654	37736.873
5.0341483	38039.039
5.0405311	38321.929
5.0469139	38690.523
5.0532967	39184.920
5.0596795	39868.997
5.0660623	40618.478
5.0724452	41508.457
5.0788280	42518.683
5.0852108	43884.003
5.0915936	45811.387
5.0979764	48559.603
5.1043593	52756.503
5.1107421	57479.050
5.1171249	63067.671
5.1235077	68184.060
5.1298905	72713.796
5.1362733	76506.548
5.1426562	79344.177
5.1490390	81645.531
5.1554218	82836.597
5.1618046	82876.466
5.1681874	81415.733
5.1745703	78423.227
5.1809531	74189.966
5.1873359	69362.166
5.1937187	64376.811
5.2001015	60349.438
5.2064843	57293.686
5.2128672	55369.142
5.2192500	54203.121
5.2256328	53702.731
5.2320156	53457.808
5.2383984	53366.896
5.2447813	53317.981
5.2511641	53249.649
5.2575469	52935.161
5.2639297	52305.921
5.2703125	51415.529
5.2766954	50406.079
5.2830782	49545.186
5.2894610	49345.060
5.2958438	50085.215
5.3022266	52003.955
5.3086094	55214.688
5.3149923	59036.225
5.3213751	63192.339
5.3277579	66979.253
5.3341407	70284.167
5.3405235	72882.866
5.3469064	74547.574
5.3532892	75078.913
5.3596720	74152.660
5.3660548	71518.044
5.3724376	67597.362
5.3788204	62630.809
5.3852033	57059.971
5.3915861	52090.719
5.3979689	47613.589
5.4043517	44408.209
5.4107345	42305.392
5.4171174	41567.706
5.4235002	42281.394
5.4298830	44578.016
5.4362658	48823.521
5.4426486	55042.267
5.4490314	62733.811
5.4554143	71754.339
5.4617971	80119.952
5.4681799	88211.552
5.4745627	94672.495
5.4809455	99972.454
5.4873284	103703.56
5.4937112	105265.51
5.5000940	104247.95
5.5064768	100476.89
5.5128596	93849.002
5.5192424	85611.446
5.5256253	76512.242
5.5320081	67588.936
5.5383909	59892.134
5.5447737	53596.937
5.5511565	49075.022
5.5575394	46109.864
5.5639222	44519.016
5.5703050	43859.941
5.5766878	43888.416
5.5830706	44430.497
5.5894535	45239.944
5.5958363	46017.387
5.6022191	46608.673
5.6086019	46911.028
5.6149847	47007.220
5.6213675	46974.736
5.6277504	46811.414
5.6341332	46490.645
5.6405160	45936.385
5.6468988	45136.164
5.6532816	44149.707
5.6596645	43018.579
5.6660473	41984.564
5.6724301	41112.204
5.6788129	40592.423
5.6851957	40381.391
5.6915785	40457.749
5.6979614	40662.080
5.7043442	41063.140
5.7107270	41526.843
5.7171098	42056.160
5.7234926	42446.871
5.7298755	42639.276
5.7362583	42505.731
5.7426411	42060.684
5.7490239	41353.644
5.7554067	40525.932
5.7617895	39685.536
5.7681724	38936.821
5.7745552	38306.419
5.7809380	37833.466
5.7873208	37504.310
5.7937036	37394.511
5.8000865	37540.859
5.8064693	38015.097
5.8128521	38678.460
5.8192349	39615.980
5.8256177	40603.410
5.8320005	41834.043
5.8383834	43384.436
5.8447662	45361.943
5.8511490	47795.906
5.8575318	50323.088
5.8639146	52881.974
5.8702975	55064.776
5.8766803	56947.913
5.8830631	58395.302
5.8894459	59715.610
5.8958287	60672.526
5.9022116	61177.516
5.9085944	60974.206
5.9149772	60002.352
5.9213600	58175.811
5.9277428	56187.857
5.9341256	53970.470
5.9405085	51882.750
5.9468913	49975.702
5.9532741	48284.319
5.9596569	46792.326
5.9660397	45390.120
5.9724226	44120.649
5.9788054	42903.552
5.9851882	41875.521
5.9915710	41003.740
5.9979538	40425.125
6.0043366	40191.526
6.0107195	40487.820
6.0171023	41407.919
6.0234851	42933.171
6.0298679	44814.615
6.0362507	47043.060
6.0426336	49204.289
6.0490164	51258.344
6.0553992	53108.009
6.0617820	54681.304
6.0681648	55768.865
6.0745476	56115.536
6.0809305	55559.649
6.0873133	54237.943
6.0936961	52084.648
6.1000789	49670.888
6.1064617	47041.351
6.1128446	44659.875
6.1192274	42851.942
6.1256102	41806.009
6.1319930	41825.235
6.1383758	43142.579
6.1447586	45680.085
6.1511415	49380.321
6.1575243	53619.461
6.1639071	58117.233
6.1702899	62389.796
6.1766727	66372.263
6.1830556	69895.850
6.1894384	72700.057
6.1958212	74653.736
6.2022040	75102.219
6.2085868	73938.513
6.2149696	71455.016
6.2213525	67980.251
6.2277353	63870.076
6.2341181	59893.732
6.2405009	56038.446
6.2468837	52792.094
6.2532666	49994.092
6.2596494	47808.986
6.2660322	46049.297
6.2724150	44741.062
6.2787978	43617.717
6.2851807	42659.232
6.2915635	41707.597
6.2979463	40715.574
6.3043291	39739.046
6.3107119	38730.932
6.3170947	37775.942
6.3234776	36734.137
6.3298604	35604.502
6.3362432	34458.137
6.3426260	33370.226
6.3490088	32399.162
6.3553917	31522.869
6.3617745	30815.634
6.3681573	30309.663
6.3745401	30048.005
6.3809229	29961.338
6.3873057	30062.619
6.3936886	30270.595
6.4000714	30595.922
6.4064542	30937.254
6.4128370	31252.532
6.4192198	31489.344
6.4256027	31668.352
6.4319855	31827.678
6.4383683	32030.800
6.4447511	32244.627
6.4511339	32559.823
6.4575167	33069.973
6.4638996	33870.485
6.4702824	35045.964
6.4766652	36409.038
6.4830480	38061.341
6.4894308	39711.589
6.4958137	41526.796
6.5021965	43460.627
6.5085793	45448.162
6.5149621	47363.994
6.5213449	48797.650
6.5277277	49727.938
6.5341106	49982.954
6.5404934	49649.733
6.5468762	48882.379
6.5532590	47724.868
6.5596418	46352.366
6.5660247	44795.040
6.5724075	43072.053
6.5787903	41485.023
6.5851731	39898.152
6.5915559	38701.750
6.5979388	37716.949
6.6043216	37121.647
6.6107044	36812.153
6.6170872	36708.097
6.6234700	36717.790
6.6298528	36798.572
6.6362357	36849.589
6.6426185	36846.392
6.6490013	36766.859
6.6553841	36662.637
6.6617669	36563.797
6.6681498	36511.750
6.6745326	36522.190
6.6809154	36656.893
6.6872982	36830.161
6.6936810	37039.573
6.7000638	37301.326
6.7064467	37535.086
6.7128295	37687.157
6.7192123	37674.971
6.7255951	37490.699
6.7319779	37153.732
6.7383608	36759.516
6.7447436	36405.474
6.7511264	36290.695
6.7575092	36573.729
6.7638920	37349.610
6.7702748	38886.947
6.7766577	40992.740
6.7830405	43675.855
6.7894233	46439.599
6.7958061	49157.203
6.8021889	51498.834
6.8085718	53360.247
6.8149546	54713.349
6.8213374	55330.154
6.8277202	55193.504
6.8341030	54126.301
6.8404858	52192.517
6.8468687	49659.115
6.8532515	46765.352
6.8596343	43770.227
6.8660171	41090.423
6.8723999	38931.874
6.8787828	37440.708
6.8851656	36623.106
6.8915484	36391.003
6.8979312	36509.701
6.9043140	36776.829
6.9106969	37144.343
6.9170797	37521.340
6.9234625	37837.656
6.9298453	38110.847
6.9362281	38381.327
6.9426109	38768.967
6.9489938	39286.319
6.9553766	40117.599
6.9617594	41213.259
6.9681422	42654.469
6.9745250	44161.138
6.9809079	45622.722
6.9872907	46977.298
6.9936735	48047.390
7.0000563	48929.690
7.0064391	49366.061
7.0128219	49351.061
7.0192048	48800.818
7.0255876	47706.968
7.0319704	46253.423
7.0383532	44556.577
7.0447360	42943.254
7.0511189	41684.783
7.0575017	40923.228
7.0638845	40743.428
7.0702673	41183.137
7.0766501	42046.173
7.0830329	43207.806
7.0894158	44472.896
7.0957986	45752.526
7.1021814	47038.450
7.1085642	48335.027
7.1149470	49447.368
7.1213299	50227.553
7.1277127	50640.005
7.1340955	50659.179
7.1404783	50326.580
7.1468611	49730.150
7.1532439	48963.249
7.1596268	48019.602
7.1660096	46957.927
7.1723924	45739.718
7.1787752	44530.005
7.1851580	43398.933
7.1915409	42484.871
7.1979237	41686.409
7.2043065	41067.344
7.2106893	40552.814
7.2170721	40270.731
7.2234550	40247.709
7.2298378	40555.314
7.2362206	41259.302
7.2426034	42339.776
7.2489862	43687.720
7.2553690	45297.254
7.2617519	46834.907
7.2681347	48277.192
7.2745175	49393.788
7.2809003	50217.717
7.2872831	50643.413
7.2936660	50640.711
7.3000488	50179.757
7.3064316	49187.860
7.3128144	47675.420
7.3191972	45894.117
7.3255800	43997.535
7.3319629	42542.452
7.3383457	41746.818
7.3447285	41878.004
7.3511113	43080.416
7.3574941	45167.605
7.3638770	47846.110
7.3702598	50912.103
7.3766426	53922.097
7.3830254	56953.036
7.3894082	59543.779
7.3957910	61684.769
7.4021739	62935.508
7.4085567	63211.801
7.4149395	62432.790
7.4213223	60632.172
7.4277051	58059.472
7.4340880	55190.034
7.4404708	52044.483
7.4468536	49180.101
7.4532364	46506.152
7.4596192	44353.310
7.4660020	42500.267
7.4723849	41059.468
7.4787677	39847.697
7.4851505	38865.611
7.4915333	38004.347
7.4979161	37253.521
7.5042990	36564.342
7.5106818	35832.322
7.5170646	35097.813
7.5234474	34312.779
7.5298302	33555.403
7.5362131	32841.690
7.5425959	32275.041
7.5489787	31848.051
7.5553615	31594.166
7.5617443	31542.811
7.5681271	31640.530
7.5745100	31812.843
7.5808928	32073.158
7.5872756	32352.285
7.5936584	32732.612
7.6000412	33055.676
7.6064241	33359.776
7.6128069	33551.042
7.6191897	33746.516
7.6255725	33926.150
7.6319553	34156.294
7.6383381	34522.935
7.6447210	35051.785
7.6511038	35857.995
7.6574866	36949.144
7.6638694	38316.594
7.6702522	39691.897
7.6766351	41064.218
7.6830179	42246.009
7.6894007	43217.620
7.6957835	43842.660
7.7021663	44142.722
7.7085491	44008.915
7.7149320	43419.337
7.7213148	42367.832
7.7276976	41005.882
7.7340804	39407.721
7.7404632	37866.055
7.7468461	36396.860
7.7532289	35226.946
7.7596117	34336.213
7.7659945	33767.306
7.7723773	33508.155
7.7787601	33486.699
7.7851430	33689.716
7.7915258	33988.121
7.7979086	34323.835
7.8042914	34644.685
7.8106742	34898.155
7.8170571	35051.085
7.8234399	35107.541
7.8298227	35023.518
7.8362055	34849.285
7.8425883	34562.939
7.8489712	34154.734
7.8553540	33672.385
7.8617368	33105.596
7.8681196	32624.343
7.8745024	32357.629
7.8808852	32333.865
7.8872681	32524.914
7.8936509	32889.060
7.9000337	33414.062
7.9064165	33989.139
7.9127993	34512.242
7.9191822	34977.729
7.9255650	35327.096
7.9319478	35566.325
7.9383306	35633.707
7.9447134	35522.882
7.9510962	35312.118
7.9574791	34978.149
7.9638619	34592.185
7.9702447	34246.166
7.9766275	34010.380
7.9830103	33943.593
7.9893932	33972.551
7.9957760	34116.204
8.0021588	34269.701
8.0085416	34362.951
8.0149244	34330.393
8.0213072	34215.811
8.0276901	34026.656
8.0340729	33811.777
8.0404557	33579.782
8.0468385	33377.233
8.0532213	33200.647
8.0596042	33096.642
8.0659870	33013.002
8.0723698	33014.247
8.0787526	33115.690
8.0851354	33302.729
8.0915182	33512.983
8.0979011	33663.986
8.1042839	33693.679
8.1106667	33663.502
8.1170495	33578.090
8.1234323	33474.204
8.1298152	33404.158
8.1361980	33497.885
8.1425808	33768.603
8.1489636	34178.309
8.1553464	34841.484
8.1617293	35618.547
8.1681121	36573.394
8.1744949	37574.693
8.1808777	38647.423
8.1872605	39571.094
8.1936433	40307.607
8.2000262	40707.948
8.2064090	40755.466
8.2127918	40459.834
8.2191746	39865.009
8.2255574	39010.672
8.2319403	38027.887
8.2383231	36958.018
8.2447059	35893.039
8.2510887	34821.523
8.2574715	33962.394
8.2638543	33222.242
8.2702372	32672.571
8.2766200	32270.284
8.2830028	32038.269
8.2893856	31942.253
8.2957684	31968.157
8.3021513	32010.870
8.3085341	32027.106
8.3149169	32037.927
8.3212997	32041.686
8.3276825	32049.233
8.3340653	32125.095
8.3404482	32171.424
8.3468310	32152.047
8.3532138	32096.363
8.3595966	31988.097
8.3659794	31828.516
8.3723623	31732.429
8.3787451	31822.694
8.3851279	32121.456
8.3915107	32647.861
8.3978935	33337.478
8.4042763	34178.370
8.4106592	35079.926
8.4170420	36022.494
8.4234248	36929.770
8.4298076	37680.705
8.4361904	38197.776
8.4425733	38440.027
8.4489561	38427.019
8.4553389	38050.041
8.4617217	37418.119
8.4681045	36615.504
8.4744874	35692.641
8.4808702	34739.119
8.4872530	33787.217
8.4936358	32961.879
8.5000186	32234.165
8.5064014	31618.484
8.5127843	31127.993
8.5191671	30699.109
8.5255499	30350.174
8.5319327	30063.400
8.5383155	29835.189
8.5446984	29672.681
8.5510812	29617.936
8.5574640	29610.983
8.5638468	29594.647
8.5702296	29655.067
8.5766124	29814.314
8.5829953	30069.969
8.5893781	30357.982
8.5957609	30705.983
8.6021437	31063.146
8.6085265	31460.028
8.6149094	31890.919
8.6212922	32315.825
8.6276750	32775.013
8.6340578	33180.186
8.6404406	33555.470
8.6468234	33902.787
8.6532063	34231.077
8.6595891	34486.237
8.6659719	34660.374
8.6723547	34798.770
8.6787375	34841.153
8.6851204	34795.442
8.6915032	34630.678
8.6978860	34425.973
8.7042688	34161.774
8.7106516	33890.065
8.7170344	33672.797
8.7234173	33531.243
8.7298001	33442.368
8.7361829	33371.032
8.7425657	33336.823
8.7489485	33355.951
8.7553314	33449.432
8.7617142	33646.715
8.7680970	33916.164
8.7744798	34255.324
8.7808626	34701.319
8.7872455	35154.247
8.7936283	35591.105
8.8000111	35934.749
8.8063939	36186.872
8.8127767	36354.733
8.8191595	36418.578
8.8255424	36310.414
8.8319252	36056.871
8.8383080	35681.092
8.8446908	35306.096
8.8510736	34991.933
8.8574565	34844.932
8.8638393	34934.824
8.8702221	35204.851
8.8766049	35586.959
8.8829877	36036.767
8.8893705	36501.367
8.8957534	36897.110
8.9021362	37142.896
8.9085190	37176.844
8.9149018	36979.439
8.9212846	36574.030
8.9276675	35987.091
8.9340503	35279.477
8.9404331	34499.408
8.9468159	33777.973
8.9531987	33181.810
8.9595815	32728.418
8.9659644	32404.597
8.9723472	32180.867
8.9787300	32041.325
8.9851128	31939.226
8.9914956	31913.237
8.9978785	31965.743
9.0042613	32073.308
9.0106441	32169.684
9.0170269	32334.958
9.0234097	32522.224
9.0297925	32689.391
9.0361754	32826.944
9.0425582	32938.389
9.0489410	33004.564
9.0553238	33053.406
9.0617066	33050.138
9.0680895	32986.610
9.0744723	32833.567
9.0808551	32613.140
9.0872379	32428.594
9.0936207	32310.200
9.1000035	32292.052
9.1063864	32459.343
9.1127692	32830.395
9.1191520	33427.473
9.1255348	34083.687
9.1319176	34774.966
9.1383005	35418.743
9.1446833	35971.980
9.1510661	36403.232
9.1574489	36669.342
9.1638317	36741.269
9.1702146	36635.430
9.1765974	36285.141
9.1829802	35772.944
9.1893630	35165.728
9.1957458	34568.478
9.2021286	34027.850
9.2085115	33605.485
9.2148943	33318.773
9.2212771	33148.548
9.2276599	33111.146
9.2340427	33092.494
9.2404256	33087.966
9.2468084	33005.054
9.2531912	32881.929
9.2595740	32708.873
9.2659568	32514.603
9.2723396	32308.979
9.2787225	32132.911
9.2851053	32004.225
9.2914881	31949.618
9.2978709	32069.354
9.3042537	32401.701
9.3106366	32975.299
9.3170194	33626.886
9.3234022	34438.847
9.3297850	35269.987
9.3361678	36123.453
9.3425506	36825.805
9.3489335	37351.264
9.3553163	37596.169
9.3616991	37571.169
9.3680819	37208.641
9.3744647	36574.899
9.3808476	35622.767
9.3872304	34616.861
9.3936132	33564.198
9.3999960	32601.300
9.4063788	31722.294
9.4127616	31050.741
9.4191445	30442.191
9.4255273	29977.868
9.4319101	29598.285
9.4382929	29313.803
9.4446757	29066.450
9.4510586	28857.399
9.4574414	28725.070
9.4638242	28626.875
9.4702070	28540.745
9.4765898	28501.426
9.4829727	28488.278
9.4893555	28545.479
9.4957383	28639.119
9.5021211	28785.662
9.5085039	28986.977
9.5148867	29286.440
9.5212696	29668.439
9.5276524	30075.472
9.5340352	30530.772
9.5404180	31015.934
9.5468008	31460.526
9.5531837	31906.584
9.5595665	32260.491
9.5659493	32497.168
9.5723321	32602.258
9.5787149	32541.574
9.5850977	32356.582
9.5914806	31999.508
9.5978634	31584.771
9.6042462	31084.648
9.6106290	30555.154
9.6170118	30059.249
9.6233947	29625.795
9.6297775	29235.267
9.6361603	28922.458
9.6425431	28679.583
9.6489259	28552.160
9.6553087	28544.844
9.6616916	28565.832
9.6680744	28619.928
9.6744572	28681.010
9.6808400	28727.976
9.6872228	28801.482
9.6936057	28827.854
9.6999885	28836.154
9.7063713	28822.517
9.7127541	28875.347
9.7191369	28936.884
9.7255197	29027.449
9.7319026	29129.840
9.7382854	29296.374
9.7446682	29549.585
9.7510510	29827.478
9.7574338	30111.240
9.7638167	30362.938
9.7701995	30616.637
9.7765823	30774.898
9.7829651	30855.706
9.7893479	30820.129
9.7957308	30665.457
9.8021136	30407.092
9.8084964	30020.085
9.8148792	29612.633
9.8212620	29170.625
9.8276448	28787.266
9.8340277	28464.499
9.8404105	28160.944
9.8467933	27848.335
9.8531761	27597.778
9.8595589	27405.126
9.8659418	27226.215
9.8723246	27065.026
9.8787074	26939.870
9.8850902	26865.552
9.8914730	26806.904
9.8978558	26807.138
9.9042387	26853.424
9.9106215	26922.288
9.9170043	27034.377
9.9233871	27188.654
9.9297699	27351.805
9.9361528	27514.843
9.9425356	27693.836
9.9489184	27856.618
9.9553012	28091.151
9.9616840	28301.256
9.9680668	28447.610
9.9744497	28487.825
9.9808325	28512.679
9.9872153	28502.292
9.9935981	28469.709
9.9999809	28361.800
10.006364	28189.891
10.012747	27955.990
10.019129	27723.865
10.025512	27430.370
10.031895	27210.567
10.038278	27046.594
10.044661	26901.624
10.051043	26786.970
10.057426	26767.790
10.063809	26808.770
10.070192	26900.174
10.076575	27040.989
10.082958	27226.788
10.089340	27420.103
10.095723	27632.154
10.102106	27826.153
10.108489	28000.602
10.114872	28157.701
10.121254	28309.328
10.127637	28450.441
10.134020	28556.146
10.140403	28675.035
10.146786	28837.218
10.153169	29034.058
10.159551	29247.575
10.165934	29549.895
10.172317	29865.310
10.178700	30139.241
10.185083	30387.854
10.191465	30564.186
10.197848	30658.421
10.204231	30604.493
10.210614	30435.025
10.216997	30165.234
10.223380	29785.280
10.229762	29363.830
10.236145	28903.455
10.242528	28455.833
10.248911	28049.383
10.255294	27710.786
10.261676	27434.332
10.268059	27207.731
10.274442	27057.057
10.280825	26958.679
10.287208	26931.159
10.293591	26928.999
10.299973	26943.281
10.306356	27028.286
10.312739	27164.242
10.319122	27299.399
10.325505	27426.627
10.331887	27561.966
10.338270	27686.472
10.344653	27841.027
10.351036	27953.079
10.357419	28116.035
10.363802	28273.481
10.370184	28423.237
10.376567	28595.999
10.382950	28828.148
10.389333	29027.333
10.395716	29176.052
10.402098	29281.921
10.408481	29334.030
10.414864	29295.042
10.421247	29220.370
10.427630	29106.697
10.434013	28934.145
10.440395	28725.997
10.446778	28508.420
10.453161	28349.200
10.459544	28239.013
10.465927	28211.861
10.472309	28230.066
10.478692	28288.378
10.485075	28326.361
10.491458	28376.735
10.497841	28410.141
10.504224	28436.879
10.510606	28425.729
10.516989	28423.201
10.523372	28428.835
10.529755	28456.509
10.536138	28511.905
10.542520	28618.815
10.548903	28760.944
10.555286	28927.774
10.561669	29116.630
10.568052	29323.000
10.574435	29479.685
10.580817	29579.918
10.587200	29584.708
10.593583	29449.606
10.599966	29227.671
10.606349	28916.118
10.612732	28534.784
10.619114	28142.097
10.625497	27766.656
10.631880	27417.017
10.638263	27154.609
10.644646	26966.614
10.651028	26869.231
10.657411	26857.026
10.663794	26908.216
10.670177	26996.442
10.676560	27113.193
10.682943	27222.236
10.689325	27326.497
10.695708	27432.930
10.702091	27498.909
10.708474	27559.116
10.714857	27619.016
10.721239	27610.347
10.727622	27566.411
10.734005	27541.593
10.740388	27555.188
10.746771	27604.164
10.753154	27637.076
10.759536	27678.856
10.765919	27727.836
10.772302	27806.189
10.778685	27828.856
10.785068	27806.165
10.791450	27705.474
10.797833	27576.207
10.804216	27379.144
10.810599	27198.204
10.816982	26981.740
10.823365	26748.243
10.829747	26469.542
10.836130	26270.671
10.842513	26147.604
10.848896	26090.338
10.855279	26031.519
10.861661	25970.661
10.868044	25949.267
10.874427	25935.048
10.880810	25887.824
10.887193	25831.255
10.893576	25753.786
10.899958	25722.150
10.906341	25708.263
10.912724	25708.275
10.919107	25676.146
10.925490	25683.430
10.931872	25748.138
10.938255	25836.667
10.944638	25909.832
10.951021	26004.931
10.957404	26147.446
10.963787	26290.696
10.970169	26414.606
10.976552	26540.602
10.982935	26576.529
10.989318	26572.895
10.995701	26490.769
11.002083	26390.062
11.008466	26235.875
11.014849	26086.493
11.021232	25902.382
11.027615	25692.072
11.033998	25481.366
11.040380	25319.575
11.046763	25180.883
11.053146	25099.959
11.059529	25009.958
11.065912	24972.131
11.072294	24958.349
11.078677	24962.139
11.085060	24956.786
11.091443	25005.909
11.097826	25127.261
11.104209	25217.051
11.110591	25312.703
11.116974	25426.125
11.123357	25566.899
11.129740	25677.264
11.136123	25767.514
11.142505	25849.059
11.148888	25877.619
11.155271	25886.562
11.161654	25896.090
11.168037	25828.097
11.174420	25723.575
11.180802	25611.807
11.187185	25541.107
11.193568	25492.802
11.199951	25425.652
11.206334	25360.726
11.212716	25377.115
11.219099	25418.196
11.225482	25469.447
11.231865	25525.853
11.238248	25543.411
11.244631	25545.571
11.251013	25558.344
11.257396	25556.161
11.263779	25543.675
11.270162	25535.660
11.276545	25580.829
11.282927	25666.987
11.289310	25776.268
11.295693	25927.883
11.302076	26108.314
11.308459	26288.001
11.314842	26452.612
11.321224	26589.434
11.327607	26677.094
11.333990	26692.074
11.340373	26620.795
11.346756	26483.174
11.353138	26224.782
11.359521	25921.790
11.365904	25620.674
11.372287	25328.142
11.378670	25071.213
11.385053	24846.583
11.391435	24688.522
11.397818	24537.618
11.404201	24423.093
11.410584	24316.596
11.416967	24246.124
11.423349	24165.969
11.429732	24106.032
11.436115	24083.607
11.442498	24067.272
11.448881	24058.703
11.455264	24059.601
11.461646	24139.137
11.468029	24249.123
11.474412	24372.361
11.480795	24474.303
11.487178	24613.674
11.493560	24727.380
11.499943	24803.053
11.506326	24832.386
11.512709	24870.342
11.519092	24904.493
11.525475	24890.558
11.531857	24823.869
11.538240	24734.253
11.544623	24623.680
11.551006	24496.441
11.557389	24395.545
11.563771	24278.089
11.570154	24187.885
11.576537	24146.463
11.582920	24172.021
11.589303	24229.756
11.595686	24297.400
11.602068	24342.579
11.608451	24333.332
11.614834	24349.558
11.621217	24387.187
11.627600	24352.849
11.633982	24283.461
11.640365	24251.090
11.646748	24212.951
11.653131	24182.372
11.659514	24135.029
11.665897	24088.314
11.672279	24067.668
11.678662	24056.478
11.685045	24006.187
11.691428	23998.475
11.697811	23985.773
11.704193	23925.073
11.710576	23857.878
11.716959	23800.106
11.723342	23715.013
11.729725	23621.906
11.736108	23546.785
11.742490	23482.322
11.748873	23410.383
11.755256	23337.446
11.761639	23285.953
11.768022	23252.364
11.774404	23238.605
11.780787	23253.878
11.787170	23277.491
11.793553	23303.446
11.799936	23318.006
11.806319	23360.385
11.812701	23468.374
11.819084	23614.764
11.825467	23759.453
11.831850	23893.425
11.838233	24050.294
11.844615	24226.516
11.850998	24380.028
11.857381	24549.229
11.863764	24678.113
11.870147	24773.091
11.876530	24763.920
11.882912	24756.577
11.889295	24732.472
11.895678	24655.663
11.902061	24521.871
11.908444	24367.855
11.914826	24248.512
11.921209	24126.163
11.927592	24028.298
11.933975	23973.248
11.940358	23942.608
11.946741	23978.988
11.953123	24034.075
11.959506	24092.770
11.965889	24123.540
11.972272	24135.234
11.978655	24206.984
11.985037	24252.445
11.991420	24273.978
11.997803	24283.469
12.004186	24320.057
12.010569	24333.596
12.016952	24306.567
12.023334	24275.799
12.029717	24240.058
12.036100	24239.355
12.042483	24233.562
12.048866	24224.447
12.055248	24193.570
12.061631	24180.167
12.068014	24162.760
12.074397	24142.319
12.080780	24144.612
12.087163	24160.928
12.093545	24210.131
12.099928	24268.213
12.106311	24328.417
12.112694	24379.059
12.119077	24434.671
12.125459	24504.883
12.131842	24577.223
12.138225	24614.304
12.144608	24608.365
12.150991	24624.706
12.157374	24661.422
12.163756	24677.518
12.170139	24658.190
12.176522	24642.208
12.182905	24612.157
12.189288	24578.201
12.195670	24530.720
12.202053	24505.802
12.208436	24509.396
12.214819	24476.753
12.221202	24444.979
12.227585	24423.570
12.233967	24388.025
12.240350	24348.113
12.246733	24307.881
12.253116	24267.804
12.259499	24292.175
12.265881	24350.370
12.272264	24381.464
12.278647	24411.900
12.285030	24438.331
12.291413	24463.425
12.297796	24466.705
12.304178	24484.677
12.310561	24489.863
12.316944	24513.931
12.323327	24542.434
12.329710	24551.274
12.336092	24570.513
12.342475	24593.025
12.348858	24644.777
12.355241	24702.229
12.361624	24700.526
12.368007	24732.948
12.374389	24736.316
12.380772	24671.046
12.387155	24558.277
12.393538	24419.230
12.399921	24281.360
12.406303	24121.345
12.412686	23970.078
12.419069	23874.241
12.425452	23792.616
12.431835	23741.083
12.438218	23675.943
12.444600	23603.277
12.450983	23539.763
12.457366	23512.057
12.463749	23502.349
12.470132	23478.313
12.476514	23446.795
12.482897	23424.567
12.489280	23470.187
12.495663	23517.492
12.502046	23571.477
12.508429	23610.733
12.514811	23627.711
12.521194	23626.192
12.527577	23623.617
12.533960	23632.260
12.540343	23651.979
12.546725	23688.647
12.553108	23693.411
12.559491	23674.326
12.565874	23601.810
12.572257	23528.155
12.578640	23474.118
12.585022	23430.745
12.591405	23383.129
12.597788	23322.573
12.604171	23304.975
12.610554	23264.130
12.616936	23256.521
12.623319	23242.373
12.629702	23195.322
12.636085	23191.800
12.642468	23181.094
12.648851	23173.055
12.655233	23148.501
12.661616	23135.433
12.667999	23120.122
12.674382	23148.224
12.680765	23161.331
12.687147	23188.481
12.693530	23199.766
12.699913	23164.679
12.706296	23150.723
12.712679	23094.580
12.719062	22997.756
12.725444	22907.898
12.731827	22837.449
12.738210	22769.138
12.744593	22700.944
12.750976	22594.710
12.757358	22502.848
12.763741	22447.559
12.770124	22415.968
12.776507	22359.833
12.782890	22284.029
12.789273	22233.861
12.795655	22186.149
12.802038	22188.615
12.808421	22180.271
12.814804	22198.870
12.821187	22227.191
12.827569	22286.433
12.833952	22319.756
12.840335	22381.476
12.846718	22437.169
12.853101	22466.620
12.859484	22470.818
12.865866	22472.101
12.872249	22477.268
12.878632	22484.978
12.885015	22447.613
12.891398	22422.952
12.897780	22402.496
12.904163	22349.028
12.910546	22260.003
12.916929	22227.096
12.923312	22234.756
12.929695	22198.160
12.936077	22162.412
12.942460	22150.827
12.948843	22150.340
12.955226	22113.629
12.961609	22074.117
12.967991	22073.659
12.974374	22073.666
12.980757	22061.224
12.987140	22056.773
12.993523	22043.384
12.999906	22077.291
13.006288	22108.360
13.012671	22103.379
13.019054	22055.979
13.025437	21999.732
13.031820	21939.281
13.038202	21894.567
13.044585	21815.673
13.050968	21725.084
13.057351	21598.637
13.063734	21503.186
13.070117	21434.663
13.076499	21387.217
13.082882	21313.372
13.089265	21280.572
13.095648	21274.182
13.102031	21244.027
13.108413	21244.738
13.114796	21266.194
13.121179	21286.132
13.127562	21304.883
13.133945	21328.110
13.140328	21355.931
13.146710	21359.127
13.153093	21345.987
13.159476	21361.989
13.165859	21362.817
13.172242	21334.125
13.178624	21333.562
13.185007	21350.556
13.191390	21350.109
13.197773	21328.002
13.204156	21327.477
13.210539	21328.050
13.216921	21304.154
13.223304	21268.315
13.229687	21265.230
13.236070	21294.608
13.242453	21344.353
13.248835	21368.582
13.255218	21351.813
13.261601	21357.162
13.267984	21358.253
13.274367	21348.239
13.280750	21311.489
13.287132	21302.064
13.293515	21312.362
13.299898	21278.715
13.306281	21226.842
13.312664	21213.856
13.319046	21192.925
13.325429	21154.276
13.331812	21098.608
13.338195	21048.551
13.344578	21008.006
13.350961	20963.716
13.357343	20902.957
13.363726	20804.901
13.370109	20721.435
13.376492	20667.033
13.382875	20658.243
13.389257	20650.520
13.395640	20620.847
13.402023	20635.466
13.408406	20684.622
13.414789	20741.119
13.421172	20755.292
13.427554	20785.613
13.433937	20815.117
13.440320	20859.916
13.446703	20891.483
13.453086	20924.376
13.459468	20988.794
13.465851	21026.513
13.472234	21073.064
13.478617	21125.361
13.485000	21132.620
13.491383	21127.883
13.497765	21097.462
13.504148	21065.982
13.510531	20991.964
13.516914	20917.698
13.523297	20850.292
13.529679	20739.633
13.536062	20662.580
13.542445	20607.505
13.548828	20539.122
13.555211	20512.178
13.561594	20534.114
13.567976	20530.354
13.574359	20536.685
13.580742	20548.065
13.587125	20559.361
13.593508	20581.763
13.599890	20647.755
13.606273	20712.470
13.612656	20722.375
13.619039	20741.392
13.625422	20750.376
13.631805	20740.614
13.638187	20714.985
13.644570	20704.705
13.650953	20680.007
13.657336	20636.517
13.663719	20592.402
13.670101	20569.371
13.676484	20504.815
13.682867	20479.099
13.689250	20452.813
13.695633	20472.441
13.702016	20443.319
13.708398	20429.228
13.714781	20392.155
13.721164	20395.829
13.727547	20401.362
13.733930	20416.897
13.740312	20401.034
13.746695	20404.487
13.753078	20367.022
13.759461	20351.988
13.765844	20360.700
13.772227	20407.333
13.778609	20387.956
13.784992	20349.219
13.791375	20314.157
13.797758	20305.215
13.804141	20308.838
13.810524	20307.220
13.816906	20279.062
13.823289	20253.576
13.829672	20247.197
13.836055	20270.296
13.842438	20335.386
13.848820	20380.657
13.855203	20395.195
13.861586	20395.361
13.867969	20411.129
13.874352	20409.026
13.880735	20400.649
13.887117	20385.716
13.893500	20403.239
13.899883	20424.833
13.906266	20413.904
13.912649	20414.234
13.919031	20364.840
13.925414	20344.869
13.931797	20305.676
13.938180	20322.884
13.944563	20352.894
13.950946	20319.430
13.957328	20279.360
13.963711	20268.675
13.970094	20226.474
13.976477	20159.476
13.982860	20130.196
13.989242	20119.682
13.995625	20099.316
14.002008	20105.278
14.008391	20112.706
14.014774	20103.391
14.021157	20114.887
14.027539	20135.451
14.033922	20133.491
14.040305	20134.734
14.046688	20160.112
14.053071	20188.073
14.059453	20260.586
14.065836	20300.542
14.072219	20303.908
14.078602	20311.639
14.084985	20293.313
14.091368	20265.381
14.097750	20226.493
14.104133	20187.187
14.110516	20129.341
14.116899	20059.861
14.123282	20018.933
14.129664	20001.342
14.136047	19962.141
14.142430	19960.258
14.148813	19955.213
14.155196	19943.174
14.161579	19965.062
14.167961	20011.849
14.174344	20009.041
14.180727	20047.442
14.187110	20052.023
14.193493	20051.799
14.199875	20054.960
14.206258	20100.676
14.212641	20121.328
14.219024	20103.617
14.225407	20068.826
14.231790	20010.836
14.238172	19952.666
14.244555	19896.930
14.250938	19851.259
14.257321	19803.109
14.263704	19721.390
14.270086	19669.498
14.276469	19632.241
14.282852	19575.661
14.289235	19545.143
14.295618	19545.706
14.302001	19544.662
14.308383	19541.062
14.314766	19553.982
14.321149	19552.114
14.327532	19544.933
14.333915	19537.478
14.340297	19529.516
14.346680	19547.262
14.353063	19558.780
14.359446	19558.824
14.365829	19576.667
14.372212	19605.563
14.378594	19586.900
14.384977	19545.614
14.391360	19520.921
14.397743	19526.578
14.404126	19510.398
14.410508	19467.863
14.416891	19418.693
14.423274	19385.191
14.429657	19385.482
14.436040	19390.084
14.442423	19412.290
14.448805	19401.467
14.455188	19361.703
14.461571	19376.664
14.467954	19368.142
14.474337	19326.823
14.480719	19339.981
14.487102	19342.590
14.493485	19345.147
14.499868	19341.369
14.506251	19325.750
14.512634	19298.285
14.519016	19274.063
14.525399	19292.633
14.531782	19306.378
14.538165	19258.673
14.544548	19210.666
14.550930	19195.715
14.557313	19211.416
14.563696	19251.890
14.570079	19269.110
14.576462	19259.203
14.582845	19263.187
14.589227	19275.027
14.595610	19277.663
14.601993	19271.652
14.608376	19271.878
14.614759	19274.025
14.621141	19299.783
14.627524	19315.115
14.633907	19283.873
14.640290	19272.833
14.646673	19307.341
14.653056	19310.117
14.659438	19284.287
14.665821	19223.548
14.672204	19180.898
14.678587	19149.424
14.684970	19085.623
14.691352	19053.987
14.697735	19053.143
14.704118	19062.686
14.710501	19077.592
14.716884	19072.593
14.723267	19067.792
14.729649	19048.272
14.736032	19007.748
14.742415	18956.593
14.748798	18931.691
14.755181	18960.666
14.761563	18932.005
14.767946	18846.875
14.774329	18823.578
14.780712	18817.892
14.787095	18814.042
14.793478	18800.368
14.799860	18782.669
14.806243	18764.840
14.812626	18785.284
14.819009	18790.074
14.825392	18792.075
14.831774	18827.140
14.838157	18844.400
14.844540	18845.613
14.850923	18836.471
14.857306	18837.291
14.863689	18817.582
14.870071	18794.494
14.876454	18787.177
14.882837	18825.522
14.889220	18845.900
14.895603	18817.881
14.901985	18794.025
14.908368	18786.416
14.914751	18753.318
14.921134	18710.457
14.927517	18725.285
14.933900	18749.490
14.940282	18730.219
14.946665	18716.639
14.953048	18698.314
14.959431	18668.269
14.965814	18675.884
14.972196	18661.674
14.978579	18652.225
14.984962	18612.811
14.991345	18597.345
14.997728	18586.591
15.004111	18587.357
15.010493	18613.414
15.016876	18627.513
15.023259	18635.114
15.029642	18653.516
15.036025	18612.330
15.042407	18576.204
15.048790	18577.533
15.055173	18576.431
15.061556	18589.305
15.067939	18593.755
15.074322	18573.573
15.080704	18571.209
15.087087	18567.248
15.093470	18522.993
15.099853	18511.587
15.106236	18543.719
15.112618	18568.289
15.119001	18584.727
15.125384	18587.991
15.131767	18605.854
15.138150	18590.165
15.144533	18574.783
15.150915	18596.766
15.157298	18617.676
15.163681	18633.506
15.170064	18622.386
15.176447	18580.703
15.182829	18577.911
15.189212	18593.068
15.195595	18626.698
15.201978	18629.206
15.208361	18607.839
15.214744	18603.160
15.221126	18602.138
15.227509	18569.143
15.233892	18565.895
15.240275	18572.000
15.246658	18602.034
15.253040	18591.716
15.259423	18565.659
15.265806	18563.320
15.272189	18555.752
15.278572	18596.735
15.284955	18629.671
15.291337	18614.291
15.297720	18605.824
15.304103	18661.603
15.310486	18690.625
15.316869	18687.498
15.323251	18726.654
15.329634	18744.505
15.336017	18745.538
15.342400	18731.506
15.348783	18721.000
15.355166	18698.713
15.361548	18689.596
15.367931	18649.896
15.374314	18579.427
15.380697	18559.319
15.387080	18584.079
15.393462	18591.666
15.399845	18579.496
15.406228	18586.437
15.412611	18614.776
15.418994	18604.176
15.425377	18611.483
15.431759	18655.684
15.438142	18687.435
15.444525	18702.102
15.450908	18689.138
15.457291	18666.518
15.463673	18648.241
15.470056	18614.256
15.476439	18587.071
15.482822	18600.707
15.489205	18617.817
15.495588	18609.099
15.501970	18606.243
15.508353	18588.903
15.514736	18572.329
15.521119	18553.737
15.527502	18541.400
15.533884	18586.568
15.540267	18603.111
15.546650	18609.566
15.553033	18647.461
15.559416	18637.808
15.565799	18626.770
15.572181	18613.949
15.578564	18614.477
15.584947	18609.624
15.591330	18623.421
15.597713	18611.913
15.604095	18579.334
15.610478	18591.458
15.616861	18590.586
15.623244	18536.476
15.629627	18547.294
15.636010	18565.143
15.642392	18510.881
15.648775	18479.957
15.655158	18465.713
15.661541	18460.750
15.667924	18460.354
15.674306	18449.930
15.680689	18422.516
15.687072	18361.371
15.693455	18341.053
15.699838	18371.349
15.706221	18436.400
15.712603	18426.041
15.718986	18392.076
15.725369	18391.826
15.731752	18451.778
15.738135	18462.843
15.744517	18400.396
15.750900	18403.575
15.757283	18443.056
15.763666	18463.178
15.770049	18450.983
15.776432	18420.501
15.782814	18412.617
15.789197	18423.328
15.795580	18450.513
15.801963	18454.858
15.808346	18431.877
15.814728	18411.254
15.821111	18395.758
15.827494	18390.263
15.833877	18388.218
15.840260	18390.885
15.846643	18383.506
15.853025	18348.176
15.859408	18325.662
15.865791	18287.251
15.872174	18283.557
15.878557	18255.476
15.884939	18234.960
15.891322	18214.790
15.897705	18152.212
15.904088	18111.124
15.910471	18094.646
15.916854	18059.847
15.923236	18032.521
15.929619	18057.664
15.936002	18060.821
15.942385	18025.167
15.948768	18048.920
15.955150	18042.596
15.961533	18013.300
15.967916	18000.183
15.974299	17992.243
15.980682	17984.862
15.987065	17979.529
15.993447	17999.172
15.999830	18008.792
16.006213	17970.556
16.012596	17958.312
16.018979	17958.518
16.025361	17993.231
16.031744	17997.422
16.038127	17937.256
16.044510	17871.198
16.050893	17863.941
16.057276	17844.989
16.063658	17856.731
16.070041	17855.521
16.076424	17817.248
16.082807	17812.483
16.089190	17801.177
16.095572	17802.384
16.101955	17829.683
16.108338	17836.303
16.114721	17800.099
16.121104	17780.508
16.127487	17770.219
16.133869	17767.530
16.140252	17756.996
16.146635	17743.530
16.153018	17738.745
16.159401	17756.353
16.165783	17716.093
16.172166	17678.309
16.178549	17666.746
16.184932	17697.275
16.191315	17677.169
16.197698	17652.413
16.204080	17651.862
16.210463	17660.031
16.216846	17672.903
16.223229	17673.728
16.229612	17640.711
16.235994	17629.474
16.242377	17647.144
16.248760	17634.994
16.255143	17623.483
16.261526	17601.701
16.267909	17574.605
16.274291	17536.672
16.280674	17510.732
16.287057	17482.832
16.293440	17476.115
16.299823	17480.887
16.306205	17474.242
16.312588	17432.549
16.318971	17385.581
16.325354	17370.439
16.331737	17347.897
16.338120	17327.847
16.344502	17356.200
16.350885	17357.802
16.357268	17335.871
16.363651	17338.943
16.370034	17337.908
16.376416	17340.956
16.382799	17319.438
16.389182	17323.353
16.395565	17351.923
16.401948	17291.923
16.408331	17189.588
16.414713	17172.530
16.421096	17196.039
16.427479	17184.206
16.433862	17123.441
16.440245	17083.880
16.446627	17111.393
16.453010	17134.934
16.459393	17159.007
16.465776	17181.029
16.472159	17191.532
16.478542	17194.392
16.484924	17174.862
16.491307	17162.233
16.497690	17166.547
16.504073	17140.164
16.510456	17118.973
16.516838	17110.176
16.523221	17140.089
16.529604	17153.830
16.535987	17127.306
16.542370	17095.925
16.548753	17093.331
16.555135	17077.139
16.561518	17059.860
16.567901	17051.347
16.574284	17045.966
16.580667	17062.367
16.587049	17094.638
16.593432	17037.066
16.599815	16953.930
16.606198	16937.175
16.612581	16942.167
16.618964	16952.267
16.625346	16917.578
16.631729	16895.880
16.638112	16876.214
16.644495	16858.531
16.650878	16896.698
16.657260	16875.182
16.663643	16850.448
16.670026	16852.197
16.676409	16836.267
16.682792	16808.917
16.689175	16777.851
16.695557	16767.094
16.701940	16813.803
16.708323	16831.889
16.714706	16811.630
16.721089	16827.493
16.727471	16802.026
16.733854	16761.727
16.740237	16727.512
16.746620	16737.557
16.753003	16760.972
16.759386	16730.940
16.765768	16726.945
16.772151	16742.666
16.778534	16724.413
16.784917	16697.916
16.791300	16687.102
16.797682	16693.603
16.804065	16700.791
16.810448	16673.669
16.816831	16658.535
16.823214	16680.919
16.829597	16714.831
16.835979	16723.800
16.842362	16684.862
16.848745	16653.755
16.855128	16649.410
16.861511	16651.241
16.867893	16720.536
16.874276	16722.550
16.880659	16710.816
16.887042	16692.519
16.893425	16643.770
16.899808	16656.317
16.906190	16656.371
16.912573	16649.676
16.918956	16646.619
16.925339	16623.873
16.931722	16634.444
16.938104	16637.582
16.944487	16606.169
16.950870	16636.586
16.957253	16621.887
16.963636	16607.460
16.970019	16625.893
16.976401	16603.424
16.982784	16564.651
16.989167	16557.263
16.995550	16569.337
17.001933	16558.297
17.008316	16535.451
17.014698	16521.267
17.021081	16478.363
17.027464	16510.711
17.033847	16546.437
17.040230	16544.768
17.046612	16538.086
17.052995	16503.714
17.059378	16456.947
17.065761	16454.080
17.072144	16487.759
17.078527	16506.913
17.084909	16516.483
17.091292	16571.706
17.097675	16551.449
17.104058	16497.542
17.110441	16498.362
17.116823	16524.235
17.123206	16532.018
17.129589	16521.871
17.135972	16525.244
17.142355	16445.603
17.148738	16410.572
17.155120	16450.274
17.161503	16455.003
17.167886	16450.067
17.174269	16486.807
17.180652	16470.481
17.187034	16477.477
17.193417	16493.175
17.199800	16519.268
17.206183	16549.277
17.212566	16500.734
17.218949	16478.399
17.225331	16505.134
17.231714	16495.590
17.238097	16463.026
17.244480	16466.753
17.250863	16469.210
17.257245	16499.049
17.263628	16502.093
17.270011	16459.659
17.276394	16447.336
17.282777	16460.269
17.289160	16459.623
17.295542	16459.235
17.301925	16450.495
17.308308	16437.147
17.314691	16474.028
17.321074	16455.078
17.327456	16427.622
17.333839	16407.736
17.340222	16380.478
17.346605	16366.875
17.352988	16401.749
17.359371	16423.045
17.365753	16400.031
17.372136	16370.886
17.378519	16348.649
17.384902	16379.794
17.391285	16378.652
17.397667	16385.062
17.404050	16393.381
17.410433	16365.416
17.416816	16379.578
17.423199	16371.488
17.429582	16359.862
17.435964	16366.400
17.442347	16344.967
17.448730	16346.671
17.455113	16350.479
17.461496	16325.029
17.467878	16348.606
17.474261	16353.777
17.480644	16300.922
17.487027	16296.867
17.493410	16280.001
17.499793	16305.336
17.506175	16303.701
17.512558	16296.268
17.518941	16366.096
17.525324	16356.308
17.531707	16341.913
17.538089	16336.117
17.544472	16322.321
17.550855	16320.333
17.557238	16267.116
17.563621	16234.113
17.570004	16255.223
17.576386	16282.826
17.582769	16259.589
17.589152	16210.645
17.595535	16162.406
17.601918	16165.900
17.608300	16207.063
17.614683	16205.380
17.621066	16155.966
17.627449	16133.641
17.633832	16133.744
17.640215	16124.250
17.646597	16130.685
17.652980	16136.033
17.659363	16153.796
17.665746	16114.875
17.672129	16121.841
17.678511	16106.699
17.684894	16085.042
17.691277	16104.588
17.697660	16137.815
17.704043	16122.756
17.710426	16103.231
17.716808	16101.206
17.723191	16093.937
17.729574	16061.176
17.735957	16071.118
17.742340	16088.878
17.748722	16059.360
17.755105	16056.191
17.761488	16029.980
17.767871	16040.731
17.774254	16048.814
17.780637	16040.381
17.787019	16004.615
17.793402	16009.711
17.799785	15974.151
17.806168	15948.614
17.812551	15979.069
17.818933	15980.331
17.825316	15979.938
17.831699	15979.946
17.838082	15970.481
17.844465	15920.020
17.850848	15920.598
17.857230	15978.775
17.863613	16010.714
17.869996	15976.966
17.876379	15944.164
17.882762	15911.690
17.889144	15931.774
17.895527	15934.755
17.901910	15894.866
17.908293	15886.355
17.914676	15911.020
17.921059	15888.452
17.927441	15835.598
17.933824	15858.294
17.940207	15856.150
17.946590	15828.205
17.952973	15828.071
17.959355	15846.348
17.965738	15842.251
17.972121	15880.500
17.978504	15904.880
17.984887	15852.683
17.991270	15826.853
17.997652	15840.243
18.004035	15862.149
18.010418	15870.668
18.016801	15821.344
18.023184	15817.738
18.029566	15828.963
18.035949	15849.091
18.042332	15883.635
18.048715	15889.599
18.055098	15860.108
18.061481	15856.494
18.067863	15822.925
18.074246	15782.318
18.080629	15804.326
18.087012	15799.936
18.093395	15786.435
18.099777	15795.599
18.106160	15803.101
18.112543	15788.923
18.118926	15776.349
18.125309	15776.332
18.131692	15815.471
18.138074	15772.484
18.144457	15786.923
18.150840	15846.787
18.157223	15859.473
18.163606	15841.305
18.169988	15820.028
18.176371	15816.255
18.182754	15816.956
18.189137	15815.180
18.195520	15807.235
18.201903	15788.103
18.208285	15755.467
18.214668	15744.254
18.221051	15733.803
18.227434	15737.223
18.233817	15739.329
18.240199	15745.392
18.246582	15740.636
18.252965	15751.324
18.259348	15777.644
18.265731	15738.574
18.272114	15711.082
18.278496	15726.262
18.284879	15758.744
18.291262	15772.307
18.297645	15763.479
18.304028	15721.428
18.310410	15714.026
18.316793	15723.196
18.323176	15752.103
18.329559	15792.086
18.335942	15749.443
18.342325	15724.188
18.348707	15716.394
18.355090	15704.731
18.361473	15729.855
18.367856	15716.381
18.374239	15714.408
18.380621	15694.984
18.387004	15706.999
18.393387	15717.127
18.399770	15727.196
18.406153	15705.344
18.412536	15693.173
18.418918	15688.406
18.425301	15694.487
18.431684	15677.924
18.438067	15665.595
18.444450	15655.588
18.450832	15631.709
18.457215	15646.408
18.463598	15671.430
18.469981	15718.969
18.476364	15681.429
18.482747	15647.253
18.489129	15617.260
18.495512	15619.239
18.501895	15643.155
18.508278	15660.925
18.514661	15693.443
18.521043	15685.205
18.527426	15687.778
18.533809	15660.443
18.540192	15656.564
18.546575	15652.612
18.552958	15670.132
18.559340	15666.637
18.565723	15708.708
18.572106	15714.644
18.578489	15665.682
18.584872	15662.426
18.591254	15660.273
18.597637	15642.549
18.604020	15668.568
18.610403	15661.791
18.616786	15647.690
18.623169	15656.780
18.629551	15677.674
18.635934	15684.292
18.642317	15695.408
18.648700	15683.056
18.655083	15644.612
18.661465	15603.366
18.667848	15607.115
18.674231	15634.672
18.680614	15658.232
18.686997	15644.854
18.693380	15601.549
18.699762	15563.370
18.706145	15588.743
18.712528	15614.466
18.718911	15577.225
18.725294	15578.467
18.731676	15612.899
18.738059	15596.643
18.744442	15593.964
18.750825	15575.360
18.757208	15578.407
18.763591	15569.282
18.769973	15535.072
18.776356	15516.025
18.782739	15563.498
18.789122	15559.101
18.795505	15516.869
18.801887	15500.140
18.808270	15517.898
18.814653	15527.695
18.821036	15501.921
18.827419	15528.005
18.833802	15587.367
18.840184	15557.651
18.846567	15543.189
18.852950	15533.135
18.859333	15548.930
18.865716	15586.999
18.872098	15547.175
18.878481	15526.918
18.884864	15572.269
18.891247	15561.255
18.897630	15531.282
18.904013	15513.431
18.910395	15565.663
18.916778	15600.426
18.923161	15545.208
18.929544	15589.582
18.935927	15595.953
18.942309	15538.237
18.948692	15522.589
18.955075	15533.091
18.961458	15496.173
18.967841	15484.477
18.974224	15494.480
18.980606	15519.298
18.986989	15547.339
18.993372	15544.865
18.999755	15548.759
19.006138	15546.667
19.012520	15522.998
19.018903	15521.511
19.025286	15495.306
19.031669	15450.041
19.038052	15422.864
19.044435	15426.579
19.050817	15473.220
19.057200	15503.537
19.063583	15481.996
19.069966	15436.074
19.076349	15445.737
19.082731	15445.615
19.089114	15411.957
19.095497	15420.716
19.101880	15456.297
19.108263	15434.301
19.114646	15450.883
19.121028	15402.827
19.127411	15405.827
19.133794	15436.977
19.140177	15467.596
19.146560	15467.886
19.152942	15418.930
19.159325	15365.200
19.165708	15361.051
19.172091	15401.803
19.178474	15412.201
19.184857	15396.693
19.191239	15399.014
19.197622	15405.501
19.204005	15416.901
19.210388	15454.527
19.216771	15395.732
19.223153	15365.622
19.229536	15348.737
19.235919	15337.765
19.242302	15323.294
19.248685	15347.374
19.255068	15405.221
19.261450	15362.803
19.267833	15356.487
19.274216	15363.195
19.280599	15303.996
19.286982	15270.245
19.293364	15309.276
19.299747	15326.841
19.306130	15295.074
19.312513	15305.452
19.318896	15292.503
19.325279	15307.617
19.331661	15324.512
19.338044	15281.767
19.344427	15218.353
19.350810	15175.593
19.357193	15237.130
19.363575	15283.541
19.369958	15261.518
19.376341	15255.096
19.382724	15267.580
19.389107	15253.478
19.395490	15260.037
19.401872	15278.404
19.408255	15284.270
19.414638	15243.179
19.421021	15220.719
19.427404	15214.913
19.433786	15200.852
19.440169	15210.779
19.446552	15213.254
19.452935	15218.172
19.459318	15230.904
19.465701	15204.790
19.472083	15193.079
19.478466	15163.255
19.484849	15130.854
19.491232	15141.994
19.497615	15121.414
19.503997	15101.903
19.510380	15058.021
19.516763	15077.828
19.523146	15095.813
19.529529	15107.076
19.535912	15147.297
19.542294	15153.930
19.548677	15099.430
19.555060	15034.798
19.561443	15020.207
19.567826	15058.300
19.574208	15076.792
19.580591	15094.663
19.586974	15086.058
19.593357	15057.930
19.599740	15039.900
19.606123	15084.034
19.612505	15087.801
19.618888	15050.510
19.625271	15021.657
19.631654	14982.915
19.638037	15002.025
19.644419	15010.721
19.650802	15002.768
19.657185	15035.518
19.663568	15035.451
19.669951	15010.133
19.676334	15035.903
19.682716	15012.676
19.689099	14970.311
19.695482	14968.653
19.701865	14950.256
19.708248	14948.051
19.714630	14981.013
19.721013	14990.430
19.727396	14954.115
19.733779	14906.776
19.740162	14881.434
19.746545	14916.223
19.752927	14911.337
19.759310	14911.426
19.765693	14919.545
19.772076	14908.012
19.778459	14946.789
19.784841	14902.484
19.791224	14944.762
19.797607	14920.537
19.803990	14862.657
19.810373	14849.144
19.816756	14868.771
19.823138	14908.120
19.829521	14926.034
19.835904	14943.161
19.842287	14894.225
19.848670	14844.607
19.855052	14814.573
19.861435	14822.542
19.867818	14874.859
19.874201	14868.649
19.880584	14828.481
19.886967	14831.317
19.893349	14829.788
19.899732	14758.918
19.906115	14754.171
19.912498	14783.180
19.918881	14787.205
19.925263	14802.824
19.931646	14828.445
19.938029	14833.405
19.944412	14814.486
19.950795	14824.209
19.957178	14824.819
19.963560	14790.769
19.969943	14789.424
19.976326	14804.894
19.982709	14759.192
19.989092	14730.004
19.995474	14745.347
20.001857	14753.419
20.008240	14774.699
20.014623	14765.192
20.021006	14688.930
20.027389	14712.406
20.033771	14726.499
20.040154	14677.373
20.046537	14649.776
20.052920	14693.271
20.059303	14734.886
20.065685	14726.780
20.072068	14707.302
20.078451	14669.124
20.084834	14707.650
20.091217	14744.097
20.097600	14707.023
20.103982	14716.880
20.110365	14715.364
20.116748	14731.492
20.123131	14734.230
20.129514	14735.093
20.135896	14718.522
20.142279	14724.637
20.148662	14709.288
20.155045	14701.887
20.161428	14683.620
20.167811	14660.148
20.174193	14669.624
20.180576	14638.848
20.186959	14651.725
20.193342	14681.350
20.199725	14636.485
20.206108	14598.960
20.212490	14598.528
20.218873	14612.970
20.225256	14657.346
20.231639	14635.950
20.238022	14597.167
20.244404	14605.700
20.250787	14637.531
20.257170	14698.185
20.263553	14682.958
20.269936	14646.549
20.276319	14627.177
20.282701	14636.852
20.289084	14584.310
20.295467	14630.914
20.301850	14655.235
20.308233	14610.728
20.314615	14652.458
20.320998	14673.906
20.327381	14670.421
20.333764	14673.028
20.340147	14668.457
20.346530	14631.033
20.352912	14582.519
20.359295	14596.587
20.365678	14654.739
20.372061	14658.410
20.378444	14642.199
20.384826	14622.670
20.391209	14633.822
20.397592	14616.335
20.403975	14626.582
20.410358	14541.008
20.416741	14517.391
20.423123	14479.353
20.429506	14529.228
20.435889	14570.747
20.442272	14578.387
20.448655	14550.456
20.455037	14567.905
20.461420	14523.892
20.467803	14521.449
20.474186	14570.197
20.480569	14628.619
20.486952	14620.331
20.493334	14541.600
20.499717	14535.965
20.506100	14495.957
20.512483	14505.783
20.518866	14551.591
20.525248	14588.941
20.531631	14544.311
20.538014	14487.214
20.544397	14533.012
20.550780	14555.529
20.557163	14538.141
20.563545	14558.852
20.569928	14541.119
20.576311	14540.896
20.582694	14581.041
20.589077	14551.606
20.595459	14445.672
20.601842	14467.248
20.608225	14588.499
20.614608	14554.935
20.620991	14497.398
20.627374	14486.283
20.633756	14547.648
20.640139	14521.066
20.646522	14459.859
20.652905	14516.170
20.659288	14569.933
20.665670	14518.359
20.672053	14481.462
20.678436	14482.969
20.684819	14483.137
20.691202	14471.801
20.697585	14468.350
20.703967	14507.370
20.710350	14493.875
20.716733	14516.949
20.723116	14499.819
20.729499	14494.970
20.735881	14480.600
20.742264	14500.817
20.748647	14501.819
20.755030	14415.280
20.761413	14461.314
20.767796	14542.860
20.774178	14545.569
20.780561	14495.294
20.786944	14458.460
20.793327	14424.890
20.799710	14479.184
20.806092	14489.385
20.812475	14438.208
20.818858	14423.078
20.825241	14444.468
20.831624	14460.904
20.838007	14494.406
20.844389	14492.585
20.850772	14470.457
20.857155	14428.042
20.863538	14455.219
20.869921	14465.187
20.876303	14484.311
20.882686	14498.751
20.889069	14480.605
20.895452	14446.915
20.901835	14418.656
20.908218	14430.395
20.914600	14460.921
20.920983	14486.854
20.927366	14456.998
20.933749	14472.513
20.940132	14480.764
20.946514	14371.462
20.952897	14399.840
20.959280	14464.921
20.965663	14458.055
20.972046	14411.247
20.978429	14387.379
20.984811	14391.080
20.991194	14419.133
20.997577	14420.189
21.003960	14378.170
21.010343	14334.070
21.016725	14356.739
21.023108	14394.983
21.029491	14399.323
21.035874	14370.535
21.042257	14339.366
21.048640	14357.992
21.055022	14358.943
21.061405	14313.805
21.067788	14337.300
21.074171	14345.682
21.080554	14356.811
21.086936	14336.573
21.093319	14343.617
21.099702	14316.003
21.106085	14311.197
21.112468	14339.320
21.118851	14379.781
21.125233	14397.589
21.131616	14382.504
21.137999	14318.698
21.144382	14322.061
21.150765	14330.422
21.157147	14330.133
21.163530	14317.485
21.169913	14288.197
21.176296	14282.969
21.182679	14324.672
21.189062	14318.690
21.195444	14271.401
21.201827	14294.155
21.208210	14311.629
21.214593	14284.980
21.220976	14259.943
21.227358	14250.752
21.233741	14201.286
21.240124	14228.625
21.246507	14251.812
21.252890	14303.299
21.259273	14249.732
21.265655	14208.418
21.272038	14237.947
21.278421	14218.806
21.284804	14209.132
21.291187	14253.014
21.297569	14257.181
21.303952	14232.208
21.310335	14279.519
21.316718	14270.265
21.323101	14187.311
21.329484	14207.003
21.335866	14255.424
21.342249	14255.977
21.348632	14248.765
21.355015	14261.292
21.361398	14270.948
21.367780	14238.652
21.374163	14223.539
21.380546	14267.688
21.386929	14240.297
21.393312	14279.207
21.399695	14263.608
21.406077	14221.687
21.412460	14253.283
21.418843	14250.446
21.425226	14176.424
21.431609	14200.441
21.437991	14275.293
21.444374	14230.726
21.450757	14175.893
21.457140	14212.467
21.463523	14244.978
21.469906	14184.601
21.476288	14167.581
21.482671	14095.405
21.489054	14143.194
21.495437	14172.847
21.501820	14135.393
21.508202	14138.171
21.514585	14168.392
21.520968	14208.665
21.527351	14237.745
21.533734	14174.393
21.540117	14181.565
21.546499	14195.834
21.552882	14215.687
21.559265	14207.206
21.565648	14177.011
21.572031	14143.045
21.578413	14158.342
21.584796	14144.687
21.591179	14139.950
21.597562	14206.926
21.603945	14143.504
21.610328	14109.289
21.616710	14150.096
21.623093	14171.914
21.629476	14092.030
21.635859	14168.893
21.642242	14107.614
21.648624	14057.480
21.655007	14070.444
21.661390	14121.711
21.667773	14159.993
21.674156	14146.657
21.680539	14145.181
21.686921	14140.202
21.693304	14142.722
21.699687	14152.309
21.706070	14124.425
21.712453	14169.685
21.718835	14147.557
21.725218	14147.313
21.731601	14093.690
21.737984	14095.933
21.744367	14114.346
21.750750	14152.691
21.757132	14110.366
21.763515	14128.160
21.769898	14145.592
21.776281	14184.389
21.782664	14114.186
21.789046	14054.607
21.795429	14085.497
21.801812	14186.435
21.808195	14152.686
21.814578	14115.233
21.820961	14086.612
21.827343	14099.642
21.833726	14086.315
21.840109	14053.195
21.846492	14086.814
21.852875	14052.350
21.859257	14044.765
21.865640	14080.154
21.872023	14084.809
21.878406	14095.206
21.884789	14094.727
21.891172	14093.845
21.897554	14083.304
21.903937	14084.860
21.910320	14093.345
21.916703	14115.181
21.923086	14112.032
21.929468	14083.614
21.935851	14080.918
21.942234	14082.197
21.948617	14088.558
21.955000	14094.550
21.961383	14080.192
21.967765	14005.488
21.974148	14019.298
21.980531	14108.049
21.986914	14069.683
21.993297	14059.688
21.999679	14052.788
22.006062	14020.275
22.012445	14048.648
22.018828	14054.628
22.025211	14108.524
22.031594	14104.592
22.037976	14052.637
22.044359	14072.449
22.050742	14134.464
22.057125	14164.735
22.063508	14113.508
22.069890	14051.846
22.076273	14073.879
22.082656	14102.769
22.089039	14080.088
22.095422	14027.112
22.101805	14034.105
22.108187	13982.414
22.114570	14084.254
22.120953	14106.942
22.127336	14061.213
22.133719	14024.680
22.140101	14025.167
22.146484	14067.607
22.152867	14095.615
22.159250	14074.745
22.165633	14067.246
22.172016	14052.043
22.178398	14095.760
22.184781	14031.528
22.191164	13966.864
22.197547	13989.098
22.203930	14021.542
22.210312	14047.864
22.216695	14019.510
22.223078	14014.805
22.229461	13992.165
22.235844	14023.501
22.242227	14070.245
22.248609	13981.979
22.254992	14024.165
22.261375	14067.387
22.267758	14040.066
22.274141	14061.239
22.280523	14046.563
22.286906	13951.141
22.293289	13951.465
22.299672	14014.180
22.306055	14058.850
22.312438	14072.382
22.318820	13985.643
22.325203	14056.980
22.331586	13978.248
22.337969	13955.347
22.344352	13987.543
22.350734	13990.561
22.357117	13928.288
22.363500	13954.380
22.369883	14055.959
22.376266	14058.129
22.382649	14062.079
22.389031	14011.409
22.395414	13983.518
22.401797	13937.352
22.408180	13914.213
22.414563	14002.641
22.420945	13976.720
22.427328	13932.589
22.433711	13886.152
22.440094	13945.858
22.446477	14020.920
22.452860	14045.384
22.459242	14040.257
22.465625	14004.642
22.472008	13943.855
22.478391	13971.885
22.484774	13972.565
22.491156	13991.467
22.497539	13970.956
22.503922	13938.318
22.510305	13957.426
22.516688	14008.842
22.523071	13965.119
22.529453	13985.299
22.535836	13987.443
22.542219	14051.932
22.548602	14078.666
22.554985	13981.131
22.561367	13941.902
22.567750	13953.201
22.574133	14012.341
22.580516	14036.648
22.586899	13935.251
22.593282	13970.798
22.599664	13956.480
22.606047	13908.679
22.612430	13911.015
22.618813	13964.619
22.625196	14010.376
22.631578	13962.450
22.637961	14015.947
22.644344	13960.813
22.650727	13965.475
22.657110	13912.991
22.663493	13970.610
22.669875	13970.658
22.676258	13934.337
22.682641	13913.357
22.689024	13909.001
22.695407	13905.374
22.701789	13904.583
22.708172	13933.271
22.714555	13960.706
22.720938	13925.214
22.727321	13903.582
22.733704	13895.913
22.740086	13936.836
22.746469	13874.051
22.752852	13818.387
22.759235	13855.114
22.765618	13859.244
22.772000	13943.797
22.778383	13916.370
22.784766	13924.414
22.791149	13944.294
22.797532	13885.224
22.803915	13945.499
22.810297	13934.768
22.816680	13917.839
22.823063	13962.771
22.829446	13927.666
22.835829	13899.179
22.842211	13870.290
22.848594	13950.338
22.854977	13939.953
22.861360	13831.042
22.867743	13846.992
22.874126	13864.926
22.880508	13867.624
22.886891	13961.680
22.893274	13932.669
22.899657	13799.670
22.906040	13833.105
22.912422	13838.671
22.918805	13809.049
22.925188	13799.999
22.931571	13798.496
22.937954	13829.661
22.944337	13860.881
22.950719	13818.448
22.957102	13860.684
22.963485	13858.776
22.969868	13841.476
22.976251	13858.589
22.982633	13860.581
22.989016	13775.940
22.995399	13814.709
23.001782	13832.780
23.008165	13822.270
23.014548	13873.524
23.020930	13819.716
23.027313	13916.234
23.033696	13898.969
23.040079	13811.216
23.046462	13834.065
23.052844	13830.702
23.059227	13823.623
23.065610	13808.034
23.071993	13783.131
23.078376	13753.973
23.084759	13806.621
23.091141	13795.634
23.097524	13784.694
23.103907	13764.971
23.110290	13810.065
23.116673	13813.020
23.123055	13740.335
23.129438	13737.850
23.135821	13815.641
23.142204	13812.464
23.148587	13770.484
23.154970	13790.258
23.161352	13723.922
23.167735	13716.167
23.174118	13726.718
23.180501	13727.692
23.186884	13782.520
23.193266	13740.460
23.199649	13683.934
23.206032	13760.456
23.212415	13721.252
23.218798	13755.849
23.225181	13807.493
23.231563	13734.003
23.237946	13660.979
23.244329	13726.224
23.250712	13727.196
23.257095	13755.865
23.263477	13749.879
23.269860	13752.256
23.276243	13749.327
23.282626	13706.623
23.289009	13652.040
23.295392	13724.350
23.301774	13796.087
23.308157	13726.247
23.314540	13748.083
23.320923	13760.149
23.327306	13654.397
23.333688	13667.143
23.340071	13757.959
23.346454	13719.367
23.352837	13683.440
23.359220	13737.581
23.365603	13694.838
23.371985	13697.653
23.378368	13721.119
23.384751	13666.079
23.391134	13673.241
23.397517	13755.466
23.403900	13664.063
23.410282	13683.646
23.416665	13702.644
23.423048	13737.104
23.429431	13655.911
23.435814	13671.279
23.442196	13665.184
23.448579	13652.699
23.454962	13730.409
23.461345	13687.156
23.467728	13653.965
23.474111	13569.115
23.480493	13625.840
23.486876	13664.674
23.493259	13641.174
23.499642	13667.813
23.506025	13631.252
23.512407	13682.652
23.518790	13635.655
23.525173	13625.559
23.531556	13600.800
23.537939	13620.428
23.544322	13645.903
23.550704	13674.000
23.557087	13702.652
23.563470	13608.483
23.569853	13586.642
23.576236	13590.562
23.582618	13648.586
23.589001	13596.777
23.595384	13687.354
23.601767	13668.773
23.608150	13610.496
23.614533	13666.370
23.620915	13561.780
23.627298	13539.046
23.633681	13607.747
23.640064	13659.468
23.646447	13631.245
23.652829	13636.557
23.659212	13621.070
23.665595	13636.048
23.671978	13609.334
23.678361	13616.895
23.684744	13630.586
23.691126	13563.873
23.697509	13519.439
23.703892	13545.276
23.710275	13635.183
23.716658	13557.052
23.723040	13554.414
23.729423	13555.824
23.735806	13645.670
23.742189	13640.046
23.748572	13637.527
23.754955	13545.710
23.761337	13569.572
23.767720	13681.160
23.774103	13652.166
23.780486	13647.103
23.786869	13521.972
23.793251	13523.341
23.799634	13640.259
23.806017	13679.396
23.812400	13637.053
23.818783	13648.480
23.825166	13645.702
23.831548	13623.757
23.837931	13495.271
23.844314	13514.551
23.850697	13603.841
23.857080	13597.732
23.863462	13477.730
23.869845	13488.426
23.876228	13573.339
23.882611	13579.577
23.888994	13567.473
23.895377	13625.618
23.901759	13559.909
23.908142	13527.697
23.914525	13629.377
23.920908	13631.616
23.927291	13639.566
23.933673	13570.134
23.940056	13453.828
23.946439	13595.706
23.952822	13535.888
23.959205	13411.194
23.965588	13481.548
23.971970	13544.605
23.978353	13552.377
23.984736	13454.377
23.991119	13504.028
23.997502	13534.624
24.003884	13491.567
24.010267	13486.234
24.016650	13628.798
24.023033	13579.610
24.029416	13529.205
24.035799	13565.973
24.042181	13542.513
24.048564	13521.525
24.054947	13546.690
24.061330	13485.278
24.067713	13566.519
24.074095	13478.584
24.080478	13522.901
24.086861	13595.052
24.093244	13581.390
24.099627	13655.704
24.106010	13516.031
24.112392	13572.046
24.118775	13486.294
24.125158	13413.486
24.131541	13499.908
24.137924	13516.130
24.144306	13577.681
24.150689	13472.212
24.157072	13526.737
24.163455	13464.815
24.169838	13424.119
24.176221	13477.865
24.182603	13510.727
24.188986	13511.931
24.195369	13520.808
24.201752	13482.988
24.208135	13479.168
24.214517	13497.863
24.220900	13419.892
24.227283	13423.052
24.233666	13483.556
24.240049	13449.592
24.246432	13461.086
24.252814	13470.012
24.259197	13519.455
24.265580	13446.872
24.271963	13395.591
24.278346	13498.194
24.284728	13500.309
24.291111	13521.509
24.297494	13419.646
24.303877	13372.244
24.310260	13464.532
24.316643	13490.295
24.323025	13438.620
24.329408	13420.971
24.335791	13454.556
24.342174	13454.989
24.348557	13465.784
24.354939	13444.332
24.361322	13355.472
24.367705	13369.111
24.374088	13390.716
24.380471	13326.313
24.386854	13359.635
24.393236	13422.939
24.399619	13407.918
24.406002	13423.063
24.412385	13349.256
24.418768	13350.249
24.425150	13382.509
24.431533	13327.390
24.437916	13404.536
24.444299	13405.827
24.450682	13458.601
24.457065	13470.424
24.463447	13422.869
24.469830	13348.736
24.476213	13418.566
24.482596	13357.224
24.488979	13340.030
24.495361	13410.473
24.501744	13418.472
24.508127	13425.079
24.514510	13491.233
24.520893	13345.934
24.527276	13370.866
24.533658	13295.665
24.540041	13276.686
24.546424	13358.528
24.552807	13418.487
24.559190	13361.076
24.565572	13285.558
24.571955	13336.974
24.578338	13382.504
24.584721	13392.303
24.591104	13328.862
24.597487	13344.894
24.603869	13341.387
24.610252	13287.956
24.616635	13298.286
24.623018	13305.141
24.629401	13314.974
24.635783	13311.971
24.642166	13222.944
24.648549	13286.978
24.654932	13303.383
24.661315	13341.300
24.667698	13239.233
24.674080	13297.173
24.680463	13272.712
24.686846	13245.229
24.693229	13394.258
24.699612	13379.580
24.705994	13269.528
24.712377	13261.916
24.718760	13237.740
24.725143	13313.032
24.731526	13268.495
24.737909	13335.449
24.744291	13279.441
24.750674	13224.304
24.757057	13296.334
24.763440	13251.119
24.769823	13296.012
24.776205	13267.231
24.782588	13170.729
24.788971	13148.488
24.795354	13177.935
24.801737	13236.307
24.808120	13237.569
24.814502	13256.388
24.820885	13318.182
24.827268	13174.444
24.833651	13199.476
24.840034	13302.303
24.846416	13248.057
24.852799	13243.372
24.859182	13253.611
24.865565	13154.884
24.871948	13194.512
24.878331	13162.149
24.884713	13142.260
24.891096	13181.500
24.897479	13225.774
24.903862	13295.629
24.910245	13251.032
24.916627	13098.314
24.923010	13188.224
24.929393	13163.150
24.935776	13190.074
24.942159	13190.065
24.948542	13195.607
24.954924	13219.432
24.961307	13248.757
24.967690	13228.074
24.974073	13179.333
24.980456	13151.553
24.986838	13216.097
24.993221	13194.213
24.999604	13155.765
25.005987	13089.173
25.012370	13203.439
25.018753	13315.900
25.025135	13230.268
25.031518	13189.308
25.037901	13216.620
25.044284	13183.499
25.050667	13145.358
25.057049	13207.894
25.063432	13165.502
25.069815	13166.585
25.076198	13167.942
25.082581	13238.758
25.088964	13168.067
25.095346	13185.433
25.101729	13165.486
25.108112	13193.704
25.114495	13162.966
25.120878	13059.239
25.127260	13146.061
25.133643	13141.720
25.140026	13240.740
25.146409	13202.353
25.152792	13161.486
25.159175	13162.644
25.165557	13058.400
25.171940	13135.377
25.178323	13112.926
25.184706	13143.383
25.191089	13206.079
25.197471	13127.311
25.203854	13145.181
25.210237	13211.339
25.216620	13172.834
25.223003	13159.575
25.229386	13037.841
25.235768	13130.737
25.242151	13193.441
25.248534	13230.683
25.254917	13201.343
25.261300	13140.001
25.267682	13125.146
25.274065	13063.624
25.280448	13113.680
25.286831	13109.610
25.293214	13108.179
25.299597	13104.894
25.305979	13106.939
25.312362	13101.450
25.318745	13134.233
25.325128	13117.395
25.331511	13190.724
25.337893	13151.435
25.344276	13074.756
25.350659	13057.471
25.357042	13091.006
25.363425	13094.626
25.369808	13048.308
25.376190	13052.038
25.382573	13088.961
25.388956	13131.593
25.395339	13075.635
25.401722	12966.244
25.408104	13060.093
25.414487	13093.311
25.420870	13121.891
25.427253	13086.671
25.433636	13032.996
25.440019	13117.199
25.446401	13004.970
25.452784	12982.874
25.459167	13057.457
25.465550	13176.779
25.471933	13103.105
25.478315	13163.730
25.484698	13074.310
25.491081	13080.819
25.497464	13046.898
25.503847	13055.500
25.510230	12996.873
25.516612	13068.071
25.522995	13103.800
25.529378	12987.498
25.535761	13020.900
25.542144	13004.732
25.548526	12995.598
25.554909	13062.445
25.561292	13047.641
25.567675	13004.695
25.574058	13092.658
25.580441	12981.905
25.586823	13082.334
25.593206	13055.350
25.599589	13069.510
25.605972	13036.698
25.612355	12988.140
25.618737	13065.385
25.625120	13051.697
25.631503	12973.042
25.637886	12953.627
25.644269	13065.334
25.650652	13105.629
25.657034	13094.275
25.663417	12989.136
25.669800	12922.735
25.676183	12891.457
25.682566	12978.679
25.688948	12900.394
25.695331	13061.759
25.701714	12910.640
25.708097	13096.196
25.714480	12954.662
25.720863	12915.682
25.727245	12948.124
25.733628	12987.031
25.740011	13010.682
25.746394	12932.291
25.752777	12953.462
25.759159	13002.494
25.765542	13019.225
25.771925	13002.119
25.778308	12935.542
25.784691	12871.854
25.791074	13004.664
25.797456	12986.852
25.803839	12864.480
25.810222	12849.148
25.816605	12879.403
25.822988	12879.486
25.829370	12840.106
25.835753	12922.143
25.842136	12857.936
25.848519	12866.074
25.854902	12973.497
25.861285	13033.042
25.867667	12926.493
25.874050	12971.141
25.880433	12945.115
25.886816	12919.879
25.893199	12990.450
25.899581	12960.447
25.905964	12902.857
25.912347	12850.436
25.918730	12913.282
25.925113	12887.826
25.931496	12815.245
25.937878	12917.761
25.944261	12921.778
25.950644	12855.941
25.957027	12887.922
25.963410	12918.359
25.969792	12911.446
25.976175	12878.779
25.982558	12913.715
25.988941	12963.668
25.995324	12886.697
26.001707	12904.463
26.008089	12812.020
26.014472	12906.344
26.020855	12912.657
26.027238	12944.005
26.033621	12917.829
26.040003	12745.832
26.046386	12787.077
26.052769	12935.847
26.059152	12913.123
26.065535	12849.868
26.071918	12824.360
26.078300	12880.969
26.084683	12892.535
26.091066	12957.304
26.097449	12856.815
26.103832	12883.936
26.110214	12839.239
26.116597	12879.466
26.122980	12895.786
26.129363	12787.204
26.135746	12825.514
26.142129	12820.922
26.148511	12827.973
26.154894	12889.467
26.161277	12866.689
26.167660	12815.165
26.174043	12892.922
26.180425	12886.103
26.186808	12763.458
26.193191	12900.437
26.199574	12898.322
26.205957	12839.446
26.212340	12864.113
26.218722	12958.470
26.225105	12923.361
26.231488	12830.001
26.237871	12916.306
26.244254	12881.471
26.250636	12814.625
26.257019	12820.013
26.263402	12755.958
26.269785	12746.974
26.276168	12849.866
26.282551	12854.030
26.288933	12784.632
26.295316	12779.324
26.301699	12751.447
26.308082	12645.179
26.314465	12672.428
26.320847	12784.315
26.327230	12777.327
26.333613	12845.646
26.339996	12720.583
26.346379	12735.114
26.352762	12782.353
26.359144	12762.025
26.365527	12717.702
26.371910	12736.839
26.378293	12707.805
26.384676	12754.145
26.391058	12700.460
26.397441	12753.464
26.403824	12659.351
26.410207	12692.475
26.416590	12862.695
26.422973	12818.302
26.429355	12822.601
26.435738	12816.756
26.442121	12912.122
26.448504	12746.404
26.454887	12664.507
26.461269	12647.595
26.467652	12654.072
26.474035	12663.802
26.480418	12676.707
26.486801	12643.353
26.493184	12657.237
26.499566	12680.415
26.505949	12733.040
26.512332	12837.725
26.518715	12799.926
26.525098	12700.663
26.531480	12681.205
26.537863	12693.748
26.544246	12617.387
26.550629	12666.514
26.557012	12721.826
26.563395	12696.254
26.569777	12623.419
26.576160	12622.355
26.582543	12675.020
26.588926	12598.212
26.595309	12687.669
26.601692	12605.911
26.608074	12602.122
26.614457	12639.105
26.620840	12681.505
26.627223	12688.230
26.633606	12740.044
26.639988	12722.549
26.646371	12661.531
26.652754	12845.438
26.659137	12764.336
26.665520	12663.409
26.671903	12617.458
26.678285	12710.643
26.684668	12692.169
26.691051	12639.278
26.697434	12520.013
26.703817	12627.578
26.710199	12651.686
26.716582	12566.089
26.722965	12522.134
26.729348	12649.720
26.735731	12697.772
26.742114	12661.498
26.748496	12599.742
26.754879	12590.236
26.761262	12463.766
26.767645	12684.670
26.774028	12662.350
26.780410	12607.705
26.786793	12567.663
26.793176	12519.124
26.799559	12550.394
26.805942	12595.912
26.812325	12624.687
26.818707	12587.408
26.825090	12547.895
26.831473	12674.033
26.837856	12648.009
26.844239	12497.839
26.850621	12564.799
26.857004	12596.771
26.863387	12612.170
26.869770	12616.416
26.876153	12574.189
26.882536	12629.154
26.888918	12650.407
26.895301	12542.274
26.901684	12500.340
26.908067	12724.192
26.914450	12569.476
26.920832	12567.968
26.927215	12629.128
26.933598	12616.263
26.939981	12611.073
26.946364	12570.352
26.952747	12620.256
26.959129	12714.837
26.965512	12643.655
26.971895	12769.898
26.978278	12532.971
26.984661	12584.852
26.991043	12622.886
26.997426	12454.408
27.003809	12612.179
27.010192	12511.452
27.016575	12563.064
27.022958	12651.096
27.029340	12575.304
27.035723	12490.396
27.042106	12455.114
27.048489	12520.910
27.054872	12668.314
27.061254	12610.633
27.067637	12599.251
27.074020	12519.658
27.080403	12479.553
27.086786	12368.842
27.093169	12354.754
27.099551	12518.124
27.105934	12588.986
27.112317	12463.427
27.118700	12558.119
27.125083	12516.436
27.131465	12530.077
27.137848	12507.687
27.144231	12580.613
27.150614	12611.556
27.156997	12532.410
27.163380	12572.711
27.169762	12598.062
27.176145	12511.814
27.182528	12650.262
27.188911	12579.277
27.195294	12560.346
27.201676	12422.430
27.208059	12501.914
27.214442	12418.399
27.220825	12471.413
27.227208	12485.057
27.233591	12397.180
27.239973	12472.227
27.246356	12512.320
27.252739	12389.065
27.259122	12391.555
27.265505	12603.317
27.271887	12531.044
27.278270	12480.138
27.284653	12393.434
27.291036	12478.986
27.297419	12635.813
27.303802	12458.911
27.310184	12454.337
27.316567	12431.956
27.322950	12458.821
27.329333	12563.429
27.335716	12416.799
27.342098	12460.040
27.348481	12430.482
27.354864	12522.015
27.361247	12432.581
27.367630	12444.969
27.374013	12412.574
27.380395	12465.541
27.386778	12366.989
27.393161	12473.544
27.399544	12395.921
27.405927	12386.824
27.412309	12337.349
27.418692	12413.421
27.425075	12341.668
27.431458	12367.501
27.437841	12386.338
27.444224	12506.172
27.450606	12340.210
27.456989	12363.266
27.463372	12231.293
27.469755	12332.820
27.476138	12417.976
27.482520	12386.506
27.488903	12441.017
27.495286	12322.994
27.501669	12370.143
27.508052	12280.571
27.514435	12306.009
27.520817	12444.993
27.527200	12386.579
27.533583	12431.459
27.539966	12418.211
27.546349	12334.560
27.552731	12350.266
27.559114	12236.186
27.565497	12220.937
27.571880	12372.345
27.578263	12491.645
27.584646	12356.713
27.591028	12440.519
27.597411	12416.327
27.603794	12457.854
27.610177	12443.323
27.616560	12340.747
27.622942	12446.841
27.629325	12370.451
27.635708	12366.435
27.642091	12304.554
27.648474	12325.921
27.654857	12305.554
27.661239	12438.281
27.667622	12307.511
27.674005	12442.128
27.680388	12308.417
27.686771	12364.805
27.693153	12334.591
27.699536	12315.192
27.705919	12177.284
27.712302	12327.024
27.718685	12238.535
27.725068	12282.151
27.731450	12286.186
27.737833	12167.180
27.744216	12167.316
27.750599	12219.391
27.756982	0.0000000
27.763364	0.0000000
27.769747	0.0000000
27.776130	0.0000000
27.782513	0.0000000
27.788896	0.0000000
27.795279	0.0000000
27.801661	0.0000000
27.808044	0.0000000
27.814427	0.0000000
27.820810	0.0000000
27.827193	0.0000000
27.833575	0.0000000
27.839958	0.0000000
27.846341	0.0000000
27.852724	0.0000000
27.859107	0.0000000
27.865490	0.0000000
27.871872	0.0000000
27.878255	0.0000000
27.884638	0.0000000
27.891021	0.0000000
27.897404	0.0000000
27.903786	0.0000000
27.910169	0.0000000
27.916552	0.0000000
27.922935	0.0000000
27.929318	0.0000000
27.935701	0.0000000
27.942083	0.0000000
27.948466	0.0000000
27.954849	0.0000000
27.961232	0.0000000
27.967615	0.0000000
27.973997	0.0000000
27.980380	0.0000000
27.986763	0.0000000
27.993146	0.0000000
27.999529	0.0000000
28.005912	0.0000000
28.012294	0.0000000
28.018677	0.0000000
28.025060	0.0000000
28.031443	0.0000000
28.037826	0.0000000
28.044208	0.0000000
28.050591	0.0000000
28.056974	0.0000000
28.063357	0.0000000
28.069740	0.0000000
28.076123	0.0000000
28.082505	0.0000000
28.088888	0.0000000
28.095271	0.0000000
28.101654	0.0000000
28.108037	0.0000000
28.114419	0.0000000
28.120802	0.0000000
28.127185	0.0000000
28.133568	0.0000000
28.139951	0.0000000
28.146334	0.0000000
28.152716	0.0000000
28.159099	0.0000000
28.165482	0.0000000
28.171865	0.0000000
28.178248	0.0000000
28.184630	0.0000000
28.191013	0.0000000
28.197396	0.0000000
28.203779	0.0000000
28.210162	0.0000000
28.216545	0.0000000
28.222927	0.0000000
28.229310	0.0000000
28.235693	0.0000000
28.242076	0.0000000
28.248459	0.0000000
28.254841	0.0000000
28.261224	0.0000000
28.267607	0.0000000
28.273990	0.0000000
28.280373	0.0000000
28.286756	0.0000000
28.293138	0.0000000
28.299521	0.0000000
28.305904	0.0000000
28.312287	0.0000000
28.318670	0.0000000
28.325052	0.0000000
28.331435	0.0000000
28.337818	0.0000000
28.344201	0.0000000
28.350584	0.0000000
28.356967	0.0000000
28.363349	0.0000000
28.369732	0.0000000
28.376115	0.0000000
28.382498	0.0000000
28.388881	0.0000000
28.395263	0.0000000
28.401646	0.0000000
28.408029	0.0000000
28.414412	0.0000000
28.420795	0.0000000
28.427178	0.0000000
28.433560	0.0000000
28.439943	0.0000000
28.446326	0.0000000
28.452709	0.0000000
28.459092	0.0000000
28.465474	0.0000000
28.471857	0.0000000
28.478240	0.0000000
28.484623	0.0000000
28.491006	0.0000000
28.497389	0.0000000
28.503771	0.0000000
28.510154	0.0000000
28.516537	0.0000000
28.522920	0.0000000
28.529303	0.0000000
28.535685	0.0000000
28.542068	0.0000000
28.548451	0.0000000
28.554834	0.0000000
28.561217	0.0000000
28.567600	0.0000000
28.573982	0.0000000
28.580365	0.0000000
28.586748	0.0000000
28.593131	0.0000000
28.599514	0.0000000
28.605896	0.0000000
28.612279	0.0000000
28.618662	0.0000000
28.625045	0.0000000
28.631428	0.0000000
28.637811	0.0000000
28.644193	0.0000000
28.650576	0.0000000
28.656959	0.0000000
28.663342	0.0000000
28.669725	0.0000000
28.676107	0.0000000
28.682490	0.0000000
28.688873	0.0000000
28.695256	0.0000000
28.701639	0.0000000
28.708022	0.0000000
28.714404	0.0000000
28.720787	0.0000000
28.727170	0.0000000
28.733553	0.0000000
28.739936	0.0000000
28.746318	0.0000000
28.752701	0.0000000
28.759084	0.0000000
28.765467	0.0000000
28.771850	0.0000000
28.778233	0.0000000
28.784615	0.0000000
28.790998	0.0000000
28.797381	0.0000000
28.803764	0.0000000
28.810147	0.0000000
28.816529	0.0000000
28.822912	0.0000000
28.829295	0.0000000
28.835678	0.0000000
28.842061	0.0000000
28.848444	0.0000000
28.854826	0.0000000
28.861209	0.0000000
28.867592	0.0000000
28.873975	0.0000000
28.880358	0.0000000
28.886740	0.0000000
28.893123	0.0000000
28.899506	0.0000000
28.905889	0.0000000
28.912272	0.0000000
28.918655	0.0000000
28.925037	0.0000000
28.931420	0.0000000
28.937803	0.0000000
28.944186	0.0000000
28.950569	0.0000000
28.956951	0.0000000
28.963334	0.0000000
28.969717	0.0000000
28.976100	0.0000000
28.982483	0.0000000
28.988866	0.0000000
28.995248	0.0000000
29.001631	0.0000000
29.008014	0.0000000
29.014397	0.0000000
29.020780	0.0000000
29.027162	0.0000000
29.033545	0.0000000
29.039928	0.0000000
29.046311	0.0000000
29.052694	0.0000000
29.059077	0.0000000
29.065459	0.0000000
29.071842	0.0000000
29.078225	0.0000000
29.084608	0.0000000
29.090991	0.0000000
29.097373	0.0000000
29.103756	0.0000000
29.110139	0.0000000
29.116522	0.0000000
29.122905	0.0000000
29.129288	0.0000000
29.135670	0.0000000
29.142053	0.0000000
29.148436	0.0000000
29.154819	0.0000000
29.161202	0.0000000
29.167584	0.0000000
29.173967	0.0000000
29.180350	0.0000000
29.186733	0.0000000
29.193116	0.0000000
29.199499	0.0000000
29.205881	0.0000000
29.212264	0.0000000
29.218647	0.0000000
29.225030	0.0000000
29.231413	0.0000000
29.237795	0.0000000
29.244178	0.0000000
29.250561	0.0000000
29.256944	0.0000000
29.263327	0.0000000
29.269710	0.0000000
29.276092	0.0000000
29.282475	0.0000000
29.288858	0.0000000
29.295241	0.0000000
29.301624	0.0000000
29.308006	0.0000000
29.314389	0.0000000
29.320772	0.0000000
29.327155	0.0000000
29.333538	0.0000000
29.339921	0.0000000
29.346303	0.0000000
29.352686	0.0000000
29.359069	0.0000000
29.365452	0.0000000
29.371835	0.0000000
29.378217	0.0000000
29.384600	0.0000000
29.390983	0.0000000
29.397366	0.0000000
29.403749	0.0000000
29.410132	0.0000000
29.416514	0.0000000
29.422897	0.0000000
29.429280	0.0000000
29.435663	0.0000000
29.442046	0.0000000
29.448428	0.0000000
29.454811	0.0000000
29.461194	0.0000000
29.467577	0.0000000
29.473960	0.0000000
29.480343	0.0000000
29.486725	0.0000000
29.493108	0.0000000
29.499491	0.0000000
29.505874	0.0000000
29.512257	0.0000000
29.518639	0.0000000
29.525022	0.0000000
29.531405	0.0000000
29.537788	0.0000000
29.544171	0.0000000
29.550554	0.0000000
29.556936	0.0000000
29.563319	0.0000000
29.569702	0.0000000
29.576085	0.0000000
29.582468	0.0000000
29.588850	0.0000000
29.595233	0.0000000
29.601616	0.0000000
29.607999	0.0000000
29.614382	0.0000000
29.620765	0.0000000
29.627147	0.0000000
29.633530	0.0000000
29.639913	0.0000000
29.646296	0.0000000
29.652679	0.0000000
29.659061	0.0000000
29.665444	0.0000000
29.671827	0.0000000
29.678210	0.0000000
29.684593	0.0000000
29.690976	0.0000000
29.697358	0.0000000
29.703741	0.0000000
29.710124	0.0000000
29.716507	0.0000000
29.722890	0.0000000
29.729272	0.0000000
29.735655	0.0000000
29.742038	0.0000000
29.748421	0.0000000
29.754804	0.0000000
29.761187	0.0000000
29.767569	0.0000000
29.773952	0.0000000
29.780335	0.0000000
29.786718	0.0000000
29.793101	0.0000000
29.799484	0.0000000
29.805866	0.0000000
29.812249	0.0000000
29.818632	0.0000000
29.825015	0.0000000
29.831398	0.0000000
29.837780	0.0000000
29.844163	0.0000000
29.850546	0.0000000
29.856929	0.0000000
29.863312	0.0000000
29.869695	0.0000000
29.876077	0.0000000
29.882460	0.0000000
29.888843	0.0000000
29.895226	0.0000000
29.901609	0.0000000
29.907991	0.0000000
29.914374	0.0000000
29.920757	0.0000000
29.927140	0.0000000
29.933523	0.0000000
29.939906	0.0000000
29.946288	0.0000000
29.952671	0.0000000
29.959054	0.0000000
29.965437	0.0000000
29.971820	0.0000000
29.978202	0.0000000
29.984585	0.0000000
29.990968	0.0000000
29.997351	0.0000000
30.003734	0.0000000
30.010117	0.0000000
30.016499	0.0000000
30.022882	0.0000000
30.029265	0.0000000
30.035648	0.0000000
30.042031	0.0000000
30.048413	0.0000000
30.054796	0.0000000
30.061179	0.0000000
30.067562	0.0000000
30.073945	0.0000000
30.080328	0.0000000
30.086710	0.0000000
30.093093	0.0000000
30.099476	0.0000000
30.105859	0.0000000
30.112242	0.0000000
30.118624	0.0000000
30.125007	0.0000000
30.131390	0.0000000
30.137773	0.0000000
30.144156	0.0000000
30.150539	0.0000000
30.156921	0.0000000
30.163304	0.0000000
30.169687	0.0000000
30.176070	0.0000000
30.182453	0.0000000
30.188835	0.0000000
30.195218	0.0000000
30.201601	0.0000000
30.207984	0.0000000
30.214367	0.0000000
30.220750	0.0000000
30.227132	0.0000000
30.233515	0.0000000
30.239898	0.0000000
30.246281	0.0000000
30.252664	0.0000000
30.259046	0.0000000
30.265429	0.0000000
30.271812	0.0000000
30.278195	0.0000000
30.284578	0.0000000
30.290961	0.0000000
30.297343	0.0000000
30.303726	0.0000000
30.310109	0.0000000
30.316492	0.0000000
30.322875	0.0000000
30.329257	0.0000000
30.335640	0.0000000
30.342023	0.0000000
30.348406	0.0000000
30.354789	0.0000000
30.361172	0.0000000
30.367554	0.0000000
30.373937	0.0000000
30.380320	0.0000000
30.386703	0.0000000
30.393086	0.0000000
30.399468	0.0000000
30.405851	0.0000000
30.412234	0.0000000
30.418617	0.0000000
30.425000	0.0000000
30.431383	0.0000000
30.437765	0.0000000
30.444148	0.0000000
30.450531	0.0000000
30.456914	0.0000000
30.463297	0.0000000
30.469679	0.0000000
30.476062	0.0000000
30.482445	0.0000000
30.488828	0.0000000
30.495211	0.0000000
30.501594	0.0000000
30.507976	0.0000000
30.514359	0.0000000
30.520742	0.0000000
30.527125	0.0000000
30.533508	0.0000000
30.539890	0.0000000
30.546273	0.0000000
30.552656	0.0000000
30.559039	0.0000000
30.565422	0.0000000
30.571805	0.0000000
30.578187	0.0000000
30.584570	0.0000000
30.590953	0.0000000
30.597336	0.0000000
30.603719	0.0000000
30.610101	0.0000000
30.616484	0.0000000
30.622867	0.0000000
30.629250	0.0000000
30.635633	0.0000000
30.642016	0.0000000
30.648398	0.0000000
30.654781	0.0000000
30.661164	0.0000000
30.667547	0.0000000
30.673930	0.0000000
30.680312	0.0000000
30.686695	0.0000000
30.693078	0.0000000
30.699461	0.0000000
30.705844	0.0000000
30.712227	0.0000000
30.718609	0.0000000
30.724992	0.0000000
30.731375	0.0000000
30.737758	0.0000000
30.744141	0.0000000
30.750523	0.0000000
30.756906	0.0000000
30.763289	0.0000000
30.769672	0.0000000
30.776055	0.0000000
30.782438	0.0000000
30.788820	0.0000000
30.795203	0.0000000
30.801586	0.0000000
30.807969	0.0000000
30.814352	0.0000000
30.820734	0.0000000
30.827117	0.0000000
30.833500	0.0000000
30.839883	0.0000000
30.846266	0.0000000
30.852649	0.0000000
30.859031	0.0000000
30.865414	0.0000000
30.871797	0.0000000
30.878180	0.0000000
30.884563	0.0000000
30.890945	0.0000000
30.897328	0.0000000
30.903711	0.0000000
30.910094	0.0000000
30.916477	0.0000000
30.922860	0.0000000
30.929242	0.0000000
30.935625	0.0000000
30.942008	0.0000000
30.948391	0.0000000
30.954774	0.0000000
30.961156	0.0000000
30.967539	0.0000000
30.973922	0.0000000
30.980305	0.0000000
30.986688	0.0000000
30.993071	0.0000000
30.999453	0.0000000
31.005836	0.0000000
31.012219	0.0000000
31.018602	0.0000000
31.024985	0.0000000
31.031367	0.0000000
31.037750	0.0000000
31.044133	0.0000000
31.050516	0.0000000
31.056899	0.0000000
31.063282	0.0000000
31.069664	0.0000000
31.076047	0.0000000
31.082430	0.0000000
31.088813	0.0000000
31.095196	0.0000000
31.101578	0.0000000
31.107961	0.0000000
31.114344	0.0000000
31.120727	0.0000000
31.127110	0.0000000
31.133493	0.0000000
31.139875	0.0000000
31.146258	0.0000000
31.152641	0.0000000
31.159024	0.0000000
31.165407	0.0000000
31.171789	0.0000000
31.178172	0.0000000
31.184555	0.0000000
31.190938	0.0000000
31.197321	0.0000000
31.203704	0.0000000
31.210086	0.0000000
31.216469	0.0000000
31.222852	0.0000000
31.229235	0.0000000
31.235618	0.0000000
31.242000	0.0000000
31.248383	0.0000000
31.254766	0.0000000
31.261149	0.0000000
31.267532	0.0000000
31.273915	0.0000000
31.280297	0.0000000
31.286680	0.0000000
31.293063	0.0000000
31.299446	0.0000000
31.305829	0.0000000
31.312211	0.0000000
31.318594	0.0000000
31.324977	0.0000000
31.331360	0.0000000
31.337743	0.0000000
31.344126	0.0000000
31.350508	0.0000000
31.356891	0.0000000
31.363274	0.0000000
31.369657	0.0000000
31.376040	0.0000000
31.382422	0.0000000
31.388805	0.0000000
31.395188	0.0000000
31.401571	0.0000000
31.407954	0.0000000
31.414337	0.0000000
31.420719	0.0000000
31.427102	0.0000000
31.433485	0.0000000
31.439868	0.0000000
31.446251	0.0000000
31.452633	0.0000000
31.459016	0.0000000
31.465399	0.0000000
31.471782	0.0000000
31.478165	0.0000000
31.484548	0.0000000
31.490930	0.0000000
31.497313	0.0000000
31.503696	0.0000000
31.510079	0.0000000
31.516462	0.0000000
31.522844	0.0000000
31.529227	0.0000000
31.535610	0.0000000
31.541993	0.0000000
31.548376	0.0000000
31.554759	0.0000000
31.561141	0.0000000
31.567524	0.0000000
31.573907	0.0000000
31.580290	0.0000000
31.586673	0.0000000
31.593055	0.0000000
31.599438	0.0000000
31.605821	0.0000000
31.612204	0.0000000
31.618587	0.0000000
31.624970	0.0000000
31.631352	0.0000000
31.637735	0.0000000
31.644118	0.0000000
31.650501	0.0000000
31.656884	0.0000000
31.663266	0.0000000
31.669649	0.0000000
31.676032	0.0000000
31.682415	0.0000000
31.688798	0.0000000
31.695181	0.0000000
31.701563	0.0000000
31.707946	0.0000000
31.714329	0.0000000
31.720712	0.0000000
31.727095	0.0000000
31.733477	0.0000000
31.739860	0.0000000
31.746243	0.0000000
31.752626	0.0000000
31.759009	0.0000000
31.765392	0.0000000
31.771774	0.0000000
31.778157	0.0000000
31.784540	0.0000000
31.790923	0.0000000
31.797306	0.0000000
31.803688	0.0000000
31.810071	0.0000000
31.816454	0.0000000
31.822837	0.0000000
31.829220	0.0000000
31.835603	0.0000000
31.841985	0.0000000
31.848368	0.0000000
31.854751	0.0000000
31.861134	0.0000000
31.867517	0.0000000
31.873899	0.0000000
31.880282	0.0000000
31.886665	0.0000000
31.893048	0.0000000
31.899431	0.0000000
31.905814	0.0000000
31.912196	0.0000000
31.918579	0.0000000
