0.010870201	0.0000000
0.017253020	0.0000000
0.023635838	0.0000000
0.030018656	0.0000000
0.036401475	0.0000000
0.042784293	0.0000000
0.049167111	0.0000000
0.055549930	0.0000000
0.061932748	0.0000000
0.068315566	0.0000000
0.074698385	0.0000000
0.081081203	0.0000000
0.087464022	0.0000000
0.093846840	0.0000000
0.10022966	0.0000000
0.10661248	0.0000000
0.11299529	0.0000000
0.11937811	0.0000000
0.12576093	0.0000000
0.13214375	0.0000000
0.13852657	0.0000000
0.14490939	0.0000000
0.15129221	0.0000000
0.15767502	0.0000000
0.16405784	0.0000000
0.17044066	0.0000000
0.17682348	0.0000000
0.18320630	0.0000000
0.18958912	0.0000000
0.19597193	0.0000000
0.20235475	7296.9627
0.20873757	7539.9154
0.21512039	6562.3061
0.22150321	4775.9846
0.22788603	4083.3852
0.23426884	2953.8697
0.24065166	1788.9310
0.24703448	836.89374
0.25341730	47.006817
0.25980012	-492.07545
0.26618294	-985.76159
0.27256575	-1406.8034
0.27894857	-1792.5762
0.28533139	-1990.7077
0.29171421	-2141.3678
0.29809703	-2290.7590
0.30447985	-2480.7650
0.31086266	-2745.5521
0.31724548	-2790.5881
0.32362830	-2997.0051
0.33001112	-3344.6405
0.33639394	-3398.1873
0.34277676	-3549.0782
0.34915957	-3446.1932
0.35554239	-3659.5670
0.36192521	-3433.8265
0.36830803	-3493.2990
0.37469085	-3330.8410
0.38107367	-2987.8585
0.38745648	-2639.3868
0.39383930	-2226.8656
0.40022212	-2141.9860
0.40660494	-2028.0684
0.41298776	-2170.6901
0.41937058	-2246.8276
0.42575339	-2361.5426
0.43213621	-2366.0823
0.43851903	-2337.1230
0.44490185	-2449.9646
0.45128467	-2556.7486
0.45766749	-2654.7523
0.46405030	-2673.2150
0.47043312	-2669.3511
0.47681594	-2662.0113
0.48319876	-2584.0238
0.48958158	-2514.9802
0.49596440	-2435.8559
0.50234722	-2485.8819
0.50873003	-2478.1543
0.51511285	-2512.9307
0.52149567	-2465.6286
0.52787849	-2394.6060
0.53426131	-2305.1430
0.54064413	-2214.1361
0.54702694	-2142.3800
0.55340976	-2144.5153
0.55979258	-2120.6215
0.56617540	-2073.3608
0.57255822	-1946.1614
0.57894104	-1841.3186
0.58532385	-1715.5693
0.59170667	-1538.3073
0.59808949	-1422.1546
0.60447231	-1262.4967
0.61085513	-1121.7994
0.61723795	-856.49263
0.62362076	-679.84632
0.63000358	-476.76337
0.63638640	-324.03446
0.64276922	-151.11298
0.64915204	-83.446717
0.65553486	-68.995362
0.66191767	-72.204417
0.66830049	-68.865894
0.67468331	-47.997660
0.68106613	-182.06665
0.68744895	-272.20804
0.69383177	-303.25221
0.70021458	-266.52940
0.70659740	-171.23534
0.71298022	-126.50722
0.71936304	-113.31048
0.72574586	-99.232814
0.73212868	-49.908953
0.73851149	55.723216
0.74489431	118.48568
0.75127713	220.35332
0.75765995	316.49749
0.76404277	439.36428
0.77042559	600.48566
0.77680840	802.56698
0.78319122	1026.9627
0.78957404	1258.8847
0.79595686	1517.7430
0.80233968	1830.2630
0.80872250	2168.6168
0.81510531	2576.6947
0.82148813	2838.7505
0.82787095	3070.7670
0.83425377	3289.9826
0.84063659	3478.1246
0.84701941	3637.5095
0.85340223	3581.3896
0.85978504	3428.3003
0.86616786	3270.0209
0.87255068	3139.2089
0.87893350	3063.3035
0.88531632	2876.5035
0.89169914	2701.6230
0.89808195	2557.5373
0.90446477	2462.3471
0.91084759	2464.6894
0.91723041	2495.5212
0.92361323	2582.9242
0.92999605	2637.8483
0.93637886	2749.8223
0.94276168	2811.6568
0.94914450	2831.7315
0.95552732	2916.9892
0.96191014	2987.2398
0.96829296	3173.2434
0.97467577	3249.1406
0.98105859	3303.6530
0.98744141	3335.7145
0.99382423	3385.0192
1.0002070	3449.1357
1.0065899	3604.8565
1.0129727	3830.5397
1.0193555	3971.5936
1.0257383	4083.3595
1.0321211	4135.3073
1.0385040	4191.7132
1.0448868	4310.5099
1.0512696	4473.4034
1.0576524	4661.7048
1.0640352	4787.7500
1.0704180	4956.4016
1.0768009	5084.3458
1.0831837	5294.1923
1.0895665	5471.8337
1.0959493	5593.6290
1.1023321	5796.0325
1.1087150	5982.3374
1.1150978	6258.8812
1.1214806	6553.4282
1.1278634	6959.1475
1.1342462	7547.5958
1.1406291	8344.0930
1.1470119	9736.7295
1.1533947	11716.867
1.1597775	15119.123
1.1661603	20745.876
1.1725431	29366.326
1.1789260	43810.852
1.1853088	59775.321
1.1916916	81425.373
1.1980744	101244.39
1.2044572	119808.09
1.2108401	136157.89
1.2172229	147782.43
1.2236057	157607.23
1.2299885	162315.38
1.2363713	162066.14
1.2427541	155595.87
1.2491370	143110.38
1.2555198	125088.61
1.2619026	106479.66
1.2682854	85218.974
1.2746682	66925.469
1.2810511	51023.487
1.2874339	38288.582
1.2938167	29091.947
1.3001995	22984.623
1.3065823	19529.523
1.3129651	17846.378
1.3193480	17511.854
1.3257308	18281.962
1.3321136	20070.661
1.3384964	23505.783
1.3448792	29728.596
1.3512621	39500.910
1.3576449	58565.800
1.3640277	86365.271
1.3704105	132062.82
1.3767933	191139.63
1.3831761	257487.95
1.3895590	330952.17
1.3959418	391497.87
1.4023246	448639.56
1.4087074	489471.09
1.4150902	521456.49
1.4214731	540279.18
1.4278559	541449.42
1.4342387	518357.14
1.4406215	479212.33
1.4470043	417311.54
1.4533872	348915.37
1.4597700	281258.26
1.4661528	211407.86
1.4725356	158690.12
1.4789184	110462.35
1.4853012	79258.540
1.4916841	56006.903
1.4980669	42925.419
1.5044497	36591.090
1.5108325	34945.573
1.5172153	37500.577
1.5235982	45800.493
1.5299810	60935.949
1.5363638	85857.333
1.5427466	123438.36
1.5491294	166216.39
1.5555122	217911.36
1.5618951	263522.26
1.5682779	305518.84
1.5746607	339576.75
1.5810435	364829.78
1.5874263	383507.67
1.5938092	390083.11
1.6001920	382771.08
1.6065748	360809.15
1.6129576	323681.94
1.6193404	277951.53
1.6257232	229904.09
1.6321061	180847.52
1.6384889	139823.27
1.6448717	104341.06
1.6512545	79319.324
1.6576373	61504.441
1.6640202	52640.850
1.6704030	50471.618
1.6767858	55678.637
1.6831686	67158.457
1.6895514	90321.490
1.6959342	119633.02
1.7023171	158627.74
1.7086999	199991.61
1.7150827	237699.60
1.7214655	273299.70
1.7278483	298671.71
1.7342312	320456.41
1.7406140	333580.93
1.7469968	337994.97
1.7533796	329989.53
1.7597624	310910.89
1.7661453	275801.53
1.7725281	238711.04
1.7789109	195550.40
1.7852937	154394.42
1.7916765	119399.85
1.7980593	87606.963
1.8044422	66048.689
1.8108250	48885.913
1.8172078	38953.450
1.8235906	32533.997
1.8299734	29043.823
1.8363563	27074.856
1.8427391	25948.969
1.8491219	25402.565
1.8555047	25079.983
1.8618875	24908.878
1.8682703	24825.734
1.8746532	24830.384
1.8810360	25017.642
1.8874188	25514.962
1.8938016	26315.744
1.9001844	27599.716
1.9065673	29318.594
1.9129501	31762.737
1.9193329	35081.661
1.9257157	39412.011
1.9320985	45422.229
1.9384813	52116.467
1.9448642	60955.345
1.9512470	71359.805
1.9576298	85626.588
1.9640126	104532.86
1.9703954	125876.14
1.9767783	151895.53
1.9831611	174088.17
1.9895439	194459.51
1.9959267	208764.38
2.0023095	218801.77
2.0086923	224472.99
2.0150752	225538.27
2.0214580	220138.51
2.0278408	208745.04
2.0342236	189931.89
2.0406064	165911.05
2.0469893	141762.09
2.0533721	114290.38
2.0597549	92549.407
2.0661377	71926.629
2.0725205	56766.586
2.0789034	45117.253
2.0852862	37410.855
2.0916690	32996.517
2.0980518	30280.560
2.1044346	29016.823
2.1108174	28348.667
2.1172003	28278.045
2.1235831	28574.842
2.1299659	29441.050
2.1363487	30809.022
2.1427315	33002.680
2.1491144	35506.003
2.1554972	38339.297
2.1618800	41184.170
2.1682628	43685.678
2.1746456	45871.188
2.1810284	47555.436
2.1874113	48784.396
2.1937941	49279.465
2.2001769	48772.548
2.2065597	47250.285
2.2129425	44847.248
2.2193254	41598.599
2.2257082	38261.495
2.2320910	34649.050
2.2384738	31702.433
2.2448566	29179.208
2.2512394	27369.161
2.2576223	26161.237
2.2640051	25588.723
2.2703879	25738.228
2.2767707	26727.870
2.2831535	28607.629
2.2895364	32110.207
2.2959192	38399.240
2.3023020	48264.255
2.3086848	66344.740
2.3150676	89024.350
2.3214504	120908.54
2.3278333	154615.13
2.3342161	187490.89
2.3405989	218873.59
2.3469817	242194.51
2.3533645	263102.80
2.3597474	276650.13
2.3661302	283873.60
2.3725130	281597.78
2.3788958	268868.34
2.3852786	244653.18
2.3916615	216422.74
2.3980443	182355.63
2.4044271	151112.96
2.4108099	124217.52
2.4171927	103218.13
2.4235755	89668.248
2.4299584	83034.654
2.4363412	81517.910
2.4427240	83235.806
2.4491068	86190.773
2.4554896	89225.148
2.4618725	91830.538
2.4682553	93239.941
2.4746381	92744.588
2.4810209	89980.804
2.4874037	84362.959
2.4937865	77569.797
2.5001694	69844.573
2.5065522	62742.722
2.5129350	57838.353
2.5193178	55813.482
2.5257006	56855.020
2.5320835	60988.933
2.5384663	66468.269
2.5448491	72419.439
2.5512319	78156.656
2.5576147	82732.443
2.5639975	86704.712
2.5703804	88768.568
2.5767632	88753.956
2.5831460	86107.209
2.5895288	81061.248
2.5959116	73371.404
2.6022945	65729.121
2.6086773	57130.722
2.6150601	50290.713
2.6214429	45014.151
2.6278257	41604.802
2.6342085	39865.936
2.6405914	39511.146
2.6469742	39936.606
2.6533570	40828.684
2.6597398	41675.310
2.6661226	42295.300
2.6725055	42519.400
2.6788883	42028.213
2.6852711	40722.333
2.6916539	38807.423
2.6980367	36265.798
2.7044196	33698.014
2.7108024	31052.018
2.7171852	28671.910
2.7235680	26638.487
2.7299508	25059.879
2.7363336	24024.823
2.7427165	23344.027
2.7490993	22958.413
2.7554821	22776.562
2.7618649	22763.745
2.7682477	22912.694
2.7746306	23323.385
2.7810134	23839.626
2.7873962	24692.473
2.7937790	25578.740
2.8001618	26469.914
2.8065446	27365.500
2.8129275	28113.597
2.8193103	28899.098
2.8256931	29429.397
2.8320759	29860.224
2.8384587	30098.411
2.8448416	30117.806
2.8512244	29915.071
2.8576072	29704.875
2.8639900	29539.811
2.8703728	29724.226
2.8767556	30497.044
2.8831385	32217.829
2.8895213	35072.756
2.8959041	39190.471
2.9022869	43848.920
2.9086697	49088.433
2.9150526	53750.898
2.9214354	57718.061
2.9278182	60896.673
2.9342010	63300.858
2.9405838	64833.437
2.9469666	65133.977
2.9533495	63768.917
2.9597323	61244.527
2.9661151	57505.648
2.9724979	53651.067
2.9788807	50249.351
2.9852636	47433.094
2.9916464	45631.072
2.9980292	44528.514
3.0044120	44129.011
3.0107948	44194.899
3.0171777	44783.994
3.0235605	45598.955
3.0299433	46530.966
3.0363261	47196.455
3.0427089	47845.411
3.0490917	48674.247
3.0554746	50305.493
3.0618574	53118.787
3.0682402	56869.821
3.0746230	61728.488
3.0810058	66329.754
3.0873887	70982.717
3.0937715	75017.826
3.1001543	78436.387
3.1065371	81417.170
3.1129199	83495.249
3.1193027	84933.528
3.1256856	86044.944
3.1320684	88189.565
3.1384512	92335.408
3.1448340	99720.548
3.1512168	109581.69
3.1575997	120489.63
3.1639825	131681.38
3.1703653	140955.16
3.1767481	149305.07
3.1831309	155640.38
3.1895137	159996.65
3.1958966	160938.72
3.2022794	157772.12
3.2086622	149857.64
3.2150450	140293.04
3.2214278	128536.72
3.2278107	118038.51
3.2341935	108864.38
3.2405763	101255.60
3.2469591	95787.098
3.2533419	91905.098
3.2597247	89835.491
3.2661076	88736.065
3.2724904	87894.042
3.2788732	86071.157
3.2852560	82699.076
3.2916388	78336.098
3.2980217	72783.522
3.3044045	67549.660
3.3107873	62592.968
3.3171701	58398.362
3.3235529	55325.814
3.3299357	53273.928
3.3363186	52233.667
3.3427014	52167.266
3.3490842	52569.178
3.3554670	52961.530
3.3618498	53050.890
3.3682327	52783.703
3.3746155	52219.885
3.3809983	51536.049
3.3873811	50867.122
3.3937639	50397.934
3.4001468	50267.830
3.4065296	50496.611
3.4129124	51304.918
3.4192952	52989.981
3.4256780	55722.679
3.4320608	60720.334
3.4384437	67593.137
3.4448265	78154.010
3.4512093	91254.286
3.4575921	105745.21
3.4639749	121141.87
3.4703578	133871.44
3.4767406	145181.10
3.4831234	153235.76
3.4895062	158966.36
3.4958890	161799.28
3.5022718	160608.23
3.5086547	154676.43
3.5150375	144815.97
3.5214203	130848.04
3.5278031	115935.33
3.5341859	100545.93
3.5405688	86113.487
3.5469516	73602.613
3.5533344	63509.235
3.5597172	56133.006
3.5661000	50914.560
3.5724828	47793.625
3.5788657	45721.076
3.5852485	44492.095
3.5916313	43616.151
3.5980141	43031.988
3.6043969	42785.252
3.6107798	42978.565
3.6171626	43637.934
3.6235454	45094.720
3.6299282	47497.562
3.6363110	51190.954
3.6426938	57502.609
3.6490767	66504.377
3.6554595	81512.894
3.6618423	99960.210
3.6682251	122951.05
3.6746079	147605.64
3.6809908	170016.29
3.6873736	190367.12
3.6937564	206055.87
3.7001392	218644.88
3.7065220	226585.73
3.7129049	228780.39
3.7192877	224244.20
3.7256705	212063.54
3.7320533	193093.42
3.7384361	171509.18
3.7448189	146703.85
3.7512018	124622.17
3.7575846	103832.33
3.7639674	87557.305
3.7703502	74639.032
3.7767330	65889.498
3.7831159	60666.341
3.7894987	58124.723
3.7958815	57776.529
3.8022643	58804.184
3.8086471	60693.708
3.8150299	62861.546
3.8214128	65170.786
3.8277956	67118.209
3.8341784	69121.230
3.8405612	70805.091
3.8469440	72413.137
3.8533269	73804.451
3.8597097	74925.626
3.8660925	75975.336
3.8724753	76923.469
3.8788581	77649.779
3.8852409	78072.481
3.8916238	78186.588
3.8980066	78176.598
3.9043894	77930.567
3.9107722	77439.794
3.9171550	76162.656
3.9235379	73818.655
3.9299207	70705.221
3.9363035	66555.096
3.9426863	62405.573
3.9490691	58388.876
3.9554519	54950.579
3.9618348	52582.326
3.9682176	51657.300
3.9746004	52703.292
3.9809832	56622.489
3.9873660	63354.166
3.9937489	72862.296
4.0001317	84931.067
4.0065145	96701.554
4.0128973	108750.73
4.0192801	118376.38
4.0256630	126869.72
4.0320458	133394.86
4.0384286	137289.38
4.0448114	138120.22
4.0511942	135105.61
4.0575770	128119.06
4.0639599	118738.50
4.0703427	107214.77
4.0767255	95555.383
4.0831083	84169.642
4.0894911	74238.117
4.0958740	66062.344
4.1022568	59659.598
4.1086396	55274.082
4.1150224	52012.822
4.1214052	49984.169
4.1277880	48451.312
4.1341709	47352.786
4.1405537	46619.204
4.1469365	46299.745
4.1533193	46482.190
4.1597021	47440.629
4.1660850	49344.317
4.1724678	52478.419
4.1788506	56834.403
4.1852334	61646.574
4.1916162	66923.939
4.1979990	71545.462
4.2043819	75838.470
4.2107647	79498.588
4.2171475	82920.444
4.2235303	86294.348
4.2299131	89547.593
4.2362960	92807.076
4.2426788	95558.296
4.2490616	97799.543
4.2554444	99150.940
4.2618272	99796.073
4.2682100	99712.203
4.2745929	99301.911
4.2809757	98605.081
4.2873585	97341.961
4.2937413	94860.718
4.3001241	91341.904
4.3065070	86302.317
4.3128898	80444.425
4.3192726	74536.956
4.3256554	68537.379
4.3320382	64015.115
4.3384211	60695.586
4.3448039	59336.019
4.3511867	59807.124
4.3575695	61947.477
4.3639523	64967.108
4.3703351	68362.941
4.3767180	71431.545
4.3831008	73974.387
4.3894836	75799.395
4.3958664	76978.550
4.4022492	77224.053
4.4086321	76177.157
4.4150149	73664.103
4.4213977	69983.371
4.4277805	65052.652
4.4341633	60221.904
4.4405461	55188.305
4.4469290	51155.086
4.4533118	48161.520
4.4596946	46767.279
4.4660774	46975.184
4.4724602	48895.045
4.4788431	51600.806
4.4852259	54952.383
4.4916087	58083.105
4.4979915	60775.717
4.5043743	63021.776
4.5107571	64638.425
4.5171400	65547.437
4.5235228	65447.268
4.5299056	64116.162
4.5362884	61870.457
4.5426712	58758.618
4.5490541	55284.262
4.5554369	51818.245
4.5618197	48623.581
4.5682025	46126.324
4.5745853	44191.231
4.5809681	43065.034
4.5873510	42425.405
4.5937338	42229.939
4.6001166	42322.901
4.6064994	42647.448
4.6128822	43331.256
4.6192651	44680.881
4.6256479	46725.350
4.6320307	49853.548
4.6384135	53817.662
4.6447963	58264.280
4.6511792	63012.169
4.6575620	67397.115
4.6639448	71534.259
4.6703276	75177.072
4.6767104	78767.126
4.6830932	82011.366
4.6894761	84913.507
4.6958589	87052.126
4.7022417	88118.149
4.7086245	87953.239
4.7150073	86994.515
4.7213902	85281.183
4.7277730	83597.744
4.7341558	82086.065
4.7405386	80882.833
4.7469214	79643.186
4.7533042	78042.354
4.7596871	76146.602
4.7660699	73547.608
4.7724527	70880.455
4.7788355	68273.118
4.7852183	66034.053
4.7916012	64295.855
4.7979840	62928.143
4.8043668	61706.581
4.8107496	60368.344
4.8171324	58927.564
4.8235152	57170.797
4.8298981	55376.434
4.8362809	53514.999
4.8426637	51713.135
4.8490465	49913.349
4.8554293	47971.709
4.8618122	46039.278
4.8681950	43889.147
4.8745778	41891.638
4.8809606	39959.381
4.8873434	38180.811
4.8937262	36763.381
4.9001091	35563.682
4.9064919	34805.943
4.9128747	34366.258
4.9192575	34238.890
4.9256403	34294.067
4.9320232	34419.332
4.9384060	34637.971
4.9447888	34885.936
4.9511716	35190.094
4.9575544	35564.230
4.9639373	35931.243
4.9703201	36335.858
4.9767029	36696.253
4.9830857	37058.186
4.9894685	37402.583
4.9958513	37704.217
5.0022342	38130.786
5.0086170	38588.135
5.0149998	39103.094
5.0213826	39527.581
5.0277654	39940.319
5.0341483	40394.538
5.0405311	40923.694
5.0469139	41594.232
5.0532967	42344.915
5.0596795	43207.153
5.0660623	44044.962
5.0724452	44941.487
5.0788280	45882.965
5.0852108	47077.474
5.0915936	48728.015
5.0979764	50958.569
5.1043593	54118.423
5.1107421	57392.948
5.1171249	60967.300
5.1235077	64038.117
5.1298905	66611.984
5.1362733	68747.912
5.1426562	70389.608
5.1490390	71693.418
5.1554218	72166.462
5.1618046	71674.709
5.1681874	70193.041
5.1745703	67832.661
5.1809531	64897.797
5.1873359	61942.418
5.1937187	59198.165
5.2001015	57130.190
5.2064843	55614.308
5.2128672	54581.989
5.2192500	53736.835
5.2256328	53121.438
5.2320156	52537.418
5.2383984	51987.315
5.2447813	51455.593
5.2511641	50852.305
5.2575469	50121.938
5.2639297	49204.503
5.2703125	48329.055
5.2766954	47677.376
5.2830782	47553.271
5.2894610	48248.888
5.2958438	50009.930
5.3022266	52578.146
5.3086094	55960.667
5.3149923	59412.095
5.3213751	62752.458
5.3277579	65558.741
5.3341407	67810.058
5.3405235	69346.509
5.3469064	69968.909
5.3532892	69429.149
5.3596720	67778.623
5.3660548	64882.105
5.3724376	61345.400
5.3788204	57455.879
5.3852033	53519.975
5.3915861	50281.829
5.3979689	47619.106
5.4043517	45886.877
5.4107345	45019.642
5.4171174	45209.132
5.4235002	46657.277
5.4298830	49440.648
5.4362658	53793.086
5.4426486	59538.990
5.4490314	65929.881
5.4554143	72733.387
5.4617971	78569.058
5.4681799	83746.556
5.4745627	87490.992
5.4809455	90100.000
5.4873284	91119.778
5.4937112	90232.296
5.5000940	87070.075
5.5064768	82268.283
5.5128596	75812.577
5.5192424	69037.658
5.5256253	62488.262
5.5320081	56687.803
5.5383909	52096.334
5.5447737	48702.912
5.5511565	46528.374
5.5575394	45413.504
5.5639222	45102.478
5.5703050	45343.530
5.5766878	45884.337
5.5830706	46657.009
5.5894535	47459.767
5.5958363	48098.669
5.6022191	48469.173
5.6086019	48560.120
5.6149847	48461.707
5.6213675	48202.870
5.6277504	47753.041
5.6341332	47053.297
5.6405160	46129.758
5.6468988	45026.241
5.6532816	43930.268
5.6596645	42915.064
5.6660473	42133.843
5.6724301	41586.964
5.6788129	41354.677
5.6851957	41372.190
5.6915785	41578.350
5.6979614	41841.257
5.7043442	42212.112
5.7107270	42547.980
5.7171098	42803.248
5.7234926	42839.662
5.7298755	42648.982
5.7362583	42228.342
5.7426411	41648.089
5.7490239	40947.119
5.7554067	40231.597
5.7617895	39549.422
5.7681724	38955.470
5.7745552	38461.153
5.7809380	38152.919
5.7873208	38033.649
5.7937036	38140.449
5.8000865	38494.891
5.8064693	39114.169
5.8128521	39836.132
5.8192349	40763.315
5.8256177	41737.657
5.8320005	42995.359
5.8383834	44521.197
5.8447662	46290.166
5.8511490	48227.416
5.8575318	49961.648
5.8639146	51512.720
5.8702975	52739.467
5.8766803	53752.398
5.8830631	54525.109
5.8894459	55167.491
5.8958287	55486.012
5.9022116	55367.180
5.9085944	54734.625
5.9149772	53740.510
5.9213600	52380.030
5.9277428	51130.714
5.9341256	49884.686
5.9405085	48663.886
5.9468913	47467.201
5.9532741	46341.682
5.9596569	45336.233
5.9660397	44374.158
5.9724226	43491.772
5.9788054	42681.852
5.9851882	42027.366
5.9915710	41569.275
5.9979538	41447.784
6.0043366	41740.889
6.0107195	42546.710
6.0171023	43785.386
6.0234851	45392.051
6.0298679	47050.553
6.0362507	48780.523
6.0426336	50246.082
6.0490164	51440.579
6.0553992	52227.525
6.0617820	52602.176
6.0681648	52381.294
6.0745476	51526.355
6.0809305	49941.774
6.0873133	48090.600
6.0936961	45958.028
6.1000789	44083.521
6.1064617	42457.397
6.1128446	41405.588
6.1192274	41003.847
6.1256102	41457.957
6.1319930	42735.080
6.1383758	45062.643
6.1447586	47996.867
6.1511415	51404.823
6.1575243	54749.856
6.1639071	57885.646
6.1702899	60543.047
6.1766727	62733.505
6.1830556	64314.478
6.1894384	65143.179
6.1958212	65028.438
6.2022040	63959.778
6.2085868	61849.670
6.2149696	59267.092
6.2213525	56498.819
6.2277353	53707.607
6.2341181	51217.631
6.2405009	48940.840
6.2468837	47055.591
6.2532666	45445.896
6.2596494	44215.010
6.2660322	43207.939
6.2724150	42398.565
6.2787978	41591.436
6.2851807	40842.667
6.2915635	40082.723
6.2979463	39329.551
6.3043291	38590.062
6.3107119	37849.545
6.3170947	37144.885
6.3234776	36382.340
6.3298604	35598.987
6.3362432	34848.847
6.3426260	34187.947
6.3490088	33622.283
6.3553917	33127.739
6.3617745	32722.196
6.3681573	32426.946
6.3745401	32256.630
6.3809229	32158.418
6.3873057	32122.684
6.3936886	32097.691
6.4000714	32150.557
6.4064542	32226.951
6.4128370	32299.591
6.4192198	32351.727
6.4256027	32422.487
6.4319855	32521.375
6.4383683	32690.412
6.4447511	32951.042
6.4511339	33394.059
6.4575167	34087.955
6.4638996	35025.493
6.4702824	36239.441
6.4766652	37504.952
6.4830480	38952.743
6.4894308	40351.812
6.4958137	41857.054
6.5021965	43378.206
6.5085793	44822.063
6.5149621	46037.706
6.5213449	46777.767
6.5277277	47107.315
6.5341106	47016.691
6.5404934	46624.960
6.5468762	45982.640
6.5532590	45078.726
6.5596418	44005.098
6.5660247	42818.248
6.5724075	41554.245
6.5787903	40432.990
6.5851731	39308.141
6.5915559	38392.572
6.5979388	37592.296
6.6043216	37008.742
6.6107044	36583.028
6.6170872	36260.416
6.6234700	36034.246
6.6298528	35902.439
6.6362357	35841.519
6.6426185	35864.384
6.6490013	35959.828
6.6553841	36208.358
6.6617669	36517.041
6.6681498	36874.659
6.6745326	37241.366
6.6809154	37604.746
6.6872982	37920.665
6.6936810	38158.314
6.7000638	38324.193
6.7064467	38349.078
6.7128295	38230.922
6.7192123	38013.465
6.7255951	37705.148
6.7319779	37383.570
6.7383608	37160.675
6.7447436	37115.736
6.7511264	37318.159
6.7575092	37896.572
6.7638920	38802.785
6.7702748	40194.565
6.7766577	41810.641
6.7830405	43605.192
6.7894233	45265.884
6.7958061	46708.524
6.8021889	47806.930
6.8085718	48549.164
6.8149546	48870.558
6.8213374	48682.135
6.8277202	47951.210
6.8341030	46718.448
6.8404858	45076.344
6.8468687	43311.676
6.8532515	41620.187
6.8596343	40053.139
6.8660171	38796.825
6.8723999	37931.709
6.8787828	37421.028
6.8851656	37256.274
6.8915484	37322.184
6.8979312	37468.930
6.9043140	37596.493
6.9106969	37754.894
6.9170797	37898.628
6.9234625	38006.553
6.9298453	38152.933
6.9362281	38380.969
6.9426109	38758.965
6.9489938	39230.714
6.9553766	39954.092
6.9617594	40829.325
6.9681422	41879.264
6.9745250	42895.230
6.9809079	43811.256
6.9872907	44640.189
6.9936735	45229.737
7.0000563	45647.293
7.0064391	45691.289
7.0128219	45358.998
7.0192048	44739.999
7.0255876	43870.102
7.0319704	42922.777
7.0383532	41993.969
7.0447360	41221.937
7.0511189	40757.986
7.0575017	40633.872
7.0638845	40839.543
7.0702673	41397.870
7.0766501	42130.651
7.0830329	42947.530
7.0894158	43753.341
7.0957986	44518.481
7.1021814	45247.589
7.1085642	45917.969
7.1149470	46362.376
7.1213299	46558.465
7.1277127	46510.321
7.1340955	46279.135
7.1404783	45850.478
7.1468611	45343.992
7.1532439	44806.489
7.1596268	44220.350
7.1660096	43613.524
7.1723924	42954.676
7.1787752	42327.117
7.1851580	41701.322
7.1915409	41146.471
7.1979237	40592.966
7.2043065	40106.183
7.2106893	39633.830
7.2170721	39325.942
7.2234550	39215.460
7.2298378	39348.302
7.2362206	39765.771
7.2426034	40466.046
7.2489862	41324.584
7.2553690	42329.872
7.2617519	43271.714
7.2681347	44153.832
7.2745175	44841.253
7.2809003	45346.217
7.2872831	45569.683
7.2936660	45474.364
7.3000488	45070.456
7.3064316	44410.004
7.3128144	43559.099
7.3191972	42767.409
7.3255800	42148.472
7.3319629	41967.717
7.3383457	42357.220
7.3447285	43246.519
7.3511113	44667.696
7.3574941	46414.389
7.3638770	48209.462
7.3702598	49948.881
7.3766426	51398.948
7.3830254	52637.648
7.3894082	53413.368
7.3957910	53654.509
7.4021739	53249.402
7.4085567	52177.251
7.4149395	50640.375
7.4213223	48740.696
7.4277051	46647.095
7.4340880	44686.651
7.4404708	42803.126
7.4468536	41243.032
7.4532364	39921.719
7.4596192	38946.867
7.4660020	38144.574
7.4723849	37528.518
7.4787677	37010.718
7.4851505	36552.525
7.4915333	36171.723
7.4979161	35853.334
7.5042990	35540.318
7.5106818	35218.864
7.5170646	34918.759
7.5234474	34601.384
7.5298302	34311.317
7.5362131	34078.823
7.5425959	33920.066
7.5489787	33823.041
7.5553615	33760.816
7.5617443	33765.437
7.5681271	33786.193
7.5745100	33807.882
7.5808928	33822.986
7.5872756	33839.890
7.5936584	33939.054
7.6000412	34055.889
7.6064241	34211.132
7.6128069	34348.181
7.6191897	34575.961
7.6255725	34856.352
7.6319553	35230.378
7.6383381	35729.726
7.6447210	36295.879
7.6511038	37001.203
7.6574866	37777.828
7.6638694	38563.660
7.6702522	39218.781
7.6766351	39737.416
7.6830179	40113.469
7.6894007	40320.759
7.6957835	40306.409
7.7021663	40132.649
7.7085491	39728.398
7.7149320	39156.002
7.7213148	38436.214
7.7276976	37675.365
7.7340804	36905.596
7.7404632	36218.040
7.7468461	35609.586
7.7532289	35123.743
7.7596117	34757.682
7.7659945	34506.438
7.7723773	34397.379
7.7787601	34367.833
7.7851430	34411.536
7.7915258	34477.206
7.7979086	34527.884
7.8042914	34571.300
7.8106742	34600.406
7.8170571	34579.160
7.8234399	34499.014
7.8298227	34344.151
7.8362055	34169.842
7.8425883	33943.079
7.8489712	33643.203
7.8553540	33353.376
7.8617368	33058.899
7.8681196	32862.132
7.8745024	32823.309
7.8808852	32939.571
7.8872681	33109.661
7.8936509	33321.364
7.9000337	33554.262
7.9064165	33764.424
7.9127993	33898.435
7.9191822	33960.830
7.9255650	33934.847
7.9319478	33869.391
7.9383306	33717.345
7.9447134	33511.298
7.9510962	33333.314
7.9574791	33182.728
7.9638619	33082.887
7.9702447	33070.297
7.9766275	33132.757
7.9830103	33271.010
7.9893932	33397.966
7.9957760	33518.217
8.0021588	33581.092
8.0085416	33594.934
8.0149244	33545.601
8.0213072	33479.695
8.0276901	33400.221
8.0340729	33303.141
8.0404557	33206.309
8.0468385	33143.926
8.0532213	33131.257
8.0596042	33166.490
8.0659870	33164.146
8.0723698	33178.480
8.0787526	33223.351
8.0851354	33279.114
8.0915182	33282.507
8.0979011	33174.908
8.1042839	32972.114
8.1106667	32788.372
8.1170495	32664.014
8.1234323	32620.917
8.1298152	32679.482
8.1361980	32887.271
8.1425808	33238.317
8.1489636	33682.383
8.1553464	34308.006
8.1617293	34950.795
8.1681121	35631.243
8.1744949	36208.653
8.1808777	36737.180
8.1872605	37066.612
8.1936433	37219.034
8.2000262	37137.624
8.2064090	36900.444
8.2127918	36519.838
8.2191746	36039.464
8.2255574	35460.207
8.2319403	34838.988
8.2383231	34244.762
8.2447059	33698.055
8.2510887	33215.363
8.2574715	32855.144
8.2638543	32580.455
8.2702372	32383.467
8.2766200	32225.797
8.2830028	32112.919
8.2893856	32048.589
8.2957684	32052.591
8.3021513	32039.524
8.3085341	32011.755
8.3149169	31994.362
8.3212997	31993.019
8.3276825	32012.057
8.3340653	32057.504
8.3404482	32091.073
8.3468310	32073.255
8.3532138	32093.147
8.3595966	32132.437
8.3659794	32176.565
8.3723623	32267.262
8.3787451	32492.488
8.3851279	32781.471
8.3915107	33135.802
8.3978935	33490.584
8.4042763	33878.425
8.4106592	34228.185
8.4170420	34524.045
8.4234248	34764.924
8.4298076	34872.681
8.4361904	34845.926
8.4425733	34684.522
8.4489561	34437.443
8.4553389	34065.795
8.4617217	33648.325
8.4681045	33240.104
8.4744874	32850.238
8.4808702	32442.786
8.4872530	32078.328
8.4936358	31743.955
8.5000186	31465.856
8.5064014	31197.836
8.5127843	30994.559
8.5191671	30843.544
8.5255499	30749.093
8.5319327	30664.306
8.5383155	30591.260
8.5446984	30556.791
8.5510812	30572.038
8.5574640	30612.141
8.5638468	30641.997
8.5702296	30692.179
8.5766124	30768.937
8.5829953	30905.857
8.5893781	31048.119
8.5957609	31208.435
8.6021437	31365.086
8.6085265	31559.845
8.6149094	31802.033
8.6212922	32032.461
8.6276750	32290.636
8.6340578	32501.006
8.6404406	32699.134
8.6468234	32893.538
8.6532063	33078.720
8.6595891	33187.225
8.6659719	33203.210
8.6723547	33209.740
8.6787375	33158.201
8.6851204	33062.463
8.6915032	32919.198
8.6978860	32797.644
8.7042688	32635.288
8.7106516	32503.239
8.7170344	32403.045
8.7234173	32362.079
8.7298001	32305.481
8.7361829	32253.454
8.7425657	32229.637
8.7489485	32259.494
8.7553314	32331.212
8.7617142	32486.937
8.7680970	32701.949
8.7744798	32977.976
8.7808626	33322.851
8.7872455	33671.461
8.7936283	34001.719
8.8000111	34243.674
8.8063939	34406.039
8.8127767	34480.892
8.8191595	34473.070
8.8255424	34365.985
8.8319252	34202.542
8.8383080	34004.215
8.8446908	33859.399
8.8510736	33792.400
8.8574565	33815.840
8.8638393	33909.418
8.8702221	34043.399
8.8766049	34179.170
8.8829877	34318.165
8.8893705	34410.762
8.8957534	34461.011
8.9021362	34408.627
8.9085190	34221.137
8.9149018	33919.573
8.9212846	33541.017
8.9276675	33142.682
8.9340503	32722.163
8.9404331	32321.032
8.9468159	31994.734
8.9531987	31748.517
8.9595815	31559.500
8.9659644	31410.799
8.9723472	31318.928
8.9787300	31263.878
8.9851128	31243.734
8.9914956	31291.824
8.9978785	31385.474
9.0042613	31497.307
9.0106441	31605.781
9.0170269	31789.942
9.0234097	31971.876
9.0297925	32084.459
9.0361754	32143.928
9.0425582	32168.194
9.0489410	32123.907
9.0553238	32065.214
9.0617066	31972.631
9.0680895	31841.646
9.0744723	31664.514
9.0808551	31482.280
9.0872379	31352.578
9.0936207	31274.610
9.1000035	31265.470
9.1063864	31335.887
9.1127692	31486.830
9.1191520	31736.601
9.1255348	31991.858
9.1319176	32238.770
9.1383005	32451.512
9.1446833	32607.158
9.1510661	32711.423
9.1574489	32742.928
9.1638317	32684.625
9.1702146	32570.524
9.1765974	32344.545
9.1829802	32082.423
9.1893630	31814.886
9.1957458	31573.831
9.2021286	31373.373
9.2085115	31209.804
9.2148943	31096.023
9.2212771	31012.888
9.2276599	31016.588
9.2340427	31020.158
9.2404256	31056.347
9.2468084	31069.183
9.2531912	31108.969
9.2595740	31104.395
9.2659568	31087.548
9.2723396	31072.558
9.2787225	31105.104
9.2851053	31155.927
9.2914881	31241.360
9.2978709	31431.095
9.3042537	31723.288
9.3106366	32086.272
9.3170194	32399.917
9.3234022	32713.698
9.3297850	33002.826
9.3361678	33300.522
9.3425506	33472.464
9.3489335	33496.251
9.3553163	33371.746
9.3616991	33128.449
9.3680819	32752.594
9.3744647	32322.789
9.3808476	31792.822
9.3872304	31327.653
9.3936132	30885.165
9.3999960	30501.332
9.4063788	30147.876
9.4127616	29895.423
9.4191445	29665.715
9.4255273	29478.825
9.4319101	29324.031
9.4382929	29196.265
9.4446757	29085.152
9.4510586	28970.865
9.4574414	28881.812
9.4638242	28817.409
9.4702070	28738.238
9.4765898	28679.990
9.4829727	28612.472
9.4893555	28606.429
9.4957383	28631.104
9.5021211	28671.257
9.5085039	28736.169
9.5148867	28855.753
9.5212696	29042.237
9.5276524	29202.335
9.5340352	29390.189
9.5404180	29595.265
9.5468008	29770.745
9.5531837	29938.182
9.5595665	30037.805
9.5659493	30062.480
9.5723321	30025.138
9.5787149	29926.440
9.5850977	29786.082
9.5914806	29567.687
9.5978634	29345.075
9.6042462	29114.385
9.6106290	28887.838
9.6170118	28687.830
9.6233947	28549.244
9.6297775	28426.650
9.6361603	28350.396
9.6425431	28286.278
9.6489259	28298.406
9.6553087	28362.081
9.6616916	28416.324
9.6680744	28481.591
9.6744572	28538.514
9.6808400	28594.568
9.6872228	28664.741
9.6936057	28685.926
9.6999885	28671.715
9.7063713	28627.611
9.7127541	28635.247
9.7191369	28672.683
9.7255197	28721.197
9.7319026	28746.402
9.7382854	28787.897
9.7446682	28865.702
9.7510510	28914.244
9.7574338	28942.820
9.7638167	28957.759
9.7701995	28977.179
9.7765823	28924.214
9.7829651	28835.880
9.7893479	28724.288
9.7957308	28561.200
9.8021136	28378.951
9.8084964	28207.286
9.8148792	28059.622
9.8212620	27916.903
9.8276448	27799.820
9.8340277	27710.428
9.8404105	27608.522
9.8467933	27500.213
9.8531761	27411.965
9.8595589	27369.647
9.8659418	27339.090
9.8723246	27305.846
9.8787074	27297.587
9.8850902	27290.911
9.8914730	27259.994
9.8978558	27229.766
9.9042387	27221.082
9.9106215	27208.354
9.9170043	27214.504
9.9233871	27251.265
9.9297699	27275.810
9.9361528	27281.703
9.9425356	27298.040
9.9489184	27303.900
9.9553012	27351.806
9.9616840	27400.808
9.9680668	27428.036
9.9744497	27417.539
9.9808325	27403.922
9.9872153	27391.723
9.9935981	27403.918
9.9999809	27400.680
10.006364	27364.991
10.012747	27267.921
10.019129	27186.504
10.025512	27061.509
10.031895	26995.670
10.038278	26966.015
10.044661	26937.008
10.051043	26907.185
10.057426	26915.445
10.063809	26945.683
10.070192	27004.780
10.076575	27067.964
10.082958	27140.508
10.089340	27192.559
10.095723	27262.206
10.102106	27320.521
10.108489	27345.848
10.114872	27358.398
10.121254	27393.907
10.127637	27437.963
10.134020	27471.707
10.140403	27503.024
10.146786	27578.213
10.153169	27661.486
10.159551	27738.667
10.165934	27860.305
10.172317	27948.878
10.178700	27983.928
10.185083	27987.750
10.191465	27952.237
10.197848	27885.637
10.204231	27768.258
10.210614	27620.269
10.216997	27474.617
10.223380	27324.296
10.229762	27179.463
10.236145	27044.963
10.242528	26945.573
10.248911	26863.561
10.255294	26834.585
10.261676	26840.673
10.268059	26817.240
10.274442	26798.184
10.280825	26786.290
10.287208	26796.325
10.293591	26779.175
10.299973	26735.679
10.306356	26715.496
10.312739	26731.971
10.319122	26745.093
10.325505	26780.280
10.331887	26816.149
10.338270	26856.062
10.344653	26942.590
10.351036	27008.754
10.357419	27134.521
10.363802	27245.407
10.370184	27330.815
10.376567	27390.699
10.382950	27501.845
10.389333	27584.440
10.395716	27608.873
10.402098	27598.732
10.408481	27553.500
10.414864	27458.167
10.421247	27353.129
10.427630	27257.506
10.434013	27170.448
10.440395	27064.759
10.446778	26946.074
10.453161	26864.100
10.459544	26860.070
10.465927	26885.391
10.472309	26895.181
10.478692	26891.996
10.485075	26867.511
10.491458	26874.534
10.497841	26885.576
10.504224	26902.344
10.510606	26886.444
10.516989	26903.732
10.523372	26919.608
10.529755	26960.084
10.536138	26982.766
10.542520	27033.551
10.548903	27076.599
10.555286	27108.660
10.561669	27097.623
10.568052	27083.207
10.574435	27063.561
10.580817	27055.104
10.587200	27011.776
10.593583	26897.308
10.599966	26760.873
10.606349	26646.996
10.612732	26509.653
10.619114	26408.267
10.625497	26321.984
10.631880	26273.612
10.638263	26250.046
10.644646	26247.940
10.651028	26245.737
10.657411	26276.710
10.663794	26280.296
10.670177	26297.941
10.676560	26326.376
10.682943	26341.877
10.689325	26347.923
10.695708	26360.022
10.702091	26339.254
10.708474	26322.216
10.714857	26339.038
10.721239	26320.685
10.727622	26276.185
10.734005	26257.824
10.740388	26254.092
10.746771	26283.898
10.753154	26278.331
10.759536	26252.646
10.765919	26219.070
10.772302	26209.399
10.778685	26167.138
10.785068	26109.666
10.791450	26002.483
10.797833	25907.092
10.804216	25802.212
10.810599	25758.966
10.816982	25689.211
10.823365	25591.206
10.829747	25449.826
10.836130	25364.355
10.842513	25337.851
10.848896	25335.783
10.855279	25304.971
10.861661	25264.564
10.868044	25255.402
10.874427	25269.764
10.880810	25257.205
10.887193	25225.240
10.893576	25192.131
10.899958	25227.609
10.906341	25263.809
10.912724	25309.592
10.919107	25303.725
10.925490	25311.102
10.931872	25344.391
10.938255	25391.593
10.944638	25396.620
10.951021	25391.405
10.957404	25395.104
10.963787	25391.287
10.970169	25388.517
10.976552	25407.887
10.982935	25368.631
10.989318	25326.235
10.995701	25258.074
11.002083	25215.882
11.008466	25158.294
11.014849	25117.863
11.021232	25077.257
11.027615	25026.207
11.033998	24959.430
11.040380	24916.096
11.046763	24893.640
11.053146	24896.030
11.059529	24861.254
11.065912	24837.487
11.072294	24834.656
11.078677	24810.150
11.085060	24777.690
11.091443	24760.536
11.097826	24776.302
11.104209	24728.710
11.110591	24708.970
11.116974	24715.846
11.123357	24780.970
11.129740	24832.986
11.136123	24854.993
11.142505	24888.705
11.148888	24913.547
11.155271	24955.641
11.161654	25001.809
11.168037	24991.003
11.174420	24953.461
11.180802	24904.805
11.187185	24861.667
11.193568	24846.941
11.199951	24832.541
11.206334	24798.974
11.212716	24782.552
11.219099	24758.203
11.225482	24747.772
11.231865	24748.353
11.238248	24747.664
11.244631	24727.528
11.251013	24724.764
11.257396	24731.872
11.263779	24743.164
11.270162	24767.640
11.276545	24793.411
11.282927	24816.716
11.289310	24844.380
11.295693	24892.406
11.302076	24921.087
11.308459	24928.539
11.314842	24919.519
11.321224	24890.483
11.327607	24844.695
11.333990	24775.898
11.340373	24699.112
11.346756	24604.743
11.353138	24468.512
11.359521	24349.116
11.365904	24262.758
11.372287	24170.261
11.378670	24081.433
11.385053	24010.840
11.391435	23974.458
11.397818	23923.968
11.404201	23890.986
11.410584	23845.826
11.416967	23834.355
11.423349	23813.818
11.429732	23786.989
11.436115	23783.599
11.442498	23762.536
11.448881	23747.829
11.455264	23739.571
11.461646	23782.145
11.468029	23821.473
11.474412	23837.221
11.480795	23830.987
11.487178	23870.382
11.493560	23890.295
11.499943	23890.710
11.506326	23870.397
11.512709	23885.184
11.519092	23914.045
11.525475	23909.321
11.531857	23886.845
11.538240	23860.127
11.544623	23825.977
11.551006	23771.826
11.557389	23730.159
11.563771	23680.513
11.570154	23645.145
11.576537	23622.249
11.582920	23627.422
11.589303	23632.845
11.595686	23644.981
11.602068	23647.985
11.608451	23625.534
11.614834	23620.674
11.621217	23626.004
11.627600	23578.396
11.633982	23502.595
11.640365	23490.667
11.646748	23486.944
11.653131	23484.103
11.659514	23454.580
11.665897	23438.588
11.672279	23430.822
11.678662	23404.699
11.685045	23366.415
11.691428	23358.833
11.697811	23351.676
11.704193	23318.392
11.710576	23283.258
11.716959	23270.154
11.723342	23252.517
11.729725	23237.442
11.736108	23223.345
11.742490	23208.032
11.748873	23198.764
11.755256	23201.216
11.761639	23188.627
11.768022	23171.067
11.774404	23165.885
11.780787	23163.999
11.787170	23180.796
11.793553	23213.205
11.799936	23230.637
11.806319	23239.358
11.812701	23278.968
11.819084	23341.191
11.825467	23382.381
11.831850	23403.527
11.838233	23436.977
11.844615	23477.292
11.850998	23481.466
11.857381	23513.511
11.863764	23518.972
11.870147	23523.502
11.876530	23471.621
11.882912	23465.267
11.889295	23453.388
11.895678	23437.918
11.902061	23397.650
11.908444	23362.932
11.914826	23358.582
11.921209	23339.208
11.927592	23314.432
11.933975	23307.969
11.940358	23307.988
11.946741	23321.697
11.953123	23342.901
11.959506	23377.355
11.965889	23375.324
11.972272	23353.042
11.978655	23371.090
11.985037	23357.860
11.991420	23352.068
11.997803	23365.655
12.004186	23398.953
12.010569	23395.391
12.016952	23374.827
12.023334	23351.017
12.029717	23344.961
12.036100	23344.194
12.042483	23323.925
12.048866	23349.829
12.055248	23345.733
12.061631	23349.303
12.068014	23348.919
12.074397	23355.038
12.080780	23370.339
12.087163	23365.398
12.093545	23366.400
12.099928	23367.834
12.106311	23339.320
12.112694	23292.357
12.119077	23259.816
12.125459	23256.698
12.131842	23259.133
12.138225	23211.679
12.144608	23139.132
12.150991	23113.478
12.157374	23107.580
12.163756	23118.986
12.170139	23099.643
12.176522	23100.659
12.182905	23100.590
12.189288	23086.287
12.195670	23076.431
12.202053	23097.097
12.208436	23131.762
12.214819	23112.916
12.221202	23094.804
12.227585	23094.161
12.233967	23096.047
12.240350	23080.360
12.246733	23064.239
12.253116	23025.707
12.259499	23024.325
12.265881	23040.568
12.272264	23025.237
12.278647	23027.313
12.285030	23040.990
12.291413	23051.097
12.297796	23028.430
12.304178	23036.000
12.310561	23046.635
12.316944	23046.725
12.323327	23056.080
12.329710	23052.536
12.336092	23049.451
12.342475	23017.082
12.348858	23005.924
12.355241	23010.068
12.361624	22999.128
12.368007	23000.899
12.374389	22963.854
12.380772	22896.361
12.387155	22840.372
12.393538	22777.913
12.399921	22725.663
12.406303	22645.817
12.412686	22587.962
12.419069	22580.754
12.425452	22587.251
12.431835	22594.383
12.438218	22571.886
12.444600	22537.231
12.450983	22517.317
12.457366	22536.430
12.463749	22555.216
12.470132	22542.692
12.476514	22512.225
12.482897	22484.763
12.489280	22503.034
12.495663	22502.218
12.502046	22488.565
12.508429	22467.181
12.514811	22452.028
12.521194	22423.178
12.527577	22390.800
12.533960	22369.260
12.540343	22357.400
12.546725	22374.352
12.553108	22363.292
12.559491	22344.307
12.565874	22295.040
12.572257	22249.348
12.578640	22223.051
12.585022	22212.395
12.591405	22199.236
12.597788	22167.208
12.604171	22169.144
12.610554	22156.880
12.616936	22156.347
12.623319	22131.342
12.629702	22092.071
12.636085	22094.729
12.642468	22091.751
12.648851	22089.415
12.655233	22071.004
12.661616	22050.003
12.667999	22006.631
12.674382	22001.687
12.680765	21991.839
12.687147	22003.705
12.693530	21990.297
12.699913	21932.319
12.706296	21918.246
12.712679	21889.252
12.719062	21834.916
12.725444	21787.807
12.731827	21763.823
12.738210	21726.446
12.744593	21673.251
12.750976	21594.841
12.757358	21557.245
12.763741	21552.268
12.770124	21564.384
12.776507	21553.105
12.782890	21526.108
12.789273	21536.001
12.795655	21539.951
12.802038	21556.529
12.808421	21538.548
12.814804	21530.261
12.821187	21533.093
12.827569	21555.402
12.833952	21546.813
12.840335	21545.078
12.846718	21522.611
12.853101	21487.200
12.859484	21474.291
12.865866	21453.614
12.872249	21428.560
12.878632	21412.298
12.885015	21380.585
12.891398	21378.022
12.897780	21382.699
12.904163	21363.573
12.910546	21297.305
12.916929	21269.084
12.923312	21273.031
12.929695	21242.689
12.936077	21222.820
12.942460	21241.250
12.948843	21258.409
12.955226	21230.592
12.961609	21203.577
12.967991	21221.641
12.974374	21243.668
12.980757	21244.883
12.987140	21201.428
12.993523	21139.310
12.999906	21125.218
13.006288	21127.922
13.012671	21106.914
13.019054	21063.102
13.025437	20998.719
13.031820	20940.016
13.038202	20931.839
13.044585	20930.191
13.050968	20913.461
13.057351	20839.997
13.063734	20803.735
13.070117	20791.580
13.076499	20790.171
13.082882	20745.980
13.089265	20728.434
13.095648	20749.809
13.102031	20737.643
13.108413	20730.587
13.114796	20740.016
13.121179	20748.996
13.127562	20750.619
13.133945	20750.596
13.140328	20772.369
13.146710	20776.511
13.153093	20738.777
13.159476	20712.194
13.165859	20688.660
13.172242	20667.238
13.178624	20670.826
13.185007	20677.670
13.191390	20648.578
13.197773	20620.449
13.204156	20618.368
13.210539	20626.853
13.216921	20591.001
13.223304	20539.224
13.229687	20514.059
13.236070	20506.078
13.242453	20519.595
13.248835	20507.182
13.255218	20459.335
13.261601	20438.851
13.267984	20422.801
13.274367	20409.505
13.280750	20372.199
13.287132	20363.580
13.293515	20376.762
13.299898	20365.260
13.306281	20341.832
13.312664	20340.732
13.319046	20346.030
13.325429	20346.280
13.331812	20311.657
13.338195	20283.545
13.344578	20284.542
13.350961	20291.388
13.357343	20264.279
13.363726	20223.494
13.370109	20187.621
13.376492	20175.980
13.382875	20179.871
13.389257	20166.411
13.395640	20150.935
13.402023	20166.193
13.408406	20209.174
13.414789	20255.759
13.421172	20229.855
13.427554	20215.414
13.433937	20194.818
13.440320	20178.757
13.446703	20172.983
13.453086	20162.303
13.459468	20150.703
13.465851	20123.422
13.472234	20113.567
13.478617	20112.440
13.485000	20089.251
13.491383	20084.104
13.497765	20084.261
13.504148	20068.863
13.510531	20018.372
13.516914	19992.226
13.523297	20003.365
13.529679	19960.796
13.536062	19927.818
13.542445	19920.076
13.548828	19924.552
13.555211	19939.721
13.561594	19945.436
13.567976	19929.961
13.574359	19928.270
13.580742	19921.095
13.587125	19898.679
13.593508	19878.913
13.599890	19916.377
13.606273	19954.783
13.612656	19923.485
13.619039	19898.209
13.625422	19878.528
13.631805	19853.404
13.638187	19837.913
13.644570	19832.331
13.650953	19818.410
13.657336	19776.930
13.663719	19769.506
13.670101	19788.687
13.676484	19750.451
13.682867	19731.731
13.689250	19711.016
13.695633	19743.565
13.702016	19752.533
13.708398	19768.872
13.714781	19746.173
13.721164	19746.006
13.727547	19751.911
13.733930	19755.982
13.740312	19710.318
13.746695	19698.874
13.753078	19675.748
13.759461	19670.483
13.765844	19683.909
13.772227	19732.473
13.778609	19716.317
13.784992	19676.186
13.791375	19655.597
13.797758	19637.048
13.804141	19646.400
13.810524	19652.433
13.816906	19632.972
13.823289	19598.598
13.829672	19566.049
13.836055	19579.364
13.842438	19643.772
13.848820	19666.868
13.855203	19642.009
13.861586	19611.598
13.867969	19616.332
13.874352	19606.504
13.880735	19603.967
13.887117	19600.311
13.893500	19602.941
13.899883	19584.756
13.906266	19562.201
13.912649	19566.186
13.919031	19537.303
13.925414	19517.144
13.931797	19471.715
13.938180	19472.318
13.944563	19496.621
13.950946	19459.621
13.957328	19426.549
13.963711	19449.062
13.970094	19434.698
13.976477	19382.498
13.982860	19373.237
13.989242	19395.050
13.995625	19395.687
14.002008	19391.443
14.008391	19396.324
14.014774	19367.529
14.021157	19377.096
14.027539	19405.190
14.033922	19400.556
14.040305	19360.930
14.046688	19323.644
14.053071	19306.267
14.059453	19340.743
14.065836	19346.162
14.072219	19310.520
14.078602	19286.844
14.084985	19280.334
14.091368	19302.871
14.097750	19321.207
14.104133	19310.586
14.110516	19261.357
14.116899	19233.493
14.123282	19214.417
14.129664	19208.339
14.136047	19192.876
14.142430	19194.966
14.148813	19178.860
14.155196	19159.817
14.161579	19190.381
14.167961	19215.019
14.174344	19191.354
14.180727	19191.715
14.187110	19149.260
14.193493	19128.581
14.199875	19127.177
14.206258	19143.352
14.212641	19155.439
14.219024	19149.713
14.225407	19119.777
14.231790	19045.459
14.238172	19019.587
14.244555	19037.721
14.250938	19047.407
14.257321	19022.594
14.263704	18976.119
14.270086	18980.343
14.276469	18979.384
14.282852	18932.544
14.289235	18922.117
14.295618	18941.462
14.302001	18926.769
14.308383	18909.244
14.314766	18897.114
14.321149	18865.016
14.327532	18871.712
14.333915	18875.290
14.340297	18857.288
14.346680	18839.722
14.353063	18829.676
14.359446	18831.182
14.365829	18853.893
14.372212	18877.220
14.378594	18850.945
14.384977	18820.966
14.391360	18809.009
14.397743	18795.211
14.404126	18771.673
14.410508	18778.401
14.416891	18764.209
14.423274	18727.834
14.429657	18714.409
14.436040	18712.182
14.442423	18726.258
14.448805	18731.918
14.455188	18703.929
14.461571	18697.553
14.467954	18671.212
14.474337	18621.742
14.480719	18642.619
14.487102	18642.904
14.493485	18623.458
14.499868	18609.331
14.506251	18604.429
14.512634	18601.342
14.519016	18612.631
14.525399	18637.815
14.531782	18669.065
14.538165	18640.656
14.544548	18593.552
14.550930	18572.302
14.557313	18578.477
14.563696	18618.618
14.570079	18632.572
14.576462	18603.066
14.582845	18593.957
14.589227	18594.800
14.595610	18582.325
14.601993	18571.336
14.608376	18551.122
14.614759	18535.057
14.621141	18527.508
14.627524	18518.588
14.633907	18455.420
14.640290	18447.137
14.646673	18483.884
14.653056	18488.618
14.659438	18496.537
14.665821	18491.889
14.672204	18459.321
14.678587	18432.031
14.684970	18401.033
14.691352	18403.415
14.697735	18399.806
14.704118	18400.943
14.710501	18402.114
14.716884	18397.830
14.723267	18385.756
14.729649	18359.740
14.736032	18335.812
14.742415	18308.237
14.748798	18286.898
14.755181	18314.420
14.761563	18302.416
14.767946	18251.961
14.774329	18257.910
14.780712	18257.752
14.787095	18266.208
14.793478	18278.471
14.799860	18264.725
14.806243	18232.031
14.812626	18255.955
14.819009	18257.525
14.825392	18257.123
14.831774	18265.156
14.838157	18245.703
14.844540	18246.675
14.850923	18230.613
14.857306	18225.740
14.863689	18194.090
14.870071	18156.255
14.876454	18137.927
14.882837	18182.759
14.889220	18221.809
14.895603	18191.778
14.901985	18155.877
14.908368	18164.963
14.914751	18160.414
14.921134	18131.836
14.927517	18132.145
14.933900	18143.926
14.940282	18123.791
14.946665	18126.320
14.953048	18124.079
14.959431	18096.678
14.965814	18102.535
14.972196	18098.562
14.978579	18096.960
14.984962	18047.918
14.991345	18020.375
14.997728	18014.038
15.004111	18007.202
15.010493	18020.319
15.016876	18034.797
15.023259	18021.376
15.029642	18047.778
15.036025	18039.963
15.042407	18026.299
15.048790	18034.682
15.055173	18016.472
15.061556	18016.893
15.067939	18042.801
15.074322	18044.139
15.080704	18031.317
15.087087	17998.613
15.093470	17937.367
15.099853	17924.118
15.106236	17944.046
15.112618	17958.275
15.119001	17971.619
15.125384	17984.716
15.131767	17987.373
15.138150	17948.293
15.144533	17919.244
15.150915	17930.373
15.157298	17940.062
15.163681	17965.302
15.170064	17964.707
15.176447	17930.990
15.182829	17926.363
15.189212	17916.310
15.195595	17929.521
15.201978	17923.735
15.208361	17896.571
15.214744	17895.282
15.221126	17917.173
15.227509	17913.689
15.233892	17903.202
15.240275	17908.100
15.246658	17947.248
15.253040	17947.969
15.259423	17902.066
15.265806	17875.085
15.272189	17870.852
15.278572	17916.662
15.284955	17942.008
15.291337	17914.295
15.297720	17873.672
15.304103	17883.832
15.310486	17895.977
15.316869	17904.337
15.323251	17906.424
15.329634	17888.871
15.336017	17864.596
15.342400	17834.985
15.348783	17847.383
15.355166	17850.314
15.361548	17849.030
15.367931	17835.769
15.374314	17779.373
15.380697	17765.918
15.387080	17803.037
15.393462	17823.585
15.399845	17818.009
15.406228	17813.435
15.412611	17804.461
15.418994	17791.746
15.425377	17813.841
15.431759	17848.975
15.438142	17842.150
15.444525	17832.752
15.450908	17810.080
15.457291	17771.944
15.463673	17754.148
15.470056	17732.162
15.476439	17724.767
15.482822	17742.246
15.489205	17758.869
15.495588	17758.008
15.501970	17748.561
15.508353	17722.121
15.514736	17692.786
15.521119	17671.366
15.527502	17660.233
15.533884	17695.344
15.540267	17693.977
15.546650	17709.688
15.553033	17728.367
15.559416	17693.893
15.565799	17667.218
15.572181	17658.200
15.578564	17647.566
15.584947	17659.696
15.591330	17673.449
15.597713	17651.716
15.604095	17623.300
15.610478	17642.077
15.616861	17653.790
15.623244	17598.286
15.629627	17628.426
15.636010	17671.447
15.642392	17650.584
15.648775	17613.500
15.655158	17620.975
15.661541	17625.539
15.667924	17622.644
15.674306	17582.478
15.680689	17544.681
15.687072	17497.681
15.693455	17481.893
15.699838	17508.288
15.706221	17550.537
15.712603	17515.071
15.718986	17493.817
15.725369	17508.530
15.731752	17551.500
15.738135	17549.245
15.744517	17476.905
15.750900	17463.648
15.757283	17497.814
15.763666	17492.594
15.770049	17467.666
15.776432	17432.437
15.782814	17420.809
15.789197	17406.663
15.795580	17447.446
15.801963	17471.241
15.808346	17432.810
15.814728	17389.594
15.821111	17377.111
15.827494	17376.263
15.833877	17368.412
15.840260	17370.587
15.846643	17363.175
15.853025	17328.590
15.859408	17300.666
15.865791	17299.986
15.872174	17346.628
15.878557	17344.503
15.884939	17324.882
15.891322	17311.447
15.897705	17272.940
15.904088	17260.846
15.910471	17258.875
15.916854	17234.710
15.923236	17231.988
15.929619	17279.364
15.936002	17291.526
15.942385	17232.997
15.948768	17241.905
15.955150	17238.715
15.961533	17198.745
15.967916	17195.559
15.974299	17189.430
15.980682	17169.721
15.987065	17182.496
15.993447	17192.115
15.999830	17175.756
16.006213	17137.583
16.012596	17145.418
16.018979	17160.483
16.025361	17184.712
16.031744	17185.085
16.038127	17135.497
16.044510	17098.177
16.050893	17081.345
16.057276	17059.296
16.063658	17079.747
16.070041	17080.627
16.076424	17034.763
16.082807	17033.620
16.089190	17018.238
16.095572	17014.319
16.101955	17050.508
16.108338	17037.985
16.114721	17010.286
16.121104	17011.455
16.127487	16991.389
16.133869	16968.549
16.140252	16985.145
16.146635	16990.105
16.153018	16970.274
16.159401	16988.753
16.165783	16960.547
16.172166	16938.478
16.178549	16935.389
16.184932	16949.689
16.191315	16935.352
16.197698	16909.380
16.204080	16883.817
16.210463	16876.165
16.216846	16876.180
16.223229	16859.940
16.229612	16845.902
16.235994	16840.789
16.242377	16853.120
16.248760	16845.131
16.255143	16822.773
16.261526	16802.426
16.267909	16800.914
16.274291	16784.532
16.280674	16758.731
16.287057	16733.350
16.293440	16732.469
16.299823	16731.025
16.306205	16730.472
16.312588	16742.447
16.318971	16713.452
16.325354	16695.369
16.331737	16676.617
16.338120	16656.524
16.344502	16677.639
16.350885	16691.866
16.357268	16691.642
16.363651	16696.466
16.370034	16671.437
16.376416	16661.518
16.382799	16652.671
16.389182	16671.726
16.395565	16709.445
16.401948	16666.332
16.408331	16570.713
16.414713	16569.822
16.421096	16607.484
16.427479	16592.256
16.433862	16533.619
16.440245	16511.116
16.446627	16539.242
16.453010	16550.291
16.459393	16563.798
16.465776	16564.416
16.472159	16561.119
16.478542	16560.892
16.484924	16537.920
16.491307	16520.896
16.497690	16516.592
16.504073	16482.498
16.510456	16453.083
16.516838	16416.652
16.523221	16441.431
16.529604	16494.935
16.535987	16497.540
16.542370	16458.562
16.548753	16442.482
16.555135	16431.369
16.561518	16425.031
16.567901	16413.882
16.574284	16397.294
16.580667	16398.127
16.587049	16446.541
16.593432	16404.210
16.599815	16325.648
16.606198	16334.823
16.612581	16355.414
16.618964	16347.575
16.625346	16332.834
16.631729	16326.342
16.638112	16312.741
16.644495	16327.494
16.650878	16340.829
16.657260	16296.201
16.663643	16269.458
16.670026	16288.695
16.676409	16271.075
16.682792	16231.918
16.689175	16223.217
16.695557	16237.919
16.701940	16302.844
16.708323	16304.979
16.714706	16246.593
16.721089	16271.536
16.727471	16274.264
16.733854	16235.360
16.740237	16181.760
16.746620	16185.330
16.753003	16219.367
16.759386	16196.322
16.765768	16188.611
16.772151	16230.539
16.778534	16238.530
16.784917	16186.338
16.791300	16154.131
16.797682	16151.512
16.804065	16158.837
16.810448	16142.834
16.816831	16132.232
16.823214	16130.542
16.829597	16153.139
16.835979	16176.624
16.842362	16149.134
16.848745	16121.897
16.855128	16086.493
16.861511	16104.976
16.867893	16163.592
16.874276	16140.691
16.880659	16112.741
16.887042	16096.965
16.893425	16062.931
16.899808	16076.677
16.906190	16088.209
16.912573	16089.383
16.918956	16085.145
16.925339	16078.227
16.931722	16081.091
16.938104	16065.581
16.944487	16031.393
16.950870	16057.267
16.957253	16024.726
16.963636	16014.489
16.970019	16038.626
16.976401	16020.796
16.982784	15983.131
16.989167	15960.212
16.995550	15973.202
17.001933	15978.358
17.008316	15956.136
17.014698	15927.577
17.021081	15893.727
17.027464	15928.166
17.033847	15967.361
17.040230	15982.949
17.046612	15960.282
17.052995	15919.063
17.059378	15886.591
17.065761	15895.010
17.072144	15896.289
17.078527	15893.148
17.084909	15915.223
17.091292	15974.552
17.097675	15952.299
17.104058	15897.330
17.110441	15882.137
17.116823	15907.047
17.123206	15924.485
17.129589	15933.486
17.135972	15913.742
17.142355	15830.946
17.148738	15810.692
17.155120	15846.366
17.161503	15853.684
17.167886	15846.030
17.174269	15885.202
17.180652	15868.685
17.187034	15842.052
17.193417	15846.491
17.199800	15884.557
17.206183	15915.638
17.212566	15875.774
17.218949	15862.980
17.225331	15861.220
17.231714	15837.913
17.238097	15821.775
17.244480	15819.918
17.250863	15822.087
17.257245	15832.637
17.263628	15820.740
17.270011	15797.990
17.276394	15789.742
17.282777	15798.309
17.289160	15783.721
17.295542	15785.823
17.301925	15777.053
17.308308	15743.096
17.314691	15768.219
17.321074	15770.224
17.327456	15752.062
17.333839	15719.900
17.340222	15694.285
17.346605	15679.670
17.352988	15731.562
17.359371	15755.901
17.365753	15709.831
17.372136	15671.812
17.378519	15672.099
17.384902	15716.695
17.391285	15728.846
17.397667	15720.045
17.404050	15707.036
17.410433	15705.031
17.416816	15719.132
17.423199	15689.354
17.429582	15666.443
17.435964	15677.369
17.442347	15667.557
17.448730	15669.682
17.455113	15679.687
17.461496	15663.375
17.467878	15676.297
17.474261	15693.474
17.480644	15646.526
17.487027	15640.827
17.493410	15637.863
17.499793	15654.836
17.506175	15643.667
17.512558	15621.718
17.518941	15672.490
17.525324	15653.858
17.531707	15624.140
17.538089	15632.364
17.544472	15620.857
17.550855	15592.776
17.557238	15546.404
17.563621	15531.147
17.570004	15565.671
17.576386	15595.117
17.582769	15578.996
17.589152	15545.025
17.595535	15506.761
17.601918	15517.645
17.608300	15557.657
17.614683	15565.881
17.621066	15529.352
17.627449	15492.036
17.633832	15488.799
17.640215	15495.996
17.646597	15508.890
17.652980	15524.964
17.659363	15538.437
17.665746	15495.485
17.672129	15510.061
17.678511	15486.308
17.684894	15431.194
17.691277	15451.667
17.697660	15495.876
17.704043	15489.557
17.710426	15471.552
17.716808	15482.686
17.723191	15465.864
17.729574	15449.356
17.735957	15471.715
17.742340	15479.313
17.748722	15443.408
17.755105	15445.179
17.761488	15446.769
17.767871	15465.194
17.774254	15451.705
17.780637	15438.751
17.787019	15404.923
17.793402	15407.888
17.799785	15374.169
17.806168	15363.822
17.812551	15392.377
17.818933	15391.863
17.825316	15398.218
17.831699	15406.246
17.838082	15401.048
17.844465	15349.263
17.850848	15364.477
17.857230	15411.306
17.863613	15436.090
17.869996	15416.078
17.876379	15361.898
17.882762	15317.924
17.889144	15348.903
17.895527	15341.269
17.901910	15311.899
17.908293	15328.307
17.914676	15346.533
17.921059	15313.389
17.927441	15260.406
17.933824	15305.301
17.940207	15320.472
17.946590	15265.607
17.952973	15259.766
17.959355	15291.358
17.965738	15276.725
17.972121	15306.502
17.978504	15345.224
17.984887	15307.625
17.991270	15275.040
17.997652	15288.787
18.004035	15307.204
18.010418	15310.924
18.016801	15260.094
18.023184	15244.363
18.029566	15266.481
18.035949	15288.038
18.042332	15276.350
18.048715	15289.743
18.055098	15291.225
18.061481	15285.243
18.067863	15264.396
18.074246	15241.928
18.080629	15259.459
18.087012	15243.954
18.093395	15236.956
18.099777	15253.133
18.106160	15261.529
18.112543	15226.664
18.118926	15204.946
18.125309	15211.023
18.131692	15250.536
18.138074	15194.767
18.144457	15205.603
18.150840	15255.423
18.157223	15268.885
18.163606	15258.591
18.169988	15237.449
18.176371	15224.602
18.182754	15229.061
18.189137	15229.691
18.195520	15218.795
18.201903	15191.118
18.208285	15165.130
18.214668	15168.250
18.221051	15161.860
18.227434	15166.648
18.233817	15152.549
18.240199	15166.671
18.246582	15190.595
18.252965	15177.755
18.259348	15213.423
18.265731	15175.170
18.272114	15118.472
18.278496	15124.274
18.284879	15166.668
18.291262	15161.606
18.297645	15154.308
18.304028	15116.577
18.310410	15108.323
18.316793	15125.204
18.323176	15152.619
18.329559	15183.980
18.335942	15119.451
18.342325	15091.922
18.348707	15117.798
18.355090	15128.658
18.361473	15120.127
18.367856	15093.489
18.374239	15121.944
18.380621	15097.821
18.387004	15093.955
18.393387	15088.459
18.399770	15110.491
18.406153	15111.964
18.412536	15112.893
18.418918	15090.669
18.425301	15085.804
18.431684	15085.101
18.438067	15096.083
18.444450	15073.523
18.450832	15029.358
18.457215	15046.996
18.463598	15080.959
18.469981	15127.995
18.476364	15077.627
18.482747	15056.325
18.489129	15058.071
18.495512	15057.763
18.501895	15049.012
18.508278	15022.969
18.514661	15034.177
18.521043	15055.521
18.527426	15071.011
18.533809	15038.393
18.540192	15043.846
18.546575	15058.401
18.552958	15054.567
18.559340	15035.187
18.565723	15058.141
18.572106	15047.331
18.578489	15009.717
18.584872	14999.800
18.591254	14991.825
18.597637	14972.898
18.604020	14989.907
18.610403	14990.992
18.616786	14970.340
18.623169	14982.850
18.629551	15003.512
18.635934	15018.857
18.642317	15057.272
18.648700	15042.972
18.655083	14990.971
18.661465	14941.226
18.667848	14934.364
18.674231	14960.031
18.680614	14982.632
18.686997	14977.861
18.693380	14952.106
18.699762	14912.748
18.706145	14933.185
18.712528	14966.651
18.718911	14946.166
18.725294	14948.678
18.731676	14962.599
18.738059	14932.325
18.744442	14933.104
18.750825	14908.300
18.757208	14911.658
18.763591	14903.863
18.769973	14870.879
18.776356	14882.995
18.782739	14913.883
18.789122	14892.289
18.795505	14869.571
18.801887	14853.605
18.808270	14870.210
18.814653	14871.802
18.821036	14847.899
18.827419	14871.231
18.833802	14912.541
18.840184	14904.181
18.846567	14899.562
18.852950	14842.235
18.859333	14844.591
18.865716	14884.926
18.872098	14871.029
18.878481	14839.245
18.884864	14865.117
18.891247	14857.479
18.897630	14854.924
18.904013	14858.285
18.910395	14887.647
18.916778	14896.911
18.923161	14856.832
18.929544	14884.032
18.935927	14864.244
18.942309	14825.448
18.948692	14816.637
18.955075	14812.155
18.961458	14774.320
18.967841	14769.605
18.974224	14784.980
18.980606	14809.144
18.986989	14846.761
18.993372	14868.677
18.999755	14875.711
19.006138	14865.620
19.012520	14832.865
19.018903	14817.602
19.025286	14817.336
19.031669	14777.395
19.038052	14741.789
19.044435	14744.272
19.050817	14773.401
19.057200	14821.252
19.063583	14785.672
19.069966	14757.153
19.076349	14774.818
19.082731	14766.812
19.089114	14755.457
19.095497	14750.455
19.101880	14782.234
19.108263	14760.017
19.114646	14754.749
19.121028	14721.252
19.127411	14721.517
19.133794	14759.007
19.140177	14752.267
19.146560	14761.286
19.152942	14729.541
19.159325	14676.388
19.165708	14685.037
19.172091	14729.035
19.178474	14699.770
19.184857	14664.445
19.191239	14665.108
19.197622	14710.216
19.204005	14740.627
19.210388	14766.105
19.216771	14715.370
19.223153	14707.189
19.229536	14683.000
19.235919	14656.450
19.242302	14641.539
19.248685	14645.985
19.255068	14707.719
19.261450	14672.931
19.267833	14675.790
19.274216	14687.371
19.280599	14648.325
19.286982	14623.491
19.293364	14635.618
19.299747	14637.219
19.306130	14617.591
19.312513	14655.813
19.318896	14641.683
19.325279	14643.630
19.331661	14651.567
19.338044	14608.305
19.344427	14575.780
19.350810	14557.954
19.357193	14589.711
19.363575	14630.174
19.369958	14620.745
19.376341	14619.616
19.382724	14615.319
19.389107	14585.800
19.395490	14607.273
19.401872	14636.369
19.408255	14653.657
19.414638	14612.961
19.421021	14569.517
19.427404	14560.193
19.433786	14563.018
19.440169	14575.824
19.446552	14560.388
19.452935	14566.083
19.459318	14585.194
19.465701	14559.367
19.472083	14547.724
19.478466	14504.170
19.484849	14511.407
19.491232	14517.535
19.497615	14516.784
19.503997	14523.187
19.510380	14486.334
19.516763	14479.609
19.523146	14471.275
19.529529	14502.616
19.535912	14554.372
19.542294	14551.492
19.548677	14507.623
19.555060	14423.352
19.561443	14395.417
19.567826	14435.148
19.574208	14459.153
19.580591	14508.168
19.586974	14505.344
19.593357	14463.321
19.599740	14450.858
19.606123	14480.963
19.612505	14482.889
19.618888	14415.815
19.625271	14405.734
19.631654	14403.526
19.638037	14392.042
19.644419	14423.099
19.650802	14453.029
19.657185	14449.044
19.663568	14447.283
19.669951	14438.201
19.676334	14454.415
19.682716	14413.891
19.689099	14384.885
19.695482	14395.526
19.701865	14399.067
19.708248	14388.577
19.714630	14394.368
19.721013	14417.321
19.727396	14389.995
19.733779	14331.853
19.740162	14306.744
19.746545	14320.641
19.752927	14340.312
19.759310	14361.969
19.765693	14322.151
19.772076	14339.745
19.778459	14395.916
19.784841	14322.224
19.791224	14369.110
19.797607	14366.314
19.803990	14338.827
19.810373	14332.755
19.816756	14342.898
19.823138	14355.763
19.829521	14381.480
19.835904	14395.632
19.842287	14346.101
19.848670	14294.236
19.855052	14269.925
19.861435	14293.901
19.867818	14331.196
19.874201	14310.357
19.880584	14263.489
19.886967	14265.612
19.893349	14272.843
19.899732	14233.952
19.906115	14221.056
19.912498	14251.033
19.918881	14235.608
19.925263	14238.142
19.931646	14269.026
19.938029	14292.932
19.944412	14274.787
19.950795	14253.208
19.957178	14283.772
19.963560	14281.653
19.969943	14290.476
19.976326	14309.324
19.982709	14248.722
19.989092	14221.280
19.995474	14245.167
20.001857	14230.434
20.008240	14242.781
20.014623	14247.018
20.021006	14156.967
20.027389	14172.485
20.033771	14227.493
20.040154	14171.893
20.046537	14137.198
20.052920	14170.194
20.059303	14191.959
20.065685	14179.523
20.072068	14157.502
20.078451	14133.731
20.084834	14156.195
20.091217	14198.796
20.097600	14195.776
20.103982	14187.188
20.110365	14177.381
20.116748	14220.240
20.123131	14217.772
20.129514	14187.357
20.135896	14183.312
20.142279	14213.476
20.148662	14179.644
20.155045	14155.070
20.161428	14139.084
20.167811	14149.674
20.174193	14170.215
20.180576	14145.079
20.186959	14176.276
20.193342	14199.938
20.199725	14119.140
20.206108	14079.850
20.212490	14080.044
20.218873	14115.350
20.225256	14139.037
20.231639	14125.297
20.238022	14095.584
20.244404	14098.513
20.250787	14130.236
20.257170	14152.031
20.263553	14122.279
20.269936	14082.242
20.276319	14066.817
20.282701	14074.713
20.289084	14050.927
20.295467	14113.918
20.301850	14120.937
20.308233	14044.829
20.314615	14106.419
20.320998	14173.082
20.327381	14153.090
20.333764	14131.146
20.340147	14146.398
20.346530	14118.753
20.352912	14071.391
20.359295	14075.087
20.365678	14079.873
20.372061	14081.033
20.378444	14096.390
20.384826	14093.327
20.391209	14076.044
20.397592	14060.997
20.403975	14058.700
20.410358	13963.435
20.416741	13968.617
20.423123	13969.346
20.429506	14006.196
20.435889	14031.826
20.442272	14040.340
20.448655	14001.448
20.455037	13980.689
20.461420	13958.737
20.467803	13977.066
20.474186	14017.036
20.480569	14068.531
20.486952	14072.666
20.493334	13993.824
20.499717	13996.306
20.506100	13985.212
20.512483	13987.414
20.518866	14021.345
20.525248	14026.130
20.531631	13976.514
20.538014	13914.536
20.544397	13945.171
20.550780	13968.196
20.557163	13941.134
20.563545	13962.536
20.569928	13993.215
20.576311	13973.623
20.582694	13992.144
20.589077	13978.199
20.595459	13891.065
20.601842	13892.932
20.608225	13998.159
20.614608	13998.558
20.620991	13945.455
20.627374	13922.435
20.633756	13965.261
20.640139	13936.707
20.646522	13908.110
20.652905	13937.293
20.659288	13956.056
20.665670	13905.067
20.672053	13905.466
20.678436	13900.055
20.684819	13896.346
20.691202	13879.915
20.697585	13874.829
20.703967	13924.820
20.710350	13894.949
20.716733	13910.847
20.723116	13946.442
20.729499	13935.745
20.735881	13929.622
20.742264	13941.996
20.748647	13932.872
20.755030	13852.240
20.761413	13877.672
20.767796	13937.429
20.774178	13931.537
20.780561	13874.699
20.786944	13831.201
20.793327	13857.178
20.799710	13913.291
20.806092	13895.337
20.812475	13858.496
20.818858	13856.895
20.825241	13837.232
20.831624	13832.038
20.838007	13916.754
20.844389	13933.564
20.850772	13871.585
20.857155	13829.590
20.863538	13845.250
20.869921	13890.611
20.876303	13907.808
20.882686	13914.346
20.889069	13885.930
20.895452	13845.014
20.901835	13808.093
20.908218	13831.429
20.914600	13886.407
20.920983	13925.111
20.927366	13865.737
20.933749	13866.086
20.940132	13871.814
20.946514	13752.329
20.952897	13815.460
20.959280	13908.040
20.965663	13908.209
20.972046	13850.792
20.978429	13824.116
20.984811	13808.332
20.991194	13835.047
20.997577	13873.094
21.003960	13805.882
21.010343	13742.938
21.016725	13771.650
21.023108	13809.447
21.029491	13808.860
21.035874	13796.193
21.042257	13773.822
21.048640	13774.386
21.055022	13774.507
21.061405	13753.901
21.067788	13803.166
21.074171	13800.059
21.080554	13793.791
21.086936	13790.690
21.093319	13803.493
21.099702	13767.365
21.106085	13760.067
21.112468	13755.572
21.118851	13794.478
21.125233	13843.716
21.131616	13829.572
21.137999	13760.707
21.144382	13783.658
21.150765	13788.313
21.157147	13737.923
21.163530	13756.841
21.169913	13736.478
21.176296	13727.682
21.182679	13756.827
21.189062	13735.178
21.195444	13722.824
21.201827	13717.545
21.208210	13734.945
21.214593	13730.588
21.220976	13666.118
21.227358	13675.785
21.233741	13641.945
21.240124	13685.182
21.246507	13704.904
21.252890	13744.741
21.259273	13686.259
21.265655	13661.530
21.272038	13687.693
21.278421	13664.083
21.284804	13654.242
21.291187	13701.363
21.297569	13730.604
21.303952	13683.269
21.310335	13725.117
21.316718	13709.151
21.323101	13652.839
21.329484	13670.239
21.335866	13690.981
21.342249	13712.615
21.348632	13740.716
21.355015	13729.399
21.361398	13720.889
21.367780	13687.691
21.374163	13676.328
21.380546	13713.591
21.386929	13697.234
21.393312	13694.588
21.399695	13734.204
21.406077	13694.800
21.412460	13709.357
21.418843	13692.174
21.425226	13664.156
21.431609	13661.415
21.437991	13735.253
21.444374	13720.597
21.450757	13671.411
21.457140	13690.718
21.463523	13701.368
21.469906	13661.016
21.476288	13645.675
21.482671	13614.567
21.489054	13673.236
21.495437	13660.010
21.501820	13628.347
21.508202	13617.915
21.514585	13636.138
21.520968	13666.586
21.527351	13690.474
21.533734	13660.003
21.540117	13667.272
21.546499	13648.262
21.552882	13656.100
21.559265	13652.905
21.565648	13634.869
21.572031	13586.948
21.578413	13570.946
21.584796	13619.746
21.591179	13623.725
21.597562	13645.344
21.603945	13581.115
21.610328	13554.870
21.616710	13608.507
21.623093	13657.427
21.629476	13579.996
21.635859	13620.587
21.642242	13569.207
21.648624	13541.025
21.655007	13558.641
21.661390	13594.599
21.667773	13631.486
21.674156	13644.942
21.680539	13649.977
21.686921	13630.111
21.693304	13597.461
21.699687	13595.968
21.706070	13601.269
21.712453	13628.270
21.718835	13598.150
21.725218	13594.228
21.731601	13528.946
21.737984	13534.896
21.744367	13558.614
21.750750	13599.235
21.757132	13608.756
21.763515	13613.166
21.769898	13590.802
21.776281	13647.924
21.782664	13590.302
21.789046	13561.100
21.795429	13601.867
21.801812	13652.822
21.808195	13612.989
21.814578	13588.572
21.820961	13587.840
21.827343	13580.416
21.833726	13577.336
21.840109	13529.944
21.846492	13576.516
21.852875	13584.379
21.859257	13547.496
21.865640	13595.259
21.872023	13569.199
21.878406	13541.340
21.884789	13597.666
21.891172	13593.601
21.897554	13559.345
21.903937	13562.231
21.910320	13567.207
21.916703	13595.480
21.923086	13572.296
21.929468	13559.932
21.935851	13558.819
21.942234	13552.489
21.948617	13542.452
21.955000	13579.775
21.961383	13588.370
21.967765	13523.505
21.974148	13524.161
21.980531	13601.816
21.986914	13563.198
21.993297	13528.419
21.999679	13551.095
22.006062	13531.418
22.012445	13517.557
22.018828	13512.907
22.025211	13575.884
22.031594	13579.418
22.037976	13514.404
22.044359	13494.577
22.050742	13572.041
22.057125	13609.054
22.063508	13560.152
22.069890	13508.979
22.076273	13561.857
22.082656	13611.252
22.089039	13586.140
22.095422	13548.267
22.101805	13500.066
22.108187	13407.361
22.114570	13509.436
22.120953	13545.764
22.127336	13494.821
22.133719	13447.355
22.140101	13451.014
22.146484	13509.177
22.152867	13583.140
22.159250	13559.265
22.165633	13511.892
22.172016	13472.934
22.178398	13515.733
22.184781	13500.475
22.191164	13458.967
22.197547	13446.321
22.203930	13445.087
22.210312	13474.319
22.216695	13489.136
22.223078	13462.197
22.229461	13406.362
22.235844	13427.174
22.242227	13463.650
22.248609	13392.282
22.254992	13438.785
22.261375	13494.946
22.267758	13485.570
22.274141	13505.012
22.280523	13453.967
22.286906	13374.794
22.293289	13334.406
22.299672	13431.690
22.306055	13499.556
22.312438	13501.221
22.318820	13447.496
22.325203	13472.144
22.331586	13424.245
22.337969	13411.172
22.344352	13420.500
22.350734	13413.204
22.357117	13358.157
22.363500	13379.623
22.369883	13465.285
22.376266	13473.016
22.382649	13488.900
22.389031	13436.645
22.395414	13394.073
22.401797	13397.750
22.408180	13405.715
22.414563	13438.470
22.420945	13415.836
22.427328	13404.050
22.433711	13340.427
22.440094	13388.308
22.446477	13471.430
22.452860	13505.155
22.459242	13479.643
22.465625	13434.390
22.472008	13376.375
22.478391	13394.763
22.484774	13421.190
22.491156	13420.701
22.497539	13416.483
22.503922	13379.829
22.510305	13375.399
22.516688	13451.107
22.523071	13412.025
22.529453	13401.949
22.535836	13391.665
22.542219	13487.753
22.548602	13498.264
22.554985	13410.002
22.561367	13377.342
22.567750	13402.772
22.574133	13469.534
22.580516	13434.043
22.586899	13372.012
22.593282	13393.238
22.599664	13376.857
22.606047	13367.069
22.612430	13362.290
22.618813	13415.342
22.625196	13467.917
22.631578	13422.226
22.637961	13481.749
22.644344	13417.819
22.650727	13420.660
22.657110	13365.071
22.663493	13417.891
22.669875	13406.084
22.676258	13383.179
22.682641	13362.190
22.689024	13351.525
22.695407	13387.834
22.701789	13411.116
22.708172	13417.882
22.714555	13431.237
22.720938	13386.190
22.727321	13344.165
22.733704	13353.921
22.740086	13421.418
22.746469	13334.180
22.752852	13306.487
22.759235	13325.388
22.765618	13299.885
22.772000	13402.455
22.778383	13421.337
22.784766	13394.241
22.791149	13399.853
22.797532	13347.341
22.803915	13369.163
22.810297	13375.599
22.816680	13371.137
22.823063	13410.114
22.829446	13384.286
22.835829	13351.544
22.842211	13327.084
22.848594	13403.929
22.854977	13423.057
22.861360	13323.272
22.867743	13339.302
22.874126	13336.538
22.880508	13340.405
22.886891	13406.824
22.893274	13396.853
22.899657	13247.114
22.906040	13309.779
22.912422	13323.977
22.918805	13267.360
22.925188	13280.513
22.931571	13353.579
22.937954	13320.871
22.944337	13358.962
22.950719	13307.729
22.957102	13329.254
22.963485	13316.862
22.969868	13289.065
22.976251	13333.472
22.982633	13315.486
22.989016	13245.296
22.995399	13293.031
23.001782	13320.213
23.008165	13270.858
23.014548	13332.655
23.020930	13317.455
23.027313	13439.492
23.033696	13359.251
23.040079	13267.212
23.046462	13303.990
23.052844	13285.560
23.059227	13288.399
23.065610	13292.741
23.071993	13281.073
23.078376	13244.665
23.084759	13303.990
23.091141	13309.386
23.097524	13243.542
23.103907	13241.647
23.110290	13295.702
23.116673	13289.498
23.123055	13248.939
23.129438	13250.339
23.135821	13328.727
23.142204	13323.529
23.148587	13301.627
23.154970	13286.654
23.161352	13210.504
23.167735	13207.924
23.174118	13243.490
23.180501	13261.458
23.186884	13272.110
23.193266	13234.633
23.199649	13206.075
23.206032	13223.174
23.212415	13194.219
23.218798	13251.857
23.225181	13269.819
23.231563	13195.511
23.237946	13217.370
23.244329	13280.776
23.250712	13250.284
23.257095	13283.371
23.263477	13277.141
23.269860	13279.857
23.276243	13253.450
23.282626	13231.655
23.289009	13200.981
23.295392	13195.524
23.301774	13291.499
23.308157	13278.672
23.314540	13322.296
23.320923	13261.772
23.327306	13162.765
23.333688	13165.491
23.340071	13265.032
23.346454	13220.122
23.352837	13186.892
23.359220	13264.320
23.365603	13211.899
23.371985	13204.331
23.378368	13219.937
23.384751	13133.343
23.391134	13140.485
23.397517	13219.180
23.403900	13189.362
23.410282	13218.285
23.416665	13217.178
23.423048	13252.419
23.429431	13123.420
23.435814	13148.942
23.442196	13170.088
23.448579	13193.778
23.454962	13225.658
23.461345	13157.252
23.467728	13144.637
23.474111	13072.011
23.480493	13148.092
23.486876	13173.461
23.493259	13167.319
23.499642	13207.883
23.506025	13184.693
23.512407	13217.904
23.518790	13193.082
23.525173	13227.807
23.531556	13134.272
23.537939	13146.411
23.544322	13191.775
23.550704	13213.918
23.557087	13252.712
23.563470	13101.064
23.569853	13108.731
23.576236	13112.169
23.582618	13145.054
23.589001	13097.704
23.595384	13125.821
23.601767	13156.986
23.608150	13166.250
23.614533	13207.904
23.620915	13084.540
23.627298	13070.584
23.633681	13108.924
23.640064	13164.409
23.646447	13151.553
23.652829	13174.283
23.659212	13153.726
23.665595	13181.726
23.671978	13127.354
23.678361	13172.020
23.684744	13146.138
23.691126	13086.330
23.697509	13052.833
23.703892	13063.483
23.710275	13120.268
23.716658	13072.075
23.723040	13071.005
23.729423	13050.714
23.735806	13156.852
23.742189	13149.591
23.748572	13103.573
23.754955	13025.867
23.761337	13055.318
23.767720	13134.887
23.774103	13117.083
23.780486	13121.269
23.786869	13011.674
23.793251	12992.066
23.799634	13085.865
23.806017	13168.141
23.812400	13150.892
23.818783	13166.719
23.825166	13155.803
23.831548	13169.870
23.837931	12994.815
23.844314	13041.922
23.850697	13117.840
23.857080	13093.868
23.863462	12996.123
23.869845	12955.192
23.876228	13070.746
23.882611	13128.718
23.888994	13107.641
23.895377	13160.242
23.901759	13064.405
23.908142	13019.951
23.914525	13153.652
23.920908	13194.976
23.927291	13154.886
23.933673	13070.037
23.940056	12956.796
23.946439	13110.104
23.952822	13071.791
23.959205	12938.755
23.965588	12995.684
23.971970	13093.106
23.978353	13109.611
23.984736	12962.632
23.991119	12976.175
23.997502	13013.751
24.003884	12979.806
24.010267	12971.395
24.016650	13062.449
24.023033	13047.134
24.029416	13038.066
24.035799	13067.083
24.042181	13053.756
24.048564	13017.622
24.054947	12998.064
24.061330	13008.183
24.067713	13046.716
24.074095	12949.757
24.080478	12998.224
24.086861	13058.507
24.093244	13025.320
24.099627	13102.995
24.106010	13005.988
24.112392	13024.729
24.118775	12971.829
24.125158	12935.738
24.131541	13020.519
24.137924	13001.305
24.144306	13063.001
24.150689	12987.514
24.157072	13050.542
24.163455	12933.955
24.169838	12890.874
24.176221	12943.254
24.182603	13041.993
24.188986	12992.457
24.195369	13001.170
24.201752	13012.809
24.208135	12999.972
24.214517	12944.712
24.220900	12901.979
24.227283	12943.195
24.233666	12968.992
24.240049	12931.157
24.246432	12972.905
24.252814	12960.084
24.259197	12983.895
24.265580	12915.680
24.271963	12909.565
24.278346	12979.102
24.284728	12987.897
24.291111	12975.860
24.297494	12861.000
24.303877	12839.808
24.310260	12953.154
24.316643	12985.658
24.323025	12908.652
24.329408	12961.062
24.335791	12967.632
24.342174	12939.930
24.348557	12935.343
24.354939	12907.682
24.361322	12897.708
24.367705	12893.135
24.374088	12899.002
24.380471	12836.114
24.386854	12867.544
24.393236	12906.782
24.399619	12909.404
24.406002	12944.000
24.412385	12842.735
24.418768	12811.673
24.425150	12896.468
24.431533	12831.747
24.437916	12878.329
24.444299	12924.495
24.450682	12908.165
24.457065	12902.356
24.463447	12911.680
24.469830	12876.941
24.476213	12915.307
24.482596	12817.990
24.488979	12773.981
24.495361	12855.961
24.501744	12921.491
24.508127	12944.156
24.514510	12975.960
24.520893	12856.054
24.527276	12913.498
24.533658	12839.307
24.540041	12806.830
24.546424	12904.460
24.552807	12955.518
24.559190	12868.584
24.565572	12830.344
24.571955	12891.666
24.578338	12939.572
24.584721	12926.363
24.591104	12894.993
24.597487	12848.842
24.603869	12843.583
24.610252	12772.149
24.616635	12776.686
24.623018	12816.915
24.629401	12896.372
24.635783	12870.918
24.642166	12791.054
24.648549	12780.902
24.654932	12856.025
24.661315	12853.883
24.667698	12778.527
24.674080	12803.782
24.680463	12790.149
24.686846	12691.428
24.693229	12810.608
24.699612	12836.601
24.705994	12752.408
24.712377	12836.268
24.718760	12816.559
24.725143	12780.922
24.731526	12749.899
24.737909	12797.077
24.744291	12776.243
24.750674	12724.009
24.757057	12748.439
24.763440	12749.774
24.769823	12823.873
24.776205	12795.468
24.782588	12728.199
24.788971	12687.565
24.795354	12715.602
24.801737	12751.518
24.808120	12764.305
24.814502	12780.106
24.820885	12807.137
24.827268	12731.926
24.833651	12733.586
24.840034	12810.706
24.846416	12725.482
24.852799	12806.762
24.859182	12792.049
24.865565	12704.793
24.871948	12726.435
24.878331	12718.499
24.884713	12643.740
24.891096	12699.263
24.897479	12768.590
24.903862	12883.777
24.910245	12850.900
24.916627	12647.179
24.923010	12697.438
24.929393	12677.796
24.935776	12705.525
24.942159	12742.670
24.948542	12722.934
24.954924	12766.180
24.961307	12829.405
24.967690	12771.026
24.974073	12703.780
24.980456	12672.070
24.986838	12728.853
24.993221	12739.174
24.999604	12731.193
25.005987	12655.872
25.012370	12706.739
25.018753	12782.975
25.025135	12715.420
25.031518	12752.200
25.037901	12765.951
25.044284	12691.421
25.050667	12647.250
25.057049	12781.976
25.063432	12726.412
25.069815	12697.215
25.076198	12658.402
25.082581	12743.550
25.088964	12717.885
25.095346	12720.002
25.101729	12681.443
25.108112	12746.235
25.114495	12682.173
25.120878	12585.016
25.127260	12714.937
25.133643	12684.540
25.140026	12728.483
25.146409	12690.628
25.152792	12647.254
25.159175	12701.203
25.165557	12586.690
25.171940	12594.171
25.178323	12685.095
25.184706	12677.494
25.191089	12774.521
25.197471	12711.961
25.203854	12701.634
25.210237	12686.283
25.216620	12638.031
25.223003	12708.426
25.229386	12583.276
25.235768	12634.395
25.242151	12685.890
25.248534	12754.542
25.254917	12711.944
25.261300	12656.386
25.267682	12597.623
25.274065	12583.569
25.280448	12681.988
25.286831	12666.178
25.293214	12686.284
25.299597	12640.669
25.305979	12631.186
25.312362	12612.571
25.318745	12654.806
25.325128	12625.463
25.331511	12689.745
25.337893	12731.668
25.344276	12597.727
25.350659	12598.210
25.357042	12582.231
25.363425	12620.926
25.369808	12585.689
25.376190	12557.557
25.382573	12694.370
25.388956	12695.101
25.395339	12629.155
25.401722	12507.065
25.408104	12540.784
25.414487	12617.328
25.420870	12698.889
25.427253	12578.136
25.433636	12531.176
25.440019	12648.922
25.446401	12556.262
25.452784	12505.933
25.459167	12558.676
25.465550	12652.751
25.471933	12628.885
25.478315	12695.596
25.484698	12635.240
25.491081	12647.301
25.497464	12612.073
25.503847	12564.522
25.510230	12534.216
25.516612	12574.170
25.522995	12638.524
25.529378	12520.914
25.535761	12508.943
25.542144	12547.479
25.548526	12521.076
25.554909	12643.295
25.561292	12580.538
25.567675	12533.507
25.574058	12612.791
25.580441	12549.274
25.586823	12583.617
25.593206	12632.606
25.599589	12590.875
25.605972	12467.504
25.612355	12480.430
25.618737	12529.443
25.625120	12532.773
25.631503	12540.584
25.637886	12528.414
25.644269	12593.827
25.650652	12610.278
25.657034	12658.990
25.663417	12531.728
25.669800	12443.736
25.676183	12462.663
25.682566	12564.490
25.688948	12495.752
25.695331	12632.497
25.701714	12443.519
25.708097	12566.384
25.714480	12489.636
25.720863	12482.871
25.727245	12507.404
25.733628	12517.018
25.740011	12557.952
25.746394	12491.741
25.752777	12485.137
25.759159	12549.980
25.765542	12540.193
25.771925	12553.063
25.778308	12439.465
25.784691	12321.415
25.791074	12510.240
25.797456	12504.619
25.803839	12445.160
25.810222	12403.168
25.816605	12450.479
25.822988	12457.164
25.829370	12372.360
25.835753	12522.218
25.842136	12411.924
25.848519	12415.723
25.854902	12566.881
25.861285	12549.061
25.867667	12467.006
25.874050	12488.963
25.880433	12417.999
25.886816	12456.749
25.893199	12539.827
25.899581	12448.960
25.905964	12394.230
25.912347	12419.938
25.918730	12473.532
25.925113	12425.880
25.931496	12300.054
25.937878	12418.820
25.944261	12464.456
25.950644	12411.460
25.957027	12477.701
25.963410	12490.790
25.969792	12519.794
25.976175	12448.458
25.982558	12421.096
25.988941	12478.659
25.995324	12406.620
26.001707	12457.437
26.008089	12447.008
26.014472	12502.471
26.020855	12424.865
26.027238	12460.159
26.033621	12434.056
26.040003	12261.434
26.046386	12358.115
26.052769	12507.501
26.059152	12479.309
26.065535	12417.273
26.071918	12365.339
26.078300	12449.074
26.084683	12413.150
26.091066	12505.156
26.097449	12438.963
26.103832	12458.128
26.110214	12445.672
26.116597	12430.471
26.122980	12484.780
26.129363	12391.301
26.135746	12382.531
26.142129	12376.655
26.148511	12346.647
26.154894	12409.880
26.161277	12408.689
26.167660	12365.964
26.174043	12428.159
26.180425	12427.592
26.186808	12317.588
26.193191	12438.779
26.199574	12470.414
26.205957	12420.375
26.212340	12377.933
26.218722	12461.696
26.225105	12513.423
26.231488	12440.257
26.237871	12481.961
26.244254	12391.040
26.250636	12354.442
26.257019	12378.975
26.263402	12317.735
26.269785	12347.553
26.276168	12413.767
26.282551	12423.546
26.288933	12375.826
26.295316	12343.385
26.301699	12314.497
26.308082	12249.657
26.314465	12320.455
26.320847	12402.916
26.327230	12279.699
26.333613	12408.609
26.339996	12340.282
26.346379	12355.857
26.352762	12395.773
26.359144	12347.738
26.365527	12294.819
26.371910	12365.851
26.378293	12307.049
26.384676	12368.263
26.391058	12328.350
26.397441	12346.837
26.403824	12268.970
26.410207	12327.702
26.416590	12386.882
26.422973	12327.810
26.429355	12400.544
26.435738	12406.956
26.442121	12487.052
26.448504	12305.984
26.454887	12238.552
26.461269	12241.132
26.467652	12233.032
26.474035	12304.015
26.480418	12302.941
26.486801	12332.706
26.493184	12206.703
26.499566	12219.490
26.505949	12295.211
26.512332	12361.560
26.518715	12336.149
26.525098	12229.000
26.531480	12255.734
26.537863	12281.814
26.544246	12158.782
26.550629	12262.964
26.557012	12316.398
26.563395	12300.692
26.569777	12286.147
26.576160	12182.738
26.582543	12227.861
26.588926	12210.861
26.595309	12339.230
26.601692	12167.687
26.608074	12226.990
26.614457	12268.357
26.620840	12293.574
26.627223	12278.159
26.633606	12321.665
26.639988	12361.900
26.646371	12245.074
26.652754	12379.750
26.659137	12420.444
26.665520	12168.833
26.671903	12238.256
26.678285	12325.214
26.684668	12257.157
26.691051	12283.940
26.697434	12142.653
26.703817	12224.512
26.710199	12218.846
26.716582	12117.887
26.722965	12124.409
26.729348	12182.089
26.735731	12224.860
26.742114	12282.092
26.748496	12252.826
26.754879	12198.985
26.761262	12026.515
26.767645	12248.459
26.774028	12321.640
26.780410	12238.049
26.786793	12219.900
26.793176	12155.262
26.799559	12149.407
26.805942	12190.937
26.812325	12261.036
26.818707	12158.942
26.825090	12169.146
26.831473	12301.855
26.837856	12284.747
26.844239	12162.848
26.850621	12137.804
26.857004	12223.842
26.863387	12152.284
26.869770	12163.626
26.876153	12138.069
26.882536	12236.674
26.888918	12197.708
26.895301	12148.422
26.901684	12056.546
26.908067	12248.387
26.914450	12110.250
26.920832	12181.968
26.927215	12197.305
26.933598	12221.800
26.939981	12181.808
26.946364	12154.544
26.952747	12284.863
26.959129	12333.137
26.965512	12190.676
26.971895	12314.463
26.978278	12047.381
26.984661	12116.200
26.991043	12209.978
26.997426	12076.220
27.003809	12201.072
27.010192	12108.855
27.016575	12162.537
27.022958	12269.406
27.029340	12215.752
27.035723	12197.082
27.042106	12130.097
27.048489	12087.621
27.054872	12248.217
27.061254	12242.151
27.067637	12176.573
27.074020	12158.220
27.080403	12087.910
27.086786	11975.586
27.093169	11920.577
27.099551	12056.098
27.105934	12178.400
27.112317	12148.771
27.118700	12209.753
27.125083	12093.595
27.131465	12087.661
27.137848	12106.172
27.144231	12210.233
27.150614	12190.278
27.156997	12069.406
27.163380	12182.677
27.169762	12164.800
27.176145	12128.249
27.182528	12241.274
27.188911	12152.611
27.195294	12148.777
27.201676	12086.866
27.208059	12105.569
27.214442	12007.370
27.220825	12107.985
27.227208	12088.187
27.233591	12010.835
27.239973	12138.938
27.246356	12169.550
27.252739	11930.050
27.259122	12017.620
27.265505	12233.530
27.271887	12120.865
27.278270	12138.722
27.284653	11989.930
27.291036	12075.264
27.297419	12198.969
27.303802	12046.736
27.310184	12142.906
27.316567	12091.179
27.322950	11972.932
27.329333	12115.308
27.335716	12070.276
27.342098	12097.956
27.348481	12045.126
27.354864	12085.754
27.361247	12085.717
27.367630	12124.992
27.374013	12066.784
27.380395	12094.905
27.386778	11966.983
27.393161	12020.866
27.399544	11932.139
27.405927	11978.917
27.412309	11956.474
27.418692	12011.117
27.425075	11931.929
27.431458	11988.978
27.437841	11999.302
27.444224	12134.560
27.450606	11951.976
27.456989	11995.945
27.463372	11906.309
27.469755	11956.829
27.476138	12013.865
27.482520	11998.953
27.488903	12036.510
27.495286	11942.450
27.501669	12069.653
27.508052	11929.895
27.514435	11898.150
27.520817	12120.369
27.527200	12091.106
27.533583	12027.085
27.539966	12041.795
27.546349	11984.623
27.552731	11971.277
27.559114	11895.465
27.565497	11923.003
27.571880	12047.744
27.578263	12152.114
27.584646	12018.428
27.591028	12062.269
27.597411	12026.861
27.603794	12081.996
27.610177	12118.068
27.616560	11988.679
27.622942	12080.878
27.629325	11919.797
27.635708	11931.779
27.642091	11902.242
27.648474	11998.787
27.654857	11940.037
27.661239	11998.346
27.667622	11906.510
27.674005	12061.309
27.680388	12011.877
27.686771	12028.382
27.693153	11907.846
27.699536	11945.235
27.705919	11889.279
27.712302	11937.842
27.718685	11894.024
27.725068	11889.700
27.731450	11949.822
27.737833	11924.132
27.744216	11814.677
27.750599	11915.851
27.756982	0.0000000
27.763364	0.0000000
27.769747	0.0000000
27.776130	0.0000000
27.782513	0.0000000
27.788896	0.0000000
27.795279	0.0000000
27.801661	0.0000000
27.808044	0.0000000
27.814427	0.0000000
27.820810	0.0000000
27.827193	0.0000000
27.833575	0.0000000
27.839958	0.0000000
27.846341	0.0000000
27.852724	0.0000000
27.859107	0.0000000
27.865490	0.0000000
27.871872	0.0000000
27.878255	0.0000000
27.884638	0.0000000
27.891021	0.0000000
27.897404	0.0000000
27.903786	0.0000000
27.910169	0.0000000
27.916552	0.0000000
27.922935	0.0000000
27.929318	0.0000000
27.935701	0.0000000
27.942083	0.0000000
27.948466	0.0000000
27.954849	0.0000000
27.961232	0.0000000
27.967615	0.0000000
27.973997	0.0000000
27.980380	0.0000000
27.986763	0.0000000
27.993146	0.0000000
27.999529	0.0000000
28.005912	0.0000000
28.012294	0.0000000
28.018677	0.0000000
28.025060	0.0000000
28.031443	0.0000000
28.037826	0.0000000
28.044208	0.0000000
28.050591	0.0000000
28.056974	0.0000000
28.063357	0.0000000
28.069740	0.0000000
28.076123	0.0000000
28.082505	0.0000000
28.088888	0.0000000
28.095271	0.0000000
28.101654	0.0000000
28.108037	0.0000000
28.114419	0.0000000
28.120802	0.0000000
28.127185	0.0000000
28.133568	0.0000000
28.139951	0.0000000
28.146334	0.0000000
28.152716	0.0000000
28.159099	0.0000000
28.165482	0.0000000
28.171865	0.0000000
28.178248	0.0000000
28.184630	0.0000000
28.191013	0.0000000
28.197396	0.0000000
28.203779	0.0000000
28.210162	0.0000000
28.216545	0.0000000
28.222927	0.0000000
28.229310	0.0000000
28.235693	0.0000000
28.242076	0.0000000
28.248459	0.0000000
28.254841	0.0000000
28.261224	0.0000000
28.267607	0.0000000
28.273990	0.0000000
28.280373	0.0000000
28.286756	0.0000000
28.293138	0.0000000
28.299521	0.0000000
28.305904	0.0000000
28.312287	0.0000000
28.318670	0.0000000
28.325052	0.0000000
28.331435	0.0000000
28.337818	0.0000000
28.344201	0.0000000
28.350584	0.0000000
28.356967	0.0000000
28.363349	0.0000000
28.369732	0.0000000
28.376115	0.0000000
28.382498	0.0000000
28.388881	0.0000000
28.395263	0.0000000
28.401646	0.0000000
28.408029	0.0000000
28.414412	0.0000000
28.420795	0.0000000
28.427178	0.0000000
28.433560	0.0000000
28.439943	0.0000000
28.446326	0.0000000
28.452709	0.0000000
28.459092	0.0000000
28.465474	0.0000000
28.471857	0.0000000
28.478240	0.0000000
28.484623	0.0000000
28.491006	0.0000000
28.497389	0.0000000
28.503771	0.0000000
28.510154	0.0000000
28.516537	0.0000000
28.522920	0.0000000
28.529303	0.0000000
28.535685	0.0000000
28.542068	0.0000000
28.548451	0.0000000
28.554834	0.0000000
28.561217	0.0000000
28.567600	0.0000000
28.573982	0.0000000
28.580365	0.0000000
28.586748	0.0000000
28.593131	0.0000000
28.599514	0.0000000
28.605896	0.0000000
28.612279	0.0000000
28.618662	0.0000000
28.625045	0.0000000
28.631428	0.0000000
28.637811	0.0000000
28.644193	0.0000000
28.650576	0.0000000
28.656959	0.0000000
28.663342	0.0000000
28.669725	0.0000000
28.676107	0.0000000
28.682490	0.0000000
28.688873	0.0000000
28.695256	0.0000000
28.701639	0.0000000
28.708022	0.0000000
28.714404	0.0000000
28.720787	0.0000000
28.727170	0.0000000
28.733553	0.0000000
28.739936	0.0000000
28.746318	0.0000000
28.752701	0.0000000
28.759084	0.0000000
28.765467	0.0000000
28.771850	0.0000000
28.778233	0.0000000
28.784615	0.0000000
28.790998	0.0000000
28.797381	0.0000000
28.803764	0.0000000
28.810147	0.0000000
28.816529	0.0000000
28.822912	0.0000000
28.829295	0.0000000
28.835678	0.0000000
28.842061	0.0000000
28.848444	0.0000000
28.854826	0.0000000
28.861209	0.0000000
28.867592	0.0000000
28.873975	0.0000000
28.880358	0.0000000
28.886740	0.0000000
28.893123	0.0000000
28.899506	0.0000000
28.905889	0.0000000
28.912272	0.0000000
28.918655	0.0000000
28.925037	0.0000000
28.931420	0.0000000
28.937803	0.0000000
28.944186	0.0000000
28.950569	0.0000000
28.956951	0.0000000
28.963334	0.0000000
28.969717	0.0000000
28.976100	0.0000000
28.982483	0.0000000
28.988866	0.0000000
28.995248	0.0000000
29.001631	0.0000000
29.008014	0.0000000
29.014397	0.0000000
29.020780	0.0000000
29.027162	0.0000000
29.033545	0.0000000
29.039928	0.0000000
29.046311	0.0000000
29.052694	0.0000000
29.059077	0.0000000
29.065459	0.0000000
29.071842	0.0000000
29.078225	0.0000000
29.084608	0.0000000
29.090991	0.0000000
29.097373	0.0000000
29.103756	0.0000000
29.110139	0.0000000
29.116522	0.0000000
29.122905	0.0000000
29.129288	0.0000000
29.135670	0.0000000
29.142053	0.0000000
29.148436	0.0000000
29.154819	0.0000000
29.161202	0.0000000
29.167584	0.0000000
29.173967	0.0000000
29.180350	0.0000000
29.186733	0.0000000
29.193116	0.0000000
29.199499	0.0000000
29.205881	0.0000000
29.212264	0.0000000
29.218647	0.0000000
29.225030	0.0000000
29.231413	0.0000000
29.237795	0.0000000
29.244178	0.0000000
29.250561	0.0000000
29.256944	0.0000000
29.263327	0.0000000
29.269710	0.0000000
29.276092	0.0000000
29.282475	0.0000000
29.288858	0.0000000
29.295241	0.0000000
29.301624	0.0000000
29.308006	0.0000000
29.314389	0.0000000
29.320772	0.0000000
29.327155	0.0000000
29.333538	0.0000000
29.339921	0.0000000
29.346303	0.0000000
29.352686	0.0000000
29.359069	0.0000000
29.365452	0.0000000
29.371835	0.0000000
29.378217	0.0000000
29.384600	0.0000000
29.390983	0.0000000
29.397366	0.0000000
29.403749	0.0000000
29.410132	0.0000000
29.416514	0.0000000
29.422897	0.0000000
29.429280	0.0000000
29.435663	0.0000000
29.442046	0.0000000
29.448428	0.0000000
29.454811	0.0000000
29.461194	0.0000000
29.467577	0.0000000
29.473960	0.0000000
29.480343	0.0000000
29.486725	0.0000000
29.493108	0.0000000
29.499491	0.0000000
29.505874	0.0000000
29.512257	0.0000000
29.518639	0.0000000
29.525022	0.0000000
29.531405	0.0000000
29.537788	0.0000000
29.544171	0.0000000
29.550554	0.0000000
29.556936	0.0000000
29.563319	0.0000000
29.569702	0.0000000
29.576085	0.0000000
29.582468	0.0000000
29.588850	0.0000000
29.595233	0.0000000
29.601616	0.0000000
29.607999	0.0000000
29.614382	0.0000000
29.620765	0.0000000
29.627147	0.0000000
29.633530	0.0000000
29.639913	0.0000000
29.646296	0.0000000
29.652679	0.0000000
29.659061	0.0000000
29.665444	0.0000000
29.671827	0.0000000
29.678210	0.0000000
29.684593	0.0000000
29.690976	0.0000000
29.697358	0.0000000
29.703741	0.0000000
29.710124	0.0000000
29.716507	0.0000000
29.722890	0.0000000
29.729272	0.0000000
29.735655	0.0000000
29.742038	0.0000000
29.748421	0.0000000
29.754804	0.0000000
29.761187	0.0000000
29.767569	0.0000000
29.773952	0.0000000
29.780335	0.0000000
29.786718	0.0000000
29.793101	0.0000000
29.799484	0.0000000
29.805866	0.0000000
29.812249	0.0000000
29.818632	0.0000000
29.825015	0.0000000
29.831398	0.0000000
29.837780	0.0000000
29.844163	0.0000000
29.850546	0.0000000
29.856929	0.0000000
29.863312	0.0000000
29.869695	0.0000000
29.876077	0.0000000
29.882460	0.0000000
29.888843	0.0000000
29.895226	0.0000000
29.901609	0.0000000
29.907991	0.0000000
29.914374	0.0000000
29.920757	0.0000000
29.927140	0.0000000
29.933523	0.0000000
29.939906	0.0000000
29.946288	0.0000000
29.952671	0.0000000
29.959054	0.0000000
29.965437	0.0000000
29.971820	0.0000000
29.978202	0.0000000
29.984585	0.0000000
29.990968	0.0000000
29.997351	0.0000000
30.003734	0.0000000
30.010117	0.0000000
30.016499	0.0000000
30.022882	0.0000000
30.029265	0.0000000
30.035648	0.0000000
30.042031	0.0000000
30.048413	0.0000000
30.054796	0.0000000
30.061179	0.0000000
30.067562	0.0000000
30.073945	0.0000000
30.080328	0.0000000
30.086710	0.0000000
30.093093	0.0000000
30.099476	0.0000000
30.105859	0.0000000
30.112242	0.0000000
30.118624	0.0000000
30.125007	0.0000000
30.131390	0.0000000
30.137773	0.0000000
30.144156	0.0000000
30.150539	0.0000000
30.156921	0.0000000
30.163304	0.0000000
30.169687	0.0000000
30.176070	0.0000000
30.182453	0.0000000
30.188835	0.0000000
30.195218	0.0000000
30.201601	0.0000000
30.207984	0.0000000
30.214367	0.0000000
30.220750	0.0000000
30.227132	0.0000000
30.233515	0.0000000
30.239898	0.0000000
30.246281	0.0000000
30.252664	0.0000000
30.259046	0.0000000
30.265429	0.0000000
30.271812	0.0000000
30.278195	0.0000000
30.284578	0.0000000
30.290961	0.0000000
30.297343	0.0000000
30.303726	0.0000000
30.310109	0.0000000
30.316492	0.0000000
30.322875	0.0000000
30.329257	0.0000000
30.335640	0.0000000
30.342023	0.0000000
30.348406	0.0000000
30.354789	0.0000000
30.361172	0.0000000
30.367554	0.0000000
30.373937	0.0000000
30.380320	0.0000000
30.386703	0.0000000
30.393086	0.0000000
30.399468	0.0000000
30.405851	0.0000000
30.412234	0.0000000
30.418617	0.0000000
30.425000	0.0000000
30.431383	0.0000000
30.437765	0.0000000
30.444148	0.0000000
30.450531	0.0000000
30.456914	0.0000000
30.463297	0.0000000
30.469679	0.0000000
30.476062	0.0000000
30.482445	0.0000000
30.488828	0.0000000
30.495211	0.0000000
30.501594	0.0000000
30.507976	0.0000000
30.514359	0.0000000
30.520742	0.0000000
30.527125	0.0000000
30.533508	0.0000000
30.539890	0.0000000
30.546273	0.0000000
30.552656	0.0000000
30.559039	0.0000000
30.565422	0.0000000
30.571805	0.0000000
30.578187	0.0000000
30.584570	0.0000000
30.590953	0.0000000
30.597336	0.0000000
30.603719	0.0000000
30.610101	0.0000000
30.616484	0.0000000
30.622867	0.0000000
30.629250	0.0000000
30.635633	0.0000000
30.642016	0.0000000
30.648398	0.0000000
30.654781	0.0000000
30.661164	0.0000000
30.667547	0.0000000
30.673930	0.0000000
30.680312	0.0000000
30.686695	0.0000000
30.693078	0.0000000
30.699461	0.0000000
30.705844	0.0000000
30.712227	0.0000000
30.718609	0.0000000
30.724992	0.0000000
30.731375	0.0000000
30.737758	0.0000000
30.744141	0.0000000
30.750523	0.0000000
30.756906	0.0000000
30.763289	0.0000000
30.769672	0.0000000
30.776055	0.0000000
30.782438	0.0000000
30.788820	0.0000000
30.795203	0.0000000
30.801586	0.0000000
30.807969	0.0000000
30.814352	0.0000000
30.820734	0.0000000
30.827117	0.0000000
30.833500	0.0000000
30.839883	0.0000000
30.846266	0.0000000
30.852649	0.0000000
30.859031	0.0000000
30.865414	0.0000000
30.871797	0.0000000
30.878180	0.0000000
30.884563	0.0000000
30.890945	0.0000000
30.897328	0.0000000
30.903711	0.0000000
30.910094	0.0000000
30.916477	0.0000000
30.922860	0.0000000
30.929242	0.0000000
30.935625	0.0000000
30.942008	0.0000000
30.948391	0.0000000
30.954774	0.0000000
30.961156	0.0000000
30.967539	0.0000000
30.973922	0.0000000
30.980305	0.0000000
30.986688	0.0000000
30.993071	0.0000000
30.999453	0.0000000
31.005836	0.0000000
31.012219	0.0000000
31.018602	0.0000000
31.024985	0.0000000
31.031367	0.0000000
31.037750	0.0000000
31.044133	0.0000000
31.050516	0.0000000
31.056899	0.0000000
31.063282	0.0000000
31.069664	0.0000000
31.076047	0.0000000
31.082430	0.0000000
31.088813	0.0000000
31.095196	0.0000000
31.101578	0.0000000
31.107961	0.0000000
31.114344	0.0000000
31.120727	0.0000000
31.127110	0.0000000
31.133493	0.0000000
31.139875	0.0000000
31.146258	0.0000000
31.152641	0.0000000
31.159024	0.0000000
31.165407	0.0000000
31.171789	0.0000000
31.178172	0.0000000
31.184555	0.0000000
31.190938	0.0000000
31.197321	0.0000000
31.203704	0.0000000
31.210086	0.0000000
31.216469	0.0000000
31.222852	0.0000000
31.229235	0.0000000
31.235618	0.0000000
31.242000	0.0000000
31.248383	0.0000000
31.254766	0.0000000
31.261149	0.0000000
31.267532	0.0000000
31.273915	0.0000000
31.280297	0.0000000
31.286680	0.0000000
31.293063	0.0000000
31.299446	0.0000000
31.305829	0.0000000
31.312211	0.0000000
31.318594	0.0000000
31.324977	0.0000000
31.331360	0.0000000
31.337743	0.0000000
31.344126	0.0000000
31.350508	0.0000000
31.356891	0.0000000
31.363274	0.0000000
31.369657	0.0000000
31.376040	0.0000000
31.382422	0.0000000
31.388805	0.0000000
31.395188	0.0000000
31.401571	0.0000000
31.407954	0.0000000
31.414337	0.0000000
31.420719	0.0000000
31.427102	0.0000000
31.433485	0.0000000
31.439868	0.0000000
31.446251	0.0000000
31.452633	0.0000000
31.459016	0.0000000
31.465399	0.0000000
31.471782	0.0000000
31.478165	0.0000000
31.484548	0.0000000
31.490930	0.0000000
31.497313	0.0000000
31.503696	0.0000000
31.510079	0.0000000
31.516462	0.0000000
31.522844	0.0000000
31.529227	0.0000000
31.535610	0.0000000
31.541993	0.0000000
31.548376	0.0000000
31.554759	0.0000000
31.561141	0.0000000
31.567524	0.0000000
31.573907	0.0000000
31.580290	0.0000000
31.586673	0.0000000
31.593055	0.0000000
31.599438	0.0000000
31.605821	0.0000000
31.612204	0.0000000
31.618587	0.0000000
31.624970	0.0000000
31.631352	0.0000000
31.637735	0.0000000
31.644118	0.0000000
31.650501	0.0000000
31.656884	0.0000000
31.663266	0.0000000
31.669649	0.0000000
31.676032	0.0000000
31.682415	0.0000000
31.688798	0.0000000
31.695181	0.0000000
31.701563	0.0000000
31.707946	0.0000000
31.714329	0.0000000
31.720712	0.0000000
31.727095	0.0000000
31.733477	0.0000000
31.739860	0.0000000
31.746243	0.0000000
31.752626	0.0000000
31.759009	0.0000000
31.765392	0.0000000
31.771774	0.0000000
31.778157	0.0000000
31.784540	0.0000000
31.790923	0.0000000
31.797306	0.0000000
31.803688	0.0000000
31.810071	0.0000000
31.816454	0.0000000
31.822837	0.0000000
31.829220	0.0000000
31.835603	0.0000000
31.841985	0.0000000
31.848368	0.0000000
31.854751	0.0000000
31.861134	0.0000000
31.867517	0.0000000
31.873899	0.0000000
31.880282	0.0000000
31.886665	0.0000000
31.893048	0.0000000
31.899431	0.0000000
31.905814	0.0000000
31.912196	0.0000000
31.918579	0.0000000
