0.010870201	0.0000000
0.017253020	0.0000000
0.023635838	0.0000000
0.030018656	0.0000000
0.036401475	0.0000000
0.042784293	0.0000000
0.049167111	0.0000000
0.055549930	0.0000000
0.061932748	0.0000000
0.068315566	0.0000000
0.074698385	0.0000000
0.081081203	0.0000000
0.087464022	0.0000000
0.093846840	0.0000000
0.10022966	0.0000000
0.10661248	0.0000000
0.11299529	0.0000000
0.11937811	0.0000000
0.12576093	0.0000000
0.13214375	0.0000000
0.13852657	0.0000000
0.14490939	0.0000000
0.15129221	0.0000000
0.15767502	0.0000000
0.16405784	0.0000000
0.17044066	0.0000000
0.17682348	0.0000000
0.18320630	0.0000000
0.18958912	0.0000000
0.19597193	0.0000000
0.20235475	7103.4764
0.20873757	7292.5298
0.21512039	6440.4344
0.22150321	5102.2620
0.22788603	4270.4066
0.23426884	2960.0854
0.24065166	1701.5643
0.24703448	820.58752
0.25341730	146.24870
0.25980012	-518.15658
0.26618294	-1011.9855
0.27256575	-1413.6264
0.27894857	-1890.4873
0.28533139	-2142.6247
0.29171421	-2319.4762
0.29809703	-2460.3284
0.30447985	-2592.6185
0.31086266	-2832.9001
0.31724548	-2906.2450
0.32362830	-3186.7636
0.33001112	-3609.2453
0.33639394	-3766.0597
0.34277676	-3844.2345
0.34915957	-3707.0650
0.35554239	-3863.5490
0.36192521	-3620.0008
0.36830803	-3732.7750
0.37469085	-3585.0595
0.38107367	-3247.5907
0.38745648	-2870.1043
0.39383930	-2442.7894
0.40022212	-2391.7199
0.40660494	-2306.6569
0.41298776	-2484.7132
0.41937058	-2538.3773
0.42575339	-2652.8102
0.43213621	-2691.0415
0.43851903	-2683.2711
0.44490185	-2771.2228
0.45128467	-2840.1159
0.45766749	-2935.7615
0.46405030	-2985.9942
0.47043312	-3016.7656
0.47681594	-3039.3338
0.48319876	-2996.8986
0.48958158	-2922.0735
0.49596440	-2808.2754
0.50234722	-2839.9047
0.50873003	-2848.7265
0.51511285	-2887.7597
0.52149567	-2839.3439
0.52787849	-2777.6606
0.53426131	-2682.7624
0.54064413	-2616.4610
0.54702694	-2539.2724
0.55340976	-2531.6533
0.55979258	-2500.4599
0.56617540	-2473.9316
0.57255822	-2341.5985
0.57894104	-2220.5007
0.58532385	-2118.1806
0.59170667	-1996.0504
0.59808949	-1905.9319
0.60447231	-1736.0696
0.61085513	-1602.0014
0.61723795	-1319.9145
0.62362076	-1136.3742
0.63000358	-949.74706
0.63638640	-785.52250
0.64276922	-596.47245
0.64915204	-502.22476
0.65553486	-501.26527
0.66191767	-481.08302
0.66830049	-465.96074
0.67468331	-451.93951
0.68106613	-604.81027
0.68744895	-672.03552
0.69383177	-660.43410
0.70021458	-632.71639
0.70659740	-568.96615
0.71298022	-527.59537
0.71936304	-458.84604
0.72574586	-358.84397
0.73212868	-306.67084
0.73851149	-237.60275
0.74489431	-196.72378
0.75127713	-71.493563
0.75765995	37.093028
0.76404277	121.76304
0.77042559	239.80262
0.77680840	400.60805
0.78319122	629.75105
0.78957404	810.15779
0.79595686	1083.5526
0.80233968	1359.2629
0.80872250	1687.2268
0.81510531	2003.2339
0.82148813	2236.0540
0.82787095	2466.7614
0.83425377	2679.6345
0.84063659	2879.3545
0.84701941	3013.3038
0.85340223	2987.3166
0.85978504	2871.7370
0.86616786	2736.3573
0.87255068	2633.7214
0.87893350	2574.6563
0.88531632	2414.0496
0.89169914	2263.7550
0.89808195	2162.0196
0.90446477	2141.5291
0.91084759	2158.8897
0.91723041	2250.4935
0.92361323	2347.2679
0.92999605	2408.2754
0.93637886	2504.4149
0.94276168	2592.6856
0.94914450	2652.1440
0.95552732	2699.8259
0.96191014	2731.3537
0.96829296	2918.3329
0.97467577	3046.5232
0.98105859	3127.2549
0.98744141	3125.0818
0.99382423	3139.9446
1.0002070	3190.7957
1.0065899	3369.2462
1.0129727	3598.7254
1.0193555	3730.3339
1.0257383	3806.2560
1.0321211	3883.7451
1.0385040	3981.2140
1.0448868	4143.4988
1.0512696	4301.9233
1.0576524	4439.3658
1.0640352	4523.3630
1.0704180	4679.1843
1.0768009	4828.6128
1.0831837	5066.3743
1.0895665	5229.3180
1.0959493	5344.1697
1.1023321	5528.3271
1.1087150	5738.3298
1.1150978	6022.5407
1.1214806	6341.1671
1.1278634	6786.2135
1.1342462	7378.5875
1.1406291	8151.2517
1.1470119	9516.8223
1.1533947	11476.162
1.1597775	14889.660
1.1661603	20542.431
1.1725431	29205.906
1.1789260	43730.559
1.1853088	59771.249
1.1916916	81475.148
1.1980744	101301.90
1.2044572	119853.72
1.2108401	136166.11
1.2172229	147740.99
1.2236057	157515.74
1.2299885	162153.90
1.2363713	161824.45
1.2427541	155264.22
1.2491370	142709.55
1.2555198	124624.27
1.2619026	105943.93
1.2682854	84627.500
1.2746682	66301.316
1.2810511	50403.567
1.2874339	37690.817
1.2938167	28555.566
1.3001995	22499.427
1.3065823	19139.105
1.3129651	17546.757
1.3193480	17243.579
1.3257308	18004.620
1.3321136	19790.639
1.3384964	23248.948
1.3448792	29495.885
1.3512621	39376.887
1.3576449	58583.173
1.3640277	86568.487
1.3704105	132566.85
1.3767933	191931.79
1.3831761	258534.35
1.3895590	332072.26
1.3959418	392475.11
1.4023246	449302.23
1.4087074	489855.91
1.4150902	521540.97
1.4214731	540095.64
1.4278559	541010.64
1.4342387	517627.82
1.4406215	478220.79
1.4470043	416067.08
1.4533872	347498.87
1.4597700	279711.10
1.4661528	209884.84
1.4725356	157288.05
1.4789184	109245.15
1.4853012	78231.545
1.4916841	55230.500
1.4980669	42328.046
1.5044497	36170.512
1.5108325	34653.290
1.5172153	37295.462
1.5235982	45664.688
1.5299810	60958.036
1.5363638	86117.644
1.5427466	123956.63
1.5491294	166966.80
1.5555122	218807.38
1.5618951	264411.26
1.5682779	306292.54
1.5746607	340190.26
1.5810435	365218.18
1.5874263	383696.37
1.5938092	390037.97
1.6001920	382502.57
1.6065748	360282.36
1.6129576	322895.80
1.6193404	276952.99
1.6257232	228731.63
1.6321061	179622.02
1.6384889	138606.34
1.6448717	103162.25
1.6512545	78254.472
1.6576373	60601.659
1.6640202	51898.562
1.6704030	49890.283
1.6767858	55242.700
1.6831686	66891.130
1.6895514	90250.815
1.6959342	119801.58
1.7023171	159051.85
1.7086999	200526.35
1.7150827	238264.46
1.7214655	273762.79
1.7278483	299044.86
1.7342312	320689.95
1.7406140	333617.96
1.7469968	337814.90
1.7533796	329600.57
1.7597624	310286.43
1.7661453	274941.68
1.7725281	237658.78
1.7789109	194365.93
1.7852937	153166.34
1.7916765	118189.40
1.7980593	86495.415
1.8044422	65084.904
1.8108250	48066.845
1.8172078	38224.470
1.8235906	31885.404
1.8299734	28439.120
1.8363563	26488.982
1.8427391	25363.219
1.8491219	24832.304
1.8555047	24517.307
1.8618875	24353.391
1.8682703	24265.015
1.8746532	24268.237
1.8810360	24487.984
1.8874188	24982.444
1.8938016	25751.264
1.9001844	26954.329
1.9065673	28607.094
1.9129501	30951.476
1.9193329	34160.323
1.9257157	38354.283
1.9320985	44209.926
1.9384813	50802.151
1.9448642	59550.493
1.9512470	69913.079
1.9576298	84189.738
1.9640126	103192.44
1.9703954	124710.95
1.9767783	150900.39
1.9831611	173221.59
1.9895439	193677.50
1.9959267	208067.91
2.0023095	218186.21
2.0086923	223919.16
2.0150752	224982.72
2.0214580	219528.56
2.0278408	208093.64
2.0342236	189217.05
2.0406064	165144.23
2.0469893	140900.17
2.0533721	113403.80
2.0597549	91702.906
2.0661377	71209.985
2.0725205	56187.461
2.0789034	44656.945
2.0852862	36995.875
2.0916690	32650.869
2.0980518	29968.287
2.1044346	28720.451
2.1108174	28050.414
2.1172003	27958.836
2.1235831	28253.769
2.1299659	29071.552
2.1363487	30348.549
2.1427315	32396.534
2.1491144	34766.191
2.1554972	37483.034
2.1618800	40262.061
2.1682628	42735.703
2.1746456	44872.703
2.1810284	46501.591
2.1874113	47705.579
2.1937941	48178.834
2.2001769	47720.852
2.2065597	46242.111
2.2129425	43912.523
2.2193254	40750.783
2.2257082	37538.549
2.2320910	34080.011
2.2384738	31226.471
2.2448566	28759.926
2.2512394	26986.640
2.2576223	25785.658
2.2640051	25229.593
2.2703879	25372.703
2.2767707	26387.457
2.2831535	28273.606
2.2895364	31827.641
2.2959192	38204.409
2.3023020	48221.804
2.3086848	66530.208
2.3150676	89453.875
2.3214504	121563.81
2.3278333	155375.30
2.3342161	188216.48
2.3405989	219408.02
2.3469817	242483.96
2.3533645	263115.58
2.3597474	276438.97
2.3661302	283411.83
2.3725130	280862.50
2.3788958	267866.13
2.3852786	243387.80
2.3916615	214972.58
2.3980443	180806.62
2.4044271	149574.48
2.4108099	122807.22
2.4171927	102056.91
2.4235755	88778.580
2.4299584	82383.225
2.4363412	81030.645
2.4427240	82857.288
2.4491068	85843.761
2.4554896	88880.846
2.4618725	91471.960
2.4682553	92851.250
2.4746381	92327.640
2.4810209	89548.476
2.4874037	83906.639
2.4937865	77077.026
2.5001694	69358.212
2.5065522	62260.884
2.5129350	57407.168
2.5193178	55469.713
2.5257006	56599.447
2.5320835	60815.103
2.5384663	66357.282
2.5448491	72368.032
2.5512319	78095.605
2.5576147	82626.671
2.5639975	86500.712
2.5703804	88492.880
2.5767632	88410.496
2.5831460	85703.852
2.5895288	80602.878
2.5959116	72854.422
2.6022945	65185.966
2.6086773	56593.865
2.6150601	49784.993
2.6214429	44553.783
2.6278257	41189.905
2.6342085	39500.702
2.6405914	39182.771
2.6469742	39630.620
2.6533570	40486.136
2.6597398	41322.449
2.6661226	41934.282
2.6725055	42152.912
2.6788883	41651.203
2.6852711	40306.992
2.6916539	38393.408
2.6980367	35838.454
2.7044196	33267.009
2.7108024	30641.815
2.7171852	28291.230
2.7235680	26271.221
2.7299508	24680.045
2.7363336	23637.334
2.7427165	22982.582
2.7490993	22628.775
2.7554821	22486.391
2.7618649	22466.828
2.7682477	22574.219
2.7746306	22942.033
2.7810134	23421.896
2.7873962	24237.500
2.7937790	25083.164
2.8001618	25972.132
2.8065446	26850.839
2.8129275	27585.110
2.8193103	28334.331
2.8256931	28863.971
2.8320759	29312.813
2.8384587	29562.016
2.8448416	29579.761
2.8512244	29418.622
2.8576072	29260.023
2.8639900	29174.348
2.8703728	29405.109
2.8767556	30237.337
2.8831385	32015.533
2.8895213	34919.794
2.8959041	39102.956
2.9022869	43808.501
2.9086697	49084.967
2.9150526	53745.565
2.9214354	57716.756
2.9278182	60892.886
2.9342010	63274.458
2.9405838	64767.407
2.9469666	65007.022
2.9533495	63590.373
2.9597323	61025.511
2.9661151	57301.799
2.9724979	53420.047
2.9788807	49999.056
2.9852636	47165.583
2.9916464	45364.861
2.9980292	44247.009
3.0044120	43863.359
3.0107948	43949.814
3.0171777	44579.679
3.0235605	45380.786
3.0299433	46292.981
3.0363261	46921.181
3.0427089	47551.252
3.0490917	48384.270
3.0554746	50040.182
3.0618574	52901.341
3.0682402	56700.349
3.0746230	61541.698
3.0810058	66123.938
3.0873887	70750.543
3.0937715	74765.264
3.1001543	78126.435
3.1065371	81071.541
3.1129199	83132.610
3.1193027	84569.459
3.1256856	85706.277
3.1320684	87937.813
3.1384512	92200.866
3.1448340	99752.805
3.1512168	109750.19
3.1575997	120760.49
3.1639825	131982.78
3.1703653	141281.08
3.1767481	149634.37
3.1831309	155928.22
3.1895137	160154.43
3.1958966	160955.57
3.2022794	157644.33
3.2086622	149590.50
3.2150450	139920.23
3.2214278	128084.98
3.2278107	117557.38
3.2341935	108390.83
3.2405763	100850.86
3.2469591	95459.321
3.2533419	91668.584
3.2597247	89625.991
3.2661076	88537.319
3.2724904	87653.686
3.2788732	85755.450
3.2852560	82340.081
3.2916388	77949.672
3.2980217	72333.962
3.3044045	67045.310
3.3107873	62048.047
3.3171701	57840.415
3.3235529	54741.039
3.3299357	52687.695
3.3363186	51662.306
3.3427014	51604.931
3.3490842	51981.225
3.3554670	52352.034
3.3618498	52401.561
3.3682327	52107.175
3.3746155	51520.236
3.3809983	50811.647
3.3873811	50136.060
3.3937639	49641.776
3.4001468	49507.076
3.4065296	49735.674
3.4129124	50566.536
3.4192952	52266.127
3.4256780	55052.035
3.4320608	60155.426
3.4384437	67150.451
3.4448265	77870.013
3.4512093	91169.845
3.4575921	105864.43
3.4639749	121372.75
3.4703578	134112.21
3.4767406	145370.43
3.4831234	153363.02
3.4895062	159056.26
3.4958890	161786.95
3.5022718	160463.85
3.5086547	154382.55
3.5150375	144374.64
3.5214203	130234.51
3.5278031	115201.42
3.5341859	99735.516
3.5405688	85308.841
3.5469516	72845.582
3.5533344	62836.712
3.5597172	55557.360
3.5661000	50422.316
3.5724828	47373.659
3.5788657	45347.648
3.5852485	44141.730
3.5916313	43270.934
3.5980141	42699.973
3.6043969	42461.406
3.6107798	42625.654
3.6171626	43278.813
3.6235454	44720.317
3.6299282	47120.890
3.6363110	50859.221
3.6426938	57299.610
3.6490767	66467.524
3.6554595	81717.253
3.6618423	100433.59
3.6682251	123682.27
3.6746079	148461.36
3.6809908	170841.60
3.6873736	191075.99
3.6937564	206608.44
3.7001392	219015.67
3.7065220	226696.71
3.7129049	228577.54
3.7192877	223695.24
3.7256705	211196.86
3.7320533	191911.02
3.7384361	170071.61
3.7448189	145105.53
3.7512018	122968.18
3.7575846	102249.93
3.7639674	86108.976
3.7703502	73371.036
3.7767330	64829.777
3.7831159	59806.443
3.7894987	57437.033
3.7958815	57204.632
3.8022643	58331.999
3.8086471	60280.235
3.8150299	62468.119
3.8214128	64812.688
3.8277956	66765.360
3.8341784	68752.922
3.8405612	70414.088
3.8469440	72018.301
3.8533269	73390.793
3.8597097	74521.466
3.8660925	75578.684
3.8724753	76546.927
3.8788581	77256.240
3.8852409	77640.429
3.8916238	77747.650
3.8980066	77738.485
3.9043894	77508.462
3.9107722	77002.196
3.9171550	75703.562
3.9235379	73315.311
3.9299207	70164.623
3.9363035	65984.791
3.9426863	61803.394
3.9490691	57786.181
3.9554519	54379.194
3.9618348	52068.125
3.9682176	51256.010
3.9746004	52406.039
3.9809832	56499.444
3.9873660	63428.336
3.9937489	73111.703
4.0001317	85277.645
4.0065145	97078.001
4.0128973	109090.04
4.0192801	118632.85
4.0256630	126984.73
4.0320458	133365.31
4.0384286	137101.29
4.0448114	137773.15
4.0511942	134594.26
4.0575770	127407.84
4.0639599	117871.55
4.0703427	106271.78
4.0767255	94589.494
4.0831083	83226.129
4.0894911	73356.193
4.0958740	65276.791
4.1022568	58964.130
4.1086396	54648.862
4.1150224	51448.026
4.1214052	49458.487
4.1277880	47935.887
4.1341709	46832.887
4.1405537	46090.703
4.1469365	45766.433
4.1533193	45978.200
4.1597021	46961.496
4.1660850	48907.576
4.1724678	52079.219
4.1788506	56476.072
4.1852334	61311.887
4.1916162	66633.693
4.1979990	71264.324
4.2043819	75579.579
4.2107647	79249.128
4.2171475	82709.536
4.2235303	86135.427
4.2299131	89450.567
4.2362960	92763.135
4.2426788	95540.090
4.2490616	97780.263
4.2554444	99104.162
4.2618272	99683.039
4.2682100	99550.716
4.2745929	99111.805
4.2809757	98404.697
4.2873585	97101.891
4.2937413	94548.302
4.3001241	90932.750
4.3065070	85836.713
4.3128898	79889.605
4.3192726	73924.363
4.3256554	67929.525
4.3320382	63443.425
4.3384211	60175.008
4.3448039	58873.892
4.3511867	59424.727
4.3575695	61618.656
4.3639523	64699.973
4.3703351	68123.126
4.3767180	71165.877
4.3831008	73666.167
4.3894836	75468.176
4.3958664	76638.078
4.4022492	76872.557
4.4086321	75780.671
4.4150149	73224.766
4.4213977	69505.291
4.4277805	64534.473
4.4341633	59669.537
4.4405461	54631.490
4.4469290	50630.374
4.4533118	47703.465
4.4596946	46416.946
4.4660774	46754.852
4.4724602	48772.558
4.4788431	51545.482
4.4852259	54950.839
4.4916087	58101.328
4.4979915	60775.685
4.5043743	63010.109
4.5107571	64608.744
4.5171400	65492.196
4.5235228	65317.651
4.5299056	63910.978
4.5362884	61590.846
4.5426712	58415.315
4.5490541	54888.871
4.5554369	51390.203
4.5618197	48178.439
4.5682025	45710.085
4.5745853	43813.013
4.5809681	42703.661
4.5873510	42075.254
4.5937338	41903.384
4.6001166	42006.142
4.6064994	42347.546
4.6128822	43066.130
4.6192651	44456.082
4.6256479	46546.198
4.6320307	49732.764
4.6384135	53765.708
4.6447963	58263.021
4.6511792	63021.815
4.6575620	67400.879
4.6639448	71521.689
4.6703276	75134.687
4.6767104	78733.824
4.6830932	81973.086
4.6894761	84869.722
4.6958589	86989.796
4.7022417	88028.303
4.7086245	87821.509
4.7150073	86834.460
4.7213902	85108.412
4.7277730	83421.512
4.7341558	81910.587
4.7405386	80708.372
4.7469214	79464.873
4.7533042	77862.517
4.7596871	75957.527
4.7660699	73319.100
4.7724527	70629.787
4.7788355	68018.920
4.7852183	65778.062
4.7916012	64038.866
4.7979840	62697.032
4.8043668	61492.736
4.8107496	60159.027
4.8171324	58686.847
4.8235152	56905.195
4.8298981	55078.080
4.8362809	53197.573
4.8426637	51366.651
4.8490465	49555.544
4.8554293	47602.006
4.8618122	45675.741
4.8681950	43511.535
4.8745778	41490.791
4.8809606	39537.502
4.8873434	37759.392
4.8937262	36356.129
4.9001091	35186.782
4.9064919	34439.073
4.9128747	34017.102
4.9192575	33876.919
4.9256403	33900.887
4.9320232	34023.481
4.9384060	34257.989
4.9447888	34544.923
4.9511716	34867.625
4.9575544	35257.771
4.9639373	35631.405
4.9703201	36013.779
4.9767029	36338.307
4.9830857	36672.096
4.9894685	37028.120
4.9958513	37349.640
5.0022342	37792.390
5.0086170	38259.083
5.0149998	38790.175
5.0213826	39224.757
5.0277654	39647.920
5.0341483	40104.974
5.0405311	40646.955
5.0469139	41320.371
5.0532967	42086.006
5.0596795	42947.589
5.0660623	43785.594
5.0724452	44678.973
5.0788280	45625.766
5.0852108	46862.558
5.0915936	48583.719
5.0979764	50892.394
5.1043593	54114.786
5.1107421	57443.753
5.1171249	61046.458
5.1235077	64099.079
5.1298905	66646.159
5.1362733	68754.840
5.1426562	70380.224
5.1490390	71659.588
5.1554218	72095.713
5.1618046	71549.590
5.1681874	69993.293
5.1745703	67583.952
5.1809531	64622.966
5.1873359	61652.821
5.1937187	58900.125
5.2001015	56834.740
5.2064843	55343.866
5.2128672	54337.291
5.2192500	53523.564
5.2256328	52919.812
5.2320156	52330.330
5.2383984	51745.217
5.2447813	51173.342
5.2511641	50540.264
5.2575469	49805.726
5.2639297	48875.418
5.2703125	47980.180
5.2766954	47326.032
5.2830782	47225.837
5.2894610	47998.249
5.2958438	49837.742
5.3022266	52496.691
5.3086094	55953.839
5.3149923	59443.239
5.3213751	62787.434
5.3277579	65578.574
5.3341407	67785.270
5.3405235	69272.819
5.3469064	69840.982
5.3532892	69238.085
5.3596720	67512.586
5.3660548	64520.037
5.3724376	60915.106
5.3788204	56967.333
5.3852033	52987.344
5.3915861	49724.320
5.3979689	47085.073
5.4043517	45409.769
5.4107345	44611.468
5.4171174	44874.129
5.4235002	46412.825
5.4298830	49305.207
5.4362658	53797.215
5.4426486	59693.540
5.4490314	66206.026
5.4554143	73071.346
5.4617971	78898.560
5.4681799	84051.045
5.4745627	87746.314
5.4809455	90266.992
5.4873284	91175.195
5.4937112	90179.741
5.5000940	86876.140
5.5064768	81944.260
5.5128596	75376.119
5.5192424	68538.751
5.5256253	61963.224
5.5320081	56166.644
5.5383909	51623.634
5.5447737	48293.437
5.5511565	46192.867
5.5575394	45127.228
5.5639222	44851.744
5.5703050	45124.746
5.5766878	45670.484
5.5830706	46420.083
5.5894535	47189.325
5.5958363	47785.773
5.6022191	48141.514
5.6086019	48203.800
5.6149847	48073.289
5.6213675	47778.554
5.6277504	47314.940
5.6341332	46617.919
5.6405160	45698.231
5.6468988	44579.095
5.6532816	43508.381
5.6596645	42506.722
5.6660473	41753.012
5.6724301	41251.485
5.6788129	41066.317
5.6851957	41090.188
5.6915785	41296.682
5.6979614	41554.533
5.7043442	41910.902
5.7107270	42234.242
5.7171098	42481.190
5.7234926	42501.254
5.7298755	42289.666
5.7362583	41843.614
5.7426411	41232.952
5.7490239	40521.217
5.7554067	39822.989
5.7617895	39163.407
5.7681724	38597.458
5.7745552	38132.541
5.7809380	37844.306
5.7873208	37744.017
5.7937036	37886.813
5.8000865	38263.199
5.8064693	38908.633
5.8128521	39634.825
5.8192349	40594.740
5.8256177	41611.328
5.8320005	42897.459
5.8383834	44445.768
5.8447662	46252.060
5.8511490	48218.303
5.8575318	49967.528
5.8639146	51502.281
5.8702975	52713.475
5.8766803	53700.283
5.8830631	54448.155
5.8894459	55068.408
5.8958287	55355.837
5.9022116	55223.393
5.9085944	54547.238
5.9149772	53523.510
5.9213600	52136.210
5.9277428	50859.865
5.9341256	49597.961
5.9405085	48380.222
5.9468913	47204.962
5.9532741	46075.843
5.9596569	45052.234
5.9660397	44069.645
5.9724226	43195.166
5.9788054	42375.582
5.9851882	41715.758
5.9915710	41255.869
5.9979538	41128.880
6.0043366	41439.974
6.0107195	42263.639
6.0171023	43539.760
6.0234851	45191.237
6.0298679	46861.693
6.0362507	48584.285
6.0426336	50050.195
6.0490164	51235.946
6.0553992	52042.712
6.0617820	52414.403
6.0681648	52174.814
6.0745476	51282.427
6.0809305	49671.628
6.0873133	47798.493
6.0936961	45659.985
6.1000789	43764.263
6.1064617	42125.672
6.1128446	41062.769
6.1192274	40690.174
6.1256102	41186.550
6.1319930	42526.955
6.1383758	44949.067
6.1447586	47958.795
6.1511415	51421.276
6.1575243	54796.642
6.1639071	57940.322
6.1702899	60597.229
6.1766727	62787.631
6.1830556	64364.448
6.1894384	65175.109
6.1958212	65014.368
6.2022040	63868.189
6.2085868	61669.892
6.2149696	59015.773
6.2213525	56201.371
6.2277353	53382.009
6.2341181	50876.781
6.2405009	48570.759
6.2468837	46698.672
6.2532666	45120.008
6.2596494	43914.506
6.2660322	42900.320
6.2724150	42106.217
6.2787978	41328.145
6.2851807	40609.482
6.2915635	39872.897
6.2979463	39105.012
6.3043291	38356.078
6.3107119	37608.690
6.3170947	36910.034
6.3234776	36153.096
6.3298604	35340.405
6.3362432	34571.613
6.3426260	33914.362
6.3490088	33360.396
6.3553917	32886.816
6.3617745	32463.420
6.3681573	32168.608
6.3745401	31998.544
6.3809229	31913.111
6.3873057	31890.547
6.3936886	31887.711
6.4000714	31933.377
6.4064542	32008.017
6.4128370	32067.074
6.4192198	32113.300
6.4256027	32163.369
6.4319855	32249.634
6.4383683	32422.800
6.4447511	32697.473
6.4511339	33165.800
6.4575167	33884.258
6.4638996	34855.896
6.4702824	36112.757
6.4766652	37398.940
6.4830480	38852.941
6.4894308	40251.448
6.4958137	41775.216
6.5021965	43304.422
6.5085793	44747.514
6.5149621	45953.122
6.5213449	46649.370
6.5277277	46935.344
6.5341106	46820.180
6.5404934	46402.461
6.5468762	45748.562
6.5532590	44823.351
6.5596418	43746.533
6.5660247	42545.516
6.5724075	41272.427
6.5787903	40141.106
6.5851731	39021.545
6.5915559	38126.567
6.5979388	37330.188
6.6043216	36756.146
6.6107044	36330.276
6.6170872	36019.369
6.6234700	35786.889
6.6298528	35644.524
6.6362357	35583.772
6.6426185	35591.576
6.6490013	35679.448
6.6553841	35911.124
6.6617669	36228.394
6.6681498	36594.727
6.6745326	36957.766
6.6809154	37323.723
6.6872982	37642.137
6.6936810	37882.128
6.7000638	38062.660
6.7064467	38106.028
6.7128295	37994.274
6.7192123	37762.363
6.7255951	37451.563
6.7319779	37135.441
6.7383608	36931.696
6.7447436	36914.576
6.7511264	37145.241
6.7575092	37755.654
6.7638920	38724.952
6.7702748	40172.578
6.7766577	41826.591
6.7830405	43634.568
6.7894233	45296.449
6.7958061	46730.919
6.8021889	47815.040
6.8085718	48536.027
6.8149546	48830.546
6.8213374	48604.178
6.8277202	47799.693
6.8341030	46499.972
6.8404858	44802.693
6.8468687	43004.058
6.8532515	41281.557
6.8596343	39714.113
6.8660171	38483.484
6.8723999	37630.213
6.8787828	37122.854
6.8851656	36979.821
6.8915484	37066.911
6.8979312	37232.399
6.9043140	37383.559
6.9106969	37548.675
6.9170797	37710.136
6.9234625	37830.486
6.9298453	37965.722
6.9362281	38187.431
6.9426109	38575.870
6.9489938	39078.175
6.9553766	39821.682
6.9617594	40714.497
6.9681422	41779.325
6.9745250	42794.770
6.9809079	43716.949
6.9872907	44529.544
6.9936735	45101.692
7.0000563	45502.126
7.0064391	45521.212
7.0128219	45155.405
7.0192048	44492.306
7.0255876	43607.445
7.0319704	42648.292
7.0383532	41707.634
7.0447360	40936.229
7.0511189	40490.250
7.0575017	40413.683
7.0638845	40662.950
7.0702673	41245.200
7.0766501	42010.807
7.0830329	42862.470
7.0894158	43694.030
7.0957986	44466.572
7.1021814	45187.427
7.1085642	45850.727
7.1149470	46298.851
7.1213299	46505.483
7.1277127	46419.518
7.1340955	46167.322
7.1404783	45726.223
7.1468611	45208.506
7.1532439	44641.232
7.1596268	44034.373
7.1660096	43399.096
7.1723924	42715.769
7.1787752	42071.758
7.1851580	41447.956
7.1915409	40902.301
7.1979237	40336.187
7.2043065	39849.285
7.2106893	39398.072
7.2170721	39109.343
7.2234550	39009.320
7.2298378	39161.855
7.2362206	39627.538
7.2426034	40366.387
7.2489862	41261.213
7.2553690	42299.335
7.2617519	43249.445
7.2681347	44136.779
7.2745175	44822.015
7.2809003	45300.760
7.2872831	45488.224
7.2936660	45344.939
7.3000488	44919.403
7.3064316	44241.880
7.3128144	43387.870
7.3191972	42572.290
7.3255800	41946.827
7.3319629	41780.367
7.3383457	42220.994
7.3447285	43159.841
7.3511113	44636.834
7.3574941	46422.355
7.3638770	48239.104
7.3702598	49980.915
7.3766426	51434.761
7.3830254	52673.888
7.3894082	53420.247
7.3957910	53633.632
7.4021739	53187.811
7.4085567	52061.770
7.4149395	50483.935
7.4213223	48538.177
7.4277051	46418.600
7.4340880	44436.699
7.4404708	42549.405
7.4468536	41003.414
7.4532364	39699.326
7.4596192	38731.032
7.4660020	37933.598
7.4723849	37301.400
7.4787677	36788.118
7.4851505	36339.654
7.4915333	35956.880
7.4979161	35607.741
7.5042990	35291.760
7.5106818	34948.299
7.5170646	34635.377
7.5234474	34333.689
7.5298302	34063.244
7.5362131	33819.863
7.5425959	33647.012
7.5489787	33539.893
7.5553615	33505.402
7.5617443	33523.797
7.5681271	33551.792
7.5745100	33579.384
7.5808928	33605.306
7.5872756	33623.845
7.5936584	33730.274
7.6000412	33847.406
7.6064241	33994.611
7.6128069	34124.198
7.6191897	34331.799
7.6255725	34612.414
7.6319553	34997.299
7.6383381	35510.524
7.6447210	36111.812
7.6511038	36841.312
7.6574866	37622.798
7.6638694	38421.895
7.6702522	39088.460
7.6766351	39630.325
7.6830179	40008.570
7.6894007	40221.907
7.6957835	40193.196
7.7021663	39996.152
7.7085491	39563.828
7.7149320	38964.705
7.7213148	38203.509
7.7276976	37417.030
7.7340804	36628.242
7.7404632	35939.366
7.7468461	35316.981
7.7532289	34837.921
7.7596117	34478.913
7.7659945	34238.299
7.7723773	34125.419
7.7787601	34112.386
7.7851430	34183.198
7.7915258	34272.025
7.7979086	34340.253
7.8042914	34376.962
7.8106742	34403.126
7.8170571	34383.842
7.8234399	34321.842
7.8298227	34172.903
7.8362055	33969.953
7.8425883	33713.541
7.8489712	33412.581
7.8553540	33122.268
7.8617368	32835.509
7.8681196	32656.037
7.8745024	32624.498
7.8808852	32755.087
7.8872681	32940.959
7.8936509	33170.479
7.9000337	33390.330
7.9064165	33613.433
7.9127993	33738.319
7.9191822	33789.772
7.9255650	33763.819
7.9319478	33682.880
7.9383306	33533.721
7.9447134	33333.653
7.9510962	33155.297
7.9574791	33002.331
7.9638619	32899.827
7.9702447	32882.547
7.9766275	32951.469
7.9830103	33094.018
7.9893932	33238.551
7.9957760	33371.887
8.0021588	33447.428
8.0085416	33452.629
8.0149244	33389.603
8.0213072	33303.649
8.0276901	33203.865
8.0340729	33113.964
8.0404557	33027.998
8.0468385	32963.182
8.0532213	32936.724
8.0596042	32973.473
8.0659870	32967.967
8.0723698	32997.773
8.0787526	33055.963
8.0851354	33090.862
8.0915182	33077.556
8.0979011	32990.442
8.1042839	32797.599
8.1106667	32624.333
8.1170495	32504.895
8.1234323	32480.148
8.1298152	32545.329
8.1361980	32757.306
8.1425808	33122.957
8.1489636	33583.094
8.1553464	34238.274
8.1617293	34889.900
8.1681121	35592.903
8.1744949	36198.538
8.1808777	36726.682
8.1872605	37037.012
8.1936433	37163.070
8.2000262	37061.629
8.2064090	36786.155
8.2127918	36375.608
8.2191746	35878.987
8.2255574	35291.068
8.2319403	34674.769
8.2383231	34072.860
8.2447059	33512.292
8.2510887	33024.072
8.2574715	32675.906
8.2638543	32390.681
8.2702372	32202.413
8.2766200	32051.971
8.2830028	31953.366
8.2893856	31894.871
8.2957684	31907.840
8.3021513	31907.259
8.3085341	31877.548
8.3149169	31862.158
8.3212997	31854.961
8.3276825	31847.412
8.3340653	31898.051
8.3404482	31933.359
8.3468310	31920.952
8.3532138	31908.469
8.3595966	31943.559
8.3659794	31997.234
8.3723623	32126.274
8.3787451	32373.558
8.3851279	32667.118
8.3915107	33033.517
8.3978935	33407.997
8.4042763	33809.302
8.4106592	34150.169
8.4170420	34444.473
8.4234248	34694.998
8.4298076	34798.556
8.4361904	34749.649
8.4425733	34556.776
8.4489561	34302.699
8.4553389	33920.040
8.4617217	33494.464
8.4681045	33081.556
8.4744874	32675.397
8.4808702	32268.064
8.4872530	31890.775
8.4936358	31543.528
8.5000186	31265.841
8.5064014	31011.888
8.5127843	30807.985
8.5191671	30645.064
8.5255499	30544.368
8.5319327	30473.003
8.5383155	30408.201
8.5446984	30370.840
8.5510812	30380.551
8.5574640	30419.942
8.5638468	30446.159
8.5702296	30508.296
8.5766124	30606.328
8.5829953	30746.637
8.5893781	30880.544
8.5957609	31041.066
8.6021437	31194.971
8.6085265	31396.765
8.6149094	31628.811
8.6212922	31877.622
8.6276750	32152.308
8.6340578	32383.438
8.6404406	32592.126
8.6468234	32777.898
8.6532063	32956.424
8.6595891	33074.422
8.6659719	33099.182
8.6723547	33101.015
8.6787375	33052.674
8.6851204	32959.139
8.6915032	32795.368
8.6978860	32656.979
8.7042688	32482.154
8.7106516	32350.127
8.7170344	32247.983
8.7234173	32206.658
8.7298001	32160.112
8.7361829	32124.919
8.7425657	32101.492
8.7489485	32139.003
8.7553314	32225.804
8.7617142	32382.391
8.7680970	32605.349
8.7744798	32883.388
8.7808626	33237.342
8.7872455	33572.249
8.7936283	33904.319
8.8000111	34138.242
8.8063939	34292.443
8.8127767	34352.731
8.8191595	34346.497
8.8255424	34225.481
8.8319252	34047.769
8.8383080	33840.116
8.8446908	33718.549
8.8510736	33654.187
8.8574565	33679.298
8.8638393	33780.496
8.8702221	33925.500
8.8766049	34061.063
8.8829877	34218.450
8.8893705	34316.196
8.8957534	34352.956
8.9021362	34291.124
8.9085190	34087.830
8.9149018	33757.253
8.9212846	33361.179
8.9276675	32967.644
8.9340503	32554.567
8.9404331	32153.157
8.9468159	31822.755
8.9531987	31558.348
8.9595815	31365.929
8.9659644	31224.003
8.9723472	31145.692
8.9787300	31095.670
8.9851128	31081.531
8.9914956	31115.289
8.9978785	31216.846
9.0042613	31343.280
9.0106441	31461.172
9.0170269	31631.131
9.0234097	31813.260
9.0297925	31932.226
9.0361754	31989.496
9.0425582	32016.646
9.0489410	31967.561
9.0553238	31893.795
9.0617066	31776.496
9.0680895	31647.181
9.0744723	31487.421
9.0808551	31324.041
9.0872379	31212.708
9.0936207	31142.087
9.1000035	31147.754
9.1063864	31229.058
9.1127692	31381.767
9.1191520	31648.094
9.1255348	31918.161
9.1319176	32171.615
9.1383005	32391.510
9.1446833	32544.605
9.1510661	32648.689
9.1574489	32679.125
9.1638317	32605.021
9.1702146	32481.567
9.1765974	32238.484
9.1829802	31948.507
9.1893630	31657.953
9.1957458	31401.139
9.2021286	31212.886
9.2085115	31068.010
9.2148943	30954.116
9.2212771	30874.126
9.2276599	30868.586
9.2340427	30876.302
9.2404256	30927.322
9.2468084	30941.660
9.2531912	30975.855
9.2595740	30966.277
9.2659568	30964.720
9.2723396	30948.198
9.2787225	30973.390
9.2851053	31015.012
9.2914881	31127.685
9.2978709	31343.005
9.3042537	31648.752
9.3106366	32008.603
9.3170194	32312.355
9.3234022	32638.169
9.3297850	32942.691
9.3361678	33224.775
9.3425506	33375.826
9.3489335	33407.541
9.3553163	33275.094
9.3616991	33009.883
9.3680819	32620.716
9.3744647	32180.562
9.3808476	31629.526
9.3872304	31163.026
9.3936132	30726.155
9.3999960	30328.449
9.4063788	29966.959
9.4127616	29735.036
9.4191445	29517.855
9.4255273	29332.325
9.4319101	29165.916
9.4382929	29037.294
9.4446757	28924.267
9.4510586	28803.033
9.4574414	28724.431
9.4638242	28665.005
9.4702070	28583.618
9.4765898	28516.749
9.4829727	28438.649
9.4893555	28436.344
9.4957383	28463.750
9.5021211	28502.810
9.5085039	28584.471
9.5148867	28718.966
9.5212696	28904.742
9.5276524	29070.010
9.5340352	29269.450
9.5404180	29484.508
9.5468008	29661.096
9.5531837	29824.081
9.5595665	29923.703
9.5659493	29942.781
9.5723321	29884.384
9.5787149	29775.460
9.5850977	29628.522
9.5914806	29411.786
9.5978634	29191.876
9.6042462	28951.160
9.6106290	28720.871
9.6170118	28518.316
9.6233947	28381.237
9.6297775	28262.871
9.6361603	28201.664
9.6425431	28141.180
9.6489259	28137.275
9.6553087	28198.099
9.6616916	28261.494
9.6680744	28342.336
9.6744572	28403.283
9.6808400	28453.706
9.6872228	28518.407
9.6936057	28525.576
9.6999885	28500.873
9.7063713	28472.027
9.7127541	28474.973
9.7191369	28499.642
9.7255197	28548.553
9.7319026	28594.705
9.7382854	28638.449
9.7446682	28718.988
9.7510510	28795.561
9.7574338	28844.858
9.7638167	28862.189
9.7701995	28873.861
9.7765823	28824.516
9.7829651	28719.068
9.7893479	28574.935
9.7957308	28402.702
9.8021136	28230.079
9.8084964	28035.980
9.8148792	27864.726
9.8212620	27703.266
9.8276448	27588.016
9.8340277	27524.856
9.8404105	27444.865
9.8467933	27343.473
9.8531761	27275.953
9.8595589	27241.710
9.8659418	27220.844
9.8723246	27178.106
9.8787074	27141.672
9.8850902	27119.450
9.8914730	27097.485
9.8978558	27091.553
9.9042387	27087.337
9.9106215	27078.061
9.9170043	27078.276
9.9233871	27090.837
9.9297699	27098.270
9.9361528	27115.607
9.9425356	27149.909
9.9489184	27166.448
9.9553012	27218.583
9.9616840	27271.765
9.9680668	27298.546
9.9744497	27281.140
9.9808325	27276.852
9.9872153	27274.763
9.9935981	27292.691
9.9999809	27277.850
10.006364	27230.374
10.012747	27122.098
10.019129	27038.162
10.025512	26926.260
10.031895	26857.348
10.038278	26838.950
10.044661	26813.604
10.051043	26786.102
10.057426	26794.631
10.063809	26841.800
10.070192	26909.441
10.076575	26966.559
10.082958	27031.263
10.089340	27094.669
10.095723	27161.464
10.102106	27202.946
10.108489	27220.088
10.114872	27232.262
10.121254	27260.421
10.127637	27302.081
10.134020	27342.705
10.140403	27399.717
10.146786	27480.154
10.153169	27562.829
10.159551	27644.178
10.165934	27769.078
10.172317	27868.243
10.178700	27910.644
10.185083	27912.065
10.191465	27867.344
10.197848	27773.216
10.204231	27636.612
10.210614	27493.105
10.216997	27348.029
10.223380	27197.857
10.229762	27058.514
10.236145	26943.656
10.242528	26838.356
10.248911	26742.041
10.255294	26680.562
10.261676	26657.032
10.268059	26630.216
10.274442	26627.153
10.280825	26622.970
10.287208	26649.842
10.293591	26634.300
10.299973	26581.256
10.306356	26562.680
10.312739	26599.378
10.319122	26627.332
10.325505	26645.386
10.331887	26676.692
10.338270	26729.901
10.344653	26825.467
10.351036	26883.337
10.357419	27013.946
10.363802	27130.260
10.370184	27212.162
10.376567	27296.835
10.382950	27413.004
10.389333	27504.445
10.395716	27514.280
10.402098	27505.346
10.408481	27468.076
10.414864	27374.210
10.421247	27264.518
10.427630	27146.034
10.434013	27034.805
10.440395	26928.122
10.446778	26828.306
10.453161	26767.141
10.459544	26751.126
10.465927	26763.414
10.472309	26758.262
10.478692	26756.576
10.485075	26746.510
10.491458	26788.584
10.497841	26804.379
10.504224	26822.075
10.510606	26808.162
10.516989	26811.234
10.523372	26830.841
10.529755	26868.264
10.536138	26901.963
10.542520	26939.133
10.548903	26955.332
10.555286	26979.770
10.561669	26999.947
10.568052	27011.248
10.574435	26999.477
10.580817	26980.174
10.587200	26926.017
10.593583	26807.982
10.599966	26673.434
10.606349	26557.819
10.612732	26416.492
10.619114	26309.558
10.625497	26221.611
10.631880	26159.527
10.638263	26121.352
10.644646	26117.458
10.651028	26114.904
10.657411	26133.525
10.663794	26160.248
10.670177	26187.482
10.676560	26215.604
10.682943	26219.871
10.689325	26235.688
10.695708	26259.189
10.702091	26245.602
10.708474	26214.795
10.714857	26222.624
10.721239	26211.841
10.727622	26176.994
10.734005	26159.491
10.740388	26171.696
10.746771	26208.680
10.753154	26187.741
10.759536	26157.582
10.765919	26121.158
10.772302	26128.697
10.778685	26075.633
10.785068	26006.307
10.791450	25899.842
10.797833	25818.651
10.804216	25716.178
10.810599	25659.514
10.816982	25572.675
10.823365	25478.744
10.829747	25344.622
10.836130	25258.164
10.842513	25218.467
10.848896	25214.981
10.855279	25198.430
10.861661	25155.950
10.868044	25142.274
10.874427	25149.545
10.880810	25136.554
10.887193	25104.734
10.893576	25094.891
10.899958	25107.015
10.906341	25134.466
10.912724	25168.404
10.919107	25177.336
10.925490	25187.991
10.931872	25225.483
10.938255	25274.637
10.944638	25279.816
10.951021	25276.955
10.957404	25290.264
10.963787	25283.166
10.970169	25272.082
10.976552	25297.537
10.982935	25264.624
10.989318	25212.073
10.995701	25131.053
11.002083	25077.197
11.008466	25008.634
11.014849	24965.198
11.021232	24935.150
11.027615	24893.506
11.033998	24827.216
11.040380	24788.376
11.046763	24754.874
11.053146	24737.877
11.059529	24707.277
11.065912	24694.953
11.072294	24694.580
11.078677	24686.653
11.085060	24648.280
11.091443	24619.329
11.097826	24650.118
11.104209	24629.085
11.110591	24613.793
11.116974	24621.346
11.123357	24687.858
11.129740	24729.572
11.136123	24775.100
11.142505	24803.324
11.148888	24805.315
11.155271	24832.270
11.161654	24891.803
11.168037	24884.849
11.174420	24842.747
11.180802	24784.248
11.187185	24747.162
11.193568	24735.661
11.199951	24714.036
11.206334	24670.390
11.212716	24647.490
11.219099	24634.668
11.225482	24647.484
11.231865	24650.397
11.238248	24626.926
11.244631	24603.457
11.251013	24605.091
11.257396	24617.407
11.263779	24640.349
11.270162	24659.594
11.276545	24702.474
11.282927	24725.795
11.289310	24757.955
11.295693	24794.856
11.302076	24804.449
11.308459	24808.815
11.314842	24810.639
11.321224	24790.033
11.327607	24745.966
11.333990	24673.023
11.340373	24595.313
11.346756	24504.996
11.353138	24364.103
11.359521	24243.785
11.365904	24156.971
11.372287	24055.143
11.378670	23965.497
11.385053	23896.501
11.391435	23856.244
11.397818	23793.145
11.404201	23752.174
11.410584	23715.361
11.416967	23726.392
11.423349	23724.162
11.429732	23708.199
11.436115	23693.412
11.442498	23667.164
11.448881	23647.825
11.455264	23623.646
11.461646	23658.335
11.468029	23708.996
11.474412	23748.898
11.480795	23756.022
11.487178	23777.366
11.493560	23788.843
11.499943	23780.814
11.506326	23759.791
11.512709	23776.775
11.519092	23802.947
11.525475	23789.107
11.531857	23755.910
11.538240	23732.591
11.544623	23704.942
11.551006	23647.724
11.557389	23608.016
11.563771	23571.829
11.570154	23538.771
11.576537	23507.827
11.582920	23482.256
11.589303	23500.930
11.595686	23519.385
11.602068	23525.114
11.608451	23471.831
11.614834	23471.337
11.621217	23494.737
11.627600	23464.675
11.633982	23402.868
11.640365	23386.906
11.646748	23378.679
11.653131	23367.824
11.659514	23335.384
11.665897	23327.224
11.672279	23314.801
11.678662	23299.867
11.685045	23267.182
11.691428	23250.336
11.697811	23237.328
11.704193	23205.869
11.710576	23173.557
11.716959	23170.102
11.723342	23148.023
11.729725	23118.774
11.736108	23103.774
11.742490	23104.157
11.748873	23087.918
11.755256	23069.204
11.761639	23042.004
11.768022	23032.742
11.774404	23029.037
11.780787	23042.956
11.787170	23059.430
11.793553	23089.192
11.799936	23089.670
11.806319	23096.814
11.812701	23158.927
11.819084	23225.258
11.825467	23265.833
11.831850	23297.178
11.838233	23338.237
11.844615	23379.842
11.850998	23377.904
11.857381	23397.178
11.863764	23411.428
11.870147	23430.600
11.876530	23387.276
11.882912	23369.344
11.889295	23358.407
11.895678	23353.998
11.902061	23296.236
11.908444	23242.123
11.914826	23237.190
11.921209	23237.390
11.927592	23231.706
11.933975	23217.701
11.940358	23208.049
11.946741	23206.685
11.953123	23241.403
11.959506	23289.129
11.965889	23290.447
11.972272	23267.489
11.978655	23278.599
11.985037	23267.069
11.991420	23252.968
11.997803	23272.527
12.004186	23304.887
12.010569	23300.759
12.016952	23270.428
12.023334	23260.435
12.029717	23249.194
12.036100	23231.909
12.042483	23211.044
12.048866	23227.403
12.055248	23234.795
12.061631	23246.010
12.068014	23247.354
12.074397	23242.944
12.080780	23273.065
12.087163	23277.429
12.093545	23269.916
12.099928	23266.767
12.106311	23242.449
12.112694	23183.683
12.119077	23125.801
12.125459	23132.495
12.131842	23137.730
12.138225	23112.877
12.144608	23057.364
12.150991	23047.382
12.157374	23047.700
12.163756	23047.723
12.170139	23014.370
12.176522	23019.539
12.182905	23015.383
12.189288	23003.133
12.195670	22984.585
12.202053	22997.317
12.208436	23033.206
12.214819	23032.415
12.221202	23016.472
12.227585	23005.164
12.233967	22993.087
12.240350	22972.815
12.246733	22943.470
12.253116	22903.742
12.259499	22921.997
12.265881	22958.966
12.272264	22955.257
12.278647	22939.126
12.285030	22943.638
12.291413	22947.528
12.297796	22927.020
12.304178	22934.613
12.310561	22967.555
12.316944	22986.943
12.323327	22994.619
12.329710	22983.310
12.336092	22979.543
12.342475	22956.856
12.348858	22940.771
12.355241	22943.680
12.361624	22924.717
12.368007	22926.932
12.374389	22884.918
12.380772	22805.123
12.387155	22739.702
12.393538	22677.234
12.399921	22617.908
12.406303	22541.635
12.412686	22482.426
12.419069	22494.530
12.425452	22504.738
12.431835	22511.207
12.438218	22491.930
12.444600	22462.631
12.450983	22433.600
12.457366	22422.386
12.463749	22437.269
12.470132	22440.582
12.476514	22417.265
12.482897	22394.029
12.489280	22427.255
12.495663	22430.684
12.502046	22422.335
12.508429	22406.163
12.514811	22386.249
12.521194	22349.809
12.527577	22307.836
12.533960	22260.514
12.540343	22232.285
12.546725	22254.388
12.553108	22264.808
12.559491	22255.798
12.565874	22193.520
12.572257	22152.237
12.578640	22139.353
12.585022	22132.457
12.591405	22102.462
12.597788	22074.084
12.604171	22066.414
12.610554	22029.577
12.616936	22008.949
12.623319	21997.973
12.629702	21978.606
12.636085	21997.415
12.642468	22010.009
12.648851	22013.840
12.655233	21973.080
12.661616	21933.396
12.667999	21891.893
12.674382	21903.839
12.680765	21884.802
12.687147	21885.473
12.693530	21866.837
12.699913	21816.687
12.706296	21815.486
12.712679	21789.682
12.719062	21722.635
12.725444	21686.602
12.731827	21677.238
12.738210	21644.440
12.744593	21590.072
12.750976	21498.647
12.757358	21458.462
12.763741	21449.591
12.770124	21465.797
12.776507	21446.019
12.782890	21424.696
12.789273	21416.154
12.795655	21406.194
12.802038	21442.801
12.808421	21446.112
12.814804	21449.254
12.821187	21436.600
12.827569	21445.890
12.833952	21435.517
12.840335	21425.520
12.846718	21404.999
12.853101	21371.148
12.859484	21355.782
12.865866	21318.165
12.872249	21303.611
12.878632	21298.080
12.885015	21263.884
12.891398	21258.022
12.897780	21260.440
12.904163	21229.867
12.910546	21183.117
12.916929	21180.860
12.923312	21195.915
12.929695	21153.175
12.936077	21113.871
12.942460	21113.646
12.948843	21133.855
12.955226	21116.393
12.961609	21100.092
12.967991	21107.620
12.974374	21110.419
12.980757	21112.454
12.987140	21088.181
12.993523	21035.440
12.999906	21018.011
13.006288	21015.916
13.012671	21002.177
13.019054	20961.651
13.025437	20903.979
13.031820	20840.833
13.038202	20839.958
13.044585	20826.208
13.050968	20790.992
13.057351	20717.781
13.063734	20702.236
13.070117	20695.211
13.076499	20700.305
13.082882	20647.782
13.089265	20641.217
13.095648	20657.568
13.102031	20641.664
13.108413	20622.846
13.114796	20622.355
13.121179	20636.700
13.127562	20650.605
13.133945	20650.316
13.140328	20666.494
13.146710	20652.002
13.153093	20607.046
13.159476	20596.253
13.165859	20594.349
13.172242	20566.874
13.178624	20542.922
13.185007	20559.033
13.191390	20576.843
13.197773	20571.775
13.204156	20545.126
13.210539	20542.216
13.216921	20503.314
13.223304	20453.062
13.229687	20420.807
13.236070	20403.965
13.242453	20410.765
13.248835	20403.686
13.255218	20360.321
13.261601	20338.260
13.267984	20323.245
13.274367	20304.883
13.280750	20270.695
13.287132	20272.437
13.293515	20290.890
13.299898	20282.234
13.306281	20252.340
13.312664	20258.081
13.319046	20266.218
13.325429	20268.106
13.331812	20223.421
13.338195	20192.704
13.344578	20195.852
13.350961	20212.585
13.357343	20193.932
13.363726	20145.156
13.370109	20110.468
13.376492	20093.508
13.382875	20084.405
13.389257	20083.772
13.395640	20068.937
13.402023	20075.669
13.408406	20113.255
13.414789	20152.472
13.421172	20122.167
13.427554	20108.339
13.433937	20093.191
13.440320	20092.909
13.446703	20065.339
13.453086	20045.389
13.459468	20069.622
13.465851	20050.715
13.472234	20034.112
13.478617	20037.270
13.485000	20021.773
13.491383	19991.628
13.497765	19963.136
13.504148	19948.277
13.510531	19923.067
13.516914	19919.853
13.523297	19909.999
13.529679	19861.668
13.536062	19840.997
13.542445	19851.008
13.548828	19843.648
13.555211	19842.816
13.561594	19852.781
13.567976	19833.316
13.574359	19832.057
13.580742	19823.536
13.587125	19816.146
13.593508	19799.715
13.599890	19822.091
13.606273	19846.062
13.612656	19830.469
13.619039	19823.809
13.625422	19800.242
13.631805	19766.129
13.638187	19732.507
13.644570	19736.528
13.650953	19728.559
13.657336	19697.673
13.663719	19682.495
13.670101	19686.949
13.676484	19640.312
13.682867	19632.409
13.689250	19621.725
13.695633	19671.724
13.702016	19682.522
13.708398	19683.797
13.714781	19649.987
13.721164	19644.677
13.727547	19639.639
13.733930	19647.084
13.740312	19596.945
13.746695	19590.820
13.753078	19575.873
13.759461	19582.584
13.765844	19586.642
13.772227	19609.696
13.778609	19605.940
13.784992	19598.255
13.791375	19573.680
13.797758	19559.890
13.804141	19585.746
13.810524	19599.108
13.816906	19576.416
13.823289	19536.283
13.829672	19474.658
13.836055	19469.148
13.842438	19538.190
13.848820	19565.931
13.855203	19547.326
13.861586	19536.503
13.867969	19531.202
13.874352	19519.847
13.880735	19529.887
13.887117	19517.590
13.893500	19512.859
13.899883	19495.017
13.906266	19464.821
13.912649	19477.713
13.919031	19443.232
13.925414	19428.651
13.931797	19374.124
13.938180	19390.186
13.944563	19403.869
13.950946	19379.480
13.957328	19365.963
13.963711	19378.047
13.970094	19358.679
13.976477	19312.772
13.982860	19299.968
13.989242	19320.707
13.995625	19326.680
14.002008	19323.161
14.008391	19317.577
14.014774	19289.290
14.021157	19293.860
14.027539	19299.353
14.033922	19289.347
14.040305	19277.167
14.046688	19247.010
14.053071	19228.466
14.059453	19251.662
14.065836	19261.518
14.072219	19229.678
14.078602	19213.737
14.084985	19207.615
14.091368	19209.182
14.097750	19210.020
14.104133	19199.960
14.110516	19170.473
14.116899	19142.334
14.123282	19123.671
14.129664	19118.246
14.136047	19114.590
14.142430	19119.367
14.148813	19112.208
14.155196	19101.119
14.161579	19109.307
14.167961	19122.614
14.174344	19112.461
14.180727	19123.284
14.187110	19082.799
14.193493	19069.533
14.199875	19053.776
14.206258	19058.276
14.212641	19067.899
14.219024	19050.076
14.225407	19028.258
14.231790	18968.042
14.238172	18940.418
14.244555	18942.284
14.250938	18947.904
14.257321	18917.051
14.263704	18882.984
14.270086	18888.960
14.276469	18879.220
14.282852	18844.844
14.289235	18834.752
14.295618	18823.543
14.302001	18809.138
14.308383	18813.449
14.314766	18818.629
14.321149	18793.431
14.327532	18782.279
14.333915	18773.215
14.340297	18748.408
14.346680	18741.920
14.353063	18727.355
14.359446	18733.808
14.365829	18765.246
14.372212	18816.351
14.378594	18802.737
14.384977	18757.483
14.391360	18705.101
14.397743	18693.547
14.404126	18687.418
14.410508	18693.570
14.416891	18669.182
14.423274	18629.398
14.429657	18623.842
14.436040	18633.062
14.442423	18648.090
14.448805	18643.907
14.455188	18615.379
14.461571	18600.975
14.467954	18572.722
14.474337	18529.827
14.480719	18527.289
14.487102	18529.155
14.493485	18530.858
14.499868	18543.505
14.506251	18532.978
14.512634	18529.658
14.519016	18547.658
14.525399	18576.307
14.531782	18568.646
14.538165	18516.274
14.544548	18482.351
14.550930	18484.284
14.557313	18501.671
14.563696	18537.831
14.570079	18550.035
14.576462	18529.301
14.582845	18517.159
14.589227	18505.223
14.595610	18508.337
14.601993	18496.242
14.608376	18461.054
14.614759	18427.035
14.621141	18427.146
14.627524	18422.887
14.633907	18366.875
14.640290	18344.248
14.646673	18381.155
14.653056	18419.882
14.659438	18410.487
14.665821	18378.446
14.672204	18359.189
14.678587	18353.236
14.684970	18311.861
14.691352	18304.719
14.697735	18310.354
14.704118	18314.980
14.710501	18308.392
14.716884	18300.531
14.723267	18296.911
14.729649	18287.133
14.736032	18239.289
14.742415	18204.315
14.748798	18193.273
14.755181	18219.342
14.761563	18212.701
14.767946	18161.088
14.774329	18161.393
14.780712	18168.016
14.787095	18172.240
14.793478	18169.808
14.799860	18152.684
14.806243	18152.286
14.812626	18183.583
14.819009	18174.289
14.825392	18168.195
14.831774	18189.086
14.838157	18182.572
14.844540	18167.026
14.850923	18159.453
14.857306	18168.620
14.863689	18141.869
14.870071	18080.268
14.876454	18057.917
14.882837	18088.152
14.889220	18098.913
14.895603	18083.220
14.901985	18084.080
14.908368	18085.837
14.914751	18059.263
14.921134	18031.873
14.927517	18023.560
14.933900	18019.435
14.940282	18008.269
14.946665	18019.628
14.953048	18021.937
14.959431	17997.621
14.965814	18011.383
14.972196	17993.877
14.978579	17992.626
14.984962	17952.440
14.991345	17924.823
14.997728	17924.792
15.004111	17933.161
15.010493	17935.621
15.016876	17943.037
15.023259	17942.765
15.029642	17967.322
15.036025	17948.865
15.042407	17939.185
15.048790	17949.274
15.055173	17948.949
15.061556	17941.249
15.067939	17936.010
15.074322	17931.704
15.080704	17956.553
15.087087	17923.519
15.093470	17859.750
15.099853	17853.992
15.106236	17878.523
15.112618	17876.749
15.119001	17891.548
15.125384	17901.888
15.131767	17913.940
15.138150	17885.847
15.144533	17844.768
15.150915	17862.220
15.157298	17874.949
15.163681	17871.501
15.170064	17867.229
15.176447	17843.010
15.182829	17824.760
15.189212	17838.438
15.195595	17867.494
15.201978	17852.274
15.208361	17829.104
15.214744	17831.550
15.221126	17833.594
15.227509	17826.623
15.233892	17829.928
15.240275	17850.973
15.246658	17881.217
15.253040	17867.357
15.259423	17840.181
15.265806	17829.021
15.272189	17812.737
15.278572	17835.600
15.284955	17855.111
15.291337	17835.201
15.297720	17787.973
15.304103	17798.071
15.310486	17807.724
15.316869	17817.615
15.323251	17831.983
15.329634	17808.907
15.336017	17776.788
15.342400	17762.376
15.348783	17790.503
15.355166	17798.433
15.361548	17780.502
15.367931	17760.542
15.374314	17718.581
15.380697	17706.351
15.387080	17724.179
15.393462	17721.878
15.399845	17713.871
15.406228	17733.324
15.412611	17750.824
15.418994	17711.304
15.425377	17726.066
15.431759	17780.200
15.438142	17776.451
15.444525	17739.598
15.450908	17703.458
15.457291	17692.991
15.463673	17697.116
15.470056	17669.379
15.476439	17648.991
15.482822	17663.236
15.489205	17668.895
15.495588	17671.113
15.501970	17671.784
15.508353	17658.571
15.514736	17643.546
15.521119	17617.263
15.527502	17607.615
15.533884	17648.296
15.540267	17646.480
15.546650	17635.761
15.553033	17654.268
15.559416	17621.013
15.565799	17601.862
15.572181	17603.152
15.578564	17581.220
15.584947	17564.448
15.591330	17576.753
15.597713	17572.256
15.604095	17552.166
15.610478	17576.131
15.616861	17572.064
15.623244	17513.833
15.629627	17552.103
15.636010	17606.708
15.642392	17581.285
15.648775	17546.748
15.655158	17545.228
15.661541	17533.281
15.667924	17505.388
15.674306	17477.756
15.680689	17457.154
15.687072	17416.035
15.693455	17397.928
15.699838	17422.733
15.706221	17460.530
15.712603	17428.982
15.718986	17405.742
15.725369	17420.616
15.731752	17453.628
15.738135	17467.770
15.744517	17406.540
15.750900	17396.741
15.757283	17443.758
15.763666	17440.339
15.770049	17390.511
15.776432	17358.563
15.782814	17358.834
15.789197	17351.854
15.795580	17369.017
15.801963	17383.200
15.808346	17352.252
15.814728	17331.747
15.821111	17319.558
15.827494	17314.857
15.833877	17306.821
15.840260	17309.973
15.846643	17299.341
15.853025	17269.745
15.859408	17242.268
15.865791	17236.689
15.872174	17273.530
15.878557	17269.782
15.884939	17241.645
15.891322	17235.790
15.897705	17212.459
15.904088	17210.969
15.910471	17188.228
15.916854	17151.233
15.923236	17156.120
15.929619	17193.260
15.936002	17215.103
15.942385	17179.321
15.948768	17183.546
15.955150	17167.530
15.961533	17133.609
15.967916	17133.582
15.974299	17125.051
15.980682	17110.679
15.987065	17074.454
15.993447	17077.535
15.999830	17103.238
16.006213	17079.156
16.012596	17068.235
16.018979	17078.849
16.025361	17109.969
16.031744	17115.474
16.038127	17056.052
16.044510	17012.222
16.050893	17038.704
16.057276	17013.494
16.063658	16999.022
16.070041	16990.258
16.076424	16963.661
16.082807	16952.554
16.089190	16927.318
16.095572	16939.194
16.101955	16977.298
16.108338	16964.389
16.114721	16935.725
16.121104	16955.112
16.127487	16942.579
16.133869	16914.458
16.140252	16914.782
16.146635	16918.247
16.153018	16888.877
16.159401	16903.524
16.165783	16885.567
16.172166	16855.436
16.178549	16844.199
16.184932	16869.472
16.191315	16846.234
16.197698	16810.151
16.204080	16784.054
16.210463	16792.778
16.216846	16813.449
16.223229	16788.163
16.229612	16758.708
16.235994	16769.652
16.242377	16787.008
16.248760	16772.816
16.255143	16751.335
16.261526	16734.049
16.267909	16728.356
16.274291	16721.588
16.280674	16701.940
16.287057	16679.417
16.293440	16666.339
16.299823	16667.109
16.306205	16681.691
16.312588	16663.168
16.318971	16626.134
16.325354	16618.835
16.331737	16591.481
16.338120	16571.548
16.344502	16617.833
16.350885	16620.587
16.357268	16593.601
16.363651	16601.581
16.370034	16603.028
16.376416	16603.227
16.382799	16589.825
16.389182	16603.227
16.395565	16643.495
16.401948	16604.720
16.408331	16493.481
16.414713	16489.208
16.421096	16529.694
16.427479	16531.441
16.433862	16479.985
16.440245	16448.230
16.446627	16476.682
16.453010	16488.333
16.459393	16501.047
16.465776	16510.670
16.472159	16495.451
16.478542	16495.522
16.484924	16482.515
16.491307	16447.727
16.497690	16419.211
16.504073	16400.500
16.510456	16381.372
16.516838	16352.803
16.523221	16367.573
16.529604	16396.478
16.535987	16396.931
16.542370	16370.460
16.548753	16360.712
16.555135	16350.491
16.561518	16334.079
16.567901	16332.899
16.574284	16334.905
16.580667	16357.243
16.587049	16395.144
16.593432	16356.690
16.599815	16279.406
16.606198	16268.070
16.612581	16275.038
16.618964	16287.542
16.625346	16281.806
16.631729	16262.322
16.638112	16232.854
16.644495	16226.224
16.650878	16255.655
16.657260	16239.805
16.663643	16236.287
16.670026	16250.938
16.676409	16218.087
16.682792	16182.392
16.689175	16175.043
16.695557	16187.999
16.701940	16227.728
16.708323	16201.824
16.714706	16146.223
16.721089	16178.467
16.727471	16183.364
16.733854	16155.009
16.740237	16114.686
16.746620	16126.997
16.753003	16157.784
16.759386	16129.638
16.765768	16127.076
16.772151	16142.894
16.778534	16121.682
16.784917	16093.688
16.791300	16111.652
16.797682	16126.713
16.804065	16120.536
16.810448	16080.429
16.816831	16057.946
16.823214	16071.440
16.829597	16084.083
16.835979	16081.464
16.842362	16064.131
16.848745	16040.112
16.855128	16015.286
16.861511	16025.098
16.867893	16071.303
16.874276	16060.501
16.880659	16055.555
16.887042	16036.094
16.893425	15995.022
16.899808	16005.562
16.906190	16019.351
16.912573	16021.137
16.918956	16017.592
16.925339	15990.797
16.931722	15981.390
16.938104	15980.735
16.944487	15956.547
16.950870	15985.596
16.957253	15973.814
16.963636	15967.839
16.970019	15970.189
16.976401	15926.435
16.982784	15901.279
16.989167	15898.954
16.995550	15918.241
17.001933	15912.281
17.008316	15905.629
17.014698	15885.230
17.021081	15844.549
17.027464	15864.273
17.033847	15894.799
17.040230	15910.305
17.046612	15907.868
17.052995	15895.226
17.059378	15854.868
17.065761	15826.201
17.072144	15823.710
17.078527	15834.074
17.084909	15840.327
17.091292	15904.737
17.097675	15891.196
17.104058	15835.246
17.110441	15833.404
17.116823	15862.476
17.123206	15867.189
17.129589	15845.134
17.135972	15819.202
17.142355	15753.410
17.148738	15738.827
17.155120	15773.592
17.161503	15776.015
17.167886	15763.675
17.174269	15800.619
17.180652	15801.584
17.187034	15802.463
17.193417	15795.240
17.199800	15818.670
17.206183	15845.191
17.212566	15795.556
17.218949	15788.723
17.225331	15805.529
17.231714	15770.539
17.238097	15727.021
17.244480	15733.877
17.250863	15751.310
17.257245	15745.349
17.263628	15746.229
17.270011	15723.788
17.276394	15708.679
17.282777	15725.774
17.289160	15752.954
17.295542	15746.290
17.301925	15727.821
17.308308	15689.394
17.314691	15706.443
17.321074	15699.187
17.327456	15677.120
17.333839	15637.308
17.340222	15610.300
17.346605	15606.991
17.352988	15650.361
17.359371	15677.714
17.365753	15663.670
17.372136	15655.770
17.378519	15647.017
17.384902	15647.125
17.391285	15617.924
17.397667	15634.668
17.404050	15644.282
17.410433	15635.068
17.416816	15646.528
17.423199	15613.243
17.429582	15603.635
17.435964	15637.569
17.442347	15617.952
17.448730	15614.041
17.455113	15620.680
17.461496	15606.663
17.467878	15625.240
17.474261	15619.056
17.480644	15568.206
17.487027	15576.957
17.493410	15573.408
17.499793	15579.321
17.506175	15562.750
17.512558	15555.282
17.518941	15627.337
17.525324	15621.266
17.531707	15596.264
17.538089	15588.770
17.544472	15558.473
17.550855	15547.956
17.557238	15532.406
17.563621	15511.754
17.570004	15522.069
17.576386	15547.637
17.582769	15538.397
17.589152	15505.264
17.595535	15451.055
17.601918	15446.124
17.608300	15491.754
17.614683	15510.951
17.621066	15490.156
17.627449	15449.920
17.633832	15435.824
17.640215	15444.072
17.646597	15463.256
17.652980	15464.710
17.659363	15457.797
17.665746	15419.695
17.672129	15459.602
17.678511	15440.565
17.684894	15398.587
17.691277	15423.711
17.697660	15448.902
17.704043	15420.621
17.710426	15408.571
17.716808	15428.478
17.723191	15417.464
17.729574	15379.000
17.735957	15378.074
17.742340	15386.770
17.748722	15358.506
17.755105	15359.614
17.761488	15366.030
17.767871	15401.661
17.774254	15398.626
17.780637	15385.427
17.787019	15334.816
17.793402	15330.132
17.799785	15325.905
17.806168	15324.551
17.812551	15341.074
17.818933	15318.788
17.825316	15331.231
17.831699	15354.971
17.838082	15345.700
17.844465	15279.814
17.850848	15281.537
17.857230	15351.545
17.863613	15376.886
17.869996	15349.095
17.876379	15330.228
17.882762	15298.430
17.889144	15282.177
17.895527	15272.918
17.901910	15256.618
17.908293	15263.202
17.914676	15274.644
17.921059	15253.351
17.927441	15198.958
17.933824	15235.723
17.940207	15250.339
17.946590	15212.037
17.952973	15205.882
17.959355	15228.191
17.965738	15204.236
17.972121	15245.071
17.978504	15284.023
17.984887	15217.894
17.991270	15189.337
17.997652	15222.134
18.004035	15229.690
18.010418	15243.148
18.016801	15201.467
18.023184	15186.298
18.029566	15213.479
18.035949	15222.093
18.042332	15227.495
18.048715	15244.309
18.055098	15224.396
18.061481	15204.643
18.067863	15180.191
18.074246	15181.537
18.080629	15205.467
18.087012	15196.586
18.093395	15192.095
18.099777	15201.577
18.106160	15208.727
18.112543	15176.160
18.118926	15155.695
18.125309	15166.655
18.131692	15180.247
18.138074	15122.274
18.144457	15163.207
18.150840	15228.559
18.157223	15223.520
18.163606	15200.817
18.169988	15167.728
18.176371	15153.849
18.182754	15163.738
18.189137	15159.391
18.195520	15153.668
18.201903	15113.090
18.208285	15089.451
18.214668	15127.990
18.221051	15124.922
18.227434	15135.424
18.233817	15106.676
18.240199	15085.414
18.246582	15096.408
18.252965	15101.133
18.259348	15143.138
18.265731	15103.514
18.272114	15061.289
18.278496	15083.308
18.284879	15126.563
18.291262	15122.712
18.297645	15103.434
18.304028	15061.596
18.310410	15054.091
18.316793	15050.872
18.323176	15089.487
18.329559	15136.124
18.335942	15076.364
18.342325	15043.945
18.348707	15057.497
18.355090	15062.255
18.361473	15051.312
18.367856	15046.951
18.374239	15059.660
18.380621	15023.905
18.387004	15017.085
18.393387	15041.181
18.399770	15048.740
18.406153	15039.480
18.412536	15046.239
18.418918	15039.662
18.425301	15031.929
18.431684	15023.934
18.438067	15042.619
18.444450	15044.566
18.450832	15006.450
18.457215	15010.504
18.463598	15042.102
18.469981	15075.591
18.476364	15041.200
18.482747	15021.156
18.489129	14985.315
18.495512	14976.324
18.501895	14992.156
18.508278	14995.544
18.514661	14998.705
18.521043	14995.077
18.527426	14996.178
18.533809	14976.000
18.540192	15001.294
18.546575	14995.297
18.552958	14989.308
18.559340	14967.827
18.565723	14991.477
18.572106	14979.220
18.578489	14938.001
18.584872	14938.740
18.591254	14941.452
18.597637	14921.543
18.604020	14938.368
18.610403	14928.962
18.616786	14900.660
18.623169	14902.865
18.629551	14921.801
18.635934	14954.208
18.642317	14991.253
18.648700	14983.785
18.655083	14958.477
18.661465	14904.438
18.667848	14887.053
18.674231	14921.727
18.680614	14931.695
18.686997	14915.648
18.693380	14885.854
18.699762	14845.107
18.706145	14880.524
18.712528	14917.483
18.718911	14882.021
18.725294	14882.847
18.731676	14908.826
18.738059	14876.047
18.744442	14864.418
18.750825	14848.284
18.757208	14865.716
18.763591	14858.284
18.769973	14838.375
18.776356	14836.023
18.782739	14848.649
18.789122	14831.560
18.795505	14798.907
18.801887	14783.307
18.808270	14802.329
18.814653	14793.139
18.821036	14769.972
18.827419	14805.553
18.833802	14859.785
18.840184	14847.731
18.846567	14848.264
18.852950	14825.946
18.859333	14842.469
18.865716	14869.481
18.872098	14830.090
18.878481	14804.472
18.884864	14826.637
18.891247	14826.836
18.897630	14813.371
18.904013	14794.896
18.910395	14829.552
18.916778	14863.180
18.923161	14817.361
18.929544	14841.112
18.935927	14846.552
18.942309	14800.003
18.948692	14769.607
18.955075	14775.452
18.961458	14767.555
18.967841	14744.405
18.974224	14734.815
18.980606	14766.333
18.986989	14794.879
18.993372	14791.492
18.999755	14804.205
19.006138	14802.284
19.012520	14775.219
19.018903	14784.687
19.025286	14782.793
19.031669	14739.885
19.038052	14683.424
19.044435	14670.700
19.050817	14716.126
19.057200	14749.120
19.063583	14730.667
19.069966	14703.342
19.076349	14739.187
19.082731	14734.362
19.089114	14699.005
19.095497	14687.806
19.101880	14706.398
19.108263	14686.955
19.114646	14676.633
19.121028	14641.044
19.127411	14647.818
19.133794	14688.495
19.140177	14720.688
19.146560	14728.528
19.152942	14686.133
19.159325	14640.948
19.165708	14650.140
19.172091	14677.702
19.178474	14659.526
19.184857	14654.830
19.191239	14681.270
19.197622	14681.146
19.204005	14685.846
19.210388	14725.552
19.216771	14684.235
19.223153	14630.419
19.229536	14594.398
19.235919	14607.332
19.242302	14616.761
19.248685	14624.333
19.255068	14668.706
19.261450	14647.028
19.267833	14647.176
19.274216	14639.214
19.280599	14592.468
19.286982	14570.425
19.293364	14591.697
19.299747	14602.759
19.306130	14570.743
19.312513	14589.845
19.318896	14589.212
19.325279	14614.896
19.331661	14636.097
19.338044	14561.573
19.344427	14512.199
19.350810	14506.618
19.357193	14551.964
19.363575	14583.839
19.369958	14556.500
19.376341	14549.366
19.382724	14564.582
19.389107	14555.879
19.395490	14585.297
19.401872	14593.486
19.408255	14587.843
19.414638	14538.983
19.421021	14510.666
19.427404	14517.783
19.433786	14527.832
19.440169	14552.415
19.446552	14524.066
19.452935	14517.232
19.459318	14523.281
19.465701	14492.449
19.472083	14478.965
19.478466	14467.584
19.484849	14476.184
19.491232	14453.456
19.497615	14427.272
19.503997	14443.476
19.510380	14431.961
19.516763	14410.615
19.523146	14403.900
19.529529	14440.369
19.535912	14496.404
19.542294	14499.071
19.548677	14437.914
19.555060	14383.093
19.561443	14378.486
19.567826	14401.014
19.574208	14420.507
19.580591	14440.819
19.586974	14446.062
19.593357	14404.564
19.599740	14385.650
19.606123	14428.084
19.612505	14439.601
19.618888	14396.409
19.625271	14366.713
19.631654	14342.214
19.638037	14377.778
19.644419	14392.190
19.650802	14386.037
19.657185	14416.632
19.663568	14409.299
19.669951	14381.208
19.676334	14364.780
19.682716	14339.224
19.689099	14329.198
19.695482	14343.556
19.701865	14333.897
19.708248	14317.289
19.714630	14359.643
19.721013	14386.069
19.727396	14323.589
19.733779	14289.776
19.740162	14283.067
19.746545	14289.882
19.752927	14273.416
19.759310	14287.376
19.765693	14299.863
19.772076	14296.928
19.778459	14337.202
19.784841	14274.805
19.791224	14325.636
19.797607	14314.862
19.803990	14290.682
19.810373	14296.097
19.816756	14295.723
19.823138	14312.196
19.829521	14341.793
19.835904	14350.850
19.842287	14298.683
19.848670	14265.814
19.855052	14227.464
19.861435	14242.164
19.867818	14277.578
19.874201	14249.800
19.880584	14224.627
19.886967	14241.860
19.893349	14235.615
19.899732	14183.262
19.906115	14186.511
19.912498	14196.026
19.918881	14177.969
19.925263	14183.728
19.931646	14189.285
19.938029	14213.512
19.944412	14220.619
19.950795	14238.933
19.957178	14259.831
19.963560	14251.353
19.969943	14235.761
19.976326	14230.045
19.982709	14221.543
19.989092	14208.236
19.995474	14184.928
20.001857	14175.533
20.008240	14205.587
20.014623	14208.431
20.021006	14122.328
20.027389	14115.582
20.033771	14136.128
20.040154	14101.258
20.046537	14111.286
20.052920	14149.628
20.059303	14137.744
20.065685	14139.200
20.072068	14140.387
20.078451	14106.861
20.084834	14137.141
20.091217	14160.142
20.097600	14142.436
20.103982	14172.483
20.110365	14180.531
20.116748	14188.087
20.123131	14152.487
20.129514	14138.136
20.135896	14123.222
20.142279	14131.107
20.148662	14112.345
20.155045	14117.172
20.161428	14111.988
20.167811	14120.957
20.174193	14131.241
20.180576	14112.977
20.186959	14128.110
20.193342	14136.228
20.199725	14060.936
20.206108	14061.776
20.212490	14067.907
20.218873	14072.720
20.225256	14114.742
20.231639	14088.726
20.238022	14055.570
20.244404	14065.926
20.250787	14078.903
20.257170	14119.656
20.263553	14085.705
20.269936	14046.788
20.276319	14054.667
20.282701	14054.578
20.289084	14002.544
20.295467	14046.557
20.301850	14072.227
20.308233	14033.898
20.314615	14073.269
20.320998	14124.165
20.327381	14117.310
20.333764	14086.444
20.340147	14099.068
20.346530	14042.542
20.352912	13979.539
20.359295	14022.024
20.365678	14040.251
20.372061	14047.807
20.378444	14086.218
20.384826	14054.799
20.391209	14038.815
20.397592	14010.435
20.403975	13994.345
20.410358	13936.746
20.416741	13939.336
20.423123	13903.025
20.429506	13934.874
20.435889	14011.409
20.442272	14015.970
20.448655	13963.754
20.455037	13967.093
20.461420	13918.030
20.467803	13913.122
20.474186	13965.393
20.480569	14022.416
20.486952	14039.886
20.493334	13959.129
20.499717	13956.459
20.506100	13957.250
20.512483	13934.985
20.518866	13975.856
20.525248	13976.553
20.531631	13938.585
20.538014	13901.031
20.544397	13915.957
20.550780	13946.040
20.557163	13917.048
20.563545	13932.626
20.569928	13941.862
20.576311	13933.358
20.582694	13951.263
20.589077	13943.919
20.595459	13854.254
20.601842	13864.050
20.608225	13961.115
20.614608	13948.881
20.620991	13891.319
20.627374	13883.238
20.633756	13915.734
20.640139	13895.327
20.646522	13862.666
20.652905	13915.733
20.659288	13985.440
20.665670	13908.759
20.672053	13859.515
20.678436	13858.377
20.684819	13867.299
20.691202	13862.666
20.697585	13864.840
20.703967	13905.312
20.710350	13874.826
20.716733	13907.025
20.723116	13901.865
20.729499	13874.824
20.735881	13875.782
20.742264	13884.553
20.748647	13884.593
20.755030	13803.710
20.761413	13852.954
20.767796	13918.514
20.774178	13897.862
20.780561	13842.364
20.786944	13833.843
20.793327	13836.673
20.799710	13861.311
20.806092	13823.356
20.812475	13790.437
20.818858	13821.532
20.825241	13820.299
20.831624	13840.034
20.838007	13869.162
20.844389	13855.613
20.850772	13845.472
20.857155	13798.968
20.863538	13835.643
20.869921	13862.707
20.876303	13853.189
20.882686	13888.992
20.889069	13874.398
20.895452	13804.356
20.901835	13764.049
20.908218	13795.706
20.914600	13833.886
20.920983	13881.742
20.927366	13829.700
20.933749	13824.316
20.940132	13829.743
20.946514	13755.290
20.952897	13789.184
20.959280	13855.012
20.965663	13873.810
20.972046	13822.122
20.978429	13785.701
20.984811	13773.867
20.991194	13806.598
20.997577	13831.052
21.003960	13775.569
21.010343	13714.110
21.016725	13732.130
21.023108	13785.732
21.029491	13798.753
21.035874	13776.341
21.042257	13766.223
21.048640	13768.131
21.055022	13766.521
21.061405	13705.301
21.067788	13711.935
21.074171	13762.561
21.080554	13759.440
21.086936	13744.962
21.093319	13748.306
21.099702	13727.044
21.106085	13719.836
21.112468	13723.373
21.118851	13815.196
21.125233	13839.735
21.131616	13780.221
21.137999	13693.528
21.144382	13693.628
21.150765	13729.354
21.157147	13702.657
21.163530	13720.865
21.169913	13736.473
21.176296	13730.419
21.182679	13735.905
21.189062	13741.501
21.195444	13738.752
21.201827	13718.045
21.208210	13717.814
21.214593	13676.499
21.220976	13647.425
21.227358	13668.371
21.233741	13635.839
21.240124	13657.762
21.246507	13641.537
21.252890	13720.089
21.259273	13673.532
21.265655	13635.810
21.272038	13641.072
21.278421	13612.386
21.284804	13602.357
21.291187	13642.575
21.297569	13668.300
21.303952	13637.949
21.310335	13682.759
21.316718	13673.551
21.323101	13611.184
21.329484	13621.421
21.335866	13653.059
21.342249	13663.535
21.348632	13677.167
21.355015	13673.648
21.361398	13679.717
21.367780	13683.221
21.374163	13657.279
21.380546	13667.549
21.386929	13649.894
21.393312	13680.885
21.399695	13684.715
21.406077	13639.287
21.412460	13667.364
21.418843	13692.908
21.425226	13643.505
21.431609	13615.678
21.437991	13712.306
21.444374	13685.835
21.450757	13649.010
21.457140	13640.664
21.463523	13620.873
21.469906	13601.298
21.476288	13632.761
21.482671	13582.766
21.489054	13629.598
21.495437	13619.807
21.501820	13598.471
21.508202	13583.932
21.514585	13599.848
21.520968	13602.414
21.527351	13637.627
21.533734	13617.278
21.540117	13624.716
21.546499	13628.860
21.552882	13621.635
21.559265	13599.057
21.565648	13572.061
21.572031	13545.202
21.578413	13538.341
21.584796	13562.906
21.591179	13561.277
21.597562	13599.509
21.603945	13557.964
21.610328	13519.005
21.616710	13556.461
21.623093	13609.923
21.629476	13555.128
21.635859	13626.015
21.642242	13570.029
21.648624	13535.103
21.655007	13540.613
21.661390	13525.972
21.667773	13567.579
21.674156	13566.212
21.680539	13547.712
21.686921	13542.276
21.693304	13570.166
21.699687	13587.817
21.706070	13553.589
21.712453	13569.199
21.718835	13571.829
21.725218	13561.849
21.731601	13509.714
21.737984	13498.103
21.744367	13517.976
21.750750	13554.556
21.757132	13558.819
21.763515	13561.278
21.769898	13567.856
21.776281	13610.971
21.782664	13560.807
21.789046	13512.363
21.795429	13556.269
21.801812	13626.741
21.808195	13575.515
21.814578	13526.646
21.820961	13529.840
21.827343	13536.874
21.833726	13552.275
21.840109	13491.507
21.846492	13554.221
21.852875	13526.625
21.859257	13481.009
21.865640	13523.625
21.872023	13503.529
21.878406	13515.429
21.884789	13545.881
21.891172	13548.702
21.897554	13532.996
21.903937	13523.845
21.910320	13515.410
21.916703	13559.171
21.923086	13532.972
21.929468	13503.592
21.935851	13513.756
21.942234	13507.632
21.948617	13503.625
21.955000	13539.130
21.961383	13504.386
21.967765	13430.172
21.974148	13445.918
21.980531	13532.267
21.986914	13489.133
21.993297	13486.268
21.999679	13504.572
22.006062	13440.860
22.012445	13471.692
22.018828	13473.172
22.025211	13533.212
22.031594	13512.736
22.037976	13495.238
22.044359	13490.057
22.050742	13537.975
22.057125	13560.124
22.063508	13546.247
22.069890	13481.810
22.076273	13494.232
22.082656	13519.325
22.089039	13517.875
22.095422	13494.737
22.101805	13452.401
22.108187	13374.364
22.114570	13496.061
22.120953	13519.365
22.127336	13447.939
22.133719	13399.330
22.140101	13437.417
22.146484	13532.175
22.152867	13569.923
22.159250	13508.544
22.165633	13470.230
22.172016	13440.762
22.178398	13481.419
22.184781	13448.672
22.191164	13417.904
22.197547	13399.370
22.203930	13411.845
22.210312	13442.252
22.216695	13442.956
22.223078	13453.467
22.229461	13416.938
22.235844	13418.749
22.242227	13436.597
22.248609	13353.866
22.254992	13426.642
22.261375	13479.462
22.267758	13460.095
22.274141	13467.042
22.280523	13383.481
22.286906	13358.924
22.293289	13342.558
22.299672	13386.975
22.306055	13454.653
22.312438	13450.295
22.318820	13388.535
22.325203	13448.159
22.331586	13424.760
22.337969	13373.108
22.344352	13391.773
22.350734	13368.300
22.357117	13323.074
22.363500	13354.272
22.369883	13421.126
22.376266	13405.487
22.382649	13479.329
22.389031	13429.639
22.395414	13402.515
22.401797	13384.169
22.408180	13346.593
22.414563	13408.715
22.420945	13371.201
22.427328	13338.120
22.433711	13272.046
22.440094	13318.590
22.446477	13416.344
22.452860	13448.988
22.459242	13455.348
22.465625	13435.690
22.472008	13373.733
22.478391	13353.153
22.484774	13361.844
22.491156	13381.601
22.497539	13363.066
22.503922	13328.351
22.510305	13347.578
22.516688	13394.257
22.523071	13360.596
22.529453	13375.624
22.535836	13393.334
22.542219	13430.608
22.548602	13450.977
22.554985	13373.027
22.561367	13341.765
22.567750	13350.842
22.574133	13421.242
22.580516	13416.159
22.586899	13339.203
22.593282	13360.481
22.599664	13358.977
22.606047	13319.640
22.612430	13339.543
22.618813	13324.958
22.625196	13398.323
22.631578	13372.723
22.637961	13438.647
22.644344	13388.189
22.650727	13400.376
22.657110	13356.680
22.663493	13392.175
22.669875	13380.680
22.676258	13352.270
22.682641	13329.416
22.689024	13316.494
22.695407	13314.028
22.701789	13333.487
22.708172	13337.286
22.714555	13365.592
22.720938	13367.921
22.727321	13326.878
22.733704	13329.998
22.740086	13355.456
22.746469	13281.945
22.752852	13219.280
22.759235	13271.048
22.765618	13299.520
22.772000	13387.818
22.778383	13363.901
22.784766	13369.262
22.791149	13382.163
22.797532	13313.472
22.803915	13344.796
22.810297	13329.267
22.816680	13373.540
22.823063	13367.905
22.829446	13338.068
22.835829	13350.616
22.842211	13308.297
22.848594	13379.257
22.854977	13365.624
22.861360	13290.601
22.867743	13279.872
22.874126	13314.746
22.880508	13295.407
22.886891	13348.487
22.893274	13355.274
22.899657	13217.362
22.906040	13273.737
22.912422	13298.484
22.918805	13259.962
22.925188	13246.336
22.931571	13274.800
22.937954	13308.815
22.944337	13357.065
22.950719	13301.013
22.957102	13334.876
22.963485	13314.699
22.969868	13306.761
22.976251	13300.962
22.982633	13265.736
22.989016	13198.678
22.995399	13269.603
23.001782	13262.655
23.008165	13270.182
23.014548	13319.114
23.020930	13259.954
23.027313	13373.887
23.033696	13336.947
23.040079	13237.637
23.046462	13283.629
23.052844	13301.193
23.059227	13274.241
23.065610	13273.640
23.071993	13254.717
23.078376	13225.078
23.084759	13259.214
23.091141	13283.886
23.097524	13232.285
23.103907	13230.720
23.110290	13247.183
23.116673	13248.328
23.123055	13188.872
23.129438	13177.653
23.135821	13271.904
23.142204	13293.205
23.148587	13248.760
23.154970	13286.755
23.161352	13189.317
23.167735	13178.483
23.174118	13222.083
23.180501	13203.757
23.186884	13244.535
23.193266	13169.005
23.199649	13160.772
23.206032	13194.160
23.212415	13145.262
23.218798	13222.826
23.225181	13280.016
23.231563	13213.144
23.237946	13183.966
23.244329	13240.980
23.250712	13234.310
23.257095	13257.868
23.263477	13263.461
23.269860	13228.944
23.276243	13208.753
23.282626	13210.261
23.289009	13172.029
23.295392	13185.104
23.301774	13296.901
23.308157	13214.198
23.314540	13209.776
23.320923	13198.923
23.327306	13138.974
23.333688	13123.281
23.340071	13227.188
23.346454	13180.098
23.352837	13117.403
23.359220	13201.854
23.365603	13161.872
23.371985	13143.246
23.378368	13209.023
23.384751	13120.346
23.391134	13146.161
23.397517	13227.391
23.403900	13143.167
23.410282	13129.898
23.416665	13180.283
23.423048	13228.166
23.429431	13136.859
23.435814	13125.183
23.442196	13157.825
23.448579	13157.328
23.454962	13203.150
23.461345	13154.284
23.467728	13113.737
23.474111	13071.014
23.480493	13101.345
23.486876	13139.166
23.493259	13133.930
23.499642	13171.816
23.506025	13124.607
23.512407	13169.114
23.518790	13108.441
23.525173	13151.695
23.531556	13108.460
23.537939	13129.336
23.544322	13155.158
23.550704	13137.888
23.557087	13159.675
23.563470	13053.005
23.569853	13068.725
23.576236	13083.755
23.582618	13102.013
23.589001	13064.225
23.595384	13137.200
23.601767	13169.872
23.608150	13135.585
23.614533	13171.870
23.620915	13061.125
23.627298	13056.871
23.633681	13079.200
23.640064	13136.997
23.646447	13137.487
23.652829	13139.243
23.659212	13111.312
23.665595	13101.118
23.671978	13057.477
23.678361	13094.891
23.684744	13090.399
23.691126	13032.663
23.697509	12996.071
23.703892	13050.743
23.710275	13133.666
23.716658	13071.188
23.723040	13053.820
23.729423	13034.757
23.735806	13116.198
23.742189	13079.965
23.748572	13073.721
23.754955	13008.332
23.761337	13036.051
23.767720	13128.367
23.774103	13122.832
23.780486	13106.685
23.786869	12972.095
23.793251	12974.034
23.799634	13108.079
23.806017	13141.318
23.812400	13105.965
23.818783	13140.792
23.825166	13104.367
23.831548	13108.247
23.837931	12932.534
23.844314	12999.213
23.850697	13076.419
23.857080	13059.946
23.863462	12961.596
23.869845	12976.860
23.876228	13081.840
23.882611	13075.010
23.888994	13041.985
23.895377	13098.409
23.901759	13045.011
23.908142	13019.345
23.914525	13104.525
23.920908	13091.988
23.927291	13109.327
23.933673	13013.534
23.940056	12943.947
23.946439	13140.793
23.952822	13043.825
23.959205	12951.627
23.965588	13019.784
23.971970	13055.293
23.978353	13056.439
23.984736	12924.995
23.991119	12974.942
23.997502	12972.744
24.003884	12970.790
24.010267	12998.958
24.016650	13112.332
24.023033	13032.986
24.029416	12986.148
24.035799	12978.845
24.042181	12986.730
24.048564	12989.070
24.054947	13019.098
24.061330	12972.869
24.067713	13003.667
24.074095	12988.151
24.080478	12973.766
24.086861	13013.094
24.093244	12966.874
24.099627	13064.349
24.106010	12977.622
24.112392	13011.894
24.118775	12935.183
24.125158	12937.871
24.131541	12991.733
24.137924	12970.842
24.144306	13047.090
24.150689	12977.004
24.157072	12998.673
24.163455	12948.837
24.169838	12866.863
24.176221	12947.862
24.182603	12982.022
24.188986	12972.981
24.195369	12977.680
24.201752	12981.951
24.208135	12984.891
24.214517	12935.457
24.220900	12905.545
24.227283	12965.824
24.233666	12960.646
24.240049	12901.441
24.246432	12885.925
24.252814	12891.085
24.259197	12955.823
24.265580	12930.115
24.271963	12871.672
24.278346	12966.540
24.284728	12928.245
24.291111	12947.913
24.297494	12910.426
24.303877	12843.478
24.310260	12944.357
24.316643	12961.743
24.323025	12867.932
24.329408	12889.226
24.335791	12902.387
24.342174	12886.666
24.348557	12900.366
24.354939	12822.329
24.361322	12839.134
24.367705	12874.867
24.374088	12862.989
24.380471	12806.529
24.386854	12836.419
24.393236	12844.965
24.399619	12885.290
24.406002	12902.844
24.412385	12809.541
24.418768	12795.766
24.425150	12844.900
24.431533	12811.843
24.437916	12843.282
24.444299	12890.564
24.450682	12909.606
24.457065	12941.751
24.463447	12914.689
24.469830	12806.464
24.476213	12870.503
24.482596	12784.382
24.488979	12797.852
24.495361	12925.883
24.501744	12936.973
24.508127	12917.069
24.514510	12950.153
24.520893	12841.497
24.527276	12874.662
24.533658	12794.708
24.540041	12767.305
24.546424	12884.389
24.552807	12934.231
24.559190	12836.551
24.565572	12815.247
24.571955	12831.599
24.578338	12861.960
24.584721	12843.861
24.591104	12775.327
24.597487	12778.494
24.603869	12766.336
24.610252	12728.057
24.616635	12762.623
24.623018	12745.652
24.629401	12843.760
24.635783	12804.021
24.642166	12742.525
24.648549	12756.765
24.654932	12783.191
24.661315	12840.766
24.667698	12741.546
24.674080	12736.461
24.680463	12747.516
24.686846	12685.389
24.693229	12838.887
24.699612	12829.750
24.705994	12745.016
24.712377	12804.480
24.718760	12729.772
24.725143	12798.006
24.731526	12795.324
24.737909	12809.596
24.744291	12801.552
24.750674	12668.713
24.757057	12735.201
24.763440	12718.317
24.769823	12810.261
24.776205	12787.066
24.782588	12730.530
24.788971	12717.420
24.795354	12712.527
24.801737	12738.747
24.808120	12788.314
24.814502	12765.237
24.820885	12786.855
24.827268	12736.157
24.833651	12719.189
24.840034	12787.711
24.846416	12734.008
24.852799	12769.982
24.859182	12715.089
24.865565	12652.722
24.871948	12701.654
24.878331	12666.800
24.884713	12625.517
24.891096	12655.947
24.897479	12760.555
24.903862	12783.907
24.910245	12755.165
24.916627	12578.148
24.923010	12679.749
24.929393	12649.459
24.935776	12709.553
24.942159	12744.401
24.948542	12733.049
24.954924	12718.760
24.961307	12789.386
24.967690	12706.550
24.974073	12650.220
24.980456	12656.314
24.986838	12697.358
24.993221	12691.076
24.999604	12694.523
25.005987	12640.636
25.012370	12715.265
25.018753	12798.028
25.025135	12722.479
25.031518	12676.477
25.037901	12696.195
25.044284	12658.014
25.050667	12618.829
25.057049	12717.054
25.063432	12735.503
25.069815	12712.998
25.076198	12677.284
25.082581	12760.476
25.088964	12696.428
25.095346	12705.568
25.101729	12679.764
25.108112	12712.915
25.114495	12622.025
25.120878	12562.247
25.127260	12688.891
25.133643	12682.755
25.140026	12729.224
25.146409	12698.342
25.152792	12649.678
25.159175	12688.417
25.165557	12546.484
25.171940	12645.539
25.178323	12682.155
25.184706	12661.859
25.191089	12745.279
25.197471	12705.321
25.203854	12669.879
25.210237	12690.702
25.216620	12619.684
25.223003	12682.115
25.229386	12520.885
25.235768	12565.676
25.242151	12650.240
25.248534	12696.474
25.254917	12699.247
25.261300	12610.791
25.267682	12567.334
25.274065	12563.765
25.280448	12632.824
25.286831	12632.224
25.293214	12643.304
25.299597	12625.435
25.305979	12631.639
25.312362	12593.997
25.318745	12566.842
25.325128	12602.323
25.331511	12685.025
25.337893	12688.669
25.344276	12562.543
25.350659	12592.188
25.357042	12576.014
25.363425	12588.875
25.369808	12612.447
25.376190	12588.207
25.382573	12643.863
25.388956	12642.591
25.395339	12587.138
25.401722	12526.698
25.408104	12575.484
25.414487	12603.349
25.420870	12623.054
25.427253	12553.110
25.433636	12432.422
25.440019	12582.140
25.446401	12530.571
25.452784	12526.395
25.459167	12546.153
25.465550	12623.189
25.471933	12607.204
25.478315	12656.710
25.484698	12590.539
25.491081	12596.197
25.497464	12540.114
25.503847	12565.484
25.510230	12493.718
25.516612	12551.115
25.522995	12597.467
25.529378	12464.235
25.535761	12503.576
25.542144	12515.320
25.548526	12515.437
25.554909	12577.478
25.561292	12566.112
25.567675	12536.604
25.574058	12575.297
25.580441	12546.334
25.586823	12559.390
25.593206	12563.660
25.599589	12606.626
25.605972	12531.281
25.612355	12487.260
25.618737	12567.730
25.625120	12530.189
25.631503	12529.663
25.637886	12503.581
25.644269	12557.456
25.650652	12528.205
25.657034	12591.638
25.663417	12497.418
25.669800	12425.276
25.676183	12391.093
25.682566	12516.116
25.688948	12442.142
25.695331	12583.631
25.701714	12426.445
25.708097	12535.839
25.714480	12482.131
25.720863	12488.327
25.727245	12473.041
25.733628	12505.213
25.740011	12489.024
25.746394	12405.694
25.752777	12434.401
25.759159	12558.712
25.765542	12503.274
25.771925	12487.974
25.778308	12406.604
25.784691	12346.731
25.791074	12475.033
25.797456	12418.352
25.803839	12368.940
25.810222	12379.512
25.816605	12421.615
25.822988	12387.062
25.829370	12326.379
25.835753	12417.103
25.842136	12340.873
25.848519	12371.204
25.854902	12543.000
25.861285	12529.331
25.867667	12378.325
25.874050	12424.851
25.880433	12446.546
25.886816	12423.256
25.893199	12500.362
25.899581	12469.173
25.905964	12418.905
25.912347	12360.265
25.918730	12470.418
25.925113	12417.724
25.931496	12298.197
25.937878	12402.231
25.944261	12403.659
25.950644	12358.672
25.957027	12421.467
25.963410	12396.336
25.969792	12435.336
25.976175	12415.188
25.982558	12389.026
25.988941	12430.827
25.995324	12382.637
26.001707	12426.714
26.008089	12386.042
26.014472	12399.337
26.020855	12412.600
26.027238	12411.878
26.033621	12409.872
26.040003	12236.513
26.046386	12325.760
26.052769	12548.740
26.059152	12465.206
26.065535	12358.835
26.071918	12271.567
26.078300	12376.042
26.084683	12388.719
26.091066	12470.248
26.097449	12417.655
26.103832	12406.592
26.110214	12344.557
26.116597	12375.488
26.122980	12427.241
26.129363	12316.215
26.135746	12307.030
26.142129	12335.374
26.148511	12393.475
26.154894	12425.644
26.161277	12352.197
26.167660	12357.491
26.174043	12391.684
26.180425	12400.909
26.186808	12288.628
26.193191	12464.400
26.199574	12419.888
26.205957	12359.194
26.212340	12368.965
26.218722	12453.399
26.225105	12476.871
26.231488	12364.370
26.237871	12458.854
26.244254	12433.300
26.250636	12384.110
26.257019	12385.470
26.263402	12235.033
26.269785	12306.584
26.276168	12361.893
26.282551	12357.712
26.288933	12271.466
26.295316	12291.900
26.301699	12272.156
26.308082	12195.418
26.314465	12183.531
26.320847	12311.592
26.327230	12281.613
26.333613	12333.462
26.339996	12295.677
26.346379	12312.782
26.352762	12289.057
26.359144	12307.835
26.365527	12270.884
26.371910	12283.482
26.378293	12224.490
26.384676	12301.585
26.391058	12299.051
26.397441	12359.447
26.403824	12202.813
26.410207	12260.070
26.416590	12319.232
26.422973	12327.110
26.429355	12317.863
26.435738	12384.440
26.442121	12473.026
26.448504	12318.938
26.454887	12223.135
26.461269	12235.331
26.467652	12269.335
26.474035	12277.528
26.480418	12197.154
26.486801	12223.028
26.493184	12182.916
26.499566	12161.704
26.505949	12247.905
26.512332	12385.652
26.518715	12272.389
26.525098	12189.406
26.531480	12226.913
26.537863	12214.000
26.544246	12092.258
26.550629	12172.666
26.557012	12277.405
26.563395	12237.126
26.569777	12212.019
26.576160	12147.713
26.582543	12219.622
26.588926	12140.977
26.595309	12203.068
26.601692	12115.504
26.608074	12212.326
26.614457	12223.888
26.620840	12248.363
26.627223	12191.283
26.633606	12275.129
26.639988	12316.601
26.646371	12220.735
26.652754	12337.881
26.659137	12329.955
26.665520	12192.216
26.671903	12229.551
26.678285	12180.978
26.684668	12256.453
26.691051	12224.933
26.697434	12098.864
26.703817	12175.083
26.710199	12219.702
26.716582	12074.121
26.722965	12078.227
26.729348	12104.723
26.735731	12159.109
26.742114	12160.804
26.748496	12171.346
26.754879	12127.389
26.761262	12005.824
26.767645	12218.777
26.774028	12215.183
26.780410	12108.706
26.786793	12195.777
26.793176	12079.760
26.799559	12116.838
26.805942	12121.089
26.812325	12184.417
26.818707	12153.750
26.825090	12127.210
26.831473	12200.819
26.837856	12179.277
26.844239	12057.841
26.850621	12046.518
26.857004	12154.349
26.863387	12149.502
26.869770	12162.313
26.876153	12103.717
26.882536	12135.773
26.888918	12092.018
26.895301	12099.193
26.901684	12056.704
26.908067	12166.228
26.914450	12034.546
26.920832	12067.411
26.927215	12111.693
26.933598	12173.648
26.939981	12095.471
26.946364	12085.407
26.952747	12190.015
26.959129	12241.879
26.965512	12070.563
26.971895	12240.709
26.978278	11994.079
26.984661	12103.542
26.991043	12190.392
26.997426	11991.028
27.003809	12180.598
27.010192	12041.857
27.016575	12094.144
27.022958	12212.792
27.029340	12107.232
27.035723	12076.036
27.042106	12024.971
27.048489	12035.388
27.054872	12145.966
27.061254	12094.233
27.067637	12137.710
27.074020	12040.946
27.080403	12035.476
27.086786	11916.713
27.093169	11899.902
27.099551	12031.310
27.105934	12108.970
27.112317	12060.742
27.118700	12118.082
27.125083	11998.143
27.131465	12023.099
27.137848	11927.552
27.144231	12052.299
27.150614	12070.922
27.156997	12041.535
27.163380	12119.894
27.169762	12127.705
27.176145	12060.359
27.182528	12189.379
27.188911	12062.232
27.195294	12010.313
27.201676	11915.553
27.208059	12043.063
27.214442	11957.885
27.220825	11960.410
27.227208	12027.160
27.233591	11892.053
27.239973	11961.040
27.246356	12013.088
27.252739	11873.029
27.259122	11923.429
27.265505	12137.982
27.271887	12040.558
27.278270	12105.045
27.284653	11964.244
27.291036	12026.159
27.297419	12080.815
27.303802	12004.534
27.310184	12008.853
27.316567	11963.896
27.322950	11967.284
27.329333	12092.553
27.335716	12043.379
27.342098	11984.473
27.348481	11982.801
27.354864	12053.872
27.361247	11968.158
27.367630	11978.491
27.374013	11912.423
27.380395	11949.922
27.386778	11924.099
27.393161	11949.746
27.399544	11885.875
27.405927	11974.758
27.412309	11906.459
27.418692	11990.270
27.425075	11831.350
27.431458	11910.947
27.437841	11919.948
27.444224	12038.947
27.450606	11860.372
27.456989	11895.659
27.463372	11847.866
27.469755	11886.761
27.476138	12001.781
27.482520	11884.793
27.488903	11938.472
27.495286	11821.369
27.501669	11950.721
27.508052	11817.093
27.514435	11762.443
27.520817	11949.541
27.527200	11895.274
27.533583	11934.619
27.539966	11914.921
27.546349	11856.084
27.552731	11836.292
27.559114	11796.037
27.565497	11742.989
27.571880	11934.216
27.578263	12007.525
27.584646	11888.724
27.591028	11958.540
27.597411	11933.212
27.603794	11997.297
27.610177	12026.360
27.616560	11901.485
27.622942	11991.730
27.629325	11812.517
27.635708	11831.406
27.642091	11796.368
27.648474	11861.903
27.654857	11838.336
27.661239	11983.702
27.667622	11833.429
27.674005	11957.033
27.680388	11837.671
27.686771	11872.963
27.693153	11817.736
27.699536	11834.412
27.705919	11675.723
27.712302	11822.615
27.718685	11798.770
27.725068	11809.706
27.731450	11794.973
27.737833	11712.746
27.744216	11592.791
27.750599	11764.162
27.756982	0.0000000
27.763364	0.0000000
27.769747	0.0000000
27.776130	0.0000000
27.782513	0.0000000
27.788896	0.0000000
27.795279	0.0000000
27.801661	0.0000000
27.808044	0.0000000
27.814427	0.0000000
27.820810	0.0000000
27.827193	0.0000000
27.833575	0.0000000
27.839958	0.0000000
27.846341	0.0000000
27.852724	0.0000000
27.859107	0.0000000
27.865490	0.0000000
27.871872	0.0000000
27.878255	0.0000000
27.884638	0.0000000
27.891021	0.0000000
27.897404	0.0000000
27.903786	0.0000000
27.910169	0.0000000
27.916552	0.0000000
27.922935	0.0000000
27.929318	0.0000000
27.935701	0.0000000
27.942083	0.0000000
27.948466	0.0000000
27.954849	0.0000000
27.961232	0.0000000
27.967615	0.0000000
27.973997	0.0000000
27.980380	0.0000000
27.986763	0.0000000
27.993146	0.0000000
27.999529	0.0000000
28.005912	0.0000000
28.012294	0.0000000
28.018677	0.0000000
28.025060	0.0000000
28.031443	0.0000000
28.037826	0.0000000
28.044208	0.0000000
28.050591	0.0000000
28.056974	0.0000000
28.063357	0.0000000
28.069740	0.0000000
28.076123	0.0000000
28.082505	0.0000000
28.088888	0.0000000
28.095271	0.0000000
28.101654	0.0000000
28.108037	0.0000000
28.114419	0.0000000
28.120802	0.0000000
28.127185	0.0000000
28.133568	0.0000000
28.139951	0.0000000
28.146334	0.0000000
28.152716	0.0000000
28.159099	0.0000000
28.165482	0.0000000
28.171865	0.0000000
28.178248	0.0000000
28.184630	0.0000000
28.191013	0.0000000
28.197396	0.0000000
28.203779	0.0000000
28.210162	0.0000000
28.216545	0.0000000
28.222927	0.0000000
28.229310	0.0000000
28.235693	0.0000000
28.242076	0.0000000
28.248459	0.0000000
28.254841	0.0000000
28.261224	0.0000000
28.267607	0.0000000
28.273990	0.0000000
28.280373	0.0000000
28.286756	0.0000000
28.293138	0.0000000
28.299521	0.0000000
28.305904	0.0000000
28.312287	0.0000000
28.318670	0.0000000
28.325052	0.0000000
28.331435	0.0000000
28.337818	0.0000000
28.344201	0.0000000
28.350584	0.0000000
28.356967	0.0000000
28.363349	0.0000000
28.369732	0.0000000
28.376115	0.0000000
28.382498	0.0000000
28.388881	0.0000000
28.395263	0.0000000
28.401646	0.0000000
28.408029	0.0000000
28.414412	0.0000000
28.420795	0.0000000
28.427178	0.0000000
28.433560	0.0000000
28.439943	0.0000000
28.446326	0.0000000
28.452709	0.0000000
28.459092	0.0000000
28.465474	0.0000000
28.471857	0.0000000
28.478240	0.0000000
28.484623	0.0000000
28.491006	0.0000000
28.497389	0.0000000
28.503771	0.0000000
28.510154	0.0000000
28.516537	0.0000000
28.522920	0.0000000
28.529303	0.0000000
28.535685	0.0000000
28.542068	0.0000000
28.548451	0.0000000
28.554834	0.0000000
28.561217	0.0000000
28.567600	0.0000000
28.573982	0.0000000
28.580365	0.0000000
28.586748	0.0000000
28.593131	0.0000000
28.599514	0.0000000
28.605896	0.0000000
28.612279	0.0000000
28.618662	0.0000000
28.625045	0.0000000
28.631428	0.0000000
28.637811	0.0000000
28.644193	0.0000000
28.650576	0.0000000
28.656959	0.0000000
28.663342	0.0000000
28.669725	0.0000000
28.676107	0.0000000
28.682490	0.0000000
28.688873	0.0000000
28.695256	0.0000000
28.701639	0.0000000
28.708022	0.0000000
28.714404	0.0000000
28.720787	0.0000000
28.727170	0.0000000
28.733553	0.0000000
28.739936	0.0000000
28.746318	0.0000000
28.752701	0.0000000
28.759084	0.0000000
28.765467	0.0000000
28.771850	0.0000000
28.778233	0.0000000
28.784615	0.0000000
28.790998	0.0000000
28.797381	0.0000000
28.803764	0.0000000
28.810147	0.0000000
28.816529	0.0000000
28.822912	0.0000000
28.829295	0.0000000
28.835678	0.0000000
28.842061	0.0000000
28.848444	0.0000000
28.854826	0.0000000
28.861209	0.0000000
28.867592	0.0000000
28.873975	0.0000000
28.880358	0.0000000
28.886740	0.0000000
28.893123	0.0000000
28.899506	0.0000000
28.905889	0.0000000
28.912272	0.0000000
28.918655	0.0000000
28.925037	0.0000000
28.931420	0.0000000
28.937803	0.0000000
28.944186	0.0000000
28.950569	0.0000000
28.956951	0.0000000
28.963334	0.0000000
28.969717	0.0000000
28.976100	0.0000000
28.982483	0.0000000
28.988866	0.0000000
28.995248	0.0000000
29.001631	0.0000000
29.008014	0.0000000
29.014397	0.0000000
29.020780	0.0000000
29.027162	0.0000000
29.033545	0.0000000
29.039928	0.0000000
29.046311	0.0000000
29.052694	0.0000000
29.059077	0.0000000
29.065459	0.0000000
29.071842	0.0000000
29.078225	0.0000000
29.084608	0.0000000
29.090991	0.0000000
29.097373	0.0000000
29.103756	0.0000000
29.110139	0.0000000
29.116522	0.0000000
29.122905	0.0000000
29.129288	0.0000000
29.135670	0.0000000
29.142053	0.0000000
29.148436	0.0000000
29.154819	0.0000000
29.161202	0.0000000
29.167584	0.0000000
29.173967	0.0000000
29.180350	0.0000000
29.186733	0.0000000
29.193116	0.0000000
29.199499	0.0000000
29.205881	0.0000000
29.212264	0.0000000
29.218647	0.0000000
29.225030	0.0000000
29.231413	0.0000000
29.237795	0.0000000
29.244178	0.0000000
29.250561	0.0000000
29.256944	0.0000000
29.263327	0.0000000
29.269710	0.0000000
29.276092	0.0000000
29.282475	0.0000000
29.288858	0.0000000
29.295241	0.0000000
29.301624	0.0000000
29.308006	0.0000000
29.314389	0.0000000
29.320772	0.0000000
29.327155	0.0000000
29.333538	0.0000000
29.339921	0.0000000
29.346303	0.0000000
29.352686	0.0000000
29.359069	0.0000000
29.365452	0.0000000
29.371835	0.0000000
29.378217	0.0000000
29.384600	0.0000000
29.390983	0.0000000
29.397366	0.0000000
29.403749	0.0000000
29.410132	0.0000000
29.416514	0.0000000
29.422897	0.0000000
29.429280	0.0000000
29.435663	0.0000000
29.442046	0.0000000
29.448428	0.0000000
29.454811	0.0000000
29.461194	0.0000000
29.467577	0.0000000
29.473960	0.0000000
29.480343	0.0000000
29.486725	0.0000000
29.493108	0.0000000
29.499491	0.0000000
29.505874	0.0000000
29.512257	0.0000000
29.518639	0.0000000
29.525022	0.0000000
29.531405	0.0000000
29.537788	0.0000000
29.544171	0.0000000
29.550554	0.0000000
29.556936	0.0000000
29.563319	0.0000000
29.569702	0.0000000
29.576085	0.0000000
29.582468	0.0000000
29.588850	0.0000000
29.595233	0.0000000
29.601616	0.0000000
29.607999	0.0000000
29.614382	0.0000000
29.620765	0.0000000
29.627147	0.0000000
29.633530	0.0000000
29.639913	0.0000000
29.646296	0.0000000
29.652679	0.0000000
29.659061	0.0000000
29.665444	0.0000000
29.671827	0.0000000
29.678210	0.0000000
29.684593	0.0000000
29.690976	0.0000000
29.697358	0.0000000
29.703741	0.0000000
29.710124	0.0000000
29.716507	0.0000000
29.722890	0.0000000
29.729272	0.0000000
29.735655	0.0000000
29.742038	0.0000000
29.748421	0.0000000
29.754804	0.0000000
29.761187	0.0000000
29.767569	0.0000000
29.773952	0.0000000
29.780335	0.0000000
29.786718	0.0000000
29.793101	0.0000000
29.799484	0.0000000
29.805866	0.0000000
29.812249	0.0000000
29.818632	0.0000000
29.825015	0.0000000
29.831398	0.0000000
29.837780	0.0000000
29.844163	0.0000000
29.850546	0.0000000
29.856929	0.0000000
29.863312	0.0000000
29.869695	0.0000000
29.876077	0.0000000
29.882460	0.0000000
29.888843	0.0000000
29.895226	0.0000000
29.901609	0.0000000
29.907991	0.0000000
29.914374	0.0000000
29.920757	0.0000000
29.927140	0.0000000
29.933523	0.0000000
29.939906	0.0000000
29.946288	0.0000000
29.952671	0.0000000
29.959054	0.0000000
29.965437	0.0000000
29.971820	0.0000000
29.978202	0.0000000
29.984585	0.0000000
29.990968	0.0000000
29.997351	0.0000000
30.003734	0.0000000
30.010117	0.0000000
30.016499	0.0000000
30.022882	0.0000000
30.029265	0.0000000
30.035648	0.0000000
30.042031	0.0000000
30.048413	0.0000000
30.054796	0.0000000
30.061179	0.0000000
30.067562	0.0000000
30.073945	0.0000000
30.080328	0.0000000
30.086710	0.0000000
30.093093	0.0000000
30.099476	0.0000000
30.105859	0.0000000
30.112242	0.0000000
30.118624	0.0000000
30.125007	0.0000000
30.131390	0.0000000
30.137773	0.0000000
30.144156	0.0000000
30.150539	0.0000000
30.156921	0.0000000
30.163304	0.0000000
30.169687	0.0000000
30.176070	0.0000000
30.182453	0.0000000
30.188835	0.0000000
30.195218	0.0000000
30.201601	0.0000000
30.207984	0.0000000
30.214367	0.0000000
30.220750	0.0000000
30.227132	0.0000000
30.233515	0.0000000
30.239898	0.0000000
30.246281	0.0000000
30.252664	0.0000000
30.259046	0.0000000
30.265429	0.0000000
30.271812	0.0000000
30.278195	0.0000000
30.284578	0.0000000
30.290961	0.0000000
30.297343	0.0000000
30.303726	0.0000000
30.310109	0.0000000
30.316492	0.0000000
30.322875	0.0000000
30.329257	0.0000000
30.335640	0.0000000
30.342023	0.0000000
30.348406	0.0000000
30.354789	0.0000000
30.361172	0.0000000
30.367554	0.0000000
30.373937	0.0000000
30.380320	0.0000000
30.386703	0.0000000
30.393086	0.0000000
30.399468	0.0000000
30.405851	0.0000000
30.412234	0.0000000
30.418617	0.0000000
30.425000	0.0000000
30.431383	0.0000000
30.437765	0.0000000
30.444148	0.0000000
30.450531	0.0000000
30.456914	0.0000000
30.463297	0.0000000
30.469679	0.0000000
30.476062	0.0000000
30.482445	0.0000000
30.488828	0.0000000
30.495211	0.0000000
30.501594	0.0000000
30.507976	0.0000000
30.514359	0.0000000
30.520742	0.0000000
30.527125	0.0000000
30.533508	0.0000000
30.539890	0.0000000
30.546273	0.0000000
30.552656	0.0000000
30.559039	0.0000000
30.565422	0.0000000
30.571805	0.0000000
30.578187	0.0000000
30.584570	0.0000000
30.590953	0.0000000
30.597336	0.0000000
30.603719	0.0000000
30.610101	0.0000000
30.616484	0.0000000
30.622867	0.0000000
30.629250	0.0000000
30.635633	0.0000000
30.642016	0.0000000
30.648398	0.0000000
30.654781	0.0000000
30.661164	0.0000000
30.667547	0.0000000
30.673930	0.0000000
30.680312	0.0000000
30.686695	0.0000000
30.693078	0.0000000
30.699461	0.0000000
30.705844	0.0000000
30.712227	0.0000000
30.718609	0.0000000
30.724992	0.0000000
30.731375	0.0000000
30.737758	0.0000000
30.744141	0.0000000
30.750523	0.0000000
30.756906	0.0000000
30.763289	0.0000000
30.769672	0.0000000
30.776055	0.0000000
30.782438	0.0000000
30.788820	0.0000000
30.795203	0.0000000
30.801586	0.0000000
30.807969	0.0000000
30.814352	0.0000000
30.820734	0.0000000
30.827117	0.0000000
30.833500	0.0000000
30.839883	0.0000000
30.846266	0.0000000
30.852649	0.0000000
30.859031	0.0000000
30.865414	0.0000000
30.871797	0.0000000
30.878180	0.0000000
30.884563	0.0000000
30.890945	0.0000000
30.897328	0.0000000
30.903711	0.0000000
30.910094	0.0000000
30.916477	0.0000000
30.922860	0.0000000
30.929242	0.0000000
30.935625	0.0000000
30.942008	0.0000000
30.948391	0.0000000
30.954774	0.0000000
30.961156	0.0000000
30.967539	0.0000000
30.973922	0.0000000
30.980305	0.0000000
30.986688	0.0000000
30.993071	0.0000000
30.999453	0.0000000
31.005836	0.0000000
31.012219	0.0000000
31.018602	0.0000000
31.024985	0.0000000
31.031367	0.0000000
31.037750	0.0000000
31.044133	0.0000000
31.050516	0.0000000
31.056899	0.0000000
31.063282	0.0000000
31.069664	0.0000000
31.076047	0.0000000
31.082430	0.0000000
31.088813	0.0000000
31.095196	0.0000000
31.101578	0.0000000
31.107961	0.0000000
31.114344	0.0000000
31.120727	0.0000000
31.127110	0.0000000
31.133493	0.0000000
31.139875	0.0000000
31.146258	0.0000000
31.152641	0.0000000
31.159024	0.0000000
31.165407	0.0000000
31.171789	0.0000000
31.178172	0.0000000
31.184555	0.0000000
31.190938	0.0000000
31.197321	0.0000000
31.203704	0.0000000
31.210086	0.0000000
31.216469	0.0000000
31.222852	0.0000000
31.229235	0.0000000
31.235618	0.0000000
31.242000	0.0000000
31.248383	0.0000000
31.254766	0.0000000
31.261149	0.0000000
31.267532	0.0000000
31.273915	0.0000000
31.280297	0.0000000
31.286680	0.0000000
31.293063	0.0000000
31.299446	0.0000000
31.305829	0.0000000
31.312211	0.0000000
31.318594	0.0000000
31.324977	0.0000000
31.331360	0.0000000
31.337743	0.0000000
31.344126	0.0000000
31.350508	0.0000000
31.356891	0.0000000
31.363274	0.0000000
31.369657	0.0000000
31.376040	0.0000000
31.382422	0.0000000
31.388805	0.0000000
31.395188	0.0000000
31.401571	0.0000000
31.407954	0.0000000
31.414337	0.0000000
31.420719	0.0000000
31.427102	0.0000000
31.433485	0.0000000
31.439868	0.0000000
31.446251	0.0000000
31.452633	0.0000000
31.459016	0.0000000
31.465399	0.0000000
31.471782	0.0000000
31.478165	0.0000000
31.484548	0.0000000
31.490930	0.0000000
31.497313	0.0000000
31.503696	0.0000000
31.510079	0.0000000
31.516462	0.0000000
31.522844	0.0000000
31.529227	0.0000000
31.535610	0.0000000
31.541993	0.0000000
31.548376	0.0000000
31.554759	0.0000000
31.561141	0.0000000
31.567524	0.0000000
31.573907	0.0000000
31.580290	0.0000000
31.586673	0.0000000
31.593055	0.0000000
31.599438	0.0000000
31.605821	0.0000000
31.612204	0.0000000
31.618587	0.0000000
31.624970	0.0000000
31.631352	0.0000000
31.637735	0.0000000
31.644118	0.0000000
31.650501	0.0000000
31.656884	0.0000000
31.663266	0.0000000
31.669649	0.0000000
31.676032	0.0000000
31.682415	0.0000000
31.688798	0.0000000
31.695181	0.0000000
31.701563	0.0000000
31.707946	0.0000000
31.714329	0.0000000
31.720712	0.0000000
31.727095	0.0000000
31.733477	0.0000000
31.739860	0.0000000
31.746243	0.0000000
31.752626	0.0000000
31.759009	0.0000000
31.765392	0.0000000
31.771774	0.0000000
31.778157	0.0000000
31.784540	0.0000000
31.790923	0.0000000
31.797306	0.0000000
31.803688	0.0000000
31.810071	0.0000000
31.816454	0.0000000
31.822837	0.0000000
31.829220	0.0000000
31.835603	0.0000000
31.841985	0.0000000
31.848368	0.0000000
31.854751	0.0000000
31.861134	0.0000000
31.867517	0.0000000
31.873899	0.0000000
31.880282	0.0000000
31.886665	0.0000000
31.893048	0.0000000
31.899431	0.0000000
31.905814	0.0000000
31.912196	0.0000000
31.918579	0.0000000
