0.010870201	0.0000000
0.017253020	0.0000000
0.023635838	0.0000000
0.030018656	0.0000000
0.036401475	0.0000000
0.042784293	0.0000000
0.049167111	0.0000000
0.055549930	0.0000000
0.061932748	0.0000000
0.068315566	0.0000000
0.074698385	0.0000000
0.081081203	0.0000000
0.087464022	0.0000000
0.093846840	0.0000000
0.10022966	0.0000000
0.10661248	0.0000000
0.11299529	0.0000000
0.11937811	0.0000000
0.12576093	0.0000000
0.13214375	0.0000000
0.13852657	0.0000000
0.14490939	0.0000000
0.15129221	0.0000000
0.15767502	0.0000000
0.16405784	0.0000000
0.17044066	0.0000000
0.17682348	0.0000000
0.18320630	0.0000000
0.18958912	0.0000000
0.19597193	0.0000000
0.20235475	6322.6453
0.20873757	6535.2076
0.21512039	5888.0860
0.22150321	4450.6320
0.22788603	3689.0354
0.23426884	2187.8430
0.24065166	1006.1126
0.24703448	107.09370
0.25341730	-598.34349
0.25980012	-1185.0368
0.26618294	-1750.1824
0.27256575	-2066.5492
0.27894857	-2500.4129
0.28533139	-2657.8869
0.29171421	-2824.4962
0.29809703	-3030.1703
0.30447985	-3210.5074
0.31086266	-3478.7968
0.31724548	-3494.6926
0.32362830	-3629.9000
0.33001112	-3965.9967
0.33639394	-3971.2317
0.34277676	-4062.5461
0.34915957	-4006.6252
0.35554239	-4189.4371
0.36192521	-3945.5446
0.36830803	-3979.3597
0.37469085	-3837.2647
0.38107367	-3477.0256
0.38745648	-3088.7664
0.39383930	-2651.7071
0.40022212	-2635.3283
0.40660494	-2596.2933
0.41298776	-2760.0069
0.41937058	-2801.9850
0.42575339	-2922.6444
0.43213621	-2979.6225
0.43851903	-2956.1135
0.44490185	-3020.5297
0.45128467	-3048.9671
0.45766749	-3099.0426
0.46405030	-3124.5298
0.47043312	-3177.3120
0.47681594	-3204.9211
0.48319876	-3139.3854
0.48958158	-3073.9721
0.49596440	-2991.7947
0.50234722	-3029.8422
0.50873003	-3070.1391
0.51511285	-3096.4500
0.52149567	-3056.8243
0.52787849	-2994.2813
0.53426131	-2894.7666
0.54064413	-2821.5771
0.54702694	-2730.8432
0.55340976	-2714.2459
0.55979258	-2693.4400
0.56617540	-2632.4353
0.57255822	-2522.4395
0.57894104	-2409.9354
0.58532385	-2252.7646
0.59170667	-2089.4365
0.59808949	-1966.5541
0.60447231	-1834.2252
0.61085513	-1684.8307
0.61723795	-1382.3348
0.62362076	-1171.6923
0.63000358	-947.16435
0.63638640	-791.48802
0.64276922	-625.44496
0.64915204	-564.28555
0.65553486	-551.75462
0.66191767	-543.39020
0.66830049	-518.70810
0.67468331	-516.25733
0.68106613	-657.09237
0.68744895	-706.18991
0.69383177	-739.13586
0.70021458	-750.40289
0.70659740	-708.38606
0.71298022	-670.21519
0.71936304	-621.34643
0.72574586	-572.35225
0.73212868	-550.50604
0.73851149	-423.75443
0.74489431	-373.55093
0.75127713	-221.44256
0.75765995	-90.508805
0.76404277	29.215949
0.77042559	175.27339
0.77680840	315.10831
0.78319122	567.36336
0.78957404	795.14883
0.79595686	1122.5303
0.80233968	1456.4956
0.80872250	1829.0667
0.81510531	2235.5195
0.82148813	2498.0227
0.82787095	2712.9219
0.83425377	2878.6495
0.84063659	3060.2197
0.84701941	3242.7090
0.85340223	3216.6130
0.85978504	3089.1338
0.86616786	2916.8738
0.87255068	2761.6840
0.87893350	2630.0172
0.88531632	2448.2757
0.89169914	2275.5836
0.89808195	2138.0879
0.90446477	2056.3364
0.91084759	2087.0477
0.91723041	2153.8535
0.92361323	2226.2467
0.92999605	2275.4246
0.93637886	2375.3283
0.94276168	2456.4086
0.94914450	2505.0299
0.95552732	2568.3040
0.96191014	2600.5016
0.96829296	2750.3035
0.97467577	2842.2781
0.98105859	2925.8820
0.98744141	2935.1056
0.99382423	3007.4392
1.0002070	3104.4697
1.0065899	3290.2893
1.0129727	3485.0059
1.0193555	3570.3159
1.0257383	3667.9583
1.0321211	3748.3775
1.0385040	3872.5829
1.0448868	4012.1066
1.0512696	4165.1061
1.0576524	4344.8622
1.0640352	4412.6419
1.0704180	4568.1332
1.0768009	4693.9867
1.0831837	4928.2530
1.0895665	5105.5422
1.0959493	5230.3489
1.1023321	5441.1905
1.1087150	5616.3106
1.1150978	5905.4255
1.1214806	6208.8201
1.1278634	6648.0040
1.1342462	7257.4511
1.1406291	8053.5164
1.1470119	9398.5864
1.1533947	11324.366
1.1597775	14713.290
1.1661603	20314.314
1.1725431	28915.527
1.1789260	43344.410
1.1853088	59274.596
1.1916916	80778.742
1.1980744	100439.10
1.2044572	118784.27
1.2108401	134982.23
1.2172229	146483.14
1.2236057	156217.45
1.2299885	160888.12
1.2363713	160580.41
1.2427541	154101.68
1.2491370	141683.55
1.2555198	123792.46
1.2619026	105368.93
1.2682854	84316.949
1.2746682	66172.714
1.2810511	50401.653
1.2874339	37756.127
1.2938167	28628.952
1.3001995	22537.402
1.3065823	19128.916
1.3129651	17481.291
1.3193480	17158.875
1.3257308	17923.680
1.3321136	19701.116
1.3384964	23104.460
1.3448792	29302.543
1.3512621	39049.243
1.3576449	58114.980
1.3640277	85833.407
1.3704105	131339.98
1.3767933	190156.68
1.3831761	256027.95
1.3895590	328920.96
1.3959418	388887.12
1.4023246	445439.29
1.4087074	485819.11
1.4150902	517493.20
1.4214731	536124.82
1.4278559	537299.73
1.4342387	514361.13
1.4406215	475487.14
1.4470043	414082.39
1.4533872	346233.75
1.4597700	279191.99
1.4661528	209958.18
1.4725356	157642.54
1.4789184	109723.14
1.4853012	78652.071
1.4916841	55482.158
1.4980669	42447.053
1.5044497	36155.308
1.5108325	34549.350
1.5172153	37087.386
1.5235982	45321.711
1.5299810	60366.699
1.5363638	85150.781
1.5427466	122531.87
1.5491294	164992.98
1.5555122	216285.46
1.5618951	261483.72
1.5682779	303031.50
1.5746607	336711.93
1.5810435	361706.85
1.5874263	380252.37
1.5938092	386814.65
1.6001920	379647.78
1.6065748	357930.26
1.6129576	321188.33
1.6193404	275882.32
1.6257232	228295.37
1.6321061	179661.27
1.6384889	138963.24
1.6448717	103743.00
1.6512545	78900.421
1.6576373	61155.934
1.6640202	52340.025
1.6704030	50158.225
1.6767858	55356.304
1.6831686	66753.150
1.6895514	89785.389
1.6959342	118899.66
1.7023171	157624.80
1.7086999	198609.67
1.7150827	235956.63
1.7214655	271088.07
1.7278483	296179.36
1.7342312	317724.27
1.7406140	330746.16
1.7469968	335183.12
1.7533796	327284.44
1.7597624	308450.67
1.7661453	273666.03
1.7725281	236938.42
1.7789109	194186.25
1.7852937	153385.68
1.7916765	118685.15
1.7980593	87144.638
1.8044422	65741.596
1.8108250	48652.040
1.8172078	38731.004
1.8235906	32316.916
1.8299734	28834.684
1.8363563	26870.541
1.8427391	25729.548
1.8491219	25163.800
1.8555047	24829.236
1.8618875	24649.317
1.8682703	24599.840
1.8746532	24619.825
1.8810360	24837.667
1.8874188	25342.857
1.8938016	26177.383
1.9001844	27484.226
1.9065673	29252.267
1.9129501	31778.764
1.9193329	35220.410
1.9257157	39658.172
1.9320985	45733.659
1.9384813	52487.784
1.9448642	61364.515
1.9512470	71754.317
1.9576298	85885.400
1.9640126	104651.72
1.9703954	125775.45
1.9767783	151504.94
1.9831611	173368.88
1.9895439	193412.25
1.9959267	207428.16
2.0023095	217257.92
2.0086923	222768.23
2.0150752	223777.25
2.0214580	218395.99
2.0278408	207100.55
2.0342236	188469.04
2.0406064	164699.39
2.0469893	140768.12
2.0533721	113503.20
2.0597549	91923.233
2.0661377	71480.499
2.0725205	56461.250
2.0789034	44887.748
2.0852862	37173.637
2.0916690	32732.237
2.0980518	29990.252
2.1044346	28744.427
2.1108174	28105.279
2.1172003	28047.546
2.1235831	28412.337
2.1299659	29332.218
2.1363487	30753.495
2.1427315	32989.692
2.1491144	35554.931
2.1554972	38408.085
2.1618800	41287.153
2.1682628	43800.907
2.1746456	45986.793
2.1810284	47646.085
2.1874113	48842.840
2.1937941	49297.470
2.2001769	48750.599
2.2065597	47168.161
2.2129425	44712.043
2.2193254	41381.526
2.2257082	38016.663
2.2320910	34384.141
2.2384738	31438.083
2.2448566	28942.884
2.2512394	27180.640
2.2576223	25973.953
2.2640051	25378.598
2.2703879	25503.352
2.2767707	26502.732
2.2831535	28375.476
2.2895364	31856.016
2.2959192	38074.087
2.3023020	47852.873
2.3086848	65812.199
2.3150676	88342.536
2.3214504	120002.16
2.3278333	153467.67
2.3342161	186097.86
2.3405989	217191.52
2.3469817	240284.38
2.3533645	260973.99
2.3597474	274478.82
2.3661302	281767.54
2.3725130	279654.03
2.3788958	267130.85
2.3852786	243175.27
2.3916615	215238.36
2.3980443	181516.01
2.4044271	150554.69
2.4108099	123874.61
2.4171927	102985.70
2.4235755	89406.529
2.4299584	82691.858
2.4363412	81072.715
2.4427240	82709.513
2.4491068	85606.512
2.4554896	88575.461
2.4618725	91113.551
2.4682553	92468.815
2.4746381	91979.504
2.4810209	89263.574
2.4874037	83740.568
2.4937865	77021.949
2.5001694	69369.746
2.5065522	62307.942
2.5129350	57424.306
2.5193178	55399.800
2.5257006	56421.898
2.5320835	60514.388
2.5384663	65962.850
2.5448491	71885.677
2.5512319	77583.799
2.5576147	82117.387
2.5639975	86016.912
2.5703804	88078.603
2.5767632	88089.090
2.5831460	85502.120
2.5895288	80510.583
2.5959116	72893.612
2.6022945	65330.673
2.6086773	56817.310
2.6150601	50022.090
2.6214429	44788.675
2.6278257	41411.532
2.6342085	39673.594
2.6405914	39288.041
2.6469742	39693.929
2.6533570	40562.848
2.6597398	41426.134
2.6661226	42055.531
2.6725055	42291.961
2.6788883	41824.292
2.6852711	40530.802
2.6916539	38644.747
2.6980367	36097.769
2.7044196	33536.426
2.7108024	30920.374
2.7171852	28567.133
2.7235680	26535.400
2.7299508	24928.959
2.7363336	23859.761
2.7427165	23203.906
2.7490993	22843.642
2.7554821	22692.760
2.7618649	22663.942
2.7682477	22808.516
2.7746306	23219.037
2.7810134	23753.705
2.7873962	24615.970
2.7937790	25490.628
2.8001618	26397.382
2.8065446	27299.126
2.8129275	28068.247
2.8193103	28834.917
2.8256931	29360.061
2.8320759	29797.613
2.8384587	30020.310
2.8448416	30004.178
2.8512244	29785.510
2.8576072	29554.033
2.8639900	29397.638
2.8703728	29568.704
2.8767556	30338.281
2.8831385	32016.476
2.8895213	34806.923
2.8959041	38857.479
2.9022869	43440.241
2.9086697	48605.181
2.9150526	53200.882
2.9214354	57132.242
2.9278182	60289.608
2.9342010	62666.421
2.9405838	64165.740
2.9469666	64436.615
2.9533495	63102.563
2.9597323	60666.735
2.9661151	57057.667
2.9724979	53278.987
2.9788807	49881.479
2.9852636	47069.737
2.9916464	45279.268
2.9980292	44170.575
3.0044120	43784.271
3.0107948	43855.912
3.0171777	44481.794
3.0235605	45305.687
3.0299433	46254.107
3.0363261	46909.012
3.0427089	47570.390
3.0490917	48393.290
3.0554746	50024.246
3.0618574	52828.759
3.0682402	56549.353
3.0746230	61349.769
3.0810058	65895.526
3.0873887	70513.162
3.0937715	74505.459
3.1001543	77908.223
3.1065371	80888.042
3.1129199	82984.549
3.1193027	84437.177
3.1256856	85540.341
3.1320684	87656.279
3.1384512	91717.633
3.1448340	98964.456
3.1512168	108683.88
3.1575997	119423.08
3.1639825	130449.79
3.1703653	139616.05
3.1767481	147874.89
3.1831309	154162.93
3.1895137	158489.47
3.1958966	159492.54
3.2022794	156459.86
3.2086622	148700.85
3.2150450	139270.44
3.2214278	127647.10
3.2278107	117264.64
3.2341935	108177.11
3.2405763	100641.43
3.2469591	95193.360
3.2533419	91313.280
3.2597247	89199.261
3.2661076	88060.865
3.2724904	87215.604
3.2788732	85409.422
3.2852560	82139.667
3.2916388	77886.635
3.2980217	72410.439
3.3044045	67207.796
3.3107873	62293.660
3.3171701	58163.495
3.3235529	55141.633
3.3299357	53122.426
3.3363186	52108.863
3.3427014	52070.524
3.3490842	52482.022
3.3554670	52900.415
3.3618498	53009.013
3.3682327	52740.620
3.3746155	52195.173
3.3809983	51517.009
3.3873811	50872.784
3.3937639	50397.671
3.4001468	50267.456
3.4065296	50492.373
3.4129124	51289.941
3.4192952	52926.428
3.4256780	55628.609
3.4320608	60556.872
3.4384437	67337.128
3.4448265	77713.850
3.4512093	90613.706
3.4575921	104889.56
3.4639749	120062.08
3.4703578	132618.17
3.4767406	143770.71
3.4831234	151714.73
3.4895062	157397.18
3.4958890	160241.19
3.5022718	159177.85
3.5086547	153403.52
3.5150375	143750.52
3.5214203	129981.79
3.5278031	115266.84
3.5341859	100031.09
3.5405688	85722.964
3.5469516	73328.426
3.5533344	63295.752
3.5597172	55947.853
3.5661000	50702.831
3.5724828	47584.292
3.5788657	45514.446
3.5852485	44294.414
3.5916313	43418.167
3.5980141	42855.316
3.6043969	42637.425
3.6107798	42823.085
3.6171626	43489.362
3.6235454	44946.459
3.6299282	47333.430
3.6363110	50964.809
3.6426938	57177.381
3.6490767	66021.987
3.6554595	80820.057
3.6618423	99035.206
3.6682251	121790.68
3.6746079	146181.01
3.6809908	168342.29
3.6873736	188483.23
3.6937564	204042.33
3.7001392	216596.89
3.7065220	224574.99
3.7129049	226964.29
3.7192877	222697.94
3.7256705	210913.55
3.7320533	192292.92
3.7384361	171032.73
3.7448189	146516.35
3.7512018	124642.00
3.7575846	103992.66
3.7639674	87747.862
3.7703502	74810.569
3.7767330	66003.749
3.7831159	60712.663
3.7894987	58086.859
3.7958815	57653.202
3.8022643	58609.253
3.8086471	60411.829
3.8150299	62523.458
3.8214128	64809.997
3.8277956	66753.042
3.8341784	68766.385
3.8405612	70439.616
3.8469440	72047.590
3.8533269	73417.857
3.8597097	74529.928
3.8660925	75589.955
3.8724753	76543.895
3.8788581	77262.318
3.8852409	77662.670
3.8916238	77778.713
3.8980066	77760.162
3.9043894	77514.655
3.9107722	77038.779
3.9171550	75784.906
3.9235379	73484.949
3.9299207	70437.510
3.9363035	66386.450
3.9426863	62284.633
3.9490691	58272.369
3.9554519	54806.287
3.9618348	52425.986
3.9682176	51474.490
3.9746004	52443.891
3.9809832	56237.870
3.9873660	62842.400
3.9937489	72196.345
4.0001317	84131.949
4.0065145	95782.493
4.0128973	107758.32
4.0192801	117332.34
4.0256630	125771.88
4.0320458	132273.36
4.0384286	136207.22
4.0448114	137142.76
4.0511942	134277.97
4.0575770	127436.26
4.0639599	118164.27
4.0703427	106774.92
4.0767255	95224.522
4.0831083	83944.345
4.0894911	74041.831
4.0958740	65872.360
4.1022568	59473.105
4.1086396	55074.039
4.1150224	51819.784
4.1214052	49808.241
4.1277880	48285.813
4.1341709	47209.549
4.1405537	46490.765
4.1469365	46175.034
4.1533193	46363.296
4.1597021	47295.139
4.1660850	49185.506
4.1724678	52266.166
4.1788506	56540.200
4.1852334	61275.640
4.1916162	66489.845
4.1979990	71069.672
4.2043819	75328.401
4.2107647	78934.336
4.2171475	82290.533
4.2235303	85612.538
4.2299131	88833.811
4.2362960	92038.330
4.2426788	94755.567
4.2490616	96979.548
4.2554444	98325.407
4.2618272	98940.279
4.2682100	98829.460
4.2745929	98427.390
4.2809757	97768.803
4.2873585	96576.383
4.2937413	94174.465
4.3001241	90744.624
4.3065070	85834.838
4.3128898	80066.564
4.3192726	74253.357
4.3256554	68316.060
4.3320382	63827.851
4.3384211	60517.694
4.3448039	59121.846
4.3511867	59520.065
4.3575695	61591.992
4.3639523	64560.489
4.3703351	67915.521
4.3767180	70938.924
4.3831008	73451.537
4.3894836	75261.050
4.3958664	76438.608
4.4022492	76700.704
4.4086321	75682.658
4.4150149	73234.782
4.4213977	69638.038
4.4277805	64781.806
4.4341633	60000.640
4.4405461	54992.696
4.4469290	50959.001
4.4533118	47935.999
4.4596946	46480.116
4.4660774	46644.028
4.4724602	48493.402
4.4788431	51142.041
4.4852259	54448.927
4.4916087	57540.411
4.4979915	60195.448
4.5043743	62403.364
4.5107571	63994.160
4.5171400	64914.292
4.5235228	64850.192
4.5299056	63574.518
4.5362884	61389.298
4.5426712	58365.863
4.5490541	54968.816
4.5554369	51566.979
4.5618197	48412.742
4.5682025	45965.195
4.5745853	44026.052
4.5809681	42877.922
4.5873510	42223.704
4.5937338	42038.968
4.6001166	42116.156
4.6064994	42431.661
4.6128822	43096.519
4.6192651	44412.619
4.6256479	46398.011
4.6320307	49460.658
4.6384135	53371.937
4.6447963	57777.649
4.6511792	62483.825
4.6575620	66816.968
4.6639448	70904.246
4.6703276	74506.401
4.6767104	78056.321
4.6830932	81275.710
4.6894761	84173.736
4.6958589	86326.526
4.7022417	87390.519
4.7086245	87246.980
4.7150073	86334.060
4.7213902	84658.076
4.7277730	82998.681
4.7341558	81465.469
4.7405386	80240.606
4.7469214	78991.575
4.7533042	77410.652
4.7596871	75567.777
4.7660699	73005.841
4.7724527	70381.873
4.7788355	67803.385
4.7852183	65561.320
4.7916012	63820.662
4.7979840	62471.899
4.8043668	61266.443
4.8107496	59959.530
4.8171324	58534.437
4.8235152	56802.143
4.8298981	54997.989
4.8362809	53167.332
4.8426637	51371.971
4.8490465	49590.676
4.8554293	47654.689
4.8618122	45775.918
4.8681950	43667.560
4.8745778	41712.711
4.8809606	39795.596
4.8873434	38045.569
4.8937262	36654.901
4.9001091	35488.371
4.9064919	34720.185
4.9128747	34278.644
4.9192575	34126.579
4.9256403	34164.228
4.9320232	34280.615
4.9384060	34511.052
4.9447888	34790.121
4.9511716	35104.026
4.9575544	35479.037
4.9639373	35834.589
4.9703201	36237.328
4.9767029	36561.485
4.9830857	36875.465
4.9894685	37196.073
4.9958513	37490.701
5.0022342	37926.518
5.0086170	38380.974
5.0149998	38901.085
5.0213826	39308.764
5.0277654	39708.221
5.0341483	40150.334
5.0405311	40691.224
5.0469139	41360.986
5.0532967	42097.003
5.0596795	42930.165
5.0660623	43756.675
5.0724452	44648.441
5.0788280	45568.311
5.0852108	46754.869
5.0915936	48391.385
5.0979764	50577.060
5.1043593	53685.534
5.1107421	56910.819
5.1171249	60425.757
5.1235077	63446.010
5.1298905	65987.471
5.1362733	68094.490
5.1426562	69725.297
5.1490390	71024.365
5.1554218	71517.554
5.1618046	71079.614
5.1681874	69643.179
5.1745703	67351.618
5.1809531	64485.545
5.1873359	61588.433
5.1937187	58861.166
5.2001015	56777.861
5.2064843	55250.642
5.2128672	54190.518
5.2192500	53348.176
5.2256328	52741.362
5.2320156	52181.428
5.2383984	51636.319
5.2447813	51109.135
5.2511641	50517.611
5.2575469	49819.671
5.2639297	48950.234
5.2703125	48102.896
5.2766954	47456.472
5.2830782	47292.966
5.2894610	47967.747
5.2958438	49661.696
5.3022266	52170.491
5.3086094	55484.295
5.3149923	58882.430
5.3213751	62179.635
5.3277579	64939.310
5.3341407	67149.716
5.3405235	68676.992
5.3469064	69350.699
5.3532892	68900.705
5.3596720	67350.262
5.3660548	64542.620
5.3724376	61083.109
5.3788204	57253.762
5.3852033	53383.299
5.3915861	50185.246
5.3979689	47543.613
5.4043517	45786.825
5.4107345	44890.765
5.4171174	45034.113
5.4235002	46412.710
5.4298830	49103.726
5.4362658	53342.083
5.4426486	58963.205
5.4490314	65222.026
5.4554143	71923.220
5.4617971	77670.378
5.4681799	82798.322
5.4745627	86516.104
5.4809455	89115.372
5.4873284	90163.950
5.4937112	89368.625
5.5000940	86340.942
5.5064768	81676.927
5.5128596	75342.077
5.5192424	68700.158
5.5256253	62238.697
5.5320081	56474.458
5.5383909	51906.304
5.5447737	48516.895
5.5511565	46323.956
5.5575394	45185.719
5.5639222	44856.778
5.5703050	45100.268
5.5766878	45632.211
5.5830706	46407.926
5.5894535	47210.650
5.5958363	47860.373
5.6022191	48253.785
5.6086019	48357.413
5.6149847	48255.620
5.6213675	47992.442
5.6277504	47551.503
5.6341332	46869.445
5.6405160	45951.458
5.6468988	44835.679
5.6532816	43718.441
5.6596645	42684.172
5.6660473	41897.237
5.6724301	41362.299
5.6788129	41132.800
5.6851957	41138.996
5.6915785	41329.030
5.6979614	41593.615
5.7043442	41974.500
5.7107270	42317.784
5.7171098	42580.646
5.7234926	42639.936
5.7298755	42458.582
5.7362583	42042.947
5.7426411	41468.340
5.7490239	40775.960
5.7554067	40079.865
5.7617895	39414.711
5.7681724	38816.768
5.7745552	38303.236
5.7809380	37977.352
5.7873208	37853.817
5.7937036	37951.920
5.8000865	38285.309
5.8064693	38877.619
5.8128521	39572.509
5.8192349	40465.063
5.8256177	41413.732
5.8320005	42651.855
5.8383834	44166.440
5.8447662	45902.387
5.8511490	47800.699
5.8575318	49515.374
5.8639146	51046.182
5.8702975	52270.372
5.8766803	53272.643
5.8830631	54024.289
5.8894459	54666.613
5.8958287	54989.119
5.9022116	54899.986
5.9085944	54302.893
5.9149772	53348.447
5.9213600	52027.974
5.9277428	50806.252
5.9341256	49590.079
5.9405085	48399.949
5.9468913	47234.996
5.9532741	46125.110
5.9596569	45109.772
5.9660397	44139.469
5.9724226	43266.930
5.9788054	42483.554
5.9851882	41858.289
5.9915710	41425.587
5.9979538	41289.691
6.0043366	41547.087
6.0107195	42300.110
6.0171023	43525.512
6.0234851	45130.112
6.0298679	46758.837
6.0362507	48443.622
6.0426336	49880.012
6.0490164	51056.426
6.0553992	51857.783
6.0617820	52231.350
6.0681648	52039.759
6.0745476	51184.964
6.0809305	49640.256
6.0873133	47816.117
6.0936961	45748.068
6.1000789	43897.562
6.1064617	42288.485
6.1128446	41211.228
6.1192274	40789.659
6.1256102	41216.660
6.1319930	42453.089
6.1383758	44711.189
6.1447586	47569.039
6.1511415	50932.594
6.1575243	54231.700
6.1639071	57316.635
6.1702899	59923.896
6.1766727	62091.101
6.1830556	63636.895
6.1894384	64475.812
6.1958212	64410.082
6.2022040	63396.656
6.2085868	61350.512
6.2149696	58845.638
6.2213525	56147.811
6.2277353	53427.254
6.2341181	50974.502
6.2405009	48707.061
6.2468837	46823.283
6.2532666	45220.257
6.2596494	43975.550
6.2660322	42939.213
6.2724150	42125.890
6.2787978	41315.128
6.2851807	40582.610
6.2915635	39844.095
6.2979463	39100.288
6.3043291	38381.650
6.3107119	37637.157
6.3170947	36950.430
6.3234776	36209.800
6.3298604	35445.154
6.3362432	34690.230
6.3426260	34026.628
6.3490088	33468.111
6.3553917	32997.988
6.3617745	32581.217
6.3681573	32261.703
6.3745401	32076.920
6.3809229	31983.186
6.3873057	31940.404
6.3936886	31905.688
6.4000714	31964.037
6.4064542	32061.562
6.4128370	32144.535
6.4192198	32181.665
6.4256027	32239.248
6.4319855	32329.551
6.4383683	32500.769
6.4447511	32742.103
6.4511339	33174.209
6.4575167	33838.693
6.4638996	34778.028
6.4702824	35969.318
6.4766652	37223.646
6.4830480	38627.869
6.4894308	40000.487
6.4958137	41470.697
6.5021965	42972.898
6.5085793	44412.940
6.5149621	45623.663
6.5213449	46363.885
6.5277277	46695.293
6.5341106	46638.128
6.5404934	46288.857
6.5468762	45664.698
6.5532590	44774.591
6.5596418	43713.506
6.5660247	42569.008
6.5724075	41314.678
6.5787903	40204.335
6.5851731	39081.238
6.5915559	38193.738
6.5979388	37388.410
6.6043216	36819.108
6.6107044	36375.127
6.6170872	36072.029
6.6234700	35857.418
6.6298528	35750.876
6.6362357	35690.970
6.6426185	35712.095
6.6490013	35813.670
6.6553841	36066.803
6.6617669	36377.735
6.6681498	36709.180
6.6745326	37052.228
6.6809154	37403.399
6.6872982	37717.043
6.6936810	37944.157
6.7000638	38103.726
6.7064467	38130.789
6.7128295	38018.278
6.7192123	37790.413
6.7255951	37494.633
6.7319779	37162.791
6.7383608	36933.116
6.7447436	36878.097
6.7511264	37067.939
6.7575092	37603.419
6.7638920	38460.354
6.7702748	39810.935
6.7766577	41399.660
6.7830405	43161.906
6.7894233	44796.084
6.7958061	46215.907
6.8021889	47305.795
6.8085718	48055.655
6.8149546	48404.269
6.8213374	48257.516
6.8277202	47555.805
6.8341030	46374.660
6.8404858	44802.016
6.8468687	43083.590
6.8532515	41408.432
6.8596343	39875.965
6.8660171	38642.500
6.8723999	37761.584
6.8787828	37200.862
6.8851656	37030.191
6.8915484	37101.463
6.8979312	37237.178
6.9043140	37368.825
6.9106969	37521.493
6.9170797	37673.448
6.9234625	37780.351
6.9298453	37907.189
6.9362281	38102.529
6.9426109	38462.864
6.9489938	38911.804
6.9553766	39611.173
6.9617594	40458.203
6.9681422	41492.558
6.9745250	42500.090
6.9809079	43407.733
6.9872907	44235.678
6.9936735	44840.503
7.0000563	45277.084
7.0064391	45346.151
7.0128219	45043.458
7.0192048	44455.829
7.0255876	43618.557
7.0319704	42694.096
7.0383532	41768.754
7.0447360	41003.071
7.0511189	40524.606
7.0575017	40405.518
7.0638845	40600.091
7.0702673	41134.509
7.0766501	41842.770
7.0830329	42631.385
7.0894158	43416.149
7.0957986	44162.094
7.1021814	44860.904
7.1085642	45512.383
7.1149470	45958.117
7.1213299	46193.698
7.1277127	46143.028
7.1340955	45905.554
7.1404783	45484.871
7.1468611	45011.648
7.1532439	44504.782
7.1596268	43945.087
7.1660096	43362.340
7.1723924	42701.202
7.1787752	42055.673
7.1851580	41423.348
7.1915409	40887.471
7.1979237	40348.757
7.2043065	39872.255
7.2106893	39420.112
7.2170721	39108.714
7.2234550	38978.472
7.2298378	39083.398
7.2362206	39475.338
7.2426034	40141.603
7.2489862	40977.391
7.2553690	41964.057
7.2617519	42890.202
7.2681347	43758.343
7.2745175	44450.988
7.2809003	44946.899
7.2872831	45174.762
7.2936660	45086.798
7.3000488	44709.361
7.3064316	44080.517
7.3128144	43271.506
7.3191972	42489.069
7.3255800	41867.335
7.3319629	41672.725
7.3383457	42044.917
7.3447285	42905.611
7.3511113	44289.092
7.3574941	45977.272
7.3638770	47708.754
7.3702598	49408.449
7.3766426	50846.936
7.3830254	52076.120
7.3894082	52844.909
7.3957910	53106.186
7.4021739	52745.772
7.4085567	51715.749
7.4149395	50220.737
7.4213223	48356.137
7.4277051	46305.692
7.4340880	44388.302
7.4404708	42520.820
7.4468536	40986.786
7.4532364	39663.385
7.4596192	38703.116
7.4660020	37910.642
7.4723849	37302.978
7.4787677	36794.001
7.4851505	36352.293
7.4915333	35970.024
7.4979161	35645.837
7.5042990	35350.728
7.5106818	35029.315
7.5170646	34712.518
7.5234474	34406.646
7.5298302	34132.417
7.5362131	33899.149
7.5425959	33734.851
7.5489787	33641.328
7.5553615	33593.716
7.5617443	33595.572
7.5681271	33619.536
7.5745100	33647.666
7.5808928	33674.030
7.5872756	33688.384
7.5936584	33781.215
7.6000412	33889.360
7.6064241	34045.427
7.6128069	34169.291
7.6191897	34378.326
7.6255725	34646.646
7.6319553	35009.701
7.6383381	35501.734
7.6447210	36066.737
7.6511038	36746.497
7.6574866	37482.963
7.6638694	38251.753
7.6702522	38887.935
7.6766351	39390.241
7.6830179	39763.843
7.6894007	39983.940
7.6957835	39980.353
7.7021663	39815.256
7.7085491	39424.180
7.7149320	38880.030
7.7213148	38179.176
7.7276976	37451.649
7.7340804	36716.034
7.7404632	36041.939
7.7468461	35430.880
7.7532289	34952.128
7.7596117	34594.009
7.7659945	34346.555
7.7723773	34222.117
7.7787601	34173.773
7.7851430	34216.796
7.7915258	34265.777
7.7979086	34325.373
7.8042914	34354.538
7.8106742	34368.911
7.8170571	34330.102
7.8234399	34265.296
7.8298227	34120.626
7.8362055	33933.116
7.8425883	33702.493
7.8489712	33422.264
7.8553540	33148.453
7.8617368	32873.878
7.8681196	32690.403
7.8745024	32634.510
7.8808852	32711.188
7.8872681	32871.274
7.8936509	33076.114
7.9000337	33289.510
7.9064165	33481.572
7.9127993	33619.110
7.9191822	33696.530
7.9255650	33680.425
7.9319478	33600.514
7.9383306	33466.517
7.9447134	33281.206
7.9510962	33119.205
7.9574791	32973.174
7.9638619	32865.429
7.9702447	32838.896
7.9766275	32881.724
7.9830103	33011.267
7.9893932	33140.404
7.9957760	33263.138
8.0021588	33334.177
8.0085416	33354.311
8.0149244	33297.926
8.0213072	33225.206
8.0276901	33156.007
8.0340729	33080.483
8.0404557	33002.465
8.0468385	32961.234
8.0532213	32941.694
8.0596042	32976.110
8.0659870	32961.954
8.0723698	32971.403
8.0787526	33000.957
8.0851354	33036.318
8.0915182	33022.758
8.0979011	32949.099
8.1042839	32771.666
8.1106667	32594.741
8.1170495	32461.112
8.1234323	32427.623
8.1298152	32473.475
8.1361980	32668.191
8.1425808	32978.552
8.1489636	33382.798
8.1553464	33973.751
8.1617293	34596.512
8.1681121	35273.103
8.1744949	35854.452
8.1808777	36403.123
8.1872605	36741.523
8.1936433	36890.757
8.2000262	36812.877
8.2064090	36580.807
8.2127918	36233.826
8.2191746	35784.440
8.2255574	35242.134
8.2319403	34642.090
8.2383231	34045.443
8.2447059	33503.444
8.2510887	33024.540
8.2574715	32676.867
8.2638543	32391.245
8.2702372	32196.449
8.2766200	32033.895
8.2830028	31925.062
8.2893856	31855.736
8.2957684	31858.522
8.3021513	31842.403
8.3085341	31806.457
8.3149169	31790.627
8.3212997	31788.277
8.3276825	31776.659
8.3340653	31821.266
8.3404482	31864.887
8.3468310	31869.811
8.3532138	31900.743
8.3595966	31943.685
8.3659794	31983.733
8.3723623	32070.377
8.3787451	32269.709
8.3851279	32538.968
8.3915107	32871.826
8.3978935	33213.672
8.4042763	33582.272
8.4106592	33917.410
8.4170420	34203.511
8.4234248	34450.864
8.4298076	34558.702
8.4361904	34523.933
8.4425733	34374.490
8.4489561	34159.595
8.4553389	33823.084
8.4617217	33434.404
8.4681045	33040.208
8.4744874	32666.983
8.4808702	32274.728
8.4872530	31902.500
8.4936358	31559.147
8.5000186	31283.421
8.5064014	31035.572
8.5127843	30849.662
8.5191671	30691.075
8.5255499	30579.841
8.5319327	30505.593
8.5383155	30441.187
8.5446984	30405.864
8.5510812	30416.133
8.5574640	30442.306
8.5638468	30454.794
8.5702296	30514.909
8.5766124	30608.561
8.5829953	30733.469
8.5893781	30862.313
8.5957609	31019.110
8.6021437	31171.605
8.6085265	31367.228
8.6149094	31596.231
8.6212922	31832.729
8.6276750	32100.366
8.6340578	32317.526
8.6404406	32502.759
8.6468234	32669.736
8.6532063	32835.627
8.6595891	32939.188
8.6659719	32962.044
8.6723547	32965.417
8.6787375	32924.760
8.6851204	32845.649
8.6915032	32709.910
8.6978860	32582.523
8.7042688	32423.037
8.7106516	32286.239
8.7170344	32177.954
8.7234173	32147.262
8.7298001	32105.826
8.7361829	32060.825
8.7425657	32031.711
8.7489485	32042.263
8.7553314	32095.492
8.7617142	32240.098
8.7680970	32454.043
8.7744798	32724.441
8.7808626	33057.173
8.7872455	33397.581
8.7936283	33732.549
8.8000111	33982.008
8.8063939	34149.267
8.8127767	34222.400
8.8191595	34219.900
8.8255424	34115.265
8.8319252	33960.847
8.8383080	33765.634
8.8446908	33626.441
8.8510736	33543.494
8.8574565	33536.943
8.8638393	33619.058
8.8702221	33749.171
8.8766049	33886.789
8.8829877	34046.287
8.8893705	34159.483
8.8957534	34213.831
8.9021362	34173.783
8.9085190	33999.900
8.9149018	33696.803
8.9212846	33311.042
8.9276675	32922.574
8.9340503	32523.300
8.9404331	32128.454
8.9468159	31800.037
8.9531987	31536.528
8.9595815	31337.399
8.9659644	31181.917
8.9723472	31098.119
8.9787300	31050.169
8.9851128	31022.000
8.9914956	31047.176
8.9978785	31144.511
9.0042613	31253.565
9.0106441	31365.643
9.0170269	31534.508
9.0234097	31724.422
9.0297925	31858.084
9.0361754	31910.908
9.0425582	31934.186
9.0489410	31905.600
9.0553238	31854.382
9.0617066	31743.784
9.0680895	31611.271
9.0744723	31442.529
9.0808551	31258.380
9.0872379	31122.926
9.0936207	31038.273
9.1000035	31026.312
9.1063864	31103.501
9.1127692	31247.597
9.1191520	31482.527
9.1255348	31716.746
9.1319176	31957.537
9.1383005	32168.858
9.1446833	32330.996
9.1510661	32456.781
9.1574489	32519.803
9.1638317	32467.762
9.1702146	32347.456
9.1765974	32125.927
9.1829802	31861.601
9.1893630	31602.279
9.1957458	31363.945
9.2021286	31162.157
9.2085115	31001.445
9.2148943	30891.797
9.2212771	30813.896
9.2276599	30803.905
9.2340427	30789.603
9.2404256	30817.298
9.2468084	30830.212
9.2531912	30866.200
9.2595740	30867.019
9.2659568	30873.952
9.2723396	30856.517
9.2787225	30870.909
9.2851053	30915.949
9.2914881	31012.944
9.2978709	31189.628
9.3042537	31447.151
9.3106366	31785.451
9.3170194	32090.795
9.3234022	32407.483
9.3297850	32694.952
9.3361678	32970.181
9.3425506	33125.864
9.3489335	33160.272
9.3553163	33062.584
9.3616991	32838.761
9.3680819	32482.214
9.3744647	32083.982
9.3808476	31576.199
9.3872304	31121.251
9.3936132	30686.416
9.3999960	30301.603
9.4063788	29940.661
9.4127616	29700.460
9.4191445	29476.603
9.4255273	29291.182
9.4319101	29146.007
9.4382929	29035.193
9.4446757	28920.228
9.4510586	28797.944
9.4574414	28716.286
9.4638242	28659.234
9.4702070	28582.169
9.4765898	28506.854
9.4829727	28434.840
9.4893555	28433.877
9.4957383	28453.971
9.5021211	28494.499
9.5085039	28564.384
9.5148867	28675.763
9.5212696	28843.845
9.5276524	29004.499
9.5340352	29186.168
9.5404180	29374.099
9.5468008	29527.905
9.5531837	29681.214
9.5595665	29783.765
9.5659493	29818.288
9.5723321	29778.527
9.5787149	29672.041
9.5850977	29529.396
9.5914806	29316.960
9.5978634	29105.606
9.6042462	28876.754
9.6106290	28650.522
9.6170118	28481.723
9.6233947	28374.036
9.6297775	28266.672
9.6361603	28200.187
9.6425431	28135.097
9.6489259	28122.939
9.6553087	28182.635
9.6616916	28227.167
9.6680744	28292.724
9.6744572	28340.812
9.6808400	28396.406
9.6872228	28466.169
9.6936057	28492.270
9.6999885	28484.464
9.7063713	28459.256
9.7127541	28467.476
9.7191369	28494.061
9.7255197	28549.259
9.7319026	28583.060
9.7382854	28599.965
9.7446682	28662.176
9.7510510	28728.644
9.7574338	28760.214
9.7638167	28771.250
9.7701995	28777.615
9.7765823	28733.916
9.7829651	28657.754
9.7893479	28541.793
9.7957308	28383.014
9.8021136	28224.264
9.8084964	28039.084
9.8148792	27871.172
9.8212620	27713.227
9.8276448	27595.286
9.8340277	27520.269
9.8404105	27435.950
9.8467933	27321.220
9.8531761	27231.657
9.8595589	27197.751
9.8659418	27177.507
9.8723246	27136.600
9.8787074	27120.745
9.8850902	27102.064
9.8914730	27077.479
9.8978558	27060.412
9.9042387	27061.847
9.9106215	27052.040
9.9170043	27041.701
9.9233871	27053.894
9.9297699	27074.695
9.9361528	27089.801
9.9425356	27111.830
9.9489184	27115.444
9.9553012	27180.071
9.9616840	27225.345
9.9680668	27230.813
9.9744497	27204.278
9.9808325	27201.241
9.9872153	27208.127
9.9935981	27231.709
9.9999809	27222.561
10.006364	27186.406
10.012747	27096.098
10.019129	27020.452
10.025512	26921.988
10.031895	26859.764
10.038278	26812.961
10.044661	26766.841
10.051043	26727.447
10.057426	26738.539
10.063809	26771.513
10.070192	26821.846
10.076575	26878.303
10.082958	26947.249
10.089340	27012.199
10.095723	27080.023
10.102106	27115.337
10.108489	27127.403
10.114872	27144.382
10.121254	27197.717
10.127637	27240.368
10.134020	27262.065
10.140403	27293.243
10.146786	27362.222
10.153169	27457.150
10.159551	27525.796
10.165934	27622.215
10.172317	27704.333
10.178700	27760.495
10.185083	27773.677
10.191465	27742.621
10.197848	27666.514
10.204231	27536.545
10.210614	27403.517
10.216997	27282.804
10.223380	27140.446
10.229762	27001.618
10.236145	26871.721
10.242528	26777.109
10.248911	26702.464
10.255294	26655.542
10.261676	26632.428
10.268059	26608.334
10.274442	26623.025
10.280825	26616.702
10.287208	26618.816
10.293591	26594.869
10.299973	26566.138
10.306356	26558.500
10.312739	26563.049
10.319122	26557.708
10.325505	26580.561
10.331887	26623.070
10.338270	26678.317
10.344653	26751.559
10.351036	26798.824
10.357419	26912.169
10.363802	27035.521
10.370184	27131.986
10.376567	27189.072
10.382950	27301.695
10.389333	27385.216
10.395716	27405.675
10.402098	27391.850
10.408481	27353.436
10.414864	27262.589
10.421247	27135.008
10.427630	27038.228
10.434013	26943.964
10.440395	26860.137
10.446778	26764.019
10.453161	26689.290
10.459544	26660.683
10.465927	26672.611
10.472309	26676.498
10.478692	26683.074
10.485075	26668.296
10.491458	26686.667
10.497841	26701.896
10.504224	26712.316
10.510606	26691.448
10.516989	26700.898
10.523372	26716.427
10.529755	26754.796
10.536138	26786.637
10.542520	26839.156
10.548903	26884.526
10.555286	26892.962
10.561669	26892.191
10.568052	26884.964
10.574435	26860.847
10.580817	26841.620
10.587200	26804.594
10.593583	26696.088
10.599966	26562.064
10.606349	26444.629
10.612732	26320.371
10.619114	26219.469
10.625497	26139.118
10.631880	26077.149
10.638263	26062.366
10.644646	26060.545
10.651028	26060.260
10.657411	26064.073
10.663794	26074.781
10.670177	26099.150
10.676560	26135.767
10.682943	26149.368
10.689325	26152.458
10.695708	26177.307
10.702091	26174.257
10.708474	26150.882
10.714857	26151.676
10.721239	26118.638
10.727622	26087.212
10.734005	26084.593
10.740388	26096.158
10.746771	26117.687
10.753154	26092.449
10.759536	26064.117
10.765919	26028.984
10.772302	26023.207
10.778685	25962.666
10.785068	25897.217
10.791450	25797.525
10.797833	25731.125
10.804216	25649.235
10.810599	25597.832
10.816982	25520.392
10.823365	25416.014
10.829747	25278.832
10.836130	25186.064
10.842513	25153.011
10.848896	25142.526
10.855279	25104.778
10.861661	25071.107
10.868044	25074.825
10.874427	25086.386
10.880810	25074.385
10.887193	25056.605
10.893576	25039.421
10.899958	25073.220
10.906341	25093.603
10.912724	25138.518
10.919107	25139.376
10.925490	25144.359
10.931872	25184.538
10.938255	25249.624
10.944638	25239.775
10.951021	25228.260
10.957404	25233.329
10.963787	25242.769
10.970169	25216.581
10.976552	25226.471
10.982935	25178.411
10.989318	25130.724
10.995701	25059.583
11.002083	25025.098
11.008466	24971.085
11.014849	24937.998
11.021232	24917.195
11.027615	24863.611
11.033998	24796.093
11.040380	24771.467
11.046763	24759.993
11.053146	24748.718
11.059529	24706.604
11.065912	24698.126
11.072294	24687.024
11.078677	24667.066
11.085060	24608.007
11.091443	24573.770
11.097826	24581.112
11.104209	24553.952
11.110591	24539.566
11.116974	24530.926
11.123357	24574.544
11.129740	24625.491
11.136123	24674.402
11.142505	24723.062
11.148888	24734.483
11.155271	24775.795
11.161654	24837.855
11.168037	24832.194
11.174420	24797.548
11.180802	24753.223
11.187185	24711.919
11.193568	24704.017
11.199951	24668.041
11.206334	24622.810
11.212716	24610.567
11.219099	24607.198
11.225482	24597.729
11.231865	24593.222
11.238248	24562.540
11.244631	24534.626
11.251013	24540.880
11.257396	24575.202
11.263779	24591.984
11.270162	24594.496
11.276545	24619.283
11.282927	24641.981
11.289310	24667.004
11.295693	24701.749
11.302076	24735.404
11.308459	24752.860
11.314842	24738.551
11.321224	24704.169
11.327607	24663.062
11.333990	24599.946
11.340373	24519.652
11.346756	24433.579
11.353138	24317.180
11.359521	24195.344
11.365904	24098.372
11.372287	23996.011
11.378670	23918.568
11.385053	23850.993
11.391435	23826.088
11.397818	23767.978
11.404201	23726.853
11.410584	23673.385
11.416967	23665.732
11.423349	23644.069
11.429732	23621.599
11.436115	23612.453
11.442498	23594.824
11.448881	23578.708
11.455264	23548.800
11.461646	23579.641
11.468029	23627.855
11.474412	23670.124
11.480795	23674.514
11.487178	23712.136
11.493560	23728.340
11.499943	23734.236
11.506326	23716.447
11.512709	23720.000
11.519092	23744.049
11.525475	23741.967
11.531857	23712.495
11.538240	23675.367
11.544623	23648.002
11.551006	23601.566
11.557389	23574.860
11.563771	23526.951
11.570154	23488.678
11.576537	23454.116
11.582920	23439.589
11.589303	23442.179
11.595686	23454.709
11.602068	23458.915
11.608451	23422.005
11.614834	23415.788
11.621217	23443.436
11.627600	23415.696
11.633982	23350.875
11.640365	23328.644
11.646748	23321.887
11.653131	23301.201
11.659514	23261.339
11.665897	23249.360
11.672279	23240.018
11.678662	23230.331
11.685045	23197.144
11.691428	23202.781
11.697811	23201.479
11.704193	23174.873
11.710576	23137.742
11.716959	23115.397
11.723342	23107.598
11.729725	23094.706
11.736108	23073.135
11.742490	23053.199
11.748873	23047.396
11.755256	23045.931
11.761639	23025.373
11.768022	22986.690
11.774404	22967.005
11.780787	22997.016
11.787170	23030.771
11.793553	23056.136
11.799936	23042.039
11.806319	23037.903
11.812701	23080.116
11.819084	23151.030
11.825467	23199.128
11.831850	23223.696
11.838233	23252.916
11.844615	23278.641
11.850998	23279.866
11.857381	23314.732
11.863764	23345.396
11.870147	23369.482
11.876530	23321.912
11.882912	23304.316
11.889295	23288.162
11.895678	23264.561
11.902061	23217.627
11.908444	23165.203
11.914826	23160.253
11.921209	23148.761
11.927592	23138.720
11.933975	23136.922
11.940358	23140.789
11.946741	23162.568
11.953123	23182.407
11.959506	23217.391
11.965889	23209.937
11.972272	23185.946
11.978655	23210.544
11.985037	23193.799
11.991420	23178.722
11.997803	23188.041
12.004186	23213.306
12.010569	23201.272
12.016952	23183.270
12.023334	23171.118
12.029717	23163.793
12.036100	23173.123
12.042483	23176.802
12.048866	23193.872
12.055248	23183.785
12.061631	23179.368
12.068014	23169.718
12.074397	23164.356
12.080780	23184.357
12.087163	23187.746
12.093545	23184.479
12.099928	23172.286
12.106311	23157.444
12.112694	23123.148
12.119077	23085.332
12.125459	23061.301
12.131842	23049.558
12.138225	23018.888
12.144608	22972.080
12.150991	22957.781
12.157374	22951.505
12.163756	22938.247
12.170139	22907.327
12.176522	22905.247
12.182905	22902.811
12.189288	22901.015
12.195670	22895.266
12.202053	22922.885
12.208436	22962.739
12.214819	22950.814
12.221202	22912.170
12.227585	22895.381
12.233967	22895.141
12.240350	22880.701
12.246733	22854.520
12.253116	22808.247
12.259499	22840.443
12.265881	22876.753
12.272264	22882.666
12.278647	22879.997
12.285030	22877.255
12.291413	22868.469
12.297796	22851.117
12.304178	22859.615
12.310561	22873.772
12.316944	22876.635
12.323327	22876.047
12.329710	22881.886
12.336092	22883.378
12.342475	22854.126
12.348858	22841.445
12.355241	22854.203
12.361624	22825.420
12.368007	22826.289
12.374389	22795.881
12.380772	22729.088
12.387155	22661.721
12.393538	22586.981
12.399921	22530.630
12.406303	22476.505
12.412686	22430.220
12.419069	22421.797
12.425452	22414.228
12.431835	22414.515
12.438218	22411.769
12.444600	22392.077
12.450983	22360.848
12.457366	22362.242
12.463749	22386.734
12.470132	22389.680
12.476514	22365.303
12.482897	22321.148
12.489280	22329.013
12.495663	22326.334
12.502046	22339.266
12.508429	22331.235
12.514811	22304.463
12.521194	22255.534
12.527577	22212.201
12.533960	22189.881
12.540343	22184.991
12.546725	22194.216
12.553108	22188.949
12.559491	22157.669
12.565874	22108.999
12.572257	22066.341
12.578640	22052.638
12.585022	22047.439
12.591405	22030.555
12.597788	21996.020
12.604171	21991.208
12.610554	21956.268
12.616936	21958.411
12.623319	21953.292
12.629702	21920.383
12.636085	21934.154
12.642468	21940.394
12.648851	21941.167
12.655233	21908.240
12.661616	21869.935
12.667999	21839.328
12.674382	21840.681
12.680765	21818.834
12.687147	21832.528
12.693530	21834.250
12.699913	21776.197
12.706296	21761.828
12.712679	21724.391
12.719062	21651.246
12.725444	21612.120
12.731827	21590.617
12.738210	21558.100
12.744593	21516.657
12.750976	21441.642
12.757358	21393.551
12.763741	21384.377
12.770124	21395.804
12.776507	21393.045
12.782890	21374.243
12.789273	21363.368
12.795655	21339.740
12.802038	21360.001
12.808421	21362.886
12.814804	21380.143
12.821187	21389.648
12.827569	21403.863
12.833952	21381.629
12.840335	21364.585
12.846718	21346.156
12.853101	21317.228
12.859484	21298.001
12.865866	21277.840
12.872249	21258.315
12.878632	21239.723
12.885015	21206.190
12.891398	21190.359
12.897780	21200.291
12.904163	21181.155
12.910546	21132.551
12.916929	21116.816
12.923312	21136.607
12.929695	21109.775
12.936077	21077.813
12.942460	21074.644
12.948843	21079.436
12.955226	21052.183
12.961609	21043.873
12.967991	21046.165
12.974374	21057.517
12.980757	21059.430
12.987140	21022.602
12.993523	20960.626
12.999906	20962.496
13.006288	20970.129
13.012671	20936.080
13.019054	20887.483
13.025437	20842.026
13.031820	20800.277
13.038202	20793.058
13.044585	20759.946
13.050968	20732.222
13.057351	20664.170
13.063734	20649.252
13.070117	20649.705
13.076499	20647.358
13.082882	20597.378
13.089265	20577.684
13.095648	20596.074
13.102031	20582.994
13.108413	20571.149
13.114796	20568.771
13.121179	20586.486
13.127562	20601.449
13.133945	20604.213
13.140328	20604.594
13.146710	20596.953
13.153093	20565.044
13.159476	20555.507
13.165859	20543.791
13.172242	20511.963
13.178624	20510.425
13.185007	20521.154
13.191390	20510.421
13.197773	20499.755
13.204156	20495.054
13.210539	20488.001
13.216921	20449.706
13.223304	20401.806
13.229687	20362.630
13.236070	20354.876
13.242453	20362.567
13.248835	20357.224
13.255218	20309.836
13.261601	20289.481
13.267984	20265.615
13.274367	20239.935
13.280750	20206.182
13.287132	20203.532
13.293515	20215.997
13.299898	20200.936
13.306281	20177.751
13.312664	20184.979
13.319046	20188.996
13.325429	20191.033
13.331812	20165.203
13.338195	20154.926
13.344578	20149.171
13.350961	20144.283
13.357343	20114.544
13.363726	20069.387
13.370109	20033.963
13.376492	20026.611
13.382875	20030.046
13.389257	20029.007
13.395640	20004.156
13.402023	20015.563
13.408406	20070.021
13.414789	20088.895
13.421172	20052.557
13.427554	20050.669
13.433937	20034.221
13.440320	20030.544
13.446703	19994.225
13.453086	19990.446
13.459468	20006.037
13.465851	19972.141
13.472234	19954.627
13.478617	19954.202
13.485000	19941.979
13.491383	19934.199
13.497765	19934.373
13.504148	19925.555
13.510531	19881.640
13.516914	19846.569
13.523297	19846.348
13.529679	19818.203
13.536062	19790.501
13.542445	19775.638
13.548828	19776.694
13.555211	19797.934
13.561594	19793.760
13.567976	19764.439
13.574359	19757.771
13.580742	19751.507
13.587125	19745.144
13.593508	19739.392
13.599890	19786.798
13.606273	19797.865
13.612656	19765.104
13.619039	19738.263
13.625422	19721.176
13.631805	19700.986
13.638187	19674.457
13.644570	19687.924
13.650953	19677.446
13.657336	19632.646
13.663719	19609.614
13.670101	19618.896
13.676484	19598.867
13.682867	19596.586
13.689250	19574.367
13.695633	19600.399
13.702016	19611.615
13.708398	19614.714
13.714781	19578.791
13.721164	19582.001
13.727547	19573.160
13.733930	19588.328
13.740312	19551.719
13.746695	19549.791
13.753078	19521.418
13.759461	19531.244
13.765844	19536.141
13.772227	19557.812
13.778609	19540.091
13.784992	19510.952
13.791375	19490.051
13.797758	19499.615
13.804141	19519.082
13.810524	19523.074
13.816906	19483.614
13.823289	19439.634
13.829672	19415.370
13.836055	19433.113
13.842438	19483.152
13.848820	19497.407
13.855203	19484.511
13.861586	19488.219
13.867969	19496.074
13.874352	19484.756
13.880735	19467.674
13.887117	19443.271
13.893500	19446.728
13.899883	19464.100
13.906266	19449.459
13.912649	19433.246
13.919031	19383.345
13.925414	19343.502
13.931797	19296.696
13.938180	19315.743
13.944563	19341.347
13.950946	19316.090
13.957328	19306.424
13.963711	19324.281
13.970094	19301.534
13.976477	19245.327
13.982860	19236.621
13.989242	19256.174
13.995625	19256.925
14.002008	19249.194
14.008391	19249.331
14.014774	19241.938
14.021157	19255.778
14.027539	19270.465
14.033922	19253.866
14.040305	19232.613
14.046688	19200.512
14.053071	19174.686
14.059453	19202.635
14.065836	19207.009
14.072219	19187.473
14.078602	19170.855
14.084985	19150.614
14.091368	19157.770
14.097750	19151.375
14.104133	19133.698
14.110516	19110.087
14.116899	19095.089
14.123282	19070.308
14.129664	19063.971
14.136047	19043.865
14.142430	19024.893
14.148813	19011.204
14.155196	19003.612
14.161579	19029.261
14.167961	19061.257
14.174344	19030.187
14.180727	19028.950
14.187110	19000.544
14.193493	18989.815
14.199875	18985.899
14.206258	19010.772
14.212641	19031.055
14.219024	19008.641
14.225407	18971.838
14.231790	18920.633
14.238172	18885.454
14.244555	18896.500
14.250938	18903.630
14.257321	18878.115
14.263704	18821.810
14.270086	18824.133
14.276469	18824.833
14.282852	18778.566
14.289235	18761.270
14.295618	18769.367
14.302001	18761.247
14.308383	18759.900
14.314766	18759.428
14.321149	18744.317
14.327532	18743.164
14.333915	18750.700
14.340297	18733.119
14.346680	18716.684
14.353063	18689.351
14.359446	18700.368
14.365829	18730.278
14.372212	18748.097
14.378594	18724.530
14.384977	18686.616
14.391360	18659.308
14.397743	18641.017
14.404126	18632.236
14.410508	18635.614
14.416891	18614.469
14.423274	18574.969
14.429657	18562.402
14.436040	18562.001
14.442423	18571.933
14.448805	18556.988
14.455188	18538.037
14.461571	18544.430
14.467954	18531.441
14.474337	18501.088
14.480719	18516.189
14.487102	18520.262
14.493485	18512.860
14.499868	18484.573
14.506251	18472.718
14.512634	18479.453
14.519016	18486.983
14.525399	18499.004
14.531782	18511.852
14.538165	18473.539
14.544548	18444.279
14.550930	18437.668
14.557313	18440.358
14.563696	18463.964
14.570079	18467.173
14.576462	18450.285
14.582845	18440.788
14.589227	18449.102
14.595610	18450.378
14.601993	18439.973
14.608376	18413.836
14.614759	18379.519
14.621141	18373.408
14.627524	18360.642
14.633907	18320.094
14.640290	18322.188
14.646673	18348.458
14.653056	18356.742
14.659438	18361.259
14.665821	18334.327
14.672204	18302.647
14.678587	18297.312
14.684970	18264.210
14.691352	18246.357
14.697735	18251.273
14.704118	18262.926
14.710501	18267.137
14.716884	18228.234
14.723267	18202.225
14.729649	18203.561
14.736032	18195.563
14.742415	18165.558
14.748798	18146.989
14.755181	18164.467
14.761563	18152.774
14.767946	18110.403
14.774329	18141.481
14.780712	18139.448
14.787095	18136.431
14.793478	18131.371
14.799860	18106.885
14.806243	18104.073
14.812626	18127.810
14.819009	18102.831
14.825392	18104.006
14.831774	18139.049
14.838157	18139.472
14.844540	18119.294
14.850923	18097.824
14.857306	18089.524
14.863689	18055.691
14.870071	18006.694
14.876454	18008.319
14.882837	18048.783
14.889220	18081.441
14.895603	18065.786
14.901985	18030.831
14.908368	18010.930
14.914751	17981.018
14.921134	17956.335
14.927517	17969.812
14.933900	17990.423
14.940282	17984.122
14.946665	17972.401
14.953048	17966.311
14.959431	17948.105
14.965814	17942.587
14.972196	17947.541
14.978579	17951.292
14.984962	17896.737
14.991345	17865.824
14.997728	17849.568
15.004111	17867.650
15.010493	17882.286
15.016876	17893.577
15.023259	17877.321
15.029642	17913.626
15.036025	17900.587
15.042407	17887.391
15.048790	17894.931
15.055173	17887.991
15.061556	17874.578
15.067939	17893.393
15.074322	17899.017
15.080704	17887.063
15.087087	17858.632
15.093470	17806.346
15.099853	17792.666
15.106236	17806.943
15.112618	17807.460
15.119001	17815.406
15.125384	17820.810
15.131767	17838.752
15.138150	17806.092
15.144533	17758.917
15.150915	17789.435
15.157298	17813.575
15.163681	17812.690
15.170064	17800.659
15.176447	17777.146
15.182829	17773.328
15.189212	17785.483
15.195595	17797.881
15.201978	17771.496
15.208361	17749.075
15.214744	17767.305
15.221126	17769.049
15.227509	17750.917
15.233892	17748.954
15.240275	17747.628
15.246658	17785.463
15.253040	17778.708
15.259423	17743.789
15.265806	17747.135
15.272189	17735.251
15.278572	17772.863
15.284955	17802.808
15.291337	17777.772
15.297720	17733.002
15.304103	17735.362
15.310486	17745.219
15.316869	17742.710
15.323251	17753.431
15.329634	17767.502
15.336017	17764.243
15.342400	17728.407
15.348783	17717.588
15.355166	17710.182
15.361548	17724.605
15.367931	17713.388
15.374314	17653.292
15.380697	17630.111
15.387080	17658.908
15.393462	17676.578
15.399845	17675.302
15.406228	17671.964
15.412611	17676.897
15.418994	17647.216
15.425377	17657.824
15.431759	17703.280
15.438142	17708.875
15.444525	17695.789
15.450908	17645.795
15.457291	17605.889
15.463673	17602.996
15.470056	17598.409
15.476439	17588.995
15.482822	17604.397
15.489205	17610.201
15.495588	17600.825
15.501970	17599.676
15.508353	17584.639
15.514736	17566.066
15.521119	17551.031
15.527502	17545.404
15.533884	17578.222
15.540267	17558.333
15.546650	17551.823
15.553033	17586.068
15.559416	17550.887
15.565799	17512.270
15.572181	17508.978
15.578564	17510.649
15.584947	17532.767
15.591330	17542.277
15.597713	17520.361
15.604095	17490.926
15.610478	17511.076
15.616861	17517.187
15.623244	17476.764
15.629627	17500.864
15.636010	17522.785
15.642392	17497.660
15.648775	17462.345
15.655158	17462.476
15.661541	17444.394
15.667924	17434.803
15.674306	17437.654
15.680689	17427.124
15.687072	17374.783
15.693455	17347.042
15.699838	17365.782
15.706221	17431.624
15.712603	17411.817
15.718986	17359.140
15.725369	17348.638
15.731752	17392.516
15.738135	17399.527
15.744517	17327.402
15.750900	17314.730
15.757283	17348.178
15.763666	17358.418
15.770049	17330.451
15.776432	17302.614
15.782814	17294.656
15.789197	17298.587
15.795580	17325.036
15.801963	17325.936
15.808346	17295.325
15.814728	17261.328
15.821111	17242.774
15.827494	17260.837
15.833877	17274.583
15.840260	17247.852
15.846643	17220.484
15.853025	17208.217
15.859408	17178.504
15.865791	17167.379
15.872174	17198.756
15.878557	17193.661
15.884939	17200.498
15.891322	17205.132
15.897705	17149.974
15.904088	17127.256
15.910471	17132.881
15.916854	17115.216
15.923236	17105.542
15.929619	17137.837
15.936002	17140.202
15.942385	17113.400
15.948768	17124.889
15.955150	17100.320
15.961533	17075.522
15.967916	17093.521
15.974299	17101.244
15.980682	17068.893
15.987065	17025.128
15.993447	17015.293
15.999830	17019.663
16.006213	16995.835
16.012596	17002.406
16.018979	17018.737
16.025361	17055.193
16.031744	17059.312
16.038127	16992.407
16.044510	16961.726
16.050893	16964.238
16.057276	16929.706
16.063658	16926.389
16.070041	16936.589
16.076424	16915.242
16.082807	16895.238
16.089190	16867.790
16.095572	16866.480
16.101955	16914.699
16.108338	16914.177
16.114721	16876.720
16.121104	16875.783
16.127487	16874.668
16.133869	16874.277
16.140252	16879.281
16.146635	16860.788
16.153018	16826.042
16.159401	16858.334
16.165783	16836.847
16.172166	16791.499
16.178549	16765.135
16.184932	16794.372
16.191315	16776.376
16.197698	16757.193
16.204080	16738.935
16.210463	16726.750
16.216846	16750.386
16.223229	16746.053
16.229612	16706.336
16.235994	16694.740
16.242377	16719.622
16.248760	16727.048
16.255143	16723.378
16.261526	16685.482
16.267909	16666.999
16.274291	16661.996
16.280674	16631.801
16.287057	16597.817
16.293440	16613.346
16.299823	16609.900
16.306205	16596.826
16.312588	16590.006
16.318971	16576.227
16.325354	16568.037
16.331737	16532.775
16.338120	16510.789
16.344502	16550.658
16.350885	16557.213
16.357268	16536.767
16.363651	16563.158
16.370034	16561.858
16.376416	16541.933
16.382799	16519.276
16.389182	16541.658
16.395565	16588.664
16.401948	16533.587
16.408331	16425.451
16.414713	16434.739
16.421096	16475.423
16.427479	16474.489
16.433862	16417.875
16.440245	16387.966
16.446627	16416.142
16.453010	16407.875
16.459393	16407.490
16.465776	16434.476
16.472159	16446.097
16.478542	16430.135
16.484924	16402.028
16.491307	16388.023
16.497690	16383.865
16.504073	16331.466
16.510456	16300.907
16.516838	16315.895
16.523221	16339.732
16.529604	16355.186
16.535987	16338.234
16.542370	16305.004
16.548753	16304.127
16.555135	16290.660
16.561518	16268.801
16.567901	16255.528
16.574284	16257.606
16.580667	16276.758
16.587049	16326.651
16.593432	16305.955
16.599815	16234.062
16.606198	16207.817
16.612581	16204.619
16.618964	16215.655
16.625346	16203.187
16.631729	16179.871
16.638112	16177.108
16.644495	16189.462
16.650878	16209.118
16.657260	16187.993
16.663643	16185.366
16.670026	16190.182
16.676409	16169.660
16.682792	16113.336
16.689175	16095.832
16.695557	16129.426
16.701940	16173.732
16.708323	16158.188
16.714706	16110.118
16.721089	16142.183
16.727471	16142.427
16.733854	16097.677
16.740237	16051.740
16.746620	16064.377
16.753003	16084.967
16.759386	16063.505
16.765768	16067.225
16.772151	16088.598
16.778534	16070.835
16.784917	16037.335
16.791300	16034.066
16.797682	16041.822
16.804065	16054.869
16.810448	16030.249
16.816831	15994.995
16.823214	15993.347
16.829597	16021.539
16.835979	16040.879
16.842362	16016.468
16.848745	15987.141
16.855128	15967.953
16.861511	15969.200
16.867893	16025.651
16.874276	16033.816
16.880659	16027.178
16.887042	16000.206
16.893425	15944.871
16.899808	15950.686
16.906190	15962.322
16.912573	15960.718
16.918956	15959.385
16.925339	15951.419
16.931722	15939.595
16.938104	15919.377
16.944487	15890.788
16.950870	15938.705
16.957253	15919.688
16.963636	15895.961
16.970019	15919.841
16.976401	15902.786
16.982784	15862.534
16.989167	15845.593
16.995550	15853.472
17.001933	15840.498
17.008316	15825.714
17.014698	15813.321
17.021081	15766.290
17.027464	15789.460
17.033847	15813.243
17.040230	15845.739
17.046612	15848.687
17.052995	15807.261
17.059378	15761.830
17.065761	15761.334
17.072144	15768.750
17.078527	15760.998
17.084909	15776.085
17.091292	15850.523
17.097675	15842.248
17.104058	15785.017
17.110441	15756.446
17.116823	15770.172
17.123206	15794.031
17.129589	15794.919
17.135972	15780.030
17.142355	15707.677
17.148738	15671.889
17.155120	15728.287
17.161503	15752.257
17.167886	15736.034
17.174269	15756.210
17.180652	15714.443
17.187034	15683.768
17.193417	15703.522
17.199800	15761.193
17.206183	15793.699
17.212566	15748.544
17.218949	15726.816
17.225331	15746.407
17.231714	15715.877
17.238097	15679.251
17.244480	15677.566
17.250863	15691.128
17.257245	15694.729
17.263628	15690.899
17.270011	15659.147
17.276394	15637.494
17.282777	15657.271
17.289160	15684.284
17.295542	15668.546
17.301925	15637.601
17.308308	15614.376
17.314691	15641.989
17.321074	15632.285
17.327456	15608.725
17.333839	15573.744
17.340222	15556.850
17.346605	15559.657
17.352988	15607.358
17.359371	15608.248
17.365753	15577.999
17.372136	15552.266
17.378519	15545.872
17.384902	15572.287
17.391285	15556.207
17.397667	15564.364
17.404050	15570.850
17.410433	15552.657
17.416816	15572.104
17.423199	15564.456
17.429582	15535.577
17.435964	15541.163
17.442347	15541.070
17.448730	15562.975
17.455113	15575.922
17.461496	15541.732
17.467878	15549.883
17.474261	15554.739
17.480644	15507.364
17.487027	15507.554
17.493410	15490.229
17.499793	15500.355
17.506175	15497.754
17.512558	15513.090
17.518941	15573.929
17.525324	15546.738
17.531707	15505.744
17.538089	15513.894
17.544472	15511.818
17.550855	15488.053
17.557238	15428.651
17.563621	15420.648
17.570004	15451.886
17.576386	15471.735
17.582769	15438.392
17.589152	15402.179
17.595535	15354.021
17.601918	15361.939
17.608300	15432.511
17.614683	15450.934
17.621066	15402.272
17.627449	15375.176
17.633832	15392.326
17.640215	15386.964
17.646597	15367.381
17.652980	15380.548
17.659363	15392.891
17.665746	15338.344
17.672129	15360.098
17.678511	15381.026
17.684894	15359.198
17.691277	15357.109
17.697660	15371.761
17.704043	15370.338
17.710426	15360.371
17.716808	15364.346
17.723191	15354.071
17.729574	15314.062
17.735957	15332.557
17.742340	15347.563
17.748722	15319.258
17.755105	15309.805
17.761488	15300.873
17.767871	15329.593
17.774254	15335.867
17.780637	15330.801
17.787019	15298.398
17.793402	15288.524
17.799785	15249.726
17.806168	15237.791
17.812551	15262.852
17.818933	15265.534
17.825316	15268.490
17.831699	15266.729
17.838082	15262.452
17.844465	15220.789
17.850848	15246.818
17.857230	15292.956
17.863613	15307.369
17.869996	15274.344
17.876379	15236.297
17.882762	15186.015
17.889144	15187.229
17.895527	15195.085
17.901910	15203.024
17.908293	15230.370
17.914676	15230.060
17.921059	15189.438
17.927441	15125.897
17.933824	15171.200
17.940207	15194.922
17.946590	15145.998
17.952973	15133.281
17.959355	15163.139
17.965738	15151.822
17.972121	15178.071
17.978504	15226.471
17.984887	15185.014
17.991270	15157.733
17.997652	15183.190
18.004035	15195.067
18.010418	15196.239
18.016801	15131.870
18.023184	15118.126
18.029566	15158.143
18.035949	15179.499
18.042332	15181.248
18.048715	15185.242
18.055098	15178.412
18.061481	15175.436
18.067863	15139.836
18.074246	15103.257
18.080629	15124.429
18.087012	15117.424
18.093395	15119.942
18.099777	15127.207
18.106160	15128.899
18.112543	15118.386
18.118926	15100.473
18.125309	15094.108
18.131692	15126.282
18.138074	15077.952
18.144457	15096.338
18.150840	15133.569
18.157223	15148.294
18.163606	15132.528
18.169988	15108.225
18.176371	15108.945
18.182754	15103.277
18.189137	15103.198
18.195520	15097.392
18.201903	15070.273
18.208285	15063.574
18.214668	15073.400
18.221051	15070.310
18.227434	15074.895
18.233817	15058.336
18.240199	15036.647
18.246582	15030.422
18.252965	15049.968
18.259348	15092.838
18.265731	15051.232
18.272114	15008.977
18.278496	15014.083
18.284879	15051.860
18.291262	15041.968
18.297645	15021.454
18.304028	15012.599
18.310410	14994.662
18.316793	14976.376
18.323176	15006.935
18.329559	15052.761
18.335942	15004.365
18.342325	14982.359
18.348707	14992.253
18.355090	14988.887
18.361473	15002.012
18.367856	14997.262
18.374239	14978.407
18.380621	14966.673
18.387004	14982.549
18.393387	14981.156
18.399770	14997.074
18.406153	14999.813
18.412536	14988.386
18.418918	14973.312
18.425301	14981.169
18.431684	14980.340
18.438067	14975.727
18.444450	14966.929
18.450832	14923.577
18.457215	14928.420
18.463598	14963.969
18.469981	14991.941
18.476364	14943.104
18.482747	14919.860
18.489129	14908.023
18.495512	14912.422
18.501895	14923.113
18.508278	14913.458
18.514661	14922.785
18.521043	14948.878
18.527426	14958.833
18.533809	14914.550
18.540192	14912.684
18.546575	14910.094
18.552958	14904.268
18.559340	14892.454
18.565723	14911.428
18.572106	14900.640
18.578489	14874.121
18.584872	14877.134
18.591254	14876.178
18.597637	14854.008
18.604020	14866.502
18.610403	14848.850
18.616786	14821.595
18.623169	14858.669
18.629551	14911.680
18.635934	14903.836
18.642317	14913.757
18.648700	14907.968
18.655083	14854.507
18.661465	14803.518
18.667848	14812.580
18.674231	14843.695
18.680614	14850.124
18.686997	14852.595
18.693380	14819.649
18.699762	14778.392
18.706145	14812.431
18.712528	14850.031
18.718911	14819.177
18.725294	14798.513
18.731676	14822.704
18.738059	14842.100
18.744442	14830.598
18.750825	14806.548
18.757208	14799.563
18.763591	14762.382
18.769973	14737.928
18.776356	14731.679
18.782739	14761.861
18.789122	14761.100
18.795505	14747.155
18.801887	14741.022
18.808270	14754.740
18.814653	14752.884
18.821036	14701.430
18.827419	14726.564
18.833802	14787.107
18.840184	14744.778
18.846567	14749.804
18.852950	14739.871
18.859333	14739.720
18.865716	14773.390
18.872098	14752.562
18.878481	14728.864
18.884864	14771.081
18.891247	14763.336
18.897630	14732.602
18.904013	14717.630
18.910395	14734.913
18.916778	14786.726
18.923161	14752.196
18.929544	14767.836
18.935927	14764.685
18.942309	14728.662
18.948692	14720.913
18.955075	14698.978
18.961458	14665.094
18.967841	14668.787
18.974224	14688.107
18.980606	14701.680
18.986989	14721.446
18.993372	14718.862
18.999755	14716.322
19.006138	14716.586
19.012520	14683.742
19.018903	14705.687
19.025286	14706.000
19.031669	14649.690
19.038052	14625.064
19.044435	14630.009
19.050817	14664.069
19.057200	14690.132
19.063583	14662.188
19.069966	14638.451
19.076349	14640.257
19.082731	14620.837
19.089114	14606.304
19.095497	14597.033
19.101880	14633.316
19.108263	14641.103
19.114646	14638.768
19.121028	14585.236
19.127411	14594.107
19.133794	14621.739
19.140177	14619.306
19.146560	14625.085
19.152942	14606.463
19.159325	14565.845
19.165708	14574.855
19.172091	14599.209
19.178474	14559.536
19.184857	14566.807
19.191239	14607.600
19.197622	14613.315
19.204005	14627.307
19.210388	14673.271
19.216771	14617.457
19.223153	14591.434
19.229536	14564.529
19.235919	14541.175
19.242302	14519.132
19.248685	14523.394
19.255068	14566.028
19.261450	14547.550
19.267833	14556.977
19.274216	14552.652
19.280599	14518.139
19.286982	14493.820
19.293364	14493.825
19.299747	14509.112
19.306130	14500.711
19.312513	14536.222
19.318896	14518.391
19.325279	14529.824
19.331661	14538.832
19.338044	14506.245
19.344427	14467.697
19.350810	14423.652
19.357193	14466.677
19.363575	14496.618
19.369958	14477.492
19.376341	14490.868
19.382724	14506.438
19.389107	14486.926
19.395490	14507.195
19.401872	14509.479
19.408255	14527.888
19.414638	14487.425
19.421021	14447.294
19.427404	14437.663
19.433786	14418.225
19.440169	14438.662
19.446552	14448.249
19.452935	14432.807
19.459318	14449.624
19.465701	14426.594
19.472083	14391.031
19.478466	14373.449
19.484849	14373.215
19.491232	14372.876
19.497615	14371.603
19.503997	14371.363
19.510380	14338.877
19.516763	14339.272
19.523146	14340.212
19.529529	14350.913
19.535912	14399.919
19.542294	14427.004
19.548677	14393.733
19.555060	14326.267
19.561443	14297.305
19.567826	14343.791
19.574208	14362.438
19.580591	14376.579
19.586974	14355.013
19.593357	14304.127
19.599740	14311.783
19.606123	14364.588
19.612505	14368.300
19.618888	14329.388
19.625271	14310.585
19.631654	14271.432
19.638037	14282.587
19.644419	14302.500
19.650802	14305.394
19.657185	14321.008
19.663568	14316.103
19.669951	14284.609
19.676334	14320.432
19.682716	14313.130
19.689099	14270.803
19.695482	14273.908
19.701865	14259.574
19.708248	14238.359
19.714630	14259.457
19.721013	14293.851
19.727396	14258.303
19.733779	14232.513
19.740162	14206.661
19.746545	14214.744
19.752927	14228.229
19.759310	14238.908
19.765693	14229.580
19.772076	14240.245
19.778459	14270.188
19.784841	14211.620
19.791224	14267.190
19.797607	14261.535
19.803990	14215.204
19.810373	14210.451
19.816756	14231.927
19.823138	14252.718
19.829521	14279.463
19.835904	14303.915
19.842287	14255.506
19.848670	14197.200
19.855052	14153.539
19.861435	14175.530
19.867818	14227.586
19.874201	14197.241
19.880584	14159.649
19.886967	14156.231
19.893349	14160.361
19.899732	14093.648
19.906115	14110.228
19.912498	14146.046
19.918881	14113.675
19.925263	14120.415
19.931646	14133.812
19.938029	14152.469
19.944412	14154.131
19.950795	14161.243
19.957178	14157.673
19.963560	14141.807
19.969943	14137.021
19.976326	14165.754
19.982709	14134.175
19.989092	14111.684
19.995474	14083.391
20.001857	14095.105
20.008240	14147.627
20.014623	14158.286
20.021006	14074.288
20.027389	14078.938
20.033771	14110.712
20.040154	14054.365
20.046537	14030.462
20.052920	14068.644
20.059303	14077.330
20.065685	14058.501
20.072068	14052.080
20.078451	14022.236
20.084834	14040.855
20.091217	14106.021
20.097600	14073.467
20.103982	14052.988
20.110365	14057.373
20.116748	14093.540
20.123131	14102.605
20.129514	14083.419
20.135896	14060.872
20.142279	14084.343
20.148662	14088.391
20.155045	14070.922
20.161428	14038.899
20.167811	14037.778
20.174193	14045.034
20.180576	14020.514
20.186959	14026.807
20.193342	14036.844
20.199725	13981.380
20.206108	13952.757
20.212490	13942.451
20.218873	13992.180
20.225256	14020.347
20.231639	13974.375
20.238022	13942.874
20.244404	13956.657
20.250787	14028.743
20.257170	14057.940
20.263553	14013.621
20.269936	13959.893
20.276319	13945.937
20.282701	13975.901
20.289084	13948.406
20.295467	13971.054
20.301850	14008.428
20.308233	13969.636
20.314615	13999.468
20.320998	14026.912
20.327381	14013.920
20.333764	14024.006
20.340147	14020.650
20.346530	13988.291
20.352912	13929.261
20.359295	13960.859
20.365678	13997.790
20.372061	13981.405
20.378444	13958.121
20.384826	13948.014
20.391209	13931.917
20.397592	13931.137
20.403975	13941.386
20.410358	13853.607
20.416741	13835.125
20.423123	13834.018
20.429506	13873.454
20.435889	13909.168
20.442272	13939.443
20.448655	13902.972
20.455037	13890.140
20.461420	13848.810
20.467803	13855.500
20.474186	13903.342
20.480569	13952.517
20.486952	13973.160
20.493334	13898.573
20.499717	13894.357
20.506100	13879.658
20.512483	13858.065
20.518866	13893.470
20.525248	13902.372
20.531631	13860.287
20.538014	13801.977
20.544397	13830.288
20.550780	13853.857
20.557163	13828.548
20.563545	13850.734
20.569928	13876.635
20.576311	13875.075
20.582694	13913.661
20.589077	13888.918
20.595459	13785.995
20.601842	13784.602
20.608225	13896.535
20.614608	13881.398
20.620991	13802.859
20.627374	13826.226
20.633756	13870.493
20.640139	13831.629
20.646522	13765.740
20.652905	13816.207
20.659288	13863.514
20.665670	13824.320
20.672053	13801.651
20.678436	13797.119
20.684819	13788.390
20.691202	13766.308
20.697585	13759.138
20.703967	13823.726
20.710350	13806.179
20.716733	13826.116
20.723116	13787.575
20.729499	13791.513
20.735881	13800.238
20.742264	13808.385
20.748647	13830.773
20.755030	13745.552
20.761413	13781.595
20.767796	13863.925
20.774178	13838.753
20.780561	13777.182
20.786944	13768.506
20.793327	13743.515
20.799710	13770.549
20.806092	13768.200
20.812475	13731.609
20.818858	13741.834
20.825241	13734.220
20.831624	13754.843
20.838007	13786.357
20.844389	13808.359
20.850772	13788.205
20.857155	13749.772
20.863538	13764.125
20.869921	13775.143
20.876303	13779.694
20.882686	13807.604
20.889069	13805.139
20.895452	13760.080
20.901835	13725.756
20.908218	13717.395
20.914600	13736.686
20.920983	13767.729
20.927366	13730.505
20.933749	13741.891
20.940132	13769.657
20.946514	13675.436
20.952897	13690.144
20.959280	13751.277
20.965663	13770.492
20.972046	13729.544
20.978429	13690.953
20.984811	13681.472
20.991194	13703.944
20.997577	13725.178
21.003960	13678.866
21.010343	13655.126
21.016725	13687.853
21.023108	13700.251
21.029491	13736.423
21.035874	13713.801
21.042257	13669.856
21.048640	13650.890
21.055022	13675.635
21.061405	13631.765
21.067788	13666.549
21.074171	13700.679
21.080554	13665.981
21.086936	13649.881
21.093319	13672.656
21.099702	13634.327
21.106085	13645.968
21.112468	13649.313
21.118851	13678.435
21.125233	13700.821
21.131616	13700.530
21.137999	13639.260
21.144382	13653.039
21.150765	13659.339
21.157147	13631.280
21.163530	13639.785
21.169913	13601.524
21.176296	13625.317
21.182679	13663.130
21.189062	13645.668
21.195444	13640.549
21.201827	13653.480
21.208210	13662.480
21.214593	13649.396
21.220976	13574.889
21.227358	13568.686
21.233741	13525.536
21.240124	13538.354
21.246507	13550.840
21.252890	13627.847
21.259273	13570.515
21.265655	13539.571
21.272038	13582.287
21.278421	13563.691
21.284804	13544.078
21.291187	13577.009
21.297569	13582.714
21.303952	13546.243
21.310335	13612.368
21.316718	13610.305
21.323101	13544.334
21.329484	13544.620
21.335866	13594.561
21.342249	13620.191
21.348632	13589.030
21.355015	13605.079
21.361398	13609.297
21.367780	13571.658
21.374163	13581.453
21.380546	13616.635
21.386929	13582.963
21.393312	13602.074
21.399695	13614.114
21.406077	13555.226
21.412460	13579.090
21.418843	13584.507
21.425226	13522.830
21.431609	13513.081
21.437991	13589.240
21.444374	13577.047
21.450757	13552.616
21.457140	13592.463
21.463523	13590.738
21.469906	13536.907
21.476288	13570.159
21.482671	13510.573
21.489054	13522.171
21.495437	13514.242
21.501820	13518.300
21.508202	13527.132
21.514585	13555.503
21.520968	13559.536
21.527351	13554.443
21.533734	13517.085
21.540117	13525.398
21.546499	13525.153
21.552882	13555.287
21.559265	13541.464
21.565648	13511.812
21.572031	13471.537
21.578413	13470.184
21.584796	13493.129
21.591179	13486.916
21.597562	13525.357
21.603945	13509.422
21.610328	13452.639
21.616710	13453.878
21.623093	13520.051
21.629476	13475.206
21.635859	13537.682
21.642242	13488.900
21.648624	13427.759
21.655007	13445.540
21.661390	13471.909
21.667773	13480.057
21.674156	13509.991
21.680539	13498.483
21.686921	13490.007
21.693304	13484.535
21.699687	13510.623
21.706070	13493.769
21.712453	13504.440
21.718835	13496.993
21.725218	13502.297
21.731601	13426.854
21.737984	13399.696
21.744367	13445.522
21.750750	13504.799
21.757132	13478.124
21.763515	13500.715
21.769898	13467.339
21.776281	13529.314
21.782664	13478.739
21.789046	13426.866
21.795429	13456.905
21.801812	13543.733
21.808195	13503.897
21.814578	13459.027
21.820961	13470.375
21.827343	13460.544
21.833726	13438.400
21.840109	13376.136
21.846492	13436.820
21.852875	13438.070
21.859257	13425.126
21.865640	13433.705
21.872023	13412.917
21.878406	13418.128
21.884789	13462.497
21.891172	13492.857
21.897554	13491.806
21.903937	13464.914
21.910320	13435.363
21.916703	13452.036
21.923086	13467.837
21.929468	13455.194
21.935851	13432.706
21.942234	13416.799
21.948617	13405.353
21.955000	13454.624
21.961383	13436.963
21.967765	13374.593
21.974148	13349.895
21.980531	13433.810
21.986914	13406.442
21.993297	13390.222
21.999679	13402.744
22.006062	13383.243
22.012445	13381.072
22.018828	13355.669
22.025211	13460.806
22.031594	13480.393
22.037976	13410.417
22.044359	13348.358
22.050742	13408.394
22.057125	13471.857
22.063508	13416.194
22.069890	13367.088
22.076273	13403.415
22.082656	13454.464
22.089039	13440.524
22.095422	13397.529
22.101805	13357.205
22.108187	13257.943
22.114570	13375.632
22.120953	13425.159
22.127336	13362.591
22.133719	13316.390
22.140101	13349.350
22.146484	13398.648
22.152867	13427.013
22.159250	13405.177
22.165633	13377.219
22.172016	13365.082
22.178398	13414.844
22.184781	13368.851
22.191164	13322.372
22.197547	13310.662
22.203930	13308.899
22.210312	13340.339
22.216695	13331.812
22.223078	13357.441
22.229461	13327.386
22.235844	13303.997
22.242227	13340.293
22.248609	13280.429
22.254992	13353.599
22.261375	13410.546
22.267758	13367.905
22.274141	13355.366
22.280523	13302.863
22.286906	13218.482
22.293289	13215.981
22.299672	13329.456
22.306055	13372.518
22.312438	13364.693
22.318820	13307.188
22.325203	13347.044
22.331586	13313.142
22.337969	13272.721
22.344352	13288.489
22.350734	13278.980
22.357117	13233.864
22.363500	13267.130
22.369883	13349.681
22.376266	13330.262
22.382649	13362.178
22.389031	13320.519
22.395414	13322.330
22.401797	13296.697
22.408180	13253.819
22.414563	13287.303
22.420945	13266.817
22.427328	13246.668
22.433711	13167.145
22.440094	13238.549
22.446477	13303.164
22.452860	13346.026
22.459242	13308.701
22.465625	13287.717
22.472008	13282.964
22.478391	13269.747
22.484774	13271.433
22.491156	13307.815
22.497539	13283.252
22.503922	13251.345
22.510305	13254.981
22.516688	13322.853
22.523071	13272.117
22.529453	13253.626
22.535836	13277.729
22.542219	13332.367
22.548602	13374.240
22.554985	13292.603
22.561367	13239.793
22.567750	13222.280
22.574133	13338.608
22.580516	13327.768
22.586899	13242.815
22.593282	13256.028
22.599664	13247.707
22.606047	13213.836
22.612430	13228.545
22.618813	13256.838
22.625196	13316.056
22.631578	13271.701
22.637961	13330.870
22.644344	13281.884
22.650727	13301.429
22.657110	13216.488
22.663493	13269.667
22.669875	13290.307
22.676258	13268.623
22.682641	13266.261
22.689024	13224.139
22.695407	13213.913
22.701789	13235.685
22.708172	13249.749
22.714555	13269.023
22.720938	13269.072
22.727321	13254.443
22.733704	13217.510
22.740086	13263.306
22.746469	13199.510
22.752852	13139.648
22.759235	13195.934
22.765618	13187.835
22.772000	13284.345
22.778383	13298.899
22.784766	13274.887
22.791149	13230.375
22.797532	13200.265
22.803915	13284.960
22.810297	13247.461
22.816680	13232.597
22.823063	13261.076
22.829446	13226.392
22.835829	13234.015
22.842211	13226.746
22.848594	13289.959
22.854977	13268.772
22.861360	13187.001
22.867743	13168.132
22.874126	13195.620
22.880508	13212.845
22.886891	13296.076
22.893274	13250.708
22.899657	13133.790
22.906040	13165.235
22.912422	13196.394
22.918805	13188.108
22.925188	13148.961
22.931571	13156.042
22.937954	13174.960
22.944337	13252.897
22.950719	13186.050
22.957102	13214.765
22.963485	13216.718
22.969868	13183.019
22.976251	13235.446
22.982633	13238.978
22.989016	13149.708
22.995399	13194.552
23.001782	13191.301
23.008165	13180.181
23.014548	13215.709
23.020930	13168.452
23.027313	13297.053
23.033696	13296.781
23.040079	13219.857
23.046462	13224.487
23.052844	13193.595
23.059227	13147.545
23.065610	13167.603
23.071993	13169.066
23.078376	13151.648
23.084759	13177.409
23.091141	13181.721
23.097524	13134.482
23.103907	13135.338
23.110290	13159.033
23.116673	13159.795
23.123055	13105.610
23.129438	13085.233
23.135821	13194.771
23.142204	13174.340
23.148587	13151.205
23.154970	13191.537
23.161352	13124.084
23.167735	13087.672
23.174118	13112.691
23.180501	13093.781
23.186884	13151.333
23.193266	13125.797
23.199649	13105.888
23.206032	13131.341
23.212415	13089.721
23.218798	13162.367
23.225181	13178.341
23.231563	13075.357
23.237946	13071.226
23.244329	13094.779
23.250712	13088.977
23.257095	13149.041
23.263477	13144.374
23.269860	13135.046
23.276243	13133.702
23.282626	13113.472
23.289009	13095.070
23.295392	13098.682
23.301774	13149.722
23.308157	13098.962
23.314540	13143.439
23.320923	13142.300
23.327306	13033.632
23.333688	13052.823
23.340071	13104.194
23.346454	13124.407
23.352837	13087.436
23.359220	13116.778
23.365603	13077.240
23.371985	13051.027
23.378368	13088.958
23.384751	13010.261
23.391134	13040.109
23.397517	13096.385
23.403900	13046.468
23.410282	13060.226
23.416665	13096.575
23.423048	13154.905
23.429431	13036.316
23.435814	13061.049
23.442196	13052.961
23.448579	13066.539
23.454962	13111.716
23.461345	13053.376
23.467728	13020.209
23.474111	12976.429
23.480493	13020.344
23.486876	13011.236
23.493259	12993.631
23.499642	13040.772
23.506025	13024.491
23.512407	13089.652
23.518790	13054.178
23.525173	13063.277
23.531556	13001.464
23.537939	13023.483
23.544322	13080.793
23.550704	13067.601
23.557087	13070.769
23.563470	12967.270
23.569853	12969.343
23.576236	12997.383
23.582618	13033.712
23.589001	12976.764
23.595384	13009.870
23.601767	13019.946
23.608150	12991.938
23.614533	13062.385
23.620915	12983.361
23.627298	12961.051
23.633681	12968.522
23.640064	13065.109
23.646447	13027.103
23.652829	13008.585
23.659212	12999.251
23.665595	13044.229
23.671978	12999.273
23.678361	13010.589
23.684744	13002.038
23.691126	12965.934
23.697509	12939.639
23.703892	12911.584
23.710275	12982.552
23.716658	12973.635
23.723040	12968.100
23.729423	12923.358
23.735806	12997.466
23.742189	12988.350
23.748572	12984.506
23.754955	12912.188
23.761337	12943.617
23.767720	12989.862
23.774103	12968.582
23.780486	12997.371
23.786869	12889.245
23.793251	12906.956
23.799634	12960.195
23.806017	12989.818
23.812400	13013.827
23.818783	13000.452
23.825166	13033.474
23.831548	13008.135
23.837931	12861.871
23.844314	12908.075
23.850697	12969.690
23.857080	12937.410
23.863462	12866.032
23.869845	12880.802
23.876228	12998.369
23.882611	12997.044
23.888994	12945.673
23.895377	12973.821
23.901759	12909.873
23.908142	12891.898
23.914525	13015.950
23.920908	13024.111
23.927291	12971.646
23.933673	12916.565
23.940056	12815.168
23.946439	12980.848
23.952822	12913.416
23.959205	12793.215
23.965588	12893.145
23.971970	12983.543
23.978353	12932.724
23.984736	12812.380
23.991119	12824.400
23.997502	12874.977
24.003884	12862.549
24.010267	12882.818
24.016650	12994.478
24.023033	12931.803
24.029416	12867.089
24.035799	12910.870
24.042181	12888.332
24.048564	12886.864
24.054947	12918.957
24.061330	12866.787
24.067713	12902.451
24.074095	12842.163
24.080478	12878.546
24.086861	12923.112
24.093244	12872.802
24.099627	12957.832
24.106010	12848.013
24.112392	12921.876
24.118775	12834.930
24.125158	12783.997
24.131541	12901.226
24.137924	12878.526
24.144306	12931.429
24.150689	12838.476
24.157072	12881.320
24.163455	12827.737
24.169838	12814.563
24.176221	12854.405
24.182603	12852.851
24.188986	12861.574
24.195369	12880.024
24.201752	12808.273
24.208135	12837.333
24.214517	12826.991
24.220900	12768.873
24.227283	12774.697
24.233666	12815.125
24.240049	12811.912
24.246432	12795.878
24.252814	12772.842
24.259197	12849.243
24.265580	12750.109
24.271963	12728.610
24.278346	12856.528
24.284728	12849.062
24.291111	12854.594
24.297494	12788.402
24.303877	12759.814
24.310260	12822.663
24.316643	12832.638
24.323025	12770.551
24.329408	12808.039
24.335791	12823.836
24.342174	12752.246
24.348557	12778.861
24.354939	12789.431
24.361322	12742.289
24.367705	12744.228
24.374088	12761.930
24.380471	12696.515
24.386854	12736.730
24.393236	12748.121
24.399619	12771.919
24.406002	12823.938
24.412385	12724.734
24.418768	12682.905
24.425150	12746.637
24.431533	12696.844
24.437916	12718.843
24.444299	12772.254
24.450682	12792.515
24.457065	12779.735
24.463447	12753.994
24.469830	12735.041
24.476213	12785.859
24.482596	12702.460
24.488979	12705.417
24.495361	12740.618
24.501744	12808.345
24.508127	12812.778
24.514510	12847.878
24.520893	12749.392
24.527276	12766.253
24.533658	12674.060
24.540041	12667.726
24.546424	12798.339
24.552807	12807.533
24.559190	12706.195
24.565572	12686.497
24.571955	12720.666
24.578338	12763.883
24.584721	12752.945
24.591104	12694.886
24.597487	12690.565
24.603869	12696.585
24.610252	12627.457
24.616635	12649.332
24.623018	12659.477
24.629401	12703.326
24.635783	12713.220
24.642166	12588.899
24.648549	12647.082
24.654932	12679.692
24.661315	12701.778
24.667698	12644.875
24.674080	12689.124
24.680463	12652.953
24.686846	12598.485
24.693229	12701.520
24.699612	12683.901
24.705994	12641.403
24.712377	12683.057
24.718760	12644.257
24.725143	12692.734
24.731526	12659.329
24.737909	12671.759
24.744291	12646.074
24.750674	12626.698
24.757057	12642.184
24.763440	12617.845
24.769823	12680.128
24.776205	12656.179
24.782588	12618.930
24.788971	12533.613
24.795354	12546.912
24.801737	12616.963
24.808120	12626.646
24.814502	12648.257
24.820885	12666.004
24.827268	12616.688
24.833651	12591.914
24.840034	12626.377
24.846416	12614.294
24.852799	12627.863
24.859182	12640.961
24.865565	12553.330
24.871948	12564.828
24.878331	12541.064
24.884713	12484.124
24.891096	12586.338
24.897479	12604.286
24.903862	12675.312
24.910245	12683.447
24.916627	12503.475
24.923010	12550.830
24.929393	12537.501
24.935776	12598.737
24.942159	12641.983
24.948542	12600.410
24.954924	12635.178
24.961307	12674.165
24.967690	12684.939
24.974073	12573.617
24.980456	12573.127
24.986838	12616.730
24.993221	12587.349
24.999604	12601.921
25.005987	12496.407
25.012370	12569.895
25.018753	12664.058
25.025135	12596.896
25.031518	12568.497
25.037901	12593.908
25.044284	12553.686
25.050667	12482.599
25.057049	12631.409
25.063432	12622.803
25.069815	12594.223
25.076198	12571.457
25.082581	12671.290
25.088964	12588.280
25.095346	12579.077
25.101729	12561.804
25.108112	12595.352
25.114495	12535.826
25.120878	12458.740
25.127260	12588.890
25.133643	12548.991
25.140026	12638.663
25.146409	12610.448
25.152792	12522.785
25.159175	12562.887
25.165557	12489.083
25.171940	12513.909
25.178323	12583.493
25.184706	12593.273
25.191089	12566.436
25.197471	12550.895
25.203854	12597.103
25.210237	12582.253
25.216620	12464.105
25.223003	12516.598
25.229386	12408.297
25.235768	12468.968
25.242151	12556.035
25.248534	12573.881
25.254917	12579.852
25.261300	12518.829
25.267682	12495.244
25.274065	12486.036
25.280448	12525.036
25.286831	12535.228
25.293214	12538.158
25.299597	12521.351
25.305979	12494.498
25.312362	12463.933
25.318745	12498.633
25.325128	12459.138
25.331511	12536.716
25.337893	12568.276
25.344276	12424.504
25.350659	12451.682
25.357042	12491.634
25.363425	12488.989
25.369808	12447.305
25.376190	12460.589
25.382573	12547.639
25.388956	12560.669
25.395339	12486.878
25.401722	12402.792
25.408104	12444.267
25.414487	12523.647
25.420870	12547.719
25.427253	12478.295
25.433636	12375.740
25.440019	12486.426
25.446401	12380.972
25.452784	12372.117
25.459167	12390.620
25.465550	12538.486
25.471933	12505.263
25.478315	12538.674
25.484698	12466.289
25.491081	12463.806
25.497464	12458.114
25.503847	12486.271
25.510230	12399.648
25.516612	12443.165
25.522995	12477.077
25.529378	12332.064
25.535761	12357.753
25.542144	12407.591
25.548526	12431.870
25.554909	12450.699
25.561292	12424.338
25.567675	12421.501
25.574058	12444.571
25.580441	12343.268
25.586823	12422.993
25.593206	12442.749
25.599589	12416.269
25.605972	12346.335
25.612355	12341.262
25.618737	12392.378
25.625120	12410.704
25.631503	12418.795
25.637886	12384.834
25.644269	12454.573
25.650652	12487.098
25.657034	12531.508
25.663417	12413.022
25.669800	12328.807
25.676183	12283.867
25.682566	12367.403
25.688948	12325.533
25.695331	12454.054
25.701714	12330.445
25.708097	12439.953
25.714480	12339.725
25.720863	12344.052
25.727245	12352.078
25.733628	12354.300
25.740011	12334.102
25.746394	12300.518
25.752777	12351.104
25.759159	12407.786
25.765542	12415.153
25.771925	12365.236
25.778308	12339.836
25.784691	12224.690
25.791074	12334.786
25.797456	12361.310
25.803839	12234.413
25.810222	12270.440
25.816605	12292.907
25.822988	12360.580
25.829370	12265.945
25.835753	12304.032
25.842136	12249.735
25.848519	12279.784
25.854902	12475.080
25.861285	12378.566
25.867667	12298.901
25.874050	12387.292
25.880433	12366.182
25.886816	12272.974
25.893199	12353.561
25.899581	12357.205
25.905964	12242.312
25.912347	12251.549
25.918730	12341.549
25.925113	12306.250
25.931496	12200.773
25.937878	12268.534
25.944261	12285.372
25.950644	12293.468
25.957027	12295.130
25.963410	12294.111
25.969792	12341.643
25.976175	12315.122
25.982558	12278.720
25.988941	12316.310
25.995324	12227.249
26.001707	12342.408
26.008089	12270.824
26.014472	12326.529
26.020855	12308.374
26.027238	12318.312
26.033621	12291.721
26.040003	12069.280
26.046386	12176.097
26.052769	12329.998
26.059152	12365.871
26.065535	12253.774
26.071918	12226.903
26.078300	12310.163
26.084683	12286.046
26.091066	12341.332
26.097449	12285.030
26.103832	12263.733
26.110214	12254.179
26.116597	12295.416
26.122980	12347.441
26.129363	12188.575
26.135746	12185.385
26.142129	12230.218
26.148511	12232.999
26.154894	12257.925
26.161277	12228.769
26.167660	12221.121
26.174043	12247.062
26.180425	12241.647
26.186808	12141.978
26.193191	12265.363
26.199574	12304.457
26.205957	12262.011
26.212340	12236.648
26.218722	12317.203
26.225105	12360.222
26.231488	12283.991
26.237871	12361.457
26.244254	12285.147
26.250636	12196.342
26.257019	12239.297
26.263402	12150.190
26.269785	12129.153
26.276168	12191.137
26.282551	12240.957
26.288933	12162.127
26.295316	12189.971
26.301699	12161.624
26.308082	12092.169
26.314465	12074.998
26.320847	12156.132
26.327230	12143.789
26.333613	12237.903
26.339996	12185.361
26.346379	12209.383
26.352762	12242.214
26.359144	12180.571
26.365527	12111.260
26.371910	12150.243
26.378293	12181.724
26.384676	12205.126
26.391058	12116.759
26.397441	12185.808
26.403824	12065.737
26.410207	12110.925
26.416590	12247.589
26.422973	12261.084
26.429355	12205.422
26.435738	12255.123
26.442121	12326.704
26.448504	12177.176
26.454887	12075.301
26.461269	12024.737
26.467652	12049.424
26.474035	12048.970
26.480418	12107.731
26.486801	12152.917
26.493184	12106.572
26.499566	12132.898
26.505949	12154.369
26.512332	12196.864
26.518715	12210.437
26.525098	12042.225
26.531480	12049.595
26.537863	12158.888
26.544246	12033.148
26.550629	12093.140
26.557012	12185.393
26.563395	12136.135
26.569777	12040.068
26.576160	12005.963
26.582543	12089.221
26.588926	12049.585
26.595309	12142.246
26.601692	12046.914
26.608074	12027.614
26.614457	12060.846
26.620840	12078.929
26.627223	12083.727
26.633606	12173.663
26.639988	12175.742
26.646371	12103.292
26.652754	12236.657
26.659137	12144.326
26.665520	12084.402
26.671903	12064.424
26.678285	12069.708
26.684668	12059.946
26.691051	12116.049
26.697434	11992.687
26.703817	12061.052
26.710199	12097.020
26.716582	11983.192
26.722965	12033.193
26.729348	12052.488
26.735731	12075.103
26.742114	12031.440
26.748496	12074.521
26.754879	12040.200
26.761262	11848.353
26.767645	12157.696
26.774028	12123.400
26.780410	11956.078
26.786793	12020.170
26.793176	11965.601
26.799559	12009.750
26.805942	12040.386
26.812325	12088.293
26.818707	11952.339
26.825090	11907.281
26.831473	12092.241
26.837856	12011.015
26.844239	11902.455
26.850621	11989.239
26.857004	12040.528
26.863387	12016.411
26.869770	12045.491
26.876153	12013.104
26.882536	12013.591
26.888918	12040.752
26.895301	12011.511
26.901684	11958.861
26.908067	12061.753
26.914450	11949.722
26.920832	12034.757
26.927215	12044.850
26.933598	12015.315
26.939981	12024.322
26.946364	11964.626
26.952747	12010.433
26.959129	12138.919
26.965512	12050.618
26.971895	12097.814
26.978278	11870.565
26.984661	11969.028
26.991043	12079.382
26.997426	11904.606
27.003809	12041.713
27.010192	11917.734
27.016575	11988.635
27.022958	12037.052
27.029340	11997.063
27.035723	11982.170
27.042106	11906.440
27.048489	11916.183
27.054872	11961.199
27.061254	12016.689
27.067637	12018.464
27.074020	11949.892
27.080403	11875.897
27.086786	11847.496
27.093169	11787.498
27.099551	11926.248
27.105934	11923.394
27.112317	11897.283
27.118700	11968.453
27.125083	11928.565
27.131465	11875.948
27.137848	11851.069
27.144231	11949.143
27.150614	11960.117
27.156997	11927.116
27.163380	12036.308
27.169762	12041.373
27.176145	11944.346
27.182528	12019.276
27.188911	11906.072
27.195294	11948.861
27.201676	11819.645
27.208059	11879.878
27.214442	11813.279
27.220825	11882.257
27.227208	11897.083
27.233591	11821.520
27.239973	11893.892
27.246356	11902.395
27.252739	11729.258
27.259122	11827.606
27.265505	11944.479
27.271887	11886.191
27.278270	11970.802
27.284653	11838.804
27.291036	11927.885
27.297419	12001.102
27.303802	11908.718
27.310184	11886.288
27.316567	11884.143
27.322950	11899.618
27.329333	11972.476
27.335716	11877.688
27.342098	11879.464
27.348481	11843.123
27.354864	11964.393
27.361247	11821.108
27.367630	11933.025
27.374013	11814.699
27.380395	11864.994
27.386778	11829.543
27.393161	11889.485
27.399544	11800.755
27.405927	11754.157
27.412309	11722.184
27.418692	11851.196
27.425075	11701.974
27.431458	11737.246
27.437841	11794.422
27.444224	11899.618
27.450606	11706.963
27.456989	11756.309
27.463372	11685.806
27.469755	11752.548
27.476138	11841.212
27.482520	11753.687
27.488903	11825.708
27.495286	11794.619
27.501669	11789.697
27.508052	11672.853
27.514435	11678.813
27.520817	11839.749
27.527200	11803.961
27.533583	11841.958
27.539966	11885.453
27.546349	11755.702
27.552731	11783.944
27.559114	11710.074
27.565497	11654.396
27.571880	11787.025
27.578263	11891.628
27.584646	11828.003
27.591028	11795.056
27.597411	11795.957
27.603794	11888.307
27.610177	11910.222
27.616560	11778.307
27.622942	11865.828
27.629325	11765.131
27.635708	11705.600
27.642091	11727.912
27.648474	11751.755
27.654857	11721.898
27.661239	11805.913
27.667622	11702.705
27.674005	11842.567
27.680388	11754.281
27.686771	11754.171
27.693153	11724.007
27.699536	11739.905
27.705919	11697.467
27.712302	11741.909
27.718685	11644.695
27.725068	11638.584
27.731450	11762.880
27.737833	11542.474
27.744216	11506.124
27.750599	11663.793
27.756982	0.0000000
27.763364	0.0000000
27.769747	0.0000000
27.776130	0.0000000
27.782513	0.0000000
27.788896	0.0000000
27.795279	0.0000000
27.801661	0.0000000
27.808044	0.0000000
27.814427	0.0000000
27.820810	0.0000000
27.827193	0.0000000
27.833575	0.0000000
27.839958	0.0000000
27.846341	0.0000000
27.852724	0.0000000
27.859107	0.0000000
27.865490	0.0000000
27.871872	0.0000000
27.878255	0.0000000
27.884638	0.0000000
27.891021	0.0000000
27.897404	0.0000000
27.903786	0.0000000
27.910169	0.0000000
27.916552	0.0000000
27.922935	0.0000000
27.929318	0.0000000
27.935701	0.0000000
27.942083	0.0000000
27.948466	0.0000000
27.954849	0.0000000
27.961232	0.0000000
27.967615	0.0000000
27.973997	0.0000000
27.980380	0.0000000
27.986763	0.0000000
27.993146	0.0000000
27.999529	0.0000000
28.005912	0.0000000
28.012294	0.0000000
28.018677	0.0000000
28.025060	0.0000000
28.031443	0.0000000
28.037826	0.0000000
28.044208	0.0000000
28.050591	0.0000000
28.056974	0.0000000
28.063357	0.0000000
28.069740	0.0000000
28.076123	0.0000000
28.082505	0.0000000
28.088888	0.0000000
28.095271	0.0000000
28.101654	0.0000000
28.108037	0.0000000
28.114419	0.0000000
28.120802	0.0000000
28.127185	0.0000000
28.133568	0.0000000
28.139951	0.0000000
28.146334	0.0000000
28.152716	0.0000000
28.159099	0.0000000
28.165482	0.0000000
28.171865	0.0000000
28.178248	0.0000000
28.184630	0.0000000
28.191013	0.0000000
28.197396	0.0000000
28.203779	0.0000000
28.210162	0.0000000
28.216545	0.0000000
28.222927	0.0000000
28.229310	0.0000000
28.235693	0.0000000
28.242076	0.0000000
28.248459	0.0000000
28.254841	0.0000000
28.261224	0.0000000
28.267607	0.0000000
28.273990	0.0000000
28.280373	0.0000000
28.286756	0.0000000
28.293138	0.0000000
28.299521	0.0000000
28.305904	0.0000000
28.312287	0.0000000
28.318670	0.0000000
28.325052	0.0000000
28.331435	0.0000000
28.337818	0.0000000
28.344201	0.0000000
28.350584	0.0000000
28.356967	0.0000000
28.363349	0.0000000
28.369732	0.0000000
28.376115	0.0000000
28.382498	0.0000000
28.388881	0.0000000
28.395263	0.0000000
28.401646	0.0000000
28.408029	0.0000000
28.414412	0.0000000
28.420795	0.0000000
28.427178	0.0000000
28.433560	0.0000000
28.439943	0.0000000
28.446326	0.0000000
28.452709	0.0000000
28.459092	0.0000000
28.465474	0.0000000
28.471857	0.0000000
28.478240	0.0000000
28.484623	0.0000000
28.491006	0.0000000
28.497389	0.0000000
28.503771	0.0000000
28.510154	0.0000000
28.516537	0.0000000
28.522920	0.0000000
28.529303	0.0000000
28.535685	0.0000000
28.542068	0.0000000
28.548451	0.0000000
28.554834	0.0000000
28.561217	0.0000000
28.567600	0.0000000
28.573982	0.0000000
28.580365	0.0000000
28.586748	0.0000000
28.593131	0.0000000
28.599514	0.0000000
28.605896	0.0000000
28.612279	0.0000000
28.618662	0.0000000
28.625045	0.0000000
28.631428	0.0000000
28.637811	0.0000000
28.644193	0.0000000
28.650576	0.0000000
28.656959	0.0000000
28.663342	0.0000000
28.669725	0.0000000
28.676107	0.0000000
28.682490	0.0000000
28.688873	0.0000000
28.695256	0.0000000
28.701639	0.0000000
28.708022	0.0000000
28.714404	0.0000000
28.720787	0.0000000
28.727170	0.0000000
28.733553	0.0000000
28.739936	0.0000000
28.746318	0.0000000
28.752701	0.0000000
28.759084	0.0000000
28.765467	0.0000000
28.771850	0.0000000
28.778233	0.0000000
28.784615	0.0000000
28.790998	0.0000000
28.797381	0.0000000
28.803764	0.0000000
28.810147	0.0000000
28.816529	0.0000000
28.822912	0.0000000
28.829295	0.0000000
28.835678	0.0000000
28.842061	0.0000000
28.848444	0.0000000
28.854826	0.0000000
28.861209	0.0000000
28.867592	0.0000000
28.873975	0.0000000
28.880358	0.0000000
28.886740	0.0000000
28.893123	0.0000000
28.899506	0.0000000
28.905889	0.0000000
28.912272	0.0000000
28.918655	0.0000000
28.925037	0.0000000
28.931420	0.0000000
28.937803	0.0000000
28.944186	0.0000000
28.950569	0.0000000
28.956951	0.0000000
28.963334	0.0000000
28.969717	0.0000000
28.976100	0.0000000
28.982483	0.0000000
28.988866	0.0000000
28.995248	0.0000000
29.001631	0.0000000
29.008014	0.0000000
29.014397	0.0000000
29.020780	0.0000000
29.027162	0.0000000
29.033545	0.0000000
29.039928	0.0000000
29.046311	0.0000000
29.052694	0.0000000
29.059077	0.0000000
29.065459	0.0000000
29.071842	0.0000000
29.078225	0.0000000
29.084608	0.0000000
29.090991	0.0000000
29.097373	0.0000000
29.103756	0.0000000
29.110139	0.0000000
29.116522	0.0000000
29.122905	0.0000000
29.129288	0.0000000
29.135670	0.0000000
29.142053	0.0000000
29.148436	0.0000000
29.154819	0.0000000
29.161202	0.0000000
29.167584	0.0000000
29.173967	0.0000000
29.180350	0.0000000
29.186733	0.0000000
29.193116	0.0000000
29.199499	0.0000000
29.205881	0.0000000
29.212264	0.0000000
29.218647	0.0000000
29.225030	0.0000000
29.231413	0.0000000
29.237795	0.0000000
29.244178	0.0000000
29.250561	0.0000000
29.256944	0.0000000
29.263327	0.0000000
29.269710	0.0000000
29.276092	0.0000000
29.282475	0.0000000
29.288858	0.0000000
29.295241	0.0000000
29.301624	0.0000000
29.308006	0.0000000
29.314389	0.0000000
29.320772	0.0000000
29.327155	0.0000000
29.333538	0.0000000
29.339921	0.0000000
29.346303	0.0000000
29.352686	0.0000000
29.359069	0.0000000
29.365452	0.0000000
29.371835	0.0000000
29.378217	0.0000000
29.384600	0.0000000
29.390983	0.0000000
29.397366	0.0000000
29.403749	0.0000000
29.410132	0.0000000
29.416514	0.0000000
29.422897	0.0000000
29.429280	0.0000000
29.435663	0.0000000
29.442046	0.0000000
29.448428	0.0000000
29.454811	0.0000000
29.461194	0.0000000
29.467577	0.0000000
29.473960	0.0000000
29.480343	0.0000000
29.486725	0.0000000
29.493108	0.0000000
29.499491	0.0000000
29.505874	0.0000000
29.512257	0.0000000
29.518639	0.0000000
29.525022	0.0000000
29.531405	0.0000000
29.537788	0.0000000
29.544171	0.0000000
29.550554	0.0000000
29.556936	0.0000000
29.563319	0.0000000
29.569702	0.0000000
29.576085	0.0000000
29.582468	0.0000000
29.588850	0.0000000
29.595233	0.0000000
29.601616	0.0000000
29.607999	0.0000000
29.614382	0.0000000
29.620765	0.0000000
29.627147	0.0000000
29.633530	0.0000000
29.639913	0.0000000
29.646296	0.0000000
29.652679	0.0000000
29.659061	0.0000000
29.665444	0.0000000
29.671827	0.0000000
29.678210	0.0000000
29.684593	0.0000000
29.690976	0.0000000
29.697358	0.0000000
29.703741	0.0000000
29.710124	0.0000000
29.716507	0.0000000
29.722890	0.0000000
29.729272	0.0000000
29.735655	0.0000000
29.742038	0.0000000
29.748421	0.0000000
29.754804	0.0000000
29.761187	0.0000000
29.767569	0.0000000
29.773952	0.0000000
29.780335	0.0000000
29.786718	0.0000000
29.793101	0.0000000
29.799484	0.0000000
29.805866	0.0000000
29.812249	0.0000000
29.818632	0.0000000
29.825015	0.0000000
29.831398	0.0000000
29.837780	0.0000000
29.844163	0.0000000
29.850546	0.0000000
29.856929	0.0000000
29.863312	0.0000000
29.869695	0.0000000
29.876077	0.0000000
29.882460	0.0000000
29.888843	0.0000000
29.895226	0.0000000
29.901609	0.0000000
29.907991	0.0000000
29.914374	0.0000000
29.920757	0.0000000
29.927140	0.0000000
29.933523	0.0000000
29.939906	0.0000000
29.946288	0.0000000
29.952671	0.0000000
29.959054	0.0000000
29.965437	0.0000000
29.971820	0.0000000
29.978202	0.0000000
29.984585	0.0000000
29.990968	0.0000000
29.997351	0.0000000
30.003734	0.0000000
30.010117	0.0000000
30.016499	0.0000000
30.022882	0.0000000
30.029265	0.0000000
30.035648	0.0000000
30.042031	0.0000000
30.048413	0.0000000
30.054796	0.0000000
30.061179	0.0000000
30.067562	0.0000000
30.073945	0.0000000
30.080328	0.0000000
30.086710	0.0000000
30.093093	0.0000000
30.099476	0.0000000
30.105859	0.0000000
30.112242	0.0000000
30.118624	0.0000000
30.125007	0.0000000
30.131390	0.0000000
30.137773	0.0000000
30.144156	0.0000000
30.150539	0.0000000
30.156921	0.0000000
30.163304	0.0000000
30.169687	0.0000000
30.176070	0.0000000
30.182453	0.0000000
30.188835	0.0000000
30.195218	0.0000000
30.201601	0.0000000
30.207984	0.0000000
30.214367	0.0000000
30.220750	0.0000000
30.227132	0.0000000
30.233515	0.0000000
30.239898	0.0000000
30.246281	0.0000000
30.252664	0.0000000
30.259046	0.0000000
30.265429	0.0000000
30.271812	0.0000000
30.278195	0.0000000
30.284578	0.0000000
30.290961	0.0000000
30.297343	0.0000000
30.303726	0.0000000
30.310109	0.0000000
30.316492	0.0000000
30.322875	0.0000000
30.329257	0.0000000
30.335640	0.0000000
30.342023	0.0000000
30.348406	0.0000000
30.354789	0.0000000
30.361172	0.0000000
30.367554	0.0000000
30.373937	0.0000000
30.380320	0.0000000
30.386703	0.0000000
30.393086	0.0000000
30.399468	0.0000000
30.405851	0.0000000
30.412234	0.0000000
30.418617	0.0000000
30.425000	0.0000000
30.431383	0.0000000
30.437765	0.0000000
30.444148	0.0000000
30.450531	0.0000000
30.456914	0.0000000
30.463297	0.0000000
30.469679	0.0000000
30.476062	0.0000000
30.482445	0.0000000
30.488828	0.0000000
30.495211	0.0000000
30.501594	0.0000000
30.507976	0.0000000
30.514359	0.0000000
30.520742	0.0000000
30.527125	0.0000000
30.533508	0.0000000
30.539890	0.0000000
30.546273	0.0000000
30.552656	0.0000000
30.559039	0.0000000
30.565422	0.0000000
30.571805	0.0000000
30.578187	0.0000000
30.584570	0.0000000
30.590953	0.0000000
30.597336	0.0000000
30.603719	0.0000000
30.610101	0.0000000
30.616484	0.0000000
30.622867	0.0000000
30.629250	0.0000000
30.635633	0.0000000
30.642016	0.0000000
30.648398	0.0000000
30.654781	0.0000000
30.661164	0.0000000
30.667547	0.0000000
30.673930	0.0000000
30.680312	0.0000000
30.686695	0.0000000
30.693078	0.0000000
30.699461	0.0000000
30.705844	0.0000000
30.712227	0.0000000
30.718609	0.0000000
30.724992	0.0000000
30.731375	0.0000000
30.737758	0.0000000
30.744141	0.0000000
30.750523	0.0000000
30.756906	0.0000000
30.763289	0.0000000
30.769672	0.0000000
30.776055	0.0000000
30.782438	0.0000000
30.788820	0.0000000
30.795203	0.0000000
30.801586	0.0000000
30.807969	0.0000000
30.814352	0.0000000
30.820734	0.0000000
30.827117	0.0000000
30.833500	0.0000000
30.839883	0.0000000
30.846266	0.0000000
30.852649	0.0000000
30.859031	0.0000000
30.865414	0.0000000
30.871797	0.0000000
30.878180	0.0000000
30.884563	0.0000000
30.890945	0.0000000
30.897328	0.0000000
30.903711	0.0000000
30.910094	0.0000000
30.916477	0.0000000
30.922860	0.0000000
30.929242	0.0000000
30.935625	0.0000000
30.942008	0.0000000
30.948391	0.0000000
30.954774	0.0000000
30.961156	0.0000000
30.967539	0.0000000
30.973922	0.0000000
30.980305	0.0000000
30.986688	0.0000000
30.993071	0.0000000
30.999453	0.0000000
31.005836	0.0000000
31.012219	0.0000000
31.018602	0.0000000
31.024985	0.0000000
31.031367	0.0000000
31.037750	0.0000000
31.044133	0.0000000
31.050516	0.0000000
31.056899	0.0000000
31.063282	0.0000000
31.069664	0.0000000
31.076047	0.0000000
31.082430	0.0000000
31.088813	0.0000000
31.095196	0.0000000
31.101578	0.0000000
31.107961	0.0000000
31.114344	0.0000000
31.120727	0.0000000
31.127110	0.0000000
31.133493	0.0000000
31.139875	0.0000000
31.146258	0.0000000
31.152641	0.0000000
31.159024	0.0000000
31.165407	0.0000000
31.171789	0.0000000
31.178172	0.0000000
31.184555	0.0000000
31.190938	0.0000000
31.197321	0.0000000
31.203704	0.0000000
31.210086	0.0000000
31.216469	0.0000000
31.222852	0.0000000
31.229235	0.0000000
31.235618	0.0000000
31.242000	0.0000000
31.248383	0.0000000
31.254766	0.0000000
31.261149	0.0000000
31.267532	0.0000000
31.273915	0.0000000
31.280297	0.0000000
31.286680	0.0000000
31.293063	0.0000000
31.299446	0.0000000
31.305829	0.0000000
31.312211	0.0000000
31.318594	0.0000000
31.324977	0.0000000
31.331360	0.0000000
31.337743	0.0000000
31.344126	0.0000000
31.350508	0.0000000
31.356891	0.0000000
31.363274	0.0000000
31.369657	0.0000000
31.376040	0.0000000
31.382422	0.0000000
31.388805	0.0000000
31.395188	0.0000000
31.401571	0.0000000
31.407954	0.0000000
31.414337	0.0000000
31.420719	0.0000000
31.427102	0.0000000
31.433485	0.0000000
31.439868	0.0000000
31.446251	0.0000000
31.452633	0.0000000
31.459016	0.0000000
31.465399	0.0000000
31.471782	0.0000000
31.478165	0.0000000
31.484548	0.0000000
31.490930	0.0000000
31.497313	0.0000000
31.503696	0.0000000
31.510079	0.0000000
31.516462	0.0000000
31.522844	0.0000000
31.529227	0.0000000
31.535610	0.0000000
31.541993	0.0000000
31.548376	0.0000000
31.554759	0.0000000
31.561141	0.0000000
31.567524	0.0000000
31.573907	0.0000000
31.580290	0.0000000
31.586673	0.0000000
31.593055	0.0000000
31.599438	0.0000000
31.605821	0.0000000
31.612204	0.0000000
31.618587	0.0000000
31.624970	0.0000000
31.631352	0.0000000
31.637735	0.0000000
31.644118	0.0000000
31.650501	0.0000000
31.656884	0.0000000
31.663266	0.0000000
31.669649	0.0000000
31.676032	0.0000000
31.682415	0.0000000
31.688798	0.0000000
31.695181	0.0000000
31.701563	0.0000000
31.707946	0.0000000
31.714329	0.0000000
31.720712	0.0000000
31.727095	0.0000000
31.733477	0.0000000
31.739860	0.0000000
31.746243	0.0000000
31.752626	0.0000000
31.759009	0.0000000
31.765392	0.0000000
31.771774	0.0000000
31.778157	0.0000000
31.784540	0.0000000
31.790923	0.0000000
31.797306	0.0000000
31.803688	0.0000000
31.810071	0.0000000
31.816454	0.0000000
31.822837	0.0000000
31.829220	0.0000000
31.835603	0.0000000
31.841985	0.0000000
31.848368	0.0000000
31.854751	0.0000000
31.861134	0.0000000
31.867517	0.0000000
31.873899	0.0000000
31.880282	0.0000000
31.886665	0.0000000
31.893048	0.0000000
31.899431	0.0000000
31.905814	0.0000000
31.912196	0.0000000
31.918579	0.0000000
