0.010870201	0.0000000
0.017253020	0.0000000
0.023635838	0.0000000
0.030018656	0.0000000
0.036401475	0.0000000
0.042784293	0.0000000
0.049167111	0.0000000
0.055549930	0.0000000
0.061932748	0.0000000
0.068315566	0.0000000
0.074698385	0.0000000
0.081081203	0.0000000
0.087464022	0.0000000
0.093846840	0.0000000
0.10022966	0.0000000
0.10661248	0.0000000
0.11299529	0.0000000
0.11937811	0.0000000
0.12576093	0.0000000
0.13214375	0.0000000
0.13852657	0.0000000
0.14490939	0.0000000
0.15129221	0.0000000
0.15767502	0.0000000
0.16405784	0.0000000
0.17044066	0.0000000
0.17682348	0.0000000
0.18320630	0.0000000
0.18958912	0.0000000
0.19597193	0.0000000
0.20235475	14369.237
0.20873757	14608.709
0.21512039	13485.738
0.22150321	11387.967
0.22788603	10216.022
0.23426884	8529.7870
0.24065166	6993.5323
0.24703448	5978.5852
0.25341730	5023.7750
0.25980012	4225.4372
0.26618294	3429.0572
0.27256575	2867.5385
0.27894857	2118.6526
0.28533139	1699.9623
0.29171421	1319.3677
0.29809703	1048.0856
0.30447985	823.38383
0.31086266	504.95398
0.31724548	353.05576
0.32362830	40.957098
0.33001112	-437.11956
0.33639394	-508.34918
0.34277676	-650.45236
0.34915957	-626.28815
0.35554239	-866.56385
0.36192521	-724.22967
0.36830803	-846.53969
0.37469085	-807.90921
0.38107367	-575.01149
0.38745648	-283.06430
0.39383930	7.9387543
0.40022212	-5.1510723
0.40660494	15.930894
0.41298776	-148.27269
0.41937058	-159.50460
0.42575339	-246.61796
0.43213621	-231.14863
0.43851903	-191.06047
0.44490185	-277.54615
0.45128467	-367.48585
0.45766749	-467.38341
0.46405030	-466.41655
0.47043312	-466.68214
0.47681594	-486.16294
0.48319876	-473.03579
0.48958158	-417.51168
0.49596440	-307.52415
0.50234722	-320.12090
0.50873003	-324.81408
0.51511285	-412.43956
0.52149567	-420.38335
0.52787849	-428.65987
0.53426131	-333.12940
0.54064413	-284.76725
0.54702694	-242.50511
0.55340976	-280.90447
0.55979258	-330.81692
0.56617540	-352.31401
0.57255822	-314.13076
0.57894104	-287.92200
0.58532385	-260.69683
0.59170667	-233.56144
0.59808949	-233.76104
0.60447231	-184.22617
0.61085513	-143.11089
0.61723795	-1.4767117
0.62362076	65.394567
0.63000358	188.34767
0.63638640	274.54433
0.64276922	405.12907
0.64915204	470.01888
0.65553486	482.44543
0.66191767	568.54937
0.66830049	658.65741
0.67468331	793.79149
0.68106613	778.78095
0.68744895	790.29392
0.69383177	871.25805
0.70021458	983.86342
0.70659740	1157.0561
0.71298022	1278.8441
0.71936304	1356.4356
0.72574586	1403.5607
0.73212868	1413.3141
0.73851149	1514.9041
0.74489431	1559.4320
0.75127713	1691.2247
0.75765995	1776.7957
0.76404277	1824.5700
0.77042559	1891.3239
0.77680840	1938.8598
0.78319122	2041.1501
0.78957404	2102.2484
0.79595686	2176.7122
0.80233968	2228.1952
0.80872250	2332.5123
0.81510531	2469.4110
0.82148813	2541.9170
0.82787095	2613.6062
0.83425377	2709.6086
0.84063659	2842.7210
0.84701941	3022.7673
0.85340223	3086.5407
0.85978504	3142.0702
0.86616786	3207.0607
0.87255068	3360.2018
0.87893350	3552.6845
0.88531632	3631.0109
0.89169914	3689.9016
0.89808195	3739.7790
0.90446477	3786.7527
0.91084759	3858.0807
0.91723041	3975.2647
0.92361323	4104.0383
0.92999605	4193.1460
0.93637886	4319.7621
0.94276168	4409.6623
0.94914450	4474.5892
0.95552732	4549.4819
0.96191014	4616.6597
0.96829296	4789.7945
0.97467577	4925.1309
0.98105859	5006.8548
0.98744141	5014.7663
0.99382423	5012.1696
1.0002070	5043.3073
1.0065899	5164.3216
1.0129727	5327.5014
1.0193555	5427.5517
1.0257383	5534.5679
1.0321211	5613.6948
1.0385040	5686.2579
1.0448868	5791.2276
1.0512696	5904.7678
1.0576524	6018.1311
1.0640352	6090.1498
1.0704180	6193.4229
1.0768009	6257.7628
1.0831837	6406.6020
1.0895665	6501.0326
1.0959493	6529.8363
1.1023321	6592.3116
1.1087150	6703.9745
1.1150978	6914.1374
1.1214806	7164.0745
1.1278634	7509.4356
1.1342462	7987.0393
1.1406291	8622.9055
1.1470119	9695.9936
1.1533947	11267.821
1.1597775	13969.351
1.1661603	18423.427
1.1725431	25512.702
1.1789260	37889.861
1.1853088	52656.647
1.1916916	74080.903
1.1980744	95228.686
1.2044572	116615.54
1.2108401	136774.90
1.2172229	152004.34
1.2236057	165958.08
1.2299885	174549.20
1.2363713	178738.09
1.2427541	176278.84
1.2491370	166611.78
1.2555198	150239.45
1.2619026	131200.62
1.2682854	107760.10
1.2746682	86317.714
1.2810511	66508.593
1.2874339	49617.499
1.2938167	36849.854
1.3001995	27586.896
1.3065823	22064.840
1.3129651	18961.837
1.3193480	17730.165
1.3257308	17770.952
1.3321136	18859.514
1.3384964	21392.686
1.3448792	26137.220
1.3512621	33620.819
1.3576449	48082.491
1.3640277	69572.598
1.3704105	106744.55
1.3767933	157601.83
1.3831761	220058.18
1.3895590	294912.85
1.3959418	361266.87
1.4023246	428720.99
1.4087074	480134.11
1.4150902	523408.43
1.4214731	555262.47
1.4278559	569769.66
1.4342387	563393.07
1.4406215	536247.91
1.4470043	483123.04
1.4533872	417713.12
1.4597700	347473.67
1.4661528	269830.66
1.4725356	208120.25
1.4789184	147710.26
1.4853012	105924.59
1.4916841	73377.188
1.4980669	53123.089
1.5044497	42386.390
1.5108325	37364.239
1.5172153	37345.250
1.5235982	42213.190
1.5299810	52994.242
1.5363638	72269.752
1.5427466	103401.64
1.5491294	142517.03
1.5555122	193828.55
1.5618951	243140.95
1.5682779	292579.79
1.5746607	335161.06
1.5810435	368793.21
1.5874263	396814.67
1.5938092	413068.46
1.6001920	417378.46
1.6065748	405185.53
1.6129576	375217.32
1.6193404	332837.06
1.6257232	283043.89
1.6321061	228170.64
1.6384889	179432.89
1.6448717	133927.40
1.6512545	99488.265
1.6576373	72807.472
1.6640202	56730.896
1.6704030	48997.322
1.6767858	49330.600
1.6831686	56243.349
1.6895514	73577.205
1.6959342	98110.577
1.7023171	134472.46
1.7086999	176681.83
1.7150827	218959.37
1.7214655	262728.48
1.7278483	296039.79
1.7342312	326744.46
1.7406140	348421.55
1.7469968	362365.17
1.7533796	365129.10
1.7597624	354471.35
1.7661453	326574.42
1.7725281	291964.83
1.7789109	247324.56
1.7852937	201439.88
1.7916765	160132.77
1.7980593	119789.56
1.8044422	90925.339
1.8108250	66381.306
1.8172078	51442.718
1.8235906	41935.443
1.8299734	36993.633
1.8363563	34526.467
1.8427391	33210.825
1.8491219	32514.486
1.8555047	31884.041
1.8618875	31364.553
1.8682703	30915.008
1.8746532	30442.218
1.8810360	29925.266
1.8874188	29296.049
1.8938016	28724.963
1.9001844	28276.861
1.9065673	28152.084
1.9129501	28634.324
1.9193329	29779.724
1.9257157	31911.545
1.9320985	35456.795
1.9384813	39974.595
1.9448642	46513.097
1.9512470	54552.430
1.9576298	65917.698
1.9640126	81465.306
1.9703954	100439.68
1.9767783	125870.64
1.9831611	150022.82
1.9895439	175157.76
1.9959267	195317.10
2.0023095	211253.04
2.0086923	223041.48
2.0150752	229766.59
2.0214580	231453.92
2.0278408	226323.68
2.0342236	212984.91
2.0406064	192552.21
2.0469893	169188.03
2.0533721	139885.69
2.0597549	115065.84
2.0661377	89786.539
2.0725205	69936.316
2.0789034	53997.738
2.0852862	42607.594
2.0916690	35976.104
2.0980518	31958.718
2.1044346	30266.001
2.1108174	29479.882
2.1172003	29431.255
2.1235831	29703.125
2.1299659	30245.795
2.1363487	30802.339
2.1427315	31497.555
2.1491144	32303.197
2.1554972	33478.069
2.1618800	35083.547
2.1682628	36961.393
2.1746456	38965.658
2.1810284	40742.156
2.1874113	42381.336
2.1937941	43635.546
2.2001769	44585.827
2.2065597	45039.885
2.2129425	44812.408
2.2193254	43624.775
2.2257082	41660.530
2.2320910	38734.654
2.2384738	35782.670
2.2448566	32654.419
2.2512394	29779.413
2.2576223	27303.473
2.2640051	25231.952
2.2703879	24004.053
2.2767707	23471.968
2.2831535	23893.877
2.2895364	25611.517
2.2959192	29354.133
2.3023020	35805.584
2.3086848	48412.259
2.3150676	65835.171
2.3214504	93013.713
2.3278333	125033.73
2.3342161	160065.91
2.3405989	197028.87
2.3469817	226751.65
2.3533645	255257.77
2.3597474	276076.31
2.3661302	292005.99
2.3725130	299793.97
2.3788958	296465.70
2.3852786	281077.73
2.3916615	257268.81
2.3980443	223759.55
2.4044271	189231.53
2.4108099	155938.25
2.4171927	126453.66
2.4235755	104644.56
2.4299584	90154.820
2.4363412	83466.938
2.4427240	82733.410
2.4491068	85384.306
2.4554896	89488.024
2.4618725	93842.907
2.4682553	97496.325
2.4746381	99814.814
2.4810209	99763.599
2.4874037	96540.861
2.4937865	90928.121
2.5001694	82832.598
2.5065522	73822.110
2.5129350	65857.625
2.5193178	59395.582
2.5257006	56407.841
2.5320835	56859.581
2.5384663	60160.780
2.5448491	65340.500
2.5512319	71514.399
2.5576147	77032.668
2.5639975	82469.432
2.5703804	86261.895
2.5767632	88699.765
2.5831460	88802.687
2.5895288	86172.492
2.5959116	80498.509
2.6022945	73538.666
2.6086773	64469.981
2.6150601	56331.777
2.6214429	49123.992
2.6278257	43514.951
2.6342085	39944.545
2.6405914	38042.590
2.6469742	37591.274
2.6533570	38042.609
2.6597398	38913.703
2.6661226	39940.192
2.6725055	40893.717
2.6788883	41429.830
2.6852711	41379.906
2.6916539	40631.591
2.6980367	39097.881
2.7044196	37249.616
2.7108024	35088.892
2.7171852	32980.364
2.7235680	31068.554
2.7299508	29367.039
2.7363336	28008.595
2.7427165	26807.650
2.7490993	25854.025
2.7554821	25010.051
2.7618649	24269.337
2.7682477	23681.434
2.7746306	23256.263
2.7810134	23035.868
2.7873962	23104.711
2.7937790	23331.048
2.8001618	23667.495
2.8065446	24170.861
2.8129275	24683.214
2.8193103	25299.143
2.8256931	25770.076
2.8320759	26251.082
2.8384587	26634.208
2.8448416	26854.147
2.8512244	26890.038
2.8576072	26821.761
2.8639900	26698.087
2.8703728	26737.478
2.8767556	27133.339
2.8831385	28228.904
2.8895213	30304.535
2.8959041	33673.192
2.9022869	38098.604
2.9086697	43852.872
2.9150526	49670.754
2.9214354	55394.466
2.9278182	60468.457
2.9342010	64781.459
2.9405838	68276.329
2.9469666	70541.799
2.9533495	71289.514
2.9597323	70283.544
2.9661151	67273.221
2.9724979	63103.018
2.9788807	58439.545
2.9852636	53640.283
2.9916464	49892.141
2.9980292	46662.380
3.0044120	44584.115
3.0107948	43186.733
3.0171777	42682.202
3.0235605	42691.740
3.0299433	43087.322
3.0363261	43401.138
3.0427089	43649.175
3.0490917	43831.562
3.0554746	44330.455
3.0618574	45650.769
3.0682402	48115.189
3.0746230	52022.939
3.0810058	56491.594
3.0873887	61735.390
3.0937715	66728.089
3.1001543	71276.505
3.1065371	75623.125
3.1129199	79117.701
3.1193027	82005.974
3.1256856	83909.678
3.1320684	85626.983
3.1384512	88201.838
3.1448340	93360.829
3.1512168	101503.49
3.1575997	112447.20
3.1639825	125660.33
3.1703653	137977.01
3.1767481	150224.95
3.1831309	160272.94
3.1895137	168997.73
3.1958966	174939.88
3.2022794	176773.32
3.2086622	173403.82
3.2150450	165843.91
3.2214278	153514.73
3.2278107	140511.25
3.2341935	127671.97
3.2405763	115824.21
3.2469591	106834.27
3.2533419	99358.125
3.2597247	94661.737
3.2661076	91971.196
3.2724904	91164.383
3.2788732	90522.071
3.2852560	89097.612
3.2916388	86136.043
3.2980217	81333.254
3.3044045	75879.846
3.3107873	69916.753
3.3171701	64285.421
3.3235529	59646.962
3.3299357	55823.464
3.3363186	53239.178
3.3427014	52011.988
3.3490842	52004.960
3.3554670	52785.602
3.3618498	53778.215
3.3682327	54608.196
3.3746155	55090.789
3.3809983	55137.859
3.3873811	54936.817
3.3937639	54606.328
3.4001468	54261.713
3.4065296	53911.265
3.4129124	53729.941
3.4192952	53910.244
3.4256780	54813.956
3.4320608	57091.317
3.4384437	60975.011
3.4448265	68051.650
3.4512093	78470.114
3.4575921	92184.750
3.4639749	109328.72
3.4703578	125800.88
3.4767406	142642.77
3.4831234	156037.27
3.4895062	167034.93
3.4958890	175272.25
3.5022718	179553.06
3.5086547	179440.53
3.5150375	173719.17
3.5214203	162105.82
3.5278031	146910.32
3.5341859	128751.97
3.5405688	109938.20
3.5469516	92178.984
3.5533344	76229.025
3.5597172	63544.155
3.5661000	53507.246
3.5724828	47063.652
3.5788657	42740.953
3.5852485	40319.305
3.5916313	38709.047
3.5980141	37600.575
3.6043969	36847.002
3.6107798	36299.287
3.6171626	36115.612
3.6235454	36347.617
3.6299282	37160.519
3.6363110	38817.057
3.6426938	42138.618
3.6490767	47493.928
3.6554595	57370.330
3.6618423	71342.613
3.6682251	91581.327
3.6746079	116787.24
3.6809908	143602.25
3.6873736	171543.38
3.6937564	195523.19
3.7001392	216915.72
3.7065220	233509.15
3.7129049	245251.00
3.7192877	250911.95
3.7256705	248017.52
3.7320533	236452.13
3.7384361	218133.47
3.7448189	192559.89
3.7512018	166783.89
3.7575846	139524.39
3.7639674	115776.18
3.7703502	95332.007
3.7767330	79432.145
3.7831159	68690.826
3.7894987	61865.870
3.7958815	58901.425
3.8022643	58100.853
3.8086471	58957.119
3.8150299	60686.472
3.8214128	62946.775
3.8277956	64955.621
3.8341784	66958.047
3.8405612	68619.384
3.8469440	70302.649
3.8533269	71841.964
3.8597097	73076.396
3.8660925	74233.055
3.8724753	75297.053
3.8788581	76259.842
3.8852409	77028.854
3.8916238	77609.660
3.8980066	77988.958
3.9043894	78239.933
3.9107722	78444.484
3.9171550	78171.156
3.9235379	77151.292
3.9299207	75063.652
3.9363035	71401.943
3.9426863	66992.533
3.9490691	61917.870
3.9554519	56678.097
3.9618348	52134.453
3.9682176	48279.545
3.9746004	46151.665
3.9809832	46085.823
3.9873660	48874.028
3.9937489	55032.223
4.0001317	65086.657
4.0065145	77033.899
4.0128973	91444.584
4.0192801	104563.43
4.0256630	117324.91
4.0320458	128360.80
4.0384286	137180.42
4.0448114	143878.90
4.0511942	146720.30
4.0575770	145539.25
4.0639599	140251.54
4.0703427	131028.77
4.0767255	119865.36
4.0831083	107390.81
4.0894911	95146.695
4.0958740	84130.806
4.1022568	74482.061
4.1086396	67337.151
4.1150224	61739.319
4.1214052	58141.273
4.1277880	55308.395
4.1341709	53001.555
4.1405537	50953.352
4.1469365	48940.381
4.1533193	47362.522
4.1597021	46048.687
4.1660850	45524.933
4.1724678	46022.658
4.1788506	47890.645
4.1852334	51010.727
4.1916162	55552.206
4.1979990	60439.140
4.2043819	65766.625
4.2107647	70575.539
4.2171475	75052.159
4.2235303	79351.199
4.2299131	83573.450
4.2362960	88002.868
4.2426788	92219.612
4.2490616	96521.551
4.2554444	100040.98
4.2618272	102916.12
4.2682100	104520.56
4.2745929	105336.44
4.2809757	105504.38
4.2873585	105197.78
4.2937413	104211.04
4.3001241	102167.69
4.3065070	98382.885
4.3128898	93006.433
4.3192726	86492.389
4.3256554	78669.896
4.3320382	71668.649
4.3384211	64933.926
4.3448039	60041.351
4.3511867	57062.119
4.3575695	56522.714
4.3639523	58138.862
4.3703351	61505.140
4.3767180	65651.179
4.3831008	70102.483
4.3894836	74071.962
4.3958664	77723.979
4.4022492	80632.185
4.4086321	82587.021
4.4150149	83117.941
4.4213977	81841.579
4.4277805	78509.607
4.4341633	74031.983
4.4405461	68064.720
4.4469290	62188.680
4.4533118	56586.952
4.4596946	51936.146
4.4660774	49006.786
4.4724602	47955.521
4.4788431	48904.294
4.4852259	51717.261
4.4916087	55412.746
4.4979915	59319.551
4.5043743	63058.574
4.5107571	66143.449
4.5171400	68648.778
4.5235228	70121.528
4.5299056	70415.518
4.5362884	69401.830
4.5426712	66947.567
4.5490541	63476.605
4.5554369	59353.236
4.5618197	55008.267
4.5682025	51296.844
4.5745853	47981.590
4.5809681	45747.906
4.5873510	44258.982
4.5937338	43615.318
4.6001166	43429.318
4.6064994	43453.157
4.6128822	43555.269
4.6192651	43721.977
4.6256479	44204.166
4.6320307	45375.181
4.6384135	47501.925
4.6447963	50722.451
4.6511792	55046.529
4.6575620	59824.893
4.6639448	64916.134
4.6703276	69609.418
4.6767104	74315.585
4.6830932	78843.856
4.6894761	83631.801
4.6958589	88314.737
4.7022417	92332.864
4.7086245	95493.759
4.7150073	97245.470
4.7213902	97628.816
4.7277730	97058.650
4.7341558	96025.404
4.7405386	94960.265
4.7469214	93893.414
4.7533042	92645.774
4.7596871	90991.828
4.7660699	88391.188
4.7724527	85130.675
4.7788355	81176.275
4.7852183	76990.992
4.7916012	73239.012
4.7979840	69943.860
4.8043668	67317.329
4.8107496	65131.229
4.8171324	63211.568
4.8235152	61118.329
4.8298981	58922.974
4.8362809	56540.367
4.8426637	54130.262
4.8490465	51869.616
4.8554293	49582.483
4.8618122	47423.075
4.8681950	45038.248
4.8745778	42784.746
4.8809606	40408.538
4.8873434	38002.523
4.8937262	35881.717
4.9001091	33838.535
4.9064919	32269.876
4.9128747	31014.906
4.9192575	30233.205
4.9256403	29814.892
4.9320232	29684.642
4.9384060	29803.747
4.9447888	30079.985
4.9511716	30465.699
4.9575544	30999.936
4.9639373	31554.416
4.9703201	32219.958
4.9767029	32862.228
4.9830857	33518.861
4.9894685	34154.604
4.9958513	34683.731
5.0022342	35338.497
5.0086170	35968.534
5.0149998	36654.103
5.0213826	37200.774
5.0277654	37678.804
5.0341483	38057.037
5.0405311	38353.315
5.0469139	38633.656
5.0532967	38976.389
5.0596795	39459.842
5.0660623	40024.749
5.0724452	40753.629
5.0788280	41584.433
5.0852108	42661.864
5.0915936	44098.357
5.0979764	46116.206
5.1043593	49291.084
5.1107421	53185.705
5.1171249	58311.821
5.1235077	63528.281
5.1298905	68602.539
5.1362733	73195.338
5.1426562	76785.101
5.1490390	79787.804
5.1554218	81677.666
5.1618046	82598.731
5.1681874	82159.933
5.1745703	80211.854
5.1809531	76865.483
5.1873359	72510.139
5.1937187	67510.415
5.2001015	63017.792
5.2064843	59090.785
5.2128672	56278.575
5.2192500	54331.599
5.2256328	53358.758
5.2320156	52961.906
5.2383984	52928.643
5.2447813	53035.512
5.2511641	53223.640
5.2575469	53259.878
5.2639297	53020.329
5.2703125	52442.343
5.2766954	51590.159
5.2830782	50641.296
5.2894610	49945.544
5.2958438	49753.517
5.3022266	50531.662
5.3086094	52543.882
5.3149923	55473.717
5.3213751	59185.670
5.3277579	62967.224
5.3341407	66560.536
5.3405235	69644.792
5.3469064	71936.733
5.3532892	73430.624
5.3596720	73634.618
5.3660548	72329.956
5.3724376	69602.713
5.3788204	65597.175
5.3852033	60626.409
5.3915861	55824.552
5.3979689	51042.014
5.4043517	47206.341
5.4107345	44161.012
5.4171174	42330.847
5.4235002	41791.029
5.4298830	42596.457
5.4362658	45050.817
5.4426486	49294.841
5.4490314	55260.118
5.4554143	63115.870
5.4617971	71193.556
5.4681799	79804.787
5.4745627	87202.156
5.4809455	93661.901
5.4873284	98799.921
5.4937112	102093.01
5.5000940	103387.14
5.5064768	101956.64
5.5128596	97704.249
5.5192424	91244.748
5.5256253	83251.160
5.5320081	74642.016
5.5383909	66554.625
5.5447737	59263.574
5.5511565	53443.815
5.5575394	49058.166
5.5639222	46300.474
5.5703050	44646.002
5.5766878	43955.579
5.5830706	43956.646
5.5894535	44455.338
5.5958363	45148.564
5.6022191	45867.746
5.6086019	46373.457
5.6149847	46720.198
5.6213675	46913.078
5.6277504	46986.080
5.6341332	46905.256
5.6405160	46587.294
5.6468988	46012.101
5.6532816	45178.930
5.6596645	44123.302
5.6660473	43030.015
5.6724301	41926.676
5.6788129	41086.881
5.6851957	40536.667
5.6915785	40305.766
5.6979614	40329.702
5.7043442	40628.121
5.7107270	41075.392
5.7171098	41652.706
5.7234926	42222.815
5.7298755	42699.888
5.7362583	42960.988
5.7426411	42884.153
5.7490239	42501.511
5.7554067	41907.799
5.7617895	41168.890
5.7681724	40421.320
5.7745552	39681.803
5.7809380	39062.888
5.7873208	38543.592
5.7937036	38203.482
5.8000865	38063.174
5.8064693	38190.860
5.8128521	38551.164
5.8192349	39200.849
5.8256177	39913.063
5.8320005	40784.993
5.8383834	41831.624
5.8447662	43189.841
5.8511490	44981.671
5.8575318	47100.374
5.8639146	49558.216
5.8702975	51910.129
5.8766803	54108.716
5.8830631	55862.739
5.8894459	57460.079
5.8958287	58739.911
5.9022116	59732.764
5.9085944	60190.048
5.9149772	59901.892
5.9213600	58740.551
5.9277428	57157.270
5.9341256	55145.321
5.9405085	53056.557
5.9468913	51056.214
5.9532741	49207.027
5.9596569	47577.177
5.9660397	46068.150
5.9724226	44730.535
5.9788054	43495.300
5.9851882	42476.970
5.9915710	41552.100
5.9979538	40810.077
6.0043366	40278.965
6.0107195	40123.848
6.0171023	40477.417
6.0234851	41389.499
6.0298679	42788.624
6.0362507	44715.131
6.0426336	46786.041
6.0490164	48917.883
6.0553992	50931.895
6.0617820	52785.849
6.0681648	54308.172
6.0745476	55284.347
6.0809305	55513.384
6.0873133	54976.334
6.0936961	53573.054
6.1000789	51665.646
6.1064617	49287.925
6.1128446	46849.525
6.1192274	44681.910
6.1256102	42880.831
6.1319930	41846.773
6.1383758	41777.696
6.1447586	42895.659
6.1511415	45294.794
6.1575243	48642.872
6.1639071	52727.967
6.1702899	56962.094
6.1766727	61117.505
6.1830556	64973.624
6.1894384	68263.700
6.1958212	71120.337
6.2022040	72789.712
6.2085868	73164.526
6.2149696	72091.772
6.2213525	69767.096
6.2277353	66462.795
6.2341181	62898.505
6.2405009	59110.899
6.2468837	55680.875
6.2532666	52483.107
6.2596494	49826.912
6.2660322	47596.448
6.2724150	45936.519
6.2787978	44567.908
6.2851807	43461.818
6.2915635	42448.920
6.2979463	41428.755
6.3043291	40429.098
6.3107119	39387.513
6.3170947	38439.256
6.3234776	37442.052
6.3298604	36384.201
6.3362432	35304.668
6.3426260	34271.168
6.3490088	33296.221
6.3553917	32379.198
6.3617745	31575.741
6.3681573	30924.928
6.3745401	30480.545
6.3809229	30198.361
6.3873057	30101.769
6.3936886	30158.218
6.4000714	30428.392
6.4064542	30797.073
6.4128370	31183.917
6.4192198	31494.124
6.4256027	31771.265
6.4319855	32014.031
6.4383683	32252.828
6.4447511	32464.557
6.4511339	32689.378
6.4575167	32985.721
6.4638996	33461.014
6.4702824	34190.006
6.4766652	35156.355
6.4830480	36456.603
6.4894308	37859.172
6.4958137	39438.583
6.5021965	41097.515
6.5085793	42856.829
6.5149621	44710.653
6.5213449	46350.206
6.5277277	47759.648
6.5341106	48590.727
6.5404934	48886.634
6.5468762	48618.794
6.5532590	47890.374
6.5596418	46838.905
6.5660247	45564.153
6.5724075	44000.219
6.5787903	42440.401
6.5851731	40785.572
6.5915559	39464.460
6.5979388	38328.913
6.6043216	37581.050
6.6107044	37117.026
6.6170872	36891.040
6.6234700	36861.640
6.6298528	36997.581
6.6362357	37180.370
6.6426185	37340.482
6.6490013	37367.257
6.6553841	37314.742
6.6617669	37197.618
6.6681498	37036.329
6.6745326	36877.879
6.6809154	36818.064
6.6872982	36797.227
6.6936810	36846.028
6.7000638	36957.295
6.7064467	37105.576
6.7128295	37266.277
6.7192123	37357.962
6.7255951	37341.563
6.7319779	37153.001
6.7383608	36855.064
6.7447436	36492.171
6.7511264	36209.499
6.7575092	36103.886
6.7638920	36301.525
6.7702748	37025.173
6.7766577	38332.349
6.7830405	40333.615
6.7894233	42752.336
6.7958061	45470.602
6.8021889	48104.873
6.8085718	50439.227
6.8149546	52450.810
6.8213374	53820.473
6.8277202	54631.409
6.8341030	54511.811
6.8404858	53580.229
6.8468687	51876.849
6.8532515	49566.602
6.8596343	46860.234
6.8660171	44155.303
6.8723999	41645.051
6.8787828	39590.170
6.8851656	38070.474
6.8915484	37233.251
6.8979312	36884.970
6.9043140	36908.500
6.9106969	37172.695
6.9170797	37528.176
6.9234625	37844.762
6.9298453	38121.200
6.9362281	38387.164
6.9426109	38661.664
6.9489938	38920.715
6.9553766	39337.632
6.9617594	39988.890
6.9681422	41013.518
6.9745250	42238.317
6.9809079	43579.056
6.9872907	44971.805
6.9936735	46175.777
7.0000563	47268.436
7.0064391	48019.227
7.0128219	48461.704
7.0192048	48473.771
7.0255876	48002.330
7.0319704	47084.264
7.0383532	45754.086
7.0447360	44264.801
7.0511189	42878.583
7.0575017	41679.922
7.0638845	40927.833
7.0702673	40644.316
7.0766501	40895.716
7.0830329	41583.978
7.0894158	42540.913
7.0957986	43633.564
7.1021814	44794.329
7.1085642	46035.642
7.1149470	47214.300
7.1213299	48268.578
7.1277127	49121.438
7.1340955	49590.813
7.1404783	49707.791
7.1468611	49507.022
7.1532439	49103.293
7.1596268	48471.121
7.1660096	47654.609
7.1723924	46583.034
7.1787752	45425.228
7.1851580	44251.371
7.1915409	43254.980
7.1979237	42362.279
7.2043065	41662.162
7.2106893	41062.400
7.2170721	40662.517
7.2234550	40470.956
7.2298378	40507.388
7.2362206	40843.657
7.2426034	41490.271
7.2489862	42455.162
7.2553690	43774.374
7.2617519	45184.910
7.2681347	46677.027
7.2745175	47956.255
7.2809003	49013.933
7.2872831	49718.299
7.2936660	50073.033
7.3000488	50054.757
7.3064316	49531.413
7.3128144	48485.923
7.3191972	47014.758
7.3255800	45184.662
7.3319629	43455.563
7.3383457	41912.807
7.3447285	40988.222
7.3511113	40901.722
7.3574941	41783.138
7.3638770	43535.411
7.3702598	46036.043
7.3766426	48846.551
7.3830254	51948.466
7.3894082	54865.230
7.3957910	57649.067
7.4021739	59836.797
7.4085567	61375.913
7.4149395	61903.792
7.4213223	61388.106
7.4277051	59891.713
7.4340880	57794.814
7.4404708	55106.413
7.4468536	52368.070
7.4532364	49533.234
7.4596192	47030.596
7.4660020	44760.439
7.4723849	42951.808
7.4787677	41455.697
7.4851505	40243.805
7.4915333	39220.195
7.4979161	38357.116
7.5042990	37610.945
7.5106818	36886.804
7.5170646	36195.192
7.5234474	35452.852
7.5298302	34705.661
7.5362131	33946.252
7.5425959	33284.829
7.5489787	32686.004
7.5553615	32236.348
7.5617443	31952.055
7.5681271	31850.551
7.5745100	31878.600
7.5808928	32039.522
7.5872756	32250.170
7.5936584	32586.464
7.6000412	32923.103
7.6064241	33284.395
7.6128069	33548.668
7.6191897	33775.482
7.6255725	33928.273
7.6319553	34047.766
7.6383381	34203.746
7.6447210	34417.371
7.6511038	34795.037
7.6574866	35428.230
7.6638694	36364.261
7.6702522	37460.075
7.6766351	38726.321
7.6830179	39977.515
7.6894007	41158.722
7.6957835	42085.853
7.7021663	42770.204
7.7085491	43140.564
7.7149320	43083.743
7.7213148	42596.403
7.7276976	41700.634
7.7340804	40475.417
7.7404632	39126.716
7.7468461	37711.128
7.7532289	36457.562
7.7596117	35387.971
7.7659945	34571.479
7.7723773	34048.584
7.7787601	33773.708
7.7851430	33753.260
7.7915258	33881.325
7.7979086	34096.527
7.8042914	34359.712
7.8106742	34606.946
7.8170571	34771.871
7.8234399	34836.718
7.8298227	34770.100
7.8362055	34641.592
7.8425883	34438.492
7.8489712	34132.826
7.8553540	33741.683
7.8617368	33250.891
7.8681196	32772.923
7.8745024	32369.256
7.8808852	32149.986
7.8872681	32094.129
7.8936509	32248.737
7.9000337	32601.283
7.9064165	33091.643
7.9127993	33607.841
7.9191822	34121.519
7.9255650	34561.725
7.9319478	34936.039
7.9383306	35155.153
7.9447134	35244.718
7.9510962	35221.248
7.9574791	35069.238
7.9638619	34782.146
7.9702447	34457.385
7.9766275	34146.369
7.9830103	33936.088
7.9893932	33800.403
7.9957760	33789.763
8.0021588	33870.726
8.0085416	33980.670
8.0149244	34066.057
8.0213072	34080.307
8.0276901	34024.245
8.0340729	33906.765
8.0404557	33725.373
8.0468385	33528.553
8.0532213	33338.881
8.0596042	33200.914
8.0659870	33061.410
8.0723698	32976.881
8.0787526	32966.865
8.0851354	33041.751
8.0915182	33180.513
8.0979011	33355.743
8.1042839	33444.546
8.1106667	33515.628
8.1170495	33523.180
8.1234323	33474.553
8.1298152	33340.639
8.1361980	33252.238
8.1425808	33256.953
8.1489636	33349.915
8.1553464	33649.589
8.1617293	34081.826
8.1681121	34694.851
8.1744949	35414.762
8.1808777	36339.372
8.1872605	37265.815
8.1936433	38201.772
8.2000262	38937.730
8.2064090	39425.323
8.2127918	39623.027
8.2191746	39489.786
8.2255574	39050.964
8.2319403	38373.071
8.2383231	37520.187
8.2447059	36575.123
8.2510887	35547.153
8.2574715	34647.886
8.2638543	33791.184
8.2702372	33080.692
8.2766200	32496.409
8.2830028	32059.433
8.2893856	31765.690
8.2957684	31656.841
8.3021513	31622.588
8.3085341	31590.790
8.3149169	31570.652
8.3212997	31560.165
8.3276825	31564.044
8.3340653	31619.235
8.3404482	31677.992
8.3468310	31694.320
8.3532138	31703.697
8.3595966	31662.292
8.3659794	31548.248
8.3723623	31407.205
8.3787451	31323.439
8.3851279	31353.748
8.3915107	31556.859
8.3978935	31963.682
8.4042763	32575.884
8.4106592	33317.482
8.4170420	34175.336
8.4234248	35109.569
8.4298076	35999.540
8.4361904	36766.798
8.4425733	37352.952
8.4489561	37773.058
8.4553389	37820.957
8.4617217	37625.088
8.4681045	37191.453
8.4744874	36551.133
8.4808702	35755.985
8.4872530	34870.983
8.4936358	34008.661
8.5000186	33184.015
8.5064014	32453.613
8.5127843	31855.978
8.5191671	31346.916
8.5255499	30916.517
8.5319327	30559.056
8.5383155	30250.145
8.5446984	30020.389
8.5510812	29871.182
8.5574640	29758.299
8.5638468	29666.495
8.5702296	29654.982
8.5766124	29735.491
8.5829953	29908.469
8.5893781	30125.327
8.5957609	30408.449
8.6021437	30713.587
8.6085265	31079.039
8.6149094	31486.402
8.6212922	31886.418
8.6276750	32310.893
8.6340578	32707.299
8.6404406	33070.882
8.6468234	33409.519
8.6532063	33745.247
8.6595891	34023.747
8.6659719	34240.040
8.6723547	34434.784
8.6787375	34557.871
8.6851204	34608.101
8.6915032	34558.913
8.6978860	34467.660
8.7042688	34271.803
8.7106516	34042.452
8.7170344	33819.694
8.7234173	33642.711
8.7298001	33479.938
8.7361829	33338.793
8.7425657	33236.610
8.7489485	33186.600
8.7553314	33170.999
8.7617142	33210.644
8.7680970	33323.605
8.7744798	33536.733
8.7808626	33906.752
8.7872455	34311.513
8.7936283	34741.055
8.8000111	35128.065
8.8063939	35452.822
8.8127767	35721.210
8.8191595	35928.508
8.8255424	35989.615
8.8319252	35913.526
8.8383080	35674.373
8.8446908	35361.452
8.8510736	34975.912
8.8574565	34611.212
8.8638393	34385.061
8.8702221	34357.583
8.8766049	34518.271
8.8829877	34860.083
8.8893705	35273.057
8.8957534	35735.503
8.9021362	36164.479
8.9085190	36448.263
8.9149018	36569.413
8.9212846	36471.154
8.9276675	36217.322
8.9340503	35752.951
8.9404331	35128.443
8.9468159	34443.892
8.9531987	33775.054
8.9595815	33167.016
8.9659644	32663.888
8.9723472	32300.692
8.9787300	32076.013
8.9851128	31915.687
8.9914956	31839.277
8.9978785	31816.197
9.0042613	31838.524
9.0106441	31876.435
9.0170269	31999.460
9.0234097	32133.383
9.0297925	32258.440
9.0361754	32354.680
9.0425582	32468.697
9.0489410	32586.454
9.0553238	32734.714
9.0617066	32871.655
9.0680895	32953.791
9.0744723	32934.147
9.0808551	32820.533
9.0872379	32666.343
9.0936207	32492.513
9.1000035	32342.887
9.1063864	32251.563
9.1127692	32307.379
9.1191520	32589.100
9.1255348	33017.464
9.1319176	33576.099
9.1383005	34210.050
9.1446833	34833.377
9.1510661	35408.865
9.1574489	35896.756
9.1638317	36217.872
9.1702146	36394.924
9.1765974	36347.672
9.1829802	36118.556
9.1893630	35745.165
9.1957458	35289.824
9.2021286	34781.125
9.2085115	34277.064
9.2148943	33808.785
9.2212771	33447.658
9.2276599	33247.144
9.2340427	33128.825
9.2404256	33064.720
9.2468084	32988.314
9.2531912	32913.878
9.2595740	32769.234
9.2659568	32609.175
9.2723396	32414.321
9.2787225	32222.354
9.2851053	32017.462
9.2914881	31817.638
9.2978709	31701.740
9.3042537	31694.719
9.3106366	31866.493
9.3170194	32174.479
9.3234022	32715.010
9.3297850	33387.955
9.3361678	34215.811
9.3425506	34993.309
9.3489335	35716.904
9.3553163	36267.949
9.3616991	36645.627
9.3680819	36741.632
9.3744647	36563.234
9.3808476	36029.709
9.3872304	35307.308
9.3936132	34403.116
9.3999960	33447.435
9.4063788	32467.356
9.4127616	31673.188
9.4191445	30931.887
9.4255273	30350.195
9.4319101	29866.970
9.4382929	29516.031
9.4446757	29223.494
9.4510586	28973.787
9.4574414	28808.057
9.4638242	28672.580
9.4702070	28526.255
9.4765898	28423.282
9.4829727	28339.401
9.4893555	28333.179
9.4957383	28356.063
9.5021211	28423.935
9.5085039	28553.735
9.5148867	28765.278
9.5212696	29046.216
9.5276524	29340.061
9.5340352	29716.291
9.5404180	30152.664
9.5468008	30572.387
9.5531837	31012.806
9.5595665	31426.585
9.5659493	31768.954
9.5723321	32012.822
9.5787149	32128.685
9.5850977	32128.272
9.5914806	31968.314
9.5978634	31717.923
9.6042462	31368.006
9.6106290	30939.368
9.6170118	30496.423
9.6233947	30070.964
9.6297775	29653.808
9.6361603	29257.275
9.6425431	28904.358
9.6489259	28643.086
9.6553087	28500.090
9.6616916	28405.830
9.6680744	28379.892
9.6744572	28390.784
9.6808400	28426.028
9.6872228	28504.004
9.6936057	28553.716
9.6999885	28585.267
9.7063713	28606.169
9.7127541	28654.815
9.7191369	28713.060
9.7255197	28773.662
9.7319026	28816.297
9.7382854	28874.440
9.7446682	29015.400
9.7510510	29190.181
9.7574338	29407.192
9.7638167	29647.695
9.7701995	29917.805
9.7765823	30134.757
9.7829651	30330.978
9.7893479	30445.741
9.7957308	30484.579
9.8021136	30417.690
9.8084964	30226.139
9.8148792	29946.484
9.8212620	29601.797
9.8276448	29237.516
9.8340277	28876.349
9.8404105	28501.259
9.8467933	28134.569
9.8531761	27818.919
9.8595589	27573.439
9.8659418	27343.854
9.8723246	27119.873
9.8787074	26923.208
9.8850902	26783.357
9.8914730	26672.674
9.8978558	26594.996
9.9042387	26575.423
9.9106215	26617.866
9.9170043	26717.812
9.9233871	26847.931
9.9297699	26979.469
9.9361528	27151.183
9.9425356	27354.363
9.9489184	27527.664
9.9553012	27758.233
9.9616840	27964.507
9.9680668	28119.527
9.9744497	28202.981
9.9808325	28284.594
9.9872153	28328.385
9.9935981	28341.123
9.9999809	28282.531
10.006364	28155.194
10.012747	27950.356
10.019129	27731.097
10.025512	27446.567
10.031895	27210.126
10.038278	26990.480
10.044661	26770.797
10.051043	26565.949
10.057426	26441.960
10.063809	26376.484
10.070192	26369.936
10.076575	26407.516
10.082958	26510.723
10.089340	26652.477
10.095723	26849.984
10.102106	27063.267
10.108489	27274.821
10.114872	27478.740
10.121254	27679.094
10.127637	27861.877
10.134020	28003.934
10.140403	28107.011
10.146786	28197.829
10.153169	28313.887
10.159551	28438.499
10.165934	28661.612
10.172317	28897.871
10.178700	29140.657
10.185083	29413.993
10.191465	29686.110
10.197848	29925.655
10.204231	30068.288
10.210614	30131.195
10.216997	30088.092
10.223380	29935.898
10.229762	29668.660
10.236145	29297.438
10.242528	28887.986
10.248911	28474.222
10.255294	28101.852
10.261676	27766.437
10.268059	27457.906
10.274442	27221.147
10.280825	27033.897
10.287208	26916.103
10.293591	26828.313
10.299973	26771.991
10.306356	26787.924
10.312739	26864.639
10.319122	26949.459
10.325505	27059.705
10.331887	27184.604
10.338270	27294.775
10.344653	27414.775
10.351036	27474.922
10.357419	27586.438
10.363802	27700.554
10.370184	27808.047
10.376567	27923.117
10.382950	28132.277
10.389333	28351.992
10.395716	28539.792
10.402098	28717.694
10.408481	28878.121
10.414864	28966.505
10.421247	28991.881
10.427630	28959.383
10.434013	28896.069
10.440395	28767.432
10.446778	28564.613
10.453161	28354.977
10.459544	28190.524
10.465927	28068.503
10.472309	27980.007
10.478692	27945.441
10.485075	27950.626
10.491458	28032.363
10.497841	28105.179
10.504224	28150.919
10.510606	28147.584
10.516989	28150.140
10.523372	28125.192
10.529755	28103.451
10.536138	28106.840
10.542520	28124.319
10.548903	28163.707
10.555286	28239.510
10.561669	28378.450
10.568052	28577.281
10.574435	28789.498
10.580817	29005.454
10.587200	29164.668
10.593583	29213.463
10.599966	29172.827
10.606349	29042.905
10.612732	28800.436
10.619114	28481.718
10.625497	28118.515
10.631880	27733.654
10.638263	27384.743
10.644646	27076.805
10.651028	26847.056
10.657411	26692.494
10.663794	26608.631
10.670177	26597.318
10.676560	26641.429
10.682943	26711.703
10.689325	26820.968
10.695708	26953.745
10.702091	27037.214
10.708474	27115.340
10.714857	27209.924
10.721239	27249.878
10.727622	27243.400
10.734005	27246.530
10.740388	27238.181
10.746771	27259.015
10.753154	27264.931
10.759536	27270.451
10.765919	27302.252
10.772302	27395.161
10.778685	27456.766
10.785068	27508.463
10.791450	27517.744
10.797833	27500.749
10.804216	27408.531
10.810599	27299.475
10.816982	27126.322
10.823365	26894.353
10.829747	26608.019
10.836130	26372.727
10.842513	26200.016
10.848896	26069.580
10.855279	25961.553
10.861661	25859.539
10.868044	25819.568
10.874427	25803.786
10.880810	25758.592
10.887193	25692.945
10.893576	25623.233
10.899958	25597.823
10.906341	25572.515
10.912724	25560.141
10.919107	25510.122
10.925490	25456.792
10.931872	25448.432
10.938255	25490.180
10.944638	25527.312
10.951021	25582.592
10.957404	25683.889
10.963787	25808.381
10.970169	25948.893
10.976552	26115.464
10.982935	26207.187
10.989318	26281.740
10.995701	26312.047
11.002083	26315.683
11.008466	26242.314
11.014849	26144.828
11.021232	26026.968
11.027615	25852.941
11.033998	25650.459
11.040380	25475.912
11.046763	25326.135
11.053146	25200.536
11.059529	25093.724
11.065912	25020.486
11.072294	24957.330
11.078677	24911.524
11.085060	24876.558
11.091443	24866.378
11.097826	24911.478
11.104209	24918.915
11.110591	24945.353
11.116974	24998.720
11.123357	25101.896
11.129740	25192.858
11.136123	25258.014
11.142505	25314.985
11.148888	25351.821
11.155271	25430.918
11.161654	25500.161
11.168037	25485.177
11.174420	25439.293
11.180802	25380.183
11.187185	25347.413
11.193568	25332.082
11.199951	25285.897
11.206334	25230.006
11.212716	25222.008
11.219099	25238.620
11.225482	25252.389
11.231865	25281.436
11.238248	25294.486
11.244631	25290.917
11.251013	25270.979
11.257396	25266.301
11.263779	25254.800
11.270162	25213.523
11.276545	25189.824
11.282927	25178.543
11.289310	25196.879
11.295693	25259.509
11.302076	25368.688
11.308459	25518.794
11.314842	25696.392
11.321224	25877.101
11.327607	26052.774
11.333990	26201.189
11.340373	26279.108
11.346756	26276.581
11.353138	26159.256
11.359521	25982.313
11.365904	25781.676
11.372287	25519.393
11.378670	25249.080
11.385053	24987.198
11.391435	24784.586
11.397818	24587.006
11.404201	24429.997
11.410584	24272.803
11.416967	24164.552
11.423349	24038.061
11.429732	23937.662
11.436115	23861.261
11.442498	23794.471
11.448881	23729.628
11.455264	23709.093
11.461646	23767.710
11.468029	23862.642
11.474412	23951.769
11.480795	24020.885
11.487178	24154.194
11.493560	24260.580
11.499943	24348.884
11.506326	24411.942
11.512709	24490.264
11.519092	24569.285
11.525475	24607.917
11.531857	24584.259
11.538240	24540.841
11.544623	24486.233
11.551006	24398.135
11.557389	24308.160
11.563771	24201.832
11.570154	24094.115
11.576537	24009.965
11.582920	23959.454
11.589303	23958.369
11.595686	23986.314
11.602068	24034.774
11.608451	24032.334
11.614834	24070.325
11.621217	24117.248
11.627600	24120.704
11.633982	24076.626
11.640365	24059.312
11.646748	24045.413
11.653131	24020.574
11.659514	23965.668
11.665897	23925.261
11.672279	23892.885
11.678662	23867.548
11.685045	23817.984
11.691428	23795.539
11.697811	23776.842
11.704193	23740.292
11.710576	23690.972
11.716959	23656.414
11.723342	23593.027
11.729725	23525.936
11.736108	23453.592
11.742490	23377.424
11.748873	23288.110
11.755256	23201.858
11.761639	23115.285
11.768022	23048.052
11.774404	23005.728
11.780787	22991.247
11.787170	23006.347
11.793553	23044.740
11.799936	23041.215
11.806319	23043.588
11.812701	23105.741
11.819084	23200.960
11.825467	23296.336
11.831850	23383.073
11.838233	23499.052
11.844615	23638.123
11.850998	23769.597
11.857381	23967.893
11.863764	24133.530
11.870147	24269.341
11.876530	24338.880
11.882912	24406.852
11.889295	24453.005
11.895678	24458.433
11.902061	24389.262
11.908444	24292.929
11.914826	24201.316
11.921209	24070.190
11.927592	23929.810
11.933975	23812.792
11.940358	23740.071
11.946741	23712.579
11.953123	23721.252
11.959506	23761.088
11.965889	23789.199
11.972272	23797.484
11.978655	23859.419
11.985037	23899.363
11.991420	23930.161
11.997803	23977.474
12.004186	24041.296
12.010569	24064.487
12.016952	24050.946
12.023334	24041.228
12.029717	24030.988
12.036100	24037.692
12.042483	24029.772
12.048866	24031.105
12.055248	24015.121
12.061631	24009.176
12.068014	23999.429
12.074397	23988.241
12.080780	23995.747
12.087163	23984.673
12.093545	24005.074
12.099928	24034.653
12.106311	24075.714
12.112694	24096.328
12.119077	24136.258
12.125459	24199.572
12.131842	24263.210
12.138225	24292.175
12.144608	24302.168
12.150991	24332.599
12.157374	24363.965
12.163756	24394.384
12.170139	24389.457
12.176522	24411.736
12.182905	24413.230
12.189288	24386.721
12.195670	24353.400
12.202053	24340.603
12.208436	24342.885
12.214819	24320.052
12.221202	24295.801
12.227585	24273.193
12.233967	24247.844
12.240350	24225.330
12.246733	24175.404
12.253116	24107.336
12.259499	24104.207
12.265881	24129.390
12.272264	24133.922
12.278647	24126.586
12.285030	24126.564
12.291413	24152.610
12.297796	24154.635
12.304178	24175.209
12.310561	24184.862
12.316944	24189.643
12.323327	24189.358
12.329710	24178.170
12.336092	24175.293
12.342475	24163.055
12.348858	24184.147
12.355241	24230.484
12.361624	24251.032
12.368007	24318.862
12.374389	24352.129
12.380772	24341.428
12.387155	24312.602
12.393538	24261.965
12.399921	24189.745
12.406303	24057.850
12.412686	23932.312
12.419069	23853.711
12.425452	23753.717
12.431835	23664.254
12.438218	23585.006
12.444600	23523.761
12.450983	23448.364
12.457366	23382.304
12.463749	23346.938
12.470132	23309.076
12.476514	23257.014
12.482897	23199.052
12.489280	23218.350
12.495663	23242.883
12.502046	23275.776
12.508429	23300.659
12.514811	23338.892
12.521194	23356.822
12.527577	23375.390
12.533960	23388.313
12.540343	23408.641
12.546725	23466.533
12.553108	23498.463
12.559491	23489.773
12.565874	23437.992
12.572257	23379.695
12.578640	23331.984
12.585022	23284.333
12.591405	23220.548
12.597788	23164.109
12.604171	23129.879
12.610554	23065.883
12.616936	23035.039
12.623319	23027.956
12.629702	22987.387
12.636085	22973.025
12.642468	22941.961
12.648851	22920.647
12.655233	22874.267
12.661616	22832.160
12.667999	22793.784
12.674382	22806.131
12.680765	22807.953
12.687147	22829.225
12.693530	22859.643
12.699913	22869.894
12.706296	22892.519
12.712679	22898.174
12.719062	22869.261
12.725444	22843.185
12.731827	22809.949
12.738210	22749.211
12.744593	22652.089
12.750976	22517.891
12.757358	22413.799
12.763741	22346.034
12.770124	22293.515
12.776507	22210.339
12.782890	22099.903
12.789273	22034.645
12.795655	21972.533
12.802038	21945.417
12.808421	21910.872
12.814804	21903.514
12.821187	21910.040
12.827569	21951.722
12.833952	21994.406
12.840335	22065.196
12.846718	22115.339
12.853101	22154.339
12.859484	22204.485
12.865866	22234.175
12.872249	22258.044
12.878632	22283.305
12.885015	22273.183
12.891398	22279.725
12.897780	22273.131
12.904163	22211.906
12.910546	22136.032
12.916929	22105.712
12.923312	22106.562
12.929695	22058.015
12.936077	22020.483
12.942460	22012.298
12.948843	22005.752
12.955226	21966.533
12.961609	21932.997
12.967991	21927.414
12.974374	21911.014
12.980757	21888.683
12.987140	21855.925
12.993523	21818.249
12.999906	21832.279
13.006288	21863.605
13.012671	21875.603
13.019054	21853.403
13.025437	21801.739
13.031820	21755.668
13.038202	21737.642
13.044585	21687.266
13.050968	21613.000
13.057351	21501.401
13.063734	21392.584
13.070117	21305.927
13.076499	21242.835
13.082882	21152.676
13.089265	21113.435
13.095648	21112.456
13.102031	21074.793
13.108413	21031.240
13.114796	21013.562
13.121179	21041.370
13.127562	21064.013
13.133945	21077.106
13.140328	21094.706
13.146710	21098.305
13.153093	21064.513
13.159476	21066.552
13.165859	21062.959
13.172242	21050.964
13.178624	21080.682
13.185007	21106.055
13.191390	21096.348
13.197773	21067.100
13.204156	21062.577
13.210539	21081.428
13.216921	21048.580
13.223304	21004.080
13.229687	20986.125
13.236070	21006.593
13.242453	21062.537
13.248835	21074.662
13.255218	21051.184
13.261601	21083.277
13.267984	21121.243
13.274367	21145.249
13.280750	21109.876
13.287132	21102.284
13.293515	21111.536
13.299898	21080.459
13.306281	21022.238
13.312664	20992.449
13.319046	20969.854
13.325429	20943.509
13.331812	20868.938
13.338195	20807.738
13.344578	20786.465
13.350961	20752.251
13.357343	20682.293
13.363726	20590.389
13.370109	20519.886
13.376492	20458.421
13.382875	20414.536
13.389257	20392.327
13.395640	20360.102
13.402023	20358.324
13.408406	20392.146
13.414789	20441.794
13.421172	20453.709
13.427554	20478.727
13.433937	20489.490
13.440320	20530.995
13.446703	20572.240
13.453086	20617.179
13.459468	20686.866
13.465851	20714.541
13.472234	20747.286
13.478617	20810.398
13.485000	20858.583
13.491383	20869.286
13.497765	20865.900
13.504148	20867.493
13.510531	20824.093
13.516914	20774.207
13.523297	20716.738
13.529679	20623.343
13.536062	20523.208
13.542445	20450.515
13.548828	20383.331
13.555211	20341.401
13.561594	20302.406
13.567976	20266.668
13.574359	20255.780
13.580742	20246.415
13.587125	20253.569
13.593508	20281.870
13.599890	20341.967
13.606273	20380.405
13.612656	20397.263
13.619039	20426.465
13.625422	20443.882
13.631805	20452.139
13.638187	20475.209
13.644570	20495.113
13.650953	20489.044
13.657336	20455.058
13.663719	20434.709
13.670101	20430.329
13.676484	20372.958
13.682867	20335.268
13.689250	20281.943
13.695633	20285.780
13.702016	20283.377
13.708398	20276.120
13.714781	20221.818
13.721164	20209.061
13.727547	20197.944
13.733930	20193.707
13.740312	20154.757
13.746695	20149.785
13.753078	20117.674
13.759461	20113.911
13.765844	20130.893
13.772227	20169.371
13.778609	20169.296
13.784992	20145.365
13.791375	20112.272
13.797758	20090.699
13.804141	20084.685
13.810524	20058.775
13.816906	20019.641
13.823289	19997.323
13.829672	19973.621
13.836055	19995.391
13.842438	20070.252
13.848820	20113.005
13.855203	20126.687
13.861586	20145.802
13.867969	20175.787
13.874352	20182.433
13.880735	20170.542
13.887117	20168.168
13.893500	20196.947
13.899883	20215.612
13.906266	20189.794
13.912649	20187.571
13.919031	20150.319
13.925414	20142.747
13.931797	20110.653
13.938180	20127.669
13.944563	20148.501
13.950946	20107.784
13.957328	20095.975
13.963711	20110.901
13.970094	20068.896
13.976477	19993.396
13.982860	19961.622
13.989242	19958.838
13.995625	19945.672
14.002008	19922.346
14.008391	19909.386
14.014774	19885.335
14.021157	19883.235
14.027539	19904.366
14.033922	19896.625
14.040305	19882.578
14.046688	19883.955
14.053071	19917.514
14.059453	19979.717
14.065836	20011.884
14.072219	20022.429
14.078602	20039.527
14.084985	20052.215
14.091368	20055.442
14.097750	20038.554
14.104133	20021.358
14.110516	19978.008
14.116899	19918.181
14.123282	19850.243
14.129664	19798.351
14.136047	19762.508
14.142430	19757.716
14.148813	19728.009
14.155196	19697.771
14.161579	19704.343
14.167961	19739.943
14.174344	19745.416
14.180727	19770.250
14.187110	19763.203
14.193493	19767.907
14.199875	19783.311
14.206258	19822.082
14.212641	19848.957
14.219024	19843.897
14.225407	19850.179
14.231790	19814.247
14.238172	19769.281
14.244555	19742.235
14.250938	19729.363
14.257321	19673.608
14.263704	19579.635
14.270086	19533.069
14.276469	19477.888
14.282852	19398.943
14.289235	19355.781
14.295618	19340.700
14.302001	19319.591
14.308383	19316.940
14.314766	19322.753
14.321149	19309.214
14.327532	19286.487
14.333915	19260.440
14.340297	19250.494
14.346680	19264.133
14.353063	19249.746
14.359446	19257.046
14.365829	19313.048
14.372212	19377.816
14.378594	19374.952
14.384977	19317.139
14.391360	19288.620
14.397743	19279.937
14.404126	19278.358
14.410508	19269.721
14.416891	19238.479
14.423274	19192.687
14.429657	19171.607
14.436040	19156.255
14.442423	19153.546
14.448805	19146.288
14.455188	19121.923
14.461571	19126.091
14.467954	19117.189
14.474337	19083.634
14.480719	19105.225
14.487102	19112.158
14.493485	19130.257
14.499868	19129.330
14.506251	19113.482
14.512634	19107.068
14.519016	19097.106
14.525399	19095.266
14.531782	19100.882
14.538165	19061.753
14.544548	19020.829
14.550930	18995.574
14.557313	18996.193
14.563696	19040.185
14.570079	19062.511
14.576462	19057.743
14.582845	19045.992
14.589227	19040.427
14.595610	19058.634
14.601993	19069.912
14.608376	19057.639
14.614759	19050.720
14.621141	19068.532
14.627524	19092.198
14.633907	19056.507
14.640290	19048.749
14.646673	19096.234
14.653056	19122.044
14.659438	19121.688
14.665821	19073.416
14.672204	19016.293
14.678587	18985.126
14.684970	18930.389
14.691352	18885.489
14.697735	18858.118
14.704118	18861.488
14.710501	18865.757
14.716884	18848.684
14.723267	18829.428
14.729649	18824.256
14.736032	18799.520
14.742415	18756.764
14.748798	18730.612
14.755181	18747.867
14.761563	18707.584
14.767946	18632.086
14.774329	18607.135
14.780712	18589.994
14.787095	18578.563
14.793478	18564.884
14.799860	18541.601
14.806243	18519.855
14.812626	18553.659
14.819009	18553.788
14.825392	18563.037
14.831774	18604.950
14.838157	18627.077
14.844540	18620.950
14.850923	18623.644
14.857306	18645.935
14.863689	18625.595
14.870071	18579.476
14.876454	18565.528
14.882837	18592.215
14.889220	18618.846
14.895603	18600.894
14.901985	18566.491
14.908368	18558.930
14.914751	18545.004
14.921134	18521.701
14.927517	18535.763
14.933900	18545.272
14.940282	18512.777
14.946665	18495.367
14.953048	18487.462
14.959431	18472.237
14.965814	18473.975
14.972196	18453.421
14.978579	18433.541
14.984962	18383.773
14.991345	18363.481
14.997728	18337.244
15.004111	18329.154
15.010493	18349.465
15.016876	18377.807
15.023259	18376.065
15.029642	18407.516
15.036025	18397.564
15.042407	18382.415
15.048790	18375.833
15.055173	18385.408
15.061556	18385.339
15.067939	18389.539
15.074322	18398.711
15.080704	18409.342
15.087087	18380.643
15.093470	18320.017
15.099853	18297.667
15.106236	18325.623
15.112618	18349.785
15.119001	18387.196
15.125384	18403.683
15.131767	18416.333
15.138150	18372.399
15.144533	18322.251
15.150915	18335.403
15.157298	18344.073
15.163681	18342.378
15.170064	18328.281
15.176447	18309.561
15.182829	18327.201
15.189212	18356.428
15.195595	18380.064
15.201978	18370.711
15.208361	18354.582
15.214744	18364.386
15.221126	18363.678
15.227509	18340.347
15.233892	18344.217
15.240275	18350.226
15.246658	18365.318
15.253040	18348.858
15.259423	18308.715
15.265806	18316.611
15.272189	18312.286
15.278572	18343.881
15.284955	18371.814
15.291337	18350.367
15.297720	18313.112
15.304103	18352.470
15.310486	18367.585
15.316869	18390.810
15.323251	18441.367
15.329634	18454.493
15.336017	18430.988
15.342400	18410.034
15.348783	18434.320
15.355166	18454.298
15.361548	18461.309
15.367931	18422.972
15.374314	18359.410
15.380697	18337.700
15.387080	18352.067
15.393462	18345.364
15.399845	18339.758
15.406228	18342.855
15.412611	18354.028
15.418994	18329.980
15.425377	18346.931
15.431759	18399.107
15.438142	18427.395
15.444525	18436.803
15.450908	18421.812
15.457291	18408.004
15.463673	18416.571
15.470056	18413.461
15.476439	18397.856
15.482822	18401.290
15.489205	18395.266
15.495588	18401.733
15.501970	18406.045
15.508353	18367.966
15.514736	18315.585
15.521119	18282.178
15.527502	18290.782
15.533884	18347.602
15.540267	18350.589
15.546650	18361.926
15.553033	18407.035
15.559416	18399.156
15.565799	18399.053
15.572181	18417.654
15.578564	18426.293
15.584947	18421.872
15.591330	18416.449
15.597713	18406.138
15.604095	18400.442
15.610478	18420.380
15.616861	18417.120
15.623244	18357.070
15.629627	18357.814
15.636010	18356.183
15.642392	18317.802
15.648775	18277.328
15.655158	18249.933
15.661541	18229.669
15.667924	18212.624
15.674306	18192.677
15.680689	18173.895
15.687072	18146.486
15.693455	18136.669
15.699838	18175.224
15.706221	18235.677
15.712603	18219.033
15.718986	18180.867
15.725369	18193.843
15.731752	18247.786
15.738135	18275.801
15.744517	18221.959
15.750900	18212.378
15.757283	18247.888
15.763666	18256.524
15.770049	18236.103
15.776432	18197.502
15.782814	18189.810
15.789197	18204.069
15.795580	18250.119
15.801963	18279.831
15.808346	18262.253
15.814728	18228.583
15.821111	18196.541
15.827494	18201.598
15.833877	18218.145
15.840260	18212.501
15.846643	18195.166
15.853025	18151.917
15.859408	18132.815
15.865791	18119.124
15.872174	18127.013
15.878557	18101.568
15.884939	18078.390
15.891322	18040.833
15.897705	17988.523
15.904088	17968.956
15.910471	17916.068
15.916854	17855.135
15.923236	17836.304
15.929619	17873.098
15.936002	17878.350
15.942385	17834.348
15.948768	17826.224
15.955150	17791.584
15.961533	17755.457
15.967916	17761.873
15.974299	17761.679
15.980682	17768.593
15.987065	17773.934
15.993447	17763.404
15.999830	17760.948
16.006213	17748.930
16.012596	17750.587
16.018979	17757.797
16.025361	17795.982
16.031744	17786.622
16.038127	17743.212
16.044510	17710.133
16.050893	17681.236
16.057276	17617.063
16.063658	17618.874
16.070041	17629.425
16.076424	17592.267
16.082807	17585.693
16.089190	17593.462
16.095572	17595.121
16.101955	17614.165
16.108338	17614.204
16.114721	17596.876
16.121104	17602.573
16.127487	17587.637
16.133869	17575.149
16.140252	17565.016
16.146635	17557.861
16.153018	17541.236
16.159401	17557.278
16.165783	17519.366
16.172166	17488.152
16.178549	17468.278
16.184932	17482.474
16.191315	17455.614
16.197698	17431.557
16.204080	17410.286
16.210463	17421.283
16.216846	17456.569
16.223229	17464.750
16.229612	17420.344
16.235994	17414.032
16.242377	17432.730
16.248760	17427.399
16.255143	17413.478
16.261526	17386.174
16.267909	17369.306
16.274291	17350.039
16.280674	17313.004
16.287057	17282.703
16.293440	17283.663
16.299823	17291.568
16.306205	17264.183
16.312588	17228.852
16.318971	17194.868
16.325354	17177.536
16.331737	17148.792
16.338120	17117.989
16.344502	17155.283
16.350885	17164.700
16.357268	17132.312
16.363651	17127.812
16.370034	17097.333
16.376416	17094.240
16.382799	17092.437
16.389182	17107.381
16.395565	17141.057
16.401948	17090.337
16.408331	16985.963
16.414713	16985.315
16.421096	16997.611
16.427479	16980.531
16.433862	16921.893
16.440245	16873.915
16.446627	16888.688
16.453010	16901.224
16.459393	16931.748
16.465776	16976.427
16.472159	16967.573
16.478542	16949.670
16.484924	16933.913
16.491307	16925.815
16.497690	16939.897
16.504073	16925.309
16.510456	16919.598
16.516838	16910.185
16.523221	16921.636
16.529604	16945.081
16.535987	16943.307
16.542370	16897.830
16.548753	16877.270
16.555135	16877.146
16.561518	16849.159
16.567901	16824.913
16.574284	16823.051
16.580667	16835.240
16.587049	16872.063
16.593432	16842.498
16.599815	16759.261
16.606198	16729.060
16.612581	16734.964
16.618964	16742.307
16.625346	16698.038
16.631729	16664.150
16.638112	16652.158
16.644495	16647.026
16.650878	16670.638
16.657260	16651.885
16.663643	16630.450
16.670026	16615.234
16.676409	16587.355
16.682792	16552.359
16.689175	16535.986
16.695557	16552.259
16.701940	16595.162
16.708323	16582.968
16.714706	16546.750
16.721089	16567.793
16.727471	16561.840
16.733854	16533.474
16.740237	16487.361
16.746620	16489.187
16.753003	16514.088
16.759386	16500.150
16.765768	16511.035
16.772151	16522.353
16.778534	16509.321
16.784917	16492.223
16.791300	16487.958
16.797682	16493.192
16.804065	16494.053
16.810448	16454.235
16.816831	16411.625
16.823214	16443.771
16.829597	16492.066
16.835979	16505.567
16.842362	16463.882
16.848745	16419.484
16.855128	16423.346
16.861511	16440.337
16.867893	16488.538
16.874276	16476.924
16.880659	16459.988
16.887042	16437.906
16.893425	16399.722
16.899808	16414.447
16.906190	16426.817
16.912573	16417.421
16.918956	16414.114
16.925339	16394.960
16.931722	16401.534
16.938104	16406.342
16.944487	16371.372
16.950870	16399.527
16.957253	16380.401
16.963636	16384.951
16.970019	16412.732
16.976401	16378.459
16.982784	16324.379
16.989167	16307.037
16.995550	16333.777
17.001933	16318.335
17.008316	16309.557
17.014698	16298.262
17.021081	16245.253
17.027464	16263.836
17.033847	16314.909
17.040230	16319.699
17.046612	16302.318
17.052995	16273.277
17.059378	16227.149
17.065761	16238.705
17.072144	16258.617
17.078527	16263.597
17.084909	16287.346
17.091292	16340.727
17.097675	16318.123
17.104058	16280.727
17.110441	16278.697
17.116823	16302.344
17.123206	16320.576
17.129589	16310.741
17.135972	16279.569
17.142355	16198.126
17.148738	16182.797
17.155120	16230.004
17.161503	16232.574
17.167886	16230.092
17.174269	16252.410
17.180652	16227.006
17.187034	16215.591
17.193417	16233.775
17.199800	16270.475
17.206183	16295.413
17.212566	16258.429
17.218949	16252.221
17.225331	16273.064
17.231714	16243.429
17.238097	16211.898
17.244480	16222.836
17.250863	16245.155
17.257245	16277.735
17.263628	16274.045
17.270011	16242.705
17.276394	16220.601
17.282777	16235.099
17.289160	16254.685
17.295542	16255.379
17.301925	16249.228
17.308308	16241.787
17.314691	16255.514
17.321074	16244.200
17.327456	16197.638
17.333839	16141.178
17.340222	16118.920
17.346605	16118.761
17.352988	16151.347
17.359371	16182.146
17.365753	16155.646
17.372136	16133.140
17.378519	16135.071
17.384902	16175.952
17.391285	16174.158
17.397667	16153.286
17.404050	16138.534
17.410433	16134.453
17.416816	16153.287
17.423199	16130.852
17.429582	16109.185
17.435964	16122.065
17.442347	16108.047
17.448730	16118.814
17.455113	16137.941
17.461496	16128.117
17.467878	16141.051
17.474261	16148.055
17.480644	16084.250
17.487027	16073.739
17.493410	16076.238
17.499793	16091.240
17.506175	16087.716
17.512558	16099.409
17.518941	16176.203
17.525324	16144.113
17.531707	16086.329
17.538089	16089.810
17.544472	16079.185
17.550855	16038.959
17.557238	16000.938
17.563621	15994.875
17.570004	16021.691
17.576386	16049.571
17.582769	16025.038
17.589152	16001.584
17.595535	15972.696
17.601918	15976.065
17.608300	15999.191
17.614683	15978.946
17.621066	15936.729
17.627449	15909.965
17.633832	15918.037
17.640215	15921.876
17.646597	15923.316
17.652980	15919.047
17.659363	15927.020
17.665746	15889.471
17.672129	15924.119
17.678511	15931.743
17.684894	15887.595
17.691277	15893.546
17.697660	15914.074
17.704043	15890.606
17.710426	15874.160
17.716808	15877.665
17.723191	15868.194
17.729574	15839.072
17.735957	15847.222
17.742340	15866.073
17.748722	15845.725
17.755105	15829.640
17.761488	15812.928
17.767871	15847.059
17.774254	15865.075
17.780637	15849.992
17.787019	15796.503
17.793402	15781.581
17.799785	15736.856
17.806168	15707.823
17.812551	15741.289
17.818933	15760.023
17.825316	15756.807
17.831699	15759.013
17.838082	15756.911
17.844465	15689.592
17.850848	15690.177
17.857230	15744.028
17.863613	15757.074
17.869996	15719.373
17.876379	15688.992
17.882762	15653.270
17.889144	15674.533
17.895527	15689.908
17.901910	15658.130
17.908293	15655.296
17.914676	15666.872
17.921059	15628.069
17.927441	15580.373
17.933824	15629.108
17.940207	15633.242
17.946590	15604.479
17.952973	15610.409
17.959355	15637.096
17.965738	15613.312
17.972121	15627.612
17.978504	15669.010
17.984887	15632.738
17.991270	15600.234
17.997652	15622.560
18.004035	15640.357
18.010418	15646.858
18.016801	15615.578
18.023184	15610.096
18.029566	15617.589
18.035949	15629.528
18.042332	15643.101
18.048715	15660.832
18.055098	15653.809
18.061481	15653.411
18.067863	15623.563
18.074246	15597.294
18.080629	15609.353
18.087012	15605.611
18.093395	15590.398
18.099777	15577.491
18.106160	15588.241
18.112543	15572.191
18.118926	15539.929
18.125309	15538.827
18.131692	15569.561
18.138074	15502.220
18.144457	15518.697
18.150840	15586.686
18.157223	15620.504
18.163606	15601.280
18.169988	15572.579
18.176371	15557.412
18.182754	15561.083
18.189137	15574.234
18.195520	15595.186
18.201903	15573.507
18.208285	15513.557
18.214668	15502.553
18.221051	15499.821
18.227434	15522.690
18.233817	15524.049
18.240199	15519.025
18.246582	15507.229
18.252965	15499.906
18.259348	15559.582
18.265731	15543.660
18.272114	15521.125
18.278496	15523.794
18.284879	15542.198
18.291262	15559.943
18.297645	15527.624
18.304028	15488.295
18.310410	15501.435
18.316793	15496.710
18.323176	15506.210
18.329559	15552.048
18.335942	15507.378
18.342325	15488.045
18.348707	15512.657
18.355090	15512.265
18.361473	15516.599
18.367856	15481.421
18.374239	15481.983
18.380621	15469.429
18.387004	15478.658
18.393387	15496.769
18.399770	15510.338
18.406153	15480.861
18.412536	15460.248
18.418918	15451.034
18.425301	15453.587
18.431684	15442.936
18.438067	15444.508
18.444450	15437.608
18.450832	15398.570
18.457215	15404.646
18.463598	15434.500
18.469981	15477.989
18.476364	15433.676
18.482747	15416.181
18.489129	15385.621
18.495512	15378.785
18.501895	15410.272
18.508278	15408.135
18.514661	15415.971
18.521043	15426.073
18.527426	15434.018
18.533809	15403.757
18.540192	15408.012
18.546575	15426.719
18.552958	15443.625
18.559340	15419.810
18.565723	15448.184
18.572106	15448.913
18.578489	15418.945
18.584872	15414.469
18.591254	15428.249
18.597637	15424.423
18.604020	15442.142
18.610403	15419.295
18.616786	15401.818
18.623169	15417.167
18.629551	15448.668
18.635934	15469.762
18.642317	15480.477
18.648700	15452.687
18.655083	15400.089
18.661465	15352.719
18.667848	15362.402
18.674231	15400.770
18.680614	15395.446
18.686997	15381.659
18.693380	15339.256
18.699762	15299.196
18.706145	15331.182
18.712528	15380.838
18.718911	15372.506
18.725294	15378.366
18.731676	15378.092
18.738059	15342.818
18.744442	15329.872
18.750825	15312.384
18.757208	15332.653
18.763591	15315.449
18.769973	15291.032
18.776356	15306.925
18.782739	15333.355
18.789122	15309.487
18.795505	15269.412
18.801887	15260.509
18.808270	15269.230
18.814653	15277.985
18.821036	15269.251
18.827419	15287.540
18.833802	15333.868
18.840184	15316.693
18.846567	15310.270
18.852950	15297.650
18.859333	15303.734
18.865716	15330.972
18.872098	15309.730
18.878481	15288.430
18.884864	15328.253
18.891247	15324.087
18.897630	15324.695
18.904013	15312.425
18.910395	15328.307
18.916778	15354.992
18.923161	15330.558
18.929544	15389.812
18.935927	15373.879
18.942309	15337.363
18.948692	15319.711
18.955075	15294.701
18.961458	15247.404
18.967841	15239.756
18.974224	15259.887
18.980606	15297.287
18.986989	15305.612
18.993372	15299.306
18.999755	15342.300
19.006138	15324.440
19.012520	15291.510
19.018903	15281.943
19.025286	15267.123
19.031669	15242.240
19.038052	15187.761
19.044435	15161.079
19.050817	15211.449
19.057200	15256.205
19.063583	15243.481
19.069966	15203.868
19.076349	15209.786
19.082731	15220.597
19.089114	15206.479
19.095497	15200.239
19.101880	15237.670
19.108263	15226.674
19.114646	15212.418
19.121028	15168.354
19.127411	15195.627
19.133794	15241.939
19.140177	15228.822
19.146560	15210.879
19.152942	15173.244
19.159325	15138.127
19.165708	15148.133
19.172091	15187.779
19.178474	15161.876
19.184857	15133.686
19.191239	15156.701
19.197622	15173.993
19.204005	15175.432
19.210388	15212.856
19.216771	15164.546
19.223153	15149.193
19.229536	15135.263
19.235919	15110.603
19.242302	15082.783
19.248685	15093.104
19.255068	15129.154
19.261450	15100.243
19.267833	15123.001
19.274216	15136.142
19.280599	15062.788
19.286982	15043.052
19.293364	15059.018
19.299747	15067.667
19.306130	15033.245
19.312513	15045.722
19.318896	15040.862
19.325279	15059.468
19.331661	15087.580
19.338044	15055.388
19.344427	14999.969
19.350810	14970.067
19.357193	15003.185
19.363575	15032.548
19.369958	15014.673
19.376341	15022.652
19.382724	15015.012
19.389107	14990.258
19.395490	15004.512
19.401872	15040.509
19.408255	15049.090
19.414638	14981.376
19.421021	14956.892
19.427404	14971.467
19.433786	14979.895
19.440169	14966.332
19.446552	14958.928
19.452935	14962.625
19.459318	14966.892
19.465701	14950.186
19.472083	14950.044
19.478466	14907.364
19.484849	14878.911
19.491232	14897.819
19.497615	14901.403
19.503997	14892.793
19.510380	14857.299
19.516763	14850.427
19.523146	14853.604
19.529529	14874.953
19.535912	14900.559
19.542294	14878.481
19.548677	14856.741
19.555060	14799.815
19.561443	14752.276
19.567826	14782.319
19.574208	14816.959
19.580591	14860.405
19.586974	14847.778
19.593357	14805.585
19.599740	14794.837
19.606123	14851.898
19.612505	14865.108
19.618888	14792.900
19.625271	14768.319
19.631654	14763.084
19.638037	14765.240
19.644419	14763.382
19.650802	14772.992
19.657185	14791.326
19.663568	14789.447
19.669951	14769.149
19.676334	14754.471
19.682716	14724.225
19.689099	14697.923
19.695482	14722.330
19.701865	14724.785
19.708248	14690.029
19.714630	14701.875
19.721013	14740.371
19.727396	14710.302
19.733779	14657.826
19.740162	14641.857
19.746545	14643.156
19.752927	14650.830
19.759310	14662.278
19.765693	14633.697
19.772076	14640.746
19.778459	14704.331
19.784841	14654.201
19.791224	14680.975
19.797607	14653.781
19.803990	14614.087
19.810373	14617.140
19.816756	14608.615
19.823138	14611.739
19.829521	14653.522
19.835904	14690.614
19.842287	14653.000
19.848670	14598.700
19.855052	14566.370
19.861435	14582.600
19.867818	14633.905
19.874201	14595.712
19.880584	14538.057
19.886967	14572.160
19.893349	14595.561
19.899732	14526.476
19.906115	14515.868
19.912498	14543.563
19.918881	14529.725
19.925263	14541.887
19.931646	14557.308
19.938029	14582.431
19.944412	14572.906
19.950795	14575.445
19.957178	14555.807
19.963560	14535.069
19.969943	14534.374
19.976326	14544.871
19.982709	14494.716
19.989092	14498.662
19.995474	14487.519
20.001857	14481.849
20.008240	14507.247
20.014623	14501.096
20.021006	14434.830
20.027389	14444.991
20.033771	14471.490
20.040154	14412.442
20.046537	14390.130
20.052920	14437.620
20.059303	14450.871
20.065685	14448.595
20.072068	14426.733
20.078451	14380.405
20.084834	14415.239
20.091217	14482.904
20.097600	14474.456
20.103982	14472.529
20.110365	14461.677
20.116748	14474.451
20.123131	14481.122
20.129514	14480.081
20.135896	14450.764
20.142279	14446.838
20.148662	14414.576
20.155045	14420.447
20.161428	14405.811
20.167811	14391.357
20.174193	14383.965
20.180576	14371.543
20.186959	14412.687
20.193342	14429.264
20.199725	14353.044
20.206108	14332.766
20.212490	14346.382
20.218873	14362.011
20.225256	14393.103
20.231639	14374.122
20.238022	14330.969
20.244404	14361.772
20.250787	14401.193
20.257170	14432.082
20.263553	14390.686
20.269936	14373.246
20.276319	14383.591
20.282701	14379.101
20.289084	14336.456
20.295467	14363.392
20.301850	14374.943
20.308233	14344.153
20.314615	14388.446
20.320998	14440.340
20.327381	14424.282
20.333764	14416.416
20.340147	14415.514
20.346530	14396.707
20.352912	14356.143
20.359295	14374.692
20.365678	14381.337
20.372061	14342.261
20.378444	14362.999
20.384826	14367.789
20.391209	14357.350
20.397592	14337.656
20.403975	14328.743
20.410358	14261.613
20.416741	14241.747
20.423123	14224.676
20.429506	14275.891
20.435889	14338.384
20.442272	14339.453
20.448655	14284.267
20.455037	14301.717
20.461420	14275.761
20.467803	14250.067
20.474186	14276.581
20.480569	14346.556
20.486952	14384.063
20.493334	14308.555
20.499717	14287.768
20.506100	14259.360
20.512483	14250.062
20.518866	14285.733
20.525248	14288.861
20.531631	14218.501
20.538014	14178.145
20.544397	14255.988
20.550780	14279.071
20.557163	14242.646
20.563545	14254.223
20.569928	14267.158
20.576311	14252.861
20.582694	14270.446
20.589077	14257.630
20.595459	14189.160
20.601842	14204.853
20.608225	14299.766
20.614608	14279.732
20.620991	14224.214
20.627374	14233.714
20.633756	14276.442
20.640139	14238.297
20.646522	14197.859
20.652905	14240.116
20.659288	14295.010
20.665670	14264.851
20.672053	14223.835
20.678436	14178.381
20.684819	14176.943
20.691202	14185.156
20.697585	14167.278
20.703967	14243.623
20.710350	14243.100
20.716733	14241.523
20.723116	14237.485
20.729499	14225.607
20.735881	14201.292
20.742264	14226.529
20.748647	14233.861
20.755030	14164.041
20.761413	14206.813
20.767796	14251.351
20.774178	14248.495
20.780561	14202.605
20.786944	14199.523
20.793327	14163.694
20.799710	14210.855
20.806092	14228.522
20.812475	14167.973
20.818858	14167.655
20.825241	14153.674
20.831624	14156.269
20.838007	14215.687
20.844389	14208.174
20.850772	14170.891
20.857155	14147.868
20.863538	14166.679
20.869921	14175.786
20.876303	14200.829
20.882686	14228.370
20.889069	14211.107
20.895452	14152.051
20.901835	14133.861
20.908218	14153.786
20.914600	14165.319
20.920983	14236.239
20.927366	14215.407
20.933749	14206.659
20.940132	14192.762
20.946514	14083.050
20.952897	14114.838
20.959280	14173.341
20.965663	14211.192
20.972046	14131.249
20.978429	14111.049
20.984811	14129.156
20.991194	14125.248
20.997577	14140.180
21.003960	14101.077
21.010343	14058.609
21.016725	14080.193
21.023108	14124.058
21.029491	14129.107
21.035874	14091.567
21.042257	14075.057
21.048640	14086.255
21.055022	14094.811
21.061405	14048.126
21.067788	14063.194
21.074171	14079.293
21.080554	14069.401
21.086936	14092.015
21.093319	14101.668
21.099702	14035.409
21.106085	14032.412
21.112468	14050.568
21.118851	14119.189
21.125233	14129.520
21.131616	14107.038
21.137999	14038.888
21.144382	14061.781
21.150765	14054.281
21.157147	14011.022
21.163530	14045.952
21.169913	14028.117
21.176296	14016.944
21.182679	14038.316
21.189062	14029.026
21.195444	14041.651
21.201827	14051.486
21.208210	14053.917
21.214593	14019.999
21.220976	13981.392
21.227358	13989.148
21.233741	13945.480
21.240124	13944.329
21.246507	13937.161
21.252890	14017.599
21.259273	13983.753
21.265655	13961.905
21.272038	13962.108
21.278421	13923.655
21.284804	13934.580
21.291187	13942.581
21.297569	13949.530
21.303952	13966.646
21.310335	14004.700
21.316718	13986.418
21.323101	13920.227
21.329484	13928.307
21.335866	13979.882
21.342249	14000.372
21.348632	14000.952
21.355015	14018.316
21.361398	13989.678
21.367780	13972.313
21.374163	13959.511
21.380546	13983.687
21.386929	13962.595
21.393312	13980.353
21.399695	13963.755
21.406077	13962.191
21.412460	14003.474
21.418843	13978.416
21.425226	13905.464
21.431609	13888.498
21.437991	13987.147
21.444374	13963.420
21.450757	13905.424
21.457140	13932.763
21.463523	13946.875
21.469906	13902.906
21.476288	13922.830
21.482671	13859.993
21.489054	13894.192
21.495437	13877.185
21.501820	13885.932
21.508202	13898.946
21.514585	13912.301
21.520968	13959.489
21.527351	13962.515
21.533734	13885.859
21.540117	13887.884
21.546499	13886.754
21.552882	13906.189
21.559265	13886.623
21.565648	13868.976
21.572031	13845.099
21.578413	13827.319
21.584796	13844.240
21.591179	13852.763
21.597562	13912.371
21.603945	13867.277
21.610328	13799.563
21.616710	13846.405
21.623093	13902.164
21.629476	13845.410
21.635859	13902.731
21.642242	13856.769
21.648624	13806.136
21.655007	13821.235
21.661390	13813.800
21.667773	13833.343
21.674156	13849.895
21.680539	13840.607
21.686921	13825.256
21.693304	13805.676
21.699687	13837.557
21.706070	13843.142
21.712453	13855.522
21.718835	13848.098
21.725218	13836.978
21.731601	13789.542
21.737984	13785.346
21.744367	13793.526
21.750750	13844.486
21.757132	13857.716
21.763515	13824.667
21.769898	13810.865
21.776281	13885.538
21.782664	13824.545
21.789046	13804.776
21.795429	13842.623
21.801812	13891.734
21.808195	13849.776
21.814578	13803.040
21.820961	13806.463
21.827343	13825.767
21.833726	13812.305
21.840109	13782.583
21.846492	13838.222
21.852875	13827.338
21.859257	13782.362
21.865640	13806.249
21.872023	13785.076
21.878406	13791.186
21.884789	13816.596
21.891172	13801.667
21.897554	13804.345
21.903937	13792.759
21.910320	13783.042
21.916703	13807.288
21.923086	13809.326
21.929468	13763.400
21.935851	13765.081
21.942234	13790.312
21.948617	13793.982
21.955000	13801.554
21.961383	13766.086
21.967765	13714.919
21.974148	13740.783
21.980531	13823.839
21.986914	13782.762
21.993297	13769.285
21.999679	13763.784
22.006062	13718.906
22.012445	13731.374
22.018828	13768.786
22.025211	13837.303
22.031594	13821.166
22.037976	13773.717
22.044359	13758.924
22.050742	13806.872
22.057125	13851.532
22.063508	13797.897
22.069890	13743.021
22.076273	13794.991
22.082656	13817.656
22.089039	13777.462
22.095422	13746.054
22.101805	13734.552
22.108187	13702.456
22.114570	13800.066
22.120953	13800.370
22.127336	13763.933
22.133719	13716.860
22.140101	13711.022
22.146484	13780.853
22.152867	13819.302
22.159250	13792.496
22.165633	13785.764
22.172016	13783.813
22.178398	13804.455
22.184781	13744.334
22.191164	13698.829
22.197547	13694.241
22.203930	13700.339
22.210312	13728.216
22.216695	13726.053
22.223078	13740.817
22.229461	13721.352
22.235844	13730.217
22.242227	13765.192
22.248609	13672.982
22.254992	13741.855
22.261375	13776.113
22.267758	13729.501
22.274141	13742.847
22.280523	13695.353
22.286906	13630.454
22.293289	13640.804
22.299672	13716.779
22.306055	13728.986
22.312438	13712.071
22.318820	13668.857
22.325203	13735.985
22.331586	13700.222
22.337969	13669.115
22.344352	13679.364
22.350734	13697.646
22.357117	13649.336
22.363500	13670.926
22.369883	13726.356
22.376266	13707.438
22.382649	13746.396
22.389031	13698.638
22.395414	13673.639
22.401797	13641.419
22.408180	13620.590
22.414563	13725.543
22.420945	13711.322
22.427328	13646.284
22.433711	13582.812
22.440094	13606.911
22.446477	13726.024
22.452860	13786.331
22.459242	13746.058
22.465625	13669.155
22.472008	13643.780
22.478391	13633.222
22.484774	13685.108
22.491156	13701.767
22.497539	13660.436
22.503922	13640.108
22.510305	13670.441
22.516688	13687.632
22.523071	13638.586
22.529453	13626.685
22.535836	13646.630
22.542219	13721.667
22.548602	13741.685
22.554985	13626.265
22.561367	13647.562
22.567750	13654.365
22.574133	13718.389
22.580516	13701.013
22.586899	13640.735
22.593282	13653.813
22.599664	13630.906
22.606047	13592.745
22.612430	13602.317
22.618813	13623.035
22.625196	13669.607
22.631578	13640.780
22.637961	13720.918
22.644344	13663.921
22.650727	13666.504
22.657110	13626.796
22.663493	13689.920
22.669875	13668.491
22.676258	13619.347
22.682641	13628.738
22.689024	13598.784
22.695407	13583.907
22.701789	13606.325
22.708172	13619.825
22.714555	13597.073
22.720938	13592.965
22.727321	13575.586
22.733704	13570.263
22.740086	13638.990
22.746469	13562.520
22.752852	13472.659
22.759235	13545.796
22.765618	13540.091
22.772000	13634.135
22.778383	13638.420
22.784766	13589.330
22.791149	13565.839
22.797532	13527.246
22.803915	13558.265
22.810297	13556.781
22.816680	13592.675
22.823063	13594.610
22.829446	13558.754
22.835829	13549.680
22.842211	13555.784
22.848594	13613.066
22.854977	13597.092
22.861360	13531.263
22.867743	13522.954
22.874126	13510.079
22.880508	13519.804
22.886891	13597.861
22.893274	13601.692
22.899657	13472.883
22.906040	13497.662
22.912422	13524.247
22.918805	13469.043
22.925188	13485.454
22.931571	13493.617
22.937954	13520.479
22.944337	13582.153
22.950719	13545.822
22.957102	13560.123
22.963485	13517.483
22.969868	13522.771
22.976251	13541.329
22.982633	13524.611
22.989016	13459.196
22.995399	13507.357
23.001782	13478.756
23.008165	13450.179
23.014548	13508.180
23.020930	13474.150
23.027313	13581.585
23.033696	13581.827
23.040079	13489.148
23.046462	13514.447
23.052844	13494.776
23.059227	13479.636
23.065610	13475.732
23.071993	13437.049
23.078376	13430.705
23.084759	13504.668
23.091141	13492.840
23.097524	13440.681
23.103907	13470.208
23.110290	13453.025
23.116673	13461.433
23.123055	13404.505
23.129438	13379.591
23.135821	13493.542
23.142204	13477.322
23.148587	13425.989
23.154970	13478.297
23.161352	13387.624
23.167735	13381.501
23.174118	13429.394
23.180501	13405.838
23.186884	13451.717
23.193266	13416.942
23.199649	13391.172
23.206032	13423.265
23.212415	13384.207
23.218798	13429.683
23.225181	13456.455
23.231563	13406.275
23.237946	13402.132
23.244329	13416.470
23.250712	13409.319
23.257095	13458.101
23.263477	13459.041
23.269860	13433.296
23.276243	13419.097
23.282626	13403.559
23.289009	13363.263
23.295392	13342.665
23.301774	13450.108
23.308157	13387.666
23.314540	13436.285
23.320923	13439.059
23.327306	13340.829
23.333688	13337.709
23.340071	13424.088
23.346454	13363.794
23.352837	13335.316
23.359220	13371.203
23.365603	13330.968
23.371985	13346.123
23.378368	13354.575
23.384751	13303.423
23.391134	13300.793
23.397517	13364.863
23.403900	13314.197
23.410282	13342.055
23.416665	13370.578
23.423048	13411.619
23.429431	13307.778
23.435814	13322.675
23.442196	13300.509
23.448579	13353.358
23.454962	13397.807
23.461345	13359.627
23.467728	13340.052
23.474111	13252.980
23.480493	13292.332
23.486876	13312.804
23.493259	13266.096
23.499642	13294.591
23.506025	13325.915
23.512407	13369.425
23.518790	13335.934
23.525173	13332.969
23.531556	13269.048
23.537939	13290.399
23.544322	13320.491
23.550704	13312.839
23.557087	13340.449
23.563470	13241.743
23.569853	13249.891
23.576236	13252.591
23.582618	13298.062
23.589001	13220.631
23.595384	13306.666
23.601767	13326.842
23.608150	13308.650
23.614533	13331.998
23.620915	13240.664
23.627298	13244.718
23.633681	13271.954
23.640064	13329.073
23.646447	13291.473
23.652829	13304.864
23.659212	13291.662
23.665595	13262.881
23.671978	13231.400
23.678361	13329.862
23.684744	13317.492
23.691126	13256.825
23.697509	13207.535
23.703892	13212.790
23.710275	13285.587
23.716658	13250.285
23.723040	13243.954
23.729423	13207.463
23.735806	13320.345
23.742189	13273.411
23.748572	13283.648
23.754955	13219.250
23.761337	13238.912
23.767720	13307.371
23.774103	13291.258
23.780486	13277.083
23.786869	13170.757
23.793251	13190.287
23.799634	13301.841
23.806017	13287.798
23.812400	13271.378
23.818783	13329.407
23.825166	13326.898
23.831548	13313.429
23.837931	13149.524
23.844314	13207.536
23.850697	13244.026
23.857080	13254.036
23.863462	13163.263
23.869845	13145.318
23.876228	13249.325
23.882611	13266.183
23.888994	13199.480
23.895377	13281.086
23.901759	13215.826
23.908142	13172.728
23.914525	13302.831
23.920908	13290.243
23.927291	13299.252
23.933673	13226.672
23.940056	13124.398
23.946439	13301.459
23.952822	13187.756
23.959205	13090.359
23.965588	13212.432
23.971970	13250.848
23.978353	13198.413
23.984736	13105.443
23.991119	13131.663
23.997502	13162.132
24.003884	13168.978
24.010267	13164.485
24.016650	13268.920
24.023033	13234.756
24.029416	13205.990
24.035799	13212.346
24.042181	13207.488
24.048564	13184.086
24.054947	13217.022
24.061330	13140.467
24.067713	13199.120
24.074095	13135.271
24.080478	13178.470
24.086861	13246.483
24.093244	13223.036
24.099627	13257.577
24.106010	13192.383
24.112392	13247.484
24.118775	13194.211
24.125158	13122.011
24.131541	13185.419
24.137924	13159.789
24.144306	13245.149
24.150689	13114.369
24.157072	13168.015
24.163455	13147.332
24.169838	13082.146
24.176221	13142.001
24.182603	13124.551
24.188986	13140.266
24.195369	13192.342
24.201752	13158.845
24.208135	13121.648
24.214517	13074.357
24.220900	13030.083
24.227283	13079.633
24.233666	13104.930
24.240049	13073.799
24.246432	13097.554
24.252814	13088.335
24.259197	13171.338
24.265580	13100.348
24.271963	13062.207
24.278346	13148.927
24.284728	13152.202
24.291111	13189.357
24.297494	13076.645
24.303877	13022.723
24.310260	13110.974
24.316643	13134.830
24.323025	13098.612
24.329408	13117.661
24.335791	13123.001
24.342174	13088.001
24.348557	13100.497
24.354939	13058.759
24.361322	12998.983
24.367705	13059.223
24.374088	13035.461
24.380471	12967.171
24.386854	12986.986
24.393236	13047.152
24.399619	13053.566
24.406002	13047.639
24.412385	12972.926
24.418768	12933.779
24.425150	13004.368
24.431533	13017.901
24.437916	13044.482
24.444299	13095.936
24.450682	13086.475
24.457065	13102.211
24.463447	13039.761
24.469830	12974.032
24.476213	13072.964
24.482596	12974.227
24.488979	12971.003
24.495361	13073.445
24.501744	13081.121
24.508127	13098.399
24.514510	13156.821
24.520893	12969.489
24.527276	13020.934
24.533658	12935.826
24.540041	12914.455
24.546424	13039.095
24.552807	13126.370
24.559190	13010.260
24.565572	12951.981
24.571955	13011.202
24.578338	13014.170
24.584721	12994.193
24.591104	12960.491
24.597487	12907.992
24.603869	12917.439
24.610252	12881.735
24.616635	12901.987
24.623018	12917.923
24.629401	13008.211
24.635783	12953.429
24.642166	12848.741
24.648549	12944.131
24.654932	13012.466
24.661315	12959.019
24.667698	12902.222
24.674080	12920.017
24.680463	12914.577
24.686846	12859.780
24.693229	12989.200
24.699612	12981.255
24.705994	12877.603
24.712377	12921.317
24.718760	12904.860
24.725143	12969.263
24.731526	12950.790
24.737909	12983.792
24.744291	12957.390
24.750674	12888.966
24.757057	12939.909
24.763440	12911.499
24.769823	12927.391
24.776205	12886.690
24.782588	12852.253
24.788971	12806.492
24.795354	12813.275
24.801737	12835.688
24.808120	12849.933
24.814502	12897.508
24.820885	12870.504
24.827268	12803.467
24.833651	12774.029
24.840034	12914.463
24.846416	12881.866
24.852799	12888.311
24.859182	12887.245
24.865565	12813.693
24.871948	12847.500
24.878331	12800.482
24.884713	12753.881
24.891096	12839.613
24.897479	12862.442
24.903862	12891.236
24.910245	12900.734
24.916627	12732.291
24.923010	12836.154
24.929393	12768.942
24.935776	12850.574
24.942159	12894.022
24.948542	12857.774
24.954924	12859.751
24.961307	12901.652
24.967690	12880.216
24.974073	12809.869
24.980456	12791.894
24.986838	12836.823
24.993221	12826.198
24.999604	12818.355
25.005987	12702.406
25.012370	12811.573
25.018753	12931.378
25.025135	12826.891
25.031518	12830.219
25.037901	12809.316
25.044284	12794.639
25.050667	12746.886
25.057049	12895.100
25.063432	12863.591
25.069815	12843.310
25.076198	12817.701
25.082581	12860.022
25.088964	12825.456
25.095346	12815.854
25.101729	12775.183
25.108112	12815.388
25.114495	12792.040
25.120878	12694.155
25.127260	12808.267
25.133643	12777.707
25.140026	12858.941
25.146409	12774.450
25.152792	12740.937
25.159175	12783.573
25.165557	12663.026
25.171940	12780.605
25.178323	12794.971
25.184706	12815.533
25.191089	12843.489
25.197471	12793.697
25.203854	12848.596
25.210237	12803.763
25.216620	12759.686
25.223003	12805.559
25.229386	12665.389
25.235768	12737.603
25.242151	12811.763
25.248534	12834.545
25.254917	12833.847
25.261300	12775.806
25.267682	12696.394
25.274065	12726.833
25.280448	12776.874
25.286831	12785.982
25.293214	12780.162
25.299597	12781.980
25.305979	12721.832
25.312362	12714.375
25.318745	12756.978
25.325128	12743.308
25.331511	12775.275
25.337893	12800.777
25.344276	12712.707
25.350659	12689.715
25.357042	12691.799
25.363425	12726.705
25.369808	12725.681
25.376190	12686.241
25.382573	12718.309
25.388956	12766.963
25.395339	12715.155
25.401722	12615.452
25.408104	12654.038
25.414487	12730.719
25.420870	12810.911
25.427253	12709.272
25.433636	12595.701
25.440019	12681.794
25.446401	12662.827
25.452784	12600.032
25.459167	12612.562
25.465550	12751.316
25.471933	12723.412
25.478315	12775.991
25.484698	12655.091
25.491081	12702.620
25.497464	12660.502
25.503847	12723.862
25.510230	12603.480
25.516612	12612.076
25.522995	12691.863
25.529378	12622.030
25.535761	12624.570
25.542144	12616.167
25.548526	12655.630
25.554909	12733.328
25.561292	12690.022
25.567675	12627.231
25.574058	12672.641
25.580441	12616.786
25.586823	12682.199
25.593206	12672.824
25.599589	12655.853
25.605972	12638.662
25.612355	12593.075
25.618737	12680.905
25.625120	12665.103
25.631503	12606.058
25.637886	12609.855
25.644269	12647.100
25.650652	12700.723
25.657034	12763.225
25.663417	12636.984
25.669800	12568.122
25.676183	12533.256
25.682566	12642.148
25.688948	12536.389
25.695331	12696.686
25.701714	12532.786
25.708097	12659.881
25.714480	12566.372
25.720863	12570.379
25.727245	12553.696
25.733628	12630.539
25.740011	12588.810
25.746394	12554.224
25.752777	12594.415
25.759159	12623.440
25.765542	12588.405
25.771925	12631.319
25.778308	12584.779
25.784691	12451.430
25.791074	12606.957
25.797456	12556.147
25.803839	12431.605
25.810222	12488.958
25.816605	12542.693
25.822988	12607.303
25.829370	12478.908
25.835753	12532.409
25.842136	12503.349
25.848519	12483.609
25.854902	12609.472
25.861285	12621.418
25.867667	12469.764
25.874050	12533.432
25.880433	12572.824
25.886816	12541.324
25.893199	12580.178
25.899581	12589.868
25.905964	12530.559
25.912347	12526.278
25.918730	12567.043
25.925113	12529.767
25.931496	12423.655
25.937878	12503.712
25.944261	12522.710
25.950644	12501.301
25.957027	12511.582
25.963410	12506.573
25.969792	12533.194
25.976175	12520.995
25.982558	12493.549
25.988941	12526.360
25.995324	12454.695
26.001707	12543.140
26.008089	12453.597
26.014472	12489.827
26.020855	12535.985
26.027238	12532.340
26.033621	12509.738
26.040003	12328.699
26.046386	12403.114
26.052769	12581.432
26.059152	12571.837
26.065535	12456.178
26.071918	12450.628
26.078300	12504.290
26.084683	12485.844
26.091066	12530.331
26.097449	12477.856
26.103832	12527.416
26.110214	12431.993
26.116597	12430.640
26.122980	12495.236
26.129363	12471.549
26.135746	12411.445
26.142129	12460.757
26.148511	12418.144
26.154894	12482.594
26.161277	12468.888
26.167660	12455.656
26.174043	12501.925
26.180425	12511.232
26.186808	12338.078
26.193191	12452.784
26.199574	12532.896
26.205957	12432.621
26.212340	12444.650
26.218722	12509.552
26.225105	12560.331
26.231488	12436.608
26.237871	12547.123
26.244254	12499.260
26.250636	12457.092
26.257019	12425.534
26.263402	12349.738
26.269785	12372.242
26.276168	12448.105
26.282551	12440.054
26.288933	12380.181
26.295316	12413.899
26.301699	12402.904
26.308082	12300.217
26.314465	12298.363
26.320847	12392.796
26.327230	12417.013
26.333613	12469.869
26.339996	12386.779
26.346379	12392.334
26.352762	12379.879
26.359144	12392.748
26.365527	12333.602
26.371910	12326.917
26.378293	12377.363
26.384676	12395.921
26.391058	12305.895
26.397441	12394.861
26.403824	12320.301
26.410207	12368.406
26.416590	12435.527
26.422973	12466.105
26.429355	12413.400
26.435738	12475.234
26.442121	12503.450
26.448504	12296.839
26.454887	12276.063
26.461269	12260.578
26.467652	12272.967
26.474035	12331.523
26.480418	12276.205
26.486801	12285.904
26.493184	12303.401
26.499566	12294.581
26.505949	12286.322
26.512332	12433.635
26.518715	12440.359
26.525098	12286.779
26.531480	12268.006
26.537863	12299.800
26.544246	12238.737
26.550629	12248.406
26.557012	12349.022
26.563395	12297.162
26.569777	12223.083
26.576160	12207.164
26.582543	12353.738
26.588926	12230.689
26.595309	12339.039
26.601692	12197.935
26.608074	12242.953
26.614457	12231.114
26.620840	12285.418
26.627223	12307.286
26.633606	12362.457
26.639988	12338.086
26.646371	12228.526
26.652754	12396.628
26.659137	12376.238
26.665520	12219.538
26.671903	12319.043
26.678285	12330.470
26.684668	12330.960
26.691051	12347.439
26.697434	12238.137
26.703817	12228.643
26.710199	12209.223
26.716582	12258.108
26.722965	12145.296
26.729348	12166.752
26.735731	12246.226
26.742114	12275.215
26.748496	12250.423
26.754879	12228.376
26.761262	12070.624
26.767645	12283.541
26.774028	12270.826
26.780410	12222.048
26.786793	12265.385
26.793176	12180.504
26.799559	12161.862
26.805942	12134.079
26.812325	12260.249
26.818707	12163.253
26.825090	12158.400
26.831473	12258.596
26.837856	12131.685
26.844239	12172.540
26.850621	12147.504
26.857004	12225.257
26.863387	12194.365
26.869770	12231.396
26.876153	12247.876
26.882536	12217.643
26.888918	12207.308
26.895301	12169.441
26.901684	12092.027
26.908067	12269.840
26.914450	12138.796
26.920832	12168.170
26.927215	12245.349
26.933598	12214.117
26.939981	12179.494
26.946364	12187.950
26.952747	12238.292
26.959129	12261.602
26.965512	12216.414
26.971895	12312.447
26.978278	12123.105
26.984661	12143.495
26.991043	12228.627
26.997426	12109.761
27.003809	12251.868
27.010192	12099.084
27.016575	12095.046
27.022958	12247.611
27.029340	12266.463
27.035723	12209.120
27.042106	12101.373
27.048489	12150.539
27.054872	12283.598
27.061254	12206.492
27.067637	12163.944
27.074020	12131.266
27.080403	12091.223
27.086786	11985.810
27.093169	11976.378
27.099551	12154.016
27.105934	12210.095
27.112317	12114.063
27.118700	12103.147
27.125083	12120.513
27.131465	12116.763
27.137848	12042.237
27.144231	12169.265
27.150614	12211.124
27.156997	12123.431
27.163380	12179.972
27.169762	12188.187
27.176145	12165.849
27.182528	12315.685
27.188911	12168.429
27.195294	12108.501
27.201676	12035.013
27.208059	12125.377
27.214442	12027.206
27.220825	12091.688
27.227208	12095.006
27.233591	11988.944
27.239973	12129.036
27.246356	12161.627
27.252739	12018.822
27.259122	12029.365
27.265505	12199.405
27.271887	12103.013
27.278270	12180.822
27.284653	12063.484
27.291036	12052.825
27.297419	12170.659
27.303802	12145.629
27.310184	12094.003
27.316567	12037.793
27.322950	12079.910
27.329333	12193.821
27.335716	12043.428
27.342098	12065.158
27.348481	12061.170
27.354864	12124.859
27.361247	12090.547
27.367630	12081.913
27.374013	12079.238
27.380395	12076.476
27.386778	12046.543
27.393161	12053.771
27.399544	11951.523
27.405927	11968.959
27.412309	11960.987
27.418692	12050.632
27.425075	11910.394
27.431458	11980.885
27.437841	12032.808
27.444224	12087.985
27.450606	11930.406
27.456989	11966.314
27.463372	11916.273
27.469755	12028.365
27.476138	12068.585
27.482520	12034.270
27.488903	12072.406
27.495286	11980.222
27.501669	12000.543
27.508052	11890.214
27.514435	11844.640
27.520817	12085.678
27.527200	12005.996
27.533583	12010.992
27.539966	12041.124
27.546349	11995.596
27.552731	12005.979
27.559114	11936.189
27.565497	11901.120
27.571880	11986.575
27.578263	12083.379
27.584646	12063.907
27.591028	12041.823
27.597411	12050.937
27.603794	12128.623
27.610177	12107.337
27.616560	12012.831
27.622942	12155.711
27.629325	11944.023
27.635708	11938.584
27.642091	11924.394
27.648474	11916.390
27.654857	11882.678
27.661239	11962.634
27.667622	11893.005
27.674005	12049.701
27.680388	11930.384
27.686771	11940.709
27.693153	11907.297
27.699536	11949.061
27.705919	11834.486
27.712302	11955.342
27.718685	11910.667
27.725068	11852.864
27.731450	11977.656
27.737833	11867.718
27.744216	11705.140
27.750599	11757.531
27.756982	0.0000000
27.763364	0.0000000
27.769747	0.0000000
27.776130	0.0000000
27.782513	0.0000000
27.788896	0.0000000
27.795279	0.0000000
27.801661	0.0000000
27.808044	0.0000000
27.814427	0.0000000
27.820810	0.0000000
27.827193	0.0000000
27.833575	0.0000000
27.839958	0.0000000
27.846341	0.0000000
27.852724	0.0000000
27.859107	0.0000000
27.865490	0.0000000
27.871872	0.0000000
27.878255	0.0000000
27.884638	0.0000000
27.891021	0.0000000
27.897404	0.0000000
27.903786	0.0000000
27.910169	0.0000000
27.916552	0.0000000
27.922935	0.0000000
27.929318	0.0000000
27.935701	0.0000000
27.942083	0.0000000
27.948466	0.0000000
27.954849	0.0000000
27.961232	0.0000000
27.967615	0.0000000
27.973997	0.0000000
27.980380	0.0000000
27.986763	0.0000000
27.993146	0.0000000
27.999529	0.0000000
28.005912	0.0000000
28.012294	0.0000000
28.018677	0.0000000
28.025060	0.0000000
28.031443	0.0000000
28.037826	0.0000000
28.044208	0.0000000
28.050591	0.0000000
28.056974	0.0000000
28.063357	0.0000000
28.069740	0.0000000
28.076123	0.0000000
28.082505	0.0000000
28.088888	0.0000000
28.095271	0.0000000
28.101654	0.0000000
28.108037	0.0000000
28.114419	0.0000000
28.120802	0.0000000
28.127185	0.0000000
28.133568	0.0000000
28.139951	0.0000000
28.146334	0.0000000
28.152716	0.0000000
28.159099	0.0000000
28.165482	0.0000000
28.171865	0.0000000
28.178248	0.0000000
28.184630	0.0000000
28.191013	0.0000000
28.197396	0.0000000
28.203779	0.0000000
28.210162	0.0000000
28.216545	0.0000000
28.222927	0.0000000
28.229310	0.0000000
28.235693	0.0000000
28.242076	0.0000000
28.248459	0.0000000
28.254841	0.0000000
28.261224	0.0000000
28.267607	0.0000000
28.273990	0.0000000
28.280373	0.0000000
28.286756	0.0000000
28.293138	0.0000000
28.299521	0.0000000
28.305904	0.0000000
28.312287	0.0000000
28.318670	0.0000000
28.325052	0.0000000
28.331435	0.0000000
28.337818	0.0000000
28.344201	0.0000000
28.350584	0.0000000
28.356967	0.0000000
28.363349	0.0000000
28.369732	0.0000000
28.376115	0.0000000
28.382498	0.0000000
28.388881	0.0000000
28.395263	0.0000000
28.401646	0.0000000
28.408029	0.0000000
28.414412	0.0000000
28.420795	0.0000000
28.427178	0.0000000
28.433560	0.0000000
28.439943	0.0000000
28.446326	0.0000000
28.452709	0.0000000
28.459092	0.0000000
28.465474	0.0000000
28.471857	0.0000000
28.478240	0.0000000
28.484623	0.0000000
28.491006	0.0000000
28.497389	0.0000000
28.503771	0.0000000
28.510154	0.0000000
28.516537	0.0000000
28.522920	0.0000000
28.529303	0.0000000
28.535685	0.0000000
28.542068	0.0000000
28.548451	0.0000000
28.554834	0.0000000
28.561217	0.0000000
28.567600	0.0000000
28.573982	0.0000000
28.580365	0.0000000
28.586748	0.0000000
28.593131	0.0000000
28.599514	0.0000000
28.605896	0.0000000
28.612279	0.0000000
28.618662	0.0000000
28.625045	0.0000000
28.631428	0.0000000
28.637811	0.0000000
28.644193	0.0000000
28.650576	0.0000000
28.656959	0.0000000
28.663342	0.0000000
28.669725	0.0000000
28.676107	0.0000000
28.682490	0.0000000
28.688873	0.0000000
28.695256	0.0000000
28.701639	0.0000000
28.708022	0.0000000
28.714404	0.0000000
28.720787	0.0000000
28.727170	0.0000000
28.733553	0.0000000
28.739936	0.0000000
28.746318	0.0000000
28.752701	0.0000000
28.759084	0.0000000
28.765467	0.0000000
28.771850	0.0000000
28.778233	0.0000000
28.784615	0.0000000
28.790998	0.0000000
28.797381	0.0000000
28.803764	0.0000000
28.810147	0.0000000
28.816529	0.0000000
28.822912	0.0000000
28.829295	0.0000000
28.835678	0.0000000
28.842061	0.0000000
28.848444	0.0000000
28.854826	0.0000000
28.861209	0.0000000
28.867592	0.0000000
28.873975	0.0000000
28.880358	0.0000000
28.886740	0.0000000
28.893123	0.0000000
28.899506	0.0000000
28.905889	0.0000000
28.912272	0.0000000
28.918655	0.0000000
28.925037	0.0000000
28.931420	0.0000000
28.937803	0.0000000
28.944186	0.0000000
28.950569	0.0000000
28.956951	0.0000000
28.963334	0.0000000
28.969717	0.0000000
28.976100	0.0000000
28.982483	0.0000000
28.988866	0.0000000
28.995248	0.0000000
29.001631	0.0000000
29.008014	0.0000000
29.014397	0.0000000
29.020780	0.0000000
29.027162	0.0000000
29.033545	0.0000000
29.039928	0.0000000
29.046311	0.0000000
29.052694	0.0000000
29.059077	0.0000000
29.065459	0.0000000
29.071842	0.0000000
29.078225	0.0000000
29.084608	0.0000000
29.090991	0.0000000
29.097373	0.0000000
29.103756	0.0000000
29.110139	0.0000000
29.116522	0.0000000
29.122905	0.0000000
29.129288	0.0000000
29.135670	0.0000000
29.142053	0.0000000
29.148436	0.0000000
29.154819	0.0000000
29.161202	0.0000000
29.167584	0.0000000
29.173967	0.0000000
29.180350	0.0000000
29.186733	0.0000000
29.193116	0.0000000
29.199499	0.0000000
29.205881	0.0000000
29.212264	0.0000000
29.218647	0.0000000
29.225030	0.0000000
29.231413	0.0000000
29.237795	0.0000000
29.244178	0.0000000
29.250561	0.0000000
29.256944	0.0000000
29.263327	0.0000000
29.269710	0.0000000
29.276092	0.0000000
29.282475	0.0000000
29.288858	0.0000000
29.295241	0.0000000
29.301624	0.0000000
29.308006	0.0000000
29.314389	0.0000000
29.320772	0.0000000
29.327155	0.0000000
29.333538	0.0000000
29.339921	0.0000000
29.346303	0.0000000
29.352686	0.0000000
29.359069	0.0000000
29.365452	0.0000000
29.371835	0.0000000
29.378217	0.0000000
29.384600	0.0000000
29.390983	0.0000000
29.397366	0.0000000
29.403749	0.0000000
29.410132	0.0000000
29.416514	0.0000000
29.422897	0.0000000
29.429280	0.0000000
29.435663	0.0000000
29.442046	0.0000000
29.448428	0.0000000
29.454811	0.0000000
29.461194	0.0000000
29.467577	0.0000000
29.473960	0.0000000
29.480343	0.0000000
29.486725	0.0000000
29.493108	0.0000000
29.499491	0.0000000
29.505874	0.0000000
29.512257	0.0000000
29.518639	0.0000000
29.525022	0.0000000
29.531405	0.0000000
29.537788	0.0000000
29.544171	0.0000000
29.550554	0.0000000
29.556936	0.0000000
29.563319	0.0000000
29.569702	0.0000000
29.576085	0.0000000
29.582468	0.0000000
29.588850	0.0000000
29.595233	0.0000000
29.601616	0.0000000
29.607999	0.0000000
29.614382	0.0000000
29.620765	0.0000000
29.627147	0.0000000
29.633530	0.0000000
29.639913	0.0000000
29.646296	0.0000000
29.652679	0.0000000
29.659061	0.0000000
29.665444	0.0000000
29.671827	0.0000000
29.678210	0.0000000
29.684593	0.0000000
29.690976	0.0000000
29.697358	0.0000000
29.703741	0.0000000
29.710124	0.0000000
29.716507	0.0000000
29.722890	0.0000000
29.729272	0.0000000
29.735655	0.0000000
29.742038	0.0000000
29.748421	0.0000000
29.754804	0.0000000
29.761187	0.0000000
29.767569	0.0000000
29.773952	0.0000000
29.780335	0.0000000
29.786718	0.0000000
29.793101	0.0000000
29.799484	0.0000000
29.805866	0.0000000
29.812249	0.0000000
29.818632	0.0000000
29.825015	0.0000000
29.831398	0.0000000
29.837780	0.0000000
29.844163	0.0000000
29.850546	0.0000000
29.856929	0.0000000
29.863312	0.0000000
29.869695	0.0000000
29.876077	0.0000000
29.882460	0.0000000
29.888843	0.0000000
29.895226	0.0000000
29.901609	0.0000000
29.907991	0.0000000
29.914374	0.0000000
29.920757	0.0000000
29.927140	0.0000000
29.933523	0.0000000
29.939906	0.0000000
29.946288	0.0000000
29.952671	0.0000000
29.959054	0.0000000
29.965437	0.0000000
29.971820	0.0000000
29.978202	0.0000000
29.984585	0.0000000
29.990968	0.0000000
29.997351	0.0000000
30.003734	0.0000000
30.010117	0.0000000
30.016499	0.0000000
30.022882	0.0000000
30.029265	0.0000000
30.035648	0.0000000
30.042031	0.0000000
30.048413	0.0000000
30.054796	0.0000000
30.061179	0.0000000
30.067562	0.0000000
30.073945	0.0000000
30.080328	0.0000000
30.086710	0.0000000
30.093093	0.0000000
30.099476	0.0000000
30.105859	0.0000000
30.112242	0.0000000
30.118624	0.0000000
30.125007	0.0000000
30.131390	0.0000000
30.137773	0.0000000
30.144156	0.0000000
30.150539	0.0000000
30.156921	0.0000000
30.163304	0.0000000
30.169687	0.0000000
30.176070	0.0000000
30.182453	0.0000000
30.188835	0.0000000
30.195218	0.0000000
30.201601	0.0000000
30.207984	0.0000000
30.214367	0.0000000
30.220750	0.0000000
30.227132	0.0000000
30.233515	0.0000000
30.239898	0.0000000
30.246281	0.0000000
30.252664	0.0000000
30.259046	0.0000000
30.265429	0.0000000
30.271812	0.0000000
30.278195	0.0000000
30.284578	0.0000000
30.290961	0.0000000
30.297343	0.0000000
30.303726	0.0000000
30.310109	0.0000000
30.316492	0.0000000
30.322875	0.0000000
30.329257	0.0000000
30.335640	0.0000000
30.342023	0.0000000
30.348406	0.0000000
30.354789	0.0000000
30.361172	0.0000000
30.367554	0.0000000
30.373937	0.0000000
30.380320	0.0000000
30.386703	0.0000000
30.393086	0.0000000
30.399468	0.0000000
30.405851	0.0000000
30.412234	0.0000000
30.418617	0.0000000
30.425000	0.0000000
30.431383	0.0000000
30.437765	0.0000000
30.444148	0.0000000
30.450531	0.0000000
30.456914	0.0000000
30.463297	0.0000000
30.469679	0.0000000
30.476062	0.0000000
30.482445	0.0000000
30.488828	0.0000000
30.495211	0.0000000
30.501594	0.0000000
30.507976	0.0000000
30.514359	0.0000000
30.520742	0.0000000
30.527125	0.0000000
30.533508	0.0000000
30.539890	0.0000000
30.546273	0.0000000
30.552656	0.0000000
30.559039	0.0000000
30.565422	0.0000000
30.571805	0.0000000
30.578187	0.0000000
30.584570	0.0000000
30.590953	0.0000000
30.597336	0.0000000
30.603719	0.0000000
30.610101	0.0000000
30.616484	0.0000000
30.622867	0.0000000
30.629250	0.0000000
30.635633	0.0000000
30.642016	0.0000000
30.648398	0.0000000
30.654781	0.0000000
30.661164	0.0000000
30.667547	0.0000000
30.673930	0.0000000
30.680312	0.0000000
30.686695	0.0000000
30.693078	0.0000000
30.699461	0.0000000
30.705844	0.0000000
30.712227	0.0000000
30.718609	0.0000000
30.724992	0.0000000
30.731375	0.0000000
30.737758	0.0000000
30.744141	0.0000000
30.750523	0.0000000
30.756906	0.0000000
30.763289	0.0000000
30.769672	0.0000000
30.776055	0.0000000
30.782438	0.0000000
30.788820	0.0000000
30.795203	0.0000000
30.801586	0.0000000
30.807969	0.0000000
30.814352	0.0000000
30.820734	0.0000000
30.827117	0.0000000
30.833500	0.0000000
30.839883	0.0000000
30.846266	0.0000000
30.852649	0.0000000
30.859031	0.0000000
30.865414	0.0000000
30.871797	0.0000000
30.878180	0.0000000
30.884563	0.0000000
30.890945	0.0000000
30.897328	0.0000000
30.903711	0.0000000
30.910094	0.0000000
30.916477	0.0000000
30.922860	0.0000000
30.929242	0.0000000
30.935625	0.0000000
30.942008	0.0000000
30.948391	0.0000000
30.954774	0.0000000
30.961156	0.0000000
30.967539	0.0000000
30.973922	0.0000000
30.980305	0.0000000
30.986688	0.0000000
30.993071	0.0000000
30.999453	0.0000000
31.005836	0.0000000
31.012219	0.0000000
31.018602	0.0000000
31.024985	0.0000000
31.031367	0.0000000
31.037750	0.0000000
31.044133	0.0000000
31.050516	0.0000000
31.056899	0.0000000
31.063282	0.0000000
31.069664	0.0000000
31.076047	0.0000000
31.082430	0.0000000
31.088813	0.0000000
31.095196	0.0000000
31.101578	0.0000000
31.107961	0.0000000
31.114344	0.0000000
31.120727	0.0000000
31.127110	0.0000000
31.133493	0.0000000
31.139875	0.0000000
31.146258	0.0000000
31.152641	0.0000000
31.159024	0.0000000
31.165407	0.0000000
31.171789	0.0000000
31.178172	0.0000000
31.184555	0.0000000
31.190938	0.0000000
31.197321	0.0000000
31.203704	0.0000000
31.210086	0.0000000
31.216469	0.0000000
31.222852	0.0000000
31.229235	0.0000000
31.235618	0.0000000
31.242000	0.0000000
31.248383	0.0000000
31.254766	0.0000000
31.261149	0.0000000
31.267532	0.0000000
31.273915	0.0000000
31.280297	0.0000000
31.286680	0.0000000
31.293063	0.0000000
31.299446	0.0000000
31.305829	0.0000000
31.312211	0.0000000
31.318594	0.0000000
31.324977	0.0000000
31.331360	0.0000000
31.337743	0.0000000
31.344126	0.0000000
31.350508	0.0000000
31.356891	0.0000000
31.363274	0.0000000
31.369657	0.0000000
31.376040	0.0000000
31.382422	0.0000000
31.388805	0.0000000
31.395188	0.0000000
31.401571	0.0000000
31.407954	0.0000000
31.414337	0.0000000
31.420719	0.0000000
31.427102	0.0000000
31.433485	0.0000000
31.439868	0.0000000
31.446251	0.0000000
31.452633	0.0000000
31.459016	0.0000000
31.465399	0.0000000
31.471782	0.0000000
31.478165	0.0000000
31.484548	0.0000000
31.490930	0.0000000
31.497313	0.0000000
31.503696	0.0000000
31.510079	0.0000000
31.516462	0.0000000
31.522844	0.0000000
31.529227	0.0000000
31.535610	0.0000000
31.541993	0.0000000
31.548376	0.0000000
31.554759	0.0000000
31.561141	0.0000000
31.567524	0.0000000
31.573907	0.0000000
31.580290	0.0000000
31.586673	0.0000000
31.593055	0.0000000
31.599438	0.0000000
31.605821	0.0000000
31.612204	0.0000000
31.618587	0.0000000
31.624970	0.0000000
31.631352	0.0000000
31.637735	0.0000000
31.644118	0.0000000
31.650501	0.0000000
31.656884	0.0000000
31.663266	0.0000000
31.669649	0.0000000
31.676032	0.0000000
31.682415	0.0000000
31.688798	0.0000000
31.695181	0.0000000
31.701563	0.0000000
31.707946	0.0000000
31.714329	0.0000000
31.720712	0.0000000
31.727095	0.0000000
31.733477	0.0000000
31.739860	0.0000000
31.746243	0.0000000
31.752626	0.0000000
31.759009	0.0000000
31.765392	0.0000000
31.771774	0.0000000
31.778157	0.0000000
31.784540	0.0000000
31.790923	0.0000000
31.797306	0.0000000
31.803688	0.0000000
31.810071	0.0000000
31.816454	0.0000000
31.822837	0.0000000
31.829220	0.0000000
31.835603	0.0000000
31.841985	0.0000000
31.848368	0.0000000
31.854751	0.0000000
31.861134	0.0000000
31.867517	0.0000000
31.873899	0.0000000
31.880282	0.0000000
31.886665	0.0000000
31.893048	0.0000000
31.899431	0.0000000
31.905814	0.0000000
31.912196	0.0000000
31.918579	0.0000000
