x,yobs,ycalc,ydiff
0.05,-1.322658900899246e-11,-0.03678104423017171,0.03678104421694512
0.1,-1.878275264329828e-10,-0.05256926268361196,0.05256926249578443
0.15000000000000002,-1.0458786735939334e-08,-0.049163131928537204,0.04916312146975047
0.2,-1.2670082570996768e-07,-0.04927859253670489,0.04927846583587918
0.25,-2.826120714933517e-07,-0.07198910462222062,0.07198882201014913
0.30000000000000004,3.7462840298353947e-06,-0.11188429668041938,0.11188804296444922
0.35000000000000003,3.372225961088068e-05,-0.14461545734843415,0.14464917960804502
0.4,0.00013681527407801688,-0.15320394126104503,0.15334075653512305
0.45,0.0003172034075424133,-0.1468397274592136,0.147156930866756
0.5,0.0003090669124012928,-0.15146382263375288,0.15177288954615417
0.55,-0.0006923970739730583,-0.18167051957890107,0.180978122504928
0.6000000000000001,-0.0038210675381179318,-0.22416745912711192,0.220346391588994
0.65,-0.009205268136174902,-0.2514112652762863,0.24220599714011143
0.7000000000000001,-0.01373873849554943,-0.2516270680175534,0.23788832952200398
0.75,-0.009997725380347855,-0.24276097742370412,0.23276325204335627
0.8,0.010619312261011874,-0.25402562700090325,0.2646449392619151
0.8500000000000001,0.04960657171003169,-0.29368131432975847,0.34328788603979016
0.9,0.09255415223109004,-0.33818878536447583,0.43074293759556587
0.9500000000000001,0.10921559635737572,-0.35652816011972316,0.46574375647709887
1.0,0.06921080167510549,-0.3451643930474768,0.41437519472258233
1.05,-0.032009458416003014,-0.33491958959844553,0.30291013118244253
1.1,-0.15633683282537775,-0.35884513417554265,0.2025083013501649
1.1500000000000001,-0.23626871470726987,-0.41334150840371275,0.17707279369644288
1.2000000000000002,-0.21997265767211066,-0.456846965297572,0.23687430762546136
1.25,-0.11976851859023364,-0.4539251838574602,0.3341566652672266
1.3,-0.020534376113397267,-0.42124125064987045,0.4007068745364732
1.35,-0.025617450550442008,-0.42039175216604513,0.3947743016156031
1.4000000000000001,-0.16802278620006264,-0.4904755674658808,0.3224527812658181
1.4500000000000002,-0.3557241690394658,-0.5796030188036646,0.2238788497641988
1.5,-0.4102064727132457,-0.5520693643882081,0.1418628916749624
1.55,-0.19117046810550994,-0.28904197597982306,0.09787150787431312
1.6,0.276702312782695,0.18926335475586026,0.08743895802683477
1.6500000000000001,0.7803338797563871,0.6897937027411294,0.09054017701525774
1.7000000000000002,1.038527791717331,0.9524204709216043,0.0861073207957267
1.75,0.8951880148997597,0.8317879504700353,0.06340006442972446
1.8,0.44512538778087785,0.41768155031572507,0.027443837465152776
1.85,-0.011626531322459045,-0.008254525584608376,-0.0033720057378506686
1.9000000000000001,-0.1670075857262388,-0.1586302590746038,-0.008377326651635014
1.9500000000000002,0.08430336344284602,0.06404895944409779,0.020254403998748227
2.0,0.5743608206541174,0.5052030545154979,0.06915776613861957
2.0500000000000003,0.9822198464853047,0.871032642573762,0.11118720391154269
2.1,1.0530151558318037,0.9275732312602036,0.12544192457160008
2.15,0.7546535562435714,0.6405054255886559,0.11414813065491558
2.2,0.26738528446267074,0.16644706021096736,0.10093822425170337
2.25,-0.16653726043806272,-0.2770183472078883,0.1104810867698256
2.3000000000000003,-0.40668006397737905,-0.5532584392624701,0.14657837528509104
2.35,-0.4733348182348105,-0.6613783257176651,0.1880435074828546
2.4000000000000004,-0.4804564122468523,-0.6864106732910741,0.20595426104422176
2.45,-0.5202174334654966,-0.707023186737832,0.1868057532723354
2.5,-0.5981792437759298,-0.7398556727401532,0.1416764289642234
2.5500000000000003,-0.6572119549153927,-0.7524919263479465,0.09527997143255373
2.6,-0.648587264552474,-0.7152435630240845,0.06665629847161059
2.6500000000000004,-0.5792704904447787,-0.6375736601318729,0.05830316968709415
2.7,-0.5005649665089857,-0.5603892043214931,0.05982423781250734
2.75,-0.4614356483696708,-0.5198075648491701,0.0583719164794993
2.8000000000000003,-0.47521150867733175,-0.5203588555161027,0.045147346838770974
2.85,-0.5250385005139848,-0.5406193127540146,0.015580812240029829
2.9000000000000004,-0.5921784003098547,-0.5610874345775991,-0.03109096573225556
2.95,-0.6736063740489265,-0.5847397660418484,-0.08886660800707813
3.0,-0.7735631835554913,-0.6308214268640622,-0.14274175669142908
3.0500000000000003,-0.8838955549879288,-0.709861575464231,-0.1740339795236978
3.1,-0.978435186840505,-0.8061217655133326,-0.17231342132717242
3.1500000000000004,-1.0293181250689207,-0.8861560426659901,-0.1431620824029306
3.2,-1.0283494546969927,-0.926272546863192,-0.10207690783380063
3.25,-0.9898904680729393,-0.9315104404379546,-0.05838002763498473
3.3000000000000003,-0.9291389727265419,-0.9238113865311254,-0.005327586195416512
3.35,-0.8338363468719169,-0.9050232827021066,0.07118693583018976
3.4000000000000004,-0.6562333113762797,-0.8278326841435181,0.17159937276723836
3.45,-0.33837744065962977,-0.6090330609347585,0.27065562027512874
3.5,0.1410460571676319,-0.18894736870910095,0.32999342587673286
3.5500000000000003,0.7276659002914421,0.4001604894705337,0.3275054108209084
3.6,1.288623088626942,1.0114570645792627,0.2771660240476794
3.6500000000000004,1.6560403074566228,1.4368089712582368,0.21923133619838597
3.7,1.7006048591944785,1.5129835689499493,0.18762129024452912
3.75,1.398591706396726,1.2152377866739559,0.18335391972277004
3.8000000000000003,0.8532500062429722,0.675246493438907,0.17800351280406523
3.85,0.25263078725729243,0.10943529825421366,0.14319548900307877
3.9000000000000004,-0.21756395097316544,-0.29553590357435405,0.07797195260118861
3.95,-0.457547385747382,-0.4664169578776667,0.008869572130284664
4.0,-0.48429982823950585,-0.4487170865811516,-0.03558274165835423
4.05,-0.39421055838252406,-0.3440626314398368,-0.05014792694268727
4.1000000000000005,-0.2879444747420928,-0.23388811051261568,-0.0540563642294771
4.15,-0.21164487921067465,-0.14263105215877195,-0.0690138270519027
4.2,-0.15111510645583912,-0.05384171292686681,-0.0972733935289723
4.25,-0.07158141984255419,0.04948442226035702,-0.12106584210291121
4.3,0.03804475863309838,0.16005463450985455,-0.12200987587675617
4.3500000000000005,0.15369738735926358,0.2532964040276208,-0.09959901666835724
4.4,0.24024267056973148,0.31091681124896375,-0.07067414067923228
4.45,0.28207448143234154,0.33446083655085923,-0.05238635511851769
4.5,0.2903420635720439,0.33769099655339313,-0.047348932981349234
4.55,0.2841477449482104,0.32955404773578867,-0.04540630278757829
4.6000000000000005,0.26905736546297354,0.3068968027283211,-0.03783943726534755
4.65,0.23566754443276672,0.26304340997532316,-0.027375865542556443
4.7,0.17703750461954898,0.2006661628230092,-0.023628658203460218
4.75,0.10329021366987423,0.13374728626909418,-0.030457072599219953
4.800000000000001,0.03609850621952026,0.07640316497469034,-0.04030465875517008
4.8500000000000005,-0.010847498036266475,0.031108893904244945,-0.04195639194051142
4.9,-0.043055352106140046,-0.010380429214180793,-0.03267492289195925
4.95,-0.07460699413847593,-0.053779277521670436,-0.0208277166168055
5.0,-0.10656602513504844,-0.09044337215445646,-0.016122652980591984
5.050000000000001,-0.11860583857722863,-0.0997818931366162,-0.01882394544061243
5.1000000000000005,-0.08517415759232727,-0.06457123337933597,-0.0206029242129913
5.15,-0.0013755324954583307,0.01493094547652273,-0.01630647797198106
5.2,0.10795596188868128,0.1207716911373319,-0.012815729248650612
5.25,0.2066630431018096,0.23010005991597557,-0.023437016814165962
5.300000000000001,0.2761003114509666,0.3283665421321881,-0.05226623068122149
5.3500000000000005,0.3263325516984038,0.4117787841487601,-0.08544623245035632
5.4,0.37901654097213744,0.47981990527872187,-0.10080336430658443
5.45,0.4395584153065079,0.528045260828833,-0.08848684552232505
5.5,0.48657783235285285,0.5489681928449794,-0.062390360492126595
5.550000000000001,0.4889794312471989,0.5384909319070524,-0.04951150065985355
5.6000000000000005,0.43346011298332604,0.4990979901614943,-0.06563787717816827
5.65,0.3359015130373644,0.43571568424129636,-0.09981417120393199
5.7,0.22742419842125947,0.3499861117602517,-0.12256191333899222
5.75,0.13116080606217206,0.2419399831665288,-0.11077917710435672
5.800000000000001,0.05312942754482807,0.12011767832915418,-0.0669882507843261
5.8500000000000005,-0.006290038348781264,0.01017532277389489,-0.016465361122676152
5.9,-0.03598270923817233,-0.04969545064012985,0.013712741401957516
5.95,-0.012834656929595184,-0.0273502917627247,0.014515634833129518
6.0,0.0813475976256285,0.0833454068611223,-0.0019978092354937943
6.050000000000001,0.24092600542243572,0.25645155252707325,-0.015525547104637522
6.1000000000000005,0.433281244690119,0.44590520742359663,-0.0126239627334776
6.15,0.6129352515370992,0.6052371537830428,0.007698097754056388
6.2,0.7389490395641526,0.7007493085517232,0.03819973101242935
6.25,0.7827915252420861,0.7129565024995577,0.0698350227425284
6.300000000000001,0.7279806930872449,0.6330385892717767,0.09494210381546819
6.3500000000000005,0.5718370886885865,0.46344726899412364,0.10838981969446287
6.4,0.3328881871367855,0.2231648178895849,0.10972336924720058
6.45,0.05395283371830312,-0.05101342269608063,0.10496625641438376
6.5,-0.21090476396076863,-0.31444235272122906,0.10353758876046043
6.550000000000001,-0.42208523551579297,-0.5319655715096036,0.10988033599381059
6.6000000000000005,-0.5726566688012192,-0.6897303687049156,0.11707369990369632
6.65,-0.6812138070682916,-0.7920819713610769,0.11086816429278534
6.7,-0.7643607818065595,-0.8476138468794714,0.08325306507291186
6.75,-0.815032676315243,-0.8584274902822028,0.04339481396695977
6.800000000000001,-0.8090385776199739,-0.822607002420904,0.013568424800930123
6.8500000000000005,-0.7343433379601257,-0.7455679344179371,0.011224596457811375
6.9,-0.6129057422874734,-0.6459797459140992,0.033074003626625825
6.95,-0.48987756285595746,-0.5470831014742149,0.057205538618257445
7.0,-0.3970486329335116,-0.4597959692055752,0.06274733627206358
7.050000000000001,-0.32528069315174,-0.3742444683575348,0.04896377520579476
7.1000000000000005,-0.235036996927888,-0.2701685688050428,0.03513157187715482
7.15,-0.09833181487931772,-0.1391650190078397,0.04083320412852198
7.2,0.06614914130774475,0.00033154725476371323,0.06581759405298104
7.25,0.1986105172573251,0.1091159358284466,0.08949458142887849
7.300000000000001,0.24094668145998452,0.1500862926440841,0.09086038881590042
7.3500000000000005,0.1788601783409482,0.10968377606345511,0.06917640227749308
7.4,0.04699371144390229,0.002246396603927154,0.044747314839975134
7.45,-0.10371351296171809,-0.1426524723013652,0.038938959339647125
7.5,-0.24300998753863626,-0.29634250637940673,0.053332518840770476
7.550000000000001,-0.36915346516029335,-0.43783407296994276,0.06868060780964941
7.6000000000000005,-0.4862317903967896,-0.5505822365458632,0.06435044614907365
7.65,-0.5803491406634501,-0.6188230862673588,0.03847394560390871
7.7,-0.6226045055945094,-0.6313407228363931,0.00873621724188367
7.75,-0.5962913685142651,-0.5899608922415793,-0.006330476272685792
7.800000000000001,-0.5187617613059706,-0.512767602396291,-0.005994158909679581
7.8500000000000005,-0.4328926255975233,-0.4259967153448568,-0.006895910252666504
7.9,-0.37397402515741385,-0.3495374362832558,-0.02443658887415806
7.95,-0.3429841330371775,-0.2874168601577262,-0.05556727287945129
8.0,-0.3109743086969058,-0.2299902416327047,-0.08098406706420108
8.05,-0.24853994296778958,-0.1638674100048908,-0.08467253296289878
8.1,-0.1506885443086614,-0.07984601525538863,-0.07084252905327278
8.15,-0.03430232140857799,0.026456020130755802,-0.06075834153933379
8.200000000000001,0.08544740498119983,0.15763143079130873,-0.0721840258101089
8.25,0.21249010168142152,0.31412223543355927,-0.10163213375213775
8.3,0.3620980761939378,0.4889755327401003,-0.1268774565461625
8.35,0.536722782427889,0.66400868077908,-0.12728589835119108
8.4,0.7118714213176319,0.8142503190578775,-0.10237889774024556
8.450000000000001,0.8480344191061054,0.919379320897055,-0.07134490179094954
8.5,0.9175848532167526,0.9725395341138212,-0.054954680897068564
8.55,0.9203071074606859,0.978010516103789,-0.05770340864310308
8.6,0.8734048148209953,0.9398646202662618,-0.06645980544526653
8.65,0.7883717598053079,0.8535152780934532,-0.06514351828814524
8.700000000000001,0.6602122247098169,0.71032019826084,-0.050107973551023144
8.75,0.48068192481950306,0.5126064668273602,-0.03192454200785716
8.8,0.26103957337694067,0.2846996955018549,-0.02366012212491425
8.85,0.03857864137818314,0.066981355568898,-0.028402714190714863
8.9,-0.14313131945659716,-0.10534241201887849,-0.03778890743771866
8.950000000000001,-0.26346842330482056,-0.22229091144707322,-0.041177511857747345
9.0,-0.33573792472597425,-0.3007525322619264,-0.03498539246404786
9.05,-0.3886621120419821,-0.365431416226549,-0.023230695815433078
9.1,-0.4350994033219445,-0.4245499517367124,-0.010549451585232128
9.15,-0.45701894618369565,-0.46050771389419987,0.0034887677105042147
9.200000000000001,-0.4206441900295074,-0.44315803957312444,0.022513849543617015
9.25,-0.3078338884228687,-0.3545690094858149,0.046735121062946194
9.3,-0.13552304006174598,-0.2053043962870198,0.06978135622527382
9.35,0.053009184156212176,-0.030327210640518864,0.08333639479673104
9.4,0.2154864641433816,0.1303362406975994,0.08515022344578221
9.450000000000001,0.33180176866567207,0.24998451828988516,0.08181725037578691
9.5,0.40258349662821474,0.3199517000968414,0.08263179653137337
9.55,0.431146226810991,0.34120148802114164,0.08994473878984938
9.600000000000001,0.4094989090117659,0.31397212307654804,0.09552678593521785
9.65,0.32308844600429326,0.2358734993984231,0.08721494660587018
9.700000000000001,0.16936666898721453,0.10896466259831857,0.060402006388895965
9.75,-0.0287447442736772,-0.05266199705956408,0.023917252785886876
9.8,-0.22899834921132944,-0.22337987621228356,-0.005618472999045887
9.850000000000001,-0.39200987185615443,-0.37527674864356486,-0.016733123212589573
9.9,-0.5012341280988514,-0.48885597078958865,-0.012378157309262727
9.950000000000001,-0.564434070088498,-0.5571356019071441,-0.007298468181353934
10.0,-0.5968152751422771,-0.5815628375930328,-0.015252437549244213
10.05,-0.6019476820716557,-0.5652974469914471,-0.03665023508020859
10.100000000000001,-0.5678570278714786,-0.5106039606799492,-0.05725306719152945
10.15,-0.48134061135265654,-0.42175967270940784,-0.059580938643248704
10.200000000000001,-0.3465608332462081,-0.3086630452677254,-0.0378977879784827
10.25,-0.18958057589042496,-0.18544238473524252,-0.004138191155182436
10.3,-0.04292521232487395,-0.06368112847221762,0.020755916147343664
10.350000000000001,0.07731405224218196,0.05390026747817177,0.023413784764010195
10.4,0.18149230664050095,0.17271874442762514,0.008773562212875813
10.450000000000001,0.29368347156335156,0.2979679724972234,-0.004284500933871838
10.5,0.42652069628298545,0.4254183022500082,0.0011023940329772386
10.55,0.5656971924143877,0.5397950164490064,0.025902175965381247
10.600000000000001,0.6782495723254197,0.6228918708584956,0.05535770146692409
10.65,0.7373924139573654,0.6647863249285569,0.0726060890288085
10.700000000000001,0.7413022512805797,0.6684042177446862,0.07289803353589352
10.75,0.7087171063048294,0.6435633244038746,0.06515378190095478
10.8,0.6562744202662555,0.5963903590135791,0.059884061252676424
10.850000000000001,0.5805520766449056,0.5244691819401955,0.05608289470471006
10.9,0.4638312612516223,0.42265370610231884,0.041177555149303435
10.950000000000001,0.2992559063863439,0.29396897155379614,0.005286934832547774
11.0,0.11042998248886407,0.1545065382511995,-0.044076555762335434
11.05,-0.056423552580932505,0.026436838459319142,-0.08286039104025164
11.100000000000001,-0.16406736569842012,-0.07535547394354737,-0.08871189175487275
11.15,-0.21184144750523787,-0.15093141894959355,-0.06091002855564431
11.200000000000001,-0.2330216185284977,-0.21021170579134998,-0.02280991273714772
11.25,-0.26315223288002704,-0.26031943079454034,-0.0028328020854866964
11.3,-0.3083012060556145,-0.2980216014224185,-0.010279604633195993
11.350000000000001,-0.34294893781990476,-0.3149409798300988,-0.028007957989805987
11.4,-0.33915879122602466,-0.310188461654248,-0.028970329571776643
11.450000000000001,-0.29841562340480615,-0.2969164332482085,-0.0014991901565976629
11.5,-0.2547613558890995,-0.2946789151167383,0.039917559227638844
11.55,-0.24584343664745348,-0.31371320174127043,0.06786976509381695
11.600000000000001,-0.27999364219196315,-0.3462512042550952,0.06625756206313205
11.65,-0.33126480325915486,-0.3740924651742857,0.04282766191513082
11.700000000000001,-0.36648762271182,-0.3858877052185713,0.019400082506751293
11.75,-0.37657495411362185,-0.3873089260981329,0.010733971984511037
11.8,-0.3804461292343109,-0.39332912143581644,0.012882992201505516
11.850000000000001,-0.3980572567661286,-0.40915535728467645,0.011098100518547871
11.9,-0.42079502064821767,-0.4182686588592445,-0.0025263617889731416
11.950000000000001,-0.410708492901093,-0.3903893033556274,-0.020319189545465632
12.0,-0.3312653472975738,-0.30376551044251165,-0.027499836855062132
12.05,-0.18052232698523452,-0.1625154346964002,-0.018006892288834314
12.100000000000001,0.0050925454084609365,0.005860974295174599,-0.0007684288867136624
12.15,0.17917916997812003,0.16939968064873331,0.009779489329386715
12.200000000000001,0.31753552965297865,0.30914390074313286,0.008391628909845794
12.25,0.4237180003731577,0.42044813169736633,0.0032698686757913764
12.3,0.5061684967918163,0.5004662481661338,0.005702248625682471
12.350000000000001,0.554310747484155,0.5377794745939626,0.016531272890192406
12.4,0.5408783229778154,0.5167570797285139,0.024121243249301427
12.450000000000001,0.448963383828266,0.43284099162456274,0.016122392203703262
12.5,0.2952947234889287,0.3026636015210495,-0.007368878032120774
12.55,0.12434885551555083,0.157483201993165,-0.03313434647761418
12.600000000000001,-0.022237700081314593,0.025114227352176745,-0.04735192743349134
12.65,-0.1311621742736755,-0.08294157831782208,-0.048220595955853415
12.700000000000001,-0.21377473903939728,-0.1680393682869864,-0.04573537075241088
12.75,-0.27982879037113667,-0.2303950156925924,-0.04943377467854426
12.8,-0.31864797370640185,-0.2609835909005574,-0.05766438280584446
12.850000000000001,-0.30911266975982155,-0.24901304580746084,-0.06009962395236071
12.9,-0.2482449890589002,-0.19746135542710852,-0.05078363363179167
12.950000000000001,-0.16684126288399054,-0.12953691727368086,-0.03730434561030968
13.0,-0.11246345237478954,-0.07722149873738163,-0.03524195363740791
13.05,-0.11345164553318356,-0.06105800341338447,-0.052393642119799085
13.100000000000001,-0.15801313824153249,-0.07951601501190873,-0.07849712322962375
13.15,-0.20839990818219248,-0.11690785867213807,-0.09149204951005441
13.200000000000001,-0.23564646501296765,-0.16032111417886757,-0.07532535083410008
13.25,-0.2404693260302206,-0.20740942977924748,-0.03305989625097311
13.3,-0.24092674558368993,-0.2572128158582319,0.016286070274541986
13.350000000000001,-0.24179633582608517,-0.294988849637854,0.053192513811768816
13.4,-0.21919463263475714,-0.2898067311828877,0.07061209854813055
13.450000000000001,-0.13803076345198523,-0.21181901821047378,0.07378825475848855
13.5,0.01392293317387322,-0.056092918995915696,0.07001585216978892
13.55,0.2087605743025563,0.1482685388047112,0.0604920354978451
13.600000000000001,0.39497068493899223,0.3527468805258321,0.04222380441316015
13.65,0.5319724827560552,0.5158394133110645,0.01613306944499071
13.700000000000001,0.6108021629672329,0.6198323471135583,-0.009030184146325393
13.75,0.6447984374637167,0.6669422136776659,-0.02214377621394925
13.8,0.6442736294175895,0.6633346333767522,-0.01906100395916277
13.850000000000001,0.6029674788844553,0.6089132608783797,-0.005945781993924371
13.9,0.5090502187926067,0.5020381514691253,0.0070120673234813635
13.950000000000001,0.36682820310278386,0.35172918987006374,0.015099013232720115
14.0,0.20483318127536435,0.18257061304135047,0.022262568234013874
14.05,0.061053067748484936,0.025911749396583375,0.03514131835190156
14.100000000000001,-0.04049948994550785,-0.09482896912772129,0.05432947918221344
14.15,-0.10021012035062493,-0.1718300646249214,0.07161994427429647
14.200000000000001,-0.13317033661395605,-0.20884883826006775,0.0756785016461117
14.25,-0.1519873146545481,-0.21261780749762704,0.06063049284307895
14.3,-0.1591859469829594,-0.1893731828874187,0.030187235904459292
14.350000000000001,-0.1530603027254242,-0.14800637317361406,-0.005053929551810138
14.4,-0.13618608510105878,-0.10254745786760223,-0.03363862723345655
14.450000000000001,-0.11555815814815969,-0.06760809512192571,-0.047950063026233974
14.5,-0.09567822937489291,-0.04970756548210655,-0.04597066389278636
14.55,-0.07503455718869415,-0.043872088705917266,-0.03116246848277688
14.600000000000001,-0.05145970594352532,-0.04035285178208988,-0.01110685416143544
14.65,-0.029465704636656966,-0.03523881106304943,0.005773106426392463
14.700000000000001,-0.018708118009833533,-0.033697390418008066,0.014989272408174534
14.75,-0.023139731206213387,-0.042093386460444054,0.018953655254230668
14.8,-0.033376694975311254,-0.05783212284164702,0.02445542786633577
14.850000000000001,-0.03394104036848556,-0.06940921357946536,0.0354681732109798
14.9,-0.021003121293604165,-0.06866906742850289,0.04766594613489872
14.950000000000001,-0.012047498773393525,-0.06303218767560038,0.05098468890220686
15.0,-0.0339051914395394,-0.07314017631502073,0.039234984875481334
15.05,-0.0972709061846174,-0.11508752356070835,0.017816617376090957
15.100000000000001,-0.18216470539386603,-0.18307001286342892,0.0009053074695628827
15.15,-0.2509527909885918,-0.25023955293382016,-0.0007132380547716366
15.200000000000001,-0.279042855643896,-0.28915062804677444,0.010107772402878412
15.25,-0.2744535314612865,-0.2937445548562462,0.019291023394959694
15.3,-0.26662283434102435,-0.28202173602392583,0.015398901682901478
15.350000000000001,-0.2746251007621728,-0.2763496316552338,0.001724530893061016
15.4,-0.2860623958072616,-0.2800503734023642,-0.006012022404897399
15.450000000000001,-0.26838934938279957,-0.2731352578493531,0.004745908466553539
15.5,-0.2027635169801858,-0.23205625792593926,0.02929274094575346
15.55,-0.10781663057305484,-0.15518743882890051,0.04737080825584568
15.600000000000001,-0.029733026952937194,-0.06981043828333854,0.04007741133040134
15.65,-0.0070020874382657515,-0.013420904579175809,0.006418817140910057
15.700000000000001,-0.04175869057076485,-0.005766553243679499,-0.03599213732708535
15.75,-0.10215557175574838,-0.035778230023716544,-0.06637734173203183
15.8,-0.15022001978759048,-0.07286116375945331,-0.07735885602813716
15.850000000000001,-0.16727217367537672,-0.08985241190353377,-0.07741976177184295
15.9,-0.15519737856993712,-0.07650206156143152,-0.0786953170085056
15.950000000000001,-0.11813512780461917,-0.03429353240153222,-0.08384159540308694
16.0,-0.047741599569220264,0.03751430254027204,-0.0852559021094923
16.05,0.07168476213530557,0.14756387425912101,-0.07587911212381544
16.1,0.24478553495926902,0.3032502441804212,-0.058464709221152156
16.150000000000002,0.4537996778389123,0.4963966507238258,-0.04259697288491354
16.2,0.6657917881049016,0.6987260333333933,-0.032934245228491754
16.25,0.8496921619981412,0.8721902568086664,-0.022498094810525116
16.3,0.9853525449498122,0.985171446101189,0.0001810988486231624
16.35,1.058034907866975,1.0215075041823307,0.036527403684644355
16.400000000000002,1.0495595542287324,0.9779900718873489,0.0715694823413835
16.45,0.941270336894697,0.8572264249473798,0.0840439119473172
16.5,0.7295973668715904,0.6650410975864113,0.0645562692851791
16.55,0.438644651594519,0.4140099881680744,0.024634663426444603
16.6,0.11469143839252757,0.1267356436198719,-0.01204420522734434
16.650000000000002,-0.19496730525761025,-0.16715522515871203,-0.027812080098898212
16.7,-0.46058948211478784,-0.4388772959158075,-0.021712186198980354
16.75,-0.670863006092357,-0.6663712020524507,-0.004491804039906344
16.8,-0.81978249859939,-0.8341059819708782,0.014323483371488144
16.85,-0.8971616844535443,-0.9300295159088134,0.03286783145526917
16.900000000000002,-0.8943186609108432,-0.9459273488439626,0.051608687933119346
16.95,-0.8173290539955903,-0.882431515224458,0.06510246122886765
17.0,-0.6898379464754755,-0.752750622242349,0.06291267576687354
17.05,-0.538250219638977,-0.578769247873787,0.04051902823481002
17.1,-0.37292435530397844,-0.3809636144012616,0.008039259097283147
17.150000000000002,-0.18630057867161348,-0.17128852900813352,-0.015012049663479965
17.2,0.02723124086811127,0.04346355095046328,-0.01623231008235201
17.25,0.2487613685337029,0.25091931960640407,-0.0021579510727011697
17.3,0.43442078598182843,0.4269143560151395,0.007506429966688932
17.35,0.5414609894100421,0.5427318240647536,-0.0012708346547115612
17.400000000000002,0.5581093772150524,0.5815911197910203,-0.023481742575967912
17.45,0.5087538214502425,0.5497379091492276,-0.040984087698985094
17.5,0.4290290183380034,0.4709083741926612,-0.041879355854657796
17.55,0.3348401502634213,0.3679987157140074,-0.0331585654505861
17.6,0.21539981444694584,0.2481924556784428,-0.03279264123149697
17.650000000000002,0.05621587473015002,0.1051155675389726,-0.04889969280882257
17.7,-0.13238597186042142,-0.06426319970311117,-0.06812277215731025
17.75,-0.3114639471753463,-0.2444041835588502,-0.0670597636164961
17.8,-0.4398288590603046,-0.4029450681801922,-0.0368837908801124
17.85,-0.5054976663248121,-0.5092984203029811,0.003800753978169036
17.900000000000002,-0.531726591905269,-0.5546411344789212,0.022914542573652108
17.95,-0.5521704009459523,-0.5566149103297832,0.004444509383830897
18.0,-0.5798349680454917,-0.5454464074400759,-0.03438856060541584
18.05,-0.5994750075385861,-0.5434351824657186,-0.05603982507286742
18.1,-0.5885480658951585,-0.5534501449221837,-0.035097920972974817
18.150000000000002,-0.5432091365055395,-0.5624596276934863,0.01925049118794686
18.2,-0.4820629458421268,-0.5534232803285966,0.07136033448646978
18.25,-0.42453229246799085,-0.5145110432949842,0.08997875082699336
18.3,-0.36739549522696036,-0.44059463475957683,0.07319913953261648
18.35,-0.28494712001773315,-0.33051514600991583,0.04556802599218268
18.400000000000002,-0.15385663564193966,-0.18616120344516074,0.03230456780322108
18.45,0.02156390856514069,-0.014850884626746936,0.036414793191887625
18.5,0.20854935954767206,0.16884465893317527,0.039704700614496796
18.55,0.37007461082788934,0.3457927235190075,0.02428188730888181
18.6,0.4903665247631531,0.49865777209926193,-0.008291247336108809
18.650000000000002,0.5780540086271327,0.6170031967744545,-0.038949188147321734
18.7,0.6465502823365654,0.6972718573317254,-0.050721574995159946
18.75,0.6936043435494784,0.7386575753747953,-0.04505323182531684
18.8,0.7011469065101285,0.7394321189700491,-0.03828521245992067
18.85,0.6545804383169624,0.6971927389292099,-0.04261230061224741
18.900000000000002,0.56067273733803,0.6123677814138455,-0.05169504407581549
18.95,0.4452971141268639,0.49147164284402817,-0.046174528717164265
19.0,0.33337478988485747,0.3473909667156001,-0.014016176830742633
19.05,0.23143520512214355,0.19687530462527753,0.034559900496866025
19.1,0.13012659283844707,0.057273655086634054,0.07285293775181302
19.150000000000002,0.0236129686351699,-0.055886199188503134,0.07949916782367303
19.200000000000003,-0.07402565576185315,-0.13032974469998676,0.056304088938133615
19.25,-0.13213991864305033,-0.15802982242748423,0.0258899037844339
19.3,-0.12426098957084283,-0.13606649324679473,0.0118055036759519
19.35,-0.04800161188210117,-0.06743507683497862,0.019433464952877455
19.400000000000002,0.0722324867101956,0.038006239689822814,0.03422624702037278
19.450000000000003,0.1998690574471865,0.16265646350574503,0.03721259394144147
19.5,0.304295551042902,0.28184781256435476,0.022447738478547252
19.55,0.36910268528705364,0.3682800399880614,0.0008226452989922306
19.6,0.38886806877239216,0.4005595556951619,-0.011691486922769723
19.650000000000002,0.36287018366691537,0.37213903448624447,-0.0092688508193291
19.700000000000003,0.29336041290343395,0.2943531927627441,-0.0009927798593101222
19.75,0.18795180104442633,0.18983403870088134,-0.0018822376564550103
19.8,0.06044350758980068,0.07967063764240824,-0.01922713005260756
19.85,-0.07284481438902302,-0.02655670091986743,-0.04628811346915558
19.900000000000002,-0.19798304604840036,-0.13023803172962825,-0.06774501431877211
19.950000000000003,-0.30467685092549934,-0.23363248885512364,-0.0710443620703757
20.0,-0.3836292682732571,-0.3295515476837849,-0.05407772058947219
20.05,-0.424849646585462,-0.4004736658982728,-0.024375980687189158
20.1,-0.42074632580119864,-0.42815519615534403,0.0074088703541453915
20.150000000000002,-0.37164725783396546,-0.4051186517198809,0.03347139388591541
20.200000000000003,-0.2872855637258667,-0.3378128689269381,0.050527305201071404
20.25,-0.18111007083174008,-0.23935467545159475,0.05824460461985467
20.3,-0.06204065102450591,-0.119734188981556,0.05769353795705008
20.35,0.06797244642558053,0.016571137954754626,0.05140130847082591
20.400000000000002,0.20724292979473194,0.1635058390941325,0.043737090700599446
20.450000000000003,0.34443889111845893,0.30479267346985733,0.0396462176486016
20.5,0.4555560072325826,0.41379004169895073,0.04176596553363188
20.55,0.5122575415794766,0.4639750063188211,0.04828253526065546
20.6,0.4958359908447119,0.4419541871029243,0.05388180374178764
20.650000000000002,0.4059854542975567,0.3523763325895099,0.053609121708046825
20.700000000000003,0.2583442278597629,0.21159843060061345,0.04674579725914946
20.75,0.07446828006589784,0.03695953280035597,0.03750874726554187
20.8,-0.12674048864462517,-0.15860183196696492,0.03186134332233975
20.85,-0.33048385581948425,-0.36335501762894395,0.032871161809459704
20.900000000000002,-0.5224786293863651,-0.5606786480363803,0.03820001865001521
20.950000000000003,-0.6865922158919454,-0.7281647731584132,0.0415725572664678
21.0,-0.8071694773373776,-0.844154097015925,0.03698461967854738
21.05,-0.8737423005499779,-0.8962524853465832,0.02251018479660527
21.1,-0.8834950651913587,-0.8846920735139671,0.0011970083226083839
21.150000000000002,-0.8399221941542651,-0.818821114455465,-0.02110107969880004
21.200000000000003,-0.7504218650173167,-0.711359229478924,-0.03906263553839262
21.25,-0.626005264165276,-0.5757887688589267,-0.05021649530634931
21.3,-0.4825742898603778,-0.42730211922218536,-0.05527217063819245
21.35,-0.3400376531282678,-0.2831178706494403,-0.05691978247882751
21.400000000000002,-0.2171046802279011,-0.15895399070865784,-0.058150689519243265
21.450000000000003,-0.1246475767259945,-0.06369746577928588,-0.060950110946708616
21.5,-0.0634066132103041,0.0024289578713469415,-0.06583557108165103
21.55,-0.02864152051248151,0.04377059678564994,-0.07241211729813145
21.6,-0.017599472886710564,0.06300547050966776,-0.08060494339637833
21.650000000000002,-0.03220092808853272,0.05927450363363853,-0.09147543172217125
21.700000000000003,-0.07336860126715052,0.03294272013017198,-0.1063113213973225
21.75,-0.13179394184392804,-0.007891369403353117,-0.12390257244057493
21.8,-0.18462560253473054,-0.046499387954741574,-0.13812621457998897
21.85,-0.20337510400985373,-0.0643348945131172,-0.1390402094967365
21.900000000000002,-0.16835268363021383,-0.04969445237660509,-0.11865823125360875
21.950000000000003,-0.07821961184917105,-2.9408931281513152e-05,-0.07819020291788953
22.0,0.0534963312038441,0.0840808152314366,-0.030584484027592493
22.05,0.21199567485301804,0.20639861651879457,0.00559705833422347
22.1,0.3927203024092333,0.374603065082514,0.01811723732671927
22.150000000000002,0.5997769637624454,0.5897850669404637,0.00999189682198165
22.200000000000003,0.831566315233985,0.8340568911149926,-0.0024905758810075396
22.25,1.0658556026696755,1.068058818185852,-0.0022032155161764155
22.3,1.2585375720247622,1.2429934830605192,0.015544088964243086
22.35,1.3600433858967993,1.3200472179816152,0.03999616791518412
22.400000000000002,1.33909350102558,1.284188803870084,0.05490469715549606
22.450000000000003,1.197176075145502,1.144421155938836,0.052754919206666084
22.5,0.9642449965824208,0.9236198086844719,0.04062518789794889
22.55,0.6806673201307122,0.6480759467542594,0.03259137337645279
22.6,0.38015736834997027,0.34414100682520826,0.03601636152476201
22.650000000000002,0.08537045186046992,0.040604970210903056,0.04476548164956686
22.700000000000003,-0.18473016914647195,-0.23050397193669936,0.045773802790227414
22.75,-0.4071822655172062,-0.4397440788322026,0.03256181331499641
22.8,-0.5576444573620094,-0.570159239056055,0.012514781694045629
22.85,-0.6229181931787613,-0.6235759870024364,0.0006577938236751457
22.900000000000002,-0.612212895894071,-0.6179016070632984,0.005688711169227423
22.950000000000003,-0.5556931325537483,-0.5772878956694223,0.021594763115673987
23.0,-0.4893859590904648,-0.5222968720060293,0.03291091291556447
23.05,-0.43723062630941917,-0.46590405117320166,0.028673424863782493
23.1,-0.4032649562508282,-0.41524417991519114,0.011979223664362937
23.150000000000002,-0.3779502088083867,-0.3744957499995555,-0.003454458808831218
23.200000000000003,-0.351030799496261,-0.34520087169190905,-0.005829927804351931
23.25,-0.3196006646532266,-0.32484802290925674,0.005247358256030121
23.3,-0.2866599341842391,-0.30739572550328254,0.02073579131904346
23.35,-0.2549798665134547,-0.28738709566288806,0.032407229149433336
23.400000000000002,-0.22410895492398886,-0.2646119782277594,0.040503023303770536
23.450000000000003,-0.19283314488329303,-0.2442318160116247,0.05139867112833166
23.5,-0.1622733977202817,-0.23075455914976792,0.06848116142948621
23.55,-0.13417650319249477,-0.22041056788563132,0.08623406469313655
23.6,-0.1053627329565257,-0.19925917301819976,0.09389644006167405
23.650000000000002,-0.0651974751009536,-0.15032813233095496,0.08513065723000136
23.700000000000003,-0.0010821382423262312,-0.06520583901914187,0.06412370077681565
23.75,0.09142747647686356,0.04916558692683845,0.042261889550025106
23.8,0.20325266668078507,0.17446450646758319,0.02878816021320188
23.85,0.3170231674063344,0.2927570605406558,0.024266106865678594
23.900000000000002,0.41851097577404506,0.39622927022837323,0.022281705545671826
23.950000000000003,0.5033507351210286,0.48666951671188824,0.01668121840914033
24.0,0.5726395900620866,0.5655818698453449,0.007057720216741781
24.05,0.6225369484085668,0.624485916601302,-0.0019489681927352676
24.1,0.6397223978955743,0.6452660624470888,-0.00554366455151456
24.150000000000002,0.6090405306663309,0.6116700870550327,-0.0026295563887017703
24.200000000000003,0.5269660452925166,0.5227745813100825,0.004191463982434085
24.25,0.4076538158916694,0.3967124706742168,0.010941345217452603
24.3,0.27484652293800577,0.2607957553727958,0.014050767565209954
24.35,0.14666371358727529,0.13567004861337753,0.010993664973897754
24.400000000000002,0.027322159273794572,0.026131026902093093,0.0011911323717014796
24.450000000000003,-0.08729215042326294,-0.07476152821281351,-0.012530622210449427
24.5,-0.1974194930920437,-0.17323535642291912,-0.024184136669124584
24.55,-0.29429923876537517,-0.26577194888477124,-0.028527289880603934
24.6,-0.36775559324886736,-0.3412728845177352,-0.026482708731132176
24.650000000000002,-0.41788668985338584,-0.39146445964498827,-0.026422230208397568
24.700000000000003,-0.4570855326744567,-0.4191372722353393,-0.037948260439117365
24.75,-0.49856663553963143,-0.43641949374617806,-0.062147141793453375
24.8,-0.5425400363775068,-0.4550650141772317,-0.08747502220027509
24.85,-0.5750450044955544,-0.47813711667462133,-0.09690788782093307
24.900000000000002,-0.5821194959050037,-0.500479314177569,-0.0816401817274347
24.950000000000003,-0.5655039745787148,-0.5162446334412574,-0.049259341137457446
25.0,-0.5428734484544052,-0.524704029120621,-0.018169419333784242
25.05,-0.5302283736387813,-0.527640951811625,-0.002587421827156322
25.1,-0.5226176608106317,-0.520814514202498,-0.0018031466081336323
25.150000000000002,-0.4928309596326904,-0.4890357827075445,-0.0037951769251459155
25.200000000000003,-0.41147576019473897,-0.41202318187381726,0.000547421679078286
25.25,-0.2712001256775378,-0.2782235485212121,0.0070234228436742985
25.3,-0.09316272612980728,-0.09561126902072567,0.0024485428909183926
25.35,0.08969741707330452,0.10991389472749948,-0.02021647765419496
25.400000000000002,0.25624305021049176,0.30766897321117026,-0.0514259230006785
25.450000000000003,0.4053690372871402,0.4763922722652207,-0.0710232349780805
25.5,0.5424431279492117,0.6086995695304761,-0.06625644158126442
25.55,0.659272494989292,0.7039782792799829,-0.04470578429069094
25.6,0.7292169247949692,0.7578773259364503,-0.02866040114148105
25.650000000000002,0.7239109431902403,0.7586992541465019,-0.03478831095626156
25.700000000000003,0.6365850086983935,0.6940454496625693,-0.057460440964175796
25.75,0.4902545022424425,0.5618407244179212,-0.07158622217547872
25.8,0.32327752600074383,0.37652656148023605,-0.053249035479492224
25.85,0.1656752779119592,0.1658826384690983,-0.00020736055713907464
25.900000000000002,0.026993943597950487,-0.03844796225704671,0.0654419058549972
25.950000000000003,-0.09589276930435593,-0.2099007236401039,0.11400795433574797
26.0,-0.20180660447256366,-0.33097999413098833,0.12917338965842468
26.05,-0.2772504557775467,-0.39300323811218085,0.11575278233463415
26.1,-0.305102855134542,-0.39509251135913387,0.08998965622459187
26.150000000000002,-0.2809936143965386,-0.344550123672965,0.06355650927642642
26.200000000000003,-0.22152893195590814,-0.2576195464130275,0.036090614457119335
26.25,-0.15696874144818773,-0.15814190316702065,0.0011731617188329158
26.3,-0.11503375517767725,-0.07286591430960641,-0.042167840868070836
26.35,-0.10870458543341192,-0.02453443066683933,-0.0841701547665726
26.400000000000002,-0.13505382234669766,-0.02528584008850265,-0.10976798225819501
26.450000000000003,-0.1820053482492711,-0.07282611972470857,-0.10917922852456252
26.5,-0.23546583320773976,-0.15095584641111673,-0.08450998679662303
26.55,-0.2827379053840639,-0.23484510426066177,-0.047892801123402134
26.6,-0.31347162943807605,-0.29970325011899485,-0.013768379319081203
26.650000000000002,-0.3205319094492695,-0.32937743222126104,0.00884552277199152
26.700000000000003,-0.30054357170321166,-0.32045393907570574,0.019910367372494076
26.75,-0.25259796758699377,-0.2793965110061063,0.02679854341911253
26.8,-0.17604936513899289,-0.2148153504858988,0.03876598534690592
26.85,-0.07094625146047809,-0.13090790709048913,0.059961655630011046
26.900000000000002,0.057293873769752285,-0.02769496600765347,0.08498883977740576
26.950000000000003,0.19296624063155113,0.0916852781075572,0.10128096252399393
27.0,0.3116427935438028,0.21275854121670737,0.09888425232709544
27.05,0.39009668754815546,0.3086670938414848,0.08142959370667069
27.1,0.41778172952842724,0.34971750293623594,0.0680642265921913
27.150000000000002,0.39990066141872976,0.3189449460312723,0.08095571538745744
27.200000000000003,0.34924777529343787,0.2239898070184563,0.12525796827498156
27.25,0.27521851814771775,0.09728228211960303,0.1779362360281147
27.3,0.18174978115844342,-0.016334123233165288,0.19808390439160872
27.35,0.07664562324158816,-0.07804525417696609,0.15469087741855425
27.400000000000002,-0.018593013641854263,-0.0701644139333216,0.05157140029146733
27.450000000000003,-0.07234957509677536,-0.0010062037024598095,-0.07134337139431556
27.5,-0.06159447736230192,0.10174582422604583,-0.16334030158834775
27.55,0.0090101531771258,0.20504679614751745,-0.19603664297039164
27.6,0.10600322235868204,0.284698373396987,-0.17869515103830497
27.650000000000002,0.18781271227826168,0.33282994736916854,-0.14501723509090686
27.700000000000003,0.2310071834488014,0.35532622492956323,-0.12431904148076184
27.75,0.2399669948880058,0.3616461331066684,-0.12167913821866258
27.8,0.23277258170813106,0.35443537767456795,-0.12166279596643689
27.85,0.21820645498680147,0.3267652895750252,-0.10855883458822374
27.900000000000002,0.1866600244563226,0.2693313380446459,-0.08267131358832328
27.950000000000003,0.12347925900616792,0.18181695290025104,-0.05833769389408312
28.0,0.03066984724246411,0.07839452786985665,-0.04772468062739254
28.05,-0.06581297599457787,-0.01857360426682352,-0.04723937172775436
28.1,-0.13202443818921963,-0.09255373124272995,-0.039470706946489686
28.150000000000002,-0.15116559209154923,-0.14289328278092392,-0.008272309310625309
28.200000000000003,-0.13457005222904825,-0.18143663320963704,0.046866580980588796
28.25,-0.10876603597814374,-0.21756379585419303,0.10879775987604928
28.3,-0.09175534798479017,-0.2446265731618929,0.15287122517710272
28.35,-0.08133908419539992,-0.24130692381243343,0.1599678396170335
28.400000000000002,-0.06547511794001307,-0.189542542053294,0.12406742411328092
28.450000000000003,-0.04236835324234069,-0.09563452556104785,0.05326617231870716
28.5,-0.028519963547159907,0.003922077583505847,-0.032442041130665754
28.55,-0.045506931691484086,0.059942491389962084,-0.10544942308144617
28.6,-0.09803821926864816,0.041099393341198415,-0.13913761260984658
28.650000000000002,-0.16505360790396845,-0.04421912221410282,-0.12083448568986563
28.700000000000003,-0.21324544678379512,-0.15118258710684418,-0.06206285967695094
28.75,-0.22083027359159912,-0.22502873419481018,0.004198460603211052
28.8,-0.1899424627333519,-0.23194691384973828,0.04200445111638637
28.85,-0.13763516822127356,-0.17320429139988602,0.035569123178612466
28.900000000000002,-0.07628471863021537,-0.07521476629098503,-0.0010699523392303373
28.950000000000003,-0.003654321453226289,0.03331434287226783,-0.03696866432549412
29.0,0.08788120692953807,0.137732282650485,-0.049851075720946936
29.05,0.19325414079163447,0.23570741113212829,-0.042453270340493815
29.1,0.2872478864418725,0.3224797835372513,-0.03523189709537883
29.150000000000002,0.3369563539940449,0.37946593396722444,-0.042509579973179557
29.200000000000003,0.32422770661145456,0.37922252709777393,-0.054994820486319373
29.25,0.2586369561606453,0.3049199186471138,-0.046282962486468515
29.3,0.17041622742136298,0.16882319302908766,0.0015930343922753165
29.35,0.09083593153551302,0.013462481339847038,0.07737345019566598
29.400000000000002,0.03734834726051515,-0.10786514807902296,0.14521349533953812
29.450000000000003,0.013889773590722947,-0.15840241404427313,0.17229218763499607
29.5,0.021119209296963266,-0.13399208061245768,0.15511128990942094
29.55,0.06279954331742442,-0.05771614794865046,0.12051569126607488
29.6,0.14071783734059454,0.040454031438303256,0.10026380590229128
29.650000000000002,0.24416370313896707,0.1418388905113815,0.10232481262758558
29.700000000000003,0.34675044809931554,0.24155452984569137,0.10519591825362418
29.75,0.41653049882470566,0.3362171797211794,0.08031331910352624
29.8,0.43211265659654285,0.4103780820676267,0.02173457452891614
29.85,0.39129652280808436,0.4356003531651715,-0.044303830357087126
29.900000000000002,0.30573954037070805,0.38450145489193044,-0.07876191452122239
29.950000000000003,0.18825912619748245,0.24899384196214072,-0.060734715764658276
30.0,0.04554312059564111,0.04852699458799865,-0.0029838739923575344
30.05,-0.11759396657504953,-0.17745351026178469,0.059859543686735156
30.1,-0.28877562422652175,-0.3864544948932155,0.09767887066669373
30.150000000000002,-0.44548959520133025,-0.5474852014270599,0.10199560622572967
30.200000000000003,-0.5644869907954347,-0.646107592714086,0.08162060191865128
30.25,-0.6356278875370389,-0.6818037294622878,0.04617584192524893
30.3,-0.6670522388112498,-0.6639098556876485,-0.0031423831236012667
30.35,-0.6759702788549793,-0.6093757742368393,-0.06659450461813998
30.400000000000002,-0.6729212861028654,-0.5401448849699613,-0.13277640113290412
30.450000000000003,-0.6538595568192149,-0.4769038016414812,-0.1769557551777337
30.5,-0.6072420483154926,-0.4305996166996288,-0.17664243161586374
30.55,-0.5289915760662478,-0.39788767084141685,-0.13110390522483095
30.6,-0.4305022933727139,-0.36535352134195753,-0.06514877203075636
30.650000000000002,-0.3313960878200182,-0.32017292814201637,-0.01122315967800186
30.700000000000003,-0.24353627130000394,-0.2587471476294438,0.015210876329439849
30.75,-0.16170237873554294,-0.18636317244706163,0.02466079371151869
30.8,-0.07053349595054567,-0.10924666885128646,0.03871317290074079
30.85,0.03794295424782194,-0.02760692378781785,0.06554987803563979
30.900000000000002,0.15219891546201758,0.06279233238377173,0.08940658307824585
30.950000000000003,0.2459064100464152,0.16154634683067565,0.08436006321573955
31.0,0.2955329998482467,0.25580479989033605,0.03972819995791066
31.05,0.29536688094668634,0.3220175387929556,-0.026650657846269243
31.1,0.2575792887824968,0.337199724129164,-0.07962043534666718
31.150000000000002,0.19936252516367525,0.29157298618831534,-0.09221046102464009
31.200000000000003,0.13079914188633066,0.193877215236712,-0.06307807335038135
31.25,0.05475192806176417,0.06732910025561988,-0.012577172193855707
31.3,-0.023442939313300524,-0.05893171031537047,0.035488771002069944
31.35,-0.08935818854539576,-0.15723409183791068,0.06787590329251492
31.400000000000002,-0.12557067074162745,-0.20634912207453904,0.08077845133291159
31.450000000000003,-0.12615123162245365,-0.19630189159632364,0.07015065997386999
31.5,-0.10500609647102077,-0.13359882170072068,0.02859272522969991
31.55,-0.08811594365731809,-0.04301286460014933,-0.04510307905716876
31.6,-0.09520255938932443,0.038854710452270146,-0.13405726984159458
31.650000000000002,-0.12722812099674977,0.07771727066519599,-0.20494539166194575
31.700000000000003,-0.17087495984888418,0.05591240492579909,-0.22678736477468325
31.75,-0.2143824408816939,-0.02204663473318868,-0.1923358061485052
31.8,-0.257624421797329,-0.13510197914475408,-0.12252244265257489
31.85,-0.3052795652717892,-0.2562789481990417,-0.0490006170727475
31.900000000000002,-0.35006505164405394,-0.3596455326044903,0.009580480960436344
31.950000000000003,-0.3649908890117328,-0.4208022527599672,0.055811363748234366
32.0,-0.31638602983557174,-0.41602585169209666,0.09963982185652492
32.050000000000004,-0.18903170378131093,-0.3267800226719137,0.13774831889060277
32.1,-0.0011368758197616664,-0.14979132431836456,0.1486544484986029
32.15,0.20551662077652538,0.09491604755371244,0.11060057322281294
32.2,0.39239776949413296,0.3663238715708725,0.02607389792326048
32.25,0.5443154148428568,0.6156961245304845,-0.07138070968762766
32.300000000000004,0.6658352573371612,0.8027455433739976,-0.13691028603683641
32.35,0.7604030856936054,0.905208346682625,-0.14480526098901958
32.4,0.8156178649257632,0.9191523782355098,-0.10353451330974661
32.45,0.8116524807647325,0.8550450188294542,-0.04339253806472165
32.5,0.7456548564544047,0.7354783300028167,0.010176526451587953
32.550000000000004,0.6469040175924803,0.5944350828113742,0.052468934781106036
32.6,0.5641608240193805,0.4725580752518057,0.0916027487675748
32.65,0.5326735627308252,0.404896765681835,0.1277767970489902
32.7,0.5488542778733069,0.40571222374838095,0.14314205412492592
32.75,0.5753759065317264,0.4607148398588044,0.11466106667292203
32.800000000000004,0.5725275663363661,0.5337980661092646,0.03872950022710153
32.85,0.5282233969189567,0.5849809101295461,-0.056757513210589416
32.9,0.46113940116800173,0.5880454896301485,-0.12690608846214674
32.95,0.39686965145469805,0.5375472496491382,-0.1406775981944402
33.0,0.34154148309768584,0.44390219946062454,-0.1023607163629387
33.050000000000004,0.27809401316729554,0.323599900495913,-0.045505887328617434
33.1,0.18750933883173632,0.19237409587156595,-0.004864757039829637
33.15,0.07313126348919699,0.06343665459078478,0.009694608898412213
33.2,-0.036328631196184465,-0.05246934069521196,0.016140709499027496
33.25,-0.1087625697371785,-0.14834668036172352,0.03958411062454502
33.300000000000004,-0.13559237122042359,-0.2227791870806069,0.08718681586018331
33.35,-0.13924855182561058,-0.27938124544746906,0.14013269362185848
33.4,-0.15500319717525887,-0.3232862496938999,0.16828305251864104
33.45,-0.20393425972381432,-0.35793508632309995,0.15400082659928563
33.5,-0.2803842169374775,-0.38565337148382955,0.10526915454635205
33.550000000000004,-0.36265565608644934,-0.41123737132197574,0.0485817152355264
33.6,-0.43463949346346153,-0.44367146948439423,0.009031976020932697
33.65,-0.49795525525394435,-0.4922374273468809,-0.005717827907063433
33.7,-0.5649928763230424,-0.5591341957870384,-0.005858680536004024
33.75,-0.6414597497494492,-0.6352599305185344,-0.006199819230914838
33.800000000000004,-0.7157001968371975,-0.703786789655343,-0.011913407181854518
33.85,-0.7644699260918446,-0.7490668474512536,-0.015403078640590984
33.9,-0.76936882798744,-0.7633087094252009,-0.006060118562239092
33.95,-0.7291042556143569,-0.7457362821231682,0.01663202650881135
34.0,-0.6573563899608313,-0.6964743070871562,0.03911791712632484
34.050000000000004,-0.569016396347239,-0.6125583358706338,0.0435419395233948
34.1,-0.46727855112570743,-0.4909222969366483,0.023643745810940864
34.15,-0.3427618251475551,-0.33556003101973353,-0.00720179412782157
34.2,-0.18541660967141732,-0.1611777495557976,-0.02423886011561971
34.25,0.0007016848860753195,0.011377885804358386,-0.010676200918283066
34.300000000000004,0.19227734811660474,0.16476486900194132,0.027512479114663424
34.35,0.35633730487976156,0.291820534137143,0.06451677074261858
34.4,0.4681124346508051,0.3940310594961242,0.07408137515468088
34.45,0.5236140920517233,0.4740238039969193,0.04959028805480398
34.5,0.5367914660649765,0.5290518157060263,0.00773965035895019
34.550000000000004,0.5231943172744362,0.5503902430417329,-0.02719592576729668
34.6,0.4837282179343816,0.5277050581146622,-0.043976840180280585
34.65,0.40331357003704654,0.4540355269769362,-0.05072195693988968
34.7,0.26745811120555957,0.32873238482545425,-0.06127427361989468
34.75,0.0835486311405937,0.15922037390859917,-0.07567174276800546
34.800000000000004,-0.11281113541160392,-0.03707765887991252,-0.07573347653169141
34.85,-0.2753411812570189,-0.23242071381668358,-0.042920467440335314
34.9,-0.3768532727314678,-0.3939312315407594,0.017077958809291582
34.95,-0.4269621457968694,-0.49518995746146094,0.06822781166459152
35.0,-0.46154045334977195,-0.5287278437713383,0.06718739042156635
35.050000000000004,-0.5113689207402489,-0.5105494065234516,-0.000819514216797268
35.1,-0.576235568713368,-0.47211057389107036,-0.10412499482229765
35.15,-0.6268525821690315,-0.44427973658533776,-0.18257284558369374
35.2,-0.632467190560995,-0.443654751926351,-0.18881243863464398
35.25,-0.5886673619198689,-0.4687850204940447,-0.11988234142582421
35.300000000000004,-0.5196117706228671,-0.5052355414295349,-0.014376229193332257
35.35,-0.4528734392197812,-0.532442706400883,0.0795692671811018
35.4,-0.39127612238995174,-0.5273623839724221,0.13608626158247034
35.45,-0.30949650307464566,-0.4668577432199221,0.15736124014527642
35.5,-0.17985422843321136,-0.3342432420166156,0.15438901358340423
35.550000000000004,-0.0034014419754185054,-0.13073706797429405,0.12733562599887555
35.6,0.18359073739296114,0.1158171357841159,0.06777360160884524
35.65,0.3349775789653653,0.35528764080639524,-0.020310061841029958
35.7,0.42904600982731106,0.5351762786937568,-0.10613026886644578
35.75,0.48027067432226944,0.6258221606343717,-0.14555148631210224
35.800000000000004,0.5184259405973844,0.6341158504625899,-0.11568990986520544
35.85,0.5560423020031576,0.5956488939494413,-0.03960659194628369
35.9,0.5760278841147872,0.5506007182761182,0.025427165838668997
35.95,0.5513507870762643,0.5204268662409983,0.03092392083526596
36.0,0.4772149832023378,0.501022623718058,-0.023807640515720152
36.050000000000004,0.38358916391678616,0.4748288838787606,-0.09123971996197444
36.1,0.31446922551931644,0.43015365947629397,-0.11568443395697753
36.15,0.29209750672716045,0.3718831382937518,-0.07978563156659135
36.2,0.2990270195418505,0.3161853581596752,-0.017158338617824676
36.25,0.29454741917801763,0.2752539120188816,0.019293507159136025
36.300000000000004,0.2503790454253598,0.24577152761399926,0.0046075178113605675
36.35,0.17356636262894654,0.21105210670799,-0.037485744079043454
36.4,0.09747288874025453,0.15529917877715824,-0.057826290036903705
36.45,0.05146284935032821,0.07844104837619426,-0.026978199025866047
36.5,0.03802344774837984,-0.0006449007739213215,0.03866834852230116
36.550000000000004,0.03669352881458024,-0.055609707164215164,0.0923032359787954
36.6,0.027784382590533025,-0.0702468322360463,0.09803121482657932
36.65,0.011258761802367182,-0.048778172532536516,0.0600369343349037
36.7,0.0030961207607217104,-0.01134389260858967,0.01444001336931138
36.75,0.01464078634021199,0.020597055946061718,-0.005956269605849728
36.800000000000004,0.03670479375533641,0.036154370310678675,0.0005504234446577355
36.85,0.044541492488132474,0.034710779780084196,0.009830712708048278
36.9,0.018935414797910957,0.016211634812468474,0.0027237799854424836
36.95,-0.03672897286344005,-0.025248783618737544,-0.011480189244702503
37.0,-0.09920374971372041,-0.09448074417561399,-0.004723005538106423
37.050000000000004,-0.14479038639964825,-0.17918167529059162,0.03439128889094337
37.1,-0.16727111999582342,-0.24214683806186543,0.07487571806604201
37.15,-0.1786664492723712,-0.23645984690563177,0.05779339763326055
37.2,-0.19362300933362606,-0.1391156096245287,-0.05450739970909735
37.25,-0.2127389572829324,0.02194498990695473,-0.23468394718988714
37.300000000000004,-0.21974142071408945,0.17397664626148213,-0.39371806697557155
37.35,-0.1938253645649583,0.2422811049387901,-0.43610646950374843
37.4,-0.12506149968011507,0.20227119041284852,-0.3273326900929636
37.45,-0.01952657420981332,0.10099705444976989,-0.12052362865958322
37.5,0.10842252829275947,0.02831017575412918,0.08011235253863029
37.550000000000004,0.24743084290326547,0.05621279655722115,0.19121804634604433
37.6,0.39258540217914845,0.19067861730231417,0.20190678487683428
37.65,0.5384116287428179,0.37119536139528664,0.16721626734753126
37.7,0.6696629490489711,0.5161084243501713,0.1535545246987997
37.75,0.7608318763293984,0.5770352148978057,0.18379666143159268
37.800000000000004,0.7874765541602068,0.5614980192192505,0.22597853494095632
37.85,0.7412708504883287,0.5114257784247549,0.22984507206357385
37.9,0.6362608475602977,0.4609476741663828,0.17531317339391483
37.95,0.5003251562678592,0.41010789855386864,0.09021725771399058
38.0,0.3579491649582462,0.33310407204705184,0.024845092911194355
38.050000000000004,0.21779798385144597,0.20868498866076327,0.009112995190682704
38.1,0.07465928821738636,0.04372180293234078,0.030937485285045585
38.15,-0.07688915027440855,-0.12924733724620338,0.052358186971794826
38.2,-0.22991664934842898,-0.27530212757677214,0.04538547822834316
38.25,-0.3656062469509456,-0.379655727144768,0.01404948019382235
38.300000000000004,-0.4669544907597701,-0.4519202772418067,-0.015034213517963357
38.35,-0.5333696320992615,-0.5123807677111989,-0.020988864388062578
38.400000000000006,-0.5819268838817435,-0.5745787372280414,-0.007348146653702092
38.45,-0.6323476589007234,-0.6378863474638253,0.005538688563101912
38.5,-0.6878690678832629,-0.6922362493123011,0.004367181429038247
38.550000000000004,-0.7293015034830588,-0.7270894002973759,-0.0022121031856828788
38.6,-0.7290787743061267,-0.7362817119560212,0.0072029376498945474
38.650000000000006,-0.6744316669174675,-0.7172468463268391,0.04281517940937163
38.7,-0.5797806771874057,-0.6689203313700388,0.08913965418263314
38.75,-0.47698723600100545,-0.5921972398464241,0.11521000384541868
38.800000000000004,-0.39140344735245597,-0.4922957815206505,0.10089233416819454
38.85,-0.3245037607747501,-0.3794925762963804,0.05498881552163026
38.900000000000006,-0.25820499366231703,-0.26627266480651407,0.008067671144197042
38.95,-0.17644175709079765,-0.16267359236157147,-0.013768164729226179
39.0,-0.08387666275684491,-0.0733865824027092,-0.010490080354135706
39.050000000000004,-0.004379483635471742,0.0014738842926051543,-0.0058533679280768965
39.1,0.03923678067096522,0.06307033744071203,-0.023833556769746807
39.150000000000006,0.045240471348867765,0.11076518992519808,-0.06552471857633033
39.2,0.03402530984418249,0.14132034606868393,-0.10729503622450144
39.25,0.029228031770104794,0.15058155069046697,-0.12135351892036217
39.300000000000004,0.03661086898613812,0.13631814222040023,-0.09970727323426211
39.35,0.04036443649248379,0.10028728255531107,-0.05992284606282727
39.400000000000006,0.02002669257083202,0.04805165760337206,-0.02802496503254004
39.45,-0.02805471579495298,-0.013370923501036644,-0.014683792293916335
39.5,-0.08477218715290133,-0.07795072877859542,-0.006821458374305908
39.550000000000004,-0.12311875047757391,-0.14043315451658778,0.017314404039013867
39.6,-0.12987172730914598,-0.19294353694533248,0.0630718096361865
39.650000000000006,-0.11440331286623029,-0.22196523660724826,0.10756192374101797
39.7,-0.09763062632372295,-0.21116543865811768,0.11353481233439473
39.75,-0.09264323954133513,-0.15178587738863533,0.0591426378473002
39.800000000000004,-0.09531770201952061,-0.05448588599965511,-0.0408318160198655
39.85,-0.09248550397238263,0.04834261085379006,-0.1408281148261727
39.900000000000006,-0.0780061558660614,0.11621160936563588,-0.19421776523169726
39.95,-0.06010171154026594,0.12403788063452124,-0.18413959217478718
40.0,-0.05275775924028962,0.07910046798377943,-0.13185822722406904
40.050000000000004,-0.060112446523527034,0.01734184644494764,-0.07745429296847467
40.1,-0.0697048938222219,-0.019988927395644313,-0.04971596642657759
40.150000000000006,-0.061722687768815364,-0.012407582674716346,-0.04931510509409902
40.2,-0.025736723262849072,0.030551017174670365,-0.05628774043751944
40.25,0.030936340508814466,0.08261470306283555,-0.051678362554021084
40.300000000000004,0.09117003419694186,0.12390434213335152,-0.03273430793640966
40.35,0.1446920650119093,0.1544490956101098,-0.009757030598200517
40.400000000000006,0.19762390279600026,0.18898404576189062,0.008639857034109633
40.45,0.2657222669300269,0.24105109548393347,0.024671171446093404
40.5,0.3573858012602322,0.3121932112001037,0.045192590060128546
40.550000000000004,0.4620152710493724,0.3942027383889811,0.06781253266039128
40.6,0.5544128384838087,0.47820260841193657,0.07621023007187216
40.650000000000006,0.6113336219555993,0.5586322427735338,0.05270137918206541
40.7,0.6255879875769081,0.6281401314027653,-0.0025521438258571116
40.75,0.6059094784655611,0.6714874906889998,-0.06557801222343873
40.800000000000004,0.5642111645212943,0.6690851883743023,-0.10487402385300804
40.85,0.5032807419419868,0.6104511846638488,-0.10717044272186205
40.900000000000006,0.4169127299236067,0.5056018610722539,-0.08868913114864724
40.95,0.3021102949889739,0.3818608370797578,-0.07975054209078392
41.0,0.17094795308487817,0.26656064411704244,-0.09561269103216427
41.050000000000004,0.049331184031621914,0.17003767198148223,-0.12070648794986032
41.1,-0.038168716313221225,0.08387793095819986,-0.12204664727142109
41.150000000000006,-0.08481361799429007,-0.004614484832368236,-0.08019913316192184
41.2,-0.10456202535199531,-0.09575532715863377,-0.008806698193361537
41.25,-0.11771534871395659,-0.17398552615065038,0.0562701774366938
41.300000000000004,-0.13110798289723702,-0.21957039292410235,0.08846241002686533
41.35,-0.13012730832166794,-0.22309467540069894,0.092967367079031
41.400000000000006,-0.09021074471522272,-0.18905236411761692,0.09884161940239419
41.45,0.0012079924764996895,-0.12714318686653578,0.12835117934303547
41.5,0.1304644569127072,-0.04254511684857354,0.17300957376128073
41.550000000000004,0.262838991247581,0.06357039407316513,0.19926859717441586
41.6,0.3625085256280067,0.18405479304297231,0.17845373258503436
41.650000000000006,0.41082549288776415,0.2980451862607672,0.11278030662699695
41.7,0.4092724651685484,0.37544652920014265,0.033825935968405774
41.75,0.3676818638524788,0.39122506506037924,-0.023543201207900433
41.800000000000004,0.29075970601750606,0.337242348467593,-0.04648264245008693
41.85,0.1756485476765588,0.2221760400798079,-0.046527492403249104
41.900000000000006,0.021439750655493556,0.062133274593285825,-0.04069352393779227
41.95,-0.16006489228665866,-0.12713353058020044,-0.03293136170645822
42.0,-0.3436406865199731,-0.32942307697368506,-0.014217609546288035
42.050000000000004,-0.5011065314846052,-0.5228750309004223,0.021768499415817155
42.1,-0.6136111413532019,-0.680213239026551,0.06660209767334901
42.150000000000006,-0.6756146649438691,-0.7780647157936745,0.10245005084980541
42.2,-0.6893229381375392,-0.8077975262164852,0.11847458807894595
42.25,-0.6573377769263647,-0.7769735642861141,0.11963578735974933
42.300000000000004,-0.5814752862057052,-0.6994303891217205,0.1179551029160153
42.35,-0.4676995187113612,-0.5839974387776387,0.11629792006627748
42.400000000000006,-0.3299717338265905,-0.4336978538088073,0.10372611998221681
42.45,-0.18718982007502896,-0.25618182833951464,0.06899200826448568
42.5,-0.05547281691431601,-0.07336526544817756,0.01789244853386155
42.550000000000004,0.056341159072123934,0.08232970266946099,-0.025988543597337058
42.6,0.1434612423782992,0.1845553392719103,-0.041094096893611126
42.650000000000006,0.1985373853074515,0.22803618537738946,-0.029498800069937964
42.7,0.21058309425381422,0.22770801175080654,-0.017124917496992326
42.75,0.17286144821428756,0.20253819950485452,-0.02967675129056696
42.800000000000004,0.09283974149705143,0.15953693832639002,-0.06669719682933858
42.85,-0.006801001340680079,0.09328199700668616,-0.10008299834736624
42.900000000000006,-0.09968997330338493,0.0006408334083333007,-0.10033080671171823
42.95,-0.1710913062991286,-0.10524440453049158,-0.06584690176863703
43.0,-0.2235434213019822,-0.1973865443119033,-0.026156876990078903
43.050000000000004,-0.26768988195005144,-0.253194996542805,-0.014494885407246472
43.1,-0.30707622027634357,-0.2716127665725634,-0.03546345370378018
43.150000000000006,-0.33151405896174263,-0.27220720076067384,-0.05930685820106879
43.2,-0.3253533059255431,-0.27595405854060284,-0.04939924738494028
43.25,-0.28254413749590873,-0.2848822847684898,0.0023381472725810815
43.300000000000004,-0.21386223868646415,-0.27921378998245644,0.0653515512959923
43.35,-0.13943486565470958,-0.234812257048884,0.09537739139417442
43.400000000000006,-0.07392733510487043,-0.14560624986413656,0.07167891475926613
43.45,-0.018371377422483626,-0.03174647827604517,0.013375100853561542
43.5,0.03457720846653928,0.07270885439818792,-0.03813164593164864
43.550000000000004,0.08853988607690517,0.1415330832590039,-0.05299319718209873
43.6,0.13715603184543115,0.17023813229330104,-0.03308210044786988
43.650000000000006,0.16951898479287267,0.1735461182601287,-0.004027133467256028
43.7,0.18096508957847335,0.17175377848137902,0.009211311097094332
43.75,0.17785332353887823,0.17804438268876843,-0.00019105914989020478
43.800000000000004,0.17176082290611466,0.19448227110223673,-0.022721448196122068
43.85,0.16949212351735993,0.2155566194307466,-0.04606449591338668
43.900000000000006,0.16899015208865775,0.23345037663847776,-0.06446022454982
43.95,0.1643387748127967,0.24118106502658024,-0.07684229021378353
44.0,0.1534371559903188,0.23398732543761608,-0.08055016944729729
44.050000000000004,0.13987779128899389,0.21073174767113947,-0.07085395638214559
44.1,0.12777321066510702,0.17526177967350912,-0.04748856900840209
44.150000000000006,0.11639819358467982,0.13605609426168214,-0.01965790067700232
44.2,0.10147808643961828,0.10345971560131953,-0.0019816291617012483
44.25,0.08190738770521598,0.085991573146096,-0.004084185440880017
44.300000000000004,0.06377747885466979,0.0877384738162333,-0.02396099496156351
44.35,0.05589351767886935,0.10727692969474506,-0.05138341201587571
44.400000000000006,0.06041853331431374,0.13729597481168598,-0.07687744149737225
44.45,0.06863562298567161,0.16500203122523957,-0.09636640823956796
44.5,0.0675912323397856,0.17503460753973255,-0.10744337519994694
44.550000000000004,0.052270932361734766,0.1558843144383544,-0.10361338207661963
44.6,0.03144180101321923,0.10715781032787475,-0.07571600931465552
44.650000000000006,0.020700983171388392,0.04213661614371213,-0.021435632972323735
44.7,0.02875282186690168,-0.017908631315415976,0.04666145318231765
44.75,0.049995274574652075,-0.05478350861540067,0.10477878319005274
44.800000000000004,0.07067206130140603,-0.061902251776654996,0.13257431307806103
44.85,0.08258852261711193,-0.044107869652795506,0.12669639226990742
44.900000000000006,0.09083199456091254,-0.01016143068308399,0.10099342524399653
44.95,0.1077342613340318,0.03440739972549685,0.07332686160853495
45.0,0.13885094144885202,0.08758291614874879,0.05126802530010323
45.050000000000004,0.17466005906093948,0.14526046273621765,0.029399596324721833
45.1,0.1961999664016301,0.19684006203102683,-0.0006400956293967364
45.150000000000006,0.1894280871851689,0.22755402094758487,-0.038125933762415964
45.2,0.15488185865320675,0.2257024769683451,-0.07082061831513836
45.25,0.10412812105249108,0.1878360763577812,-0.08370795530529013
45.300000000000004,0.047443933187018957,0.11761726638298925,-0.0701733331959703
45.35,-0.014575161252788998,0.021517008510236284,-0.03609216976302528
45.400000000000006,-0.0871157714784755,-0.09195172040852308,0.004835948930047573
45.45,-0.16903568326796736,-0.20769053754417618,0.03865485427620882
45.5,-0.24500458127467145,-0.30071595374760435,0.055711372472932896
45.550000000000004,-0.2906785393930096,-0.3424998815806113,0.051821342187601704
45.6,-0.28755862425055106,-0.31683398387517825,0.029275359624627184
45.650000000000006,-0.23505575844711413,-0.23367666344865953,-0.0013790949984545942
45.7,-0.14954170166111924,-0.12726675775522261,-0.022274943905896627
45.75,-0.051559572648739074,-0.03620714412116947,-0.015352428527569607
45.800000000000004,0.04749873066108949,0.020896950846224456,0.026601779814865036
45.85,0.14796721300439847,0.055137330642582486,0.09282988236181598
45.900000000000006,0.2522960313877408,0.09430778658734654,0.15798824480039428
45.95,0.35265797963706447,0.1577908606173479,0.19486711901971657
46.0,0.42765604112504324,0.2395980701538586,0.18805797097118465
46.050000000000004,0.4521897934692648,0.31209979758553413,0.14008999588373067
46.1,0.4131581853078731,0.3451817592000245,0.06797642610784865
46.150000000000006,0.3183522771528315,0.32385691449272963,-0.005504637339898144
46.2,0.19114168314182028,0.25147425330293166,-0.060332570161111376
46.25,0.05514635922771761,0.14026381420896428,-0.08511745498124668
46.300000000000004,-0.07858711911355624,0.0015767441362062964,-0.08016386324976255
46.35,-0.21148885334406659,-0.1545545842386909,-0.05693426910537569
46.400000000000006,-0.3451985867025964,-0.3127915026451833,-0.032407084057413105
46.45,-0.46884212847740214,-0.4493545880066961,-0.019487540470706055
46.5,-0.5585924357032729,-0.5393712184396923,-0.019221217263580614
46.550000000000004,-0.591697747910812,-0.5702916047989424,-0.021406143111869613
46.6,-0.5637131187537512,-0.5494870620128351,-0.014226056740916038
46.650000000000006,-0.4934973594328916,-0.49825068533893246,0.004753325906040884
46.7,-0.41034638352807484,-0.43631526510155855,0.025968881573483704
46.75,-0.33348021207612083,-0.36948027165091585,0.03600005957479502
46.800000000000004,-0.26159496616304195,-0.2902345225496276,0.028639556386585663
46.85,-0.18160892533502948,-0.19007093750239148,0.008462012167362004
46.900000000000006,-0.08809678349087086,-0.07260692714209731,-0.015489856348773548
46.95,0.005473529273219539,0.043363899608186075,-0.03789037033496653
47.0,0.07522985506425006,0.1330061570175807,-0.05777630195333064
47.050000000000004,0.10765428028768351,0.17936050238094275,-0.07170622209325925
47.1,0.11250876004844255,0.1819069914356812,-0.06939823138723865
47.150000000000006,0.11441362930744946,0.1547457024837667,-0.04033207317631725
47.2,0.13001087399855418,0.11719336836162315,0.012817505636931029
47.25,0.15240894660878293,0.0840056210189759,0.06840332558980702
47.300000000000004,0.15860483910009107,0.06109570177596442,0.09750913732412665
47.35,0.1335904778096905,0.04774547710795182,0.08584500070173867
47.400000000000006,0.08793547096343907,0.04191183654200563,0.04602363442143344
47.45,0.0509501596107272,0.04400967700722508,0.006940482603502121
47.5,0.0448922502179883,0.05660026077430521,-0.011708010556316907
47.550000000000004,0.064667625191607,0.08087338523394705,-0.016205760042340048
47.6,0.08301918049128942,0.11326474719617854,-0.03024556670488912
47.650000000000006,0.07680681332670211,0.14536797286054437,-0.06856115953384226
47.7,0.04915308940109702,0.16762360025474576,-0.11847051085364874
47.75,0.02571882425933097,0.1741092728896878,-0.14839044863035683
47.800000000000004,0.028410436082419405,0.16473322994906597,-0.13632279386664656
47.85,0.05217922480372013,0.14331199734298103,-0.0911327725392609
47.900000000000006,0.06810304200569822,0.11365677599350815,-0.04555373398780993
47.95,0.05059577389960387,0.07757712996733113,-0.02698135606772726
48.0,0.002919209380822777,0.036758362242278644,-0.03383915286145587
48.050000000000004,-0.04362328016037998,-0.0035874518447519175,-0.04003582831562806
48.1,-0.056369747864464574,-0.03365446946676429,-0.02271527839770028
48.150000000000006,-0.028830043948889095,-0.04292061847377952,0.014090574524890428
48.2,0.01631649837854278,-0.02668695272740655,0.04300345110594933
48.25,0.050284263506428215,0.009929755932170633,0.040354507574257584
48.300000000000004,0.0642684857204239,0.05404926216628419,0.010219223554139713
48.35,0.07386278666441677,0.09174684569543948,-0.017884059031022706
48.400000000000006,0.09912980452953787,0.1145027096195803,-0.015372905090042424
48.45,0.1411773866198582,0.12130309035332153,0.01987429626653668
48.5,0.1783920591723571,0.11634713006743562,0.06204492910492147
48.550000000000004,0.18535616340745173,0.10543650217748016,0.07991966122997157
48.6,0.15549643269684557,0.09370105904205885,0.061795373654786726
48.650000000000006,0.10596481582801631,0.08467087773271857,0.02129393809529774
48.7,0.061408749597051435,0.07928099612671896,-0.017872246529667526
48.75,0.03333082099048533,0.07469879774081448,-0.04136797675032915
48.800000000000004,0.014317274203412556,0.06481309911009807,-0.05049582490668551
48.85,-0.00950481103404897,0.04374298405142252,-0.05324779508547149
48.900000000000006,-0.04191634666812618,0.0106412791526186,-0.05255762582074478
48.95,-0.07220899672410412,-0.028266219671599334,-0.04394277705250479
49.0,-0.08550187060316715,-0.06283239275990894,-0.022669477843258207
49.050000000000004,-0.07587744421392796,-0.08507098387539509,0.009193539661467132
49.1,-0.04943471857459062,-0.09284200486833921,0.04340728629374859
49.150000000000006,-0.016180242266419346,-0.08798177664451401,0.07180153437809467
49.2,0.01902708027778585,-0.07141827832315518,0.09044535860094104
49.25,0.05687140968396435,-0.041222445205893875,0.09809385488985822
49.300000000000004,0.09626124785924917,0.003328799230678069,0.0929324486285711
49.35,0.1287120912793203,0.055339412843800485,0.07337267843551981
49.400000000000006,0.14148396762323792,0.09888156390617954,0.04260240371705838
49.45,0.12667683103080216,0.11615465690496204,0.010522174125840111
49.5,0.08711662170869168,0.09858259507921296,-0.011465973370521285
49.550000000000004,0.03348612058160455,0.05258452662338942,-0.019098406041784872
49.6,-0.02369432627322264,-0.005257131671425382,-0.01843719460179726
49.650000000000006,-0.07891757020278878,-0.059607866128383105,-0.019309704074405673
49.7,-0.12938374005124897,-0.10454159155210437,-0.02484214849914461
49.75,-0.16969470849928356,-0.14200695307862782,-0.02768775542065574
49.800000000000004,-0.19077525963508202,-0.17353274984446618,-0.01724250979061584
49.85,-0.1852854477450157,-0.19436045474400504,0.009075006998989332
49.900000000000006,-0.15447710425124767,-0.19626902620837006,0.04179192195712239
49.95,-0.10957255973581877,-0.17627380093311257,0.0667012411972938
50.0,-0.06596035557744225,-0.14221598128600688,0.07625562570856463
50.050000000000004,-0.03512147670748195,-0.10910677163827465,0.0739852949307927
50.1,-0.02064934536505501,-0.08904715828067317,0.06839781291561815
50.150000000000006,-0.020264998804935146,-0.08371474074845532,0.06344974194352018
50.2,-0.030439503865903394,-0.08581599400218366,0.055376490136280265
50.25,-0.04911963719260655,-0.08731811422202929,0.03819847702942274
50.300000000000004,-0.07511368360875213,-0.08623175409460977,0.01111807048585764
50.35,-0.10597696338813788,-0.08591078629343796,-0.02006617709469992
50.400000000000006,-0.1367325157805816,-0.08864755041921218,-0.048084965361369414
50.45,-0.16021119638559292,-0.09080428815235227,-0.06940690823324065
50.5,-0.16868960293625296,-0.0846415416257677,-0.08404806131048526
50.550000000000004,-0.1565490172435204,-0.06493333824986444,-0.09161567899365597
50.6,-0.12339078336854795,-0.03371434516746882,-0.08967643820107912
50.650000000000006,-0.07567835353714439,0.0013709016612923346,-0.07704925519843672
50.7,-0.024421952131556755,0.03321067478875876,-0.05763262692031552
50.75,0.021056038310307234,0.059849103035084665,-0.038793064724777435
50.800000000000004,0.0588741456215049,0.08363765236555483,-0.02476350674404993
50.85,0.09405603402222654,0.10661477774916794,-0.012558743726941407
50.900000000000006,0.13067323130038483,0.12715884528045424,0.003514386019930593
50.95,0.16331849204348853,0.14095996355836038,0.02235852848512815
51.0,0.17721803339288955,0.1446343063783925,0.03258372701449705
51.050000000000004,0.15945231708779697,0.13796147380797388,0.02149084327982309
51.1,0.11254754192951706,0.1228816417527339,-0.010334099823216841
51.150000000000006,0.05725329143344531,0.10124156413382943,-0.043988272700384114
51.2,0.019658932120102186,0.07445203242025956,-0.05479310030015738
51.25,0.012389203153618028,0.04556113869828238,-0.03317193554466435
51.300000000000004,0.026415783835371298,0.020917767235518553,0.005498016599852745
51.35,0.041275903957448186,0.008477636267581837,0.03279826768986635
51.400000000000006,0.04452472478787426,0.013222271994966747,0.03130245279290751
51.45,0.04233293648571369,0.03353613813840862,0.008796798347305075
51.5,0.051514262008320474,0.062047565974072225,-0.01053330396575175
51.550000000000004,0.08126371270598551,0.09051983635393998,-0.009256123647954473
51.6,0.12286296772201016,0.1146991689108315,0.008163798811178666
51.650000000000006,0.15746909503946244,0.13517295262120813,0.02229614241825431
51.7,0.17381902648884087,0.15403275112504744,0.019786275363793432
51.75,0.1776538933708217,0.1707954373536413,0.006858456017180409
51.800000000000004,0.18316935385593755,0.18125499339506748,0.0019143604608700682
51.85,0.1953208927027842,0.1798821811394466,0.015438711563337593
51.900000000000006,0.20147401783265192,0.1632562931364724,0.03821772469617951
51.95,0.18164508025752027,0.13164479712722063,0.05000028313029964
52.0,0.12764129930675386,0.0880676884067205,0.03957361090003336
52.050000000000004,0.052022164443063824,0.03641461462694312,0.015607549816120704
52.1,-0.022352623464144857,-0.0196632127887708,-0.002689410675374055
52.150000000000006,-0.08216923116656448,-0.07689488880308673,-0.005274342363477749
52.2,-0.13358110402206072,-0.13254160191821893,-0.001039502103841794
52.25,-0.19280243692135335,-0.18507144421256008,-0.007730992708793266
52.300000000000004,-0.26699152073993376,-0.23458175061022238,-0.032409770129711385
52.35,-0.3441546736610829,-0.28184382863156826,-0.06231084502951462
52.400000000000006,-0.40135369613562294,-0.32606079593964227,-0.07529290019598067
52.45,-0.42254359948022435,-0.36298064964546745,-0.059562949834756906
52.5,-0.40891091944976987,-0.3851739462632089,-0.023736973186560983
52.550000000000004,-0.37325258622364504,-0.3847287776215181,0.011476191397873037
52.6,-0.3259247881843279,-0.3567281451963408,0.030803357012012866
52.650000000000006,-0.2668642081756255,-0.3013356092226877,0.0344714010470622
52.7,-0.19015684089229112,-0.2234603133317484,0.03330347243945728
52.75,-0.09425598800938068,-0.1306435969993338,0.036387608989953135
52.800000000000004,0.013579131412412987,-0.030649306843718877,0.04422843825613186
52.85,0.12206255268343172,0.07006658109584195,0.05199597158758977
52.900000000000006,0.22269298774491056,0.16659734998836628,0.056095637756544275
52.95,0.3100888570657572,0.25467314264974533,0.05541571441601184
53.0,0.3762059674913053,0.32905756727577123,0.04714840021553407
53.050000000000004,0.4071890970565702,0.3821484238776264,0.025040673178943818
53.1,0.3895133929519734,0.4040747769158734,-0.014561383963899999
53.150000000000006,0.3214173958165996,0.3852651104084565,-0.0638477145918569
53.2,0.21826223253545535,0.3210514691106399,-0.10278923657518457
53.25,0.10507608918281879,0.21607980704165405,-0.11100371785883527
53.300000000000004,0.0019461334303123015,0.0855920601823401,-0.0836459267520278
53.35,-0.0848009277854153,-0.04802169371565971,-0.03677923406975559
53.400000000000006,-0.1583673237184993,-0.1622436020050548,0.0038762782865555123
53.45,-0.21986394747471802,-0.2415456087922237,0.02168166131750568
53.5,-0.26182290783754525,-0.28094047439940484,0.01911756656185959
53.550000000000004,-0.27327620875528547,-0.2844419042336292,0.011165695478343729
53.6,-0.25048590792761466,-0.259968592649735,0.009482684722120327
53.650000000000006,-0.20179877186598064,-0.21423561448862527,0.012436842622644634
53.7,-0.1417469905524935,-0.15089858764478556,0.009151597092292046
53.75,-0.08089880665862047,-0.07283809284112129,-0.008060713817499177
53.800000000000004,-0.021864655166942474,0.013551386522397424,-0.0354160416893399
53.85,0.035504240617747033,0.09592775058598631,-0.060423509968239274
53.900000000000006,0.08691691139068788,0.15836275146295645,-0.07144584007226856
53.95,0.12350058552656774,0.1881223660876857,-0.06462178056111796
54.0,0.13943163297924793,0.182848064374771,-0.043416431395523064
54.050000000000004,0.13887183474146975,0.15294744394631157,-0.014075609204841827
54.1,0.13393741618742844,0.11671584433019445,0.017221571857233983
54.150000000000006,0.13491380798680794,0.09079450306803376,0.04411930491877418
54.2,0.14242018462016529,0.08222736637994776,0.06019281824021752
54.25,0.14942794192744024,0.0874249524960543,0.06200298943138595
54.300000000000004,0.15072876278760766,0.09813939543862744,0.05258936734898022
54.35,0.1495993281464594,0.10916373277211298,0.04043559537434642
54.400000000000006,0.15440280095205078,0.12142237198208548,0.032980428969965295
54.45,0.16854870902822994,0.13838608656811602,0.03016262246011392
54.5,0.1843397344596636,0.15964163550718324,0.024698098952480346
54.550000000000004,0.18738741196703537,0.17779610812533578,0.009591303841699594
54.6,0.16765899688958177,0.18171267796076537,-0.014053681071183599
54.650000000000006,0.12687918245406685,0.16339337689077077,-0.03651419443670392
54.7,0.07612821533869826,0.12284640320151294,-0.046718187862814675
54.75,0.02717861291406527,0.0674806720854368,-0.04030205917137153
54.800000000000004,-0.013812493490736185,0.007506086071810994,-0.02131857956254718
54.85,-0.045729174966779994,-0.048317382293534265,0.0025882073267542716
54.900000000000006,-0.0683307521836777,-0.09383008234441063,0.025499330160732928
54.95,-0.08055579607006413,-0.12461239271506581,0.04405659664500168
55.0,-0.08279539839825813,-0.13803262012474732,0.05523722172648919
55.050000000000004,-0.07896123090637282,-0.13515757911968046,0.05619634821330764
55.1,-0.07444811925406658,-0.12222274455869268,0.0477746253046261
55.150000000000006,-0.07184244865721551,-0.10878316121839021,0.036940712561174704
55.2,-0.07005735134685016,-0.10279685708552881,0.03273950573867865
55.25,-0.06906518861883419,-0.10650653183515513,0.037441343216320935
55.300000000000004,-0.075017558816277,-0.11694916313779691,0.041931604321519905
55.35,-0.09824465422988131,-0.13073267092509575,0.032488016695214436
55.400000000000006,-0.14347348262733112,-0.14838125897201357,0.004907776344682452
55.45,-0.20113947803061488,-0.17364718899354317,-0.02749228903707171
55.5,-0.250059342389354,-0.20803686045465905,-0.04202248193469496
55.550000000000004,-0.27176782013120887,-0.24580482370719195,-0.02596299642401692
55.6,-0.26460427742270015,-0.2747526007042205,0.010148323281520322
55.650000000000006,-0.24402881468658874,-0.282946656903555,0.038917842216966286
55.7,-0.22768993047839386,-0.2658601343338889,0.03817020385549502
55.75,-0.21846345652448323,-0.2279158192889385,0.009452362764455269
55.800000000000004,-0.20139305746442052,-0.17754405949699642,-0.023848997967424096
55.85,-0.15777974768635433,-0.12071161642990114,-0.037068131256453196
55.900000000000006,-0.08345755585757607,-0.05879895639745622,-0.02465859946011985
55.95,0.005734041555527915,0.008035756012854507,-0.0023017144573265922
56.0,0.0861579167653236,0.076431044595255,0.009726872170068596
56.050000000000004,0.14466943724792888,0.13959334353688754,0.005076093711041341
56.1,0.18634882107666265,0.19188891316777953,-0.005540092091116888
56.150000000000006,0.22571603897377368,0.2335419153630451,-0.00782587638927143
56.2,0.27090441970973367,0.27014844156863255,0.0007559781411011213
56.25,0.315630740760184,0.30661545660847556,0.009015284151708436
56.300000000000004,0.3449881416382317,0.3407644353467562,0.004223706291475504
56.35,0.3478726169205047,0.36267728393430226,-0.014804667013797568
56.400000000000006,0.3241550275933055,0.36097228782810026,-0.03681726023479476
56.45,0.2817117363076617,0.331073411964473,-0.049361675656811266
56.5,0.22858575311363472,0.27874525980936915,-0.050159506695734435
56.550000000000004,0.168539260034137,0.21616970840761776,-0.047630448373480766
56.6,0.10257676779241583,0.15390071291745555,-0.051323945125039724
56.650000000000006,0.03227255349437156,0.09493693246718211,-0.06266437897281055
56.7,-0.03966530869214946,0.034900706777872666,-0.07456601547002212
56.75,-0.11104226810699264,-0.03258419578429958,-0.07845807232269306
56.800000000000004,-0.18001368338032955,-0.1095828965486598,-0.07043078683166976
56.85,-0.24181609708832766,-0.19061834536778308,-0.05119775172054458
56.900000000000006,-0.2864998650053802,-0.26385176529657967,-0.02264809970880055
56.95,-0.30253997001696087,-0.3154507685789404,0.01291079856197952
57.0,-0.2852383888618989,-0.33487689448207664,0.04963850562017774
57.050000000000004,-0.24236724518687747,-0.3189578084241305,0.07659056323725305
57.1,-0.19042999240721786,-0.2731639797471275,0.08273398733990966
57.150000000000006,-0.14354952316198905,-0.20944337298453142,0.06589384982254237
57.2,-0.1048024820260782,-0.14153076058228664,0.036728278556208444
57.25,-0.06818105364036796,-0.08024125929192923,0.012060205651561268
57.300000000000004,-0.029115690405913018,-0.03143060448541792,0.002314914079504904
57.35,0.007232151920806158,0.0026848387700202842,0.004547313150785874
57.400000000000006,0.02874194203710388,0.02097586591437734,0.0077660761227265375
57.45,0.02792934178198577,0.022764859981581793,0.005164481800403978
57.5,0.010979493385470206,0.010139566391448076,0.0008399269940221298
57.550000000000004,-0.005050188338103225,-0.009276584813045765,0.0042263964749425405
57.6,-0.004759687709479831,-0.022991633595388444,0.018231945885908613
57.650000000000006,0.014711778000680407,-0.01904335657312523,0.033755134573805634
57.7,0.04393260619364375,0.007151013564177539,0.03678159262946622
57.75,0.0711990627095897,0.049936429717193524,0.021262632992396176
57.800000000000004,0.09216088505702165,0.09722299690246286,-0.005062111845441211
57.85,0.11044469510925856,0.13803517047084077,-0.027590475361582212
57.900000000000006,0.13020033362924713,0.16761431204120106,-0.03741397841195393
57.95,0.14900985565186814,0.18619540902626225,-0.03718555337439411
58.0,0.1580851287765735,0.19354475444962976,-0.03545962567305627
58.050000000000004,0.14879305848723753,0.18536601113199622,-0.03657295264475868
58.1,0.11887503238229107,0.1557876933376055,-0.03691266095531444
58.150000000000006,0.07339072789841747,0.1039738365423873,-0.030583108643969834
58.2,0.02131605215860263,0.03836002929678191,-0.01704397713817928
58.25,-0.028020705400976325,-0.026313949424339064,-0.0017067559766372614
58.300000000000004,-0.06658319396274485,-0.07743239923922042,0.010849205276475565
58.35,-0.08886743951135025,-0.11135072294970834,0.022483283438358093
58.400000000000006,-0.09428101674318583,-0.13280570427163235,0.038524687528446525
58.45,-0.08880519069009783,-0.1478273424660125,0.059022151775914675
58.5,-0.08237616751221077,-0.15712013194332583,0.07474396443111506
58.550000000000004,-0.08190336767732807,-0.15626941540134412,0.07436604772401605
58.6,-0.08539904488163182,-0.1422517951204755,0.05685275023884369
58.650000000000006,-0.083527572642409,-0.11913971096183917,0.03561213831943018
58.7,-0.06852302017395308,-0.09620945592854908,0.027686435754596006
58.75,-0.04260348254162506,-0.07908433261283157,0.03648085007120651
58.800000000000004,-0.01727727336056834,-0.06222850646917212,0.044951233108603786
58.85,-0.0032308712364179587,-0.03134916495840166,0.028118293721983705
58.900000000000006,-9.033871051922137e-05,0.024086150189809016,-0.02417648890032824
58.95,0.0037268287295436566,0.09790737072803657,-0.0941805419984929
59.0,0.020280703042288312,0.16578452853219797,-0.14550382548990964
59.050000000000004,0.05045250708914102,0.19877087254349982,-0.14831836545435878
59.1,0.08250200331251646,0.1828768659589825,-0.10037486264646604
59.150000000000006,0.10215939307857007,0.12979564057458612,-0.02763624749601605
59.2,0.10449344237985767,0.07006230129730334,0.03443114108255432
59.25,0.09652081074580841,0.0334396676143441,0.06308114313146432
59.300000000000004,0.08907049273787054,0.031089814280576646,0.0579806784572939
59.35,0.08682629950013933,0.05213758530295152,0.03468871419718781
59.400000000000006,0.08625530775262678,0.07549011079034004,0.010765196962286741
59.45,0.08212965984923604,0.08623689372689271,-0.004107233877656671
59.5,0.07452284544304946,0.08392389210061059,-0.009401046657561127
59.550000000000004,0.06872821075316009,0.07824966633132163,-0.009521455578161545
59.6,0.06920486748634216,0.07839743447251821,-0.009192566986176043
59.650000000000006,0.07536292670998486,0.08613311492043847,-0.010770188210453613
59.7,0.08423833421765338,0.09752143695405101,-0.013283102736397628
59.75,0.09624815175044185,0.10944641238121898,-0.013198260630777128
59.800000000000004,0.11574976416781761,0.1232395693512174,-0.007489805183399784
59.85,0.14380343405572862,0.14161786039425966,0.002185573661468959
59.900000000000006,0.1704959873375131,0.16237765633110884,0.008118331006404245
59.95,0.17694692392795883,0.17571581908567052,0.0012311048422883053
60.0,0.14831705179984125,0.16861725608452358,-0.02030020428468232
60.050000000000004,0.08710888942149628,0.13307778581614113,-0.045968896394644854
60.1,0.0136796988534491,0.0714363124748138,-0.0577566136213647
60.150000000000006,-0.048114312979582866,-0.005203420277490928,-0.04291089270209194
60.2,-0.08805360843564645,-0.08349348749506495,-0.004560120940581502
60.25,-0.11425646894375932,-0.15372816923092797,0.03947170028716865
60.300000000000004,-0.14177945840603945,-0.21119619215389238,0.06941673374785293
60.35,-0.17657687176403855,-0.25380572670148394,0.07722885493744538
60.400000000000006,-0.21013307765398792,-0.2797932309121279,0.06966015325813996
60.45,-0.22905357823612707,-0.28815633025688875,0.05910275202076168
60.5,-0.22921782679506766,-0.2809347686519452,0.05171694185687756
60.550000000000004,-0.22032271308213577,-0.2643939837565728,0.04407127067443703
60.6,-0.21696391382060573,-0.24734363369116072,0.03037971987055499
60.650000000000006,-0.22579196172583282,-0.23758184453479245,0.011789882808959623
60.7,-0.2412169990573032,-0.23885287203994426,-0.0023641270173589413
60.75,-0.252431214126867,-0.2497143487986416,-0.0027168653282253763
60.800000000000004,-0.252985452398143,-0.2639657091162053,0.010980256718062298
60.85,-0.24280412068442325,-0.2718575111737698,0.02905339048934652
60.900000000000006,-0.22200232687834182,-0.262214924805846,0.0402125979275042
60.95,-0.1853299050121858,-0.2260144934481175,0.0406845884359317
61.0,-0.12515359373007215,-0.1606223515589193,0.03546875782884715
61.050000000000004,-0.04083443120994801,-0.0720763560571826,0.031241924847234592
61.1,0.05560582550326541,0.026978588748252878,0.028627236755012535
61.150000000000006,0.14458789273647576,0.12303840719703132,0.02154948553944444
61.2,0.21091196984744154,0.20710983278113446,0.003802137066307082
61.25,0.2513869307550398,0.27549846592298005,-0.024111535167940235
61.300000000000004,0.2713672558384113,0.3257708525007959,-0.05440359666238459
61.35,0.2747947070027221,0.3523492742081534,-0.07755456720543125
61.400000000000006,0.2587399030452088,0.3469787058336271,-0.08823880278841834
61.45,0.2181752092386392,0.304885029183655,-0.08670981994501581
61.5,0.15549443847060238,0.23164008845657427,-0.0761456499859719
61.550000000000004,0.08407017250693835,0.14413565594428002,-0.060065483437341666
61.6,0.021364928844466658,0.06357953747654994,-0.04221460863208329
61.650000000000006,-0.021945438518216037,0.005223518979880935,-0.027168957498096974
61.7,-0.04634984770697029,-0.02756773527040013,-0.01878211243657016
61.75,-0.05790513585254784,-0.040990028773272055,-0.016915107079275786
61.800000000000004,-0.05957929245799838,-0.04320235490472207,-0.016376937553276308
61.85,-0.049104658204263164,-0.03831127628072784,-0.010793381923535322
61.900000000000006,-0.025162472778413998,-0.02638530192621552,0.0012228291478015227
61.95,0.00587576886513279,-0.007943061796929,0.01381883066206179
62.0,0.03135329773148525,0.012481645651327327,0.018871652080157925
62.050000000000004,0.04170427363208427,0.02748770542753758,0.014216568204546687
62.1,0.038457644498259114,0.031475216758514085,0.0069824277397450285
62.150000000000006,0.0321014219326093,0.024304105620178696,0.007797316312430604
62.2,0.031151648904615182,0.01066795838982393,0.02048369051479125
62.25,0.0330199225552673,-0.003941671465128377,0.03696159402039567
62.300000000000004,0.025923302942473817,-0.016976848671948156,0.04290015161442197
62.35,0.0002721888882332411,-0.029475439208701545,0.029747628096934785
62.400000000000006,-0.04139481679762136,-0.04395589222622907,0.002561075428607708
62.45,-0.0853631881792764,-0.061981948875662794,-0.02338123930361361
62.5,-0.11731904268691933,-0.08313937973853162,-0.0341796629483877
62.550000000000004,-0.13223646843055809,-0.1051639733548584,-0.027072495075699685
62.6,-0.13468274866310845,-0.12410401873450917,-0.010578729928599276
62.650000000000006,-0.13055818226282795,-0.13437149988699726,0.00381331762416931
62.7,-0.11939799796993346,-0.12969080445209627,0.010292806482162811
62.75,-0.09484850845857978,-0.10550710811537177,0.010658599656791987
62.800000000000004,-0.052099835243394246,-0.061675586391201104,0.009575751147806857
62.85,0.005684208142067377,-0.003302320184230825,0.0089865283262982
62.900000000000006,0.06807681892441662,0.061162866597510676,0.006913952326905948
62.95,0.12373859057143016,0.12313319347553525,0.0006053970958949106
63.0,0.16579303295010894,0.17593652143192415,-0.010143488481815205
63.050000000000004,0.19187927668557192,0.2147085615686092,-0.022829284883037287
63.1,0.20085278956325622,0.23546506272266746,-0.03461227315941123
63.150000000000006,0.19124505956688462,0.2353321084072963,-0.044087048840411674
63.2,0.16349885657742486,0.21415245758707507,-0.05065360100965022
63.25,0.1227699703057614,0.17557954186056204,-0.05280957155480065
63.300000000000004,0.07797463358948718,0.12588682483338057,-0.047912191243893384
63.35,0.03703370954318474,0.07115924029246792,-0.034125530749283185
63.400000000000006,0.0029185199834336774,0.015600825004674386,-0.012682305021240708
63.45,-0.025358030641822387,-0.03720751645952816,0.011849485817705774
63.5,-0.047960638784847534,-0.08156872156355051,0.033608082778702975
63.550000000000004,-0.06113136955458663,-0.10914645706860399,0.048015087514017354
63.6,-0.059646052920222556,-0.11272213026416428,0.05307607734394172
63.650000000000006,-0.04269306424080155,-0.09193013581087948,0.04923707157007794
63.7,-0.017023547863832006,-0.05587026775690024,0.03884671989306823
63.75,0.006381129963896501,-0.019446745495289536,0.025827875459186037
63.800000000000004,0.019444247355472653,0.0044351602852010594,0.015009087070271593
63.85,0.021452753043601166,0.010995840441982431,0.010456912601618734
63.900000000000006,0.017094991486726073,0.003724371709595775,0.013370619777130298
63.95,0.010655876310572068,-0.010474671596308837,0.021130547906880903
64.0,0.0023284217982304334,-0.02619217682599222,0.028520598624222654
64.05,-0.010177023694014511,-0.04062670850519498,0.030449684811180468
64.10000000000001,-0.027200226616827163,-0.05167037388906332,0.02447014727223616
64.15,-0.04489390957681243,-0.05684376358128671,0.011949854004474285
64.2,-0.05735403800610609,-0.05523306472312489,-0.002120973282981199
64.25,-0.06058466544151277,-0.050073245468140085,-0.010511419973372682
64.3,-0.05432284249038043,-0.047625580433051144,-0.006697262057329283
64.35000000000001,-0.04065358120216905,-0.05135852147096856,0.010704940268799507
64.4,-0.02182778393865337,-0.056138343781790195,0.03431055984313683
64.45,0.0002253650790037624,-0.04900054834470759,0.04922591342371135
64.5,0.0231266786996268,-0.01815702793434625,0.041283706633973044
64.55,0.044327792735431734,0.03595604925423737,0.008371743481194363
64.60000000000001,0.06298197111274123,0.09710461284117283,-0.0341226417284316
64.65,0.08077001163656992,0.14154939679197234,-0.06077938515540242
64.7,0.09904609092963985,0.15286681679994274,-0.053820725870302885
64.75,0.11394755051563198,0.13209773531571675,-0.018150184800084776
64.8,0.11513839854036796,0.09543240435307698,0.01970599418729098
64.85000000000001,0.09206401850595754,0.06158045826633789,0.03048356023961965
64.9,0.04418291584492846,0.0389622547103429,0.005220661134585559
64.95,-0.01427082447947967,0.022275179444957972,-0.036546003924437645
65.0,-0.06161958601962566,-0.00017368857118274799,-0.061445897448442914
65.05,-0.0841368072464824,-0.03540525165050608,-0.04873155559597632
65.10000000000001,-0.08661523850050465,-0.07984406842207578,-0.0067711700784288675
65.15,-0.08767955984010935,-0.12203483559733583,0.03435527575722648
65.2,-0.10252462107374806,-0.15037130950110916,0.0478466884273611
65.25,-0.12794957259534556,-0.1593279055801724,0.03137833298482684
65.3,-0.1437852051085153,-0.15046398035282837,0.006678775244313068
65.35000000000001,-0.13057017672511623,-0.12935035119907992,-0.0012198255260363056
65.4,-0.08817404938014557,-0.10205682144931211,0.013882772069166535
65.45,-0.03831780180744621,-0.07360639632423056,0.03528859451678435
65.5,-0.007960420100267141,-0.04809113789894535,0.0401307177986782
65.55,-0.00783751448556097,-0.028852835186243306,0.021015320700682336
65.60000000000001,-0.025063439128192914,-0.017953983925811243,-0.007109455202381671
65.65,-0.036138411536017635,-0.01552523696062665,-0.020613174575390983
65.7,-0.02835590232746084,-0.0198200646621381,-0.008535837665322739
65.75,-0.010298235023256825,-0.02796416730500968,0.017665932281752852
65.8,-0.0024186306521425836,-0.036738321342394235,0.034319690690251654
65.85000000000001,-0.01695771024059691,-0.043060602455837926,0.026102892215241015
65.9,-0.04584700070673557,-0.04452680942489469,-0.0013201912818408823
65.95,-0.06748513739574552,-0.04033554079221115,-0.027149596603534373
66.0,-0.0658716552138669,-0.032074017051648765,-0.03379763816221813
66.05,-0.04458667836223729,-0.023285607467746224,-0.02130107089449107
66.10000000000001,-0.02318711403259983,-0.017460179958857146,-0.005726934073742685
66.15,-0.019584837247443115,-0.015622037642699777,-0.003962799604743338
66.2,-0.03419889503340132,-0.01544850766284282,-0.0187503873705585
66.25,-0.04953331819276599,-0.012817966357413077,-0.03671535183535291
66.3,-0.044969447956318596,-0.0046440055684239335,-0.040325442387894664
66.35000000000001,-0.013688131806880343,0.009270432003666769,-0.02295856381054711
66.4,0.03228644550147931,0.02670123241162354,0.005585213089855774
66.45,0.07205271036314378,0.04503058909075654,0.027022121272387248
66.5,0.09143422706559806,0.0628036759625015,0.028630551103096563
66.55,0.09128958335426945,0.07950568815795231,0.011783895196317146
66.60000000000001,0.08298654632146488,0.09412334594134386,-0.011136799619878984
66.65,0.07651527607657667,0.10417693730559278,-0.027661661229016116
66.7,0.07194045834991765,0.10627132033538396,-0.03433086198546631
66.75,0.06082749807050218,0.09765248922339996,-0.03682499115289778
66.8,0.03540869554290539,0.0774542465698346,-0.04204555102692921
66.85000000000001,-0.0027211237387554294,0.04699001612271685,-0.049711139861472284
66.9,-0.04139521927848842,0.00963400810828665,-0.05102922738677507
66.95,-0.06475239828089778,-0.028943726838361224,-0.035808671442536556
67.0,-0.06276951738652686,-0.06048765829244492,-0.002281859094081941
67.05,-0.036716897266722885,-0.07518196615846488,0.038465068891742
67.10000000000001,0.002625825570767033,-0.06491789039498133,0.06754371596574836
67.15,0.042001451755680756,-0.027745243666145277,0.06974669542182603
67.2,0.07290035512179423,0.029352533698953583,0.043547821422840645
67.25,0.09451589050520373,0.09192016998577598,0.0025957205194277466
67.3,0.11121986906474497,0.14368291880957887,-0.0324630497448339
67.35000000000001,0.12693312911062274,0.17333029752787252,-0.04639716841724978
67.4,0.14056309768767905,0.17839446636946973,-0.037831368681790684
67.45,0.14576938026433855,0.1641229311673498,-0.018353550903011245
67.5,0.13529601725025214,0.1386477572826748,-0.0033517400324226676
67.55,0.1068230189685347,0.10805198203166669,-0.0012289630631319853
67.60000000000001,0.06594967463261302,0.0745067644538494,-0.008557089821236388
67.65,0.023713541753878544,0.038020741425291174,-0.01430719967141263
67.7,-0.009978367856803219,-0.0003811791108632805,-0.009597188745939938
67.75,-0.032307370266270764,-0.03704151406410362,0.0047341437978328585
67.8,-0.04829459371266227,-0.06705787315974308,0.01876327944708081
67.85000000000001,-0.06561504766221964,-0.08752143363907346,0.02190638597685382
67.9,-0.08753062786344902,-0.09982973630150178,0.012299108438052764
67.95,-0.10970590102578075,-0.10888490796403266,-0.0008209930617480848
68.0,-0.12355418486756674,-0.11937231581919386,-0.00418186904837288
68.05,-0.12320731214609608,-0.13171323751166755,0.008505925365571473
68.10000000000001,-0.11001368151477427,-0.14082313839587685,0.03080945688110258
68.15,-0.09067078656621282,-0.13893300567344846,0.048262219107235646
68.2,-0.07093761983763265,-0.12074277491524349,0.04980515507761084
68.25,-0.051048398116670356,-0.08734315897707715,0.03629476086040679
68.3,-0.02737652004943289,-0.04615688524438531,0.018780365194952423
68.35000000000001,0.0012405465304748946,-0.007051377845654611,0.008291924376129505
68.4,0.02905844719223833,0.022506905741030668,0.0065515414512076625
68.45,0.04611908866461155,0.03999859163212314,0.00612049703248841
68.5,0.04651605255238163,0.046983589998490206,-0.00046753744610857767
68.55,0.034647440229580974,0.04644745617464561,-0.011800015945064635
68.60000000000001,0.022812764022003655,0.040975042561568385,-0.01816227853956473
68.65,0.02124354869911278,0.032921049826726646,-0.011677501127613867
68.7,0.02921416990807129,0.0254499122571621,0.003764257650909191
68.75,0.03576365759740331,0.022446988739779867,0.013316668857623445
68.8,0.03012678329075135,0.026649732520719845,0.003477050770031506
68.85000000000001,0.012689009035516364,0.03747578964747597,-0.02478678061195961
68.9,-0.00392348475939161,0.05072120789537833,-0.05464469265476994
68.95,-0.005353630944968258,0.06078959212295104,-0.0661432230679193
69.0,0.011518906717898753,0.06383853139500625,-0.052319624677107504
69.05,0.0351275435404519,0.05942431825678996,-0.02429677471633806
69.10000000000001,0.048916280115637076,0.04967227232132141,-0.0007559922056843346
69.15,0.04569069351733176,0.0372453250277241,0.008445368489607662
69.2,0.0335438501603687,0.024205288525707767,0.00933856163466093
69.25,0.027798612608617265,0.012513206765212587,0.015285405843404678
69.3,0.036265417492264,0.0048801171446682156,0.03138530034759578
69.35000000000001,0.05135845513546306,0.004150096844566055,0.04720835829089701
69.4,0.05635014920577748,0.011013108441363743,0.045337040764413736
69.45,0.040082180106904675,0.02198764105215137,0.018094539054753306
69.5,0.006856593483096226,0.030004656084488848,-0.02314806260139262
69.55,-0.02707125043963866,0.02794322534102704,-0.0550144757806657
69.60000000000001,-0.04665095250979608,0.012851772374087623,-0.05950272488388371
69.65,-0.048778432045550914,-0.012207674773571842,-0.036570757271979074
69.7,-0.041691319815270196,-0.03993469179986067,-0.001756628015409524
69.75,-0.035099300766151316,-0.06262591932326207,0.027526618557110756
69.8,-0.031249148694311973,-0.0752201884487149,0.04397103975440293
69.85000000000001,-0.02498788358709304,-0.07591319917189555,0.05092531558480251
69.9,-0.011374390867909702,-0.06505819845037977,0.05368380758247007
69.95,0.0077459556346875635,-0.04428809514604303,0.0520340507807306
70.0,0.024801227052360385,-0.016884523878703626,0.04168575093106401
70.05,0.03337788979994781,0.011470417443622283,0.02190747235632553
70.10000000000001,0.03323783981410755,0.03326512095277069,-2.7281138663140525e-05
70.15,0.02830164714311147,0.04167205208382949,-0.013370404940718023
70.2,0.020349607985153832,0.033682982466979795,-0.013333374481825963
70.25,0.005959907299454719,0.011645633226212483,-0.005685725926757764
70.3,-0.019283132202780433,-0.01799676180485762,-0.0012863703979228112
70.35000000000001,-0.05339689708998505,-0.04792441242647334,-0.0054724846635117105
70.4,-0.08566515255798769,-0.07297798208885042,-0.012687170469137268
70.45,-0.10312204857061291,-0.09128334904634738,-0.011838699524265528
70.5,-0.10071381039026804,-0.10331260507153973,0.0025987946812716933
70.55,-0.08565155823408828,-0.11009403061129779,0.024442472377209506
70.60000000000001,-0.07138931618134017,-0.11199299074762827,0.04060367456628809
70.65,-0.06637396259435051,-0.10869190115679594,0.04231793856244544
70.7,-0.0678078524490474,-0.1000348845091939,0.0322270320601465
70.75,-0.06603693012089652,-0.08694031041764427,0.02090338029674775
70.8,-0.05513770732179226,-0.07170357319660688,0.016565865874814616
70.85000000000001,-0.03944548217383674,-0.0574314296161764,0.01798594744233966
70.9,-0.029753620292783528,-0.04682048866574871,0.01706686837296518
70.95,-0.032880298046702894,-0.04089121500098478,0.00801091695428189
71.0,-0.04467175812071414,-0.038447624515378295,-0.006224133605335844
71.05,-0.05321018773953484,-0.036729473727928175,-0.016480714011606667
71.10000000000001,-0.049238562105038686,-0.03296910537898066,-0.016269456726058028
71.15,-0.033964982796316795,-0.025830948601935758,-0.008134034194381037
71.2,-0.016974937242379966,-0.015668881012595264,-0.0013060562297847016
71.25,-0.006446178172125051,-0.0034088298838305113,-0.0030373482882945393
71.3,-0.001168613721263359,0.010954968606978763,-0.012123582328242122
71.35000000000001,0.007919397412910681,0.02880610016531927,-0.020886702752408587
71.4,0.02811813600133987,0.051648727291167616,-0.023530591289827745
71.45,0.056519177695877734,0.07898553374043617,-0.022466356044558433
71.5,0.08100537135707613,0.10707887745458237,-0.02607350609750625
71.55,0.0901229921609293,0.12982886928638315,-0.039705877125453856
71.60000000000001,0.08281570411840768,0.14142454192433956,-0.05860883780593189
71.65,0.06895936280896886,0.139072888637343,-0.07011352582837413
71.7,0.06011467618121342,0.12408072403215277,-0.06396604785093934
71.75,0.05907131990905537,0.10081988307889188,-0.04174856316983651
71.8,0.05801661332639437,0.07456696732805006,-0.016550354001655686
71.85000000000001,0.04720720579675489,0.04973325287569655,-0.0025260470789416553
71.9,0.026108899178240833,0.029334109192948137,-0.003225210014707304
71.95,0.006312486089310053,0.015415033938920625,-0.009102547849610572
72.0,0.0027982731527347116,0.009517227779096058,-0.0067189546263613465
72.05,0.020843743798575353,0.012514145660140528,0.008329598138434825
72.10000000000001,0.050247058350203204,0.02389642836540228,0.026350629984800925
72.15,0.07239567782571754,0.04114553677048507,0.031250141055232473
72.2,0.07442013208478285,0.059835422138439294,0.014584709946343553
72.25,0.05838699001241054,0.07465098092886366,-0.01626399091645312
72.3,0.0379040708492859,0.08098128876554417,-0.04307721791625827
72.35000000000001,0.025647882416775646,0.07643184757462028,-0.050783965157844634
72.4,0.023107279961092093,0.06160653435747974,-0.03849925439638764
72.45,0.02132057967954931,0.03980708023697468,-0.01848650055742537
72.5,0.011085016190464949,0.015776717634865826,-0.004691701444400877
72.55,-0.007378935310225585,-0.005930589149012036,-0.0014483461612135491
72.60000000000001,-0.024299366678721835,-0.022208489612835638,-0.002090877065886197
72.65,-0.02946495629850868,-0.03180741875328372,0.002342462454775037
72.7,-0.02163798418593194,-0.03496771479388232,0.013329730607950379
72.75,-0.009387316559172534,-0.032776197998560304,0.02338888143938777
72.8,-0.002872654194301211,-0.026724093247605055,0.023851439053303843
72.85000000000001,-0.004652171123711193,-0.01854151899401257,0.013889347870301376
72.9,-0.008157877747869552,-0.010019416660410353,0.001861538912540801
72.95,-0.004834383341957852,-0.00257511174231404,-0.0022592715996438122
73.0,0.007321159212694389,0.0032834988422404472,0.004037660370453942
73.05,0.022022868270405307,0.008130212080982972,0.013892656189422335
73.10000000000001,0.03100990743063143,0.013123724157864482,0.017886183272766948
73.15,0.0318604957045547,0.019074792288344394,0.012785703416210308
73.2,0.029694932986772813,0.025728070189909344,0.003966862796863469
73.25,0.031511748536557506,0.0317854430468983,-0.00027369451034079534
73.3,0.03909347842787567,0.035618109891571256,0.003475368536304417
73.35000000000001,0.04739302829420152,0.036098837340073256,0.011294190954128265
73.4,0.0495076209710967,0.03298175935094003,0.016525861620156665
73.45,0.04291200120166633,0.02671527282226113,0.0161967283794052
73.5,0.030928577093859735,0.01802517186605265,0.012903405227807085
73.55,0.018680337069977213,0.007648271311394523,0.01103206575858269
73.60000000000001,0.008237511582696961,-0.0037188235139863457,0.011956335096683307
73.65,-0.0021836313642267795,-0.015465433688368424,0.013281802324141645
73.7,-0.014917285834400178,-0.02725237225265478,0.012335086418254601
73.75,-0.029673304200521545,-0.03919484766928517,0.009521543468763622
73.8,-0.04398742740524434,-0.051761146837761646,0.007773719432517305
73.85000000000001,-0.05625222423171572,-0.06531459902370584,0.009062374791990124
73.9,-0.0672819661911174,-0.07958275967208052,0.01230079348096312
73.95,-0.07831440480985534,-0.0934622983280815,0.015147893518226166
74.0,-0.08792902743510764,-0.10532065506976997,0.01739162763466233
74.05,-0.09212519348494948,-0.11358463956902279,0.02145944608407331
74.10000000000001,-0.08839000436245822,-0.11726806890921111,0.028878064546752888
74.15,-0.07959877401502045,-0.11625863375031269,0.03665985973529223
74.2,-0.07283102690748862,-0.11139250424960219,0.03856147734211357
74.25,-0.07314385410830976,-0.10433122203735863,0.031187367929048873
74.3,-0.07810996033015839,-0.09710092546347746,0.018990965133319063
74.35000000000001,-0.07910987003424486,-0.09120224922505774,0.01209237919081288
74.4,-0.06905649782447126,-0.0866041691652255,0.01754767134075423
74.45,-0.049487823396835606,-0.08135714986952841,0.031869326472692805
74.5,-0.029875051957746382,-0.07243107543977356,0.04255602348202718
74.55,-0.0192168944627663,-0.05754565469179078,0.03832876022902448
74.60000000000001,-0.017646295013001873,-0.036815618966441414,0.01916932395343954
74.65,-0.016159599162936102,-0.012905309027799667,-0.003254290135136435
74.7,-0.005009795947471863,0.010577751232191695,-0.015587547179663559
74.75,0.01696381894315947,0.031256727766729074,-0.014292908823569605
74.8,0.04071204124174767,0.048938022279349444,-0.008225981037601776
74.85000000000001,0.05441096416513044,0.06451045271544803,-0.010099488550317587
74.9,0.052959737796523555,0.07777773201537247,-0.024817994218848914
74.95,0.04110309213251794,0.08630184073698097,-0.045198748604463025
75.0,0.028184655771498562,0.08660736111483935,-0.05842270534334079
75.05,0.02022886010053767,0.07703785351686121,-0.05680899341632354
75.10000000000001,0.01664509379885763,0.05992675202901368,-0.04328165823015605
75.15,0.013494205046273008,0.04106383080926266,-0.02756962576298965
75.2,0.008878357605505814,0.026568354244755604,-0.01768999663924979
75.25,0.0048604985404049235,0.019452945630833003,-0.01459244709042808
75.3,0.004757771905515876,0.018485234535341333,-0.013727462629825458
75.35000000000001,0.009462721208856224,0.02009647349967442,-0.010633752290818196
75.4,0.01674349368157852,0.02161421199172285,-0.00487071831014433
75.45,0.02366724918092136,0.02312027554540924,0.0005469736355121178
75.5,0.02899953042278469,0.026557103453018177,0.0024424269697665146
75.55,0.033086243992987756,0.033124326254757856,-3.8082261770100434e-05
75.60000000000001,0.03601304368563729,0.041406859581234814,-0.005393815895597523
75.65,0.03669148144131774,0.047900789266778876,-0.011209307825461139
75.7,0.033980026995994485,0.04943823304215565,-0.015458206046161167
75.75,0.028217646457820572,0.04540873182094787,-0.0171910853631273
75.8,0.02108916645696061,0.03797762097713963,-0.01688845452017902
75.85000000000001,0.014021810052489394,0.030303271465925218,-0.016281461413435824
75.9,0.007307489840072213,0.024374131692751752,-0.01706664185267954
75.95,0.001159821861989994,0.020154978785543322,-0.018995156923553327
76.0,-0.002919875415568546,0.016382609132276845,-0.019302484547845392
76.05,-0.0030091677258727756,0.011953263171128355,-0.01496243089700113
76.10000000000001,0.00030279263896958744,0.006632517239533794,-0.006329724600564206
76.15,0.0024687338895976337,0.0007754285903158231,0.0016933052992818107
76.2,-0.001908772159861702,-0.005237273613220432,0.0033285014533587297
76.25,-0.013230908554857836,-0.01107085040982692,-0.0021600581450309155
76.3,-0.024378138410189414,-0.01604149462742668,-0.008336643782762734
76.35000000000001,-0.025653338787169428,-0.01896881515727583,-0.006684523629893597
76.4,-0.013922859533955995,-0.018766060890977154,0.004843201357021159
76.45,0.002886972450823143,-0.015358877557547038,0.01824585000837018
76.5,0.011738651250197872,-0.009961494607371491,0.021700145857569363
76.55,0.006673794678837639,-0.00421285427672053,0.01088664895555817
76.60000000000001,-0.004265916654392342,0.0012071488885124514,-0.005473065542904793
76.65,-0.005237832856352989,0.007221368851536922,-0.012459201707889911
76.7,0.012566921682170796,0.015548382488128981,-0.0029814608059581856
76.75,0.04119945980401547,0.027016970437040714,0.014182489366974759
76.80000000000001,0.06141203520043848,0.04038648996483082,0.021025545235607665
76.85000000000001,0.05927687361810539,0.0526306732553474,0.006646200362757988
76.9,0.03879156538166482,0.060400688062044905,-0.021609122680380087
76.95,0.018403902076298093,0.061505486839599804,-0.04310158476330171
77.0,0.014375611659009666,0.05548671317896804,-0.04111110151995838
77.05000000000001,0.02644209084742073,0.043334232589525505,-0.016892141742104776
77.10000000000001,0.03900060375203029,0.027027308425377615,0.011973295326652672
77.15,0.03615562545963906,0.00930412319830259,0.02685150226133647
77.2,0.0159662120734815,-0.006662344092944646,0.022628556166426145
77.25,-0.009227997431285216,-0.01819277254716923,0.008964775115884014
77.30000000000001,-0.025441158867730327,-0.024447940334515368,-0.0009932185332149589
77.35000000000001,-0.02937669821472522,-0.02715855463180379,-0.0022181435829214287
77.4,-0.02873791241879791,-0.029770977342458073,0.0010330649236601624
77.45,-0.031817068944489546,-0.035224711391837936,0.00340764244734839
77.5,-0.038324217872733685,-0.043861034679167264,0.00553681680643358
77.55000000000001,-0.040930217955616764,-0.05305999042271274,0.012129772467095977
77.60000000000001,-0.034740216831384986,-0.05888522615091597,0.024145009319530987
77.65,-0.023407326581948957,-0.05843100985555771,0.03502368327360875
77.7,-0.014896391617822044,-0.0511584643031741,0.03626207268535205
77.75,-0.011970592262674665,-0.03859322880152335,0.026622636538848683
77.80000000000001,-0.008765038314172502,-0.023205578367005084,0.014440540052832582
77.85000000000001,0.0018791561004778833,-0.007687279335770686,0.00956643543624857
77.9,0.018152212258854935,0.005082072955718832,0.013070139303136103
77.95,0.028253277217922517,0.01218181811136315,0.01607145910655937
78.0,0.021428039328809687,0.011680767956713781,0.009747271372095906
78.05000000000001,0.00033567838821742414,0.004132094865923603,-0.003796416477706179
78.10000000000001,-0.018911635861827432,-0.006907354306367779,-0.012004281555459653
78.15,-0.020818554763964988,-0.016339684000656485,-0.004478870763308503
78.2,-0.005492454851606342,-0.020292413048331723,0.014799958196725381
78.25,0.010832730228423026,-0.018187165217214946,0.02901989544563797
78.30000000000001,0.01124918150964171,-0.01255421233491769,0.0238033938445594
78.35000000000001,-0.005229735879144196,-0.006942918735168716,0.00171318285602452
78.4,-0.022673129759152262,-0.003833292821119768,-0.018839836938032494
78.45,-0.024362425334052994,-0.004147825860359832,-0.02021459947369316
78.5,-0.010201360163047056,-0.00816287242125204,-0.0020384877417950163
78.55000000000001,0.0022417184255485224,-0.016232845395873382,0.018474563821421906
78.60000000000001,-0.005358267690057845,-0.02823528524332819,0.022877017553270346
78.65,-0.03367878034195995,-0.04245279578930789,0.00877401544734794
78.7,-0.06410263702027089,-0.05565393900278218,-0.00844869801748871
78.75,-0.0756381198579602,-0.06504879408961385,-0.010589325768346355
78.80000000000001,-0.06391562434963272,-0.07052762957105757,0.006612005221424855
78.85000000000001,-0.04389676783955412,-0.07462752776756962,0.0307307599280155
78.9,-0.03421494317794315,-0.07945573555495318,0.04524079237701003
78.95,-0.03904932584009315,-0.08296849332341034,0.043919167483317194
79.0,-0.04523236865297974,-0.07841981256521892,0.03318744391223918
79.05000000000001,-0.03657554252211058,-0.05858983603147879,0.02201429350936821
79.10000000000001,-0.010371871799581534,-0.022110598351255107,0.011738726551673573
79.15,0.020302629217547427,0.023319647201287163,-0.003017017983739736
79.2,0.039838615052532264,0.064150470764748,-0.024311855712215738
79.25,0.044651018656689856,0.08885633554983079,-0.04420531689314093
79.30000000000001,0.04437838489449958,0.09471727107719305,-0.05033888618269347
79.35000000000001,0.0495295898767514,0.08840163895690867,-0.03887204908015727
79.4,0.05932939824730379,0.08013470747535914,-0.020805309228055353
79.45,0.06265202893175699,0.07622833809467741,-0.013576309162920422
79.5,0.05070509652855737,0.0756720419686235,-0.024966945440066127
79.55000000000001,0.027704507977341246,0.07277935714785681,-0.04507484917051557
79.60000000000001,0.008023608639526066,0.06294144235280477,-0.054917833713278706
79.65,0.0025658294779958486,0.04654678043105306,-0.04398095095305721
79.7,0.008384701100944964,0.02837799194892563,-0.01999329084798067
79.75,0.012239788439625851,0.01384991128358715,-0.0016101228439612987
79.80000000000001,0.004471688612160994,0.0056540474341350965,-0.0011823588219741022
79.85000000000001,-0.010893553795098028,0.003201693684989658,-0.014095247480087687
79.9,-0.019964896999325545,0.004367786952413549,-0.024332683951739095
79.95,-0.012819974667583419,0.007308626162277971,-0.02012860082986139
80.0,0.00641038653415921,0.010848062903683205,-0.004437676369523995
