x,yobs,ycalc,ydiff
0.05,-1.8563092680246617e-11,-0.031362186816014846,0.03136218679745175
0.1,-1.7989556102114481e-10,-0.04731984200403087,0.0473198418241353
0.15000000000000002,-9.391575048358882e-09,-0.04937179216364456,0.049371782772069515
0.2,-1.1281502147547447e-07,-0.054332299243187915,0.05433218642816644
0.25,-2.3815608109310441e-07,-0.0759521881723888,0.07595195001630771
0.30000000000000004,3.476131942755685e-06,-0.10972135434241481,0.10972483047435756
0.35000000000000003,3.069424299708633e-05,-0.13757480837846126,0.13760550262145835
0.4,0.00012336544862149508,-0.14764615009654997,0.14776951554517145
0.45,0.00028209744417854955,-0.14758877611840945,0.147870873562588
0.5,0.0002588436318268193,-0.15658071330626847,0.1568395569380953
0.55,-0.0006835305068115684,-0.1842608012400518,0.18357727073324023
0.6000000000000001,-0.0035647764894101916,-0.21957631932056926,0.21601154283115906
0.65,-0.008446675259033063,-0.24236603686619748,0.23391936160716442
0.7000000000000001,-0.012387234510582016,-0.24572023586747607,0.23333300135689405
0.75,-0.008487168460048548,-0.24453236958386715,0.2360452011238186
0.8,0.011135614270126737,-0.25979913444251196,0.2709347487126387
0.8500000000000001,0.0476265174298258,-0.2949049705817583,0.3425314880115841
0.9,0.0872706551336946,-0.33035218592641924,0.4176228410601138
0.9500000000000001,0.1016848223363878,-0.3445255167613633,0.4462103390977511
1.0,0.06258639734875558,-0.3389637570985244,0.40155015444728
1.05,-0.03392644536185309,-0.3391760665827423,0.3052496212208892
1.1,-0.15172393614838436,-0.3669730777844031,0.21524914163601871
1.1500000000000001,-0.22721610649703688,-0.41305658533757833,0.18584047884054145
1.2000000000000002,-0.21176107713328382,-0.44289751957619683,0.231136442442913
1.25,-0.11731103261719224,-0.4354946228004557,0.3181835901832635
1.3,-0.02437535494737124,-0.4151045778127572,0.390729222865386
1.35,-0.030961485949500437,-0.4340778283021118,0.40311634235261135
1.4000000000000001,-0.16833881473543022,-0.5104187860845882,0.342079971349158
1.4500000000000002,-0.3485777854707155,-0.5768119634284282,0.22823417795771272
1.5,-0.40038235995691657,-0.5031908582021983,0.10280849824528177
1.55,-0.18765539600126596,-0.19646022885044895,0.008804832849182986
1.6,0.26825518649768537,0.295409233360808,-0.027154046863122616
1.6500000000000001,0.7635481778713743,0.7705922079943083,-0.007044030122933975
1.7000000000000002,1.0249645924509423,0.9858262723045724,0.039138320146369865
1.75,0.8957937547232592,0.8251093488746161,0.0706844058486431
1.8,0.46106472992156966,0.39809601645309556,0.0629687134684741
1.85,0.00918849887825518,-0.016137150402843078,0.025325649281098258
1.9000000000000001,-0.15566930229443557,-0.1496316057869613,-0.006037696507474266
1.9500000000000002,0.07921442907027222,0.07664750650974764,0.0025669225605245843
2.0,0.5586760880149821,0.5050621590682379,0.053613928946744216
2.0500000000000003,0.9693183927756814,0.8539693027436953,0.11534909003198612
2.1,1.0524623482709767,0.9041313637263296,0.1483309845446471
2.15,0.7646295704846895,0.62567671495291,0.1389528555317795
2.2,0.27743245380064124,0.1671309522481262,0.11030150155251503
2.25,-0.16522791825788316,-0.26589419242187234,0.10066627416398918
2.3000000000000003,-0.4130033660172005,-0.5420885931714866,0.1290852271542861
2.35,-0.4775842782160879,-0.6561765734408748,0.17859229522478687
2.4000000000000004,-0.47382994136032497,-0.6849693345395967,0.21113939317927177
2.45,-0.5035684373633492,-0.7032205418235394,0.19965210446019022
2.5,-0.5819005388651252,-0.730728075331089,0.1488275364659638
2.5500000000000003,-0.6524722288990831,-0.7410216436645835,0.08854941476550038
2.6,-0.6580527279723661,-0.7068486099264724,0.048795881954106224
2.6500000000000004,-0.5955790430015194,-0.6345126392002866,0.03893359619876713
2.7,-0.5133394848200922,-0.5597811677621738,0.04644168294208162
2.75,-0.4658638243951118,-0.5168740205629793,0.05101019616786745
2.8000000000000003,-0.4744658034858882,-0.5132835556418464,0.038817752155958174
2.85,-0.5253136242696751,-0.5321400976766296,0.006826473406954525
2.9000000000000004,-0.5961642679573153,-0.5554512384695589,-0.04071302948775635
2.95,-0.6789527937706711,-0.583241714174168,-0.09571107959650305
3.0,-0.7770846739832976,-0.6303784255266589,-0.1467062484566387
3.0500000000000003,-0.8861870507434773,-0.7059807480347182,-0.18020630270875904
3.1,-0.9834377491859866,-0.7973447572166887,-0.18609299196929785
3.1500000000000004,-1.039060179655702,-0.8756374663889234,-0.1634227132667786
3.2,-1.0384818781930516,-0.9188082493007683,-0.11967362889228328
3.25,-0.9910973807313349,-0.9285600744051273,-0.06253730632620758
3.3000000000000003,-0.9136764085354334,-0.9210648790486274,0.007388470513194023
3.35,-0.8014153036399378,-0.8951123868864447,0.09369708324650683
3.4000000000000004,-0.6143099095935886,-0.8065463998724799,0.19223649027889134
3.45,-0.2974718522162661,-0.5803336896619846,0.2828618374457185
3.5,0.17210750683985857,-0.16462147567235808,0.3367289825122166
3.5500000000000003,0.7430172286266343,0.4066575610412984,0.3363596675853359
3.6,1.2845082870366007,0.993236330005999,0.2912719570306017
3.6500000000000004,1.6317819386195844,1.3984870437468777,0.23329489487270672
3.7,1.6622643017849967,1.4689499419245773,0.19331435986041945
3.75,1.3609264369717284,1.1821560951868684,0.17877034178486007
3.8000000000000003,0.8347306042964695,0.6633959831281026,0.17133462116836695
3.85,0.26425219719594784,0.11816412611450118,0.14608807108144667
3.9000000000000004,-0.18145037886898394,-0.2757674984209152,0.09431711955193126
3.95,-0.4173425414398776,-0.44726508277744215,0.029922541337564557
4.0,-0.4615144034559034,-0.43721757760550956,-0.024296825850393833
4.05,-0.3960820849414688,-0.3401856671767074,-0.0558964177647614
4.1000000000000005,-0.30312150848049785,-0.23322027005733764,-0.0699012384231602
4.15,-0.2209674144549158,-0.14131966269154145,-0.07964775176337435
4.2,-0.14441187346804843,-0.05172183647200551,-0.09269003699604292
4.25,-0.05591521362546952,0.04964745346844974,-0.10556266709391926
4.3,0.045716883431238114,0.15587789995969886,-0.11016101652846075
4.3500000000000005,0.14252367435228247,0.24539106333718277,-0.1028673889849003
4.4,0.21556189923902552,0.30254339071523434,-0.08698149147620882
4.45,0.26066584634316076,0.32879778568377876,-0.06813193934061801
4.5,0.2855440559076476,0.33534694363687395,-0.049802887729226364
4.55,0.29452754568843237,0.3285112625055606,-0.03398371681712825
4.6000000000000005,0.2805739756669343,0.30471811715847646,-0.024144141491542148
4.65,0.23468946720448264,0.25916097922752135,-0.02447151202303871
4.7,0.16200609805001548,0.19668653556759702,-0.03468043751758154
4.75,0.08483071348850481,0.13168960880084132,-0.046858895312336515
4.800000000000001,0.02647819356073335,0.07669375564147182,-0.05021556208073848
4.8500000000000005,-0.008519520974430622,0.03224835543239087,-0.040767876406821495
4.9,-0.036152494504520835,-0.010241185890264902,-0.025911308614255932
4.95,-0.072571148191899,-0.05491315042991819,-0.017657997761980807
5.0,-0.11143473688808862,-0.09109687729474772,-0.020337859593340904
5.050000000000001,-0.12341317115858357,-0.09762456317496569,-0.025788607983617873
5.1000000000000005,-0.08117592611529023,-0.05876760083510594,-0.022408325280184292
5.15,0.013186356283415834,0.02278568595643141,-0.009599329673015576
5.2,0.12575907409515125,0.12756542333605378,-0.0018063492409025328
5.25,0.21744612732284396,0.23314463902740054,-0.015698511704556578
5.300000000000001,0.27505160794727296,0.3268426098266187,-0.051791001879345766
5.3500000000000005,0.31716119240143864,0.40674165966665604,-0.0895804672652174
5.4,0.36944489293632726,0.4730241221298384,-0.10357922919351115
5.45,0.4338351389689934,0.5206385043843937,-0.08680336541540035
5.5,0.48186550133349104,0.5409927870193637,-0.059127285685872666
5.550000000000001,0.478593484301814,0.5294008560259172,-0.05080737172410327
5.6000000000000005,0.4138316179718547,0.48879297084914214,-0.07496135287728745
5.65,0.31115366770635056,0.4253372850974026,-0.11418361739105204
5.7,0.20773272242818142,0.3419279761863018,-0.13419525375812036
5.75,0.1262316176350747,0.23897771018382793,-0.11274609254875323
5.800000000000001,0.06581773021161046,0.12403682402942662,-0.05821909381781616
5.8500000000000005,0.018365325880482064,0.020585320041469516,-0.002219994160987452
5.9,-0.009648362944648664,-0.03569005339318403,0.026041690448535368
5.95,0.006434020543669722,-0.01435177068808812,0.02078579123175784
6.0,0.09032582267611004,0.09061463696862744,-0.00028881429251739754
6.050000000000001,0.24126165391043394,0.2547590232446772,-0.013497369334243253
6.1000000000000005,0.42753910204522205,0.4344378839215459,-0.006898781876323867
6.15,0.6011436807655485,0.5856282953009943,0.015515385464554221
6.2,0.7188064083821182,0.6764703301925349,0.04233607818958329
6.25,0.7533829973597901,0.6884633464728195,0.0649196508869706
6.300000000000001,0.6935615891179374,0.6128425908180344,0.08071899829990303
6.3500000000000005,0.5418000236217053,0.4510962852618439,0.0907037383598614
6.4,0.31706346006125635,0.22026161431321536,0.09680184574804099
6.45,0.05649832338976776,-0.04531464779634528,0.10181297118611304
6.5,-0.19416862822303377,-0.30299159641527706,0.1088229681922433
6.550000000000001,-0.4005723815245624,-0.5182520506846592,0.11767966916009676
6.6000000000000005,-0.5544912416423585,-0.6763213626930479,0.12183012105068936
6.65,-0.6684074759517481,-0.7798386842412109,0.11143120828946285
6.7,-0.7532365442359534,-0.8361275555574353,0.08289101132148191
6.75,-0.8009404667468256,-0.8471902772522214,0.04624981050539578
6.800000000000001,-0.791019868187702,-0.8118968512997803,0.020876983112078307
6.8500000000000005,-0.7160027642231905,-0.7363611806103536,0.02035841638716307
6.9,-0.5994369363178123,-0.639099687655066,0.03966275133725372
6.95,-0.4843509189335609,-0.5424463298413553,0.05809541090779441
7.0,-0.3989835835930717,-0.45647071655498056,0.05748713296190888
7.050000000000001,-0.3318679794526545,-0.37127424976658435,0.03940627031392985
7.1000000000000005,-0.24314236299760203,-0.26744996934675974,0.024307606349157712
7.15,-0.10561014175165763,-0.1376538985015122,0.03204375674985456
7.2,0.06098168059052244,-0.0007537686322968754,0.061735449222819316
7.25,0.1954646108216479,0.10462350846092354,0.09084110236072436
7.300000000000001,0.23807982210801917,0.14270917217839535,0.09537064992962382
7.3500000000000005,0.17379497755988757,0.10137041398740754,0.07242456357248003
7.4,0.03900566941567906,-0.004229438198329897,0.04323510761400896
7.45,-0.11144601586851217,-0.14474340453406925,0.03329738866555708
7.5,-0.24443962582494244,-0.292824883420858,0.048385257595915554
7.550000000000001,-0.3600280261641109,-0.42945030432751363,0.06942227816340274
7.6000000000000005,-0.4688117928539654,-0.5397979126683065,0.07098611981434105
7.65,-0.5632687293410292,-0.6086548344047038,0.045386105063674576
7.7,-0.6146792201850476,-0.6238158374464873,0.009136617261439661
7.75,-0.599016518045508,-0.5851539241542395,-0.013862593891268538
7.800000000000001,-0.524497550120305,-0.5090854817860051,-0.015412068334299867
7.8500000000000005,-0.4312340316213009,-0.42151794619715494,-0.009716085424145982
7.9,-0.3611319992957285,-0.3434084137051431,-0.0177235855905854
7.95,-0.3255514859241315,-0.28028355735505905,-0.04526792856907247
8.0,-0.30016749364288514,-0.22327090601547803,-0.07689658762740711
8.05,-0.2499404426528552,-0.15863891954792572,-0.09130152310492948
8.1,-0.15909798939131597,-0.07635055740115249,-0.08274743199016349
8.15,-0.03875725365512093,0.028373277779898686,-0.06713053143501961
8.200000000000001,0.09112929768889048,0.1577787117568192,-0.06664941406792872
8.25,0.2237029555482903,0.3117954301880354,-0.0880924746397451
8.3,0.367776729064707,0.48359688763397546,-0.11582015856926847
8.35,0.5298205111371035,0.6559033364678083,-0.1260828253307048
8.4,0.695861665235779,0.8046867253082328,-0.10882506007245385
8.450000000000001,0.8332848264406783,0.9097095162256278,-0.07642468978494954
8.5,0.9113929451731365,0.9632004784909999,-0.05180753331786336
8.55,0.920422463359217,0.9683498043997064,-0.04792734104048946
8.6,0.8710798490297637,0.929002202326745,-0.057922353296981366
8.65,0.7773577112752386,0.841464908064728,-0.0641071967894894
8.700000000000001,0.6424336475463227,0.6983313099295583,-0.05589766238323557
8.75,0.46320903538899333,0.5024082314489946,-0.03919919606000127
8.8,0.24821581780926233,0.277344043623577,-0.02912822581431468
8.85,0.028099860985165804,0.06233232833058165,-0.03423246734541585
8.9,-0.15585573557009405,-0.1080458952779611,-0.04780984029213295
8.950000000000001,-0.27749575757372485,-0.22335638505891653,-0.054139372514808326
9.0,-0.34231147396994327,-0.2994408765044713,-0.04287059746547195
9.05,-0.37807242203759606,-0.36039994384150176,-0.0176724781960943
9.1,-0.40666370094920923,-0.4149999235200048,0.008336222570795582
9.15,-0.4222009457063839,-0.4471661040906073,0.024965158384223418
9.200000000000001,-0.39539796690335816,-0.4284025658809314,0.03300459897757324
9.25,-0.30057437298439793,-0.34163555253277667,0.041061179548378735
9.3,-0.14153712287443543,-0.1970571426416381,0.055520019767202666
9.35,0.04580478932855359,-0.028216650354579074,0.07402143968313267
9.4,0.2150508403190588,0.126685298491056,0.0883655418280028
9.450000000000001,0.33536647747305337,0.2424170763329658,0.09294940114008757
9.5,0.4005219321592701,0.3108412198385628,0.08968071232070735
9.55,0.4169878298118643,0.33239993545567786,0.08458789435618641
9.600000000000001,0.3865139647510549,0.30625363196702216,0.08026033278403272
9.65,0.3018002968653368,0.22922410178394922,0.0725761950813876
9.700000000000001,0.1590279896503257,0.10346554888762596,0.05556244076269973
9.75,-0.02668815361766605,-0.056149792362990086,0.029461638745324037
9.8,-0.22025413749675016,-0.2234527008350237,0.0031985633382735357
9.850000000000001,-0.3834204570402344,-0.37109530126338097,-0.012325155776853447
9.9,-0.49546575995494935,-0.4811900703512475,-0.014275689603701847
9.950000000000001,-0.559569836708546,-0.5482823998400864,-0.011287436868459566
10.0,-0.5899048806136454,-0.5739576044826785,-0.015947276130966914
10.05,-0.5924583889654796,-0.5598355711294155,-0.03262281783606413
10.100000000000001,-0.5581717840668163,-0.5060933172772861,-0.05207846678953021
10.15,-0.4747084342293857,-0.4160508419591963,-0.05865759227018941
10.200000000000001,-0.3447015833173927,-0.3005665923581041,-0.04413499095928858
10.25,-0.19148460711409132,-0.17583757180376033,-0.015647035310330987
10.3,-0.04503057376843151,-0.05492648371230886,0.009895909943877353
10.350000000000001,0.07976336767716502,0.0596529413921316,0.02011042628503342
10.4,0.19195336182030162,0.17479940802151836,0.01715395379878326
10.450000000000001,0.31144176879187807,0.2970419349610266,0.014399833830851472
10.5,0.4455459411922972,0.4222917532990381,0.02325418789325906
10.55,0.5772464332084304,0.5344757023209998,0.04277073088743055
10.600000000000001,0.6764809146099747,0.6148247043424677,0.061656210267507006
10.65,0.7238545389433619,0.6539288449671086,0.06992569397625337
10.700000000000001,0.7239736945931943,0.6559530012480763,0.06802069334511796
10.75,0.6956238824875655,0.6315176216490727,0.0641062608384928
10.8,0.6490442881714881,0.5863245707247782,0.0627197174467099
10.850000000000001,0.5740294586675577,0.5166727924445125,0.05735666622304525
10.9,0.4524468859997449,0.4164160084531971,0.036030877546547824
10.950000000000001,0.2840226644330847,0.2886559257541462,-0.00463326132106151
11.0,0.09922048140750074,0.15034392520862183,-0.05112344380112109
11.05,-0.05633648873734835,0.024277073490392785,-0.08061356222774113
11.100000000000001,-0.15417826772373344,-0.07496844066978908,-0.07920982705394436
11.15,-0.20273143584917802,-0.14843706749136862,-0.0542943683578094
11.200000000000001,-0.23547595594459525,-0.20682975315736438,-0.028646202787230873
11.25,-0.2779814786492545,-0.2572524410092809,-0.02072903763997358
11.3,-0.32476074376870057,-0.29585137521951427,-0.0289093685491863
11.350000000000001,-0.3478472070731613,-0.3136535666002186,-0.03419364047294271
11.4,-0.328434113044286,-0.3095305568544787,-0.01890355618980727
11.450000000000001,-0.2803259690416107,-0.296515969870765,0.016190000829154283
11.5,-0.24174173578109026,-0.29382064463686663,0.052078908855776374
11.55,-0.24295608074219144,-0.3112584618058048,0.06830238106361336
11.600000000000001,-0.28104946368074685,-0.3411660114134739,0.060116547732727066
11.65,-0.3260154755607836,-0.3663447506250693,0.04032927506428574
11.700000000000001,-0.351410412374865,-0.3768584533759986,0.025448041001133626
11.75,-0.3584759911194653,-0.37910317192769316,0.02062718080822784
11.8,-0.3695314397855276,-0.3873647319406485,0.017833292155120917
11.850000000000001,-0.3976895070215064,-0.4051915185584129,0.007502011536906494
11.9,-0.42428814437761975,-0.4147611513577498,-0.009526993019869923
11.950000000000001,-0.408261656717118,-0.3858999961965963,-0.022361660520521687
12.0,-0.31998096459257536,-0.29820032060986773,-0.021780643982707626
12.05,-0.1675719081715982,-0.15715466489933394,-0.01041724327226426
12.100000000000001,0.009067119582138395,0.009421131904453059,-0.0003540123223146636
12.15,0.16972907409086113,0.1702945563086941,-0.0005654822178329799
12.200000000000001,0.2998313282337039,0.30733025136384995,-0.007498923130146051
12.25,0.4070490741218594,0.4159845959783612,-0.00893552185650176
12.3,0.49559451629399265,0.49301308724357923,0.0025814290504134196
12.350000000000001,0.5476766359117364,0.5270810030223063,0.020595632889430115
12.4,0.533281801411715,0.5037202950732655,0.02956150633844945
12.450000000000001,0.4391503602982354,0.4199979628597593,0.019152397438476076
12.5,0.28714318953661994,0.2932251567938601,-0.0060819672572401395
12.55,0.12241075014875825,0.15352142630859322,-0.03111067615983497
12.600000000000001,-0.01779068937780714,0.02635170436839934,-0.04414239374620648
12.65,-0.12461605863126426,-0.07868179468703637,-0.04593426394422789
12.700000000000001,-0.20918725340166994,-0.16311277302640925,-0.046074480375260685
12.75,-0.2770779143095095,-0.2258405059938054,-0.051237408315704114
12.8,-0.31476647451580564,-0.2564721674366656,-0.05829430707914002
12.850000000000001,-0.30342421011674786,-0.24407543932795586,-0.059348770788792
12.9,-0.2453345831349304,-0.1926723963342765,-0.052662186800653904
12.950000000000001,-0.17341993070321082,-0.12647879156120123,-0.04694113914200959
13.0,-0.13069667835836407,-0.07728825079941935,-0.05340842755894472
13.05,-0.1374483433211448,-0.06425932306916408,-0.07318902025198072
13.100000000000001,-0.17744598336927472,-0.08435831599320173,-0.09308766737607299
13.15,-0.21626999106128644,-0.12134160837258122,-0.09492838268870522
13.200000000000001,-0.2330366630223182,-0.16278073730556844,-0.07025592571674977
13.25,-0.23397623144080973,-0.20706714041405466,-0.026909091026755066
13.3,-0.23549163570263998,-0.2535319408647224,0.018040305162082437
13.350000000000001,-0.23593193761870918,-0.2874329890916662,0.05150105147295703
13.4,-0.2070536026107987,-0.27832162082300954,0.07126801821221085
13.450000000000001,-0.11607968019351898,-0.1977207417389256,0.08164106154540661
13.5,0.042122200178519156,-0.04233161816556735,0.08445381834408651
13.55,0.23411514042826764,0.15809002495716465,0.076025115471103
13.600000000000001,0.4091936498301052,0.3560751896035345,0.053118460226570685
13.65,0.5329895079960555,0.5123060791273807,0.020683428868674802
13.700000000000001,0.6028878382232469,0.61093839303254,-0.008050554809293176
13.75,0.6341382994822156,0.6546450047646288,-0.020506705282413273
13.8,0.634389497795281,0.6488175514704676,-0.014428053675186625
13.850000000000001,0.5937359594514195,0.592577154483448,0.001158804967971494
13.9,0.49919899709066684,0.48457851572336025,0.014620481367306593
13.950000000000001,0.35675892001079035,0.33514482709806637,0.02161409291272398
14.0,0.19697913054618407,0.1700015180061184,0.02697761254006567
14.05,0.05782311550330736,0.02023957346851035,0.03758354203479701
14.100000000000001,-0.03882492569880025,-0.0926158395615552,0.05379091386275495
14.15,-0.0955245883201823,-0.16331175381338212,0.06778716549319981
14.200000000000001,-0.12765383993702634,-0.19745527476152708,0.06980143482450074
14.25,-0.14631710250800017,-0.20207297304308083,0.05575587053508066
14.3,-0.15271892038651802,-0.18228317113242995,0.02956425074591193
14.350000000000001,-0.14587700868911,-0.14523947558722586,-0.0006375331018841357
14.4,-0.13089369102746323,-0.10341753461694383,-0.027476156410519398
14.450000000000001,-0.11657170553801383,-0.07048969219658076,-0.04608201334143307
14.5,-0.1057199303794257,-0.052738882977793826,-0.05298104740163188
14.55,-0.09136174331742093,-0.045582251468005576,-0.045779491849415356
14.600000000000001,-0.06548392481057548,-0.04010397815031324,-0.02537994666026224
14.65,-0.03145703831369942,-0.03331795948443689,0.0018609211707374673
14.700000000000001,-0.005109554030240019,-0.030955157037054693,0.025845603006814676
14.75,-0.0008815322167408968,-0.039299572281659395,0.0384180400649185
14.8,-0.016709958990145834,-0.05519042659943168,0.03848046760928585
14.850000000000001,-0.03481942534358649,-0.06662326942243108,0.03180384407884459
14.9,-0.0399052170890974,-0.06552555949897455,0.02562034240987715
14.950000000000001,-0.036980100022070486,-0.059994845403523525,0.02301474538145304
15.0,-0.04935650800018443,-0.07136979515224208,0.02201328715205765
15.05,-0.09640722187939077,-0.1157402807033732,0.019333058823982424
15.100000000000001,-0.17203722955749687,-0.18633912492060528,0.014301895363108413
15.15,-0.24582551372463896,-0.2548759859426423,0.00905047221800337
15.200000000000001,-0.28723108886914245,-0.2928873623794716,0.005656273510329157
15.25,-0.2902266680711941,-0.2944013688754872,0.004174700804293052
15.3,-0.2747149955474856,-0.2785949420260999,0.003879946478614338
15.350000000000001,-0.263743423891834,-0.2694380442760942,0.005694620384260218
15.4,-0.25945050484601667,-0.2714518051700267,0.012001300324010034
15.450000000000001,-0.24185143879761176,-0.26496889715643884,0.023117458358827087
15.5,-0.19173699858587834,-0.2259605282647236,0.03422352967884526
15.55,-0.11491674110568702,-0.15194742896899965,0.037030687863312636
15.600000000000001,-0.04360150155989653,-0.06941128925280757,0.025809787692911035
15.65,-0.012913257731847174,-0.015291110079035357,0.0023778523471881825
15.700000000000001,-0.03403213886160438,-0.008989316769735788,-0.025042822091868595
15.75,-0.08753847351094278,-0.03921649552380844,-0.04832197798713434
15.8,-0.14033612570988463,-0.07528010906325963,-0.065056016646625
15.850000000000001,-0.16810287115260605,-0.09012366018183592,-0.07797921097077014
15.9,-0.16318337740293531,-0.07387105029148924,-0.08931232711144607
15.950000000000001,-0.12516987426591464,-0.028604296815117797,-0.09656557745079684
16.0,-0.04892473812940113,0.045728043493529574,-0.0946527816229307
16.05,0.07504921422838685,0.15711812854484644,-0.08206891431645959
16.1,0.2484420522723674,0.31240871296293965,-0.06396666069057225
16.150000000000002,0.45511956531121084,0.5029957142781158,-0.04787614896690501
16.2,0.6645260258880886,0.7004114168901397,-0.035885391002051126
16.25,0.8451274891631706,0.8669004047848785,-0.02177291562170791
16.3,0.9745305278317693,0.9718658101683608,0.002664717663408478
16.35,1.0381685817682178,1.0008609044426906,0.0373076773255272
16.400000000000002,1.0222965547290122,0.9525886250326004,0.06970792969641171
16.45,0.9135517472885453,0.830946211646232,0.08260553564231332
16.5,0.7091591640654861,0.6417702811953573,0.06738888287012879
16.55,0.42821143697040187,0.3963717457970917,0.03183969117331015
16.6,0.11082833592407212,0.11555973364423282,-0.004731397720160693
16.650000000000002,-0.19702289581335028,-0.1723386177025274,-0.024684278110822883
16.7,-0.4611746359691089,-0.4387783943415286,-0.022396241627580304
16.75,-0.6653804082659974,-0.6611830170788827,-0.004197391187114707
16.8,-0.80399297617462,-0.8236378735732868,0.019644897398666816
16.85,-0.8724664887924489,-0.9145526264481345,0.042086137655685585
16.900000000000002,-0.867117739810291,-0.9269266921044965,0.059808952294205464
16.95,-0.7930322676563681,-0.8625181433587631,0.06948587570239495
17.0,-0.668177089751757,-0.7346930898031911,0.0665160000514341
17.05,-0.5153360726193642,-0.5643524089614204,0.049016336342056155
17.1,-0.3479868831140364,-0.37052804531940636,0.022541162205369947
17.150000000000002,-0.1653750045165676,-0.16423042217104178,-0.0011445823455258075
17.2,0.03564637307100008,0.04772969088784343,-0.012083317816843346
17.25,0.24227018113699172,0.2523411943297804,-0.010071013192788691
17.3,0.4203191081321489,0.4249442585067983,-0.004625150374649389
17.35,0.5305526564722947,0.5369663563195287,-0.006413699847234056
17.400000000000002,0.5542369737530424,0.5722904360797669,-0.018053462326724556
17.45,0.5048985785691807,0.5378477474882501,-0.032949168919069405
17.5,0.41489610210790095,0.4577323499559664,-0.042836247848065445
17.55,0.30895028665362556,0.35493333752969,-0.04598305087606441
17.6,0.1891255652162686,0.2367151357250877,-0.047589570508819096
17.650000000000002,0.04449175383751612,0.09679908437110141,-0.052307330533585286
17.7,-0.12538505866624078,-0.06805897638142641,-0.05732608228481437
17.75,-0.29730456585984716,-0.2431719406756246,-0.05413262518422257
17.8,-0.4354651330523659,-0.397541397689732,-0.03792373536263388
17.85,-0.5168313573610953,-0.5017788599776606,-0.015052497383434726
17.900000000000002,-0.5472389116301911,-0.5473254130121132,8.650138192212165e-05
17.95,-0.5537258741708118,-0.5509183049360306,-0.0028075692347812042
18.0,-0.5609301289662592,-0.541252082723621,-0.019678046242638136
18.05,-0.5731283167248422,-0.5394000008511182,-0.033728315873724046
18.1,-0.5762666271799118,-0.5479544243890521,-0.028312202790859775
18.150000000000002,-0.5546901494737515,-0.5545050382145764,-0.00018511125917508586
18.2,-0.5049041715912436,-0.542958194794905,0.03805402320366147
18.25,-0.4344725012046852,-0.5022016844101173,0.06772918320543203
18.3,-0.35035633494353663,-0.4274584948154339,0.07710215987189728
18.35,-0.25064387007129013,-0.3177752208202665,0.06713135074897636
18.400000000000002,-0.12812593594324584,-0.17530189665771542,0.047175960714469584
18.45,0.01903894461293331,-0.007570851786265492,0.026609796399198804
18.5,0.18100892193401596,0.17100572771517789,0.01000319421883808
18.55,0.3399899435413663,0.34203296952103823,-0.0020430259796719308
18.6,0.47908796383648505,0.48932335280204475,-0.0102353889655597
18.650000000000002,0.5874908171052483,0.6035350138654894,-0.016044196760241047
18.7,0.6591083859957716,0.6817237967943177,-0.02261541079854612
18.75,0.6896011215876745,0.7230963540175426,-0.03349523242986807
18.8,0.6773108455946693,0.7255247575823071,-0.0482139119876378
18.85,0.6270177565915719,0.6860574671457973,-0.05903971055422541
18.900000000000002,0.5503113512496081,0.6045572654103827,-0.05424591416077462
18.95,0.45949180945069773,0.48696183967067946,-0.027470030219981734
19.0,0.36010466043856454,0.34561496210795944,0.014489698330605094
19.05,0.25064049053927595,0.1969482124757555,0.05369227806352045
19.1,0.13148867746757256,0.05844253187059116,0.0730461455969814
19.150000000000002,0.014969229586264593,-0.05379062222915732,0.06875985181542191
19.200000000000003,-0.07459301467297938,-0.12681005880758084,0.05221704413460146
19.25,-0.11312476324995875,-0.15241309859978078,0.039288335349822026
19.3,-0.09172127277671926,-0.1283549882248628,0.03663371544814353
19.35,-0.021477999939062804,-0.05893796647736076,0.03745996653829796
19.400000000000002,0.07511254084841716,0.044816734082651764,0.030295806765765397
19.450000000000003,0.17708456124812819,0.1651493224848673,0.011935238763260886
19.5,0.27031136274387807,0.27855976341867833,-0.00824840067480026
19.55,0.34275551324934894,0.3597209266137586,-0.016965413364409654
19.6,0.37866317705509367,0.38894181801081756,-0.010278640955723894
19.650000000000002,0.361714077976742,0.3601951937119669,0.0015188842647750889
19.700000000000003,0.2864713424160056,0.2840337801658488,0.0024375622501567884
19.75,0.1666708795987842,0.1817311560444654,-0.015060276445681198
19.8,0.030096016423672295,0.07343735392293828,-0.04334133749926598
19.85,-0.0974010422276691,-0.03127282646141217,-0.06612821576625694
19.900000000000002,-0.20480175330554454,-0.13315698534113307,-0.07164476796441147
19.950000000000003,-0.29415398816447447,-0.23396430622140668,-0.060189681943067785
20.0,-0.36691386440540674,-0.32664942591944734,-0.0402644384859594
20.05,-0.4131612918034171,-0.39436069979597205,-0.01880059200744505
20.1,-0.41553835741340805,-0.4194716537748179,0.0039332963614098215
20.150000000000002,-0.36449640717136533,-0.3946497565123168,0.030153349340951485
20.200000000000003,-0.26927709916664716,-0.3261760899048932,0.05689899073824606
20.25,-0.15269903391953307,-0.22723463579149455,0.07453560187196148
20.3,-0.03402572005854953,-0.10843038081146208,0.07440466075291255
20.35,0.08332091888462795,0.024955126712339643,0.05836579217228831
20.400000000000002,0.20660100423264122,0.16668311346153936,0.03991789077110186
20.450000000000003,0.3357063816239909,0.30145020019353147,0.03425618143045944
20.5,0.4500594344263682,0.4044389009515279,0.0456205334748403
20.55,0.5144070605619686,0.45079509072349083,0.06361196983847778
20.6,0.49992155520018594,0.42770921428998715,0.07221234091019879
20.650000000000002,0.40273229734725124,0.3392061104662662,0.06352618688098505
20.700000000000003,0.24453181242971403,0.20053613607631396,0.04399567635340007
20.75,0.05633945147904768,0.028351823123850494,0.027987628355197188
20.8,-0.13915723275669323,-0.16435462277671864,0.025197390020025412
20.85,-0.33218658338242746,-0.365496292602761,0.03330970922033355
20.900000000000002,-0.5168889460276347,-0.5584697255463478,0.041580779518713085
20.950000000000003,-0.6808252553665874,-0.7214967040416598,0.04067144867507233
21.0,-0.8045445386166493,-0.833763521830152,0.02921898321350269
21.05,-0.8711249732314379,-0.883339836735141,0.012214863503703155
21.1,-0.8755977478806108,-0.8703357701023657,-0.005261977778245108
21.150000000000002,-0.8255221036382301,-0.8037507862491631,-0.021771317389067013
21.200000000000003,-0.7339470909532467,-0.6962531697057841,-0.037693921247462625
21.25,-0.6132527439995772,-0.5617138826670885,-0.05153886133248864
21.3,-0.4755241844199395,-0.41576094567668637,-0.05976323874325312
21.35,-0.33627797188123726,-0.27554239273154285,-0.06073557914969441
21.400000000000002,-0.21401698875905167,-0.15601172361860766,-0.05800526514044402
21.450000000000003,-0.12327800903945611,-0.06495356437592975,-0.05832444466352636
21.5,-0.06753845570261892,-0.0017430275336488793,-0.06579542816897004
21.55,-0.04018183296523454,0.03820181950289824,-0.07838365246813278
21.6,-0.03367222489616099,0.05727305916635592,-0.09094528406251692
21.650000000000002,-0.04746273699229704,0.05415297831574568,-0.10161571530804273
21.700000000000003,-0.08505194460792614,0.02885943401183704,-0.11391137861976319
21.75,-0.14159721351092686,-0.010674124129859816,-0.13092308938106703
21.8,-0.19487834961959052,-0.04774583718873833,-0.14713251243085218
21.85,-0.21158493573257464,-0.06371554446035751,-0.14786939127221713
21.900000000000002,-0.16687252586755918,-0.04668483168437304,-0.12018769418318614
21.950000000000003,-0.06088186416605873,0.006024932979426008,-0.06690679714548474
22.0,0.08370550101487426,0.09355921256097066,-0.009853711546096405
22.05,0.24247988871539886,0.21872421935719158,0.023755669358207276
22.1,0.4099470102251458,0.38769551165411503,0.02225149857103076
22.150000000000002,0.5997603062641562,0.6001676797789363,-0.0004073735147800406
22.200000000000003,0.8221295246907327,0.8378228448751729,-0.01569332018444014
22.25,1.0579106195247268,1.0623330252790906,-0.004422405754363812
22.3,1.2543215197870288,1.2271333461739131,0.02718817361311565
22.35,1.3498704560524382,1.2959256690506795,0.05394478700175864
22.400000000000002,1.310607845605952,1.255442242006335,0.055165603599617086
22.450000000000003,1.1490796473994898,1.115140796485726,0.033938850913763696
22.5,0.9114804748618739,0.8972125319165554,0.014267942945318524
22.55,0.6452203404986524,0.626788106607098,0.01843223389155435
22.6,0.3746868058081062,0.32923240554897326,0.04545440025913294
22.650000000000002,0.10374378179668359,0.03274806787420749,0.0709957139224761
22.700000000000003,-0.16170949722433345,-0.23107370402118318,0.06936420679684974
22.75,-0.39585620753410644,-0.43348290384633265,0.037626696312226204
22.8,-0.5591670315989334,-0.5585963187546638,-0.0005707128442696829
22.85,-0.6247550549879076,-0.6093277771655942,-0.015427277822313457
22.900000000000002,-0.6013049890217218,-0.6040265255858053,0.002721536564083471
22.950000000000003,-0.5310710749505978,-0.5661933020900533,0.03512222713945545
23.0,-0.4631267666098512,-0.5148435551554257,0.05171678854557449
23.05,-0.42348013635753784,-0.46133299343936063,0.03785285708182279
23.1,-0.405654518205968,-0.4120154349249018,0.006360916718933796
23.150000000000002,-0.3867679416571432,-0.37145441036665805,-0.015313531290485127
23.200000000000003,-0.352418068164111,-0.34222354128849813,-0.010194526875612842
23.25,-0.3082086138323468,-0.3225366064645012,0.014327992632154396
23.3,-0.27025482227763825,-0.3061664866771504,0.035911664399512155
23.35,-0.24686588489537759,-0.28679163174445,0.03992574684907241
23.400000000000002,-0.23024846986141811,-0.2634851403351377,0.03323667047371959
23.450000000000003,-0.20538956198218433,-0.24149781598747683,0.036108254005292495
23.5,-0.1656783311159165,-0.22613393371980703,0.06045560260389052
23.55,-0.11866109982353275,-0.21440520242512714,0.0957441026015944
23.6,-0.07606016605372729,-0.19251655702225656,0.11645639096852928
23.650000000000002,-0.03858548844787609,-0.1430919973828499,0.10450650893497379
23.700000000000003,0.008369630117312314,-0.05744662733176523,0.06581625744907754
23.75,0.0827923102807283,0.05707381282831674,0.025718497452411553
23.8,0.18877266846552493,0.1812644536643006,0.007508214801224322
23.85,0.3103698779567363,0.29663006088051275,0.01373981707622357
23.900000000000002,0.42246854500310027,0.39574600955527844,0.026722535447821827
23.950000000000003,0.5081466519195669,0.48155485224799355,0.026591799671573324
24.0,0.5661953046554576,0.5566344800466559,0.009560824608801699
24.05,0.6027077174418712,0.6128136979459001,-0.010105980504028889
24.1,0.6167312573629661,0.6316592673772851,-0.014928010014318982
24.150000000000002,0.5957570995002754,0.596746810784495,-0.000989711284219541
24.200000000000003,0.5265436276111426,0.507664676169411,0.018878951441731573
24.25,0.4107800756579111,0.3833863723541759,0.027393703303735195
24.3,0.269524414626536,0.2514152335539911,0.01810918107254489
24.35,0.13093167275415293,0.1313289784383372,-0.00039730568418427925
24.400000000000002,0.01205915178929001,0.02608755087727917,-0.01402839908798916
24.450000000000003,-0.08872778881594613,-0.07256860843086292,-0.01615918038508321
24.5,-0.18271120078950467,-0.17071971463870275,-0.011991486150801922
24.55,-0.27523633896329336,-0.263502218999713,-0.01173411996358037
24.6,-0.3593181441516636,-0.3385386054562119,-0.020779538695451683
24.650000000000002,-0.4238946743634089,-0.38744778121195717,-0.03644689315145172
24.700000000000003,-0.4667972060758217,-0.4140393366094493,-0.0527578694663724
24.75,-0.49791012285802233,-0.43149104044008074,-0.06641908241794159
24.8,-0.528831280751845,-0.45156394294939045,-0.0772673378024546
24.85,-0.5601421857235969,-0.4762325933098533,-0.08390959241374357
24.900000000000002,-0.5803902557773694,-0.499101394548759,-0.08128886122861034
24.950000000000003,-0.5785265387505711,-0.5139172929876548,-0.06460924576291638
25.0,-0.5565937276612107,-0.5204826406128571,-0.03611108704835364
25.05,-0.528034081391763,-0.5212948518279202,-0.0067392295638427635
25.1,-0.5015662126428264,-0.5122734330149514,0.010707220372125015
25.150000000000002,-0.4666654858516758,-0.4779210242752881,0.011255538423612321
25.200000000000003,-0.3971660525308975,-0.39798351417350947,0.000817461642611983
25.25,-0.2725201289904892,-0.26190163555617246,-0.010618493434316756
25.3,-0.09807346266976137,-0.07929594712550334,-0.018777515544258036
25.35,0.09504400785091452,0.12274985050701605,-0.02770584265610153
25.400000000000002,0.27123912242204257,0.3138045859998106,-0.042565463577768026
25.450000000000003,0.4135184707771258,0.4742790053588808,-0.06076053458175501
25.5,0.5269799932207121,0.5989023406277706,-0.0719223474070585
25.55,0.6204955343053548,0.6884993189848193,-0.06800378467946455
25.6,0.6859754844030501,0.7390624573698132,-0.053086972966763124
25.650000000000002,0.6973385585245125,0.7385566999906754,-0.04121814146616287
25.700000000000003,0.6319684358906473,0.6742415598667445,-0.04227312397609717
25.75,0.49473116119044563,0.5440026640227964,-0.049271502832350766
25.8,0.3209931989785364,0.3623454587159802,-0.041352259737443775
25.85,0.1544999087720674,0.15686073250184082,-0.0023608237297734203
25.900000000000002,0.01977129251604172,-0.041385701903940524,0.06115699441998224
25.950000000000003,-0.08630751605503502,-0.20666585523151884,0.12035833917648382
26.0,-0.17768488229555437,-0.32239314968854454,0.14470826739299017
26.05,-0.255279224023214,-0.3807516107742373,0.1254723867510233
26.1,-0.30043251987019004,-0.3815563517518467,0.08112383188165667
26.150000000000002,-0.29253381806601475,-0.3323782053181829,0.039844387252168156
26.200000000000003,-0.23364057696292823,-0.24905753980106474,0.015416962838136511
26.25,-0.15566199872473566,-0.15440098016889886,-0.001261018555836796
26.3,-0.10185746383803791,-0.07391687213281903,-0.027940591705218884
26.35,-0.09816224346474757,-0.0294206743634768,-0.06874156910127077
26.400000000000002,-0.1386457245366349,-0.03260847778217319,-0.10603724675446172
26.450000000000003,-0.19575243635558173,-0.08094702697876222,-0.11480540937681952
26.5,-0.24378260350383577,-0.15786739873818606,-0.0859152047656497
26.55,-0.2742498986895516,-0.23817127893608914,-0.03607861975346244
26.6,-0.2920752334041955,-0.2973192064859773,0.005243973081781816
26.650000000000002,-0.3004253364483115,-0.32051862483795074,0.020093288389639252
26.700000000000003,-0.29106533120380507,-0.30649909913747175,0.015433767933666687
26.75,-0.2492594275546076,-0.26351653737095293,0.014257109816345342
26.8,-0.1671161169948628,-0.2005308885068213,0.033414771511958485
26.85,-0.052058815519624664,-0.12056591273117544,0.06850709721155077
26.900000000000002,0.07656851837453209,-0.022002986585923093,0.09857150496045518
26.950000000000003,0.19798581085951406,0.09285924258205598,0.10512656827745807
27.0,0.29764323294176986,0.20928227529941362,0.08836095764235624
27.05,0.3673271331210847,0.29997767507917905,0.06734945804190567
27.1,0.40137413614884615,0.3358915555494711,0.06548258059937506
27.150000000000002,0.3953265741936964,0.30199337573823143,0.09333319845546495
27.200000000000003,0.3488166044971272,0.2079492787378158,0.1408673257593114
27.25,0.26901544486868806,0.08662212512368783,0.18239331974500023
27.3,0.17067448663743687,-0.018982151990043092,0.18965663862747995
27.35,0.07282740081851796,-0.073156903494581,0.14598430431309894
27.400000000000002,-0.005015657424695164,-0.060689545166490666,0.055673887741795505
27.450000000000003,-0.04594325055695878,0.009548564409556167,-0.05549181496651495
27.5,-0.0395707475018626,0.11098480141161726,-0.15055554891347986
27.55,0.012464978018509217,0.21201368579561564,-0.19954870777710643
27.6,0.09310856216205181,0.2890663020062603,-0.1959577398442085
27.650000000000002,0.17422163420731054,0.33406457149430074,-0.1598429372869902
27.700000000000003,0.2292833356207215,0.35270318895246366,-0.12341985333174216
27.75,0.24657898968473138,0.35499636220493314,-0.10841737252020175
27.8,0.23217122548261382,0.3447477527923038,-0.11257652730968998
27.85,0.19973404603861913,0.31596898023930525,-0.11623493420068612
27.900000000000002,0.1565609587364391,0.2594149998860194,-0.1028540411495803
27.950000000000003,0.09937468749212777,0.17404304258459852,-0.07466835509247075
28.0,0.024247206291151707,0.07318474596627299,-0.04893753967512128
28.05,-0.05979992125104785,-0.021197048302892516,-0.03860287294815533
28.1,-0.12906864055798092,-0.09255245889684625,-0.03651618166113467
28.150000000000002,-0.1599512202636903,-0.1402305117530934,-0.0197207085105969
28.200000000000003,-0.1477741429669426,-0.17640168460360917,0.02862754163666656
28.25,-0.11150711880139377,-0.21098162001873053,0.09947450121733675
28.3,-0.07861538749055111,-0.23773384368291395,0.15911845619236284
28.35,-0.0636032005848207,-0.23546223916704256,0.17185903858222185
28.400000000000002,-0.060466316978703125,-0.18602919383615607,0.12556287685745293
28.450000000000003,-0.05577509865168596,-0.09553525059236084,0.039760151940674886
28.5,-0.048291088216860685,4.186824832229171e-05,-0.04833295646518298
28.55,-0.0539570020582765,0.05262017313047913,-0.10657717518875562
28.6,-0.08969800809078816,0.0324164923262382,-0.12211450041702637
28.650000000000002,-0.15163681173898147,-0.05097452755518507,-0.1006622841837964
28.700000000000003,-0.21050403989662084,-0.15282066710515008,-0.05768337279147076
28.75,-0.23109541148690588,-0.22008155505665283,-0.011013856430253044
28.8,-0.19884837682003728,-0.22151136645482564,0.022662989634788355
28.85,-0.1288615250111228,-0.16036007988500303,0.03149855487388023
28.900000000000002,-0.04932385607466309,-0.06342914389488204,0.01410528782021895
28.950000000000003,0.023800490638043657,0.041639307394881205,-0.017838816756837548
29.0,0.09575158099029801,0.14165262090022973,-0.04590103990993172
29.05,0.1774521183303139,0.2351461983814681,-0.0576940800511542
29.1,0.26256728305959703,0.317546244876856,-0.054978961817258976
29.150000000000002,0.3223127078112861,0.37047495844546674,-0.048162250634180614
29.200000000000003,0.32565798271664953,0.36732919970607647,-0.04167121698942694
29.25,0.2668156768210114,0.2925289964318431,-0.025713319610831675
29.3,0.17375865169547572,0.1590567731349083,0.014701878560567427
29.35,0.08926324716267386,0.008852335663377358,0.08041091149929651
29.400000000000002,0.041979979006204586,-0.10652035842991424,0.14850033743611882
29.450000000000003,0.03350582173121583,-0.1521708044188848,0.18567662615010064
29.5,0.05042635062891154,-0.1249600350703624,0.17538638569927395
29.55,0.0854749626868193,-0.04798397858525142,0.13345894127207072
29.6,0.1444028560486239,0.049136356651798954,0.09526649939682495
29.650000000000002,0.2318840323922082,0.14778582570094095,0.08409820669126725
29.700000000000003,0.33294278989448534,0.24292076310025584,0.09002202679422949
29.75,0.41188525222135747,0.33146703882516537,0.0804182133961921
29.8,0.4329533673929113,0.3992794617994004,0.03367390559351091
29.85,0.3843459535565424,0.4198723530179113,-0.03552639946136893
29.900000000000002,0.28316630677863386,0.3673821766740054,-0.08421586989537155
29.950000000000003,0.15744050421345032,0.23388639028875136,-0.07644588607530103
30.0,0.02355080542652339,0.037687731266697416,-0.014136925840174026
30.05,-0.11927625200082563,-0.18327738344718278,0.06400113144635715
30.1,-0.27428318198183277,-0.38740256071199486,0.11311937873016209
30.150000000000002,-0.43002900603449123,-0.5437947425940838,0.11376573655959255
30.200000000000003,-0.5603306020226262,-0.6380014138676472,0.077670811845021
30.25,-0.6422456282040514,-0.6700939727972076,0.027848344593156216
30.3,-0.673732474373342,-0.6505272478163783,-0.023205226556963776
30.35,-0.672733396953125,-0.597007342670968,-0.07572605428215695
30.400000000000002,-0.6586069822078723,-0.530988023734361,-0.12761895847351123
30.450000000000003,-0.6348881881084942,-0.47144022312788747,-0.16344796498060676
30.5,-0.5904822882727999,-0.4273981431364284,-0.16308414513637154
30.55,-0.516789198787289,-0.3946375424170869,-0.12215165637020214
30.6,-0.42162069284285825,-0.3603360394219931,-0.06128465342086514
30.650000000000002,-0.3245677621455461,-0.31308453634048694,-0.011483225805059172
30.700000000000003,-0.2386086979951667,-0.2504181679906459,0.011809469995479216
30.75,-0.15790756672564132,-0.17786221082795456,0.019954644102313235
30.8,-0.0657754416533188,-0.10127173243413577,0.035496290780816966
30.85,0.04433962951253712,-0.020634943321965072,0.0649745728345022
30.900000000000002,0.15618382709720433,0.0679251751577656,0.08825865193943873
30.950000000000003,0.2399580889247581,0.16337545075872612,0.07658263816603197
31.0,0.27513002506332584,0.252716074102112,0.022413950961213847
31.05,0.2648059056522114,0.3132256761268115,-0.04841977047460011
31.1,0.2284822613894618,0.32354004369636447,-0.09505778230690268
31.150000000000002,0.1820637723118911,0.2755603168362056,-0.09349654452431447
31.200000000000003,0.1264478323483707,0.1789942999882667,-0.05254646763989598
31.25,0.05592097962800574,0.05693012690651735,-0.0010091472785116115
31.3,-0.024224683752085238,-0.06263633689948812,0.038411653147402885
31.35,-0.09194462006796787,-0.15380771978374916,0.061863099715781286
31.400000000000002,-0.1234197773636078,-0.19723974801114516,0.07381997064753736
31.450000000000003,-0.11512115868540769,-0.1843986102451142,0.06927745155970651
31.5,-0.09021249865818186,-0.12232454941580838,0.03211205075762652
31.55,-0.08103368896340037,-0.03525254200099439,-0.045781146962405976
31.6,-0.10327500614432705,0.041546843012198874,-0.14482184915652593
31.650000000000002,-0.14625973737481138,0.07531745478449804,-0.22157719215930943
31.700000000000003,-0.18797678146913507,0.04960869571143507,-0.23758547718057016
31.75,-0.2187182157100003,-0.030289707719661264,-0.18842850799033903
31.8,-0.24854580759213707,-0.1427637780978328,-0.10578202949430426
31.85,-0.2904636216119998,-0.26039172463667676,-0.03007189697532303
31.900000000000002,-0.3365842476250241,-0.35724877744146616,0.020664529816442068
31.950000000000003,-0.35298475323326434,-0.4100220797695642,0.05703732653629984
32.0,-0.3013813976120735,-0.39739872611210664,0.09601732850003314
32.050000000000004,-0.16930766844705458,-0.30388711368321203,0.13457944523615745
32.1,0.018615607724136115,-0.1284394345639874,0.14705504228812352
32.15,0.2183191819353306,0.10882215760255903,0.10949702433277156
32.2,0.39597351660783975,0.3691105178215276,0.026862998786312153
32.25,0.542798484948136,0.6071420101543121,-0.06434352520617614
32.300000000000004,0.6641770897681085,0.7856452779894543,-0.12146818822134575
32.35,0.7580225066750711,0.8838290885014224,-0.1258065818263513
32.4,0.8070953954496771,0.8976864375945691,-0.090591042144892
32.45,0.7944271332515632,0.8367966997557625,-0.04236956650419932
32.5,0.7262013814518105,0.7226964641997129,0.0035049172520975613
32.550000000000004,0.6374125728106333,0.5882207471365986,0.049191825674034795
32.6,0.5714858195397958,0.47252921992325836,0.09895659961653747
32.65,0.5502465290969074,0.40891647249880303,0.14133005659810438
32.7,0.5605356360937,0.41027335053206765,0.1502622855616324
32.75,0.5688340251771292,0.462174793255648,0.10665923192148125
32.800000000000004,0.5499598808011561,0.5299224983874739,0.020037382413682248
32.85,0.5042112965409989,0.575875111304999,-0.07166381476400008
32.9,0.4495766376284412,0.5758960582272888,-0.12631942059884765
32.95,0.3992889426595405,0.5253831355184919,-0.1260941928589514
33.0,0.3475269576796116,0.43417230266570866,-0.08664534498609705
33.050000000000004,0.2765798005776131,0.31733929807409034,-0.040759497496477226
33.1,0.1775159279661689,0.1892202689290631,-0.011704340962894189
33.15,0.06379736971387788,0.06222807863755274,0.001569291076325141
33.2,-0.03556174257333635,-0.052974737797612345,0.017412995224275994
33.25,-0.09757026701541181,-0.14896690168576296,0.051396634670351146
33.300000000000004,-0.12282124534739747,-0.2237345608796434,0.10091331553224595
33.35,-0.13450245139068384,-0.28043111361105183,0.145928662220368
33.4,-0.16068714013885535,-0.32407620212418126,0.1633890619853259
33.45,-0.21511816529077424,-0.35836492349470456,0.14324675820393032
33.5,-0.2911968391940427,-0.3860190230076819,0.09482218381363922
33.550000000000004,-0.37162552491338,-0.4119993928935268,0.04037386798014675
33.6,-0.4436597370659574,-0.44497002457993806,0.001310287513980657
33.65,-0.5071700488170722,-0.4935154685984258,-0.01365458021864635
33.7,-0.5703115785003071,-0.5592050552649509,-0.011106523235356214
33.75,-0.6380279182777845,-0.6328333189817287,-0.005194599296055813
33.800000000000004,-0.7035593609176138,-0.6981044693200754,-0.005454891597538425
33.85,-0.7497811832089307,-0.7402144895175923,-0.009566693691338446
33.9,-0.7591318880548795,-0.7520377468365446,-0.0070941412183349595
33.95,-0.7243711007804912,-0.7330044658954921,0.008633365115000902
34.0,-0.651923486325592,-0.6830717325901063,0.03114824626451429
34.050000000000004,-0.5552843836932103,-0.5990286787095598,0.043744295016349466
34.1,-0.4438145691185805,-0.477709939096002,0.033895369977421486
34.15,-0.3163651057191557,-0.3231745787734833,0.006809473054327608
34.2,-0.1658203094845695,-0.15024136419154405,-0.015578945293025448
34.25,0.008402776236943193,0.020189986755881555,-0.011787210518938362
34.300000000000004,0.19058257137021353,0.17082350187295642,0.019759069497257115
34.35,0.3515163228370958,0.29464770343167523,0.05686861940542054
34.4,0.4637326910112932,0.39339323906177337,0.07033945194951985
34.45,0.5174485598007882,0.46995381356436516,0.047494746236423024
34.5,0.5234380060975019,0.5217393136464165,0.0016986924510854484
34.550000000000004,0.49952410145843473,0.5400100199341316,-0.040485918475696825
34.6,0.45234833087588616,0.5144126826845407,-0.062064351808654494
34.65,0.3715913518797263,0.43831789954980926,-0.06672654767008296
34.7,0.24340901135929122,0.3119674436908575,-0.06855843233156628
34.75,0.07173483729997672,0.14392891240911349,-0.07219407510913677
34.800000000000004,-0.11300758088370712,-0.04779084022268038,-0.06521674066102673
34.85,-0.26856839113488834,-0.23618745020358048,-0.03238094093130786
34.9,-0.3686898507231149,-0.3904452193742739,0.021755368651159013
34.95,-0.4205607743810975,-0.48656374954131354,0.06600297516021603
35.0,-0.4559981935331752,-0.5184931732213656,0.062494979688190344
35.050000000000004,-0.503169849845326,-0.5018930981231273,-0.0012767517221986546
35.1,-0.5630850733598521,-0.4664962847084228,-0.09658878865142934
35.15,-0.6108622353104335,-0.44124780059994345,-0.16961443471049004
35.2,-0.6193847997703268,-0.4416368639319951,-0.1777479358383317
35.25,-0.5829497659040008,-0.4660749506523804,-0.11687481525162041
35.300000000000004,-0.519445183055937,-0.5004141441579825,-0.019031038897954544
35.35,-0.45039943140149663,-0.5243285618877379,0.07392913048624128
35.4,-0.3791229254925729,-0.5151221442122169,0.135999218719644
35.45,-0.2883904555525807,-0.4506699596323858,0.16227950407980513
35.5,-0.15984683646866527,-0.31610686557988377,0.1562600291112185
35.550000000000004,0.003721558562142505,-0.11450043728958677,0.11822199585172927
35.6,0.17475351701353992,0.12574084615220693,0.049012670861332985
35.65,0.3194405062098263,0.35600392179750096,-0.036563415587674675
35.7,0.4209470361630857,0.5268858539559607,-0.10593881779287495
35.75,0.486063054473661,0.6117912992709752,-0.1257282447973142
35.800000000000004,0.5306711866800469,0.6190248927691271,-0.08835370608908022
35.85,0.5599046982542465,0.583393435295863,-0.02348873704161647
35.9,0.5632192697583789,0.5428721396599394,0.02034713009843947
35.95,0.5289018377486193,0.5167031091438496,0.01219872860476967
36.0,0.46256286836598753,0.49959657320845674,-0.037033704842469206
36.050000000000004,0.3897070951384648,0.47396753479601295,-0.08426043965754815
36.1,0.33798255279340256,0.4286948845977934,-0.09071233180439087
36.15,0.31498971445234814,0.36919982129924495,-0.05421010684689681
36.2,0.3027006238783404,0.3119207375368457,-0.00922011365850528
36.25,0.2743642222674018,0.2692532727920117,0.005110949475390092
36.300000000000004,0.21872343932809088,0.23830754607758106,-0.019584106749490182
36.35,0.14956586008297143,0.20308695952511366,-0.05352109944214223
36.4,0.09249354517628791,0.14841460409917942,-0.05592105892289151
36.45,0.06202450640569034,0.07426890074400251,-0.012244394338312169
36.5,0.050603544137154115,-0.0012723985726254385,0.051875942709779556
36.550000000000004,0.039077796208611786,-0.053259622896565696,0.09233741910517748
36.6,0.017481415438920362,-0.06673783127810722,0.08421924671702757
36.65,-0.004619437018040274,-0.046245017394344515,0.04162558037630424
36.7,-0.008520588508027237,-0.011087389621344397,0.00256680111331716
36.75,0.012470419333447197,0.018641345657452443,-0.006170926324005246
36.800000000000004,0.04183385417951427,0.03292805858677086,0.008905795592743411
36.85,0.05029050614031866,0.03100407237350738,0.01928643376681128
36.9,0.01938325872971024,0.012130188485343855,0.007253070244366385
36.95,-0.04283408525717894,-0.02969138566691644,-0.0131426995902625
37.0,-0.10817014249440952,-0.0981796440320914,-0.009990498462318129
37.050000000000004,-0.1510879524548786,-0.1795668536435284,0.02847890118864979
37.1,-0.16771814469982163,-0.23657510870694265,0.06885696400712102
37.15,-0.1747212936373594,-0.22469385839189532,0.04997256475453593
37.2,-0.1899841724561619,-0.12477970120132341,-0.06520447125483848
37.25,-0.2131252618485394,0.032743938903051516,-0.2458692007515909
37.300000000000004,-0.22315571616795274,0.1765143673849077,-0.39967008355286043
37.35,-0.1946094219361204,0.23686768478478204,-0.43147710672090245
37.4,-0.11708293495192702,0.19462236438391717,-0.3117052993358442
37.45,-0.0011702888177072609,0.09854150218451908,-0.09971179100222634
37.5,0.13272112482915177,0.03490812888367433,0.09781299594547743
37.550000000000004,0.27036511939482144,0.06924995391651459,0.20111516547830685
37.6,0.4088305311084464,0.20280098531985813,0.2060295457885883
37.65,0.5467559979592875,0.37534550281700313,0.1714104951422844
37.7,0.6710627298449157,0.5099885357469905,0.16107419409792512
37.75,0.7553637356457454,0.5637625667122813,0.19160116893346413
37.800000000000004,0.7741291320455997,0.5464208451807727,0.22770828686482703
37.85,0.7209228616501641,0.4980610529883717,0.22286180866179234
37.9,0.6139229699851081,0.4493168261567676,0.1646061438283405
37.95,0.482797105317738,0.3983413041423002,0.08445580117543783
38.0,0.34800224250025186,0.3203443395769616,0.027657902923290234
38.050000000000004,0.2107307038961791,0.1965034117185768,0.014227292177602296
38.1,0.06194030796050146,0.034946561760520946,0.026993746199980517
38.15,-0.09901622346609079,-0.13295835093125222,0.033942127465161426
38.2,-0.2549033930417462,-0.2748419438274026,0.019938550785656428
38.25,-0.38049962532828596,-0.3776689875145522,-0.0028306378137337718
38.300000000000004,-0.46339515874844434,-0.4507022335069048,-0.012692925241539532
38.35,-0.5158060151486586,-0.5123342763055927,-0.0034717388430659524
38.400000000000006,-0.564703399327072,-0.5743342427758387,0.009630843448766635
38.45,-0.6273825540295713,-0.6356334862916712,0.00825093226209983
38.5,-0.6938965446180885,-0.6869535366055358,-0.006943008012552654
38.550000000000004,-0.73285978496597,-0.7188078154914684,-0.014051969474501602
38.6,-0.7167490505198053,-0.7255977490435416,0.008848698523736265
38.650000000000006,-0.6452272719810856,-0.7048811346149011,0.059653862633815447
38.7,-0.546316963323595,-0.6557604719172494,0.10944350859365437
38.75,-0.45455848656175807,-0.5795246241352279,0.1249661375734698
38.800000000000004,-0.3853160632836318,-0.4816244146210227,0.09630835133739085
38.85,-0.32721349125142746,-0.37189490822700144,0.044681416975573984
38.900000000000006,-0.2580594987648586,-0.2617062691055667,0.0036467703407080942
38.95,-0.16886334391940477,-0.15996041460395954,-0.00890292931544523
39.0,-0.07426857235705288,-0.07098249178239759,-0.0032860805746552924
39.050000000000004,-0.0009417350642859195,0.004453550037194412,-0.005395285101480332
39.1,0.03455003477678981,0.06631997697973581,-0.031769942202945996
39.150000000000006,0.03824849985804135,0.11310415396441698,-0.07485565410637562
39.2,0.03139116573867182,0.14156831312403656,-0.11017714738536474
39.25,0.031053498766391945,0.14835264469578316,-0.11729914592939121
39.300000000000004,0.03669194031860763,0.13223718372789056,-0.09554524340928293
39.35,0.033730260027832686,0.09559005833152046,-0.06185979830368777
39.400000000000006,0.009382326017428598,0.04393744451977359,-0.034555118502344995
39.45,-0.03430832930142107,-0.01617068113168744,-0.018137648169733626
39.5,-0.08122356845553337,-0.07915845129269793,-0.0020651171628354448
39.550000000000004,-0.11356182070803218,-0.13991622078176721,0.026354400073735032
39.6,-0.12406118807275968,-0.1905090251006342,0.06644783702787452
39.650000000000006,-0.11817756589286933,-0.21756399146503755,0.09938642557216822
39.7,-0.10652270813123059,-0.20540011044558049,0.0988774023143499
39.75,-0.096033047245535,-0.14620316534255068,0.05017011809701567
39.800000000000004,-0.08752044452570752,-0.051132530038041156,-0.036387914487666366
39.85,-0.07970929041701381,0.04806913423648252,-0.12777842465349634
39.900000000000006,-0.07369777796350832,0.1126654915204246,-0.18636326948393292
39.95,-0.0725811202597163,0.11941344386756876,-0.19199456412728505
40.0,-0.07692100972289062,0.07618734425950967,-0.1531083539824003
40.050000000000004,-0.08134534969251181,0.01772200365397029,-0.0990673533464821
40.1,-0.07642065150021521,-0.01693295065932975,-0.05948770084088546
40.150000000000006,-0.05465997184762705,-0.008847116322732749,-0.045812855524894294
40.2,-0.015476945902248235,0.03267491115362958,-0.048151857055877816
40.25,0.03522700239721482,0.08304849194934213,-0.04782148955212732
40.300000000000004,0.09046394774348898,0.12404178082892507,-0.03357783308543609
40.35,0.1479874157918665,0.15595018534443317,-0.007962769552566668
40.400000000000006,0.21172129968420186,0.19235658140612882,0.01936471827807304
40.45,0.28750012487384125,0.24540053651976085,0.0420995883540804
40.5,0.3762042813559504,0.3161357916408487,0.0600684897151017
40.550000000000004,0.46939861205733263,0.3968330061424763,0.07256560591485633
40.6,0.550980437357025,0.47911170359423566,0.0718687337627893
40.650000000000006,0.6042319226026676,0.5571462021301138,0.04708572047255377
40.7,0.619752091233883,0.6229245261968462,-0.0031724349629632664
40.75,0.5988039042021686,0.6613519874441534,-0.0625480832419848
40.800000000000004,0.549749527134412,0.6544664358129155,-0.10471690867850347
40.85,0.4806116812044563,0.5940602500809183,-0.11344856887646204
40.900000000000006,0.39423090071660577,0.4912396835547353,-0.09700878283812953
40.95,0.2905603597209842,0.3720822931501644,-0.08152193342918018
41.0,0.1741452928129402,0.2611041481245234,-0.08695885531158323
41.050000000000004,0.05919053477294937,0.1664383774395205,-0.10724784266657114
41.1,-0.034379838307383635,0.07979805769902965,-0.11417789600641329
41.150000000000006,-0.0924812992899432,-0.00933994748596985,-0.08314135180397335
41.2,-0.11640700675978369,-0.0990832321476681,-0.017323774612115594
41.25,-0.12057588889049993,-0.17352671888465857,0.052950829994158635
41.300000000000004,-0.11845415088090752,-0.21457403439277392,0.0961198835118664
41.35,-0.10824641060554692,-0.21483658382666168,0.10659017322111476
41.400000000000006,-0.07219986565360019,-0.17954778576085198,0.10734792010725179
41.45,0.00750663141101372,-0.11767741337907463,0.12518404479008835
41.5,0.12860427497978413,-0.03351211654268169,0.16211639152246582
41.550000000000004,0.2621574698345499,0.07151694696344156,0.19064052287110833
41.6,0.36687963886070407,0.18895560585995563,0.17792403300074844
41.650000000000006,0.4135635013277591,0.29704735259641146,0.11651614873134764
41.7,0.39961560834588766,0.36657385874746184,0.03304174959842582
41.75,0.34233109198544975,0.37503162340332047,-0.032700531417870715
41.800000000000004,0.25858351395485607,0.31691137022392785,-0.058327856269071776
41.85,0.1504635689516807,0.20198660835745189,-0.05152303940577119
41.900000000000006,0.009928960471208772,0.045554555100311686,-0.03562559462910291
41.95,-0.16313098844995677,-0.13836219775037825,-0.02476879069957852
42.0,-0.3480401133765429,-0.3349383581543604,-0.013101755222182487
42.050000000000004,-0.5092824701232234,-0.5228567143044666,0.0135742441812432
42.1,-0.6167532410998875,-0.6749656329207752,0.058212391820887666
42.150000000000006,-0.662227199956221,-0.7681428978591431,0.1059156979029221
42.2,-0.6578729118126049,-0.7941500666021296,0.13627715478952473
42.25,-0.6198894762769659,-0.7607126193977986,0.14082314312083266
42.300000000000004,-0.5539127048001753,-0.6814852035835925,0.12757249878341725
42.35,-0.45575504784602244,-0.5651946858756556,0.10943963802963314
42.400000000000006,-0.3250046086429833,-0.4153349806874847,0.0903303720445014
42.45,-0.1762971777257862,-0.2404479903376956,0.06415081261190939
42.5,-0.036091960977875176,-0.06289199049544451,0.026800029517569338
42.550000000000004,0.07216241088334344,0.08572748831849296,-0.013565077435149522
42.6,0.1400763301336831,0.1810052971000918,-0.040928966966408714
42.650000000000006,0.17267356957182972,0.21961869333271644,-0.04694512376088672
42.7,0.176486900918205,0.21729294201293556,-0.04080604109473057
42.75,0.15095355637544514,0.19240534620388275,-0.04145178982843761
42.800000000000004,0.09225502672197276,0.15084223913564354,-0.05858721241367078
42.85,0.004757332103081605,0.08653663668966316,-0.08177930458658156
42.900000000000006,-0.09348456710215892,-0.003606352812437876,-0.08987821428972105
42.95,-0.17885605622020181,-0.10640275744079339,-0.07245329877940843
43.0,-0.23726818587106793,-0.1955052759228147,-0.04176290994825324
43.050000000000004,-0.27161235269298295,-0.24946004787229512,-0.022152304820687835
43.1,-0.29401944250730405,-0.2678546243570692,-0.02616481815023486
43.150000000000006,-0.31041769760507426,-0.26960217171198,-0.040815525893094284
43.2,-0.31271104466825783,-0.274023719832582,-0.03868732483567583
43.25,-0.2864411728115838,-0.28179681131249157,-0.004644361499092253
43.300000000000004,-0.2264351655083877,-0.27331363130540715,0.04687846579701946
43.35,-0.14500384148552278,-0.22617069635390577,0.08116685486838299
43.400000000000006,-0.06454577724627512,-0.13636112427787161,0.07181534703159649
43.45,-0.0015016591112638642,-0.02490841813384714,0.023406759022583275
43.5,0.04345767901335836,0.07508183611181467,-0.031624157098456306
43.550000000000004,0.0807798322484024,0.1394953999758158,-0.058715567727413404
43.6,0.11877407238170942,0.1657489838460264,-0.04697491146431698
43.650000000000006,0.15506599517028405,0.16919668339353822,-0.014130688223254168
43.7,0.18016502985733548,0.16934406141910005,0.010820968438235434
43.75,0.18807031489157366,0.17782227503771758,0.010248039853856084
43.800000000000004,0.18256388599084583,0.19530989612340724,-0.012746010132561408
43.85,0.1733739275231889,0.21574305692147472,-0.042369129398285826
43.900000000000006,0.16711397088033994,0.23174145375555022,-0.06462748287521028
43.95,0.1625613087102301,0.23741423584571025,-0.07485292713548014
44.0,0.15431654393242353,0.22911438678879578,-0.07479784285637225
44.050000000000004,0.13985760640243083,0.2062306622134297,-0.06637305581099887
44.1,0.12217991428669164,0.17230230546514097,-0.05012239117844933
44.150000000000006,0.10596676505675924,0.134942508879959,-0.02897574382319977
44.2,0.09259365351038609,0.10367363013084056,-0.01107997662045447
44.25,0.08001508700600707,0.08669785934659892,-0.00668277234059185
44.300000000000004,0.067274137193026,0.08827569136085192,-0.021001554167825925
44.35,0.057550542644361,0.10725476851219404,-0.04970422586783304
44.400000000000006,0.055207367181934724,0.13637801527973084,-0.08117064809779612
44.45,0.05961970200835135,0.1627976277657551,-0.10317792575740375
44.5,0.06325672415830479,0.17137895235327127,-0.10812222819496649
44.550000000000004,0.057685088637103296,0.15128218229736617,-0.09359709366026288
44.6,0.042408182345347496,0.10285222768220721,-0.060444045336859716
44.650000000000006,0.027283772592166584,0.039533896814079,-0.012250124221912413
44.7,0.02490446511317282,-0.018087501244094386,0.04299196635726721
44.75,0.039575292801245124,-0.05290193238900266,0.09247722519024779
44.800000000000004,0.06368734082022304,-0.0589847299189242,0.12267207073914724
44.85,0.08541155257062143,-0.04098176173181123,0.12639331430243267
44.900000000000006,0.10020912069416807,-0.006970063792120225,0.1071791844862883
44.95,0.11438664057871266,0.037881166250361704,0.07650547432835095
45.0,0.1366670090050435,0.09115088079115265,0.04551612821389085
45.050000000000004,0.16604981495917898,0.14792789813452253,0.018121916824656442
45.1,0.1885549372376028,0.19720269791108064,-0.008647760673477833
45.150000000000006,0.18697011903696428,0.22463173423988964,-0.03766161520292535
45.2,0.1546689386151964,0.21945504165824534,-0.06478610304304894
45.25,0.10016356064585105,0.17900536178588072,-0.07884180114002967
45.300000000000004,0.03810484102253866,0.10727134223912103,-0.06916650121658238
45.35,-0.023913051300549354,0.010915648032126237,-0.03482869933267559
45.400000000000006,-0.08900949087121107,-0.10107568800564203,0.012066197134430953
45.45,-0.16111414661512005,-0.21303988343280836,0.051925736817688306
45.5,-0.23181212382699265,-0.3001550054238656,0.06834288159687293
45.550000000000004,-0.27860067069709604,-0.3354023587534416,0.056801688056345556
45.6,-0.27858251371214315,-0.30497991152939125,0.02639739781724809
45.650000000000006,-0.2260340522243689,-0.22068009028315932,-0.005353961941209573
45.7,-0.13730371348635642,-0.11664075534286732,-0.020662958143489105
45.75,-0.0377362613945869,-0.029411285344550078,-0.00832497605003682
45.800000000000004,0.0575695798443973,0.024913182133759395,0.0326563977106379
45.85,0.15103376153559916,0.05853771912161888,0.0924960424139803
45.900000000000006,0.2509234409662169,0.09826620138298131,0.15265723958323557
45.95,0.3522102319762863,0.16136176841385516,0.19084846356243115
46.0,0.42944334416551894,0.24036197657706074,0.1890813675884582
46.050000000000004,0.45048429543568586,0.3079181590222847,0.14256613641340116
46.1,0.4001866945138489,0.3356264315733569,0.064560262940492
46.150000000000006,0.2928491192221232,0.31036748301442907,-0.01751836379230587
46.2,0.16163759240738176,0.23644629015553997,-0.07480869774815821
46.25,0.03392248727127666,0.1259990022689747,-0.09207651499769803
46.300000000000004,-0.08558695009960021,-0.01019480202045419,-0.07539214807914602
46.35,-0.20913674598031218,-0.1626153385337235,-0.04652140744658867
46.400000000000006,-0.34371712201628024,-0.3163299848275314,-0.027387137188748856
46.45,-0.473784366431843,-0.4481006132952859,-0.02568375313655713
46.5,-0.5659558219620247,-0.5337802238555043,-0.032175598106520376
46.550000000000004,-0.5924820016231696,-0.5614237218694135,-0.03105827975375608
46.6,-0.5528338141503961,-0.5385489956826607,-0.014284818467735438
46.650000000000006,-0.4741367805718749,-0.48617100316338263,0.012034222591507715
46.7,-0.3901313217799154,-0.4237281220843663,0.03359680030445089
46.75,-0.31738281653204437,-0.3570801665975022,0.039697350065457826
46.800000000000004,-0.24919959948739437,-0.27907749263312037,0.029877893145726003
46.85,-0.170868459228982,-0.18144385057348902,0.010575391344507024
46.900000000000006,-0.08028142731389623,-0.06751041540067748,-0.01277101191321875
46.95,0.006063431666584968,0.04470681007944836,-0.03864337841286339
47.0,0.06690954314020078,0.13123775419568012,-0.06432821105547934
47.050000000000004,0.09581216546916708,0.17564842472585637,-0.07983625925668929
47.1,0.10687776200096948,0.17745849614194206,-0.07058073414097259
47.150000000000006,0.12070390622505273,0.15046815300202263,-0.0297642467769699
47.2,0.1440233892893485,0.11359490074090581,0.030428488548442684
47.25,0.1630627081317575,0.08127237841439562,0.08179032971736187
47.300000000000004,0.1576515064005592,0.059266384795856254,0.09838512160470295
47.35,0.12291509174201036,0.04691827020969901,0.07599682153231135
47.400000000000006,0.07743468579236353,0.04235840531565009,0.035076280476713434
47.45,0.04910991314806665,0.04602867443513436,0.0030812387129322896
47.5,0.051200179773902246,0.060094782344459356,-0.00889460257055711
47.550000000000004,0.07089547360313457,0.08495101782693941,-0.014055544223804839
47.6,0.0814927598212465,0.11631865945932669,-0.03482589963808019
47.650000000000006,0.06715766169833003,0.14581453632651917,-0.07865687462818914
47.7,0.037227685968228355,0.16487950156537584,-0.1276518155971475
47.75,0.016669372329061412,0.16903219525843632,-0.15236282292937492
47.800000000000004,0.021713158721229146,0.15906996116240196,-0.13735680244117282
47.85,0.04369935096157474,0.13852266849129982,-0.09482331752972509
47.900000000000006,0.056475804161295454,0.11008007893242006,-0.0536042747711246
47.95,0.040552474801493585,0.07464985491727134,-0.03409738011577776
48.0,0.0015622659970951271,0.03405449189861776,-0.032492225901522634
48.050000000000004,-0.03393525170576951,-0.005518740088722091,-0.028416511617047422
48.1,-0.04108706908667467,-0.0335230340846606,-0.007564035002014073
48.150000000000006,-0.01684671099405349,-0.03987554940022358,0.02302883840617009
48.2,0.020241371255549874,-0.021386759381521556,0.04162813063707143
48.25,0.04888860533118294,0.015385834209599481,0.03350277112158345
48.300000000000004,0.06391594789544518,0.05737214932921327,0.006543798566231905
48.35,0.07775170907977265,0.09189289291354383,-0.014141183833771179
48.400000000000006,0.10454809917406321,0.11214990381497356,-0.007601804640910342
48.45,0.14318933203165488,0.11807803309129929,0.02511129894035559
48.5,0.17553527438602573,0.11355157591582472,0.06198369847020101
48.550000000000004,0.18105744739202279,0.10331932569668405,0.07773812169533874
48.6,0.15379531412608283,0.09170019413693906,0.06209511998914377
48.650000000000006,0.1064386839331279,0.08218029694518741,0.024258386987940486
48.7,0.059161976172130655,0.07618523679193344,-0.017023260619802784
48.75,0.024472487268006937,0.07133438335232882,-0.04686189608432188
48.800000000000004,0.0012448250248718142,0.06162791487015613,-0.060383089845284316
48.85,-0.018938772139325603,0.041109065817414116,-0.06004783795673972
48.900000000000006,-0.04116827636928968,0.008947598616911336,-0.050115874986201014
48.95,-0.062271796632546256,-0.0285043536750633,-0.033767442957482956
49.0,-0.07422264131647544,-0.06112112765581612,-0.013101513660659314
49.050000000000004,-0.07064583623324591,-0.08128587430759267,0.010640038074346755
49.1,-0.050214642950393934,-0.08746258405982522,0.03724794110943129
49.150000000000006,-0.015828507434319277,-0.08200573760019919,0.06617723016587991
49.2,0.027177213589112816,-0.06606357279935231,0.09324078638846513
49.25,0.07140571380932575,-0.03766656025014735,0.1090722740594731
49.300000000000004,0.1076737890656286,0.0040994069401600235,0.10357438212546859
49.35,0.12754181065356146,0.052725976886328275,0.07481583376723319
49.400000000000006,0.12727378900549127,0.09301483192752896,0.03425895707796231
49.45,0.10927802497610008,0.10816257055834837,0.00111545441775171
49.5,0.07871145067668218,0.09038945297936878,-0.011678002302686591
49.550000000000004,0.038285045242796786,0.04613508412727939,-0.007850038884482602
49.6,-0.012800066816598548,-0.008898111195770934,-0.0039019556208276136
49.650000000000006,-0.07366365801242014,-0.06058202117449879,-0.013081636837921351
49.7,-0.13542656297330613,-0.1036666342424114,-0.031759928730894726
49.75,-0.18159580083163968,-0.13987204486180288,-0.041723755969836795
49.800000000000004,-0.1972089395578169,-0.17007417092758234,-0.027134768630234563
49.85,-0.17965495301890919,-0.1893250593291653,0.00967010631025611
49.900000000000006,-0.14114615345963283,-0.19008430810349264,0.04893815464385981
49.95,-0.09992541962481567,-0.17037915393298383,0.07045373430816816
50.0,-0.06789831723032454,-0.13837163100025424,0.0704733137699297
50.050000000000004,-0.04576390022697359,-0.10818446026750644,0.062420560040532855
50.1,-0.029146269460511,-0.09036918923166082,0.06122291977114982
50.150000000000006,-0.01822225391648228,-0.0855706005992112,0.06734834668272893
50.2,-0.02016769766791937,-0.08673428868413424,0.06656659101621487
50.25,-0.041689980788126836,-0.08699725520358224,0.04530727441545541
50.300000000000004,-0.07967938508083498,-0.08537323058265385,0.005693845501818867
50.35,-0.12029039245666488,-0.08521986379969705,-0.03507052865696783
50.400000000000006,-0.14813040977219005,-0.08799479287879232,-0.060135616893397734
50.45,-0.1567646264403456,-0.08931283290595071,-0.0674517935343949
50.5,-0.15046358498675566,-0.08154770669017153,-0.06891587829658413
50.550000000000004,-0.13630916415866376,-0.06036461396055327,-0.07594455019811049
50.6,-0.1156257832573751,-0.028680239596891765,-0.08694554366048333
50.650000000000006,-0.08380137282748897,0.005689429053585053,-0.08949080188107401
50.7,-0.038031214838694774,0.03616309024647239,-0.07419430508516717
50.75,0.01616994770473292,0.06141331705431717,-0.045243369349584256
50.800000000000004,0.06724811333637308,0.08398063524718796,-0.016732521910814882
50.85,0.10625833211594408,0.1056870142070929,0.0005713179088511905
50.900000000000006,0.13225987041701315,0.12476359825576157,0.00749627216125158
50.95,0.14858894557968164,0.13717288765022226,0.011416057929459378
51.0,0.15479734906805304,0.14006685749868913,0.014730491569363902
51.050000000000004,0.1445505128561963,0.13354172050658183,0.011008792349614466
51.1,0.11338582061181535,0.11934259038063591,-0.005956769768820563
51.150000000000006,0.06845323780550826,0.09880428492180787,-0.030351047116299615
51.2,0.028406076508505698,0.07297409554513196,-0.04456801903662626
51.25,0.010903626881403734,0.044940803318967826,-0.03403717643756409
51.300000000000004,0.01865744112784556,0.021306086208126136,-0.0026486450802805754
51.35,0.03802129508172,0.010082362807322073,0.027938932274397928
51.400000000000006,0.05242157299715935,0.015925815315126855,0.03649575768203249
51.45,0.057846586004881385,0.03673880647465871,0.02110777953022268
51.5,0.06501596918676511,0.06491213573905881,0.00010383344770630021
51.550000000000004,0.0861959578469614,0.09239659381218851,-0.0062006359652271165
51.6,0.12054146157068303,0.11535587590111106,0.005185585669571974
51.650000000000006,0.15357174651983163,0.13467269988404273,0.018899046635788896
51.7,0.17154761523644144,0.15244654616234696,0.01910106907409448
51.75,0.1753440488685935,0.16806041862157925,0.0072836302470142555
51.800000000000004,0.17825503251961802,0.17730081434927206,0.0009542181703459662
51.85,0.18900821391330763,0.1748686774676726,0.014139536445635037
51.900000000000006,0.19784792960002603,0.15767332031176118,0.040174609288264856
51.95,0.1818955541469992,0.12617585685349061,0.05571969729350859
52.0,0.1265988285125301,0.08332769024819042,0.043271138264339676
52.050000000000004,0.04239350826278065,0.03273829831310965,0.009655209949671
52.1,-0.04138977685787549,-0.022296399239243724,-0.019093377618631766
52.150000000000006,-0.10142598034551835,-0.07881808083758571,-0.02260789950793264
52.2,-0.1407208548299327,-0.13426887005895394,-0.006451984770978775
52.25,-0.1840848642480971,-0.18706896496420325,0.002984100716106136
52.300000000000004,-0.2520749984019235,-0.23696551795007514,-0.015109480451848345
52.35,-0.33793444581911153,-0.28414227913671203,-0.0537921666823995
52.400000000000006,-0.4097508240344275,-0.32724519613683556,-0.08250562789759192
52.45,-0.43610584036480005,-0.36184903815772984,-0.0742568022070702
52.5,-0.4111970219015081,-0.3809201879171476,-0.030276833984360485
52.550000000000004,-0.35641644657311017,-0.3773504889330391,0.020934042359928906
52.6,-0.29828167179518267,-0.34700829876106687,0.0487266269658842
52.650000000000006,-0.24472230314899052,-0.29043179516162176,0.04570949201263125
52.7,-0.18181494958424224,-0.2124097631592735,0.03059481357503127
52.75,-0.0921612082970246,-0.12011634218997067,0.02795513389294607
52.800000000000004,0.02441511428278429,-0.02105343802685888,0.04546855230964317
52.85,0.14755918260208808,0.07829570396976646,0.06926347863232163
52.900000000000006,0.2516243499696544,0.1727899262644292,0.07883442370522517
52.95,0.32283633076627205,0.25795105680170344,0.06488527396456861
53.0,0.3621629546468332,0.3285593963839472,0.03360355826288597
53.050000000000004,0.3741417940093599,0.3773217653772113,-0.0031799713678514197
53.1,0.35629712887776266,0.39492788352582,-0.03863075464805732
53.150000000000006,0.30144415332775853,0.3725271854482318,-0.07108303212047329
53.2,0.20984122981998993,0.30620099758835906,-0.09635976776836913
53.25,0.09689449077579529,0.201179330755842,-0.1042848399800467
53.300000000000004,-0.013177801539536781,0.07289512381755213,-0.08607292535708891
53.35,-0.10222110932253697,-0.056616242923779196,-0.04560486639875778
53.400000000000006,-0.16699705791613859,-0.16569049038462558,-0.0013065675315130088
53.45,-0.2139197828160519,-0.2398784765887132,0.0259586937726613
53.5,-0.24634857668456783,-0.27511595953699836,0.028767382852430523
53.550000000000004,-0.25836083683874583,-0.2758955153271086,0.017534678488362765
53.6,-0.24127160813094436,-0.25012759788222083,0.008855989751276466
53.650000000000006,-0.19519232832106526,-0.20423749391121984,0.009045165590154586
53.7,-0.1326531013052589,-0.14161354187897518,0.008960440573716283
53.75,-0.07009297425616316,-0.06508158744137958,-0.0050113868147835805
53.800000000000004,-0.016098459968944597,0.018870331894529156,-0.03496879186347375
53.85,0.03145720885473835,0.09794063533309821,-0.06648342647835986
53.900000000000006,0.07706996286521248,0.15666090988374937,-0.07959094701853689
53.95,0.11791754889596484,0.18319909962525438,-0.06528155072928954
54.0,0.14402253281438734,0.1761889223460026,-0.03216638953161527
54.050000000000004,0.14855704826210483,0.14656746436483659,0.001989583897268249
54.1,0.1371923301332054,0.1123255322550372,0.024866797878168187
54.150000000000006,0.12580183916275853,0.08909081949475721,0.03671101966800132
54.2,0.1277637062789,0.08277245239327434,0.04499125388562565
54.25,0.14307614657954743,0.08916791972953778,0.05390822685000965
54.300000000000004,0.1599710423224048,0.10015609741011663,0.05981494491228817
54.35,0.16720252542757896,0.11104033092682729,0.056162194500751675
54.400000000000006,0.16457731543947465,0.12304050752418423,0.04153680791529042
54.45,0.16137230526510601,0.13940939556488624,0.021962909700219774
54.5,0.1647189760360085,0.15927615875816395,0.005442817277844542
54.550000000000004,0.1700624889969005,0.17514397093472397,-0.005081481937823484
54.6,0.16348445158257002,0.17647703605448684,-0.012992584471916813
54.650000000000006,0.13378475212545513,0.1563333394702756,-0.022548587344820487
54.7,0.0828680426257761,0.11555811715421459,-0.03269007452843849
54.75,0.02508268997176277,0.06163713320350398,-0.036554443231741215
54.800000000000004,-0.02315162009746947,0.004117828603569343,-0.027269448701038815
54.85,-0.053706809697795975,-0.0491327873120792,-0.004574022385716775
54.900000000000006,-0.06885144868361749,-0.0925570155777757,0.023705566894158203
54.95,-0.0754367656079314,-0.12192059171461046,0.04648382610667906
55.0,-0.07812077556761537,-0.13460536825616196,0.05648459268854658
55.050000000000004,-0.07752192795389677,-0.13175955794972655,0.054237629995829775
55.1,-0.07311542526465865,-0.11970425256629981,0.046588827301641156
55.150000000000006,-0.06652392381467474,-0.10781472229524426,0.04129079848056952
55.2,-0.0620460064740971,-0.10350038058082127,0.041454374106724166
55.25,-0.06498306928395184,-0.10836849725650054,0.0433854279725487
55.300000000000004,-0.0798671478346315,-0.119191307731552,0.039324159896920494
55.35,-0.10914673884887444,-0.13285962569766477,0.023712886848790332
55.400000000000006,-0.15146053984731592,-0.150395672499196,-0.001064867348119919
55.45,-0.19986056113236347,-0.17569752212444095,-0.02416303900792252
55.5,-0.2425083846941819,-0.20981366876772303,-0.03269471592645887
55.550000000000004,-0.26763971768689415,-0.24629544842870635,-0.021344269258187804
55.6,-0.2703716115589852,-0.27268665286832844,0.0023150413093432354
55.650000000000006,-0.2555531703407781,-0.277644971528502,0.02209180118772386
55.7,-0.23303862939561268,-0.2578089003480176,0.024770270952404944
55.75,-0.20861004993307822,-0.2185938282610216,0.009983778327943393
55.800000000000004,-0.17867806955073903,-0.16864671877959628,-0.010031350771142755
55.85,-0.13415525385082874,-0.11337872854636113,-0.020776525304467608
55.900000000000006,-0.0703376326783565,-0.053365212285443886,-0.016972420392912607
55.95,0.006495747199817332,0.011758233867606912,-0.00526248666778958
56.0,0.08229171914253919,0.07875375438685604,0.0035379647556831456
56.050000000000004,0.14543348099241052,0.14081425540946205,0.004619225582948472
56.1,0.19439595570026963,0.19239878713839428,0.0019971685618753454
56.150000000000006,0.23587936397582016,0.23384853379237583,0.0020308301834443265
56.2,0.2757566050440452,0.27059971478972805,0.005156890254317148
56.25,0.31183701811035464,0.30699853503809976,0.004838483072254873
56.300000000000004,0.335025303746627,0.34020880543365983,-0.005183501687032854
56.35,0.33687072598998974,0.36009872242008295,-0.023227996430093212
56.400000000000006,0.31571130392016167,0.35581016121393605,-0.04009885729377438
56.45,0.2761180873904397,0.32375294705105756,-0.04763485966061787
56.5,0.22372469728325536,0.27046365162702046,-0.0467389543437651
56.550000000000004,0.1616463985907384,0.20813955465205672,-0.04649315606131832
56.6,0.09164270278831013,0.14662896629048172,-0.05498626350217159
56.650000000000006,0.017176258891924596,0.08809354743035486,-0.07091728853843027
56.7,-0.05629826345649524,0.027866233095004196,-0.08416449655149943
56.75,-0.12430219533812174,-0.03992043238813018,-0.08438176294999156
56.800000000000004,-0.18529078533240487,-0.11637205486567208,-0.06891873046673279
56.85,-0.238161318778137,-0.19527527321113375,-0.04288604556700326
56.900000000000006,-0.27771057981280767,-0.2648091483498342,-0.012901431462973456
56.95,-0.2942890570914388,-0.3119769473460036,0.017687890254564798
57.0,-0.2803611831310903,-0.3274926927844554,0.0471315096533651
57.050000000000004,-0.23874367473431782,-0.309256341367327,0.07051266663300917
57.1,-0.18377632433542632,-0.2631734735354493,0.07939714920002297
57.150000000000006,-0.1325401079555239,-0.20089113430042174,0.06835102634489784
57.2,-0.09331911428250494,-0.1353755428980852,0.04205642861558026
57.25,-0.062194834138905836,-0.07665372118683036,0.014458887047924529
57.300000000000004,-0.03119423080906122,-0.030120432507438788,-0.0010737983016224327
57.35,0.0002807858768258671,0.0021050667044784314,-0.0018242808276525643
57.400000000000006,0.022816131006088296,0.01888576239917269,0.003930368606915608
57.45,0.026510069835169008,0.019734692509676032,0.006775377325492975
57.5,0.013210772621161783,0.007167918873909781,0.0060428537472520015
57.550000000000004,-0.0016207808413955744,-0.010848000433326881,0.009227219591931308
57.6,-0.000591233971742862,-0.022007056780649674,0.02141582280890681
57.650000000000006,0.021068850210526555,-0.015213564345995181,0.03628241455652174
57.7,0.05227954879085579,0.012933800734675647,0.039345748056180144
57.75,0.07754403224551626,0.05595970451162179,0.021584327733894466
57.800000000000004,0.09172176192377055,0.10179097603863045,-0.010069214114859906
57.85,0.10330979785628702,0.14019553386824585,-0.036885736011958825
57.900000000000006,0.12290198979714156,0.16728448694063225,-0.044382497143490685
57.95,0.14863445428802088,0.18371561315238974,-0.035081158864368855
58.0,0.16388552578449683,0.18916790965097924,-0.025282383866482405
58.050000000000004,0.1505666025637906,0.1791971066057235,-0.028630504041932903
58.1,0.10579026253946643,0.148197981007744,-0.04240771846827758
58.150000000000006,0.046004847490691836,0.09599852406675392,-0.04999367657606209
58.2,-0.005495134352767763,0.031549980769797904,-0.03704511512256567
58.25,-0.036125679182205106,-0.030612572089727237,-0.005513107092477869
58.300000000000004,-0.050823861233091905,-0.07881903632994519,0.027995175096853286
58.35,-0.06311736327463198,-0.11049564484353006,0.047378281568898076
58.400000000000006,-0.08029207840310755,-0.13084514675982223,0.05055306835671468
58.45,-0.09698558852814157,-0.14556574807061887,0.0485801595424773
58.5,-0.10215857363605027,-0.15473001892622726,0.05257144529017699
58.550000000000004,-0.09121937814216186,-0.15366848777741812,0.06244910963525627
58.6,-0.07101980745310806,-0.13964837640007136,0.0686285689469633
58.650000000000006,-0.053519622329541175,-0.11706253341508324,0.06354291108554207
58.7,-0.04516725182681219,-0.09489015371276739,0.049722901885955205
58.75,-0.04233889712915151,-0.07782508166460536,0.03548618453545385
58.800000000000004,-0.036263530452139404,-0.059577441572431465,0.02331391112029206
58.85,-0.02159651200261769,-0.026235257076913807,0.0046387450742961175
58.900000000000006,-0.0003447777912552344,0.031086811027007853,-0.031431588818263086
58.95,0.02144300621906793,0.10435545400794609,-0.08291244778887816
59.0,0.039653672034314004,0.1686760460134341,-0.12902237397912011
59.050000000000004,0.05467126118764486,0.19655168441609028,-0.1418804232284454
59.1,0.06898807537032825,0.17665355014902231,-0.10766547477869406
59.150000000000006,0.08336887625794741,0.12273593892465061,-0.0393670626667032
59.2,0.09561405542105447,0.06536413333421724,0.03024992208683723
59.25,0.1024999111218117,0.0323673765755947,0.070132534546217
59.300000000000004,0.1023793074444494,0.03249399425352238,0.06988531319092701
59.35,0.09614683747739335,0.05367457415855904,0.04247226331883431
59.400000000000006,0.08654952884595012,0.07546020022031352,0.011089328625636594
59.45,0.07707848212084539,0.08462264772388357,-0.00754416560303818
59.5,0.07097514638820013,0.08201970366639087,-0.011044557278190745
59.550000000000004,0.0700728937771178,0.07744704548194142,-0.0073741517048236255
59.6,0.07384837020901841,0.07922160710970187,-0.005373236900683462
59.650000000000006,0.08005671292147362,0.08817405629663787,-0.008117343375164246
59.7,0.08738365402177725,0.10001347122035315,-0.012629817198575893
59.75,0.09781046303752136,0.11177283879747399,-0.013962375759952628
59.800000000000004,0.11517903233212241,0.12492479772394534,-0.009745765391822925
59.85,0.13948322478369762,0.14201821983805263,-0.002534995054355005
59.900000000000006,0.16167383809667066,0.1606065804752355,0.0010672576214351692
59.95,0.16547712193569758,0.17105253692444852,-0.005575414988750943
60.0,0.1374985826181161,0.1610967150334279,-0.023598132415311807
60.050000000000004,0.07850792698265946,0.12372263229254477,-0.045214705309885306
60.1,0.005648254041228524,0.061891875796040836,-0.05624362175481231
60.150000000000006,-0.05809905041482578,-0.013355623598851167,-0.04474342681597461
60.2,-0.0995334899306554,-0.0892434679581518,-0.010290021972503602
60.25,-0.12289214450074248,-0.15670730727678692,0.03381516277604443
60.300000000000004,-0.1429912437344928,-0.21146614982736345,0.06847490609287066
60.35,-0.17027330145007546,-0.25169357333363807,0.0814202718835626
60.400000000000006,-0.2014599390747176,-0.27590648461945927,0.07444654554474167
60.45,-0.22397243943535908,-0.2834207734896455,0.05944833405428643
60.5,-0.22915376722192626,-0.27643929206128254,0.047285524839356274
60.550000000000004,-0.22127596090148938,-0.2610397432011614,0.039763782299672035
60.6,-0.21396406761553385,-0.24551724485130832,0.03155317723577447
60.650000000000006,-0.21806642691338315,-0.23705618516114643,0.018989758247763278
60.7,-0.23276706678583803,-0.23890623285427376,0.006139166068435731
60.75,-0.24757858178803402,-0.24931200184451255,0.0017334200564785296
60.800000000000004,-0.25169032029013205,-0.26192910518625956,0.010238784896127506
60.85,-0.2406325337698903,-0.2671186243293548,0.026486090559464492
60.900000000000006,-0.21457209236760139,-0.2542454339199689,0.039673341552367514
60.95,-0.17240064419088247,-0.21527048888521566,0.04286984469433319
61.0,-0.1102304297908282,-0.14862579511391863,0.03839536532309043
61.050000000000004,-0.027289864140404702,-0.060890831698395195,0.033600967557990497
61.1,0.0671028609090527,0.03564391703657527,0.03145894387247743
61.150000000000006,0.15435368826054893,0.12847075466027044,0.02588293360027849
61.2,0.2166221602020536,0.20948648948115878,0.007135670720894827
61.25,0.2476889321271693,0.2751653428733648,-0.0274764107461955
61.300000000000004,0.25457150503359444,0.32261457303350316,-0.06804306799990872
61.35,0.24839718186534304,0.3459205147936222,-0.09752333292827914
61.400000000000006,0.23342984963082822,0.3373267956320784,-0.10389694600125018
61.45,0.20479909202703597,0.2933340052382673,-0.08853491321123133
61.5,0.15670960869761572,0.22067504453080314,-0.06396543583318742
61.550000000000004,0.09255582811034879,0.1362872321622096,-0.043731404051860795
61.6,0.026703144539076344,0.06007578386390107,-0.033372639324824725
61.650000000000006,-0.023934336814667345,0.005428241883769868,-0.02936257869843721
61.7,-0.05061525884097747,-0.025526967386460125,-0.025088291454517346
61.75,-0.05627603664227111,-0.03894012296269632,-0.017335913679574794
61.800000000000004,-0.04982356286534425,-0.04197336495342753,-0.007850197911916719
61.85,-0.0378312772505234,-0.03771381308028979,-0.00011746417023360961
61.900000000000006,-0.021535167623748106,-0.02590076944036078,0.0043656018166126735
61.95,-0.0005587136567693106,-0.007403228362444044,0.006844514705674733
62.0,0.022130263490220528,0.012770541745836516,0.009359721744384012
62.050000000000004,0.03994287452874342,0.027126599916795675,0.012816274611947745
62.1,0.04723668688752401,0.030389469894323513,0.0168472169932005
62.150000000000006,0.04357363133088214,0.022809694684780894,0.02076393664610125
62.2,0.03311186233733969,0.00920179984884723,0.023910062488492458
62.25,0.01993398490361501,-0.005126392096529372,0.025060377000144383
62.300000000000004,0.004261203257999874,-0.01790705170411221,0.022168254962112083
62.35,-0.016734710835259046,-0.03035110886260743,0.013616398027348386
62.400000000000006,-0.04468528525289713,-0.04498801204835312,0.00030272679545598896
62.45,-0.0767538631249386,-0.06326228698461883,-0.013491576140319775
62.5,-0.10633627550175906,-0.08452135794637938,-0.021814917555379676
62.550000000000004,-0.1266736013956127,-0.10615745160387685,-0.020516149791735855
62.6,-0.1339411932825561,-0.12390279528869785,-0.01003839799385825
62.650000000000006,-0.12762269651066047,-0.1321385816333484,0.00451588512268794
62.7,-0.108867097599134,-0.1250288331326022,0.01616173553346821
62.75,-0.07893892812373796,-0.09881021675472228,0.01987128863098432
62.800000000000004,-0.03895987401525035,-0.054066164961809264,0.015106290946558916
62.85,0.009385955984737607,0.0038411578037953363,0.005544798180942271
62.900000000000006,0.06295645811411635,0.06674576413944752,-0.003789306025331174
62.95,0.11644615382620466,0.12657587696375402,-0.010129723137549368
63.0,0.16225651303831573,0.17703042751593617,-0.014773914477620442
63.050000000000004,0.19179874440626637,0.2133767700972207,-0.021578025690954322
63.1,0.19868531582088633,0.2317375875177971,-0.03305227169691077
63.150000000000006,0.1823964211959863,0.2295427089411334,-0.04714628774514709
63.2,0.1493957218993369,0.20706735386661582,-0.057671631967278925
63.25,0.10980159121416601,0.16821482850085295,-0.058413237286686945
63.300000000000004,0.07152070429024676,0.11911874685900067,-0.04759804256875391
63.35,0.03668199030462493,0.06549111555818152,-0.02880912525355659
63.400000000000006,0.0036624606412121604,0.01130738072750337,-0.00764492008629121
63.45,-0.02731623375314009,-0.039759846835364814,0.012443613082224723
63.5,-0.05094990874377945,-0.08186842835567139,0.03091851961189194
63.550000000000004,-0.05990629846312585,-0.10694623824520683,0.04703993978208098
63.6,-0.05162260602043306,-0.10857872931802635,0.056956123297593295
63.650000000000006,-0.03191179731941484,-0.08728431288371563,0.05537251556430079
63.7,-0.011178780466057562,-0.052414158994404596,0.041235378528347036
63.75,0.0034246269640339517,-0.018185564242283868,0.021610191206317818
63.800000000000004,0.012101708042663854,0.0036801543058394264,0.008421553736824428
63.85,0.018694818168364477,0.00924516917971653,0.009449648988647946
63.900000000000006,0.02348808295152124,0.0019952935873377635,0.021492789364183477
63.95,0.02094342656683585,-0.011763737138005981,0.032707163704841835
64.0,0.005627804421138823,-0.027122452748310464,0.032750257169449286
64.05,-0.019748876356007524,-0.04125565031390535,0.021506773957897827
64.10000000000001,-0.04358307990436951,-0.051749767787268,0.008166687882898496
64.15,-0.05424325505666651,-0.0561157074636991,0.0018724524070325918
64.2,-0.05031649742376918,-0.05393553653995959,0.003619039116190409
64.25,-0.041416134188496316,-0.04896818785886911,0.007552053670372795
64.3,-0.03782220877306493,-0.047317029935858616,0.009494821162793689
64.35000000000001,-0.03911463314809309,-0.05147612164782325,0.012361488499730164
64.4,-0.033881894638760526,-0.0552798158984206,0.02139792125966007
64.45,-0.011603196234894643,-0.045739111802998084,0.03413591556810344
64.5,0.02519669909916119,-0.012404515436624245,0.03760121453578544
64.55,0.06150999169083367,0.042419283612930826,0.019090708077902842
64.60000000000001,0.08327409565434277,0.10153812203155123,-0.01826402637720846
64.65,0.08998267772210586,0.14200840393262296,-0.0520257262105171
64.7,0.09289682818518873,0.14945729485596176,-0.05656046667077304
64.75,0.10016213758679074,0.1267557787213637,-0.026593641134572965
64.8,0.10468712881116078,0.09044608314912254,0.014241045662038238
64.85000000000001,0.0889809674293211,0.05805615115899399,0.03092481627032711
64.9,0.043772457429330267,0.036392579919252745,0.007379877510077522
64.95,-0.01835257571981781,0.019393558959000894,-0.0377461346788187
65.0,-0.06988917847201154,-0.004087504444093568,-0.06580167402791796
65.05,-0.09136001024864387,-0.03983622442088167,-0.0515237858277622
65.10000000000001,-0.08849930417037935,-0.08339527862833022,-0.005104025542049126
65.15,-0.08594437562773986,-0.12338419189378301,0.03743981626604315
65.2,-0.10232142984214677,-0.14903643018136586,0.04671500033921909
65.25,-0.1306935960690979,-0.15577687567927342,0.025083279610175535
65.3,-0.144176540134519,-0.14570526671786416,0.001528726583345158
65.35000000000001,-0.12221348874631369,-0.12444613676822187,0.0022326480219081873
65.4,-0.07223843142587145,-0.09786208773821796,0.025623656312346504
65.45,-0.025192386040683495,-0.07071132452618045,0.04551893848549696
65.5,-0.008514049438868309,-0.046791975171681884,0.03827792573281358
65.55,-0.022244697698896133,-0.029081848186369715,0.0068371504874735825
65.60000000000001,-0.04099078855154823,-0.01926247943427283,-0.021728309117275402
65.65,-0.03943655961857727,-0.017221533686614336,-0.022215025931962933
65.7,-0.016513500191743358,-0.021221619551963028,0.00470811936021967
65.75,0.004778550929957465,-0.02861057179476514,0.03338912272472261
65.8,0.0008459665912450023,-0.03645812082047745,0.037304087411722454
65.85000000000001,-0.029089108000140185,-0.04192541054856848,0.012836302548428293
65.9,-0.06203114655198096,-0.042795549132816385,-0.019235597419164578
65.95,-0.07269942123711202,-0.038422706045653475,-0.03427671519145855
66.0,-0.05618536043108756,-0.030472531623386957,-0.0257128288077006
66.05,-0.030671973084385393,-0.022382349230535902,-0.00828962385384949
66.10000000000001,-0.019183138187699674,-0.017310871719073563,-0.001872266468626111
66.15,-0.028767262474643864,-0.015858233395073307,-0.012909029079570557
66.2,-0.046004113827657456,-0.015434654807055454,-0.030569459020602
66.25,-0.05069763748994942,-0.011988057042911674,-0.03870958044703775
66.3,-0.03307792230230282,-0.0027990165105176087,-0.03027890579178521
66.35000000000001,0.0007833440990120969,0.01188879078754189,-0.011105446688529794
66.4,0.03715998192013279,0.029563365699408723,0.007596616220724068
66.45,0.06583261847648861,0.04754581219955239,0.01828680627693622
66.5,0.08389311214183083,0.06447058753301073,0.019422524608820102
66.55,0.09196772139537514,0.07996018377165731,0.012007537623717826
66.60000000000001,0.09018401539724807,0.09315717919698842,-0.0029731637997403443
66.65,0.07877584106012163,0.10177976214453849,-0.02300392108441686
66.7,0.060632144313183554,0.1026641600304128,-0.04203201571722925
66.75,0.040428186725643085,0.09325387296523698,-0.05282568623959389
66.8,0.020277962218956527,0.07279190978470122,-0.05251394756574469
66.85000000000001,-0.002149893384654748,0.0426467916491655,-0.04479668503382025
66.9,-0.02882202074675525,0.00627954581703371,-0.03510156656378896
66.95,-0.05399180710608158,-0.030522080607380334,-0.023469726498701243
67.0,-0.06358419893335406,-0.05952768934906931,-0.004056509584284745
67.05,-0.045065873964611966,-0.07133060019065486,0.026264726226042895
67.10000000000001,1.498986546946701e-05,-0.058671381610590496,0.05868637147605996
67.15,0.053659679957910246,-0.020585910703861073,0.07424559066177132
67.2,0.09366643811105692,0.035372747068681674,0.058293691042375244
67.25,0.11048316695231426,0.09502939744075337,0.015453769511560897
67.3,0.11299529650955303,0.14319564101250642,-0.03020034450295339
67.35000000000001,0.11749608455573401,0.16989357872605962,-0.052397494170325604
67.4,0.13038058705928648,0.17350453173528813,-0.04312394467600164
67.45,0.14140369423651306,0.1592343562153218,-0.017830661978808754
67.5,0.13394686791911428,0.13446515560228023,-0.0005182876831659466
67.55,0.10189106932075075,0.10443536496468915,-0.0025442956439384046
67.60000000000001,0.056338666453399626,0.07096168090253899,-0.014623014449139361
67.65,0.01585686863323399,0.034333344115030716,-0.018476475481796727
67.7,-0.009656280833386143,-0.0038640966558298683,-0.005792184177556274
67.75,-0.025608879462928915,-0.03967045345383375,0.014061573990904835
67.8,-0.044259516279750694,-0.06842337598309224,0.024163859703341548
67.85000000000001,-0.07082695582509296,-0.08781062708081301,0.016983671255720048
67.9,-0.09838570548122902,-0.09968654489329225,0.0013008394120632288
67.95,-0.1156525553534406,-0.10887059682536149,-0.006781958528079113
68.0,-0.11827903517928104,-0.1194551098694948,0.0011760746902137603
68.05,-0.11156767518747264,-0.13121066505141946,0.019642989863946816
68.10000000000001,-0.10272623855229653,-0.13887721968240335,0.03615098113010683
68.15,-0.09224750909393475,-0.13518147049301243,0.04293396139907768
68.2,-0.0743516247316167,-0.11568739733283541,0.04133577260121871
68.25,-0.045766472048462445,-0.08214059591500705,0.03637412386654461
68.3,-0.012526190947568084,-0.041992294624693255,0.02946610367712517
68.35000000000001,0.0134547757301792,-0.0045541993220278,0.018008975052207
68.4,0.024917226466775574,0.023416684823400077,0.0015005416433754963
68.45,0.025730717461509543,0.03981319819887261,-0.014082480737363064
68.5,0.026276805523613674,0.04618490973980898,-0.019908104216195308
68.55,0.03256813331511222,0.045321022016921605,-0.012752888701809385
68.60000000000001,0.04059019236501885,0.03974133041939732,0.0008488619456215318
68.65,0.04161329354951185,0.03194123653236068,0.009672057017151167
68.7,0.0323923413698383,0.025200694889307696,0.007191646480530601
68.75,0.01912104030935323,0.023210390053536718,-0.004089349744183488
68.8,0.011101462825984395,0.028183620587475724,-0.01708215776149133
68.85000000000001,0.011400520377747924,0.03900644873036036,-0.027605928352612438
68.9,0.01484116615972518,0.05134592398706831,-0.03650475782734313
68.95,0.0152394856294563,0.060020001187627924,-0.04478051555817163
69.0,0.013326032024000716,0.06188033591123169,-0.048554303887230976
69.05,0.016026295686109592,0.056999332294515224,-0.040973036608405636
69.10000000000001,0.027676404955882795,0.04755380888935049,-0.019877403933467697
69.15,0.04327311138629782,0.03587469549644655,0.0073984158898512745
69.2,0.05210395953329924,0.02362959353933986,0.028474365993959385
69.25,0.048575716223864494,0.01257677955340527,0.035998936670459225
69.3,0.03840247991596055,0.00540746581529188,0.032995014100668664
69.35000000000001,0.03257208323781358,0.004939351927896792,0.02763273130991679
69.4,0.034743167101435234,0.011706485647006928,0.023036681454428304
69.45,0.03570375810904953,0.022041689075796993,0.013662069033252535
69.5,0.021970590208429022,0.028896777581058717,-0.006926187372629695
69.55,-0.009295856215639992,0.02551361933517646,-0.034809475550816454
69.60000000000001,-0.044460836442960595,0.009523341721024325,-0.05398417816398492
69.65,-0.0636877388987385,-0.01551971328021717,-0.04816802561852132
69.7,-0.05804288884397189,-0.04218616648108435,-0.015856722362887543
69.75,-0.03676895204898658,-0.06306180956465124,0.02629285751566466
69.8,-0.017585824332308896,-0.07363076747892418,0.05604494314661528
69.85000000000001,-0.009845825786910635,-0.072657015231402,0.06281118944449136
69.9,-0.00738920525327683,-0.06092038110893136,0.05353117585565453
69.95,0.002233530537245289,-0.04027187674493824,0.04250540728218353
70.0,0.022347565349442006,-0.01397986022870545,0.03632742557814746
70.05,0.04182132441660239,0.012533832933720714,0.029287491482881678
70.10000000000001,0.04529006261764831,0.032239640096046754,0.01305042252160156
70.15,0.02815153868331132,0.038892925415616585,-0.010741386732305264
70.2,0.0007942005090824228,0.029963219977286158,-0.029169019468203734
70.25,-0.02199809415772318,0.007979338307427265,-0.029977432465150444
70.3,-0.035077262247911536,-0.020790491952030993,-0.014286770295880543
70.35000000000001,-0.04581579773154494,-0.04944577480460696,0.0036299770730620212
70.4,-0.06340885760734519,-0.07327831017784131,0.009869452570496123
70.45,-0.0865738897320166,-0.09070735672291588,0.004133466990899282
70.5,-0.1030814762061817,-0.10226355910831111,-0.000817917097870588
70.55,-0.10172937323970498,-0.10884616953723704,0.007116796297532063
70.60000000000001,-0.08406252623103433,-0.11062622113226077,0.02656369490122644
70.65,-0.0634437733194461,-0.10715490753138897,0.043711134211942865
70.7,-0.052484143192858296,-0.09828284592586314,0.04579870273300485
70.75,-0.05197643150996205,-0.0850567461559714,0.03308031464600936
70.8,-0.052533334844915,-0.06991947723717201,0.017386142392257012
70.85000000000001,-0.04643373337400125,-0.056013192942593465,0.009579459568592213
70.9,-0.03649703586334941,-0.0458921215605231,0.009395085697173691
70.95,-0.03245786092599325,-0.040321808173750424,0.007863947247757172
71.0,-0.03913863073242428,-0.03790549984191678,-0.0012331308905075
71.05,-0.04969284842491191,-0.03588173252869457,-0.013811115896217342
71.10000000000001,-0.05164528848641343,-0.03168072386128828,-0.01996456462512515
71.15,-0.039439536713633615,-0.024204641503469456,-0.015234895210164159
71.2,-0.019936085028828144,-0.01389393808061674,-0.0060421469482114035
71.25,-0.004753622459189099,-0.0015549130643028423,-0.0031987093948862566
71.3,0.0024106981676422215,0.013003957689798142,-0.01059325952215592
71.35000000000001,0.009686748644862589,0.031196535681051133,-0.021509787036188544
71.4,0.027596826902114194,0.05429568445251767,-0.02669885755040348
71.45,0.05614925836605736,0.08143036010927678,-0.025281101743219417
71.5,0.08248741016143282,0.10861250830219092,-0.0261250981407581
71.55,0.09227126977980757,0.12982233753017564,-0.03755106775036807
71.60000000000001,0.08337739391725442,0.13964800689861612,-0.0562706129813617
71.65,0.06766969569235415,0.1357994755020789,-0.06812977980972476
71.7,0.05880207609642811,0.11993922907325591,-0.0611371529768278
71.75,0.05864104017920264,0.09653374606055527,-0.037892705881352635
71.8,0.05653182507966039,0.0707582050655672,-0.014226379985906805
71.85000000000001,0.04231046765080856,0.046866865383039885,-0.004556397732231328
71.9,0.019423812185097936,0.02774034046232311,-0.008316528277225173
71.95,0.0039868898387671135,0.015277323268377399,-0.011290433429610286
72.0,0.00989760515234421,0.010782883919449157,-0.000885278767104947
72.05,0.034655519804608584,0.014795617239819207,0.019859902564789377
72.10000000000001,0.06030893066108314,0.026478544285065023,0.03383038637601812
72.15,0.06904957877104285,0.04315732726112926,0.025892251509913596
72.2,0.058446668502775634,0.06053283071432543,-0.002086162211549794
72.25,0.041787524310602446,0.07367675472898848,-0.03188923041838603
72.3,0.0338247812345298,0.07847538351086103,-0.04465060227633123
72.35000000000001,0.03638744258025146,0.07294790942308456,-0.0365604668428331
72.4,0.0378001081702893,0.057889230267084923,-0.02008912209679562
72.45,0.025900337346666576,0.03654261898851391,-0.010642281641847332
72.5,0.001161999817691306,0.01342016877322869,-0.012258168955537385
72.55,-0.022970992243786695,-0.007206585916101157,-0.015764406327685537
72.60000000000001,-0.032304367903067205,-0.022467156869938158,-0.009837211033129047
72.65,-0.02435963593168593,-0.03126343335250186,0.00690379742081593
72.7,-0.009439344890719698,-0.03391361203028904,0.02447426713956934
72.75,-0.0003892459681005651,-0.03152771594602683,0.031138469977926266
72.8,-0.0016517257096474085,-0.025562983092890002,0.023911257383242592
72.85000000000001,-0.007480293865424265,-0.017644228460131618,0.010163934594707352
72.9,-0.009247685728508637,-0.009398918885343544,0.0001512331568349068
72.95,-0.0034206380672996382,-0.0020872452669023944,-0.0013333928003972438
73.0,0.00712598884995295,0.003844902425061355,0.003281086424891595
73.05,0.017809075964721074,0.008891931326369723,0.008917144638351351
73.10000000000001,0.02669931992972873,0.014037172001290184,0.012662147928438547
73.15,0.034221386770095,0.019935972369536162,0.01428541440055884
73.2,0.04013761598964806,0.02629900399141347,0.01383861199823459
73.25,0.04263548773360164,0.031922772229931104,0.010712715503670533
73.3,0.04089055866660475,0.035312174282713486,0.005578384383891265
73.35000000000001,0.037406648041738544,0.035407867893828666,0.0019987801479098774
73.4,0.036191412283411224,0.031939581600461585,0.004251830682949639
73.45,0.03793367158641196,0.025310781752179372,0.012622889834232591
73.5,0.037738821266830376,0.016277636354258423,0.021461184912571953
73.55,0.029025448383439387,0.005702153959692824,0.023323294423746564
73.60000000000001,0.010442300231308948,-0.005587431449522328,0.016029731680831275
73.65,-0.011458787959271372,-0.016967817049499703,0.00550902909022833
73.7,-0.027440841892829547,-0.028255646622457213,0.0008148047296276661
73.75,-0.03418002805759108,-0.039808644303513295,0.005628616245922216
73.8,-0.03760130333984351,-0.0522638419037346,0.01466253856389109
73.85000000000001,-0.04704414170908727,-0.06595807670444724,0.01891393499535997
73.9,-0.06556847416430721,-0.08040318021595456,0.014834706051647356
73.95,-0.08599743947100698,-0.09421948368835756,0.00822204421735058
74.0,-0.09695802110150417,-0.10560373629358819,0.008645715192084014
74.05,-0.09333767192848787,-0.11302369496334551,0.01968602303485764
74.10000000000001,-0.08109365488060097,-0.11574029476346522,0.03464663988286425
74.15,-0.07179155812980698,-0.11398693294421054,0.042195374814403566
74.2,-0.0721882809476874,-0.10888334843534112,0.03669506748765372
74.25,-0.07874583170029983,-0.10216439404713254,0.023418562346832705
74.3,-0.08184035592901259,-0.09565285534597052,0.013812499416957932
74.35000000000001,-0.07500977053067837,-0.09043637263045332,0.01542660209977495
74.4,-0.0602432060470907,-0.0860580006491812,0.025814794602090504
74.45,-0.04491310242506006,-0.08036828856615341,0.03545518614109335
74.5,-0.03430821146488821,-0.07050039313856946,0.03619218167368125
74.55,-0.027378187279288178,-0.054627108106651306,0.02724892082736313
74.60000000000001,-0.019175447275443156,-0.03334482078099,0.014169373505546843
74.65,-0.00651920823633057,-0.009544601654546365,0.003025393418215795
74.7,0.009136614042785958,0.013299633916916237,-0.004163019874130279
74.75,0.023802547300537675,0.03315458865593257,-0.009352041355394896
74.8,0.03476448052422659,0.05009434140002408,-0.015329860875797484
74.85000000000001,0.04174756038730152,0.06501215475733618,-0.023264594370034662
74.9,0.04491485868740812,0.07752097731592497,-0.03260611862851685
74.95,0.04310010844291127,0.08506111410936373,-0.041961005666452465
75.0,0.035101808320352125,0.08432848886437515,-0.04922668054402302
75.05,0.022674833286552867,0.07409722703299755,-0.05142239374644468
75.10000000000001,0.011177932286718949,0.05709452017577042,-0.04591658788905147
75.15,0.006071341826245526,0.03913712995152391,-0.033065788125278384
75.2,0.008281975645644639,0.025919741491792724,-0.017637765846148085
75.25,0.013335818578901062,0.01983222430583622,-0.006496405726935158
75.3,0.015621708839964872,0.019230789698749917,-0.0036090808587850454
75.35000000000001,0.013758593539734552,0.020596830689126322,-0.00683823714939177
75.4,0.01165729017399683,0.02167027930663282,-0.01001298913263599
75.45,0.014212561035861852,0.022950823917016847,-0.008738262881154995
75.5,0.02212856217197015,0.026485453839702983,-0.0043568916677328325
75.55,0.031203129513419896,0.03323450877025316,-0.0020313792568332663
75.60000000000001,0.03655170978747465,0.04145743473208084,-0.004905724944606192
75.65,0.036986616150702374,0.047546035414459564,-0.01055941926375719
75.7,0.034846601239390006,0.04854278710632293,-0.013696185866932921
75.75,0.03190864050948371,0.04417774384147484,-0.012269103331991132
75.8,0.026617699060466012,0.03680176802486682,-0.01018406896440081
75.85000000000001,0.016391974980236628,0.0294676273773851,-0.01307565239714847
75.9,0.0025991828060521055,0.0238811081584588,-0.021281925352406694
75.95,-0.008095444386437192,0.01978910596974899,-0.027884550356186182
76.0,-0.00900593553630871,0.01592645837810116,-0.02493239391440987
76.05,-0.0007682802974194602,0.011351268429021706,-0.012119548726441167
76.10000000000001,0.007365525882603443,0.005980696406573093,0.0013848294760303503
76.15,0.005200718754683753,0.0001924574172245685,0.005008261337459185
76.2,-0.008267951105860809,-0.0057054053823162995,-0.0025625457235445093
76.25,-0.02257626050586651,-0.01142626874948089,-0.011149991756385619
76.3,-0.02489646107006896,-0.016247411940786865,-0.008649049129282094
76.35000000000001,-0.012601319637638933,-0.018923141419438513,0.00632182178179958
76.4,0.0031914361070774205,-0.018380975463986343,0.021572411571063765
76.45,0.007666263637947245,-0.014660113466231209,0.022326377104178452
76.5,-0.0029062858583165686,-0.009083505578095733,0.0061772197197791645
76.55,-0.0161495407486585,-0.0032712618207031228,-0.012878278927955377
76.60000000000001,-0.014256732940928897,0.002241797954160066,-0.016498530895088962
76.65,0.008916217167116061,0.008498647726749069,0.00041756944036699245
76.7,0.040641322407287205,0.01714527595710871,0.023496046450178495
76.75,0.05960212385689973,0.02873277243471757,0.03086935142218216
76.80000000000001,0.05466000971835339,0.041721699060714997,0.012938310657638397
76.85000000000001,0.03458504333026252,0.05300608821888708,-0.01842104488862456
76.9,0.019479024669085687,0.05947381044531072,-0.039994785776225034
76.95,0.022001343050939405,0.05936224284718867,-0.037360899796249264
77.0,0.036228208401321634,0.05259207678396993,-0.0163638683826483
77.05000000000001,0.0444713850404704,0.04030958122523038,0.00416180381524002
77.10000000000001,0.03492123517730928,0.0244192916251994,0.010501943552109882
77.15,0.012680936005920402,0.0074554552322358796,0.005225480773684522
77.2,-0.00629036720660786,-0.007648056359522374,0.001357689152914514
77.25,-0.011626857367097199,-0.018450122392093423,0.006823265024996224
77.30000000000001,-0.008485663785251743,-0.02431940758146463,0.015833743796212888
77.35000000000001,-0.010990807637402455,-0.027081805750127308,0.016090998112724852
77.4,-0.026237594210918775,-0.030066353173202887,0.0038287589622841116
77.45,-0.045669449523868054,-0.03588174261435054,-0.009787706909517517
77.5,-0.053113351655223046,-0.044490911525893455,-0.00862244012932959
77.55000000000001,-0.0414833238939356,-0.053096549039066084,0.011613225145130482
77.60000000000001,-0.0208154697623571,-0.05792723584268705,0.037111766080329955
77.65,-0.008764888094213745,-0.05649300910677479,0.04772812101256104
77.7,-0.012722301853071034,-0.048662542414282715,0.03594024056121168
77.75,-0.021914278866376306,-0.036138741124939165,0.014224462258562859
77.80000000000001,-0.018337741182711156,-0.021310894033302243,0.002973152850591087
77.85000000000001,0.003800177680036379,-0.006668282410175953,0.010468460090212333
77.9,0.029934919931688782,0.005099891644409713,0.02483502828727907
77.95,0.037634308376712576,0.011243897495979281,0.026390410880733295
78.0,0.018450077056797482,0.01005490189593254,0.008395175160864942
78.05000000000001,-0.012379263084985407,0.0023545764115455114,-0.014733839496530919
78.10000000000001,-0.02886770394904957,-0.00814087581828523,-0.02072682813076434
78.15,-0.01827414816785608,-0.01647495101606991,-0.0017991971517861693
78.2,0.0068779727624187085,-0.0192414972378151,0.02611947000023381
78.25,0.020777996264112815,-0.01642746380613852,0.037205460070251335
78.30000000000001,0.009124327994843846,-0.010895938685261728,0.020020266680105574
78.35000000000001,-0.017192353253414085,-0.00611356053616634,-0.011078792717247744
78.4,-0.032944566355567265,-0.0041589442384091175,-0.028785622117158148
78.45,-0.0235609193811596,-0.005504905915943024,-0.018056013465216576
78.5,5.7682101026169724e-05,-0.010145092168154063,0.010202774269180233
78.55000000000001,0.011465001116765723,-0.018350344893341926,0.02981534601010765
78.60000000000001,-0.006106644775563555,-0.030033963161121113,0.023927318385557558
78.65,-0.04351551291606022,-0.04359132225115107,7.580933509084703e-05
78.7,-0.07396924756629682,-0.05600956462875122,-0.017959682937545594
78.75,-0.07754539649554641,-0.06480122873212739,-0.012744167763419023
78.80000000000001,-0.05832688578549249,-0.0700636855161916,0.011736799730699111
78.85000000000001,-0.03825158114160537,-0.07420629051467982,0.03595470937307445
78.9,-0.034682312391610806,-0.07883981502898516,0.04415750263737435
78.95,-0.0440938909163362,-0.08139001061003133,0.03729611969369513
79.0,-0.04733430822167269,-0.07506818198331791,0.02773387376164522
79.05000000000001,-0.03012798274643042,-0.05335867576214506,0.023230693015714638
79.10000000000001,0.0022400648843462984,-0.016012535557114127,0.018252600441460425
79.15,0.030453022520326375,0.02851116631397836,0.0019418562063480138
79.2,0.04052490353223667,0.06688960194492442,-0.02636469841268775
79.25,0.03690259782148751,0.08875273529197468,-0.05185013747048717
79.30000000000001,0.03614838777357741,0.09269726219478326,-0.056548874421205854
79.35000000000001,0.04818281249470606,0.08597374105080657,-0.037790928556100514
79.4,0.06478406731123075,0.07833463113927792,-0.013550563828047174
79.45,0.06750227718417669,0.07505240355052525,-0.007550126366348567
79.5,0.047155701310264204,0.0743759200793734,-0.02722021876910919
79.55000000000001,0.014982043498734944,0.07070339142108278,-0.05572134792234784
79.60000000000001,-0.006395183536703284,0.06013960786726219,-0.06653479140396547
79.65,-0.0038475788356165897,0.04374226218296464,-0.04758984101858123
79.7,0.013917288127198632,0.026379913364392507,-0.012462625237193875
79.75,0.024810755019100322,0.012985407300834247,0.011825347718266075
79.80000000000001,0.014604925936756039,0.005663576177871614,0.008941349758884425
79.85000000000001,-0.009468117203787445,0.0035783971884561037,-0.013046514392243549
79.9,-0.02570517704899295,0.004756937119378226,-0.030462114168371177
79.95,-0.018603961206940536,0.007626968790591998,-0.026230929997532536
80.0,0.006538239249808181,0.011122345581420463,-0.004584106331612282
