x,yobs,ycalc,ydiff
1.5,0.040459356747937485,-0.18395760242158465,0.22441695916952215
1.51,0.01584881821283282,-0.18278314854746763,0.19863196676030045
1.52,-0.009892335408174227,-0.18315397861057983,0.1732616432024056
1.53,-0.03584579617553418,-0.18495194790199715,0.14910615172646297
1.54,-0.06129712737963914,-0.18797076865653267,0.12667364127689354
1.55,-0.0852854347350827,-0.1919257643961187,0.106640329661036
1.56,-0.1072962590327859,-0.19646779290593633,0.08917153387315042
1.57,-0.12666574799880437,-0.20120071893337863,0.07453497093457426
1.58,-0.14235333027955693,-0.20570163694697238,0.06334830666741545
1.59,-0.15443634150994734,-0.2095428994836661,0.05510655797371877
1.6,-0.16252260328041493,-0.21231490504811448,0.049792301767699554
1.61,-0.1657995828197621,-0.2136485465368232,0.0478489637170611
1.62,-0.1649406878825912,-0.21323621983339794,0.04829553195080674
1.6300000000000001,-0.15996082495681874,-0.21085034324177834,0.050889518284959606
1.6400000000000001,-0.15053642623259555,-0.2063584400130332,0.055822013780437635
1.6500000000000001,-0.13774580493313113,-0.19973398419646454,0.061988179263333415
1.6600000000000001,-0.12201371087198476,-0.19106239799635222,0.06904868712436746
1.67,-0.10363749198630973,-0.18054180838080316,0.07690431639449344
1.68,-0.08376619793898721,-0.16847841193107757,0.08471221399209036
1.69,-0.06310113944207621,-0.15527654877416336,0.09217540933208715
1.7,-0.04251502047687251,-0.14142383722492488,0.09890881674805238
1.71,-0.02285327056133688,-0.12747195871430747,0.1046186881529706
1.72,-0.00486688466293696,-0.11401389640516352,0.10914701174222656
1.73,0.010216347074982939,-0.10165861030743961,0.11187495738242255
1.74,0.022147797438855803,-0.09100426790262015,0.11315206534147595
1.75,0.030372479934895585,-0.0826112353932239,0.11298371532811949
1.76,0.03364565418767885,-0.07697606608300098,0.11062172027067982
1.77,0.032427498928645604,-0.07450769693706293,0.10693519586570853
1.78,0.0265414321065919,-0.07550698255513594,0.10204841466172784
1.79,0.015085234783920601,-0.08015056072182004,0.09523579550574064
1.8,-0.000885279530758204,-0.08847986098246367,0.08759458145170547
1.81,-0.02111060490502676,-0.10039584520420636,0.0792852402991796
1.82,-0.04587780252185572,-0.11565981661315228,0.06978201409129656
1.83,-0.07384461036723594,-0.13390036263178165,0.06005575226454571
1.84,-0.10440538435432681,-0.15462621923618713,0.05022083488186033
1.85,-0.1371219769724892,-0.17724457319348272,0.04012259622099351
1.86,-0.17078618478459467,-0.20108406594930653,0.030297881164711854
1.87,-0.2046330117668046,-0.2254215408991104,0.020788529132305805
1.8800000000000001,-0.23764079646627295,-0.2495113947920533,0.011870598325780357
1.8900000000000001,-0.2690826728318853,-0.2726162627970606,0.0035335899651752767
1.9000000000000001,-0.2982777342888872,-0.29403769182135325,-0.004240042467533955
1.9100000000000001,-0.3239545184947621,-0.31314544200805866,-0.010809076486703428
1.92,-0.346049063298515,-0.32940410322284486,-0.016644960075670123
1.93,-0.3641846191993321,-0.34239582023503257,-0.021788798964299527
1.94,-0.377237283694737,-0.3518380829119823,-0.025399200782754705
1.95,-0.3857897079507823,-0.3575957491963808,-0.028193958754401505
1.96,-0.3898861470764747,-0.3596867197517503,-0.03019942732472436
1.97,-0.3888806072972536,-0.35828096287850025,-0.030599644418753347
1.98,-0.383801730749055,-0.3536928841574581,-0.030108846591596905
1.99,-0.3750892773285037,-0.3463673339651893,-0.028721943363314406
2.0,-0.36273424884396294,-0.3368598339810801,-0.025874414862882833
2.0100000000000002,-0.34789459575620224,-0.32581186790289063,-0.022082727853311612
2.02,-0.33124801111972413,-0.3139223096197274,-0.017325701499996737
2.0300000000000002,-0.3133667878523733,-0.3019162434186555,-0.01145054443371779
2.04,-0.2952053496514543,-0.2905125568254542,-0.004692792826000103
2.05,-0.2774457501475508,-0.2803917512527046,0.002946001105153806
2.06,-0.2610010111615438,-0.27216541534888383,0.011164404187340049
2.07,-0.24637260811763761,-0.26634874033251105,0.019976132214873432
2.08,-0.2340193196781477,-0.2633373281433077,0.029318008465159973
2.09,-0.2248600493067559,-0.26338935730887836,0.03852930800212245
2.1,-0.21884606209472365,-0.2666139360214016,0.047767873926677945
2.11,-0.21606979804552207,-0.27296619735878674,0.05689639931326468
2.12,-0.21714478169113374,-0.28224939003422067,0.06510460834308693
2.13,-0.22154541274048428,-0.2941239029928099,0.0725784902523256
2.14,-0.22898673273577316,-0.30812284777762405,0.07913611504185089
2.15,-0.23959271974945676,-0.32367352311111763,0.08408080336166088
2.16,-0.2525701550416736,-0.3401238152548593,0.08755366021318567
2.17,-0.2673773464394352,-0.35677235789152273,0.0893950114520875
2.18,-0.28364568255286676,-0.3729010972131679,0.08925541466030112
2.19,-0.30058549088702713,-0.38780879002218654,0.08722329913515942
2.2,-0.3176036164836434,-0.40084391071056746,0.08324029422692408
2.21,-0.3340051346828837,-0.41143545978847945,0.07743032510559578
2.22,-0.3492491273735148,-0.4191202519016075,0.06987112452809269
2.23,-0.36290476152973383,-0.4235654116269261,0.06066065009719229
2.24,-0.3742163138315162,-0.4245850144221177,0.0503687005906015
2.25,-0.3830373940289444,-0.4221500688812563,0.0391126748523119
2.2600000000000002,-0.3892449222153733,-0.416391333569985,0.027146411354611655
2.27,-0.3922867004123856,-0.4075947840211337,0.01530808360874808
2.2800000000000002,-0.3924202012554087,-0.39618987858547655,0.0037696773300678332
2.29,-0.3898575919263922,-0.38273110078631073,-0.007126491140081459
2.3000000000000003,-0.38442005230833654,-0.36787356574150937,-0.016546486566827168
2.31,-0.37665049983184584,-0.352343754968995,-0.024306744862850838
2.32,-0.36700113484731645,-0.3369066747541905,-0.03009446009312594
2.33,-0.3556889032751086,-0.3223309074795766,-0.033357995795532
2.34,-0.3433445211086796,-0.30935313461663033,-0.03399138649204925
2.35,-0.3304829310094049,-0.29864374903538116,-0.031839181974023745
2.36,-0.31759596359761866,-0.29077514058923154,-0.026820823008387118
2.37,-0.30519543356924833,-0.28619413351334316,-0.019001300055905168
2.38,-0.2936693115264081,-0.2851998811793783,-0.00846943034702985
2.39,-0.2835766665738183,-0.2879282903716404,0.004351623797822113
2.4,-0.27516246688150814,-0.29434376342789426,0.019181296546386117
2.41,-0.2685572612222944,-0.3042387245773826,0.035681463355088205
2.42,-0.26417777385488567,-0.31724105064770447,0.0530632767928188
2.43,-0.2619565555602114,-0.33282917120976613,0.07087261564955472
2.44,-0.2617420017994485,-0.3503542548947531,0.08861225309530457
2.45,-0.2636766770084056,-0.3690685725645589,0.1053918955561533
2.46,-0.26744420122263685,-0.3881588388814024,0.12071463765876556
2.47,-0.27269584057920254,-0.4067830947050794,0.13408725412587685
2.48,-0.2792904765897155,-0.4241095146306181,0.14481903804090257
2.49,-0.2868050239824488,-0.4393554152360664,0.15255039125361763
2.5,-0.2948493906277822,-0.45182470561864474,0.15697531499086254
2.5100000000000002,-0.303105373420443,-0.4609420646948753,0.15783669127443228
2.52,-0.3112088066812915,-0.46628224831584686,0.15507344163455533
2.5300000000000002,-0.3188887377222563,-0.4675931189830497,0.14870438126079344
2.54,-0.3258201308762082,-0.4648112442012828,0.13899111332507458
2.5500000000000003,-0.3318259813113044,-0.4580692158303761,0.12624323451907166
2.56,-0.33685309251475426,-0.4476941894004587,0.11084109688570443
2.57,-0.34072676789681744,-0.4341975146343013,0.09347074673748385
2.58,-0.34350231677610876,-0.41825571059726324,0.07475339382115448
2.59,-0.3453404172655175,-0.40068341469648133,0.055342997430963825
2.6,-0.34629063095056156,-0.38239928810887974,0.03610865715831818
2.61,-0.3465868619179901,-0.36438617596363626,0.017799314045646164
2.62,-0.34649910599155653,-0.34764708512350195,0.0011479791319454202
2.63,-0.3462559703907919,-0.33315874422326636,-0.013097226167525566
2.64,-0.34613614260733877,-0.32182464088596885,-0.02431150172136992
2.65,-0.34635789730305033,-0.31442948390913494,-0.03192841339391539
2.66,-0.3471771784864677,-0.3115970111102164,-0.03558016737625125
2.67,-0.34875026525146885,-0.3137529572186388,-0.03499730803283008
2.68,-0.3510960912252665,-0.3210948147985276,-0.030001276426738943
2.69,-0.35429651036671445,-0.33356977191736065,-0.0207267384493538
2.7,-0.35824405793181285,-0.35086190320024757,-0.0073821547315652825
2.71,-0.3626927317670835,-0.3723893384733959,0.009696606706312394
2.72,-0.3673790804003878,-0.3973117497013297,0.029932669300941905
2.73,-0.3718691410483252,-0.4245480978987015,0.052678956850376324
2.74,-0.3757085586756363,-0.4528041832675781,0.0770956245919418
2.75,-0.3782211040596344,-0.4806091599932441,0.10238805593360972
2.7600000000000002,-0.378691724038587,-0.5063598271747517,0.12766810313616472
2.77,-0.37663110062346206,-0.5283712031181164,0.1517401024946543
2.7800000000000002,-0.371026485672217,-0.5449316435615363,0.17390515788931932
2.79,-0.3610325303773588,-0.5543605847722528,0.19332805439489403
2.8000000000000003,-0.34636373991596286,-0.5550668864844137,0.20870314656845085
2.81,-0.3258822621038882,-0.5456057209162457,0.2197234588123575
2.82,-0.2988342161883804,-0.5247320030324569,0.22589778684407652
2.83,-0.26536101408138524,-0.491448481089491,0.22608746700810578
2.84,-0.2244912341485967,-0.4450467996278726,0.22055556547927588
2.85,-0.17579912975861767,-0.38514010107670105,0.20934097131808338
2.86,-0.1199769893445514,-0.31168603633147185,0.19170904698692046
2.87,-0.05650789684887612,-0.22499939656427875,0.16849149971540264
2.88,0.014516027812694366,-0.1257539443695795,0.14026997218227388
2.89,0.09188382057759498,-0.014973397716015064,0.10685721829361004
2.9,0.1754584481692013,0.1059881094131748,0.06947033875602651
2.91,0.264537904689912,0.23547541428630037,0.02906249040361164
2.92,0.35759163818021666,0.3715705653850396,-0.01397892720482291
2.93,0.45377813106517967,0.5121386429778857,-0.058360511912706026
2.94,0.5518179920590192,0.6548796634671247,-0.10306167140810552
2.95,0.6501867443676207,0.7973849048699618,-0.14719816050234114
2.96,0.7474547778009958,0.9371958882155059,-0.18974111041451014
2.97,0.8419194651242808,1.0718642118935064,-0.2299447467692256
2.98,0.9324349869275667,1.1990104620536932,-0.26657547512612656
2.99,1.0172393341429957,1.3163805085042666,-0.29914117436127086
3.0,1.0944522679403004,1.4218976364173594,-0.3274453684770591
3.0100000000000002,1.1636306527592284,1.5137091518186172,-0.3500784990593888
3.02,1.2230121627985622,1.5902263241018983,-0.3672141613033362
3.0300000000000002,1.270827453465167,1.6501567813949733,-0.37932932792980645
3.04,1.3075274787648417,1.69252874366469,-0.3850012648998484
3.0500000000000003,1.3316792653785443,1.7167067530713072,-0.38502748769276285
3.06,1.3419008891142885,1.7223988307439073,-0.3804979416296188
3.0700000000000003,1.3395458293700575,1.709655244174449,-0.3701094148043915
3.08,1.3237645399621525,1.6788593013599877,-0.35509476139783525
3.09,1.2937777006567204,1.630710789731278,-0.33693308907455766
3.1,1.251661420486637,1.5662028446095024,-0.31454142412286545
3.11,1.1972776213951253,1.4865931601247722,-0.2893155387296469
3.12,1.1305681180514375,1.3933705438102038,-0.2628024257587662
3.13,1.054001433344434,1.288217864896918,-0.23421643155248395
3.14,0.9681340882383747,1.1729724578145162,-0.20483836957614154
3.15,0.8736337869070603,1.049585020150832,-0.17595123324377182
3.16,0.7729501867395072,0.9200779931234622,-0.14712780638395495
3.17,0.6671852831042131,0.7865043380867632,-0.11931905498255013
3.18,0.5576248954863013,0.650907530848092,-0.09328263536179071
3.19,0.44629034356272373,0.5152834928208252,-0.06899314925810146
3.2,0.3345852044296859,0.3815450702900497,-0.04695986586036377
3.21,0.22421050372077722,0.25148956574755016,-0.027279062026772938
3.22,0.11643028420935572,0.12676972297960779,-0.010339438770252063
3.23,0.012663363463631382,0.008868473945073356,0.0037948895185580256
3.24,-0.08524155394549267,-0.100922327126244,0.015680773180751326
3.25,-0.1769656032811439,-0.20151902737097738,0.024553424089833464
3.2600000000000002,-0.2613467578873805,-0.2920590598121997,0.03071230192481922
3.27,-0.33668017125886923,-0.371909539043046,0.03522936778417679
3.2800000000000002,-0.4036056746970354,-0.44067155651925866,0.03706588182222326
3.29,-0.46142382558578865,-0.49818019591234625,0.0367563703265576
3.3000000000000003,-0.5088419221703389,-0.5445003180938394,0.03565839592350051
3.31,-0.547295651027294,-0.579918194987542,0.032622543960247996
3.3200000000000003,-0.5766485440443408,-0.6049291050370057,0.02828056099266485
3.33,-0.5962162358747747,-0.6202210432537053,0.024004807378930626
3.34,-0.6079209043332595,-0.6266547479020527,0.01873384356879315
3.35,-0.612164440347138,-0.6252403050832114,0.013075864736073362
3.36,-0.6089522493768157,-0.6171106619567357,0.008158412579920005
3.37,-0.6002956984231209,-0.603492458061977,0.003196759638856128
3.38,-0.5869905850474428,-0.5856746699442046,-0.0013159151032382521
3.39,-0.5696725486514291,-0.5649756536887933,-0.004696894962635811
3.4,-0.5500368423728663,-0.5427092586563781,-0.0073275837164882285
3.41,-0.5290408545063053,-0.520150768540984,-0.00889008596532137
3.42,-0.5077507821327075,-0.49850349717745707,-0.009247284955250457
3.43,-0.48722084038924696,-0.4788669204505961,-0.008353919938650867
3.44,-0.46830520561504013,-0.46220725651903616,-0.006097949096003974
3.45,-0.4521957120069754,-0.4493314092097107,-0.002864302797264684
3.46,-0.4391394295536083,-0.44086515960702033,0.0017257300534120334
3.47,-0.42965839217018503,-0.4372364255266535,0.00757803335646845
3.48,-0.42472790585696624,-0.4386643062132936,0.013936400356327372
3.49,-0.42382792935993696,-0.44515449045337385,0.02132656109343689
3.5,-0.4270198057413803,-0.4565014324399239,0.029481626698543595
3.5100000000000002,-0.43477215188046775,-0.47229749517645964,0.037525343295991886
3.52,-0.446041920325979,-0.49194903183757094,0.045907111511591936
3.5300000000000002,-0.4604426659267001,-0.5146991289057065,0.05425646297900638
3.54,-0.47778637131843354,-0.53965648012988,0.061870108811446445
3.5500000000000003,-0.49689562971407797,-0.5658296075780912,0.06893397786401323
3.56,-0.5170920175214271,-0.5921654061621829,0.07507338864075586
3.5700000000000003,-0.5375804153064522,-0.6175907721119377,0.08001035680548552
3.58,-0.5574735504270479,-0.6410558947900318,0.08358234436298384
3.59,-0.5760555712630586,-0.6615776549830286,0.08552208371996994
3.6,-0.5921785298104886,-0.6782814900566922,0.08610296024620367
3.61,-0.605574132134713,-0.6904400639945574,0.08486593185984437
3.62,-0.6157612611789511,-0.6975071229818146,0.08174586180286347
3.63,-0.6216370111532005,-0.6991450269179214,0.07750801576472088
3.64,-0.623670494511714,-0.6952446233043976,0.07157412879268366
3.65,-0.6218079068610602,-0.685936368706235,0.06412846184517473
3.66,-0.6154197080947714,-0.6715918978718135,0.05617218977704208
3.67,-0.6055570680748638,-0.6528155823090244,0.04725851423416061
3.68,-0.5926309340407047,-0.6304259968723054,0.03779506283160072
3.69,-0.5767969624867163,-0.6054276108633383,0.028630648376621992
3.7,-0.5592872140962277,-0.5789734238765575,0.019686209780329755
3.71,-0.5408554857992369,-0.5523196597643738,0.011464173965136881
3.72,-0.522431913837358,-0.5267739980070898,0.004342084169731808
3.73,-0.5049753127087538,-0.5036391442237478,-0.0013361684850060618
3.74,-0.4892906516383492,-0.4841538054678562,-0.005136846170493037
3.75,-0.4767445272558722,-0.4694333280637273,-0.0073111991921449015
3.7600000000000002,-0.4676324542894189,-0.460412365272072,-0.007220089017346887
3.77,-0.4624488387812466,-0.45779196126495547,-0.004656877516291125
3.7800000000000002,-0.46241141886558224,-0.46199336243709166,-0.00041805642849057634
3.79,-0.46696400280245587,-0.47312069644237714,0.0061566936399212735
3.8000000000000003,-0.4759880113974787,-0.490934396895093,0.01494638549761429
3.81,-0.4898991179088553,-0.5148369046896834,0.02493778678082803
3.8200000000000003,-0.5073870369719155,-0.5438717563684686,0.03648471939655318
3.83,-0.527603658049698,-0.5767366902782338,0.04913303222853582
3.84,-0.5496687655101541,-0.61181087966022,0.062142114150065875
3.85,-0.5719016138008717,-0.647195857816335,0.07529424401546336
3.86,-0.5928705563639236,-0.6807691550923076,0.08789859872838401
3.87,-0.6102662223920696,-0.7102491422938777,0.09998291990180808
3.88,-0.6226156867047729,-0.7332690917790948,0.11065340507432198
3.89,-0.6283040319254682,-0.7474580462277598,0.11915401430229156
3.9,-0.6239226132658504,-0.7505257443976349,0.12660313113178445
3.91,-0.608817753572277,-0.740348608691935,0.131530855119658
3.92,-0.5817440580151834,-0.7150536632703907,0.1333096052552073
3.93,-0.538945192629183,-0.6730972318765817,0.1341520392473987
3.94,-0.48104437533496314,-0.6133353652005535,0.1322909898655904
3.95,-0.4077001236505037,-0.5350831674098189,0.1273830437593152
3.96,-0.3157960223363433,-0.4381605246612985,0.12236450232495522
3.97,-0.20737921986088437,-0.32292217452585725,0.11554295466497289
3.98,-0.08333999135175181,-0.190270579602208,0.10693058825045619
3.99,0.05785569920572446,-0.04165066268266055,0.09950636188838502
4.0,0.212977474628871,0.12097389691745425,0.09200357771141676
4.01,0.3799234736008547,0.29516243969397565,0.08476103390687906
4.0200000000000005,0.5580401552352859,0.4780561431111777,0.07998401212410822
4.03,0.7435117193218507,0.6664522085346544,0.0770595107871963
4.04,0.9334336098005485,0.8568911590585008,0.07654245074204769
4.05,1.1249059255043523,1.04575447613818,0.07915144936617224
4.0600000000000005,1.3143469647664316,1.2293693850050362,0.08497757976139542
4.07,1.4987628130243944,1.4041172933600798,0.09464551966431456
4.08,1.6735489317414673,1.5665422078260394,0.10700672391542798
4.09,1.836193065606066,1.7134554063394107,0.12273765926665536
4.1,1.9844372356102133,1.8420327352362789,0.14240450037393448
4.11,2.112988500681608,1.9499011250927996,0.16308737558880826
4.12,2.2210349486215417,2.0352112720501374,0.1858236765714043
4.13,2.307746193427571,2.096693899026567,0.21105229440100404
4.14,2.368357896837519,2.133697577011638,0.23466031982588076
4.15,2.4040120475743287,2.146206729777982,0.25780531779634686
4.16,2.415642246598819,2.134839141980484,0.280803104618335
4.17,2.4000899870715187,2.1008230147276286,0.2992669723438901
4.18,2.360251224575489,2.0459543371546536,0.3142968874208356
4.19,2.2986809577142826,1.9725360400769845,0.32614491763729814
4.2,2.2144607784868957,1.8833010422266936,0.3311597362602021
4.21,2.11163018863179,1.7813218666738821,0.33030832195790794
4.22,1.9937635858048113,1.6699099735871474,0.32385361221766384
4.23,1.8622018648620697,1.5525083080809041,0.3096935567811656
4.24,1.7212582989564915,1.432580785607729,0.28867751334876246
4.25,1.5746282120543802,1.3135025242409342,0.26112568781344603
4.26,1.425327559081276,1.198454580596134,0.22687297848514199
4.2700000000000005,1.2770323368752823,1.0903267567651838,0.18670558011009852
4.28,1.132623041134562,0.9916317274195651,0.14099131371499685
4.29,0.995792723423878,0.9044333020151911,0.09135942140868691
4.3,0.8688535042072025,0.8302911039902173,0.038562400216985204
4.3100000000000005,0.7531734458881608,0.7702233378417758,-0.01704989195361495
4.32,0.6520171452400648,0.724688649658207,-0.07267150441814219
4.33,0.5659636400291601,0.6935873925915511,-0.127623752562391
4.34,0.4946137338000445,0.67628191224382,-0.18166817844377547
4.3500000000000005,0.43991583953239083,0.6716347941722534,-0.23171895463986253
4.36,0.4007796932937973,0.6780633916308672,-0.27728369833706984
4.37,0.3752953906001565,0.6936083990060015,-0.318313008405845
4.38,0.3636694306560072,0.7160137748649164,-0.35234434420890914
4.39,0.36360047426489484,0.7428149640224303,-0.37921448975753547
4.4,0.37234684589140826,0.7714321320839637,-0.3990852861925554
4.41,0.38850091932975706,0.7992650153362201,-0.410764096006463
4.42,0.4092649967222631,0.8237860054771085,-0.4145210087548454
4.43,0.4319497999626774,0.8426282294159029,-0.41067842945322547
4.44,0.45413341568348736,0.8536656414143416,-0.3995322257308543
4.45,0.47329657405624315,0.8550825060232806,-0.3817859319670375
4.46,0.487617023361252,0.8454300996648716,-0.3578130763036196
4.47,0.49451122732317054,0.8236689773105003,-0.3291577499873297
4.48,0.4923731059357034,0.7891957172436528,-0.2968226113079494
4.49,0.4807481879208703,0.7418536487372631,-0.2611054608163928
4.5,0.45771666451316684,0.681927661536367,-0.22421099702320013
4.51,0.4229295803816749,0.6101237697198011,-0.1871941893381262
4.5200000000000005,0.37734954422553957,0.5275346345880145,-0.15018509036247496
4.53,0.3202689269261639,0.4355927226346415,-0.11532379570847762
4.54,0.2525842696596305,0.3360131692362557,-0.08342889957662519
4.55,0.17628205106119413,0.23072872371759984,-0.05444667265640571
4.5600000000000005,0.09199506709169948,0.12181935806453198,-0.0298242909728325
4.57,0.0015309502889008508,0.011439225022225646,-0.009908274733324795
4.58,-0.09278902369899658,-0.09825634892569912,0.005467325226702541
4.59,-0.18928412007005604,-0.20518125062517312,0.015897130555117073
4.6000000000000005,-0.2857779637331983,-0.3073839555583216,0.021605991825123294
4.61,-0.3803679586578288,-0.4031057749397943,0.02273781628196553
4.62,-0.47090819108362186,-0.4908302020069951,0.019922010923373257
4.63,-0.5554434546570559,-0.5693219814387103,0.013878526781654354
4.64,-0.633069326703426,-0.637654957728862,0.004585631025436077
4.65,-0.7018389956033234,-0.6952282075375725,-0.006610788065750883
4.66,-0.7604961662128797,-0.7417704094985744,-0.01872575671430532
4.67,-0.8093710174791947,-0.7773328353898677,-0.03203818208932696
4.68,-0.8472478324624366,-0.8022717431111065,-0.04497608935133013
4.69,-0.8738183619186248,-0.8172213007160368,-0.056597061202588006
4.7,-0.8904906438028882,-0.8230584604883413,-0.06743218331454692
4.71,-0.8970291603783185,-0.8208614242619939,-0.07616773611632455
4.72,-0.8940488062926385,-0.8118634905070093,-0.08218531578562915
4.73,-0.883562731143675,-0.7974041479466143,-0.08615858319706071
4.74,-0.86623598670553,-0.7788792805918562,-0.08735670611367385
4.75,-0.8433395959759765,-0.7576922789714549,-0.08564731700452166
4.76,-0.8168741749840251,-0.7352077185398448,-0.08166645644418036
4.7700000000000005,-0.7880596815391442,-0.7127090775480716,-0.07535060399107263
4.78,-0.7584082960267827,-0.6913617336031118,-0.06704656242367091
4.79,-0.7293492382146929,-0.6721822124872333,-0.057167025727459575
4.8,-0.7021854148060298,-0.6560143769849541,-0.04617103782107568
4.8100000000000005,-0.6782328944453742,-0.6435129499888094,-0.03471994445656479
4.82,-0.6580182616120934,-0.6351344770952345,-0.022883784516858907
4.83,-0.6424929394392027,-0.6311355603840099,-0.011357379055192851
4.84,-0.6324378019552097,-0.6315779468545945,-0.0008598551006152588
4.8500000000000005,-0.6274561610682697,-0.6363398401144804,0.00888367904621068
4.86,-0.6278840179310338,-0.6451326284650548,0.017248610534021047
4.87,-0.6338093722106686,-0.6575220904965343,0.02371271828586574
4.88,-0.6441800261516679,-0.672953052534766,0.028773026383098088
4.89,-0.6586863786403346,-0.69077643055547,0.032090051915135365
4.9,-0.6767740472853192,-0.7102775903558779,0.033503543070558695
4.91,-0.6971801353866256,-0.7307050000320737,0.03352486464544813
4.92,-0.7191345237083343,-0.7512982229611082,0.03216369925277385
4.93,-0.7416671925066539,-0.7713144013147418,0.02964720880808791
4.94,-0.763769011331698,-0.7900525027754256,0.026283491443727658
4.95,-0.784524899988815,-0.8068747394619402,0.022349839473125188
4.96,-0.802875289518866,-0.8212247110881996,0.018349421569333613
4.97,-0.8183993551212838,-0.8326419675087985,0.014242612387514675
4.98,-0.830366644329112,-0.8407728232234132,0.010406178894301177
4.99,-0.8379559755910255,-0.8453773832644715,0.007421407673446012
5.0,-0.8414440515454604,-0.8463328524561735,0.004888800910713087
5.01,-0.8405209611703099,-0.8436332958039687,0.0031123346336587865
5.0200000000000005,-0.8348431656833153,-0.8373860954780138,0.0025429297946985008
5.03,-0.8252525612563861,-0.827805409385994,0.0025528481296078764
5.04,-0.8119356928903307,-0.8152029786265845,0.003267285736253789
5.05,-0.7951168489239034,-0.7999766579722809,0.004859809048377461
5.0600000000000005,-0.7758901081366901,-0.7825970573864718,0.006706949249781657
5.07,-0.7548452273074272,-0.7635926862626543,0.008747458955227105
5.08,-0.7326985284538001,-0.7435339885454374,0.010835460091637272
5.09,-0.7104150767471016,-0.7230166489978624,0.012601572250760862
5.1000000000000005,-0.6887698367610954,-0.7026445411156839,0.013874704354588485
5.11,-0.6687572458832186,-0.6830126775164559,0.014255431633237281
5.12,-0.6508894577943284,-0.6646905153264417,0.013801057532113359
5.13,-0.6358626420133461,-0.648205962657892,0.012343320644545908
5.14,-0.6246601754110163,-0.6340304274226093,0.009370252011593028
5.15,-0.6171744147248283,-0.622565245414427,0.00539083068959878
5.16,-0.6137989034737298,-0.614129819099681,0.0003309156259512225
5.17,-0.6152221034905304,-0.6089517896557758,-0.006270313834754626
5.18,-0.6207529979538448,-0.6071595499526004,-0.013593448001244401
5.19,-0.6303664801773768,-0.6087773827515126,-0.021589097425864234
5.2,-0.6442555649967545,-0.6137234739322006,-0.0305320910645539
5.21,-0.6613684311623839,-0.6218110029862005,-0.03955742817618335
5.22,-0.6812842237355129,-0.6327524509151281,-0.04853177282038479
5.23,-0.7036398820417132,-0.6461671884647396,-0.0574726935769736
5.24,-0.7273591855161484,-0.6615923157402053,-0.06576686977594315
5.25,-0.7517755857964821,-0.6784966192188603,-0.07327896657762178
5.26,-0.7760704910415377,-0.6962973966847937,-0.07977309435674396
5.2700000000000005,-0.7994886541683363,-0.7143797784474349,-0.08510887572090131
5.28,-0.8213457574770986,-0.7321180491701343,-0.08922770830696425
5.29,-0.8406087418827551,-0.7488983543480615,-0.09171038753469363
5.3,-0.8570902217332838,-0.7641420651443555,-0.0929481565889283
5.3100000000000005,-0.8703217544946528,-0.7773289814140953,-0.09299277308055742
5.32,-0.8793767485809304,-0.7880194817621635,-0.09135726681876688
5.33,-0.8847038453166787,-0.7958746874281082,-0.08882915788857049
5.34,-0.8862147450241286,-0.8006736989266767,-0.08554104609745183
5.3500000000000005,-0.8834002593049332,-0.8023269948264474,-0.08107326447848573
5.36,-0.8772044279042289,-0.800885153504607,-0.07631927439962194
5.37,-0.8679566103096985,-0.7965421721457886,-0.07141443816390991
5.38,-0.8557657080360808,-0.7896328117238574,-0.06613289631222341
5.39,-0.8417529597952398,-0.780623589266511,-0.0611293705287288
5.4,-0.8265534728394371,-0.7700972643686629,-0.05645620847077426
5.41,-0.8108986584969503,-0.7587309187550947,-0.05216773974185562
5.42,-0.7956800879762961,-0.747267996992596,-0.04841209098370003
5.43,-0.7815985898274395,-0.7364849530288884,-0.04511363679855107
5.44,-0.7697705919963536,-0.727153419788906,-0.04261717220744754
5.45,-0.7604901531083321,-0.7199990756207314,-0.040491077487600724
5.46,-0.7542195701458335,-0.7156586098238386,-0.038560960321994964
5.47,-0.7519971207632411,-0.7146363780604974,-0.0373607427027437
5.48,-0.7533251921579006,-0.7172624763294502,-0.03606271582845044
5.49,-0.758160349757491,-0.7236540400254524,-0.03450630973203861
5.5,-0.7668372549376735,-0.7336815850522737,-0.03315566988539986
5.51,-0.7781733653465261,-0.7469421460495987,-0.031231219296927404
5.5200000000000005,-0.791452085876217,-0.7627408303546264,-0.028711255521590595
5.53,-0.8057509479546378,-0.7800821961813686,-0.025668751773269105
5.54,-0.8195609969579023,-0.7976725836396992,-0.021888413318203126
5.55,-0.8315225276691287,-0.8139341847396528,-0.017588342929475864
5.5600000000000005,-0.8391735570649468,-0.8270312435292175,-0.012142313535729254
5.57,-0.8412167250512254,-0.8349083427957973,-0.006308382255428069
5.58,-0.835916298322723,-0.835340274416664,-0.0005760239060589312
5.59,-0.8193973178624953,-0.8259925233323602,0.006595205469864918
5.6000000000000005,-0.7911752076862835,-0.8044909382416688,0.013315730555385374
5.61,-0.7496051145828853,-0.7684987339236432,0.01889361934075795
5.62,-0.6899834911680063,-0.7157985887280175,0.025815097560011213
5.63,-0.6131437851245302,-0.6443772833277907,0.03123349820326049
5.64,-0.5180930234702017,-0.5525100885840398,0.03441706511383813
5.65,-0.400262731278225,-0.43884196412641674,0.03857923284819176
5.66,-0.26205756277822706,-0.30246258469005133,0.04040502191182427
5.67,-0.10363474453502129,-0.14297227444678212,0.03933752991176083
5.68,0.07829902263082567,0.03946389738061931,0.038835125250206354
5.69,0.27987752013387834,0.24407632553612327,0.035801194597755076
5.7,0.4995249849579956,0.4694674661157287,0.030057518842266873
5.71,0.7382282715114796,0.7136064329942583,0.02462183851722133
5.72,0.9911619660906767,0.9738426543699291,0.017319311720747632
5.73,1.255419936715472,1.2469390421104225,0.008480894605049416
5.74,1.5290548659065433,1.5291244799288088,-6.96140222655739e-05
5.75,1.8071083968428936,1.8161647740941709,-0.009056377251277281
5.76,2.0858275273156437,2.1034505562174424,-0.017623028901798676
5.7700000000000005,2.3603252180662464,2.3861000058106807,-0.025774787744434313
5.78,2.626499718590561,2.659073694365562,-0.032573975775000985
5.79,2.8805549944628344,2.9172983646811277,-0.036743370218293325
5.8,3.115350887214671,3.155796068733413,-0.04044518151874188
5.8100000000000005,3.3285755261027723,3.3698148109521435,-0.04123928484937123
5.82,3.5173318358834975,3.554956693879401,-0.037624857995903316
5.83,3.6734912932516033,3.707299547905235,-0.033808254653631575
5.84,3.7971822731116034,3.8235081493377345,-0.02632587622613114
5.8500000000000005,3.8872393471414646,3.9009313896617086,-0.01369204252024403
5.86,3.9361074496660016,3.9376821466129814,-0.00157469694697987
5.87,3.9465472680557303,3.932697112927941,0.01385015512778942
5.88,3.919603752038508,3.885774445125258,0.03382930691324981
5.89,3.849774583030541,3.7975877823239825,0.05218680070655868
5.9,3.742111284904847,3.669675930581847,0.07243535432299986
5.91,3.5998271373429014,3.5044082858749928,0.09541885146790863
5.92,3.420494132423749,3.3049268515494536,0.11556728087429535
5.93,3.210629812867695,3.0750664663627854,0.13556334650490953
5.94,2.9750221597845354,2.819255570230411,0.15576658955412448
5.95,2.7146180912433064,2.5424004712544903,0.17221761998881613
5.96,2.4362619895925293,2.249756616884567,0.1865053727079622
5.97,2.1452972807121222,1.9467907949155547,0.1985064857965675
5.98,1.8455532636800653,1.6390384814091197,0.20651478227094566
5.99,1.5429970537910402,1.3319607021974864,0.21103635159355383
6.0,1.2423385924556123,1.0308047771791782,0.2115338152764341
6.01,0.9491473441234872,0.7404731722371046,0.2086741718863826
6.0200000000000005,0.6675132846580825,0.4654043976910083,0.20210888696707419
6.03,0.40047097249039565,0.20946947521268644,0.1910014972777092
6.04,0.15385810941671496,-0.024113037763220595,0.17797114717993556
6.05,-0.07068650256607391,-0.23284110665876878,0.1621546040926949
6.0600000000000005,-0.2724133821537339,-0.4149707055389467,0.14255732338521282
6.07,-0.4466144283352125,-0.5695338267492372,0.12291939841402477
6.08,-0.5941319694875521,-0.696332885904845,0.1022009164172929
6.09,-0.7165123599808257,-0.7959121635882361,0.07939980360741039
6.1000000000000005,-0.8111313443478473,-0.8695076632363058,0.05837631888845851
6.11,-0.880812580674238,-0.9189774457588936,0.038164865084655664
6.12,-0.9288151320232214,-0.9467151024528307,0.017899970429609335
6.13,-0.9548811799526128,-0.9555495289653992,0.0006683490127864511
6.140000000000001,-0.9629277214756564,-0.9486345484911503,-0.014293172984506164
6.15,-0.9569276407989711,-0.9293321905305958,-0.027595450268375288
6.16,-0.9385766840502063,-0.9010935556328207,-0.03748312841738566
6.17,-0.9118395568285497,-0.8673411847541795,-0.04449837207437013
6.18,-0.8802867211045963,-0.831356707275814,-0.04893001382878226
6.19,-0.8466388508417035,-0.7961772721318293,-0.05046157870987422
6.2,-0.8139639670806453,-0.7645038840408601,-0.04946008303978522
6.21,-0.7845240232241015,-0.7386242874406782,-0.04589973578342332
6.22,-0.7609404159054208,-0.720352483464153,-0.04058793244126779
6.23,-0.7447619976064355,-0.7109863515887181,-0.03377564601771732
6.24,-0.7365020977672267,-0.7112842003752748,-0.025217897391951904
6.25,-0.7377197169577904,-0.7214604145469814,-0.016259302410808973
6.26,-0.7482718524043954,-0.7411997218427264,-0.007072130561668999
6.2700000000000005,-0.7670551643346685,-0.7696889947955682,0.002633830460899711
6.28,-0.7940463333231171,-0.8056649501043526,0.011618616781235436
6.29,-0.8276942812650299,-0.8474756292504783,0.019781347985448394
6.3,-0.8659094619834505,-0.8931531529369727,0.027243690953522193
6.3100000000000005,-0.9071345470774175,-0.9404949496397751,0.033360402562357616
6.32,-0.9490405326685546,-0.9871504719878684,0.038109939319313835
6.33,-0.9894550757932934,-1.0307103367049593,0.04125526091166587
6.34,-1.0258424586213604,-1.0687948533021225,0.042952394680762174
6.3500000000000005,-1.0558803918972637,-1.0991390386165225,0.04325864671925883
6.36,-1.0781882896820565,-1.119671440132791,0.041483150450734474
6.37,-1.0900996119527313,-1.128584399212378,0.03848478725964677
6.38,-1.0900192248819065,-1.124393761776105,0.03437453689419856
6.390000000000001,-1.0779244190331678,-1.1059864726183728,0.02806205358520497
6.4,-1.051866326876904,-1.0726549531327843,0.020788626255880294
6.41,-1.011447066214012,-1.0241176430221335,0.012670576808121448
6.42,-0.9580906620439907,-0.9605255669323443,0.0024349048883535174
6.43,-0.8911466134495732,-0.8824552500833108,-0.008691363366262417
6.44,-0.8115279667629794,-0.7908887374702093,-0.020639229292770178
6.45,-0.7217087680708855,-0.6871818555987225,-0.034526912472162996
6.46,-0.6224874855843212,-0.5730221828570417,-0.04946530272727956
6.47,-0.515842667368067,-0.4503784560215149,-0.06546421134655217
6.48,-0.4045640036163745,-0.3214433303795658,-0.08312067323680872
6.49,-0.29060727044419,-0.18857152677268185,-0.10203574367150814
6.5,-0.1765065536727385,-0.05421544060628963,-0.12229111306644885
6.51,-0.06454406795668338,0.07913974167193938,-0.14368380962862276
6.5200000000000005,0.042771561564045824,0.20903946873506682,-0.166267907171021
6.53,0.14296591729548025,0.33311999764763983,-0.19015408035215958
6.54,0.2349121351187946,0.44916372279823225,-0.21425158767943764
6.55,0.31624912821159445,0.5551483126059912,-0.23889918439439672
6.5600000000000005,0.3851071961992768,0.649288578108035,-0.2641813819087582
6.57,0.44179522145730776,0.7300702866318204,-0.2882750651745126
6.58,0.4846703494852195,0.7962754287797807,-0.31160507929456127
6.59,0.5128013276955057,0.8469987373047434,-0.3341974096092377
6.6000000000000005,0.5277838054361425,0.8816555324844864,-0.3538717270483439
6.61,0.5289747030234073,0.8999812219185642,-0.3710065188951569
6.62,0.5164344382070019,0.902023006365003,-0.38558856815800113
6.63,0.4925474634588958,0.8881245320480765,-0.39557706858918074
6.640000000000001,0.45761580693450116,0.8589043802602653,-0.4012885733257641
6.65,0.41248197212264626,0.8152293952288974,-0.4027474231062511
6.66,0.3596585151355831,0.758183920941686,-0.39852540580610285
6.67,0.30007119228629664,0.6890360482518528,-0.3889648559655562
6.68,0.23496560089087526,0.6092019677537864,-0.3742363668629112
6.69,0.16638115832716827,0.5202094853582494,-0.35382832703108114
6.7,0.09542937403608281,0.42366169075110777,-0.32823231671502495
6.71,0.02334672283610607,0.32120167909413855,-0.2978549562580325
6.72,-0.04866183149530506,0.2144791188075955,-0.2631409503029005
6.73,-0.11968321870247382,0.10511933847609597,-0.22480255717856978
6.74,-0.18880060089606346,-0.005304520947463276,-0.18349607994860018
6.75,-0.2556843403959871,-0.11529587159208028,-0.14038846880390682
6.76,-0.3198214084259168,-0.22345527186090522,-0.09636613656501156
6.7700000000000005,-0.3807313490928883,-0.3284970790176371,-0.05223427007525122
6.78,-0.4387194136516284,-0.429262105964991,-0.00945730768663744
6.79,-0.49364596331849253,-0.5247263296485328,0.0310803663300403
6.8,-0.5453674143472155,-0.614005789282268,0.06863837493505254
6.8100000000000005,-0.5944373853145625,-0.6963578907920243,0.10192050547746179
6.82,-0.6408805345225955,-0.7711793993977893,0.13029886487519382
6.83,-0.6846256982789398,-0.8380014554641418,0.15337575718520202
6.84,-0.7261174679482404,-0.8964819903396565,0.17036452239141608
6.8500000000000005,-0.7652653546313353,-0.9463959497978746,0.1811305951665393
6.86,-0.8017474329576181,-0.9876237538920015,0.18587632093438344
6.87,-0.835719165818744,-1.0201384345321205,0.18441926871337655
6.88,-0.8667563532463566,-1.0439918967666708,0.17723554352031423
6.890000000000001,-0.8940299623973877,-1.0593007473018676,0.16527078490447988
6.9,-0.9174710984910843,-1.06623212471089,0.14876102621980558
6.91,-0.93626398630197,-1.0649899503302644,0.1287259640282944
6.92,-0.9489871292848516,-1.055801997067984,0.10681486778313232
6.93,-0.9556222947458541,-1.0389081451459448,0.08328585040009062
6.94,-0.9550977737222809,-1.0145501589593822,0.05945238523710128
6.95,-0.9455347775984233,-0.9829632775304676,0.037428499932044335
6.96,-0.9273307042356284,-0.9443698623067998,0.0170391580711714
6.97,-0.8994439052242765,-0.8989752903164075,-0.0004686149078689805
6.98,-0.8598734167324938,-0.846966218198283,-0.01290719853421085
6.99,-0.8097282376948434,-0.7885112739654974,-0.021216963729346006
7.0,-0.7483330732518193,-0.7237641594919929,-0.024568913759826394
7.01,-0.6740157157687775,-0.6528690690222608,-0.021146646746516673
7.0200000000000005,-0.5886855819293353,-0.5759682492813243,-0.012717332648011004
7.03,-0.49230170324188144,-0.4932114471986234,0.0009097439567419818
7.04,-0.3839657214285481,-0.40476691437873913,0.020801192950191005
7.05,-0.26620198213724633,-0.31083356603252016,0.04463158389527383
7.0600000000000005,-0.13970898772489967,-0.21165382904649074,0.07194484132159107
7.07,-0.00467915257488951,-0.10752666215342187,0.10284750957853236
7.08,0.13618051771658266,0.0011798064189959068,0.13500071129758676
7.09,0.28152847429252875,0.11401659937191282,0.16751187492061592
7.1000000000000005,0.42997987140509225,0.2304437465491923,0.19953612485589994
7.11,0.5792118620704124,0.3498222365311082,0.2293896255393042
7.12,0.7275104519202443,0.47140858392808527,0.25610186799215906
7.13,0.8724398569164089,0.5943524722225442,0.27808738469386474
7.140000000000001,1.0126043767080506,0.7176978511208191,0.2949065255872315
7.15,1.1462816913094906,0.8403877677448722,0.3058939235646184
7.16,1.2703331633895474,0.961273095150062,0.3090600682394854
7.17,1.3846572760924345,1.0791251929509131,0.30553208314152136
7.18,1.4878768120028598,1.1926523973438654,0.2952244146589944
7.19,1.5766179817871648,1.300520096197858,0.2760978855893068
7.2,1.6521663183652808,1.4013740042302316,0.2507923141350492
7.21,1.7137395256329502,1.4938661189222309,0.2198734067107193
7.22,1.7582062945455248,1.5766827151047367,0.18152357944078812
7.23,1.7880407576523782,1.6485736302138365,0.13946712743854173
7.24,1.8031477261212885,1.7083820078117797,0.09476571830950875
7.25,1.8010253377146284,1.7550736081954978,0.04595172951913051
7.26,1.7849097154511986,1.7877647650517057,-0.002855049600507087
7.2700000000000005,1.7553239981562905,1.8057480684552953,-0.050424070299004864
7.28,1.7106262794067013,1.8085148882189912,-0.09788860881228989
7.29,1.6542773994099806,1.795773917656808,-0.1414965182468273
7.3,1.5872192060151225,1.767465014949688,-0.18024580893456554
7.3100000000000005,1.5087585676627393,1.7237677449985007,-0.21500917733576141
7.32,1.4220314658961124,1.6651041752515885,-0.2430727093554761
7.33,1.328164097784038,1.592135649783912,-0.263971551999874
7.34,1.2273286501131357,1.505753451271841,-0.27842480115870516
7.3500000000000005,1.1219369325061024,1.4070634541466396,-0.2851265216405372
7.36,1.0130989734520066,1.297365067351528,-0.2842660938995214
7.37,0.9015898681125984,1.178124954792643,-0.27653508668004445
7.38,0.7889643852265781,1.0509461988401128,-0.2619818136135347
7.390000000000001,0.6761439255063122,0.9175337305037404,-0.24138980499742824
7.4,0.5642269318759161,0.779656983164505,-0.21543005128858894
7.41,0.45394342170931434,0.6391108297985875,-0.18516740808927312
7.42,0.34593177163032146,0.49767593232980095,-0.1517441606994795
7.43,0.24137568289705583,0.35707966314022926,-0.11570398024317344
7.44,0.1403255556944647,0.21895875124166458,-0.07863319554719989
7.45,0.043116820041248394,0.08482475895439938,-0.041707938913150985
7.46,-0.049150835267505744,-0.04396658962266193,-0.005184245644843814
7.47,-0.1369099675879143,-0.16624132691726798,0.029331359329353685
7.48,-0.22009428474786097,-0.2810276567427452,0.060933371994884244
7.49,-0.2977876635766627,-0.38757029296371825,0.08978262938705556
7.5,-0.3707084193619078,-0.4853383468748627,0.11462992751295492
7.51,-0.43899690492222987,-0.5740265991796356,0.13502969425740574
7.5200000000000005,-0.5019632303517979,-0.6535502093979296,0.15158697904613172
7.53,-0.5604441550163407,-0.7240331308241958,0.16358897580785514
7.54,-0.6147147767109836,-0.7857907052240465,0.17107592851306286
7.55,-0.6643110444649938,-0.8393071010340385,0.1749960565690447
7.5600000000000005,-0.7100607735031798,-0.8852084252303389,0.17514765172715918
7.57,-0.7523024654495386,-0.924232476393958,0.1719300109444194
7.58,-0.7907627371765442,-0.957196209994094,0.16643347281754983
7.59,-0.826170331816632,-0.9849620529166357,0.15879172110000372
7.6000000000000005,-0.8588600485311589,-1.0084042304988086,0.14954418196764963
7.61,-0.8886835971750205,-1.0283762549271798,0.13969265775215922
7.62,-0.9162123069450392,-1.0456806693929754,0.12946836244793625
7.63,-0.9417180525407423,-1.061042049874258,0.11932399733351584
7.640000000000001,-0.9650890966955971,-1.0750841391719366,0.10999504247633951
7.65,-0.9867114134542047,-1.0883118304305612,0.10160041697635658
7.66,-1.0067510015390182,-1.1010985354466287,0.09434753390761053
7.67,-1.0250382484998606,-1.1136792730826481,0.08864102458278755
7.68,-1.0417798491034955,-1.12614960216533,0.08436975306183458
7.69,-1.0570219970032573,-1.138470308826106,0.08144831182284862
7.7,-1.070464218564853,-1.1504775479301275,0.0800133293652745
7.71,-1.0821778513563831,-1.161897939473538,0.07972008811715492
7.72,-1.0921154211678659,-1.1723679406393055,0.08025251947143963
7.73,-1.099823959204339,-1.1814566589721363,0.08163269976779719
7.74,-1.1053179226812706,-1.1886911473811392,0.08337322469986863
7.75,-1.108522882176323,-1.1935831318708756,0.0850602496945525
7.76,-1.1088820060084423,-1.1956560713004722,0.08677406529202991
7.7700000000000005,-1.106450083795796,-1.1944714370268907,0.08802135323109472
7.78,-1.1012165702038996,-1.1896531295736081,0.08843655936970851
7.79,-1.0926344116741729,-1.1809090186512008,0.08827460697702794
7.8,-1.080886574633979,-1.168048699737873,0.08716212510389387
7.8100000000000005,-1.0661087626450056,-1.150996701496255,0.08488793885124934
7.82,-1.0479075669923936,-1.1298005488535152,0.0818929818611216
7.83,-1.0266393649786676,-1.1046332808555936,0.07799391587692606
7.84,-1.0026211432728287,-1.0757902338115413,0.07316909053871257
7.8500000000000005,-0.9757303129160491,-1.0436801215077662,0.06794980859171718
7.86,-0.9464730472409761,-1.008810667712438,0.06233762047146185
7.87,-0.9153066215724056,-0.9717692639538589,0.056462642381453265
7.88,-0.8824104302510408,-0.9331993298715445,0.0507888996205037
7.890000000000001,-0.8483413826807591,-0.8937732368702631,0.04543185418950402
7.9,-0.8135778899152626,-0.8541628115033345,0.04058492158807192
7.91,-0.7785104397754428,-0.8150085569351176,0.03649811715967488
7.92,-0.743592937791549,-0.7768888139718457,0.033295876180296724
7.930000000000001,-0.7091604695017238,-0.7402901236996405,0.03112965419791669
7.94,-0.6756101577123754,-0.7055800492788344,0.029969891566459017
7.95,-0.6431311971402278,-0.6729836639287352,0.029852466788507392
7.96,-0.6117678867900321,-0.6425648161417292,0.03079692935169709
7.97,-0.5816654908179874,-0.6142131437858749,0.03254765296788753
7.98,-0.5526397355771492,-0.5876376296105053,0.03499789403335607
7.99,-0.524385251049713,-0.5623672768269146,0.037982025777201556
8.0,-0.4965796366742555,-0.5377592412877055,0.041179604613449994
8.01,-0.46866500840831893,-0.5130144938799964,0.0443494854716775
8.02,-0.44006776310254575,-0.48720081156958356,0.04713304846703781
8.03,-0.40992651441847877,-0.45928261726922365,0.049356102850744876
8.040000000000001,-0.3774473955819345,-0.4281569169527592,0.050709521370824684
8.05,-0.3420150270852374,-0.39269432690516554,0.050679299819928136
8.06,-0.30236883852032015,-0.3517839541839428,0.049415115663622666
8.07,-0.25774135437516504,-0.30438069823004604,0.046639343854881
8.08,-0.20779134385012096,-0.2495533892090806,0.04176204535895964
8.09,-0.15120813830372945,-0.18653207602252522,0.03532393771879577
8.1,-0.0875789390824463,-0.11475272949422706,0.027173790411780765
8.11,-0.01713536544925505,-0.033897637806771685,0.016762272357516636
8.120000000000001,0.06100726371541076,0.056070156258336515,0.004937107457074243
8.13,0.1466060206449146,0.15487989346287695,-0.008273872817962352
8.14,0.238700842403554,0.2619349370277669,-0.023234094624212887
8.15,0.3372927815596729,0.37630449175707414,-0.03901171019740124
8.16,0.44131188823554635,0.49672598912535415,-0.055414100889807805
8.17,0.5491562836580501,0.621618591050303,-0.0724623073922529
8.18,0.659668841165493,0.7491079027729748,-0.08943906160748183
8.19,0.7709910059343138,0.8770616052263502,-0.10607059929203644
8.2,0.8812362569856576,1.0031353321063212,-0.12189907512066367
8.21,0.9881243289822398,1.124827739874862,-0.13670341089262228
8.22,1.089284294481419,1.2395433636775566,-0.15025906919613763
8.23,1.1831058778099004,1.3446615319738566,-0.16155565416395623
8.24,1.2665679460712642,1.4376093401702754,-0.1710413940990112
8.25,1.33726078312009,1.5159364701264886,-0.17867568700639858
8.26,1.3944608858008585,1.577389497821581,-0.18292861202072253
8.27,1.435060170228866,1.6199832633865214,-0.18492309315765554
8.28,1.4571749839522088,1.642066891341832,-0.18489190738962313
8.290000000000001,1.4614294905624718,1.6423821466965325,-0.18095265613406064
8.3,1.4453792448412681,1.6201119940905688,-0.1747327492493007
8.31,1.4081752139925876,1.5749174888759845,-0.16674227488339688
8.32,1.35192110364179,1.5069614643706297,-0.15504036072883975
8.33,1.2754597540658759,1.4169178790032761,-0.1414581249374003
8.34,1.179280157926435,1.3059661385413495,-0.12668598061491454
8.35,1.0666756804873505,1.1757701975599677,-0.10909451707261719
8.36,0.9380734100817385,1.0284427544002146,-0.0903693443184761
8.370000000000001,0.7952938053045788,0.866495367360879,-0.07120156205630013
8.38,0.6421459332054877,0.6927758183298045,-0.050629885124316765
8.39,0.48050537103073815,0.5103945149859258,-0.029889143955187658
8.4,0.31318335625499405,0.32264213622229293,-0.00945877996729888
8.41,0.14361661302124754,0.1329010710166561,0.010715542004591433
8.42,-0.025409855695885268,-0.055446535923422635,0.030036680227537367
8.43,-0.1906970918119712,-0.23911114969647018,0.048414057884498984
8.44,-0.35002586189780505,-0.4149855742833897,0.06495971238558468
8.45,-0.50048248533915,-0.5802290401782556,0.07974655483910564
8.46,-0.6391913118530094,-0.7323427976983774,0.09315148584536803
8.47,-0.7656896434629312,-0.8692346217709319,0.10354497830800069
8.48,-0.8777135718963301,-0.9892699922145333,0.11155642031820312
8.49,-0.9733332971128165,-1.0913081603107917,0.11797486319797523
8.5,-1.0538963281275235,-1.1747218331215266,0.12082550499400302
8.51,-1.118319393644658,-1.239399783656826,0.12108039001216797
8.52,-1.1659717794266933,-1.2857323071163647,0.11976052768967138
8.53,-1.1995517159708993,-1.314580068584775,0.11502835261387578
8.540000000000001,-1.219277883512203,-1.3272275022484068,0.1079496187362039
8.55,-1.2257952813015134,-1.3253225027045963,0.0995272214030829
8.56,-1.2223224079072041,-1.3108046722706619,0.08848226436345774
8.57,-1.2100707959607613,-1.2858248330334714,0.07575403707271011
8.58,-1.190566666628811,-1.2526588599134818,0.06209219328467075
8.59,-1.1666184328819866,-1.2136191258003746,0.04700069291838793
8.6,-1.139820081027945,-1.1709669604534367,0.031146879425491658
8.61,-1.1119376634744833,-1.126829504564351,0.014891841089867741
8.620000000000001,-1.0846492294837853,-1.0831241873747341,-0.0015250421090511335
8.63,-1.0592535091456725,-1.041493773956822,-0.017759735188850545
8.64,-1.0370784101109176,-1.003254525343296,-0.03382388476762155
8.65,-1.0184011040625744,-0.9693595047707505,-0.049041599291823945
8.66,-1.0037344463179572,-0.9403784646019248,-0.0633559817160324
8.67,-0.9934858799496018,-0.9164950832039489,-0.0769907967456529
8.68,-0.9867909176935055,-0.8975216145502174,-0.08926930314328807
8.69,-0.9832538289458511,-0.882930293185552,-0.10032353576029907
8.700000000000001,-0.9822518000636905,-0.8719001322317992,-0.11035166783189132
8.71,-0.9824526408198341,-0.8633770911458778,-0.11907554967395628
8.72,-0.9828355083228327,-0.856145000690588,-0.12669050763224476
8.73,-0.9820659618422694,-0.8489041404919113,-0.13316182135035803
8.74,-0.9791584024775688,-0.8403539917358795,-0.13880441074168925
8.75,-0.9730350182120894,-0.8292764517756831,-0.14375856643640628
8.76,-0.9623013453918321,-0.8146157112931544,-0.14768563409867774
8.77,-0.9469368122441054,-0.7955510650140296,-0.1513857472300758
8.78,-0.9264209700648302,-0.771559154430994,-0.15486181563383616
8.790000000000001,-0.9000561099394907,-0.7424625197776282,-0.15759359016186247
8.8,-0.8689382421394257,-0.7084618565552063,-0.1604763855842194
8.81,-0.8334984397224394,-0.6701500112191283,-0.1633484285033111
8.82,-0.7943046453070258,-0.6285064877929395,-0.16579815751408633
8.83,-0.7531585738665314,-0.5848720442652856,-0.1682865296012458
8.84,-0.7114260790899666,-0.5409038031994058,-0.1705222758905608
8.85,-0.6710607831728626,-0.49851215129477305,-0.1725486318780895
8.86,-0.633727297443959,-0.4597815229443109,-0.17394577449964804
8.870000000000001,-0.6012628515621371,-0.42687791878586506,-0.17438493277627204
8.88,-0.5765462610189768,-0.40194666931746115,-0.17459959170151562
8.89,-0.5601540841181263,-0.3870044864667235,-0.1731495976514028
8.9,-0.5536279479629737,-0.3838302276462506,-0.16979772031672308
8.91,-0.5597922036613299,-0.39385900790739536,-0.1659331957539345
8.92,-0.5774832876533075,-0.4180843234023127,-0.15939896425099476
8.93,-0.6071552941608498,-0.45697268768136123,-0.15018260647948856
8.94,-0.6503379286021382,-0.510394933109617,-0.1399429954925212
8.950000000000001,-0.7041128066958307,-0.5775778022115612,-0.12653500448426946
8.96,-0.7673461661840703,-0.6570787647714947,-0.11026740141257552
8.97,-0.8391651900867856,-0.7467861696288364,-0.09237902045794921
8.98,-0.9156497292141151,-0.8439459049788697,-0.07170382423524546
8.99,-0.9941059515665488,-0.9452147322816156,-0.04889121928493323
9.0,-1.0706935174450793,-1.0467394149552796,-0.02395410248979979
9.01,-1.1418596019652845,-1.1442597244760093,0.002400122510724856
9.02,-1.203967315911697,-1.233232414554473,0.029265098642776044
9.03,-1.250479039976937,-1.3089723489416174,0.05849330896468041
9.040000000000001,-1.2797851127590032,-1.366806187726687,0.08702107496768385
9.05,-1.2883614517002047,-1.4022334141364592,0.11387196243625453
9.06,-1.268141188453174,-1.4110890466301758,0.14294785817700184
9.07,-1.220695624047537,-1.389702150502102,0.16900652645456504
9.08,-1.1437857229834483,-1.3350442524772097,0.19125852949376143
9.09,-1.0296664589621847,-1.2448619757136152,0.21519551675143056
9.1,-0.8834922145914349,-1.1177886472519838,0.2342964326605489
9.11,-0.7052070843500764,-0.9534302725848719,0.2482231882347955
9.120000000000001,-0.4894686245264833,-0.7524221016007149,0.26295347707423156
9.13,-0.24431197020374834,-0.516452997976927,0.27214102777317867
9.14,0.027909729918462856,-0.2482559348205664,0.27616566473902926
9.15,0.32817900075534423,0.04843586766445477,0.27974313309088944
9.16,0.6475306228232375,0.36896641588845785,0.2785642069347796
9.17,0.9814823074277943,0.7078660592018111,0.2736162482259832
9.18,1.3260538714275014,1.0589891132821538,0.2670647581453476
9.19,1.6734178775413586,1.415675788752535,0.25774208878882354
9.200000000000001,2.0180077414090154,1.770933299169028,0.2470744422399873
9.21,2.351582541583574,2.1176302773815388,0.2339522642020353
9.22,2.6693415801490445,2.448698093099501,0.22064348704954373
9.23,2.966074675147546,2.7573323595206616,0.2087423156268846
9.24,3.2310877741807094,3.03718785656348,0.19389991761722936
9.25,3.4638180473710674,3.2825602866584913,0.18125776071257604
9.26,3.660814136269518,3.488548710664688,0.17226542560482994
9.27,3.8113283953272803,3.6511931712856347,0.1601352240416456
9.28,3.9192418414335557,3.767582875438876,0.15165896599467965
9.290000000000001,3.9837980177448378,3.8359313434168465,0.14786667432799128
9.3,3.9965055534740097,3.8556161025883857,0.140889450885624
9.31,3.9648459097575266,3.827181762733119,0.13766414702440777
9.32,3.890941430179519,3.7523066111911647,0.13863481898835417
9.33,3.770144288581872,3.633734159444892,0.13641012913697992
9.34,3.6118894068405494,3.4751723093597606,0.13671709748078875
9.35,3.4205613862401902,3.281163940112331,0.13939744612785931
9.36,3.1958321226293283,3.0569337028912846,0.13889841973804362
9.370000000000001,2.9470953237650774,2.8082166125976245,0.13887871116745298
9.38,2.679785155941446,2.5410746140605096,0.13871054188093623
9.39,2.397224257527936,2.2617076532252485,0.13551660430268742
9.4,2.106949308735404,1.9762658891456435,0.1306834195897606
9.41,1.8140212109045595,1.6906695379725227,0.12335167293203675
9.42,1.5239096197496578,1.4104424528694102,0.1134671668802476
9.43,1.2411004829932037,1.1405649308299142,0.10053555216328958
9.44,0.9690846051978211,0.8853504244728526,0.08373418072496852
9.450000000000001,0.7136731030415123,0.6483498575700584,0.06532324547145396
9.46,0.4759685772086979,0.43228613722965076,0.04368243997904714
9.47,0.2572614201391564,0.23902026798298448,0.018241152156171947
9.48,0.06216450612212994,0.06954925110811268,-0.0073847449859827385
9.49,-0.11109264586569652,-0.07596525504012916,-0.03512739082556736
9.5,-0.26334751801216266,-0.19813968352368477,-0.06520783448847789
9.51,-0.3920431466681091,-0.2982859249113728,-0.09375722175673629
9.52,-0.5007181961396039,-0.37830741204564133,-0.12241078409396255
9.53,-0.591664520071872,-0.4405787365823272,-0.15108578348954477
9.540000000000001,-0.6644130669035854,-0.48781411612736086,-0.1765989507762245
9.55,-0.7229557146477592,-0.5229303129097035,-0.20002540173805572
9.56,-0.7700539800134216,-0.5489096554343438,-0.22114432457907784
9.57,-0.8066800223392461,-0.5686686350422974,-0.2380113872969487
9.58,-0.8361478861534812,-0.5849371508059222,-0.251210735347559
9.59,-0.8607566559111863,-0.6001528786680267,-0.26060377724315964
9.6,-0.8819475860751402,-0.6163744721738202,-0.26557311390132
9.61,-0.9016947263993275,-0.6352163973195578,-0.26647832907976965
9.620000000000001,-0.9212594304193422,-0.6578072030082733,-0.2634522274110689
9.63,-0.9416648231090129,-0.6847719749824198,-0.2568928481265931
9.64,-0.9634537119046068,-0.7162386602181359,-0.24721505168647095
9.65,-0.986771920398373,-0.7518669257179957,-0.2349049946803773
9.66,-1.0117338198816974,-0.7908972734065042,-0.22083654647519324
9.67,-1.0378399795071571,-0.8322173104671744,-0.20562266903998272
9.68,-1.06448079574072,-0.8744414054616335,-0.19003939027908656
9.69,-1.0908767226947966,-0.9159994715061233,-0.17487725118867337
9.700000000000001,-1.1161242963629663,-0.9552303272024437,-0.16089396916052257
9.71,-1.1394376644001154,-0.9904750037375496,-0.1489626606625658
9.72,-1.1595520887213184,-1.0201654932868096,-0.13938659543450882
9.73,-1.175768680305131,-1.0429047612237008,-0.13286391908143025
9.74,-1.187645412455512,-1.057534355654172,-0.13011105680133994
9.75,-1.193972778679339,-1.0631866176063312,-0.1307861610730079
9.76,-1.1946087611951202,-1.0593192922368435,-0.13528946895827665
9.77,-1.189696062519056,-1.045731228765139,-0.143964833753917
9.78,-1.1784642780958965,-1.0225587939249154,-0.15590548417098105
9.790000000000001,-1.1613233847044082,-0.9902535680294021,-0.1710698166750061
9.8,-1.1388885745087935,-0.9495428017287335,-0.18934577278006004
9.81,-1.110868566460932,-0.9013749444378812,-0.20949362202305066
9.82,-1.0779133183034835,-0.846853275038943,-0.23106004326454044
9.83,-1.040741232043271,-0.7871612397882991,-0.25357999225497185
9.84,-0.9992283822755373,-0.7234835059101489,-0.27574487636538847
9.85,-0.9538174099143,-0.6569269542920694,-0.2968904556222306
9.86,-0.9049212317158816,-0.5884458515671793,-0.31647538014870225
9.870000000000001,-0.852090763647491,-0.5187752600061613,-0.3333155036413298
9.88,-0.7952018986610654,-0.4483763711800782,-0.34682552748098716
9.89,-0.7341527166127707,-0.37739690284421173,-0.35675581376855897
9.9,-0.66776857528994,-0.3056490021771328,-0.36211957311280724
9.91,-0.5952753178132357,-0.2326062832561068,-0.36266903455712896
9.92,-0.5161955413918007,-0.15742072860448927,-0.3587748127873114
9.93,-0.4285740934643473,-0.0789592436549947,-0.34961484980935265
9.94,-0.33126104806220646,0.0041412891500552775,-0.33540233721226176
9.950000000000001,-0.22387702716462698,0.09340251118490374,-0.3172795383495307
9.96,-0.10409506904086897,0.190419518098467,-0.294514587139336
9.97,0.02903742531535103,0.2967657967166815,-0.2677283714013305
9.98,0.1751789265710375,0.4138922973880439,-0.2387133708170064
9.99,0.3362352033142157,0.5430251475417985,-0.20678994422758284
10.0,0.5122726044639512,0.6850666955801207,-0.1727940911161695
10.01,0.7017443894506782,0.8405045544327475,-0.13876016498206933
10.02,0.905217686838588,1.0093330901423987,-0.10411540330381064
10.03,1.1213152417201544,1.1909913804582122,-0.06967613873805778
10.040000000000001,1.3472145785721454,1.3843210677676432,-0.03710648919549775
10.05,1.5814511060154874,1.5875467737304894,-0.006095667715001918
10.06,1.8210062994284046,1.798280860378618,0.022725439049786633
10.07,2.0622678971700927,2.0135533503546377,0.04871454681545506
10.08,2.3015769004835533,2.2298667974559905,0.07171010302756287
10.09,2.534564464575541,2.4432748700427913,0.09128959453274987
10.1,2.75780586351383,2.649482416931932,0.10832344658189808
10.11,2.9659570343158466,2.8439638695702083,0.12199316474563826
10.120000000000001,3.1540583938598554,3.0220960339105334,0.13196235994932204
10.13,3.3200703636508324,3.1793006741785135,0.14076968947231894
10.14,3.458057978094524,3.3111918161934706,0.14686616190105362
10.15,3.5635274819847527,3.4137224204465735,0.14980506153817919
10.16,3.636847900467614,3.4833250070145647,0.15352289345304948
10.17,3.6728746639070167,3.517040959306523,0.15583370460049384
10.18,3.6686561108843185,3.512633586601716,0.15602252428260233
10.19,3.6274373456364866,3.468680572857524,0.1587567727789625
10.200000000000001,3.546120381393616,3.3846421599654755,0.1614782214281405
10.21,3.4240897735355103,3.2609022791345694,0.16318749440094082
10.22,3.26714941447412,3.098780820206335,0.16836859426778528
10.23,3.0749913269920084,2.9005162769035886,0.1744750500884198
10.24,2.8496129993288086,2.66921908495859,0.18039391437021868
10.25,2.598291882090074,2.4087970373623047,0.18949484472776934
10.26,2.3235098351544754,2.12385517490011,0.19965466025436518
10.27,2.0295406596947423,1.8195734713340608,0.2099671883606815
10.28,1.7235534225553908,1.501566425654543,0.2219869969008479
10.290000000000001,1.4100798705394384,1.175729308716951,0.23435056182248748
10.3,1.0947950030792215,0.8480762648039151,0.24671873827530644
10.31,0.783125675763026,0.5245757241486589,0.2585499516143671
10.32,0.4804086312168158,0.21098863217399455,0.26941999904282127
10.33,0.19253200433027945,-0.08728515464367091,0.2798171589739504
10.34,-0.07803029103261985,-0.3653473094146805,0.2873170183820607
10.35,-0.3265029201194246,-0.6189238492492422,0.29242092912981754
10.36,-0.5479750464664177,-0.8444665528836897,0.29649150641727195
10.370000000000001,-0.7433642245061851,-1.0392300321505938,0.29586580764440873
10.38,-0.9095427274944068,-1.2013224244290646,0.2917796969346578
10.39,-1.0434652878906843,-1.3297286480762032,0.2862633601855189
10.4,-1.1489977639529818,-1.4243061574031957,0.27530839345021385
10.41,-1.2251771552960384,-1.4857541092511768,0.26057695395513836
10.42,-1.2711996301950372,-1.5155577723417915,0.24435814214675422
10.43,-1.2927164604120664,-1.5159108389839746,0.22319437857190816
10.44,-1.2907877038900628,-1.4896190063727595,0.19883130248269665
10.450000000000001,-1.2666566193709692,-1.4399887570249243,0.17333213765395517
10.46,-1.2262505889472297,-1.3707056666091755,0.14445507766194576
10.47,-1.1719755892886388,-1.2857067912551063,0.11373120196646758
10.48,-1.1064624118411057,-1.1890517313521392,0.08258931951103343
10.49,-1.03451432368661,-1.0847968381489586,0.05028251446234866
10.5,-0.9589477643102771,-0.9768767333976723,0.017928969087395275
10.51,-0.8828843901913427,-0.868996867525135,-0.01388752266620763
10.52,-0.8090985483013348,-0.7645402705987292,-0.044558277702605564
10.53,-0.7399476708281046,-0.6664909794461377,-0.07345669138196698
10.540000000000001,-0.6781856508244254,-0.5773758837492451,-0.1008097670751803
10.55,-0.6243456435127064,-0.49922595579108564,-0.12511968772162074
10.56,-0.579780740395891,-0.4335570454070716,-0.14622369498881943
10.57,-0.5462915265706425,-0.38136966540203615,-0.16492186116860635
10.58,-0.5226096182143259,-0.34316649296598034,-0.1794431252483456
10.59,-0.5089751943295543,-0.3189856958853428,-0.18998949844421148
10.6,-0.5060481799676303,-0.308447680722016,-0.1976004992456143
10.61,-0.5116080476971481,-0.31081247061309963,-0.20079557708404844
10.620000000000001,-0.5250572537186124,-0.32504466422647793,-0.20001258949213452
10.63,-0.5461106909290778,-0.3498828099742905,-0.19622788095478733
10.64,-0.5725138992921927,-0.38391005006126405,-0.1886038492309286
10.65,-0.6033129711330117,-0.4256230407043439,-0.17768993042866782
10.66,-0.637718398661143,-0.4734964258949646,-0.1642219727661784
10.67,-0.6741175293235755,-0.5260405156731531,-0.14807701365042236
10.68,-0.7116668817151447,-0.5818502754949831,-0.12981660622016156
10.69,-0.7495550818788104,-0.6396442475294546,-0.10991083434935578
10.700000000000001,-0.7870687609412089,-0.6982925725288314,-0.08877618841237755
10.71,-0.8237510853511553,-0.7568338366255872,-0.06691724872556803
10.72,-0.8591014241071364,-0.8144810059491046,-0.04462041815803186
10.73,-0.8931509970182768,-0.8706172099273498,-0.022533787090927015
10.74,-0.925844803536233,-0.9247825707999141,-0.001062232736318891
10.75,-0.9570629815518493,-0.9766536349726195,0.019590653420770154
10.76,-0.9871768225569578,-1.0260172283014575,0.03884040574449965
10.77,-1.016335636559667,-1.0727407237317106,0.05640508717204362
10.78,-1.0446100962380709,-1.1167407723176503,0.07213067607957946
10.790000000000001,-1.0722934353420317,-1.1579525087589095,0.08565907341687784
10.8,-1.0994613719059019,-1.1963011061245779,0.09683973421867598
10.81,-1.1260339893211624,-1.231677331562041,0.10564334224087868
10.82,-1.1520014525560265,-1.2639184593336166,0.11191700677759009
10.83,-1.1771591688367546,-1.2927955462396354,0.1156363774028808
10.84,-1.2009536388436817,-1.3180076861874555,0.11705404734377378
10.85,-1.2231346676695904,-1.3391834553069895,0.11604878763739901
10.86,-1.2431862404460001,-1.3558893567354422,0.11270311628944207
10.870000000000001,-1.2599367211584058,-1.3676446943850058,0.10770797322659997
10.88,-1.2731976096530306,-1.3739419654236957,0.1007443557706651
10.89,-1.2823020488691463,-1.3742715771835103,0.091969528314364
10.9,-1.2855822747892012,-1.368149478039102,0.08256720324990074
10.91,-1.2832915498948816,-1.3551461521926305,0.07185460229774887
10.92,-1.274890953949515,-1.3349153700996335,0.06002441615011844
10.93,-1.2585862099364873,-1.3072211103139981,0.04863490037751084
10.94,-1.2353315442661927,-1.2719611717090342,0.036629627442841484
10.950000000000001,-1.2049738547252828,-1.2291861705322706,0.024212315806987794
10.96,-1.166127483251073,-1.1791128544628562,0.012985371211783114
10.97,-1.120400081278631,-1.1221309529062977,0.001730871627666719
10.98,-1.0681710688000308,-1.0588031042482522,-0.009367964551778574
10.99,-1.0089285247192947,-0.9898577404370204,-0.019070784282274378
11.0,-0.9446059773450518,-0.9161751502819151,-0.02843082706313671
11.01,-0.8760824890331832,-0.8387672687232831,-0.03731522030990009
11.02,-0.8038956294733275,-0.7587520345786097,-0.04514359489471775
11.03,-0.729848324959676,-0.6773234101833806,-0.052524914776295395
11.040000000000001,-0.655086287468489,-0.5957183515808427,-0.05936793588764622
11.05,-0.5810481211023399,-0.5151821489869057,-0.06586597211543421
11.06,-0.5089512727354328,-0.4369336188872448,-0.07201765384818803
11.07,-0.43987043423096944,-0.3621316194315456,-0.07773881479942385
11.08,-0.37573242767053905,-0.2918442813173116,-0.08388814635322744
11.09,-0.31687462967979274,-0.22702220193572775,-0.08985242774406499
11.1,-0.2639860767403043,-0.1684766490238385,-0.09550942771646578
11.11,-0.21896172196733135,-0.11686357185583016,-0.1020981501115012
11.120000000000001,-0.18122146350436671,-0.0726739355891185,-0.10854752791524822
11.13,-0.15089442817148638,-0.03623059166852952,-0.11466383650295686
11.14,-0.129405051520989,-0.007691588851223553,-0.12171346266976545
11.15,-0.11547772474535588,0.012940469829878643,-0.1284181945752345
11.16,-0.10870711363575246,0.025803694904921022,-0.1345108085406735
11.17,-0.10983485083478077,0.03115771391380503,-0.1409925647485858
11.18,-0.11728252407016068,0.029361114392122002,-0.14664363846228268
11.19,-0.1303137842194121,0.020846767914797736,-0.1511605521342098
11.200000000000001,-0.14904789203857796,0.006096352876471009,-0.15514424491504897
11.21,-0.1720243609114469,-0.014384594518808842,-0.15763976639263808
11.22,-0.19846516409923992,-0.04008982405752309,-0.15837534004171683
11.23,-0.2281348646894695,-0.07053254674444179,-0.15760231794502771
11.24,-0.25999711955085336,-0.10526164699425723,-0.15473547255659614
11.25,-0.2934842918715949,-0.1438731530693785,-0.1496111388022164
11.26,-0.3283357878517946,-0.18601643914963784,-0.1423193487021568
11.27,-0.3640397464020828,-0.23139490881677677,-0.13264483758530604
11.28,-0.40035108049078444,-0.2797611973642356,-0.12058988312654884
11.290000000000001,-0.4372129743014714,-0.33090721574662785,-0.10630575855484353
11.3,-0.4745220223539003,-0.384649628934795,-0.0898723934191053
11.31,-0.5122884602252665,-0.4408116035345776,-0.07147685669068893
11.32,-0.5506758344653464,-0.49920186272442135,-0.05147397174092505
11.33,-0.589726393915492,-0.55959224168131,-0.03013415223418192
11.34,-0.6294991920197769,-0.6216950367438615,-0.007804155275915381
11.35,-0.6701673042318128,-0.6851414821678684,0.0149741779360556
11.36,-0.7116295631694769,-0.7494626677010293,0.03783310453155242
11.370000000000001,-0.7537514509204958,-0.8140741292937426,0.060322678373246785
11.38,-0.7963655402041608,-0.8782652076586241,0.08189966745446331
11.39,-0.839037735676712,-0.9411940811161715,0.1021563454394595
11.4,-0.8812859114901432,-1.0018891483768264,0.12060323688668317
11.41,-0.9222699656714166,-1.0592571735167067,0.13698720784529006
11.42,-0.9612188208873076,-1.112098320602424,0.15087949971511638
11.43,-0.9973304575518767,-1.1591279111942696,0.16179745364239295
11.44,-1.0289421954616,-1.1990044465538694,0.17006225109226936
11.450000000000001,-1.055143910464855,-1.2303631597879374,0.17521924932308242
11.46,-1.0750451711602915,-1.2518541125988774,0.17680894143858583
11.47,-1.0863001007715753,-1.2621836367964065,0.1758835360248312
11.48,-1.0882020021392849,-1.260157750659722,0.17195574852043705
11.49,-1.0801444267690847,-1.2447260611223472,0.16458163435326245
11.5,-1.05953280932999,-1.2150245989465678,0.15549178961657772
11.51,-1.026239727301797,-1.1704160276743383,0.14417630037254137
11.52,-0.9803272881633578,-1.1105257180257615,0.1301984298624037
11.53,-0.9195793950444195,-1.0352722852040794,0.11569289015965989
11.540000000000001,-0.8447292625062407,-0.944891342860526,0.10016208035428531
11.55,-0.7567543082916566,-0.839951428081693,0.08319711979003641
11.56,-0.6544572854718564,-0.7213612890064508,0.06690400353459436
11.57,-0.5395152421277635,-0.5903679917450999,0.050852749617336435
11.58,-0.41381256649237924,-0.4485455865971751,0.03473302010479584
11.59,-0.2776261529876998,-0.2977743652301472,0.020148212242447394
11.6,-0.1334141076075308,-0.14021103061061624,0.006796923003085431
11.61,0.01633623043494678,0.021749619401787438,-0.005413388966840658
11.620000000000001,0.16975658564968454,0.18552063451978668,-0.015764048870102132
11.63,0.3239949350320628,0.3483753883857433,-0.024380453353680498
11.64,0.4765060283905618,0.5075052987370874,-0.03099927034652561
11.65,0.624109664945055,0.6600813424601198,-0.035971677515064804
11.66,0.7640875704240737,0.8033178004890634,-0.03923023006498971
11.67,0.8944857328524837,0.9345365962322789,-0.04005086337979524
11.68,1.0114338827928366,1.0512305654598335,-0.039796682666996874
11.69,1.1128936214568312,1.1511240146823707,-0.03823039322553945
11.700000000000001,1.1980760589263353,1.2322289870820433,-0.03415292815570803
11.71,1.2632338426951133,1.2928957570616244,-0.02966191436651111
11.72,1.3074452918253558,1.3318562126377957,-0.024410920812439896
11.73,1.331416670482861,1.3482589547423374,-0.016842284259476425
11.74,1.3323230778655202,1.341695139076356,-0.009372061210835891
11.75,1.3105851660407954,1.3122143042831704,-0.0016291382423749834
11.76,1.2683825808348017,1.2603296645544948,0.00805291628030691
11.77,1.2043978872139542,1.187012590082195,0.01738529713175918
11.78,1.120354889683534,1.0936762498695194,0.026678639814014637
11.790000000000001,1.0195174682849972,0.9821486433822474,0.03736882490274984
11.8,0.9023017223082579,0.8546354956575395,0.0476662266507184
11.81,0.7714349176066673,0.7136737303568583,0.05776118724980894
11.82,0.6305909039111154,0.5620764626526764,0.06851444125843897
11.83,0.4817342555105759,0.4028706647955569,0.07886359071501903
11.84,0.32809391867938664,0.23922884791962895,0.08886507075975769
11.85,0.1729534935542206,0.07439627046195728,0.09855722309226332
11.86,0.01928045215505047,-0.08838467702227958,0.10766512917733004
11.870000000000001,-0.12979981631588994,-0.24595115225925832,0.11615133594336838
11.88,-0.27212440347472877,-0.3952957739049648,0.12317137043023602
11.89,-0.40449048114890535,-0.5336398959576908,0.12914941480878545
11.9,-0.5244658168844387,-0.6585023757187571,0.13403655883431842
11.91,-0.6314852514062259,-0.7677620114669816,0.13627676006075573
11.92,-0.7229083864818818,-0.8597119142790036,0.1368035277971218
11.93,-0.7974520170096641,-0.9331042116408107,0.13565219463114664
11.94,-0.8562462131819967,-0.9871836588310398,0.13093744564904308
11.950000000000001,-0.8978419729686813,-1.021708956630946,0.12386698366226478
11.96,-0.9223304216545042,-1.036960838625104,0.11463041697059972
11.97,-0.9322180527320868,-1.033736294740387,0.10151824200830017
11.98,-0.9275479073932391,-1.0133286348123978,0.08578072741915865
11.99,-0.9097218669941796,-0.9774934604497107,0.06777159345553119
12.0,-0.8819528944357794,-0.9284009973793823,0.04644810294360291
12.01,-0.845667076257076,-0.8685756344889406,0.02290855823186455
12.02,-0.803217801750248,-0.800823909369894,-0.0023938923803540346
12.030000000000001,-0.7576602926187079,-0.7281525617424504,-0.029507730876257576
12.040000000000001,-0.7113043331628867,-0.6536786334237955,-0.05762569973909115
12.05,-0.6668515802484609,-0.5805339138890698,-0.08631766635939109
12.06,-0.6263580453003365,-0.5117663014683375,-0.114591743831999
12.07,-0.5922481399046176,-0.45024085991064033,-0.14200727999397722
12.08,-0.5668331893340862,-0.39854348759876757,-0.16828970173531865
12.09,-0.5505798133168537,-0.35889017287602715,-0.19168964044082654
12.1,-0.5451869270603393,-0.3330447765861003,-0.212142150474239
12.11,-0.5518545085127958,-0.3222481573865641,-0.22960635112623173
12.120000000000001,-0.5693040171125755,-0.32716123493390303,-0.24214278217867247
12.13,-0.5978294718127745,-0.34782427210279604,-0.2500051997099784
12.14,-0.6369882257127493,-0.38363425482251184,-0.2533539708902374
12.15,-0.6841196229008735,-0.43334176515542044,-0.250777857745453
12.16,-0.7378003747326978,-0.49506819154143367,-0.2427321831912641
12.17,-0.795759180740261,-0.5663435144774281,-0.22941566626283283
12.18,-0.854785292269374,-0.6441642638837943,-0.21062102838557972
12.19,-0.9119144451329312,-0.7250705859360463,-0.18684385919688484
12.200000000000001,-0.963304041421136,-0.8052407038153067,-0.15806333760582936
12.21,-1.0063054618277272,-0.8806004312513678,-0.1257050305763594
12.22,-1.0370727640809665,-0.9469448226804948,-0.09012794140047165
12.23,-1.0508977855641974,-1.000068541443501,-0.05082924412069634
12.24,-1.0467923544929785,-1.0359011183078024,-0.010891236185176068
12.25,-1.0210258236345056,-1.0506429749295885,0.02961715129508291
12.26,-0.9690713285459561,-1.0408979157153841,0.07182658716942802
12.27,-0.8923558545003293,-1.003797758031795,0.11144190353146566
12.280000000000001,-0.7883414292255585,-0.9371148814857839,0.14877345226022543
12.290000000000001,-0.6538585779603258,-0.8393587337455786,0.1855001557852528
12.3,-0.49288698115447815,-0.7098527295624374,0.21696574840795924
12.31,-0.3049343794910106,-0.5487885124491105,0.24385413295809993
12.32,-0.0892159065377829,-0.3572552008514344,0.26803929431365153
12.33,0.14834366979561667,-0.13724199373871368,0.28558566353433035
12.34,0.4058279578274886,0.10838665886543858,0.29744129896205
12.35,0.681038547713966,0.3759432335971649,0.3050953141168011
12.36,0.9673821711836449,0.6609956704394968,0.3063865007441481
12.370000000000001,1.260803871895272,0.9584703867248465,0.3023334851704256
12.38,1.5561565387746656,1.2627770362965427,0.29337950247812294
12.39,1.8478398330026975,1.5679515042783638,0.27988832872433367
12.4,2.1305294804637023,1.867812953032158,0.26271652743154417
12.41,2.396859785504037,2.156130189007428,0.24072959649660897
12.42,2.6438381347229596,2.4267922257332866,0.21704590898967302
12.43,2.8661254206295586,2.6739776926112473,0.19214772801831126
12.44,3.0554469229822403,2.8923176940957442,0.16312922888649606
12.450000000000001,3.2125218125384998,3.0770468645925924,0.13547494794590742
12.46,3.333295452495332,3.2241376895396057,0.10915776295572632
12.47,3.4101901365908045,3.330413664413771,0.07977647217703332
12.48,3.447871978561021,3.3936375259299223,0.054234452631098495
12.49,3.4445459553018334,3.412571592310561,0.03197436299127254
12.5,3.3948466029138045,3.3870081655006983,0.007838437413106192
12.51,3.3066209303355794,3.3177689461937536,-0.011148015858174265
12.52,3.1807004827737098,3.2066734575775047,-0.0259729748037949
12.530000000000001,3.0149659383061804,3.056477528550431,-0.04151159024425066
12.540000000000001,2.8188311894129154,2.870783913615915,-0.051952724202999345
12.55,2.5954065338568935,2.653928087056742,-0.05852155319984842
12.56,2.3460905422378104,2.4108431075937156,-0.06475256535590512
12.57,2.079814381355112,2.1469081741453175,-0.06709379279020533
12.58,1.8010146059168357,1.8677860557561374,-0.06677144983930172
12.59,1.5140368086050036,1.579254957221011,-0.0652181486160075
12.6,1.225403907038205,1.2870405610344446,-0.06163665399623963
12.61,0.9396181224566317,0.9966539580117031,-0.05703583555507141
12.620000000000001,0.6627157342882637,0.7132409429644385,-0.050525208676174826
12.63,0.3975498009938484,0.44144771570999836,-0.043897914716149955
12.64,0.1475098635009917,0.18530740662422826,-0.03779754312323655
12.65,-0.081257481337983,-0.05184893778145078,-0.02940854355653222
12.66,-0.28981762983767595,-0.2674541915135313,-0.02236343832414467
12.67,-0.4766321287663198,-0.45973810802019693,-0.01689402074612284
12.68,-0.6368827153965984,-0.6277307812567533,-0.009151934139845053
12.69,-0.7747478862063821,-0.7712370900271193,-0.003510796179262865
12.700000000000001,-0.8906317222290554,-0.8907836877485793,0.00015196551952390003
12.71,-0.9819113201580545,-0.9875411194067817,0.005629799248727196
12.72,-1.0543072599118484,-1.0632245666879698,0.008917306776121459
12.73,-1.1096230839510481,-1.1199775057538899,0.01035442180284174
12.74,-1.1474707041210064,-1.1602431795822,0.012772475461193533
12.75,-1.173305778812556,-1.18662921422529,0.013323435412734064
12.76,-1.1893771615779365,-1.2017709289838716,0.012393767405935119
12.77,-1.196760783301539,-1.2081988955330698,0.011438112231530795
12.780000000000001,-1.1991945593943716,-1.2082160899958703,0.009021530601498684
12.790000000000001,-1.1983763353820982,-1.2037895627478292,0.0054132273657310215
12.8,-1.1955314908098023,-1.196460939406914,0.0009294485971116373
12.81,-1.1920646433849178,-1.1872792866085102,-0.004785356776407568
12.82,-1.1884526369928208,-1.176758958041679,-0.011693678951141706
12.83,-1.1846693919279683,-1.1648640155858623,-0.019805376342105996
12.84,-1.1801996371428605,-1.1510197371194546,-0.02917990002340587
12.85,-1.1741393506989826,-1.134150619131493,-0.03998873156748961
12.86,-1.16440545627236,-1.1127432020321153,-0.05166225424024473
12.870000000000001,-1.1496573629743427,-1.08493103161895,-0.06472633135539274
12.88,-1.1280666195074172,-1.0485981616447408,-0.07946845786267631
12.89,-1.095614641068489,-1.0014968359221164,-0.09411780514637269
12.9,-1.051483188537623,-0.9413743944814649,-0.11010879405615814
12.91,-0.9938246482727887,-0.8661040508397875,-0.12772059743300124
12.92,-0.9177245888021062,-0.7738140026361793,-0.1439105861659269
12.93,-0.8239956470179607,-0.6630093735950021,-0.16098627342295857
12.94,-0.7117825290455272,-0.5326817401641619,-0.17910078888136527
12.950000000000001,-0.5768851716382177,-0.3824014617447849,-0.19448370989343283
12.96,-0.42221952011572667,-0.21238869135975919,-0.20983082875596748
12.97,-0.24864415667188236,-0.023559768441069752,-0.22508438823081262
12.98,-0.05428884801163462,0.1824533449666356,-0.2367421929782702
12.99,0.1561675001413372,0.40331186640542815,-0.24714436626409095
13.0,0.38002568647713836,0.6360074027281577,-0.25598171625101934
13.01,0.615790020469398,0.8769266117131221,-0.2611365912437241
13.02,0.858076461011015,1.1219412674547833,-0.2638648064437683
13.030000000000001,1.102911096748282,1.366520664371628,-0.26360956762334586
13.040000000000001,1.3453733358546331,1.6058623933423064,-0.26048905748767326
13.05,1.5808179947330259,1.8350367736635256,-0.2542187789304997
13.06,1.8051021073619218,2.0491396561117305,-0.24403754874980876
13.07,2.0108677336399334,2.243447948183434,-0.23258021454350075
13.08,2.1955814294969866,2.4135720673762138,-0.21799063787922712
13.09,2.356219334486106,2.5555996083395636,-0.19938027385345736
13.1,2.4847343864764024,2.6662248121980534,-0.18149042572165097
13.11,2.5815707457757586,2.742858939890049,-0.1612881941142903
13.120000000000001,2.6458548315265875,2.7837173562139834,-0.1378625246873959
13.13,2.6708152417253355,2.787880000123467,-0.11706475839813146
13.14,2.659955223772369,2.755322915880583,-0.09536769210821383
13.15,2.614959233392698,2.686919610038792,-0.07196037664609412
13.16,2.5318970931896767,2.5844121383499674,-0.05251504516029071
13.17,2.416593564107726,2.4503529701131415,-0.03375940600541538
13.18,2.2729150144537997,2.2880197805716254,-0.01510476611782563
13.19,2.100461734795117,2.101306341677247,-0.0008446068821301722
13.200000000000001,1.9060376830014076,1.8945935781229675,0.011444104878440164
13.21,1.6946384166371504,1.672605594105414,0.02203282253173633
13.22,1.469029354363957,1.440256028159858,0.028773326204099003
13.23,1.2354387121091974,1.2024904373188519,0.032948274790345566
13.24,0.99860378172392,0.9641305346882038,0.03447324703571619
13.25,0.7632101970622619,0.7297260019250364,0.03348419513722545
13.26,0.5335887062714825,0.5034192745300063,0.030169431741476127
13.27,0.31295484140798385,0.2888281665007497,0.024126674907234136
13.280000000000001,0.1062492809099519,0.0889504830596047,0.017298797850347186
13.290000000000001,-0.08482049856601188,-0.09390610551535256,0.009085606949340672
13.3,-0.2592857662259731,-0.2581666546893008,-0.0011191115366723237
13.31,-0.4134587714744712,-0.40300280913645725,-0.010455962338013935
13.32,-0.5482125380330498,-0.528317870023288,-0.019894668009761807
13.33,-0.6647880033842277,-0.6347041169583011,-0.03008388642592663
13.34,-0.7616086512467274,-0.7233745077724348,-0.03823414347429255
13.35,-0.8413792644850228,-0.7960718622548635,-0.04530740223015928
13.36,-0.9067970917264045,-0.8549594912599242,-0.05183760046648034
13.370000000000001,-0.9583657632758328,-0.9024979270686766,-0.055867836207156185
13.38,-0.9994368521341079,-0.9413129178424927,-0.05812393429161522
13.39,-1.032992053321325,-0.9740601492572047,-0.0589319040641203
13.4,-1.0607816054149615,-1.0032922390066465,-0.057489366408314924
13.41,-1.0855694761034997,-1.0313334125159652,-0.05423606358753452
13.42,-1.1094721008056538,-1.0601669173244719,-0.04930518348118196
13.43,-1.134220186915867,-1.091339684033173,-0.04288050288269396
13.44,-1.1610879626721826,-1.1258880161264246,-0.035199946545757976
13.450000000000001,-1.1906220882164418,-1.164287218921346,-0.026334869295095764
13.46,-1.2233448961044027,-1.2064270946139717,-0.016917801490430984
13.47,-1.2587317711627242,-1.2516141753890313,-0.007117595773692864
13.48,-1.2957516433167844,-1.2986004820354797,0.0028488387186953457
13.49,-1.3330685029735208,-1.3456375246538874,0.012569021680366665
13.5,-1.3687082135288768,-1.3905532473203182,0.021845033791441315
13.51,-1.4007390670459303,-1.4308487000382808,0.030109632992350477
13.52,-1.4261036030575178,-1.4638104350235739,0.037706831966056065
13.530000000000001,-1.4422438648734983,-1.4866340009686698,0.044390136095171506
13.540000000000001,-1.4474203156613492,-1.4965534724533314,0.04913315679198216
13.55,-1.4377285583174475,-1.49097171859408,0.05324316027663256
13.56,-1.4111110149769877,-1.4675860936784901,0.05647507870150248
13.57,-1.3671013471407913,-1.4245044227712778,0.05740307563048641
13.58,-1.3022396474350646,-1.3603465485502215,0.05810690111515693
13.59,-1.2159149307846902,-1.274327285336226,0.05841235455153582
13.6,-1.109575450284907,-1.166317368491368,0.05674191820646102
13.61,-0.981444629008583,-1.0368798617925647,0.05543523278398177
13.620000000000001,-0.8328628842984064,-0.8872804566614978,0.054417572363091415
13.63,-0.6671247599659705,-0.719471126190926,0.052346366224955476
13.64,-0.48487760381641387,-0.5360476426131614,0.05117003879674753
13.65,-0.2893179152929593,-0.34018248763532644,0.05086457234236713
13.66,-0.08479675699359834,-0.1355356405783189,0.05073888358472056
13.67,0.12563516761171242,0.07385341799767757,0.05178174961403485
13.68,0.3375903944082842,0.28368843269251176,0.05390196171577244
13.69,0.5469200157186143,0.48954922188003885,0.05737079383857541
13.700000000000001,0.7489434384978407,0.6870296717320608,0.061913766765779976
13.71,0.9391126873193875,0.8718757275260097,0.06723695979337774
13.72,1.114782046925687,1.0401182658203183,0.07466378110536875
13.73,1.2708994236868574,1.1881959630295271,0.08270346065733025
13.74,1.4038413993088559,1.3130636973346732,0.09077770197418267
13.75,1.513361734282642,1.4122826134376598,0.10107912084498216
13.76,1.5953561337887634,1.4840887184075373,0.11126741538122609
13.77,1.6479469192821177,1.5274377311033793,0.12050918817873835
13.780000000000001,1.6734711412246908,1.5420248423346035,0.1314462988900873
13.790000000000001,1.6697274516299743,1.528279020033472,0.14144843159650233
13.8,1.6369128749484696,1.4873324738775895,0.1495804010708801
13.81,1.5793589080759953,1.4209668378404037,0.15839207023559165
13.82,1.4970803603908889,1.3315384996948751,0.16554186069601373
13.83,1.3921146737218502,1.221886269483126,0.1702284042387241
13.84,1.2696310319177286,1.095225204989089,0.1744058269286397
13.85,1.1314895565442513,0.9550308777305122,0.1764586788137391
13.86,0.9808730353390991,0.8049186510773452,0.17595438426175392
13.870000000000001,0.8224549958005394,0.6485226433345166,0.1739323524660228
13.88,0.6590788041407238,0.4893789612281325,0.16969984291259133
13.89,0.4941540231321506,0.33081751914823976,0.16333650398391086
13.9,0.33078279089401286,0.17586632007937453,0.15491647081463833
13.91,0.17178113108253146,0.027171485544106533,0.14460964553842492
13.92,0.019935273612399378,-0.11306438983493065,0.13299966344733002
13.93,-0.1237201521879926,-0.2431237875150432,0.11940363532705062
13.94,-0.25719687256809654,-0.36179480817516213,0.1045979356070656
13.950000000000001,-0.37886226209032,-0.46837068240024277,0.08950842030992279
13.96,-0.48956495156859403,-0.5626290904469085,0.07306413887831442
13.97,-0.5884906512122512,-0.6447929492967238,0.056302298084472624
13.98,-0.6752394203079897,-0.715475057199051,0.040235636891061355
13.99,-0.7518230074548246,-0.7756096037206655,0.023786596265840898
14.0,-0.8184431216081571,-0.8263740325215262,0.00793091091336906
14.01,-0.875587013378154,-0.8691050662917595,-0.006481947086394491
14.02,-0.9254956872193212,-0.9052128569240265,-0.02028283029529465
14.030000000000001,-0.9688696586556772,-0.9360972046891285,-0.03277245396654871
14.040000000000001,-1.0064823729329966,-0.9630696009158622,-0.04341277201713434
14.05,-1.04002550210693,-0.987284499611409,-0.05274100249552105
14.06,-1.0700891317414012,-1.0096827314596306,-0.06040640028177058
14.07,-1.0971246075149748,-1.030949361510532,-0.06617524600444269
14.08,-1.1219240757961224,-1.0514875873762453,-0.07043648841987715
14.09,-1.1445403634879103,-1.071409509364728,-0.07313085412318232
14.1,-1.1647250386340782,-1.0905438115762092,-0.074181227057869
14.11,-1.1825265997673988,-1.1084596083466942,-0.07406699142070461
14.120000000000001,-1.197387774944266,-1.1245049677701748,-0.07288280717409124
14.13,-1.2083560618573994,-1.1378579555667176,-0.07049810629068176
14.14,-1.2152612504992655,-1.1475874770973955,-0.06767377340186997
14.15,-1.2172231141371304,-1.152720757059806,-0.06450235707732443
14.16,-1.2129509926355284,-1.1523140039021587,-0.06063698873336976
14.17,-1.2026647545496723,-1.1455226714357407,-0.05714208311393154
14.18,-1.1856559543796734,-1.1316677587632038,-0.053988195616469614
14.19,-1.1608841551283615,-1.1102947796164548,-0.050589375511906676
14.200000000000001,-1.129342569568583,-1.0812223746384513,-0.048120194930131754
14.21,-1.0909573386530467,-1.0445780195525398,-0.046379319100506855
14.22,-1.0455106524810354,-1.0008188771048436,-0.044691775376191734
14.23,-0.9947244893721084,-0.9507365246949198,-0.043987964677188685
14.24,-0.9393681568615982,-0.8954450324212568,-0.04392312444034141
14.25,-0.8803617907324858,-0.8363526350043937,-0.04400915572809205
14.26,-0.819674025539199,-0.775118001724398,-0.04455602381480095
14.27,-0.758760926999532,-0.713592827471986,-0.04516809952754597
14.280000000000001,-0.6995863227041385,-0.6537531134066885,-0.04583320929744994
14.290000000000001,-0.6436344520805036,-0.5976220488537161,-0.04601240322678757
14.3,-0.5925737640980332,-0.5471878226786205,-0.045385941419412656
14.31,-0.5489054760831988,-0.5043199636465068,-0.044585512436692065
14.32,-0.5129596290925429,-0.470687922678365,-0.04227170641417788
14.33,-0.4860098473438362,-0.447685559776828,-0.038324287567008175
14.34,-0.47033187913740854,-0.436364986119722,-0.03396689301768652
14.35,-0.46479645068155273,-0.4373828458748099,-0.02741360480674282
14.36,-0.469788906370576,-0.4509616178374204,-0.01882728853315563
14.370000000000001,-0.4866030267197799,-0.47686789526208123,-0.009735131457698665
14.38,-0.5128780816771163,-0.5144088896421971,0.0015308079650807604
14.39,-0.5479375867228545,-0.562447631121234,0.01451004439837944
14.4,-0.5916205975733684,-0.6194365378691861,0.027815940295817687
14.41,-0.641052717988829,-0.683468233623657,0.04241551563482804
14.42,-0.694722182139273,-0.7523417410093846,0.05761955887011161
14.43,-0.7510131467314072,-0.8236415009073355,0.07262835417592828
14.44,-0.8074990036285539,-0.8948260946868464,0.0873270910582925
14.450000000000001,-0.8623790856210712,-0.9633231018463199,0.10094401622524862
14.46,-0.9130799435269179,-1.0266262303939766,0.1135462868670587
14.47,-0.9584695896242519,-1.08239072469055,0.1239211350662981
14.48,-0.9971144594180158,-1.12852309210247,0.13140863268445424
14.49,-1.0263207195380424,-1.1632613950804769,0.1369406755424345
14.5,-1.0466526673436227,-1.1852427213585115,0.13859005401488877
14.51,-1.0575526277209655,-1.1935549571151602,0.13600232939419477
14.52,-1.0570919001323213,-1.1877706250954483,0.13067872496312694
14.530000000000001,-1.0473183058387467,-1.167961285361902,0.12064297952315517
14.540000000000001,-1.0287108741313356,-1.1346917997202588,0.10598092558892325
14.55,-1.0007149088932656,-1.0889945981233355,0.0882796892300699
14.56,-0.966100299242817,-1.032324921097066,0.06622462185424893
14.57,-0.9261319076901622,-0.9664988109904173,0.040366903300255164
14.58,-0.8817217430292403,-0.8936163526118408,0.011894609582600468
14.59,-0.8353350037257101,-0.8159732894763837,-0.019361714249326423
14.6,-0.7884625985145367,-0.7359646385968982,-0.052497959917638504
14.61,-0.7429909474743421,-0.655984273068504,-0.08700667440583809
14.620000000000001,-0.7001936788570396,-0.578324622519039,-0.1218690563380006
14.63,-0.6611571766751094,-0.505080648736858,-0.15607652793825144
14.64,-0.6277688227754697,-0.43806208671721447,-0.18970673605825528
14.65,-0.5997687408944478,-0.3787176066832499,-0.22105113421119787
14.66,-0.5773411828225485,-0.3280740641780531,-0.2492671186444954
14.67,-0.561365232379363,-0.28669338350046264,-0.27467184887890034
14.68,-0.5503007569630343,-0.2546488906869587,-0.2956518662760756
14.69,-0.5432911092403837,-0.2315221066415993,-0.3117690025987844
14.700000000000001,-0.5395728685992575,-0.2164201628914904,-0.32315270570776705
14.71,-0.5370620647816053,-0.20801314763867368,-0.32904891714293166
14.72,-0.5341559023377975,-0.20458986443306976,-0.32956603790472777
14.73,-0.5284492518582624,-0.20412972479693092,-0.3243195270613315
14.74,-0.5182631799917571,-0.20438783162981514,-0.313875348361942
14.75,-0.5018774207823127,-0.20298977022033607,-0.29888765056197664
14.76,-0.4759017650602542,-0.1975322308502665,-0.2783695342099877
14.77,-0.43988250024449416,-0.18568535764080224,-0.2541971426036919
14.780000000000001,-0.39270958143766765,-0.16529266177574267,-0.22741691966192498
14.790000000000001,-0.3310947684051475,-0.1344644554285101,-0.1966303129766374
14.8,-0.256210468532193,-0.09166104999535672,-0.16454941853683624
14.81,-0.16810289163366926,-0.03576240570663479,-0.13234048592703446
14.82,-0.06471803720253899,0.033878500241060296,-0.09859653744359928
14.83,0.05130418743707782,0.1174006286597217,-0.06609644122264388
14.84,0.1786143672153906,0.21441942587439713,-0.035805058659006544
14.85,0.3172539162840165,0.32403141360401183,-0.006777497319995329
14.86,0.4637790927031843,0.4448384396762645,0.018940653026919774
14.870000000000001,0.6158580895990629,0.5749904007871469,0.040867688811915936
14.88,0.771359887205924,0.7122445001864444,0.059115387019479604
14.89,0.9269811602637619,0.8540384458318507,0.07294271443191114
14.9,1.0800883730645885,0.997574456166235,0.08251391689835352
14.91,1.2268724924970607,1.1399105438541117,0.08696194864294893
14.92,1.3650837473575732,1.2780553088473061,0.08702843851026709
14.93,1.4925842304475085,1.4090624002663943,0.08352183018111425
14.94,1.6048377332905104,1.5301209035560877,0.07471682973442273
14.950000000000001,1.7012409760489275,1.6386381694387555,0.06260280661017203
14.96,1.780781942795174,1.7323120113164694,0.04846993147870471
14.97,1.8392575089996632,1.8091897382342568,0.030067770765406454
14.98,1.877814889310883,1.867712135785221,0.010102753525661923
14.99,1.896817119715463,1.9067412272198918,-0.009924107504428736
15.0,1.8932065043310224,1.9255714080215274,-0.03236490369050493
15.01,1.8694995034149127,1.9239243140348468,-0.054424810619934094
15.02,1.827240080303679,1.9019285203970637,-0.07468844009338471
15.030000000000001,1.7648501456302448,1.860085841936881,-0.09523569630663631
15.040000000000001,1.6855149581321782,1.7992265842635666,-0.11371162613138841
15.05,1.5914321128404518,1.7204565517402073,-0.12902443889975546
15.06,1.482337671420173,1.625098932826126,-0.14276126140595302
15.07,1.3613280813274016,1.5146343404027447,-0.15330625907534312
15.08,1.2306268161855294,1.3906422774954967,-0.16001546130996736
15.09,1.090800812433418,1.2547471277807565,-0.1639463153473384
15.1,0.9443033980141627,1.1085714436321485,-0.1642680456179858
15.11,0.7929110980319849,0.9536988377997421,-0.16078773976775718
15.120000000000001,0.6375167553866847,0.7916482004236217,-0.154131445036937
15.13,0.47974498632999524,0.6238602889901296,-0.14411530266013434
15.14,0.32077629218716275,0.4516970075658502,-0.13092071537868744
15.15,0.16157819591847933,0.2764529387431709,-0.11487474282469157
15.16,0.003143509641888337,0.09937795417285161,-0.09623444453096328
15.17,-0.15375919811986255,-0.07829095596099171,-0.07546824215887084
15.18,-0.3079554140865772,-0.25529109292896296,-0.05266432115761421
15.19,-0.45864307738828763,-0.43029163819912825,-0.02835143918915939
15.200000000000001,-0.6051029970976878,-0.6018506972122448,-0.0032522998854429552
15.21,-0.7455161842435666,-0.7683752478932255,0.02285906364965895
15.22,-0.878821758087565,-0.9280874411740023,0.049265683086437306
15.23,-1.0040599136032267,-1.079000518274245,0.07494060467101837
15.24,-1.1182836580861448,-1.2189072509883316,0.10062359290218681
15.25,-1.2199577665119004,-1.345383289221095,0.12542552270919471
15.26,-1.3078973393171156,-1.4558071348720338,0.14790979555491823
15.27,-1.377829274136135,-1.5473976803842104,0.16956840624807534
15.280000000000001,-1.427918201559463,-1.6172693873558166,0.18935118579635368
15.290000000000001,-1.4571756839360264,-1.6625042736716624,0.20532858973563606
15.3,-1.4603464308158443,-1.68023896773616,0.21989253692031574
15.31,-1.4358633752166408,-1.6677642178495902,0.2319008426329494
15.32,-1.3836651540914,-1.6226334551466977,0.23896830105529765
15.33,-1.2984555654797683,-1.542776338827225,0.24432077334745683
15.34,-1.1797401628673843,-1.426612697310448,0.24687253444306378
15.35,-1.0291456277719961,-1.2731619471097335,0.24401631933773738
15.36,-0.8426752698409312,-1.0821429439340022,0.23946767409307101
15.370000000000001,-0.6216722068491332,-0.8540593105867433,0.23238710373761018
15.38,-0.36987887616359827,-0.5902655972344961,0.22038672107089785
15.39,-0.08593364243923554,-0.29301015556672594,0.2070765131274904
15.4,0.22655975730059152,0.03454866623502575,0.19201109106556577
15.41,0.5619525844047322,0.3883555005014832,0.17359708390324896
15.42,0.9181157305676152,0.763501559341438,0.15461417122617716
15.43,1.2893293030228936,1.1542991613981084,0.13503014162478522
15.44,1.668991714928644,1.5543862886946358,0.11460542623400816
15.450000000000001,2.0514788590590602,1.9568590645008772,0.09461979455818303
15.46,2.4297311377979,2.3544288725293536,0.07530226526854644
15.47,2.7977274445011653,2.7395997577083238,0.058127686792841526
15.48,3.1473152998071727,3.1048608061422365,0.042454493664936255
15.49,3.47137145868409,3.442887438820016,0.028484019864073673
15.5,3.7661581214271034,3.7467450057839478,0.01941311564315562
15.51,4.022734076327814,4.0100877622793965,0.01264631404841765
15.52,4.23538540238715,4.2273462638722155,0.008039138514934763
15.530000000000001,4.403995493236338,4.3938964412938,0.010099051942537685
15.540000000000001,4.520878655962029,4.506204104660258,0.014674551301771643
15.55,4.583009892149844,4.561939366643268,0.021070525506575954
15.56,4.594388970806072,4.560056440623134,0.03433253018293847
15.57,4.550341785798618,4.500835428715723,0.04950635708289486
15.58,4.451255315437822,4.385884023406323,0.06537129203149927
15.59,4.304652535484718,4.218098456239591,0.08655407924512648
15.6,4.109817277722959,4.001584483757536,0.10823279396542329
15.610000000000001,3.8704906024413375,3.74154064820869,0.12894995423264755
15.620000000000001,3.59612820594972,3.4441074317259965,0.15202077422372362
15.63,3.289834234949783,3.1161871829538437,0.17364705199593944
15.64,2.9578528312784536,2.7652407840296203,0.1926120472488333
15.65,2.6094034602260026,2.3990678992931507,0.21033556093285188
15.66,2.2502552789073382,2.0255782692319637,0.22467700967537452
15.67,1.8877226633867925,1.6525618578470325,0.23516080553976004
15.68,1.5286633329331316,1.2874657136074796,0.24119761932565198
15.69,1.1797220971734457,0.937185159805338,0.24253693736810766
15.700000000000001,0.8476470821481693,0.6078763975831386,0.2397706845650307
15.71,0.5354764894871615,0.304796803894406,0.23067968559275553
15.72,0.24887675316617255,0.0321781676820494,0.21669858548412316
15.73,-0.007373644852306224,-0.20686312925048453,0.19948948439817832
15.74,-0.23442675079417946,-0.41037636669430694,0.17594961590012748
15.75,-0.4289510031646041,-0.5775860377678746,0.14863503460327054
15.76,-0.5889407341938407,-0.7088610790979953,0.1199203449041546
15.77,-0.718948354527561,-0.8056456574239025,0.08669730289634148
15.780000000000001,-0.8184668404459396,-0.8703548061642318,0.05188796571829213
15.790000000000001,-0.8882773056123374,-0.9062394842626905,0.0179621786503531
15.8,-0.9346773137578781,-0.9172267216066992,-0.017450592151178945
15.81,-0.9595443299464267,-0.9077413780702448,-0.05180295187618189
15.82,-0.9657152151900404,-0.8825166436591373,-0.08319857153090315
15.83,-0.959272612857661,-0.8464007228904433,-0.11287188996721764
15.84,-0.9433557201932015,-0.8041671665478858,-0.13918855364531568
15.85,-0.9216421231016518,-0.7603360394552756,-0.16130608364637622
15.860000000000001,-0.89836614351946,-0.7190125569716327,-0.1793535865478273
15.870000000000001,-0.8765761199541795,-0.6837490099821044,-0.19282710997207508
15.88,-0.8594857789927053,-0.6574347630303471,-0.2020510159623582
15.89,-0.8486615304195997,-0.6422178965878361,-0.20644363383176356
15.9,-0.8459667447465997,-0.6394607230191842,-0.2065060217274155
15.91,-0.8531603206429207,-0.6497299922575017,-0.20343032838541897
15.92,-0.8693175674050184,-0.6728211758517046,-0.19649639155331378
15.93,-0.8946318377864835,-0.7078148353925491,-0.1868170023939344
15.94,-0.9290152543447038,-0.7531617996484274,-0.17585345469627633
15.950000000000001,-0.9700546600502771,-0.8067927457822188,-0.16326191426805825
15.96,-1.0164965723508665,-0.8662468488393713,-0.15024972351149524
15.97,-1.0666932670643678,-0.9288134668424024,-0.13787980022196544
15.98,-1.1181259315075271,-0.9916803928508409,-0.12644553865668628
15.99,-1.1688573905451467,-1.0520820457515014,-0.11677534479364526
16.0,-1.2164997467107939,-1.107441092197648,-0.10905865451314578
16.01,-1.2596445224761939,-1.155497385148525,-0.10414713732766878
16.02,-1.2966205983077872,-1.1944187506666721,-0.10220184764111506
16.03,-1.3253339642419608,-1.222889024337002,-0.10244493990495873
16.04,-1.3460910529928096,-1.240169793048862,-0.10592125994394763
16.05,-1.3582300017709787,-1.2461334906312043,-0.11209651113977448
16.06,-1.3608189398331005,-1.2412667751788213,-0.1195521646542792
16.07,-1.355688549803647,-1.2266444268254364,-0.12904412297821066
16.080000000000002,-1.3434409638309406,-1.2038752912656223,-0.13956567256531827
16.09,-1.3246971364699451,-1.1750230020185057,-0.1496741344514394
16.1,-1.3019589078323368,-1.1425052925335233,-0.15945361529881352
16.11,-1.2767880852057814,-1.1089766129137995,-0.1678114722919819
16.12,-1.2511345442052326,-1.0771994581734243,-0.1739350860318083
16.13,-1.2270406164802288,-1.0499102677196646,-0.17713034876056422
16.14,-1.2063192619095968,-1.029685951723481,-0.17663331018611572
16.15,-1.1914945003966289,-1.0188170328458304,-0.1726774675507985
16.16,-1.1832203070319378,-1.0191930663276938,-0.16402724070424402
16.17,-1.1827555349780845,-1.032205433622784,-0.15055010135530056
16.18,-1.1921867620125048,-1.0586718206894743,-0.13351494132303054
16.19,-1.210437802422683,-1.0987857269593653,-0.11165207546331768
16.2,-1.2376436624227618,-1.152093247560901,-0.08555041486186088
16.21,-1.2745527023713232,-1.217498177922181,-0.057054524449142274
16.22,-1.3187472790472956,-1.293295258257653,-0.025452020789642704
16.23,-1.3691300982158563,-1.3772301587939562,0.008100060578099866
16.240000000000002,-1.4246525644171488,-1.4665836570481228,0.04193109263097394
16.25,-1.482525285582932,-1.5582764249499585,0.07575113936702649
16.26,-1.5408066970575387,-1.6489899697137116,0.10818327265617289
16.27,-1.5968115575700201,-1.735298594590857,0.13848703702083687
16.28,-1.6485497770871662,-1.8138067918011234,0.16525701471395715
16.29,-1.6939582145735266,-1.8812862680756373,0.18732805350211068
16.3,-1.7294531492889582,-1.9348068408837307,0.20535369159477246
16.31,-1.7547569994431027,-1.971855727323896,0.2170987278807932
16.32,-1.768454082656849,-1.9904402640587846,0.2219861814019357
16.330000000000002,-1.7671319404220025,-1.9891698218918044,0.22203788146980186
16.34,-1.7525212866212112,-1.9673135801372161,0.21479229351600493
16.35,-1.7243715401682331,-1.9248318639882085,0.20046032381997536
16.36,-1.680477865958947,-1.8623798772048743,0.1819020112459273
16.37,-1.6241359739012649,-1.7812838335879293,0.15714785968666445
16.38,-1.5563358902740219,-1.6834906533649192,0.12715476309089735
16.39,-1.4767293791135712,-1.5714934949958965,0.09476411588232536
16.4,-1.389155780038715,-1.4482363920584669,0.05908061201975179
16.41,-1.2954620133441246,-1.31700211670368,0.021540103359555474
16.42,-1.1972129447698974,-1.1812880602243512,-0.015924884545546192
16.43,-1.0975598374125897,-1.0446753802015736,-0.05288445721101609
16.44,-0.9985577275533,-0.9106968943892612,-0.08786083316403881
16.45,-0.903064807711631,-0.7827091958129955,-0.12035561189863553
16.46,-0.8126343334660018,-0.6637742235920322,-0.14886010987396958
16.47,-0.7288456084544663,-0.5565550619158732,-0.1722905465385931
16.48,-0.6548020126812448,-0.46323007708005715,-0.19157193560118768
16.490000000000002,-0.59018391365028,-0.38542866965707934,-0.20475524399320066
16.5,-0.5356080647485614,-0.3241909530232409,-0.21141711172532046
16.51,-0.49343146371107766,-0.27995261332619625,-0.2134788503848814
16.52,-0.4618011526003472,-0.2525551058944299,-0.2092460467059173
16.53,-0.4402813603748036,-0.24128024695491576,-0.19900111341988783
16.54,-0.42991462326469937,-0.24490721471941979,-0.18500740854527958
16.55,-0.4281003461071565,-0.2617890252462441,-0.16631132086091244
16.56,-0.4336702811128964,-0.2899447363307487,-0.14372554478214772
16.57,-0.4463856793827142,-0.3271629911862809,-0.11922268819643328
16.580000000000002,-0.4638183727226355,-0.3711120693907498,-0.09270630333188568
16.59,-0.48464519325954564,-0.4194513833245933,-0.06519380993495233
16.6,-0.5079078401782177,-0.4699393525237946,-0.037968487654423067
16.61,-0.5320687916468649,-0.5205328047079554,-0.01153598693890956
16.62,-0.5562311795292842,-0.5694734798135143,0.013242300284230013
16.63,-0.579522529463834,-0.6153578322019336,0.03583530273809965
16.64,-0.6015721139168767,-0.6571871082221689,0.055614994305292154
16.65,-0.6222435641313504,-0.694395586517762,0.07215202238641161
16.66,-0.641422183100769,-0.7268558665992447,0.08543368349847569
16.67,-0.659673666773329,-0.7548611334278962,0.09518746665456723
16.68,-0.6775646391158991,-0.7790853666220777,0.10152072750617858
16.69,-0.6959608397378114,-0.8005234572833886,0.10456261754557716
16.7,-0.7157525060079929,-0.8204141005016246,0.10466159449363166
16.71,-0.7377816654522742,-0.8401491085886509,0.10236744313637669
16.72,-0.763540085053526,-0.8611734059986341,0.09763332094510813
16.73,-0.7935101903424417,-0.884880395810811,0.09137020546836927
16.740000000000002,-0.8281935228705579,-0.9125076118435013,0.08431408897294335
16.75,-0.8688889862321862,-0.9450375810633853,0.07614859483119907
16.76,-0.9151171054100201,-0.9831086182616727,0.06799151285165261
16.77,-0.9665062546246098,-1.0269398683955562,0.06043361377094636
16.78,-1.0231911230912591,-1.0762743195723337,0.05308319648107451
16.79,-1.0835839151500475,-1.1303427572070257,0.04675884205697822
16.8,-1.1462441508578263,-1.1878507498616293,0.041606599003803035
16.81,-1.2094127993659574,-1.2469897873170146,0.03757698795105724
16.82,-1.2707363380904866,-1.3054726727281776,0.03473633463769099
16.830000000000002,-1.327979941200936,-1.360592246232489,0.03261230503155299
16.84,-1.3773315008349525,-1.4093015300165102,0.03197002918155767
16.85,-1.4164114136707484,-1.4483124756184926,0.031901061947744225
16.86,-1.4428893496484412,-1.4742097005756145,0.031320350927173335
16.87,-1.451449258582231,-1.4835749557047109,0.032125697122479924
16.88,-1.4405908180394642,-1.4731175921759114,0.03252677413644722
16.89,-1.4087951281065214,-1.4398060174803582,0.03101088937383678
16.9,-1.3503935197301329,-1.3809950516352667,0.030601531905133816
16.91,-1.2655440863509961,-1.294544221255085,0.029000134904088926
16.92,-1.1543408606424155,-1.178922352734786,0.024581492092370594
16.93,-1.0121979868006163,-1.0332943319616514,0.02109634516103509
16.94,-0.8413277405364082,-0.857586564575935,0.01625882403952672
16.95,-0.6438329454050947,-0.6525284694040725,0.008695523998977772
16.96,-0.41750667991484874,-0.41966823482153737,0.002161554906688623
16.97,-0.16648571668882106,-0.16136202643431882,-0.005123690254502239
16.98,0.10530751304131354,0.11926318439313414,-0.013955671351820603
16.990000000000002,0.3969326727261233,0.4183720372834598,-0.02143936455733647
17.0,0.7029702486212872,0.7315064013708896,-0.028536152749602417
17.01,1.018445491648692,1.053691332283626,-0.03524584063493408
17.02,1.339259602910301,1.3795578049654198,-0.040298202055118804
17.03,1.65970492143925,1.7034781061821107,-0.04377318474286063
17.04,1.9749058211663413,2.019709381567332,-0.04480356040099087
17.05,2.2783545081526033,2.322540619295908,-0.04418611114330462
17.06,2.565150674328084,2.6064383201801893,-0.041287645852105204
17.07,2.831735452732516,2.866186248965019,-0.034450796232503134
17.080000000000002,3.070489965922325,3.097014973514004,-0.02652500759167875
17.09,3.278250056080941,3.294717360563925,-0.016467304482983725
17.1,3.453718401153597,3.455746786245571,-0.0020283850919740054
17.11,3.589661146868158,3.5772955095320413,0.01236563733611673
17.12,3.6852045359798535,3.6573514167828702,0.0278531191969833
17.13,3.741730485263249,3.6947321432824656,0.046998341980783565
17.14,3.753710327376285,3.689096380303478,0.06461394707280688
17.150000000000002,3.722643536613553,3.640932951849813,0.08171058476373982
17.16,3.6523853086418225,3.551528964185611,0.10085634445621139
17.17,3.539967892155372,3.4229189673172455,0.11704892483812657
17.18,3.3889035085084855,3.257817599010831,0.13108590949765464
17.19,3.2047698157475923,3.059538592200775,0.1452312235468174
17.2,2.98741817316948,2.83190330507599,0.15551486809349013
17.21,2.741699489991194,2.5791420750850187,0.16255741490617526
17.22,2.473833557815389,2.305791705001398,0.1680418528139911
17.23,2.186186214186371,2.0165922682351725,0.1695939459511986
17.240000000000002,1.884141553607392,1.7163861842124946,0.16775536939489744
17.25,1.5734267188481013,1.4100221798171375,0.16340453903096375
17.26,1.2582165667000125,1.1022663401070965,0.15595022659291602
17.27,0.943668996032355,0.797721983799178,0.14594701223317696
17.28,0.6340790716730265,0.5007596007229701,0.13331947095005636
17.29,0.3345423659603054,0.2154575841307956,0.1190847818295098
17.3,0.04940411094062626,-0.054445996005904135,0.1038501069465304
17.31,-0.2190559704012437,-0.3055907802338809,0.08653480983263723
17.32,-0.46569132163660376,-0.5350212588816559,0.0693299372450521
17.330000000000002,-0.6873296088064135,-0.7402045723113363,0.05287496350492282
17.34,-0.8838861516707396,-0.9190401155821998,0.035153963911460195
17.35,-1.0508784194918288,-1.0698622365694526,0.018983817077623755
17.36,-1.1864566516741288,-1.1914373723145577,0.004980720640428871
17.37,-1.2925571019855604,-1.2829569378569479,-0.009600164128612532
17.38,-1.3658637168974987,-1.3440271729720545,-0.021836543925444207
17.39,-1.405847335909702,-1.3746569768721406,-0.031190359037561288
17.400000000000002,-1.4160410983364653,-1.37524453385055,-0.0407965644859154
17.41,-1.3945872262378036,-1.346563271138104,-0.0480239550996997
17.42,-1.3421907717636723,-1.2897474122623058,-0.05244335950136647
17.43,-1.26341783575601,-1.206277113643268,-0.057140722112742015
17.44,-1.1579774343543319,-1.0979629170536411,-0.06001451730069074
17.45,-1.0276835033695013,-0.9669290323580823,-0.060754471011419064
17.46,-0.877514862532306,-0.8155947976621892,-0.06192006487011681
17.47,-0.7086949314416479,-0.64665355856337,-0.06204137287827782
17.48,-0.5239913334616467,-0.4630481718897643,-0.0609431615718824
17.490000000000002,-0.32816887088153146,-0.2679423754416642,-0.060226495439867245
17.5,-0.12375706752728584,-0.06468737300010557,-0.059069694527180264
17.51,0.08573040521362915,0.14321684161948992,-0.057486436405860764
17.52,0.29634447390909063,0.3521656650471261,-0.055821191138035464
17.53,0.5046169051341116,0.5584995341237694,-0.05388262898965779
17.54,0.7065818295691372,0.7585586993384654,-0.05197686976932825
17.55,0.8996445993391796,0.9487424510018757,-0.04909785166269609
17.56,1.0799132283750612,1.125571804629956,-0.04565857625489489
17.57,1.2433679616090072,1.285754350038171,-0.04238638842916376
17.580000000000002,1.3891824722756463,1.4262497044786797,-0.03706723220303343
17.59,1.5136552059410857,1.5443337994105808,-0.030678593469495086
17.6,1.6131965895591451,1.6376600864393445,-0.02446349688019933
17.61,1.6889544603213098,1.704315680827027,-0.015361220505717199
17.62,1.7380387619064726,1.7428704774311508,-0.004831715524678204
17.63,1.7577973257975736,1.752417376733179,0.005379949064394651
17.64,1.751269123530424,1.7326019464398903,0.018667177090533782
17.650000000000002,1.7168817832658936,1.6836401115984898,0.03324167166740377
17.66,1.6533556075569598,1.6063228040393434,0.047032803517616406
17.67,1.5652065746299901,1.502006897595308,0.0631996770346821
17.68,1.4524531271569396,1.372592193422506,0.07986093373443359
17.69,1.3154489634306779,1.2204846821747308,0.09496428125594703
17.7,1.1594702665624173,1.048546777708677,0.11092348885374026
17.71,0.9860909353778793,0.8600356708674487,0.1260552645104306
17.72,0.797308153806809,0.6585313725455643,0.1387767812612447
17.73,0.5982497036721536,0.4478563847841225,0.1503933188880311
17.740000000000002,0.39169790347694045,0.23198924126238185,0.1597086622145586
17.75,0.18102787494960382,0.014974381219046633,0.1660534937305572
17.76,-0.029705226528131054,-0.19916904608532313,0.16946381955719209
17.77,-0.23709309068402104,-0.40653681158672883,0.1694437209027078
17.78,-0.43688512869999685,-0.6034250960310303,0.1665399673310335
17.79,-0.6268402752006174,-0.7864094179484482,0.15956914274783085
17.8,-0.8036053781553697,-0.9524148215384789,0.1488094433831092
17.81,-0.9626993112042421,-1.0987754667664316,0.13607615556218944
17.82,-1.1040885539046479,-1.2232821494650408,0.11919359556039288
17.830000000000002,-1.2250971818444212,-1.3242167133811258,0.09911953153670461
17.84,-1.3216755375867806,-1.4003727808909638,0.07869724330418326
17.85,-1.3959591925207957,-1.4510627053883172,0.055103512867521465
17.86,-1.446379034615665,-1.4761111167144636,0.029732082098798518
17.87,-1.4698733077994877,-1.475835872625241,0.005962564825753303
17.88,-1.4702976224753344,-1.4510176267610293,-0.019279995714305054
17.89,-1.4473536107092402,-1.402859561649498,-0.04449404905974208
17.900000000000002,-1.3993296472925871,-1.3329391014849346,-0.06639054580765258
17.91,-1.331059384165783,-1.2431536046728426,-0.08790577949294032
17.92,-1.2434148649789618,-1.1356621349667033,-0.10775273001225849
17.93,-1.1361668662637254,-1.0128254208867893,-0.12334144537693614
17.94,-1.0142682582423042,-0.8771460383101929,-0.13712221993211127
17.95,-0.8794623595539424,-0.7312106966816591,-0.1482516628722833
17.96,-0.7329227937261061,-0.5776362846240528,-0.15528650910205333
17.97,-0.5789278021767403,-0.4190210481330269,-0.15990675404371346
17.98,-0.4196943018050267,-0.25790194862481625,-0.16179235318021046
17.990000000000002,-0.2575637121088608,-0.09671889506140507,-0.16084481704745573
18.0,-0.0955494174111724,0.06221381877901528,-0.15776323619018767
18.01,0.06405485290651022,0.21672889703744236,-0.15267404413093213
18.02,0.21806124815321495,0.36482060265028055,-0.1467593544970656
18.03,0.3650411068390883,0.5046531494401144,-0.1396120426010261
18.04,0.5029496692711035,0.6345638227243499,-0.13161415345324634
18.05,0.6281031032899311,0.7530619092958751,-0.124958806005944
18.06,0.7407133106005539,0.8588246336431126,-0.11811132304255867
18.07,0.8392105543435274,0.9506913422698754,-0.11148078792634797
18.080000000000002,0.919764174530142,1.027657151947027,-0.10789297741688497
18.09,0.9840750620292251,1.0888671840993243,-0.10479212207009914
18.1,1.031181400308298,1.1336123529280755,-0.10243095261977753
18.11,1.057450020127739,1.1613274687601647,-0.10387744863242565
18.12,1.065784295261859,1.171592172311594,-0.10580787704973504
18.13,1.0558934628238428,1.164134943626807,-0.10824148080296414
18.14,1.0246909729522249,1.1388401460543545,-0.11414917310212958
18.150000000000002,0.9759191920546852,1.09575778576631,-0.11983859371162486
18.16,0.9099712991504053,1.0351154056953242,-0.12514410654491892
18.17,0.8246637004135887,0.9573313029767841,-0.13266760256319543
18.18,0.724166471272648,0.8630280729904877,-0.13886160171783968
18.19,0.6095220415643138,0.7530453506104794,-0.14352330904616561
18.2,0.4797909577323786,0.6284505473368147,-0.1486595896044361
18.21,0.33911826223855135,0.4905463756631133,-0.15142811342456197
18.22,0.18909933888367833,0.34087401024979885,-0.15177467136612052
18.23,0.03031177193399741,0.18121085698679604,-0.15089908505279864
18.240000000000002,-0.13361455254563662,0.013562080578190912,-0.14717663312382753
18.25,-0.3007099771927747,-0.15985472914971072,-0.14085524804306399
18.26,-0.4687428805800764,-0.33663210279256933,-0.13211077778750707
18.27,-0.635107705591825,-0.514202502676111,-0.12090520291571394
18.28,-0.7976764128978354,-0.689875143208147,-0.1078012696896884
18.29,-0.9527802259927238,-0.8608792530517777,-0.09190097294094612
18.3,-1.0991618520028994,-1.0244129155829322,-0.07474893641996716
18.31,-1.2348616446532867,-1.1776963553438395,-0.0571652893094472
18.32,-1.3552472240564768,-1.3180283090932927,-0.03721891496318408
18.330000000000002,-1.460600740994895,-1.4428439408260874,-0.01775680016880754
18.34,-1.5494861285973915,-1.5497726387441177,0.00028651014672620434
18.35,-1.616980725504873,-1.636693973945347,0.019713248440474063
18.36,-1.6649185734589553,-1.7017901080592326,0.036871534600277256
18.37,-1.692695055229001,-1.7435930097987251,0.050897954569724124
18.38,-1.6958654879881645,-1.7610249751780427,0.06515948718987818
18.39,-1.6776172622090464,-1.753431137071799,0.0758138748627526
18.400000000000002,-1.6383610786253033,-1.7206028886397688,0.08224181001446551
18.41,-1.5748540542033547,-1.6627914217698363,0.08793736756648163
18.42,-1.4912341383131473,-1.5807108845387072,0.0894767462255599
18.43,-1.3889303827553696,-1.475530978332179,0.08660059557680944
18.44,-1.2664410710075327,-1.3488591330038056,0.08241806199627288
18.45,-1.1282985640172194,-1.2027127048909674,0.07441414087374798
18.46,-0.9767541516857973,-1.0394819261264507,0.06272777444065347
18.47,-0.812296136033006,-0.8618845843292823,0.04958844829627629
18.48,-0.639227848508298,-0.6729136210774779,0.03368577256917993
18.490000000000002,-0.46025487437633783,-0.47577899933312373,0.0155241249567859
18.5,-0.2777658940595571,-0.27384530033062443,-0.003920593728932664
18.51,-0.09524588759072518,-0.07056656792226929,-0.024679319668455893
18.52,0.08461857078748478,0.13058007600534513,-0.045961505217860354
18.53,0.25794915823470016,0.32616056440268276,-0.0682114061679826
18.54,0.4225412902432493,0.5128483718405344,-0.09030708159728512
18.55,0.5762173663467819,0.6874860834128418,-0.1112687170660599
18.56,0.7142676837218903,0.8471429246412133,-0.132875240919323
18.57,0.8360374238347356,0.9891673010277416,-0.15312987719300608
18.580000000000002,0.9402743996938775,1.1112335754886074,-0.17095917579472986
18.59,1.022233298126108,1.21138249227874,-0.18914919415263198
18.6,1.0828579259712898,1.2880548288796128,-0.20519690290832293
18.61,1.1220904930233566,1.3401180155125507,-0.2180275224891941
18.62,1.1359589105506311,1.3668855998154457,-0.23092668926481452
18.63,1.1268423139830284,1.3681295479178968,-0.2412872339348684
18.64,1.0959515114530856,1.3440854607484005,-0.24813394929531496
18.650000000000002,1.0407884963241123,1.2954508459809626,-0.2546623496568503
18.66,0.9648271178279256,1.2233766235801042,-0.2585495057521786
18.67,0.8704082439421114,1.1294520601880451,-0.25904381624593376
18.68,0.7569946625567558,1.0156833298452224,-0.2586886672884665
18.69,0.6286857436001166,0.8844658920825028,-0.25578014848238617
18.7,0.4886108538839977,0.7385508702818822,-0.24994001639788443
18.71,0.3383823431931374,0.5810056105790445,-0.24262326738590712
18.72,0.18218007593886032,0.41516861138100825,-0.23298853544214793
18.73,0.02341276378131181,0.24459904190877566,-0.22118627812746383
18.740000000000002,-0.1343202354470491,0.0730211199170986,-0.20734135536414772
18.75,-0.28732663938462744,-0.09573630287981853,-0.1915903365048089
18.76,-0.4325338736403822,-0.25780449285608775,-0.17472938078429445
18.77,-0.564880648992075,-0.4093433358445374,-0.1555373131475376
18.78,-0.6816989551701902,-0.5466128424346117,-0.13508611273557847
18.79,-0.7808861194184493,-0.6660467359832853,-0.11483938343516398
18.8,-0.856761321713341,-0.7643270151233293,-0.09243430659001162
18.81,-0.9081264182436108,-0.8384581935348729,-0.0696682247087379
18.82,-0.9343886918791187,-0.8858397392515731,-0.04854895262754555
18.830000000000002,-0.9302954527722183,-0.9043350752288348,-0.02596037754338343
18.84,-0.8964073607603479,-0.8923353740572145,-0.004071986703133357
18.85,-0.833964169354325,-0.848816294017627,0.014852124663301991
18.86,-0.739217616858986,-0.7733857716834522,0.034168154824466224
18.87,-0.6145545251386855,-0.6663210169746785,0.05176649183599302
18.88,-0.46304063343226,-0.5285929568418173,0.0655523234095573
18.89,-0.2833183158783624,-0.361876547864308,0.07855823198594558
18.900000000000002,-0.07939650987421089,-0.16854562723094682,0.08914911735673593
18.91,0.14423418842293373,0.04834870622964492,0.09588548219328881
18.92,0.3860617777114193,0.28511679957554675,0.10094497813587255
18.93,0.6409461419671911,0.537486412103456,0.10345972986373508
18.94,0.9037539749235607,0.8006756159925412,0.10307835893101946
18.95,1.1701903141091294,1.069481780497034,0.10070853361209542
18.96,1.4347253295989664,1.3383852488034413,0.09634008079552503
18.97,1.6926331184980088,1.6016657818791242,0.09096733661888456
18.98,1.93753331754013,1.8535293345663062,0.08400398297382372
18.990000000000002,2.164402110929737,2.0882422664608793,0.0761598444688576
19.0,2.3700322059502748,2.3002696938235805,0.06976251212669426
19.01,2.5471657159201873,2.484414377526242,0.06275133839394531
19.02,2.6921860908610116,2.635952332180435,0.056233758680576784
19.03,2.8043135358781264,2.750761246415141,0.0535522894629854
19.04,2.876889461492878,2.825437833312692,0.05145162818018578
19.05,2.908434809348006,2.857400388542193,0.05103442080581333
19.06,2.9010481162055854,2.8449731223365684,0.05607499386901704
19.07,2.850081657142023,2.787449245846672,0.06263241129535091
19.080000000000002,2.7565867715426187,2.685130323373347,0.07145644816927188
19.09,2.6253602881140456,2.5393400356029905,0.08602025251105516
19.1,2.4547667779719817,2.3524112169868867,0.10235556098509502
19.11,2.248330043521879,2.1276458107628944,0.12068423275898477
19.12,2.012707479097213,1.8692482027271669,0.14345927637004596
19.13,1.7496062348830976,1.5822332224583298,0.16737301242476788
19.14,1.4644882298995048,1.2723109098241392,0.1921773200753656
19.150000000000002,1.1645231491075279,0.9457509066752641,0.21877224243226379
19.16,0.85432114624685,0.609230021019711,0.24509112522713894
19.17,0.5403505206420767,0.2696670980672068,0.2706834225748699
19.18,0.22873393206574585,-0.06595020323033104,0.2946841352960769
19.19,-0.07412505070829334,-0.3907418067455513,0.316616756037258
19.2,-0.361906182082126,-0.6981097000163559,0.33620351793422987
19.21,-0.6309228045976674,-0.9819054069432251,0.3509826023455578
19.22,-0.8744794021143574,-1.236585522950794,0.3621061208364367
19.23,-1.0875453178276928,-1.45735070965355,0.36980539182585725
19.240000000000002,-1.2697275028474195,-1.6402640267763398,0.3705365239289202
19.25,-1.4155490631167773,-1.7823450992747571,0.36679603615797984
19.26,-1.5221544902018,-1.8816373572982514,0.3594828670964514
19.27,-1.592534294779457,-1.93724642136158,0.34471212658212314
19.28,-1.6235688580983914,-1.949348606727657,0.32577974862926573
19.29,-1.6150157866499197,-1.919169458828369,0.30415367217844924
19.3,-1.572533674747079,-1.8489331733354053,0.27639949858832624
19.31,-1.495854819148006,-1.7417846677090851,0.24592984856107902
19.32,-1.3872489186023453,-1.6016869240682035,0.21443800546585812
19.330000000000002,-1.2537004918672137,-1.43329698648674,0.17959649461952631
19.34,-1.0975560329848304,-1.2418246429683732,0.14426860998354285
19.35,-0.9229909091956771,-1.0328783311852139,0.10988742198953683
19.36,-0.7366958280344501,-0.8123031604065287,0.07560733237207862
19.37,-0.5427761165774878,-0.586016128346384,0.043240011768896136
19.38,-0.34635251257354366,-0.3598436254595958,0.013491112886052148
19.39,-0.15234585987160607,-0.13936616131397198,-0.01297969855763409
19.400000000000002,0.03457658636378881,0.07022507491318353,-0.035648488549394716
19.41,0.20943146193945622,0.26425568206334604,-0.05482422012388982
19.42,0.3700275828169571,0.43867601262282985,-0.06864842980587277
19.43,0.512325160727964,0.5901468240694546,-0.07782166334149065
19.44,0.6324314565060591,0.7161006048208096,-0.08366914831475047
19.45,0.7311105773070102,0.8147774184358211,-0.08366684112881084
19.46,0.8058162891790647,0.8852349867692678,-0.07941869759020315
19.47,0.8543624939822987,0.9273336003252266,-0.07297110634292792
19.48,0.8799547246593971,0.9416972710826619,-0.06174254642326482
19.490000000000002,0.8818904491695242,0.9296533004854796,-0.04776285131595537
19.5,0.8598574897556823,0.8931530970230884,-0.0332956072674061
19.51,0.8184487885936473,0.8346776217681711,-0.016228833174523727
19.52,0.758616286681087,0.7571312490427722,0.0014850376383148678
19.53,0.681649732344799,0.6637280910756181,0.017921641269180832
19.54,0.5922693965411425,0.5578749438703452,0.034394452670797326
19.55,0.4924888915391905,0.443054966216044,0.0494339253231465
19.56,0.38460957262131035,0.3227160103660234,0.06189356225528697
19.57,0.272373760204329,0.20016719245112286,0.07220656775320616
19.580000000000002,0.15809638502269785,0.07848683926227756,0.07960954576042029
19.59,0.04437369847316923,-0.03955560397320861,0.08392930244637783
19.6,-0.06670275905612845,-0.15156174895012234,0.08485898989399389
19.61,-0.1731936682147395,-0.2555492461173436,0.08235557790260409
19.62,-0.2728471112670791,-0.34997899833280566,0.07713188706572655
19.63,-0.3653446759284852,-0.4337647285892301,0.06842005266074491
19.64,-0.44953153602451545,-0.5062656887877717,0.05673415276325622
19.650000000000002,-0.5239055286518158,-0.5672639039566924,0.04335837530487652
19.66,-0.5895545039592552,-0.6169278741670443,0.02737337020778907
19.67,-0.6461811857618871,-0.6557650861538775,0.009583900391990419
19.68,-0.6931377642216707,-0.6845660041736089,-0.008571760048061816
19.69,-0.7322627818402943,-0.704342405663844,-0.027920376176450268
19.7,-0.7639081704904007,-0.7162629977341118,-0.04764517275628888
19.71,-0.788118133768139,-0.7215891965490214,-0.06652893721911757
19.72,-0.8067950937284818,-0.7216137794970582,-0.08518131423142361
19.73,-0.8205897336930307,-0.7176048406259378,-0.10298489306709291
19.740000000000002,-0.8299224736370077,-0.7107571083132627,-0.119165365323745
19.75,-0.8362626625706627,-0.7021522391536521,-0.13411042341701063
19.76,-0.8402285981290423,-0.6927292048458035,-0.1474993932832388
19.77,-0.8422945699501291,-0.6832653624250052,-0.15902920752512384
19.78,-0.8433035528021504,-0.6743682661902753,-0.16893528661187507
19.79,-0.8436502365094728,-0.6664777655066695,-0.1771724710028033
19.8,-0.8436593971645113,-0.6598774584320363,-0.18378193873247506
19.81,-0.8436394162998342,-0.6547141567438742,-0.18892525955595996
19.82,-0.8437497865356816,-0.6510236803484478,-0.19272610618723374
19.830000000000002,-0.8441410316532213,-0.6487610514942651,-0.1953799801589562
19.84,-0.8448393272963269,-0.6478330107622566,-0.1970063165340703
19.85,-0.8458917155616003,-0.6481307320408279,-0.19776098352077232
19.86,-0.8474035876372619,-0.6495606725593638,-0.19784291507789808
19.87,-0.8493657959159544,-0.6520716519285613,-0.1972941439873931
19.88,-0.8518699451651087,-0.6556765020966111,-0.19619344306849762
19.89,-0.8551636161263652,-0.6604669553896143,-0.19469666073675085
19.900000000000002,-0.8593108962252957,-0.6666208243119449,-0.19269007191335075
19.91,-0.8645344166051488,-0.6744009559550282,-0.1901334606501206
19.92,-0.871343812964721,-0.6841458954194222,-0.1871979175452988
19.93,-0.8798027150018976,-0.6962526455109554,-0.1835500694909421
19.94,-0.8902195459434328,-0.7111523431625437,-0.17906720278088906
19.95,-0.9033160438151348,-0.7292800666236079,-0.17403597719152686
19.96,-0.9189593379314198,-0.7510403233991397,-0.1679190145322801
19.97,-0.9373763989240059,-0.7767700318161801,-0.16060636710782583
19.98,-0.95924829554305,-0.8067009868579359,-0.15254730868511412
19.990000000000002,-0.9840605021533769,-0.8409238852553844,-0.1431366168979925
20.0,-1.0117454018775536,-0.879355971630268,-0.13238943024728556
20.01,-1.042545387187578,-0.9217142569141916,-0.12083113027338643
20.02,-1.0755339829028072,-0.9674960567770883,-0.10803792612571894
20.03,-1.110199192306517,-1.01596830990529,-0.09423088240122701
20.04,-1.1459369079531887,-1.0661667758843254,-0.0797701320688633
20.05,-1.1816192080704968,-1.1169057955264599,-0.06471341254403695
20.06,-1.2162940245875118,-1.1667988405855034,-0.04949518400200836
20.07,-1.2482731170503796,-1.2142896044849578,-0.03398351256542176
20.080000000000002,-1.2766491699833555,-1.2576929113910857,-0.018956258592269792
20.09,-1.3002119319160572,-1.2952442681363607,-0.004967663779696485
20.1,-1.3163135978294174,-1.3251564717252196,0.008842873895802184
20.11,-1.3247239529169355,-1.3456813323275103,0.02095737941057485
20.12,-1.3243271266492458,-1.355174293237711,0.030847166588465313
20.13,-1.3120062795630913,-1.35215953761409,0.040153258050998675
20.14,-1.2885587602714448,-1.3353930756741745,0.046834315402729754
20.150000000000002,-1.253376005377865,-1.303921310213688,0.05054530483582287
20.16,-1.2036194757534473,-1.2571326834858574,0.053513207732410084
20.17,-1.141219145964439,-1.1948002111088711,0.05358106514443217
20.18,-1.066402906042469,-1.1171130012334223,0.050710095190953375
20.19,-0.9774098858976369,-1.0246952284864286,0.04728534258879169
20.2,-0.8770880450618899,-0.9186114677900457,0.04152342272815579
20.21,-0.7666178325979913,-0.8003577760151191,0.03373994341712783
20.22,-0.6459276514477181,-0.6718384206559417,0.02591076920822355
20.23,-0.5182732047110082,-0.5353286742973676,0.017055469586359395
20.240000000000002,-0.3856227904773808,-0.39342460130001117,0.007801810822630373
20.25,-0.24982164003969334,-0.24898123912508105,-0.0008404009146122937
20.26,-0.11384504951019804,-0.10504100268707404,-0.008804046823123995
20.27,0.019975169526192313,0.03524550021249583,-0.01527033068630352
20.28,0.14812223335638788,0.16870377448334706,-0.020581541126959174
20.29,0.2685916043124295,0.2922222067482573,-0.023630602435827763
20.3,0.37926517867331105,0.4028385470797163,-0.023573368406405226
20.31,0.47562621445056324,0.49782335919119536,-0.022197144740632113
20.32,0.5571530990429927,0.5747577994025976,-0.01760470035960493
20.330000000000002,0.6225122029065435,0.6316032824476975,-0.009091079541153957
20.34,0.6671192473593262,0.6667608744395184,0.0003583729198077812
20.35,0.6921373643240573,0.6791186082283692,0.013018756095688033
20.36,0.697420132283952,0.6680853294994568,0.029334802784495295
20.37,0.6792770495125652,0.6336101367726508,0.04566691273991441
20.38,0.6403991008079505,0.5761869571937289,0.06421214361422156
20.39,0.5819477556111637,0.49684428430273564,0.0851034713084281
20.400000000000002,0.5018870422106817,0.39712057570417575,0.10476646650650595
20.41,0.40396392864523184,0.2790262505748304,0.12493767807040146
20.42,0.2904522736047604,0.14499362370032903,0.14545864990443136
20.43,0.1613655034744235,-0.0021835490494384957,0.16354905252386198
20.44,0.020836368014634732,-0.1594189697515023,0.18025533776613703
20.45,-0.12820955207068596,-0.3234090052707675,0.19519945320008153
20.46,-0.2837459090963289,-0.49071195316636185,0.20696604407003294
20.47,-0.4419710440286365,-0.6578290871479685,0.215858043119332
20.48,-0.5999183019665927,-0.8212852504194864,0.22136694845289373
20.490000000000002,-0.7539793429951815,-0.9777068859573398,0.22372754296215824
20.5,-0.9013031372124947,-1.1238955778118036,0.22259244059930894
20.51,-1.0395004400996437,-1.2568954160749164,0.2173949759752727
20.52,-1.1640925429152948,-1.3740527776807638,0.209960234765469
20.53,-1.2735984981498245,-1.4730674220415318,0.19946892389170734
20.54,-1.3667025728382052,-1.5520341205800976,0.18533154774189242
20.55,-1.4388967136519843,-1.6094743586217632,0.1705776449697789
20.56,-1.4902434656751125,-1.6443579538372406,0.15411448816212814
20.57,-1.520783703988216,-1.6561147159085026,0.13533101192028663
20.580000000000002,-1.5267987153114488,-1.644636517678805,0.11783780236735608
20.59,-1.509828704941634,-1.610270351438232,0.10044164649659804
20.6,-1.4713004332664537,-1.5538031004767205,0.08250266721026689
20.61,-1.4089524322322382,-1.4764388636321735,0.06748643139993526
20.62,-1.325539083658706,-1.379769730026527,0.054230646367821045
20.63,-1.2236522729829682,-1.2657409158584672,0.04208864287549896
20.64,-1.1029080270664788,-1.1366111506622587,0.03370312359577987
20.650000000000002,-0.966868139379873,-0.9949091444266346,0.028041005046761547
20.66,-0.8188547515374399,-0.8433868884141874,0.02453213687674749
20.67,-0.6604676895790981,-0.6849704513321415,0.024502761753043445
20.68,-0.4955770752269657,-0.5227088388663609,0.02713176363939518
20.69,-0.32764412163300316,-0.35972139836134076,0.0320772767283376
20.7,-0.16000889178658012,-0.19914418054901922,0.0391352887624391
20.71,0.003698479887865584,-0.0440756241726827,0.047774104060548286
20.72,0.1605482983727619,0.10247808733837162,0.05807021103439029
20.73,0.3060513072646534,0.23765763206745535,0.06839367519719805
20.740000000000002,0.4373727168005017,0.35880470437030654,0.07856801243019518
20.75,0.5527652296099272,0.46351522327468236,0.08925000633524488
20.76,0.6474723225962098,0.549690992167882,0.09778133042832782
20.77,0.7199632946655203,0.6155890801483968,0.10437421451712359
20.78,0.77018218943586,0.6598680573896146,0.1103141320462454
20.79,0.794152137117028,0.681630078822841,0.11252205829418704
20.8,0.7920349467746094,0.6804576842430539,0.11157726253155553
20.81,0.7656988422274185,0.6564440808942129,0.10925476133320555
20.82,0.7129628007432479,0.6102156088074587,0.10274719193578918
20.830000000000002,0.6358588734610793,0.5429450708332721,0.09291380262780713
20.84,0.5380189592632423,0.45635464800990877,0.08166431125333351
20.85,0.41980341751539213,0.352707223986222,0.06709619352917012
20.86,0.28499341003862727,0.23478511421459983,0.050208295824027444
20.87,0.13837334554910613,0.10585543786637676,0.03251790768272937
20.88,-0.01691026093942683,-0.030378319312793813,0.013468058373366981
20.89,-0.17580220347006578,-0.1698386305709203,-0.005963572899145481
20.900000000000002,-0.3333814536107409,-0.3081497964339406,-0.025231657176800315
20.91,-0.48412017512947414,-0.44072654519502724,-0.0433936299344469
20.92,-0.6225069434688085,-0.5628740665032859,-0.05963287696552266
20.93,-0.7447318650800508,-0.6698976849791427,-0.07483418010090814
20.94,-0.8439416964959172,-0.7572199016398169,-0.08672179485610032
20.95,-0.9152297985181441,-0.8205020877571466,-0.09472771076099751
20.96,-0.9570913493517229,-0.855767729816388,-0.10132361953533486
20.97,-0.9628749404034838,-0.8595238158418538,-0.10335112456162998
20.98,-0.9293957155890755,-0.8288767410122216,-0.10051897457685388
20.990000000000002,-0.8582547011514653,-0.7616390099631525,-0.09661569118831281
21.0,-0.7446589245860663,-0.6564230366363725,-0.08823588794969384
21.01,-0.5880732090551262,-0.5127184978430798,-0.0753547112120464
21.02,-0.3933136803790036,-0.3309499868532244,-0.062363693525779196
21.03,-0.1588038685403843,-0.11251213603706484,-0.04629173250331947
21.04,0.11285062303026851,0.14022007481382914,-0.027369451783560636
21.05,0.4143544166149181,0.4239074484253997,-0.00955303181048156
21.06,0.7434045415892202,0.7342900090504318,0.009114532538788356
21.07,1.0943824613992208,1.066257797250039,0.02812466414918169
21.080000000000002,1.4590260904443555,1.4139481986313958,0.045077891812959736
21.09,1.8314264229393733,1.7708681013228222,0.06055832161655106
21.1,2.2037537806066965,2.130038310090913,0.07371547051578364
21.11,2.5687605326101317,2.484156826778647,0.0846037058314848
21.12,2.9181376597989717,2.8257768687572575,0.09236079104171413
21.13,3.24321314361498,3.1474948691257336,0.09571827448924619
21.14,3.5397143154757167,3.4421432112118886,0.09757110426382809
21.150000000000002,3.798801224643928,3.7029821180948685,0.09581910654905945
21.16,4.012633228883658,3.9238849627466963,0.08874826613696163
21.17,4.181308304312851,4.099511297309982,0.08179700700286929
21.18,4.2975138068870615,4.225462125666463,0.07205168122059824
21.19,4.355853724265062,4.29841235946178,0.05744136480328166
21.2,4.361188800352091,4.316215994671062,0.044972805681029016
21.21,4.3094330550725735,4.277980307217022,0.03145274785555152
21.22,4.198806164380012,4.184106269210256,0.014699895169756338
21.23,4.038131269956601,4.03629340344739,0.001837866509211139
21.240000000000002,3.827428035552244,3.8375083894752353,-0.010080353922991225
21.25,3.5689625917311565,3.5919178728079664,-0.022955281076809886
21.26,3.2736670052129084,3.304787070511283,-0.031120065298374744
21.27,2.9454903685142697,2.9823468712807037,-0.03685650276643404
21.28,2.590306131283586,2.631633156986392,-0.041327025702806
21.29,2.2186972727760854,2.260302988293395,-0.041605715517309516
21.3,1.8373758759685523,1.876433065910033,-0.03905718994148066
21.31,1.4545961652621482,1.4883064727591433,-0.03371030749699511
21.32,1.0781694813626432,1.104194098515219,-0.026024617152575757
21.330000000000002,0.7157595683032323,0.7321373311443815,-0.016377762841149224
21.34,0.3762688433532497,0.3797385626457621,-0.0034697192925123854
21.35,0.06299768260682687,0.05396579848147773,0.009031884125349138
21.36,-0.2173759405456097,-0.23902280935955117,0.021646868813941456
21.37,-0.45712922110417575,-0.4940293508383967,0.036900129734220966
21.38,-0.65806609702864,-0.7069371502704066,0.04887105324176655
21.39,-0.816025446200953,-0.8747990244986404,0.05877357829768748
21.400000000000002,-0.9259546768131902,-0.9958905552789299,0.06993587846573968
21.41,-0.9940711223621432,-1.0697272790542958,0.07565615669215253
21.42,-1.0194693158669401,-1.0970458787272912,0.07757656286035108
21.43,-1.0005820067955085,-1.0797506278864242,0.07916862109091571
21.44,-0.9462905646433201,-1.0208274467095972,0.07453688206627718
21.45,-0.8587606791958343,-0.9242289413296543,0.06546826213381995
21.46,-0.7398955850460921,-0.7947346795501752,0.054839094504083086
21.47,-0.5989488887705198,-0.6377916754006144,0.03884278663009466
21.48,-0.4401962854336849,-0.4593405894176062,0.019144303983921307
21.490000000000002,-0.26823226933167005,-0.26563348424990646,-0.0025987850817635882
21.5,-0.09049144757779688,-0.0630490975252267,-0.02744235005257019
21.51,0.08802058761861525,0.14208849472497476,-0.0540679071063595
21.52,0.2613038080553966,0.34368224301084116,-0.08237843495544456
21.53,0.4252611497940936,0.5360204173970102,-0.11075926760291666
21.54,0.575516634798652,0.7139163756048615,-0.13839974080620954
21.55,0.7060898027030281,0.8728261391208534,-0.16673633641782526
21.56,0.8167325595000384,1.0089410019071665,-0.1922084424071281
21.57,0.9046607031583448,1.1192533575646946,-0.21459265440634978
21.580000000000002,0.9651128197268847,1.20159492349497,-0.23648210376808543
21.59,1.0011793854291462,1.2546475262582077,-0.25346814082906155
21.6,1.0120290882446727,1.277927553644967,-0.26589846540029427
21.61,0.9948345109099656,1.2717460413796475,-0.276911530469682
21.62,0.9547716482854954,1.237147115321296,-0.28237546703580063
21.63,0.8927326799253451,1.1758281282132097,-0.2830954482878646
21.64,0.8079654684643467,1.0900452943121155,-0.2820798258477688
21.650000000000002,0.7061905026377611,0.9825089232776856,-0.2763184206399245
21.66,0.5893927034894377,0.8562724813866208,-0.2668797778971831
21.67,0.45854813814223616,0.7146196655503637,-0.25607152740812755
21.68,0.3185590292667322,0.5609534728335799,-0.2423944435668477
21.69,0.17174684186455363,0.3986909006805192,-0.22694405881596558
21.7,0.020187883845303768,0.2311664419377512,-0.21097855809244745
21.71,-0.13288962651218228,0.06154696962911623,-0.19443659614129852
21.72,-0.28545547946196176,-0.1072400317940152,-0.17821544766794656
21.73,-0.43499962282383386,-0.2725636084838505,-0.1624360143399834
21.740000000000002,-0.5802083035898506,-0.4321312556211109,-0.14807704796873977
21.75,-0.7196938161386919,-0.5840156751090149,-0.135678141029677
21.76,-0.8510285737758422,-0.7266670433668634,-0.1243615304089788
21.77,-0.9745446468346045,-0.8589119914693503,-0.11563265536525424
21.78,-1.0895590822916141,-0.9799409345487702,-0.10961814774284395
21.79,-1.1940138964936107,-1.0892857104466924,-0.10472818604691825
21.8,-1.2893470430809213,-1.1867896901170165,-0.10255735296390478
21.81,-1.3754485549167317,-1.2725726014694902,-0.10287595344724143
21.82,-1.4507242752386298,-1.346992267583137,-0.10373200765549284
21.830000000000002,-1.5171578403075932,-1.4106053087367616,-0.10655253157083155
21.84,-1.5750217146171726,-1.4641286099782433,-0.11089310463892921
21.85,-1.6231927820051661,-1.508403030888801,-0.11478975111636514
21.86,-1.6637822105325561,-1.54436045408447,-0.11942175644808617
21.87,-1.6972973192577434,-1.572994858327273,-0.12430246093047037
21.88,-1.723112954317845,-1.5953376863023787,-0.12777526801546624
21.89,-1.7432168148037417,-1.612437381164755,-0.1307794336389867
21.900000000000002,-1.758265119269633,-1.6253426131913982,-0.13292250607823486
21.91,-1.7682382851665122,-1.6350884287322933,-0.13314985643421884
21.92,-1.774811265616737,-1.6426843446444068,-0.13212692097233014
21.93,-1.7787662175843992,-1.649103294252362,-0.12966292333203722
21.94,-1.780692845025087,-1.655270311961155,-0.12542253306393203
21.95,-1.781840582287959,-1.6620499235914092,-0.11979065869654981
21.96,-1.7830104626587198,-1.6702313831999474,-0.11277907945877241
21.97,-1.785251585712703,-1.6805111539618987,-0.10474043175080427
21.98,-1.7892215714528066,-1.6934723550189785,-0.09574921643382805
21.990000000000002,-1.795521066520565,-1.7095612682426575,-0.08595979827790745
22.0,-1.8052508443140876,-1.7290613956364007,-0.07618944867768684
22.01,-1.8182966283611794,-1.7520659546206976,-0.06623067374048186
22.02,-1.8347523745839531,-1.7784500690175296,-0.05630230556642357
22.03,-1.8551112563365486,-1.8078442331375353,-0.047267023199013325
22.04,-1.8784123173948613,-1.8396108719296547,-0.038801445465206585
22.05,-1.9039649503692349,-1.872825971898855,-0.03113897847037994
22.06,-1.930905550672117,-1.9062678000445354,-0.024637750627581667
22.07,-1.9575942108659055,-1.9384146513560938,-0.01917955950981165
22.080000000000002,-1.982473130230253,-1.9674533653695008,-0.015019764860752183
22.09,-2.0027698902358058,-1.9913000313003169,-0.011469858935488908
22.1,-2.0166516412959874,-2.0076338681953874,-0.009017773100600035
22.11,-2.0219467023588478,-2.013944736545633,-0.008001965813214884
22.12,-2.0139295529966965,-2.0075941317849053,-0.006335421211791203
22.13,-1.9913311564328535,-1.9858888538922095,-0.0054423025406440395
22.14,-1.9519865951454844,-1.9461658705694478,-0.005820724576036662
22.150000000000002,-1.8898779094347524,-1.8858862263534613,-0.003991683081291164
22.16,-1.8051422001737292,-1.8027352297579189,-0.0024069704158102834
22.17,-1.6964821089394504,-1.6947256078360577,-0.0017565011033926492
22.18,-1.557921466603404,-1.5602998830267325,0.0023784164233284777
22.19,-1.3916531169978792,-1.3984279277910328,0.006774810793153563
22.2,-1.19807647206907,-1.2086955103381,0.010619038269030101
22.21,-0.9729655672329822,-0.9913796754136491,0.01841410818066691
22.22,-0.7207457304924789,-0.7475070162258959,0.026761285733416962
22.23,-0.4439764589324588,-0.4788912878035548,0.03491482887109598
22.240000000000002,-0.1417613054786948,-0.18814738094777136,0.046386075469076554
22.25,0.1797136550356644,0.12132059613456578,0.05839305890109861
22.26,0.5159030066675069,0.4453585177323105,0.07054448893519638
22.27,0.8634754124600434,0.7791291420272787,0.08434627043276477
22.28,1.2155934289349157,1.1172060951606215,0.0983873337742942
22.29,1.5666241453920255,1.453693251267068,0.1129308941249576
22.3,1.9091961421665393,1.7823667680442548,0.12682937412228457
22.31,2.2373458075266166,2.096836042055265,0.1405097654713514
22.32,2.545809584580422,2.3907189542749214,0.15509063030550063
22.330000000000002,2.82454297035385,2.6578260249084247,0.16671694544542515
22.34,3.0700111246809048,2.8923475231419675,0.17766360153893723
22.35,3.2789379291749214,3.0890372118566103,0.18990071731831115
22.36,3.440865913625756,3.2433862713657025,0.19747964226005355
22.37,3.5558304018716145,3.3517810529978678,0.2040493488737467
22.38,3.6238064994697066,3.4116386663008114,0.2121678331688952
22.39,3.6364735322771238,3.4215149962487903,0.21495853602833348
22.400000000000002,3.5977991819859603,3.381180562604584,0.2166186193813764
22.41,3.5114567404592547,3.2916606465295906,0.21979609392966415
22.42,3.373360017939364,3.1552372850530044,0.21812273288635975
22.43,3.1908231786539107,2.9754120301454736,0.21541114850843712
22.44,2.970608741610369,2.756829738172383,0.21377900343798606
22.45,2.713868968627646,2.505165045801316,0.20870392282632988
22.46,2.429822168740977,2.226974546535856,0.20284762220512098
22.47,2.126745038200016,1.9295189547910525,0.19722608340896364
22.48,1.8106125596068947,1.620560681167406,0.19005187843948868
22.490000000000002,1.4905861362111623,1.308143197287714,0.18244293892344832
22.5,1.1743306687797208,1.000359301764911,0.17397136701480975
22.51,0.8709140896706685,0.7051158793580511,0.16579821031261743
22.52,0.5874549541476612,0.42990295156978364,0.1575520025778776
22.53,0.32895107700681414,0.18157473788388276,0.14737633912293138
22.54,0.10502994098965118,-0.03384991724520538,0.13887985823485655
22.55,-0.08073288728668407,-0.21136103416375174,0.13062814687706767
22.56,-0.2273611987361127,-0.3470990758276415,0.11973787709152878
22.57,-0.3272525374801885,-0.4384598923469039,0.1112073548667154
22.580000000000002,-0.38100704979384215,-0.4841595957292159,0.10315254593537376
22.59,-0.3918951825193496,-0.4842573418694406,0.09236215935009096
22.6,-0.35622395997153816,-0.4401354854287673,0.08391152545722913
22.61,-0.27839015671562195,-0.35443807992944715,0.0760479232138252
22.62,-0.16492676051178015,-0.2309701624092536,0.06604340189747346
22.63,-0.01672418517767946,-0.07456163310110032,0.05783744792342087
22.64,0.15928448986207894,0.10909923660266135,0.050185253259417584
22.650000000000002,0.3551962375132558,0.3136566066699726,0.041539630843283215
22.66,0.5661892662474255,0.5322953257225032,0.03389394052492234
22.67,0.7845734107745637,0.757959255684417,0.02661415509014664
22.68,1.003293019934193,0.9835720261400983,0.019720993794094643
22.69,1.2152753219240169,1.202252619408471,0.013022702515545825
22.7,1.4138866860729433,1.4075185107063926,0.006368175366550766
22.71,1.594788751807505,1.5934696803209893,0.001319071486515666
22.72,1.750776084981343,1.7549476502448165,-0.004171565263473509
22.73,1.877654496091565,1.8876647405179345,-0.010010244426369441
22.740000000000002,1.974785713637395,1.9882999468301146,-0.013514233192719605
22.75,2.036715285209645,2.0545591608773455,-0.017843875667700626
22.76,2.062324962731587,2.085198834609258,-0.02287387187767065
22.77,2.0545372600386465,2.080013573139625,-0.025476313100978754
22.78,2.0107673376192543,2.039789473561394,-0.02902213594213965
22.79,1.9327766912434956,1.9662262558900443,-0.03344956464654869
22.8,1.8259195934888797,1.8618323105256016,-0.03591271703672194
22.81,1.690605886843183,1.7297976735638179,-0.039191786720634836
22.82,1.530599000016245,1.573850605125717,-0.04325160510947201
22.830000000000002,1.3520007273818997,1.3981038645125081,-0.04610313713060843
22.84,1.1574638880378756,1.2068969379179944,-0.04943304988011876
22.85,0.951519890094907,1.004640379070458,-0.053120488975550884
22.86,0.7393498530237181,0.7956680807749283,-0.056318227751210204
22.87,0.5246042604547715,0.5841027263602651,-0.05949846590549357
22.88,0.3113812745015524,0.37373890418767075,-0.062357629686118354
22.89,0.10279486656008152,0.167947443130526,-0.06515257657044449
22.900000000000002,-0.09775952421777766,-0.03039651416310002,-0.06736301005467764
22.91,-0.2874552160182963,-0.21896029273221518,-0.06849492328608114
22.92,-0.4655949416728039,-0.39597504195165545,-0.06961989972114846
22.93,-0.6298907865197808,-0.5602324850885563,-0.06965830143122453
22.94,-0.7790853580677501,-0.7110588991189535,-0.06802645894879666
22.95,-0.9144763192624773,-0.8482690616693063,-0.06620725759317103
22.96,-1.035138680142956,-0.9721036450911543,-0.06303503505180175
22.97,-1.1411553788069981,-1.0831540959543933,-0.05800128285260486
22.98,-1.2349086403067193,-1.1822793920557333,-0.05262924825098603
22.990000000000002,-1.3165476032401886,-1.2705192084144017,-0.04602839482578691
23.0,-1.3869180983637484,-1.3490079486196977,-0.0379101497440506
23.01,-1.4484947560308072,-1.4188938180206683,-0.029600938010138966
23.02,-1.5019112987310401,-1.4812666494876796,-0.020644649243360513
23.03,-1.548115173106693,-1.5370975678669365,-0.01101760523975659
23.04,-1.5889647864754757,-1.587192829619908,-0.0017719568555676357
23.05,-1.6249979771330387,-1.6321633384453624,0.007165361312323704
23.06,-1.6567692319178915,-1.6724104581263786,0.01564122620848707
23.07,-1.6852873852703874,-1.7081278638727015,0.022840478602314196
23.080000000000002,-1.710665479099349,-1.739318335680943,0.028652856581594
23.09,-1.7328869018643251,-1.7658236415618376,0.03293673969751243
23.1,-1.7523211169604616,-1.7873650201078912,0.03504390314742967
23.11,-1.7686652342061921,-1.8035912797870555,0.03492604558086332
23.12,-1.781475532444048,-1.8141312080074197,0.03265567556337157
23.13,-1.790925871663383,-1.8186468393969373,0.02772096773355437
23.14,-1.7965614885110306,-1.8168841738762336,0.020322685365202986
23.150000000000002,-1.7978527734397636,-1.8087181558681207,0.010865382428357107
23.16,-1.795181125112292,-1.794189112510045,-0.0009920126022469056
23.17,-1.7882691575447562,-1.773528379111305,-0.01474077843345123
23.18,-1.7768468071239958,-1.7471714855100708,-0.029675321613924943
23.19,-1.7616569817431422,-1.715758003150745,-0.04589897859239733
23.2,-1.7427988144954978,-1.6801179215598967,-0.06268089293560108
23.21,-1.7204360755554768,-1.6412451944843713,-0.0791908810711055
23.22,-1.6955240108707081,-1.6002598303534106,-0.09526418051729757
23.23,-1.6685014165818968,-1.558360561021563,-0.11014085556033382
23.240000000000002,-1.6398862984601101,-1.5167706728725134,-0.1231156255875967
23.25,-1.61050608819825,-1.476679996758248,-0.13382609144000202
23.26,-1.5808953255003757,-1.4391863062654395,-0.14170901923493617
23.27,-1.5516369312807416,-1.4052394537702488,-0.1463974775104928
23.28,-1.523110551908815,-1.375591475654221,-0.14751907625459415
23.29,-1.4956374441199554,-1.350755625829152,-0.14488181829080338
23.3,-1.4695169762814415,-1.3309768630512537,-0.13854011323018778
23.31,-1.44457913201205,-1.316215743277943,-0.1283633887341069
23.32,-1.4207366082493267,-1.3061469816288795,-0.11458962662044714
23.330000000000002,-1.3977868334510524,-1.3001731833318255,-0.09761365011922685
23.34,-1.3752068774562294,-1.2974534375994784,-0.07775343985675098
23.35,-1.3525417677161347,-1.2969456633559313,-0.05559610436020335
23.36,-1.3291384668959816,-1.2974608322312888,-0.031677634664692755
23.37,-1.304532973956298,-1.297726511848227,-0.00680646210807101
23.38,-1.2781795111926593,-1.2964566072268664,0.01827709603420713
23.39,-1.2493143509777325,-1.292423760944148,0.043109409966415546
23.400000000000002,-1.217945945474833,-1.284530627470703,0.06658468199586998
23.41,-1.1838205581735424,-1.271876179751995,0.0880556215784527
23.42,-1.1465653376239548,-1.2538133435163457,0.10724800589239081
23.43,-1.1068347837658044,-1.2299945844704605,0.12315980070465615
23.44,-1.0649530409326038,-1.200402583531983,0.13544954259937914
23.45,-1.0213691294550513,-1.165363804585592,0.14399467513054076
23.46,-0.9771714820255295,-1.1255435588221936,0.1483720767966641
23.47,-0.9332714487163588,-1.0819220635261833,0.14865061480982444
23.48,-0.8910535648667087,-1.0357519399175605,0.1446983750508518
23.490000000000002,-0.8514809873316318,-0.9884985496154423,0.13701756228381046
23.5,-0.8157218777828902,-0.9417654863828215,0.12604360859993136
23.51,-0.7857421031857321,-0.8972083737391683,0.11146627055343616
23.52,-0.7617042472324527,-0.8564408274168193,0.09473658018436659
23.53,-0.7444618865793691,-0.8209369870885327,0.07647510050916362
23.54,-0.7357716467455864,-0.7919353737182587,0.056163726972672356
23.55,-0.7345434298137904,-0.7703489650622809,0.035805535248490505
23.56,-0.740738409551698,-0.7566862896099171,0.01594788005821912
23.57,-0.7549117930725109,-0.750988016268791,-0.003923776803719914
23.580000000000002,-0.7747924912392307,-0.7527829716772662,-0.022009519561964508
23.59,-0.7991439258015874,-0.761066767942581,-0.03807715785900645
23.6,-0.8265039864320611,-0.774305299451103,-0.05219868698095809
23.61,-0.8541282902944018,-0.7904643054778507,-0.06366398481655111
23.62,-0.8797512893905954,-0.8070650401225427,-0.07268624926805278
23.63,-0.8996461501050832,-0.821264892419175,-0.0783812576859082
23.64,-0.9117770393409147,-0.8299606102781375,-0.0818164290627772
23.650000000000002,-0.9135162204688051,-0.8299106560503562,-0.08360556441844891
23.66,-0.8994444388227982,-0.8178722112373144,-0.08157222758548388
23.67,-0.8694782259038363,-0.7907475015897378,-0.07873072431409844
23.68,-0.8216042747881894,-0.7457334737894004,-0.07587080099878907
23.69,-0.7500886157189401,-0.6804684552176641,-0.06962016050127606
23.7,-0.6575794151340076,-0.5931692933202487,-0.06441012181375894
23.71,-0.5435702733391139,-0.4827526140770876,-0.06081765926202631
23.72,-0.4040128735069953,-0.3489342615440628,-0.055078611962932456
23.73,-0.24402618453815783,-0.19230167169984264,-0.051724512838315195
23.740000000000002,-0.06517762495896051,-0.014354871384107501,-0.05082275357485301
23.75,0.13311883317459336,0.1824870566770915,-0.04936822350249814
23.76,0.34444070502538315,0.3949158823773614,-0.05047517735197826
23.77,0.5652312133258293,0.6188009129519013,-0.053569699626072054
23.78,0.791804674890579,0.8492913598144303,-0.05748668492385123
23.79,1.0181610385204785,1.0809517981697288,-0.0627907596492503
23.8,1.239614129994687,1.3079266989118434,-0.06831256891715642
23.81,1.4486923769084261,1.524128706299376,-0.07543632939094991
23.82,1.641674617765727,1.7234442109498906,-0.08176959318416355
23.830000000000002,1.8141492172964033,1.8999488761809191,-0.0857996588845158
23.84,1.9566164386548903,2.048125158223206,-0.09150871956831552
23.85,2.0690349965010584,2.163073548265696,-0.09403855176463782
23.86,2.148777696884792,2.2407092754909796,-0.09193157860618761
23.87,2.186879715561659,2.277936551018696,-0.09105683545703691
23.88,2.1874410449385504,2.272793095346736,-0.0853520504081855
23.89,2.1507095562465035,2.224558655536577,-0.07384909929007355
23.900000000000002,2.0708486216971616,2.133822449529619,-0.06297382783245764
23.91,1.9554043483381784,2.00250592878017,-0.04710158044199142
23.92,1.807744837673845,1.8338388724223291,-0.02609403474848415
23.93,1.6269524775294104,1.6322885545659036,-0.005336077036493192
23.94,1.4223000139989872,1.403443494156275,0.018856519842712194
23.95,1.199511571950654,1.1538550349386807,0.04565653701197325
23.96,0.9629682966199313,0.8908416427287074,0.07212665389122397
23.97,0.7213775870173852,0.6222622829778773,0.09911530403950786
23.98,0.4812221903276219,0.3562664940581701,0.1249556962694518
23.990000000000002,0.25097928811712,0.10102974968718953,0.14994953842993047
24.0,0.03656522278009962,-0.13551663310962306,0.1720818558897227
24.01,-0.1567336600855191,-0.34595146455501563,0.18921780446949654
24.02,-0.31879481803489573,-0.5236159941556268,0.20482117612073103
24.03,-0.4480192528846258,-0.6628434255431074,0.21482417265848158
24.04,-0.5420044544521263,-0.7591572401667678,0.21715278571464147
24.05,-0.5919422480982992,-0.8094310002441553,0.21748875214585606
24.060000000000002,-0.6009412345659679,-0.8120036460884051,0.2110624115224372
24.07,-0.5703367396826299,-0.7667458776876117,0.19640913800498183
24.080000000000002,-0.4951981833460008,-0.6750749558772052,0.17987677253120443
24.09,-0.382485094657962,-0.5399171086154594,0.1574320139574974
24.1,-0.23698031178325835,-0.36561861268571266,0.12863830090245432
24.11,-0.059018192922671485,-0.15780846926818418,0.09879027634551268
24.12,0.14245084740706404,0.07678266655351766,0.06566818085354638
24.13,0.3605742844952265,0.33054107268621036,0.030033211809016136
24.14,0.5899459055404506,0.5952184947693717,-0.005272589228921154
24.150000000000002,0.8219674717603308,0.8622020016260267,-0.04023452986569587
24.16,1.0497685048034346,1.1227957945832645,-0.07302728977982986
24.17,1.2645520515337738,1.3685052091655443,-0.10395315763177049
24.18,1.4602576614262894,1.5913131108298502,-0.13105544940356073
24.19,1.6320843080557663,1.78393920641951,-0.15185489836374377
24.2,1.770465964437211,1.9400734552742467,-0.16960749083703575
24.21,1.8733329962202294,2.054575740948247,-0.1812427447280176
24.22,1.9394223758199816,2.123635217046792,-0.18421284122681025
24.23,1.9611454664235428,2.144884219529573,-0.18373875310603016
24.240000000000002,1.9407919781697092,2.117463285653415,-0.17667130748370585
24.25,1.8810290576904118,2.0420355735439393,-0.16100651585352743
24.26,1.778297664593383,1.920750770014503,-0.14245310542112
24.27,1.6384879071775906,1.7571603409324563,-0.11867243375486569
24.28,1.4673986117987599,1.5560876534212884,-0.08868904162252855
24.29,1.2662893901267578,1.3234580222188703,-0.05716863209211254
24.3,1.0430236908192956,1.0660950500584319,-0.02307135923913628
24.310000000000002,0.8048030853822757,0.7914906991536467,0.01331238622862907
24.32,0.5570738469479608,0.5075573131573272,0.04951653379063359
24.330000000000002,0.3076489008542738,0.22237028311560533,0.08527861773866849
24.34,0.06301685039356344,-0.05608979420333663,0.11910664459690007
24.35,-0.16896693214356387,-0.32018678060008904,0.15121984845652517
24.36,-0.3824193942105078,-0.5628622669734425,0.18044287276293475
24.37,-0.5734198585940571,-0.7778449834648448,0.20442512487078768
24.38,-0.7340318416525871,-0.959829879417149,0.22579803776456198
24.39,-0.8615748366771788,-1.1046216047772308,0.243046768100052
24.400000000000002,-0.9557447720948182,-1.209238481607523,0.2534937095127048
24.41,-1.0106911677863368,-1.2719745135223277,0.2612833457359909
24.42,-1.0273333535433251,-1.292418486330445,0.26508513278712
24.43,-1.0089470732109778,-1.2714307090421095,0.26248363583113177
24.44,-0.9531687003179353,-1.2110793768240753,0.25791067650613997
24.45,-0.8640155965812785,-1.1145398566444173,0.2505242600631389
24.46,-0.7472804894256138,-0.9859613582438866,0.23868086881827288
24.47,-0.6043915830899419,-0.830306421024068,0.22591483793412614
24.48,-0.44126624834332717,-0.6531693932438516,0.21190314490052442
24.490000000000002,-0.2644863325390877,-0.4605805846028205,0.19609425206373277
24.5,-0.07849763455080518,-0.2588030275364349,0.18030539298562975
24.51,0.110422476186573,-0.054128786653501744,0.16455126284007474
24.52,0.29676048660084936,0.14731848074964302,0.14944200585120634
24.53,0.47458339410029715,0.33976846922301107,0.13481492487728608
24.54,0.6387352624427581,0.5179710869982733,0.12076417544448481
24.55,0.786218890928871,0.677340468925444,0.10887842200342701
24.560000000000002,0.9113967928676938,0.8140723249501789,0.09732446791751492
24.57,1.011313799628951,0.9252318489086434,0.08608195072030755
24.580000000000002,1.086143167984836,1.0088105016404352,0.07733266634440072
24.59,1.1320569010299963,1.0637510799284338,0.06830582110156258
24.6,1.1487667882156951,1.0899415497181693,0.058825238497525856
24.61,1.1393463087026285,1.0881791227421822,0.05116718596044634
24.62,1.1026323310651271,1.0601069587065055,0.04252537235862164
24.63,1.0408108357196812,1.0081266545057543,0.03268418121392691
24.64,0.958800463337812,0.9352903174160531,0.02351014592175893
24.650000000000002,0.8581336884124992,0.8451764971496992,0.012957191262799928
24.66,0.742727426360971,0.7417545648281455,0.0009728615328254975
24.67,0.6178529026271893,0.6292422744868451,-0.011389371859655828
24.68,0.48702063184550276,0.5119612297778041,-0.024940597932301356
24.69,0.3548031224617857,0.3941948155473748,-0.0393916930855891
24.7,0.2253350584387647,0.2800528559670723,-0.054717797528307605
24.71,0.10290835273770492,0.17334684656073285,-0.07043849382302793
24.72,-0.008389229003202471,0.07747909812808669,-0.08586832713128917
24.73,-0.1066383454537596,-0.0046514508414183895,-0.1019868946123412
24.740000000000002,-0.1880728488534318,-0.07072462658562531,-0.1173482222678065
24.75,-0.2500405914733753,-0.11905414584943301,-0.1309864456239423
24.76,-0.29323839838410337,-0.14862166204389773,-0.14461673634020564
24.77,-0.31548206612809565,-0.15908956044629177,-0.15639250568180388
24.78,-0.3161234955525454,-0.1507929382671709,-0.16533055728537446
24.79,-0.2981281876629468,-0.12471176332245655,-0.17341642434049026
24.8,-0.2614352863913715,-0.08242470203052636,-0.1790105843608451
24.810000000000002,-0.20748523610771064,-0.02604653498291877,-0.18143870112479188
24.82,-0.14054619469030005,0.041848569050150046,-0.1823947637404501
24.830000000000002,-0.06259720123164803,0.1183153747481149,-0.18091257597976293
24.84,0.023231647840563637,0.2001347541640298,-0.17690310632346615
24.85,0.11267012012249511,0.2839168478834853,-0.1712467277609902
24.86,0.20234997188059806,0.36620729869002605,-0.163857326809428
24.87,0.2882373749926941,0.44359366057584687,-0.1553562855831528
24.88,0.3673354433129583,0.5128091651694511,-0.14547372185649277
24.89,0.4359047366508512,0.5708311626266009,-0.13492642597574972
24.900000000000002,0.49000801712862974,0.6149717387948552,-0.12496372166622549
24.91,0.5288272968452035,0.6429582392761077,-0.11413094243090427
24.92,0.5493504854987282,0.6530016984982426,-0.10365121299951441
24.93,0.5487328859736819,0.6438514731024467,-0.09511858712876486
24.94,0.5286251053405688,0.6148347092681502,-0.08620960392758137
24.95,0.4876203621288203,0.5658796287010841,-0.07825926657226379
24.96,0.42473177511297483,0.4975219936457369,-0.07279021853276207
24.97,0.343665470059892,0.41089450304966374,-0.06722903298977173
24.98,0.24503671471680635,0.3076992751177537,-0.06266256040094734
24.990000000000002,0.13006134690347038,0.19016398055009812,-0.06010263364662774
25.0,0.0034822494473113613,0.06098259955089629,-0.05750035010358493
25.01,-0.13222603326993218,-0.07675782292194745,-0.05546821034798473
25.02,-0.27382946961634136,-0.21966266337548088,-0.05416680624086048
25.03,-0.416909092333211,-0.3641253260290085,-0.052783766304202506
25.04,-0.5578348643022356,-0.5064305211094408,-0.051404343192794855
25.05,-0.6920620237263901,-0.6428624857929148,-0.04919953793347531
25.060000000000002,-0.8168271199975528,-0.7698151928338488,-0.04701192716370395
25.07,-0.9283977762527157,-0.8839014327719438,-0.044496343480771916
25.080000000000002,-1.0220121814779768,-0.9820575726998104,-0.03995460877816637
25.09,-1.0974792401092648,-1.0616407964903565,-0.03583844361890831
25.1,-1.152067135362319,-1.1205157248847533,-0.03155141047756582
25.11,-1.1820252155868638,-1.1571275033195905,-0.02489771226727333
25.12,-1.1899427900812465,-1.1705587323468913,-0.019384057734355142
25.13,-1.1749131066654028,-1.1605679982068648,-0.01434510845853798
25.14,-1.1352417706698246,-1.1276082341945315,-0.007633536475293079
25.150000000000002,-1.0756885101976348,-1.072823697808215,-0.002864812389419713
25.16,-0.9974562482888841,-0.9980249714169113,0.0005687231280271376
25.17,-0.9014621082321668,-0.9056420688911117,0.004179960658944881
25.18,-0.7933344492053784,-0.7986564376394114,0.005321988434032976
25.19,-0.6760198276596585,-0.680513362420529,0.0044935347608704435
25.2,-0.5529044717274647,-0.5550169798020108,0.0021125080745461045
25.21,-0.42883969385077325,-0.4262107747034876,-0.0026289191472856355
25.22,-0.30758433520934975,-0.2982470273847702,-0.009337307824579533
25.23,-0.19411913180209167,-0.17524918563779654,-0.01886994616429513
25.240000000000002,-0.091014358555976,-0.06117152983043242,-0.029842828725543585
25.25,-0.001613445545804333,0.04033924221412167,-0.041952687759926
25.26,0.06894125936055538,0.12607577384886176,-0.05713451448830638
25.27,0.12123738786558706,0.19339046639276866,-0.0721530785271816
25.28,0.1534910822061776,0.24030008677050912,-0.08680900456433152
25.29,0.16202981735601754,0.26557048319529897,-0.10354066583928143
25.3,0.15051793426947005,0.26877787040109125,-0.1182599361316212
25.310000000000002,0.11941600738194048,0.25034383700079715,-0.13092782961885668
25.32,0.06788844067444422,0.2115420461303856,-0.14365360545594139
25.330000000000002,0.0015827295277177841,0.15447552168326323,-0.15289279215554544
25.34,-0.07681930559889,0.08202440622987602,-0.158843711828766
25.35,-0.16465325930974495,-0.0022348907461422008,-0.16241836856360276
25.36,-0.2561268089141566,-0.09413720108374715,-0.16198960783040947
25.37,-0.3470998691068561,-0.18905981097583924,-0.15804005813101685
25.38,-0.43172954156439114,-0.28207350293261607,-0.14965603863177507
25.39,-0.506128290719733,-0.36810873756107343,-0.13801955315865955
25.400000000000002,-0.5659914721373698,-0.44213161738274404,-0.12385985475462574
25.41,-0.603621432027395,-0.4993237800663116,-0.10429765196108343
25.42,-0.6186464331476682,-0.5352600709293982,-0.08338636221827
25.43,-0.6080271449962583,-0.5460777610507707,-0.06194938394548766
25.44,-0.5642575317074427,-0.5286312168400463,-0.035626314867396425
25.45,-0.4910899286455346,-0.4806262901980853,-0.010463638447449297
25.46,-0.38785719998288676,-0.4007292777263946,0.012872077743507848
25.47,-0.24949126602809657,-0.2886460766442817,0.03915481061618514
25.48,-0.08318725788425016,-0.1451681199825987,0.06198086209834855
25.490000000000002,0.108940603972973,0.027817227173979962,0.08112337679899304
25.5,0.32770682124496125,0.22735292273708313,0.10035389850787813
25.51,0.5643384263423005,0.44947499619972375,0.11486343014257672
25.52,0.8143971105684663,0.6893103444742598,0.12508676609420655
25.53,1.0735980576867277,0.9412068691338339,0.13239118855289378
25.54,1.3341647731054191,1.1988920657690265,0.13527270733639263
25.55,1.590471913940809,1.4556551139844196,0.1348167999563894
25.560000000000002,1.8337777078161843,1.7045466169138792,0.1292310909023051
25.57,2.059632398397503,1.938589437819674,0.12104296057782915
25.580000000000002,2.262757474568785,2.150993607179192,0.11176386738959287
25.59,2.432022620382333,2.335368047283734,0.09665457309859882
25.6,2.567632390287671,2.48592189430284,0.08171049598483116
25.61,2.6662084565333957,2.5976484918610585,0.06855996467233716
25.62,2.716955822871972,2.6664856774256855,0.05047014544628636
25.63,2.724861432098415,2.689446765538441,0.03541466655997416
25.64,2.6894752343138593,2.664717623372603,0.02475761094125639
25.650000000000002,2.6029182262815964,2.5917163993374053,0.01120182694419114
25.66,2.4738642788043905,2.4711137626753805,0.0027505161290100055
25.67,2.3049635626848253,2.30481289406277,0.00015066862205515008
25.68,2.092947672021322,2.0958898834226267,-0.002942211401304906
25.69,1.8481761972786537,1.848496589151832,-0.00032039187317822737
25.7,1.5756548226455287,1.5677293407722275,0.007925481873301221
25.71,1.2770791818547549,1.2594680750360474,0.017611106818707478
25.72,0.9621484257084624,0.9301915384333301,0.03195688727513224
25.73,0.6367960442534335,0.5867750276059088,0.050021016647524674
25.740000000000002,0.306663322703557,0.236277741704883,0.07038558099867401
25.75,-0.021265682159109456,-0.11427283558806148,0.09300715342895202
25.76,-0.3417874292028645,-0.4580920348962104,0.11630460569334594
25.77,-0.6473140342568612,-0.7888372943247137,0.14152326006785254
25.78,-0.9348117280567754,-1.100788830536965,0.1659771024801897
25.79,-1.201171844415006,-1.3890055907231966,0.18783374630819072
25.8,-1.4391654815658081,-1.6494513300303009,0.21028584846449272
25.810000000000002,-1.6498512014372002,-1.8790867870883574,0.2292355856511572
25.82,-1.8328681784133194,-2.075925202106009,0.24305702369268967
25.830000000000002,-1.9832282934079606,-2.2390497894657986,0.255821496057838
25.84,-2.1051776211361504,-2.3685931881058786,0.26341556696972823
25.85,-2.200867512931456,-2.46568031491072,0.26481280197926393
25.86,-2.2684600451943275,-2.532337385993822,0.2638773407994943
25.87,-2.3137730716194738,-2.571371097770022,0.25759802615054816
25.88,-2.340467753109328,-2.586223028129673,0.2457552750203451
25.89,-2.349596463972689,-2.580805188057615,0.23120872408492588
25.900000000000002,-2.346734864282646,-2.5593232935848107,0.2125884293021647
25.91,-2.3356595762105954,-2.5260947138124976,0.19043513760190223
25.92,-2.3190864334197294,-2.485368169459641,0.16628173603991137
25.93,-2.300867871878579,-2.4411521047524345,0.1402842328738556
25.94,-2.2836052710298267,-2.3970582406334513,0.11345296960362461
25.95,-2.2699988689546036,-2.356166156379067,0.08616728742446345
25.96,-2.2614247127315634,-2.3209138662739717,0.059489153542408246
25.97,-2.2585660162758474,-2.293018292783426,0.03445227650757854
25.98,-2.26261494075654,-2.2734283293949793,0.010813388638439392
25.990000000000002,-2.2725982526331454,-2.26231188198056,-0.010286370652585308
26.0,-2.287325210863535,-2.2590769276510962,-0.028248283212438885
26.01,-2.3057134466709805,-2.262425286674443,-0.043288159996537345
26.02,-2.325328187437407,-2.270436517688286,-0.054891669749121075
26.03,-2.343889395572039,-2.280678168331794,-0.0632112272402452
26.04,-2.358257533350705,-2.290337587432628,-0.06791994591807704
26.05,-2.365844363780352,-2.2963696699380813,-0.06947469384227078
26.060000000000002,-2.3644917553359406,-2.295654293363406,-0.06883746197253471
26.07,-2.3500993491439868,-2.2851568375467757,-0.0649425115972111
26.080000000000002,-2.321205704162251,-2.2620850714223617,-0.059120632739889434
26.09,-2.276943601497683,-2.224035844923726,-0.05290775657395708
26.1,-2.2138049357363054,-2.1691254345853554,-0.044679501150949985
26.11,-2.132289795268932,-2.09609804177987,-0.03619175348906234
26.12,-2.0334922833878206,-2.0044078075998732,-0.029084475787947373
26.13,-1.9159198232801047,-1.8942707548641007,-0.021649068416004003
26.14,-1.7821586912126872,-1.766684255485912,-0.015474435726775315
26.150000000000002,-1.6351563107913005,-1.6234129050958435,-0.011743405695457065
26.16,-1.4761856218319522,-1.4669410174040138,-0.009244604427938397
26.17,-1.3092953118365005,-1.3003932776478115,-0.008902034188688956
26.18,-1.1384008165559891,-1.127426367097797,-0.010974449458192037
26.19,-0.9673074808649452,-0.9520955405520927,-0.015211940312852557
26.2,-0.8003471075836283,-0.7787011614548937,-0.021645946128734606
26.21,-0.6410300962338092,-0.6116210356496102,-0.02940906058419901
26.22,-0.4945118392280371,-0.45513500268320806,-0.03937683654482904
26.23,-0.3640353941243777,-0.31324861899322426,-0.05078677513115343
26.240000000000002,-0.2513298959114218,-0.18952288520080002,-0.06180701071062178
26.25,-0.16113979879984217,-0.08691682460163438,-0.07422297419820778
26.26,-0.09448009839164731,-0.007649316016856336,-0.08683078237479097
26.27,-0.05043439155485981,0.04691406477564633,-0.09734845633050615
26.28,-0.031582986844168076,0.07634431192005459,-0.10792729876422266
26.29,-0.036170084699345205,0.08119854378179614,-0.11736862848114135
26.3,-0.060646305765882605,0.06303323895266444,-0.12367954471854704
26.310000000000002,-0.10428984620118754,0.024379872516961672,-0.12866971871814922
26.32,-0.16282637015225984,-0.03131694349025266,-0.13150942666200718
26.330000000000002,-0.23104144150930747,-0.09979731540366671,-0.13124412610564076
26.34,-0.3048126589496006,-0.17611706314763348,-0.1286955958019671
26.35,-0.3783690306766216,-0.25480773359820985,-0.12356129707841174
26.36,-0.44650267604522875,-0.3300603811191433,-0.11644229492608543
26.37,-0.5027259109863172,-0.3959269137478307,-0.10679899723848657
26.38,-0.5413164846835757,-0.4465320673790254,-0.09478441730455034
26.39,-0.55893303645357,-0.47628857685899345,-0.0826444595945765
26.400000000000002,-0.5486154224402571,-0.48010788189344267,-0.0685075405468144
26.41,-0.5063551227402178,-0.453598747559987,-0.05275637518023074
26.42,-0.43210548203644017,-0.3932464948063851,-0.03885898723005504
26.43,-0.32061699535835053,-0.29656611668385846,-0.02405087867449207
26.44,-0.17092395578520933,-0.16222338282791596,-0.008700572957293373
26.45,0.01325185498092929,0.009880919378593646,0.0033709356023356434
26.46,0.23365836461286327,0.2185672286175352,0.015091135995328075
26.47,0.4876101885568579,0.4613761881040527,0.026234000452805217
26.48,0.7683424352340331,0.7346111415771246,0.03373129365690852
26.490000000000002,1.0732837893123863,1.0334234189368143,0.039860370375571996
26.5,1.3964179620750667,1.3519381818298355,0.04447978024523125
26.51,1.7297293359057921,1.6834171595148566,0.046312176390935544
26.52,2.066774335705299,2.020453278400474,0.04632105730482472
26.53,2.3994218190704064,2.355191022365483,0.04423079670492358
26.54,2.720776012098158,2.6795653977231924,0.04121061437496554
26.55,3.0221348612333743,2.985551652097888,0.03658320913548607
26.560000000000002,3.29508975911262,3.265417438103862,0.02967232100875794
26.57,3.5361051533126924,3.5119689390335034,0.024136214279188994
26.580000000000002,3.7365367796320683,3.718782593443574,0.017754186188494447
26.59,3.8897034345562194,3.880414467057731,0.009288967498488176
26.6,3.996828224408821,3.9925800120271258,0.004248212381695371
26.61,4.051652547785767,4.052297903643212,-0.0006453558574452956
26.62,4.050875173130414,4.057992822158883,-0.007117649028469231
26.63,4.000547906722574,4.009553413267195,-0.009005506544620623
26.64,3.8984342003154646,3.9083431688610517,-0.009908968545587094
26.650000000000002,3.745464251416177,3.757163568377555,-0.011699316961378159
26.66,3.5511666623931006,3.5601704550709767,-0.009003792677876099
26.67,3.3177780540704385,3.3227462339416696,-0.004968179871231104
26.68,3.050257654149259,3.051332011975671,-0.0010743578264120757
26.69,2.7591854683894534,2.7532252022408077,0.005960266148645754
26.7,2.450410313163539,2.4363493308316184,0.014060982331920435
26.71,2.1316861342201374,2.1090037752469533,0.022682358973184158
26.72,1.8118446619492974,1.779601887752206,0.03224277419709143
26.73,1.498456026676348,1.4564063898858393,0.04204963679050877
26.740000000000002,1.200106692233086,1.1472710469056782,0.05283564532740792
26.75,0.9215473243119817,0.8593974368922259,0.0621498874197558
26.76,0.6697507160050419,0.5991151229323931,0.07063559307264877
26.77,0.45196093784201335,0.37169273400775826,0.08026820383425509
26.78,0.2677010847785937,0.18118638740061493,0.08651469737797879
26.79,0.12132922432353857,0.030330579061984147,0.09099864526155442
26.8,0.016950832499074496,-0.0795248263218536,0.0964756588209281
26.810000000000002,-0.05073604307701934,-0.14842950441708697,0.09769346134006762
26.82,-0.08108359232183092,-0.1777991869270887,0.09671559460525779
26.830000000000002,-0.07403966218986396,-0.17033521664018023,0.09629555445031626
26.84,-0.03790096191027363,-0.12990025420117426,0.09199929229090063
26.85,0.024407931036491082,-0.06135482144556867,0.08576275248205975
26.86,0.10911759169126856,0.029639226554040186,0.07947836513722836
26.87,0.20761631267879108,0.13684101897479115,0.07077529370399993
26.88,0.31468196825976064,0.2536705676315632,0.06101140062819743
26.89,0.4240409947566922,0.3734574092315548,0.05058358552513742
26.900000000000002,0.5294393675441013,0.4896888495678034,0.03975051797629786
26.91,0.6253016727121241,0.596248699599144,0.029052973112980163
26.92,0.7048708426560967,0.6876377628516689,0.017233079804427787
26.93,0.7660581439494755,0.7591680289231207,0.006890115026354726
26.94,0.8048713227539284,0.807123525012421,-0.0022522022584926527
26.95,0.8161911728229037,0.8288820407122736,-0.012690867889369906
26.96,0.8024625137075787,0.8229934248223383,-0.020530911114759576
26.97,0.7625500424098595,0.7892118019557559,-0.026661759545896446
26.98,0.6945473008748725,0.728480809748222,-0.03393350887334956
26.990000000000002,0.6042678926689178,0.6428727485538721,-0.038604855884954326
27.0,0.4936356870233694,0.535484296599962,-0.04184860957659259
27.01,0.36449261293854607,0.41029310718281875,-0.04580049424427268
27.02,0.22374809173988902,0.271981106264014,-0.048233014524124984
27.03,0.07549036830984147,0.12573159005933926,-0.050241221749497786
27.04,-0.07537050853594195,-0.02299176782418098,-0.05237874071176096
27.05,-0.22340673884176443,-0.1686751921456204,-0.05473154669614402
27.060000000000002,-0.36399657819702524,-0.30598520003552054,-0.0580113781615047
27.07,-0.49084904276021935,-0.42998994838094057,-0.06085909437927878
27.080000000000002,-0.6019917601743171,-0.536362728544324,-0.06562903162999312
27.09,-0.6940225911116511,-0.6215595083944442,-0.07246308271720692
27.1,-0.7614207861453134,-0.6829634492907837,-0.07845733685452971
27.11,-0.8063444778065629,-0.7189906365284218,-0.08735384127814116
27.12,-0.8278428223423425,-0.729152805874306,-0.09869001646803655
27.13,-0.8230679323306898,-0.7140745665956791,-0.10899336573501062
27.14,-0.7974519339383329,-0.6754644457667162,-0.12198748817161675
27.150000000000002,-0.7527652750998228,-0.6160409377666571,-0.1367243373331657
27.16,-0.6898349341735309,-0.5394165628389788,-0.15041837133455216
27.17,-0.6152981593415874,-0.449944646338043,-0.1653535130035444
27.18,-0.5328768697587251,-0.352535056631419,-0.18034181312730607
27.19,-0.4468054412633964,-0.2524464219645221,-0.19435901929887428
27.2,-0.3624093117462804,-0.155063331555913,-0.20734598019036737
27.21,-0.2838622129026311,-0.06566767186829728,-0.2181945410343338
27.22,-0.2173226374798743,0.010786473232372622,-0.2281091107122469
27.23,-0.16477711507122172,0.06988503389388775,-0.23466214896510948
27.240000000000002,-0.12920231148167477,0.10794443756767702,-0.2371467490493518
27.25,-0.11646014954006896,0.12217237322567136,-0.23863252276574032
27.26,-0.12443029191926318,0.11079202656962889,-0.23522231848889208
27.27,-0.15372697130359764,0.07312444407362488,-0.22685141537722253
27.28,-0.20771566942169362,0.009625380625652583,-0.2173410500473462
27.29,-0.2809716663479568,-0.0781251559144209,-0.20284651043353588
27.3,-0.37151077120973935,-0.18748050453325474,-0.18403026667648462
27.310000000000002,-0.4788094588796818,-0.314829983395721,-0.1639794754839608
27.32,-0.5962371598943202,-0.4557425620728771,-0.14049459782144313
27.330000000000002,-0.7199937816993563,-0.6051458506829034,-0.11484793101645296
27.34,-0.8456193234566018,-0.7575331755593732,-0.08808614789722868
27.35,-0.967899136454747,-0.9071902907448384,-0.06070884570990864
27.36,-1.0826817448566994,-1.0484323943102432,-0.03424935054645628
27.37,-1.1830509280144499,-1.1758416176597548,-0.007209310354695075
27.38,-1.2672596089031924,-1.2844950587617563,0.017235449858563845
27.39,-1.3324037619318652,-1.3701737443758721,0.03776998244400698
27.400000000000002,-1.371686965107488,-1.4295436226094391,0.057856657501951014
27.41,-1.3874704327407505,-1.4603007795767533,0.07283034683600276
27.42,-1.379296400638404,-1.4612745007414594,0.08197810010305528
27.43,-1.3430264108265082,-1.4324835025971194,0.08945709177061123
27.44,-1.2843089455335799,-1.375142575467952,0.09083362993437216
27.45,-1.2053908424428565,-1.291618925762796,0.08622808331993936
27.46,-1.1063166316002744,-1.1853396020765212,0.07902297047624685
27.47,-0.9940481879561314,-1.060653447328933,0.0666052593728017
27.48,-0.87271883358372,-0.9226529526083104,0.04993411902459033
27.490000000000002,-0.746471274248025,-0.7769631158071006,0.030491841559075694
27.5,-0.6211566608193669,-0.6295058555324298,0.008349194713062835
27.51,-0.5011857335105836,-0.4862496351124617,-0.014936098398121878
27.52,-0.39311386882589305,-0.3529546634520099,-0.04015920537388318
27.53,-0.29965876872664,-0.23492432555278428,-0.06473444317385571
27.54,-0.22371792330986504,-0.13677333968749142,-0.08694458362237362
27.55,-0.1715923274521161,-0.06222254277843555,-0.10936978467368055
27.560000000000002,-0.1419507873944261,-0.013929191139331614,-0.1280215962550945
27.57,-0.13491148846139045,0.006639731244783954,-0.1415512197061744
27.580000000000002,-0.15387578149027556,-0.0007145743330029724,-0.15316120715727258
27.59,-0.1939745938201418,-0.034897380231413554,-0.15907721358872823
27.6,-0.25233501233153843,-0.09354930125009353,-0.1587857110814449
27.61,-0.32784925859248704,-0.1731287674491225,-0.15472049114336453
27.62,-0.4138744374976282,-0.2690452555305966,-0.1448291819670316
27.63,-0.5055270993034714,-0.3758382913649303,-0.1296888079385411
27.64,-0.5972588777686978,-0.487395282263191,-0.10986359550550678
27.650000000000002,-0.6830672031397766,-0.5971995547993239,-0.0858676483404528
27.66,-0.7579070421723654,-0.6985986349715808,-0.05930840720078456
27.67,-0.8135591384452707,-0.785081871101799,-0.02847726734347178
27.68,-0.846901149857908,-0.8505560085964204,0.0036548587385124565
27.69,-0.8547646526963167,-0.8896073037534268,0.03484265105711004
27.7,-0.8291165509099202,-0.897739215969267,0.06862266505934678
27.71,-0.7710152649892686,-0.871575628948322,0.10056036395905332
27.72,-0.6806113332451373,-0.8090208874786596,0.1284095542335223
27.73,-0.552972267744145,-0.7093696446014074,0.1563973768572624
27.740000000000002,-0.3932498855238608,-0.573361526175159,0.1801116406512982
27.75,-0.20516916777414856,-0.40317785430089287,0.1980086865267443
27.76,0.011197420216628722,-0.20238003631191534,0.21357745652854407
27.77,0.2480638083970833,0.02420837558581537,0.22385543281126793
27.78,0.4992228457909109,0.27067161710262716,0.22855122868828376
27.79,0.759412282773077,0.5302171324364784,0.22919515033659865
27.8,1.0205709201075766,0.795428065679815,0.2251428544277615
27.810000000000002,1.276101650446599,1.0585428304313766,0.2175588200152223
27.82,1.5171738584945151,1.3117505934948628,0.20542326499965236
27.830000000000002,1.7379431980641609,1.5474907922968426,0.19045240576731826
27.84,1.9337728539974957,1.7587445769010777,0.175028277096418
27.85,2.0951214655718755,1.9393063382410307,0.1558151273308448
27.86,2.2201796956230098,2.0840242455742213,0.13615545004878848
27.87,2.3080129164500414,2.1889999387142116,0.11901297773582975
27.88,2.3514454263595064,2.251739155384775,0.09970627097473139
27.89,2.3532657770635566,2.2712470546345798,0.08201872242897679
27.900000000000002,2.316709536049548,2.248064242441432,0.06864529360811611
27.91,2.2391715564749,2.184241922798439,0.05492963367646109
27.92,2.127176089924646,2.0832570865317885,0.04391900339285737
27.93,1.987115833660049,1.9498711073171964,0.037244726342852585
27.94,1.8215256875933976,1.789937437309944,0.03158825028345369
27.95,1.6386686990282449,1.6101661862924088,0.02850251273583604
27.96,1.4459408238817355,1.4178551405480144,0.02808568333372108
27.97,1.2497886406238596,1.220598156269827,0.02919048435403271
27.98,1.0577305804094452,1.0259827890756688,0.031747791333776476
27.990000000000002,0.8756416741204335,0.8412894568944735,0.034352217225959936
28.0,0.7113423914041561,0.6732043594758701,0.03813803192828602
28.01,0.569426425395952,0.5275577968549084,0.04186862854104356
28.02,0.4522713532891641,0.40909846543063744,0.04317288785852669
28.03,0.36617189031569236,0.3213128084110816,0.04485908190461074
28.04,0.3115943935526502,0.26629662026572914,0.04529777328692103
28.05,0.2867126577921433,0.24468393139043426,0.042028726401709016
28.060000000000002,0.2940830609231826,0.25563582082745273,0.03844724009572986
28.07,0.330164700903198,0.296889321636005,0.033275379267192984
28.080000000000002,0.38974584840058146,0.3648640998084364,0.024881748592145037
28.09,0.4708822320209429,0.4548222078534879,0.016060024167455
28.1,0.5673827881572668,0.5610740382024393,0.006308749954827553
28.11,0.6726818927172622,0.6772217205613473,-0.004539827844085131
28.12,0.7812291336449719,0.7964296997187761,-0.015200566073804156
28.13,0.886301116080446,0.9117111586254772,-0.02541004254503121
28.14,0.9824631463930441,1.016218359650955,-0.033755213257910976
28.150000000000002,1.0627038654377414,1.1035248881540853,-0.04082102271634391
28.16,1.1219445260060725,1.1678881987694123,-0.04594367276333977
28.17,1.1578975580527988,1.204481766471798,-0.04658420841899913
28.18,1.1646419237800163,1.2095874912566742,-0.0449455674766579
28.19,1.1402863204065399,1.1807407379967088,-0.04045441759016888
28.2,1.0865027070260223,1.1168224362428307,-0.030319729216808478
28.21,1.0004666546778778,1.0180949299419488,-0.01762827526407107
28.22,0.8839218620336611,0.8861806565797984,-0.0022587945461373105
28.23,0.741835522461907,0.7239851465116688,0.017850375950238195
28.240000000000002,0.5752428576419283,0.535568163096556,0.03967469454537231
28.25,0.38878775986465575,0.3259689535299569,0.06281880633469883
28.26,0.1888778703315923,0.10099345803082684,0.08788441230076548
28.27,-0.020268528093552937,-0.13302714753189387,0.11275861943834094
28.28,-0.2327227463406542,-0.36949608668804496,0.13677334034739075
28.29,-0.4429550542414773,-0.6018176511322519,0.15886259689077464
28.3,-0.6453269475501908,-0.8236595879025159,0.1783326403523251
28.310000000000002,-0.8345438646391202,-1.0292002059375052,0.19465634129838494
28.32,-1.0078546991467157,-1.2133499895611872,0.20549529041447157
28.330000000000002,-1.1603107303170543,-1.3719387256754372,0.21162799535838284
28.34,-1.2888233286877013,-1.5018607470314718,0.21303741834377043
28.35,-1.3942091847905407,-1.6011727935194462,0.2069636087289055
28.36,-1.4738461780351924,-1.6691411117317672,0.1952949336965748
28.37,-1.527572825653831,-1.7062366558322024,0.1786638301783714
28.38,-1.5592075724099723,-1.71407952083574,0.15487194842576768
28.39,-1.5690379771367877,-1.6953359331156028,0.1262979559788151
28.400000000000002,-1.5595094097820263,-1.653573146542987,0.09406373676096069
28.41,-1.5358092922613669,-1.5930793584735548,0.05727006621218789
28.42,-1.5005351574674,-1.5186571921006624,0.01812203463326245
28.43,-1.457553991925293,-1.4354003300076452,-0.02215366191764767
28.44,-1.4114142698762628,-1.3484634854192616,-0.0629507844570012
28.45,-1.365587102818606,-1.2628360396748468,-0.10275106314375915
28.46,-1.3237821819636653,-1.1831293544043384,-0.14065282755932684
28.47,-1.288334580147918,-1.1133870029614663,-0.1749475771864517
28.48,-1.2619710774463002,-1.0569259957293973,-0.20504508171690294
28.490000000000002,-1.2468633309029555,-1.0162155537547073,-0.23064777714824825
28.5,-1.242590869722203,-0.9927981859261175,-0.24979268379608555
28.51,-1.2500190686243082,-0.9872558298359868,-0.2627632387883214
28.52,-1.269097237882717,-0.9992217171080827,-0.2698755207746343
28.53,-1.2972929235402944,-1.0274365160889471,-0.2698564074513472
28.54,-1.3334234160350311,-1.069845283991347,-0.2635781320436841
28.55,-1.3754536448275414,-1.1237299180221088,-0.25172372680543265
28.560000000000002,-1.4202262050891408,-1.1858702133758654,-0.23435599171327537
28.57,-1.4652660645943991,-1.252725385664978,-0.21254067892942108
28.580000000000002,-1.5075876778834674,-1.3206270514626082,-0.1869606264208592
28.59,-1.5450553606637412,-1.3859742204430328,-0.1590811402207084
28.6,-1.5752083087982842,-1.4454208539652134,-0.12978745483307086
28.61,-1.5955104387771637,-1.4960469855343053,-0.09946345324285844
28.62,-1.6059222432978741,-1.535505256039311,-0.07041698725856316
28.63,-1.605240350184445,-1.5621359496893943,-0.04310440049505071
28.64,-1.592571689664617,-1.5750451667974548,-0.017526522867162164
28.650000000000002,-1.5700066158860126,-1.5741425642681417,0.004135948382129051
28.66,-1.538211627933516,-1.5601370500906209,0.0219254221571048
28.67,-1.4984255830831343,-1.5344908433637605,0.03606526028062618
28.68,-1.453855995825357,-1.4993343123904896,0.04547831656513268
28.69,-1.4067435063775857,-1.457345887397926,0.050602381020340204
28.7,-1.3600128005815595,-1.4116030241586708,0.051590223577111294
28.71,-1.3163908633370112,-1.365411592329493,0.04902072899248178
28.72,-1.27861743893037,-1.322122112794175,0.043504673863804966
28.73,-1.2500575661922737,-1.2849419227477408,0.034884356555467066
28.740000000000002,-1.2315084722841374,-1.2567525749191266,0.02524410263498922
28.75,-1.2248320009333886,-1.2399415670185974,0.015109566085208748
28.76,-1.2322528200090954,-1.2362568581488542,0.004004038139758803
28.77,-1.2520285175922743,-1.2466915891933716,-0.005336928398902652
28.78,-1.2840838533522128,-1.2714050311906309,-0.012678822161581893
28.79,-1.328215184951343,-1.3096841028341402,-0.01853108211720289
28.8,-1.3807144683252282,-1.3599479023732828,-0.02076656595194537
28.810000000000002,-1.4393232476495206,-1.4197956771694726,-0.01952757048004794
28.82,-1.5009709153091686,-1.4860965988632653,-0.014874316445903313
28.830000000000002,-1.561575422147694,-1.5551177182294709,-0.006457703918223201
28.84,-1.61741692550489,-1.6226846335534884,0.00526770804859833
28.85,-1.6632325372011358,-1.6843678052836184,0.02113526808248256
28.86,-1.6965464141729363,-1.7356861627425768,0.03913974856964053
28.87,-1.713607878078218,-1.77231873673546,0.058710858657242015
28.88,-1.7085992960547198,-1.7903145590613185,0.0817152630065987
28.89,-1.6821750144813408,-1.7862910214313095,0.1041160069499687
28.900000000000002,-1.6321193139928896,-1.7576112872462044,0.12549197325331485
28.91,-1.5541235950533505,-1.7025321848372832,0.14840858978393268
28.92,-1.4523287685402289,-1.6203152451157605,0.16798647657553167
28.93,-1.3271008417040917,-1.5112951268499808,0.1841942851458891
28.94,-1.1773845319555754,-1.3769015298348068,0.1995169978792315
28.95,-1.0097274866753259,-1.2196327480295717,0.2099052613542458
28.96,-0.8271414940471402,-1.0429811701210072,0.215839676073867
28.97,-0.6325621912298529,-0.8513131975937605,0.21875100636390754
28.98,-0.4327415297084602,-0.6497081231299389,0.21696659342147867
28.990000000000002,-0.2323428004917842,-0.443762401423606,0.2114196009318218
29.0,-0.037657933185487096,-0.23936736445719986,0.20170943127171276
29.01,0.14688095582043525,-0.04246970974491073,0.189350665565346
29.02,0.31665781420039796,0.14117503620480631,0.17548277799559164
29.03,0.4639157392796766,0.30624544743855725,0.15767029184111936
29.04,0.5883997140668005,0.44808292598132254,0.14031678808547793
29.05,0.687294213232325,0.5628961360508078,0.12439807718151719
29.060000000000002,0.7539387969714725,0.6479320059712877,0.10600679100018473
29.07,0.792659887865685,0.7016055191787693,0.09105436868691563
29.080000000000002,0.8035602270892989,0.7235822269800094,0.07997800010928946
29.09,0.7834354356386947,0.714809404335593,0.06862603130310163
29.1,0.7398874332097353,0.6774939499051298,0.06239348330460548
29.11,0.675964922238051,0.6150274082002459,0.06093751403780512
29.12,0.593222060789758,0.5318607656507921,0.06136129513896593
29.13,0.4999197638872796,0.43333384423194693,0.06658591965533267
29.14,0.4009560381467325,0.32546609077204663,0.07548994737468584
29.150000000000002,0.3023629331041658,0.2147172503427822,0.0876456827613836
29.16,0.2100624470087609,0.10772774368325497,0.10233470332550593
29.17,0.1290084613542063,0.011049482467985035,0.11795897888622126
29.18,0.06778935757616651,-0.06912168836487884,0.13691104594104536
29.19,0.027795311922564403,-0.1272007558077239,0.1549960677302883
29.2,0.012246714094716418,-0.1584448489047877,0.1706915629995041
29.21,0.029188331487932068,-0.15915139193571595,0.18833972342364802
29.22,0.07507757181256247,-0.12681477631250618,0.20189234812506865
29.23,0.15013726795104965,-0.06023496182285405,0.21037222977390369
29.240000000000002,0.25897729910964434,0.0404265646031051,0.21855073450653925
29.25,0.39436973243720164,0.17364583150861373,0.2207239009285879
29.26,0.5533796877565236,0.33659047316003177,0.2167892145964918
29.27,0.7355382380289136,0.5252266011657992,0.21031163686311438
29.28,0.9323731479226167,0.7344739785513976,0.1978991693712191
29.29,1.1388085076238386,0.9584029998047623,0.18040550781907627
29.3,1.3494618632017836,1.1904652444326302,0.15899661876915339
29.310000000000002,1.55740202144346,1.4237479912549613,0.13365403018849875
29.32,1.7572277212716014,1.651242114398355,0.10598560687324632
29.330000000000002,1.9405026272271984,1.866112269925679,0.07439035730151944
29.34,2.104030146585309,2.0619582445555973,0.04207190202971178
29.35,2.244014576110744,2.2330567745588352,0.01095780155190873
29.36,2.3517901213921975,2.374574032616499,-0.022783911224301345
29.37,2.428798053657483,2.482740282513425,-0.05394222885594191
29.38,2.474170086666833,2.5549798575806864,-0.08080977091385355
29.39,2.481747662091508,2.589991555243169,-0.10824389315166094
29.400000000000002,2.456990046982857,2.5877766714988137,-0.1307866245159568
29.41,2.4021847801647427,2.5496141322715293,-0.14742935210678665
29.42,2.3153579874602332,2.4779844160866005,-0.16262642862636723
29.43,2.204133237485988,2.3764461075870167,-0.1723128701010288
29.44,2.0730289292174673,2.24947088189284,-0.17644195267537288
29.45,1.924341809269132,2.1022444122593975,-0.1779026029902655
29.46,1.7654572812369544,1.9404420467937433,-0.17498476555678888
29.47,1.6014274036359377,1.7699890583993223,-0.16856165476338458
29.48,1.4373983626912823,1.5968157976243127,-0.1594174349330304
29.490000000000002,1.278391241168364,1.4266181519639316,-0.1482269107955676
29.5,1.128188178043305,1.264633338661053,-0.13644516061774814
29.51,0.9924931742451676,1.115440252187021,-0.12294707794185344
29.52,0.8727891819304162,0.9827923920864038,-0.11000321015598757
29.53,0.7703637747049591,0.8694898682506015,-0.09912609354564239
29.54,0.6892342409526213,0.7772951896190542,-0.08806094866643288
29.55,0.6274307411736051,0.7068955703768408,-0.07946482920323572
29.560000000000002,0.5835378616603506,0.6579124237059789,-0.07437456204562831
29.57,0.5585223556648307,0.628956649030654,-0.0704342933658233
29.580000000000002,0.5481645995196943,0.6177263455243236,-0.06956174600462928
29.59,0.5491798077636629,0.6211417884976764,-0.0719619807340135
29.6,0.5594379303667919,0.635510963473567,-0.07607303310677505
29.61,0.5742812139298857,0.6567177304525582,-0.08243651652267248
29.62,0.5900491160747875,0.6804238383143424,-0.0903747222395549
29.63,0.602684299514894,0.7022755596678859,-0.09959126015299191
29.64,0.6088369176272763,0.718105684558555,-0.10926876693127863
29.650000000000002,0.6060001199695709,0.7241219931928555,-0.1181218732232846
29.66,0.5900101429559891,0.7170741006680149,-0.12706395771202583
29.67,0.5599115496883781,0.6943916906904192,-0.1344801410020411
29.68,0.5153078629239667,0.6542885751707119,-0.13898071224674524
29.69,0.45362682872951005,0.5958286644102331,-0.14220183568072303
29.7,0.37642126478651705,0.5189517308307058,-0.14253046604418873
29.71,0.2854395834383055,0.4244587144009324,-0.1390191309626269
29.72,0.18061265539506696,0.3139581645376188,-0.13334550914255186
29.73,0.0651986104040254,0.18977715756001445,-0.12457854715598905
29.740000000000002,-0.057755866605935305,0.05484159260432904,-0.11259745921026434
29.75,-0.18598650324928048,-0.08746791681502891,-0.09851858643425157
29.76,-0.3158723752774862,-0.2334773305963931,-0.08239504468109307
29.77,-0.4443967845655986,-0.3793897651397971,-0.0650070194258015
29.78,-0.5680453779219158,-0.5214572032560999,-0.046588174665815885
29.79,-0.6841760642289223,-0.6561452610350137,-0.028030803193908604
29.8,-0.7910323622206593,-0.7802834141920303,-0.010748948028629024
29.810000000000002,-0.8853149801087945,-0.8911939061791421,0.005878926070347568
29.82,-0.9662035814537462,-0.9867936853649192,0.020590103911172997
29.830000000000002,-1.0338221305980273,-1.0656650930601756,0.03184296246214835
29.84,-1.0862800328435183,-1.1270925812820243,0.04081254843850601
29.85,-1.124645705518174,-1.1710644042737741,0.04641869875560012
29.86,-1.1507027793929552,-1.1982399219602577,0.04753714256730257
29.87,-1.1643971453897903,-1.2098847970896467,0.04548765169985636
29.88,-1.1680087360907028,-1.2077778841885114,0.039769148097808626
29.89,-1.164059284713488,-1.194094927571383,0.03003564285789495
29.900000000000002,-1.153859204518072,-1.171275247166442,0.017416042648370045
29.91,-1.139790851788514,-1.141878346970088,0.0020874951815739173
29.92,-1.1239343302332345,-1.1084377982414224,-0.015496531991812112
29.93,-1.107861296474698,-1.0733198108513207,-0.034541485623377444
29.94,-1.0929795461176077,-1.0385936110109404,-0.05438593510666734
29.95,-1.0800375014282975,-1.0059201080921558,-0.07411739333614165
29.96,-1.0696745496277194,-0.9764643894159354,-0.09321016021178397
29.97,-1.0617150827748245,-0.9508363759827677,-0.1108787067920568
29.98,-1.0553875036278402,-0.9290625624537865,-0.12632494117405368
29.990000000000002,-1.0496868585345476,-0.910590218845436,-0.13909663968911157
30.0,-1.04295799901686,-0.8943238230622752,-0.14863417595458484
30.01,-1.0335166521211765,-0.8786918989100723,-0.15482475321110423
30.02,-1.018834996413973,-0.8617409290617272,-0.15709406735224574
30.03,-0.9965587830057474,-0.8412516676612609,-0.1553071153444865
30.04,-0.9652244872403852,-0.8148720562484731,-0.1503524309919121
30.05,-0.9217159242284372,-0.7802601022899135,-0.14145582193852368
30.060000000000002,-0.8641353745642338,-0.7352295516341816,-0.12890582293005226
30.07,-0.7923781938435206,-0.6778909996886705,-0.11448719415485009
30.080000000000002,-0.7041011786088855,-0.6067812501301031,-0.09731992847878246
30.09,-0.5989400121102235,-0.520974237288703,-0.07796577482152056
30.1,-0.47874202566311763,-0.42016765581443,-0.058574369848687635
30.11,-0.3431356975271104,-0.304740550822061,-0.0383951467050494
30.12,-0.19385011140746444,-0.175778462324961,-0.018071649082503444
30.13,-0.03439622154971146,-0.035064227606905835,0.000668006057194373
30.14,0.1331335783944438,0.11496584539840349,0.018167732996040326
30.150000000000002,0.30513250393613944,0.27129908593560476,0.03383341800053469
30.16,0.47756118180213825,0.4304539171842418,0.04710726461789644
30.17,0.6463440369368533,0.5886132686730519,0.05773076826380141
30.18,0.8069672657357426,0.7417782812975515,0.0651889844381911
30.19,0.9564346890084223,0.8859356223469463,0.07049906666147598
30.2,1.0900118776261947,1.017231006336732,0.07278087128946265
30.21,1.2037022589571522,1.1321411279374045,0.0715611310197477
30.22,1.2969288509432975,1.2276361750075655,0.06929267593573196
30.23,1.3659842945019787,1.3013254058946282,0.06465888860735047
30.240000000000002,1.4087840488584387,1.3515789329345536,0.05720511592388511
30.25,1.4277507587237077,1.3776198252004934,0.050130933523214294
30.26,1.421604495858736,1.3795818856116444,0.04202261024709153
30.27,1.3910390533176793,1.3585299158970314,0.03250913742064787
30.28,1.3409446038291006,1.3164408932575142,0.0245037105715864
30.29,1.2730268882629292,1.2561461736987436,0.016880714564185606
30.3,1.1907557404856965,1.1812365341141617,0.009519206371534805
30.310000000000002,1.099955477921085,1.0959334932166032,0.004021984704481785
30.32,1.004788978808367,1.0049318383855994,-0.0001428595772323682
30.330000000000002,0.9105737374211701,0.9132195657588761,-0.002645828337705991
30.34,0.8220503796778647,0.8258824580148525,-0.003832078336987843
30.35,0.7443898163645746,0.7479012335394981,-0.0035114171749235368
30.36,0.6831566222654424,0.683949570975964,-0.0007929487105216015
30.37,0.6402421771758134,0.6382013284398608,0.0020408487359526717
30.38,0.6199711902201057,0.6141549365130481,0.005816253707057628
30.39,0.6263704791263963,0.6144822636682432,0.011888215458153106
30.400000000000002,0.6576471219495387,0.640908262043876,0.016738859905662706
30.41,0.7156887374097716,0.6941264439538419,0.021562293455929638
30.42,0.8015790480914027,0.7737537701099181,0.027825277981484597
30.43,0.9102931235715633,0.8783269131534327,0.031966210418130636
30.44,1.0405230026654382,1.005340164729785,0.03518283793565313
30.45,1.1898371280481133,1.151323553956611,0.038513574091502356
30.46,1.351609656004275,1.3119581124313477,0.03965154357292722
30.47,1.5216705601557978,1.4822237251325232,0.03944683502327462
30.48,1.6945270682692313,1.656573710447127,0.037953357822104294
30.490000000000002,1.864220307589091,1.8291292296756978,0.035091077913393276
30.5,2.025005826284813,1.9938858788416478,0.031119947443165374
30.51,2.1696788181568976,2.1449243923765193,0.02475442578037823
30.52,2.2950728724979417,2.276617303842837,0.01845556865510467
30.53,2.3956392915392355,2.3838236630346272,0.011815628504608267
30.54,2.4642949147155644,2.4620644866477432,0.002230428067821144
30.55,2.501917671620006,2.50767249248781,-0.005754820867803989
30.560000000000002,2.5047877070015225,2.5179107937263003,-0.0131230867247778
30.57,2.4677090409336526,2.4910565584267017,-0.023347517493049086
30.580000000000002,2.395563567462755,2.4264471108091663,-0.03088354334641119
30.59,2.2874203823682575,2.324487499569134,-0.03706711720087652
30.6,2.141155874947938,2.1866201177150577,-0.04546424276711969
30.61,1.964361320403315,2.01525846118474,-0.05089714078142493
30.62,1.7589175458409259,1.8136884968569293,-0.05477095101600349
30.63,1.526070850219625,1.5859423177239356,-0.059871467504310605
30.64,1.2740397032114126,1.3366497458872246,-0.06261004267581205
30.650000000000002,1.0066844630263097,1.0708742653504641,-0.0641898023241545
30.66,0.7280191563924466,0.7939401011762846,-0.06592094478383792
30.67,0.4447301660300551,0.5112573974081045,-0.06652723137804939
30.68,0.16134032292040285,0.2281522846083801,-0.06681196168797726
30.69,-0.11660053333187634,-0.05029181659658145,-0.0663087167352949
30.7,-0.38548587190064365,-0.31937601026034107,-0.06610986164030258
30.71,-0.6414357368257215,-0.574906131882218,-0.06652960494350357
30.72,-0.8787830040829248,-0.8132877127578965,-0.0654952913250283
30.73,-1.0975135905647972,-1.0315932787079094,-0.06592031185688785
30.740000000000002,-1.2952554356742163,-1.227600833521034,-0.06765460215318231
30.75,-1.467376003163568,-1.3998036547909867,-0.06757234837258141
30.76,-1.616901852597989,-1.5473927537079657,-0.06950909889002332
30.77,-1.7431828735832529,-1.6702144673826405,-0.0729684062006124
30.78,-1.8431997022018372,-1.768706615226745,-0.07449308697509216
30.79,-1.9217416880958187,-1.8438174208321263,-0.07792426726369239
30.8,-1.9795023646588328,-1.8969119485790058,-0.08259041607982698
30.810000000000002,-2.0150149753626256,-1.9296711117586909,-0.08534386360393476
30.82,-2.033370867495527,-1.9439883698069262,-0.08938249768860085
30.830000000000002,-2.035905683923943,-1.941869051455179,-0.09403663246876381
30.84,-2.022180090409728,-1.925336834524313,-0.09684325588541487
30.85,-1.9964652545784143,-1.896351308177364,-0.10011394640105031
30.86,-1.9600586788043395,-1.8567397748886298,-0.10331890391570964
30.87,-1.9128830192941353,-1.8081455592127966,-0.10473746008133866
30.88,-1.8579093736035353,-1.751994125422843,-0.1059152481806922
30.89,-1.7960081099886722,-1.68947731542063,-0.10653079456804226
30.900000000000002,-1.7269901010032553,-1.6215550512311543,-0.10543504977210105
30.91,-1.6526841133165608,-1.5489729497726232,-0.10371116354393761
30.92,-1.5735291255595973,-1.472293513833192,-0.10123561172640527
30.93,-1.4891448170428996,-1.3919379281979831,-0.09720688884491646
30.94,-1.40074396726925,-1.3082350314995999,-0.09250893576965025
30.95,-1.3086156225907217,-1.2214737711841495,-0.08714185140657227
30.96,-1.2124995050075262,-1.1319553895621266,-0.08054411544539963
30.970000000000002,-1.11350413194304,-1.0400417315727217,-0.07346240037031837
30.98,-1.0121132552244871,-0.946196397962305,-0.0659168572621821
30.990000000000002,-0.9086902384758787,-0.851015970132227,-0.05767426834365175
31.0,-0.8044246342665101,-0.7552491759215901,-0.04917545834491999
31.01,-0.7001781797376138,-0.6598026134768709,-0.0403755662607429
31.02,-0.5973227641878183,-0.5657324628248362,-0.03159030136298202
31.03,-0.49689940265341215,-0.47422244883536785,-0.0226769538180443
31.04,-0.40005885722945234,-0.38654913143469866,-0.01350972579475368
31.05,-0.30913326936567687,-0.3040363473216776,-0.005096922043999252
31.060000000000002,-0.2245681679460023,-0.2280012738242744,0.0034331058782721136
31.07,-0.14743767632236832,-0.15969509718660999,0.01225742086424167
31.080000000000002,-0.08051771399883956,-0.10024161883291836,0.019723904834078806
31.09,-0.023236892347918314,-0.05057730660367907,0.027340414255760753
31.1,0.02387189291797359,-0.011396285231018103,0.03526817814899169
31.11,0.05840520325749636,0.016896437576119448,0.041508765681376916
31.12,0.0820826594350548,0.0342205858648088,0.047862073570246
31.13,0.09524355354204249,0.04084267616118357,0.05440087738085892
31.14,0.09664287813821802,0.03738278738862229,0.059260090749595734
31.150000000000002,0.0888565642139029,0.024805057500192386,0.06405150671371052
31.16,0.07310601543269979,0.004391737235480769,0.06871427819721902
31.17,0.049716263517018404,-0.022298537654321875,0.07201480117134028
31.18,0.021461100412655736,-0.053486786763565185,0.07494788717622092
31.19,-0.009917808770931834,-0.0872418249303885,0.07732401615945667
31.2,-0.04269160772564312,-0.12155764510660964,0.07886603738096652
31.21,-0.07469087683525391,-0.1544366767872633,0.0797457999520094
31.220000000000002,-0.1042705485976094,-0.18397520008484458,0.07970465148723518
31.23,-0.12901109316611903,-0.20844701933215468,0.07943592616603565
31.240000000000002,-0.14799680975474674,-0.22638150962300463,0.07838469986825788
31.25,-0.16031095183523597,-0.2366323454075246,0.07632139357228862
31.26,-0.16384479679330052,-0.23843359363639488,0.07458879684309436
31.27,-0.15918259151694447,-0.2314403879478072,0.07225779643086272
31.28,-0.146519289115909,-0.21575207026688242,0.06923278115097342
31.29,-0.12496369925557535,-0.1919164607000412,0.06695276144446585
31.3,-0.09633899426889543,-0.1609147595314284,0.06457576526253296
31.310000000000002,-0.06191374028557924,-0.12412745699456966,0.06221371670899042
31.32,-0.022473916228728644,-0.08328248647118246,0.06080857024245381
31.330000000000002,0.019604093423306698,-0.04038766461736291,0.059991758040669606
31.34,0.06244370287734209,0.00234982011534085,0.06009388276200124
31.35,0.1037490195897633,0.04261351448759595,0.06113550510216736
31.36,0.14146364435941106,0.07807360331692381,0.06339004104248724
31.37,0.17382767602597887,0.10648453635303613,0.06734313967294274
31.38,0.19776673493484762,0.12578021920269428,0.07198651573215334
31.39,0.2123029719238188,0.1341627079026239,0.0781402640211949
31.400000000000002,0.2165000728803788,0.13018062912062747,0.08631944375975134
31.41,0.20752441017931156,0.11279399969901414,0.09473041048029741
31.42,0.1858648592620137,0.08142271906530973,0.10444214019670398
31.43,0.1518239963313351,0.03597672785799049,0.11584726847334459
31.44,0.10373939678733096,-0.023133367553543196,0.12687276434087416
31.45,0.043465359405046616,-0.0950055494773566,0.1384709088824032
31.46,-0.027493107768434204,-0.17827500180283487,0.15078189403440068
31.470000000000002,-0.10911309219800647,-0.27116072557357457,0.1620476333755681
31.48,-0.19871120907278877,-0.37152803384422767,0.1728168247714389
31.490000000000002,-0.294051418268198,-0.47696413727278164,0.18291271900458367
31.5,-0.393482437443852,-0.5848634986848118,0.19138106124095983
31.51,-0.4942627751814794,-0.69251925677872,0.19825648159724057
31.52,-0.5941475328091661,-0.7972168120261001,0.20306927921693396
31.53,-0.690417857080662,-0.8963256393872364,0.20590778230657447
31.54,-0.7810120371885703,-0.9873855420608859,0.20637350487231565
31.55,-0.8643752881257067,-1.0681838791951748,0.20380859106946803
31.560000000000002,-0.937537882762382,-1.1368207715880891,0.1992828888257071
31.57,-0.9995859101828608,-1.1917598892477035,0.19217397906484268
31.580000000000002,-1.0500787303015555,-1.2318631238416604,0.1817843935401049
31.59,-1.0865504067663245,-1.256408213785164,0.16985780701883946
31.6,-1.1093084011033092,-1.2650891835306286,0.1557807824273194
31.61,-1.1190451474597096,-1.25800024409572,0.13895509663601047
31.62,-1.1142344083304978,-1.2356045423687363,0.12137013403823849
31.63,-1.096107560797951,-1.198689808152177,0.10258224735422616
31.64,-1.066141116773404,-1.1483135002452365,0.08217238347183242
31.650000000000002,-1.0237671772261814,-1.0857404716062014,0.06197329438001997
31.66,-0.9706241370142249,-1.0123764408491027,0.041752303834877824
31.67,-0.9084348925611767,-0.9297006624622827,0.021265769901105958
31.68,-0.8372759270295445,-0.8392011284397868,0.0019252014102423276
31.69,-0.7586712218321479,-0.7423154145970251,-0.016355807235122755
31.7,-0.6741014839966948,-0.6403799183475224,-0.03372156564917239
31.71,-0.5838557674757464,-0.5345897406622843,-0.04926602681346215
31.720000000000002,-0.4890122972717773,-0.42597086870711065,-0.06304142856466666
31.73,-0.3905620027091824,-0.3153656472582869,-0.07519635545089548
31.740000000000002,-0.28869719706715485,-0.20343181957847079,-0.08526537748868407
31.75,-0.18401258376387913,-0.09065470667342558,-0.09335787709045355
31.76,-0.07706814553296915,0.02262858770047303,-0.09969673323344218
31.77,0.03207030669504729,0.13619467746843164,-0.10412437077338435
31.78,0.1430564449685709,0.2498913574069841,-0.1068349124384132
31.79,0.25547959273751814,0.3635896952328454,-0.10811010249532726
31.8,0.3691438118978152,0.4771336915114781,-0.10798987961366291
31.810000000000002,0.4835731547451243,0.5902905705808527,-0.10671741583572836
31.82,0.5981908433188151,0.7027047365039462,-0.10451389318513105
31.830000000000002,0.7122693969569603,0.8138582477380799,-0.10158885078111957
31.84,0.8248671859085601,0.9230403422844339,-0.09817315637587376
31.85,0.9350969730770475,1.0293280977973722,-0.09423112472032469
31.86,1.0413766365322967,1.1315797605969373,-0.0902031240646406
31.87,1.1421715335009985,1.228441650611511,-0.08627011711051247
31.88,1.236435137989852,1.3183688763022277,-0.08193373831237571
31.89,1.3216892042696027,1.3996594068874508,-0.07797020261784815
31.900000000000002,1.395972859426994,1.4705003814265707,-0.07452752199957668
31.91,1.458510347977547,1.5290249171458863,-0.07051456916833931
31.92,1.5062593820627497,1.5733771417934086,-0.06711775973065892
31.93,1.5372661981167162,1.6017827418340331,-0.06451654371731697
31.94,1.5515777350933366,1.6126220098768185,-0.061044274783481844
31.95,1.5462304563116351,1.6045022048001114,-0.05827174848847627
31.96,1.5198475870819035,1.5763260139501014,-0.05647842686819793
31.970000000000002,1.4737370724440462,1.527353029001328,-0.053615956557281796
31.98,1.4057714642297154,1.4572514092259137,-0.051479944996198235
31.990000000000002,1.3156719611848324,1.366137295212811,-0.05046533402797859
32.0,1.2061152103300683,1.2546000339241352,-0.04848482359406692
32.01,1.076427949221636,1.1237118589530384,-0.047283909731402396
32.02,0.9277259085880927,0.9750213108625383,-0.04729540227444562
32.03,0.7637243099194166,0.8105303520877389,-0.04680604216832229
32.04,0.5854689039574879,0.6326557986853736,-0.04718689472788573
32.05,0.3954361249532744,0.4441763273243783,-0.04874020237110388
32.06,0.19766247619894178,0.2481668923360119,-0.05050441613707013
32.07,-0.005270776442871189,0.04792287957142893,-0.053193656014300116
32.08,-0.20989381287309053,-0.1531232892627846,-0.056770523610305934
32.09,-0.41275901884260674,-0.3514901215238314,-0.06126889731877533
32.1,-0.6103267764813842,-0.5437364707636555,-0.06659030571772873
32.11,-0.7987382148004014,-0.726549285403576,-0.07218892939682542
32.12,-0.9759693643519881,-0.8968266949336886,-0.0791426694182995
32.13,-1.1383154039219214,-1.0517536877184794,-0.086561716203442
32.14,-1.2822100947507948,-1.1888679898131047,-0.09334210493769013
32.15,-1.407566029376177,-1.3061141979005342,-0.10145183147564274
32.160000000000004,-1.5112911230791923,-1.401884729098888,-0.10940639398030427
32.17,-1.590702248555638,-1.4750467010626127,-0.1156555474930252
32.18,-1.6476988241555297,-1.5249544214198385,-0.1227444027356912
32.19,-1.680361368628674,-1.551447720160454,-0.12891364846822007
32.2,-1.6872633715194185,-1.5548368774836714,-0.13242649403574713
32.21,-1.6718837238287287,-1.5358753607280704,-0.13600836310065834
32.22,-1.6337045320024124,-1.4957219687862686,-0.13798256321614377
32.230000000000004,-1.5726604580233146,-1.4358942766649758,-0.13676618135833873
32.24,-1.4930807412057496,-1.358215467357225,-0.13486527384852454
32.25,-1.3957451724318326,-1.2647567289925679,-0.13098844343926475
32.26,-1.281808642713849,-1.1577773836937635,-0.1240312590200856
32.27,-1.1556075223055768,-1.0396648071675505,-0.11594271513802634
32.28,-1.0188693770088075,-0.9128760058847372,-0.10599337112407037
32.29,-0.8736573939063679,-0.7798824567624257,-0.09377493714394214
32.3,-0.7235623044624471,-0.6431195005588112,-0.0804428039036359
32.31,-0.5707907996171108,-0.504941234706889,-0.06584956491022176
32.32,-0.41792003801363214,-0.36758149486878233,-0.05033854314484981
32.33,-0.26727446351411066,-0.23312116760083545,-0.034153295913275206
32.34,-0.12106990402222333,-0.10346175827305443,-0.0176081457491689
32.35,0.018008792177290414,0.01969513456614559,-0.0016863423888551742
32.36,0.14913700468350122,0.1348630015148738,0.014274003168627425
32.37,0.27048409908489346,0.240780970832162,0.02970312825273147
32.38,0.37963741094306563,0.33642050616328567,0.04321690477977996
32.39,0.47723617461571577,0.42098903695128725,0.056247137664428515
32.4,0.5621192801645251,0.49393123677284184,0.06818804339168322
32.410000000000004,0.6324849845778268,0.5549285365757363,0.0775564480020905
32.42,0.6901848354672022,0.6038972839174247,0.08628755154977752
32.43,0.7348907561564143,0.6409857511967166,0.09390500495969767
32.44,0.7656950639145041,0.6665699729732816,0.09912509094122257
32.45,0.7852503302860686,0.6812481732283475,0.10400215705772109
32.46,0.7940936820008405,0.6858333461787703,0.10826033582207018
32.47,0.7924019140261963,0.6813433961464483,0.11105851787974796
32.480000000000004,0.7831021751576274,0.668988137871175,0.11411403728645242
32.49,0.7674778114208561,0.6501524201991535,0.1173253912217026
32.5,0.746821693713605,0.6263746709702341,0.12044702274337082
32.51,0.7237401675595334,0.5993202723211232,0.12441989523841024
32.52,0.699975742285841,0.5707493618300017,0.12922638045583934
32.53,0.6777341865120075,0.5424789093651793,0.13525527714682817
32.54,0.6587109905482356,0.5163392309089145,0.14237175963932103
32.55,0.6446665961838598,0.4941254535643449,0.1505411426195149
32.56,0.6382365350139312,0.4775448215217891,0.16069171349214206
32.57,0.6397400692417513,0.4681611095512037,0.1715789596905476
32.58,0.6504309007871925,0.46733776578436975,0.1830931350028227
32.59,0.6726423687984455,0.4761817161463975,0.19646065265204804
32.6,0.7051283225782029,0.49549000685737277,0.20963831572083014
32.61,0.7481592481529442,0.5257016193381805,0.22245762881476372
32.62,0.802920093080174,0.5668568474932908,0.23606324558688319
32.63,0.8668212464430614,0.6185665690900355,0.24825467735302587
32.64,0.9388849538042516,0.6799935645216907,0.25889138928256095
32.65,1.0184140576973915,0.7498477372483765,0.26856632044901496
32.660000000000004,1.1021574096957685,0.8263966764686244,0.2757607332271441
32.67,1.1879725616382109,0.9074924860792315,0.28048007555897936
32.68,1.2729215674594658,0.9906152025773486,0.28230636488211724
32.69,1.3541374038279488,1.072932461310618,0.28120494251733086
32.7,1.4287910951729277,1.1513743727542989,0.2774167224186288
32.71,1.4919295965461254,1.2227218687957346,0.2692077277503908
32.72,1.5422243320031626,1.2837061056288395,0.2585182263743231
32.730000000000004,1.576945001409006,1.3311158973945836,0.24582910401442248
32.74,1.5899975105177748,1.361909634481841,0.22808787603593372
32.75,1.5824928071746527,1.373327740960965,0.2091650662136877
32.76,1.5526748021452312,1.3630014712340206,0.18967333091121064
32.77,1.4946912227638796,1.3290537553599844,0.16563746740389518
32.78,1.4123834303314018,1.2701878877120167,0.14219554261938505
32.79,1.3056485873860084,1.185760119257844,0.11988846812816445
32.8,1.1704311078839216,1.0758326565041403,0.09459845137978129
32.81,1.012768235499141,0.9412041786378749,0.0715640568612661
32.82,0.8343981590242332,0.7834157394492033,0.050982419575029914
32.83,0.6344422311609454,0.6047307958513419,0.029711435309603518
32.84,0.4197022974486623,0.4080890676048509,0.011613229843811357
32.85,0.19346385273411687,0.19703494561971424,-0.003571092885597371
32.86,-0.04151339686743635,-0.02437781207752166,-0.01713558478991469
32.87,-0.27936186764923543,-0.2517023697045228,-0.02765949794471262
32.88,-0.5160730625752901,-0.48023244989234354,-0.03584061268294653
32.89,-0.7459372431541857,-0.7051488836401919,-0.040788359513993844
32.9,-0.9654888793474559,-0.9216740002922517,-0.0438148790552042
32.910000000000004,-1.1711632356861288,-1.1252283279931643,-0.04593490769296449
32.92,-1.3558812383378882,-1.3115838284051529,-0.04429740993273534
32.93,-1.5194726136157939,-1.4770078677783411,-0.042464745837452744
32.94,-1.659921756437231,-1.6183923364866002,-0.041529419950630864
32.95,-1.7707826711514385,-1.7333627679673094,-0.03741990318412913
32.96,-1.8552100712855832,-1.8203629630137579,-0.034847108271825356
32.97,-1.9133984016607737,-1.8787114745753155,-0.034686927085458175
32.980000000000004,-1.9413256505932415,-1.9086273210296056,-0.03269832956363583
32.99,-1.9445994425370872,-1.9112234342540062,-0.03337600828308096
33.0,-1.9255862979700369,-1.888467568729251,-0.037118729240785964
33.01,-1.8836838456084253,-1.8431116511553456,-0.04057219445307969
33.02,-1.8254139709609927,-1.7785917862412879,-0.046822184719704785
33.03,-1.754555018296062,-1.6989023029342076,-0.055652715361854455
33.04,-1.6737941886681407,-1.6084482779031053,-0.06534591076503538
33.05,-1.588805525421279,-1.5118818652198334,-0.07692366020144559
33.06,-1.5035277920111678,-1.4139284545523878,-0.08959933745878002
33.07,-1.4227256587060801,-1.3192091441915965,-0.10351651451448363
33.08,-1.3497558924600896,-1.2320662283571608,-0.1176896641029288
33.09,-1.287391170936928,-1.1563983490538652,-0.13099282188306272
33.1,-1.2405889748081573,-1.0955116505288536,-0.14507732427930375
33.11,-1.2096406254747514,-1.0519927091735946,-0.15764791630115682
33.12,-1.1952105280360321,-1.02760821404883,-0.16760231398720205
33.13,-1.2005295355220864,-1.0232353733110116,-0.17729416221107486
33.14,-1.2230041903061104,-1.0388258584085686,-0.18417833189754185
33.15,-1.2609716909296207,-1.0734048166588412,-0.18756687427077945
33.160000000000004,-1.3146291007991158,-1.1251051344514944,-0.18952396634762136
33.17,-1.3795314229542084,-1.1912357715814776,-0.18829565137273074
33.18,-1.4522855848421685,-1.2683816665946317,-0.18390391824753682
33.19,-1.5297936632103344,-1.3525314865426685,-0.17726217666766586
33.2,-1.6073125531698076,-1.4392284115105973,-0.16808414165921026
33.21,-1.6809382482261805,-1.5237382482747974,-0.15719999995138312
33.22,-1.745136118560141,-1.601228494495403,-0.14390762406473812
33.230000000000004,-1.7964579534693828,-1.6669515519145506,-0.12950640155483217
33.24,-1.8319142920356566,-1.716425130930493,-0.1154891611051636
33.25,-1.8452055564020655,-1.7456030056048062,-0.09960255079725933
33.26,-1.835333765847686,-1.7510296625134611,-0.08430410333422489
33.27,-1.8013616342531973,-1.729973022905468,-0.07138861134772934
33.28,-1.7381375047273073,-1.6805302792624193,-0.05760722546488806
33.29,-1.6475031816113976,-1.6017029393936926,-0.04580024221770507
33.3,-1.5310262669367125,-1.493438370934811,-0.0375878960019016
33.31,-1.3862210498465708,-1.3566364380613605,-0.029584611785210324
33.32,-1.2173077792249767,-1.193121168178237,-0.024186611046739692
33.33,-1.0279672165206233,-1.0055787255253545,-0.02238849099526874
33.34,-0.8190216354070714,-0.7974642479521087,-0.021557387454962718
33.35,-0.5959300167592967,-0.5728812722924781,-0.023048744466818594
33.36,-0.3633834721322694,-0.3364384874444129,-0.0269449846878565
33.37,-0.12510862398302156,-0.09308937375061176,-0.0320192502324098
33.38,0.11365004571324153,0.1520391178490393,-0.038389072135797786
33.39,0.3486282002842502,0.3938223442195946,-0.04519414393534443
33.4,0.5744599573136667,0.6273116106782458,-0.05285165336457909
33.410000000000004,0.78744536956823,0.8478992429304265,-0.06045387336219654
33.42,0.9850332923584223,1.0514690707409524,-0.06643577838253012
33.43,1.1618881572923951,1.2345269424846843,-0.07263878519228917
33.44,1.316687663062766,1.3943067270994423,-0.07761906403667629
33.45,1.4493068417858976,1.5288482598510238,-0.07954141806512616
33.46,1.555954525378083,1.6370448085935259,-0.08109028321544276
33.47,1.637818058986286,1.7186588316215807,-0.08084077263529466
33.480000000000004,1.6971217174172422,1.7743060183646264,-0.07718430094738427
33.49,1.7325081786632144,1.8054088015396292,-0.07290062287641486
33.5,1.7471182247146932,1.8141216572980527,-0.0670034325833595
33.51,1.7447150750978018,1.8032315254624978,-0.05851645036469599
33.52,1.7264107250361684,1.776037547667914,-0.04962682263174556
33.53,1.6962635969317819,1.7362150064764401,-0.039951409544658256
33.54,1.658330760709383,1.6876688306594805,-0.02933806995009758
33.55,1.615441528951408,1.6343822968778001,-0.01894076792639221
33.56,1.5713830923880974,1.5802666010530684,-0.008883508664971007
33.57,1.5292537681808829,1.5290167979677596,0.0002369702131232998
33.58,1.4923745545312859,1.4839792278459825,0.008395326685303406
33.59,1.463258459703257,1.4480349845212386,0.015223475182018387
33.6,1.4431897991772602,1.4235032587551086,0.019686540422151566
33.61,1.4347164326571473,1.4120675452697669,0.022648887387380467
33.62,1.438513373382042,1.4147267699777917,0.023786603404250428
33.63,1.4538418533255093,1.4317724139123529,0.022069439413156422
33.64,1.4815739517806072,1.462791722258689,0.018782229521918214
33.65,1.5205272497083937,1.5066961293769,0.013831120331493807
33.660000000000004,1.5683989756830539,1.561773139865854,0.006625835817199777
33.67,1.6240880897818926,1.6257591135911043,-0.0016710238092116914
33.68,1.6850253558217545,1.6959297360106502,-0.010904380188895724
33.69,1.748277918280948,1.7692044347724625,-0.020926516491514446
33.7,1.8111068251520912,1.8422606433670623,-0.031153818214971096
33.71,1.8703389487982678,1.9116536194839937,-0.04131467068572592
33.72,1.9234936859600658,1.9739374994901604,-0.05044381353009464
33.730000000000004,1.9669937589625857,2.0257834042486675,-0.05878964528608188
33.74,1.9979226742005503,2.0640906923360887,-0.06616801813553841
33.75,2.01514074855853,2.0860878663208524,-0.07094711776232243
33.76,2.0152130796961147,2.089420153617377,-0.07420707392126236
33.77,1.9961984775186217,2.0722213799404616,-0.07602290242183996
33.78,1.9587440507139815,2.0331684031468225,-0.07442435243284096
33.79,1.9004244376840116,1.9715170503175221,-0.07109261263351052
33.8,1.8207016255574529,1.8871191740493003,-0.06641754849184744
33.81,1.7219207838482897,1.7804210896555697,-0.05850030580727994
33.82,1.603202215130953,1.652444250721347,-0.04924203559039397
33.83,1.4654943662463906,1.5047495472319738,-0.03925518098558323
33.84,1.3122878752961415,1.3393870535475516,-0.02709917825141006
33.85,1.144360607994266,1.1588334026527247,-0.014472794658458632
33.86,0.9639201831935038,0.9659192129125599,-0.001999029719056078
33.87,0.7747739353388844,0.7637491431479665,0.011024792190917898
33.88,0.5790756943299307,0.5556172046245234,0.023458489705407315
33.89,0.3798465167591742,0.3449199217110291,0.034926595048145104
33.9,0.18033839137658753,0.1350698168006128,0.04526857457597472
33.910000000000004,-0.016475278106821836,-0.07058848777314461,0.05411320966632277
33.92,-0.20731077930863778,-0.2688574935163651,0.06154671420772734
33.93,-0.3901775664595258,-0.45675959114205367,0.06658202468252788
33.94,-0.5619568857431609,-0.6316018797667788,0.0696449940236179
33.95,-0.7196531423729602,-0.7910318579711423,0.0713787155981821
33.96,-0.8629369567565472,-0.9330831078251056,0.07014615106855837
33.97,-0.9891842770013952,-1.0562103832003258,0.06702610619893057
33.980000000000004,-1.0961561695688131,-1.1593137833267844,0.06315761375797124
33.99,-1.1852208231936052,-1.2417519364060348,0.05653111321242954
34.0,-1.2547336415413115,-1.303344333512763,0.048610691971451514
34.01,-1.3035393571951772,-1.3443631397127225,0.04082378251754526
34.02,-1.3343946943717035,-1.3655149690633817,0.031120274691678107
34.03,-1.346883238231975,-1.3679132463258707,0.021030008093895658
34.04,-1.3410757619648108,-1.3530418952802918,0.01196613331548102
34.05,-1.3205374531766212,-1.322711196501519,0.0021737433248978366
34.06,-1.2860539657575483,-1.2790067512598637,-0.007047214497684529
34.07,-1.2388494088114306,-1.2242325771865565,-0.014616831624874038
34.08,-1.1825606295966384,-1.1608494487098713,-0.021711180886767156
34.09,-1.1188796369464793,-1.0914096827497537,-0.0274699541967256
34.1,-1.0498844310498125,-1.0184896577187192,-0.031394773331093306
34.11,-0.9785323786644848,-0.9446214395867867,-0.033910939077698155
34.12,-0.9069110505003186,-0.8722249688384339,-0.03468608166188469
34.13,-0.8374485564697052,-0.8035423311081707,-0.033906225361534426
34.14,-0.7718151863924587,-0.7405756852995973,-0.031239501092861444
34.15,-0.7118748853433888,-0.6850304483357614,-0.026844437007627397
34.160000000000004,-0.6597704526834226,-0.6382653272668077,-0.021505125416614868
34.17,-0.615572303596284,-0.6012507394494023,-0.014321564146881682
34.18,-0.5803426976097134,-0.5745370630008199,-0.005805634608893495
34.19,-0.5552999497700869,-0.5582340073623031,0.0029340575922162104
34.2,-0.5390056124275459,-0.5520021843676263,0.012996571940080415
34.21,-0.5313469228425549,-0.5550576931315812,0.02371077028902624
34.22,-0.5321410831271643,-0.5661902097919772,0.03404912666481286
34.230000000000004,-0.5389597339680401,-0.5837947013344915,0.04483496736645143
34.24,-0.550477868284719,-0.6059164703556597,0.055438602070940646
34.25,-0.5649614652191489,-0.6303087967607113,0.06534733154156236
34.26,-0.5798456551460209,-0.6545019879308138,0.07465633278479289
34.27,-0.5929407783658956,-0.6758821979880485,0.08294141962215285
34.28,-0.6012439509731128,-0.6917779481927329,0.09053399721962008
34.29,-0.6030283089947005,-0.6995518937640858,0.09652358476938527
34.300000000000004,-0.5959040012050726,-0.6966950569257147,0.10079105572064206
34.31,-0.5763102224026561,-0.6809205000428308,0.10461027764017472
34.32,-0.5441624471327363,-0.6502532625596644,0.10609081542692811
34.33,-0.49766927504400305,-0.6031133442720629,0.10544406922805982
34.34,-0.43371223872481507,-0.5383885946387816,0.10467635591396657
34.35,-0.35419705016380126,-0.45549456815259015,0.10129751798878889
34.36,-0.25861184293665485,-0.3544187290007171,0.09580688606406224
34.37,-0.14531307536708896,-0.23574682872119393,0.09043375335410497
34.38,-0.01790828765333287,-0.100669827265152,0.08276153961181913
34.39,0.12251225234772439,0.049029635458732436,0.07348261688899196
34.4,0.2753630474095938,0.211011504882022,0.06435154252757178
34.410000000000004,0.4362500450384057,0.38243285180246195,0.05381719323594375
34.42,0.6026588413285574,0.5600214599823405,0.04263738134621686
34.43,0.7715684561189985,0.7401664837863702,0.031401972332628314
34.44,0.9391144373233116,0.9190234936617867,0.020090943661524863
34.45,1.102017723492758,1.0926305988017695,0.009387124690988458
34.46,1.2552935173860047,1.2570318126388902,-0.0017382952528854911
34.47,1.3969301417986921,1.408403433194661,-0.011473291395968976
34.480000000000004,1.523835504824472,1.5431789675778247,-0.019343462753352636
34.49,1.6301391131395295,1.6581680533216343,-0.028028940182104778
34.5,1.7165697910882085,1.7506649275884238,-0.03409513650021534
34.51,1.7811606820772439,1.818542270318509,-0.03738158824126514
34.52,1.8185651028231453,1.8603266935791758,-0.041761590756030476
34.53,1.8323659922096953,1.8752527537535566,-0.042886761543861285
34.54,1.822327235486246,1.8632931058611135,-0.04096587037486743
34.550000000000004,1.7849580106536052,1.8251632739235863,-0.040205263269981195
34.56,1.7259320500993163,1.7623004461747682,-0.03636839607545195
34.57,1.6467986050149934,1.676816683155922,-0.030018078140928495
34.58,1.5467589794142467,1.571427911672237,-0.024668932257990273
34.59,1.4321290329048286,1.449361028361739,-0.017231995456910454
34.6,1.3057149490238036,1.31424231389701,-0.008527364873206489
34.61,1.1694632034248302,1.1699711254431802,-0.0005079220183499267
34.62,1.0286391671349484,1.0205834576007715,0.008055709534176891
34.63,0.8863692714631547,0.8701104126656348,0.01625885879751987
34.64,0.7465624344846211,0.7224368782680735,0.02412555621654766
34.65,0.6120518383159284,0.5811657606060873,0.030886077709841087
34.660000000000004,0.4852957681139115,0.4494929592548121,0.03580280885909942
34.67,0.3706661609420025,0.33009789837496656,0.04056826256703594
34.68,0.2680679382099263,0.22505386128467228,0.043014076925254024
34.69,0.17852136771671553,0.13576163141640923,0.0427597363003063
34.7,0.10524168817092303,0.06290905090760938,0.04233263726331364
34.71,0.045652488455326046,0.00645810327024581,0.039194385185080234
34.72,-0.0009368191630991576,-0.03433995129006159,0.033403132126962436
34.730000000000004,-0.03358298524328088,-0.06090196679823948,0.027318981554958606
34.74,-0.056191029357274554,-0.0752444994189312,0.019053470061656648
34.75,-0.07081678296558985,-0.07989229430677683,0.009075511341186976
34.76,-0.0790282867876417,-0.07776730101347612,-0.001260985774165585
34.77,-0.08459036046961899,-0.07206263219901843,-0.012527728270600558
34.78,-0.09008666688442135,-0.06610648966908204,-0.023980177215339307
34.79,-0.09890586277131314,-0.0632214889632508,-0.03568437380806233
34.800000000000004,-0.11336519808641876,-0.06658500092503442,-0.046780197161384346
34.81,-0.13555616757238173,-0.079096087090822,-0.05646008048155973
34.82,-0.16934549912366695,-0.10325433609950267,-0.06609116302416428
34.83,-0.21486433398067578,-0.14105542100238425,-0.07380891297829154
34.84,-0.27288760823662633,-0.19390751191388417,-0.07898009632274217
34.85,-0.34626892785161517,-0.26257182289065123,-0.08369710496096394
34.86,-0.4329899837732255,-0.34712958154637996,-0.08586040222684554
34.87,-0.5321858962987162,-0.4469766257985414,-0.08520927050017474
34.88,-0.6445977903310203,-0.5608456994779157,-0.08375209085310453
34.89,-0.7668148815499704,-0.6868553846519194,-0.07995949689805093
34.9,-0.8966276031790607,-0.8225835209029534,-0.07404408227610726
34.910000000000004,-1.0323369725347418,-0.9651619660599646,-0.06717500647477714
34.92,-1.1703297431109867,-1.1113886907549253,-0.058941052356061396
34.93,-1.3078496429515516,-1.2578525067701845,-0.04999713618136714
34.94,-1.441287222552801,-1.4010652353568125,-0.04022198719598857
34.95,-1.5680354636860654,-1.537595846981084,-0.03043961670498141
34.96,-1.685788444297307,-1.6642010593953767,-0.02158738490193035
34.97,-1.7901834686446312,-1.7779470678030824,-0.012236400841548756
34.980000000000004,-1.8804490921035988,-1.8763174905811941,-0.00413160152240466
34.99,-1.955550767052442,-1.9573032284118037,0.001752461359361801
35.0,-2.011709726077862,-2.019470726897799,0.007761000819936914
35.01,-2.050189918182575,-2.0620060683771886,0.011816150194613684
35.02,-2.0715708495794196,-2.084733357211943,0.013162507632523468
35.03,-2.0736848369730896,-2.0881069595054282,0.014422122532338655
35.04,-2.059374760009119,-2.073178265823398,0.013803505814279138
35.050000000000004,-2.030584123282592,-2.0415387165621257,0.010954593279533853
35.06,-1.9871262011355884,-1.9952418183663192,0.008115617230730843
35.07,-1.9325032971497778,-1.9367077444106682,0.00420444726089042
35.08,-1.8692948310000235,-1.8686148149187958,-0.0006800160812276967
35.09,-1.7989268090918669,-1.7937826676047142,-0.005144141487152698
35.1,-1.7245141113830649,-1.7150522297517103,-0.00946188163135453
35.11,-1.648361079721593,-1.6351676826130894,-0.013193397108503646
35.12,-1.572602829520736,-1.5566654626871108,-0.015937366833625122
35.13,-1.499149109259721,-1.4817749809365497,-0.0173741283231712
35.14,-1.4292919091079423,-1.4123351773641526,-0.016956731743789755
35.15,-1.3648301293493939,-1.349730290327016,-0.01509983902237777
35.160000000000004,-1.3061348312066496,-1.2948473408594545,-0.011287490347195117
35.17,-1.2531985848607075,-1.2480568513496944,-0.005141733511013102
35.18,-1.2067192221640808,-1.2092172787037954,0.002498056539714577
35.19,-1.1657521211890525,-1.1777025904790654,0.011950469290012977
35.2,-1.1292419197721415,-1.1524513945352,0.023209474763058457
35.21,-1.0965847724844402,-1.1320350929744316,0.035450320489991416
35.22,-1.0661753275608177,-1.1147417103053805,0.04856638274456282
35.230000000000004,-1.0365690511208994,-1.0986713792230398,0.06210232810214045
35.24,-1.0062635923497876,-1.0818389835480655,0.07557539119827794
35.25,-0.9738120725542712,-1.0622791769412594,0.08846710438698824
35.26,-0.9381530325088668,-1.0381489292135424,0.09999589670467557
35.27,-0.8976826297489414,-1.0078229011287263,0.11014027137978488
35.28,-0.8517856656645989,-0.9699773057873925,0.1181916401227936
35.29,-0.800335521517591,-0.9236584631136452,0.12332294159605417
35.300000000000004,-0.7424525889594731,-0.8683329684439676,0.1258803794844945
35.31,-0.6786383765934475,-0.8039172443613444,0.12527886776789687
35.32,-0.6097961840712572,-0.730785188629638,0.1209890045583808
35.33,-0.5362583363803939,-0.6497536282452371,0.1134952918648432
35.34,-0.4594481772225439,-0.562046295968007,0.10259811874546315
35.35,-0.3808965863765218,-0.46923801675918025,0.08834143038265846
35.36,-0.30207949433256753,-0.3731816846343653,0.07110219030179776
35.37,-0.22475326509796192,-0.27592138645060943,0.051168121352647505
35.38,-0.15034919848424955,-0.1795956543179949,0.029246455833745355
35.39,-0.08088065104800143,-0.08633527565599626,0.005454624607994826
35.4,-0.01768274334669516,0.001839659687120699,-0.019522403033815857
35.410000000000004,0.038648456699877126,0.08311875275224603,-0.04447029605236891
35.42,0.08646074022757581,0.15599177223477545,-0.06953103200719964
35.43,0.12547223975789112,0.21932642396750293,-0.09385418420961181
35.44,0.15633559383834827,0.27242977284051095,-0.11609417900216268
35.45,0.17857789751823383,0.31509038700773667,-0.13651248948950284
35.46,0.1932350915975173,0.34759911270064076,-0.15436402110312344
35.47,0.20209222685620468,0.3707473180135073,-0.16865509115730262
35.480000000000004,0.20624325706252908,0.3858024250808174,-0.17955916801828833
35.49,0.20782156347590128,0.3944615395636835,-0.18663997608778224
35.5,0.2091041609156405,0.398784941577904,-0.18968078066226352
35.51,0.21252156363943947,0.40111208210927213,-0.18859051846983266
35.52,0.22065013027969438,0.40396349601260795,-0.18331336573291357
35.53,0.2353190968676625,0.40993266437800885,-0.17461356751034635
35.54,0.25949897578218245,0.42157230929074263,-0.16207333350856018
35.550000000000004,0.29532309217368574,0.44127986422360044,-0.1459567720499147
35.56,0.343296257858412,0.47118692312799004,-0.12789066526957804
35.57,0.405839524495302,0.513057328985465,-0.107217804490163
35.58,0.4838128923788074,0.5681982250045394,-0.084385332625732
35.59,0.5759446300900325,0.6373878738937632,-0.061443243803730674
35.6,0.6831169996945885,0.7208233753191037,-0.037706375624515176
35.61,0.8044196852658273,0.8180906078448825,-0.013670922579055222
35.62,0.9369954339928609,0.9281578236165378,0.008837610376323135
35.63,1.0796643327670867,1.0493933696839668,0.03027096308311994
35.64,1.2297594099671756,1.1796070391102473,0.05015237085692825
35.65,1.383657639198418,1.3161136080825167,0.06754403111590146
35.660000000000004,1.538262749570141,1.4558162309518106,0.08244651861833052
35.67,1.6896950231317776,1.595306579259951,0.09438844387182654
35.68,1.8347633269898573,1.7309779546497974,0.10378537234005991
35.69,1.9692372740173645,1.8591471046336474,0.11009016938371707
35.7,2.0889536414088465,1.9761801433032211,0.11277349810562542
35.71,2.1923270600769786,2.0786178375619393,0.11370922251503934
35.72,2.275156814037091,2.163295566912137,0.11186124712495404
35.730000000000004,2.3340464090370867,2.2274534969858073,0.10659291205127941
35.74,2.3697563289344044,2.268832912108344,0.10092341682606021
35.75,2.3792774549536357,2.2857552115833077,0.093522243370328
35.76,2.3608490765366974,2.2771807634476313,0.08366831308906608
35.77,2.317612477676361,2.2427455986840785,0.07486687899228262
35.78,2.2485346945026397,2.1827747852707557,0.0657599092318839
35.79,2.153930447179635,2.098272209880935,0.05565823729870001
35.800000000000004,2.0386161798710116,1.9908873798074265,0.04772880006358515
35.81,1.903703226130207,1.8628607039512828,0.040842522178924145
35.82,1.7514710267399818,1.7169494869676087,0.034521539772373044
35.83,1.5871784539374292,1.55633754597536,0.030840907962069286
35.84,1.413605690675773,1.3845319103792277,0.029073780296545282
35.85,1.2343752370030276,1.2052504736547167,0.029124763348310934
35.86,1.0538165968566304,1.022304718934489,0.031511877922141496
35.87,0.8754430966734129,0.8394817319572995,0.03596136471611344
35.88,0.7032716989847085,0.6604296460405654,0.042842052944143116
35.89,0.5396208713714326,0.4885504412236384,0.051070430147794166
35.9,0.38766200490647595,0.32690365649990255,0.060758348406573404
35.910000000000004,0.25080181041052885,0.17812408818902242,0.07267772222150642
35.92,0.12888272316650495,0.04435596134616885,0.08452676182033611
35.93,0.023863702876941055,-0.07279459976715387,0.09665830264409492
35.94,-0.06224269277514924,-0.17228768407796857,0.11004499130281933
35.95,-0.13179860810712624,-0.253657897411694,0.12185928930456774
35.96,-0.18447014659598043,-0.3170031828663104,0.13253303627032997
35.97,-0.21999753079727757,-0.3629551637326654,0.14295763293538782
35.980000000000004,-0.24205725150368662,-0.39263263473395393,0.1505753832302673
35.99,-0.2518072148493172,-0.4075803656829021,0.15577315083358495
36.0,-0.25059546756578466,-0.40969582154170925,0.1591003539759246
36.01,-0.24220980511297477,-0.401146731995073,0.15893692688209823
36.02,-0.22871198551957614,-0.38428265452641513,0.155570669006839
36.03,-0.21247215522018492,-0.3615437650458174,0.1490716098256325
36.04,-0.1962602399996722,-0.33537008154811154,0.13910984154843933
36.050000000000004,-0.18222432988292167,-0.3081141857106234,0.1258898558277017
36.06,-0.1729089732639623,-0.2819602653361731,0.10905129207221079
36.07,-0.1693517834845095,-0.25885197096626994,0.08950018748176045
36.08,-0.17301563254995858,-0.24043117924105703,0.06741554669109845
36.09,-0.18574962286561975,-0.2279893018185588,0.042239678952939064
36.1,-0.20675152186325788,-0.22243229094882433,0.015680769085566454
36.11,-0.2363089568931592,-0.2242599902832046,-0.012048966609954609
36.12,-0.27491743268168345,-0.2335599806623069,-0.041357452019376545
36.13,-0.32042933813491464,-0.250015592580275,-0.07041374555463964
36.14,-0.3718763716874037,-0.2729273149342761,-0.0989490567531276
36.15,-0.428121951845263,-0.3012464363029354,-0.12687551554232762
36.160000000000004,-0.4865836701553948,-0.333619420407051,-0.15296424974834377
36.17,-0.5453591377776628,-0.36844124875327977,-0.176917889024383
36.18,-0.6018450077929576,-0.40391576498956694,-0.19792924280339064
36.19,-0.6540529239268561,-0.4381209286310547,-0.21593199529580143
36.2,-0.6997458675143996,-0.4690768293605275,-0.23066903815387207
36.21,-0.7354142338781453,-0.4948143235826653,-0.24059991029548
36.22,-0.7604963683138142,-0.5134422269124416,-0.2470541414013726
36.230000000000004,-0.7731034570081137,-0.5232111229081545,-0.24989233409995915
36.24,-0.769632608126266,-0.5225720216746933,-0.2470605864515727
36.25,-0.7513449190674786,-0.5102283134106543,-0.24111660565682425
36.26,-0.7172644604786019,-0.48517970280458494,-0.23208475767401698
36.27,-0.6645621662340228,-0.446757071816794,-0.21780509441722873
36.28,-0.5961760174193022,-0.39464749269402205,-0.2015285247252801
36.29,-0.5123366519429405,-0.32890889262466105,-0.18342775931827948
36.300000000000004,-0.411703697946729,-0.24997414965945022,-0.16172954828727878
36.31,-0.29825260105115187,-0.15864467071091679,-0.13960793034023508
36.32,-0.1733751301427467,-0.05607376182389133,-0.11730136831885536
36.33,-0.03761372710169291,0.05625965546001798,-0.09387338256171089
36.34,0.10497262324365653,0.1765862031488745,-0.07161357990521797
36.35,0.25218881168299356,0.3028890996733331,-0.05070028799033954
36.36,0.40163084560805057,0.4329539456929437,-0.03132310008489314
36.37,0.5501684680957905,0.5644239283411095,-0.014255460245319096
36.38,0.6953659020205618,0.6948590033093989,0.0005068987111629397
36.39,0.8333945509283447,0.8217975173197906,0.01159703360855413
36.4,0.9628581658586741,0.9428186677095507,0.020039498149123425
36.410000000000004,1.081691728046686,1.0556041628573964,0.026087565189289563
36.42,1.1853988250327734,1.1579974487814235,0.027401376251349863
36.43,1.2747069885220408,1.2480589050728712,0.02664808344916958
36.44,1.348418572199796,1.3241154887384174,0.02430308346137866
36.45,1.4022718520679236,1.384803418368544,0.01746843369937956
36.46,1.4389910741018548,1.4291026434957377,0.009888430606117105
36.47,1.4584546029259946,1.4563620343026944,0.002092568623300206
36.480000000000004,1.4575978187310972,1.4663144531127708,-0.008716634381673583
36.49,1.4403983015943986,1.4590811281687444,-0.018682826574345723
36.5,1.4078035227352645,1.435165037482917,-0.02736151474765247
36.51,1.3584841473391467,1.3954333199383653,-0.036949172599218594
36.52,1.2967445516632679,1.3410890547893266,-0.044344503126058754
36.53,1.2242968585625855,1.2736330803422067,-0.04933622177962116
36.54,1.1415480117966246,1.1948168478328525,-0.053268836036227896
36.550000000000004,1.0522331144856591,1.1065876164167439,-0.05435450193108471
36.56,0.9583071752754164,1.0110275783263702,-0.052720403050953824
36.57,0.8614354149389563,0.9102887481396914,-0.04885333320073515
36.58,0.764095415807988,0.80652564570194,-0.042430229893951954
36.59,0.6679118603216009,0.7018279384724189,-0.033916078150817985
36.6,0.575010072388845,0.5981552773462296,-0.02314520495738459
36.61,0.4862884866278372,0.49727655374742064,-0.010988067119583445
36.62,0.4025914068660038,0.4007157208806707,0.0018756859853331087
36.63,0.32564057968525695,0.3097061571713852,0.015934422513871727
36.64,0.25486399775945456,0.22515530693148364,0.029708690827970924
36.65,0.19014189163560768,0.14762101722406648,0.042520874411541204
36.660000000000004,0.13213990213743415,0.0773006090861501,0.05483929305128406
36.67,0.07930551224755936,0.014033287139729123,0.06527222510783023
36.68,0.030701118537636983,-0.042683981571143094,0.07338510010878008
36.69,-0.01429272977384034,-0.09366748431350881,0.07937475453966847
36.7,-0.05748915762283764,-0.14000553942704347,0.08251638180420583
36.71,-0.10021065891539187,-0.1830063817531699,0.08279572283777804
36.72,-0.1440908899370766,-0.22413695424995045,0.08004606431287384
36.730000000000004,-0.19046811449702997,-0.26495479759424456,0.0744866830972146
36.74,-0.24047383116987567,-0.30703555135215505,0.06656172018227938
36.75,-0.29607645961476875,-0.35189881389117256,0.05582235427640381
36.76,-0.3576069023289437,-0.4009352409321303,0.04332833860318658
36.77,-0.4254890416444651,-0.4553377854983479,0.02984874385388281
36.78,-0.5011735642212201,-0.5160398902429719,0.014866326021751863
36.79,-0.5838136725570087,-0.5836632365606855,-0.00015043599632313942
36.800000000000004,-0.6728616612058318,-0.6584773381507775,-0.014384323055054327
36.81,-0.7685294156907193,-0.7403728492105316,-0.028156566480187717
36.82,-0.8690349809218967,-0.8288499531685192,-0.04018502775337751
36.83,-0.9729615941615606,-0.9230226248973,-0.04993896926426056
36.84,-1.0789618156272542,-1.0216389392303402,-0.057322876396914024
36.85,-1.1848976741473947,-1.123116955567352,-0.06178071858004275
36.86,-1.2889385824724993,-1.2255950683088648,-0.06334351416363448
36.87,-1.3883936383481816,-1.3269951023779074,-0.061398535970274226
36.88,-1.4815012822251612,-1.4250958782417273,-0.056405403983433855
36.89,-1.5666786619408999,-1.51761449609252,-0.049064165848379915
36.9,-1.6405910788962705,-1.602292215911459,-0.038298862984811555
36.910000000000004,-1.7025032233117223,-1.6769815570163245,-0.02552166629539787
36.92,-1.7517134507826513,-1.7397311207592983,-0.011982330023353027
36.93,-1.7851964758316616,-1.7888646613696102,0.003668185537948565
36.94,-1.803595404494351,-1.8230510948088412,0.019455690314490237
36.95,-1.8074544036556632,-1.8413624401804694,0.03390803652480612
36.96,-1.7949330318600656,-1.8433171229585545,0.04838409109848896
36.97,-1.767982447575468,-1.828906618598044,0.06092417102257608
36.980000000000004,-1.7283319248517888,-1.7986040583038392,0.07027213345205041
36.99,-1.6758086305954039,-1.7533541308066838,0.07754550021127993
37.0,-1.613187002932072,-1.6945443664463544,0.08135736351428235
37.01,-1.5428887959767406,-1.6239586519653901,0.08106985598864958
37.02,-1.4663168365201398,-1.5437145644618833,0.07739772794174349
37.03,-1.386311836987424,-1.4561867995994815,0.06987496261205739
37.04,-1.3052195587455684,-1.36391957281328,0.05870001406771164
37.050000000000004,-1.225374179846062,-1.2695313662958474,0.04415718644978539
37.06,-1.1488872999720094,-1.1756157566339693,0.026728456661959887
37.07,-1.0772544454521562,-1.0846422709788974,0.007387825526741221
37.08,-1.0127692088361364,-0.9988612725218876,-0.013907936314248803
37.09,-0.95623254887709,-0.9202167643920895,-0.036015784485000424
37.1,-0.9077981097488954,-0.8502707273869149,-0.05752738236198052
37.11,-0.8687689871839253,-0.7901421805740972,-0.07862680660982801
37.12,-0.8384574594149296,-0.7404635907402618,-0.09799386867466775
37.13,-0.8156641931455311,-0.7013565788493991,-0.11430761429613201
37.14,-0.8001224235114535,-0.6724281061657807,-0.12769431734567271
37.15,-0.7899458444140256,-0.6527875005371325,-0.13715834387689307
37.160000000000004,-0.7830788128115141,-0.6410838382795192,-0.14199497453199494
37.17,-0.7776948292854409,-0.6355623641948117,-0.14213246509062916
37.18,-0.7713839205830622,-0.6341378463175273,-0.1372460742655348
37.19,-0.7620757659521696,-0.6344820561608553,-0.12759370979131435
37.2,-0.7469905565841232,-0.6341219695056896,-0.11286858707843361
37.21,-0.7240476620761758,-0.6305448226996823,-0.09350283937649351
37.22,-0.6920482899510989,-0.621305854982991,-0.07074243496810795
37.230000000000004,-0.6482518436509443,-0.6041344320495808,-0.04411741160136351
37.24,-0.5916726601424017,-0.5770342863276924,-0.014638373814709338
37.25,-0.522583507366193,-0.5383738243743235,0.015790317008130494
37.26,-0.4393098747994674,-0.4869628330035346,0.047652958204067175
37.27,-0.34239915165568013,-0.4221124479382877,0.07971329628260759
37.28,-0.23367147641684846,-0.34367591011408166,0.1100044336972332
37.29,-0.11321430769496131,-0.2520683980053654,0.13885409031040408
37.300000000000004,0.016919965930278003,-0.14826505790074343,0.16518502383102143
37.31,0.15386539079519773,-0.03377722335249524,0.18764261414769298
37.32,0.2956541168341143,0.08939231599086259,0.2062618008432517
37.33,0.43921640626326985,0.21881330329799964,0.22040310296527021
37.34,0.5815625490314179,0.3517088064034827,0.22985374262793523
37.35,0.7193435280630756,0.48504969788621377,0.23429383017686178
37.36,0.8492710046947584,0.6156591777249805,0.2336118269697779
37.37,0.9692604424508898,0.7403233122183432,0.22893713023254658
37.38,1.07552216962466,0.8559033473592604,0.21961882226539953
37.39,1.1654172767036413,0.9594455123224914,0.20597176438114984
37.4,1.238544505456629,1.0482841595799186,0.19026034587671048
37.410000000000004,1.2917316419418174,1.1201343854790675,0.17159725646274993
37.42,1.3236691897271513,1.1731707249723229,0.15049846475482842
37.43,1.3358946859473986,1.2060890962874644,0.12980558965993416
37.44,1.3266787972852923,1.2181498599818954,0.10852893730339686
37.45,1.296341672264508,1.2092006220630387,0.08714105020146934
37.46,1.2480047610419975,1.1796782198105344,0.06832654123146309
37.47,1.1817228141775384,1.1305901472728865,0.0511326669046519
37.480000000000004,1.0992977912550321,1.0634764708634108,0.035821320391621336
37.49,1.0045948806214304,0.9803540213370909,0.0242408592843395
37.5,0.8992399810259594,0.8836452969532612,0.01559468407269815
37.51,0.785991910139682,0.7760950483208204,0.009896861818861513
37.52,0.668421863449976,0.6606779180894988,0.007743945360477178
37.53,0.5490828167001031,0.5405007642182242,0.008582052481878821
37.54,0.430968410338882,0.41870339659498523,0.012265013743896769
37.550000000000004,0.3164620143618581,0.2983614027500275,0.01810061161183063
37.56,0.20822400791702148,0.1823945355276217,0.025829472389399782
37.57,0.10878824673902635,0.0734837964801961,0.03530445025883025
37.58,0.018871085977252906,-0.026000108252183074,0.04487119422943598
37.59,-0.05947136307778191,-0.1140548146146386,0.05458345153685668
37.6,-0.12463908849237831,-0.18908934476371095,0.06445025627133263
37.61,-0.1775390458634346,-0.24995130238705215,0.07241225652361755
37.62,-0.2171166285128223,-0.2959380407087281,0.0788214121959058
37.63,-0.2428579545177848,-0.32679227169860436,0.08393431718081956
37.64,-0.2568062067022957,-0.3426831834455595,0.08587697674326378
37.65,-0.2589269821712191,-0.3441746576812416,0.08524767551002249
37.660000000000004,-0.24963831586634497,-0.33218261034149993,0.08254429447515496
37.67,-0.23140893278931163,-0.30792379910559625,0.07651486631628462
37.68,-0.2049459925511879,-0.272858642951997,0.06791265040080913
37.69,-0.1712520625050615,-0.22863067576555246,0.05737861326049096
37.7,-0.13255008294115284,-0.17700521078767179,0.04445512784651895
37.71,-0.08988475194590502,-0.1198096328570817,0.029924880911176677
37.72,-0.04446131532033523,-0.05887747384558141,0.014416158525246178
37.730000000000004,0.0021733121489934115,0.00400191914322351,-0.0018286069942300984
37.74,0.0489876281530726,0.06712672242911298,-0.01813909427604038
37.75,0.09485144036055451,0.12891803005424018,-0.03406658969368567
37.76,0.1390111104815014,0.18794681712388048,-0.04893570664237909
37.77,0.1806356861266219,0.24295244114706435,-0.062316755020442455
37.78,0.21877750049537212,0.2928530736721828,-0.07407557317681066
37.79,0.25334530274596156,0.3367488249122291,-0.08340352216626756
37.800000000000004,0.28372608233666763,0.3739186242738346,-0.09019254193716697
37.81,0.30911697784565473,0.4038121367924835,-0.09469515894682878
37.82,0.32985893522459453,0.4260381213619799,-0.09617918613738535
37.83,0.34548416029387263,0.4403506684681586,-0.09486650817428599
37.84,0.35524628523749613,0.44663469530019606,-0.09138841006269993
37.85,0.35973741841568035,0.4448919320713473,-0.08515451365566695
37.86,0.3585818233349039,0.43522841715669686,-0.07664659382179295
37.87,0.35106256030128324,0.41784424612353666,-0.06678168582225341
37.88,0.33796422070549303,0.39302600970423185,-0.055061788998738814
37.89,0.3190429585799656,0.36114202893063013,-0.042099070350664514
37.9,0.29371450458613135,0.3226401734175168,-0.02892566883138542
37.910000000000004,0.26298747237654435,0.27804775207615456,-0.015060279699610213
37.92,0.22687747257540847,0.22797271363843846,-0.0010952410630299947
37.93,0.18515199857446377,0.1731052038344667,0.012046794739997063
37.94,0.13905606546414814,0.11421840979053954,0.0248376556736086
37.95,0.08899824382218405,0.05216758870134046,0.03683065512084359
37.96,0.03533315814783215,-0.012113769324962996,0.04744692747279515
37.97,-0.020579769643101313,-0.0776215567019341,0.05704178705883279
37.980000000000004,-0.07791229590717497,-0.14329313875766295,0.06538084285048798
37.99,-0.13561436432245863,-0.208024333346634,0.07240996902417537
38.0,-0.1925113013486274,-0.2706913606167754,0.078180059268148
38.01,-0.24751251265423757,-0.33017747879868276,0.08266496614444518
38.02,-0.2990092352863499,-0.38540364666873167,0.0863944113823818
38.03,-0.3464143490253387,-0.435362190855486,0.08894784183014731
38.04,-0.38870452311916937,-0.47915212933030893,0.09044760621113956
38.050000000000004,-0.42411880869448976,-0.516014532946068,0.09189572425157827
38.06,-0.45299117119148363,-0.5453661140107218,0.09237494281923814
38.07,-0.47475503499416344,-0.5668291302829186,0.09207409528875515
38.08,-0.48807057465425496,-0.5802556956026848,0.09218512094842979
38.09,-0.4942602834783833,-0.5857447004983537,0.0914844170199704
38.1,-0.49349079329631024,-0.5836497676621207,0.0901589743658105
38.11,-0.4853723274891452,-0.5745769923311798,0.08920466484203454
38.12,-0.47189906117523484,-0.5593716346771795,0.0874725735019447
38.13,-0.45397817207492963,-0.5390934231938125,0.08511525111888285
38.14,-0.4324086719508839,-0.5149806729574986,0.08257200100661471
38.15,-0.40919682741713403,-0.48840399493986625,0.07920716752273221
38.160000000000004,-0.38566991370933973,-0.46081094412253437,0.07514103041319464
38.17,-0.36358730111350746,-0.43366349563292694,0.07007619451941949
38.18,-0.34418239895584435,-0.40837072034234684,0.06418832138650249
38.19,-0.32863825223038123,-0.38621942691262934,0.057581174682248104
38.2,-0.31896371871670093,-0.36830582186332117,0.04934210314662024
38.21,-0.3150355302452751,-0.35547139304946285,0.04043586280418776
38.22,-0.31729498235270137,-0.34824623079870903,0.030951248446007662
38.230000000000004,-0.32699405604711057,-0.34680285717846726,0.01980880113135669
38.24,-0.3425751138996431,-0.35092333689220817,0.008348222992565046
38.25,-0.3633678876580175,-0.35998199997844316,-0.0033858876795743176
38.26,-0.38891717925462843,-0.37294553096602384,-0.01597164828860459
38.27,-0.41679950180345765,-0.38839149247362487,-0.028408009329832784
38.28,-0.4452906257965346,-0.4045455805901071,-0.04074504520642752
38.29,-0.4717436419475969,-0.4193370869166964,-0.05240655503090047
38.300000000000004,-0.4939601180075327,-0.4304712037306001,-0.0634889142769326
38.31,-0.5096613432183267,-0.4355159922650995,-0.07414535095322716
38.32,-0.5143928451001717,-0.4320010778821401,-0.0823917672180316
38.33,-0.5073251286990812,-0.4175244768138259,-0.08980065188525532
38.34,-0.48647919093096426,-0.38986343086509045,-0.0966157600658738
38.35,-0.44682092298089005,-0.3470847578580685,-0.09973616512282152
38.36,-0.3896715466911977,-0.2876500391986215,-0.10202150749257621
38.37,-0.314269744472717,-0.2105109767549376,-0.1037587677177794
38.38,-0.21669713479180622,-0.11519046580947943,-0.10150666898232678
38.39,-0.1005340278093252,-0.001845346747941318,-0.09868868106138388
38.4,0.03315629317025977,0.12869259616758208,-0.09553630299732231
38.410000000000004,0.18558677996545728,0.2749000455194984,-0.08931326555404115
38.42,0.35160853165095485,0.4345717116020177,-0.08296317995106284
38.43,0.5283284715174346,0.6048567629200202,-0.07652829140258566
38.44,0.7133636488736159,0.7823217606518541,-0.06895811177823818
38.45,0.9013373591368681,0.9630386274573512,-0.06170126832048317
38.46,1.0882110972520378,1.1426951054534464,-0.05448400820140864
38.47,1.268203653789772,1.316724158146284,-0.048520504356512006
38.480000000000004,1.4373125024409539,1.480447891576173,-0.04313538913521908
38.49,1.5915556491827925,1.6292308516724339,-0.0376752024896414
38.5,1.723062230497214,1.758637032500768,-0.03557480200355401
38.51,1.8305595057293957,1.8645846306270066,-0.03402512489761089
38.52,1.9114522758134342,1.943492522023844,-0.032040246210409684
38.53,1.9578255005412648,1.9924126275502927,-0.034587127009027885
38.54,1.9717891981896063,2.0091427681786986,-0.03735356998909234
38.550000000000004,1.9531199827224603,1.992315278307944,-0.039195295585483736
38.56,1.8959879447970518,1.9414575209003821,-0.045469576103330356
38.57,1.8055895593774847,1.8570214986372173,-0.05143193925973266
38.58,1.6843313614290356,1.7403809395284975,-0.05604957809946187
38.59,1.5299774325989486,1.593795505742506,-0.06381807314355736
38.6,1.3496186207069303,1.420343078698001,-0.07072445799107063
38.61,1.1476852202114323,1.2238223573198175,-0.07613713710838521
38.62,0.9259224556768767,1.0086292155237362,-0.08270675984685949
38.63,0.6915710176629831,0.779611347661868,-0.08804032999888489
38.64,0.44978786607940635,0.5419066397620643,-0.09211877368265797
38.65,0.2054514247285431,0.30077139971724476,-0.09531997498870165
38.660000000000004,-0.03582044573687662,0.06140502957851971,-0.09722547531539633
38.67,-0.26969845957475014,-0.1712220936278722,-0.09847636594687795
38.68,-0.48993554031981407,-0.3925308558396883,-0.09740468448012579
38.69,-0.6938029191146688,-0.5984794591041361,-0.09532346001053271
38.7,-0.8790694779202181,-0.7856876177472306,-0.09338186017298744
38.71,-1.040165761027309,-0.9515340943651998,-0.0886316666621092
38.72,-1.1776415158470346,-1.0942238441027472,-0.08341767174428738
38.730000000000004,-1.2919019880260834,-1.2128222661934431,-0.07907972183264023
38.74,-1.3796648769250333,-1.3072554001636778,-0.07240947676135545
38.75,-1.4441836161781167,-1.3782762945832336,-0.0659073215948831
38.76,-1.4881207484062995,-1.4273991603748404,-0.060721588031459106
38.77,-1.5111145781683901,-1.456804240028792,-0.05431033813959818
38.78,-1.5178025492116864,-1.4692175226578805,-0.04858502655380592
38.79,-1.5119609384402621,-1.467770461652672,-0.04419047678759003
38.800000000000004,-1.4956393717678345,-1.4558456629005323,-0.03979370886730216
38.81,-1.4732431166501854,-1.436915072350198,-0.03632804429998737
38.82,-1.448190885498902,-1.414377478009532,-0.03381340748937012
38.83,-1.423549601524311,-1.3914021408494852,-0.03214746067482577
38.84,-1.4021052524461164,-1.370785081438581,-0.03132017100753548
38.85,-1.3856771114381885,-1.354823986669091,-0.030853124769097517
38.86,-1.376645616664793,-1.3452168877097395,-0.03142872895505344
38.87,-1.3754491090178853,-1.3429887311922035,-0.032460377825681785
38.88,-1.3817607618255976,-1.348448764784829,-0.033311997040768704
38.89,-1.3959288920185149,-1.3611803373056883,-0.03474855471282656
38.9,-1.4161717562348883,-1.3800633291236362,-0.03610842711125217
38.910000000000004,-1.4403611582017877,-1.403328040234267,-0.037033117967520734
38.92,-1.466333310377498,-1.4286380306311486,-0.03769527974634945
38.93,-1.4909790857490588,-1.4531981874879782,-0.03778089826108055
38.94,-1.511456611672092,-1.4738832383155276,-0.03757337335656441
38.95,-1.5236371153625623,-1.4873810835034094,-0.03625603185915294
38.96,-1.5244045210840265,-1.4903447211481022,-0.03405979993592423
38.97,-1.5115991180793238,-1.4795462067083636,-0.032052911370960224
38.980000000000004,-1.480467800907966,-1.4520260429044989,-0.028441758003467044
38.99,-1.429172994109019,-1.4052316321100133,-0.02394136199900565
39.0,-1.3573891856459617,-1.3371389326245164,-0.02025025302144523
39.01,-1.2613471867403676,-1.2463522181895108,-0.014994968550856802
39.02,-1.1413084699789986,-1.1321778126751123,-0.009130657303886291
39.03,-0.9992352202814724,-0.9946688155623251,-0.004566404719147266
39.04,-0.8336100829423153,-0.8346390979276085,0.0010290149852931751
39.050000000000004,-0.646893139056352,-0.6536461773396955,0.006753038283343504
39.06,-0.44290719976965265,-0.4539439150971037,0.011036715327451041
39.07,-0.22285822879934614,-0.23840726230523576,0.015549033505889626
39.08,0.00922119459926686,-0.010432456768487693,0.019653651367754554
39.09,0.24879657417555842,0.22618291002368474,0.022613664151873686
39.1,0.492401407850357,0.4673747207028456,0.02502668714751144
39.11,0.7355451034639076,0.7089562392686128,0.026588864195294715
39.12,0.9744183739859918,0.9467649612798645,0.02765341270612731
39.13,1.2044734417941652,1.1768062203119773,0.02766722148218781
39.14,1.421975332262975,1.3953875845710062,0.0265877476919687
39.15,1.6250278475351112,1.5992385566544185,0.025789290880692706
39.160000000000004,1.8094253611245825,1.7856108034638434,0.023814557660739144
39.17,1.9730976073906306,1.952355058328145,0.020742549062485516
39.18,2.1165701778004045,2.097971910915726,0.01859826688467825
39.19,2.2371147283162056,2.2216348832071224,0.015479845109083179
39.2,2.3346489893155438,2.3231854278929074,0.011463561422636381
39.21,2.4117906768008326,2.403100723259673,0.008689953541159756
39.22,2.467750724156841,2.4624363206234365,0.005314403533404288
39.230000000000004,2.504103450176041,2.5027467743417184,0.0013566758343226404
39.24,2.524556656369028,2.5259883033779644,-0.0014316470089363875
39.25,2.5299512834377054,2.5344082577057474,-0.0044569742680420354
39.26,2.5226896390508173,2.5304266620680758,-0.0077370230172584264
39.27,2.5063109655881295,2.5165153637496855,-0.01020439816155605
39.28,2.4824131930986773,2.495080311365613,-0.012667118266935784
39.29,2.4532204457696247,2.468352241108525,-0.0151317953389003
39.300000000000004,2.421081286318814,2.4382905597072444,-0.01720927338843037
39.31,2.3873242092470512,2.4065045144594426,-0.019180305212391335
39.32,2.353175075954146,2.374194864480053,-0.021019788525907135
39.33,2.319378325922838,2.3421182559199156,-0.022739929997077635
39.34,2.2862488305588426,2.3105754053354324,-0.024326574776589727
39.35,2.2536584999454647,2.2794230611809576,-0.025764561235492867
39.36,2.2210502328895285,2.248108596283765,-0.027058363394236284
39.37,2.187547016155219,2.2157250356290645,-0.028178019473845684
39.38,2.151873180668875,2.1810833917017183,-0.02921021103284316
39.39,2.1129989269658553,2.1427984060832657,-0.02979947911741032
39.4,2.069269321576363,2.099383215376626,-0.030113893800262748
39.410000000000004,2.018918256307103,2.0493480969865714,-0.030429840679468523
39.42,1.9614012875855689,1.9912983206510524,-0.029897033065483525
39.43,1.8950663736074256,1.9240262387760847,-0.028959865168659116
39.44,1.8184919605636254,1.8465930853953842,-0.02810112483175886
39.45,1.7322743466881818,1.7583965021185568,-0.026122155430374994
39.46,1.635544145735811,1.6592205421503723,-0.023676396414561207
39.47,1.527907507637466,1.5492657843403155,-0.02135827670284951
39.480000000000004,1.411169681453336,1.429158175545714,-0.017988494092377794
39.49,1.285675064073711,1.2999362639887775,-0.01426119991506658
39.5,1.1523260732456613,1.1630175389562019,-0.010691465710540582
39.51,1.0135969740627973,1.0201456032395224,-0.0065486291767251625
39.52,0.870947747705204,0.8733208264998806,-0.0023730787946766307
39.53,0.7263326527338778,0.7247179170793461,0.0016147356545317404
39.54,0.5819922791938426,0.5765944699535038,0.0053978092403387246
39.550000000000004,0.4399307662109012,0.43119497096209713,0.008735795248804079
39.56,0.3024980593179885,0.290654943060732,0.011843116257256536
39.57,0.17083733972451576,0.15690990031739468,0.013927439407121073
39.58,0.04671200406553744,0.031613531631659975,0.015098472433877463
39.59,-0.06793906283347172,-0.08393091886028693,0.015991856026815215
39.6,-0.17351194614408913,-0.18882275162064346,0.015310805476554334
39.61,-0.269137475603014,-0.28259687022873947,0.013459394625725485
39.62,-0.35392455459628536,-0.36523619757466713,0.011311642978381775
39.63,-0.42962990135698204,-0.43716284417982965,0.00753294282284761
39.64,-0.4965216204815339,-0.49920844592891467,0.0026868254473807474
39.65,-0.5549667331001985,-0.5525650899805358,-0.002401643119662733
39.660000000000004,-0.6073548506805027,-0.5987191801521421,-0.008635670528360562
39.67,-0.6548293375565469,-0.639371412400231,-0.015457925156315944
39.68,-0.6987076015308327,-0.6763466983237513,-0.022360903207081395
39.69,-0.7410463490269983,-0.7114983583428395,-0.02954799068415881
39.7,-0.7832234376484505,-0.746611183509175,-0.03661225413927549
39.71,-0.8267924810225256,-0.7833080227409629,-0.043484458281562666
39.72,-0.8726907456425743,-0.8229643879900083,-0.049726357652566056
39.730000000000004,-0.9217993401832764,-0.866635191292444,-0.05516414889083232
39.74,-0.975062930234142,-0.9149971528080324,-0.060065777426109634
39.75,-1.0320359282010547,-0.968309675068931,-0.06372625313212377
39.76,-1.0926039450199567,-1.0263961009761802,-0.06620784404377655
39.77,-1.156461845437546,-1.088646303163261,-0.06781554227428499
39.78,-1.2221617714898128,-1.154040536118556,-0.0681212353712568
39.79,-1.28854532927993,-1.221193468054243,-0.06735186122568715
39.800000000000004,-1.3538858696499863,-1.2884163449990935,-0.06546952465089273
39.81,-1.4166005764511744,-1.3537943707262947,-0.06280620572487972
39.82,-1.4749087288073048,-1.415275654180106,-0.05963307462719891
39.83,-1.5260473935840522,-1.4707675158957971,-0.05527987768825504
39.84,-1.5692810729634132,-1.5182355833155916,-0.05104548964782163
39.85,-1.6029143056874422,-1.5558009593648334,-0.04711334632260877
39.86,-1.6239601959566035,-1.581830826489313,-0.0421293694672904
39.87,-1.633198175013546,-1.5950181463808977,-0.038180028632648355
39.88,-1.6297043957077655,-1.594446620278077,-0.035257775429688554
39.89,-1.6112035255239918,-1.5796377627166123,-0.03156576280737955
39.9,-1.5800393210888035,-1.5505777809495016,-0.02946154013930191
39.910000000000004,-1.5364280178893497,-1.5077229037974877,-0.02870511409186194
39.92,-1.4795006435765388,-1.451982822911218,-0.027517820665320825
39.93,-1.4125521677102613,-1.3846829485164198,-0.027869219193841444
39.94,-1.3368311836291726,-1.3075071918088503,-0.029323991820322304
39.95,-1.253047582877897,-1.222423919625977,-0.03062366325192012
39.96,-1.164411652899178,-1.1315985396597674,-0.032813113239410496
39.97,-1.0726682490476476,-1.0372968276253058,-0.03537142142234173
39.980000000000004,-0.979673126658706,-0.9417835701378685,-0.037889556520837475
39.99,-0.8875207837654291,-0.8472213460672976,-0.04029943769813149
40.0,-0.7977209487714987,-0.7555742922092792,-0.0421466565622195
40.01,-0.712394515255768,-0.6685214941112293,-0.043873021144538726
40.02,-0.6319306645273408,-0.5873842183106519,-0.044546446216688906
40.03,-0.5569954063674826,-0.5130705768344596,-0.04392482953302301
40.04,-0.48899412588173896,-0.44604041672716543,-0.04295370915457353
40.050000000000004,-0.4267217607019345,-0.38629229291084405,-0.04042946779109047
40.06,-0.36978121983100826,-0.33337335458562173,-0.03640786524538653
40.07,-0.318190646116524,-0.28641190091832347,-0.03177874519820051
40.08,-0.26992733208355246,-0.24417129053426828,-0.02575604154928418
40.09,-0.2238006854988425,-0.2051228709674668,-0.01867781453137568
40.1,-0.178388552774265,-0.16753467614072395,-0.010853876633541037
40.11,-0.1319687648919533,-0.1295718651105547,-0.0023968997813985926
40.12,-0.08319249994976503,-0.08940428027256726,0.0062117803228022295
40.13,-0.029879764131006126,-0.045316116413464835,0.01543635228245871
40.14,0.028452401747377506,0.0041874675946689316,0.024264934152708573
40.15,0.09256846507831287,0.060281886380459566,0.032286578697853306
40.160000000000004,0.1642048316294429,0.123737596811547,0.04046723481789591
40.17,0.24227129283607904,0.19485174872248223,0.04741954411359681
40.18,0.3263923591981844,0.27340053935695857,0.05299181984122581
40.19,0.41667614331345676,0.3586148980569632,0.05806124525649353
40.2,0.5108250871254558,0.4491811061083964,0.061643981017059424
40.21,0.6072315021344923,0.5432668541038761,0.06396464803061619
40.22,0.7037080312524366,0.6385721050085928,0.06513592624384379
40.230000000000004,0.7976867977100446,0.7324030161737818,0.0652837815362628
40.24,0.8867771324636059,0.821766127947571,0.06501100451603492
40.25,0.9666562627307612,0.9034790973794469,0.06317716535131435
40.26,1.0356482250188581,0.9742934847454781,0.06135474027338006
40.27,1.0914256899457646,1.031024523130467,0.0604011668152975
40.28,1.128511521201228,1.0706824433588082,0.05782907784241975
40.29,1.1470765686613618,1.0905998046287824,0.056476764032579396
40.300000000000004,1.1457855874889142,1.088549401192712,0.05723618629620231
40.31,1.119487162034457,1.062847672455237,0.05663948957922016
40.32,1.0705874471099894,1.0124391224853972,0.058148324624592185
40.33,0.9993923612015008,0.9369580298518997,0.06243433134960108
40.34,0.9025414219633364,0.8367646658936891,0.06577675606964728
40.35,0.7843414118647718,0.7129542978769655,0.07138711398780628
40.36,0.6468434020639497,0.5673383865267827,0.07950501553716705
40.37,0.489418839531591,0.40239854553090076,0.08702029400069022
40.38,0.31731465436975564,0.2212149632182574,0.09609969115149825
40.39,0.13382390783831447,0.027372044453916455,0.10645186338439801
40.4,-0.058847370912979854,-0.17515503187627848,0.11630766096329863
40.410000000000004,-0.25578782811716705,-0.3821283677902381,0.12634053967307107
40.42,-0.4534053876476536,-0.5891849584949517,0.13577957084729808
40.43,-0.6474032718146576,-0.7919784416473664,0.1445751698327088
40.44,-0.8343877952633988,-0.9863194299349305,0.1519316346715317
40.45,-1.0115187357945439,-1.1683089761196896,0.15679024032514577
40.46,-1.1737103619588078,-1.3344600521061407,0.16074969014733287
40.47,-1.3198121146514845,-1.4818024690823164,0.16199035443083187
40.480000000000004,-1.4485267626023732,-1.6079673985342087,0.15944063593183544
40.49,-1.5553750257729815,-1.711248540102312,0.1558735143293306
40.5,-1.6415218755827075,-1.7906379815509306,0.1491161059682231
40.51,-1.7074816154490626,-1.8458358636992647,0.13835424825020204
40.52,-1.750410596460615,-1.8772340516512707,0.12682345519065574
40.53,-1.7732347151887657,-1.8858750753388325,0.11264036015006673
40.54,-1.777963484436766,-1.8733885913406083,0.09542510690384232
40.550000000000004,-1.763763405138772,-1.8419084920893185,0.07814508695054645
40.56,-1.7343636062756735,-1.7939745115728079,0.05961090529713431
40.57,-1.6925201869452915,-1.7324227193911634,0.03990253244587194
40.58,-1.6391022730158211,-1.660269636985343,0.02116736396952179
40.59,-1.5776123054999542,-1.5805948397662861,0.002982534266331882
40.6,-1.5106693312194934,-1.496426825230561,-0.014242505988932397
40.61,-1.4400721140263786,-1.4106366380862376,-0.029435475940140954
40.62,-1.3683115946251174,-1.3258432662133859,-0.04246832841173154
40.63,-1.2971701404899438,-1.2443341814509312,-0.052835959039012614
40.64,-1.2284892325420662,-1.1680036291670248,-0.060485603375041386
40.65,-1.1634072007238345,-1.0983104080948072,-0.06509679262902734
40.660000000000004,-1.1025710767569619,-1.0362559682650514,-0.06631510849191047
40.67,-1.0472003754108279,-0.9823827328456661,-0.06481764256516176
40.68,-0.997209292189327,-0.9367916616364962,-0.06041763055283078
40.69,-0.9522522866296921,-0.899177259759817,-0.053075026869875086
40.7,-0.912677417701674,-0.8688775303649418,-0.043799887336732235
40.71,-0.8776381262596282,-0.8449358047007076,-0.03270232155892061
40.72,-0.8462469125196589,-0.82617097930983,-0.020075933209828922
40.730000000000004,-0.8181402440179987,-0.8112524628607327,-0.00688778115726596
40.74,-0.7922819099948786,-0.7987760900905035,0.0064941800956249685
40.75,-0.7677668682886726,-0.7873373945287941,0.019570526240121566
40.76,-0.7439174191394601,-0.7755989336437115,0.031681514504251385
40.77,-0.7199611121052351,-0.7623488105201435,0.042387698414908415
40.78,-0.6953480538142625,-0.7465481091144529,0.05120005530019045
40.79,-0.6694826592878873,-0.7273656241028162,0.05788296481492894
40.800000000000004,-0.6420517038224494,-0.7041989861497185,0.06214728232726918
40.81,-0.6129598017766613,-0.6766820218566876,0.06372222008002626
40.82,-0.5818994839181102,-0.6446789073390623,0.06277942342095211
40.83,-0.5489414474771053,-0.6082663396255075,0.0593248921484022
40.84,-0.5142942206610258,-0.5677055285933925,0.0534113079323667
40.85,-0.4778956657401181,-0.5234062766082064,0.045510610868088275
40.86,-0.43995742548817734,-0.4758857423314191,0.03592831684324177
40.87,-0.4007315334735456,-0.4257246654093671,0.024993131935821478
40.88,-0.36019376403115805,-0.373523853874572,0.01333008984341394
40.89,-0.31844835805017313,-0.31986360801820257,0.0014152499680294417
40.9,-0.27559673566729337,-0.2652684829964925,-0.010328252670800842
40.910000000000004,-0.23144966535541864,-0.21017939453845397,-0.02127027081696467
40.92,-0.18589530474168892,-0.15493457117395848,-0.030960733567730436
40.93,-0.1388754550667189,-0.09976028082932924,-0.03911517423738965
40.94,-0.08999543099331518,-0.0447716414665502,-0.04522378952676498
40.95,-0.03902168130685977,0.010016801366506612,-0.049038482673366385
40.96,0.014086781572735994,0.06467164850288248,-0.050584866930146494
40.97,0.06974814055124186,0.11931383425998512,-0.049565693708743266
40.980000000000004,0.12806498214391288,0.17408634402154968,-0.04602136187763681
40.99,0.18881516839592583,0.22911872325120125,-0.040303554855275425
41.0,0.2521095884027783,0.2844908517295923,-0.032381263326814014
41.01,0.3176404204035846,0.3401985271474956,-0.02255810674391101
41.02,0.3847797862711908,0.39612332584089327,-0.011343539569702465
41.03,0.45302560310908524,0.45200898899428477,0.0010166141148004737
41.04,0.521511858177601,0.507446231230637,0.014065626946964005
41.050000000000004,0.5893001856501746,0.561867403355569,0.027432782294605662
41.06,0.6551830175691896,0.6145518864635483,0.040631131105641316
41.07,0.7178318934971478,0.6646424798851197,0.053189413612028114
41.08,0.776348367000009,0.711172403226304,0.06517596377370494
41.09,0.8290437054257217,0.7531018974669638,0.07594180795875793
41.1,0.874475193022104,0.7893628162040327,0.08511237681807127
41.11,0.9122649511795617,0.8189090783567934,0.09335587282276836
41.12,0.9407405050187994,0.8407704372600574,0.09997006775874195
41.13,0.9588367090163863,0.8541067323457363,0.10472997667064998
41.14,0.9670858651355522,0.8582596465701445,0.10882621856540764
41.15,0.9644160356061915,0.8527990061338339,0.11161702947235763
41.160000000000004,0.9505838281410293,0.8375608317085548,0.11302299643247449
41.17,0.9271123811774135,0.8126746770220422,0.11443770415537124
41.18,0.8939472416144745,0.7785782579439278,0.11536898367054671
41.19,0.8518635412793771,0.7360179624049598,0.11584557887441738
41.2,0.8030421657009477,0.686034511288997,0.11700765441195071
41.21,0.7484872030927966,0.6299337803323154,0.1185534227604812
41.22,0.6898183813144855,0.5692435568059727,0.12057482450851276
41.230000000000004,0.6292037354838903,0.505657754136009,0.1235459813478813
41.24,0.5683103691730585,0.44097030432415457,0.12734006484890398
41.25,0.509073200912095,0.3770015555547958,0.13207164535729915
41.26,0.452886087921509,0.3155204878297019,0.1373656000918071
41.27,0.4013771699308687,0.2581663952935418,0.1432107746373269
41.28,0.3560771423644167,0.2063738492998037,0.14970329306461297
41.29,0.31707893436009404,0.16130473832708553,0.15577419603300852
41.300000000000004,0.28524406994069795,0.12379097538490577,0.16145309455579218
41.31,0.26105717111994886,0.09429107539656893,0.16676609572337991
41.32,0.2432824591247768,0.07286324805725242,0.1704192110675244
41.33,0.23158172371812671,0.05915694817828275,0.17242477553984398
41.34,0.2251040570729495,0.0524240054683243,0.1726800516046252
41.35,0.2218315094526309,0.051549555289552164,0.17028195416307873
41.36,0.22030926507400186,0.05510205206761655,0.1652072130063853
41.37,0.2185870165840234,0.06140071146041739,0.157186305123606
41.38,0.2148139251315666,0.068597840637124,0.14621608449444262
41.39,0.2070353015574744,0.07477272132955538,0.13226258022791904
41.4,0.1929529020715255,0.07803304757992946,0.11491985449159603
41.410000000000004,0.17186189616973702,0.07661942391090619,0.09524247225883083
41.42,0.1422454629646122,0.06900812755338635,0.07323733541122586
41.43,0.10251036496169552,0.05400724950978085,0.04850311545191467
41.44,0.053670640669705734,0.030841463238688437,0.022829177431017297
41.45,-0.004465426597921418,-0.0007789738602601785,-0.003686452737661239
41.46,-0.07179336517590126,-0.04060881296411577,-0.031184552211785496
41.47,-0.14573013719049177,-0.087841068229693,-0.057889068960798776
41.480000000000004,-0.22469245303222748,-0.14110508105629072,-0.08358737197593677
41.49,-0.30633695382464554,-0.19849049917301975,-0.10784645465162579
41.5,-0.3874319518979486,-0.25759715367086977,-0.12983479822707883
41.51,-0.46484859652076,-0.31560966514749655,-0.14923893137326344
41.52,-0.5341932253901236,-0.36939447911864703,-0.16479874627147656
41.53,-0.5930033506118393,-0.4156159718545132,-0.17738737875732608
41.54,-0.6374997400370017,-0.4508673296224524,-0.1866324104145493
41.550000000000004,-0.6622060017661265,-0.47181113123676444,-0.1903948705293621
41.56,-0.6668275286560338,-0.47532399351923516,-0.19150353513679863
41.57,-0.6482133450528176,-0.45863930106349204,-0.18957404398932554
41.58,-0.601327441988321,-0.4194819550509781,-0.18184548693734293
41.59,-0.5288472467859058,-0.35618924942898283,-0.17265799735692294
41.6,-0.4294561994473107,-0.26781241380099385,-0.16164378564631687
41.61,-0.30019259407406396,-0.15419403676058618,-0.14599855731347777
41.62,-0.14650728988840828,-0.016017476061234798,-0.13048981382717348
41.63,0.030408272598475762,0.14517456205588666,-0.11476628945741091
41.64,0.230226776120623,0.3269938763874117,-0.09676710026678867
41.65,0.4459883580070629,0.5262533539808008,-0.08026499597373787
41.660000000000004,0.674137864700539,0.7390452399601757,-0.06490737525963663
41.67,0.910700603923606,0.9608487332154806,-0.05014812929187462
41.68,1.1492006636286163,1.186663308432918,-0.037462644804301615
41.69,1.3846744125961656,1.4111630589520783,-0.026488646355912637
41.7,1.6101831284893529,1.6288664304190539,-0.018683301929701024
41.71,1.8218163844610553,1.834315013500188,-0.01249862903913268
41.72,2.014661544974153,2.0222546171300193,-0.007593072155866132
41.730000000000004,2.180393199317807,2.187811673281492,-0.007418473963684669
41.74,2.3191152352756514,2.3266581397339783,-0.007542904458326838
41.75,2.4274312246461442,2.435158466213452,-0.007727241567307974
41.76,2.497650606735491,2.5104928568301434,-0.012842250094652563
41.77,2.534170033348483,2.5507519715536033,-0.016581938205120217
41.78,2.5360734893520926,2.5549993246085334,-0.01892583525644076
41.79,2.4981577910321047,2.5232989122167386,-0.025141121184633963
41.800000000000004,2.4280741333856506,2.4567069830799553,-0.028632849694304685
41.81,2.3275238140144587,2.3572282946522574,-0.029704480637798625
41.82,2.1949005585164496,2.227738616564016,-0.03283805804756623
41.83,2.039068420714755,2.071876589819967,-0.032808169105212226
41.84,1.8636304772812764,1.8939092697937636,-0.030278792512487218
41.85,1.6706062702792166,1.6985767211454774,-0.02797045086626082
41.86,1.4676978579016289,1.4909218497747811,-0.023223991873152272
41.87,1.2591241425929056,1.276112216490866,-0.01698807389796042
41.88,1.04949824248988,1.0592608559490617,-0.009762613459181724
41.89,0.8434411780431916,0.8452531113239103,-0.0018119332807187138
41.9,0.6444097899465842,0.6385861914307877,0.005823598515796502
41.910000000000004,0.4578921398088389,0.4432275763051374,0.014664563503701489
41.92,0.2845863818427235,0.2624975651877355,0.02208881665498802
41.93,0.12623796762698375,0.09898021376427805,0.027257753862705694
41.94,-0.012680069233743783,-0.04553430917699696,0.03285423994325318
41.95,-0.13484177938764635,-0.1700742491761246,0.03523246978847824
41.96,-0.24047975693685303,-0.2744773743428134,0.033997617405960356
41.97,-0.32746848137306006,-0.35934975412244524,0.03188127274938518
41.980000000000004,-0.400265101850819,-0.42599463157821105,0.025729529727392064
41.99,-0.4606527554087029,-0.4763150291233571,0.01566227371465423
42.0,-0.5090341967610152,-0.512694776951035,0.003660580190019802
42.01,-0.5498177961568886,-0.5378634913440966,-0.011954304812792027
42.02,-0.5853535810608724,-0.5547516222752538,-0.030601958785618666
42.03,-0.6177004659437333,-0.5663420127807807,-0.05135845316295262
42.04,-0.6497317209109146,-0.5755244549119529,-0.07420726599896166
42.050000000000004,-0.6832606881410587,-0.5849594893415645,-0.09830119879949417
42.06,-0.7205245430045836,-0.5969571908352098,-0.12356735216937376
42.07,-0.7621813180868715,-0.6133759342652934,-0.14880538382157815
42.08,-0.8087322213394634,-0.6355451805537679,-0.17318704078569558
42.09,-0.8611577901346545,-0.6642152026120076,-0.19694258752264693
42.1,-0.9181672715531864,-0.6995354385882017,-0.21863183296498478
42.11,-0.9788002193326504,-0.7410618686982369,-0.2377383506344135
42.12,-1.0419768267399778,-0.787792519884455,-0.25418430685552285
42.13,-1.1054669501714924,-0.8382289663692706,-0.26723798380222186
42.14,-1.1673581874967258,-0.8904605677603248,-0.27689761973640103
42.15,-1.2246393873933699,-0.942267218329832,-0.2823721690635379
42.160000000000004,-1.2754437279892834,-0.9912356126221739,-0.28420811536710955
42.17,-1.317838658671953,-1.0348834956362527,-0.28295516303570034
42.18,-1.3478546797514532,-1.0707860819306863,-0.277068597820767
42.19,-1.3650665379581053,-1.0966988071353796,-0.2683677308227257
42.2,-1.3684710374141278,-1.1106708157621779,-0.25780022165194993
42.21,-1.3545327483985448,-1.1111440775117436,-0.24338867088680116
42.22,-1.32472555569061,-1.097033736160344,-0.22769181953026596
42.230000000000004,-1.2795398491536927,-1.0677861964989488,-0.21175365265474388
42.24,-1.2171100696496922,-1.0234125034375248,-0.19369756621216738
42.25,-1.140505200489482,-0.9644957148104191,-0.17600948567906294
42.26,-1.0516517137835049,-0.8921721631525996,-0.15947955063090524
42.27,-0.9509420457750991,-0.8080876876682405,-0.14285435810685865
42.28,-0.8421227763961499,-0.7143310425058587,-0.1277917338902912
42.29,-0.7279016201818884,-0.6133477012112463,-0.11455391897064215
42.300000000000004,-0.6106561922240905,-0.507838135198692,-0.10281805702539848
42.31,-0.4936450937276943,-0.4006453089998745,-0.09299978472781978
42.32,-0.3793765205969821,-0.29463657866506004,-0.08473994193192208
42.33,-0.2712183015743269,-0.1925853839615908,-0.07863291761273611
42.34,-0.1709647248444694,-0.09705808284639937,-0.07390664199807002
42.35,-0.08002120067767021,-0.01031099217300312,-0.0697102085046671
42.36,-0.001450119969710813,0.06579781326432518,-0.067247933234036
42.37,0.0648588894738164,0.12987810528209157,-0.06501921580827516
42.38,0.11906146401190437,0.18105555449200716,-0.06199409048010279
42.39,0.15947287780241326,0.2189962828811915,-0.059523405078778235
42.4,0.18787700042060654,0.2439070580397138,-0.05603005761910726
42.410000000000004,0.2058234761075787,0.2565113884281527,-0.050687912320573986
42.42,0.21344187118002678,0.25800287579932946,-0.04456100461930268
42.43,0.21340073156405753,0.2499782064756775,-0.03657747491161997
42.44,0.2079309520597541,0.23435307152152396,-0.026422119461769866
42.45,0.1986389891613321,0.21326505648569472,-0.014626067324362613
42.46,0.1880414485917264,0.18896810132905625,-0.0009266527373298639
42.47,0.17809617050625193,0.1637234762999788,0.014372694206273129
42.480000000000004,0.17095614849605664,0.1396923357172136,0.03126381277884305
42.49,0.16808656382407927,0.11883479521149837,0.049251768612580904
42.5,0.17037718214781578,0.1028201359147675,0.06755704623304827
42.51,0.1794199040007751,0.09295218853728471,0.08646771546349039
42.52,0.19518414941783052,0.09011321777778747,0.10507093164004305
42.53,0.2171861444916765,0.09472874771519928,0.12245739677647723
42.54,0.24564488682249497,0.10675478285895948,0.1388901039635355
42.550000000000004,0.27918443543449684,0.12568783308766537,0.15349660234683146
42.56,0.3162540189846288,0.15059709195082252,0.16565692703380627
42.57,0.3555192278732521,0.18017709518145056,0.17534213269180152
42.58,0.3949221203328628,0.2128182462698484,0.18210387406301437
42.59,0.43262748849946586,0.246691781050066,0.18593570744939986
42.6,0.4662626915395624,0.2798450899833082,0.1864176015562542
42.61,0.49399869683281744,0.3103028541605592,0.18369584267225825
42.62,0.5146368052152345,0.33616919913489646,0.17846760608033801
42.63,0.5257506030602943,0.3557260399856963,0.170024563074598
42.64,0.5265510127772413,0.3675229818559781,0.15902803092126316
42.65,0.5171365817710817,0.3704545428673305,0.1466820389037512
42.660000000000004,0.4960627868805803,0.363821061511816,0.13224172536876433
42.67,0.46398941611153705,0.34737041041395716,0.11661900569757988
42.68,0.4224197543204636,0.32131852748822,0.1011012268322436
42.69,0.3715430042580012,0.28634775303871823,0.08519525121928295
42.7,0.3133244832811136,0.2435829825038768,0.06974150077723681
42.71,0.2501625851094125,0.19454666282621805,0.05561592228319448
42.72,0.1838741348833784,0.14109462966672598,0.042779505216652414
42.730000000000004,0.11708652915768018,0.08533565916277852,0.03175086999490166
42.74,0.05216139744889731,0.029538352325666234,0.02262304512323108
42.75,-0.008124896175218652,-0.023970450684517277,0.015845554509298625
42.76,-0.06139457366427163,-0.0729111408430318,0.011516567178760165
42.77,-0.10630032785882088,-0.11515592886871459,0.008855601009893715
42.78,-0.14017226218403694,-0.1488278203105782,0.008655558126541257
42.79,-0.16173566587158159,-0.17238949241101142,0.01065382653942984
42.800000000000004,-0.17127518164307282,-0.18471803608276477,0.013442854439691954
42.81,-0.1672689186635435,-0.18516215444594897,0.01789323578240548
42.82,-0.15003572761406503,-0.17357918874784664,0.023543461133781612
42.83,-0.12148135781771574,-0.1503502376924257,0.028868879874709957
42.84,-0.08183934086420833,-0.11637260679041646,0.03453326592620813
42.85,-0.03297333213726631,-0.07302982669325914,0.040056494555992826
42.86,0.022248678653534464,-0.022140468793647183,0.04438914744718164
42.87,0.08189881544103671,0.03411208131642502,0.047786734124611686
42.88,0.14314433179358427,0.0932658978344111,0.04987843395917317
42.89,0.2032205687360376,0.1526791421680767,0.0505414265679609
42.9,0.2592045601050527,0.20963681560884018,0.04956774449621254
42.910000000000004,0.30820233231808414,0.2614610629069249,0.04674126941115925
42.92,0.34861609444828795,0.30562030856451294,0.042995785883775006
42.93,0.37758763719971966,0.3398325714355617,0.037755065764157936
42.94,0.393093507990662,0.36215857062079637,0.030934937369865634
42.95,0.39534959782074,0.37108069369379953,0.024268904126940438
42.96,0.3825725634331467,0.3655645256525346,0.017008037780612106
42.97,0.35425067704117363,0.34510040497929384,0.009150272061879794
42.980000000000004,0.3123876929689899,0.30972334711770744,0.002664345851282446
42.99,0.2568560257887514,0.26001061642123474,-0.003154590632483356
43.0,0.18879392552236604,0.19705719342521558,-0.008263267902849536
43.01,0.11129941345061943,0.12243033259903367,-0.011130919148414242
43.02,0.02585036785661331,0.03810529511726514,-0.012254927260651829
43.03,-0.06516808228578147,-0.05361486683884895,-0.011553215446932517
43.04,-0.15866086593269504,-0.15019193704411568,-0.008468928888579363
43.050000000000004,-0.25217808538768133,-0.24895353462814052,-0.003224550759540812
43.06,-0.34288504929077485,-0.3471981250765751,0.004313075785800258
43.07,-0.4287710947046585,-0.44229955207317706,0.013528457368518543
43.08,-0.5073605810288171,-0.5318066654733773,0.0244460844445602
43.09,-0.5762803924988886,-0.6135338779936524,0.037253485494763816
43.1,-0.635260306090611,-0.6856389186516721,0.05037861256106113
43.11,-0.682679013849808,-0.7466846438366819,0.06400562998687387
43.12,-0.7173338890635386,-0.7956824896830049,0.07834860061946636
43.13,-0.7406858994415169,-0.8321159693190128,0.09143006987749591
43.14,-0.752445950626468,-0.855943498835247,0.10349754820877899
43.15,-0.7528460516279121,-0.8675807374954091,0.11473468586749702
43.160000000000004,-0.7444258209683453,-0.8678635113506806,0.12343769038233532
43.17,-0.7281401663733786,-0.8579932168113252,0.1298530504379466
43.18,-0.7053892707081132,-0.8394673365951496,0.1340780658870364
43.19,-0.6787677372240594,-0.8139983139541977,0.13523057673013839
43.2,-0.6498851335426239,-0.7834244970490059,0.13353936350638196
43.21,-0.6206124811236732,-0.7496171654171055,0.12900468429343237
43.22,-0.592617288950163,-0.7143877737602682,0.12177048481010522
43.230000000000004,-0.5673323754610554,-0.6793994916869848,0.11206711622592935
43.24,-0.5462216902198616,-0.6460868863925715,0.09986519617270995
43.25,-0.529475115655551,-0.6155872008803894,0.08611208522483838
43.26,-0.5176195497793159,-0.588686142454689,0.07106659267537307
43.27,-0.5109677538551424,-0.5657804400224312,0.05481268616728885
43.28,-0.5083279290173588,-0.5468586841515706,0.03853075513421178
43.29,-0.5089863160847575,-0.5315011641360529,0.022514848051295333
43.300000000000004,-0.5117646469391923,-0.5188985966584938,0.00713394971930148
43.31,-0.5147897862809163,-0.5078888364554839,-0.006900949825432434
43.32,-0.5162958987330895,-0.49700990485086843,-0.01928599388222102
43.33,-0.5138124468613154,-0.4845669985708823,-0.02924544829043313
43.34,-0.5058095787919142,-0.46871057627956947,-0.03709900251234477
43.35,-0.4901036145901551,-0.4475221859880154,-0.042581428602139704
43.36,-0.4636221179870395,-0.419104409067458,-0.04451770891958151
43.37,-0.42611980289101814,-0.3816711655743546,-0.04444863731666354
43.38,-0.3758288516004177,-0.33363465360108846,-0.04219419799932922
43.39,-0.3100453789469141,-0.27368537813872057,-0.036360000808193516
43.4,-0.23028898372218964,-0.20086205166195684,-0.029426932060232808
43.410000000000004,-0.13592663853793,-0.11460860256234263,-0.02131803597558736
43.42,-0.025569451410770293,-0.014816086824495273,-0.01075336458627502
43.43,0.09768359111466393,0.09815206289044304,-0.0004684717757791057
43.44,0.2329880281531573,0.22345232696420156,0.009535701188955747
43.45,0.3797904391906766,0.3597710931924301,0.020019345998246507
43.46,0.5342217876605071,0.5053518208062132,0.028869966854293883
43.47,0.6941082801308691,0.6580381768547635,0.0360701032761056
43.480000000000004,0.8568363753131529,0.815331350550661,0.04150502476249196
43.49,1.0189318106402485,0.9744592423348483,0.04447256830540025
43.5,1.1774650471105674,1.132454822482824,0.04501022462774351
43.51,1.3281822068558222,1.2862406725568696,0.04194153429895264
43.52,1.4691329560325024,1.432716569846619,0.036416386185883276
43.53,1.5974214394687225,1.568846952310011,0.02857448715871147
43.54,1.7079753322292415,1.6917452059306166,0.01623012629862486
43.550000000000004,1.801091911918788,1.7987519390041316,0.002339972914656485
43.56,1.8746467053100322,1.8875047350341179,-0.012858029724085673
43.57,1.9237268094182398,1.9559972900122147,-0.03227048059397486
43.58,1.9509757643345613,2.0026263201353767,-0.051650555800815345
43.59,1.955500794417952,2.02622514965344,-0.07072435523548792
43.6,1.9334116428953196,2.026083431741524,-0.09267178884620453
43.61,1.8891691170066294,2.0019529943653445,-0.11278387735871509
43.62,1.8231862317813916,1.9540403155365524,-0.13085408375516083
43.63,1.733136552518958,1.8829865977607636,-0.14985004524180567
43.64,1.624339913927885,1.7898368124574495,-0.16549689852956462
43.65,1.4982351814275348,1.67599940791471,-0.17776422648717527
43.660000000000004,1.3541935387265975,1.543198609288297,-0.18900507056169946
43.67,1.1973194872351862,1.3934213810047658,-0.19610189376957954
43.68,1.0295868348752661,1.2288611698657628,-0.19927433499049663
43.69,0.8518392569753476,1.0518605046410647,-0.20002124766571716
43.7,0.668084627359292,0.8648544023825339,-0.1967697750232419
43.71,0.48031690024515816,0.6703163338996334,-0.18999943365447525
43.72,0.2904149802995402,0.4707082443649235,-0.18029326406538326
43.730000000000004,0.10080324859436059,0.26843582539547656,-0.16763257680111598
43.74,-0.08688381580179162,0.06580990885615674,-0.15269372465794837
43.75,-0.27020648634949374,-0.13498548298754434,-0.1352210033619494
43.76,-0.4483700174054967,-0.33191822506370905,-0.11645179234178765
43.77,-0.6202472308214,-0.5231264156710786,-0.09712081515032134
43.78,-0.7832693264943287,-0.7069303137350267,-0.076339012759302
43.79,-0.937916940739689,-0.8818384856732371,-0.05607845506645193
43.800000000000004,-1.08355718778454,-1.046548933212276,-0.03700825457226409
43.81,-1.2177177136122992,-1.1999460886668807,-0.017771624945418507
43.82,-1.3416858049929383,-1.3410946205576024,-0.0005911844353359008
43.83,-1.4551979710153733,-1.4692309919782,0.01403302096282677
43.84,-1.5559237209369459,-1.5837536616959564,0.027829940759010574
43.85,-1.6455544552488741,-1.6842127209266615,0.03865826567778741
43.86,-1.7240537602200152,-1.7702996263961617,0.046245866176146455
43.87,-1.7892042778769468,-1.8418375333852386,0.05263325550829179
43.88,-1.842853384122555,-1.898772562389005,0.0559191782664501
43.89,-1.8851081553783247,-1.9411661613125624,0.05605800593423771
43.9,-1.9138679418863536,-1.9691885627084522,0.055320620822098654
43.910000000000004,-1.931041570098279,-1.9831131922196807,0.052071622121401706
43.92,-1.9368781759079228,-1.9833117682458528,0.046433592337929985
43.93,-1.9294849791466968,-1.9702497499635252,0.04076477081682839
43.94,-1.910826214020988,-1.9444817449425853,0.03365553092159734
43.95,-1.8813438541510488,-1.9066464799841845,0.025302625833135695
43.96,-1.839517195439983,-1.8574609682852712,0.017943772845288253
43.97,-1.7873637128790953,-1.7977135691233566,0.010349856244261213
43.980000000000004,-1.7255623351706508,-1.7282557274281725,0.002693392257521632
43.99,-1.653135097111737,-1.6499922926812276,-0.003142804430509294
44.0,-1.5720938763654093,-1.5638704411844384,-0.008223435180970906
44.01,-1.4833393347932637,-1.4708673538219315,-0.012471980971332286
44.02,-1.386535587297876,-1.3719769238478619,-0.014558663450014109
44.03,-1.2835614720288653,-1.2681958772494601,-0.015365594779405134
44.04,-1.1754463089908576,-1.1605097740980561,-0.014936534892801445
44.050000000000004,-1.0624770563295505,-1.0498794166686318,-0.012597639660918647
44.06,-0.9462384941544232,-0.9372282144283072,-0.00901027972611601
44.07,-0.8277414078100412,-0.8234310447730656,-0.0043103630369756285
44.08,-0.7077634797165436,-0.7093051013453198,0.0015416216287761353
44.09,-0.5874596654537079,-0.5956031408378731,0.008143475384165266
44.1,-0.4676728848275892,-0.48300942845289363,0.015336543625304455
44.11,-0.34947934665752656,-0.37213854760604975,0.022659200948523195
44.12,-0.23354478997224068,-0.2635370885777606,0.029992298605519913
44.13,-0.12044552971852797,-0.1576880722854899,0.037242542566961925
44.14,-0.011375136563213113,-0.055017808500282275,0.043642671937069166
44.15,0.0934542049651978,0.04409525790964285,0.04935894705555494
44.160000000000004,0.19375383243409766,0.13931028474751106,0.0544435476865866
44.17,0.2883292908382622,0.23031302375155902,0.05801626708670318
44.18,0.3773124713434991,0.31680479746281826,0.060507673880680846
44.19,0.46065626455665615,0.3984922168007208,0.06216404775593537
44.2,0.5372053771133777,0.47507837512420836,0.06212700198916932
44.21,0.6073019548634618,0.5462561925410089,0.06104576232245296
44.22,0.6710675153353254,0.6117044815399519,0.05936303379537344
44.230000000000004,0.7273811693927761,0.6710871660004277,0.05629400339234836
44.24,0.776690754222936,0.7240559167520147,0.052634837470921236
44.25,0.8192336434138761,0.7702562764141342,0.04897736699974187
44.26,0.8539275270656561,0.8093371439521587,0.04459038311349739
44.27,0.8812835457465498,0.840963285874676,0.04032025987187382
44.28,0.9016498452009193,0.8648303472672995,0.03681949793361983
44.29,0.9140392434148,0.8806816627007513,0.03335758071404871
44.300000000000004,0.9190440362598191,0.8883260244636505,0.03071801179616862
44.31,0.9171583848368314,0.8876554622141357,0.029502922622695715
44.32,0.9076056939347398,0.8786620308547444,0.028943663079995408
44.33,0.891103241814076,0.8614525968219571,0.02965064499211889
44.34,0.8683280192487927,0.8362606591388001,0.03206736010999256
44.35,0.8388510729914025,0.8034543399156923,0.03539673307571023
44.36,0.8035355277727081,0.7635398261973667,0.03999570157534138
44.37,0.7632305669495807,0.7171597352326394,0.04607083171694126
44.38,0.7179491171468768,0.665086100118114,0.05286301702876284
44.39,0.6686590208175521,0.6082079220736064,0.06045109874394572
44.4,0.6162926559326602,0.5475134975682309,0.06877915836442938
44.410000000000004,0.5612973884995954,0.4840679904019532,0.07722939809764223
44.42,0.5046339191135158,0.41898696759739606,0.08564695151611978
44.43,0.4471587723145648,0.35340684082835344,0.09375193148621136
44.44,0.3896239388286963,0.2884533403252098,0.10117059850348648
44.45,0.3328288950761064,0.2252092855438866,0.1076196095322198
44.46,0.277375004207869,0.16468299826535865,0.11269200594251033
44.47,0.224100257223135,0.10777872366304263,0.11632153356009238
44.480000000000004,0.1735024379419642,0.05527038057164018,0.11823205737032402
44.49,0.1258000991224082,0.007779854117858178,0.11802024500455001
44.5,0.08168812776291932,-0.03423912445577878,0.1159272522186981
44.51,0.04129590966623285,-0.07051068801780967,0.11180659768404252
44.52,0.004444143944455074,-0.1009395776433676,0.10538372158782267
44.53,-0.02846405198621094,-0.12560666388531483,0.09714261189910389
44.54,-0.05762284736195315,-0.1447573075283262,0.08713446016637304
44.550000000000004,-0.08349347426341966,-0.15878294603771062,0.07528947177429096
44.56,-0.10597025641861292,-0.1681966055948584,0.06222634917624549
44.57,-0.1254181890182408,-0.17360332713555118,0.04818513811731037
44.58,-0.1423722273588003,-0.17566674416034328,0.03329451680154297
44.59,-0.156883589709568,-0.17507324785300887,0.018189658143440868
44.6,-0.16927560574410275,-0.17249531102661517,0.0032197052825124195
44.61,-0.17994085463686033,-0.16855560915714188,-0.011385245479718448
44.62,-0.18886273377716312,-0.16379356993326485,-0.025069163843898262
44.63,-0.19612798701854126,-0.1586359014009914,-0.03749208561754985
44.64,-0.20185882478635053,-0.15337249543944376,-0.048486329346906776
44.65,-0.20576594784721008,-0.14813888389541457,-0.05762706395179551
44.660000000000004,-0.20760033138787737,-0.1429061483203852,-0.06469418306749217
44.67,-0.2072386018825944,-0.13747886276145257,-0.06975973912114183
44.68,-0.20403605306181746,-0.13150129657576515,-0.07253475648605232
44.69,-0.19745259153834235,-0.1244717365001105,-0.07298085503823186
44.7,-0.18729755169323864,-0.11576442084203772,-0.07153313085120092
44.71,-0.17266547138900804,-0.10465823042126098,-0.06800724096774706
44.72,-0.15291069910424496,-0.09037096687893535,-0.0625397322253096
44.730000000000004,-0.12803737471866805,-0.07209778387184539,-0.055939590846822665
44.74,-0.09713222550249499,-0.049052133049528414,-0.04808009245296658
44.75,-0.059713438401352,-0.02050745442751367,-0.03920598397383833
44.76,-0.01621038349228198,0.014162213528387754,-0.030372597020669734
44.77,0.033976164974327296,0.05544450198681437,-0.02146833701248707
44.78,0.09090366332440702,0.1036555485672658,-0.01275188524285878
44.79,0.15363293560429192,0.15891290991850385,-0.005279974314211927
44.800000000000004,0.22218353120638,0.22111580517112794,0.00106772603525207
44.81,0.2960326955283164,0.2899336360921845,0.006099059436131926
44.82,0.37385543552354805,0.3648033768356603,0.009052058687887776
44.83,0.45499186600267744,0.4449360453906361,0.010055820612041355
44.84,0.5383508587696095,0.5293320773220337,0.009018781447575841
44.85,0.6225341020339508,0.6168050378829112,0.005729064151039576
44.86,0.7063161708883757,0.7060127484995586,0.0003034223888170873
44.87,0.7882221953695447,0.7954945843690903,-0.00727238899954552
44.88,0.8671811560028496,0.8837134360067322,-0.016532280003882627
44.89,0.9416941221244498,0.9691006310625525,-0.027406508938102703
44.9,1.0102027056334941,1.0501019925367685,-0.03989928690327438
44.910000000000004,1.0723082202373446,1.1252231710924263,-0.05291495085508169
44.92,1.1266028103275176,1.1930724341573535,-0.0664696238298359
44.93,1.1717599867141322,1.2523992207315726,-0.08063923401744044
44.94,1.2082133731633147,1.3021269723185087,-0.09391359915519404
44.95,1.2349505039012867,1.3413790177357916,-0.10642851383450491
44.96,1.251100233337057,1.3694966102382147,-0.11839637690115756
44.97,1.2578421994983766,1.3860485744321422,-0.12820637493376563
44.980000000000004,1.2546979948062418,1.390832401132442,-0.13613440632620022
44.99,1.2413099559800538,1.383867012871715,-0.1425570568916612
45.0,1.219305536864657,1.3653777933166358,-0.14607225645197874
45.01,1.188678735197666,1.335774813154367,-0.147096077956701
45.02,1.1494680213016542,1.295625477346936,-0.14615745604528185
45.03,1.103356185017694,1.2456230505042918,-0.14226686548659773
45.04,1.0505969916713147,1.1865526778536721,-0.13595568618235743
45.050000000000004,0.9913912769554362,1.1192566016075554,-0.1278653246521192
45.06,0.9271431403544451,1.044600272891779,-0.11745713253733381
45.07,0.8581132515369881,0.9634409781093424,-0.10532772657235423
45.08,0.7844221800779837,0.8766004398751688,-0.09217825979718508
45.09,0.7070431279027504,0.7848426243289185,-0.07779949642616812
45.1,0.6260737274463595,0.6888576998898727,-0.06278397244351319
45.11,0.5414177793012002,0.5892527613127251,-0.04783498201152492
45.12,0.4536876692150615,0.4865495733109734,-0.03286190409591194
45.13,0.3628119650234595,0.3811892174725609,-0.018377252449101378
45.14,0.2685232562961835,0.27354316267456963,-0.005019906378386119
45.15,0.17130409898839266,0.16392994036841643,0.007374158619976229
45.160000000000004,0.07107422773935637,0.05263630845819916,0.018437919281157213
45.17,-0.03237452706694389,-0.06005845440415801,0.027683927337214122
45.18,-0.13843560841041702,-0.17385665650532262,0.035421048094905594
45.19,-0.2469503013039518,-0.2884163329638128,0.041466031659861013
45.2,-0.3577298366465655,-0.40332706439988936,0.045597227753323866
45.21,-0.4699215843586865,-0.5180890546091221,0.04816747025043566
45.22,-0.5829188199398173,-0.6320969011824238,0.049178081242606475
45.230000000000004,-0.6958249881551543,-0.7446292733682562,0.04880428521310198
45.24,-0.8076518180917925,-0.854845428574686,0.0471936104828935
45.25,-0.9172931193672348,-0.9617891659387041,0.04449604657146933
45.26,-1.0230028044442658,-1.064400447980076,0.0413976435358101
45.27,-1.1239963086658702,-1.161534536863562,0.0375382281976917
45.28,-1.2188315195459276,-1.2519881084838613,0.03315658893793372
45.29,-1.3050350814338816,-1.3345314437824383,0.02949636234855668
45.300000000000004,-1.3824788634184273,-1.4079454699147835,0.025466606496356237
45.31,-1.4497303348927382,-1.4710621499841445,0.02133181509140636
45.32,-1.5039810135623684,-1.5228065125280383,0.018825498965669984
45.33,-1.54613866951962,-1.5622384812406114,0.016099811720991397
45.34,-1.575192956281071,-1.5885926184587877,0.01339966217771682
45.35,-1.588568251135075,-1.601313935785372,0.012745684650297129
45.36,-1.5883311284105632,-1.6000880508942197,0.011756922483656451
45.37,-1.5742201168922099,-1.584864176092674,0.010644059200464184
45.38,-1.5444685927387298,-1.555869702859114,0.01140111012038414
45.39,-1.5020665867093168,-1.51361548520095,0.011548898491633208
45.4,-1.4476122793457427,-1.4588913083332655,0.011279028987522866
45.410000000000004,-1.3805467151807098,-1.392751440759928,0.012204725579218145
45.42,-1.3042191505871095,-1.3164905888890677,0.012271438301958204
45.43,-1.2199287794325484,-1.2316109848689436,0.011682205436395199
45.44,-1.1284078362654117,-1.1397817217919055,0.011373885526493765
45.45,-1.0326307444358924,-1.042791788413877,0.010161043977984674
45.46,-0.9342162692097171,-0.9424985327338316,0.00828226352411443
45.47,-0.8349182422927093,-0.8407734875679554,0.005855245275246168
45.480000000000004,-0.7366672239795594,-0.7394476123506676,0.0027803883711081667
45.49,-0.6409277252285405,-0.640258038258361,-0.0006696869701794395
45.5,-0.5499317888628957,-0.5447983468394982,-0.005133442023397494
45.51,-0.46418623715852886,-0.454474268170824,-0.009711968987704878
45.52,-0.38459952967274147,-0.3704664596148754,-0.01413307005786607
45.53,-0.31323676922803134,-0.2937017306429155,-0.01953503858511585
45.54,-0.2492183646170379,-0.22483372619683362,-0.024384638420204274
45.550000000000004,-0.1927021984347205,-0.16423368653582057,-0.02846851189889993
45.56,-0.1450452664689929,-0.1119914831129844,-0.033053783356008504
45.57,-0.1044180477368108,-0.06792670642296461,-0.036491341313846196
45.58,-0.07030929815763227,-0.03160917176853379,-0.038700126389098484
45.59,-0.04305711555000663,-0.0023878306065657894,-0.04066928494344084
45.6,-0.020600215390370078,0.020573254901690034,-0.041173470292060116
45.61,-0.0020197861720895657,0.03825348404937657,-0.04027327022146614
45.62,0.013259191761930309,0.05173064010613754,-0.03847144834420723
45.63,0.026884834872653637,0.06213407895069017,-0.035249244078036535
45.64,0.039808251511157834,0.07059812594541914,-0.03078987443426131
45.65,0.05309392169388932,0.07821756375479506,-0.02512364206090574
45.660000000000004,0.06758530743096473,0.0860069523926307,-0.01842164496166597
45.67,0.08392015556811355,0.09486530693491003,-0.010945151366796482
45.68,0.1031230762971447,0.10554737896173742,-0.0024243026645927174
45.69,0.12516491064875096,0.1186424586193891,0.006522452029361858
45.7,0.15018493311466521,0.13456125110515973,0.01562368200950548
45.71,0.17874102815028878,0.15353100165740252,0.025210026492886256
45.72,0.21016012927681632,0.1755986646450641,0.03456146463175222
45.730000000000004,0.24411024908380097,0.20064155269823936,0.04346869638556161
45.74,0.28050094931242353,0.22838457752107594,0.05211637179134759
45.75,0.3184164715260598,0.2584229197439872,0.05999355178207261
45.76,0.3572562693257139,0.2902487530362415,0.06700751628947244
45.77,0.3963726432902611,0.32328050676192743,0.07309213652833368
45.78,0.43501296224761804,0.3568930872843768,0.07811987496324124
45.79,0.47258180726389626,0.3904474924454035,0.08213431481849276
45.800000000000004,0.5081504070571012,0.42331834482363745,0.08483206223346379
45.81,0.541393103670211,0.45491803150819315,0.08647507216201783
45.82,0.5719404012895786,0.48471636234195736,0.08722403894762121
45.83,0.5988892458122458,0.5122549330129199,0.08663431279932587
45.84,0.6223892361172362,0.5371556897995944,0.0852335463176418
45.85,0.6423759048905022,0.5591235233797115,0.08325238151079073
45.86,0.658160689487127,0.5779430532077012,0.0802176362794258
45.87,0.6702206163983297,0.5934700848276871,0.0767505315706426
45.88,0.6787170142893948,0.6056185141469032,0.07309850014249164
45.89,0.6831697776510434,0.6143437007087419,0.06882607694230147
45.9,0.684135094637643,0.6196235241512508,0.06451157048639222
45.910000000000004,0.6818220860933465,0.6214384648901715,0.060383621203174975
45.92,0.6757843968185991,0.6197521054427052,0.05603229137589394
45.93,0.6664358342810606,0.614493430056615,0.051942404224445515
45.94,0.6538621934364436,0.6055422084242131,0.04831998501223045
45.95,0.6374207815506753,0.5927185888269435,0.04470219272373177
45.96,0.6172930821226086,0.5757778050179279,0.041515277104680726
45.97,0.5933784692260848,0.554410630420156,0.0389678388059288
45.980000000000004,0.5646984711584173,0.5282499061471793,0.036448565011238054
45.99,0.5312848677709288,0.49688314108108467,0.03440172668984409
46.0,0.4929436252794863,0.45987084896674907,0.03307277631273725
46.01,0.44842191433252626,0.4167699656765634,0.03165194865596288
46.02,0.39781989203643775,0.3671613954248664,0.03065849661157133
46.03,0.34106943044795096,0.3106804824429343,0.03038894800501668
46.04,0.2769273573304737,0.24704900715427783,0.02987835017619586
46.050000000000004,0.20581792634337243,0.17610717331297238,0.02971075303040005
46.06,0.12804696454526382,0.09784399190464925,0.03020297264061457
46.07,0.04280664945701147,0.012424482467988615,0.03038216698902286
46.08,-0.04897915534089444,-0.07978779710349884,0.0308086417626044
46.09,-0.14647806585143575,-0.17821421883812671,0.03173615298669097
46.1,-0.2496485408385003,-0.28205165022039747,0.032403109381897166
46.11,-0.3570622476154054,-0.3902709338533474,0.03320868623794199
46.12,-0.4673992880714108,-0.5016237735583969,0.034224485486986145
46.13,-0.5795307115383374,-0.6146581670980928,0.035127455559755494
46.14,-0.6917168313565172,-0.7277421620241767,0.03602533066765956
46.15,-0.8024046444432109,-0.8390953524791991,0.03669070803598817
46.160000000000004,-0.9094241959582717,-0.9468271974653529,0.0374030015070812
46.17,-1.0110688657350861,-1.048980940508104,0.037912074773017945
46.18,-1.105958627659524,-1.1435816604530722,0.03762303279354828
46.19,-1.1912219025195072,-1.228686794676403,0.03746489215689586
46.2,-1.2655774837830456,-1.30243735773834,0.03685987395529433
46.21,-1.3282464880629516,-1.3631080357013468,0.03486154763839511
46.22,-1.3761929025091575,-1.4091543707291148,0.03296146821995727
46.230000000000004,-1.408879127483212,-1.4392553604033533,0.030376232920141355
46.24,-1.4264315324820038,-1.4523499762258005,0.025918443743796704
46.25,-1.4262231397439002,-1.4476663476230751,0.021443207879174864
46.26,-1.408607096107873,-1.4247426502880896,0.016135554180216616
46.27,-1.3746890700423415,-1.3834390674955344,0.008749997453192826
46.28,-1.3226949454766772,-1.3239405451589286,0.0012455996822513526
46.29,-1.253806293900429,-1.2467504200188932,-0.007055873881535835
46.300000000000004,-1.1699266442280858,-1.1526753495079975,-0.01725129472008824
46.31,-1.070339259141975,-1.0428022961903722,-0.027536962951602684
46.32,-0.9568133111970861,-0.9184686052232653,-0.03834470597382078
46.33,-0.8316761181056059,-0.7812264480089604,-0.05044967009664558
46.34,-0.6952150041154318,-0.632803079596412,-0.06241192451901978
46.35,-0.5494531139547825,-0.47505846488891734,-0.07439464906586513
46.36,-0.3966983689312268,-0.30994186596693213,-0.08675650296429466
46.37,-0.23800014655883797,-0.13944894982459471,-0.09855119673424326
46.38,-0.07531593886194339,0.0344191241863014,-0.10973506304824479
46.39,0.08944428998293828,0.20969333855356737,-0.12024904857062908
46.4,0.2547808138399582,0.3844700869744336,-0.12968927313447537
46.410000000000004,0.4190188018029134,0.5569392447900234,-0.13792044298711004
46.42,0.5808676753291466,0.7254064858688369,-0.1445388105396903
46.43,0.7386438313182637,0.8883095838721627,-0.14966575255389902
46.44,0.8910291748737529,1.0442287270341433,-0.15319955216039038
46.45,1.0373963172967238,1.1918911514130395,-0.1544948341163157
46.46,1.1760341513857664,1.330170645049329,-0.15413649366356252
46.47,1.3059304656206205,1.458082683312615,-0.1521522176919945
46.480000000000004,1.4270368239924618,1.574776114857329,-0.14773929086486715
46.49,1.5376650022008114,1.6795224215910838,-0.1418574193902724
46.5,1.6369963174267905,1.771703621355181,-0.13470730392839037
46.51,1.7254366447198142,1.8507998681359816,-0.12536322341616746
46.52,1.8013238100069224,1.9163777341069517,-0.11505392410002924
46.53,1.8639378223641605,1.9680800360379036,-0.1041422136737431
46.54,1.9140533236870756,2.005617903536264,-0.09156457984918842
46.550000000000004,1.9500650064013616,2.02876558824459,-0.07870058184322826
46.56,1.9713345132106093,2.037358293110299,-0.06602377989968966
46.57,1.9789916510044598,2.0312930717141024,-0.05230142070964261
46.58,1.971594203663313,2.0105326222238786,-0.03893841856056568
46.59,1.94866268552047,1.9751115912759014,-0.02644890575543135
46.6,1.9117135263575198,1.925144821388153,-0.013431295030633228
46.61,1.8596429100031773,1.8608368311710868,-0.0011939211679095063
46.62,1.7922688958588802,1.7824917182843885,0.009777177574491702
46.63,1.7115024294698515,1.6905226259409676,0.020979803528883956
46.64,1.6167639457454352,1.585459917152406,0.031304028593029276
46.65,1.5083027612198003,1.4679572563222292,0.04034550489757116
46.660000000000004,1.3883381697655655,1.3387949018491727,0.04954326791639274
46.67,1.256929842616793,1.198879660056438,0.05805018256035499
46.68,1.1148178549861991,1.049241131625635,0.06557672336056419
46.69,0.9643192579549914,0.8910240865003314,0.07329517145466002
46.7,0.8061150612364355,0.7254770203028598,0.08063804093357574
46.71,0.6413819075461565,0.5539371623233916,0.08744474522276491
46.72,0.47223232309246366,0.37781240967538104,0.09441991341708261
46.730000000000004,0.29980951428720215,0.1985608424571804,0.10124867183002176
46.74,0.12556952316221104,0.017668620157533513,0.10790090300467753
46.75,-0.0488863963813446,-0.16337283863474836,0.11448644225340376
46.76,-0.22219906167364203,-0.3430894393157032,0.12089037764206115
46.77,-0.39283362940800015,-0.5200458050992616,0.12721217569126142
46.78,-0.5599073528700529,-0.6928645858895035,0.13295723301945062
46.79,-0.7220837687239539,-0.8602428950818227,0.13815912635786887
46.800000000000004,-0.8779089344847989,-1.0209652428859477,0.1430563084011488
46.81,-1.0272555625101851,-1.1739125297113542,0.14665696720116905
46.82,-1.1689498223805321,-1.3180668871582322,0.14911706477770004
46.83,-1.301666345159659,-1.452512395200862,0.150846050041203
46.84,-1.4259005051147065,-1.5764319490030774,0.15053144388837092
46.85,-1.5406395714710088,-1.689100783700348,0.14846121222933917
46.86,-1.6446008281838742,-1.789877376839268,0.14527654865539374
46.87,-1.7386776985740358,-1.8781926233157789,0.1395149247417431
46.88,-1.8219060943470762,-1.9535383055386266,0.13163221119155044
46.89,-1.892872854451028,-2.015455953336906,0.12258309888587804
46.9,-1.9526761958942516,-2.063527197758741,0.11085100186448948
46.910000000000004,-2.000271303476597,-2.0973666674500024,0.09709536397340557
46.92,-2.0339586498759603,-2.1166183562249272,0.08265970634896691
46.93,-2.05498909115122,-2.1209562096751644,0.06596711852394455
46.94,-2.0622060410233924,-2.1100894445013716,0.04788340347797915
46.95,-2.0536090398752065,-2.0837728370692314,0.030163797194024955
46.96,-2.030727410000363,-2.0418219105143494,0.011094500513986194
46.97,-1.9924389964847213,-1.98413262763662,-0.00830636884810132
46.980000000000004,-1.9366593303118764,-1.9107048762855399,-0.02595445402633656
46.99,-1.8654327609200716,-1.821668731967204,-0.04376402895286757
47.0,-1.7779907024989208,-1.7173122157598093,-0.06067848673911147
47.01,-1.6726201245166463,-1.5981090499509747,-0.07451107456567163
47.02,-1.5520721190833973,-1.4647447628201131,-0.08732735626328414
47.03,-1.416323161544219,-1.3181394187200786,-0.09818374282414033
47.04,-1.2646267478608773,-1.159465257793218,-0.10516149006765918
47.050000000000004,-1.1004056316812056,-0.9901576252175494,-0.11024800646365629
47.06,-0.9246790225996779,-0.8119177526309215,-0.11276126996875646
47.07,-0.7382139226565233,-0.6267062198893172,-0.11150770276720612
47.08,-0.5447202864353134,-0.4367262649697179,-0.10799402146559556
47.09,-0.3462975014174574,-0.24439651111652522,-0.10190099030093219
47.1,-0.14550468502524852,-0.05231312730883709,-0.09319155771641144
47.11,0.05438455655617827,0.1367980879408737,-0.08241353138469543
47.12,0.25050540037565683,0.3201387292888609,-0.06963332891320406
47.13,0.4386698807153241,0.4949024790334157,-0.05623259831809163
47.14,0.6169339627945091,0.6583456115870994,-0.041411648792590294
47.15,0.7822995444164703,0.8078610776657299,-0.025561533249259583
47.160000000000004,0.9296071478101354,0.9410536470400089,-0.011446499229873508
47.17,1.0590161359253676,1.055813391722921,0.0032027442024464836
47.18,1.1681781876709887,1.1503847009819594,0.017793486689029248
47.19,1.252004156000362,1.2234280438085432,0.02857611219181888
47.2,1.3130998422374527,1.2740718368390846,0.03902800539836804
47.21,1.3504514660142661,1.3019520344607185,0.048499431553547634
47.22,1.3602088600086157,1.3072374260138209,0.05297143399479487
47.230000000000004,1.347124551838412,1.2906390906685186,0.0564854611698935
47.24,1.311861553620618,1.2534030071354985,0.0584585464851195
47.25,1.2527676874148461,1.19728542231386,0.05548226510098608
47.26,1.1757859575034513,1.1245112265460275,0.05127473095742374
47.27,1.0831104919966386,1.0377162374055855,0.04539425459105306
47.28,0.975727304200785,0.9398749318427388,0.03585237235804617
47.29,0.859374503094909,0.8342157610614407,0.02515874203346835
47.300000000000004,0.7371597621171921,0.724126707945228,0.013033054171964098
47.31,0.6124545779653624,0.6130541798132233,-0.0005996018478608978
47.32,0.4893535086092758,0.5043986498492825,-0.01504514124000672
47.33,0.37097051487444727,0.40141065315900687,-0.030440138284559604
47.34,0.2621485666929902,0.3070907976525727,-0.044942230959582496
47.35,0.16430512833228156,0.2240973610731129,-0.05979223274083134
47.36,0.07965366226705177,0.15466481469901971,-0.07501115243196795
47.37,0.013175434429307301,0.100536248752605,-0.0873608143232977
47.38,-0.03667283642527387,0.06291218733143454,-0.09958502375670841
47.39,-0.0691698821351864,0.04241769002272165,-0.11158757215790806
47.4,-0.08061717962065033,0.03908896612374182,-0.11970614574439215
47.410000000000004,-0.07488656692147232,0.05238000208209492,-0.12726656900356725
47.42,-0.052854502831265186,0.08118895245317616,-0.13404345528444134
47.43,-0.01318490693123217,0.1239032997474033,-0.13708820667863547
47.44,0.03927643508912234,0.17846207944919631,-0.13918564436007397
47.45,0.10238040995474465,0.24243282241453148,-0.14005241245978683
47.46,0.1749196911086398,0.3131003144514097,-0.13818062334276987
47.47,0.2524846579224703,0.3875638351284663,-0.135079177205996
47.480000000000004,0.332404712790309,0.46283923301351476,-0.13043452022320579
47.49,0.41153947730031704,0.5359620353756366,-0.12442255807531954
47.5,0.48707035174180885,0.6040877835584131,-0.11701743181660423
47.51,0.5566791549781008,0.6645859310044646,-0.10790677602636378
47.52,0.6164268371575864,0.7151239330881133,-0.09869709593052689
47.53,0.6656716783675916,0.7537385840894577,-0.08806690572186615
47.54,0.7031411203112538,0.7788921987185988,-0.07575107840734507
47.550000000000004,0.7253319644173326,0.7895118705405048,-0.06417990612317215
47.56,0.7336793108989099,0.7850107404778318,-0.051331429578921894
47.57,0.7282430287991027,0.7652909455114083,-0.03704791671230556
47.58,0.7068706635878075,0.7307286594841789,-0.023857995896371387
47.59,0.6723940182034249,0.682142353126314,-0.009748334922889068
47.6,0.6260194948377544,0.6207460588592699,0.005273435978484509
47.61,0.5672766907349239,0.54808999994363,0.01918669079129398
47.62,0.4994128824935703,0.46599140919261123,0.03342147330095907
47.63,0.42423445732994236,0.37645870065246706,0.0477757566774753
47.64,0.34267807377505927,0.28161235485056285,0.061065718924496415
47.65,0.25747105762897,0.18360592714386542,0.07386513048510457
47.660000000000004,0.1703520551047216,0.08455048860717546,0.08580156649754614
47.67,0.08299076129939809,-0.013554434419572608,0.09654519571897069
47.68,-0.0030019319352245152,-0.10888073046013493,0.10587879852491042
47.69,-0.08647704377158286,-0.19982017878884806,0.1133431350172652
47.7,-0.1657676338913872,-0.28501990540246996,0.11925227151108275
47.71,-0.2404928320251007,-0.3634038354207921,0.12291100339569139
47.72,-0.31028332076787096,-0.4341798345855102,0.12389651381763922
47.730000000000004,-0.37395125385752503,-0.496832912279072,0.12288165842154697
47.74,-0.43201889678141764,-0.551105510745227,0.11908661396380932
47.75,-0.48472212678836646,-0.5969665003903657,0.11224437360199924
47.76,-0.5313961742989086,-0.6345710122831509,0.10317483798424232
47.77,-0.5728969086120173,-0.6642136432345366,0.09131673462251932
47.78,-0.6096550039846015,-0.6862778480318064,0.07662284404720487
47.79,-0.641181252346468,-0.7011844751504398,0.060003222803971856
47.800000000000004,-0.6681215907844884,-0.7093424004976316,0.041220809713143236
47.81,-0.6906841452282774,-0.7111040689390432,0.02041992371076584
47.82,-0.7080444199441467,-0.7067284725628341,-0.0013159473813125766
47.83,-0.7203549889778907,-0.6963536911160183,-0.02400129786187244
47.84,-0.7274030957788779,-0.6799806127256792,-0.04742248305319863
47.85,-0.727664445979121,-0.6574688656051423,-0.07019558037397877
47.86,-0.7208871811795702,-0.6285453513869961,-0.0923418297925741
47.870000000000005,-0.7065783920317401,-0.5928251079595509,-0.11375328407218921
47.88,-0.6825466361287686,-0.5498435752935313,-0.1327030608352373
47.89,-0.6485487705711573,-0.4990987225523868,-0.14945004801877054
47.9,-0.6042472009798975,-0.4401009479441125,-0.164146253035785
47.910000000000004,-0.5472888448213995,-0.37242821047023245,-0.17486063435116705
47.92,-0.4779904907946941,-0.2957835169513709,-0.18220697384332318
47.93,-0.39670337410334583,-0.21005168525612727,-0.18665168884721856
47.94,-0.3017482008691608,-0.11535224635111054,-0.1863959545180503
47.95,-0.19444018124372953,-0.012085437950849005,-0.1823547432928805
47.96,-0.0761815031912583,0.09903152121875351,-0.1752130244100118
47.97,0.05318122677384589,0.21694031426540566,-0.16375908749155976
47.980000000000004,0.1912275193914908,0.3402315088351703,-0.14900398944367949
47.99,0.3355397852286265,0.4671499867002808,-0.1316102014716543
48.0,0.48423837680941334,0.5956164964367386,-0.1113781196273253
48.01,0.6341248356531931,0.7232652887617272,-0.08914045310853413
48.02,0.7822778669307612,0.8474970632276295,-0.06521919629686834
48.03,0.9248855607049342,0.9655457423659126,-0.0406601816609784
48.04,1.058676798243524,1.074556927030298,-0.015880128786774028
48.050000000000004,1.1810962217538055,1.1716753046572645,0.009420917096540915
48.06,1.2871592653289758,1.2541378072176168,0.03302145811135904
48.07,1.374405051747466,1.3193689700717692,0.055036081675696735
48.08,1.441586993739862,1.3650747435741,0.07651225016576202
48.09,1.4837717909584658,1.3893309666548816,0.09444082430358414
48.1,1.5000904929554773,1.3906628295488626,0.1094276634066147
48.11,1.491270726275407,1.3681119281945835,0.12315879808082353
48.120000000000005,1.4537402081655668,1.3212879356089278,0.13245227255663905
48.13,1.3886392620988222,1.2504024693166356,0.1382367927821866
48.14,1.2987753183135486,1.156283396499702,0.14249192181384673
48.15,1.1829041738930168,1.0403685629277688,0.14253561096524803
48.160000000000004,1.0440708875935905,0.9046787272771641,0.13939216031642632
48.17,0.8866090707180913,0.7517702961343631,0.13483877458372817
48.18,0.7119040423550331,0.584669252870328,0.12723478948470512
48.19,0.5242823084349791,0.406788422255866,0.11749388617911316
48.2,0.32852423486923865,0.22183088072270848,0.10669335414653017
48.21,0.12818115320513707,0.0336828814387852,0.09449827176635187
48.22,-0.07211528347970296,-0.1536999097321576,0.08158462625245465
48.230000000000004,-0.26841455453532315,-0.33640879482521013,0.06799424028988699
48.24,-0.4560678109779986,-0.5106968540129074,0.05462904303490884
48.25,-0.6311908474708835,-0.6730880512874978,0.041897203816614326
48.26,-0.7917258358299856,-0.8204767190520948,0.02875088322210928
48.27,-0.9332401247747444,-0.9502138786823932,0.01697375390764877
48.28,-1.0534258366461302,-1.0601773680988777,0.006751531452747539
48.29,-1.1526204946945966,-1.1488233803528574,-0.0037971143417392383
48.300000000000004,-1.2277382129623418,-1.2152177428604916,-0.0125204701018502
48.31,-1.2784239011263094,-1.2590460551140095,-0.01937784601229997
48.32,-1.3071962485377082,-1.280602620863714,-0.026593627673994202
48.33,-1.3129192110687395,-1.2807589252075813,-0.032160285861158266
48.34,-1.2970276417971947,-1.2609131843978625,-0.03611445739933217
48.35,-1.2633795797245604,-1.2229232048826195,-0.04045637484194087
48.36,-1.2127209221226136,-1.1690253996392623,-0.04369552248335129
48.370000000000005,-1.147653101612725,-1.1017433000012107,-0.045909801611514256
48.38,-1.0722046332786408,-1.0237892509823567,-0.04841538229628406
48.39,-0.988360789511371,-0.9379631746683044,-0.050397614843066596
48.4,-0.8990203996804192,-0.8470523232182318,-0.051968076462187485
48.410000000000004,-0.8072866610080701,-0.7537358208205923,-0.0535508401874778
48.42,-0.7154528365132211,-0.660497519671251,-0.05495531684197008
48.43,-0.6258781788788246,-0.5695502821186954,-0.05632789676012917
48.44,-0.5400712915122591,-0.48277426866182643,-0.057297022850432644
48.45,-0.4597719763884077,-0.4016711834216879,-0.05810079296671983
48.46,-0.38624567970765816,-0.32733573271209143,-0.05890994699556673
48.47,-0.31934527634298726,-0.2604448185960024,-0.05890045774698488
48.480000000000004,-0.25976123123230405,-0.20126424922125719,-0.05849698201104686
48.49,-0.20753783335272144,-0.14967203250303707,-0.05786580084968437
48.5,-0.1613718032518425,-0.10519665908071145,-0.05617514417113105
48.51,-0.12090329781126499,-0.06706820137959431,-0.053835096431670684
48.52,-0.08525137521539926,-0.034279581121693325,-0.05097179409370593
48.53,-0.05277087605089681,-0.005655005988295799,-0.04711587006260101
48.54,-0.022475280238254444,0.0200776399806156,-0.04255292021887004
48.550000000000004,0.006864787257682688,0.04421374161142017,-0.03734895435373749
48.56,0.03644811662549814,0.06800145416879987,-0.031553337543301724
48.57,0.06726469748027171,0.09257677652451632,-0.02531207904424461
48.58,0.10026099136765414,0.11890688044561001,-0.018645889077955877
48.59,0.1357277126006621,0.14774394135978433,-0.012016228759122227
48.6,0.1741144281978419,0.17959118959926476,-0.005476761401422864
48.61,0.21562788684571657,0.214682312256761,0.0009455745889555833
48.620000000000005,0.2596630782931882,0.25297471139178795,0.006688366901400233
48.63,0.3058832593681883,0.29415649247147563,0.011726766896712648
48.64,0.35362596923026607,0.3376664455223747,0.015959523707891388
48.65,0.401823719692969,0.3827257170255601,0.01909800266740891
48.660000000000004,0.44948223829743317,0.42837937708800805,0.021102861209425117
48.67,0.4952941388112152,0.4735456842961262,0.021748454515089
48.68,0.5383633152108044,0.5170705559278254,0.021292759282979024
48.69,0.577456646296525,0.5577845748504742,0.019672071446050876
48.7,0.6110960355062489,0.5945598119954717,0.016536223510777215
48.71,0.6391021809431428,0.6263638146970278,0.012738366246114907
48.72,0.6605122431246039,0.6523083008143498,0.00820394231025412
48.730000000000004,0.6742097326340761,0.6716903956404217,0.002519336993654475
48.74,0.6809528071307127,0.6840246377328435,-0.0030718306021307873
48.75,0.6804244484022449,0.6890644417175292,-0.008639993315284311
48.76,0.6722533174492756,0.6868122186100227,-0.014558901160747095
48.77,0.6579423469411815,0.6775178931686142,-0.01957554622743274
48.78,0.6379081471592047,0.6616660983471018,-0.02375795118789703
48.79,0.6126143156320533,0.6399528445037255,-0.027338528871672207
48.800000000000004,0.583792781750323,0.6132529325381998,-0.029460150787876782
48.81,0.5523698716832001,0.5825797849219218,-0.030209913238721686
48.82,0.5194101204287979,0.5490396893611733,-0.02962956893237545
48.83,0.4862611147507385,0.513782673376326,-0.027521558625587472
48.84,0.4539326637760597,0.4779523457971638,-0.024019682021104105
48.85,0.42362734615085845,0.4426370494098603,-0.019009703259001864
48.86,0.3958600913289998,0.40882456912080234,-0.012964477791802542
48.870000000000005,0.3712861718336057,0.37736243829812266,-0.006076266464516977
48.88,0.35073755101527937,0.34892559322584066,0.0018119577894387118
48.89,0.33380160291375505,0.3239927566552786,0.009808846258476445
48.9,0.32051731133024325,0.30283250431778586,0.017684807012457393
48.910000000000004,0.3109931938233616,0.28549950341611074,0.025493690407250857
48.92,0.30418361616713757,0.2718409314113764,0.032342684755761186
48.93,0.29953228597288195,0.2615126091543514,0.03801967681853052
48.94,0.2963703056130517,0.25400393625354734,0.042366369359504386
48.95,0.29357324500576876,0.24867031862419547,0.04490292638157328
48.96,0.2902762291478976,0.24477144603929424,0.04550478310860334
48.97,0.28530679744384146,0.24151352557781502,0.04379327186602644
48.980000000000004,0.27803584456180636,0.2380934156489863,0.039942428912820044
48.99,0.2677126235583127,0.23374254099261832,0.03397008256569439
49.0,0.25316473116550886,0.22776850342786067,0.025396227737648186
49.01,0.23460383375314384,0.21959243332864695,0.01501140042449689
49.02,0.21176735075201272,0.2087803456809377,0.0029870050710750218
49.03,0.18402627527202098,0.195067061000729,-0.011040785728708008
49.04,0.15239663925988997,0.17837161083569286,-0.02597497157580289
49.050000000000004,0.11726838011576839,0.1588034528135023,-0.04153507269773392
49.06,0.0789273403968293,0.13665925213627855,-0.05773191173944925
49.07,0.038782174862038374,0.11241042497178426,-0.07362825010974589
49.08,-0.002240712655504863,0.08668206422406449,-0.08892277687956936
49.09,-0.04289441505465501,0.06022426041186588,-0.1031186754665209
49.1,-0.08200033884857123,0.033877172309760686,-0.11587751115833192
49.11,-0.11844505882406484,0.008531478594418175,-0.126976537418483
49.120000000000005,-0.15033553223192328,-0.014913958866977276,-0.135421573364946
49.13,-0.17730135295955485,-0.035595275434595945,-0.1417060775249589
49.14,-0.19848203063101078,-0.05272565872701185,-0.14575637190399893
49.15,-0.2119169893399037,-0.06563437436212673,-0.14628261497777695
49.160000000000004,-0.21833500935120526,-0.073801009299207,-0.14453400005199826
49.17,-0.21748088040965152,-0.0768834081967348,-0.14059747221291674
49.18,-0.20797186343660765,-0.07473807313642995,-0.13323379030017768
49.19,-0.19150880389360087,-0.06743214421456285,-0.12407665967903801
49.2,-0.1685664784488989,-0.05524646147470561,-0.1133200169741933
49.21,-0.1388273891377686,-0.03866960963944535,-0.10015777949832325
49.22,-0.10445299736186163,-0.01838324769243137,-0.08606974966943026
49.230000000000004,-0.06649223571524049,0.004760592573571449,-0.07125282828881194
49.24,-0.025872079810145172,0.029769208447656702,-0.055641288257801874
49.25,0.015515734476600682,0.05554460234756074,-0.040028867870960064
49.26,0.056375750246700745,0.08092297352843877,-0.02454722328173803
49.27,0.09483517308435899,0.1047166078474835,-0.009881434763124516
49.28,0.12984157023232232,0.12575636812019655,0.004085202112125763
49.29,0.16028330562374607,0.14293298945651498,0.017350316167231095
49.300000000000004,0.18392903916949008,0.15523546622176418,0.0286935729477259
49.31,0.20084445438215726,0.16178497497096817,0.03905947941118909
49.32,0.21045243310842468,0.16186300252305932,0.048589430585365356
49.33,0.21080362131269972,0.1549326289949005,0.05587099231779921
49.34,0.20300086693487723,0.14065223843557387,0.062348628499303366
49.35,0.18714332225880714,0.11888127929188341,0.06826204296692373
49.36,0.16202650298837407,0.08967805690127151,0.07234844608710256
49.370000000000005,0.12940523291810585,0.05328989392245005,0.0761153389956558
49.38,0.08994849701219004,0.010136325988390302,0.07981217102379974
49.39,0.043339283005282205,-0.039213705917017616,0.08255298892229981
49.4,-0.008548493944361843,-0.09406946068040253,0.08552096673604069
49.410000000000004,-0.06476972381993842,-0.15364941044150218,0.08887968662156376
49.42,-0.12493687767478526,-0.2171141567896004,0.09217727911481513
49.43,-0.18754399198397576,-0.28359970054317896,0.0960557085592032
49.44,-0.2517192350628693,-0.3522495448037095,0.1005303097408402
49.45,-0.3167558800386644,-0.42224421008795976,0.10548833004929536
49.46,-0.38179928212355274,-0.4928269038108207,0.11102762168726799
49.47,-0.4463113988879889,-0.5633243054636323,0.11701290657564345
49.480000000000004,-0.509662876563548,-0.6331616922954593,0.12349881573191124
49.49,-0.5716620006222832,-0.7018719250271213,0.13020992440483803
49.5,-0.632179442387278,-0.7690981247015136,0.13691868231423565
49.51,-0.6908960496722909,-0.8345901851985242,0.14369413552623334
49.52,-0.7480614316796476,-0.8981955663324676,0.15013413465282
49.53,-0.8038340466652296,-0.9598450857253523,0.1560110390601227
49.54,-0.858187690598804,-1.0195346611859317,0.16134697058712777
49.550000000000004,-0.9114797712989137,-1.0773041385250637,0.16582436722615002
49.56,-0.9639164041467416,-1.133214464504884,0.16929806035814243
49.57,-1.0155304923768635,-1.1873245257060387,0.1717940333291752
49.58,-1.0664930268884891,-1.2396689693231002,0.1731759424346111
49.59,-1.1168251288712745,-1.2902382522195592,0.17341312334828474
49.6,-1.1663005824454578,-1.338962034007299,0.1726614515618412
49.61,-1.2147700352480975,-1.3856968453220475,0.17092681007395005
49.620000000000005,-1.2619634064791403,-1.4302187332033252,0.16825532672418486
49.63,-1.3071611862763992,-1.4722213229491001,0.16506013667270092
49.64,-1.3499661515928185,-1.51131945288313,0.16135330129031145
49.65,-1.3898950110437258,-1.5470582489009044,0.15716323785717856
49.660000000000004,-1.4257134514629755,-1.5789272234261376,0.1532137719631621
49.67,-1.4570130965660868,-1.6063787220615338,0.14936562549544696
49.68,-1.483329991620041,-1.6288498132433153,0.14551982162327426
49.69,-1.5031378522235865,-1.645786532463396,0.14264868023980948
49.7,-1.516308695314994,-1.6566692618315335,0.1403605665165395
49.71,-1.5226803179727328,-1.6610379541163884,0.1383576361436556
49.72,-1.5208219263343754,-1.6585159013374589,0.13769397500308345
49.730000000000004,-1.5111013230122912,-1.6488308019494724,0.13772947893718124
49.74,-1.493856258145989,-1.6318319951913864,0.13797573704539734
49.75,-1.4681460119594314,-1.6075029009711796,0.13935688901174825
49.76,-1.4348729988974736,-1.5759679208721564,0.14109492197468287
49.77,-1.3948849137589518,-1.537493310455247,0.14260839669629521
49.78,-1.3479644240532562,-1.4924818132353868,0.14451738918213053
49.79,-1.2953798944709851,-1.4414611395955803,0.1460812451245952
49.800000000000004,-1.2382846856064185,-1.3850666659592876,0.14678198035286916
49.81,-1.1771495641225913,-1.324019007299409,0.1468694431768176
49.82,-1.1132830870786705,-1.259097366701949,0.14581427962327842
49.83,-1.0477930804146127,-1.191109777636477,0.14331669722186424
49.84,-0.9815352735966051,-1.1208615179769656,0.13932624438036056
49.85,-0.9154885723858442,-1.0491230820161699,0.13363450963032564
49.86,-0.8503537073337077,-0.9765991426000481,0.12624543526634036
49.870000000000005,-0.7869119810807246,-0.9038999176961701,0.11698793661544549
49.88,-0.7255328604309184,-0.8315162746639151,0.10598341423299673
49.89,-0.6662892381589843,-0.7597997644868274,0.09351052632784307
49.9,-0.6094522164158672,-0.6889485831854613,0.07949636676959404
49.910000000000004,-0.5546986427014732,-0.619000216859207,0.06430157415773385
49.92,-0.501496550047199,-0.5498312506187844,0.0483347005715854
49.93,-0.44937224021439637,-0.4811645219180642,0.031792281703667824
49.94,-0.3974639025380905,-0.4125834883387223,0.01511958580063183
49.95,-0.3449107142033744,-0.34355337203227115,-0.0013573421711032263
49.96,-0.29056574425295867,-0.2734483509517284,-0.017117393301230244
49.97,-0.23337928048584963,-0.20158380316939006,-0.03179547731645957
49.980000000000004,-0.17259766959092976,-0.12725238619191434,-0.04534528339901542
49.99,-0.10676881645738034,-0.04976255774051167,-0.05700625871686867
50.0,-0.03509472587767731,0.031521974665294474,-0.06661670054297178
50.01,0.042638084603859906,0.11714344584475485,-0.07450536124089494
50.02,0.1276443366323554,0.20751343159423577,-0.07986909496188038
50.03,0.22008118058028583,0.30287994960519316,-0.08279876902490732
50.04,0.3193639127250939,0.40329962917760487,-0.08393571645251097
50.050000000000004,0.42594207633980447,0.5086161322143431,-0.08267405587453863
50.06,0.5391179758002078,0.6184457769115176,-0.07932780111130977
50.07,0.6575403712065143,0.7321710470601133,-0.07463067585359895
50.08,0.7805669851160124,0.8489423750103282,-0.0683753898943158
50.09,0.9066760353828324,0.9676882771567442,-0.061012241773911846
50.1,1.0340830920975828,1.0871336097649844,-0.05305051766740165
50.11,1.1610447553013776,1.2058254124841525,-0.04478065718277491
50.120000000000005,1.2854841278123201,1.3221655287808254,-0.03668140096850525
50.13,1.4057211987098608,1.4344489475132924,-0.028727748803431652
50.14,1.5192257559929452,1.54090660715001,-0.02168085115706475
50.15,1.6237945108874725,1.6397512510638221,-0.015956740176349626
50.160000000000004,1.7184211509739802,1.7292248241010704,-0.010803673127090185
50.17,1.800324867855518,1.8076458601122773,-0.007320992256759418
50.18,1.867641417940313,1.8734553278276567,-0.00581390988734376
50.19,1.920453394084988,1.9252594764938984,-0.00480608240891045
50.2,1.9563186616282673,1.961868348954271,-0.005549687326003694
50.21,1.9740869933262715,1.9823288022368701,-0.00824180891059867
50.22,1.9750579395063836,1.9859510863915741,-0.010893146885190497
50.230000000000004,1.9575968115883686,1.9723282721182005,-0.014731460529831875
50.24,1.9214602456958887,1.9413480765627604,-0.019887830866871736
50.25,1.8689700131180933,1.8931969039487353,-0.024226890830642
50.26,1.7995284306350319,1.8283561828494437,-0.028827752214411806
50.27,1.7137794490152982,1.7475913347022565,-0.033811885686958254
50.28,1.6146190508503528,1.6519339392478503,-0.037314888397497414
50.29,1.5024477891668682,1.5426578637728068,-0.04021007460593862
50.300000000000004,1.3786003334834862,1.4212502876635467,-0.042649954180060456
50.31,1.2459895881272882,1.2893786768957436,-0.043389088768455375
50.32,1.1057667648595513,1.1488548416185893,-0.04308807675903803
50.33,0.9596669346817536,1.0015972428271196,-0.041930308145366024
50.34,0.8101162610705638,0.8495927020549596,-0.039476440984395844
50.35,0.658675200872424,0.6948586136961674,-0.03618341282374338
50.36,0.5071941151622217,0.5394066672579891,-0.032212552095767455
50.370000000000005,0.3572861856554461,0.38520896224040085,-0.027922776584954734
50.38,0.21060652254769294,0.23416724822666363,-0.02356072567897069
50.39,0.06892013541571798,0.08808585471975368,-0.019165719304035697
50.4,-0.06707517748492738,-0.05135130274076438,-0.015723874744162994
50.410000000000004,-0.1958366243122729,-0.182599433555505,-0.01323719075676788
50.42,-0.31576691895294867,-0.3042672675801005,-0.011499651372848196
50.43,-0.4269983931979878,-0.41512726373133674,-0.011871129466651087
50.44,-0.528182894425929,-0.5141219021726917,-0.014060992253237314
50.45,-0.6178743542925142,-0.6003664482647434,-0.01750790602777086
50.46,-0.6968538035272389,-0.6731486661887792,-0.023705137338459692
50.47,-0.7639670367121467,-0.7319260196030904,-0.03204101710905627
50.480000000000004,-0.8178640621784627,-0.7763209250579087,-0.04154313712055402
50.49,-0.8597973766052847,-0.8061146218251579,-0.05368275478012674
50.5,-0.8887941305765888,-0.8212401913150409,-0.06755393926154796
50.51,-0.9035804717627659,-0.8217752036023496,-0.08180526816041633
50.52,-0.9057715045944791,-0.807934392051913,-0.09783711254256611
50.53,-0.8946129059169593,-0.7800626646911523,-0.11455024122580704
50.54,-0.8689778616844027,-0.7386286584369692,-0.1303492032474335
50.550000000000004,-0.8308065409204799,-0.6842189354073146,-0.1465876055131653
50.56,-0.7796709687242855,-0.6175328151720453,-0.16213815355224026
50.57,-0.7147660087322292,-0.5393777384656204,-0.17538827026660875
50.58,-0.6383369557066998,-0.4506649715966416,-0.1876719841100582
50.59,-0.5504301303973799,-0.3524053907914734,-0.19802473960590644
50.6,-0.45080247796658196,-0.24570503531862586,-0.2050974426479561
50.61,-0.34192271997852675,-0.13176008972161138,-0.21016263025691537
50.620000000000005,-0.2244312853959795,-0.011850949979428694,-0.2125803354165508
50.63,-0.09887585532465426,0.11266495409126105,-0.2115408094159153
50.64,0.03225672793682929,0.24036186849933364,-0.20810514056250434
50.65,0.1677149829448662,0.36975618600254523,-0.20204120305767903
50.660000000000004,0.30603374119601284,0.4993188316953423,-0.19328509049932946
50.67,0.44504501503736527,0.6274896279943883,-0.18244461295702308
50.68,0.5830184379237444,0.7526936065517505,-0.16967516862800613
50.69,0.717616435751047,0.8733591335793928,-0.1557426978283457
50.7,0.8473993599687565,0.9879376149901674,-0.14053825502141093
50.71,0.9704333041477802,1.0949244533643088,-0.1244911492165286
50.72,1.0837479045093845,1.1928808444466417,-0.10913293993725715
50.730000000000004,1.1870031268786048,1.280455930586379,-0.0934528037077742
50.74,1.2784194254871921,1.3564087755127205,-0.07798935002552843
50.75,1.3547919461666262,1.4196295915780408,-0.06483764541141457
50.76,1.4170900122055206,1.4691596387065204,-0.05206962650099989
50.77,1.4640332245954388,1.5042092244468845,-0.04017599985144571
50.78,1.4926534899596988,1.5241732664985788,-0.03151977653887994
50.79,1.5051886304412927,1.528643931714483,-0.0234553012731904
50.800000000000004,1.501092128865434,1.51741993689938,-0.016327808033945956
50.81,1.478067137629289,1.4905121840074202,-0.012445046378131153
50.82,1.439309828722119,1.4481455022747223,-0.008835673552603174
50.83,1.3850685068197746,1.3907563786294856,-0.005687871809711087
50.84,1.3140158180037296,1.3189866713343343,-0.004970853330604763
50.85,1.2297895398563188,1.233673416044099,-0.0038838761877801886
50.86,1.1333111887676783,1.1358349441645026,-0.0025237553968242565
50.870000000000005,1.024326422554691,1.0266536366400278,-0.0023272140853367596
50.88,0.9063167433255518,0.9074557285068234,-0.0011389851812716456
50.89,0.7806201281930919,0.7796886576293052,0.0009314705637867293
50.9,0.6479631590985995,0.6448965124987324,0.0030666465998671066
50.910000000000004,0.5111390333678398,0.5046941769795582,0.006444856388281628
50.92,0.37159474339050874,0.3607407933344778,0.010853950056030959
50.93,0.23080381563163105,0.21471316836989235,0.0160906472617387
50.94,0.09052521716255138,0.06827973147728045,0.022245485685270933
50.95,-0.04795303763188382,-0.07692438124754235,0.028971343615658528
50.96,-0.18269934199904522,-0.21932059406474527,0.03662125206570005
50.97,-0.3130926274975907,-0.3574080531430056,0.04431542564541491
50.980000000000004,-0.43816774681841825,-0.4897823039075195,0.05161455708910123
50.99,-0.5557901961589594,-0.6151511923950306,0.05936099623607116
51.0,-0.6663592703016796,-0.732347791416674,0.06598852111499443
51.01,-0.769272746415374,-0.8403402472676131,0.07106750085223912
51.02,-0.862355353427051,-0.9382385367023051,0.07588318327525401
51.03,-0.9467713189121817,-1.0252982137491997,0.07852689483701802
51.04,-1.02220915504594,-1.100921308748052,0.07871215370211204
51.050000000000004,-1.0865550034817066,-1.1646546151753783,0.07809961169367163
51.06,-1.1414096830505962,-1.2161856612143318,0.0747759781637356
51.07,-1.1866507531739534,-1.2553367109376732,0.06868595776371977
51.08,-1.2202703912341197,-1.2820571732401662,0.06178678200604648
51.09,-1.2440322115686178,-1.2964148146577652,0.05238260308914744
51.1,-1.257941158922623,-1.298586174873272,0.040645015950649066
51.11,-1.2600876211321161,-1.2888465714973303,0.028758950365214142
51.120000000000005,-1.2522843306152447,-1.2675600546037065,0.015275723988461776
51.13,-1.2346448544959772,-1.2351696329272193,0.0005247784312421011
51.14,-1.2054116806933557,-1.1921880444467696,-0.013223636246586068
51.15,-1.1664296929869555,-1.1391892864584767,-0.02724040652847881
51.160000000000004,-1.1179655744001127,-1.0768010566393,-0.04116451776081265
51.17,-1.0585618941862815,-1.005698189631112,-0.052863704555169644
51.18,-0.9901174062970499,-0.9265971060482772,-0.06352030024877275
51.19,-0.9131293860945496,-0.8402512252364817,-0.07287816085806798
51.2,-0.8266600766211265,-0.7474472322029972,-0.07921284441812926
51.21,-0.7326555084179283,-0.6490020353374716,-0.08365347308045668
51.22,-0.6319009275137536,-0.5457602070262113,-0.08614072048754229
51.230000000000004,-0.524199960874414,-0.43859166587676307,-0.08560829499765094
51.24,-0.4114631212330244,-0.32838933845849383,-0.08307378277453059
51.25,-0.2947483500738918,-0.2160665312212267,-0.07868181885266506
51.26,-0.1747348776210396,-0.10255375007521274,-0.07218112754582685
51.27,-0.05312871452724615,0.011205274022196446,-0.0643339885494426
51.28,0.06885592997651283,0.12425856078153955,-0.05540263080502672
51.29,0.18969189838304099,0.23565201816047057,-0.04596011977742959
51.300000000000004,0.3081011634262517,0.34443684481418907,-0.03633568138793736
51.31,0.42292066940225564,0.4496782341144258,-0.026757564712170168
51.32,0.5319935969866522,0.550465343835472,-0.018471746848819803
51.33,0.6346858878467281,0.6459224195190215,-0.011236531672293437
51.34,0.7301351668650339,0.7352208830052426,-0.005085716140208696
51.35,0.815932095094976,0.8175921238544375,-0.0016600287594614738
51.36,0.8922244521980652,0.8923406636187842,-0.00011621142071893686
51.370000000000005,0.9586691919033246,0.9588573043144216,-0.00018811241109706334
51.38,1.0130545345312136,1.016631825947135,-0.0035772914159213354
51.39,1.0563147689184602,1.065264766195626,-0.008949997277165833
51.4,1.0887410840828489,1.1044778005534053,-0.01573671647055641
51.410000000000004,1.1087269163232674,1.1341222450296597,-0.025395328706392384
51.42,1.117843740996511,1.1541852269320507,-0.036341485935539763
51.43,1.1169807905227023,1.1647931126132516,-0.04781232209054931
51.44,1.1053922268999445,1.1662118439117894,-0.060819617011844906
51.45,1.085004662088823,1.1588439161256159,-0.07383925403679292
51.46,1.057114067526034,1.1432218277123454,-0.08610776018631139
51.47,1.0218684754073164,1.119997942754296,-0.09812946734697969
51.480000000000004,0.9811932492610046,1.089930828118159,-0.1087375788571544
51.49,0.9364882155788046,1.053868254149223,-0.11738003857041845
51.5,0.888597388136293,1.0127271761756733,-0.12412978803938035
51.51,0.8390941741040046,0.9674711392509446,-0.12837696514694008
51.52,0.7891478867654699,0.9190856654773939,-0.12993777871192402
51.53,0.7399260829534662,0.8685522870177984,-0.12862620406433223
51.54,0.6923857015569943,0.8168219738308506,-0.12443627227385634
51.550000000000004,0.6471934694385513,0.7647887690101053,-0.11759529957155401
51.56,0.6053994715530896,0.7132644827276456,-0.10786501117455605
51.57,0.5672262149362447,0.6629553053416669,-0.09572909040542221
51.58,0.5327077096771051,0.6144411793239126,-0.0817334696468075
51.59,0.5023924041515174,0.5681587174691245,-0.06576631331760707
51.6,0.47582228094342477,0.5243883716897988,-0.048566090746374024
51.61,0.4524516029904757,0.4832464441004296,-0.030794841109953897
51.620000000000005,0.43210920933519087,0.44468239277992283,-0.012573183444731961
51.63,0.41386696382245775,0.4084817224427813,0.005385241379676442
51.64,0.39682453327647177,0.3742745701761403,0.02254996310033147
51.65,0.38010176059664375,0.34154990424715465,0.0385518563494891
51.660000000000004,0.3626155816202844,0.3096750563130157,0.052940525307268727
51.67,0.3434467580348163,0.27792011123196225,0.06552664680285403
51.68,0.32124321734491945,0.24548649138118542,0.07575672596373403
51.69,0.2951116573249159,0.21153890120980665,0.08357275611510925
51.7,0.26446398107023417,0.17523964965107183,0.08922433141916233
51.71,0.22787364201813076,0.1357842493475303,0.09208939267060046
51.72,0.1849302385252351,0.09243710789628082,0.09249313062895428
51.730000000000004,0.13563717605582398,0.04456608187050776,0.09107109418531623
51.74,0.07893952341121446,-0.00832533773891574,0.0872648611501302
51.75,0.015083178988295007,-0.06656939824608074,0.08165257723437574
51.76,-0.05524833881880802,-0.13031012014858437,0.07506178132977634
51.77,-0.13236980142909194,-0.19948497046591235,0.06711516903682041
51.78,-0.2153653588155769,-0.2738129844347348,0.058447625619157895
51.79,-0.30299005725773254,-0.35278994527976654,0.049799888022034
51.800000000000004,-0.3946329409303699,-0.43569100420427465,0.041058063273904766
51.81,-0.48885737857507916,-0.5215808753717232,0.03272349679664399
51.82,-0.5841599037362855,-0.6093314820394908,0.025171578303205377
51.83,-0.6790563876424089,-0.6976466693729155,0.018590281730506586
51.84,-0.771867162646331,-0.7850933463428911,0.013226183696560034
51.85,-0.8612401865151743,-0.8701381829737257,0.008897996458551383
51.86,-0.9450982487279858,-0.9511887791204998,0.00609053039251406
51.870000000000005,-1.0218614337303096,-1.026638045193976,0.00477661146366648
51.88,-1.090734908158771,-1.0949104009684012,0.004175492809630255
51.89,-1.149482858034928,-1.1545083115272485,0.005025453492320642
51.9,-1.1969548804021344,-1.204057643565146,0.007102763163011616
51.910000000000004,-1.2332007611888236,-1.2423503428382816,0.009149581649458005
51.92,-1.2563002655603246,-1.2683830047128453,0.012082739152520672
51.93,-1.265774841870654,-1.2813900326364185,0.015615190765764453
51.94,-1.2626035241562008,-1.2808702500859943,0.018266725929793504
51.95,-1.2455722415129702,-1.2666060443833103,0.021033802870340068
51.96,-1.2149760392077325,-1.2386743682847055,0.023698329076973
51.97,-1.1725756069059312,-1.1974491986041407,0.024873591698209463
51.980000000000004,-1.1180732478855007,-1.1435953403828845,0.025522092497383797
51.99,-1.0524794611510666,-1.0780537596369184,0.0255742984858518
52.0,-0.9779918604741116,-1.0020189165549593,0.024027056080847764
52.01,-0.8952155679588568,-0.9169088433787691,0.021693275419912283
52.02,-0.8056775570250948,-0.8243289568258773,0.018651399800782453
52.03,-0.7115605801328027,-0.7260308045366249,0.014470224403822285
52.04,-0.6141556880103134,-0.6238671107135193,0.009711422703205908
52.050000000000004,-0.5152187630692792,-0.5197446016142181,0.0045258385449389316
52.06,-0.41647769070503693,-0.4155761525353499,-0.0009015381696870217
52.07,-0.3195643897958436,-0.3132338021738753,-0.006330587621968309
52.08,-0.2261591442430348,-0.2145041277812418,-0.011655016461792983
52.09,-0.13721910879379792,-0.12104736756189348,-0.016171741231904443
52.1,-0.05434821679614972,-0.034361519681713894,-0.019986697114435827
52.11,0.021098346938243345,0.04424755361549255,-0.023149206677249203
52.120000000000005,0.0890531962487659,0.11368922487458871,-0.024636028625822814
52.13,0.1482329743119343,0.1731038742261717,-0.02487089991423741
52.14,0.19774915558929698,0.22187108571759273,-0.02412193012829575
52.15,0.23833383112216264,0.2596103001830335,-0.021276469060870856
52.160000000000004,0.26917531493100244,0.28617423461431774,-0.016998919683315294
52.17,0.28986555387694385,0.3016356376360997,-0.011770083759155836
52.18,0.3016851856127151,0.30626818291237484,-0.004582997299659719
52.19,0.30429088454944203,0.300522498190244,0.003768386359198017
52.2,0.2976591057187794,0.2849984798383193,0.01266062588046013
52.21,0.2832985107526331,0.26041514561955564,0.022883365133077482
52.22,0.26121489937660525,0.22757932857376123,0.03363557080284402
52.230000000000004,0.23161274750594982,0.18735451099451983,0.04425823651142999
52.24,0.19593976827514611,0.14063104053084557,0.05530872774430054
52.25,0.15438721116209658,0.08829886357670215,0.06608834758539443
52.26,0.10723508130512001,0.031223759527309006,0.076011321777811
52.27,0.05568945026478629,-0.02977212981025612,0.08546158007504241
52.28,-5.354309086999867e-06,-0.09392489984587538,0.09391954553678837
52.29,-0.059583417261603676,-0.1605382740840502,0.10095485682244651
52.300000000000004,-0.12212507353430618,-0.22898769563293844,0.10686262209863226
52.31,-0.18738245868583212,-0.29871927440428525,0.11133681571845314
52.32,-0.2550966474014666,-0.36924397876943965,0.11414733136797306
52.33,-0.3245708153189126,-0.4401276723188172,0.11555685699990464
52.34,-0.39551088367904563,-0.5109777776171802,0.11546689393813458
52.35,-0.4675639346458846,-0.5814274920480123,0.11386355740212767
52.36,-0.5401525821061594,-0.6511185803022616,0.1109659981961022
52.370000000000005,-0.6128355412188295,-0.7196838200364235,0.10684827881759396
52.38,-0.6850104868639653,-0.7867301800342434,0.10171969317027818
52.39,-0.7561562471602875,-0.8518237643247495,0.09566751716446198
52.4,-0.8255867395557329,-0.9144774637034456,0.08889072414771271
52.410000000000004,-0.8923043156256414,-0.9741421225048809,0.08183780687923947
52.42,-0.9558791696905176,-1.030201859564522,0.07432268987400437
52.43,-1.0153499405793456,-1.081973985825229,0.0666240452458835
52.44,-1.0692550690909868,-1.1287137458351697,0.059458676744182926
52.45,-1.1174012944750897,-1.1696238860059938,0.05222259153090403
52.46,-1.1586281923590651,-1.2038688287949173,0.04524063643585219
52.47,-1.191068237718985,-1.2305930186375775,0.03952478091859257
52.480000000000004,-1.2149782779523317,-1.2489428116178858,0.033964533665554075
52.49,-1.2291806518157193,-1.2580911146842022,0.028910462868482867
52.5,-1.2315997745957137,-1.2572638485707492,0.025664073975035562
52.51,-1.2231434743058816,-1.245767216733693,0.02262374242781151
52.52,-1.2028615703096166,-1.2230147140393925,0.020153143729775946
52.53,-1.1687798278085968,-1.188552805199956,0.019772977391359303
52.54,-1.122554062578817,-1.1420842436261462,0.019530181047329176
52.550000000000004,-1.0636994066784256,-1.083488084131778,0.019788677453352443
52.56,-0.9907005068855993,-1.0128355636668327,0.022135056781233398
52.57,-0.9058869163117863,-0.9304011772979456,0.024514260986159275
52.58,-0.8093974309215727,-0.8366684550223759,0.027271024100803176
52.59,-0.7005006294419899,-0.732330140764436,0.03182951132244616
52.6,-0.5819365842913884,-0.6182826795434873,0.036346095252098864
52.61,-0.45449585321607583,-0.49561512360606397,0.04111927038998814
52.620000000000005,-0.31844822600611333,-0.36559276476587393,0.0471445387597606
52.63,-0.17653264432205498,-0.22963598035458205,0.053103336032527065
52.64,-0.030076426000393616,-0.0892949370351494,0.05921851103475578
52.65,0.11958990217167945,0.05377907553348806,0.06581082663819138
52.660000000000004,0.270201296734119,0.19786481491633642,0.0723364818177826
52.67,0.42012435357875183,0.3412038356658745,0.07892051791287735
52.68,0.5670794485076985,0.48203387344883336,0.08504557505886517
52.69,0.7097019317606162,0.6186219340940234,0.0910799976665928
52.7,0.8463420756636895,0.7492962081531571,0.09704586751053235
52.71,0.9740310860541624,0.8724760121475618,0.10155507390660068
52.72,1.0925892625169158,0.9866990638047402,0.10589019871217564
52.730000000000004,1.2006329564314324,1.0906455243018662,0.10998743212956619
52.74,1.2948636003836174,1.1831583792060012,0.11170522117761617
52.75,1.376370672302516,1.263259874498644,0.1131107978038719
52.76,1.4442549821407928,1.3301638678989407,0.11409111424185214
52.77,1.4952877484194755,1.3832840921390364,0.11200365628043918
52.78,1.5317017064576166,1.4222384500746412,0.10946325638297538
52.79,1.5532026338941878,1.446849566680637,0.10635306721355087
52.800000000000004,1.5570157307978494,1.4571419064196438,0.09987382437820558
52.81,1.5462148253406491,1.453335823857024,0.09287900148362516
52.82,1.521125277913032,1.4358389498285438,0.08528632808448822
52.83,1.479751516204922,1.405235325476789,0.07451619072813287
52.84,1.4255912914580582,1.3622726839501103,0.06331860750794793
52.85,1.359507660859076,1.3078482476148408,0.051659413244235175
52.86,1.2805272751385208,1.2429933613956765,0.037533913742844316
52.870000000000005,1.1921008620904971,1.1688572252183749,0.023243636872122275
52.88,1.0954622415639421,1.0866899258351856,0.008772315728756475
52.89,0.990837610128676,0.9978249060630466,-0.006987295934370641
52.9,0.8811284895595596,0.9036609529722174,-0.0225324634126578
52.910000000000004,0.7677905338917101,0.8056437406452802,-0.03785320675357007
52.92,0.6521436355341637,0.70524693181347,-0.05310329627930632
52.93,0.5362547176165856,0.6039528289657795,-0.0676981113491939
52.94,0.4215773918799237,0.5032325711894863,-0.08165517930956256
52.95,0.3102697396672431,0.4045258984639671,-0.094256158796724
52.96,0.20338716300500714,0.30922054942029475,-0.10583338641528761
52.97,0.10214751785406392,0.2186314193533041,-0.11648390149924018
52.980000000000004,0.009163989174259337,0.13397967891990137,-0.12481568974564203
52.99,-0.07557752155475225,0.05637213577614075,-0.131949657330893
53.0,-0.15130809135020273,-0.013218794153931337,-0.1380892971962714
53.01,-0.21542552734911619,-0.07397405812704277,-0.1414514692220734
53.02,-0.26894431198655705,-0.1252453619471324,-0.14369895003942465
53.03,-0.3116980080263301,-0.1665704152996505,-0.14512759272667958
53.04,-0.34157207798426614,-0.1976854196503129,-0.14388665833395325
53.050000000000004,-0.3603822542565096,-0.21853418440485817,-0.14184806985165144
53.06,-0.3686161145523656,-0.22927328038468694,-0.13934283416767865
53.07,-0.3650392521529337,-0.23027269557907654,-0.13476655657385717
53.08,-0.35195041105550295,-0.22211154726230997,-0.12983886379319298
53.09,-0.3304081820773719,-0.20556852585039256,-0.12483965622697932
53.1,-0.3002692018473668,-0.18160689647836847,-0.1186623053689983
53.11,-0.2639120390760504,-0.15135405964241783,-0.11255797943363255
53.120000000000005,-0.2227430398686054,-0.11607586622342442,-0.106667173645181
53.13,-0.17766928160399756,-0.0771460872842011,-0.10052319431979646
53.14,-0.1307222937478533,-0.03601164664738917,-0.09471064710046412
53.15,-0.08332665292128114,0.005845574839656262,-0.0891722277609374
53.160000000000004,-0.037135331179039506,0.04694936979500833,-0.08408470097404783
53.17,0.006535793648405397,0.08587111695058415,-0.07933532330217875
53.18,0.04660499337149257,0.12127169868162008,-0.0746667053101275
53.19,0.08117973633377937,0.15194206350204492,-0.07076232716826555
53.2,0.10988511040857672,0.17684103923063574,-0.06695592882205902
53.21,0.13227469371711179,0.19512902080326533,-0.06285432708615354
53.22,0.1467941118596828,0.2061962299148038,-0.059402118055120995
53.230000000000004,0.15402769227841084,0.20968437180756833,-0.05565667952915748
53.24,0.15429193091816662,0.20550069517291328,-0.05120876425474666
53.25,0.14685323731394073,0.1938236895037714,-0.046970452189830675
53.26,0.13304728506672547,0.17509992326667276,-0.042052638199947284
53.27,0.11385864366305225,0.15003182684769734,-0.03617318318464509
53.28,0.08960980548263185,0.11955654554564606,-0.029946740063014204
53.29,0.061992442243242595,0.08481631780771261,-0.022823875564470013
53.300000000000004,0.03234986666520051,0.047121159472927776,-0.014771292807727265
53.31,0.001962827808010781,0.007904942757855724,-0.005942114949844943
53.32,-0.027610606078394467,-0.031323763893888794,0.0037131578154943265
53.33,-0.05511147847646009,-0.0690344943216861,0.013923015845226004
53.34,-0.0787161224243858,-0.10372953959269504,0.025013417168309238
53.35,-0.09745741537091492,-0.13399855871753177,0.03654114334661686
53.36,-0.11060278062629401,-0.15857119474374576,0.047968414117451744
53.370000000000005,-0.1163984950316015,-0.17636576907361368,0.05996727404201217
53.38,-0.11476767772403555,-0.1865322241444255,0.07176454642038994
53.39,-0.10579706975006853,-0.1884876540445816,0.08269058429451306
53.4,-0.08842208422221731,-0.18194299932664018,0.09352091510442287
53.410000000000004,-0.06350925762429316,-0.16691977848308903,0.10341052085879587
53.42,-0.031997951034788405,-0.14375607395217144,0.11175812291738303
53.43,0.006063875692456321,-0.11310137259165712,0.11916524828411344
53.44,0.04908136969236807,-0.07590026503832575,0.12498163473069382
53.45,0.09551959911509601,-0.03336541982693972,0.12888501894203575
53.46,0.14413584351928074,0.013059349415318916,0.13107649410396183
53.47,0.19303674304812088,0.061744727850814835,0.13129201519730604
53.480000000000004,0.2405725650016785,0.11092872106613619,0.12964384393554232
53.49,0.2846022964306341,0.1587748374795136,0.12582745895112052
53.5,0.32346202094615173,0.20343359649823256,0.12002842444791917
53.51,0.3559437548400388,0.2431051842902305,0.11283857054980831
53.52,0.3795970341131562,0.27610101727667913,0.10349601683647708
53.53,0.39346620226884127,0.30090199629065567,0.0925642059781856
53.54,0.3972344213193333,0.316211341668796,0.08102307965053729
53.550000000000004,0.3888393085557327,0.32100008785607675,0.06783922069965592
53.56,0.3683276841332659,0.3145435786493423,0.053784105483923594
53.57,0.33645989814113636,0.29644763120627576,0.040012266934860596
53.58,0.2921473391979624,0.2666634159863895,0.02548392321157289
53.59,0.2364651534335309,0.22549051630193598,0.010974637131594911
53.6,0.1710996513764548,0.17356806900347702,-0.0024684176270222125
53.61,0.09622636845283304,0.11185432995318503,-0.01562796150035199
53.620000000000005,0.013699143396687659,0.041595437068235055,-0.027896293671547397
53.63,-0.0743209795950131,-0.03571545695623928,-0.03860552263877382
53.64,-0.16648426938648392,-0.11838715624937074,-0.04809711313711318
53.65,-0.26061157101788335,-0.2045856770874577,-0.056025893930425646
53.660000000000004,-0.35467922229280935,-0.29239374246481137,-0.06228547982799798
53.67,-0.44659288806264563,-0.3798723269375858,-0.06672056112505981
53.68,-0.5343759812432738,-0.4651220030630641,-0.06925397818020967
53.69,-0.6167198268345325,-0.5463418678774191,-0.0703779589571134
53.7,-0.6914046828694634,-0.621883940334309,-0.06952074253515439
53.71,-0.7571106219899931,-0.690301113580192,-0.06680950840980115
53.72,-0.813601695855846,-0.7503870112746035,-0.06321468458124246
53.730000000000004,-0.859135841352593,-0.8012064239111113,-0.05792941744148172
53.74,-0.8933064688508355,-0.8421153758857178,-0.0511910929651177
53.75,-0.9169766028354431,-0.8727702816741526,-0.04420632116129053
53.76,-0.9292788278415488,-0.8931260734829949,-0.03615275435855392
53.77,-0.9307159335105576,-0.9034236061636225,-0.027292327346935097
53.78,-0.9229449104547106,-0.9041670512209967,-0.01877785923371389
53.79,-0.9060530647161417,-0.8960923644648378,-0.009960700251303911
53.800000000000004,-0.8812021086144337,-0.8801282367965858,-0.0010738718178479045
53.81,-0.850317623175939,-0.8573512024445095,0.007033579268570511
53.82,-0.8142067498597173,-0.8289367738691917,0.01473002400947443
53.83,-0.7742780600698833,-0.7961085907327419,0.02183053066285856
53.84,-0.7321614074546329,-0.7600876081312177,0.0279262006765848
53.85,-0.6889413514514401,-0.7220433064223521,0.03310195497091206
53.86,-0.6458276628715386,-0.6830487844223675,0.037221121550828906
53.870000000000005,-0.6037388898103169,-0.6440414056062896,0.04030251579597277
53.88,-0.5635564376962869,-0.6057904121683918,0.04223397447210486
53.89,-0.5259434935790314,-0.5688726157490263,0.04292912216999489
53.9,-0.49096933565273826,-0.5336569295927257,0.042687593939987445
53.910000000000004,-0.458962250031147,-0.5002981394857394,0.041335889454592434
53.92,-0.42988470669771667,-0.46873993534868535,0.03885522865096869
53.93,-0.4031239721475488,-0.43872685720329113,0.03560288505574233
53.94,-0.37834577295095717,-0.40982446317105653,0.03147869022009936
53.95,-0.3548848197672829,-0.38144671677381004,0.026561897006527113
53.96,-0.33183998391710995,-0.35288932791902833,0.02104934400191838
53.97,-0.3083632187351304,-0.3233675761775651,0.015004357442434724
53.980000000000004,-0.2834262635764206,-0.2920570033303825,0.008630739753961891
53.99,-0.25630689341347423,-0.25813528888078535,0.001828395467311117
54.0,-0.2259774975174731,-0.22082361856057947,-0.0051538789568936205
54.01,-0.19141446206252774,-0.17942592012587447,-0.011988541936653274
54.02,-0.15244618367633608,-0.13336446846193636,-0.01908171521439972
54.03,-0.10825533283401634,-0.08221054616853052,-0.02604478666548582
54.04,-0.058181173904437944,-0.02570907716008595,-0.032472096744351996
54.050000000000004,-0.0027529634704771405,0.03620358157132366,-0.0389565450418008
54.06,0.05832703722641646,0.10338921320606945,-0.04506217597965299
54.07,0.12510773865759506,0.175504899657256,-0.050397160999660934
54.08,0.19647198855701126,0.25200768461367423,-0.055535696056662975
54.09,0.2720639449804601,0.33216637335495025,-0.06010242837449015
54.1,0.351239767826673,0.41507984047285046,-0.06384007264617747
54.11,0.4326200940621206,0.4997009912121893,-0.06708089715006871
54.120000000000005,0.5152624562064092,0.5848653405893212,-0.06960288438291196
54.13,0.5979217124301491,0.6693230427023233,-0.07140133027217421
54.14,0.6793773838562018,0.7517731242763958,-0.07239574042019392
54.15,0.7583250910071543,0.8308986525794024,-0.07257356157224815
54.160000000000004,0.8331377776864317,0.9054015970362823,-0.0722638193498506
54.17,0.9031330266377535,0.9740362224959062,-0.07090319585815263
54.18,0.9669401413582932,1.0356399744142122,-0.06869983305591898
54.19,1.0228252354579748,1.0891609747208892,-0.06633573926291447
54.2,1.0708728784562334,1.1336814329936196,-0.06280855453738621
54.21,1.1099193344651135,1.1684364810386998,-0.05851714657358631
54.22,1.1383823461230023,1.192828149920759,-0.05444580379775665
54.230000000000004,1.157145434402445,1.2064344168243044,-0.04928898242185942
54.24,1.1654369065483023,1.2090134453420338,-0.04357653879373147
54.25,1.1620194514007907,1.200503318330698,-0.03848386692990724
54.26,1.1484310964205686,1.1810177101792383,-0.03258661375866967
54.27,1.1243677295664263,1.1508380596877603,-0.02647033012133404
54.28,1.0890519073910965,1.1104028821350613,-0.021350974743964857
54.29,1.0444227875398104,1.0602948978962172,-0.015872110356406788
54.300000000000004,0.9906292156572266,1.0012266555639597,-0.01059743990673312
54.31,0.9274077761700079,0.9340252922769544,-0.006617516106946497
54.32,0.8568160381091292,0.8596170069857025,-0.0028009688765733287
54.33,0.7793910933860559,0.7790117293289139,0.0003793640571420065
54.34,0.6954082537348144,0.6932883544743933,0.0021198992604211098
54.35,0.606790277795869,0.6035807903312616,0.0032094874646074745
54.36,0.5143834127428845,0.511064935991397,0.0033184767514874425
54.370000000000005,0.4190199917187732,0.4169465871007371,0.0020734046180360677
54.38,0.3222855330944259,0.3224501526370217,-0.0001646195425957786
54.39,0.22525560911489736,0.22880797497860125,-0.003552365863703888
54.4,0.12932973511427517,0.13724997670265732,-0.007920241588382143
54.410000000000004,0.03559335310662179,0.04899331729996122,-0.013399964193339428
54.42,-0.054740092434202026,-0.03476826667914072,-0.019971825755061304
54.43,-0.13973166569852655,-0.11287574302361626,-0.026855922674910285
54.44,-0.21894074652550383,-0.18421694029172742,-0.03472380623377641
54.45,-0.2911415709295475,-0.24773975422385652,-0.04340181670569099
54.46,-0.3539669567961665,-0.3024664780245152,-0.051500478771651315
54.47,-0.4077529479976032,-0.34750921265729545,-0.06024373534030775
54.480000000000004,-0.45143423602780586,-0.3820861857649396,-0.06934805026286628
54.49,-0.4824475374405507,-0.40553867807033617,-0.07690885937021452
54.5,-0.5019970002616237,-0.4173481319797749,-0.08464886828184887
54.51,-0.5093838232665968,-0.41715290631772295,-0.09223091694887386
54.52,-0.5022061225926153,-0.4047640508626194,-0.09744207172999592
54.53,-0.48253068478809635,-0.3801794109057541,-0.10235127388234228
54.54,-0.45021889752908023,-0.34359534045398593,-0.1066235570750943
54.550000000000004,-0.4034687697932525,-0.29541530645334685,-0.10805346333990568
54.56,-0.3450457938860877,-0.2362547073108695,-0.10879108657521819
54.57,-0.27548777416701115,-0.1669413069788147,-0.10854646718819644
54.58,-0.19402140022025596,-0.08851079900847796,-0.10551060121177801
54.59,-0.10375624409765305,-0.0021971595390314854,-0.10155908455862156
54.6,-0.005885835126583824,0.09058238123929141,-0.09646821636587523
54.61,0.0990302917952032,0.18824772984417296,-0.08921743804896975
54.620000000000005,0.20805765116503505,0.2890814621701207,-0.08102381100508566
54.63,0.31953100354682534,0.39125907420667,-0.07172807065984466
54.64,0.4314818940202648,0.49288332991939626,-0.06140143589913144
54.65,0.5417412907154319,0.592021903901072,-0.050280613185640144
54.660000000000004,0.6484953199550593,0.68674735892217,-0.03825203896711071
54.67,0.7485735850627825,0.7751783726750081,-0.026604787612225622
54.68,0.8410921922777409,0.8555210401699465,-0.014428847892205554
54.69,0.9244530423683951,0.9261090331911125,-0.0016559908227173903
54.7,0.9948269274630652,0.9854413989292901,0.009385528533775167
54.71,1.0528443706735053,1.0322168273895875,0.020627543283917804
54.72,1.0974655879800603,1.0653633103945477,0.03210227758551265
54.730000000000004,1.1249406518686327,1.084062250932942,0.04087840093569062
54.74,1.1372970833634313,1.0877662553121468,0.0495308280512845
54.75,1.1342972520941952,1.0762100454429135,0.05808720665128164
54.76,1.1129458414820308,1.0494141566017836,0.06353168488024719
54.77,1.0762960845570526,1.007681328106405,0.06861475645064763
54.78,1.0249560683642647,0.9515857407744588,0.07337032758980588
54.79,0.9571540892344542,0.881955495862428,0.07519859337202617
54.800000000000004,0.8764101222819632,0.7998489556535906,0.07656116662837265
54.81,0.7840168210934224,0.7065257668873093,0.07749105420611313
54.82,0.6795917583022894,0.6034135567425633,0.0761782015597261
54.83,0.5665080532480602,0.4920714204585683,0.07443663278949192
54.84,0.44642826397101587,0.37415140493881954,0.07227685903219633
54.85,0.32021635854331054,0.25135923079547917,0.06885712774783137
54.86,0.19057220239834574,0.12541548523916565,0.06515671715918009
54.870000000000005,0.059155006631531934,-0.0019815389315617415,0.061136545563093676
54.88,-0.07229532581524323,-0.1291902841576471,0.05689495834240388
54.89,-0.20208206716873256,-0.2546567149265747,0.05257464775784215
54.9,-0.32887582432545864,-0.3769406894640078,0.048064865138549184
54.910000000000004,-0.4505260219816742,-0.49473735254691337,0.04421133056523918
54.92,-0.5664248519834891,-0.606893198725819,0.04046834674232991
54.93,-0.6757722063281904,-0.7124166745852009,0.03664446825701051
54.94,-0.7764312102911594,-0.8104834047457408,0.03405219445458141
54.95,-0.8687467534945632,-0.9004363298663545,0.03168957637179126
54.96,-0.952489819678328,-0.9817812274017457,0.02929140772341765
54.97,-1.0258265928378527,-1.0541782398748476,0.028351647036994887
54.980000000000004,-1.0897735698796613,-1.1174301549184,0.02765658503873869
54.99,-1.14458038771874,-1.1714682619937107,0.026887874274970747
55.0,-1.1888420206116619,-1.2163366500350452,0.02749462942338332
55.01,-1.2239221144800732,-1.2521758077745042,0.02825369329443106
55.02,-1.2503838064809056,-1.2792063456053944,0.028822539124488733
55.03,-1.2672462356921421,-1.2977135778335316,0.030467342141389464
55.04,-1.2759432662417707,-1.3080335920214465,0.032090325779675855
55.050000000000004,-1.277184572421434,-1.3105412942563397,0.03335672183490579
55.06,-1.270346761566431,-1.305640763086778,0.035294001520346896
55.07,-1.256757888722593,-1.2937580788367369,0.037000190114143905
55.08,-1.237156649444927,-1.2753366276227225,0.03817997817779539
55.09,-1.2112149031744384,-1.250834719202932,0.03961981602849374
55.1,-1.1800852952253367,-1.2207252128308623,0.040639917605525655
55.11,-1.1444817859248717,-1.185496722762129,0.04101493683725721
55.120000000000005,-1.1043483128943563,-1.1456558809654132,0.041307568071056844
55.13,-1.0606647399590423,-1.1017300734286122,0.041065333469569865
55.14,-1.0141085474894227,-1.0542700410536254,0.04016149356420273
55.15,-0.9649028787899053,-1.0038517475063062,0.03894886871640091
55.160000000000004,-0.9138773959385836,-0.9510769636860266,0.03719956774744293
55.17,-0.861662963007813,-0.8965720990501731,0.03490913604236012
55.18,-0.8087584181788341,-0.8409849195504088,0.03222650137157468
55.19,-0.7558410495260498,-0.7849789246314951,0.0291378751054453
55.2,-0.7034525732995275,-0.7292253046596744,0.025772731360146905
55.21,-0.6523071836864377,-0.6743925575031049,0.022085373816667198
55.22,-0.6028851842253768,-0.6211340005449437,0.018248816319566874
55.230000000000004,-0.5555572711368075,-0.5700735638799405,0.01451629274313293
55.24,-0.5111137935857917,-0.5217903838867771,0.010676590300985445
55.25,-0.4697664752370427,-0.4768028265751702,0.007036351338127522
55.26,-0.43162028956473525,-0.4355526509605188,0.003932361395783568
55.27,-0.39734350557766324,-0.39839006948849587,0.001046563910832632
55.28,-0.3668205389357923,-0.36556047210892567,-0.0012600668268666348
55.29,-0.33983192491904435,-0.3371935516546578,-0.00263837326438654
55.300000000000004,-0.31672559608410955,-0.3132955012446942,-0.003430094839415365
55.31,-0.2970577268585327,-0.29374485187146887,-0.0033128749870638408
55.32,-0.2803089226887543,-0.27829238426273606,-0.002016538426018233
55.33,-0.26638419517878026,-0.26656538920193545,0.00018119402315519562
55.34,-0.25459663517745745,-0.25807637172475845,0.0034797365473009934
55.35,-0.244254529001813,-0.2522361049476975,0.0079815759458845
55.36,-0.2348326235274647,-0.24837074731165798,0.013538123784193279
55.370000000000005,-0.22556859658061348,-0.2457425515508455,0.020173954970232028
55.38,-0.21580614659592792,-0.2435735233529518,0.02776737675702387
55.39,-0.20475235464543617,-0.24107124050764836,0.036318885862212186
55.4,-0.1917815853494094,-0.2374559264359541,0.045674341086544695
55.410000000000004,-0.17649779753961692,-0.2319877911530113,0.05548999361339438
55.42,-0.15811108269695792,-0.2239936121780363,0.06588252948107837
55.43,-0.1363276257294057,-0.2128915301381192,0.0765639044087135
55.44,-0.1111720043844597,-0.1982130793987559,0.0870410750142962
55.45,-0.08214896282149256,-0.1796215616491728,0.09747259882768025
55.46,-0.04941093214097307,-0.15692599675543753,0.10751506461446446
55.47,-0.01343076885775767,-0.1300900454106977,0.11665927655294005
55.480000000000004,0.025781209214666,-0.09923548567761281,0.12501669489227882
55.49,0.06763567618352943,-0.06464003271122826,0.1322757088947577
55.5,0.11134183633892367,-0.026729509150222566,0.13807134548914624
55.51,0.15633174187236926,0.013935406268871006,0.14239633560349824
55.52,0.2017181289365577,0.05667741163974187,0.14504071729681584
55.53,0.2466486825307811,0.10072515978731991,0.14592352274346118
55.54,0.2901288898323939,0.1452393728522005,0.14488951698019337
55.550000000000004,0.3312067407716069,0.18934154537891848,0.1418651953926884
55.56,0.3692695488004631,0.23214418551534938,0.1371253632851137
55.57,0.4031704947105267,0.27278148361879534,0.13038901109173134
55.58,0.4321539572024351,0.3104392815762059,0.12171467562622917
55.59,0.4560898247186934,0.344383245002593,0.11170657971610043
55.6,0.4740063136299489,0.37398421278920885,0.10002210084074004
55.61,0.48555709703619704,0.3987398109946366,0.08681728604156042
55.620000000000005,0.49119242607470837,0.4182915658810757,0.07290086019363268
55.63,0.49038850811099516,0.4324369276063583,0.057951580504636835
55.64,0.4833114434363903,0.4411358141303172,0.042175629306073104
55.65,0.47090609363983643,0.4445114958930835,0.026394597746752957
55.660000000000004,0.4532291276606751,0.4428458569289773,0.010383270731697758
55.67,0.43092500416240703,0.43656927838657483,-0.0056442742241678
55.68,0.40518882287954766,0.4262455873550251,-0.02105676447547744
55.69,0.3766145832429918,0.4125526895709756,-0.035938106327983776
55.7,0.34616830476782634,0.39625965215864223,-0.05009134739081589
55.71,0.31497148907400896,0.37820111652014193,-0.06322962744613297
55.72,0.28396204221126575,0.35924999787313106,-0.0752879556618653
55.730000000000004,0.25419798602143023,0.34028946445467617,-0.08609147843324594
55.74,0.22642805567753158,0.3221851855702971,-0.0957571298927655
55.75,0.20166265249475815,0.30575879472270734,-0.10409614222794919
55.76,0.18081688918976657,0.2917634349359674,-0.11094654574620083
55.77,0.1640835339223221,0.28086214253731806,-0.11677860861499595
55.78,0.1522855485462677,0.27360968879080944,-0.12132414024454174
55.79,0.14601666956684511,0.27043834260996147,-0.12442167304311635
55.800000000000004,0.14489349223462486,0.2716478494974337,-0.12675435726280884
55.81,0.14937614489991818,0.27739974957402475,-0.12802360467410656
55.82,0.15965144724634905,0.28771598873270215,-0.1280645414863531
55.83,0.1748923308056451,0.30248161885897157,-0.12758928805332648
55.84,0.1951381026323973,0.3214512422497565,-0.1263131396173592
55.85,0.22017786129444236,0.3442587373836337,-0.12408087608919136
55.86,0.24896813415353022,0.37042971234581473,-0.12146157819228451
55.870000000000005,0.2811741460635091,0.39939607137379113,-0.11822192531028203
55.88,0.31626241746041484,0.43051205052528757,-0.11424963306487274
55.89,0.353216535271182,0.46307108019024906,-0.10985454491906704
55.9,0.39143449024103577,0.4963228633799671,-0.10488837313893135
55.910000000000004,0.430157427610692,0.5294901163488921,-0.09933268873820011
55.92,0.4685888805111628,0.5617844978532319,-0.0931956173420691
55.93,0.5059750354193528,0.5924213499732334,-0.08644631455388052
55.94,0.5414124768475446,0.6206329809859764,-0.07922050413843185
55.95,0.5744355951973119,0.6456803329609885,-0.07124473776367657
55.96,0.6042288073240982,0.6668629872015759,-0.06263417987747766
55.97,0.6297927152417762,0.6835275632842029,-0.053734848042426786
55.980000000000004,0.6510307182812938,0.6950746567510961,-0.04404393846980237
55.99,0.6671264950892277,0.7009645318363172,-0.03383803674708952
56.0,0.6770143240315809,0.7007218353849636,-0.02370751135338267
56.01,0.6809674971251416,0.6939396240463541,-0.012972126921212523
56.02,0.6782236246148862,0.6802829979363648,-0.0020593733214786525
56.03,0.6676967002108833,0.6594926107250519,0.0082040894858314
56.04,0.6500291318488053,0.6313882803375723,0.01864085151123296
56.050000000000004,0.6245913197228505,0.5958728592525585,0.02871846047029203
56.06,0.5903781199161354,0.5529364429402536,0.037441676975881855
56.07,0.5484095763506202,0.5026609043840657,0.04574867196655441
56.08,0.4983072267186615,0.44522464757298996,0.05308257914567155
56.09,0.4393225471224208,0.38090737935827457,0.058415167764146236
56.1,0.3728466922824312,0.31009461316191866,0.06275207912051256
56.11,0.2988940533856427,0.23328154542285737,0.06561250796278531
56.120000000000005,0.2172062097561783,0.15107589147244635,0.06613031828373195
56.13,0.1294740393525707,0.06419923596080813,0.06527480339176257
56.14,0.03622195820096303,-0.02651355289175097,0.062735511092714
56.15,-0.062083854210392905,-0.12011727426695225,0.05803342005655934
56.160000000000004,-0.16363725892205377,-0.21556209040193522,0.051924831479881445
56.17,-0.26737376750577924,-0.3117022699460533,0.04432850244027409
56.18,-0.37194990000321826,-0.40730818126867996,0.0353582812654617
56.19,-0.47575590427194586,-0.5010816166969705,0.025325712425024627
56.2,-0.5772933911447833,-0.5916743919235263,0.014381000778743047
56.21,-0.6743518666369355,-0.6777100185960627,0.0033581519591272535
56.22,-0.7659144890127157,-0.7578080990528246,-0.008106389959891103
56.230000000000004,-0.8502999002579674,-0.8306109473467844,-0.019688952911183
56.24,-0.9246509222034618,-0.8948118072057965,-0.02983911499766534
56.25,-0.9889266817905285,-0.9491839222140067,-0.039742759576521736
56.26,-1.041613158843843,-0.992609622463372,-0.04900353638047106
56.27,-1.079624691057112,-1.0241085304818967,-0.055516160575215245
56.28,-1.1041382655246086,-1.0428639614765194,-0.0612743040480892
56.29,-1.1141654948071615,-1.0482466015077714,-0.06591889329939016
56.300000000000004,-1.1069299959158994,-1.0398345932560464,-0.06709540265985292
56.31,-1.0848154702528896,-1.0174292420182598,-0.06738622823462981
56.32,-1.0476162566648928,-0.9810656723081961,-0.0665505843566967
56.33,-0.9933944610605825,-0.9310179141550894,-0.0623765469054931
56.34,-0.9254272522441171,-0.8677980726834096,-0.057629179560707566
56.35,-0.8443593457216991,-0.7921494283476566,-0.05220991737404257
56.36,-0.7494704089920123,-0.7050335208427172,-0.04443688814929514
56.370000000000005,-0.6443588777219441,-0.6076114790959241,-0.036747398626020056
56.38,-0.5303652390864514,-0.5012200644281485,-0.029145174658302908
56.39,-0.40810594626326585,-0.38734308554180424,-0.020762860721461607
56.4,-0.28080266248461994,-0.26757901444953075,-0.013223648035089186
56.410000000000004,-0.15015356469575272,-0.14360577454812173,-0.0065477901476309885
56.42,-0.017932312782282085,-0.01714377959309066,-0.0007885331891914239
56.43,0.11365345096704779,0.11008162948172188,0.0035718214853259073
56.44,0.24296871414521615,0.23637717737524128,0.006591536769974871
56.45,0.367511258069719,0.3601169228846221,0.007394335185096912
56.46,0.4864835716052984,0.47977471143314376,0.006708860172154663
56.47,0.5986879408177246,0.5939528241853248,0.004735116632399783
56.480000000000004,0.701444038013019,0.7014059782805127,3.805973250636807e-05
56.49,0.7954076568975263,0.8010600071816035,-0.005652350284077179
56.5,0.880024411324663,0.8920247502589145,-0.012000338934251453
56.51,0.9529660564298464,0.9736008986179701,-0.020634842188123614
56.52,1.0160059390567793,1.0452807711747711,-0.029274832117991867
56.53,1.0692148200713743,1.1067432220167073,-0.03752840194533302
56.54,1.1109970596093113,1.1578430980648586,-0.046846038455547356
56.550000000000004,1.1436194815057983,1.1985958662265537,-0.05497638472075539
56.56,1.1676127710685749,1.2291582035616182,-0.06154543249304334
56.57,1.1821094660562261,1.2498054854964986,-0.06769601944027248
56.58,1.1892982240319492,1.260907210161141,-0.07160898612919175
56.59,1.1898636281620003,1.262901457421211,-0.07303782925921065
56.6,1.183385818198296,1.2562694968011956,-0.07288367860289968
56.61,1.1715624682686099,1.2415116287459786,-0.06994916047736877
56.620000000000005,1.1549279086896562,1.2191252699066246,-0.0641973612169684
56.63,1.1331016425505518,1.189586178510763,-0.0564845359602113
56.64,1.107139718632254,1.1533335651983487,-0.04619384656609471
56.65,1.0772433461963402,1.1107596542350255,-0.03351630803868533
56.660000000000004,1.0427257078962835,1.062204057216807,-0.019478349320523503
56.67,1.0041243716787123,1.0079531045932226,-0.0038287329145103577
56.68,0.9613164919508995,0.948244058441555,0.013072433509344505
56.69,0.9131866867889965,0.8832739119746005,0.029912774814396026
56.7,0.8600716904800869,0.8132122761137784,0.04685941436630847
56.71,0.8017201647724738,0.7382176694072772,0.06350249536519659
56.72,0.7367612311333934,0.658456372028712,0.07830485910468143
56.730000000000004,0.665703072989808,0.5741228837816547,0.09158018920815336
56.74,0.5884672443122633,0.48546094475951646,0.10300629955274682
56.75,0.5038516564463673,0.3927840387607138,0.11106761768565349
56.76,0.4128111229387013,0.29649430520515885,0.11631681773354247
56.77,0.3157204625895363,0.19709883484301058,0.11862162774652571
56.78,0.2120768152549752,0.09522241595612585,0.11685439929884936
56.79,0.10334657535990921,-0.008384072646372526,0.11173064800628174
56.800000000000004,-0.009508989641059812,-0.1128402628929305,0.10333127325187069
56.81,-0.1258519624386905,-0.2171383447455932,0.0912863823069027
56.82,-0.24388832135090915,-0.3201508027653451,0.07626248141443592
56.83,-0.36216236912568955,-0.4206438654784705,0.05848149635278094
56.84,-0.4787193294184058,-0.5172964686299308,0.03857713921152506
56.85,-0.5918241974591094,-0.6087243166845022,0.016900119225392807
56.86,-0.6998430426039732,-0.6935084240878658,-0.006334618516107393
56.870000000000005,-0.7996900168398126,-0.7702273363701547,-0.02946268046965783
56.88,-0.8901643154782488,-0.8374920778116541,-0.05267223766659468
56.89,-0.969911040658036,-0.8939827526091627,-0.0759282880488733
56.9,-1.0352432088391834,-0.9384856444741828,-0.0967575643650006
56.910000000000004,-1.0859132941251932,-0.9699296180968616,-0.1159836760283316
56.92,-1.1213044758091235,-0.9874206261294605,-0.13388384967966305
56.93,-1.1378753822489662,-0.9902731669455601,-0.14760221530340611
56.94,-1.136564649811205,-0.9780376195879392,-0.15852703022326575
56.95,-1.1178045409526083,-0.9505224998108397,-0.1672820411417686
56.96,-1.0789659988061975,-0.9078108304973264,-0.17115516830887112
56.97,-1.022143291615693,-0.8502699954966734,-0.17187329611901958
56.980000000000004,-0.9488698846349449,-0.7785546417781428,-0.1703152428568021
56.99,-0.8580103728742435,-0.6936024038778092,-0.16440796899643428
57.0,-0.7525168582852223,-0.5966224397743723,-0.15589441851084995
57.01,-0.6347818726643408,-0.48907698139306777,-0.14570489127127306
57.02,-0.5054071689796834,-0.37265630895974794,-0.13275086001993547
57.03,-0.3677050996913369,-0.24924774993482107,-0.11845734975651584
57.04,-0.22444270473284644,-0.12089947445250512,-0.10354323028034132
57.050000000000004,-0.07780721535016163,0.010219994867310329,-0.08802721021747197
57.06,0.06910932030839949,0.14186552413131318,-0.07275620382291369
57.07,0.21376932160614054,0.2717612411444556,-0.05799191953831506
57.08,0.3528976791424139,0.39764737002638884,-0.04474969088397496
57.09,0.4841537887555332,0.5173268409190994,-0.0331730521635662
57.1,0.6057961284150181,0.6287105057032667,-0.022914377288248633
57.11,0.7141694947972347,0.7298598404931884,-0.015690345695953734
57.120000000000005,0.8080532538223228,0.8190260954626603,-0.010972841640337405
57.13,0.8868865558643104,0.8946849590249842,-0.007798403160673817
57.14,0.9473726707076497,0.9555659326657142,-0.008193261958064468
57.15,0.9895489003030787,1.0006757604434766,-0.011126860140397876
57.160000000000004,1.0141450720796827,1.0293154186540898,-0.015170346574407079
57.17,1.0188198204507841,1.0410903415671013,-0.02227052111631722
57.18,1.004764569072019,1.0359137336655346,-0.031149164593515577
57.19,0.9738169541273305,1.014002992767011,-0.0401860386396804
57.2,0.9249238404296863,0.9758694373618938,-0.05094559693220746
57.21,0.8601266783019441,0.9223016914251333,-0.06217501312318918
57.22,0.7819513133298672,0.8543432272446284,-0.07239191391476119
57.230000000000004,0.6906543104940887,0.7732646983672958,-0.08261038787320718
57.24,0.5887010571863571,0.6805318080416844,-0.09183075085532733
57.25,0.47875993307739967,0.5777695515348013,-0.09900961845740158
57.26,0.3621375726177586,0.46672374197450683,-0.10458616935674825
57.27,0.24126858460578474,0.3492207780051113,-0.10795219339932657
57.28,0.11842529861681476,0.2271266371361946,-0.10870133851937984
57.29,-0.004484943064453576,0.10230608127626933,-0.1067910243407229
57.300000000000004,-0.12545425220762002,-0.023416958933375854,-0.10203729327424417
57.31,-0.24301626901449264,-0.14829689585184053,-0.09471937316265211
57.32,-0.3551780446592968,-0.2707010293634139,-0.08447701529588292
57.33,-0.4606298138779426,-0.3891403416063077,-0.07148947227163488
57.34,-0.5589098494200092,-0.5022958570084771,-0.05661399241153209
57.35,-0.6483953782679946,-0.6090399953456985,-0.03935538292229612
57.36,-0.7285857207450586,-0.7084524707554337,-0.020133249989624846
57.370000000000005,-0.7999828455234577,-0.7998304249373059,-0.0001524205861517247
57.38,-0.8616317647517487,-0.8826926254255487,0.021060860673799975
57.39,-0.9137866739758876,-0.9567777069346061,0.04299103295871842
57.4,-0.9576603745115648,-1.0220365823087696,0.06437620779720477
57.410000000000004,-0.9930508474040031,-1.0786192963805972,0.0855684489765941
57.42,-1.0207706425651901,-1.1268567378053946,0.10608609524020451
57.43,-1.0423523515322424,-1.1672377573954198,0.12488540586317742
57.44,-1.0582177764083638,-1.2003823633502297,0.14216458694186596
57.45,-1.0694433117201043,-1.2270117708762887,0.15756845915618434
57.46,-1.0774537840915546,-1.2479161729801274,0.1704623888885728
57.47,-1.082999073807277,-1.2639211679246964,0.18092209411741944
57.480000000000004,-1.0870855283944565,-1.2758538245199342,0.18876829612547774
57.49,-1.0906732378467494,-1.2845093870752033,0.19383614922845394
57.5,-1.0944633149240695,-1.290619616004313,0.19615630108024362
57.51,-1.0990838635993379,-1.2948237268950762,0.19573986329573834
57.52,-1.1048332276818131,-1.2976428301851828,0.19280960250336965
57.53,-1.1120099080257695,-1.299458686036306,0.1874487780105365
57.54,-1.1206440023673676,-1.3004974759841244,0.17985347361675674
57.550000000000004,-1.1303864562691872,-1.30081915670044,0.1704327004312527
57.56,-1.1409014090639646,-1.3003128047831956,0.1594113957192309
57.57,-1.151539988265993,-1.298698188710821,0.1471582004448282
57.58,-1.1615311279120062,-1.2955336194780642,0.13400249156605804
57.59,-1.1698649533434538,-1.290229940086089,0.1203649867426353
57.6,-1.175298922122211,-1.2820703215677525,0.10677139944554148
57.61,-1.177020757123563,-1.2702353454694182,0.09321458834585528
57.620000000000005,-1.1735206160449354,-1.2538326756837137,0.0803120596387783
57.63,-1.1632094926969194,-1.2319304621546523,0.06872096945773287
57.64,-1.1456683720130099,-1.203593480892417,0.05792510887940705
57.65,-1.1192393777139185,-1.1679209040778038,0.04868152636388534
57.660000000000004,-1.08235570719664,-1.1240845152440968,0.04172880804745671
57.67,-1.0353541213503419,-1.071366141147335,0.03601201979699309
57.68,-0.976870682512099,-1.0091930664728679,0.03232238396076892
57.69,-0.9057777362348309,-0.9371702312898116,0.03139249505498065
57.7,-0.8233406955889297,-0.8551080841890057,0.031767388600075996
57.71,-0.7289021600014683,-0.7630450750269835,0.03414291502551514
57.72,-0.622145309035446,-0.6612639175173521,0.03911860848190618
57.730000000000004,-0.5051718800223955,-0.5503009296439354,0.04512904962153985
57.74,-0.37829491253718256,-0.4309479639092348,0.05265305137205223
57.75,-0.24224115530219076,-0.3042466636245537,0.06200550832236296
57.76,-0.09958432509714868,-0.17147501878635962,0.07189069368921094
57.77,0.04836151469897383,-0.03412643793086653,0.08248795262984036
57.78,0.1998023177223902,0.10611820729058899,0.09368411043180122
57.79,0.35225715115451056,0.24742487831579826,0.1048322728387123
57.800000000000004,0.5036365028175513,0.3878461088892567,0.11579039392829465
57.81,0.6512897328809015,0.5253651041573036,0.1259246287235979
57.82,0.7934567792059295,0.657942963670904,0.1355138155350255
57.83,0.9277052242793143,0.7835676776410067,0.1441375466383077
57.84,1.0509423337421226,0.9003034736215635,0.15063886012055916
57.85,1.1626521302832677,1.006339064080172,0.15631306620309582
57.86,1.2605888727327736,1.10003336543875,0.16055550729402368
57.870000000000005,1.341752283119927,1.1799573258808824,0.16179495723904447
57.88,1.40713687761031,1.2449306106413234,0.16220626696898655
57.89,1.4551702116675445,1.2940520461384375,0.16111816552910696
57.9,1.4834804908179609,1.326722913223194,0.15675757759476694
57.910000000000004,1.4944930098430942,1.3426623987272428,0.1518306111158514
57.92,1.4876233723534542,1.3419147560332754,0.14570861632017884
57.93,1.461542071164502,1.3248479813689102,0.13669408979559172
57.94,1.4196828446626366,1.2921440742132453,0.12753877044939133
57.95,1.3625130667727292,1.244781208661076,0.1177318581116531
57.96,1.2899414458099907,1.1840083889864055,0.10593305682358523
57.97,1.2057445774725792,1.1113133885977418,0.09443118887483748
57.980000000000004,1.1112482869561844,1.0283849694472833,0.08286331750890108
57.99,1.0075367232605594,0.937070542142384,0.07046618111817537
58.0,0.8979890178974586,0.8393305501852553,0.05865846771220329
58.01,0.7844064236975906,0.7371909410813963,0.04721548261619435
58.02,0.6687528223681916,0.6326951202632232,0.03605770210496839
58.03,0.5533833993546126,0.5278567703119682,0.025526629042644355
58.04,0.4401196436897517,0.4246148589626969,0.015504784727054799
58.050000000000004,0.33136129563244454,0.32479205761939733,0.006569238013047207
58.06,0.22807952748514962,0.2300576518878106,-0.0019781244026609857
58.07,0.13171785598085248,0.14189585259805873,-0.010177996617206253
58.08,0.04463830153896793,0.06158021670236188,-0.016941915163393946
58.09,-0.03359372829378551,-0.009845330088757789,-0.023748398205027724
58.1,-0.10215391167812626,-0.07157860485784989,-0.03057530682027637
58.11,-0.1591045297637167,-0.12306437880238931,-0.036040150961327386
58.120000000000005,-0.2059965428571227,-0.16399287712547508,-0.04200366573164763
58.13,-0.24266725374431208,-0.1942919651680587,-0.048375288576253395
58.14,-0.2678222943928008,-0.21411360579523028,-0.053708688597570525
58.15,-0.2836407691071117,-0.22381533263365821,-0.05982543647345351
58.160000000000004,-0.29048945839339796,-0.22393761056244676,-0.0665518478309512
58.17,-0.28774662154663777,-0.215178045231756,-0.07256857631488178
58.18,-0.27768891052489536,-0.19836345515588974,-0.07932545536900562
58.19,-0.26098098201845377,-0.1744208324765037,-0.08656014954195007
58.2,-0.23755176305674533,-0.14434819272954355,-0.09320357032720178
58.21,-0.2093496423195078,-0.10918625225682166,-0.10016339006268615
58.22,-0.17710062567215945,-0.06999177800209057,-0.10710884767006888
58.230000000000004,-0.1410924409434292,-0.027813333208273235,-0.11327910773515598
58.24,-0.10271515968293032,0.01633000018442564,-0.11904515986735596
58.25,-0.06259300009479198,0.06146649933594574,-0.12405949943073771
58.26,-0.02120265043974112,0.10668602114955923,-0.12788867158930034
58.27,0.020647701560533444,0.15115047518436325,-0.1305027736238298
58.28,0.062489746474173484,0.19410061918834928,-0.1316108727141758
58.29,0.10373812987692703,0.23485939627015529,-0.13112126639322824
58.300000000000004,0.14404668932814432,0.2728321634208607,-0.12878547409271637
58.31,0.1830632394331352,0.30750426902552436,-0.12444102959238915
58.32,0.2200666640888499,0.3384365184736428,-0.11836985438479292
58.33,0.2550131697028643,0.3652591195188949,-0.11024594981603059
58.34,0.287578869442236,0.3876647214797604,-0.1000858520375244
58.35,0.31683339109849645,0.40540115485787775,-0.0885677637593813
58.36,0.3429106805112988,0.4182644419023115,-0.07535376139101269
58.370000000000005,0.36545872390098155,0.4260925866748936,-0.06063386277391203
58.38,0.3832765598312897,0.4287605689334305,-0.04548400910214079
58.39,0.3966567856782461,0.4261768641744801,-0.029520078496234003
58.4,0.4052357110703386,0.4182816976515198,-0.013045986581181168
58.410000000000004,0.4075758917412994,0.40504711871492194,0.00252877302637744
58.42,0.40420198839003946,0.38647885918727226,0.017723129202767196
58.43,0.3948374272664207,0.36261982139298893,0.032217605873431754
58.44,0.3779871531357524,0.33355493328625874,0.04443221984949364
58.45,0.354507507618124,0.29941701470277,0.055090492915354006
58.46,0.32435859400673694,0.2603932241949706,0.06396536981176637
58.47,0.2862923551198044,0.2167316033924713,0.06956075172733309
58.480000000000004,0.2415428991996999,0.16874720753317282,0.07279569166652708
58.49,0.19044253097311387,0.1168273078167882,0.07361522315632567
58.5,0.13233859306786902,0.06143517350094602,0.070903419566923
58.51,0.06877364356822638,0.0031119880534529088,0.06566165551477347
58.52,0.0005028096288208356,-0.05752347797434944,0.05802628760317027
58.53,-0.07225544858629195,-0.11977772746504162,0.04752227887874967
58.54,-0.14785292345060275,-0.18288811851870126,0.03503519506809852
58.550000000000004,-0.22519288690279649,-0.24603124258211206,0.02083835567931558
58.56,-0.3030907524942663,-0.3083340555003918,0.005243303006125466
58.57,-0.38009430932622357,-0.36888759889803796,-0.011206710428185607
58.58,-0.45497950005703774,-0.4267630344731738,-0.028216465583863926
58.59,-0.5257396586002864,-0.48102960809142026,-0.04471005050886612
58.6,-0.591442224375882,-0.5307740683454536,-0.06066815603042841
58.61,-0.6510337564876513,-0.5751209892541227,-0.07591276723352858
58.620000000000005,-0.7020532151381395,-0.6132533920195644,-0.08879982311857504
58.63,-0.7443398192086588,-0.6444330283989649,-0.09990679080969389
58.64,-0.7773067500147446,-0.6680196795139541,-0.10928707050079045
58.65,-0.7985426622313045,-0.6834888390956206,-0.11505382313568391
58.660000000000004,-0.8087600499476584,-0.6904471885822979,-0.11831286136536046
58.67,-0.808039394145761,-0.6886453315882057,-0.11939406255755525
58.68,-0.7945270978612684,-0.6779873346660237,-0.11653976319524473
58.69,-0.7697210553659294,-0.6585367169163177,-0.11118433844961173
58.7,-0.7344054237627826,-0.6305186392093164,-0.10388678455346623
58.71,-0.6876608492813027,-0.5943181605326552,-0.09334268874864748
58.72,-0.6315073807851542,-0.5504745499789709,-0.08103283080618329
58.730000000000004,-0.5672845808177464,-0.49967176379346967,-0.06761281702427668
58.74,-0.49515568655907705,-0.44272531347467114,-0.0524303730844059
58.75,-0.41728641832095487,-0.3805658591893156,-0.03672055913163924
58.76,-0.33527472132208336,-0.3142199591630583,-0.021054762159025076
58.77,-0.2502570699565975,-0.2447884872121478,-0.005468582744449724
58.78,-0.16414622567100198,-0.17342329478546006,0.00927706911445808
58.79,-0.07843347644015625,-0.10130273908293465,0.0228692626427784
58.800000000000004,0.005095606485505428,-0.02960672402829945,0.03470233051380488
58.81,0.08510875345664054,0.040508094140218824,0.044600659316421716
58.82,0.16055477792451275,0.10793229966615955,0.0526224782583532
58.83,0.22944001610000414,0.171626304852955,0.05781371124704915
58.84,0.291199328376823,0.2306409791094185,0.0605583492674045
58.85,0.34543609501928546,0.28413583112514806,0.0613002638941374
58.86,0.3903863183557186,0.3313943329020424,0.05899198545367618
58.870000000000005,0.42626810990519565,0.37183606064973085,0.0544320492554648
58.88,0.4533852946281484,0.40502542003543485,0.04835987459271357
58.89,0.470531922886679,0.43067681891581744,0.03985510397086156
58.9,0.4785692259795489,0.4486562465049888,0.029912979474560064
58.910000000000004,0.4783788434113822,0.4589793111664071,0.019399532244975093
58.92,0.4694673844509863,0.46180587714225624,0.007661507308730053
58.93,0.4530920269063137,0.4574315213731722,-0.004339494466858496
58.94,0.43046641181851336,0.4462761033196269,-0.015809691501113554
58.95,0.4017790756221083,0.4288698019928494,-0.027090726370741114
58.96,0.3683957390358705,0.4058370242791235,-0.03744128524325302
58.97,0.3315659564797898,0.3778786265506633,-0.046312670070873474
58.980000000000004,0.2919807237964827,0.3457529173400111,-0.05377219354352841
58.99,0.2508516462410041,0.3102559227012927,-0.05940427646028862
59.0,0.2091947293974168,0.27220139827647294,-0.06300666887905615
59.01,0.1679409068120214,0.2324010637543223,-0.0644601569423009
59.02,0.12795743383283928,0.1916455172611611,-0.06368808342832183
59.03,0.08984366970416294,0.15068626028378104,-0.060842590579618105
59.04,0.054497701724365424,0.11021922908976378,-0.05572152736539836
59.050000000000004,0.022347399137220093,0.07087018738836252,-0.04852278825114243
59.06,-0.00649114921107488,0.033182288251632525,-0.039673437462707406
59.07,-0.03137484951037981,-0.0023939378781082155,-0.028980911632271594
59.08,-0.05231623358459399,-0.03550796697345775,-0.01680826661113624
59.09,-0.0696337805529066,-0.06591389221657454,-0.003719888336332064
59.1,-0.08307237709654959,-0.09347217618849359,0.010399799091943995
59.11,-0.09300980639013529,-0.11814851909881154,0.02513871270867625
59.120000000000005,-0.10006036234250978,-0.14000987835912354,0.039949516016613756
59.13,-0.10438609658396888,-0.15921773518222865,0.05483163859825976
59.14,-0.10660365326777035,-0.1760187633036508,0.06941511003588044
59.15,-0.10743261755138662,-0.19073311265201692,0.0833004951006303
59.160000000000004,-0.1073823630198777,-0.2037405760611746,0.0963582130412969
59.17,-0.10715483769768325,-0.21546495906456647,0.10831012136688323
59.18,-0.10737374735549997,-0.22635702050127082,0.11898327314577085
59.19,-0.10874510878160008,-0.23687639406925423,0.12813128528765416
59.2,-0.11189503077974818,-0.24747293698861336,0.13557790620886517
59.21,-0.11717725584123827,-0.25856798044118445,0.14139072459994617
59.22,-0.1252904183586434,-0.27053597627391746,0.14524555791527405
59.230000000000004,-0.1366320836282701,-0.28368704446332516,0.14705496083505507
59.24,-0.15117106831055438,-0.2982509249917073,0.14707985668115292
59.25,-0.16937660468440782,-0.3143628251790551,0.1449862204946473
59.26,-0.19128957946542957,-0.33205162844721703,0.14076204898178746
59.27,-0.21646359748182695,-0.35123089252920703,0.13476729504738008
59.28,-0.2449410560557547,-0.3716930141626072,0.1267519581068525
59.29,-0.2763221447302554,-0.3931068735799966,0.11678472884974117
59.300000000000004,-0.309816473754214,-0.41501919630091755,0.10520272254670354
59.31,-0.3449135402515963,-0.43685978294591327,0.09194624269431695
59.32,-0.38075595142764834,-0.4579506615873639,0.07719471015971557
59.33,-0.41638487406044394,-0.4775191135160547,0.06113423945561075
59.34,-0.4507254012109904,-0.49471441463901367,0.04398901342802325
59.35,-0.48253464724066825,-0.5086280237987585,0.026093376558090242
59.36,-0.5109469601469819,-0.5183168391793782,0.007369879032396276
59.370000000000005,-0.5344534112490148,-0.5228290379172913,-0.011624373331723503
59.38,-0.5515987730647457,-0.5212319154557112,-0.03036685760903446
59.39,-0.5619137725572236,-0.5126410534685371,-0.04927271908868658
59.4,-0.5637258563631957,-0.4962500716151883,-0.06747578474800742
59.410000000000004,-0.555634352928933,-0.4713601620213785,-0.08427419090755456
59.42,-0.5378419146881072,-0.43740856890493396,-0.1004333457831732
59.43,-0.5088829276453711,-0.39399516140288965,-0.11488776624248148
59.44,-0.4677385247714811,-0.3409062570541548,-0.1268322677173263
59.45,-0.4154486453295937,-0.27813488753563953,-0.13731375779395416
59.46,-0.3511487363076511,-0.20589675739109323,-0.14525197891655786
59.47,-0.27452990353975854,-0.12464123010425604,-0.1498886734355025
59.480000000000004,-0.1874496107539279,-0.03505678262519797,-0.15239282812872995
59.49,-0.0899625947496218,0.06192950275815119,-0.151892097507773
59.5,0.017277673510954706,0.165158694379045,-0.1478810208680903
59.51,0.13184290259123355,0.2732531396479011,-0.14141023705666755
59.52,0.2526141848815536,0.3846359197624955,-0.13202173488094188
59.53,0.3778762928244301,0.49755640779064925,-0.11968011496621916
59.54,0.5050905204678237,0.6101215299022882,-0.10503100943446453
59.550000000000004,0.6321683547203427,0.7203321567185924,-0.08816380199824969
59.56,0.7564431284723914,0.8261238887479976,-0.06968076027560621
59.57,0.8758622732558973,0.9254113518468214,-0.04954907859092417
59.58,0.9877117592495515,1.0161349904374282,-0.028423231187876707
59.59,1.0887100620801533,1.0963092422428709,-0.007599180162717545
59.6,1.1778909195993168,1.1640709023475997,0.01382001725171711
59.61,1.252451451162417,1.2177264395167169,0.03472501164570008
59.620000000000005,1.3090224975070504,1.2557970160883998,0.05322548141865058
59.63,1.3481691520159156,1.27705998563331,0.07110916638260556
59.64,1.3676130289501647,1.280585700180087,0.08702732877007757
59.65,1.3645277154203659,1.2657685503297251,0.09875916509064075
59.660000000000004,1.3411565703888797,1.232351285184555,0.10880528520432464
59.67,1.2962876063011959,1.180441811866811,0.11584579443438492
59.68,1.2282457265956468,1.1105218527415042,0.11772387385414262
59.69,1.1407176461817048,1.0234470377099871,0.11727060847171766
59.7,1.033886665785952,0.9204382238308304,0.1134484419551216
59.71,0.907679500015369,0.803064059236251,0.104615440779118
59.72,0.7666169169745828,0.673215036653842,0.09340188032074082
59.730000000000004,0.6122981969269251,0.5330695074315198,0.07922868949540529
59.74,0.44642892639291387,0.38505234341372924,0.061376582979184635
59.75,0.2734874817588539,0.23178713513399704,0.04170034662485686
59.76,0.09618170628815263,0.07604299475481982,0.020138711533332812
59.77,-0.08216462440589171,-0.07932281426494808,-0.002841810140943632
59.78,-0.2580713062082379,-0.2314250762146876,-0.02664622999355032
59.79,-0.42829329787267617,-0.37741221841680306,-0.05088107945587311
59.800000000000004,-0.5883803913402944,-0.5145278197718496,-0.07385257156844482
59.81,-0.7366611749326841,-0.6401705381628142,-0.09649063676986991
59.82,-0.8700551133033406,-0.7519509905619163,-0.11810412274142434
59.83,-0.9837270139329081,-0.8477441870483504,-0.13598282688455765
59.84,-1.0782758511494026,-0.9257362247738182,-0.15253962637558438
59.85,-1.1514489098908793,-0.9844640874819036,-0.16698482240897572
59.86,-1.1988755370023927,-1.0228475667867587,-0.176027970215634
59.870000000000005,-1.2234093980672092,-1.0402125184543427,-0.18319687961286646
59.88,-1.224091094407788,-1.036304885064833,-0.18778620934295498
59.89,-1.1978002587970147,-1.0112951497322238,-0.1865051090647909
59.9,-1.149136464625033,-0.9657731276571905,-0.18336333696784257
59.910000000000004,-1.0785930623413995,-0.9007332465917944,-0.17785981574960508
59.92,-0.9848584774435607,-0.8175507071476626,-0.16730777029589805
59.93,-0.8733807447198743,-0.7179491427696104,-0.15543160195026384
59.94,-0.7459298352543775,-0.603960610934665,-0.14196922431971248
59.95,-0.6032170498769968,-0.47787893603141945,-0.1253381138455773
59.96,-0.45045328182402933,-0.34220758539482654,-0.10824569642920279
59.97,-0.2902284655781432,-0.19960338888403947,-0.09062507669410372
59.980000000000004,-0.12510322433620077,-0.052817505878535384,-0.07228571845766539
59.99,0.0409756830749752,0.09536490068180312,-0.05438921760682792
60.0,0.205213028827945,0.24218480682048654,-0.03697177799254153
60.01,0.36371884479548217,0.3849678325897066,-0.02124898779422446
60.02,0.5145478825835689,0.5211797162203942,-0.006631833636825291
60.03,0.6553167293262159,0.648477460662772,0.006839268663443865
60.04,0.7815564206311905,0.7647549857877307,0.01680143484345975
60.050000000000004,0.89361316037945,0.8681822787882487,0.025430881591201326
60.06,0.9899879445091827,0.957237219208882,0.032750725300300654
60.07,1.0664500045829672,1.0307294582086723,0.03572054637429489
60.08,1.1254324230783959,1.0878159483066026,0.03761647477179331
60.09,1.1665476039751244,1.1280079438265334,0.038539660148591004
60.1,1.1865144475332798,1.1511695172653835,0.03534493026789631
60.11,1.1892256055686368,1.1575078566079071,0.03171774896072965
60.120000000000005,1.175354048677866,1.147555817174948,0.027798231502917936
60.13,1.1430325328916202,1.1221473932795851,0.020885139612035086
60.14,1.0967312800293765,1.0823869446851473,0.014344335344229187
60.15,1.0378799118914404,1.0296131562087363,0.008266755682704074
60.160000000000004,0.9662085502729137,0.9653588222026355,0.0008497280702782772
60.17,0.885800930479642,0.8913076283905979,-0.005506697910955816
60.18,0.7984350313903492,0.8092491499299137,-0.010814118539564488
60.19,0.705228461180536,0.721033295924011,-0.01580483474347505
60.2,0.6091560454961473,0.6285254072612949,-0.019369361765147586
60.21,0.5119231048052961,0.5335631579475159,-0.02164005314221973
60.22,0.4154861821069298,0.4379163223302159,-0.0224301402232861
60.230000000000004,0.32140259928038484,0.34325035496096545,-0.021847755680580616
60.24,0.23093479904956415,0.2510945902533693,-0.020159791203805122
60.25,0.14625170950979505,0.16281571016730823,-0.016564000657513178
60.26,0.06752469915282233,0.07959695497887276,-0.012072255826050426
60.27,-0.004632234089160692,0.0024233702184103837,-0.007055604307571075
60.28,-0.06837349890408785,-0.06792680231320675,-0.00044669659088110436
60.29,-0.12460584035340672,-0.13088466429651693,0.006278823943110218
60.300000000000004,-0.17337242706920636,-0.18608738116013598,0.012714954090929625
60.31,-0.21347502025913115,-0.23336949454681824,0.01989447428768709
60.32,-0.24643106784175356,-0.27274938302182145,0.026318315180067886
60.33,-0.27277742470340366,-0.30441154985091906,0.0316341251475154
60.34,-0.2920290498672427,-0.3286855146315714,0.03665646476432871
60.35,-0.3058225503168901,-0.34602215626519045,0.040199605948300354
60.36,-0.31492254097883937,-0.35696839668297214,0.04204585570413277
60.370000000000005,-0.3193966487850912,-0.3621411272852469,0.04274447850015567
60.38,-0.3206047217348996,-0.3622012635642764,0.041596541829376776
60.39,-0.3192620996418723,-0.3578287691050726,0.03856666946320031
60.4,-0.315694330551949,-0.34969942021002803,0.034005089658079024
60.410000000000004,-0.31076184699160814,-0.3384639896624854,0.027702142670877283
60.42,-0.30492742212078255,-0.3247304161991255,0.01980299407834296
60.43,-0.2984650988272819,-0.3090493992191551,0.010584300391873191
60.44,-0.29170891019398415,-0.2919037206473912,0.00019481045340702385
60.45,-0.284793470548456,-0.27370145247270156,-0.01109201807575444
60.46,-0.2777263253719707,-0.2547730641844236,-0.02295326118754709
60.47,-0.2704528333225814,-0.23537230394532535,-0.03508052937725606
60.480000000000004,-0.262840649422226,-0.21568059546828705,-0.04716005395393896
60.49,-0.2545772305183232,-0.19581457343535372,-0.05876265708296949
60.5,-0.24545203288914236,-0.1758362776413028,-0.06961575524783956
60.51,-0.23522801408420915,-0.15576544297221184,-0.07946257111199731
60.52,-0.22338807703827016,-0.13559326124597332,-0.08779481579229684
60.53,-0.20980778448262458,-0.11529695347158699,-0.09451083101103759
60.54,-0.19434165798098207,-0.0948544780328759,-0.09948717994810617
60.550000000000004,-0.17650271098148773,-0.07425871164203199,-0.10224399933945574
60.56,-0.1564260160241289,-0.05353047479162583,-0.10289554123250307
60.57,-0.13421204320658722,-0.03272983023472552,-0.1014822129718617
60.58,-0.10966868580740272,-0.011965159404245763,-0.09770352640315695
60.59,-0.08324509292670382,0.008600385315061519,-0.09184547824176534
60.6,-0.05534011794677869,0.02874534839867191,-0.0840854663454506
60.61,-0.02625297525143503,0.04818953958020502,-0.07444251483164005
60.620000000000005,0.0033292060514206728,0.06659676273384407,-0.0632675566824234
60.63,0.03278367870456194,0.0835806435979469,-0.050796964893384956
60.64,0.06126820041354054,0.09871337641485066,-0.03744517600131012
60.65,0.08803774672597937,0.11153709856980777,-0.023499351843828398
60.660000000000004,0.11242875771921576,0.12157750233745877,-0.009148744618243013
60.67,0.13317944100646226,0.1283592071946759,0.0048202338117863675
60.68,0.1497154873445498,0.13142234761763869,0.01829313972691113
60.69,0.16156787497240357,0.13033978202456753,0.031228092947836045
60.7,0.16732886662606827,0.12473430005941458,0.0425945665666537
60.71,0.16680412113970683,0.11429519853253116,0.05250892260717567
60.72,0.1599297123760718,0.09879361111390385,0.06113610126216794
60.730000000000004,0.14550248175429337,0.07809601266950528,0.06740646908478809
60.74,0.12383616083500316,0.05217537461458574,0.07166078622041742
60.75,0.09538389417245781,0.021119520872408298,0.07426437330004951
60.76,0.05947499731670437,-0.014863677540759864,0.07433867485746423
60.77,0.01693851927225998,-0.05544453061488281,0.0723830498871428
60.78,-0.03128890106421812,-0.1001733318808312,0.06888443081661308
60.79,-0.0851364408087522,-0.1484857722802115,0.06334933147145931
60.800000000000004,-0.14338127020049818,-0.19971188585888885,0.056330615658390676
60.81,-0.2047866322434543,-0.2530883335490578,0.04830170130560349
60.82,-0.2685142784692468,-0.30777372291203153,0.03925944444278473
60.83,-0.3331726233918013,-0.36286656258008076,0.02969393918827945
60.84,-0.39751622762670297,-0.4174253633690807,0.019909135742377737
60.85,-0.46010962061468924,-0.4704903263321886,0.010380705717499383
60.86,-0.5196692687895971,-0.5211060035977977,0.0014367348082006126
60.870000000000005,-0.575263463429586,-0.5683442823431871,-0.0069191810863988845
60.88,-0.6251833339770072,-0.6113270267665882,-0.013856307210418972
60.89,-0.6685169203385489,-0.6492477178853883,-0.01926920245316066
60.9,-0.7049089143975046,-0.6813914562335641,-0.023517458163940463
60.910000000000004,-0.7327683885175769,-0.7071527372719417,-0.02561565124563514
60.92,-0.7517427360652779,-0.7260504721926895,-0.025692263872588383
60.93,-0.7621781539555142,-0.7377398058898769,-0.024438348065637383
60.94,-0.7629553904628773,-0.7420203767993742,-0.020935013663503144
60.95,-0.7543484553148,-0.7388407672979967,-0.015507688016803245
60.96,-0.737351232221532,-0.7282990052866559,-0.009052226934876062
60.97,-0.7115381351564998,-0.7106390941276711,-0.000899041028828651
60.980000000000004,-0.6777401265836932,-0.6862436657905528,0.008503539206859645
60.99,-0.6373746407596719,-0.6556229673759518,0.018248326616279953
61.0,-0.5907436504987563,-0.6194005006904897,0.028656850191733363
61.01,-0.5390443763981227,-0.5782957349525373,0.03925135855441453
61.02,-0.48378105217782663,-0.5331044009902166,0.04932334881238998
61.03,-0.42582623568709616,-0.48467694875555994,0.05885071306846379
61.04,-0.3664762696080342,-0.43389580634504854,0.06741953673701434
61.050000000000004,-0.30696424710847475,-0.3816521161892076,0.07468786908073283
61.06,-0.24843658116560038,-0.32882264138899225,0.08038606022339187
61.07,-0.19200815477909972,-0.2762475316445678,0.08423937686546806
61.08,-0.13836117432873846,-0.22470961375199072,0.08634843942325227
61.09,-0.08856916805557342,-0.17491582675318929,0.08634665869761586
61.1,-0.043338288703846574,-0.1274813576351564,0.08414306893130982
61.11,-0.002676779605061585,-0.08291695168631669,0.0802401720812551
61.120000000000005,0.03270943148592851,-0.04161977447484823,0.07432920596077675
61.13,0.06264210341482901,-0.0038680926471640867,0.0665101960619931
61.14,0.08771934102351354,0.030180078492631615,0.05753926253088193
61.15,0.1077609959936226,0.06048433787780982,0.04727665811581278
61.160000000000004,0.12309833599562986,0.08711537676088126,0.035982959234748604
61.17,0.1346990685424515,0.11024480250943827,0.024454266033013233
61.18,0.14288810068681998,0.1301316588996328,0.012756441787187184
61.19,0.14835380194812334,0.14710610455283,0.0012476973952933457
61.2,0.1520997634530221,0.1615508089884182,-0.009451045535396108
61.21,0.154768367261264,0.1738807072299746,-0.01911233996871059
61.22,0.15715563232173232,0.18452181609484472,-0.027366183773112396
61.230000000000004,0.1599729129426006,0.19388985583269483,-0.033916942890094226
61.24,0.16388836381535576,0.20236943788247205,-0.03848107406711629
61.25,0.1695218996467385,0.21029457210171568,-0.04077267245497718
61.26,0.1770731437819453,0.21793121454256176,-0.040858070760616455
61.27,0.18693488773478698,0.2254625201393265,-0.03852763240453952
61.28,0.19930726254356199,0.2329773847594252,-0.03367012221586321
61.29,0.21383955124921822,0.2404627599590071,-0.026623208709788876
61.300000000000004,0.23043688424905281,0.2478001042268876,-0.0173632199778348
61.31,0.24874422031768648,0.2547661999256236,-0.006021979607937128
61.32,0.2680210230888471,0.26103841957084795,0.006982603517999175
61.33,0.28763340747825855,0.26620437303608335,0.0214290344421752
61.34,0.3066886907408783,0.2697757135888459,0.0369129771520324
61.35,0.3243724331004374,0.27120573041708146,0.05316670268335594
61.36,0.3396449339078469,0.2699102135972703,0.06973472031057659
61.370000000000005,0.351254544026545,0.2652909492641881,0.08596359476235688
61.38,0.35868892490695836,0.25676109274563486,0.1019278321613235
61.39,0.3607872816629244,0.24377157983410114,0.11701570182882326
61.4,0.35624596084245413,0.22583767476515765,0.1304082860772965
61.410000000000004,0.3451704989223713,0.2025647206725316,0.1426057782498397
61.42,0.326634291778729,0.17367215621232632,0.15296213556640267
61.43,0.2996482927404144,0.13901489162459044,0.16063340111582394
61.44,0.26508165443606607,0.09860119860626632,0.16648045582979976
61.45,0.22256222746628734,0.052606359798515905,0.16995586766777143
61.46,0.1717522005185422,0.0013814431599142812,0.17037075735862792
61.47,0.11419501987077793,-0.05454328930907224,0.16873830917985017
61.480000000000004,0.050259190536229896,-0.114460664365818,0.1647198549020479
61.49,-0.019524557641146408,-0.17749471768584063,0.15797016004469422
61.5,-0.09326056359168998,-0.2426146075557712,0.1493540439640812
61.51,-0.1698502219519219,-0.3086540852221935,0.1388038632702716
61.52,-0.24786252590909416,-0.37433609510417826,0.1264735691950841
61.53,-0.32553132965605047,-0.4383018978670908,0.11277056821104031
61.54,-0.4012421262875498,-0.49914394524200034,0.09790181895445055
61.550000000000004,-0.472842161223213,-0.5554415934375445,0.08259943221433153
61.56,-0.539209933260687,-0.6057986273701893,0.0665886941095023
61.57,-0.5985809270850143,-0.6488814852295429,0.050300558144528607
61.58,-0.6484436832292263,-0.6834570255650232,0.03501334233579689
61.59,-0.6887249067914548,-0.708428669419434,0.019703762627979238
61.6,-0.7179313527156094,-0.7228697790489775,0.004938426333368162
61.61,-0.7336679406980207,-0.7260532021137908,-0.0076147385842298965
61.620000000000005,-0.7370794414985561,-0.7174760141898155,-0.01960342730874054
61.63,-0.7273076422991992,-0.6968786300046855,-0.03042901229451367
61.64,-0.7025579186427892,-0.6642576206582592,-0.03830029798452994
61.65,-0.6650663561568934,-0.6198717648657887,-0.0451945912911047
61.660000000000004,-0.6148191832000659,-0.5642410706439004,-0.05057811255616551
61.67,-0.5510065428966546,-0.49813872282149846,-0.05286782007515617
61.68,-0.47654887519373845,-0.42257613381289033,-0.05397274138084812
61.690000000000005,-0.39227873845932293,-0.3387814925612812,-0.05349724589804172
61.7,-0.29856830017221253,-0.24817241186130912,-0.050395888310903414
61.71,-0.19842816303533564,-0.15232346018835033,-0.04610470284698531
61.72,-0.09333626519136208,-0.052929524137071124,-0.04040674105429096
61.730000000000004,0.015186767645449493,0.048233924060182475,-0.03304715641473298
61.74,0.12467718325376169,0.1493524872438016,-0.024675303990039907
61.75,0.23335626733931425,0.2486152127402048,-0.015258945400890539
61.76,0.3388089228699453,0.34425643930837313,-0.005447516438427835
61.77,0.4396424337767318,0.4345959202902098,0.005046513486521964
61.78,0.5341712452153005,0.5180760917209972,0.016095153494303238
61.79,0.619499533998989,0.5932954617579501,0.026204072241038934
61.800000000000004,0.6955931593586796,0.659037238781029,0.03655592057765056
61.81,0.7612023624394393,0.7142924845520597,0.04690987788737955
61.82,0.813430524582987,0.7582772694944693,0.05515325508851776
61.83,0.8535938299189616,0.7904435123000422,0.06315031761891943
61.84,0.8810915846019496,0.8104833979987933,0.07060818660315626
61.85,0.8934715887162894,0.8183274794570421,0.0751441092592473
61.86,0.8931146862344096,0.81413676921758,0.07897791701682955
61.870000000000005,0.8801174994748899,0.7982893142994343,0.08182818517545565
61.88,0.8528005562242518,0.7713619093747672,0.08143864684948454
61.89,0.8141317888108502,0.734107737948668,0.08002405086218223
61.9,0.7648003092999419,0.6874308322910516,0.0773694770088903
61.910000000000004,0.7040659508762713,0.6323583077862857,0.07170764308998567
61.92,0.6349376586669722,0.5700113544440166,0.06492630422295553
61.93,0.5584887063199157,0.5015759574702138,0.05691274884970188
61.940000000000005,0.4749215505014133,0.42827427148861774,0.046647279012795584
61.95,0.3867951585843298,0.35133749215687254,0.035457666427457235
61.96,0.29532187866758786,0.27198095880280404,0.023340919864783816
61.97,0.2015212152444339,0.1913820877249731,0.010139127519460805
61.980000000000004,0.10715623615621281,0.11066158427637633,-0.0035053481201635234
61.99,0.013364561275150247,0.03086821973038521,-0.017503658455234963
62.0,-0.07823952508055318,-0.04703270651007653,-0.03120681857047665
62.01,-0.16683159066647515,-0.12216726027029619,-0.04466433039617897
62.02,-0.25149171631729506,-0.19375731296656262,-0.05773440335073243
62.03,-0.3303022989330238,-0.26112185363333634,-0.06918044529968748
62.04,-0.40330795274647835,-0.3236756077151417,-0.07963234503133665
62.050000000000004,-0.4698990464448679,-0.38092548103788265,-0.08897356540698526
62.06,-0.5281133721675667,-0.43246540052993343,-0.09564797163763328
62.07,-0.5786994697232797,-0.47797014467123194,-0.10072932505204774
62.08,-0.6213906255373646,-0.5171887462262683,-0.10420187931109626
62.09,-0.654392684416894,-0.5499380089845703,-0.10445467543232367
62.1,-0.6789562664109552,-0.576096611840676,-0.10285965457027924
62.11,-0.6951508927746191,-0.5956001817383214,-0.09955071103629765
62.120000000000005,-0.7015231072874759,-0.6084376070203797,-0.09308550026709617
62.13,-0.6996277500261272,-0.6146487406548218,-0.08497900937130543
62.14,-0.6898417687709166,-0.6143235152956996,-0.07551825347521701
62.15,-0.6711923429544209,-0.6076023660798084,-0.06358997687461243
62.160000000000004,-0.645360475964466,-0.5946777392635375,-0.05068273670092849
62.17,-0.6129840882764345,-0.5757963616695463,-0.03718772660688818
62.18,-0.5736718456608729,-0.5512618631179652,-0.022409982542907714
62.190000000000005,-0.5290688781211415,-0.521437286241434,-0.007631591879707411
62.2,-0.48000191353809246,-0.48674698877322314,0.006745075235130682
62.21,-0.4266991216805414,-0.44767744458603387,0.020978322905492452
62.22,-0.3706137430710931,-0.40477648195152627,0.03416273888043314
62.230000000000004,-0.31265211924242425,-0.35865055962165204,0.04599844037922779
62.24,-0.25360604707385265,-0.3099597707950866,0.05635372372123393
62.25,-0.1945852426305677,-0.2594103777790214,0.06482513514845367
62.26,-0.13642842985551978,-0.20774481087479887,0.07131638101927909
62.27,-0.08032235878610011,-0.15572920735939727,0.07540684857329716
62.28,-0.02690145506997717,-0.10413871331252113,0.07723725824254396
62.29,0.023228704696417964,-0.05374091494192859,0.07696961963834656
62.300000000000004,0.06875520930043093,-0.005277899413854752,0.07403310871428567
62.31,0.10959956083137966,0.04055243927490107,0.06904712155647859
62.32,0.1455319136703455,0.0831151427631017,0.06241677090724379
62.33,0.17542901532057975,0.12185621150679632,0.05357280381378343
62.34,0.19976218756438013,0.15631911448682387,0.043443073077556266
62.35,0.21874566330317535,0.18615900195390261,0.03258666134927274
62.36,0.23172378249445127,0.21115388683127728,0.020569895663173993
62.370000000000005,0.23960189246020572,0.23121214725157033,0.00838974520863539
62.38,0.24299161218085455,0.24637582483647577,-0.0033842126556212215
62.39,0.24185378986235775,0.2568193465111115,-0.014965556648753736
62.4,0.23730757563692728,0.2628434760503182,-0.025535900413390933
62.410000000000004,0.2301914542581609,0.26486449797199524,-0.03467304371383434
62.42,0.22103971004081358,0.26339884252372064,-0.04235913248290707
62.43,0.21090103887421174,0.2590435673148671,-0.04814252844065536
62.440000000000005,0.20058225660538992,0.25245330924037046,-0.05187105263498054
62.45,0.1909509976221143,0.2443145004065127,-0.053363502784398414
62.46,0.1827068703543517,0.23531779497919827,-0.05261092462484657
62.47,0.176354951992233,0.22612977231339446,-0.049774820321161456
62.480000000000004,0.17272390903748147,0.2173650587596978,-0.04464114972221633
62.49,0.1719719140345641,0.20956004117492974,-0.037588127140365635
62.5,0.17411587806943712,0.20314932627646615,-0.029033448207029022
62.51,0.17956185940300343,0.19844603054949045,-0.018884171146487022
62.52,0.18788675951964473,0.19562686660879455,-0.0077401070891498225
62.53,0.19859647699666338,0.19472282710057048,0.003873649896092901
62.54,0.21141918526337442,0.19561606188908254,0.015803123374291878
62.550000000000004,0.22549077337639967,0.1980433058268794,0.027447467549520266
62.56,0.23997774047931442,0.20160595193780506,0.038371788541509355
62.57,0.2539125260178179,0.2057865887459528,0.048125937271865094
62.58,0.2662850389788661,0.20997154205599017,0.056313496922875905
62.59,0.27625038538541624,0.21347869246048878,0.06277169292492746
62.6,0.28239952548093644,0.21558959188836532,0.06680993359257112
62.61,0.2839496906659632,0.21558468672408762,0.06836500394187559
62.620000000000005,0.2804260921603392,0.21278028147778028,0.06764581068255893
62.63,0.2704440349203156,0.2065657542238043,0.0638782806965113
62.64,0.2537906464983408,0.1964394696956723,0.05735117680266852
62.65,0.23065832244625178,0.18204183244090336,0.04861649000534843
62.660000000000004,0.20022059436127973,0.16318398274119644,0.03703661162008329
62.67,0.16303583937989646,0.1398707614213436,0.023165077958552854
62.68,0.12005063391652826,0.11231675289425329,0.0077338810222749715
62.690000000000005,0.07141590373576963,0.08095445294946993,-0.0095385492137003
62.7,0.01844366070269721,0.04643389065019267,-0.02799022994749546
62.71,-0.037353245447104944,0.009613351946404407,-0.04696659739350935
62.72,-0.0947024387143809,-0.028458805760341765,-0.06624363295403914
62.730000000000004,-0.15179313172530406,-0.06657090707340986,-0.0852222246518942
62.74,-0.2069814475221156,-0.10338259101625644,-0.10359885650585918
62.75,-0.25808429790808124,-0.1374663031193406,-0.12061799478874063
62.76,-0.30323278722323677,-0.16735432909219158,-0.13587845813104518
62.77,-0.34121387678528853,-0.19158979722332503,-0.1496240795619635
62.78,-0.3694645951591612,-0.2087798769691618,-0.16068471818999938
62.79,-0.3865737460169759,-0.217649265638847,-0.1689244803781289
62.800000000000004,-0.39226709163264467,-0.21709199026981763,-0.17517510136282705
62.81,-0.3843081468825795,-0.20621956160451033,-0.1780885852780692
62.82,-0.36219358598237933,-0.18440360248042453,-0.1777899835019548
62.83,-0.3268599541210048,-0.15131123188690665,-0.17554872223409818
62.84,-0.2770678134479654,-0.10693171341407982,-0.17013610003388557
62.85,-0.21347511331218977,-0.05159316501924994,-0.16188194829293984
62.86,-0.13814542409138628,0.014031534350383741,-0.15217695844177
62.870000000000005,-0.051260894289480316,0.08893012914845352,-0.14019102343793383
62.88,0.045385362710857635,0.1717677500104441,-0.12638238729958645
62.89,0.14905296377994598,0.2609147330726109,-0.11186176929266495
62.9,0.25809896523664383,0.3544847716627551,-0.09638580642611128
62.910000000000004,0.36990916945561486,0.45038229631163545,-0.0804731268560206
62.92,0.4817731205420933,0.5463576363255288,-0.06458451578343549
62.93,0.590954340054428,0.6400682240155222,-0.049113883961094174
62.940000000000005,0.6945489317918329,0.7291438725759614,-0.0345949407841285
62.95,0.7906387864889248,0.8112539996431026,-0.020615213154177803
62.96,0.87606262610559,0.8841745870912859,-0.008111960985695887
62.97,0.9482441110298809,0.9458526669650665,0.0023914440648143964
62.980000000000004,1.0066463417254303,0.9944662037681677,0.012180137957262582
62.99,1.0484566917984355,1.0284774016263192,0.019979290172116304
63.0,1.0719738206866858,1.0466776950458525,0.025296125640833278
63.01,1.0782743289378707,1.048222975222543,0.030051353715327744
63.02,1.0655486253177044,1.0326579487760676,0.0328906765416368
63.03,1.0333121021706944,0.9999289090546258,0.03338319311606852
63.04,0.9840546448541839,0.9503846069710952,0.033670037883088755
63.050000000000004,0.91732663243449,0.8847653230346418,0.03256130939984814
63.06,0.8339184240447441,0.8041806489407839,0.02973777510396025
63.07,0.7371571614669385,0.7100768703039968,0.02708029116294175
63.08,0.6279346648994576,0.6041951874236806,0.023739477475776982
63.09,0.5080922219722757,0.4885223055471902,0.019569916425085432
63.1,0.38101260186842456,0.3652351592401176,0.015777442628306937
63.11,0.24857642147357092,0.23664169904863464,0.01193472242493629
63.120000000000005,0.11324689571491828,0.10511975735600639,0.008127138358911892
63.13,-0.022298246922130477,-0.026943978037345422,0.004645731115214945
63.14,-0.15573781718650206,-0.1572129186582356,0.0014751014717335476
63.15,-0.28449308016992375,-0.2834556313213166,-0.0010374488486071254
63.160000000000004,-0.4071231022127696,-0.40359537050780636,-0.003527731704963233
63.17,-0.5214278765369101,-0.515752720789219,-0.005675155747691174
63.18,-0.6251596667507067,-0.6182802859732568,-0.006879380777449873
63.190000000000005,-0.7182939586808437,-0.7097886961980784,-0.008505262482765286
63.2,-0.7991661606136539,-0.7891635560503436,-0.010002604563310258
63.21,-0.8661413249644069,-0.8555733112668754,-0.010568013697531464
63.22,-0.9204345321216897,-0.9084683541881547,-0.011966177933534938
63.230000000000004,-0.9610949250933026,-0.9475720051145534,-0.013522919978749215
63.24,-0.9871752737931714,-0.9728642856551135,-0.014310988138057867
63.25,-1.0007026362622555,-0.9845596304752179,-0.016143005787037645
63.26,-1.001387568916334,-0.9830798572291874,-0.01830771168714662
63.27,-0.9888677235774815,-0.9690238251796405,-0.019843898397841064
63.28,-0.965472349123917,-0.9431352581273089,-0.022337090996608078
63.29,-0.9313742138723263,-0.9062701867564424,-0.025104027115883887
63.300000000000004,-0.8865997921013393,-0.8593653821408148,-0.027234409960524508
63.31,-0.8333540540696497,-0.8034090114367017,-0.02994504263294795
63.32,-0.7720451925121815,-0.739414556603277,-0.03263063590890447
63.33,-0.7029047538425743,-0.6683988072591595,-0.03450594658341488
63.34,-0.6277730854115073,-0.591364480995448,-0.03640860441605931
63.35,-0.5471420482326362,-0.5092877511502499,-0.0378542970823863
63.36,-0.4613623844773523,-0.4231106862108224,-0.03825169826652991
63.370000000000005,-0.3718651012528823,-0.3337383395408358,-0.038126761712046486
63.38,-0.2791945833229799,-0.2420399852440574,-0.03715459807892252
63.39,-0.1838655068696944,-0.14885378666463595,-0.035011720205058466
63.4,-0.08697543542884259,-0.05499401758296799,-0.0319814178458746
63.410000000000004,0.010813862385797506,0.03874016020795135,-0.027926297822153848
63.42,0.10868123828320815,0.1315554207708811,-0.022874182487672937
63.43,0.20578266408849838,0.22265556160655556,-0.01687289751805718
63.440000000000005,0.3012550717619978,0.31123436506587476,-0.00997929330387698
63.45,0.3938164054403661,0.39647093805604955,-0.002654532615683436
63.46,0.4828921676916134,0.4775282809200772,0.005363886771536208
63.47,0.5674043654333643,0.5535556426180727,0.013848722815291592
63.480000000000004,0.6455489640683312,0.6236949950214471,0.02185396904688408
63.49,0.717167172660357,0.6870917152335343,0.030075457426822716
63.5,0.7810800562488718,0.7429093132409806,0.03817074300789114
63.51,0.8350754079445485,0.7903477950849698,0.044727612859578714
63.52,0.8796361534914997,0.8286650211080036,0.050971132383496154
63.53,0.9137194157906262,0.85720021590638,0.05651919988424625
63.54,0.9350146178147258,0.8753986213565143,0.059615996458211584
63.550000000000004,0.9448365319855254,0.8828361647212709,0.06200036726425451
63.56,0.9425691708253114,0.8792429465265077,0.06332622429880375
63.57,0.9262541076090303,0.8645243414068423,0.06172976620218795
63.58,0.8980611126220475,0.8387785506948447,0.059282561927202715
63.59,0.8580377589576905,0.8023095468171383,0.055728212140552236
63.6,0.8050492309675793,0.7556345026777049,0.049414728289874366
63.61,0.7418903192057741,0.6994849979039278,0.042405321301846266
63.620000000000005,0.6693515939788671,0.634801529770437,0.0345500642084301
63.63,0.5874670710833149,0.5627211197492662,0.024745951334048666
63.64,0.4991777891332906,0.48455808564088526,0.014619703492405323
63.65,0.40588510455419236,0.40177833202757435,0.004106772526618008
63.660000000000004,0.30888642465978045,0.31596778603040293,-0.007081361370622485
63.67,0.21064724602578455,0.2287958590235317,-0.018148612997747143
63.68,0.11285583273846679,0.14197503688178384,-0.02911920414331705
63.690000000000005,0.017860872017624315,0.057217881655903836,-0.039357009638279525
63.7,-0.07293518776851643,-0.023807141806588654,-0.049128045961927776
63.71,-0.15798143716265645,-0.09951952582284657,-0.05846191133980988
63.72,-0.23435998674498,-0.16846876225743854,-0.06589122448754145
63.730000000000004,-0.3020966070986521,-0.22937310780292824,-0.07272349929572386
63.74,-0.36017099109290807,-0.2811537160796979,-0.07901727501321015
63.75,-0.4057255419548958,-0.3229629386967903,-0.08276260325810547
63.76,-0.44022722583134616,-0.35420580404369245,-0.0860214217876537
63.77,-0.4634243934852624,-0.37455392919389363,-0.08887046429136874
63.78,-0.473125248465127,-0.38395139677923595,-0.08917385168589104
63.79,-0.4718775695671752,-0.38261242367331794,-0.08926514589385726
63.800000000000004,-0.46019018183005783,-0.3710109496776559,-0.08917923215240192
63.81,-0.437011035285754,-0.3498625697759408,-0.0871484655098132
63.82,-0.4052768578747915,-0.32009951084567106,-0.08517734702912044
63.83,-0.36607224503579916,-0.2828396017412202,-0.08323264329457897
63.84,-0.31958872028963226,-0.23935039442722453,-0.08023832586240773
63.85,-0.2684503771395876,-0.1910097550961736,-0.07744062204341398
63.86,-0.2139902048073688,-0.13926435175366086,-0.07472585305370794
63.870000000000005,-0.15737082664818464,-0.08558751471032074,-0.0717833119378639
63.88,-0.10039982428975366,-0.031437937350351504,-0.06896188693940217
63.89,-0.04428302995700849,0.021779382476520504,-0.06606241243352899
63.9,0.009320945083469295,0.07274868156274769,-0.0634277364792784
63.910000000000004,0.0596536539179649,0.1202743422176225,-0.060620688299657596
63.92,0.10592204189213242,0.16330627722349556,-0.05738423533136314
63.93,0.1464688205004529,0.20095913372155955,-0.054490313221106645
63.940000000000005,0.18151988920247164,0.23252492425238275,-0.05100503504991111
63.95,0.21080869082568973,0.2574789660005889,-0.04667027517489916
63.96,0.23303600787329568,0.2754792799126844,-0.04244327203938872
63.97,0.2491160442931723,0.28635985837182176,-0.03724381407864946
63.980000000000004,0.25923786051932673,0.2901184428654439,-0.03088058234611718
63.99,0.2625886299957063,0.28689965210987467,-0.024311022114168357
64.0,0.26037212169236984,0.27697445853279806,-0.016602336840428222
64.01,0.2530342000734142,0.2607171209113427,-0.007682920837928486
64.02,0.24016016332339574,0.23858073952709327,0.0015794237963024649
64.03,0.22288438759397936,0.21107260593294833,0.011811781661031029
64.04,0.20168188865559084,0.17873047316847185,0.022951415487118987
64.05,0.17632747057991735,0.14210077711889504,0.034226693461022306
64.06,0.14767420902239883,0.10171970090417229,0.045954508118226545
64.07000000000001,0.11606877353826348,0.058097798777113546,0.05797097476114993
64.08,0.08127982153555041,0.011708692591560677,0.06957112894398973
64.09,0.04385354052738471,-0.03701786781716027,0.08087140834454498
64.1,0.003979151105645784,-0.08769851862726558,0.09167766973291136
64.11,-0.038652138952774334,-0.1399945356296272,0.10134239667685285
64.12,-0.08367526907303913,-0.19360620657294433,0.1099309374999052
64.13,-0.1309640582198629,-0.24826389266344362,0.11729983444358072
64.14,-0.18080893973412235,-0.3037165097673988,0.12290757003327643
64.15,-0.23283753805837998,-0.3597182819038253,0.12688074384544534
64.16,-0.28683211603691355,-0.4160146983804385,0.12918258234352492
64.17,-0.3428437868515963,-0.47232863826066673,0.12948485140907046
64.18,-0.4003459456377353,-0.5283476107318923,0.128001665094157
64.19,-0.4589069229318114,-0.5837129985163261,0.12480607558451468
64.2,-0.5180991459301141,-0.6380120869589213,0.11991294102880723
64.21000000000001,-0.577215144980627,-0.6907735190034929,0.11355837402286595
64.22,-0.6355990361241391,-0.7414666427724264,0.1058676066482872
64.23,-0.6922114888133798,-0.7895050221028347,0.09729353328945489
64.24,-0.7462821014344121,-0.8342541703527176,0.08797206891830556
64.25,-0.7970634695073663,-0.8750433538303596,0.0779798843229933
64.26,-0.8429662841528412,-0.9111811032004756,0.06821481904763438
64.27,-0.8833822150538727,-0.9419738787460425,0.05859166369216984
64.28,-0.9177138461243423,-0.9667471672386638,0.04903332111432157
64.29,-0.9440917011225882,-0.9848681520852822,0.040776450962694
64.3,-0.9623181236694363,-0.9957690006016386,0.03345087693220239
64.31,-0.9722080763500833,-0.9989697572049181,0.02676168085483477
64.32000000000001,-0.9720189148224828,-0.9940998215870137,0.022080906764530894
64.33,-0.96213858231694,-0.9809170270656553,0.01877844474871526
64.34,-0.9429703240421211,-0.9593234148126607,0.01635309077053959
64.35,-0.9133128541685158,-0.9293769210626179,0.016064066894102114
64.36,-0.8741662163711081,-0.8912983514470649,0.01713213507595679
64.37,-0.8265282374547611,-0.8454732024554236,0.01894496500066245
64.38,-0.7700214001876711,-0.7924480966204012,0.022426696432730098
64.39,-0.7061111543567106,-0.7329218163983197,0.02681066204160909
64.4,-0.6362030928120507,-0.6677311424074058,0.031528049595355156
64.41,-0.5607971971148322,-0.5978319151667095,0.0370347180518773
64.42,-0.4815388541064363,-0.5242759365524923,0.04273708244605595
64.43,-0.3999101300458388,-0.44818449940405886,0.04827436935822005
64.44,-0.31709660198431133,-0.37071947371575836,0.05362287173144703
64.45,-0.23458131134389193,-0.29305297971016664,0.05847166836627471
64.46000000000001,-0.1535520450995627,-0.21633673752697036,0.06278469242740767
64.47,-0.07551112047555888,-0.14167219784893673,0.06616107737337784
64.48,-0.0014817801889541807,-0.07008252701860439,0.0686007468296502
64.49,0.06792958383925315,-0.0024874455156411513,0.0704170293548943
64.5,0.13132176233014978,0.060318196630452944,0.07100356569969683
64.51,0.18829668683452336,0.11768137480979977,0.07061531202472358
64.52,0.23893771871824107,0.1691028224927878,0.06983489622545327
64.53,0.28227243941396984,0.21424359029125373,0.06802884912271612
64.54,0.3185169835523511,0.2529260943930885,0.06559088915926259
64.55,0.3483427920312112,0.2851297354416457,0.0632130565895655
64.56,0.37134443186496163,0.3109813817427251,0.06036305012223653
64.57000000000001,0.3881773121421099,0.3307412093799657,0.05743610276214417
64.58,0.39983347537600195,0.344784568246515,0.05504890712948696
64.59,0.4063982651212479,0.3535806900083052,0.05281757511294266
64.6,0.4086911966510001,0.3576691657563245,0.05102203089467561
64.61,0.4076942126048013,0.35763519327405335,0.05005901933074797
64.62,0.40374782719747465,0.3540846238384763,0.049663203358998376
64.63,0.3975532883498927,0.34761982548270676,0.04993346286718592
64.64,0.38981011924380404,0.33881732468122844,0.050992794562575605
64.65,0.3808292499254612,0.3282080942308574,0.052621155694603794
64.66,0.37099544828154546,0.316261226061733,0.054734222219812445
64.67,0.3606062247870133,0.30337156960474576,0.05723465518226756
64.68,0.3497299988708678,0.28985173609872833,0.05987826277213948
64.69,0.3383810958508128,0.2759286746238739,0.06245242122693889
64.7,0.3265198330978611,0.26174482498924934,0.06477500810861175
64.71000000000001,0.3139159259925948,0.24736365433119067,0.06655227166140415
64.72,0.3003136578919391,0.23277919664693883,0.06753446124500026
64.73,0.2855434436309807,0.21792904520511552,0.0676143984258652
64.74,0.2691943555900466,0.20271010369813908,0.06648425189190754
64.75,0.25095343561856265,0.18699628885963337,0.06395714675892927
64.76,0.23077288001965118,0.1706572994395069,0.060115580580144296
64.77,0.20829902988761823,0.15357752677405767,0.054721503113560555
64.78,0.18340753785891525,0.1356741819607155,0.04773335589819974
64.79,0.1563532853980264,0.11691375345980574,0.039439531938220654
64.8,0.12709430844120495,0.09732598481248138,0.029768323628723573
64.81,0.09588338350449904,0.07701467160410753,0.018868711900391508
64.82000000000001,0.06330143166708943,0.056164715006854694,0.007136716660234736
64.83,0.029777784189242856,0.03504503028374069,-0.005267246094497833
64.84,-0.003998563905087519,0.014007085756624457,-0.018005649661711975
64.85,-0.03727863265128588,-0.006520966402380517,-0.03075766624890536
64.86,-0.06917341933128432,-0.02604441919385552,-0.0431290001374288
64.87,-0.0986587164483555,-0.044016070653264405,-0.054642645795091094
64.88,-0.12510699933232622,-0.0598537185317037,-0.06525328080062251
64.89,-0.14736495288625345,-0.07296044683390542,-0.07440450605234804
64.9,-0.16431374204860075,-0.08274694006404795,-0.0815668019845528
64.91,-0.1757621979995016,-0.08865497014335227,-0.08710722785614933
64.92,-0.18061563054378213,-0.09018114366947094,-0.09043448687431119
64.93,-0.1779751452247441,-0.08689997541384671,-0.0910751698108974
64.94,-0.16830224953452563,-0.07848536821555768,-0.08981688131896795
64.95,-0.15090682767496996,-0.06472962884229386,-0.0861771988326761
64.96000000000001,-0.1254075544454332,-0.04555923172730195,-0.07984832271813125
64.97,-0.09294006627603021,-0.02104665431040561,-0.0718934119656246
64.98,-0.05347187106190074,0.008582255493262282,-0.06205412655516302
64.99,-0.007330654710176934,0.04294576276758015,-0.05027641747775709
65.0,0.04387994399451724,0.08150879306871478,-0.03762884907419754
65.01,0.09946185928376364,0.12359057972001905,-0.024128720436255413
65.02,0.15835471803816653,0.1683772688279811,-0.010022550789814566
65.03,0.21887613664759178,0.21493916772188876,0.003936968925703027
65.04,0.2797342518049129,0.2622521621165743,0.017482089688338587
65.05,0.3392965905584327,0.30922268418994875,0.03007390636848395
65.06,0.3962659433582917,0.3547154927054262,0.0415504506528655
65.07000000000001,0.4490665385305383,0.39758343114146283,0.051483107389075466
65.08,0.49580587988469593,0.436698263349699,0.05910761653499691
65.09,0.5359727661031892,0.47098165029991507,0.06499111580327416
65.1,0.5681013830491448,0.4994353266258626,0.06866605642328222
65.11,0.5904302842131612,0.5211695615107133,0.06926072270244799
65.12,0.6034489970634243,0.5354290434586723,0.06801995360475199
65.13,0.6061674260142793,0.5416154102608468,0.0645520157534325
65.14,0.59733288006213,0.5393057507279683,0.058027129334161764
65.15,0.5783942719387487,0.5282665296036676,0.050127742335081105
65.16,0.5490748002626878,0.5084625270507961,0.04061227321189176
65.17,0.5089066961232401,0.4800605344409273,0.028846161682312854
65.18,0.4600045753437524,0.44342770393053726,0.016576871413215122
65.19,0.40285493447212206,0.3991246055400307,0.0037303289320913535
65.2,0.33788714613630955,0.34789319739563246,-0.010006051259322912
65.21000000000001,0.26741024673186886,0.2906400579945148,-0.02322981126264595
65.22,0.1925319525294613,0.22841535979529817,-0.035883407265836886
65.23,0.11450414828637502,0.16238817764646837,-0.04788402936009335
65.24,0.035303611153770446,0.0938188206918665,-0.05851520953809606
65.25,-0.04362756060178248,0.02402895025542982,-0.0676565108572123
65.26,-0.12045658458896744,-0.04562970267332498,-0.07482688191564246
65.27,-0.19398711353651105,-0.11380717913359686,-0.08017993440291418
65.28,-0.262792438120609,-0.17918684786502964,-0.08360559025557934
65.29,-0.32481169598050524,-0.24051584883481708,-0.08429584714568816
65.3,-0.37988953074742215,-0.2966336394971832,-0.08325589125023897
65.31,-0.42693581872836106,-0.34649791990917184,-0.08043789881918922
65.32000000000001,-0.4640481065143435,-0.38920729219806255,-0.07484081431628092
65.33,-0.4921276353358165,-0.4240201048752038,-0.06810753046061269
65.34,-0.5106367485867337,-0.45036904033031916,-0.06026770825641453
65.35,-0.5181697800854551,-0.4678711215198683,-0.050298658565586796
65.36,-0.5164608268037119,-0.4763329382493999,-0.040127888554311986
65.37,-0.5055909906808789,-0.4757510213488468,-0.02983996933203209
65.38,-0.4848725404939108,-0.46630742126355657,-0.018565119230354254
65.39,-0.4564723621599931,-0.448360673012608,-0.008111689147385082
65.4,-0.4210028058407384,-0.42243244910254546,0.0014296432618070565
65.41,-0.3785548881045741,-0.3891903130045197,0.010635424899945567
65.42,-0.3312535693792983,-0.3494270855984208,0.0181735162191225
65.43,-0.2800343289608319,-0.30403742320856064,0.02400309424772873
65.44,-0.22565837020135973,-0.25399227644575106,0.028333906244391333
65.45,-0.1697737341114671,-0.20031195230238935,0.030538218190922256
65.46000000000001,-0.11337018932378282,-0.14403853645282308,0.030668347129040263
65.47,-0.057628211290197254,-0.08620844751308435,0.028580236222887093
65.48,-0.003423992208009631,-0.02782588955159042,0.024401897343580788
65.49,0.04845683196178839,0.030162056703633686,0.018294775258154705
65.5,0.09674893961619664,0.08688800940301074,0.009860930213185903
65.51,0.14143864615559196,0.14158389841128244,-0.00014525225569048117
65.52,0.1821268308456682,0.19359706902687496,-0.011470238181206766
65.53,0.21780088710958856,0.24240242934402714,-0.024601542234438584
65.54,0.24918179424737688,0.2876103070807265,-0.03842851283334961
65.55,0.27631825224747775,0.3289698059564997,-0.05265155370902197
65.56,0.2987047889949722,0.36636758406604564,-0.06766279507107342
65.57000000000001,0.3174898966957159,0.39982211371266346,-0.08233221701694754
65.58,0.33309664688263696,0.4294736201156263,-0.09637697323298933
65.59,0.34562504469359806,0.45557003137072327,-0.10994498667712521
65.6,0.3562495340158139,0.4784494000111257,-0.1221998659953118
65.61,0.3655809555496155,0.4985193734912181,-0.1329384179416026
65.62,0.3742281877455447,0.5162343930412239,-0.14200620529567914
65.63,0.3830068295322808,0.5320713840213114,-0.14906455448903055
65.64,0.39247639278318086,0.546504762938993,-0.1540283701558121
65.65,0.4034520182581795,0.5599816239992511,-0.1565296057410716
65.66,0.4161549362132423,0.5728979793846087,-0.15674304317136645
65.67,0.43086242252695084,0.5855769111035269,-0.1547144885765761
65.68,0.44816871529187674,0.5982494477167757,-0.15008073242489894
65.69,0.4676793210908873,0.6110389069577822,-0.1433595858668949
65.7,0.4892330465705559,0.6239493465334351,-0.13471629996287926
65.71000000000001,0.5128023117202752,0.636858642483926,-0.12405633076365075
65.72,0.5375556269084734,0.6495165705521476,-0.11196094364367426
65.73,0.5628784352466568,0.6615481050612881,-0.09866966981463132
65.74,0.5878806131389703,0.6724619765617702,-0.08458136342279987
65.75,0.6116276426248315,0.681664349337197,-0.0700367067123655
65.76,0.6332001345819961,0.6884772985604923,-0.055277163978496247
65.77,0.6508630649685008,0.6921615905456205,-0.04129852557711977
65.78,0.6639800575459717,0.6919431042978792,-0.027963046751907528
65.79,0.6716111470278247,0.6870420844338402,-0.015430937406015532
65.8,0.6714811489152122,0.6767042901656332,-0.005223141250421004
65.81,0.6636087319647914,0.6602330074903711,0.0033757244744203607
65.82000000000001,0.6473777305591706,0.6370208262798895,0.010356904279281043
65.83,0.6205073751509138,0.6065800539493709,0.013927321201542942
65.84,0.5838768404498058,0.5685706449970344,0.015306195452771454
65.85,0.5374924529162632,0.5228245719120119,0.014667881004251315
65.86,0.4796972373381426,0.46936564738677927,0.010331589951363351
65.87,0.4122111548777727,0.408423928735894,0.003787226141878708
65.88,0.33581029393498396,0.34044398987104496,-0.004633695936061
65.89,0.25000637870441844,0.2660865298013209,-0.016080151096902473
65.9,0.15709759953473268,0.18622299395069541,-0.029125394415962735
65.91,0.05855456327030946,0.10192310915280414,-0.04336854588249468
65.92,-0.04465438345389236,0.014435467746923229,-0.059089851200815585
65.93,-0.15011068528697816,-0.07483846704269283,-0.07527221824428533
65.94,-0.25595559680174146,-0.16437633139764088,-0.09157926540410058
65.95,-0.3598450258271227,-0.25257198694227284,-0.10727303888484985
65.96000000000001,-0.4597887569092179,-0.3377767875183521,-0.12201196939086578
65.97,-0.5540128919990286,-0.4183438056321429,-0.13566908636688568
65.98,-0.6392587175361123,-0.49267370686679046,-0.14658501066932184
65.99,-0.7144671682035026,-0.5592608706205033,-0.1552062975829993
66.0,-0.7784633484445909,-0.6167383102952491,-0.1617250381493418
66.01,-0.8278149792788466,-0.6639199480317529,-0.1638950312470937
66.02,-0.8627172588126194,-0.6998388491786414,-0.16287840963397804
66.03,-0.8829969949586405,-0.7237801191517615,-0.15921687580687893
66.04,-0.8858800042522172,-0.7353073077764815,-0.1505726964757358
66.05,-0.8728646466874593,-0.7342813495980799,-0.13858329708937944
66.06,-0.8449370087174569,-0.7208712874911967,-0.12406572122626025
66.07000000000001,-0.8006768267903425,-0.6955562743802443,-0.10512055241009821
66.08,-0.7426323163032569,-0.6591186160867266,-0.08351370021653026
66.09,-0.6727908712086038,-0.6126278985067063,-0.06016297270189752
66.1,-0.5914487163350348,-0.5574165252234818,-0.03403219111155298
66.11,-0.5016970140798368,-0.4950472678007879,-0.006649746279048907
66.12,-0.40607131005872044,-0.4272736910300457,0.021202380971325263
66.13,-0.306505247052693,-0.3559945504273588,0.04948930337466578
66.14,-0.20598712810026218,-0.28320346117303896,0.07721633307277678
66.15,-0.10696376959338949,-0.21093529940639089,0.1039715298130014
66.16,-0.012500821276678387,-0.14121091260283317,0.12871009132615477
66.17,0.07514877828093997,-0.07598178147439628,0.15113055975533624
66.18,0.1542738700862219,-0.0170762889435585,0.1713501590297804
66.19,0.22147195174923556,0.033850788473986704,0.18762116327524886
66.2,0.2756940250013297,0.07536404397869595,0.20032998102263377
66.21000000000001,0.31643602518485064,0.10628707736098439,0.21014894782386626
66.22,0.34082497436130876,0.12573481083954924,0.21509016352175953
66.23,0.34921025622465285,0.13313751443724212,0.21607274178741073
66.24,0.3424499503572154,0.12825582785313044,0.21419412250408498
66.25,0.3189021669224179,0.11118634489300579,0.20771582202941213
66.26,0.2801932209434793,0.08235761908247745,0.19783560186100185
66.27,0.22833031881049884,0.04251674540580891,0.18581357340468993
66.28,0.1632552024105248,-0.007293036613814386,0.1705482390243392
66.29,0.0874701456659775,-0.06576299861556834,0.15323314428154583
66.3,0.003605780587958761,-0.13135686795057247,0.13496264853853124
66.31,-0.0868887497066445,-0.2023548738084647,0.11546612410182021
66.32000000000001,-0.1812121920585794,-0.2769025299846626,0.09569033792608317
66.33,-0.27680170277811117,-0.3530626569221403,0.07626095414402911
66.34,-0.3711612640776082,-0.42886906245233986,0.05770779837473167
66.35,-0.4618012127240997,-0.5023802689535124,0.04057905622941271
66.36,-0.5468883034720037,-0.571731694955094,0.024843391483090338
66.37,-0.6235741849651697,-0.6351847702866429,0.011610585321473188
66.38,-0.690181079609966,-0.6911715827320867,0.0009905031221206784
66.39,-0.7460540409048032,-0.7383338162475129,-0.0077202246572902755
66.4,-0.7887145332160735,-0.7755549401620349,-0.013159593054038687
66.41,-0.8175777612119178,-0.8019848382440656,-0.015592922967852196
66.42,-0.833285226135437,-0.8170563179899724,-0.016228908145464627
66.43,-0.8342796424971402,-0.8204932052539434,-0.013786437243196725
66.44,-0.8210827837100335,-0.8123099983396854,-0.00877278537034809
66.45,-0.7954026430497688,-0.7928033198651759,-0.0025993231845928833
66.46000000000001,-0.756851662940812,-0.7625356553515974,0.005683992410785432
66.47,-0.7068251800122978,-0.7223120964484652,0.015486916436167397
66.48,-0.6476037411240778,-0.6731510067462219,0.025547265622144044
66.49,-0.5798828138222809,-0.6162496931264646,0.0363668793041837
66.5,-0.5055319072807577,-0.5529462907598657,0.04741438347910798
66.51,-0.4268020746645307,-0.4846791518495584,0.057877077185027714
66.52,-0.3451183431152306,-0.41294506525754465,0.06782672214231406
66.53,-0.26237318186298186,-0.33925762606042026,0.0768844441974384
66.54,-0.18025446831907238,-0.26510702224602256,0.08485255392695018
66.55,-0.10043491621304186,-0.19192241306571647,0.09148749685267461
66.56,-0.024443345905365527,-0.12103794424406036,0.09659459833869484
66.57000000000001,0.04691899010176041,-0.05366328475415695,0.10058227485591736
66.58,0.11218369796209175,0.00914061539603045,0.1030430825660613
66.59,0.1704202584075944,0.06648004981333698,0.10394020859425741
66.6,0.22176125757553317,0.11764107917081186,0.1041201784047213
66.61,0.26523834195730894,0.1620959849867326,0.10314235697057633
66.62,0.30056479465684194,0.19950379497129278,0.10106099968554916
66.63,0.32860238761847926,0.22970521813376382,0.09889716948471544
66.64,0.3489642087292123,0.25271250534487066,0.09625170338434164
66.65,0.36188263854641556,0.2686949032661143,0.09318773528030128
66.66,0.36859114015631367,0.2779604917047051,0.09063064845160856
66.67,0.3691721426392296,0.28093528294727155,0.08823685969195805
66.68,0.36414724015381783,0.27814051419549585,0.08600672595832198
66.69,0.3547457447552241,0.27016907996973394,0.08457666478549014
66.7,0.3412964923178878,0.2576620307380405,0.08363446157984727
66.71000000000001,0.3243637488056362,0.24128600888063562,0.08307773992500056
66.72,0.3049001697435997,0.22171240647474136,0.08318776326885832
66.73,0.2832552143759607,0.19959891545869773,0.08365629891726295
66.74,0.2598563785300823,0.17557400462824324,0.08428237390183907
66.75,0.23527888883784917,0.15022470549353942,0.08505418334430975
66.76,0.20975550316644567,0.12408792665731819,0.08566757650912749
66.77,0.18351795708752688,0.09764535070544203,0.08587260638208485
66.78,0.15683102816235248,0.07132180529156347,0.085509222870789
66.79,0.1298041469542421,0.045486847575628535,0.08431729937861357
66.8,0.10254207889310626,0.020459164399102486,0.08208291449400378
66.81,0.07516554497053388,-0.0034867251849052612,0.07865227015543914
66.82000000000001,0.047765983426047376,-0.026112068776643002,0.07387805220269038
66.83,0.020477969415649572,-0.04720444626885628,0.06768241568450585
66.84,-0.006557509867080121,-0.06656799834715002,0.0600104884800699
66.85,-0.0331177160393292,-0.08401401278148452,0.05089629674215532
66.86,-0.05886665488694723,-0.09935253073926975,0.04048587585232252
66.87,-0.0835730161244065,-0.11238557268248842,0.028812556558081917
66.88,-0.10677678245438249,-0.12290249353578901,0.01612571108140652
66.89,-0.12783603655444994,-0.13067786357109915,0.002841827016649201
66.9,-0.1464983767904084,-0.13547213962168245,-0.011026237168725944
66.91,-0.16207374541101405,-0.13703524634023637,-0.02503849907077768
66.92,-0.17363945327100114,-0.13511303531750166,-0.03852641795349948
66.93,-0.18110901854808018,-0.12945643735462053,-0.05165258119345964
66.94,-0.18370576441326977,-0.1198329764736472,-0.06387278793962257
66.95,-0.18040106606123482,-0.10604017961268422,-0.0743608864485506
66.96000000000001,-0.17149760440561324,-0.08792029921603525,-0.08357730518957798
66.97,-0.15637613177265688,-0.06537567227234009,-0.0910004595003168
66.98,-0.1341934657615572,-0.03838397309183213,-0.09580949266972506
66.99,-0.10578974900323061,-0.007012581528868129,-0.09877716747436248
67.0,-0.07096452631212391,0.028568714445189523,-0.09953324075731343
67.01,-0.02938758548233486,0.06807743209404059,-0.09746501757637545
67.02,0.017587206579325013,0.11111120951151601,-0.093524002932191
67.03,0.06956444654835456,0.15714431448629146,-0.0875798679379369
67.04,0.12610353651004977,0.20552831411210318,-0.07942477760205341
67.05,0.1855743811013005,0.2554972250576223,-0.06992284395632178
67.06,0.2469751060428529,0.30617729811634786,-0.059202192073494975
67.07000000000001,0.309005360605892,0.35660141175567045,-0.04759605114977844
67.08,0.370173004276615,0.4057278646267735,-0.035554860350158535
67.09,0.4290556884309127,0.4524631735140436,-0.023407485083130897
67.1,0.4836327227909936,0.49568830823876053,-0.012055585447766914
67.11,0.5330291020061828,0.5342876356707835,-0.001258533664600714
67.12,0.5757473896308206,0.5671797078923971,0.008567681738423483
67.13,0.6094102000559856,0.5933489206511,0.016061279404885553
67.14,0.6341496869776225,0.6118769925435296,0.022272694434092966
67.15,0.6488015173213567,0.6219731767502863,0.02682834057107042
67.16,0.6511456248211862,0.6230021181267633,0.028143506694422893
67.17,0.6424761963683141,0.614508310134469,0.027967886233845052
67.18,0.6223066156299768,0.5962361880336678,0.026070427596308954
67.19,0.5891101258423235,0.5681450149733661,0.02096511086895736
67.2,0.5451773135506288,0.5304178726300045,0.014759440920624312
67.21000000000001,0.49086582597258416,0.4834642529798446,0.00740157299273958
67.22,0.42575114635388517,0.42791595651059616,-0.0021648101567109945
67.23,0.3526453821075596,0.3646162275081561,-0.011970845400596508
67.24,0.27267612260161084,0.2946022910197977,-0.021926168418186842
67.25,0.18667706694988126,0.21908169020757884,-0.03240462325769758
67.26,0.09731126722505234,0.13940304837351428,-0.04209178114846193
67.27,0.006173936690146053,0.05702208839041393,-0.05084815170026788
67.28,-0.08480190195025764,-0.026536074512908927,-0.058265827437348705
67.29,-0.1737816166414846,-0.1097172000424451,-0.06406441659903948
67.3,-0.25914495464483345,-0.19097947190364806,-0.06816548274118539
67.31,-0.33830656347451427,-0.2688349824647199,-0.06947158100979439
67.32000000000001,-0.410744254871543,-0.34188978626001515,-0.06885446861152783
67.33,-0.47525939237120884,-0.4088811840078598,-0.06637820836334907
67.34,-0.5292347983849455,-0.4687109761862601,-0.06052382219868535
67.35,-0.573594174051693,-0.5204735495947292,-0.05312062445696375
67.36,-0.6078705188729804,-0.5634778280030592,-0.04439269086992115
67.37,-0.6300350345574098,-0.5972623235181725,-0.03277271103923729
67.38,-0.6421880649119294,-0.6216027617267802,-0.020585303185149173
67.39,-0.6446694980857307,-0.6365120127360444,-0.0081574853496863
67.4,-0.6364756316680534,-0.6422323326694177,0.005756701001364273
67.41,-0.6202856022973938,-0.639220196037367,0.018934593739973193
67.42,-0.5970652555114757,-0.6281242684400731,0.031059012928597363
67.43,-0.5669537117424771,-0.609757321094197,0.042803609351719896
67.44,-0.5324647774476654,-0.5850631139966845,0.05259833654901913
67.45,-0.4948128450589591,-0.5550794642791602,0.0602666192202011
67.46000000000001,-0.4550508870972753,-0.5208988628007405,0.06584797570346518
67.47,-0.4148584822842049,-0.48362809912462706,0.06876961684042215
67.48,-0.3752869573838354,-0.4443483983528933,0.06906144096905792
67.49,-0.3377159376384495,-0.4040775604602985,0.06636162282184904
67.5,-0.3026929177210496,-0.3637355234819427,0.0610426057608931
67.51,-0.2707486035172307,-0.32411464803294987,0.05336604451571919
67.52,-0.2429208146308268,-0.2858558461495136,0.0429350315186868
67.53,-0.21870795013856636,-0.2494314583169812,0.03072350817841485
67.54,-0.1979619069690409,-0.21513552657133467,0.01717361960229377
67.55,-0.180883096248811,-0.18308182803571943,0.0021987317869084366
67.56,-0.16632725630160441,-0.15320973269058447,-0.013117523611019949
67.57000000000001,-0.15357353644457364,-0.12529764289124118,-0.02827589355333246
67.58,-0.14184460973517754,-0.09898347184236019,-0.042861137892817355
67.59,-0.12994040090686756,-0.07379133555597339,-0.05614906535089417
67.6,-0.11690466567835721,-0.04916337888640195,-0.06774128679195526
67.61,-0.10125638358957861,-0.02449544122987074,-0.07676094235970787
67.62,-0.08231089221474623,0.0008248997827570618,-0.08313579199750329
67.63,-0.05932618357076725,0.027379480686066607,-0.08670566425683386
67.64,-0.03071852459418149,0.05568152724939059,-0.08640005184357208
67.65,0.003313877344164072,0.08614006852429561,-0.08282619118013154
67.66,0.04290326017451044,0.11902833270561344,-0.07612507253110301
67.67,0.08901563281026939,0.15445753294867762,-0.06544190013840823
67.68,0.14052846299678232,0.19235725975133725,-0.05182879675455493
67.69,0.1967789455818905,0.23246345476353522,-0.03568450918164473
67.7,0.257534611188651,0.27431465758300966,-0.01678004639435865
67.71000000000001,0.3210520101414967,0.31725690259956424,0.003795107541932463
67.72,0.3859873319439009,0.36045730896107053,0.025530022982830358
67.73,0.45069143730401573,0.40292606584540164,0.04776537145861409
67.74,0.513358118815415,0.44354618044416727,0.06981193837124777
67.75,0.5723618449653537,0.4811100403246445,0.0912518046407092
67.76,0.624889907242374,0.5143615574800854,0.11052834976228865
67.77,0.6697148575319303,0.5420424196824438,0.12767243784948645
67.78,0.7054955120386381,0.5629407854776847,0.14255472656095347
67.79,0.7289334524523559,0.5759406301674137,0.15299282228494215
67.8,0.7399044160614191,0.580069887028542,0.1598345290328771
67.81,0.737897132857505,0.5745455339963871,0.16335159886111794
67.82000000000001,0.7200386570763154,0.5588138516288405,0.16122480544747497
67.83,0.6875464305027527,0.5325842212817433,0.15496220922100934
67.84,0.6410696652472411,0.49585503837016176,0.1452146268770793
67.85,0.5790282763288181,0.4489305772504103,0.13009769907840785
67.86,0.5038475742129915,0.3924279523470347,0.11141962186595683
67.87,0.41731831090565713,0.32727366355510923,0.0900446473505479
67.88,0.31970287534554565,0.2546895801496545,0.06501329519589116
67.89,0.21414989504475457,0.17616859297450294,0.03798130207025163
67.9,0.10319820303093401,0.09344053568380187,0.00975766734713214
67.91,-0.01099740193396157,0.008429328500348202,-0.019426730434309772
67.92,-0.12527704652486157,-0.07679738079709258,-0.04847966572776899
67.93,-0.2370233041099442,-0.16008452613196203,-0.07693877797798218
67.94,-0.3426691049062761,-0.23925010611725733,-0.10341899878901878
67.95,-0.43979434763327757,-0.3121479024726525,-0.12764644516062507
67.96000000000001,-0.5264541053282582,-0.37673040205668157,-0.14972370327157664
67.97,-0.5985479083303229,-0.43110986895542625,-0.16743803937489665
67.98,-0.6549859033022797,-0.473615563912312,-0.18137033938996766
67.99,-0.6950988088587935,-0.5028452299144099,-0.19225357894438355
68.0,-0.7152792484167382,-0.517709150433809,-0.19757009798292913
68.01,-0.7160434354208816,-0.5174653336687938,-0.1985781017520878
68.02,-0.6982622729819303,-0.5017446729718632,-0.19651760001006713
68.03,-0.6597043643752425,-0.4705652695066243,-0.18913909486861818
68.04,-0.6023860913807869,-0.4243354656730742,-0.17805062570771274
68.05,-0.5285550289505353,-0.36384551370562784,-0.16470951524490746
68.06,-0.437854154437858,-0.29024817941489395,-0.14760597502296408
68.07000000000001,-0.33334795540450873,-0.2050289427823558,-0.12831901262215292
68.08,-0.21811036142032647,-0.10996679214895604,-0.10814356927137043
68.09,-0.09365353888992603,-0.007086905325215672,-0.08656663356471035
68.1,0.036583915682923546,0.10139324106991474,-0.06480932538699119
68.11,0.16948020008481357,0.21312260157546914,-0.04364240149065557
68.12,0.3021300650153826,0.32567827033043695,-0.02354820531505436
68.13,0.4314418558660392,0.43662824512905496,-0.005186389263015734
68.14,0.5550278180221019,0.5435933295226212,0.0114344884994807
68.15,0.6693715865916104,0.6443063264833205,0.02506526010828991
68.16,0.7723209800340087,0.7366668100368488,0.03565416999715998
68.17,0.8627884261464347,0.8187899497533394,0.04399847639309529
68.18,0.9374964007410209,0.8890480988852352,0.04844830185578575
68.19,0.9955668643207071,0.9461041304801371,0.04946273384056998
68.2,1.0374165947518283,0.9889358060126701,0.04848078873915829
68.21000000000001,1.0606920115352416,1.0168507762749215,0.04384123526032013
68.22,1.0658136178402775,1.029492132484082,0.036321485356195504
68.23,1.0545127815486277,1.0268347350701374,0.02767804647849026
68.24,1.025721679046642,1.009172837331703,0.016548841714938867
68.25,0.9809048961896663,0.9770997811254892,0.0038051150641770226
68.26,0.9226092614201971,0.9314807634771429,-0.008871502056945868
68.27,0.8510461541960789,0.8734198497210404,-0.02237369552496149
68.28,0.7682890783624104,0.8042225357267213,-0.03593345736431086
68.29,0.6770576650106896,0.7253552362948794,-0.048297571284189766
68.3,0.5785344793952325,0.638403098405894,-0.05986861901066154
68.31,0.4749168974436146,0.5450275082850702,-0.07011061084145559
68.32000000000001,0.3684997144426372,0.44692458378933947,-0.07842486934670229
68.33,0.2609690794413753,0.3457858237572431,-0.08481674431586778
68.34,0.1542351338267148,0.24326193051238154,-0.08902679668566674
68.35000000000001,0.04976597416856028,0.14093063862693925,-0.09116466445837897
68.36,-0.05071513929850594,0.040269181061495095,-0.09098432036000104
68.37,-0.14583874739787095,-0.057368188002330275,-0.08847055939554067
68.38,-0.23509837768223618,-0.15076740685787013,-0.08433097082436605
68.39,-0.3170733145042074,-0.23886655433746676,-0.07820676016674064
68.4,-0.39100432759591147,-0.32076271889116115,-0.07024160870475032
68.41,-0.4572336269021964,-0.39571414151047424,-0.06151948539172214
68.42,-0.5147985999259796,-0.4631381234065363,-0.05166047651944333
68.43,-0.5634652413352429,-0.5226052953598582,-0.04085994597538467
68.44,-0.6041520669509578,-0.5738309172579098,-0.030321149693048
68.45,-0.6363413402997228,-0.6166639128499589,-0.019677427449763862
68.46000000000001,-0.6601512727902221,-0.6510743471196581,-0.009076925670564062
68.47,-0.6767613058416225,-0.6771400243534993,0.0003787185118767633
68.48,-0.6859824467268334,-0.6950328277422017,0.009050381015368258
68.49,-0.6881006482957829,-0.7050053410579225,0.016904692762139573
68.5,-0.6842978570261106,-0.7073781952818173,0.023080338255706767
68.51,-0.6745753007542835,-0.7025284741997148,0.027953173445431245
68.52,-0.659251047811038,-0.6908793993110366,0.03162835149999854
68.53,-0.6393606963465494,-0.672891402149013,0.033530705802463645
68.54,-0.6149959558072682,-0.649054587097493,0.034058631290224795
68.55,-0.5864476477910393,-0.619882495117347,0.03343484732630775
68.56,-0.5545633240868121,-0.5859070026398598,0.03134367855304776
68.57000000000001,-0.5194869299125566,-0.5476741333178318,0.02818720340527514
68.58,-0.481490804989864,-0.5057405252018301,0.024249720211966086
68.59,-0.441257537903105,-0.4606702828165998,0.01941274491349476
68.60000000000001,-0.3989916525188215,-0.41303195188739644,0.014040299368574927
68.61,-0.3549908013181772,-0.3633953822726225,0.008404580954445351
68.62,-0.3098064012958872,-0.3123282891279867,0.002521887832099501
68.63,-0.2637230044148941,-0.26039237974156454,-0.003330624673329563
68.64,-0.2171027094261618,-0.20813897950157936,-0.008963729924582442
68.65,-0.17037215178058862,-0.15610416038643268,-0.014267991394155938
68.66,-0.1238934876156713,-0.10480344439901222,-0.01909004321665908
68.67,-0.07809970823231649,-0.05472621787526476,-0.023373490357051732
68.68,-0.03326461278929817,-0.006330046377408411,-0.02693456641188976
68.69,0.010209159173637693,0.03996487961326962,-0.029755720439631924
68.7,0.051849436614537024,0.08378091346290305,-0.031931476848366024
68.71000000000001,0.09157633010199308,0.12478747403586539,-0.03321114393387231
68.72,0.12900662588763243,0.1627046701497325,-0.033698044262100074
68.73,0.16368213995537073,0.19730580710634651,-0.03362366715097578
68.74,0.19573800024777158,0.22841860023130953,-0.03268059998353795
68.75,0.2248657322774238,0.25592497978394596,-0.03105924750652217
68.76,0.2506676345271541,0.2797594414114089,-0.02909180688425478
68.77,0.273471866206706,0.29990597246559186,-0.02643410625888587
68.78,0.29306968362094993,0.3163936624936202,-0.023323978872670292
68.79,0.30914004618975655,0.3292911813760437,-0.02015113518628714
68.8,0.32214036347751185,0.3387003763157322,-0.01656001283822034
68.81,0.33194778571780065,0.34474929489737455,-0.0128015091795739
68.82000000000001,0.3382982388335025,0.34758498203573973,-0.009286743202237213
68.83,0.3416987853005458,0.34736642088961744,-0.005667635589071629
68.84,0.3420742305674906,0.34425798977789485,-0.002183759210404257
68.85000000000001,0.3391792074738316,0.3384237879227235,0.0007554195511081385
68.86,0.3335115169493104,0.3300231427489494,0.003488374200361022
68.87,0.32501106934482304,0.3192075519451022,0.005803517399720848
68.88,0.31342764604629814,0.30611923711389794,0.007308408932400201
68.89,0.29923732029122513,0.29089139619220744,0.008345924099017688
68.9,0.2823972390533868,0.2736501433275023,0.008747095725884502
68.91,0.26267640171523726,0.25451802261598094,0.008158379099256319
68.92,0.24056105737902975,0.23361888147385504,0.006942175905174708
68.93,0.21607251229495683,0.21108379597070318,0.004988716324253656
68.94,0.1890843541783917,0.18705765956522416,0.00202669461316754
68.95,0.16013614601497428,0.16170598324808844,-0.0015698372331141575
68.96000000000001,0.12938688570281862,0.1352214132821187,-0.005834527579300086
68.97,0.09694301442108104,0.10782945573786211,-0.01088644131678107
68.98,0.06340162721970813,0.07979290689367431,-0.016391279673966183
68.99,0.029117859105723554,0.051414526044321195,-0.02229666693859764
69.0,-0.005448024509147475,0.023037551702714067,-0.02848557621186154
69.01,-0.039717128207645336,-0.0049562484430757045,-0.03476087976456963
69.02,-0.07314189897381836,-0.03215119250394825,-0.0409907064698701
69.03,-0.1048609914654726,-0.058105035029595756,-0.04675595643587685
69.04,-0.13447488471516014,-0.0823589846938267,-0.05211590002133344
69.05,-0.16133792033444624,-0.10445017602817021,-0.056887744306276036
69.06,-0.18427024498834105,-0.12392623968508329,-0.06034400530325776
69.07000000000001,-0.20325504456997606,-0.140361482104228,-0.06289356246574807
69.08,-0.2177243597204062,-0.15337406766491635,-0.06435029205548987
69.09,-0.22641016154868826,-0.1626435008489234,-0.06376666069976486
69.10000000000001,-0.2298405009388823,-0.16792763821334528,-0.06191286272553703
69.11,-0.22773178079304807,-0.16907842458360842,-0.05865335620943965
69.12,-0.21906812244202742,-0.16605554797373162,-0.0530125744682958
69.13,-0.2049502945667481,-0.15893724493744235,-0.04601304962930575
69.14,-0.18553914051962372,-0.14792756230155105,-0.03761157821807268
69.15,-0.16042974242467253,-0.13335949077456383,-0.027070251650108706
69.16,-0.1311274298351468,-0.11569352732198099,-0.015433902513165815
69.17,-0.09827589017581904,-0.09551139144706439,-0.002764498728754658
69.18,-0.06233715398465156,-0.07350480921628735,0.011167655231635792
69.19,-0.02486190789136983,-0.05045948048979196,0.025597572598422127
69.2,0.013146853769405636,-0.027234550999170618,0.040381404768576254
69.21000000000001,0.05031814308246639,-0.004738112824353929,0.05505625590682032
69.22,0.08552183486294677,0.01610055446517985,0.06942128039776693
69.23,0.11766443712963275,0.034361122839857365,0.08330331428977539
69.24,0.14469613983942292,0.049163718679751736,0.09553242115967119
69.25,0.16633500805165183,0.05970067257930749,0.10663433547234434
69.26,0.18172754872130853,0.06526734066036302,0.11646020806094551
69.27,0.18864889834066503,0.06529080929654268,0.12335808904412235
69.28,0.18786954145051768,0.05935533026093678,0.1285142111895809
69.29,0.1790635970085792,0.04722341613000283,0.13184018087857638
69.3,0.16050422175681409,0.028851654208475887,0.1316525675483382
69.31,0.1338743564738511,0.004400467196328158,0.12947388927752293
69.32000000000001,0.09955522754003093,-0.025762745634797305,0.12531797317482823
69.33,0.05686648931207039,-0.061067419413402074,0.11793390872547246
69.34,0.008022620714822848,-0.10075066673652815,0.108773287451351
69.35000000000001,-0.04593165220344084,-0.1438749708077003,0.09794331860425945
69.36,-0.10435925178745338,-0.18935228581382887,0.0849930340263755
69.37,-0.16506950721041622,-0.2359738526500021,0.07090434543958588
69.38,-0.22661701985968397,-0.28244481104087316,0.05582779118118919
69.39,-0.2871510888067265,-0.32742249355089637,0.04027140474416985
69.4,-0.3450822204336306,-0.3695571312602858,0.02447491082665515
69.41,-0.3989747706181215,-0.40753359181322996,0.00855882119510848
69.42,-0.4462214399113465,-0.4401127130852942,-0.006108726826052291
69.43,-0.48626833068177583,-0.4661707927660453,-0.020097537915730546
69.44,-0.5181204543457223,-0.4847358463984593,-0.033384607947263
69.45,-0.5390887093831916,-0.4950193522866812,-0.04406935709651044
69.46000000000001,-0.5498207508775658,-0.4964423573937785,-0.053378393483787256
69.47,-0.5500737756351264,-0.48865501804640993,-0.061418757588716455
69.48,-0.5377648508211246,-0.4715488852503063,-0.06621596557081827
69.49,-0.5145943335768935,-0.445261507478411,-0.06933282609848257
69.5,-0.48116036385730687,-0.4101732035534247,-0.07098716030388219
69.51,-0.4364825748904942,-0.36689614362054485,-0.06958643126994934
69.52,-0.38289720133691924,-0.31625615584995975,-0.06664104548695948
69.53,-0.32167955479784593,-0.25926793929622866,-0.06241161550161728
69.54,-0.2531200017065158,-0.19710459883261694,-0.056015402873898834
69.55,-0.17962973622082967,-0.13106261695693766,-0.04856711926389201
69.56,-0.10279981477329633,-0.06252353173240655,-0.04027628304088979
69.57000000000001,-0.02400564007849249,0.007086305772454672,-0.03109194585094716
69.58,0.054811116679198274,0.07633647130788519,-0.02152535462868692
69.59,0.13218293419563024,0.14383228725655628,-0.011649353060926043
69.60000000000001,0.2061008215004264,0.20825236625194257,-0.00215154475151616
69.61,0.2754742119692144,0.2683826356435982,0.007091576325616189
69.62,0.3393346954590979,0.3231457600801736,0.016188935378924296
69.63,0.39559224565185197,0.3716250796539731,0.023967165997878848
69.64,0.44413769942087805,0.41308241249745303,0.03105528692342502
69.65,0.48470071172450774,0.44696932353471536,0.03773138818979238
69.66,0.5155847734936163,0.47293172455350385,0.04265304894011246
69.67,0.5375340306478159,0.4908079338129477,0.046726096834868225
69.68,0.5509528616586417,0.5006205751053598,0.05033228655328181
69.69,0.5548043590069773,0.5025629262094439,0.05224143279753346
69.7,0.5503694421441869,0.4969805257062485,0.053388916437938416
69.71000000000001,0.5385156121141967,0.48434900730626335,0.054166604807933394
69.72,0.5188821595148343,0.46524924604222173,0.053632913472612564
69.73,0.49290013105929475,0.4403409668120224,0.05255916424727236
69.74,0.4615962674980586,0.41033598087427975,0.05126028662377885
69.75,0.42510622124246517,0.375972180305953,0.04913404093651219
69.76,0.3846789156190318,0.33798933663162556,0.04668957898740622
69.77,0.34122179689609566,0.29710762240664934,0.04411417448944632
69.78,0.2951066885594517,0.2540096099171111,0.041097078642340634
69.79,0.2472123758169326,0.2093263073409112,0.037886068476021384
69.8,0.19816667341299113,0.16362757887985846,0.03453909453313267
69.81,0.14836359143320454,0.11741707148137968,0.03094651995182486
69.82000000000001,0.09829722889893057,0.07113154710653789,0.027165681792392676
69.83,0.048307561014769906,0.02514430622321364,0.023163254791556266
69.84,-0.0012721606205172596,-0.020227805117875298,0.018955644497358037
69.85000000000001,-0.05020834381265088,-0.06471447706233738,0.014506133249686498
69.86,-0.09833860114865679,-0.10807990810396588,0.009741306955309087
69.87,-0.14533049562266095,-0.15010955698823458,0.004779061365573628
69.88,-0.19102796427306584,-0.1905966068102354,-0.00043135746283043397
69.89,-0.2352993484194028,-0.22932907050541373,-0.005970277913989075
69.9,-0.2776702785090766,-0.2660784179898237,-0.011591860519252928
69.91,-0.31791259055458826,-0.3005905132588563,-0.017322077295731986
69.92,-0.3558331789912862,-0.33257951943571845,-0.02325365955556774
69.93,-0.3906909230907907,-0.3617252674337679,-0.02896565565702275
69.94,-0.4221387810489251,-0.38767439734777764,-0.03446438370114746
69.95,-0.44994387538629,-0.41004537977390093,-0.03989849561238906
69.96000000000001,-0.4730854505975114,-0.4284373164948718,-0.04464813410263957
69.97,-0.4911760230014773,-0.44244221610402484,-0.048733806897452436
69.98,-0.5040785744597198,-0.45166024971630425,-0.05241832474341557
69.99,-0.5106357573159958,-0.45571732382344576,-0.05491843349254999
70.0,-0.5105923300124301,-0.45428416945200245,-0.056308160560427645
70.01,-0.5040966863886439,-0.44709604554607185,-0.05700064084257206
70.02,-0.4901264898651697,-0.4339720947154495,-0.056154395149720204
70.03,-0.4687547743514755,-0.4148333740736236,-0.053921400277851916
70.04,-0.44056388292536874,-0.3897186137381702,-0.05084526918719856
70.05,-0.40497698108686797,-0.35879682953483205,-0.04618015155203592
70.06,-0.3625312997623433,-0.32237603140619503,-0.040155268356148244
70.07000000000001,-0.31426190501890006,-0.28090742000686686,-0.0333544850120332
70.08,-0.26027018061249513,-0.2349846443877595,-0.025285536224735616
70.09,-0.20156852526176294,-0.18533789563739372,-0.01623062962436922
70.10000000000001,-0.13949104333379125,-0.13282282600535497,-0.006668217328436282
70.11,-0.07487551255034769,-0.07840450096888342,0.0035289884185357306
70.12,-0.009073227720339125,-0.023136803364423853,0.014063575644084728
70.13,0.05658349855039209,0.03186209517788039,0.024721403372511698
70.14,0.12067436621967595,0.08543740826316543,0.03523695795651052
70.15,0.18176393720560702,0.13642762662087224,0.04533631058473478
70.16,0.23888175654976265,0.18369559761342164,0.05518615893634102
70.17,0.2903530487163686,0.2261597016653931,0.06419334705097549
70.18,0.3349611434492927,0.262824019228615,0.0721371242206777
70.19,0.3723973668681335,0.2928064116257952,0.07959095524233833
70.2,0.4011346904152874,0.3153635129206742,0.08577117749461316
70.21000000000001,0.4204382008514087,0.3299117446070455,0.09052645624436323
70.22,0.43079467063172516,0.33604361540176847,0.0947510552299567
70.23,0.4311760548989681,0.33353874825577096,0.09763730664319714
70.24,0.42147604988731213,0.32236927812318744,0.09910677176412469
70.25,0.402892077804274,0.30269947843451595,0.10019259936975805
70.26,0.3750908036328317,0.27487969249226984,0.10021111114056186
70.27,0.33858606331498403,0.23943485894197788,0.09915120437300615
70.28,0.29500482275465956,0.19704811917412066,0.0979567035805389
70.29,0.24470147659575903,0.14854017078838969,0.09616130580736934
70.3,0.1886562343361923,0.0948451779563038,0.0938110563798885
70.31,0.12853685271883802,0.03698416086157263,0.09155269185726539
70.32000000000001,0.06519968208560595,-0.023963141815494332,0.08916282390110028
70.33,-0.00015323363368471496,-0.08688691360514815,0.08673367997146343
70.34,-0.06618754793488271,-0.15067539315421016,0.08448784521932745
70.35000000000001,-0.1318280000257906,-0.21424154240361273,0.08241354237782214
70.36,-0.19590667844749707,-0.27654738541270674,0.08064070696520967
70.37,-0.25767159526365946,-0.33662527906303413,0.07895368379937467
70.38,-0.31610407944146535,-0.393595530203736,0.07749145076227065
70.39,-0.3702611955354822,-0.44667994740388844,0.07641875186840624
70.4,-0.4200372226373952,-0.49521110137146984,0.07517387873407466
70.41,-0.4646507382396477,-0.5386372578810649,0.07398651964141717
70.42,-0.5034616589934187,-0.5765231322761988,0.07306147328278012
70.43,-0.5368991347165635,-0.6085467871634648,0.0716476524469013
70.44,-0.5644661313372134,-0.6344931473695913,0.07002701603237793
70.45,-0.5857864600708462,-0.6542447321766114,0.06845827210576516
70.46000000000001,-0.6016078055353193,-0.6677702991569248,0.06616249362160542
70.47,-0.6116508491207963,-0.6751121529711916,0.06346130385039539
70.48,-0.6156870643703779,-0.6763728942829503,0.06068582991257243
70.49,-0.6145603336498057,-0.6717023682129636,0.05714203456315792
70.5,-0.6080924585588351,-0.6612855199371466,0.05319306137831148
70.51,-0.5960760054327723,-0.6453317801798094,0.04925577474703713
70.52,-0.5793084557016855,-0.6240664899902374,0.04475803428855185
70.53,-0.5576231381698541,-0.5977247380841498,0.04010159991429574
70.54,-0.5307652889963325,-0.5665478319256632,0.035782542929330696
70.55,-0.4994612154488983,-0.5307824630248322,0.03132124757593391
70.56,-0.46354848342348254,-0.49068246535749926,0.027133981934016727
70.57000000000001,-0.422758250364954,-0.4465129110760685,0.023754660711114484
70.58,-0.3778157563366834,-0.3985561470957447,0.02074039075906131
70.59,-0.32864758528034593,-0.34711925633443963,0.018471671054093697
70.60000000000001,-0.27510652671556024,-0.2925423339881597,0.01743580727259947
70.61,-0.21801049263178207,-0.23520690663346377,0.017196414001681704
70.62,-0.15751237941168506,-0.17554379313735674,0.018031413725671686
70.63,-0.09378017641768904,-0.11403971274952023,0.020259536331831182
70.64,-0.027755576076458427,-0.05124198717987949,0.023486411103421062
70.65,0.040064008308119695,0.012239241827216767,0.02782476648090293
70.66,0.1090202041451303,0.07573175316939544,0.033288450975734865
70.67,0.1781402592218461,0.1385052888740546,0.03963497034779148
70.68,0.24655591682828468,0.19977909204733563,0.04677682478094905
70.69,0.31304373797606744,0.25873297089336905,0.054310767082698386
70.7,0.376822128397748,0.3145217504196229,0.0623003779781251
70.71000000000001,0.4367597293311462,0.36629280594247937,0.07046692338866684
70.72,0.4911525931601744,0.4132062138846236,0.07794637927555081
70.73,0.5397038127407681,0.454456912625942,0.08524690011482605
70.74,0.5812522924185447,0.48929814567342056,0.09195414674512414
70.75,0.6138698144710573,0.5170653665555328,0.09680444791552445
70.76,0.6380045814214425,0.5371997238638362,0.10080485755760626
70.77,0.6527651481260163,0.5492702186674813,0.103494929458535
70.78,0.6563842811980898,0.552993636578993,0.10339064461909675
70.79,0.6501692392049813,0.5482514030212776,0.10191783618370365
70.8,0.6337719513282616,0.5351025912248738,0.09866936010338778
70.81,0.6060112036962101,0.5137924252543535,0.09221877844185655
70.82000000000001,0.5689415946361768,0.4847557607347398,0.08418583390143697
70.83,0.5229141043906103,0.44861518864594824,0.07429891574466202
70.84,0.46768605958930815,0.4061735864365874,0.06151247315272074
70.85000000000001,0.40571002627801533,0.35840112903414095,0.04730889724387438
70.86,0.3380127140313596,0.30641696302591,0.03159575100544959
70.87,0.26546606430557645,0.25146593324200706,0.014000131063569399
70.88,0.19039950170729822,0.1948909253161547,-0.004491423608856487
70.89,0.11430512858292699,0.13810154416593204,-0.02379641558300505
70.9,0.039103506043337254,0.08253998110040228,-0.04343647505706503
70.91,-0.03356371171253972,0.029645026757366414,-0.06320873846990613
70.92,-0.10208766543115469,-0.019184740268316437,-0.08290292516283826
70.93,-0.16381477097737432,-0.06262752076184881,-0.1011872502155255
70.94,-0.21824550075893942,-0.09947354660297354,-0.11877195415596588
70.95,-0.264050226108492,-0.12865797703331977,-0.13539224907517222
70.96000000000001,-0.29835274841196346,-0.14929046494778075,-0.1490622834641827
70.97,-0.3220060023008754,-0.1606805148762667,-0.1613254874246087
70.98,-0.3342969780790346,-0.162357877759993,-0.17193910031904158
70.99,-0.3327269999298001,-0.1540873737928307,-0.1786396261369694
71.0,-0.31939396867864883,-0.13587769831554125,-0.18351627036310758
71.01,-0.29439003305239614,-0.10798394138910726,-0.18640609166328886
71.02,-0.2561530498448786,-0.07090373337028533,-0.18524931647459325
71.03,-0.20760884693296217,-0.02536711069116815,-0.18224173624179402
71.04,-0.14964456937660484,0.027679627577605646,-0.17732419695421048
71.05,-0.08202616311922516,0.08709563622085414,-0.16912179934007932
71.06,-0.007869888523214214,0.15157222723620364,-0.15944211575941786
71.07000000000001,0.07134838166939575,0.2196638434300881,-0.14831546176069235
71.08,0.15440369904562765,0.28982247806986877,-0.13541877902424113
71.09,0.23870053115858034,0.36043463413693183,-0.1217341029783515
71.10000000000001,0.3225164343315888,0.42985986126239734,-0.10734342693080856
71.11,0.4033603126682209,0.49646988041307344,-0.09310956774485252
71.12,0.47975120726776277,0.5586873056215292,-0.07893609835376647
71.13,0.550100602944,0.6150229975263762,-0.06492239458237625
71.14,0.6112006191536664,0.6641111335139813,-0.05291051436031491
71.15,0.6629584310062173,0.7047411515431148,-0.041782720536897466
71.16,0.7042999163880059,0.7358858165222713,-0.03158590013426532
71.17,0.7319993370882683,0.7567247662701276,-0.024725429181859382
71.18,0.7473377053344867,0.766663015259833,-0.019325309925346312
71.19,0.7500186019507766,0.7653440250427186,-0.015325423091941959
71.2,0.7374875612673533,0.7526570869659854,-0.01516952569863217
71.21000000000001,0.7121136790649746,0.7287389021187382,-0.01662522305376357
71.22,0.6744603269974975,0.6939693820934121,-0.019509055095914607
71.23,0.6231712763783409,0.6489618290842691,-0.025790552705928227
71.24,0.5612149515382164,0.594547782272059,-0.03333283073384252
71.25,0.4898937920879688,0.531756936866585,-0.04186314477861619
71.26,0.40930065433031804,0.4617926504062583,-0.05249199607594024
71.27,0.32241628843028686,0.3860036460665978,-0.06358735763631096
71.28,0.2309842672484019,0.30585260323605545,-0.07486833598765355
71.29,0.1364700451281617,0.22288239020291886,-0.08641234507475717
71.3,0.04130050696571435,0.13868074147228515,-0.0973802345065708
71.31,-0.05274682783617814,0.05484421228208536,-0.1075910401182635
71.32000000000001,-0.14321471713788114,-0.0270577451380719,-0.11615697199980925
71.33,-0.22866503496462698,-0.10551774531069077,-0.1231472896539362
71.34,-0.3077066041677803,-0.17912365948197564,-0.12858294468580464
71.35000000000001,-0.37748232913825774,-0.24658926037372944,-0.1308930687645283
71.36,-0.43776485802326853,-0.3067816098191328,-0.13098324820413576
71.37,-0.48787981044880757,-0.35874455324046334,-0.12913525720834423
71.38,-0.5252298567344643,-0.4017177758517704,-0.12351208088269394
71.39,-0.5507698433005253,-0.43515097990435586,-0.11561886339616939
71.4,-0.5646979192487616,-0.4587128583392177,-0.10598506090954385
71.41,-0.5652431719947275,-0.4722946656295068,-0.09294850636522073
71.42,-0.5542768994535943,-0.47600831881663674,-0.07826858063695752
71.43,-0.5328068177576275,-0.47017909788474055,-0.06262771987288696
71.44,-0.5002238782063249,-0.45533315152556114,-0.044890726680763715
71.45,-0.45887533513732626,-0.43218014864692,-0.026695186490406253
71.46000000000001,-0.41030843998060773,-0.4015915441528144,-0.008716895827793336
71.47,-0.35510116947324416,-0.36457504599305884,0.009473876519814683
71.48,-0.29556085563716034,-0.32224597570998276,0.02668512007282242
71.49,-0.23336551371087694,-0.2757963033216826,0.04243078961080565
71.5,-0.16999846359161389,-0.22646220627857588,0.056463742686962
71.51,-0.10725147557863411,-0.1754910487205431,0.068239573141909
71.52,-0.04649586135727634,-0.1241086991814996,0.07761283782422326
71.53,0.010380567107990069,-0.07348810071429022,0.0838686678222803
71.54,0.06243086048612411,-0.0247199763599326,0.0871508368460567
71.55,0.10893380631933482,0.021213504999610874,0.08772030131972394
71.56,0.14816796446680155,0.0634613611742042,0.08470660329259735
71.57000000000001,0.18014266776591062,0.10132209427520945,0.07882057349070117
71.58,0.20493650243451977,0.1342571494340221,0.07067935300049769
71.59,0.22146717187561227,0.16189917788456398,0.059567993991048285
71.60000000000001,0.2305755788373922,0.18405490847700043,0.04652067036039176
71.61,0.23305167253303793,0.20070260115754837,0.03234907137548956
71.62,0.22869045668872157,0.21198422864839242,0.016706228040329146
71.63,0.21884407499542652,0.2181927027559304,0.0006513722394961285
71.64,0.20471517137465928,0.2197546235752864,-0.015039452200627135
71.65,0.1869174476656013,0.2172091775958624,-0.03029172993026108
71.66,0.16688857693738007,0.21118393891968296,-0.04429536198230288
71.67,0.14583009405736538,0.202368431593711,-0.05653833753634563
71.68,0.12485175216025686,0.19148638628616924,-0.06663463412591238
71.69,0.10506253441284447,0.17926766799138774,-0.07420513357854328
71.7,0.08726830399007927,0.16642086099751674,-0.07915255700743747
71.71000000000001,0.0726058164650642,0.15360747206675035,-0.08100165560168615
71.72,0.06156488381981388,0.14141865300176407,-0.0798537691819502
71.73,0.054310956353088025,0.13035525114562424,-0.07604429479253622
71.74,0.051556472953223145,0.12081187379622561,-0.06925540084300247
71.75,0.053081905748652417,0.11306550411202954,-0.05998359836337712
71.76,0.0583997562049793,0.1072690370064603,-0.048869280801481
71.77,0.06752023058006536,0.10344991982183142,-0.035929689241766066
71.78,0.07964369601943255,0.10151389095688206,-0.021870194937449502
71.79,0.09385342259689161,0.10125361723100586,-0.007400194634114246
71.8,0.10944706716115438,0.10236184488649205,0.007085222274662323
71.81,0.1253493282719616,0.10444850690372737,0.020900821368234235
71.82000000000001,0.14059573697806171,0.10706107745716369,0.03353465952089803
71.83,0.154028856771481,0.1097073388993973,0.044321517872083716
71.84,0.16468234209383248,0.11187963270698524,0.05280270938684724
71.85000000000001,0.17194708193888186,0.11307960726994676,0.058867474668935105
71.86,0.17464175905393137,0.11284245483406642,0.061799304219864945
71.87,0.1722555828090784,0.11075964842734176,0.061495934381736644
71.88,0.16481214497860874,0.10649924681015939,0.058312898168449354
71.89,0.15155586560516904,0.0998229294455509,0.05173293615961813
71.9,0.13263353181859802,0.09059905078425332,0.042034481034344706
71.91,0.10874690346347855,0.078811159042781,0.029935744420697546
71.92,0.07987213610010463,0.06456160319183213,0.0153105329082725
71.93,0.04680793950616731,0.0480700461911737,-0.0012621066850063908
71.94,0.010722475302428681,0.029666905051054456,-0.018944429748625775
71.95,-0.027625493192540988,0.00978194113411457,-0.03740743432665556
71.96000000000001,-0.06699925060446076,-0.01107158076321913,-0.055927669841241624
71.97,-0.10616605671412074,-0.03231656633571201,-0.07384949037840874
71.98,-0.1438104653477187,-0.053334843430306714,-0.090475621917412
71.99,-0.17861758398237124,-0.07349210804024772,-0.10512547594212351
72.0,-0.20974360453888202,-0.09216408720214117,-0.11757951733674085
72.01,-0.23574357962175602,-0.10876288528758661,-0.12698069433416942
72.02,-0.25562342575710667,-0.1227624643980994,-0.13286096135900727
72.03,-0.2692715841508189,-0.13372223483313075,-0.13554934931768817
72.04,-0.27559635618119416,-0.14130779702317653,-0.13428855915801763
72.05,-0.2742434017102532,-0.14530797942148393,-0.12893542228876925
72.06,-0.2659385138310428,-0.14564745364646323,-0.12029106018457955
72.07000000000001,-0.25031723852936005,-0.1423943733401337,-0.10792286518922636
72.08,-0.22780784745664065,-0.1357626703084113,-0.09204517714822935
72.09,-0.19979262571773615,-0.12610884322609664,-0.07368378249163951
72.10000000000001,-0.16677387186286696,-0.11392328264563681,-0.052850589217230154
72.11,-0.12988492218808778,-0.09981638311951145,-0.03006853906857633
72.12,-0.09074870011040595,-0.08449989088828938,-0.006248809222116569
72.13,-0.05059456670875374,-0.06876411616254884,0.0181695494537951
72.14,-0.01098290811488515,-0.05345179561130393,0.04246888749641878
72.15,0.02674035938444682,-0.039429517323689225,0.06616987670813604
72.16,0.060988418141905774,-0.027557712515728684,0.08854613065763446
72.17,0.0901749524587557,-0.018660272292408707,0.10883522475116442
72.18,0.11368066538929333,-0.01349486205225311,0.12717552744154645
72.19,0.13003761853977924,-0.012724980423488639,0.14276259896326787
72.2,0.1380469699191883,-0.016894745307233658,0.15494171522642197
72.21000000000001,0.13804945976601748,-0.026407289534108817,0.1644567493001263
72.22,0.12912666189117145,-0.04150751704311807,0.1706341789342895
72.23,0.11078187339768905,-0.062269812770260134,0.1730516861679492
72.24,0.08425660744849311,-0.08859112193649252,0.17284772938498563
72.25,0.049437434200130546,-0.12018962416935268,0.16962705836948322
72.26,0.006666527610289807,-0.1566090322755154,0.1632755598858052
72.27,-0.04224647094031046,-0.1972283519694782,0.1549818810291677
72.28,-0.09659516006352048,-0.2412767546902301,0.14468159462670963
72.29,-0.15526611269083357,-0.2878530475156708,0.13258693482483724
72.3,-0.2163820498559707,-0.3359490780434147,0.11956702818744397
72.31,-0.2786280590976236,-0.384476292870113,0.10584823377248936
72.32000000000001,-0.34036130014875143,-0.43229457971061663,0.0919332795618652
72.33,-0.40015193668445637,-0.4782424676888065,0.07809053100435015
72.34,-0.456432047242839,-0.5211677389689907,0.06473569172615173
72.35000000000001,-0.5073722178262503,-0.5599575173698702,0.0525852995436199
72.36,-0.552371157780022,-0.5935669442788989,0.041195786498876896
72.37,-0.5899922137763003,-0.6210456262155872,0.031053412439286943
72.38,-0.6185723317074844,-0.6415611378722963,0.022988806164811915
72.39,-0.6384889860935725,-0.6544189846250127,0.01592999853144017
72.4,-0.6487422742123251,-0.6590785639585263,0.010336289746201155
72.41,-0.6481180789833869,-0.6551648102128351,0.007046731229448211
72.42,-0.6378721154553149,-0.6424753556298092,0.004603240174494316
72.43,-0.617601111380899,-0.6209831870916268,0.0033820757107277943
72.44,-0.5867035198230635,-0.5908349167976968,0.004131396974633383
72.45,-0.5470159959020959,-0.552344911614051,0.00532891571195504
72.46000000000001,-0.4987339347601734,-0.5059856359066016,0.007251701146428202
72.47,-0.44190447310833564,-0.45237465320354003,0.010470180095204396
72.48,-0.37855131252856133,-0.3922588008913618,0.013707488362800446
72.49,-0.3093474683012244,-0.32649609824826226,0.017148629947037863
72.5,-0.23492234992836206,-0.25603597141362205,0.021113621485259998
72.51,-0.15710358936236427,-0.18189838032507172,0.024794790962707453
72.52,-0.07685679380358267,-0.10515241405629337,0.028295620252710707
72.53,0.004733623623411419,-0.026894884943360738,0.03162850856677216
72.54,0.08632834663938427,0.05177059843365659,0.03455774820572768
72.55,0.1668610785087476,0.12975366037268424,0.03710741813606336
72.56,0.2449417539532367,0.20599593819127254,0.03894581576196415
72.57000000000001,0.3198855272075176,0.27948833341797286,0.04039719378954476
72.58,0.39068783337316043,0.34928652474862315,0.04140130862453728
72.59,0.45580244350082566,0.41452460051470447,0.041277842986121194
72.60000000000001,0.515245473829237,0.4744267290740836,0.0408187447551534
72.61,0.5681961920736832,0.5283168377349813,0.03987935433870193
72.62,0.6130996227517144,0.5756263131658866,0.03747330958582773
72.63,0.6506290317999014,0.6158997680643903,0.03472926373551111
72.64,0.6802354650034546,0.6487989402201397,0.03143652478331482
72.65,0.7005095890868333,0.6741048017556489,0.026404787331184343
72.66,0.7126772310035904,0.691717959605298,0.020959271398292345
72.67,0.716523185382097,0.701657425023184,0.014865760358913072
72.68,0.7109503622223494,0.7040578222651932,0.0068925399571562185
72.69,0.6975866011807399,0.6991650969306541,-0.0015784957499141994
72.7,0.6765843506697892,0.6873307751626486,-0.010746424492859452
72.71000000000001,0.6473253485551331,0.6690048182483181,-0.021679469693185016
72.72,0.6116428839704822,0.6447271151014425,-0.03308423113096037
72.73,0.5700479511577438,0.61511765920245,-0.045069708044706225
72.74,0.5225333345349872,0.5808654678455873,-0.058332133310600165
72.75,0.47089352529238604,0.5427163204305727,-0.07182279513818668
72.76,0.4159267426585933,0.5014594188307592,-0.08553267617216587
72.77,0.3582864004681527,0.45791310572688,-0.0996267052587273
72.78,0.2994510774267042,0.4129098147688525,-0.11345873734214834
72.79,0.24036437087375492,0.3672804675434628,-0.12691609666970785
72.8,0.182264152709935,0.3218385741864091,-0.1395744214764741
72.81,0.12604581098104112,0.2773643343969388,-0.1513185234158977
72.82000000000001,0.07260174580618581,0.23458907076913244,-0.16198732496294663
72.83,0.02353692646253947,0.19418035395053893,-0.17064342748799946
72.84,-0.02102731367762119,0.1567281965766681,-0.1777555102542893
72.85000000000001,-0.06045794158508175,0.12273269796608129,-0.18319063955116305
72.86,-0.09311326085764872,0.09259351245686427,-0.185706773314513
72.87,-0.11969068896153015,0.06660148991022719,-0.18629217887175734
72.88,-0.13997626595801793,0.04493279691167459,-0.18490906286969253
72.89,-0.1526623482737837,0.027645771955316836,-0.18030812022910053
72.9,-0.15912068813142588,0.014680698591936724,-0.1738013867233626
72.91,-0.15960180639849314,0.0058625991220269975,-0.16546440552052014
72.92,-0.15347375703417485,0.0009070605997055249,-0.15438081763388037
72.93,-0.14242893340648202,-0.0005709920288766202,-0.1418579413776054
72.94,-0.12711801700218792,0.0009542398646919253,-0.12807225686687984
72.95,-0.10773401047750233,0.004933444952171907,-0.11266745542967424
72.96000000000001,-0.08586648525736566,0.01075832510509613,-0.09662481036246179
72.97,-0.06238924828985393,0.01777936990229807,-0.080168618192152
72.98,-0.038206337382787704,0.02532475925066267,-0.06353109663345037
72.99,-0.014443276358947132,0.03271982034689246,-0.0471630967058396
73.0,0.00805971941511068,0.03930643467779459,-0.03124671526268391
73.01,0.027999533142639768,0.04446178218673731,-0.016462249044097543
73.02,0.044944970016118496,0.04761582417776422,-0.002670854161645725
73.03,0.05833445860937897,0.048266964061663635,0.010067494547715335
73.04,0.06687294714271164,0.04599538473703359,0.02087756240567805
73.05,0.07086115013565837,0.04047364131899206,0.03038750881666631
73.06,0.07016767550166574,0.031474185224828005,0.03869349027683773
73.07000000000001,0.06387388426997521,0.01887360662469698,0.04500027764527824
73.08,0.052852857834638486,0.002653502618735235,0.050199355215903255
73.09,0.0374105571766563,-0.017101996628806064,0.05451255380546236
73.10000000000001,0.017217121658589827,-0.04021188730380935,0.05742900896239918
73.11,-0.006582827476437796,-0.06640686193085305,0.05982403445441525
73.12,-0.033382418928855545,-0.09534040727344467,0.06195798834458913
73.13,-0.06292422546097995,-0.12660195519253162,0.06367772973155167
73.14,-0.0941359967653973,-0.15973153861275743,0.06559554184736013
73.15,-0.1263365059569581,-0.19423535444048606,0.06789884848352795
73.16,-0.15887458898656664,-0.22960160981147226,0.07072702082490562
73.17,-0.19102952151672764,-0.2653160286051444,0.07428650708841678
73.18,-0.22227579276198925,-0.3008764218065726,0.07860062904458334
73.19,-0.25186272285682404,-0.33580577694622105,0.083943054089397
73.2,-0.27955404961434677,-0.3696633963190456,0.09010934670469883
73.21000000000001,-0.30512725656897083,-0.40205370778154553,0.0969264512125747
73.22,-0.3280028426911025,-0.43263248157135004,0.10462963888024751
73.23,-0.3483871722356766,-0.46111030700783456,0.11272313477215795
73.24,-0.3663731989082203,-0.48725330883740053,0.12088010992918025
73.25,-0.3816919065976655,-0.5108812088433516,0.12918930224568614
73.26,-0.3948078054949163,-0.5318629585901906,0.13705515309527433
73.27,-0.4060101666028342,-0.5501102784883132,0.144100111885479
73.28,-0.41529900574162665,-0.5655695318894672,0.1502705261478406
73.29,-0.42314923381994135,-0.5782124364857711,0.1550632026658298
73.3,-0.42985295675831997,-0.5880261655919851,0.1581732088336651
73.31,-0.4354847387153503,-0.5950034166749969,0.15951867795964658
73.32000000000001,-0.4403160690967711,-0.5991330226195066,0.1588169535227355
73.33,-0.44446245423266284,-0.6003916527320938,0.155929198499431
73.34,-0.4478181935283992,-0.5987370966190421,0.15091890309064288
73.35000000000001,-0.4503517362351187,-0.5941035471897104,0.14375181095459166
73.36,-0.4519199480278639,-0.5863992025276574,0.13447925449979353
73.37,-0.4520415593460615,-0.5755063945046118,0.12346483515855033
73.38,-0.4504322628200291,-0.5612843297441058,0.11085206692407673
73.39,-0.4467492022559742,-0.5435744012963006,0.09682519904032644
73.4,-0.4400983064641354,-0.5222079028140827,0.0821095963499473
73.41,-0.43012260817336,-0.4970158567491777,0.06689324857581769
73.42,-0.41646392202538507,-0.4678405594686333,0.05137663744324822
73.43,-0.3979736222722506,-0.43454835406873915,0.03657473179648857
73.44,-0.3744646863175431,-0.39704307015427387,0.022578383836730775
73.45,-0.3458031683691234,-0.3552795221714112,0.009476353802287785
73.46000000000001,-0.31089999123793793,-0.309276436206009,-0.0016235550319289582
73.47,-0.26995328142635,-0.25912818052459824,-0.01082510090175176
73.48,-0.2232493659521952,-0.20501470740802025,-0.018234658544174942
73.49,-0.17012594143701054,-0.1472091717093621,-0.022916769727648445
73.5,-0.11127308126361733,-0.08608277266186862,-0.025190308601748715
73.51,-0.04746106314409263,-0.022106466385272142,-0.02535459675882049
73.52,0.021253326556392425,0.04415068692478004,-0.022897360368387614
73.53,0.09373448956902339,0.11202664984597185,-0.018292160276948466
73.54,0.16884061346777468,0.1807749845680392,-0.011934371100264518
73.55,0.2456849877121119,0.24957672289313912,-0.0038917351810272283
73.56,0.3228807487668343,0.31755524520397527,0.005325503562859046
73.57000000000001,0.3991833904637409,0.3837937673888464,0.015389623074894498
73.58,0.47299416799002697,0.44735493307945695,0.02563923491057002
73.59,0.5429647669522729,0.5073019260474324,0.03566284090484051
73.60000000000001,0.6080957149526609,0.5627204573053362,0.04537525764732475
73.61,0.6663954425607813,0.6127409454824885,0.05365449707829284
73.62,0.7168588102125181,0.6565601984660999,0.06029861174641815
73.63,0.7590495736621983,0.6934619191168504,0.06558765454534787
73.64,0.7910134716159758,0.7228353970433653,0.06817807457261049
73.65,0.8123251908773313,0.7441918099362737,0.0681333809410577
73.66,0.8232988760712764,0.7571776389418792,0.06612123712939721
73.67,0.8224378898031267,0.761584799407063,0.06085309039606368
73.68,0.8100056422640567,0.7573571969231442,0.05264844534091251
73.69,0.7870624296950968,0.744593534469425,0.042468895225671766
73.7,0.7528689394293708,0.7235463150050799,0.0293226244242909
73.71000000000001,0.7083372248430276,0.6946171005509474,0.013720124292080249
73.72,0.6550771751967146,0.65834819937844,-0.0032710241817254238
73.73,0.5932179652372402,0.6154110535639191,-0.022193088326678878
73.74,0.5241504735122225,0.5665916866510198,-0.04244121313879723
73.75,0.44970068332262536,0.5127736429792649,-0.0630729596566395
73.76,0.37077874025453306,0.45491890466353296,-0.0841401644089999
73.77,0.2890036965887381,0.39404730835062585,-0.10504361176188776
73.78,0.2060372994187726,0.33121500166480117,-0.12517770224602856
73.79,0.12332634547320717,0.2674924793902713,-0.14416613391706415
73.8,0.04244690846535437,0.20394272333016392,-0.16149581486480954
73.81,-0.03543616296033421,0.14159993941882018,-0.1770361023791544
73.82000000000001,-0.10866760963981965,0.08144934348766751,-0.19011695312748716
73.83,-0.1759526272756826,0.024408395830575923,-0.2003610231062585
73.84,-0.23683659089445985,-0.028690172745600796,-0.20814641814885906
73.85000000000001,-0.2897896546324466,-0.07711326151891774,-0.21267639311352887
73.86,-0.33396946622389095,-0.1202400067393215,-0.21372945948456945
73.87,-0.3696918359804621,-0.15757193427761462,-0.2121199017028475
73.88,-0.3958288590921609,-0.18874055372173687,-0.20708830537042405
73.89,-0.4120822725824113,-0.2135123407500538,-0.19856993183235752
73.9,-0.419449631032903,-0.2317910997815325,-0.1876585312513705
73.91,-0.41738538567012606,-0.2436177377449946,-0.17376764792513147
73.92,-0.4061510484399275,-0.24916751249783303,-0.15698353594209447
73.93,-0.3872194302171825,-0.24874484660181628,-0.13847458361536624
73.94,-0.3606953972083489,-0.24277581985548397,-0.11791957735286496
73.95,-0.3273497474856549,-0.23179847348680746,-0.09555127399884741
73.96000000000001,-0.2888497012739486,-0.21645107666907495,-0.07239862460487365
73.97,-0.24590528128716488,-0.19745852349012671,-0.048446757797038165
73.98,-0.1996876681754102,-0.1756170470073455,-0.024070621168064688
73.99,-0.15174843865945048,-0.15177745763284975,2.901897339926962e-05
74.0,-0.10325259364796642,-0.12682713652668642,0.023574542878720003
74.01,-0.05560798279897686,-0.1016710411918603,0.04606305839288344
74.02,-0.009954858890798661,-0.07721200981759758,0.06725715092679893
74.03,0.032324472252185765,-0.054330682329065356,0.08665515458125111
74.04,0.0697995528787327,-0.03386538827709429,0.10366494115582699
74.05,0.10197876593148239,-0.01659238287545722,0.11857114880693961
74.06,0.12755657525924735,-0.003206840516221894,0.13076341577546924
74.07000000000001,0.14532968113034617,0.005694962453548035,0.13963471867679814
74.08,0.15558822760532567,0.00963182957570447,0.1459563980296212
74.09,0.15740463687642395,0.008251740927986018,0.14915289594843792
74.10000000000001,0.15005541510851475,0.0013434240103009666,0.14871199109821379
74.11,0.13459887435014442,-0.011155017536539798,0.14575389188668422
74.12,0.11072837413753657,-0.029150793304573572,0.13987916744211015
74.13,0.07840399435826273,-0.052394751949388856,0.1307987463076516
74.14,0.039266232312493626,-0.08048358723082921,0.11974981954332284
74.15,-0.0062543951198563074,-0.11286607724020048,0.10661168212034418
74.16,-0.05742020255134623,-0.1488534046282033,0.09143320207685707
74.17,-0.11235775681947982,-0.18763348876239788,0.07527573194291806
74.18,-0.1699598963111957,-0.22828913562209288,0.058329239310897174
74.19,-0.22877778769235127,-0.26981968208968127,0.04104189439733
74.2,-0.28716043834439786,-0.31116568289877905,0.02400524455438119
74.21000000000001,-0.3435695188230919,-0.3512360660119829,0.007666547188890982
74.22,-0.3960901907301038,-0.38893707094958796,-0.00715311978051586
74.23,-0.4437516572973932,-0.42320218982386415,-0.020549467473529037
74.24,-0.4849675761159571,-0.45302225747326863,-0.03194531864268846
74.25,-0.5177499297420498,-0.4774747894830284,-0.0402751402590214
74.26,-0.5421393709446375,-0.49575164855733933,-0.04638772238729816
74.27,-0.5569241687013853,-0.5071841331878303,-0.04974003551355499
74.28,-0.560501202918116,-0.5112646291642442,-0.049236573753871804
74.29,-0.5540118081000159,-0.50766404420033,-0.04634776389968598
74.3,-0.536957224381228,-0.4962443574176285,-0.04071286696359944
74.31,-0.5085252006245266,-0.4770657558632133,-0.03145944476131324
74.32000000000001,-0.47074630467378004,-0.45038799551455905,-0.02035830915922099
74.33,-0.42397933158981965,-0.41666580900304406,-0.007313522586775589
74.34,-0.36843722716983024,-0.37653838018100494,0.0081011530111747
74.35000000000001,-0.3065572163790289,-0.33081310946930836,0.02425589309027948
74.36,-0.23945145606541623,-0.28044409592527136,0.04099263985985513
74.37,-0.16833853509282834,-0.2265059542186103,0.058167419125781966
74.38,-0.09543019407472297,-0.17016375936638378,0.07473356529166081
74.39,-0.022263221146635235,-0.11264006178415432,0.09037684063751909
74.4,0.04922404779569606,-0.055180033376790644,0.1044040811724867
74.41,0.11764370231423599,0.000984113467819388,0.1166595888464166
74.42,0.18148661786459885,0.05466825212553401,0.12681836573906485
74.43,0.2385773488737983,0.1047698350575503,0.133807513816248
74.44,0.2887286901770097,0.15029862421846016,0.13843006595854954
74.45,0.33088884785782074,0.19040362021142304,0.1404852276463977
74.46000000000001,0.3631882273882069,0.224395284137274,0.1387929432509329
74.47,0.3866695587837286,0.2517623144297613,0.13490724435396728
74.48,0.401004646349564,0.2721824392073369,0.12882220714222709
74.49,0.40507037351165426,0.28552690527667773,0.11954346823497652
74.5,0.4008057215395897,0.2918585793012579,0.1089471422383318
74.51,0.38862492751614014,0.29142381548651886,0.09720111202962128
74.52,0.3683545611750202,0.2846384777832885,0.0837160833917317
74.53,0.3422409922487256,0.27206872349822947,0.07017226875049615
74.54,0.31121694081570495,0.25440735023541455,0.05680959058029039
74.55,0.2759654569131328,0.23244667107338637,0.043518785839746416
74.56,0.23839378517880774,0.20704900685736405,0.031344778321443695
74.57000000000001,0.19957879248649496,0.17911596407960584,0.020462828406889122
74.58,0.16071216616211548,0.14955769848366438,0.011154467678451102
74.59,0.12287610190051668,0.11926334672006322,0.003612755180453453
74.60000000000001,0.086912223122941,0.08907374166349971,-0.00216151854055871
74.61,0.054050397271574346,0.05975741404207451,-0.005707016770500166
74.62,0.02438100143609194,0.031990728509855,-0.007609727073763062
74.63,-0.0017318540175817819,0.006342812733314564,-0.008074666750896346
74.64,-0.023435724250339372,-0.01673427844998475,-0.006701445800354623
74.65,-0.04144157785918722,-0.03690995588027507,-0.004531621978912152
74.66,-0.05588458571007905,-0.05397407961112004,-0.001910506098959014
74.67,-0.06649247431012519,-0.06783080530499082,0.001338330994865633
74.68,-0.07432832767549155,-0.07848779054598304,0.004159462870491487
74.69,-0.07983608500686354,-0.08604145941974249,0.006205374412878953
74.7,-0.08323684207902754,-0.09065919240533343,0.007422350326305893
74.71000000000001,-0.08543557316549966,-0.09255943709484475,0.007123863929345095
74.72,-0.08687799071493403,-0.09199081761382692,0.0051128268988928915
74.73,-0.08794188301534217,-0.08921135298406943,0.0012694699687272604
74.74,-0.08902119415157035,-0.08446887538300918,-0.004552318768561173
74.75,-0.09028530637011106,-0.07798366894991392,-0.012301637420197145
74.76,-0.09182470480203911,-0.06993423140734778,-0.02189047339469133
74.77,-0.0934811485263105,-0.06044689943987968,-0.033034249086430816
74.78,-0.09501993776639356,-0.04958988161946545,-0.04543005614692811
74.79,-0.09592077882704787,-0.037372018495589666,-0.058548760331458206
74.8,-0.09573558159880359,-0.02374634839657949,-0.0719892332022241
74.81,-0.09391513865559188,-0.008618310506220521,-0.08529682814937137
74.82000000000001,-0.08931628580071059,0.008141824736077182,-0.09745811053678777
74.83,-0.08162740846938611,0.026682932655524842,-0.10831034112491095
74.84,-0.07027106083228993,0.04715425096488273,-0.11742531179717267
74.85000000000001,-0.053826164479522,0.06968482873878719,-0.12351099321830919
74.86,-0.03251676185327273,0.09436231621801787,-0.1268790780712906
74.87,-0.006101840499994619,0.12121226878047839,-0.12731410928047301
74.88,0.026526444784845733,0.1501791485917218,-0.12365270380687607
74.89,0.06442036334593353,0.18111016155416815,-0.11668979820823462
74.9,0.10720719121463576,0.21374296633876963,-0.10653577512413387
74.91,0.15507438030768084,0.2476981401308942,-0.09262375982321336
74.92,0.20647907031513957,0.28247708824555934,-0.07599801793041977
74.93,0.26038969777196885,0.3174658500875062,-0.057076152315537365
74.94,0.31571163245163647,0.35194499196549955,-0.036233359513863084
74.95,0.37073622661653083,0.3851054993108022,-0.014369272694271351
74.96000000000001,0.4240196778549791,0.4160702990823439,0.00794937877263524
74.97,0.4732565692569383,0.44392077011382924,0.029335799143109076
74.98,0.5171674556560639,0.4677273472305594,0.0494401084255045
74.99,0.5543755263938674,0.4865831057580695,0.06779242063579793
75.0,0.5819013788485109,0.49963903692249073,0.08226234192602017
75.01,0.5994470069722136,0.5061396002330266,0.09330740673918703
75.02,0.6062504270360328,0.5054570727352535,0.10079335430077929
75.03,0.599514466811883,0.4971232110802702,0.10239125573161284
75.04,0.5802241465469979,0.4808568020670798,0.09936734447991813
75.05,0.5486376080194861,0.4565857993370938,0.09205180868239232
75.06,0.503036046531346,0.4244629241657148,0.07857312236563124
75.07000000000001,0.44560615122851605,0.3848738401699442,0.06073231105857185
75.08,0.3777118845676386,0.3384372862842265,0.03927459828341212
75.09,0.2993347082501842,0.28599685865177144,0.013337849598412777
75.10000000000001,0.21339162973450465,0.22860445773995236,-0.01521282800544771
75.11,0.1220486637902682,0.16749574864286196,-0.04544708485259376
75.12,0.027102092137268625,0.10405830639755595,-0.07695621426028733
75.13,-0.06853734313961146,0.03979342060616268,-0.10833076374577413
75.14,-0.16252209322330707,-0.023727198119805285,-0.1387948951035018
75.15,-0.2516970935500889,-0.08490834491880796,-0.16678874863128096
75.16,-0.3339420166753988,-0.14218024868006812,-0.19176176799533068
75.17,-0.4074681242045274,-0.1940477652602347,-0.21342035894429268
75.18,-0.46865393310743525,-0.23913806362662854,-0.2295158694808067
75.19,-0.5167615534831208,-0.27624506624584333,-0.24051648723727748
75.2,-0.5511674789138131,-0.3043690076832593,-0.24679847123055382
75.21000000000001,-0.5688254957418789,-0.32274964334827083,-0.24607585239360807
75.22,-0.5705968231089128,-0.3308918671584652,-0.2397049559504476
75.23,-0.5572772757025136,-0.32858277367760785,-0.22869450202490577
75.24,-0.5272481344239958,-0.31589951597957006,-0.2113486184444257
75.25,-0.4827437673861914,-0.2932076524364115,-0.1895361149497799
75.26,-0.42578017130578355,-0.26115003005087667,-0.16463014125490688
75.27,-0.3565579291639236,-0.22062660455382305,-0.13593132461010055
75.28,-0.2780854171107885,-0.1727659340472816,-0.10531948306350689
75.29,-0.19300339188803511,-0.11888938995531176,-0.07411400193272336
75.3,-0.10315385971981192,-0.060469394159957994,-0.042684465559853925
75.31,-0.011528959821933374,0.0009167960715613146,-0.012445755893494689
75.32000000000001,0.07940056381135857,0.06363608173223026,0.01576448207912831
75.33,0.16681261494449542,0.1260495350861247,0.040763079858370715
75.34,0.24847792792640058,0.1865616567010883,0.06191627122531229
75.35000000000001,0.3228231218428826,0.2436671545331041,0.07915596730977847
75.36,0.3869464933624448,0.2959936431653391,0.0909528501971057
75.37,0.4398725006135693,0.34233884251554675,0.09753365809802256
75.38,0.48134474344742934,0.38170108961493426,0.09964365383249507
75.39,0.509212073385323,0.41330225423384886,0.09590981915147417
75.4,0.5238633682997942,0.4366024573021599,0.08726091099763428
75.41,0.5263433338961181,0.4513063171960803,0.07503701670003782
75.42,0.5157488142351557,0.45736077939046543,0.058388034844690295
75.43,0.4935615634739581,0.45494490604836824,0.03861665742558984
75.44,0.4617042010647629,0.44445230075519204,0.017251900309570856
75.45,0.4205602611251078,0.4264671078508483,-0.005906846725740489
75.46000000000001,0.3721645135800294,0.4017347453497645,-0.02957023176973511
75.47,0.31865585030053184,0.3711286970028852,-0.05247284670235336
75.48,0.2613292074735842,0.33561479677552747,-0.07428558930194329
75.49,0.2021509864005373,0.29621448463167976,-0.09406349823114246
75.5,0.14281874391004,0.2539684954923501,-0.11114975158231011
75.51,0.08493460930842725,0.20990236574458096,-0.12496775643615371
75.52,0.02988922647939592,0.16499500846666496,-0.13510578198726902
75.53,-0.021490876124093755,0.12015142668356933,-0.1416423028076631
75.54,-0.06788426607942429,0.07618041254135596,-0.14406467862078026
75.55,-0.10872829954361055,0.033777829915326484,-0.14250612945893704
75.56,-0.14414540838976064,-0.006484189666038329,-0.1376612187237223
75.57000000000001,-0.17345745867229867,-0.04416208056969153,-0.12929537810260713
75.58,-0.19688149037395625,-0.07893991437573362,-0.11794157599822262
75.59,-0.21523096710449574,-0.11062316397177514,-0.1046078031327206
75.60000000000001,-0.22851059310999833,-0.13912783278712967,-0.08938276032286865
75.61,-0.23742569676175138,-0.1644658005060592,-0.07295989625569219
75.62,-0.24302680053925835,-0.18672737008759194,-0.05629943045166641
75.63,-0.24575738351148702,-0.20606208401881318,-0.039695299492673836
75.64,-0.24640940435998304,-0.2226589079318338,-0.023750496428149248
75.65,-0.24582116602502177,-0.23672685698504797,-0.009094309039973797
75.66,-0.2444943852617748,-0.24847706714287443,0.003982681881099626
75.67,-0.24295277292235817,-0.2581071943664169,0.015154421444058708
75.68,-0.2415561125587326,-0.2657888664668054,0.02423275390807278
75.69,-0.24053253277253747,-0.27165872338445984,0.031126190611922372
75.7,-0.23995457754633437,-0.27581337163290515,0.03585879408657078
75.71000000000001,-0.23970628156190352,-0.278308358089725,0.038602076527821466
75.72,-0.23960312650067692,-0.2791610480477729,0.039557921547096
75.73,-0.23930721182610723,-0.2783570830804091,0.03904987125430184
75.74,-0.23846388404552032,-0.2758599057612298,0.03739602171570949
75.75,-0.2365763301398582,-0.2716226794048886,0.03504634926503039
75.76,-0.23312523266187277,-0.26560180901505503,0.03247657635318227
75.77,-0.22785523277494957,-0.2577711899319594,0.029915957157009843
75.78,-0.22023415048524123,-0.2481362765687551,0.027902126083513862
75.79,-0.20987422529723215,-0.23674707619571012,0.026872850898477962
75.8,-0.19688841672431637,-0.2237092308113224,0.02682081408700604
75.81,-0.18102463075882336,-0.20919245040224038,0.028167819643417025
75.82000000000001,-0.16229202143389584,-0.193435698028061,0.031143676594165143
75.83,-0.1412402659221521,-0.1767486941504686,0.035508428228316485
75.84,-0.11810171638316323,-0.15950949607582593,0.0414077796926627
75.85000000000001,-0.09339126101130345,-0.142158108963665,0.04876684795236154
75.86,-0.06792546773452764,-0.12518628774021037,0.057260820005682736
75.87,-0.042418134153772546,-0.1091238845891233,0.06670575043535075
75.88,-0.017795595111695955,-0.0945222750556958,0.07672667994399984
75.89,0.005196113314116055,-0.08193554866503151,0.08713166197914757
75.9,0.025575988405856943,-0.07190027007087266,0.0974762584767296
75.91,0.04227232059088924,-0.06491469848682321,0.10718701907771246
75.92,0.0549680682451769,-0.06141839274284507,0.11638646098802197
75.93,0.06275383042405222,-0.061773125027443275,0.1245269554514955
75.94,0.06475477773406747,-0.06624597858954719,0.13100075632361466
75.95,0.061303872540607596,-0.07499541581825732,0.1362992883588649
75.96000000000001,0.05188936776751835,-0.08806097756085138,0.13995034532836972
75.97,0.03612889825476388,-0.10535711835736761,0.1414860166121315
75.98,0.01498645579522776,-0.12667150294920204,0.1416579587444298
75.99,-0.011467381208517452,-0.15166789548583248,0.14020051427731503
76.0,-0.04297751326453604,-0.17989357346151202,0.136916060196976
76.01,-0.0782114363280161,-0.21079100290268613,0.13257956657467002
76.02,-0.11654001173935842,-0.2437133287776172,0.1271733170382588
76.03,-0.15712330687118795,-0.27794307340294155,0.12081976653175361
76.04,-0.1986704871698435,-0.3127133030840928,0.11404281591424928
76.05,-0.24020709653601705,-0.34723042523023684,0.1070233286942198
76.06,-0.2805332862460019,-0.38069771891930354,0.10016443267330166
76.07000000000001,-0.31880375148282514,-0.4123386836657229,0.09353493218289777
76.08,-0.35400932745896524,-0.4414193143001917,0.08740998684122647
76.09,-0.3849020699538395,-0.4672684727725056,0.08236640281866608
76.10000000000001,-0.4113322609837486,-0.48929562682415273,0.07796336584040414
76.11,-0.4325414968328104,-0.5070053556450642,0.07446385881225381
76.12,-0.4475220485846658,-0.5200081772021171,0.0724861286174513
76.13,-0.4568349106659644,-0.5280274231872616,0.07119251252129721
76.14,-0.4601326693424366,-0.5309020670541705,0.07076939771173396
76.15,-0.45682078658522135,-0.5285855896754922,0.07176480309027083
76.16,-0.4479660830234971,-0.5211411371743457,0.07317505415084863
76.17,-0.4336290022574747,-0.5087333784330276,0.07510437617555288
76.18,-0.41364740430917,-0.4916175985702955,0.0779701942611255
76.19,-0.38926772678841226,-0.47012666349952525,0.080858936711113
76.2,-0.36082555201050204,-0.44465655528564857,0.08383100327514653
76.21000000000001,-0.3284835338899029,-0.4156512059174051,0.0871676720275022
76.22,-0.2933550882802691,-0.38358734767875685,0.09023225939848772
76.23,-0.2558718519264889,-0.34896005280062153,0.09308820087413261
76.24,-0.21636351809742388,-0.3122695565728936,0.09590603847546975
76.25,-0.17562170634684884,-0.2740098513148617,0.09838814496801288
76.26,-0.13403827256028816,-0.23465940965765394,0.10062113709736578
76.27,-0.0919914951528745,-0.19467425168864666,0.10268275653577216
76.28,-0.049925476072989285,-0.15448341956538245,0.10455794349239317
76.29,-0.008152653979710968,-0.11448677345849578,0.10633411947878482
76.3,0.03291963805664028,-0.07505488225564737,0.10797452031228764
76.31,0.07310084439732797,-0.03653065895576846,0.10963150335309643
76.32000000000001,0.11210818687697534,0.000767709201885114,0.11134047767509023
76.33,0.1494258834910433,0.03654305665898946,0.11288282683205383
76.34,0.1850008879630316,0.07051532017045695,0.11448556779257466
76.35000000000001,0.21850026570471548,0.10241796557644926,0.11608230012826622
76.36,0.2491841495970694,0.131995289514165,0.11718886008290438
76.37,0.2770964205134926,0.15900105844753432,0.11809536206595828
76.38,0.30182230415285394,0.1831988506045835,0.11862345354827045
76.39,0.3223445140658374,0.20436434434817224,0.11798016971766517
76.4,0.3388816680907685,0.2222896556754145,0.11659201241535397
76.41,0.3510068540047974,0.23678967555406613,0.11421717845073129
76.42,0.3575217035575796,0.24771020299359733,0.10981150056398228
76.43,0.3589762366631905,0.25493752075403314,0.10403871590915736
76.44,0.35509815069493605,0.2584089259253958,0.09668922476954023
76.45,0.34478229826447077,0.25812361520599636,0.0866586830584744
76.46000000000001,0.32903741829379146,0.25415324152909385,0.07488417676469761
76.47,0.30794271872795687,0.24665141034301608,0.06129130838494079
76.48,0.2808805614871699,0.23586137428696413,0.04501918720020576
76.49,0.24929108252510787,0.22212121627771397,0.027169866247393898
76.5,0.21372935932430265,0.20586588315016044,0.007863476174142209
76.51,0.17444360848957843,0.1876255429160504,-0.013181934426471975
76.52,0.1330482586884403,0.1680198843355498,-0.03497162564710948
76.53,0.09053530201227479,0.1477481518831803,-0.05721284987090551
76.54,0.04821229578370284,0.12757490476293698,-0.07936260897923414
76.55,0.007407765405873394,0.10831169653137745,-0.10090393112550405
76.56,-0.030673038421651477,0.09079508238165647,-0.12146812080330795
76.57000000000001,-0.06381902720998642,0.07586156405094989,-0.1396805912609363
76.58,-0.09148309530883016,0.06432026750880757,-0.15580336281763774
76.59,-0.11260785942490106,0.056924306466731626,-0.1695321658916327
76.60000000000001,-0.12463230385933857,0.054341906723600286,-0.17897421058293886
76.61,-0.12810251360279445,0.05712844526486549,-0.18523095886765994
76.62,-0.12251496389932774,0.0657005885086145,-0.18821555240794224
76.63,-0.10572536168077566,0.08031369288101509,-0.18603905456179076
76.64,-0.07939544728659863,0.10104355705039729,-0.18043900433699592
76.65,-0.043854107351347225,0.1277734900944734,-0.17162759744582062
76.66,0.0018941195445368961,0.16018748744597572,-0.15829336790143883
76.67,0.05539836326847199,0.19777009274817103,-0.14237172947969906
76.68,0.11547776318233421,0.23981327687622334,-0.12433551369388912
76.69,0.1815462424927754,0.28543039517200036,-0.10388415267922496
76.7,0.2509782809546908,0.33357700152207465,-0.08259872056738382
76.71000000000001,0.3220264493871924,0.3830780152222998,-0.0610515658351074
76.72,0.3925696394595271,0.43266046585335616,-0.04009082639382905
76.73,0.46054000033592274,0.4809907946270745,-0.020450794291151764
76.74,0.524145122203425,0.5267154790495749,-0.0025703568461499238
76.75,0.5802736372584341,0.5685035811763166,0.011770056082117453
76.76,0.6280394700855884,0.6050897063309588,0.022949763754629537
76.77,0.6661951920387709,0.6353158048919463,0.03087938714682459
76.78,0.6915229441456585,0.6581702581295625,0.03335268601609598
76.79,0.7046290237174385,0.6728227609645596,0.0318062627528789
76.8,0.7052600472587992,0.6786536480538626,0.02660639920493657
76.81,0.6910272486176242,0.6752765002431825,0.01575074837444168
76.82000000000001,0.6639144603559479,0.662553109094656,0.0013613512612918877
76.83,0.6247984782042622,0.6406001585908719,-0.015801680386609784
76.84,0.5727932987242254,0.6097872940622123,-0.036993995337986973
76.85000000000001,0.5107433695899838,0.570726576310943,-0.05998320672095925
76.86,0.44041321506571335,0.5242536503755536,-0.08384043530984026
76.87,0.36260558594716213,0.4714012796635789,-0.10879569371641679
76.88,0.28026069088024663,0.4133661938535815,-0.13310550297333484
76.89,0.19548154796854111,0.3514704604870643,-0.1559889125185232
76.9,0.11040387997047602,0.2871188044359658,-0.1767149244654898
76.91,0.02728594952407997,0.22175345726705095,-0.19446750774297097
76.92,-0.05209887963442379,0.15680821309629847,-0.20890709273072228
76.93,-0.12504175701905101,0.09366339464891629,-0.2187051516679673
76.94,-0.1905188788317611,0.033603391574545956,-0.22412227040630706
76.95,-0.24763728867135457,-0.022221675808827845,-0.22541561286252673
76.96000000000001,-0.2940012134538332,-0.07282878581254419,-0.22117242764128897
76.97,-0.32998647771140655,-0.11742818347337633,-0.21255829423803022
76.98,-0.35581789338294967,-0.15544200662508018,-0.2003758867578695
76.99,-0.37011185686278814,-0.18651479718689837,-0.18359705967588977
77.0,-0.3743878499037577,-0.2105156546424602,-0.16387219526129748
77.01,-0.3698321109266203,-0.22753212617600202,-0.1422999847506183
77.02,-0.3563525444578341,-0.23785625895397303,-0.11849628550386107
77.03,-0.33603804232366064,-0.24196355064375902,-0.09407449167990162
77.04,-0.31055341479119786,-0.24048581139610567,-0.07006760339509219
77.05,-0.28089004358478076,-0.23417918259342096,-0.04671086099135979
77.06,-0.24901529519947127,-0.22388873505644044,-0.02512656014303083
77.07000000000001,-0.21645259121460855,-0.21051118486320053,-0.005941406351408024
77.08,-0.18469855642130314,-0.19495731391932936,0.01025875749802621
77.09,-0.15502145637017353,-0.17811566327146175,0.023094206901288217
77.10000000000001,-0.12828448881946886,-0.1608189811802095,0.03253449236074066
77.11,-0.10579165148978223,-0.14381475936816748,0.038023107878385254
77.12,-0.08782854126040453,-0.1277409865439677,0.03991244528356318
77.13,-0.07437438808170971,-0.11310799758880576,0.03873360950709605
77.14,-0.0660055834799608,-0.10028701097830146,0.034281427498340664
77.15,-0.06210798645899332,-0.08950563888829309,0.02739765242929977
77.16,-0.061921897893425906,-0.08085033770767813,0.018928439814252226
77.17,-0.06512736412304043,-0.0742754553800031,0.00914809125696267
77.18,-0.07060405106337533,-0.06961823984037152,-0.000985811223003813
77.19,-0.07729213141733293,-0.06661891262027803,-0.010673218797054906
77.2,-0.08421973225628497,-0.06494469480437907,-0.019275037451905896
77.21000000000001,-0.09030428619789113,-0.06421650831626001,-0.026087777881631122
77.22,-0.09472562183288545,-0.0640369709838838,-0.030688650849001645
77.23,-0.09639431636412085,-0.06401826330792998,-0.03237605305619087
77.24,-0.09475427761946224,-0.06380846978115007,-0.030945807838312175
77.25,-0.0896336791545475,-0.06311508651605632,-0.02651859263849117
77.26,-0.08041049039977075,-0.06172453551468149,-0.018685954885089257
77.27,-0.06731003281679644,-0.05951672719060496,-0.007793305626191481
77.28,-0.050909873026717914,-0.056473957428503765,0.0055640844017858515
77.29,-0.03143453894478984,-0.05268370232318161,0.02124916337839177
77.3,-0.009821877352719695,-0.048335170148579,0.03851329279585931
77.31,0.012855649174325775,-0.043709772589490395,0.05656542176381617
77.32000000000001,0.0355225483180564,-0.03916597209876476,0.07468852041682117
77.33,0.05689327737879108,-0.03511923605766308,0.09201251343645417
77.34,0.07590819597192032,-0.032018068809787435,0.10792626478170775
77.35000000000001,0.09102473614376543,-0.030317288708073476,0.1213420248518389
77.36,0.10113619164497997,-0.03044986014536822,0.13158605179034819
77.37,0.10574348348266617,-0.03279867359749637,0.13854215708016254
77.38,0.10346189649907295,-0.037669686125042075,0.14113158262411502
77.39,0.09385904004566498,-0.0452677895220261,0.13912682956769107
77.4,0.07734538141384072,-0.05567666520825205,0.13302204662209277
77.41,0.05331074624676207,-0.06884371867068269,0.12215446491744475
77.42,0.022277412853956225,-0.08457096898457504,0.10684838183853126
77.43,-0.014451131614487222,-0.10251251016599926,0.08806137855151204
77.44,-0.056354407767574756,-0.12217887214423505,0.06582446437666029
77.45,-0.10200204577387499,-0.1429483026572219,0.040946256883346896
77.46000000000001,-0.14960345998377333,-0.16408468081094968,0.014481220827176344
77.47,-0.19756751914210194,-0.1847614720422899,-0.012806047099812035
77.48,-0.24393014580936417,-0.20409085601717283,-0.03983928979219134
77.49,-0.28707472701968395,-0.22115691583229397,-0.06591781118738999
77.5,-0.32481267210140885,-0.23505157950291283,-0.08976109259849602
77.51,-0.3552371999115413,-0.24491186186540032,-0.11032533804614097
77.52,-0.37757695468255364,-0.24995687309736508,-0.12762008158518856
77.53,-0.3897709151566414,-0.24952304282740512,-0.1402478723292363
77.54,-0.3905903025545099,-0.24309605725178846,-0.14749424530272143
77.55,-0.38052735085386064,-0.2303381189572024,-0.15018923189665823
77.56,-0.35836656943476686,-0.21110931069550629,-0.14725725873926057
77.57000000000001,-0.32400628107446633,-0.18548206807073186,-0.13852421300373446
77.58,-0.27918818593018174,-0.15374803267221487,-0.12544015325796687
77.59,-0.2239941452901604,-0.11641685551042709,-0.10757728977973331
77.60000000000001,-0.1595772209377676,-0.07420683825600566,-0.08537038268176195
77.61,-0.08845789053061989,-0.028027623540252462,-0.06043026699036743
77.62,-0.012037880982510246,0.021044537971650304,-0.03308241895416055
77.63,0.06751854661989488,0.07179811993232685,-0.004279573312431964
77.64,0.14769457708589778,0.12292316469927875,0.024771412386619035
77.65,0.22618421654992293,0.17305233200298206,0.05313188454694087
77.66,0.30036046197208877,0.2208046758498641,0.07955578612222466
77.67,0.36854086718558315,0.26483056401937954,0.10371030316620361
77.68,0.42822337258740295,0.30385610775409216,0.12436726483331079
77.69,0.47701105519003784,0.3367254868150834,0.14028556837495443
77.7,0.5146477084057054,0.36243963580757155,0.15220807259813385
77.71000000000001,0.539192748981534,0.3801898978035105,0.15900285117802354
77.72,0.5491131803588956,0.38938544462290464,0.15972773573599092
77.73,0.5457252083387709,0.38967350139048856,0.15605170694828235
77.74,0.5282054520915834,0.3809516861254452,0.1472537659661382
77.75,0.49627762465456304,0.3633720718196859,0.13290555283487715
77.76,0.4524779235278671,0.3373368865849198,0.1151410369429473
77.77,0.39728349475753577,0.3034860745901728,0.09379742016736298
77.78,0.33172122060668136,0.2626772345047709,0.06904398610191048
77.79,0.25881404745016523,0.21595872159274507,0.04285532585742016
77.8,0.18011522266231794,0.16453693427449548,0.015578288387822464
77.81,0.0976559262621279,0.10973899730173547,-0.012083071039607568
77.82000000000001,0.01407508825254055,0.0529721950512138,-0.038897106798673246
77.83,-0.06852731923770083,-0.0043184046142402364,-0.0642089146234606
77.84,-0.14765807370765188,-0.06069266506332464,-0.08696540864432725
77.85000000000001,-0.22179019558647356,-0.11475698923091494,-0.10703320635555862
77.86,-0.28891674617811486,-0.16520345626362962,-0.12371328991448524
77.87,-0.34670206000759696,-0.2108452499221525,-0.13585681008544445
77.88,-0.3950965851128719,-0.2506473134875366,-0.14444927162533527
77.89,-0.43272522212190534,-0.28375137166856684,-0.1489738504533385
77.9,-0.4579316102791104,-0.30949469093645465,-0.14843691934265574
77.91,-0.47205880888427176,-0.3274221958108881,-0.14463661307338366
77.92,-0.4746472002994786,-0.337291809582814,-0.13735539071666458
77.93,-0.4650133516898271,-0.3390731336332915,-0.1259402180565356
77.94,-0.4454218631050544,-0.33293981032606296,-0.11248205277899143
77.95,-0.4163059143935492,-0.3192561218197748,-0.09704979257377438
77.96000000000001,-0.37797065608124525,-0.2985585537797463,-0.07941210230149892
77.97,-0.332926077543112,-0.2715331931635235,-0.06139288437958851
77.98,-0.28222506142105525,-0.23898992907271652,-0.04323513234833873
77.99,-0.22693609301846018,-0.20183448304388454,-0.02510160997457564
78.0,-0.16915890595752459,-0.16103930992442342,-0.008119596033101167
78.01,-0.11017091568403946,-0.11761438430214191,0.007443468618102453
78.02,-0.05143934198191742,-0.07257882366464427,0.02113948168272685
78.03,0.005792365295430611,-0.026934202852696407,0.03272656814812702
78.04,0.060394578669860345,0.018359709079811604,0.04203486959004874
78.05,0.11088039750442442,0.06240620193492244,0.048474195569501985
78.06,0.15700507976354397,0.10438943579190123,0.05261564397164274
78.07000000000001,0.19802810383742153,0.14358854041884567,0.054439563418575865
78.08,0.23273195570320054,0.17938789134095134,0.0533440643622492
78.09,0.26172774507486696,0.21128360128804133,0.05044414378682563
78.10000000000001,0.28473402254714014,0.23888640086372195,0.04584762168341819
78.11,0.3009484362778334,0.2619211975600077,0.03902723871782571
78.12,0.31151473078349873,0.28022369402665404,0.03129103675684469
78.13,0.31653670037365705,0.29373451249402327,0.022802187879633784
78.14,0.3156353218412876,0.30249131154338765,0.013144010297899966
78.15,0.3101216455803805,0.30661939449435965,0.003502251086020869
78.16,0.30033656206016834,0.3063212972900705,-0.005984735229902172
78.17,0.28624436266101516,0.3018658107858932,-0.015621448124878035
78.18,0.2690311970209169,0.29357684158530306,-0.024545644564386182
78.19,0.2491266878789307,0.28182245149013196,-0.03269576361120127
78.2,0.22673378178536627,0.2670043431207459,-0.04027056133537962
78.21000000000001,0.20275023299807762,0.2495479833179719,-0.04679775031989428
78.22,0.17759336589288138,0.22989348141435806,-0.052300115521476676
78.23,0.15162282205528602,0.2084872707979059,-0.056864448742619894
78.24,0.12540407013100258,0.1857745831878792,-0.06037051305687663
78.25,0.09929672912894866,0.16219265867501506,-0.0628959295460664
78.26,0.07377102294943472,0.1381646028615442,-0.06439357991210948
78.27,0.04908557312709987,0.11409378634313488,-0.065008213216035
78.28,0.025529835495197026,0.09035868121835722,-0.0648288457231602
78.29,0.0036544009173924714,0.06730804318386929,-0.06365364226647682
78.3,-0.01654864728641711,0.045256374042783036,-0.06180502132920014
78.31,-0.03487122039878163,0.024479635307888697,-0.05935085570667033
78.32000000000001,-0.050731525552718704,0.005211225616919267,-0.05594275116963797
78.33,-0.06437648972886882,-0.012361720884262465,-0.05201476884460636
78.34,-0.07570734184210026,-0.028101615108776803,-0.04760572673332346
78.35000000000001,-0.08420336779089226,-0.04192313486368636,-0.042280232927205896
78.36,-0.09032619547622303,-0.05379522146948285,-0.03653097400674018
78.37,-0.09412148317098061,-0.06374216760302577,-0.03037931556795484
78.38,-0.09526548499727568,-0.07184360963836302,-0.023421875358912658
78.39,-0.09437319957885969,-0.07823324982578868,-0.01613994975307101
78.4,-0.09165422783360327,-0.08309616129917537,-0.008558066534427908
78.41,-0.08711268189453489,-0.08666457148814481,-0.00044811040639007593
78.42,-0.08139768930778411,-0.08921207540765046,0.007814386099866344
78.43,-0.07486383653892256,-0.09104629697044483,0.016182460431522272
78.44,-0.06787969737947387,-0.09250009060669138,0.024620393227217513
78.45,-0.06098375527762657,-0.09392145316232392,0.03293769788469735
78.46000000000001,-0.05458834443031961,-0.09566239296799481,0.0410740485376752
78.47,-0.04934362566200608,-0.09806707464336174,0.048723448981355666
78.48,-0.04552649575548643,-0.10145962022886315,0.05593312447337672
78.49,-0.0434735675382273,-0.10613199554990566,0.06265842801167835
78.5,-0.04391863194653828,-0.11233244181055299,0.06841380986401471
78.51,-0.046775511118219745,-0.12025492355126224,0.0734794124330425
78.52,-0.052171661875090175,-0.13003005349766422,0.07785839162257405
78.53,-0.060669018267018954,-0.1417179217543601,0.08104890348734115
78.54,-0.07181677097961606,-0.15530320168069037,0.08348643070107431
78.55,-0.08545766664836534,-0.17069282920246776,0.08523516255410242
78.56,-0.10176121746815665,-0.1877164589537873,0.08595524148563065
78.57000000000001,-0.12002977251594786,-0.20612979320268,0.08610002068673213
78.58,-0.13984631674317288,-0.22562076253955068,0.0857744457963778
78.59,-0.16089228195770597,-0.24581841598892917,0.0849261340312232
78.60000000000001,-0.18243452227137347,-0.26630425813663194,0.08386973586525848
78.61,-0.20392609646198823,-0.2866256577743625,0.08269956131237427
78.62,-0.22463685162092178,-0.3063108520343103,0.08167400041338851
78.63,-0.24403694587575764,-0.3248849871737732,0.08084804129801554
78.64,-0.2616429005946094,-0.34188657653952553,0.08024367594491616
78.65,-0.276541528161029,-0.35688372133131313,0.08034219317028413
78.66,-0.28858905338771373,-0.36948943300725257,0.08090037961953883
78.67,-0.2975485912825267,-0.3793754186756683,0.08182682739314162
78.68,-0.3026205317471533,-0.38628374238678065,0.08366321063962734
78.69,-0.3041051270032402,-0.39003585428431703,0.08593072728107681
78.7,-0.30210837672854507,-0.3905385831777945,0.08843020644924943
78.71000000000001,-0.296192875679661,-0.38778681210197347,0.09159393642231245
78.72,-0.287010265239501,-0.381862695636806,0.09485243039730501
78.73,-0.27497337951375633,-0.372931426134185,0.09795804662042867
78.74,-0.2601073391863825,-0.3612337069392166,0.10112636775283407
78.75,-0.24320167331611328,-0.3470752373428742,0.10387356402676093
78.76,-0.22481604752543294,-0.33081364955415193,0.105997602028719
78.77,-0.20534908948305888,-0.31284345600360625,0.10749436652054736
78.78,-0.18547026655814722,-0.2935796600418917,0.10810939348374446
78.79,-0.1656648975044493,-0.2734407497989373,0.107775852294488
78.8,-0.14646509200478222,-0.2528318300522841,0.10636673804750188
78.81,-0.12821341907160308,-0.23212864824397125,0.10391522917236817
78.82000000000001,-0.11113189430326428,-0.21166323763407505,0.10053134333081076
78.83,-0.09559951961487331,-0.1917118339147743,0.096112314299901
78.84,-0.0815549407197856,-0.17248562392432829,0.09093068320454269
78.85000000000001,-0.06888495092490098,-0.15412476036220438,0.0852398094373034
78.86,-0.05761044484550696,-0.1366959298961422,0.07908548505063526
78.87,-0.04735003174302969,-0.12019360014242657,0.07284356839939687
78.88,-0.03773833944564426,-0.10454490088026856,0.0668065614346243
78.89,-0.028412061209060292,-0.08961792421448969,0.0612058630054294
78.9,-0.01888457206959515,-0.0752330650623049,0.05634849299270975
78.91,-0.008747095243084436,-0.06117687493636603,0.052429779693281595
78.92,0.002572416969309273,-0.047217775592232475,0.04979019256154175
78.93,0.015401864691937887,-0.03312288087455737,0.04852474556649526
78.94,0.029947558890074923,-0.018675110012590274,0.0486226689026652
78.95,0.04667917710816984,-0.0036897472262535373,0.05036892433442338
78.96000000000001,0.06555708768416413,0.011970387265697584,0.05358670041846654
78.97,0.08641540568959252,0.028381940699080087,0.058033464990512436
78.98,0.10930584234687811,0.0455509052524621,0.06375493709441601
78.99,0.133755798569332,0.06340594889417871,0.0703498496751533
79.0,0.15922328668456812,0.0817956295841177,0.07742765710045042
79.01,0.18516612419612524,0.10048975069292143,0.08467637350320381
79.02,0.21079485081439792,0.119184927966108,0.09160992284828992
79.03,0.23537760024134405,0.137514243637715,0.09786335660362905
79.04,0.25783859859537395,0.15506067005297292,0.10277792854240103
79.05,0.2773406239992145,0.1713737621255731,0.1059668618736414
79.06,0.29328033420901517,0.18598895354228714,0.10729138066672803
79.07000000000001,0.3043498788765578,0.19844865354157107,0.10590122533498672
79.08,0.30999822946602296,0.2083242359810185,0.10167399348500444
79.09,0.3100780186415769,0.21523794555086828,0.09484007309070863
79.10000000000001,0.3034969807788632,0.21888372104710122,0.08461325973176201
79.11,0.29027033133523433,0.21904595444562763,0.0712243768896067
79.12,0.2709011207768753,0.21561526707027137,0.05528585370660391
79.13,0.24494337047765005,0.20860048844710619,0.036342882030543866
79.14,0.21309633446985327,0.19813616565064177,0.0149601688192115
79.15,0.17647198063726396,0.18448510552501218,-0.008013124887748219
79.16,0.13551433086000572,0.16803565206974921,-0.03252132120974349
79.17,0.09150318249653785,0.14929361828422544,-0.05779043578768758
79.18,0.04586465529505189,0.12886901678962845,-0.08300436149457656
79.19,-0.000120718662428047,0.10745795705539178,-0.10757867571781983
79.2,-0.04490395203786089,0.0858202894627794,-0.1307242415006403
79.21000000000001,-0.08720949801673207,0.06475376852353687,-0.15196326654026893
79.22,-0.12527539493960546,0.04506567088775641,-0.17034106582736186
79.23,-0.15771776890076014,0.027542931015185214,-0.18526069991594535
79.24,-0.18388697953696906,0.012921942706266516,-0.19680892224323557
79.25,-0.2020882856096522,0.0018592139785738003,-0.203947499588226
79.26,-0.2115291224917055,-0.005095946168023468,-0.20643317632368202
79.27,-0.21249293866658064,-0.007525587905387588,-0.20496735076119305
79.28,-0.20391036912021368,-0.005163110354726218,-0.19874725876548746
79.29,-0.18586262721448404,0.0020917897019055104,-0.18795441691638956
79.3,-0.15957498975255804,0.014163897204089155,-0.1737388869566472
79.31,-0.124977093396991,0.030799459838090813,-0.1557765532350818
79.32000000000001,-0.08306668533224726,0.05156960947796157,-0.13463629481020883
79.33,-0.03569225965461401,0.07588021619302174,-0.11157247584763574
79.34,0.016161575001752866,0.10298791847725164,-0.08682634347549878
79.35000000000001,0.07080169902191415,0.13202183307446075,-0.0612201340525466
79.36,0.12631323538046374,0.1620102254728891,-0.03569699009242536
79.37,0.1809416496653165,0.19191122686462916,-0.010969577199312658
79.38,0.23272661153081856,0.22064652304197568,0.012080088488842872
79.39,0.2803021698958046,0.24713682182806357,0.03316534806774102
79.4,0.32167507263075135,0.27033783299739045,0.0513372396333609
79.41,0.3551316398853758,0.28927547111170815,0.06585616877366768
79.42,0.38032060543315205,0.3030790181369538,0.07724158729619823
79.43,0.3956090994702255,0.31101105792750533,0.08459804154272016
79.44,0.39998146503686544,0.31249311548566827,0.08748834955119716
79.45,0.39425547711739756,0.3071260953012621,0.08712938181613544
79.46000000000001,0.377628440869967,0.29470480839698593,0.08292363247298107
79.47,0.35004263206303593,0.2752260989611349,0.074816533101901
79.48,0.31327084161940955,0.2488903196572278,0.06438052196218175
79.49,0.2675345727920728,0.21609615026538037,0.05143842252669245
79.5,0.2137324625187787,0.17742899743206642,0.03630346508671228
79.51,0.15407864635309595,0.13364344438680104,0.02043520196629492
79.52,0.08969037249167845,0.08564042953239111,0.004049942959287345
79.53,0.02216907061301068,0.0344400138068591,-0.01227094319384842
79.54,-0.04647347657836524,-0.01884925807874492,-0.027624218499620316
79.55,-0.11461105736874151,-0.07306329317162834,-0.041547764197113174
79.56,-0.18036111965608553,-0.1270165133432137,-0.05334460631287183
79.57000000000001,-0.2424784589779143,-0.1795358626918374,-0.0629425962860769
79.58,-0.29932723932182637,-0.22949360767276683,-0.06983363164905954
79.59,-0.3492039398398527,-0.2758378532600288,-0.07336608657982391
79.60000000000001,-0.39193942989290875,-0.3176198127186104,-0.07431961717429836
79.61,-0.42632951407270725,-0.35401701669304153,-0.07231249737966572
79.62,-0.4512154578972851,-0.38435182251065314,-0.06686363538663198
79.63,-0.46747753923646973,-0.4081047790954341,-0.05937276014103565
79.64,-0.47459268865577053,-0.4249226083083778,-0.04967008034739273
79.65,-0.47212414114699797,-0.4346207712342392,-0.037503369912758766
79.66,-0.4616746325445265,-0.4371807894021029,-0.024493843142423588
79.67,-0.4434067958611917,-0.43274267811632416,-0.01066411774486753
79.68,-0.4175665914428864,-0.42159301475584227,0.004026423312955885
79.69,-0.385985165694574,-0.40414930294890994,0.018164137254335966
79.7,-0.34930852698267023,-0.38094139916524644,0.03163287218257621
79.71000000000001,-0.3082526051345154,-0.352590838224984,0.04433823309046858
79.72,-0.26439214485291396,-0.31978892686357985,0.05539678201066589
79.73,-0.2185524495708755,-0.2832744698293754,0.06472202025849988
79.74,-0.171627365182078,-0.2438119526550156,0.0721845874729376
79.75,-0.12461269040762815,-0.2021709323667703,0.07755824195914215
79.76,-0.07823275476980292,-0.15910728643469776,0.08087453166489485
79.77,-0.033297529035581565,-0.11534684677471393,0.08204931773913238
79.78,0.009859742328557441,-0.07157180596523352,0.08143154829379096
79.79,0.05077595439749272,-0.028410133926109627,0.07918608832360234
79.8,0.08887107728566815,0.01357190778960521,0.07529916949606294
79.81,0.12433912737785945,0.053874213264884487,0.07046491411297495
79.82000000000001,0.15698497355355245,0.09206443525847896,0.0649205382950735
79.83,0.18645648011808805,0.1277770561795423,0.05867942393854575
79.84,0.21321928387592673,0.1607103352112808,0.05250894866464592
79.85000000000001,0.23723405713333773,0.19062161028263794,0.04661244685069979
79.86,0.25825560915190593,0.2173214761497799,0.04093413300212603
79.87,0.27677505091880694,0.2406673735118277,0.03610767740697923
79.88,0.29275798114908225,0.26055710926097914,0.03220087188810311
79.89,0.3059026300442615,0.2769227864078519,0.028979843636409597
79.9,0.31659414362049315,0.28972555690726676,0.026868586713226394
79.91,0.32470033133428866,0.29895152557651505,0.025748805757773607
79.92,0.32974846479439845,0.30460903343458706,0.025139431359811393
79.93,0.3320397673224819,0.30672743958551435,0.025312327736967566
79.94,0.33134474761458105,0.3053574080422454,0.02598733957233562
79.95,0.3270245348138391,0.30057259551141224,0.02645193930242684
79.96000000000001,0.31943266957089994,0.2924725337805217,0.02696013579037826
79.97,0.3083469637787939,0.28118641112666504,0.027160552652128855
79.98,0.293106144587482,0.2668773855371173,0.026228759050364703
79.99,0.27427101665774656,0.24974701201528335,0.02452400464246321
80.0,0.2517842006733165,0.23003933928800074,0.021744861385315783
80.01,0.22520443049488623,0.208044229110153,0.01716020138473323
80.02,0.19536673668257243,0.18409947414420402,0.011267262538368406
80.03,0.16250974499805762,0.15859133693956215,0.003918408058495471
80.04,0.1266659874491624,0.13195320058120566,-0.00528721313204325
80.05,0.08885470582660986,0.10466210783722743,-0.015807402010617574
80.06,0.04964344338575089,0.07723306598042427,-0.02758962259467338
80.07000000000001,0.009700363069577743,0.05021110411074945,-0.04051074104117171
80.08,-0.03001676944298163,0.024161183563270825,-0.05417795300625246
80.09,-0.06871017043418538,-0.00034382552769330227,-0.06836634490649209
80.10000000000001,-0.10508767767008646,-0.02273678253129598,-0.08235089513879049
80.11,-0.1385795304946861,-0.042471116182919946,-0.09610841431176616
80.12,-0.1683675935490017,-0.059036374408682306,-0.10933121914031937
80.13,-0.19274920738352322,-0.07197393399132351,-0.1207752733921997
80.14,-0.21182876229201733,-0.08089228404404124,-0.1309364782479761
80.15,-0.2250216633485535,-0.08548128578500833,-0.13954037756354518
80.16,-0.23059191060437173,-0.08552482482043439,-0.14506708578393734
80.17,-0.2294426665926622,-0.0809113106954926,-0.1485313558971696
80.18,-0.22143200515573902,-0.07164154043264526,-0.14979046472309376
80.19,-0.20523555993118864,-0.057833525717906974,-0.14740203421328166
80.2,-0.1824448280396511,-0.03972398400638778,-0.1427208440332633
80.21000000000001,-0.1534310988171061,-0.017666308059024388,-0.1357647907580817
80.22,-0.11771962690533687,0.007875048293128038,-0.1255946751984649
80.23,-0.0771989733020764,0.036333702960722185,-0.11353267626279859
80.24,-0.03271419497789824,0.06705380532898174,-0.09976800030687998
80.25,0.015191653527684916,0.09930551070873729,-0.08411385718105238
80.26,0.06477370340095082,0.13230304734201115,-0.06752934394106033
80.27,0.11491662800430391,0.16522485861780534,-0.050308230613501426
80.28,0.16416961601307736,0.1972352262989364,-0.033065610285859026
80.29,0.21134669547332588,0.2275067247983048,-0.016160029324978925
80.3,0.25535983617903923,0.2552428237643897,0.00011701241464950884
80.31,0.294202641523999,0.27969994740185544,0.014502694122143556
80.32000000000001,0.32753233283056915,0.3002083140793814,0.02732401875118773
80.33,0.3545902464237682,0.31619091795901777,0.038399328464750415
80.34,0.3733102969025838,0.3271800738591851,0.0461302230433987
80.35000000000001,0.3842737851154838,0.33283102481787286,0.05144276029761097
80.36,0.38726953899613703,0.3329322057014256,0.05433733329471141
80.37,0.3806768902798436,0.327411862069574,0.05326502821026957
80.38,0.3658637674936937,0.31634083739695473,0.04952293009673897
80.39,0.3432384586233612,0.29993145954734857,0.04330699907601265
80.4,0.3120098409263936,0.27853257499301454,0.033477265933379075
80.41,0.27401888089524973,0.25262089273209937,0.02139798816315036
80.42,0.23020031378648775,0.22278890556119113,0.007411408225296623
80.43,0.180764764238774,0.1897297511248721,-0.008964986886098092
80.44,0.12761926794553158,0.15421945634347695,-0.026600188397945368
80.45,0.07199424527997225,0.1170970743751961,-0.045102829095223854
80.46000000000001,0.015030573407028189,0.07924327180826253,-0.06421269840123434
80.47,-0.04170114413519647,0.04155795457140498,-0.08325909870660145
80.48,-0.09698083254242684,0.0049375340064873475,-0.10191836654891419
80.49,-0.14902333340444504,-0.029747569824199096,-0.11927576358024594
80.5,-0.19690521248493373,-0.061674611178081665,-0.13523060130685205
80.51,-0.23971948517930958,-0.09008884704340613,-0.14963063813590344
80.52,-0.27546043674343434,-0.11432201831903552,-0.16113841842439883
80.53,-0.3040127271897897,-0.13380855035708444,-0.17020417683270528
80.54,-0.32500814760436375,-0.1480991072163344,-0.17690904038802935
80.55,-0.3366800162159439,-0.15687120796541698,-0.17980880825052692
80.56,-0.339711664967791,-0.15993669131766183,-0.17977497365012915
80.57000000000001,-0.3343701419113027,-0.1572458946015932,-0.17712424730970952
80.58,-0.3195203628940935,-0.14888849257517223,-0.1706318703189213
80.59,-0.2964797777399086,-0.135091019102194,-0.16138875863771457
80.60000000000001,-0.26609716980455744,-0.11621116869935402,-0.14988600110520342
80.61,-0.22811144714791215,-0.0927290441662553,-0.13538240298165685
80.62,-0.18419681831130363,-0.06523557991708512,-0.11896123839421852
80.63,-0.13559299955109727,-0.03441842746729401,-0.10117457208380326
80.64,-0.08295635135973363,-0.0010456392240127002,-0.08191071213572093
80.65,-0.027985609876613485,0.034052471111557715,-0.0620380809881712
80.66,0.027974485120726096,0.07000287886371943,-0.04202839374299334
80.67,0.08351218008030811,0.10591037037582313,-0.022398190295515014
80.68,0.13722895809440622,0.14087857934187373,-0.0036496212474675105
80.69,0.1879930548132296,0.17403107003673743,0.013961984776492159
80.7,0.23396837923672656,0.204531998167817,0.029436381068909556
80.71000000000001,0.2743164577544025,0.23160588657972195,0.04271057117468055
80.72,0.3083965765802213,0.25455606797379604,0.05384050860642525
80.73,0.3343748645571021,0.2727813702110063,0.06159349434609579
80.74,0.3521227223955397,0.28579065165737355,0.06633207073816616
80.75,0.3616617396364914,0.29321483433223877,0.06844690530425263
80.76,0.3615853104263153,0.29481613113602106,0.06676917929029424
80.77,0.3524879234570293,0.29049421980645684,0.06199370365057244
80.78,0.33507107569618283,0.28028917991625524,0.05478189577992759
80.79,0.3086784719011404,0.2643810793750429,0.04429739252609749
80.8,0.2745008756094353,0.24308617246093003,0.03141470314850528
80.81,0.23377008603980762,0.2168497510256128,0.01692033501419482
80.82000000000001,0.18672096150744807,0.18623577255289706,0.00048518895455101907
80.83,0.13489603712876552,0.15191347130006208,-0.017017434171296558
80.84,0.07976792905128012,0.11464123968098681,-0.034873310629706694
80.85000000000001,0.02238345168791657,0.07524814404949846,-0.052864692361581894
80.86,-0.03567857881901304,0.0346135096947172,-0.07029208851373024
80.87,-0.09306771842097031,-0.006354928270451505,-0.0867127901505188
80.88,-0.14820636857952904,-0.046743760724321494,-0.10146260785520755
80.89,-0.19980162274693433,-0.08565694226209133,-0.114144680484843
80.9,-0.24696968086762808,-0.12223852388488728,-0.1247311569827408
80.91,-0.2880122556421609,-0.15569446830219458,-0.1323177873399663
80.92,-0.3221817161146316,-0.18531294788372912,-0.13686876823090247
80.93,-0.34929265368577517,-0.2104825559489644,-0.13881009773681077
80.94,-0.3679546393798894,-0.2307079108573202,-0.13724672852256922
80.95,-0.37810308162541373,-0.24562219845731,-0.13248088316810372
80.96000000000001,-0.3803013649741033,-0.25499628039667943,-0.12530508457742384
80.97,-0.3737968239454444,-0.2587440914634792,-0.11505273248196518
80.98,-0.35919172539024835,-0.2569241557910869,-0.10226756959916145
80.99,-0.33764758496018715,-0.24973716616139904,-0.08791041879878811
81.0,-0.30919226058076815,-0.23751968909873675,-0.0716725714820314
81.01,-0.2749293399228789,-0.2207341769854556,-0.05419516293742327
81.02,-0.23630591379405447,-0.19995558292274498,-0.03635033087130948
81.03,-0.19405403186439155,-0.1758549803920824,-0.018199051472309158
81.04,-0.14950637466780187,-0.14918068400800577,-0.00032569065979609624
81.05,-0.1040105079801846,-0.12073744619951259,0.016726938219327983
81.06,-0.05874227765494538,-0.0913643644261316,0.03262208677118623
81.07000000000001,-0.014955397362532073,-0.061912172080488034,0.046956774717955965
81.08,0.026446649524759606,-0.03322060187048429,0.0596672513952439
81.09,0.06419854940317214,-0.006096502383336505,0.07029505178650865
81.10000000000001,0.09738947905197978,0.018706643207267584,0.0786828358447122
81.11,0.12576355810983325,0.04050720171009923,0.08525635639973403
81.12,0.14829994851528078,0.0587113582827303,0.08958859023255047
81.13,0.16458449128660183,0.0728261421760746,0.09175834911052723
81.14,0.17501722872989578,0.08246919094315515,0.09254803778674063
81.15,0.17903620310092608,0.08737505202407184,0.09166115107685424
81.16,0.17673536197973225,0.08739794419072497,0.08933741778900728
81.17,0.16899446164947982,0.08251102581336349,0.08648343583611633
81.18,0.15575477622266068,0.07280233739570079,0.08295243882695989
81.19,0.13749902427889696,0.05846769756121003,0.07903132671768692
81.2,0.11529699420096266,0.039800930256291125,0.07549606394467154
81.21000000000001,0.0894806361927998,0.01718188250608269,0.07229875368671712
81.22,0.060722586374708225,-0.008937246528643287,0.06965983290335151
81.23,0.02998424422116046,-0.0380467054759473,0.06803094969710777
81.24,-0.0022136104182976036,-0.06959454473678961,0.067380934318492
81.25,-0.03521323356947523,-0.1030019584595401,0.06778872489006488
81.26,-0.0683697931659535,-0.13767808058811862,0.06930828742216512
81.27,-0.10117250030941569,-0.17303375474049618,0.07186125443108049
81.28,-0.13311890101677282,-0.20849387014282955,0.07537496912605673
81.29,-0.1639425175818612,-0.24350794355172914,0.07956542596986793
81.3,-0.19325979748609515,-0.2775587258132097,0.08429892832711453
81.31,-0.22075743614624013,-0.3101687167172982,0.08941128057105804
81.32000000000001,-0.2464692890736101,-0.3409045781260689,0.09443528905245879
81.33,-0.27014152556939774,-0.36937953795041856,0.09923801238102081
81.34,-0.2915790295361501,-0.3952539715861452,0.10367494204999511
81.35000000000001,-0.31096173114407827,-0.4182344284663924,0.10727269732231415
81.36,-0.3280771737382319,-0.43807143564273676,0.10999426190450484
81.37,-0.3427181308407509,-0.45455645477499673,0.11183832393424581
81.38,-0.35507104667259337,-0.46751839154764296,0.11244734487504959
81.39,-0.36485362649728337,-0.47682005635352476,0.11196642985624139
81.4,-0.37172940539041965,-0.4823549522222609,0.11062554683184123
81.41,-0.375843111870252,-0.48404472166764956,0.10820160979739757
81.42,-0.37678799978124067,-0.4818375207023492,0.10504952092110853
81.43,-0.37406565123461255,-0.47570750900579767,0.10164185777118512
81.44,-0.3678482867550513,-0.46565555424427074,0.09780726748921942
81.45,-0.3576593405883948,-0.4517111505781968,0.09405180998980195
81.46000000000001,-0.3429301047608058,-0.4339354516163954,0.09100534685558959
81.47,-0.3240078083801088,-0.4124252218279167,0.0884174134478079
81.48,-0.30050828733948753,-0.3873174229560731,0.08680913561658554
81.49,-0.27199688321815163,-0.3587940782146037,0.08679719499645205
81.5,-0.23913183654998135,-0.32708700131948126,0.08795516476949991
81.51,-0.20183113019037205,-0.2924819432558101,0.09065081306543807
81.52,-0.16004582430909964,-0.25532169964193585,0.09527587533283621
81.53,-0.11476849974176374,-0.2160077370432195,0.10123923730145575
81.54,-0.06638038949760977,-0.17499993779031067,0.1086195482927009
81.55,-0.015417374104705582,-0.1328141286916251,0.1173967545869195
81.56,0.0369468275635791,-0.09001714717520895,0.12696397473878807
81.57000000000001,0.08984698182626513,-0.04721930536690224,0.13706628719316738
81.58,0.14211515130477423,-0.005064233899061575,0.1471793852038358
81.59,0.19271561860287048,0.03578378250295385,0.15693183609991662
81.60000000000001,0.2404636324318273,0.07465473235025698,0.16580890008157034
81.61,0.28372295541558573,0.11088969237007096,0.17283326304551477
81.62,0.3219877974909082,0.14385903457643795,0.17812876291447027
81.63,0.35407562227965644,0.17298142537946146,0.181094196900195
81.64,0.3782461504826967,0.19774293359723266,0.18050321688546406
81.65,0.39484007323957204,0.21771550737600104,0.177124565863571
81.66,0.4030578452980233,0.23257405316655827,0.17048379213146503
81.67,0.40153278307528517,0.2421113555859766,0.15942142748930857
81.68,0.39154529719078685,0.24625011636395375,0.1452951808268331
81.69,0.3729826202128551,0.24505146330548103,0.12793115690737408
81.7,0.34529962827250044,0.23871938446818056,0.10658024380431988
81.71000000000001,0.31050114331009726,0.227600675265669,0.08290046804442827
81.72,0.2692650392289245,0.21218014232870175,0.057084896900222726
81.73,0.22213099329379277,0.19307098186429358,0.029060011429499183
81.74,0.17132633307532646,0.1710004351766171,0.00032589789870937635
81.75,0.11816363383030591,0.1467910124998797,-0.02862737866957378
81.76,0.06423249338626028,0.12133776052004697,-0.05710526713378669
81.77,0.01132965443275169,0.09558222106846377,-0.08425256663571208
81.78,-0.03898142020273119,0.07048388089745042,-0.1094653011001816
81.79,-0.0844210890867127,0.046990038272413534,-0.13141112735912625
81.8,-0.1242168387577344,0.02600510536101628,-0.15022194411875067
81.81,-0.1570474761652364,0.00836042131544117,-0.16540789748067758
81.82000000000001,-0.18054953105379282,-0.005214333771059263,-0.17533519728273356
81.83,-0.19529477642733312,-0.0141170608753635,-0.18117771555196963
81.84,-0.20064067940151067,-0.017895506151054195,-0.18274517325045647
81.85000000000001,-0.1948244758982231,-0.01626498300585758,-0.17855949289236553
81.86,-0.17967093954323485,-0.009120814726418102,-0.17055012481681675
81.87,-0.15544141959087274,0.003455061218593809,-0.15889648080946656
81.88,-0.12152812671375904,0.02119368215952841,-0.14272180887328745
81.89,-0.08050254602723184,0.0436449758477566,-0.12414752187498843
81.9,-0.03345878496236769,0.07018990527163414,-0.10364869023400183
81.91,0.018814233429212117,0.10005851422398163,-0.0812442807947695
81.92,0.07377742123168719,0.13235332313493792,-0.058575901903250724
81.93,0.12985372105855478,0.16607732049414545,-0.03622359943559067
81.94,0.1850213873800473,0.20016561713852643,-0.015144229758479122
81.95,0.237579309596171,0.23351968610104676,0.004059623495124232
81.96000000000001,0.28597928258673466,0.2650430056498809,0.020936276936853737
81.97,0.3275037088777692,0.2936768621058181,0.03382684677195108
81.98,0.36185346032944593,0.31843505478026907,0.043418405549176864
81.99,0.38800793387736215,0.3384362788327249,0.04957165504463723
82.0,0.40330987356368747,0.35293304199456127,0.0503768315691262
82.01,0.4089892320629187,0.36133609504846004,0.04765313701445867
82.02,0.4048522988382094,0.3632335190141451,0.04161877982406431
82.03,0.38909582777068513,0.35840380790193,0.030692019868755138
82.04,0.36407067689929495,0.34682250704313256,0.0172481698561624
82.05,0.3304471262376509,0.32866220474339025,0.0017849214942606273
82.06,0.28779817045531586,0.30428592000233157,-0.016487749547015706
82.07000000000001,0.23884526330411532,0.2742341716722452,-0.03538890836812986
82.08,0.18489676609303946,0.23920624515673383,-0.05430947906369438
82.09,0.12691744603694244,0.20003638253336561,-0.07311893649642318
82.10000000000001,0.06722968807652531,0.1576658026379287,-0.0904361145614034
82.11,0.007333052112685659,0.11311160218434457,-0.10577855007165891
82.12,-0.050837518587871666,0.06743369190882628,-0.11827121049669795
82.13,-0.10595795785018432,0.021700979221044702,-0.12765893707122902
82.14,-0.1568289037253468,-0.023041981020746664,-0.13378692270460013
82.15,-0.20123239416452315,-0.06580668322659626,-0.13542571093792688
82.16,-0.23910277721649142,-0.10568961358163141,-0.13341316363486
82.17,-0.2699036676760967,-0.1418974610162701,-0.1280062066598266
82.18,-0.29183500544616,-0.17376777995547477,-0.11806722549068521
82.19,-0.3059589568903097,-0.20078447820643092,-0.1051744786838788
82.2,-0.3125151070229765,-0.22258771478171793,-0.08992739224125859
82.21000000000001,-0.31059753030717513,-0.23897801647682432,-0.07161951383035081
82.22,-0.30195009521877464,-0.24991464938807273,-0.05203544583070191
82.23,-0.28742586033970624,-0.2555085029915421,-0.031917357348164144
82.24,-0.26712400233415867,-0.25600995097632107,-0.011114051357837607
82.25,-0.24287763161524378,-0.25179233652805105,0.00891470491280727
82.26,-0.2157918119483045,-0.2433318830419613,0.027540071093656804
82.27,-0.18671846716835244,-0.23118494850945517,0.04446648134110273
82.28,-0.15704257695387341,-0.21596361885178178,0.058921041897908366
82.29,-0.12770737212959118,-0.19831066979573833,0.07060329766614715
82.3,-0.09983609951108927,-0.1788749178582416,0.07903881834715235
82.31,-0.07404852223138453,-0.15828792982661466,0.08423940759523013
82.32000000000001,-0.050818359655403295,-0.13714296975509005,0.08632461009968675
82.33,-0.031037310361082777,-0.11597693753287654,0.08493962717179376
82.34,-0.014540246065007343,-0.09525589950987359,0.08071565344486625
82.35000000000001,-0.001239001072643681,-0.07536463662151344,0.07412563554886975
82.36,0.00853299872600051,-0.056600446877406126,0.06513344560340664
82.37,0.015477761031511926,-0.03917124537502507,0.05464900640653699
82.38,0.020103241042283195,-0.02319781466900217,0.04330105571128537
82.39,0.02267247018458549,-0.008719879592610147,0.031392349777195634
82.4,0.02402664587263065,0.004294478914734098,0.019732166957896553
82.41,0.024792116045998708,0.015936690129565938,0.00885542591643277
82.42,0.025589400757521214,0.026343561636967612,-0.0007541608794463979
82.43,0.027010562584953268,0.03568193807830168,-0.008671375493348413
82.44,0.02947609840763182,0.044132969153789864,-0.014656870746158044
82.45,0.033571697771089426,0.05187679699404034,-0.018305099222950913
82.46000000000001,0.03940332907520356,0.05907842738119257,-0.019675098305989014
82.47,0.046979438576730245,0.06587546921175981,-0.018896030635029565
82.48,0.056486456249395335,0.07236831624538681,-0.015881859995991475
82.49,0.06753518242962633,0.0786132100743013,-0.01107802764467497
82.5,0.07972142772126288,0.08461846991966755,-0.004897042198404672
82.51,0.09265887661274781,0.09034401059976216,0.002314866012985653
82.52,0.10567018544553743,0.09570410252002681,0.009966082925510614
82.53,0.11814224296852988,0.10057316457196211,0.017569078396567767
82.54,0.12921230288212737,0.10479422988115936,0.024418073000968016
82.55,0.13824702161435015,0.10818959228697574,0.030057429327374416
82.56,0.14474297151941734,0.1105730342255463,0.034169937293871036
82.57000000000001,0.14769101998395762,0.11176295910854585,0.03592806087541177
82.58,0.14682511565330142,0.11159570674784687,0.03522940890545455
82.59,0.14204430988158218,0.10993832075442428,0.0321059891271579
82.60000000000001,0.13262165651480762,0.10670006242543816,0.025921594089369462
82.61,0.1188453736655366,0.10184202511333212,0.017003348552204478
82.62,0.10115006009484431,0.09538429359958865,0.005765766495255661
82.63,0.07943891998942418,0.0874102103306712,-0.007971290341247023
82.64,0.054529417771672146,0.07806744907051161,-0.02353803129883946
82.65,0.02729401904391423,0.06756575018543402,-0.040271731141519794
82.66,-0.0016173608562208832,0.056171333342200494,-0.05778869419842138
82.67,-0.031093140555633725,0.044198165459279244,-0.07529130601491296
82.68,-0.06012799590056519,0.03199641688023902,-0.09212441278080422
82.69,-0.08750175437782431,0.019938579824415763,-0.10744033420224008
82.7,-0.11217612080089148,0.00840384372971211,-0.12057996453060359
82.71000000000001,-0.133413401170191,-0.002238583434892116,-0.13117481773529888
82.72,-0.14983926368454173,-0.011646454856345164,-0.13819280882819657
82.73,-0.16086215954425645,-0.019520982151716538,-0.1413411773925399
82.74,-0.1663495520897664,-0.025622071586317414,-0.140727480503449
82.75,-0.16527928804911649,-0.029781560540763544,-0.13549772750835293
82.76,-0.1577548997379707,-0.03191378913824639,-0.1258411105997243
82.77,-0.14438028741999057,-0.03202294620461664,-0.11235734121537393
82.78,-0.12489270656409679,-0.03020675929806179,-0.09468594726603499
82.79,-0.10012225641226227,-0.026656249901003723,-0.07346600651125855
82.8,-0.07126394033555082,-0.021651440584125915,-0.049612499751424906
82.81,-0.038964814751935896,-0.015553073960688536,-0.02341174079124736
82.82000000000001,-0.004574730749631099,-0.008790576143055713,0.004215845393424613
82.83,0.03050847972149613,-0.001846662770883737,0.03235514249237986
82.84,0.0649006967449819,0.00476086361837662,0.060139833126605285
82.85000000000001,0.09712110148900414,0.010499446575602598,0.08662165491340154
82.86,0.12607070305994006,0.014843458054281009,0.11122724500565905
82.87,0.150073316665272,0.017296377612067107,0.13277693905320487
82.88,0.16797146694260331,0.017412579163919938,0.15055888777868337
82.89,0.17939979914935794,0.014817835334371256,0.1645819638149867
82.9,0.1829569056755317,0.009227685365131105,0.17372922031040058
82.91,0.17818862809207273,0.00046288369567011074,0.17772574439640262
82.92,0.1656658827664876,-0.011538749986608383,0.177204632753096
82.93,0.14475468185371648,-0.026714626312932272,0.17146930816664877
82.94,0.11589027694397011,-0.04487421919726972,0.16076449614123983
82.95,0.08046194144117882,-0.06570065568276923,0.14616259712394805
82.96000000000001,0.038849879982366,-0.0887570997551574,0.12760697973752338
82.97,-0.007691230742957163,-0.11349778199156685,0.10580655124860969
82.98,-0.05736871351884283,-0.13928334626983654,0.08191463275099371
82.99,-0.10887412163996353,-0.16540001587903905,0.056525894239075516
83.0,-0.16044524791910875,-0.19108193093894607,0.030636683019837324
83.01,-0.21046773321326467,-0.2155358829831471,0.00506814976988243
83.02,-0.2570961756040553,-0.23796757581801306,-0.019128599786042227
83.03,-0.2985285096989902,-0.2576084780779056,-0.040920031621084596
83.04,-0.3338839021806262,-0.2737423046649854,-0.0601415975156408
83.05,-0.3613462414251225,-0.2857301724823356,-0.07561606894278688
83.06,-0.3795649234119225,-0.2930335200917203,-0.0865314033202022
83.07000000000001,-0.3887317723645622,-0.29523395929173585,-0.09349781307282634
83.08,-0.3876145145168944,-0.29204933593707605,-0.09556517857981833
83.09,-0.3756900690506547,-0.28334541324463286,-0.09234465580602186
83.10000000000001,-0.3542259881213465,-0.2691427480048679,-0.08508324011647855
83.11,-0.3229383419960161,-0.24961850241778546,-0.07331983957823066
83.12,-0.28228716662075204,-0.22510311506736058,-0.05718405155339146
83.13,-0.2342739975739569,-0.19607193695563582,-0.03820206061832107
83.14,-0.17962702624258553,-0.16313211568508645,-0.016494910557499076
83.15,-0.11968273427442679,-0.12700517624897786,0.007322441974551078
83.16,-0.056595625801072094,-0.08850589445608477,0.031910268655012675
83.17,0.008140077763311613,-0.04851818354351491,0.056658261306826524
83.18,0.07264820675973252,-0.007968811747983922,0.08061701850771644
83.19,0.1352577521331266,0.03220016464864313,0.10305758748448347
83.2,0.1941738735223941,0.07105933395796399,0.12311453956443011
83.21000000000001,0.24745247333076195,0.10771930734671532,0.13973316598404661
83.22,0.29439775356227116,0.1413566539723818,0.15304109958988935
83.23,0.33344372958810775,0.171237566301727,0.16220616328638074
83.24,0.3630558707395067,0.1967385188268916,0.16631735191261507
83.25,0.3837099386924955,0.21736329727389392,0.16634664141860156
83.26,0.3944966188750667,0.23275590857936423,0.16174071029570247
83.27,0.3946481128003639,0.24270902911929307,0.1519390836810708
83.28,0.38565918247782766,0.24716780425326065,0.138491378224567
83.29,0.3674811294158697,0.24622897038996353,0.12125215902590616
83.3,0.3402617537069046,0.24013542574871702,0.10012632795818757
83.31,0.3060706463009436,0.22926652234112388,0.07680412395981973
83.32000000000001,0.2656568075974114,0.21412448447043267,0.051532323126978724
83.33,0.21999677727998782,0.1953174739490247,0.024679303330963104
83.34,0.17114422150125586,0.17353991577700859,-0.00239569427575273
83.35000000000001,0.12035924565571025,0.14955076762644756,-0.029191521970737308
83.36,0.06916180087921046,0.12415046053126479,-0.05498865965205432
83.37,0.01903462907765788,0.0981572560878529,-0.07912262701019503
83.38,-0.028653599358914823,0.07238375760711642,-0.10103735696603125
83.39,-0.0722357777426961,0.04761428033894679,-0.1198500580816429
83.4,-0.11115921587183135,0.024583731273753982,-0.13574294714558532
83.41,-0.14433337917220998,0.0039585749989521305,-0.14829195417116212
83.42,-0.17034108821868157,-0.013679627876081225,-0.15666146034260034
83.43,-0.18963351348639906,-0.027847725214466847,-0.1617857882719322
83.44,-0.20165742091153563,-0.03817124613181973,-0.1634861747797159
83.45,-0.20554301670898537,-0.04439128093439641,-0.16115173577458897
83.46000000000001,-0.20253729776065305,-0.0463679200529679,-0.15616937770768513
83.47,-0.19269719109564737,-0.0440803122984663,-0.14861687879718108
83.48,-0.17583434196202855,-0.03762350321694846,-0.13821083874508008
83.49,-0.15358884645574689,-0.027202303667773018,-0.12638654278797387
83.5,-0.12652040412220866,-0.013122514506865865,-0.11339788961534279
83.51,-0.09507990334770387,0.004220106407261483,-0.09930000975496536
83.52,-0.060838814358174766,0.02435270490250545,-0.08519151926068022
83.53,-0.024632214940745793,0.046739562159915767,-0.07137177710066156
83.54,0.012631911445953868,0.07079723072509476,-0.0581653192791409
83.55,0.04983443270592337,0.09591011430336077,-0.0460756815974374
83.56,0.08612483857060453,0.12144605145640813,-0.0353212128858036
83.57000000000001,0.12039083409827499,0.14677149675983642,-0.02638066266156143
83.58,0.15217568619622185,0.1712659369829097,-0.019090250786687857
83.59,0.18082358573344876,0.1943352319635044,-0.013511646230055657
83.60000000000001,0.2052634767498166,0.21542362748858576,-0.010160150738769164
83.61,0.2257076854190683,0.2340242480502624,-0.008316562631194097
83.62,0.24180421032048868,0.24968793831410713,-0.007883727993618445
83.63,0.2526997624654571,0.26203038117993405,-0.009330618714476935
83.64,0.2591152127462988,0.2707374753745024,-0.011622262628203595
83.65,0.2610021070037248,0.2755690048658273,-0.014566897862102524
83.66,0.2578037643177282,0.2763606746899859,-0.01855691037225765
83.67,0.2505023585263432,0.2730246221079983,-0.0225222635816551
83.68,0.23927307963990616,0.2655485378612728,-0.02627545822136665
83.69,0.22384600629990006,0.25399354958323606,-0.030147543283335992
83.7,0.2052215128813404,0.238491028455147,-0.033269515573806585
83.71000000000001,0.18368913765318556,0.21923848161616125,-0.03554934396297568
83.72,0.15920520394341708,0.1964946875952019,-0.037289483651784805
83.73,0.13261776892418703,0.1705742212985008,-0.037956452374313776
83.74,0.10424040345753115,0.14184150019494118,-0.037601096737410036
83.75,0.0741933963282522,0.11070446571147595,-0.03651106938322375
83.76,0.04310018227703068,0.07760799491748235,-0.03450781264045168
83.77,0.011255018435622535,0.04302711871975507,-0.031772100284132535
83.78,-0.02108306347577763,0.007460105271706729,-0.02854316874748436
83.79,-0.053508395031903924,-0.02857854778752013,-0.024929847244383792
83.8,-0.08574293817019672,-0.06456518042971322,-0.0211777577404835
83.81,-0.11736459923908985,-0.09997407268149494,-0.017390526557594904
83.82000000000001,-0.14814754806396924,-0.1342845619744867,-0.013862986089482526
83.83,-0.17780474232093746,-0.16698815412067539,-0.010816588200262073
83.84,-0.20569788105983608,-0.1975956015824608,-0.008102279477375268
83.85000000000001,-0.2317620964548635,-0.22564391387668895,-0.006118182578174564
83.86,-0.25568173465249694,-0.2507032529926607,-0.00497848165983622
83.87,-0.27658693723537225,-0.2723836524539362,-0.004203284781436056
83.88,-0.2945809250536077,-0.2903414830944249,-0.004239441959182799
83.89,-0.30934892879906145,-0.30428557282785806,-0.005063355971203387
83.9,-0.31983645817206,-0.31398287278782744,-0.005853585384232585
83.91,-0.3263671181728745,-0.3192635493172768,-0.007103568855597708
83.92,-0.3287031392303606,-0.320025371448178,-0.0086777677821826
83.93,-0.32574726436450063,-0.3162372576853339,-0.009510006679166738
83.94,-0.3181010634777706,-0.30794184489629617,-0.01015921858147445
83.95,-0.30570900644518806,-0.29525694653152923,-0.010452059913658829
83.96000000000001,-0.2876554506437081,-0.27837577766083615,-0.009279672982871967
83.97,-0.2648355530005354,-0.2575658405849705,-0.0072697124155648996
83.98,-0.23746947451307965,-0.2331663869896257,-0.004303087523453958
83.99,-0.20507539830266291,-0.20558440042675996,0.0005090021240970466
84.0,-0.1687770753555349,-0.17528907576497538,0.0065120004094404715
84.01,-0.12910429705325532,-0.1428048093454346,0.013700512292179279
84.02,-0.08620758519462861,-0.10870275390355622,0.022495168708927607
84.03,-0.04128133214357971,-0.07359103468214681,0.0323097025385671
84.04,0.00489542468268362,-0.03810376623936895,0.04299919092205257
84.05,0.05147552835978441,-0.002889051815341126,0.054364580175125535
84.06,0.0974223159376239,0.03140381271985836,0.06601850321776555
84.07000000000001,0.1418671287386641,0.06413767184619434,0.07772945689246977
84.08,0.18338488477943624,0.09470109047941537,0.08868379430002087
84.09,0.2213416927214463,0.12252186649466598,0.09881982622678032
84.10000000000001,0.2550057985433409,0.14708014386639856,0.10792565467694232
84.11,0.2826705195951199,0.16792078615678607,0.11474973343833383
84.12,0.30429648079912547,0.18466467112956475,0.11963180966956072
84.13,0.31951872738434767,0.19701857831715577,0.1225001490671919
84.14,0.3267579835758493,0.2047833626437579,0.12197462093209138
84.15,0.326643300265444,0.2078601386050746,0.11878316166036942
84.16,0.31933369304028036,0.2062542405951817,0.11307945244509868
84.17,0.3037895881078662,0.20007677498898788,0.10371281311887834
84.18,0.28122692919521264,0.18954363744714184,0.0916832917480708
84.19,0.25235014811766077,0.17497193321677423,0.07737821490088653
84.2,0.21695296656037014,0.15677380728935117,0.06017915927101897
84.21000000000001,0.17660500011928318,0.13544776324542576,0.04115723687385742
84.22,0.13241594436658768,0.11156762238078251,0.020848321985805177
84.23,0.08509204243288856,0.08576934606028361,-0.0006773036273950428
84.24,0.0362192907663926,0.058736011916968145,-0.02251672115057554
84.25,-0.012964275772762893,0.03118129625001195,-0.044145572022774845
84.26,-0.061011264865652344,0.00383186860948871,-0.06484313347514105
84.27,-0.10667993094147143,-0.022590851914122224,-0.08408907902734922
84.28,-0.14894488385925322,-0.04738909751618429,-0.10155578634306894
84.29,-0.18600072325423098,-0.06990681010291627,-0.1160939131513147
84.3,-0.21724139088534175,-0.08954685386852529,-0.12769453701681646
84.31,-0.24215837430744885,-0.10578688971438346,-0.1363714845930654
84.32000000000001,-0.2590775349604986,-0.11819344559437048,-0.14088408936612815
84.33,-0.2681722743064266,-0.12643375821940792,-0.14173851608701868
84.34,-0.26962087341631435,-0.1302850170493197,-0.13933585636699466
84.35000000000001,-0.2623340825225059,-0.12964070983330614,-0.13269337268919976
84.36,-0.2472193605442344,-0.12451384834778563,-0.12270551219644878
84.37,-0.22511594672748766,-0.1150369412049667,-0.11007900552252096
84.38,-0.19580344776179984,-0.10145867507616127,-0.09434477268563857
84.39,-0.16069726538569568,-0.08413736350135817,-0.0765599018843375
84.4,-0.12107374925110556,-0.06353132054342449,-0.05754242870768107
84.41,-0.07761228951630741,-0.04018641168688802,-0.0374258778294194
84.42,-0.03188682315038959,-0.014721123375327891,-0.017165699775061702
84.43,0.014749733510145167,0.01219042765837744,0.002559305851767727
84.44,0.06094568741736548,0.03983705644467795,0.02110863097268753
84.45,0.10535003124534345,0.0674901013255141,0.03785992991982935
84.46000000000001,0.1469226681182067,0.09442346673031622,0.05249920138789048
84.47,0.18405067596130875,0.11993352076094518,0.06411715520036357
84.48,0.21591961217129035,0.14335825218994222,0.07256135998134813
84.49,0.24209988994704054,0.16409511196678644,0.0780047779802541
84.5,0.2611813888017824,0.18161700389552732,0.07956438490625506
84.51,0.2730515039359003,0.19548594672024525,0.07756555721565503
84.52,0.27800366834892354,0.20536400369542923,0.0726396646534943
84.53,0.2752041128761486,0.21102116347470462,0.06418294940144398
84.54,0.2652204632839531,0.21233995492964053,0.05288050835431257
84.55,0.24896202099301123,0.20931668497071826,0.039645336022292976
84.56,0.22634532864415213,0.20205929891452154,0.024286029729630593
84.57000000000001,0.19842380403466675,0.1907819735550547,0.007641830479612061
84.58,0.16643290310084152,0.17579665992610335,-0.009363756825261832
84.59,0.1309740720014009,0.1575018919498038,-0.026527819948402892
84.60000000000001,0.09328106097594623,0.13636926515659145,-0.043088204180645226
84.61,0.054539921779590564,0.11292806321594899,-0.058388141436358426
84.62,0.015772505004376686,0.0877485664276331,-0.07197606142325641
84.63,-0.02193286257244528,0.0614246135024253,-0.08335747607487058
84.64,-0.05777757070003736,0.03455600453353389,-0.09233357523357125
84.65,-0.09067973850202594,0.007731328421521698,-0.09841106692354765
84.66,-0.11995016673175643,-0.018488227629903455,-0.10146193910185297
84.67,-0.14537085406681266,-0.043583574572506285,-0.10178727949430638
84.68,-0.16612853786098195,-0.06709047580551768,-0.09903806205546427
84.69,-0.18204830564963878,-0.08860999074638153,-0.09343831490325726
84.7,-0.19348684907902583,-0.10781633128700559,-0.08567051779202024
84.71000000000001,-0.20009027709378024,-0.12446195588119244,-0.0756283212125878
84.72,-0.20215317640766572,-0.1383798321498517,-0.06377334425781403
84.73,-0.20041879861370845,-0.14948290585801036,-0.0509358927556981
84.74,-0.19499707311525713,-0.1577609177041647,-0.03723615541109243
84.75,-0.18647604902005915,-0.16327480550037715,-0.023201243519682002
84.76,-0.17569509672320488,-0.16614901424993722,-0.009546082473267659
84.77,-0.16306919993205138,-0.16656210705095442,0.0034929071189030436
84.78,-0.14924056578315634,-0.16473612297330226,0.01549555719014592
84.79,-0.13486368709838506,-0.16092516209356597,0.02606147499518091
84.8,-0.12041783608612718,-0.15540369155017716,0.03498585546404999
84.81,-0.10638084330403694,-0.14845505947444737,0.04207421617041043
84.82000000000001,-0.093051680725514,-0.14036067650804196,0.047308995782527966
84.83,-0.08075578258865285,-0.13139027872763082,0.05063449613897797
84.84,-0.06968076167273339,-0.12179362334843911,0.052112861675705724
84.85000000000001,-0.05976194391320539,-0.11179389245502822,0.052031948541822824
84.86,-0.05106133507108799,-0.10158299367131166,0.050521658600223666
84.87,-0.04347911584529771,-0.09131885402200418,0.04783973817670647
84.88,-0.03672635557826555,-0.08112470840347079,0.04439835282520524
84.89,-0.03063468113940551,-0.0710902913011567,0.040455610161751185
84.9,-0.024936641698685025,-0.061274753784675264,0.036338112085990235
84.91,-0.019332115357092772,-0.051711051212617515,0.032378935855524746
84.92,-0.013569235663005025,-0.042411483860417536,0.02884224819741251
84.93,-0.007395455182549957,-0.033374025608671885,0.02597857042612193
84.94,-0.0006854214002401772,-0.024589046922813607,0.02390362552257343
84.95,0.006712390226313808,-0.016046028815486175,0.022758419041799982
84.96000000000001,0.014867342836144408,-0.007739874621839318,0.022607217457983726
84.97,0.023656128549798726,0.000323544356684332,0.023332584193114392
84.98,0.03299975508051555,0.00812292644502232,0.02487682863549323
84.99,0.042701625524999724,0.015618415364681774,0.02708321016031795
85.0,0.05246083971218859,0.022749994640708354,0.029710845071480235
85.01,0.061956107937338974,0.029437497894435755,0.03251861004290322
85.02,0.07076602496859341,0.03558224434299238,0.035183780625601034
85.03,0.07859431143168465,0.04107022043047749,0.037524091001207155
85.04,0.0849944579118707,0.04577664394544149,0.03921781396642921
85.05,0.08947501352011493,0.04957167037393161,0.039903343146183316
85.06,0.09195081199253442,0.052326936387599,0.039623875604935424
85.07000000000001,0.09204699520875878,0.05392258553473519,0.03812440967402359
85.08,0.08941301254922956,0.05425438896563127,0.035158623583598295
85.09,0.08430271806997258,0.053240561146235245,0.031062156923737337
85.10000000000001,0.07660132685840378,0.05082787785501503,0.025773449003388745
85.11,0.06628134455837066,0.04699673122099377,0.01928461333737689
85.12,0.053911707184445073,0.041764803087089936,0.012146904097355138
85.13,0.03972807229377905,0.03518910158736173,0.004538970706417324
85.14,0.024098243512378246,0.027366183679457978,-0.0032679401670797324
85.15,0.007721855547803696,0.018430474919770474,-0.010708619371966778
85.16,-0.008873968389301965,0.00855069288499656,-0.017424661274298526
85.17,-0.025008738989394225,-0.002075522177612746,-0.022933216811781478
85.18,-0.04013196530458847,-0.013228571334975849,-0.026903393969612624
85.19,-0.05362162229720216,-0.024675170171452005,-0.028946452125750154
85.2,-0.06470954904127448,-0.03617757018216709,-0.028531978859107382
85.21000000000001,-0.07325374137381203,-0.0475033073125196,-0.025750434061292432
85.22,-0.07879783367404772,-0.058435015452883605,-0.020362818221164113
85.23,-0.08078241288980938,-0.06877982286851739,-0.01200259002129199
85.24,-0.07959243528480602,-0.07837785253233123,-0.0012145827524747826
85.25,-0.07515406810880387,-0.08710937359175316,0.011955305482949291
85.26,-0.06737606709320772,-0.09490020011882584,0.027524133025618125
85.27,-0.05707553359972032,-0.10172500316952464,0.04464946956980432
85.28,-0.04463632796265853,-0.10760829030167358,0.06297196233901506
85.29,-0.030549541637970863,-0.11262290944547414,0.08207336780750327
85.3,-0.015768230777427086,-0.11688604699625685,0.10111781621882976
85.31,-0.0010212430516111405,-0.12055280823587959,0.11953156518426845
85.32000000000001,0.012715733450160405,-0.12380758635332309,0.1365233198034835
85.33,0.02475118250629135,-0.12685353896434223,0.15160472147063359
85.34,0.03428308700207655,-0.1299005927802199,0.16418367978229645
85.35000000000001,0.04015563884458485,-0.1331524829656715,0.17330812181025634
85.36,0.042282362788721675,-0.1367933993712754,0.1790757621599971
85.37,0.040121951487324045,-0.14097485364960174,0.18109680513692578
85.38,0.03276609872979744,-0.14580339667548708,0.17856949540528452
85.39,0.020871317109484352,-0.1513298032220007,0.17220112033148505
85.4,0.004422603042456003,-0.1575403002397876,0.1619629032822436
85.41,-0.01683030849707529,-0.1643503473434451,0.14752003884636983
85.42,-0.04164052589753702,-0.1716013854506232,0.12996085955308617
85.43,-0.06941256637533914,-0.17906085533162291,0.10964828895628377
85.44,-0.09949715920598792,-0.18642565652483162,0.0869284973188437
85.45,-0.13047728093176497,-0.1933290739289563,0.06285179299719132
85.46000000000001,-0.16129374936519064,-0.19935105031094572,0.038057300945755074
85.47,-0.1904352679950469,-0.20403153427731402,0.013596266282267122
85.48,-0.21687020729370157,-0.20688649138030463,-0.009983715913396946
85.49,-0.23941601926934586,-0.20742603724928171,-0.031989982020064145
85.5,-0.2560400692665328,-0.20517404180203758,-0.0508660274644952
85.51,-0.26658702609196533,-0.19968846785788635,-0.06689855823407898
85.52,-0.2701702438997965,-0.19058165007340802,-0.07958859382638847
85.53,-0.26480092380160364,-0.17753969415385712,-0.08726122964774652
85.54,-0.2514306916020575,-0.1603401835793146,-0.0910905080227429
85.55,-0.2298156052326368,-0.1388674220655723,-0.09094818316706452
85.56,-0.19863682472182176,-0.11312451367578197,-0.08551231104603979
85.57000000000001,-0.15980753056279362,-0.08324168652980429,-0.07656584403298933
85.58,-0.11386885438850915,-0.049480396724455505,-0.06438845766405364
85.59,-0.0606600141276821,-0.012232901499632996,-0.04842711262804911
85.60000000000001,-0.0025483509518212343,0.02798284100563756,-0.030531191957458795
85.61,0.059263891395585924,0.07053291048706913,-0.011269019091483201
85.62,0.12359831437145018,0.1146815870361106,0.008916727335339575
85.63,0.1883550335815225,0.15960954824211862,0.02874548533940388
85.64,0.25202751127900413,0.20443554921123447,0.047591962067769666
85.65,0.3123036227054245,0.24824089056456392,0.06406273214086058
85.66,0.36805163944868713,0.2900958612190359,0.07795577822965122
85.67,0.41791562713010955,0.3290872546041698,0.08882837252593972
85.68,0.4590487052788362,0.36434600278852447,0.09470270249031171
85.69,0.49167721117137775,0.3950739552776693,0.09660325589370844
85.7,0.5150134285899537,0.4205688490187067,0.09444457957124697
85.71000000000001,0.5264844034960097,0.4402465728913036,0.08623783060470608
85.72,0.5276222490921181,0.453659921650724,0.07396232744139408
85.73,0.5184671443979838,0.4605131574432299,0.0579539869547539
85.74,0.4974150794421998,0.46067184686700813,0.03674323257519169
85.75,0.4668927583762605,0.4541676122258104,0.012725146150450062
85.76,0.4277563995051382,0.44119762037951676,-0.013441220874378546
85.77,0.37974556541145804,0.42211882411592366,-0.04237325870446562
85.78,0.32553474663955856,0.3974371616555618,-0.07190241501600325
85.79,0.2665218782931269,0.3677921022025319,-0.10127022390940499
85.8,0.20374379203104498,0.3339370921734844,-0.1301933001424394
85.81,0.13944055340865333,0.2967166013370787,-0.1572760479284254
85.82000000000001,0.07511295268690898,0.2570405849719307,-0.18192763228502173
85.83,0.01267226405111544,0.21585726286004556,-0.20318499880893012
85.84,-0.046592709353524914,0.17412516537844375,-0.22071787473196866
85.85000000000001,-0.10152886948672848,0.13278540950693124,-0.23431427899365972
85.86,-0.14998394982992053,0.09273514313740279,-0.2427190929673233
85.87,-0.19183458076291174,0.05480303607684287,-0.2466376168397546
85.88,-0.22658663146583663,0.0197276034628289,-0.24631423492866553
85.89,-0.25246920898674724,-0.011860973842558626,-0.2406082351441886
85.9,-0.2704016630301276,-0.03945501161572947,-0.2309466514143981
85.91,-0.28062643650539043,-0.06267910835199524,-0.21794732815339518
85.92,-0.28216948304119355,-0.0812953673299449,-0.20087411571124864
85.93,-0.276605266217738,-0.0952040411508068,-0.1814012250669312
85.94,-0.2647505615122839,-0.10443975521605192,-0.16031080629623196
85.95,-0.24653341819591207,-0.10916362545645987,-0.1373697927394522
85.96000000000001,-0.22367699566167173,-0.1096517270772802,-0.11402526858439153
85.97,-0.19724945866043422,-0.1062804897187444,-0.09096896894168982
85.98,-0.16789259026409872,-0.09950968591297897,-0.06838290435111975
85.99,-0.13701900964869818,-0.08986374096745606,-0.04715526868124212
86.0,-0.10559391445471746,-0.07791212171432801,-0.02768179274038944
86.01,-0.0746079441748321,-0.06424955865413132,-0.010358385520700786
86.02,-0.044880827653562425,-0.049476822027963635,0.0045959943744012105
86.03,-0.01701595128709498,-0.034182709754158574,0.017166758467063593
86.04,0.008026661241444851,-0.018927817653484825,0.026954478894929676
86.05,0.03007106766901845,-0.004230554674284469,0.03430162234330292
86.06,0.0489628328140179,0.00944425657822327,0.039518576235794634
86.07000000000001,0.06402744017524364,0.021693984771622224,0.04233345540362142
86.08,0.07558218383195238,0.0321839244483961,0.04339825938355628
86.09,0.08383661337808414,0.04065021412042985,0.04318639925765429
86.10000000000001,0.08846746284020968,0.04690011155056053,0.04156735128964915
86.11,0.09002697002528787,0.0508099047779232,0.039217065247364666
86.12,0.08889961326197471,0.05232082285805328,0.03657879040392143
86.13,0.0850164149520525,0.05143337286084179,0.03358304209121071
86.14,0.07891457311051868,0.048200567191380085,0.030714005919138594
86.15,0.07096150820810697,0.042720516835963715,0.028240991372143254
86.16,0.0611770263510316,0.03512885205357865,0.02604817429745295
86.17,0.04993463793341231,0.02559139396196546,0.02434324397144685
86.18,0.037476961848442084,0.014297441205308391,0.023179520643133694
86.19,0.023789854493863914,0.001453959253663646,0.022335895240200267
86.2,0.009073220113661776,-0.012719129493254025,0.0217923496069158
86.21000000000001,-0.006543721718105721,-0.027992453528164343,0.021448731810058623
86.22,-0.02311510502781401,-0.04412949561092231,0.021014390583108302
86.23,-0.040512810101952526,-0.06088778464326923,0.020374974541316704
86.24,-0.05862076149322638,-0.07801915540855514,0.019398393915328764
86.25,-0.07742030807827562,-0.09526932823746609,0.017849020159190473
86.26,-0.09671609262953658,-0.11237711556875479,0.015661022939218214
86.27,-0.11629383992055775,-0.12907359638362106,0.012779756463063313
86.28,-0.13589975114503278,-0.14508161060854297,0.009181859463510189
86.29,-0.15518247596184992,-0.1601159130277896,0.004933437065939683
86.3,-0.17379218819404332,-0.17388429051049073,9.210231644740663e-05
86.31,-0.19113404758120345,-0.18608988917038052,-0.005044158410822924
86.32000000000001,-0.2067242398103122,-0.19643492233771562,-0.010289317472596593
86.33,-0.22016210080870305,-0.20462583986006846,-0.015536260948634584
86.34,-0.2305523322130343,-0.21037993902959887,-0.020172393183435444
86.35000000000001,-0.23742383659118876,-0.21343329273545394,-0.02399054385573482
86.36,-0.24051489631608416,-0.2135497669822828,-0.026965129333801352
86.37,-0.23884341384946634,-0.2105308034818467,-0.028312610367619645
86.38,-0.2321688650532147,-0.20422555916831275,-0.02794330588490196
86.39,-0.2205831976203844,-0.19454092825239033,-0.02604226936799406
86.4,-0.20334729963345344,-0.18145092808707536,-0.02189637154637808
86.41,-0.18065235169820618,-0.16500491094197756,-0.01564744075622862
86.42,-0.153072967302821,-0.14533407186743966,-0.007738895435381338
86.43,-0.12043570208493488,-0.12265575895941681,0.0022200568744819293
86.44,-0.08345280582411124,-0.09727515592236866,0.013822350098257413
86.45,-0.04313397767774177,-0.06958399590501564,0.026450018227273872
86.46000000000001,-4.628275594488213e-05,-0.040056076875300294,0.04000979411935541
86.47,0.044661433226106495,-0.009239477844317846,0.05390091107042434
86.48,0.08979328015334474,0.02225448341594372,0.06753879673740103
86.49,0.1341124450564116,0.053765363111569944,0.08034708194484165
86.5,0.17629302214062303,0.08460043980565933,0.0916925823349637
86.51,0.21534059111381565,0.11405382437805256,0.10128676673576309
86.52,0.24967312540530012,0.1414272325382716,0.10824589286702851
86.53,0.27815635424926055,0.16605171646297787,0.11210463778628268
86.54,0.3003894868929299,0.1873095738300752,0.11307991306285467
86.55,0.31493008693108,0.20465560482735043,0.11027448210372956
86.56,0.3211988663432537,0.21763687386521555,0.10356199247803813
86.57000000000001,0.31962796896978335,0.22591015452280944,0.09371781444697391
86.58,0.3093938707573628,0.22925629395348865,0.08013757680387415
86.59,0.29070481910822304,0.2275908252203038,0.06311399388791925
86.60000000000001,0.264795478961613,0.22097027990274914,0.04382519905886384
86.61,0.2317579469666019,0.2095938044169337,0.022164142549668198
86.62,0.1925974625136584,0.19379985611778433,-0.0012023936041259398
86.63,0.14902750318885855,0.17405794261822347,-0.02503043942936492
86.64,0.10205027924801294,0.15095556227911905,-0.04890528303110611
86.65,0.05323030284979266,0.12518069742586996,-0.0719503945760773
86.66,0.004231674617228395,0.09750039632755318,-0.09326872171032478
86.67,-0.04335360878489787,0.06873614734901777,-0.11208975613391564
86.68,-0.08782928577849064,0.03973689154572275,-0.12756617732421338
86.69,-0.12813707639110103,0.011350631812893787,-0.1394877082039948
86.7,-0.16262641736936242,-0.01560432777404638,-0.14702208959531604
86.71000000000001,-0.18996209808980835,-0.040367443428512687,-0.14959465466129568
86.72,-0.21007465198078693,-0.06226223193952555,-0.14781242004126138
86.73,-0.22181203243879494,-0.08071979761036337,-0.14109223482843158
86.74,-0.22460462789183938,-0.09529866497453553,-0.12930596291730384
86.75,-0.21943043844703583,-0.10570012605166627,-0.11373031239536956
86.76,-0.206020400715251,-0.11177847411466868,-0.09424192660058231
86.77,-0.18475420889579688,-0.11354568647599023,-0.07120852241980666
86.78,-0.15735261461955502,-0.11117032920120984,-0.04618228541834518
86.79,-0.1245036022674978,-0.10497067854523207,-0.01953292372226574
86.8,-0.08743251182077813,-0.09540227833550947,0.007969766514731344
86.81,-0.048028440582000495,-0.08304037036207662,0.035011929780076126
86.82000000000001,-0.007674984679366739,-0.06855783713371327,0.060882852454346534
86.83,0.031923654598257564,-0.052699474755779095,0.08462312935403665
86.84,0.06935713760665403,-0.036253560743292286,0.10561069834994632
86.85000000000001,0.10304602537998646,-0.02002179112078179,0.12306781650076826
86.86,0.13132706380064973,-0.004788728517808172,0.1361157923184579
86.87,0.15375834414706596,0.008708074788740628,0.14505026935832532
86.88,0.16911991393362352,0.019806138884476163,0.14931377504914736
86.89,0.1763002458979732,0.02794323258752185,0.14835701331045134
86.9,0.1759799702129308,0.03267870544082109,0.1433012647721097
86.91,0.16770988819881053,0.033710166701741685,0.13399972149706885
86.92,0.15127026539584912,0.030884884903291717,0.1203853804925574
86.93,0.12822425606852839,0.024205488441786875,0.1040187676267415
86.94,0.09901844435362511,0.013829770780353003,0.08518867357327212
86.95,0.06438639029069138,6.463415183396836e-05,0.0643217561388574
86.96000000000001,0.02622423939125511,-0.016645566279673334,0.04286980567092845
86.97,-0.014320240901791653,-0.03573579924884766,0.02141555834705601
86.98,-0.055794883337254256,-0.05654158031982343,0.0007466969825691769
86.99,-0.09663211024361901,-0.07832379782885278,-0.01830831241476623
87.0,-0.1354126899004291,-0.10029616538844471,-0.03511652451198438
87.01,-0.17041768446116187,-0.12165423118935921,-0.04876345327180266
87.02,-0.20094448183195393,-0.1416048245909208,-0.05933965724103313
87.03,-0.22580053578439852,-0.15939481599441005,-0.06640571978998847
87.04,-0.24351978296322557,-0.17433810653425616,-0.06918167642896941
87.05,-0.25448726638540775,-0.18583984760497121,-0.06864741878043654
87.06,-0.25812054665699047,-0.19341701279817042,-0.06470353385882005
87.07000000000001,-0.2536248868295868,-0.19671460098206822,-0.05691028584751856
87.08,-0.2423116482906388,-0.19551693218664196,-0.04679471610399685
87.09,-0.2243470881541944,-0.1897536997763546,-0.03459338837783982
87.10000000000001,-0.1997940398413208,-0.17950065450301914,-0.02029338533830166
87.11,-0.17041681897672842,-0.16497500950067195,-0.005441809476056464
87.12,-0.13699343380927415,-0.1465258612269435,0.009532427417669354
87.13,-0.10034978626006354,-0.12462011131484114,0.02427032505477761
87.14,-0.062101618862397845,-0.09982454060665619,0.03772292174425834
87.15,-0.023300894064575042,-0.07278482273969251,0.04948392867511747
87.16,0.014789330675475212,-0.04420236536484505,0.058991696040320264
87.17,0.05120853883023942,-0.014809928817074488,0.06601846764731391
87.18,0.0850245601255888,0.014653007037842176,0.07037155308774662
87.19,0.1149668271566766,0.04346417705473744,0.07150265010193915
87.2,0.14096573575957844,0.07094087463833591,0.07002486112124252
87.21000000000001,0.1625043249618261,0.09645990867089389,0.0660444162909322
87.22,0.17867961598844787,0.11947450306021612,0.059205112928231746
87.23,0.19021412638105112,0.13952761924715468,0.05068650713389644
87.24,0.19710088343529242,0.15626135051661658,0.04083953291867584
87.25,0.19899493459453643,0.16942221536697005,0.02957271922756638
87.26,0.19704635528193665,0.17886235742766546,0.01818399785427119
87.27,0.1916392819501583,0.18453683345591257,0.007102448494245739
87.28,0.1829387495837286,0.1864973311937984,-0.0035585816100698053
87.29,0.17205962970924601,0.1848827984868225,-0.012823168777576499
87.3,0.15952014041443918,0.17990757826672452,-0.020387437852285334
87.31,0.14575055555965147,0.17184772629968353,-0.026097170740032066
87.32000000000001,0.13146402683470407,0.16102623699607155,-0.02956221016136748
87.33,0.1170447057230556,0.1477979156740872,-0.030753209951031604
87.34,0.10286659797899379,0.13253461371735173,-0.029668015738357936
87.35000000000001,0.08911129801217937,0.11561148793074925,-0.02650018991856988
87.36,0.07587146224485856,0.09739486045315685,-0.02152339820829828
87.37,0.06321651030010417,0.0782321455393909,-0.015015635239286729
87.38,0.05093316091795276,0.058444180188540876,-0.007511019270588115
87.39,0.03884030231257463,0.03832015360483976,0.0005201487077348757
87.4,0.026646477056595837,0.01811518296771498,0.008531294088880856
87.41,0.014056782250660045,-0.0019495627362240136,0.01600634498688406
87.42,0.0007902426843937138,-0.021684425876570247,0.022474668560963963
87.43,-0.013632516918366498,-0.040926866671443636,0.027294349753077138
87.44,-0.029266176433862118,-0.05953556927943088,0.03026939284556876
87.45,-0.04625331414652153,-0.07738357763608275,0.031130263489561223
87.46000000000001,-0.06492296360368602,-0.09435103556450722,0.0294280719608212
87.47,-0.0849299666724392,-0.11031811860857677,0.025388151936137568
87.48,-0.10609920907063532,-0.12515872605143452,0.019059516980799204
87.49,-0.12824823806964733,-0.13873545180299807,0.010487213733350736
87.5,-0.15073333467606959,-0.1508962748724494,0.00016294019637980162
87.51,-0.17303218328084374,-0.16147330795518422,-0.011558875325659523
87.52,-0.1942569450283678,-0.17028382140319528,-0.02397312362517251
87.53,-0.21378374479325493,-0.17713362558837897,-0.03665011920487596
87.54,-0.2308932415836487,-0.18182275412723986,-0.04907048745640885
87.55,-0.2441088156088144,-0.18415325065558982,-0.05995556495322457
87.56,-0.2532061294476394,-0.18393872985883478,-0.06926739958880465
87.57000000000001,-0.2575623730439573,-0.1810152659742279,-0.07654710706972939
87.58,-0.2555230996450567,-0.17525306502786359,-0.08027003461719312
87.59,-0.2475475957301506,-0.16656830575185172,-0.08097928997829887
87.60000000000001,-0.23342563857174375,-0.15493449236239842,-0.07849114620934533
87.61,-0.21189603529483692,-0.1403926527109171,-0.0715033825839198
87.62,-0.18415366347089265,-0.12305973879272969,-0.061093924678162964
87.63,-0.1505995080340102,-0.1031346427006122,-0.047464865333398
87.64,-0.11088307873218861,-0.08090132779144131,-0.0299817509407473
87.65,-0.06670375814789152,-0.05672868858534794,-0.009975069562543577
87.66,-0.019051384553261358,-0.031066888925767148,0.01201550437250579
87.67,0.03126024847368248,-0.004440080291280178,0.03570032876496266
87.68,0.08248472401769388,0.022564435867594167,0.05992028815009971
87.69,0.1333071329605094,0.049310373553350884,0.0839967594071585
87.7,0.18188208202430822,0.07512956796042829,0.10675251406387994
87.71000000000001,0.2269541957437438,0.0993414872801566,0.1276127084635872
87.72,0.267311516663487,0.12127448881935374,0.14603702784413328
87.73,0.3005785596140545,0.1402880555538524,0.1602905040602021
87.74,0.32642638275564423,0.15579517751453903,0.1706312052411052
87.75,0.34418821605300326,0.16728400481719033,0.17690421123581293
87.76,0.35167277243534806,0.17433789796811502,0.17733487446723303
87.77,0.3496548451443583,0.1766530369990721,0.1730018081452862
87.78,0.33830194661907687,0.1740528230840472,0.16424912353502966
87.79,0.3162939838403571,0.16649841205766627,0.14979557178269085
87.8,0.2853565492789943,0.15409485469516987,0.13126169458382442
87.81,0.24650761307081673,0.1370924784126243,0.10941513465819241
87.82000000000001,0.19972107655708665,0.11588332279481611,0.08383775376227054
87.83,0.14722708413545457,0.09099262982761669,0.05623445430783788
87.84,0.0906138115291728,0.06306558116093962,0.027548230368233187
87.85000000000001,0.031160660775327288,0.03284966123844278,-0.0016890004631154934
87.86,-0.02900347637034612,0.001173198943455576,-0.030176675313801693
87.87,-0.08821130478354272,-0.03107920573484048,-0.05713209904870224
87.88,-0.1442817140648963,-0.06299353606971933,-0.08128817799517696
87.89,-0.19576699569791892,-0.09365456439681728,-0.10211243130110163
87.9,-0.24145680154275842,-0.12217441992494908,-0.11928238161780934
87.91,-0.2789480279132349,-0.14772050772886725,-0.13122752018436767
87.92,-0.3078527385058131,-0.16954178607130174,-0.13831095243451133
87.93,-0.32781246937159547,-0.18699246590373128,-0.1408200034678642
87.94,-0.33692697474842914,-0.19955228956201582,-0.13737468518641333
87.95,-0.33593648587131286,-0.20684267154039412,-0.12909381433091874
87.96000000000001,-0.32545026282638817,-0.20863813769308254,-0.11681212513330563
87.97,-0.3046024995899472,-0.20487267405646478,-0.09972982553348239
87.98,-0.275010343015827,-0.19564078563569945,-0.07936955738012755
87.99,-0.2380483529385908,-0.18119326133797392,-0.056855091600616886
88.0,-0.1940612308168049,-0.16192783591602772,-0.032133394900777185
88.01,-0.14506106818122982,-0.13837512557118897,-0.0066859426100408514
88.02,-0.09274034720940406,-0.11118038344572609,0.018440036236322024
88.03,-0.03844172125791434,-0.0810817680325649,0.04264004677465055
88.04,0.01598602648370328,-0.04888593596982061,0.06487196245352389
88.05,0.06906722547182415,-0.01544185641541581,0.08450908188723996
88.06,0.11896236021463696,0.01838620574687657,0.10057615446776039
88.07000000000001,0.16445276663477507,0.051745577694779374,0.11270718893999569
88.08,0.2047186021245848,0.08382100140020292,0.12089760072438187
88.09,0.2380237233887637,0.11385851483903504,0.12416520854972866
88.10000000000001,0.26402726516734903,0.1411866072159269,0.12284065795142213
88.11,0.28276657816115736,0.16523398386928623,0.11753259429187113
88.12,0.2931026178646877,0.18554341938797456,0.10755919847671316
88.13,0.2955501276311088,0.20178133686223754,0.09376879076887129
88.14,0.2909157054074284,0.21374292033796907,0.07717278506945932
88.15,0.2788961910202552,0.22135273941777836,0.05754345160247684
88.16,0.26060563819264926,0.2246610325707616,0.03594460562188767
88.17,0.23729498177703448,0.22383595243120732,0.013459029345827156
88.18,0.20943635724699117,0.21915221615552624,-0.009715858908535074
88.19,0.1783560080184045,0.21097672159598435,-0.03262071357757984
88.2,0.1453182763776646,0.1997517815294297,-0.05443350515176512
88.21000000000001,0.11127495326999054,0.18597669055118463,-0.07470173728119409
88.22,0.07737819812626075,0.17018837091846137,-0.09281017279220062
88.23,0.04452525524465602,0.15294184435803293,-0.10841658911337691
88.24,0.013754347461606763,0.1347912477140979,-0.12103690025249113
88.25,-0.014226671316150206,0.11627205361881925,-0.13049872493496945
88.26,-0.03909491361368373,0.0978850765401492,-0.13697999015383294
88.27,-0.06006496437331232,0.08008274394541814,-0.14014770831873047
88.28,-0.07696396536644556,0.06325799696996577,-0.14022196233641132
88.29,-0.09003032666482866,0.04773606041850156,-0.13776638708333022
88.3,-0.09890888170500407,0.0337691938806906,-0.13267807558569467
88.31,-0.1038758976160937,0.021534409885023226,-0.12541030750111692
88.32000000000001,-0.10553631480244184,0.011134026712548423,-0.11667034151499027
88.33,-0.10395126787254699,0.0025988175712573108,-0.1065500854438043
88.34,-0.09964410786636535,-0.004106571622152091,-0.09553753624421325
88.35000000000001,-0.09331014916872248,-0.009076333413288713,-0.08423381575543376
88.36,-0.0852700545789899,-0.012454784495339613,-0.07281527008365028
88.37,-0.07606615181710152,-0.014426696596597802,-0.06163945522050372
88.38,-0.0662426251512411,-0.015207145544832967,-0.051035479606408134
88.39,-0.05617565872927361,-0.015031332031791612,-0.041144326697482
88.4,-0.046256954187153955,-0.014144788495137414,-0.03211216569201654
88.41,-0.03675655404713663,-0.012794330708818469,-0.023962223338318163
88.42,-0.02795109467537062,-0.011220043744531116,-0.016731050930839503
88.43,-0.020019763462191906,-0.0096485140435074,-0.010371249418684506
88.44,-0.012975431341463846,-0.008287436800533976,-0.0046879945409298695
88.45,-0.006944722627940305,-0.007321645144363756,0.0003769225164234509
88.46000000000001,-0.0019398230455976275,-0.006910528966636228,0.0049707059210386
88.47,0.0021686016193397132,-0.007186740597522495,0.009355342216862208
88.48,0.005353534337226682,-0.008256025185760308,0.01360955952298699
88.49,0.007661151747169599,-0.01019796823924185,0.01785911998641145
88.5,0.009229120294813242,-0.01306742312189033,0.02229654341670357
88.51,0.01003240677994923,-0.016896368290439164,0.026928775070388395
88.52,0.010069978484042494,-0.02169594767807645,0.03176592616211894
88.53,0.009410553102506138,-0.027458466978924533,0.03686902008143067
88.54,0.007958315826768435,-0.034159151913046804,0.04211746773981524
88.55,0.005621248132967962,-0.04175751938475249,0.04737876751772045
88.56,0.0024141162213650006,-0.050198265731505265,0.05261238195287027
88.57000000000001,-0.0018249971441809763,-0.05941163452592598,0.05758663738174501
88.58,-0.007235006585821645,-0.0693132859422099,0.06207827935638825
88.59,-0.013767510099464999,-0.07980374680585456,0.06603623670638956
88.60000000000001,-0.02156202686760395,-0.09076757155708984,0.06920554468948589
88.61,-0.03069027604710781,-0.10207238627686904,0.07138211022976124
88.62,-0.040973412124365165,-0.11356801797912272,0.07259460585475755
88.63,-0.052399633583037446,-0.1250859275607252,0.07268629397768775
88.64,-0.06484418597994432,-0.13643916589120278,0.07159497991125846
88.65,-0.07796559510360838,-0.14742305812765186,0.06945746302404347
88.66,-0.09150372755340189,-0.15781679193044273,0.06631306437704085
88.67,-0.10506201554818358,-0.1673860421495431,0.062324026601359536
88.68,-0.11821386222304396,-0.17588670984771948,0.05767284762467552
88.69,-0.1304514718236678,-0.18306979000100423,0.05261831817733645
88.7,-0.14113884117581044,-0.18868731318414692,0.04754847200833648
88.71000000000001,-0.14994084542946443,-0.1924992356988248,0.04255839026936037
88.72,-0.1562257311255056,-0.19428108381309261,0.038055352687587
88.73,-0.15927147295032365,-0.19383209492162215,0.0345606219712985
88.74,-0.15904246259439875,-0.1909835451710817,0.03194108257668296
88.75,-0.15499812229973747,-0.18560691269114593,0.030608790391408458
88.76,-0.14656734156861803,-0.17762150072878072,0.031054159160162687
88.77,-0.13415504330167272,-0.1670011376874655,0.03284609438579278
88.78,-0.11753872939129885,-0.1537795824834516,0.03624085309215276
88.79,-0.09653969127109682,-0.13805429400742877,0.04151460273633195
88.8,-0.07199147655936758,-0.11998827215081802,0.04799679559145044
88.81,-0.044132042481412365,-0.09980974323311123,0.055677700751698866
88.82000000000001,-0.013327463958795362,-0.07780954230324312,0.06448207834444776
88.83,0.01935610499139194,-0.0543361354783326,0.07369224046972454
88.84,0.05323432287165897,-0.02978832340075583,0.08302264627241479
88.85000000000001,0.08740630299259244,-0.004605767760908688,0.09201207075350114
88.86,0.12090809813431891,0.020742417889436447,0.10016568024488245
88.87,0.15279383410263175,0.045770678708915526,0.10702315539371623
88.88,0.18182239798368469,0.06999121370616007,0.11183118427752461
88.89,0.20749354519243182,0.09292887080174177,0.11456467439069005
88.9,0.2289014604350641,0.11413620749916911,0.11476525293589498
88.91,0.24480116334038976,0.13320815410539236,0.1115930092349974
88.92,0.2554048903878978,0.14979571050501833,0.10560917988287949
88.93,0.26015997213035097,0.1636181252805991,0.09654184684975187
88.94,0.25819668411320257,0.17447304736656233,0.08372363674664024
88.95,0.25046389500570626,0.18224420426564686,0.0682196907400594
88.96000000000001,0.23696934850643225,0.18690624497467892,0.050063103531753333
88.97,0.21751571373838663,0.18852648706433064,0.028989226674055985
88.98,0.1935518423305205,0.18726342193410117,0.006288420396419331
88.99,0.1656638056555756,0.1833619555745698,-0.01769814991899421
89.0,0.13443364343088626,0.17714548921649773,-0.04271184578561146
89.01,0.10137369555928377,0.16900506979293034,-0.06763137423364657
89.02,0.06746137840897491,0.15938595893326726,-0.09192458052429235
89.03,0.033922936240704825,0.14877207620713542,-0.11484913996643059
89.04,0.0018400772058089557,0.13766886293330577,-0.13582878572749682
89.05,-0.027749337436193858,0.12658518309289385,-0.1543345205290877
89.06,-0.053325553155229244,0.1160149245766036,-0.16934047773183286
89.07000000000001,-0.07461468403133731,0.10641898494687979,-0.1810336689782171
89.08,-0.09087682920260005,0.09820831995712154,-0.18908514915972158
89.09,-0.10076366158383843,0.09172870020311613,-0.19249236178695456
89.10000000000001,-0.10492685007491252,0.08724776256844717,-0.1921746126433597
89.11,-0.10318144860922644,0.08494486072826636,-0.1881263093374928
89.12,-0.09478415379719866,0.08490411605115222,-0.1796882698483509
89.13,-0.0811152711424132,0.08711095080831854,-0.16822622195073172
89.14,-0.06260725131482664,0.09145225438294018,-0.15405950569776683
89.15,-0.03938159822975176,0.09772019539122205,-0.1371017936209738
89.16,-0.013092283000454775,0.10561955378572525,-0.11871183678618002
89.17,0.015365351578193152,0.11477831266818914,-0.09941296108999598
89.18,0.04500987474523804,0.12476112507211254,-0.0797512503268745
89.19,0.07447511662351487,0.13508516135939425,-0.06061004473587937
89.2,0.10271772788911758,0.1452377524744887,-0.042520024585371116
89.21000000000001,0.1281725498902308,0.15469517668691804,-0.026522626796687238
89.22,0.1502354913893857,0.16294189526437258,-0.012706403874986893
89.23,0.16807648656059737,0.16948952734651632,-0.0014130407859189453
89.24,0.1800119599195397,0.17389486662166123,0.006117093297878462
89.25,0.18642075697714833,0.17577628161316303,0.0106444753639853
89.26,0.18696518333738057,0.1748279057419565,0.012137277595424073
89.27,0.18035229725329444,0.1708311101204758,0.009521187132818631
89.28,0.1678329445836926,0.16366285763846988,0.004170086945222723
89.29,0.14966288698342814,0.15330065697963394,-0.0036377699962057974
89.3,0.1253318456111287,0.1398239648721598,-0.014492119261031111
89.31,0.09655794461387111,0.12341201890237065,-0.026854074288499535
89.32000000000001,0.06407689837387787,0.10433821626761507,-0.0402613178937372
89.33,0.028336406740168487,0.08296128067690199,-0.0546248739367335
89.34,-0.00905917617456719,0.0597135753101935,-0.0687727514847607
89.35000000000001,-0.04713522416348266,0.03508701992420507,-0.08222224408768773
89.36,-0.0846712291734436,0.009617151142758218,-0.0942883803162018
89.37,-0.12064241363841807,-0.01613407617073159,-0.10450833746768648
89.38,-0.1541611643870974,-0.04159611371293691,-0.11256505067416049
89.39,-0.1836557037717951,-0.0662076280434224,-0.11744807572837271
89.4,-0.20893311044536575,-0.08943366460803305,-0.1194994458373327
89.41,-0.22947597234073117,-0.11078157827664901,-0.11869439406408215
89.42,-0.24385354749794838,-0.12981520139523908,-0.1140383461027093
89.43,-0.2526913424075525,-0.14616679929218676,-0.10652454311536572
89.44,-0.25598422385888836,-0.15954645725843747,-0.09643776660045089
89.45,-0.2528373191559323,-0.1697486481120873,-0.08308867104384501
89.46000000000001,-0.24444452299546474,-0.17665584108303078,-0.06778868191243395
89.47,-0.23127412719363402,-0.18023912628064237,-0.05103500091299165
89.48,-0.21314586802154795,-0.18055593984959367,-0.032589928171954274
89.49,-0.19143622329076332,-0.1777450787241015,-0.013691144566661817
89.5,-0.16689470321241145,-0.1720192867210612,0.005124583508649749
89.51,-0.13998660186789222,-0.1636557721989229,0.023669170331030692
89.52,-0.11188239072318193,-0.15298507898031308,0.04110268825713115
89.53,-0.08334772551863474,-0.14037877481263394,0.0570310492939992
89.54,-0.05523431969443671,-0.12623644429239264,0.07100212459795593
89.55,-0.02823376292619706,-0.11097247574572501,0.08273871281952795
89.56,-0.00288970509017809,-0.09500311473036079,0.09211340964018269
89.57000000000001,0.019892376875583415,-0.07873422208967776,0.09862659896526117
89.58,0.039990100188693097,-0.06255012404102604,0.10254022422971915
89.59,0.057212723936955215,-0.04680387840110017,0.10401660233805538
89.60000000000001,0.07088108715080378,-0.03180920797292315,0.10269029512372693
89.61,0.08135058341927429,-0.017834272866897215,0.0991848562861715
89.62,0.08877476263553856,-0.005097371755147958,0.09387213439068652
89.63,0.09284048771326484,0.006235418621455317,0.08660506909180951
89.64,0.09416753199312412,0.016050732543973514,0.0781167994491506
89.65,0.09312923387168999,0.024286668441074927,0.06884256543061507
89.66,0.089756431470008,0.030929999888669624,0.05882643158133838
89.67,0.08468890181240936,0.03601208450791659,0.04867681730449277
89.68,0.07834424753864568,0.03960374336819339,0.038740504170452286
89.69,0.07095778661742466,0.04180940177782788,0.02914838483959678
89.7,0.06300077135171732,0.042760786305268146,0.020239985046449173
89.71000000000001,0.054784688700034376,0.04261046317447205,0.012174225525562327
89.72,0.046575779789688486,0.04152548109135341,0.005050298698335079
89.73,0.03859698944981527,0.03968134888522293,-0.0010843594354076613
89.74,0.030983843227843623,0.03725653731928363,-0.006272694091440004
89.75,0.02390881695503205,0.03442764757163006,-0.010518830616598012
89.76,0.017380226752612388,0.03136533891963522,-0.013985112167022834
89.77,0.01138198834000723,0.02823105781809009,-0.01684906947808286
89.78,0.005964233586948719,0.025174562486917632,-0.019210328899968914
89.79,0.001029085376296571,0.022332193732646194,-0.021303108356349625
89.8,-0.003502431523887155,0.019825806094322492,-0.02332823761820965
89.81,-0.007640148748879719,0.017762245171286616,-0.025402393920166334
89.82000000000001,-0.011466896996258774,0.01623323829617397,-0.027700135292432745
89.83,-0.015027665076923706,0.015315557153624716,-0.030343222230548424
89.84,-0.018288977720811058,0.015071312542529774,-0.033360290263340836
89.85000000000001,-0.021242999325861014,0.015548252715474635,-0.03679125204133565
89.86,-0.023850527525157456,0.016779956569963967,-0.04063048409512142
89.87,-0.025958710849884364,0.018785839930772628,-0.04474455078065699
89.88,-0.027471001028464653,0.02157092540722503,-0.04904192643568968
89.89,-0.02828800482063526,0.025125361728009783,-0.05341336654864504
89.9,-0.028141079866547354,0.0294237147959754,-0.057564794662522754
89.91,-0.026919077608905266,0.03442408768406302,-0.06134316529296829
89.92,-0.02454811699690479,0.040067158219301624,-0.06461527521620641
89.93,-0.020738348215576137,0.046275248686534196,-0.06701359690211034
89.94,-0.015471871685514792,0.05295156084517208,-0.06842343253068688
89.95,-0.008801077125877972,0.059979719600874185,-0.06878079672675216
89.96000000000001,-0.0005643625738661466,0.06722376947801981,-0.06778813205188595
89.97,0.009075709771310253,0.07452875916795376,-0.06545304939664351
89.98,0.019883630923402586,0.08172203107143394,-0.06183840014803135
89.99,0.03175678668199876,0.08861530561248138,-0.05685851893048262
90.0,0.044333191463320105,0.09500761535492024,-0.05067442389160013
90.01,0.05722439970706907,0.1006891032050559,-0.04346470349798683
90.02,0.070011604349513,0.1054456541828045,-0.03543404983329149
90.03,0.08220390266204836,0.1090642835899251,-0.02686038092787675
90.04,0.09338230782005341,0.11133915824457231,-0.017956850424518903
90.05,0.10288449793610598,0.11207808416553777,-0.009193586229431797
90.06,0.1102360907230088,0.11110925597396061,-0.0008731652509518101
90.07000000000001,0.11516332633716128,0.10828803243710754,0.006875293900053744
90.08,0.11694829387295512,0.10350348081277179,0.01344481306018333
90.09,0.11530737030433218,0.096684421381656,0.018622948922676172
90.10000000000001,0.11027149986278365,0.08780470373787828,0.02246679612490536
90.11,0.10131112953932327,0.07688745849409907,0.024423671045224193
90.12,0.08847468424408163,0.06400809196048403,0.0244665922835976
90.13,0.07216812264560114,0.0492958264487481,0.02287229619685304
90.14,0.0522621717517325,0.032933633988726285,0.019328537763006214
90.15,0.029190223433831288,0.015156464807375,0.014033758626456288
90.16,0.0036692685881169855,-0.003752268115085238,0.007421536703202223
90.17,-0.023933096321133836,-0.023465923074642257,-0.00046717324649157843
90.18,-0.05286290478706852,-0.043621491406595825,-0.009241413380472692
90.19,-0.08228626003668321,-0.06382793179985148,-0.01845832823683173
90.2,-0.11140315893151219,-0.08367576150619443,-0.027727397425317754
90.21000000000001,-0.1393118969752182,-0.10274763472446563,-0.03656426225075257
90.22,-0.1653297146417185,-0.12062959310950645,-0.04470012153221205
90.23,-0.18843868627940658,-0.13692263875393162,-0.05151604752547495
90.24,-0.20782533328368907,-0.15125425769609832,-0.05657107558759075
90.25,-0.22320955615264715,-0.16328951311516698,-0.059920043037480164
90.26,-0.2336543275843825,-0.17274133244780698,-0.060912995136575526
90.27,-0.2386653001408679,-0.17937963170861365,-0.059285668432254246
90.28,-0.23850766563552525,-0.18303895276797125,-0.055468712867554004
90.29,-0.2326107476525164,-0.18362433415174945,-0.04898641350076696
90.3,-0.22095539652007934,-0.18111519150046151,-0.039840205019617825
90.31,-0.20432611582374147,-0.17556704815823718,-0.02875906766550429
90.32000000000001,-0.18269552861887503,-0.16711102710583461,-0.015584501513040416
90.33,-0.15655151927947983,-0.15595109000864074,-0.0006004292708390868
90.34,-0.1269999225700359,-0.1423590847765376,0.015359162206501714
90.35000000000001,-0.09456611635476264,-0.12666773694800734,0.0321016205932447
90.36,-0.06013922393569114,-0.10926178971015342,0.04912256577446228
90.37,-0.02483293789766406,-0.0905675599229473,0.06573462202528324
90.38,0.010435231449102534,-0.07104123087947846,0.081476462328581
90.39,0.04459142649183865,-0.05115624481431726,0.09574767130615591
90.4,0.07684482739391285,-0.031390187908322376,0.10823501530223523
90.41,0.10616275411248746,-0.012211576748827176,0.11837433086131463
90.42,0.13155470063696822,0.0059330425823933336,0.1256216580545749
90.43,0.15279413380526097,0.022631283356513564,0.1301628504487474
90.44,0.16903618603169882,0.03751602067110406,0.13152016536059474
90.45,0.17961980943822256,0.050275070724752256,0.1293447387134703
90.46000000000001,0.18495641993549983,0.06065915844447068,0.12429726149102915
90.47,0.1846226501895286,0.06848794245576272,0.11613470773376587
90.48,0.17844473668856706,0.07365393076601486,0.1047908059225522
90.49,0.16735412375304942,0.07612418953275019,0.09122993422029924
90.5,0.1514447876265628,0.07593981847448651,0.07550496915207629
90.51,0.13105961003451838,0.07321323739905984,0.05784637263545854
90.52,0.10737859690488993,0.06812339658844108,0.03925520031644886
90.53,0.08095013526947328,0.060909087161650104,0.02004104810782318
90.54,0.05253100727728501,0.05186058404055103,0.000670423236733983
90.55,0.023210730350582232,0.04130990206440188,-0.01809917171381965
90.56,-0.006199430190543864,0.0296199837809532,-0.035819413971497065
90.57000000000001,-0.03473145128234828,0.017173164508798557,-0.05190461579114684
90.58,-0.06168857037993991,0.004359275842797094,-0.066047846222737
90.59,-0.08624921851268046,-0.00843624730794808,-0.07781297120473238
90.60000000000001,-0.10747967073835701,-0.02084389857751243,-0.08663577216084459
90.61,-0.1252528652951698,-0.03252093168316354,-0.09273193361200625
90.62,-0.13897037895196437,-0.043161180711232885,-0.09580919824073149
90.63,-0.14795661661673104,-0.05250359519580721,-0.09545302142092382
90.64,-0.15266019035174944,-0.06033926029008168,-0.09232093006166775
90.65,-0.15285374578894578,-0.06651672224474021,-0.08633702354420557
90.66,-0.1482677946300811,-0.07094549326975133,-0.07732230136032978
90.67,-0.13977014219285153,-0.0735976659070786,-0.06617247628577293
90.68,-0.12753324212950531,-0.07450762353907332,-0.05302561859043199
90.69,-0.11173547497606925,-0.07376988892838925,-0.03796558604768001
90.7,-0.09340065785178116,-0.07153520517698739,-0.02186545267479377
90.71000000000001,-0.07301587270579311,-0.0680049918111165,-0.00501088089467662
90.72,-0.051141655928537345,-0.06342436164526671,0.012282705716729368
90.73,-0.028669796725000703,-0.058073920665561975,0.029404123940561272
90.74,-0.006240179662351556,-0.0522606026457637,0.04602042298341215
90.75,0.01535311161999792,-0.04630781204541643,0.061660923665414355
90.76,0.03558218662741616,-0.040545162649908574,0.07612734927732473
90.77,0.05383931915407981,-0.03529810532863998,0.08913742448271979
90.78,0.0692876147751756,-0.03087773634899683,0.10016535112417244
90.79,0.08188185002487845,-0.027571068216105603,0.10945291824098405
90.8,0.09120282825335917,-0.025632028500862786,0.11683485675422195
90.81,0.09655894517759087,-0.02527342920024204,0.12183237437783291
90.82000000000001,0.09837323329457287,-0.026660120587177993,0.12503335388175085
90.83,0.09650692961372878,-0.029903510084722498,0.12641043969845128
90.84,0.09056117157905531,-0.03505758933923259,0.1256187609182879
90.85000000000001,0.08129639924716636,-0.04211657231357741,0.12341297156074377
90.86,0.06886815153128142,-0.0510142048430811,0.11988235637436252
90.87,0.05325241620289229,-0.061624762672602446,0.11487717887549473
90.88,0.035342892776305895,-0.07376571149575248,0.10910860427205837
90.89,0.015532629696300815,-0.08720195990151326,0.10273458959781408
90.9,-0.005820451943742866,-0.10165159532470242,0.09583114338095955
90.91,-0.027912699906001134,-0.1167929549800631,0.08888025507406197
90.92,-0.05021932659939816,-0.13227284917039087,0.08205352257099272
90.93,-0.07206508652632633,-0.1477157240717493,0.07565063754542296
90.94,-0.09292822271479446,-0.16273352581679776,0.0698053031020033
90.95,-0.11227917660024206,-0.17693600804083032,0.06465683144058826
90.96000000000001,-0.12924879787806007,-0.1899412115487366,0.06069241367067654
90.97,-0.1437202269977835,-0.20138583781992017,0.05766561082213667
90.98,-0.1552801391115501,-0.21093523798424305,0.05565509887269296
90.99,-0.16302820524778716,-0.21829274583019093,0.055264540582403765
91.0,-0.16728635667512362,-0.2232080973514812,0.05592174067635758
91.01,-0.1678499192637956,-0.22548470014358646,0.05763478087979085
91.02,-0.16396483149975266,-0.22498554330008427,0.06102071180033161
91.03,-0.1563330941738063,-0.22163757182796498,0.06530447765415867
91.04,-0.1450060716447165,-0.2154343883223482,0.07042831667763172
91.05,-0.12953927716869842,-0.20643718786430093,0.0768979106956025
91.06,-0.11087464839189,-0.19477387881961786,0.08389923042772786
91.07000000000001,-0.08931255711304333,-0.1806363912665501,0.09132383415350677
91.08,-0.06483586183345007,-0.16427622489149749,0.09944036305804742
91.09,-0.03842894858099698,-0.14599833799816664,0.10756938941716966
91.10000000000001,-0.01057873059163902,-0.12615352735777366,0.11557479676613464
91.11,0.018262059580096832,-0.10512949355195095,0.12339155313204778
91.12,0.04728608489011889,-0.08334082682336419,0.13062691171348306
91.13,0.07592712122040808,-0.06121818292666522,0.1371453041470733
91.14,0.10332071255415033,-0.0391969458644886,0.14251765841863895
91.15,0.1290297181566273,-0.017705693671318433,0.14673541182794575
91.16,0.15253462633211254,0.0028452062418743893,0.14968942009023814
91.17,0.17274314128081558,0.022074544809342202,0.15066859647147338
91.18,0.18968740112580662,0.03964044363512795,0.15004695749067867
91.19,0.2030284512050805,0.055249452110365235,0.14777899909471526
91.2,0.21170012939023025,0.06866429756858047,0.14303583182164978
91.21000000000001,0.2162053582121957,0.07971005352249178,0.13649530468970392
91.22,0.21648741696233165,0.08827853560137093,0.1282088813609607
91.23,0.21176771626417798,0.0943307859120243,0.11743693035215368
91.24,0.20292182776925435,0.09789756268073299,0.10502426508852136
91.25,0.1902111730636628,0.09907781149555496,0.09113336156810785
91.26,0.17334628837720445,0.0980351554053292,0.07531113297187525
91.27,0.15339198914818167,0.09499250160157856,0.05839948754660311
91.28,0.13087956947359872,0.09022492044777858,0.04065464902582014
91.29,0.10609181701387448,0.08405100630934463,0.022040810704529845
91.3,0.08004992710449793,0.0768229771752278,0.003226949929270126
91.31,0.05342646914754374,0.06891580982866673,-0.015489340681122989
91.32000000000001,0.02701019497291532,0.060715737944288646,-0.03370554297137333
91.33,0.0015478041836678134,0.05260846088176467,-0.051060656698096854
91.34,-0.022326942294925007,0.0449674203722954,-0.0672943626672204
91.35000000000001,-0.0435257519287351,0.038142500383044724,-0.08166825231177982
91.36,-0.0617497556009539,0.03244949221302667,-0.09419924781398056
91.37,-0.07658720202260658,0.028160642728534156,-0.10474784475114074
91.38,-0.08694601782442973,0.025496569371306912,-0.11244258719573665
91.39,-0.0930458157620467,0.02461978230397626,-0.11766559806602295
91.4,-0.09482837810437364,0.025630003241946253,-0.12045838134631989
91.41,-0.09150270157058034,0.02856141386529903,-0.12006411543587937
91.42,-0.08375334466436415,0.033381906112607704,-0.11713525077697186
91.43,-0.07191136524564155,0.0399943441628537,-0.11190570940849526
91.44,-0.055713723834090775,0.048239785597897926,-0.1039535094319887
91.45,-0.036141907063057824,0.05790254916979686,-0.09404445623285468
91.46000000000001,-0.013838264543505396,0.06871696074108628,-0.08255522528459168
91.47,0.01085080176780957,0.08037555912050938,-0.0695247573526998
91.48,0.03688942180839068,0.09253850124849355,-0.055649079440102875
91.49,0.0634993123512668,0.1048438727772188,-0.041344560425952
91.5,0.08981492206147443,0.11691858649240768,-0.027103664430933247
91.51,0.11500262634085738,0.12838953783354928,-0.013386911492691903
91.52,0.13837302949967467,0.13889468420913642,-0.0005216547094617496
91.53,0.1587794919888337,0.1480937227238063,0.0106857692650274
91.54,0.1757964048026716,0.15567805882631205,0.02011834597635956
91.55,0.1890315477055992,0.1613797854112057,0.027651762294393506
91.56,0.19737513220330938,0.16497942693200598,0.03239570527130339
91.57000000000001,0.20091261838784855,0.16631224473743078,0.034600373650417765
91.58,0.19967686030972776,0.1652729465703475,0.03440391373938026
91.59,0.1929013060490888,0.16181869329763252,0.031082612751456296
91.60000000000001,0.18115802949273418,0.15597034774150506,0.025187681751229124
91.61,0.16491115278669918,0.147811962245605,0.017099190541094184
91.62,0.14394492682734703,0.13748855169468915,0.006456375132657871
91.63,0.11917463598418046,0.12520224561126303,-0.00602760962708257
91.64,0.09137507882021158,0.11120695535467506,-0.019831876534463486
91.65,0.06093305699162274,0.09580172924972466,-0.03486867225810192
91.66,0.02888353357193956,0.07932299882577555,-0.05043946525383599
91.67,-0.0039019695220301985,0.062135942675180265,-0.06603791219721046
91.68,-0.03654870055188797,0.04462521043624443,-0.0811739109881324
91.69,-0.06814789685799247,0.027185258032089286,-0.09533315489008176
91.7,-0.09797672198700666,0.010210546762369831,-0.1081872687493765
91.71000000000001,-0.12491599301367165,-0.00591414641900076,-0.11900184659467089
91.72,-0.14839056467165773,-0.020823071482551355,-0.12756749318910637
91.73,-0.16803178075404782,-0.034178281524746695,-0.13385349922930112
91.74,-0.18277612970698107,-0.04567764456561231,-0.13709848514136874
91.75,-0.19250303352881698,-0.05506191768365738,-0.1374411158451596
91.76,-0.1973045048083673,-0.06212073762258259,-0.13518376718578473
91.77,-0.19644491918170626,-0.06669741111476257,-0.12974750806694368
91.78,-0.1902688894351924,-0.06869241814780835,-0.12157647128738405
91.79,-0.17930721253689108,-0.0680655714962242,-0.11124164104066687
91.8,-0.16332473370425088,-0.06483680540386817,-0.09848792830038271
91.81,-0.14303594126312383,-0.059085594809652094,-0.08395034645347174
91.82000000000001,-0.119268319772143,-0.05094903355798471,-0.06831928621415828
91.83,-0.09232036927511013,-0.040618625344881455,-0.05170174393022867
91.84,-0.06310426690984641,-0.02833586454428799,-0.03476840236555842
91.85000000000001,-0.03252375520669088,-0.014386705447540825,-0.018137049759150058
91.86,-0.0013054059932656337,0.000904962194239552,-0.0022103681875051857
91.87,0.029645675107096547,0.017184696098957154,0.012460979008139392
91.88,0.059586201234594724,0.034075592291557516,0.025510608943037208
91.89,0.08756865842925295,0.051186919947497474,0.03638173848175547
91.9,0.1128849293020204,0.0681231250222772,0.0447618042797432
91.91,0.13514145874091865,0.08449301824431642,0.050648440496602234
91.92,0.15341815049794208,0.09991895610859801,0.05349919438934407
91.93,0.16733966465171787,0.11404581905144573,0.053293845600272144
91.94,0.17695617477127987,0.12654958929519178,0.05040658547608809
91.95,0.18159930543570563,0.13714533225849007,0.044453973177215556
91.96000000000001,0.18128465793291942,0.14559439029696897,0.03569026763595046
91.97,0.17648452732493528,0.1517106062363895,0.024773921088545786
91.98,0.16692933828100878,0.155365407024491,0.011563931256517779
91.99,0.15300123348145356,0.1564915951324057,-0.0034903616509521507
92.0,0.13546773756035577,0.15508571725598436,-0.01961797969562859
92.01,0.11449853827230633,0.15120890644055873,-0.036710368168252405
92.02,0.09074717470819404,0.14498612485187598,-0.054238950143681935
92.03,0.06508005361459131,0.13660376972135452,-0.07152371610676321
92.04,0.03803852121312271,0.12630564397588986,-0.08826712276276716
92.05,0.010405287204012644,0.11438733497406191,-0.10398204777004927
92.06,-0.017069696123456705,0.10118908865053731,-0.11825878477399401
92.07000000000001,-0.04362554623761605,0.08708731105842868,-0.13071285729604473
92.08,-0.06851027437263058,0.07248487346347685,-0.14099514783610742
92.09,-0.09127262229049038,0.05780043931963135,-0.14907306161012174
92.10000000000001,-0.11112822099775559,0.043457070095301,-0.15458529109305658
92.11,-0.12750382599863688,0.02987040045108367,-0.15737422644972054
92.12,-0.14035410282523883,0.017436700161557232,-0.15779080298679607
92.13,-0.14906382968697976,0.0065211590036691955,-0.15558498869064896
92.14,-0.15334927170755705,-0.002553259640226813,-0.15079601206733023
92.15,-0.1535797963673692,-0.009516051491489212,-0.14406374487588
92.16,-0.1494546753011653,-0.014158157186172561,-0.13529651811499274
92.17,-0.14103474898082824,-0.016339391055718147,-0.12469535792511009
92.18,-0.12901330707500322,-0.01599403706495476,-0.11301927001004847
92.19,-0.11347031710262816,-0.013134381156657104,-0.10033593594597105
92.2,-0.09480084496907164,-0.007852004120780978,-0.08694884084829066
92.21000000000001,-0.07385250129358412,-0.00031672242254294667,-0.07353577887104117
92.22,-0.05105909248699812,0.009226865570608218,-0.06028595805760634
92.23,-0.02707437907910177,0.020465195935388997,-0.04753957501449077
92.24,-0.002690168454235786,0.03302380930993103,-0.03571397776416682
92.25,0.021419048394661525,0.0464774896195878,-0.025058441224926276
92.26,0.04447057996276039,0.06036221302155059,-0.015891633058790204
92.27,0.06593059006612248,0.07418858131461334,-0.008257991248490859
92.28,0.085056836523498,0.08745635519835696,-0.0023995186748589498
92.29,0.10110018754210852,0.09966965484342477,0.001430532698683748
92.3,0.11393001684655045,0.11035236038410252,0.0035776564624479257
92.31,0.12292766355099227,0.11906322489760604,0.003864438653386232
92.32000000000001,0.12754258940523266,0.1254102084379608,0.002132380967271863
92.33,0.12809702674570358,0.12906355444056755,-0.0009665276948639667
92.34,0.12425803668607169,0.12976715940130862,-0.00550912271523693
92.35000000000001,0.11580667133703394,0.12734783263163948,-0.011541161294605543
92.36,0.10345378932079774,0.1217221039435735,-0.018268314622775755
92.37,0.08724252987712416,0.11290031157016896,-0.025657781693044793
92.38,0.06735419980489364,0.10098778817098557,-0.03363358836609193
92.39,0.04471905077592428,0.08618305662233211,-0.04146400584640783
92.4,0.019748683397103815,0.06877304627885919,-0.04902436288175538
92.41,-0.006992984903647821,0.049125441073411394,-0.05611842597705922
92.42,-0.034593523813783125,0.02767836960653127,-0.062271893420314396
92.43,-0.0623798011166866,0.004927740663914515,-0.06730754178060112
92.44,-0.08951354920347712,-0.01858738808598665,-0.07092616111749048
92.45,-0.1153467108543045,-0.042300948333879665,-0.07304576252042483
92.46000000000001,-0.1391249140456209,-0.06563698930941532,-0.07348792473620559
92.47,-0.15991691148693865,-0.0880272390959917,-0.07188967239094696
92.48,-0.17752833473509458,-0.10892852150392869,-0.06859981323116589
92.49,-0.1913292651556495,-0.12783945020416748,-0.06348981495148201
92.5,-0.20051181492524262,-0.14431584144870846,-0.056195973476534156
92.51,-0.2054109556457043,-0.15798432621111289,-0.047426629434591416
92.52,-0.20569479236254287,-0.16855370076048684,-0.03714109160205603
92.53,-0.20087864986982312,-0.175823629614193,-0.02505502025563011
92.54,-0.19176007079825258,-0.17969040393075353,-0.012069666867499051
92.55,-0.178396058174406,-0.18014955858281234,0.0017535004084063277
92.56,-0.16075612176974927,-0.17729525882786187,0.016539137058112607
92.57000000000001,-0.13990137153988816,-0.17131647880081308,0.03141510726092492
92.58,-0.11625792860963632,-0.16249010495441785,0.04623217634478152
92.59,-0.09027267768068147,-0.1511712040295106,0.06089852634882913
92.60000000000001,-0.06298865601633923,-0.13778079325170153,0.07479213723536231
92.61,-0.035074934376549356,-0.1227915366258134,0.08771660224926403
92.62,-0.007358090138971318,-0.10671186227106882,0.0993537721320975
92.63,0.019424003412649923,-0.09006904910453052,0.10949305251718044
92.64,0.04455546985299687,-0.07339186489329778,0.11794733474629465
92.65,0.06702976507632413,-0.05719335054881786,0.12422311562514199
92.66,0.08662353687327995,-0.041954337103222425,0.1285778739765024
92.67,0.1027820137448042,-0.028108252460400992,0.1308902662052052
92.68,0.11457241961854937,-0.016027725909495846,0.13060014552804522
92.69,0.12235353122419783,-0.00601343141897042,0.12836696264316824
92.7,0.1258890709758546,0.0017144715489555724,0.12417459942689904
92.71000000000001,0.12456211212550536,0.007022035433725807,0.11754007669177956
92.72,0.11921533125346212,0.009864199017567785,0.10935113223589434
92.73,0.10999092544735334,0.01028438563392445,0.09970653981342889
92.74,0.09675260064816099,0.008411080526267241,0.08834152012189375
92.75,0.08058790999493075,0.0044515481795871815,0.07613636181534357
92.76,0.06196342616217477,-0.0013170511734538518,0.06328047733562862
92.77,0.04126407735486017,-0.008558798879670565,0.04982287623453074
92.78,0.019510617691148417,-0.01689198792304679,0.036402605614195206
92.79,-0.002655503162500371,-0.025903446713719202,0.02324794355121883
92.8,-0.02442574993258643,-0.03516369781543682,0.010737947882850395
92.81,-0.04513921809817664,-0.04424241230599069,-0.0008968057921859493
92.82000000000001,-0.06417675772961007,-0.05272361966477758,-0.011453138064832488
92.83,-0.08051817744599321,-0.06022015167320336,-0.02029802577278985
92.84,-0.09405024610520255,-0.06638683574905534,-0.02766341035614721
92.85000000000001,-0.10435982275637422,-0.07093200669284502,-0.033427816063529195
92.86,-0.11048559602807635,-0.07362697368470066,-0.0368586223433757
92.87,-0.11288940951686273,-0.0743131587231938,-0.03857625079366893
92.88,-0.11147941001986782,-0.07290671035682966,-0.038572699663038154
92.89,-0.10561008227572995,-0.06940048909717612,-0.03620959317855382
92.9,-0.09617845086143266,-0.06386341478957833,-0.03231503607185433
92.91,-0.0834290194600151,-0.056437257960984075,-0.026991761499031028
92.92,-0.06720699077625317,-0.04733104344659387,-0.019875947329659298
92.93,-0.048580433572498256,-0.036813312399886,-0.011767121172612256
92.94,-0.02804522877773384,-0.025202555506906258,-0.002842673270827583
92.95,-0.005985012390542265,-0.012856183750617355,0.00687117136007509
92.96000000000001,0.01667088391048822,-0.00015844187041079544,0.016829325780899015
92.97,0.039326877766981794,0.012492307184356875,0.02683457058262492
92.98,0.06115933104349746,0.024696491288359695,0.03646283975513777
92.99,0.08163482540518947,0.0360660045246598,0.04556882088052967
93.0,0.10022348172572541,0.046236244843762236,0.05398723688196318
93.01,0.11589940488759819,0.054877146213438456,0.06102225867415973
93.02,0.12863684000423523,0.06170288509594416,0.06693395490829107
93.03,0.13812101010826291,0.06647999778003029,0.07164101232823263
93.04,0.14339997958204595,0.069033708346215,0.07436627123583095
93.05,0.14493242809501583,0.06925233420655837,0.07568009388845746
93.06,0.14270144690242528,0.06708970456172071,0.07561174234070457
93.07000000000001,0.13606771402908152,0.06256559417207005,0.07350211985701147
93.08,0.1258352244932439,0.055764238149142845,0.07007098634410107
93.09,0.11228212199470924,0.04683105092190682,0.06545107107280243
93.10000000000001,0.09522499028909155,0.03596772235646095,0.0592572679326306
93.11,0.0756043465173247,0.023425904855642308,0.052178441661682395
93.12,0.05391173111490301,0.00949973622946053,0.04441199488544248
93.13,0.03044126785237555,-0.005482536239591085,0.03592380409196663
93.14,0.006049035274701336,-0.02116755480677422,0.027216590081475554
93.15,-0.018692897958105192,-0.037186197215639434,0.01849329925753424
93.16,-0.04310544357131395,-0.0531630021415761,0.010057558570262151
93.17,-0.06659780665239029,-0.06872542333895124,0.002127616686560946
93.18,-0.08866332043940253,-0.08351268496134924,-0.005150635478053292
93.19,-0.10841101949277668,-0.09718403885099902,-0.011226980641777656
93.2,-0.1256213233350779,-0.10942625637356668,-0.016195066961511212
93.21000000000001,-0.13997505080553713,-0.11996022099662734,-0.020014829808909784
93.22,-0.15057599112292552,-0.1285465217440943,-0.022029469378831212
93.23,-0.1575946877706278,-0.1349899805258757,-0.02260470724475208
93.24,-0.16097125237062196,-0.13914307697304742,-0.021828175397574534
93.25,-0.15999749432299504,-0.1409082618889616,-0.019089232434033432
93.26,-0.15517462969552986,-0.14023917412329387,-0.014935455572235995
93.27,-0.1467120467789286,-0.137140795249984,-0.009571251528944613
93.28,-0.13423233094500497,-0.13166859183034393,-0.00256373911466104
93.29,-0.11845214956726016,-0.12392670648459361,0.005474556917333451
93.3,-0.09980116448396498,-0.11406526692453087,0.01426410244056589
93.31,-0.07830216838769748,-0.10227688714512602,0.023974718757428543
93.32000000000001,-0.05474439379823901,-0.08879243788724396,0.03404804408900495
93.33,-0.029683316199594207,-0.07387616508414172,0.04419284888454751
93.34,-0.00352985775475989,-0.05782023610613255,0.05429037835137266
93.35000000000001,0.02299806848919112,-0.040938794972129024,0.06393686346132015
93.36,0.04933937330256526,-0.023561609933805884,0.07290098323637115
93.37,0.07478387967146327,-0.00602740041829993,0.0808112800897632
93.38,0.09880845679600808,0.011323064507503831,0.08748539228850424
93.39,0.12096999749829321,0.028153997190314133,0.09281600030797907
93.4,0.14040886930834517,0.044141644797066566,0.09626722451127862
93.41,0.15688430767753517,0.05898124874729051,0.09790305893024466
93.42,0.17017542190499935,0.07239378437562725,0.09778163752937209
93.43,0.1794579113371271,0.08413234608294844,0.09532556525417867
93.44,0.18481461794329837,0.09398803576027888,0.09082658218301949
93.45,0.18631033756381435,0.10179520728080375,0.0845151302830106
93.46000000000001,0.18334131115005223,0.10743591836356992,0.07590539278648231
93.47,0.17630259003871407,0.1108434440597601,0.06545914597895397
93.48,0.1655499916900022,0.11200471430209058,0.05354527738791162
93.49,0.15084634867536464,0.11096155199189027,0.039884796683474374
93.5,0.13283337287031277,0.10781060832184036,0.02502276454847241
93.51,0.11209603442412767,0.10270191848987914,0.009394115934248534
93.52,0.0888331200125459,0.09583603336613872,-0.007002913353592821
93.53,0.06381866471520735,0.08745972040194332,-0.023641055686735968
93.54,0.03774200858445284,0.07786026915170939,-0.04011826056725655
93.55,0.011205098676205576,0.06735848193382868,-0.056153383257623105
93.56,-0.015034204942075392,0.05630047682968511,-0.0713346817717605
93.57000000000001,-0.04034866684010342,0.04504847663801333,-0.08539714347811675
93.58,-0.06387135183492283,0.03397080164594893,-0.09784215348087176
93.59,-0.08501855942454387,0.02343132416590314,-0.10844988359044701
93.60000000000001,-0.10339589277052506,0.013778676762639958,-0.11717456953316502
93.61,-0.11808978100287784,0.005335532121175792,-0.12342531312405364
93.62,-0.1288259079829566,-0.001611711041067664,-0.12721419694188893
93.63,-0.13557094039220455,-0.0068224960605384015,-0.12874844433166616
93.64,-0.1376113229924133,-0.010110596749367092,-0.1275007262430462
93.65,-0.13506101875094778,-0.01135121114261909,-0.1237098076083287
93.66,-0.1282899504607582,-0.010486376596650275,-0.11780357386410792
93.67,-0.1169922343200991,-0.0075284651961695015,-0.1094637691239296
93.68,-0.10166669854020634,-0.0025615722533896762,-0.09910512628681666
93.69,-0.083017450877524,0.004259326096812419,-0.08727677697433642
93.7,-0.061251073790150955,0.012711499540853648,-0.0739625733310046
93.71000000000001,-0.03715618272059457,0.022509852049735327,-0.059666034770329904
93.72,-0.01159602958217757,0.03331447154902003,-0.0449105011311976
93.73,0.014747876687978136,0.04474016241861337,-0.029992285730635237
93.74,0.040970673799026636,0.05636770807560785,-0.015397034276581213
93.75,0.06629117376789515,0.06775654286352426,-0.0014653690956291099
93.76,0.08973211853839455,0.07845845358445379,0.011273664953940762
93.77,0.11048852562468489,0.08803188380769748,0.022456641816987408
93.78,0.12810188317876123,0.09605638073578593,0.0320455024429753
93.79,0.14157502216206386,0.1021467065982701,0.03942831556379375
93.8,0.15040983254195045,0.10596613541081984,0.04444369713113061
93.81,0.15463517876713598,0.10723847199949756,0.04739670676763842
93.82000000000001,0.15352775585358372,0.10575836331019184,0.04776939254339188
93.83,0.14703930342342883,0.1013995213980671,0.04563978202536173
93.84,0.13571522228972,0.09412054166932358,0.04159468062039641
93.85000000000001,0.11932835332028867,0.08396807686981583,0.035360276450472836
93.86,0.09831652134073571,0.07107721438822683,0.027239306952508882
93.87,0.07361337431789415,0.055668998627941974,0.017944375689952177
93.88,0.04556713096828977,0.038045138132662096,0.007521992835627676
93.89,0.015014083236420762,0.018580035253656913,-0.0035659520172361507
93.9,-0.016982293653436897,-0.0022896292166968623,-0.014692664436740034
93.91,-0.049591398965077166,-0.024077436410960773,-0.025513962554116393
93.92,-0.08177423353485862,-0.04626149747858033,-0.03551273605627829
93.93,-0.11265389878041382,-0.06829998825035537,-0.04435391053005845
93.94,-0.14115787131791874,-0.08964744131759766,-0.05151043000032107
93.95,-0.16630168676857623,-0.10977125617593214,-0.05653043059264409
93.96000000000001,-0.1876728148708556,-0.12816787698071927,-0.059504937890136334
93.97,-0.204272174915294,-0.14437809600844873,-0.05989407890684528
93.98,-0.21542213488368694,-0.15800096893383558,-0.05742116594985136
93.99,-0.22132321986336898,-0.16870587459198044,-0.05261734527138853
94.0,-0.22134225168609992,-0.17624231536525525,-0.045099936320844664
94.01,-0.21528739627843818,-0.1804471324324135,-0.03484026384602468
94.02,-0.20393813564382357,-0.18124889999638724,-0.02268923564743633
94.03,-0.18720538622182953,-0.17866936096680694,-0.008536025255022589
94.04,-0.16543788530175313,-0.1728218697862495,0.00738398448449637
94.05,-0.13978034737834316,-0.16390691234233348,0.02412656496399032
94.06,-0.11069693103963688,-0.15220487434994273,0.041507943310305856
94.07000000000001,-0.07898957278365701,-0.13806632447970302,0.05907675169604601
94.08,-0.045836525505256326,-0.12190016336778552,0.07606363786252919
94.09,-0.012095225708276999,-0.10416006137696618,0.09206483566868918
94.10000000000001,0.02118735105251745,-0.08532966400845655,0.106517015060974
94.11,0.053147171040565946,-0.06590708221516337,0.11905425325572931
94.12,0.08280822324986377,-0.04638920424813957,0.12919742749800334
94.13,0.10915169922618785,-0.027256365514934724,0.13640806474112258
94.14,0.13188208850488897,-0.008957893421787013,0.140839981926676
94.15,0.15020405503778922,0.008100993776649228,0.14210306126114
94.16,0.16339031438157012,0.023570509883626883,0.13981980449794323
94.17,0.17179377672130539,0.03716549058849734,0.13462828613280806
94.18,0.17502803163151254,0.04867217664664583,0.1263558549848667
94.19,0.1728380691591893,0.057952406797392136,0.11488566236179718
94.2,0.16610557180425944,0.06494513199661588,0.10116043980764357
94.21000000000001,0.15494110100978745,0.06966525935678246,0.08527584165300499
94.22,0.1396105343707027,0.07219992901081967,0.06741060535988302
94.23,0.12124453038538165,0.07270241646224258,0.04854211392313906
94.24,0.10037758724986012,0.07138393363137219,0.028993653618487936
94.25,0.07770114043733786,0.06850367092157043,0.009197469515767429
94.26,0.05424577917416867,0.06435747786450692,-0.010111698690338247
94.27,0.030768250689108833,0.059265619485523224,-0.02849736879641439
94.28,0.00817560890548239,0.053560068314912355,-0.045384459409429964
94.29,-0.012907915781712473,0.0475717974758871,-0.06047971325759957
94.3,-0.03176112756880381,0.04161852868964614,-0.07337965625844994
94.31,-0.047524247070815456,0.035993361182173465,-0.08351760825298893
94.32000000000001,-0.060147076541227404,0.030954664784781868,-0.09110174132600928
94.33,-0.06917135524685028,0.026717564948642896,-0.09588892019549318
94.34,-0.07402484194501337,0.023447281340352722,-0.09747212328536609
94.35000000000001,-0.07521195891767722,0.0212545078842388,-0.09646646680191602
94.36,-0.07266330805346201,0.02019294352112344,-0.09285625157458545
94.37,-0.06624464311609683,0.020259002615222958,-0.08650364573131979
94.38,-0.05682205648488696,0.021393654890609595,-0.07821571137549656
94.39,-0.04470646466122161,0.02348626990567891,-0.06819273456690052
94.4,-0.03022289611583042,0.026380273018920774,-0.05660316913475119
94.41,-0.014301607260020808,0.029880360858299166,-0.044181968118319974
94.42,0.0024959504927123638,0.03376097635319513,-0.03126502586048277
94.43,0.019494352964003307,0.03777570781377923,-0.018281354849775923
94.44,0.036001713960547244,0.04166725421995609,-0.005665540259408845
94.45,0.051405488915303,0.04517759014783405,0.006227898767468952
94.46000000000001,0.06488274386537451,0.04805796842504292,0.016824775440331598
94.47,0.0761914300051553,0.05007841597597843,0.026113014029176866
94.48,0.08486732979902843,0.05103640724999387,0.03383092254903456
94.49,0.09017590641918133,0.050764438586276175,0.03941146783290515
94.5,0.09238376282230316,0.04913627401305541,0.04324748880924775
94.51,0.09131116234295404,0.04607168623483391,0.04523947610812013
94.52,0.08651414434153859,0.04153957372500272,0.04497457061653587
94.53,0.0786648190850953,0.0355593936682094,0.043105425416885904
94.54,0.06790408356210806,0.028200908793745927,0.03970317476836213
94.55,0.054194084054474345,0.019582301849988194,0.03461178220448615
94.56,0.03838958926336381,0.00986676274238205,0.028522826520981762
94.57000000000001,0.020887180160590026,-0.0007423013826014703,0.021629481543191494
94.58,0.0020589157941502973,-0.012007244834754459,0.014066160628904756
94.59,-0.0173241317728846,-0.023663132771626447,0.006339000998741847
94.60000000000001,-0.036745019626437475,-0.03542542210052422,-0.0013195975259132561
94.61,-0.055522405497996453,-0.04699812250645451,-0.008524282991541947
94.62,-0.07319578889348483,-0.058082182748675736,-0.01511360614480909
94.63,-0.0892849168282421,-0.0683838521414189,-0.020901064686823206
94.64,-0.10297008561657742,-0.07762277939866971,-0.025347306217907706
94.65,-0.11422561967730628,-0.08553962980465571,-0.028685989872650572
94.66,-0.12273813863406294,-0.09190302583512353,-0.030835112798939412
94.67,-0.127742542667578,-0.09651564466339232,-0.031226898004185683
94.68,-0.12964350896158827,-0.09921933716389299,-0.030424171797695285
94.69,-0.12836452377180352,-0.09989916581753966,-0.02846535795426386
94.7,-0.123362809379215,-0.098486292142227,-0.024876517236988
94.71000000000001,-0.11535423663418315,-0.0949596768482842,-0.02039455978589895
94.72,-0.10449859205543485,-0.08934658693417226,-0.015152005121262593
94.73,-0.09058381267842527,-0.08172193264878977,-0.008861880029635505
94.74,-0.0744471980474124,-0.0722064830985606,-0.0022407149488517936
94.75,-0.056425016314006,-0.06096403190548663,0.004539015591480629
94.76,-0.03667009568239088,-0.04819760354369821,0.01152750786130733
94.77,-0.015937072709427798,-0.03414480677751873,0.018207734068090932
94.78,0.005355570772613765,-0.019072454112601788,0.024428024885215553
94.79,0.026726477280378635,-0.0032705755789016787,0.029997052859280313
94.8,0.04767216999674664,0.012954038212209267,0.03471813178453737
94.81,0.06778515547209323,0.02928462462054797,0.038500530851545256
94.82000000000001,0.08636906269074283,0.045401427963637025,0.04096763472710581
94.83,0.10325024730181273,0.060988727509590085,0.042261519792222646
94.84,0.1181171907628442,0.0757417743541792,0.042375416408665004
94.85000000000001,0.13020494497786347,0.08937349974577513,0.04083144523208834
94.86,0.13967195064597626,0.10162086139712347,0.038051089248852796
94.87,0.1463627888968258,0.11225069958462672,0.034112089312199084
94.88,0.14959059710496275,0.12106498146326974,0.02852561564169301
94.89,0.1497915444534844,0.12790532016644396,0.02188622428704043
94.9,0.146994029523175,0.13265666511026242,0.014337364412912584
94.91,0.14071557607235877,0.13525007169838324,0.005465504373975527
94.92,0.1315785917315156,0.13566447253383251,-0.004085880802316921
94.93,0.11979026073106332,0.13392738845585916,-0.014137127724795848
94.94,0.10516273574072173,0.13011453632695766,-0.02495180058623593
94.95,0.0883941183720156,0.12434831149081665,-0.03595419311880105
94.96000000000001,0.06983442912302454,0.11679514607310033,-0.046960716950075795
94.97,0.0496312907436238,0.10766176952692671,-0.05803047878330291
94.98,0.028443143084335345,0.0971904246033855,-0.06874728151905016
94.99,0.006698992480958486,0.08565311966992806,-0.07895412718896958
95.0,-0.015137703644591983,0.07334502627633098,-0.08848272992092296
95.01,-0.03655659068531826,0.060577158223296554,-0.09713374890861481
95.02,-0.05713550254713093,0.04766849416869535,-0.10480399671582627
95.03,-0.07618037320341928,0.034937728995524546,-0.11111810219894383
95.04,-0.0934183194978662,0.02269485873014652,-0.11611317822801273
95.05,-0.10853003958048578,0.011232818735392266,-0.11976285831587805
95.06,-0.12073484268507276,0.000819404287178794,-0.12155424697225155
95.07000000000001,-0.13005360341087618,-0.008310294317084604,-0.12174330909379158
95.08,-0.13635699349697095,-0.0159607138883871,-0.12039627960858384
95.09,-0.13895701113932926,-0.021981680752611196,-0.11697533038671806
95.10000000000001,-0.13817700231459454,-0.026273115225173692,-0.11190388708942084
95.11,-0.1341316869165337,-0.028788406036780713,-0.105343280879753
95.12,-0.12640097884712156,-0.029536315580361808,-0.09686466326675976
95.13,-0.1155616701482649,-0.028581315992881336,-0.08698035415538358
95.14,-0.10197114177423099,-0.02604230036259785,-0.07592884141163314
95.15,-0.08560086033730883,-0.022089661480977275,-0.06351119885633155
95.16,-0.06717444729190167,-0.016940781037937693,-0.05023366625396397
95.17,-0.047223560938708435,-0.010854023319424254,-0.03636953761928418
95.18,-0.02614162277622714,-0.004121377528517763,-0.022020245247709378
95.19,-0.004649681418511744,0.002940060005084005,-0.007589741423595748
95.2,0.016674434937483797,0.009997530027123499,0.006676904910360298
95.21000000000001,0.03709849098532929,0.01671271123096349,0.0203857797543658
95.22,0.05606674871009299,0.02275217992031028,0.033314568789782714
95.23,0.07311444727394432,0.02779791161376747,0.045316535660176856
95.24,0.08735533000849056,0.03155749890580628,0.055797831102684284
95.25,0.09853649127900467,0.033773761807128926,0.06476272947187575
95.26,0.10645209434958976,0.0342334396677487,0.07221865468184105
95.27,0.11030321826478015,0.03277467745948319,0.07752854080529696
95.28,0.11021449607270363,0.02929305307252254,0.08092144300018109
95.29,0.10632385118438101,0.023745935378510462,0.08257791580587054
95.3,0.09815016245350401,0.016155013778722173,0.08199514867478183
95.31,0.08618241466035517,0.006606897117827994,0.07957551754252717
95.32000000000001,0.07089168333614054,-0.004748258732992743,0.07563994206913328
95.33,0.05226447237729769,-0.01770007176008936,0.06996454413738705
95.34,0.031049621357290107,-0.03198311683415475,0.06303273819144486
95.35000000000001,0.007938098077460154,-0.04728382345337583,0.055221921530835986
95.36,-0.016595946014573072,-0.06324888422984225,0.046652938215269175
95.37,-0.04171812710675004,-0.07949492020191466,0.03777679309516462
95.38,-0.06670759601145052,-0.09561910752959536,0.028911511518144847
95.39,-0.09072337898090202,-0.11121043853567693,0.02048705955477491
95.4,-0.11304754849418543,-0.12586126954134153,0.012813721047156099
95.41,-0.13314255191855293,-0.13917879924928342,0.006036247330730493
95.42,-0.1500296847652499,-0.1507961248483632,0.0007664400831133011
95.43,-0.16328538986533728,-0.16038253839670957,-0.002902851468627704
95.44,-0.17272634950895874,-0.16765275278407318,-0.005073596724885554
95.45,-0.17750639787547268,-0.17237478365585698,-0.005131614219615693
95.46000000000001,-0.17760325086295992,-0.1743762596962856,-0.0032269911666743256
95.47,-0.17326061697081158,-0.17354898688800782,0.00028836991719624616
95.48,-0.16399579288737468,-0.16985165080653805,0.005855857919163376
95.49,-0.15019516419833698,-0.1633106025116332,0.01311543831329623
95.5,-0.13247707584098767,-0.15401873591623794,0.02154166007525027
95.51,-0.1108458217825221,-0.14213252539945567,0.03128670361693357
95.52,-0.08600266116353952,-0.1278673497241378,0.04186468856059827
95.53,-0.0587751525577372,-0.11149128003564084,0.052716127477903635
95.54,-0.029636947381557477,-0.09331755411793276,0.06368060673637528
95.55,0.0005651784699226281,-0.07369599474149717,0.0742611732114198
95.56,0.03102441949264915,-0.05300365579341588,0.08402807528606503
95.57000000000001,0.060946002601631834,-0.03163499527181978,0.09258099787345161
95.58,0.08953713155031127,-0.009991878910156321,0.0995290104604676
95.59,0.11623680418107107,0.011526287655329363,0.1047105165257417
95.60000000000001,0.14015789091038564,0.032532016074808254,0.10762587483557738
95.61,0.1607392026893422,0.05265852456389579,0.1080806781254464
95.62,0.1778179221123968,0.07156763459809605,0.10625028751430075
95.63,0.19065207785484126,0.0889565891806994,0.10169548867414185
95.64,0.19902400795543443,0.10456365020654355,0.09446035774889087
95.65,0.20320479624818302,0.1181723785200326,0.08503241772815043
95.66,0.20277447175707503,0.12961454719994878,0.07315992455712625
95.67,0.19788124694093462,0.13877168458779407,0.05910956235314055
95.68,0.1891426228476122,0.1455752869222703,0.0435673359253419
95.69,0.17653153295131407,0.15000577964826498,0.0265257533030491
95.7,0.1604963548010868,0.15209034027599344,0.008406014525093347
95.71000000000001,0.14182198878483698,0.1518997231039783,-0.01007773431914133
95.72,0.12083033592818747,0.149544246535154,-0.028713910606966528
95.73,0.09814076850722525,0.14516911678778283,-0.047028348280557575
95.74000000000001,0.07449283564912504,0.13894926754286424,-0.0644564318937392
95.75,0.05042523583820498,0.1310838938037359,-0.0806586579655309
95.76,0.026574534938389113,0.12179085058394608,-0.09521631564555696
95.77,0.0034522620954674423,0.11130107384212369,-0.10784881174665625
95.78,-0.01835684552172966,0.09985316339509248,-0.11821000891682214
95.79,-0.03833662878679489,0.0876882465429127,-0.12602487532970758
95.8,-0.056307069412916695,0.07504521808084766,-0.13135228749376435
95.81,-0.07179269218403392,0.06215642850715162,-0.13394912069118553
95.82000000000001,-0.08448790646033398,0.04924386875804427,-0.13373177521837826
95.83,-0.09454824143210366,0.03651587779366329,-0.13106411922576694
95.84,-0.10170652215313998,0.02416437973866871,-0.1258709018918087
95.85000000000001,-0.10589623193600071,0.012362640763048754,-0.11825887269904947
95.86,-0.10752469537081445,0.0012635229569572168,-0.10878821832777166
95.87,-0.10655888650169291,-0.009001796651919351,-0.09755708984977357
95.88,-0.10314237771958246,-0.01832467907415572,-0.08481769864542674
95.89,-0.09779849886300959,-0.026619487164409292,-0.0711790116986003
95.9,-0.09068886911779235,-0.033823697658672935,-0.056865171459119415
95.91,-0.0820988020819774,-0.03989769489145885,-0.04220110719051855
95.92,-0.07252483110103267,-0.044824273918944835,-0.02770055718208783
95.93,-0.06224334375646479,-0.04860787410820145,-0.013635469648263343
95.94,-0.05159776940739419,-0.0512735574937547,-0.0003242119136394883
95.95,-0.040946747689458614,-0.05286574017131571,0.0119189924818571
95.96000000000001,-0.030591442991653527,-0.05344668043277903,0.022855237441125505
95.97,-0.02085617687023679,-0.053094724855847764,0.032238547985610974
95.98,-0.011904065775427273,-0.05190231358713878,0.039998247811711504
95.99000000000001,-0.003985600812579116,-0.04997374884336648,0.045988148030787365
96.0,0.0026512802342851414,-0.04742273623031489,0.05007401646460003
96.01,0.008040988903694184,-0.044369716652788674,0.05241070555648286
96.02,0.012031517579111846,-0.040939016957220034,0.05297053453633188
96.03,0.014484651344593969,-0.03725585941660427,0.05174051076119823
96.04,0.015591391733385716,-0.033443282979216685,0.0490346747126024
96.05,0.015316692064238037,-0.02961904198400099,0.04493573404823903
96.06,0.013644364918390056,-0.025892559853856703,0.03953692477224676
96.07000000000001,0.01085697078908018,-0.022362025156907245,0.03321899594598743
96.08,0.00703071301042397,-0.01911172446266791,0.026142437473091883
96.09,0.0022676488154912402,-0.0162097098029514,0.01847735861844264
96.10000000000001,-0.0031302026287829167,-0.013705897618213864,0.010575694989430947
96.11,-0.008998889512062208,-0.011630690370918068,0.00263180085885586
96.12,-0.0151353058149,-0.009994201317847165,-0.005141104497052835
96.13,-0.021285824899328117,-0.008786147295679355,-0.012499677603648762
96.14,-0.027235723343081324,-0.007976454106643433,-0.019259269236437893
96.15,-0.032712537117560725,-0.0075165947856905835,-0.02519594233187014
96.16,-0.037568004729492566,-0.007341653536881837,-0.030226351192610728
96.17,-0.04158443621974289,-0.0073730785212671925,-0.0342113576984757
96.18,-0.04446884963702263,-0.007522056221708518,-0.03694679341531411
96.19,-0.046218607279750086,-0.007693410190966352,-0.038525197088783734
96.2,-0.046667453756249234,-0.007789899062214446,-0.03887755469403479
96.21000000000001,-0.04556733957481673,-0.007716764215779301,-0.03785057535903743
96.22,-0.04307654281068783,-0.0073863578253813775,-0.035690184985306454
96.23,-0.039132050875166004,-0.006722668376223431,-0.032409382498942575
96.24000000000001,-0.033604345204337846,-0.0056655541652018806,-0.027938791039135966
96.25,-0.026792818387612723,-0.004174496494661499,-0.022618321892951224
96.26,-0.01877226729232747,-0.002231693666428609,-0.01654057362589886
96.27,-0.009595401781900433,0.0001556654750100438,-0.009751067256910478
96.28,0.0003590966728474797,0.00295408413715556,-0.0025949874643080803
96.29,0.010877506093479927,0.006103499216960631,0.004774006876519296
96.3,0.021695314315743428,0.009518145954056645,0.012177168361686783
96.31,0.03245474186076233,0.0130885658884039,0.01936617597235843
96.32000000000001,0.04284590385154559,0.016684731652203633,0.026161172199341956
96.33,0.0524190952673516,0.02016021418517217,0.03225888108217943
96.34,0.06095632557921726,0.02335727086990317,0.03759905470931409
96.35000000000001,0.06813529769282531,0.026112688921636252,0.04202260877118906
96.36,0.07341318219183512,0.02826417917552999,0.04514900301630513
96.37,0.07681454501801255,0.029657083102314144,0.047157461915698404
96.38,0.0781096229704551,0.030151132134195766,0.04795849083625933
96.39,0.0768079483282424,0.02962698457467159,0.047180963753570816
96.4,0.07322241664177939,0.027992262497288457,0.045230154144490935
96.41,0.06730859647918692,0.02518681967201154,0.04212177680717538
96.42,0.058791941208275106,0.021186991780296347,0.03760494942797876
96.43,0.048230890130660425,0.01600861158171781,0.03222227854894262
96.44,0.03581053727896335,0.00970861337185279,0.02610192390711056
96.45,0.021602389571222673,0.002385101647163574,0.0192172879240591
96.46000000000001,0.006272858155208413,-0.005824183435148669,0.012097041590357082
96.47,-0.009793134131052473,-0.014745008611717835,0.004951874480665362
96.48,-0.02613346896940745,-0.024171337804782794,-0.0019621311646246566
96.49000000000001,-0.04217761313525717,-0.033871444933861676,-0.008306168201395493
96.5,-0.05744601934968192,-0.04359526194413091,-0.013850757405551015
96.51,-0.0711603364250659,-0.053082718187875674,-0.01807761823719023
96.52,-0.08305584075934803,-0.0620727787807916,-0.020983061978556435
96.53,-0.09271208425534498,-0.07031285134447561,-0.02239923291086937
96.54,-0.0992259444267214,-0.07756820453368489,-0.021657739893036515
96.55,-0.1027795357539758,-0.0836310293710054,-0.0191485063829704
96.56,-0.10316414240230397,-0.08832877658480243,-0.014835365817501542
96.57000000000001,-0.09961695463353715,-0.09153142020249885,-0.008085534431038294
96.58,-0.0927756363903602,-0.09315732931717477,0.00038169292681457245
96.59,-0.08273657895523545,-0.09317747533769422,0.010440896382458764
96.60000000000001,-0.06914486328453666,-0.09161775967944667,0.022472896394910014
96.61,-0.052938910483273774,-0.08855931474222128,0.03562040425894751
96.62,-0.03451581408703624,-0.08413670667220656,0.04962089258517032
96.63,-0.014105692526395208,-0.07853404895809571,0.0644283564317005
96.64,0.007337512598479173,-0.0719791182411184,0.07931663083959757
96.65,0.029212477655063424,-0.06473564455595583,0.09394812221101925
96.66,0.050738388156282566,-0.05709402428200425,0.10783241243828681
96.67,0.07123065721943436,-0.04936077221255899,0.12059142943199336
96.68,0.09007480813615755,-0.04184708643743055,0.1319218945735881
96.69,0.10616312752106404,-0.03485694365423162,0.14102007117529566
96.7,0.11930262778957884,-0.02867517103496235,0.14797779882454118
96.71000000000001,0.1290823063273242,-0.02355595241733123,0.15263825874465542
96.72,0.13441812485017102,-0.01971222055372624,0.15413034540389725
96.73,0.1356937065914316,-0.017306363317663352,0.15300006990909495
96.74000000000001,0.13286709767663069,-0.016442630730501884,0.14930972840713258
96.75,0.1252431944209644,-0.01716157272018717,0.14240476714115158
96.76,0.11369468253213677,-0.019436766604995798,0.13313144913713257
96.77,0.0985976008619642,-0.02317401094278984,0.12177161180475404
96.78,0.07990080156924424,-0.02821307162883991,0.10811387319808416
96.79,0.05872379210284406,-0.03433197037170687,0.09305576247455093
96.8,0.03576408193202837,-0.041253708584647844,0.0770177905166762
96.81,0.011665170413061962,-0.048655225063105635,0.0603203954761676
96.82000000000001,-0.012535563020622769,-0.05617829729767308,0.043642734277050316
96.83,-0.036039093073900685,-0.06344201742542659,0.0274029243515259
96.84,-0.057689058553911134,-0.07005640784538088,0.012367349291469744
96.85000000000001,-0.07684751419945371,-0.07563669114589776,-0.001210823053555951
96.86,-0.09288826463770311,-0.079817696365083,-0.013070568272620112
96.87,-0.10450528203910237,-0.08226787021247944,-0.02223741182662292
96.88,-0.11166738779878901,-0.08270236847064942,-0.028965019328139593
96.89,-0.1141556913580513,-0.0808947293472402,-0.03326096201081111
96.9,-0.11094324168897532,-0.07668667626457991,-0.03425656542439541
96.91,-0.1026359489568604,-0.06999566090645644,-0.03264028805040396
96.92,-0.0895301238791912,-0.060819836046433866,-0.02871028783275733
96.93,-0.07122954288615405,-0.04924023890190564,-0.021989303984248407
96.94,-0.04881668393865021,-0.03542006613116412,-0.013396617807486091
96.95,-0.02303739712518043,-0.019601027378514067,-0.0034363697466663623
96.96000000000001,0.005719924517799937,-0.002096871503438506,0.007816796021238442
96.97,0.03620294061686689,0.01671571574660828,0.019487224870258606
96.98,0.06744322122063995,0.03640854581670777,0.031034675403932177
96.99000000000001,0.09836797937385636,0.05651530865175497,0.04185267072210139
97.0,0.12791793753710778,0.07654644266194484,0.051371494875162946
97.01,0.15521994302525932,0.09600497726879842,0.0592149657564609
97.02,0.17884247190133154,0.11440279320794233,0.06443967869338921
97.03,0.1982306785039285,0.13127672730312379,0.06695395120080472
97.04,0.21290924641886014,0.14620395100171477,0.06670529541714537
97.05,0.22153394069983162,0.15881607553055047,0.06271786516928116
97.06,0.22422161044536892,0.16881148025148995,0.05541013019387897
97.07000000000001,0.22107636917898,0.17596542306419832,0.04511094611478167
97.08,0.21126148495771763,0.180137570213794,0.03112391474392362
97.09,0.19553946101225272,0.18127667469600003,0.01426278631625269
97.10000000000001,0.1745869027626014,0.1794222341964751,-0.004835331433873713
97.11,0.14833133424368172,0.17470306737167468,-0.026371733127992958
97.12,0.11797020298171981,0.1673328572726296,-0.049362654290909774
97.13,0.08455285858745976,0.15760281875994944,-0.07304996017248969
97.14,0.04878187955825954,0.14587174887592028,-0.09708986931766073
97.15,0.011957320402719938,0.13255381158508805,-0.12059649118236812
97.16,-0.02482895412592042,0.11810448770601478,-0.1429334418319352
97.17,-0.06033447589271994,0.1030051843778263,-0.16333966027054625
97.18,-0.0935129672681027,0.0877470437905601,-0.1812600110586628
97.19,-0.12358209426280944,0.07281451660472976,-0.1963966108675392
97.2,-0.149159424706371,0.05866927068451392,-0.20782869539088492
97.21000000000001,-0.16973054450556538,0.04573499043144854,-0.21546553493701393
97.22,-0.18507853198479274,0.03438358685607797,-0.21946211884087072
97.23,-0.19411223120002116,0.024923285017281967,-0.21903551621730313
97.24000000000001,-0.1969720758208107,0.01758898571305849,-0.21456106153386917
97.25,-0.1940797332799334,0.012535215021806045,-0.20661494830173943
97.26,-0.18495822065455,0.009831881639943767,-0.19479010229449378
97.27,-0.17034106682157044,0.009462961456195242,-0.17980402827776568
97.28,-0.1511539162233823,0.011328125170439862,-0.16248204139382216
97.29,-0.12764938014474606,0.015247221797571767,-0.14289660194231782
97.3,-0.10093192888070199,0.020967432309422728,-0.12189936119012472
97.31,-0.07213375887293097,0.02817281696073275,-0.10030657583366372
97.32000000000001,-0.042117742433610494,0.03649590017596957,-0.07861364260958006
97.33,-0.012045630916386968,0.04553087094479225,-0.05757650186117922
97.34,0.01710480988609566,0.05484792663877495,-0.03774311675267929
97.35000000000001,0.04416420811878349,0.06400825555483851,-0.019844047436055015
97.36,0.06822727082515191,0.07257913918042395,-0.004351868355272043
97.37,0.08877606710414619,0.08014865934535369,0.008627407758792505
97.38,0.10471564078829639,0.0863395175805617,0.018376123207734685
97.39,0.1156244529840978,0.09082151300318432,0.024802939980913485
97.4,0.12159589845606791,0.09332227915953926,0.02827361929652865
97.41,0.12194194405707998,0.09363594723808875,0.028305996818991222
97.42,0.11680846442713584,0.09162948025160629,0.02517898417552955
97.43,0.1068528387711272,0.08724650721026306,0.019606331560864138
97.44,0.09197664618093138,0.08050857480252349,0.011468071378407885
97.45,0.07281973269020839,0.07151382343646594,0.0013059092537424516
97.46000000000001,0.05037918357725782,0.060433181490299755,-0.010053997913041936
97.47,0.02513330045605918,0.04750425326565814,-0.022370952809598957
97.48,-0.001983594184419296,0.03302314969407501,-0.035006743878494305
97.49000000000001,-0.029957064130511503,0.017334573947629647,-0.04729163807814115
97.5,-0.05792008688469033,0.0008205248259601353,-0.05874061171065047
97.51,-0.0849059543448399,-0.016111982286772106,-0.0687939720580678
97.52,-0.11019625456370352,-0.03304375486089607,-0.07715249970280745
97.53,-0.13282402126741344,-0.049556393788973814,-0.08326762747843963
97.54,-0.15203947504448015,-0.06524497336721201,-0.08679450167726814
97.55,-0.16762624854859087,-0.07973003056950571,-0.08789621797908516
97.56,-0.1788079715478452,-0.09266849790937469,-0.0861394736384705
97.57000000000001,-0.1852232486081359,-0.10376325978997444,-0.08145998881816147
97.58,-0.18719857061196463,-0.11277106706349388,-0.07442750354847075
97.59,-0.1843513583413851,-0.11950860633269604,-0.06484275200868907
97.60000000000001,-0.17676465738375746,-0.12385658694130079,-0.05290807044245667
97.61,-0.1651822474458193,-0.12576177716065884,-0.039420470285160464
97.62,-0.14967966417718898,-0.12523698935690888,-0.02444267482028009
97.63,-0.13072272284186742,-0.12235907959745071,-0.008363643244416713
97.64,-0.1092320255770639,-0.11726508810261295,0.008033062525549056
97.65,-0.08566480555305957,-0.110146701303801,0.02448189575074143
97.66,-0.06071985584798102,-0.10124326248651716,0.04052340663853614
97.67,-0.035222130388975516,-0.09083359488733002,0.0556114644983545
97.68,-0.009835324438683754,-0.07922692787409451,0.06939160343541076
97.69,0.01469727922400823,-0.06675323305828156,0.08145051228228978
97.7,0.03786628605181394,-0.05375328284499203,0.09161956889680598
97.71000000000001,0.05900946221534353,-0.040568739365705785,0.09957820158104932
97.72,0.07751336170166293,-0.027532567641376432,0.10504592934303936
97.73,0.09329248312004317,-0.014960044160050498,0.10825252728009366
97.74000000000001,0.10586110017461327,-0.003140602032828232,0.1090017022074415
97.75,0.11485468158568904,0.007669282096690801,0.10718539948899825
97.76,0.12059053324036614,0.017251994664819734,0.10333853857554641
97.77,0.12285729265592923,0.025433363947685392,0.09742392870824385
97.78,0.12158339631928934,0.032085834287069744,0.08949756203221959
97.79,0.11736181483106635,0.03713020363947913,0.08023161119158723
97.8,0.11026324245627388,0.040535935304429394,0.06972730715184448
97.81,0.10048134259443058,0.042320094912423556,0.05816124768200702
97.82000000000001,0.08870255973986152,0.04254500015392751,0.04615755958593401
97.83,0.07521329825008603,0.041314702465756845,0.03389859578432919
97.84,0.060393634066825394,0.03877044633870533,0.021623187728120066
97.85000000000001,0.04484439709425633,0.03508527267099379,0.009759124423262544
97.86,0.028961020190307475,0.03045794748398127,-0.0014969272936737957
97.87,0.013208524719342522,0.02510640635972469,-0.011897881640382166
97.88,-0.0020277542888364405,0.019260908355833398,-0.021288662644669838
97.89,-0.016353905629991786,0.013157091257904777,-0.029510996887896563
97.9,-0.029318007050079264,0.007029113324831781,-0.03634712037491104
97.91,-0.04080815936172355,0.0011030557416644613,-0.041911215103388015
97.92,-0.050519155591571094,-0.0044092545461913825,-0.04610990104537971
97.93,-0.058089818767773534,-0.009315859419096054,-0.04877395934867748
97.94,-0.06366928234393789,-0.013449599132961298,-0.050219683210976584
97.95,-0.06709218719615637,-0.016672255737206543,-0.050419931458949824
97.96000000000001,-0.06813911203673492,-0.018877831640233832,-0.049261280396501086
97.97,-0.06715590141266613,-0.019994907439734054,-0.04716099397293207
97.98,-0.06413237438754969,-0.01998804594991259,-0.044144328437637104
97.99000000000001,-0.059016700389851635,-0.01885823173106258,-0.040158468658789054
98.0,-0.05225945506211939,-0.016642357007725418,-0.035617098054393975
98.01,-0.043992308080820185,-0.013411785361090604,-0.03058052271972958
98.02,-0.03433544610800772,-0.009270043764530026,-0.02506540234347769
98.03,-0.023745553783423995,-0.0043497112073131875,-0.01939584257611081
98.04,-0.01246203434128994,0.0011914118377751351,-0.013653446179065075
98.05,-0.0007615566928044944,0.007174754639135782,-0.007936311331940275
98.06,0.010984303463422714,0.013405937380272303,-0.0024216339168495887
98.07000000000001,0.022477892968020875,0.019680121312591014,0.0027977716554298607
98.08,0.033323785758044296,0.025787618867779066,0.00753616689026523
98.09,0.04331049619813476,0.03151962897108929,0.01179086722704547
98.10000000000001,0.052143043192033965,0.03667395950249368,0.015469083689540288
98.11,0.059370378774620584,0.04106059813815929,0.01830978063646129
98.12,0.06499181785951677,0.044506994796513724,0.020484823063003046
98.13,0.06878141278656452,0.04686292371876209,0.02191848906780243
98.14,0.0703198787710944,0.048004800908903474,0.022315077862190925
98.15,0.06983350022054186,0.047839343273360486,0.02199415694718137
98.16,0.06722596806397535,0.046306469306019116,0.020919498757956234
98.17,0.06221073186689018,0.043381357458771766,0.018829374408118417
98.18,0.055211490222320206,0.03907559723455265,0.016135892987767554
98.19,0.04630022194261651,0.033437389260968474,0.012862832681648034
98.2,0.035415870357398675,0.02655077377267715,0.008865096584721524
98.21000000000001,0.023098094217057767,0.01853389157734481,0.004564202639712956
98.22,0.009587238564658151,0.009536307138978102,5.093142568004909e-05
98.23,-0.0048967469116538796,-0.00026455076265587916,-0.0046321961489980005
98.24000000000001,-0.019825063473985063,-0.010667749959927232,-0.009157313514057831
98.25,-0.03483699275407994,-0.02145391240469049,-0.01338308034938945
98.26,-0.049440458907048554,-0.03239084106433908,-0.017049617842709475
98.27,-0.06326559033825518,-0.04323956959769434,-0.020026020740560847
98.28,-0.07592272868292574,-0.05376067228937533,-0.022162056393550407
98.29,-0.08673469621959715,-0.06372065998896395,-0.023014036230633195
98.3,-0.09562019357060764,-0.07289828082655614,-0.022721912744051498
98.31,-0.10227411566381367,-0.08109054271076299,-0.021183572953050678
98.32000000000001,-0.10599035652648271,-0.08811827835901673,-0.017872078167465985
98.33,-0.10704248894195477,-0.09383108299070073,-0.013211405951254043
98.34,-0.10531156698528664,-0.09811146977087616,-0.007200097214410478
98.35000000000001,-0.10025345474652561,-0.10087810836947196,0.0006246536229463501
98.36,-0.09246537207992354,-0.10208803714338957,0.009622665063466027
98.37,-0.08206827743235903,-0.10173776881182763,0.019669491379468593
98.38,-0.06885232920109344,-0.09986324225683774,0.0310109130557443
98.39,-0.05360203911114482,-0.09653860826638068,0.04293656915523586
98.4,-0.03665960881756582,-0.09187387354635103,0.05521426472878521
98.41,-0.01824612557672821,-0.08601146397271155,0.06776533839598334
98.42,0.000880424362437373,-0.07912180359843035,0.08000222796086773
98.43,0.020248817689311416,-0.07139803913149356,0.09164685682080498
98.44,0.039230263768981845,-0.06305006926068982,0.10228033302967166
98.45,0.05732262057735931,-0.05429806321337951,0.11162068379073882
98.46000000000001,0.07406027247441134,-0.045365672303801945,0.11942594477821328
98.47,0.08858184307920117,-0.03647315116314722,0.1250549942423484
98.48,0.10078828564274109,-0.027830611232003425,0.1286188968747445
98.49000000000001,0.11037158134469605,-0.019631627575146388,0.13000320891984243
98.5,0.11649701430877189,-0.01204741103613221,0.1285444253449041
98.51,0.11950518650220307,-0.005221741338580107,0.12472692784078318
98.52,0.11935759927023606,0.0007331666171975214,0.11862443265303854
98.53,0.1155062715074844,0.005739720641521811,0.10976655086596258
98.54,0.10864329790606228,0.00975682568719443,0.09888647221886784
98.55,0.09902798840867201,0.012780506394478022,0.086247482014194
98.56,0.0865741189942368,0.01484325145293758,0.07173086754129922
98.57000000000001,0.07213336072882481,0.016012097117239173,0.05612126361158564
98.58,0.056190916594403284,0.016385510837445643,0.03980540575695764
98.59,0.03915086334327414,0.016089178043939386,0.023061685299334753
98.60000000000001,0.021782566067357036,0.015270834158579839,0.006511731908777197
98.61,0.00464294455752459,0.014094318467731227,-0.009451373910206637
98.62,-0.011505956306888826,0.012733055307860137,-0.024239011614748965
98.63,-0.026197890491278623,0.011363189985389363,-0.037561080476667986
98.64,-0.03899199824542106,0.010156621113052653,-0.049148619358473714
98.65,-0.049021796604423164,0.00927417699200185,-0.058295973596425014
98.66,-0.056257370197894514,0.008859180987699923,-0.06511655118559444
98.67,-0.06053135717890657,0.009031639526904214,-0.06956299670581079
98.68,-0.06116549186778188,0.009883266678884037,-0.07104875854666592
98.69,-0.05857065803789344,0.011473531872697134,-0.07004418991059058
98.7,-0.05292296879341829,0.013826883022131342,-0.06674985181554963
98.71000000000001,-0.0439666158688223,0.01693125731244722,-0.06089787318126952
98.72,-0.03242647023776847,0.020737947495322488,-0.053164417733090955
98.73,-0.018775296105352945,0.025162844256605785,-0.04393814036195873
98.74000000000001,-0.0032756320201295305,0.030089026698445116,-0.03336465871857465
98.75,0.013254486551251856,0.03537062490535649,-0.02211613835410463
98.76,0.030198786740999448,0.040837832634900366,-0.010639045893900918
98.77,0.046853461119711226,0.046302906019677695,0.0005505551000335313
98.78,0.06255629816161161,0.05156694730171197,0.01098935085989964
98.79,0.07675840830367718,0.05642724238356513,0.020331165920112054
98.8,0.0885415108857056,0.06068489849216412,0.027856612393541473
98.81,0.09760202917713197,0.06415251436872597,0.033449514808405995
98.82000000000001,0.1036559387872515,0.06666161068509639,0.03699432810215511
98.83,0.10587306894266263,0.06806955309183797,0.03780351585082466
98.84,0.10440482719824375,0.0682657143494893,0.03613911284875444
98.85000000000001,0.09934658064523151,0.06717664497987261,0.032169935665358904
98.86,0.09023461281383383,0.06477005308511345,0.025464559728720373
98.87,0.07763698734047954,0.061057432415008585,0.016579554925470953
98.88,0.06201663051559492,0.05609522215967698,0.005921408355917937
98.89,0.043437830826818825,0.04998443083176467,-0.006546600004945842
98.9,0.022724170147061205,0.04286870834497365,-0.020144538197912447
98.91,0.0005667909066391277,0.03493090324937653,-0.0343641123427374
98.92,-0.022451308928007566,0.026388194256167164,-0.04883950318417473
98.93,-0.04548719224389277,0.017485934894858786,-0.06297312713875156
98.94,-0.06784550575498598,0.00849039568728038,-0.07633590144226636
98.95,-0.08860230376638227,-0.00031937198068411984,-0.08828293178569815
98.96000000000001,-0.10713752438723628,-0.008660293447138943,-0.09847723094009733
98.97,-0.12298697639839112,-0.01625436861030884,-0.10673260778808229
98.98,-0.1351743096821228,-0.02283781360846573,-0.11233649607365706
98.99000000000001,-0.14348107228445173,-0.028169944504092034,-0.11531112778035969
99.0,-0.14784164210168277,-0.03204150571144505,-0.11580013639023773
99.01,-0.14753314706797255,-0.03428216042236287,-0.11325098664560967
99.02,-0.14280391394611508,-0.034766884328609145,-0.10803702961750594
99.03,-0.1340278980834263,-0.03342103678160551,-0.10060686130182078
99.04,-0.12096082124037935,-0.030223924147140632,-0.09073689709323872
99.05,-0.10425258416783864,-0.025210717215541155,-0.07904186695229748
99.06,-0.08461399502709006,-0.018472636607589285,-0.06614135841950078
99.07000000000001,-0.06235298307652826,-0.010155375491885764,-0.052197607584642494
99.08,-0.03834563377364798,-0.00045578580199671085,-0.03788984797165127
99.09,-0.013423389337032382,0.0103830893450481,-0.02380647868208048
99.10000000000001,0.011652528427564722,0.022078500027611633,-0.01042597160004691
99.11,0.03601513413414569,0.034315803398856856,0.0016993307352888357
99.12,0.05897376770401764,0.04675737514711792,0.01221639255689972
99.13,0.07955111005218564,0.05905234915896613,0.02049876089321951
99.14,0.09711910572928886,0.07084688697706375,0.026272218752225115
99.15,0.1113504385086501,0.08179465904083467,0.02955577946781543
99.16,0.12135012954753882,0.09156721021415234,0.029782919333386476
99.17,0.12689155278667247,0.09986388310981559,0.02702766967685688
99.18,0.1281222059886421,0.10642098424589339,0.021701221742748716
99.19,0.12449512842623821,0.11101989980331854,0.013475228622919666
99.2,0.11623859645493691,0.11349389905419668,0.002744697400740223
99.21000000000001,0.10393849584826001,0.11373340343989767,-0.009794907591637661
99.22,0.08754812782219071,0.1116895465573729,-0.02414141873518219
99.23,0.06768400355265791,0.10737590347683967,-0.03969189992418176
99.24000000000001,0.045196591082683715,0.1008683251816482,-0.05567173409896449
99.25,0.020535748780306024,0.09230287366496857,-0.07176712488466255
99.26,-0.005459461755241569,0.0818719134248324,-0.08733137518007396
99.27,-0.03193093691770248,0.0698184738310517,-0.10174941074875418
99.28,-0.05808457578373172,0.05642905219418963,-0.11451362797792135
99.29,-0.08307710990401347,0.042025077546719955,-0.12510218745073343
99.3,-0.10630259678906039,0.02695329850628505,-0.13325589529534543
99.31,-0.12687093832538238,0.011575393698861965,-0.13844633202424433
99.32000000000001,-0.14414735049328836,-0.0037428710966758674,-0.1404044793966125
99.33,-0.15796011835671628,-0.018642599535207725,-0.13931751882150856
99.34,-0.16758775904929094,-0.03278249093238548,-0.13480526811690546
99.35000000000001,-0.1727564420320862,-0.04584899853634903,-0.12690744349573718
99.36,-0.17377755494888986,-0.057565599621312386,-0.11621195532757747
99.37,-0.17029861168163246,-0.06770088491569981,-0.10259772676593265
99.38,-0.1624620584333155,-0.07607521212099831,-0.08638684631231718
99.39,-0.15096468882509,-0.0825657138602487,-0.0683989749648413
99.4,-0.13590229711054827,-0.08710950287042159,-0.04879279424012668
99.41,-0.11778117639105216,-0.08970497494149685,-0.02807620144955532
99.42,-0.09747132918519344,-0.09041117114830804,-0.0070601580368853945
99.43,-0.07545794791746696,-0.08934522334099342,0.013887275423526454
99.44,-0.052468254268133604,-0.08667796862259837,0.034209714354464765
99.45,-0.029285392163637396,-0.08262787762544281,0.053342485461805415
99.46000000000001,-0.0066125810755374,-0.07745349585651434,0.07084091478097694
99.47,0.014795836245341866,-0.07144464541408145,0.08624048165942332
99.48,0.0344716475116345,-0.06491267438383846,0.09938432189547297
99.49000000000001,0.05171930920885693,-0.05818007186166885,0.10989938107052577
99.5,0.06595098836240698,-0.05156978678397407,0.11752077514638105
99.51,0.07714119917678161,-0.045394597878587274,0.12253579705536888
99.52,0.08481098382482845,-0.039946879748913575,0.12475786357374202
99.53,0.08868319441844101,-0.035489096420341364,0.12417229083878237
99.54,0.08916643832873404,-0.03224532904119572,0.12141176736992976
99.55,0.08612861694992457,-0.030394109639493377,0.11652272658941795
99.56,0.07966278707509025,-0.030062789034966383,0.10972557611005664
99.57000000000001,0.07047271545576803,-0.03132361564481372,0.10179633110058176
99.58,0.05879033289742576,-0.034191644713944924,0.09298197761137068
99.59,0.04504102916247267,-0.03862453636315094,0.08366556552562361
99.60000000000001,0.029999902196039704,-0.04452423783920447,0.07452414003524417
99.61,0.014168645566539597,-0.05174048259804689,0.06590912816458648
99.62,-0.0018179605860680222,-0.06007597848336034,0.05825801789729232
99.63,-0.01735232049609755,-0.06929310133099585,0.0519407808348983
99.64,-0.03183349975421303,-0.07912186074257355,0.04728836098836052
99.65,-0.044591624292081654,-0.08926886322460724,0.044677238932525586
99.66,-0.055367816567748585,-0.09942696580625197,0.04405914923850339
99.67,-0.06365249813665098,-0.1092852917299065,0.04563279359325552
99.68,-0.06892012484410297,-0.11853926959213418,0.04961914474803121
99.69,-0.07133074371659832,-0.12690035874485292,0.055569615028254596
99.7,-0.07061771955641157,-0.13410513679096878,0.06348741723455721
99.71000000000001,-0.0665375363459929,-0.13992344916228,0.0733859128162871
99.72,-0.05960980760471436,-0.1441653551979215,0.08455554759320714
99.73,-0.049879399571459856,-0.1466866486339853,0.09680724906252546
99.74000000000001,-0.03744527697255465,-0.14739278143349552,0.10994750446094087
99.75,-0.023018756654252938,-0.14624107662707778,0.12322231997282485
99.76,-0.006925285765090915,-0.14324117628995245,0.13631589052486154
99.77,0.010425574348469552,-0.1384537328076498,0.14887930715611936
99.78,0.028353700536675356,-0.13198741298031114,0.1603411135169865
99.79,0.046368741936936866,-0.12399434310322499,0.17036308504016184
99.8,0.06386547480540918,-0.11466417685779792,0.1785296516632071
99.81,0.08040378837500434,-0.10421701474498468,0.18462080311998902
99.82000000000001,0.09548891516889589,-0.09289544222828874,0.18838435739718462
99.83,0.10848656126542008,-0.08095598236623118,0.18944254363165125
99.84,0.11932778343806784,-0.068660276499825,0.18798805993789283
99.85000000000001,0.12766681963593612,-0.05626631290643897,0.1839331325423751
99.86,0.13301311550776998,-0.04402001804057122,0.17703313354834121
99.87,0.13568352101799114,-0.03214750828147592,0.16783102929946705
99.88,0.1355801999492633,-0.020848272641077865,0.15642847259034115
99.89,0.13248780737910767,-0.010289519691026693,0.14277732707013438
99.9,0.12700444942860312,-0.0006018764398675185,0.12760632586847062
99.91,0.11929604128177823,0.008123425268871965,0.11117261601290626
99.92,0.10947572077194581,0.01583579611424345,0.09363992465770236
99.93,0.09823320556344739,0.022524951104539646,0.07570825445890775
99.94,0.08592930236281346,0.028219026300821324,0.05771027606199214
99.95,0.07296488949669121,0.03298124883237445,0.039983640664316755
99.96000000000001,0.05990660388785349,0.036905312465381895,0.023001291422471593
99.97,0.04718163078944418,0.040109658848019245,0.007071971941424934
99.98,0.035354015343363514,0.04273090461549507,-0.007376889272131558
99.99000000000001,0.024695056432409657,0.04491668531267751,-0.02022162888026785
100.0,0.015553223789715903,0.04681820744407604,-0.03126498365436014
