x,yobs,ycalc,ydiff
0.05,-1.2059277026510333e-11,-0.0385356644345548,0.03853566442249552
0.1,-1.8873803970070782e-10,-0.055031020645324336,0.055031020456586296
0.15000000000000002,-1.0604952099565741e-08,-0.0510589794820794,0.051058968877127305
0.2,-1.285694774241831e-07,-0.050190612721382956,0.05019048415190553
0.25,-2.8750442391513927e-07,-0.07284120548694105,0.07284091798251713
0.30000000000000004,3.8001084436874245e-06,-0.1142791481673025,0.11428294827574619
0.35000000000000003,3.4257107274648895e-05,-0.14938774882592853,0.14942200593320318
0.4,0.00013914003224302257,-0.15944350543629912,0.15958264546854214
0.45,0.00032294357631447565,-0.15250254711979122,0.1528254906961057
0.5,0.00031487101397649595,-0.15529723399254627,0.15561210500652278
0.55,-0.0007077708483824096,-0.18468732296579293,0.18397955211741052
0.6000000000000001,-0.003909158402721727,-0.22897545491797344,0.22506629651525173
0.65,-0.009430252982873095,-0.2596831311753172,0.25025287819244413
0.7000000000000001,-0.014090559908671458,-0.2621132999298288,0.24802274002115735
0.75,-0.010240264084323766,-0.2521406851727785,0.24190042108845472
0.8,0.011049291761334056,-0.2601918387645516,0.27124113052588567
0.8500000000000001,0.05142944288302497,-0.2982737356881209,0.34970317857114586
0.9,0.0960531396184747,-0.3454308026528147,0.4414839422712894
0.9500000000000001,0.11341732411853776,-0.3689982106925236,0.48241553481106136
1.0,0.07152293923676176,-0.36064878698486846,0.43217172622163025
1.05,-0.03488840144916147,-0.3480216916354231,0.3131332901862617
1.1,-0.1661156851374349,-0.36639935261877526,0.20028366748134036
1.1500000000000001,-0.25064205140284,-0.4183265886819716,0.16768453727913157
1.2000000000000002,-0.23238438982030934,-0.4662590913889793,0.23387470156866996
1.25,-0.1229370404734712,-0.47191432323520255,0.34897728276173134
1.3,-0.012464233094753863,-0.4440871795396766,0.4316229464449227
1.35,-0.013592728676029214,-0.4387397715731748,0.42514704289714556
1.4000000000000001,-0.16564088263146573,-0.49704857789808876,0.33140769526662306
1.4500000000000002,-0.3723457291521916,-0.5745094432857204,0.2021637141335288
1.5,-0.4393061479465228,-0.5398517637702248,0.10054561582370203
1.55,-0.20821255339072023,-0.2707575501128093,0.06254499672208905
1.6,0.3004820721348095,0.21868796125012405,0.08179411088468544
1.6500000000000001,0.8539551907631028,0.7326561732845769,0.1212990174785259
1.7000000000000002,1.1344183085305088,0.9945709967810327,0.13984731174947618
1.75,0.9568863216983966,0.8404795208685759,0.11640680082982069
1.8,0.42151406913276906,0.36114920058675554,0.06036486854601353
1.85,-0.1256110187535162,-0.12913455666337542,0.003523537909859209
1.9000000000000001,-0.31427652731377154,-0.2929389909467146,-0.02133753636705693
1.9500000000000002,-0.004156178751868971,-0.0014902525158796251,-0.0026659262359893456
2.0,0.6135593633027607,0.5717057261968151,0.041853637105945585
2.0500000000000003,1.1443246291505151,1.0656957292816878,0.07862889986882737
2.1,1.255964115285726,1.1714909454865294,0.0844731697991965
2.15,0.8893903089591189,0.8236387875767053,0.06575152138241358
2.2,0.26880215023657156,0.21499846073182555,0.05380368950474601
2.25,-0.2792729517887462,-0.35801435680882987,0.07874140502008364
2.3000000000000003,-0.55007707724289,-0.69264912837972,0.14257205113683002
2.35,-0.5635317981212142,-0.7780271564746768,0.21449535835346256
2.4000000000000004,-0.49105084870515747,-0.7441802125318783,0.2531293638267208
2.45,-0.4901816821653914,-0.7277985733047861,0.23761689113939477
2.5,-0.58785714331601,-0.7700681867178634,0.18221104340185335
2.5500000000000003,-0.6927370573460043,-0.8161461727339223,0.12340911538791799
2.6,-0.7022277375015312,-0.7939281260906204,0.09170038858908913
2.6500000000000004,-0.5996666681631614,-0.6908915209346004,0.09122485277143899
2.7,-0.4625364107230144,-0.5641182427817718,0.10158183205875743
2.75,-0.38918917699248595,-0.4858711959728365,0.09668201898035056
2.8000000000000003,-0.4188552480255725,-0.48241880819409394,0.06356356016852144
2.85,-0.5138744134750952,-0.5219245589661479,0.008050145491052652
2.9000000000000004,-0.6091663169693133,-0.5564339685910625,-0.052732348378250804
2.95,-0.6746219592122551,-0.57283355313137,-0.10178840608088513
3.0,-0.7323454250322678,-0.6028746221949507,-0.12947080283731716
3.0500000000000003,-0.8192169972254859,-0.6843652264777651,-0.1348517707477208
3.1,-0.9372453239910002,-0.8136492173387038,-0.12359610665229648
3.1500000000000004,-1.0423453225987396,-0.9384117434008977,-0.10393357919784185
3.2,-1.0821192769920605,-1.0009735447699764,-0.0811457322220841
3.25,-1.044177841835442,-0.9913045050163194,-0.05287333681912254
3.3000000000000003,-0.9643933262207126,-0.9545007830953377,-0.009892543125374909
3.35,-0.8810883231360924,-0.936581739781822,0.0554934166457296
3.4000000000000004,-0.7745223369860599,-0.9132025767163523,0.13868023973029242
3.45,-0.5530174047087528,-0.7727899224821559,0.21977251777340312
3.5,-0.11461647452619736,-0.3884869862062801,0.2738705116800827
3.5500000000000003,0.5509464032274476,0.262862621876634,0.2880837813508136
3.6,1.2990525779707132,1.0283696788477699,0.2706828991229433
3.6500000000000004,1.8687118975413417,1.6255590757400373,0.24315282180130438
3.7,2.0155440669479328,1.7942836599934553,0.22126040695447746
3.75,1.6583424407921472,1.4561441404859665,0.2021983003061807
3.8000000000000003,0.9389972296431661,0.7690516696153982,0.16994556002776795
3.85,0.14986354864164525,0.035969015827659885,0.11389453281398537
3.9000000000000004,-0.426450951708891,-0.4692433653364283,0.042792413627537274
3.95,-0.6596656248552397,-0.6398194982097958,-0.01984612664544394
4.0,-0.60748152164234,-0.5524769885250689,-0.05500453311727116
4.05,-0.4343294170067374,-0.37028498027940576,-0.06404443672733162
4.1000000000000005,-0.28439625895390663,-0.21812165041265197,-0.06627460854125466
4.15,-0.20208566614101772,-0.12141105348697656,-0.08067461265404116
4.2,-0.1440378794866706,-0.035102330188462746,-0.10893554929820785
4.25,-0.05169297869996331,0.0833290472249261,-0.1350220259248894
4.3,0.08608630595546837,0.22651510073445388,-0.1404287947789855
4.3500000000000005,0.22801684097071998,0.3481839756277285,-0.12016713465700854
4.4,0.3234039586180007,0.40883462108630114,-0.08543066246830044
4.45,0.3549888627636589,0.4076138448652071,-0.0526249821015482
4.5,0.3437072078311011,0.3744048255786818,-0.03069761774758073
4.55,0.31946088992157645,0.33753276573979685,-0.018071875818220395
4.6000000000000005,0.2925782358626812,0.3019338741021004,-0.00935563823941915
4.65,0.25308724351067474,0.2558181499784374,-0.0027309064677626393
4.7,0.192262807519153,0.19267405691283665,-0.00041124939368364366
4.75,0.11888175213132582,0.12244943846960689,-0.0035676863382810703
4.800000000000001,0.05225721888339183,0.06131439485201293,-0.009057175968621094
4.8500000000000005,0.0020349182239014782,0.014146299778658172,-0.012111381554756693
4.9,-0.040424526112965424,-0.028984448736511917,-0.011440077376453507
4.95,-0.08799096907688816,-0.07774357055795823,-0.010247398518929932
5.0,-0.13634714836949766,-0.12461345895562227,-0.011733689413875384
5.050000000000001,-0.16019810746285387,-0.1456106939183893,-0.014587413544464578
5.1000000000000005,-0.13398252339419778,-0.11955459625910059,-0.01442792713509719
5.15,-0.057117002033748934,-0.04684055597513104,-0.010276446058617897
5.2,0.04282324772962371,0.0514655921817591,-0.008642344452135388
5.25,0.1339929279017948,0.15341784184597507,-0.019424913944180278
5.300000000000001,0.20823868176241558,0.254679500944682,-0.04644081918226642
5.3500000000000005,0.2848807569849985,0.36678122275726777,-0.08190046577226928
5.4,0.3856599288972113,0.49685734095390915,-0.11119741205669786
5.45,0.5050954889210078,0.6295067594422278,-0.12441127052122003
5.5,0.6055123050010125,0.7294921063747024,-0.12397980137368991
5.550000000000001,0.6421212071835276,0.7634067834518126,-0.12128557626828496
5.6000000000000005,0.5948621500829125,0.7201909754011627,-0.12532882531825018
5.65,0.47862683595594,0.6126215184625844,-0.13399468250664437
5.7,0.32597595081618413,0.46168595499149623,-0.1357100041753121
5.75,0.16293408326758632,0.28250852105200713,-0.11957443778442081
5.800000000000001,0.0024251876487268,0.08725626512428564,-0.08483107747555883
5.8500000000000005,-0.14114681754460415,-0.0990728949604864,-0.042073922584117754
5.9,-0.2359794094516603,-0.22968222246017345,-0.006297186991486847
5.95,-0.2371635538623088,-0.24915354913776291,0.011989995275454107
6.0,-0.11214767408044675,-0.1237574768828967,0.011609802802449956
6.050000000000001,0.13291571525807874,0.13283759417148516,7.812108659357997e-05
6.1000000000000005,0.4473716916881323,0.45779745930175386,-0.010425767613621573
6.15,0.7541183945408017,0.7623071125201822,-0.008188717979380589
6.2,0.9768998221464552,0.9638289522843086,0.013070869862146561
6.25,1.0608195358644972,1.009864176295594,0.05095535956890318
6.300000000000001,0.9820931522116216,0.8868891951684305,0.09520395704319118
6.3500000000000005,0.752150465112851,0.6187864569748419,0.13336400813800908
6.4,0.41777420602499116,0.2597658839061377,0.15800832211885346
6.45,0.05091660281675596,-0.11871728638977683,0.16963388920653277
6.5,-0.27616847697287267,-0.448579418799627,0.17241094182675432
6.550000000000001,-0.5206612476902485,-0.6875918393686964,0.16693059167844793
6.6000000000000005,-0.6828582530970084,-0.8308500767338554,0.14799182363684693
6.65,-0.7909541888637073,-0.9020213219745735,0.11106713311086625
6.7,-0.8681447817930672,-0.9298026436955799,0.061657861902512656
6.75,-0.9106946788188763,-0.9276858122888426,0.01699113346996628
6.800000000000001,-0.8967925097197328,-0.8924436827569017,-0.0043488269628311205
6.8500000000000005,-0.8166415496593983,-0.8195766608323338,0.002935111172935545
6.9,-0.6924074082505923,-0.7181182333239192,0.025710825073326893
6.95,-0.5654122058746183,-0.6084308158689408,0.0430186099943225
7.0,-0.4606495240719491,-0.5044218503667394,0.043772326294790276
7.050000000000001,-0.36347826032208036,-0.39876232974933845,0.03528406942725809
7.1000000000000005,-0.2343641046482133,-0.26877984965738266,0.03441574500916936
7.15,-0.051661951389251476,-0.10153252680831074,0.04987057541905926
7.2,0.15602923862382942,0.08297532283653991,0.07305391578728951
7.25,0.3191126358904494,0.23244036889914838,0.08667226699130104
7.300000000000001,0.3719622457399207,0.28944941874697583,0.08251282699294488
7.3500000000000005,0.2959147303563511,0.2255783854886274,0.07033634486772367
7.4,0.12581486515867493,0.05737946416934559,0.06843540098932935
7.45,-0.08037317065065132,-0.16524002022144005,0.08486684957078873
7.5,-0.2780347037825306,-0.386140811991839,0.10810610820930838
7.550000000000001,-0.44790183791023547,-0.5646963705479794,0.11679453263774392
7.6000000000000005,-0.5815815339983883,-0.6808187407677935,0.09923720676940517
7.65,-0.6648045830533367,-0.7283084393075476,0.06350385625421096
7.7,-0.6805606158460267,-0.7089784123715813,0.02841779652555465
7.75,-0.6286346004560317,-0.6335745946360153,0.004939994179983587
7.800000000000001,-0.537454387966119,-0.5244367360233482,-0.013017651942770825
7.8500000000000005,-0.4506803046686166,-0.41147869870596065,-0.03920160596265593
7.9,-0.3973956309787152,-0.32024256060215694,-0.07715307037655827
7.95,-0.3729027911144947,-0.2599857392119376,-0.11291705190255708
8.0,-0.34773078499767013,-0.22099933528558338,-0.12673144971208675
8.05,-0.29514431008487074,-0.18258309233294262,-0.11256121775192812
8.1,-0.21031931241622104,-0.12455805599279994,-0.0857612564234211
8.15,-0.10460993277962662,-0.03417398249807255,-0.07043595028155407
8.200000000000001,0.01529346089203431,0.09337353787468515,-0.07808007698265085
8.25,0.1585681972045892,0.25642407773902465,-0.09785588053443545
8.3,0.3386087700129741,0.44625180513522567,-0.10764303512225154
8.35,0.550597247183869,0.6455648181280786,-0.0949675709442096
8.4,0.7626761973337332,0.830501936219138,-0.06782573888540488
8.450000000000001,0.9316441535531753,0.9775136343919939,-0.04586948083881859
8.5,1.0290891777192333,1.0706914404487506,-0.04160226272951739
8.55,1.053414602177634,1.1035528108844117,-0.050138208706777654
8.6,1.0180187487240424,1.0745355192101744,-0.05651677048613202
8.65,0.9303649733489018,0.9822176750289087,-0.051852701680006885
8.700000000000001,0.7853018861462325,0.8269028628997454,-0.04160097675351282
8.75,0.5798674286185941,0.6181732466572967,-0.03830581803870259
8.8,0.3328380163247658,0.38022190872531036,-0.04738389240054458
8.85,0.08567318047638567,0.1467969307536973,-0.06112375027731162
8.9,-0.12027250670399935,-0.053411104257405105,-0.06686140244659425
8.950000000000001,-0.27048658541952475,-0.21026034970367513,-0.06022623571584962
9.0,-0.38208581402920305,-0.3329703595370625,-0.04911545449214055
9.05,-0.4804695432536069,-0.43654685938676435,-0.04392268386684256
9.1,-0.5684886132562239,-0.5242585322713289,-0.044230080984895004
9.15,-0.6166641492080136,-0.5801800323736107,-0.03648411683440289
9.200000000000001,-0.5840984181317906,-0.5776382862116675,-0.00646013192012318
9.25,-0.4519422395336559,-0.49680279056783555,0.04486055103417963
9.3,-0.24065020140402493,-0.33846704560682567,0.09781684420280073
9.35,0.0020451906604251812,-0.1257084449813352,0.1277536356417604
9.4,0.22922068522824274,0.10476145179376894,0.12445923343447379
9.450000000000001,0.41358027947478765,0.31346776024315737,0.10011251923163028
9.5,0.5438085197050084,0.4651990489366121,0.0786094707683963
9.55,0.6083764686611812,0.5326138695527519,0.07576259910842931
9.600000000000001,0.5880549276456764,0.5004067822006033,0.08764814544507304
9.65,0.4677541061928993,0.37127538016297196,0.09647872602992735
9.700000000000001,0.25705955859296614,0.16953218109591614,0.08752737749705
9.75,-0.0019126716574847423,-0.06336795310704972,0.061455281449564976
9.8,-0.2504967812765644,-0.2822616575249956,0.03176487624843122
9.850000000000001,-0.4429411547975121,-0.45421631542057894,0.011275160623066827
9.9,-0.5663590961595992,-0.5674515637565762,0.0010924675969770092
9.950000000000001,-0.6360331425984699,-0.6281206074104625,-0.007912535188007386
10.0,-0.6720240182860069,-0.6483896648153139,-0.02363435347069298
10.05,-0.6783190028053587,-0.6350848301743972,-0.04323417263096152
10.100000000000001,-0.6419589117137134,-0.5867434469462025,-0.055215464767510936
10.15,-0.5507998400755947,-0.49969958129475356,-0.051100258780841123
10.200000000000001,-0.41196725923170885,-0.37682829250064487,-0.03513896673106398
10.25,-0.2532087411998037,-0.23116568006670124,-0.02204306113310245
10.3,-0.1054364520972262,-0.08139830951812854,-0.024038142579097657
10.350000000000001,0.01813743766458739,0.057115258646320374,-0.03897782098173298
10.4,0.1280458786709864,0.17894472157631958,-0.05089884290533317
10.450000000000001,0.24510540886651508,0.28838187309724406,-0.04327646423072898
10.5,0.3799849281653622,0.3934683094577319,-0.0134833812923697
10.55,0.5235834253891504,0.4990898389104738,0.024493586478676554
10.600000000000001,0.6549188131161121,0.6033220367931137,0.05159677632299842
10.65,0.7566890319544994,0.6975335212612129,0.059155510693286506
10.700000000000001,0.8224831966381457,0.7680168687257436,0.054466327912402135
10.75,0.8495865813046306,0.7976779528826615,0.05190862842196908
10.8,0.8274570555954728,0.7691209637397006,0.058336091855772154
10.850000000000001,0.7378202852360559,0.6713087740962588,0.06651151113979714
10.9,0.5710970669033093,0.5086537213661353,0.06244334553717401
10.950000000000001,0.3457378055872579,0.3065066155996033,0.039231189987654624
11.0,0.11020972549725744,0.10613204980514998,0.0040776756921074575
11.05,-0.07960827714884176,-0.05166457916279256,-0.027943697986049204
11.100000000000001,-0.19259832940541524,-0.14575552822248958,-0.046842801182925664
11.15,-0.2384192900596224,-0.18382090998739478,-0.054598380072227615
11.200000000000001,-0.253871387262318,-0.19423849828437612,-0.05963288897794189
11.25,-0.2713387173649657,-0.20617058600506966,-0.06516813135989602
11.3,-0.2963252498004656,-0.23242172243770498,-0.06390352736276061
11.350000000000001,-0.3120191142904409,-0.2670726720974041,-0.044946442193036784
11.4,-0.30366579872017624,-0.29737141114320625,-0.006294387576969984
11.450000000000001,-0.2779533344487436,-0.31776853328977944,0.03981519884103585
11.5,-0.25905593760820794,-0.3336373878054614,0.07458145019725348
11.55,-0.2666774640859091,-0.3531097555783964,0.08643229149248732
11.600000000000001,-0.2989282262569088,-0.37700632702652104,0.07807810076961225
11.65,-0.33708334482798624,-0.39791421670736987,0.06083087187938363
11.700000000000001,-0.36643103450150094,-0.4092400384739738,0.04280900397247284
11.75,-0.39081035116848334,-0.41400091519232984,0.023190564023846505
11.8,-0.4249901235600774,-0.4226680873263967,-0.002322036233680713
11.850000000000001,-0.4721620536990368,-0.44043403236844647,-0.03172802133059033
11.9,-0.5099453557268752,-0.4559006993894678,-0.05404465633740735
11.950000000000001,-0.5007631040663302,-0.4433571781876563,-0.05740592587867388
12.0,-0.41855311074261525,-0.378638494991822,-0.03991461575079325
12.05,-0.2675471136393868,-0.25562274746470287,-0.011924366174683954
12.100000000000001,-0.07666790584107926,-0.08952181415035985,0.012853908309280598
12.15,0.12303551583130018,0.0946088586062926,0.028426657225007576
12.200000000000001,0.3148003253512189,0.2762090434311478,0.03859128192007105
12.25,0.4914790585436666,0.4429943491033301,0.048484709440336504
12.3,0.6380505641877832,0.5826306804501793,0.05541988373760387
12.350000000000001,0.7235649379586412,0.6738681911825439,0.049696746776097256
12.4,0.7150024986645316,0.6897077912645136,0.025294707400017935
12.450000000000001,0.6021369838294109,0.6129343106095108,-0.010797326780099814
12.5,0.409798310280623,0.4511597532203898,-0.04136144293976679
12.55,0.185218253608692,0.23770088962597427,-0.05248263601728226
12.600000000000001,-0.02808519511308791,0.017041807626473993,-0.045127002739561904
12.65,-0.2065026059196723,-0.17309209995126026,-0.033410505968412024
12.700000000000001,-0.3410604462545795,-0.30988033207570154,-0.03118011417887795
12.75,-0.4219533673580336,-0.38197872467781363,-0.039974642680219996
12.8,-0.43393674408991717,-0.3842480250686426,-0.049688719021274586
12.850000000000001,-0.37026058135911233,-0.31998024472156833,-0.050280336637544
12.9,-0.2506504975274066,-0.2085522565779259,-0.0420982409494807
12.950000000000001,-0.12165654633720144,-0.08693650947713648,-0.03472003686006496
13.0,-0.0337543213216959,0.0028529978337450863,-0.03660731915544099
13.05,-0.012801045206483525,0.034233257100081405,-0.047034302306564926
13.100000000000001,-0.0499498813612499,0.00828667709613527,-0.05823655845738517
13.15,-0.11698928549361814,-0.05297156989755619,-0.06401771559606195
13.200000000000001,-0.19051228686975982,-0.1261934730095843,-0.06431881386017552
13.25,-0.26191205769781145,-0.20106746481854634,-0.06084459287926511
13.3,-0.3267224788022365,-0.2765584971883209,-0.05016398161391561
13.350000000000001,-0.3686932906508246,-0.34418311984549654,-0.02451017080532808
13.4,-0.3587815136061891,-0.37700932159282974,0.018227807986640643
13.450000000000001,-0.2727485787778901,-0.3385188032791249,0.06577022450123482
13.5,-0.1110302626027716,-0.20668486804119887,0.09565460543842727
13.55,0.09826220176585915,0.006597891115842271,0.09166431065001687
13.600000000000001,0.31566647712779855,0.2576598055061359,0.058006671621662675
13.65,0.5101343051779371,0.49330996749338263,0.01682433768455449
13.700000000000001,0.6650780099525615,0.675090908933155,-0.010012898980593543
13.75,0.7695213763085132,0.78763292711984,-0.01811155081132676
13.8,0.808733517069277,0.8290634930417635,-0.020329975972486536
13.850000000000001,0.7676104486665677,0.7973335195961273,-0.029723070929559614
13.9,0.6444843080824592,0.687701590484812,-0.0432172824023529
13.950000000000001,0.460452527982492,0.5034970546096821,-0.043044526627190105
14.0,0.25321477135378545,0.26819908260807385,-0.014984311254288396
14.05,0.060030241426576286,0.025123950524530602,0.03490629090204568
14.100000000000001,-0.09539118706643081,-0.17771752279158823,0.08232633572515742
14.15,-0.2030104036109242,-0.3071236531441327,0.1041132495332085
14.200000000000001,-0.2589782062527223,-0.35520691478115785,0.09622870852843557
14.25,-0.2626023633097997,-0.33589532409239997,0.07329296078260028
14.3,-0.22167339821592572,-0.27316163508221863,0.05148823686629292
14.350000000000001,-0.15728462048655265,-0.1904833275968254,0.03319870711027276
14.4,-0.09752672145527307,-0.10650766623056591,0.008980944775292848
14.450000000000001,-0.061711192658185234,-0.035258930103770354,-0.02645226255441488
14.5,-0.049364910526290884,0.013225104872050607,-0.0625900153983415
14.55,-0.0457997753805776,0.03366720612575823,-0.07946698150633583
14.600000000000001,-0.03949730166104301,0.026648881328175503,-0.06614618298921851
14.65,-0.03337065636674348,-0.0014451713559404237,-0.031925485010803056
14.700000000000001,-0.03763627824249109,-0.039761572778750885,0.0021252945362597933
14.75,-0.05209518743681752,-0.07518256191702574,0.02308737448020822
14.8,-0.05887515480547599,-0.09571510948973057,0.03683995468425458
14.850000000000001,-0.03737171861386321,-0.09526910007861232,0.05789738146474911
14.9,0.010942260266509097,-0.0778861354651594,0.08882839573166851
14.950000000000001,0.053978692521843,-0.057546514285724076,0.11152520680756708
15.0,0.04998092735802461,-0.0514530385199798,0.1014339658780044
15.05,-0.017791096134232656,-0.0701286170186889,0.05233752088445624
15.100000000000001,-0.12452027501351401,-0.11178276578980822,-0.012737509223705784
15.15,-0.22263441339598208,-0.16595254819390504,-0.05668186520207705
15.200000000000001,-0.28009787644743855,-0.22323331962394724,-0.05686455682349131
15.25,-0.3029612439569356,-0.2815131422101575,-0.02144810174677808
15.3,-0.32122018646717687,-0.3417407582534247,0.020520571786247832
15.350000000000001,-0.35216093903471674,-0.3967682490414821,0.04460731000676538
15.4,-0.3774194143505172,-0.4254532340440465,0.04803381969352932
15.450000000000001,-0.35715475368231253,-0.4015491292808278,0.04439437559851528
15.5,-0.26909189840134884,-0.3137463060078663,0.044654407606517454
15.55,-0.13601524139091173,-0.1811075060473436,0.045092264656431874
15.600000000000001,-0.015616332752555442,-0.04904463778104186,0.03342830502848641
15.65,0.03897548081879725,0.03440060476239729,0.00457487605639996
15.700000000000001,0.01407011982364334,0.045999715538614414,-0.031929595714971074
15.75,-0.06180303178979219,-0.0010562635049527177,-0.06074676828483947
15.8,-0.14452886754487007,-0.06862210811975929,-0.07590675942511078
15.850000000000001,-0.20353881995767167,-0.11777766841313256,-0.08576115154453912
15.9,-0.22963338298325378,-0.12729541413300285,-0.10233796885025093
15.950000000000001,-0.22160281990330066,-0.09517821729924159,-0.12642460260405908
16.0,-0.1711490886641038,-0.02690972735565985,-0.14423936130844395
16.05,-0.06288034819958926,0.07652914705919028,-0.13940949525877955
16.1,0.1123807407215817,0.2205356295688683,-0.10815488884728659
16.150000000000002,0.3460902684416066,0.40864503223988663,-0.06255476379828001
16.2,0.6129413328368338,0.6322300562078039,-0.019288723370970096
16.25,0.8802979282119013,0.8661955529265774,0.014102375285323987
16.3,1.1146663394031093,1.0729529930305375,0.04171334637257185
16.35,1.2809006248754924,1.2116510028172647,0.06924962205822771
16.400000000000002,1.3416462225819525,1.2483569534936578,0.09328926908829471
16.45,1.2661338537558695,1.1643130109744988,0.10182084278137071
16.5,1.0463223469359801,0.9606079902136118,0.08571435672236838
16.55,0.7072339570240564,0.6579739411050975,0.0492600159189589
16.6,0.30054170509018274,0.29150528610214166,0.009036418988041084
16.650000000000002,-0.11517498444241163,-0.09749250287503645,-0.017682481567375175
16.7,-0.49249416144239566,-0.468634063131741,-0.023860098310654665
16.75,-0.7999412184702672,-0.786097877583749,-0.013843340886518174
16.8,-1.016358298005494,-1.0200708280442115,0.003712530038717521
16.85,-1.127254283659239,-1.1494452089256504,0.02219092526641142
16.900000000000002,-1.1299380964529284,-1.166926606763856,0.036988510310927536
16.95,-1.0404390710511062,-1.0829635896487533,0.042524518597647054
17.0,-0.8897704385261213,-0.9231562685434765,0.03338583001735529
17.05,-0.7074765076777743,-0.7181004833166791,0.010623975638904826
17.1,-0.5058738712130261,-0.4916085969547967,-0.014265274258229377
17.150000000000002,-0.2810593314212578,-0.2558319837452949,-0.025227347675962852
17.2,-0.031500141476572874,-0.016501666172568426,-0.014998475304004447
17.25,0.2234919197750719,0.217306295921545,0.006185623853526917
17.3,0.44496317976531125,0.42830688257926663,0.01665629718604461
17.35,0.5962390747281536,0.5953181518916381,0.0009209228365155697
17.400000000000002,0.66551752003329,0.7018638281971201,-0.03634630816383011
17.45,0.6672975842016121,0.7403051075200978,-0.0730075233184857
17.5,0.6213400862749224,0.7082420605475648,-0.08690197427264235
17.55,0.530662005255898,0.603119681747788,-0.07245767649188994
17.6,0.38175654621389216,0.4238866583053714,-0.042130112091479266
17.650000000000002,0.1681378401635875,0.18126926091966505,-0.013131420756077566
17.7,-0.08600717185961478,-0.09250700889539888,0.006499837035784106
17.75,-0.3272891370406078,-0.34671712655130815,0.01942798951070035
17.8,-0.5019208558553182,-0.5309363177045023,0.029015461849184132
17.85,-0.5881716941384199,-0.6189260136174387,0.030754319479018855
17.900000000000002,-0.605108151074773,-0.6209588360943127,0.01585068501953968
17.95,-0.5920001579518449,-0.5757010158181726,-0.01629914213367234
18.0,-0.578485673966234,-0.5277372878521809,-0.05074838611405308
18.05,-0.5708894930343966,-0.5062477833524549,-0.06464170968194172
18.1,-0.5616277428654816,-0.516995478602802,-0.04463226426267952
18.150000000000002,-0.5462370674744643,-0.5480113635332184,0.0017742960587541212
18.2,-0.5283318242601914,-0.5801245993902654,0.051792775130073965
18.25,-0.5089726802640221,-0.5937784412963967,0.08480576103237458
18.3,-0.47505730061913537,-0.5707592674912999,0.09570196687216453
18.35,-0.4023612327921454,-0.4952668911476183,0.09290565835547288
18.400000000000002,-0.2727124532183117,-0.3579695049596478,0.08525705174133608
18.45,-0.08939036364434996,-0.16161416414472926,0.0722238005003793
18.5,0.1235464321362023,0.07640872429195743,0.04713770784424487
18.55,0.3360612825575952,0.3272573238071975,0.008803958750397689
18.6,0.5259526123950086,0.5579433345599415,-0.03199072216493293
18.650000000000002,0.6800664038626657,0.7389681436873624,-0.05890173982469671
18.7,0.7866421699178289,0.8499952684355261,-0.06335309851769722
18.75,0.8322313948745763,0.8835370077289508,-0.051305612854374516
18.8,0.8099088231466358,0.8466128809959939,-0.03670405784935804
18.85,0.7301294281327352,0.7586522193932541,-0.02852279126051893
18.900000000000002,0.6194277994065449,0.6440523966939284,-0.02462459728738353
18.95,0.5034437708921491,0.5214832954213913,-0.01803952452924218
19.0,0.38841447662771994,0.3963044379865705,-0.007889961358850561
19.05,0.2600476526843363,0.26231089185811435,-0.0022632391737780755
19.1,0.10370588486578873,0.11292472565244877,-0.009218840786660035
19.150000000000002,-0.07117864058777092,-0.045654916332590854,-0.025523724255180062
19.200000000000003,-0.22549253589924248,-0.18924235938812986,-0.03625017651111262
19.25,-0.3106434801576932,-0.28298055293801294,-0.027662927219680278
19.3,-0.2984157384794627,-0.2969455721763071,-0.0014701663031555512
19.35,-0.19613223328449864,-0.2205710475143842,0.024438814229885558
19.400000000000002,-0.03704067498619394,-0.06828037446836722,0.031239699482173283
19.450000000000003,0.14188283549526623,0.12503723279259601,0.016845602702670215
19.5,0.3138406214031325,0.31494498316300734,-0.0011043617598748279
19.55,0.45907802452086277,0.4599160518575984,-0.0008380273367356028
19.6,0.5550996629875262,0.531907680015167,0.02319198297235925
19.650000000000002,0.576780615837588,0.5226957439747097,0.05408487186287825
19.700000000000003,0.5103545651275245,0.4438420209603432,0.06651254416718133
19.75,0.3679587052704548,0.31956761711594056,0.04839108815451426
19.8,0.18610065973261625,0.17540838662182628,0.010692273110789963
19.85,0.006058763976272864,0.028907321854317124,-0.02284855787804426
19.900000000000002,-0.14797501970192034,-0.11212666880831292,-0.035848350893607425
19.950000000000003,-0.2745023525849296,-0.2438208152534737,-0.0306815373314559
20.0,-0.38093359068194643,-0.3590019065731816,-0.021931684108764837
20.05,-0.46541390473981425,-0.4454968568336414,-0.01991704790617288
20.1,-0.5122701380005847,-0.49138201734340325,-0.020888120657181486
20.150000000000002,-0.5044519583026339,-0.4916814647530735,-0.012770493549560391
20.200000000000003,-0.4391797930526205,-0.44954380199630173,0.010364008943681224
20.25,-0.33051190054442486,-0.37057460021729166,0.0400626996728668
20.3,-0.19668832004055362,-0.2563299019018546,0.059641581861301
20.35,-0.04608775863460453,-0.10458428118523498,0.05849652255063045
20.400000000000002,0.12287951551396173,0.08213302831312472,0.04074648720083701
20.450000000000003,0.30704137908530194,0.28652334388713063,0.020518035198171303
20.5,0.48372124459475013,0.4744028251027249,0.00931841949202522
20.55,0.612078666025329,0.6041540773904095,0.007924588634919516
20.6,0.6521291232619365,0.6424505272480461,0.009678596013890428
20.650000000000002,0.5868105124813614,0.5764953830359341,0.01031512944542734
20.700000000000003,0.4297880025231821,0.41631553018206235,0.013472472341119757
20.75,0.21440322825212255,0.1880255962677559,0.026377631984366656
20.8,-0.02528638264029447,-0.07602940710510468,0.050743024464810216
20.85,-0.2661663540843401,-0.34484648574302956,0.07868013165868948
20.900000000000002,-0.4945241421622294,-0.5924175587010092,0.09789341653877981
20.950000000000003,-0.6979019431760694,-0.7986804677776218,0.10077852460155245
21.0,-0.8607843934210341,-0.9492236539052916,0.08843926048425754
21.05,-0.967913954616253,-1.0344245986856861,0.06651064406943319
21.1,-1.0103654951162406,-1.0488170495289912,0.03845155441275061
21.150000000000002,-0.9878122184222923,-0.992011916352009,0.00419969792971675
21.200000000000003,-0.9060381411811049,-0.8715172979838651,-0.0345208431972398
21.25,-0.7742566856804691,-0.7051438312485085,-0.06911285443196058
21.3,-0.6058586411521114,-0.5191098936045282,-0.08674874754758322
21.35,-0.42053341676128553,-0.3403323474198399,-0.08020106934144561
21.400000000000002,-0.2425768654756678,-0.18672361648318928,-0.05585324899247854
21.450000000000003,-0.09386076399467325,-0.06264621641030736,-0.031214547584365884
21.5,0.013486610304214186,0.03627339892888223,-0.02278678862466805
21.55,0.07795574335234569,0.11256011740521009,-0.0346043740528644
21.6,0.10236200594486089,0.15990116154053702,-0.05753915559567613
21.650000000000002,0.08741032841773887,0.16681625491055047,-0.0794059264928116
21.700000000000003,0.0329047752317283,0.1287267493818157,-0.09582197415008739
21.75,-0.05371346158196539,0.05790050558124718,-0.11161396716321256
21.8,-0.15085992995964814,-0.018506085920624332,-0.1323538440390238
21.85,-0.22760546364466863,-0.07220741932224435,-0.15539804432242427
21.900000000000002,-0.2584441019133746,-0.08863879272057736,-0.16980530919279724
21.950000000000003,-0.23549408632785634,-0.07045771019350719,-0.16503637613434916
22.0,-0.16584669643815153,-0.02645975608166826,-0.13938694035648327
22.05,-0.05513732287533004,0.04477216774293707,-0.09990949061826711
22.1,0.10693527447575352,0.16192831470669267,-0.05499304023093915
22.150000000000002,0.34231117599312816,0.35082387746700394,-0.008512701473875783
22.200000000000003,0.6603197198620513,0.6223830450693757,0.037936674792675595
22.25,1.0317988253933066,0.9535969694862106,0.07820185590709594
22.3,1.385123616721878,1.2850745427126689,0.10004907400920904
22.35,1.632229532859635,1.538330610907172,0.09389892195246308
22.400000000000002,1.7088133315832115,1.644072639917293,0.06474069166591856
22.450000000000003,1.601150594953824,1.5671870565488761,0.033963538404947924
22.5,1.3428127494133908,1.3172926783862315,0.025520071027159252
22.55,0.9885247013973981,0.942243477253584,0.04628122414381408
22.6,0.588494998625803,0.5101109342322045,0.07838406439359846
22.650000000000002,0.1813337322165552,0.08883746173751562,0.09249627047903956
22.700000000000003,-0.19665738006060943,-0.2687767221542229,0.07211934209361345
22.75,-0.5037850509678645,-0.5316781652835629,0.02789311431569841
22.8,-0.7013760493656427,-0.6901651287964048,-0.011210920569237892
22.85,-0.7742725684960512,-0.7519321536214316,-0.022340414874619574
22.900000000000002,-0.7443044342661749,-0.7371874932783189,-0.00711694098785598
22.950000000000003,-0.6611930207805328,-0.6734131388792424,0.012220118098709598
23.0,-0.5747329037517908,-0.5892491696740741,0.014516265922283389
23.05,-0.509154813244108,-0.5078873348849212,-0.0012674783591868355
23.1,-0.4590883406122734,-0.442126137308675,-0.016962203303598378
23.150000000000002,-0.40770783516250864,-0.39364620604727346,-0.014061629115235175
23.200000000000003,-0.3489029719130771,-0.3570421152784318,0.008139143365354706
23.25,-0.293767448498867,-0.3260789310966432,0.03231148259777622
23.3,-0.25799788153357817,-0.29822232869205795,0.04022444715847978
23.35,-0.24489744758124285,-0.275092135461487,0.030194687880244125
23.400000000000002,-0.2415001083468253,-0.25969550188845025,0.018195393541624943
23.450000000000003,-0.23105250922435785,-0.2532397212990839,0.022187212074726043
23.5,-0.20841723409751706,-0.25354789654169035,0.0451306624441733
23.55,-0.18238109126905955,-0.2549484378121303,0.07256734654307073
23.6,-0.16250033573267628,-0.24852946624316322,0.08602913051048694
23.650000000000002,-0.14402111965681713,-0.2227135982306892,0.07869247857387207
23.700000000000003,-0.10662674025002924,-0.1654609459705232,0.05883420572049394
23.75,-0.029202307635444825,-0.06878375431152212,0.03958144667607729
23.8,0.09287238007113974,0.06625619679113251,0.026616183280007227
23.85,0.24361853169200706,0.22759715116697088,0.016021380525036183
23.900000000000002,0.39812314726286296,0.39529388816389177,0.002829259098971193
23.950000000000003,0.5375261342577269,0.5478735733740707,-0.010347439116343837
24.0,0.6530520924507088,0.6675963695823945,-0.014544277131685712
24.05,0.737578519961386,0.7418220457690305,-0.004243525807644533
24.1,0.7770083498824708,0.7618495501355712,0.015158799746899598
24.150000000000002,0.7539348175208224,0.7230133966980944,0.030921420822727974
24.200000000000003,0.6623198762474579,0.6277330020241456,0.0345868742233123
24.25,0.5185238404745747,0.4887042364454219,0.02981960402915279
24.3,0.3555181038214851,0.32753999752056673,0.02797810630091835
24.35,0.20292546207023504,0.16754834962544302,0.035377112444792025
24.400000000000002,0.070044972676554,0.0250152447322676,0.045029727944286405
24.450000000000003,-0.05284815801304355,-0.09454496273006296,0.04169680471701941
24.5,-0.17682675127358033,-0.19283601528588568,0.016009264012305346
24.55,-0.29793618850039144,-0.27218314819850253,-0.025753040301888908
24.6,-0.3982841762567672,-0.33257180720919255,-0.06571236904757466
24.650000000000002,-0.4631283633462897,-0.3746054560818789,-0.08852290726441081
24.700000000000003,-0.49623968725054,-0.4039029434172197,-0.0923367438333203
24.75,-0.5174126127491826,-0.43052722883957695,-0.08688538390960565
24.8,-0.5441126081606366,-0.4623356480940803,-0.08177696006655627
24.85,-0.575700786301538,-0.4983451693607995,-0.0773556169407385
24.900000000000002,-0.5965149228160983,-0.5294631065051333,-0.06705181631096502
24.950000000000003,-0.5949598755324829,-0.5471363942322919,-0.047823481300190984
25.0,-0.578769352012808,-0.5520099091004379,-0.02675944291237009
25.05,-0.5693557058123374,-0.5533896234329718,-0.015966082379365587
25.1,-0.5787816393742377,-0.5583872129199825,-0.020394426454255155
25.150000000000002,-0.5912220553638952,-0.559847638991898,-0.031374416371997116
25.200000000000003,-0.5681873621200869,-0.5345625709131951,-0.03362479120689177
25.25,-0.4749347016584419,-0.4549813156797574,-0.019953385978684512
25.3,-0.3053356162754167,-0.3060164779646519,0.0006808616892352015
25.35,-0.0837944486818941,-0.09430656827936951,0.010512119597475403
25.400000000000002,0.15542055428816723,0.1558039631196449,-0.00038340883147766625
25.450000000000003,0.390058777972626,0.4140134350222179,-0.023954657049591876
25.5,0.6119633815538015,0.6528728432536887,-0.040909461699887184
25.55,0.8096310655944424,0.848245562528347,-0.03861449693390462
25.6,0.9525286733887486,0.9756956599858332,-0.023166986597084605
25.650000000000002,0.9978678510390088,1.0113467184395655,-0.013478867400556704
25.700000000000003,0.9183464975326026,0.940564827612274,-0.022218330079671444
25.75,0.7270930170842309,0.7686709102158554,-0.04157789313162452
25.8,0.4759243137624654,0.5240543693832859,-0.048130055620820456
25.85,0.22609090560597161,0.24944797834796714,-0.023357072741995527
25.900000000000002,0.015412851042947229,-0.013299936180272023,0.028712787223219252
25.950000000000003,-0.15137447340603977,-0.23469223659064387,0.0833177631846041
26.0,-0.2839918421920126,-0.3989614917695992,0.1149696495775866
26.05,-0.380511795146291,-0.4978614145964341,0.1173496194501431
26.1,-0.4203448864292683,-0.5251217579841992,0.10477687155493093
26.150000000000002,-0.38352761586234957,-0.47788853596925956,0.09436092010691
26.200000000000003,-0.2776847923887997,-0.36421622253288266,0.08653143014408299
26.25,-0.1459812822941721,-0.20956165204583432,0.06358036975166223
26.3,-0.0462206678161873,-0.0550309062002611,0.008810238384073799
26.35,-0.016955251753409797,0.054442434666933534,-0.07139768642034333
26.400000000000002,-0.057548606834539946,0.08695473975220465,-0.1445033465867446
26.450000000000003,-0.13642505473149427,0.03672198683087642,-0.1731470415623707
26.5,-0.21785758908488947,-0.07397491069688712,-0.14388267838800234
26.55,-0.28409289212119787,-0.20558053074006738,-0.07851236138113049
26.6,-0.3369004782459045,-0.31926553447441225,-0.017634943771492273
26.650000000000002,-0.38205553747818716,-0.3921566051726572,0.010101067694470056
26.700000000000003,-0.41370616947143435,-0.42118051737292667,0.0074743479014923175
26.75,-0.41258798263395546,-0.41413735145655983,0.001549368822604369
26.8,-0.3579325054854493,-0.3755104411657316,0.01757793568028232
26.85,-0.24165555649370968,-0.2986555446775845,0.056999988183874806
26.900000000000002,-0.0739526550289517,-0.17153674358317994,0.09758408855422825
26.950000000000003,0.12129119257626075,0.007356520745414098,0.11393467183084666
27.0,0.3148817056185741,0.21503357739280876,0.09984812822576533
27.05,0.4779934897974734,0.4039954710286609,0.07399801876881251
27.1,0.5843689178022614,0.518983198407188,0.06538571939507343
27.150000000000002,0.6128151568870427,0.5218110498035164,0.09100410708352624
27.200000000000003,0.5528462648349832,0.41032728909007804,0.14251897574490519
27.25,0.41170384379024666,0.22148390661553566,0.190219937174711
27.3,0.21766614625191036,0.017698090487961945,0.1999680557639484
27.35,0.015509532740272728,-0.13645672674901363,0.15196625948928635
27.400000000000002,-0.14582432475537344,-0.19731335908602268,0.05148903433064925
27.450000000000003,-0.2289578915859255,-0.156310973082631,-0.0726469185032945
27.5,-0.22062392903366423,-0.04003745956167993,-0.1805864694719843
27.55,-0.13519955248041612,0.10436800598086685,-0.23956755846128297
27.6,-0.00700894543706674,0.23243013093137985,-0.23943907636844658
27.650000000000002,0.1252668555799124,0.3222507840947,-0.19698392851478758
27.700000000000003,0.2338370959024039,0.37904286105462565,-0.14520576515222175
27.75,0.3080244541676183,0.420988609543384,-0.1129641553757657
27.8,0.3486412837376708,0.4566886121621692,-0.10804732842449843
27.85,0.3566104744253031,0.472236224088016,-0.11562574966271294
27.900000000000002,0.3266804362600555,0.4396386097739447,-0.1129581735138892
27.950000000000003,0.252593238119935,0.34095462914154606,-0.08836139102161106
28.0,0.13915439623913822,0.1881361869917436,-0.048981790752605364
28.05,0.00897608811665242,0.020586326754688262,-0.011610238638035841
28.1,-0.10482166975343113,-0.11920313544228675,0.014381465688855621
28.150000000000002,-0.17607356009567435,-0.21216254468204568,0.03608898458637133
28.200000000000003,-0.19911481777020984,-0.2687184639508019,0.06960364618059206
28.25,-0.18688881575110788,-0.30932591278108923,0.12243709702998135
28.3,-0.15601415968062649,-0.3373672045937361,0.1813530449131096
28.35,-0.11352193797384916,-0.3301661679475969,0.21664422997374774
28.400000000000002,-0.058239316819722796,-0.25862922687678314,0.20038991005706033
28.450000000000003,0.005182513881239606,-0.12035846023811814,0.12554097411935775
28.5,0.05547929505564215,0.04258490564732911,0.012894389408313035
28.55,0.06155103104950979,0.15935673268080947,-0.09780570163129967
28.6,0.004422145146747511,0.1710255591995471,-0.16660341405279958
28.650000000000002,-0.1041445102450935,0.06762314394936801,-0.1717676541944615
28.700000000000003,-0.22415826521439589,-0.10468241797061485,-0.11947584724378103
28.75,-0.31066927551207835,-0.2701529856377182,-0.04051628987436012
28.8,-0.3386821222085313,-0.36387801624285665,0.025195894034325372
28.85,-0.3094667627792069,-0.3590775057681367,0.04961074298892976
28.900000000000002,-0.23603233649331468,-0.26748107926359294,0.03144874277027826
28.950000000000003,-0.12535478533269995,-0.11977652916550843,-0.005578256167191514
29.0,0.022997574070959665,0.05485741194904094,-0.031859837878081276
29.05,0.2002566809116469,0.23535630629519474,-0.035099625383547856
29.1,0.3726556498533835,0.4013771595595924,-0.028721509706208903
29.150000000000002,0.48715651749365707,0.5240923066199952,-0.0369357891263381
29.200000000000003,0.4998854086885321,0.5681551461288632,-0.0682697374403311
29.25,0.40578961180743073,0.5075617756693007,-0.10177216386186999
29.3,0.24440531349526337,0.3453908341460571,-0.10098552065079372
29.35,0.07629491286771026,0.12209328083548596,-0.0457983679677757
29.400000000000002,-0.05047061638932928,-0.09659306172009072,0.04612244533076144
29.450000000000003,-0.1175742941533779,-0.24715656372265338,0.1295822695692755
29.5,-0.12815693415176074,-0.2949557508204981,0.16679881666873733
29.55,-0.0873795605649865,-0.2436656272860659,0.1562860667210794
29.6,0.005961571700643748,-0.12326351509207649,0.12922508679272024
29.650000000000002,0.1491010807605735,0.03227584066613324,0.11682524009444026
29.700000000000003,0.3197268463445298,0.1997854542615798,0.11994139208295002
29.75,0.4748526039462797,0.36434497387402764,0.11050763007225206
29.8,0.5693061792538548,0.5056163728708996,0.0636898063829553
29.85,0.5789583685807907,0.5897534306202699,-0.010795062039479109
29.900000000000002,0.5087031115724371,0.5786814474308986,-0.06997833585846147
29.950000000000003,0.37993484870876604,0.45223331013537704,-0.072298461426611
30.0,0.21163282102437173,0.22550005684022753,-0.013867235815855805
30.05,0.013618090096819182,-0.053881168039506266,0.06749925813632544
30.1,-0.20385286887863202,-0.32759620827793956,0.12374333939930754
30.150000000000002,-0.41791131863066366,-0.5513497309926424,0.13343841236197873
30.200000000000003,-0.594883531343069,-0.705354037909612,0.110470506566543
30.25,-0.7076050180035924,-0.7876432158875831,0.08003819788399069
30.3,-0.7526301471856286,-0.8021862688069304,0.04955612162130185
30.35,-0.7504145580060726,-0.7553755876225546,0.004961029616482038
30.400000000000002,-0.7276425965557164,-0.6621957174122175,-0.06544687914349889
30.450000000000003,-0.6980252736332512,-0.5507173815054996,-0.14730789212775153
30.5,-0.658663186525418,-0.4541614888165977,-0.20450169770882032
30.55,-0.6028255214627734,-0.3933016168409966,-0.20952390462177672
30.6,-0.5335210525065812,-0.3641988348593103,-0.1693222176472709
30.650000000000002,-0.46243146071319563,-0.3436474462480047,-0.11878401446519093
30.700000000000003,-0.3952802053893572,-0.30871241529735444,-0.08656779009200277
30.75,-0.32026605956370324,-0.25301438313239155,-0.06725167643131169
30.8,-0.21438710718658052,-0.18522114417219443,-0.029165963014386093
30.85,-0.06467343650250107,-0.11261023784689893,0.04793680134439786
30.900000000000002,0.11456919160925928,-0.02772771509827328,0.14229690670753256
30.950000000000003,0.28512970179103597,0.0862077809682553,0.19892192082278068
31.0,0.4069014368329749,0.23378595932269047,0.17311547751028444
31.05,0.4598045148468534,0.38925359626074996,0.07055091858610346
31.1,0.4481861446112311,0.5003646666054621,-0.05217852199423101
31.150000000000002,0.3877054469460422,0.5147979204053259,-0.1270924734592837
31.200000000000003,0.2905981032332268,0.41091858986337015,-0.12032048663014333
31.25,0.16412413208222462,0.2116174423216334,-0.04749331023940878
31.3,0.02111493438553175,-0.026095822376544862,0.04721075676207662
31.35,-0.11216459222851968,-0.23587634416441658,0.1237117519358969
31.400000000000002,-0.20304690897137326,-0.3653099829088635,0.16226307393749026
31.450000000000003,-0.23079441054953587,-0.3887308945953309,0.15793648404579502
31.5,-0.20021712694563165,-0.3104876681755357,0.11027054122990404
31.55,-0.13829770521207058,-0.16243637119666673,0.024138665984596158
31.6,-0.07739544149437182,0.004128272850538255,-0.08152371434491007
31.650000000000002,-0.0402231939081024,0.13368799271663412,-0.17391118662473654
31.700000000000003,-0.037672327752985055,0.18564215030617728,-0.22331447805916232
31.75,-0.0757949247992798,0.14774355057723088,-0.22353847537651067
31.8,-0.15888102265095924,0.03525930107562966,-0.1941403237265889
31.85,-0.28157460863909545,-0.12237424494968724,-0.1592003636894082
31.900000000000002,-0.4177388650203973,-0.295220158816564,-0.12251870620383332
31.950000000000003,-0.5210193515110169,-0.45537376493026277,-0.06564558658075409
32.0,-0.5430014497910041,-0.5694408561381483,0.026439406347144256
32.050000000000004,-0.45783945979560287,-0.5943625230912577,0.13652306329565483
32.1,-0.2744900481876041,-0.4888919388205417,0.21440189063293763
32.15,-0.027694158699068116,-0.2380605997619686,0.2103664410629005
32.2,0.24269010500079521,0.1270324787494378,0.11565762625135742
32.25,0.5055283155255678,0.5318500952627698,-0.026321779737202067
32.300000000000004,0.7362657659797746,0.8851907093697036,-0.148924943389929
32.35,0.907486527688802,1.1138753997748925,-0.20638887208609047
32.4,0.9888932076379501,1.1850215310663759,-0.1961283234284258
32.45,0.9631009253771312,1.107669226089615,-0.14456830071248383
32.5,0.8450671628987554,0.9211569852030784,-0.07608982230432304
32.550000000000004,0.6851085758615137,0.6824413732259018,0.0026672026356119316
32.6,0.5472693443667787,0.4566080108456636,0.09066133352111505
32.65,0.47612269816216723,0.3054119871616851,0.17071071100048213
32.7,0.47609343677126553,0.26945274068588426,0.20664069608538127
32.75,0.5175867107746889,0.34990710993317004,0.16767960084151884
32.800000000000004,0.562387135045751,0.5035280526938724,0.058859082351878644
32.85,0.5865779090854094,0.6594343104550129,-0.07285640136960347
32.9,0.5846433994552049,0.750801714365932,-0.16615831491072708
32.95,0.5571558179660387,0.7426635262871953,-0.1855077083211566
33.0,0.4986173610811312,0.639822869741862,-0.14120550866073078
33.050000000000004,0.39923778769260426,0.4739709565728374,-0.07473316888023313
33.1,0.2587508296673865,0.2830469524465337,-0.024296122779147222
33.15,0.09745291955992735,0.09733325978400005,0.0001196597759273027
33.2,-0.04849788925467155,-0.06319147876651834,0.014693589511846794
33.25,-0.14621968120687437,-0.18610595607246752,0.03988627486559315
33.300000000000004,-0.1852685881304241,-0.2657844614058359,0.08051587327541179
33.35,-0.18215656948978468,-0.3056322425516503,0.1234756730618656
33.4,-0.16769460743114353,-0.31865190965793305,0.15095730222678952
33.45,-0.16798574831118748,-0.32288605836084944,0.15490031004966195
33.5,-0.19326805349999576,-0.3340726994946543,0.14080464599465853
33.550000000000004,-0.2405460756614787,-0.3610284536900807,0.12048237802860198
33.6,-0.3042195909559122,-0.40627692791750813,0.10205733696159591
33.65,-0.38368808586368036,-0.46904097304653863,0.08535288718285827
33.7,-0.4815134160273968,-0.5462183839997098,0.06470496797231301
33.75,-0.595063869119004,-0.6307817148211721,0.03571784570216807
33.800000000000004,-0.7103768402899434,-0.7112402423006543,0.0008634020107108897
33.85,-0.8048305910627971,-0.7750296438367098,-0.029800947226087282
33.9,-0.8575091208022892,-0.8136386776908299,-0.04387044311145938
33.95,-0.8594988093239492,-0.8240889086560249,-0.035409900667924266
34.0,-0.8161508531562485,-0.8045697582904734,-0.011581094865775077
34.050000000000004,-0.7396876626301674,-0.7488459862733116,0.009158323643144173
34.1,-0.6383392488390713,-0.6468994458380785,0.00856019699900712
34.15,-0.5111052227125243,-0.49394247272093916,-0.01716274999158518
34.2,-0.35259653659257006,-0.3008510653627143,-0.05174547122985579
34.25,-0.1637013717961098,-0.09541237754141221,-0.06828899425469759
34.300000000000004,0.04167038117299251,0.08973296127817619,-0.04806258010518368
34.35,0.24057343891688818,0.23499685973261095,0.0055765791842772305
34.4,0.4130109102927208,0.3439092806336268,0.069101629659094
34.45,0.5512187886470803,0.4367725653797397,0.11444622326734061
34.5,0.65699662299899,0.5317534718745566,0.1252431511244334
34.550000000000004,0.7286163334340703,0.6267337780401284,0.10188255539394186
34.6,0.7498331615320051,0.6945392002639349,0.05529396126807018
34.65,0.6939468456005825,0.6947842076753619,-0.0008373620747793575
34.7,0.5435442457571278,0.5952055973219793,-0.05166135156485152
34.75,0.3113367237185281,0.39075104271196276,-0.07941431899343465
34.800000000000004,0.04344934623480349,0.11100951330095943,-0.06756016706615595
34.85,-0.20102268069051238,-0.18734807832869227,-0.01367460236182011
34.9,-0.3808912017794652,-0.4400706143395049,0.05917941256003967
34.95,-0.4913143190878628,-0.5988246584858696,0.1075103393980068
35.0,-0.556471724279661,-0.6485121560845811,0.09204043180492016
35.050000000000004,-0.6041901452393047,-0.6102931267296885,0.0061029814903837964
35.1,-0.6444358621900945,-0.5290244380187721,-0.11541142417132244
35.15,-0.668408194433447,-0.45233102546482346,-0.21607716896862356
35.2,-0.665369841593616,-0.4128623436545308,-0.2525074979390852
35.25,-0.6384877887329681,-0.42165946396677695,-0.21682832476619113
35.300000000000004,-0.6033504712321183,-0.47160992464069085,-0.13174054659142742
35.35,-0.5707483952234993,-0.5434129997228351,-0.027335395500664217
35.4,-0.5313928689813299,-0.6081455538198031,0.0767526848384732
35.45,-0.45903074920841064,-0.628321973746355,0.16929122453794437
35.5,-0.3310709269149332,-0.5647353990500311,0.23366447213509794
35.550000000000004,-0.14901444642998352,-0.39265314415775404,0.24363869772777053
35.6,0.05923869304769206,-0.12047763657084273,0.1797163296185348
35.65,0.256647434450846,0.20322322977226986,0.053424204678576115
35.7,0.41794937061394294,0.5040271511865281,-0.08607778057258514
35.75,0.536520998211902,0.7127930582932227,-0.17627206008132068
35.800000000000004,0.6143134682817345,0.7961228001967128,-0.18180933191497828
35.85,0.6485838032335047,0.7678057090054071,-0.11922190577190239
35.9,0.6311799903111084,0.6753365698046547,-0.044156579493546344
35.95,0.5619239493017628,0.5717907754488595,-0.009866826147096663
36.0,0.46157314096513985,0.4913022137758232,-0.029729072810683377
36.050000000000004,0.36822711462687874,0.4412820429997856,-0.07305492837290684
36.1,0.3160482163567985,0.41155775718552334,-0.09550954082872487
36.15,0.31260634480319843,0.3898238516970525,-0.0772175068938541
36.2,0.3341769764503264,0.37107870616887784,-0.036901729718551435
36.25,0.34361521932801353,0.3557141485501859,-0.012098929222172372
36.300000000000004,0.31639065129496036,0.34062297289195465,-0.02423232159699429
36.35,0.25429822961632553,0.31318301774264806,-0.05888478812632253
36.4,0.1782134561287323,0.2556473363360159,-0.07743388020728359
36.45,0.10944073520662531,0.15887727453174413,-0.04943653932511882
36.5,0.05703385292476793,0.035488431364401954,0.021545421560365978
36.550000000000004,0.01991849074397096,-0.07959964741184179,0.09951813815581276
36.6,-0.0027019175885351155,-0.14543909100313937,0.14273717341460426
36.65,-0.006162259935144514,-0.13928857111104878,0.13312631117590426
36.7,0.013475519691923113,-0.07182277383644238,0.08529829352836549
36.75,0.049022218098288196,0.018690305004649795,0.0303319130936384
36.800000000000004,0.08015351211648998,0.0894358225610316,-0.009282310444541614
36.85,0.08449489728137285,0.11563823553620908,-0.031143338254836228
36.9,0.053244500789426004,0.09599183738149206,-0.04274733659206605
36.95,-0.002563277427642108,0.04043042683878764,-0.04299370426642975
37.0,-0.061062502275712416,-0.04349025196540232,-0.017572250310310095
37.050000000000004,-0.10601790748792464,-0.1489210134502096,0.04290310596228497
37.1,-0.136527370050819,-0.25418963828771335,0.11766226823689435
37.15,-0.1625059496749961,-0.314223364650687,0.1517174149756909
37.2,-0.19166196946669325,-0.27884447124154743,0.08718250177485418
37.25,-0.2207040815157494,-0.1330061916185258,-0.0876978898972236
37.300000000000004,-0.23819084006412272,0.07345179395964045,-0.3116426340237632
37.35,-0.23455227012997282,0.24040812556569166,-0.4749603956956645
37.4,-0.20818931471918187,0.2779469298168952,-0.48613624453607707
37.45,-0.16144056712377866,0.17266073103781246,-0.3341012981615911
37.5,-0.09139578014446373,0.006699747776116637,-0.09809552792058036
37.550000000000004,0.013313497267191545,-0.09157076617047935,0.10488426343767089
37.6,0.16385375084030002,-0.03276727225671584,0.19662102309701585
37.65,0.3565755937101289,0.17535985855575154,0.1812157351543774
37.7,0.5653868427769552,0.43937330549324405,0.12601353728371112
37.75,0.7492805862411914,0.6486378189827197,0.10064276725847177
37.800000000000004,0.8706476248482902,0.7448449706974198,0.12580265415087033
37.85,0.9110199461836119,0.74092967219827,0.17009027398534193
37.9,0.873514692164556,0.6839584837455364,0.18955620841901966
37.95,0.7728555961102328,0.6028194564793361,0.1700361396308967
38.0,0.6237479928206592,0.48830674833994503,0.13544124448071415
38.050000000000004,0.4378068265239884,0.31807419043020363,0.11973263609378476
38.1,0.22934276492656588,0.09656877937205761,0.13277398555450826
38.15,0.02084335180099801,-0.13123418038241227,0.15207753218341027
38.2,-0.1609667879986497,-0.30626515933640414,0.14529837133775445
38.25,-0.2980656137864499,-0.3979735697959986,0.09990795600954872
38.300000000000004,-0.39266903753856597,-0.42545592886183936,0.03278689132327339
38.35,-0.46616809032248346,-0.4401869378224614,-0.025981152500022087
38.400000000000006,-0.5439923250983763,-0.48705104716195524,-0.05694127793642101
38.45,-0.6368549610970782,-0.5761121934545709,-0.0607427676425073
38.5,-0.7324872649557362,-0.6840521947778773,-0.048435070177858974
38.550000000000004,-0.8039858971614621,-0.7772550608130953,-0.026730836348366815
38.6,-0.8279654518246996,-0.8334082379595958,0.005442786134896238
38.650000000000006,-0.7986233058601274,-0.846047832691975,0.04742452683184761
38.7,-0.7281403142884515,-0.815548921074407,0.08740860678595552
38.75,-0.6353582341291676,-0.7412012168010059,0.10584298267183834
38.800000000000004,-0.5334556676412745,-0.6236266316492539,0.09017096400797942
38.85,-0.42642097093543857,-0.4732518003420651,0.04683082940662653
38.900000000000006,-0.31518600877386915,-0.31347506628236926,-0.0017109424914998894
38.95,-0.20566779755459133,-0.17263732712723204,-0.03303047042735929
39.0,-0.11007385460633395,-0.07007805323897867,-0.03999580136735528
39.050000000000004,-0.039856663574501225,-0.007174581396681285,-0.03268208217781994
39.1,0.0030803382992415293,0.030156748378479162,-0.027076410079237632
39.150000000000006,0.028351628972216582,0.0602556086140542,-0.03190397964183762
39.2,0.04956974066380363,0.0942038129396629,-0.04463407227585927
39.25,0.07311934758688239,0.1308245113684061,-0.0577051637815237
39.300000000000004,0.09254398500559961,0.15928840399926028,-0.06674441899366067
39.35,0.0934312929907752,0.16584266588543517,-0.07241137289465997
39.400000000000006,0.06510843303428754,0.14034750518973876,-0.07523907215545123
39.45,0.010001635532131006,0.08017593527572871,-0.0701742997435977
39.5,-0.056387424768616155,-0.008700641424237227,-0.047686783344378925
39.550000000000004,-0.11430628021765486,-0.11237269449327289,-0.0019335857243819726
39.6,-0.15017437028489172,-0.21044578788704701,0.06027141760215529
39.650000000000006,-0.16113381942545613,-0.2785602898985173,0.11742647047306115
39.7,-0.15201589557560877,-0.293541847345244,0.14152595176963526
39.75,-0.1293475494805831,-0.24221767838477784,0.11287012890419473
39.800000000000004,-0.09836866273313331,-0.13149222897093926,0.03312356623780595
39.85,-0.06465461518744595,0.007063399451625218,-0.07171801463907117
39.900000000000006,-0.03645994174134348,0.12527884824530577,-0.16173878998664926
39.95,-0.022883902459753712,0.179550631086388,-0.20243453354614172
40.0,-0.02758744111748524,0.1548160400184311,-0.18240348113591634
40.050000000000004,-0.04355014782305079,0.07521590525609133,-0.11876605307914212
40.1,-0.05517332177296953,-0.008389478249096973,-0.04678384352387256
40.150000000000006,-0.04821354520107076,-0.047996561061391045,-0.00021698413967971564
40.2,-0.020391540065412963,-0.025687445838374495,0.005295905772961532
40.25,0.01662659650435726,0.040002611351933656,-0.023376014847576395
40.300000000000004,0.046894486125337836,0.1115831900200586,-0.06468870389472077
40.35,0.06456346707073701,0.15946166775733167,-0.09489820068659466
40.400000000000006,0.08116724517911399,0.17863201797301992,-0.09746477279390593
40.45,0.11909453929243763,0.18636398750556638,-0.06726944821312875
40.5,0.19573696788239917,0.20764462346361112,-0.011907655581211957
40.550000000000004,0.3105239607746952,0.26160769199504413,0.04891626877965105
40.6,0.44446326880992604,0.3558265628351518,0.08863670597477424
40.650000000000006,0.5711939466242958,0.485323058457042,0.0858708881672538
40.7,0.6694699288011987,0.6309269139838708,0.038543014817327914
40.75,0.727484509692354,0.7584494493434781,-0.030964939651124124
40.800000000000004,0.7385608851385386,0.8260390592192057,-0.08747817408066716
40.85,0.696377257994986,0.8025544846728712,-0.1061772266778852
40.900000000000006,0.5975345247458591,0.6874431109669172,-0.08990858622105813
40.95,0.45027803491136614,0.5156996169442963,-0.06542158203293019
41.0,0.27967563432016024,0.33994477293079395,-0.06026913861063371
41.050000000000004,0.12063637348559725,0.20024246336766927,-0.07960608988207202
41.1,0.0007958936148964551,0.10398592589091217,-0.10319003227601571
41.150000000000006,-0.07419279562250437,0.030813590000081166,-0.10500638562258555
41.2,-0.12043878505584198,-0.043395538143950065,-0.0770432469118919
41.25,-0.1597116113000026,-0.1248672547467657,-0.03484435655323691
41.300000000000004,-0.19981815755039348,-0.19981935554470107,1.1979943075890453e-06
41.35,-0.22700045700460394,-0.2497319547527783,0.022731497748174345
41.400000000000006,-0.21598589757455314,-0.266315614816142,0.050329717241588884
41.45,-0.1490224829549294,-0.25147627059833855,0.10245378764340915
41.5,-0.0289023385005645,-0.20507134701667235,0.17616900851610784
41.550000000000004,0.12258261667701272,-0.11694300376019147,0.23952562043720418
41.6,0.27676398800988294,0.024437443582914713,0.2523265444269682
41.650000000000006,0.4095488705143724,0.21213090352452524,0.19741796698984715
41.7,0.5044558561600587,0.4084730448720511,0.09598281128800762
41.75,0.5489522366781261,0.554568354134736,-0.005616117456609948
41.800000000000004,0.5316391588964103,0.5973236074177946,-0.06568444852138422
41.85,0.4451352753598972,0.5149968895680005,-0.06986161420810327
41.900000000000006,0.2921863219474394,0.32423821294538935,-0.03205189099794997
41.95,0.08851627079909613,0.0672281057876616,0.02128816501143453
42.0,-0.14100969096187801,-0.20841063427860082,0.0674009433167228
42.050000000000004,-0.36996214116599235,-0.46338243065852536,0.093420289492533
42.1,-0.5757790573294007,-0.6705801119868485,0.09480105465744781
42.150000000000006,-0.7403096940329681,-0.8143408210802006,0.07403112704723247
42.2,-0.848105106027599,-0.89014839960549,0.04204329357789094
42.25,-0.8868723900395279,-0.9037549765133372,0.016882586473809358
42.300000000000004,-0.851142698696743,-0.8660539566893359,0.014911257992592963
42.35,-0.7457734541240953,-0.7846805402405488,0.03890708611645344
42.400000000000006,-0.5854403155362935,-0.6593485888306272,0.07390827329433369
42.45,-0.3902310413147855,-0.48693755205575273,0.09670651074096726
42.5,-0.18132817439953697,-0.27362695774644913,0.09229878334691216
42.550000000000004,0.019871082991858902,-0.0434979170182593,0.0633690000101182
42.6,0.19042207165838929,0.1652904236180652,0.025131648040324084
42.650000000000006,0.30693459030532366,0.31521939126787474,-0.008284800962551075
42.7,0.3518893168690393,0.3843119414286759,-0.032422624559636626
42.75,0.32218531661729594,0.3713601222124075,-0.04917480559511156
42.800000000000004,0.23304129864668433,0.2909938867172963,-0.05795258807061199
42.85,0.11267653962792964,0.166012887433546,-0.05333634780561636
42.900000000000006,-0.009891396176002178,0.023206122174368394,-0.03309751835037057
42.95,-0.1161653336778573,-0.10869687718050312,-0.00746845649735417
43.0,-0.20164839837098136,-0.20459468910506945,0.002946290734088086
43.050000000000004,-0.27063594551671055,-0.25316609902266635,-0.017469846494044206
43.1,-0.3274586884269119,-0.26420798241214266,-0.06325070601476923
43.150000000000006,-0.3705650414262155,-0.26379742611579177,-0.10676761531042372
43.2,-0.392396108587085,-0.27665410523743406,-0.11574200334965096
43.25,-0.3836593080756891,-0.3071885127756302,-0.0764707953000589
43.300000000000004,-0.33869755664804174,-0.33419643778027036,-0.004501118867771381
43.35,-0.25935754295250846,-0.3245120740795746,0.06515453112706615
43.400000000000006,-0.15611559853253482,-0.256108534470426,0.09999293593789116
43.45,-0.04597781336754312,-0.13404326458841642,0.08806545122087331
43.5,0.05257908872033942,0.01107681050674534,0.041502278213594083
43.550000000000004,0.12583471873682664,0.13917067587370713,-0.013335957136880489
43.6,0.16902570012012916,0.21957434839305542,-0.050548648272926267
43.650000000000006,0.18599068689579162,0.24237011398155314,-0.05637942708576152
43.7,0.18484059371739792,0.21921363521040735,-0.03437304149300943
43.75,0.17331400684854198,0.1764702751249345,-0.00315626827639251
43.800000000000004,0.15733902580783155,0.14433226909953836,0.013006756708293182
43.85,0.14269005926222406,0.14461592587643454,-0.0019258666142104863
43.900000000000006,0.13606320556755722,0.18082974869766388,-0.04476654313010667
43.95,0.14240705471135348,0.2357942942163948,-0.09338723950504133
44.0,0.15991635272917473,0.28022026160547064,-0.12030390887629591
44.050000000000004,0.1780745727012075,0.28894256564889326,-0.11086799294768576
44.1,0.18275332037296016,0.25500771071196265,-0.0722543903390025
44.150000000000006,0.16603405451920608,0.19232441987778812,-0.026290365358582035
44.2,0.13298815558658936,0.12595879681308736,0.007029358773501998
44.25,0.09895944303935193,0.07827592691609966,0.02068351612325227
44.300000000000004,0.07861273393318552,0.06066858715068338,0.01794414678250214
44.35,0.07536825994737488,0.07367096843825044,0.0016972915091244406
44.400000000000006,0.07986660363374473,0.11044575387942522,-0.03057915024568049
44.45,0.0784678078994236,0.15800824858244206,-0.07954044068301845
44.5,0.06433333139018584,0.19688958658034253,-0.13255625519015668
44.550000000000004,0.04196613167539479,0.20501405259511526,-0.16304792091972048
44.6,0.02236750670692978,0.16841151138538307,-0.1460440046784533
44.650000000000006,0.014080067174623788,0.09256827380390473,-0.07848820662928094
44.7,0.017990866242630535,0.00370013835652531,0.014290727886105225
44.75,0.029229259439053353,-0.06440411282562472,0.09363337226467808
44.800000000000004,0.04285922968505121,-0.08980083210400683,0.13266006178905804
44.85,0.05761756492575843,-0.073345756920645,0.13096332184640344
44.900000000000006,0.07513876624658225,-0.03305477141127438,0.10819353765785664
44.95,0.09685393340270008,0.012139735308088083,0.084714198094612
45.0,0.12221517930823732,0.05487940178048027,0.06733577752775705
45.050000000000004,0.14935762321721632,0.09878673785522113,0.050570885361995194
45.1,0.17622675313957525,0.1482582389245831,0.027968514214992163
45.150000000000006,0.20000314550085804,0.19982282580626579,0.00018031969459225694
45.2,0.2151696787400431,0.2421139019137695,-0.026944223173726384
45.25,0.21269876261685242,0.26147457762734333,-0.048775815010490914
45.300000000000004,0.18227203119786076,0.2458248695004799,-0.06355283830261915
45.35,0.1169618320693908,0.18485794000045014,-0.06789610793105934
45.400000000000006,0.017933728034651118,0.07218892390669361,-0.05425519587204249
45.45,-0.10320032306698464,-0.0858380697296064,-0.01736225333737823
45.5,-0.22558097001005534,-0.260040071137936,0.03445910112788064
45.550000000000004,-0.32402464242750806,-0.4001820530198523,0.07615741059234427
45.6,-0.37679755735692594,-0.4560172957547333,0.07921973839780738
45.650000000000006,-0.37355112386843076,-0.4075583052754872,0.03400718140705644
45.7,-0.31900036000768667,-0.2816437521281465,-0.03735660787954015
45.75,-0.22890448142192032,-0.13816349593285246,-0.09074098548906787
45.800000000000004,-0.11984042703727449,-0.032428905346334504,-0.08741152169093999
45.85,-2.0840683447661797e-05,0.019263537770375073,-0.019284378453822734
45.900000000000006,0.13086941284543172,0.044855035120727985,0.08601437772470373
45.95,0.2717700065560977,0.08945724235323514,0.18231276420286252
46.0,0.4088631908758125,0.17825848504943173,0.2306047058263808
46.050000000000004,0.5143795704482376,0.29774124959998394,0.21663832084825363
46.1,0.5592393056546653,0.4063179777140532,0.15292132794061208
46.150000000000006,0.5302199759177558,0.4615159367205874,0.06870403919716844
46.2,0.4368242556955448,0.44107663948282916,-0.004252383787284375
46.25,0.3015162415387104,0.34585023622202676,-0.04433399468331639
46.300000000000004,0.14250643292487972,0.19036312734365576,-0.04785669441877605
46.35,-0.0342700304794312,-0.005210094895213278,-0.029059935584217926
46.400000000000006,-0.22628267765790594,-0.21546771621291594,-0.010814961444990001
46.45,-0.41848077780896903,-0.4086416655472034,-0.009839112261765648
46.5,-0.5787661614253903,-0.5528324292628275,-0.025933732162562784
46.550000000000004,-0.6731513485507812,-0.629354464527499,-0.04379688402328219
46.6,-0.688802705926584,-0.6423567822436531,-0.04644592368293088
46.650000000000006,-0.6432075444755694,-0.6141872765046419,-0.029020267970927494
46.7,-0.5692005629814395,-0.5679438572722227,-0.0012567057092167655
46.75,-0.4886001204163212,-0.5108259212325768,0.022225800816255525
46.800000000000004,-0.3990890276190737,-0.4321935828522378,0.03310455523316408
46.85,-0.2868036411230578,-0.3179509060668598,0.03114726494380199
46.900000000000006,-0.1517058876985075,-0.1690983105216313,0.017392422823123782
46.95,-0.019273616479920763,-0.00912490036892059,-0.010148716111000173
47.0,0.07517824563391383,0.12562447049295863,-0.050446224859044805
47.050000000000004,0.11574460496556263,0.20522928477805122,-0.08948467981248859
47.1,0.12001402682979029,0.22154794652339804,-0.10153391969360775
47.150000000000006,0.12277411199074996,0.19041133260326326,-0.0676372206125133
47.2,0.1437851701172081,0.14107598983869235,0.0027091802785157437
47.25,0.17057897240954384,0.1006115946712266,0.06996737773831724
47.300000000000004,0.17335342906558734,0.08204147756296383,0.09131195150262351
47.35,0.13758213111959391,0.08151968295574352,0.05606244816385039
47.400000000000006,0.0819859709389093,0.08482231194032487,-0.0028363410014155682
47.45,0.04348384956957313,0.07902543562980208,-0.03554158606022895
47.5,0.04344996846037739,0.06254773161285662,-0.019097763152479234
47.550000000000004,0.06861238541762783,0.047160238766676243,0.02145214665095159
47.6,0.08580491180887787,0.05007112511912608,0.03573378668975179
47.650000000000006,0.076060947317353,0.08099465757698793,-0.0049337102596349325
47.7,0.05379734986853192,0.13339808775328743,-0.07960073788475551
47.75,0.05126577155453643,0.18670224374377992,-0.13543647218924348
47.800000000000004,0.0832167915281258,0.21809022052937768,-0.13487342900125188
47.85,0.1272637077202455,0.21518405156702491,-0.08792034384677941
47.900000000000006,0.1408329792921719,0.18062582338009583,-0.03979284408792394
47.95,0.09976706188513032,0.1267770057450798,-0.02700994385994948
48.0,0.02188418299954474,0.0667589868073147,-0.04487480380776995
48.050000000000004,-0.047228481583422,0.009683677953810648,-0.05691215953723265
48.1,-0.07276086921848417,-0.03773502337265967,-0.035025845845824494
48.150000000000006,-0.057212340902085566,-0.06781500956174008,0.010602668659654514
48.2,-0.031058085721172787,-0.07255166759786348,0.041493581876690694
48.25,-0.018840961212153572,-0.04882530196645308,0.029984340754299506
48.300000000000004,-0.015033588035291964,-0.003002015818942029,-0.012031572216349935
48.35,0.007153811066796267,0.0503840388283266,-0.043230227761530335
48.400000000000006,0.06426248872453244,0.09572660729638273,-0.03146411857185029
48.45,0.14081154817472694,0.12377896385532033,0.017032584319406602
48.5,0.19924262002291995,0.13408280939446024,0.06515981062845971
48.550000000000004,0.2117910969977352,0.1319487319928617,0.07984236500487352
48.6,0.18330388544872106,0.12385912498543651,0.05944476046328455
48.650000000000006,0.14375956719314728,0.11484690441656782,0.02891266277657946
48.7,0.11912800978963675,0.10785931515081483,0.011268694638821922
48.75,0.10923387630920647,0.1030469823396476,0.0061868939695588765
48.800000000000004,0.09259121204356978,0.09659157370205121,-0.00400036165848143
48.85,0.05097388509859548,0.08135669966059053,-0.03038281456199505
48.900000000000006,-0.011567182152722313,0.051102470056546744,-0.06266965220926905
48.95,-0.07260703332905416,0.0060321057563626395,-0.0786391390854168
49.0,-0.11154933169330875,-0.04537797446235769,-0.06617135723095105
49.050000000000004,-0.12447827163553762,-0.090816280179599,-0.03366199145593862
49.1,-0.12008505321833922,-0.12126799035780833,0.0011829371394691118
49.150000000000006,-0.10410321307216218,-0.1340495648918482,0.02994635181968601
49.2,-0.07107448450165645,-0.12898224734879435,0.0579077628471379
49.25,-0.012883824499452684,-0.10277163622972206,0.08988781173026937
49.300000000000004,0.06561657315739369,-0.04977854743058965,0.11539512058798335
49.35,0.1417821701104811,0.02881496938757757,0.11296720072290353
49.400000000000006,0.18794117684669526,0.11565582720408565,0.0722853496426096
49.45,0.19022778943591753,0.17930578845421719,0.010922000981700347
49.5,0.15569658687842397,0.19066983827856607,-0.0349732514001421
49.550000000000004,0.10193390364725852,0.14271472465155666,-0.04078082100429814
49.6,0.04082257188978542,0.05677166840096866,-0.015949096511183238
49.650000000000006,-0.027018257931459407,-0.03162912029165314,0.004610862360193736
49.7,-0.10279644592363223,-0.09695998923626592,-0.0058364566873663065
49.75,-0.17689474334224012,-0.13811839190738603,-0.038776351434854084
49.800000000000004,-0.2280989701033733,-0.1713759355540637,-0.0567230345493096
49.85,-0.23729077496297996,-0.20910033485446097,-0.028190440108518983
49.900000000000006,-0.20304078828962133,-0.24411216192628418,0.041071373636662856
49.95,-0.1441498559216781,-0.2541490133247209,0.10999915740304281
50.0,-0.08656402080479224,-0.2224011307196613,0.13583710991486908
50.050000000000004,-0.04650901188093275,-0.15543183185780743,0.10892281997687467
50.1,-0.024158993258958966,-0.08222545708148714,0.05806646382252817
50.150000000000006,-0.011248316330067398,-0.03495301502798538,0.023704698697917984
50.2,-0.0032829511790812165,-0.02770240734551578,0.024419456166434563
50.25,-0.0045081572330096156,-0.05012772432153922,0.0456195670885296
50.300000000000004,-0.022469684711435463,-0.0791953857170916,0.05672570100565614
50.35,-0.059091066685667194,-0.09721570942373477,0.03812464273806757
50.400000000000006,-0.10706680168652204,-0.1012101909575344,-0.005856610728987632
50.45,-0.15383327929694077,-0.09851589831466455,-0.05531738098227622
50.5,-0.18825447607979065,-0.09588588325946448,-0.09236859282032617
50.550000000000004,-0.20421750349386633,-0.09300635423188827,-0.11121114926197806
50.6,-0.19984660366672244,-0.08467603702446848,-0.11517056664225396
50.650000000000006,-0.1751623900234009,-0.06693351713554564,-0.10822887288785525
50.7,-0.130945717728877,-0.0399734021751638,-0.09097231555371321
50.75,-0.06903229349538646,-0.005854718983539825,-0.06317757451184663
50.800000000000004,0.006931899392015919,0.0347661930694134,-0.02783429367739748
50.85,0.09037753847571205,0.08202894208510553,0.00834859639060652
50.900000000000006,0.17018360034671326,0.13261850962006533,0.03756509072664793
50.95,0.2302735533855196,0.17695698847333466,0.05331656491218495
51.0,0.25364668716116634,0.20220693046510366,0.05143975669606268
51.050000000000004,0.23137475240849048,0.1998377287406063,0.03153702366788419
51.1,0.1711201901826761,0.17168956828656107,-0.0005693781038849655
51.150000000000006,0.09677383423202655,0.1292636298485947,-0.03248979561656816
51.2,0.03614432189281971,0.08663484087546619,-0.05049051898264648
51.25,0.004301463913030347,0.052641022253468756,-0.04833955834043841
51.300000000000004,-0.003967285545296194,0.02822229976018657,-0.032189585305482764
51.35,-0.005498358780688138,0.010126838442759047,-0.015625197223447185
51.400000000000006,-0.011140920781503175,-0.0029956348630684475,-0.008145285918434728
51.45,-0.015313814017587933,-0.007508472741693865,-0.007805341275894068
51.5,-0.0026404522150786447,0.0029316500104852087,-0.005572102225563853
51.550000000000004,0.03484414299344428,0.031897416136538806,0.002946726856905474
51.6,0.08719555133913817,0.07602902999400463,0.011166521345133545
51.650000000000006,0.13387059727311024,0.12541747526265856,0.008453122010451675
51.7,0.16213835034817073,0.16826522599745608,-0.0061268756492853516
51.75,0.17808865520515407,0.19656352616015407,-0.018474870955
51.800000000000004,0.19841558661830277,0.20900422807881824,-0.010588641460515469
51.85,0.23040281594711898,0.20941416492881595,0.020988651018303023
51.900000000000006,0.26019574104839216,0.20212880861832222,0.05806693243006994
51.95,0.26218431086560423,0.1877848508212467,0.07439946004435752
52.0,0.22160860696232118,0.16260523530583193,0.05900337165648925
52.050000000000004,0.14878990316054228,0.12163506362628965,0.02715483953425263
52.1,0.07077085509210594,0.06342771389310611,0.007343141198999828
52.150000000000006,0.007848481453075193,-0.007408830841739937,0.01525731229481513
52.2,-0.0427859911801213,-0.08176375451272143,0.03897776333260013
52.25,-0.10096368802268703,-0.15055939285645853,0.0495957048337715
52.300000000000004,-0.18141559869022414,-0.2090594371165647,0.02764383842634055
52.35,-0.27718364176507965,-0.258140961140852,-0.019042680624227648
52.400000000000006,-0.3640348567377928,-0.30203941827998393,-0.06199543845780886
52.45,-0.4205418958470387,-0.3443106042158131,-0.0762312916312256
52.5,-0.44385505837963063,-0.38439188225389026,-0.05946317612574037
52.550000000000004,-0.4467548156799531,-0.41631911177831465,-0.030435703901638467
52.6,-0.4407875161971941,-0.43002099771285435,-0.010766518484339738
52.650000000000006,-0.423367096188359,-0.4148560970115543,-0.008510999176804701
52.7,-0.3810877972631608,-0.3643548719080949,-0.016732925355065875
52.75,-0.3041159141146782,-0.2801276769502048,-0.023988237164473403
52.800000000000004,-0.19590321274813505,-0.17234390042638162,-0.02355931232175343
52.85,-0.0690609648725122,-0.05546087906070269,-0.013600085811809513
52.900000000000006,0.06599279808877945,0.058877548123546466,0.007115249965232981
52.95,0.20544464217170724,0.16687128011510036,0.038573362056606886
53.0,0.3440729395219501,0.27101631397951964,0.07305662554243048
53.050000000000004,0.46450341008209173,0.3720823740530826,0.09242103602900914
53.1,0.5381937032783991,0.4604353274422479,0.0777583758361512
53.150000000000006,0.5411404299516097,0.5143776306167388,0.026762799334870913
53.2,0.4712861412644516,0.5087858329481063,-0.03749969168365469
53.25,0.35107616837390776,0.4295533801905771,-0.07847721181666933
53.300000000000004,0.21197548688780588,0.2843424573620233,-0.07236697047421742
53.35,0.07487082970028004,0.1021343783458499,-0.02726354864556986
53.400000000000006,-0.056122319307576315,-0.07837403531346336,0.022251716005887046
53.45,-0.18250414932297754,-0.22421162552531815,0.04170747620234061
53.5,-0.29598373359513475,-0.31842175540302664,0.022438021807891895
53.550000000000004,-0.37543467439646927,-0.36067595627450233,-0.01475871812196694
53.6,-0.3997685901647291,-0.36025565666401077,-0.03951293350071833
53.650000000000006,-0.3642472152219319,-0.32735426763252823,-0.036892947589403646
53.7,-0.2847507370007263,-0.2681011793775393,-0.016649557623186984
53.75,-0.18677863111254764,-0.18527828032199342,-0.0015003507905542168
53.800000000000004,-0.0903588085183146,-0.08307019461386976,-0.007288613904444838
53.85,-0.004191185556458352,0.027971976389931878,-0.032163161946390226
53.900000000000006,0.06874151063250641,0.12978550718914436,-0.06104399655663795
53.95,0.12364178608854325,0.20163127446391652,-0.07798948837537327
54.0,0.15418634756393226,0.22938350514410685,-0.07519715758017459
54.050000000000004,0.15982070397353088,0.21390308683555517,-0.0540823828620243
54.1,0.15026671724789434,0.17214240953582197,-0.02187569228792763
54.150000000000006,0.14013590086934113,0.1285623371695052,0.011573563699835948
54.2,0.13782560748753853,0.10151606623600253,0.036309541251536
54.25,0.1400871790179404,0.09401692893436527,0.04607025008357514
54.300000000000004,0.13843587284091521,0.09591690005490654,0.04251897278600868
54.35,0.131091308765623,0.09577265099296121,0.035318657772661785
54.400000000000006,0.12770821512478175,0.09248264626601053,0.03522556885877122
54.45,0.14102295849024205,0.09658405987131473,0.04443889861892732
54.5,0.17298705491524663,0.11980788553186955,0.05317916938337708
54.550000000000004,0.20916139250164084,0.1618633419712661,0.04729805053037475
54.6,0.22755672384344422,0.20619108712891263,0.021365636714531594
54.650000000000006,0.21427571921218164,0.2288691270993206,-0.014593407887138976
54.7,0.17207238116271256,0.21363041652017498,-0.041558035357462414
54.75,0.11523322750748607,0.16109783696664348,-0.04586460945915741
54.800000000000004,0.057239775595960274,0.08595119344626767,-0.028711417850307397
54.85,0.0033705923155023768,0.006220271052394162,-0.0028496787368917855
54.900000000000006,-0.046255091136596045,-0.06550857921838822,0.019253488081792176
54.95,-0.08896822665099059,-0.12302805605083064,0.03405982939984005
55.0,-0.11701975563676187,-0.16222483344776512,0.04520507781100325
55.050000000000004,-0.1233798580179526,-0.17869739505036009,0.05531753703240748
55.1,-0.10942411011869678,-0.17077482342030514,0.061350713301608364
55.150000000000006,-0.08594691359763056,-0.14423368736784206,0.058286773770211506
55.2,-0.06614138394161624,-0.11224786205793136,0.04610647811631512
55.25,-0.05753144868767893,-0.08880361238730033,0.03127216369962141
55.300000000000004,-0.060373501144300845,-0.080920576345637,0.020547075201336154
55.35,-0.07263929743721899,-0.0868301502749246,0.014190852837705617
55.400000000000006,-0.09479725426940636,-0.10158498426977472,0.006787730000368364
55.45,-0.12871834441280242,-0.12412328406897823,-0.004595060343824189
55.5,-0.1725062212695839,-0.1583202501438173,-0.014185971125766611
55.550000000000004,-0.21817426480932936,-0.2067202695937378,-0.011453995215591567
55.6,-0.25592746687958123,-0.2632763490059858,0.0073488821264045545
55.650000000000006,-0.2808990857734905,-0.31277350254951636,0.03187441677602587
55.7,-0.29468406608491654,-0.3382910256914735,0.04360695960655697
55.75,-0.2993818807400106,-0.3304318219300243,0.031049941190013697
55.800000000000004,-0.2905913078714563,-0.2906868594532051,9.55515817487873e-05
55.85,-0.25805932383683067,-0.2272862145764967,-0.03077310926033397
55.900000000000006,-0.19514561263672062,-0.1488681711514463,-0.04627744148527432
55.95,-0.10830190372629539,-0.06220551768915506,-0.04609638603714033
56.0,-0.016143380215350434,0.025420170700044747,-0.04156355091539518
56.050000000000004,0.06291121736957202,0.10437148278716485,-0.04146026541759283
56.1,0.12389181145759832,0.16594870649790827,-0.04205689504030995
56.150000000000006,0.17695382783429156,0.20900135796343117,-0.032047530129139606
56.2,0.23535123208841272,0.24273404253911884,-0.007382810450706129
56.25,0.300537790105397,0.2806713644362416,0.01986642566915542
56.300000000000004,0.3582058810698845,0.32897760228451994,0.029228278785364548
56.35,0.38900401244319627,0.3787955976527958,0.010208414790400466
56.400000000000006,0.38413334391519827,0.41015971067826656,-0.026026366763068298
56.45,0.351821441618553,0.40555093971693557,-0.053729498098382567
56.5,0.3094335632835337,0.3626765589788447,-0.05324299569531099
56.550000000000004,0.26899070888492344,0.2962924988795378,-0.027301789994614356
56.6,0.22893920387105804,0.22770692386606703,0.0012322800049910099
56.650000000000006,0.17823760886626672,0.17029527422044477,0.007942334645821947
56.7,0.10756636366295742,0.12184614169558812,-0.014279778032630697
56.75,0.017404035875057778,0.06848161539031232,-0.051077579515254545
56.800000000000004,-0.08255410320100244,-0.003911859857565286,-0.07864224334343715
56.85,-0.17962799426979342,-0.09919237323067097,-0.08043562103912245
56.900000000000006,-0.2632515737835994,-0.2075125038167693,-0.05573906996683012
56.95,-0.3256277394757562,-0.3093458230219474,-0.016281916453808776
57.0,-0.3602977525945999,-0.3833659524274752,0.02306819983287528
57.050000000000004,-0.36253468429519486,-0.41406652230673685,0.051531838011541986
57.1,-0.3320499805331472,-0.39656976577759967,0.06451978524445245
57.150000000000006,-0.2748401255656498,-0.3375315105284472,0.06269138496279741
57.2,-0.20152506255025648,-0.25205280477861625,0.05052774222835976
57.25,-0.12339993971377802,-0.1578938636894499,0.034493923975671886
57.300000000000004,-0.04985916963790917,-0.06990072821649995,0.02004155857859078
57.35,0.011106860538236205,0.002297345963379106,0.008809514574857099
57.400000000000006,0.051669558487018395,0.05272744736568912,-0.0010578888786707263
57.45,0.06568566792977147,0.07655626492797064,-0.010870596998199172
57.5,0.05309644819187011,0.07058485149595196,-0.017488403304081857
57.550000000000004,0.02299109975960405,0.037575692263858734,-0.014584592504254684
57.6,-0.008969377030556336,-0.009629859053566186,0.0006604820230098497
57.650000000000006,-0.028147831420171278,-0.04984147881571009,0.021693647395538813
57.7,-0.02781777263897308,-0.06254946830330291,0.03473169566432983
57.75,-0.009830675916033677,-0.03888607925635025,0.029055403340316574
57.800000000000004,0.020694348926914602,0.013841491936361376,0.006852856990553225
57.85,0.060773631270909734,0.07797734193164173,-0.017203710660731994
57.900000000000006,0.1094450081058292,0.1371051418581829,-0.027660133752353697
57.95,0.1626023805290878,0.18388555597690806,-0.02128317544782027
58.0,0.20899214874807653,0.2182213883896858,-0.009229239641609266
58.050000000000004,0.23302669719193927,0.23895789761120634,-0.005931200419267063
58.1,0.22351262243812312,0.2384924157935914,-0.014979793355468285
58.150000000000006,0.1812398863619031,0.20678765833521248,-0.025547771973309374
58.2,0.11877223358908237,0.1417702367617951,-0.022998003172712722
58.25,0.05247857447228496,0.055982745951496375,-0.003504171479211414
58.300000000000004,-0.006512658725955123,-0.028160687172591962,0.02164802844663684
58.35,-0.05536985385404213,-0.09186418597828186,0.03649433212423973
58.400000000000006,-0.0954970012627617,-0.13094006565300545,0.03544306439024375
58.45,-0.12659342388047265,-0.1546267715337528,0.02803334765328014
58.5,-0.14493685426312267,-0.17343105310098816,0.028494198837865498
58.550000000000004,-0.14703676725813247,-0.1874619115135702,0.04042514425543772
58.6,-0.1342611611737119,-0.1865090564625148,0.052247895288802915
58.650000000000006,-0.11329791005877969,-0.1620439903952005,0.04874608033642082
58.7,-0.09173540781733482,-0.11943684522771678,0.02770143741038196
58.75,-0.07297178300117452,-0.0774455259558042,0.004473742954629684
58.800000000000004,-0.05522813875991492,-0.053439086443055096,-0.0017890523168598224
58.85,-0.03529900953771982,-0.04688194544241541,0.011582935904695592
58.900000000000006,-0.013059876335811594,-0.03705309887916381,0.02399322254335222
58.95,0.00782520862726802,0.00045478168361997494,0.007370426943648045
59.0,0.02364613242943165,0.07085900620984817,-0.04721287378041652
59.050000000000004,0.034970918902317176,0.15062555550936868,-0.1156546366070515
59.1,0.046927312700599536,0.20115663582714458,-0.15422932312654503
59.150000000000006,0.06458159951853644,0.19641270856102183,-0.1318311090424854
59.2,0.08734804303900072,0.1428257803841288,-0.05547773734512808
59.25,0.10771073253025779,0.07540718500416448,0.03230354752609331
59.300000000000004,0.11605513569674246,0.033035487252562834,0.08301964844417963
59.35,0.10804184525629751,0.03245269407794319,0.07558915117835432
59.400000000000006,0.08842763040895701,0.06065770378981366,0.027769926619143355
59.45,0.06792030142734885,0.08955358274033674,-0.02163328131298789
59.5,0.055444331609048575,0.09886447151344022,-0.04342013990439164
59.550000000000004,0.052197899058467834,0.08851278402244889,-0.03631488496398105
59.6,0.05253293548591874,0.07281890585732796,-0.020285970371409223
59.650000000000006,0.05090364218757898,0.06504649591552325,-0.014142853727944271
59.7,0.04874245913573837,0.06751143773945802,-0.01876897860371965
59.75,0.05488673522873579,0.07484715466440611,-0.01996041943567032
59.800000000000004,0.07857042834412407,0.08447585123351836,-0.005905422889394288
59.85,0.12053128439914615,0.10194035046336819,0.01859093393577796
59.900000000000006,0.16973486918982345,0.13490679952118917,0.034828069668634276
59.95,0.20869008698961722,0.1816082410068221,0.027081845982795116
60.0,0.22317695510859578,0.22546261039358856,-0.002285655284992777
60.050000000000004,0.20874629135829864,0.24211287601319217,-0.03336658465489353
60.1,0.16963678484969383,0.21384925487631262,-0.044212470026618794
60.150000000000006,0.11265586040983869,0.14003530567628522,-0.027379445266446534
60.2,0.04260822779578924,0.03619913600388238,0.006409091791906858
60.25,-0.03665852488896878,-0.07570481987938843,0.03904629499041965
60.300000000000004,-0.11789628878101732,-0.17714087443708984,0.05924458565607252
60.35,-0.1888473682366614,-0.2565967851253922,0.06774941688873079
60.400000000000006,-0.236737348204151,-0.3078663776883941,0.0711290294842431
60.45,-0.2557657331714389,-0.32830122398000416,0.07253549080856525
60.5,-0.25090848178771985,-0.3200666524149013,0.06915817062718144
60.550000000000004,-0.23444996397443796,-0.29213421903788617,0.05768425506344821
60.6,-0.21842437923479957,-0.2587837040121318,0.04035932477733223
60.650000000000006,-0.20967359248321532,-0.2339043420236835,0.024230749540468166
60.7,-0.21087354843559727,-0.2251896452105229,0.014316096774925624
60.75,-0.2241976668532142,-0.2328041535968518,0.008606486743637592
60.800000000000004,-0.2514928184839091,-0.2525634437019812,0.0010706252180721076
60.85,-0.28921703543022415,-0.27914096657668147,-0.010076068853542675
60.900000000000006,-0.3234811762148463,-0.3054793184079891,-0.018001857806857202
60.95,-0.3324957859426529,-0.3198879176700273,-0.01260786827262561
61.0,-0.2975702313906873,-0.30629537427867726,0.008725142887989978
61.050000000000004,-0.21508849816379574,-0.250838775079446,0.035750276915650275
61.1,-0.09949083787884139,-0.15115146264417184,0.051660624765330454
61.150000000000006,0.025620842203275523,-0.020443559813115676,0.0460644020163912
61.2,0.14084314020865915,0.11813449957662207,0.022708640632037078
61.25,0.237751309506212,0.24290057773121015,-0.005149268224998144
61.300000000000004,0.31471248035646493,0.34156025519692007,-0.02684777484045514
61.35,0.36786888725590455,0.4097879153077312,-0.04191902805182662
61.400000000000006,0.3875689227165045,0.44377133384043066,-0.056202411123926155
61.45,0.364403040959281,0.4359437862003605,-0.0715407452410795
61.5,0.2989462847002167,0.3797462664796748,-0.08079998177945807
61.550000000000004,0.20540656666132118,0.2796648501183381,-0.0742582834570169
61.6,0.10530408794688696,0.15641608263549908,-0.05111199468861212
61.650000000000006,0.016800270822403665,0.040530842932211306,-0.02373057210980764
61.7,-0.051222992439832145,-0.04220652167744825,-0.009016470762383898
61.75,-0.09683072716783203,-0.08257477953280341,-0.014255947635028618
61.800000000000004,-0.1193214961095371,-0.08839819081032227,-0.03092330529921483
61.85,-0.11737821154349923,-0.07480150735469072,-0.042576704188808503
61.900000000000006,-0.09268739464994616,-0.05331698301250423,-0.03937041163744193
61.95,-0.05360150541622092,-0.028203118105072707,-0.025398387311148213
62.0,-0.012912242728072804,-0.0005328876585154834,-0.012379355069557322
62.050000000000004,0.019581639861146267,0.026293177456027095,-0.006711537594880829
62.1,0.042634274310294484,0.04575876594013634,-0.0031244916298418524
62.150000000000006,0.06128133174913065,0.05233566774023577,0.008945664008894877
62.2,0.078632607268626,0.045563412588304826,0.03306919468032118
62.25,0.08999993002918864,0.029867239668495398,0.06013269036069324
62.300000000000004,0.08558803992294242,0.010744838769737489,0.07484320115320493
62.35,0.05935713866960719,-0.008605499774266705,0.0679626384438739
62.400000000000006,0.015332077526266051,-0.027484052030833043,0.0428161295570991
62.45,-0.03482250243956295,-0.04592385271354583,0.011101350273982881
62.5,-0.0803630513841788,-0.0639316150150541,-0.01643143636912471
62.550000000000004,-0.11766069833115335,-0.08249000911512074,-0.03517068921603261
62.6,-0.14847147236407188,-0.10393068636806048,-0.0445407859960114
62.650000000000006,-0.17315492342020092,-0.12939198087841722,-0.0437629425417837
62.7,-0.18663309514651721,-0.1547197935341639,-0.03191330161235331
62.75,-0.18132158554403063,-0.1692006597941494,-0.012120925749881245
62.800000000000004,-0.15344927560988889,-0.1599655186663595,0.006516243056470611
62.85,-0.10575842758969026,-0.11969168666846002,0.013933259078769758
62.900000000000006,-0.04412165779796912,-0.051587113084863565,0.0074654552868944415
62.95,0.027213372667357478,0.03238025214450039,-0.005166879477142911
63.0,0.10550944113204831,0.11809357896607085,-0.01258413783402254
63.050000000000004,0.1843486266978468,0.19479566731492512,-0.010447040617078324
63.1,0.25000127627672736,0.2554783531494535,-0.005477076872726139
63.150000000000006,0.2855640390059494,0.2938767201716666,-0.008312681165717206
63.2,0.28110741211597395,0.3032204552550514,-0.02211304313907747
63.25,0.2408875042548433,0.2793982065330699,-0.038510702278226616
63.300000000000004,0.18040498189302576,0.22557633451402667,-0.045171352621000915
63.35,0.11562955574266166,0.15285313211327817,-0.037223576370616504
63.400000000000006,0.054366284202254644,0.0751767752225897,-0.020810491020335053
63.45,-0.0026582907058110227,0.0027835513881489865,-0.005441842093960009
63.5,-0.05362976949847158,-0.05976277129198735,0.006133001793515773
63.550000000000004,-0.09041889941392073,-0.10956440169820485,0.01914550228428412
63.6,-0.10293470130208189,-0.1405816975003975,0.037646996198315616
63.650000000000006,-0.08896935193176737,-0.14448669753890728,0.055517345607139904
63.7,-0.05878986715603387,-0.11782959973360678,0.05903973257757291
63.75,-0.02854722543677285,-0.06891469900816519,0.04036747357139234
63.800000000000004,-0.008149107432247556,-0.016722843470500924,0.008573736038253368
63.85,0.00458571782063625,0.01897612798742198,-0.01439041016678573
63.900000000000006,0.017733800501565967,0.028869202745506573,-0.011135402243940606
63.95,0.033599383041111125,0.017642074536051513,0.015957308505059612
64.0,0.0439211196641085,-0.0024147189926819494,0.046335838656790446
64.05,0.03729270931205606,-0.021292204780648492,0.058584914092704554
64.10000000000001,0.011389588919902528,-0.03603534416089978,0.047424933080802305
64.15,-0.022687572354695765,-0.04786236289997525,0.025174790545279487
64.2,-0.048847698149574806,-0.05684911221091003,0.008001414061335227
64.25,-0.059180342079730754,-0.06087110730118285,0.0016907652214520966
64.3,-0.05903695434052336,-0.059537937488233404,0.0005009831477100421
64.35000000000001,-0.059421646592267625,-0.05726301538004636,-0.0021586312122212625
64.4,-0.06475838711168497,-0.059913075732458396,-0.004845311379226572
64.45,-0.06824717694050504,-0.06681862035112712,-0.001428556589377919
64.5,-0.058766024478414405,-0.06656508089435424,0.007799056415939837
64.55,-0.031597049009248424,-0.043200481899430265,0.011603432890181842
64.60000000000001,0.007748203746261392,0.010114564851675825,-0.0023663611054144332
64.65,0.049180156275249895,0.08141616920988864,-0.03223601293463875
64.7,0.0857828866533327,0.14404457445749366,-0.058261687804160966
64.75,0.11526285289449106,0.17316765118656655,-0.05790479829207548
64.8,0.1350681679075767,0.16222987740701164,-0.027161709499434944
64.85000000000001,0.13895510969950337,0.12610984384127916,0.012845265858224209
64.9,0.12089968868037328,0.08849875787552508,0.032400930804848196
64.95,0.08278152023418213,0.06391436967032106,0.018867150563861068
65.0,0.036316353808588706,0.04867060575265536,-0.012354251944066655
65.05,-0.005088296746584777,0.02703738201668324,-0.032125678763268016
65.10000000000001,-0.037465866375338844,-0.01375283541224332,-0.023713030963095523
65.15,-0.06844047913840742,-0.07225887848732794,0.0038183993489205176
65.2,-0.1066556484363567,-0.13341461663947765,0.026758968203120945
65.25,-0.1484393434149462,-0.17874172341109015,0.030302379996143963
65.3,-0.17617287586046418,-0.1971558391482037,0.02098296328773952
65.35000000000001,-0.17211655871152434,-0.18883092618122033,0.016714367469695984
65.4,-0.13546496568710148,-0.16155302856698062,0.026088062879879137
65.45,-0.0856762896862298,-0.12459127566764373,0.038914985981413935
65.5,-0.047552182872913004,-0.0851516408625115,0.03759945798959849
65.55,-0.03145950312696294,-0.048467389132345454,0.017007886005382514
65.60000000000001,-0.027414345152801667,-0.019113594806134292,-0.008300750346667374
65.65,-0.018494489717256857,-0.001068649646016635,-0.017425840071240224
65.7,3.530887592804202e-06,0.0036438902112784846,-0.0036403593236856804
65.75,0.014993105646460557,-0.00384627671083999,0.018839382357300545
65.8,0.009326027864547047,-0.019444717976655042,0.028770745841202088
65.85000000000001,-0.01900316628838953,-0.037444628667628745,0.018441462379239215
65.9,-0.05184336460168866,-0.05209468272793624,0.0002513181262475822
65.95,-0.0658646596706116,-0.05891034962184264,-0.006954310048768959
66.0,-0.053497916877688345,-0.05586020658355423,0.002362289705865883
66.05,-0.029723525677415524,-0.04430549896843906,0.014581973291023533
66.10000000000001,-0.018205790874955684,-0.02887772791889554,0.010671937043939855
66.15,-0.029988140687353716,-0.015586198306044782,-0.014401942381308933
66.2,-0.0545097416567594,-0.0087431104081833,-0.0457666312485761
66.25,-0.07025666547892617,-0.00861375639142019,-0.061642909087505984
66.3,-0.06378025738268052,-0.01151473141728399,-0.05226552596539653
66.35000000000001,-0.039190346917050575,-0.012268079870175887,-0.026922267046874688
66.4,-0.010928622552491921,-0.0070745485407584015,-0.0038540740117335194
66.45,0.011085996816395317,0.005251908473722417,0.0058340883426729
66.5,0.029042900023560775,0.024056304478696246,0.004986595544864528
66.55,0.05166179814361609,0.04817813420973856,0.0034836639338775358
66.60000000000001,0.0828526522435707,0.07621023255882808,0.00664241968474262
66.65,0.11620209369268826,0.10549617377885996,0.010705919913828299
66.7,0.13931100929461857,0.13118273713798304,0.00812827215663553
66.75,0.1421103822688161,0.14667919229994203,-0.004568810031125942
66.8,0.12132448838868493,0.14556199573891093,-0.024237507350226006
66.85000000000001,0.07955456360339896,0.12378599125989656,-0.044231427656497596
66.9,0.023413617556968518,0.08117703307849992,-0.05776341552153141
66.95,-0.03609794757452677,0.022175466610517443,-0.05827341418504421
67.0,-0.08355826595752247,-0.04373780417351294,-0.03982046178400953
67.05,-0.10393641430370161,-0.102264492461183,-0.0016719218425186172
67.10000000000001,-0.09130823172572727,-0.13651018147979527,0.045201949754067994
67.15,-0.053854975431602475,-0.13214664731081344,0.07829167187921096
67.2,-0.008550093913309936,-0.08419980924313711,0.07564971532982717
67.25,0.0315307722916793,-0.0017193063249483689,0.03325007861662767
67.3,0.06586053297633734,0.093523589041171,-0.027663056064833658
67.35000000000001,0.1022467257610591,0.17504695145126564,-0.07280022569020654
67.4,0.1434716960841409,0.22264942085414519,-0.07917772477000429
67.45,0.17858266227812358,0.23022025275130328,-0.0516375904731797
67.5,0.1890551497299168,0.20593047651893884,-0.016875326789022038
67.55,0.1652688170294374,0.1652351871836618,3.362984577559569e-05
67.60000000000001,0.11738079093757539,0.12164792149464691,-0.004267130557071522
67.65,0.0689235151654372,0.08118220272883114,-0.012258687563393947
67.7,0.03795546795514637,0.04316499007751874,-0.00520952212237237
67.75,0.02312519313696165,0.0053546412951395615,0.017770551841822087
67.8,0.0077001333938253305,-0.03147137700090821,0.039171510394733544
67.85000000000001,-0.022660390269286897,-0.06316295254041214,0.04050256227112524
67.9,-0.06574677362929168,-0.08589316005828652,0.020146386428994842
67.95,-0.1055221908656361,-0.10024855349038875,-0.005273637375247359
68.0,-0.12793612004673777,-0.11172863710067511,-0.016207482946062654
68.05,-0.13331548014082248,-0.12667341553787667,-0.0066420646029458075
68.10000000000001,-0.13311636378396577,-0.14654125925532088,0.013424895471355114
68.15,-0.13533711881851992,-0.16511580102522788,0.029778682206707957
68.2,-0.1344937432970625,-0.17124575428956684,0.03675201099250433
68.25,-0.11697216740132332,-0.15560154389216022,0.03862937649083689
68.3,-0.07635710052767948,-0.11687097241387859,0.04051387188619911
68.35000000000001,-0.022863508493189213,-0.06319143109801746,0.040327922604828245
68.4,0.02307275125022137,-0.008080947200443176,0.031153698450664548
68.45,0.04699586489703313,0.036078547516789274,0.010917317380243853
68.5,0.05077639547450402,0.0627266677296141,-0.011950272255110084
68.55,0.04774798922337524,0.07171215728501502,-0.023964168061639785
68.60000000000001,0.048530086841638106,0.06680312587865664,-0.018273039037018532
68.65,0.051952679624481135,0.0529300381915592,-0.0009773585670780627
68.7,0.049171816378944654,0.0350915558949894,0.014080260483955255
68.75,0.035236307617144344,0.018575005031126326,0.016661302586018018
68.8,0.015516696170804183,0.008789457943574403,0.00672723822722978
68.85000000000001,0.000909873216712382,0.009728811888311388,-0.008818938671599006
68.9,-0.002190108071932391,0.021901083095660343,-0.024091191167592733
68.95,0.0035477579068903657,0.04151790727814171,-0.037970149371251344
69.0,0.011105415914799513,0.06188197505142961,-0.050776559136630095
69.05,0.01674292688144344,0.07615509606015554,-0.0594121691787121
69.10000000000001,0.021953626242867178,0.07976995904196886,-0.057816332799101686
69.15,0.028664632535547203,0.07142050333193885,-0.04275587079639165
69.2,0.034711614501428824,0.05292369670793118,-0.018212082206502354
69.25,0.03590921410623917,0.02879828371109604,0.0071109303951431314
69.3,0.03246151434680963,0.0057138391831650995,0.026747675163644534
69.35000000000001,0.03122371776470817,-0.00892019444143978,0.04014391220614795
69.4,0.03925110985396845,-0.0097005110018174,0.04895162085578585
69.45,0.05437197062069199,0.003652984564123147,0.05071898605656884
69.5,0.06354181841470273,0.02495253200983201,0.03858928640487072
69.55,0.05285595493949245,0.04354994191159027,0.009306013027902182
69.60000000000001,0.020702678464220577,0.049073002683106055,-0.028370324218885478
69.65,-0.01911109515484869,0.03620824874264658,-0.05531934389749527
69.7,-0.04840671738888042,0.006759476347556388,-0.05516619373643681
69.75,-0.059767933117701566,-0.031793858484943927,-0.02797407463275764
69.8,-0.06094067773106564,-0.06967599933883652,0.00873532160777088
69.85000000000001,-0.06401819220069314,-0.09783257841980188,0.03381438621910873
69.9,-0.07039362366725448,-0.10949707222643018,0.039103448559175705
69.95,-0.0672649009659268,-0.10091308405375818,0.03364818308783138
70.0,-0.04022427133865072,-0.07227184121782324,0.03204756987917252
70.05,0.009910991336210703,-0.028837429370174635,0.03874842070638534
70.10000000000001,0.06288648625356263,0.019051751724799094,0.04383473452876354
70.15,0.09259236635191481,0.05835018498286238,0.03424218136905243
70.2,0.08658270722365952,0.07769452755755865,0.008888179666100865
70.25,0.054019885932379275,0.07172459484490351,-0.017704708912524236
70.3,0.01563183547394663,0.04293478850474111,-0.027302953030794483
70.35000000000001,-0.013999299006852046,9.89144591903389e-05,-0.014098213466042385
70.4,-0.03538992730338617,-0.0456497340602033,0.010259806756817126
70.45,-0.05766487656851685,-0.08488506636219968,0.027220189793682834
70.5,-0.08511291980141517,-0.11229647497395039,0.02718355517253522
70.55,-0.1108727598189785,-0.12691334203344268,0.01604058221446418
70.60000000000001,-0.1232758486869946,-0.1307480106933332,0.007472162006338601
70.65,-0.11729281829004576,-0.12689168811327187,0.009598869823226108
70.7,-0.09919595086733858,-0.11797173048026138,0.018775779612922802
70.75,-0.08041178219063579,-0.10553101620691105,0.025119234016275263
70.8,-0.06760451769225653,-0.09043636416325274,0.022831846470996203
70.85000000000001,-0.0589423817068905,-0.07386497433165302,0.014922592624762525
70.9,-0.049169924366239216,-0.057985128150330016,0.0088152037840908
70.95,-0.03699793881038275,-0.04557077466999319,0.00857283585961044
71.0,-0.026851012775029808,-0.03860423918815255,0.01175322641312274
71.05,-0.023838734302685242,-0.03688401386685224,0.013045279564167001
71.10000000000001,-0.02799933930883278,-0.03787142396213793,0.009872084653305153
71.15,-0.033927948661436426,-0.03810359015750825,0.004175641496071823
71.2,-0.035590371758059604,-0.0351419531240656,-0.00044841863399400217
71.25,-0.030809442800167553,-0.028457797093820035,-0.002351645706347518
71.3,-0.021111781533428964,-0.018530608133436807,-0.0025811733999921566
71.35000000000001,-0.008258051037320881,-0.005081408504771742,-0.0031766425325491397
71.4,0.00785270922313165,0.013710741659311134,-0.005858032436179484
71.45,0.02762953137944177,0.03990866802460543,-0.012279136645163662
71.5,0.04914413673800688,0.0732139879793893,-0.024069851241382417
71.55,0.06826128222501114,0.10922072534155126,-0.04095944311654012
71.60000000000001,0.0817390766993003,0.1402779437976971,-0.058538867098396785
71.65,0.08947130800596496,0.15876193406711975,-0.06929062606115478
71.7,0.0928082681770625,0.1606563466200478,-0.0678480784429853
71.75,0.09083029705177713,0.14705957429867297,-0.056229277246895845
71.8,0.07964914069783613,0.1227978131793354,-0.04314867248149927
71.85000000000001,0.05691747290310686,0.09343442119598641,-0.036516948292879554
71.9,0.02739046216695986,0.06296300319978362,-0.035572541032823764
71.95,0.0028240662371866667,0.03366144582848906,-0.030837379591302394
72.0,-0.00556032719072975,0.007721957464964986,-0.013282284655694736
72.05,0.004112371450038884,-0.011148000120485568,0.015260371570524452
72.10000000000001,0.02284390572505822,-0.017900225369623907,0.040744131094682126
72.15,0.03863039361746977,-0.008436543241847599,0.04706693685931737
72.2,0.046545796939638694,0.017316419735259186,0.029229377204379507
72.25,0.051314733018415715,0.05364178514722055,-0.002327052128804838
72.3,0.05993790368768063,0.09002988045352925,-0.03009197676584862
72.35000000000001,0.07199662826644188,0.11479230271372105,-0.04279567444727918
72.4,0.07782695113749581,0.11959873056100137,-0.04177177942350556
72.45,0.06695053130186786,0.10268043497812468,-0.03572990367625682
72.5,0.038708809654263175,0.06917393466224016,-0.030465125007976983
72.55,0.004537762717482774,0.028625348079543658,-0.024087585362060883
72.60000000000001,-0.020653148707273878,-0.008900595278003716,-0.011752553429270162
72.65,-0.03000675404208854,-0.03617491907642665,0.0061681650343381085
72.7,-0.02858255965301928,-0.05031228023621592,0.02172972058319664
72.75,-0.026666325476715796,-0.05232140720951164,0.02565508173279584
72.8,-0.029623356192914705,-0.045542754039293844,0.01591939784637914
72.85000000000001,-0.03389197072573755,-0.03401845044671033,0.00012647972097278026
72.9,-0.03190086670433555,-0.02138871204814957,-0.01051215465618598
72.95,-0.020035162408420133,-0.010328775554601988,-0.009706386853818146
73.0,-0.001843483238987007,-0.002283594967944888,0.00044011172895788123
73.05,0.015535105674206875,0.0026290102424536615,0.012906095431753212
73.10000000000001,0.027054803364417308,0.005474841592942696,0.02157996177147461
73.15,0.03207768243783057,0.008026844169331398,0.02405083826849917
73.2,0.03262585904826831,0.012031801269856273,0.020594057778412042
73.25,0.031094001849051894,0.01846609853696967,0.012627903312082224
73.3,0.030017520683329406,0.027049852501490123,0.002967668181839283
73.35000000000001,0.03247939048754836,0.036188676246640024,-0.003709285759091664
73.4,0.04035429492190889,0.04339010543843522,-0.0030358105165263286
73.45,0.05095767388268291,0.04608400979795648,0.004873664084726427
73.5,0.056475449140686085,0.042615205609269395,0.01386024353141669
73.55,0.04914970671461639,0.03299580129892577,0.016153905415690617
73.60000000000001,0.028863906159267108,0.01897440596171306,0.009889500197554048
73.65,0.005397209002852827,0.003263250522125307,0.0021339584807275203
73.7,-0.008731616459329484,-0.011723291739647425,0.0029916752803179417
73.75,-0.009567110938281255,-0.02489306440254498,0.015325953464263724
73.8,-0.006348993197318174,-0.03666043906480878,0.030311445867490606
73.85000000000001,-0.013767728191881542,-0.048274124899838185,0.034506396707956646
73.9,-0.03805720487850722,-0.06085889738395658,0.022801692505449354
73.95,-0.07009341380151837,-0.0748283481771337,0.004734934375615327
74.0,-0.09282086237458644,-0.08986020692392858,-0.002960655450657851
74.05,-0.09654893858740168,-0.10508503212722012,0.008536093539818435
74.10000000000001,-0.0874930238728754,-0.11907610573700499,0.031583081864129586
74.15,-0.08106434435975338,-0.12970341084511097,0.048639066485357596
74.2,-0.08632887073233354,-0.1343916651453207,0.04806279441298715
74.25,-0.09699616172932743,-0.13118517240429264,0.034189010674965215
74.3,-0.09802588502340352,-0.12023706772345125,0.022211182700047724
74.35000000000001,-0.08140420266205373,-0.10459649692360455,0.023192294261550825
74.4,-0.05533688939611597,-0.08928707518511685,0.03395018578900088
74.45,-0.03748573024941847,-0.07879543319098703,0.04130970294156856
74.5,-0.038655294611101926,-0.07441777316012756,0.03576247854902563
74.55,-0.052734582871458595,-0.07330508954260165,0.020570506671143053
74.60000000000001,-0.062389667768286236,-0.07002213566789318,0.007632467899606948
74.65,-0.05452560366738008,-0.05967375097672801,0.005148147309347928
74.7,-0.030499680779770347,-0.040520014186008764,0.010020333406238417
74.75,-0.002208146175196446,-0.01443219181882599,0.012224045643629545
74.8,0.02035490714550143,0.014778418876272103,0.005576488269229326
74.85000000000001,0.03667424924700341,0.04355052046724648,-0.00687627122024307
74.9,0.05148879274882046,0.0694946192726437,-0.018005826523823244
74.95,0.06506348305790166,0.09061225130540435,-0.025548768247502684
75.0,0.0699771450779675,0.10408035322776449,-0.03410320814979699
75.05,0.05872617519806428,0.10638837621204571,-0.04766220101398143
75.10000000000001,0.03387315973699554,0.09539829562206571,-0.06152513588507017
75.15,0.00886231959125921,0.07292394822972942,-0.0640616286384702
75.2,-0.0028077972399304266,0.045462291588376315,-0.04827008882830674
75.25,0.0003579474612125297,0.021794841276494174,-0.021436893815281643
75.3,0.007127310279034435,0.00861856150202178,-0.0014912512229873455
75.35000000000001,0.005503086323946992,0.007172258134738329,-0.0016691718107913365
75.4,-0.004467825335939378,0.0133485517423827,-0.01781637707832208
75.45,-0.010216550930967136,0.021209300665802983,-0.03142585159677012
75.5,0.0005989745721602952,0.02717740544385219,-0.026578430871691892
75.55,0.02673737990732234,0.03168997452931822,-0.004952594621995876
75.60000000000001,0.05290345062556192,0.0372592505031682,0.015644200122393717
75.65,0.06287825747010807,0.04491867541596994,0.017959582054138133
75.7,0.05347664845000538,0.05233788998848649,0.0011387584615188892
75.75,0.03598109462195226,0.05532650621196161,-0.019345411590009354
75.8,0.02439195525897913,0.051378112186414346,-0.026986156927435216
75.85000000000001,0.02270216889049538,0.04205108027250092,-0.01934891138200554
75.9,0.023513372408493126,0.03199572743527652,-0.008482355026783392
75.95,0.018089657657869275,0.02540577228099064,-0.007316114623121366
76.0,0.006386876939876594,0.022927699651396204,-0.01654082271151961
76.05,-0.003475876266058211,0.021601290914162564,-0.025077167180220773
76.10000000000001,-0.004958104209613453,0.017703221530896644,-0.022661325740510097
76.15,-0.000803732245992114,0.009903285461676908,-0.010707017707669022
76.2,-9.142965449280215e-06,9.374934176303576e-05,-0.00010289230721231597
76.25,-0.007375631028039131,-0.008490796757169296,0.0011151657291301655
76.3,-0.01737023767142927,-0.013874208023066957,-0.003496029648362313
76.35000000000001,-0.01960510040890331,-0.01633140959774524,-0.0032736908111580705
76.4,-0.010575593718657732,-0.017246445250591852,0.00667085153193412
76.45,0.0010634795734246053,-0.017357985426001938,0.018421464999426544
76.5,0.0022517875767182546,-0.01624117227526444,0.018492959851982696
76.55,-0.010772438083816052,-0.013334369015231586,0.0025619309314155337
76.60000000000001,-0.02683932656838546,-0.009109698243373847,-0.017729628325011612
76.65,-0.028913587734009056,-0.00486611581855331,-0.024047471915455747
76.7,-0.009844790764942863,-0.001162680390698927,-0.008682110374243936
76.75,0.02033620370821592,0.0035071951282946664,0.016829008579921253
76.80000000000001,0.04289827784840564,0.012198782736427816,0.030699495111977827
76.85000000000001,0.046813092707748395,0.027166892155341533,0.019646200552406862
76.9,0.037657310085277444,0.04739339825409701,-0.009736088168819566
76.95,0.030989942582913925,0.06794252635617483,-0.036952583773260904
77.0,0.037067182658479005,0.08175852748183315,-0.04469134482335415
77.05000000000001,0.051537685994313846,0.08285131316722598,-0.03131362717291213
77.10000000000001,0.06029100847981234,0.0691112567434299,-0.008820248263617554
77.15,0.05289008547763623,0.04347032535508589,0.009419760122550344
77.2,0.031571255830052734,0.013045453413930132,0.018525802416122603
77.25,0.00818758276591006,-0.013416556520321293,0.021604139286231352
77.30000000000001,-0.006626560417131351,-0.029015983189847862,0.02238942277271651
77.35000000000001,-0.011357114477451665,-0.03180841423270795,0.020451299755256287
77.4,-0.012307430658632504,-0.025906823620743646,0.013599392962111143
77.45,-0.016347465937755178,-0.019486678342736277,0.0031392124049810996
77.5,-0.02558691893669669,-0.02031077298968779,-0.005276145947008898
77.55000000000001,-0.03788046780481302,-0.03127658424758495,-0.006603883557228074
77.60000000000001,-0.05016631995599879,-0.04887420867579349,-0.001292111280205295
77.65,-0.05969101566485929,-0.06558447542125372,0.005893459756394423
77.7,-0.06255643948888497,-0.07439720800795699,0.011840768519072023
77.75,-0.053630305970674766,-0.07217904604301284,0.018548740072338074
77.80000000000001,-0.030601968845772112,-0.059892723097897484,0.02929075425212537
77.85000000000001,0.0009578449164457754,-0.0405136488817354,0.04147149379818117
77.9,0.027988956275238643,-0.017236409856491983,0.04522536613173063
77.95,0.03800671295550196,0.006404540730189818,0.03160217222531214
78.0,0.028857290561999472,0.02546833711655041,0.003388953445449063
78.05000000000001,0.010873521173529454,0.0340041740881825,-0.02313065291465305
78.10000000000001,-0.0016865847944039745,0.027954749636081182,-0.029641334430485156
78.15,-0.002714932376742585,0.008694548143665456,-0.011409480520408041
78.2,0.0014150752469936593,-0.016118783128509222,0.01753385837550288
78.25,-0.0004698311451473263,-0.035942676647831295,0.03547284550268397
78.30000000000001,-0.012056511431258287,-0.043008842346333745,0.03095233091507546
78.35000000000001,-0.02485830822701303,-0.03622022663022778,0.011361918403214752
78.4,-0.026101108345479632,-0.020706203360574323,-0.005394904984905309
78.45,-0.011728719495150095,-0.004021290896467272,-0.007707428598682823
78.5,0.00827147360024987,0.007684330378419288,0.0005871432218305826
78.55000000000001,0.017797952527141864,0.011078189051690604,0.00671976347545126
78.60000000000001,0.00855558369616352,0.005039707558324374,0.0035158761378391457
78.65,-0.013143731829212961,-0.009876634388717623,-0.003267097440495338
78.7,-0.032914041831165836,-0.03091092101122339,-0.0020031208199424444
78.75,-0.04155166386716949,-0.05282061518301779,0.011268951315848298
78.80000000000001,-0.0422359681089089,-0.06973102796809061,0.027495059859181707
78.85000000000001,-0.04525213609120038,-0.07873860221274588,0.0334864661215455
78.9,-0.056166658466308285,-0.08214955633365097,0.02598289786734268
78.95,-0.06948068990123472,-0.08537497031258794,0.015894280411353212
79.0,-0.07384697844507557,-0.09121040398093548,0.017363425535859914
79.05000000000001,-0.0632084773022193,-0.09526406872129149,0.03205559141907219
79.10000000000001,-0.04248861826138107,-0.08739004481808951,0.044901426556708444
79.15,-0.022257133712908057,-0.059220080126495024,0.03696294641358697
79.2,-0.008050871999343024,-0.01215679973359867,0.004105927734255646
79.25,0.004617364097838115,0.04112005044588767,-0.036502686348049554
79.30000000000001,0.024358181148598317,0.08372229221147277,-0.05936411106287445
79.35000000000001,0.052998002941757175,0.1051466242840765,-0.05214862134231933
79.4,0.08081428376113506,0.10718130236773453,-0.02636701860659947
79.45,0.09326588752679257,0.10066097158296478,-0.007395084056172202
79.5,0.08337887387957489,0.0960886194564685,-0.01270974557689361
79.55000000000001,0.058258542133555934,0.09590365286461534,-0.03764511073105941
79.60000000000001,0.03350663522590512,0.09426136003775826,-0.060754724811853136
79.65,0.020528086834143602,0.08359274023159931,-0.0630646533974557
79.7,0.01819021634871498,0.061838346113180835,-0.04364812976446586
79.75,0.01607537287490685,0.03448592926398525,-0.0184105563890784
79.80000000000001,0.005799508559230943,0.010548316438567415,-0.004748807879336472
79.85000000000001,-0.010348927130107013,-0.0034347368013404812,-0.006914190328766532
79.9,-0.021361252223296278,-0.006535339073008219,-0.01482591315028806
79.95,-0.01799773542283644,-0.0022167541947477063,-0.015780981228088735
80.0,-0.001957198362316989,0.004973987004542723,-0.006931185366859712
