x,yobs,ycalc,ydiff
0.05,-9.064661374875583e-12,-0.04986033396575121,0.04986033395668655
0.1,-2.0569469143132828e-10,-0.0655738532852625,0.0655738530795678
0.15000000000000002,-1.1911565856477138e-08,-0.049686012090516755,0.0496860001789509
0.2,-1.4734291254912968e-07,-0.038793156492971305,0.03879300915005875
0.25,-3.7486595492253525e-07,-0.06438078768036876,0.06438041281441384
0.30000000000000004,3.898497966746902e-06,-0.11882922346283267,0.11883312196079943
0.35000000000000003,3.720949934065638e-05,-0.1631357599821932,0.16317296948153387
0.4,0.0001553067635648058,-0.1686009845351741,0.16875629129873893
0.45,0.00037392725070078037,-0.14813692678704446,0.14851085403774525
0.5,0.00041570601862825774,-0.14320374474907777,0.14361945076770602
0.55,-0.0006147899211681303,-0.17944823256958628,0.17883344264841816
0.6000000000000001,-0.004060580662981976,-0.238240360709129,0.234179780046147
0.65,-0.010285013096985133,-0.2755097923168522,0.26522477921986704
0.7000000000000001,-0.016123913007675517,-0.26908444078014326,0.25296052777246775
0.75,-0.013381823386546435,-0.24404785578835383,0.23066603240180739
0.8,0.00809174418411344,-0.2473705630705263,0.25546230725463975
0.8500000000000001,0.05127886672190496,-0.29704651394063547,0.34832538066254043
0.9,0.10148938018497874,-0.3602751945124618,0.4617645746974406
0.9500000000000001,0.1250221339333869,-0.3866935735804383,0.5117157075138252
1.0,0.08566220342838972,-0.3637609118523657,0.4494231152807554
1.05,-0.02542062959843749,-0.33427590153690256,0.30885527193846507
1.1,-0.1676740841241737,-0.35280290419059296,0.18512882006641926
1.1500000000000001,-0.26266542697565076,-0.4237967872380099,0.16113136026235914
1.2000000000000002,-0.2448313417921472,-0.4898211131457626,0.2449897713536154
1.25,-0.12167418908499117,-0.49069964141443395,0.3690254523294428
1.3,0.008691150608700597,-0.43671473940562267,0.44540589001432324
1.35,0.01571952497009893,-0.4120893757738147,0.42780890074391364
1.4000000000000001,-0.15480195281131248,-0.4863597076663786,0.3315577548550661
1.4500000000000002,-0.4024183673097696,-0.609732716486096,0.20731434917632635
1.5,-0.5047978173961525,-0.6061145748998008,0.10131675750364832
1.55,-0.2681782072878977,-0.30367738523570914,0.03549917794781143
1.6,0.29985659453057645,0.2879497151967925,0.011906879333783926
1.6500000000000001,0.9357738363117338,0.913198752289481,0.022575084022252834
1.7000000000000002,1.2584151499061067,1.2076977512319085,0.05071739867419822
1.75,1.0306375633082283,0.9609039455602637,0.0697336177479646
1.8,0.3598645233587338,0.30541583279389095,0.05444869056484286
1.85,-0.32939231320620305,-0.33248368434602815,0.0030913711398251054
1.9000000000000001,-0.5617317538779951,-0.5100057061940663,-0.051726047683928855
1.9500000000000002,-0.141270630603315,-0.07920203575675268,-0.06206859484656231
2.0,0.694732981260829,0.6993557845581445,-0.004622803297315459
2.0500000000000003,1.4228436221986176,1.329493044565796,0.09335057763282162
2.1,1.5839470885734939,1.4136184712981472,0.17032861727534665
2.15,1.08531417234391,0.9052972738938684,0.18001689845004154
2.2,0.23779267086025258,0.10628576874815789,0.1315069021120947
2.25,-0.4871220550685209,-0.5694959051022457,0.08237385003372477
2.3000000000000003,-0.7867024390762984,-0.8751722282400896,0.08846978916379111
2.35,-0.6965860100005166,-0.8509621954905616,0.15437618549004506
2.4000000000000004,-0.493982334871943,-0.7229887049874,0.229006370115457
2.45,-0.4406773147781445,-0.6909762520545063,0.2502989372763618
2.5,-0.5843949357611576,-0.7831905823718415,0.19879564661068383
2.5500000000000003,-0.765896179862421,-0.8787308098953621,0.11283463003294114
2.6,-0.796285217223998,-0.8499597702007888,0.0536745529767908
2.6500000000000004,-0.6336569611885225,-0.6869777472120372,0.053320786023514644
2.7,-0.40892952139171157,-0.4997560758536674,0.09082655446195581
2.75,-0.2964710407218964,-0.41129775767551396,0.11482671695361757
2.8000000000000003,-0.3605133499672838,-0.44943940959844797,0.08892605963116418
2.85,-0.5166332123810781,-0.5361986917879606,0.01956547940688258
2.9000000000000004,-0.6313267529025676,-0.5767954053995464,-0.05453134750302113
2.95,-0.6546568137756501,-0.5573357650056779,-0.09732104876997216
3.0,-0.6579390926154978,-0.5554928816131417,-0.10244621100235607
3.0500000000000003,-0.7460738051522723,-0.6546054316518602,-0.09146837350041204
3.1,-0.9365372820467257,-0.8469120049616857,-0.08962527708503998
3.1500000000000004,-1.1280434392649694,-1.0253123267148356,-0.10273111255013379
3.2,-1.1928646435877484,-1.079155094501439,-0.11370954908630937
3.25,-1.1027466263306356,-1.0045561987914198,-0.09819042753921581
3.3000000000000003,-0.9587596397017373,-0.9148773078118663,-0.04388233188987101
3.35,-0.8826002354533037,-0.9238846738517861,0.04128443839848239
3.4000000000000004,-0.8639106284147031,-0.9997209010422209,0.13581027262751777
3.45,-0.7164922234738866,-0.9349378345736121,0.2184456110997255
3.5,-0.21304315672295426,-0.4915167627908679,0.27847360606791366
3.5500000000000003,0.6920747481040044,0.37558417238944325,0.31649057571456113
3.6,1.7393500892129177,1.4022542434260936,0.33709584578682406
3.6500000000000004,2.467542517862438,2.1274281448897487,0.3401143729726894
3.7,2.4948841756610176,2.1771965321377187,0.3176876435232989
3.75,1.7787763957446459,1.5182864352173024,0.2604899605273434
3.8000000000000003,0.6585441616427141,0.4892849529070293,0.16925920873568484
3.85,-0.35447189250102434,-0.41667843879113187,0.06220654629010752
3.9000000000000004,-0.8867238321090573,-0.8566452237551311,-0.030078608353926173
3.95,-0.8922692528820957,-0.8106329646655978,-0.08163628821649793
4.0,-0.6056046426787315,-0.5170397485844834,-0.08856489409424806
4.05,-0.3237641774215784,-0.25138852416692203,-0.07237565325465639
4.1000000000000005,-0.19882561773247714,-0.1344477537939958,-0.06437786393848136
4.15,-0.18572301660701387,-0.10383255505753809,-0.08189046154947578
4.2,-0.1486379466286939,-0.03337782117061947,-0.11526012545807443
4.25,-0.007819790873852976,0.12903809816456058,-0.13685788903841356
4.3,0.1985152555306071,0.32350327724977523,-0.12498802171916815
4.3500000000000005,0.36765376514001774,0.4503850497115327,-0.08273128457151496
4.4,0.4299153678127339,0.4658739887054599,-0.035958620892726
4.45,0.3970680637071533,0.4097251042414486,-0.012657040534295283
4.5,0.3310720472907392,0.352486319065988,-0.021414271775248794
4.55,0.2795772298854004,0.3262448772190784,-0.04666764733367801
4.6000000000000005,0.2442230480280899,0.3073313892420039,-0.06310834121391404
4.65,0.2021953990483377,0.2578939511843909,-0.05569855213605321
4.7,0.14514618013812083,0.17406845921664688,-0.028922279078526042
4.75,0.08930378251334041,0.08934574863408051,-4.1966120740102864e-05
4.800000000000001,0.050118764428474655,0.0348396787811133,0.015279085647361357
4.8500000000000005,0.01684293762226538,0.0042288664257391145,0.012614071196526265
4.9,-0.038523110646834,-0.03681982343818833,-0.001703287208645675
4.95,-0.12435188930689356,-0.10711628258684586,-0.017235606720047703
5.0,-0.2057951869931369,-0.18026488418233647,-0.02553030281080043
5.050000000000001,-0.22545797648917892,-0.20254132005588893,-0.022916656433289995
5.1000000000000005,-0.15349289303297706,-0.1419499651899018,-0.011542927843075257
5.15,-0.018717192223866995,-0.0190216434164937,0.0003044511926267035
5.2,0.11254383577426057,0.11196896843272092,0.0005748673415396505
5.25,0.1927608010057425,0.2125627771277096,-0.019801976121967102
5.300000000000001,0.23196888737542054,0.29112970225632223,-0.05916081488090169
5.3500000000000005,0.28192046166431983,0.3856673359442582,-0.1037468742799384
5.4,0.38074728572438477,0.5174553877447232,-0.13670810202033845
5.45,0.5109521765562365,0.6625378561922866,-0.15158567963605007
5.5,0.6100107834729339,0.7678613414619809,-0.157850557989047
5.550000000000001,0.6220386586078268,0.793154834215894,-0.17111617560806713
5.6000000000000005,0.5409922658438682,0.7358725294619817,-0.1948802636181135
5.65,0.4069744885126293,0.6179102694639742,-0.2109357809513449
5.7,0.26456208319016455,0.4550009244416935,-0.19043884125152893
5.75,0.1278984314651697,0.24732839488890745,-0.11942996342373777
5.800000000000001,-0.012934174850505695,0.0043853519737190386,-0.017319526824224732
5.8500000000000005,-0.15389466155002643,-0.22410691784155046,0.07021225629152403
5.9,-0.250003959103056,-0.3517357315722774,0.10173177246922138
5.95,-0.23176788185534244,-0.3024803243783592,0.07071244252301676
6.0,-0.0551191736910029,-0.06600111235394852,0.010881938662945623
6.050000000000001,0.2573166499065321,0.28648251046199735,-0.029165860555465273
6.1000000000000005,0.6182547130757916,0.6401710458069564,-0.021916332731164778
6.15,0.9181331077681932,0.896518176391162,0.021614931377031188
6.2,1.0742034613511278,1.0080697752373116,0.0661336861138162
6.25,1.0548986059407972,0.9705428130099262,0.08435579293087103
6.300000000000001,0.874878728705994,0.7957836748931258,0.07909505381286819
6.3500000000000005,0.5779330284371579,0.5009708523796068,0.07696217605755107
6.4,0.2231196519426537,0.12232791360097602,0.10079173834167769
6.45,-0.12626942999502833,-0.27236284083806184,0.1460934108430335
6.5,-0.4183076563756153,-0.6007234851949153,0.18241582881929996
6.550000000000001,-0.6298144165583488,-0.8080290833186584,0.17821466676030961
6.6000000000000005,-0.7706118511067822,-0.8982092567023966,0.1275974055956144
6.65,-0.8651697441344449,-0.9215754883068054,0.05640574417236044
6.7,-0.9239147141351102,-0.9271555306522442,0.0032408165171340375
6.75,-0.9312753307853807,-0.9230174266029759,-0.008257904182404796
6.800000000000001,-0.8652344453526302,-0.8814203370131487,0.016185891660518537
6.8500000000000005,-0.7316058679193215,-0.7814021467193508,0.04979627880002935
6.9,-0.5768768058006117,-0.6432732357812142,0.06639642998060247
6.95,-0.45961511589450704,-0.5169088751190379,0.057293759224530894
7.0,-0.4007020709388813,-0.4330273314312244,0.03232526049234308
7.050000000000001,-0.35856481932607026,-0.36702183274423905,0.00845701341816879
7.1000000000000005,-0.2587729905995593,-0.25664542544887986,-0.002127565150679467
7.15,-0.059535942264531086,-0.06365387638163408,0.004117934117102998
7.2,0.20086387144218845,0.1756329376622881,0.02523093377990035
7.25,0.4173950608345615,0.3602503815390372,0.0571446792955243
7.300000000000001,0.48510756471220146,0.39154908888945716,0.09355847582274429
7.3500000000000005,0.3677128059360057,0.24271896806029777,0.12499383787570792
7.4,0.11627158176790119,-0.025491590254228043,0.14176317202212924
7.45,-0.17071844297169037,-0.3113435334246756,0.1406250904529852
7.5,-0.4084731256062536,-0.5372689197266476,0.128795794120394
7.550000000000001,-0.561213063391564,-0.6805703262591357,0.11935726286757176
7.6000000000000005,-0.6347092870072131,-0.7545830937368466,0.11987380672963355
7.65,-0.6472306380257598,-0.7710318084786949,0.12380117045293515
7.7,-0.6112560583077419,-0.724840645002955,0.1135845866952131
7.75,-0.5377646181666936,-0.6123447832762011,0.07458016510950749
7.800000000000001,-0.44805359701646985,-0.456761713382682,0.00870811636621216
7.8500000000000005,-0.37234032519408394,-0.3082576163335396,-0.06408270886054435
7.9,-0.3323502244535748,-0.21388186326246353,-0.11846836119111129
7.95,-0.32481368613556233,-0.1843846635000691,-0.14042902263549323
8.0,-0.32300227201598564,-0.18832082129794422,-0.1346814507180414
8.05,-0.2952462786591367,-0.17729270259768867,-0.11795357606144805
8.1,-0.2231496578635573,-0.11796293542802411,-0.1051867224355332
8.15,-0.10474847231861666,-0.004198851449663219,-0.10054962086895344
8.200000000000001,0.05499334797004144,0.15418299437660707,-0.09918964640656563
8.25,0.25148653371212565,0.3469662014488367,-0.09547966773671107
8.3,0.47598871196699305,0.5648568658969859,-0.08886815392999287
8.35,0.7056960147404978,0.788432435526858,-0.08273642078636023
8.4,0.903291523319362,0.9827089769791146,-0.07941745365975261
8.450000000000001,1.031759032972296,1.1093975164612682,-0.07763848348897207
8.5,1.0734197595549162,1.1481592702132617,-0.0747395106583455
8.55,1.0359440962551238,1.106171743652869,-0.07022764739774523
8.6,0.9399177769337109,1.006008518038981,-0.06609074110527013
8.65,0.8005711449227413,0.8642155509264331,-0.06364440600369181
8.700000000000001,0.6217256361221182,0.6828538073983638,-0.06112817127624559
8.75,0.40686708427047535,0.462364176346778,-0.055497092076302657
8.8,0.17383782781327936,0.22053608036586503,-0.04669825255258567
8.85,-0.044920871924666546,-0.00571954891849193,-0.03920132300617461
8.9,-0.2200870875760676,-0.18202561570320264,-0.03806147187286496
8.950000000000001,-0.34527748188904445,-0.30233120894834914,-0.04294627294069531
9.0,-0.43866420646833904,-0.3921079208504019,-0.04655628561793712
9.05,-0.5219862684048219,-0.48202011360143293,-0.03996615480338894
9.1,-0.5942064401938688,-0.5738769915004877,-0.020329448693381158
9.15,-0.6238101809187947,-0.6301942874865082,0.006384106567713488
9.200000000000001,-0.5686456387240293,-0.5988604819816542,0.030214843257624913
9.25,-0.4086092141973887,-0.453351713378706,0.044742499181317286
9.3,-0.16541749428649297,-0.21555616381853443,0.05013866953204146
9.35,0.10545238981997249,0.05563033640247033,0.049822053417502156
9.4,0.34304384640760416,0.2972185417714681,0.045825304636136044
9.450000000000001,0.5073098885905516,0.4684095049653246,0.03890038362522702
9.5,0.5863347190306759,0.5533255967547501,0.033009122275925784
9.55,0.5850837075178489,0.5476980333513848,0.0373856741664641
9.600000000000001,0.5107547220194409,0.44999632005741647,0.06075840196202448
9.65,0.3688724953436814,0.2677413314555573,0.1011311638881241
9.700000000000001,0.17096630730050594,0.029478133451976054,0.14148817384852988
9.75,-0.05751450195974515,-0.21585544251606847,0.15834094055632333
9.8,-0.28035740721253916,-0.4184443229638401,0.13808691575130094
9.850000000000001,-0.4647966847570621,-0.5521115100078191,0.08731482525075701
9.9,-0.595355763624816,-0.6226622127614765,0.02730644913666047
9.950000000000001,-0.6752464419065345,-0.6525656897618771,-0.022680752144657368
10.0,-0.7140245056587167,-0.6561115055089365,-0.05791300014978018
10.05,-0.7126011930183911,-0.6276344365125264,-0.08496675650586472
10.100000000000001,-0.6593843858702227,-0.5523912973604822,-0.10699308850974054
10.15,-0.5415705669510308,-0.42782860937822365,-0.11374195757280714
10.200000000000001,-0.3618922307545161,-0.2734165999378971,-0.08847563081661902
10.25,-0.14568368075019927,-0.11895508624918477,-0.026728594501014502
10.3,0.06893984411514809,0.01740687968715723,0.05153296442799085
10.350000000000001,0.2505164927795722,0.14009409884068463,0.11042239393888759
10.4,0.387869689312567,0.26548530530165104,0.12238438401091595
10.450000000000001,0.488030332151608,0.40035830654881577,0.08767202560279225
10.5,0.5625589891039872,0.5306730755953991,0.03188591350858805
10.55,0.6158386251315926,0.6316921082346412,-0.01585348310304857
10.600000000000001,0.6450824485281208,0.6891606104947396,-0.044078161966618845
10.65,0.6488487440541415,0.7098969583487215,-0.06104821429457996
10.700000000000001,0.6320612965097994,0.7103045390398001,-0.0782432425300007
10.75,0.6001919009894849,0.6937238256573565,-0.09353192466787152
10.8,0.5488225826742711,0.6403784977362601,-0.09155591506198901
10.850000000000001,0.4626835444638144,0.5234014089544817,-0.06071786449066735
10.9,0.33053480465558055,0.33941860029082194,-0.008883795635241387
10.950000000000001,0.16492546340129657,0.12574307586873124,0.03918238753256534
11.0,0.006460062044313816,-0.05496479518016258,0.0614248572244764
11.05,-0.09737326088925241,-0.15397998726402382,0.056606726374771404
11.100000000000001,-0.12563795418624854,-0.16899683762873416,0.04335888344248562
11.15,-0.10203972234353022,-0.14309657279071625,0.04105685044718603
11.200000000000001,-0.07990069348853078,-0.1310543956546869,0.051153702166156126
11.25,-0.10378570670449239,-0.16085070535928117,0.057064998654788784
11.3,-0.1784100365277349,-0.22082229764394054,0.042412261116205635
11.350000000000001,-0.269843966955153,-0.27926038997884683,0.009416423023693832
11.4,-0.3361743729479569,-0.3153382643442032,-0.020836108603753678
11.450000000000001,-0.3599313690916525,-0.333187014635296,-0.026744354456356534
11.5,-0.35539420033664326,-0.3498110589031037,-0.005583141433539551
11.55,-0.34871771001940405,-0.373128754421659,0.024411044402254944
11.600000000000001,-0.35336357750528846,-0.3940678528333277,0.04070427532803922
11.65,-0.3643757836602967,-0.3999759566986268,0.035600173038330074
11.700000000000001,-0.3731315977453928,-0.3932865615613871,0.020154963815994298
11.75,-0.3825452509762844,-0.39329798377562747,0.010752732799343079
11.8,-0.4034973882722498,-0.41635984298510326,0.012862454712853466
11.850000000000001,-0.43515830560266205,-0.45309948691150137,0.017941181308839316
11.9,-0.4514954750469911,-0.46661064154359955,0.015115166496608434
11.950000000000001,-0.4123532404965299,-0.41659397374314194,0.004240733246612061
12.0,-0.2930995549953425,-0.2894350691919597,-0.0036644858033828
12.05,-0.10663052757864583,-0.1078125438018556,0.001182016223209778
12.100000000000001,0.1032504301973598,0.08773007785487263,0.015520352342487165
12.15,0.29163244707929964,0.266976161338311,0.02465628574098866
12.200000000000001,0.43835133429219325,0.4219931386299226,0.016358195662270647
12.25,0.5474745423217388,0.5543332565807862,-0.006858714259047494
12.3,0.6243973696214072,0.6538234941457287,-0.029426124524321473
12.350000000000001,0.6562383917308688,0.69285785295196,-0.036619461221091165
12.4,0.6167400481279712,0.643503957080691,-0.02676390895271974
12.450000000000001,0.49124013838325176,0.5013755421074718,-0.01013540372422006
12.5,0.2966683847450796,0.2936851180256449,0.0029832667194347184
12.55,0.0765251095986793,0.06495467882441873,0.011570430774260565
12.600000000000001,-0.12432782376429517,-0.14481458559637858,0.02048676183208341
12.65,-0.28119177509935567,-0.3100712594134676,0.028879484314111914
12.700000000000001,-0.389312910858621,-0.41399065746814495,0.02467774660952393
12.75,-0.4475395284506732,-0.4413631517071058,-0.006176376743567358
12.8,-0.4477654090333701,-0.38459596392409034,-0.06316944510927974
12.850000000000001,-0.38399218254921985,-0.25942147348869354,-0.12457070906052631
12.9,-0.2713408289471988,-0.11099143335130081,-0.160349395595898
12.950000000000001,-0.15178536834666034,0.003728570880369482,-0.15551393922702983
13.0,-0.07489264909564523,0.048119565941746406,-0.12301221503739164
13.05,-0.06724082929509775,0.025871195539807993,-0.09311202483490574
13.100000000000001,-0.11726839691988755,-0.03001691240175286,-0.08725148451813469
13.15,-0.18895702193579614,-0.08979967832939863,-0.09915734360639751
13.200000000000001,-0.25077280480090264,-0.1504943095205496,-0.10027849528035304
13.25,-0.2926163388053266,-0.22749905684847768,-0.06511728195684893
13.3,-0.3168560276106334,-0.32239119198020055,0.005535164369567136
13.350000000000001,-0.31632574552388654,-0.3995630133064971,0.08323726778261054
13.4,-0.2654060019637685,-0.3981240076767073,0.1327180057129388
13.450000000000001,-0.13670732893280324,-0.27325657104805245,0.13654924211524921
13.5,0.07081739877226817,-0.03305474339327242,0.10387214216554058
13.55,0.3195327697078612,0.26064693429301505,0.058885835414846155
13.600000000000001,0.5501359077085765,0.5281978003405408,0.021938107368035697
13.65,0.7147222173239943,0.7151040299907463,-0.00038181266675196834
13.700000000000001,0.7984382717923626,0.8093981718464776,-0.010959900054114957
13.75,0.8137965799531943,0.8259324251048938,-0.01213584515169952
13.8,0.7769656419527108,0.7785757266214088,-0.001610084668698053
13.850000000000001,0.6900965903427522,0.6675266393522279,0.02256995099052428
13.9,0.545310729770236,0.490265209055183,0.055045520715052976
13.950000000000001,0.3441890838769091,0.2611990396872719,0.08299004418963724
14.0,0.11262455015980058,0.018617179909609767,0.09400737025019082
14.05,-0.10358731342249418,-0.18857680513160172,0.08498949170910754
14.100000000000001,-0.2593801819379639,-0.32329262524800795,0.06391244331004403
14.15,-0.3314606540809348,-0.37463879505324094,0.043178140972306156
14.200000000000001,-0.3258860239690658,-0.35622287700424043,0.030336853035174638
14.25,-0.270171373143565,-0.293591917388412,0.02342054424484702
14.3,-0.19787812980758282,-0.21147646007057405,0.013598330262991232
14.350000000000001,-0.13502283348093508,-0.12740870854107,-0.0076141249398650745
14.4,-0.09318837837893774,-0.05165718545362946,-0.04153119292530828
14.450000000000001,-0.06996626415990059,0.009593368356492948,-0.07955963251639354
14.5,-0.055365309988362206,0.05058625821418698,-0.1059515682025492
14.55,-0.041038762688572795,0.0643301002506193,-0.10536886293919209
14.600000000000001,-0.026877850761903077,0.04535886255121469,-0.07223671331311776
14.65,-0.019828986373131272,-0.003271407406507394,-0.016557578966623878
14.700000000000001,-0.0253426365279828,-0.06428157155481128,0.03893893502682848
14.75,-0.03922310714345066,-0.10986546086447968,0.07064235372102902
14.8,-0.04894875382319068,-0.11701747715691259,0.06806872333372191
14.850000000000001,-0.04520379254112485,-0.08508768047725387,0.03988388793612902
14.9,-0.03319669052522123,-0.04002970877347163,0.006833018248250403
14.950000000000001,-0.03126203554355693,-0.01815446110811886,-0.013107574435438068
15.0,-0.055550722909351216,-0.04022121551038882,-0.015329507398962397
15.05,-0.10438050496251992,-0.09762848098782176,-0.006752023974698165
15.100000000000001,-0.15840088100472824,-0.16356140724492244,0.0051605262401941965
15.15,-0.19826343931836024,-0.21913626654859727,0.020872827230237034
15.200000000000001,-0.22303324402062968,-0.2692285512851347,0.04619530726450499
15.25,-0.24949352509504663,-0.33128696636792143,0.0817934412728748
15.3,-0.29033281834901997,-0.406839328062326,0.116506509713306
15.350000000000001,-0.33187465120925563,-0.4645953330070392,0.13272068179778357
15.4,-0.3361882846656713,-0.4559718299969245,0.11978354533125318
15.450000000000001,-0.27123998305565283,-0.35408981030097997,0.08284982724532713
15.5,-0.1447371480405931,-0.18331052861950628,0.038573380578913186
15.55,-0.009884381626741743,-0.011672789616797437,0.0017884079900556942
15.600000000000001,0.06628713480825456,0.09046829221162703,-0.02418115740337247
15.65,0.04840488304604116,0.09366134950597418,-0.045256466459933024
15.700000000000001,-0.04448023762434127,0.02196748903480901,-0.06644772665915027
15.75,-0.15587067143099614,-0.07054363638626227,-0.08532703504473388
15.8,-0.2316315674749672,-0.13599958949665852,-0.09563197797830866
15.850000000000001,-0.2486221860441747,-0.15274203971733163,-0.09588014632684305
15.9,-0.21234681839148598,-0.11988888363643789,-0.09245793475504809
15.950000000000001,-0.13382751487568356,-0.04059136947674614,-0.09323614539893743
16.0,-0.012451757959686897,0.08637879716643586,-0.09883055512612275
16.05,0.15937372167819058,0.2609943271712636,-0.101620605493073
16.1,0.3785247299535809,0.47251919736082243,-0.09399446740724154
16.150000000000002,0.621498272575655,0.6981394202030626,-0.07664114762740759
16.2,0.8527818359918743,0.9101252767299752,-0.05734344073810094
16.25,1.0407693689826103,1.0823507562563994,-0.04158138727378913
16.3,1.1638228532428032,1.1900500558548988,-0.026227202612095546
16.35,1.202684440508808,1.2074218129572374,-0.004737372448429422
16.400000000000002,1.1334465472014807,1.1121307732822445,0.021315773919236225
16.45,0.9364601883060953,0.8977614438703577,0.03869874443573762
16.5,0.6181983876211067,0.5838910623363941,0.034307325284712586
16.55,0.22474745987294925,0.21253956430139917,0.012207895571550081
16.6,-0.1714788883070423,-0.16820921727376398,-0.0032696710332783263
16.650000000000002,-0.5064016395758412,-0.5201221259678822,0.013720486392041042
16.7,-0.7532909571935269,-0.8179128690487317,0.06462191185520483
16.75,-0.9222629189730265,-1.0410965728998538,0.11883365392682732
16.8,-1.0327264486685255,-1.168114197260969,0.1353877485924435
16.85,-1.085610834954728,-1.1828311488207637,0.09722031386603569
16.900000000000002,-1.0608272984147344,-1.08809791215959,0.02727061374485551
16.95,-0.9399502570454285,-0.9106645545658035,-0.02928570247962492
17.0,-0.7299918699915634,-0.6886853009953814,-0.041306568996182014
17.05,-0.46489307826014575,-0.4509293880458068,-0.013963690214338964
17.1,-0.18497106142434241,-0.2065957144012639,0.021624652976921482
17.150000000000002,0.0837888399444026,0.04501425764555396,0.03877458229884864
17.2,0.33082867534584415,0.29556887545327065,0.035259799892573496
17.25,0.5451557700109252,0.5195008060648145,0.025654963946110665
17.3,0.7034620014603317,0.6851312424078969,0.018330759052434753
17.35,0.7779120452815306,0.7732790941241247,0.004632951157405918
17.400000000000002,0.7565557483218753,0.7837435199137208,-0.02718777159184549
17.45,0.654032209592446,0.7236759058960959,-0.06964369630364986
17.5,0.4995374098948904,0.5926078556098621,-0.09307044571497164
17.55,0.31363141172606807,0.3840291915500278,-0.07039777982395973
17.6,0.09888628812443168,0.10596315623243317,-0.007076868108001497
17.650000000000002,-0.1440984425695189,-0.19978689966205992,0.05568845709254103
17.7,-0.39160840063630376,-0.46375071492206427,0.07214231428576051
17.75,-0.5920961473304803,-0.62283995639695,0.030743809066469674
17.8,-0.6940399516149575,-0.6579109957348093,-0.036128955880148195
17.85,-0.6859509724695593,-0.6043171836356717,-0.08163378883388761
17.900000000000002,-0.6121495739953682,-0.5265761272428139,-0.0855734467525543
17.95,-0.5461454808315853,-0.4778345707231356,-0.0683109101084497
18.0,-0.5404528524123233,-0.4751329567902301,-0.06531989562209323
18.05,-0.5931355432094104,-0.5044232134771746,-0.08871232973223586
18.1,-0.6569533833370548,-0.5427098515124973,-0.11424353182455749
18.150000000000002,-0.6799446937880469,-0.5737327803457918,-0.10621191344225511
18.2,-0.6407969219743329,-0.5861372829396265,-0.054659639034706387
18.25,-0.5509295033667508,-0.5636232514979282,0.012693748131177407
18.3,-0.4279989642057871,-0.48376290468941424,0.05576394048362715
18.35,-0.2709523786109555,-0.3304978923359227,0.05954551372496719
18.400000000000002,-0.06206385385006204,-0.10902272585495182,0.04695887200488978
18.45,0.2067055566291949,0.1516045065566623,0.055101050072532604
18.5,0.5093494817710926,0.410736593574453,0.0986128881966396
18.55,0.7875445047923699,0.6322641700474441,0.15528033474492586
18.6,0.9786036875485106,0.7924861971950673,0.18611749035344327
18.650000000000002,1.0476619997181826,0.8785864835942333,0.16907551612394933
18.7,1.0009606441435737,0.8861851793255021,0.11477546481807155
18.75,0.8748507824422537,0.8220430749753133,0.05280770746694041
18.8,0.7133878573666439,0.7075277631984932,0.005860094168150698
18.85,0.5508741856576158,0.5734320641455396,-0.022557878487923788
18.900000000000002,0.4057026089878079,0.44452586372955527,-0.03882325474174736
18.95,0.2814998693622541,0.32511367292519916,-0.043613803562945086
19.0,0.17048350023548617,0.20006634594300654,-0.029582845707520372
19.05,0.05922191534112259,0.053728600265417606,0.0054933150757049826
19.1,-0.06103972172212083,-0.10765660510785235,0.04661688338573153
19.150000000000002,-0.18260801678468833,-0.24934050142203254,0.06673248463734421
19.200000000000003,-0.27730986234841626,-0.32421209538764106,0.046902233039224805
19.25,-0.30720831417865124,-0.29999898022121785,-0.007209333957433395
19.3,-0.24614929855679776,-0.17778225956957044,-0.06836703898722732
19.35,-0.09820640630483209,0.009264263298738478,-0.10747066960357056
19.400000000000002,0.0999865661938429,0.21218622421091343,-0.11219965801707053
19.450000000000003,0.29434548915216785,0.38446258289151747,-0.09011709373934962
19.5,0.4351808444575918,0.49309327419332566,-0.05791242973573385
19.55,0.4928204485299735,0.5226425659042074,-0.02982211737423396
19.6,0.4617239744688724,0.4760768937058729,-0.014352919237000494
19.650000000000002,0.35652670637346634,0.37286249848617226,-0.016335792112705916
19.700000000000003,0.205373044129195,0.24152754935671958,-0.036154505227524586
19.75,0.04201807926736312,0.10708493292338514,-0.06506685365602202
19.8,-0.10424868506759115,-0.019478777661414814,-0.08476990740617633
19.85,-0.21866030134034592,-0.1409547307248617,-0.07770557061548422
19.900000000000002,-0.3043488934226484,-0.26219719221336435,-0.042151701209284076
19.950000000000003,-0.37409955737770395,-0.3770048060108218,0.002905248633117863
20.0,-0.4345705231410863,-0.4659274293629357,0.03135690622184939
20.05,-0.47527240443223145,-0.5075103276999962,0.0322379232677647
20.1,-0.47253015779905894,-0.49253923755225193,0.020009079753192993
20.150000000000002,-0.4062798460790834,-0.42776341632452014,0.021483570245436734
20.200000000000003,-0.27583032405117563,-0.32595508274849233,0.050124758697316696
20.25,-0.10127807733311239,-0.19299165917370859,0.09171358184059619
20.3,0.08966081557002044,-0.026035363001347674,0.11569617857136812
20.35,0.27630364540534674,0.17391778594943222,0.10238585945591452
20.400000000000002,0.44746634035998145,0.3865128128643973,0.06095352749558414
20.450000000000003,0.5909519114138837,0.569202764115777,0.02174914729810673
20.5,0.6829502714087003,0.6724358265243012,0.010514444884399121
20.55,0.6910783049636168,0.6628818301317821,0.028196474831834628
20.6,0.5917445090388903,0.5382887197691658,0.053455789269724496
20.650000000000002,0.38820805372986544,0.3249551059611012,0.06325294776876422
20.700000000000003,0.11392835500734333,0.06234024139361114,0.05158811361373219
20.75,-0.18190337227833747,-0.2129367929725479,0.031033420694210417
20.8,-0.45525168065758337,-0.47451695558846463,0.01926527493088126
20.85,-0.6796729796113011,-0.7047125460912779,0.025039566479976738
20.900000000000002,-0.8449014205996589,-0.8894694851383607,0.04456806453870177
20.950000000000003,-0.9483008863753036,-1.0151397328053402,0.06683884643003657
21.0,-0.9892675003569098,-1.0688098473175334,0.07954234696062357
21.05,-0.9699862708168612,-1.0416060220555377,0.07161975123867648
21.1,-0.897983336392397,-0.9339281557427397,0.03594481935034266
21.150000000000002,-0.7852250432807136,-0.7606568422870094,-0.02456820099370427
21.200000000000003,-0.6444150229094525,-0.5523765980195104,-0.09203842488994207
21.25,-0.48746743369874707,-0.34851260826002567,-0.1389548254387214
21.3,-0.3282252777362947,-0.18286512985604858,-0.1453601478802461
21.35,-0.18492278002330118,-0.06920366713120786,-0.11571911289209331
21.400000000000002,-0.07630981643627839,0.0024422698902373916,-0.07875208632651579
21.450000000000003,-0.01205805719113461,0.05424833779200688,-0.06630639498314149
21.5,0.01377128726254868,0.10113198272845544,-0.08736069546590676
21.55,0.017822413891190787,0.1383082465708454,-0.12048583267965461
21.6,0.013318191335274622,0.1463874422335853,-0.13306925089831068
21.650000000000002,-0.00040255692916742615,0.11047660696811502,-0.11087916389728245
21.700000000000003,-0.03316489740189619,0.037655263214623313,-0.0708201606165195
21.75,-0.08669105191621526,-0.04212356320437133,-0.04456748871184393
21.8,-0.1411892352185477,-0.09312729499555192,-0.048061940222995786
21.85,-0.16082697297276902,-0.09519190884297932,-0.0656350641297897
21.900000000000002,-0.11590291313238857,-0.05175382565798954,-0.06414908747439903
21.950000000000003,-0.0023411741557208495,0.021988972180830884,-0.024330146336551735
22.0,0.16025107863026808,0.12045874520778514,0.03979233342248294
22.05,0.3508469665123513,0.2594872954382445,0.09135967107410681
22.1,0.5674805603688209,0.4660942467447799,0.10138631362404099
22.150000000000002,0.823024252917745,0.7511453748230544,0.07187887809469051
22.200000000000003,1.1159260683944616,1.0844092448455152,0.03151682354894647
22.25,1.4017604867393036,1.3921378193920153,0.009622667347288338
22.3,1.5958817317643832,1.582947161690048,0.012934570074335294
22.35,1.6134673826610937,1.5885095252182408,0.024957857442852838
22.400000000000002,1.4205945330147116,1.395060029443023,0.025534503571688516
22.450000000000003,1.0578798102723324,1.047434158265624,0.010445652006708439
22.5,0.6184563235848621,0.6251757916414555,-0.006719468056593403
22.55,0.1976963432525539,0.20745450400891494,-0.009758160756361045
22.6,-0.14761686833443582,-0.15192326735645148,0.004306399022015656
22.650000000000002,-0.4047589626413759,-0.4285747087637237,0.023815746122347825
22.700000000000003,-0.5811094981473083,-0.6162568545545514,0.03514735640724309
22.75,-0.679498061385552,-0.7151098689250377,0.035611807539485674
22.8,-0.6961322482439629,-0.729967328628197,0.033835080384234106
22.85,-0.6383389386134225,-0.6766236222046396,0.03828468359121706
22.900000000000002,-0.538683189527797,-0.5850828294292343,0.04639963990143725
22.950000000000003,-0.44601758321841295,-0.4916885560002139,0.045670972781800934
23.0,-0.3975728599883232,-0.4233785877832158,0.025805727794892597
23.05,-0.3958587119619551,-0.38597158287446004,-0.009887129087495061
23.1,-0.41104154314200864,-0.3660162976437805,-0.04502524549822812
23.150000000000002,-0.40698320247704234,-0.3445907167802097,-0.062392485696832645
23.200000000000003,-0.36874554891698275,-0.3119616661498157,-0.05678388276716706
23.25,-0.3096619560396498,-0.27258330418584903,-0.03707865185380077
23.3,-0.25547483371871466,-0.23904548669136846,-0.01642934702734619
23.35,-0.22249456575842688,-0.22211081819510886,-0.00038374756331802096
23.400000000000002,-0.20872309837338143,-0.22455911830455144,0.01583601993117001
23.450000000000003,-0.20171022963413476,-0.2405766581095392,0.038866428475404446
23.5,-0.19093076533729045,-0.25742410503872937,0.06649333970143892
23.55,-0.17105343333763434,-0.2570483500508113,0.08599491671317694
23.6,-0.13515292593723238,-0.21938914208658686,0.08423621614935448
23.650000000000002,-0.06914163560895337,-0.12979921787240517,0.060657582263451804
23.700000000000003,0.042521660360661004,0.011796707554240818,0.030724952806420187
23.75,0.2026769628506659,0.1871594742497962,0.015517488600869683
23.8,0.39217126183193335,0.36647207353446826,0.025699188297465092
23.85,0.5754681411103869,0.5219489152176939,0.05351922589269298
23.900000000000002,0.7174000230573571,0.6378743453163541,0.07952567774100294
23.950000000000003,0.7972265829548931,0.7095239906591388,0.08770259229575428
24.0,0.8100521313083036,0.7342341398211989,0.07581799148710466
24.05,0.7590175754040684,0.7058138927106629,0.053203682693405585
24.1,0.6500964446414006,0.6197366225257727,0.030359822115627932
24.150000000000002,0.4958395750331032,0.48422861275533396,0.011610962277769254
24.200000000000003,0.3213411362910343,0.3242976066470426,-0.0029564703560083228
24.25,0.16016268841193515,0.17128621681247547,-0.011123528400540317
24.3,0.03751846899394968,0.04509522445370841,-0.007576755459758729
24.35,-0.04638619984136747,-0.05503492907438241,0.008648729233014942
24.400000000000002,-0.1155899887224207,-0.1423194210298422,0.026729432307421516
24.450000000000003,-0.19690986682311387,-0.2247204581496384,0.027810591326524525
24.5,-0.294891917333328,-0.2953928207605163,0.0005009034271883372
24.55,-0.3864775249202981,-0.34102996837748706,-0.04544755654281102
24.6,-0.4422467912094757,-0.35947130298355806,-0.08277548822591763
24.650000000000002,-0.4559662178798708,-0.36761596632390264,-0.08835025155596815
24.700000000000003,-0.4545560132832663,-0.3896598539712494,-0.06489615931201687
24.75,-0.4773680500525532,-0.43573299598922244,-0.041635054063330734
24.8,-0.5423192493681973,-0.4920005664446374,-0.0503186829235599
24.85,-0.6297353333736191,-0.5332565810307965,-0.09647875234282255
24.900000000000002,-0.699006877502539,-0.5469340382743881,-0.15207283922815085
24.950000000000003,-0.7224217760663525,-0.545008631927969,-0.1774131441383835
25.0,-0.7041436331889231,-0.5506010727391611,-0.153542560449762
25.05,-0.6666138721556175,-0.570209330016369,-0.09640454213924854
25.1,-0.6184984940627742,-0.5774966973560083,-0.04100179670676596
25.150000000000002,-0.5369557960118833,-0.5256143655371435,-0.011341430474739789
25.200000000000003,-0.3838599841126695,-0.37990538515001043,-0.003954598962659039
25.25,-0.14277366228928584,-0.14457772443892292,0.0018040621496370757
25.3,0.15744442503616235,0.13790136296463834,0.01954306207152401
25.35,0.4549438629816853,0.4125572297611075,0.04238663322057784
25.400000000000002,0.692459787302118,0.6405070817623001,0.0519527055398179
25.450000000000003,0.8466821538157557,0.8085213750606624,0.03816077875509338
25.5,0.925352663891904,0.9165577728771854,0.008794891014718531
25.55,0.9400274391262327,0.9594506908523354,-0.019423251726102708
25.6,0.8852975264763442,0.9216843702104761,-0.036386843734131924
25.650000000000002,0.7465748980475148,0.7899144048474152,-0.043339506799900396
25.700000000000003,0.5275359525063055,0.570960513923095,-0.04342456141678952
25.75,0.2666086133625752,0.2984034171320566,-0.031794803769481406
25.8,0.02186171209534491,0.02134476746942261,0.0005169446259223019
25.85,-0.1643061806683647,-0.21607406446711577,0.05176788379875108
25.900000000000002,-0.2875523453471907,-0.3891631350369009,0.10161078968971021
25.950000000000003,-0.36927465020890143,-0.4922710841035263,0.12299643389462489
26.0,-0.4220548758869585,-0.5274134784591474,0.10535860257218893
26.05,-0.42859047439474907,-0.49440720958160383,0.06581673518685477
26.1,-0.35799434021876236,-0.3926396414502613,0.03464530123149895
26.150000000000002,-0.20645822452606444,-0.23362043250415698,0.027162207978092545
26.200000000000003,-0.02280603822067797,-0.05256458249260179,0.02975854427192382
26.25,0.10996487342639719,0.09469468578726965,0.015270187639127533
26.3,0.1268986589865175,0.15351681369856196,-0.026618154712044456
26.35,0.02515455631438979,0.09992125493264657,-0.07476669861825679
26.400000000000002,-0.13647970450214114,-0.04244863646449171,-0.09403106803764943
26.450000000000003,-0.28130378993394617,-0.21243366599537788,-0.06887012393856828
26.5,-0.36468950487448254,-0.34479162367393484,-0.019897881200547696
26.55,-0.3912687039932233,-0.40521973901028896,0.013951035017065683
26.6,-0.3914254152133207,-0.40249089026924184,0.011065475055921148
26.650000000000002,-0.38369635435317273,-0.36975123488974104,-0.013945119463431688
26.700000000000003,-0.3571617380868692,-0.3308055155685204,-0.026356222518348793
26.75,-0.28514106010289675,-0.27893167686379694,-0.006209383239099808
26.8,-0.15266936597756856,-0.18520298436921565,0.03253361839164709
26.85,0.028219199059886436,-0.028934444994522246,0.05715364405440868
26.900000000000002,0.22529678312248191,0.1749242958289226,0.05037248729355931
26.950000000000003,0.4034427166788511,0.37341924073472643,0.03002347594412469
27.0,0.5350875698682894,0.5000067100531466,0.03508085981514286
27.05,0.5989888050533432,0.5082339655111064,0.09075483954223673
27.1,0.5773355838504142,0.3937553401437173,0.18358024370669684
27.150000000000002,0.4620243746376823,0.19542723580825613,0.26659713882942615
27.200000000000003,0.2680268458355356,-0.020157235576177022,0.28818408141171264
27.25,0.040055513306559154,-0.18159436611473323,0.22164987942129238
27.3,-0.15866809001027185,-0.23666104132453583,0.07799295131426398
27.35,-0.2720029524388534,-0.1722867180710038,-0.09971623436784963
27.400000000000002,-0.2747926989449011,-0.022033164885203082,-0.25275953405969803
27.450000000000003,-0.18024732552234166,0.1481233181734694,-0.32837064369581104
27.5,-0.028661003273777463,0.2745076208786066,-0.30316862415238405
27.55,0.1326351076093835,0.3321310363391063,-0.1994959287297228
27.6,0.2660490493057309,0.345817188739966,-0.07976813943423505
27.650000000000002,0.3514714406777298,0.3638353968010277,-0.012363956123297937
27.700000000000003,0.38584798516410085,0.41196981411263356,-0.02612182894853271
27.75,0.37750192035604563,0.46577063085041565,-0.08826871049437002
27.8,0.33771256713895936,0.4669992384402599,-0.12928667130130056
27.85,0.27305520504209885,0.37315613050895163,-0.10010092546685279
27.900000000000002,0.18360687364864503,0.1982185663483962,-0.014611692699751183
27.950000000000003,0.06974973357052054,0.007708484737875733,0.06204124883264481
28.0,-0.057091683464264936,-0.12979963183834692,0.07270794837408198
28.05,-0.17045966416283076,-0.1935092293200469,0.02304956515721615
28.1,-0.23890913091313146,-0.21907359213179875,-0.019835538781332707
28.150000000000002,-0.24499680969462737,-0.2574903626286394,0.012493552934012025
28.200000000000003,-0.19783259836923098,-0.32113974297940523,0.12330714461017425
28.25,-0.12716834885733627,-0.365989796595974,0.23882144773863775
28.3,-0.06299035923069052,-0.32757422529341806,0.26458386606272755
28.35,-0.01844748684355442,-0.18126569042590127,0.16281820358234683
28.400000000000002,0.008891052824432392,0.024174248730531624,-0.015283195906099232
28.450000000000003,0.020671608268867873,0.18900502369346622,-0.16833341542459834
28.5,0.005431312802256343,0.22495449987928065,-0.2195231870770243
28.55,-0.053854447908861,0.11141582148591149,-0.1652702693947725
28.6,-0.15723293963260956,-0.09358596019803743,-0.06364697943457213
28.650000000000002,-0.27287275309652387,-0.29117338654073865,0.018300633444214787
28.700000000000003,-0.34819278891390737,-0.39810819592721763,0.049915407013310265
28.75,-0.34157025288359144,-0.3842898092706275,0.04271955638703606
28.8,-0.24861045363213155,-0.27258723587097017,0.023976782238838618
28.85,-0.10071509044208908,-0.10997779811294607,0.00926270767085699
28.900000000000002,0.06084920389664652,0.0646836381246618,-0.003834434228015278
28.950000000000003,0.20979015547361363,0.23402086407918618,-0.024230708605572554
29.0,0.3361439336736019,0.391462910725631,-0.055318977052029095
29.05,0.4275795303842081,0.5200137475444316,-0.09243421716022354
29.1,0.45622304946918146,0.5821584738412456,-0.12593542437206418
29.150000000000002,0.39162731311611243,0.5346106058947424,-0.14298329277862998
29.200000000000003,0.23235921921955074,0.361493446668366,-0.12913422744881528
29.25,0.025608711308258904,0.10112793131299345,-0.07551922000473454
29.3,-0.14913281298468936,-0.1592423374665066,0.010109524481817234
29.35,-0.22440122598468518,-0.3249295513859868,0.1005283254013016
29.400000000000002,-0.18235890538210578,-0.3459578328528582,0.16359892747075241
29.450000000000003,-0.05571925653982126,-0.24165963829308362,0.18594038175326236
29.5,0.1053637999688359,-0.07818586886410346,0.18354966883293936
29.55,0.26837895260902644,0.08287729232124987,0.1855016602877766
29.6,0.4250525030488201,0.221989237382488,0.2030632656663321
29.650000000000002,0.5690913835618095,0.35467380395182097,0.21441757960998858
29.700000000000003,0.6732029019796344,0.4898716157973199,0.18333128618231448
29.75,0.6927411629123543,0.5957792532481608,0.09696190966419349
29.8,0.5951668598623516,0.608842839152678,-0.013675979290326379
29.85,0.3877498489996325,0.4809974393582395,-0.09324759035860702
29.900000000000002,0.11705889844866775,0.22329514821390342,-0.10623624976523567
29.950000000000003,-0.15921883241169452,-0.09390466414478905,-0.06531416826690546
30.0,-0.4022195098568153,-0.38459930635159084,-0.017620203505224474
30.05,-0.5987367186633851,-0.5960295152227945,-0.002707203440590611
30.1,-0.7449875330568267,-0.7226881236273025,-0.022299409429524242
30.150000000000002,-0.8299217090266957,-0.7814649147029177,-0.04845679432377803
30.200000000000003,-0.8383461245203198,-0.7806864058422103,-0.057659718678109484
30.25,-0.7706001065880869,-0.7167008021440304,-0.05389930444405644
30.3,-0.6560338096487832,-0.5976070103341695,-0.0584267993146137
30.35,-0.5424227507318488,-0.4616757342049145,-0.08074701652693428
30.400000000000002,-0.46743657215373013,-0.36241468588602666,-0.10502188626770348
30.450000000000003,-0.4365826701683731,-0.32891805887467707,-0.10766461129369603
30.5,-0.4261527270204371,-0.3401965269240412,-0.08595620009639593
30.55,-0.40605854507607986,-0.3424015089982064,-0.06365703607787343
30.6,-0.3601704091706516,-0.2961182132376354,-0.0640521959330162
30.650000000000002,-0.28758534093580074,-0.20934049377968583,-0.0782448471561149
30.700000000000003,-0.1897547660440075,-0.12384555207151692,-0.0659092139724906
30.75,-0.06255988008482144,-0.06815562612750577,0.005595746042684327
30.8,0.09517041410304271,-0.024221247056556407,0.11939166115959912
30.85,0.26567722589232795,0.05715419717281661,0.20852302871951134
30.900000000000002,0.4087968618969223,0.20435010566063835,0.20444675623628397
30.950000000000003,0.4802258901136093,0.38500285219052505,0.09522303792308423
31.0,0.4589005777034388,0.5169012247800678,-0.05800064707662905
31.05,0.36031395098145774,0.5224447224773632,-0.16213077149590543
31.1,0.2244466080841777,0.3814721720375465,-0.1570255639533688
31.150000000000002,0.08970641036514693,0.1418858143179924,-0.05217940395284548
31.200000000000003,-0.024435270425378387,-0.11336828331813294,0.08893301289275454
31.25,-0.11404831614452214,-0.31028686416925877,0.19623854802473661
31.3,-0.17560369826701538,-0.4069429228952438,0.23133922462822842
31.35,-0.19836748891965025,-0.3920515664325359,0.19368407751288566
31.400000000000002,-0.17356401974772803,-0.2775195951948108,0.10395557544708275
31.450000000000003,-0.11043267895397305,-0.0984873729493057,-0.011945306004667353
31.5,-0.040956036547784416,0.08652065851213445,-0.12747669505991888
31.55,-0.005622706430411561,0.21096945189962366,-0.21659215833003523
31.6,-0.030923376970795398,0.23069816768049384,-0.26162154465128923
31.650000000000002,-0.11686537566167683,0.1469369740571029,-0.26380234971877975
31.700000000000003,-0.2426335276191285,-0.0003330283531633265,-0.24230049926596517
31.75,-0.3815582782659792,-0.16471919912654528,-0.21683907913943393
31.8,-0.5098488872600079,-0.3213637040074262,-0.18848518325258168
31.85,-0.6029948750538838,-0.4636900369688063,-0.13930483808507754
31.900000000000002,-0.6287494922817127,-0.5744245474355246,-0.054324944846188106
31.950000000000003,-0.5505189691963445,-0.6054393251434629,0.054920355947118416
32.0,-0.34486800546166285,-0.4954028033079394,0.15053479784627655
32.050000000000004,-0.021891483190612217,-0.21706036917625135,0.19516888598563914
32.1,0.3680139384733469,0.1865381430113601,0.1814757954619868
32.15,0.7481664094383957,0.6120512988023823,0.13611511063601345
32.2,1.0426478834523405,0.9476676467266985,0.09498023672564204
32.25,1.2009923421509343,1.126464055335005,0.07452828681592938
32.300000000000004,1.2096558212746935,1.1430047439494309,0.06665107732526265
32.35,1.0897977464510573,1.0309448033801216,0.05885294307093569
32.4,0.8874119736582606,0.8326870939457082,0.054724879712552466
32.45,0.6609292304321086,0.5906573967423533,0.07027183368975531
32.5,0.4675360853228262,0.3584078546501372,0.10912823067268901
32.550000000000004,0.34866306514097795,0.20382164057432092,0.14484142456665702
32.6,0.3181634080021907,0.1843740278934886,0.13378938010870206
32.65,0.3590301437176901,0.30756918255119636,0.051460961166493735
32.7,0.4319064066006607,0.5127493406016219,-0.08084293400096121
32.75,0.4922188178359315,0.6976417554274246,-0.20542293759149305
32.800000000000004,0.5076884700565069,0.7749663993994216,-0.2672779293429147
32.85,0.46822763023363934,0.7175947508947276,-0.24936712066108824
32.9,0.38508461792810966,0.5606832684925981,-0.17559865056448842
32.95,0.2816136074460454,0.3657627533556175,-0.08414914590957207
33.0,0.18108171323337374,0.18038476049657565,0.0006969527367980954
33.050000000000004,0.09710824094898415,0.023131280031915488,0.07397696091706867
33.1,0.030661598651391942,-0.10444957453990704,0.13511117319129898
33.15,-0.025504754190220066,-0.20059692343738222,0.17509216924716214
33.2,-0.07817076344550362,-0.2601530409099883,0.1819822774644847
33.25,-0.12711093328317521,-0.28437931967819596,0.15726838639502075
33.300000000000004,-0.16627412003921097,-0.2879597539568443,0.12168563391763335
33.35,-0.1924190309991221,-0.2926105386414252,0.10019150764230311
33.4,-0.21389539334277313,-0.3133075013455678,0.09941210800279465
33.45,-0.2505469286191961,-0.351463054973273,0.10091612635407693
33.5,-0.32233515631708826,-0.4009527890148293,0.07861763269774102
33.550000000000004,-0.43446826144301004,-0.45847292858729366,0.02400466714428362
33.6,-0.5712365642565975,-0.5258995461589177,-0.04533701809767987
33.65,-0.704308494045995,-0.6027673626146799,-0.10154113143131516
33.7,-0.8089246677753477,-0.6790568442197675,-0.12986782355558013
33.75,-0.8745480778759129,-0.738166767399871,-0.13638131047604196
33.800000000000004,-0.9019690518593741,-0.7677550523646008,-0.1342139994947733
33.85,-0.8918132008356874,-0.766272517324573,-0.12554068351111436
33.9,-0.8373977208855989,-0.7372384863064144,-0.10015923457918452
33.95,-0.7299269136654442,-0.6774813792832093,-0.05244553438223487
34.0,-0.570861287242395,-0.5739082950318184,0.0030470077894233505
34.050000000000004,-0.3781512200208292,-0.4156985138987211,0.03754729387789191
34.1,-0.17844540983949103,-0.2120876929326245,0.03364228309313347
34.15,0.008667752520231458,0.0025336960606985467,0.0061340564595329106
34.2,0.1798202437156668,0.18487575508125775,-0.005055511365590959
34.25,0.3417064599416586,0.3095701687483096,0.03213629119334899
34.300000000000004,0.49564684509945234,0.3847796984363668,0.11086714666308556
34.35,0.627920350972924,0.4428642548405301,0.18505609613239388
34.4,0.7150428611074893,0.5124097065470156,0.2026331545604737
34.45,0.7383130919027001,0.5925684656482316,0.1457446262544685
34.5,0.6932627732556871,0.6483658178398389,0.04489695541584815
34.550000000000004,0.5860484858978344,0.6298844197042551,-0.0438359338064207
34.6,0.42351431976164994,0.5023864887867446,-0.0788721690250947
34.65,0.2108004271336562,0.2691827286667949,-0.05838230153313867
34.7,-0.038421251279860666,-0.024800412417925282,-0.013620838861935384
34.75,-0.2902161455093229,-0.30968231029566473,0.019466164786341833
34.800000000000004,-0.4943733925898246,-0.518906651262416,0.024533258672591374
34.85,-0.6087170253697601,-0.6157310391433839,0.007014013773623762
34.9,-0.6275273087911101,-0.6054862326294318,-0.022041076161678275
34.95,-0.5893345656294038,-0.5280836534398039,-0.06125091218959988
35.0,-0.5536047693842623,-0.435923123890319,-0.11768164549394328
35.050000000000004,-0.5617935711015202,-0.3707136246940003,-0.19107994640751985
35.1,-0.6124673515643808,-0.3520809863579527,-0.2603863652064281
35.15,-0.6688621361059599,-0.38057690991386206,-0.28828522619209784
35.2,-0.6899169380707297,-0.4460442199677163,-0.24387271810301342
35.25,-0.6571127315396462,-0.5300443113516794,-0.12706842018796682
35.300000000000004,-0.5761350270446806,-0.6008886654759478,0.02475363843126721
35.35,-0.45748644090943,-0.6121299233743661,0.1546434824649361
35.4,-0.29961099816836906,-0.5165792175097701,0.21696821934140104
35.45,-0.09360099143770798,-0.294297952265237,0.200696960827529
35.5,0.15490032981991206,0.023919543745527395,0.13098078607438465
35.550000000000004,0.4101578743512539,0.3592853180378247,0.050872556313429185
35.6,0.6165533769487581,0.6191658606799147,-0.002612483731156634
35.65,0.729987550538312,0.7436257383532341,-0.013638187814922098
35.7,0.745021314771681,0.7338686949447649,0.011152619826916066
35.75,0.6946311035173299,0.6438576899958773,0.05077341352145259
35.800000000000004,0.6232021942730205,0.5425401457575478,0.08066204851547265
35.85,0.5564711371484533,0.4739596935140897,0.08251144363436363
35.9,0.4932274899237273,0.44127400892803514,0.051953480995692136
35.95,0.42225437336090876,0.420918902698282,0.0013354706626267365
36.0,0.344754515454009,0.39123604063750855,-0.04648152518349957
36.050000000000004,0.2791083447690127,0.35189918069419907,-0.07279083592518637
36.1,0.24365878708685784,0.32044888078940115,-0.0767900937025433
36.15,0.23560266956059425,0.3111124815466463,-0.07550981198605203
36.2,0.22839512763930256,0.3148114650478831,-0.08641633740858054
36.25,0.19241825815854305,0.2985228209201604,-0.10610456276161737
36.300000000000004,0.12111906300002817,0.22759614393764657,-0.1064770809376184
36.35,0.03886502877541947,0.09610221121661544,-0.05723718244119597
36.4,-0.017092406166243922,-0.058736778434039204,0.041644372267795285
36.45,-0.025163777356271684,-0.17307568708027934,0.14791190972400767
36.5,0.005567782700994628,-0.1961833777810054,0.201751160482
36.550000000000004,0.04499161606132756,-0.12544017364456023,0.1704317897058878
36.6,0.06565419084427644,-0.008907092966868188,0.07456128381114463
36.65,0.05934743907272747,0.08817590675499842,-0.02882846768227095
36.7,0.03460499775914683,0.12664164460295124,-0.09203664684380441
36.75,0.0017623867772465535,0.11084880788639107,-0.10908642110914452
36.800000000000004,-0.037624149766811575,0.067522381945139,-0.10514653171195057
36.85,-0.08712760130606324,0.009656416414432115,-0.09678401772049536
36.9,-0.14345965807872543,-0.07515161639792024,-0.06830804168080519
36.95,-0.19065001994929187,-0.19623546916146717,0.0055854492121752974
37.0,-0.20837802628257687,-0.31949604391530717,0.1111180176327303
37.050000000000004,-0.18787173077147065,-0.36428371051760655,0.1764119797461359
37.1,-0.140690193052109,-0.2579436096380454,0.11725341658593641
37.15,-0.09170089184199173,-0.01052337759397145,-0.08117751424802028
37.2,-0.061556593783062837,0.26054123920870415,-0.322097832991767
37.25,-0.052738324103047705,0.39491503675824635,-0.44765336086129404
37.300000000000004,-0.04926818798359988,0.3061937246304041,-0.355461912614004
37.35,-0.028231241979068972,0.05920669730173093,-0.0874379392807999
37.4,0.0272887927168439,-0.16311002511389908,0.19039881783074297
37.45,0.12249182988012192,-0.18719440476103055,0.30968623464115247
37.5,0.2524542005497323,0.026131374629070187,0.22632282592066208
37.550000000000004,0.40507325364512436,0.3581462527269957,0.04692700091812868
37.6,0.5612174382225441,0.6271819043950021,-0.06596446617245799
37.65,0.6942916909951328,0.7220232176757713,-0.027731526680638496
37.7,0.7745767411085296,0.6657270182388224,0.10884972286970718
37.75,0.7797950655561537,0.5659705161189191,0.2138245494372346
37.800000000000004,0.7062689074330196,0.5060229280018775,0.20024597943114208
37.85,0.572180160343494,0.47574574815055154,0.09643441219294241
37.9,0.40923104470576954,0.39804831840009147,0.01118272630567807
37.95,0.247536280345232,0.21717204178676025,0.030364238558471757
38.0,0.10347655596626061,-0.037190292297755494,0.1406668482640161
38.050000000000004,-0.022478605050003188,-0.26769560032594125,0.24521699527593807
38.1,-0.1386331826489345,-0.3891247463978248,0.25049156374889026
38.15,-0.2524216652341621,-0.39619860358793324,0.14377693835377114
38.2,-0.365266382370292,-0.3614753304924429,-0.0037910518778491165
38.25,-0.473995269771868,-0.37101368150272157,-0.10298158826914644
38.300000000000004,-0.5753643394940016,-0.45792576705346644,-0.11743857244053513
38.35,-0.6683580089711338,-0.5882509329598534,-0.08010707601128042
38.400000000000006,-0.7516156401576163,-0.70149843480213,-0.05011720535548625
38.45,-0.8181352288811796,-0.7615444724569885,-0.05659075642419109
38.5,-0.8526474903758491,-0.7729081563858727,-0.07973933398997635
38.550000000000004,-0.8361252976300584,-0.7567133375065749,-0.0794119601234835
38.6,-0.7568615362288921,-0.7184787894633663,-0.03838274676552578
38.650000000000006,-0.6215324516313501,-0.6418705023934238,0.020338050762073734
38.7,-0.4574036036952018,-0.5119667448424218,0.054563141147219996
38.75,-0.3014021102726618,-0.3414534982041485,0.040051387931486715
38.800000000000004,-0.1812635461364072,-0.17185875312361198,-0.009404793012795204
38.85,-0.10143899151024299,-0.04747729232646554,-0.05396169918377745
38.900000000000006,-0.044809884275617606,0.014617481175274904,-0.059427365450892514
38.95,0.010086508775635114,0.03280436349655882,-0.022717854720923705
39.0,0.06944593094013746,0.04239025954952124,0.027055671390616216
39.050000000000004,0.11838675447945038,0.06795870488860513,0.05042804959084525
39.1,0.13427516446065366,0.10897450018279102,0.025300664277862636
39.150000000000006,0.1079429067905279,0.14657871916264587,-0.03863581237211797
39.2,0.05387066752509458,0.16123004327567023,-0.10735937575057564
39.25,-0.00044218764383570385,0.1447603619863258,-0.14520254963016152
39.300000000000004,-0.036884090197862165,0.09935676303991989,-0.13624085323778207
39.35,-0.06038782458525809,0.029514980695357042,-0.08990280528061513
39.400000000000006,-0.09056055191670465,-0.061513323473031144,-0.029047228443673502
39.45,-0.13834218331822823,-0.16573225771453517,0.027390074396306946
39.5,-0.189572778569021,-0.26136249344260415,0.07178971487358315
39.550000000000004,-0.2121799895134765,-0.31296338271562407,0.10078339320214758
39.6,-0.18235374636820673,-0.28706415116260114,0.10471040479439442
39.650000000000006,-0.10699997628026948,-0.17611861329205616,0.06911863701178668
39.7,-0.02208678070244934,-0.013263341687542273,-0.008823439014907066
39.75,0.03241926928951618,0.13708431322647227,-0.10466504393695608
39.800000000000004,0.03979428880156186,0.21189832895066635,-0.1721040401491045
39.85,0.013648021044742688,0.18622701749044665,-0.17257899644570396
39.900000000000006,-0.018577493192550292,0.08858288519652167,-0.10716037838907197
39.95,-0.03844654147058798,-0.017140296972162742,-0.021306244498425237
40.0,-0.04517426589409944,-0.07153646742021201,0.026362201526112572
40.050000000000004,-0.04554217643183165,-0.053560446076967305,0.008018269645135655
40.1,-0.0390914751270863,0.014214015401379577,-0.05330549052846588
40.150000000000006,-0.01539875703413928,0.08905556520149248,-0.10445432223563175
40.2,0.034419632831843405,0.1393253873464454,-0.10490575451460199
40.25,0.1059136832806662,0.16034081406417008,-0.05442713078350389
40.300000000000004,0.18364968201407705,0.16830508880593953,0.015344593208137525
40.35,0.2565636926995958,0.18442139017691594,0.07214230252267984
40.400000000000006,0.3300456097911219,0.2248621970372528,0.10518341275386911
40.45,0.420197807077244,0.2999737291332961,0.1202240779439479
40.5,0.5334337020022173,0.4135252082609604,0.1199084937412569
40.550000000000004,0.650629371247935,0.5547185419985755,0.09591082924935945
40.6,0.7326874196947355,0.6896553502393011,0.04303206945543436
40.650000000000006,0.7450079361027415,0.7675815911310105,-0.022573655028269024
40.7,0.6805295276656451,0.7472475767519687,-0.06671804908632362
40.75,0.5620756630589645,0.627249551592096,-0.06517388853313155
40.800000000000004,0.42363339350692103,0.4535833545173314,-0.029949961010410364
40.85,0.2885126208193417,0.29247915061692575,-0.003966529797584051
40.900000000000006,0.1627544618076406,0.18650685018478996,-0.023752388377149353
40.95,0.045438716894316625,0.1291190352653945,-0.08368031837107788
41.0,-0.058807294414958355,0.07887581130673034,-0.13768310572168868
41.050000000000004,-0.13956390268607363,0.0003426324787129901,-0.13990653516478663
41.1,-0.19164384629898001,-0.10457729659839206,-0.08706654970058796
41.150000000000006,-0.22269890488361146,-0.20121574667332404,-0.02148315821028743
41.2,-0.2456061132159753,-0.2550975620899672,0.009491448873991892
41.25,-0.26059012693652467,-0.2601549705933803,-0.0004351563431443939
41.300000000000004,-0.24521341541071834,-0.23586272969485525,-0.009350685715863088
41.35,-0.16563952291721598,-0.19878633366436024,0.03314681074714426
41.400000000000006,-0.0034897320630193234,-0.13945144978783003,0.1359617177248107
41.45,0.22274386371130184,-0.029871416899472782,0.2526152806107746
41.5,0.4596066411522314,0.14345602010700803,0.31615062104522335
41.550000000000004,0.6429792354357167,0.35176158729604223,0.29121764813967443
41.6,0.7266808029787787,0.5283453472676051,0.1983354557111736
41.650000000000006,0.6965481254676893,0.6034868925620466,0.09306123290564272
41.7,0.5654575279881541,0.5425936757572984,0.02286385223085563
41.75,0.35945374794260154,0.36004832727849845,-0.0005945793358969054
41.800000000000004,0.10755976692795481,0.10384441743491958,0.0037153494930352304
41.85,-0.1611008905586912,-0.1714849186881144,0.010384028129423212
41.900000000000006,-0.4180242237441416,-0.4232082207643863,0.0051839970202446906
41.95,-0.6387860490142481,-0.6240617741548292,-0.014724274859418851
42.0,-0.8073929847080457,-0.7593630056901798,-0.048029979017865876
42.050000000000004,-0.9160814951989047,-0.8260372009114801,-0.09004429428742455
42.1,-0.9596755135370963,-0.8325929439537543,-0.12708256958334208
42.150000000000006,-0.9308912764642626,-0.7938835130240329,-0.1370077634402297
42.2,-0.8236086719869863,-0.7203804508879298,-0.1032282210990565
42.25,-0.6429860311113849,-0.6108825420833722,-0.03210348902801263
42.300000000000004,-0.4126747073065966,-0.457576112745024,0.04490140543842741
42.35,-0.1702489683156827,-0.26113158262796465,0.09088261431228195
42.400000000000006,0.04737022423710404,-0.04253294143585905,0.08990316567296308
42.45,0.21680863011459328,0.16007588020560568,0.056732749908987606
42.5,0.3292517837397852,0.3078629990207773,0.021388784719007903
42.550000000000004,0.38138157830259617,0.37775137817273896,0.0036302001298572084
42.6,0.36831100185071663,0.3672106079674647,0.0011003938832519489
42.650000000000006,0.2880173518767829,0.28822682026429325,-0.00020946838751034758
42.7,0.1533690406314207,0.1605582773473192,-0.007189236715898495
42.75,-0.002581834651993938,0.010830089004923618,-0.013411923656917556
42.800000000000004,-0.13813249842820963,-0.12714686211887438,-0.010985636309335245
42.85,-0.22541559641221368,-0.22013550080291144,-0.005280095609302232
42.900000000000006,-0.26570955295347165,-0.2519728192435001,-0.013736733709971527
42.95,-0.28369814507181723,-0.23630686487954128,-0.04739128019227595
43.0,-0.3046229925017819,-0.21086311008966774,-0.09375988241211414
43.050000000000004,-0.33326673209311686,-0.21241598030761816,-0.1208507517854987
43.1,-0.3517940919219244,-0.2496485696397801,-0.1021455222821443
43.150000000000006,-0.33655641657153457,-0.2955005729481504,-0.04105584362338416
43.2,-0.2779485042029665,-0.30592386534073085,0.027975361137764332
43.25,-0.18672360888453085,-0.2508658481934916,0.06414223930896076
43.300000000000004,-0.08414220315820407,-0.1344498631063791,0.05030765994817503
43.35,0.012330125423581207,0.00845635230007026,0.0038737731235109468
43.400000000000006,0.09466966274928956,0.133375974508549,-0.038706311759259426
43.45,0.15935019916479506,0.2084835162458857,-0.049133317081090644
43.5,0.20102047840723522,0.22547054060661187,-0.02445006219937665
43.550000000000004,0.21384359517743193,0.19782845432844381,0.016015140848988113
43.6,0.19931217992593953,0.15234489741049642,0.046967282515443104
43.650000000000006,0.17077806867810263,0.11858996278823108,0.05218810588987155
43.7,0.1474446151028801,0.11789756184364925,0.02954705325923085
43.75,0.14152895025508389,0.1539334004085474,-0.012404450153463503
43.800000000000004,0.15007311459240744,0.20997388611435075,-0.05990077152194331
43.85,0.1591568166674054,0.25707161497413666,-0.09791479830673128
43.900000000000006,0.15665864193518952,0.2701095036662342,-0.11345086173104468
43.95,0.1418894309157623,0.2415208834572476,-0.09963145254148528
44.0,0.12403839113681184,0.18336548270762484,-0.059327091570813006
44.050000000000004,0.11242679268820253,0.11786323197360568,-0.005436439285403147
44.1,0.10882038147979785,0.0654496831083139,0.043370698371483954
44.150000000000006,0.10864693973728654,0.03903119462072984,0.06961574511655669
44.2,0.10812477387367385,0.044514793588270464,0.06360998028540338
44.25,0.10851235576983859,0.08101789455420456,0.027494461215634022
44.300000000000004,0.11267159106895712,0.13715813070233546,-0.024486539633378337
44.35,0.11819767930751347,0.18863987132178955,-0.07044219201427608
44.400000000000006,0.11564458230095381,0.20551746581074445,-0.08987288350979064
44.45,0.0952671452693695,0.16922531268294497,-0.07395816741357547
44.5,0.0565582132795715,0.08738128417795392,-0.030823070898382418
44.550000000000004,0.011265827890873886,-0.007704608930836666,0.018970436821710554
44.6,-0.02361229354824859,-0.07833657943177542,0.05472428588352683
44.650000000000006,-0.03690772982833951,-0.10397467352499654,0.06706694369665703
44.7,-0.028789078565265462,-0.08902627587387832,0.06023719730861286
44.75,-0.006627341129756143,-0.05144253244525009,0.04481519131549395
44.800000000000004,0.023709731258290515,-0.0050771946002389715,0.02878692585852949
44.85,0.062297334405529585,0.047315620579013284,0.0149817138265163
44.900000000000006,0.111379026591755,0.10654401316935462,0.004835013422400378
44.95,0.16771339346344352,0.16657774863332842,0.0011356448301151068
45.0,0.21892354717304277,0.21440624276078193,0.004517304412260836
45.050000000000004,0.24759947001986504,0.23964821834657132,0.007951251673293719
45.1,0.2397227904171071,0.24078964883387804,-0.001066858416770955
45.150000000000006,0.19076658711895428,0.21865030005846628,-0.027883712939512
45.2,0.10597176217973149,0.16451667923094615,-0.05854491705121466
45.25,-0.0031545328497736974,0.06080622183506714,-0.06396075468484083
45.300000000000004,-0.12180951077628335,-0.098452303196667,-0.02335720757961636
45.35,-0.23262344701026885,-0.2834822149819187,0.05085876797164987
45.400000000000006,-0.3163362253241423,-0.4285524165425288,0.1122161912183865
45.45,-0.35533868959309356,-0.4666583153366691,0.11131962574357557
45.5,-0.3398276825838511,-0.3772714092402498,0.037443726656398724
45.550000000000004,-0.27269110389668116,-0.2075024726647317,-0.06518863123194946
45.6,-0.16895092600063188,-0.04437189722054219,-0.1245790287800897
45.650000000000006,-0.04911453808854189,0.04394700198362052,-0.09306154007216241
45.7,0.06985093715675639,0.05256580688027482,0.01728513027648157
45.75,0.1804005002181778,0.035533849711889214,0.14486665050628858
45.800000000000004,0.2834745729586504,0.05850775403077767,0.22496681892787274
45.85,0.3811670985167436,0.14822091436636342,0.23294618415038015
45.900000000000006,0.4674465963409543,0.27713490217381953,0.19031169416713478
45.95,0.5233210973060051,0.3888092807911191,0.13451181651488597
46.0,0.5213305446130377,0.436760354458034,0.08457019015500372
46.050000000000004,0.43908987565755025,0.4051112469327127,0.033978628724837534
46.1,0.27491930076878973,0.3025077413085808,-0.027588440539791093
46.150000000000006,0.05495273105955708,0.14582837613782215,-0.09087564507826507
46.2,-0.17528478314666082,-0.04645759513582835,-0.12882718801083248
46.25,-0.3715940087978886,-0.24889325448666694,-0.12270075431122168
46.300000000000004,-0.5109529031428374,-0.4258704110635018,-0.08508249207933555
46.35,-0.5965031357303655,-0.54265594915989,-0.05384718657047549
46.400000000000006,-0.6444195294425548,-0.5849345895315529,-0.0594849399110019
46.45,-0.6640063304177463,-0.5683913485472215,-0.09561498187052475
46.5,-0.6482135498482204,-0.5264803753039375,-0.1217331745442829
46.550000000000004,-0.5827190080550486,-0.48451619797916656,-0.09820281007588205
46.6,-0.46490338761595035,-0.44164616381987737,-0.02325722379607298
46.650000000000006,-0.3145727981276721,-0.3758597339526544,0.06128693582498229
46.7,-0.1654664626845852,-0.2672049540065178,0.10173849132193258
46.75,-0.0444078878561698,-0.11946590232549628,0.07505801446932647
46.800000000000004,0.04320765602654489,0.036703718790929006,0.006503937235615882
46.85,0.10870370905313513,0.1601523869477999,-0.05144867789466477
46.900000000000006,0.1616915099397687,0.22179939627687206,-0.06010788633710337
46.95,0.19672079109940688,0.2183276230815223,-0.02160683198211541
47.0,0.19870345676161208,0.17078938588332848,0.027914070878283598
47.050000000000004,0.16178500690296693,0.11186706843619601,0.04991793846677092
47.1,0.10207521990325424,0.06985660227903952,0.032218617624214727
47.150000000000006,0.04980286684910532,0.05666604150069839,-0.006863174651593071
47.2,0.0266995256380955,0.06472656575596576,-0.03802704011787027
47.25,0.02990299099347291,0.07458793793743901,-0.0446849469439661
47.300000000000004,0.038408577649079484,0.06985741532390212,-0.031448837674822636
47.35,0.036336687750976676,0.05041002648367511,-0.014073338732698434
47.400000000000006,0.030189537337803784,0.03377025960073938,-0.003580722262935595
47.45,0.04231641678670933,0.04199975727853593,0.00031665950817340305
47.5,0.08598662851265766,0.08322788138363917,0.002758747129018496
47.550000000000004,0.14638151614010264,0.14278148382594313,0.003600032314159507
47.6,0.18738769683197878,0.1919134831994317,-0.004525786367452905
47.650000000000006,0.1797551728235261,0.2073067505418426,-0.02755157771831651
47.7,0.1252753418570309,0.18520956178147746,-0.05993421992444656
47.75,0.054717948318739704,0.13931232116482123,-0.08459437284608153
47.800000000000004,0.0017671969832324728,0.08653171194694877,-0.0847645149637163
47.85,-0.02249254617726006,0.03523946686137206,-0.057732013038632124
47.900000000000006,-0.03148995438991865,-0.01372597526729023,-0.017763979122628417
47.95,-0.04203421680388404,-0.056966848830088526,0.014932632026204484
48.0,-0.053004963313052975,-0.0824244785380734,0.029419515225020426
48.050000000000004,-0.045815344451667475,-0.07562669312409279,0.02981134867242531
48.1,-0.005746680827606856,-0.03307403014939666,0.027327349321789804
48.150000000000006,0.05837603634063693,0.030655829598472475,0.027720206742164452
48.2,0.11729880538405268,0.08998102278359968,0.027317782600453006
48.25,0.14536147697368787,0.1240782777353021,0.021283199238385772
48.300000000000004,0.14213912987281618,0.12818438916251504,0.013954740710301144
48.35,0.13029318136476717,0.11240556152427256,0.017887619840494612
48.400000000000006,0.13169195593492863,0.09170191929625728,0.03999003663867136
48.45,0.14545468111266258,0.0769130567403875,0.06854162437227508
48.5,0.14959742731484413,0.07241296328819545,0.07718446402664868
48.550000000000004,0.12430658307663946,0.0777655744066673,0.046541008669972156
48.6,0.0731893718275394,0.08828082446824058,-0.015091452640701178
48.650000000000006,0.020891343273000837,0.09430520683970822,-0.07341386356670739
48.7,-0.010737842815947396,0.08378442782610306,-0.09452227064205045
48.75,-0.023949898869572682,0.04995779946778126,-0.07390769833735394
48.800000000000004,-0.04192286944821558,-0.0014776889124340467,-0.04044518053578153
48.85,-0.08319670651640769,-0.054009834928392626,-0.029186871588015063
48.900000000000006,-0.138239617443936,-0.09156588089130165,-0.04667373655263436
48.95,-0.17144845176525778,-0.10948047152639889,-0.06196798023885888
49.0,-0.14818813005921394,-0.11378002049348006,-0.03440810956573388
49.050000000000004,-0.06319283112517747,-0.10887603286440016,0.04568320173922269
49.1,0.0542144475031343,-0.08727617913211626,0.14149062663525055
49.150000000000006,0.16109940420601193,-0.035110347138508975,0.1962097513445209
49.2,0.22831318317157806,0.04860233633954568,0.17971084683203237
49.25,0.25150436174912927,0.13791564493167474,0.11358871681745453
49.300000000000004,0.2406419416181484,0.18930833970793254,0.051333601910215854
49.35,0.2028096200845245,0.17173318503503576,0.031076435049488732
49.400000000000006,0.13628407844211124,0.09266655422798652,0.04361752421412472
49.45,0.039579872749229354,-0.004909134143534649,0.044489006892764006
49.5,-0.07670254940515485,-0.0751256000453619,-0.0015769493597929535
49.550000000000004,-0.18901663660500173,-0.10423767056676694,-0.08477896603823479
49.6,-0.27228094351874493,-0.11679054950580625,-0.15549039401293868
49.650000000000006,-0.31243449169694604,-0.14707102981505887,-0.16536346188188716
49.7,-0.30930619168743,-0.20204698904177174,-0.10725920264565827
49.75,-0.2702078627284358,-0.2505460720511641,-0.019661790677271695
49.800000000000004,-0.203799124212571,-0.24962151139987085,0.04582238718729986
49.85,-0.12113505731835766,-0.18461859724246216,0.06348353992410449
49.900000000000006,-0.04024458288844013,-0.08644289160135005,0.04619830871290992
49.95,0.015343513121212614,-0.010013506470305264,0.025357019591517878
50.0,0.02778823405170345,0.007330118696235968,0.02045811535546748
50.050000000000004,-0.002185103848030252,-0.028356097441132915,0.026170993593102664
50.1,-0.053292224546027944,-0.07797989407929395,0.02468766953326601
50.150000000000006,-0.09675633993269264,-0.10395611287915815,0.00719977294646551
50.2,-0.11493249211558061,-0.09762077298523963,-0.017311719130340977
50.25,-0.11051988150941466,-0.07804438828906704,-0.03247549322034762
50.300000000000004,-0.09965270277087293,-0.0682089744586189,-0.03144372831225403
50.35,-0.09619960693416943,-0.07315779459775419,-0.023041812336415238
50.400000000000006,-0.10115380057774861,-0.0789302073086925,-0.02222359326905611
50.45,-0.10464024689595403,-0.0692643062384141,-0.03537594065753992
50.5,-0.09599045786865867,-0.04131627392289584,-0.05467418394576284
50.550000000000004,-0.07139381731436238,-0.0057393677020205446,-0.06565444961234183
50.6,-0.03343875750421776,0.02618541746717431,-0.059624174971392066
50.650000000000006,0.013948708526747379,0.053386779010884455,-0.039438070484137076
50.7,0.06788963560253056,0.08285712661771302,-0.014967491015182466
50.75,0.12367943292388778,0.118086919130014,0.0055925137938737796
50.800000000000004,0.17118193882910027,0.15119986105470587,0.019982077774394397
50.85,0.19653261110632542,0.16744378809652982,0.029088823009795595
50.900000000000006,0.18969479026237063,0.15774248991588746,0.031952300346483165
50.95,0.15197413352194075,0.12698982525563182,0.02498430826630893
51.0,0.0969179240939543,0.090222141487766,0.006695782606188305
51.050000000000004,0.04355106645313723,0.06062298563376794,-0.01707191918063071
51.1,0.006992394063751843,0.04069641126168762,-0.033704017197935775
51.150000000000006,-0.007296683621959242,0.02422482532273362,-0.03152150894469286
51.2,-0.0031217786907115487,0.0061139356513687515,-0.0092357143420803
51.25,0.011092190837077078,-0.009819860606441968,0.020912051443519045
51.300000000000004,0.02780094289325566,-0.01248523408462663,0.04028617697788229
51.35,0.04427815047948992,0.00711090258814257,0.03716724789134735
51.400000000000006,0.06369450850144857,0.04731986088838565,0.016374647613062926
51.45,0.09254329266598565,0.09557644126682956,-0.003033148600843902
51.5,0.1349231407875151,0.1364347966693772,-0.001511655881862084
51.550000000000004,0.18686853058407155,0.16116299890504648,0.025705531679025062
51.6,0.2355344394446625,0.17147993481018217,0.06405450463448034
51.650000000000006,0.2654612735618819,0.17528538220180892,0.09017589136007301
51.7,0.2680858620349292,0.17853243778324318,0.089553424251686
51.75,0.24659137492813674,0.1797426953127389,0.06684867961539784
51.800000000000004,0.21121291391164515,0.17088211111262652,0.04033080279901863
51.85,0.1687532185646006,0.14324826665474474,0.025504951909855855
51.900000000000006,0.1162697899192536,0.09370750441188075,0.022562285507372853
51.95,0.04569464826622609,0.027106034538414456,0.01858861372781163
52.0,-0.04448868316449143,-0.04610722037550091,0.001618537211009484
52.050000000000004,-0.14226999370784063,-0.11486747529816627,-0.027402518409674365
52.1,-0.22812183022627247,-0.17195813201390073,-0.05616369821237174
52.150000000000006,-0.28976543914118086,-0.21602585965557444,-0.07373957948560642
52.2,-0.3319236660038402,-0.2509495032054353,-0.08097416279840491
52.25,-0.3708025633656024,-0.28319183020982447,-0.08761073315577794
52.300000000000004,-0.4171662375845112,-0.31778973854665254,-0.09937649903785867
52.35,-0.4632276252903631,-0.35400550330173775,-0.10922212198862535
52.400000000000006,-0.4857939831019061,-0.3827812630288904,-0.1030127200730157
52.45,-0.46335007489036883,-0.38868692393585585,-0.07466315095451298
52.5,-0.3920248923865236,-0.35718870827269317,-0.03483618411383044
52.550000000000004,-0.28682501152992496,-0.2839552059014134,-0.002869805628511579
52.6,-0.16847009166405014,-0.1797188158922241,0.011248724228173967
52.650000000000006,-0.04895313599219936,-0.06572342984338166,0.016770293851182297
52.7,0.0714206463733105,0.03861040185542203,0.03281024451788847
52.75,0.19491716556010413,0.1271841681338223,0.06773299742628183
52.800000000000004,0.31584932885536415,0.20834843361713443,0.10750089523822973
52.85,0.4189743898472153,0.2934660338319741,0.12550835601524118
52.900000000000006,0.48694464077286714,0.3811871811736328,0.10575745959923433
52.95,0.5083267061307073,0.45044401508880577,0.057882691041901524
53.0,0.4792233678986173,0.4693378687495107,0.00988549914910658
53.050000000000004,0.4001503012530085,0.4147766360635047,-0.014626334810496189
53.1,0.2750672268192909,0.2889417975544694,-0.013874570735178504
53.150000000000006,0.11542445296881423,0.12076569256553464,-0.005341239596720407
53.2,-0.056090984954533,-0.04822951180948676,-0.00786147314504624
53.25,-0.2095704316517833,-0.18340782142082745,-0.02616261023095584
53.300000000000004,-0.3197998321806154,-0.2692011536289206,-0.05059867855169481
53.35,-0.3770452247810753,-0.3084141535070225,-0.06863107127405282
53.400000000000006,-0.38717085753872477,-0.31257429809099196,-0.0745965594477328
53.45,-0.36130073826804837,-0.2917526410797935,-0.06954809718825489
53.5,-0.3054838699489064,-0.24993461955803103,-0.05554925039087538
53.550000000000004,-0.2205891218811353,-0.18672500151765897,-0.03386412036347633
53.6,-0.11168701698121082,-0.10258153665162657,-0.009105480329584248
53.650000000000006,0.004259291054592882,-0.004082520849817901,0.008341811904410783
53.7,0.10235958412270431,0.09373437827430034,0.008625205848403969
53.75,0.1634653424684567,0.17021170235450583,-0.00674635988604913
53.800000000000004,0.1852646834684656,0.2073845556273487,-0.022119872158883086
53.85,0.18062911754550331,0.20014955762914402,-0.019520440083640705
53.900000000000006,0.16545230652085455,0.16128190374006765,0.004170402780786897
53.95,0.1480453432318169,0.11574646286834714,0.032298880363469756
54.0,0.1293235166395493,0.08614457820397978,0.043178938435569525
54.050000000000004,0.11094019842905757,0.07923868874722509,0.03170150968183248
54.1,0.10032271961352394,0.08438369134403549,0.015939028269488453
54.150000000000006,0.10594413793419895,0.08574211213556399,0.020202025798634962
54.2,0.1280255784250357,0.07816848896950736,0.049857089455528344
54.25,0.15586916186607017,0.07265894187310856,0.0832102199929616
54.300000000000004,0.17618996368777876,0.08599256208651777,0.09019740160126098
54.35,0.18437760364331204,0.12348298188008885,0.06089462176322319
54.400000000000006,0.186424902936722,0.17046971073088377,0.015955192205838242
54.45,0.1886680378548041,0.2006485218942843,-0.01198048403948021
54.5,0.18601205237733023,0.19427201641220065,-0.00825996403487042
54.550000000000004,0.16230011210430456,0.15069450188044495,0.011605610223859614
54.6,0.1047838675269764,0.08557966378898768,0.019204203737988715
54.650000000000006,0.01968175327606276,0.01735822024188187,0.00232353303418089
54.7,-0.0668763400543311,-0.043684403044043904,-0.023191937010287197
54.75,-0.12515307983010288,-0.09501742221322587,-0.030135657616877004
54.800000000000004,-0.14176672428916384,-0.13405869434798226,-0.007708029941181582
54.85,-0.1263546728012011,-0.15402416192254184,0.027669489121340735
54.900000000000006,-0.10061089088536936,-0.14918887394356997,0.048577983058200616
54.95,-0.08123632184006424,-0.12370093658214831,0.04246461474208407
55.0,-0.07201480392516532,-0.09299177071881064,0.020976966793645316
55.050000000000004,-0.06924222685092252,-0.07406820345506068,0.004825976604138166
55.1,-0.07139545444905415,-0.07309022364546194,0.0016947691964077916
55.150000000000006,-0.08184251109533013,-0.08259161107041481,0.0007490999750846827
55.2,-0.1033269704764878,-0.09165629712731602,-0.011670673349171781
55.25,-0.13286231376858817,-0.09913939687675859,-0.03372291689182959
55.300000000000004,-0.1644092912697866,-0.11628438286906978,-0.048124908400716815
55.35,-0.19628147360452414,-0.15520810245191255,-0.04107337115261159
55.400000000000006,-0.23323268400135166,-0.21393400117567046,-0.0192986828256812
55.45,-0.2784514873950213,-0.2727045949321741,-0.0057468924628472084
55.5,-0.3229680003512897,-0.3059122333087341,-0.01705576704255557
55.550000000000004,-0.34527042623777987,-0.2992829588857659,-0.04598746735201398
55.6,-0.32498512530520296,-0.25733413857810095,-0.06765098672710201
55.650000000000006,-0.25957197982789404,-0.19584367194956578,-0.06372830787832826
55.7,-0.16793862178242452,-0.12813048245283468,-0.03980813932958985
55.75,-0.07621659979992254,-0.05844377990641605,-0.017772819893506493
55.800000000000004,0.001831582558992141,0.013109747510430142,-0.011278164951438002
55.85,0.07161665441965925,0.08212419152554606,-0.01050753710588681
55.900000000000006,0.14580433411969773,0.13900991553621078,0.00679441858348695
55.95,0.22610175987817963,0.17755978572161207,0.04854197415656755
56.0,0.2973066767913667,0.203466572971536,0.09384010381983068
56.050000000000004,0.33978170176501515,0.23197854275134344,0.10780315901367171
56.1,0.3479441978601122,0.27446391064961123,0.07348028721050098
56.150000000000006,0.33620993338388805,0.32556588698927064,0.010644046394617412
56.2,0.32616514331426083,0.36364109935864886,-0.037475956044388026
56.25,0.3271135583806958,0.36573535005930685,-0.03862179167861107
56.300000000000004,0.3283247716413017,0.32513406575113196,0.0031907058901697316
56.35,0.30960053012292515,0.2569054848238514,0.05269504529907376
56.400000000000006,0.2592854470067588,0.18705415589662389,0.07223129111013493
56.45,0.18281006073110934,0.1343645722102278,0.04844548852088154
56.5,0.09535058716355438,0.0989705955738603,-0.003620008410305922
56.550000000000004,0.007813492146849005,0.06497052543750972,-0.05715703329066072
56.6,-0.07948062050848527,0.01321356582005362,-0.09269418632853889
56.650000000000006,-0.17038001250779672,-0.06564509039430345,-0.10473492211349326
56.7,-0.2619557034940659,-0.1653297041809494,-0.0966259993131165
56.75,-0.34088293256605784,-0.2665055798743812,-0.07437735269167661
56.800000000000004,-0.3904723693506114,-0.34457082013701495,-0.04590154921359646
56.85,-0.4008503420570562,-0.3790334142859261,-0.021816927771130146
56.900000000000006,-0.37283676095739765,-0.36155165256657673,-0.01128510839082092
56.95,-0.3138557295888936,-0.29960623569802786,-0.014249493890865716
57.0,-0.23240885846602025,-0.2131936680961126,-0.019215190369907653
57.050000000000004,-0.13748470473315144,-0.12518953792371787,-0.012295166809433572
57.1,-0.04187986718125691,-0.05096468734093168,0.009084820159674767
57.150000000000006,0.03719659732914885,0.005411120978077889,0.031785476351070964
57.2,0.08413410257874285,0.04583130212461371,0.038302800454129135
57.25,0.09352177946869188,0.06936304472786473,0.02415873474082715
57.300000000000004,0.07328253052490594,0.069496566241305,0.003785964283600937
57.35,0.038961394195060096,0.04146029966536047,-0.0024989054703003707
57.400000000000006,0.004369128060438578,-0.006926743146383636,0.011295871206822215
57.45,-0.022935082721959408,-0.05273249441971852,0.029797411697759114
57.5,-0.03842446919461907,-0.06929059060800101,0.030866121413381943
57.550000000000004,-0.03526250223599096,-0.04392328570607145,0.008660783470080494
57.6,-0.004764217418980348,0.013030801056599374,-0.017795018475579724
57.650000000000006,0.055892938286659546,0.07654943408738488,-0.02065649580072533
57.7,0.13585154458982968,0.12593380418879957,0.009917740401030106
57.75,0.21148749358384666,0.15775640023197726,0.0537310933518694
57.800000000000004,0.257626172910367,0.18143880146024932,0.07618737145011767
57.85,0.2612819584805546,0.20265069641180247,0.058631262068752105
57.900000000000006,0.2275378665544556,0.21172946016454225,0.01580840638991335
57.95,0.1735665138238032,0.18980451035963866,-0.016237996535835464
58.0,0.11614897526798032,0.12789267155597406,-0.011743696287993738
58.050000000000004,0.06230953030757204,0.040482525901953635,0.021827004405618404
58.1,0.009073329927809555,-0.04107359269360461,0.05014692262141417
58.150000000000006,-0.04909902220463062,-0.09134029775298375,0.04224127554835313
58.2,-0.11175289098325993,-0.10961490875520079,-0.0021379822280591376
58.25,-0.16908264096550568,-0.11708123050107538,-0.0520014104644303
58.300000000000004,-0.20596863242373506,-0.13435299351321583,-0.07161563891051922
58.35,-0.21081651040470334,-0.16032192860256544,-0.050494581802137894
58.400000000000006,-0.18362339593403967,-0.17285345733320914,-0.010769938600830531
58.45,-0.1377024764286519,-0.15155318137381657,0.01385070494516466
58.5,-0.0928552277678645,-0.10111866112885297,0.008263433360988462
58.550000000000004,-0.06341900241193624,-0.05165198946674462,-0.01176701294519162
58.6,-0.04918427560870186,-0.033062275728972614,-0.016121999879729246
58.650000000000006,-0.036484861592362756,-0.0458642577855486,0.00937939619318584
58.7,-0.009749688787694371,-0.056444727784585896,0.04669503899689152
58.75,0.03487136234651187,-0.02435734712817035,0.05922870947468222
58.800000000000004,0.084927112392318,0.0600960973195927,0.024831015072725296
58.85,0.12046902307178671,0.16114710762981474,-0.04067808455802803
58.900000000000006,0.1292681235397489,0.22084947167460234,-0.09158134813485344
58.95,0.11566192116588384,0.20298600418921103,-0.0873240830233272
59.0,0.09571268854093591,0.121695425091669,-0.02598273655073309
59.050000000000004,0.08348778211016787,0.03112431440847595,0.052363467701691924
59.1,0.08086498036242312,-0.01506878163354554,0.09593376199596866
59.150000000000006,0.0792450696756027,-0.0009985352838933355,0.08024360495949603
59.2,0.07004517269600503,0.04634404230218144,0.023701130393823593
59.25,0.05316607563425153,0.0847366416893005,-0.03157056605504896
59.300000000000004,0.035951123897672056,0.09093624724485785,-0.0549851233471858
59.35,0.02540295722706746,0.07307161181646632,-0.04766865458939886
59.400000000000006,0.022755863214384983,0.05506025667544139,-0.03230439346105641
59.45,0.025723982249749016,0.051806781645550984,-0.026082799395801968
59.5,0.03461241894736888,0.059112728218631935,-0.02450030927126306
59.550000000000004,0.05423860660971298,0.06497851264377617,-0.01073990603406319
59.6,0.08876545372591929,0.06746561268370074,0.021299841042218548
59.650000000000006,0.13503237864417086,0.07919827117257609,0.05583410747159477
59.7,0.18203238812492187,0.11352396956407639,0.06850841856084548
59.75,0.2173850297828777,0.16650878509795217,0.05087624468492552
59.800000000000004,0.23375539560881597,0.21336778932963318,0.02038760627918279
59.85,0.2284504231872225,0.22394189612897614,0.004508527058246364
59.900000000000006,0.19794096878335424,0.18375780001803116,0.014183168765323079
59.95,0.13602174763227554,0.1025720670397084,0.03344968059256713
60.0,0.040893008967877224,0.004703005365439199,0.03619000360243803
60.050000000000004,-0.07469893100464235,-0.08808193946239744,0.013383008457755086
60.1,-0.18264931767812903,-0.16571713918601563,-0.016932178492113398
60.150000000000006,-0.25350834027376024,-0.22592902559719308,-0.027579314676567157
60.2,-0.2758764083673673,-0.2656813951374944,-0.010195013229872929
60.25,-0.2640289648001063,-0.27933099446072124,0.015302029660614946
60.300000000000004,-0.24559429491760282,-0.2654070840013571,0.01981278908375428
60.35,-0.23942584800967143,-0.23324566653118262,-0.006180181478488811
60.400000000000006,-0.2435406690569475,-0.2004590355363837,-0.043081633520563795
60.45,-0.2436557177063514,-0.18227213752430665,-0.061383580182044734
60.5,-0.23286541539641736,-0.1827880536629632,-0.05007736173345417
60.550000000000004,-0.2220503326909355,-0.1962693600537812,-0.025780972637154287
60.6,-0.2299189580187063,-0.21573023238394515,-0.014188725634761146
60.650000000000006,-0.26217588686995524,-0.23845505268961523,-0.023720834180340017
60.7,-0.30063542050137904,-0.26211750795625505,-0.03851791254512399
60.75,-0.3137364705528815,-0.2767022652838731,-0.03703420526900841
60.800000000000004,-0.27921445809410533,-0.26360391200317823,-0.015610546090927102
60.85,-0.1983301457127952,-0.20657531149855524,0.008245165785760039
60.900000000000006,-0.09007849146595433,-0.10601107850729559,0.015932587041341262
60.95,0.026433257121977326,0.017508428559348255,0.008924828562629071
61.0,0.1428862624711437,0.13550145848847822,0.007384803982665472
61.050000000000004,0.2563627330628812,0.2294888934853087,0.0268738395775725
61.1,0.35631595564469737,0.2982629211962475,0.05805303444844989
61.150000000000006,0.4207371708462831,0.3483439263669095,0.07239324447937362
61.2,0.4282414805110833,0.37817413989483367,0.05006734061624962
61.25,0.3753300918548118,0.3731939777981819,0.0021361140566298897
61.300000000000004,0.2816893850178865,0.31830693920810044,-0.03661755419021395
61.35,0.1776774696605484,0.21650284143601778,-0.03882537177546938
61.400000000000006,0.08536017710784523,0.09516091509855051,-0.009800737990705286
61.45,0.010018414067617389,-0.00771630516362035,0.01773471923123774
61.5,-0.05220985048960503,-0.06657132349141097,0.014361473001805937
61.550000000000004,-0.10087833392553383,-0.08140880943048436,-0.019469524495049476
61.6,-0.1267401945049427,-0.0711293973227591,-0.055610797182183605
61.650000000000006,-0.12023465939247736,-0.05505771536762428,-0.06517694402485308
61.7,-0.08305341667826407,-0.039770531376252985,-0.04328288530201109
61.75,-0.030231429919030568,-0.02102888036121285,-0.009202549557817716
61.800000000000004,0.019341224446127334,0.004634107078918487,0.014707117367208845
61.85,0.054332289136626064,0.03203380960390197,0.02229847953272409
61.900000000000006,0.07381883440314736,0.05049052589665189,0.02332830850649547
61.95,0.08102291634274753,0.0531131211839812,0.027909795158766328
62.0,0.07659849532311727,0.04185524078614269,0.034743254536974584
62.050000000000004,0.05890549289726293,0.02391852824989649,0.034986964647366434
62.1,0.02939565794139017,0.004718044698791939,0.02467761324259823
62.150000000000006,-0.00501796914184792,-0.014720408582854654,0.009702439441006735
62.2,-0.036833319189922796,-0.03444519878293005,-0.0023881204069927456
62.25,-0.06501882459411316,-0.05214599337557426,-0.012872831218538903
62.300000000000004,-0.09555140302800266,-0.06497387614688016,-0.030577526881122502
62.35,-0.13334821730644664,-0.07457107647131107,-0.05877714083513556
62.400000000000006,-0.17333056774224692,-0.08796783312593595,-0.08536273461631097
62.45,-0.20034894980891235,-0.11073266614901785,-0.0896162836598945
62.5,-0.19916248144161047,-0.13800612770867268,-0.06115635373293779
62.550000000000004,-0.16542602347172738,-0.15334169095627329,-0.0120843325154541
62.6,-0.10755845769325555,-0.1388285917958507,0.031270134102595146
62.650000000000006,-0.03859315409791493,-0.08865434534624965,0.05006119124833472
62.7,0.03312970969356773,-0.01392854861349971,0.04705825830706744
62.75,0.10539642693904744,0.06559994275773007,0.03979648418131737
62.800000000000004,0.17574284608814883,0.1348658238821414,0.04087702220600742
62.85,0.23562537182144025,0.18943786103703225,0.046187510784408
62.900000000000006,0.27228641578820606,0.22994857013221484,0.04233784565599122
62.95,0.27666279249208864,0.2530392902703982,0.023623502221690462
63.0,0.24924786381015282,0.250064355436457,-0.0008164916263041777
63.050000000000004,0.19851178637913858,0.21563485330399226,-0.017123066924853686
63.1,0.1346739962050484,0.15646938884035178,-0.021795392635303362
63.150000000000006,0.06584731202666835,0.08975065321787631,-0.02390334119120796
63.2,-0.0005592732676828892,0.031113038660227677,-0.03167231192791057
63.25,-0.05533546846545661,-0.01597677148901714,-0.03935869697643947
63.300000000000004,-0.0893241612275452,-0.058187202092641124,-0.03113695913490408
63.35,-0.09907811010652949,-0.09931648973621504,0.0002383796296855506
63.400000000000006,-0.0898454356643485,-0.1301493892607655,0.040303953596417
63.45,-0.07128295379654552,-0.13317903277462284,0.06189607897807732
63.5,-0.04949377396743611,-0.09932003734014053,0.04982626337270442
63.550000000000004,-0.023997685579654975,-0.04063387473787931,0.016636189158224332
63.6,0.006597305716456015,0.014473604044031056,-0.00787629832757504
63.650000000000006,0.03658583600456539,0.040807646090186486,-0.004221810085621093
63.7,0.053077124238456494,0.03364900311979513,0.019428121118661365
63.75,0.04619215516588755,0.008705173164527123,0.03748698200136043
63.800000000000004,0.01988088160516565,-0.013896389036994389,0.03377727064216004
63.85,-0.00901323954987472,-0.025736438635995434,0.016723199086120716
63.900000000000006,-0.024785361226421755,-0.03204157240241737,0.0072562111759956124
63.95,-0.027204085574620004,-0.04039667505842416,0.013192589483804158
64.0,-0.03137586197616298,-0.050191772680420695,0.018815910704257713
64.05,-0.051963465690930945,-0.05432211074590178,0.002358645054970833
64.10000000000001,-0.08659307669513461,-0.050026188721796566,-0.03656688797333804
64.15,-0.11501109496025735,-0.04495609590094957,-0.07005499905930779
64.2,-0.11545044602605346,-0.04951715406313353,-0.06593329196291994
64.25,-0.0827253536767776,-0.06225956789309826,-0.020465785783679337
64.3,-0.031101700315664258,-0.0647733568927024,0.03367165657703815
64.35000000000001,0.01954280073778833,-0.03487045244147931,0.05441325317926764
64.4,0.059451476895553496,0.03160380504034132,0.027847671855212176
64.45,0.0914245081978452,0.11077956763561038,-0.01935505943776518
64.5,0.12001719024895911,0.16432688951142027,-0.04430969926246116
64.55,0.1415513008339851,0.1671836226261651,-0.02563232179218
64.60000000000001,0.14664647064187225,0.126262007547317,0.020384463094555244
64.65,0.1314790529601607,0.07390454853100525,0.05757450442915546
64.7,0.10322776638762976,0.04159802001012031,0.06162974637750945
64.75,0.07183599352436337,0.03623205738571063,0.035603936138652745
64.8,0.03714866708203698,0.03811133792080796,-0.000962670838770982
64.85000000000001,-0.011994757370736563,0.020544351105443975,-0.03253910847618054
64.9,-0.08220425095323282,-0.026960669262647154,-0.055243581690585665
64.95,-0.15881585869566708,-0.0908663475030357,-0.06794951119263139
65.0,-0.20850094894084767,-0.14522532194953813,-0.06327562699130954
65.05,-0.20399674298172057,-0.1706546802652529,-0.03334206271646767
65.10000000000001,-0.14971705024136936,-0.16493864380903026,0.015221593567660896
65.15,-0.08230678050087488,-0.13938714522403906,0.057080364723164176
65.2,-0.04230480609004543,-0.10758494833335543,0.06528014224331
65.25,-0.04149351606016657,-0.07724103030062143,0.035747514240454865
65.3,-0.05635196422410183,-0.0500309984535361,-0.006320965770565734
65.35000000000001,-0.05383223868603261,-0.026151869219590593,-0.027680369466442017
65.4,-0.024461267771008585,-0.007554794237264325,-0.016906473533744262
65.45,0.00931049318031749,0.0026817703162397974,0.006628722864077692
65.5,0.0169482553685917,0.002817505704896063,0.014130749663695638
65.55,-0.008679595802483439,-0.006205703804190262,-0.002473891998293177
65.60000000000001,-0.04391165736802848,-0.02116786806239368,-0.022743789305634803
65.65,-0.057999900000180696,-0.0374294414856066,-0.0205704585145741
65.7,-0.04341370606355454,-0.0495634214542828,0.006149715390728262
65.75,-0.02195841709875115,-0.0526155509215383,0.03065713382278715
65.8,-0.020969348928778383,-0.0445879417588107,0.023618592830032318
65.85000000000001,-0.04438035460799229,-0.02862730946336778,-0.01575304514462451
65.9,-0.06833609260926629,-0.012253341179455387,-0.0560827514298109
65.95,-0.06560075478016955,-0.002949768263874381,-0.06265098651629517
66.0,-0.03362089198555886,-0.0030634979506909575,-0.0305573940348679
66.05,0.0023380865362866514,-0.008325114798139795,0.010663201334426447
66.10000000000001,0.014040982973300874,-0.011450576010571076,0.02549155898387195
66.15,-0.001894951436369537,-0.0076802149887518385,0.005785263552382302
66.2,-0.020572554796244157,0.002640858522618613,-0.02321341331886277
66.25,-0.0123414550311356,0.016337202827937054,-0.028678657859072657
66.3,0.030284724650221233,0.03163487122409473,-0.0013501465738734973
66.35000000000001,0.08743158316269982,0.04971819020634613,0.03771339295635369
66.4,0.1306330899152647,0.0720144631595136,0.05861862675575111
66.45,0.14506357608568812,0.09620012878753367,0.04886344729815445
66.5,0.13458698516970144,0.11530178226602475,0.01928520290367669
66.55,0.10918017933095328,0.12109870720405369,-0.01191852787310041
66.60000000000001,0.07203877859134418,0.10874776302751334,-0.036708984436169156
66.65,0.020857979343994075,0.07864687493850588,-0.0577888955945118
66.7,-0.04041970465340398,0.034822591637076496,-0.07524229629048047
66.75,-0.09542543756557337,-0.017147200479708996,-0.07827823708586437
66.8,-0.12389326485443627,-0.0696849456727799,-0.054208319181656375
66.85000000000001,-0.11662241846053306,-0.11110772425252584,-0.005514694208007223
66.9,-0.0808363455103471,-0.1261346131641568,0.045298267653809704
66.95,-0.030562218886781026,-0.10199152030733884,0.07142930142055781
67.0,0.02653138576183029,-0.03759109631887016,0.06412248208070045
67.05,0.09070917446270614,0.05131275445246445,0.03939642001024169
67.10000000000001,0.15890575398597875,0.13677483655305483,0.02213091743292392
67.15,0.21520039960725665,0.19189153137027107,0.02330886823698558
67.2,0.23700560910699373,0.20435302887417983,0.032652580232813894
67.25,0.21359044618431888,0.18111187343561636,0.03247857274870253
67.3,0.15825386225431615,0.1412557548649504,0.016998107389365746
67.35000000000001,0.09980789490434668,0.10272571458920751,-0.0029178196848608368
67.4,0.059687187185918957,0.0725284441038716,-0.012841256917952647
67.45,0.036412029397495674,0.046615356627888856,-0.010203327230393182
67.5,0.012392057444338224,0.017795591329389123,-0.005403533885050899
67.55,-0.024516411854431413,-0.015741700560891008,-0.008774711293540405
67.60000000000001,-0.06723332181558048,-0.048220839381246015,-0.01901248243433446
67.65,-0.09744768445581867,-0.07148638505759791,-0.025961299398220755
67.7,-0.10617323742727779,-0.08256306720417073,-0.02361017022310706
67.75,-0.1042943098090722,-0.08685190296102677,-0.017442406848045433
67.8,-0.11122657931969035,-0.09407548050883899,-0.017151098810851362
67.85000000000001,-0.13332493866708828,-0.11009591950583136,-0.023229019161256914
67.9,-0.1550420601558585,-0.1311253113813543,-0.0239167487745042
67.95,-0.15286983306530663,-0.14506495124758712,-0.007804881817719517
68.0,-0.11832259715454072,-0.13925326901276813,0.020930671858227418
68.05,-0.06665158393538054,-0.10905970267428411,0.04240811873890357
68.10000000000001,-0.02265516123603414,-0.061234964790855016,0.03857980355482088
68.15,0.0015924238937527393,-0.009980381674221847,0.011572805567974586
68.2,0.014548855264633379,0.030979074339623904,-0.016430219074990524
68.25,0.031734168777041494,0.054609662893630215,-0.02287549411658872
68.3,0.05641093820422838,0.06147793050046228,-0.005066992296233905
68.35000000000001,0.07521633695496459,0.056280507639834845,0.018935829315129743
68.4,0.07293837617344037,0.043911302996784585,0.029027073176655788
68.45,0.050136634064394434,0.02817452667679208,0.021962107387602355
68.5,0.024616225509242404,0.012919451870453205,0.0116967736387892
68.55,0.01517513443609117,0.002929284553963001,0.012245849882128169
68.60000000000001,0.024596041109173114,0.002576532430447566,0.022019508678725548
68.65,0.03900204631555302,0.013065765023355762,0.025936281292197258
68.7,0.043028702522672574,0.030963300344324717,0.012065402178347857
68.75,0.03417900618036398,0.04970577598517879,-0.015526769804814815
68.8,0.022092908250486373,0.06298834407159681,-0.04089543582111044
68.85000000000001,0.015684728410373976,0.06729513280929132,-0.05161040439891734
68.9,0.013786525327979455,0.062006216282038805,-0.04821969095405935
68.95,0.009508835194800891,0.048130229784915324,-0.03862139459011443
69.0,0.0019018851842246048,0.02786233997248555,-0.025960454788260947
69.05,-0.0001232965982815702,0.005573810830189511,-0.005697107428471081
69.10000000000001,0.012558931844575382,-0.011674055951180082,0.024232987795755466
69.15,0.03672574884456834,-0.0163918724136229,0.05311762125819124
69.2,0.05660781159560639,-0.005370724572620805,0.0619785361682272
69.25,0.05810622609695366,0.016665149503430284,0.04144107659352338
69.3,0.042726838822000915,0.03818873148194215,0.004538107340058765
69.35000000000001,0.025429151870501036,0.04696708433324038,-0.021537932462739343
69.4,0.017540628146184106,0.03701092268723669,-0.019470294541052587
69.45,0.012966238494534967,0.011299957950617476,0.00166628054391749
69.5,-0.006121181856381637,-0.021317537813340854,0.015196355956959217
69.55,-0.04825406715758841,-0.051866651763291645,0.0036125846057032326
69.60000000000001,-0.09794954457775203,-0.07476804426667942,-0.023181500311072606
69.65,-0.12429760313363758,-0.08712946995485017,-0.03716813317878741
69.7,-0.10667351806060989,-0.08621509495849625,-0.02045842310211364
69.75,-0.05329129339445286,-0.06909475652434849,0.015803463129895626
69.8,0.005520262502962805,-0.03574908538907919,0.041269347892041994
69.85000000000001,0.042748943361132406,0.007301410296462212,0.035447533064670196
69.9,0.05418869449979765,0.04715431582716256,0.007034378672635087
69.95,0.05430390028546687,0.06981528703743943,-0.015511386751972563
70.0,0.055268084654812324,0.06738520972500898,-0.01211712507019666
70.05,0.05243475338251316,0.04199309695869177,0.010441656423821388
70.10000000000001,0.03120495162410117,0.0037950712197070834,0.02740988040439409
70.15,-0.013331792010694657,-0.035098818650285614,0.02176702663959096
70.2,-0.06621813630612544,-0.06627609715506394,5.796084893849862e-05
70.25,-0.10361173736889014,-0.08694640387882448,-0.01666533349006566
70.3,-0.1136823917529585,-0.09823423608617504,-0.015448155666783453
70.35000000000001,-0.10555914425727556,-0.10235662356481061,-0.003202520692464947
70.4,-0.09737008612275609,-0.10096643568778069,0.0035963495650245952
70.45,-0.09670873216532341,-0.09506186377158964,-0.0016468683937337775
70.5,-0.09451084933155605,-0.08549764790804999,-0.009013201423506062
70.55,-0.0783083203850563,-0.07327998911012153,-0.005028331274934766
70.60000000000001,-0.049594275116174764,-0.0596648245321066,0.010070549415931836
70.65,-0.0256064537132248,-0.04633198567775002,0.020725531964525222
70.7,-0.022926759984481578,-0.03541296585960469,0.012486205875123113
70.75,-0.04029911639453544,-0.028859797794815543,-0.0114393185997199
70.8,-0.05924766869468222,-0.027241651257504263,-0.03200601743717796
70.85000000000001,-0.062096294477403335,-0.028965254727734945,-0.03313103974966839
70.9,-0.04836196007404598,-0.030917421579856264,-0.017444538494189716
70.95,-0.032384319105697744,-0.030293820720877718,-0.002090498384820026
71.0,-0.025426882930907686,-0.026069821923944064,0.000642938993036378
71.05,-0.022256859391077473,-0.018694746951964412,-0.003562112439113061
71.10000000000001,-0.007146022559952566,-0.008287005354731387,0.0011409827947788205
71.15,0.027222343697154195,0.006723322404841381,0.020499021292312812
71.2,0.06895126170742162,0.02871622522150708,0.04023503648591454
71.25,0.09679574644874914,0.05805728602252377,0.03873846042622537
71.3,0.10076190121120003,0.0907290530067911,0.010032848204408931
71.35000000000001,0.09136179843250354,0.11886693439894201,-0.02750513596643847
71.4,0.08720177264950058,0.1343898199216979,-0.04718804727219733
71.45,0.09396376284821335,0.13329142666582963,-0.03932766381761628
71.5,0.09762160519091564,0.11750282804648496,-0.019881222855569314
71.55,0.07989573755676038,0.09312573487025459,-0.01322999731349421
71.60000000000001,0.03994120973236975,0.06661230723869085,-0.026671097506321108
71.65,-0.0011494673665765431,0.0418088555491097,-0.04295832291568624
71.7,-0.018804389013402475,0.019745819476440093,-0.03855020848984257
71.75,-0.007804097449608453,0.0007275557008052444,-0.008531653150413697
71.8,0.014217299972973264,-0.013394717320008685,0.027612017292981947
71.85000000000001,0.026291988791586823,-0.018764103253863015,0.04505609204544984
71.9,0.026066859239533193,-0.01135458108362828,0.03742144032316147
71.95,0.030819763469607166,0.01006038672146484,0.020759376748142325
72.0,0.056223817882204534,0.0417135885828056,0.014510229299398936
72.05,0.09536751835281262,0.0749348712562372,0.020432647096575426
72.10000000000001,0.120912884022105,0.09886672842602724,0.022046155596077754
72.15,0.10944785659575978,0.10476379593969012,0.004684060656069661
72.2,0.06382679597688727,0.08984664414480649,-0.02601984816791922
72.25,0.010949286572458966,0.05865132549703544,-0.04770203892457647
72.3,-0.022647095608783214,0.02098807146827166,-0.04363516707705488
72.35000000000001,-0.032737420115345583,-0.012489377999158417,-0.020248042116187165
72.4,-0.03563356880999715,-0.0346634017536914,-0.0009701670563057527
72.45,-0.04645652041402611,-0.043931340300276824,-0.0025251801137492896
72.5,-0.061478638354912754,-0.04309307528270263,-0.018385563072210127
72.55,-0.06305633630669484,-0.03648093599900512,-0.02657540030768972
72.60000000000001,-0.040881077759734166,-0.027525142409304988,-0.013355935350429178
72.65,-0.00582459186461277,-0.018087871874911853,0.012263280010299082
72.7,0.019072898196269023,-0.00921027528227187,0.028283173478540893
72.75,0.02113046413124717,-0.0019024024261113633,0.023032866557358533
72.8,0.010099943112609028,0.002984004000362082,0.007115939112246946
72.85000000000001,0.006941628771193526,0.005531989201305007,0.001409639569888519
72.9,0.02132049923505926,0.007144383166323189,0.014176116068736071
72.95,0.04179586920010599,0.009868942825247713,0.03192692637485828
73.0,0.04896690837239938,0.015040817750836252,0.033926090621563126
73.05,0.03717080894117931,0.022282628000560106,0.014888180940619201
73.10000000000001,0.02112991912210495,0.02960624844503092,-0.008476329322925968
73.15,0.020108293870886997,0.0344775886601228,-0.014369294789235803
73.2,0.036444613240012254,0.0350657052558839,0.0013789079841283539
73.25,0.051753020473590795,0.03095074580894347,0.020802274664647326
73.3,0.045545129403188986,0.023070195407569185,0.0224749339956198
73.35000000000001,0.01704392261428884,0.013118988983825413,0.003924933630463428
73.4,-0.01295750600634231,0.002750085104412117,-0.015707591110754426
73.45,-0.02274978128183029,-0.007108871216361607,-0.01564091006546868
73.5,-0.011800079800097228,-0.01653525824861593,0.004735178448518703
73.55,-0.0013826478460920567,-0.02630431204827531,0.024921664202183252
73.60000000000001,-0.012900082237199628,-0.037133791792424695,0.024233709555225066
73.65,-0.04607320044789923,-0.0490080886179869,0.0029348881700876697
73.7,-0.07925359737470017,-0.06114153579906452,-0.01811206157563565
73.75,-0.09126505795369078,-0.07260743956331403,-0.018657618390376746
73.8,-0.08219154249590878,-0.08296769846665032,0.0007761559707415433
73.85000000000001,-0.07203077683856592,-0.09213657235280094,0.020105795514235025
73.9,-0.07918335383166637,-0.09948723187489915,0.020303878043232776
73.95,-0.10124855498404657,-0.1032013004368798,0.001952745452833235
74.0,-0.11760402136399499,-0.10096962947905505,-0.01663439188493994
74.05,-0.1104821758925143,-0.09198134344235664,-0.018500832450157656
74.10000000000001,-0.08262432443527087,-0.07861985957524655,-0.004004464860024329
74.15,-0.05396571098046884,-0.0659759239334615,0.012010212952992656
74.2,-0.04177419358256855,-0.05884332345947789,0.01706912987690934
74.25,-0.04501089390012132,-0.05816104052952867,0.013150146629407347
74.3,-0.04800968842866454,-0.059811218250487214,0.01180152982182267
74.35000000000001,-0.0379344694731853,-0.057127357216138167,0.019192887742952865
74.4,-0.016983949042929467,-0.045475182072014786,0.02849123302908532
74.45,0.002536036605983781,-0.025389482153866584,0.027925518759850367
74.5,0.013148921955719742,-0.0017840438622263675,0.01493296581794611
74.55,0.01993234475124897,0.020003110905545702,-7.076615429673153e-05
74.60000000000001,0.03287571083117699,0.03787462818168454,-0.004998917350507552
74.65,0.05323606808048093,0.053189943816502154,4.612426397877789e-05
74.7,0.0698358029895252,0.06751397543531334,0.0023218275542118555
74.75,0.06995471358639133,0.0791281811998681,-0.009173467613476774
74.8,0.05303317506104608,0.08292200465078493,-0.029888829589738854
74.85000000000001,0.03199672564242661,0.07430591355855838,-0.04230918791613177
74.9,0.020402314989172173,0.05398740369023346,-0.033585088701061284
74.95,0.019154003037556915,0.029259182351358024,-0.010105179313801109
75.0,0.017199521668609018,0.010120051299625107,0.00707947036898391
75.05,0.005504258628320178,0.0029264844139774877,0.00257777421434269
75.10000000000001,-0.011003836266095126,0.0065640555064955,-0.017567891772590626
75.15,-0.01700051922079932,0.014220211658866161,-0.03122073087966548
75.2,-0.002754628771551958,0.019241414120978212,-0.021996042892530168
75.25,0.024234542741009887,0.020182256902704712,0.0040522858383051745
75.3,0.044748521372632806,0.02093568961563051,0.023812831757002297
75.35000000000001,0.04557750119384891,0.026122387260667596,0.019455113933181313
75.4,0.03164024310237716,0.03599579794498605,-0.00435555484260889
75.45,0.020233388288640176,0.045441689943305844,-0.025208301654665668
75.5,0.023417583362847133,0.04796919458952321,-0.024551611226676075
75.55,0.036491429630421804,0.04117591250125302,-0.004684482870831216
75.60000000000001,0.04383422008628653,0.028906791351944464,0.014927428734342062
75.65,0.035356036487031166,0.01826535979255153,0.017090676694479636
75.7,0.01630008134576285,0.014099900017264265,0.002200181328498585
75.75,0.0008241342711659832,0.015624916447094597,-0.014800782175928614
75.8,-0.002952532425617346,0.017773578289657723,-0.020726110715275067
75.85000000000001,-0.0002788257964307362,0.0157253902811298,-0.016004216077560536
75.9,-0.002230290181125168,0.008566541993167412,-0.01079683217429258
75.95,-0.012326692459122192,-0.0007450371759208106,-0.01158165528320138
76.0,-0.02238362352914106,-0.008431375145787139,-0.01395224838335392
76.05,-0.02217907513739736,-0.012829546996055437,-0.009349528141341924
76.10000000000001,-0.012058988575304129,-0.014749337388136078,0.0026903488128319497
76.15,-0.004056732162053044,-0.015587252498851819,0.011530520336798775
76.2,-0.009453130599278462,-0.015567593048698498,0.006114462449420035
76.25,-0.02573865367395642,-0.013905533085377696,-0.011833120588578723
76.3,-0.03733987763658364,-0.010370066891885587,-0.026969810744698054
76.35000000000001,-0.03032686977493183,-0.006188579800175076,-0.024138289974756755
76.4,-0.006371879534182096,-0.0030223804991038397,-0.003349499035078256
76.45,0.018593149687593583,-0.0009272638095148044,0.019520413497108386
76.5,0.0300602395187475,0.002526811032976127,0.027533428485771373
76.55,0.029113884270734715,0.010765152442346985,0.01834873182838773
76.60000000000001,0.030505616312789693,0.02533816528357842,0.005167451029211272
76.65,0.046408207679376784,0.04395288264038163,0.0024553250389951556
76.7,0.0723290801956484,0.06093756921801841,0.011391510977629991
76.75,0.089635289952859,0.06976991831633085,0.019865371636528156
76.80000000000001,0.08246075003198401,0.06603545082130645,0.016425299210677563
76.85000000000001,0.05243418121467729,0.0493766785023057,0.003057502712371596
76.9,0.01707982541206887,0.023914576565139112,-0.006834751153070244
76.95,-0.005912638712785408,-0.0028449198660898214,-0.003067718846695587
77.0,-0.012850831232453874,-0.022571482817207354,0.00972065158475348
77.05000000000001,-0.013606876043152557,-0.029715392804017894,0.01610851676086534
77.10000000000001,-0.018890412267047643,-0.024654910771032323,0.00576449850398468
77.15,-0.02937953061698729,-0.01412804927057367,-0.015251481346413619
77.2,-0.03744805448276903,-0.007734070198225992,-0.029713984284543034
77.25,-0.03801444365887055,-0.012090570415592366,-0.025923873243278182
77.30000000000001,-0.03545817602067584,-0.02658169029640891,-0.008876485724266928
77.35000000000001,-0.038535145695517255,-0.04400892890982358,0.005473783214306326
77.4,-0.04896991313015702,-0.0557686445743862,0.006798731444229177
77.45,-0.05687877450766577,-0.057435189800578254,0.0005564152929124835
77.5,-0.049212267661647074,-0.050352762468085815,0.001140494806438741
77.55000000000001,-0.02332264983742303,-0.03853831594239323,0.015215666104970198
77.60000000000001,0.008408349872324833,-0.0245023556947011,0.03291070556702593
77.65,0.028367612237631616,-0.008323370106984123,0.036690982344615736
77.7,0.02874950159752081,0.009342858431543038,0.019406643165977774
77.75,0.017101774523844163,0.024066521509050493,-0.0069647469852063305
77.80000000000001,0.007149078150290933,0.028617343096816492,-0.02146826494652556
77.85000000000001,0.004596815394276153,0.01835709228479168,-0.013760276890515524
77.9,0.002629097347629009,-0.0035813590189540043,0.0062104563665830136
77.95,-0.00835629710316663,-0.026593992281409976,0.018237695178243345
78.0,-0.027243821238610005,-0.03903351640936934,0.011789695170759337
78.05000000000001,-0.03978338531549372,-0.03579798243497483,-0.003985402880518886
78.10000000000001,-0.031099594777092576,-0.02093403456474795,-0.010165560212344625
78.15,-0.001455593165420431,-0.003573827222429462,0.002118234057009031
78.2,0.030678702329953914,0.008671339691999153,0.02200736263795476
78.25,0.04254739209393217,0.013150475822617861,0.02939691627131431
78.30000000000001,0.025891358438387246,0.010612835832858982,0.015278522605528264
78.35000000000001,-0.006638360504403169,0.001914366266546361,-0.00855272677094953
78.4,-0.03331536288723507,-0.012708632872913874,-0.020606730014321197
78.45,-0.04232986910799144,-0.031335620223522265,-0.010994248884469177
78.5,-0.040467935862646034,-0.048785472957835606,0.008317537095189571
78.55000000000001,-0.044100585363420236,-0.05917094196164443,0.015070356598224192
78.60000000000001,-0.06177108484007507,-0.061105774599662446,-0.0006653102404126227
78.65,-0.08505198151516963,-0.059987195703047974,-0.025064785812121654
78.7,-0.09587337624477815,-0.06351340937308157,-0.03235996687169658
78.75,-0.08280584856749021,-0.07328332657007289,-0.009522521997417321
78.80000000000001,-0.05085707862122483,-0.08040717388243722,0.02955009526121239
78.85000000000001,-0.016216431874557853,-0.07071984956086085,0.05450341768630299
78.9,0.008185169916454562,-0.03664052808180414,0.0448256979982587
78.95,0.02237984423005814,0.014263634462697473,0.008116209767360666
79.0,0.03588710698195434,0.06227627634875913,-0.026389169366804792
79.05000000000001,0.05562090431601373,0.08874948708124908,-0.03312858276523535
79.10000000000001,0.07754822506627031,0.08907176787219642,-0.011523542805926115
79.15,0.09001855941584862,0.07472227694633127,0.01529628246951735
79.2,0.08495251632662813,0.06293770845581098,0.022014807870817152
79.25,0.06567162350884775,0.06294934718570189,0.002722276323145867
79.30000000000001,0.043915788189317996,0.0701673333959773,-0.02625154520665931
79.35000000000001,0.02934986308630807,0.07224622101083437,-0.042896357924526306
79.4,0.021939628542605942,0.060700505381594265,-0.03876087683898832
79.45,0.014324111066330808,0.03780931086250786,-0.023485199796177053
79.5,0.001274770915916325,0.013813171004445294,-0.012538400088528969
79.55000000000001,-0.013538781237308796,-0.0017182897202310781,-0.011820491517077718
79.60000000000001,-0.020384061967040287,-0.006220028512756808,-0.014164033454283478
79.65,-0.013193270355300065,-0.0035438154818358257,-0.00964945487346424
79.7,0.003440435790876016,0.001227208536647426,0.0022132272542285903
79.75,0.017144627829558116,0.005743966516615569,0.011400661312942546
79.80000000000001,0.018223207823096572,0.009958782763206043,0.008264425059890529
79.85000000000001,0.00803868403177969,0.013309901878601677,-0.005271217846821986
79.9,-0.0025427380558254407,0.013685057635585161,-0.016227795691410602
79.95,-0.0032745014328899834,0.009602946587904785,-0.012877448020794768
80.0,0.006124522342002395,0.002888138032468563,0.0032363843095338314
