x,yobs,ycalc,ydiff
0.05,1.5301523770284854e-12,-0.04289105268956955,0.042891052691099704
0.1,-2.1919741057541343e-10,-0.059786880498573045,0.059786880279375634
0.15000000000000002,-1.3321532628610604e-08,-0.052477592059123515,0.05247757873759089
0.2,-1.649194169269475e-07,-0.048695977943623375,0.04869581302420645
0.25,-4.233611179781754e-07,-0.07258734535124092,0.07258692199012294
0.30000000000000004,4.312146281555379e-06,-0.11877523142867268,0.11877954357495422
0.35000000000000003,4.132050524708436e-05,-0.15777186100948679,0.15781318151473386
0.4,0.00017266462668276362,-0.16735232383773335,0.1675249884644161
0.45,0.0004166740502646231,-0.1566675950217367,0.15708426907200132
0.5,0.00046915901593635155,-0.15703849427864383,0.1575076532945802
0.55,-0.0006532934247210991,-0.18857021413506833,0.18791692071034724
0.6000000000000001,-0.004425072620237653,-0.23797764515635228,0.23355257253611464
0.65,-0.011251977599824221,-0.27197047247500283,0.2607184948751786
0.7000000000000001,-0.017706738296371063,-0.27292008546473706,0.255213347168366
0.75,-0.014929092260399431,-0.2588555447035385,0.24392645244313907
0.8,0.00800197174820105,-0.2652342916635158,0.27323626341171686
0.8500000000000001,0.05423412423002985,-0.30656361673989974,0.36079774096992956
0.9,0.10798827807547311,-0.35903716020815446,0.4670254382836276
0.9500000000000001,0.1333904451026227,-0.3847715115450559,0.5181619566476786
1.0,0.0922822467742741,-0.37361850392992224,0.46590075070419634
1.05,-0.024165619610974347,-0.3570218197823132,0.3328562001713388
1.1,-0.17285484172271584,-0.3755764275132035,0.20272158579048769
1.1500000000000001,-0.27174927149502864,-0.43238809105130044,0.1606388195562718
1.2000000000000002,-0.2533707983863819,-0.4845203422258488,0.2311495438394669
1.25,-0.12663880743460956,-0.48847790220650844,0.3618390947718989
1.3,0.006865152146404998,-0.45534005336322986,0.46220520550963484
1.35,0.01444735608751501,-0.4502833638683791,0.4647307199558941
1.4000000000000001,-0.15675841468164575,-0.5201135816118813,0.3633551669302355
1.4500000000000002,-0.4031347539361022,-0.6110942719684527,0.20795951803235047
1.5,-0.5017408145281419,-0.5690808687815789,0.06734005425343703
1.55,-0.26308661368718983,-0.25296012842981647,-0.010126485257373363
1.6,0.299595949901309,0.3158236988504767,-0.016227748949167675
1.6500000000000001,0.9231067873615036,0.9019618020995085,0.021144985261995153
1.7000000000000002,1.2363686638330358,1.178438614682529,0.05793004915050681
1.75,1.016048514497205,0.9572051687267193,0.058843345770485556
1.8,0.37383876428988544,0.3569178083766799,0.016920955913205526
1.85,-0.28006833531296205,-0.23785337775706922,-0.04221495755589283
1.9000000000000001,-0.49702857320844473,-0.42053364987200104,-0.0764949233364437
1.9500000000000002,-0.10013885953210482,-0.04324657890009778,-0.05689228063200703
2.0,0.6810098414719529,0.6715076623478623,0.00950217912409057
2.0500000000000003,1.3569134296545133,1.2745605937684823,0.08235283588603104
2.1,1.5054276770903203,1.3872989425013755,0.1181287345889448
2.15,1.0445932460258625,0.9395939187663397,0.10499932725952277
2.2,0.2593317431796399,0.1862050077475201,0.07312673543211981
2.25,-0.42238180024803457,-0.4921179293691914,0.06973612912115684
2.3000000000000003,-0.7247160351343085,-0.8433583910642507,0.11864235592994221
2.35,-0.6730141256898692,-0.871599234153904,0.19858510846403477
2.4000000000000004,-0.5079192233391725,-0.76727090377746,0.2593516804382875
2.45,-0.4610060007341717,-0.7231230213721976,0.26211702063802594
2.5,-0.5812632042344646,-0.7909968481171681,0.20973364388270344
2.5500000000000003,-0.7377044696795855,-0.8798909423987927,0.14218647271920726
2.6,-0.7680558616719115,-0.8709353211701154,0.10287945949820387
2.6500000000000004,-0.6304092680528028,-0.7356733460789502,0.10526407802614735
2.7,-0.4311607499599613,-0.5575912661061962,0.12643051614623496
2.75,-0.32154915000375933,-0.4510811130127781,0.12953196300901876
2.8000000000000003,-0.36728489111925566,-0.46093476059962574,0.09364986948037007
2.85,-0.5072666741337323,-0.5344333272961228,0.02716665316239053
2.9000000000000004,-0.6276793673642269,-0.5853880374712866,-0.042291329892940266
2.95,-0.6730502682315278,-0.5838635556041211,-0.08918671262740674
3.0,-0.6891150889735341,-0.5840319237148262,-0.10508316525870798
3.0500000000000003,-0.7624146516959722,-0.6635768788122182,-0.09883777288375406
3.1,-0.920347510457972,-0.8343887330615107,-0.0859587773964613
3.1500000000000004,-1.0915781005770566,-1.014956939372743,-0.07662116120431373
3.2,-1.1676808630616922,-1.0983411775633907,-0.0693396854983015
3.25,-1.107570414345509,-1.0552136717166956,-0.0523567426288134
3.3000000000000003,-0.979623245130651,-0.9681328655235543,-0.011490379607096757
3.35,-0.8895746637955296,-0.948640026888183,0.05906536309265342
3.4000000000000004,-0.8517218250008444,-1.0006702771399365,0.14894845213909214
3.45,-0.7275913281866211,-0.9608697369086316,0.23327840872201056
3.5,-0.3123891627092353,-0.5976671376590322,0.28527797494979695
3.5500000000000003,0.4770296550436385,0.1844655587647279,0.29256409627891056
3.6,1.4623914198427757,1.1977302288742255,0.2646611909685501
3.6500000000000004,2.2466826682672347,2.022083092572186,0.22459957569504851
3.7,2.439167534944785,2.248549137049809,0.19061839789497625
3.75,1.9129056733772305,1.749536172054865,0.1633695013223655
3.8000000000000003,0.9046127472324863,0.7748389955430199,0.12977375168946637
3.85,-0.12381262482036508,-0.20335209824118444,0.07953947342081936
3.9000000000000004,-0.7659568971229738,-0.7843178672052418,0.018360970082268002
3.95,-0.8938085887057229,-0.8587539215969606,-0.03505466710876226
4.0,-0.6743403086208737,-0.6090880836114905,-0.06525222500938321
4.05,-0.3931451696329879,-0.31952079508164827,-0.07362437455133963
4.1000000000000005,-0.2382340000500294,-0.16225962498601512,-0.07597437506401428
4.15,-0.2058735710495317,-0.11937536721933702,-0.08649820383019467
4.2,-0.17280485732131978,-0.0688421946786032,-0.10396266264271659
4.25,-0.04287486103222403,0.07058979596466489,-0.11346465699688892
4.3,0.1659905640448562,0.2676327224821254,-0.10164215843726918
4.3500000000000005,0.3540979897008879,0.4243166959561851,-0.07021870625529719
4.4,0.43914610504747975,0.4741924894135045,-0.03504638436602475
4.45,0.4217176206597034,0.43419242668014874,-0.012474806020445317
4.5,0.36505012020997196,0.3718627259419381,-0.006812605731966126
4.55,0.3242538569477964,0.33450333039642527,-0.010249473448628865
4.6000000000000005,0.30069595676506644,0.31400133303902356,-0.013305376273957115
4.65,0.2600184217261898,0.27388759817103353,-0.013869176444843756
4.7,0.18349141733922847,0.19952675286272664,-0.016035335523498173
4.75,0.0932941368204071,0.11515871440010228,-0.021864577579695177
4.800000000000001,0.027266644452374342,0.05391398530530413,-0.026647340852929784
4.8500000000000005,-0.004416636601420105,0.019118039665484667,-0.023534676266904773
4.9,-0.030226414839302072,-0.017962742902793923,-0.012263671936508149
4.95,-0.08291185784907436,-0.08125973878099667,-0.0016521190680776898
5.0,-0.1573776220392239,-0.1552305137295395,-0.002147108309684398
5.050000000000001,-0.20772904942528891,-0.19200061433942003,-0.01572843508586888
5.1000000000000005,-0.18902316478741651,-0.15520282516001596,-0.03382033962740055
5.15,-0.10135772091721722,-0.05560354065287654,-0.04575418026434068
5.2,0.009793652514668827,0.05907991503584872,-0.04928626252117989
5.25,0.09842284482529379,0.1508404555045262,-0.052417610679232424
5.300000000000001,0.16261837070934526,0.22732580105987835,-0.06470743035053309
5.3500000000000005,0.24309803936068064,0.33015694680186214,-0.0870589074411815
5.4,0.37622560701698043,0.486614126624294,-0.11038851960731355
5.45,0.5481214449977548,0.6724596713097616,-0.12433822631200675
5.5,0.6955038779188026,0.8224701509968848,-0.12696627307808217
5.550000000000001,0.7525437057151397,0.8781565120642335,-0.12561280634909378
5.6000000000000005,0.6985603545540328,0.8268962792909617,-0.1283359247369289
5.65,0.5630166672809835,0.6978320234019408,-0.1348153561209573
5.7,0.38864551389460134,0.5245455800435421,-0.1359000661489408
5.75,0.1946191159182738,0.3168115509024658,-0.12219243498419202
5.800000000000001,-0.021590530695251766,0.07172599072068592,-0.09331652141593769
5.8500000000000005,-0.2476160968338367,-0.18838288205720574,-0.05923321477663096
5.9,-0.4264973730825322,-0.3937777385247302,-0.032719634557802024
5.95,-0.47057277404181924,-0.45061735605636927,-0.019955417985449975
6.0,-0.31412905242737943,-0.29711484268839855,-0.01701420973898088
6.050000000000001,0.03664739267768922,0.050916955465870745,-0.014269562788181527
6.1000000000000005,0.4955232500665969,0.4999048588365481,-0.004381608769951195
6.15,0.9333479999655103,0.9211329900143362,0.012215009951174083
6.2,1.2309618637826902,1.2033684693757882,0.027593394406902005
6.25,1.3160039980966858,1.2842610411752517,0.03174295692143403
6.300000000000001,1.174144619409608,1.1541989984957186,0.019945620913889295
6.3500000000000005,0.844520230543946,0.8465819105503922,-0.0020616800064462426
6.4,0.4080041348064918,0.42706969037180725,-0.019065555565315473
6.45,-0.03440959602182861,-0.019556381007947633,-0.014853215013880976
6.5,-0.3958857935453767,-0.4115853093250972,0.015699515779720508
6.550000000000001,-0.6378227385445278,-0.697400773831895,0.05957803528736727
6.6000000000000005,-0.7790958372975605,-0.8702482682797238,0.0911524309821633
6.65,-0.868341367659581,-0.9573715144609015,0.08903014680132049
6.7,-0.9382005762237821,-0.9907241873988061,0.05252361117502402
6.75,-0.9798541147300177,-0.9837096257302088,0.003855511000191103
6.800000000000001,-0.9603907135869089,-0.9329731733343264,-0.027417540252582473
6.8500000000000005,-0.8655611073110939,-0.8395426952851761,-0.026018412025917814
6.9,-0.7245783167336596,-0.7239337498869497,-0.000644566846709882
6.95,-0.5895998484162089,-0.6159712296869126,0.02637138127070371
7.0,-0.48739009206470457,-0.527094687420704,0.039704595355999406
7.050000000000001,-0.3909292816719607,-0.43393272391703863,0.043003442245077905
7.1000000000000005,-0.24295047127299044,-0.29471880413841217,0.051768332865421735
7.15,-0.014611424314816476,-0.0898393303842891,0.07522790606947262
7.2,0.2529033851789967,0.14717554643345437,0.10572783874554231
7.25,0.4633927255838884,0.33724905605373556,0.12614366953015282
7.300000000000001,0.5271884515549662,0.39984471785727754,0.12734373369768864
7.3500000000000005,0.4189028582045132,0.30146747977581645,0.11743537842869672
7.4,0.1867166567463737,0.07371391901592657,0.11300273773044713
7.45,-0.08741758383979019,-0.20867521660714342,0.12125763276735323
7.5,-0.3375122097342615,-0.469254555707916,0.13174234597365453
7.550000000000001,-0.5338143598522465,-0.6604722126613296,0.12665785280908315
7.6000000000000005,-0.6685851462000776,-0.768140468897242,0.09955532269716438
7.65,-0.7345913691706534,-0.7975223477200095,0.06293097854935614
7.7,-0.7232541969173877,-0.7593752020984744,0.03612100518108674
7.75,-0.6416414381915329,-0.6668387331116,0.02519729492006717
7.800000000000001,-0.5240832525252528,-0.5396855497535505,0.015602297228297757
7.8500000000000005,-0.41938439718260645,-0.40565106695776015,-0.013733330224846296
7.9,-0.3610803910059777,-0.29346807360642235,-0.06761231739955537
7.95,-0.346955729427984,-0.22137918561966605,-0.12557654380831798
8.0,-0.345733290432734,-0.18895192185580634,-0.15678136857692765
8.05,-0.3229949181431988,-0.17687644463489738,-0.14611847350830143
8.1,-0.26189574574490765,-0.15404139085800103,-0.10785435488690662
8.15,-0.1627732693814584,-0.08853852132319383,-0.07423474805826456
8.200000000000001,-0.028599885172560482,0.04061347762262424,-0.06921336279518472
8.25,0.14391815570057606,0.23422527984683364,-0.09030712414625758
8.3,0.35698627747177564,0.4702446418502504,-0.11325836437847475
8.35,0.5971389086760568,0.7107104246111152,-0.11357151593505843
8.4,0.8310264773748056,0.9165127857265987,-0.08548630835179305
8.450000000000001,1.018284808836113,1.0619408318373023,-0.043656023001189315
8.5,1.1304357494042103,1.1396516140296031,-0.009215864625392811
8.55,1.1591888026854718,1.1532529847886464,0.005935817896825402
8.6,1.1093155284816267,1.1047890026646394,0.004526525816987315
8.65,0.987100250632346,0.9891630980536396,-0.00206284742129359
8.700000000000001,0.7983109763910148,0.8017367809374585,-0.0034258045464437004
8.75,0.557153014867076,0.5531064765730402,0.004046538294035784
8.8,0.2937208274422561,0.27695192060596485,0.01676890683629123
8.85,0.04731404137761992,0.020714340740110384,0.02659970063750954
8.9,-0.15277790051316234,-0.1774602352512363,0.024682334738073963
8.950000000000001,-0.30323168236374143,-0.3095146491966727,0.0062829668329312804
9.0,-0.42403443331534146,-0.3993695656741394,-0.02466486764120207
9.05,-0.5371587842534058,-0.48216323235178377,-0.05499555190162203
9.1,-0.6427292874017109,-0.5742416159365661,-0.06848767146514478
9.15,-0.7115399937371962,-0.6554788266685379,-0.05606116706865838
9.200000000000001,-0.7001112450181761,-0.677843106262188,-0.0222681387559881
9.25,-0.5776798525440509,-0.5956557833052123,0.01797593076116144
9.3,-0.3469642556117192,-0.39725913644817135,0.05029488083645217
9.35,-0.04656824958581084,-0.11673426577616901,0.07016601619035817
9.4,0.26400629105376033,0.18114233362439927,0.08286395742936106
9.450000000000001,0.5258091864580218,0.43052526407006764,0.09528392238795413
9.5,0.6964154323372848,0.587906469074504,0.10850896326278081
9.55,0.754981996765997,0.636634825228525,0.11834717153747198
9.600000000000001,0.6990870077146997,0.5771113696333096,0.12197563808139011
9.65,0.5401561672445089,0.41806050021562513,0.12209566702888375
9.700000000000001,0.30215270066818717,0.17911323505547336,0.12303946561271381
9.75,0.02215261620489509,-0.10076881863946435,0.12292143484435944
9.8,-0.25310142539282116,-0.3646500018193191,0.11154857642649796
9.850000000000001,-0.4787715776633566,-0.5574045116689105,0.07863293400555388
9.9,-0.6279229370728876,-0.6535832632100185,0.025660326137130873
9.950000000000001,-0.7010947068334356,-0.6704455626389106,-0.030649144194524913
10.0,-0.7201058234860837,-0.6515857603823354,-0.06852006310374825
10.05,-0.7082187747934002,-0.6310784950282754,-0.07714027976512483
10.100000000000001,-0.6713479387766519,-0.6069667629364265,-0.0643811758402254
10.15,-0.5963303140305187,-0.5471955279047969,-0.04913478612572186
10.200000000000001,-0.46869334179020067,-0.42354918236601774,-0.04514415942418293
10.25,-0.2945247585563757,-0.24380486001696006,-0.050719898539415664
10.3,-0.1056922264643615,-0.052894650082161154,-0.05279757638220034
10.350000000000001,0.05853677121683681,0.09899521276049635,-0.04045844154365954
10.4,0.1789052969823105,0.19400975751123653,-0.015104460528926028
10.450000000000001,0.26885629649669424,0.257686005642271,0.011170290854423226
10.5,0.36126332046091253,0.33523136235781703,0.0260319581030955
10.55,0.48083035236059024,0.4548649961918088,0.02596535616878143
10.600000000000001,0.625371521453547,0.6086614638179129,0.016710057635634157
10.65,0.7689322470897998,0.762215526167515,0.006716720922284813
10.700000000000001,0.87885999762084,0.8780229164133283,0.0008370812075116918
10.75,0.9288837853414748,0.9296363352440951,-0.0007525499026203031
10.8,0.9001820066684568,0.899779577544265,0.00040242912419186094
10.850000000000001,0.7795556783802113,0.776037701872001,0.0035179765082102854
10.9,0.5674824697575156,0.5592650105352149,0.00821745922230066
10.950000000000001,0.2936624955724428,0.28070806991147884,0.012954425660963942
11.0,0.020930845972053327,0.006021782362405729,0.014909063609647596
11.05,-0.17809139863714846,-0.18979596773843208,0.011704569101283618
11.100000000000001,-0.2622571409340928,-0.2652607030573842,0.0030035621232913923
11.15,-0.24913093474604317,-0.2397246266156406,-0.00940630813040258
11.200000000000001,-0.2018592119318164,-0.17958307558000322,-0.02227613635181319
11.25,-0.18249035027433255,-0.1514710985536113,-0.031019251720721258
11.3,-0.20944883508829107,-0.17958901344645936,-0.029859821641831708
11.350000000000001,-0.25453326374467156,-0.24058197076998508,-0.013951292974686474
11.4,-0.27918944587357003,-0.295594892072154,0.016405446198583973
11.450000000000001,-0.2741010992284279,-0.3269746142389884,0.05287351501056048
11.5,-0.26501456874559454,-0.34669220044153287,0.08167763169593834
11.55,-0.2823627207928096,-0.37387735503338493,0.09151463424057532
11.600000000000001,-0.328194354754153,-0.40908122587239837,0.08088687111824538
11.65,-0.37514647517016114,-0.4333689300237437,0.05822245485358257
11.700000000000001,-0.39776721209017807,-0.43206111442494016,0.034293902334762094
11.75,-0.4019279995119651,-0.41583668449497146,0.013908684983006347
11.8,-0.41930798611082465,-0.4140594246596576,-0.005248561451167033
11.850000000000001,-0.47027112276603694,-0.44426871192914114,-0.026002410836895806
11.9,-0.5326507466459326,-0.48770656102339527,-0.044944185622537325
11.950000000000001,-0.5502130437039627,-0.4966432625387937,-0.05356978116516903
12.0,-0.47566891721237514,-0.4288547400614918,-0.04681417715088332
12.05,-0.3082359420237755,-0.2783589369329818,-0.029877005090793718
12.100000000000001,-0.09066939253102693,-0.0755820186602297,-0.015087373870797227
12.15,0.1291895598972902,0.14000843902867435,-0.010818879131384157
12.200000000000001,0.33261700614304834,0.3462379857385715,-0.013620979595523164
12.25,0.5262819017709655,0.5387633134407446,-0.012481411669779119
12.3,0.7073672639557705,0.7091188153459953,-0.0017515513902247593
12.350000000000001,0.8375344105036389,0.8268264259315397,0.010707984572099205
12.4,0.8574445756600828,0.8474675935904329,0.00997698206964992
12.450000000000001,0.7320254469709189,0.7418971949661822,-0.009871747995263358
12.5,0.48425746714142504,0.5206240798034881,-0.03636661266206309
12.55,0.1850065227824679,0.23237552831007052,-0.04736900552760262
12.600000000000001,-0.09162506115998675,-0.05975953546177618,-0.03186552569821057
12.65,-0.30629557316532885,-0.30300019426218827,-0.003295378903140578
12.700000000000001,-0.4545860762145985,-0.46375324578188376,0.00916716956728525
12.75,-0.5381605741098735,-0.5239852424744333,-0.014175331635440158
12.8,-0.544028486926996,-0.4800282176554555,-0.06400026927154051
12.850000000000001,-0.45692172053157065,-0.3500871699477984,-0.10683455058377223
12.9,-0.29112543853789197,-0.17943508358138374,-0.11169035495650823
12.950000000000001,-0.10411056235353702,-0.02824792183925383,-0.0758626405142832
13.0,0.029364048607516832,0.05675832513098031,-0.027394276523463476
13.05,0.0638892632239265,0.06595345936280787,-0.002064196138881369
13.100000000000001,0.009448560305672187,0.024275533479699834,-0.014826973174027647
13.15,-0.08596234523052418,-0.03634104703765528,-0.049621298192868896
13.200000000000001,-0.17887023903245922,-0.10432857936813734,-0.07454165966432187
13.25,-0.2572933859508883,-0.18967862359749482,-0.06761476235339348
13.3,-0.329507924226041,-0.2982802463786424,-0.031227677847398605
13.350000000000001,-0.3913770446156802,-0.4058334800675935,0.01445643545191333
13.4,-0.4097341520932156,-0.45957260576304815,0.04983845366983253
13.450000000000001,-0.3413727283325065,-0.40994964897234315,0.06857692063983667
13.5,-0.17002241889553973,-0.24560909809502546,0.07558667919948572
13.55,0.07477333396112039,-0.0014665052005429994,0.0762398391616634
13.600000000000001,0.3349862641845478,0.2654368355437651,0.06954942864078267
13.65,0.5606729951865584,0.5089921060511874,0.051680889135371055
13.700000000000001,0.7320384579061976,0.7076709217631092,0.024367536143088397
13.75,0.8501506123893302,0.8522706779975756,-0.002120065608245403
13.8,0.9112923335481588,0.9269070144794872,-0.01561468093132845
13.850000000000001,0.8944690034903552,0.9066444863131558,-0.012175482822800565
13.9,0.7759123214547096,0.7756188071365523,0.000293514318157273
13.950000000000001,0.5562342839508292,0.5474790374315008,0.008755246519328352
14.0,0.27361853247851353,0.2675462176624194,0.006072314816094104
14.05,-0.009588648148654292,-0.005998034994138743,-0.003590613154515549
14.100000000000001,-0.2353641660943072,-0.22585854236855518,-0.009505623725752005
14.15,-0.3715055242561694,-0.3670496600397727,-0.00445586421639671
14.200000000000001,-0.41453374490697786,-0.4235944898611146,0.009060744954136724
14.25,-0.37997922772117715,-0.4014676061280945,0.021488378406917363
14.3,-0.29271697669690244,-0.3170886415840792,0.024371664887176736
14.350000000000001,-0.1824808523274766,-0.1986405334112217,0.016159681083745103
14.4,-0.08004363325497388,-0.08105807185263073,0.001014438597656847
14.450000000000001,-0.009563628485937557,0.007160647002262179,-0.016724275488199734
14.5,0.019539841015855125,0.05527258283744206,-0.035732741821586936
14.55,0.0136643244664126,0.06866512378963013,-0.05500079932321753
14.600000000000001,-0.012608205616596674,0.05609287687098852,-0.06870108248758519
14.65,-0.04547514941104981,0.02024741979236406,-0.06572256920341388
14.700000000000001,-0.0740905815968521,-0.03710024430079384,-0.03699033729605826
14.75,-0.08708334098754347,-0.10166076049058755,0.014577419503044073
14.8,-0.0727053186359242,-0.1438029765725781,0.0710976579366539
14.850000000000001,-0.027974473902034933,-0.13674902615736212,0.10877455225532719
14.9,0.030795096001707038,-0.08272164021522388,0.11351673621693092
14.950000000000001,0.0704296947571026,-0.020250604768244803,0.09068029952534741
15.0,0.060713003944778035,0.0004777312526616575,0.06023527269211638
15.05,-0.002674296174542372,-0.04348664553042512,0.040812349355882745
15.100000000000001,-0.09372155692491642,-0.12979289274866188,0.03607133582374546
15.15,-0.17707839799922412,-0.21220670338294534,0.03512830538372122
15.200000000000001,-0.236749024697749,-0.26294105641164045,0.02619203171389145
15.25,-0.2850820536337788,-0.295377841531594,0.010295787897815212
15.3,-0.34204664213531993,-0.34372448015046014,0.0016778380151402095
15.350000000000001,-0.40426837633469154,-0.4181057822722826,0.013837405937591085
15.4,-0.43579192214823437,-0.48001027271834334,0.04421835057010898
15.450000000000001,-0.39383639859326736,-0.46639377535923354,0.07255737676596619
15.5,-0.26920416069787206,-0.34489495719328805,0.07569079649541599
15.55,-0.10467401992696529,-0.15089514678573085,0.04622112685876556
15.600000000000001,0.027619702407616083,0.0291811500989572,-0.0015614476913411168
15.65,0.07286143686361105,0.11660308987384314,-0.0437416530102321
15.700000000000001,0.026486419172034766,0.0923896752024683,-0.06590325603043354
15.75,-0.07118698387808403,0.0013449750921620026,-0.07253195897024603
15.8,-0.16925590162408416,-0.08975388187714625,-0.07950201974693791
15.850000000000001,-0.23744529560923822,-0.13950681494769648,-0.09793848066154173
15.9,-0.27027194287112066,-0.14580316967596962,-0.12446877319515104
15.950000000000001,-0.2683075215521305,-0.12297340214687891,-0.1453341194052516
16.0,-0.2205758413715624,-0.07211329643177129,-0.1484625449397911
16.05,-0.10640511232383436,0.025235190885607908,-0.13164030320944226
16.1,0.08714440066615475,0.18815855106856344,-0.10101415040240869
16.150000000000002,0.3509459708296877,0.41546648768554917,-0.06452051685586147
16.2,0.6551514607028478,0.6834698733287053,-0.028318412625857547
16.25,0.9611634863991526,0.9595060126876787,0.0016574737114739557
16.3,1.230080152964088,1.2118386031660635,0.018241549798024392
16.35,1.4216728820806879,1.4050797259477923,0.01659315613289558
16.400000000000002,1.4924955128293764,1.4923041897675466,0.00019132306182978454
16.45,1.405020797886817,1.4235907104222156,-0.018569912535398636
16.5,1.1473123835699357,1.1740267899097008,-0.026714406339765073
16.55,0.7481335471031001,0.7695047951127862,-0.02137124800968615
16.6,0.2721486942643884,0.28397729922318604,-0.011828604958797617
16.650000000000002,-0.2043860685098433,-0.1947990579286216,-0.009587010581221717
16.7,-0.6205992352897279,-0.6048067128937886,-0.015792522395939312
16.75,-0.9428321694674986,-0.9233313452686905,-0.019500824198808053
16.8,-1.1583722353349697,-1.1485141805457637,-0.009858054789205983
16.85,-1.2634891694376915,-1.273285866455768,0.009796697018076506
16.900000000000002,-1.2592447347009104,-1.2808584870788486,0.021613752377938278
16.95,-1.1561792119395684,-1.1655508285195373,0.009371616579968878
17.0,-0.9776680308582512,-0.9539050072662915,-0.023763023591959698
17.05,-0.7535773227429285,-0.6992118212663849,-0.05436550147654362
17.1,-0.507852744078589,-0.4499618954728549,-0.057890848605734124
17.150000000000002,-0.2518172437303073,-0.22091890909277137,-0.030898334637535912
17.2,0.010122207580133347,0.005201351873493923,0.004920855706639424
17.25,0.268460450396098,0.2469632821013668,0.021497168294731195
17.3,0.50282629168562,0.49419354609427074,0.008632745591349245
17.35,0.6880319248616232,0.7068820362014072,-0.01885011133978398
17.400000000000002,0.8048046314257767,0.8416968425263089,-0.0368922111005322
17.45,0.8436968195279889,0.8782463819671519,-0.03454956243916296
17.5,0.7995421047938485,0.8206452522457645,-0.021103147451915993
17.55,0.6660268850347695,0.6785709316164573,-0.01254404658168784
17.6,0.4412981349009017,0.454511116600093,-0.013212981699191328
17.650000000000002,0.14320327296488647,0.15570650542522552,-0.012503232460339048
17.7,-0.18083431732392688,-0.18113625897179855,0.000301941647871673
17.75,-0.4639788775575789,-0.48387603868906504,0.019897161131486152
17.8,-0.6487665773872086,-0.6750556054970992,0.026289028109890644
17.85,-0.7155829707555903,-0.7196328922193064,0.004049921463716077
17.900000000000002,-0.6898371014714998,-0.6502649491702298,-0.03957215230126998
17.95,-0.6229251886538548,-0.5459994103940811,-0.07692577825977376
18.0,-0.5620655959593137,-0.480054975253619,-0.0820106207056947
18.05,-0.530446066632383,-0.478529921005947,-0.05191614562643604
18.1,-0.5275340110106714,-0.5198946759399932,-0.007639335070678266
18.150000000000002,-0.5419131041767719,-0.5674969501879626,0.02558384601119079
18.2,-0.5615653273654108,-0.6004076959814558,0.038842368616045064
18.25,-0.5738743201004184,-0.6158466199353275,0.04197229983490913
18.3,-0.5603502058176029,-0.6083258043715082,0.04797559855390532
18.35,-0.4962991103175662,-0.5535682339135987,0.05726912359603248
18.400000000000002,-0.35970757507299195,-0.41778961318797403,0.05808203811498208
18.45,-0.14402524353068455,-0.18526944346632218,0.04124419993563763
18.5,0.13408761118445509,0.12161579420878384,0.012471816975671249
18.55,0.4366235436658744,0.4479949957312894,-0.01137145206541501
18.6,0.7138816966614047,0.7319023241670991,-0.018020627505694442
18.650000000000002,0.9176564032778866,0.9284840900043806,-0.010827686726494035
18.7,1.0149134392750572,1.018604998183788,-0.003691558908730741
18.75,0.9991809448905904,1.0049934053914364,-0.005812460500846051
18.8,0.8945633467161851,0.9073292243890795,-0.012765877672894388
18.85,0.7466666524505328,0.7598740589050712,-0.01320740645453844
18.900000000000002,0.6007313629943715,0.6042499603767979,-0.003518597382426436
18.95,0.4778161526032644,0.47190787748939017,0.005908275113874206
19.0,0.36546663672024776,0.365281910601535,0.00018472611871278577
19.05,0.23198142044815448,0.256196660334616,-0.024215239886461543
19.1,0.05627745106468056,0.11010787986461731,-0.053830428799936755
19.150000000000002,-0.14794273896704307,-0.07864447439203451,-0.06929826457500857
19.200000000000003,-0.3321977612331864,-0.2694511780502961,-0.06274658318289028
19.25,-0.43798705821323375,-0.3933243260014571,-0.044662732211776635
19.3,-0.4284595661683678,-0.39473609759509043,-0.03372346857327735
19.35,-0.30547624580164956,-0.2660044469969863,-0.03947179880466328
19.400000000000002,-0.10379832776483094,-0.04977612278291432,-0.05402220498191662
19.450000000000003,0.12827313913546023,0.18800543881098433,-0.0597322996755241
19.5,0.3457392060899328,0.3906339540672422,-0.04489474797730941
19.55,0.513078757695124,0.52638901312702,-0.013310255431896012
19.6,0.6041536112294889,0.5848174390781611,0.01933617215132777
19.650000000000002,0.6044542530806699,0.5670730741406165,0.03738117894005344
19.700000000000003,0.5172912131270141,0.48232032470390834,0.03497088842310575
19.75,0.3665438360860993,0.3489440977770177,0.017599738309081625
19.8,0.18856260695256505,0.19158363097218756,-0.003021024019622509
19.85,0.01566149488617579,0.03129699350376413,-0.01563549861758834
19.900000000000002,-0.13688729097025526,-0.12259204133510967,-0.014295249635145585
19.950000000000003,-0.2699173637298298,-0.26923893221662476,-0.0006784315132050134
20.0,-0.3871055499124988,-0.40368064640740225,0.016575096494903463
20.05,-0.48217138159032674,-0.508569059413706,0.026397677823379262
20.1,-0.5384653087157214,-0.5609973111140396,0.022532002398318207
20.150000000000002,-0.540543674676495,-0.5492058427464606,0.008662168069965559
20.200000000000003,-0.4856058051685367,-0.48185437405988013,-0.0037514311086565555
20.25,-0.38323531600708094,-0.37861798296201116,-0.0046173330450697825
20.3,-0.24427567560466526,-0.25032855760083517,0.0060528819961699065
20.35,-0.07146714478094912,-0.08960063501674423,0.018133490235795108
20.400000000000002,0.13649121911728854,0.11572480026303311,0.020766418854255425
20.450000000000003,0.36923266525941884,0.3567586032726686,0.012474061986750218
20.5,0.5922274931378029,0.5901141205284196,0.0021133726093832683
20.55,0.7519839350670006,0.752247605388392,-0.0002636703213914071
20.6,0.7990179235549816,0.7922434400073682,0.006774483547613341
20.650000000000002,0.71302376746601,0.6972628243249553,0.015760943141054695
20.700000000000003,0.5120160968107863,0.49227302093040914,0.01974307588037716
20.75,0.23988669731083392,0.21888210137672534,0.021004595934108583
20.8,-0.0566203358243268,-0.08571505478137113,0.02909471895704433
20.85,-0.3443856237848307,-0.3938859572750921,0.04950033349026145
20.900000000000002,-0.605115010655332,-0.6798650784904519,0.07475006783511984
20.950000000000003,-0.826425074309092,-0.9143871382143094,0.08796206390521744
21.0,-0.9945966833973395,-1.0708988065113596,0.07630212311402007
21.05,-1.0956825637918997,-1.1372522314032139,0.0415696676113142
21.1,-1.121766896648689,-1.1197939833303896,-0.0019729133182992964
21.150000000000002,-1.0747542921398892,-1.0353125449291745,-0.039441747210714695
21.200000000000003,-0.9643406123563167,-0.8998097604190362,-0.06453085193728059
21.25,-0.8037333358751758,-0.7257974308951041,-0.07793590498007175
21.3,-0.6082988575941752,-0.5288433855846656,-0.07945547200950964
21.35,-0.39744376020435923,-0.33241544996170325,-0.06502831024265598
21.400000000000002,-0.19501845903078488,-0.16170385593839492,-0.033314603092389955
21.450000000000003,-0.024635754403289595,-0.03074494838465441,0.006109193981364815
21.5,0.09756119462528401,0.06292434142278755,0.03463685320249646
21.55,0.16627216083144336,0.12827975729775593,0.037992403533687436
21.6,0.18365104958192557,0.16487097774561293,0.01878007183631264
21.650000000000002,0.15373755488550014,0.15927128299988524,-0.0055337281143851
21.700000000000003,0.08205124581491323,0.1011364886370525,-0.019085242822139276
21.75,-0.018467885048892786,0.00449571187237705,-0.022963596921269834
21.8,-0.12302886804451096,-0.08941702903483564,-0.03361183900967532
21.85,-0.2011076360466887,-0.13622984261020157,-0.06487779343648711
21.900000000000002,-0.23193654848653572,-0.12075852453089465,-0.11117802395564107
21.950000000000003,-0.21584960223650315,-0.0669257843951851,-0.14892381784131806
22.0,-0.16755626508537538,-0.012001860640886597,-0.1555544044444888
22.05,-0.09285709579183431,0.0352524039681343,-0.1281094997599686
22.1,0.031094196582142783,0.11509080653311464,-0.08399660995097186
22.150000000000002,0.24915406881619545,0.2937198582500589,-0.04456578943386347
22.200000000000003,0.5920647832024426,0.6107130925074754,-0.018648309305032806
22.25,1.0351012823780275,1.0366135609536962,-0.001512278575668713
22.3,1.4860416200789603,1.4733606538636672,0.012680966215293132
22.35,1.8182429192725091,1.7973405260048414,0.02090239326766774
22.400000000000002,1.9303110760369728,1.914738112829311,0.015572963207661772
22.450000000000003,1.7926462578415319,1.7950031734352392,-0.0023569155937073205
22.5,1.4514040389788587,1.469547506802823,-0.018143467823964254
22.55,0.9933358823042036,1.007831085372932,-0.014495203068728424
22.6,0.502255780237494,0.49162069861416996,0.010635081623323994
22.650000000000002,0.0372893486031081,-0.0013774235416870715,0.03866677214479517
22.700000000000003,-0.36185485026334646,-0.4069115898026485,0.04505673953930206
22.75,-0.6617846659223604,-0.6829235708308473,0.02113890490848691
22.8,-0.8355901713166524,-0.8176720189984644,-0.01791815231818794
22.85,-0.8777963982372822,-0.8309798395022394,-0.04681655873504276
22.900000000000002,-0.8161704090637754,-0.7643002618345153,-0.05187014722926009
22.950000000000003,-0.7031270290594978,-0.6634578557883537,-0.039669173271144054
23.0,-0.5891228799271038,-0.5634946287840757,-0.025628251143028025
23.05,-0.4987171888536663,-0.48258429814783593,-0.01613289070583035
23.1,-0.42831965659191445,-0.42459549419799886,-0.0037241623939155977
23.150000000000002,-0.36472647947244147,-0.3849520720480105,0.02022559257556905
23.200000000000003,-0.3051630894833446,-0.35550825514968676,0.05034516566634217
23.25,-0.2604524255616853,-0.3281172048060523,0.06766477924436698
23.3,-0.2412405921920671,-0.29821045150768843,0.056969859315621346
23.35,-0.24397841825996217,-0.26774081078478107,0.023762392524818904
23.400000000000002,-0.2520656986486482,-0.2447234143809025,-0.007342284267745691
23.450000000000003,-0.25059253394353953,-0.23789628101489432,-0.012696252928645207
23.5,-0.23859386020510373,-0.249067877505482,0.01047401730037828
23.55,-0.2255763357851266,-0.26843518806531025,0.04285885228018366
23.6,-0.2158427421359429,-0.2765664265080828,0.060723684372139874
23.650000000000002,-0.19710809330655626,-0.25209265651361157,0.054984563207055304
23.700000000000003,-0.1456910632562128,-0.1804408313526108,0.03474976809639799
23.75,-0.04383899765637354,-0.058929390685007486,0.015090393028633943
23.8,0.1070236649610977,0.10342933451547903,0.0035943304456186737
23.85,0.2882827996132228,0.2897852891892764,-0.0015024895760535895
23.900000000000002,0.4766223895574983,0.4799246252458075,-0.003302235688309174
23.950000000000003,0.6526963143062936,0.6530886674672577,-0.00039235316096408734
24.0,0.7983599256054885,0.7888750872109322,0.009484838394556272
24.05,0.8899294451059513,0.8679526268456104,0.021976818260340925
24.1,0.901178364751067,0.8749553618084535,0.026223002942613594
24.150000000000002,0.8192866409982992,0.8041932417024025,0.015093399295896703
24.200000000000003,0.6603513595690728,0.6653209748439234,-0.004969615274850625
24.25,0.46685538701837803,0.4837377436653321,-0.01688235664695409
24.3,0.2842979017029069,0.29252001781689313,-0.008222116113986211
24.35,0.1345728387163581,0.11902166458782688,0.015551174128531228
24.400000000000002,0.008858172907566795,-0.025098347232875705,0.0339565201404425
24.450000000000003,-0.11402893489804893,-0.14287112385835063,0.028842188960301704
24.5,-0.24139407111139494,-0.24119926786932383,-0.00019480324207110655
24.55,-0.3574128942852434,-0.32039177620887094,-0.03702111807637248
24.6,-0.43901098742854755,-0.3743181702419973,-0.06469281718655023
24.650000000000002,-0.48023715933182753,-0.4010722402305717,-0.07916491910125584
24.700000000000003,-0.5000729965567815,-0.41251890822036325,-0.08755408833641826
24.75,-0.5252250525765545,-0.4305610368736969,-0.0946640157028576
24.8,-0.5648504131048743,-0.4706490667574356,-0.09420134634743865
24.85,-0.6029406445996477,-0.5273035651867486,-0.0756370794128991
24.900000000000002,-0.6168973306005847,-0.5771228470199895,-0.03977448358059521
24.950000000000003,-0.6042157523116023,-0.5990902906738391,-0.005125461637763173
25.0,-0.5896808128995715,-0.5941553518001194,0.004474538900547831
25.05,-0.6033440237684765,-0.5843589834445939,-0.018985040323882596
25.1,-0.648144437856395,-0.5898997394472095,-0.05824469840918545
25.150000000000002,-0.6875936991782422,-0.6041499538664966,-0.08344374531174559
25.200000000000003,-0.6666663175942975,-0.5903707796644695,-0.07629553792982802
25.25,-0.548916443534863,-0.5048605245634683,-0.044055918971394714
25.3,-0.3384457569978943,-0.32714672417239077,-0.011299032825503541
25.35,-0.07020415911185596,-0.07199998514017968,0.0017958260283237187
25.400000000000002,0.21837161637572766,0.22384796307177343,-0.00547634669604577
25.450000000000003,0.5056703008128747,0.5236648509343894,-0.01799455012151474
25.5,0.7782725263753549,0.799320967538543,-0.021048441163188047
25.55,1.009561865984113,1.022313839571861,-0.012751973587747933
25.6,1.1520271170128957,1.154519730465796,-0.002492613452900194
25.650000000000002,1.1577090875883314,1.1574664144094975,0.0002426731788338632
25.700000000000003,1.0124214991512057,1.0177860549439643,-0.00536455579275863
25.75,0.753012817281225,0.7650592699377134,-0.012046452656488404
25.8,0.44972927249518874,0.460826263725598,-0.011096991230409248
25.85,0.16641622365179295,0.16409100997197873,0.0023252136798142253
25.900000000000002,-0.06885045808541614,-0.09701014788514219,0.02815968979972605
25.950000000000003,-0.2599080348215607,-0.3217981581069579,0.06189012328539717
26.0,-0.4131038013698069,-0.5071738868085776,0.09407008543877066
26.05,-0.5128640426570411,-0.6242166216822876,0.11135257902524653
26.1,-0.5269476243234552,-0.6297531195925995,0.10280549526914429
26.150000000000002,-0.43741194037738584,-0.5069290519730564,0.06951711159567053
26.200000000000003,-0.26851431796138325,-0.29722556794894767,0.028711249987564413
26.25,-0.08448115540357264,-0.08964114660500054,0.005159991201427905
26.3,0.04379487658299999,0.030134989494410003,0.013659887088589989
26.35,0.07755596801926229,0.031039365102182512,0.04651660291707978
26.400000000000002,0.02530098022595351,-0.052636171791739725,0.07793715201769323
26.450000000000003,-0.07393681980236842,-0.15700795002991047,0.08307113022754205
26.5,-0.18165286104212222,-0.23775195226207088,0.05609909121994866
26.55,-0.27964841543517416,-0.29207513662061463,0.01242672118544047
26.6,-0.36690548591683625,-0.3413953532726472,-0.025510132644189054
26.650000000000002,-0.4429065311405745,-0.39792873127201334,-0.04497779986856115
26.700000000000003,-0.4956080258206764,-0.44780394001066837,-0.04780408581000806
26.75,-0.5036995367936792,-0.4618016974616958,-0.04189783933198338
26.8,-0.4479815784687818,-0.4172274407202409,-0.030754137748540855
26.85,-0.32051597461156567,-0.3083422977332285,-0.012173676878337147
26.900000000000002,-0.12644359606211017,-0.1408236775451374,0.014380081483027218
26.950000000000003,0.1172550648708715,0.07473293853169281,0.04252212633917869
27.0,0.3803639662852989,0.3164634670076439,0.06390049927765501
27.05,0.6171689172957557,0.5382139362409485,0.07895498105480725
27.1,0.7717707597613679,0.6713229460494519,0.10044781371191602
27.150000000000002,0.7960452894719477,0.6538825090631578,0.14216278040878993
27.200000000000003,0.673493758906961,0.47320603638830666,0.2002877225186543
27.25,0.43331463532079556,0.18837493664378752,0.24493969867700804
27.3,0.14276646996384942,-0.09060614580443961,0.23337261576828905
27.35,-0.11962303940816309,-0.2583363416192544,0.1387133022110913
27.400000000000002,-0.29426794308790183,-0.268071040584188,-0.026196902503713815
27.450000000000003,-0.3574005790646874,-0.14871949933600587,-0.20868107972868155
27.5,-0.3188249181713362,0.023394546698802143,-0.3422194648701383
27.55,-0.20756393391902245,0.1749604121167771,-0.38252434603579955
27.6,-0.05705025136178461,0.2737098515899445,-0.3307601029517291
27.650000000000002,0.10322711667809513,0.3328962359238587,-0.22966911924576355
27.700000000000003,0.24998500141100347,0.3858366165777033,-0.13585161516669983
27.75,0.3657813233895748,0.45193338282035234,-0.08615205943077753
27.8,0.43804740204362713,0.5173047546303742,-0.07925735258674704
27.85,0.4578933325964902,0.5414659925533489,-0.08357265995685875
27.900000000000002,0.4198052787781733,0.48490605088673266,-0.06510077210855936
27.950000000000003,0.3242482178340883,0.33936146590279354,-0.015113248068705232
28.0,0.18287040346373118,0.1396804508357475,0.04318995262798367
28.05,0.02154819740626296,-0.05334622772092558,0.07489442512718854
28.1,-0.12460743007922116,-0.18979109143305353,0.06518366135383237
28.150000000000002,-0.22449322892109075,-0.26084993952242364,0.03635671060133289
28.200000000000003,-0.26435036042857607,-0.29770898105268745,0.03335862062411138
28.25,-0.25079373052362575,-0.337111282236823,0.08631755171319727
28.3,-0.2011268961940372,-0.3806548541941337,0.1795279580000965
28.35,-0.1302462539762166,-0.38458493064434457,0.2543386766681279
28.400000000000002,-0.04691672735017224,-0.2947186475122676,0.24780192016209537
28.450000000000003,0.03752371202094658,-0.10208073186542377,0.13960444388637033
28.5,0.09920926991055437,0.12790475941785004,-0.02869548950729567
28.55,0.10552615889989515,0.2833309188896144,-0.17780475998971929
28.6,0.035174636050418304,0.27608369596313337,-0.24090905991271505
28.650000000000002,-0.10072392977781959,0.10289386636491717,-0.20361779614273676
28.700000000000003,-0.25668886534989727,-0.15001438395523042,-0.10667448139466684
28.75,-0.37545798078709913,-0.3622429635243221,-0.013215017262777018
28.8,-0.4184941083165563,-0.45154077865577574,0.03304667033921943
28.85,-0.38017356162930943,-0.40978200930229614,0.029608447672986704
28.900000000000002,-0.2766380458636986,-0.2825104195626976,0.005872373698999012
28.950000000000003,-0.12435949100180559,-0.11872455755091918,-0.005634933450886406
29.0,0.06756161018794295,0.062364112232788656,0.005197497955154291
29.05,0.28330527126230204,0.26238716739150114,0.020918103870800897
29.1,0.48189521124636026,0.4686026704448993,0.013292540801460972
29.150000000000002,0.600505694749228,0.6317389734767894,-0.03123327872756143
29.200000000000003,0.5865428956034331,0.6827588679467708,-0.09621597234333767
29.25,0.4358527512933514,0.5782032384165081,-0.14235048712315673
29.3,0.20359561122478953,0.337525804514491,-0.13393019328970146
29.35,-0.024908723921650347,0.041354327789180925,-0.06626305171083127
29.400000000000002,-0.18167616012547785,-0.20950771305543228,0.02783155292995443
29.450000000000003,-0.2445178942760694,-0.34494947873438914,0.10043158445831973
29.5,-0.22740258136710184,-0.35182072673786957,0.12441814537076773
29.55,-0.1487029645285726,-0.2622155956616443,0.11351263113307172
29.6,-0.011572580575280909,-0.11903202983206201,0.10745944925678111
29.650000000000002,0.1848860614536092,0.05194773124106739,0.1329383302125418
29.700000000000003,0.418295118332082,0.24365928779875823,0.17463583053332377
29.75,0.6318315626870283,0.44666210356106323,0.1851694591259651
29.8,0.7561403222507603,0.6275404287585623,0.12859989349219803
29.85,0.7483864678026891,0.7289405814805481,0.01944588632214106
29.900000000000002,0.6149635130284293,0.6955064255825484,-0.08054291255411905
29.950000000000003,0.3993591295806383,0.5084004844382958,-0.10904135485765748
30.0,0.14888338737621845,0.20269376136303582,-0.05381037398681737
30.05,-0.10856074696114525,-0.14644239714071067,0.03788165017956542
30.1,-0.3600972206481496,-0.45987384442233586,0.09977662377418628
30.150000000000002,-0.5878564331996443,-0.6879939100594156,0.10013747685977126
30.200000000000003,-0.7602391258797718,-0.8203294512452068,0.060090325365435016
30.25,-0.8472298282546782,-0.8703026183116815,0.023072790057003356
30.3,-0.8450374021191589,-0.8535244467959399,0.008487044676780964
30.35,-0.783675281751809,-0.779728989190013,-0.0039462925617960165
30.400000000000002,-0.7074169371256843,-0.6618796030744876,-0.045537334051196754
30.450000000000003,-0.6452240319335968,-0.5273911170612915,-0.1178329148723053
30.5,-0.5979580110289469,-0.4140265410342515,-0.18393146999469534
30.55,-0.5515550308798909,-0.3493350349333923,-0.2022199959464986
30.6,-0.49901677418619805,-0.3312857396572715,-0.16773103452892657
30.650000000000002,-0.44658336264513426,-0.32960286299144986,-0.1169804996536844
30.700000000000003,-0.3983825978922151,-0.30907986292543593,-0.08930273496677915
30.75,-0.33886853566983827,-0.2550142016476278,-0.08385433402221049
30.8,-0.2365420796136061,-0.17802716141673772,-0.05851491819686838
30.85,-0.07060257683240623,-0.0948975702791425,0.024294993446736274
30.900000000000002,0.14331694305640563,-0.005563049389422442,0.14887999244582809
30.950000000000003,0.3543889212661633,0.10896544644947312,0.24542347481669016
31.0,0.5063727347238924,0.26277659444529905,0.2435961402785934
31.05,0.5704515356289633,0.4362383016597796,0.13421323396918372
31.1,0.553258096760206,0.5705684909565353,-0.017310394196329293
31.150000000000002,0.4769607809008084,0.595663861469724,-0.11870308056891565
31.200000000000003,0.35513166994974565,0.47314262220048575,-0.1180109522507401
31.25,0.1900629279723474,0.22393041161304414,-0.03386748364069675
31.3,-0.007298448532711889,-0.07783663519358612,0.07053818666087423
31.35,-0.19913833783543797,-0.3380643071559947,0.13892596932055676
31.400000000000002,-0.32875680250717404,-0.4809562110223576,0.15219940851518354
31.450000000000003,-0.3534513689905942,-0.47344609831009826,0.11999472931950406
31.5,-0.2751598230620551,-0.33087372619796024,0.05571390313590513
31.55,-0.14172211157076697,-0.1086261210841031,-0.03309599048666387
31.6,-0.01753624047271612,0.11549556697286545,-0.13303180744558157
31.650000000000002,0.05125023351899185,0.26592887282326694,-0.21467863930427508
31.700000000000003,0.05018979978921248,0.2956938965746583,-0.2455040967854458
31.75,-0.015185258061182224,0.20268749277775502,-0.21787275083893726
31.8,-0.13643348566728156,0.024804720768769297,-0.16123820643605086
31.85,-0.3037354767579157,-0.1845139980646998,-0.11922147869321587
31.900000000000002,-0.4917406977653674,-0.3828967191633906,-0.10884397860197681
31.950000000000003,-0.6494257525273625,-0.5473922459378363,-0.10203350658952615
32.0,-0.7118500558558808,-0.6598883692077516,-0.05196168664812917
32.050000000000004,-0.6303790072375773,-0.6869478535835501,0.05656884634597281
32.1,-0.3990824615286462,-0.5790198448651497,0.1799373833365035
32.15,-0.05742981887416673,-0.29821872043272596,0.24078890155855923
32.2,0.3300177596698402,0.14268195014556614,0.18733580952427406
32.25,0.6983506716662181,0.6613163412858944,0.037034330380323666
32.300000000000004,0.9945440558493928,1.126575393257546,-0.1320313374081532
32.35,1.1774068897214844,1.4111392207987823,-0.23373233107729785
32.4,1.218799620218632,1.4459398128830847,-0.22714019266445273
32.45,1.1150931516164686,1.246989637175274,-0.1318964855588054
32.5,0.9010667197718225,0.903916456974291,-0.0028497372024685053
32.550000000000004,0.6484885291151066,0.5409052235230764,0.10758330559203022
32.6,0.4407180918100693,0.27075858826032484,0.16995950354974448
32.65,0.33539998004386545,0.15987760426290248,0.17552237578096297
32.7,0.3398917341968516,0.21343406142073484,0.12645767277611675
32.75,0.41591718625876195,0.3822827976283829,0.03363438863037904
32.800000000000004,0.5079088289069043,0.5871013414897834,-0.07919251258287918
32.85,0.5730010199845271,0.7497416225937236,-0.17674060260919644
32.9,0.5931918422806491,0.8187427457989747,-0.22555090351832552
32.95,0.5676323829112924,0.7791897507717817,-0.2115573678604893
33.0,0.4987690753550347,0.646471304923399,-0.14770222956836432
33.050000000000004,0.3872075697629288,0.45249675508161796,-0.06528918531868916
33.1,0.23824174780535096,0.23420737992587037,0.004034367879480583
33.15,0.0706078070626811,0.02744683138635943,0.043160975676321676
33.2,-0.08386789578719633,-0.13781901037691768,0.05395111458972135
33.25,-0.1923646550108767,-0.24462435920679132,0.05225970419591461
33.300000000000004,-0.23719227476360882,-0.2954399021645927,0.05824762740098388
33.35,-0.2249731301750812,-0.3106383192480506,0.08566518907296938
33.4,-0.18321727992847067,-0.31655581477715994,0.13333853484868927
33.45,-0.14716713984536856,-0.3307771088046573,0.18360996895928877
33.5,-0.14511260089108793,-0.35645398617943025,0.21134138528834231
33.550000000000004,-0.1897599944072871,-0.38973713752578426,0.19997714311849715
33.6,-0.27833416485272616,-0.4315433338519893,0.15320916899926312
33.65,-0.3986315933467354,-0.49036575849295305,0.09173416514621763
33.7,-0.5355207808591539,-0.5723754519458484,0.03685467108669449
33.75,-0.6737656679621488,-0.669395030947247,-0.0043706370149018126
33.800000000000004,-0.7972852438524164,-0.7590294734174614,-0.03825577043495498
33.85,-0.888638870485097,-0.8192085920739842,-0.06943027841111282
33.9,-0.9322709775919968,-0.8434317220565285,-0.08883925553546834
33.95,-0.9206724091439912,-0.8404193602658583,-0.0802530488781329
34.0,-0.858159172869799,-0.8170789198249905,-0.04108025304480856
34.050000000000004,-0.7574795940234017,-0.7621592787936685,0.004679684770266812
34.1,-0.6306449907184535,-0.6500594699155614,0.019414479197107926
34.15,-0.48169370345384965,-0.46563752949206955,-0.016056173961780107
34.2,-0.3085024213849483,-0.22847574319338532,-0.080026678191563
34.25,-0.1123635440818503,0.008551586741188902,-0.1209151308230392
34.300000000000004,0.0944720683515071,0.19066893087533035,-0.09619686252382326
34.35,0.2922926205425588,0.29932575614211027,-0.007033135599551488
34.4,0.4664104277489105,0.36511932400259195,0.10129110374631856
34.45,0.615610071424833,0.4426043641271693,0.17300570729766374
34.5,0.745038958255833,0.56489653516041,0.18014242309542294
34.550000000000004,0.8471120916856894,0.7123525619524261,0.13475952973326322
34.6,0.889090956447889,0.8185363615337613,0.07055459491412774
34.65,0.8246866978830063,0.8087023235784909,0.01598437430451538
34.7,0.6270863536714579,0.6441572796917658,-0.01707092602030791
34.75,0.3188731673959916,0.3451851693344602,-0.02631200193846861
34.800000000000004,-0.028174247372693795,-0.017725164806459137,-0.010449082566234658
34.85,-0.32818500510166576,-0.3551588159399133,0.026973810838247514
34.9,-0.5269888809694521,-0.5941167003505482,0.06712781938109613
34.95,-0.6246151288817017,-0.7016061291547973,0.07699100027309558
35.0,-0.659678546685637,-0.6892732323706865,0.029594685685049527
35.050000000000004,-0.672328285803989,-0.6006964183718121,-0.07163186743217687
35.1,-0.6780979434325559,-0.48957345651228806,-0.18852448692026785
35.15,-0.6713556428880207,-0.40004400992866346,-0.2713116329593573
35.2,-0.6479592989196161,-0.3577527653129816,-0.2902065336066345
35.25,-0.6199696937575208,-0.3719891475405471,-0.24798054621697363
35.300000000000004,-0.6059860721701966,-0.4406366042894341,-0.16534946788076255
35.35,-0.6071821501558665,-0.548707965141501,-0.05847418501436552
35.4,-0.5949070338756727,-0.6605271413991315,0.06562010752345881
35.45,-0.5254180109892502,-0.7173332335023935,0.1919152225131433
35.5,-0.37134977234146216,-0.6535106062988064,0.28216083395734426
35.550000000000004,-0.14331440802031778,-0.43080232397640833,0.2874879159560906
35.6,0.11606556249822939,-0.07076934333791796,0.18683490583614734
35.65,0.35858716708959465,0.3406878266692948,0.017899340420299836
35.7,0.5535825146676424,0.6874724124527458,-0.1338898977851034
35.75,0.6904639305952704,0.8792140959315728,-0.1887501653363024
35.800000000000004,0.7651940943776411,0.8942851407179647,-0.12909104634032365
35.85,0.7700492163823877,0.782657274339133,-0.012608057956745355
35.9,0.6999739340354553,0.6290758694211157,0.07089806461433956
35.95,0.5690785902173487,0.5036142620610266,0.0654643281563222
36.0,0.4178750173547623,0.43215289855013533,-0.014277881195373043
36.050000000000004,0.29879268582511426,0.4012326545377967,-0.10243996871268246
36.1,0.24764252456273747,0.38572078205840704,-0.13807825749566957
36.15,0.26268939890970944,0.37375940011299336,-0.11107000120328392
36.2,0.30782494519411013,0.3702488940410516,-0.06242394884694147
36.25,0.3370865849748565,0.3801184675618185,-0.043031882586962
36.300000000000004,0.32181888924842994,0.38959781507643676,-0.06777892582800682
36.35,0.26216472418484094,0.3651088088279792,-0.10294408464313826
36.4,0.17895888117929176,0.27470328207419964,-0.09574440089490788
36.45,0.09670979095424406,0.1173204598466282,-0.020610668892384137
36.5,0.0315400987448501,-0.0642912784820631,0.0958313772269132
36.550000000000004,-0.010243339663326566,-0.20164396929942827,0.1914006296361017
36.6,-0.027410218752772747,-0.24095090894465257,0.21354069019187982
36.65,-0.020585692698101475,-0.1776449182736653,0.15705922557556382
36.7,0.0062607499117069455,-0.05808405142230623,0.06434480133401317
36.75,0.04267025892468732,0.053842715706632696,-0.011172456781945374
36.800000000000004,0.07197419790872707,0.11828514599677036,-0.046310948088043286
36.85,0.0769653082570949,0.13460828395196148,-0.05764297569486658
36.9,0.04819770104137087,0.1195194540577099,-0.07132175301633903
36.95,-0.010261792657628777,0.07369280169815207,-0.08395459435578084
37.0,-0.08155277946645187,-0.023821340434052103,-0.057731439032399766
37.050000000000004,-0.14343140843765945,-0.18054538515780583,0.03711397672014638
37.1,-0.17870694353375025,-0.3477533748945258,0.16904643136077555
37.15,-0.18307986217820477,-0.42259033151359265,0.2395104693353879
37.2,-0.1659944792908913,-0.3146505878135276,0.1486561085226363
37.25,-0.14418534177859021,-0.03299347551645721,-0.11119186626213301
37.300000000000004,-0.13203701001476367,0.2855028896043799,-0.4175398996191436
37.35,-0.13442618605790033,0.45036119728801705,-0.5847873833459174
37.4,-0.14509979394555433,0.35298308527322164,-0.498082879218776
37.45,-0.14927673612900527,0.05929645013973867,-0.20857318626874394
37.5,-0.12725231250633243,-0.22278500284153385,0.09553269033520143
37.550000000000004,-0.05800198870740152,-0.28630957950335456,0.22830759079595303
37.6,0.07498575608884313,-0.07091887594065213,0.14590463202949527
37.65,0.27405540553221236,0.3028102674567912,-0.028754861924578823
37.7,0.5176938327086872,0.63415870628334,-0.11646487357465285
37.75,0.7593523847816648,0.7914268000024619,-0.032074415220797126
37.800000000000004,0.9407662986280383,0.7873697443286773,0.15339655429936094
37.85,1.015517705170843,0.7283573593786841,0.287160345792159
37.9,0.9689111959092556,0.6955584087669507,0.2733527871423048
37.95,0.8209074123328848,0.6698319517832777,0.15107546054960708
38.0,0.6110709322327875,0.5636373490819615,0.04743358315082602
38.050000000000004,0.3781177345427018,0.32176173162530974,0.05635600291739207
38.1,0.1491413300134475,-0.007907898104183575,0.15704922811763108
38.15,-0.05753038017813556,-0.29976733515709275,0.2422369549789572
38.2,-0.22571305495866745,-0.44755563814066324,0.2218425831819958
38.25,-0.3432929192065008,-0.44536920317282735,0.10207628396632656
38.300000000000004,-0.4132970599098988,-0.38411728278140617,-0.029179777128492623
38.35,-0.460994912578036,-0.3731059255433704,-0.08788898703466558
38.400000000000006,-0.5236306194544673,-0.45892873810320256,-0.06470188135126476
38.45,-0.6249840525244227,-0.6068643558801623,-0.018119696644260386
38.5,-0.754029901202784,-0.7476115475059881,-0.0064183536967958865
38.550000000000004,-0.8676281171228201,-0.8367023647405498,-0.030925752382270244
38.6,-0.9183148845249619,-0.8737553802378437,-0.04455950428711819
38.650000000000006,-0.886122095284061,-0.8757509526498487,-0.01037114263421235
38.7,-0.7888608540390029,-0.8424778623417661,0.05361700830276328
38.75,-0.6636998176041228,-0.7527626329448104,0.0890628153406876
38.800000000000004,-0.5377750500523008,-0.5929353938729588,0.05516034382065804
38.85,-0.4140215576031635,-0.3849400398355248,-0.029081517767638676
38.900000000000006,-0.2827507662002308,-0.18315663470125948,-0.09959413149897134
38.95,-0.14480550775223294,-0.0409142947821201,-0.10389121297011283
39.0,-0.021832337419485155,0.02373691360590603,-0.04556925102539118
39.050000000000004,0.05733254016461593,0.03455942785418474,0.022773112310431193
39.1,0.08138792122787032,0.03381087974110863,0.047577041486761694
39.150000000000006,0.06845318818822463,0.05140242633436157,0.01705076185386306
39.2,0.052965664164671716,0.09043083879853099,-0.037465174633859274
39.25,0.05856365770244507,0.13461533857295044,-0.07605168087050537
39.300000000000004,0.08050441032356315,0.1648126754910918,-0.08430826516752865
39.35,0.09208228100078628,0.16905278226554882,-0.07697050126476254
39.400000000000006,0.06819599159082064,0.14172116685561242,-0.07352517526479178
39.45,0.00556172124118836,0.07914277794151751,-0.07358105670032916
39.5,-0.07567253257785247,-0.019543168519112867,-0.05612936405873961
39.550000000000004,-0.14687109923404057,-0.1448330707024608,-0.0020380285315797775
39.6,-0.18780846998301576,-0.26959788537397666,0.0817894153909609
39.650000000000006,-0.19313861115522118,-0.35128318733605757,0.15814457618083638
39.7,-0.16812826627668412,-0.3476071380995794,0.17947887182289526
39.75,-0.12220489013048269,-0.24056615442926718,0.11836126429878449
39.800000000000004,-0.06697484933672883,-0.05533420039600967,-0.011640648940719159
39.85,-0.017122468523536476,0.14098051208007759,-0.15810298060361405
39.900000000000006,0.011870069320657406,0.2668995404891183,-0.25502947116846086
39.95,0.011233854324135475,0.26957637333421064,-0.25834251901007516
40.0,-0.013746160562357893,0.15778526711736607,-0.17153142767972396
40.050000000000004,-0.044231914931652315,0.000645121496961007,-0.04487703642861332
40.1,-0.058014248501873575,-0.11147893509080728,0.053464686588933705
40.150000000000006,-0.04280916110793578,-0.12021781090723632,0.07740864979930054
40.2,-0.0030917596190381327,-0.030877111455787976,0.027785351836749843
40.25,0.04417909861427828,0.09823842166681956,-0.05405932305254128
40.300000000000004,0.0814430631687398,0.1985046542382305,-0.1170615910694907
40.35,0.10193073594984897,0.23337338194898002,-0.13144264599913105
40.400000000000006,0.11405553569631141,0.21297295641654215,-0.09891742072023074
40.45,0.13734729485716196,0.17841301938141385,-0.04106572452425189
40.5,0.19276188323605334,0.1748248201275841,0.017937063108469237
40.550000000000004,0.2918979963026881,0.23263518532820854,0.05926281097447955
40.6,0.42949935154816066,0.3608368341845801,0.06866251736358053
40.650000000000006,0.5825152702924961,0.5441173183569253,0.03839795193557072
40.7,0.7167114975719875,0.7401167812253838,-0.023405283653396336
40.75,0.7983622137234013,0.8852441394607375,-0.08688192573733622
40.800000000000004,0.8056796076455721,0.9184393813822798,-0.11275977373670765
40.85,0.7348407412522672,0.8158137233285109,-0.0809729820762437
40.900000000000006,0.5990670551414278,0.6113086652635584,-0.012241610122130653
40.95,0.4232414638041914,0.38164648776680793,0.04159497603738349
41.0,0.23749695524480066,0.20080337802651732,0.03669357721828334
41.050000000000004,0.070906951902639,0.09683307938124468,-0.025926127478605676
41.1,-0.055545571084870536,0.04441090691233447,-0.099956477997205
41.150000000000006,-0.13591519150858233,-0.0033176799158027913,-0.13259751159277955
41.2,-0.18162651235016433,-0.07334931258141433,-0.10827719976875
41.25,-0.21419508037075444,-0.15712736633384977,-0.057067714036904665
41.300000000000004,-0.24934777373380512,-0.2286948069632683,-0.020652966770536824
41.35,-0.2821848623702168,-0.2724834901661444,-0.009701372204072356
41.400000000000006,-0.2856997458498645,-0.2907400676261285,0.005040321776263956
41.45,-0.22682882049786124,-0.285712663061068,0.05888384256320678
41.5,-0.09035688540784804,-0.2405796000928752,0.15022271468502718
41.550000000000004,0.10667384205759611,-0.12534405169718085,0.23201789375477697
41.6,0.32107187576154417,0.07266945656874267,0.24840241919280148
41.650000000000006,0.5051995925867263,0.3216827815507416,0.18351681103598472
41.7,0.627397446151444,0.5495586148613546,0.0778388312900894
41.75,0.6768531782088806,0.6791103153413782,-0.002257137132497644
41.800000000000004,0.6532661505426657,0.6669710245299368,-0.01370487398727116
41.85,0.5547978537005981,0.5176288580225282,0.03716899567806986
41.900000000000006,0.37754372428769145,0.26886138986610253,0.10868233442158892
41.95,0.12696058148844372,-0.03162292504706437,0.1585835065355081
42.0,-0.17105546137686792,-0.33849611364529486,0.16744065226842694
42.050000000000004,-0.47223552993151335,-0.6094500875671065,0.13721455763559315
42.1,-0.7299562161528398,-0.8078917963704607,0.07793558021762093
42.150000000000006,-0.9131672820592175,-0.9148701806964532,0.0017028986372357169
42.2,-1.0125723389040664,-0.9395741651996219,-0.0729981737044445
42.25,-1.0321877677691984,-0.912040301807238,-0.12014746596196035
42.300000000000004,-0.9761796201511469,-0.8577534684789107,-0.11842615167223625
42.35,-0.8439330269207399,-0.7752352761194814,-0.0686977508012585
42.400000000000006,-0.637513796882859,-0.639546129318295,0.0020323324354359906
42.45,-0.3737754821342572,-0.4316038156412673,0.05782833350701011
42.5,-0.08913988297175791,-0.1673970469134716,0.07825716394171368
42.550000000000004,0.16851037581209843,0.10047306321651416,0.06803731259558428
42.6,0.35597285800507883,0.31102613792690237,0.04494672007817646
42.650000000000006,0.44874460277848977,0.4276581897431966,0.021086413035293183
42.7,0.4458551667327603,0.44831809105694126,-0.0024629243241809373
42.75,0.3655976782344352,0.3904805016892018,-0.02488282345476661
42.800000000000004,0.23688208539207375,0.27262630248466463,-0.035744217092590874
42.85,0.09056408016818561,0.11272308123056313,-0.022159001062377517
42.900000000000006,-0.04759187471686487,-0.059771383012907194,0.012179508296042321
42.95,-0.16191833098844388,-0.20083974895209394,0.03892141796365006
43.0,-0.2486471984989893,-0.2719110931870448,0.02326389468805551
43.050000000000004,-0.3130117611739611,-0.26941250087863156,-0.04359926029532957
43.1,-0.3622330192043835,-0.23371995846400287,-0.12851306074038063
43.150000000000006,-0.3981724344098352,-0.22212206125917233,-0.17605037315066285
43.2,-0.41444821381380387,-0.2640968742669213,-0.15035133954688257
43.25,-0.40001444418451043,-0.33635751688821136,-0.06365692729629907
43.300000000000004,-0.3466218997070098,-0.37960228774954147,0.03298038804253167
43.35,-0.25505701282027965,-0.3428637565010521,0.08780674368077246
43.400000000000006,-0.1365339597593107,-0.2189669577579751,0.08243299799866438
43.45,-0.009405114478177885,-0.045679429652954615,0.03627431517477673
43.5,0.10599481379370375,0.12164369626817208,-0.01564888247446833
43.550000000000004,0.19187887819147498,0.23966993508318316,-0.04779105689170818
43.6,0.23646141243146443,0.28949579916816726,-0.05303438673670283
43.650000000000006,0.23698776796217969,0.27382400779866856,-0.03683623983648887
43.7,0.20198143714759753,0.2120756327274732,-0.010094195579875676
43.75,0.15065073336072302,0.13835222710336523,0.012298506257357789
43.800000000000004,0.10745354945360829,0.09417774659041737,0.01327580286319091
43.85,0.09250639217217976,0.10945982484472308,-0.016953432672543317
43.900000000000006,0.11209002607535015,0.1811217225156205,-0.06903169644027035
43.95,0.15493971652455035,0.2695501792937845,-0.11461046276923414
44.0,0.1975698754778162,0.32211462502369836,-0.12454474954588216
44.050000000000004,0.21664830697709114,0.3083708921010384,-0.09172258512394726
44.1,0.20172603045684287,0.2385529008607696,-0.03682687040392674
44.150000000000006,0.16077745083973674,0.1509567814608816,0.009820669378855146
44.2,0.11500709947675797,0.08204705479061959,0.032960044686138376
44.25,0.0859808602700704,0.046984979556694326,0.03899588071337608
44.300000000000004,0.08307948493159081,0.04393480349561669,0.039144681435974125
44.35,0.09907304079488607,0.06919529300560208,0.029877747789283995
44.400000000000006,0.11617565327860896,0.12091589685156211,-0.004740243572953148
44.45,0.11794087272711279,0.18670465644815465,-0.06876378372104186
44.5,0.09879339292739234,0.23411722424348316,-0.13532383131609083
44.550000000000004,0.06539432288557308,0.22422940858978893,-0.15883508570421584
44.6,0.03037105661210524,0.14326961273931327,-0.11289855612720803
44.650000000000006,0.004155766800454881,0.022567643499112215,-0.018411876698657334
44.7,-0.009150762171372808,-0.07773913172336296,0.06858836955199014
44.75,-0.010374774066119917,-0.11214314075356661,0.1017683666874467
44.800000000000004,-0.0015242837373385977,-0.08256084073071408,0.08103655699337549
44.85,0.016161535066376114,-0.030181284277939473,0.04634281934431558
44.900000000000006,0.04130975605559898,0.00543381623490398,0.035875939820695
44.95,0.07110786545659312,0.02047038349241455,0.05063748196417857
45.0,0.1022748785092136,0.042672382458793685,0.059602496050419916
45.050000000000004,0.13381331903605292,0.09657268421663479,0.03724063481941814
45.1,0.1680062276768419,0.17571088500712007,-0.00770465733027817
45.150000000000006,0.20682491640872488,0.2490931518484785,-0.04226823543975361
45.2,0.24528257792718242,0.29072714210350653,-0.045444564176324115
45.25,0.26737735338578283,0.2967594936586777,-0.029382140272894874
45.300000000000004,0.2499267857139936,0.2714279944436003,-0.021501208729606675
45.35,0.17431084973985317,0.2022502639945855,-0.027939414254732342
45.400000000000006,0.03976592956413257,0.06168159849059431,-0.02191566892646174
45.45,-0.13055164850566983,-0.15539090880645637,0.024839260300786536
45.5,-0.29582941386552436,-0.39425091297555426,0.0984214991100299
45.550000000000004,-0.4138119385962462,-0.5511590223995164,0.1373470838032702
45.6,-0.45826973180906977,-0.5397026977026532,0.08143296589358345
45.650000000000006,-0.4279876640555893,-0.3623271627751532,-0.0656605012804361
45.7,-0.3425065811213432,-0.12088460686047792,-0.22162197426086527
45.75,-0.22788999313739136,0.05211590413110666,-0.280005897268498
45.800000000000004,-0.10196866628226048,0.08932933416750206,-0.19129800044976253
45.85,0.031282468674776985,0.03241465947288288,-0.001132190798105892
45.900000000000006,0.1749849982443525,-0.011122163228128968,0.1861071614724815
45.95,0.3260476221536884,0.04191723573912066,0.2841303864145677
46.0,0.46637370542107176,0.19022593272851643,0.2761477726925553
46.050000000000004,0.5665249288404489,0.3617721662926273,0.2047527625478216
46.1,0.5999688064228345,0.4774199038272645,0.12254890259556994
46.150000000000006,0.5571490147946048,0.502079036685897,0.05506997810870773
46.2,0.44841841495475854,0.4446407813793564,0.0037776335754021173
46.25,0.2942134610589718,0.32341346630862,-0.02920000524964822
46.300000000000004,0.1118988478959798,0.14349207374117778,-0.031593225845197984
46.35,-0.08868936975075116,-0.0899187422691948,0.0012293725184436416
46.400000000000006,-0.29779303985998684,-0.3439356607307353,0.04614262087074844
46.45,-0.49549543033107135,-0.5561822790282196,0.060686848697148243
46.5,-0.6515880805915099,-0.67064739597565,0.019059315384140185
46.550000000000004,-0.7390596634153005,-0.6798519046190001,-0.05920775879630036
46.6,-0.7505368221598225,-0.630440837101897,-0.12009598505792551
46.650000000000006,-0.7020917501514199,-0.5827840728766478,-0.1193076772747721
46.7,-0.6192911317688762,-0.5599319358995883,-0.05935919586928784
46.75,-0.517255139872963,-0.5321708664749758,0.014915726602012791
46.800000000000004,-0.39340165004737576,-0.4499191838668207,0.056517533819444965
46.85,-0.24048405463582406,-0.29332852932166054,0.05284447468583647
46.900000000000006,-0.06781470035813258,-0.09423027161541202,0.026415571257279433
46.95,0.09096788954284626,0.08557575376962698,0.0053921357732192865
47.0,0.19424664566507988,0.1964818623588516,-0.002235216693771719
47.050000000000004,0.22112444573490744,0.2274506304780601,-0.006326184743152663
47.1,0.18774346306788914,0.20107110590909041,-0.013327642841201276
47.150000000000006,0.1359742846861947,0.15089042676732706,-0.014916142081132344
47.2,0.1032199491081967,0.10365474325273377,-0.0004347941445370651
47.25,0.09858999794807108,0.07494192877595035,0.023648069172120728
47.300000000000004,0.10437802170764944,0.07025777727746108,0.034120244430188365
47.35,0.09869359579665195,0.08350254658319278,0.015191049213459165
47.400000000000006,0.0770007545868211,0.09668863059622278,-0.01968787600940168
47.45,0.05372912854897439,0.0898912712520054,-0.03616214270303101
47.5,0.045634019870600624,0.0594052045311554,-0.013771184660554776
47.550000000000004,0.05562027734393982,0.027600842001425707,0.02801943534251411
47.6,0.07306363841519185,0.029865498302717022,0.04319814011247483
47.650000000000006,0.08814676082117935,0.08483134867967333,0.003315412141506019
47.7,0.102937677671982,0.17347591860627057,-0.07053824093428857
47.75,0.1260733363150533,0.2484076075481737,-0.1223342712331204
47.800000000000004,0.15642404015733444,0.2678557327984077,-0.11143169264107325
47.85,0.17447208345734722,0.22517636319377143,-0.05070427973642422
47.900000000000006,0.15384762247184133,0.14839068605080374,0.005456936421037589
47.95,0.08509538753148614,0.07260565796491643,0.012489729566569713
48.0,-0.010328854932236899,0.013131145102257229,-0.023460000034494128
48.050000000000004,-0.09081109295400183,-0.03605441570093493,-0.054756677253066904
48.1,-0.1227994281326905,-0.08117016836429285,-0.04162925976839765
48.150000000000006,-0.1028457056784415,-0.1105673175303404,0.007721611851898888
48.2,-0.05515694627129557,-0.10084808935334207,0.0456911430820465
48.25,-0.008407296183694152,-0.04159592415966498,0.03318862797597083
48.300000000000004,0.026500378827542703,0.04740842978964419,-0.02090805096210149
48.35,0.05871498074327887,0.1258136975866799,-0.06709871684340103
48.400000000000006,0.10057454400312417,0.16176557131513838,-0.061191027312014215
48.45,0.14994858716140502,0.1539195754476543,-0.003970988286249283
48.5,0.18914188521300207,0.12731017616840257,0.0618317090445995
48.550000000000004,0.20041526902604417,0.10926859704607739,0.09114667197996679
48.6,0.1820882695559242,0.10882349294246732,0.07326477661345687
48.650000000000006,0.1495231220289997,0.11626200496318137,0.03326111706581833
48.7,0.12060892269846529,0.11809043858577326,0.0025184841126920376
48.75,0.10007052134556016,0.10945416518676675,-0.009383643841206588
48.800000000000004,0.07713656217305864,0.09301078660724706,-0.015874224434188414
48.85,0.037734080857030214,0.07000930603595384,-0.03227522517892363
48.900000000000006,-0.020910617352304955,0.03666277522121846,-0.05757339257352342
48.95,-0.0862579710527555,-0.009833179148671387,-0.0764247919040841
49.0,-0.13902772317398635,-0.06408084655816754,-0.07494687661581881
49.050000000000004,-0.16510762333273857,-0.11378546028737453,-0.051322163045364036
49.1,-0.1604943178883052,-0.14815962722331397,-0.012334690664991238
49.150000000000006,-0.12757193349454235,-0.16272895634917647,0.03515702285463412
49.2,-0.06960683669250152,-0.1545656566961034,0.08495882000360187
49.25,0.009497578196507645,-0.1155884531158193,0.12508603131232696
49.300000000000004,0.10040456428359189,-0.03690198646620034,0.13730655074979223
49.35,0.18512361416098008,0.07475705687135294,0.11036655728962715
49.400000000000006,0.24094150745943516,0.1850100633008942,0.055931444158540955
49.45,0.2501040376874725,0.24302098983617706,0.00708304785129546
49.5,0.20823469886395768,0.21455059699282142,-0.0063158981288637395
49.550000000000004,0.12555125573365264,0.11100353728718457,0.014547718446468072
49.6,0.021072732579034546,-0.014061124626660227,0.03513385720569477
49.650000000000006,-0.08499826962670799,-0.10319101407436676,0.018192744447658768
49.7,-0.17590503347560693,-0.13761539170970896,-0.03828964176589797
49.75,-0.23940703569591223,-0.14662734077717865,-0.09277969491873359
49.800000000000004,-0.2679726612426207,-0.17443216551926155,-0.09354049572335915
49.85,-0.2601122742105696,-0.2340154439105938,-0.026096830299975782
49.900000000000006,-0.22187295002227234,-0.29062977352986635,0.06875682350759402
49.95,-0.16595504108075232,-0.29119787679422293,0.1252428357134706
50.0,-0.10754319734483467,-0.21381340072050267,0.106270203375668
50.050000000000004,-0.058941046252788516,-0.09255897065923127,0.033617924406442755
50.1,-0.026315970909519686,0.0052845618571186635,-0.03160053276663835
50.150000000000006,-0.01015329220183411,0.030130730134665943,-0.04028402233650005
50.2,-0.008146147862197948,-0.014596915903228418,0.00645076804103047
50.25,-0.017830596167477626,-0.08120031034268536,0.06336971417520773
50.300000000000004,-0.037256545209793705,-0.11973714865153881,0.0824806034417451
50.35,-0.06407574755867128,-0.11545089375129478,0.0513751461926235
50.400000000000006,-0.0946677940056253,-0.09160182308084702,-0.003065970924778283
50.45,-0.12447320007312382,-0.08061019098874023,-0.04386300908438359
50.5,-0.14926017784347514,-0.09299261921199918,-0.056267558631475964
50.550000000000004,-0.16597685254429267,-0.11117060426692778,-0.0548062482773649
50.6,-0.1720604420522091,-0.10942324552294713,-0.06263719652926197
50.650000000000006,-0.16354005299034624,-0.07789183299531122,-0.08564821999503502
50.7,-0.1339605036280914,-0.028258681994032964,-0.10570182163405843
50.75,-0.07653837276753353,0.02114193814670203,-0.09768031091423557
50.800000000000004,0.009992740431932287,0.06340782782315868,-0.05341508739122639
50.85,0.11496653657715683,0.10600006066545889,0.008966475911697941
50.900000000000006,0.2143742224369591,0.15685108571105605,0.05752313672590306
50.95,0.27838074830142306,0.20902696052267308,0.06935378777874998
51.0,0.28568190428163803,0.2405399654554303,0.045141938826207734
51.050000000000004,0.23623541554357202,0.23096100575591658,0.0052744097876554485
51.1,0.1528846054565593,0.18003653220759083,-0.027151926751031535
51.150000000000006,0.06912385151623184,0.11094948978830789,-0.041825638272076054
51.2,0.010498226593145369,0.05434681176300578,-0.04384858516986041
51.25,-0.017421818915598606,0.026409124433931112,-0.04383094334952972
51.300000000000004,-0.02620234927002837,0.019657628810677844,-0.045859978080706215
51.35,-0.03020734987903586,0.014092975880412072,-0.04430032575944793
51.400000000000006,-0.03314077033799567,-0.0015614339983752422,-0.03157933633962043
51.45,-0.02636751417667013,-0.01762089361535438,-0.008746620561315751
51.5,0.0008280885190000179,-0.011377035151920484,0.012205123670920501
51.550000000000004,0.049293024787996166,0.03156918144155398,0.017723843346442184
51.6,0.10739885003835663,0.10159982887017104,0.005799021168185592
51.650000000000006,0.15960512002031543,0.1695372407565781,-0.009932120736262678
51.7,0.1976632186152263,0.20817801940954914,-0.010514800794322848
51.75,0.22405460822339132,0.2124745786929176,0.011580029530473712
51.800000000000004,0.24519615852683027,0.20073185093019866,0.044464307596631614
51.85,0.26172872289776583,0.19581662001994493,0.0659121028778209
51.900000000000006,0.26549224045139475,0.2031584303703743,0.06233381008102046
51.95,0.24585083239456457,0.20516394621676154,0.04068688617780303
52.0,0.19902511821451876,0.17683739320875275,0.022187725005766018
52.050000000000004,0.13169095176548087,0.10835355464131803,0.023337397124162843
52.1,0.05605877170141223,0.01446656279499599,0.04159220890641624
52.150000000000006,-0.018414351203780717,-0.07690921529815817,0.05849486409437745
52.2,-0.08927689739575832,-0.14578116675985628,0.056504269364097956
52.25,-0.158738043775765,-0.19203568486761033,0.033297641091845326
52.300000000000004,-0.2284980034473537,-0.22948353944298322,0.0009855359956295329
52.35,-0.29704101968732105,-0.2702503979392939,-0.026790621748027155
52.400000000000006,-0.3607585765392566,-0.31513489167182485,-0.045623684867431735
52.45,-0.4159361202306202,-0.357040390476992,-0.05889572975362822
52.5,-0.4586204544788454,-0.390220441669754,-0.06840001280909142
52.550000000000004,-0.4830500213468017,-0.4132223791371007,-0.069827642209701
52.6,-0.48184383665846026,-0.4225996704752774,-0.059244166183182845
52.650000000000006,-0.44927716233408865,-0.40682913581854724,-0.042448026515541415
52.7,-0.38487931500617095,-0.3510250376504449,-0.03385427735572605
52.75,-0.2933358796765473,-0.25089671470327524,-0.04243916497327205
52.800000000000004,-0.18030184580597786,-0.1219977256770949,-0.05830412012888296
52.85,-0.04857281146188647,0.0078051054166600456,-0.05637791687854651
52.900000000000006,0.10046622488500631,0.11860448228893503,-0.018138257403928715
52.95,0.260341976519529,0.21293855780835846,0.04740341871117054
53.0,0.4140135741191167,0.3089596117059115,0.10505396241320519
53.050000000000004,0.5357927354546861,0.4162185421863696,0.11957419326831648
53.1,0.6009068757277187,0.5157583899792512,0.08514848574846756
53.150000000000006,0.5960622535520798,0.5644525364240518,0.03160971712802796
53.2,0.5234267328880604,0.5227325927382157,0.000694140149844702
53.25,0.39635940708421047,0.3839528204500144,0.012406586634196082
53.300000000000004,0.23213411414673918,0.18188600642173183,0.050248107725007346
53.35,0.04821039005597798,-0.02858002364421478,0.07679041370019275
53.400000000000006,-0.13647365966591177,-0.2010318121423617,0.06455815247644994
53.45,-0.29957264796403904,-0.315381530237259,0.01580888227321997
53.5,-0.41778970754286515,-0.3750475418128944,-0.04274216572997075
53.550000000000004,-0.4738474747404651,-0.39203915129005906,-0.08180832345040606
53.6,-0.4630594610359474,-0.37473443965777564,-0.08832502137817178
53.650000000000006,-0.3945496991509496,-0.32563378568517026,-0.06891591346577935
53.7,-0.28679913020344683,-0.2457577546370844,-0.04104137556636242
53.75,-0.16143465310539473,-0.13921594602626042,-0.022218707079134314
53.800000000000004,-0.03893602218241003,-0.01567095173495883,-0.023265070447451203
53.85,0.06363847521305109,0.1081550829959342,-0.044516607782883105
53.900000000000006,0.1350588560153099,0.20885605526191897,-0.07379719924660907
53.95,0.1729166483421149,0.26255439074932185,-0.08963774240720696
54.0,0.18445226752011487,0.2576609341229777,-0.07320866660286282
54.050000000000004,0.18236160662607612,0.20619220429593468,-0.023830597669858566
54.1,0.17693144601724312,0.14155285000405676,0.03537859601318635
54.150000000000006,0.17026640701344883,0.09926461283257543,0.0710017941808734
54.2,0.15777442904892247,0.09316306990282607,0.0646113591460964
54.25,0.136030451456165,0.10727742591599108,0.028753025540173907
54.300000000000004,0.11006932260671504,0.11250660795900114,-0.0024372853522861004
54.35,0.0931396215577947,0.09507790572729692,-0.0019382841695022163
54.400000000000006,0.09841952395377625,0.07131980808944445,0.027099715864331797
54.45,0.1292575318059752,0.07407852600885732,0.05517900579711789
54.5,0.1756651916139705,0.12176321164910581,0.053901979964864705
54.550000000000004,0.21930478888531782,0.19771425165494472,0.021590537230373102
54.6,0.24253528722551837,0.258957866834896,-0.016422579609377652
54.650000000000006,0.2351721116096177,0.2670323369758267,-0.03186022536620897
54.7,0.19618267112640053,0.2142079877311063,-0.01802531660470577
54.75,0.13203456118530132,0.12399422088338248,0.008040340301918844
54.800000000000004,0.05439489574970795,0.029064919857397824,0.025329975892310123
54.85,-0.02237885670450418,-0.051138278639886334,0.028759421935382154
54.900000000000006,-0.08506672593201355,-0.11435187705036134,0.0292851511183478
54.95,-0.12621609623585295,-0.16277416881272802,0.03655807257687507
55.0,-0.1463989175719182,-0.19135058026476776,0.04495166269284956
55.050000000000004,-0.15139884047605479,-0.19062818771808668,0.03922934724203189
55.1,-0.14604880349031965,-0.1598335871307375,0.013784783640417853
55.150000000000006,-0.13047138907904682,-0.1140274649693358,-0.016443924109711017
55.2,-0.10305382509669454,-0.07577511061958135,-0.027278714477113192
55.25,-0.0678574656853077,-0.05890896873081921,-0.008948496954488495
55.300000000000004,-0.038639302081690544,-0.060817063480738294,0.02217776139904775
55.35,-0.033543528004007984,-0.07079456798980614,0.03725103998579816
55.400000000000006,-0.06309157726788477,-0.08504557330946994,0.02195399604158517
55.45,-0.12141737990677667,-0.11205195476037809,-0.009365425146398584
55.5,-0.1891024355565541,-0.16240267279507406,-0.026699762761480034
55.550000000000004,-0.24607140233127045,-0.2336521919027675,-0.012419210428502941
55.6,-0.2838004096038748,-0.30603936063995385,0.022238951036079035
55.650000000000006,-0.30649786621330954,-0.3537916327122836,0.047293766498974044
55.7,-0.32095516332684837,-0.3612751974001318,0.04032003407328344
55.75,-0.32516734095430405,-0.32943688742397365,0.004269546469669594
55.800000000000004,-0.3068114800321633,-0.26893847914581787,-0.03787300088634543
55.85,-0.25334162456234766,-0.18969185342712266,-0.06364977113522499
55.900000000000006,-0.16461205258951958,-0.098089365157287,-0.06652268743223258
55.95,-0.056592643505278,-0.0024133592666977116,-0.05417928423858029
56.0,0.047285193954194865,0.08345727232932573,-0.03617207837513087
56.050000000000004,0.12998526120425521,0.14598239446570105,-0.015997133261445834
56.1,0.18899310210097311,0.18340479200799933,0.0055883100929737806
56.150000000000006,0.2334481557481794,0.21010062852496977,0.023347527223209624
56.2,0.2741674900210717,0.2465034258186288,0.027664064202442912
56.25,0.3149886008081618,0.3015637629095975,0.013424837898564301
56.300000000000004,0.3510217918347215,0.3632489795010071,-0.01222718766628561
56.35,0.37316037003605546,0.4061551570723602,-0.03299478703630476
56.400000000000006,0.37430221358105864,0.4099579695160869,-0.03565575593502823
56.45,0.3532457524165616,0.37314712536786193,-0.019901372951300345
56.5,0.31487387558885127,0.31174826539453865,0.0031256101943126224
56.550000000000004,0.26715564768098016,0.24638926258165306,0.0207663850993271
56.6,0.21628479913728083,0.18957383795857718,0.02671096117870364
56.650000000000006,0.16217865663187533,0.141614050724028,0.02056460590784734
56.7,0.09754140474951789,0.09421871822087402,0.00332268652864387
56.75,0.012761367083785037,0.03586799446566751,-0.023106627381882475
56.800000000000004,-0.09505139691307835,-0.043790535425936944,-0.0512608614871414
56.85,-0.21505902705313518,-0.14870282366003615,-0.06635620339309903
56.900000000000006,-0.324184031338456,-0.2697842686550883,-0.054399762683367714
56.95,-0.3977742882307469,-0.38213225928887024,-0.015642028941876662
57.0,-0.4223934574137622,-0.45282734045215334,0.03043388303839112
57.050000000000004,-0.4011555626020052,-0.45831925102854976,0.05716368842654457
57.1,-0.3478934296309974,-0.39964020835832065,0.05174677872732325
57.150000000000006,-0.27599167242374323,-0.3020889754078288,0.02609730298408558
57.2,-0.19209547468331276,-0.19798041085340357,0.00588493617009081
57.25,-0.09970750180325746,-0.10651573484213782,0.006808233038880354
57.300000000000004,-0.007661747639437904,-0.028214265304434726,0.02055251766499682
57.35,0.06667247614209704,0.042199556001639965,0.024472920140457072
57.400000000000006,0.10464073310024541,0.09873124454389215,0.0059094885563532595
57.45,0.09876836976865701,0.12179272852663753,-0.02302435875798052
57.5,0.059454299769283896,0.09508014079157116,-0.03562584102228727
57.550000000000004,0.009545238678843677,0.02614245333471734,-0.016597214655873663
57.6,-0.028919520224922862,-0.0504292175642274,0.021509697339304537
57.650000000000006,-0.045014694518688225,-0.09307519055101546,0.04806049603232723
57.7,-0.039103522257481635,-0.08068346316749202,0.04157994091001038
57.75,-0.015424593992398724,-0.02407150186738855,0.008646907874989824
57.800000000000004,0.024114721505394458,0.047363566841533825,-0.023248845336139367
57.85,0.07899451998239727,0.11033392487585772,-0.031339404893460446
57.900000000000006,0.14434432455564905,0.16109062365226906,-0.01674629909662001
57.95,0.20778540764836795,0.20730901320217132,0.0004763944461966263
58.0,0.25320171636872996,0.2493294977309318,0.0038722186377981582
58.050000000000004,0.2684503711007553,0.27118636473460417,-0.0027359936338488544
58.1,0.250234566167231,0.2512155637744959,-0.0009809976072648885
58.150000000000006,0.20275041231180435,0.182306647173233,0.02044376513857135
58.2,0.13316422306095083,0.08225228314510946,0.050911939915841364
58.25,0.04938954187000767,-0.016157454879516992,0.06554699674952466
58.300000000000004,-0.03831791756679215,-0.0870359895914093,0.04871807202461716
58.35,-0.11594831939293511,-0.12658077056226424,0.010632451169329135
58.400000000000006,-0.16907632085789562,-0.14951537014874233,-0.019560950709153285
58.45,-0.1901475460920924,-0.17153423389279027,-0.018613312199302123
58.5,-0.18340533117625485,-0.19390534175549012,0.010500010579235275
58.550000000000004,-0.16192269305723941,-0.20312755878267807,0.04120486572543866
58.6,-0.13821486078926726,-0.1847548000817442,0.046539939292476934
58.650000000000006,-0.11630462887211279,-0.13866472313413966,0.02236009426202687
58.7,-0.09215924925180925,-0.08257226857517568,-0.009586980676633577
58.75,-0.06159059110313215,-0.0407068633311711,-0.02088372777196105
58.800000000000004,-0.0275391780195933,-0.026478071082995398,-0.0010611069365979026
58.85,0.0007048069599352193,-0.03256886970309198,0.0332736766630272
58.900000000000006,0.015809361386772088,-0.036328448826280696,0.05213781021305278
58.95,0.020108827695146537,-0.016990674291439373,0.03709950198658591
59.0,0.02481143195709019,0.02776778510420074,-0.0029563531471105513
59.050000000000004,0.04071229621231379,0.07858706983509836,-0.037874773622784574
59.1,0.0684779445438949,0.10782836043810624,-0.039350415894211344
59.150000000000006,0.09719660748428878,0.10030296256622218,-0.0031063550819333957
59.2,0.11261259279757649,0.06554111619260859,0.047071476604967896
59.25,0.10808673416448666,0.03143772060140893,0.07664901356307774
59.300000000000004,0.08930117857875743,0.023538603570519758,0.06576257500823766
59.35,0.06938250385307197,0.04618531554008308,0.023197188312988892
59.400000000000006,0.059008749456208646,0.08070982684324214,-0.021701077387033495
59.45,0.059454022789592234,0.10180422665217204,-0.0423502038625798
59.5,0.06330869029396666,0.09781201265069958,-0.034503322356732924
59.550000000000004,0.06136450000669166,0.077748531649843,-0.016384031643151338
59.6,0.050126142721935926,0.060314186838240046,-0.01018804411630412
59.650000000000006,0.03496984029169832,0.056636000391163656,-0.021666160099465336
59.7,0.02752677140488248,0.06344731584758707,-0.035920544442704594
59.75,0.03932562544507045,0.0721602464876508,-0.03283462104258036
59.800000000000004,0.07525986091741797,0.08287570182862429,-0.0076158409112063175
59.85,0.13008842004167462,0.10718585661079523,0.02290256343087939
59.900000000000006,0.1896454366758933,0.1551047140434896,0.03454072263240368
59.95,0.23623567452102895,0.21836489371123033,0.01787078080979862
60.0,0.255490769689352,0.26760025954841976,-0.012109489859067735
60.050000000000004,0.24101909196578483,0.26879766055158844,-0.027778568585803604
60.1,0.19458143387203347,0.20634057257955382,-0.01175913870752035
60.150000000000006,0.12269816623914245,0.09349515355033867,0.02920301268880378
60.2,0.03311755677675636,-0.03753950575738796,0.07065706253414432
60.25,-0.06588324864746702,-0.15603733275975518,0.09015408411228816
60.300000000000004,-0.16363954738602987,-0.2462557237050329,0.08261617631900303
60.35,-0.24603187243942337,-0.30580470628782896,0.05977283384840559
60.400000000000006,-0.29837099599796507,-0.3358196323065954,0.03744863630863032
60.45,-0.3118197182710672,-0.3357540226261772,0.023934304355110014
60.5,-0.2891696740294279,-0.30756774686485716,0.01839807283542927
60.550000000000004,-0.24540223676568051,-0.26218450226946777,0.016782265503787253
60.6,-0.20196105124113653,-0.2184787009873944,0.016517649746257856
60.650000000000006,-0.17802050169147102,-0.19384378813584505,0.01582328644437403
60.7,-0.18361034732522769,-0.19507798068071172,0.011467633355484036
60.75,-0.2173748840969361,-0.21790306560387224,0.0005281815069361484
60.800000000000004,-0.26838601782967036,-0.2536888106085933,-0.014697207221077091
60.85,-0.31977890344053805,-0.294325875468153,-0.02545302797238508
60.900000000000006,-0.35273487765282674,-0.3296420140624422,-0.023092863590384538
60.95,-0.3506987152439837,-0.3423729263081231,-0.008325788935860612
61.0,-0.30375819556487743,-0.310794656816062,0.007036461251184567
61.050000000000004,-0.21194774491560034,-0.2216454114105056,0.00969766649490525
61.1,-0.08566227996665371,-0.08320832316074456,-0.002453956805909152
61.150000000000006,0.057411227363500385,0.07514684075365706,-0.017735613390156675
61.2,0.1973057578182198,0.2193723798901595,-0.022066622071939712
61.25,0.31618036000927136,0.3297928291277211,-0.013612469118449766
61.300000000000004,0.40060293027440436,0.4058634968511004,-0.005260566576696046
61.35,0.44210720051637625,0.45321474084765073,-0.01110754033127448
61.400000000000006,0.43732574279426506,0.46738007962829986,-0.0300543368340348
61.45,0.38832535779968774,0.43244161267343506,-0.04411625487374732
61.5,0.3026942573182326,0.3378742544489329,-0.0351799971307003
61.550000000000004,0.19279601697923857,0.1975653253757674,-0.004769308396528837
61.6,0.07431604276485604,0.05091208102335079,0.023403961741505247
61.650000000000006,-0.035448476753018696,-0.05812763384956512,0.022679157096546422
61.7,-0.11973722259336626,-0.10737789290530698,-0.012359329688059278
61.75,-0.16564395211086638,-0.10619514112910314,-0.059448810981763245
61.800000000000004,-0.16839859619447564,-0.08182283299883898,-0.08657576319563666
61.85,-0.13434951413382432,-0.056271804307424976,-0.07807770982639933
61.900000000000006,-0.07953037763644476,-0.03414784674045285,-0.04538253089599191
61.95,-0.02296142994104884,-0.009112474505826182,-0.01384895543522266
62.0,0.021931323535149417,0.021462826116097285,0.00046849741905213155
62.050000000000004,0.05201657670142491,0.04976011280037425,0.002256463901050665
62.1,0.07188184384567797,0.0640998805492967,0.00778196329638127
62.150000000000006,0.0863121395822355,0.05985219432533471,0.026459945256900798
62.2,0.09427921695027984,0.0425688643585363,0.05171035259174354
62.25,0.08945584807685067,0.021157490574145243,0.06829835750270542
62.300000000000004,0.06635467806348283,-0.00017395290073323982,0.06652863096421607
62.35,0.026212622035314985,-0.02246112692683706,0.04867374896215204
62.400000000000006,-0.02269888005383162,-0.046081109813876836,0.023382229760045215
62.45,-0.07026563539076304,-0.06713744059760637,-0.003128194793156666
62.5,-0.11022557664539485,-0.08150374929203788,-0.028721827353356974
62.550000000000004,-0.14151306598911492,-0.0916808189635042,-0.04983224702561072
62.6,-0.1650342678195177,-0.10684304457330562,-0.058191223246212065
62.650000000000006,-0.17985870316990576,-0.13335333736636376,-0.046505365803542004
62.7,-0.18253145245739763,-0.16438856045877434,-0.01814289199862329
62.75,-0.16932916961735256,-0.18021383865058593,0.010884669033233374
62.800000000000004,-0.13833636162038015,-0.1609250126217889,0.02258865100140875
62.85,-0.08929795937866378,-0.10088580064633622,0.011587841267672441
62.900000000000006,-0.022642653030758693,-0.012031368370760121,-0.010611284659998572
62.95,0.059505440605099026,0.08584361308617562,-0.026338172481076595
63.0,0.15008313154597455,0.17720355986464226,-0.027120428318667705
63.050000000000004,0.23509608342901456,0.25381280136773027,-0.01871671793871571
63.1,0.29663651561278437,0.3085166278645363,-0.01188011225175195
63.150000000000006,0.3204138170735469,0.33031787314116706,-0.009904056067620182
63.2,0.3025803870351019,0.3093622687717139,-0.006781881736611983
63.25,0.25054246371513755,0.24786173834674055,0.0026807253683970023
63.300000000000004,0.17753076587282388,0.16407226075764045,0.013458505115183428
63.35,0.09604697538604212,0.08210529183913541,0.01394168354690671
63.400000000000006,0.015508208970970038,0.015504041818404733,4.1671525653052405e-06
63.45,-0.05563388305500454,-0.03924947519071212,-0.01638440786429242
63.5,-0.10790137577498903,-0.09193813255182043,-0.015963243223168597
63.550000000000004,-0.1329970113960258,-0.1410707737660218,0.008073762369996018
63.6,-0.1289498038538791,-0.1684698049278352,0.03952000107395609
63.650000000000006,-0.10272795317208475,-0.15372601905691793,0.05099806588483319
63.7,-0.06663071291662483,-0.0958888314706481,0.02925811855402327
63.75,-0.03096037521555228,-0.0208453439505854,-0.010115031264966878
63.800000000000004,0.0004918852345190312,0.03464737149756304,-0.03415548626304401
63.85,0.02827237629912078,0.04905526316668344,-0.02078288686756266
63.900000000000006,0.05133617547754,0.029122242078575656,0.022213933398964342
63.95,0.06411632475331559,-0.000823174314583586,0.06493949906789918
64.0,0.06003798317756232,-0.021554386309900763,0.08159236948746308
64.05,0.03791535484135162,-0.03176843328132983,0.06968378812268144
64.10000000000001,0.004425300981105303,-0.041014130435501596,0.0454394314166069
64.15,-0.030116784472637687,-0.053583199423702835,0.023466414951065148
64.2,-0.05846977846062748,-0.06236826514484353,0.0038984866842160515
64.25,-0.07907978792284169,-0.05908227175386339,-0.019997516168978303
64.3,-0.0927724014936715,-0.047888897890667345,-0.04488350360300415
64.35000000000001,-0.09826442542416441,-0.04463728507787822,-0.0536271403462862
64.4,-0.09218200301939151,-0.05941422828037289,-0.032767774739018624
64.45,-0.07348157200935192,-0.07991452806751194,0.006432956058160022
64.5,-0.046339551780516276,-0.07555839530498293,0.029218843524466652
64.55,-0.016852627291113694,-0.023015280856524056,0.0061626535654103615
64.60000000000001,0.013534514777388044,0.06876759225501994,-0.0552330774776319
64.65,0.04968212950628347,0.15864803002258263,-0.10896590051629915
64.7,0.09539598077805449,0.20161716375081157,-0.10622118297275708
64.75,0.1433384081981223,0.18243015915083782,-0.039091750952715526
64.8,0.1739486674157068,0.1257565878590026,0.04819207955670421
64.85000000000001,0.16807944083518325,0.07438515727982749,0.09369428355535576
64.9,0.1238952184176256,0.054756023033434555,0.06913919538419105
64.95,0.061660038743056526,0.05894667504274143,0.002713363700315094
65.0,0.009262467829310138,0.05622543911544441,-0.046962971286134275
65.05,-0.02039753051266703,0.021344016451458368,-0.041741546964125395
65.10000000000001,-0.03940191059974011,-0.045480834171876997,0.0060789235721368864
65.15,-0.07145268289201599,-0.12134347596162191,0.04989079306960592
65.2,-0.12620899143695558,-0.17951591175288786,0.05330692031593229
65.25,-0.18530960405317642,-0.2061409002897484,0.020831296236571983
65.3,-0.21458453277992662,-0.20282650665236562,-0.011758026127560994
65.35000000000001,-0.1927674990570904,-0.17824802966913453,-0.014519469387955869
65.4,-0.13082539873135676,-0.140108247392474,0.009282848661117227
65.45,-0.06386733040463732,-0.09424329528107503,0.030375964876437705
65.5,-0.022757575499904786,-0.04785668117552372,0.025099105675618932
65.55,-0.011315649319796813,-0.010050151855729285,-0.0012654974640675283
65.60000000000001,-0.00934632840973202,0.012204641190391968,-0.02155096960012399
65.65,0.0029433773808482163,0.017976786781048717,-0.0150334094002005
65.7,0.023585647640518077,0.011382729439733057,0.01220291820078502
65.75,0.031197668930505393,-0.0030971352324701117,0.034294804162975506
65.8,0.008109233946173942,-0.023257496383653407,0.03136673032982735
65.85000000000001,-0.03891429836925044,-0.04663574512445418,0.00772144675520374
65.9,-0.08101289446107345,-0.06647381912516499,-0.014539075335908452
65.95,-0.09089528597244781,-0.0726558835328231,-0.018239402439624713
66.0,-0.06579648592206515,-0.059014265993078546,-0.006782219928986602
66.05,-0.028814768812648377,-0.030547147994077588,0.001732379181429211
66.10000000000001,-0.008336549328238968,-0.0023686993268115025,-0.005967850001427465
66.15,-0.015024090985158825,0.010579470667547513,-0.025603561652706337
66.2,-0.03634743122370264,0.004730023290684341,-0.04107745451438698
66.25,-0.05092401607292561,-0.010038079847826705,-0.04088593622509891
66.3,-0.04712704185232938,-0.01932884880896043,-0.027798193043368953
66.35000000000001,-0.02908347956488645,-0.015782584384958272,-0.013300895179928177
66.4,-0.007538839332056312,-0.0027161498282315525,-0.0048226895038247595
66.45,0.012522392963418387,0.012602504962062888,-8.011199864450119e-05
66.5,0.034895786177083325,0.028285257097528143,0.006610529079555182
66.55,0.06479215502806167,0.04983451269556434,0.014957642332497328
66.60000000000001,0.10058569417366657,0.08275771662672116,0.017827977546945414
66.65,0.13323208338588452,0.12346980578509915,0.009762277600785366
66.7,0.15238169882374578,0.15799557989548124,-0.005613881071735466
66.75,0.15161777875397878,0.17023546207631193,-0.018617683322333156
66.8,0.12838880838073186,0.15225404270479828,-0.023865234324066426
66.85000000000001,0.08205304192263947,0.1075576058838321,-0.025504563961192633
66.9,0.015778337419935,0.04585280246558314,-0.03007446504564814
66.95,-0.05827054875199433,-0.023685226465208983,-0.03458532228678535
67.0,-0.11810440718352394,-0.09296771237673655,-0.025136694806787388
67.05,-0.14120479636749936,-0.14960159018169372,0.008396793814194364
67.10000000000001,-0.11912820586131495,-0.1738640609248184,0.05473585506350345
67.15,-0.06451958020638969,-0.1456860577083905,0.0811664775020008
67.2,-0.00226248462059179,-0.05955691678531974,0.05729443216472795
67.25,0.048950881428996944,0.06446222888398405,-0.015511347454987105
67.3,0.08819179497518738,0.18520157490092445,-0.09700977992573707
67.35000000000001,0.12617688823138912,0.260584252952039,-0.1344073647206499
67.4,0.16772208571444516,0.2706540269118139,-0.10293194119736873
67.45,0.20084973191504535,0.22703697047646695,-0.026187238561421605
67.5,0.20463419810644226,0.16216187085362976,0.0424723272528125
67.55,0.16914983117074436,0.10671772110030987,0.06243211007043449
67.60000000000001,0.10791194270775004,0.07207949251036617,0.03583245019738386
67.65,0.04947390973799285,0.049381761564883074,9.214817310977674e-05
67.7,0.014842296875417127,0.023246696281953562,-0.008404399406536435
67.75,0.0015004696883352178,-0.012713114296979142,0.01421358398531436
67.8,-0.01113707353396025,-0.0511801734693835,0.04004309993542325
67.85000000000001,-0.04048243930337753,-0.07948979274656964,0.03900735344319211
67.9,-0.08426369895192536,-0.09228806623173531,0.008024367279809957
67.95,-0.1239796857052617,-0.09693578657890896,-0.027043899126352744
68.0,-0.14359851032737495,-0.10714890560509627,-0.03644960472227868
68.05,-0.14412784163566966,-0.13063342301123598,-0.01349441862443368
68.10000000000001,-0.139722267155896,-0.1612608292248499,0.02153856206895391
68.15,-0.14021348171075987,-0.1821394053364609,0.04192592362570102
68.2,-0.1387687420125435,-0.176907188311892,0.03813844629934851
68.25,-0.1179797618582958,-0.14042884655640553,0.02244908469810973
68.3,-0.06875374028879712,-0.08144953741165081,0.012695797122853694
68.35000000000001,-0.003103220256823407,-0.016657965178575058,0.013554744921751651
68.4,0.052429273995330844,0.0382132298031868,0.01421604419214404
68.45,0.07718628146537033,0.07396088993017556,0.0032253915351947715
68.5,0.07183855924952241,0.08818208391540903,-0.016343524665886622
68.55,0.05506567133585779,0.08287457354625043,-0.027808902210392637
68.60000000000001,0.04559268045133453,0.06283176462875674,-0.01723908417742221
68.65,0.04684958183187286,0.03552195864030229,0.011327623191570567
68.7,0.047712052768526636,0.010415471512360077,0.037296581256166556
68.75,0.03674635564343026,-0.003876833347132644,0.04062318899056291
68.8,0.015143788407211863,-0.0034080624209136415,0.018551850828125504
68.85000000000001,-0.003756842751176332,0.009501261751702768,-0.0132581045028791
68.9,-0.006765639388875133,0.02850299404232977,-0.0352686334312049
68.95,0.007389639593245302,0.047395008848329236,-0.04000536925508393
69.0,0.02734469196010127,0.06249623454220846,-0.03515154258210719
69.05,0.038842814251495376,0.07154347307435324,-0.032700658822857866
69.10000000000001,0.03543841908500287,0.07138002513082484,-0.035941606045821965
69.15,0.02160471058852086,0.05829727942217853,-0.036692568833657666
69.2,0.007728978216314013,0.03206232812030178,-0.024333349903987764
69.25,0.0028588091172216013,1.5616484710851413e-05,0.00284319263251075
69.3,0.010593581793806341,-0.023917098113515948,0.03451067990732229
69.35000000000001,0.028827038531798018,-0.026642287524244496,0.05546932605604252
69.4,0.05110451944293991,-0.005019073056857908,0.056123592499797814
69.45,0.06839817520911343,0.03059358392811283,0.037804591281000596
69.5,0.07203701298497552,0.06179108039593835,0.010245932589037166
69.55,0.057800876469379356,0.07283500214930735,-0.015034125679927998
69.60000000000001,0.028605664375214366,0.05874130067120538,-0.030135636295991013
69.65,-0.007175232882216604,0.025448442016972023,-0.032623674899188625
69.7,-0.04111394166349642,-0.01640626293128554,-0.02470767873221088
69.75,-0.06910654272584729,-0.05778576555868785,-0.011320777167159443
69.8,-0.09044898869432665,-0.09267275581858121,0.0022237671242545665
69.85000000000001,-0.1028491971325765,-0.11534643358472958,0.012497236452153088
69.9,-0.09958302221742348,-0.11851008175546997,0.018927059538046492
69.95,-0.07351276311805573,-0.09603570019822082,0.02252293708016509
70.0,-0.02541545930384689,-0.04883486204318645,0.023419402739339557
70.05,0.03161347923119887,0.0116081017739843,0.020005377457214573
70.10000000000001,0.07746187848158664,0.06626847258238759,0.011193405899199052
70.15,0.09684242282674892,0.09709154099853774,-0.0002491181717888258
70.2,0.08786762817494906,0.09537804154569993,-0.007510413370750868
70.25,0.060234696360774685,0.064635468890831,-0.004400772530056309
70.3,0.02556674212110936,0.016870356198915568,0.008696385922193791
70.35000000000001,-0.010532581872632285,-0.034173076047528735,0.02364049417489645
70.4,-0.04784775762784005,-0.07823561153531916,0.030387853907479112
70.45,-0.08488685423219705,-0.11008865480678254,0.025201800574585487
70.5,-0.11488081775017078,-0.12841954987791637,0.01353873212774559
70.55,-0.12962421411734198,-0.13423651843448448,0.0046123043171424905
70.60000000000001,-0.1271236636319573,-0.12993018516363977,0.002806521531682482
70.65,-0.1142648202113832,-0.11869009442796788,0.004425274216584674
70.7,-0.10078103866348247,-0.10371353137465994,0.002932492711177473
70.75,-0.09036171124312978,-0.08739517591647257,-0.0029665353266572075
70.8,-0.0783166669789535,-0.07116047920248672,-0.007156187776466774
70.85000000000001,-0.05856259416988071,-0.05608465573567974,-0.002477938434200966
70.9,-0.03264099162184826,-0.04355527025283253,0.010914278630984271
70.95,-0.010854053064428593,-0.0351089971398945,0.02425494407546591
71.0,-0.0036083110560294627,-0.03144597730139022,0.027837666245360757
71.05,-0.01148747364331902,-0.031576816153110365,0.020089342509791344
71.10000000000001,-0.024317346306458792,-0.03304041645414444,0.008723070147685648
71.15,-0.030391150830929317,-0.033125734058316154,0.0027345832273868373
71.2,-0.026494435123917165,-0.030058349111993777,0.003563913988076612
71.25,-0.01857599602886998,-0.023155816503745746,0.0045798204748757655
71.3,-0.012859092123083234,-0.011969081609498416,-0.0008900105135848171
71.35000000000001,-0.007402024996962543,0.004570032878764645,-0.011972057875727188
71.4,0.006364658425858266,0.02791789091743206,-0.021553232491573794
71.45,0.033453316421108076,0.058462104293456385,-0.02500878787234831
71.5,0.06751899017779814,0.09382512950217493,-0.026306139324376795
71.55,0.09444120884229074,0.12833257523145708,-0.033891366389166344
71.60000000000001,0.10432313884335066,0.15443115019094145,-0.05010801134759078
71.65,0.09967665060664699,0.1655870589903203,-0.06591040838367332
71.7,0.09114137876718194,0.15911567693599915,-0.06797429816881721
71.75,0.08515526679483922,0.13723130328498406,-0.05207603649014485
71.8,0.0768290395444124,0.10561101012204234,-0.028781970577629934
71.85000000000001,0.056168806151158934,0.07042732782925541,-0.014258521678096478
71.9,0.021616102499653952,0.03597955397371452,-0.014363451474060571
71.95,-0.013573578743336033,0.0046822533047261965,-0.018255832048062227
72.0,-0.030011081689198853,-0.02076331577928692,-0.009247765909911932
72.05,-0.01847037706242912,-0.03529637679772903,0.016825999735299912
72.10000000000001,0.011982868931184235,-0.03218925098709973,0.044172119918283966
72.15,0.042203025372151814,-0.007104814501767879,0.04930783987391969
72.2,0.0595352986819714,0.03699463440638174,0.022540664275589664
72.25,0.06651103889304016,0.08811096581022593,-0.021599926917185763
72.3,0.0736307060224638,0.12895812092224057,-0.05532741489977677
72.35000000000001,0.0845285558663811,0.14462017150063292,-0.06009161563425182
72.4,0.08951881492709186,0.12953479102937712,-0.04001597610228526
72.45,0.07466705104411088,0.08955646833240723,-0.014889417288296347
72.5,0.03723768476033957,0.03825790746776915,-0.0010202227074295814
72.55,-0.008553492404233184,-0.009680450916441399,0.0011269585122082142
72.60000000000001,-0.04194817720180853,-0.04395005021165318,0.002001873009844647
72.65,-0.05239921657642256,-0.06066417727413934,0.008264960697716782
72.7,-0.04653898473218921,-0.06138762255085511,0.014848637818665897
72.75,-0.03919529330992348,-0.05094363933199062,0.01174834602206714
72.8,-0.038155691592707534,-0.03532594850633083,-0.002829743086376707
72.85000000000001,-0.03798592251136613,-0.019977967731151885,-0.018007954780214244
72.9,-0.028234375990748916,-0.008392736256721581,-0.019841639734027333
72.95,-0.00650397759193659,-0.0014202766796077865,-0.005083700912328804
73.0,0.01754929599955264,0.002213025770752412,0.01533627022880023
73.05,0.031165740254637777,0.004432817636099761,0.026732922618538015
73.10000000000001,0.030676464390376513,0.006545950103102364,0.024130514287274148
73.15,0.024304604112747867,0.009159554894227507,0.01514504921852036
73.2,0.023196719441125165,0.012988165566756605,0.01020855387436856
73.25,0.0305098245236721,0.01918061595594353,0.01132920856772857
73.3,0.03972141926221945,0.028281859333849187,0.011439559928370261
73.35000000000001,0.04294600685293035,0.03864993411588192,0.004296072737048434
73.4,0.039468924862796545,0.046229610815433676,-0.006760685952637131
73.45,0.03521667829320395,0.04662750548541112,-0.011410827192207172
73.5,0.03445287461952594,0.03815290266113389,-0.0037000280416079542
73.55,0.03374270474990829,0.02319724658185592,0.010545458168052368
73.60000000000001,0.025522009832601018,0.0065521905029632165,0.018969819329637802
73.65,0.007515889468961876,-0.007992128163697808,0.015508017632659684
73.7,-0.01284830695883962,-0.0198435124826009,0.00699520552376128
73.75,-0.024888634721014852,-0.030875791123871354,0.005987156402856502
73.8,-0.025874045146192487,-0.042864553714493624,0.016990508568301137
73.85000000000001,-0.024977450489058795,-0.05579129293847635,0.030813842449417556
73.9,-0.03492810454396835,-0.06852531775786438,0.033597213213896034
73.95,-0.05917657163196008,-0.08072418057049198,0.0215476089385319
74.0,-0.08755576484086973,-0.09348831004151432,0.0059325452006445956
74.05,-0.10513218640216992,-0.10774005209748862,0.0026078656953186924
74.10000000000001,-0.1055750946169019,-0.12193482714651872,0.016359732529616824
74.15,-0.09580396978367338,-0.13172805894925255,0.03592408916557917
74.2,-0.08769181361864543,-0.13247922452378688,0.04478741090514145
74.25,-0.08581710248079849,-0.1227074982236956,0.03689039574289711
74.3,-0.08395057852804684,-0.1055963454555559,0.021645766927509066
74.35000000000001,-0.07346268180777198,-0.08732887776957446,0.013866195961802483
74.4,-0.05427171632017973,-0.07367385923594405,0.019402142915764323
74.45,-0.036481176595946505,-0.0673225744842269,0.0308413978882804
74.5,-0.03084237169372499,-0.06729885601253409,0.0364564843188091
74.55,-0.03791256189936829,-0.06991156546654086,0.031999003567172564
74.60000000000001,-0.04697473676479574,-0.07009700411792479,0.02312226735312905
74.65,-0.04552267813258707,-0.06276765651722317,0.017244978384636102
74.7,-0.029500634527418645,-0.04447250288480925,0.014971868357390606
74.75,-0.004577306083276312,-0.015182921940739686,0.010605615857463373
74.8,0.02117859500327193,0.020962979419574,0.00021561558369792913
74.85000000000001,0.044084935107473765,0.057002152182139186,-0.012917217074665421
74.9,0.06389439147808099,0.08602422234301091,-0.022129830864929922
74.95,0.07782365356441266,0.10356088786367411,-0.025737234299261447
75.0,0.07859710544997718,0.10793154225501377,-0.029334436805036584
75.05,0.06081755356041521,0.09915099254087238,-0.03833343898045717
75.10000000000001,0.029408659954353246,0.07849155632840334,-0.04908289637405009
75.15,-0.0002971832047987812,0.04970039277717794,-0.049997575981976725
75.2,-0.01341006009188148,0.020191841405123836,-0.033601901497005315
75.25,-0.007798349541200739,-0.0005673000820466246,-0.007231049459154115
75.3,0.004614750790474138,-0.005910349576569169,0.010525100367043308
75.35000000000001,0.009759402515448974,0.00336389766115423,0.006395504854294744
75.4,0.0051818885513616126,0.019081520449295085,-0.013899631897933473
75.45,0.001824949369883155,0.031523411407721455,-0.0296984620378383
75.5,0.011823817045531725,0.03655689260350348,-0.024733075557971752
75.55,0.03467650217446756,0.037793945895967504,-0.0031174437214999406
75.60000000000001,0.0560967662279641,0.04168675302029624,0.014410013207667861
75.65,0.061032819912748296,0.05012897895715828,0.010903840955590015
75.7,0.04779047146874182,0.05776704816293502,-0.009976576694193204
75.75,0.029023550690816073,0.056872251125497326,-0.027848700434681253
75.8,0.018855652894848942,0.04520188399930972,-0.026346231104460775
75.85000000000001,0.019561634336749085,0.029066906314446937,-0.009505271977697852
75.9,0.021313234873553754,0.018242800934490443,0.0030704339390633106
75.95,0.014502934435784308,0.017297659199482434,-0.0027947247636981257
76.0,0.0009373526285280142,0.021574494424985453,-0.02063714179645744
76.05,-0.008257941201112368,0.021716546333686727,-0.029974487534799095
76.10000000000001,-0.0055599800103553814,0.012436805623243915,-0.017996785633599296
76.15,0.00364955711109833,-0.0027682681768174174,0.006417825287915747
76.2,0.006160400477150551,-0.015187741222325744,0.021348141699476294
76.25,-0.0045224401658063304,-0.018948011916147596,0.014425571750341266
76.3,-0.019953939743158403,-0.01571333282740344,-0.004240606915754962
76.35000000000001,-0.02462590735744554,-0.011946906777020705,-0.012679000580424836
76.4,-0.012619134554920709,-0.012124568441362737,-0.0004945661135579722
76.45,0.004486170907501045,-0.014919255709933856,0.019405426617434902
76.5,0.007866471383087683,-0.015763938857300742,0.023630410240388425
76.55,-0.009386889330946413,-0.012422173306943538,0.003035283975997125
76.60000000000001,-0.03348641219964453,-0.007330186684829486,-0.026156225514815043
76.65,-0.04125748887617374,-0.004264334596246653,-0.03699315427992709
76.7,-0.021276163782058467,-0.0031063042201824875,-0.01816985956187598
76.75,0.015581144757897927,0.0014343224018394459,0.014146822356058481
76.80000000000001,0.046370516258645515,0.015362355348246613,0.031008160910398902
76.85000000000001,0.05684030576926759,0.039287362557472075,0.017552943211795513
76.9,0.05240573818838802,0.06638107678647016,-0.013975338598082143
76.95,0.04937882754729487,0.08614916131505983,-0.03677033376776496
77.0,0.05647135828051432,0.09053290090845553,-0.03406154262794121
77.05000000000001,0.06580615222422057,0.0775459397929414,-0.011739787568720836
77.10000000000001,0.06210201868625515,0.0508811466778389,0.011220872008416254
77.15,0.03971022667775986,0.01760388894554499,0.022106337732214872
77.2,0.009468777623006623,-0.013699745548996157,0.02316852317200278
77.25,-0.011521729657861851,-0.0345174209741729,0.022995691316311052
77.30000000000001,-0.016197777096490156,-0.03934984161656245,0.023152064520072294
77.35000000000001,-0.013010165256189069,-0.029554374601226542,0.016544209345037475
77.4,-0.015559559311215337,-0.014598230920959054,-0.000961328390256283
77.45,-0.02806086063187781,-0.007611653629324062,-0.02044920700255375
77.5,-0.04210482078392403,-0.016906805985881686,-0.025198014798042345
77.55000000000001,-0.04740710960649645,-0.0398412846082563,-0.007565824998240156
77.60000000000001,-0.04391407688360761,-0.06458836246154226,0.020674285577934652
77.65,-0.04137619827411122,-0.07878273364499024,0.03740653537087901
77.7,-0.04666232629143174,-0.07770058947382634,0.031038263182394603
77.75,-0.053262947072383035,-0.0650994866308072,0.011836539558424161
77.80000000000001,-0.04591669945074431,-0.04703550174621149,0.0011188022954671806
77.85000000000001,-0.01710218906949567,-0.02580270009458302,0.00870051102508735
77.9,0.021652495977280983,-0.0005278089223344603,0.022180304899615443
77.95,0.046845373485126865,0.02664437096073764,0.020201002524389226
78.0,0.043243585958265246,0.04651751512848569,-0.0032739291702204437
78.05000000000001,0.017866716808257337,0.047147597653603456,-0.029280880845346118
78.10000000000001,-0.006523954391904355,0.023988618677429078,-0.030512573069333433
78.15,-0.012591994748122398,-0.013603130612847715,0.0010111358647253172
78.2,-0.0036076522781029515,-0.046702857819611504,0.04309520554150855
78.25,0.002223809616413074,-0.05933024574910381,0.061554055365516884
78.30000000000001,-0.007738266692241535,-0.04868562771218125,0.04094736101993971
78.35000000000001,-0.026276411732659932,-0.02476320004498943,-0.0015132116876705008
78.4,-0.033069989378501634,-0.000954473087049382,-0.032115516291452255
78.45,-0.016006938458677098,0.014911676749036294,-0.03091861520771339
78.5,0.014454535766431655,0.021596797492062517,-0.007142261725630861
78.55000000000001,0.03285712475595127,0.019224187221401262,0.013632937534550006
78.60000000000001,0.021568357919354963,0.005847260001220679,0.015721097918134284
78.65,-0.01303925869423421,-0.019339242280676225,0.006299983586442015
78.7,-0.04661054393274949,-0.05031138231396677,0.003700838381217278
78.75,-0.059073067595518815,-0.07461454177866222,0.01554147418314341
78.80000000000001,-0.05175669873801819,-0.08247396922442964,0.030717270486411444
78.85000000000001,-0.04353663718594723,-0.07669954693084556,0.03316290974489833
78.9,-0.05074353080631328,-0.0720522506909093,0.021308719884596018
78.95,-0.07078188286779952,-0.08169823774475177,0.01091635487695225
79.0,-0.0848147555751504,-0.10192709553896208,0.017112339963811674
79.05000000000001,-0.07587490586668866,-0.11055970972616365,0.03468480385947499
79.10000000000001,-0.04436379959912751,-0.08349844234646613,0.03913464274733862
79.15,-0.006621260689610095,-0.01676634802546129,0.010145087335851195
79.2,0.0206681660864417,0.06558706320733988,-0.04491889712089818
79.25,0.03433214137844662,0.12641592596308207,-0.09208378458463545
79.30000000000001,0.04403805167078136,0.14212424986450908,-0.09808619819372771
79.35000000000001,0.05937831063632701,0.11912383652881595,-0.05974552589248894
79.4,0.07856840327442989,0.08659177332105022,-0.008023370046620334
79.45,0.08981092006660982,0.0722296471233205,0.017581272943289317
79.5,0.08311948360648444,0.08166769427825189,0.0014517893282325472
79.55000000000001,0.0603671478733048,0.09776389861725807,-0.037396750743953266
79.60000000000001,0.0339280745905333,0.09812492327562926,-0.06419684868509595
79.65,0.015928055511472965,0.07428088632136357,-0.0583528308098906
79.7,0.008846179082039666,0.036725116734534574,-0.02787893765249491
79.75,0.005953696893067783,0.004107277530028524,0.0018464193630392594
79.80000000000001,1.990237135822832e-05,-0.011671627215639996,0.011691529586998223
79.85000000000001,-0.0088708402212863,-0.011558748095724079,0.002687907874437779
79.9,-0.013779467128229913,-0.003975757389249116,-0.009803709738980797
79.95,-0.008533906380006185,0.0041794243783293255,-0.01271333075833551
80.0,0.005262605738039587,0.01116685268034174,-0.005904246942302152
