x,yobs,ycalc,ydiff
0.05,-1.6691571084195068e-11,-0.033777535452346685,0.033777535435655114
0.1,-1.6835153413868367e-10,-0.0497941650439911,0.04979416487563956
0.15000000000000002,-8.822200320041798e-09,-0.04951736358781105,0.049517354765610734
0.2,-1.0491898137418871e-07,-0.05212413228846095,0.05212402736947958
0.25,-2.0407421279385988e-07,-0.07382929663058779,0.073829092556375
0.30000000000000004,3.413835346409698e-06,-0.11021018211500681,0.11021359595035322
0.35000000000000003,2.9403464742562637e-05,-0.14070266887883529,0.14073207234357785
0.4,0.00011671241660691721,-0.15075507571922228,0.1508717881358292
0.45,0.00026201518454600157,-0.14791014949253992,0.1481721646770859
0.5,0.00022071094172476167,-0.15413497061973036,0.15435568156145513
0.55,-0.0007169782981121022,-0.18208980967284424,0.18137283137473215
0.6000000000000001,-0.0035087871973357933,-0.22079830081875895,0.21728951362142315
0.65,-0.008144002976874731,-0.24683008565735684,0.2386860826804821
0.7000000000000001,-0.011675232629372857,-0.24978719809430258,0.23811196546492971
0.75,-0.007362785710995348,-0.2446083643601076,0.23724557864911225
0.8,0.0123272807210415,-0.2562924029292619,0.2686196836503034
0.8500000000000001,0.048148444701856946,-0.2923505587211485,0.34049900342300543
0.9,0.08624583341137955,-0.332992404398257,0.41923823780963654
0.9500000000000001,0.09860973400890592,-0.3514988632718924,0.45010859728079833
1.0,0.05781570650496248,-0.34437271537234593,0.4021884218773084
1.05,-0.03911912914234936,-0.33783897872846347,0.2987198495861141
1.1,-0.1556912867032611,-0.3605193949718227,0.20482810826856163
1.1500000000000001,-0.22882490710504086,-0.4095901883443931,0.18076528123935223
1.2000000000000002,-0.21102044001916598,-0.4491657145107261,0.23814527449156014
1.25,-0.11524067707904041,-0.4485611511205164,0.333320474041476
1.3,-0.022160411077806502,-0.4227567357597792,0.4005963246819727
1.35,-0.029029271963950627,-0.42607942717761654,0.39705015521366593
1.4000000000000001,-0.16611458894675424,-0.49182661535560146,0.3257120264088472
1.4500000000000002,-0.34516632700385946,-0.5703081350386509,0.2251418080347914
1.5,-0.3956539157341437,-0.5351876356101248,0.13953371987598112
1.55,-0.18281983823255799,-0.27597081931809764,0.09315098108553965
1.6,0.27116669804860705,0.1880708078888261,0.08309589015978094
1.6500000000000001,0.7630442956152056,0.674523885689197,0.08852040992600863
1.7000000000000002,1.0213618899979984,0.9352220150030817,0.08613987499491671
1.75,0.8914369099602206,0.8280122630244905,0.06342464693573013
1.8,0.4592012680217641,0.4340361307366346,0.02516513728512948
1.85,0.012073057164574817,0.02091567573690518,-0.008842618572330364
1.9000000000000001,-0.14833470674280988,-0.13290356906365966,-0.01543113767915022
1.9500000000000002,0.08792653906525058,0.07220557414191059,0.015720964923339992
2.0,0.5643578691144902,0.49235535717077594,0.07200251194371421
2.0500000000000003,0.9687164689747391,0.8450138618869599,0.12370260708777914
2.1,1.0456685515764506,0.9012139102212932,0.1444546413551574
2.15,0.7555405364981874,0.6240173338033296,0.13152320269485784
2.2,0.2718654660904436,0.16332546331263467,0.10854000277780892
2.25,-0.16293004766730815,-0.2694420937914494,0.10651204612414125
2.3000000000000003,-0.40284149838230465,-0.5405848736228274,0.13774337524052271
2.35,-0.4642342784049611,-0.6487796726511021,0.18454539424614103
2.4000000000000004,-0.46395379832153116,-0.6766017319389973,0.21264793361746614
2.45,-0.5017413390151798,-0.6999300984707256,0.19818875945554582
2.5,-0.5878973986633974,-0.7337874005531988,0.1458900018898014
2.5500000000000003,-0.661754751652783,-0.7460920943226863,0.08433734266990334
2.6,-0.664971437947368,-0.7089090293411072,0.043937591393739206
2.6500000000000004,-0.596883870677441,-0.6331572094226382,0.036273338745197226
2.7,-0.5096188856613624,-0.5593485015182946,0.04972961585693225
2.75,-0.4603737748471052,-0.5215406049835517,0.061166830136446526
2.8000000000000003,-0.4707745054811506,-0.5225186427307158,0.051744137249565225
2.85,-0.525611800527343,-0.5412730316144269,0.015661231087083838
2.9000000000000004,-0.6008946198699957,-0.5604975178574552,-0.04039710201254054
2.95,-0.6870675212216586,-0.5847010415844247,-0.10236647963723389
3.0,-0.7861634371495474,-0.6320927644390607,-0.1540706727104867
3.0500000000000003,-0.892680570953569,-0.7106144940365698,-0.18206607691699916
3.1,-0.9839217599012935,-0.8036015206714909,-0.18032023922980256
3.1500000000000004,-1.0324909067495731,-0.8801838257556635,-0.15230708099390966
3.2,-1.0278017372028372,-0.9205057120329322,-0.107296025169905
3.25,-0.9821634703092672,-0.9299615476808447,-0.05220192262842249
3.3000000000000003,-0.9114144978997852,-0.9251649834624596,0.01375048556267433
3.35,-0.8059005032488757,-0.9007987227442668,0.09489821949539101
3.4000000000000004,-0.6202987296851519,-0.8080925882278421,0.18779385854269026
3.45,-0.29838620244286573,-0.5723192577149798,0.2739330552721141
3.5,0.17872811868934385,-0.14782464081859406,0.32655275950793794
3.5500000000000003,0.7532957572470667,0.4244243866101672,0.3288713706368995
3.6,1.2914043639097725,1.0028009874989279,0.28860337641084466
3.6500000000000004,1.6310327149211312,1.3966500963240631,0.2343826185970681
3.7,1.655841643703264,1.4608700274972017,0.19497161620606218
3.75,1.3549483532597952,1.176744088117982,0.1782042651418132
3.8000000000000003,0.8338792899880492,0.666063058513306,0.16781623147474312
3.85,0.26796752113332595,0.12733379049415555,0.1406337306391704
3.9000000000000004,-0.17755332622581432,-0.26593979313753413,0.08838646691171981
3.95,-0.41651937950899925,-0.4413296943452526,0.024810314836253344
4.0,-0.462514687352869,-0.4354084185940119,-0.027106268758857077
4.05,-0.39477338250131816,-0.34006750188481505,-0.05470588061650311
4.1000000000000005,-0.2973946265449424,-0.2333708387642726,-0.06402378778066983
4.15,-0.21377347735997984,-0.14294144479884693,-0.07083203256113291
4.2,-0.14158145296092067,-0.05688884517542789,-0.08469260778549279
4.25,-0.060697609869180214,0.04071756516297742,-0.10141517503215763
4.3,0.03601381128143346,0.14544954843535543,-0.10943573715392196
4.3500000000000005,0.1343720747215607,0.23628913200358934,-0.10191705728202863
4.4,0.2135740510411145,0.29600490393801393,-0.08243085289689944
4.45,0.26397289024527476,0.3243410037542158,-0.06036811350894106
4.5,0.28959288480108053,0.33237497003417077,-0.04278208523309024
4.55,0.29615956004131017,0.32743207724911166,-0.0312725172078015
4.6000000000000005,0.2809631412114204,0.3061680862048153,-0.025204944993394873
4.65,0.23711275496877243,0.2623801493847646,-0.025267394415992184
4.7,0.167045482876736,0.19926656403599619,-0.03222108115926017
4.75,0.08854156820266812,0.1313990096497254,-0.042857441447057276
4.800000000000001,0.024041198563197058,0.07360569353700985,-0.049564494973812795
4.8500000000000005,-0.017161636182180015,0.02882983376745398,-0.045991469949634
4.9,-0.044850328181010576,-0.011321410661904402,-0.03352891751910617
4.95,-0.07405613123656798,-0.05300893686851096,-0.021047194368057028
5.0,-0.10447107270231593,-0.08750764619484087,-0.016963426507475052
5.050000000000001,-0.11474807448156589,-0.09339822547493702,-0.021349849006628868
5.1000000000000005,-0.0795715772808835,-0.052969843328667415,-0.026601733952216086
5.15,0.005695859457332594,0.03214726421988745,-0.026451404762554857
5.2,0.11684668839044579,0.14067335761006536,-0.023826669219619567
5.25,0.21806542097897622,0.2466051755988432,-0.02853975461986699
5.300000000000001,0.288916662767343,0.3352483092463996,-0.046331646479056576
5.3500000000000005,0.3359083449631251,0.4065177470524755,-0.0706094020893504
5.4,0.3785959304748067,0.465112086990034,-0.08651615651522726
5.45,0.4248884958042917,0.5095439448650287,-0.08465544906073702
5.5,0.45996176326614313,0.5311385371743709,-0.07117677390822774
5.550000000000001,0.45883154631288503,0.5221749739412547,-0.06334342762836964
5.6000000000000005,0.40925706794187666,0.4827909184211314,-0.07353385047925476
5.65,0.32267853050267004,0.41909790227678073,-0.0964193717741107
5.7,0.22433372893852568,0.3362110479875778,-0.1118773190490521
5.75,0.1346961774348452,0.23642920504720485,-0.10173302761235967
5.800000000000001,0.06135809925293124,0.12685779124717056,-0.06549969199423933
5.8500000000000005,0.007414792403126729,0.028636015791383477,-0.021221223388256747
5.9,-0.01586348138082539,-0.02471802362691178,0.00885454224608639
5.95,0.011558663885482264,-0.003309314521699333,0.014867978407181598
6.0,0.10414510693869738,0.09960032351416455,0.004544783424532836
6.050000000000001,0.25483676963376456,0.2602954244809763,-0.005458654847211752
6.1000000000000005,0.43264722236449354,0.43542020299427303,-0.0027729806297794868
6.15,0.5955231757273802,0.5815445827864555,0.013978592940924739
6.2,0.7064832608227577,0.6684055628865173,0.038077697936240384
6.25,0.7411560486481179,0.6794449403768131,0.06171110827130477
6.300000000000001,0.6868124814132628,0.6065261171134618,0.08028636429980096
6.3500000000000005,0.5420099949637093,0.4495557414658768,0.09245425349783248
6.4,0.32166012781518,0.2228455085421433,0.0988146192730367
6.45,0.06065855186973119,-0.04094548801760405,0.10160403988733524
6.5,-0.19448527354351194,-0.29865602825034343,0.10417075470683149
6.550000000000001,-0.4057135091890604,-0.514041648310732,0.10832813912167155
6.6000000000000005,-0.5603528190587652,-0.6714662266052408,0.11111340754647558
6.65,-0.6691394227529697,-0.7744919038634032,0.1053524811104335
6.7,-0.7461037614887466,-0.831949603409963,0.08584584192121647
6.75,-0.7894630596541772,-0.8459739017524094,0.056510842098232206
6.800000000000001,-0.7830011554050219,-0.8137026094262164,0.030701454021194508
6.8500000000000005,-0.7172038142932265,-0.7392938784712246,0.02209006417799808
6.9,-0.6081254646338367,-0.6411599822517215,0.033034517617884895
6.95,-0.4921165983837304,-0.5436079930434803,0.05149139465974989
7.0,-0.3979745855341452,-0.45873882195114174,0.06076423641699652
7.050000000000001,-0.3223228694249853,-0.3764994856624876,0.054176616237502306
7.1000000000000005,-0.23396637690725414,-0.27505883889314964,0.0410924619858955
7.15,-0.1066489129883502,-0.14468607339251582,0.03803716040416562
7.2,0.04838064612945175,-0.004342100285150016,0.052722746414601764
7.25,0.180683371131626,0.10468741295782025,0.07599595817380575
7.300000000000001,0.23347954112704045,0.143864136203685,0.08961540492335546
7.3500000000000005,0.1835665797787742,0.10081280219578084,0.08275377758299335
7.4,0.05490636223359332,-0.00676978339483831,0.06167614562843163
7.45,-0.10312066978052017,-0.14662524657257167,0.0435045767920515
7.5,-0.2507031395141231,-0.29088688236215793,0.04018374284803483
7.550000000000001,-0.3750023159166624,-0.4229728248801377,0.04797050896347532
7.6000000000000005,-0.4792723031396687,-0.5313940706589473,0.052121767519278606
7.65,-0.5607685063564826,-0.6024088552531188,0.04164034889663626
7.7,-0.6028826120884818,-0.6223782224785462,0.019495610390064422
7.75,-0.5894701907911022,-0.5881655744407086,-0.0013046163503935837
7.800000000000001,-0.5251657828684667,-0.513902386077161,-0.011263396791305724
7.8500000000000005,-0.439043422887824,-0.4252824820803697,-0.013760940807454325
7.9,-0.3657445865435221,-0.3447633259889791,-0.020981260554543024
7.95,-0.32046546664075576,-0.27975255208894884,-0.04071291455180692
8.0,-0.28990443661941895,-0.2225040069084887,-0.06740042971093024
8.05,-0.24583861516692565,-0.15928232366490977,-0.08655629150201588
8.1,-0.16757188866929773,-0.07914269470328361,-0.08842919396601412
8.15,-0.053692247910519436,0.023984584909049325,-0.07767683281956876
8.200000000000001,0.08378607477761658,0.15332847333017147,-0.06954239855255488
8.25,0.23290256519936375,0.30882198185655124,-0.07591941665718749
8.3,0.3882146791467456,0.48249877504051997,-0.09428409589377434
8.35,0.5457966216927725,0.6555568719165155,-0.10976025022374292
8.4,0.6950460391083314,0.8034063995231925,-0.10836036041486108
8.450000000000001,0.8176885176792189,0.9069859214671077,-0.08929740378788875
8.5,0.8952450265658676,0.9606793500923472,-0.0654343235264796
8.55,0.916944994818717,0.9688702879999641,-0.051925293181247056
8.6,0.8806280008923965,0.9341795734458125,-0.05355157255341603
8.65,0.7879915575340679,0.8498307003388106,-0.061839142804742675
8.700000000000001,0.6420404761152965,0.7058461263437518,-0.0638056502284553
8.75,0.4512981136838547,0.5051900765945716,-0.053891962910716906
8.8,0.23603592287944672,0.274443826741653,-0.0384079038622063
8.85,0.027201169845897072,0.05626232261245819,-0.02906115276656112
8.9,-0.14524849546920354,-0.11337189112074125,-0.03187660434846229
8.950000000000001,-0.26682323228463733,-0.22538613761151288,-0.04143709467312445
9.0,-0.34334693370496444,-0.2981384490007609,-0.04520848470420352
9.05,-0.39099410788893163,-0.35716937146336125,-0.03382473642557038
9.1,-0.4192788644442056,-0.41084134675365813,-0.008437517690547458
9.15,-0.4212882751860324,-0.4420023981149151,0.020714122928882694
9.200000000000001,-0.37937684613108447,-0.42205812930830783,0.04268128317722336
9.25,-0.2813671331553635,-0.33515724734165286,0.05379011418628937
9.3,-0.13382916021666055,-0.1927578358169068,0.058928675600246255
9.35,0.037709513878461935,-0.028208253483359525,0.06591776736182146
9.4,0.20046347009026955,0.12212228554455709,0.07834118454571246
9.450000000000001,0.3278571666883777,0.23510629074247585,0.09275087594590187
9.5,0.4052370351931181,0.3034228930102788,0.1018141421828393
9.55,0.42667709032663836,0.32669328004789466,0.0999838102787437
9.600000000000001,0.38951862006755195,0.30261915957157404,0.08689946049597791
9.65,0.2937041223675683,0.2271619257884125,0.06654219657915583
9.700000000000001,0.14656664951955864,0.10255557828028236,0.04401107123927628
9.75,-0.032830697412935476,-0.05592590102729662,0.023095203614361147
9.8,-0.21615506685770944,-0.22210377892796354,0.005948712070254103
9.850000000000001,-0.3754072941135548,-0.36906612992479115,-0.006341164188763626
9.9,-0.4931907489741591,-0.4792934167978722,-0.013897332176286914
9.950000000000001,-0.5659209714171856,-0.5472226967192746,-0.018698274697910966
10.0,-0.5979753857366549,-0.5739659055809136,-0.024009480155741225
10.05,-0.5925394460825354,-0.5606946517733729,-0.03184479430916254
10.100000000000001,-0.5476684235516441,-0.5073489069029959,-0.04031951664864819
10.15,-0.46104262204344915,-0.4171069206789535,-0.04393570136449565
10.200000000000001,-0.33833834270799723,-0.300707251342768,-0.03763109136522924
10.25,-0.19601898448109975,-0.17446784686621705,-0.0215511376148827
10.3,-0.054065319650746915,-0.052070034708312125,-0.00199528494243479
10.350000000000001,0.07606179944725126,0.06304303712681408,0.01301876232043718
10.4,0.1972705751003122,0.17721322070683349,0.02005735439347872
10.450000000000001,0.3201362763915835,0.297378676141227,0.022757600250356502
10.5,0.4487575261325382,0.4206767714211514,0.028080754711386824
10.55,0.5719679102728299,0.5322182548921339,0.03974965538069597
10.600000000000001,0.6685365308239084,0.6135684188938828,0.0549681119300256
10.65,0.7219866019250992,0.6547615347029765,0.06722506722212274
10.700000000000001,0.7310815318269717,0.6591529645438701,0.0719285672831016
10.75,0.7058495562525589,0.6368509663360815,0.06899858991647734
10.8,0.6534283069677176,0.5932646882719992,0.0601636186957184
10.850000000000001,0.5689965387622025,0.5242166482041319,0.04477989055807052
10.9,0.4428191142642436,0.4229263760400253,0.019892738224218276
10.950000000000001,0.27791083398646693,0.29237241633440797,-0.014461582347941038
11.0,0.10016694341033561,0.15047871747481711,-0.05031177406448151
11.05,-0.05217177875316837,0.021712989302255285,-0.07388476805542366
11.100000000000001,-0.15334498243439645,-0.07828396589427737,-0.07506101654011908
11.15,-0.20741871408647672,-0.15109824138032119,-0.05632047270615553
11.200000000000001,-0.24131105871894462,-0.2091202041029341,-0.03219085461601051
11.25,-0.27881080023569443,-0.26062413637511506,-0.018186663860579377
11.3,-0.31940398330339653,-0.3011330385345551,-0.018270944768841446
11.350000000000001,-0.3418702012549925,-0.3197714853820254,-0.022098715872967134
11.4,-0.3290264860275195,-0.3141448548422346,-0.014881631185284905
11.450000000000001,-0.28924830735475093,-0.29805751996476776,0.008809212610016826
11.5,-0.2532100697290469,-0.2928882073457243,0.03967813761667738
11.55,-0.24852050683839935,-0.30988275527430337,0.061362248435904015
11.600000000000001,-0.2768515516039255,-0.3406389540399104,0.06378740243598491
11.65,-0.3157422902372507,-0.3659014927307058,0.050159202493455124
11.700000000000001,-0.34255720432532955,-0.37471967830757635,0.03216247398224681
11.75,-0.3557794627049694,-0.3749012774552408,0.019121814750271415
11.8,-0.3716512984335558,-0.38334984094838176,0.011698542514825938
11.850000000000001,-0.3996474691406455,-0.40467139770691757,0.005023928566272096
11.9,-0.4226685594829161,-0.41905319997896073,-0.003615359503955362
11.950000000000001,-0.40406587197020166,-0.39279018632151025,-0.011275685648691414
12.0,-0.3169080522047301,-0.30361780086832046,-0.013290251336409653
12.05,-0.1680671772457996,-0.1586287674987217,-0.00943840974707788
12.100000000000001,0.00593614328331858,0.010802379324751712,-0.0048662360414331324
12.15,0.1668990257103177,0.1713029078264171,-0.004403882116099406
12.200000000000001,0.29931465952746117,0.30594292356949904,-0.006628264042037868
12.25,0.40851657487640636,0.4132996725848865,-0.004783097708480122
12.3,0.4974241772535983,0.4918572330943455,0.005566944159252796
12.350000000000001,0.5487290137943017,0.5288247417762699,0.0199042720180318
12.4,0.5333154366825658,0.506660089455245,0.02665534722732077
12.450000000000001,0.4378722153354144,0.42105096532109426,0.016821250014320166
12.5,0.2837484311505321,0.2912436743332575,-0.007495243182725375
12.55,0.11681738054111505,0.15079736019109172,-0.03397997964997666
12.600000000000001,-0.023265471830024965,0.026652409842910653,-0.04991788167293562
12.65,-0.12569465737406899,-0.07370851890982284,-0.05198613846424614
12.700000000000001,-0.20297439808452716,-0.15565819971796613,-0.047316198366561035
12.75,-0.26573154759736395,-0.2201171950072444,-0.04561435259011956
12.8,-0.30556926218312247,-0.25516537093098973,-0.05040389125213274
12.850000000000001,-0.3039843752940949,-0.24646282479780496,-0.05752155049628993
12.9,-0.2572833621719287,-0.19600205619741454,-0.06128130597451417
12.950000000000001,-0.19014564171464354,-0.12893123772131412,-0.06121440399332942
13.0,-0.1417822930523161,-0.07946336250346599,-0.06231893054885011
13.05,-0.13667439884026125,-0.06790157278771326,-0.06877282605254799
13.100000000000001,-0.1676912774354072,-0.0899626019270086,-0.07772867550839861
13.15,-0.20691562690656456,-0.12729025309600947,-0.0796253738105551
13.200000000000001,-0.23189254753084537,-0.16683004286563405,-0.06506250466521132
13.25,-0.24066907070138915,-0.2084305823465437,-0.03223848835484544
13.3,-0.24211741188847408,-0.2532771416359685,0.011159729747494407
13.350000000000001,-0.23438631310113026,-0.2868970635193882,0.05251075041825795
13.4,-0.1964613385272497,-0.2774861205368157,0.081024782009566
13.450000000000001,-0.1036138475090536,-0.1954831446841468,0.09186929717509319
13.5,0.04776591949655694,-0.038380073178266645,0.08614599267482359
13.55,0.23059788735900105,0.16204811278493672,0.06854977457406433
13.600000000000001,0.40246941019502375,0.357419316926237,0.04505009326878673
13.65,0.5314330857933374,0.5100623004363265,0.02137078535701087
13.700000000000001,0.6090372567737008,0.6071124857274719,0.0019247710462289014
13.75,0.6418775704879842,0.6526891794705743,-0.010811608982590037
13.8,0.6345222203387941,0.6505244533656267,-0.01600223302683257
13.850000000000001,0.5830575780910026,0.5964621074423834,-0.013404529351380812
13.9,0.4845972191785741,0.4874523404867906,-0.0028551213082164684
13.950000000000001,0.3500785018919088,0.33537938079309676,0.014699121098812051
14.0,0.2047790773547696,0.16922505901450569,0.03555401834026392
14.05,0.07510451899900074,0.021739757345086628,0.053364761653914114
14.100000000000001,-0.025043131168498944,-0.08718695874599448,0.062143827577495536
14.15,-0.09558687405605772,-0.15563516357070378,0.06004828951464607
14.200000000000001,-0.14077884225279055,-0.19100798988280374,0.05022914763001318
14.25,-0.16161431575883872,-0.19901364299884675,0.03739932724000802
14.3,-0.1586637142375586,-0.18193886911772694,0.023275154880168347
14.350000000000001,-0.139762572270132,-0.14557759001784426,0.005815017747712259
14.4,-0.12006939872494744,-0.10370173859045971,-0.016367660134487733
14.450000000000001,-0.11092216128118866,-0.072114270978231,-0.03880789030295766
14.5,-0.10871178332803556,-0.05728165779061308,-0.05143012553742248
14.55,-0.09785800731586144,-0.05223365082773079,-0.04562435648813065
14.600000000000001,-0.06780434252143723,-0.045468648400767094,-0.022335694120670137
14.65,-0.027359372958892007,-0.03416612748701141,0.006806754528119401
14.700000000000001,0.00014105726278652015,-0.027303046223537974,0.027444103486324496
14.75,-0.001606330022153158,-0.034615737642473186,0.03300940762032003
14.8,-0.02483597143202792,-0.05330428302133756,0.02846831158930964
14.850000000000001,-0.0441705813333125,-0.06828648833161183,0.024115906998299325
14.9,-0.04241783117345155,-0.06805413312490391,0.02563630195145236
14.950000000000001,-0.03048677861596392,-0.06039239598201906,0.029905617366055137
15.0,-0.03986455153264812,-0.06978779764453119,0.029923246111883073
15.05,-0.09264213131690763,-0.11567377012238525,0.023031638805477622
15.100000000000001,-0.17747295504383814,-0.19114609045571157,0.013673135411873427
15.15,-0.2557398629254312,-0.26393030397062633,0.008190441045195118
15.200000000000001,-0.2933674693159732,-0.30121781646343515,0.007850347147461967
15.25,-0.28836228984787043,-0.2964283455879122,0.008066055740041767
15.3,-0.26791205144359154,-0.27267184559600294,0.004759794152411401
15.350000000000001,-0.25856373441374525,-0.25910891171295364,0.0005451772992083881
15.4,-0.25931696799419224,-0.2623862969565921,0.0030693289623998643
15.450000000000001,-0.24423096771965977,-0.2604672386220915,0.01623627090243171
15.5,-0.1916453513283658,-0.22501890586502016,0.03337355453665436
15.55,-0.11078594025605806,-0.15125642886279292,0.040470488606734856
15.600000000000001,-0.039299946868674815,-0.06699309240866326,0.027693145539988445
15.65,-0.013787518587360499,-0.012254657988072208,-0.0015328605992882913
15.700000000000001,-0.04100888766310803,-0.008038643246795726,-0.0329702444163123
15.75,-0.09535953133362167,-0.041756443915920476,-0.053603087417701194
15.8,-0.14191978399260757,-0.08008827158649914,-0.06183151240610843
15.850000000000001,-0.16096187015101962,-0.09472000325098649,-0.06624186690003313
15.9,-0.15179240982139183,-0.07696333077711381,-0.07482907904427802
15.950000000000001,-0.11707946988378978,-0.0310741948968568,-0.08600527498693299
16.0,-0.04833212608957293,0.04217104949170168,-0.0905031755812746
16.05,0.07037507439728212,0.15208990645817067,-0.08171483206088855
16.1,0.24442079899307745,0.30756593102667235,-0.0631451320335949
16.150000000000002,0.45581733113604184,0.5006148416288803,-0.04479751049283842
16.2,0.6690364994913426,0.7012720471586219,-0.03223554766727932
16.25,0.8492631304952698,0.869523593083023,-0.02026046258775316
16.3,0.9749958235125072,0.9737634212559626,0.0012324022565446402
16.35,1.0349682103427889,1.000546784070054,0.03442142627273492
16.400000000000002,1.0175164811271895,0.9505336359148674,0.06698284521232212
16.45,0.9085040776167606,0.8288197722254633,0.07968430539129723
16.5,0.7032203755036474,0.6409155045142201,0.062304870989427275
16.55,0.4204415168223279,0.3969627846170614,0.023478732205266473
16.6,0.10228696563306747,0.1169895627128016,-0.014702597079734134
16.650000000000002,-0.20307712611149076,-0.17052245260946738,-0.032554673502023374
16.7,-0.46169814214437327,-0.43641445882196583,-0.025283683322407435
16.75,-0.6602684015842791,-0.6578302994040152,-0.002438102180263968
16.8,-0.7964271492375864,-0.8191612243891664,0.02273407515157999
16.85,-0.8665048052878531,-0.9092997454515366,0.04279494016368346
16.900000000000002,-0.8647073698757655,-0.9214409807487051,0.0567336108729396
16.95,-0.7929696399458601,-0.8572692244370298,0.06429958449116968
17.0,-0.6675811227563805,-0.7301692736538514,0.06258815089747094
17.05,-0.512057019828332,-0.561277658810519,0.04922063898218709
17.1,-0.3419964280832621,-0.3696954572767764,0.027699029193514302
17.150000000000002,-0.1584976214529669,-0.1658717266564615,0.007374105203494602
17.2,0.04093138596682744,0.04444324082147919,-0.003511854854651754
17.25,0.24401964556293287,0.24895959110975538,-0.004939945546822505
17.3,0.4179709470970588,0.42257510765329487,-0.004604160556236081
17.35,0.5253731071863241,0.5352138848958913,-0.00984077770956715
17.400000000000002,0.5490071507509938,0.569374980648122,-0.020367829897128154
17.45,0.5024364702304852,0.5320764586731739,-0.02963998844268867
17.5,0.4159418371451498,0.4492586556893578,-0.03331681854420798
17.55,0.3111146293820584,0.34631074866725087,-0.03519611928519245
17.6,0.18839729950809314,0.23159550235007278,-0.043198202841979644
17.650000000000002,0.03870629652896802,0.09759711113361812,-0.058890814604650094
17.7,-0.13398403276580922,-0.061839607936206256,-0.07214442482960297
17.75,-0.30318303532497387,-0.23471596707020445,-0.06846706825476942
17.8,-0.434315396780368,-0.39078508216220553,-0.04353031461816248
17.85,-0.5097332394960932,-0.49917043259909083,-0.010562806897002341
17.900000000000002,-0.5403731712398683,-0.5487972609236481,0.008424089683779834
17.95,-0.5532745061228412,-0.554569387295851,0.0012948811730097987
18.0,-0.567452905792023,-0.5449764412108472,-0.022476464581175803
18.05,-0.5807287804079483,-0.5421601525729381,-0.03856862783501014
18.1,-0.577773732176722,-0.5498956117659797,-0.027878120410742335
18.150000000000002,-0.5483694829810059,-0.5561230838364566,0.007753600855450737
18.2,-0.4963561695272225,-0.5442268840936978,0.04787071456647529
18.25,-0.43155481049005207,-0.5024481037098587,0.07089329321980664
18.3,-0.3555879607040011,-0.42604218109673486,0.07045422039273375
18.35,-0.2583181218697413,-0.3149255085243477,0.056607386654606406
18.400000000000002,-0.12928886094377154,-0.17234929028801174,0.0430604293442402
18.45,0.028009173029390804,-0.00631802497976805,0.03432719800915886
18.5,0.19427138891652207,0.16933695883891636,0.024934430077605707
18.55,0.3468633253191828,0.3375243493927034,0.009338975926479365
18.6,0.4736140268851016,0.48327660069558914,-0.009662573810487518
18.650000000000002,0.5741888386903159,0.5977226308020969,-0.02353379211178097
18.7,0.6493007429327584,0.6775634440707647,-0.02826270113800633
18.75,0.6913048933085904,0.7212826194245787,-0.029977726115988368
18.8,0.6878658489126549,0.7261915006961883,-0.03832565178353342
18.85,0.6354207505643745,0.6891064576510055,-0.05368570708663101
18.900000000000002,0.5474043334517684,0.6097512853171043,-0.0623469518653359
18.95,0.44676167997758326,0.49373771947800615,-0.046976039500422895
19.0,0.34885202518733177,0.3529500376811905,-0.004098012493858716
19.05,0.25197044227021836,0.2036210881015781,0.04834935416864025
19.1,0.1460773078639436,0.06363460531099253,0.08244270255295107
19.150000000000002,0.03199023076402275,-0.05002495108551266,0.0820151818495354
19.200000000000003,-0.06818043907997477,-0.12367861051456054,0.05549817143458577
19.25,-0.12112860685800628,-0.14911750795435508,0.0279889010963488
19.3,-0.10535139656733666,-0.12485185103839927,0.019500454471062606
19.35,-0.02709461064313801,-0.056066260611416764,0.028971649968278754
19.400000000000002,0.0840193354887498,0.045991928613852776,0.03802740687489703
19.450000000000003,0.1942327360015059,0.1642280970143256,0.030004638987180282
19.5,0.28206259851867227,0.2761439372553821,0.005918661263290159
19.55,0.33960126649633693,0.35688471287260554,-0.017283446376268607
19.6,0.36269383530566596,0.3863193501611353,-0.02362551485546932
19.650000000000002,0.3440293483973646,0.3575419518646889,-0.013512603467324302
19.700000000000003,0.2775286510042504,0.2806907806157976,-0.0031621296115472153
19.75,0.16833675449887914,0.1775556510422955,-0.009218896543416372
19.8,0.03582688950514604,0.06927569794623005,-0.03344880844108401
19.85,-0.09551165975420253,-0.034102733962541244,-0.06140892579166129
19.900000000000002,-0.2091002173378647,-0.13395705160522473,-0.07514316573263999
19.950000000000003,-0.30051103009805086,-0.23329203437507295,-0.0672189957229779
20.0,-0.36955276317643126,-0.32582502827586507,-0.043727734900566195
20.05,-0.409955462065673,-0.3942274801403238,-0.015727981925349188
20.1,-0.4090290208616278,-0.41956671054047917,0.01053768967885138
20.150000000000002,-0.3586486106799773,-0.39365251763448905,0.035003906954511776
20.200000000000003,-0.2658941121521809,-0.3233382410689747,0.05744412891679379
20.25,-0.15087691568059464,-0.22350968440855082,0.07263276872795618
20.3,-0.032310479289193644,-0.10617313290524645,0.0738626536160528
20.35,0.08505459398489852,0.023622340551545974,0.06143225343335255
20.400000000000002,0.20752549728296807,0.16152273642356385,0.04600276085940422
20.450000000000003,0.33561483267451553,0.2943827408248292,0.04123209184968635
20.5,0.4497074388539031,0.3982024843522537,0.05150495450164938
20.55,0.5140037646832747,0.44712865205295316,0.06687511263032153
20.6,0.49785674886603126,0.42654373889399333,0.07131300997203793
20.650000000000002,0.3968025810987752,0.33938399995002816,0.05741858114874704
20.700000000000003,0.23503655247076488,0.20122126392371775,0.03381528854704713
20.75,0.04763621208519648,0.02978642047958245,0.017849791605614028
20.8,-0.1412363950803657,-0.1613433498437743,0.020106954763408597
20.85,-0.3255152812011808,-0.3606169019891187,0.03510162078793794
20.900000000000002,-0.5059703666667791,-0.5525670858360489,0.046596719169269774
20.950000000000003,-0.673970875560575,-0.7160847241944902,0.04211384863391521
21.0,-0.8070985804225662,-0.829996533591132,0.0228979531685658
21.05,-0.8806848020020457,-0.8813913041530875,0.0007065021510418434
21.1,-0.8838362476852544,-0.8696459978367036,-0.014190249848550773
21.150000000000002,-0.8252638107111456,-0.8037347686702616,-0.021529042040884017
21.200000000000003,-0.725189854147888,-0.6967254150246593,-0.028464439123228602
21.25,-0.6027385566898747,-0.5627464067288986,-0.03999214996097611
21.3,-0.4704794669680129,-0.4173511371947148,-0.05312832977329812
21.35,-0.3382924118642068,-0.27758568156193525,-0.06070673030227153
21.400000000000002,-0.21859817452218197,-0.1585762998736553,-0.06002187464852668
21.450000000000003,-0.12498341051175975,-0.0683857555111312,-0.05659765500062855
21.5,-0.0653555709211209,-0.006294211913205404,-0.0590613590079155
21.55,-0.03800725227636675,0.03289948994215317,-0.07090674221851992
21.6,-0.035846539650940944,0.05221251428053068,-0.08805905393147162
21.650000000000002,-0.05409786631228718,0.05022401293842736,-0.10432187925071454
21.700000000000003,-0.09173083570304993,0.026019049645283693,-0.11774988534833362
21.75,-0.1434574253531567,-0.013405531753570961,-0.13005189359958574
21.8,-0.19089795327015358,-0.05125283669579159,-0.139645116574362
21.85,-0.2050810441593244,-0.06761193585028355,-0.13746910830904085
21.900000000000002,-0.16216110769943923,-0.04921277251897019,-0.11294833518046904
21.950000000000003,-0.05954182605130311,0.00671819084351496,-0.06626001689481807
22.0,0.08369361261253509,0.09781485902143097,-0.01412124640889588
22.05,0.2445168500450197,0.2249134457799967,0.019603404265022994
22.1,0.4158878866776732,0.393380258506504,0.02250762817116919
22.150000000000002,0.6085359360765263,0.6038377970690859,0.004698139007440427
22.200000000000003,0.83032459529315,0.8396446653850641,-0.009320070091914157
22.25,1.0614417340709903,1.0633582811199815,-0.0019165470489912462
22.3,1.2504786012761597,1.2279532486272822,0.02252535264887756
22.35,1.3392520945310407,1.296239725433062,0.043012369097978675
22.400000000000002,1.2978746588011891,1.2549390390973796,0.04293561970380955
22.450000000000003,1.1410004582876934,1.1145849956038711,0.02641546268382222
22.5,0.9122707092496012,0.8983187764688721,0.013951932780729037
22.55,0.6522696545785079,0.6307416319244759,0.021528022654032086
22.6,0.3791430770961681,0.335283159512177,0.043859917583991104
22.650000000000002,0.09723762745976104,0.03845695688604218,0.058780670573718864
22.700000000000003,-0.17892800717841947,-0.22791628721295662,0.048988280034537146
22.75,-0.41307288536074904,-0.43299436482582426,0.01992147946507522
22.8,-0.5629911528116068,-0.558825077007884,-0.004166075803722857
22.85,-0.6109094452633915,-0.6082189559667366,-0.002690489296654941
22.900000000000002,-0.5796879277792445,-0.6014527668276821,0.021764839048437623
22.950000000000003,-0.5182567087883536,-0.5640553984897636,0.04579868970140999
23.0,-0.4680343566128541,-0.5151400887185106,0.047105732105656495
23.05,-0.4393033843476626,-0.4641392485648583,0.02483586421719569
23.1,-0.4162403280485781,-0.4154175254504453,-0.0008228025981327769
23.150000000000002,-0.38205783987558467,-0.3734988780678127,-0.008558961807771992
23.200000000000003,-0.3382270162987217,-0.34286101966258037,0.004634003363858663
23.25,-0.3003696308964088,-0.32351241055426094,0.023142779657852164
23.3,-0.27831033260030796,-0.3089257855352752,0.030615452934967258
23.35,-0.26339375513147595,-0.2905840658788039,0.027190310747327973
23.400000000000002,-0.237156628115781,-0.2657565127087404,0.028599884592959396
23.450000000000003,-0.1918933368768265,-0.24034937807033765,0.04845604119351116
23.5,-0.14037431084984295,-0.22241943946160406,0.08204512861176111
23.55,-0.10293376226814246,-0.21123238426772373,0.10829862199958126
23.6,-0.08412113256004895,-0.19244836111123623,0.10832722855118727
23.650000000000002,-0.06319402613163083,-0.14572200450721692,0.08252797837558609
23.700000000000003,-0.009895320854752466,-0.05980957335983255,0.04991425250508008
23.75,0.0883368360349334,0.05751227431007395,0.030824561724859458
23.8,0.2137674164113416,0.18388949371494534,0.029877922696396247
23.85,0.3327561454661482,0.2979540480749572,0.034802097391191
23.900000000000002,0.4232683664051557,0.39258162986083267,0.030686736544323023
23.950000000000003,0.48891469070753835,0.47416748870164116,0.014747202005897186
24.0,0.546542166925413,0.5488859440289579,-0.0023437771035448307
24.05,0.6008267647621414,0.6090922247639736,-0.008265460001832259
24.1,0.6322183898358822,0.6333723463335972,-0.0011539564977149919
24.150000000000002,0.6111655771488317,0.601502631754907,0.009662945393924649
24.200000000000003,0.5252753964656572,0.5117091338302927,0.013566262635364534
24.25,0.3930904613572376,0.3848895403408533,0.008200921016384255
24.3,0.25115768024623647,0.2516117934760716,-0.00045411322983512914
24.35,0.1268134552268142,0.13273023802913897,-0.0059167828023247715
24.400000000000002,0.0220951426857228,0.0297461047588546,-0.0076509620731318
24.450000000000003,-0.07785554179559409,-0.06808068621581108,-0.009774855579783012
24.5,-0.1828021574069189,-0.16783729735846886,-0.014964860048450046
24.55,-0.2848370460324942,-0.2633558156582329,-0.021481230374261306
24.6,-0.36681869105989284,-0.3400861231951791,-0.02673256786471373
24.650000000000002,-0.4211454824607657,-0.38870652665306604,-0.032438955807699676
24.700000000000003,-0.45807790436013485,-0.4139887202289204,-0.04408918413121443
24.75,-0.4947004178451958,-0.4307451008339178,-0.06395531701127799
24.8,-0.5364855968645313,-0.4513595608046317,-0.08512603605989966
24.85,-0.5713341174147427,-0.477012982480351,-0.0943211349343917
24.900000000000002,-0.5827486133358046,-0.5002158693989404,-0.08253274393686427
24.950000000000003,-0.568332228849939,-0.514592390034327,-0.05373983881561195
25.0,-0.5435320211668564,-0.5208015256427893,-0.02273049552406714
25.05,-0.5253361211911999,-0.5219722175576664,-0.0033639036335334493
25.1,-0.5116176693227154,-0.5134330051834474,0.0018153358607320147
25.150000000000002,-0.477493378315432,-0.4783111167205703,0.0008177384051383241
25.200000000000003,-0.39417144097389206,-0.39575022764420525,0.0015787866703131925
25.25,-0.25377126689184065,-0.2564517577035937,0.0026804908117530335
25.3,-0.07729213277452023,-0.07253426220114476,-0.0047578705733754695
25.35,0.10133316855601189,0.12713343154517287,-0.02580026298916098
25.400000000000002,0.2596735618081937,0.3126202850782961,-0.052946723270102414
25.450000000000003,0.39690031064511816,0.4669133890425288,-0.07001307839741067
25.5,0.5213238844096094,0.5875968189251225,-0.06627293451551308
25.55,0.6292345241202875,0.6767881733694011,-0.04755364924911365
25.6,0.6971087647503532,0.7297613277553742,-0.03265256300502095
25.650000000000002,0.6960078283926725,0.7327846751414142,-0.03677684674874171
25.700000000000003,0.6154765066029458,0.6718259696982685,-0.05634946309532263
25.75,0.47505611752399324,0.5444454727576221,-0.06938935523362888
25.8,0.31291713230582574,0.3653440309311205,-0.05242689862529476
25.85,0.16178940202890085,0.16211098866981902,-0.00032158664091816447
25.900000000000002,0.03295507881619263,-0.03461164716421464,0.06756672598040728
25.950000000000003,-0.07948696128424901,-0.19959817181375053,0.12011121052950152
26.0,-0.18067041781690057,-0.31642235860894025,0.13575194079203967
26.05,-0.26143804984722563,-0.3770010476518794,0.11556299780465379
26.1,-0.30195661689842646,-0.3806384188180636,0.07868180191963714
26.150000000000002,-0.28895721264006213,-0.33429507808712516,0.04533786544706303
26.200000000000003,-0.23104076537270785,-0.2531230562277009,0.02208229085499308
26.25,-0.1585461905028953,-0.1592851467754526,0.0007389562725572951
26.3,-0.1075902873037843,-0.07805677826273012,-0.029533509041054173
26.35,-0.10023114942281242,-0.03176655876770402,-0.0684645906551084
26.400000000000002,-0.1346272118029683,-0.03319778658887058,-0.10142942521409773
26.450000000000003,-0.1904748867804561,-0.08071775719657397,-0.10975712958388213
26.5,-0.2438178015494997,-0.1577097714126121,-0.08610803013688759
26.55,-0.279976708533147,-0.2379975335170854,-0.041979175016061576
26.6,-0.2965971812629706,-0.2960757122142041,-0.0005214690487664875
26.650000000000002,-0.2970015233193618,-0.31727370131506777,0.020272177995705964
26.700000000000003,-0.2809025917352941,-0.3016739465041759,0.02077135476888181
26.75,-0.24067261803293838,-0.25904090850268424,0.018368290469745863
26.8,-0.16650845567902986,-0.19859093332089253,0.03208247764186267
26.85,-0.05660460869233795,-0.12191838483926933,0.06531377614693137
26.900000000000002,0.07596549858338775,-0.025321014287651808,0.10128651287103956
26.950000000000003,0.20605156252958257,0.08999245048727388,0.11605911204230869
27.0,0.3080161150700508,0.208559875661423,0.09945623940862777
27.05,0.36795976577747846,0.3012683142452075,0.06669145153227096
27.1,0.38737983230327566,0.33769883820677926,0.0496809940964964
27.150000000000002,0.3758589992208531,0.30291382183764004,0.07294517738321304
27.200000000000003,0.3398287424329091,0.20776264190690832,0.1320661005260008
27.25,0.27819854963889773,0.08615449305328744,0.1920440565856103
27.3,0.18957383238983747,-0.01884254715157033,0.2084163795414078
27.35,0.0845536326665326,-0.07218747169277444,0.15674110435930705
27.400000000000002,-0.009662177833825218,-0.059156088214493925,0.04949391038066871
27.450000000000003,-0.05982774342177428,0.011548722058501621,-0.0713764654802759
27.5,-0.04663892220017216,0.1137125521866892,-0.16035147438686137
27.55,0.021181160245242178,0.21545365833905458,-0.19427249809381242
27.6,0.11083012692389328,0.2921709638877466,-0.18134083696385334
27.650000000000002,0.18539748904665485,0.3349292781058585,-0.14953178905920364
27.700000000000003,0.22472995703343904,0.3498851587566434,-0.12515520172320435
27.75,0.2315572104504161,0.34893912722799464,-0.11738191677757853
27.8,0.2199869538205221,0.3379094191534868,-0.11792246533296472
27.85,0.1982982279204948,0.3112815398505767,-0.1129833119300819
27.900000000000002,0.16183085703820696,0.25824499844999277,-0.09641414141178581
27.950000000000003,0.10154867672467305,0.17540209349711647,-0.07385341677244342
28.0,0.019071581437070727,0.07490490607110294,-0.055833324634032205
28.05,-0.06693560579480405,-0.020375227070615693,-0.04656037872418836
28.1,-0.1300287692252682,-0.09189528278740672,-0.03813348643786149
28.150000000000002,-0.15347455364057766,-0.13794945420776825,-0.015525099432809414
28.200000000000003,-0.14100372480733622,-0.17175265009516424,0.03074892528782802
28.25,-0.11193399828279173,-0.20552879328102863,0.0935947949982369
28.3,-0.08563244543014695,-0.2344798312762905,0.14884738584614354
28.35,-0.06921633879544438,-0.23648042645824097,0.1672640876627966
28.400000000000002,-0.058467251635455506,-0.19064677519495787,0.13217952355950235
28.450000000000003,-0.049162981527544294,-0.10069768652054452,0.051534704993000224
28.5,-0.04643069137580382,-0.0025104973228172287,-0.04392019405298659
28.55,-0.06213614094671905,0.053671295752500736,-0.11580743669921978
28.6,-0.10230178813325094,0.03554638349281864,-0.13784817162606958
28.650000000000002,-0.15671397596717637,-0.04808438165420508,-0.10862959431297128
28.700000000000003,-0.20154169724211712,-0.1511203454958929,-0.050421351746224224
28.75,-0.21400726895172856,-0.21850488072715765,0.0044976117754290945
28.8,-0.18686065057262333,-0.21836210170773002,0.03150145113510669
28.85,-0.1303030075724461,-0.1554016762477532,0.025098668675307106
28.900000000000002,-0.06043846516281313,-0.05873186591187772,-0.0017065992509354075
28.950000000000003,0.014262209906639668,0.04292075385792437,-0.028658543951284702
29.0,0.09540500538289007,0.13758770443072244,-0.04218269904783237
29.05,0.18396586426017586,0.22653545408858933,-0.04256958982841347
29.1,0.2677770793306665,0.30746212569442954,-0.03968504636376302
29.150000000000002,0.3213737474377945,0.36230420439036726,-0.04093045695257275
29.200000000000003,0.32129351258538896,0.3628920820838171,-0.04159856949842816
29.25,0.26490542144351453,0.2915799542300335,-0.02667453278651899
29.3,0.17613780265965992,0.16021403617705765,0.01592376648260227
29.35,0.09211336432207272,0.01092289534337286,0.08119046897869986
29.400000000000002,0.04126975510087701,-0.10391345721325304,0.14518321231413006
29.450000000000003,0.03069071474087796,-0.14892972187399947,0.17962043661487742
29.5,0.051353126145159016,-0.12123822109544702,0.17259134724060604
29.55,0.09336396117700521,-0.044536407081350114,0.13790036825835533
29.6,0.15489224066029864,0.05124846206144268,0.10364377859885596
29.650000000000002,0.23628064583226815,0.14781677894053682,0.08846386689173133
29.700000000000003,0.326848858743171,0.24089130155582075,0.08595755718735024
29.75,0.4001091754895255,0.3281947865177404,0.07191438897178509
29.8,0.4251389972983877,0.3960620309144243,0.0290769663839634
29.85,0.3855113437604407,0.41801352169280703,-0.032502177932366316
29.900000000000002,0.28887880446012,0.36770391364109367,-0.07882510918097368
29.950000000000003,0.15862702311157534,0.23635543420989846,-0.07772841109832312
30.0,0.015902856149938166,0.04134965774665711,-0.025446801596718943
30.05,-0.13103815074059297,-0.17989551657161812,0.04885736583102515
30.1,-0.28145832881863764,-0.3855245632407529,0.10406623442211527
30.150000000000002,-0.4286967988414234,-0.5437091520980483,0.11501235325662484
30.200000000000003,-0.5546424656483785,-0.6389684354334146,0.08432596978503615
30.25,-0.6392621856376626,-0.6709685903806658,0.031706404743003236
30.3,-0.6758517952365306,-0.6506454033997547,-0.025206391836775865
30.35,-0.6758859929725692,-0.5966360672556748,-0.07924992571689449
30.400000000000002,-0.6576378849612048,-0.5309952482579732,-0.12664263670323161
30.450000000000003,-0.6296140840466337,-0.47251086329840786,-0.1571032207482258
30.5,-0.5855435019489107,-0.429500509900523,-0.15604299204838767
30.55,-0.515765781753057,-0.3971733350149358,-0.1185924467381212
30.6,-0.42250767046238336,-0.3627474974686783,-0.05976017299370506
30.650000000000002,-0.32208983735711827,-0.3152808757735092,-0.006808961583609052
30.700000000000003,-0.2308431218543012,-0.25261528122310617,0.021772159368804972
30.75,-0.14943256146861944,-0.18006399101363885,0.030631429545019406
30.8,-0.06323963711203587,-0.10301392692521577,0.0397742898131799
30.85,0.03963484214311809,-0.021354380766750482,0.06098922290986857
30.900000000000002,0.15021849466823844,0.0682001362613615,0.08201835840687695
30.950000000000003,0.23967861386277844,0.1637277784433904,0.07595083541938805
31.0,0.28044922811740736,0.25186714843341135,0.02858207968399601
31.05,0.26799675013027424,0.3105695684116389,-0.042572818281364666
31.1,0.22239649595863578,0.3198461573442126,-0.09744966138557684
31.150000000000002,0.1687152561940093,0.2727091768572727,-0.1039939206632634
31.200000000000003,0.11631327291570848,0.17887859766973466,-0.06256532475402618
31.25,0.05777667585982878,0.060316386221778845,-0.0025397103619500677
31.3,-0.012718387040193117,-0.05648867161634899,0.04377028457615587
31.35,-0.08271494350727379,-0.1465939341304061,0.06387899062313232
31.400000000000002,-0.12635973834168315,-0.1906338100709873,0.06427407172930413
31.450000000000003,-0.1279996653469835,-0.17936476695155903,0.051365101604575525
31.5,-0.10068919361169164,-0.11906835968409797,0.018379166072406333
31.55,-0.07908394821701638,-0.03362707094658342,-0.04545687727043296
31.6,-0.09142723632588562,0.04163102353086615,-0.13305825985675176
31.650000000000002,-0.1370426496643454,0.07379775976920454,-0.21084040943354992
31.700000000000003,-0.19108281975167635,0.04649015253012319,-0.23757297228179952
31.75,-0.2310766510293082,-0.034628146012375294,-0.1964485050169329
31.8,-0.25754214287233856,-0.1474254573926473,-0.11011668547969125
31.85,-0.28689860271859413,-0.26411902544177407,-0.022779577276820062
31.900000000000002,-0.3238455378635415,-0.35887138601937313,0.03502584815583165
31.950000000000003,-0.34293065515104587,-0.4090356004592271,0.06610494530818123
32.0,-0.3014331021359696,-0.3943781466373341,0.09294504450136454
32.050000000000004,-0.1745235780778584,-0.3004201258445471,0.12589654776668868
32.1,0.01996115638272407,-0.12646946647855611,0.14643062286128017
32.15,0.23146958949395244,0.10797055968092506,0.12349902981302738
32.2,0.41290744010821523,0.36545401571982716,0.047453424388388066
32.25,0.5495563499776248,0.6020193696857351,-0.05246301970811029
32.300000000000004,0.6551407773707536,0.780949421582234,-0.1258086442114804
32.35,0.7423748464460097,0.8810204814933504,-0.13864563504734073
32.4,0.8003391020051853,0.8972589475307937,-0.0969198455256084
32.45,0.8030829371182593,0.8384669450026946,-0.0353840078844353
32.5,0.7410239095514181,0.7259803061356224,0.015043603415795692
32.550000000000004,0.6421807801347948,0.5927831599337341,0.049397620201060755
32.6,0.5589412781420061,0.47799511305771103,0.08094616508429509
32.65,0.5296169812786021,0.4144250599580549,0.11519192132054723
32.7,0.549317355276112,0.4143797891351374,0.13493756614097463
32.75,0.5767463972191956,0.4634279192664339,0.11331847795276173
32.800000000000004,0.5702082164508291,0.5278093583108254,0.04239885814000366
32.85,0.5197764615884022,0.5714030403400494,-0.05162657875164722
32.9,0.4480383526299493,0.5712784509821187,-0.12324009835216942
32.95,0.3825142573598763,0.5229560836348107,-0.1404418262749344
33.0,0.3284697862190734,0.4352396492838765,-0.10676986306480307
33.050000000000004,0.267610055100058,0.32166192432599483,-0.054051869225936855
33.1,0.18125356468196643,0.19535843914165305,-0.014104874459686612
33.15,0.07331507435630295,0.06836660637629832,0.004948467980004631
33.2,-0.029497177499061628,-0.048288913553563025,0.018791736054501396
33.25,-0.09959675566001168,-0.14649760468083697,0.046900849020825294
33.300000000000004,-0.13126617583253233,-0.22357774344833842,0.09231156761580608
33.35,-0.14403014944710163,-0.2821523828687798,0.13812223342167818
33.4,-0.16583087995753015,-0.3268475842821364,0.16101670432460624
33.45,-0.21278002460279985,-0.3611652101691892,0.14838518556638933
33.5,-0.28228584987008554,-0.3879684607426112,0.10568261087252567
33.550000000000004,-0.3616183193006183,-0.41272432812365956,0.05110600882304128
33.6,-0.4404937661269407,-0.4447523416019166,0.004258575474975934
33.65,-0.5159870516838516,-0.49306968828020664,-0.022917363403644975
33.7,-0.5882889609050218,-0.5592008933391537,-0.029088067565868125
33.75,-0.6545344297750146,-0.6334971619875449,-0.021037267787469727
33.800000000000004,-0.7073687633169203,-0.6991801371266739,-0.008188626190246406
33.85,-0.7382356539358388,-0.7412761067935354,0.0030404528576966072
33.9,-0.7409342526617564,-0.7528750512850256,0.011940798623269244
33.95,-0.7125433333786545,-0.7337759755499855,0.02123264217133103
34.0,-0.6526588575029805,-0.6841483477380813,0.03148949023510084
34.050000000000004,-0.5629089790172961,-0.6007121000577312,0.03780312104043515
34.1,-0.44673264990552214,-0.48007608718691186,0.03334343728138972
34.15,-0.308377465753152,-0.3261275293821614,0.017750063629009383
34.2,-0.1519114957116633,-0.15364756547840655,0.001736069766743259
34.25,0.01729642341821615,0.016471804607788423,0.0008246188104277276
34.300000000000004,0.18842959030253087,0.16705165210650022,0.02137793819603065
34.35,0.34283605065880984,0.29128988761891605,0.05154616303989379
34.4,0.45864032205663585,0.3910195382411164,0.06762078381551945
34.45,0.5214005830636264,0.4689331916600262,0.05246739140360013
34.5,0.5320230533643341,0.5219711353524219,0.010051918011912186
34.550000000000004,0.5031376887091152,0.5409618541790996,-0.03782416546998435
34.6,0.4455286878288146,0.5155112815931219,-0.06998259376430727
34.65,0.35758924204875614,0.439422407812238,-0.08183316576348187
34.7,0.23013804349627318,0.31352534927895204,-0.08338730578267886
34.75,0.06422822866919843,0.14662190898408567,-0.08239368031488724
34.800000000000004,-0.11566073896237866,-0.043698851122185405,-0.07196188784019325
34.85,-0.2696126254614433,-0.23130911127678244,-0.03830351418466088
34.9,-0.3687491754562125,-0.3861370769221997,0.017387901465987177
34.95,-0.41754298449939026,-0.4842215434941742,0.06667855899478392
35.0,-0.4496374293891916,-0.5187224660558981,0.06908503666670651
35.050000000000004,-0.49793250350904966,-0.5041120387840722,0.0061795352750225185
35.1,-0.5647141898509205,-0.4692382664379341,-0.09547592341298639
35.15,-0.6195088619103203,-0.4429693928405,-0.17653946906982027
35.2,-0.6272920415378727,-0.441536439737167,-0.18575560180070566
35.25,-0.5807082208814979,-0.4644694920592948,-0.1162387288222031
35.300000000000004,-0.5055056937215542,-0.4985188256342984,-0.006986868087255793
35.35,-0.4339241588240286,-0.5236017136951353,0.08967755487110668
35.4,-0.37212964469847987,-0.516505791609898,0.1443761469114181
35.45,-0.2941383725177825,-0.45406213219556857,0.15992375967778605
35.5,-0.16910035038748372,-0.3203155465471113,0.15121519615962759
35.550000000000004,0.004069029315313549,-0.11777310667354471,0.12184213598885826
35.6,0.18856368551379715,0.1247719673266601,0.06379171818713705
35.65,0.336652550270992,0.35742416802118915,-0.020771617750197147
35.7,0.4264844852069016,0.5292553023725522,-0.10277081716565067
35.75,0.4742077077583944,0.6129087690280335,-0.1387010612696391
35.800000000000004,0.5111599356190508,0.617403053172561,-0.10624311755351012
35.85,0.5497126229153482,0.5795086270360722,-0.02979600412072403
35.9,0.5715572826672862,0.5391835566413551,0.03237372602593114
35.95,0.5492219249811141,0.5161763908839989,0.03304553409711519
36.0,0.47853207862482133,0.5035950751348746,-0.025062996510053226
36.050000000000004,0.3891673727126358,0.4810212204124836,-0.09185384769984778
36.1,0.32228194304021773,0.43519009590836644,-0.1129081528681487
36.15,0.2963522303345571,0.37166772128383735,-0.07531549094928025
36.2,0.29346036229956024,0.3093476663942919,-0.015887304094731658
36.25,0.2780994785552715,0.263726928808206,0.014372549747065533
36.300000000000004,0.22978640420985694,0.2335198366942542,-0.0037334324843972533
36.35,0.15917693062439545,0.20182524856388348,-0.042648317939488034
36.4,0.09493302633869037,0.15089981445380568,-0.05596678811511531
36.45,0.05670715637868355,0.07845571081316809,-0.021748554434484535
36.5,0.04078604655854953,0.002101510986314781,0.03868453557223475
36.550000000000004,0.02989931037019275,-0.05194804058489693,0.08184735095508969
36.6,0.01414977512454823,-0.06709441438687315,0.08124418951142137
36.65,0.0005828742701871883,-0.04719727082233442,0.04778014509252161
36.7,0.0025383305662893593,-0.012046567796301021,0.01458489836259038
36.75,0.02132651398479966,0.017541558534474994,0.003784955450324666
36.800000000000004,0.04009837034231827,0.03156336062681949,0.008535009715498781
36.85,0.03662670337976718,0.029975482082799175,0.006651221296968005
36.9,0.002401709126169942,0.01250272617437375,-0.01010101704820381
36.95,-0.05050942976674594,-0.027527328910957216,-0.022982100855788723
37.0,-0.10083837323223038,-0.09537936730078102,-0.005459005931449365
37.050000000000004,-0.13602361510226618,-0.17834428681196632,0.042320671709700136
37.1,-0.15960838509362976,-0.2384742437996396,0.07886585870600984
37.15,-0.1824025955792623,-0.22901156986548882,0.04660897428622651
37.2,-0.2075198711085565,-0.12863683003897644,-0.07888304106958005
37.25,-0.22422333857578322,0.03247674453750326,-0.25670008311328646
37.300000000000004,-0.21567641916051156,0.18084587000613866,-0.3965222891666502
37.35,-0.17195914173265175,0.2437846630764428,-0.41574380480909456
37.4,-0.09563240810790037,0.20045423888524858,-0.29608664699314896
37.45,0.004238715881993102,0.1005552311214099,-0.0963165152394168
37.5,0.12184007617801186,0.03310089085686206,0.0887391853211498
37.550000000000004,0.2571412137310154,0.0659864622524027,0.1911547514786127
37.6,0.40822038759925927,0.2007056614432305,0.20751472615602878
37.65,0.5612868535692003,0.37521971499614654,0.18606713857305374
37.7,0.6893999742411661,0.5103891902274932,0.17901078401367287
37.75,0.7633638066492401,0.562451918736983,0.20091188791225711
37.800000000000004,0.7672599052501834,0.5424187669844857,0.22484113826569774
37.85,0.7065585770398174,0.49267282655799827,0.21388575048181913
37.9,0.6025602512525202,0.4454285312736753,0.1571317199788449
37.95,0.4778493737392008,0.3986066884833205,0.0792426852558803
38.0,0.3442359072123164,0.32557748767128136,0.018658419541035032
38.050000000000004,0.20192605711902087,0.2052552052798359,-0.003329148160815032
38.1,0.049006491386290686,0.04433168940600499,0.004674801980285699
38.15,-0.10817629227548932,-0.12584846152313908,0.017672169247649763
38.2,-0.2535784361393143,-0.2717447413357872,0.018166305196472887
38.25,-0.37082140501178873,-0.378653063861569,0.007831658849780265
38.300000000000004,-0.4554057173866385,-0.4544192776590157,-0.000986439727622801
38.35,-0.5185155207572472,-0.5167852334071336,-0.0017302873501136018
38.400000000000006,-0.577644625961535,-0.5777763359975722,0.00013171003603718034
38.45,-0.6406802679545162,-0.6372288282916172,-0.0034514396628989585
38.5,-0.6967540628425487,-0.6868820008093443,-0.009872062033204454
38.550000000000004,-0.7226609935164523,-0.71786076221763,-0.004800231298822344
38.6,-0.7008231706285993,-0.7245947833926433,0.023771612764043937
38.650000000000006,-0.6343068285566649,-0.7043456100009341,0.07003878144426923
38.7,-0.5459168014844938,-0.6560221020224767,0.11010530053798284
38.75,-0.46152836853699547,-0.5809926396636558,0.1194642711266603
38.800000000000004,-0.39156920879700974,-0.4847939652089256,0.09322475641191585
38.85,-0.32654012029746166,-0.3769247020442776,0.050384581746815926
38.900000000000006,-0.2502769329182377,-0.26790496159261873,0.017628028674381013
38.95,-0.15882520365551625,-0.1657483636937705,0.006923160038254245
39.0,-0.0676714390542004,-0.07457535337913028,0.006903914324929886
39.050000000000004,-0.0006079845645418946,0.0040196416725220546,-0.004627626237063949
39.1,0.02971582353712611,0.06856842097629086,-0.03885259743916475
39.150000000000006,0.03187792170945316,0.11639741608436882,-0.08451949437491565
39.2,0.02732275063909927,0.14410814751813897,-0.1167853968790397
39.25,0.03133307512742762,0.14920162181871557,-0.11786854669128796
39.300000000000004,0.04062571957553149,0.13170915313607137,-0.09108343356053988
39.35,0.03840481821130325,0.09486852176810384,-0.05646370355680059
39.400000000000006,0.0115924811604966,0.0442846821418084,-0.0326922009813118
39.45,-0.03574882918552288,-0.014121849352816409,-0.02162697983270647
39.5,-0.08453958917602482,-0.07574445139575711,-0.008795137780267706
39.550000000000004,-0.11552081518806366,-0.13636773220343024,0.020846917015366576
39.6,-0.12295805119233497,-0.18850297776252373,0.06554492657018876
39.650000000000006,-0.115663045873676,-0.2184815382723208,0.10281849239864481
39.7,-0.10625603425081408,-0.20952787939152856,0.10327184514071448
39.75,-0.09996352317807414,-0.1523281363151154,0.05236461313704127
39.800000000000004,-0.0931684526533042,-0.056946735500552716,-0.036221717152751486
39.85,-0.08144586987349053,0.04479649824100995,-0.12624236811450049
39.900000000000006,-0.06757722645778927,0.11281190999191672,-0.180389136449706
39.95,-0.06069331468299547,0.12201188228363676,-0.18270519696663223
40.0,-0.06698777379360749,0.07912167713171302,-0.14610945092532052
40.050000000000004,-0.08108648087061034,0.019125362060734164,-0.1002118429313445
40.1,-0.08698443336106632,-0.017604057970980004,-0.06938037539008632
40.150000000000006,-0.06882601608257838,-0.010797646089914414,-0.05802836999266396
40.2,-0.022739785106370702,0.03068447980785174,-0.05342426491422245
40.25,0.040426695814730004,0.0817434258375484,-0.041316730022818396
40.300000000000004,0.10414163407282225,0.12336653771810452,-0.019224903645282274
40.35,0.15975637230979164,0.15552750825749326,0.004228864052298387
40.400000000000006,0.21333871115516062,0.1920650349761443,0.02127367617901632
40.45,0.27971295527163265,0.2454826126380948,0.03423034263353786
40.5,0.3679931315321299,0.31682309695617894,0.051170034575950984
40.550000000000004,0.47014407372535594,0.39797565993388945,0.07216841379146649
40.6,0.5622756418558584,0.48023830988796073,0.0820373319678977
40.650000000000006,0.6184967193764747,0.5578860678484037,0.06061065152807099
40.7,0.6268524237679952,0.6233507467454726,0.0035016770225225757
40.75,0.5947108726372392,0.6619242474157705,-0.06721337477853129
40.800000000000004,0.5394147924099427,0.6556827306546043,-0.11626793824466153
40.85,0.47258131435535505,0.5961760142474988,-0.12359469989214372
40.900000000000006,0.3922759549960535,0.49424236855126225,-0.10196641355520875
40.95,0.2904649554651278,0.3757767121745545,-0.0853117567094267
41.0,0.16882495511408754,0.26509126989585763,-0.09626631478177008
41.050000000000004,0.047061933842857014,0.17003369823365277,-0.12297176439079577
41.1,-0.046367425428568435,0.08217016694896898,-0.12853759237753742
41.150000000000006,-0.09474672266226068,-0.008688691650020017,-0.08605803101224066
41.2,-0.10620174922725957,-0.099815186442498,-0.006386562784761574
41.25,-0.10555914989870911,-0.17448051259359704,0.06892136269488792
41.300000000000004,-0.1102153584056735,-0.21446073292487391,0.10424537451920042
41.35,-0.11154160468268609,-0.21313346113743645,0.10159185645475036
41.400000000000006,-0.08042910469318089,-0.17682798881298237,0.09639888411980148
41.45,0.005685815499064521,-0.11508326273991046,0.12076907823897498
41.5,0.13761994578692485,-0.031884073376006315,0.16950401916293117
41.550000000000004,0.27439647033119197,0.07202224934582312,0.20237422098536884
41.6,0.3696857525152391,0.1884584559758327,0.18122729653940642
41.650000000000006,0.4019068684851475,0.29531677978510545,0.10659008870004205
41.7,0.38180436777008037,0.3630229358943397,0.018781431875740662
41.75,0.3324963832786901,0.36951398925537604,-0.03701760597668596
41.800000000000004,0.26279754444385417,0.3105363245617241,-0.04773878011786992
41.85,0.1602341710701835,0.19695184039582775,-0.03671766932564424
41.900000000000006,0.010103206365127994,0.04385226936683572,-0.03374906300170773
41.95,-0.17920893838249233,-0.1363671985805778,-0.042841739801914525
42.0,-0.37092582054020373,-0.33079593742067304,-0.040129883119530696
42.050000000000004,-0.5213058314351968,-0.5188799024739497,-0.002425928961247159
42.1,-0.6082372578666908,-0.6726313304418688,0.06439407257517804
42.150000000000006,-0.6405045794056596,-0.7674023931903049,0.12689781378464526
42.2,-0.6403418858183005,-0.7940834327768319,0.15374154695853137
42.25,-0.6178495847856006,-0.7606799887930329,0.1428304040074323
42.300000000000004,-0.5628320884435717,-0.6815779824189971,0.11874589397542545
42.35,-0.46109260976724104,-0.5656874054257721,0.10459479565853108
42.400000000000006,-0.3172953933312857,-0.41599127905706024,0.09869588572577453
42.45,-0.1603264635260115,-0.24067766709458513,0.08035120356857364
42.5,-0.02538375489150043,-0.06270752895279998,0.037323774061299546
42.550000000000004,0.06934349681600326,0.0851071898847502,-0.015763693068746948
42.6,0.1287184383139611,0.17792384744378612,-0.04920540912982502
42.650000000000006,0.16513429260804938,0.2137524978484333,-0.04861820524038393
42.7,0.17931122735288024,0.21077643911702612,-0.03146521176414588
42.75,0.15829716229902066,0.18892811363546264,-0.030630951336441975
42.800000000000004,0.0926309568150196,0.15309447662195935,-0.06046351980693976
42.85,-0.006198105551293417,0.0940327826607684,-0.10023088821206182
42.900000000000006,-0.10775694926852308,0.00559793419507257,-0.11335488346359565
42.95,-0.18389440939685645,-0.09963354673570496,-0.08426086266115149
43.0,-0.2287915015594763,-0.19315607868232948,-0.03563542287714683
43.050000000000004,-0.25807281774789786,-0.2505122329189061,-0.0075605848289917454
43.1,-0.2880904020814059,-0.26985853504547996,-0.01823186703592594
43.150000000000006,-0.3162913392516055,-0.27105175176325186,-0.04523958748835366
43.2,-0.32221588291011954,-0.2753747264262825,-0.04684115648383702
43.25,-0.2877703889422688,-0.2844125939189909,-0.003357795023277932
43.300000000000004,-0.21631767822497158,-0.27760155972478306,0.06128388149981148
43.35,-0.13185378779311346,-0.23081750158254663,0.09896371378943317
43.400000000000006,-0.05967011682649529,-0.13937697170065763,0.07970685487416235
43.45,-0.007706156967477274,-0.025402430764168135,0.01769627379669086
43.5,0.03420732166336289,0.07612211077530635,-0.04191478911194346
43.550000000000004,0.07866976576015308,0.14012654032416944,-0.06145677456401635
43.6,0.1257766219740257,0.16478449472271361,-0.039007872748687916
43.650000000000006,0.16351851029091602,0.16713439630459423,-0.00361588601367821
43.7,0.18125378365814812,0.16775470113061974,0.013499082527528378
43.75,0.18100891764432028,0.1778669530147007,0.003141964629619576
43.800000000000004,0.17505781529948983,0.19673553043466935,-0.02167771513517952
43.85,0.17341569561506973,0.2171367681227946,-0.04372107250772486
43.900000000000006,0.17497723704484153,0.23168132792436832,-0.0567040908795268
43.95,0.17101311138035344,0.23550379506022714,-0.0644906836798737
44.0,0.15609016211826252,0.22617265108121976,-0.07008248896295724
44.050000000000004,0.13421700637212375,0.20367853660392032,-0.06946153023179658
44.1,0.11428636028317131,0.17130388689120227,-0.05701752660803096
44.150000000000006,0.10091784591998296,0.13582931377422117,-0.03491146785423821
44.2,0.09119020938932404,0.10585828900073599,-0.01466807961141195
44.25,0.08024734426400776,0.08903278225935486,-0.008785437995347103
44.300000000000004,0.06841620143779657,0.08969875399500817,-0.021282552557211593
44.35,0.061063717657499225,0.10744723396566047,-0.046383516308161246
44.400000000000006,0.06128449784825882,0.13603935886860488,-0.07475486102034606
44.45,0.06431489326906993,0.16324234515773137,-0.09892745188866144
44.5,0.06107959317860113,0.17360465913867495,-0.11252506596007383
44.550000000000004,0.0479219551588988,0.15515782855062302,-0.10723587339172422
44.6,0.031944541526315116,0.10711134116467728,-0.07516679963836218
44.650000000000006,0.025371509861087688,0.042649246138385784,-0.017277736277298096
44.7,0.034062123527993024,-0.01684877958053995,0.050910903108532975
44.75,0.05206931108925632,-0.0531378689414981,0.10520718003075441
44.800000000000004,0.0682355509846601,-0.05978106309178935,0.12801661407644943
44.85,0.078141350551969,-0.04183940852330491,0.1199807590752739
44.900000000000006,0.08873122334898921,-0.008110370836842308,0.09684159418583152
44.95,0.11029464428337858,0.036096037132063614,0.07419860715131496
45.0,0.14372012167796447,0.08900456280464403,0.05471555887332044
45.050000000000004,0.17620383993698976,0.1464243625577293,0.029779477379260455
45.1,0.1902194447278977,0.19724819914645414,-0.007028754418556438
45.150000000000006,0.17712275281105477,0.22611695237057625,-0.04899419955952147
45.2,0.14215626504997025,0.22121034402823145,-0.0790540789782612
45.25,0.09653970907331884,0.17975667117364133,-0.08321696210032249
45.300000000000004,0.04549447627112463,0.10669890090580449,-0.06120442463467986
45.35,-0.015083163596530617,0.009786375238228395,-0.024869538834759012
45.400000000000006,-0.08981370448630904,-0.10179744984056581,0.011983745354256767
45.45,-0.17210694852008643,-0.21314734804862157,0.04104039952853514
45.5,-0.2419859263638407,-0.3002041956962516,0.05821826933241092
45.550000000000004,-0.27666876871968693,-0.33578168946002634,0.059112920740339414
45.6,-0.2648213045932047,-0.30511528989945214,0.04029398530624745
45.650000000000006,-0.21212716152315175,-0.21938622679193076,0.007259065268779008
45.7,-0.13422959850966357,-0.11343727698404635,-0.02079232152561722
45.75,-0.04448922972435376,-0.025495289390774396,-0.018993940333579366
45.800000000000004,0.05238520390877444,0.027192744780341196,0.025192459128433247
45.85,0.15637907927373457,0.05746451485382336,0.0989145644199112
45.900000000000006,0.2630685171173627,0.09425844257766551,0.16881007453969715
45.95,0.3583492756839909,0.15676887626776037,0.20158039941623052
46.0,0.42167352829468924,0.23764773432669425,0.18402579396799498
46.050000000000004,0.4351645261134659,0.3078186813675124,0.1273458447459535
46.1,0.39205767373276834,0.3369034786712625,0.05515419506150582
46.150000000000006,0.29936305743747943,0.31128919474545524,-0.011926137307975815
46.2,0.1738917582675724,0.23652914760040047,-0.06263738933282809
46.25,0.034495067913826366,0.1263558631162132,-0.09186079520238682
46.300000000000004,-0.1049428988009024,-0.008174534776356818,-0.09676836402454558
46.35,-0.2377138715061845,-0.15891668643358267,-0.07879718507260183
46.400000000000006,-0.36044396482494356,-0.3126541451691684,-0.04778981965577517
46.45,-0.4663656424761296,-0.44652258197139105,-0.019843060504738552
46.5,-0.5420424603037989,-0.5349516968401816,-0.007090763463617256
46.550000000000004,-0.572155588622114,-0.5639788148427038,-0.008176773779410174
46.6,-0.5500773270667267,-0.5402565145192676,-0.009820812547459146
46.650000000000006,-0.4853535768819759,-0.4857988349057516,0.00044525802377570756
46.7,-0.40001109854088795,-0.4219957229681826,0.021984624427294652
46.75,-0.31492359185835217,-0.35594716335258536,0.04102357149423319
46.800000000000004,-0.23740160954621142,-0.28007899456241525,0.04267738501620383
46.85,-0.16136741993019688,-0.1845118597568702,0.02314443982667333
46.900000000000006,-0.08009215250838839,-0.07116268380127261,-0.008929468707115779
46.95,0.0011992108561586358,0.04214632286493694,-0.040947112008778305
47.0,0.0662919749217511,0.13048349405668802,-0.06419151913493693
47.050000000000004,0.10256996010605025,0.17620225860016944,-0.07363229849411919
47.1,0.11450351771626795,0.17822582158818345,-0.0637223038719155
47.150000000000006,0.12088242703476983,0.15056086321789366,-0.029678436183123838
47.2,0.13661008079892073,0.11271151665738215,0.023898564141538584
47.25,0.1568025944788024,0.07958671256540316,0.07721588191339925
47.300000000000004,0.16063488049210253,0.057167831797517006,0.10346704869458553
47.35,0.1332549347747321,0.044894464533523165,0.08836047024120894
47.400000000000006,0.0845951113518631,0.04098166458969012,0.04361344676217298
47.45,0.04477543527655605,0.045824906878395896,-0.001049471601839845
47.5,0.03813722134571694,0.06123207583256668,-0.02309485448684974
47.550000000000004,0.06029166101945946,0.08698120401341287,-0.026689542993953416
47.6,0.08158399975693033,0.1182854825026491,-0.03670148274571877
47.650000000000006,0.07523237482112652,0.14677883237217343,-0.07154645755104691
47.7,0.04332180712531578,0.16453008636836935,-0.12120827924305358
47.75,0.014591917635129709,0.167910390138575,-0.1533184725034453
47.800000000000004,0.015258728542527272,0.15819307723115436,-0.1429343486886271
47.85,0.04144049789216688,0.13865645978644106,-0.09721596189427417
47.900000000000006,0.06127106308418971,0.11120279705120138,-0.04993173396701167
47.95,0.04582462150932331,0.07601963893532247,-0.030195017425999164
48.0,-0.0011331106016297424,0.034824730053262865,-0.03595784065489261
48.050000000000004,-0.04436253617318806,-0.005628834091402268,-0.038733702081785795
48.1,-0.04901922174800144,-0.03404434171121026,-0.014974880036791177
48.150000000000006,-0.01243759981112438,-0.04003630781558896,0.027598708004464578
48.2,0.03511235861094929,-0.020805148215761526,0.05591750682671082
48.25,0.06105410586194911,0.01636835511507062,0.044685750746878486
48.300000000000004,0.06186776456908993,0.0580199893613273,0.0038477752077626243
48.35,0.06408614770913995,0.09178541390388975,-0.0276992661947498
48.400000000000006,0.0943623396725831,0.11162675630996781,-0.017264416637384705
48.45,0.14897253245198758,0.11798522391592743,0.030987308536060146
48.5,0.19356801193770637,0.11447660904042183,0.07909140289728454
48.550000000000004,0.19377977534113608,0.10499099209940677,0.08878878324172931
48.6,0.14678962559807235,0.09311597258861438,0.053673653009457964
48.650000000000006,0.08341052930467491,0.08238450533189112,0.001026023972783785
48.7,0.0394909910825292,0.0750295036345625,-0.035538512552033295
48.75,0.02498192924021076,0.06956439901581642,-0.044582469775605656
48.800000000000004,0.01985741703843349,0.060256289956324496,-0.040398872917891
48.85,-0.0013562561467407837,0.04067530590680249,-0.042031562053543275
48.900000000000006,-0.0422363339748046,0.009322273097708276,-0.05155860707251288
48.95,-0.08087067870126009,-0.027687688754056052,-0.05318298994720404
49.0,-0.09151588893321813,-0.05994978515946429,-0.031566103773753844
49.050000000000004,-0.06841030641661158,-0.07956094003710189,0.011150633620490305
49.1,-0.028627946364778698,-0.08521662887995642,0.05658868251517772
49.150000000000006,0.0064822286923748845,-0.07995008783960693,0.08643231653198181
49.2,0.030665062797708958,-0.06537009938723208,0.09603516218494104
49.25,0.05368428934780694,-0.03913432436727323,0.09281861371508017
49.300000000000004,0.08506043283498446,0.000783747642438477,0.08427668519254598
49.35,0.11926292970813569,0.04892667878044973,0.07033625092768597
49.400000000000006,0.13792699787490176,0.09027092426118093,0.04765607361372083
49.45,0.12597127130314503,0.1072137413438362,0.018757529959308836
49.5,0.08454590378482055,0.0908897512071351,-0.006343847422314558
49.550000000000004,0.028408833113240727,0.04719767430035596,-0.01878884118711523
49.6,-0.027775178082739996,-0.007902162735379503,-0.019873015347360495
49.650000000000006,-0.07907844175528528,-0.05967155695013302,-0.019406884805152257
49.7,-0.12687772967129793,-0.1025199357451853,-0.024357793926112634
49.75,-0.16836780250358538,-0.13829896696709873,-0.03006883553648665
49.800000000000004,-0.19238979696946293,-0.16819486959978452,-0.024194927369678404
49.85,-0.18726497101805223,-0.1873959841858242,0.00013101316777197614
49.900000000000006,-0.15270046462320686,-0.18832133473963766,0.03562087011643081
49.95,-0.10311982120695143,-0.1690499280828268,0.06593010687587536
50.0,-0.05856395729144257,-0.1379906192720146,0.07942666198057202
50.050000000000004,-0.0317503007688909,-0.10940070537384004,0.07765040460494915
50.1,-0.02294244605277653,-0.09343286501657924,0.0704904189638027
50.150000000000006,-0.025598499184005332,-0.08981547316468069,0.06421697398067536
50.2,-0.03523445609067225,-0.0906855140875832,0.05545105799691095
50.25,-0.052361356829656015,-0.08922200864324885,0.03686065181359283
50.300000000000004,-0.07811961992743695,-0.08545996846303315,0.007340348535596203
50.35,-0.10903259829822988,-0.08404319589943304,-0.024989402398796837
50.400000000000006,-0.1370371819629902,-0.08699113883385998,-0.05004604312913022
50.45,-0.15419655930707235,-0.08936086069821879,-0.06483569860885356
50.5,-0.15659941813198436,-0.08239355916856127,-0.07420585896342309
50.550000000000004,-0.1440044801706867,-0.061021024379730185,-0.08298345579095652
50.6,-0.11733466459138643,-0.02835408374943674,-0.0889805808419497
50.650000000000006,-0.07807920820210111,0.006994551907078917,-0.08507376010918002
50.7,-0.030061156820359442,0.037817601475787645,-0.06787875829614709
50.75,0.019947311197347474,0.06279167348874619,-0.042844362291398715
50.800000000000004,0.06511326098682939,0.08488133695725947,-0.01976807597043008
50.85,0.10227033255217059,0.10621977872785845,-0.003949446175687862
50.900000000000006,0.13165742767420113,0.12499191784545594,0.0066655098287451975
50.95,0.15219109712843065,0.13700858892531548,0.015182508203115175
51.0,0.1580232109399261,0.13953414045153673,0.01848907048838938
51.050000000000004,0.14219153451549554,0.13302892105869343,0.00916261345680211
51.1,0.10547527747318719,0.1194268447650541,-0.013951567291866904
51.150000000000006,0.06114753387421744,0.0997226969817977,-0.03857516310758026
51.2,0.028460446428931797,0.07428401613976361,-0.04582356971083182
51.25,0.01883526240097563,0.04581175392416357,-0.02697649152318794
51.300000000000004,0.0275359841247426,0.021267168904330055,0.006268815220412546
51.35,0.03968364455610206,0.009536600729045495,0.03014704382705656
51.400000000000006,0.04544010666040802,0.015892092315477585,0.029548014344930436
51.45,0.0493019445616136,0.037988634084266774,0.011313310477346829
51.5,0.06385298537971913,0.06725309536852196,-0.0034001099888028297
51.550000000000004,0.09439827430031433,0.0947412415828364,-0.0003429672825220609
51.6,0.1309689708160942,0.11650908493398077,0.014459885882113444
51.650000000000006,0.15691852458472308,0.13414754702709172,0.022770977557631356
51.7,0.16556273271742245,0.15065166519250797,0.014911067524914473
51.75,0.16681955344421429,0.1658121123775729,0.0010074410666413847
51.800000000000004,0.17553699486955215,0.1751881523276808,0.00034884254187134145
51.85,0.19281998892588634,0.1730200291638472,0.019799959762039132
51.900000000000006,0.20042728062527915,0.1559996696005626,0.04442761102471654
51.95,0.17589487593844252,0.12471814938526198,0.05117672655318055
52.0,0.11439786572878398,0.08233025503610523,0.032067610692678744
52.050000000000004,0.03510789843592082,0.03243118558813061,0.002676712847790211
52.1,-0.03546282507116839,-0.021921426401201354,-0.013541398669967033
52.150000000000006,-0.087259887797904,-0.07800408485233679,-0.009255802945567215
52.2,-0.13386336338509858,-0.13331329542227965,-0.0005500679628189231
52.25,-0.1956603759678404,-0.18618742450900555,-0.009472951458834838
52.300000000000004,-0.27594650958972156,-0.23630915384936726,-0.03963735574035429
52.35,-0.35413460948557507,-0.28385777952561936,-0.07027682995995571
52.400000000000006,-0.40276857341281175,-0.3274208993657549,-0.07534767404705683
52.45,-0.41081120171790336,-0.3623707008653499,-0.04844050085255347
52.5,-0.3897739649765462,-0.3814325615529283,-0.008341403423617888
52.550000000000004,-0.35763065112813835,-0.37745307445481857,0.019822423326680216
52.6,-0.3186264580262357,-0.34655831381468316,0.02793185578844748
52.650000000000006,-0.260654569237713,-0.28967415227799514,0.029019583040282126
52.7,-0.17231854203913108,-0.21179798578968864,0.039479443750557563
52.75,-0.06027421250432693,-0.11999428050062894,0.05972006799630201
52.800000000000004,0.05278840656782226,-0.021504267646929715,0.07429267421475197
52.85,0.1477289889179493,0.07731926501785796,0.07040972390009134
52.900000000000006,0.22442498822186846,0.17125983348081536,0.0531651547410531
52.95,0.29515558879736414,0.2557791331221257,0.03937645567523845
53.0,0.3620976433492698,0.32587395358547944,0.03622368976379037
53.050000000000004,0.4039934573560815,0.37470825339992336,0.029285203956158135
53.1,0.38941022634818767,0.39329452051533176,-0.0038842941671440867
53.150000000000006,0.30641274352861214,0.37259342750109053,-0.0661806839724784
53.2,0.17941962598370148,0.30800086875968224,-0.12858124277598076
53.25,0.05444773928159214,0.20401683275680155,-0.1495690934752094
53.300000000000004,-0.03533710550940755,0.07581385161406733,-0.11115095712347488
53.35,-0.09170653034809138,-0.054235320570462486,-0.0374712097776289
53.400000000000006,-0.14048804504478246,-0.16388636884812394,0.023398323803341475
53.45,-0.19929333378853892,-0.23836862683298105,0.03907529304444213
53.5,-0.2561740674130746,-0.2737589141176125,0.017584846704537915
53.550000000000004,-0.2800043407696983,-0.2749189722435972,-0.005085368526101142
53.6,-0.2514028287502035,-0.24994151930287692,-0.0014613094473265587
53.650000000000006,-0.1828743965249607,-0.20503529467387416,0.02216089814891345
53.7,-0.10846487505265638,-0.14312332275321946,0.034658447700563075
53.75,-0.05410250374388658,-0.0666653697382886,0.012562865994402019
53.800000000000004,-0.01838358192475902,0.017860979755929964,-0.036244561680688986
53.85,0.01836272226643445,0.09780406705983508,-0.07944134479340062
53.900000000000006,0.06811521778036489,0.15718526862301052,-0.08907005084264563
53.95,0.11998663544052664,0.18376472478736255,-0.06377808934683592
54.0,0.150951046919856,0.17607865888871468,-0.025127611968858682
54.050000000000004,0.1502229973354615,0.14535891272478924,0.0048640846106722535
54.1,0.13143053732901086,0.1101829278001062,0.021247609528904657
54.150000000000006,0.12019000327210926,0.08676508594319338,0.03342491732891588
54.2,0.13029380243988542,0.08123837916569655,0.04905542327418887
54.25,0.15274725229457353,0.08906949247593278,0.06367775981864075
54.300000000000004,0.16772585908924012,0.10142066432492726,0.06630519476431286
54.35,0.1658315751328236,0.112953048965514,0.05287852616730959
54.400000000000006,0.1564674898505617,0.12473829576658158,0.03172919408398012
54.45,0.1556598854568079,0.14042178845768097,0.015238096999126927
54.5,0.16714731397130553,0.1597147977347547,0.007432516236550835
54.550000000000004,0.17669363646211136,0.17545939722927675,0.0012342392328346108
54.6,0.1650392001499499,0.17706519436139614,-0.012025994211446234
54.650000000000006,0.12581164292067396,0.15734074007031526,-0.031529097149641305
54.7,0.07075671560773841,0.11696387044517859,-0.04620715483744017
54.75,0.018623598824480444,0.06338952345811848,-0.04476592463363803
54.800000000000004,-0.019758984295044326,0.006099243873653475,-0.025858228168697803
54.85,-0.04583488990865975,-0.04725790289295489,0.0014230129842951397
54.900000000000006,-0.06548559768266768,-0.09133406418378573,0.02584846650111805
54.95,-0.07989350679906118,-0.12178765893959154,0.041894152140530355
55.0,-0.08523306704365383,-0.13549122696285973,0.0502581599192059
55.050000000000004,-0.07981005356177723,-0.1330198277273266,0.05320977416554937
55.1,-0.06888007562185483,-0.12056461732093719,0.05168454169908236
55.150000000000006,-0.06118183052285904,-0.10798697319453986,0.046805142671680816
55.2,-0.06174755918100954,-0.10340265388490695,0.04165509470389741
55.25,-0.0699136971154466,-0.10870837247425952,0.038794675358812925
55.300000000000004,-0.08457858601496712,-0.12028031270545579,0.03570172669048867
55.35,-0.10916655603415257,-0.13431194969420074,0.02514539366004817
55.400000000000006,-0.1484320601797359,-0.1515047762284268,0.0030727160486909155
55.45,-0.19929573893195757,-0.1761130893378528,-0.023182649594104765
55.5,-0.24674394566565602,-0.20983368161790494,-0.03691026404775108
55.550000000000004,-0.27221299381452124,-0.24647707846561692,-0.02573591534890432
55.6,-0.2683958380117783,-0.27318910997696544,0.00479327196518714
55.650000000000006,-0.24565545427499633,-0.2780198122749396,0.03236435799994328
55.7,-0.22199946217313424,-0.25751165836136164,0.0355121961882274
55.75,-0.20515621550454502,-0.2177283058469153,0.012572090342370279
55.800000000000004,-0.18446820112266604,-0.1681488875801887,-0.016319313542477343
55.85,-0.14150456287054486,-0.11434674319340372,-0.027157819677141135
55.900000000000006,-0.06956371241069201,-0.056084301168500425,-0.013479411242191583
55.95,0.017292184151640022,0.008192599571450432,0.00909958458018959
56.0,0.09504610763865923,0.07581861456511102,0.019227493073548207
56.050000000000004,0.14997878469851655,0.13945626150768797,0.010522523190828581
56.1,0.18850284356947875,0.19239672980919587,-0.0038938862397171203
56.150000000000006,0.22728548329848136,0.23415925339925162,-0.0068737701007702545
56.2,0.2741346268148377,0.2703205664883272,0.0038140603265104933
56.25,0.3189102545051837,0.3060765202172252,0.012833734287958476
56.300000000000004,0.342888421311916,0.3393377286744971,0.0035506926374189174
56.35,0.33616717527839807,0.36001694309038557,-0.0238497678119875
56.400000000000006,0.3053129012179084,0.35669403583769127,-0.05138113461978289
56.45,0.26450827978030855,0.325194150353175,-0.06068587057286645
56.5,0.22071199097768837,0.2719132518430899,-0.05120126086540153
56.550000000000004,0.1686695882241336,0.20932260538940048,-0.04065301716526687
56.6,0.10016235646684354,0.1475937625503553,-0.04743140608351176
56.650000000000006,0.016562051938882095,0.08899764279926539,-0.0724355908603833
56.7,-0.06907017484538107,0.028822978052427648,-0.09789315289780871
56.75,-0.14209807289699927,-0.03879297247046476,-0.10330510042653451
56.800000000000004,-0.19715647786124255,-0.11486760254265883,-0.08228887531858371
56.85,-0.238140665956369,-0.19320189308755703,-0.04493877286881198
56.900000000000006,-0.26837347486776003,-0.2622426746289182,-0.006130800238841827
56.95,-0.28302744181601763,-0.3093866581080539,0.026359216292036247
57.0,-0.2730812501056178,-0.32553876053329256,0.05245751042767477
57.050000000000004,-0.236697493366084,-0.30839325927438077,0.07169576590829677
57.1,-0.1849722123085902,-0.2634138273468877,0.07844161503829747
57.150000000000006,-0.13470011827440181,-0.20193230770289747,0.06723218942849565
57.2,-0.095088590572271,-0.13692182972251607,0.041833239150245075
57.25,-0.06246700329080847,-0.07858080409915952,0.01611380080835105
57.300000000000004,-0.028762849369340877,-0.032333898022305185,0.003571048652964308
57.35,0.0055395823931057905,-0.00010198714001201243,0.005641569533117803
57.400000000000006,0.028680142218468124,0.01715812135578377,0.011522020862684355
57.45,0.029260926831786684,0.018822349420681,0.010438577411105685
57.5,0.010581700481435625,0.0069713066460497875,0.0036103938353858377
57.550000000000004,-0.008028419651930662,-0.01079040135686099,0.002761981704930328
57.6,-0.005975859771467699,-0.02209386624375424,0.01611800647228654
57.650000000000006,0.02123389083603976,-0.015419280384466565,0.03665317122050633
57.7,0.05886546486260033,0.012968922648926158,0.045896542213674174
57.75,0.087173793381617,0.05645969424644405,0.03071409913517295
57.800000000000004,0.09909156845666563,0.102487180703849,-0.003395612247183377
57.85,0.10437057215250907,0.140495972078039,-0.03612539992552992
57.900000000000006,0.11688004496950304,0.16684595993740295,-0.04996591496789991
57.95,0.13830468914426516,0.1828436553030431,-0.04453896615877795
58.0,0.1544134460483045,0.18859563440387006,-0.03418218835556555
58.050000000000004,0.1471358899129284,0.17940920730697227,-0.03227331739404388
58.1,0.110422565549935,0.14895775496833627,-0.03853518941840127
58.150000000000006,0.055235068909016576,0.09657859691718955,-0.041343528008172974
58.2,0.0004430418844079331,0.03147883509440111,-0.031035793209993175
58.25,-0.040530996802903375,-0.03102051538752633,-0.009510481415377046
58.300000000000004,-0.06546749530862496,-0.07871446511386924,0.013246969805244285
58.35,-0.0789953692366306,-0.10933886274601345,0.030343493509382855
58.400000000000006,-0.08536063832510149,-0.12904543105999314,0.04368479273489165
58.45,-0.08600738258142496,-0.14426635694802784,0.05825897436660288
58.5,-0.08219389270728261,-0.1548869869016583,0.0726930941943757
58.550000000000004,-0.07698831241752233,-0.15525886561856042,0.0782705532010381
58.6,-0.07304559370436638,-0.14174637969765477,0.0687007859932884
58.650000000000006,-0.0690588771470167,-0.11871187472811014,0.04965299758109344
58.7,-0.0602600375653278,-0.09594233020720343,0.035682292641875626
58.75,-0.04363520255404408,-0.0789366536646218,0.03530145111057772
58.800000000000004,-0.022323549787755418,-0.06135745685414222,0.039033907066386805
58.85,-0.0036897373243936398,-0.028361340811434044,0.024671603487040405
58.900000000000006,0.007681142874773342,0.029892394003357643,-0.0222112511285843
58.95,0.014828753216109216,0.10536587027353383,-0.09053711705742462
59.0,0.025654117721309978,0.17200623119911776,-0.14635211347780777
59.050000000000004,0.04504400045607749,0.20082919867657772,-0.15578519822050024
59.1,0.06984267314151177,0.17986078699960675,-0.11001811385809498
59.150000000000006,0.09158937134431126,0.12358721953267743,-0.031997848188366165
59.2,0.10377267206607965,0.06413690978413072,0.03963576228194893
59.25,0.10605879931574197,0.030565443841427446,0.07549335547431452
59.300000000000004,0.10202635683020338,0.0316671714135216,0.07035918541668178
59.35,0.09438592671298685,0.05435271618568973,0.040033210527297115
59.400000000000006,0.08382627251267441,0.07698782184646885,0.006838450666205559
59.45,0.0722397184699477,0.085905423262233,-0.013665704792285294
59.5,0.06491384985303655,0.08248727517199454,-0.01757342531895799
59.550000000000004,0.06718409230327922,0.07745073258896562,-0.010266640285686399
59.6,0.07839812942267156,0.07962157269347424,-0.0012234432708026766
59.650000000000006,0.09092317217656744,0.08953611303278254,0.0013870591437848967
59.7,0.0974104836297872,0.10209359681922785,-0.004683113189440646
59.75,0.09957709393802158,0.1136656817341858,-0.014088587796164218
59.800000000000004,0.10786484858983715,0.12569694032812323,-0.01783209173828608
59.85,0.12964548815183302,0.1413029244980195,-0.01165743634618649
59.900000000000006,0.15673363540800705,0.1587422628393437,-0.002008627431336646
59.95,0.1664569256830356,0.1687554228672668,-0.0022984971842311963
60.0,0.1386416797727924,0.15900412472467448,-0.02036244495188208
60.050000000000004,0.07424233259380236,0.12216355888242898,-0.04792122628862662
60.1,-0.0026551133761108414,0.06097273280028782,-0.06362784617639866
60.150000000000006,-0.06322105454442149,-0.013551203449267154,-0.04966985109515434
60.2,-0.09662081820605538,-0.08860133841268858,-0.008019479793366799
60.25,-0.11592824679734559,-0.15524428276349064,0.03931603596614505
60.300000000000004,-0.14179789305092827,-0.20953128927288678,0.06773339622195851
60.35,-0.18017833535350714,-0.24996860736102564,0.0697902720075185
60.400000000000006,-0.21622711059934316,-0.27512979282593786,0.0589026822265947
60.45,-0.2302797497840687,-0.2839996366137509,0.05371988682968218
60.5,-0.21937826091221566,-0.2782184920278041,0.05884023111558842
60.550000000000004,-0.20214319349185061,-0.26338126873607187,0.06123807524422126
60.6,-0.20167215489365636,-0.24762453138113427,0.04595237648747791
60.650000000000006,-0.22353275165532746,-0.2383299259550258,0.014797174299698346
60.7,-0.2508834417973154,-0.23914126929589305,-0.011742172501422371
60.75,-0.2611952985813652,-0.2486806147180733,-0.012514683863291909
60.800000000000004,-0.24705510943937023,-0.26082046042333995,0.01376535098396972
60.85,-0.21980237673929057,-0.26594445699913477,0.046142080259844204
60.900000000000006,-0.19308384517193955,-0.2532975002099694,0.060213655038029834
60.95,-0.16467600109243202,-0.21467714795768153,0.05000114686524951
61.0,-0.11688055761793521,-0.14841717175306507,0.031536614135129856
61.050000000000004,-0.03622581766620536,-0.06112689564474397,0.024901077978538605
61.1,0.06762599731696341,0.03478764571635643,0.032838351600606976
61.150000000000006,0.16413755428429216,0.12676588824961146,0.0373716660346807
61.2,0.22470098074067396,0.20686492239773138,0.01783605834294258
61.25,0.24443002348281032,0.27193316744225726,-0.027503143959446946
61.300000000000004,0.24197993100429177,0.3194601330904815,-0.07748020208618972
61.35,0.23813483514515385,0.34364092173475974,-0.10550608658960589
61.400000000000006,0.23478954853609227,0.33643555191280544,-0.10164600337671317
61.45,0.2150403075217848,0.2938436354283578,-0.07880332790657299
61.5,0.16360115690136928,0.22222325407029342,-0.05862209716892414
61.550000000000004,0.08654645526912622,0.13847878526072244,-0.05193232999159622
61.6,0.010534482089585398,0.06271618260769396,-0.05218170051810856
61.650000000000006,-0.03762143153988667,0.008433078600964946,-0.046054510140851615
61.7,-0.05111612408470507,-0.022432599699966017,-0.02868352438473905
61.75,-0.04443587659458096,-0.036379468549192606,-0.008056408045388354
61.800000000000004,-0.036432691649330724,-0.04068575982506441,0.004253068175733683
61.85,-0.033080453248621855,-0.03806064579219971,0.004980192543577858
61.900000000000006,-0.02619400176696308,-0.02753144358392915,0.0013374418169660694
61.95,-0.007007134996582617,-0.009414429425130632,0.0024072944285480156
62.0,0.021117715079896397,0.011264894070818533,0.009852821009077865
62.050000000000004,0.04407379990462523,0.026464346612788906,0.017609453291836327
62.1,0.05006349504193196,0.030289491199771174,0.019774003842160784
62.150000000000006,0.04005018430124594,0.022777917226937845,0.017272267074308095
62.2,0.025053267273595203,0.009021315557845288,0.016031951715749913
62.25,0.013975658114176809,-0.005253501375239761,0.01922915948941657
62.300000000000004,0.005019686701794349,-0.017647623696669022,0.02266731039846337
62.35,-0.010958766238610192,-0.029640452099242667,0.018681685860632475
62.400000000000006,-0.03960347748453784,-0.04414582286145739,0.004542345376919554
62.45,-0.07626186749468188,-0.06272458240513447,-0.013537285089547407
62.5,-0.10947151880332413,-0.08445511897808525,-0.025016399825238886
62.550000000000004,-0.1299505580716829,-0.1063185285870746,-0.023632029484608297
62.6,-0.13556502396993844,-0.12385445229708757,-0.011710571672850875
62.650000000000006,-0.1284637088126271,-0.1316209345244245,0.0031572257117974123
62.7,-0.109467639595221,-0.12416197043633279,0.014694330841111783
62.75,-0.07692378855603385,-0.09799334444175833,0.021069555885724484
62.800000000000004,-0.03096467821075243,-0.05370104961898226,0.022736371408229834
62.85,0.0226969722623558,0.0035668190451567366,0.01913015321719906
62.900000000000006,0.07473343775429492,0.06588809368886654,0.008845344065428376
62.95,0.11820254587156848,0.12532891690654582,-0.007126371034977347
63.0,0.15181732377746315,0.17561265945892057,-0.02379533568145742
63.050000000000004,0.17670544328541166,0.21198337549292892,-0.035277932207517265
63.1,0.19058369973614847,0.23054496982250727,-0.0399612700863588
63.150000000000006,0.18675682529451568,0.22872381887056586,-0.04196699357605019
63.2,0.16025018822894632,0.206798120457568,-0.04654793222862169
63.25,0.1150693388458797,0.16866193410981384,-0.05359259526393413
63.300000000000004,0.06437752624075548,0.12038482760428229,-0.056007301363526815
63.35,0.022208059400591954,0.06750757514404208,-0.04529951574345013
63.400000000000006,-0.00581536169644059,0.013734662958315248,-0.01955002465475584
63.45,-0.023903114708114882,-0.0375063268787728,0.013603212170657915
63.5,-0.03864446692804336,-0.08040157947173578,0.041757112543692416
63.550000000000004,-0.050586092297814286,-0.10659709651934761,0.05601100422153332
63.6,-0.05348270580982997,-0.10921650293139903,0.05573379712156906
63.650000000000006,-0.04170032696509084,-0.08842686514584261,0.046726538180751766
63.7,-0.017830008952098762,-0.05355525181052233,0.035725242858423566
63.75,0.007429762329335997,-0.019072169623178287,0.026501931952514282
63.800000000000004,0.022976154722267664,0.003037105289232441,0.019939049433035223
63.85,0.02495140908576652,0.008781033027249658,0.01617037605851686
63.900000000000006,0.017396903783904828,0.0017628780916204437,0.015634025692284385
63.95,0.006504907463219842,-0.011659303977049878,0.01816421144026972
64.0,-0.004888748397840412,-0.026737708539131228,0.021848960141290816
64.05,-0.017410931713361895,-0.04088464910460119,0.023473717391239296
64.10000000000001,-0.03125957177876288,-0.051701002981263115,0.020441431202500235
64.15,-0.043735206562580925,-0.05637700770566946,0.012641801143088535
64.2,-0.05101661894317592,-0.054108851092547726,0.003092232149371807
64.25,-0.05149065925027824,-0.04864057136217989,-0.002850087888098346
64.3,-0.04625945958457886,-0.0465730291504798,0.0003135695659009369
64.35000000000001,-0.03637403573328665,-0.05101881587250224,0.014644780139215587
64.4,-0.020787071487603403,-0.055917947779351905,0.035130876291748506
64.45,0.001747210853984696,-0.04760491305414602,0.049352123908130714
64.5,0.028875300972491403,-0.014614629270579637,0.04348993024307104
64.55,0.05422927784616898,0.04125026440095005,0.012979013445218929
64.60000000000001,0.07224983115423533,0.10226269882972078,-0.030012867675485444
64.65,0.08338531405741828,0.1442345906502386,-0.06084927659282033
64.7,0.092918069416492,0.1517889067560509,-0.05887083733955889
64.75,0.10305777511391427,0.12782170344407848,-0.024763928330164206
64.8,0.10640078066445521,0.0898852079314498,0.016515572733005413
64.85000000000001,0.08948336190263481,0.05667487958582175,0.03280848231681306
64.9,0.04553665717095323,0.035429395434519936,0.010107261736433296
64.95,-0.015229497464051918,0.019558800779099838,-0.03478829824315176
65.0,-0.0694644118873043,-0.003016401846828344,-0.06644801004047596
65.05,-0.09764211818820258,-0.038639260233464874,-0.059002857954737704
65.10000000000001,-0.09957697575761199,-0.08270249180052676,-0.016874483957085226
65.15,-0.09355066625001743,-0.12327560787736207,0.02972494162734464
65.2,-0.0987887009232821,-0.14919828936346216,0.050409588440180064
65.25,-0.11715627223655932,-0.155929512985678,0.038773240749118684
65.3,-0.13142652011216802,-0.1458473454832823,0.014420825371114276
65.35000000000001,-0.12204303544541653,-0.12474413523502453,0.0027010997896080025
65.4,-0.086545436889566,-0.09839931443113432,0.01185387754156833
65.45,-0.043145173421327274,-0.07140165722153083,0.028256483800203555
65.5,-0.015156056436518477,-0.047519095368816155,0.03236303893229768
65.55,-0.011287713165754353,-0.029854185934779717,0.018566472769025365
65.60000000000001,-0.02034444133003009,-0.020175565703100234,-0.0001688756269298576
65.65,-0.024449406739557058,-0.018266375254914143,-0.006183031484642915
65.7,-0.017025715212006343,-0.022174556193560513,0.0051488409815541696
65.75,-0.00794873597579698,-0.02916156830671613,0.02121283233091915
65.8,-0.011723790289868254,-0.036469559879405825,0.024745769589537572
65.85000000000001,-0.03136472853096976,-0.04155807574620706,0.010193347215237299
65.9,-0.05423036479062649,-0.04236683730475761,-0.011863527485868879
65.95,-0.06356698573510236,-0.03813807014745952,-0.02542891558764284
66.0,-0.05399153933516663,-0.030298830128410028,-0.0236927092067566
66.05,-0.03592333284089599,-0.022175853646096227,-0.01374747919479976
66.10000000000001,-0.025364388568531057,-0.01704192570344321,-0.008322462865087848
66.15,-0.029390687993270635,-0.015678175857608927,-0.013712512135661707
66.2,-0.04069761608276932,-0.015508818347290575,-0.025188797735478743
66.25,-0.04485104846801217,-0.012278462356511404,-0.03257258611150077
66.3,-0.03218386204734237,-0.0030438150384722576,-0.02914004700887011
66.35000000000001,-0.003776926685378036,0.01195308169754491,-0.015730008382922947
66.4,0.03157922275222258,0.0299453190364797,0.0016339037157428807
66.45,0.06412637348744833,0.04795991953963299,0.016166453947815344
66.5,0.0871286189497391,0.06455700088954516,0.022571618060193935
66.55,0.0969979489706123,0.07956008997697168,0.017437858993640615
66.60000000000001,0.0928285602969793,0.09240640660482365,0.0004221536921556607
66.65,0.07724512291427722,0.10097864247142439,-0.02373351955714717
66.7,0.05639043989659258,0.10209096353686131,-0.045700523640268734
66.75,0.03646017659750151,0.09309864741391553,-0.05663847081641402
66.8,0.018758626362938693,0.07320938423452414,-0.054450757871585445
66.85000000000001,-0.0009907680514870125,0.043774592451879916,-0.04476536050336693
66.9,-0.026336625877112368,0.008117331196956781,-0.03445395707406915
66.95,-0.05197407860868579,-0.02828020045632944,-0.023693878152356348
67.0,-0.06310085392918105,-0.05749679903519597,-0.005604054893985078
67.05,-0.04574281917829261,-0.07017584360922981,0.0244330244309372
67.10000000000001,-0.00019397113552854772,-0.05873659271026267,0.058542621574734124
67.15,0.05551307432240093,-0.02169834758332191,0.07721142190572283
67.2,0.09745388078416961,0.03375816629095031,0.0636957144932193
67.25,0.11383185055137764,0.0934651405820547,0.020366709969322938
67.3,0.11297117080510191,0.1419524186152964,-0.028981247810194483
67.35000000000001,0.11344807310603974,0.16895493339531933,-0.05550686028927959
67.4,0.12518830642509757,0.1727896941137419,-0.04760138768864433
67.45,0.13928916165999225,0.1588044096042371,-0.019515247944244862
67.5,0.13635013091413484,0.13451609822308572,0.00183403269104912
67.55,0.10546332479386852,0.10510179019078536,0.00036153460308316343
67.60000000000001,0.05571173744666356,0.07213101528702114,-0.016419277840357578
67.65,0.009145885267797199,0.03565038739728376,-0.02650450212948656
67.7,-0.018091924576800342,-0.002798436992759656,-0.015293487584040687
67.75,-0.028679769247357233,-0.039062663732113846,0.010382894484756613
67.8,-0.0392669541871252,-0.06818387099538557,0.028916916808260376
67.85000000000001,-0.06310824759993569,-0.08763807576330412,0.024529828163368433
67.9,-0.09691824633458898,-0.09926497624528977,0.0023467299107007844
67.95,-0.12392926471399669,-0.10805565957100016,-0.01587360514299653
68.0,-0.12938822151598856,-0.1183612162293864,-0.011027005286602151
68.05,-0.11342502123445118,-0.13017371390619006,0.016748692671738882
68.10000000000001,-0.0897078451263239,-0.13831584423490426,0.04860799910858035
68.15,-0.07228049008845282,-0.13541195979864004,0.06313146971018722
68.2,-0.06360641677486575,-0.11677102625403021,0.05316460947916446
68.25,-0.05453445428826108,-0.08384139790409638,0.0293069436158353
68.3,-0.034985069664023025,-0.043876170614674304,0.008891100950651279
68.35000000000001,-0.004559341859797219,-0.00618006808524679,0.0016207262254495708
68.4,0.0264883071235389,0.022320795273574206,0.004167511849964695
68.45,0.045806750687857674,0.039282289499231966,0.0065244611886257076
68.5,0.04860343517968466,0.04607397242996996,0.002529462749714703
68.55,0.040181469916244786,0.04542694545930545,-0.005245475543060665
68.60000000000001,0.03037070692026963,0.03990975125049409,-0.009539044330224462
68.65,0.025669938315420256,0.032113373203940275,-0.006443434888520019
68.7,0.025628929730627963,0.02539969494883781,0.00022923478179015175
68.75,0.025324226735724903,0.023486584381311435,0.0018376423544134678
68.8,0.020742400927988604,0.0285424900640946,-0.007800089136105998
68.85000000000001,0.012471629224401209,0.039355862272561284,-0.026884233048160074
68.9,0.005319600266936293,0.05151183409909942,-0.04619223383216313
68.95,0.00469520779749307,0.05985363608827523,-0.05515842829078216
69.0,0.01253820337666325,0.06140377434830179,-0.048865570971638544
69.05,0.025626910665912637,0.05646826985236459,-0.030841359186451953
69.10000000000001,0.03757271827160758,0.04734235860444968,-0.009769640332842097
69.15,0.04334636736240622,0.0362227426448923,0.007123624717513918
69.2,0.04301103280688179,0.02443582203239315,0.018575210774488638
69.25,0.04131433461187029,0.013425977608864987,0.027888357003005307
69.3,0.04282210394603894,0.005849082722482556,0.036973021223556383
69.35000000000001,0.046491116579740484,0.004815828894002312,0.04167528768573817
69.4,0.045027773454176884,0.011264572944972438,0.03376320050920445
69.45,0.03074118989701428,0.021727986065753113,0.009013203831261168
69.5,0.0033840835135664576,0.02900631565601205,-0.025622232142445595
69.55,-0.0273890771721549,0.025988148759416557,-0.05337722593157146
69.60000000000001,-0.048194423551463826,0.010061201532421644,-0.05825562508388547
69.65,-0.051953022110994014,-0.015160240966682252,-0.03679278114431176
69.7,-0.042793841024249955,-0.04197751705989184,-0.0008163239643581149
69.75,-0.031163299199463604,-0.06278240547320331,0.031619106273739706
69.8,-0.02377075578152927,-0.07314448421057256,0.049373728429043286
69.85000000000001,-0.01815637528816409,-0.07212481438210963,0.05396843909394554
69.9,-0.0071535048623041836,-0.06073546491035935,0.05358196004805517
69.95,0.011520677566438124,-0.040763502022503804,0.05228417958894193
70.0,0.030711521391891074,-0.015137687857349206,0.04584920924924028
70.05,0.0394019866172207,0.011086998874400247,0.02831498774282045
70.10000000000001,0.03289252616611312,0.03101788332867226,0.0018746428374408625
70.15,0.016947666329439448,0.03825751397041114,-0.021309847640971692
70.2,0.0013537340951207783,0.02998752812610194,-0.028633794030981163
70.25,-0.010419910558507915,0.00852106235054106,-0.018940972909048975
70.3,-0.02424538422022865,-0.019930214549197873,-0.004315169671030777
70.35000000000001,-0.04730704938476929,-0.048429364952362886,0.0011223155675935959
70.4,-0.07731849585666212,-0.07224957640225935,-0.0050689194544027705
70.45,-0.10107580722693076,-0.08984330811909282,-0.01123249910783794
70.5,-0.10528580362719724,-0.10176494511078923,-0.0035208585164080014
70.55,-0.08949925316252906,-0.10885394335243787,0.019354690189908805
70.60000000000001,-0.06774114660982054,-0.11113619461974181,0.043395048009921264
70.65,-0.05620441697805461,-0.10800728424883793,0.05180286727078332
70.7,-0.058634172093411395,-0.09923606811267718,0.04060189601926579
70.75,-0.0639670664839213,-0.0858909525930338,0.0219238861091125
70.8,-0.058767677841145276,-0.07050870564656092,0.011741027805415645
70.85000000000001,-0.04191359043725987,-0.056344161434179196,0.014430570996919329
70.9,-0.026402353903868497,-0.04604125512235363,0.019638901218485133
70.95,-0.02615482214264812,-0.04040669052192853,0.01425186837928041
71.0,-0.04119061885920086,-0.03802171126298847,-0.0031689075962123905
71.05,-0.056512259203870936,-0.03604638558446619,-0.020465873619404745
71.10000000000001,-0.056137615846175055,-0.031820324792617774,-0.02431729105355728
71.15,-0.03812544345892994,-0.02421287475834029,-0.013912568700589649
71.2,-0.015338428229866228,-0.013734388578974936,-0.001604039650891292
71.25,-0.0014093470046246306,-0.0013340381698219773,-7.530883480265328e-05
71.3,0.003280165438000012,0.013062640430203458,-0.009782474992203447
71.35000000000001,0.010894722583369048,0.030876232772990696,-0.019981510189621646
71.4,0.03159290191310715,0.05352833280352002,-0.021935430890412867
71.45,0.0608099008375749,0.08035882445445496,-0.019548923616880057
71.5,0.08234655894688422,0.1075336897413792,-0.025187130794494972
71.55,0.08450503720383326,0.12905505538494477,-0.04455001818111151
71.60000000000001,0.0722774293018579,0.13940816318648006,-0.06713073388462215
71.65,0.062185681362429954,0.13613903128825672,-0.07395334992582676
71.7,0.06455978764934964,0.12075401094028573,-0.056194223290936096
71.75,0.07189574212788438,0.09761686973880525,-0.025721127610920866
71.8,0.06642458976814951,0.07187872521610289,-0.0054541354479533816
71.85000000000001,0.04011923604295126,0.04785716673751627,-0.007737930694565007
71.9,0.006523446619931258,0.028560770028684505,-0.022037323408753248
71.95,-0.009051081250145013,0.016013699878997693,-0.025064781129142705
72.0,0.007266473729174085,0.011558432634502168,-0.0042919589053280836
72.05,0.04381821009535937,0.015642563924078135,0.028175646171281234
72.10000000000001,0.07285910404904815,0.027262692331690777,0.04559641171735737
72.15,0.07497998736544502,0.04362513311838094,0.03135485424706408
72.2,0.05511646960517661,0.06046029139530758,-0.005343821790130966
72.25,0.035095166779404885,0.07301664675585114,-0.03792147997644625
72.3,0.03092086808565008,0.07739927270263273,-0.04647840461698265
72.35000000000001,0.03776649946475088,0.07176327586271518,-0.0339967763979643
72.4,0.03714949228615989,0.05690349228158811,-0.01975399999542822
72.45,0.01795963651624815,0.0359650600039422,-0.01800542348769405
72.5,-0.01080439127225949,0.013334604691688316,-0.024138995963947807
72.55,-0.028651524163717135,-0.0068315576745647385,-0.021819966489152395
72.60000000000001,-0.02434457493492679,-0.021769859229796816,-0.0025747157051299735
72.65,-0.007142855049222477,-0.0304750221304538,0.023332167081231325
72.7,0.0029989396914363413,-0.03329819776549551,0.03629713745693185
72.75,-0.004073295748332015,-0.03127010240644293,0.027196806658110913
72.8,-0.01879221502947431,-0.025667415165792837,0.006875200136318527
72.85000000000001,-0.02256449001543869,-0.017932400633961506,-0.004632089381477186
72.9,-0.007616155908366803,-0.009630867495737782,0.002014711587370979
72.95,0.01483445467417091,-0.0021237372008303798,0.01695819187500129
73.0,0.026476655131364886,0.003964705175891926,0.02251194995547296
73.05,0.021188028606427326,0.009017518738993924,0.012170509867433402
73.10000000000001,0.01131639155784245,0.014056005855143772,-0.002739614297301322
73.15,0.01429957359382637,0.01987518482933868,-0.005575611235512312
73.2,0.03368460877928903,0.026297362228038218,0.007387246551250809
73.25,0.05461327223354534,0.03210606131577225,0.022507210917773093
73.3,0.05876928902222115,0.03568149230900839,0.02308779671321276
73.35000000000001,0.043328284047940806,0.03582618716368459,0.007502096884256217
73.4,0.024028358455240692,0.03221330603762798,-0.00818494758238729
73.45,0.01886542291355799,0.025297120044942976,-0.006431697131384986
73.5,0.029170433348199423,0.015953613241329344,0.01321682010687008
73.55,0.03782309263986129,0.005177905833210063,0.03264518680665123
73.60000000000001,0.026784014533980136,-0.006099139343515356,0.03288315387749549
73.65,-0.0039453977660390835,-0.017220024570666955,0.013274626804627872
73.7,-0.03557346963434005,-0.02807246921363347,-0.007501000420706578
73.75,-0.049045063627139965,-0.03919535315837938,-0.009849710468760584
73.8,-0.04403749707897817,-0.051447287667741384,0.007409790588763211
73.85000000000001,-0.038933723567165075,-0.06529330917399513,0.026359585606830056
73.9,-0.05161943301374159,-0.08017086314258416,0.02855143012884257
73.95,-0.08057324755137205,-0.0944431792945558,0.013869931743183753
74.0,-0.10554860580115864,-0.10603197585200468,0.00048337005084603257
74.05,-0.10733230130082963,-0.11330970514907956,0.005977403848249935
74.10000000000001,-0.0867808185431885,-0.11569418153671097,0.02891336299352247
74.15,-0.06411449399791454,-0.11370998210603078,0.049595488108116245
74.2,-0.05932877644232986,-0.1086867777844026,0.04935800134207274
74.25,-0.0733098192699096,-0.10234758985030908,0.02903777058039947
74.3,-0.08806211091964343,-0.09631688887253828,0.008254777952894851
74.35000000000001,-0.08503212276370724,-0.09145478468714656,0.006422661923439321
74.4,-0.06278586705763416,-0.08718200673834207,0.024396139680707918
74.45,-0.03689284457634075,-0.08134990538612205,0.044457060809781304
74.5,-0.023388877126400687,-0.07115172150524901,0.047762844378848326
74.55,-0.023328694141302356,-0.05483645057605257,0.03150775643475021
74.60000000000001,-0.023632222386462662,-0.033114457562958506,0.009482235176495844
74.65,-0.012003776621802093,-0.009050463591528612,-0.0029533130302734807
74.7,0.010332306560443844,0.013715984966975979,-0.0033836784065321354
74.75,0.030867014100901004,0.03313971441670844,-0.002272700315807435
74.8,0.039403514092100515,0.04952536290260532,-0.010121848810504805
74.85000000000001,0.037814763068165946,0.06413872267377739,-0.026323959605611444
74.9,0.035880941183694434,0.0768449749368881,-0.04096403375319367
74.95,0.03877526094882559,0.08499526140974643,-0.04622000046092084
75.0,0.04077710958053278,0.08488600823130008,-0.044108898650767295
75.05,0.032537411030569674,0.07487692391974285,-0.042339512889173175
75.10000000000001,0.013794146233425774,0.05759701952190536,-0.04380287328847959
75.15,-0.003204671550806954,0.039163280709853816,-0.04236795226066077
75.2,-0.004641048474598231,0.025717391160093073,-0.030358439634691304
75.25,0.010355010093576039,0.019862875868576605,-0.009507865775000566
75.3,0.027295081264405528,0.01975271483698741,0.0075423664274181165
75.35000000000001,0.029812485443102648,0.021420710944046326,0.008391774499056322
75.4,0.016113793761827835,0.02229471215485909,-0.006180918393031254
75.45,0.0015369954125182127,0.022959294651970275,-0.02142229923945206
75.5,0.0038472305395809785,0.025870257557639057,-0.02202302701805808
75.55,0.02540661914635485,0.03238968621466418,-0.006983067068309333
75.60000000000001,0.04994077127910763,0.04087155551814002,0.009069215760967607
75.65,0.05735656689623116,0.04746538740782615,0.00989117948840501
75.7,0.04221418511196317,0.04886602688304442,-0.006651841771081253
75.75,0.017989240889121832,0.044618379256410115,-0.026629138367288283
75.8,0.003532535862411231,0.037133638369729625,-0.033601102507318396
75.85000000000001,0.0055851308583610045,0.0296412871344613,-0.024056156276100294
75.9,0.014353760724706578,0.023959282882415386,-0.009605522157708808
75.95,0.015347177850761803,0.019821898192918255,-0.004474720342156452
76.0,0.0044246485615950775,0.01590993810065764,-0.011485289539062563
76.05,-0.009233590621482726,0.011289579862647472,-0.020523170484130198
76.10000000000001,-0.014169749337157584,0.0059482362022410815,-0.020117985539398666
76.15,-0.009098297609817332,0.0002990931823471941,-0.009397390792164527
76.2,-0.003478306333626257,-0.005423352685919471,0.0019450463522932139
76.25,-0.006228201021791505,-0.011070015834954391,0.004841814813162886
76.3,-0.015379556626587026,-0.015990289809117327,0.0006107331825303004
76.35000000000001,-0.020153650685477205,-0.018863991739928636,-0.001289658945548569
76.4,-0.013194848432115712,-0.018455889631511246,0.005261041199395534
76.45,0.0005838089996914038,-0.01470318847911485,0.015286997478806253
76.5,0.008677820558553423,-0.008983325704414529,0.017661146262967952
76.55,0.004721399329430582,-0.0030748407072218775,0.00779624003665246
76.60000000000001,-0.003434754232278224,0.0023753644794490864,-0.00581011871172731
76.65,-0.0006949849530158966,0.008446266805020055,-0.009141251758035951
76.7,0.019549108664461384,0.016925019431440393,0.002624089233020991
76.75,0.04695459897284287,0.02847024767472216,0.018484351298120708
76.80000000000001,0.06237844855714325,0.041523650776077184,0.020854797781066067
76.85000000000001,0.05534447067606196,0.05287734563457826,0.002467125041483706
76.9,0.03384602786223273,0.05936148946169431,-0.02551546159946158
76.95,0.016801092793957355,0.05927213581065814,-0.04247104301670079
77.0,0.016498167520262796,0.05264087187604926,-0.03614270435578647
77.05000000000001,0.028002769240281215,0.040638745285044436,-0.012635976044763221
77.10000000000001,0.03522776264227822,0.025041178099514814,0.010186584542763406
77.15,0.02684997810310424,0.008182710126256017,0.01866726797684822
77.2,0.006199914314340039,-0.007106745671281438,0.013306659985621477
77.25,-0.013690857283173844,-0.018297873441360333,0.0046070161581864884
77.30000000000001,-0.023442412844123198,-0.02454233670162557,0.0010999238575023738
77.35000000000001,-0.024990784347423158,-0.027484762195368835,0.002493977847945677
77.4,-0.026680337844278774,-0.03042772913120064,0.0037473912869218674
77.45,-0.032557083988256214,-0.036089043791442385,0.0035319598031861715
77.5,-0.03809145657966039,-0.044560625548060534,0.006469168968400142
77.55000000000001,-0.03651475279285071,-0.05310266301315808,0.016587910220307367
77.60000000000001,-0.02774888933205639,-0.05793541835564327,0.030186529023586876
77.65,-0.019115616995643774,-0.056557469761463315,0.037441852765819544
77.7,-0.016647385090106732,-0.048849726820683684,0.032202341730576955
77.75,-0.017081719790860914,-0.03650807337996336,0.019426353589102448
77.80000000000001,-0.01065568707097036,-0.021845894195020445,0.011190207124050085
77.85000000000001,0.007051827993631197,-0.007234117250818399,0.014285945244449597
77.9,0.027031140663387722,0.0046993130268106476,0.022331827636577074
77.95,0.03286578603662672,0.01113564895194613,0.021730137084680586
78.0,0.01670904328129354,0.010211508727133906,0.006497534554159634
78.05000000000001,-0.010655002755780088,0.002644815819832045,-0.013299818575612132
78.10000000000001,-0.027331113193919555,-0.007806826415977538,-0.019524286777942018
78.15,-0.01993005134489471,-0.01605503214726676,-0.003875019197627949
78.2,0.0032961534989803835,-0.01863336789575139,0.021929521394731775
78.25,0.019410053665293865,-0.015645047106839068,0.03505510077213293
78.30000000000001,0.012227808593448962,-0.010168436697772523,0.022396245291221487
78.35000000000001,-0.012112703666645344,-0.005777157541286668,-0.006335546125358676
78.4,-0.030931432848325207,-0.004407514187590839,-0.026523918660734367
78.45,-0.027124870241451954,-0.006217535861660287,-0.020907334379791667
78.5,-0.006380175406630766,-0.010956428426372207,0.004576253019741442
78.55000000000001,0.007504709009153756,-0.01891137293377058,0.026416081942924337
78.60000000000001,-0.004844857819419315,-0.03023358128500485,0.025388723465585534
78.65,-0.03945924757939093,-0.043550038041325775,0.004090790461934848
78.7,-0.07191373463586631,-0.05588078383744962,-0.01603295079841669
78.75,-0.07933326949936248,-0.06460196168664231,-0.014731307812720168
78.80000000000001,-0.060595101216123236,-0.06971550424105578,0.009120403024932548
78.85000000000001,-0.03584928899231281,-0.07373573805968525,0.037886449067372444
78.9,-0.02651919314693688,-0.07850021669324038,0.051981023546303504
78.95,-0.03535005089933953,-0.08152483571572612,0.046174784816386594
79.0,-0.045231224085805606,-0.07579815884638093,0.030566934760575322
79.05000000000001,-0.03687871056342884,-0.05438494662872424,0.017506236065295402
79.10000000000001,-0.007585513975869788,-0.016763726359455812,0.009178212383586024
79.15,0.026760480587113854,0.028461597003021016,-0.001701116415907162
79.2,0.04718549668862931,0.06747279683460915,-0.02028730014597984
79.25,0.04868901610611103,0.08942818450920008,-0.04073916840308905
79.30000000000001,0.04250610173947762,0.09284850191132751,-0.05034240017184989
79.35000000000001,0.04267331760882117,0.08535844194681219,-0.04268512433799102
79.4,0.051324447048301046,0.077232941632791,-0.025908494584489954
79.45,0.057391549724940066,0.07402272927853405,-0.016631179553593986
79.5,0.049177940881425596,0.07385030803210361,-0.02467236715067802
79.55000000000001,0.027389203710109708,0.07075190165833353,-0.043362697948223825
79.60000000000001,0.005352908709467359,0.060543667133362754,-0.0551907584238954
79.65,-0.0035015106226791632,0.04424086504504566,-0.04774237566772482
79.7,0.001882095315262632,0.026843810547730128,-0.024961715232467496
79.75,0.010070292415638086,0.013402203946873975,-0.0033319115312358885
79.80000000000001,0.009070903889231152,0.006022270104073164,0.0030486337851579884
79.85000000000001,-0.0018229743515955537,0.003816790673293088,-0.005639765024888641
79.9,-0.011850148544732493,0.004828325702201708,-0.0166784742469342
79.95,-0.009983502776422369,0.00759099238949343,-0.017574495165915797
80.0,0.0038347194849492304,0.011135480194207181,-0.007300760709257951
