x,yobs,ycalc,ydiff
0.05,1.179656790183192e-12,-0.041236716546834966,0.04123671654801462
0.1,-1.8659604089361223e-10,-0.05790937220571117,0.05790937201911513
0.15000000000000002,-1.1447103210700888e-08,-0.05178892193160881,0.0517889104845056
0.2,-1.3924244250775857e-07,-0.04915723466433684,0.04915709542189433
0.25,-3.177897859493015e-07,-0.07274385714505159,0.07274353935526565
0.30000000000000004,4.044838253418031e-06,-0.11722683732104494,0.11723088215929836
0.35000000000000003,3.673778205342797e-05,-0.15459402693717442,0.15463076471922785
0.4,0.0001497158281271531,-0.16402795190691075,0.1641776677350379
0.45,0.00034925417172669874,-0.15459123016641696,0.15494048433814367
0.5,0.0003483899172244496,-0.15610153942692265,0.1564499293441471
0.55,-0.0007299759204060222,-0.187262185136154,0.18653220921574798
0.6000000000000001,-0.004133058103637366,-0.23490901676363138,0.230775958659994
0.65,-0.01003117223130644,-0.26727881625235933,0.2572476440210529
0.7000000000000001,-0.015078908667729195,-0.2681316105974844,0.2530527019297552
0.75,-0.011196871653284226,-0.25534043582409166,0.24414356417080743
0.8,0.011052998830015322,-0.2628297466244347,0.27388274545445
0.8500000000000001,0.0534323364728801,-0.3037677504844196,0.3572000869572997
0.9,0.10032973734963037,-0.35455608650123166,0.454885823850862
0.9500000000000001,0.11867150870682902,-0.37879827971676927,0.4974697884235983
1.0,0.07501076213132149,-0.36752058856907044,0.44253135070039196
1.05,-0.03586381154668749,-0.35183788663135857,0.31597407508467107
1.1,-0.17201760745811528,-0.3710358731989955,0.19901826574088022
1.1500000000000001,-0.25850412413020696,-0.4275597171138477,0.16905559298364076
1.2000000000000002,-0.2370730079562185,-0.47920304489550525,0.24213003693928675
1.25,-0.12061990851125892,-0.4833089417060425,0.36268903319478357
1.3,-0.0039435568023731375,-0.44996607029235464,0.4460225134899815
1.35,-0.004599782190505717,-0.441802195623425,0.43720241343291927
1.4000000000000001,-0.16313248232401106,-0.5051543625732107,0.3420218802491996
1.4500000000000002,-0.3791230849616814,-0.5920603545699664,0.21293726960828502
1.5,-0.4511812299590703,-0.5598013016664457,0.10862007170737542
1.55,-0.21648670343230325,-0.27633528644880967,0.05984858301650642
1.6,0.3025432491153867,0.24136467705525597,0.06117857206013075
1.6500000000000001,0.8654472664555362,0.7805955610035472,0.08485170545198895
1.7000000000000002,1.1465335947073805,1.0453383000955079,0.1011952946118726
1.75,0.958684216635728,0.8655223921203524,0.09316182451537558
1.8,0.4076966338898795,0.34603317103826925,0.06166346285161023
1.85,-0.15049707947876526,-0.17334951973439738,0.022852440255632128
1.9000000000000001,-0.3380745542777328,-0.3365989184798118,-0.0014756357979209822
1.9500000000000002,-0.014020637301207766,-0.01650757008381804,0.0024869327826102725
2.0,0.624155007274255,0.5937382341374886,0.030416773136766384
2.0500000000000003,1.1724161673985651,1.1103867443661168,0.062029423032448294
2.1,1.2907676499592389,1.2140767655582159,0.07669088440102301
2.15,0.9172655261941445,0.8459483958450272,0.07131713034911724
2.2,0.2791096103277689,0.21442385628326982,0.06468575404449906
2.25,-0.2895685015575223,-0.37180418580830976,0.08223568425078748
2.3000000000000003,-0.5748862191183464,-0.7077118471728255,0.13282562805447917
2.35,-0.5904554529708859,-0.7880623300291162,0.19760687705823032
2.4000000000000004,-0.5079752432994165,-0.7498133832242507,0.24183813992483427
2.45,-0.4922974120236928,-0.7329985195337713,0.24070110751007845
2.5,-0.5802690099696234,-0.7781229904763154,0.197853980506692
2.5500000000000003,-0.6860734192049394,-0.8278446687868164,0.14177124958187703
2.6,-0.7039653323029672,-0.8077624547017229,0.10379712239875571
2.6500000000000004,-0.6079942009371834,-0.7041878859157147,0.09619368497853131
2.7,-0.4681669190762414,-0.5746584285465037,0.10649150947026231
2.75,-0.3838816813054967,-0.4936701683234723,0.10978848701797561
2.8000000000000003,-0.40315451999476887,-0.49039253943000566,0.08723801943523679
2.85,-0.4968631480944047,-0.5340719929937051,0.03720884489930043
2.9000000000000004,-0.6002559681721594,-0.5742278706743463,-0.026028097497813096
2.95,-0.6750771635410995,-0.5930591056007816,-0.08201805794031791
3.0,-0.7347637629221921,-0.6198056317805997,-0.11495813114159248
3.0500000000000003,-0.8155689449507494,-0.6951386036566894,-0.12043034129405994
3.1,-0.9275234544103518,-0.8217307859161748,-0.10579266849417701
3.1500000000000004,-1.03505244387389,-0.9509616642162811,-0.0840907796576088
3.2,-1.0860123303910878,-1.021913043159306,-0.06409928723178182
3.25,-1.0598409590765612,-1.0171390608264106,-0.04270189825015058
3.3000000000000003,-0.9847063981281952,-0.9781685268235147,-0.0065378713046804204
3.35,-0.9003203651588565,-0.9562718788289264,0.0559515136700699
3.4000000000000004,-0.7959036723698686,-0.9363964470978939,0.14049277472802535
3.45,-0.5850418731000918,-0.8087951106703545,0.22375323757026266
3.5,-0.1578814545160652,-0.43431128206037656,0.27642982754431134
3.5500000000000003,0.5129510762159099,0.22923611214446857,0.28371496407144126
3.6,1.2928306235811196,1.0369916124087077,0.2558390111724118
3.6500000000000004,1.9096315789404081,1.6910392664909615,0.21859231244944666
3.7,2.0901722390574755,1.8987361241952863,0.19143611486218925
3.75,1.7279138264313927,1.5552537784073899,0.1726600480240028
3.8000000000000003,0.9646359172092326,0.8196793376553855,0.1449565795538471
3.85,0.12040775765487989,0.024732388612052392,0.0956753690428275
3.9000000000000004,-0.4871200888472233,-0.519151674542993,0.03203158569576975
3.95,-0.7122196103166193,-0.688706105799498,-0.02351350451712131
4.0,-0.6271447674782988,-0.5739973753069951,-0.05314739217130371
4.05,-0.4262422765620429,-0.36677656331522873,-0.059465713246814156
4.1000000000000005,-0.272935575989889,-0.21104863634164264,-0.06188693964824635
4.15,-0.20588862487062248,-0.1283942962766318,-0.07749432859399069
4.2,-0.15994862580614003,-0.054965471992048064,-0.10498315381409196
4.25,-0.06079386227230778,0.06592643661269777,-0.12672029888500555
4.3,0.09838482824550791,0.2242805726724628,-0.1258957444269549
4.3500000000000005,0.2579530278229304,0.3595715292490439,-0.1016185014261135
4.4,0.3534403991956879,0.4216326871345628,-0.06819228793887488
4.45,0.37080962534697987,0.41204486131747187,-0.041235235970492
4.5,0.3462153998097586,0.3717952182683473,-0.025579818458588754
4.55,0.32079013050957567,0.3368965347103073,-0.016106404200731617
4.6000000000000005,0.30170426751810975,0.30975714509193075,-0.008052877573821005
4.65,0.26640693502691276,0.27031173621726884,-0.0039048011903560775
4.7,0.19831159585546312,0.2075535573382335,-0.009241961482770372
4.75,0.11138130165029324,0.1346313178311695,-0.023250016180876257
4.800000000000001,0.037467000439398095,0.07341261434276876,-0.035945613903370664
4.8500000000000005,-0.0071462909180593625,0.029414469180066245,-0.03656076009812561
4.9,-0.03727904087609988,-0.01272639139116122,-0.02455264948493866
4.95,-0.07854414397584843,-0.06762072963717738,-0.010923414338671042
5.0,-0.1333264105617175,-0.12579811730312093,-0.00752829325859658
5.050000000000001,-0.17100718601198583,-0.15577982721129294,-0.015227358800692897
5.1000000000000005,-0.15490688478417705,-0.1312690119116251,-0.02363787287255195
5.15,-0.07882816571717997,-0.05557059683082768,-0.023257568886352296
5.2,0.02533496657362577,0.04261541603305293,-0.017280449459427163
5.25,0.11804194735022162,0.13805677813971262,-0.020014830789490998
5.300000000000001,0.18987490441048016,0.2323593695621543,-0.042484465151674145
5.3500000000000005,0.2673498132346587,0.3469417745702245,-0.07959196133556584
5.4,0.37969604182612143,0.492235575365796,-0.11253953353967455
5.45,0.5196810979420058,0.6448302183366049,-0.12514912039459913
5.5,0.6384130155157094,0.7568194553633273,-0.1184064398476179
5.550000000000001,0.6804831095248254,0.7892084638309109,-0.10872535430608554
5.6000000000000005,0.6259991452123281,0.7372907949963027,-0.11129164978397454
5.65,0.5002338945121988,0.6248981362395469,-0.12466424172734814
5.7,0.3449688325248789,0.476730061575815,-0.13176122905093607
5.75,0.18357292595202718,0.30000313956616664,-0.11643021361413947
5.800000000000001,0.015969383977733592,0.0956792050521886,-0.07970982107445501
5.8500000000000005,-0.15331870450894783,-0.11301912155577146,-0.04029958295317637
5.9,-0.28648698657525234,-0.2675773374633309,-0.018909649111921445
5.95,-0.3176489401665041,-0.2965400643927435,-0.021108875773760583
6.0,-0.19342496830496916,-0.15948722593878334,-0.033937742366185825
6.050000000000001,0.0842022291692457,0.12235399184216185,-0.038151762672916145
6.1000000000000005,0.4485689233930631,0.47252518911335495,-0.02395626572029186
6.15,0.7985397974858583,0.7949376990018581,0.0036020984840002823
6.2,1.0425975087597965,1.0100585082291287,0.03253900053066783
6.25,1.1267289353476209,1.0707445353412481,0.055984400006372725
6.300000000000001,1.0377986142107611,0.9607898376102018,0.07700877660055938
6.3500000000000005,0.7957378289265066,0.6926800877081863,0.10305774121832023
6.4,0.44796012427509846,0.3114698605483554,0.13649026372674306
6.45,0.06351258583196374,-0.10655161462622179,0.17006420045818554
6.5,-0.28403585914116125,-0.47468874169059566,0.1906528825494344
6.550000000000001,-0.5444504424500823,-0.731911827929548,0.18746138547946567
6.6000000000000005,-0.7107116744217654,-0.8693151029457751,0.15860342852400966
6.65,-0.8113510914064296,-0.9238233443765254,0.11247225297009578
6.7,-0.8782262481598109,-0.9423071189371084,0.06408087077729752
6.75,-0.9172752125698458,-0.9458059553386566,0.028530742768810846
6.800000000000001,-0.9091463323061422,-0.9234416368436225,0.014295304537480291
6.8500000000000005,-0.8380684167714707,-0.8574416234134044,0.01937320664193365
6.9,-0.7183435286807034,-0.7513663806687849,0.033022851988081525
6.95,-0.5889154772608992,-0.6320073878461383,0.04309191058523909
7.0,-0.47871850562424456,-0.5232505929148104,0.04453208729056579
7.050000000000001,-0.37737996047325,-0.41985021698172637,0.042470256508476356
7.1000000000000005,-0.24406985784701343,-0.2907461255975231,0.046676267750509676
7.15,-0.05130533072472627,-0.11299184714976172,0.061686516425035455
7.2,0.17531051002204753,0.0938089550155831,0.08150155500646443
7.25,0.3602585810322967,0.2659373515772576,0.09432122945503907
7.300000000000001,0.42542689932979155,0.3319831175643765,0.09344378176541507
7.3500000000000005,0.3429583292056196,0.2589675445436704,0.0839907846619492
7.4,0.1504216314175498,0.07198310848897742,0.07843852292857238
7.45,-0.08062598901127388,-0.16522463862451037,0.08459864961323649
7.5,-0.2916998627429319,-0.3891739866146923,0.09747412387176041
7.550000000000001,-0.4604096513214794,-0.5636298513494024,0.10322020002792298
7.6000000000000005,-0.5875320558216606,-0.6793389679383507,0.09180691211669012
7.65,-0.6708652862856793,-0.7370640632186825,0.06619877693300313
7.7,-0.6966270867024704,-0.7355680404052757,0.03894095370280526
7.75,-0.6558050609226646,-0.675190721012932,0.01938566009026743
7.800000000000001,-0.5644798248992682,-0.568810518061033,0.00433069316176482
7.8500000000000005,-0.46282766031284667,-0.44467098128950155,-0.018156679023345113
7.9,-0.3900454744755038,-0.3350820071517576,-0.054963467323746185
7.95,-0.35737848953617884,-0.2595950866202234,-0.09778340291595544
8.0,-0.3434355159561395,-0.216014370118853,-0.12742114583728653
8.05,-0.31426595526256174,-0.18454055608638212,-0.12972539917617962
8.1,-0.24813811661258997,-0.1393541835683102,-0.10878393304427977
8.15,-0.1436240570918086,-0.058806707125822415,-0.08481734996598617
8.200000000000001,-0.008699470166073708,0.06924337628350104,-0.07794284644957475
8.25,0.15285804171825448,0.24472980640807454,-0.09187176468982006
8.3,0.34188026913650893,0.45358439112701787,-0.11170412199050894
8.35,0.5519851824554871,0.6693521338534228,-0.11736695139793574
8.4,0.7606292040250636,0.8612653267367211,-0.10063612271165745
8.450000000000001,0.9348406578439926,1.0060845494163886,-0.07124389157239597
8.5,1.0473205172521904,1.0951358395206614,-0.04781532226847096
8.55,1.0876091929005614,1.1300676161536334,-0.04245842325307203
8.6,1.0587649616021704,1.1109864996872834,-0.052221538085112984
8.65,0.9657290707048494,1.029199612678365,-0.06347054197351554
8.700000000000001,0.8099870068315569,0.8739481725676087,-0.06396116573605182
8.75,0.5971584116670198,0.6491588028472679,-0.05200039118024813
8.8,0.3484255768327487,0.3845854900039864,-0.03615991317123768
8.85,0.10040880439733402,0.12793406690911707,-0.027525262511783055
8.9,-0.1112709722170759,-0.07964509856871865,-0.03162587364835724
8.950000000000001,-0.2721643668052156,-0.22655621031173434,-0.04560815649348127
9.0,-0.39404813660567545,-0.3331335608884324,-0.06091457571724307
9.05,-0.4981384420911976,-0.43008231729887064,-0.06805612479232698
9.1,-0.5895681456397789,-0.5291916697486237,-0.060376475891155135
9.15,-0.6451941528199963,-0.6091308656322953,-0.03606328718770091
9.200000000000001,-0.6262147865035387,-0.6273095949443906,0.0010948084408519687
9.25,-0.5062670741437484,-0.5486415054040545,0.042374431260306156
9.3,-0.2930536851452523,-0.37010171913429263,0.07704803398904031
9.35,-0.027676408352258472,-0.12493515786572529,0.09725874951346682
9.4,0.23559687432950024,0.133359559959877,0.10223731436962324
9.450000000000001,0.4520277821462623,0.35350874431852203,0.0985190378277403
9.5,0.5958688876471756,0.5006376501047919,0.09523123754238372
9.55,0.6550127347527418,0.5574986279717966,0.09751410678094519
9.600000000000001,0.6222912571851186,0.5191939011720443,0.10309735601307424
9.65,0.4953753345077284,0.3905919453643377,0.10478338914339069
9.700000000000001,0.2859451000405219,0.18924768529209612,0.0966974147484258
9.75,0.027240310057183026,-0.05168047171400868,0.0789207817711917
9.8,-0.23148557022935126,-0.28808650732176727,0.05660093709241601
9.850000000000001,-0.44386218977975145,-0.4785651733461434,0.034702983566391954
9.9,-0.5860764759422149,-0.5997397046670199,0.013663228724804966
9.950000000000001,-0.6623113334713142,-0.6527019326708218,-0.00960940080049244
10.0,-0.691815048994287,-0.6556417829641551,-0.036173266030131934
10.05,-0.6885951320276247,-0.6280055288101973,-0.060589603217427346
10.100000000000001,-0.6507783808858537,-0.5779218924471543,-0.07285648843869941
10.15,-0.567926734888912,-0.5016691484960593,-0.06625758639285273
10.200000000000001,-0.43844886847384407,-0.39394215139860433,-0.04450671707523973
10.25,-0.2800708165676298,-0.25898674946925415,-0.021084067098375625
10.3,-0.12260898408600363,-0.11260511595204921,-0.010003868133954416
10.350000000000001,0.011437210573317737,0.02656276561323096,-0.015125555039913224
10.4,0.12154099070178885,0.14873424418806777,-0.02719325348627892
10.450000000000001,0.22619584500679826,0.25776478764469346,-0.0315689426378952
10.5,0.34529890940841806,0.36558046612353123,-0.02028155671511317
10.55,0.4834472620336347,0.4814910202478697,0.0019562417857649783
10.600000000000001,0.6273784284312942,0.6046013458801623,0.022777082551131866
10.65,0.7563411825518956,0.7230694136688648,0.03327176888303085
10.700000000000001,0.8524839430616652,0.8176487984804818,0.03483514458118342
10.75,0.9012398818845478,0.8655307762625918,0.03570910562195606
10.8,0.8856083370475417,0.8444643815822978,0.041143955465243964
10.850000000000001,0.7874625152214554,0.7403142041965077,0.04714831102494765
10.9,0.6021318283691526,0.558044098323538,0.044087730045614615
10.950000000000001,0.35542003044372095,0.3288540919588638,0.026565938484857166
11.0,0.1034459170404027,0.10368993367652532,-0.00024401663612262647
11.05,-0.09266690819865679,-0.06850174035585664,-0.02416516784280015
11.100000000000001,-0.2017127165001931,-0.16564986291332515,-0.03606285358686795
11.15,-0.23880883512378798,-0.20216460256406063,-0.03664423255972735
11.200000000000001,-0.24815892326005531,-0.21448812159508907,-0.03367080166496625
11.25,-0.2659152886210772,-0.2330864974561327,-0.032828791164944526
11.3,-0.2949136702153474,-0.26330357830855805,-0.03161009190678937
11.350000000000001,-0.31217520918981895,-0.2900070910070224,-0.02216811818279657
11.4,-0.29956973726796,-0.2996527274960239,8.29902280639061e-05
11.450000000000001,-0.26682268466668363,-0.2977185363952484,0.030895851728564794
11.5,-0.24472092908745732,-0.3045861541397404,0.05986522505228306
11.55,-0.25644346091979026,-0.3344711916706532,0.07802773075086294
11.600000000000001,-0.29661483826968127,-0.3792224625297155,0.08260762426003421
11.65,-0.3393171578139094,-0.41447055767247076,0.07515339985856134
11.700000000000001,-0.36634530972189067,-0.4233003346445351,0.056955024922644426
11.75,-0.38586389957656164,-0.4141112193734939,0.028247319796932235
11.8,-0.4211009970989356,-0.4135130626154356,-0.007587934483500036
11.850000000000001,-0.47958212824255364,-0.4389367305120777,-0.04064539773047593
11.9,-0.5343679669496182,-0.47626776725415226,-0.058100199695465926
11.950000000000001,-0.5380658394518684,-0.48463536690182735,-0.05343047255004102
12.0,-0.45824034207827136,-0.4257140903573667,-0.032526251720904675
12.05,-0.30146935298931565,-0.29200975678944757,-0.009459596199868081
12.100000000000001,-0.10435229277927033,-0.10969541229804525,0.005343119518774919
12.15,0.09775222044602898,0.08437986157986942,0.013372358866159562
12.200000000000001,0.29233088893635506,0.26817359332508556,0.024157295611269503
12.25,0.48113718427861957,0.4385275726608461,0.04260961161777349
12.3,0.6530026360926783,0.5925264830017699,0.06047615309090837
12.350000000000001,0.7695388448322571,0.7079494294734878,0.06158941535876927
12.4,0.7826051890859551,0.7455707796262897,0.03703440945966541
12.450000000000001,0.6700324289846767,0.6742906312229855,-0.00425820223830875
12.5,0.4567596282381512,0.4973165275108693,-0.040556899272718105
12.55,0.20166770634240808,0.2560305753337142,-0.05436286899130613
12.600000000000001,-0.037487992966476646,0.008600425973922693,-0.04608841894039934
12.65,-0.22972271133657182,-0.19770991584448536,-0.032012795492086465
12.700000000000001,-0.3680390530489068,-0.3390672479174861,-0.02897180513142067
12.75,-0.4488537829024234,-0.40850068953262864,-0.04035309336979476
12.8,-0.4604904145063356,-0.4047646398175753,-0.05572577468876028
12.850000000000001,-0.39464450100951504,-0.33196764865898143,-0.06267685235053361
12.9,-0.2674794239006593,-0.20924616440690275,-0.05823325949375657
12.950000000000001,-0.1246615197529703,-0.07530283957219867,-0.04935868018077162
13.0,-0.020116070339426684,0.024028309407962342,-0.04414437974738902
13.05,0.014811344241582985,0.059068253608192484,-0.0442569093666095
13.100000000000001,-0.015138477278612011,0.030910748194071355,-0.046049225472683364
13.15,-0.08303442013680751,-0.03603071818969312,-0.04700370194711439
13.200000000000001,-0.16483625995766626,-0.11651024240404868,-0.04832601755361758
13.25,-0.25063700141070683,-0.2005879458060393,-0.05004905560466752
13.3,-0.33391591494203154,-0.288620028339133,-0.04529588660289857
13.350000000000001,-0.3947716395421009,-0.37173952827059104,-0.023032111271509892
13.4,-0.3992216342076272,-0.4196025170804758,0.020380882872848616
13.450000000000001,-0.3189979997738846,-0.3908759059347293,0.07187790616084472
13.5,-0.15391221409766065,-0.26017096050003374,0.1062587464023731
13.55,0.06479623767425098,-0.03893510688040837,0.10373134455465935
13.600000000000001,0.2932876712308137,0.22742388223860174,0.06586378899221193
13.65,0.4982442095075735,0.4832098317537683,0.015034377753805173
13.700000000000001,0.6641535473618858,0.6871160608591996,-0.02296251349731382
13.75,0.7824010611335827,0.8201797047035516,-0.03777864356996896
13.8,0.8383308170847737,0.8765295360362824,-0.038198718951508615
13.850000000000001,0.812748866501059,0.8514379652188684,-0.038689098717809345
13.9,0.6973909923680255,0.7404359407143222,-0.043044948346296685
13.950000000000001,0.5083661722984445,0.5495551905640187,-0.041189018265574195
14.0,0.2835067611103937,0.30476866179876577,-0.021261900688372082
14.05,0.06570147276791073,0.04956463795706039,0.01613683481085034
14.100000000000001,-0.11309954590557912,-0.16919282524622486,0.056093279340645744
14.15,-0.23601488733431336,-0.3172678827251984,0.08125299539088504
14.200000000000001,-0.2963164813739355,-0.38135953876420364,0.08504305739026813
14.25,-0.2944152108511213,-0.36794820700137076,0.07353299615024944
14.3,-0.24149726559406687,-0.29731012074314733,0.055812855149080465
14.350000000000001,-0.16263284409156903,-0.19711506308915142,0.03448221899758239
14.4,-0.08971148189401687,-0.09620313855336206,0.006491656659345188
14.450000000000001,-0.045473756984403174,-0.017767669453706485,-0.02770608753069669
14.5,-0.03189061500469639,0.02634772492089407,-0.058238339925590465
14.55,-0.03444540533018117,0.036620133897137655,-0.07106553922731883
14.600000000000001,-0.03861124874393138,0.021124479977627213,-0.05973572872155859
14.65,-0.04201345148493874,-0.010735416761862253,-0.03127803472307649
14.700000000000001,-0.05015940940038586,-0.050492734009150476,0.000333324608764618
14.75,-0.061707432850177775,-0.08823890555030864,0.026531472700130863
14.8,-0.06178274951594927,-0.11118029507706476,0.04939754556111549
14.850000000000001,-0.03420591229980636,-0.10864981976077694,0.07444390746097057
14.9,0.017628627615331575,-0.0815355418843766,0.09916416949970817
14.950000000000001,0.06378049103274189,-0.046797356145297925,0.11057784717803981
15.0,0.0660682600832408,-0.02971693452757013,0.09578519461081093
15.05,0.007959912992156854,-0.047624485548314305,0.05558439854047116
15.100000000000001,-0.09121741285237482,-0.09843161474269788,0.007214201890323055
15.15,-0.1918994405792601,-0.16459624046689483,-0.027303200112365256
15.200000000000001,-0.2657134223807432,-0.22913735627236204,-0.036576066108381156
15.25,-0.3132675405574918,-0.2882334479516937,-0.025034092605798086
15.3,-0.3522063807859396,-0.3475639791359401,-0.004642401649999461
15.350000000000001,-0.38893017960566195,-0.4056860837416107,0.01675590413594874
15.4,-0.40377849607011457,-0.4420710740525906,0.03829257798247604
15.450000000000001,-0.3662132335495085,-0.4250753673728627,0.0588621338233542
15.5,-0.26653315467239463,-0.3368291501219489,0.07029599544955428
15.55,-0.13356164883507152,-0.19451805156235608,0.06095640272728456
15.600000000000001,-0.020349534373588968,-0.04789668208063146,0.027547147707042495
15.65,0.030367496796774463,0.04808840631442169,-0.017720909517647227
15.700000000000001,0.01137895353118711,0.06572594291716918,-0.05434698938598207
15.75,-0.05228500597344253,0.018016281420280944,-0.07030128739372347
15.8,-0.12731813332124595,-0.054857176597115184,-0.07246095672413076
15.850000000000001,-0.19229443458687936,-0.11274373696860761,-0.07955069761827176
15.9,-0.23791474868795642,-0.13477522493477676,-0.10313952375317967
15.950000000000001,-0.25368571853521,-0.11913736607401225,-0.13454835246119773
16.0,-0.22007259573522955,-0.06936526502640379,-0.15070733070882575
16.05,-0.1164804150619167,0.01770413176030424,-0.13418454682222095
16.1,0.06329489847938141,0.1522583173470575,-0.08896341886767609
16.150000000000002,0.304447372507667,0.34182426180192976,-0.03737688929426275
16.2,0.5791397001321679,0.5803717048887936,-0.0012320047566257708
16.25,0.8586318529847596,0.8432794342414209,0.015352418743338703
16.3,1.1156983653196038,1.089613325966023,0.026085039353580752
16.35,1.316574647422079,1.2700398805815134,0.04653476684056557
16.400000000000002,1.4163157392983343,1.3388022270675117,0.07751351223082259
16.45,1.3705231315932478,1.267625779019462,0.10289735257378574
16.5,1.159588279162202,1.0564536483605813,0.10313463080162077
16.55,0.8062537478713719,0.7343031552243295,0.0719505926470424
16.6,0.3701351497678647,0.3479274845476371,0.0222076652202276
16.650000000000002,-0.07791327718288475,-0.05522170811116387,-0.02269156907172088
16.7,-0.4818734019630047,-0.43814563986002153,-0.04372776210298318
16.75,-0.8093440783036835,-0.7730717966959008,-0.03627228160778273
16.8,-1.0432406776477252,-1.0332323008260311,-0.010008376821694087
16.85,-1.171763374279509,-1.1902107291098174,0.01844735483030835
16.900000000000002,-1.1894266378861245,-1.2237207455586028,0.03429410767247831
16.95,-1.1059865007345169,-1.136658255431263,0.0306717546967461
17.0,-0.9490242658859335,-0.9599755707519706,0.010951304866037126
17.05,-0.7521206046863443,-0.7389821729871614,-0.01313843169918294
17.1,-0.5371734760951228,-0.5096049095802373,-0.027568566514885484
17.150000000000002,-0.30790065615502005,-0.2836567321330899,-0.024243924021930152
17.2,-0.0617276323403241,-0.055140633344633844,-0.006586998995690256
17.25,0.19136965717753135,0.17915041873885318,0.01221923843867817
17.3,0.42235107583629133,0.40419249964638126,0.01815857618991007
17.35,0.596377383162731,0.5901910688223909,0.0061863143403401155
17.400000000000002,0.6933811116574273,0.7101568319364735,-0.01677572027904617
17.45,0.7159323020152185,0.7537846826062674,-0.037852380591048895
17.5,0.6773422781601746,0.7250651029191473,-0.047722824758972715
17.55,0.5833893491654255,0.628869171935884,-0.04547982277045848
17.6,0.4279236642855684,0.4636350330228268,-0.03571136873725844
17.650000000000002,0.20841676137326007,0.23071018123145348,-0.022293419858193414
17.7,-0.05373532112522506,-0.04778630598247503,-0.005949015142750029
17.75,-0.3101418327215066,-0.3224311929466485,0.012289360225141932
17.8,-0.5065582479911874,-0.5332004629568965,0.026642214965709066
17.85,-0.612681234702998,-0.6403940500930895,0.027712815390091516
17.900000000000002,-0.6366454350493395,-0.6466065635230973,0.009961128473757852
17.95,-0.6137211070117834,-0.592719907889647,-0.021001199122136383
18.0,-0.5806701362126888,-0.5316961874202648,-0.048973948792424005
18.05,-0.5570579997255878,-0.5003924784579478,-0.05666552126764002
18.1,-0.544834792462362,-0.5078010195773393,-0.03703377288502274
18.150000000000002,-0.53934620283356,-0.5418463294763665,0.0025001266428064106
18.2,-0.5367477769156429,-0.5825335880607921,0.045785811145149236
18.25,-0.5309277027629026,-0.6091205909387907,0.0781928881758881
18.3,-0.5069534427696784,-0.6001274248682792,0.09317398209860084
18.35,-0.4425062198167576,-0.5340746366678307,0.09156841685107314
18.400000000000002,-0.3197756186456501,-0.39670852636945264,0.07693290772380257
18.45,-0.13834559502005964,-0.19095230081431666,0.052606705794257025
18.5,0.0823038485784869,0.05968401878038533,0.022619829798101565
18.55,0.31225970232996014,0.31877798313920463,-0.006518280809244492
18.6,0.5234546615851551,0.5505703421292462,-0.02711568054409108
18.650000000000002,0.6950767416436852,0.7298568178140997,-0.034780076170414564
18.7,0.8116875102366615,0.8435965348278959,-0.03190902459123435
18.75,0.8617366118970776,0.8878818083638595,-0.026145196466781928
18.8,0.8419817764975965,0.8663982214990217,-0.024416445001425147
18.85,0.763674626330058,0.7913660498987584,-0.027691423568700357
18.900000000000002,0.6509101724381892,0.6821713782440316,-0.03126120580584246
18.95,0.5277509410294211,0.5580225750531751,-0.03027163402375399
19.0,0.40313845883238913,0.42832521806848184,-0.025186759236092704
19.05,0.26787518167539404,0.28963807041459355,-0.021762888739199515
19.1,0.10897900382788456,0.1342112154240063,-0.02523221159612174
19.150000000000002,-0.0692127470763327,-0.03514940386829905,-0.03406334320803364
19.200000000000003,-0.2354855539464176,-0.19592879136978078,-0.03955676257663682
19.25,-0.34338975506189634,-0.31082965266321366,-0.03256010239868268
19.3,-0.3561680641518904,-0.34418022262299924,-0.011987841528891152
19.35,-0.26647165753841423,-0.2789603734445099,0.012488715906095682
19.400000000000002,-0.0978967258312713,-0.12474187633238812,0.026845150501116813
19.450000000000003,0.10908496184782177,0.08532729609435709,0.023757665753464677
19.5,0.313424121766945,0.30411572263484465,0.009308399132100353
19.55,0.48139536969999885,0.4822340009116887,-0.0008386312116898664
19.6,0.586790765594225,0.5803879487932735,0.006402816800951561
19.650000000000002,0.6114040921975199,0.5809513514876437,0.030452740709876247
19.700000000000003,0.5502565555197245,0.4939861766305698,0.056270378889154704
19.75,0.41696707383115345,0.35184118119048946,0.06512589264066398
19.8,0.241147778361329,0.19240137946170718,0.04874639889962182
19.85,0.05622991662865111,0.0406171657382202,0.015612750890430911
19.900000000000002,-0.11410781427585663,-0.09853923636087329,-0.01556857791498334
19.950000000000003,-0.2604355376218646,-0.23072712918599497,-0.029708408435869638
20.0,-0.38069624589483847,-0.3555414887800899,-0.02515475711474857
20.05,-0.47021443001128876,-0.45820382579444763,-0.012010604216841136
20.1,-0.5189744455983886,-0.5174051207859,-0.001569324812488615
20.150000000000002,-0.5181325568071169,-0.5213012946818647,0.0031687378747478068
20.200000000000003,-0.4676587460417399,-0.47544284694050837,0.0077841008987684646
20.25,-0.37596511250002407,-0.39439239459410036,0.01842728209407629
20.3,-0.251554764509895,-0.28556201428873773,0.03400724977884273
20.35,-0.09636183264677536,-0.14262042214759219,0.04625858950081682
20.400000000000002,0.0901009925354847,0.042806644346970124,0.04729434818851458
20.450000000000003,0.2976863766914758,0.2607019534265667,0.03698442326490908
20.5,0.4961504447964317,0.4731140589501176,0.023036385846314122
20.55,0.6407688440255992,0.6266437827391595,0.014125061286439644
20.6,0.691845574292911,0.6787017740767918,0.013143800216119272
20.650000000000002,0.6342449521080982,0.6172684048167671,0.016976547291331023
20.700000000000003,0.48243336513576074,0.46030330056201074,0.022130064573749997
20.75,0.268598659029835,0.23902376111044168,0.0295748979193933
20.8,0.024925515362400796,-0.018421122136589117,0.04334663749898991
20.85,-0.22614953527893944,-0.29053534878503334,0.0643858135060939
20.900000000000002,-0.4693543245808963,-0.5557183911753774,0.08636406659448104
20.950000000000003,-0.6889764468276423,-0.7873302212631392,0.09835377443549698
21.0,-0.866303846184591,-0.9585361052492178,0.09223225906462684
21.05,-0.9847202460109523,-1.0527337927652611,0.06801354675430882
21.1,-1.036260395066846,-1.0689138962062374,0.03265350113939136
21.150000000000002,-1.0225089188418788,-1.0170277926734252,-0.005481126168453532
21.200000000000003,-0.9497784951252357,-0.9092463016099214,-0.04053219351531434
21.25,-0.8250489983691193,-0.7566156342774019,-0.06843336409171741
21.3,-0.6577441461928,-0.5732504117431519,-0.08449373444964803
21.35,-0.46479538556890043,-0.3805383452744885,-0.08425704029441194
21.400000000000002,-0.2714640220688222,-0.2032132743930617,-0.0682507476757605
21.450000000000003,-0.1041507164340819,-0.058731325171806355,-0.045419391262275545
21.5,0.019770224918156318,0.049552429140646864,-0.029782204222490546
21.55,0.09595396043375679,0.127282867963255,-0.03132890752949821
21.6,0.12754900295274327,0.17640454333151726,-0.04885554037877399
21.650000000000002,0.11676768183191522,0.18858808556878076,-0.07182040373686555
21.700000000000003,0.0635748249908573,0.15367853311707394,-0.09010370812621664
21.75,-0.026250455527109258,0.07642849144844657,-0.10267894697555582
21.8,-0.13272335950060582,-0.01588095684618963,-0.11684240265441619
21.85,-0.22439792387217922,-0.08573995537386334,-0.13865796849831588
21.900000000000002,-0.2732308651120987,-0.1093030503187681,-0.16392781479333063
21.950000000000003,-0.26893622759432456,-0.09026542563110115,-0.1786708019632234
22.0,-0.21805953258780073,-0.04900920533773075,-0.16905032725006996
22.05,-0.12660294323984717,0.005266407953057126,-0.1318693511929043
22.1,0.01752327067122106,0.09418288207089241,-0.07665961139967135
22.150000000000002,0.2422866004225945,0.26090793409391844,-0.01862133367132393
22.200000000000003,0.5656247709570806,0.5352840742666584,0.030340696690422275
22.25,0.9645133547259859,0.8993730159310263,0.06514033879495962
22.3,1.3659522403671842,1.2808678319571893,0.08508440840999487
22.35,1.6716637644597852,1.5808389429651741,0.09082482149461102
22.400000000000002,1.8018304081268708,1.7170202996868975,0.08481010843997328
22.450000000000003,1.7282994120264998,1.6549364822265098,0.07336292979999004
22.5,1.4770966036969084,1.4117585324840811,0.06533807121282731
22.55,1.1048106739703902,1.0387067503183651,0.06610392365202511
22.6,0.6713272085400585,0.5991998856982977,0.07212732284176071
22.650000000000002,0.22792960618995153,0.1551638526872901,0.07276575350266143
22.700000000000003,-0.17921620290153745,-0.2386088230618312,0.05939262016029376
22.75,-0.5052170727880746,-0.5392009810789855,0.033983908290910914
22.8,-0.7144677658423245,-0.7230572991353252,0.008589533293000717
22.85,-0.7966740193350519,-0.7920622249744368,-0.004611794360615096
22.900000000000002,-0.7751081145429701,-0.7714896273573965,-0.003618487185573671
22.950000000000003,-0.6959893467822165,-0.6985481531718709,0.0025588063896544444
23.0,-0.6045099478603521,-0.6078121853858731,0.0033022375255210568
23.05,-0.5251213959476962,-0.5218895572113607,-0.0032318387363355905
23.1,-0.4595855638907902,-0.4506847536798564,-0.008900810210933807
23.150000000000002,-0.4003979405051799,-0.39594449917200786,-0.004453441333172048
23.200000000000003,-0.34499384971940594,-0.3556034032561168,0.010609553536710836
23.25,-0.2985797206531409,-0.3256290582329219,0.027049337579780952
23.3,-0.26654569126440214,-0.30108806549491657,0.03454237423051443
23.35,-0.24733704668346998,-0.278526628555088,0.031189581871617994
23.400000000000002,-0.234040859242735,-0.25870224264675973,0.02466138340402474
23.450000000000003,-0.22194987631484978,-0.24640193915269584,0.024452062837846067
23.5,-0.21243943186379263,-0.2457812142127659,0.03334178234897328
23.55,-0.20793163541308277,-0.2540337491937835,0.046102113780700754
23.6,-0.2032539270513294,-0.2587406594022252,0.05548673235089577
23.650000000000002,-0.18353378562668993,-0.2419755126435495,0.05844172701685957
23.700000000000003,-0.13238754630151567,-0.18886151297839415,0.056473966676878484
23.75,-0.04324747300614605,-0.09460562109309507,0.051358148086949024
23.8,0.07700537035263319,0.03459641289348364,0.04240895745914955
23.85,0.2151411998408697,0.18624317883031297,0.028898021010556746
23.900000000000002,0.36122496559150574,0.34695709240990014,0.014267873181605606
23.950000000000003,0.5099802939876272,0.5040918109991085,0.0058884829885187395
24.0,0.6522759145193672,0.6433341886836632,0.008941725835703962
24.05,0.7668602120636129,0.7464971971964645,0.02036301486714842
24.1,0.8240802851287996,0.7940189647954626,0.03006132033333697
24.150000000000002,0.8021408133084179,0.7725093354177168,0.029631477890701086
24.200000000000003,0.7031038894070382,0.6826010171778741,0.020502872229164026
24.25,0.5539312596344551,0.5409142000982141,0.013017059536240994
24.3,0.39024650326194116,0.37372759350308704,0.016518909758854117
24.35,0.23582283879771726,0.20609871735445054,0.02972412144326672
24.400000000000002,0.09442716781450464,0.05360911977389608,0.040818048040608554
24.450000000000003,-0.04100505698094655,-0.07838755033970238,0.037382493358755826
24.5,-0.17266648556978056,-0.18934861246481602,0.016682126895035454
24.55,-0.29130212667071875,-0.2780857638044787,-0.013216362866240061
24.6,-0.38411768358170595,-0.34251401851706786,-0.041603665064638085
24.650000000000002,-0.44766865827811286,-0.38407522683001905,-0.06359343144809382
24.700000000000003,-0.4916038208855736,-0.411080380916095,-0.08052343996947858
24.75,-0.5290721384353836,-0.435778562432088,-0.09329357600329558
24.8,-0.5637701893552713,-0.4662093326346774,-0.09756085672059395
24.85,-0.58746355770888,-0.4999706053403925,-0.08749295236848753
24.900000000000002,-0.5912230181996663,-0.5265779800645949,-0.06464503813507139
24.950000000000003,-0.5790963627708537,-0.5376004475474754,-0.041495915223378366
25.0,-0.5692783168240695,-0.535798666865534,-0.03347964995853547
25.05,-0.5793127578743128,-0.5339748391115139,-0.04533791876279891
25.1,-0.6076872590907527,-0.5427037048305878,-0.06498355426016489
25.150000000000002,-0.6288757255693087,-0.5565011763780313,-0.07237454919127739
25.200000000000003,-0.6074278333199233,-0.5506855725393592,-0.0567422607805641
25.25,-0.5196729802200016,-0.4930634293818571,-0.026609550838144536
25.3,-0.3651419679404169,-0.3624054854753747,-0.0027364824650422115
25.35,-0.1600333203764926,-0.1602551625383594,0.00022184216186679762
25.400000000000002,0.07794699142830246,0.0912754556830401,-0.013328464254737646
25.450000000000003,0.3367294858589434,0.36120959864388386,-0.024480112784940444
25.5,0.6018440394340895,0.619748460930401,-0.01790442149631155
25.55,0.8430353842433005,0.8397715758705844,0.003263808372716115
25.6,1.0129959638274706,0.9932455684626391,0.019750395364831475
25.650000000000002,1.0657246040528416,1.051804560272592,0.01392004378024958
25.700000000000003,0.9831657070582582,0.9962074178170836,-0.01304171075882532
25.75,0.7887975793296811,0.829047314810688,-0.040249735481006965
25.8,0.5358576743272041,0.5794813859748922,-0.04362371164768808
25.85,0.2785724511694429,0.2939003061380892,-0.015327854968646304
25.900000000000002,0.04868084487936434,0.017960927820974273,0.030719917058390066
25.950000000000003,-0.14591843979246444,-0.21740737116075984,0.0714889313682954
26.0,-0.3035260615663957,-0.3972551172305535,0.09372905566415779
26.05,-0.41158251931251055,-0.5136694080885654,0.10208688877605487
26.1,-0.4479705226774121,-0.5576244317163254,0.10965390903891326
26.150000000000002,-0.400367764883993,-0.5207746425354854,0.12040687765149244
26.200000000000003,-0.285628860186935,-0.40630660874022495,0.12067774855328994
26.25,-0.14995959732646588,-0.23892986987943177,0.08897027255296588
26.3,-0.046917519864062535,-0.06377068140989095,0.016853161545828416
26.35,-0.009315264774342974,0.06789264120028637,-0.07720790597462934
26.400000000000002,-0.036082638731702144,0.11854027177837945,-0.1546229105100816
26.450000000000003,-0.10218901168489126,0.07875025604120461,-0.18093926772609586
26.5,-0.18085343742949422,-0.03131843799301483,-0.1495349994364794
26.55,-0.25898062740726147,-0.1728765341102037,-0.08610409329705776
26.6,-0.3352352875623499,-0.30528069969472915,-0.02995458786762073
26.650000000000002,-0.4065134094785755,-0.40021749833101955,-0.006295911147555955
26.700000000000003,-0.4578301235647791,-0.44721084783612575,-0.010619275728653343
26.75,-0.46555834775950994,-0.4491431473850362,-0.01641520037447375
26.8,-0.4107126968048297,-0.41174598587097244,0.0010332890661427507
26.85,-0.2903670503065591,-0.33456117122541634,0.044194120918857216
26.900000000000002,-0.11848223503778302,-0.21041145802094455,0.09192922298316153
26.950000000000003,0.08202198841246412,-0.035165366082200535,0.11718735449466466
27.0,0.2869366911418908,0.17803050310989482,0.10890618803199598
27.05,0.4717834044018851,0.3907701756618649,0.0810132287400202
27.1,0.6086528166459966,0.5463113632209758,0.06234145342502073
27.150000000000002,0.6670753039527825,0.5913503444941082,0.0757249594586743
27.200000000000003,0.6239232043180081,0.5025641954324848,0.12135900888552331
27.25,0.47817605290586007,0.3031808853036006,0.17499516760225947
27.3,0.2598338454998866,0.05888627052779235,0.20094757497209423
27.35,0.024409261701985218,-0.14704025184854028,0.17144951355052548
27.400000000000002,-0.166320071756606,-0.24827158677580147,0.08195151501919545
27.450000000000003,-0.26752803350087206,-0.22277102663408696,-0.044757006866785104
27.5,-0.26634623077866815,-0.09883475277347327,-0.1675114780051949
27.55,-0.18175561502590615,0.06365575618130243,-0.24541137120720857
27.6,-0.05121570568843233,0.20664886867670917,-0.2578645743651415
27.650000000000002,0.08741667806350743,0.3026538818271442,-0.21523720376363675
27.700000000000003,0.20883228302726065,0.361255539355219,-0.15242325632795833
27.75,0.30240715716679484,0.40971325247265183,-0.107306095305857
27.8,0.3649607930585025,0.46210809090675004,-0.09714729784824755
27.85,0.3915544376933284,0.5009478006087033,-0.10939336291537483
27.900000000000002,0.37273672863257845,0.48694137200579174,-0.11420464337321329
27.950000000000003,0.3013096513930817,0.3908364520846624,-0.0895268006915807
28.0,0.183272788035693,0.2221582081865325,-0.03888542015083951
28.05,0.04273506500059695,0.02999798597703157,0.012737079023565377
28.1,-0.08575172785867058,-0.12733870323014637,0.04158697537147579
28.150000000000002,-0.17366199285882727,-0.22062826432197813,0.046966271463150855
28.200000000000003,-0.21161099082183024,-0.2643856933817124,0.052774702559882175
28.25,-0.20878207839852436,-0.29493247508009873,0.08615039668157437
28.3,-0.17997974729331806,-0.33030444866901965,0.15032470137570159
28.35,-0.13294716325870773,-0.34766887175309824,0.2147217084943905
28.400000000000002,-0.0684041902895699,-0.30067276577467916,0.23226857548510926
28.450000000000003,0.007453049600375809,-0.16502416366276484,0.17247721326314067
28.5,0.07193882379077945,0.02570043461694478,0.046238389173834674
28.55,0.09102299584276623,0.18710968957761084,-0.09608669373484462
28.6,0.04072623353417566,0.2334957935439146,-0.19276956000973894
28.650000000000002,-0.072018123664041,0.13456348438189303,-0.20658160804593403
28.700000000000003,-0.20819027043365812,-0.06291796853186574,-0.14527230190179238
28.75,-0.3183163304631695,-0.2642109591449338,-0.05410537131823567
28.8,-0.3697491307907377,-0.3837039890776602,0.0139548582869225
28.85,-0.3574355074311476,-0.3881568511923337,0.03072134376118607
28.900000000000002,-0.291910447529848,-0.298676632042276,0.006766184512427997
28.950000000000003,-0.18019674260036517,-0.1582519337237825,-0.021944808876582678
29.0,-0.021573958637053543,0.0031525030674351803,-0.024726461704488722
29.05,0.17618263762966313,0.17729620540957797,-0.001113567779914837
29.1,0.37783405520883245,0.35809180669137286,0.019742248517459593
29.150000000000002,0.5232580124366015,0.5174828295560001,0.005775182880601415
29.200000000000003,0.5573569923478702,0.6038230425460558,-0.046466050198185616
29.25,0.4661656610439586,0.5690698121007998,-0.10290415105684114
29.3,0.2889346417034412,0.4048363378919174,-0.11590169618847623
29.35,0.09482228623757749,0.15790256094375316,-0.06308027470617567
29.400000000000002,-0.057095055094026806,-0.08918636495399761,0.0320913098599708
29.450000000000003,-0.14256866911931368,-0.2599575995726009,0.11738893045328722
29.5,-0.16567453495920173,-0.31905338696305263,0.1533788520038509
29.55,-0.13444597892802448,-0.2777209521310889,0.1432749732030644
29.6,-0.04652142648607559,-0.17073570390491435,0.12421427741883877
29.650000000000002,0.10095035786908209,-0.02709584038606759,0.12804619825514968
29.700000000000003,0.28998100388523257,0.14126566607151678,0.1487153378137158
29.75,0.47470263290881876,0.3266197580437501,0.14808287486506866
29.8,0.6002205109378571,0.5044167496005585,0.09580376133729862
29.85,0.6325620387713778,0.6272555589523698,0.005306479819008003
29.900000000000002,0.5732653939753305,0.643400855258239,-0.07013546128290848
29.950000000000003,0.4470401117610219,0.5271859281183199,-0.080145816357298
30.0,0.2770449081089693,0.29732170239861355,-0.02027679428964424
30.05,0.07301471363284376,0.008500482094777502,0.06451423153806626
30.1,-0.15789602969791502,-0.2767522494030764,0.11885621970516139
30.150000000000002,-0.3928347735265633,-0.5143066336192387,0.12147186009267535
30.200000000000003,-0.5913892798950915,-0.6855908295602647,0.09420154966517325
30.25,-0.7168085391889124,-0.7869994947696505,0.07019095558073807
30.3,-0.7616922623133934,-0.8175814304305271,0.055889168117133736
30.35,-0.7526297448878905,-0.7787697570738198,0.026140012185929318
30.400000000000002,-0.7276371590285228,-0.6842150918850957,-0.04342206714342711
30.450000000000003,-0.7067041529222252,-0.5651420124580814,-0.14156214046414384
30.5,-0.6824096529304658,-0.46010020427677034,-0.2223094486536955
30.55,-0.6373613583282304,-0.3941420671997079,-0.24321929112852247
30.6,-0.56848329496367,-0.36485786687736443,-0.20362542808630557
30.650000000000002,-0.4920931769425857,-0.34823734401457795,-0.14385583292800774
30.700000000000003,-0.4245160643945555,-0.31960258669064834,-0.10491347770390719
30.75,-0.3593876047886266,-0.27096789867198234,-0.08841970611664424
30.8,-0.2675433121401439,-0.20992116397864294,-0.057622148161500936
30.85,-0.1230930311476119,-0.1431773574742915,0.0200843263266796
30.900000000000002,0.06779664457863777,-0.06292575190459708,0.13072239648323486
30.950000000000003,0.26324298305717164,0.04855391846759269,0.21468906458957895
31.0,0.4117233058834417,0.19830346934355153,0.21341983653989016
31.05,0.4845633672558379,0.3643841523665485,0.1201792148892894
31.1,0.48645505101734077,0.4973965074015112,-0.010941456384170434
31.150000000000002,0.4380454550537311,0.5431240680519162,-0.10507861299818505
31.200000000000003,0.35172421728941206,0.4710351840140298,-0.11931096672461772
31.25,0.22642592252070357,0.29048537605047303,-0.06405945352976947
31.3,0.06551108868307357,0.04739546411364035,0.018115624569433213
31.35,-0.10369520994539409,-0.19286061180099398,0.08916540185559989
31.400000000000002,-0.23314654501022672,-0.36628412827375,0.1331375832635233
31.450000000000003,-0.28193337160915144,-0.42862776094037675,0.1466943893312253
31.5,-0.2452124139806983,-0.3690343211638247,0.12382190718312638
31.55,-0.158097986352074,-0.2155349394750294,0.05743695312295541
31.6,-0.07122224574693234,-0.027059489418507665,-0.044162756328424674
31.650000000000002,-0.020162223722750176,0.12895357543017186,-0.14911579915292203
31.700000000000003,-0.014223791806629684,0.20381112217562636,-0.21803491398225605
31.75,-0.048955174106244906,0.1835758927957077,-0.23253106690195263
31.8,-0.12328734790620523,0.08422738195592774,-0.20751472986213298
31.85,-0.2399440509122652,-0.06720962255610814,-0.17273442835615704
31.900000000000002,-0.38812309764707187,-0.24717822715341678,-0.1409448704936551
31.950000000000003,-0.5287869000122344,-0.43286277695932085,-0.09592412305291353
32.0,-0.6029166732577628,-0.5880703406182092,-0.014846332639553594
32.050000000000004,-0.5614189358893564,-0.6576030796628766,0.09618414377352014
32.1,-0.3936968146185005,-0.5844967218911551,0.1907999072726546
32.15,-0.13187069907893892,-0.34314334352590253,0.21127264444696361
32.2,0.17076371816282054,0.03607697701789006,0.13468674114493048
32.25,0.466527829045965,0.4714142011061195,-0.004886372060154465
32.300000000000004,0.7236831517315219,0.8623202084709422,-0.13863705673942028
32.35,0.9180435453804052,1.128138199321007,-0.21009465394060167
32.4,1.0233348798302675,1.2300169023966554,-0.2066820225663879
32.45,1.0176927467319714,1.1704288751450282,-0.15273612841305684
32.5,0.9042897780381295,0.9821472102119547,-0.07785743217382524
32.550000000000004,0.7254611918499259,0.7199712965848576,0.0054898952650682675
32.6,0.5513700425709833,0.45558187421505825,0.09578816835592507
32.65,0.44574753552317364,0.26528444137259727,0.18046309415057638
32.7,0.4325250003458773,0.20528013774666817,0.22724486259920915
32.75,0.4880727582052393,0.2849921514013638,0.20308060680387552
32.800000000000004,0.5631865654454585,0.4583585267766605,0.10482803866879803
32.85,0.6155670425782893,0.6439053171965327,-0.028338274618243342
32.9,0.6278650993833039,0.7633740512138202,-0.13550895183051626
32.95,0.6020159510543562,0.7746562575883609,-0.17264030653400464
33.0,0.5419521144753702,0.6804225157974161,-0.1384704013220459
33.050000000000004,0.44449073072647877,0.5132796252973593,-0.0687888945708805
33.1,0.30684793451331577,0.31367260736553876,-0.0068246728522229905
33.15,0.14115761581827274,0.11593729664623577,0.025220319172036973
33.2,-0.021067273131678256,-0.0547468973105412,0.033679624178862944
33.25,-0.14214942170157902,-0.1818553610197775,0.03970593931819849
33.300000000000004,-0.20008023521036047,-0.2594995314415512,0.059419296231190716
33.35,-0.20160816428114023,-0.29485502699384875,0.09324686271270852
33.4,-0.17639612636726973,-0.3053142268963354,0.1289181005290657
33.45,-0.15766040984668858,-0.30975445714934413,0.15209404730265555
33.5,-0.16479415896405158,-0.3205011753819286,0.15570701641787704
33.550000000000004,-0.1999399148498736,-0.3425574857200043,0.14261757087013066
33.6,-0.2575167235616313,-0.3788762714402799,0.12135954787864861
33.65,-0.3351987963255656,-0.43382007852867127,0.09862128220310568
33.7,-0.4355106883846964,-0.5095376995672048,0.07402701118250843
33.75,-0.5574346273295483,-0.599235336358825,0.041800709029276684
33.800000000000004,-0.6874418352286708,-0.6864774864949338,-0.0009643487337369638
33.85,-0.8001752614593262,-0.753950563890617,-0.04622469756870917
33.9,-0.8701576462080255,-0.7941147510291188,-0.07604289517890672
33.95,-0.8855089725540499,-0.8103428748775331,-0.07516609767651683
34.0,-0.8521720025444876,-0.806089127777965,-0.04608287476652251
34.050000000000004,-0.7850104763051924,-0.7729155407754087,-0.01209493552978369
34.1,-0.6935803301182627,-0.6914605086242018,-0.0021198214940608695
34.15,-0.5751767573124527,-0.5477104177553658,-0.027466339557086883
34.2,-0.42131540806070833,-0.350953585455768,-0.07036182260494034
34.25,-0.23151591902826238,-0.1357749462712721,-0.09574097275699028
34.300000000000004,-0.02117760101633318,0.05647213120963958,-0.07764973222597275
34.35,0.1846221780949909,0.2028455394199761,-0.0182233613249852
34.4,0.36637712299389213,0.31031968199531024,0.0560574409985819
34.45,0.5200512688157727,0.4047551454638846,0.1152961233518881
34.5,0.651094451760593,0.5069259833598085,0.14416846840078446
34.550000000000004,0.7567736817186197,0.6140806130554487,0.142693068663171
34.6,0.813586453827804,0.698619811292617,0.11496664253518707
34.65,0.7845304470133992,0.721494622334463,0.0630358246789362
34.7,0.6445338558888714,0.6499802303002696,-0.00544637441139828
34.75,0.4051159722862403,0.47178681577532816,-0.06667084348908786
34.800000000000004,0.1171375563485344,0.2031985399162853,-0.08606098356775091
34.85,-0.15329030020900541,-0.10978894001848491,-0.043501360190520505
34.9,-0.35907380429531355,-0.4007543250763656,0.041680520781052055
34.95,-0.49151507174857617,-0.6045152859930393,0.1130002142444631
35.0,-0.572117324665346,-0.6844128698600712,0.11229554519472518
35.050000000000004,-0.6267017866976554,-0.6496927132602642,0.022990926562608816
35.1,-0.6648713952389739,-0.5497564572923639,-0.11511493794660999
35.15,-0.6805032368170911,-0.44723090735955107,-0.23327232945754006
35.2,-0.6684829629012106,-0.3877943830909617,-0.28068857981024886
35.25,-0.6382881431991181,-0.3863223176352962,-0.2519658255638219
35.300000000000004,-0.6093942445178673,-0.4337248138424562,-0.17566943067541108
35.35,-0.5921362517623248,-0.511069957395337,-0.08106629436698776
35.4,-0.5727499966312533,-0.5946119336941498,0.02186193706289652
35.45,-0.5185552058360893,-0.6498728912637813,0.13131768542769207
35.5,-0.40115847802440474,-0.629412921490177,0.22825444346577228
35.550000000000004,-0.2189572668402477,-0.48894478834271704,0.26998752150246935
35.6,-0.0004343021256332782,-0.21796361665255226,0.21752931452691898
35.65,0.21359015988141214,0.13832080883101605,0.07526935105039609
35.7,0.39286104715334574,0.4887550142295838,-0.09589396707623804
35.75,0.5270995379156911,0.7381288434587776,-0.21102930554308652
35.800000000000004,0.6172992450515884,0.8353287972440411,-0.21802955219245268
35.85,0.6614158945000256,0.7952092175215355,-0.13379332302150992
35.9,0.6510899486503974,0.6807879363363998,-0.029697987686002403
35.95,0.5836714503668816,0.5612377014989205,0.022433748867961123
36.0,0.47709418283011196,0.4761626376836298,0.0009315451464821378
36.050000000000004,0.37030737642225203,0.42747915311275453,-0.057171776690502496
36.1,0.3041035074853604,0.3970249373778734,-0.09292142989251301
36.15,0.2954383941842138,0.37047635137583645,-0.07503795719162265
36.2,0.3259194574403373,0.3482285525593843,-0.022309095119046995
36.25,0.354686097419741,0.3380058525506048,0.016680244869136218
36.300000000000004,0.34625770050955623,0.33910300505550145,0.0071546954540547825
36.35,0.2921374094144532,0.3335451305697885,-0.04140772115533531
36.4,0.21103159818788741,0.29320166753460813,-0.08217006934672072
36.45,0.13067946772793237,0.1995716334907336,-0.06889216576280122
36.5,0.06841630411420228,0.06266612092142412,0.0057501831927781605
36.550000000000004,0.025904454370710178,-0.07623847784049449,0.10214293221120467
36.6,-0.0013019930394936419,-0.16390175419295616,0.16259976115346253
36.65,-0.012314720470139685,-0.16659074198402282,0.15427602151388314
36.7,-0.0006385048811928041,-0.09240162913748935,0.09176312425629655
36.75,0.03461474341377248,0.013164443207231449,0.02145030020654103
36.800000000000004,0.0785115871515664,0.09665869832236694,-0.018147111170800534
36.85,0.10383443132359041,0.12871412624106787,-0.024879694917477463
36.9,0.08830224917593196,0.11306288421953356,-0.024760635043601598
36.95,0.03157979814886804,0.06731666653271415,-0.035736868383846106
37.0,-0.04327265061666211,-0.002489184161059615,-0.0407834664556025
37.050000000000004,-0.10633866051588288,-0.10423025538597067,-0.0021084051299122136
37.1,-0.1420294013711944,-0.23289074158192213,0.09086134021072773
37.15,-0.15741057570928563,-0.34292582280851636,0.18551524709923073
37.2,-0.17156805290510413,-0.35808137270506857,0.18651331979996444
37.25,-0.19647120685227898,-0.22625686135098816,0.02978565449870918
37.300000000000004,-0.22641729963259324,0.020825624230566216,-0.24724292386315946
37.35,-0.24408469627363338,0.2618637334033045,-0.5059484296769379
37.4,-0.23542093317143337,0.3564631657354034,-0.5918840989068368
37.45,-0.19810774116153895,0.24794664392411456,-0.44605438508565354
37.5,-0.13602493856082568,0.016997059105744127,-0.1530219976665698
37.550000000000004,-0.04712056966426888,-0.1646608386194741,0.11754026895520521
37.6,0.08054186827439931,-0.1522175541910704,0.2327594224654697
37.65,0.25755434080503803,0.07200249192843275,0.18555184887660528
37.7,0.47533791318517693,0.3934477312506956,0.08189018193448133
37.75,0.6985260083517946,0.655524416609901,0.04300159174189355
37.800000000000004,0.8768158705055046,0.7687229950782417,0.10809287542726287
37.85,0.9688621444900508,0.7523591613679802,0.2165029831220706
37.9,0.9604157984833837,0.6855132528527367,0.274902545630647
37.95,0.8643691782962483,0.6216443706260345,0.24272480767021376
38.0,0.7062029011836373,0.5456530405907424,0.1605498605928949
38.050000000000004,0.509542585994016,0.4055677420833834,0.10397484391063261
38.1,0.29310896736981623,0.18046922236294996,0.11263974500686627
38.15,0.076728131741626,-0.08325280125082361,0.15998093299244961
38.2,-0.11559011025386948,-0.3006597338611633,0.18506962360729382
38.25,-0.263507808541678,-0.4135101883285224,0.1500023797868444
38.300000000000004,-0.3638505589300569,-0.4325774906960902,0.06872693176603328
38.35,-0.4357656801488276,-0.4226240124483618,-0.01314166770046582
38.400000000000006,-0.50908312220973,-0.4483743911488976,-0.060708731060832355
38.45,-0.6025649973103604,-0.5301958596770276,-0.07236913763333275
38.5,-0.709096743945679,-0.6421619627037071,-0.06693478124197194
38.550000000000004,-0.8001285846953482,-0.7437034794673062,-0.056425105228042005
38.6,-0.8456967020490781,-0.8101010817323022,-0.03559562031677588
38.650000000000006,-0.8336246621990395,-0.8371732428159699,0.003548580616930419
38.7,-0.7733885702501047,-0.8256799651154603,0.05229139486535561
38.75,-0.6843015665389781,-0.7691664014263646,0.0848648348873865
38.800000000000004,-0.5807337154193504,-0.6599270982354967,0.0791933828161463
38.85,-0.46745897270050746,-0.5050458795783868,0.0375869068778793
38.900000000000006,-0.34677834725066786,-0.3329987359440479,-0.013779611306619977
38.95,-0.22751526392595914,-0.1813641714582627,-0.04615109246769644
39.0,-0.12518631654854737,-0.07533125566261148,-0.04985506088593589
39.050000000000004,-0.052490371681753044,-0.015137000436041081,-0.03735337124571196
39.1,-0.009484036602475522,0.018509298857788126,-0.027993335460263648
39.150000000000006,0.01654066566998046,0.04774169575819517,-0.031201030088214707
39.2,0.04061082430917428,0.08358924328177411,-0.04297841897259983
39.25,0.06802007804102116,0.12303400113922829,-0.05501392309820713
39.300000000000004,0.0908841896451813,0.15483619791938083,-0.06395200827419953
39.35,0.09553387365748235,0.16686041230903118,-0.07132653865154882
39.400000000000006,0.07366753150101576,0.15032030904013974,-0.07665277753912397
39.45,0.02802862962751015,0.10129032615018482,-0.07326169652267467
39.5,-0.030517210970527755,0.021665713369260205,-0.05218292433978796
39.550000000000004,-0.08983031049818702,-0.0795782627459569,-0.010252047752230112
39.6,-0.14049131285774263,-0.18549921834376182,0.045007905486019184
39.650000000000006,-0.17491585982102137,-0.2718248210689654,0.09690896124794401
39.7,-0.18557748614164735,-0.3107362433217797,0.12515875718013234
39.75,-0.16720991310047556,-0.27970425889607553,0.11249434579559997
39.800000000000004,-0.12276067777263058,-0.17481813228970428,0.05205745451707369
39.85,-0.06715165086877847,-0.022007617441186025,-0.04514403342759245
39.900000000000006,-0.02280526320025731,0.12500570773990174,-0.14781097094015905
39.95,-0.007399499592341498,0.2065776773682668,-0.21397717696060828
40.0,-0.021953144005872276,0.19067555969187278,-0.21262870369774506
40.050000000000004,-0.0489786670935588,0.0960310135645018,-0.1450096806580606
40.1,-0.06371161820056008,-0.015351803312426011,-0.04835981488813407
40.150000000000006,-0.05118760543489697,-0.07580507686123904,0.024617471426342068
40.2,-0.016530851887801748,-0.054566778765227544,0.038035926877425796
40.25,0.019814347125863815,0.02615100328437909,-0.006336656158515273
40.300000000000004,0.03885965369752382,0.11306637236175046,-0.07420671866422665
40.35,0.039271565442544835,0.1628947270953712,-0.12362316165282636
40.400000000000006,0.04044949884365536,0.16981214877908046,-0.1293626499354251
40.45,0.06992605978749858,0.1610455944760827,-0.09111953468858411
40.5,0.14469253086284492,0.17084817647684492,-0.026155645613999995
40.550000000000004,0.2605212893551937,0.21863929122114595,0.04188199813404775
40.6,0.3963823145516511,0.3066169693948751,0.08976534515677603
40.650000000000006,0.5284832202583432,0.429160666199687,0.09932255405865614
40.7,0.6411111844813157,0.5760187179654919,0.06509246651582379
40.75,0.7257702663943454,0.7237636112234765,0.002006655170868843
40.800000000000004,0.7721740037495645,0.8297870445427712,-0.05761304079320673
40.85,0.7632429464232796,0.8460382457189478,-0.0827952992956682
40.900000000000006,0.6828586790039615,0.749865282246422,-0.06700660324246055
40.95,0.5321691374118213,0.5668628471490658,-0.034693709737244505
41.0,0.33962242491593536,0.361246356807714,-0.021623931891778636
41.050000000000004,0.15241342450403986,0.19616941921137912,-0.04375599470733926
41.1,0.011937319184190796,0.09478853680108204,-0.08285121761689124
41.150000000000006,-0.06940068138550651,0.03409151216362437,-0.10349219354913088
41.2,-0.11165550676570779,-0.025335273678472586,-0.0863202330872352
41.25,-0.1475480132314833,-0.10219780465690217,-0.045350208574581136
41.300000000000004,-0.1945071782651993,-0.1827827010329113,-0.011724477232288005
41.35,-0.24022590552581508,-0.24060650824203986,0.0003806027162247816
41.400000000000006,-0.2522222056137586,-0.26301249201529475,0.010790286401536175
41.45,-0.20258561609840856,-0.25649247606239267,0.053906859963984116
41.5,-0.08801913458583618,-0.22778831630771637,0.1397691817218802
41.550000000000004,0.06890276298095822,-0.1650288999323041,0.23393166291326234
41.6,0.2349002338620664,-0.04376714798400703,0.2786673818460734
41.650000000000006,0.382929433687029,0.1437617323956995,0.23916770129132947
41.7,0.49789170038724034,0.36393612505547335,0.133955575331767
41.75,0.5703684428934539,0.547954822163311,0.022413620730142858
41.800000000000004,0.5883922516192874,0.6274854470909123,-0.03909319547162482
41.85,0.5372736646601999,0.5716569500997807,-0.0343832854395808
41.900000000000006,0.40831401745167645,0.3974499086164506,0.010864108835225872
41.95,0.20840344691424,0.15060818542141372,0.057795261492826294
42.0,-0.03808864235902677,-0.1216722017546624,0.08358355939563562
42.050000000000004,-0.296732377294705,-0.3842398005130131,0.08750742321830812
42.1,-0.534073188667551,-0.6110964431008878,0.0770232544333368
42.150000000000006,-0.7252246496226696,-0.7802996588717728,0.055075009249103135
42.2,-0.855304445830417,-0.8778697661595218,0.022565320329104854
42.25,-0.916973233042776,-0.9056602658408569,-0.0113129672019191
42.300000000000004,-0.9077545451841965,-0.8795640401135255,-0.028190505070671
42.35,-0.8289806946996133,-0.8144954116982952,-0.014485283001318128
42.400000000000006,-0.6862173777169072,-0.7098011349445557,0.023583757227648494
42.45,-0.490651057880066,-0.5522244823027782,0.061573424422712186
42.5,-0.26108781588247365,-0.337028332638138,0.07594051675566432
42.550000000000004,-0.025267406147195897,-0.08786302242087736,0.06259561627368146
42.6,0.18220991828272035,0.14558625190901248,0.03662366637370787
42.650000000000006,0.32739362058273647,0.31290324880929354,0.014490371773442923
42.7,0.3882240024170111,0.38985225483497654,-0.0016282524179654367
42.75,0.36356512560977144,0.38431030750239115,-0.020745181892619702
42.800000000000004,0.27368346909021035,0.3195598468026171,-0.04587637771240677
42.85,0.15074787381533275,0.21465166663920818,-0.06390379282387543
42.900000000000006,0.024721096501655812,0.081363263584876,-0.05664216708322019
42.95,-0.08692345223439983,-0.06347126100471988,-0.023452191229679953
43.0,-0.18044475347356245,-0.18990277891651136,0.009458025442948909
43.050000000000004,-0.2594369947247513,-0.26646184847753773,0.007024853752786442
43.1,-0.3267067208352327,-0.283947066999558,-0.042759653835674705
43.150000000000006,-0.37974065975945154,-0.2670884181286632,-0.11265224163078835
43.2,-0.4111173709424099,-0.2580365064728083,-0.15308086446960162
43.25,-0.41192913309896734,-0.28220646229794505,-0.1297226708010223
43.300000000000004,-0.3758197012863324,-0.3255593871278017,-0.05026031415853072
43.35,-0.3024028287177033,-0.34391302961451076,0.04151020089680746
43.400000000000006,-0.19935941073378086,-0.29698412501142757,0.09762471427764671
43.45,-0.08207618173205644,-0.17900926155647712,0.09693307982442068
43.5,0.030073076946470767,-0.02270029988627439,0.05277337683274516
43.550000000000004,0.11978711411207801,0.12269039452208014,-0.0029032804100021237
43.6,0.17710681478084575,0.21891142137757494,-0.04180460659672919
43.650000000000006,0.20097098334455424,0.25279907282116687,-0.05182808947661263
43.7,0.1970383831694177,0.23404830221130413,-0.03700991904188641
43.75,0.1745951727803833,0.18631196877063932,-0.011716795990256018
43.800000000000004,0.14505111272094262,0.1394488164254354,0.005602296295507209
43.85,0.1213316932114149,0.12167758266230468,-0.00034588945088977197
43.900000000000006,0.11520842776528113,0.1480767171908298,-0.03286828942554866
43.95,0.1315358007961933,0.2096520500152091,-0.0781162492190158
44.0,0.16308898508292843,0.2740085885306822,-0.11091960344775378
44.050000000000004,0.19192777093838123,0.30292973114322447,-0.11100196020484324
44.1,0.1992398229376253,0.27689491564343544,-0.07765509270581014
44.150000000000006,0.17796795716882594,0.20760408038778488,-0.02963612321895895
44.2,0.13840749824126172,0.12820672276584136,0.010200775475420365
44.25,0.10131959966741988,0.07021742230521401,0.03110217736220587
44.300000000000004,0.08311657071362652,0.04698960337424315,0.03612696733938337
44.35,0.08461612011502563,0.05507692129387563,0.029539198821149998
44.400000000000006,0.09215869821039041,0.08610249375887188,0.0060562044515185265
44.45,0.08959444479518895,0.13289310281975095,-0.043298658024561995
44.5,0.07084449616198256,0.1837333050396562,-0.11288880887767365
44.550000000000004,0.043105146130672505,0.2156683632979447,-0.1725632171672722
44.6,0.019481524365621415,0.20166735224801693,-0.1821858278823955
44.650000000000006,0.008653449810482194,0.1313105857652065,-0.1226571359547243
44.7,0.010382389132009388,0.026434954908983035,-0.016052565776973646
44.75,0.01913704111869557,-0.06698605330670072,0.0861230944253963
44.800000000000004,0.030719998054584516,-0.10858033157040752,0.13930032962499203
44.85,0.045296193433006546,-0.09091621051560644,0.136212403948613
44.900000000000006,0.0650352035549104,-0.040502406947757585,0.10553761050266798
44.95,0.09012441639129283,0.007961695647834222,0.08216272074345861
45.0,0.11776177977827579,0.04009550915787111,0.07766627062040468
45.050000000000004,0.14478884187153157,0.06786531472375365,0.07692352714777792
45.1,0.17046951574311825,0.11058156576281027,0.05988794998030798
45.150000000000006,0.19576416573435804,0.1717504941570271,0.024013671577330947
45.2,0.21911314093027964,0.23376706847926573,-0.01465392754898609
45.25,0.2324520950347462,0.2719529797619491,-0.039500884727202895
45.300000000000004,0.2215842074641762,0.2702834281713584,-0.04869922070718222
45.35,0.17205754584381625,0.22335318297522008,-0.05129563713140384
45.400000000000006,0.07785797291299666,0.12842225532472848,-0.05056428241173182
45.45,-0.051943923186347815,-0.015606658837676434,-0.03633726434867138
45.5,-0.1929607566428962,-0.19479089216251516,0.0018301355196189695
45.550000000000004,-0.3131321228456519,-0.3666724196037688,0.05354029675811689
45.6,-0.38535891820394,-0.46933617867635935,0.08397726047241932
45.650000000000006,-0.3984574615061136,-0.4569851347136194,0.05852767320750579
45.7,-0.3594530152228189,-0.3366173646703508,-0.022835650552468112
45.75,-0.28515371003974316,-0.17124279565002035,-0.11391091438972281
45.800000000000004,-0.18885288462191885,-0.03981588242536441,-0.14903700219655444
45.85,-0.0727343299626352,0.017542484480633332,-0.09027681444326853
45.900000000000006,0.06718117249189069,0.02467269477481574,0.04250847771707495
45.95,0.22737963530755054,0.04408650551002612,0.18329312979752443
46.0,0.38707838814713524,0.12313388511220724,0.263944503034928
46.050000000000004,0.5128998244852447,0.25645214163357916,0.2564476828516656
46.1,0.576035697531428,0.3926441848376516,0.1833915126937764
46.150000000000006,0.5678112430122781,0.47367796743702567,0.09413327557525247
46.2,0.4999223608481571,0.47047493037532856,0.02944743047282855
46.25,0.3895027491636808,0.38839249712416213,0.0011102520395186444
46.300000000000004,0.24396315648382982,0.2479468204701988,-0.003983663986368985
46.35,0.06128847675442042,0.06673240441042542,-0.0054439276560050015
46.400000000000006,-0.15390654098270543,-0.1399640171199447,-0.013942523862760736
46.45,-0.37541646654014743,-0.34723970360471246,-0.028176762935434974
46.5,-0.5596850048519865,-0.5181454450739709,-0.0415395597780156
46.550000000000004,-0.6696984905886096,-0.6199811811570407,-0.049717309431568935
46.6,-0.6986746766832856,-0.6457764854343124,-0.052898191248973214
46.650000000000006,-0.6713034877416318,-0.6186822866925029,-0.05262120104912893
46.7,-0.6199971094011649,-0.5721552934537101,-0.04784181594745485
46.75,-0.557448808468481,-0.5225030722786768,-0.03494573618980423
46.800000000000004,-0.471237978684862,-0.4584781810085258,-0.012759797676336226
46.85,-0.34556757980695985,-0.35704061491474093,0.011473035107781082
46.900000000000006,-0.18858652404897663,-0.21054932658976802,0.021962802540791387
46.95,-0.03729226771098555,-0.04118065103615697,0.0038883833251714198
47.0,0.06693786829137569,0.10906687264057535,-0.04212900434919967
47.050000000000004,0.11031356833798871,0.20320417468663282,-0.09289060634864411
47.1,0.11586815071505642,0.22903816481380188,-0.11317001409874546
47.150000000000006,0.12074352153586687,0.20148392730702025,-0.08074040577115338
47.2,0.14274597482806206,0.15014448892193533,-0.007398514093873265
47.25,0.16757323287829076,0.1034208738194653,0.06415235905882546
47.300000000000004,0.1678354061217508,0.0778391231551681,0.0899962829665827
47.35,0.13402882109569203,0.0745207727771641,0.059508048318527934
47.400000000000006,0.08644055240592362,0.08165178228467909,0.004788770121244526
47.45,0.056529925198202324,0.0824280776838386,-0.025898152485636275
47.5,0.05706521951828522,0.06684609785583988,-0.009780878337554658
47.550000000000004,0.07145267863112365,0.04117871394525016,0.030273964685873483
47.6,0.07309954524660654,0.0266985570484,0.04640098819820654
47.650000000000006,0.05497615555357058,0.045234272584925336,0.00974188296864524
47.7,0.03871954247847833,0.10072457400039805,-0.062005031521919725
47.75,0.052838140056269786,0.1720304279101172,-0.1191922878538474
47.800000000000004,0.10089531603358352,0.22479947725687394,-0.12390416122329041
47.85,0.15166446662839606,0.2340794464623089,-0.08241497983391285
47.900000000000006,0.16270568975945418,0.19943679330910558,-0.036731103549651395
47.95,0.11651084297375935,0.1407389907576766,-0.024228147783917242
48.0,0.03588978554243158,0.08008237659762532,-0.04419259105519374
48.050000000000004,-0.03526335367038976,0.027145047798620682,-0.062408401469010444
48.1,-0.06736578087005818,-0.019726723714718508,-0.04763905715533967
48.150000000000006,-0.06426969984906211,-0.0607898088134053,-0.0034798910356568097
48.2,-0.05075154751571304,-0.0859105201410878,0.035158972625374756
48.25,-0.043526619917883584,-0.0798671671240212,0.036340547206137615
48.300000000000004,-0.03512038379062287,-0.03707739862504569,0.0019570148344228225
48.35,-0.0051053689113583,0.029226342749450792,-0.03433171166080909
48.400000000000006,0.05459634235757078,0.09315660181544974,-0.03856025945787896
48.45,0.12672444458880197,0.13272789176512476,-0.006003447176322785
48.5,0.18088748529747226,0.142538294225316,0.03834919107215626
48.550000000000004,0.1984911960257215,0.1329450914273073,0.0655461045984142
48.6,0.1861261721860983,0.11891233314203131,0.067213839044067
48.650000000000006,0.16559750630519887,0.10956486080287901,0.05603264550231986
48.7,0.15181604316408157,0.10583541471620278,0.045980628447878785
48.75,0.14033908667021167,0.10423708938022472,0.03610199728998695
48.800000000000004,0.11516113350145006,0.10025764222384587,0.014903491277604194
48.85,0.06702835244900171,0.08866610366063472,-0.021637751211633013
48.900000000000006,0.0036054627879356692,0.06381196571161135,-0.06020650292367568
48.95,-0.05710722288754972,0.023055814142540203,-0.08016303703008992
49.0,-0.1013827768678329,-0.02894229966041607,-0.07244047720741682
49.050000000000004,-0.12698933868979081,-0.08062187117371221,-0.046367467516078606
49.1,-0.13721798608906474,-0.12001421296836919,-0.017203773120695556
49.150000000000006,-0.13052600499278058,-0.14135961529241797,0.010833610299637392
49.2,-0.09871793690408184,-0.14456049649864655,0.04584255959456471
49.25,-0.03657114420679193,-0.12803663164017431,0.09146548743338238
49.300000000000004,0.047125304025404366,-0.08449951186782997,0.13162481589323433
49.35,0.12933279931129502,-0.008026389714963878,0.1373591890262589
49.400000000000006,0.18497501135937075,0.09152502968792678,0.09344998167144397
49.45,0.2010691242509093,0.1820358456468057,0.019033278604103615
49.5,0.1807468489608796,0.2224337578456964,-0.0416869088848168
49.550000000000004,0.13529847604067802,0.18978044657081372,-0.054481970530135704
49.6,0.0735290784897434,0.0982419972413548,-0.0247129187516114
49.650000000000006,-0.0011010910300602575,-0.00866102762640856,0.007559936596348303
49.7,-0.0842364909825834,-0.08890214829789556,0.004665657315312155
49.75,-0.16363627363187871,-0.1307758812087702,-0.03286039242310851
49.800000000000004,-0.220377582205637,-0.15487868832936671,-0.06549889387627028
49.85,-0.23873960898718083,-0.1879355548546529,-0.05080405413252792
49.900000000000006,-0.21653876764532598,-0.2328439563125852,0.01630518866725922
49.95,-0.16701447884110457,-0.262960368444276,0.09594588960317144
50.0,-0.11074792986992124,-0.24627277409165282,0.13552484422173158
50.050000000000004,-0.06418997198340569,-0.17727891452781694,0.11308894254441125
50.1,-0.033162989637176045,-0.08705278076454238,0.05388979112736634
50.150000000000006,-0.014691752107696096,-0.021836985529386187,0.007145233421690092
50.2,-0.003952086523449887,-0.008847727276310002,0.004895640752860115
50.25,-0.00030065910213624835,-0.03869090107852413,0.038390241976387886
50.300000000000004,-0.008303550608374176,-0.07785586084461739,0.06955231023624321
50.35,-0.033742907718135075,-0.09795865041873808,0.06421574270060301
50.400000000000006,-0.07772235143687063,-0.09548604561662259,0.01776369417975196
50.45,-0.1329322536244509,-0.0871228193572102,-0.04580943426724071
50.5,-0.18491221246200806,-0.08886038621220625,-0.09605182624980181
50.550000000000004,-0.2181920950852707,-0.10000887190031224,-0.11818322318495847
50.6,-0.22367776251378893,-0.10554898863230532,-0.11812877388148361
50.650000000000006,-0.2020019728263745,-0.09155068260052668,-0.11045129022584782
50.7,-0.16001983694219593,-0.057247935849039894,-0.10277190109315604
50.75,-0.10334700315410045,-0.01310263191241708,-0.09024437124168337
50.800000000000004,-0.032115854815409677,0.03081931238236705,-0.06293516719777673
50.85,0.05490943903950782,0.07304385295900086,-0.01813441391949304
50.900000000000006,0.15066092785257282,0.11746938405283042,0.0331915437997424
50.95,0.2343098504077546,0.1632842993014555,0.0710255511062991
51.0,0.2781911735355958,0.19952819502585623,0.07866297850973958
51.050000000000004,0.2647806093650925,0.21080177257878738,0.053978836786305134
51.1,0.20086673213647913,0.18937209415956627,0.011494637976912858
51.150000000000006,0.1160233224082065,0.14261070700502618,-0.026587384596819683
51.2,0.04462002252142156,0.08898399323946868,-0.04436397071804712
51.25,0.00483140313859083,0.046054147171674054,-0.04122274403308322
51.300000000000004,-0.008753560415885119,0.02051484338538887,-0.02926840380127399
51.35,-0.013866926729058919,0.007757621017306103,-0.021624547746365023
51.400000000000006,-0.021697423120131034,-7.032548831933579e-05,-0.021627097631811698
51.45,-0.02739186286389378,-0.005260713338072354,-0.022131149525821424
51.5,-0.01725322871343668,-0.002324724467183066,-0.014928504246253613
51.550000000000004,0.015866849072691886,0.01655350291724791,-0.0006866538445560247
51.6,0.0644417022416224,0.05362166724125064,0.010820035000371764
51.650000000000006,0.11274549887139036,0.10189627561925035,0.010849223252140008
51.7,0.1505741229463658,0.1485120445413989,0.0020620784049668883
51.75,0.18017453404075348,0.18223646586533795,-0.002061931824584473
51.800000000000004,0.20986863140987394,0.19932173012346208,0.010546901286411864
51.85,0.24153307763515924,0.20348056588367464,0.03805251175148461
51.900000000000006,0.2650724113682244,0.20045536420260038,0.06461704716562403
51.95,0.2656144057640704,0.1917750466418621,0.07383935912220832
52.0,0.23623973766300038,0.17277828875013995,0.06346144891286043
52.050000000000004,0.18371942309035844,0.13649332764522842,0.04722609544513001
52.1,0.12198916542787477,0.08022171712520124,0.04176744830267354
52.150000000000006,0.06019447742591334,0.009444601971735406,0.05074987545417794
52.2,-0.0031032676290886833,-0.06421997971908411,0.061116712089995424
52.25,-0.07479969210467977,-0.12954893351516603,0.05474924141048626
52.300000000000004,-0.15733037086566168,-0.18182785555626074,0.024497484690599064
52.35,-0.2440078732850557,-0.22422704278921216,-0.019780830495843532
52.400000000000006,-0.3233571948525772,-0.2639693962761101,-0.05938779857646709
52.45,-0.38695543473006616,-0.306485038004353,-0.08047039672571316
52.5,-0.4326920451047783,-0.35138295948488996,-0.08130908561988837
52.550000000000004,-0.46131048577879763,-0.3919033673253437,-0.06940711845345393
52.6,-0.47141476799384713,-0.4171229723885324,-0.05429179560531472
52.650000000000006,-0.4588738646409388,-0.4155366931400894,-0.043337171500849425
52.7,-0.4205757085268613,-0.3791995086736275,-0.04137619985323382
52.75,-0.3571219332523239,-0.30754849345348256,-0.04957343979884132
52.800000000000004,-0.27065407144808074,-0.2089419608323446,-0.06171211061573614
52.85,-0.16068081619461363,-0.0977405440899988,-0.06294027210461484
52.900000000000006,-0.024507533688717862,0.012754134503381847,-0.03726166819209971
52.95,0.1354235781895507,0.1171700004238602,0.018253577765690504
53.0,0.303326795824117,0.21883528980696138,0.0844915060171556
53.050000000000004,0.4502615201892771,0.3222617036669806,0.12799981652229653
53.1,0.5455481618870544,0.42217568562005836,0.12337247626699599
53.150000000000006,0.5717397965800667,0.498247729095718,0.07349206748434867
53.2,0.5313639514354299,0.5216198927095655,0.009744058725864368
53.25,0.44055321083313215,0.4705072048045196,-0.029953993971387427
53.300000000000004,0.3162931019161083,0.34463655273119165,-0.028343450815083326
53.35,0.1691197223605375,0.16850775244801117,0.0006119699125263223
53.400000000000006,0.006803819902335039,-0.018674668513507017,0.025478488415842056
53.45,-0.15676416840757734,-0.17952747415736361,0.022763305749786272
53.5,-0.29838942815818553,-0.2913771740255343,-0.007012254132651219
53.550000000000004,-0.3930548876604466,-0.3494937688381159,-0.04356111882233071
53.6,-0.426270745219479,-0.36163521004528904,-0.06463553517418996
53.650000000000006,-0.4006746290372236,-0.33925537544125,-0.06141925359597361
53.7,-0.3318532245183036,-0.29066932223409364,-0.04118390228420998
53.75,-0.23830210574930938,-0.21897827311242898,-0.019323832636880395
53.800000000000004,-0.13471973846039142,-0.1250683217978821,-0.009651416662509321
53.85,-0.03270743550591764,-0.013884769728364789,-0.01882266577755285
53.900000000000006,0.05556320331778747,0.1000497597224765,-0.04448655640468903
53.95,0.11789793861870625,0.19306632496214143,-0.07516838634343519
54.0,0.14831588612065896,0.24141259558127803,-0.09309670946061907
54.050000000000004,0.1527020553749583,0.23512209583452928,-0.08242004045957099
54.1,0.14647796676044697,0.18688689767767147,-0.0404089309172245
54.150000000000006,0.14414469139472785,0.12715698622787866,0.016987705166849193
54.2,0.14907620989285003,0.08631234924190712,0.06276386065094292
54.25,0.15289986503071626,0.07608159639609516,0.0768182686346211
54.300000000000004,0.1456014380705668,0.08489958646536244,0.06070185160520436
54.35,0.127570383179205,0.09152365204786254,0.03604673113134245
54.400000000000006,0.11251866132650096,0.0857372626600096,0.02678139866649136
54.45,0.11791478618768836,0.07817165444760614,0.03974313174008222
54.5,0.15044500835851513,0.09025352956298766,0.06019147879552747
54.550000000000004,0.19845914436923176,0.1328284914269306,0.06563065294230117
54.6,0.23770326282882387,0.19240130971275626,0.045301953116067606
54.650000000000006,0.2460282351859544,0.23746063178408788,0.00856760340186652
54.7,0.21614327593353702,0.2397507808619813,-0.023607504928444267
54.75,0.15779558321698753,0.19268737519745346,-0.034891791980465936
54.800000000000004,0.08930569754261335,0.11267075516197099,-0.023365057619357643
54.85,0.025928147878671794,0.024767252549455086,0.001160895329216708
54.900000000000006,-0.026469033570195283,-0.053018585161549274,0.02654955159135399
54.95,-0.0692308054206273,-0.11422661139468664,0.04499580597405933
55.0,-0.10391339327680572,-0.15735976479907976,0.053446371522274036
55.050000000000004,-0.12727143198945365,-0.17892009805710946,0.05164866606765581
55.1,-0.1326564039808967,-0.17482542057581146,0.04216901659491476
55.150000000000006,-0.11660741469477448,-0.14790923154359026,0.03130181684881578
55.2,-0.08493614340879863,-0.11149191406796014,0.02655577065916151
55.25,-0.05265988324408203,-0.08294458664658685,0.030284703402504824
55.300000000000004,-0.03675501599870082,-0.07228900874062345,0.035533992741922635
55.35,-0.04648081448235481,-0.076980258832884,0.030499444350529183
55.400000000000006,-0.07841610262908978,-0.08824448523396168,0.0098283826048719
55.45,-0.12012391214233713,-0.10251365108952776,-0.01761026105280937
55.5,-0.15969000691100882,-0.12602402256824236,-0.033665984342766464
55.550000000000004,-0.19357292913713484,-0.16746594210025476,-0.02610698703688008
55.6,-0.2264688823571965,-0.22584962254361038,-0.000619259813586126
55.650000000000006,-0.26352777992779525,-0.28590735317359295,0.0223795732457977
55.7,-0.30179657723870945,-0.3260955038955156,0.024298926656806163
55.75,-0.328531672183459,-0.33201980509714357,0.0034881329136845496
55.800000000000004,-0.32821964215669913,-0.3032812278903572,-0.024938414266341913
55.85,-0.29277724043724235,-0.24889892024755178,-0.04387832018969057
55.900000000000006,-0.22685995208182871,-0.17783310184857284,-0.04902685023325587
55.95,-0.14450668134278866,-0.09489859321173244,-0.049608088131056216
56.0,-0.06041355514780175,-0.005040323155312015,-0.05537323199248974
56.050000000000004,0.017240793054735134,0.08117021082373382,-0.06392941776899869
56.1,0.08790311904475204,0.14971682548557563,-0.061813706440823596
56.150000000000006,0.15463079206288635,0.1931774402858694,-0.03854664822298304
56.2,0.2192629981721307,0.2188542429627607,0.0004087552093700042
56.25,0.2801048851549218,0.24505764574311883,0.03504723941180299
56.300000000000004,0.3323307194640887,0.2863236347667115,0.04600708469737719
56.35,0.3696138086339882,0.3396674646761698,0.029946343957818367
56.400000000000006,0.38615401054308784,0.3844425966099978,0.0017114139330900446
56.45,0.37917129322983417,0.39690417129652444,-0.017732878066690272
56.5,0.35112148225294426,0.36769444462327217,-0.016572962370327904
56.550000000000004,0.30941649571309787,0.30805121442640676,0.0013652812866911113
56.6,0.262143415689536,0.2404700110859273,0.02167340460360867
56.650000000000006,0.21188127379266125,0.18237774172972795,0.029503532062933296
56.7,0.15292433639674552,0.13580272216012523,0.017121614236620286
56.75,0.07580629703357457,0.08939346846863765,-0.013587171435063078
56.800000000000004,-0.023104554719597305,0.028808413184260737,-0.05191296790385804
56.85,-0.1346670530081951,-0.05327039373194066,-0.08139665927625443
56.900000000000006,-0.2393418991431801,-0.15303752173326246,-0.08630437740991764
56.95,-0.3177998728572291,-0.25697208070545097,-0.06082779215177814
57.0,-0.36112917504333064,-0.3458144581504225,-0.015314716892908142
57.050000000000004,-0.37215738856493535,-0.39973880703588466,0.027581418470949304
57.1,-0.35769751501242864,-0.40485200424367956,0.04715448923125093
57.150000000000006,-0.3201894711713207,-0.3595636942842259,0.03937422311290523
57.2,-0.2575832724361023,-0.27677177050913565,0.019188498073033355
57.25,-0.1716777907130259,-0.1787164357547243,0.007038645041698377
57.300000000000004,-0.07590895179024139,-0.08670178520750316,0.010792833417261768
57.35,0.006803188247672367,-0.012865133841562338,0.019668322089234705
57.400000000000006,0.05623919763385851,0.03997566463726218,0.01626353299659633
57.45,0.06715194137790362,0.07165459405162508,-0.004502652673721463
57.5,0.050927436962176095,0.07906479564715886,-0.028137358684982766
57.550000000000004,0.025472677444606184,0.05846233020828759,-0.032989652763681404
57.6,0.0027924065443147464,0.014016118184643595,-0.011223711640328848
57.650000000000006,-0.01488716803666071,-0.03671560961953742,0.02182844158287671
57.7,-0.028572786116660802,-0.06833888803490418,0.039766101918243375
57.75,-0.033931524343062985,-0.06212886292933058,0.028197338586267592
57.800000000000004,-0.020515166042235466,-0.0180577312468143,-0.002457434795421168
57.85,0.0198562617325782,0.04622480606285135,-0.02636854433027315
57.900000000000006,0.08372934116689004,0.10891780350268723,-0.02518846233579719
57.95,0.15493907151443806,0.15832099418456236,-0.003381922670124299
58.0,0.2130543504612438,0.19551315834644048,0.017541192114803317
58.050000000000004,0.24386582947752025,0.2242753159652729,0.01959051351224736
58.1,0.24359607766425295,0.23945030056057343,0.0041457771036795266
58.150000000000006,0.21558199806063033,0.22656308499835573,-0.010981086937725398
58.2,0.1652097139448013,0.17445115460833097,-0.009241440663529665
58.25,0.09873262803048997,0.08924067297835873,0.00949195505213124
58.300000000000004,0.025384939990700954,-0.004643437941908743,0.030028377932609696
58.35,-0.04245338510129324,-0.07940728616632986,0.03695390106503662
58.400000000000006,-0.0939463782155558,-0.12262662201119612,0.02868024379564031
58.45,-0.12573670519422647,-0.1431931404762109,0.017456435281984428
58.5,-0.14265264096309602,-0.1589537632038386,0.016301122240742594
58.550000000000004,-0.15143172636305616,-0.17743346074969313,0.02600173438663697
58.6,-0.15329497436349945,-0.1879347246574673,0.03463975029396785
58.650000000000006,-0.14318975896648062,-0.17306708337191543,0.029877324405434807
58.7,-0.11701577576723898,-0.12917447560883383,0.012158699841594844
58.75,-0.07951650905621223,-0.075477539758901,-0.0040389692973112346
58.800000000000004,-0.0439924159022106,-0.04093366997368125,-0.0030587459285293453
58.85,-0.022797907524325284,-0.03854151826685667,0.01574361074253139
58.900000000000006,-0.017121914763311496,-0.050313763030481747,0.033191848267170254
58.95,-0.015973773623253796,-0.0389893362947897,0.023015562671535903
59.0,-0.005774098843259094,0.02043537262943375,-0.02620947147269284
59.050000000000004,0.01817185546394608,0.11525029895064831,-0.09707844348670223
59.1,0.048665125510424345,0.19884548160228996,-0.1501803560918656
59.150000000000006,0.07402933881986867,0.22342277295552296,-0.14939343413565428
59.2,0.0880862868132898,0.17640285573550527,-0.08831656892221547
59.25,0.0933017809394596,0.0909643973734086,0.002337383566050996
59.300000000000004,0.09544935799581097,0.02180674644111783,0.07364261155469315
59.35,0.09665706569793095,0.0056602649724008525,0.0909968007255301
59.400000000000006,0.09426359124507835,0.03801124864775874,0.056252342597319614
59.45,0.08565052735936911,0.08296333915035631,0.0026871882090128
59.5,0.07257462563239774,0.10519611608212791,-0.03262149044973017
59.550000000000004,0.05978389733585316,0.09599854781960128,-0.03621465048374812
59.6,0.050033974187192416,0.0733091697611353,-0.023275195573942885
59.650000000000006,0.042282177869194526,0.060048338748197976,-0.01776616087900345
59.7,0.03610827208836981,0.06320676689167426,-0.02709849480330445
59.75,0.03729262712601691,0.07246180368307649,-0.03516917655705958
59.800000000000004,0.056535385080057336,0.07662852811503142,-0.02009314303497408
59.85,0.09989678006677181,0.07919455407416222,0.020702225992609596
59.900000000000006,0.1593127819146359,0.09633586091596825,0.06297692099866765
59.95,0.21361414902674747,0.1390253189549612,0.07458883007178627
60.0,0.2413162705377959,0.1969027610781216,0.04441350945967429
60.050000000000004,0.2345754825522713,0.24014032542590052,-0.005564842873629211
60.1,0.2015420776478315,0.23862699756455233,-0.03708491991672083
60.150000000000006,0.1550992318060887,0.1820544781878557,-0.026955246381766995
60.2,0.09946860917621408,0.08458046017791442,0.014888148998299669
60.25,0.02857538805453289,-0.02751165352621922,0.05608704158075211
60.300000000000004,-0.061766954161046585,-0.13225603500696767,0.07048908084592109
60.35,-0.16043804201857692,-0.2188045842145945,0.058366542196017585
60.400000000000006,-0.24143498609305658,-0.28269208174524335,0.04125709565218677
60.45,-0.2803059486682789,-0.3191074514003284,0.03880150273204952
60.5,-0.2727672622451797,-0.32344867843379166,0.05068141618861194
60.550000000000004,-0.23853480149691564,-0.29822188115392984,0.0596870796570142
60.6,-0.20663824408343198,-0.2571029577957571,0.05046471371232511
60.650000000000006,-0.19540739168198723,-0.21965849709642862,0.024251105414441393
60.7,-0.20446490558338193,-0.2004493669023865,-0.00401553868099544
60.75,-0.22360728956871906,-0.20247312566283643,-0.02113416390588263
60.800000000000004,-0.24701673276232014,-0.22022366157976583,-0.026793071182554307
60.85,-0.27717828078988377,-0.24730495196387192,-0.029873328826011847
60.900000000000006,-0.3148800800239102,-0.27912436797298956,-0.03575571205092065
60.95,-0.34720125844204774,-0.3078116126463068,-0.039389645795740946
61.0,-0.34843442194782487,-0.3168848725842693,-0.031549549363555585
61.050000000000004,-0.2961766989411078,-0.28534025350953934,-0.010836445431568476
61.1,-0.1890943962780942,-0.20133091254423222,0.012236516266138003
61.150000000000006,-0.05001710538907772,-0.0739785456617665,0.023961440272688775
61.2,0.08885438791998132,0.06895886956302541,0.01989551835695591
61.25,0.20548830953780725,0.1975264569253434,0.007961852612463849
61.300000000000004,0.29545570285700046,0.296313235158133,-0.0008575323011325575
61.35,0.362654473924043,0.36672259845014604,-0.004068124526103056
61.400000000000006,0.40472198262845355,0.413782515442694,-0.009060532814240463
61.45,0.4088114494714683,0.43185045183845683,-0.023039002366988526
61.5,0.36233356608984935,0.4049712911951983,-0.04263772510534897
61.550000000000004,0.2681278080964513,0.3230774945811796,-0.05494968648472831
61.6,0.149027205719712,0.19872245602501318,-0.04969525030530117
61.650000000000006,0.0367559717064184,0.0670591657828875,-0.030303194076469094
61.7,-0.045562683009315874,-0.033256853215439704,-0.01230582979387617
61.75,-0.09292809503785071,-0.08287855314279995,-0.010049541895050765
61.800000000000004,-0.11382145227808013,-0.089483220236301,-0.024338232041779137
61.85,-0.11797765284440512,-0.0754444443689639,-0.04253320847544122
61.900000000000006,-0.10841450903935011,-0.05812755996266214,-0.05028694907668797
61.95,-0.0834712666640367,-0.04027501807437259,-0.043196248589664116
62.0,-0.044286159525214926,-0.01644313987476135,-0.027843019650453577
62.050000000000004,0.0012122018311994968,0.014114781419548578,-0.012902579588349082
62.1,0.04185112562402768,0.04223632620163713,-0.0003852005776094486
62.150000000000006,0.070194503287438,0.05578456235362915,0.014409940933808846
62.2,0.08577092010317375,0.050383931286648906,0.03538698881652484
62.25,0.09177460624439941,0.03262761536364129,0.05914699088075812
62.300000000000004,0.08921646248408875,0.01319119498191564,0.07602526750217312
62.35,0.07471901225941235,-0.002325581128457233,0.07704459338786959
62.400000000000006,0.04408710514428913,-0.015783614059697925,0.05987071920398705
62.45,-0.002052492179873924,-0.03128686564746789,0.029234373467593965
62.5,-0.05612283371219204,-0.04954434773681115,-0.006578485975380889
62.550000000000004,-0.10706698204564574,-0.06820999226346769,-0.03885698978217805
62.6,-0.1463708747060128,-0.08664400291648648,-0.059726871789526306
62.650000000000006,-0.17159152938933295,-0.10790815922244812,-0.06368337016688483
62.7,-0.18485074897892556,-0.1340448428354335,-0.05080590614349206
62.75,-0.18807727137966293,-0.15913086362134232,-0.028946407758320608
62.800000000000004,-0.17916080025370854,-0.16852502984698145,-0.010635770406727085
62.85,-0.15209491444555717,-0.1472310691216772,-0.004863845323879984
62.900000000000006,-0.10103306507068356,-0.09086613714272052,-0.010166927927963046
62.95,-0.02549729032944614,-0.009440034743314615,-0.016057255586131525
63.0,0.0666374613101182,0.0792415491921737,-0.012604087882055498
63.050000000000004,0.1603233619141301,0.15998184344633812,0.0003415184677919847
63.1,0.23820059513120323,0.22502134985653477,0.01317924527466846
63.150000000000006,0.28659747014111897,0.27067458604623845,0.01592288409488052
63.2,0.2995562255265253,0.2919681480189504,0.007588077507574897
63.25,0.27908805714960383,0.2828158819347267,-0.0037278247851228463
63.300000000000004,0.23230594553075082,0.24199481052491534,-0.00968886499416452
63.35,0.1679459232442138,0.17768467990644662,-0.009738756662232811
63.400000000000006,0.09461466882305206,0.10424989234776107,-0.00963522352470901
63.45,0.021063469592417377,0.03351948325899372,-0.012456013666576341
63.5,-0.043259746256564834,-0.030502159311238668,-0.012757586945326166
63.550000000000004,-0.08927645866449561,-0.08770698709010902,-0.0015694715743865967
63.6,-0.11100982958300362,-0.13315992908341404,0.022150099500410414
63.650000000000006,-0.1080607406785738,-0.15425580923175009,0.04619506855317629
63.7,-0.08578586050484101,-0.1391902693753386,0.05340440887049759
63.75,-0.05293883730358407,-0.09001451057930016,0.037075673275716085
63.800000000000004,-0.01842170707274599,-0.02705875322221851,0.00863704614947252
63.85,0.010986905581757134,0.021714069412414255,-0.01072716383065712
63.900000000000006,0.03136752315844495,0.03871041181567373,-0.007342888657228777
63.95,0.04148170352609533,0.02678986920019376,0.01469183432590157
64.0,0.04223048531526926,0.003103620574769959,0.0391268647404993
64.05,0.03562762712188579,-0.016705824832764293,0.052333451954650084
64.10000000000001,0.02328906889018042,-0.02907957420244837,0.052368643092628786
64.15,0.005459779368934958,-0.03944008165851122,0.044899861027446177
64.2,-0.018064138565554562,-0.05119349044607157,0.03312935188051701
64.25,-0.045344626558747415,-0.059991104193416314,0.014646477634668899
64.3,-0.07058753184749765,-0.059519364371732136,-0.011068167475765514
64.35000000000001,-0.0860305137976046,-0.05150629923095398,-0.03452421456665062
64.4,-0.08696923962997191,-0.04706084873107323,-0.03990839089889868
64.45,-0.07555455311358941,-0.05536162673167156,-0.02019292638191785
64.5,-0.05887011583576659,-0.07021593710687918,0.01134582127111259
64.55,-0.04184599384528299,-0.06968293652780189,0.0278369426825189
64.60000000000001,-0.021492267010183214,-0.03271484650437755,0.011222579494194338
64.65,0.010748153200181128,0.04025893282056546,-0.02951077962038433
64.7,0.058858342060985565,0.121861463877476,-0.06300312181649043
64.75,0.11322959883112456,0.17450528039209934,-0.06127568156097478
64.8,0.15277614218891689,0.17683520352182935,-0.024059061332912468
64.85000000000001,0.1590228953345095,0.13818974644788534,0.02083314888662416
64.9,0.13109091283507246,0.08929118440078501,0.04179972843428745
64.95,0.08756077941197786,0.05748620886241633,0.03007457054956153
65.0,0.05166062028911845,0.04722282041608096,0.004437799873037489
65.05,0.03164612936127608,0.04067912713890103,-0.009032997777624951
65.10000000000001,0.014106227481696352,0.01573522228152837,-0.0016289947998320183
65.15,-0.022537028169482325,-0.03508171708560676,0.012544688916124438
65.2,-0.08539485640340293,-0.09949859421849985,0.014103737815096926
65.25,-0.15578548496338315,-0.15571569200485735,-6.979295852579948e-05
65.3,-0.20058736149174852,-0.1872178026547755,-0.013369558836973022
65.35000000000001,-0.19755748885937208,-0.19033175981677447,-0.007225729042597606
65.4,-0.15296765815377567,-0.17134951504392343,0.018381856890147763
65.45,-0.09626654569853578,-0.13904322566156435,0.04277667996302857
65.5,-0.05662496471293664,-0.10003422704758785,0.043409262334651214
65.55,-0.04188810568987755,-0.059275299578166366,0.017387193888288813
65.60000000000001,-0.037524889769374604,-0.022378702939088606,-0.015146186830285999
65.65,-0.02472289483271478,0.004173773900782812,-0.028896668733497593
65.7,1.9645433780727205e-05,0.01547612893695325,-0.015456483503172523
65.75,0.021558642932969038,0.010769578452718124,0.010789064480250915
65.8,0.020980022155980917,-0.006148949709845228,0.027128971865826145
65.85000000000001,-0.0058989384626703095,-0.028589610742902102,0.02269067228023179
65.9,-0.04336508759713734,-0.049142116260538674,0.00577702866340133
65.95,-0.06805796685891233,-0.061434496368826655,-0.006623470490085673
66.0,-0.06723382314076434,-0.061732827981549235,-0.005500995159215108
66.05,-0.047434164065082364,-0.050481128518590074,0.0030469644535077098
66.10000000000001,-0.027483811490441892,-0.03270285079706593,0.00521903930662404
66.15,-0.02319119733743984,-0.015984070179970028,-0.007207127157469812
66.2,-0.03657538589400653,-0.006500873912528959,-0.03007451198147757
66.25,-0.05668098374748461,-0.005661565897127315,-0.051019417850357296
66.3,-0.06891728564588319,-0.00992216043898109,-0.0589951252069021
66.35000000000001,-0.06446814678013443,-0.013765646136940058,-0.05070250064319438
66.4,-0.04367794937012672,-0.013120622756645307,-0.030557326613481414
66.45,-0.013267577558544496,-0.006425777873285734,-0.006841799685258762
66.5,0.018940272948420604,0.006779008929397171,0.012161264019023434
66.55,0.04820896568984982,0.027268179649369638,0.020940786040480185
66.60000000000001,0.07427059287234988,0.055352515712603204,0.01891807715974668
66.65,0.09955080294175758,0.08850563177270641,0.011045171169051168
66.7,0.12491740265190766,0.12020763365915718,0.004709768992750482
66.75,0.14535412182898602,0.14191155224126467,0.0034425695877213502
66.8,0.14943632863465547,0.14687426299748343,0.0025620656371720396
66.85000000000001,0.12512033952296597,0.13260455221947756,-0.0074842126965115885
66.9,0.06946019652411671,0.10016301407437113,-0.03070281755025442
66.95,-0.004959262538767326,0.052041959118750966,-0.057001221657518295
67.0,-0.07353871033567069,-0.007985588584019902,-0.06555312175165079
67.05,-0.11262429974943941,-0.07198429468822921,-0.040640005061210197
67.10000000000001,-0.11304767537462064,-0.12511626672677656,0.012068591352155919
67.15,-0.08372658299943281,-0.14785895096226162,0.06413236796282881
67.2,-0.042447974780823315,-0.12462424486111666,0.08217627008029335
67.25,-0.0017600956583875903,-0.05424449171060138,0.05248439605221379
67.3,0.03793248085549318,0.04542694229621342,-0.007494461440720239
67.35000000000001,0.08264978877606748,0.14358140888610577,-0.06093162011003829
67.4,0.1327432133954926,0.21062490788269922,-0.07788169448720661
67.45,0.1765816491776388,0.23188073902481693,-0.05529908984717813
67.5,0.19672901745127927,0.2123709757577296,-0.01564195830645032
67.55,0.18354194383194594,0.17039000249275532,0.01315194133919062
67.60000000000001,0.14394672444841677,0.12506479982109578,0.018881924627320995
67.65,0.09722056475854546,0.08643298918466608,0.010787575573879382
67.7,0.06107544987629045,0.05375464820213903,0.007320801674151417
67.75,0.03970931415259683,0.021402709446082482,0.018306604706514344
67.8,0.023394532550532296,-0.013417650202483594,0.03681218275301589
67.85000000000001,-0.0010386498079286613,-0.047279008854966637,0.04624035904703797
67.9,-0.038402107715149486,-0.0735660540308523,0.03516394631570281
67.95,-0.08167665806034866,-0.08880129321010138,0.007124635149752728
68.0,-0.11847804141708514,-0.09661283196197569,-0.021865209455109447
68.05,-0.14064806478434527,-0.10564348237013048,-0.035004582414214794
68.10000000000001,-0.1485490987615669,-0.12258873046970671,-0.0259603682918602
68.15,-0.14738783938244787,-0.1456611442749877,-0.00172669510746018
68.2,-0.14018367497109202,-0.1638731599426628,0.02368948497157078
68.25,-0.12440765306544092,-0.1633393364766328,0.03893168341119187
68.3,-0.09533227790281013,-0.13642601819689767,0.04109374029408755
68.35000000000001,-0.052790724833671705,-0.08724003556543777,0.03444931073176607
68.4,-0.004930394307998469,-0.029606057658953966,0.024675663350955498
68.45,0.03492273079335035,0.020719407018180442,0.014203323775169908
68.5,0.05633665188623258,0.053812115127720134,0.002524536758512448
68.55,0.05854019114413819,0.06824369461683921,-0.00970350347270102
68.60000000000001,0.050370483823390835,0.06814287031180054,-0.017772386488409703
68.65,0.04315254431407685,0.058482697783459894,-0.015330153469383045
68.7,0.04200099379921285,0.042868829747278146,-0.0008678359480652972
68.75,0.04260026096169854,0.024742918402785998,0.017857342558912543
68.8,0.03629877161127702,0.009268689604003125,0.027030082007273897
68.85000000000001,0.019386057751188564,0.002728085486084043,0.01665797226510452
68.9,-0.0015617925336196762,0.0091758766493052,-0.010737669182924875
68.95,-0.013557893999369311,0.027244097361750024,-0.04080199136111934
69.0,-0.007724404454632007,0.05016923068179377,-0.05789363513642578
69.05,0.012454775442041453,0.06925765281766261,-0.056802877375621154
69.10000000000001,0.03288016365369234,0.07805746739079687,-0.04517730373710453
69.15,0.039920719171914816,0.074328794854448,-0.034408075682533186
69.2,0.031656776122574656,0.059386960723528386,-0.02773018460095373
69.25,0.01936817456060409,0.036735008253271674,-0.017366833692667585
69.3,0.01765867298852534,0.011685046041270413,0.005973626947254928
69.35000000000001,0.03175778499451887,-0.008581361820919568,0.04033914681543843
69.4,0.053156627893427,-0.016519062595253497,0.0696756904886805
69.45,0.06714173584982987,-0.007983346987680462,0.07512508283751033
69.5,0.06494618970377693,0.0139807126053453,0.050965477098431626
69.55,0.04936676353763871,0.038879254194580944,0.010487509343057769
69.60000000000001,0.029436316963032536,0.053438139092038046,-0.02400182212900551
69.65,0.01044543211558994,0.048579646271604646,-0.03813421415601471
69.7,-0.010243900704205194,0.023934555885761568,-0.034178456589966766
69.75,-0.03754124622255886,-0.013011796164972441,-0.02452945005758642
69.8,-0.06943918850358534,-0.051764304611225616,-0.017674883892359723
69.85000000000001,-0.09439984178769292,-0.08349306030069596,-0.010906781486996961
69.9,-0.0988094784805713,-0.10248924222458765,0.003679763744016351
69.95,-0.0777513083655272,-0.10499231434310365,0.02724100597757645
70.0,-0.038936082274953356,-0.08844802108204089,0.049511938807087534
70.05,0.0035469429685263103,-0.05320783480970367,0.05675477777822998
70.10000000000001,0.039070253720659524,-0.005361250475133632,0.044431504195793156
70.15,0.064489474556786,0.042706169985411886,0.02178330457137411
70.2,0.07985421050821073,0.07607828846584176,0.0037759220423689704
70.25,0.08235415238759733,0.08380613038706579,-0.0014519779994684595
70.3,0.06647736391004924,0.06398735872069193,0.002490005189357311
70.35000000000001,0.030759849734149892,0.024107306668663016,0.006652543065486877
70.4,-0.01667645558571332,-0.023269928854935788,0.006593473269222466
70.45,-0.061140984639912854,-0.06634656325846387,0.005205578618551018
70.5,-0.0913026849628578,-0.09800776581960019,0.0067050808567423875
70.55,-0.10649803743614039,-0.11641955828604024,0.009921520849899848
70.60000000000001,-0.11399240669723343,-0.12329234486613747,0.009299938168904037
70.65,-0.1191487354082237,-0.12166534639142193,0.0025166109831982336
70.7,-0.11914438681971072,-0.11438996930275924,-0.0047544175169514785
70.75,-0.10724139061714381,-0.10348131526497062,-0.003760075352173195
70.8,-0.08301577119974748,-0.09011236468779411,0.007096593488046629
70.85000000000001,-0.05675984192942859,-0.07510706296016645,0.01834722103073786
70.9,-0.04182398389151845,-0.05970554961655626,0.01788156572503781
70.95,-0.04180729355330566,-0.04601312580522328,0.004205832251917618
71.0,-0.04627727200277704,-0.036490311930180624,-0.009786960072596412
71.05,-0.04096309705330034,-0.03253798030591104,-0.0084251167473893
71.10000000000001,-0.023175207177670562,-0.03321390704066428,0.010038699862993716
71.15,-0.006377554781633846,-0.035337080982606094,0.02895952620097225
71.2,-0.007606641905183068,-0.0352141989765536,0.02760755707137053
71.25,-0.028976419475978676,-0.030745106526130307,0.0017686870501516308
71.3,-0.051984911821983865,-0.02215420154833603,-0.029830710273647833
71.35000000000001,-0.05202333622443396,-0.010702283902500354,-0.04132105232193361
71.4,-0.020579890177342283,0.003426723671128953,-0.024006613848471237
71.45,0.026075739795848388,0.021983902726447763,0.004091837069400625
71.5,0.0608783092069213,0.04716050469826293,0.013717804508658366
71.55,0.06996424209759343,0.07872824879384671,-0.008764006696253282
71.60000000000001,0.06385283700661958,0.1121884387273297,-0.04833560172071012
71.65,0.06500978265885206,0.13974242577687002,-0.07473264311801796
71.7,0.08392527131692688,0.1537901840449992,-0.06986491272807231
71.75,0.10724168961642119,0.15070503702493498,-0.04346334740851379
71.8,0.1098910344184947,0.13237382233249576,-0.02248278791400106
71.85000000000001,0.07976934384094488,0.10460937083452541,-0.02484002699358054
71.9,0.031099935526289195,0.07376778570653555,-0.04266785018024636
71.95,-0.006553289944904082,0.04406463439678257,-0.05061792434168665
72.0,-0.013283548934354608,0.017361701948977473,-0.03064525088333208
72.05,0.005628219854213461,-0.0048304444644858184,0.010458664318699278
72.10000000000001,0.027519584799630303,-0.01920104778415581,0.046720632583786115
72.15,0.034844379184116196,-0.0206313382725017,0.0554757174566179
72.2,0.03036456706476967,-0.005009115046031952,0.03537368211080162
72.25,0.03129305010387573,0.02680537684365716,0.00448767326021857
72.3,0.04955758130675106,0.06686559088350356,-0.017308009576752506
72.35000000000001,0.07817285041526637,0.10203986806147539,-0.02386701764620902
72.4,0.09659158739485914,0.11947397350235385,-0.022882386107494712
72.45,0.08896742410643763,0.11258294174942388,-0.02361551764298625
72.5,0.057501298554379465,0.08395223719530209,-0.026450938640922628
72.55,0.019160301439261337,0.043479181665522414,-0.024318880226261077
72.60000000000001,-0.009367290114050957,0.0031845464344651348,-0.01255183654851609
72.65,-0.023466337880164452,-0.02792754138154648,0.0044612035013820266
72.7,-0.02941421112849032,-0.046153476571008434,0.016739265442518112
72.75,-0.03424144703081029,-0.052136285001071134,0.01789483797026084
72.8,-0.038334853940416476,-0.048502167182660906,0.01016731324224443
72.85000000000001,-0.03736639518016764,-0.03823427653139731,0.0008678813512296712
72.9,-0.029234298746612083,-0.024462884951646977,-0.004771413794965106
72.95,-0.017152001188403106,-0.01071422539200343,-0.006437775796399675
73.0,-0.005834414771340521,-0.000384541120383343,-0.005449873650957178
73.05,0.00371440064595919,0.0046532928269744445,-0.0009388921810152546
73.10000000000001,0.014027860993353724,0.005164506658870324,0.0088633543344834
73.15,0.025923107494588964,0.004206691131732501,0.021716416362856462
73.2,0.03522019507570752,0.005329198839516793,0.029890996236190726
73.25,0.03658435842456172,0.010549266417014395,0.026035092007547327
73.3,0.030891755319468008,0.01945212240512143,0.011439632914346576
73.35000000000001,0.02708595783391401,0.029759522139705553,-0.002673564305791541
73.4,0.034440820113928315,0.03861757090662538,-0.004176750792697068
73.45,0.05195582456664581,0.0436306182472113,0.008325206319434508
73.5,0.06640726199625328,0.043293790501645585,0.0231134714946077
73.55,0.06301283166271397,0.037126086554948076,0.025886745107765896
73.60000000000001,0.039580848856474254,0.025813760662605472,0.013767088193868782
73.65,0.010071192351185344,0.011212410310477199,-0.0011412179592918542
73.7,-0.0071465518404076256,-0.004167205448745987,-0.002979346391661639
73.75,-0.005956758234892229,-0.0181802560791899,0.01222349784429767
73.8,0.001899182184402577,-0.029979360059631217,0.031878542244033796
73.85000000000001,-0.001941826743629368,-0.04017657382518359,0.03823474708155422
73.9,-0.024992773659041373,-0.050153875865304925,0.025161102206263553
73.95,-0.057051364508367265,-0.06113041928983312,0.004079054781465856
74.0,-0.08039239714529774,-0.07365763422156478,-0.0067347629237329565
74.05,-0.08664555941185438,-0.08761019125675214,0.0009646318448977564
74.10000000000001,-0.08356344710824856,-0.10218545378685025,0.018622006678601685
74.15,-0.08531153085456371,-0.11559551984960617,0.030283988995042463
74.2,-0.09663088427588383,-0.1248761987090996,0.028245314433215776
74.25,-0.10731274384260592,-0.1266403282103519,0.01932758436774598
74.3,-0.10276274569321887,-0.11897742638026619,0.016214680687047317
74.35000000000001,-0.07991314582569868,-0.10342547423183204,0.023512328406133362
74.4,-0.05216106846334509,-0.08525633193356896,0.033095263470223873
74.45,-0.03799115741933095,-0.07115938300847534,0.03316822558914439
74.5,-0.044286877942601506,-0.06537354940572378,0.02108667146312227
74.55,-0.060525677043062207,-0.06682876980005041,0.0063030927569882045
74.60000000000001,-0.06904410792140284,-0.0694925056539242,0.00044839773252136617
74.65,-0.060732021507338425,-0.06593198477986156,0.005199963272523138
74.7,-0.040864731636246446,-0.051729003380921235,0.010864271744674789
74.75,-0.020590492342664843,-0.027731493863562745,0.007141001520897902
74.8,-0.004323437161149981,0.0012196562995137766,-0.005543093460663758
74.85000000000001,0.013258814682011982,0.029770517800619917,-0.016511703118607935
74.9,0.03792995054032848,0.054860005645183965,-0.016930055104855485
74.95,0.06523503019453132,0.07578150706077226,-0.01054647686624094
75.0,0.0810370010135142,0.09193109284712493,-0.01089409183361073
75.05,0.07394366826209343,0.10076312555988588,-0.02681945729779245
75.10000000000001,0.047214522921035146,0.09834214681009204,-0.051127623889056895
75.15,0.017480912925488895,0.08254226523770877,-0.06506135231221988
75.2,0.0007387095656947386,0.05632914299490174,-0.055590433429207005
75.25,-0.0008463884131941789,0.02797776713490911,-0.02882415554810329
75.3,0.0016397097772768165,0.007261229438193935,-0.005621519660917119
75.35000000000001,-0.002700752855615668,-3.380097921107281e-05,-0.002666951876404595
75.4,-0.01223021773581134,0.004769579869257629,-0.01699979760506897
75.45,-0.014277499206733213,0.0149385281237314,-0.029216027330464613
75.5,0.0010451958066809088,0.02357407694496709,-0.02252888113828618
75.55,0.02901083444487676,0.028262864007061295,0.000747970437815465
75.60000000000001,0.05286196109209759,0.03152391403200353,0.02133804706009406
75.65,0.05860031656347621,0.0370185053087029,0.021581811254773313
75.7,0.04732954470265482,0.04510614524978406,0.0022233994528707557
75.75,0.03297800257513399,0.05180758230258202,-0.01882957972744803
75.8,0.028047697345853658,0.05210791075876802,-0.024060213412914363
75.85000000000001,0.0319828294969041,0.04456477221719576,-0.012581942720291658
75.9,0.03364330466125437,0.032963333909442616,0.0006799707518117537
75.95,0.024574325707632176,0.023418975783849466,0.00115534992378271
76.0,0.008682662741837792,0.019458850427702196,-0.010776187685864405
76.05,-0.0019629588334186816,0.019429719303412574,-0.021392678136831256
76.10000000000001,-0.000563556196634798,0.018426597815050693,-0.01899015401168549
76.15,0.006422951925320284,0.012840168330037207,-0.006417216404716923
76.2,0.005847349425202138,0.003383017933503999,0.0024643314916981394
76.25,-0.007470268114543837,-0.005926189448020964,-0.0015440786665228724
76.3,-0.02367764411025166,-0.011519324674475058,-0.012158319435776601
76.35000000000001,-0.026898200185776797,-0.013107056157568608,-0.01379114402820819
76.4,-0.012025807478662236,-0.013126533323765475,0.0011007258451032394
76.45,0.008000467085979606,-0.013780912104391476,0.021781379190371083
76.5,0.013110496062023972,-0.014851511699003284,0.027962007761027256
76.55,-0.004384940615781419,-0.01438731991280437,0.01000237929702295
76.60000000000001,-0.030788094197192487,-0.011270094832979728,-0.01951799936421276
76.65,-0.04221555283876758,-0.006726788532087416,-0.035488764306680166
76.7,-0.026109976437887653,-0.0030259982380868773,-0.023083978199800775
76.75,0.007306889807332295,-0.0006023027053668079,0.007909192512699103
76.80000000000001,0.03467522769813538,0.0033692980604654197,0.03130592963766996
76.85000000000001,0.040998257031237814,0.013163755326057975,0.02783450170517984
76.9,0.032408239127425784,0.030707330167702284,0.0017009089597234996
76.95,0.028304401071758193,0.05294271189659271,-0.02463831082483452
77.0,0.04110410742515119,0.07257858862964518,-0.03147448120449399
77.05000000000001,0.06359617928210437,0.08170561911410688,-0.018109439832002514
77.10000000000001,0.07592510424166271,0.07575829872446016,0.00016680551720255066
77.15,0.0648125949540579,0.05553667230317797,0.009275922650879932
77.2,0.03604807683221656,0.026719727093841357,0.009328349738375201
77.25,0.008593990921734344,-0.0023261875657955996,0.010920178487529944
77.30000000000001,-0.003057959540172947,-0.02347920852263927,0.020421248982466323
77.35000000000001,-0.0007936516787349641,-0.03189151965377957,0.03109786797504461
77.4,0.0016011157287134118,-0.028267881598754492,0.029868997327467905
77.45,-0.006776451399370761,-0.01902304967288434,0.012246598273513577
77.5,-0.02431203410771878,-0.01335981883051555,-0.010952215277203232
77.55000000000001,-0.041002616423594464,-0.018205033779421242,-0.022797582644173222
77.60000000000001,-0.05003276507293793,-0.03399792506578738,-0.016034840007150553
77.65,-0.05345610598173709,-0.05436798421960529,0.0009118782378682022
77.7,-0.0564156379936036,-0.07011199509199025,0.013696357098386645
77.75,-0.05779430628137369,-0.07457273010106308,0.016778423819689386
77.80000000000001,-0.04932004312453936,-0.0665341789515823,0.01721413582704294
77.85000000000001,-0.025347297521917223,-0.04910572361373009,0.02375842609181287
77.9,0.00737414477664997,-0.026590007297566345,0.03396415207421632
77.95,0.03204296746877155,-0.0026429089815526905,0.03468587645032424
78.0,0.035888177820223265,0.019043377295539822,0.016844800524683443
78.05000000000001,0.022246779519798927,0.03348957523173336,-0.011242795711934435
78.10000000000001,0.007489497680029566,0.035409444124613554,-0.02791994644458399
78.15,0.004738402894475013,0.022708410602672396,-0.017970007708197382
78.2,0.0106394962409275,-0.00047876643802404536,0.011118262678951546
78.25,0.009444183464963783,-0.024627344323602668,0.03407152778856645
78.30000000000001,-0.008794345737610983,-0.0397744916996626,0.03098014596205162
78.35000000000001,-0.03452506149006433,-0.04102127070728083,0.006496209217216498
78.4,-0.04497034286636592,-0.03041460112193994,-0.01455574174442598
78.45,-0.026043915412868098,-0.01429435097440572,-0.011749564438462378
78.5,0.01130625331715236,0.0009287687166630144,0.010377484600489347
78.55000000000001,0.03777825229249035,0.010928755003715672,0.026849497288774678
78.60000000000001,0.03092053350941587,0.01288672090085199,0.018033812608563883
78.65,-0.004471319871938108,0.004692394640053802,-0.00916371451199191
78.7,-0.04061943450301659,-0.013769071535323878,-0.026850362967692713
78.75,-0.052263488782227724,-0.0383010347244171,-0.013962454057810623
78.80000000000001,-0.03935457278751803,-0.06063859485923291,0.021284022071714884
78.85000000000001,-0.02539720510201106,-0.07309121427943549,0.04769400917742443
78.9,-0.03340252442703771,-0.07456049437234943,0.04115796994531173
78.95,-0.0630042310353434,-0.07203428650731165,0.009030055471968251
79.0,-0.09077347891848131,-0.07464063230127568,-0.016132846617205626
79.05000000000001,-0.0927771489778868,-0.08429631343546651,-0.008480835542420295
79.10000000000001,-0.06679612303916675,-0.09136586721670054,0.024569744177533784
79.15,-0.03264595334799549,-0.08056530614585362,0.04791935279785813
79.2,-0.011299085623959189,-0.04352350130065453,0.03222441567669534
79.25,-0.00449107604781203,0.01227849141943997,-0.016769567467252
79.30000000000001,0.004688220560689509,0.06644785914546464,-0.06175963858477513
79.35000000000001,0.03146581204381577,0.09909246908711955,-0.06762665704330378
79.4,0.07067526678775801,0.10425291190917096,-0.03357764512141295
79.45,0.09922847081512595,0.09259449463678789,0.006633976178338066
79.5,0.09767755883531255,0.08150508290548643,0.016172475929826124
79.55000000000001,0.06930010985250763,0.08112227079207397,-0.01182216093956634
79.60000000000001,0.0374904523445152,0.08768195371646055,-0.05019150137194535
79.65,0.02391594521993887,0.08877604267709864,-0.06486009745715977
79.7,0.02900577434638423,0.0749878373223204,-0.04598206297593617
79.75,0.033791025827954756,0.04778430633571021,-0.013993280507755453
79.80000000000001,0.020711826961432672,0.017857030051525204,0.0028547969099074685
79.85000000000001,-0.007678073497918534,-0.003325020972405729,-0.004353052525512805
79.9,-0.030648695212521154,-0.010978843105775165,-0.01966985210674599
79.95,-0.029605698811198053,-0.008014726844695967,-0.021590971966502087
80.0,-0.006415553203147769,-0.0005492541946466164,-0.005866299008501152
