x,yobs,ycalc,ydiff
0.05,-3.4876802579795463e-11,-0.0647987741962628,0.064798774161386
0.1,-2.317193699076202e-10,-0.07922665211233364,0.07922665188061427
0.15000000000000002,-1.1451165339370175e-08,-0.047324536561369694,0.04732452511020435
0.2,-1.3941095800191685e-07,-0.023392154417124868,0.023392015006166864
0.25,-3.242233234622604e-07,-0.05358075614855148,0.05358043192522802
0.30000000000000004,3.993590623198197e-06,-0.1257307920931429,0.1257347856837661
0.35000000000000003,3.656543467100978e-05,-0.1817161608971958,0.18175272633186682
0.4,0.00014964709532092662,-0.17988263000516938,0.1800322771004903
0.45,0.00035103688807406745,-0.1408624818408254,0.14121351872889945
0.5,0.0003566998732232255,-0.12665933041428562,0.12701603028750885
0.55,-0.0007103363544113571,-0.17397769048344364,0.17326735412903227
0.6000000000000001,-0.00411074865428835,-0.25303245134341296,0.2489217026891246
0.65,-0.010050010125440913,-0.2977026100018651,0.28765259987642416
0.7000000000000001,-0.015220551393491499,-0.27688846395358047,0.261667912560089
0.75,-0.011520334956156392,-0.23069163214080293,0.21917129718464654
0.8,0.010643178426963927,-0.2298829663078002,0.24052614473476414
0.8500000000000001,0.05329290989543374,-0.2989754989811761,0.3522684088766098
0.9,0.10097247036123858,-0.38557303793576214,0.4865455082970007
0.9500000000000001,0.12033587398142881,-0.41320306038157206,0.5335389343630008
1.0,0.07712915590918873,-0.36550196702385473,0.44263112293304346
1.05,-0.03474569751054488,-0.3106799297762592,0.2759342322657143
1.1,-0.17337694325864264,-0.3330236242485913,0.15964668098994864
1.1500000000000001,-0.26230727039261037,-0.4380306559374078,0.17572338554479744
1.2000000000000002,-0.2408671998651391,-0.534760700997669,0.29389350113252993
1.25,-0.12074441858372816,-0.5263149329340415,0.4055705143503134
1.3,0.0010939888304439104,-0.42332127792763224,0.42441526675807617
1.35,0.0018078091046783294,-0.35572936022872864,0.35753716933340696
1.4000000000000001,-0.1636018570717737,-0.44761409569216765,0.28401223862039393
1.4500000000000002,-0.3928343307631308,-0.6615295744050328,0.268695243641902
1.5,-0.4742894418313275,-0.7730585533255369,0.29876911149420937
1.55,-0.23224394333854823,-0.5346695851525969,0.30242564181404863
1.6,0.31495888448633375,0.08939440685842247,0.22556447762791126
1.6500000000000001,0.91330203932051,0.8255170173002006,0.08778502202030947
1.7000000000000002,1.2096998033786168,1.2451653294342322,-0.03546552605561537
1.75,0.9940783864855316,1.0763479121527901,-0.08226952566725854
1.8,0.37544364926709084,0.43029032942843,-0.054846680161339145
1.85,-0.2539141718488756,-0.24826632960690684,-0.005647842241968765
1.9000000000000001,-0.46529050964650176,-0.48491459667714254,0.01962408703064078
1.9500000000000002,-0.08802189644828537,-0.10897741106454446,0.020955514616259094
2.0,0.6613565796251191,0.6322604258579846,0.02909615376713448
2.0500000000000003,1.3161554761948877,1.2559070939256443,0.06024838226924345
2.1,1.4694000471710178,1.3757340103100917,0.09366603686092612
2.15,1.0352399287096103,0.9386049022149702,0.09663502649464017
2.2,0.2792752501538547,0.21190107687011284,0.06737417328374184
2.25,-0.3898459111136276,-0.4356837712403098,0.04583786012668223
2.3000000000000003,-0.7011340846346981,-0.7778162499227788,0.0766821652880807
2.35,-0.6681915383304924,-0.8290151167543253,0.16082357842383288
2.4000000000000004,-0.5144013158371229,-0.7610457058839284,0.2466443900468055
2.45,-0.46276987247285406,-0.735926808056066,0.27315693558321197
2.5,-0.5679726160604103,-0.7929161247463082,0.22494350868589796
2.5500000000000003,-0.7122943602289381,-0.8582621218719104,0.14596776164297232
2.6,-0.7423765929368875,-0.8414409794987885,0.09906438656190097
2.6500000000000004,-0.6142915874609732,-0.7242575290100096,0.10996594154903638
2.7,-0.42507056923147973,-0.5729763384885634,0.1479057692570837
2.75,-0.31842189484877903,-0.4764300637045506,0.15800816885577157
2.8000000000000003,-0.36024398760325244,-0.47211478628576853,0.11187079868251609
2.85,-0.4952179353387788,-0.5244002866961006,0.029182351357321834
2.9000000000000004,-0.614091624081115,-0.5688517864484337,-0.045239837632681246
2.95,-0.6605746668149878,-0.5784569464357606,-0.08211772037922715
3.0,-0.6765184769653022,-0.589510627724823,-0.08700784924047922
3.0500000000000003,-0.7470372261020013,-0.6620854054859727,-0.08495182061602857
3.1,-0.9027245760590562,-0.8113368096879126,-0.09138776637114365
3.1500000000000004,-1.0761588372039106,-0.9771513510917439,-0.0990074861121667
3.2,-1.1579045894844195,-1.0686291277404618,-0.08927546174395773
3.25,-1.1006107664549383,-1.0485751052435108,-0.05203566121142744
3.3000000000000003,-0.9681382746903211,-0.9754354503665282,0.007297175676207135
3.35,-0.8715252134195219,-0.9476148081644018,0.07608959474487986
3.4000000000000004,-0.8399551683456726,-0.98478046878825,0.14482530044257735
3.45,-0.747909282799216,-0.9554747828140903,0.20756550001487428
3.5,-0.3868969654668917,-0.6425993014045197,0.25570233593762803
3.5500000000000003,0.35096160726058934,0.07392072835210839,0.27704087890848095
3.6,1.320193336394112,1.0556092568630657,0.26458407953104635
3.6500000000000004,2.141616084993602,1.9162361984526934,0.22537988654090846
3.7,2.4116650860702458,2.234393147848464,0.17727193822178178
3.75,1.9652272476021035,1.8307765688381588,0.1344506787639448
3.8000000000000003,0.9996736842657198,0.9031943491608838,0.09647933510483597
3.85,-0.03803254322845219,-0.0912582541010035,0.053225710872551305
3.9000000000000004,-0.7242166160862548,-0.7252029734281337,0.0009863573418789073
3.95,-0.8967827232734099,-0.8485607630772886,-0.04822196019612135
4.0,-0.6974723591538109,-0.6215046168521252,-0.07596774230168568
4.05,-0.4111384891029613,-0.33439724260843257,-0.07674124649452874
4.1000000000000005,-0.24414344089819554,-0.17789984969595576,-0.06624359120223977
4.15,-0.2106460778138179,-0.1430577651286305,-0.06758831268518739
4.2,-0.18902113600568754,-0.10133071289633065,-0.08769042310935689
4.25,-0.06945316424005053,0.038717395449871975,-0.10817055968992251
4.3,0.14408761830000563,0.24604749254265015,-0.10195987424264452
4.3500000000000005,0.35203912984508523,0.4127875509211205,-0.060748421076035286
4.4,0.4581714830987026,0.464324357641774,-0.006152874543071396
4.45,0.4481535760870052,0.42061305170811425,0.02754052437889093
4.5,0.3828409189023433,0.3595538104977836,0.023287108404559664
4.55,0.3287797355592138,0.3335231004444572,-0.004743364885243406
4.6000000000000005,0.30096095481863405,0.32723518398727536,-0.026274229168641305
4.65,0.26778535830405426,0.29162616624779963,-0.02384080794374538
4.7,0.20040062673181971,0.20765046811507343,-0.007249841383253713
4.75,0.10863352288853755,0.10906449655067096,-0.0004309736621334187
4.800000000000001,0.028574426819461592,0.04376389080494146,-0.015189463985479868
4.8500000000000005,-0.018175359444699408,0.020587819281738078,-0.03876317872643749
4.9,-0.045778904079541806,0.0015358701477594821,-0.047314774227301286
4.95,-0.08343627447764124,-0.05236788617814317,-0.031068388299498068
5.0,-0.13765026339909,-0.13223997825915693,-0.00541028513993308
5.050000000000001,-0.18039212110824013,-0.1835780437382705,0.003185922630030369
5.1000000000000005,-0.17660688569545566,-0.15890407801016732,-0.01770280768528834
5.15,-0.12086795273241747,-0.06587638791159305,-0.05499156482082443
5.2,-0.04254510370412861,0.04051416672941885,-0.08305927043354747
5.25,0.027293049991024918,0.11515015613708021,-0.0878571061460553
5.300000000000001,0.09208567747559387,0.17068995508015264,-0.07860427760455876
5.3500000000000005,0.1887697219658672,0.2652177945933004,-0.07644807262743322
5.4,0.34704804077061424,0.43915150735930086,-0.09210346658868662
5.45,0.5483522968938508,0.6630125635307174,-0.11466026663686657
5.5,0.7264177359443952,0.8487115595831537,-0.12229382363875851
5.550000000000001,0.8113338368022919,0.9156936511637692,-0.10435981436147734
5.6000000000000005,0.7767014982458353,0.8503865359508772,-0.07368503770504187
5.65,0.6475251568000062,0.7047207955816742,-0.057195638781668
5.7,0.4661149187944415,0.5390116760816406,-0.07289675728719908
5.75,0.2542007656830282,0.3674979667946017,-0.11329720111157354
5.800000000000001,0.010877074110264826,0.1603710923530287,-0.14949401824276387
5.8500000000000005,-0.252548863812608,-0.10009618610348665,-0.15245267770912135
5.9,-0.47906547774591546,-0.3648906457055981,-0.11417483204031736
5.95,-0.5734220949464003,-0.5209415605574749,-0.052480534388925415
6.0,-0.4529748339229737,-0.45600653559992504,0.003031701676951326
6.050000000000001,-0.10487002766073497,-0.13655716740102944,0.03168713974029447
6.1000000000000005,0.3933008994550412,0.3602711812530574,0.033029718201983804
6.15,0.9024881019630042,0.8809524327961109,0.021535669166893312
6.2,1.2785383924751166,1.2671870951369393,0.011351297338177302
6.25,1.4222547816716125,1.4171401254673515,0.005114656204260992
6.300000000000001,1.3042554580094794,1.3079926731292681,-0.0037372151197887504
6.3500000000000005,0.9653653553589103,0.9838382596956732,-0.018472904336762852
6.4,0.4996651481160534,0.5291959343346431,-0.029530786218589677
6.45,0.023470763651376254,0.042544280074697495,-0.01907351642332124
6.5,-0.36541258541902805,-0.38767252149176995,0.022259936072741904
6.550000000000001,-0.6230737498942156,-0.7042761424061585,0.08120239251194294
6.6000000000000005,-0.7677167780988879,-0.8931418287862741,0.12542505068738619
6.65,-0.8516817923563805,-0.9771837617307781,0.12550196937439762
6.7,-0.915682822773501,-0.9942136096327071,0.07853078685920611
6.75,-0.9607619932918525,-0.9734065740498646,0.012644580758012114
6.800000000000001,-0.9598903480428982,-0.9265457055440178,-0.03334464249888036
6.8500000000000005,-0.8955753730393782,-0.8565816194545315,-0.03899375358484669
6.9,-0.7852021480374768,-0.7701145701550843,-0.015087577882392456
6.95,-0.667590345553012,-0.6782825289245752,0.010692183371563191
7.0,-0.5631039799057439,-0.5846451560189018,0.021541176113157867
7.050000000000001,-0.4482429554951056,-0.47471029086524463,0.02646733537013901
7.1000000000000005,-0.27462600759899153,-0.322994383212372,0.048368375613380477
7.15,-0.020301391461840373,-0.11758524542863316,0.09728385396679279
7.2,0.27191062698975504,0.11626763729414753,0.15564298969560753
7.25,0.5062583377084247,0.31529581529064177,0.1909625224177829
7.300000000000001,0.590366783581378,0.4058925400779705,0.18447424350340746
7.3500000000000005,0.49202924007538873,0.34401672843608977,0.14801251163929896
7.4,0.25350122064483377,0.14097234525453295,0.11252887539030082
7.45,-0.04217238099207006,-0.14152486513539517,0.0993524841433251
7.5,-0.3201037285006371,-0.4223935845274734,0.10228985602683627
7.550000000000001,-0.5397694560947925,-0.6374562465070761,0.09768679041228356
7.6000000000000005,-0.6881959544653479,-0.7596059553381115,0.07141000087276361
7.65,-0.7605561001700979,-0.7952226513082727,0.03466655113817485
7.7,-0.7535502772024114,-0.7656467258381092,0.01209644863569781
7.75,-0.6758940579641562,-0.6901443719489586,0.014250313984802365
7.800000000000001,-0.5583421225237652,-0.5816378992992397,0.023295776775474453
7.8500000000000005,-0.44573009632835914,-0.4538902105582095,0.008160114229850357
7.9,-0.37339021873537576,-0.3289327300249566,-0.04445748871041916
7.95,-0.3475986112063073,-0.2338437759190595,-0.11375483528724781
8.0,-0.3464785360699443,-0.18607306664079223,-0.16040546942915204
8.05,-0.33849051916835654,-0.17808568848562076,-0.16040483068273578
8.1,-0.3007696831855622,-0.17519889881596282,-0.12557078436959937
8.15,-0.2233625569378542,-0.13161859814699492,-0.09174395879085928
8.200000000000001,-0.1018936618160953,-0.01545279261028847,-0.08644086920580683
8.25,0.067857995259454,0.17425329296895262,-0.10639529770949861
8.3,0.2851270725943098,0.4096421907650171,-0.12451511817070732
8.35,0.5346075915801481,0.651726707456436,-0.11711911587628787
8.4,0.7843962535716577,0.868797625642442,-0.08440137207078435
8.450000000000001,0.996218832170401,1.0425407604762151,-0.046321928305814164
8.5,1.1399983192613365,1.1614053862860614,-0.021407067024724835
8.55,1.2008919402307334,1.2121408642820224,-0.011248924051288967
8.6,1.1756193129287171,1.1803564168960274,-0.004737103967310308
8.65,1.0661311100637005,1.060453902850817,0.0056772072128834505
8.700000000000001,0.8799384731699988,0.8651252460677804,0.01481322710221844
8.75,0.6365857735826131,0.6245181619144942,0.012067611668118983
8.8,0.3700927548827221,0.374518105780528,-0.004425350897805935
8.85,0.1190720112016097,0.14278808024765824,-0.023716069046048532
8.9,-0.09132873842292812,-0.05814959041532894,-0.03317914800759918
8.950000000000001,-0.26109682444474025,-0.22857439898685097,-0.032522425457889276
9.0,-0.40899757205063414,-0.37452854820311077,-0.03446902384752337
9.05,-0.5511900595368641,-0.5011241540509838,-0.0500659054858803
9.1,-0.6810190851191038,-0.6074104895978029,-0.07360859552130095
9.15,-0.7659444501727888,-0.6822133020029272,-0.0837311481698616
9.200000000000001,-0.7641967686729174,-0.7029968050396523,-0.061199963633265075
9.25,-0.6490184010139546,-0.6422442694544427,-0.006774131559511898
9.3,-0.42425951085333113,-0.48237311325401677,0.05811360240068564
9.35,-0.12351682208488826,-0.23198557041741635,0.10846874833252809
9.4,0.20265048023564075,0.06837841762357058,0.13427206261207017
9.450000000000001,0.5009212292000464,0.35727323781230697,0.14364799138773948
9.5,0.7239184689956256,0.5741540895211583,0.1497643794744673
9.55,0.8343618738623977,0.678158867322388,0.15620300654000974
9.600000000000001,0.8098210399278832,0.6544259041239101,0.15539513580397313
9.65,0.6503786929871467,0.5104262164016427,0.13995247658550403
9.700000000000001,0.38496683224318334,0.2717108358384425,0.11325599640474082
9.75,0.06860754394422715,-0.018671559505124995,0.08727910344935214
9.8,-0.23342623201252616,-0.3033989504428484,0.06997271843032227
9.850000000000001,-0.4692383181828237,-0.5254164695524766,0.05617815136965287
9.9,-0.6186948060475402,-0.6514098343605145,0.03271502831297424
9.950000000000001,-0.6944617764841625,-0.6879351181519283,-0.006526658332234203
10.0,-0.7243604232485765,-0.6736808412676102,-0.05067958198096634
10.05,-0.7272806132834347,-0.6490943332659613,-0.07818628001747341
10.100000000000001,-0.7004143598824597,-0.6255974105116753,-0.07481694937078442
10.15,-0.627239730896438,-0.5799694036163257,-0.04727032728011238
10.200000000000001,-0.49896341207861394,-0.47936351314882175,-0.019599898929792192
10.25,-0.33064289487441223,-0.31572145048131656,-0.014921444393095673
10.3,-0.15737792048324895,-0.119655906099516,-0.037722014383732946
10.350000000000001,-0.012938935257632117,0.05824166246406051,-0.07118059772169263
10.4,0.09172537184705022,0.18250982280545933,-0.0907844509584091
10.450000000000001,0.17302131932262735,0.2553605387927566,-0.08233921947012926
10.5,0.2603755835288911,0.31068968209496967,-0.05031409856607855
10.55,0.3765105525776881,0.38835989990568026,-0.011849347327992144
10.600000000000001,0.5270566934594229,0.5105115405714263,0.016545152887996517
10.65,0.7017191984359842,0.6733159812652556,0.02840321717072858
10.700000000000001,0.8776231296029461,0.8505265950976025,0.02709653450534355
10.75,1.0179460787098245,0.9987745849662499,0.01917149374357452
10.8,1.0721823828095367,1.0634728663089852,0.008709516500551517
10.850000000000001,0.9911561014158183,0.9940073425226758,-0.002851241106857416
10.9,0.7581278007552242,0.7715342268601876,-0.013406426104963343
10.950000000000001,0.41576992150726166,0.43450290766406985,-0.018732986156808185
11.0,0.06096075666504155,0.07659840181152358,-0.015637645146482033
11.05,-0.20060882765629764,-0.19383492873898145,-0.006773898917316196
11.100000000000001,-0.3134668656307784,-0.3121868511502012,-0.0012800144805772407
11.15,-0.30124060514054724,-0.2926827668199248,-0.008557838320622457
11.200000000000001,-0.24164420937199407,-0.21236803769723864,-0.029276171674755436
11.25,-0.2070646692270962,-0.15540459019136138,-0.05166007903573483
11.3,-0.21857913898260972,-0.1607500576325736,-0.057829081350036116
11.350000000000001,-0.24800297741079627,-0.21156832706875994,-0.03643465034203633
11.4,-0.2592171757639872,-0.2676027538854405,0.008385578121453352
11.450000000000001,-0.24669676919331407,-0.3060938099942274,0.05939704080091335
11.5,-0.23651236580560156,-0.33461614863546085,0.09810378282985929
11.55,-0.25442048614766233,-0.3702936957006485,0.11587320955298619
11.600000000000001,-0.2975401496971664,-0.4127756928270391,0.11523554312987266
11.65,-0.33949781823417957,-0.4414371083255558,0.10193929009137626
11.700000000000001,-0.3620179385553875,-0.43929810991890167,0.07728017136351417
11.75,-0.37744205426540317,-0.4166703697756458,0.03922831551024264
11.8,-0.41608986430762807,-0.40676749184494815,-0.009322372462679918
11.850000000000001,-0.48980280129160086,-0.43418689495304635,-0.05561590633855451
11.9,-0.5693240320255897,-0.4860818932407955,-0.0832421387847942
11.950000000000001,-0.6005315711558897,-0.5153713129560519,-0.08516025819983786
12.0,-0.545443099686505,-0.4752221487419581,-0.07022095094454683
12.05,-0.40859700847196534,-0.3537964957680589,-0.05480051270390646
12.100000000000001,-0.2243198771315057,-0.17786812979083388,-0.04645174734067181
12.15,-0.020466879105403152,0.015940970391031806,-0.036407849496434955
12.200000000000001,0.2019173834345416,0.21232560306511075,-0.010408219630569149
12.25,0.45093230372555826,0.4192282220518141,0.03170408167374417
12.3,0.7070828517652602,0.6385931566530925,0.06848969511216774
12.350000000000001,0.9086478323869597,0.8361774170102992,0.07247041537666044
12.4,0.9801817300108037,0.9438811839455593,0.036300546065244355
12.450000000000001,0.8824298352448601,0.8987496491667005,-0.016319813921840454
12.5,0.6397772095248165,0.6884720648506134,-0.04869485532579687
12.55,0.3221581121844501,0.3659488044366418,-0.043790692252191676
12.600000000000001,0.0008858916542356843,0.02157497528126923,-0.020689083627033547
12.65,-0.2806938672289358,-0.2633861001038161,-0.017307767125119722
12.700000000000001,-0.5008877250304626,-0.4469960434215371,-0.053891681608925546
12.75,-0.6359645583195741,-0.5244318439884368,-0.11153271433113732
12.8,-0.654232213331496,-0.5073165974910422,-0.14691561584045376
12.850000000000001,-0.5405283622458442,-0.4103469632402386,-0.1301813990056056
12.9,-0.3265824719163934,-0.25596127621189246,-0.07062119570450093
12.950000000000001,-0.09102126837049955,-0.08408579584287064,-0.006935472527628911
13.0,0.07986960815835033,0.0530008654120953,0.02686874274625503
13.05,0.14058672895282165,0.11408233289818161,0.026504396054640042
13.100000000000001,0.10348406977055757,0.09201738499897806,0.011466684771579513
13.15,0.012948963013125574,0.01408655308278009,-0.0011375900696545156
13.200000000000001,-0.0953501007221582,-0.08254143645580424,-0.012808664266353964
13.25,-0.2114937049830161,-0.1781943825348203,-0.03329932244819578
13.3,-0.33350517544544644,-0.27525457291438116,-0.05825060253106529
13.350000000000001,-0.44001974316642245,-0.376159391892019,-0.06386035127440343
13.4,-0.48692502729366843,-0.45799280892672795,-0.028932218366940488
13.450000000000001,-0.43447622531456254,-0.4719865796130126,0.037510354298450066
13.5,-0.27846494646623005,-0.3734120454155582,0.09494709894932818
13.55,-0.054343682071002646,-0.15757086019332334,0.10322717812232068
13.600000000000001,0.18932247188883816,0.13037626747662207,0.0589462044122161
13.65,0.42134646007443516,0.4215852769396486,-0.00023881686521343148
13.700000000000001,0.6335040248804892,0.6632540921159255,-0.029750067235436273
13.75,0.8194908436557122,0.8377842444383866,-0.018293400782674385
13.8,0.9530153810240387,0.9475821180533676,0.005433262970671149
13.850000000000001,0.9907429188604236,0.9848986121283478,0.00584430673207581
13.9,0.8997109873813856,0.9204924136348512,-0.020781426253465685
13.950000000000001,0.6843675747787429,0.7263847573305335,-0.042017182551790655
14.0,0.3896198055807563,0.413752672070209,-0.024132866489452676
14.05,0.079583236228643,0.04953327074700476,0.030049965481638234
14.100000000000001,-0.18816600667986624,-0.2683660097287661,0.08020000304889988
14.15,-0.375091057464317,-0.46171900650528486,0.08662794904096788
14.200000000000001,-0.4612194422240804,-0.5104066235651427,0.04918718134106226
14.25,-0.4439579539064046,-0.45112621335879693,0.007168259452392356
14.3,-0.34221715385904045,-0.34221310710504965,-4.0467539907940164e-06
14.350000000000001,-0.1977145517882007,-0.2261286546645002,0.028414102876299502
14.4,-0.06263042802318437,-0.11764277511650424,0.05501234709331987
14.450000000000001,0.023506340398347658,-0.019065415812074375,0.04257175621042203
14.5,0.0504579779925289,0.059717569940907864,-0.009259591948378963
14.55,0.03335451573339708,0.0984904049288037,-0.06513588919540662
14.600000000000001,-0.006471767729696287,0.082707972738406,-0.08917974046810229
14.65,-0.05570862667284101,0.020422449980279343,-0.07613107665312036
14.700000000000001,-0.10520895366933153,-0.0577204728878857,-0.04748848078144583
14.75,-0.13719697606897657,-0.1162818020506088,-0.020915174018367774
14.8,-0.125138103317194,-0.13543575057617688,0.010297647258982884
14.850000000000001,-0.054596709416575726,-0.11837342591148309,0.06377671649490736
14.9,0.053083822710195384,-0.08327164026197414,0.13635546297216952
14.950000000000001,0.14255824705943268,-0.04982419275057693,0.1923824398100096
15.0,0.15899131554841395,-0.031122888827427062,0.190114204375841
15.05,0.08896391353290127,-0.03326669931064354,0.1222306128435448
15.100000000000001,-0.029806633102284496,-0.058084095403668864,0.02827746230138437
15.15,-0.14135708811139763,-0.10490745090478391,-0.03644963720661372
15.200000000000001,-0.2179660914728018,-0.17155610912586955,-0.04640998234693225
15.25,-0.27665595360645884,-0.2554603914021475,-0.021195562204311347
15.3,-0.3499957078825424,-0.3526816206531424,0.0026859127705999852
15.350000000000001,-0.44017974212517125,-0.4520383352918202,0.011858593166648945
15.4,-0.502998264909818,-0.5277879403389837,0.02478967542916566
15.450000000000001,-0.4804670307972249,-0.541466571163132,0.0609995403659071
15.5,-0.35381648956145184,-0.460653834048554,0.10683734448710214
15.55,-0.1679265209976213,-0.287208371492551,0.11928185049492973
15.600000000000001,-0.004136318601684644,-0.07256817778781685,0.0684318591861322
15.65,0.07462082651248261,0.09961077284245796,-0.02498994632997535
15.700000000000001,0.05934810889895514,0.15957466371237713,-0.10022655481342199
15.75,-0.014504406443483742,0.09595549788130785,-0.1104599043247916
15.8,-0.10471413199007827,-0.036046342614686665,-0.06866778937539161
15.850000000000001,-0.18952947672895176,-0.15171148015539312,-0.03781799657355864
15.9,-0.26330542661976064,-0.19198323969843045,-0.07132218692133019
15.950000000000001,-0.3144735438457599,-0.15457748700778653,-0.15989605683797334
16.0,-0.3155588193012678,-0.07882463602511322,-0.23673418327615456
16.05,-0.23749344792867252,-0.0003502123952364725,-0.23714323553343605
16.1,-0.07157281304736043,0.08478888702799801,-0.15636170007535843
16.150000000000002,0.16568558950347376,0.2175460106092155,-0.05186042110574174
16.2,0.4489540036111694,0.4395041344480016,0.009449869163167757
16.25,0.7607992872367557,0.7536133445956665,0.0071859426410891825
16.3,1.0868679323404382,1.111235133757727,-0.024367201417288875
16.35,1.3930885512299616,1.430628670700418,-0.037540119470456546
16.400000000000002,1.6124290823322078,1.6294296580447887,-0.017000575712580845
16.45,1.6640318588456366,1.650348116616009,0.013683742229627649
16.5,1.496760109950752,1.4722183600403935,0.0245417499103584
16.55,1.1231137382928331,1.111048838242249,0.012064900050584138
16.6,0.615223268869751,0.616649787278957,-0.0014265184092060457
16.650000000000002,0.06728789448539133,0.06400598602928766,0.0032819084561036688
16.7,-0.4436690537189586,-0.46352122033719206,0.01985216661823347
16.75,-0.8707312661745485,-0.8957112202336616,0.02497995405911302
16.8,-1.184879256373736,-1.1913642720331106,0.006485015659374538
16.85,-1.3621876621109186,-1.340411373888586,-0.021776288222332463
16.900000000000002,-1.3894033246503437,-1.3546348784228217,-0.034768446227521954
16.95,-1.2807599153523526,-1.2572308855622198,-0.023529029790132716
17.0,-1.082106614388199,-1.0782174849105335,-0.0038891294776655094
17.05,-0.849856480613296,-0.8526375213796227,0.002781040766326681
17.1,-0.6196267303984231,-0.6139811005022874,-0.0056456298961357065
17.150000000000002,-0.3927738733785865,-0.382272285107531,-0.010501588271055518
17.2,-0.15301474229149278,-0.1567528606624516,0.003738118370958804
17.25,0.10397691728034371,0.0765074055472509,0.02746951173309281
17.3,0.3571052397428431,0.324540974299806,0.03256426544303709
17.35,0.5736894575657295,0.5709572174342752,0.0027322401314543443
17.400000000000002,0.7328939764003175,0.7779280276193133,-0.04503405121899584
17.45,0.8319367498377295,0.9052212471426837,-0.07328449730495423
17.5,0.8687767856063848,0.9291623750453255,-0.06038558943894068
17.55,0.8232144811590221,0.8461306613574063,-0.02291618019838426
17.6,0.6633275575137291,0.6628931479088759,0.000434409604853192
17.650000000000002,0.378708567010277,0.39055496520887684,-0.011846398198599839
17.7,0.011195937730177095,0.05335744980318173,-0.042161512073004635
17.75,-0.3499637203651634,-0.29724273898597525,-0.052720981379188125
17.8,-0.612088725563586,-0.5858030267485125,-0.026285698815073477
17.85,-0.7301502888203693,-0.7440425225855988,0.013892233765229522
17.900000000000002,-0.7253468992639516,-0.7521680650741714,0.02682116581021987
17.95,-0.6593086321576012,-0.6561243585783043,-0.003184273579296848
18.0,-0.5889433963440251,-0.5414643722984338,-0.047479024045591345
18.05,-0.5390464514246419,-0.4803146797977431,-0.0587317716268988
18.1,-0.5083247235341014,-0.49177368292511925,-0.01655104060898216
18.150000000000002,-0.4925280183602039,-0.5446620961484304,0.05213407778822654
18.2,-0.4966047645425876,-0.5945529971921861,0.09794823264959851
18.25,-0.5245595085456065,-0.6187506218865525,0.09419111334094599
18.3,-0.5611478579591027,-0.6192636721800266,0.058115814220923934
18.35,-0.5677797943428936,-0.5973561170423336,0.029576322699439994
18.400000000000002,-0.4999409268974612,-0.5309171969665714,0.030976270069110134
18.45,-0.3325696622153699,-0.3816015860092104,0.049031923793840526
18.5,-0.07407117496430403,-0.12812043959775601,0.054049264633451985
18.55,0.23793804548854097,0.20433658056219833,0.03360146492634264
18.6,0.5509114694155989,0.5460737009198486,0.004837768495750239
18.650000000000002,0.8108508678625853,0.8164567147511842,-0.005605846888598887
18.7,0.9729988431647051,0.9637317549482983,0.00926708821640676
18.75,1.0139358043341677,0.9839991508500274,0.02993665348414032
18.8,0.9437287245045974,0.9119349007898162,0.03179382371478123
18.85,0.8069419644040924,0.7962142585802455,0.010727705823846856
18.900000000000002,0.6625575910344993,0.6770423243711602,-0.014484733336660893
18.95,0.5494447500849732,0.5738993542616798,-0.02445460417670664
19.0,0.4614238274165046,0.4826080615869633,-0.02118423417045867
19.05,0.3544656020019183,0.38033833405355916,-0.025872732051640868
19.1,0.1848245036964162,0.23981952637887238,-0.05499502268245618
19.150000000000002,-0.04970832289651308,0.050537184814530824,-0.1002455077110439
19.200000000000003,-0.29793151391444345,-0.16430534674650799,-0.13362616716793546
19.25,-0.4821554451871039,-0.3495204831713113,-0.1326349620157926
19.3,-0.5423996408716188,-0.44217445375233216,-0.10022518711928669
19.35,-0.4648322748992968,-0.4043771446077738,-0.060455130291522996
19.400000000000002,-0.27818441263304605,-0.2424868431022535,-0.03569756953079256
19.450000000000003,-0.029608411986933682,-0.0010705682244854945,-0.028537843762448188
19.5,0.23569488916604062,0.26013981890564514,-0.02444492973960452
19.55,0.4781536692772361,0.4875197054918749,-0.009366036214638773
19.6,0.6588203994114226,0.6419272426623794,0.016893156749043126
19.650000000000002,0.7418490819656456,0.6987075823318518,0.04314149963379377
19.700000000000003,0.7089386210825982,0.6498870627563086,0.05905155832628961
19.75,0.5729948517326805,0.5101181758407057,0.06287667589197476
19.8,0.37500466715831504,0.31645248784518415,0.05855217931313089
19.85,0.16286730966289265,0.11379168720646306,0.04907562245642959
19.900000000000002,-0.03162000244205459,-0.06708341883378628,0.03546341639173169
19.950000000000003,-0.19950673724511178,-0.22063873290879416,0.021131995663682374
20.0,-0.3427164668329842,-0.3559938720778878,0.013277405244903617
20.05,-0.4581216064962901,-0.474722869287309,0.016601262791018923
20.1,-0.533929457383795,-0.5598792374962757,0.025949780112480614
20.150000000000002,-0.5597586407411921,-0.5882753074064752,0.028516666665283075
20.200000000000003,-0.536719364457302,-0.5532187778583217,0.01649941340101979
20.25,-0.47446181755731004,-0.4721992206367495,-0.0022625969205605223
20.3,-0.3775498989103589,-0.36868053653470156,-0.00886936237565733
20.35,-0.236990752070929,-0.24563185993296172,0.008641107862032704
20.400000000000002,-0.03943880456907974,-0.0806387197856488,0.04119991521656905
20.450000000000003,0.21100593235608392,0.14683303802635825,0.06417289432972567
20.5,0.47785856015913136,0.41881984826733604,0.059038711891795326
20.55,0.6999546730455851,0.6692169363412566,0.030737736704328555
20.6,0.8186928926590967,0.8153137004151221,0.003379192243974649
20.650000000000002,0.8051899549647606,0.8068610795867486,-0.0016711246219879294
20.700000000000003,0.6685924073981295,0.65224337646675,0.016349030931379516
20.75,0.4432117162473332,0.40233521158473295,0.04087650466260023
20.8,0.1682067664722954,0.11083856176796753,0.05736820470432788
20.85,-0.12465483896728918,-0.19191899801424525,0.06726415904695607
20.900000000000002,-0.41108109224806505,-0.49291629661788944,0.08183520436982439
20.950000000000003,-0.6697441633221769,-0.7734083801873174,0.10366421686514049
21.0,-0.881636712425247,-0.9990914461079958,0.11745473368274884
21.05,-1.0336557890155678,-1.1356948558490998,0.10203906683353203
21.1,-1.1204151067598513,-1.17265373665998,0.05223862990012873
21.150000000000002,-1.140838137342169,-1.1284782305524945,-0.012359906789674469
21.200000000000003,-1.0935757597473317,-1.031769347599075,-0.06180641214825666
21.25,-0.9779401003490625,-0.8983676573980974,-0.0795724429509651
21.3,-0.8009499795591778,-0.7285523195359993,-0.07239766002317849
21.35,-0.5829944500198208,-0.5251248647659009,-0.05786958525391983
21.400000000000002,-0.3543723058811581,-0.30957839268600046,-0.04479391319515763
21.450000000000003,-0.1439581563001766,-0.11593353452868935,-0.028024621771487263
21.5,0.029961887639399082,0.032207116840583444,-0.002245229201184362
21.55,0.15834836378222927,0.13549482301650811,0.02285354076572116
21.6,0.23271433815298756,0.20680232503246523,0.025912013120522326
21.650000000000002,0.2413462486437125,0.24637216252829933,-0.005025913884586813
21.700000000000003,0.1783787390342779,0.23442642512825443,-0.056047686093976534
21.75,0.058681463370367976,0.15462333675623383,-0.09594187338586585
21.8,-0.07865651248719203,0.026281095063786522,-0.10493760755097856
21.85,-0.18806006976931605,-0.09225083011767268,-0.09580923965164337
21.900000000000002,-0.24567171777641866,-0.14166990268380011,-0.10400181509261855
21.950000000000003,-0.26305869224012224,-0.1101288145027257,-0.15292987773739652
22.0,-0.26986360556699485,-0.04341926745072557,-0.22644433811626927
22.05,-0.27562631720408703,0.0005290595332379956,-0.27615537673732504
22.1,-0.2429294701114555,0.01669466085354176,-0.25962413096499726
22.150000000000002,-0.09947176345917949,0.0768833124454466,-0.1763550759046261
22.200000000000003,0.2133755960109616,0.28323345419054036,-0.06985785817957876
22.25,0.6890345550544182,0.6834226376452817,0.00561191740913658
22.3,1.2399025619735458,1.2154971381808184,0.024405423792727365
22.35,1.7301580869759787,1.7275670746009937,0.0025910123749850467
22.400000000000002,2.03480130418957,2.057110917277246,-0.022309613087676095
22.450000000000003,2.0866346450992284,2.1102259101326024,-0.023591265033374054
22.5,1.887295519053274,1.8892050371594633,-0.001909518106189223
22.55,1.4877813431510705,1.4643555723938744,0.023425770757196096
22.6,0.9620445891853019,0.9269612143530613,0.035083374832240555
22.650000000000002,0.3914362609060823,0.3611233687059834,0.030312892200098918
22.700000000000003,-0.14143605691428213,-0.159081625311355,0.017645568397072875
22.75,-0.5621876287302856,-0.5678763792692892,0.00568875053900364
22.8,-0.8231020320946386,-0.8195752182288316,-0.003526813865806999
22.85,-0.9202204587257066,-0.9079605197691851,-0.012259938956521443
22.900000000000002,-0.8926523664606872,-0.8715075396477723,-0.021144826812914963
22.950000000000003,-0.7995484085478369,-0.7728918019458227,-0.026656606602014188
23.0,-0.6892099298376352,-0.6657548727094428,-0.023455057128192403
23.05,-0.5822359952905947,-0.5740934702766891,-0.008142525013905555
23.1,-0.47855801734524234,-0.49722177441066095,0.018663757065418618
23.150000000000002,-0.3776624567933901,-0.42958462812184095,0.05192217132845084
23.200000000000003,-0.2913772794046392,-0.3738663969535998,0.0824891175489606
23.25,-0.23801943986879412,-0.33709167626084946,0.09907223639205534
23.3,-0.22566916498418485,-0.31891814946946206,0.09324898448527721
23.35,-0.24248798988717754,-0.3082948641070137,0.06580687421983614
23.400000000000002,-0.26426583219872624,-0.2933141572062855,0.029048325007559272
23.450000000000003,-0.27222690613290396,-0.2732711202783952,0.001044214145491218
23.5,-0.26453613283924116,-0.2590479373963537,-0.005488195442887478
23.55,-0.2516705834277072,-0.26040421780184797,0.008733634374140764
23.6,-0.24140152629267636,-0.2726167873090674,0.03121526101639105
23.650000000000002,-0.22809746419956062,-0.27557332335417933,0.047475859154618716
23.700000000000003,-0.19542117308673257,-0.24589916015480356,0.050477987068070995
23.75,-0.12802933737010802,-0.17053723102043822,0.0425078936503302
23.8,-0.02043656068439752,-0.050498344540449616,0.030061783856052095
23.85,0.12355948392646991,0.10536423259796884,0.01819525132850107
23.900000000000002,0.296330319886605,0.28713706933436783,0.009193250552237187
23.950000000000003,0.4875439351493133,0.48327358315189056,0.004270351997422761
24.0,0.6785166772993766,0.674531801839646,0.003984875459730586
24.05,0.8377325794142577,0.8313640840173111,0.006368495396946616
24.1,0.9274401513463741,0.9209172265011475,0.006522924845226652
24.150000000000002,0.9213519610102616,0.9205969958598011,0.0007549651504604737
24.200000000000003,0.821081764392542,0.828890669838309,-0.007808905445766956
24.25,0.6570189872004701,0.6662423925089291,-0.009223405308458998
24.3,0.47113531151518634,0.46623528951371046,0.004900022001475879
24.35,0.29441352934136167,0.2631393954297648,0.03127413391159689
24.400000000000002,0.13595407042945912,0.08222670085524038,0.05372736957421874
24.450000000000003,-0.009898000465419936,-0.0641479065902031,0.054249906124783163
24.5,-0.14781469084009607,-0.1751295466478856,0.02731485580778953
24.55,-0.27265631864612405,-0.25680062449147667,-0.015855694154647382
24.6,-0.3743932268268333,-0.3172378300329776,-0.05715539679385567
24.650000000000002,-0.44931044031027517,-0.3636541957619219,-0.0856562445483533
24.700000000000003,-0.5043298689948981,-0.4023766365438413,-0.10195323245105675
24.75,-0.5494416399227964,-0.439762068529962,-0.10967957139283435
24.8,-0.5864933280204961,-0.4810700733393295,-0.10542325468116664
24.85,-0.6071247883259352,-0.5267996321961722,-0.08032515612976299
24.900000000000002,-0.6035145459959236,-0.5701941554727127,-0.0333203905232109
24.950000000000003,-0.5818282032065145,-0.6005222323435366,0.018694029137022117
25.0,-0.5639081556927625,-0.6117320524812704,0.04782389678850785
25.05,-0.5728766056642478,-0.6092386803321778,0.036362074667929956
25.1,-0.6136458486977157,-0.606723773272786,-0.006922075424929619
25.150000000000002,-0.6650313299650974,-0.6128779177569348,-0.05215341220816261
25.200000000000003,-0.6904006195968296,-0.6183393119062093,-0.07206130769062036
25.25,-0.6576155776549483,-0.5949739596214351,-0.0626416180335132
25.3,-0.5517913771478005,-0.5097461026855747,-0.042045274462225724
25.35,-0.37286829360228274,-0.3426376917653156,-0.03023060183696713
25.400000000000002,-0.12563181029555404,-0.0952651174796121,-0.03036669281594194
25.450000000000003,0.18303897557482635,0.21292802420438348,-0.02988904862955713
25.5,0.5337197824361117,0.5517526801114968,-0.018032897675385073
25.55,0.88117046227795,0.88097365334444,0.0001968089335100398
25.6,1.1559978678481377,1.147194924827909,0.00880294302022877
25.650000000000002,1.288665372857505,1.2900803495518647,-0.0014149766943596376
25.700000000000003,1.243335834626117,1.2653876286170715,-0.022051793990954582
25.75,1.0376258014123,1.073056725373538,-0.035430923961237815
25.8,0.732867304766931,0.7657653765930014,-0.03289807182607041
25.85,0.40164450300052323,0.42412568514415755,-0.022481182143634315
25.900000000000002,0.09637254023420126,0.11318545709553182,-0.01681291686133056
25.950000000000003,-0.1600721627002623,-0.14547573244499123,-0.014596430255271076
26.0,-0.3604263678873922,-0.3628275864359633,0.0024012185485711157
26.05,-0.49381163374526027,-0.5442785002056413,0.05046686646038101
26.1,-0.5413729536244104,-0.6625618932506409,0.12118893962623045
26.150000000000002,-0.4911290093797714,-0.6709977996211154,0.179868790241344
26.200000000000003,-0.35747103339007236,-0.5482448090326459,0.19077377564257358
26.25,-0.1856977967007074,-0.33343163751851795,0.14773384081781055
26.3,-0.03468543955309516,-0.1159840849824834,0.08129864542938825
26.35,0.05064045064023047,0.01603666204225016,0.034603788597980314
26.400000000000002,0.057274504790294306,0.028109170030557993,0.029165334759736313
26.450000000000003,0.0013747355462272286,-0.04929074061833464,0.050665476164561865
26.5,-0.08968753233772193,-0.15500809052405348,0.06532055818633155
26.55,-0.19473643192431653,-0.24421595019630168,0.04947951827198516
26.6,-0.3036793659747511,-0.30941541087446495,0.005736044899713855
26.650000000000002,-0.41033078331520695,-0.36543642873409293,-0.044894354581114015
26.700000000000003,-0.5029877340031851,-0.4210842464928407,-0.08190348751034437
26.75,-0.5617749044649201,-0.4659792164621693,-0.09579568800275079
26.8,-0.5638622451583417,-0.47924476813954436,-0.08461747701879735
26.85,-0.49127744510225474,-0.4435796412802706,-0.04769780382198413
26.900000000000002,-0.33646112735956535,-0.34819826298768464,0.011737135628119288
26.950000000000003,-0.10542177074866318,-0.18376193255569412,0.07834016180703093
27.0,0.17915030580049748,0.05374728132734862,0.12540302447314886
27.05,0.4752288402307631,0.34344549445212963,0.1317833457786335
27.1,0.7241943679415042,0.6215802568105836,0.10261411113092056
27.150000000000002,0.8639694452788463,0.7922686890773124,0.07170075620153393
27.200000000000003,0.8510435162180519,0.7739541326071218,0.0770893836109301
27.25,0.6814965885745857,0.5543735632715256,0.12712302530306008
27.3,0.3982898797424232,0.21149436523922996,0.18679551450319323
27.35,0.07828185020098118,-0.12094727753257514,0.19922912773355633
27.400000000000002,-0.19602133227046487,-0.3231498868921892,0.12712855462172434
27.450000000000003,-0.3659620238894428,-0.34753388986494804,-0.01842813402449478
27.5,-0.41300466751186793,-0.2292677638202135,-0.18373690369165444
27.55,-0.35543002936156876,-0.04915365142233301,-0.30627637793923573
27.6,-0.23033225863698856,0.11952553939637994,-0.3498577980333685
27.650000000000002,-0.07326859366357844,0.2447669370337999,-0.31803553069737833
27.700000000000003,0.0925617591805052,0.3354737145901971,-0.2429119554096919
27.75,0.2534729115939342,0.4166343270174423,-0.1631614154235081
27.8,0.394622123315118,0.5008251870558028,-0.10620306374068483
27.85,0.4929076915761767,0.5731088604435228,-0.08020116886734613
27.900000000000002,0.5217385311082913,0.5963448916905649,-0.07460636058227366
27.950000000000003,0.4659026348565579,0.533793503955822,-0.06789086909926412
28.0,0.3351483667212298,0.3767266131384399,-0.04157824641721014
28.05,0.16421276031264978,0.15884027010229038,0.005372490210359404
28.1,-0.0031055602558838964,-0.05661369678688622,0.05350813653100232
28.150000000000002,-0.13496641024061784,-0.2133593170606735,0.07839290682005565
28.200000000000003,-0.22170023232497962,-0.2972780203300877,0.07557778800510809
28.25,-0.26814387096170356,-0.34008940544798844,0.07194553448628488
28.3,-0.27699459214228717,-0.3835709561929555,0.10657636405066834
28.35,-0.24071372697963764,-0.4318083303166438,0.19109460333700615
28.400000000000002,-0.15170686663474758,-0.4357187253660095,0.2840118587312619
28.450000000000003,-0.02218360391203008,-0.3314105604443713,0.3092269565323412
28.5,0.10675176497289177,-0.10630949335691704,0.21306125832980882
28.55,0.18008846987304095,0.16393401249586304,0.01615445737717791
28.6,0.16005298380075977,0.3471497218952613,-0.1870967380945015
28.650000000000002,0.0494365360961329,0.33869118295208656,-0.28925464685595365
28.700000000000003,-0.11178312912893884,0.13495507974064003,-0.24673820886957887
28.75,-0.2726584472997099,-0.16160126606325845,-0.11105718123645145
28.8,-0.3969658280058099,-0.40969256818535854,0.012726740179548668
28.85,-0.4676547899318689,-0.5152321261481422,0.0475773362162733
28.900000000000002,-0.471992014611583,-0.47166342594685084,-0.00032858866473217674
28.950000000000003,-0.3897827876333319,-0.33284689332623535,-0.05693589430709656
29.0,-0.2041232150963014,-0.15347713659411757,-0.05064607850218383
29.05,0.07068020110821087,0.04701756510262892,0.023662636005581945
29.1,0.371895849295834,0.27073237177997467,0.10116347751585936
29.150000000000002,0.6059842944718888,0.500573927261763,0.10541036721012587
29.200000000000003,0.6958113809608585,0.6787979457560619,0.01701343520479659
29.25,0.6237096611942758,0.7301275529890048,-0.10641789179472894
29.3,0.43676307430870553,0.6122480969125679,-0.17548502260386234
29.35,0.21125457822476917,0.3516781728906412,-0.140423594665872
29.400000000000002,0.006977609938112958,0.03578674983108648,-0.02880913989297352
29.450000000000003,-0.15199650467269865,-0.2324685589915934,0.08047205431889476
29.5,-0.2606115543445593,-0.3835705851558716,0.12295903081131232
29.55,-0.30475116873542046,-0.4026757058141952,0.09792453707877474
29.6,-0.2550225350960254,-0.31612685618561326,0.061104321089587854
29.650000000000002,-0.09137036933698915,-0.16118783250454502,0.06981746316755587
29.700000000000003,0.1653300834738813,0.035905007855599365,0.12942507561828195
29.75,0.44769361414251374,0.26023087609277007,0.18746273804974367
29.8,0.6719740370914505,0.49213055514086856,0.17984348195058197
29.85,0.7808193742323282,0.692098159381049,0.08872121485127915
29.900000000000002,0.7647176234659538,0.802584332946508,-0.03786670948055415
29.950000000000003,0.6489325417146379,0.7701161862907583,-0.12118364457612041
30.0,0.4638266773557809,0.575531692725727,-0.11170501536994609
30.05,0.227936333011946,0.2517903291955533,-0.023853996183607284
30.1,-0.044299216537415295,-0.12530212262285906,0.08100290608544376
30.150000000000002,-0.32520648736474256,-0.47025370625800894,0.14504721889326638
30.200000000000003,-0.5709756250617054,-0.7242301935589804,0.15325456849727503
30.25,-0.7404405373930611,-0.8711912501196178,0.1307507127265567
30.3,-0.8189034113528003,-0.9263315294199644,0.10742811806716412
30.35,-0.8242740393732516,-0.9113250126266764,0.08705097325342481
30.400000000000002,-0.7900863420591996,-0.8395864193057767,0.04950007724657712
30.450000000000003,-0.7420534585708705,-0.7220018305137426,-0.0200516280571279
30.5,-0.6890606439112612,-0.581472745313917,-0.10758789859734419
30.55,-0.6325929086044364,-0.4551082099807651,-0.17748469862367128
30.6,-0.579251067090027,-0.3760956951685466,-0.20315537192148048
30.650000000000002,-0.5396064762877785,-0.35023785902617793,-0.18936861726160054
30.700000000000003,-0.5138469936082393,-0.3508671747575073,-0.16297981885073198
30.75,-0.48129454055914955,-0.339814531746326,-0.14148000881282358
30.8,-0.40867398027902546,-0.29631454062649165,-0.11235943965253381
30.85,-0.273070086573851,-0.22666230754610545,-0.046407779027745566
30.900000000000002,-0.07985907602453747,-0.1459257612818963,0.06606668525735883
30.950000000000003,0.1398622782483827,-0.051785864627902474,0.19164814287628518
31.0,0.3481228694281051,0.07957621359154331,0.2685466558365618
31.05,0.5164279313756257,0.26630247983570504,0.25012545153992066
31.1,0.6263544745403253,0.4854699587412026,0.14088451579912276
31.150000000000002,0.6601261871895918,0.6648735125695688,-0.004747325379977019
31.200000000000003,0.5984842647342852,0.7163996988321075,-0.11791543409782235
31.25,0.4345125821784434,0.5897528647137672,-0.1552402825353238
31.3,0.19226128329553058,0.30741705058868185,-0.11515576729315127
31.35,-0.07043119645563804,-0.04315280359725189,-0.027278392858386152
31.400000000000002,-0.28347049035008404,-0.35144589762725886,0.06797540727717483
31.450000000000003,-0.39676473253742384,-0.5303056854661359,0.13354095292871204
31.5,-0.39953461919872435,-0.5425883749611268,0.14305375576240242
31.55,-0.3151299572201184,-0.4041223360660865,0.08899237884596811
31.6,-0.18152810188200835,-0.1724526943937981,-0.009075407488210258
31.650000000000002,-0.03706943760744344,0.07119147163802102,-0.10826090924546446
31.700000000000003,0.08031912430291141,0.2461162650489817,-0.1657971407460703
31.75,0.1304971429756165,0.2998377330306606,-0.1693405900550441
31.8,0.07982652679817952,0.226757769513183,-0.14693124271500346
31.85,-0.07840948961304058,0.06331615907561002,-0.1417256486886506
31.900000000000002,-0.309044292279029,-0.1398704425827923,-0.16917384969623672
31.950000000000003,-0.5431263048775393,-0.3473064601098244,-0.1958198447677149
32.0,-0.7075776498959448,-0.5433813949866719,-0.16419625490927292
32.050000000000004,-0.7550401857739332,-0.7083190158813369,-0.046721169892596226
32.1,-0.6726539798625072,-0.7911609581333183,0.11850697827081114
32.15,-0.4692521612095358,-0.7141337223977698,0.24488156118823406
32.2,-0.16082091316254213,-0.41740839418668374,0.25658748102414164
32.25,0.22719693565692936,0.085374034099402,0.14182290155752736
32.300000000000004,0.644199617380164,0.686616723943165,-0.04241710656300102
32.35,1.0085589941919628,1.2219583378360133,-0.21339934364405044
32.4,1.2304332547538546,1.5442254163343736,-0.31379216158051904
32.45,1.2555857473341145,1.5867102740125143,-0.33112452667839976
32.5,1.0990167224640026,1.3799474243105134,-0.2809307018465108
32.550000000000004,0.8404893634100568,1.0224501130565251,-0.18196074964646836
32.6,0.5828408085467471,0.6339627098187565,-0.05112190127200933
32.65,0.4027041622795566,0.31921476558347406,0.08348939669608252
32.7,0.32643101164762217,0.1495235852074659,0.17690742644015628
32.75,0.3402388658549036,0.15349443931169557,0.18674442654320803
32.800000000000004,0.41597815441448577,0.3104860781338768,0.10549207628060897
32.85,0.5270022674760989,0.5526714609040613,-0.025669193427962367
32.9,0.6455644798977652,0.7849190831030296,-0.13935460320526438
32.95,0.734654323731947,0.9199024366731247,-0.1852481129411777
33.0,0.7519309568385623,0.9110370589501962,-0.1591061021116339
33.050000000000004,0.6686830779715871,0.7645270380666433,-0.09584396009505625
33.1,0.4891468828022516,0.5263906890468311,-0.03724380624457946
33.15,0.2529330313122618,0.25701237923577597,-0.004079347923514165
33.2,0.0173625944405566,0.009742048851047843,0.007620545589508757
33.25,-0.1674056885666964,-0.17936620925862531,0.011960520691928905
33.300000000000004,-0.2743706325408871,-0.29424821895601383,0.019877586415126713
33.35,-0.3011949387554662,-0.3390293547580175,0.037834416002551274
33.4,-0.2636028274554293,-0.33528820661181263,0.07168537915638334
33.45,-0.18924057459451588,-0.3134071067379042,0.1241665321433883
33.5,-0.11359939944323988,-0.2999928368995054,0.18639343745626552
33.550000000000004,-0.0734930474906825,-0.3092692826467668,0.23577623515608429
33.6,-0.09575663894654902,-0.3442693756011436,0.2485127366545946
33.65,-0.18624349452472347,-0.4042454434866912,0.21800194896196776
33.7,-0.3275686775140373,-0.4885658306172919,0.16099715310325463
33.75,-0.48862330228770773,-0.5924908326754382,0.1038675303877305
33.800000000000004,-0.6396202620711742,-0.7014648664662466,0.061844604395072444
33.85,-0.762440712643494,-0.7943552232494454,0.03191451060595141
33.9,-0.8509132268312535,-0.8563006344755542,0.005387407644300679
33.95,-0.9041602042102164,-0.8885678043342251,-0.015592399875991259
34.0,-0.9203180660189548,-0.9023473398184471,-0.01797072620050777
34.050000000000004,-0.8951864047195487,-0.8993472883906635,0.004160883671114779
34.1,-0.8249974999080046,-0.8587729159628441,0.03377541605483947
34.15,-0.7099665825887779,-0.7482504684955273,0.03828388590674947
34.2,-0.5563940354596689,-0.5539078297910001,-0.0024862056686688616
34.25,-0.37662261682889797,-0.30308904047336466,-0.07353357635553331
34.300000000000004,-0.1861087478348059,-0.05540713132543466,-0.13070161650937126
34.35,0.002813556686056093,0.135066581609342,-0.13225302492328592
34.4,0.18777021898529792,0.2563698468496619,-0.068599627864364
34.45,0.3771985300950204,0.3429731361227067,0.03422539397231372
34.5,0.5798424138510744,0.4441373648733624,0.13570504897771196
34.550000000000004,0.7864294575569095,0.5826586948994233,0.20377076265748617
34.6,0.9574572981939534,0.735854750864245,0.2216025473297084
34.65,1.0317670185637675,0.8489325972364186,0.18283442132734895
34.7,0.9569871939571929,0.8649537903804049,0.09203340357678802
34.75,0.7240247624272683,0.7491908824738571,-0.025166120046588802
34.800000000000004,0.3803405584707435,0.4994903662698645,-0.11914980779912099
34.85,0.009834678826793123,0.14849520050758214,-0.13866052168078902
34.9,-0.3081247694032855,-0.23778091808309945,-0.07034385132018603
34.95,-0.5322434441294304,-0.5715008099587361,0.039257365829305724
35.0,-0.6642263719789964,-0.7722901511875936,0.10806377920859722
35.050000000000004,-0.727750896922184,-0.8055835591832774,0.07783266226109342
35.1,-0.7436868555714473,-0.7038845096992783,-0.03980234587216902
35.15,-0.722260275858008,-0.5495376829980275,-0.17272259285998048
35.2,-0.6733103569581488,-0.42680750306218657,-0.24650285389596222
35.25,-0.6176260049709051,-0.3786308125455356,-0.23899519242536954
35.300000000000004,-0.5826580663019677,-0.40007970049073155,-0.18257836581123615
35.35,-0.5833575984596063,-0.4662674257549432,-0.11709017270466315
35.4,-0.6056955785950321,-0.5601371548288685,-0.04555842376616359
35.45,-0.6099729870158888,-0.6690927388198137,0.059119751803924925
35.5,-0.5538437538450548,-0.7569899012691811,0.2031461474241263
35.550000000000004,-0.4176115419757891,-0.7510099195396903,0.3333983775639012
35.6,-0.21303697680854103,-0.5742508711190436,0.36121389431050255
35.65,0.027931411040102973,-0.2087293009659998,0.23666071200610275
35.7,0.27137756192579715,0.2653164379189829,0.006061124006814245
35.75,0.4906300451124821,0.6975359882352415,-0.20690594312275945
35.800000000000004,0.662806588562439,0.9516499967565782,-0.28884340819413923
35.85,0.7632467034542207,0.9841157786593806,-0.22086907520515986
35.9,0.7702904764090218,0.8577976002837182,-0.08750712387469639
35.95,0.680906678915854,0.68487794628194,-0.003971267366085995
36.0,0.5239436935896732,0.5497666889721615,-0.025822995382488334
36.050000000000004,0.3560118780654017,0.47207791364526497,-0.11606603557986328
36.1,0.23762980263042718,0.42752535786800083,-0.18989555523757365
36.15,0.2034406711826765,0.3935745382123827,-0.1901338670297062
36.2,0.24607382212396145,0.3732264856192109,-0.12715266349524945
36.25,0.32383452637982973,0.38078418252152696,-0.056949656141697225
36.300000000000004,0.3858097904463605,0.41283043946296394,-0.02702064901660345
36.35,0.3973267459441082,0.4378372584989223,-0.04051051255481408
36.4,0.35124982410134203,0.41445504396793126,-0.06320521986658922
36.45,0.2626440033468176,0.3200178388064837,-0.05737383545966612
36.5,0.15549414064751696,0.16520298695651714,-0.00970884630900018
36.550000000000004,0.05240548054511324,-0.011984611701260339,0.06439009224637357
36.6,-0.028298195663059373,-0.16240546609763395,0.13410727043457457
36.65,-0.0718496387189097,-0.2411771719898073,0.16932753327089758
36.7,-0.06897115289128336,-0.221343931408782,0.15237277851749864
36.75,-0.022027329791681198,-0.10778393426091992,0.08575660446923872
36.800000000000004,0.04992475692418366,0.055639021300453506,-0.005714264376269845
36.85,0.11453147915809812,0.19864473666964214,-0.08411325751154401
36.9,0.13977080927324517,0.2582178160971928,-0.11844700682394763
36.95,0.11070424769971374,0.21301086482587445,-0.10230661712616071
37.0,0.037870729141461376,0.090805476054774,-0.052934746913312625
37.050000000000004,-0.04936648511755625,-0.05776268588135531,0.008396200763799058
37.1,-0.12036929766402694,-0.19439995035872776,0.07403065269470081
37.15,-0.15943085792646486,-0.30383598651899485,0.14440512859253
37.2,-0.17003210677466302,-0.3738471042693399,0.2038149974946769
37.25,-0.16657119566182507,-0.37510870767426846,0.2085375120124434
37.300000000000004,-0.16255972370869012,-0.2757728118331253,0.11321308812443517
37.35,-0.16496151972485268,-0.08701809286270917,-0.0779434268621435
37.4,-0.17613683303446795,0.1084481706514584,-0.2845850036859263
37.45,-0.19638691196551192,0.1916975735589684,-0.3880844855244803
37.5,-0.22029266525471208,0.09710817143100711,-0.31740083668571917
37.550000000000004,-0.2289758008166766,-0.1151938595053525,-0.11378194131132409
37.6,-0.18865256603859154,-0.27753618093522503,0.08888361489663349
37.65,-0.06364553535718509,-0.22635152451704116,0.16270598915985607
37.7,0.16039683941206917,0.07488717306752317,0.085509666344546
37.75,0.4588533727121048,0.5026615738782167,-0.04380820116611195
37.800000000000004,0.7707814424788,0.8605906808649516,-0.08980923838615162
37.85,1.0223951138989757,1.0158995546336258,0.006495559265349948
37.9,1.1565261049204725,0.9739409414353053,0.18258516348516718
37.95,1.1501594058137907,0.8370306303608539,0.3131287754529368
38.0,1.0134645072284525,0.6962265459585499,0.31723796126990256
38.050000000000004,0.7781965595955538,0.5582917834177707,0.21990477617778303
38.1,0.48751759999483146,0.3684717556437136,0.11904584435111787
38.15,0.19092944012128465,0.09589253777104657,0.09503690235023808
38.2,-0.06213704498496557,-0.20818339437880684,0.14604634939384126
38.25,-0.23630303546065007,-0.4378864316229657,0.20158339616231563
38.300000000000004,-0.32701277052207905,-0.5199072372932525,0.19289446677117345
38.35,-0.3658273609687244,-0.4779999714256914,0.11217261045696697
38.400000000000006,-0.4042663914689909,-0.41576504723017055,0.011498655761179644
38.45,-0.48294903882496143,-0.4349479613648554,-0.04800107746010601
38.5,-0.6069310009557668,-0.5621176053031198,-0.04481339565264697
38.550000000000004,-0.7453139753118985,-0.7425964359502737,-0.0027175393616247767
38.6,-0.8543765606728887,-0.8961234120698793,0.041746851396990636
38.650000000000006,-0.9050186045533776,-0.9773609073162779,0.07234230276290032
38.7,-0.8937836982893713,-0.9905846569276422,0.09680095863827087
38.75,-0.8330067626484539,-0.95823446471546,0.12522770206700617
38.800000000000004,-0.7340940604076306,-0.8850925166860716,0.150998456278441
38.85,-0.6015398340070637,-0.7558951777656278,0.15435534375856408
38.900000000000006,-0.4417970833744135,-0.5644762693716611,0.12267918599724759
38.95,-0.27471630963197874,-0.33975697425152757,0.06504066461954883
39.0,-0.13221599543308316,-0.13877591278577697,0.006559917352693817
39.050000000000004,-0.04173145655110884,-0.010781189343391673,-0.030950267207717166
39.1,-0.007759698760280823,0.0358483307166701,-0.04360802947695093
39.150000000000006,-0.00804577006386343,0.03568587942436224,-0.043731649488225666
39.2,-0.008730195250847752,0.03751249125748645,-0.0462426865083342
39.25,0.013169218224050906,0.06995034657197217,-0.05678112834792127
39.300000000000004,0.05678103526324641,0.12736378373529064,-0.07058274847204424
39.35,0.10165239297836219,0.18166372665614366,-0.08001133367778147
39.400000000000006,0.1231094201828942,0.2050276061999523,-0.08191818601705811
39.45,0.10620849506582032,0.18440335848727454,-0.07819486342145422
39.5,0.05063311505182116,0.12074090512883938,-0.07010779007701823
39.550000000000004,-0.03202005040007404,0.020711239759715425,-0.05273129015978946
39.6,-0.12290689364282106,-0.1066891615420499,-0.016217732100771168
39.650000000000006,-0.19974366158918566,-0.24409677464739324,0.04435311305820758
39.7,-0.24140315681712846,-0.35798684647690887,0.11658368965978042
39.75,-0.23502081592188828,-0.40236675520177556,0.16734593927988728
39.800000000000004,-0.1831069868520906,-0.3401750008204732,0.1570680139683826
39.85,-0.10506453090120813,-0.17275810557918597,0.06769357467797785
39.900000000000006,-0.029868647444602554,0.04479954561303359,-0.07466819305763614
39.95,0.017070213608064655,0.22140652331352592,-0.20433630970546127
40.0,0.025321091703853046,0.2781324509277713,-0.25281135922391823
40.050000000000004,0.0027156377605593784,0.19815805591219096,-0.19544241815163158
40.1,-0.03049288714725292,0.0414825506952747,-0.07197543784252762
40.150000000000006,-0.052481400377115045,-0.09140632570829117,0.03892492533117613
40.2,-0.04999686987670784,-0.12443885224318733,0.0744419823664795
40.25,-0.02355749215764518,-0.05252335640562884,0.028965864247983662
40.300000000000004,0.014033630465445621,0.06460214964436066,-0.05056851917891504
40.35,0.04524618777375008,0.15371550580864796,-0.10846931803489787
40.400000000000006,0.05839902145505963,0.1812517212787789,-0.12285269982371927
40.45,0.05611944701084702,0.16691445729846055,-0.11079501028761353
40.5,0.05663266422531325,0.15431106439596665,-0.09767840017065339
40.550000000000004,0.08631068610799424,0.17290740523152523,-0.086596719123531
40.6,0.16708868074604424,0.22746132228135785,-0.060372641535313604
40.650000000000006,0.30531435653492983,0.31703752272478836,-0.011723166189858525
40.7,0.4869684422166241,0.4521679194846817,0.034800522731942396
40.75,0.6798668882403762,0.641829767269938,0.03803712097043821
40.800000000000004,0.840685003132496,0.8593878683117192,-0.01870286517922326
40.85,0.9252656145159214,1.0283103446167663,-0.10304473010084492
40.900000000000006,0.9019191493075923,1.057159236284466,-0.15524008697687364
40.95,0.7654177426158039,0.905433435400107,-0.14001569278430315
41.0,0.5447354508986886,0.6242599296438454,-0.07952447874515678
41.050000000000004,0.29620219661408675,0.32999419652733264,-0.033791999913245885
41.1,0.08066442662875464,0.1262835905031994,-0.04561916387444476
41.150000000000006,-0.06447986445013862,0.037872770299787695,-0.10235263474992631
41.2,-0.14039859587430878,0.010365689986679185,-0.15076428586098797
41.25,-0.1778055727600994,-0.028967682215393177,-0.14883789054470623
41.300000000000004,-0.20993732232128584,-0.10771256996038031,-0.10222475236090553
41.35,-0.24775575486970705,-0.19766672005695526,-0.05008903481275179
41.400000000000006,-0.2754866986296238,-0.2577766007285059,-0.017710097901117938
41.45,-0.2672950703608275,-0.27975975336156655,0.012464683000739052
41.5,-0.20856275366783153,-0.2876730825307426,0.07911032886291106
41.550000000000004,-0.10348244291736543,-0.29453619217676746,0.19105374925940205
41.6,0.03439178000379867,-0.2666996872582569,0.30109146726205555
41.650000000000006,0.19515807230447293,-0.14102802716242727,0.3361860994669002
41.7,0.37336818941681443,0.11351595553645139,0.25985223388036305
41.75,0.5550849210567504,0.4459255578899551,0.10915936316679536
41.800000000000004,0.7059339914917825,0.7348469892195023,-0.028912997727719825
41.85,0.7764623830094353,0.8576946061429769,-0.08123222313354161
41.900000000000006,0.7257128298049103,0.7626760523499237,-0.0369632225450135
41.95,0.5461357175593706,0.48933796660528445,0.05679775095408618
42.0,0.2699913455591482,0.13016868090593023,0.139822664653218
42.050000000000004,-0.04770647398403275,-0.2272084724578886,0.17950199847385587
42.1,-0.3557553614043677,-0.532274200074398,0.17651883867003026
42.150000000000006,-0.6230765156917836,-0.7669063150334963,0.1438297993417127
42.2,-0.8363445226247227,-0.9263597822358695,0.09001525961114676
42.25,-0.9870931519606839,-1.0109667004974132,0.023873548536729294
42.300000000000004,-1.0629875030416824,-1.0299036052034916,-0.03308389783819088
42.35,-1.0504045721755728,-1.0003680573226117,-0.05003651485296112
42.400000000000006,-0.9434586172323804,-0.9335892282876784,-0.009869388944702018
42.45,-0.7502205076871123,-0.820822974060525,0.07060246637341261
42.5,-0.49239829759230425,-0.6392510603907792,0.14685276279847492
42.550000000000004,-0.20192019459789978,-0.37890608211189253,0.17698588751399275
42.6,0.08171600329250597,-0.06739728918538303,0.14911329247788901
42.650000000000006,0.31492024187626316,0.23265468088191965,0.08226556099434351
42.7,0.4588776513544658,0.45392333559528514,0.00495431575918065
42.75,0.4934616986357437,0.55699621774866,-0.06353451911291635
42.800000000000004,0.4276653495181711,0.5398765693759131,-0.11221121985774202
42.85,0.2965293559624418,0.42390997471568337,-0.12738061875324158
42.900000000000006,0.1436786725086245,0.23780326311467193,-0.09412459060604741
42.95,0.0007677203949583743,0.01682900499226468,-0.016061284597306307
43.0,-0.12165354279190996,-0.19020024412077854,0.06854670132886859
43.050000000000004,-0.22705900700683904,-0.3281649392218002,0.10110593221496114
43.1,-0.31864791852141333,-0.3644987964796757,0.04585087795826237
43.150000000000006,-0.3915685161757419,-0.317809658669776,-0.07375885750596589
43.2,-0.4369751456789037,-0.2540851006545728,-0.18289004502433093
43.25,-0.450693108565561,-0.24299703020205676,-0.20769607836350423
43.300000000000004,-0.43550501965798194,-0.3051359316442029,-0.13036908801377906
43.35,-0.3945087566857458,-0.3943259103952067,-0.00018284629053910706
43.400000000000006,-0.32417196491254985,-0.4315843762706302,0.10741241135808033
43.45,-0.21728311235306536,-0.3633293967095521,0.14604628435648676
43.5,-0.07574883257510065,-0.1972721631832559,0.12152333060815526
43.550000000000004,0.07851752770640395,0.008186462402399447,0.0703310653040045
43.6,0.2071515087562175,0.18481172860890194,0.022339780147315552
43.650000000000006,0.2740538041264219,0.28952273058704386,-0.015468926460621979
43.7,0.26642137238675234,0.31272054304580665,-0.04629917065905431
43.75,0.20257243576882372,0.26828867877454443,-0.06571624300572071
43.800000000000004,0.12142045020806713,0.18484182846543468,-0.06342137825736754
43.85,0.06205756201963348,0.10356019037814468,-0.0415026283585112
43.900000000000006,0.047050515607528064,0.0703679942617285,-0.02331747865420044
43.95,0.07715950053721837,0.11352302162974845,-0.03636352109253008
44.0,0.1358117954502483,0.21924823067258067,-0.08343643522233238
44.050000000000004,0.1975430150185096,0.33098525501394616,-0.13344223999543656
44.1,0.23698751810012758,0.38241234934311785,-0.14542483124299027
44.150000000000006,0.23801035767586468,0.34253529885054484,-0.10452494117468017
44.2,0.2013641321193569,0.23597767572554645,-0.03461354360618957
44.25,0.14595113692428865,0.12151833015275972,0.02443280677152894
44.300000000000004,0.0996290513488035,0.04910463563207255,0.05052441571673095
44.35,0.08266844421379196,0.03303790582088371,0.049630538392908256
44.400000000000006,0.09460438844522456,0.05950295712949499,0.03510143131572957
44.45,0.1149085699496092,0.11129543772656056,0.00361313222304864
44.5,0.11795869078815165,0.178872912668129,-0.060914221879977345
44.550000000000004,0.09121815900556789,0.2481785309784232,-0.15696037197285534
44.6,0.042901571755766796,0.28695364009984786,-0.24405206834408105
44.650000000000006,-0.005633698240252297,0.2561339422012665,-0.2617676404415188
44.7,-0.03507638204305894,0.1441659479633731,-0.17924233000643203
44.75,-0.03845310099589547,-0.009172138340907715,-0.029280962654987752
44.800000000000004,-0.02042017897176438,-0.1300861817028002,0.10966600273103583
44.85,0.010138383687489278,-0.16174598563627024,0.17188436932375953
44.900000000000006,0.04563168679617207,-0.10580775989593615,0.1514394466921082
44.95,0.07975971379352663,-0.016416224365083214,0.09617593815860984
45.0,0.10596348408308041,0.04803212563405846,0.057931358449021954
45.050000000000004,0.11988059357824073,0.07086624342985051,0.049014350148390215
45.1,0.1252686910638934,0.08052600633717942,0.044742684726713985
45.150000000000006,0.13617260355588817,0.11380065761793043,0.022371945937957743
45.2,0.16903101326694558,0.178737114616333,-0.009706101349387403
45.25,0.22744966487180515,0.25174720729104655,-0.024297542419241397
45.300000000000004,0.291267137993902,0.30383182139470577,-0.012564683400803744
45.35,0.3211385590718611,0.32114179729548115,-3.2382236200279024e-06
45.400000000000006,0.27905519785851124,0.2973094608734966,-0.01825426301498534
45.45,0.15243804393462376,0.21384828055594604,-0.06141023662132228
45.5,-0.03464658973948758,0.04430753108113554,-0.07895412082062311
45.550000000000004,-0.23133248736779172,-0.20798991197629846,-0.02334257539149326
45.6,-0.3846815313383221,-0.4744106866563784,0.08972915531805631
45.650000000000006,-0.46345049888831724,-0.63661336513475,0.17316286624643273
45.7,-0.4667909887240672,-0.6003933759485945,0.13360238722452733
45.75,-0.4148803816346722,-0.3739182129302991,-0.040962168704373136
45.800000000000004,-0.33048092285990416,-0.07857574685394401,-0.25190517600596013
45.85,-0.22504312060163684,0.1289211698261822,-0.3539642904278191
45.900000000000006,-0.09781030005749605,0.16711426812420757,-0.2649245681817036
45.95,0.0540065492953882,0.08421572050013162,-0.030209171204743424
46.0,0.22370135688505843,0.012401816374286912,0.21129954051077152
46.050000000000004,0.3916454383967861,0.061671242826125426,0.3299741955706607
46.1,0.5319011500824262,0.24039884576371373,0.2915023043187125
46.150000000000006,0.6224935830229757,0.46057379408798277,0.16191978893499298
46.2,0.6508338966009886,0.6106819803045577,0.04015191629643089
46.25,0.611530598575396,0.6280807438869125,-0.01655014531151644
46.300000000000004,0.5019226938243662,0.5172287368916842,-0.015306043067318087
46.35,0.3230343490245928,0.31769640036062124,0.005337948663971581
46.400000000000006,0.08730836982607927,0.06728555043092568,0.020022819395153588
46.45,-0.17476204622420488,-0.20479078070345777,0.03002873447925289
46.5,-0.4192780741771808,-0.4622982742621324,0.043020200084951554
46.550000000000004,-0.6062624446376594,-0.6573139011296865,0.051051456492027025
46.6,-0.7182420207957207,-0.7530483153081284,0.03480629451240769
46.650000000000006,-0.7644874027340877,-0.7534384363966791,-0.011048966337408594
46.7,-0.7658984960967629,-0.7043997819615517,-0.06149871413521113
46.75,-0.7328462857732069,-0.6574011994195783,-0.07544508635362857
46.800000000000004,-0.6561637041491523,-0.6254171585548854,-0.030746545594266816
46.85,-0.5208504369769423,-0.5726765975705,0.05182616059355771
46.900000000000006,-0.3310371400302861,-0.449897663163973,0.11886052313368689
46.95,-0.12260849448301814,-0.24453599081878513,0.121927496335767
47.0,0.05087320682542583,-0.0017369304966427042,0.05261013732206853
47.050000000000004,0.14980861223935593,0.20158465576908483,-0.05177604352972889
47.1,0.17219541817219117,0.3064895613977399,-0.13429414322554875
47.150000000000006,0.14997408026619788,0.30545604691677464,-0.15548196665057676
47.2,0.1224431946194358,0.23789260477598143,-0.11544941015654563
47.25,0.11021419590786954,0.158693200193305,-0.048479004285435445
47.300000000000004,0.11019568455668219,0.10723203910354213,0.002963645453140054
47.35,0.11080131473136702,0.09485731554285051,0.01594399918851651
47.400000000000006,0.10827495520372332,0.10958611317123974,-0.0013111579675164214
47.45,0.10735857009698159,0.12749978514747376,-0.02014121505049217
47.5,0.10886394366884306,0.12482057667635287,-0.01595663300750981
47.550000000000004,0.10204851678195952,0.0904840463109041,0.01156447047105541
47.6,0.0743895604198817,0.03631358355526201,0.03807597686461969
47.650000000000006,0.030658658473636986,-0.004192617081956888,0.03485127555559388
47.7,-0.0006084870219087049,0.005642082966349205,-0.0062505699882579105
47.75,0.014242899447113459,0.07853920847510133,-0.06429630902798787
47.800000000000004,0.08288391435732273,0.18833196984888764,-0.10544805549156491
47.85,0.17201462990269037,0.2823985055958739,-0.11038387569318356
47.900000000000006,0.2259718220570474,0.31462109780845643,-0.08864927575140902
47.95,0.20666134808209521,0.273506833385216,-0.06684548530312076
48.0,0.12185611591415874,0.18376533500209946,-0.061909219087940726
48.050000000000004,0.017744416951501255,0.08307296773312825,-0.065328550781627
48.1,-0.05725918538503382,-0.003293548849479659,-0.05396563653555416
48.150000000000006,-0.08572819046376266,-0.06872681272819946,-0.017001377735563206
48.2,-0.08427748705170067,-0.11248087988972252,0.028203392838021854
48.25,-0.07805562778984572,-0.1266207108734017,0.04856508308355599
48.300000000000004,-0.0736542074335402,-0.0991945693744973,0.0255403619409571
48.35,-0.055922459181895035,-0.030310042451595666,-0.02561241673029937
48.400000000000006,-0.008862177989851953,0.05777743463293995,-0.0666396126227919
48.45,0.06272239258061814,0.13032863836442296,-0.06760624578380482
48.5,0.13327199102930223,0.16310253056563265,-0.029830539536330414
48.550000000000004,0.17768536774660681,0.15816518903276683,0.019520178713839986
48.6,0.19185571772079765,0.13848423490104786,0.053371482819749794
48.650000000000006,0.19210164110705055,0.12721788578371593,0.06488375532333462
48.7,0.1948890162664607,0.13079777082207958,0.06409124544438113
48.75,0.1979937426228388,0.13908481254264368,0.05890893008019513
48.800000000000004,0.18228687667103713,0.1385787115926758,0.04370816507836134
48.85,0.132199076494303,0.1239295955782415,0.008269480916061486
48.900000000000006,0.054153059147045414,0.09816980833887237,-0.04401674919182696
48.95,-0.025587760558961132,0.06532073157132616,-0.09090849213028729
49.0,-0.08172939939655978,0.025545975195579815,-0.1072753745921396
49.050000000000004,-0.10925042716929673,-0.022535848025725926,-0.08671457914357081
49.1,-0.12280371191173521,-0.07690875045960031,-0.0458949614521349
49.150000000000006,-0.13737922317418483,-0.13080899874903767,-0.006570224425147153
49.2,-0.1494106047993612,-0.17488429281956394,0.02547368802020275
49.25,-0.13685997055951094,-0.19806970389884243,0.061209733339331496
49.300000000000004,-0.0787843854710753,-0.18622147981922574,0.10743709434815044
49.35,0.02303248295081201,-0.12476182635131122,0.14779430930212323
49.400000000000006,0.13927630065086424,-0.010720687412370929,0.14999698806323516
49.45,0.2288893959511853,0.1321503950332813,0.096739000917904
49.5,0.26222624573494613,0.2519904718691827,0.010235773865763409
49.550000000000004,0.23429647238187754,0.2921326135404059,-0.05783614115852839
49.6,0.16125441570886254,0.22823848356800142,-0.06698406785913888
49.650000000000006,0.06701070822161807,0.09016170149393181,-0.023150993272313736
49.7,-0.028195572816121683,-0.054221667400610365,0.026026094584488683
49.75,-0.11121298416437221,-0.14564378316511853,0.03443079900074632
49.800000000000004,-0.1740027922697135,-0.17433632385646425,0.0003335315867507571
49.85,-0.21195577125386025,-0.18025091797198783,-0.03170485328187242
49.900000000000006,-0.22456406238625298,-0.2112997593694396,-0.013264303016813389
49.95,-0.21594514560224817,-0.2756808801719004,0.05973573456965223
50.0,-0.19257442803331667,-0.3309307793767693,0.13835635134345262
50.050000000000004,-0.15936751233137045,-0.3204536520144097,0.16108613968303923
50.1,-0.118016803393919,-0.22580061664690237,0.10778381325298338
50.150000000000006,-0.06973632704816943,-0.08840289492522081,0.018666567877051385
50.2,-0.019984591584823946,0.018785820551518027,-0.03877041213634197
50.25,0.019857204751245198,0.04546003073242631,-0.025602825981181115
50.300000000000004,0.03662766730421289,-0.0018251554159827788,0.038452822720195665
50.35,0.022960961227911653,-0.07204371897366628,0.09500468020157793
50.400000000000006,-0.0174902435543419,-0.11435161215762717,0.09686136860328526
50.45,-0.07155956729803017,-0.11508249216399337,0.043522924865963195
50.5,-0.12407719172715943,-0.09815245084851543,-0.025924740878644006
50.550000000000004,-0.16595394185169238,-0.09458747563334532,-0.07136646621834705
50.6,-0.19674633630880045,-0.11238897495809778,-0.08435736135070267
50.650000000000006,-0.21961812135953077,-0.1328166149884139,-0.08680150637111686
50.7,-0.23257770383575183,-0.1316107020509672,-0.10096700178478463
50.75,-0.22352005252741056,-0.1013171138676328,-0.12220293865977776
50.800000000000004,-0.17482747752264213,-0.053579158071312645,-0.1212483194513295
50.85,-0.07647490872384738,-0.0025870417786628646,-0.07388786694518451
50.900000000000006,0.06088492989054821,0.050455358089371835,0.010429571801176374
50.95,0.2035709655316252,0.1147064380865782,0.08886452744504701
51.0,0.3078884907182842,0.1917699649632794,0.11611852575500484
51.050000000000004,0.34209915097208865,0.2620985843673413,0.08000056660474736
51.1,0.303189689588621,0.29228384700101256,0.01090584258760846
51.150000000000006,0.21674895198114125,0.25989283842997973,-0.04314388644883849
51.2,0.12011361832094562,0.17471526235083842,-0.0546016440298928
51.25,0.04118367521117661,0.07650851488417042,-0.03532483967299381
51.300000000000004,-0.012148640775635856,0.00892638504748333,-0.021075025823119188
51.35,-0.04641780644872715,-0.0100138915382817,-0.03640391491044545
51.400000000000006,-0.06859123712965308,0.0029189150877345737,-0.07151015221738766
51.45,-0.07707366732535156,0.01442337337391678,-0.09149704069926834
51.5,-0.06468744736091035,0.004625660802472996,-0.06931310816338335
51.550000000000004,-0.028654922675227713,-0.01627229996064162,-0.012382622714586095
51.6,0.023500746088384344,-0.01796331558686235,0.041464061675246695
51.650000000000006,0.07817978483145127,0.022604959807144335,0.05557482502430694
51.7,0.12552228937327226,0.09996438254056741,0.02555790683270484
51.75,0.16487936832764416,0.1826630051187679,-0.01778363679112374
51.800000000000004,0.20087530505860685,0.23685257992627495,-0.03597727486766811
51.85,0.2347780137474638,0.25064947033085955,-0.015871456583395754
51.900000000000006,0.2604567425582599,0.23913479342679256,0.021321949131467344
51.95,0.2690544359208252,0.22702655703153904,0.042027878889286135
52.0,0.25721485228061935,0.22505907573897216,0.032155776541647196
52.050000000000004,0.22999397110662062,0.22059983206610403,0.009394139040516586
52.1,0.19522589868679235,0.18973105192512618,0.005494846761666172
52.150000000000006,0.15514039527425713,0.1192143295816518,0.03592606569260533
52.2,0.10403258319635801,0.019024639292860312,0.0850079439034977
52.25,0.03466967818977536,-0.08446581991495436,0.11913549810472972
52.300000000000004,-0.05278894576475223,-0.16744444253317914,0.1146554967684269
52.35,-0.14817427699587718,-0.22326567931875357,0.0750914023228764
52.400000000000006,-0.23756318625504744,-0.26209721544101094,0.024534029185963507
52.45,-0.31236726083770433,-0.2990225978761177,-0.01334466296158665
52.5,-0.3728593818793506,-0.3425702925602384,-0.030289089319112172
52.550000000000004,-0.4236094690521316,-0.3918864357722702,-0.03172303327986137
52.6,-0.4660557750407688,-0.44053451357923273,-0.02552126146153605
52.650000000000006,-0.49533057350250115,-0.4795820278831705,-0.015748545619330645
52.7,-0.5032667180136369,-0.49696521395493515,-0.0063015040587017235
52.75,-0.48328275842463103,-0.47766495278051474,-0.005617805644116292
52.800000000000004,-0.4320661367735669,-0.41005365078684586,-0.022012485986721064
52.85,-0.34774883805455103,-0.2959781340329411,-0.05177070402160994
52.900000000000006,-0.22871298061347076,-0.15455004183783239,-0.07416293877563837
52.95,-0.07621330361190087,-0.01233306027728181,-0.06388024333461906
53.0,0.10102268350112933,0.11474171308721688,-0.013719029586087547
53.050000000000004,0.28518342333303787,0.23190913976811525,0.053274283564922614
53.1,0.45320151099018147,0.3564619705913041,0.09673954039887739
53.150000000000006,0.5830765484174203,0.4938355813977091,0.08924096701971118
53.2,0.6576246721350852,0.6189977976734908,0.03862687446159441
53.25,0.664241814473756,0.6817555919676959,-0.017513777493939897
53.300000000000004,0.5945219984872077,0.6358393423213037,-0.04131734383409602
53.35,0.4480841677245647,0.4713107219112084,-0.023226554186643655
53.400000000000006,0.2394739061644063,0.22581662598942706,0.013657280174979247
53.45,0.0012474272378324592,-0.03383217915438991,0.035079606392222365
53.5,-0.22285021714961137,-0.24600885961717328,0.023158642467561913
53.550000000000004,-0.3929527155135518,-0.3805759624966534,-0.012376753016898445
53.6,-0.4871311905166062,-0.4419252142527743,-0.04520597626383188
53.650000000000006,-0.5053411129468317,-0.4519952565491409,-0.053345856397690794
53.7,-0.46227480774255525,-0.42915920126222434,-0.033115606480330906
53.75,-0.37661452769469556,-0.37767763756852524,0.0010631098738296818
53.800000000000004,-0.2651679748167459,-0.2917296972904282,0.02656172247368227
53.85,-0.1436305677535624,-0.16791326279899743,0.024282695045435038
53.900000000000006,-0.028627062349785574,-0.016648454811497654,-0.01197860753828792
53.95,0.0645647012591257,0.13474598412057173,-0.07018128286144604
54.0,0.1279607413488565,0.24994068057466598,-0.12197993922580949
54.050000000000004,0.16431756357102345,0.29986485160893755,-0.1355472880379141
54.1,0.18335573726840093,0.27933585341185563,-0.0959801161434547
54.150000000000006,0.19311451293119225,0.21301559626847408,-0.019901083337281827
54.2,0.19405360536473418,0.1435948807321126,0.05045872463262158
54.25,0.18131236333171524,0.10672745625571396,0.07458490707600128
54.300000000000004,0.15289831839929935,0.10914425210034212,0.04375406629895723
54.35,0.11604278093785667,0.1272749757468719,-0.011232194809015245
54.400000000000006,0.08579796903610355,0.12942379856545116,-0.04362582952934761
54.45,0.07701157440423442,0.1048758826769879,-0.027864308272753477
54.5,0.09615099343411121,0.07553323024740174,0.020617763186709465
54.550000000000004,0.13852314595656395,0.07875473370525718,0.059768412251306774
54.6,0.19123485616963756,0.13445665440953827,0.05677820176009929
54.650000000000006,0.23836626254964857,0.2240175789339717,0.014348683615676872
54.7,0.26531221766060936,0.2994110151969366,-0.03409879753632722
54.75,0.26194434990627263,0.3155544682725177,-0.053610118366245074
54.800000000000004,0.22523856501844214,0.25957356215550353,-0.034334997137061396
54.85,0.16052539507973673,0.15457308009545878,0.005952314984277951
54.900000000000006,0.07953230046566094,0.03832726136700556,0.04120503909865538
54.95,-0.0045989383416071145,-0.062259783013730356,0.05766084467212324
55.0,-0.0818254777324473,-0.14003522754017012,0.05820974980772281
55.050000000000004,-0.14546250589310877,-0.19733748079425797,0.0518749749011492
55.1,-0.18866567595360412,-0.2320074725053175,0.043341796551713385
55.150000000000006,-0.20240374704674627,-0.23565955381577397,0.0332558067690277
55.2,-0.17969950052762768,-0.20482616705583215,0.025126666528204472
55.25,-0.12432152230782861,-0.15117836504529758,0.026856842737468967
55.300000000000004,-0.05563306864128845,-0.09821209243100405,0.042579023789715606
55.35,-0.00241662372596389,-0.06640598379141353,0.06398936006544964
55.400000000000006,0.01231004951631381,-0.06107077225384558,0.0733808217701594
55.45,-0.015628413111640854,-0.07427533713435457,0.05864692402271371
55.5,-0.07137714230585607,-0.09772234336957711,0.02634520106372104
55.550000000000004,-0.1339562933872396,-0.13256778926849785,-0.0013885041187417513
55.6,-0.1910349989921875,-0.1860115258853408,-0.005023473106846699
55.650000000000006,-0.24298502038048164,-0.25863473590873687,0.015649715528255226
55.7,-0.29391697718996773,-0.3361022121106326,0.042185234920664894
55.75,-0.33966729487566266,-0.39430216857146483,0.054634873695802166
55.800000000000004,-0.3652361982326828,-0.41344948363850736,0.04821328540582459
55.85,-0.35468811096757513,-0.3882647177656792,0.03357660679810409
55.900000000000006,-0.30434822913168563,-0.32625683098592445,0.02190860185423882
55.95,-0.2269675839354294,-0.23847167365366778,0.01150408971823838
56.0,-0.1430551367492516,-0.1335719926342078,-0.009483144115043807
56.050000000000004,-0.06719830277200586,-0.02036420005569,-0.04683410271631586
56.1,-0.0009082354118829273,0.08716461953420207,-0.088072854946085
56.150000000000006,0.0633723942186414,0.1720010543501492,-0.1086286601315078
56.2,0.13247449696601035,0.22504136869343544,-0.09256687172742509
56.25,0.20591406320301028,0.2549154514129493,-0.04900138820993902
56.300000000000004,0.27658013050196456,0.28474945282683084,-0.00816932232486628
56.35,0.3356015675553205,0.33485464792706376,0.000746919628256737
56.400000000000006,0.3761305334568749,0.4043443544955719,-0.028213821038696962
56.45,0.39432690615155197,0.4678935587914149,-0.07356665263986295
56.5,0.3896130683975554,0.49217039459609657,-0.10255732619854119
56.550000000000004,0.3656758610794371,0.4598620217219696,-0.09418616064253249
56.6,0.33030000692833045,0.38245543800041887,-0.05215543107208842
56.650000000000006,0.29133988994048177,0.29190686599674465,-0.0005669760562628801
56.7,0.2501824986336632,0.21804629221020289,0.03213620642346032
56.75,0.1986296570214323,0.1689294613814928,0.029700195639939475
56.800000000000004,0.12406301277723898,0.12773703262762884,-0.0036740198503898563
56.85,0.02053327000957392,0.06668684542325094,-0.046153575413677025
56.900000000000006,-0.10316324648295953,-0.033056332472434495,-0.07010691401052505
56.95,-0.22594018356443618,-0.16848900975473202,-0.05745117380970416
57.0,-0.3258568113829841,-0.31524794742604767,-0.010608863956936443
57.050000000000004,-0.390810641140178,-0.43906286622754725,0.04825222508736926
57.1,-0.41980407524981855,-0.5107217769872825,0.09091770173746394
57.150000000000006,-0.41558382117130027,-0.5170476743253567,0.10146385315405643
57.2,-0.3778606612173284,-0.4635493838238202,0.0856887226064918
57.25,-0.3050264249392104,-0.3687218529572115,0.0636954280180011
57.300000000000004,-0.20261085321429712,-0.2540622575642595,0.05145140434996237
57.35,-0.08876386640013739,-0.13610554879655234,0.04734168239641495
57.400000000000006,0.010740753379097998,-0.025269392563025548,0.036010145942123546
57.45,0.07519472700817294,0.06903407405534266,0.006160652952830276
57.5,0.09874590609579811,0.13324920415706543,-0.03450329806126731
57.550000000000004,0.0894232266125932,0.15160947285662738,-0.06218624624403417
57.6,0.059908007921192705,0.11634013076111445,-0.056432122839921744
57.650000000000006,0.019843048864177443,0.03878431098708328,-0.018941262122905835
57.7,-0.023662398055745396,-0.04925547479424269,0.025593076738497297
57.75,-0.060466742531221626,-0.10853332787550538,0.04806658534428375
57.800000000000004,-0.07566821634939784,-0.1127132829966567,0.03704506664725886
57.85,-0.05618570034324905,-0.0618257045320556,0.005640004188806551
57.900000000000006,-0.0004143090453852825,0.021175507094587657,-0.02158981613997294
57.95,0.07861468685114731,0.10772203665955359,-0.029107349808406277
58.0,0.16024308394158046,0.18076719652937548,-0.020524112587795018
58.050000000000004,0.2271062036875583,0.23846792919262802,-0.011361725505069725
58.1,0.27034105684702164,0.28336073574107756,-0.01301967889405592
58.150000000000006,0.28618739526706777,0.3090730844634995,-0.022885689196431747
58.2,0.27048806869674913,0.29877382552209863,-0.028285756825349506
58.25,0.2193139903078229,0.23846901655036776,-0.019155026242544865
58.300000000000004,0.13603030930340265,0.13359593658536836,0.002434372718034289
58.35,0.03637801396583893,0.012637052550373198,0.023740961415465733
58.400000000000006,-0.0563427669214725,-0.08819989043737611,0.03185712351590361
58.45,-0.12394258981713166,-0.1482385676839587,0.02429597786682705
58.5,-0.16283170881090267,-0.17413007728031174,0.01129836846940907
58.550000000000004,-0.18136420473780906,-0.18943967953464666,0.008075474796837595
58.6,-0.18785185880036775,-0.2104788396724199,0.022626980872052144
58.650000000000006,-0.18156907689526636,-0.22983662910859823,0.04826755221333187
58.7,-0.1560579296913911,-0.22335684051307,0.06729891082167891
58.75,-0.11108328351887642,-0.17552802812565438,0.06444474460677796
58.800000000000004,-0.059940582176713206,-0.10030869379044617,0.040368111613732965
58.85,-0.022843725465676833,-0.03627538155445425,0.013431656088777416
58.900000000000006,-0.011246170954744889,-0.016894752520823002,0.005648581566078113
58.95,-0.017907991180414366,-0.04031751239782409,0.022409521217409727
59.0,-0.022858854752140195,-0.06661106198681639,0.043752207234676196
59.050000000000004,-0.010369965085623978,-0.04847634096486949,0.03810637587924551
59.1,0.018500918405603094,0.028151806208797377,-0.009650887803194282
59.150000000000006,0.04883116441003995,0.12828997244217466,-0.0794588080321347
59.2,0.06642384715606472,0.19248027248411057,-0.12605642532804584
59.25,0.0697460691183534,0.1831600392521027,-0.11341397013374929
59.300000000000004,0.06868291406397467,0.11458684363755489,-0.04590392957358022
59.35,0.07308826624255134,0.041122198890601015,0.031966067351950324
59.400000000000006,0.08341996556634095,0.013908792491614544,0.0695111730747264
59.45,0.09206343130109441,0.042658377103033704,0.04940505419806071
59.5,0.09220583013473031,0.09378578497234698,-0.001579954837616665
59.550000000000004,0.08403540189077925,0.12361639375367058,-0.039580991862891324
59.6,0.07245225573971614,0.115334304621538,-0.04288204888182186
59.650000000000006,0.060585305306761275,0.08756869353668852,-0.02698338822992724
59.7,0.047708397486331405,0.07056936782423756,-0.022860970337906156
59.75,0.03416668245814014,0.07582329488330018,-0.04165661242516004
59.800000000000004,0.026873961903408995,0.08886334193834536,-0.06198938003493636
59.85,0.03742405219317648,0.09039629962142552,-0.05297224742824904
59.900000000000006,0.07291403008385869,0.08237150992953025,-0.009457479845671565
59.95,0.12828129348816153,0.09092506262500992,0.03735623086315161
60.0,0.1882816040764838,0.14136127600833948,0.046920328068144335
60.050000000000004,0.23737852032528056,0.2284563468608293,0.00892217346445126
60.1,0.2674064538637317,0.31099901920859935,-0.04359256534486766
60.150000000000006,0.27548370824204177,0.3374022137223064,-0.06191850548026462
60.2,0.25596663947282017,0.28091101729177137,-0.024944377818951202
60.25,0.1979195441609875,0.15517355634645638,0.04274598781453112
60.300000000000004,0.09442561108413017,-5.8702315032251514e-05,0.09448431339916243
60.35,-0.04349055048233712,-0.14695122288914356,0.10346067240680644
60.400000000000006,-0.1832685978641303,-0.26640714763778683,0.08313854977365653
60.45,-0.2850588074850308,-0.3538380157457907,0.0687792082607599
60.5,-0.32482935333493596,-0.40573126802050313,0.08090191468556718
60.550000000000004,-0.3079028873870467,-0.41521426139726897,0.10731137401022228
60.6,-0.2620281539952526,-0.3813008576681879,0.1192727036729353
60.650000000000006,-0.2169065593235718,-0.3193004948078294,0.1023939354842576
60.7,-0.18811508766872226,-0.25779451562616157,0.06967942795743931
60.75,-0.17719682305951778,-0.222279572132159,0.045082749072641204
60.800000000000004,-0.18303520849112215,-0.22050189475673682,0.03746668626561467
60.85,-0.2093965636042819,-0.24318807838803608,0.03379151478375417
60.900000000000006,-0.25960657120801395,-0.27768007187455207,0.018073500666538123
60.95,-0.32469865927214103,-0.3185296293507031,-0.0061690299214379185
61.0,-0.3796280088714561,-0.36322265207795956,-0.01640535679349653
61.050000000000004,-0.3945600762308367,-0.39874949779612195,0.004189421565285234
61.1,-0.3527282576832946,-0.3967006934341773,0.04397243575088272
61.150000000000006,-0.2591216896431311,-0.3272662584051845,0.06814456876205338
61.2,-0.13293876628215773,-0.18259760500471195,0.04965883872255422
61.25,0.007535818293648163,0.011892937222733152,-0.00435711892908499
61.300000000000004,0.15234714171656857,0.21034040590733927,-0.057993264190770694
61.35,0.2934782364484921,0.37319543713890746,-0.07971720069041538
61.400000000000006,0.4138937714932899,0.4848459328683794,-0.07095216137508953
61.45,0.48674107230443225,0.5484683188303612,-0.061727246525928925
61.5,0.48916602625358774,0.5670376878913232,-0.07787166163773551
61.550000000000004,0.41954450234478324,0.5323959028971372,-0.11285140055235399
61.6,0.30190564692230115,0.4347071250820824,-0.13280147815978127
61.650000000000006,0.17232970725381494,0.28243664274575514,-0.1101069354919402
61.7,0.05846986242568004,0.1108455509689969,-0.05237568854331686
61.75,-0.030874871655329636,-0.03269253508286207,0.0018176634275324371
61.800000000000004,-0.09934966135360603,-0.11578214603004004,0.016432484676434017
61.85,-0.1487860738709913,-0.13750185593550823,-0.011284217935483065
61.900000000000006,-0.172184165754068,-0.12116382780031251,-0.05102033795375549
61.95,-0.1602531527621071,-0.09195506329685163,-0.06829808946525548
62.0,-0.11367645650451955,-0.06034333797568768,-0.053333118528831866
62.050000000000004,-0.04783480145907948,-0.02391166441253312,-0.023923137046546358
62.1,0.015288127031497907,0.018746358556614214,-0.003458231525116307
62.150000000000006,0.06056565421658402,0.058834368892079734,0.0017312853245042836
62.2,0.08634642332296852,0.0821746400123135,0.004171783310655014
62.25,0.09929812200792151,0.08148444423463415,0.017813677773287365
62.300000000000004,0.1039297446509239,0.06230388664673741,0.04162585800418649
62.35,0.09745736895438283,0.036755643300458864,0.06070172565392396
62.400000000000006,0.07428464794649689,0.012684911100699928,0.06159973684579696
62.45,0.03446410540165291,-0.010253865602710436,0.044717971004363345
62.5,-0.0130550495293675,-0.03492947201477953,0.021874422485412028
62.550000000000004,-0.055919633612879514,-0.0599504391503565,0.004030805537476985
62.6,-0.0874309599043911,-0.08079655552131475,-0.006634404383076359
62.650000000000006,-0.11073788584779373,-0.09749926429865449,-0.01323862154913924
62.7,-0.13446544670480218,-0.11834966796447262,-0.01611577874032956
62.75,-0.16373424139320478,-0.1523155738017811,-0.011418667591423681
62.800000000000004,-0.19404406711312652,-0.19573806243460692,0.0016939953214804016
62.85,-0.2124617438380128,-0.2273786473747071,0.014916903536694281
62.900000000000006,-0.20454540854019557,-0.21970602367912598,0.015160615138930411
62.95,-0.16178750614108933,-0.15861011943850517,-0.0031773867025841618
63.0,-0.08526373995321228,-0.054435747042703146,-0.030827992910509132
63.050000000000004,0.015312958804849784,0.06551886556005539,-0.0502059067552056
63.1,0.12512659630129624,0.17574502076318183,-0.05061842446188558
63.150000000000006,0.22789828154362088,0.26521645745528244,-0.03731817591166156
63.2,0.30837611370714096,0.33387084898365266,-0.025494735276511693
63.25,0.3538889779292097,0.3795116404018049,-0.025622662472595203
63.300000000000004,0.3559222163541579,0.3909615056512972,-0.03503928929713934
63.35,0.3123767088783671,0.3556888293047701,-0.04331212042640298
63.400000000000006,0.22996582314529102,0.27400934396010046,-0.044043520814809445
63.45,0.12483194055329463,0.16439277069320876,-0.03956083013991413
63.5,0.019301378040596402,0.05333845687393334,-0.03403707883333694
63.550000000000004,-0.06528549710464843,-0.04071693849640523,-0.024568558608243196
63.6,-0.11645837260604926,-0.11385072618388303,-0.0026076464221662238
63.650000000000006,-0.1342905122392785,-0.16816721782055294,0.03387670558127445
63.7,-0.1281037455173165,-0.19908843651364563,0.07098469099632915
63.75,-0.10853250279797315,-0.1938719967632903,0.08533949396531716
63.800000000000004,-0.0810780282411186,-0.14485501586924546,0.06377698762812686
63.85,-0.04602761403728457,-0.06438483545535664,0.01835722141807207
63.900000000000006,-0.003941859746790721,0.015386552924232673,-0.019328412671023393
63.95,0.03912421012082187,0.06102828086132253,-0.02190407074050066
64.0,0.07209314917678052,0.05992355653133557,0.012169592645444947
64.05,0.08491395916002303,0.026808051154238954,0.05810590800578408
64.10000000000001,0.07476611657193336,-0.010559172855718744,0.0853252894276521
64.15,0.04707273729959011,-0.033235358684348244,0.08030809598393836
64.2,0.011114656589566457,-0.041477174953074784,0.05259183154264124
64.25,-0.025168329285889093,-0.04692375490836472,0.02175542562247563
64.3,-0.056914875065439526,-0.057194338422104786,0.00027946335666526045
64.35000000000001,-0.08086967768431141,-0.06896627120404754,-0.011903406480263876
64.4,-0.09430834786793847,-0.07477712479156796,-0.019531223076370507
64.45,-0.09641053446519804,-0.07377497080000973,-0.022635563665188305
64.5,-0.0898611586645033,-0.07308784045756994,-0.016773318206933355
64.55,-0.07909252754303081,-0.07762119328052881,-0.001471334262501997
64.60000000000001,-0.06544218719251078,-0.0797688630740988,0.014326675881588022
64.65,-0.04436612409831536,-0.062009370034170584,0.01764324593585522
64.7,-0.009341680478795284,-0.012581700538793152,0.0032400200599978675
64.75,0.03966165060564122,0.05982957654749101,-0.020167925941849796
64.8,0.09152364232824976,0.12748258969421086,-0.0359589473659611
64.85000000000001,0.12957262449605209,0.1620581947278453,-0.032485570231793215
64.9,0.14406894793602024,0.15520372970530644,-0.0111347817692862
64.95,0.13995722763884663,0.12340934233003639,0.01654788530881024
65.0,0.1310920853100871,0.09292091868754754,0.038171166622539554
65.05,0.1249360148911205,0.07769854553084422,0.04723746936027627
65.10000000000001,0.11238539778779896,0.0690208640931123,0.043364533694686666
65.15,0.07429185406546465,0.044715620590801794,0.029576233474662858
65.2,0.0007552005243777963,-0.010744270916043575,0.01149947144042137
65.25,-0.0942053896556008,-0.092174584377879,-0.0020308052777218005
65.3,-0.1775554046584755,-0.1760418851273815,-0.001513519531093993
65.35000000000001,-0.21930941683113492,-0.23558108545457712,0.016271668623442204
65.4,-0.21309044263471744,-0.25589340621265094,0.042802963577933506
65.45,-0.17731614435837853,-0.2386939508662007,0.06137780650782218
65.5,-0.13684603257611244,-0.19629544128231655,0.059449408706204104
65.55,-0.10278982441623902,-0.1423178708270398,0.03952804641080079
65.60000000000001,-0.06897546335797912,-0.08661570213339374,0.017640238775414624
65.65,-0.026631423619545784,-0.035983082486141814,0.00935165886659603
65.7,0.019114308315805243,0.0031993851388796147,0.015914923176925628
65.75,0.04863064298605181,0.02464830749827675,0.02398233548777506
65.8,0.04440088528350516,0.024873435003701518,0.01952745027980364
65.85000000000001,0.008582096090849973,0.0061395264754203534,0.002442569615429619
65.9,-0.036102913220555054,-0.023313659288320136,-0.012789253932234918
65.95,-0.06368296953879517,-0.052363811247955014,-0.011319158290840153
66.0,-0.06461706717961468,-0.07146537092704211,0.0068483037474274255
66.05,-0.050242849802168345,-0.07591283724771508,0.025669987445546737
66.10000000000001,-0.03940020857804941,-0.06655519389799935,0.02715498531994994
66.15,-0.04110653594926023,-0.04827320855491542,0.007166672605655185
66.2,-0.04924831375311355,-0.027484723325505507,-0.021763590427608046
66.25,-0.052123175676122395,-0.009932912224404273,-0.04219026345171812
66.3,-0.04535624900375438,0.0005964708956603244,-0.045952719899414705
66.35000000000001,-0.035186238445434684,0.0027105470505691107,-0.037896785496003796
66.4,-0.030403178332686277,-0.002491985839506494,-0.027911192493179783
66.45,-0.03262308167733549,-0.011304186242774988,-0.021318895434560503
66.5,-0.03469993968850177,-0.01756473709638563,-0.01713520259211614
66.55,-0.027330112273940374,-0.013867416746486666,-0.013462695527453708
66.60000000000001,-0.005792266326448777,0.0057776307403266435,-0.011569897066775421
66.65,0.029325194757327453,0.04270855219899328,-0.013383357441665824
66.7,0.07517754140580135,0.09177233917296286,-0.01659479776716151
66.75,0.12703044948260195,0.14247156591980098,-0.015441116437199032
66.8,0.1744644341077424,0.182724238115534,-0.00825980400779161
66.85000000000001,0.19976805857574473,0.20285698204742375,-0.0030889234716790226
66.9,0.18512268893341788,0.19735046671460496,-0.012227777781187082
66.95,0.12591518970168994,0.16404372715142274,-0.0381285374497328
67.0,0.03847329342817086,0.10309100478643934,-0.06461771135826849
67.05,-0.047169236896586746,0.018324615010391367,-0.06549385190697811
67.10000000000001,-0.10558554909224492,-0.07899822400040456,-0.026587325091840364
67.15,-0.13008209700573067,-0.16765964052603186,0.03757754352030118
67.2,-0.1303226488941978,-0.2197417139402752,0.08941906504607738
67.25,-0.11670832729533501,-0.21096876172405443,0.09426043442871943
67.3,-0.08778301908596951,-0.13375500692823097,0.04597198784226146
67.35000000000001,-0.03384522293453589,-0.004929787502038355,-0.028915435432497534
67.4,0.04679611106371175,0.13814001786059724,-0.09134390679688548
67.45,0.13619552414767425,0.25264158443205614,-0.1164460602843819
67.5,0.2034884912233501,0.30894845596123927,-0.10545996473788916
67.55,0.2258093380120511,0.30234679188993674,-0.07653745387788563
67.60000000000001,0.20474914056876822,0.25135843165238797,-0.04660929108361975
67.65,0.16316723861045873,0.1844223145745484,-0.02125507596408968
67.7,0.12543766277122032,0.12377847537243511,0.0016591873987852057
67.75,0.09935829608895658,0.07651247270201217,0.02284582338694441
67.8,0.07533271273541217,0.03714761754950323,0.03818509518590894
67.85000000000001,0.04120905408215834,-0.0020963255075040605,0.0433053795896624
67.9,-0.0032972286628095183,-0.04226470374421439,0.03896747508140487
67.95,-0.046492847774287575,-0.07686127740115449,0.030368429626866915
68.0,-0.07726562733714394,-0.09907188656696841,0.021806259229824473
68.05,-0.0960933472337286,-0.10998631728546018,0.013892970051731582
68.10000000000001,-0.11301883042156409,-0.11987816190375264,0.006859331482188549
68.15,-0.13533746585860143,-0.14047650730280936,0.005139041444207931
68.2,-0.15826699505504097,-0.17406868152508184,0.015801686470040877
68.25,-0.16819657478794664,-0.20857439288794224,0.040377818099995605
68.3,-0.15486872722419534,-0.22344606906023323,0.06857734183603789
68.35000000000001,-0.12013812867001615,-0.20272632903027127,0.08258820036025512
68.4,-0.07532430354906461,-0.1458338376294068,0.07050953408034219
68.45,-0.031198618420201288,-0.06839516386881828,0.03719654544861699
68.5,0.008577333535107872,0.006873333544996572,0.0017039999901113006
68.55,0.04473254495163456,0.062056232672608076,-0.017323687720973514
68.60000000000001,0.07511380086402443,0.09056158159286595,-0.015447780728841523
68.65,0.09215182443894819,0.09550983621437481,-0.0033580117754266198
68.7,0.08851657365476226,0.08377320281008196,0.004743370844680295
68.75,0.06507622263697818,0.061618199661880466,0.003458022975097716
68.8,0.032626308250863365,0.03462494458557165,-0.001998636334708287
68.85000000000001,0.005323583268801271,0.009686337510014052,-0.004362754241212781
68.9,-0.008032610900851691,-0.004851962462589789,-0.003180648438261902
68.95,-0.0074036389245480455,-0.0023146928493060614,-0.005088946075241984
69.0,0.0017272212128975764,0.018278028069241968,-0.016550806856344392
69.05,0.013322699565439857,0.05080554705488276,-0.0374828474894429
69.10000000000001,0.022789778224683303,0.0844992257100706,-0.06170944748538729
69.15,0.02652377549459472,0.10836478131193213,-0.08184100581733741
69.2,0.022655151674427443,0.11476431873666382,-0.09210916706223637
69.25,0.013828566087937668,0.10101522259643808,-0.08718665650850041
69.3,0.00806281511019445,0.06980809731430139,-0.06174528220410694
69.35000000000001,0.013966294477274892,0.02926320399143126,-0.01529690951415637
69.4,0.032847368344340114,-0.008102402417720755,0.04094977076206087
69.45,0.05554949847896194,-0.02894044650595246,0.0844899449849144
69.5,0.068872684428161,-0.024937707514945104,0.0938103919431061
69.55,0.06679880209531434,0.0020307010391298805,0.06476810105618447
69.60000000000001,0.05546832798557294,0.03935943375976304,0.016108894225809897
69.65,0.04587719724125046,0.06911408761135966,-0.023236890370109203
69.7,0.040795302747059864,0.07646950142468238,-0.03567419867762252
69.75,0.029631143892136183,0.05601738247849633,-0.026386238586360147
69.8,-0.0017633724718939528,0.01254225961535964,-0.014305632087253592
69.85000000000001,-0.05446800430046861,-0.04289907683951569,-0.011568927460952921
69.9,-0.10946708705807028,-0.09777955876504638,-0.0116875282930239
69.95,-0.13875027183063585,-0.14064105463471113,0.001890782804075286
70.0,-0.1258749265286148,-0.16146278199832917,0.03558785546971438
70.05,-0.0777815679324148,-0.15239232605826283,0.07461075812584804
70.10000000000001,-0.017659837342081285,-0.11066347436180156,0.09300363701972028
70.15,0.033471837791446954,-0.042477156864925494,0.07594899465637245
70.2,0.06889105958823893,0.03568988282390142,0.033201176764337516
70.25,0.09219025207942697,0.10106168917532114,-0.008871437095894177
70.3,0.10442966727129731,0.13301733555786469,-0.028587668286567378
70.35000000000001,0.09816120697116285,0.12178394339859754,-0.02362273642743469
70.4,0.065384911341498,0.07248330434736137,-0.007098393005863374
70.45,0.010279380718730548,0.002262001984057516,0.008017378734673033
70.5,-0.04857311927057919,-0.06777111541099616,0.01919799614041697
70.55,-0.09091536256669298,-0.1213301387389431,0.03041477617225012
70.60000000000001,-0.11058457150699837,-0.15202637264436644,0.041441801137368076
70.65,-0.11821423393436438,-0.16280083677003832,0.044586602835673936
70.7,-0.127765071430528,-0.16108043369509512,0.033315362264567105
70.75,-0.14062921254840982,-0.15318813634712974,0.012558923798719923
70.8,-0.14386413991671937,-0.1414247352331289,-0.002439404683590468
70.85000000000001,-0.12451730232678325,-0.12505610868866968,0.0005388063618864264
70.9,-0.08506948367976495,-0.10365394028152251,0.01858445660175756
70.95,-0.04361738066760163,-0.07973740270772657,0.03612002204012494
71.0,-0.018252635722422385,-0.0584886359828665,0.04023600026044412
71.05,-0.011649759326946063,-0.044807151807128215,0.03315739248018215
71.10000000000001,-0.011642978982120388,-0.04015214452759465,0.02850916554547426
71.15,-0.00665005540083613,-0.0417368387386405,0.03508678333780437
71.2,0.0009636875179212589,-0.04463075558629294,0.0455944431042142
71.25,-0.0017524197120300173,-0.04493657041769963,0.04318415070566961
71.3,-0.02168780756637404,-0.04147592643462179,0.019788118868247752
71.35000000000001,-0.047984969228785083,-0.03488541911565349,-0.013099550113131596
71.4,-0.05900944032772616,-0.02530197778989685,-0.033707462537829316
71.45,-0.042070179976153615,-0.010905141680978734,-0.031165038295174884
71.5,-0.005881632395317054,0.011328326718029684,-0.01720995911334674
71.55,0.027568541850935966,0.04323487469353355,-0.015666332842597584
71.60000000000001,0.04402255693686698,0.08326435643754572,-0.03924179950067874
71.65,0.04949184639568115,0.12599772784083152,-0.07650588144515037
71.7,0.061389987305976106,0.1636219705615047,-0.1022319832555286
71.75,0.08745060527274041,0.18848592951125326,-0.10103532423851284
71.8,0.11461112046267934,0.19554596987315442,-0.08093484941047509
71.85000000000001,0.12010305780617056,0.18378994364144716,-0.0636868858352766
71.9,0.09404309181725552,0.15617206929991334,-0.06212897748265782
71.95,0.050530244568124376,0.11812619187656902,-0.06759594730844465
72.0,0.015569362070079463,0.07544156791106083,-0.059872205840981366
72.05,0.0036831999874840423,0.03285770958165706,-0.029174509594173018
72.10000000000001,0.006679976763959817,-0.005570292736162979,0.012250269500122795
72.15,0.005653019152391702,-0.0347382660191179,0.0403912851715096
72.2,-0.0065118175055364335,-0.047439492293439696,0.04092767478790326
72.25,-0.015681764452861513,-0.036195354168967776,0.020513589716106263
72.3,-0.0003607552009694524,0.001927321763012655,-0.0022880769639821077
72.35000000000001,0.04469485077698024,0.06043468679884879,-0.01573983602186855
72.4,0.09896038103659628,0.12265957421818904,-0.023699193181592762
72.45,0.13083282474944843,0.1672294837769067,-0.036396659027458256
72.5,0.12292560911375273,0.17748873462310308,-0.054563125509350344
72.55,0.08440905664157737,0.1494002189336111,-0.06499116229203374
72.60000000000001,0.04005014602743905,0.0930815497639888,-0.05303140373654975
72.65,0.008094665168246666,0.027266638297076897,-0.019171973128830233
72.7,-0.01156364106159305,-0.029550642500390613,0.017987001438797563
72.75,-0.029608041284697142,-0.06604333986918058,0.03643529858448344
72.8,-0.05066926453296625,-0.07999092088604423,0.029321656353077978
72.85000000000001,-0.06612718406308934,-0.07584234237590144,0.009715158312812097
72.9,-0.063133924263576,-0.06074655861842179,-0.0023873656451542102
72.95,-0.039248567021237975,-0.041541121075118634,0.002292554053880659
73.0,-0.0068997744232131165,-0.023400077734014795,0.016500303310801677
73.05,0.016712891580103157,-0.00950846901310605,0.026221360593209207
73.10000000000001,0.023622529342467502,-0.0010568453571696804,0.024679374699637182
73.15,0.019329917881939697,0.002589366382702979,0.016740551499236717
73.2,0.014674803769245837,0.003428590275221599,0.011246213494024238
73.25,0.015246768482959633,0.004146008918415349,0.011100759564544285
73.3,0.019089341642366486,0.007427040875495116,0.011662300766871369
73.35000000000001,0.022977594404002613,0.015254967626163164,0.007722626777839449
73.4,0.02812899645066822,0.028025846380670804,0.00010315006999741735
73.45,0.03809312120879608,0.04367578303552893,-0.0055826618267328515
73.5,0.05181030150956735,0.05762464865865345,-0.005814347149086102
73.55,0.06119708768592809,0.06430164458085114,-0.0031045568949230468
73.60000000000001,0.05763277941240717,0.0599069047049254,-0.0022741252925182268
73.65,0.04105951167968011,0.0447081932272145,-0.0036486815475343867
73.7,0.021409382453270648,0.02303009529536026,-0.0016207128420896132
73.75,0.009763182386056108,0.0006839914521063229,0.009079190933949785
73.8,0.007876819521596811,-0.018323440024768635,0.026200259546365446
73.85000000000001,0.0070062884824605995,-0.0333459670853446,0.040352255567805195
73.9,-0.0026220345562998036,-0.046030270748091726,0.04340823619179192
73.95,-0.02167693257349119,-0.058078228453419846,0.03640129587992866
74.0,-0.04163865487579964,-0.07013471080119543,0.028496055925395794
74.05,-0.05461325211387378,-0.0826045197655491,0.027991267651675318
74.10000000000001,-0.06208944335784412,-0.09691027552608675,0.03482083216824263
74.15,-0.07275332594821937,-0.11504104070686066,0.04228771475864129
74.2,-0.09146119042454928,-0.13704704234112747,0.045585851916578185
74.25,-0.11146150847054802,-0.15868850080894345,0.04722699233839543
74.3,-0.11896601008865035,-0.1720837970828921,0.053117786994241745
74.35000000000001,-0.10612942793522044,-0.16997327410724491,0.06384384617202447
74.4,-0.07930383588165664,-0.15093841509790523,0.07163457921624859
74.45,-0.05404236256280242,-0.12156165369499855,0.06751929113219612
74.5,-0.04194062608626361,-0.0934522622221366,0.051511636135872986
74.55,-0.04253062458567325,-0.07680868051959922,0.034278055933925966
74.60000000000001,-0.047500131543729916,-0.0747270887253532,0.02722695718162329
74.65,-0.05113159237907946,-0.08187115670455904,0.030739564325479578
74.7,-0.054694932237431895,-0.08802452289533595,0.03332959065790406
74.75,-0.060262673565075205,-0.08388895026976917,0.023626276704693965
74.8,-0.06230958832124774,-0.06543698683069459,0.0031273985094468423
74.85000000000001,-0.048826811081693657,-0.03458530866998807,-0.01424150241170559
74.9,-0.013158552284859227,0.003378887279244903,-0.01653743956410413
74.95,0.03538678772145987,0.04317235596656806,-0.00778556824510819
75.0,0.07491429603553279,0.08111186419373745,-0.006197568158204658
75.05,0.08742610017725191,0.11409030885392617,-0.026664208676674253
75.10000000000001,0.07330464809362339,0.13748625787681545,-0.06418160978319207
75.15,0.049428063877572405,0.14480750372691856,-0.09537943984934616
75.2,0.032520905823017664,0.13071639035083388,-0.09819548452781621
75.25,0.02440013819821569,0.09601131700521648,-0.0716111788070008
75.3,0.013935902158953599,0.05050728208771051,-0.03657137992875691
75.35000000000001,-0.006855881712281083,0.010221714150510375,-0.017077595862791457
75.4,-0.030207994490967865,-0.010710522420018923,-0.019497472070948943
75.45,-0.03775061903694769,-0.0082468316638273,-0.029503787373120385
75.5,-0.01895025169976835,0.009544592723343286,-0.028494844423111634
75.55,0.016279858112005788,0.028767105067833157,-0.012487246955827369
75.60000000000001,0.04475125697791512,0.03972813808381146,0.005023118894103659
75.65,0.050715560227981925,0.04278154352928934,0.007934016698692585
75.7,0.03952085788346535,0.04537129708256099,-0.005850439199095642
75.75,0.030371693787811568,0.0532642197874957,-0.022892525999684134
75.8,0.035690937809157046,0.06412622797947119,-0.028435290170314147
75.85000000000001,0.048448067596148836,0.06941677603956706,-0.02096870844341822
75.9,0.050555815144598226,0.06277925104833083,-0.012223435903732607
75.95,0.03335685568991561,0.046859289495986056,-0.013502433806070448
76.0,0.008321686599999949,0.03179016429386483,-0.023468477693864884
76.05,-0.0038807812167667337,0.026415476539881997,-0.03029625775664873
76.10000000000001,0.005049274709188201,0.03032438388377515,-0.02527510917458695
76.15,0.021579035628065523,0.03420428329515694,-0.01262524766709142
76.2,0.023678405036008817,0.02829228644147187,-0.004613881405463052
76.25,0.003861860258277652,0.011152290117896684,-0.007290429859619032
76.3,-0.021950480803901846,-0.009183420784923145,-0.0127670600189787
76.35000000000001,-0.029705520780746886,-0.022398443866789457,-0.00730707691395743
76.4,-0.011767090924171386,-0.024433591850234773,0.012666500926063386
76.45,0.014252155789791814,-0.019648732950993387,0.0339008887407852
76.5,0.02196036211400207,-0.015404764530039488,0.037365126644041555
76.55,0.0019343859311426648,-0.01504440422823653,0.016978790159379194
76.60000000000001,-0.028949930537746388,-0.016102484420086646,-0.012847446117659742
76.65,-0.04395007117597265,-0.014692834695937119,-0.029257236480035535
76.7,-0.032112712218479784,-0.010674950470830964,-0.02143776174764882
76.75,-0.00751450935223313,-0.007803123820769138,0.00028861446853600814
76.80000000000001,0.0066625138206800084,-0.008701077014405761,0.01536359083508577
76.85000000000001,0.002427558486497189,-0.010153735648733536,0.012581294135230726
76.9,-0.005284006942247416,-0.0040726306996754285,-0.0012113762425719878
76.95,0.004972159887766415,0.016121910901647628,-0.011149751013881212
77.0,0.03778831628216438,0.04924691030277643,-0.01145859402061205
77.05000000000001,0.07463793481895603,0.08558843726776942,-0.01095050244881339
77.10000000000001,0.09091944870998728,0.11193646774086437,-0.02101701903087709
77.15,0.07872616667010122,0.11814074344463275,-0.03941457677453153
77.2,0.05246757034418594,0.10090739413745428,-0.04843982379326834
77.25,0.03269257958558918,0.06409093687813586,-0.031398357292546676
77.30000000000001,0.025864665483767573,0.017334658435965083,0.00853000704780249
77.35000000000001,0.0211175065862999,-0.02592911569916137,0.04704662228546127
77.4,0.0061997828026916215,-0.05221777022303072,0.058417553025722345
77.45,-0.01588608776171923,-0.05409180541709893,0.0382057176553797
77.5,-0.02860739164172549,-0.03572077060761425,0.007113378965888758
77.55000000000001,-0.020835444757443557,-0.012678659371015142,-0.008156785386428415
77.60000000000001,-0.0023720930353952115,-0.0036217684323774707,0.0012496753969822591
77.65,0.0022161725873777894,-0.01837032710337953,0.02058649969075732
77.7,-0.02267233856701404,-0.05130480036317966,0.028632461796165617
77.75,-0.06585314848038694,-0.08567086976307267,0.019817721282685732
77.80000000000001,-0.0965254921497277,-0.1054132142577911,0.008887722108063392
77.85000000000001,-0.09098851713134755,-0.10471920631496054,0.01373068918361299
77.9,-0.05349201257852117,-0.08796606869608316,0.03447405611756199
77.95,-0.011050646089093634,-0.06205281257636251,0.05100216648726888
78.0,0.012319582664644951,-0.03006280861304173,0.04238239127768668
78.05000000000001,0.016218074923630546,0.007156430507197307,0.00906164441643324
78.10000000000001,0.019271468347154562,0.044165904263161554,-0.024894435916006992
78.15,0.035183239130783965,0.06799356224452109,-0.032810323113737126
78.2,0.055054277862892145,0.06479496058195636,-0.009740682719064211
78.25,0.055059220284326166,0.031612764941309435,0.02344645534301673
78.30000000000001,0.022238797016613986,-0.01782494642034454,0.040063743436958524
78.35000000000001,-0.028118951328372412,-0.06000818221851838,0.03188923089014596
78.4,-0.06242437570360162,-0.07650982184381111,0.014085446140209491
78.45,-0.05780556098503035,-0.06464842365349907,0.006842862668468723
78.5,-0.022480322780503045,-0.03583003803885202,0.013349715258348976
78.55000000000001,0.012304450795654471,-0.004900925097767657,0.01720537589342213
78.60000000000001,0.020947828892211664,0.018769168753402107,0.0021786601388095565
78.65,0.005108209411919766,0.03152313346496524,-0.026414924053045477
78.7,-0.011933602292052838,0.030340482885547304,-0.042274085177600146
78.75,-0.011240760523180357,0.011288787440904465,-0.022529547964084823
78.80000000000001,0.002051918711077514,-0.025015687781895952,0.027067606492973465
78.85000000000001,0.00474182848848226,-0.06756006060842029,0.07230188909690255
78.9,-0.019427835167859744,-0.09828648921927996,0.07885865405142022
78.95,-0.06139539008960091,-0.1053666063187804,0.043971216229179495
79.0,-0.0936806392931796,-0.09492203388703604,0.001241394593856443
79.05000000000001,-0.09571133803299108,-0.0878110872313331,-0.007900250801657974
79.10000000000001,-0.07246326517570145,-0.10077294122519614,0.028309676049494692
79.15,-0.04823706898773824,-0.12747033914544995,0.0792332701577117
79.2,-0.04217260375772975,-0.13828253137900245,0.09610992762127271
79.25,-0.049870251331726435,-0.10263271089699236,0.05276245956526592
79.30000000000001,-0.04890037648346323,-0.016668888571677788,-0.03223148791178544
79.35000000000001,-0.02212821654147296,0.08805681341267028,-0.11018502995414324
79.4,0.02445465326511188,0.16451342778100145,-0.14005877451588958
79.45,0.06663045409152148,0.18376351720620238,-0.1171330631146809
79.5,0.08413170844068678,0.15480790633205016,-0.07067619789136338
79.55000000000001,0.0780640243200188,0.11461294049392004,-0.03654891617390124
79.60000000000001,0.06705135337085583,0.09743120935208162,-0.030379855981225792
79.65,0.0669680661873607,0.10935328420294682,-0.04238521801558612
79.7,0.07491839647636196,0.1280713501512008,-0.05315295367483884
79.75,0.07313990381602288,0.12537083739675106,-0.05223093358072818
79.80000000000001,0.0484004632013603,0.09137727072111271,-0.04297680751975241
79.85000000000001,0.007364799461614055,0.040655814925899675,-0.03329101546428562
79.9,-0.02722829487438722,-0.002001599018293283,-0.025226695856093936
79.95,-0.035890360137168516,-0.02111596395436091,-0.014774396182807605
80.0,-0.01887536737999367,-0.018636840355082934,-0.00023852702491073546
