0.010870201	0.0000000
0.017253020	0.0000000
0.023635838	0.0000000
0.030018656	0.0000000
0.036401475	0.0000000
0.042784293	0.0000000
0.049167111	0.0000000
0.055549930	0.0000000
0.061932748	0.0000000
0.068315566	0.0000000
0.074698385	0.0000000
0.081081203	0.0000000
0.087464022	0.0000000
0.093846840	0.0000000
0.10022966	0.0000000
0.10661248	0.0000000
0.11299529	0.0000000
0.11937811	0.0000000
0.12576093	0.0000000
0.13214375	0.0000000
0.13852657	0.0000000
0.14490939	0.0000000
0.15129221	0.0000000
0.15767502	0.0000000
0.16405784	0.0000000
0.17044066	0.0000000
0.17682348	0.0000000
0.18320630	0.0000000
0.18958912	0.0000000
0.19597193	0.0000000
0.20235475	14664.671
0.20873757	14803.992
0.21512039	13588.963
0.22150321	11260.355
0.22788603	10238.294
0.23426884	8523.1285
0.24065166	6885.0182
0.24703448	5594.6940
0.25341730	4278.3619
0.25980012	3439.8423
0.26618294	2579.5109
0.27256575	2056.6146
0.27894857	1326.1543
0.28533139	910.44860
0.29171421	455.77323
0.29809703	94.021264
0.30447985	-235.51970
0.31086266	-605.95511
0.31724548	-824.66427
0.32362830	-1180.1305
0.33001112	-1746.3518
0.33639394	-1953.4103
0.34277676	-2224.1771
0.34915957	-2273.1212
0.35554239	-2570.6232
0.36192521	-2427.2736
0.36830803	-2576.6028
0.37469085	-2556.4812
0.38107367	-2330.7785
0.38745648	-2046.1050
0.39383930	-1718.1810
0.40022212	-1747.9689
0.40660494	-1730.4824
0.41298776	-1921.8800
0.41937058	-2044.0293
0.42575339	-2209.3067
0.43213621	-2261.7296
0.43851903	-2211.5928
0.44490185	-2321.2968
0.45128467	-2429.1670
0.45766749	-2538.7687
0.46405030	-2610.7053
0.47043312	-2646.5948
0.47681594	-2651.8599
0.48319876	-2603.5460
0.48958158	-2549.6814
0.49596440	-2417.8788
0.50234722	-2448.1540
0.50873003	-2485.1568
0.51511285	-2573.6122
0.52149567	-2524.8245
0.52787849	-2472.7730
0.53426131	-2402.7859
0.54064413	-2361.1559
0.54702694	-2305.2943
0.55340976	-2284.2472
0.55979258	-2286.0641
0.56617540	-2240.1240
0.57255822	-2180.8869
0.57894104	-2125.7195
0.58532385	-2125.7142
0.59170667	-2046.3514
0.59808949	-2062.3543
0.60447231	-2011.0742
0.61085513	-1977.4629
0.61723795	-1808.9217
0.62362076	-1725.4600
0.63000358	-1614.1168
0.63638640	-1510.8862
0.64276922	-1382.6808
0.64915204	-1307.1077
0.65553486	-1257.3674
0.66191767	-1139.7896
0.66830049	-1007.9695
0.67468331	-855.23240
0.68106613	-868.19828
0.68744895	-839.62747
0.69383177	-742.86910
0.70021458	-625.07710
0.70659740	-446.56536
0.71298022	-332.57936
0.71936304	-255.36269
0.72574586	-159.86567
0.73212868	-104.14771
0.73851149	15.095481
0.74489431	64.277901
0.75127713	172.91143
0.75765995	244.48461
0.76404277	309.77153
0.77042559	422.72502
0.77680840	521.99239
0.78319122	632.58566
0.78957404	708.51815
0.79595686	818.27120
0.80233968	843.09079
0.80872250	909.20464
0.81510531	1017.2984
0.82148813	1099.2195
0.82787095	1175.7508
0.83425377	1267.1283
0.84063659	1419.6071
0.84701941	1609.0525
0.85340223	1694.3375
0.85978504	1769.5873
0.86616786	1831.7737
0.87255068	1964.8289
0.87893350	2152.3672
0.88531632	2260.4668
0.89169914	2343.0167
0.89808195	2404.6053
0.90446477	2465.9620
0.91084759	2560.8207
0.91723041	2676.9219
0.92361323	2782.5561
0.92999605	2860.8531
0.93637886	3026.1019
0.94276168	3132.5582
0.94914450	3184.4183
0.95552732	3216.4360
0.96191014	3274.7528
0.96829296	3447.1790
0.97467577	3557.3540
0.98105859	3624.2606
0.98744141	3636.8787
0.99382423	3665.8149
1.0002070	3718.7678
1.0065899	3878.5316
1.0129727	4027.8730
1.0193555	4104.5822
1.0257383	4193.3714
1.0321211	4274.8599
1.0385040	4371.2219
1.0448868	4506.2375
1.0512696	4662.9484
1.0576524	4841.3395
1.0640352	4944.6824
1.0704180	5050.5543
1.0768009	5138.2922
1.0831837	5337.0851
1.0895665	5477.0558
1.0959493	5552.0072
1.1023321	5661.3349
1.1087150	5784.8079
1.1150978	6013.4289
1.1214806	6304.1796
1.1278634	6715.7578
1.1342462	7288.6118
1.1406291	8045.5849
1.1470119	9377.1802
1.1533947	11341.394
1.1597775	14737.454
1.1661603	20361.756
1.1725431	29125.447
1.1789260	43848.249
1.1853088	60583.362
1.1916916	83569.804
1.1980744	105090.28
1.2044572	125719.52
1.2108401	144439.20
1.2172229	158323.38
1.2236057	170844.82
1.2299885	177872.98
1.2363713	179911.62
1.2427541	175016.97
1.2491370	163141.54
1.2555198	144713.27
1.2619026	124259.39
1.2682854	99755.879
1.2746682	78093.738
1.2810511	58796.406
1.2874339	43066.641
1.2938167	31721.706
1.3001995	24035.840
1.3065823	19723.405
1.3129651	17539.225
1.3193480	16926.716
1.3257308	17552.061
1.3321136	19325.503
1.3384964	22806.408
1.3448792	29058.844
1.3512621	38913.608
1.3576449	57821.871
1.3640277	85323.097
1.3704105	130816.77
1.3767933	189683.69
1.3831761	257567.35
1.3895590	333704.43
1.3959418	397793.38
1.4023246	459871.15
1.4087074	506059.77
1.4150902	544047.81
1.4214731	569753.84
1.4278559	576906.46
1.4342387	560402.48
1.4406215	524875.88
1.4470043	463752.52
1.4533872	392576.10
1.4597700	318510.42
1.4661528	239801.96
1.4725356	179554.94
1.4789184	123707.58
1.4853012	87296.880
1.4916841	60558.762
1.4980669	45194.234
1.5044497	37827.201
1.5108325	35550.510
1.5172153	37918.912
1.5235982	46183.096
1.5299810	61633.433
1.5363638	87170.282
1.5427466	125637.99
1.5491294	170413.30
1.5555122	224916.52
1.5618951	273949.91
1.5682779	320082.38
1.5746607	358680.28
1.5810435	388359.75
1.5874263	412009.92
1.5938092	422727.97
1.6001920	419703.57
1.6065748	400014.42
1.6129576	363167.38
1.6193404	315205.58
1.6257232	261624.16
1.6321061	204898.67
1.6384889	156624.01
1.6448717	114030.93
1.6512545	83765.215
1.6576373	62230.654
1.6640202	51060.363
1.6704030	47832.194
1.6767858	52629.360
1.6831686	64406.478
1.6895514	88478.648
1.6959342	119396.50
1.7023171	161306.54
1.7086999	206113.28
1.7150827	247822.44
1.7214655	288189.34
1.7278483	317908.83
1.7342312	344617.38
1.7406140	362248.31
1.7469968	370725.08
1.7533796	366304.29
1.7597624	348749.61
1.7661453	313554.04
1.7725281	273840.45
1.7789109	225328.90
1.7852937	177762.02
1.7916765	136703.82
1.7980593	99006.012
1.8044422	73564.152
1.8108250	53467.386
1.8172078	42075.877
1.8235906	35144.307
1.8299734	31546.090
1.8363563	29660.012
1.8427391	28606.174
1.8491219	28090.900
1.8555047	27644.437
1.8618875	27258.449
1.8682703	26876.296
1.8746532	26462.749
1.8810360	26053.605
1.8874188	25627.501
1.8938016	25340.987
1.9001844	25298.176
1.9065673	25629.628
1.9129501	26542.361
1.9193329	28139.240
1.9257157	30704.386
1.9320985	34822.576
1.9384813	40126.896
1.9448642	48049.644
1.9512470	58163.558
1.9576298	72775.534
1.9640126	92488.398
1.9703954	115372.63
1.9767783	143778.93
1.9831611	168808.43
1.9895439	192905.72
1.9959267	211118.10
2.0023095	224948.01
2.0086923	234458.82
2.0150752	238426.40
2.0214580	235684.88
2.0278408	225878.68
2.0342236	207670.93
2.0406064	183023.47
2.0469893	156687.95
2.0533721	125574.78
2.0597549	100456.40
2.0661377	76461.929
2.0725205	58837.604
2.0789034	45588.917
2.0852862	36845.160
2.0916690	32062.543
2.0980518	29144.359
2.1044346	27845.483
2.1108174	27168.593
2.1172003	27021.539
2.1235831	27055.630
2.1299659	27281.313
2.1363487	27593.844
2.1427315	28144.092
2.1491144	28984.066
2.1554972	30335.756
2.1618800	32142.679
2.1682628	34227.495
2.1746456	36447.624
2.1810284	38433.930
2.1874113	40277.426
2.1937941	41749.492
2.2001769	42854.713
2.2065597	43376.090
2.2129425	43126.658
2.2193254	41876.961
2.2257082	39845.633
2.2320910	36888.455
2.2384738	33929.719
2.2448566	30857.983
2.2512394	28111.913
2.2576223	25866.623
2.2640051	24159.416
2.2703879	23391.618
2.2767707	23607.612
2.2831535	25021.242
2.2895364	28294.230
2.2959192	34601.228
2.3023020	44820.800
2.3086848	63480.382
2.3150676	87046.285
2.3214504	120224.78
2.3278333	155478.18
2.3342161	190345.95
2.3405989	224233.56
2.3469817	250084.51
2.3533645	274190.45
2.3597474	290659.62
2.3661302	300784.10
2.3725130	301107.63
2.3788958	290058.90
2.3852786	266813.25
2.3916615	237571.19
2.3980443	200465.84
2.4044271	165307.97
2.4108099	134254.17
2.4171927	109603.47
2.4235755	93671.966
2.4299584	85553.339
2.4363412	83718.461
2.4427240	85843.598
2.4491068	89496.419
2.4554896	93524.888
2.4618725	97301.422
2.4682553	99901.112
2.4746381	100587.82
2.4810209	98527.502
2.4874037	93149.180
2.4937865	85939.690
2.5001694	77021.915
2.5065522	68205.373
2.5129350	61589.760
2.5193178	57849.197
2.5257006	57743.842
2.5320835	61088.973
2.5384663	66279.027
2.5448491	72326.865
2.5512319	78393.732
2.5576147	83384.271
2.5639975	87955.131
2.5703804	90578.316
2.5767632	91153.391
2.5831460	88971.555
2.5895288	84090.235
2.5959116	76237.106
2.6022945	67969.081
2.6086773	58293.648
2.6150601	50371.122
2.6214429	44056.118
2.6278257	39793.552
2.6342085	37516.338
2.6405914	36759.587
2.6469742	37011.159
2.6533570	37854.938
2.6597398	38776.159
2.6661226	39616.453
2.6725055	40135.789
2.6788883	40052.970
2.6852711	39198.133
2.6916539	37709.578
2.6980367	35547.899
2.7044196	33251.987
2.7108024	30819.677
2.7171852	28588.871
2.7235680	26700.048
2.7299508	25161.495
2.7363336	24055.406
2.7427165	23178.582
2.7490993	22508.449
2.7554821	21945.015
2.7618649	21442.410
2.7682477	21067.842
2.7746306	20827.706
2.7810134	20754.606
2.7873962	20961.293
2.7937790	21335.036
2.8001618	21840.149
2.8065446	22515.426
2.8129275	23171.897
2.8193103	23978.190
2.8256931	24649.960
2.8320759	25340.728
2.8384587	25892.464
2.8448416	26284.379
2.8512244	26555.939
2.8576072	26755.287
2.8639900	26983.162
2.8703728	27485.719
2.8767556	28632.391
2.8831385	30801.258
2.8895213	34286.332
2.8959041	39206.630
2.9022869	44840.954
2.9086697	51197.463
2.9150526	56952.539
2.9214354	62090.806
2.9278182	66395.801
2.9342010	69838.829
2.9405838	72241.979
2.9469666	73060.156
2.9533495	71907.018
2.9597323	69183.951
2.9661151	64718.862
2.9724979	59700.487
2.9788807	54825.805
2.9852636	50416.378
2.9916464	47310.680
2.9980292	44977.062
3.0044120	43747.823
3.0107948	43192.555
3.0171777	43384.269
3.0235605	43840.794
3.0299433	44391.540
3.0363261	44684.670
3.0427089	44929.540
3.0490917	45431.022
3.0554746	46766.195
3.0618574	49305.844
3.0682402	52889.749
3.0746230	57639.218
3.0810058	62308.230
3.0873887	67240.922
3.0937715	71783.797
3.1001543	75870.471
3.1065371	79697.641
3.1129199	82574.107
3.1193027	84942.709
3.1256856	87039.503
3.1320684	90480.317
3.1384512	96063.755
3.1448340	105199.07
3.1512168	116918.19
3.1575997	129972.62
3.1639825	143448.74
3.1703653	154929.75
3.1767481	165626.62
3.1831309	174005.56
3.1895137	179993.59
3.1958966	181975.65
3.2022794	178983.67
3.2086622	170468.94
3.2150450	159418.38
3.2214278	145052.98
3.2278107	131679.11
3.2341935	119630.27
3.2405763	109518.82
3.2469591	102388.88
3.2533419	97510.125
3.2597247	95166.302
3.2661076	94219.689
3.2724904	93607.016
3.2788732	91870.486
3.2852560	88379.575
3.2916388	83505.619
3.2980217	76953.674
3.3044045	70468.328
3.3107873	64057.224
3.3171701	58479.459
3.3235529	54217.720
3.3299357	51143.650
3.3363186	49457.108
3.3427014	48996.136
3.3490842	49279.023
3.3554670	49779.369
3.3618498	50101.015
3.3682327	50083.571
3.3746155	49714.473
3.3809983	49125.101
3.3873811	48471.221
3.3937639	47959.629
3.4001468	47770.861
3.4065296	47904.231
3.4129124	48602.789
3.4192952	50178.547
3.4256780	52988.188
3.4320608	58405.464
3.4384437	66296.768
3.4448265	78785.603
3.4512093	94570.323
3.4575921	112381.80
3.4639749	131406.37
3.4703578	147322.65
3.4767406	161866.76
3.4831234	172656.70
3.4895062	180782.02
3.4958890	185293.94
3.5022718	184684.74
3.5086547	178315.17
3.5150375	166751.99
3.5214203	149826.01
3.5278031	131098.15
3.5341859	111219.70
3.5405688	92442.157
3.5469516	76158.659
3.5533344	63063.757
3.5597172	53667.978
3.5661000	47085.626
3.5724828	43190.413
3.5788657	40619.598
3.5852485	39038.880
3.5916313	37875.080
3.5980141	36977.350
3.6043969	36387.641
3.6107798	36054.805
3.6171626	36227.716
3.6235454	37174.424
3.6299282	39198.810
3.6363110	42895.510
3.6426938	49824.517
3.6490767	60247.711
3.6554595	77693.247
3.6618423	99218.794
3.6682251	126003.45
3.6746079	154681.91
3.6809908	181054.11
3.6873736	205607.80
3.6937564	225106.42
3.7001392	241402.92
3.7065220	251986.56
3.7129049	255555.02
3.7192877	251110.59
3.7256705	237499.99
3.7320533	215708.13
3.7384361	189906.11
3.7448189	159551.49
3.7512018	132320.16
3.7575846	106760.00
3.7639674	87050.487
3.7703502	72023.843
3.7767330	62380.672
3.7831159	57205.673
3.7894987	55308.335
3.7958815	55737.061
3.8022643	57573.810
3.8086471	60029.756
3.8150299	62545.923
3.8214128	65011.620
3.8277956	67000.318
3.8341784	68956.639
3.8405612	70557.527
3.8469440	72150.633
3.8533269	73599.279
3.8597097	74910.408
3.8660925	76218.808
3.8724753	77380.020
3.8788581	78176.023
3.8852409	78635.823
3.8916238	78873.475
3.8980066	79154.204
3.9043894	79308.349
3.9107722	79203.448
3.9171550	78035.653
3.9235379	75541.324
3.9299207	71904.015
3.9363035	66778.646
3.9426863	61412.506
3.9490691	56079.216
3.9554519	51427.324
3.9618348	48218.574
3.9682176	46873.982
3.9746004	48080.031
3.9809832	52844.579
3.9873660	60936.224
3.9937489	72239.292
4.0001317	86326.288
4.0065145	100007.75
4.0128973	114018.07
4.0192801	125367.19
4.0256630	135642.18
4.0320458	143839.86
4.0384286	149033.15
4.0448114	150801.71
4.0511942	148004.24
4.0575770	140695.35
4.0639599	130285.69
4.0703427	117068.94
4.0767255	103483.27
4.0831083	90178.254
4.0894911	78627.788
4.0958740	69259.925
4.1022568	62015.657
4.1086396	57091.603
4.1150224	53299.419
4.1214052	50643.669
4.1277880	48303.790
4.1341709	46292.553
4.1405537	44684.979
4.1469365	43458.638
4.1533193	42960.438
4.1597021	43366.744
4.1660850	44962.767
4.1724678	47948.287
4.1788506	52322.297
4.1852334	57437.692
4.1916162	63277.459
4.1979990	68646.605
4.2043819	73954.362
4.2107647	78761.689
4.2171475	83516.011
4.2235303	88395.969
4.2299131	93306.105
4.2362960	98348.070
4.2426788	102743.50
4.2490616	106435.57
4.2554444	108664.29
4.2618272	109764.10
4.2682100	109858.90
4.2745929	109511.74
4.2809757	108731.00
4.2873585	107149.07
4.2937413	103993.16
4.3001241	99499.620
4.3065070	93045.089
4.3128898	85393.094
4.3192726	77483.261
4.3256554	69452.780
4.3320382	63398.078
4.3384211	58975.670
4.3448039	57119.076
4.3511867	57608.095
4.3575695	60162.401
4.3639523	63946.239
4.3703351	68264.710
4.3767180	72368.848
4.3831008	76131.975
4.3894836	79205.129
4.3958664	81642.238
4.4022492	82960.790
4.4086321	82670.072
4.4150149	80537.154
4.4213977	76740.098
4.4277805	71158.423
4.4341633	65291.294
4.4405461	58880.365
4.4469290	53586.786
4.4533118	49611.717
4.4596946	47656.106
4.4660774	47886.314
4.4724602	50269.686
4.4788431	53748.914
4.4852259	58089.622
4.4916087	62207.633
4.4979915	65820.659
4.5043743	68939.271
4.5107571	71169.868
4.5171400	72457.783
4.5235228	72287.401
4.5299056	70447.573
4.5362884	67297.155
4.5426712	62899.231
4.5490541	57969.193
4.5554369	53055.652
4.5618197	48611.197
4.5682025	45292.904
4.5745853	42848.237
4.5809681	41515.802
4.5873510	40838.573
4.5937338	40726.905
4.6001166	40886.256
4.6064994	41251.261
4.6128822	41988.744
4.6192651	43518.387
4.6256479	45905.451
4.6320307	49616.799
4.6384135	54295.831
4.6447963	59557.227
4.6511792	65091.444
4.6575620	70221.804
4.6639448	75187.831
4.6703276	79841.604
4.6767104	84783.586
4.6830932	89551.383
4.6894761	94149.474
4.6958589	97931.634
4.7022417	100342.40
4.7086245	101164.60
4.7150073	100766.86
4.7213902	99472.929
4.7277730	98186.227
4.7341558	97096.785
4.7405386	96246.048
4.7469214	95094.019
4.7533042	93119.250
4.7596871	90373.994
4.7660699	86296.721
4.7724527	81983.406
4.7788355	77679.285
4.7852183	73917.617
4.7916012	70973.388
4.7979840	68658.113
4.8043668	66702.978
4.8107496	64632.562
4.8171324	62420.681
4.8235152	59812.779
4.8298981	57200.786
4.8362809	54550.313
4.8426637	52043.666
4.8490465	49629.354
4.8554293	47072.968
4.8618122	44581.002
4.8681950	41739.350
4.8745778	39069.261
4.8809606	36399.900
4.8873434	33951.455
4.8937262	32010.301
4.9001091	30399.746
4.9064919	29367.959
4.9128747	28737.928
4.9192575	28509.665
4.9256403	28545.610
4.9320232	28761.728
4.9384060	29191.169
4.9447888	29742.454
4.9511716	30360.499
4.9575544	31057.042
4.9639373	31728.697
4.9703201	32438.015
4.9767029	33076.203
4.9830857	33733.838
4.9894685	34378.525
4.9958513	34964.597
5.0022342	35622.490
5.0086170	36240.449
5.0149998	36832.954
5.0213826	37249.875
5.0277654	37572.600
5.0341483	37924.198
5.0405311	38350.075
5.0469139	38927.659
5.0532967	39613.641
5.0596795	40456.587
5.0660623	41318.512
5.0724452	42366.563
5.0788280	43653.487
5.0852108	45619.953
5.0915936	48475.663
5.0979764	52239.053
5.1043593	57342.877
5.1107421	62487.328
5.1171249	67981.524
5.1235077	72614.159
5.1298905	76487.937
5.1362733	79672.855
5.1426562	81965.842
5.1490390	83554.740
5.1554218	83784.293
5.1618046	82497.688
5.1681874	79740.893
5.1745703	75706.015
5.1809531	70917.324
5.1873359	66207.947
5.1937187	61957.557
5.2001015	58833.628
5.2064843	56675.211
5.2128672	55374.829
5.2192500	54519.335
5.2256328	54054.311
5.2320156	53717.118
5.2383984	53419.039
5.2447813	53078.359
5.2511641	52604.218
5.2575469	51890.902
5.2639297	50877.065
5.2703125	49829.644
5.2766954	49010.315
5.2830782	48814.541
5.2894610	49725.852
5.2958438	51948.710
5.3022266	55211.480
5.3086094	59422.836
5.3149923	63708.057
5.3213751	67866.075
5.3277579	71370.269
5.3341407	74169.798
5.3405235	76025.939
5.3469064	76554.132
5.3532892	75505.638
5.3596720	72997.363
5.3660548	68819.081
5.3724376	63776.317
5.3788204	58198.524
5.3852033	52603.538
5.3915861	48040.634
5.3979689	44361.510
5.4043517	42123.889
5.4107345	41231.587
5.4171174	41896.093
5.4235002	44395.949
5.4298830	48757.609
5.4362658	55254.472
5.4426486	63443.519
5.4490314	72363.874
5.4554143	81684.888
5.4617971	89687.127
5.4681799	96955.368
5.4745627	102396.78
5.4809455	106231.70
5.4873284	107834.22
5.4937112	106743.69
5.5000940	102590.93
5.5064768	96141.420
5.5128596	87322.073
5.5192424	77958.451
5.5256253	68764.208
5.5320081	60571.115
5.5383909	54051.271
5.5447737	49194.715
5.5511565	46066.427
5.5575394	44362.417
5.5639222	43776.927
5.5703050	43950.679
5.5766878	44533.283
5.5830706	45368.355
5.5894535	46170.141
5.5958363	46749.024
5.6022191	47026.037
5.6086019	47033.799
5.6149847	46865.902
5.6213675	46570.088
5.6277504	46110.892
5.6341332	45444.117
5.6405160	44563.621
5.6468988	43498.520
5.6532816	42429.609
5.6596645	41435.548
5.6660473	40701.995
5.6724301	40253.317
5.6788129	40119.215
5.6851957	40215.147
5.6915785	40458.044
5.6979614	40785.705
5.7043442	41219.497
5.7107270	41629.505
5.7171098	41941.619
5.7234926	41990.001
5.7298755	41747.168
5.7362583	41172.484
5.7426411	40399.918
5.7490239	39505.798
5.7554067	38664.235
5.7617895	37921.812
5.7681724	37325.845
5.7745552	36878.440
5.7809380	36630.717
5.7873208	36608.713
5.7937036	36862.019
5.8000865	37410.193
5.8064693	38264.116
5.8128521	39226.471
5.8192349	40489.319
5.8256177	41895.530
5.8320005	43748.288
5.8383834	46024.296
5.8447662	48640.189
5.8511490	51471.519
5.8575318	54016.976
5.8639146	56311.412
5.8702975	58148.756
5.8766803	59717.111
5.8830631	60909.762
5.8894459	61830.908
5.8958287	62194.018
5.9022116	61867.324
5.9085944	60744.316
5.9149772	59072.903
5.9213600	56788.939
5.9277428	54658.506
5.9341256	52534.569
5.9405085	50579.985
5.9468913	48760.463
5.9532741	47112.463
5.9596569	45667.529
5.9660397	44279.732
5.9724226	43029.612
5.9788054	41877.180
5.9851882	40968.639
5.9915710	40326.294
5.9979538	40106.586
6.0043366	40453.640
6.0107195	41474.878
6.0171023	43110.140
6.0234851	45240.061
6.0298679	47440.567
6.0362507	49772.452
6.0426336	51875.022
6.0490164	53776.667
6.0553992	55299.941
6.0617820	56292.502
6.0681648	56552.037
6.0745476	55927.565
6.0809305	54346.037
6.0873133	52225.670
6.0936961	49548.326
6.1000789	47008.860
6.1064617	44625.311
6.1128446	42858.733
6.1192274	41968.535
6.1256102	42242.467
6.1319930	43766.559
6.1383758	46738.565
6.1447586	50595.317
6.1511415	55163.845
6.1575243	59786.399
6.1639071	64327.071
6.1702899	68475.137
6.1766727	72123.544
6.1830556	74968.784
6.1894384	76622.107
6.1958212	76878.586
6.2022040	75595.642
6.2085868	72732.570
6.2149696	69011.243
6.2213525	64846.226
6.2277353	60521.773
6.2341181	56633.154
6.2405009	53089.705
6.2468837	50247.422
6.2532666	47924.151
6.2596494	46200.586
6.2660322	44840.307
6.2724150	43781.468
6.2787978	42784.630
6.2851807	41864.542
6.2915635	40956.683
6.2979463	40006.674
6.3043291	39033.567
6.3107119	37950.463
6.3170947	36871.458
6.3234776	35705.453
6.3298604	34478.899
6.3362432	33300.162
6.3426260	32245.013
6.3490088	31383.687
6.3553917	30697.944
6.3617745	30197.903
6.3681573	29910.314
6.3745401	29809.966
6.3809229	29884.075
6.3873057	30067.928
6.3936886	30290.063
6.4000714	30556.161
6.4064542	30796.762
6.4128370	31007.050
6.4192198	31164.562
6.4256027	31286.753
6.4319855	31441.617
6.4383683	31698.611
6.4447511	32097.540
6.4511339	32719.595
6.4575167	33667.456
6.4638996	34946.135
6.4702824	36570.014
6.4766652	38256.136
6.4830480	40217.822
6.4894308	42172.269
6.4958137	44309.093
6.5021965	46436.623
6.5085793	48361.108
6.5149621	49895.584
6.5213449	50733.430
6.5277277	50976.494
6.5341106	50628.765
6.5404934	49797.314
6.5468762	48644.921
6.5532590	47132.728
6.5596418	45472.785
6.5660247	43732.495
6.5724075	41950.978
6.5787903	40443.479
6.5851731	39033.096
6.5915559	38032.436
6.5979388	37241.762
6.6043216	36758.438
6.6107044	36487.799
6.6170872	36360.037
6.6234700	36273.175
6.6298528	36171.558
6.6362357	36030.012
6.6426185	35856.769
6.6490013	35709.864
6.6553841	35655.156
6.6617669	35714.066
6.6681498	35848.531
6.6745326	36065.666
6.6809154	36404.316
6.6872982	36790.631
6.6936810	37145.324
6.7000638	37481.420
6.7064467	37664.502
6.7128295	37663.045
6.7192123	37471.235
6.7255951	37141.630
6.7319779	36753.622
6.7383608	36468.196
6.7447436	36452.236
6.7511264	36883.730
6.7575092	38000.510
6.7638920	39732.108
6.7702748	42210.560
6.7766577	44954.703
6.7830405	47883.388
6.7894233	50535.451
6.7958061	52837.834
6.8021889	54585.509
6.8085718	55706.302
6.8149546	56092.553
6.8213374	55608.908
6.8277202	54164.743
6.8341030	51964.788
6.8404858	49078.112
6.8468687	46003.938
6.8532515	43006.101
6.8596343	40303.328
6.8660171	38205.853
6.8723999	36786.660
6.8787828	36024.630
6.8851656	35833.456
6.8915484	35994.552
6.8979312	36310.219
6.9043140	36626.263
6.9106969	36979.498
6.9170797	37307.820
6.9234625	37613.272
6.9298453	37965.515
6.9362281	38471.888
6.9426109	39259.117
6.9489938	40270.755
6.9553766	41648.915
6.9617594	43171.228
6.9681422	44864.694
6.9745250	46431.667
6.9809079	47848.065
6.9872907	49093.086
6.9936735	49918.822
7.0000563	50356.463
7.0064391	50147.743
7.0128219	49290.931
7.0192048	47922.550
7.0255876	46168.634
7.0319704	44355.170
7.0383532	42679.304
7.0447360	41423.283
7.0511189	40782.432
7.0575017	40822.139
7.0638845	41435.590
7.0702673	42569.181
7.0766501	43933.322
7.0830329	45437.636
7.0894158	46969.922
7.0957986	48448.700
7.1021814	49766.411
7.1085642	50861.589
7.1149470	51554.619
7.1213299	51805.665
7.1277127	51612.140
7.1340955	51111.629
7.1404783	50279.732
7.1468611	49302.970
7.1532439	48200.248
7.1596268	47014.286
7.1660096	45806.028
7.1723924	44563.166
7.1787752	43414.087
7.1851580	42378.580
7.1915409	41558.170
7.1979237	40845.092
7.2043065	40338.415
7.2106893	39997.486
7.2170721	39968.169
7.2234550	40325.136
7.2298378	41117.052
7.2362206	42325.978
7.2426034	43885.135
7.2489862	45568.046
7.2553690	47280.992
7.2617519	48749.576
7.2681347	50026.415
7.2745175	50917.613
7.2809003	51413.528
7.2872831	51367.976
7.2936660	50726.190
7.3000488	49554.848
7.3064316	47989.136
7.3128144	46136.397
7.3191972	44440.001
7.3255800	43145.236
7.3319629	42721.489
7.3383457	43370.877
7.3447285	44923.882
7.3511113	47375.939
7.3574941	50318.585
7.3638770	53444.268
7.3702598	56628.004
7.3766426	59445.094
7.3830254	61992.167
7.3894082	63714.436
7.3957910	64577.431
7.4021739	64319.197
7.4085567	62923.257
7.4149395	60695.856
7.4213223	57795.407
7.4277051	54560.157
7.4340880	51435.683
7.4404708	48384.758
7.4468536	45806.557
7.4532364	43546.637
7.4596192	41792.964
7.4660020	40306.442
7.4723849	39132.101
7.4787677	38156.198
7.4851505	37313.472
7.4915333	36535.528
7.4979161	35807.662
7.5042990	35096.816
7.5106818	34326.122
7.5170646	33575.322
7.5234474	32828.852
7.5298302	32198.464
7.5362131	31689.207
7.5425959	31328.192
7.5489787	31148.345
7.5553615	31124.411
7.5617443	31253.039
7.5681271	31477.248
7.5745100	31764.301
7.5808928	32083.371
7.5872756	32364.193
7.5936584	32704.887
7.6000412	32999.961
7.6064241	33300.780
7.6128069	33542.456
7.6191897	33846.793
7.6255725	34221.541
7.6319553	34759.922
7.6383381	35570.518
7.6447210	36602.364
7.6511038	37919.922
7.6574866	39362.322
7.6638694	40890.561
7.6702522	42223.844
7.6766351	43393.709
7.6830179	44294.543
7.6894007	44856.658
7.6957835	44946.134
7.7021663	44604.236
7.7085491	43777.896
7.7149320	42587.660
7.7213148	41030.992
7.7276976	39360.363
7.7340804	37654.959
7.7404632	36164.394
7.7468461	34886.203
7.7532289	33976.476
7.7596117	33394.217
7.7659945	33149.694
7.7723773	33188.848
7.7787601	33436.463
7.7851430	33805.719
7.7915258	34242.014
7.7979086	34657.093
7.8042914	35001.718
7.8106742	35251.403
7.8170571	35368.222
7.8234399	35353.654
7.8298227	35150.975
7.8362055	34797.446
7.8425883	34334.341
7.8489712	33784.389
7.8553540	33249.894
7.8617368	32776.124
7.8681196	32511.764
7.8745024	32506.289
7.8808852	32740.654
7.8872681	33160.899
7.8936509	33683.508
7.9000337	34252.092
7.9064165	34813.093
7.9127993	35276.305
7.9191822	35631.523
7.9255650	35801.385
7.9319478	35840.741
7.9383306	35686.994
7.9447134	35364.572
7.9510962	35013.380
7.9574791	34654.489
7.9638619	34348.689
7.9702447	34180.564
7.9766275	34149.835
7.9830103	34249.508
7.9893932	34356.539
7.9957760	34445.460
8.0021588	34450.706
8.0085416	34351.283
8.0149244	34144.110
8.0213072	33907.593
8.0276901	33653.404
8.0340729	33408.740
8.0404557	33192.555
8.0468385	33016.589
8.0532213	32922.850
8.0596042	32937.131
8.0659870	32976.059
8.0723698	33096.977
8.0787526	33275.546
8.0851354	33486.582
8.0915182	33610.880
8.0979011	33641.514
8.1042839	33547.260
8.1106667	33457.701
8.1170495	33439.393
8.1234323	33554.739
8.1298152	33829.475
8.1361980	34328.633
8.1425808	35031.637
8.1489636	35862.131
8.1553464	36972.228
8.1617293	38113.994
8.1681121	39335.974
8.1744949	40369.556
8.1808777	41252.275
8.1872605	41772.854
8.1936433	41936.187
8.2000262	41706.406
8.2064090	41162.300
8.2127918	40338.430
8.2191746	39338.362
8.2255574	38169.438
8.2319403	36967.327
8.2383231	35793.717
8.2447059	34744.674
8.2510887	33828.822
8.2574715	33186.899
8.2638543	32730.952
8.2702372	32464.877
8.2766200	32307.527
8.2830028	32267.798
8.2893856	32265.036
8.2957684	32332.199
8.3021513	32388.486
8.3085341	32428.562
8.3149169	32467.341
8.3212997	32503.963
8.3276825	32514.998
8.3340653	32532.593
8.3404482	32483.255
8.3468310	32330.570
8.3532138	32166.060
8.3595966	32061.137
8.3659794	32049.569
8.3723623	32234.332
8.3787451	32693.031
8.3851279	33346.650
8.3915107	34200.454
8.3978935	35104.154
8.4042763	36110.288
8.4106592	37053.434
8.4170420	37918.907
8.4234248	38603.933
8.4298076	39004.943
8.4361904	39070.282
8.4425733	38829.959
8.4489561	38298.986
8.4553389	37474.308
8.4617217	36495.028
8.4681045	35488.780
8.4744874	34482.801
8.4808702	33532.485
8.4872530	32659.669
8.4936358	31900.582
8.5000186	31236.838
8.5064014	30678.566
8.5127843	30249.550
8.5191671	29908.101
8.5255499	29662.311
8.5319327	29474.404
8.5383155	29324.828
8.5446984	29236.765
8.5510812	29233.077
8.5574640	29315.182
8.5638468	29421.779
8.5702296	29604.638
8.5766124	29828.239
8.5829953	30120.613
8.5893781	30430.253
8.5957609	30801.034
8.6021437	31190.798
8.6085265	31647.775
8.6149094	32166.824
8.6212922	32656.670
8.6276750	33165.376
8.6340578	33602.153
8.6404406	33991.142
8.6468234	34330.053
8.6532063	34645.278
8.6595891	34854.308
8.6659719	34947.244
8.6723547	34953.939
8.6787375	34850.356
8.6851204	34664.418
8.6915032	34403.665
8.6978860	34143.888
8.7042688	33856.024
8.7106516	33650.491
8.7170344	33521.319
8.7234173	33475.457
8.7298001	33439.854
8.7361829	33459.516
8.7425657	33549.462
8.7489485	33724.304
8.7553314	33976.394
8.7617142	34339.252
8.7680970	34747.471
8.7744798	35187.119
8.7808626	35663.950
8.7872455	36084.875
8.7936283	36450.029
8.8000111	36694.174
8.8063939	36808.187
8.8127767	36761.403
8.8191595	36561.073
8.8255424	36249.643
8.8319252	35878.421
8.8383080	35560.168
8.8446908	35432.154
8.8510736	35471.670
8.8574565	35713.858
8.8638393	36084.502
8.8702221	36513.065
8.8766049	36939.290
8.8829877	37337.131
8.8893705	37611.354
8.8957534	37713.445
8.9021362	37592.619
8.9085190	37205.464
8.9149018	36553.328
8.9212846	35790.880
8.9276675	34995.799
8.9340503	34236.030
8.9404331	33530.856
8.9468159	32979.853
8.9531987	32578.891
8.9595815	32279.348
8.9659644	32044.423
8.9723472	31908.613
8.9787300	31859.950
8.9851128	31864.825
8.9914956	31954.591
8.9978785	32112.678
9.0042613	32313.527
9.0106441	32507.145
9.0170269	32747.324
9.0234097	32980.243
9.0297925	33155.290
9.0361754	33235.383
9.0425582	33237.448
9.0489410	33133.353
9.0553238	32984.962
9.0617066	32784.901
9.0680895	32548.951
9.0744723	32316.931
9.0808551	32155.819
9.0872379	32160.531
9.0936207	32342.026
9.1000035	32712.022
9.1063864	33262.255
9.1127692	33920.751
9.1191520	34695.071
9.1255348	35417.298
9.1319176	36060.379
9.1383005	36567.873
9.1446833	36894.371
9.1510661	37047.088
9.1574489	36975.532
9.1638317	36668.663
9.1702146	36198.862
9.1765974	35544.959
9.1829802	34882.398
9.1893630	34250.599
9.1957458	33745.242
9.2021286	33382.037
9.2085115	33166.533
9.2148943	33057.821
9.2212771	33007.829
9.2276599	33008.998
9.2340427	32994.472
9.2404256	32959.357
9.2468084	32850.385
9.2531912	32719.294
9.2595740	32525.819
9.2659568	32352.678
9.2723396	32203.919
9.2787225	32186.380
9.2851053	32307.247
9.2914881	32616.311
9.2978709	33184.926
9.3042537	33948.334
9.3106366	34889.789
9.3170194	35761.957
9.3234022	36650.748
9.3297850	37407.103
9.3361678	38063.435
9.3425506	38421.523
9.3489335	38468.939
9.3553163	38169.522
9.3616991	37560.692
9.3680819	36668.615
9.3744647	35644.962
9.3808476	34475.531
9.3872304	33431.015
9.3936132	32456.536
9.3999960	31615.846
9.4063788	30898.598
9.4127616	30378.237
9.4191445	29898.762
9.4255273	29517.344
9.4319101	29222.128
9.4382929	29000.686
9.4446757	28802.703
9.4510586	28645.321
9.4574414	28574.504
9.4638242	28553.342
9.4702070	28547.074
9.4765898	28579.191
9.4829727	28638.530
9.4893555	28791.382
9.4957383	28995.957
9.5021211	29244.070
9.5085039	29575.262
9.5148867	30008.226
9.5212696	30495.646
9.5276524	30973.168
9.5340352	31461.773
9.5404180	31947.256
9.5468008	32351.654
9.5531837	32693.136
9.5595665	32883.383
9.5659493	32886.283
9.5723321	32729.085
9.5787149	32421.039
9.5850977	32016.853
9.5914806	31488.483
9.5978634	30939.033
9.6042462	30384.403
9.6106290	29856.535
9.6170118	29411.457
9.6233947	29087.077
9.6297775	28848.553
9.6361603	28700.665
9.6425431	28597.686
9.6489259	28587.098
9.6553087	28663.430
9.6616916	28734.353
9.6680744	28798.941
9.6744572	28836.643
9.6808400	28880.307
9.6872228	28928.731
9.6936057	28935.452
9.6999885	28919.378
9.7063713	28913.386
9.7127541	28983.740
9.7191369	29144.332
9.7255197	29388.708
9.7319026	29665.766
9.7382854	29975.815
9.7446682	30331.594
9.7510510	30660.712
9.7574338	30930.312
9.7638167	31102.629
9.7701995	31184.710
9.7765823	31134.401
9.7829651	30955.073
9.7893479	30647.582
9.7957308	30239.818
9.8021136	29809.541
9.8084964	29335.337
9.8148792	28912.167
9.8212620	28511.939
9.8276448	28198.565
9.8340277	27959.915
9.8404105	27728.612
9.8467933	27493.381
9.8531761	27301.526
9.8595589	27167.461
9.8659418	27052.527
9.8723246	26956.427
9.8787074	26911.406
9.8850902	26906.387
9.8914730	26892.161
9.8978558	26909.480
9.9042387	26984.855
9.9106215	27082.441
9.9170043	27206.959
9.9233871	27364.009
9.9297699	27536.528
9.9361528	27709.323
9.9425356	27885.064
9.9489184	28044.411
9.9553012	28264.857
9.9616840	28449.247
9.9680668	28570.258
9.9744497	28602.019
9.9808325	28605.246
9.9872153	28530.369
9.9935981	28436.518
9.9999809	28266.800
10.006364	28059.981
10.012747	27797.577
10.019129	27565.506
10.025512	27318.476
10.031895	27154.466
10.038278	27068.307
10.044661	27033.030
10.051043	27062.659
10.057426	27151.988
10.063809	27301.959
10.070192	27475.706
10.076575	27663.316
10.082958	27867.321
10.089340	28044.402
10.095723	28238.658
10.102106	28398.684
10.108489	28517.141
10.114872	28644.600
10.121254	28792.386
10.127637	28964.400
10.134020	29147.208
10.140403	29384.874
10.146786	29687.080
10.153169	30013.815
10.159551	30328.506
10.165934	30650.942
10.172317	30918.564
10.178700	31084.670
10.185083	31130.385
10.191465	31036.379
10.197848	30807.475
10.204231	30455.640
10.210614	30034.633
10.216997	29608.093
10.223380	29126.762
10.229762	28651.687
10.236145	28193.041
10.242528	27808.441
10.248911	27471.768
10.255294	27236.919
10.261676	27058.702
10.268059	26917.146
10.274442	26837.986
10.280825	26804.602
10.287208	26854.452
10.293591	26935.969
10.299973	27031.866
10.306356	27160.836
10.312739	27330.143
10.319122	27489.253
10.325505	27679.375
10.331887	27889.923
10.338270	28095.477
10.344653	28302.081
10.351036	28475.094
10.357419	28721.168
10.363802	28959.892
10.370184	29140.080
10.376567	29301.116
10.382950	29497.860
10.389333	29633.003
10.395716	29664.936
10.402098	29621.841
10.408481	29514.778
10.414864	29334.688
10.421247	29107.277
10.427630	28892.625
10.434013	28692.319
10.440395	28511.950
10.446778	28362.101
10.453161	28308.366
10.459544	28359.833
10.465927	28448.319
10.472309	28523.526
10.478692	28577.955
10.485075	28601.854
10.491458	28636.028
10.497841	28648.537
10.504224	28648.197
10.510606	28622.172
10.516989	28651.378
10.523372	28733.085
10.529755	28869.991
10.536138	29024.802
10.542520	29230.262
10.548903	29432.325
10.555286	29605.186
10.561669	29741.657
10.568052	29834.254
10.574435	29828.384
10.580817	29737.060
10.587200	29524.146
10.593583	29172.731
10.599966	28780.532
10.606349	28375.341
10.612732	27974.035
10.619114	27632.398
10.625497	27367.601
10.631880	27176.313
10.638263	27080.561
10.644646	27070.919
10.651028	27119.939
10.657411	27214.822
10.663794	27308.714
10.670177	27420.007
10.676560	27551.513
10.682943	27655.109
10.689325	27733.617
10.695708	27801.663
10.702091	27807.427
10.708474	27777.953
10.714857	27791.032
10.721239	27765.519
10.727622	27741.056
10.734005	27766.706
10.740388	27828.116
10.746771	27912.072
10.753154	27951.793
10.759536	27989.170
10.765919	27997.941
10.772302	28001.324
10.778685	27911.944
10.785068	27766.340
10.791450	27528.238
10.797833	27308.022
10.804216	27072.958
10.810599	26888.855
10.816982	26680.258
10.823365	26485.798
10.829747	26278.897
10.836130	26130.280
10.842513	26060.695
10.848896	26034.597
10.855279	25982.397
10.861661	25915.590
10.868044	25881.452
10.874427	25855.690
10.880810	25815.235
10.887193	25752.497
10.893576	25685.979
10.899958	25667.683
10.906341	25666.243
10.912724	25708.904
10.919107	25747.772
10.925490	25829.862
10.931872	25953.754
10.938255	26110.123
10.944638	26232.770
10.951021	26353.438
10.957404	26488.697
10.963787	26583.445
10.970169	26624.578
10.976552	26657.354
10.982935	26581.742
10.989318	26451.415
10.995701	26260.791
11.002083	26083.626
11.008466	25881.541
11.014849	25686.670
11.021232	25496.119
11.027615	25313.133
11.033998	25128.793
11.040380	25001.788
11.046763	24913.243
11.053146	24863.092
11.059529	24797.661
11.065912	24802.343
11.072294	24870.027
11.078677	24959.471
11.085060	25042.291
11.091443	25177.353
11.097826	25393.000
11.104209	25550.006
11.110591	25700.498
11.116974	25860.383
11.123357	26044.621
11.129740	26169.678
11.136123	26226.229
11.142505	26226.529
11.148888	26181.300
11.155271	26133.459
11.161654	26070.674
11.168037	25926.142
11.174420	25765.660
11.180802	25610.631
11.187185	25519.506
11.193568	25476.668
11.199951	25461.789
11.206334	25450.573
11.212716	25496.549
11.219099	25559.872
11.225482	25626.167
11.231865	25683.368
11.238248	25718.476
11.244631	25742.465
11.251013	25776.305
11.257396	25837.553
11.263779	25921.258
11.270162	26034.547
11.276545	26177.162
11.282927	26345.598
11.289310	26521.291
11.295693	26710.839
11.302076	26868.626
11.308459	26972.961
11.314842	27014.735
11.321224	27008.525
11.327607	26913.680
11.333990	26744.804
11.340373	26496.477
11.346756	26190.623
11.353138	25852.902
11.359521	25526.211
11.365904	25264.183
11.372287	25008.512
11.378670	24820.020
11.385053	24666.134
11.391435	24572.434
11.397818	24483.914
11.404201	24416.320
11.410584	24350.225
11.416967	24327.503
11.423349	24294.152
11.429732	24274.139
11.436115	24279.451
11.442498	24315.463
11.448881	24360.852
11.455264	24399.367
11.461646	24491.016
11.468029	24615.322
11.474412	24753.416
11.480795	24856.713
11.487178	24970.252
11.493560	25046.379
11.499943	25087.298
11.506326	25081.481
11.512709	25064.726
11.519092	25027.678
11.525475	24928.338
11.531857	24783.425
11.538240	24641.568
11.544623	24509.791
11.551006	24385.758
11.557389	24315.275
11.563771	24275.741
11.570154	24256.496
11.576537	24267.009
11.582920	24325.581
11.589303	24401.036
11.595686	24470.924
11.602068	24509.557
11.608451	24487.314
11.614834	24477.884
11.621217	24475.784
11.627600	24404.579
11.633982	24298.440
11.640365	24251.065
11.646748	24237.887
11.653131	24231.184
11.659514	24217.482
11.665897	24196.833
11.672279	24181.958
11.678662	24152.988
11.685045	24106.146
11.691428	24055.151
11.697811	23986.104
11.704193	23869.769
11.710576	23762.387
11.716959	23693.772
11.723342	23619.503
11.729725	23519.652
11.736108	23445.303
11.742490	23397.178
11.748873	23358.243
11.755256	23339.838
11.761639	23333.843
11.768022	23333.772
11.774404	23339.759
11.780787	23370.775
11.787170	23438.293
11.793553	23528.175
11.799936	23611.136
11.806319	23721.689
11.812701	23895.135
11.819084	24105.252
11.825467	24296.756
11.831850	24473.844
11.838233	24636.003
11.844615	24782.717
11.850998	24888.443
11.857381	24983.511
11.863764	25026.956
11.870147	25008.180
11.876530	24892.955
11.882912	24763.115
11.889295	24636.711
11.895678	24501.432
11.902061	24347.771
11.908444	24224.364
11.914826	24148.939
11.921209	24100.963
11.927592	24085.227
11.933975	24089.672
11.940358	24105.140
11.946741	24170.963
11.953123	24256.471
11.959506	24331.402
11.965889	24355.606
11.972272	24345.768
11.978655	24383.186
11.985037	24374.413
11.991420	24348.476
11.997803	24342.053
12.004186	24373.765
12.010569	24368.418
12.016952	24341.373
12.023334	24307.296
12.029717	24269.551
12.036100	24257.271
12.042483	24228.812
12.048866	24219.720
12.055248	24204.732
12.061631	24198.819
12.068014	24193.828
12.074397	24213.431
12.080780	24257.941
12.087163	24290.297
12.093545	24350.548
12.099928	24406.844
12.106311	24464.413
12.112694	24530.821
12.119077	24600.235
12.125459	24668.194
12.131842	24721.496
12.138225	24749.654
12.144608	24728.704
12.150991	24717.872
12.157374	24741.414
12.163756	24755.094
12.170139	24700.755
12.176522	24666.422
12.182905	24646.660
12.189288	24619.741
12.195670	24572.091
12.202053	24541.011
12.208436	24542.441
12.214819	24505.422
12.221202	24453.990
12.227585	24439.089
12.233967	24426.559
12.240350	24421.291
12.246733	24419.255
12.253116	24419.618
12.259499	24481.466
12.265881	24555.447
12.272264	24586.090
12.278647	24599.281
12.285030	24612.194
12.291413	24639.768
12.297796	24642.895
12.304178	24686.645
12.310561	24747.645
12.316944	24812.657
12.323327	24873.577
12.329710	24931.479
12.336092	24999.580
12.342475	25041.049
12.348858	25067.563
12.355241	25073.165
12.361624	25027.967
12.368007	24979.936
12.374389	24862.065
12.380772	24681.585
12.387155	24478.806
12.393538	24298.336
12.399921	24136.594
12.406303	23966.424
12.412686	23820.070
12.419069	23737.842
12.425452	23683.033
12.431835	23653.514
12.438218	23604.137
12.444600	23557.533
12.450983	23533.339
12.457366	23532.355
12.463749	23552.489
12.470132	23583.775
12.476514	23613.086
12.482897	23641.579
12.489280	23702.567
12.495663	23751.284
12.502046	23799.407
12.508429	23822.440
12.514811	23820.096
12.521194	23799.469
12.527577	23770.438
12.533960	23749.156
12.540343	23712.977
12.546725	23680.795
12.553108	23652.750
12.559491	23623.412
12.565874	23564.898
12.572257	23514.869
12.578640	23495.305
12.585022	23485.814
12.591405	23455.099
12.597788	23429.167
12.604171	23433.144
12.610554	23398.648
12.616936	23391.363
12.623319	23388.028
12.629702	23350.307
12.636085	23369.850
12.642468	23401.963
12.648851	23440.574
12.655233	23417.384
12.661616	23398.016
12.667999	23375.443
12.674382	23386.628
12.680765	23344.943
12.687147	23303.066
12.693530	23256.044
12.699913	23151.916
12.706296	23075.028
12.712679	22991.285
12.719062	22885.818
12.725444	22802.968
12.731827	22758.719
12.738210	22734.743
12.744593	22689.124
12.750976	22594.312
12.757358	22532.312
12.763741	22507.548
12.770124	22499.336
12.776507	22459.267
12.782890	22383.197
12.789273	22329.638
12.795655	22286.452
12.802038	22315.591
12.808421	22318.504
12.814804	22325.923
12.821187	22356.355
12.827569	22417.261
12.833952	22456.726
12.840335	22507.103
12.846718	22532.158
12.853101	22558.090
12.859484	22570.966
12.865866	22552.514
12.872249	22534.722
12.878632	22499.477
12.885015	22455.137
12.891398	22417.553
12.897780	22396.685
12.904163	22343.176
12.910546	22268.299
12.916929	22245.361
12.923312	22246.994
12.929695	22204.039
12.936077	22164.215
12.942460	22148.893
12.948843	22155.086
12.955226	22133.534
12.961609	22132.626
12.967991	22162.543
12.974374	22186.759
12.980757	22191.176
12.987140	22179.677
12.993523	22172.459
12.999906	22202.094
13.006288	22208.097
13.012671	22173.610
13.019054	22100.861
13.025437	22007.363
13.031820	21890.743
13.038202	21809.886
13.044585	21730.355
13.050968	21633.869
13.057351	21515.631
13.063734	21443.184
13.070117	21387.368
13.076499	21354.593
13.082882	21317.191
13.089265	21312.943
13.095648	21338.914
13.102031	21342.401
13.108413	21331.552
13.114796	21349.288
13.121179	21397.220
13.127562	21437.116
13.133945	21464.670
13.140328	21497.938
13.146710	21504.889
13.153093	21473.227
13.159476	21484.384
13.165859	21481.559
13.172242	21448.512
13.178624	21452.262
13.185007	21456.975
13.191390	21443.865
13.197773	21411.580
13.204156	21407.126
13.210539	21420.553
13.216921	21411.068
13.223304	21404.812
13.229687	21400.680
13.236070	21415.767
13.242453	21460.028
13.248835	21474.241
13.255218	21447.354
13.261601	21450.085
13.267984	21483.455
13.274367	21487.388
13.280750	21444.859
13.287132	21457.040
13.293515	21486.158
13.299898	21469.975
13.306281	21406.817
13.312664	21357.351
13.319046	21320.546
13.325429	21277.045
13.331812	21182.864
13.338195	21083.786
13.344578	21027.027
13.350961	20990.840
13.357343	20944.638
13.363726	20860.736
13.370109	20784.886
13.376492	20761.960
13.382875	20775.961
13.389257	20797.224
13.395640	20783.358
13.402023	20802.056
13.408406	20873.212
13.414789	20949.964
13.421172	20957.183
13.427554	20993.979
13.433937	21033.504
13.440320	21084.351
13.446703	21117.541
13.453086	21158.296
13.459468	21206.060
13.465851	21206.222
13.472234	21196.186
13.478617	21212.931
13.485000	21205.805
13.491383	21167.789
13.497765	21113.600
13.504148	21052.488
13.510531	20966.072
13.516914	20911.078
13.523297	20870.186
13.529679	20795.665
13.536062	20750.521
13.542445	20726.813
13.548828	20708.007
13.555211	20711.005
13.561594	20702.902
13.567976	20703.033
13.574359	20734.752
13.580742	20778.056
13.587125	20800.488
13.593508	20813.003
13.599890	20860.315
13.606273	20905.756
13.612656	20903.232
13.619039	20893.591
13.625422	20850.787
13.631805	20792.690
13.638187	20742.660
13.644570	20706.673
13.650953	20661.812
13.657336	20599.641
13.663719	20568.874
13.670101	20550.646
13.676484	20497.771
13.682867	20470.931
13.689250	20448.053
13.695633	20476.066
13.702016	20492.203
13.708398	20513.547
13.714781	20484.604
13.721164	20498.111
13.727547	20525.584
13.733930	20565.383
13.740312	20526.980
13.746695	20520.322
13.753078	20487.833
13.759461	20475.973
13.765844	20468.883
13.772227	20488.935
13.778609	20461.279
13.784992	20414.179
13.791375	20382.682
13.797758	20363.441
13.804141	20373.657
13.810524	20385.462
13.816906	20376.949
13.823289	20357.478
13.829672	20358.091
13.836055	20388.468
13.842438	20449.993
13.848820	20479.409
13.855203	20481.854
13.861586	20462.982
13.867969	20467.785
13.874352	20475.881
13.880735	20485.811
13.887117	20467.864
13.893500	20478.165
13.899883	20471.832
13.906266	20453.261
13.912649	20478.674
13.919031	20461.905
13.925414	20436.023
13.931797	20381.237
13.938180	20396.981
13.944563	20404.789
13.950946	20353.386
13.957328	20304.070
13.963711	20298.869
13.970094	20280.448
13.976477	20218.713
13.982860	20187.379
13.989242	20203.013
13.995625	20210.104
14.002008	20217.770
14.008391	20233.618
14.014774	20228.431
14.021157	20256.611
14.027539	20309.417
14.033922	20339.137
14.040305	20326.842
14.046688	20327.891
14.053071	20342.143
14.059453	20398.539
14.065836	20430.120
14.072219	20416.919
14.078602	20375.603
14.084985	20311.724
14.091368	20282.116
14.097750	20258.442
14.104133	20216.589
14.110516	20172.281
14.116899	20138.379
14.123282	20094.195
14.129664	20078.567
14.136047	20093.702
14.142430	20113.964
14.148813	20100.417
14.155196	20099.339
14.161579	20145.864
14.167961	20190.725
14.174344	20190.964
14.180727	20226.578
14.187110	20231.146
14.193493	20218.301
14.199875	20206.744
14.206258	20199.833
14.212641	20184.371
14.219024	20138.035
14.225407	20058.388
14.231790	19944.085
14.238172	19875.227
14.244555	19853.028
14.250938	19834.446
14.257321	19779.332
14.263704	19702.605
14.270086	19688.715
14.276469	19690.183
14.282852	19658.333
14.289235	19636.760
14.295618	19648.607
14.302001	19652.270
14.308383	19655.722
14.314766	19673.601
14.321149	19668.017
14.327532	19673.993
14.333915	19682.206
14.340297	19661.948
14.346680	19660.053
14.353063	19656.669
14.359446	19653.416
14.365829	19669.194
14.372212	19689.517
14.378594	19652.288
14.384977	19611.035
14.391360	19579.917
14.397743	19564.851
14.404126	19559.645
14.410508	19535.496
14.416891	19492.847
14.423274	19448.364
14.429657	19443.969
14.436040	19457.602
14.442423	19488.243
14.448805	19497.541
14.455188	19475.884
14.461571	19472.486
14.467954	19454.587
14.474337	19418.685
14.480719	19425.760
14.487102	19402.235
14.493485	19394.505
14.499868	19376.260
14.506251	19343.208
14.512634	19307.203
14.519016	19303.849
14.525399	19331.153
14.531782	19343.699
14.538165	19296.118
14.544548	19247.441
14.550930	19237.835
14.557313	19265.029
14.563696	19316.854
14.570079	19334.191
14.576462	19322.706
14.582845	19337.314
14.589227	19363.750
14.595610	19389.368
14.601993	19400.511
14.608376	19405.800
14.614759	19398.714
14.621141	19407.896
14.627524	19403.835
14.633907	19353.984
14.640290	19332.738
14.646673	19347.016
14.653056	19338.294
14.659438	19319.955
14.665821	19278.081
14.672204	19233.970
14.678587	19208.690
14.684970	19164.129
14.691352	19123.066
14.697735	19110.622
14.704118	19128.547
14.710501	19137.578
14.716884	19126.717
14.723267	19101.934
14.729649	19081.420
14.736032	19045.652
14.742415	19017.482
14.748798	18993.868
14.755181	19002.079
14.761563	18960.774
14.767946	18899.306
14.774329	18899.087
14.780712	18877.664
14.787095	18854.404
14.793478	18856.074
14.799860	18855.877
14.806243	18838.879
14.812626	18854.044
14.819009	18849.670
14.825392	18855.290
14.831774	18898.194
14.838157	18921.247
14.844540	18936.941
14.850923	18940.026
14.857306	18941.713
14.863689	18913.731
14.870071	18892.678
14.876454	18886.277
14.882837	18912.406
14.889220	18924.840
14.895603	18875.757
14.901985	18836.880
14.908368	18834.233
14.914751	18814.418
14.921134	18771.698
14.927517	18769.153
14.933900	18769.270
14.940282	18754.215
14.946665	18755.790
14.953048	18740.626
14.959431	18707.752
14.965814	18721.248
14.972196	18727.350
14.978579	18736.066
14.984962	18709.049
14.991345	18693.675
14.997728	18699.663
15.004111	18699.770
15.010493	18685.526
15.016876	18685.982
15.023259	18661.814
15.029642	18683.751
15.036025	18656.416
15.042407	18631.088
15.048790	18629.396
15.055173	18618.435
15.061556	18614.632
15.067939	18621.216
15.074322	18630.346
15.080704	18635.580
15.087087	18618.952
15.093470	18589.473
15.099853	18596.320
15.106236	18610.897
15.112618	18645.255
15.119001	18695.114
15.125384	18709.763
15.131767	18718.516
15.138150	18702.854
15.144533	18678.544
15.150915	18704.927
15.157298	18718.021
15.163681	18745.396
15.170064	18741.942
15.176447	18708.343
15.182829	18709.743
15.189212	18716.797
15.195595	18723.647
15.201978	18696.192
15.208361	18658.638
15.214744	18664.014
15.221126	18661.197
15.227509	18651.368
15.233892	18653.744
15.240275	18653.302
15.246658	18688.767
15.253040	18699.284
15.259423	18685.111
15.265806	18695.346
15.272189	18698.033
15.278572	18737.779
15.284955	18784.872
15.291337	18786.700
15.297720	18776.121
15.304103	18815.068
15.310486	18840.814
15.316869	18833.185
15.323251	18832.677
15.329634	18822.864
15.336017	18799.062
15.342400	18758.066
15.348783	18753.673
15.355166	18747.156
15.361548	18733.191
15.367931	18707.598
15.374314	18652.822
15.380697	18633.088
15.387080	18661.306
15.393462	18686.827
15.399845	18677.116
15.406228	18685.720
15.412611	18699.596
15.418994	18674.151
15.425377	18705.854
15.431759	18779.171
15.438142	18797.869
15.444525	18788.302
15.450908	18763.496
15.457291	18720.726
15.463673	18697.102
15.470056	18694.264
15.476439	18684.119
15.482822	18698.174
15.489205	18696.982
15.495588	18687.422
15.501970	18704.551
15.508353	18685.564
15.514736	18662.901
15.521119	18657.918
15.527502	18655.262
15.533884	18687.646
15.540267	18699.665
15.546650	18717.472
15.553033	18745.761
15.559416	18705.311
15.565799	18697.838
15.572181	18704.668
15.578564	18687.012
15.584947	18676.137
15.591330	18677.265
15.597713	18671.300
15.604095	18635.845
15.610478	18622.278
15.616861	18610.568
15.623244	18536.943
15.629627	18540.611
15.636010	18574.198
15.642392	18558.312
15.648775	18529.481
15.655158	18535.632
15.661541	18538.977
15.667924	18516.912
15.674306	18497.550
15.680689	18489.617
15.687072	18460.959
15.693455	18430.309
15.699838	18445.548
15.706221	18487.906
15.712603	18471.181
15.718986	18451.146
15.725369	18452.422
15.731752	18486.703
15.738135	18505.268
15.744517	18464.631
15.750900	18472.704
15.757283	18498.212
15.763666	18518.130
15.770049	18512.674
15.776432	18478.940
15.782814	18474.695
15.789197	18471.593
15.795580	18520.397
15.801963	18548.674
15.808346	18544.349
15.814728	18517.574
15.821111	18497.749
15.827494	18481.464
15.833877	18462.479
15.840260	18455.011
15.846643	18422.800
15.853025	18379.659
15.859408	18337.973
15.865791	18302.780
15.872174	18307.847
15.878557	18270.968
15.884939	18248.846
15.891322	18221.528
15.897705	18165.447
15.904088	18158.640
15.910471	18140.264
15.916854	18098.724
15.923236	18085.986
15.929619	18150.901
15.936002	18173.076
15.942385	18129.375
15.948768	18143.574
15.955150	18118.815
15.961533	18080.353
15.967916	18092.810
15.974299	18097.116
15.980682	18069.183
15.987065	18050.061
15.993447	18043.676
15.999830	18042.430
16.006213	18014.338
16.012596	18009.268
16.018979	18015.977
16.025361	18043.621
16.031744	18047.865
16.038127	18004.536
16.044510	17956.266
16.050893	17953.329
16.057276	17902.057
16.063658	17889.441
16.070041	17922.166
16.076424	17905.906
16.082807	17889.093
16.089190	17866.687
16.095572	17868.609
16.101955	17890.293
16.108338	17881.379
16.114721	17846.743
16.121104	17829.638
16.127487	17817.977
16.133869	17802.487
16.140252	17815.057
16.146635	17829.104
16.153018	17797.597
16.159401	17812.345
16.165783	17794.623
16.172166	17759.705
16.178549	17734.888
16.184932	17769.099
16.191315	17768.628
16.197698	17742.119
16.204080	17711.747
16.210463	17694.237
16.216846	17701.812
16.223229	17702.214
16.229612	17671.567
16.235994	17664.727
16.242377	17679.565
16.248760	17676.452
16.255143	17660.772
16.261526	17629.779
16.267909	17625.593
16.274291	17630.224
16.280674	17604.018
16.287057	17555.566
16.293440	17552.560
16.299823	17548.117
16.306205	17525.572
16.312588	17508.541
16.318971	17489.665
16.325354	17470.645
16.331737	17441.218
16.338120	17427.569
16.344502	17463.025
16.350885	17459.527
16.357268	17439.272
16.363651	17431.033
16.370034	17400.020
16.376416	17393.302
16.382799	17361.750
16.389182	17353.657
16.395565	17375.240
16.401948	17325.321
16.408331	17249.229
16.414713	17261.675
16.421096	17283.979
16.427479	17272.768
16.433862	17220.274
16.440245	17183.611
16.446627	17207.524
16.453010	17223.393
16.459393	17248.287
16.465776	17259.779
16.472159	17257.204
16.478542	17255.282
16.484924	17247.331
16.491307	17238.956
16.497690	17244.908
16.504073	17222.135
16.510456	17207.381
16.516838	17195.139
16.523221	17204.047
16.529604	17229.111
16.535987	17207.776
16.542370	17166.162
16.548753	17161.356
16.555135	17141.012
16.561518	17128.882
16.567901	17129.375
16.574284	17122.246
16.580667	17128.260
16.587049	17174.528
16.593432	17127.412
16.599815	17031.158
16.606198	17004.235
16.612581	17012.801
16.618964	17004.684
16.625346	16961.372
16.631729	16958.880
16.638112	16939.799
16.644495	16923.982
16.650878	16952.994
16.657260	16933.030
16.663643	16922.493
16.670026	16931.563
16.676409	16897.269
16.682792	16864.044
16.689175	16843.430
16.695557	16851.061
16.701940	16899.494
16.708323	16895.195
16.714706	16850.343
16.721089	16884.285
16.727471	16877.546
16.733854	16822.707
16.740237	16777.283
16.746620	16794.674
16.753003	16820.703
16.759386	16786.722
16.765768	16779.659
16.772151	16805.081
16.778534	16783.060
16.784917	16750.675
16.791300	16750.868
16.797682	16752.418
16.804065	16763.483
16.810448	16734.418
16.816831	16704.740
16.823214	16721.298
16.829597	16762.380
16.835979	16772.753
16.842362	16746.900
16.848745	16750.037
16.855128	16749.722
16.861511	16763.234
16.867893	16795.939
16.874276	16782.377
16.880659	16782.497
16.887042	16761.238
16.893425	16714.106
16.899808	16728.684
16.906190	16738.517
16.912573	16737.416
16.918956	16735.116
16.925339	16728.194
16.931722	16742.594
16.938104	16754.320
16.944487	16705.150
16.950870	16715.721
16.957253	16701.376
16.963636	16700.623
16.970019	16716.797
16.976401	16682.072
16.982784	16634.767
16.989167	16617.241
16.995550	16634.029
17.001933	16632.639
17.008316	16604.889
17.014698	16553.171
17.021081	16518.836
17.027464	16566.719
17.033847	16611.407
17.040230	16618.366
17.046612	16601.569
17.052995	16581.900
17.059378	16544.949
17.065761	16542.486
17.072144	16555.361
17.078527	16559.726
17.084909	16577.609
17.091292	16649.507
17.097675	16631.134
17.104058	16550.138
17.110441	16522.215
17.116823	16559.629
17.123206	16587.240
17.129589	16591.408
17.135972	16597.256
17.142355	16524.379
17.148738	16491.891
17.155120	16533.616
17.161503	16544.535
17.167886	16547.471
17.174269	16588.494
17.180652	16581.059
17.187034	16568.957
17.193417	16574.509
17.199800	16608.071
17.206183	16625.172
17.212566	16589.630
17.218949	16559.217
17.225331	16572.651
17.231714	16555.680
17.238097	16529.576
17.244480	16529.434
17.250863	16545.074
17.257245	16566.480
17.263628	16557.990
17.270011	16536.338
17.276394	16534.171
17.282777	16540.978
17.289160	16545.757
17.295542	16533.750
17.301925	16529.347
17.308308	16513.411
17.314691	16519.278
17.321074	16500.738
17.327456	16466.924
17.333839	16443.946
17.340222	16417.544
17.346605	16394.268
17.352988	16439.097
17.359371	16470.651
17.365753	16449.953
17.372136	16427.406
17.378519	16411.075
17.384902	16449.146
17.391285	16440.462
17.397667	16444.123
17.404050	16448.270
17.410433	16454.718
17.416816	16468.059
17.423199	16431.592
17.429582	16422.547
17.435964	16440.370
17.442347	16423.907
17.448730	16420.951
17.455113	16411.602
17.461496	16381.169
17.467878	16395.159
17.474261	16398.837
17.480644	16363.062
17.487027	16386.148
17.493410	16379.800
17.499793	16390.470
17.506175	16373.793
17.512558	16358.051
17.518941	16443.191
17.525324	16434.171
17.531707	16384.721
17.538089	16380.700
17.544472	16367.622
17.550855	16334.816
17.557238	16290.201
17.563621	16275.694
17.570004	16291.178
17.576386	16300.126
17.582769	16281.603
17.589152	16239.931
17.595535	16196.288
17.601918	16187.515
17.608300	16221.417
17.614683	16226.604
17.621066	16198.337
17.627449	16195.765
17.633832	16206.327
17.640215	16206.343
17.646597	16210.336
17.652980	16206.428
17.659363	16205.731
17.665746	16159.244
17.672129	16194.138
17.678511	16180.670
17.684894	16140.167
17.691277	16176.249
17.697660	16192.359
17.704043	16166.018
17.710426	16156.361
17.716808	16159.287
17.723191	16138.999
17.729574	16109.456
17.735957	16139.628
17.742340	16150.822
17.748722	16118.859
17.755105	16110.686
17.761488	16103.575
17.767871	16120.877
17.774254	16124.699
17.780637	16112.555
17.787019	16073.187
17.793402	16072.320
17.799785	16024.849
17.806168	15992.862
17.812551	16031.154
17.818933	16025.535
17.825316	16022.371
17.831699	16048.498
17.838082	16048.627
17.844465	15984.729
17.850848	15994.533
17.857230	16049.790
17.863613	16067.159
17.869996	16030.925
17.876379	15980.661
17.882762	15945.273
17.889144	15972.249
17.895527	15984.907
17.901910	15950.355
17.908293	15937.302
17.914676	15950.517
17.921059	15913.204
17.927441	15863.608
17.933824	15911.000
17.940207	15930.057
17.946590	15880.045
17.952973	15868.838
17.959355	15893.309
17.965738	15881.267
17.972121	15901.187
17.978504	15936.770
17.984887	15898.163
17.991270	15872.021
17.997652	15898.273
18.004035	15922.674
18.010418	15919.331
18.016801	15871.123
18.023184	15880.609
18.029566	15894.216
18.035949	15907.706
18.042332	15912.349
18.048715	15921.056
18.055098	15929.153
18.061481	15930.835
18.067863	15889.974
18.074246	15860.510
18.080629	15870.822
18.087012	15853.054
18.093395	15840.344
18.099777	15842.683
18.106160	15846.693
18.112543	15839.221
18.118926	15829.050
18.125309	15818.502
18.131692	15853.509
18.138074	15804.586
18.144457	15832.702
18.150840	15891.659
18.157223	15912.300
18.163606	15878.055
18.169988	15837.119
18.176371	15853.454
18.182754	15869.149
18.189137	15870.910
18.195520	15870.737
18.201903	15838.119
18.208285	15791.040
18.214668	15785.881
18.221051	15781.291
18.227434	15803.355
18.233817	15808.215
18.240199	15802.191
18.246582	15794.014
18.252965	15796.795
18.259348	15850.547
18.265731	15821.928
18.272114	15772.024
18.278496	15784.199
18.284879	15827.387
18.291262	15847.229
18.297645	15825.488
18.304028	15783.878
18.310410	15789.760
18.316793	15798.335
18.323176	15806.759
18.329559	15838.990
18.335942	15805.856
18.342325	15769.202
18.348707	15768.788
18.355090	15789.779
18.361473	15793.731
18.367856	15753.901
18.374239	15757.003
18.380621	15760.351
18.387004	15785.911
18.393387	15805.221
18.399770	15798.027
18.406153	15772.951
18.412536	15758.457
18.418918	15732.046
18.425301	15739.754
18.431684	15724.582
18.438067	15728.664
18.444450	15732.169
18.450832	15706.137
18.457215	15695.953
18.463598	15721.408
18.469981	15782.201
18.476364	15761.272
18.482747	15741.709
18.489129	15723.216
18.495512	15699.207
18.501895	15710.252
18.508278	15720.413
18.514661	15733.404
18.521043	15738.272
18.527426	15736.501
18.533809	15723.597
18.540192	15748.436
18.546575	15741.760
18.552958	15742.747
18.559340	15723.873
18.565723	15759.524
18.572106	15778.772
18.578489	15740.973
18.584872	15722.784
18.591254	15717.245
18.597637	15699.741
18.604020	15715.631
18.610403	15703.546
18.616786	15681.702
18.623169	15704.305
18.629551	15744.886
18.635934	15734.756
18.642317	15745.552
18.648700	15738.312
18.655083	15694.610
18.661465	15647.296
18.667848	15680.436
18.674231	15716.112
18.680614	15721.201
18.686997	15699.247
18.693380	15664.186
18.699762	15616.305
18.706145	15643.718
18.712528	15687.746
18.718911	15659.689
18.725294	15649.461
18.731676	15658.905
18.738059	15644.598
18.744442	15653.299
18.750825	15632.793
18.757208	15639.998
18.763591	15636.686
18.769973	15615.358
18.776356	15617.129
18.782739	15643.285
18.789122	15612.421
18.795505	15576.988
18.801887	15567.523
18.808270	15597.936
18.814653	15589.428
18.821036	15554.320
18.827419	15576.334
18.833802	15624.804
18.840184	15604.336
18.846567	15613.484
18.852950	15617.239
18.859333	15622.018
18.865716	15654.813
18.872098	15624.580
18.878481	15594.359
18.884864	15622.434
18.891247	15627.357
18.897630	15624.820
18.904013	15619.535
18.910395	15631.362
18.916778	15643.715
18.923161	15610.435
18.929544	15657.910
18.935927	15636.197
18.942309	15587.608
18.948692	15583.507
18.955075	15594.002
18.961458	15556.701
18.967841	15548.027
18.974224	15560.737
18.980606	15566.620
18.986989	15586.014
18.993372	15620.321
18.999755	15634.699
19.006138	15614.078
19.012520	15589.971
19.018903	15595.378
19.025286	15578.451
19.031669	15514.176
19.038052	15482.310
19.044435	15488.056
19.050817	15531.412
19.057200	15572.033
19.063583	15555.196
19.069966	15520.471
19.076349	15523.160
19.082731	15503.176
19.089114	15475.585
19.095497	15464.968
19.101880	15498.830
19.108263	15510.908
19.114646	15517.264
19.121028	15459.600
19.127411	15455.072
19.133794	15491.164
19.140177	15491.067
19.146560	15486.067
19.152942	15461.514
19.159325	15419.572
19.165708	15422.020
19.172091	15456.598
19.178474	15453.455
19.184857	15448.992
19.191239	15483.899
19.197622	15489.148
19.204005	15477.816
19.210388	15510.545
19.216771	15460.519
19.223153	15437.098
19.229536	15391.794
19.235919	15372.668
19.242302	15373.447
19.248685	15381.634
19.255068	15454.109
19.261450	15428.588
19.267833	15412.008
19.274216	15411.091
19.280599	15360.782
19.286982	15341.660
19.293364	15355.502
19.299747	15363.237
19.306130	15349.190
19.312513	15362.622
19.318896	15338.547
19.325279	15348.170
19.331661	15369.846
19.338044	15341.344
19.344427	15286.378
19.350810	15228.984
19.357193	15282.711
19.363575	15350.700
19.369958	15344.570
19.376341	15326.688
19.382724	15328.015
19.389107	15298.526
19.395490	15319.419
19.401872	15336.568
19.408255	15342.026
19.414638	15292.888
19.421021	15252.150
19.427404	15246.757
19.433786	15252.685
19.440169	15250.982
19.446552	15236.314
19.452935	15265.245
19.459318	15282.708
19.465701	15254.634
19.472083	15244.685
19.478466	15224.116
19.484849	15217.591
19.491232	15220.847
19.497615	15196.520
19.503997	15190.544
19.510380	15157.997
19.516763	15146.188
19.523146	15138.774
19.529529	15176.311
19.535912	15223.803
19.542294	15205.795
19.548677	15157.428
19.555060	15093.519
19.561443	15061.677
19.567826	15090.294
19.574208	15120.853
19.580591	15154.966
19.586974	15128.156
19.593357	15086.433
19.599740	15071.073
19.606123	15128.867
19.612505	15154.308
19.618888	15102.072
19.625271	15060.211
19.631654	15046.621
19.638037	15066.583
19.644419	15058.238
19.650802	15049.687
19.657185	15072.761
19.663568	15068.029
19.669951	15049.351
19.676334	15068.203
19.682716	15050.268
19.689099	15007.714
19.695482	15028.715
19.701865	15006.392
19.708248	14988.621
19.714630	15027.584
19.721013	15039.032
19.727396	14992.975
19.733779	14938.807
19.740162	14935.727
19.746545	14958.121
19.752927	14950.194
19.759310	14970.779
19.765693	14956.794
19.772076	14938.832
19.778459	14987.626
19.784841	14942.480
19.791224	14970.282
19.797607	14957.138
19.803990	14908.898
19.810373	14898.787
19.816756	14947.578
19.823138	14965.569
19.829521	14977.369
19.835904	14968.888
19.842287	14921.059
19.848670	14903.054
19.855052	14884.695
19.861435	14901.140
19.867818	14949.900
19.874201	14927.536
19.880584	14883.034
19.886967	14896.066
19.893349	14902.308
19.899732	14845.577
19.906115	14837.144
19.912498	14828.727
19.918881	14797.908
19.925263	14835.834
19.931646	14846.598
19.938029	14868.163
19.944412	14873.208
19.950795	14867.426
19.957178	14851.254
19.963560	14822.597
19.969943	14844.705
19.976326	14880.439
19.982709	14835.226
19.989092	14793.180
19.995474	14780.092
20.001857	14786.717
20.008240	14817.337
20.014623	14814.533
20.021006	14751.360
20.027389	14764.574
20.033771	14790.843
20.040154	14731.862
20.046537	14723.156
20.052920	14777.184
20.059303	14773.500
20.065685	14753.006
20.072068	14738.398
20.078451	14701.807
20.084834	14727.947
20.091217	14766.499
20.097600	14758.768
20.103982	14762.356
20.110365	14764.541
20.116748	14767.407
20.123131	14772.041
20.129514	14769.576
20.135896	14754.812
20.142279	14765.794
20.148662	14766.398
20.155045	14750.864
20.161428	14723.232
20.167811	14711.737
20.174193	14713.584
20.180576	14683.305
20.186959	14704.685
20.193342	14744.031
20.199725	14706.686
20.206108	14665.950
20.212490	14647.084
20.218873	14683.413
20.225256	14703.799
20.231639	14678.987
20.238022	14677.244
20.244404	14705.999
20.250787	14738.403
20.257170	14747.087
20.263553	14727.044
20.269936	14691.307
20.276319	14680.683
20.282701	14674.048
20.289084	14649.755
20.295467	14701.238
20.301850	14724.211
20.308233	14692.157
20.314615	14720.948
20.320998	14746.855
20.327381	14758.829
20.333764	14761.565
20.340147	14757.339
20.346530	14730.062
20.352912	14664.383
20.359295	14685.919
20.365678	14685.327
20.372061	14693.310
20.378444	14707.751
20.384826	14691.722
20.391209	14671.529
20.397592	14660.182
20.403975	14683.701
20.410358	14592.127
20.416741	14596.247
20.423123	14581.342
20.429506	14580.421
20.435889	14611.966
20.442272	14644.229
20.448655	14605.377
20.455037	14613.755
20.461420	14600.576
20.467803	14563.234
20.474186	14586.114
20.480569	14661.257
20.486952	14657.048
20.493334	14607.277
20.499717	14638.829
20.506100	14595.725
20.512483	14565.475
20.518866	14605.396
20.525248	14641.168
20.531631	14587.274
20.538014	14514.149
20.544397	14554.351
20.550780	14579.212
20.557163	14566.021
20.563545	14607.951
20.569928	14616.394
20.576311	14576.293
20.582694	14605.999
20.589077	14588.899
20.595459	14511.005
20.601842	14520.610
20.608225	14617.236
20.614608	14611.734
20.620991	14544.333
20.627374	14549.889
20.633756	14612.399
20.640139	14605.240
20.646522	14533.384
20.652905	14572.461
20.659288	14634.034
20.665670	14572.979
20.672053	14532.735
20.678436	14537.103
20.684819	14547.184
20.691202	14531.149
20.697585	14508.845
20.703967	14586.426
20.710350	14570.275
20.716733	14564.833
20.723116	14512.746
20.729499	14523.137
20.735881	14548.971
20.742264	14551.910
20.748647	14560.014
20.755030	14521.494
20.761413	14536.278
20.767796	14587.028
20.774178	14595.676
20.780561	14520.139
20.786944	14494.088
20.793327	14500.170
20.799710	14535.074
20.806092	14534.860
20.812475	14510.998
20.818858	14496.607
20.825241	14501.393
20.831624	14512.301
20.838007	14533.525
20.844389	14556.336
20.850772	14525.246
20.857155	14469.106
20.863538	14514.553
20.869921	14530.865
20.876303	14527.133
20.882686	14558.475
20.889069	14529.842
20.895452	14508.776
20.901835	14465.332
20.908218	14457.119
20.914600	14471.053
20.920983	14502.064
20.927366	14463.426
20.933749	14479.441
20.940132	14497.271
20.946514	14407.179
20.952897	14453.711
20.959280	14495.183
20.965663	14519.996
20.972046	14500.888
20.978429	14471.870
20.984811	14459.672
20.991194	14452.290
20.997577	14467.472
21.003960	14432.491
21.010343	14390.036
21.016725	14408.500
21.023108	14454.225
21.029491	14424.565
21.035874	14394.214
21.042257	14407.369
21.048640	14432.721
21.055022	14434.499
21.061405	14407.719
21.067788	14421.191
21.074171	14406.139
21.080554	14395.572
21.086936	14395.833
21.093319	14426.222
21.099702	14376.172
21.106085	14375.851
21.112468	14387.324
21.118851	14447.825
21.125233	14481.951
21.131616	14451.012
21.137999	14370.496
21.144382	14378.240
21.150765	14382.573
21.157147	14356.526
21.163530	14389.920
21.169913	14394.196
21.176296	14377.746
21.182679	14367.603
21.189062	14350.896
21.195444	14344.298
21.201827	14329.441
21.208210	14358.627
21.214593	14332.805
21.220976	14271.049
21.227358	14281.234
21.233741	14273.547
21.240124	14309.936
21.246507	14293.597
21.252890	14348.587
21.259273	14299.488
21.265655	14256.506
21.272038	14286.700
21.278421	14254.646
21.284804	14226.296
21.291187	14292.214
21.297569	14314.189
21.303952	14281.492
21.310335	14317.162
21.316718	14306.240
21.323101	14263.857
21.329484	14244.433
21.335866	14273.468
21.342249	14316.860
21.348632	14325.323
21.355015	14317.542
21.361398	14332.676
21.367780	14312.267
21.374163	14291.474
21.380546	14308.424
21.386929	14304.697
21.393312	14338.215
21.399695	14309.179
21.406077	14258.252
21.412460	14283.086
21.418843	14288.060
21.425226	14228.736
21.431609	14230.697
21.437991	14305.648
21.444374	14285.819
21.450757	14258.949
21.457140	14279.542
21.463523	14268.989
21.469906	14211.482
21.476288	14224.793
21.482671	14178.863
21.489054	14224.511
21.495437	14221.388
21.501820	14215.260
21.508202	14219.627
21.514585	14224.800
21.520968	14238.499
21.527351	14281.329
21.533734	14239.841
21.540117	14250.537
21.546499	14250.167
21.552882	14229.017
21.559265	14238.563
21.565648	14209.302
21.572031	14179.481
21.578413	14166.889
21.584796	14188.434
21.591179	14186.709
21.597562	14245.314
21.603945	14190.590
21.610328	14154.723
21.616710	14198.088
21.623093	14247.158
21.629476	14180.068
21.635859	14234.490
21.642242	14165.312
21.648624	14135.626
21.655007	14178.977
21.661390	14190.146
21.667773	14204.843
21.674156	14223.504
21.680539	14215.731
21.686921	14191.159
21.693304	14186.848
21.699687	14209.592
21.706070	14171.736
21.712453	14194.419
21.718835	14219.790
21.725218	14208.043
21.731601	14109.991
21.737984	14099.785
21.744367	14135.101
21.750750	14143.145
21.757132	14146.408
21.763515	14175.425
21.769898	14184.378
21.776281	14220.279
21.782664	14159.458
21.789046	14147.896
21.795429	14171.940
21.801812	14220.206
21.808195	14204.704
21.814578	14179.842
21.820961	14169.504
21.827343	14185.791
21.833726	14146.700
21.840109	14088.381
21.846492	14153.711
21.852875	14153.237
21.859257	14117.798
21.865640	14175.300
21.872023	14175.314
21.878406	14150.811
21.884789	14180.288
21.891172	14196.523
21.897554	14141.724
21.903937	14128.020
21.910320	14151.384
21.916703	14170.977
21.923086	14144.456
21.929468	14152.834
21.935851	14126.829
21.942234	14096.470
21.948617	14113.691
21.955000	14171.241
21.961383	14156.152
21.967765	14085.984
21.974148	14086.975
21.980531	14166.696
21.986914	14129.648
21.993297	14110.633
21.999679	14107.149
22.006062	14091.668
22.012445	14120.430
22.018828	14135.340
22.025211	14157.876
22.031594	14168.575
22.037976	14134.139
22.044359	14117.727
22.050742	14169.383
22.057125	14185.930
22.063508	14145.342
22.069890	14127.972
22.076273	14146.676
22.082656	14171.250
22.089039	14161.979
22.095422	14108.801
22.101805	14097.504
22.108187	14031.090
22.114570	14134.435
22.120953	14165.422
22.127336	14134.310
22.133719	14050.353
22.140101	14057.139
22.146484	14097.071
22.152867	14154.531
22.159250	14120.605
22.165633	14122.072
22.172016	14120.408
22.178398	14135.556
22.184781	14081.281
22.191164	14048.840
22.197547	14035.950
22.203930	14057.308
22.210312	14113.737
22.216695	14099.144
22.223078	14094.805
22.229461	14054.648
22.235844	14084.815
22.242227	14131.343
22.248609	14037.258
22.254992	14089.689
22.261375	14149.676
22.267758	14130.798
22.274141	14092.444
22.280523	14056.507
22.286906	13977.706
22.293289	13959.124
22.299672	14045.912
22.306055	14103.730
22.312438	14099.727
22.318820	14033.952
22.325203	14092.001
22.331586	14049.584
22.337969	14025.498
22.344352	14033.038
22.350734	14050.510
22.357117	13980.312
22.363500	14001.936
22.369883	14086.551
22.376266	14073.385
22.382649	14091.167
22.389031	14059.586
22.395414	14049.122
22.401797	14036.340
22.408180	14017.656
22.414563	14089.790
22.420945	14033.311
22.427328	13993.817
22.433711	13923.161
22.440094	13963.825
22.446477	14038.654
22.452860	14124.671
22.459242	14113.093
22.465625	14040.896
22.472008	14010.865
22.478391	14028.843
22.484774	14049.400
22.491156	14051.422
22.497539	14025.548
22.503922	13986.623
22.510305	13991.380
22.516688	14025.954
22.523071	13992.026
22.529453	14024.242
22.535836	14019.839
22.542219	14072.417
22.548602	14122.925
22.554985	14024.481
22.561367	13969.905
22.567750	13993.894
22.574133	14053.047
22.580516	14053.804
22.586899	13985.418
22.593282	14011.985
22.599664	14024.137
22.606047	14001.844
22.612430	13978.665
22.618813	14007.719
22.625196	14046.135
22.631578	13987.634
22.637961	14082.088
22.644344	14044.785
22.650727	14062.226
22.657110	13987.055
22.663493	14013.206
22.669875	14025.183
22.676258	13989.918
22.682641	13978.254
22.689024	13963.457
22.695407	13971.513
22.701789	13995.238
22.708172	13976.547
22.714555	13984.871
22.720938	13964.305
22.727321	13950.664
22.733704	13970.107
22.740086	14010.380
22.746469	13923.576
22.752852	13876.473
22.759235	13934.185
22.765618	13923.148
22.772000	14014.388
22.778383	14008.180
22.784766	13965.644
22.791149	13944.767
22.797532	13918.788
22.803915	13988.370
22.810297	13954.584
22.816680	13937.739
22.823063	13970.703
22.829446	13945.956
22.835829	13932.665
22.842211	13915.436
22.848594	13970.808
22.854977	13965.351
22.861360	13857.009
22.867743	13886.866
22.874126	13898.572
22.880508	13900.458
22.886891	13946.726
22.893274	13937.367
22.899657	13855.631
22.906040	13888.690
22.912422	13924.025
22.918805	13878.885
22.925188	13851.095
22.931571	13876.755
22.937954	13877.131
22.944337	13929.888
22.950719	13898.850
22.957102	13921.328
22.963485	13902.465
22.969868	13874.409
22.976251	13918.180
22.982633	13919.808
22.989016	13840.313
22.995399	13888.592
23.001782	13864.426
23.008165	13841.485
23.014548	13895.559
23.020930	13881.026
23.027313	13986.974
23.033696	13934.589
23.040079	13851.406
23.046462	13907.743
23.052844	13894.247
23.059227	13849.922
23.065610	13849.006
23.071993	13802.318
23.078376	13779.981
23.084759	13848.308
23.091141	13850.351
23.097524	13837.684
23.103907	13831.793
23.110290	13852.834
23.116673	13854.374
23.123055	13779.390
23.129438	13763.632
23.135821	13845.103
23.142204	13879.986
23.148587	13806.304
23.154970	13849.655
23.161352	13800.279
23.167735	13753.584
23.174118	13797.965
23.180501	13802.750
23.186884	13846.385
23.193266	13789.294
23.199649	13746.641
23.206032	13760.278
23.212415	13751.895
23.218798	13796.589
23.225181	13788.935
23.231563	13726.754
23.237946	13734.895
23.244329	13767.492
23.250712	13777.848
23.257095	13817.779
23.263477	13825.647
23.269860	13834.971
23.276243	13812.688
23.282626	13764.605
23.289009	13746.611
23.295392	13733.533
23.301774	13822.041
23.308157	13796.653
23.314540	13852.781
23.320923	13835.999
23.327306	13706.152
23.333688	13693.215
23.340071	13811.329
23.346454	13728.087
23.352837	13682.001
23.359220	13773.303
23.365603	13790.323
23.371985	13783.520
23.378368	13758.399
23.384751	13680.288
23.391134	13700.369
23.397517	13774.242
23.403900	13693.158
23.410282	13708.657
23.416665	13774.390
23.423048	13819.435
23.429431	13687.419
23.435814	13716.717
23.442196	13713.895
23.448579	13719.760
23.454962	13730.927
23.461345	13698.386
23.467728	13684.713
23.474111	13604.200
23.480493	13651.565
23.486876	13701.826
23.493259	13658.408
23.499642	13696.798
23.506025	13700.798
23.512407	13724.092
23.518790	13671.943
23.525173	13696.020
23.531556	13649.849
23.537939	13659.211
23.544322	13699.136
23.550704	13697.973
23.557087	13721.075
23.563470	13609.327
23.569853	13629.917
23.576236	13641.467
23.582618	13715.466
23.589001	13649.838
23.595384	13673.263
23.601767	13734.393
23.608150	13749.622
23.614533	13773.999
23.620915	13627.375
23.627298	13634.888
23.633681	13658.977
23.640064	13726.504
23.646447	13689.193
23.652829	13703.575
23.659212	13700.670
23.665595	13684.110
23.671978	13640.156
23.678361	13678.555
23.684744	13704.328
23.691126	13666.136
23.697509	13611.881
23.703892	13595.148
23.710275	13706.280
23.716658	13688.444
23.723040	13649.765
23.729423	13577.908
23.735806	13706.122
23.742189	13719.167
23.748572	13678.775
23.754955	13587.971
23.761337	13633.809
23.767720	13717.643
23.774103	13694.397
23.780486	13691.216
23.786869	13544.263
23.793251	13560.980
23.799634	13656.963
23.806017	13707.105
23.812400	13712.097
23.818783	13747.044
23.825166	13744.147
23.831548	13691.838
23.837931	13576.848
23.844314	13647.656
23.850697	13668.333
23.857080	13650.750
23.863462	13599.944
23.869845	13591.076
23.876228	13667.067
23.882611	13670.921
23.888994	13651.001
23.895377	13680.172
23.901759	13604.196
23.908142	13611.778
23.914525	13710.880
23.920908	13673.007
23.927291	13700.021
23.933673	13622.985
23.940056	13561.425
23.946439	13721.617
23.952822	13635.501
23.959205	13507.416
23.965588	13583.356
23.971970	13661.342
23.978353	13626.855
23.984736	13531.180
23.991119	13573.284
23.997502	13555.940
24.003884	13524.377
24.010267	13579.837
24.016650	13695.955
24.023033	13648.598
24.029416	13609.634
24.035799	13562.082
24.042181	13581.407
24.048564	13580.165
24.054947	13577.680
24.061330	13556.800
24.067713	13635.235
24.074095	13580.827
24.080478	13601.858
24.086861	13676.456
24.093244	13590.547
24.099627	13667.633
24.106010	13585.084
24.112392	13620.013
24.118775	13564.226
24.125158	13514.803
24.131541	13591.701
24.137924	13581.324
24.144306	13655.386
24.150689	13575.516
24.157072	13604.917
24.163455	13531.442
24.169838	13479.273
24.176221	13541.005
24.182603	13590.576
24.188986	13539.411
24.195369	13554.512
24.201752	13559.530
24.208135	13564.045
24.214517	13530.185
24.220900	13438.889
24.227283	13464.186
24.233666	13493.684
24.240049	13476.565
24.246432	13517.254
24.252814	13478.827
24.259197	13541.588
24.265580	13493.007
24.271963	13458.715
24.278346	13548.524
24.284728	13552.246
24.291111	13608.931
24.297494	13511.873
24.303877	13441.261
24.310260	13535.582
24.316643	13528.988
24.323025	13448.597
24.329408	13480.532
24.335791	13493.897
24.342174	13481.007
24.348557	13487.928
24.354939	13450.755
24.361322	13439.699
24.367705	13470.979
24.374088	13447.053
24.380471	13360.171
24.386854	13393.868
24.393236	13466.988
24.399619	13473.247
24.406002	13485.399
24.412385	13429.354
24.418768	13416.997
24.425150	13395.888
24.431533	13384.687
24.437916	13459.438
24.444299	13464.185
24.450682	13490.651
24.457065	13507.655
24.463447	13454.476
24.469830	13405.826
24.476213	13444.434
24.482596	13368.714
24.488979	13396.375
24.495361	13477.178
24.501744	13473.646
24.508127	13492.967
24.514510	13584.339
24.520893	13401.519
24.527276	13447.652
24.533658	13356.519
24.540041	13329.559
24.546424	13440.455
24.552807	13493.133
24.559190	13378.170
24.565572	13367.882
24.571955	13405.283
24.578338	13435.823
24.584721	13410.233
24.591104	13354.069
24.597487	13352.926
24.603869	13387.065
24.610252	13333.482
24.616635	13310.198
24.623018	13319.710
24.629401	13381.442
24.635783	13384.465
24.642166	13287.887
24.648549	13279.186
24.654932	13387.790
24.661315	13405.623
24.667698	13323.582
24.674080	13365.090
24.680463	13282.899
24.686846	13209.866
24.693229	13375.554
24.699612	13414.931
24.705994	13328.828
24.712377	13360.859
24.718760	13322.351
24.725143	13377.427
24.731526	13327.215
24.737909	13356.455
24.744291	13356.727
24.750674	13293.734
24.757057	13341.025
24.763440	13299.988
24.769823	13359.273
24.776205	13335.855
24.782588	13255.885
24.788971	13262.245
24.795354	13243.213
24.801737	13314.248
24.808120	13342.201
24.814502	13321.653
24.820885	13343.199
24.827268	13308.989
24.833651	13215.952
24.840034	13296.907
24.846416	13238.451
24.852799	13294.455
24.859182	13325.879
24.865565	13241.259
24.871948	13227.667
24.878331	13216.484
24.884713	13187.495
24.891096	13226.872
24.897479	13311.082
24.903862	13355.394
24.910245	13329.895
24.916627	13155.814
24.923010	13248.532
24.929393	13225.387
24.935776	13256.679
24.942159	13274.924
24.948542	13271.457
24.954924	13283.288
24.961307	13310.579
24.967690	13298.609
24.974073	13263.040
24.980456	13243.012
24.986838	13272.736
24.993221	13236.511
24.999604	13193.534
25.005987	13165.963
25.012370	13239.370
25.018753	13343.644
25.025135	13264.600
25.031518	13259.630
25.037901	13252.937
25.044284	13250.533
25.050667	13139.466
25.057049	13239.824
25.063432	13234.685
25.069815	13271.717
25.076198	13230.752
25.082581	13293.176
25.088964	13284.265
25.095346	13258.310
25.101729	13244.353
25.108112	13297.691
25.114495	13179.545
25.120878	13114.814
25.127260	13222.315
25.133643	13205.244
25.140026	13272.287
25.146409	13217.558
25.152792	13137.259
25.159175	13200.684
25.165557	13112.037
25.171940	13161.991
25.178323	13199.281
25.184706	13210.219
25.191089	13290.016
25.197471	13184.743
25.203854	13195.810
25.210237	13188.053
25.216620	13147.740
25.223003	13227.209
25.229386	13158.032
25.235768	13171.874
25.242151	13214.791
25.248534	13260.564
25.254917	13241.500
25.261300	13167.722
25.267682	13129.114
25.274065	13121.432
25.280448	13217.635
25.286831	13203.070
25.293214	13212.138
25.299597	13132.297
25.305979	13179.363
25.312362	13182.308
25.318745	13164.271
25.325128	13128.466
25.331511	13192.062
25.337893	13248.409
25.344276	13066.306
25.350659	13102.886
25.357042	13132.299
25.363425	13179.649
25.369808	13114.613
25.376190	13097.497
25.382573	13153.417
25.388956	13153.032
25.395339	13134.510
25.401722	13074.260
25.408104	13105.239
25.414487	13121.111
25.420870	13207.600
25.427253	13140.675
25.433636	13062.006
25.440019	13189.545
25.446401	13089.195
25.452784	13039.022
25.459167	13077.446
25.465550	13152.319
25.471933	13111.625
25.478315	13210.462
25.484698	13117.762
25.491081	13145.277
25.497464	13115.024
25.503847	13150.859
25.510230	13042.439
25.516612	13101.706
25.522995	13112.933
25.529378	13036.860
25.535761	13100.405
25.542144	13076.662
25.548526	13093.007
25.554909	13131.943
25.561292	13128.572
25.567675	13086.998
25.574058	13119.363
25.580441	13036.243
25.586823	13066.338
25.593206	13072.992
25.599589	13092.857
25.605972	13039.431
25.612355	13014.117
25.618737	13125.580
25.625120	13056.411
25.631503	13050.300
25.637886	12979.301
25.644269	13101.477
25.650652	13105.117
25.657034	13178.708
25.663417	13067.206
25.669800	13034.906
25.676183	12985.986
25.682566	13020.631
25.688948	13021.540
25.695331	13123.417
25.701714	13018.799
25.708097	13129.380
25.714480	13026.561
25.720863	13020.638
25.727245	13000.687
25.733628	13046.060
25.740011	13040.620
25.746394	12958.729
25.752777	13001.485
25.759159	13073.358
25.765542	13023.309
25.771925	13093.184
25.778308	13022.007
25.784691	12909.983
25.791074	13061.187
25.797456	13019.655
25.803839	12951.689
25.810222	12951.926
25.816605	12976.552
25.822988	12995.100
25.829370	12917.827
25.835753	12974.918
25.842136	12877.740
25.848519	12912.928
25.854902	13063.282
25.861285	13048.925
25.867667	12880.168
25.874050	12982.151
25.880433	12957.931
25.886816	12891.257
25.893199	13044.271
25.899581	12979.305
25.905964	12922.429
25.912347	12910.094
25.918730	13020.226
25.925113	12955.751
25.931496	12813.964
25.937878	12907.968
25.944261	12969.907
25.950644	12884.208
25.957027	12966.426
25.963410	12914.147
25.969792	12942.065
25.976175	12950.675
25.982558	12973.629
25.988941	12961.365
25.995324	12895.996
26.001707	12967.314
26.008089	12932.350
26.014472	12977.375
26.020855	12971.987
26.027238	12986.878
26.033621	12943.717
26.040003	12823.023
26.046386	12805.745
26.052769	12960.282
26.059152	12948.221
26.065535	12880.054
26.071918	12860.721
26.078300	12903.126
26.084683	12894.634
26.091066	12974.192
26.097449	12949.514
26.103832	12919.883
26.110214	12898.240
26.116597	12947.455
26.122980	12990.255
26.129363	12896.805
26.135746	12866.538
26.142129	12861.785
26.148511	12854.167
26.154894	12928.095
26.161277	12865.708
26.167660	12854.843
26.174043	12901.470
26.180425	12900.772
26.186808	12847.982
26.193191	12951.768
26.199574	12971.788
26.205957	12947.802
26.212340	12957.503
26.218722	12959.296
26.225105	13000.424
26.231488	12945.782
26.237871	13028.349
26.244254	12964.041
26.250636	12864.338
26.257019	12883.588
26.263402	12786.654
26.269785	12828.631
26.276168	12920.369
26.282551	12907.140
26.288933	12831.726
26.295316	12835.899
26.301699	12805.853
26.308082	12761.867
26.314465	12748.901
26.320847	12781.737
26.327230	12761.221
26.333613	12883.506
26.339996	12840.335
26.346379	12797.506
26.352762	12848.275
26.359144	12794.316
26.365527	12762.081
26.371910	12807.930
26.378293	12793.590
26.384676	12816.654
26.391058	12806.894
26.397441	12817.760
26.403824	12747.008
26.410207	12770.577
26.416590	12892.433
26.422973	12875.817
26.429355	12902.098
26.435738	12881.958
26.442121	12909.982
26.448504	12784.905
26.454887	12726.079
26.461269	12677.540
26.467652	12724.407
26.474035	12752.141
26.480418	12779.609
26.486801	12753.226
26.493184	12718.938
26.499566	12754.431
26.505949	12773.879
26.512332	12878.113
26.518715	12811.252
26.525098	12641.664
26.531480	12679.124
26.537863	12782.871
26.544246	12714.164
26.550629	12765.020
26.557012	12833.360
26.563395	12752.760
26.569777	12670.867
26.576160	12631.322
26.582543	12717.886
26.588926	12645.848
26.595309	12750.373
26.601692	12613.918
26.608074	12690.354
26.614457	12745.295
26.620840	12839.460
26.627223	12740.746
26.633606	12806.278
26.639988	12792.751
26.646371	12718.737
26.652754	12862.582
26.659137	12813.317
26.665520	12746.727
26.671903	12659.170
26.678285	12753.465
26.684668	12806.205
26.691051	12740.677
26.697434	12606.199
26.703817	12716.740
26.710199	12683.390
26.716582	12617.077
26.722965	12617.753
26.729348	12656.837
26.735731	12698.207
26.742114	12670.218
26.748496	12685.738
26.754879	12635.233
26.761262	12568.305
26.767645	12782.514
26.774028	12702.028
26.780410	12604.893
26.786793	12699.111
26.793176	12638.811
26.799559	12632.013
26.805942	12679.110
26.812325	12725.202
26.818707	12631.885
26.825090	12650.746
26.831473	12742.977
26.837856	12688.197
26.844239	12568.923
26.850621	12592.275
26.857004	12648.143
26.863387	12616.531
26.869770	12645.963
26.876153	12663.504
26.882536	12693.804
26.888918	12730.386
26.895301	12705.363
26.901684	12526.231
26.908067	12683.759
26.914450	12618.674
26.920832	12611.941
26.927215	12689.571
26.933598	12678.138
26.939981	12604.592
26.946364	12590.829
26.952747	12691.850
26.959129	12784.418
26.965512	12695.869
26.971895	12833.848
26.978278	12542.005
26.984661	12615.124
26.991043	12651.684
26.997426	12534.369
27.003809	12676.172
27.010192	12578.684
27.016575	12601.292
27.022958	12706.521
27.029340	12683.357
27.035723	12703.776
27.042106	12610.138
27.048489	12608.168
27.054872	12701.444
27.061254	12645.206
27.067637	12634.123
27.074020	12592.034
27.080403	12578.747
27.086786	12452.924
27.093169	12414.914
27.099551	12546.266
27.105934	12607.286
27.112317	12574.967
27.118700	12604.774
27.125083	12554.990
27.131465	12516.092
27.137848	12524.347
27.144231	12623.007
27.150614	12639.804
27.156997	12497.280
27.163380	12618.605
27.169762	12671.701
27.176145	12583.048
27.182528	12728.433
27.188911	12577.732
27.195294	12612.993
27.201676	12508.367
27.208059	12529.633
27.214442	12490.944
27.220825	12478.266
27.227208	12513.964
27.233591	12444.274
27.239973	12524.024
27.246356	12586.702
27.252739	12364.999
27.259122	12498.812
27.265505	12657.923
27.271887	12521.162
27.278270	12594.458
27.284653	12448.330
27.291036	12528.776
27.297419	12661.152
27.303802	12557.897
27.310184	12585.780
27.316567	12565.240
27.322950	12511.936
27.329333	12655.944
27.335716	12540.703
27.342098	12519.701
27.348481	12457.748
27.354864	12629.371
27.361247	12543.310
27.367630	12612.822
27.374013	12596.676
27.380395	12537.594
27.386778	12472.156
27.393161	12513.449
27.399544	12428.162
27.405927	12422.774
27.412309	12376.388
27.418692	12465.963
27.425075	12383.156
27.431458	12426.407
27.437841	12426.084
27.444224	12534.716
27.450606	12352.203
27.456989	12447.295
27.463372	12345.174
27.469755	12447.257
27.476138	12529.879
27.482520	12427.917
27.488903	12501.657
27.495286	12439.543
27.501669	12500.795
27.508052	12366.802
27.514435	12389.435
27.520817	12587.093
27.527200	12482.351
27.533583	12448.629
27.539966	12456.673
27.546349	12377.363
27.552731	12425.547
27.559114	12301.591
27.565497	12351.263
27.571880	12519.563
27.578263	12546.220
27.584646	12437.256
27.591028	12453.439
27.597411	12483.097
27.603794	12516.051
27.610177	12539.458
27.616560	12358.164
27.622942	12562.832
27.629325	12389.042
27.635708	12385.286
27.642091	12324.567
27.648474	12417.064
27.654857	12397.214
27.661239	12498.371
27.667622	12365.224
27.674005	12508.833
27.680388	12446.077
27.686771	12409.453
27.693153	12392.605
27.699536	12432.650
27.705919	12269.078
27.712302	12326.876
27.718685	12232.111
27.725068	12297.160
27.731450	12381.000
27.737833	12319.385
27.744216	12203.205
27.750599	12322.642
27.756982	0.0000000
27.763364	0.0000000
27.769747	0.0000000
27.776130	0.0000000
27.782513	0.0000000
27.788896	0.0000000
27.795279	0.0000000
27.801661	0.0000000
27.808044	0.0000000
27.814427	0.0000000
27.820810	0.0000000
27.827193	0.0000000
27.833575	0.0000000
27.839958	0.0000000
27.846341	0.0000000
27.852724	0.0000000
27.859107	0.0000000
27.865490	0.0000000
27.871872	0.0000000
27.878255	0.0000000
27.884638	0.0000000
27.891021	0.0000000
27.897404	0.0000000
27.903786	0.0000000
27.910169	0.0000000
27.916552	0.0000000
27.922935	0.0000000
27.929318	0.0000000
27.935701	0.0000000
27.942083	0.0000000
27.948466	0.0000000
27.954849	0.0000000
27.961232	0.0000000
27.967615	0.0000000
27.973997	0.0000000
27.980380	0.0000000
27.986763	0.0000000
27.993146	0.0000000
27.999529	0.0000000
28.005912	0.0000000
28.012294	0.0000000
28.018677	0.0000000
28.025060	0.0000000
28.031443	0.0000000
28.037826	0.0000000
28.044208	0.0000000
28.050591	0.0000000
28.056974	0.0000000
28.063357	0.0000000
28.069740	0.0000000
28.076123	0.0000000
28.082505	0.0000000
28.088888	0.0000000
28.095271	0.0000000
28.101654	0.0000000
28.108037	0.0000000
28.114419	0.0000000
28.120802	0.0000000
28.127185	0.0000000
28.133568	0.0000000
28.139951	0.0000000
28.146334	0.0000000
28.152716	0.0000000
28.159099	0.0000000
28.165482	0.0000000
28.171865	0.0000000
28.178248	0.0000000
28.184630	0.0000000
28.191013	0.0000000
28.197396	0.0000000
28.203779	0.0000000
28.210162	0.0000000
28.216545	0.0000000
28.222927	0.0000000
28.229310	0.0000000
28.235693	0.0000000
28.242076	0.0000000
28.248459	0.0000000
28.254841	0.0000000
28.261224	0.0000000
28.267607	0.0000000
28.273990	0.0000000
28.280373	0.0000000
28.286756	0.0000000
28.293138	0.0000000
28.299521	0.0000000
28.305904	0.0000000
28.312287	0.0000000
28.318670	0.0000000
28.325052	0.0000000
28.331435	0.0000000
28.337818	0.0000000
28.344201	0.0000000
28.350584	0.0000000
28.356967	0.0000000
28.363349	0.0000000
28.369732	0.0000000
28.376115	0.0000000
28.382498	0.0000000
28.388881	0.0000000
28.395263	0.0000000
28.401646	0.0000000
28.408029	0.0000000
28.414412	0.0000000
28.420795	0.0000000
28.427178	0.0000000
28.433560	0.0000000
28.439943	0.0000000
28.446326	0.0000000
28.452709	0.0000000
28.459092	0.0000000
28.465474	0.0000000
28.471857	0.0000000
28.478240	0.0000000
28.484623	0.0000000
28.491006	0.0000000
28.497389	0.0000000
28.503771	0.0000000
28.510154	0.0000000
28.516537	0.0000000
28.522920	0.0000000
28.529303	0.0000000
28.535685	0.0000000
28.542068	0.0000000
28.548451	0.0000000
28.554834	0.0000000
28.561217	0.0000000
28.567600	0.0000000
28.573982	0.0000000
28.580365	0.0000000
28.586748	0.0000000
28.593131	0.0000000
28.599514	0.0000000
28.605896	0.0000000
28.612279	0.0000000
28.618662	0.0000000
28.625045	0.0000000
28.631428	0.0000000
28.637811	0.0000000
28.644193	0.0000000
28.650576	0.0000000
28.656959	0.0000000
28.663342	0.0000000
28.669725	0.0000000
28.676107	0.0000000
28.682490	0.0000000
28.688873	0.0000000
28.695256	0.0000000
28.701639	0.0000000
28.708022	0.0000000
28.714404	0.0000000
28.720787	0.0000000
28.727170	0.0000000
28.733553	0.0000000
28.739936	0.0000000
28.746318	0.0000000
28.752701	0.0000000
28.759084	0.0000000
28.765467	0.0000000
28.771850	0.0000000
28.778233	0.0000000
28.784615	0.0000000
28.790998	0.0000000
28.797381	0.0000000
28.803764	0.0000000
28.810147	0.0000000
28.816529	0.0000000
28.822912	0.0000000
28.829295	0.0000000
28.835678	0.0000000
28.842061	0.0000000
28.848444	0.0000000
28.854826	0.0000000
28.861209	0.0000000
28.867592	0.0000000
28.873975	0.0000000
28.880358	0.0000000
28.886740	0.0000000
28.893123	0.0000000
28.899506	0.0000000
28.905889	0.0000000
28.912272	0.0000000
28.918655	0.0000000
28.925037	0.0000000
28.931420	0.0000000
28.937803	0.0000000
28.944186	0.0000000
28.950569	0.0000000
28.956951	0.0000000
28.963334	0.0000000
28.969717	0.0000000
28.976100	0.0000000
28.982483	0.0000000
28.988866	0.0000000
28.995248	0.0000000
29.001631	0.0000000
29.008014	0.0000000
29.014397	0.0000000
29.020780	0.0000000
29.027162	0.0000000
29.033545	0.0000000
29.039928	0.0000000
29.046311	0.0000000
29.052694	0.0000000
29.059077	0.0000000
29.065459	0.0000000
29.071842	0.0000000
29.078225	0.0000000
29.084608	0.0000000
29.090991	0.0000000
29.097373	0.0000000
29.103756	0.0000000
29.110139	0.0000000
29.116522	0.0000000
29.122905	0.0000000
29.129288	0.0000000
29.135670	0.0000000
29.142053	0.0000000
29.148436	0.0000000
29.154819	0.0000000
29.161202	0.0000000
29.167584	0.0000000
29.173967	0.0000000
29.180350	0.0000000
29.186733	0.0000000
29.193116	0.0000000
29.199499	0.0000000
29.205881	0.0000000
29.212264	0.0000000
29.218647	0.0000000
29.225030	0.0000000
29.231413	0.0000000
29.237795	0.0000000
29.244178	0.0000000
29.250561	0.0000000
29.256944	0.0000000
29.263327	0.0000000
29.269710	0.0000000
29.276092	0.0000000
29.282475	0.0000000
29.288858	0.0000000
29.295241	0.0000000
29.301624	0.0000000
29.308006	0.0000000
29.314389	0.0000000
29.320772	0.0000000
29.327155	0.0000000
29.333538	0.0000000
29.339921	0.0000000
29.346303	0.0000000
29.352686	0.0000000
29.359069	0.0000000
29.365452	0.0000000
29.371835	0.0000000
29.378217	0.0000000
29.384600	0.0000000
29.390983	0.0000000
29.397366	0.0000000
29.403749	0.0000000
29.410132	0.0000000
29.416514	0.0000000
29.422897	0.0000000
29.429280	0.0000000
29.435663	0.0000000
29.442046	0.0000000
29.448428	0.0000000
29.454811	0.0000000
29.461194	0.0000000
29.467577	0.0000000
29.473960	0.0000000
29.480343	0.0000000
29.486725	0.0000000
29.493108	0.0000000
29.499491	0.0000000
29.505874	0.0000000
29.512257	0.0000000
29.518639	0.0000000
29.525022	0.0000000
29.531405	0.0000000
29.537788	0.0000000
29.544171	0.0000000
29.550554	0.0000000
29.556936	0.0000000
29.563319	0.0000000
29.569702	0.0000000
29.576085	0.0000000
29.582468	0.0000000
29.588850	0.0000000
29.595233	0.0000000
29.601616	0.0000000
29.607999	0.0000000
29.614382	0.0000000
29.620765	0.0000000
29.627147	0.0000000
29.633530	0.0000000
29.639913	0.0000000
29.646296	0.0000000
29.652679	0.0000000
29.659061	0.0000000
29.665444	0.0000000
29.671827	0.0000000
29.678210	0.0000000
29.684593	0.0000000
29.690976	0.0000000
29.697358	0.0000000
29.703741	0.0000000
29.710124	0.0000000
29.716507	0.0000000
29.722890	0.0000000
29.729272	0.0000000
29.735655	0.0000000
29.742038	0.0000000
29.748421	0.0000000
29.754804	0.0000000
29.761187	0.0000000
29.767569	0.0000000
29.773952	0.0000000
29.780335	0.0000000
29.786718	0.0000000
29.793101	0.0000000
29.799484	0.0000000
29.805866	0.0000000
29.812249	0.0000000
29.818632	0.0000000
29.825015	0.0000000
29.831398	0.0000000
29.837780	0.0000000
29.844163	0.0000000
29.850546	0.0000000
29.856929	0.0000000
29.863312	0.0000000
29.869695	0.0000000
29.876077	0.0000000
29.882460	0.0000000
29.888843	0.0000000
29.895226	0.0000000
29.901609	0.0000000
29.907991	0.0000000
29.914374	0.0000000
29.920757	0.0000000
29.927140	0.0000000
29.933523	0.0000000
29.939906	0.0000000
29.946288	0.0000000
29.952671	0.0000000
29.959054	0.0000000
29.965437	0.0000000
29.971820	0.0000000
29.978202	0.0000000
29.984585	0.0000000
29.990968	0.0000000
29.997351	0.0000000
30.003734	0.0000000
30.010117	0.0000000
30.016499	0.0000000
30.022882	0.0000000
30.029265	0.0000000
30.035648	0.0000000
30.042031	0.0000000
30.048413	0.0000000
30.054796	0.0000000
30.061179	0.0000000
30.067562	0.0000000
30.073945	0.0000000
30.080328	0.0000000
30.086710	0.0000000
30.093093	0.0000000
30.099476	0.0000000
30.105859	0.0000000
30.112242	0.0000000
30.118624	0.0000000
30.125007	0.0000000
30.131390	0.0000000
30.137773	0.0000000
30.144156	0.0000000
30.150539	0.0000000
30.156921	0.0000000
30.163304	0.0000000
30.169687	0.0000000
30.176070	0.0000000
30.182453	0.0000000
30.188835	0.0000000
30.195218	0.0000000
30.201601	0.0000000
30.207984	0.0000000
30.214367	0.0000000
30.220750	0.0000000
30.227132	0.0000000
30.233515	0.0000000
30.239898	0.0000000
30.246281	0.0000000
30.252664	0.0000000
30.259046	0.0000000
30.265429	0.0000000
30.271812	0.0000000
30.278195	0.0000000
30.284578	0.0000000
30.290961	0.0000000
30.297343	0.0000000
30.303726	0.0000000
30.310109	0.0000000
30.316492	0.0000000
30.322875	0.0000000
30.329257	0.0000000
30.335640	0.0000000
30.342023	0.0000000
30.348406	0.0000000
30.354789	0.0000000
30.361172	0.0000000
30.367554	0.0000000
30.373937	0.0000000
30.380320	0.0000000
30.386703	0.0000000
30.393086	0.0000000
30.399468	0.0000000
30.405851	0.0000000
30.412234	0.0000000
30.418617	0.0000000
30.425000	0.0000000
30.431383	0.0000000
30.437765	0.0000000
30.444148	0.0000000
30.450531	0.0000000
30.456914	0.0000000
30.463297	0.0000000
30.469679	0.0000000
30.476062	0.0000000
30.482445	0.0000000
30.488828	0.0000000
30.495211	0.0000000
30.501594	0.0000000
30.507976	0.0000000
30.514359	0.0000000
30.520742	0.0000000
30.527125	0.0000000
30.533508	0.0000000
30.539890	0.0000000
30.546273	0.0000000
30.552656	0.0000000
30.559039	0.0000000
30.565422	0.0000000
30.571805	0.0000000
30.578187	0.0000000
30.584570	0.0000000
30.590953	0.0000000
30.597336	0.0000000
30.603719	0.0000000
30.610101	0.0000000
30.616484	0.0000000
30.622867	0.0000000
30.629250	0.0000000
30.635633	0.0000000
30.642016	0.0000000
30.648398	0.0000000
30.654781	0.0000000
30.661164	0.0000000
30.667547	0.0000000
30.673930	0.0000000
30.680312	0.0000000
30.686695	0.0000000
30.693078	0.0000000
30.699461	0.0000000
30.705844	0.0000000
30.712227	0.0000000
30.718609	0.0000000
30.724992	0.0000000
30.731375	0.0000000
30.737758	0.0000000
30.744141	0.0000000
30.750523	0.0000000
30.756906	0.0000000
30.763289	0.0000000
30.769672	0.0000000
30.776055	0.0000000
30.782438	0.0000000
30.788820	0.0000000
30.795203	0.0000000
30.801586	0.0000000
30.807969	0.0000000
30.814352	0.0000000
30.820734	0.0000000
30.827117	0.0000000
30.833500	0.0000000
30.839883	0.0000000
30.846266	0.0000000
30.852649	0.0000000
30.859031	0.0000000
30.865414	0.0000000
30.871797	0.0000000
30.878180	0.0000000
30.884563	0.0000000
30.890945	0.0000000
30.897328	0.0000000
30.903711	0.0000000
30.910094	0.0000000
30.916477	0.0000000
30.922860	0.0000000
30.929242	0.0000000
30.935625	0.0000000
30.942008	0.0000000
30.948391	0.0000000
30.954774	0.0000000
30.961156	0.0000000
30.967539	0.0000000
30.973922	0.0000000
30.980305	0.0000000
30.986688	0.0000000
30.993071	0.0000000
30.999453	0.0000000
31.005836	0.0000000
31.012219	0.0000000
31.018602	0.0000000
31.024985	0.0000000
31.031367	0.0000000
31.037750	0.0000000
31.044133	0.0000000
31.050516	0.0000000
31.056899	0.0000000
31.063282	0.0000000
31.069664	0.0000000
31.076047	0.0000000
31.082430	0.0000000
31.088813	0.0000000
31.095196	0.0000000
31.101578	0.0000000
31.107961	0.0000000
31.114344	0.0000000
31.120727	0.0000000
31.127110	0.0000000
31.133493	0.0000000
31.139875	0.0000000
31.146258	0.0000000
31.152641	0.0000000
31.159024	0.0000000
31.165407	0.0000000
31.171789	0.0000000
31.178172	0.0000000
31.184555	0.0000000
31.190938	0.0000000
31.197321	0.0000000
31.203704	0.0000000
31.210086	0.0000000
31.216469	0.0000000
31.222852	0.0000000
31.229235	0.0000000
31.235618	0.0000000
31.242000	0.0000000
31.248383	0.0000000
31.254766	0.0000000
31.261149	0.0000000
31.267532	0.0000000
31.273915	0.0000000
31.280297	0.0000000
31.286680	0.0000000
31.293063	0.0000000
31.299446	0.0000000
31.305829	0.0000000
31.312211	0.0000000
31.318594	0.0000000
31.324977	0.0000000
31.331360	0.0000000
31.337743	0.0000000
31.344126	0.0000000
31.350508	0.0000000
31.356891	0.0000000
31.363274	0.0000000
31.369657	0.0000000
31.376040	0.0000000
31.382422	0.0000000
31.388805	0.0000000
31.395188	0.0000000
31.401571	0.0000000
31.407954	0.0000000
31.414337	0.0000000
31.420719	0.0000000
31.427102	0.0000000
31.433485	0.0000000
31.439868	0.0000000
31.446251	0.0000000
31.452633	0.0000000
31.459016	0.0000000
31.465399	0.0000000
31.471782	0.0000000
31.478165	0.0000000
31.484548	0.0000000
31.490930	0.0000000
31.497313	0.0000000
31.503696	0.0000000
31.510079	0.0000000
31.516462	0.0000000
31.522844	0.0000000
31.529227	0.0000000
31.535610	0.0000000
31.541993	0.0000000
31.548376	0.0000000
31.554759	0.0000000
31.561141	0.0000000
31.567524	0.0000000
31.573907	0.0000000
31.580290	0.0000000
31.586673	0.0000000
31.593055	0.0000000
31.599438	0.0000000
31.605821	0.0000000
31.612204	0.0000000
31.618587	0.0000000
31.624970	0.0000000
31.631352	0.0000000
31.637735	0.0000000
31.644118	0.0000000
31.650501	0.0000000
31.656884	0.0000000
31.663266	0.0000000
31.669649	0.0000000
31.676032	0.0000000
31.682415	0.0000000
31.688798	0.0000000
31.695181	0.0000000
31.701563	0.0000000
31.707946	0.0000000
31.714329	0.0000000
31.720712	0.0000000
31.727095	0.0000000
31.733477	0.0000000
31.739860	0.0000000
31.746243	0.0000000
31.752626	0.0000000
31.759009	0.0000000
31.765392	0.0000000
31.771774	0.0000000
31.778157	0.0000000
31.784540	0.0000000
31.790923	0.0000000
31.797306	0.0000000
31.803688	0.0000000
31.810071	0.0000000
31.816454	0.0000000
31.822837	0.0000000
31.829220	0.0000000
31.835603	0.0000000
31.841985	0.0000000
31.848368	0.0000000
31.854751	0.0000000
31.861134	0.0000000
31.867517	0.0000000
31.873899	0.0000000
31.880282	0.0000000
31.886665	0.0000000
31.893048	0.0000000
31.899431	0.0000000
31.905814	0.0000000
31.912196	0.0000000
31.918579	0.0000000
