0.010870201	0.0000000
0.017253020	0.0000000
0.023635838	0.0000000
0.030018656	0.0000000
0.036401475	0.0000000
0.042784293	0.0000000
0.049167111	0.0000000
0.055549930	0.0000000
0.061932748	0.0000000
0.068315566	0.0000000
0.074698385	0.0000000
0.081081203	0.0000000
0.087464022	0.0000000
0.093846840	0.0000000
0.10022966	0.0000000
0.10661248	0.0000000
0.11299529	0.0000000
0.11937811	0.0000000
0.12576093	0.0000000
0.13214375	0.0000000
0.13852657	0.0000000
0.14490939	0.0000000
0.15129221	0.0000000
0.15767502	0.0000000
0.16405784	0.0000000
0.17044066	0.0000000
0.17682348	0.0000000
0.18320630	0.0000000
0.18958912	0.0000000
0.19597193	0.0000000
0.20235475	15565.078
0.20873757	15429.354
0.21512039	14296.583
0.22150321	12285.051
0.22788603	11313.397
0.23426884	9575.9508
0.24065166	7772.0661
0.24703448	6487.2770
0.25341730	5483.0320
0.25980012	4787.7244
0.26618294	3991.9489
0.27256575	3345.8763
0.27894857	2607.0252
0.28533139	2171.8306
0.29171421	1740.2822
0.29809703	1398.4327
0.30447985	1137.7777
0.31086266	789.68398
0.31724548	623.75817
0.32362830	351.09921
0.33001112	-85.449494
0.33639394	-255.61330
0.34277676	-563.50030
0.34915957	-632.52064
0.35554239	-1006.8985
0.36192521	-888.84985
0.36830803	-1026.9305
0.37469085	-939.59508
0.38107367	-743.61766
0.38745648	-484.89458
0.39383930	-230.23636
0.40022212	-253.26004
0.40660494	-242.09627
0.41298776	-404.80645
0.41937058	-504.00157
0.42575339	-683.32429
0.43213621	-756.57125
0.43851903	-763.11957
0.44490185	-874.80817
0.45128467	-1001.8996
0.45766749	-1137.5786
0.46405030	-1154.3003
0.47043312	-1186.1400
0.47681594	-1177.7616
0.48319876	-1152.2870
0.48958158	-1101.6150
0.49596440	-1030.4389
0.50234722	-1076.0090
0.50873003	-1110.9114
0.51511285	-1188.3303
0.52149567	-1128.7843
0.52787849	-1057.7700
0.53426131	-951.34094
0.54064413	-892.28445
0.54702694	-827.73145
0.55340976	-817.22207
0.55979258	-830.02598
0.56617540	-787.70225
0.57255822	-694.17185
0.57894104	-582.21428
0.58532385	-544.55276
0.59170667	-511.37568
0.59808949	-562.81624
0.60447231	-560.68500
0.61085513	-585.86036
0.61723795	-427.63271
0.62362076	-352.14145
0.63000358	-244.92381
0.63638640	-201.66074
0.64276922	-79.476596
0.64915204	-17.494083
0.65553486	52.950991
0.66191767	137.60240
0.66830049	227.03663
0.67468331	354.04704
0.68106613	312.64828
0.68744895	340.57514
0.69383177	435.20908
0.70021458	559.74134
0.70659740	720.08085
0.71298022	839.89450
0.71936304	917.40299
0.72574586	971.38053
0.73212868	1004.6596
0.73851149	1099.2234
0.74489431	1131.6972
0.75127713	1231.9199
0.75765995	1305.8015
0.76404277	1380.7417
0.77042559	1472.6214
0.77680840	1561.4300
0.78319122	1688.2222
0.78957404	1717.7908
0.79595686	1745.6768
0.80233968	1757.4168
0.80872250	1881.6699
0.81510531	2013.5567
0.82148813	2065.4931
0.82787095	2057.9117
0.83425377	2116.0624
0.84063659	2245.7605
0.84701941	2397.4407
0.85340223	2446.8565
0.85978504	2482.1675
0.86616786	2543.4254
0.87255068	2623.2154
0.87893350	2745.4004
0.88531632	2819.4342
0.89169914	2911.0072
0.89808195	3001.4570
0.90446477	3063.6298
0.91084759	3198.6061
0.91723041	3309.6093
0.92361323	3420.9875
0.92999605	3481.0756
0.93637886	3629.2196
0.94276168	3704.8020
0.94914450	3745.0158
0.95552732	3797.4481
0.96191014	3826.7316
0.96829296	3979.7458
0.97467577	4090.7385
0.98105859	4167.5280
0.98744141	4159.6680
0.99382423	4145.1574
1.0002070	4167.7729
1.0065899	4294.3147
1.0129727	4484.0149
1.0193555	4600.0334
1.0257383	4718.8383
1.0321211	4822.4391
1.0385040	4903.0220
1.0448868	4992.6493
1.0512696	5092.2425
1.0576524	5215.6863
1.0640352	5291.7274
1.0704180	5450.0105
1.0768009	5545.5079
1.0831837	5746.7982
1.0895665	5911.9350
1.0959493	6027.8831
1.1023321	6199.4953
1.1087150	6358.4677
1.1150978	6661.0550
1.1214806	7000.2604
1.1278634	7519.1537
1.1342462	8273.9782
1.1406291	9285.6725
1.1470119	11071.856
1.1533947	13735.759
1.1597775	18512.622
1.1661603	26371.586
1.1725431	37979.392
1.1789260	56297.292
1.1853088	75282.049
1.1916916	99235.824
1.1980744	119943.80
1.2044572	138319.30
1.2108401	153985.56
1.2172229	164666.41
1.2236057	173019.92
1.2299885	175330.45
1.2363713	171389.76
1.2427541	160708.24
1.2491370	144313.39
1.2555198	122717.46
1.2619026	101774.79
1.2682854	79096.779
1.2746682	60469.389
1.2810511	44992.935
1.2874339	33251.354
1.2938167	25235.152
1.3001995	20333.168
1.3065823	17920.630
1.3129651	17070.617
1.3193480	17382.100
1.3257308	18925.140
1.3321136	21785.391
1.3384964	27001.746
1.3448792	36221.669
1.3512621	50719.038
1.3576449	78296.833
1.3640277	116546.14
1.3704105	174641.07
1.3767933	243733.52
1.3831761	315662.13
1.3895590	389074.96
1.3959418	446439.80
1.4023246	498135.61
1.4087074	533595.29
1.4150902	558181.86
1.4214731	566411.85
1.4278559	554474.12
1.4342387	514306.38
1.4406215	462253.10
1.4470043	389549.12
1.4533872	315136.96
1.4597700	245419.65
1.4661528	178197.39
1.4725356	129665.26
1.4789184	87967.271
1.4853012	62824.812
1.4916841	45556.714
1.4980669	37009.798
1.5044497	34077.941
1.5108325	35859.259
1.5172153	42286.583
1.5235982	56953.827
1.5299810	80685.786
1.5363638	116055.36
1.5427466	164316.42
1.5491294	214302.52
1.5555122	269214.70
1.5618951	314395.65
1.5682779	353451.39
1.5746607	384017.74
1.5810435	404757.76
1.5874263	416616.76
1.5938092	413244.14
1.6001920	392652.67
1.6065748	358192.92
1.6129576	310233.52
1.6193404	256690.09
1.6257232	204360.45
1.6321061	154714.43
1.6384889	115384.25
1.6448717	83776.535
1.6512545	63379.077
1.6576373	50861.472
1.6640202	47021.872
1.6704030	50367.773
1.6767858	62569.767
1.6831686	82483.161
1.6895514	116744.67
1.6959342	155532.06
1.7023171	201768.02
1.7086999	246093.26
1.7150827	283636.69
1.7214655	316864.90
1.7278483	339579.94
1.7342312	357168.30
1.7406140	364140.04
1.7469968	358941.06
1.7533796	338552.28
1.7597624	308471.79
1.7661453	262672.46
1.7725281	219009.35
1.7789109	172133.14
1.7852937	130660.49
1.7916765	97166.669
1.7980593	69059.328
1.8044422	51198.919
1.8108250	37941.488
1.8172078	30802.053
1.8235906	26340.928
1.8299734	23873.412
1.8363563	22459.302
1.8427391	21628.082
1.8491219	21227.724
1.8555047	20934.230
1.8618875	20777.011
1.8682703	20687.045
1.8746532	20668.131
1.8810360	20704.170
1.8874188	20857.699
1.8938016	21185.583
1.9001844	21766.240
1.9065673	22642.469
1.9129501	24111.672
1.9193329	26383.463
1.9257157	29840.004
1.9320985	35287.058
1.9384813	42332.415
1.9448642	53218.121
1.9512470	67462.017
1.9576298	87496.692
1.9640126	112917.06
1.9703954	139411.61
1.9767783	168565.79
1.9831611	191708.68
1.9895439	211744.10
1.9959267	225328.05
2.0023095	234166.46
2.0086923	237329.58
2.0150752	234078.60
2.0214580	221383.53
2.0278408	202971.76
2.0342236	177717.82
2.0406064	148903.36
2.0469893	122138.25
2.0533721	94236.475
2.0597549	73499.595
2.0661377	55300.080
2.0725205	43005.247
2.0789034	34287.785
2.0852862	28987.215
2.0916690	26169.490
2.0980518	24362.553
2.1044346	23459.818
2.1108174	22865.037
2.1172003	22655.367
2.1235831	22620.098
2.1299659	22803.165
2.1363487	23166.861
2.1427315	23954.842
2.1491144	25155.931
2.1554972	26922.087
2.1618800	29107.059
2.1682628	31366.441
2.1746456	33654.719
2.1810284	35612.545
2.1874113	37333.027
2.1937941	38583.170
2.2001769	39353.342
2.2065597	39509.748
2.2129425	38889.435
2.2193254	37403.932
2.2257082	35337.701
2.2320910	32561.085
2.2384738	29936.872
2.2448566	27426.112
2.2512394	25369.016
2.2576223	23892.612
2.2640051	23161.151
2.2703879	23418.144
2.2767707	25182.649
2.2831535	28626.863
2.2895364	35280.969
2.2959192	46979.131
2.3023020	64246.924
2.3086848	92359.196
2.3150676	123138.07
2.3214504	160495.62
2.3278333	195278.26
2.3342161	225778.79
2.3405989	252818.67
2.3469817	271775.15
2.3533645	287189.63
2.3597474	293565.15
2.3661302	290314.98
2.3725130	275801.95
2.3788958	252357.91
2.3852786	219131.23
2.3916615	186406.05
2.3980443	151824.00
2.4044271	123724.72
2.4108099	102738.35
2.4171927	89478.130
2.4235755	83211.342
2.4299584	82670.754
2.4363412	85093.494
2.4427240	88702.871
2.4491068	92172.943
2.4554896	95014.452
2.4618725	96834.700
2.4682553	96533.079
2.4746381	93399.321
2.4810209	87889.645
2.4874037	79745.208
2.4937865	71507.158
2.5001694	63809.928
2.5065522	58351.357
2.5129350	56251.379
2.5193178	58013.461
2.5257006	62112.160
2.5320835	68399.704
2.5384663	74623.996
2.5448491	80427.029
2.5512319	85379.253
2.5576147	88813.029
2.5639975	90841.535
2.5703804	90363.146
2.5767632	86804.292
2.5831460	80598.844
2.5895288	72707.091
2.5959116	62996.330
2.6022945	54676.597
2.6086773	46660.966
2.6150601	41077.104
2.6214429	37323.758
2.6278257	35411.152
2.6342085	34752.346
2.6405914	35053.124
2.6469742	35739.790
2.6533570	36572.646
2.6597398	37081.939
2.6661226	37098.621
2.6725055	36452.435
2.6788883	35129.061
2.6852711	33077.037
2.6916539	30812.957
2.6980367	28254.702
2.7044196	25933.156
2.7108024	23759.558
2.7171852	21984.046
2.7235680	20533.997
2.7299508	19484.426
2.7363336	18836.603
2.7427165	18444.427
2.7490993	18185.035
2.7554821	18065.674
2.7618649	17987.904
2.7682477	17984.643
2.7746306	18133.913
2.7810134	18375.780
2.7873962	18908.337
2.7937790	19502.161
2.8001618	20191.208
2.8065446	20953.348
2.8129275	21646.233
2.8193103	22405.306
2.8256931	23017.543
2.8320759	23667.523
2.8384587	24233.862
2.8448416	24677.472
2.8512244	25108.271
2.8576072	25629.978
2.8639900	26546.408
2.8703728	28151.608
2.8767556	31045.562
2.8831385	35378.407
2.8895213	40955.065
2.8959041	47456.004
2.9022869	53606.498
2.9086697	59436.051
2.9150526	64124.648
2.9214354	67835.978
2.9278182	70545.730
2.9342010	71849.302
2.9405838	71456.900
2.9469666	69239.811
2.9533495	64978.721
2.9597323	60255.791
2.9661151	55063.211
2.9724979	50522.745
2.9788807	46977.107
2.9852636	44442.955
2.9916464	42958.398
2.9980292	42211.962
3.0044120	42126.954
3.0107948	42388.966
3.0171777	42863.186
3.0235605	43195.231
3.0299433	43365.715
3.0363261	43498.182
3.0427089	44248.962
3.0490917	45942.265
3.0554746	49018.423
3.0618574	53289.586
3.0682402	57860.983
3.0746230	62870.998
3.0810058	67163.514
3.0873887	71375.806
3.0937715	75051.287
3.1001543	78074.733
3.1065371	80537.403
3.1129199	82463.516
3.1193027	84957.008
3.1256856	89319.293
3.1320684	97483.153
3.1384512	108455.89
3.1448340	122232.08
3.1512168	136486.40
3.1575997	149475.94
3.1639825	160964.47
3.1703653	169803.87
3.1767481	176683.52
3.1831309	180002.88
3.1895137	178570.87
3.1958966	172115.66
3.2022794	161957.85
3.2086622	148184.19
3.2150450	135676.43
3.2214278	123078.35
3.2278107	113231.42
3.2341935	105332.36
3.2405763	99770.972
3.2469591	96268.270
3.2533419	94424.622
3.2597247	93263.059
3.2661076	91489.139
3.2724904	88293.429
3.2788732	83483.466
3.2852560	76897.224
3.2916388	70272.966
3.2980217	63093.910
3.3044045	57070.258
3.3107873	51904.527
3.3171701	47961.829
3.3235529	45280.183
3.3299357	43732.622
3.3363186	43002.503
3.3427014	42789.656
3.3490842	42681.670
3.3554670	42394.854
3.3618498	41847.286
3.3682327	41104.047
3.3746155	40277.605
3.3809983	39591.539
3.3873811	39244.469
3.3937639	39347.419
3.4001468	40169.451
3.4065296	41694.810
3.4129124	44414.867
3.4192952	49097.241
3.4256780	56181.575
3.4320608	68194.450
3.4384437	82788.403
3.4448265	101695.35
3.4512093	121318.17
3.4575921	139613.50
3.4639749	156172.17
3.4703578	168227.94
3.4767406	177939.55
3.4831234	183315.89
3.4895062	184294.66
3.4958890	179711.88
3.5022718	169602.00
3.5086547	153685.84
3.5150375	135885.32
3.5214203	115715.55
3.5278031	97207.662
3.5341859	80508.547
3.5405688	66802.394
3.5469516	56092.389
3.5533344	48624.180
3.5597172	43733.591
3.5661000	40415.174
3.5724828	38311.799
3.5788657	36681.629
3.5852485	35529.327
3.5916313	34666.618
3.5980141	34119.927
3.6043969	34019.543
3.6107798	34653.428
3.6171626	36186.982
3.6235454	39465.100
3.6299282	45158.023
3.6363110	54499.572
3.6426938	70098.154
3.6490767	89954.176
3.6554595	117460.97
3.6618423	145141.09
3.6682251	173318.01
3.6746079	198767.74
3.6809908	218824.82
3.6873736	235394.50
3.6937564	245970.50
3.7001392	250656.69
3.7065220	246956.96
3.7129049	233991.04
3.7192877	213389.68
3.7256705	187494.22
3.7320533	158053.55
3.7384361	130703.95
3.7448189	104722.10
3.7512018	84571.709
3.7575846	68435.644
3.7639674	58181.879
3.7703502	51952.559
3.7767330	49686.562
3.7831159	49953.799
3.7894987	52215.933
3.7958815	55028.849
3.8022643	58134.667
3.8086471	60877.176
3.8150299	63125.285
3.8214128	65130.114
3.8277956	66697.299
3.8341784	68263.668
3.8405612	69564.852
3.8469440	70992.284
3.8533269	72487.376
3.8597097	73962.541
3.8660925	75270.354
3.8724753	76299.605
3.8788581	76948.474
3.8852409	77332.161
3.8916238	77473.821
3.8980066	77303.338
3.9043894	76183.046
3.9107722	73886.332
3.9171550	70227.009
3.9235379	65129.527
3.9299207	59879.891
3.9363035	54296.725
3.9426863	49710.562
3.9490691	46368.864
3.9554519	44986.207
3.9618348	45984.543
3.9682176	50718.010
3.9746004	58503.840
3.9809832	70618.926
3.9873660	84454.364
3.9937489	99001.263
4.0001317	113377.86
4.0065145	124998.33
4.0128973	135366.86
4.0192801	142532.69
4.0256630	147464.56
4.0320458	148737.79
4.0384286	145577.02
4.0448114	137874.33
4.0511942	127104.96
4.0575770	113250.61
4.0639599	99406.173
4.0703427	85726.605
4.0767255	73960.124
4.0831083	63937.461
4.0894911	56445.711
4.0958740	50866.885
4.1022568	46732.939
4.1086396	43823.109
4.1150224	41374.193
4.1214052	39657.208
4.1277880	38335.872
4.1341709	37584.081
4.1405537	37575.599
4.1469365	38636.331
4.1533193	40735.616
4.1597021	44421.438
4.1660850	49145.814
4.1724678	54811.351
4.1788506	60925.109
4.1852334	66568.735
4.1916162	72139.673
4.1979990	77018.345
4.2043819	82044.339
4.2107647	86883.264
4.2171475	91906.423
4.2235303	96996.971
4.2299131	101722.09
4.2362960	105665.97
4.2426788	108366.90
4.2490616	109815.37
4.2554444	110190.27
4.2618272	109820.80
4.2682100	108828.68
4.2745929	106797.80
4.2809757	103292.95
4.2873585	98358.122
4.2937413	91090.193
4.3001241	83508.947
4.3065070	75225.773
4.3128898	67600.999
4.3192726	61457.330
4.3256554	57066.659
4.3320382	55202.475
4.3384211	55696.250
4.3448039	58079.589
4.3511867	61699.180
4.3575695	65754.535
4.3639523	69531.841
4.3703351	72828.259
4.3767180	75381.742
4.3831008	77214.159
4.3894836	77884.189
4.3958664	77101.938
4.4022492	74777.269
4.4086321	70767.610
4.4150149	65484.019
4.4213977	59869.180
4.4277805	54016.780
4.4341633	49421.939
4.4405461	46091.291
4.4469290	44903.647
4.4533118	45805.496
4.4596946	48821.439
4.4660774	52876.952
4.4724602	57764.733
4.4788431	62046.566
4.4852259	66031.980
4.4916087	69114.491
4.4979915	71254.261
4.5043743	72308.573
4.5107571	71864.196
4.5171400	69677.084
4.5235228	66091.599
4.5299056	61083.051
4.5362884	55830.625
4.5426712	50550.545
4.5490541	45871.962
4.5554369	42035.563
4.5618197	39337.470
4.5682025	37725.767
4.5745853	36905.786
4.5809681	36723.294
4.5873510	36969.532
4.5937338	37628.629
4.6001166	38851.557
4.6064994	40978.673
4.6128822	44040.033
4.6192651	48742.948
4.6256479	54062.568
4.6320307	60148.761
4.6384135	66091.166
4.6447963	71481.634
4.6511792	76503.334
4.6575620	81073.002
4.6639448	85774.025
4.6703276	90139.438
4.6767104	94299.576
4.6830932	97420.187
4.6894761	99249.869
4.6958589	99610.410
4.7022417	98908.942
4.7086245	97442.868
4.7150073	96094.244
4.7213902	94966.671
4.7277730	94044.980
4.7341558	92762.115
4.7405386	90871.268
4.7469214	88149.912
4.7533042	84236.326
4.7596871	80384.406
4.7660699	76325.957
4.7724527	73082.736
4.7788355	70489.967
4.7852183	68467.922
4.7916012	66604.686
4.7979840	64572.573
4.8043668	62349.245
4.8107496	59683.031
4.8171324	57069.902
4.8235152	54378.503
4.8298981	51845.555
4.8362809	49142.566
4.8426637	46346.340
4.8490465	43432.007
4.8554293	40197.504
4.8618122	37239.685
4.8681950	34230.493
4.8745778	31799.444
4.8809606	29755.853
4.8873434	28228.080
4.8937262	27191.848
4.9001091	26522.406
4.9064919	26252.278
4.9128747	26255.462
4.9192575	26465.362
4.9256403	26826.982
4.9320232	27299.056
4.9384060	27897.309
4.9447888	28526.973
4.9511716	29125.577
4.9575544	29712.988
4.9639373	30221.417
4.9703201	30742.296
4.9767029	31263.620
4.9830857	31898.039
4.9894685	32593.928
4.9958513	33209.617
5.0022342	33853.804
5.0086170	34425.160
5.0149998	35010.866
5.0213826	35561.829
5.0277654	36213.593
5.0341483	37045.329
5.0405311	37969.168
5.0469139	39009.845
5.0532967	40002.532
5.0596795	41065.334
5.0660623	42325.447
5.0724452	44303.844
5.0788280	47121.086
5.0852108	51118.340
5.0915936	56064.095
5.0979764	61177.181
5.1043593	66475.379
5.1107421	70775.359
5.1171249	74604.934
5.1235077	77474.317
5.1298905	79639.236
5.1362733	80964.245
5.1426562	81063.028
5.1490390	79655.971
5.1554218	76936.761
5.1618046	72840.563
5.1681874	68405.431
5.1745703	64225.554
5.1809531	60711.235
5.1873359	58117.587
5.1937187	56339.752
5.2001015	55132.853
5.2064843	54152.813
5.2128672	53289.609
5.2192500	52328.024
5.2256328	51393.994
5.2320156	50354.108
5.2383984	49160.092
5.2447813	47821.129
5.2511641	46266.329
5.2575469	44960.070
5.2639297	44082.495
5.2703125	44281.352
5.2766954	45916.179
5.2830782	49138.828
5.2894610	53446.723
5.2958438	58577.871
5.3022266	63469.819
5.3086094	68040.769
5.3149923	71750.149
5.3213751	74523.846
5.3277579	76018.550
5.3341407	75898.493
5.3405235	73994.680
5.3469064	70564.865
5.3532892	65404.326
5.3596720	59998.308
5.3660548	54101.183
5.3724376	48868.929
5.3788204	44365.372
5.3852033	41012.203
5.3915861	39125.803
5.3979689	38812.299
5.4043517	40221.763
5.4107345	43799.461
5.4171174	49463.145
5.4235002	57405.818
5.4298830	66705.981
5.4362658	76668.215
5.4426486	86156.264
5.4490314	94293.171
5.4554143	101087.63
5.4617971	105760.14
5.4681799	108408.01
5.4745627	108259.78
5.4809455	105090.08
5.4873284	98850.483
5.4937112	90815.071
5.5000940	80749.179
5.5064768	71258.701
5.5128596	62051.182
5.5192424	54670.300
5.5256253	48997.888
5.5320081	45180.776
5.5383909	42927.275
5.5447737	41917.143
5.5511565	41837.464
5.5575394	42457.878
5.5639222	43316.704
5.5703050	44210.986
5.5766878	44772.042
5.5830706	45014.749
5.5894535	44887.172
5.5958363	44554.039
5.6022191	43968.233
5.6086019	43248.924
5.6149847	42320.832
5.6213675	41317.498
5.6277504	40222.537
5.6341332	39165.177
5.6405160	38335.710
5.6468988	37780.093
5.6532816	37615.101
5.6596645	37779.319
5.6660473	38125.226
5.6724301	38581.314
5.6788129	39041.279
5.6851957	39458.780
5.6915785	39744.304
5.6979614	39821.002
5.7043442	39636.378
5.7107270	39177.661
5.7171098	38361.983
5.7234926	37386.901
5.7298755	36312.492
5.7362583	35234.720
5.7426411	34327.447
5.7490239	33593.724
5.7554067	33096.840
5.7617895	32872.823
5.7681724	32923.502
5.7745552	33304.612
5.7809380	33989.392
5.7873208	35030.030
5.7937036	36264.384
5.8000865	37663.226
5.8064693	39357.072
5.8128521	41248.779
5.8192349	43801.040
5.8256177	46560.580
5.8320005	49694.936
5.8383834	52699.691
5.8447662	55290.688
5.8511490	57406.507
5.8575318	58987.574
5.8639146	60315.091
5.8702975	61285.641
5.8766803	61790.566
5.8830631	61574.182
5.8894459	60570.993
5.8958287	58968.361
5.9022116	56953.558
5.9085944	54678.201
5.9149772	52553.541
5.9213600	50363.625
5.9277428	48464.810
5.9341256	46557.513
5.9405085	44744.673
5.9468913	43041.497
5.9532741	41494.879
5.9596569	40179.141
5.9660397	39033.455
5.9724226	38172.200
5.9788054	37762.623
5.9851882	37945.022
5.9915710	38937.038
5.9979538	40608.278
6.0043366	42907.590
6.0107195	45523.513
6.0171023	48076.436
6.0234851	50536.943
6.0298679	52540.964
6.0362507	54213.626
6.0426336	55172.825
6.0490164	55332.528
6.0553992	54571.092
6.0617820	52948.582
6.0681648	50560.147
6.0745476	47845.562
6.0809305	44906.230
6.0873133	42411.276
6.0936961	40451.560
6.1000789	39472.799
6.1064617	39658.730
6.1128446	41280.860
6.1192274	44287.765
6.1256102	48727.537
6.1319930	53585.174
6.1383758	58931.996
6.1447586	63862.016
6.1511415	68451.279
6.1575243	72400.766
6.1639071	75571.703
6.1702899	77589.104
6.1766727	78020.811
6.1830556	76669.612
6.1894384	73949.822
6.1958212	69834.707
6.2022040	65536.766
6.2085868	60825.122
6.2149696	56524.365
6.2213525	52647.553
6.2277353	49323.336
6.2341181	46713.070
6.2405009	44676.070
6.2468837	43279.668
6.2532666	42232.172
6.2596494	41389.751
6.2660322	40597.334
6.2724150	39859.166
6.2787978	39032.201
6.2851807	38176.508
6.2915635	37242.660
6.2979463	36134.906
6.3043291	34936.965
6.3107119	33584.630
6.3170947	32328.429
6.3234776	31082.920
6.3298604	29946.769
6.3362432	29008.184
6.3426260	28338.902
6.3490088	27902.749
6.3553917	27684.768
6.3617745	27614.972
6.3681573	27711.080
6.3745401	27858.204
6.3809229	28005.135
6.3873057	28101.033
6.3936886	28134.331
6.4000714	28200.798
6.4064542	28294.586
6.4128370	28404.677
6.4192198	28586.196
6.4256027	28960.577
6.4319855	29635.701
6.4383683	30746.328
6.4447511	32200.871
6.4511339	33997.839
6.4575167	36021.349
6.4638996	38156.670
6.4702824	40537.231
6.4766652	42889.747
6.4830480	45465.478
6.4894308	47673.935
6.4958137	49488.439
6.5021965	50637.493
6.5085793	51112.962
6.5149621	50912.720
6.5213449	50193.232
6.5277277	49058.264
6.5341106	47627.804
6.5404934	45869.759
6.5468762	43990.571
6.5532590	41964.160
6.5596418	40096.073
6.5660247	38444.733
6.5724075	36949.752
6.5787903	35779.937
6.5851731	34761.109
6.5915559	34003.751
6.5979388	33363.139
6.6043216	32906.198
6.6107044	32528.279
6.6170872	32197.816
6.6234700	31958.801
6.6298528	31880.599
6.6362357	32000.507
6.6426185	32330.033
6.6490013	32780.025
6.6553841	33412.557
6.6617669	34054.706
6.6681498	34703.039
6.6745326	35313.943
6.6809154	35826.406
6.6872982	36133.898
6.6936810	36158.070
6.7000638	35942.975
6.7064467	35582.558
6.7128295	35185.514
6.7192123	34930.887
6.7255951	34982.509
6.7319779	35499.311
6.7383608	36716.634
6.7447436	38777.421
6.7511264	41398.616
6.7575092	44617.664
6.7638920	47665.755
6.7702748	50584.079
6.7766577	52918.183
6.7830405	54694.931
6.7894233	55722.975
6.7958061	55843.298
6.8021889	55017.090
6.8085718	53201.216
6.8149546	50395.766
6.8213374	47246.762
6.8277202	43660.705
6.8341030	40429.393
6.8404858	37550.801
6.8468687	35402.030
6.8532515	33979.804
6.8596343	33237.110
6.8660171	33016.593
6.8723999	33196.507
6.8787828	33505.108
6.8851656	33943.697
6.8915484	34375.517
6.8979312	34774.889
6.9043140	35121.188
6.9106969	35575.093
6.9170797	36240.383
6.9234625	37186.937
6.9298453	38529.667
6.9362281	40205.533
6.9426109	42193.923
6.9489938	44096.339
6.9553766	45956.520
6.9617594	47503.769
6.9681422	48794.540
6.9745250	49596.846
6.9809079	49802.048
6.9872907	49332.616
6.9936735	48158.609
7.0000563	46309.103
7.0064391	44178.933
7.0128219	41868.365
7.0192048	39934.860
7.0255876	38541.583
7.0319704	37924.838
7.0383532	38139.709
7.0447360	39085.810
7.0511189	40557.865
7.0575017	42431.477
7.0638845	44294.726
7.0702673	46298.581
7.0766501	48128.814
7.0830329	49816.774
7.0894158	51064.785
7.0957986	51763.528
7.1021814	51939.424
7.1085642	51677.885
7.1149470	50988.870
7.1213299	50061.774
7.1277127	48816.912
7.1340955	47517.894
7.1404783	46018.339
7.1468611	44577.705
7.1532439	43179.870
7.1596268	41848.555
7.1660096	40600.361
7.1723924	39355.824
7.1787752	38218.226
7.1851580	37245.457
7.1915409	36614.646
7.1979237	36372.078
7.2043065	36589.932
7.2106893	37402.996
7.2170721	38770.218
7.2234550	40662.346
7.2298378	42820.964
7.2362206	44950.262
7.2426034	46932.575
7.2489862	48577.524
7.2553690	49888.254
7.2617519	50633.620
7.2681347	50772.101
7.2745175	50232.337
7.2809003	48963.873
7.2872831	47259.876
7.2936660	45392.622
7.3000488	43730.512
7.3064316	42773.130
7.3128144	42745.490
7.3191972	43800.508
7.3255800	45984.159
7.3319629	48785.536
7.3383457	52175.216
7.3447285	55369.291
7.3511113	58487.812
7.3574941	61169.777
7.3638770	63212.988
7.3702598	64402.488
7.3766426	64435.613
7.3830254	63285.350
7.3894082	61145.707
7.3957910	58096.703
7.4021739	54789.842
7.4085567	51253.282
7.4149395	48030.542
7.4213223	45098.539
7.4277051	42637.390
7.4340880	40692.766
7.4404708	39066.160
7.4468536	37802.268
7.4532364	36697.370
7.4596192	35796.667
7.4660020	34975.357
7.4723849	34236.367
7.4787677	33490.475
7.4851505	32706.797
7.4915333	31899.798
7.4979161	31114.984
7.5042990	30410.826
7.5106818	29778.952
7.5170646	29310.738
7.5234474	29003.808
7.5298302	28846.201
7.5362131	28837.492
7.5425959	28920.665
7.5489787	29081.510
7.5553615	29280.851
7.5617443	29532.860
7.5681271	29812.238
7.5745100	30074.373
7.5808928	30342.813
7.5872756	30589.085
7.5936584	30973.071
7.6000412	31433.054
7.6064241	32099.881
7.6128069	32927.667
7.6191897	34158.949
7.6255725	35653.446
7.6319553	37376.613
7.6383381	39252.045
7.6447210	40960.358
7.6511038	42540.886
7.6574866	43812.994
7.6638694	44790.449
7.6702522	45289.031
7.6766351	45272.040
7.6830179	44737.642
7.6894007	43657.116
7.6957835	42146.553
7.7021663	40421.762
7.7085491	38500.190
7.7149320	36707.859
7.7213148	34979.005
7.7276976	33550.888
7.7340804	32400.741
7.7404632	31634.350
7.7468461	31190.645
7.7532289	31087.519
7.7596117	31315.825
7.7659945	31730.089
7.7723773	32261.478
7.7787601	32826.191
7.7851430	33370.594
7.7915258	33811.809
7.7979086	34095.221
7.8042914	34175.340
7.8106742	34063.179
7.8170571	33685.350
7.8234399	33159.881
7.8298227	32510.082
7.8362055	31879.714
7.8425883	31438.230
7.8489712	31239.796
7.8553540	31312.673
7.8617368	31598.821
7.8681196	32028.474
7.8745024	32585.177
7.8808852	33109.921
7.8872681	33569.291
7.8936509	33901.681
7.9000337	34106.478
7.9064165	34152.923
7.9127993	34017.615
7.9191822	33736.902
7.9255650	33371.271
7.9319478	32994.474
7.9383306	32688.871
7.9447134	32502.687
7.9510962	32526.448
7.9574791	32728.294
7.9638619	32958.874
7.9702447	33182.813
7.9766275	33324.709
7.9830103	33348.852
7.9893932	33215.320
7.9957760	32995.640
8.0021588	32715.860
8.0085416	32429.785
8.0149244	32154.600
8.0213072	31973.221
8.0276901	31833.760
8.0340729	31779.529
8.0404557	31781.558
8.0468385	31856.614
8.0532213	31957.561
8.0596042	32066.551
8.0659870	32019.042
8.0723698	31883.529
8.0787526	31729.972
8.0851354	31565.245
8.0915182	31494.368
8.0979011	31578.279
8.1042839	31890.397
8.1106667	32552.000
8.1170495	33511.294
8.1234323	34768.856
8.1298152	36201.225
8.1361980	37809.732
8.1425808	39470.011
8.1489636	40935.442
8.1553464	42257.980
8.1617293	43065.117
8.1681121	43381.792
8.1744949	43138.693
8.1808777	42466.309
8.1872605	41437.972
8.1936433	40128.797
8.2000262	38689.160
8.2064090	37203.748
8.2127918	35741.773
8.2191746	34438.950
8.2255574	33260.989
8.2319403	32321.416
8.2383231	31638.431
8.2447059	31169.454
8.2510887	30918.460
8.2574715	30876.812
8.2638543	30926.282
8.2702372	31014.424
8.2766200	31085.708
8.2830028	31160.681
8.2893856	31225.038
8.2957684	31338.906
8.3021513	31407.680
8.3085341	31399.545
8.3149169	31305.382
8.3212997	31124.785
8.3276825	30913.551
8.3340653	30799.775
8.3404482	30809.571
8.3468310	31010.665
8.3532138	31489.992
8.3595966	32254.661
8.3659794	33172.396
8.3723623	34207.873
8.3787451	35351.116
8.3851279	36408.766
8.3915107	37391.095
8.3978935	38120.549
8.4042763	38603.665
8.4106592	38734.384
8.4170420	38495.042
8.4234248	37992.213
8.4298076	37149.774
8.4361904	36138.481
8.4425733	35000.227
8.4489561	33847.101
8.4553389	32682.678
8.4617217	31615.825
8.4681045	30686.647
8.4744874	29876.040
8.4808702	29151.647
8.4872530	28509.289
8.4936358	27994.271
8.5000186	27617.625
8.5064014	27317.446
8.5127843	27141.721
8.5191671	27049.359
8.5255499	27055.817
8.5319327	27116.901
8.5383155	27208.896
8.5446984	27330.359
8.5510812	27491.736
8.5574640	27677.795
8.5638468	27878.065
8.5702296	28142.204
8.5766124	28486.693
8.5829953	28958.149
8.5893781	29488.158
8.5957609	30111.426
8.6021437	30732.676
8.6085265	31391.208
8.6149094	32019.882
8.6212922	32573.598
8.6276750	33068.709
8.6340578	33436.833
8.6404406	33652.334
8.6468234	33723.526
8.6532063	33685.083
8.6595891	33532.882
8.6659719	33258.037
8.6723547	32978.451
8.6787375	32722.414
8.6851204	32500.768
8.6915032	32286.305
8.6978860	32123.078
8.7042688	31950.041
8.7106516	31841.327
8.7170344	31828.786
8.7234173	31990.903
8.7298001	32286.184
8.7361829	32770.964
8.7425657	33363.701
8.7489485	34045.996
8.7553314	34694.970
8.7617142	35318.107
8.7680970	35839.348
8.7744798	36228.758
8.7808626	36502.750
8.7872455	36573.289
8.7936283	36446.701
8.8000111	36095.083
8.8063939	35633.859
8.8127767	35250.178
8.8191595	35044.093
8.8255424	35064.822
8.8319252	35329.336
8.8383080	35727.186
8.8446908	36255.192
8.8510736	36727.773
8.8574565	37081.246
8.8638393	37252.878
8.8702221	37200.105
8.8766049	36885.038
8.8829877	36359.232
8.8893705	35575.682
8.8957534	34682.679
8.9021362	33717.281
8.9085190	32831.058
8.9149018	32024.019
8.9212846	31405.148
8.9276675	30966.946
8.9340503	30648.218
8.9404331	30394.047
8.9468159	30255.118
8.9531987	30227.815
8.9595815	30290.568
8.9659644	30449.381
8.9723472	30704.937
8.9787300	31010.565
8.9851128	31319.010
8.9914956	31620.018
8.9978785	31876.410
9.0042613	32053.009
9.0106441	32103.173
9.0170269	32074.354
9.0234097	31896.821
9.0297925	31568.325
9.0361754	31104.242
9.0425582	30628.182
9.0489410	30211.306
9.0553238	29966.907
9.0617066	29968.723
9.0680895	30230.937
9.0744723	30737.853
9.0808551	31468.712
9.0872379	32348.782
9.0936207	33293.529
9.1000035	34155.866
9.1063864	34914.787
9.1127692	35489.012
9.1191520	35923.797
9.1255348	36102.678
9.1319176	36011.180
9.1383005	35637.366
9.1446833	35006.612
9.1510661	34235.480
9.1574489	33396.044
9.1638317	32576.131
9.1702146	31897.694
9.1765974	31350.529
9.1829802	31017.423
9.1893630	30885.060
9.1957458	30884.239
9.2021286	30964.723
9.2085115	31067.687
9.2148943	31173.494
9.2212771	31244.996
9.2276599	31316.929
9.2340427	31347.983
9.2404256	31359.676
9.2468084	31339.953
9.2531912	31408.825
9.2595740	31592.318
9.2659568	32039.673
9.2723396	32739.838
9.2787225	33671.779
9.2851053	34757.689
9.2914881	35857.264
9.2978709	36942.245
9.3042537	37848.575
9.3106366	38548.253
9.3170194	38842.256
9.3234022	38785.764
9.3297850	38328.918
9.3361678	37561.326
9.3425506	36532.234
9.3489335	35331.864
9.3553163	34090.017
9.3616991	32925.863
9.3680819	31879.070
9.3744647	31009.444
9.3808476	30197.216
9.3872304	29562.876
9.3936132	28990.763
9.3999960	28492.597
9.4063788	28039.886
9.4127616	27716.695
9.4191445	27408.612
9.4255273	27165.457
9.4319101	26964.062
9.4382929	26827.453
9.4446757	26726.065
9.4510586	26672.023
9.4574414	26700.652
9.4638242	26798.561
9.4702070	26949.660
9.4765898	27208.461
9.4829727	27550.751
9.4893555	28049.532
9.4957383	28633.276
9.5021211	29278.006
9.5085039	29927.799
9.5148867	30625.961
9.5212696	31243.385
9.5276524	31717.939
9.5340352	32046.204
9.5404180	32193.562
9.5468008	32122.577
9.5531837	31864.738
9.5595665	31465.681
9.5659493	30933.820
9.5723321	30348.291
9.5787149	29734.905
9.5850977	29163.262
9.5914806	28614.388
9.5978634	28183.455
9.6042462	27853.200
9.6106290	27640.342
9.6170118	27563.091
9.6233947	27604.910
9.6297775	27666.865
9.6361603	27747.953
9.6425431	27793.592
9.6489259	27864.759
9.6553087	27928.697
9.6616916	27949.863
9.6680744	27961.344
9.6744572	27962.028
9.6808400	27988.789
9.6872228	28083.952
9.6936057	28220.950
9.6999885	28438.050
9.7063713	28743.476
9.7127541	29153.660
9.7191369	29587.566
9.7255197	29978.004
9.7319026	30246.479
9.7382854	30361.441
9.7446682	30392.132
9.7510510	30265.005
9.7574338	29950.326
9.7638167	29498.787
9.7701995	28943.566
9.7765823	28395.298
9.7829651	27855.808
9.7893479	27394.271
9.7957308	26993.849
9.8021136	26692.382
9.8084964	26432.848
9.8148792	26235.161
9.8212620	26068.809
9.8276448	25935.547
9.8340277	25862.620
9.8404105	25807.204
9.8467933	25736.238
9.8531761	25697.002
9.8595589	25696.816
9.8659418	25735.366
9.8723246	25752.216
9.8787074	25793.403
9.8850902	25855.502
9.8914730	25936.349
9.8978558	26051.271
9.9042387	26209.845
9.9106215	26391.648
9.9170043	26614.306
9.9233871	26875.287
9.9297699	27142.526
9.9361528	27381.445
9.9425356	27586.230
9.9489184	27710.068
9.9553012	27793.516
9.9616840	27773.409
9.9680668	27629.240
9.9744497	27389.556
9.9808325	27113.407
9.9872153	26810.523
9.9935981	26554.553
9.9999809	26310.270
10.006364	26107.378
10.012747	25928.502
10.019129	25863.218
10.025512	25878.268
10.031895	26036.392
10.038278	26311.973
10.044661	26604.018
10.051043	26901.729
10.057426	27169.131
10.063809	27407.669
10.070192	27594.887
10.076575	27732.016
10.082958	27831.360
10.089340	27915.785
10.095723	28030.305
10.102106	28203.159
10.108489	28453.190
10.114872	28807.467
10.121254	29260.259
10.127637	29762.767
10.134020	30227.664
10.140403	30616.737
10.146786	30903.750
10.153169	31028.754
10.159551	30926.824
10.165934	30669.165
10.172317	30232.320
10.178700	29673.047
10.185083	29014.279
10.191465	28406.600
10.197848	27817.727
10.204231	27306.747
10.210614	26864.628
10.216997	26530.575
10.223380	26245.436
10.229762	26014.975
10.236145	25811.640
10.242528	25643.875
10.248911	25504.830
10.255294	25427.806
10.261676	25398.441
10.268059	25406.673
10.274442	25478.058
10.280825	25595.399
10.287208	25785.510
10.293591	26008.997
10.299973	26262.502
10.306356	26583.886
10.312739	26967.968
10.319122	27389.915
10.325505	27843.689
10.331887	28296.329
10.338270	28724.464
10.344653	29118.300
10.351036	29356.511
10.357419	29532.971
10.363802	29572.264
10.370184	29452.387
10.376567	29214.267
10.382950	28916.774
10.389333	28560.333
10.395716	28115.113
10.402098	27719.126
10.408481	27367.971
10.414864	27104.033
10.421247	26936.156
10.427630	26896.821
10.434013	26963.360
10.440395	27089.644
10.446778	27217.054
10.453161	27340.128
10.459544	27474.522
10.465927	27607.554
10.472309	27675.827
10.478692	27717.962
10.485075	27745.628
10.491458	27843.512
10.497841	27983.671
10.504224	28194.052
10.510606	28419.424
10.516989	28678.393
10.523372	28904.891
10.529755	29094.135
10.536138	29201.835
10.542520	29215.386
10.548903	29091.156
10.555286	28814.839
10.561669	28435.754
10.568052	27997.111
10.574435	27572.333
10.580817	27156.544
10.587200	26802.653
10.593583	26482.699
10.599966	26295.361
10.606349	26231.391
10.612732	26237.084
10.619114	26319.241
10.625497	26420.428
10.631880	26561.957
10.638263	26705.626
10.644646	26836.271
10.651028	26923.235
10.657411	26972.401
10.663794	26989.799
10.670177	26975.777
10.676560	26950.077
10.682943	26874.648
10.689325	26828.350
10.695708	26846.863
10.702091	26885.235
10.708474	26969.709
10.714857	27128.749
10.721239	27275.833
10.727622	27375.196
10.734005	27446.390
10.740388	27460.151
10.746771	27410.414
10.753154	27222.672
10.759536	26954.560
10.765919	26624.433
10.772302	26331.877
10.778685	26005.100
10.785068	25695.342
10.791450	25387.717
10.797833	25175.266
10.804216	25007.666
10.810599	24916.650
10.816982	24837.388
10.823365	24752.296
10.829747	24633.682
10.836130	24565.309
10.842513	24549.927
10.848896	24553.925
10.855279	24533.591
10.861661	24504.462
10.868044	24500.547
10.874427	24516.087
10.880810	24526.417
10.887193	24547.044
10.893576	24602.243
10.899958	24723.515
10.906341	24881.750
10.912724	25063.298
10.919107	25198.842
10.925490	25309.846
10.931872	25398.602
10.938255	25459.810
10.944638	25434.864
10.951021	25356.278
10.957404	25244.116
10.963787	25089.955
10.970169	24896.278
10.976552	24728.278
10.982935	24502.539
10.989318	24307.858
10.995701	24121.958
11.002083	23985.408
11.008466	23835.594
11.014849	23726.049
11.021232	23646.273
11.027615	23584.207
11.033998	23529.467
11.040380	23546.325
11.046763	23607.103
11.053146	23721.160
11.059529	23869.250
11.065912	24093.631
11.072294	24352.420
11.078677	24646.878
11.085060	24928.555
11.091443	25223.526
11.097826	25513.341
11.104209	25677.998
11.110591	25772.376
11.116974	25817.822
11.123357	25818.438
11.129740	25703.877
11.136123	25516.961
11.142505	25281.879
11.148888	25007.468
11.155271	24761.672
11.161654	24586.415
11.168037	24393.923
11.174420	24262.853
11.180802	24192.209
11.187185	24213.337
11.193568	24327.468
11.199951	24464.011
11.206334	24594.179
11.212716	24730.319
11.219099	24878.717
11.225482	25041.475
11.231865	25233.069
11.238248	25424.824
11.244631	25660.401
11.251013	25937.070
11.257396	26234.854
11.263779	26481.643
11.270162	26665.097
11.276545	26782.114
11.282927	26801.855
11.289310	26708.099
11.295693	26518.528
11.302076	26240.085
11.308459	25887.227
11.314842	25499.186
11.321224	25082.283
11.327607	24717.434
11.333990	24394.869
11.340373	24154.686
11.346756	23972.982
11.353138	23816.357
11.359521	23686.574
11.365904	23598.588
11.372287	23507.696
11.378670	23431.323
11.385053	23360.564
11.391435	23350.563
11.397818	23326.686
11.404201	23339.246
11.410584	23368.178
11.416967	23464.422
11.423349	23559.323
11.429732	23656.520
11.436115	23796.948
11.442498	23938.370
11.448881	24085.024
11.455264	24234.276
11.461646	24415.522
11.468029	24551.665
11.474412	24637.850
11.480795	24638.907
11.487178	24614.020
11.493560	24504.227
11.499943	24306.725
11.506326	24059.616
11.512709	23849.837
11.519092	23676.616
11.525475	23517.451
11.531857	23408.033
11.538240	23374.524
11.544623	23382.622
11.551006	23414.626
11.557389	23493.518
11.563771	23571.827
11.570154	23631.967
11.576537	23683.087
11.582920	23709.296
11.589303	23705.161
11.595686	23688.261
11.602068	23659.679
11.608451	23572.195
11.614834	23495.990
11.621217	23454.646
11.627600	23372.361
11.633982	23276.349
11.640365	23242.587
11.646748	23213.019
11.653131	23175.608
11.659514	23098.652
11.665897	23019.626
11.672279	22944.850
11.678662	22849.834
11.685045	22734.262
11.691428	22661.371
11.697811	22588.876
11.704193	22492.279
11.710576	22416.599
11.716959	22368.670
11.723342	22329.201
11.729725	22291.254
11.736108	22267.490
11.742490	22273.724
11.748873	22293.676
11.755256	22348.812
11.761639	22433.765
11.768022	22559.611
11.774404	22723.941
11.780787	22959.851
11.787170	23235.097
11.793553	23533.717
11.799936	23806.255
11.806319	24073.712
11.812701	24330.162
11.819084	24547.884
11.825467	24656.121
11.831850	24657.503
11.838233	24590.292
11.844615	24457.359
11.850998	24254.306
11.857381	24023.120
11.863764	23786.624
11.870147	23568.916
11.876530	23356.697
11.882912	23210.119
11.889295	23147.074
11.895678	23126.466
11.902061	23120.810
11.908444	23135.446
11.914826	23192.455
11.921209	23247.761
11.927592	23299.715
11.933975	23350.855
11.940358	23360.477
11.946741	23376.677
11.953123	23403.865
11.959506	23421.520
11.965889	23384.920
11.972272	23336.290
11.978655	23336.068
11.985037	23297.470
11.991420	23234.752
11.997803	23187.505
12.004186	23164.404
12.010569	23122.086
12.016952	23066.623
12.023334	23010.494
12.029717	22979.365
12.036100	23000.835
12.042483	23031.087
12.048866	23093.378
12.055248	23157.549
12.061631	23226.521
12.068014	23292.499
12.074397	23361.089
12.080780	23429.003
12.087163	23480.051
12.093545	23526.215
12.099928	23570.696
12.106311	23626.044
12.112694	23665.056
12.119077	23700.025
12.125459	23767.105
12.131842	23831.485
12.138225	23851.740
12.144608	23836.754
12.150991	23851.356
12.157374	23867.058
12.163756	23859.993
12.170139	23797.466
12.176522	23747.502
12.182905	23676.592
12.189288	23609.130
12.195670	23528.316
12.202053	23489.141
12.208436	23491.132
12.214819	23502.981
12.221202	23530.573
12.227585	23602.688
12.233967	23682.373
12.240350	23746.674
12.246733	23806.729
12.253116	23852.614
12.259499	23953.067
12.265881	24067.711
12.272264	24158.035
12.278647	24256.712
12.285030	24363.065
12.291413	24485.814
12.297796	24580.965
12.304178	24700.647
12.310561	24784.359
12.316944	24808.380
12.323327	24780.824
12.329710	24672.742
12.336092	24501.844
12.342475	24266.206
12.348858	24011.450
12.355241	23767.938
12.361624	23504.359
12.368007	23303.786
12.374389	23099.528
12.380772	22906.141
12.387155	22759.856
12.393538	22641.767
12.399921	22555.180
12.406303	22476.643
12.412686	22421.585
12.419069	22443.745
12.425452	22474.284
12.431835	22526.937
12.438218	22573.536
12.444600	22624.790
12.450983	22690.389
12.457366	22780.161
12.463749	22867.791
12.470132	22925.978
12.476514	22963.796
12.482897	22995.713
12.489280	23043.960
12.495663	23042.598
12.502046	23009.897
12.508429	22931.807
12.514811	22835.929
12.521194	22728.992
12.527577	22634.761
12.533960	22562.651
12.540343	22524.982
12.546725	22562.796
12.553108	22595.856
12.559491	22625.764
12.565874	22640.447
12.572257	22648.155
12.578640	22668.306
12.585022	22705.215
12.591405	22727.822
12.597788	22754.781
12.604171	22802.333
12.610554	22820.117
12.616936	22855.069
12.623319	22893.033
12.629702	22903.740
12.636085	22918.222
12.642468	22878.849
12.648851	22804.415
12.655233	22671.245
12.661616	22506.121
12.667999	22311.710
12.674382	22143.566
12.680765	21953.658
12.687147	21825.065
12.693530	21728.167
12.699913	21637.511
12.706296	21629.595
12.712679	21644.789
12.719062	21650.306
12.725444	21664.927
12.731827	21705.565
12.738210	21733.737
12.744593	21744.118
12.750976	21704.279
12.757358	21684.672
12.763741	21676.797
12.770124	21683.969
12.776507	21680.518
12.782890	21652.861
12.789273	21649.588
12.795655	21664.005
12.802038	21702.843
12.808421	21714.416
12.814804	21740.933
12.821187	21768.578
12.827569	21778.630
12.833952	21737.444
12.840335	21707.864
12.846718	21656.078
12.853101	21586.136
12.859484	21525.539
12.865866	21461.114
12.872249	21404.460
12.878632	21375.582
12.885015	21343.358
12.891398	21321.971
12.897780	21308.647
12.904163	21298.173
12.910546	21275.854
12.916929	21300.673
12.923312	21374.622
12.929695	21420.393
12.936077	21460.200
12.942460	21512.678
12.948843	21571.119
12.955226	21596.308
12.961609	21620.392
12.967991	21647.408
12.974374	21624.177
12.980757	21558.318
12.987140	21434.229
12.993523	21294.979
12.999906	21189.762
13.006288	21093.908
13.012671	20976.983
13.019054	20851.548
13.025437	20729.591
13.031820	20645.909
13.038202	20601.394
13.044585	20564.353
13.050968	20542.015
13.057351	20494.046
13.063734	20484.274
13.070117	20509.126
13.076499	20543.478
13.082882	20543.312
13.089265	20571.913
13.095648	20659.532
13.102031	20703.533
13.108413	20723.166
13.114796	20751.664
13.121179	20792.154
13.127562	20833.408
13.133945	20843.835
13.140328	20842.478
13.146710	20811.969
13.153093	20738.294
13.159476	20707.902
13.165859	20685.040
13.172242	20657.283
13.178624	20661.074
13.185007	20684.976
13.191390	20692.946
13.197773	20703.109
13.204156	20731.388
13.210539	20781.220
13.216921	20781.911
13.223304	20764.693
13.229687	20782.584
13.236070	20826.320
13.242453	20883.158
13.248835	20923.899
13.255218	20926.749
13.261601	20939.338
13.267984	20945.058
13.274367	20899.800
13.280750	20801.889
13.287132	20718.317
13.293515	20638.022
13.299898	20520.212
13.306281	20386.728
13.312664	20298.807
13.319046	20247.573
13.325429	20221.915
13.331812	20169.843
13.338195	20124.905
13.344578	20119.948
13.350961	20139.336
13.357343	20139.928
13.363726	20110.019
13.370109	20094.200
13.376492	20101.890
13.382875	20135.574
13.389257	20180.569
13.395640	20197.993
13.402023	20262.973
13.408406	20373.860
13.414789	20489.269
13.421172	20535.185
13.427554	20575.670
13.433937	20575.217
13.440320	20562.642
13.446703	20516.791
13.453086	20469.141
13.459468	20425.708
13.465851	20334.103
13.472234	20255.650
13.478617	20225.576
13.485000	20194.784
13.491383	20168.632
13.497765	20160.674
13.504148	20156.556
13.510531	20134.425
13.516914	20145.414
13.523297	20170.101
13.529679	20154.387
13.536062	20137.104
13.542445	20161.975
13.548828	20191.547
13.555211	20227.982
13.561594	20275.547
13.567976	20289.384
13.574359	20280.851
13.580742	20256.020
13.587125	20218.214
13.593508	20154.763
13.599890	20105.554
13.606273	20052.951
13.612656	19968.853
13.619039	19899.626
13.625422	19815.380
13.631805	19740.979
13.638187	19680.904
13.644570	19655.943
13.650953	19638.968
13.657336	19601.174
13.663719	19596.238
13.670101	19638.352
13.676484	19654.982
13.682867	19691.532
13.689250	19733.868
13.695633	19833.687
13.702016	19873.197
13.708398	19905.215
13.714781	19899.296
13.721164	19921.700
13.727547	19926.629
13.733930	19936.437
13.740312	19856.927
13.746695	19794.097
13.753078	19715.371
13.759461	19665.085
13.765844	19653.678
13.772227	19687.916
13.778609	19677.650
13.784992	19670.347
13.791375	19660.589
13.797758	19666.603
13.804141	19704.964
13.810524	19740.672
13.816906	19743.241
13.823289	19730.600
13.829672	19701.493
13.836055	19706.769
13.842438	19768.794
13.848820	19778.932
13.855203	19759.733
13.861586	19747.291
13.867969	19751.400
13.874352	19724.728
13.880735	19710.642
13.887117	19689.067
13.893500	19669.457
13.899883	19642.063
13.906266	19610.829
13.912649	19596.826
13.919031	19530.310
13.925414	19483.163
13.931797	19436.794
13.938180	19471.156
13.944563	19500.740
13.950946	19471.359
13.957328	19449.098
13.963711	19466.158
13.970094	19485.950
13.976477	19485.317
13.982860	19522.676
13.989242	19576.221
13.995625	19632.899
14.002008	19692.204
14.008391	19741.616
14.014774	19747.276
14.021157	19764.688
14.027539	19807.603
14.033922	19804.664
14.040305	19762.773
14.046688	19695.082
14.053071	19638.585
14.059453	19609.970
14.065836	19585.967
14.072219	19549.710
14.078602	19521.499
14.084985	19506.986
14.091368	19515.948
14.097750	19524.768
14.104133	19532.635
14.110516	19533.394
14.116899	19549.489
14.123282	19560.411
14.129664	19586.427
14.136047	19610.579
14.142430	19650.404
14.148813	19648.118
14.155196	19627.713
14.161579	19648.762
14.167961	19658.913
14.174344	19609.872
14.180727	19551.046
14.187110	19448.239
14.193493	19345.948
14.199875	19252.873
14.206258	19203.358
14.212641	19152.337
14.219024	19090.451
14.225407	19043.988
14.231790	18990.869
14.238172	18950.655
14.244555	18934.478
14.250938	18941.423
14.257321	18929.418
14.263704	18908.913
14.270086	18959.872
14.276469	19010.246
14.282852	18995.235
14.289235	19006.451
14.295618	19060.849
14.302001	19102.096
14.308383	19117.196
14.314766	19116.122
14.321149	19086.624
14.327532	19050.381
14.333915	19006.260
14.340297	18951.351
14.346680	18907.940
14.353063	18846.288
14.359446	18818.586
14.365829	18829.648
14.372212	18838.948
14.378594	18799.363
14.384977	18770.575
14.391360	18769.035
14.397743	18764.531
14.404126	18765.482
14.410508	18778.688
14.416891	18780.080
14.423274	18766.424
14.429657	18777.340
14.436040	18789.286
14.442423	18804.542
14.448805	18794.661
14.455188	18756.381
14.461571	18723.571
14.467954	18670.320
14.474337	18615.325
14.480719	18613.272
14.487102	18608.290
14.493485	18607.122
14.499868	18618.495
14.506251	18600.121
14.512634	18594.553
14.519016	18630.998
14.525399	18669.809
14.531782	18699.411
14.538165	18675.023
14.544548	18658.249
14.550930	18662.597
14.557313	18691.596
14.563696	18752.616
14.570079	18773.742
14.576462	18774.521
14.582845	18782.875
14.589227	18789.962
14.595610	18764.380
14.601993	18736.634
14.608376	18695.384
14.614759	18647.828
14.621141	18619.918
14.627524	18588.591
14.633907	18505.796
14.640290	18471.011
14.646673	18504.456
14.653056	18514.916
14.659438	18510.829
14.665821	18498.543
14.672204	18460.301
14.678587	18444.292
14.684970	18414.662
14.691352	18409.430
14.697735	18420.856
14.704118	18428.164
14.710501	18435.670
14.716884	18412.922
14.723267	18386.047
14.729649	18371.831
14.736032	18338.357
14.742415	18281.067
14.748798	18220.337
14.755181	18225.447
14.761563	18185.708
14.767946	18110.536
14.774329	18092.289
14.780712	18076.780
14.787095	18065.823
14.793478	18067.406
14.799860	18063.211
14.806243	18075.392
14.812626	18117.033
14.819009	18137.802
14.825392	18162.096
14.831774	18225.862
14.838157	18265.924
14.844540	18285.434
14.850923	18291.399
14.857306	18296.535
14.863689	18250.367
14.870071	18195.439
14.876454	18169.622
14.882837	18180.031
14.889220	18176.755
14.895603	18149.855
14.901985	18118.304
14.908368	18085.403
14.914751	18049.136
14.921134	18038.658
14.927517	18066.231
14.933900	18084.061
14.940282	18084.664
14.946665	18114.250
14.953048	18121.620
14.959431	18097.338
14.965814	18102.207
14.972196	18089.982
14.978579	18077.325
14.984962	18032.536
14.991345	17986.395
14.997728	17964.851
15.004111	17968.872
15.010493	17960.489
15.016876	17944.803
15.023259	17915.689
15.029642	17928.299
15.036025	17917.491
15.042407	17902.378
15.048790	17889.653
15.055173	17882.757
15.061556	17889.862
15.067939	17908.968
15.074322	17950.619
15.080704	17992.970
15.087087	17990.033
15.093470	17974.677
15.099853	18001.486
15.106236	18056.338
15.112618	18088.449
15.119001	18131.094
15.125384	18167.693
15.131767	18183.932
15.138150	18160.710
15.144533	18110.805
15.150915	18109.461
15.157298	18103.413
15.163681	18098.542
15.170064	18075.531
15.176447	18035.617
15.182829	18015.166
15.189212	18018.915
15.195595	18042.651
15.201978	18045.315
15.208361	18043.733
15.214744	18062.871
15.221126	18098.979
15.227509	18107.196
15.233892	18138.834
15.240275	18190.559
15.246658	18249.930
15.253040	18256.976
15.259423	18232.157
15.265806	18232.654
15.272189	18224.336
15.278572	18232.916
15.284955	18245.849
15.291337	18184.547
15.297720	18100.087
15.304103	18099.317
15.310486	18079.443
15.316869	18057.809
15.323251	18073.361
15.329634	18068.970
15.336017	18024.738
15.342400	17992.806
15.348783	18028.702
15.355166	18055.946
15.361548	18050.185
15.367931	18042.732
15.374314	18026.105
15.380697	18042.219
15.387080	18091.554
15.393462	18109.428
15.399845	18117.308
15.406228	18128.529
15.412611	18137.006
15.418994	18096.966
15.425377	18098.716
15.431759	18118.775
15.438142	18099.088
15.444525	18061.302
15.450908	18006.682
15.457291	17974.062
15.463673	17977.538
15.470056	17968.708
15.476439	17963.910
15.482822	17996.519
15.489205	18024.143
15.495588	18014.779
15.501970	18035.609
15.508353	18021.572
15.514736	18000.382
15.521119	17997.083
15.527502	17994.599
15.533884	18035.448
15.540267	18032.629
15.546650	18020.866
15.553033	18041.310
15.559416	17996.837
15.565799	17948.380
15.572181	17942.218
15.578564	17932.717
15.584947	17915.029
15.591330	17917.236
15.597713	17909.298
15.604095	17902.802
15.610478	17913.986
15.616861	17915.750
15.623244	17868.597
15.629627	17880.779
15.636010	17895.421
15.642392	17878.121
15.648775	17860.453
15.655158	17880.324
15.661541	17888.688
15.667924	17873.613
15.674306	17833.631
15.680689	17807.903
15.687072	17754.724
15.693455	17735.357
15.699838	17758.092
15.706221	17797.478
15.712603	17791.935
15.718986	17764.368
15.725369	17782.938
15.731752	17848.791
15.738135	17880.739
15.744517	17843.553
15.750900	17843.234
15.757283	17888.800
15.763666	17920.577
15.770049	17896.742
15.776432	17859.199
15.782814	17866.872
15.789197	17874.549
15.795580	17901.163
15.801963	17895.268
15.808346	17851.456
15.814728	17793.273
15.821111	17745.891
15.827494	17701.526
15.833877	17668.093
15.840260	17633.915
15.846643	17587.996
15.853025	17545.863
15.859408	17532.987
15.865791	17524.247
15.872174	17550.517
15.878557	17533.045
15.884939	17517.556
15.891322	17524.492
15.897705	17494.204
15.904088	17501.379
15.910471	17499.652
15.916854	17471.413
15.923236	17480.851
15.929619	17529.562
15.936002	17532.357
15.942385	17493.528
15.948768	17480.545
15.955150	17443.850
15.961533	17415.785
15.967916	17421.618
15.974299	17393.171
15.980682	17360.343
15.987065	17340.711
15.993447	17359.453
15.999830	17392.178
16.006213	17372.252
16.012596	17356.927
16.018979	17353.247
16.025361	17402.160
16.031744	17407.204
16.038127	17360.578
16.044510	17306.426
16.050893	17281.922
16.057276	17242.912
16.063658	17243.545
16.070041	17239.825
16.076424	17183.814
16.082807	17160.251
16.089190	17155.736
16.095572	17151.533
16.101955	17171.897
16.108338	17164.260
16.114721	17140.006
16.121104	17133.645
16.127487	17130.521
16.133869	17110.915
16.140252	17121.873
16.146635	17135.299
16.153018	17130.202
16.159401	17162.543
16.165783	17144.807
16.172166	17118.409
16.178549	17115.411
16.184932	17136.047
16.191315	17138.439
16.197698	17100.933
16.204080	17035.247
16.210463	17012.998
16.216846	17037.495
16.223229	17022.623
16.229612	16992.936
16.235994	17002.364
16.242377	17021.348
16.248760	17012.274
16.255143	17007.258
16.261526	16987.773
16.267909	16980.621
16.274291	16972.555
16.280674	16960.384
16.287057	16933.876
16.293440	16926.211
16.299823	16949.707
16.306205	16949.145
16.312588	16920.117
16.318971	16878.900
16.325354	16834.872
16.331737	16788.668
16.338120	16763.703
16.344502	16794.855
16.350885	16790.510
16.357268	16751.897
16.363651	16753.934
16.370034	16739.773
16.376416	16722.738
16.382799	16718.661
16.389182	16738.157
16.395565	16780.147
16.401948	16738.205
16.408331	16634.664
16.414713	16637.939
16.421096	16679.804
16.427479	16677.615
16.433862	16625.633
16.440245	16603.270
16.446627	16635.584
16.453010	16636.994
16.459393	16640.205
16.465776	16663.165
16.472159	16671.479
16.478542	16668.853
16.484924	16665.705
16.491307	16659.955
16.497690	16679.356
16.504073	16653.290
16.510456	16620.525
16.516838	16611.417
16.523221	16626.449
16.529604	16649.369
16.535987	16631.069
16.542370	16569.828
16.548753	16559.046
16.555135	16534.719
16.561518	16496.262
16.567901	16467.680
16.574284	16450.697
16.580667	16463.570
16.587049	16496.341
16.593432	16457.847
16.599815	16366.918
16.606198	16346.268
16.612581	16367.065
16.618964	16376.248
16.625346	16369.593
16.631729	16354.735
16.638112	16341.386
16.644495	16334.912
16.650878	16346.881
16.657260	16340.942
16.663643	16327.693
16.670026	16315.822
16.676409	16295.470
16.682792	16249.707
16.689175	16246.743
16.695557	16269.690
16.701940	16300.357
16.708323	16286.136
16.714706	16247.270
16.721089	16260.180
16.727471	16240.119
16.733854	16203.580
16.740237	16153.160
16.746620	16154.636
16.753003	16185.908
16.759386	16179.939
16.765768	16189.951
16.772151	16209.198
16.778534	16194.085
16.784917	16165.539
16.791300	16172.524
16.797682	16191.058
16.804065	16203.188
16.810448	16166.678
16.816831	16129.609
16.823214	16150.600
16.829597	16195.473
16.835979	16199.675
16.842362	16159.538
16.848745	16147.546
16.855128	16157.170
16.861511	16165.704
16.867893	16212.501
16.874276	16223.165
16.880659	16215.408
16.887042	16194.568
16.893425	16176.016
16.899808	16214.138
16.906190	16232.875
16.912573	16229.252
16.918956	16229.926
16.925339	16195.217
16.931722	16180.761
16.938104	16179.510
16.944487	16131.905
16.950870	16129.667
16.957253	16097.523
16.963636	16095.472
16.970019	16112.982
16.976401	16073.088
16.982784	16033.696
16.989167	16025.093
16.995550	16035.470
17.001933	16020.675
17.008316	16025.830
17.014698	16009.587
17.021081	15965.397
17.027464	16003.850
17.033847	16031.914
17.040230	16042.725
17.046612	16042.959
17.052995	16002.432
17.059378	15944.928
17.065761	15957.371
17.072144	15986.249
17.078527	15986.436
17.084909	16008.803
17.091292	16054.327
17.097675	16028.237
17.104058	15975.659
17.110441	15967.063
17.116823	16003.733
17.123206	16040.564
17.129589	16048.017
17.135972	16037.530
17.142355	15976.300
17.148738	15971.387
17.155120	16001.657
17.161503	15995.093
17.167886	15973.368
17.174269	16004.254
17.180652	15993.427
17.187034	15978.424
17.193417	15977.147
17.199800	16021.088
17.206183	16055.677
17.212566	16015.160
17.218949	16000.672
17.225331	16025.677
17.231714	15998.291
17.238097	15965.749
17.244480	15965.000
17.250863	15975.724
17.257245	16007.883
17.263628	16011.763
17.270011	15955.725
17.276394	15932.583
17.282777	15952.963
17.289160	15962.294
17.295542	15955.803
17.301925	15934.313
17.308308	15896.420
17.314691	15907.754
17.321074	15909.150
17.327456	15874.453
17.333839	15843.597
17.340222	15798.919
17.346605	15795.801
17.352988	15846.158
17.359371	15886.787
17.365753	15886.027
17.372136	15859.693
17.378519	15837.327
17.384902	15878.649
17.391285	15885.322
17.397667	15881.153
17.404050	15864.898
17.410433	15853.366
17.416816	15876.413
17.423199	15851.309
17.429582	15840.824
17.435964	15860.008
17.442347	15813.885
17.448730	15805.841
17.455113	15841.351
17.461496	15822.536
17.467878	15841.300
17.474261	15847.900
17.480644	15805.663
17.487027	15813.547
17.493410	15788.278
17.499793	15790.439
17.506175	15771.521
17.512558	15754.332
17.518941	15828.620
17.525324	15814.163
17.531707	15780.997
17.538089	15768.632
17.544472	15753.210
17.550855	15749.275
17.557238	15697.709
17.563621	15671.034
17.570004	15693.854
17.576386	15710.970
17.582769	15708.462
17.589152	15683.416
17.595535	15645.248
17.601918	15647.396
17.608300	15677.473
17.614683	15671.807
17.621066	15619.012
17.627449	15609.847
17.633832	15633.462
17.640215	15626.853
17.646597	15614.310
17.652980	15614.163
17.659363	15624.777
17.665746	15594.089
17.672129	15607.874
17.678511	15583.945
17.684894	15560.854
17.691277	15586.169
17.697660	15591.119
17.704043	15579.494
17.710426	15587.527
17.716808	15583.520
17.723191	15571.585
17.729574	15565.031
17.735957	15582.126
17.742340	15563.260
17.748722	15519.235
17.755105	15520.472
17.761488	15515.528
17.767871	15538.902
17.774254	15536.726
17.780637	15505.677
17.787019	15449.302
17.793402	15451.446
17.799785	15417.106
17.806168	15410.011
17.812551	15434.904
17.818933	15422.421
17.825316	15435.668
17.831699	15452.899
17.838082	15465.400
17.844465	15413.959
17.850848	15404.356
17.857230	15465.108
17.863613	15494.859
17.869996	15477.732
17.876379	15438.760
17.882762	15387.122
17.889144	15378.791
17.895527	15379.184
17.901910	15339.499
17.908293	15330.719
17.914676	15353.037
17.921059	15345.119
17.927441	15305.454
17.933824	15336.416
17.940207	15335.991
17.946590	15296.628
17.952973	15295.204
17.959355	15335.720
17.965738	15330.438
17.972121	15348.047
17.978504	15382.002
17.984887	15343.092
17.991270	15301.461
17.997652	15331.125
18.004035	15350.745
18.010418	15347.780
18.016801	15297.890
18.023184	15291.088
18.029566	15315.829
18.035949	15341.610
18.042332	15337.363
18.048715	15339.835
18.055098	15355.887
18.061481	15356.466
18.067863	15323.958
18.074246	15286.402
18.080629	15289.477
18.087012	15304.692
18.093395	15314.534
18.099777	15308.299
18.106160	15311.172
18.112543	15295.642
18.118926	15274.770
18.125309	15277.402
18.131692	15319.479
18.138074	15262.748
18.144457	15267.266
18.150840	15334.265
18.157223	15359.986
18.163606	15331.402
18.169988	15308.922
18.176371	15308.628
18.182754	15298.803
18.189137	15308.491
18.195520	15302.193
18.201903	15262.258
18.208285	15250.903
18.214668	15247.163
18.221051	15210.392
18.227434	15215.770
18.233817	15230.497
18.240199	15221.214
18.246582	15185.761
18.252965	15208.363
18.259348	15283.352
18.265731	15256.436
18.272114	15229.203
18.278496	15241.623
18.284879	15278.133
18.291262	15291.854
18.297645	15280.611
18.304028	15234.702
18.310410	15214.414
18.316793	15221.807
18.323176	15264.040
18.329559	15286.220
18.335942	15232.438
18.342325	15212.621
18.348707	15220.660
18.355090	15225.427
18.361473	15241.853
18.367856	15236.779
18.374239	15229.699
18.380621	15203.774
18.387004	15210.926
18.393387	15213.880
18.399770	15217.528
18.406153	15198.845
18.412536	15191.698
18.418918	15179.264
18.425301	15178.246
18.431684	15183.203
18.438067	15176.824
18.444450	15166.493
18.450832	15136.203
18.457215	15164.589
18.463598	15202.171
18.469981	15241.716
18.476364	15207.010
18.482747	15202.587
18.489129	15180.406
18.495512	15169.206
18.501895	15181.333
18.508278	15188.885
18.514661	15192.538
18.521043	15196.706
18.527426	15191.327
18.533809	15174.179
18.540192	15194.543
18.546575	15192.189
18.552958	15196.951
18.559340	15165.760
18.565723	15194.600
18.572106	15214.550
18.578489	15197.298
18.584872	15197.552
18.591254	15165.943
18.597637	15140.736
18.604020	15180.847
18.610403	15182.460
18.616786	15145.472
18.623169	15141.432
18.629551	15165.986
18.635934	15160.425
18.642317	15184.308
18.648700	15191.847
18.655083	15155.853
18.661465	15111.682
18.667848	15090.749
18.674231	15137.471
18.680614	15157.532
18.686997	15142.147
18.693380	15101.885
18.699762	15071.120
18.706145	15101.529
18.712528	15134.290
18.718911	15120.330
18.725294	15135.258
18.731676	15136.532
18.738059	15099.330
18.744442	15102.899
18.750825	15093.693
18.757208	15101.735
18.763591	15091.122
18.769973	15056.637
18.776356	15055.989
18.782739	15082.485
18.789122	15073.066
18.795505	15047.126
18.801887	15030.279
18.808270	15039.871
18.814653	15048.811
18.821036	15029.906
18.827419	15039.716
18.833802	15086.966
18.840184	15055.557
18.846567	15049.714
18.852950	15046.743
18.859333	15066.679
18.865716	15097.569
18.872098	15062.708
18.878481	15030.525
18.884864	15060.963
18.891247	15070.468
18.897630	15052.332
18.904013	15017.747
18.910395	15059.758
18.916778	15106.685
18.923161	15060.718
18.929544	15084.591
18.935927	15103.135
18.942309	15052.369
18.948692	15017.184
18.955075	15023.964
18.961458	14990.282
18.967841	14987.720
18.974224	15013.566
18.980606	15017.975
18.986989	15019.854
18.993372	15024.266
18.999755	15053.279
19.006138	15046.592
19.012520	15012.169
19.018903	15008.302
19.025286	15022.270
19.031669	14996.873
19.038052	14955.928
19.044435	14955.299
19.050817	14997.675
19.057200	15012.015
19.063583	14978.375
19.069966	14931.472
19.076349	14930.823
19.082731	14926.964
19.089114	14922.836
19.095497	14926.008
19.101880	14939.253
19.108263	14925.429
19.114646	14940.224
19.121028	14891.275
19.127411	14890.253
19.133794	14937.362
19.140177	14947.625
19.146560	14939.462
19.152942	14901.825
19.159325	14869.954
19.165708	14887.449
19.172091	14919.163
19.178474	14886.077
19.184857	14851.169
19.191239	14880.434
19.197622	14913.994
19.204005	14895.684
19.210388	14938.760
19.216771	14909.145
19.223153	14890.145
19.229536	14842.664
19.235919	14829.102
19.242302	14839.356
19.248685	14853.025
19.255068	14894.821
19.261450	14868.420
19.267833	14882.456
19.274216	14893.005
19.280599	14833.205
19.286982	14793.760
19.293364	14797.963
19.299747	14802.358
19.306130	14762.757
19.312513	14774.380
19.318896	14770.581
19.325279	14793.551
19.331661	14800.104
19.338044	14754.858
19.344427	14733.849
19.350810	14707.281
19.357193	14729.646
19.363575	14762.698
19.369958	14747.827
19.376341	14742.403
19.382724	14742.642
19.389107	14741.108
19.395490	14772.294
19.401872	14807.422
19.408255	14806.457
19.414638	14731.796
19.421021	14691.260
19.427404	14691.567
19.433786	14699.062
19.440169	14723.932
19.446552	14713.774
19.452935	14713.166
19.459318	14723.895
19.465701	14669.436
19.472083	14648.255
19.478466	14637.050
19.484849	14652.131
19.491232	14679.180
19.497615	14662.411
19.503997	14643.416
19.510380	14591.779
19.516763	14577.627
19.523146	14571.004
19.529529	14584.415
19.535912	14644.168
19.542294	14648.323
19.548677	14617.648
19.555060	14553.448
19.561443	14518.253
19.567826	14543.781
19.574208	14551.948
19.580591	14595.993
19.586974	14586.907
19.593357	14532.429
19.599740	14527.617
19.606123	14586.779
19.612505	14600.720
19.618888	14557.458
19.625271	14533.550
19.631654	14524.203
19.638037	14526.534
19.644419	14523.283
19.650802	14521.610
19.657185	14537.138
19.663568	14555.256
19.669951	14527.785
19.676334	14532.861
19.682716	14503.371
19.689099	14476.433
19.695482	14488.412
19.701865	14469.093
19.708248	14431.413
19.714630	14490.827
19.721013	14534.410
19.727396	14495.414
19.733779	14442.058
19.740162	14410.378
19.746545	14418.536
19.752927	14417.815
19.759310	14428.362
19.765693	14434.079
19.772076	14454.381
19.778459	14480.273
19.784841	14397.914
19.791224	14445.138
19.797607	14443.415
19.803990	14393.642
19.810373	14382.057
19.816756	14411.744
19.823138	14440.991
19.829521	14454.211
19.835904	14462.605
19.842287	14445.169
19.848670	14414.705
19.855052	14379.447
19.861435	14379.759
19.867818	14408.376
19.874201	14367.679
19.880584	14341.700
19.886967	14364.236
19.893349	14362.664
19.899732	14295.244
19.906115	14293.731
19.912498	14337.183
19.918881	14326.989
19.925263	14337.355
19.931646	14330.228
19.938029	14323.835
19.944412	14330.823
19.950795	14329.513
19.957178	14339.894
19.963560	14324.204
19.969943	14326.202
19.976326	14332.243
19.982709	14307.432
19.989092	14289.809
19.995474	14284.377
20.001857	14278.259
20.008240	14320.459
20.014623	14315.128
20.021006	14247.412
20.027389	14267.991
20.033771	14285.250
20.040154	14237.639
20.046537	14197.530
20.052920	14216.589
20.059303	14251.097
20.065685	14254.445
20.072068	14239.689
20.078451	14223.429
20.084834	14242.266
20.091217	14278.921
20.097600	14273.534
20.103982	14277.181
20.110365	14272.147
20.116748	14301.067
20.123131	14280.915
20.129514	14257.761
20.135896	14241.827
20.142279	14262.738
20.148662	14239.613
20.155045	14216.301
20.161428	14211.436
20.167811	14193.092
20.174193	14184.808
20.180576	14190.828
20.186959	14236.436
20.193342	14243.900
20.199725	14199.599
20.206108	14172.513
20.212490	14158.161
20.218873	14175.729
20.225256	14218.759
20.231639	14182.194
20.238022	14144.417
20.244404	14185.190
20.250787	14214.688
20.257170	14265.040
20.263553	14235.933
20.269936	14189.415
20.276319	14178.537
20.282701	14208.732
20.289084	14156.597
20.295467	14201.244
20.301850	14221.036
20.308233	14188.595
20.314615	14245.623
20.320998	14269.734
20.327381	14251.124
20.333764	14220.643
20.340147	14257.129
20.346530	14207.078
20.352912	14143.417
20.359295	14158.044
20.365678	14179.580
20.372061	14192.527
20.378444	14201.428
20.384826	14182.073
20.391209	14176.284
20.397592	14181.312
20.403975	14199.320
20.410358	14109.397
20.416741	14084.225
20.423123	14063.702
20.429506	14091.455
20.435889	14147.425
20.442272	14155.085
20.448655	14092.775
20.455037	14089.574
20.461420	14093.587
20.467803	14110.930
20.474186	14133.482
20.480569	14179.200
20.486952	14187.169
20.493334	14125.404
20.499717	14140.180
20.506100	14098.505
20.512483	14070.274
20.518866	14100.290
20.525248	14110.173
20.531631	14080.658
20.538014	14016.817
20.544397	14058.751
20.550780	14098.642
20.557163	14058.893
20.563545	14061.798
20.569928	14072.394
20.576311	14077.857
20.582694	14107.112
20.589077	14117.471
20.595459	14033.906
20.601842	14029.588
20.608225	14112.983
20.614608	14090.889
20.620991	14043.743
20.627374	14040.769
20.633756	14110.382
20.640139	14092.088
20.646522	14036.843
20.652905	14090.601
20.659288	14115.952
20.665670	14042.015
20.672053	14027.809
20.678436	14063.742
20.684819	14032.186
20.691202	14009.726
20.697585	14028.053
20.703967	14070.341
20.710350	14065.152
20.716733	14082.992
20.723116	14055.906
20.729499	14039.794
20.735881	14042.579
20.742264	14045.130
20.748647	14037.060
20.755030	13975.831
20.761413	13988.549
20.767796	14037.487
20.774178	14044.311
20.780561	14017.220
20.786944	14010.564
20.793327	13997.299
20.799710	14029.109
20.806092	14004.991
20.812475	13960.260
20.818858	13987.099
20.825241	13996.049
20.831624	14008.396
20.838007	14063.007
20.844389	14052.035
20.850772	14011.820
20.857155	13967.895
20.863538	13970.386
20.869921	14006.229
20.876303	14023.342
20.882686	14049.932
20.889069	14035.553
20.895452	13955.562
20.901835	13933.710
20.908218	13965.194
20.914600	13987.006
20.920983	14023.455
20.927366	13972.683
20.933749	13972.714
20.940132	13989.987
20.946514	13880.213
20.952897	13922.184
20.959280	13993.989
20.965663	13995.714
20.972046	13951.242
20.978429	13957.650
20.984811	13943.392
20.991194	13936.162
20.997577	13948.311
21.003960	13907.126
21.010343	13858.162
21.016725	13883.402
21.023108	13918.959
21.029491	13937.768
21.035874	13896.809
21.042257	13850.061
21.048640	13892.372
21.055022	13929.830
21.061405	13888.378
21.067788	13899.505
21.074171	13914.859
21.080554	13900.807
21.086936	13914.037
21.093319	13929.607
21.099702	13870.845
21.106085	13857.317
21.112468	13841.443
21.118851	13899.618
21.125233	13944.412
21.131616	13928.033
21.137999	13856.444
21.144382	13845.097
21.150765	13873.279
21.157147	13874.077
21.163530	13896.041
21.169913	13850.171
21.176296	13834.221
21.182679	13885.490
21.189062	13850.935
21.195444	13827.144
21.201827	13836.491
21.208210	13871.496
21.214593	13858.615
21.220976	13796.494
21.227358	13773.276
21.233741	13751.605
21.240124	13763.966
21.246507	13749.382
21.252890	13815.000
21.259273	13805.937
21.265655	13778.046
21.272038	13785.009
21.278421	13781.878
21.284804	13759.304
21.291187	13769.482
21.297569	13792.911
21.303952	13801.974
21.310335	13833.094
21.316718	13807.379
21.323101	13751.971
21.329484	13737.047
21.335866	13747.808
21.342249	13784.171
21.348632	13802.761
21.355015	13800.359
21.361398	13791.258
21.367780	13769.457
21.374163	13773.457
21.380546	13801.119
21.386929	13805.130
21.393312	13830.334
21.399695	13847.880
21.406077	13785.847
21.412460	13812.581
21.418843	13794.962
21.425226	13735.386
21.431609	13692.097
21.437991	13761.133
21.444374	13766.325
21.450757	13766.211
21.457140	13762.325
21.463523	13784.759
21.469906	13747.966
21.476288	13712.328
21.482671	13665.164
21.489054	13747.164
21.495437	13725.758
21.501820	13710.918
21.508202	13714.050
21.514585	13735.440
21.520968	13752.569
21.527351	13763.398
21.533734	13712.216
21.540117	13718.797
21.546499	13729.745
21.552882	13739.373
21.559265	13739.271
21.565648	13720.110
21.572031	13668.990
21.578413	13648.129
21.584796	13701.618
21.591179	13709.455
21.597562	13751.781
21.603945	13706.004
21.610328	13645.518
21.616710	13668.140
21.623093	13712.685
21.629476	13685.890
21.635859	13724.022
21.642242	13684.898
21.648624	13629.695
21.655007	13638.460
21.661390	13677.959
21.667773	13709.565
21.674156	13727.598
21.680539	13720.997
21.686921	13699.058
21.693304	13687.073
21.699687	13701.794
21.706070	13679.141
21.712453	13704.943
21.718835	13720.101
21.725218	13701.136
21.731601	13643.846
21.737984	13622.272
21.744367	13656.561
21.750750	13699.389
21.757132	13703.051
21.763515	13708.097
21.769898	13677.189
21.776281	13737.765
21.782664	13692.215
21.789046	13645.830
21.795429	13666.481
21.801812	13731.876
21.808195	13713.382
21.814578	13694.577
21.820961	13694.809
21.827343	13709.818
21.833726	13667.773
21.840109	13630.128
21.846492	13695.268
21.852875	13656.128
21.859257	13652.789
21.865640	13702.290
21.872023	13649.251
21.878406	13615.354
21.884789	13672.838
21.891172	13709.603
21.897554	13667.175
21.903937	13651.972
21.910320	13660.364
21.916703	13647.044
21.923086	13649.819
21.929468	13672.255
21.935851	13670.249
21.942234	13643.342
21.948617	13629.046
21.955000	13694.087
21.961383	13658.319
21.967765	13587.761
21.974148	13602.321
21.980531	13716.036
21.986914	13649.204
21.993297	13638.115
21.999679	13671.809
22.006062	13632.615
22.012445	13628.495
22.018828	13615.364
22.025211	13698.258
22.031594	13701.356
22.037976	13618.175
22.044359	13570.888
22.050742	13642.891
22.057125	13701.956
22.063508	13666.551
22.069890	13604.559
22.076273	13627.489
22.082656	13685.586
22.089039	13665.269
22.095422	13623.154
22.101805	13643.461
22.108187	13544.954
22.114570	13666.817
22.120953	13664.773
22.127336	13608.440
22.133719	13597.937
22.140101	13600.469
22.146484	13657.728
22.152867	13673.739
22.159250	13655.670
22.165633	13634.994
22.172016	13582.347
22.178398	13657.960
22.184781	13617.153
22.191164	13586.699
22.197547	13571.073
22.203930	13574.968
22.210312	13623.133
22.216695	13612.868
22.223078	13634.502
22.229461	13579.078
22.235844	13558.125
22.242227	13604.257
22.248609	13524.037
22.254992	13586.882
22.261375	13664.287
22.267758	13622.325
22.274141	13623.151
22.280523	13583.020
22.286906	13544.744
22.293289	13505.377
22.299672	13569.051
22.306055	13608.708
22.312438	13599.686
22.318820	13543.597
22.325203	13619.262
22.331586	13575.584
22.337969	13547.985
22.344352	13541.483
22.350734	13549.694
22.357117	13516.984
22.363500	13547.286
22.369883	13563.910
22.376266	13566.579
22.382649	13598.615
22.389031	13557.184
22.395414	13526.126
22.401797	13526.718
22.408180	13505.523
22.414563	13563.936
22.420945	13537.826
22.427328	13486.690
22.433711	13438.076
22.440094	13486.957
22.446477	13562.656
22.452860	13627.530
22.459242	13622.215
22.465625	13569.062
22.472008	13511.010
22.478391	13507.442
22.484774	13542.280
22.491156	13538.085
22.497539	13513.528
22.503922	13483.749
22.510305	13485.890
22.516688	13549.639
22.523071	13544.147
22.529453	13569.979
22.535836	13557.854
22.542219	13593.356
22.548602	13600.984
22.554985	13543.776
22.561367	13514.407
22.567750	13508.535
22.574133	13589.981
22.580516	13587.336
22.586899	13503.136
22.593282	13495.085
22.599664	13488.185
22.606047	13477.559
22.612430	13481.183
22.618813	13465.095
22.625196	13538.488
22.631578	13518.845
22.637961	13562.240
22.644344	13524.862
22.650727	13525.269
22.657110	13459.663
22.663493	13530.656
22.669875	13532.942
22.676258	13508.933
22.682641	13516.658
22.689024	13495.119
22.695407	13443.313
22.701789	13452.306
22.708172	13508.688
22.714555	13545.963
22.720938	13508.444
22.727321	13469.990
22.733704	13452.306
22.740086	13502.797
22.746469	13420.191
22.752852	13385.892
22.759235	13412.994
22.765618	13379.454
22.772000	13489.573
22.778383	13491.792
22.784766	13475.271
22.791149	13494.627
22.797532	13452.757
22.803915	13452.398
22.810297	13420.205
22.816680	13455.951
22.823063	13493.384
22.829446	13445.259
22.835829	13459.764
22.842211	13431.336
22.848594	13494.178
22.854977	13493.801
22.861360	13409.802
22.867743	13409.041
22.874126	13422.450
22.880508	13431.929
22.886891	13485.036
22.893274	13436.932
22.899657	13340.014
22.906040	13400.858
22.912422	13419.624
22.918805	13361.542
22.925188	13355.016
22.931571	13407.971
22.937954	13375.041
22.944337	13465.883
22.950719	13409.904
22.957102	13449.802
22.963485	13428.308
22.969868	13344.589
22.976251	13424.149
22.982633	13418.250
22.989016	13340.054
22.995399	13417.249
23.001782	13402.718
23.008165	13363.352
23.014548	13415.241
23.020930	13364.789
23.027313	13498.422
23.033696	13482.789
23.040079	13361.776
23.046462	13394.350
23.052844	13341.840
23.059227	13326.146
23.065610	13378.942
23.071993	13331.300
23.078376	13298.685
23.084759	13339.970
23.091141	13334.021
23.097524	13314.781
23.103907	13327.550
23.110290	13357.755
23.116673	13375.507
23.123055	13304.759
23.129438	13285.401
23.135821	13357.582
23.142204	13386.728
23.148587	13365.324
23.154970	13374.731
23.161352	13274.688
23.167735	13262.720
23.174118	13307.415
23.180501	13281.828
23.186884	13334.543
23.193266	13278.568
23.199649	13235.700
23.206032	13308.332
23.212415	13296.190
23.218798	13346.701
23.225181	13353.734
23.231563	13266.941
23.237946	13268.988
23.244329	13314.358
23.250712	13295.881
23.257095	13322.979
23.263477	13357.284
23.269860	13356.140
23.276243	13339.838
23.282626	13287.308
23.289009	13286.869
23.295392	13275.362
23.301774	13336.661
23.308157	13315.142
23.314540	13341.873
23.320923	13324.466
23.327306	13284.572
23.333688	13251.082
23.340071	13303.837
23.346454	13278.167
23.352837	13260.650
23.359220	13289.985
23.365603	13258.883
23.371985	13260.045
23.378368	13275.631
23.384751	13214.391
23.391134	13225.784
23.397517	13293.953
23.403900	13208.014
23.410282	13234.279
23.416665	13286.045
23.423048	13320.891
23.429431	13237.439
23.435814	13258.760
23.442196	13252.325
23.448579	13260.418
23.454962	13314.578
23.461345	13261.483
23.467728	13243.160
23.474111	13204.231
23.480493	13224.907
23.486876	13259.811
23.493259	13234.278
23.499642	13269.337
23.506025	13223.708
23.512407	13249.680
23.518790	13184.350
23.525173	13229.722
23.531556	13197.432
23.537939	13205.936
23.544322	13260.107
23.550704	13215.101
23.557087	13263.879
23.563470	13140.796
23.569853	13184.477
23.576236	13184.213
23.582618	13213.373
23.589001	13169.987
23.595384	13235.347
23.601767	13237.317
23.608150	13225.761
23.614533	13281.466
23.620915	13179.860
23.627298	13129.553
23.633681	13168.047
23.640064	13234.379
23.646447	13225.296
23.652829	13226.243
23.659212	13198.057
23.665595	13213.862
23.671978	13144.087
23.678361	13238.688
23.684744	13259.305
23.691126	13196.466
23.697509	13160.517
23.703892	13164.964
23.710275	13219.680
23.716658	13206.154
23.723040	13167.910
23.729423	13101.819
23.735806	13187.754
23.742189	13199.785
23.748572	13190.648
23.754955	13109.833
23.761337	13118.644
23.767720	13239.467
23.774103	13223.412
23.780486	13202.882
23.786869	13105.298
23.793251	13072.913
23.799634	13222.043
23.806017	13263.532
23.812400	13249.606
23.818783	13241.854
23.825166	13233.375
23.831548	13253.024
23.837931	13060.941
23.844314	13110.352
23.850697	13192.134
23.857080	13177.581
23.863462	13041.484
23.869845	13054.188
23.876228	13162.372
23.882611	13175.993
23.888994	13156.140
23.895377	13196.937
23.901759	13145.988
23.908142	13149.538
23.914525	13239.210
23.920908	13228.057
23.927291	13239.762
23.933673	13154.458
23.940056	13035.906
23.946439	13168.050
23.952822	13124.447
23.959205	13008.314
23.965588	13071.291
23.971970	13134.752
23.978353	13162.747
23.984736	13064.841
23.991119	13089.452
23.997502	13074.331
24.003884	13052.458
24.010267	13072.216
24.016650	13197.521
24.023033	13129.138
24.029416	13114.581
24.035799	13137.991
24.042181	13135.567
24.048564	13086.391
24.054947	13118.613
24.061330	13071.368
24.067713	13132.975
24.074095	13075.274
24.080478	13084.399
24.086861	13153.537
24.093244	13116.816
24.099627	13183.781
24.106010	13052.840
24.112392	13131.791
24.118775	13080.892
24.125158	13027.879
24.131541	13110.426
24.137924	13086.507
24.144306	13150.432
24.150689	13042.722
24.157072	13094.365
24.163455	13031.561
24.169838	13016.721
24.176221	13069.324
24.182603	13096.612
24.188986	13090.319
24.195369	13076.804
24.201752	13063.468
24.208135	13096.975
24.214517	13042.288
24.220900	12962.955
24.227283	13015.802
24.233666	13028.517
24.240049	13000.177
24.246432	13003.232
24.252814	13021.578
24.259197	13077.730
24.265580	12996.268
24.271963	12957.819
24.278346	13089.564
24.284728	13057.536
24.291111	13085.047
24.297494	13023.189
24.303877	12922.824
24.310260	13029.660
24.316643	13052.090
24.323025	12976.721
24.329408	13028.893
24.335791	13058.888
24.342174	13029.622
24.348557	13049.011
24.354939	12985.152
24.361322	12917.850
24.367705	12979.305
24.374088	12975.953
24.380471	12928.540
24.386854	12985.632
24.393236	12990.250
24.399619	12995.602
24.406002	13004.544
24.412385	12929.921
24.418768	12868.685
24.425150	12938.527
24.431533	12897.905
24.437916	13016.422
24.444299	13013.342
24.450682	13004.122
24.457065	12968.980
24.463447	12971.470
24.469830	12936.737
24.476213	12943.289
24.482596	12874.926
24.488979	12898.586
24.495361	12966.176
24.501744	13014.935
24.508127	13035.342
24.514510	13094.510
24.520893	12909.491
24.527276	12943.794
24.533658	12916.497
24.540041	12868.227
24.546424	12963.961
24.552807	13015.367
24.559190	12956.472
24.565572	12909.391
24.571955	12929.588
24.578338	12993.136
24.584721	12928.034
24.591104	12871.142
24.597487	12885.688
24.603869	12888.010
24.610252	12801.348
24.616635	12826.840
24.623018	12890.129
24.629401	12926.173
24.635783	12919.588
24.642166	12817.829
24.648549	12866.360
24.654932	12937.048
24.661315	12953.817
24.667698	12838.353
24.674080	12817.221
24.680463	12836.537
24.686846	12744.935
24.693229	12893.191
24.699612	12897.188
24.705994	12817.432
24.712377	12908.266
24.718760	12843.860
24.725143	12808.816
24.731526	12869.090
24.737909	12928.362
24.744291	12860.133
24.750674	12823.548
24.757057	12870.877
24.763440	12810.415
24.769823	12844.650
24.776205	12860.830
24.782588	12752.333
24.788971	12729.471
24.795354	12759.780
24.801737	12826.469
24.808120	12804.465
24.814502	12830.726
24.820885	12861.399
24.827268	12798.898
24.833651	12794.897
24.840034	12846.573
24.846416	12805.630
24.852799	12812.842
24.859182	12815.226
24.865565	12774.183
24.871948	12755.898
24.878331	12744.860
24.884713	12734.646
24.891096	12770.142
24.897479	12842.593
24.903862	12865.051
24.910245	12857.378
24.916627	12683.126
24.923010	12784.784
24.929393	12733.757
24.935776	12769.488
24.942159	12777.674
24.948542	12795.695
24.954924	12806.350
24.961307	12847.925
24.967690	12848.776
24.974073	12753.874
24.980456	12756.386
24.986838	12789.924
24.993221	12788.733
24.999604	12751.662
25.005987	12711.857
25.012370	12795.560
25.018753	12894.430
25.025135	12772.839
25.031518	12718.275
25.037901	12752.079
25.044284	12707.183
25.050667	12685.309
25.057049	12819.194
25.063432	12793.393
25.069815	12752.060
25.076198	12755.954
25.082581	12842.243
25.088964	12792.779
25.095346	12737.247
25.101729	12773.730
25.108112	12736.148
25.114495	12653.334
25.120878	12657.509
25.127260	12797.583
25.133643	12758.396
25.140026	12777.826
25.146409	12751.764
25.152792	12711.667
25.159175	12769.452
25.165557	12679.991
25.171940	12711.955
25.178323	12741.994
25.184706	12732.920
25.191089	12752.831
25.197471	12700.077
25.203854	12758.083
25.210237	12759.344
25.216620	12684.918
25.223003	12721.161
25.229386	12598.762
25.235768	12703.107
25.242151	12774.598
25.248534	12796.742
25.254917	12778.057
25.261300	12717.420
25.267682	12664.365
25.274065	12647.079
25.280448	12665.467
25.286831	12701.847
25.293214	12694.193
25.299597	12719.915
25.305979	12718.666
25.312362	12645.058
25.318745	12653.422
25.325128	12673.409
25.331511	12735.648
25.337893	12790.929
25.344276	12668.516
25.350659	12633.850
25.357042	12635.894
25.363425	12656.173
25.369808	12644.405
25.376190	12649.510
25.382573	12674.261
25.388956	12702.097
25.395339	12669.169
25.401722	12617.547
25.408104	12643.989
25.414487	12713.605
25.420870	12750.665
25.427253	12662.690
25.433636	12544.364
25.440019	12703.926
25.446401	12623.036
25.452784	12581.118
25.459167	12591.911
25.465550	12718.969
25.471933	12651.493
25.478315	12721.451
25.484698	12689.382
25.491081	12634.111
25.497464	12621.837
25.503847	12607.413
25.510230	12518.565
25.516612	12604.328
25.522995	12699.312
25.529378	12583.821
25.535761	12595.820
25.542144	12587.725
25.548526	12605.627
25.554909	12683.648
25.561292	12635.284
25.567675	12616.815
25.574058	12668.611
25.580441	12600.546
25.586823	12600.356
25.593206	12602.035
25.599589	12573.152
25.605972	12576.419
25.612355	12551.298
25.618737	12613.623
25.625120	12566.538
25.631503	12554.124
25.637886	12519.598
25.644269	12623.482
25.650652	12622.226
25.657034	12649.727
25.663417	12561.120
25.669800	12545.358
25.676183	12480.617
25.682566	12594.934
25.688948	12492.482
25.695331	12613.388
25.701714	12461.192
25.708097	12632.165
25.714480	12518.997
25.720863	12521.005
25.727245	12516.085
25.733628	12507.776
25.740011	12525.162
25.746394	12515.326
25.752777	12562.209
25.759159	12645.033
25.765542	12544.570
25.771925	12554.319
25.778308	12509.527
25.784691	12384.834
25.791074	12503.433
25.797456	12542.810
25.803839	12427.295
25.810222	12438.723
25.816605	12493.357
25.822988	12474.416
25.829370	12428.421
25.835753	12502.034
25.842136	12429.320
25.848519	12444.651
25.854902	12554.104
25.861285	12559.264
25.867667	12435.784
25.874050	12518.374
25.880433	12494.185
25.886816	12465.740
25.893199	12550.164
25.899581	12481.713
25.905964	12444.891
25.912347	12426.271
25.918730	12538.046
25.925113	12447.135
25.931496	12355.026
25.937878	12460.948
25.944261	12448.243
25.950644	12451.889
25.957027	12472.324
25.963410	12440.527
25.969792	12492.905
25.976175	12460.637
25.982558	12424.948
25.988941	12481.628
25.995324	12400.220
26.001707	12445.019
26.008089	12390.495
26.014472	12469.573
26.020855	12512.962
26.027238	12477.778
26.033621	12420.405
26.040003	12257.094
26.046386	12357.747
26.052769	12485.908
26.059152	12458.251
26.065535	12370.789
26.071918	12355.960
26.078300	12415.993
26.084683	12463.285
26.091066	12498.749
26.097449	12423.030
26.103832	12456.742
26.110214	12396.090
26.116597	12399.597
26.122980	12448.606
26.129363	12361.069
26.135746	12366.573
26.142129	12366.203
26.148511	12359.372
26.154894	12337.790
26.161277	12334.532
26.167660	12426.168
26.174043	12402.527
26.180425	12432.520
26.186808	12309.430
26.193191	12454.716
26.199574	12426.567
26.205957	12411.372
26.212340	12389.101
26.218722	12487.364
26.225105	12462.736
26.231488	12381.732
26.237871	12435.571
26.244254	12446.774
26.250636	12358.807
26.257019	12357.124
26.263402	12344.421
26.269785	12326.155
26.276168	12346.344
26.282551	12338.285
26.288933	12357.366
26.295316	12350.098
26.301699	12321.789
26.308082	12247.603
26.314465	12242.463
26.320847	12296.888
26.327230	12270.903
26.333613	12379.512
26.339996	12355.051
26.346379	12298.565
26.352762	12290.115
26.359144	12293.733
26.365527	12260.044
26.371910	12270.523
26.378293	12290.148
26.384676	12311.138
26.391058	12261.700
26.397441	12293.615
26.403824	12174.839
26.410207	12267.036
26.416590	12339.400
26.422973	12348.253
26.429355	12377.555
26.435738	12406.801
26.442121	12409.034
26.448504	12242.902
26.454887	12206.955
26.461269	12218.612
26.467652	12254.617
26.474035	12255.659
26.480418	12258.859
26.486801	12285.530
26.493184	12237.640
26.499566	12148.895
26.505949	12233.301
26.512332	12332.844
26.518715	12341.194
26.525098	12218.354
26.531480	12198.671
26.537863	12213.597
26.544246	12174.021
26.550629	12197.655
26.557012	12272.370
26.563395	12180.452
26.569777	12150.287
26.576160	12189.239
26.582543	12228.099
26.588926	12165.611
26.595309	12228.951
26.601692	12127.845
26.608074	12120.632
26.614457	12194.378
26.620840	12231.382
26.627223	12219.830
26.633606	12275.646
26.639988	12229.721
26.646371	12186.751
26.652754	12244.453
26.659137	12244.226
26.665520	12144.613
26.671903	12156.563
26.678285	12245.419
26.684668	12194.162
26.691051	12167.690
26.697434	12044.978
26.703817	12149.628
26.710199	12180.160
26.716582	12080.104
26.722965	12050.510
26.729348	12136.743
26.735731	12202.027
26.742114	12131.451
26.748496	12160.189
26.754879	12149.634
26.761262	11964.108
26.767645	12218.301
26.774028	12235.933
26.780410	12081.281
26.786793	12112.053
26.793176	12084.480
26.799559	12063.929
26.805942	12102.570
26.812325	12158.491
26.818707	12078.984
26.825090	12044.823
26.831473	12158.099
26.837856	12138.953
26.844239	11969.298
26.850621	12047.444
26.857004	12103.095
26.863387	12074.991
26.869770	12106.941
26.876153	12122.946
26.882536	12149.142
26.888918	12138.898
26.895301	12090.321
26.901684	11994.309
26.908067	12138.040
26.914450	11980.191
26.920832	12059.496
26.927215	12090.936
26.933598	12123.041
26.939981	12126.424
26.946364	12098.180
26.952747	12147.775
26.959129	12203.734
26.965512	12111.094
26.971895	12206.771
26.978278	11981.442
26.984661	12087.084
26.991043	12118.538
26.997426	12033.371
27.003809	12161.813
27.010192	12032.540
27.016575	12041.404
27.022958	12143.006
27.029340	12126.040
27.035723	12060.272
27.042106	11991.789
27.048489	11995.908
27.054872	12117.770
27.061254	12102.107
27.067637	12106.626
27.074020	12048.319
27.080403	11970.681
27.086786	11797.044
27.093169	11816.471
27.099551	12019.927
27.105934	12035.531
27.112317	12013.568
27.118700	12049.741
27.125083	12036.340
27.131465	11986.817
27.137848	11888.222
27.144231	12038.597
27.150614	12080.022
27.156997	12021.996
27.163380	12067.701
27.169762	12042.144
27.176145	11981.058
27.182528	12102.009
27.188911	11960.302
27.195294	11946.289
27.201676	11924.676
27.208059	11966.059
27.214442	11842.735
27.220825	11945.314
27.227208	11939.806
27.233591	11855.259
27.239973	11936.649
27.246356	11980.445
27.252739	11802.011
27.259122	11850.541
27.265505	12019.416
27.271887	11951.855
27.278270	11977.425
27.284653	11860.882
27.291036	11972.158
27.297419	12037.361
27.303802	11913.867
27.310184	11985.158
27.316567	11938.554
27.322950	11917.522
27.329333	12008.089
27.335716	11917.377
27.342098	11862.457
27.348481	11944.070
27.354864	12003.908
27.361247	11894.663
27.367630	11910.757
27.374013	11875.092
27.380395	11920.472
27.386778	11852.318
27.393161	11845.230
27.399544	11767.617
27.405927	11853.113
27.412309	11750.482
27.418692	11845.973
27.425075	11703.461
27.431458	11786.191
27.437841	11864.777
27.444224	11982.257
27.450606	11772.015
27.456989	11818.071
27.463372	11719.450
27.469755	11810.626
27.476138	11925.909
27.482520	11816.490
27.488903	11842.010
27.495286	11770.029
27.501669	11819.254
27.508052	11681.656
27.514435	11681.034
27.520817	11955.766
27.527200	11820.789
27.533583	11805.339
27.539966	11846.473
27.546349	11742.707
27.552731	11821.092
27.559114	11716.098
27.565497	11580.516
27.571880	11833.147
27.578263	11874.349
27.584646	11821.954
27.591028	11857.595
27.597411	11773.041
27.603794	11860.064
27.610177	11880.262
27.616560	11734.219
27.622942	11891.466
27.629325	11703.346
27.635708	11727.255
27.642091	11664.935
27.648474	11708.338
27.654857	11676.620
27.661239	11824.999
27.667622	11693.700
27.674005	11784.522
27.680388	11727.543
27.686771	11769.498
27.693153	11700.921
27.699536	11768.904
27.705919	11648.056
27.712302	11718.710
27.718685	11631.599
27.725068	11667.248
27.731450	11674.837
27.737833	11631.825
27.744216	11488.740
27.750599	11601.425
27.756982	0.0000000
27.763364	0.0000000
27.769747	0.0000000
27.776130	0.0000000
27.782513	0.0000000
27.788896	0.0000000
27.795279	0.0000000
27.801661	0.0000000
27.808044	0.0000000
27.814427	0.0000000
27.820810	0.0000000
27.827193	0.0000000
27.833575	0.0000000
27.839958	0.0000000
27.846341	0.0000000
27.852724	0.0000000
27.859107	0.0000000
27.865490	0.0000000
27.871872	0.0000000
27.878255	0.0000000
27.884638	0.0000000
27.891021	0.0000000
27.897404	0.0000000
27.903786	0.0000000
27.910169	0.0000000
27.916552	0.0000000
27.922935	0.0000000
27.929318	0.0000000
27.935701	0.0000000
27.942083	0.0000000
27.948466	0.0000000
27.954849	0.0000000
27.961232	0.0000000
27.967615	0.0000000
27.973997	0.0000000
27.980380	0.0000000
27.986763	0.0000000
27.993146	0.0000000
27.999529	0.0000000
28.005912	0.0000000
28.012294	0.0000000
28.018677	0.0000000
28.025060	0.0000000
28.031443	0.0000000
28.037826	0.0000000
28.044208	0.0000000
28.050591	0.0000000
28.056974	0.0000000
28.063357	0.0000000
28.069740	0.0000000
28.076123	0.0000000
28.082505	0.0000000
28.088888	0.0000000
28.095271	0.0000000
28.101654	0.0000000
28.108037	0.0000000
28.114419	0.0000000
28.120802	0.0000000
28.127185	0.0000000
28.133568	0.0000000
28.139951	0.0000000
28.146334	0.0000000
28.152716	0.0000000
28.159099	0.0000000
28.165482	0.0000000
28.171865	0.0000000
28.178248	0.0000000
28.184630	0.0000000
28.191013	0.0000000
28.197396	0.0000000
28.203779	0.0000000
28.210162	0.0000000
28.216545	0.0000000
28.222927	0.0000000
28.229310	0.0000000
28.235693	0.0000000
28.242076	0.0000000
28.248459	0.0000000
28.254841	0.0000000
28.261224	0.0000000
28.267607	0.0000000
28.273990	0.0000000
28.280373	0.0000000
28.286756	0.0000000
28.293138	0.0000000
28.299521	0.0000000
28.305904	0.0000000
28.312287	0.0000000
28.318670	0.0000000
28.325052	0.0000000
28.331435	0.0000000
28.337818	0.0000000
28.344201	0.0000000
28.350584	0.0000000
28.356967	0.0000000
28.363349	0.0000000
28.369732	0.0000000
28.376115	0.0000000
28.382498	0.0000000
28.388881	0.0000000
28.395263	0.0000000
28.401646	0.0000000
28.408029	0.0000000
28.414412	0.0000000
28.420795	0.0000000
28.427178	0.0000000
28.433560	0.0000000
28.439943	0.0000000
28.446326	0.0000000
28.452709	0.0000000
28.459092	0.0000000
28.465474	0.0000000
28.471857	0.0000000
28.478240	0.0000000
28.484623	0.0000000
28.491006	0.0000000
28.497389	0.0000000
28.503771	0.0000000
28.510154	0.0000000
28.516537	0.0000000
28.522920	0.0000000
28.529303	0.0000000
28.535685	0.0000000
28.542068	0.0000000
28.548451	0.0000000
28.554834	0.0000000
28.561217	0.0000000
28.567600	0.0000000
28.573982	0.0000000
28.580365	0.0000000
28.586748	0.0000000
28.593131	0.0000000
28.599514	0.0000000
28.605896	0.0000000
28.612279	0.0000000
28.618662	0.0000000
28.625045	0.0000000
28.631428	0.0000000
28.637811	0.0000000
28.644193	0.0000000
28.650576	0.0000000
28.656959	0.0000000
28.663342	0.0000000
28.669725	0.0000000
28.676107	0.0000000
28.682490	0.0000000
28.688873	0.0000000
28.695256	0.0000000
28.701639	0.0000000
28.708022	0.0000000
28.714404	0.0000000
28.720787	0.0000000
28.727170	0.0000000
28.733553	0.0000000
28.739936	0.0000000
28.746318	0.0000000
28.752701	0.0000000
28.759084	0.0000000
28.765467	0.0000000
28.771850	0.0000000
28.778233	0.0000000
28.784615	0.0000000
28.790998	0.0000000
28.797381	0.0000000
28.803764	0.0000000
28.810147	0.0000000
28.816529	0.0000000
28.822912	0.0000000
28.829295	0.0000000
28.835678	0.0000000
28.842061	0.0000000
28.848444	0.0000000
28.854826	0.0000000
28.861209	0.0000000
28.867592	0.0000000
28.873975	0.0000000
28.880358	0.0000000
28.886740	0.0000000
28.893123	0.0000000
28.899506	0.0000000
28.905889	0.0000000
28.912272	0.0000000
28.918655	0.0000000
28.925037	0.0000000
28.931420	0.0000000
28.937803	0.0000000
28.944186	0.0000000
28.950569	0.0000000
28.956951	0.0000000
28.963334	0.0000000
28.969717	0.0000000
28.976100	0.0000000
28.982483	0.0000000
28.988866	0.0000000
28.995248	0.0000000
29.001631	0.0000000
29.008014	0.0000000
29.014397	0.0000000
29.020780	0.0000000
29.027162	0.0000000
29.033545	0.0000000
29.039928	0.0000000
29.046311	0.0000000
29.052694	0.0000000
29.059077	0.0000000
29.065459	0.0000000
29.071842	0.0000000
29.078225	0.0000000
29.084608	0.0000000
29.090991	0.0000000
29.097373	0.0000000
29.103756	0.0000000
29.110139	0.0000000
29.116522	0.0000000
29.122905	0.0000000
29.129288	0.0000000
29.135670	0.0000000
29.142053	0.0000000
29.148436	0.0000000
29.154819	0.0000000
29.161202	0.0000000
29.167584	0.0000000
29.173967	0.0000000
29.180350	0.0000000
29.186733	0.0000000
29.193116	0.0000000
29.199499	0.0000000
29.205881	0.0000000
29.212264	0.0000000
29.218647	0.0000000
29.225030	0.0000000
29.231413	0.0000000
29.237795	0.0000000
29.244178	0.0000000
29.250561	0.0000000
29.256944	0.0000000
29.263327	0.0000000
29.269710	0.0000000
29.276092	0.0000000
29.282475	0.0000000
29.288858	0.0000000
29.295241	0.0000000
29.301624	0.0000000
29.308006	0.0000000
29.314389	0.0000000
29.320772	0.0000000
29.327155	0.0000000
29.333538	0.0000000
29.339921	0.0000000
29.346303	0.0000000
29.352686	0.0000000
29.359069	0.0000000
29.365452	0.0000000
29.371835	0.0000000
29.378217	0.0000000
29.384600	0.0000000
29.390983	0.0000000
29.397366	0.0000000
29.403749	0.0000000
29.410132	0.0000000
29.416514	0.0000000
29.422897	0.0000000
29.429280	0.0000000
29.435663	0.0000000
29.442046	0.0000000
29.448428	0.0000000
29.454811	0.0000000
29.461194	0.0000000
29.467577	0.0000000
29.473960	0.0000000
29.480343	0.0000000
29.486725	0.0000000
29.493108	0.0000000
29.499491	0.0000000
29.505874	0.0000000
29.512257	0.0000000
29.518639	0.0000000
29.525022	0.0000000
29.531405	0.0000000
29.537788	0.0000000
29.544171	0.0000000
29.550554	0.0000000
29.556936	0.0000000
29.563319	0.0000000
29.569702	0.0000000
29.576085	0.0000000
29.582468	0.0000000
29.588850	0.0000000
29.595233	0.0000000
29.601616	0.0000000
29.607999	0.0000000
29.614382	0.0000000
29.620765	0.0000000
29.627147	0.0000000
29.633530	0.0000000
29.639913	0.0000000
29.646296	0.0000000
29.652679	0.0000000
29.659061	0.0000000
29.665444	0.0000000
29.671827	0.0000000
29.678210	0.0000000
29.684593	0.0000000
29.690976	0.0000000
29.697358	0.0000000
29.703741	0.0000000
29.710124	0.0000000
29.716507	0.0000000
29.722890	0.0000000
29.729272	0.0000000
29.735655	0.0000000
29.742038	0.0000000
29.748421	0.0000000
29.754804	0.0000000
29.761187	0.0000000
29.767569	0.0000000
29.773952	0.0000000
29.780335	0.0000000
29.786718	0.0000000
29.793101	0.0000000
29.799484	0.0000000
29.805866	0.0000000
29.812249	0.0000000
29.818632	0.0000000
29.825015	0.0000000
29.831398	0.0000000
29.837780	0.0000000
29.844163	0.0000000
29.850546	0.0000000
29.856929	0.0000000
29.863312	0.0000000
29.869695	0.0000000
29.876077	0.0000000
29.882460	0.0000000
29.888843	0.0000000
29.895226	0.0000000
29.901609	0.0000000
29.907991	0.0000000
29.914374	0.0000000
29.920757	0.0000000
29.927140	0.0000000
29.933523	0.0000000
29.939906	0.0000000
29.946288	0.0000000
29.952671	0.0000000
29.959054	0.0000000
29.965437	0.0000000
29.971820	0.0000000
29.978202	0.0000000
29.984585	0.0000000
29.990968	0.0000000
29.997351	0.0000000
30.003734	0.0000000
30.010117	0.0000000
30.016499	0.0000000
30.022882	0.0000000
30.029265	0.0000000
30.035648	0.0000000
30.042031	0.0000000
30.048413	0.0000000
30.054796	0.0000000
30.061179	0.0000000
30.067562	0.0000000
30.073945	0.0000000
30.080328	0.0000000
30.086710	0.0000000
30.093093	0.0000000
30.099476	0.0000000
30.105859	0.0000000
30.112242	0.0000000
30.118624	0.0000000
30.125007	0.0000000
30.131390	0.0000000
30.137773	0.0000000
30.144156	0.0000000
30.150539	0.0000000
30.156921	0.0000000
30.163304	0.0000000
30.169687	0.0000000
30.176070	0.0000000
30.182453	0.0000000
30.188835	0.0000000
30.195218	0.0000000
30.201601	0.0000000
30.207984	0.0000000
30.214367	0.0000000
30.220750	0.0000000
30.227132	0.0000000
30.233515	0.0000000
30.239898	0.0000000
30.246281	0.0000000
30.252664	0.0000000
30.259046	0.0000000
30.265429	0.0000000
30.271812	0.0000000
30.278195	0.0000000
30.284578	0.0000000
30.290961	0.0000000
30.297343	0.0000000
30.303726	0.0000000
30.310109	0.0000000
30.316492	0.0000000
30.322875	0.0000000
30.329257	0.0000000
30.335640	0.0000000
30.342023	0.0000000
30.348406	0.0000000
30.354789	0.0000000
30.361172	0.0000000
30.367554	0.0000000
30.373937	0.0000000
30.380320	0.0000000
30.386703	0.0000000
30.393086	0.0000000
30.399468	0.0000000
30.405851	0.0000000
30.412234	0.0000000
30.418617	0.0000000
30.425000	0.0000000
30.431383	0.0000000
30.437765	0.0000000
30.444148	0.0000000
30.450531	0.0000000
30.456914	0.0000000
30.463297	0.0000000
30.469679	0.0000000
30.476062	0.0000000
30.482445	0.0000000
30.488828	0.0000000
30.495211	0.0000000
30.501594	0.0000000
30.507976	0.0000000
30.514359	0.0000000
30.520742	0.0000000
30.527125	0.0000000
30.533508	0.0000000
30.539890	0.0000000
30.546273	0.0000000
30.552656	0.0000000
30.559039	0.0000000
30.565422	0.0000000
30.571805	0.0000000
30.578187	0.0000000
30.584570	0.0000000
30.590953	0.0000000
30.597336	0.0000000
30.603719	0.0000000
30.610101	0.0000000
30.616484	0.0000000
30.622867	0.0000000
30.629250	0.0000000
30.635633	0.0000000
30.642016	0.0000000
30.648398	0.0000000
30.654781	0.0000000
30.661164	0.0000000
30.667547	0.0000000
30.673930	0.0000000
30.680312	0.0000000
30.686695	0.0000000
30.693078	0.0000000
30.699461	0.0000000
30.705844	0.0000000
30.712227	0.0000000
30.718609	0.0000000
30.724992	0.0000000
30.731375	0.0000000
30.737758	0.0000000
30.744141	0.0000000
30.750523	0.0000000
30.756906	0.0000000
30.763289	0.0000000
30.769672	0.0000000
30.776055	0.0000000
30.782438	0.0000000
30.788820	0.0000000
30.795203	0.0000000
30.801586	0.0000000
30.807969	0.0000000
30.814352	0.0000000
30.820734	0.0000000
30.827117	0.0000000
30.833500	0.0000000
30.839883	0.0000000
30.846266	0.0000000
30.852649	0.0000000
30.859031	0.0000000
30.865414	0.0000000
30.871797	0.0000000
30.878180	0.0000000
30.884563	0.0000000
30.890945	0.0000000
30.897328	0.0000000
30.903711	0.0000000
30.910094	0.0000000
30.916477	0.0000000
30.922860	0.0000000
30.929242	0.0000000
30.935625	0.0000000
30.942008	0.0000000
30.948391	0.0000000
30.954774	0.0000000
30.961156	0.0000000
30.967539	0.0000000
30.973922	0.0000000
30.980305	0.0000000
30.986688	0.0000000
30.993071	0.0000000
30.999453	0.0000000
31.005836	0.0000000
31.012219	0.0000000
31.018602	0.0000000
31.024985	0.0000000
31.031367	0.0000000
31.037750	0.0000000
31.044133	0.0000000
31.050516	0.0000000
31.056899	0.0000000
31.063282	0.0000000
31.069664	0.0000000
31.076047	0.0000000
31.082430	0.0000000
31.088813	0.0000000
31.095196	0.0000000
31.101578	0.0000000
31.107961	0.0000000
31.114344	0.0000000
31.120727	0.0000000
31.127110	0.0000000
31.133493	0.0000000
31.139875	0.0000000
31.146258	0.0000000
31.152641	0.0000000
31.159024	0.0000000
31.165407	0.0000000
31.171789	0.0000000
31.178172	0.0000000
31.184555	0.0000000
31.190938	0.0000000
31.197321	0.0000000
31.203704	0.0000000
31.210086	0.0000000
31.216469	0.0000000
31.222852	0.0000000
31.229235	0.0000000
31.235618	0.0000000
31.242000	0.0000000
31.248383	0.0000000
31.254766	0.0000000
31.261149	0.0000000
31.267532	0.0000000
31.273915	0.0000000
31.280297	0.0000000
31.286680	0.0000000
31.293063	0.0000000
31.299446	0.0000000
31.305829	0.0000000
31.312211	0.0000000
31.318594	0.0000000
31.324977	0.0000000
31.331360	0.0000000
31.337743	0.0000000
31.344126	0.0000000
31.350508	0.0000000
31.356891	0.0000000
31.363274	0.0000000
31.369657	0.0000000
31.376040	0.0000000
31.382422	0.0000000
31.388805	0.0000000
31.395188	0.0000000
31.401571	0.0000000
31.407954	0.0000000
31.414337	0.0000000
31.420719	0.0000000
31.427102	0.0000000
31.433485	0.0000000
31.439868	0.0000000
31.446251	0.0000000
31.452633	0.0000000
31.459016	0.0000000
31.465399	0.0000000
31.471782	0.0000000
31.478165	0.0000000
31.484548	0.0000000
31.490930	0.0000000
31.497313	0.0000000
31.503696	0.0000000
31.510079	0.0000000
31.516462	0.0000000
31.522844	0.0000000
31.529227	0.0000000
31.535610	0.0000000
31.541993	0.0000000
31.548376	0.0000000
31.554759	0.0000000
31.561141	0.0000000
31.567524	0.0000000
31.573907	0.0000000
31.580290	0.0000000
31.586673	0.0000000
31.593055	0.0000000
31.599438	0.0000000
31.605821	0.0000000
31.612204	0.0000000
31.618587	0.0000000
31.624970	0.0000000
31.631352	0.0000000
31.637735	0.0000000
31.644118	0.0000000
31.650501	0.0000000
31.656884	0.0000000
31.663266	0.0000000
31.669649	0.0000000
31.676032	0.0000000
31.682415	0.0000000
31.688798	0.0000000
31.695181	0.0000000
31.701563	0.0000000
31.707946	0.0000000
31.714329	0.0000000
31.720712	0.0000000
31.727095	0.0000000
31.733477	0.0000000
31.739860	0.0000000
31.746243	0.0000000
31.752626	0.0000000
31.759009	0.0000000
31.765392	0.0000000
31.771774	0.0000000
31.778157	0.0000000
31.784540	0.0000000
31.790923	0.0000000
31.797306	0.0000000
31.803688	0.0000000
31.810071	0.0000000
31.816454	0.0000000
31.822837	0.0000000
31.829220	0.0000000
31.835603	0.0000000
31.841985	0.0000000
31.848368	0.0000000
31.854751	0.0000000
31.861134	0.0000000
31.867517	0.0000000
31.873899	0.0000000
31.880282	0.0000000
31.886665	0.0000000
31.893048	0.0000000
31.899431	0.0000000
31.905814	0.0000000
31.912196	0.0000000
31.918579	0.0000000
