0.010870201	0.0000000
0.017253020	0.0000000
0.023635838	0.0000000
0.030018656	0.0000000
0.036401475	0.0000000
0.042784293	0.0000000
0.049167111	0.0000000
0.055549930	0.0000000
0.061932748	0.0000000
0.068315566	0.0000000
0.074698385	0.0000000
0.081081203	0.0000000
0.087464022	0.0000000
0.093846840	0.0000000
0.10022966	0.0000000
0.10661248	0.0000000
0.11299529	0.0000000
0.11937811	0.0000000
0.12576093	0.0000000
0.13214375	0.0000000
0.13852657	0.0000000
0.14490939	0.0000000
0.15129221	0.0000000
0.15767502	0.0000000
0.16405784	0.0000000
0.17044066	0.0000000
0.17682348	0.0000000
0.18320630	0.0000000
0.18958912	0.0000000
0.19597193	0.0000000
0.20235475	15699.965
0.20873757	15728.224
0.21512039	14386.233
0.22150321	12072.218
0.22788603	11016.168
0.23426884	9318.4292
0.24065166	7749.5754
0.24703448	6512.0559
0.25341730	5494.0337
0.25980012	4636.5009
0.26618294	3850.8058
0.27256575	3236.1377
0.27894857	2606.6780
0.28533139	2244.8141
0.29171421	1861.9934
0.29809703	1456.6406
0.30447985	1120.3034
0.31086266	680.76452
0.31724548	604.60951
0.32362830	309.78771
0.33001112	-151.84148
0.33639394	-437.50963
0.34277676	-723.90417
0.34915957	-716.90772
0.35554239	-945.39233
0.36192521	-764.53156
0.36830803	-891.17220
0.37469085	-905.65770
0.38107367	-761.00545
0.38745648	-538.81372
0.39383930	-234.82245
0.40022212	-248.09961
0.40660494	-229.37890
0.41298776	-411.08626
0.41937058	-520.67908
0.42575339	-696.47181
0.43213621	-777.08215
0.43851903	-752.97217
0.44490185	-892.77097
0.45128467	-998.65970
0.45766749	-1133.8646
0.46405030	-1160.9561
0.47043312	-1200.7185
0.47681594	-1205.3161
0.48319876	-1157.2270
0.48958158	-1103.3010
0.49596440	-1022.7723
0.50234722	-1095.0409
0.50873003	-1102.9095
0.51511285	-1132.7131
0.52149567	-1059.0574
0.52787849	-998.74734
0.53426131	-911.19723
0.54064413	-851.94811
0.54702694	-786.18634
0.55340976	-781.90268
0.55979258	-804.15980
0.56617540	-769.06272
0.57255822	-691.92634
0.57894104	-619.39557
0.58532385	-611.64951
0.59170667	-560.35138
0.59808949	-566.49249
0.60447231	-539.19596
0.61085513	-518.24777
0.61723795	-359.81001
0.62362076	-276.89382
0.63000358	-178.31881
0.63638640	-134.11159
0.64276922	-29.820548
0.64915204	18.981469
0.65553486	55.269053
0.66191767	131.59542
0.66830049	245.77234
0.67468331	365.55704
0.68106613	335.01781
0.68744895	358.15808
0.69383177	462.84101
0.70021458	580.93935
0.70659740	752.88968
0.71298022	849.81440
0.71936304	916.75586
0.72574586	985.36063
0.73212868	999.52001
0.73851149	1093.2924
0.74489431	1145.4340
0.75127713	1252.6989
0.75765995	1311.4562
0.76404277	1334.3286
0.77042559	1464.4037
0.77680840	1561.6349
0.78319122	1673.3744
0.78957404	1717.4504
0.79595686	1785.8667
0.80233968	1845.6877
0.80872250	1942.3060
0.81510531	2067.7571
0.82148813	2114.9999
0.82787095	2135.7816
0.83425377	2175.1685
0.84063659	2298.2184
0.84701941	2449.9609
0.85340223	2502.6638
0.85978504	2526.2755
0.86616786	2546.0520
0.87255068	2660.3251
0.87893350	2821.6867
0.88531632	2938.8497
0.89169914	3041.3220
0.89808195	3128.2446
0.90446477	3163.6850
0.91084759	3271.4377
0.91723041	3406.1560
0.92361323	3542.6286
0.92999605	3596.8588
0.93637886	3718.9498
0.94276168	3772.4558
0.94914450	3800.2647
0.95552732	3820.2917
0.96191014	3844.9441
0.96829296	4028.4766
0.97467577	4131.9912
0.98105859	4202.0854
0.98744141	4185.8676
0.99382423	4179.6917
1.0002070	4215.0310
1.0065899	4341.2917
1.0129727	4526.5920
1.0193555	4656.3382
1.0257383	4714.7021
1.0321211	4779.8639
1.0385040	4867.6663
1.0448868	5028.3468
1.0512696	5164.8116
1.0576524	5309.8476
1.0640352	5378.3072
1.0704180	5508.8629
1.0768009	5613.5457
1.0831837	5800.1915
1.0895665	5954.7487
1.0959493	6071.2947
1.1023321	6247.1215
1.1087150	6446.8392
1.1150978	6739.2732
1.1214806	7077.8581
1.1278634	7586.4416
1.1342462	8336.7355
1.1406291	9341.2521
1.1470119	11136.633
1.1533947	13807.146
1.1597775	18558.512
1.1661603	26333.898
1.1725431	37904.877
1.1789260	56211.965
1.1853088	75218.744
1.1916916	99127.193
1.1980744	119761.81
1.2044572	138108.75
1.2108401	153826.40
1.2172229	164568.07
1.2236057	172993.27
1.2299885	175393.14
1.2363713	171558.53
1.2427541	160998.74
1.2491370	144722.47
1.2555198	123218.34
1.2619026	102300.33
1.2682854	79603.625
1.2746682	60918.817
1.2810511	45337.375
1.2874339	33511.453
1.2938167	25424.381
1.3001995	20486.083
1.3065823	18012.186
1.3129651	17106.741
1.3193480	17403.731
1.3257308	18973.802
1.3321136	21832.819
1.3384964	27021.146
1.3448792	36178.103
1.3512621	50606.048
1.3576449	78060.901
1.3640277	116163.86
1.3704105	174114.92
1.3767933	243034.95
1.3831761	314792.79
1.3895590	387973.50
1.3959418	445249.70
1.4023246	496972.32
1.4087074	532656.35
1.4150902	557565.72
1.4214731	566164.08
1.4278559	554592.38
1.4342387	514927.72
1.4406215	463340.18
1.4470043	391023.61
1.4533872	316775.97
1.4597700	247040.57
1.4661528	179583.93
1.4725356	130812.93
1.4789184	88804.400
1.4853012	63439.032
1.4916841	45948.489
1.4980669	37263.183
1.5044497	34274.082
1.5108325	36034.301
1.5172153	42372.305
1.5235982	56893.512
1.5299810	80484.640
1.5363638	115725.36
1.5427466	163863.47
1.5491294	213712.34
1.5555122	268490.36
1.5618951	313577.70
1.5682779	352631.78
1.5746607	383298.43
1.5810435	404289.03
1.5874263	416445.75
1.5938092	413385.20
1.6001920	393147.05
1.6065748	358991.58
1.6129576	311330.02
1.6193404	257937.69
1.6257232	205666.77
1.6321061	155865.90
1.6384889	116325.08
1.6448717	84464.783
1.6512545	63857.887
1.6576373	51170.876
1.6640202	47184.005
1.6704030	50392.437
1.6767858	62451.250
1.6831686	82224.382
1.6895514	116353.72
1.6959342	155018.83
1.7023171	201160.43
1.7086999	245395.56
1.7150827	282905.61
1.7214655	316136.37
1.7278483	338965.26
1.7342312	356803.17
1.7406140	364060.06
1.7469968	359189.12
1.7533796	339164.82
1.7597624	309376.75
1.7661453	263809.99
1.7725281	220226.86
1.7789109	173304.76
1.7852937	131687.96
1.7916765	98035.475
1.7980593	69727.305
1.8044422	51702.188
1.8108250	38320.622
1.8172078	31110.600
1.8235906	26639.188
1.8299734	24163.536
1.8363563	22718.751
1.8427391	21895.395
1.8491219	21518.201
1.8555047	21266.228
1.8618875	21100.976
1.8682703	20984.703
1.8746532	20918.352
1.8810360	20954.382
1.8874188	21082.639
1.8938016	21375.607
1.9001844	21926.218
1.9065673	22801.113
1.9129501	24265.317
1.9193329	26505.096
1.9257157	29910.941
1.9320985	35307.760
1.9384813	42319.057
1.9448642	53154.357
1.9512470	67323.522
1.9576298	87281.816
1.9640126	112613.65
1.9703954	139042.74
1.9767783	168143.41
1.9831611	191277.41
1.9895439	211386.62
1.9959267	225081.52
2.0023095	234040.56
2.0086923	237373.05
2.0150752	234287.45
2.0214580	221814.83
2.0278408	203608.20
2.0342236	178497.70
2.0406064	149730.92
2.0469893	122925.64
2.0533721	94976.312
2.0597549	74178.797
2.0661377	55860.930
2.0725205	43444.157
2.0789034	34587.796
2.0852862	29213.329
2.0916690	26333.586
2.0980518	24532.347
2.1044346	23647.572
2.1108174	23104.019
2.1172003	22917.194
2.1235831	22859.783
2.1299659	22992.932
2.1363487	23338.584
2.1427315	24127.855
2.1491144	25321.091
2.1554972	27056.861
2.1618800	29210.690
2.1682628	31468.743
2.1746456	33757.851
2.1810284	35700.798
2.1874113	37426.252
2.1937941	38687.099
2.2001769	39503.620
2.2065597	39674.107
2.2129425	39102.633
2.2193254	37627.633
2.2257082	35582.722
2.2320910	32807.397
2.2384738	30171.424
2.2448566	27610.965
2.2512394	25530.442
2.2576223	24034.049
2.2640051	23279.404
2.2703879	23509.690
2.2767707	25254.183
2.2831535	28656.954
2.2895364	35231.454
2.2959192	46845.898
2.3023020	63995.639
2.3086848	91956.214
2.3150676	122578.39
2.3214504	159802.27
2.3278333	194512.98
2.3342161	225022.17
2.3405989	252120.69
2.3469817	271183.36
2.3533645	286785.98
2.3597474	293395.98
2.3661302	290420.22
2.3725130	276214.90
2.3788958	253055.60
2.3852786	220076.95
2.3916615	187473.44
2.3980443	152869.36
2.4044271	124632.87
2.4108099	103442.79
2.4171927	89973.425
2.4235755	83544.830
2.4299584	82879.749
2.4363412	85179.773
2.4427240	88734.618
2.4491068	92221.523
2.4554896	95100.401
2.4618725	96944.832
2.4682553	96707.154
2.4746381	93662.553
2.4810209	88235.203
2.4874037	80172.503
2.4937865	71942.749
2.5001694	64192.763
2.5065522	58646.502
2.5129350	56452.903
2.5193178	58130.586
2.5257006	62128.853
2.5320835	68345.821
2.5384663	74522.661
2.5448491	80311.157
2.5512319	85250.617
2.5576147	88733.228
2.5639975	90826.878
2.5703804	90398.775
2.5767632	86907.531
2.5831460	80769.752
2.5895288	72950.555
2.5959116	63308.191
2.6022945	55017.833
2.6086773	46967.780
2.6150601	41302.662
2.6214429	37498.219
2.6278257	35580.436
2.6342085	34902.063
2.6405914	35173.480
2.6469742	35828.122
2.6533570	36641.970
2.6597398	37179.836
2.6661226	37208.238
2.6725055	36617.429
2.6788883	35333.974
2.6852711	33337.049
2.6916539	31087.009
2.6980367	28532.875
2.7044196	26204.119
2.7108024	24013.710
2.7171852	22225.359
2.7235680	20780.617
2.7299508	19740.140
2.7363336	19094.642
2.7427165	18682.373
2.7490993	18421.278
2.7554821	18272.940
2.7618649	18166.230
2.7682477	18147.663
2.7746306	18291.387
2.7810134	18519.385
2.7873962	19028.570
2.7937790	19620.827
2.8001618	20299.423
2.8065446	21035.570
2.8129275	21720.048
2.8193103	22488.634
2.8256931	23129.359
2.8320759	23775.084
2.8384587	24333.242
2.8448416	24771.364
2.8512244	25218.187
2.8576072	25737.579
2.8639900	26639.834
2.8703728	28240.231
2.8767556	31125.105
2.8831385	35430.788
2.8895213	40967.906
2.8959041	47434.904
2.9022869	53594.841
2.9086697	59440.229
2.9150526	64144.051
2.9214354	67859.275
2.9278182	70571.674
2.9342010	71921.693
2.9405838	71588.014
2.9469666	69467.493
2.9533495	65264.601
2.9597323	60570.337
2.9661151	55355.024
2.9724979	50801.110
2.9788807	47253.484
2.9852636	44667.789
2.9916464	43127.028
2.9980292	42313.200
3.0044120	42197.080
3.0107948	42481.181
3.0171777	42966.659
3.0235605	43320.161
3.0299433	43472.689
3.0363261	43611.171
3.0427089	44331.796
3.0490917	45979.802
3.0554746	49033.803
3.0618574	53287.416
3.0682402	57843.096
3.0746230	62795.149
3.0810058	67066.978
3.0873887	71290.440
3.0937715	74981.747
3.1001543	78029.878
3.1065371	80546.966
3.1129199	82505.591
3.1193027	85045.363
3.1256856	89414.101
3.1320684	97516.843
3.1384512	108378.07
3.1448340	122021.62
3.1512168	136205.33
3.1575997	149175.36
3.1639825	160693.40
3.1703653	169579.49
3.1767481	176538.67
3.1831309	179958.40
3.1895137	178676.90
3.1958966	172389.95
3.2022794	162372.63
3.2086622	148721.04
3.2150450	136233.54
3.2214278	123580.50
3.2278107	113665.40
3.2341935	105661.75
3.2405763	100001.89
3.2469591	96424.839
3.2533419	94554.112
3.2597247	93400.563
3.2661076	91650.614
3.2724904	88520.035
3.2788732	83769.893
3.2852560	77261.094
3.2916388	70688.976
3.2980217	63509.536
3.3044045	57457.837
3.3107873	52237.875
3.3171701	48252.337
3.3235529	45536.159
3.3299357	43953.866
3.3363186	43210.678
3.3427014	43020.490
3.3490842	42929.766
3.3554670	42642.187
3.3618498	42088.029
3.3682327	41344.994
3.3746155	40537.778
3.3809983	39875.073
3.3873811	39535.478
3.3937639	39610.772
3.4001468	40415.167
3.4065296	41919.810
3.4129124	44630.233
3.4192952	49257.682
3.4256780	56249.963
3.4320608	68108.098
3.4384437	82571.048
3.4448265	101363.55
3.4512093	120931.58
3.4575921	139192.48
3.4639749	155770.02
3.4703578	167899.09
3.4767406	177728.58
3.4831234	183216.72
3.4895062	184375.13
3.4958890	180011.45
3.5022718	170112.11
3.5086547	154356.48
3.5150375	136655.25
3.5214203	116522.37
3.5278031	97992.038
3.5341859	81203.601
3.5405688	67359.851
3.5469516	56490.561
3.5533344	48895.792
3.5597172	43931.483
3.5661000	40557.911
3.5724828	38413.790
3.5788657	36776.230
3.5852485	35620.791
3.5916313	34766.515
3.5980141	34219.209
3.6043969	34133.399
3.6107798	34746.546
3.6171626	36207.210
3.6235454	39404.116
3.6299282	45031.073
3.6363110	54275.948
3.6426938	69727.017
3.6490767	89419.650
3.6554595	116760.67
3.6618423	144322.61
3.6682251	172436.11
3.6746079	197889.37
3.6809908	218079.49
3.6873736	234863.05
3.6937564	245658.62
3.7001392	250567.44
3.7065220	247167.49
3.7129049	234562.33
3.7192877	214315.50
3.7256705	188669.07
3.7320533	159346.12
3.7384361	132011.49
3.7448189	105905.14
3.7512018	85580.270
3.7575846	69226.637
3.7639674	58796.276
3.7703502	52400.700
3.7767330	50008.017
3.7831159	50175.365
3.7894987	52366.235
3.7958815	55136.308
3.8022643	58219.479
3.8086471	60948.494
3.8150299	63206.997
3.8214128	65228.011
3.8277956	66801.795
3.8341784	68358.134
3.8405612	69641.108
3.8469440	71083.058
3.8533269	72593.262
3.8597097	74085.650
3.8660925	75383.870
3.8724753	76383.084
3.8788581	77018.803
3.8852409	77412.062
3.8916238	77568.186
3.8980066	77412.934
3.9043894	76292.156
3.9107722	74048.504
3.9171550	70434.444
3.9235379	65401.512
3.9299207	60189.396
3.9363035	54609.526
3.9426863	49996.269
3.9490691	46578.331
3.9554519	45128.663
3.9618348	46038.793
3.9682176	50685.290
3.9746004	58369.052
3.9809832	70382.618
3.9873660	84105.481
3.9937489	98558.233
4.0001317	112907.48
4.0065145	124564.71
4.0128973	135010.01
4.0192801	142301.44
4.0256630	147358.69
4.0320458	148767.82
4.0384286	145764.80
4.0448114	138267.79
4.0511942	127693.73
4.0575770	113968.62
4.0639599	100164.59
4.0703427	86479.793
4.0767255	74668.469
4.0831083	64545.191
4.0894911	56949.086
4.0958740	51268.645
4.1022568	47070.046
4.1086396	44131.865
4.1150224	41668.476
4.1214052	39930.840
4.1277880	38589.305
4.1341709	37840.516
4.1405537	37786.111
4.1469365	38813.638
4.1533193	40849.273
4.1597021	44490.029
4.1660850	49149.211
4.1724678	54765.466
4.1788506	60806.506
4.1852334	66410.423
4.1916162	71961.590
4.1979990	76850.592
4.2043819	81908.408
4.2107647	86752.169
4.2171475	91782.856
4.2235303	96873.974
4.2299131	101633.63
4.2362960	105622.26
4.2426788	108380.08
4.2490616	109845.60
4.2554444	110255.45
4.2618272	109928.64
4.2682100	108965.57
4.2745929	106949.68
4.2809757	103487.54
4.2873585	98637.720
4.2937413	91470.534
4.3001241	83962.237
4.3065070	75693.504
4.3128898	68015.737
4.3192726	61806.428
4.3256554	57360.960
4.3320382	55428.994
4.3384211	55847.696
4.3448039	58160.461
4.3511867	61715.080
4.3575695	65746.569
4.3639523	69543.716
4.3703351	72870.207
4.3767180	75447.291
4.3831008	77325.700
4.3894836	78060.390
4.3958664	77348.330
4.4022492	75069.951
4.4086321	71130.031
4.4150149	65892.518
4.4213977	60326.577
4.4277805	54460.357
4.4341633	49835.838
4.4405461	46420.126
4.4469290	45154.928
4.4533118	45951.196
4.4596946	48884.682
4.4660774	52880.162
4.4724602	57687.139
4.4788431	61925.814
4.4852259	65908.500
4.4916087	69033.934
4.4979915	71213.195
4.5043743	72327.598
4.5107571	71942.142
4.5171400	69840.658
4.5235228	66342.021
4.5299056	61387.671
4.5362884	56156.938
4.5426712	50874.420
4.5490541	46188.649
4.5554369	42342.171
4.5618197	39583.167
4.5682025	37897.731
4.5745853	37040.558
4.5809681	36858.390
4.5873510	37095.422
4.5937338	37738.924
4.6001166	38934.472
4.6064994	41037.753
4.6128822	44060.028
4.6192651	48722.542
4.6256479	53975.951
4.6320307	60030.489
4.6384135	65956.705
4.6447963	71353.097
4.6511792	76383.921
4.6575620	80967.013
4.6639448	85697.425
4.6703276	90087.044
4.6767104	94283.349
4.6830932	97435.024
4.6894761	99328.004
4.6958589	99735.705
4.7022417	99100.244
4.7086245	97683.074
4.7150073	96360.550
4.7213902	95241.722
4.7277730	94311.616
4.7341558	93037.384
4.7405386	91175.764
4.7469214	88498.997
4.7533042	84617.521
4.7596871	80768.103
4.7660699	76698.183
4.7724527	73422.528
4.7788355	70778.025
4.7852183	68710.883
4.7916012	66813.672
4.7979840	64753.281
4.8043668	62527.520
4.8107496	59865.045
4.8171324	57263.360
4.8235152	54568.838
4.8298981	52029.945
4.8362809	49303.284
4.8426637	46514.751
4.8490465	43603.154
4.8554293	40370.433
4.8618122	37419.225
4.8681950	34433.334
4.8745778	31980.632
4.8809606	29907.579
4.8873434	28340.109
4.8937262	27294.206
4.9001091	26632.623
4.9064919	26375.388
4.9128747	26356.709
4.9192575	26548.890
4.9256403	26901.736
4.9320232	27378.792
4.9384060	27973.636
4.9447888	28608.347
4.9511716	29199.982
4.9575544	29798.695
4.9639373	30312.920
4.9703201	30873.323
4.9767029	31393.694
4.9830857	32014.831
4.9894685	32691.487
4.9958513	33310.926
5.0022342	33973.365
5.0086170	34544.537
5.0149998	35112.609
5.0213826	35640.154
5.0277654	36295.787
5.0341483	37138.746
5.0405311	38071.054
5.0469139	39096.553
5.0532967	40083.002
5.0596795	41132.041
5.0660623	42370.749
5.0724452	44322.397
5.0788280	47129.592
5.0852108	51108.579
5.0915936	56033.218
5.0979764	61109.586
5.1043593	66407.871
5.1107421	70713.748
5.1171249	74576.644
5.1235077	77494.197
5.1298905	79722.520
5.1362733	81098.601
5.1426562	81228.118
5.1490390	79869.562
5.1554218	77200.279
5.1618046	73139.019
5.1681874	68740.460
5.1745703	64564.335
5.1809531	61020.830
5.1873359	58369.493
5.1937187	56534.984
5.2001015	55280.583
5.2064843	54283.847
5.2128672	53416.973
5.2192500	52460.039
5.2256328	51543.689
5.2320156	50515.255
5.2383984	49335.190
5.2447813	47992.765
5.2511641	46446.807
5.2575469	45160.791
5.2639297	44311.524
5.2703125	44491.932
5.2766954	46084.110
5.2830782	49247.113
5.2894610	53475.698
5.2958438	58532.020
5.3022266	63379.663
5.3086094	67944.735
5.3149923	71667.957
5.3213751	74471.597
5.3277579	76018.729
5.3341407	75956.120
5.3405235	74126.675
5.3469064	70774.675
5.3532892	65687.476
5.3596720	60332.454
5.3660548	54448.051
5.3724376	49205.513
5.3788204	44684.701
5.3852033	41285.824
5.3915861	39348.079
5.3979689	38963.106
5.4043517	40305.156
5.4107345	43800.224
5.4171174	49358.152
5.4235002	57212.188
5.4298830	66435.854
5.4362658	76359.362
5.4426486	85831.605
5.4490314	93996.239
5.4554143	100862.96
5.4617971	105596.55
5.4681799	108325.62
5.4745627	108301.40
5.4809455	105290.42
5.4873284	99210.231
5.4937112	91309.088
5.5000940	81358.381
5.5064768	71912.438
5.5128596	62680.248
5.5192424	55236.597
5.5256253	49490.007
5.5320081	45578.855
5.5383909	43228.244
5.5447737	42145.773
5.5511565	42007.523
5.5575394	42570.234
5.5639222	43402.161
5.5703050	44286.325
5.5766878	44843.345
5.5830706	45101.858
5.5894535	45000.469
5.5958363	44681.483
5.6022191	44093.018
5.6086019	43374.882
5.6149847	42467.147
5.6213675	41504.726
5.6277504	40440.478
5.6341332	39382.929
5.6405160	38520.693
5.6468988	37936.309
5.6532816	37740.488
5.6596645	37912.390
5.6660473	38245.774
5.6724301	38692.479
5.6788129	39124.736
5.6851957	39533.135
5.6915785	39822.601
5.6979614	39906.391
5.7043442	39740.517
5.7107270	39312.278
5.7171098	38521.819
5.7234926	37561.040
5.7298755	36488.559
5.7362583	35439.220
5.7426411	34533.791
5.7490239	33802.611
5.7554067	33305.465
5.7617895	33072.170
5.7681724	33091.606
5.7745552	33444.614
5.7809380	34118.417
5.7873208	35144.720
5.7937036	36356.517
5.8000865	37729.644
5.8064693	39413.259
5.8128521	41274.373
5.8192349	43807.098
5.8256177	46550.388
5.8320005	49687.180
5.8383834	52700.499
5.8447662	55292.550
5.8511490	57436.314
5.8575318	59038.292
5.8639146	60360.636
5.8702975	61338.991
5.8766803	61881.681
5.8830631	61700.493
5.8894459	60718.060
5.8958287	59138.118
5.9022116	57163.220
5.9085944	54906.371
5.9149772	52778.074
5.9213600	50563.063
5.9277428	48652.864
5.9341256	46740.217
5.9405085	44949.962
5.9468913	43247.535
5.9532741	41719.183
5.9596569	40399.952
5.9660397	39245.637
5.9724226	38364.589
5.9788054	37916.993
5.9851882	38064.313
5.9915710	39038.322
5.9979538	40673.424
6.0043366	42933.333
6.0107195	45520.497
6.0171023	48077.599
6.0234851	50538.282
6.0298679	52533.226
6.0362507	54212.710
6.0426336	55207.204
6.0490164	55382.116
6.0553992	54656.171
6.0617820	53099.998
6.0681648	50788.797
6.0745476	48115.002
6.0809305	45192.568
6.0873133	42707.034
6.0936961	40722.226
6.1000789	39714.000
6.1064617	39844.962
6.1128446	41413.280
6.1192274	44345.428
6.1256102	48700.492
6.1319930	53490.401
6.1383758	58799.472
6.1447586	63704.276
6.1511415	68308.830
6.1575243	72285.214
6.1639071	75506.101
6.1702899	77561.725
6.1766727	78051.098
6.1830556	76767.350
6.1894384	74124.346
6.1958212	70095.852
6.2022040	65846.790
6.2085868	61162.253
6.2149696	56876.957
6.2213525	52997.094
6.2277353	49651.243
6.2341181	46999.637
6.2405009	44947.280
6.2468837	43522.929
6.2532666	42443.944
6.2596494	41580.558
6.2660322	40787.112
6.2724150	40046.438
6.2787978	39204.702
6.2851807	38347.990
6.2915635	37405.550
6.2979463	36311.858
6.3043291	35107.099
6.3107119	33746.459
6.3170947	32479.891
6.3234776	31237.784
6.3298604	30099.513
6.3362432	29163.877
6.3426260	28484.093
6.3490088	28059.921
6.3553917	27843.052
6.3617745	27763.147
6.3681573	27832.506
6.3745401	27978.272
6.3809229	28134.524
6.3873057	28241.805
6.3936886	28277.035
6.4000714	28329.631
6.4064542	28429.052
6.4128370	28536.514
6.4192198	28722.279
6.4256027	29088.778
6.4319855	29768.654
6.4383683	30862.103
6.4447511	32292.165
6.4511339	34047.696
6.4575167	36034.344
6.4638996	38174.271
6.4702824	40550.001
6.4766652	42888.591
6.4830480	45445.358
6.4894308	47646.343
6.4958137	49494.767
6.5021965	50667.373
6.5085793	51152.509
6.5149621	50983.854
6.5213449	50280.323
6.5277277	49168.989
6.5341106	47740.244
6.5404934	46008.450
6.5468762	44149.795
6.5532590	42149.084
6.5596418	40282.812
6.5660247	38621.110
6.5724075	37109.500
6.5787903	35926.108
6.5851731	34892.602
6.5915559	34145.295
6.5979388	33506.579
6.6043216	33045.060
6.6107044	32661.324
6.6170872	32344.659
6.6234700	32109.568
6.6298528	32034.511
6.6362357	32163.394
6.6426185	32495.551
6.6490013	32929.727
6.6553841	33532.980
6.6617669	34152.462
6.6681498	34794.233
6.6745326	35373.335
6.6809154	35881.098
6.6872982	36191.721
6.6936810	36235.303
6.7000638	36051.324
6.7064467	35712.736
6.7128295	35323.442
6.7192123	35059.036
6.7255951	35108.706
6.7319779	35595.271
6.7383608	36797.828
6.7447436	38836.935
6.7511264	41443.382
6.7575092	44625.005
6.7638920	47656.843
6.7702748	50574.699
6.7766577	52914.050
6.7830405	54692.353
6.7894233	55749.289
6.7958061	55913.038
6.8021889	55139.928
6.8085718	53372.278
6.8149546	50633.636
6.8213374	47529.344
6.8277202	43967.014
6.8341030	40760.797
6.8404858	37863.525
6.8468687	35677.937
6.8532515	34220.922
6.8596343	33433.594
6.8660171	33184.676
6.8723999	33333.301
6.8787828	33625.634
6.8851656	34043.723
6.8915484	34467.754
6.8979312	34874.791
6.9043140	35243.178
6.9106969	35700.742
6.9170797	36346.914
6.9234625	37271.119
6.9298453	38610.960
6.9362281	40279.116
6.9426109	42262.647
6.9489938	44147.295
6.9553766	45995.222
6.9617594	47521.116
6.9681422	48808.779
6.9745250	49634.613
6.9809079	49882.392
6.9872907	49453.423
6.9936735	48311.245
7.0000563	46504.128
7.0064391	44410.605
7.0128219	42127.792
7.0192048	40200.047
7.0255876	38798.000
7.0319704	38132.389
7.0383532	38284.652
7.0447360	39182.679
7.0511189	40614.945
7.0575017	42458.811
7.0638845	44303.100
7.0702673	46307.216
7.0766501	48156.135
7.0830329	49854.371
7.0894158	51111.151
7.0957986	51827.369
7.1021814	52032.903
7.1085642	51782.265
7.1149470	51096.933
7.1213299	50176.050
7.1277127	48955.728
7.1340955	47674.327
7.1404783	46187.197
7.1468611	44763.461
7.1532439	43379.688
7.1596268	42059.558
7.1660096	40799.906
7.1723924	39545.119
7.1787752	38426.812
7.1851580	37460.178
7.1915409	36841.465
7.1979237	36569.674
7.2043065	36765.762
7.2106893	37545.109
7.2170721	38911.440
7.2234550	40780.612
7.2298378	42925.941
7.2362206	45044.848
7.2426034	47022.814
7.2489862	48665.714
7.2553690	49988.659
7.2617519	50765.074
7.2681347	50910.728
7.2745175	50402.082
7.2809003	49142.684
7.2872831	47457.783
7.2936660	45613.019
7.3000488	43969.137
7.3064316	42982.222
7.3128144	42875.029
7.3191972	43872.327
7.3255800	46006.776
7.3319629	48770.789
7.3383457	52106.749
7.3447285	55291.384
7.3511113	58420.064
7.3574941	61118.484
7.3638770	63178.521
7.3702598	64396.688
7.3766426	64498.820
7.3830254	63422.424
7.3894082	61377.728
7.3957910	58391.454
7.4021739	55137.175
7.4085567	51616.505
7.4149395	48398.596
7.4213223	45452.087
7.4277051	42970.624
7.4340880	41009.939
7.4404708	39357.025
7.4468536	38064.027
7.4532364	36921.614
7.4596192	36001.386
7.4660020	35157.636
7.4723849	34417.847
7.4787677	33672.763
7.4851505	32899.599
7.4915333	32082.687
7.4979161	31287.150
7.5042990	30568.220
7.5106818	29927.544
7.5170646	29461.892
7.5234474	29146.401
7.5298302	28988.858
7.5362131	28974.686
7.5425959	29050.700
7.5489787	29203.390
7.5553615	29401.640
7.5617443	29658.271
7.5681271	29914.732
7.5745100	30171.276
7.5808928	30442.374
7.5872756	30717.212
7.5936584	31104.176
7.6000412	31563.069
7.6064241	32221.613
7.6128069	33040.757
7.6191897	34231.929
7.6255725	35707.264
7.6319553	37423.721
7.6383381	39309.437
7.6447210	41001.452
7.6511038	42571.994
7.6574866	43837.646
7.6638694	44831.353
7.6702522	45361.726
7.6766351	45375.772
7.6830179	44863.730
7.6894007	43805.727
7.6957835	42307.547
7.7021663	40603.060
7.7085491	38708.851
7.7149320	36929.990
7.7213148	35188.645
7.7276976	33752.030
7.7340804	32587.751
7.7404632	31793.277
7.7468461	31316.745
7.7532289	31212.054
7.7596117	31414.821
7.7659945	31807.179
7.7723773	32321.035
7.7787601	32887.044
7.7851430	33430.150
7.7915258	33891.852
7.7979086	34184.747
7.8042914	34291.197
7.8106742	34190.843
7.8170571	33834.095
7.8234399	33313.754
7.8298227	32669.032
7.8362055	32054.581
7.8425883	31599.716
7.8489712	31389.038
7.8553540	31443.257
7.8617368	31708.615
7.8681196	32130.216
7.8745024	32663.458
7.8808852	33180.227
7.8872681	33649.599
7.8936509	33997.403
7.9000337	34209.775
7.9064165	34262.306
7.9127993	34143.580
7.9191822	33877.280
7.9255650	33525.471
7.9319478	33157.877
7.9383306	32850.473
7.9447134	32667.605
7.9510962	32685.639
7.9574791	32878.792
7.9638619	33107.922
7.9702447	33313.877
7.9766275	33439.454
7.9830103	33452.827
7.9893932	33320.302
7.9957760	33106.647
8.0021588	32839.878
8.0085416	32556.885
8.0149244	32292.727
8.0213072	32097.763
8.0276901	31972.545
8.0340729	31912.305
8.0404557	31912.903
8.0468385	31966.397
8.0532213	32047.068
8.0596042	32150.900
8.0659870	32111.395
8.0723698	31990.752
8.0787526	31834.994
8.0851354	31674.799
8.0915182	31614.185
8.0979011	31705.142
8.1042839	32009.404
8.1106667	32661.314
8.1170495	33606.581
8.1234323	34843.232
8.1298152	36239.088
8.1361980	37826.051
8.1425808	39498.646
8.1489636	40975.506
8.1553464	42303.026
8.1617293	43113.445
8.1681121	43441.335
8.1744949	43208.031
8.1808777	42559.408
8.1872605	41562.230
8.1936433	40285.819
8.2000262	38859.476
8.2064090	37376.168
8.2127918	35916.499
8.2191746	34630.238
8.2255574	33456.184
8.2319403	32526.102
8.2383231	31829.596
8.2447059	31367.048
8.2510887	31098.121
8.2574715	31033.509
8.2638543	31061.624
8.2702372	31135.827
8.2766200	31207.726
8.2830028	31285.902
8.2893856	31352.733
8.2957684	31455.956
8.3021513	31515.479
8.3085341	31513.716
8.3149169	31428.137
8.3212997	31263.933
8.3276825	31066.347
8.3340653	30939.457
8.3404482	30930.426
8.3468310	31118.072
8.3532138	31577.070
8.3595966	32326.711
8.3659794	33239.306
8.3723623	34274.079
8.3787451	35398.829
8.3851279	36449.395
8.3915107	37456.194
8.3978935	38203.230
8.4042763	38685.125
8.4106592	38810.082
8.4170420	38589.476
8.4234248	38091.179
8.4298076	37279.701
8.4361904	36290.937
8.4425733	35170.078
8.4489561	34023.895
8.4553389	32882.759
8.4617217	31817.584
8.4681045	30872.151
8.4744874	30036.611
8.4808702	29300.571
8.4872530	28662.330
8.4936358	28139.537
8.5000186	27748.578
8.5064014	27456.390
8.5127843	27298.955
8.5191671	27204.431
8.5255499	27197.254
8.5319327	27248.665
8.5383155	27329.286
8.5446984	27454.655
8.5510812	27617.622
8.5574640	27825.808
8.5638468	28010.740
8.5702296	28274.927
8.5766124	28611.193
8.5829953	29068.130
8.5893781	29579.508
8.5957609	30185.369
8.6021437	30809.785
8.6085265	31468.373
8.6149094	32115.499
8.6212922	32660.718
8.6276750	33156.224
8.6340578	33510.149
8.6404406	33748.815
8.6468234	33837.466
8.6532063	33803.120
8.6595891	33671.648
8.6659719	33413.321
8.6723547	33149.617
8.6787375	32879.651
8.6851204	32643.824
8.6915032	32429.107
8.6978860	32270.415
8.7042688	32090.237
8.7106516	31992.209
8.7170344	31982.542
8.7234173	32147.692
8.7298001	32444.097
8.7361829	32921.253
8.7425657	33493.410
8.7489485	34161.814
8.7553314	34787.721
8.7617142	35406.603
8.7680970	35924.606
8.7744798	36325.366
8.7808626	36614.579
8.7872455	36680.254
8.7936283	36546.361
8.8000111	36197.885
8.8063939	35748.940
8.8127767	35374.824
8.8191595	35165.278
8.8255424	35188.758
8.8319252	35446.662
8.8383080	35834.652
8.8446908	36347.696
8.8510736	36803.928
8.8574565	37170.282
8.8638393	37359.693
8.8702221	37321.586
8.8766049	37006.393
8.8829877	36500.015
8.8893705	35739.013
8.8957534	34860.168
8.9021362	33917.658
8.9085190	33020.104
8.9149018	32217.564
8.9212846	31577.053
8.9276675	31126.317
8.9340503	30806.699
8.9404331	30566.605
8.9468159	30410.489
8.9531987	30356.758
8.9595815	30397.090
8.9659644	30566.170
8.9723472	30832.137
8.9787300	31132.831
8.9851128	31442.226
8.9914956	31737.867
8.9978785	32003.554
9.0042613	32179.201
9.0106441	32239.669
9.0170269	32215.725
9.0234097	32021.248
9.0297925	31689.729
9.0361754	31239.125
9.0425582	30773.754
9.0489410	30364.394
9.0553238	30124.391
9.0617066	30114.469
9.0680895	30370.593
9.0744723	30867.904
9.0808551	31617.354
9.0872379	32475.352
9.0936207	33404.849
9.1000035	34251.495
9.1063864	35009.208
9.1127692	35596.068
9.1191520	36057.096
9.1255348	36258.187
9.1319176	36177.837
9.1383005	35809.850
9.1446833	35197.376
9.1510661	34433.771
9.1574489	33600.485
9.1638317	32784.761
9.1702146	32106.538
9.1765974	31553.708
9.1829802	31203.818
9.1893630	31050.790
9.1957458	31038.386
9.2021286	31107.641
9.2085115	31205.773
9.2148943	31319.014
9.2212771	31388.418
9.2276599	31460.766
9.2340427	31471.730
9.2404256	31482.956
9.2468084	31465.101
9.2531912	31536.060
9.2595740	31725.595
9.2659568	32173.511
9.2723396	32865.778
9.2787225	33779.211
9.2851053	34855.886
9.2914881	35937.692
9.2978709	37003.323
9.3042537	37913.307
9.3106366	38620.418
9.3170194	38929.734
9.3234022	38879.098
9.3297850	38459.294
9.3361678	37736.582
9.3425506	36711.950
9.3489335	35513.022
9.3553163	34266.264
9.3616991	33095.664
9.3680819	32045.944
9.3744647	31186.106
9.3808476	30382.935
9.3872304	29741.282
9.3936132	29166.092
9.3999960	28661.482
9.4063788	28198.938
9.4127616	27856.428
9.4191445	27525.720
9.4255273	27281.151
9.4319101	27094.431
9.4382929	26960.157
9.4446757	26863.756
9.4510586	26811.593
9.4574414	26841.560
9.4638242	26934.986
9.4702070	27087.048
9.4765898	27340.582
9.4829727	27675.940
9.4893555	28166.514
9.4957383	28731.559
9.5021211	29372.016
9.5085039	30032.062
9.5148867	30714.236
9.5212696	31322.629
9.5276524	31805.883
9.5340352	32134.827
9.5404180	32278.956
9.5468008	32207.784
9.5531837	31971.485
9.5595665	31597.471
9.5659493	31075.101
9.5723321	30498.403
9.5787149	29894.064
9.5850977	29326.847
9.5914806	28775.853
9.5978634	28338.578
9.6042462	27988.553
9.6106290	27761.152
9.6170118	27689.440
9.6233947	27734.559
9.6297775	27787.674
9.6361603	27869.520
9.6425431	27922.979
9.6489259	27995.912
9.6553087	28071.723
9.6616916	28080.974
9.6680744	28097.217
9.6744572	28087.701
9.6808400	28105.293
9.6872228	28185.766
9.6936057	28326.916
9.6999885	28554.599
9.7063713	28853.757
9.7127541	29256.489
9.7191369	29672.931
9.7255197	30049.102
9.7319026	30319.886
9.7382854	30472.271
9.7446682	30525.825
9.7510510	30404.765
9.7574338	30084.228
9.7638167	29631.064
9.7701995	29087.555
9.7765823	28542.472
9.7829651	28008.085
9.7893479	27550.099
9.7957308	27144.217
9.8021136	26844.854
9.8084964	26568.433
9.8148792	26370.548
9.8212620	26203.195
9.8276448	26086.908
9.8340277	26017.058
9.8404105	25933.310
9.8467933	25842.150
9.8531761	25804.334
9.8595589	25807.184
9.8659418	25832.392
9.8723246	25842.100
9.8787074	25885.569
9.8850902	25944.047
9.8914730	26024.826
9.8978558	26137.543
9.9042387	26319.550
9.9106215	26512.990
9.9170043	26746.237
9.9233871	27002.334
9.9297699	27261.987
9.9361528	27493.487
9.9425356	27690.554
9.9489184	27812.318
9.9553012	27900.238
9.9616840	27875.505
9.9680668	27741.400
9.9744497	27510.438
9.9808325	27240.731
9.9872153	26946.388
9.9935981	26684.038
9.9999809	26422.267
10.006364	26210.482
10.012747	26049.104
10.019129	26001.000
10.025512	26014.276
10.031895	26164.684
10.038278	26432.984
10.044661	26717.453
10.051043	27008.028
10.057426	27283.057
10.063809	27540.371
10.070192	27729.613
10.076575	27845.218
10.082958	27932.691
10.089340	27998.671
10.095723	28137.802
10.102106	28331.432
10.108489	28586.335
10.114872	28926.282
10.121254	29371.278
10.127637	29874.783
10.134020	30328.045
10.140403	30704.388
10.146786	30986.973
10.153169	31112.502
10.159551	31031.149
10.165934	30764.830
10.172317	30334.443
10.178700	29792.260
10.185083	29154.935
10.191465	28542.095
10.197848	27960.940
10.204231	27448.491
10.210614	27004.190
10.216997	26667.265
10.223380	26385.489
10.229762	26149.186
10.236145	25943.530
10.242528	25768.492
10.248911	25622.047
10.255294	25536.198
10.261676	25511.668
10.268059	25508.343
10.274442	25577.136
10.280825	25692.855
10.287208	25890.624
10.293591	26099.658
10.299973	26341.877
10.306356	26661.185
10.312739	27067.146
10.319122	27494.734
10.325505	27939.705
10.331887	28397.207
10.338270	28827.803
10.344653	29214.993
10.351036	29448.586
10.357419	29642.523
10.363802	29691.830
10.370184	29571.037
10.376567	29335.180
10.382950	29037.495
10.389333	28673.475
10.395716	28241.410
10.402098	27845.024
10.408481	27495.321
10.414864	27235.499
10.421247	27080.240
10.427630	27045.394
10.434013	27111.244
10.440395	27221.417
10.446778	27345.572
10.453161	27475.819
10.459544	27612.106
10.465927	27733.162
10.472309	27798.920
10.478692	27833.834
10.485075	27863.173
10.491458	27965.240
10.497841	28118.895
10.504224	28316.867
10.510606	28514.274
10.516989	28760.833
10.523372	29003.384
10.529755	29210.213
10.536138	29326.777
10.542520	29338.394
10.548903	29200.806
10.555286	28941.090
10.561669	28581.580
10.568052	28149.793
10.574435	27710.944
10.580817	27292.644
10.587200	26953.000
10.593583	26641.567
10.599966	26442.336
10.606349	26372.692
10.612732	26357.446
10.619114	26426.800
10.625497	26525.089
10.631880	26656.722
10.638263	26794.303
10.644646	26913.171
10.651028	27020.341
10.657411	27103.529
10.663794	27121.395
10.670177	27097.403
10.676560	27057.855
10.682943	26992.123
10.689325	26950.027
10.695708	26971.157
10.702091	27004.030
10.708474	27093.354
10.714857	27258.916
10.721239	27400.472
10.727622	27499.269
10.734005	27567.071
10.740388	27582.014
10.746771	27542.981
10.753154	27367.329
10.759536	27090.321
10.765919	26746.337
10.772302	26435.586
10.778685	26112.647
10.785068	25813.117
10.791450	25511.230
10.797833	25313.615
10.804216	25153.773
10.810599	25060.596
10.816982	24959.371
10.823365	24864.928
10.829747	24751.191
10.836130	24673.439
10.842513	24648.483
10.848896	24645.983
10.855279	24621.120
10.861661	24584.739
10.868044	24595.364
10.874427	24626.815
10.880810	24636.192
10.887193	24647.070
10.893576	24699.614
10.899958	24826.437
10.906341	24982.666
10.912724	25161.528
10.919107	25307.771
10.925490	25424.066
10.931872	25526.550
10.938255	25585.389
10.944638	25548.014
10.951021	25458.429
10.957404	25343.182
10.963787	25180.762
10.970169	24992.656
10.976552	24840.511
10.982935	24632.874
10.989318	24434.675
10.995701	24238.372
11.002083	24093.239
11.008466	23940.029
11.014849	23829.664
11.021232	23741.057
11.027615	23672.591
11.033998	23631.699
11.040380	23650.858
11.046763	23714.004
11.053146	23834.139
11.059529	23982.970
11.065912	24197.030
11.072294	24460.958
11.078677	24765.565
11.085060	25046.468
11.091443	25328.115
11.097826	25609.651
11.104209	25779.190
11.110591	25885.186
11.116974	25932.394
11.123357	25940.065
11.129740	25840.382
11.136123	25639.986
11.142505	25385.397
11.148888	25100.142
11.155271	24852.416
11.161654	24685.592
11.168037	24512.285
11.174420	24394.348
11.180802	24336.623
11.187185	24356.053
11.193568	24450.242
11.199951	24560.285
11.206334	24665.462
11.212716	24807.252
11.219099	24976.560
11.225482	25153.617
11.231865	25357.300
11.238248	25537.852
11.244631	25765.547
11.251013	26026.526
11.257396	26327.653
11.263779	26575.350
11.270162	26759.851
11.276545	26876.170
11.282927	26915.565
11.289310	26837.037
11.295693	26670.551
11.302076	26388.402
11.308459	26008.742
11.314842	25607.302
11.321224	25199.124
11.327607	24842.000
11.333990	24516.275
11.340373	24277.915
11.346756	24095.508
11.353138	23947.379
11.359521	23814.445
11.365904	23722.439
11.372287	23623.084
11.378670	23548.876
11.385053	23477.203
11.391435	23466.790
11.397818	23451.925
11.404201	23471.075
11.410584	23496.675
11.416967	23587.710
11.423349	23670.729
11.429732	23773.745
11.436115	23921.723
11.442498	24069.057
11.448881	24222.025
11.455264	24349.846
11.461646	24514.132
11.468029	24651.386
11.474412	24733.869
11.480795	24733.254
11.487178	24710.708
11.493560	24597.378
11.499943	24400.945
11.506326	24181.011
11.512709	23980.228
11.519092	23803.039
11.525475	23647.955
11.531857	23535.625
11.538240	23488.844
11.544623	23504.749
11.551006	23533.537
11.557389	23593.500
11.563771	23665.880
11.570154	23737.496
11.576537	23786.076
11.582920	23814.826
11.589303	23819.146
11.595686	23814.699
11.602068	23772.405
11.608451	23679.297
11.614834	23601.620
11.621217	23570.108
11.627600	23483.586
11.633982	23397.729
11.640365	23360.747
11.646748	23318.343
11.653131	23280.456
11.659514	23205.633
11.665897	23127.483
11.672279	23043.996
11.678662	22943.782
11.685045	22835.592
11.691428	22758.809
11.697811	22686.808
11.704193	22597.793
11.710576	22516.765
11.716959	22468.101
11.723342	22434.055
11.729725	22402.542
11.736108	22390.192
11.742490	22390.541
11.748873	22396.941
11.755256	22442.504
11.761639	22524.023
11.768022	22652.057
11.774404	22803.815
11.780787	23020.036
11.787170	23293.896
11.793553	23627.625
11.799936	23908.459
11.806319	24183.962
11.812701	24452.814
11.819084	24668.754
11.825467	24773.876
11.831850	24775.366
11.838233	24714.024
11.844615	24589.151
11.850998	24374.091
11.857381	24130.835
11.863764	23897.165
11.870147	23676.872
11.876530	23468.674
11.882912	23347.364
11.889295	23301.881
11.895678	23269.345
11.902061	23248.372
11.908444	23268.343
11.914826	23336.279
11.921209	23381.293
11.927592	23415.928
11.933975	23435.880
11.940358	23465.733
11.946741	23497.858
11.953123	23531.529
11.959506	23548.128
11.965889	23517.397
11.972272	23463.004
11.978655	23446.835
11.985037	23391.469
11.991420	23335.206
11.997803	23297.954
12.004186	23286.864
12.010569	23231.715
12.016952	23176.097
12.023334	23120.988
12.029717	23080.251
12.036100	23087.671
12.042483	23129.338
12.048866	23210.133
12.055248	23270.588
12.061631	23333.591
12.068014	23401.175
12.074397	23463.703
12.080780	23532.923
12.087163	23582.807
12.093545	23632.968
12.099928	23695.558
12.106311	23745.148
12.112694	23794.957
12.119077	23830.454
12.125459	23884.168
12.131842	23941.336
12.138225	23970.486
12.144608	23971.803
12.150991	23984.128
12.157374	23995.710
12.163756	23979.639
12.170139	23918.661
12.176522	23874.740
12.182905	23808.148
12.189288	23720.952
12.195670	23642.926
12.202053	23608.610
12.208436	23626.689
12.214819	23635.931
12.221202	23678.014
12.227585	23732.313
12.233967	23810.915
12.240350	23885.725
12.246733	23942.830
12.253116	23973.888
12.259499	24048.259
12.265881	24156.508
12.272264	24261.399
12.278647	24369.087
12.285030	24476.051
12.291413	24594.311
12.297796	24697.805
12.304178	24803.417
12.310561	24886.021
12.316944	24913.854
12.323327	24893.964
12.329710	24799.730
12.336092	24632.318
12.342475	24394.877
12.348858	24123.467
12.355241	23867.040
12.361624	23613.833
12.368007	23426.482
12.374389	23212.678
12.380772	23016.468
12.387155	22873.290
12.393538	22756.388
12.399921	22679.923
12.406303	22594.615
12.412686	22531.711
12.419069	22543.559
12.425452	22595.411
12.431835	22653.935
12.438218	22699.946
12.444600	22741.721
12.450983	22793.570
12.457366	22879.076
12.463749	22988.178
12.470132	23063.571
12.476514	23097.950
12.482897	23106.725
12.489280	23152.381
12.495663	23159.580
12.502046	23125.749
12.508429	23046.804
12.514811	22951.117
12.521194	22826.499
12.527577	22723.042
12.533960	22653.445
12.540343	22632.712
12.546725	22682.043
12.553108	22731.587
12.559491	22757.420
12.565874	22749.285
12.572257	22754.447
12.578640	22780.449
12.585022	22813.843
12.591405	22845.293
12.597788	22870.511
12.604171	22915.829
12.610554	22928.992
12.616936	22966.539
12.623319	23008.073
12.629702	23006.617
12.636085	23023.459
12.642468	22991.861
12.648851	22920.605
12.655233	22786.105
12.661616	22633.873
12.667999	22448.161
12.674382	22279.335
12.680765	22079.393
12.687147	21939.665
12.693530	21852.123
12.699913	21771.737
12.706296	21760.758
12.712679	21773.481
12.719062	21757.738
12.725444	21778.364
12.731827	21833.399
12.738210	21874.373
12.744593	21872.382
12.750976	21823.333
12.757358	21791.599
12.763741	21803.362
12.770124	21818.135
12.776507	21797.741
12.782890	21756.583
12.789273	21751.165
12.795655	21764.585
12.802038	21815.743
12.808421	21835.829
12.814804	21844.844
12.821187	21861.680
12.827569	21868.854
12.833952	21829.243
12.840335	21816.035
12.846718	21773.754
12.853101	21700.365
12.859484	21626.934
12.865866	21556.087
12.872249	21504.306
12.878632	21456.204
12.885015	21408.113
12.891398	21399.416
12.897780	21415.625
12.904163	21412.351
12.910546	21388.232
12.916929	21400.793
12.923312	21463.885
12.929695	21498.137
12.936077	21541.435
12.942460	21599.533
12.948843	21673.265
12.955226	21713.930
12.961609	21729.330
12.967991	21730.158
12.974374	21712.772
12.980757	21647.356
12.987140	21539.402
12.993523	21403.760
12.999906	21298.519
13.006288	21196.663
13.012671	21089.704
13.019054	20967.826
13.025437	20848.854
13.031820	20762.435
13.038202	20734.689
13.044585	20703.051
13.050968	20661.659
13.057351	20593.556
13.063734	20574.185
13.070117	20588.309
13.076499	20622.396
13.082882	20640.782
13.089265	20694.129
13.095648	20772.605
13.102031	20794.043
13.108413	20818.496
13.114796	20855.563
13.121179	20888.459
13.127562	20910.786
13.133945	20912.488
13.140328	20905.075
13.146710	20879.108
13.153093	20830.131
13.159476	20816.786
13.165859	20794.561
13.172242	20757.098
13.178624	20762.897
13.185007	20791.813
13.191390	20803.822
13.197773	20808.882
13.204156	20820.602
13.210539	20844.260
13.216921	20851.967
13.223304	20847.968
13.229687	20884.941
13.236070	20939.884
13.242453	21004.232
13.248835	21055.765
13.255218	21059.874
13.261601	21056.603
13.267984	21055.866
13.274367	21011.770
13.280750	20917.607
13.287132	20840.336
13.293515	20767.269
13.299898	20654.964
13.306281	20529.373
13.312664	20433.980
13.319046	20364.487
13.325429	20321.499
13.331812	20258.368
13.338195	20227.420
13.344578	20223.506
13.350961	20236.927
13.357343	20236.874
13.363726	20203.053
13.370109	20185.570
13.376492	20195.430
13.382875	20219.878
13.389257	20256.560
13.395640	20292.619
13.402023	20368.722
13.408406	20485.096
13.414789	20584.447
13.421172	20621.877
13.427554	20654.860
13.433937	20663.850
13.440320	20659.369
13.446703	20617.468
13.453086	20572.201
13.459468	20538.545
13.465851	20454.432
13.472234	20378.445
13.478617	20336.871
13.485000	20304.737
13.491383	20286.089
13.497765	20273.515
13.504148	20268.958
13.510531	20237.253
13.516914	20232.425
13.523297	20253.082
13.529679	20251.451
13.536062	20267.978
13.542445	20300.720
13.548828	20332.275
13.555211	20366.911
13.561594	20381.757
13.567976	20366.187
13.574359	20365.394
13.580742	20354.524
13.587125	20309.829
13.593508	20239.661
13.599890	20210.848
13.606273	20167.815
13.612656	20083.998
13.619039	19999.086
13.625422	19931.239
13.631805	19864.626
13.638187	19804.025
13.644570	19783.541
13.650953	19749.959
13.657336	19712.967
13.663719	19720.637
13.670101	19758.536
13.676484	19758.843
13.682867	19784.866
13.689250	19808.177
13.695633	19893.282
13.702016	19971.462
13.708398	20029.004
13.714781	20019.524
13.721164	20019.088
13.727547	20016.865
13.733930	20014.909
13.740312	19958.021
13.746695	19916.473
13.753078	19847.735
13.759461	19798.755
13.765844	19767.646
13.772227	19786.505
13.778609	19774.550
13.784992	19764.276
13.791375	19756.615
13.797758	19772.405
13.804141	19803.823
13.810524	19824.184
13.816906	19830.497
13.823289	19821.184
13.829672	19808.584
13.836055	19821.868
13.842438	19875.440
13.848820	19889.252
13.855203	19876.979
13.861586	19860.729
13.867969	19860.398
13.874352	19843.926
13.880735	19821.870
13.887117	19772.168
13.893500	19768.625
13.899883	19749.007
13.906266	19709.540
13.912649	19683.395
13.919031	19632.928
13.925414	19614.749
13.931797	19573.903
13.938180	19576.174
13.944563	19585.350
13.950946	19561.576
13.957328	19547.230
13.963711	19586.067
13.970094	19618.794
13.976477	19603.974
13.982860	19627.005
13.989242	19677.459
13.995625	19730.104
14.002008	19787.598
14.008391	19853.867
14.014774	19867.197
14.021157	19895.342
14.027539	19922.470
14.033922	19899.764
14.040305	19843.122
14.046688	19778.175
14.053071	19727.551
14.059453	19728.245
14.065836	19690.620
14.072219	19650.677
14.078602	19632.886
14.084985	19608.373
14.091368	19615.678
14.097750	19636.668
14.104133	19638.237
14.110516	19625.322
14.116899	19637.468
14.123282	19652.901
14.129664	19676.705
14.136047	19708.209
14.142430	19757.062
14.148813	19763.014
14.155196	19755.623
14.161579	19760.712
14.167961	19755.043
14.174344	19703.493
14.180727	19660.045
14.187110	19560.897
14.193493	19454.771
14.199875	19364.034
14.206258	19310.294
14.212641	19274.439
14.219024	19229.304
14.225407	19167.131
14.231790	19091.330
14.238172	19041.826
14.244555	19032.128
14.250938	19032.969
14.257321	19036.432
14.263704	19023.605
14.270086	19061.926
14.276469	19097.244
14.282852	19090.247
14.289235	19106.477
14.295618	19160.472
14.302001	19201.452
14.308383	19215.093
14.314766	19227.653
14.321149	19209.227
14.327532	19168.892
14.333915	19118.238
14.340297	19058.287
14.346680	19014.540
14.353063	18962.828
14.359446	18929.877
14.365829	18930.055
14.372212	18937.291
14.378594	18894.750
14.384977	18847.424
14.391360	18825.167
14.397743	18858.872
14.404126	18898.853
14.410508	18906.388
14.416891	18883.859
14.423274	18875.866
14.429657	18881.424
14.436040	18893.511
14.442423	18906.379
14.448805	18880.849
14.455188	18842.469
14.461571	18820.205
14.467954	18777.586
14.474337	18730.016
14.480719	18712.932
14.487102	18673.705
14.493485	18672.061
14.499868	18689.061
14.506251	18694.891
14.512634	18701.323
14.519016	18732.057
14.525399	18782.153
14.531782	18802.201
14.538165	18765.831
14.544548	18734.068
14.550930	18732.073
14.557313	18768.471
14.563696	18843.845
14.570079	18882.356
14.576462	18876.144
14.582845	18897.633
14.589227	18912.349
14.595610	18890.911
14.601993	18841.911
14.608376	18792.000
14.614759	18742.096
14.621141	18721.405
14.627524	18700.430
14.633907	18612.463
14.640290	18583.700
14.646673	18613.627
14.653056	18613.212
14.659438	18613.522
14.665821	18589.267
14.672204	18554.395
14.678587	18546.315
14.684970	18526.038
14.691352	18513.567
14.697735	18506.057
14.704118	18514.573
14.710501	18514.369
14.716884	18503.352
14.723267	18500.787
14.729649	18491.100
14.736032	18432.495
14.742415	18375.309
14.748798	18350.356
14.755181	18339.953
14.761563	18285.937
14.767946	18209.391
14.774329	18195.294
14.780712	18180.692
14.787095	18183.093
14.793478	18186.754
14.799860	18188.099
14.806243	18184.138
14.812626	18216.535
14.819009	18235.170
14.825392	18280.675
14.831774	18340.802
14.838157	18367.308
14.844540	18375.341
14.850923	18372.803
14.857306	18378.157
14.863689	18359.435
14.870071	18314.604
14.876454	18280.210
14.882837	18291.838
14.889220	18301.956
14.895603	18246.840
14.901985	18205.617
14.908368	18208.173
14.914751	18182.426
14.921134	18145.494
14.927517	18155.534
14.933900	18185.252
14.940282	18197.529
14.946665	18200.509
14.953048	18202.627
14.959431	18201.005
14.965814	18211.776
14.972196	18205.476
14.978579	18196.780
14.984962	18132.029
14.991345	18088.028
14.997728	18068.218
15.004111	18070.401
15.010493	18065.591
15.016876	18043.864
15.023259	18017.525
15.029642	18044.355
15.036025	18019.370
15.042407	17988.031
15.048790	17978.742
15.055173	17979.360
15.061556	18014.331
15.067939	18041.850
15.074322	18046.222
15.080704	18069.884
15.087087	18091.889
15.093470	18077.165
15.099853	18114.959
15.106236	18164.542
15.112618	18193.295
15.119001	18244.538
15.125384	18274.819
15.131767	18280.898
15.138150	18251.196
15.144533	18221.993
15.150915	18223.899
15.157298	18209.150
15.163681	18191.803
15.170064	18157.340
15.176447	18125.630
15.182829	18131.526
15.189212	18138.607
15.195595	18161.039
15.201978	18165.047
15.208361	18153.697
15.214744	18165.468
15.221126	18202.102
15.227509	18233.250
15.233892	18267.216
15.240275	18304.215
15.246658	18346.855
15.253040	18353.314
15.259423	18327.815
15.265806	18322.310
15.272189	18304.374
15.278572	18323.746
15.284955	18338.271
15.291337	18290.303
15.297720	18215.131
15.304103	18210.412
15.310486	18184.023
15.316869	18159.170
15.323251	18165.442
15.329634	18154.210
15.336017	18128.092
15.342400	18098.017
15.348783	18100.536
15.355166	18112.580
15.361548	18141.487
15.367931	18163.827
15.374314	18137.587
15.380697	18137.207
15.387080	18190.018
15.393462	18223.759
15.399845	18212.363
15.406228	18204.393
15.412611	18214.898
15.418994	18202.540
15.425377	18212.701
15.431759	18217.225
15.438142	18184.828
15.444525	18153.187
15.450908	18106.404
15.457291	18087.166
15.463673	18096.910
15.470056	18077.986
15.476439	18055.921
15.482822	18086.983
15.489205	18111.295
15.495588	18125.237
15.501970	18131.065
15.508353	18107.082
15.514736	18095.304
15.521119	18096.670
15.527502	18105.170
15.533884	18139.248
15.540267	18127.579
15.546650	18121.933
15.553033	18124.813
15.559416	18076.669
15.565799	18048.809
15.572181	18031.244
15.578564	18016.202
15.584947	18004.181
15.591330	18020.705
15.597713	18022.388
15.604095	17983.226
15.610478	17984.358
15.616861	17988.609
15.623244	17944.418
15.629627	17953.097
15.636010	17992.427
15.642392	17983.587
15.648775	17962.467
15.655158	17974.909
15.661541	17970.466
15.667924	17950.341
15.674306	17923.261
15.680689	17892.041
15.687072	17858.885
15.693455	17846.799
15.699838	17862.587
15.706221	17903.892
15.712603	17893.539
15.718986	17873.076
15.725369	17888.765
15.731752	17958.286
15.738135	17982.673
15.744517	17919.856
15.750900	17920.630
15.757283	17978.671
15.763666	18022.914
15.770049	18015.578
15.776432	17983.094
15.782814	17995.331
15.789197	17992.599
15.795580	17993.827
15.801963	17975.644
15.808346	17922.606
15.814728	17878.764
15.821111	17841.235
15.827494	17793.232
15.833877	17751.081
15.840260	17723.068
15.846643	17686.324
15.853025	17644.792
15.859408	17632.972
15.865791	17621.950
15.872174	17636.196
15.878557	17628.197
15.884939	17625.606
15.891322	17625.229
15.897705	17592.998
15.904088	17587.456
15.910471	17587.228
15.916854	17569.281
15.923236	17570.649
15.929619	17607.716
15.936002	17633.823
15.942385	17618.091
15.948768	17607.596
15.955150	17558.211
15.961533	17518.369
15.967916	17511.022
15.974299	17492.771
15.980682	17464.640
15.987065	17450.678
15.993447	17478.435
15.999830	17488.322
16.006213	17450.387
16.012596	17430.667
16.018979	17437.347
16.025361	17485.108
16.031744	17490.361
16.038127	17426.088
16.044510	17373.393
16.050893	17357.469
16.057276	17335.172
16.063658	17335.406
16.070041	17324.114
16.076424	17278.447
16.082807	17265.408
16.089190	17239.967
16.095572	17240.041
16.101955	17266.480
16.108338	17255.727
16.114721	17239.694
16.121104	17252.296
16.127487	17236.122
16.133869	17217.974
16.140252	17233.232
16.146635	17240.611
16.153018	17226.429
16.159401	17262.812
16.165783	17233.379
16.172166	17205.666
16.178549	17190.188
16.184932	17214.522
16.191315	17219.482
16.197698	17178.617
16.204080	17128.755
16.210463	17117.553
16.216846	17116.511
16.223229	17083.530
16.229612	17057.398
16.235994	17087.666
16.242377	17113.814
16.248760	17094.219
16.255143	17079.312
16.261526	17070.840
16.267909	17071.021
16.274291	17078.085
16.280674	17065.328
16.287057	17030.575
16.293440	17026.389
16.299823	17037.724
16.306205	17025.138
16.312588	16992.281
16.318971	16938.828
16.325354	16918.256
16.331737	16889.009
16.338120	16852.948
16.344502	16868.934
16.350885	16857.996
16.357268	16831.618
16.363651	16828.366
16.370034	16826.965
16.376416	16837.006
16.382799	16811.705
16.389182	16826.750
16.395565	16874.875
16.401948	16831.628
16.408331	16748.326
16.414713	16753.910
16.421096	16787.583
16.427479	16782.154
16.433862	16723.386
16.440245	16693.256
16.446627	16708.661
16.453010	16701.847
16.459393	16723.148
16.465776	16764.276
16.472159	16770.272
16.478542	16755.533
16.484924	16750.799
16.491307	16750.273
16.497690	16759.993
16.504073	16746.191
16.510456	16718.975
16.516838	16701.811
16.523221	16726.165
16.529604	16766.112
16.535987	16741.015
16.542370	16672.143
16.548753	16639.048
16.555135	16613.313
16.561518	16575.711
16.567901	16561.364
16.574284	16566.648
16.580667	16567.731
16.587049	16585.923
16.593432	16534.854
16.599815	16461.320
16.606198	16430.699
16.612581	16438.365
16.618964	16447.237
16.625346	16418.527
16.631729	16403.139
16.638112	16386.044
16.644495	16388.747
16.650878	16429.597
16.657260	16419.396
16.663643	16414.286
16.670026	16425.610
16.676409	16401.900
16.682792	16359.386
16.689175	16333.997
16.695557	16335.568
16.701940	16384.111
16.708323	16382.505
16.714706	16346.675
16.721089	16345.210
16.727471	16331.249
16.733854	16299.742
16.740237	16246.268
16.746620	16254.552
16.753003	16272.567
16.759386	16244.051
16.765768	16282.728
16.772151	16320.768
16.778534	16288.631
16.784917	16263.951
16.791300	16272.497
16.797682	16270.313
16.804065	16248.678
16.810448	16217.251
16.816831	16212.281
16.823214	16232.749
16.829597	16273.945
16.835979	16300.810
16.842362	16291.574
16.848745	16263.038
16.855128	16234.138
16.861511	16259.452
16.867893	16328.371
16.874276	16309.419
16.880659	16300.271
16.887042	16294.961
16.893425	16261.889
16.899808	16286.286
16.906190	16299.927
16.912573	16295.201
16.918956	16302.857
16.925339	16289.543
16.931722	16275.920
16.938104	16269.324
16.944487	16224.658
16.950870	16226.267
16.957253	16202.754
16.963636	16193.161
16.970019	16202.257
16.976401	16170.659
16.982784	16127.405
16.989167	16110.045
16.995550	16120.619
17.001933	16122.558
17.008316	16113.122
17.014698	16076.926
17.021081	16064.881
17.027464	16111.740
17.033847	16139.755
17.040230	16146.224
17.046612	16121.890
17.052995	16075.469
17.059378	16033.525
17.065761	16040.498
17.072144	16066.933
17.078527	16086.913
17.084909	16108.756
17.091292	16153.075
17.097675	16130.005
17.104058	16085.759
17.110441	16082.908
17.116823	16121.006
17.123206	16155.342
17.129589	16149.349
17.135972	16125.265
17.142355	16049.567
17.148738	16042.135
17.155120	16094.662
17.161503	16122.943
17.167886	16108.456
17.174269	16118.053
17.180652	16086.328
17.187034	16058.032
17.193417	16058.070
17.199800	16097.439
17.206183	16131.765
17.212566	16090.012
17.218949	16076.475
17.225331	16084.877
17.231714	16062.179
17.238097	16069.098
17.244480	16091.620
17.250863	16073.214
17.257245	16092.786
17.263628	16115.343
17.270011	16074.192
17.276394	16055.126
17.282777	16068.681
17.289160	16067.310
17.295542	16045.260
17.301925	16013.245
17.308308	16008.913
17.314691	16028.954
17.321074	16012.060
17.327456	15964.128
17.333839	15935.139
17.340222	15926.939
17.346605	15897.730
17.352988	15922.986
17.359371	15954.799
17.365753	15940.088
17.372136	15943.070
17.378519	15942.313
17.384902	15962.898
17.391285	15974.977
17.397667	15992.468
17.404050	15967.256
17.410433	15936.147
17.416816	15977.204
17.423199	15984.292
17.429582	15967.869
17.435964	15955.703
17.442347	15922.483
17.448730	15916.025
17.455113	15919.302
17.461496	15902.355
17.467878	15924.893
17.474261	15931.190
17.480644	15901.886
17.487027	15909.966
17.493410	15891.384
17.499793	15900.869
17.506175	15886.220
17.512558	15858.997
17.518941	15913.585
17.525324	15904.772
17.531707	15865.901
17.538089	15861.685
17.544472	15853.319
17.550855	15830.516
17.557238	15793.199
17.563621	15784.567
17.570004	15805.300
17.576386	15823.508
17.582769	15811.270
17.589152	15788.732
17.595535	15752.817
17.601918	15745.006
17.608300	15768.153
17.614683	15783.317
17.621066	15763.607
17.627449	15733.581
17.633832	15718.644
17.640215	15729.533
17.646597	15742.685
17.652980	15723.495
17.659363	15716.180
17.665746	15684.480
17.672129	15710.969
17.678511	15695.257
17.684894	15654.377
17.691277	15682.165
17.697660	15721.484
17.704043	15700.328
17.710426	15681.673
17.716808	15688.704
17.723191	15657.478
17.729574	15619.488
17.735957	15642.323
17.742340	15650.158
17.748722	15635.311
17.755105	15622.712
17.761488	15612.089
17.767871	15630.118
17.774254	15623.517
17.780637	15599.309
17.787019	15550.262
17.793402	15546.221
17.799785	15517.590
17.806168	15497.190
17.812551	15533.211
17.818933	15541.669
17.825316	15533.550
17.831699	15540.618
17.838082	15566.738
17.844465	15508.259
17.850848	15498.079
17.857230	15538.608
17.863613	15578.349
17.869996	15560.148
17.876379	15519.789
17.882762	15469.898
17.889144	15485.331
17.895527	15502.183
17.901910	15476.137
17.908293	15456.433
17.914676	15469.832
17.921059	15441.629
17.927441	15390.020
17.933824	15442.544
17.940207	15450.382
17.946590	15408.027
17.952973	15420.111
17.959355	15430.795
17.965738	15400.662
17.972121	15436.826
17.978504	15489.797
17.984887	15436.083
17.991270	15384.292
17.997652	15395.772
18.004035	15417.760
18.010418	15424.829
18.016801	15396.763
18.023184	15402.097
18.029566	15408.684
18.035949	15436.654
18.042332	15430.058
18.048715	15419.501
18.055098	15434.437
18.061481	15445.683
18.067863	15399.316
18.074246	15376.441
18.080629	15384.447
18.087012	15378.955
18.093395	15364.343
18.099777	15370.674
18.106160	15385.078
18.112543	15383.039
18.118926	15378.896
18.125309	15350.773
18.131692	15378.066
18.138074	15353.997
18.144457	15381.117
18.150840	15442.620
18.157223	15458.226
18.163606	15426.612
18.169988	15389.771
18.176371	15400.697
18.182754	15404.125
18.189137	15374.661
18.195520	15368.108
18.201903	15372.717
18.208285	15352.410
18.214668	15342.612
18.221051	15322.210
18.227434	15321.386
18.233817	15324.991
18.240199	15327.578
18.246582	15329.201
18.252965	15325.504
18.259348	15373.259
18.265731	15351.632
18.272114	15317.440
18.278496	15325.220
18.284879	15364.527
18.291262	15388.408
18.297645	15366.885
18.304028	15314.313
18.310410	15291.917
18.316793	15299.403
18.323176	15350.911
18.329559	15372.959
18.335942	15320.319
18.342325	15315.705
18.348707	15324.531
18.355090	15318.941
18.361473	15311.428
18.367856	15280.849
18.374239	15287.979
18.380621	15262.350
18.387004	15283.313
18.393387	15313.010
18.399770	15329.699
18.406153	15313.570
18.412536	15279.405
18.418918	15269.544
18.425301	15287.677
18.431684	15266.553
18.438067	15257.147
18.444450	15265.191
18.450832	15228.915
18.457215	15238.981
18.463598	15283.147
18.469981	15341.906
18.476364	15278.753
18.482747	15244.354
18.489129	15234.955
18.495512	15253.252
18.501895	15260.662
18.508278	15250.076
18.514661	15266.402
18.521043	15293.496
18.527426	15302.261
18.533809	15256.046
18.540192	15273.189
18.546575	15290.141
18.552958	15300.580
18.559340	15279.067
18.565723	15292.799
18.572106	15292.909
18.578489	15271.149
18.584872	15268.095
18.591254	15267.380
18.597637	15261.033
18.604020	15272.357
18.610403	15241.413
18.616786	15217.533
18.623169	15234.967
18.629551	15302.806
18.635934	15311.532
18.642317	15308.756
18.648700	15295.375
18.655083	15223.318
18.661465	15177.223
18.667848	15192.008
18.674231	15231.915
18.680614	15240.820
18.686997	15216.574
18.693380	15189.402
18.699762	15160.798
18.706145	15188.587
18.712528	15228.541
18.718911	15208.307
18.725294	15197.464
18.731676	15209.499
18.738059	15197.829
18.744442	15187.903
18.750825	15175.927
18.757208	15195.513
18.763591	15169.965
18.769973	15147.928
18.776356	15147.668
18.782739	15169.959
18.789122	15153.960
18.795505	15114.789
18.801887	15111.294
18.808270	15142.349
18.814653	15151.081
18.821036	15121.436
18.827419	15139.126
18.833802	15189.353
18.840184	15166.559
18.846567	15152.148
18.852950	15141.752
18.859333	15160.040
18.865716	15185.302
18.872098	15153.315
18.878481	15131.749
18.884864	15180.273
18.891247	15170.167
18.897630	15137.826
18.904013	15124.938
18.910395	15157.227
18.916778	15186.829
18.923161	15154.730
18.929544	15204.762
18.935927	15196.816
18.942309	15143.326
18.948692	15124.585
18.955075	15116.621
18.961458	15084.027
18.967841	15095.620
18.974224	15105.244
18.980606	15112.357
18.986989	15129.415
18.993372	15145.456
18.999755	15154.442
19.006138	15132.445
19.012520	15114.683
19.018903	15118.297
19.025286	15115.489
19.031669	15087.959
19.038052	15055.693
19.044435	15044.435
19.050817	15067.998
19.057200	15093.822
19.063583	15080.916
19.069966	15050.934
19.076349	15054.579
19.082731	15033.190
19.089114	15029.404
19.095497	15031.779
19.101880	15054.200
19.108263	15042.740
19.114646	15030.734
19.121028	14976.917
19.127411	15003.821
19.133794	15043.213
19.140177	15048.177
19.146560	15045.697
19.152942	14992.160
19.159325	14963.588
19.165708	14974.577
19.172091	15010.080
19.178474	15003.554
19.184857	14974.437
19.191239	14975.276
19.197622	15000.461
19.204005	15027.929
19.210388	15069.437
19.216771	15015.298
19.223153	14976.039
19.229536	14968.597
19.235919	14948.298
19.242302	14933.753
19.248685	14945.224
19.255068	15002.837
19.261450	14955.067
19.267833	14942.297
19.274216	14963.323
19.280599	14900.673
19.286982	14870.307
19.293364	14876.571
19.299747	14880.165
19.306130	14862.974
19.312513	14893.120
19.318896	14866.602
19.325279	14888.630
19.331661	14924.902
19.338044	14876.294
19.344427	14822.572
19.350810	14771.007
19.357193	14806.224
19.363575	14856.266
19.369958	14844.571
19.376341	14847.660
19.382724	14853.388
19.389107	14828.268
19.395490	14844.349
19.401872	14863.795
19.408255	14908.736
19.414638	14858.870
19.421021	14804.434
19.427404	14794.533
19.433786	14787.577
19.440169	14806.360
19.446552	14814.087
19.452935	14820.298
19.459318	14831.809
19.465701	14801.032
19.472083	14794.538
19.478466	14764.760
19.484849	14725.968
19.491232	14729.862
19.497615	14719.379
19.503997	14707.703
19.510380	14662.713
19.516763	14663.576
19.523146	14655.926
19.529529	14689.371
19.535912	14754.313
19.542294	14765.125
19.548677	14711.830
19.555060	14624.730
19.561443	14586.027
19.567826	14627.839
19.574208	14654.144
19.580591	14667.766
19.586974	14672.312
19.593357	14654.952
19.599740	14638.674
19.606123	14691.593
19.612505	14684.291
19.618888	14620.287
19.625271	14610.529
19.631654	14611.596
19.638037	14625.338
19.644419	14624.631
19.650802	14613.827
19.657185	14639.208
19.663568	14627.225
19.669951	14606.260
19.676334	14631.818
19.682716	14587.377
19.689099	14560.106
19.695482	14579.461
19.701865	14553.742
19.708248	14534.853
19.714630	14559.326
19.721013	14583.695
19.727396	14552.918
19.733779	14504.632
19.740162	14505.622
19.746545	14516.693
19.752927	14505.908
19.759310	14520.774
19.765693	14519.662
19.772076	14502.537
19.778459	14537.329
19.784841	14500.122
19.791224	14555.047
19.797607	14528.568
19.803990	14503.376
19.810373	14518.129
19.816756	14526.657
19.823138	14523.400
19.829521	14556.581
19.835904	14558.179
19.842287	14507.380
19.848670	14486.663
19.855052	14476.044
19.861435	14483.802
19.867818	14538.196
19.874201	14510.092
19.880584	14449.538
19.886967	14461.494
19.893349	14454.246
19.899732	14379.268
19.906115	14395.562
19.912498	14411.666
19.918881	14399.076
19.925263	14435.987
19.931646	14429.852
19.938029	14436.697
19.944412	14447.529
19.950795	14452.088
19.957178	14427.968
19.963560	14390.142
19.969943	14415.350
19.976326	14464.933
19.982709	14406.559
19.989092	14367.307
19.995474	14372.064
20.001857	14362.233
20.008240	14414.077
20.014623	14418.715
20.021006	14315.223
20.027389	14339.348
20.033771	14392.836
20.040154	14343.106
20.046537	14311.643
20.052920	14334.884
20.059303	14358.601
20.065685	14375.862
20.072068	14348.567
20.078451	14327.985
20.084834	14355.071
20.091217	14363.933
20.097600	14350.665
20.103982	14350.080
20.110365	14363.959
20.116748	14410.893
20.123131	14377.800
20.129514	14331.857
20.135896	14327.496
20.142279	14331.987
20.148662	14315.867
20.155045	14311.849
20.161428	14294.767
20.167811	14311.616
20.174193	14331.368
20.180576	14306.610
20.186959	14323.430
20.193342	14335.182
20.199725	14287.207
20.206108	14248.769
20.212490	14259.342
20.218873	14279.503
20.225256	14303.368
20.231639	14302.782
20.238022	14278.676
20.244404	14282.288
20.250787	14327.671
20.257170	14355.707
20.263553	14310.238
20.269936	14274.242
20.276319	14268.414
20.282701	14268.327
20.289084	14224.090
20.295467	14285.431
20.301850	14324.501
20.308233	14288.496
20.314615	14330.477
20.320998	14345.533
20.327381	14345.599
20.333764	14337.404
20.340147	14321.384
20.346530	14292.913
20.352912	14245.937
20.359295	14257.310
20.365678	14277.522
20.372061	14283.674
20.378444	14310.154
20.384826	14294.883
20.391209	14279.811
20.397592	14262.355
20.403975	14273.829
20.410358	14205.343
20.416741	14165.026
20.423123	14134.426
20.429506	14188.028
20.435889	14250.291
20.442272	14271.702
20.448655	14211.536
20.455037	14217.132
20.461420	14207.515
20.467803	14200.399
20.474186	14215.209
20.480569	14285.493
20.486952	14294.289
20.493334	14210.010
20.499717	14218.396
20.506100	14199.328
20.512483	14154.280
20.518866	14174.138
20.525248	14223.513
20.531631	14201.953
20.538014	14160.351
20.544397	14185.878
20.550780	14191.394
20.557163	14145.818
20.563545	14191.278
20.569928	14207.283
20.576311	14189.631
20.582694	14201.736
20.589077	14204.651
20.595459	14123.857
20.601842	14117.880
20.608225	14214.795
20.614608	14194.139
20.620991	14158.963
20.627374	14153.550
20.633756	14194.017
20.640139	14171.374
20.646522	14136.068
20.652905	14188.209
20.659288	14226.851
20.665670	14158.674
20.672053	14128.355
20.678436	14111.273
20.684819	14096.015
20.691202	14087.877
20.697585	14084.446
20.703967	14152.737
20.710350	14128.196
20.716733	14145.629
20.723116	14158.600
20.729499	14133.697
20.735881	14142.908
20.742264	14162.741
20.748647	14153.117
20.755030	14082.414
20.761413	14109.714
20.767796	14182.107
20.774178	14192.955
20.780561	14137.856
20.786944	14085.876
20.793327	14079.618
20.799710	14120.443
20.806092	14118.551
20.812475	14096.446
20.818858	14094.998
20.825241	14110.322
20.831624	14081.377
20.838007	14109.502
20.844389	14160.816
20.850772	14125.686
20.857155	14044.365
20.863538	14071.551
20.869921	14109.246
20.876303	14095.408
20.882686	14133.977
20.889069	14134.361
20.895452	14093.727
20.901835	14046.156
20.908218	14050.576
20.914600	14084.812
20.920983	14114.279
20.927366	14095.727
20.933749	14080.084
20.940132	14071.050
20.946514	13977.066
20.952897	14035.043
20.959280	14095.649
20.965663	14122.896
20.972046	14086.252
20.978429	14051.286
20.984811	14022.604
20.991194	14031.208
20.997577	14049.413
21.003960	14012.007
21.010343	13998.697
21.016725	14012.559
21.023108	14037.761
21.029491	14040.611
21.035874	14024.478
21.042257	13999.395
21.048640	14002.354
21.055022	14033.327
21.061405	13972.406
21.067788	13990.706
21.074171	14007.864
21.080554	14014.775
21.086936	13991.832
21.093319	13991.676
21.099702	13934.648
21.106085	13924.122
21.112468	13951.364
21.118851	14016.521
21.125233	14056.615
21.131616	14034.921
21.137999	13958.245
21.144382	13985.855
21.150765	13987.760
21.157147	13960.708
21.163530	13969.693
21.169913	13959.395
21.176296	13954.368
21.182679	13967.202
21.189062	13950.028
21.195444	13928.943
21.201827	13934.899
21.208210	13959.956
21.214593	13922.231
21.220976	13891.817
21.227358	13890.806
21.233741	13846.654
21.240124	13879.298
21.246507	13877.259
21.252890	13925.851
21.259273	13903.772
21.265655	13887.147
21.272038	13884.854
21.278421	13845.963
21.284804	13840.137
21.291187	13881.704
21.297569	13894.092
21.303952	13871.569
21.310335	13905.214
21.316718	13906.067
21.323101	13848.641
21.329484	13860.299
21.335866	13859.949
21.342249	13875.256
21.348632	13905.484
21.355015	13920.450
21.361398	13929.038
21.367780	13902.161
21.374163	13879.043
21.380546	13909.482
21.386929	13895.105
21.393312	13927.167
21.399695	13915.238
21.406077	13875.795
21.412460	13878.920
21.418843	13860.789
21.425226	13814.651
21.431609	13843.968
21.437991	13936.986
21.444374	13901.953
21.450757	13868.673
21.457140	13899.052
21.463523	13903.879
21.469906	13859.604
21.476288	13870.874
21.482671	13807.675
21.489054	13839.400
21.495437	13845.237
21.501820	13834.030
21.508202	13838.161
21.514585	13854.413
21.520968	13866.919
21.527351	13867.848
21.533734	13836.860
21.540117	13850.007
21.546499	13858.259
21.552882	13866.645
21.559265	13834.796
21.565648	13797.801
21.572031	13744.766
21.578413	13767.787
21.584796	13813.473
21.591179	13840.722
21.597562	13861.665
21.603945	13818.869
21.610328	13788.558
21.616710	13800.337
21.623093	13822.957
21.629476	13769.056
21.635859	13811.493
21.642242	13787.784
21.648624	13731.434
21.655007	13762.584
21.661390	13757.571
21.667773	13782.940
21.674156	13792.757
21.680539	13779.803
21.686921	13776.293
21.693304	13783.767
21.699687	13797.025
21.706070	13788.328
21.712453	13791.511
21.718835	13798.257
21.725218	13805.475
21.731601	13742.674
21.737984	13735.966
21.744367	13762.659
21.750750	13783.273
21.757132	13769.464
21.763515	13794.951
21.769898	13808.416
21.776281	13854.580
21.782664	13778.782
21.789046	13744.244
21.795429	13797.670
21.801812	13850.599
21.808195	13835.165
21.814578	13815.652
21.820961	13785.384
21.827343	13763.899
21.833726	13749.277
21.840109	13728.683
21.846492	13801.430
21.852875	13753.475
21.859257	13716.078
21.865640	13784.223
21.872023	13751.094
21.878406	13751.202
21.884789	13796.827
21.891172	13781.732
21.897554	13753.709
21.903937	13750.675
21.910320	13771.475
21.916703	13787.039
21.923086	13758.513
21.929468	13732.483
21.935851	13742.051
21.942234	13777.616
21.948617	13755.030
21.955000	13778.484
21.961383	13759.472
21.967765	13694.608
21.974148	13711.733
21.980531	13790.688
21.986914	13753.669
21.993297	13703.573
21.999679	13738.092
22.006062	13718.100
22.012445	13712.266
22.018828	13731.441
22.025211	13766.888
22.031594	13756.773
22.037976	13729.138
22.044359	13745.520
22.050742	13780.441
22.057125	13823.073
22.063508	13797.159
22.069890	13738.181
22.076273	13767.282
22.082656	13801.427
22.089039	13796.857
22.095422	13713.607
22.101805	13708.050
22.108187	13628.474
22.114570	13776.809
22.120953	13802.827
22.127336	13721.829
22.133719	13691.079
22.140101	13706.260
22.146484	13750.344
22.152867	13778.175
22.159250	13740.837
22.165633	13751.985
22.172016	13717.464
22.178398	13749.437
22.184781	13728.677
22.191164	13709.629
22.197547	13685.511
22.203930	13672.150
22.210312	13703.289
22.216695	13711.534
22.223078	13737.537
22.229461	13700.438
22.235844	13696.370
22.242227	13743.817
22.248609	13683.034
22.254992	13723.763
22.261375	13760.789
22.267758	13746.033
22.274141	13742.572
22.280523	13674.360
22.286906	13608.570
22.293289	13609.625
22.299672	13667.026
22.306055	13719.616
22.312438	13757.473
22.318820	13671.071
22.325203	13718.295
22.331586	13681.005
22.337969	13638.123
22.344352	13669.447
22.350734	13679.290
22.357117	13613.821
22.363500	13642.004
22.369883	13731.366
22.376266	13705.831
22.382649	13709.234
22.389031	13680.593
22.395414	13662.698
22.401797	13638.868
22.408180	13615.080
22.414563	13696.462
22.420945	13661.607
22.427328	13597.267
22.433711	13541.232
22.440094	13614.691
22.446477	13682.015
22.452860	13701.422
22.459242	13692.686
22.465625	13661.601
22.472008	13628.639
22.478391	13620.573
22.484774	13622.538
22.491156	13639.651
22.497539	13614.752
22.503922	13582.367
22.510305	13614.969
22.516688	13661.791
22.523071	13620.576
22.529453	13661.237
22.535836	13647.006
22.542219	13714.654
22.548602	13727.192
22.554985	13630.319
22.561367	13623.178
22.567750	13630.790
22.574133	13688.324
22.580516	13680.734
22.586899	13603.980
22.593282	13612.255
22.599664	13618.891
22.606047	13605.755
22.612430	13602.293
22.618813	13596.203
22.625196	13646.399
22.631578	13627.425
22.637961	13684.667
22.644344	13640.172
22.650727	13646.295
22.657110	13611.210
22.663493	13640.262
22.669875	13630.509
22.676258	13605.590
22.682641	13609.024
22.689024	13572.395
22.695407	13560.220
22.701789	13576.349
22.708172	13592.982
22.714555	13588.841
22.720938	13568.248
22.727321	13536.884
22.733704	13605.998
22.740086	13662.905
22.746469	13568.925
22.752852	13498.470
22.759235	13530.252
22.765618	13555.911
22.772000	13643.690
22.778383	13612.406
22.784766	13564.064
22.791149	13558.863
22.797532	13537.597
22.803915	13591.715
22.810297	13558.920
22.816680	13592.572
22.823063	13592.539
22.829446	13565.236
22.835829	13547.361
22.842211	13561.815
22.848594	13627.518
22.854977	13604.918
22.861360	13492.554
22.867743	13522.137
22.874126	13531.227
22.880508	13541.853
22.886891	13601.117
22.893274	13568.976
22.899657	13446.019
22.906040	13510.655
22.912422	13533.228
22.918805	13506.385
22.925188	13471.807
22.931571	13512.067
22.937954	13488.667
22.944337	13536.099
22.950719	13491.226
22.957102	13527.671
22.963485	13509.531
22.969868	13486.501
22.976251	13545.134
22.982633	13548.239
22.989016	13453.366
22.995399	13487.528
23.001782	13508.915
23.008165	13481.896
23.014548	13518.346
23.020930	13476.354
23.027313	13609.056
23.033696	13539.620
23.040079	13473.914
23.046462	13507.465
23.052844	13502.522
23.059227	13475.658
23.065610	13492.940
23.071993	13454.816
23.078376	13437.674
23.084759	13498.112
23.091141	13492.641
23.097524	13465.080
23.103907	13469.317
23.110290	13496.372
23.116673	13497.064
23.123055	13461.658
23.129438	13464.199
23.135821	13490.026
23.142204	13498.650
23.148587	13491.033
23.154970	13491.341
23.161352	13430.816
23.167735	13386.446
23.174118	13404.174
23.180501	13450.843
23.186884	13495.625
23.193266	13396.384
23.199649	13394.069
23.206032	13445.253
23.212415	13418.331
23.218798	13475.877
23.225181	13444.698
23.231563	13378.589
23.237946	13384.622
23.244329	13427.148
23.250712	13423.644
23.257095	13453.776
23.263477	13455.221
23.269860	13454.890
23.276243	13440.756
23.282626	13382.494
23.289009	13375.537
23.295392	13415.374
23.301774	13504.448
23.308157	13450.124
23.314540	13509.772
23.320923	13445.589
23.327306	13345.426
23.333688	13373.559
23.340071	13446.828
23.346454	13396.301
23.352837	13358.500
23.359220	13427.153
23.365603	13397.160
23.371985	13368.407
23.378368	13435.100
23.384751	13347.143
23.391134	13323.272
23.397517	13377.115
23.403900	13363.914
23.410282	13383.102
23.416665	13395.325
23.423048	13453.446
23.429431	13349.188
23.435814	13393.103
23.442196	13398.464
23.448579	13403.539
23.454962	13412.162
23.461345	13320.723
23.467728	13362.732
23.474111	13300.991
23.480493	13320.345
23.486876	13360.316
23.493259	13336.146
23.499642	13357.463
23.506025	13351.289
23.512407	13395.943
23.518790	13338.769
23.525173	13369.011
23.531556	13305.736
23.537939	13319.117
23.544322	13393.659
23.550704	13388.030
23.557087	13430.296
23.563470	13292.938
23.569853	13294.867
23.576236	13306.410
23.582618	13326.955
23.589001	13277.450
23.595384	13340.849
23.601767	13380.134
23.608150	13393.758
23.614533	13416.588
23.620915	13279.939
23.627298	13258.340
23.633681	13326.242
23.640064	13370.671
23.646447	13350.334
23.652829	13343.546
23.659212	13330.643
23.665595	13357.617
23.671978	13267.203
23.678361	13306.154
23.684744	13324.085
23.691126	13310.506
23.697509	13268.949
23.703892	13271.952
23.710275	13324.256
23.716658	13317.003
23.723040	13318.444
23.729423	13281.904
23.735806	13363.616
23.742189	13343.573
23.748572	13311.235
23.754955	13236.432
23.761337	13268.757
23.767720	13350.903
23.774103	13324.246
23.780486	13354.230
23.786869	13277.741
23.793251	13242.754
23.799634	13328.895
23.806017	13365.717
23.812400	13318.242
23.818783	13370.988
23.825166	13385.011
23.831548	13381.554
23.837931	13190.953
23.844314	13255.263
23.850697	13307.303
23.857080	13283.756
23.863462	13188.112
23.869845	13187.475
23.876228	13321.143
23.882611	13372.509
23.888994	13292.490
23.895377	13315.134
23.901759	13260.546
23.908142	13238.904
23.914525	13301.488
23.920908	13355.287
23.927291	13349.256
23.933673	13285.432
23.940056	13171.277
23.946439	13353.900
23.952822	13266.787
23.959205	13131.382
23.965588	13232.706
23.971970	13303.642
23.978353	13296.277
23.984736	13215.043
23.991119	13222.329
23.997502	13213.202
24.003884	13162.663
24.010267	13250.277
24.016650	13319.005
24.023033	13246.172
24.029416	13215.264
24.035799	13253.558
24.042181	13290.641
24.048564	13287.876
24.054947	13306.760
24.061330	13268.712
24.067713	13308.148
24.074095	13209.903
24.080478	13234.617
24.086861	13287.328
24.093244	13225.977
24.099627	13305.303
24.106010	13213.684
24.112392	13293.032
24.118775	13203.439
24.125158	13186.983
24.131541	13268.649
24.137924	13208.823
24.144306	13273.560
24.150689	13221.516
24.157072	13232.888
24.163455	13173.405
24.169838	13180.152
24.176221	13225.948
24.182603	13204.062
24.188986	13214.939
24.195369	13217.152
24.201752	13203.246
24.208135	13193.120
24.214517	13195.376
24.220900	13155.620
24.227283	13176.607
24.233666	13142.728
24.240049	13124.083
24.246432	13133.328
24.252814	13168.603
24.259197	13212.967
24.265580	13141.480
24.271963	13129.955
24.278346	13196.767
24.284728	13195.633
24.291111	13197.407
24.297494	13135.732
24.303877	13114.251
24.310260	13193.428
24.316643	13217.010
24.323025	13153.092
24.329408	13188.795
24.335791	13146.210
24.342174	13127.504
24.348557	13174.936
24.354939	13125.346
24.361322	13061.434
24.367705	13086.432
24.374088	13121.719
24.380471	13036.970
24.386854	13073.621
24.393236	13106.767
24.399619	13079.410
24.406002	13119.054
24.412385	13093.029
24.418768	13081.375
24.425150	13078.607
24.431533	13072.094
24.437916	13131.401
24.444299	13162.656
24.450682	13164.346
24.457065	13103.137
24.463447	13135.980
24.469830	13081.557
24.476213	13155.896
24.482596	13065.870
24.488979	13039.959
24.495361	13118.285
24.501744	13145.317
24.508127	13156.800
24.514510	13216.484
24.520893	13051.619
24.527276	13092.226
24.533658	13003.593
24.540041	13009.276
24.546424	13114.628
24.552807	13171.237
24.559190	13074.792
24.565572	13018.426
24.571955	13047.428
24.578338	13096.977
24.584721	13073.388
24.591104	13060.156
24.597487	13019.615
24.603869	13006.702
24.610252	12982.150
24.616635	13016.128
24.623018	13001.249
24.629401	13062.730
24.635783	13059.232
24.642166	12954.699
24.648549	13004.244
24.654932	13105.149
24.661315	13112.602
24.667698	12985.311
24.674080	13035.690
24.680463	13011.553
24.686846	12944.705
24.693229	13057.204
24.699612	13082.703
24.705994	13009.033
24.712377	13039.140
24.718760	12984.250
24.725143	13033.294
24.731526	13025.100
24.737909	13082.532
24.744291	13013.267
24.750674	12951.262
24.757057	13026.885
24.763440	12985.837
24.769823	13063.307
24.776205	13014.966
24.782588	12976.734
24.788971	12903.891
24.795354	12889.155
24.801737	12927.463
24.808120	12968.115
24.814502	13002.873
24.820885	13039.729
24.827268	12997.823
24.833651	12947.911
24.840034	13023.886
24.846416	12932.725
24.852799	12978.707
24.859182	12996.454
24.865565	12933.165
24.871948	12974.368
24.878331	12928.702
24.884713	12922.894
24.891096	13010.704
24.897479	13041.718
24.903862	13071.915
24.910245	13021.057
24.916627	12853.902
24.923010	12961.149
24.929393	12897.773
24.935776	12940.891
24.942159	12981.912
24.948542	12961.907
24.954924	12960.092
24.961307	13015.281
24.967690	12963.699
24.974073	12929.094
24.980456	12962.451
24.986838	13003.642
24.993221	12968.648
24.999604	12978.820
25.005987	12869.219
25.012370	12927.468
25.018753	13097.722
25.025135	13006.928
25.031518	12931.604
25.037901	12961.726
25.044284	12941.263
25.050667	12903.399
25.057049	12971.587
25.063432	12947.918
25.069815	12978.029
25.076198	12973.415
25.082581	13026.365
25.088964	12973.048
25.095346	12968.419
25.101729	12922.734
25.108112	12965.024
25.114495	12875.529
25.120878	12774.244
25.127260	12910.576
25.133643	12885.698
25.140026	12958.334
25.146409	12927.320
25.152792	12903.447
25.159175	12925.135
25.165557	12806.643
25.171940	12868.215
25.178323	12910.721
25.184706	12942.074
25.191089	12972.324
25.197471	12938.842
25.203854	12944.466
25.210237	12918.083
25.216620	12899.689
25.223003	12950.499
25.229386	12793.300
25.235768	12857.119
25.242151	12972.448
25.248534	12956.080
25.254917	12909.037
25.261300	12898.795
25.267682	12863.318
25.274065	12826.307
25.280448	12920.627
25.286831	12909.627
25.293214	12903.489
25.299597	12854.526
25.305979	12898.784
25.312362	12885.756
25.318745	12840.667
25.325128	12816.685
25.331511	12912.316
25.337893	12917.589
25.344276	12835.505
25.350659	12827.356
25.357042	12844.714
25.363425	12872.843
25.369808	12846.737
25.376190	12837.901
25.382573	12900.019
25.388956	12928.796
25.395339	12890.774
25.401722	12809.998
25.408104	12878.631
25.414487	12924.747
25.420870	12976.142
25.427253	12883.554
25.433636	12836.204
25.440019	12900.066
25.446401	12776.215
25.452784	12734.433
25.459167	12812.215
25.465550	12924.850
25.471933	12882.273
25.478315	12924.381
25.484698	12803.546
25.491081	12854.617
25.497464	12899.502
25.503847	12874.810
25.510230	12784.179
25.516612	12785.465
25.522995	12859.384
25.529378	12770.382
25.535761	12801.713
25.542144	12815.749
25.548526	12808.105
25.554909	12891.870
25.561292	12850.962
25.567675	12808.316
25.574058	12935.248
25.580441	12817.917
25.586823	12802.770
25.593206	12826.156
25.599589	12819.592
25.605972	12781.794
25.612355	12777.691
25.618737	12832.339
25.625120	12807.775
25.631503	12820.346
25.637886	12776.585
25.644269	12802.861
25.650652	12859.046
25.657034	12886.077
25.663417	12806.643
25.669800	12734.055
25.676183	12719.862
25.682566	12802.412
25.688948	12743.111
25.695331	12855.250
25.701714	12692.830
25.708097	12845.664
25.714480	12744.517
25.720863	12743.694
25.727245	12713.081
25.733628	12750.004
25.740011	12761.894
25.746394	12729.707
25.752777	12767.159
25.759159	12776.233
25.765542	12775.984
25.771925	12815.774
25.778308	12706.005
25.784691	12638.290
25.791074	12772.365
25.797456	12763.557
25.803839	12615.755
25.810222	12630.880
25.816605	12746.891
25.822988	12727.236
25.829370	12635.459
25.835753	12730.002
25.842136	12652.755
25.848519	12702.821
25.854902	12875.908
25.861285	12811.445
25.867667	12728.555
25.874050	12790.136
25.880433	12731.183
25.886816	12695.327
25.893199	12795.710
25.899581	12723.951
25.905964	12708.810
25.912347	12693.148
25.918730	12752.515
25.925113	12735.002
25.931496	12632.791
25.937878	12688.363
25.944261	12713.798
25.950644	12672.622
25.957027	12725.040
25.963410	12740.988
25.969792	12770.052
25.976175	12708.532
25.982558	12701.869
25.988941	12745.446
25.995324	12692.148
26.001707	12713.320
26.008089	12692.828
26.014472	12769.925
26.020855	12735.507
26.027238	12745.657
26.033621	12720.308
26.040003	12564.299
26.046386	12588.486
26.052769	12787.094
26.059152	12764.550
26.065535	12686.803
26.071918	12659.936
26.078300	12704.341
26.084683	12750.086
26.091066	12754.154
26.097449	12676.493
26.103832	12730.815
26.110214	12660.656
26.116597	12769.583
26.122980	12800.967
26.129363	12621.512
26.135746	12674.860
26.142129	12681.026
26.148511	12672.890
26.154894	12714.493
26.161277	12724.683
26.167660	12644.660
26.174043	12690.187
26.180425	12720.441
26.186808	12615.056
26.193191	12754.257
26.199574	12765.748
26.205957	12660.939
26.212340	12659.968
26.218722	12743.825
26.225105	12793.557
26.231488	12705.380
26.237871	12782.207
26.244254	12683.270
26.250636	12669.742
26.257019	12688.439
26.263402	12583.362
26.269785	12610.556
26.276168	12719.510
26.282551	12745.932
26.288933	12644.687
26.295316	12691.753
26.301699	12652.964
26.308082	12530.784
26.314465	12545.116
26.320847	12619.616
26.327230	12593.005
26.333613	12719.429
26.339996	12638.194
26.346379	12657.626
26.352762	12716.466
26.359144	12689.144
26.365527	12610.392
26.371910	12618.139
26.378293	12609.281
26.384676	12688.416
26.391058	12607.764
26.397441	12557.076
26.403824	12605.384
26.410207	12634.303
26.416590	12747.892
26.422973	12727.164
26.429355	12717.415
26.435738	12766.095
26.442121	12817.185
26.448504	12609.587
26.454887	12549.894
26.461269	12547.219
26.467652	12571.141
26.474035	12519.037
26.480418	12531.176
26.486801	12562.816
26.493184	12554.375
26.499566	12494.138
26.505949	12590.781
26.512332	12750.549
26.518715	12685.233
26.525098	12536.496
26.531480	12578.912
26.537863	12615.355
26.544246	12454.806
26.550629	12569.252
26.557012	12627.478
26.563395	12548.369
26.569777	12520.121
26.576160	12494.665
26.582543	12578.901
26.588926	12524.372
26.595309	12621.893
26.601692	12546.911
26.608074	12562.036
26.614457	12629.725
26.620840	12644.371
26.627223	12571.212
26.633606	12672.814
26.639988	12637.670
26.646371	12533.647
26.652754	12710.183
26.659137	12686.226
26.665520	12549.559
26.671903	12528.552
26.678285	12583.230
26.684668	12597.527
26.691051	12559.027
26.697434	12425.122
26.703817	12527.464
26.710199	12540.252
26.716582	12499.487
26.722965	12501.551
26.729348	12535.774
26.735731	12592.539
26.742114	12579.968
26.748496	12554.770
26.754879	12549.415
26.761262	12407.239
26.767645	12616.133
26.774028	12643.363
26.780410	12487.855
26.786793	12594.558
26.793176	12496.061
26.799559	12463.020
26.805942	12474.552
26.812325	12556.874
26.818707	12503.957
26.825090	12498.931
26.831473	12650.519
26.837856	12614.921
26.844239	12506.853
26.850621	12489.483
26.857004	12540.447
26.863387	12569.585
26.869770	12541.472
26.876153	12507.826
26.882536	12573.672
26.888918	12548.553
26.895301	12514.687
26.901684	12382.112
26.908067	12558.049
26.914450	12496.259
26.920832	12549.863
26.927215	12557.417
26.933598	12513.220
26.939981	12501.388
26.946364	12513.094
26.952747	12592.051
26.959129	12610.523
26.965512	12598.725
26.971895	12699.631
26.978278	12462.384
26.984661	12487.597
26.991043	12623.798
26.997426	12511.105
27.003809	12638.781
27.010192	12444.458
27.016575	12487.783
27.022958	12628.416
27.029340	12575.653
27.035723	12559.515
27.042106	12527.274
27.048489	12530.348
27.054872	12619.413
27.061254	12550.949
27.067637	12595.455
27.074020	12515.978
27.080403	12493.467
27.086786	12413.582
27.093169	12380.478
27.099551	12550.424
27.105934	12610.050
27.112317	12507.991
27.118700	12528.588
27.125083	12458.891
27.131465	12505.900
27.137848	12498.173
27.144231	12601.421
27.150614	12567.052
27.156997	12561.216
27.163380	12618.891
27.169762	12603.247
27.176145	12520.690
27.182528	12773.921
27.188911	12613.251
27.195294	12576.191
27.201676	12470.908
27.208059	12546.273
27.214442	12481.398
27.220825	12574.263
27.227208	12505.096
27.233591	12475.584
27.239973	12575.766
27.246356	12611.176
27.252739	12359.057
27.259122	12464.987
27.265505	12681.478
27.271887	12544.118
27.278270	12550.799
27.284653	12461.478
27.291036	12610.960
27.297419	12650.356
27.303802	12572.839
27.310184	12587.200
27.316567	12532.991
27.322950	12489.744
27.329333	12646.459
27.335716	12584.429
27.342098	12554.212
27.348481	12487.304
27.354864	12603.021
27.361247	12579.696
27.367630	12601.133
27.374013	12600.073
27.380395	12597.915
27.386778	12528.883
27.393161	12544.028
27.399544	12449.193
27.405927	12507.421
27.412309	12489.605
27.418692	12573.027
27.425075	12426.836
27.431458	12463.107
27.437841	12502.313
27.444224	12649.290
27.450606	12485.368
27.456989	12459.821
27.463372	12409.239
27.469755	12513.447
27.476138	12587.615
27.482520	12465.022
27.488903	12543.331
27.495286	12430.938
27.501669	12506.761
27.508052	12422.191
27.514435	12346.404
27.520817	12591.671
27.527200	12564.161
27.533583	12516.377
27.539966	12568.432
27.546349	12464.680
27.552731	12527.914
27.559114	12480.362
27.565497	12418.061
27.571880	12597.512
27.578263	12683.149
27.584646	12610.441
27.591028	12616.924
27.597411	12523.742
27.603794	12629.629
27.610177	12630.763
27.616560	12534.018
27.622942	12632.262
27.629325	12409.680
27.635708	12465.009
27.642091	12445.389
27.648474	12534.101
27.654857	12446.429
27.661239	12600.076
27.667622	12483.248
27.674005	12671.370
27.680388	12556.884
27.686771	12585.925
27.693153	12508.044
27.699536	12535.412
27.705919	12462.814
27.712302	12521.058
27.718685	12492.823
27.725068	12448.273
27.731450	12536.631
27.737833	12458.993
27.744216	12382.295
27.750599	12486.455
27.756982	0.0000000
27.763364	0.0000000
27.769747	0.0000000
27.776130	0.0000000
27.782513	0.0000000
27.788896	0.0000000
27.795279	0.0000000
27.801661	0.0000000
27.808044	0.0000000
27.814427	0.0000000
27.820810	0.0000000
27.827193	0.0000000
27.833575	0.0000000
27.839958	0.0000000
27.846341	0.0000000
27.852724	0.0000000
27.859107	0.0000000
27.865490	0.0000000
27.871872	0.0000000
27.878255	0.0000000
27.884638	0.0000000
27.891021	0.0000000
27.897404	0.0000000
27.903786	0.0000000
27.910169	0.0000000
27.916552	0.0000000
27.922935	0.0000000
27.929318	0.0000000
27.935701	0.0000000
27.942083	0.0000000
27.948466	0.0000000
27.954849	0.0000000
27.961232	0.0000000
27.967615	0.0000000
27.973997	0.0000000
27.980380	0.0000000
27.986763	0.0000000
27.993146	0.0000000
27.999529	0.0000000
28.005912	0.0000000
28.012294	0.0000000
28.018677	0.0000000
28.025060	0.0000000
28.031443	0.0000000
28.037826	0.0000000
28.044208	0.0000000
28.050591	0.0000000
28.056974	0.0000000
28.063357	0.0000000
28.069740	0.0000000
28.076123	0.0000000
28.082505	0.0000000
28.088888	0.0000000
28.095271	0.0000000
28.101654	0.0000000
28.108037	0.0000000
28.114419	0.0000000
28.120802	0.0000000
28.127185	0.0000000
28.133568	0.0000000
28.139951	0.0000000
28.146334	0.0000000
28.152716	0.0000000
28.159099	0.0000000
28.165482	0.0000000
28.171865	0.0000000
28.178248	0.0000000
28.184630	0.0000000
28.191013	0.0000000
28.197396	0.0000000
28.203779	0.0000000
28.210162	0.0000000
28.216545	0.0000000
28.222927	0.0000000
28.229310	0.0000000
28.235693	0.0000000
28.242076	0.0000000
28.248459	0.0000000
28.254841	0.0000000
28.261224	0.0000000
28.267607	0.0000000
28.273990	0.0000000
28.280373	0.0000000
28.286756	0.0000000
28.293138	0.0000000
28.299521	0.0000000
28.305904	0.0000000
28.312287	0.0000000
28.318670	0.0000000
28.325052	0.0000000
28.331435	0.0000000
28.337818	0.0000000
28.344201	0.0000000
28.350584	0.0000000
28.356967	0.0000000
28.363349	0.0000000
28.369732	0.0000000
28.376115	0.0000000
28.382498	0.0000000
28.388881	0.0000000
28.395263	0.0000000
28.401646	0.0000000
28.408029	0.0000000
28.414412	0.0000000
28.420795	0.0000000
28.427178	0.0000000
28.433560	0.0000000
28.439943	0.0000000
28.446326	0.0000000
28.452709	0.0000000
28.459092	0.0000000
28.465474	0.0000000
28.471857	0.0000000
28.478240	0.0000000
28.484623	0.0000000
28.491006	0.0000000
28.497389	0.0000000
28.503771	0.0000000
28.510154	0.0000000
28.516537	0.0000000
28.522920	0.0000000
28.529303	0.0000000
28.535685	0.0000000
28.542068	0.0000000
28.548451	0.0000000
28.554834	0.0000000
28.561217	0.0000000
28.567600	0.0000000
28.573982	0.0000000
28.580365	0.0000000
28.586748	0.0000000
28.593131	0.0000000
28.599514	0.0000000
28.605896	0.0000000
28.612279	0.0000000
28.618662	0.0000000
28.625045	0.0000000
28.631428	0.0000000
28.637811	0.0000000
28.644193	0.0000000
28.650576	0.0000000
28.656959	0.0000000
28.663342	0.0000000
28.669725	0.0000000
28.676107	0.0000000
28.682490	0.0000000
28.688873	0.0000000
28.695256	0.0000000
28.701639	0.0000000
28.708022	0.0000000
28.714404	0.0000000
28.720787	0.0000000
28.727170	0.0000000
28.733553	0.0000000
28.739936	0.0000000
28.746318	0.0000000
28.752701	0.0000000
28.759084	0.0000000
28.765467	0.0000000
28.771850	0.0000000
28.778233	0.0000000
28.784615	0.0000000
28.790998	0.0000000
28.797381	0.0000000
28.803764	0.0000000
28.810147	0.0000000
28.816529	0.0000000
28.822912	0.0000000
28.829295	0.0000000
28.835678	0.0000000
28.842061	0.0000000
28.848444	0.0000000
28.854826	0.0000000
28.861209	0.0000000
28.867592	0.0000000
28.873975	0.0000000
28.880358	0.0000000
28.886740	0.0000000
28.893123	0.0000000
28.899506	0.0000000
28.905889	0.0000000
28.912272	0.0000000
28.918655	0.0000000
28.925037	0.0000000
28.931420	0.0000000
28.937803	0.0000000
28.944186	0.0000000
28.950569	0.0000000
28.956951	0.0000000
28.963334	0.0000000
28.969717	0.0000000
28.976100	0.0000000
28.982483	0.0000000
28.988866	0.0000000
28.995248	0.0000000
29.001631	0.0000000
29.008014	0.0000000
29.014397	0.0000000
29.020780	0.0000000
29.027162	0.0000000
29.033545	0.0000000
29.039928	0.0000000
29.046311	0.0000000
29.052694	0.0000000
29.059077	0.0000000
29.065459	0.0000000
29.071842	0.0000000
29.078225	0.0000000
29.084608	0.0000000
29.090991	0.0000000
29.097373	0.0000000
29.103756	0.0000000
29.110139	0.0000000
29.116522	0.0000000
29.122905	0.0000000
29.129288	0.0000000
29.135670	0.0000000
29.142053	0.0000000
29.148436	0.0000000
29.154819	0.0000000
29.161202	0.0000000
29.167584	0.0000000
29.173967	0.0000000
29.180350	0.0000000
29.186733	0.0000000
29.193116	0.0000000
29.199499	0.0000000
29.205881	0.0000000
29.212264	0.0000000
29.218647	0.0000000
29.225030	0.0000000
29.231413	0.0000000
29.237795	0.0000000
29.244178	0.0000000
29.250561	0.0000000
29.256944	0.0000000
29.263327	0.0000000
29.269710	0.0000000
29.276092	0.0000000
29.282475	0.0000000
29.288858	0.0000000
29.295241	0.0000000
29.301624	0.0000000
29.308006	0.0000000
29.314389	0.0000000
29.320772	0.0000000
29.327155	0.0000000
29.333538	0.0000000
29.339921	0.0000000
29.346303	0.0000000
29.352686	0.0000000
29.359069	0.0000000
29.365452	0.0000000
29.371835	0.0000000
29.378217	0.0000000
29.384600	0.0000000
29.390983	0.0000000
29.397366	0.0000000
29.403749	0.0000000
29.410132	0.0000000
29.416514	0.0000000
29.422897	0.0000000
29.429280	0.0000000
29.435663	0.0000000
29.442046	0.0000000
29.448428	0.0000000
29.454811	0.0000000
29.461194	0.0000000
29.467577	0.0000000
29.473960	0.0000000
29.480343	0.0000000
29.486725	0.0000000
29.493108	0.0000000
29.499491	0.0000000
29.505874	0.0000000
29.512257	0.0000000
29.518639	0.0000000
29.525022	0.0000000
29.531405	0.0000000
29.537788	0.0000000
29.544171	0.0000000
29.550554	0.0000000
29.556936	0.0000000
29.563319	0.0000000
29.569702	0.0000000
29.576085	0.0000000
29.582468	0.0000000
29.588850	0.0000000
29.595233	0.0000000
29.601616	0.0000000
29.607999	0.0000000
29.614382	0.0000000
29.620765	0.0000000
29.627147	0.0000000
29.633530	0.0000000
29.639913	0.0000000
29.646296	0.0000000
29.652679	0.0000000
29.659061	0.0000000
29.665444	0.0000000
29.671827	0.0000000
29.678210	0.0000000
29.684593	0.0000000
29.690976	0.0000000
29.697358	0.0000000
29.703741	0.0000000
29.710124	0.0000000
29.716507	0.0000000
29.722890	0.0000000
29.729272	0.0000000
29.735655	0.0000000
29.742038	0.0000000
29.748421	0.0000000
29.754804	0.0000000
29.761187	0.0000000
29.767569	0.0000000
29.773952	0.0000000
29.780335	0.0000000
29.786718	0.0000000
29.793101	0.0000000
29.799484	0.0000000
29.805866	0.0000000
29.812249	0.0000000
29.818632	0.0000000
29.825015	0.0000000
29.831398	0.0000000
29.837780	0.0000000
29.844163	0.0000000
29.850546	0.0000000
29.856929	0.0000000
29.863312	0.0000000
29.869695	0.0000000
29.876077	0.0000000
29.882460	0.0000000
29.888843	0.0000000
29.895226	0.0000000
29.901609	0.0000000
29.907991	0.0000000
29.914374	0.0000000
29.920757	0.0000000
29.927140	0.0000000
29.933523	0.0000000
29.939906	0.0000000
29.946288	0.0000000
29.952671	0.0000000
29.959054	0.0000000
29.965437	0.0000000
29.971820	0.0000000
29.978202	0.0000000
29.984585	0.0000000
29.990968	0.0000000
29.997351	0.0000000
30.003734	0.0000000
30.010117	0.0000000
30.016499	0.0000000
30.022882	0.0000000
30.029265	0.0000000
30.035648	0.0000000
30.042031	0.0000000
30.048413	0.0000000
30.054796	0.0000000
30.061179	0.0000000
30.067562	0.0000000
30.073945	0.0000000
30.080328	0.0000000
30.086710	0.0000000
30.093093	0.0000000
30.099476	0.0000000
30.105859	0.0000000
30.112242	0.0000000
30.118624	0.0000000
30.125007	0.0000000
30.131390	0.0000000
30.137773	0.0000000
30.144156	0.0000000
30.150539	0.0000000
30.156921	0.0000000
30.163304	0.0000000
30.169687	0.0000000
30.176070	0.0000000
30.182453	0.0000000
30.188835	0.0000000
30.195218	0.0000000
30.201601	0.0000000
30.207984	0.0000000
30.214367	0.0000000
30.220750	0.0000000
30.227132	0.0000000
30.233515	0.0000000
30.239898	0.0000000
30.246281	0.0000000
30.252664	0.0000000
30.259046	0.0000000
30.265429	0.0000000
30.271812	0.0000000
30.278195	0.0000000
30.284578	0.0000000
30.290961	0.0000000
30.297343	0.0000000
30.303726	0.0000000
30.310109	0.0000000
30.316492	0.0000000
30.322875	0.0000000
30.329257	0.0000000
30.335640	0.0000000
30.342023	0.0000000
30.348406	0.0000000
30.354789	0.0000000
30.361172	0.0000000
30.367554	0.0000000
30.373937	0.0000000
30.380320	0.0000000
30.386703	0.0000000
30.393086	0.0000000
30.399468	0.0000000
30.405851	0.0000000
30.412234	0.0000000
30.418617	0.0000000
30.425000	0.0000000
30.431383	0.0000000
30.437765	0.0000000
30.444148	0.0000000
30.450531	0.0000000
30.456914	0.0000000
30.463297	0.0000000
30.469679	0.0000000
30.476062	0.0000000
30.482445	0.0000000
30.488828	0.0000000
30.495211	0.0000000
30.501594	0.0000000
30.507976	0.0000000
30.514359	0.0000000
30.520742	0.0000000
30.527125	0.0000000
30.533508	0.0000000
30.539890	0.0000000
30.546273	0.0000000
30.552656	0.0000000
30.559039	0.0000000
30.565422	0.0000000
30.571805	0.0000000
30.578187	0.0000000
30.584570	0.0000000
30.590953	0.0000000
30.597336	0.0000000
30.603719	0.0000000
30.610101	0.0000000
30.616484	0.0000000
30.622867	0.0000000
30.629250	0.0000000
30.635633	0.0000000
30.642016	0.0000000
30.648398	0.0000000
30.654781	0.0000000
30.661164	0.0000000
30.667547	0.0000000
30.673930	0.0000000
30.680312	0.0000000
30.686695	0.0000000
30.693078	0.0000000
30.699461	0.0000000
30.705844	0.0000000
30.712227	0.0000000
30.718609	0.0000000
30.724992	0.0000000
30.731375	0.0000000
30.737758	0.0000000
30.744141	0.0000000
30.750523	0.0000000
30.756906	0.0000000
30.763289	0.0000000
30.769672	0.0000000
30.776055	0.0000000
30.782438	0.0000000
30.788820	0.0000000
30.795203	0.0000000
30.801586	0.0000000
30.807969	0.0000000
30.814352	0.0000000
30.820734	0.0000000
30.827117	0.0000000
30.833500	0.0000000
30.839883	0.0000000
30.846266	0.0000000
30.852649	0.0000000
30.859031	0.0000000
30.865414	0.0000000
30.871797	0.0000000
30.878180	0.0000000
30.884563	0.0000000
30.890945	0.0000000
30.897328	0.0000000
30.903711	0.0000000
30.910094	0.0000000
30.916477	0.0000000
30.922860	0.0000000
30.929242	0.0000000
30.935625	0.0000000
30.942008	0.0000000
30.948391	0.0000000
30.954774	0.0000000
30.961156	0.0000000
30.967539	0.0000000
30.973922	0.0000000
30.980305	0.0000000
30.986688	0.0000000
30.993071	0.0000000
30.999453	0.0000000
31.005836	0.0000000
31.012219	0.0000000
31.018602	0.0000000
31.024985	0.0000000
31.031367	0.0000000
31.037750	0.0000000
31.044133	0.0000000
31.050516	0.0000000
31.056899	0.0000000
31.063282	0.0000000
31.069664	0.0000000
31.076047	0.0000000
31.082430	0.0000000
31.088813	0.0000000
31.095196	0.0000000
31.101578	0.0000000
31.107961	0.0000000
31.114344	0.0000000
31.120727	0.0000000
31.127110	0.0000000
31.133493	0.0000000
31.139875	0.0000000
31.146258	0.0000000
31.152641	0.0000000
31.159024	0.0000000
31.165407	0.0000000
31.171789	0.0000000
31.178172	0.0000000
31.184555	0.0000000
31.190938	0.0000000
31.197321	0.0000000
31.203704	0.0000000
31.210086	0.0000000
31.216469	0.0000000
31.222852	0.0000000
31.229235	0.0000000
31.235618	0.0000000
31.242000	0.0000000
31.248383	0.0000000
31.254766	0.0000000
31.261149	0.0000000
31.267532	0.0000000
31.273915	0.0000000
31.280297	0.0000000
31.286680	0.0000000
31.293063	0.0000000
31.299446	0.0000000
31.305829	0.0000000
31.312211	0.0000000
31.318594	0.0000000
31.324977	0.0000000
31.331360	0.0000000
31.337743	0.0000000
31.344126	0.0000000
31.350508	0.0000000
31.356891	0.0000000
31.363274	0.0000000
31.369657	0.0000000
31.376040	0.0000000
31.382422	0.0000000
31.388805	0.0000000
31.395188	0.0000000
31.401571	0.0000000
31.407954	0.0000000
31.414337	0.0000000
31.420719	0.0000000
31.427102	0.0000000
31.433485	0.0000000
31.439868	0.0000000
31.446251	0.0000000
31.452633	0.0000000
31.459016	0.0000000
31.465399	0.0000000
31.471782	0.0000000
31.478165	0.0000000
31.484548	0.0000000
31.490930	0.0000000
31.497313	0.0000000
31.503696	0.0000000
31.510079	0.0000000
31.516462	0.0000000
31.522844	0.0000000
31.529227	0.0000000
31.535610	0.0000000
31.541993	0.0000000
31.548376	0.0000000
31.554759	0.0000000
31.561141	0.0000000
31.567524	0.0000000
31.573907	0.0000000
31.580290	0.0000000
31.586673	0.0000000
31.593055	0.0000000
31.599438	0.0000000
31.605821	0.0000000
31.612204	0.0000000
31.618587	0.0000000
31.624970	0.0000000
31.631352	0.0000000
31.637735	0.0000000
31.644118	0.0000000
31.650501	0.0000000
31.656884	0.0000000
31.663266	0.0000000
31.669649	0.0000000
31.676032	0.0000000
31.682415	0.0000000
31.688798	0.0000000
31.695181	0.0000000
31.701563	0.0000000
31.707946	0.0000000
31.714329	0.0000000
31.720712	0.0000000
31.727095	0.0000000
31.733477	0.0000000
31.739860	0.0000000
31.746243	0.0000000
31.752626	0.0000000
31.759009	0.0000000
31.765392	0.0000000
31.771774	0.0000000
31.778157	0.0000000
31.784540	0.0000000
31.790923	0.0000000
31.797306	0.0000000
31.803688	0.0000000
31.810071	0.0000000
31.816454	0.0000000
31.822837	0.0000000
31.829220	0.0000000
31.835603	0.0000000
31.841985	0.0000000
31.848368	0.0000000
31.854751	0.0000000
31.861134	0.0000000
31.867517	0.0000000
31.873899	0.0000000
31.880282	0.0000000
31.886665	0.0000000
31.893048	0.0000000
31.899431	0.0000000
31.905814	0.0000000
31.912196	0.0000000
31.918579	0.0000000
