0.010870201	0.0000000
0.017253020	0.0000000
0.023635838	0.0000000
0.030018656	0.0000000
0.036401475	0.0000000
0.042784293	0.0000000
0.049167111	0.0000000
0.055549930	0.0000000
0.061932748	0.0000000
0.068315566	0.0000000
0.074698385	0.0000000
0.081081203	0.0000000
0.087464022	0.0000000
0.093846840	0.0000000
0.10022966	0.0000000
0.10661248	0.0000000
0.11299529	0.0000000
0.11937811	0.0000000
0.12576093	0.0000000
0.13214375	0.0000000
0.13852657	0.0000000
0.14490939	0.0000000
0.15129221	0.0000000
0.15767502	0.0000000
0.16405784	0.0000000
0.17044066	0.0000000
0.17682348	0.0000000
0.18320630	0.0000000
0.18958912	0.0000000
0.19597193	0.0000000
0.20235475	15779.371
0.20873757	15749.049
0.21512039	14450.814
0.22150321	12172.399
0.22788603	10972.933
0.23426884	9394.3643
0.24065166	7763.5919
0.24703448	6728.7281
0.25341730	5643.8755
0.25980012	4856.6243
0.26618294	4037.6726
0.27256575	3424.7617
0.27894857	2727.2786
0.28533139	2339.7644
0.29171421	1912.7132
0.29809703	1534.1180
0.30447985	1187.5243
0.31086266	817.68286
0.31724548	691.50649
0.32362830	335.42532
0.33001112	-179.67257
0.33639394	-348.78682
0.34277676	-607.25676
0.34915957	-611.17647
0.35554239	-935.28845
0.36192521	-778.58185
0.36830803	-934.33570
0.37469085	-912.94594
0.38107367	-726.91898
0.38745648	-511.77421
0.39383930	-243.79817
0.40022212	-292.73140
0.40660494	-266.94226
0.41298776	-474.61687
0.41937058	-566.50300
0.42575339	-735.00560
0.43213621	-819.21745
0.43851903	-845.28945
0.44490185	-923.07438
0.45128467	-994.27672
0.45766749	-1160.2192
0.46405030	-1207.6891
0.47043312	-1219.0825
0.47681594	-1230.0026
0.48319876	-1215.3195
0.48958158	-1178.6307
0.49596440	-1073.1903
0.50234722	-1138.2828
0.50873003	-1171.1933
0.51511285	-1242.0945
0.52149567	-1193.7631
0.52787849	-1100.9789
0.53426131	-982.11488
0.54064413	-914.79000
0.54702694	-870.07040
0.55340976	-871.08617
0.55979258	-878.14817
0.56617540	-844.90898
0.57255822	-774.78721
0.57894104	-672.18494
0.58532385	-613.91868
0.59170667	-561.73517
0.59808949	-571.18247
0.60447231	-584.27785
0.61085513	-560.90817
0.61723795	-413.39317
0.62362076	-323.57233
0.63000358	-251.45669
0.63638640	-195.51335
0.64276922	-94.752444
0.64915204	-32.963366
0.65553486	23.523386
0.66191767	94.457337
0.66830049	171.42325
0.67468331	297.11835
0.68106613	320.13866
0.68744895	367.72922
0.69383177	437.00745
0.70021458	518.15562
0.70659740	664.32615
0.71298022	780.77562
0.71936304	865.20331
0.72574586	930.67236
0.73212868	978.38178
0.73851149	1072.6856
0.74489431	1120.0009
0.75127713	1236.9790
0.75765995	1315.7602
0.76404277	1384.7500
0.77042559	1485.9242
0.77680840	1552.1338
0.78319122	1659.6347
0.78957404	1688.7229
0.79595686	1773.7441
0.80233968	1806.9130
0.80872250	1893.8151
0.81510531	1979.6760
0.82148813	2031.3018
0.82787095	2094.6270
0.83425377	2177.8764
0.84063659	2305.1324
0.84701941	2458.2922
0.85340223	2507.2848
0.85978504	2521.9121
0.86616786	2557.8653
0.87255068	2677.2602
0.87893350	2826.6344
0.88531632	2910.9334
0.89169914	2981.0917
0.89808195	3060.3349
0.90446477	3108.1601
0.91084759	3215.9714
0.91723041	3343.2560
0.92361323	3477.7706
0.92999605	3559.2427
0.93637886	3677.0911
0.94276168	3725.7533
0.94914450	3742.7473
0.95552732	3789.8953
0.96191014	3822.9738
0.96829296	3982.2917
0.97467577	4072.9368
0.98105859	4148.4701
0.98744141	4145.1632
0.99382423	4175.3765
1.0002070	4226.8140
1.0065899	4366.4989
1.0129727	4542.1927
1.0193555	4614.7281
1.0257383	4691.4051
1.0321211	4736.5381
1.0385040	4834.4586
1.0448868	4960.0017
1.0512696	5119.1144
1.0576524	5277.2927
1.0640352	5354.4645
1.0704180	5485.9729
1.0768009	5584.6906
1.0831837	5802.3087
1.0895665	5963.1952
1.0959493	6069.6307
1.1023321	6222.9919
1.1087150	6360.3210
1.1150978	6658.8955
1.1214806	7009.7620
1.1278634	7528.8318
1.1342462	8250.2730
1.1406291	9206.1513
1.1470119	10952.036
1.1533947	13577.755
1.1597775	18271.724
1.1661603	25954.207
1.1725431	37330.759
1.1789260	55343.618
1.1853088	74138.557
1.1916916	97991.132
1.1980744	118752.16
1.2044572	137289.40
1.2108401	153217.32
1.2172229	164188.20
1.2236057	172933.46
1.2299885	175688.72
1.2363713	172270.50
1.2427541	162089.54
1.2491370	146063.28
1.2555198	124745.44
1.2619026	103858.96
1.2682854	81067.111
1.2746682	62155.487
1.2810511	46307.319
1.2874339	34174.196
1.2938167	25842.210
1.3001995	20665.795
1.3065823	18053.578
1.3129651	17095.740
1.3193480	17344.378
1.3257308	18843.058
1.3321136	21627.156
1.3384964	26695.320
1.3448792	35661.182
1.3512621	49771.842
1.3576449	76650.290
1.3640277	114017.11
1.3704105	171059.31
1.3767933	239304.09
1.3831761	310823.00
1.3895590	384290.18
1.3959418	442080.65
1.4023246	494579.94
1.4087074	531029.83
1.4150902	556853.88
1.4214731	566633.79
1.4278559	556255.62
1.4342387	518104.83
1.4406215	467574.53
1.4470043	396021.96
1.4533872	322002.79
1.4597700	252042.32
1.4661528	183849.61
1.4725356	134203.23
1.4789184	91126.196
1.4853012	64968.325
1.4916841	46845.108
1.4980669	37737.739
1.5044497	34444.171
1.5108325	35896.412
1.5172153	41980.156
1.5235982	56100.713
1.5299810	79172.386
1.5363638	113766.26
1.5427466	161268.19
1.5491294	210785.56
1.5555122	265574.99
1.5618951	310983.71
1.5682779	350596.03
1.5746607	381879.26
1.5810435	403495.23
1.5874263	416438.19
1.5938092	414259.98
1.6001920	395088.95
1.6065748	361861.23
1.6129576	314890.88
1.6193404	261826.99
1.6257232	209460.69
1.6321061	159222.27
1.6384889	119058.63
1.6448717	86404.896
1.6512545	65096.612
1.6576373	51789.150
1.6640202	47322.896
1.6704030	50101.233
1.6767858	61667.469
1.6831686	80916.351
1.6895514	114395.42
1.6959342	152623.99
1.7023171	198564.61
1.7086999	242958.33
1.7150827	280799.16
1.7214655	314578.03
1.7278483	337930.03
1.7342312	356376.72
1.7406140	364300.45
1.7469968	360248.60
1.7533796	341160.07
1.7597624	312126.55
1.7661453	267176.34
1.7725281	223848.23
1.7789109	176844.41
1.7852937	134839.11
1.7916765	100626.25
1.7980593	71609.503
1.8044422	53053.849
1.8108250	39235.890
1.8172078	31770.071
1.8235906	27128.107
1.8299734	24578.145
1.8363563	23120.855
1.8427391	22282.353
1.8491219	21865.163
1.8555047	21573.760
1.8618875	21395.696
1.8682703	21262.818
1.8746532	21168.053
1.8810360	21138.765
1.8874188	21231.141
1.8938016	21509.431
1.9001844	22017.034
1.9065673	22841.171
1.9129501	24265.416
1.9193329	26468.705
1.9257157	29784.769
1.9320985	35068.038
1.9384813	41952.022
1.9448642	52613.618
1.9512470	66523.181
1.9576298	86130.567
1.9640126	111094.56
1.9703954	137323.10
1.9767783	166445.79
1.9831611	189790.67
1.9895439	210205.32
1.9959267	224271.05
2.0023095	233622.76
2.0086923	237433.21
2.0150752	234797.73
2.0214580	222898.91
2.0278408	205192.72
2.0342236	180471.06
2.0406064	151925.91
2.0469893	125132.05
2.0533721	96945.186
2.0597549	75804.545
2.0661377	57069.747
2.0725205	44312.584
2.0789034	35203.141
2.0852862	29627.247
2.0916690	26597.151
2.0980518	24680.223
2.1044346	23757.324
2.1108174	23222.438
2.1172003	23020.130
2.1235831	22959.026
2.1299659	23097.944
2.1363487	23447.682
2.1427315	24198.811
2.1491144	25366.985
2.1554972	27075.696
2.1618800	29228.658
2.1682628	31504.258
2.1746456	33796.740
2.1810284	35736.600
2.1874113	37453.705
2.1937941	38745.407
2.2001769	39587.746
2.2065597	39808.944
2.2129425	39266.423
2.2193254	37847.332
2.2257082	35819.630
2.2320910	33032.405
2.2384738	30386.006
2.2448566	27828.659
2.2512394	25706.352
2.2576223	24161.653
2.2640051	23313.471
2.2703879	23475.539
2.2767707	25095.200
2.2831535	28340.565
2.2895364	34677.151
2.2959192	45900.429
2.3023020	62581.214
2.3086848	89950.524
2.3150676	120158.06
2.3214504	157179.64
2.3278333	191986.89
2.3342161	222806.14
2.3405989	250375.53
2.3469817	269915.65
2.3533645	286132.89
2.3597474	293398.15
2.3661302	291251.78
2.3725130	277923.98
2.3788958	255507.82
2.3852786	223106.92
2.3916615	190668.05
2.3980443	155879.54
2.4044271	127177.92
2.4108099	105334.12
2.4171927	91148.501
2.4235755	84087.343
2.4299584	82966.575
2.4363412	85024.238
2.4427240	88514.711
2.4491068	92033.687
2.4554896	95016.183
2.4618725	97031.022
2.4682553	96978.850
2.4746381	94163.511
2.4810209	88930.818
2.4874037	80989.100
2.4937865	72802.383
2.5001694	64944.118
2.5065522	59171.048
2.5129350	56667.114
2.5193178	57969.824
2.5257006	61706.401
2.5320835	67776.174
2.5384663	73959.925
2.5448491	79797.421
2.5512319	84818.820
2.5576147	88392.476
2.5639975	90657.518
2.5703804	90416.954
2.5767632	87171.612
2.5831460	81269.127
2.5895288	73632.000
2.5959116	64067.473
2.6022945	55755.768
2.6086773	47617.846
2.6150601	41816.214
2.6214429	37831.655
2.6278257	35729.666
2.6342085	34960.617
2.6405914	35177.464
2.6469742	35815.058
2.6533570	36641.273
2.6597398	37202.918
2.6661226	37284.245
2.6725055	36757.938
2.6788883	35530.444
2.6852711	33600.293
2.6916539	31384.635
2.6980367	28857.187
2.7044196	26539.829
2.7108024	24331.388
2.7171852	22506.781
2.7235680	21040.504
2.7299508	19935.902
2.7363336	19236.631
2.7427165	18761.646
2.7490993	18463.611
2.7554821	18314.108
2.7618649	18220.750
2.7682477	18199.984
2.7746306	18327.730
2.7810134	18548.894
2.7873962	19028.892
2.7937790	19613.825
2.8001618	20299.131
2.8065446	21052.504
2.8129275	21732.687
2.8193103	22496.506
2.8256931	23125.095
2.8320759	23773.872
2.8384587	24341.765
2.8448416	24797.203
2.8512244	25221.259
2.8576072	25719.162
2.8639900	26586.641
2.8703728	28121.405
2.8767556	30882.709
2.8831385	35074.625
2.8895213	40508.491
2.8959041	46921.065
2.9022869	53049.121
2.9086697	58938.572
2.9150526	63729.461
2.9214354	67563.333
2.9278182	70404.063
2.9342010	71881.517
2.9405838	71693.148
2.9469666	69695.577
2.9533495	65641.601
2.9597323	61062.809
2.9661151	55912.867
2.9724979	51332.223
2.9788807	47661.542
2.9852636	44929.421
2.9916464	43280.519
2.9980292	42412.954
3.0044120	42270.060
3.0107948	42490.231
3.0171777	42933.209
3.0235605	43272.225
3.0299433	43444.877
3.0363261	43598.766
3.0427089	44271.908
3.0490917	45842.851
3.0554746	48772.090
3.0618574	52916.711
3.0682402	57427.853
3.0746230	62400.979
3.0810058	66690.865
3.0873887	70947.066
3.0937715	74713.794
3.1001543	77858.962
3.1065371	80451.163
3.1129199	82456.195
3.1193027	84955.915
3.1256856	89150.096
3.1320684	96982.440
3.1384512	107555.32
3.1448340	121009.72
3.1512168	135125.89
3.1575997	148145.59
3.1639825	159811.88
3.1703653	168884.30
3.1767481	176118.58
3.1831309	179861.97
3.1895137	179007.41
3.1958966	173175.34
3.2022794	163539.98
3.2086622	150144.23
3.2150450	137703.86
3.2214278	124943.59
3.2278107	114776.85
3.2341935	106501.79
3.2405763	100556.36
3.2469591	96769.497
3.2533419	94747.254
3.2597247	93556.454
3.2661076	91885.970
3.2724904	88906.457
3.2788732	84311.708
3.2852560	77958.133
3.2916388	71461.012
3.2980217	64296.269
3.3044045	58194.511
3.3107873	52881.797
3.3171701	48767.781
3.3235529	45942.048
3.3299357	44259.846
3.3363186	43452.988
3.3427014	43225.461
3.3490842	43137.981
3.3554670	42861.054
3.3618498	42350.230
3.3682327	41638.267
3.3746155	40859.791
3.3809983	40191.321
3.3873811	39844.015
3.3937639	39886.224
3.4001468	40617.656
3.4065296	42038.361
3.4129124	44628.426
3.4192952	49078.025
3.4256780	55823.789
3.4320608	67316.903
3.4384437	81431.809
3.4448265	99929.312
3.4512093	119352.83
3.4575921	137696.98
3.4639749	154496.19
3.4703578	166902.00
3.4767406	177035.14
3.4831234	182902.58
3.4895062	184512.20
3.4958890	180666.18
3.5022718	171277.86
3.5086547	156019.03
3.5150375	138617.08
3.5214203	118602.65
3.5278031	99985.335
3.5341859	82951.239
3.5405688	68756.409
3.5469516	57531.585
3.5533344	49588.310
3.5597172	44361.047
3.5661000	40818.797
3.5724828	38604.343
3.5788657	36915.230
3.5852485	35749.723
3.5916313	34850.870
3.5980141	34278.254
3.6043969	34131.182
3.6107798	34667.109
3.6171626	36058.352
3.6235454	39127.791
3.6299282	44525.048
3.6363110	53401.312
3.6426938	68296.300
3.6490767	87424.848
3.6554595	114247.43
3.6618423	141577.60
3.6682251	169735.83
3.6746079	195486.11
3.6809908	216129.36
3.6873736	233436.73
3.6937564	244785.35
3.7001392	250401.34
3.7065220	247859.28
3.7129049	236177.11
3.7192877	216790.29
3.7256705	191761.80
3.7320533	162750.65
3.7384361	135355.80
3.7448189	108873.16
3.7512018	88042.443
3.7575846	71095.689
3.7639674	60129.513
3.7703502	53261.471
3.7767330	50493.877
3.7831159	50377.197
3.7894987	52354.744
3.7958815	55031.807
3.8022643	58102.659
3.8086471	60851.156
3.8150299	63148.742
3.8214128	65209.175
3.8277956	66826.196
3.8341784	68411.406
3.8405612	69705.820
3.8469440	71127.904
3.8533269	72606.738
3.8597097	74084.342
3.8660925	75392.007
3.8724753	76425.445
3.8788581	77068.577
3.8852409	77470.998
3.8916238	77638.824
3.8980066	77529.721
3.9043894	76480.889
3.9107722	74342.087
3.9171550	70848.619
3.9235379	65938.296
3.9299207	60802.542
3.9363035	55230.124
3.9426863	50554.237
3.9490691	46988.891
3.9554519	45319.505
3.9618348	45966.504
3.9682176	50251.122
3.9746004	57556.111
3.9809832	69184.458
3.9873660	82667.425
3.9937489	97059.890
4.0001317	111491.11
4.0065145	123306.49
4.0128973	133978.86
4.0192801	141512.27
4.0256630	146904.14
4.0320458	148767.79
4.0384286	146265.36
4.0448114	139275.57
4.0511942	129073.56
4.0575770	115620.18
4.0639599	101924.81
4.0703427	88177.097
4.0767255	76188.317
4.0831083	65866.130
4.0894911	58045.993
4.0958740	52162.084
4.1022568	47787.188
4.1086396	44728.431
4.1150224	42186.192
4.1214052	40379.849
4.1277880	38977.307
4.1341709	38128.299
4.1405537	37976.630
4.1469365	38887.013
4.1533193	40783.121
4.1597021	44241.869
4.1660850	48731.989
4.1724678	54216.503
4.1788506	60190.648
4.1852334	65803.901
4.1916162	71392.304
4.1979990	76320.654
4.2043819	81404.612
4.2107647	86269.576
4.2171475	91284.913
4.2235303	96378.731
4.2299131	101178.09
4.2362960	105266.04
4.2426788	108156.51
4.2490616	109773.30
4.2554444	110290.54
4.2618272	110023.14
4.2682100	109126.27
4.2745929	107204.39
4.2809757	103926.50
4.2873585	99255.964
4.2937413	92288.449
4.3001241	84887.396
4.3065070	76653.813
4.3128898	68949.229
4.3192726	62620.496
4.3256554	57930.992
4.3320382	55728.298
4.3384211	55878.937
4.3448039	57979.520
4.3511867	61411.630
4.3575695	65416.003
4.3639523	69240.308
4.3703351	72627.501
4.3767180	75288.362
4.3831008	77282.937
4.3894836	78181.307
4.3958664	77666.408
4.4022492	75599.236
4.4086321	71844.988
4.4150149	66739.010
4.4213977	61234.575
4.4277805	55359.070
4.4341633	50620.311
4.4405461	46984.299
4.4469290	45444.548
4.4533118	45962.592
4.4596946	48659.229
4.4660774	52488.435
4.4724602	57222.527
4.4788431	61485.054
4.4852259	65539.930
4.4916087	68745.972
4.4979915	71012.024
4.5043743	72234.938
4.5107571	71997.823
4.5171400	70082.488
4.5235228	66758.030
4.5299056	61963.746
4.5362884	56813.536
4.5426712	51516.753
4.5490541	46770.069
4.5554369	42830.829
4.5618197	39971.802
4.5682025	38195.158
4.5745853	37232.706
4.5809681	36961.861
4.5873510	37154.006
4.5937338	37766.320
4.6001166	38906.050
4.6064994	40899.507
4.6128822	43799.718
4.6192651	48266.819
4.6256479	53396.093
4.6320307	59363.167
4.6384135	65276.221
4.6447963	70706.596
4.6511792	75791.983
4.6575620	80417.033
4.6639448	85177.198
4.6703276	89584.738
4.6767104	93845.628
4.6830932	97110.367
4.6894761	99191.264
4.6958589	99805.076
4.7022417	99304.610
4.7086245	97967.503
4.7150073	96688.396
4.7213902	95541.340
4.7277730	94582.317
4.7341558	93313.589
4.7405386	91540.452
4.7469214	88981.387
4.7533042	85224.202
4.7596871	81421.557
4.7660699	77306.141
4.7724527	73927.038
4.7788355	71166.573
4.7852183	68992.522
4.7916012	67057.652
4.7979840	65006.856
4.8043668	62805.645
4.8107496	60181.223
4.8171324	57575.580
4.8235152	54851.518
4.8298981	52266.878
4.8362809	49539.865
4.8426637	46759.553
4.8490465	43866.587
4.8554293	40665.465
4.8618122	37730.458
4.8681950	34739.566
4.8745778	32276.591
4.8809606	30155.423
4.8873434	28517.144
4.8937262	27404.404
4.9001091	26681.510
4.9064919	26376.685
4.9128747	26349.940
4.9192575	26533.570
4.9256403	26877.450
4.9320232	27350.847
4.9384060	27951.713
4.9447888	28583.098
4.9511716	29193.408
4.9575544	29787.107
4.9639373	30301.676
4.9703201	30835.866
4.9767029	31374.865
4.9830857	32013.148
4.9894685	32695.820
4.9958513	33309.044
5.0022342	33966.109
5.0086170	34541.477
5.0149998	35118.297
5.0213826	35652.752
5.0277654	36271.750
5.0341483	37076.922
5.0405311	37976.195
5.0469139	38993.604
5.0532967	39970.391
5.0596795	41024.445
5.0660623	42255.798
5.0724452	44151.421
5.0788280	46865.469
5.0852108	50730.569
5.0915936	55549.435
5.0979764	60582.555
5.1043593	65915.091
5.1107421	70314.542
5.1171249	74270.423
5.1235077	77287.933
5.1298905	79602.983
5.1362733	81088.822
5.1426562	81349.304
5.1490390	80164.614
5.1554218	77662.114
5.1618046	73738.916
5.1681874	69382.003
5.1745703	65162.826
5.1809531	61516.725
5.1873359	58727.190
5.1937187	56770.816
5.2001015	55432.376
5.2064843	54399.411
5.2128672	53514.576
5.2192500	52558.899
5.2256328	51655.168
5.2320156	50675.015
5.2383984	49552.347
5.2447813	48262.595
5.2511641	46751.514
5.2575469	45463.030
5.2639297	44561.242
5.2703125	44618.057
5.2766954	46044.657
5.2830782	49039.907
5.2894610	53124.720
5.2958438	58088.766
5.3022266	62893.065
5.3086094	67489.198
5.3149923	71275.019
5.3213751	74201.929
5.3277579	75897.312
5.3341407	76035.339
5.3405235	74425.027
5.3469064	71265.046
5.3532892	66360.654
5.3596720	61105.547
5.3660548	55236.734
5.3724376	49949.590
5.3788204	45324.584
5.3852033	41777.223
5.3915861	39646.406
5.3979689	39052.221
5.4043517	40179.755
5.4107345	43438.934
5.4171174	48742.870
5.4235002	56337.237
5.4298830	65349.773
5.4362658	75161.891
5.4426486	84664.051
5.4490314	92956.202
5.4554143	100013.52
5.4617971	104972.06
5.4681799	107993.17
5.4745627	108283.98
5.4809455	105647.59
5.4873284	99952.880
5.4937112	92372.661
5.5000940	82655.500
5.5064768	73299.669
5.5128596	64013.512
5.5192424	56387.357
5.5256253	50389.541
5.5320081	46214.107
5.5383909	43636.520
5.5447737	42369.259
5.5511565	42101.740
5.5575394	42586.422
5.5639222	43356.421
5.5703050	44206.526
5.5766878	44784.949
5.5830706	45081.122
5.5894535	45052.465
5.5958363	44772.387
5.6022191	44227.610
5.6086019	43548.041
5.6149847	42678.639
5.6213675	41707.644
5.6277504	40649.910
5.6341332	39597.411
5.6405160	38730.551
5.6468988	38115.602
5.6532816	37880.144
5.6596645	37981.044
5.6660473	38258.555
5.6724301	38663.242
5.6788129	39097.853
5.6851957	39512.880
5.6915785	39822.957
5.6979614	39939.355
5.7043442	39803.877
5.7107270	39418.477
5.7171098	38667.940
5.7234926	37756.720
5.7298755	36705.375
5.7362583	35643.336
5.7426411	34734.250
5.7490239	33988.765
5.7554067	33466.247
5.7617895	33203.917
5.7681724	33199.658
5.7745552	33522.630
5.7809380	34139.240
5.7873208	35107.131
5.7937036	36270.726
5.8000865	37613.359
5.8064693	39251.465
5.8128521	41082.394
5.8192349	43552.027
5.8256177	46222.900
5.8320005	49307.137
5.8383834	52308.937
5.8447662	54946.769
5.8511490	57152.429
5.8575318	58830.060
5.8639146	60212.733
5.8702975	61230.282
5.8766803	61817.441
5.8830631	61713.811
5.8894459	60849.322
5.8958287	59368.608
5.9022116	57460.335
5.9085944	55241.000
5.9149772	53120.662
5.9213600	50888.482
5.9277428	48954.591
5.9341256	47034.748
5.9405085	45225.822
5.9468913	43512.112
5.9532741	41956.314
5.9596569	40620.207
5.9660397	39439.831
5.9724226	38528.567
5.9788054	38043.254
5.9851882	38127.949
5.9915710	38989.486
5.9979538	40506.988
6.0043366	42684.522
6.0107195	45217.934
6.0171023	47750.318
6.0234851	50215.441
6.0298679	52236.892
6.0362507	53986.679
6.0426336	55075.713
6.0490164	55379.158
6.0553992	54771.927
6.0617820	53322.293
6.0681648	51112.787
6.0745476	48520.548
6.0809305	45651.788
6.0873133	43159.373
6.0936961	41108.018
6.1000789	39983.388
6.1064617	39944.545
6.1128446	41317.644
6.1192274	44050.049
6.1256102	48211.256
6.1319930	52868.151
6.1383758	58120.270
6.1447586	63036.196
6.1511415	67681.407
6.1575243	71694.488
6.1639071	75009.865
6.1702899	77221.089
6.1766727	77914.846
6.1830556	76882.702
6.1894384	74482.073
6.1958212	70642.817
6.2022040	66488.331
6.2085868	61832.336
6.2149696	57534.082
6.2213525	53605.497
6.2277353	50170.132
6.2341181	47422.786
6.2405009	45275.759
6.2468837	43787.821
6.2532666	42665.274
6.2596494	41771.373
6.2660322	40937.619
6.2724150	40170.113
6.2787978	39335.290
6.2851807	38477.998
6.2915635	37532.552
6.2979463	36451.265
6.3043291	35286.657
6.3107119	33955.135
6.3170947	32695.664
6.3234776	31446.901
6.3298604	30296.465
6.3362432	29327.836
6.3426260	28621.071
6.3490088	28155.852
6.3553917	27910.488
6.3617745	27812.249
6.3681573	27871.606
6.3745401	27987.834
6.3809229	28131.180
6.3873057	28254.978
6.3936886	28322.512
6.4000714	28396.507
6.4064542	28485.162
6.4128370	28599.102
6.4192198	28776.213
6.4256027	29123.744
6.4319855	29746.509
6.4383683	30778.249
6.4447511	32142.966
6.4511339	33853.554
6.4575167	35819.153
6.4638996	37929.633
6.4702824	40274.063
6.4766652	42573.405
6.4830480	45097.676
6.4894308	47312.669
6.4958137	49217.705
6.5021965	50478.076
6.5085793	51057.757
6.5149621	50963.726
6.5213449	50338.619
6.5277277	49294.862
6.5341106	47932.254
6.5404934	46230.536
6.5468762	44409.801
6.5532590	42415.134
6.5596418	40551.920
6.5660247	38869.804
6.5724075	37347.074
6.5787903	36140.487
6.5851731	35077.259
6.5915559	34291.290
6.5979388	33648.192
6.6043216	33192.910
6.6107044	32807.916
6.6170872	32469.186
6.6234700	32219.830
6.6298528	32148.015
6.6362357	32270.384
6.6426185	32564.143
6.6490013	32961.769
6.6553841	33519.214
6.6617669	34123.903
6.6681498	34749.268
6.6745326	35331.985
6.6809154	35832.710
6.6872982	36153.411
6.6936810	36220.419
6.7000638	36070.896
6.7064467	35768.368
6.7128295	35390.342
6.7192123	35124.610
6.7255951	35134.231
6.7319779	35553.628
6.7383608	36644.900
6.7447436	38569.917
6.7511264	41078.731
6.7575092	44192.813
6.7638920	47201.496
6.7702748	50137.254
6.7766577	52520.957
6.7830405	54405.140
6.7894233	55579.592
6.7958061	55877.093
6.8021889	55233.793
6.8085718	53611.427
6.8149546	51012.293
6.8213374	48032.416
6.8277202	44536.961
6.8341030	41317.321
6.8404858	38372.554
6.8468687	36108.685
6.8532515	34547.299
6.8596343	33644.650
6.8660171	33304.488
6.8723999	33411.962
6.8787828	33685.679
6.8851656	34090.918
6.8915484	34490.760
6.8979312	34873.240
6.9043140	35213.396
6.9106969	35671.977
6.9170797	36298.670
6.9234625	37166.327
6.9298453	38442.602
6.9362281	40065.197
6.9426109	42026.997
6.9489938	43887.242
6.9553766	45728.527
6.9617594	47288.526
6.9681422	48638.965
6.9745250	49528.787
6.9809079	49848.249
6.9872907	49501.026
6.9936735	48474.708
7.0000563	46772.466
7.0064391	44752.719
7.0128219	42470.265
7.0192048	40522.201
7.0255876	39059.193
7.0319704	38317.332
7.0383532	38361.139
7.0447360	39142.316
7.0511189	40475.341
7.0575017	42248.914
7.0638845	44051.791
7.0702673	46046.688
7.0766501	47880.395
7.0830329	49587.406
7.0894158	50893.036
7.0957986	51672.886
7.1021814	51956.917
7.1085642	51787.567
7.1149470	51180.280
7.1213299	50313.595
7.1277127	49127.626
7.1340955	47875.331
7.1404783	46410.480
7.1468611	45013.183
7.1532439	43632.435
7.1596268	42318.266
7.1660096	41046.413
7.1723924	39776.721
7.1787752	38627.077
7.1851580	37656.450
7.1915409	37013.206
7.1979237	36699.301
7.2043065	36836.451
7.2106893	37560.463
7.2170721	38840.664
7.2234550	40637.493
7.2298378	42720.378
7.2362206	44818.352
7.2426034	46811.679
7.2489862	48487.611
7.2553690	49849.937
7.2617519	50669.196
7.2681347	50893.649
7.2745175	50459.689
7.2809003	49299.332
7.2872831	47684.104
7.2936660	45866.044
7.3000488	44191.416
7.3064316	43131.006
7.3128144	42920.332
7.3191972	43748.665
7.3255800	45686.010
7.3319629	48316.993
7.3383457	51595.295
7.3447285	54748.826
7.3511113	57881.675
7.3574941	60638.886
7.3638770	62802.913
7.3702598	64150.629
7.3766426	64396.235
7.3830254	63515.650
7.3894082	61646.192
7.3957910	58841.062
7.4021739	55709.895
7.4085567	52253.260
7.4149395	49037.884
7.4213223	46056.848
7.4277051	43507.017
7.4340880	41479.939
7.4404708	39763.070
7.4468536	38407.234
7.4532364	37211.294
7.4596192	36249.618
7.4660020	35367.852
7.4723849	34597.580
7.4787677	33830.929
7.4851505	33031.573
7.4915333	32221.402
7.4979161	31434.288
7.5042990	30734.173
7.5106818	30082.085
7.5170646	29579.995
7.5234474	29211.887
7.5298302	29035.706
7.5362131	29006.734
7.5425959	29060.701
7.5489787	29207.963
7.5553615	29411.697
7.5617443	29668.563
7.5681271	29936.362
7.5745100	30173.167
7.5808928	30440.673
7.5872756	30697.865
7.5936584	31081.614
7.6000412	31537.966
7.6064241	32179.836
7.6128069	32976.212
7.6191897	34125.984
7.6255725	35542.201
7.6319553	37194.163
7.6383381	39038.529
7.6447210	40725.556
7.6511038	42319.741
7.6574866	43610.615
7.6638694	44641.234
7.6702522	45204.058
7.6766351	45305.495
7.6830179	44887.323
7.6894007	43921.369
7.6957835	42483.748
7.7021663	40831.771
7.7085491	38967.953
7.7149320	37187.888
7.7213148	35444.963
7.7276976	33972.132
7.7340804	32754.629
7.7404632	31908.739
7.7468461	31398.599
7.7532289	31250.424
7.7596117	31413.497
7.7659945	31777.025
7.7723773	32278.903
7.7787601	32854.479
7.7851430	33399.753
7.7915258	33859.920
7.7979086	34149.701
7.8042914	34273.705
7.8106742	34201.560
7.8170571	33855.569
7.8234399	33367.572
7.8298227	32722.235
7.8362055	32131.727
7.8425883	31684.540
7.8489712	31440.615
7.8553540	31455.060
7.8617368	31689.682
7.8681196	32081.709
7.8745024	32608.198
7.8808852	33133.124
7.8872681	33593.732
7.8936509	33946.808
7.9000337	34180.185
7.9064165	34276.070
7.9127993	34193.886
7.9191822	33970.444
7.9255650	33640.693
7.9319478	33274.131
7.9383306	32961.919
7.9447134	32763.237
7.9510962	32754.567
7.9574791	32909.692
7.9638619	33108.124
7.9702447	33315.568
7.9766275	33452.209
7.9830103	33482.118
7.9893932	33359.089
7.9957760	33162.483
8.0021588	32891.612
8.0085416	32610.982
8.0149244	32319.951
8.0213072	32115.612
8.0276901	31973.949
8.0340729	31898.065
8.0404557	31887.617
8.0468385	31948.414
8.0532213	32046.238
8.0596042	32165.783
8.0659870	32132.774
8.0723698	32023.151
8.0787526	31868.606
8.0851354	31715.533
8.0915182	31646.250
8.0979011	31727.985
8.1042839	32001.638
8.1106667	32612.792
8.1170495	33509.319
8.1234323	34689.515
8.1298152	36033.688
8.1361980	37580.608
8.1425808	39221.615
8.1489636	40692.961
8.1553464	42040.865
8.1617293	42895.118
8.1681121	43283.813
8.1744949	43116.478
8.1808777	42551.488
8.1872605	41634.603
8.1936433	40416.924
8.2000262	39027.147
8.2064090	37580.804
8.2127918	36125.317
8.2191746	34820.300
8.2255574	33622.216
8.2319403	32662.249
8.2383231	31941.688
8.2447059	31448.111
8.2510887	31162.662
8.2574715	31078.262
8.2638543	31089.717
8.2702372	31156.655
8.2766200	31222.323
8.2830028	31281.235
8.2893856	31339.416
8.2957684	31462.961
8.3021513	31536.938
8.3085341	31529.156
8.3149169	31449.489
8.3212997	31293.282
8.3276825	31099.247
8.3340653	30962.388
8.3404482	30930.628
8.3468310	31092.654
8.3532138	31525.554
8.3595966	32255.832
8.3659794	33124.713
8.3723623	34113.830
8.3787451	35225.366
8.3851279	36264.115
8.3915107	37260.927
8.3978935	38020.935
8.4042763	38571.051
8.4106592	38760.673
8.4170420	38598.775
8.4234248	38161.355
8.4298076	37397.747
8.4361904	36433.334
8.4425733	35351.106
8.4489561	34244.543
8.4553389	33112.707
8.4617217	32041.112
8.4681045	31090.459
8.4744874	30224.112
8.4808702	29457.428
8.4872530	28787.981
8.4936358	28255.242
8.5000186	27844.896
8.5064014	27527.455
8.5127843	27343.186
8.5191671	27252.683
8.5255499	27245.361
8.5319327	27278.743
8.5383155	27338.696
8.5446984	27460.248
8.5510812	27615.501
8.5574640	27824.464
8.5638468	28004.283
8.5702296	28259.289
8.5766124	28586.523
8.5829953	29049.882
8.5893781	29564.060
8.5957609	30161.930
8.6021437	30774.837
8.6085265	31429.040
8.6149094	32064.816
8.6212922	32624.459
8.6276750	33130.771
8.6340578	33496.589
8.6404406	33720.284
8.6468234	33817.681
8.6532063	33810.657
8.6595891	33697.634
8.6659719	33447.895
8.6723547	33182.617
8.6787375	32912.120
8.6851204	32686.363
8.6915032	32466.118
8.6978860	32300.218
8.7042688	32141.119
8.7106516	32040.417
8.7170344	32028.058
8.7234173	32162.099
8.7298001	32438.699
8.7361829	32886.750
8.7425657	33422.723
8.7489485	34072.133
8.7553314	34695.186
8.7617142	35310.601
8.7680970	35826.554
8.7744798	36232.553
8.7808626	36531.844
8.7872455	36625.446
8.7936283	36522.262
8.8000111	36186.068
8.8063939	35762.725
8.8127767	35392.224
8.8191595	35164.003
8.8255424	35157.299
8.8319252	35407.558
8.8383080	35778.054
8.8446908	36253.104
8.8510736	36703.146
8.8574565	37086.025
8.8638393	37307.378
8.8702221	37305.189
8.8766049	37039.403
8.8829877	36567.445
8.8893705	35840.379
8.8957534	35003.896
8.9021362	34075.864
8.9085190	33201.803
8.9149018	32396.983
8.9212846	31747.175
8.9276675	31259.785
8.9340503	30917.683
8.9404331	30651.654
8.9468159	30494.954
8.9531987	30421.231
8.9595815	30435.918
8.9659644	30567.465
8.9723472	30808.580
8.9787300	31119.039
8.9851128	31402.824
8.9914956	31691.132
8.9978785	31960.915
9.0042613	32153.096
9.0106441	32205.509
9.0170269	32198.051
9.0234097	32045.642
9.0297925	31753.241
9.0361754	31317.502
9.0425582	30855.140
9.0489410	30442.965
9.0553238	30200.234
9.0617066	30163.101
9.0680895	30386.540
9.0744723	30845.317
9.0808551	31551.720
9.0872379	32369.267
9.0936207	33264.435
9.1000035	34123.650
9.1063864	34894.792
9.1127692	35504.237
9.1191520	35991.699
9.1255348	36221.711
9.1319176	36192.852
9.1383005	35881.475
9.1446833	35312.517
9.1510661	34575.283
9.1574489	33778.506
9.1638317	32976.684
9.1702146	32285.834
9.1765974	31691.942
9.1829802	31317.385
9.1893630	31147.151
9.1957458	31120.620
9.2021286	31159.705
9.2085115	31236.421
9.2148943	31333.859
9.2212771	31400.368
9.2276599	31461.897
9.2340427	31476.337
9.2404256	31485.958
9.2468084	31470.374
9.2531912	31522.203
9.2595740	31687.311
9.2659568	32098.778
9.2723396	32751.795
9.2787225	33625.613
9.2851053	34660.454
9.2914881	35714.215
9.2978709	36786.601
9.3042537	37711.140
9.3106366	38448.438
9.3170194	38800.575
9.3234022	38806.687
9.3297850	38444.541
9.3361678	37773.410
9.3425506	36822.092
9.3489335	35676.455
9.3553163	34474.302
9.3616991	33323.980
9.3680819	32250.637
9.3744647	31344.399
9.3808476	30490.829
9.3872304	29830.022
9.3936132	29244.037
9.3999960	28749.213
9.4063788	28281.916
9.4127616	27932.658
9.4191445	27584.823
9.4255273	27324.820
9.4319101	27137.262
9.4382929	27005.685
9.4446757	26902.847
9.4510586	26836.598
9.4574414	26873.825
9.4638242	26961.439
9.4702070	27098.041
9.4765898	27348.076
9.4829727	27683.701
9.4893555	28147.598
9.4957383	28693.309
9.5021211	29321.632
9.5085039	29969.387
9.5148867	30629.642
9.5212696	31237.413
9.5276524	31727.816
9.5340352	32085.113
9.5404180	32285.050
9.5468008	32255.148
9.5531837	32037.643
9.5595665	31661.850
9.5659493	31158.961
9.5723321	30585.158
9.5787149	29972.408
9.5850977	29394.818
9.5914806	28836.230
9.5978634	28395.704
9.6042462	28042.508
9.6106290	27808.044
9.6170118	27712.917
9.6233947	27722.063
9.6297775	27773.340
9.6361603	27849.405
9.6425431	27885.601
9.6489259	27943.451
9.6553087	28018.426
9.6616916	28056.648
9.6680744	28089.171
9.6744572	28076.313
9.6808400	28082.659
9.6872228	28156.090
9.6936057	28283.457
9.6999885	28500.423
9.7063713	28802.239
9.7127541	29192.457
9.7191369	29590.844
9.7255197	29988.571
9.7319026	30287.859
9.7382854	30438.124
9.7446682	30488.022
9.7510510	30386.155
9.7574338	30112.981
9.7638167	29707.964
9.7701995	29188.992
9.7765823	28660.162
9.7829651	28110.430
9.7893479	27636.125
9.7957308	27227.829
9.8021136	26924.559
9.8084964	26652.523
9.8148792	26449.927
9.8212620	26265.561
9.8276448	26130.170
9.8340277	26054.775
9.8404105	25956.789
9.8467933	25861.922
9.8531761	25806.639
9.8595589	25815.616
9.8659418	25840.142
9.8723246	25857.600
9.8787074	25895.699
9.8850902	25955.704
9.8914730	26021.234
9.8978558	26120.576
9.9042387	26274.046
9.9106215	26458.535
9.9170043	26688.351
9.9233871	26961.004
9.9297699	27238.459
9.9361528	27475.589
9.9425356	27675.340
9.9489184	27784.949
9.9553012	27860.832
9.9616840	27846.023
9.9680668	27723.065
9.9744497	27514.612
9.9808325	27259.456
9.9872153	26972.318
9.9935981	26714.016
9.9999809	26456.471
10.006364	26241.942
10.012747	26059.711
10.019129	25986.644
10.025512	26000.083
10.031895	26150.373
10.038278	26418.367
10.044661	26689.792
10.051043	26953.293
10.057426	27214.477
10.063809	27466.348
10.070192	27654.996
10.076575	27788.531
10.082958	27896.609
10.089340	27987.809
10.095723	28098.579
10.102106	28261.360
10.108489	28507.603
10.114872	28857.412
10.121254	29295.642
10.127637	29778.599
10.134020	30232.543
10.140403	30634.700
10.146786	30950.523
10.153169	31085.897
10.159551	31013.426
10.165934	30794.992
10.172317	30399.034
10.178700	29872.655
10.185083	29255.791
10.191465	28649.346
10.197848	28057.252
10.204231	27535.544
10.210614	27096.211
10.216997	26745.987
10.223380	26438.558
10.229762	26188.063
10.236145	25984.253
10.242528	25818.683
10.248911	25676.086
10.255294	25587.765
10.261676	25543.508
10.268059	25523.232
10.274442	25568.189
10.280825	25678.493
10.287208	25858.958
10.293591	26077.247
10.299973	26321.629
10.306356	26636.047
10.312739	27009.114
10.319122	27420.998
10.325505	27870.163
10.331887	28321.710
10.338270	28740.219
10.344653	29114.830
10.351036	29354.859
10.357419	29558.575
10.363802	29638.356
10.370184	29554.132
10.376567	29335.807
10.382950	29070.439
10.389333	28745.655
10.395716	28320.859
10.402098	27930.260
10.408481	27571.673
10.414864	27292.516
10.421247	27112.123
10.427630	27060.190
10.434013	27121.120
10.440395	27228.318
10.446778	27348.509
10.453161	27478.931
10.459544	27606.434
10.465927	27720.875
10.472309	27787.550
10.478692	27837.894
10.485075	27867.945
10.491458	27956.953
10.497841	28095.239
10.504224	28291.101
10.510606	28503.858
10.516989	28747.079
10.523372	28972.278
10.529755	29164.987
10.536138	29292.039
10.542520	29326.607
10.548903	29224.903
10.555286	28981.446
10.561669	28633.933
10.568052	28213.789
10.574435	27795.711
10.580817	27386.384
10.587200	27037.504
10.593583	26716.395
10.599966	26498.917
10.606349	26391.959
10.612732	26352.312
10.619114	26406.570
10.625497	26490.559
10.631880	26615.024
10.638263	26761.674
10.644646	26899.431
10.651028	27005.929
10.657411	27076.799
10.663794	27092.441
10.670177	27090.441
10.676560	27073.270
10.682943	27018.932
10.689325	26960.618
10.695708	26966.677
10.702091	26996.257
10.708474	27073.941
10.714857	27211.801
10.721239	27346.455
10.727622	27463.374
10.734005	27551.159
10.740388	27575.939
10.746771	27529.069
10.753154	27362.859
10.759536	27116.072
10.765919	26795.763
10.772302	26488.546
10.778685	26164.279
10.785068	25859.548
10.791450	25575.110
10.797833	25362.316
10.804216	25180.110
10.810599	25085.164
10.816982	24984.106
10.823365	24885.747
10.829747	24766.151
10.836130	24700.041
10.842513	24676.254
10.848896	24691.772
10.855279	24675.078
10.861661	24623.816
10.868044	24618.574
10.874427	24631.471
10.880810	24627.863
10.887193	24650.129
10.893576	24715.637
10.899958	24846.943
10.906341	24996.572
10.912724	25157.442
10.919107	25292.822
10.925490	25410.265
10.931872	25509.054
10.938255	25564.359
10.944638	25546.667
10.951021	25470.498
10.957404	25367.361
10.963787	25225.249
10.970169	25052.081
10.976552	24898.382
10.982935	24672.910
10.989318	24464.421
10.995701	24262.990
11.002083	24118.573
11.008466	23969.072
11.014849	23871.972
11.021232	23789.708
11.027615	23717.267
11.033998	23662.072
11.040380	23662.967
11.046763	23699.111
11.053146	23798.707
11.059529	23948.489
11.065912	24165.513
11.072294	24424.093
11.078677	24703.728
11.085060	24968.426
11.091443	25253.865
11.097826	25546.075
11.104209	25730.876
11.110591	25850.659
11.116974	25906.327
11.123357	25907.691
11.129740	25809.600
11.136123	25650.267
11.142505	25430.698
11.148888	25151.473
11.155271	24894.782
11.161654	24707.927
11.168037	24536.181
11.174420	24420.815
11.180802	24349.993
11.187185	24362.460
11.193568	24450.238
11.199951	24551.392
11.206334	24666.959
11.212716	24813.950
11.219099	24971.298
11.225482	25146.606
11.231865	25344.390
11.238248	25529.726
11.244631	25751.136
11.251013	25993.140
11.257396	26264.420
11.263779	26494.617
11.270162	26695.864
11.276545	26828.212
11.282927	26867.691
11.289310	26805.314
11.295693	26647.131
11.302076	26402.607
11.308459	26043.289
11.314842	25663.918
11.321224	25273.146
11.327607	24926.411
11.333990	24598.105
11.340373	24341.151
11.346756	24143.308
11.353138	23974.851
11.359521	23827.058
11.365904	23726.203
11.372287	23617.874
11.378670	23542.633
11.385053	23475.001
11.391435	23468.694
11.397818	23458.479
11.404201	23472.577
11.410584	23489.981
11.416967	23572.410
11.423349	23653.369
11.429732	23745.501
11.436115	23881.928
11.442498	24018.064
11.448881	24163.923
11.455264	24297.410
11.461646	24473.368
11.468029	24610.371
11.474412	24708.017
11.480795	24726.668
11.487178	24689.322
11.493560	24573.049
11.499943	24403.097
11.506326	24203.673
11.512709	24004.614
11.519092	23817.819
11.525475	23653.615
11.531857	23547.149
11.538240	23497.294
11.544623	23485.023
11.551006	23512.950
11.557389	23606.870
11.563771	23679.266
11.570154	23726.833
11.576537	23766.648
11.582920	23803.766
11.589303	23805.273
11.595686	23797.925
11.602068	23763.580
11.608451	23672.647
11.614834	23590.329
11.621217	23554.821
11.627600	23472.860
11.633982	23399.596
11.640365	23364.970
11.646748	23344.709
11.653131	23301.816
11.659514	23226.222
11.665897	23144.343
11.672279	23060.428
11.678662	22968.693
11.685045	22866.085
11.691428	22793.876
11.697811	22704.924
11.704193	22600.731
11.710576	22525.427
11.716959	22496.246
11.723342	22458.531
11.729725	22404.692
11.736108	22384.413
11.742490	22384.430
11.748873	22392.066
11.755256	22451.062
11.761639	22531.375
11.768022	22642.881
11.774404	22800.759
11.780787	23006.301
11.787170	23251.366
11.793553	23566.589
11.799936	23846.430
11.806319	24110.945
11.812701	24361.623
11.819084	24580.086
11.825467	24702.257
11.831850	24737.755
11.838233	24698.406
11.844615	24565.209
11.850998	24364.396
11.857381	24172.516
11.863764	23957.489
11.870147	23732.202
11.876530	23511.780
11.882912	23378.896
11.889295	23314.335
11.895678	23274.144
11.902061	23249.869
11.908444	23258.163
11.914826	23320.346
11.921209	23364.814
11.927592	23406.680
11.933975	23436.301
11.940358	23454.813
11.946741	23483.404
11.953123	23512.730
11.959506	23534.499
11.965889	23528.352
11.972272	23477.074
11.978655	23458.344
11.985037	23410.473
11.991420	23346.403
11.997803	23316.920
12.004186	23315.166
12.010569	23260.896
12.016952	23184.356
12.023334	23119.527
12.029717	23093.733
12.036100	23105.989
12.042483	23137.345
12.048866	23210.972
12.055248	23258.978
12.061631	23323.199
12.068014	23394.462
12.074397	23449.547
12.080780	23525.545
12.087163	23588.182
12.093545	23647.810
12.099928	23688.703
12.106311	23730.381
12.112694	23770.926
12.119077	23824.117
12.125459	23886.144
12.131842	23949.588
12.138225	23970.989
12.144608	23964.007
12.150991	23973.083
12.157374	23973.161
12.163756	23968.524
12.170139	23922.658
12.176522	23878.126
12.182905	23800.968
12.189288	23715.064
12.195670	23644.579
12.202053	23619.477
12.208436	23631.505
12.214819	23637.135
12.221202	23668.152
12.227585	23725.895
12.233967	23803.411
12.240350	23877.262
12.246733	23926.708
12.253116	23947.501
12.259499	24031.552
12.265881	24153.285
12.272264	24249.523
12.278647	24349.515
12.285030	24454.330
12.291413	24570.425
12.297796	24656.417
12.304178	24760.088
12.310561	24849.042
12.316944	24882.599
12.323327	24861.851
12.329710	24775.863
12.336092	24628.539
12.342475	24395.382
12.348858	24146.974
12.355241	23909.226
12.361624	23651.316
12.368007	23449.872
12.374389	23255.335
12.380772	23075.406
12.387155	22923.578
12.393538	22789.432
12.399921	22689.926
12.406303	22606.760
12.412686	22563.131
12.419069	22591.297
12.425452	22625.693
12.431835	22663.124
12.438218	22696.763
12.444600	22745.688
12.450983	22804.154
12.457366	22882.350
12.463749	22974.627
12.470132	23050.256
12.476514	23094.522
12.482897	23111.536
12.489280	23155.326
12.495663	23154.989
12.502046	23117.564
12.508429	23034.827
12.514811	22960.480
12.521194	22836.946
12.527577	22733.447
12.533960	22659.255
12.540343	22640.636
12.546725	22669.302
12.553108	22708.760
12.559491	22754.670
12.565874	22758.932
12.572257	22758.220
12.578640	22786.570
12.585022	22840.058
12.591405	22858.682
12.597788	22867.860
12.604171	22913.971
12.610554	22939.119
12.616936	22975.862
12.623319	22998.326
12.629702	22979.070
12.636085	22995.749
12.642468	22988.056
12.648851	22943.454
12.655233	22815.901
12.661616	22644.307
12.667999	22443.105
12.674382	22281.108
12.680765	22095.082
12.687147	21967.810
12.693530	21883.594
12.699913	21795.068
12.706296	21776.499
12.712679	21776.213
12.719062	21781.711
12.725444	21800.269
12.731827	21824.547
12.738210	21845.075
12.744593	21856.474
12.750976	21816.593
12.757358	21799.761
12.763741	21796.048
12.770124	21811.594
12.776507	21795.694
12.782890	21746.530
12.789273	21734.340
12.795655	21733.296
12.802038	21766.457
12.808421	21790.557
12.814804	21818.806
12.821187	21837.144
12.827569	21871.495
12.833952	21854.428
12.840335	21820.052
12.846718	21775.034
12.853101	21710.635
12.859484	21648.163
12.865866	21578.792
12.872249	21538.571
12.878632	21511.196
12.885015	21465.191
12.891398	21439.949
12.897780	21435.340
12.904163	21409.510
12.910546	21380.846
12.916929	21401.488
12.923312	21470.188
12.929695	21508.146
12.936077	21534.105
12.942460	21588.577
12.948843	21666.173
12.955226	21681.788
12.961609	21694.390
12.967991	21704.915
12.974374	21684.714
12.980757	21633.004
12.987140	21542.948
12.993523	21401.636
12.999906	21309.101
13.006288	21219.144
13.012671	21100.392
13.019054	20965.704
13.025437	20836.399
13.031820	20748.623
13.038202	20714.566
13.044585	20687.764
13.050968	20649.258
13.057351	20591.486
13.063734	20586.229
13.070117	20602.622
13.076499	20618.857
13.082882	20628.614
13.089265	20686.767
13.095648	20764.593
13.102031	20795.930
13.108413	20811.760
13.114796	20840.725
13.121179	20890.427
13.127562	20910.519
13.133945	20914.179
13.140328	20904.557
13.146710	20883.170
13.153093	20824.298
13.159476	20806.924
13.165859	20794.327
13.172242	20764.719
13.178624	20753.936
13.185007	20788.508
13.191390	20806.934
13.197773	20808.725
13.204156	20826.765
13.210539	20853.490
13.216921	20848.931
13.223304	20846.796
13.229687	20891.328
13.236070	20945.947
13.242453	21000.701
13.248835	21030.923
13.255218	21020.525
13.261601	21030.947
13.267984	21032.608
13.274367	20990.141
13.280750	20895.266
13.287132	20824.636
13.293515	20755.916
13.299898	20643.469
13.306281	20519.259
13.312664	20438.338
13.319046	20382.168
13.325429	20340.006
13.331812	20281.027
13.338195	20237.242
13.344578	20226.089
13.350961	20223.877
13.357343	20221.604
13.363726	20197.692
13.370109	20164.123
13.376492	20165.193
13.382875	20189.986
13.389257	20227.099
13.395640	20271.236
13.402023	20351.027
13.408406	20454.796
13.414789	20563.751
13.421172	20607.338
13.427554	20648.181
13.433937	20659.638
13.440320	20661.015
13.446703	20623.166
13.453086	20569.464
13.459468	20528.756
13.465851	20453.039
13.472234	20380.008
13.478617	20329.922
13.485000	20307.636
13.491383	20295.469
13.497765	20281.185
13.504148	20259.925
13.510531	20229.215
13.516914	20218.242
13.523297	20231.111
13.529679	20223.468
13.536062	20235.939
13.542445	20276.545
13.548828	20289.367
13.555211	20309.414
13.561594	20337.368
13.567976	20353.303
13.574359	20357.591
13.580742	20351.755
13.587125	20318.470
13.593508	20254.831
13.599890	20192.079
13.606273	20137.228
13.612656	20056.073
13.619039	19984.221
13.625422	19913.351
13.631805	19841.417
13.638187	19787.671
13.644570	19762.594
13.650953	19735.275
13.657336	19703.450
13.663719	19716.087
13.670101	19757.601
13.676484	19764.319
13.682867	19794.457
13.689250	19831.861
13.695633	19916.256
13.702016	19959.459
13.708398	20006.270
13.714781	19995.641
13.721164	20018.101
13.727547	20017.608
13.733930	20010.619
13.740312	19952.715
13.746695	19923.546
13.753078	19842.790
13.759461	19778.999
13.765844	19742.691
13.772227	19780.425
13.778609	19779.956
13.784992	19757.976
13.791375	19751.558
13.797758	19776.334
13.804141	19815.683
13.810524	19825.502
13.816906	19820.285
13.823289	19801.826
13.829672	19785.636
13.836055	19798.066
13.842438	19850.464
13.848820	19864.863
13.855203	19846.158
13.861586	19835.733
13.867969	19840.750
13.874352	19811.455
13.880735	19797.139
13.887117	19779.194
13.893500	19778.199
13.899883	19770.659
13.906266	19726.448
13.912649	19701.890
13.919031	19651.600
13.925414	19609.675
13.931797	19549.621
13.938180	19556.438
13.944563	19581.588
13.950946	19561.601
13.957328	19551.589
13.963711	19580.716
13.970094	19601.897
13.976477	19588.800
13.982860	19612.790
13.989242	19665.828
13.995625	19730.078
14.002008	19798.116
14.008391	19837.863
14.014774	19839.069
14.021157	19865.966
14.027539	19907.411
14.033922	19898.629
14.040305	19846.708
14.046688	19786.382
14.053071	19726.575
14.059453	19722.680
14.065836	19725.396
14.072219	19690.254
14.078602	19645.893
14.084985	19605.921
14.091368	19606.771
14.097750	19615.450
14.104133	19627.108
14.110516	19630.887
14.116899	19622.581
14.123282	19627.537
14.129664	19663.454
14.136047	19685.252
14.142430	19722.393
14.148813	19725.687
14.155196	19714.287
14.161579	19733.267
14.167961	19748.716
14.174344	19699.039
14.180727	19637.320
14.187110	19549.762
14.193493	19458.538
14.199875	19368.412
14.206258	19326.819
14.212641	19294.768
14.219024	19233.386
14.225407	19160.649
14.231790	19071.080
14.238172	19021.040
14.244555	19028.788
14.250938	19047.594
14.257321	19046.891
14.263704	19023.855
14.270086	19047.174
14.276469	19074.957
14.282852	19077.199
14.289235	19103.077
14.295618	19149.709
14.302001	19176.035
14.308383	19192.520
14.314766	19206.607
14.321149	19185.011
14.327532	19152.015
14.333915	19109.835
14.340297	19055.341
14.346680	18997.036
14.353063	18946.288
14.359446	18920.497
14.365829	18909.451
14.372212	18929.308
14.378594	18902.843
14.384977	18858.574
14.391360	18842.558
14.397743	18856.599
14.404126	18873.442
14.410508	18868.462
14.416891	18854.894
14.423274	18854.362
14.429657	18873.217
14.436040	18890.557
14.442423	18900.043
14.448805	18880.271
14.455188	18841.771
14.461571	18815.928
14.467954	18767.581
14.474337	18728.074
14.480719	18728.019
14.487102	18707.671
14.493485	18694.674
14.499868	18691.689
14.506251	18684.883
14.512634	18695.165
14.519016	18713.680
14.525399	18754.527
14.531782	18792.742
14.538165	18774.501
14.544548	18752.010
14.550930	18752.729
14.557313	18779.731
14.563696	18839.799
14.570079	18869.388
14.576462	18877.352
14.582845	18883.220
14.589227	18876.241
14.595610	18861.651
14.601993	18844.387
14.608376	18806.207
14.614759	18751.714
14.621141	18715.935
14.627524	18675.735
14.633907	18604.560
14.640290	18572.215
14.646673	18594.313
14.653056	18616.587
14.659438	18626.811
14.665821	18591.658
14.672204	18548.839
14.678587	18535.701
14.684970	18506.965
14.691352	18491.127
14.697735	18481.884
14.704118	18506.119
14.710501	18512.574
14.716884	18481.335
14.723267	18467.967
14.729649	18466.648
14.736032	18427.194
14.742415	18369.231
14.748798	18323.930
14.755181	18314.614
14.761563	18268.516
14.767946	18212.072
14.774329	18197.148
14.780712	18173.222
14.787095	18166.348
14.793478	18154.672
14.799860	18146.163
14.806243	18167.272
14.812626	18218.166
14.819009	18222.338
14.825392	18251.814
14.831774	18320.119
14.838157	18347.901
14.844540	18354.296
14.850923	18372.571
14.857306	18393.230
14.863689	18356.752
14.870071	18291.275
14.876454	18240.651
14.882837	18254.813
14.889220	18268.243
14.895603	18219.364
14.901985	18172.205
14.908368	18160.740
14.914751	18152.202
14.921134	18138.876
14.927517	18162.710
14.933900	18174.728
14.940282	18151.260
14.946665	18162.115
14.953048	18173.331
14.959431	18155.660
14.965814	18174.636
14.972196	18168.242
14.978579	18162.075
14.984962	18118.213
14.991345	18086.886
14.997728	18062.393
15.004111	18047.548
15.010493	18045.743
15.016876	18055.104
15.023259	18024.595
15.029642	18033.035
15.036025	18012.146
15.042407	17989.179
15.048790	17993.533
15.055173	17991.097
15.061556	17994.936
15.067939	18011.962
15.074322	18028.388
15.080704	18052.160
15.087087	18053.516
15.093470	18038.859
15.099853	18068.954
15.106236	18140.506
15.112618	18187.915
15.119001	18224.679
15.125384	18248.268
15.131767	18291.041
15.138150	18271.154
15.144533	18214.653
15.150915	18213.028
15.157298	18203.786
15.163681	18186.182
15.170064	18149.363
15.176447	18120.298
15.182829	18113.037
15.189212	18109.315
15.195595	18126.503
15.201978	18118.895
15.208361	18113.115
15.214744	18151.565
15.221126	18201.076
15.227509	18222.506
15.233892	18244.680
15.240275	18267.952
15.246658	18327.578
15.253040	18342.476
15.259423	18318.745
15.265806	18324.092
15.272189	18306.817
15.278572	18321.137
15.284955	18323.939
15.291337	18281.016
15.297720	18206.173
15.304103	18199.674
15.310486	18180.857
15.316869	18166.077
15.323251	18170.181
15.329634	18154.710
15.336017	18130.945
15.342400	18105.832
15.348783	18126.322
15.355166	18142.954
15.361548	18148.211
15.367931	18133.058
15.374314	18107.677
15.380697	18120.090
15.387080	18170.353
15.393462	18209.044
15.399845	18215.271
15.406228	18213.867
15.412611	18220.929
15.418994	18176.072
15.425377	18167.389
15.431759	18211.873
15.438142	18209.135
15.444525	18167.944
15.450908	18127.396
15.457291	18101.314
15.463673	18091.448
15.470056	18079.794
15.476439	18083.672
15.482822	18099.491
15.489205	18102.933
15.495588	18105.593
15.501970	18137.054
15.508353	18129.549
15.514736	18113.810
15.521119	18102.129
15.527502	18104.313
15.533884	18133.901
15.540267	18112.692
15.546650	18098.989
15.553033	18121.306
15.559416	18091.015
15.565799	18071.509
15.572181	18040.171
15.578564	18006.624
15.584947	17998.521
15.591330	18004.574
15.597713	18007.117
15.604095	17999.837
15.610478	17997.669
15.616861	17989.048
15.623244	17943.492
15.629627	17973.806
15.636010	18004.345
15.642392	17987.279
15.648775	17965.272
15.655158	17976.072
15.661541	17983.244
15.667924	17973.257
15.674306	17941.274
15.680689	17914.030
15.687072	17857.513
15.693455	17823.634
15.699838	17851.271
15.706221	17906.009
15.712603	17895.278
15.718986	17872.763
15.725369	17874.716
15.731752	17931.050
15.738135	17969.096
15.744517	17930.263
15.750900	17939.069
15.757283	17993.587
15.763666	18026.647
15.770049	18010.582
15.776432	17987.116
15.782814	17987.242
15.789197	17985.090
15.795580	17995.803
15.801963	17976.591
15.808346	17929.935
15.814728	17871.492
15.821111	17815.360
15.827494	17779.997
15.833877	17741.665
15.840260	17717.419
15.846643	17674.475
15.853025	17633.895
15.859408	17615.009
15.865791	17626.395
15.872174	17643.180
15.878557	17626.738
15.884939	17625.899
15.891322	17616.495
15.897705	17569.241
15.904088	17563.417
15.910471	17566.450
15.916854	17546.606
15.923236	17561.523
15.929619	17617.403
15.936002	17635.460
15.942385	17590.574
15.948768	17582.033
15.955150	17556.821
15.961533	17513.491
15.967916	17494.950
15.974299	17480.026
15.980682	17469.852
15.987065	17463.141
15.993447	17456.564
15.999830	17466.234
16.006213	17449.729
16.012596	17436.101
16.018979	17435.175
16.025361	17479.849
16.031744	17488.246
16.038127	17427.793
16.044510	17378.502
16.050893	17366.739
16.057276	17340.641
16.063658	17334.907
16.070041	17336.834
16.076424	17300.942
16.082807	17274.787
16.089190	17248.211
16.095572	17247.435
16.101955	17279.199
16.108338	17275.450
16.114721	17231.188
16.121104	17242.377
16.127487	17235.301
16.133869	17218.729
16.140252	17221.677
16.146635	17224.223
16.153018	17217.131
16.159401	17263.594
16.165783	17252.844
16.172166	17213.393
16.178549	17203.960
16.184932	17220.788
16.191315	17193.636
16.197698	17157.937
16.204080	17123.036
16.210463	17107.423
16.216846	17121.119
16.223229	17110.790
16.229612	17086.728
16.235994	17087.043
16.242377	17089.700
16.248760	17076.169
16.255143	17092.086
16.261526	17084.198
16.267909	17068.612
16.274291	17057.668
16.280674	17050.905
16.287057	17025.831
16.293440	17017.208
16.299823	17024.632
16.306205	17004.197
16.312588	16967.949
16.318971	16931.798
16.325354	16917.390
16.331737	16874.152
16.338120	16837.197
16.344502	16862.680
16.350885	16873.995
16.357268	16844.146
16.363651	16820.573
16.370034	16806.205
16.376416	16813.167
16.382799	16801.715
16.389182	16810.154
16.395565	16856.532
16.401948	16827.046
16.408331	16730.689
16.414713	16729.794
16.421096	16775.856
16.427479	16775.252
16.433862	16719.925
16.440245	16686.094
16.446627	16698.573
16.453010	16704.953
16.459393	16721.062
16.465776	16741.453
16.472159	16742.397
16.478542	16743.388
16.484924	16746.402
16.491307	16741.462
16.497690	16755.156
16.504073	16738.531
16.510456	16706.796
16.516838	16687.340
16.523221	16716.108
16.529604	16745.905
16.535987	16728.312
16.542370	16676.096
16.548753	16643.747
16.555135	16623.531
16.561518	16583.375
16.567901	16556.097
16.574284	16550.458
16.580667	16554.803
16.587049	16582.107
16.593432	16539.094
16.599815	16459.383
16.606198	16437.411
16.612581	16445.263
16.618964	16458.456
16.625346	16455.361
16.631729	16438.712
16.638112	16420.721
16.644495	16414.649
16.650878	16435.130
16.657260	16409.516
16.663643	16398.183
16.670026	16401.344
16.676409	16383.425
16.682792	16346.358
16.689175	16340.162
16.695557	16344.987
16.701940	16360.732
16.708323	16356.201
16.714706	16321.064
16.721089	16321.685
16.727471	16307.420
16.733854	16284.612
16.740237	16233.033
16.746620	16236.743
16.753003	16274.206
16.759386	16258.341
16.765768	16261.311
16.772151	16287.021
16.778534	16280.551
16.784917	16251.625
16.791300	16248.152
16.797682	16259.147
16.804065	16265.390
16.810448	16223.908
16.816831	16187.297
16.823214	16203.637
16.829597	16241.399
16.835979	16269.318
16.842362	16269.662
16.848745	16251.321
16.855128	16216.857
16.861511	16212.291
16.867893	16287.916
16.874276	16304.567
16.880659	16291.382
16.887042	16271.851
16.893425	16246.334
16.899808	16278.117
16.906190	16294.480
16.912573	16305.697
16.918956	16303.132
16.925339	16266.454
16.931722	16269.752
16.938104	16260.153
16.944487	16218.276
16.950870	16230.312
16.957253	16192.484
16.963636	16189.092
16.970019	16221.308
16.976401	16198.410
16.982784	16147.811
16.989167	16116.452
16.995550	16134.268
17.001933	16131.901
17.008316	16108.169
17.014698	16085.459
17.021081	16067.935
17.027464	16093.231
17.033847	16110.480
17.040230	16112.728
17.046612	16099.943
17.052995	16094.125
17.059378	16074.168
17.065761	16055.563
17.072144	16063.777
17.078527	16090.906
17.084909	16109.467
17.091292	16155.813
17.097675	16115.030
17.104058	16063.621
17.110441	16076.941
17.116823	16104.169
17.123206	16120.799
17.129589	16134.203
17.135972	16136.435
17.142355	16073.674
17.148738	16043.627
17.155120	16068.888
17.161503	16077.682
17.167886	16064.127
17.174269	16106.050
17.180652	16075.608
17.187034	16068.630
17.193417	16102.263
17.199800	16123.495
17.206183	16127.439
17.212566	16094.926
17.218949	16088.895
17.225331	16106.452
17.231714	16089.771
17.238097	16075.391
17.244480	16066.339
17.250863	16041.037
17.257245	16071.017
17.263628	16089.867
17.270011	16056.603
17.276394	16044.719
17.282777	16039.234
17.289160	16046.375
17.295542	16049.746
17.301925	16032.648
17.308308	16001.978
17.314691	16021.760
17.321074	16008.662
17.327456	15951.108
17.333839	15902.187
17.340222	15891.789
17.346605	15883.471
17.352988	15914.019
17.359371	15951.308
17.365753	15947.667
17.372136	15931.437
17.378519	15931.496
17.384902	15956.442
17.391285	15945.859
17.397667	15949.087
17.404050	15959.202
17.410433	15955.297
17.416816	15975.030
17.423199	15955.429
17.429582	15918.186
17.435964	15922.227
17.442347	15915.193
17.448730	15922.238
17.455113	15926.722
17.461496	15899.546
17.467878	15921.571
17.474261	15923.795
17.480644	15893.507
17.487027	15905.559
17.493410	15881.792
17.499793	15880.505
17.506175	15863.686
17.512558	15847.366
17.518941	15931.268
17.525324	15930.107
17.531707	15865.212
17.538089	15830.469
17.544472	15828.098
17.550855	15821.973
17.557238	15785.999
17.563621	15772.479
17.570004	15790.418
17.576386	15809.119
17.582769	15791.878
17.589152	15765.956
17.595535	15722.934
17.601918	15724.844
17.608300	15780.722
17.614683	15785.088
17.621066	15745.985
17.627449	15724.451
17.633832	15726.160
17.640215	15718.927
17.646597	15710.858
17.652980	15707.326
17.659363	15711.982
17.665746	15666.556
17.672129	15695.180
17.678511	15709.464
17.684894	15684.540
17.691277	15700.376
17.697660	15707.813
17.704043	15677.915
17.710426	15646.746
17.716808	15646.265
17.723191	15659.294
17.729574	15626.519
17.735957	15620.203
17.742340	15638.246
17.748722	15614.739
17.755105	15610.196
17.761488	15602.411
17.767871	15614.795
17.774254	15613.117
17.780637	15596.612
17.787019	15556.714
17.793402	15546.600
17.799785	15518.930
17.806168	15510.894
17.812551	15540.003
17.818933	15535.618
17.825316	15537.122
17.831699	15537.575
17.838082	15547.693
17.844465	15513.371
17.850848	15501.822
17.857230	15534.859
17.863613	15558.580
17.869996	15541.560
17.876379	15514.787
17.882762	15461.389
17.889144	15461.761
17.895527	15470.795
17.901910	15456.070
17.908293	15459.192
17.914676	15461.126
17.921059	15427.214
17.927441	15374.340
17.933824	15419.934
17.940207	15436.529
17.946590	15393.032
17.952973	15401.160
17.959355	15424.940
17.965738	15407.809
17.972121	15431.119
17.978504	15480.604
17.984887	15425.070
17.991270	15383.275
17.997652	15408.032
18.004035	15419.288
18.010418	15423.051
18.016801	15351.937
18.023184	15345.961
18.029566	15394.522
18.035949	15412.626
18.042332	15435.700
18.048715	15440.399
18.055098	15431.556
18.061481	15433.578
18.067863	15400.867
18.074246	15373.307
18.080629	15391.669
18.087012	15386.488
18.093395	15382.072
18.099777	15381.556
18.106160	15381.762
18.112543	15371.366
18.118926	15347.609
18.125309	15342.242
18.131692	15378.545
18.138074	15332.163
18.144457	15362.848
18.150840	15435.768
18.157223	15451.172
18.163606	15431.207
18.169988	15413.031
18.176371	15389.368
18.182754	15379.038
18.189137	15377.859
18.195520	15372.399
18.201903	15350.723
18.208285	15331.997
18.214668	15334.121
18.221051	15308.051
18.227434	15321.122
18.233817	15329.079
18.240199	15338.536
18.246582	15338.892
18.252965	15318.027
18.259348	15371.886
18.265731	15346.323
18.272114	15305.139
18.278496	15326.351
18.284879	15366.526
18.291262	15375.300
18.297645	15364.915
18.304028	15321.896
18.310410	15313.382
18.316793	15317.697
18.323176	15349.792
18.329559	15377.388
18.335942	15307.765
18.342325	15267.591
18.348707	15278.532
18.355090	15288.690
18.361473	15316.497
18.367856	15295.683
18.374239	15288.625
18.380621	15261.645
18.387004	15277.218
18.393387	15293.492
18.399770	15309.522
18.406153	15299.242
18.412536	15285.756
18.418918	15277.852
18.425301	15272.060
18.431684	15270.886
18.438067	15285.664
18.444450	15267.331
18.450832	15241.899
18.457215	15257.873
18.463598	15275.102
18.469981	15309.740
18.476364	15259.342
18.482747	15235.659
18.489129	15225.217
18.495512	15248.035
18.501895	15268.981
18.508278	15269.841
18.514661	15280.611
18.521043	15273.637
18.527426	15266.465
18.533809	15256.463
18.540192	15276.281
18.546575	15288.050
18.552958	15303.236
18.559340	15277.503
18.565723	15304.801
18.572106	15312.448
18.578489	15278.538
18.584872	15275.408
18.591254	15259.475
18.597637	15223.737
18.604020	15241.254
18.610403	15223.668
18.616786	15218.943
18.623169	15248.561
18.629551	15269.436
18.635934	15276.405
18.642317	15301.026
18.648700	15291.989
18.655083	15245.790
18.661465	15202.872
18.667848	15213.598
18.674231	15226.831
18.680614	15227.157
18.686997	15219.438
18.693380	15197.324
18.699762	15178.874
18.706145	15200.163
18.712528	15208.210
18.718911	15189.728
18.725294	15210.494
18.731676	15224.273
18.738059	15194.374
18.744442	15190.384
18.750825	15168.746
18.757208	15166.534
18.763591	15168.689
18.769973	15151.098
18.776356	15138.046
18.782739	15162.273
18.789122	15158.965
18.795505	15115.682
18.801887	15109.396
18.808270	15127.282
18.814653	15122.948
18.821036	15098.896
18.827419	15134.879
18.833802	15174.172
18.840184	15160.509
18.846567	15162.725
18.852950	15150.044
18.859333	15154.583
18.865716	15182.263
18.872098	15141.564
18.878481	15109.475
18.884864	15157.219
18.891247	15149.196
18.897630	15136.104
18.904013	15110.507
18.910395	15147.140
18.916778	15166.990
18.923161	15121.041
18.929544	15179.309
18.935927	15181.828
18.942309	15126.519
18.948692	15114.091
18.955075	15110.856
18.961458	15104.809
18.967841	15104.098
18.974224	15087.650
18.980606	15098.276
18.986989	15130.802
18.993372	15133.713
18.999755	15138.312
19.006138	15137.450
19.012520	15108.985
19.018903	15117.621
19.025286	15121.717
19.031669	15084.023
19.038052	15035.961
19.044435	15011.919
19.050817	15041.914
19.057200	15085.577
19.063583	15069.802
19.069966	15037.359
19.076349	15044.675
19.082731	15021.792
19.089114	15007.700
19.095497	15005.394
19.101880	15017.718
19.108263	15027.796
19.114646	15036.711
19.121028	14993.642
19.127411	15019.445
19.133794	15046.053
19.140177	15041.308
19.146560	15033.007
19.152942	14999.106
19.159325	14958.243
19.165708	14974.577
19.172091	15017.127
19.178474	14995.297
19.184857	14942.185
19.191239	14953.600
19.197622	15007.204
19.204005	15013.084
19.210388	15016.015
19.216771	14970.736
19.223153	14964.103
19.229536	14934.291
19.235919	14933.319
19.242302	14927.338
19.248685	14948.511
19.255068	14990.165
19.261450	14955.620
19.267833	14969.517
19.274216	14951.019
19.280599	14907.012
19.286982	14909.704
19.293364	14898.892
19.299747	14876.564
19.306130	14862.422
19.312513	14883.789
19.318896	14881.570
19.325279	14911.953
19.331661	14914.086
19.338044	14862.824
19.344427	14806.930
19.350810	14779.552
19.357193	14824.505
19.363575	14859.297
19.369958	14825.428
19.376341	14836.868
19.382724	14842.283
19.389107	14801.060
19.395490	14833.476
19.401872	14877.295
19.408255	14880.489
19.414638	14820.277
19.421021	14791.036
19.427404	14795.194
19.433786	14804.622
19.440169	14820.510
19.446552	14813.261
19.452935	14808.537
19.459318	14799.211
19.465701	14771.564
19.472083	14771.560
19.478466	14755.966
19.484849	14738.636
19.491232	14735.964
19.497615	14730.725
19.503997	14705.252
19.510380	14652.459
19.516763	14661.631
19.523146	14687.439
19.529529	14704.296
19.535912	14733.983
19.542294	14734.186
19.548677	14681.749
19.555060	14619.975
19.561443	14608.663
19.567826	14646.492
19.574208	14677.905
19.580591	14701.126
19.586974	14660.580
19.593357	14640.995
19.599740	14624.189
19.606123	14656.722
19.612505	14676.515
19.618888	14632.510
19.625271	14621.882
19.631654	14597.043
19.638037	14585.802
19.644419	14580.974
19.650802	14584.906
19.657185	14640.780
19.663568	14618.077
19.669951	14588.084
19.676334	14605.910
19.682716	14569.215
19.689099	14559.678
19.695482	14569.863
19.701865	14561.168
19.708248	14531.036
19.714630	14557.987
19.721013	14598.962
19.727396	14547.494
19.733779	14466.209
19.740162	14480.399
19.746545	14525.967
19.752927	14520.716
19.759310	14534.558
19.765693	14531.609
19.772076	14529.137
19.778459	14566.573
19.784841	14507.369
19.791224	14553.984
19.797607	14525.371
19.803990	14490.108
19.810373	14491.791
19.816756	14498.173
19.823138	14513.924
19.829521	14546.156
19.835904	14562.025
19.842287	14516.329
19.848670	14468.919
19.855052	14424.204
19.861435	14455.802
19.867818	14517.385
19.874201	14486.317
19.880584	14427.562
19.886967	14462.898
19.893349	14467.657
19.899732	14409.609
19.906115	14421.721
19.912498	14410.392
19.918881	14370.106
19.925263	14405.780
19.931646	14410.702
19.938029	14411.724
19.944412	14422.224
19.950795	14420.810
19.957178	14421.108
19.963560	14391.332
19.969943	14416.764
19.976326	14443.855
19.982709	14402.444
19.989092	14368.521
19.995474	14359.620
20.001857	14359.274
20.008240	14386.926
20.014623	14370.445
20.021006	14296.824
20.027389	14330.261
20.033771	14352.717
20.040154	14316.304
20.046537	14300.463
20.052920	14345.970
20.059303	14370.625
20.065685	14362.105
20.072068	14331.774
20.078451	14306.131
20.084834	14311.967
20.091217	14348.236
20.097600	14340.955
20.103982	14368.218
20.110365	14357.440
20.116748	14348.319
20.123131	14355.268
20.129514	14360.147
20.135896	14347.029
20.142279	14362.476
20.148662	14332.841
20.155045	14297.970
20.161428	14290.572
20.167811	14304.648
20.174193	14325.789
20.180576	14267.464
20.186959	14279.821
20.193342	14348.861
20.199725	14276.816
20.206108	14237.635
20.212490	14244.090
20.218873	14286.868
20.225256	14297.035
20.231639	14258.394
20.238022	14229.372
20.244404	14264.019
20.250787	14302.559
20.257170	14311.489
20.263553	14286.174
20.269936	14266.679
20.276319	14282.113
20.282701	14291.035
20.289084	14227.408
20.295467	14260.845
20.301850	14291.490
20.308233	14260.087
20.314615	14288.143
20.320998	14341.488
20.327381	14329.722
20.333764	14323.342
20.340147	14326.417
20.346530	14287.611
20.352912	14232.817
20.359295	14253.143
20.365678	14287.813
20.372061	14253.975
20.378444	14272.244
20.384826	14278.000
20.391209	14244.766
20.397592	14215.719
20.403975	14224.587
20.410358	14161.903
20.416741	14155.988
20.423123	14138.437
20.429506	14170.048
20.435889	14208.862
20.442272	14219.447
20.448655	14170.394
20.455037	14152.059
20.461420	14143.376
20.467803	14177.101
20.474186	14195.221
20.480569	14238.254
20.486952	14265.294
20.493334	14212.872
20.499717	14207.135
20.506100	14177.541
20.512483	14177.299
20.518866	14205.046
20.525248	14222.075
20.531631	14163.488
20.538014	14101.648
20.544397	14154.153
20.550780	14176.269
20.557163	14164.147
20.563545	14178.310
20.569928	14173.632
20.576311	14165.695
20.582694	14195.255
20.589077	14195.861
20.595459	14100.087
20.601842	14110.403
20.608225	14194.539
20.614608	14183.030
20.620991	14127.588
20.627374	14133.504
20.633756	14182.631
20.640139	14140.606
20.646522	14091.485
20.652905	14139.760
20.659288	14201.572
20.665670	14142.325
20.672053	14110.000
20.678436	14102.235
20.684819	14128.830
20.691202	14110.772
20.697585	14088.385
20.703967	14144.577
20.710350	14125.539
20.716733	14125.795
20.723116	14137.227
20.729499	14138.049
20.735881	14144.055
20.742264	14137.235
20.748647	14133.110
20.755030	14069.775
20.761413	14090.970
20.767796	14145.018
20.774178	14149.876
20.780561	14094.867
20.786944	14084.375
20.793327	14073.006
20.799710	14100.426
20.806092	14109.955
20.812475	14073.781
20.818858	14065.688
20.825241	14058.398
20.831624	14077.673
20.838007	14105.534
20.844389	14124.231
20.850772	14112.286
20.857155	14056.530
20.863538	14071.944
20.869921	14084.804
20.876303	14090.688
20.882686	14146.397
20.889069	14119.293
20.895452	14063.554
20.901835	14026.218
20.908218	14027.082
20.914600	14058.211
20.920983	14096.525
20.927366	14064.892
20.933749	14080.099
20.940132	14056.604
20.946514	13983.681
20.952897	14038.941
20.959280	14073.747
20.965663	14096.172
20.972046	14049.978
20.978429	14030.153
20.984811	14024.207
20.991194	14024.255
20.997577	14029.762
21.003960	13981.249
21.010343	13960.498
21.016725	13972.539
21.023108	14004.281
21.029491	14019.536
21.035874	14016.204
21.042257	13977.886
21.048640	13967.102
21.055022	13994.796
21.061405	13974.127
21.067788	13983.260
21.074171	13990.914
21.080554	14015.623
21.086936	13993.995
21.093319	13999.065
21.099702	13954.485
21.106085	13931.415
21.112468	13921.089
21.118851	13982.006
21.125233	14034.527
21.131616	14022.351
21.137999	13959.215
21.144382	13968.565
21.150765	13944.920
21.157147	13924.728
21.163530	13922.196
21.169913	13898.829
21.176296	13913.983
21.182679	13958.899
21.189062	13899.011
21.195444	13884.313
21.201827	13882.058
21.208210	13906.847
21.214593	13906.611
21.220976	13869.672
21.227358	13873.810
21.233741	13849.903
21.240124	13853.920
21.246507	13843.591
21.252890	13923.911
21.259273	13870.439
21.265655	13845.123
21.272038	13887.094
21.278421	13846.631
21.284804	13852.623
21.291187	13900.640
21.297569	13889.904
21.303952	13876.408
21.310335	13911.763
21.316718	13883.737
21.323101	13816.526
21.329484	13801.090
21.335866	13841.768
21.342249	13897.203
21.348632	13887.870
21.355015	13865.402
21.361398	13858.873
21.367780	13846.792
21.374163	13841.740
21.380546	13878.202
21.386929	13874.710
21.393312	13898.571
21.399695	13915.678
21.406077	13860.695
21.412460	13876.258
21.418843	13871.779
21.425226	13825.238
21.431609	13809.974
21.437991	13883.040
21.444374	13847.269
21.450757	13822.551
21.457140	13850.250
21.463523	13847.053
21.469906	13837.659
21.476288	13844.976
21.482671	13782.216
21.489054	13820.975
21.495437	13819.015
21.501820	13804.015
21.508202	13798.301
21.514585	13815.710
21.520968	13841.819
21.527351	13871.466
21.533734	13816.462
21.540117	13803.105
21.546499	13810.560
21.552882	13831.392
21.559265	13806.910
21.565648	13783.815
21.572031	13780.536
21.578413	13763.826
21.584796	13792.016
21.591179	13808.560
21.597562	13801.804
21.603945	13766.501
21.610328	13755.635
21.616710	13762.727
21.623093	13802.478
21.629476	13736.372
21.635859	13806.421
21.642242	13776.142
21.648624	13704.108
21.655007	13728.280
21.661390	13753.696
21.667773	13785.784
21.674156	13807.045
21.680539	13788.609
21.686921	13758.952
21.693304	13739.309
21.699687	13751.744
21.706070	13760.340
21.712453	13805.219
21.718835	13810.717
21.725218	13798.646
21.731601	13710.311
21.737984	13694.242
21.744367	13745.978
21.750750	13768.618
21.757132	13753.702
21.763515	13756.168
21.769898	13753.622
21.776281	13813.321
21.782664	13762.512
21.789046	13735.291
21.795429	13766.138
21.801812	13796.225
21.808195	13772.421
21.814578	13787.750
21.820961	13757.861
21.827343	13751.731
21.833726	13735.368
21.840109	13695.696
21.846492	13770.745
21.852875	13770.604
21.859257	13730.510
21.865640	13753.968
21.872023	13740.031
21.878406	13716.042
21.884789	13776.052
21.891172	13777.503
21.897554	13743.544
21.903937	13741.773
21.910320	13751.583
21.916703	13748.131
21.923086	13728.612
21.929468	13733.453
21.935851	13712.705
21.942234	13729.748
21.948617	13736.308
21.955000	13749.832
21.961383	13730.565
21.967765	13688.299
21.974148	13706.699
21.980531	13774.762
21.986914	13748.187
21.993297	13718.894
21.999679	13719.964
22.006062	13686.609
22.012445	13675.459
22.018828	13683.717
22.025211	13761.709
22.031594	13769.344
22.037976	13712.886
22.044359	13699.385
22.050742	13758.958
22.057125	13775.693
22.063508	13735.833
22.069890	13702.510
22.076273	13754.179
22.082656	13803.368
22.089039	13771.284
22.095422	13707.166
22.101805	13711.688
22.108187	13618.987
22.114570	13736.754
22.120953	13750.286
22.127336	13715.749
22.133719	13670.099
22.140101	13690.905
22.146484	13757.758
22.152867	13810.358
22.159250	13769.629
22.165633	13723.537
22.172016	13679.522
22.178398	13741.182
22.184781	13686.001
22.191164	13632.451
22.197547	13630.583
22.203930	13638.581
22.210312	13682.548
22.216695	13666.688
22.223078	13695.503
22.229461	13658.471
22.235844	13662.469
22.242227	13720.150
22.248609	13659.605
22.254992	13705.445
22.261375	13730.655
22.267758	13708.416
22.274141	13703.132
22.280523	13634.662
22.286906	13587.736
22.293289	13564.942
22.299672	13650.428
22.306055	13714.824
22.312438	13695.546
22.318820	13629.300
22.325203	13675.811
22.331586	13643.082
22.337969	13629.490
22.344352	13626.629
22.350734	13618.951
22.357117	13591.467
22.363500	13614.069
22.369883	13709.645
22.376266	13689.971
22.382649	13682.451
22.389031	13642.286
22.395414	13634.907
22.401797	13588.759
22.408180	13583.681
22.414563	13683.331
22.420945	13636.606
22.427328	13591.647
22.433711	13510.051
22.440094	13571.169
22.446477	13662.319
22.452860	13691.590
22.459242	13682.543
22.465625	13634.178
22.472008	13580.149
22.478391	13594.865
22.484774	13598.754
22.491156	13633.404
22.497539	13607.596
22.503922	13536.727
22.510305	13570.260
22.516688	13631.112
22.523071	13582.805
22.529453	13611.265
22.535836	13620.616
22.542219	13690.269
22.548602	13712.059
22.554985	13623.394
22.561367	13618.973
22.567750	13587.952
22.574133	13638.366
22.580516	13652.262
22.586899	13601.360
22.593282	13600.032
22.599664	13581.268
22.606047	13562.944
22.612430	13559.249
22.618813	13581.473
22.625196	13641.690
22.631578	13604.006
22.637961	13667.843
22.644344	13618.933
22.650727	13644.849
22.657110	13581.494
22.663493	13624.043
22.669875	13610.091
22.676258	13600.528
22.682641	13599.142
22.689024	13565.943
22.695407	13514.996
22.701789	13554.792
22.708172	13588.197
22.714555	13594.805
22.720938	13572.897
22.727321	13572.592
22.733704	13553.516
22.740086	13592.817
22.746469	13495.199
22.752852	13463.650
22.759235	13525.592
22.765618	13516.227
22.772000	13618.433
22.778383	13642.140
22.784766	13568.686
22.791149	13536.462
22.797532	13518.085
22.803915	13556.941
22.810297	13516.981
22.816680	13553.513
22.823063	13570.390
22.829446	13519.432
22.835829	13546.436
22.842211	13535.270
22.848594	13572.925
22.854977	13567.967
22.861360	13482.095
22.867743	13454.180
22.874126	13502.244
22.880508	13508.007
22.886891	13583.070
22.893274	13568.479
22.899657	13446.906
22.906040	13494.416
22.912422	13482.758
22.918805	13453.763
22.925188	13472.407
22.931571	13497.090
22.937954	13501.179
22.944337	13546.320
22.950719	13469.078
22.957102	13514.272
22.963485	13510.966
22.969868	13467.545
22.976251	13529.390
22.982633	13489.745
22.989016	13403.785
22.995399	13462.638
23.001782	13454.034
23.008165	13472.096
23.014548	13540.835
23.020930	13455.225
23.027313	13561.436
23.033696	13522.355
23.040079	13449.647
23.046462	13479.330
23.052844	13453.385
23.059227	13463.475
23.065610	13468.525
23.071993	13436.949
23.078376	13408.390
23.084759	13446.325
23.091141	13461.315
23.097524	13423.041
23.103907	13408.240
23.110290	13445.222
23.116673	13481.190
23.123055	13402.715
23.129438	13374.311
23.135821	13461.193
23.142204	13442.604
23.148587	13455.992
23.154970	13458.195
23.161352	13393.339
23.167735	13352.725
23.174118	13382.684
23.180501	13409.276
23.186884	13480.039
23.193266	13423.656
23.199649	13379.747
23.206032	13396.654
23.212415	13387.073
23.218798	13425.810
23.225181	13438.814
23.231563	13377.708
23.237946	13325.849
23.244329	13398.881
23.250712	13403.903
23.257095	13435.252
23.263477	13423.571
23.269860	13431.302
23.276243	13421.333
23.282626	13402.368
23.289009	13365.654
23.295392	13368.990
23.301774	13415.932
23.308157	13366.761
23.314540	13417.584
23.320923	13421.685
23.327306	13363.481
23.333688	13344.543
23.340071	13382.190
23.346454	13307.059
23.352837	13333.778
23.359220	13359.620
23.365603	13328.336
23.371985	13346.663
23.378368	13388.634
23.384751	13327.611
23.391134	13329.450
23.397517	13357.568
23.403900	13323.123
23.410282	13362.305
23.416665	13348.400
23.423048	13433.907
23.429431	13328.853
23.435814	13338.205
23.442196	13338.024
23.448579	13336.758
23.454962	13365.238
23.461345	13322.307
23.467728	13297.638
23.474111	13253.325
23.480493	13282.833
23.486876	13323.431
23.493259	13310.070
23.499642	13312.384
23.506025	13324.269
23.512407	13363.010
23.518790	13316.784
23.525173	13298.534
23.531556	13263.563
23.537939	13321.319
23.544322	13348.067
23.550704	13308.593
23.557087	13340.986
23.563470	13243.408
23.569853	13252.722
23.576236	13286.033
23.582618	13314.144
23.589001	13276.612
23.595384	13323.308
23.601767	13332.196
23.608150	13273.091
23.614533	13326.068
23.620915	13278.360
23.627298	13262.728
23.633681	13273.245
23.640064	13318.410
23.646447	13286.226
23.652829	13292.101
23.659212	13292.307
23.665595	13288.162
23.671978	13235.523
23.678361	13288.471
23.684744	13305.354
23.691126	13267.440
23.697509	13207.769
23.703892	13261.185
23.710275	13308.376
23.716658	13245.567
23.723040	13229.199
23.729423	13200.926
23.735806	13314.963
23.742189	13288.822
23.748572	13272.785
23.754955	13217.629
23.761337	13242.668
23.767720	13352.636
23.774103	13347.106
23.780486	13309.535
23.786869	13168.103
23.793251	13162.619
23.799634	13278.928
23.806017	13316.052
23.812400	13263.424
23.818783	13309.296
23.825166	13329.395
23.831548	13334.966
23.837931	13156.537
23.844314	13206.773
23.850697	13253.712
23.857080	13233.825
23.863462	13146.710
23.869845	13160.239
23.876228	13284.830
23.882611	13290.880
23.888994	13264.351
23.895377	13276.530
23.901759	13194.417
23.908142	13207.966
23.914525	13287.367
23.920908	13312.773
23.927291	13328.484
23.933673	13222.109
23.940056	13115.070
23.946439	13246.871
23.952822	13226.136
23.959205	13099.615
23.965588	13192.631
23.971970	13293.890
23.978353	13259.472
23.984736	13126.694
23.991119	13160.858
23.997502	13168.941
24.003884	13156.831
24.010267	13185.193
24.016650	13297.548
24.023033	13255.003
24.029416	13220.974
24.035799	13218.772
24.042181	13196.062
24.048564	13157.604
24.054947	13216.214
24.061330	13176.409
24.067713	13250.073
24.074095	13171.793
24.080478	13171.449
24.086861	13265.194
24.093244	13218.822
24.099627	13283.330
24.106010	13190.148
24.112392	13235.451
24.118775	13173.199
24.125158	13094.187
24.131541	13178.198
24.137924	13194.213
24.144306	13258.672
24.150689	13123.093
24.157072	13180.837
24.163455	13169.959
24.169838	13102.519
24.176221	13185.072
24.182603	13213.404
24.188986	13133.033
24.195369	13176.085
24.201752	13176.453
24.208135	13170.592
24.214517	13152.515
24.220900	13085.158
24.227283	13100.741
24.233666	13120.133
24.240049	13065.772
24.246432	13101.765
24.252814	13070.524
24.259197	13149.888
24.265580	13068.299
24.271963	13041.426
24.278346	13146.190
24.284728	13186.062
24.291111	13180.625
24.297494	13080.362
24.303877	13035.399
24.310260	13133.633
24.316643	13169.804
24.323025	13043.197
24.329408	13103.819
24.335791	13152.439
24.342174	13164.835
24.348557	13115.132
24.354939	13047.858
24.361322	13024.377
24.367705	13093.659
24.374088	13096.853
24.380471	12994.045
24.386854	13036.240
24.393236	13056.796
24.399619	13103.280
24.406002	13096.132
24.412385	12994.670
24.418768	12975.335
24.425150	13064.545
24.431533	13029.813
24.437916	13099.971
24.444299	13103.133
24.450682	13084.351
24.457065	13096.160
24.463447	13104.581
24.469830	13062.113
24.476213	13117.735
24.482596	13023.362
24.488979	13021.180
24.495361	13048.030
24.501744	13099.957
24.508127	13102.227
24.514510	13152.024
24.520893	12965.249
24.527276	13010.268
24.533658	13020.005
24.540041	12969.306
24.546424	13044.016
24.552807	13095.409
24.559190	13020.312
24.565572	12975.943
24.571955	13047.167
24.578338	13120.865
24.584721	13079.478
24.591104	13007.293
24.597487	12989.671
24.603869	12976.797
24.610252	12921.482
24.616635	12938.847
24.623018	12959.162
24.629401	13031.129
24.635783	13037.047
24.642166	12894.343
24.648549	12962.153
24.654932	13014.531
24.661315	13040.867
24.667698	12921.256
24.674080	12958.194
24.680463	12985.716
24.686846	12838.223
24.693229	12999.547
24.699612	13045.317
24.705994	12968.827
24.712377	12953.324
24.718760	12918.168
24.725143	12972.072
24.731526	12952.179
24.737909	12964.412
24.744291	12956.132
24.750674	12900.847
24.757057	12962.524
24.763440	12935.524
24.769823	12991.155
24.776205	12947.488
24.782588	12883.303
24.788971	12828.704
24.795354	12838.364
24.801737	12900.433
24.808120	12946.683
24.814502	12880.123
24.820885	12952.714
24.827268	12859.591
24.833651	12842.908
24.840034	12963.156
24.846416	12903.661
24.852799	12903.828
24.859182	12887.286
24.865565	12821.884
24.871948	12835.145
24.878331	12867.336
24.884713	12824.891
24.891096	12880.595
24.897479	12928.923
24.903862	12941.026
24.910245	12960.420
24.916627	12778.822
24.923010	12853.658
24.929393	12810.836
24.935776	12857.336
24.942159	12886.805
24.948542	12875.565
24.954924	12909.969
24.961307	12944.651
24.967690	12872.709
24.974073	12860.176
24.980456	12852.786
24.986838	12860.181
24.993221	12847.317
24.999604	12830.593
25.005987	12784.867
25.012370	12885.412
25.018753	13017.017
25.025135	12904.357
25.031518	12834.601
25.037901	12865.123
25.044284	12851.545
25.050667	12811.925
25.057049	12904.876
25.063432	12884.090
25.069815	12872.087
25.076198	12892.284
25.082581	12933.872
25.088964	12884.276
25.095346	12901.269
25.101729	12859.427
25.108112	12905.990
25.114495	12818.854
25.120878	12713.059
25.127260	12838.909
25.133643	12865.205
25.140026	12899.695
25.146409	12836.865
25.152792	12782.600
25.159175	12803.238
25.165557	12713.353
25.171940	12808.465
25.178323	12851.760
25.184706	12836.737
25.191089	12855.054
25.197471	12821.198
25.203854	12853.186
25.210237	12824.272
25.216620	12769.444
25.223003	12797.473
25.229386	12690.396
25.235768	12784.261
25.242151	12901.706
25.248534	12905.279
25.254917	12870.421
25.261300	12837.953
25.267682	12805.621
25.274065	12763.341
25.280448	12837.726
25.286831	12804.834
25.293214	12806.967
25.299597	12785.666
25.305979	12769.311
25.312362	12805.637
25.318745	12825.423
25.325128	12811.692
25.331511	12847.194
25.337893	12821.273
25.344276	12684.499
25.350659	12724.711
25.357042	12757.728
25.363425	12739.578
25.369808	12722.865
25.376190	12712.679
25.382573	12762.158
25.388956	12744.545
25.395339	12766.450
25.401722	12688.070
25.408104	12719.417
25.414487	12777.365
25.420870	12898.993
25.427253	12808.334
25.433636	12694.066
25.440019	12817.722
25.446401	12686.527
25.452784	12682.496
25.459167	12708.925
25.465550	12845.643
25.471933	12779.759
25.478315	12852.495
25.484698	12756.251
25.491081	12743.815
25.497464	12762.947
25.503847	12800.626
25.510230	12683.466
25.516612	12726.420
25.522995	12783.612
25.529378	12663.254
25.535761	12693.256
25.542144	12721.365
25.548526	12716.856
25.554909	12812.294
25.561292	12734.528
25.567675	12730.911
25.574058	12781.740
25.580441	12682.695
25.586823	12708.083
25.593206	12724.701
25.599589	12708.451
25.605972	12688.789
25.612355	12660.899
25.618737	12735.373
25.625120	12689.188
25.631503	12714.301
25.637886	12692.185
25.644269	12747.274
25.650652	12756.404
25.657034	12759.473
25.663417	12656.832
25.669800	12590.133
25.676183	12602.075
25.682566	12713.728
25.688948	12573.595
25.695331	12730.719
25.701714	12612.624
25.708097	12727.267
25.714480	12675.181
25.720863	12646.584
25.727245	12644.126
25.733628	12651.777
25.740011	12724.397
25.746394	12626.192
25.752777	12621.308
25.759159	12678.118
25.765542	12671.556
25.771925	12632.226
25.778308	12570.194
25.784691	12498.527
25.791074	12657.046
25.797456	12646.154
25.803839	12526.032
25.810222	12555.188
25.816605	12577.451
25.822988	12600.334
25.829370	12507.193
25.835753	12644.637
25.842136	12600.919
25.848519	12591.984
25.854902	12703.498
25.861285	12691.292
25.867667	12571.443
25.874050	12634.283
25.880433	12594.903
25.886816	12563.507
25.893199	12664.386
25.899581	12615.801
25.905964	12545.262
25.912347	12544.980
25.918730	12626.257
25.925113	12597.758
25.931496	12496.959
25.937878	12559.188
25.944261	12571.145
25.950644	12530.437
25.957027	12591.221
25.963410	12645.606
25.969792	12637.309
25.976175	12600.262
25.982558	12600.116
25.988941	12620.082
25.995324	12555.599
26.001707	12648.875
26.008089	12548.594
26.014472	12639.992
26.020855	12611.916
26.027238	12605.237
26.033621	12590.623
26.040003	12393.064
26.046386	12475.829
26.052769	12614.352
26.059152	12596.287
26.065535	12544.947
26.071918	12528.033
26.078300	12517.268
26.084683	12536.846
26.091066	12573.708
26.097449	12537.550
26.103832	12588.151
26.110214	12502.769
26.116597	12556.272
26.122980	12562.612
26.129363	12440.197
26.135746	12490.250
26.142129	12497.740
26.148511	12518.875
26.154894	12553.889
26.161277	12497.547
26.167660	12477.524
26.174043	12501.469
26.180425	12540.855
26.186808	12456.256
26.193191	12611.369
26.199574	12558.336
26.205957	12469.671
26.212340	12464.599
26.218722	12584.100
26.225105	12662.679
26.231488	12495.410
26.237871	12572.041
26.244254	12553.562
26.250636	12476.050
26.257019	12528.887
26.263402	12430.102
26.269785	12470.561
26.276168	12555.447
26.282551	12584.403
26.288933	12448.955
26.295316	12497.382
26.301699	12441.574
26.308082	12377.415
26.314465	12329.928
26.320847	12421.080
26.327230	12469.023
26.333613	12514.187
26.339996	12451.654
26.346379	12467.236
26.352762	12493.915
26.359144	12437.927
26.365527	12382.605
26.371910	12409.451
26.378293	12383.997
26.384676	12419.938
26.391058	12397.221
26.397441	12444.034
26.403824	12346.460
26.410207	12378.853
26.416590	12494.162
26.422973	12506.180
26.429355	12494.164
26.435738	12556.634
26.442121	12591.006
26.448504	12414.057
26.454887	12308.990
26.461269	12337.885
26.467652	12375.023
26.474035	12350.315
26.480418	12406.100
26.486801	12377.215
26.493184	12270.006
26.499566	12279.683
26.505949	12368.031
26.512332	12470.235
26.518715	12460.250
26.525098	12299.944
26.531480	12326.509
26.537863	12367.238
26.544246	12290.771
26.550629	12381.691
26.557012	12399.789
26.563395	12325.367
26.569777	12282.712
26.576160	12322.817
26.582543	12331.629
26.588926	12264.386
26.595309	12369.775
26.601692	12260.804
26.608074	12292.132
26.614457	12335.592
26.620840	12392.666
26.627223	12310.663
26.633606	12389.645
26.639988	12412.383
26.646371	12292.711
26.652754	12468.444
26.659137	12474.672
26.665520	12347.894
26.671903	12294.616
26.678285	12361.354
26.684668	12337.134
26.691051	12324.990
26.697434	12229.086
26.703817	12345.176
26.710199	12327.195
26.716582	12210.710
26.722965	12251.156
26.729348	12323.921
26.735731	12372.963
26.742114	12331.843
26.748496	12337.549
26.754879	12265.294
26.761262	12156.609
26.767645	12363.120
26.774028	12359.688
26.780410	12217.298
26.786793	12339.595
26.793176	12255.663
26.799559	12227.713
26.805942	12296.879
26.812325	12348.290
26.818707	12243.189
26.825090	12156.234
26.831473	12324.388
26.837856	12294.244
26.844239	12198.977
26.850621	12200.787
26.857004	12274.874
26.863387	12283.081
26.869770	12276.109
26.876153	12245.009
26.882536	12232.648
26.888918	12305.132
26.895301	12221.388
26.901684	12089.292
26.908067	12298.787
26.914450	12171.228
26.920832	12237.505
26.927215	12298.654
26.933598	12310.046
26.939981	12196.397
26.946364	12193.865
26.952747	12294.218
26.959129	12292.105
26.965512	12286.910
26.971895	12367.992
26.978278	12163.296
26.984661	12247.639
26.991043	12242.206
26.997426	12137.444
27.003809	12323.108
27.010192	12230.611
27.016575	12259.110
27.022958	12365.657
27.029340	12270.154
27.035723	12191.867
27.042106	12123.485
27.048489	12156.355
27.054872	12290.235
27.061254	12314.298
27.067637	12280.725
27.074020	12237.240
27.080403	12163.679
27.086786	12034.179
27.093169	12102.865
27.099551	12214.502
27.105934	12213.727
27.112317	12144.419
27.118700	12200.093
27.125083	12119.408
27.131465	12162.567
27.137848	12172.535
27.144231	12207.458
27.150614	12199.995
27.156997	12136.378
27.163380	12151.243
27.169762	12224.287
27.176145	12158.768
27.182528	12312.514
27.188911	12204.835
27.195294	12226.785
27.201676	12089.102
27.208059	12111.013
27.214442	12069.770
27.220825	12145.061
27.227208	12155.426
27.233591	12146.645
27.239973	12163.833
27.246356	12188.419
27.252739	12007.044
27.259122	12060.691
27.265505	12228.412
27.271887	12151.657
27.278270	12249.885
27.284653	12068.250
27.291036	12129.394
27.297419	12225.895
27.303802	12187.282
27.310184	12181.363
27.316567	12132.484
27.322950	12054.187
27.329333	12271.207
27.335716	12109.498
27.342098	12141.458
27.348481	12131.838
27.354864	12141.556
27.361247	12050.379
27.367630	12114.467
27.374013	12049.947
27.380395	12175.404
27.386778	12062.477
27.393161	12142.131
27.399544	12058.384
27.405927	12051.491
27.412309	11957.287
27.418692	12044.339
27.425075	11919.222
27.431458	11961.913
27.437841	12042.861
27.444224	12193.411
27.450606	11981.825
27.456989	11997.179
27.463372	11906.299
27.469755	12056.639
27.476138	12075.935
27.482520	12019.524
27.488903	12093.120
27.495286	11999.158
27.501669	12040.287
27.508052	11897.326
27.514435	11900.124
27.520817	12099.971
27.527200	12041.995
27.533583	12033.566
27.539966	12095.222
27.546349	11943.437
27.552731	12002.092
27.559114	11931.012
27.565497	11920.394
27.571880	12019.764
27.578263	12112.081
27.584646	12078.706
27.591028	12106.994
27.597411	12032.180
27.603794	12109.880
27.610177	12127.850
27.616560	11968.867
27.622942	12043.957
27.629325	11930.189
27.635708	11928.328
27.642091	11951.532
27.648474	11946.375
27.654857	11888.800
27.661239	12006.704
27.667622	11858.991
27.674005	12005.560
27.680388	11969.813
27.686771	11978.521
27.693153	11943.365
27.699536	12007.790
27.705919	11800.486
27.712302	12032.821
27.718685	11888.420
27.725068	11876.414
27.731450	11935.436
27.737833	11868.267
27.744216	11760.049
27.750599	11884.734
27.756982	0.0000000
27.763364	0.0000000
27.769747	0.0000000
27.776130	0.0000000
27.782513	0.0000000
27.788896	0.0000000
27.795279	0.0000000
27.801661	0.0000000
27.808044	0.0000000
27.814427	0.0000000
27.820810	0.0000000
27.827193	0.0000000
27.833575	0.0000000
27.839958	0.0000000
27.846341	0.0000000
27.852724	0.0000000
27.859107	0.0000000
27.865490	0.0000000
27.871872	0.0000000
27.878255	0.0000000
27.884638	0.0000000
27.891021	0.0000000
27.897404	0.0000000
27.903786	0.0000000
27.910169	0.0000000
27.916552	0.0000000
27.922935	0.0000000
27.929318	0.0000000
27.935701	0.0000000
27.942083	0.0000000
27.948466	0.0000000
27.954849	0.0000000
27.961232	0.0000000
27.967615	0.0000000
27.973997	0.0000000
27.980380	0.0000000
27.986763	0.0000000
27.993146	0.0000000
27.999529	0.0000000
28.005912	0.0000000
28.012294	0.0000000
28.018677	0.0000000
28.025060	0.0000000
28.031443	0.0000000
28.037826	0.0000000
28.044208	0.0000000
28.050591	0.0000000
28.056974	0.0000000
28.063357	0.0000000
28.069740	0.0000000
28.076123	0.0000000
28.082505	0.0000000
28.088888	0.0000000
28.095271	0.0000000
28.101654	0.0000000
28.108037	0.0000000
28.114419	0.0000000
28.120802	0.0000000
28.127185	0.0000000
28.133568	0.0000000
28.139951	0.0000000
28.146334	0.0000000
28.152716	0.0000000
28.159099	0.0000000
28.165482	0.0000000
28.171865	0.0000000
28.178248	0.0000000
28.184630	0.0000000
28.191013	0.0000000
28.197396	0.0000000
28.203779	0.0000000
28.210162	0.0000000
28.216545	0.0000000
28.222927	0.0000000
28.229310	0.0000000
28.235693	0.0000000
28.242076	0.0000000
28.248459	0.0000000
28.254841	0.0000000
28.261224	0.0000000
28.267607	0.0000000
28.273990	0.0000000
28.280373	0.0000000
28.286756	0.0000000
28.293138	0.0000000
28.299521	0.0000000
28.305904	0.0000000
28.312287	0.0000000
28.318670	0.0000000
28.325052	0.0000000
28.331435	0.0000000
28.337818	0.0000000
28.344201	0.0000000
28.350584	0.0000000
28.356967	0.0000000
28.363349	0.0000000
28.369732	0.0000000
28.376115	0.0000000
28.382498	0.0000000
28.388881	0.0000000
28.395263	0.0000000
28.401646	0.0000000
28.408029	0.0000000
28.414412	0.0000000
28.420795	0.0000000
28.427178	0.0000000
28.433560	0.0000000
28.439943	0.0000000
28.446326	0.0000000
28.452709	0.0000000
28.459092	0.0000000
28.465474	0.0000000
28.471857	0.0000000
28.478240	0.0000000
28.484623	0.0000000
28.491006	0.0000000
28.497389	0.0000000
28.503771	0.0000000
28.510154	0.0000000
28.516537	0.0000000
28.522920	0.0000000
28.529303	0.0000000
28.535685	0.0000000
28.542068	0.0000000
28.548451	0.0000000
28.554834	0.0000000
28.561217	0.0000000
28.567600	0.0000000
28.573982	0.0000000
28.580365	0.0000000
28.586748	0.0000000
28.593131	0.0000000
28.599514	0.0000000
28.605896	0.0000000
28.612279	0.0000000
28.618662	0.0000000
28.625045	0.0000000
28.631428	0.0000000
28.637811	0.0000000
28.644193	0.0000000
28.650576	0.0000000
28.656959	0.0000000
28.663342	0.0000000
28.669725	0.0000000
28.676107	0.0000000
28.682490	0.0000000
28.688873	0.0000000
28.695256	0.0000000
28.701639	0.0000000
28.708022	0.0000000
28.714404	0.0000000
28.720787	0.0000000
28.727170	0.0000000
28.733553	0.0000000
28.739936	0.0000000
28.746318	0.0000000
28.752701	0.0000000
28.759084	0.0000000
28.765467	0.0000000
28.771850	0.0000000
28.778233	0.0000000
28.784615	0.0000000
28.790998	0.0000000
28.797381	0.0000000
28.803764	0.0000000
28.810147	0.0000000
28.816529	0.0000000
28.822912	0.0000000
28.829295	0.0000000
28.835678	0.0000000
28.842061	0.0000000
28.848444	0.0000000
28.854826	0.0000000
28.861209	0.0000000
28.867592	0.0000000
28.873975	0.0000000
28.880358	0.0000000
28.886740	0.0000000
28.893123	0.0000000
28.899506	0.0000000
28.905889	0.0000000
28.912272	0.0000000
28.918655	0.0000000
28.925037	0.0000000
28.931420	0.0000000
28.937803	0.0000000
28.944186	0.0000000
28.950569	0.0000000
28.956951	0.0000000
28.963334	0.0000000
28.969717	0.0000000
28.976100	0.0000000
28.982483	0.0000000
28.988866	0.0000000
28.995248	0.0000000
29.001631	0.0000000
29.008014	0.0000000
29.014397	0.0000000
29.020780	0.0000000
29.027162	0.0000000
29.033545	0.0000000
29.039928	0.0000000
29.046311	0.0000000
29.052694	0.0000000
29.059077	0.0000000
29.065459	0.0000000
29.071842	0.0000000
29.078225	0.0000000
29.084608	0.0000000
29.090991	0.0000000
29.097373	0.0000000
29.103756	0.0000000
29.110139	0.0000000
29.116522	0.0000000
29.122905	0.0000000
29.129288	0.0000000
29.135670	0.0000000
29.142053	0.0000000
29.148436	0.0000000
29.154819	0.0000000
29.161202	0.0000000
29.167584	0.0000000
29.173967	0.0000000
29.180350	0.0000000
29.186733	0.0000000
29.193116	0.0000000
29.199499	0.0000000
29.205881	0.0000000
29.212264	0.0000000
29.218647	0.0000000
29.225030	0.0000000
29.231413	0.0000000
29.237795	0.0000000
29.244178	0.0000000
29.250561	0.0000000
29.256944	0.0000000
29.263327	0.0000000
29.269710	0.0000000
29.276092	0.0000000
29.282475	0.0000000
29.288858	0.0000000
29.295241	0.0000000
29.301624	0.0000000
29.308006	0.0000000
29.314389	0.0000000
29.320772	0.0000000
29.327155	0.0000000
29.333538	0.0000000
29.339921	0.0000000
29.346303	0.0000000
29.352686	0.0000000
29.359069	0.0000000
29.365452	0.0000000
29.371835	0.0000000
29.378217	0.0000000
29.384600	0.0000000
29.390983	0.0000000
29.397366	0.0000000
29.403749	0.0000000
29.410132	0.0000000
29.416514	0.0000000
29.422897	0.0000000
29.429280	0.0000000
29.435663	0.0000000
29.442046	0.0000000
29.448428	0.0000000
29.454811	0.0000000
29.461194	0.0000000
29.467577	0.0000000
29.473960	0.0000000
29.480343	0.0000000
29.486725	0.0000000
29.493108	0.0000000
29.499491	0.0000000
29.505874	0.0000000
29.512257	0.0000000
29.518639	0.0000000
29.525022	0.0000000
29.531405	0.0000000
29.537788	0.0000000
29.544171	0.0000000
29.550554	0.0000000
29.556936	0.0000000
29.563319	0.0000000
29.569702	0.0000000
29.576085	0.0000000
29.582468	0.0000000
29.588850	0.0000000
29.595233	0.0000000
29.601616	0.0000000
29.607999	0.0000000
29.614382	0.0000000
29.620765	0.0000000
29.627147	0.0000000
29.633530	0.0000000
29.639913	0.0000000
29.646296	0.0000000
29.652679	0.0000000
29.659061	0.0000000
29.665444	0.0000000
29.671827	0.0000000
29.678210	0.0000000
29.684593	0.0000000
29.690976	0.0000000
29.697358	0.0000000
29.703741	0.0000000
29.710124	0.0000000
29.716507	0.0000000
29.722890	0.0000000
29.729272	0.0000000
29.735655	0.0000000
29.742038	0.0000000
29.748421	0.0000000
29.754804	0.0000000
29.761187	0.0000000
29.767569	0.0000000
29.773952	0.0000000
29.780335	0.0000000
29.786718	0.0000000
29.793101	0.0000000
29.799484	0.0000000
29.805866	0.0000000
29.812249	0.0000000
29.818632	0.0000000
29.825015	0.0000000
29.831398	0.0000000
29.837780	0.0000000
29.844163	0.0000000
29.850546	0.0000000
29.856929	0.0000000
29.863312	0.0000000
29.869695	0.0000000
29.876077	0.0000000
29.882460	0.0000000
29.888843	0.0000000
29.895226	0.0000000
29.901609	0.0000000
29.907991	0.0000000
29.914374	0.0000000
29.920757	0.0000000
29.927140	0.0000000
29.933523	0.0000000
29.939906	0.0000000
29.946288	0.0000000
29.952671	0.0000000
29.959054	0.0000000
29.965437	0.0000000
29.971820	0.0000000
29.978202	0.0000000
29.984585	0.0000000
29.990968	0.0000000
29.997351	0.0000000
30.003734	0.0000000
30.010117	0.0000000
30.016499	0.0000000
30.022882	0.0000000
30.029265	0.0000000
30.035648	0.0000000
30.042031	0.0000000
30.048413	0.0000000
30.054796	0.0000000
30.061179	0.0000000
30.067562	0.0000000
30.073945	0.0000000
30.080328	0.0000000
30.086710	0.0000000
30.093093	0.0000000
30.099476	0.0000000
30.105859	0.0000000
30.112242	0.0000000
30.118624	0.0000000
30.125007	0.0000000
30.131390	0.0000000
30.137773	0.0000000
30.144156	0.0000000
30.150539	0.0000000
30.156921	0.0000000
30.163304	0.0000000
30.169687	0.0000000
30.176070	0.0000000
30.182453	0.0000000
30.188835	0.0000000
30.195218	0.0000000
30.201601	0.0000000
30.207984	0.0000000
30.214367	0.0000000
30.220750	0.0000000
30.227132	0.0000000
30.233515	0.0000000
30.239898	0.0000000
30.246281	0.0000000
30.252664	0.0000000
30.259046	0.0000000
30.265429	0.0000000
30.271812	0.0000000
30.278195	0.0000000
30.284578	0.0000000
30.290961	0.0000000
30.297343	0.0000000
30.303726	0.0000000
30.310109	0.0000000
30.316492	0.0000000
30.322875	0.0000000
30.329257	0.0000000
30.335640	0.0000000
30.342023	0.0000000
30.348406	0.0000000
30.354789	0.0000000
30.361172	0.0000000
30.367554	0.0000000
30.373937	0.0000000
30.380320	0.0000000
30.386703	0.0000000
30.393086	0.0000000
30.399468	0.0000000
30.405851	0.0000000
30.412234	0.0000000
30.418617	0.0000000
30.425000	0.0000000
30.431383	0.0000000
30.437765	0.0000000
30.444148	0.0000000
30.450531	0.0000000
30.456914	0.0000000
30.463297	0.0000000
30.469679	0.0000000
30.476062	0.0000000
30.482445	0.0000000
30.488828	0.0000000
30.495211	0.0000000
30.501594	0.0000000
30.507976	0.0000000
30.514359	0.0000000
30.520742	0.0000000
30.527125	0.0000000
30.533508	0.0000000
30.539890	0.0000000
30.546273	0.0000000
30.552656	0.0000000
30.559039	0.0000000
30.565422	0.0000000
30.571805	0.0000000
30.578187	0.0000000
30.584570	0.0000000
30.590953	0.0000000
30.597336	0.0000000
30.603719	0.0000000
30.610101	0.0000000
30.616484	0.0000000
30.622867	0.0000000
30.629250	0.0000000
30.635633	0.0000000
30.642016	0.0000000
30.648398	0.0000000
30.654781	0.0000000
30.661164	0.0000000
30.667547	0.0000000
30.673930	0.0000000
30.680312	0.0000000
30.686695	0.0000000
30.693078	0.0000000
30.699461	0.0000000
30.705844	0.0000000
30.712227	0.0000000
30.718609	0.0000000
30.724992	0.0000000
30.731375	0.0000000
30.737758	0.0000000
30.744141	0.0000000
30.750523	0.0000000
30.756906	0.0000000
30.763289	0.0000000
30.769672	0.0000000
30.776055	0.0000000
30.782438	0.0000000
30.788820	0.0000000
30.795203	0.0000000
30.801586	0.0000000
30.807969	0.0000000
30.814352	0.0000000
30.820734	0.0000000
30.827117	0.0000000
30.833500	0.0000000
30.839883	0.0000000
30.846266	0.0000000
30.852649	0.0000000
30.859031	0.0000000
30.865414	0.0000000
30.871797	0.0000000
30.878180	0.0000000
30.884563	0.0000000
30.890945	0.0000000
30.897328	0.0000000
30.903711	0.0000000
30.910094	0.0000000
30.916477	0.0000000
30.922860	0.0000000
30.929242	0.0000000
30.935625	0.0000000
30.942008	0.0000000
30.948391	0.0000000
30.954774	0.0000000
30.961156	0.0000000
30.967539	0.0000000
30.973922	0.0000000
30.980305	0.0000000
30.986688	0.0000000
30.993071	0.0000000
30.999453	0.0000000
31.005836	0.0000000
31.012219	0.0000000
31.018602	0.0000000
31.024985	0.0000000
31.031367	0.0000000
31.037750	0.0000000
31.044133	0.0000000
31.050516	0.0000000
31.056899	0.0000000
31.063282	0.0000000
31.069664	0.0000000
31.076047	0.0000000
31.082430	0.0000000
31.088813	0.0000000
31.095196	0.0000000
31.101578	0.0000000
31.107961	0.0000000
31.114344	0.0000000
31.120727	0.0000000
31.127110	0.0000000
31.133493	0.0000000
31.139875	0.0000000
31.146258	0.0000000
31.152641	0.0000000
31.159024	0.0000000
31.165407	0.0000000
31.171789	0.0000000
31.178172	0.0000000
31.184555	0.0000000
31.190938	0.0000000
31.197321	0.0000000
31.203704	0.0000000
31.210086	0.0000000
31.216469	0.0000000
31.222852	0.0000000
31.229235	0.0000000
31.235618	0.0000000
31.242000	0.0000000
31.248383	0.0000000
31.254766	0.0000000
31.261149	0.0000000
31.267532	0.0000000
31.273915	0.0000000
31.280297	0.0000000
31.286680	0.0000000
31.293063	0.0000000
31.299446	0.0000000
31.305829	0.0000000
31.312211	0.0000000
31.318594	0.0000000
31.324977	0.0000000
31.331360	0.0000000
31.337743	0.0000000
31.344126	0.0000000
31.350508	0.0000000
31.356891	0.0000000
31.363274	0.0000000
31.369657	0.0000000
31.376040	0.0000000
31.382422	0.0000000
31.388805	0.0000000
31.395188	0.0000000
31.401571	0.0000000
31.407954	0.0000000
31.414337	0.0000000
31.420719	0.0000000
31.427102	0.0000000
31.433485	0.0000000
31.439868	0.0000000
31.446251	0.0000000
31.452633	0.0000000
31.459016	0.0000000
31.465399	0.0000000
31.471782	0.0000000
31.478165	0.0000000
31.484548	0.0000000
31.490930	0.0000000
31.497313	0.0000000
31.503696	0.0000000
31.510079	0.0000000
31.516462	0.0000000
31.522844	0.0000000
31.529227	0.0000000
31.535610	0.0000000
31.541993	0.0000000
31.548376	0.0000000
31.554759	0.0000000
31.561141	0.0000000
31.567524	0.0000000
31.573907	0.0000000
31.580290	0.0000000
31.586673	0.0000000
31.593055	0.0000000
31.599438	0.0000000
31.605821	0.0000000
31.612204	0.0000000
31.618587	0.0000000
31.624970	0.0000000
31.631352	0.0000000
31.637735	0.0000000
31.644118	0.0000000
31.650501	0.0000000
31.656884	0.0000000
31.663266	0.0000000
31.669649	0.0000000
31.676032	0.0000000
31.682415	0.0000000
31.688798	0.0000000
31.695181	0.0000000
31.701563	0.0000000
31.707946	0.0000000
31.714329	0.0000000
31.720712	0.0000000
31.727095	0.0000000
31.733477	0.0000000
31.739860	0.0000000
31.746243	0.0000000
31.752626	0.0000000
31.759009	0.0000000
31.765392	0.0000000
31.771774	0.0000000
31.778157	0.0000000
31.784540	0.0000000
31.790923	0.0000000
31.797306	0.0000000
31.803688	0.0000000
31.810071	0.0000000
31.816454	0.0000000
31.822837	0.0000000
31.829220	0.0000000
31.835603	0.0000000
31.841985	0.0000000
31.848368	0.0000000
31.854751	0.0000000
31.861134	0.0000000
31.867517	0.0000000
31.873899	0.0000000
31.880282	0.0000000
31.886665	0.0000000
31.893048	0.0000000
31.899431	0.0000000
31.905814	0.0000000
31.912196	0.0000000
31.918579	0.0000000
