0.010870201	0.0000000
0.017253020	0.0000000
0.023635838	0.0000000
0.030018656	0.0000000
0.036401475	0.0000000
0.042784293	0.0000000
0.049167111	0.0000000
0.055549930	0.0000000
0.061932748	0.0000000
0.068315566	0.0000000
0.074698385	0.0000000
0.081081203	0.0000000
0.087464022	0.0000000
0.093846840	0.0000000
0.10022966	0.0000000
0.10661248	0.0000000
0.11299529	0.0000000
0.11937811	0.0000000
0.12576093	0.0000000
0.13214375	0.0000000
0.13852657	0.0000000
0.14490939	0.0000000
0.15129221	0.0000000
0.15767502	0.0000000
0.16405784	0.0000000
0.17044066	0.0000000
0.17682348	0.0000000
0.18320630	0.0000000
0.18958912	0.0000000
0.19597193	0.0000000
0.20235475	7491.9723
0.20873757	7674.2873
0.21512039	6832.8149
0.22150321	5212.9772
0.22788603	4403.5704
0.23426884	3183.6805
0.24065166	1963.6910
0.24703448	1060.2351
0.25341730	410.81947
0.25980012	-56.388460
0.26618294	-444.63351
0.27256575	-892.70699
0.27894857	-1438.7348
0.28533139	-1712.9464
0.29171421	-1884.1249
0.29809703	-2083.7486
0.30447985	-2234.3382
0.31086266	-2456.5765
0.31724548	-2499.3514
0.32362830	-2563.8538
0.33001112	-2926.1730
0.33639394	-2998.9857
0.34277676	-3228.8235
0.34915957	-3199.2829
0.35554239	-3413.6807
0.36192521	-3208.0165
0.36830803	-3320.0041
0.37469085	-3193.3369
0.38107367	-2833.7431
0.38745648	-2416.9548
0.39383930	-2002.1979
0.40022212	-1932.9415
0.40660494	-1821.7959
0.41298776	-1931.9654
0.41937058	-2006.7792
0.42575339	-2181.4249
0.43213621	-2272.7786
0.43851903	-2239.3349
0.44490185	-2319.6176
0.45128467	-2396.8080
0.45766749	-2515.8429
0.46405030	-2531.7744
0.47043312	-2583.8224
0.47681594	-2590.5997
0.48319876	-2513.9939
0.48958158	-2449.6989
0.49596440	-2363.3214
0.50234722	-2412.2734
0.50873003	-2417.1607
0.51511285	-2457.9733
0.52149567	-2423.4998
0.52787849	-2352.8138
0.53426131	-2248.6727
0.54064413	-2132.7001
0.54702694	-2042.7454
0.55340976	-2020.6273
0.55979258	-1996.8109
0.56617540	-1962.2293
0.57255822	-1864.0102
0.57894104	-1749.1167
0.58532385	-1626.4772
0.59170667	-1458.4110
0.59808949	-1383.5472
0.60447231	-1254.0248
0.61085513	-1095.9500
0.61723795	-786.32731
0.62362076	-591.99102
0.63000358	-396.84589
0.63638640	-269.78830
0.64276922	-125.75484
0.64915204	-65.724615
0.65553486	-35.676785
0.66191767	-4.6792711
0.66830049	31.533785
0.67468331	78.966233
0.68106613	-59.590789
0.68744895	-142.43027
0.69383177	-166.02628
0.70021458	-159.34655
0.70659740	-78.537608
0.71298022	-34.839163
0.71936304	28.481361
0.72574586	101.40524
0.73212868	158.85440
0.73851149	254.59551
0.74489431	286.18237
0.75127713	400.71264
0.75765995	493.26904
0.76404277	570.02773
0.77042559	706.95455
0.77680840	841.06527
0.78319122	1086.8165
0.78957404	1302.7300
0.79595686	1588.8819
0.80233968	1881.5156
0.80872250	2208.2665
0.81510531	2598.4902
0.82148813	2833.8623
0.82787095	3040.8110
0.83425377	3235.0415
0.84063659	3449.9676
0.84701941	3610.7923
0.85340223	3589.1988
0.85978504	3486.1484
0.86616786	3374.2163
0.87255068	3218.9090
0.87893350	3104.8402
0.88531632	2930.2763
0.89169914	2794.2899
0.89808195	2669.3580
0.90446477	2587.2974
0.91084759	2595.5642
0.91723041	2660.1891
0.92361323	2720.2759
0.92999605	2776.8784
0.93637886	2874.4049
0.94276168	2916.5478
0.94914450	2933.4014
0.95552732	2986.0042
0.96191014	3058.2082
0.96829296	3239.0335
0.97467577	3353.3375
0.98105859	3468.3176
0.98744141	3491.3037
0.99382423	3534.0669
1.0002070	3588.1765
1.0065899	3773.6066
1.0129727	3958.7177
1.0193555	4084.0154
1.0257383	4209.7503
1.0321211	4306.9696
1.0385040	4380.6659
1.0448868	4474.5815
1.0512696	4629.3689
1.0576524	4800.9296
1.0640352	4895.8555
1.0704180	5041.4411
1.0768009	5170.1260
1.0831837	5412.7934
1.0895665	5574.6944
1.0959493	5696.1674
1.1023321	5876.9536
1.1087150	6053.9221
1.1150978	6340.1657
1.1214806	6656.6272
1.1278634	7122.4346
1.1342462	7728.6942
1.1406291	8519.0624
1.1470119	9822.0473
1.1533947	11787.658
1.1597775	15195.734
1.1661603	20840.952
1.1725431	29510.141
1.1789260	44075.747
1.1853088	60132.532
1.1916916	81862.876
1.1980744	101750.60
1.2044572	120378.88
1.2108401	136785.05
1.2172229	148439.62
1.2236057	158306.18
1.2299885	163018.47
1.2363713	162749.23
1.2427541	156173.51
1.2491370	143621.49
1.2555198	125500.23
1.2619026	106802.15
1.2682854	85446.297
1.2746682	67101.327
1.2810511	51156.502
1.2874339	38386.483
1.2938167	29151.686
1.3001995	23029.709
1.3065823	19602.544
1.3129651	17953.753
1.3193480	17641.805
1.3257308	18408.207
1.3321136	20193.612
1.3384964	23630.644
1.3448792	29899.351
1.3512621	39742.807
1.3576449	58936.444
1.3640277	86878.870
1.3704105	132800.43
1.3767933	192121.15
1.3831761	258763.60
1.3895590	332519.51
1.3959418	393295.07
1.4023246	450567.92
1.4087074	491493.38
1.4150902	523498.34
1.4214731	542309.81
1.4278559	543348.24
1.4342387	520009.16
1.4406215	480603.16
1.4470043	418373.74
1.4533872	349680.99
1.4597700	281731.62
1.4661528	211675.51
1.4725356	158862.55
1.4789184	110564.04
1.4853012	79310.089
1.4916841	56025.423
1.4980669	42970.211
1.5044497	36694.629
1.5108325	35121.464
1.5172153	37724.090
1.5235982	46045.510
1.5299810	61264.339
1.5363638	86323.097
1.5427466	124110.64
1.5491294	167061.47
1.5555122	218955.64
1.5618951	264701.60
1.5682779	306808.50
1.5746607	340992.61
1.5810435	366312.84
1.5874263	385019.63
1.5938092	391532.62
1.6001920	384088.08
1.6065748	361953.18
1.6129576	324578.52
1.6193404	278623.44
1.6257232	230350.01
1.6321061	181094.77
1.6384889	139920.79
1.6448717	104338.81
1.6512545	79273.470
1.6576373	61449.625
1.6640202	52623.648
1.6704030	50498.137
1.6767858	55758.153
1.6831686	67308.822
1.6895514	90592.377
1.6959342	120088.10
1.7023171	159282.25
1.7086999	200845.36
1.7150827	238736.20
1.7214655	274467.18
1.7278483	299958.90
1.7342312	321769.89
1.7406140	334884.66
1.7469968	339225.38
1.7533796	331123.88
1.7597624	311865.17
1.7661453	276521.64
1.7725281	239213.99
1.7789109	195837.55
1.7852937	154503.27
1.7916765	119405.12
1.7980593	87588.948
1.8044422	66049.206
1.8108250	48868.491
1.8172078	38937.109
1.8235906	32522.090
1.8299734	29043.239
1.8363563	27073.582
1.8427391	25944.462
1.8491219	25396.638
1.8555047	25045.450
1.8618875	24834.682
1.8682703	24736.092
1.8746532	24755.505
1.8810360	24993.269
1.8874188	25475.950
1.8938016	26248.225
1.9001844	27492.608
1.9065673	29196.097
1.9129501	31593.149
1.9193329	34845.802
1.9257157	39110.763
1.9320985	45059.562
1.9384813	51724.152
1.9448642	60574.520
1.9512470	71027.082
1.9576298	85352.166
1.9640126	104353.93
1.9703954	125844.62
1.9767783	152022.59
1.9831611	174345.89
1.9895439	194864.32
1.9959267	209284.45
2.0023095	219441.49
2.0086923	225172.44
2.0150752	226254.16
2.0214580	220767.42
2.0278408	209285.35
2.0342236	190377.35
2.0406064	166257.84
2.0469893	141990.03
2.0533721	114395.05
2.0597549	92567.724
2.0661377	71938.991
2.0725205	56790.135
2.0789034	45173.631
2.0852862	37426.448
2.0916690	32985.912
2.0980518	30214.562
2.1044346	28972.748
2.1108174	28308.616
2.1172003	28255.506
2.1235831	28579.293
2.1299659	29427.752
2.1363487	30763.140
2.1427315	32898.049
2.1491144	35369.864
2.1554972	38182.590
2.1618800	41035.082
2.1682628	43527.109
2.1746456	45702.206
2.1810284	47362.816
2.1874113	48619.888
2.1937941	49095.124
2.2001769	48595.882
2.2065597	47064.713
2.2129425	44691.205
2.2193254	41465.842
2.2257082	38196.139
2.2320910	34617.788
2.2384738	31705.450
2.2448566	29191.806
2.2512394	27393.882
2.2576223	26165.777
2.2640051	25563.759
2.2703879	25701.500
2.2767707	26718.284
2.2831535	28615.630
2.2895364	32145.816
2.2959192	38493.879
2.3023020	48435.091
2.3086848	66667.162
2.3150676	89506.164
2.3214504	121572.05
2.3278333	155433.94
2.3342161	188414.83
2.3405989	219829.01
2.3469817	243142.82
2.3533645	264013.35
2.3597474	277551.80
2.3661302	284709.78
2.3725130	282335.86
2.3788958	269435.26
2.3852786	244992.88
2.3916615	216597.17
2.3980443	182396.87
2.4044271	151051.02
2.4108099	124123.96
2.4171927	103154.41
2.4235755	89661.254
2.4299584	83084.069
2.4363412	81620.505
2.4427240	83422.243
2.4491068	86425.388
2.4554896	89491.407
2.4618725	92118.406
2.4682553	93507.091
2.4746381	93000.544
2.4810209	90199.464
2.4874037	84543.061
2.4937865	77717.748
2.5001694	69954.259
2.5065522	62801.753
2.5129350	57876.688
2.5193178	55873.297
2.5257006	56957.176
2.5320835	61115.739
2.5384663	66630.188
2.5448491	72632.791
2.5512319	78418.044
2.5576147	83023.826
2.5639975	86980.083
2.5703804	89022.622
2.5767632	88969.532
2.5831460	86286.999
2.5895288	81190.107
2.5959116	73434.475
2.6022945	65750.985
2.6086773	57135.145
2.6150601	50278.643
2.6214429	44988.318
2.6278257	41566.732
2.6342085	39849.566
2.6405914	39507.077
2.6469742	39965.409
2.6533570	40842.816
2.6597398	41700.131
2.6661226	42352.446
2.6725055	42570.934
2.6788883	42069.978
2.6852711	40709.015
2.6916539	38817.482
2.6980367	36275.422
2.7044196	33686.461
2.7108024	31021.521
2.7171852	28637.183
2.7235680	26619.892
2.7299508	25042.629
2.7363336	23995.730
2.7427165	23317.464
2.7490993	22922.798
2.7554821	22760.795
2.7618649	22745.426
2.7682477	22877.605
2.7746306	23274.846
2.7810134	23784.929
2.7873962	24632.325
2.7937790	25490.412
2.8001618	26352.214
2.8065446	27233.243
2.8129275	27985.227
2.8193103	28757.228
2.8256931	29303.615
2.8320759	29755.379
2.8384587	30008.674
2.8448416	30020.711
2.8512244	29832.259
2.8576072	29647.291
2.8639900	29535.624
2.8703728	29740.338
2.8767556	30548.706
2.8831385	32299.243
2.8895213	35173.102
2.8959041	39324.995
2.9022869	44003.878
2.9086697	49249.244
2.9150526	53917.770
2.9214354	57935.273
2.9278182	61155.213
2.9342010	63573.553
2.9405838	65075.473
2.9469666	65316.990
2.9533495	63902.726
2.9597323	61376.925
2.9661151	57676.996
2.9724979	53809.011
2.9788807	50364.468
2.9852636	47522.089
2.9916464	45695.467
2.9980292	44589.302
3.0044120	44198.974
3.0107948	44285.231
3.0171777	44892.771
3.0235605	45698.291
3.0299433	46631.320
3.0363261	47276.949
3.0427089	47916.152
3.0490917	48732.150
3.0554746	50389.628
3.0618574	53230.795
3.0682402	57013.072
3.0746230	61870.001
3.0810058	66468.704
3.0873887	71119.340
3.0937715	75174.698
3.1001543	78597.106
3.1065371	81610.344
3.1129199	83710.458
3.1193027	85145.069
3.1256856	86265.881
3.1320684	88446.460
3.1384512	92647.117
3.1448340	100102.05
3.1512168	110038.09
3.1575997	121029.05
3.1639825	132272.61
3.1703653	141590.49
3.1767481	149995.31
3.1831309	156358.62
3.1895137	160686.44
3.1958966	161561.87
3.2022794	158307.89
3.2086622	150287.84
3.2150450	140652.67
3.2214278	128815.43
3.2278107	118287.25
3.2341935	109053.37
3.2405763	101452.74
3.2469591	95986.710
3.2533419	92161.950
3.2597247	90098.559
3.2661076	88987.660
3.2724904	88118.280
3.2788732	86234.091
3.2852560	82831.680
3.2916388	78438.948
3.2980217	72860.001
3.3044045	67593.661
3.3107873	62592.242
3.3171701	58371.703
3.3235529	55272.803
3.3299357	53241.309
3.3363186	52223.502
3.3427014	52157.974
3.3490842	52535.429
3.3554670	52923.698
3.3618498	52989.226
3.3682327	52693.152
3.3746155	52117.535
3.3809983	51421.802
3.3873811	50736.829
3.3937639	50239.670
3.4001468	50107.415
3.4065296	50345.926
3.4129124	51176.966
3.4192952	52872.576
3.4256780	55645.606
3.4320608	60693.291
3.4384437	67624.263
3.4448265	78278.795
3.4512093	91522.074
3.4575921	106167.05
3.4639749	121682.21
3.4703578	134471.55
3.4767406	145803.56
3.4831234	153868.50
3.4895062	159642.20
3.4958890	162479.32
3.5022718	161214.89
3.5086547	155149.80
3.5150375	145158.56
3.5214203	131074.80
3.5278031	116059.84
3.5341859	100568.10
3.5405688	86085.868
3.5469516	73551.442
3.5533344	63468.557
3.5597172	56115.368
3.5661000	50904.006
3.5724828	47811.866
3.5788657	45734.476
3.5852485	44502.305
3.5916313	43615.080
3.5980141	43042.133
3.6043969	42812.844
3.6107798	43002.177
3.6171626	43648.993
3.6235454	45097.007
3.6299282	47496.059
3.6363110	51243.367
3.6426938	57621.940
3.6490767	66710.355
3.6554595	81882.804
3.6618423	100514.72
3.6682251	123713.28
3.6746079	148520.81
3.6809908	171003.09
3.6873736	191401.17
3.6937564	207068.11
3.7001392	219641.35
3.7065220	227498.79
3.7129049	229570.87
3.7192877	224829.93
3.7256705	212430.81
3.7320533	193219.57
3.7384361	171434.46
3.7448189	146481.06
3.7512018	124313.79
3.7575846	103506.66
3.7639674	87257.914
3.7703502	74385.138
3.7767330	65696.165
3.7831159	60539.434
3.7894987	58059.156
3.7958815	57753.130
3.8022643	58814.173
3.8086471	60722.371
3.8150299	62906.331
3.8214128	65265.428
3.8277956	67240.943
3.8341784	69250.864
3.8405612	70907.224
3.8469440	72510.890
3.8533269	73906.274
3.8597097	75005.838
3.8660925	76065.177
3.8724753	77011.120
3.8788581	77725.573
3.8852409	78142.258
3.8916238	78277.505
3.8980066	78286.345
3.9043894	78059.815
3.9107722	77560.055
3.9171550	76278.320
3.9235379	73911.253
3.9299207	70773.841
3.9363035	66605.077
3.9426863	62423.795
3.9490691	58368.950
3.9554519	54910.971
3.9618348	52552.018
3.9682176	51678.804
3.9746004	52776.626
3.9809832	56782.897
3.9873660	63612.454
3.9937489	73224.712
4.0001317	85404.284
4.0065145	97247.230
4.0128973	109337.45
4.0192801	118952.51
4.0256630	127410.67
4.0320458	133907.35
4.0384286	137760.48
4.0448114	138527.50
4.0511942	135404.83
4.0575770	128274.48
4.0639599	118765.49
4.0703427	107165.09
4.0767255	95445.718
4.0831083	84045.027
4.0894911	74102.753
4.0958740	65955.039
4.1022568	59590.045
4.1086396	55223.505
4.1150224	51950.277
4.1214052	49916.233
4.1277880	48377.740
4.1341709	47294.109
4.1405537	46575.039
4.1469365	46244.115
4.1533193	46425.931
4.1597021	47408.026
4.1660850	49346.673
4.1724678	52507.796
4.1788506	56884.364
4.1852334	61722.643
4.1916162	67054.018
4.1979990	71715.758
4.2043819	76053.469
4.2107647	79729.769
4.2171475	83166.067
4.2235303	86551.807
4.2299131	89851.206
4.2362960	93132.697
4.2426788	95918.061
4.2490616	98173.022
4.2554444	99508.520
4.2618272	100110.95
4.2682100	99990.306
4.2745929	99572.235
4.2809757	98873.558
4.2873585	97617.068
4.2937413	95100.885
4.3001241	91525.543
4.3065070	86421.610
4.3128898	80495.573
4.3192726	74535.600
4.3256554	68519.693
4.3320382	63992.044
4.3384211	60689.679
4.3448039	59346.741
4.3511867	59846.577
4.3575695	62014.434
4.3639523	65070.749
4.3703351	68489.726
4.3767180	71552.261
4.3831008	74089.969
4.3894836	75915.547
4.3958664	77097.899
4.4022492	77344.051
4.4086321	76277.410
4.4150149	73742.382
4.4213977	70047.096
4.4277805	65078.760
4.4341633	60221.138
4.4405461	55165.160
4.4469290	51112.268
4.4533118	48125.934
4.4596946	46770.714
4.4660774	47042.116
4.4724602	49000.069
4.4788431	51747.050
4.4852259	55157.420
4.4916087	58322.399
4.4979915	61003.737
4.5043743	63246.631
4.5107571	64850.684
4.5171400	65764.042
4.5235228	65618.767
4.5299056	64254.595
4.5362884	61953.717
4.5426712	58801.346
4.5490541	55301.081
4.5554369	51816.577
4.5618197	48601.915
4.5682025	46098.683
4.5745853	44183.509
4.5809681	43043.215
4.5873510	42402.835
4.5937338	42242.844
4.6001166	42355.140
4.6064994	42706.741
4.6128822	43391.900
4.6192651	44746.836
4.6256479	46795.977
4.6320307	49966.987
4.6384135	53983.143
4.6447963	58484.750
4.6511792	63271.734
4.6575620	67674.047
4.6639448	71813.559
4.6703276	75456.128
4.6767104	79066.922
4.6830932	82322.932
4.6894761	85233.949
4.6958589	87374.432
4.7022417	88391.111
4.7086245	88192.725
4.7150073	87221.238
4.7213902	85519.433
4.7277730	83856.736
4.7341558	82347.671
4.7405386	81148.807
4.7469214	79898.411
4.7533042	78256.756
4.7596871	76335.714
4.7660699	73709.808
4.7724527	71041.154
4.7788355	68425.069
4.7852183	66182.816
4.7916012	64440.200
4.7979840	63076.714
4.8043668	61845.549
4.8107496	60483.402
4.8171324	59015.493
4.8235152	57258.265
4.8298981	55434.233
4.8362809	53568.995
4.8426637	51745.393
4.8490465	49943.090
4.8554293	47977.145
4.8618122	46045.349
4.8681950	43885.104
4.8745778	41879.022
4.8809606	39901.660
4.8873434	38096.130
4.8937262	36691.023
4.9001091	35529.237
4.9064919	34788.741
4.9128747	34359.694
4.9192575	34224.764
4.9256403	34278.375
4.9320232	34410.685
4.9384060	34639.561
4.9447888	34895.435
4.9511716	35202.938
4.9575544	35581.476
4.9639373	35937.644
4.9703201	36320.086
4.9767029	36638.483
4.9830857	36978.972
4.9894685	37348.768
4.9958513	37680.251
5.0022342	38137.504
5.0086170	38595.250
5.0149998	39109.974
5.0213826	39542.473
5.0277654	39972.919
5.0341483	40450.126
5.0405311	40993.317
5.0469139	41676.065
5.0532967	42436.230
5.0596795	43310.585
5.0660623	44133.116
5.0724452	44999.800
5.0788280	45932.083
5.0852108	47163.769
5.0915936	48857.657
5.0979764	51112.760
5.1043593	54314.023
5.1107421	57616.828
5.1171249	61205.106
5.1235077	64279.267
5.1298905	66861.449
5.1362733	69002.557
5.1426562	70652.956
5.1490390	71957.707
5.1554218	72403.933
5.1618046	71887.293
5.1681874	70355.685
5.1745703	67952.867
5.1809531	64995.662
5.1873359	62031.671
5.1937187	59302.176
5.2001015	57223.480
5.2064843	55722.157
5.2128672	54678.260
5.2192500	53829.351
5.2256328	53219.084
5.2320156	52641.438
5.2383984	52082.551
5.2447813	51523.870
5.2511641	50891.723
5.2575469	50160.387
5.2639297	49217.381
5.2703125	48312.073
5.2766954	47645.990
5.2830782	47550.487
5.2894610	48310.726
5.2958438	50111.726
5.3022266	52729.344
5.3086094	56154.547
5.3149923	59664.310
5.3213751	63019.222
5.3277579	65817.956
5.3341407	68033.226
5.3405235	69557.484
5.3469064	70167.192
5.3532892	69589.839
5.3596720	67902.340
5.3660548	64931.095
5.3724376	61355.817
5.3788204	57424.551
5.3852033	53468.297
5.3915861	50220.439
5.3979689	47561.097
5.4043517	45843.150
5.4107345	44998.975
5.4171174	45222.404
5.4235002	46712.476
5.4298830	49555.770
5.4362658	53999.803
5.4426486	59852.225
5.4490314	66329.616
5.4554143	73191.599
5.4617971	79031.353
5.4681799	84219.075
5.4745627	87976.427
5.4809455	90561.997
5.4873284	91538.003
5.4937112	90578.416
5.5000940	87305.358
5.5064768	82395.034
5.5128596	75834.992
5.5192424	69009.806
5.5256253	62454.053
5.5320081	56650.761
5.5383909	52061.204
5.5447737	48674.907
5.5511565	46530.424
5.5575394	45447.037
5.5639222	45153.328
5.5703050	45415.086
5.5766878	45975.581
5.5830706	46738.510
5.5894535	47537.824
5.5958363	48158.036
5.6022191	48515.026
5.6086019	48583.011
5.6149847	48478.044
5.6213675	48211.444
5.6277504	47759.042
5.6341332	47052.431
5.6405160	46121.336
5.6468988	45006.060
5.6532816	43911.321
5.6596645	42887.457
5.6660473	42099.480
5.6724301	41562.467
5.6788129	41349.219
5.6851957	41363.405
5.6915785	41596.241
5.6979614	41867.953
5.7043442	42240.084
5.7107270	42558.977
5.7171098	42794.376
5.7234926	42817.400
5.7298755	42612.355
5.7362583	42174.064
5.7426411	41584.712
5.7490239	40895.892
5.7554067	40195.805
5.7617895	39525.196
5.7681724	38951.442
5.7745552	38456.913
5.7809380	38152.244
5.7873208	38043.931
5.7937036	38174.122
5.8000865	38543.904
5.8064693	39169.405
5.8128521	39877.558
5.8192349	40805.892
5.8256177	41813.921
5.8320005	43096.823
5.8383834	44652.911
5.8447662	46444.659
5.8511490	48399.331
5.8575318	50146.088
5.8639146	51692.924
5.8702975	52921.963
5.8766803	53928.443
5.8830631	54695.773
5.8894459	55319.099
5.8958287	55608.323
5.9022116	55480.425
5.9085944	54831.391
5.9149772	53823.799
5.9213600	52455.727
5.9277428	51200.553
5.9341256	49940.875
5.9405085	48724.310
5.9468913	47532.600
5.9532741	46400.169
5.9596569	45372.322
5.9660397	44381.294
5.9724226	43501.455
5.9788054	42693.735
5.9851882	42052.951
5.9915710	41602.032
5.9979538	41473.291
6.0043366	41763.190
6.0107195	42565.025
6.0171023	43817.976
6.0234851	45467.351
6.0298679	47145.317
6.0362507	48871.862
6.0426336	50331.461
6.0490164	51529.215
6.0553992	52348.035
6.0617820	52733.445
6.0681648	52497.852
6.0745476	51619.730
6.0809305	50013.190
6.0873133	48140.392
6.0936961	46010.718
6.1000789	44122.808
6.1064617	42491.395
6.1128446	41411.694
6.1192274	41006.959
6.1256102	41472.706
6.1319930	42779.662
6.1383758	45168.040
6.1447586	48160.027
6.1511415	51607.334
6.1575243	54961.415
6.1639071	58103.316
6.1702899	60798.103
6.1766727	63029.659
6.1830556	64623.127
6.1894384	65444.525
6.1958212	65295.252
6.2022040	64174.551
6.2085868	62021.125
6.2149696	59400.619
6.2213525	56583.852
6.2277353	53746.212
6.2341181	51232.160
6.2405009	48945.319
6.2468837	47056.805
6.2532666	45454.670
6.2596494	44229.613
6.2660322	43207.148
6.2724150	42393.594
6.2787978	41601.478
6.2851807	40872.825
6.2915635	40141.461
6.2979463	39382.444
6.3043291	38647.133
6.3107119	37894.386
6.3170947	37194.460
6.3234776	36446.335
6.3298604	35653.072
6.3362432	34868.954
6.3426260	34194.175
6.3490088	33617.068
6.3553917	33138.707
6.3617745	32716.518
6.3681573	32410.155
6.3745401	32227.866
6.3809229	32148.174
6.3873057	32143.379
6.3936886	32137.480
6.4000714	32192.943
6.4064542	32270.658
6.4128370	32322.776
6.4192198	32343.764
6.4256027	32379.313
6.4319855	32469.824
6.4383683	32654.720
6.4447511	32927.150
6.4511339	33395.209
6.4575167	34110.664
6.4638996	35092.421
6.4702824	36321.753
6.4766652	37601.833
6.4830480	39054.941
6.4894308	40459.595
6.4958137	41966.945
6.5021965	43490.471
6.5085793	44945.238
6.5149621	46172.138
6.5213449	46908.078
6.5277277	47202.062
6.5341106	47101.658
6.5404934	46697.737
6.5468762	46039.670
6.5532590	45128.251
6.5596418	44056.020
6.5660247	42872.064
6.5724075	41581.837
6.5787903	40443.127
6.5851731	39312.403
6.5915559	38421.679
6.5979388	37620.455
6.6043216	37031.851
6.6107044	36581.927
6.6170872	36256.558
6.6234700	36041.923
6.6298528	35916.832
6.6362357	35860.487
6.6426185	35859.280
6.6490013	35951.229
6.6553841	36188.935
6.6617669	36507.868
6.6681498	36870.433
6.6745326	37219.403
6.6809154	37586.303
6.6872982	37913.215
6.6936810	38159.450
6.7000638	38337.793
6.7064467	38369.824
6.7128295	38255.863
6.7192123	38025.741
6.7255951	37714.039
6.7319779	37405.578
6.7383608	37191.823
6.7447436	37156.377
6.7511264	37363.478
6.7575092	37958.803
6.7638920	38885.654
6.7702748	40318.137
6.7766577	41981.211
6.7830405	43791.456
6.7894233	45447.806
6.7958061	46885.676
6.8021889	47990.170
6.8085718	48741.959
6.8149546	49060.027
6.8213374	48852.213
6.8277202	48066.650
6.8341030	46787.206
6.8404858	45110.508
6.8468687	43324.048
6.8532515	41605.176
6.8596343	40027.166
6.8660171	38776.744
6.8723999	37925.361
6.8787828	37411.089
6.8851656	37271.524
6.8915484	37345.424
6.8979312	37481.110
6.9043140	37612.344
6.9106969	37775.063
6.9170797	37939.045
6.9234625	38060.430
6.9298453	38190.046
6.9362281	38408.073
6.9426109	38787.005
6.9489938	39279.434
6.9553766	40036.548
6.9617594	40935.864
6.9681422	41995.907
6.9745250	43006.535
6.9809079	43922.790
6.9872907	44747.878
6.9936735	45332.306
7.0000563	45746.569
7.0064391	45786.713
7.0128219	45442.978
7.0192048	44786.942
7.0255876	43894.736
7.0319704	42919.546
7.0383532	41974.590
7.0447360	41211.844
7.0511189	40770.243
7.0575017	40681.309
7.0638845	40921.602
7.0702673	41501.335
7.0766501	42248.123
7.0830329	43075.628
7.0894158	43900.038
7.0957986	44670.941
7.1021814	45407.710
7.1085642	46068.605
7.1149470	46513.293
7.1213299	46713.884
7.1277127	46647.444
7.1340955	46408.055
7.1404783	45981.974
7.1468611	45469.246
7.1532439	44905.666
7.1596268	44303.814
7.1660096	43694.763
7.1723924	43016.331
7.1787752	42374.474
7.1851580	41726.972
7.1915409	41169.949
7.1979237	40600.211
7.2043065	40112.390
7.2106893	39655.168
7.2170721	39366.016
7.2234550	39267.599
7.2298378	39412.312
7.2362206	39846.483
7.2426034	40571.449
7.2489862	41451.732
7.2553690	42478.907
7.2617519	43418.495
7.2681347	44302.003
7.2745175	44998.723
7.2809003	45489.834
7.2872831	45683.519
7.2936660	45554.644
7.3000488	45138.705
7.3064316	44479.991
7.3128144	43635.536
7.3191972	42827.833
7.3255800	42207.550
7.3319629	42036.725
7.3383457	42442.115
7.3447285	43367.859
7.3511113	44823.435
7.3574941	46572.618
7.3638770	48373.551
7.3702598	50117.183
7.3766426	51584.114
7.3830254	52830.572
7.3894082	53606.616
7.3957910	53832.357
7.4021739	53416.358
7.4085567	52327.865
7.4149395	50769.540
7.4213223	48829.139
7.4277051	46704.628
7.4340880	44728.231
7.4404708	42837.275
7.4468536	41279.055
7.4532364	39958.900
7.4596192	38982.123
7.4660020	38178.043
7.4723849	37547.172
7.4787677	37029.945
7.4851505	36584.721
7.4915333	36193.016
7.4979161	35840.500
7.5042990	35530.364
7.5106818	35201.475
7.5170646	34896.885
7.5234474	34585.165
7.5298302	34308.278
7.5362131	34049.722
7.5425959	33884.190
7.5489787	33779.718
7.5553615	33747.559
7.5617443	33759.382
7.5681271	33800.441
7.5745100	33836.693
7.5808928	33870.425
7.5872756	33877.395
7.5936584	33967.803
7.6000412	34073.739
7.6064241	34215.342
7.6128069	34346.698
7.6191897	34576.248
7.6255725	34854.771
7.6319553	35221.817
7.6383381	35737.263
7.6447210	36341.551
7.6511038	37049.033
7.6574866	37816.529
7.6638694	38620.524
7.6702522	39303.397
7.6766351	39846.303
7.6830179	40221.294
7.6894007	40430.701
7.6957835	40400.684
7.7021663	40212.338
7.7085491	39795.000
7.7149320	39221.664
7.7213148	38484.166
7.7276976	37698.730
7.7340804	36906.047
7.7404632	36210.427
7.7468461	35588.530
7.7532289	35102.916
7.7596117	34749.165
7.7659945	34507.060
7.7723773	34395.710
7.7787601	34365.323
7.7851430	34422.728
7.7915258	34494.059
7.7979086	34566.061
7.8042914	34613.924
7.8106742	34637.914
7.8170571	34608.825
7.8234399	34533.882
7.8298227	34374.353
7.8362055	34178.668
7.8425883	33941.404
7.8489712	33650.936
7.8553540	33345.946
7.8617368	33056.010
7.8681196	32894.668
7.8745024	32874.222
7.8808852	32975.736
7.8872681	33148.925
7.8936509	33373.875
7.9000337	33599.557
7.9064165	33794.896
7.9127993	33934.583
7.9191822	34006.732
7.9255650	33997.795
7.9319478	33907.510
7.9383306	33744.516
7.9447134	33534.893
7.9510962	33359.601
7.9574791	33213.838
7.9638619	33107.528
7.9702447	33088.161
7.9766275	33162.655
7.9830103	33290.878
7.9893932	33434.685
7.9957760	33561.093
8.0021588	33632.741
8.0085416	33637.000
8.0149244	33588.337
8.0213072	33507.744
8.0276901	33412.866
8.0340729	33306.371
8.0404557	33206.153
8.0468385	33150.983
8.0532213	33147.300
8.0596042	33199.616
8.0659870	33194.320
8.0723698	33202.309
8.0787526	33230.047
8.0851354	33275.772
8.0915182	33273.022
8.0979011	33190.310
8.1042839	33014.660
8.1106667	32856.776
8.1170495	32737.942
8.1234323	32699.593
8.1298152	32750.110
8.1361980	32948.352
8.1425808	33305.368
8.1489636	33761.620
8.1553464	34403.154
8.1617293	35052.910
8.1681121	35742.918
8.1744949	36322.216
8.1808777	36854.300
8.1872605	37182.590
8.1936433	37327.540
8.2000262	37234.326
8.2064090	36975.933
8.2127918	36576.983
8.2191746	36081.669
8.2255574	35499.462
8.2319403	34900.430
8.2383231	34309.635
8.2447059	33756.077
8.2510887	33264.368
8.2574715	32903.333
8.2638543	32608.540
8.2702372	32406.958
8.2766200	32242.081
8.2830028	32148.961
8.2893856	32091.351
8.2957684	32109.614
8.3021513	32102.429
8.3085341	32052.987
8.3149169	32021.136
8.3212997	32019.612
8.3276825	32025.077
8.3340653	32076.138
8.3404482	32114.851
8.3468310	32104.796
8.3532138	32103.394
8.3595966	32141.788
8.3659794	32201.657
8.3723623	32316.287
8.3787451	32540.238
8.3851279	32822.828
8.3915107	33196.982
8.3978935	33571.070
8.4042763	33972.257
8.4106592	34313.027
8.4170420	34605.764
8.4234248	34839.846
8.4298076	34946.439
8.4361904	34931.062
8.4425733	34770.368
8.4489561	34526.174
8.4553389	34138.346
8.4617217	33714.079
8.4681045	33304.578
8.4744874	32885.680
8.4808702	32472.465
8.4872530	32096.549
8.4936358	31768.281
8.5000186	31498.506
8.5064014	31238.705
8.5127843	31019.337
8.5191671	30844.528
8.5255499	30736.070
8.5319327	30675.197
8.5383155	30609.828
8.5446984	30578.379
8.5510812	30584.864
8.5574640	30630.255
8.5638468	30648.185
8.5702296	30706.943
8.5766124	30798.807
8.5829953	30928.323
8.5893781	31060.335
8.5957609	31217.173
8.6021437	31384.248
8.6085265	31582.114
8.6149094	31817.556
8.6212922	32055.160
8.6276750	32320.504
8.6340578	32550.643
8.6404406	32756.761
8.6468234	32948.331
8.6532063	33118.771
8.6595891	33230.343
8.6659719	33259.393
8.6723547	33275.288
8.6787375	33223.958
8.6851204	33131.140
8.6915032	32980.517
8.6978860	32843.721
8.7042688	32690.317
8.7106516	32555.578
8.7170344	32450.208
8.7234173	32403.714
8.7298001	32354.020
8.7361829	32317.565
8.7425657	32287.871
8.7489485	32310.368
8.7553314	32379.882
8.7617142	32553.110
8.7680970	32763.310
8.7744798	33031.892
8.7808626	33376.526
8.7872455	33744.482
8.7936283	34081.685
8.8000111	34326.647
8.8063939	34489.459
8.8127767	34565.574
8.8191595	34537.933
8.8255424	34422.198
8.8319252	34245.228
8.8383080	34051.299
8.8446908	33913.583
8.8510736	33835.482
8.8574565	33852.667
8.8638393	33959.931
8.8702221	34084.130
8.8766049	34220.530
8.8829877	34370.930
8.8893705	34486.216
8.8957534	34526.957
8.9021362	34466.410
8.9085190	34283.073
8.9149018	33969.227
8.9212846	33574.218
8.9276675	33171.212
8.9340503	32760.391
8.9404331	32357.763
8.9468159	32024.832
8.9531987	31761.137
8.9595815	31568.013
8.9659644	31426.272
8.9723472	31340.448
8.9787300	31288.307
8.9851128	31267.405
8.9914956	31295.028
8.9978785	31376.424
9.0042613	31491.311
9.0106441	31628.125
9.0170269	31805.582
9.0234097	31979.357
9.0297925	32102.491
9.0361754	32174.401
9.0425582	32197.595
9.0489410	32136.477
9.0553238	32063.683
9.0617066	31962.455
9.0680895	31837.178
9.0744723	31673.150
9.0808551	31497.522
9.0872379	31378.372
9.0936207	31317.306
9.1000035	31313.910
9.1063864	31397.215
9.1127692	31568.385
9.1191520	31816.335
9.1255348	32065.220
9.1319176	32327.387
9.1383005	32547.694
9.1446833	32694.343
9.1510661	32788.171
9.1574489	32840.670
9.1638317	32776.003
9.1702146	32644.441
9.1765974	32402.835
9.1829802	32121.582
9.1893630	31840.798
9.1957458	31602.762
9.2021286	31394.418
9.2085115	31230.089
9.2148943	31131.987
9.2212771	31065.170
9.2276599	31060.928
9.2340427	31059.368
9.2404256	31071.610
9.2468084	31084.164
9.2531912	31118.427
9.2595740	31129.565
9.2659568	31142.155
9.2723396	31132.493
9.2787225	31129.856
9.2851053	31174.550
9.2914881	31261.634
9.2978709	31477.330
9.3042537	31782.996
9.3106366	32157.225
9.3170194	32470.566
9.3234022	32799.019
9.3297850	33081.821
9.3361678	33367.105
9.3425506	33535.863
9.3489335	33575.896
9.3553163	33435.467
9.3616991	33187.019
9.3680819	32809.461
9.3744647	32379.723
9.3808476	31833.402
9.3872304	31370.269
9.3936132	30931.720
9.3999960	30547.456
9.4063788	30181.390
9.4127616	29938.911
9.4191445	29710.804
9.4255273	29535.513
9.4319101	29381.810
9.4382929	29235.662
9.4446757	29104.985
9.4510586	28983.153
9.4574414	28912.010
9.4638242	28841.492
9.4702070	28766.520
9.4765898	28694.168
9.4829727	28623.531
9.4893555	28619.416
9.4957383	28635.442
9.5021211	28691.642
9.5085039	28776.111
9.5148867	28898.807
9.5212696	29068.668
9.5276524	29233.661
9.5340352	29426.261
9.5404180	29643.938
9.5468008	29826.359
9.5531837	30000.871
9.5595665	30096.023
9.5659493	30104.172
9.5723321	30045.939
9.5787149	29930.021
9.5850977	29787.020
9.5914806	29585.410
9.5978634	29378.087
9.6042462	29128.644
9.6106290	28885.823
9.6170118	28708.837
9.6233947	28582.016
9.6297775	28455.632
9.6361603	28371.929
9.6425431	28309.434
9.6489259	28315.898
9.6553087	28386.009
9.6616916	28437.688
9.6680744	28502.812
9.6744572	28557.092
9.6808400	28608.063
9.6872228	28670.840
9.6936057	28688.323
9.6999885	28679.935
9.7063713	28657.589
9.7127541	28676.832
9.7191369	28707.557
9.7255197	28757.586
9.7319026	28796.741
9.7382854	28836.267
9.7446682	28910.598
9.7510510	28966.841
9.7574338	28992.296
9.7638167	29000.992
9.7701995	29013.152
9.7765823	28980.026
9.7829651	28886.774
9.7893479	28751.792
9.7957308	28579.434
9.8021136	28421.150
9.8084964	28244.510
9.8148792	28080.464
9.8212620	27900.820
9.8276448	27773.807
9.8340277	27698.074
9.8404105	27616.186
9.8467933	27507.903
9.8531761	27421.761
9.8595589	27382.047
9.8659418	27371.743
9.8723246	27338.924
9.8787074	27310.261
9.8850902	27283.270
9.8914730	27266.710
9.8978558	27255.650
9.9042387	27249.077
9.9106215	27236.574
9.9170043	27244.074
9.9233871	27270.119
9.9297699	27288.604
9.9361528	27315.474
9.9425356	27343.548
9.9489184	27348.148
9.9553012	27399.345
9.9616840	27443.682
9.9680668	27471.790
9.9744497	27439.666
9.9808325	27414.139
9.9872153	27402.574
9.9935981	27424.731
9.9999809	27417.766
10.006364	27377.644
10.012747	27297.543
10.019129	27218.987
10.025512	27100.023
10.031895	27042.417
10.038278	27017.369
10.044661	26984.735
10.051043	26953.697
10.057426	26970.672
10.063809	27007.190
10.070192	27050.432
10.076575	27091.902
10.082958	27176.696
10.089340	27238.632
10.095723	27299.112
10.102106	27350.680
10.108489	27371.202
10.114872	27396.640
10.121254	27430.853
10.127637	27469.162
10.134020	27491.448
10.140403	27539.626
10.146786	27624.406
10.153169	27721.143
10.159551	27797.580
10.165934	27914.775
10.172317	28012.190
10.178700	28056.967
10.185083	28048.180
10.191465	28010.611
10.197848	27928.855
10.204231	27803.298
10.210614	27660.719
10.216997	27540.349
10.223380	27386.002
10.229762	27230.795
10.236145	27087.342
10.242528	26980.824
10.248911	26903.266
10.255294	26859.439
10.261676	26832.606
10.268059	26806.927
10.274442	26807.741
10.280825	26797.500
10.287208	26807.562
10.293591	26799.275
10.299973	26764.589
10.306356	26761.651
10.312739	26784.798
10.319122	26792.656
10.325505	26818.387
10.331887	26864.950
10.338270	26929.699
10.344653	26991.208
10.351036	27038.891
10.357419	27161.137
10.363802	27292.381
10.370184	27394.791
10.376567	27461.628
10.382950	27566.621
10.389333	27649.100
10.395716	27679.123
10.402098	27660.437
10.408481	27593.266
10.414864	27494.230
10.421247	27376.138
10.427630	27268.399
10.434013	27174.863
10.440395	27086.918
10.446778	26991.287
10.453161	26916.597
10.459544	26907.127
10.465927	26926.598
10.472309	26922.966
10.478692	26915.436
10.485075	26902.362
10.491458	26932.503
10.497841	26953.328
10.504224	26960.020
10.510606	26942.406
10.516989	26946.796
10.523372	26969.402
10.529755	27015.607
10.536138	27028.169
10.542520	27069.526
10.548903	27106.829
10.555286	27131.975
10.561669	27150.161
10.568052	27143.758
10.574435	27126.772
10.580817	27110.100
10.587200	27058.231
10.593583	26933.471
10.599966	26800.406
10.606349	26681.088
10.612732	26552.560
10.619114	26445.685
10.625497	26359.898
10.631880	26297.483
10.638263	26273.010
10.644646	26257.010
10.651028	26257.814
10.657411	26284.247
10.663794	26308.262
10.670177	26344.255
10.676560	26375.661
10.682943	26393.902
10.689325	26400.465
10.695708	26421.999
10.702091	26402.698
10.708474	26368.639
10.714857	26364.424
10.721239	26346.535
10.727622	26311.409
10.734005	26298.637
10.740388	26298.275
10.746771	26315.767
10.753154	26311.679
10.759536	26286.679
10.765919	26256.298
10.772302	26245.729
10.778685	26191.766
10.785068	26140.413
10.791450	26038.485
10.797833	25943.913
10.804216	25845.151
10.810599	25784.053
10.816982	25700.477
10.823365	25599.091
10.829747	25461.009
10.836130	25386.457
10.842513	25351.813
10.848896	25351.749
10.855279	25325.421
10.861661	25288.947
10.868044	25289.278
10.874427	25294.395
10.880810	25274.639
10.887193	25246.563
10.893576	25228.491
10.899958	25260.727
10.906341	25286.433
10.912724	25319.186
10.919107	25312.580
10.925490	25323.404
10.931872	25352.407
10.938255	25406.052
10.944638	25396.664
10.951021	25386.331
10.957404	25400.925
10.963787	25424.956
10.970169	25414.324
10.976552	25431.839
10.982935	25393.766
10.989318	25334.846
10.995701	25260.648
11.002083	25232.326
11.008466	25177.680
11.014849	25137.410
11.021232	25105.860
11.027615	25057.234
11.033998	24988.764
11.040380	24947.069
11.046763	24931.655
11.053146	24920.345
11.059529	24874.616
11.065912	24851.610
11.072294	24855.622
11.078677	24846.905
11.085060	24797.116
11.091443	24773.689
11.097826	24789.235
11.104209	24753.514
11.110591	24740.074
11.116974	24760.089
11.123357	24824.924
11.129740	24875.056
11.136123	24895.859
11.142505	24928.818
11.148888	24933.292
11.155271	24979.061
11.161654	25031.166
11.168037	25024.338
11.174420	24989.387
11.180802	24921.688
11.187185	24875.150
11.193568	24869.544
11.199951	24848.377
11.206334	24808.881
11.212716	24798.920
11.219099	24796.601
11.225482	24792.676
11.231865	24792.546
11.238248	24768.076
11.244631	24749.429
11.251013	24737.505
11.257396	24754.767
11.263779	24784.353
11.270162	24802.978
11.276545	24820.359
11.282927	24849.048
11.289310	24879.928
11.295693	24934.368
11.302076	24953.536
11.308459	24961.271
11.314842	24947.190
11.321224	24928.049
11.327607	24875.948
11.333990	24798.606
11.340373	24711.554
11.346756	24622.331
11.353138	24499.290
11.359521	24373.110
11.365904	24264.905
11.372287	24156.298
11.378670	24064.818
11.385053	24007.531
11.391435	23987.814
11.397818	23955.978
11.404201	23919.705
11.410584	23863.104
11.416967	23857.322
11.423349	23835.533
11.429732	23820.052
11.436115	23804.998
11.442498	23790.689
11.448881	23779.494
11.455264	23757.614
11.461646	23797.068
11.468029	23835.357
11.474412	23863.795
11.480795	23872.695
11.487178	23923.666
11.493560	23935.408
11.499943	23924.776
11.506326	23907.537
11.512709	23918.616
11.519092	23940.830
11.525475	23920.183
11.531857	23881.856
11.538240	23852.465
11.544623	23821.204
11.551006	23772.007
11.557389	23736.986
11.563771	23693.379
11.570154	23660.132
11.576537	23642.299
11.582920	23638.318
11.589303	23635.467
11.595686	23642.799
11.602068	23651.136
11.608451	23620.101
11.614834	23622.343
11.621217	23634.903
11.627600	23594.274
11.633982	23538.217
11.640365	23517.839
11.646748	23506.457
11.653131	23505.652
11.659514	23485.245
11.665897	23461.643
11.672279	23437.707
11.678662	23417.979
11.685045	23381.622
11.691428	23383.386
11.697811	23384.658
11.704193	23329.779
11.710576	23310.261
11.716959	23311.173
11.723342	23301.993
11.729725	23273.467
11.736108	23246.749
11.742490	23220.264
11.748873	23217.067
11.755256	23213.183
11.761639	23192.429
11.768022	23166.109
11.774404	23154.893
11.780787	23166.408
11.787170	23186.994
11.793553	23201.944
11.799936	23206.565
11.806319	23216.326
11.812701	23278.175
11.819084	23344.370
11.825467	23394.097
11.831850	23423.150
11.838233	23463.668
11.844615	23492.815
11.850998	23491.267
11.857381	23537.089
11.863764	23562.297
11.870147	23560.405
11.876530	23510.782
11.882912	23486.745
11.889295	23492.490
11.895678	23474.916
11.902061	23416.307
11.908444	23365.741
11.914826	23351.777
11.921209	23332.953
11.927592	23317.006
11.933975	23320.505
11.940358	23320.779
11.946741	23345.733
11.953123	23383.116
11.959506	23425.859
11.965889	23436.291
11.972272	23394.789
11.978655	23399.203
11.985037	23394.685
11.991420	23392.905
11.997803	23409.155
12.004186	23432.872
12.010569	23412.445
12.016952	23379.090
12.023334	23365.775
12.029717	23355.186
12.036100	23345.198
12.042483	23346.668
12.048866	23367.457
12.055248	23361.530
12.061631	23366.590
12.068014	23372.150
12.074397	23372.244
12.080780	23404.094
12.087163	23404.979
12.093545	23400.741
12.099928	23377.866
12.106311	23365.892
12.112694	23325.073
12.119077	23293.879
12.125459	23284.479
12.131842	23280.670
12.138225	23256.014
12.144608	23204.868
12.150991	23171.424
12.157374	23142.737
12.163756	23119.422
12.170139	23108.301
12.176522	23143.603
12.182905	23160.334
12.189288	23135.357
12.195670	23113.866
12.202053	23117.326
12.208436	23164.750
12.214819	23156.880
12.221202	23126.418
12.227585	23106.437
12.233967	23093.634
12.240350	23087.424
12.246733	23074.903
12.253116	23040.550
12.259499	23051.941
12.265881	23088.290
12.272264	23093.357
12.278647	23074.783
12.285030	23053.271
12.291413	23054.120
12.297796	23032.081
12.304178	23042.019
12.310561	23074.074
12.316944	23086.759
12.323327	23095.344
12.329710	23088.676
12.336092	23091.172
12.342475	23075.268
12.348858	23071.925
12.355241	23073.332
12.361624	23037.036
12.368007	23046.038
12.374389	23003.050
12.380772	22925.783
12.387155	22844.534
12.393538	22772.755
12.399921	22727.034
12.406303	22661.864
12.412686	22608.898
12.419069	22610.950
12.425452	22618.497
12.431835	22621.579
12.438218	22608.809
12.444600	22588.030
12.450983	22569.781
12.457366	22569.576
12.463749	22577.532
12.470132	22561.987
12.476514	22523.083
12.482897	22490.935
12.489280	22516.764
12.495663	22530.731
12.502046	22524.760
12.508429	22519.441
12.514811	22510.741
12.521194	22466.871
12.527577	22427.330
12.533960	22404.628
12.540343	22387.495
12.546725	22399.965
12.553108	22392.755
12.559491	22379.505
12.565874	22336.120
12.572257	22290.837
12.578640	22272.478
12.585022	22263.440
12.591405	22230.039
12.597788	22190.075
12.604171	22184.080
12.610554	22160.584
12.616936	22171.125
12.623319	22166.349
12.629702	22131.914
12.636085	22133.915
12.642468	22127.101
12.648851	22118.453
12.655233	22082.734
12.661616	22048.143
12.667999	22034.892
12.674382	22041.783
12.680765	22009.377
12.687147	22010.122
12.693530	22012.335
12.699913	21948.624
12.706296	21926.210
12.712679	21907.484
12.719062	21851.781
12.725444	21809.919
12.731827	21792.485
12.738210	21756.417
12.744593	21711.451
12.750976	21624.424
12.757358	21593.101
12.763741	21592.438
12.770124	21601.629
12.776507	21598.930
12.782890	21574.419
12.789273	21559.131
12.795655	21547.662
12.802038	21568.277
12.808421	21546.238
12.814804	21550.416
12.821187	21568.357
12.827569	21577.920
12.833952	21555.179
12.840335	21559.676
12.846718	21548.790
12.853101	21509.419
12.859484	21492.185
12.865866	21460.002
12.872249	21432.133
12.878632	21416.303
12.885015	21395.247
12.891398	21380.780
12.897780	21377.513
12.904163	21364.341
12.910546	21309.821
12.916929	21294.958
12.923312	21315.261
12.929695	21293.644
12.936077	21262.782
12.942460	21254.327
12.948843	21249.758
12.955226	21224.941
12.961609	21219.834
12.967991	21235.514
12.974374	21233.590
12.980757	21230.705
12.987140	21201.060
12.993523	21157.177
12.999906	21149.615
13.006288	21142.123
13.012671	21111.120
13.019054	21056.910
13.025437	21008.205
13.031820	20976.524
13.038202	20973.896
13.044585	20936.118
13.050968	20891.328
13.057351	20830.756
13.063734	20814.969
13.070117	20797.138
13.076499	20795.877
13.082882	20759.525
13.089265	20748.713
13.095648	20765.030
13.102031	20753.736
13.108413	20741.957
13.114796	20743.578
13.121179	20756.304
13.127562	20765.734
13.133945	20768.171
13.140328	20777.438
13.146710	20765.894
13.153093	20727.308
13.159476	20719.882
13.165859	20706.984
13.172242	20678.726
13.178624	20678.285
13.185007	20693.815
13.191390	20675.027
13.197773	20653.746
13.204156	20638.111
13.210539	20639.144
13.216921	20594.970
13.223304	20540.608
13.229687	20526.334
13.236070	20537.162
13.242453	20542.713
13.248835	20521.129
13.255218	20465.327
13.261601	20451.444
13.267984	20449.505
13.274367	20434.371
13.280750	20391.234
13.287132	20385.168
13.293515	20406.260
13.299898	20397.052
13.306281	20357.021
13.312664	20332.238
13.319046	20349.159
13.325429	20357.346
13.331812	20329.756
13.338195	20305.158
13.344578	20299.849
13.350961	20293.021
13.357343	20267.185
13.363726	20222.910
13.370109	20184.556
13.376492	20186.161
13.382875	20199.950
13.389257	20194.518
13.395640	20175.303
13.402023	20167.436
13.408406	20209.099
13.414789	20256.415
13.421172	20242.911
13.427554	20227.601
13.433937	20197.627
13.440320	20186.325
13.446703	20167.397
13.453086	20157.253
13.459468	20168.339
13.465851	20143.984
13.472234	20121.282
13.478617	20121.860
13.485000	20119.012
13.491383	20086.705
13.497765	20068.111
13.504148	20061.752
13.510531	20033.606
13.516914	20012.526
13.523297	20024.250
13.529679	19999.734
13.536062	19991.876
13.542445	19991.385
13.548828	19953.572
13.555211	19941.565
13.561594	19951.264
13.567976	19946.996
13.574359	19929.628
13.580742	19926.119
13.587125	19922.814
13.593508	19907.044
13.599890	19930.948
13.606273	19942.943
13.612656	19927.808
13.619039	19927.839
13.625422	19903.535
13.631805	19864.461
13.638187	19843.584
13.644570	19844.074
13.650953	19828.961
13.657336	19798.443
13.663719	19794.981
13.670101	19800.194
13.676484	19753.087
13.682867	19736.996
13.689250	19734.766
13.695633	19771.928
13.702016	19778.419
13.708398	19776.583
13.714781	19748.423
13.721164	19758.395
13.727547	19758.987
13.733930	19759.196
13.740312	19720.167
13.746695	19724.940
13.753078	19698.692
13.759461	19679.642
13.765844	19689.757
13.772227	19736.481
13.778609	19724.724
13.784992	19701.007
13.791375	19689.775
13.797758	19671.118
13.804141	19675.342
13.810524	19682.193
13.816906	19654.711
13.823289	19602.251
13.829672	19559.808
13.836055	19575.305
13.842438	19640.605
13.848820	19675.132
13.855203	19671.101
13.861586	19641.812
13.867969	19648.700
13.874352	19638.773
13.880735	19633.661
13.887117	19610.552
13.893500	19613.302
13.899883	19602.249
13.906266	19576.124
13.912649	19569.964
13.919031	19532.893
13.925414	19500.826
13.931797	19458.679
13.938180	19473.735
13.944563	19480.181
13.950946	19456.447
13.957328	19450.592
13.963711	19478.507
13.970094	19465.557
13.976477	19427.702
13.982860	19411.302
13.989242	19416.216
13.995625	19419.421
14.002008	19428.549
14.008391	19431.350
14.014774	19409.996
14.021157	19421.345
14.027539	19438.547
14.033922	19409.735
14.040305	19365.520
14.046688	19338.238
14.053071	19333.365
14.059453	19360.792
14.065836	19363.318
14.072219	19338.291
14.078602	19310.188
14.084985	19282.589
14.091368	19303.106
14.097750	19318.145
14.104133	19300.012
14.110516	19274.662
14.116899	19239.242
14.123282	19200.008
14.129664	19211.896
14.136047	19216.203
14.142430	19216.542
14.148813	19192.028
14.155196	19175.291
14.161579	19189.389
14.167961	19210.085
14.174344	19187.768
14.180727	19206.558
14.187110	19187.535
14.193493	19162.991
14.199875	19146.898
14.206258	19160.799
14.212641	19164.945
14.219024	19143.372
14.225407	19100.718
14.231790	19044.653
14.238172	19039.582
14.244555	19045.723
14.250938	19055.958
14.257321	19045.032
14.263704	19024.252
14.270086	19020.704
14.276469	18998.390
14.282852	18928.631
14.289235	18907.690
14.295618	18925.991
14.302001	18923.825
14.308383	18920.141
14.314766	18928.762
14.321149	18906.237
14.327532	18876.785
14.333915	18864.522
14.340297	18852.152
14.346680	18860.602
14.353063	18854.273
14.359446	18848.973
14.365829	18869.317
14.372212	18911.334
14.378594	18888.904
14.384977	18839.754
14.391360	18815.366
14.397743	18807.047
14.404126	18805.148
14.410508	18795.615
14.416891	18750.879
14.423274	18721.930
14.429657	18734.005
14.436040	18747.464
14.442423	18745.076
14.448805	18732.375
14.455188	18714.201
14.461571	18693.373
14.467954	18659.709
14.474337	18634.821
14.480719	18654.608
14.487102	18652.089
14.493485	18652.083
14.499868	18645.710
14.506251	18625.353
14.512634	18622.662
14.519016	18634.745
14.525399	18648.735
14.531782	18658.775
14.538165	18611.247
14.544548	18576.452
14.550930	18568.287
14.557313	18581.371
14.563696	18618.599
14.570079	18619.292
14.576462	18586.032
14.582845	18585.009
14.589227	18589.388
14.595610	18592.838
14.601993	18578.339
14.608376	18551.970
14.614759	18523.421
14.621141	18520.301
14.627524	18524.109
14.633907	18469.211
14.640290	18445.754
14.646673	18477.890
14.653056	18506.244
14.659438	18512.656
14.665821	18479.492
14.672204	18444.078
14.678587	18437.070
14.684970	18410.900
14.691352	18409.094
14.697735	18419.370
14.704118	18423.638
14.710501	18425.335
14.716884	18405.914
14.723267	18394.090
14.729649	18386.255
14.736032	18343.898
14.742415	18304.185
14.748798	18284.874
14.755181	18302.122
14.761563	18302.797
14.767946	18281.049
14.774329	18275.819
14.780712	18269.629
14.787095	18275.105
14.793478	18277.874
14.799860	18269.924
14.806243	18254.964
14.812626	18282.399
14.819009	18271.299
14.825392	18268.177
14.831774	18302.259
14.838157	18286.741
14.844540	18260.866
14.850923	18245.410
14.857306	18241.933
14.863689	18195.947
14.870071	18144.952
14.876454	18142.220
14.882837	18195.327
14.889220	18239.537
14.895603	18212.105
14.901985	18174.990
14.908368	18174.053
14.914751	18164.078
14.921134	18140.968
14.927517	18147.850
14.933900	18153.362
14.940282	18120.834
14.946665	18118.354
14.953048	18118.400
14.959431	18102.610
14.965814	18105.604
14.972196	18103.066
14.978579	18102.034
14.984962	18057.157
14.991345	18042.276
14.997728	18035.851
15.004111	18036.155
15.010493	18036.302
15.016876	18033.121
15.023259	18014.141
15.029642	18062.848
15.036025	18065.004
15.042407	18036.046
15.048790	18030.247
15.055173	18036.379
15.061556	18042.750
15.067939	18039.678
15.074322	18035.634
15.080704	18041.177
15.087087	18015.085
15.093470	17951.529
15.099853	17920.835
15.106236	17946.086
15.112618	17972.991
15.119001	17996.650
15.125384	17994.168
15.131767	18000.260
15.138150	17971.769
15.144533	17932.683
15.150915	17948.174
15.157298	17963.795
15.163681	17971.648
15.170064	17955.555
15.176447	17918.172
15.182829	17922.128
15.189212	17935.580
15.195595	17944.484
15.201978	17925.957
15.208361	17908.351
15.214744	17919.118
15.221126	17914.683
15.227509	17901.436
15.233892	17903.889
15.240275	17910.501
15.246658	17941.567
15.253040	17933.483
15.259423	17883.279
15.265806	17881.608
15.272189	17895.106
15.278572	17930.213
15.284955	17959.405
15.291337	17942.075
15.297720	17893.564
15.304103	17901.227
15.310486	17912.366
15.316869	17915.311
15.323251	17928.274
15.329634	17920.455
15.336017	17885.721
15.342400	17849.609
15.348783	17867.162
15.355166	17865.155
15.361548	17862.544
15.367931	17848.080
15.374314	17797.776
15.380697	17779.106
15.387080	17808.117
15.393462	17826.500
15.399845	17815.542
15.406228	17808.801
15.412611	17815.601
15.418994	17788.001
15.425377	17800.552
15.431759	17847.471
15.438142	17866.322
15.444525	17859.539
15.450908	17823.927
15.457291	17779.132
15.463673	17755.165
15.470056	17741.455
15.476439	17720.712
15.482822	17719.957
15.489205	17729.718
15.495588	17728.311
15.501970	17727.415
15.508353	17716.999
15.514736	17705.612
15.521119	17701.829
15.527502	17687.527
15.533884	17724.013
15.540267	17723.753
15.546650	17725.956
15.553033	17749.285
15.559416	17703.648
15.565799	17669.110
15.572181	17674.100
15.578564	17682.334
15.584947	17676.842
15.591330	17678.030
15.597713	17660.275
15.604095	17648.731
15.610478	17679.477
15.616861	17681.880
15.623244	17638.471
15.629627	17664.688
15.636010	17696.942
15.642392	17657.119
15.648775	17631.729
15.655158	17627.658
15.661541	17610.139
15.667924	17592.437
15.674306	17581.066
15.680689	17569.631
15.687072	17524.290
15.693455	17497.621
15.699838	17516.173
15.706221	17556.692
15.712603	17532.227
15.718986	17510.837
15.725369	17525.855
15.731752	17576.674
15.738135	17570.091
15.744517	17490.608
15.750900	17486.305
15.757283	17515.789
15.763666	17533.255
15.770049	17509.485
15.776432	17453.704
15.782814	17425.573
15.789197	17442.280
15.795580	17472.138
15.801963	17461.878
15.808346	17446.102
15.814728	17424.710
15.821111	17411.187
15.827494	17403.556
15.833877	17396.215
15.840260	17399.712
15.846643	17391.630
15.853025	17347.759
15.859408	17317.558
15.865791	17313.405
15.872174	17354.480
15.878557	17355.452
15.884939	17345.567
15.891322	17319.248
15.897705	17267.374
15.904088	17268.773
15.910471	17263.556
15.916854	17242.450
15.923236	17248.674
15.929619	17310.738
15.936002	17331.116
15.942385	17274.827
15.948768	17273.193
15.955150	17257.937
15.961533	17230.043
15.967916	17237.573
15.974299	17229.953
15.980682	17199.616
15.987065	17170.584
15.993447	17176.721
15.999830	17195.240
16.006213	17172.197
16.012596	17159.986
16.018979	17152.283
16.025361	17188.273
16.031744	17189.299
16.038127	17139.965
16.044510	17101.791
16.050893	17110.851
16.057276	17086.226
16.063658	17096.617
16.070041	17102.911
16.076424	17060.588
16.082807	17045.375
16.089190	17029.702
16.095572	17042.090
16.101955	17084.398
16.108338	17066.812
16.114721	17034.620
16.121104	17037.623
16.127487	17025.340
16.133869	17021.962
16.140252	17018.668
16.146635	16997.221
16.153018	16970.138
16.159401	16989.562
16.165783	16964.177
16.172166	16949.018
16.178549	16943.707
16.184932	16944.076
16.191315	16925.497
16.197698	16913.618
16.204080	16872.158
16.210463	16862.165
16.216846	16885.496
16.223229	16875.224
16.229612	16844.087
16.235994	16855.660
16.242377	16861.740
16.248760	16838.164
16.255143	16831.688
16.261526	16808.610
16.267909	16805.793
16.274291	16799.377
16.280674	16781.539
16.287057	16747.727
16.293440	16752.644
16.299823	16777.662
16.306205	16774.576
16.312588	16739.856
16.318971	16710.747
16.325354	16716.751
16.331737	16695.582
16.338120	16659.520
16.344502	16687.845
16.350885	16692.084
16.357268	16668.735
16.363651	16688.375
16.370034	16677.213
16.376416	16665.897
16.382799	16667.628
16.389182	16687.087
16.395565	16730.658
16.401948	16688.179
16.408331	16574.466
16.414713	16572.262
16.421096	16613.848
16.427479	16610.087
16.433862	16568.199
16.440245	16530.788
16.446627	16565.610
16.453010	16583.734
16.459393	16575.867
16.465776	16575.594
16.472159	16584.266
16.478542	16575.819
16.484924	16526.394
16.491307	16493.934
16.497690	16503.367
16.504073	16491.145
16.510456	16464.575
16.516838	16447.296
16.523221	16463.591
16.529604	16497.385
16.535987	16490.435
16.542370	16449.962
16.548753	16433.694
16.555135	16414.257
16.561518	16402.541
16.567901	16402.089
16.574284	16409.372
16.580667	16432.040
16.587049	16463.783
16.593432	16423.256
16.599815	16351.339
16.606198	16335.579
16.612581	16351.737
16.618964	16355.872
16.625346	16330.329
16.631729	16310.726
16.638112	16299.361
16.644495	16319.712
16.650878	16352.487
16.657260	16317.651
16.663643	16299.802
16.670026	16314.690
16.676409	16296.553
16.682792	16262.615
16.689175	16242.382
16.695557	16263.558
16.701940	16293.239
16.708323	16282.830
16.714706	16263.654
16.721089	16291.834
16.727471	16269.599
16.733854	16226.609
16.740237	16179.136
16.746620	16177.619
16.753003	16205.671
16.759386	16180.622
16.765768	16199.141
16.772151	16231.421
16.778534	16214.105
16.784917	16174.959
16.791300	16170.341
16.797682	16170.519
16.804065	16172.509
16.810448	16137.177
16.816831	16098.257
16.823214	16119.597
16.829597	16164.301
16.835979	16177.399
16.842362	16157.354
16.848745	16124.375
16.855128	16098.932
16.861511	16110.630
16.867893	16153.679
16.874276	16145.382
16.880659	16132.975
16.887042	16111.793
16.893425	16061.353
16.899808	16076.491
16.906190	16102.365
16.912573	16106.023
16.918956	16083.981
16.925339	16062.713
16.931722	16084.223
16.938104	16079.766
16.944487	16024.009
16.950870	16050.819
16.957253	16051.872
16.963636	16035.695
16.970019	16042.577
16.976401	16011.229
16.982784	15970.811
16.989167	15961.694
16.995550	15995.132
17.001933	16001.626
17.008316	15968.641
17.014698	15950.269
17.021081	15917.832
17.027464	15941.766
17.033847	15964.203
17.040230	15980.299
17.046612	15981.756
17.052995	15944.630
17.059378	15906.961
17.065761	15927.955
17.072144	15942.396
17.078527	15939.786
17.084909	15949.213
17.091292	15999.985
17.097675	15960.624
17.104058	15905.423
17.110441	15908.218
17.116823	15936.940
17.123206	15949.910
17.129589	15938.924
17.135972	15895.635
17.142355	15832.648
17.148738	15837.181
17.155120	15867.437
17.161503	15863.153
17.167886	15855.372
17.174269	15883.757
17.180652	15855.151
17.187034	15835.305
17.193417	15867.164
17.199800	15924.021
17.206183	15932.019
17.212566	15893.579
17.218949	15880.757
17.225331	15873.123
17.231714	15848.132
17.238097	15814.211
17.244480	15828.784
17.250863	15829.463
17.257245	15851.591
17.263628	15855.169
17.270011	15804.795
17.276394	15784.753
17.282777	15797.023
17.289160	15811.186
17.295542	15807.339
17.301925	15797.941
17.308308	15771.223
17.314691	15780.824
17.321074	15777.562
17.327456	15749.846
17.333839	15711.722
17.340222	15682.676
17.346605	15683.941
17.352988	15724.121
17.359371	15759.152
17.365753	15746.929
17.372136	15707.877
17.378519	15704.779
17.384902	15742.738
17.391285	15724.421
17.397667	15726.623
17.404050	15719.846
17.410433	15705.019
17.416816	15715.026
17.423199	15711.007
17.429582	15692.941
17.435964	15700.857
17.442347	15677.296
17.448730	15675.157
17.455113	15697.446
17.461496	15686.671
17.467878	15693.282
17.474261	15679.323
17.480644	15623.471
17.487027	15633.006
17.493410	15641.309
17.499793	15649.061
17.506175	15623.867
17.512558	15619.991
17.518941	15690.267
17.525324	15673.821
17.531707	15643.014
17.538089	15646.706
17.544472	15642.887
17.550855	15613.863
17.557238	15563.603
17.563621	15556.335
17.570004	15590.224
17.576386	15599.600
17.582769	15583.530
17.589152	15559.897
17.595535	15518.960
17.601918	15513.346
17.608300	15553.786
17.614683	15545.781
17.621066	15510.974
17.627449	15494.250
17.633832	15510.999
17.640215	15538.648
17.646597	15570.134
17.652980	15566.247
17.659363	15555.831
17.665746	15491.337
17.672129	15519.898
17.678511	15519.928
17.684894	15474.944
17.691277	15484.834
17.697660	15523.390
17.704043	15505.596
17.710426	15479.723
17.716808	15505.994
17.723191	15487.999
17.729574	15455.524
17.735957	15474.484
17.742340	15469.194
17.748722	15436.532
17.755105	15459.960
17.761488	15456.037
17.767871	15476.632
17.774254	15487.874
17.780637	15473.787
17.787019	15416.729
17.793402	15412.906
17.799785	15382.268
17.806168	15362.302
17.812551	15403.951
17.818933	15405.634
17.825316	15386.054
17.831699	15387.617
17.838082	15419.424
17.844465	15373.204
17.850848	15376.936
17.857230	15421.360
17.863613	15435.838
17.869996	15416.146
17.876379	15389.464
17.882762	15333.281
17.889144	15334.748
17.895527	15339.250
17.901910	15310.208
17.908293	15314.637
17.914676	15339.627
17.921059	15302.749
17.927441	15254.424
17.933824	15298.577
17.940207	15309.099
17.946590	15259.244
17.952973	15278.334
17.959355	15311.010
17.965738	15295.500
17.972121	15320.165
17.978504	15347.263
17.984887	15299.325
17.991270	15265.663
17.997652	15268.913
18.004035	15297.229
18.010418	15322.792
18.016801	15270.010
18.023184	15238.603
18.029566	15250.923
18.035949	15266.767
18.042332	15267.566
18.048715	15279.911
18.055098	15299.477
18.061481	15299.946
18.067863	15258.038
18.074246	15233.278
18.080629	15256.793
18.087012	15270.225
18.093395	15265.299
18.099777	15268.250
18.106160	15271.607
18.112543	15254.280
18.118926	15240.502
18.125309	15230.413
18.131692	15246.022
18.138074	15200.919
18.144457	15208.083
18.150840	15270.611
18.157223	15289.332
18.163606	15226.256
18.169988	15199.906
18.176371	15230.673
18.182754	15234.519
18.189137	15243.833
18.195520	15239.799
18.201903	15199.277
18.208285	15155.753
18.214668	15167.957
18.221051	15148.843
18.227434	15167.824
18.233817	15184.359
18.240199	15167.434
18.246582	15161.913
18.252965	15169.829
18.259348	15205.343
18.265731	15180.956
18.272114	15135.106
18.278496	15118.467
18.284879	15159.202
18.291262	15200.095
18.297645	15183.949
18.304028	15133.855
18.310410	15124.755
18.316793	15140.551
18.323176	15175.129
18.329559	15191.454
18.335942	15148.166
18.342325	15137.007
18.348707	15139.252
18.355090	15110.065
18.361473	15124.215
18.367856	15111.203
18.374239	15098.840
18.380621	15073.042
18.387004	15079.658
18.393387	15124.179
18.399770	15139.403
18.406153	15116.376
18.412536	15125.243
18.418918	15123.493
18.425301	15103.407
18.431684	15085.523
18.438067	15076.435
18.444450	15076.193
18.450832	15073.695
18.457215	15073.269
18.463598	15098.699
18.469981	15141.696
18.476364	15090.595
18.482747	15045.318
18.489129	15030.246
18.495512	15044.416
18.501895	15045.286
18.508278	15042.528
18.514661	15066.879
18.521043	15078.052
18.527426	15072.474
18.533809	15059.640
18.540192	15064.752
18.546575	15055.538
18.552958	15056.749
18.559340	15042.782
18.565723	15065.732
18.572106	15070.806
18.578489	15021.075
18.584872	15026.930
18.591254	15030.858
18.597637	15014.760
18.604020	15021.536
18.610403	14994.083
18.616786	14980.007
18.623169	14996.045
18.629551	15037.837
18.635934	15046.069
18.642317	15042.354
18.648700	15021.895
18.655083	14987.005
18.661465	14940.280
18.667848	14944.843
18.674231	14990.271
18.680614	14990.223
18.686997	14959.229
18.693380	14939.553
18.699762	14910.840
18.706145	14941.844
18.712528	14982.679
18.718911	14976.961
18.725294	14967.226
18.731676	14980.312
18.738059	14960.764
18.744442	14929.869
18.750825	14913.194
18.757208	14916.918
18.763591	14903.915
18.769973	14893.685
18.776356	14879.719
18.782739	14889.179
18.789122	14877.751
18.795505	14863.056
18.801887	14869.177
18.808270	14869.769
18.814653	14874.782
18.821036	14838.891
18.827419	14845.182
18.833802	14905.649
18.840184	14893.847
18.846567	14900.345
18.852950	14883.260
18.859333	14889.260
18.865716	14902.163
18.872098	14874.006
18.878481	14849.340
18.884864	14889.209
18.891247	14882.754
18.897630	14866.482
18.904013	14862.785
18.910395	14899.189
18.916778	14922.256
18.923161	14868.311
18.929544	14899.573
18.935927	14890.288
18.942309	14834.702
18.948692	14819.806
18.955075	14836.149
18.961458	14796.113
18.967841	14773.757
18.974224	14774.280
18.980606	14818.167
18.986989	14864.765
18.993372	14853.976
18.999755	14873.052
19.006138	14855.434
19.012520	14807.105
19.018903	14828.189
19.025286	14824.092
19.031669	14790.268
19.038052	14748.901
19.044435	14757.388
19.050817	14815.383
19.057200	14824.171
19.063583	14784.606
19.069966	14744.400
19.076349	14763.219
19.082731	14753.521
19.089114	14741.737
19.095497	14735.781
19.101880	14758.913
19.108263	14771.127
19.114646	14765.241
19.121028	14701.187
19.127411	14702.405
19.133794	14780.061
19.140177	14800.613
19.146560	14779.775
19.152942	14742.674
19.159325	14695.049
19.165708	14700.955
19.172091	14742.496
19.178474	14720.441
19.184857	14687.457
19.191239	14706.745
19.197622	14728.280
19.204005	14738.301
19.210388	14781.803
19.216771	14707.227
19.223153	14670.259
19.229536	14670.351
19.235919	14676.340
19.242302	14655.779
19.248685	14682.699
19.255068	14734.544
19.261450	14679.232
19.267833	14655.413
19.274216	14677.235
19.280599	14670.634
19.286982	14643.413
19.293364	14652.590
19.299747	14652.442
19.306130	14630.711
19.312513	14663.902
19.318896	14659.448
19.325279	14647.084
19.331661	14661.471
19.338044	14635.866
19.344427	14569.792
19.350810	14535.942
19.357193	14596.951
19.363575	14641.042
19.369958	14621.273
19.376341	14609.765
19.382724	14615.053
19.389107	14612.460
19.395490	14633.308
19.401872	14640.251
19.408255	14635.263
19.414638	14592.894
19.421021	14567.174
19.427404	14541.112
19.433786	14550.972
19.440169	14587.083
19.446552	14575.230
19.452935	14582.893
19.459318	14595.643
19.465701	14577.907
19.472083	14563.503
19.478466	14521.337
19.484849	14522.197
19.491232	14530.858
19.497615	14498.934
19.503997	14490.046
19.510380	14440.728
19.516763	14460.130
19.523146	14473.075
19.529529	14502.307
19.535912	14549.930
19.542294	14538.308
19.548677	14492.179
19.555060	14423.475
19.561443	14411.370
19.567826	14423.104
19.574208	14458.127
19.580591	14514.020
19.586974	14502.902
19.593357	14448.661
19.599740	14427.228
19.606123	14488.858
19.612505	14497.716
19.618888	14458.876
19.625271	14442.150
19.631654	14426.077
19.638037	14435.758
19.644419	14436.617
19.650802	14408.298
19.657185	14429.611
19.663568	14449.316
19.669951	14416.266
19.676334	14415.733
19.682716	14407.430
19.689099	14387.171
19.695482	14400.521
19.701865	14383.836
19.708248	14361.501
19.714630	14399.428
19.721013	14444.110
19.727396	14397.656
19.733779	14355.041
19.740162	14325.141
19.746545	14335.227
19.752927	14319.559
19.759310	14350.425
19.765693	14336.324
19.772076	14324.766
19.778459	14378.031
19.784841	14351.593
19.791224	14384.516
19.797607	14364.098
19.803990	14317.869
19.810373	14345.435
19.816756	14352.746
19.823138	14364.576
19.829521	14389.945
19.835904	14385.090
19.842287	14341.343
19.848670	14311.458
19.855052	14280.185
19.861435	14300.945
19.867818	14341.931
19.874201	14317.053
19.880584	14258.638
19.886967	14272.950
19.893349	14278.552
19.899732	14231.200
19.906115	14232.795
19.912498	14265.512
19.918881	14242.141
19.925263	14243.098
19.931646	14260.400
19.938029	14295.102
19.944412	14274.688
19.950795	14278.780
19.957178	14291.854
19.963560	14269.247
19.969943	14283.182
19.976326	14291.730
19.982709	14253.017
19.989092	14222.548
19.995474	14215.047
20.001857	14223.675
20.008240	14259.744
20.014623	14254.037
20.021006	14178.411
20.027389	14217.665
20.033771	14258.350
20.040154	14178.863
20.046537	14155.647
20.052920	14186.545
20.059303	14191.063
20.065685	14186.284
20.072068	14181.692
20.078451	14150.977
20.084834	14181.851
20.091217	14195.417
20.097600	14162.673
20.103982	14189.104
20.110365	14187.744
20.116748	14225.221
20.123131	14224.679
20.129514	14214.058
20.135896	14186.807
20.142279	14183.048
20.148662	14177.676
20.155045	14163.344
20.161428	14153.103
20.167811	14159.623
20.174193	14176.869
20.180576	14155.591
20.186959	14170.784
20.193342	14188.578
20.199725	14125.120
20.206108	14107.918
20.212490	14104.965
20.218873	14098.932
20.225256	14119.114
20.231639	14142.339
20.238022	14112.554
20.244404	14132.012
20.250787	14151.776
20.257170	14173.268
20.263553	14143.688
20.269936	14098.618
20.276319	14101.000
20.282701	14093.366
20.289084	14047.185
20.295467	14098.695
20.301850	14122.042
20.308233	14109.624
20.314615	14119.906
20.320998	14131.043
20.327381	14135.499
20.333764	14134.638
20.340147	14158.410
20.346530	14112.037
20.352912	14025.108
20.359295	14045.173
20.365678	14085.831
20.372061	14101.053
20.378444	14135.408
20.384826	14108.931
20.391209	14066.521
20.397592	14076.974
20.403975	14076.480
20.410358	13989.613
20.416741	13976.215
20.423123	13936.264
20.429506	13995.582
20.435889	14053.252
20.442272	14071.459
20.448655	14005.888
20.455037	14010.394
20.461420	14000.836
20.467803	13988.908
20.474186	14022.522
20.480569	14073.821
20.486952	14075.785
20.493334	14020.891
20.499717	14015.538
20.506100	13990.398
20.512483	13995.907
20.518866	14007.731
20.525248	14026.398
20.531631	13979.982
20.538014	13909.459
20.544397	13942.783
20.550780	13969.661
20.557163	13943.184
20.563545	13987.226
20.569928	14009.872
20.576311	13990.546
20.582694	13988.498
20.589077	13977.273
20.595459	13894.641
20.601842	13914.210
20.608225	14015.063
20.614608	13970.292
20.620991	13919.854
20.627374	13923.246
20.633756	13976.248
20.640139	13957.787
20.646522	13913.145
20.652905	13972.807
20.659288	14004.279
20.665670	13938.723
20.672053	13917.994
20.678436	13921.625
20.684819	13913.298
20.691202	13892.779
20.697585	13878.716
20.703967	13933.895
20.710350	13924.175
20.716733	13943.108
20.723116	13934.026
20.729499	13922.426
20.735881	13926.834
20.742264	13932.303
20.748647	13931.833
20.755030	13888.545
20.761413	13928.619
20.767796	13963.337
20.774178	13947.210
20.780561	13913.474
20.786944	13904.291
20.793327	13863.329
20.799710	13889.757
20.806092	13907.124
20.812475	13872.832
20.818858	13866.517
20.825241	13868.679
20.831624	13879.035
20.838007	13930.677
20.844389	13945.374
20.850772	13913.850
20.857155	13864.598
20.863538	13875.264
20.869921	13894.164
20.876303	13894.765
20.882686	13918.611
20.889069	13892.572
20.895452	13855.875
20.901835	13846.414
20.908218	13849.586
20.914600	13896.521
20.920983	13914.768
20.927366	13856.459
20.933749	13840.621
20.940132	13862.822
20.946514	13788.481
20.952897	13847.257
20.959280	13898.348
20.965663	13900.290
20.972046	13837.668
20.978429	13822.288
20.984811	13835.711
20.991194	13823.333
20.997577	13838.942
21.003960	13829.861
21.010343	13789.643
21.016725	13786.526
21.023108	13827.758
21.029491	13855.364
21.035874	13822.224
21.042257	13793.161
21.048640	13785.936
21.055022	13800.346
21.061405	13754.793
21.067788	13800.603
21.074171	13814.778
21.080554	13802.836
21.086936	13777.951
21.093319	13795.389
21.099702	13772.753
21.106085	13769.102
21.112468	13784.000
21.118851	13848.980
21.125233	13853.578
21.131616	13817.026
21.137999	13771.266
21.144382	13775.394
21.150765	13770.546
21.157147	13753.910
21.163530	13742.178
21.169913	13710.912
21.176296	13725.516
21.182679	13774.763
21.189062	13757.740
21.195444	13756.831
21.201827	13757.897
21.208210	13754.053
21.214593	13739.957
21.220976	13705.866
21.227358	13714.555
21.233741	13646.548
21.240124	13683.459
21.246507	13676.028
21.252890	13770.631
21.259273	13713.308
21.265655	13655.899
21.272038	13688.491
21.278421	13661.993
21.284804	13655.409
21.291187	13701.038
21.297569	13699.839
21.303952	13691.973
21.310335	13739.103
21.316718	13750.209
21.323101	13696.617
21.329484	13671.243
21.335866	13670.202
21.342249	13706.255
21.348632	13717.696
21.355015	13718.487
21.361398	13719.724
21.367780	13699.113
21.374163	13674.258
21.380546	13697.623
21.386929	13710.496
21.393312	13746.174
21.399695	13727.022
21.406077	13672.439
21.412460	13713.828
21.418843	13714.575
21.425226	13650.429
21.431609	13625.897
21.437991	13706.361
21.444374	13683.270
21.450757	13647.413
21.457140	13669.604
21.463523	13700.762
21.469906	13651.336
21.476288	13650.331
21.482671	13598.808
21.489054	13633.876
21.495437	13628.606
21.501820	13626.647
21.508202	13658.666
21.514585	13682.985
21.520968	13703.383
21.527351	13725.605
21.533734	13671.526
21.540117	13638.974
21.546499	13648.375
21.552882	13675.577
21.559265	13663.345
21.565648	13640.539
21.572031	13595.082
21.578413	13574.004
21.584796	13586.728
21.591179	13596.493
21.597562	13658.660
21.603945	13639.416
21.610328	13599.755
21.616710	13625.207
21.623093	13651.833
21.629476	13611.238
21.635859	13657.982
21.642242	13626.671
21.648624	13561.284
21.655007	13556.287
21.661390	13594.123
21.667773	13632.590
21.674156	13659.774
21.680539	13634.609
21.686921	13599.078
21.693304	13584.958
21.699687	13612.707
21.706070	13613.410
21.712453	13624.299
21.718835	13631.597
21.725218	13627.449
21.731601	13568.641
21.737984	13564.764
21.744367	13580.394
21.750750	13614.534
21.757132	13589.324
21.763515	13615.442
21.769898	13617.891
21.776281	13658.238
21.782664	13582.520
21.789046	13572.260
21.795429	13617.612
21.801812	13667.640
21.808195	13598.848
21.814578	13571.653
21.820961	13565.252
21.827343	13552.823
21.833726	13551.864
21.840109	13533.542
21.846492	13586.285
21.852875	13563.873
21.859257	13518.689
21.865640	13535.892
21.872023	13545.182
21.878406	13566.682
21.884789	13590.072
21.891172	13582.187
21.897554	13582.091
21.903937	13561.541
21.910320	13552.670
21.916703	13595.972
21.923086	13560.811
21.929468	13526.962
21.935851	13562.093
21.942234	13578.388
21.948617	13550.449
21.955000	13560.081
21.961383	13562.295
21.967765	13524.447
21.974148	13509.914
21.980531	13597.844
21.986914	13543.286
21.993297	13532.515
21.999679	13545.894
22.006062	13489.022
22.012445	13503.334
22.018828	13519.039
22.025211	13582.138
22.031594	13590.791
22.037976	13507.304
22.044359	13476.399
22.050742	13541.530
22.057125	13570.518
22.063508	13543.470
22.069890	13513.969
22.076273	13537.908
22.082656	13608.959
22.089039	13598.919
22.095422	13543.291
22.101805	13496.721
22.108187	13402.249
22.114570	13526.660
22.120953	13558.389
22.127336	13514.019
22.133719	13451.373
22.140101	13469.166
22.146484	13538.934
22.152867	13590.283
22.159250	13571.432
22.165633	13527.370
22.172016	13477.024
22.178398	13538.831
22.184781	13497.980
22.191164	13458.185
22.197547	13455.508
22.203930	13434.732
22.210312	13452.714
22.216695	13479.072
22.223078	13475.353
22.229461	13406.760
22.235844	13443.962
22.242227	13509.707
22.248609	13399.906
22.254992	13461.798
22.261375	13486.083
22.267758	13479.806
22.274141	13488.050
22.280523	13461.835
22.286906	13389.612
22.293289	13386.497
22.299672	13475.132
22.306055	13499.561
22.312438	13471.979
22.318820	13389.646
22.325203	13487.578
22.331586	13448.777
22.337969	13439.250
22.344352	13446.092
22.350734	13419.967
22.357117	13381.918
22.363500	13381.804
22.369883	13479.882
22.376266	13460.978
22.382649	13451.577
22.389031	13438.225
22.395414	13422.408
22.401797	13403.881
22.408180	13382.730
22.414563	13477.328
22.420945	13410.764
22.427328	13378.217
22.433711	13335.942
22.440094	13394.526
22.446477	13450.485
22.452860	13481.083
22.459242	13461.113
22.465625	13414.475
22.472008	13359.515
22.478391	13387.823
22.484774	13428.003
22.491156	13425.020
22.497539	13389.508
22.503922	13341.011
22.510305	13366.440
22.516688	13402.414
22.523071	13366.906
22.529453	13384.325
22.535836	13389.678
22.542219	13448.475
22.548602	13483.463
22.554985	13384.828
22.561367	13373.025
22.567750	13386.258
22.574133	13471.731
22.580516	13450.351
22.586899	13364.648
22.593282	13397.113
22.599664	13376.950
22.606047	13361.826
22.612430	13360.117
22.618813	13386.649
22.625196	13429.651
22.631578	13404.504
22.637961	13458.613
22.644344	13421.502
22.650727	13449.175
22.657110	13378.257
22.663493	13428.146
22.669875	13427.733
22.676258	13408.795
22.682641	13357.727
22.689024	13317.056
22.695407	13348.566
22.701789	13374.376
22.708172	13414.522
22.714555	13417.685
22.720938	13390.562
22.727321	13351.090
22.733704	13367.694
22.740086	13392.264
22.746469	13308.564
22.752852	13278.822
22.759235	13342.289
22.765618	13348.501
22.772000	13409.273
22.778383	13384.964
22.784766	13389.981
22.791149	13363.265
22.797532	13311.606
22.803915	13371.264
22.810297	13350.152
22.816680	13386.858
22.823063	13411.107
22.829446	13387.075
22.835829	13352.840
22.842211	13347.294
22.848594	13404.532
22.854977	13394.295
22.861360	13308.247
22.867743	13301.926
22.874126	13305.516
22.880508	13296.045
22.886891	13398.470
22.893274	13340.267
22.899657	13228.750
22.906040	13308.080
22.912422	13327.998
22.918805	13281.887
22.925188	13285.170
22.931571	13320.270
22.937954	13314.692
22.944337	13352.604
22.950719	13281.329
22.957102	13330.709
22.963485	13346.281
22.969868	13317.365
22.976251	13335.655
22.982633	13347.599
22.989016	13268.331
22.995399	13318.656
23.001782	13303.332
23.008165	13259.042
23.014548	13343.968
23.020930	13301.055
23.027313	13404.826
23.033696	13358.633
23.040079	13280.323
23.046462	13292.482
23.052844	13307.773
23.059227	13300.214
23.065610	13328.776
23.071993	13288.666
23.078376	13240.794
23.084759	13280.434
23.091141	13318.863
23.097524	13297.840
23.103907	13242.308
23.110290	13273.314
23.116673	13317.504
23.123055	13256.574
23.129438	13214.154
23.135821	13282.864
23.142204	13293.899
23.148587	13288.567
23.154970	13286.418
23.161352	13218.028
23.167735	13211.891
23.174118	13252.014
23.180501	13234.259
23.186884	13316.167
23.193266	13234.780
23.199649	13206.023
23.206032	13208.984
23.212415	13181.137
23.218798	13255.723
23.225181	13275.803
23.231563	13231.089
23.237946	13222.181
23.244329	13249.303
23.250712	13253.429
23.257095	13255.085
23.263477	13242.988
23.269860	13269.301
23.276243	13272.345
23.282626	13259.945
23.289009	13222.724
23.295392	13204.695
23.301774	13327.162
23.308157	13239.068
23.314540	13275.175
23.320923	13247.981
23.327306	13174.812
23.333688	13148.091
23.340071	13238.420
23.346454	13195.096
23.352837	13205.865
23.359220	13208.341
23.365603	13152.335
23.371985	13172.939
23.378368	13219.173
23.384751	13167.869
23.391134	13174.958
23.397517	13256.180
23.403900	13214.220
23.410282	13200.438
23.416665	13207.296
23.423048	13262.607
23.429431	13158.830
23.435814	13197.952
23.442196	13187.305
23.448579	13158.423
23.454962	13214.166
23.461345	13169.208
23.467728	13152.593
23.474111	13109.115
23.480493	13142.582
23.486876	13172.350
23.493259	13112.791
23.499642	13158.590
23.506025	13176.406
23.512407	13184.462
23.518790	13173.466
23.525173	13155.490
23.531556	13133.917
23.537939	13127.937
23.544322	13175.289
23.550704	13170.426
23.557087	13178.066
23.563470	13069.602
23.569853	13093.300
23.576236	13108.565
23.582618	13172.233
23.589001	13088.190
23.595384	13120.219
23.601767	13169.351
23.608150	13141.501
23.614533	13206.760
23.620915	13078.748
23.627298	13080.244
23.633681	13135.678
23.640064	13167.928
23.646447	13118.891
23.652829	13144.424
23.659212	13132.730
23.665595	13145.900
23.671978	13083.429
23.678361	13118.095
23.684744	13140.088
23.691126	13102.669
23.697509	13060.850
23.703892	13085.584
23.710275	13161.748
23.716658	13085.118
23.723040	13046.026
23.729423	13069.844
23.735806	13174.534
23.742189	13120.539
23.748572	13104.080
23.754955	13057.207
23.761337	13089.187
23.767720	13153.477
23.774103	13146.229
23.780486	13117.204
23.786869	13007.281
23.793251	13027.208
23.799634	13115.651
23.806017	13123.679
23.812400	13128.278
23.818783	13139.921
23.825166	13178.051
23.831548	13176.206
23.837931	13013.406
23.844314	13020.514
23.850697	13082.432
23.857080	13047.983
23.863462	12966.222
23.869845	12957.810
23.876228	13073.737
23.882611	13126.571
23.888994	13081.759
23.895377	13135.175
23.901759	13062.179
23.908142	13001.212
23.914525	13116.181
23.920908	13125.950
23.927291	13113.660
23.933673	13041.503
23.940056	12928.972
23.946439	13092.406
23.952822	13052.588
23.959205	12923.577
23.965588	12991.447
23.971970	13054.467
23.978353	13054.082
23.984736	12940.374
23.991119	12983.882
23.997502	13045.698
24.003884	12979.928
24.010267	13016.627
24.016650	13084.889
24.023033	13039.393
24.029416	13008.891
24.035799	13048.421
24.042181	13033.085
24.048564	13005.953
24.054947	13022.175
24.061330	13002.868
24.067713	13073.611
24.074095	12984.469
24.080478	12991.357
24.086861	13045.180
24.093244	13026.458
24.099627	13105.628
24.106010	12942.411
24.112392	13000.145
24.118775	12971.923
24.125158	12956.968
24.131541	13020.187
24.137924	12980.817
24.144306	13061.976
24.150689	13001.199
24.157072	13028.451
24.163455	12995.527
24.169838	12930.250
24.176221	12965.202
24.182603	12983.279
24.188986	12993.386
24.195369	13033.230
24.201752	12968.008
24.208135	12941.742
24.214517	12918.015
24.220900	12919.091
24.227283	12953.606
24.233666	12921.409
24.240049	12892.380
24.246432	12941.147
24.252814	12905.253
24.259197	12983.122
24.265580	12901.249
24.271963	12865.244
24.278346	12983.688
24.284728	12958.004
24.291111	13027.146
24.297494	12931.003
24.303877	12842.020
24.310260	12913.706
24.316643	12982.751
24.323025	12941.416
24.329408	12926.929
24.335791	12934.153
24.342174	12935.948
24.348557	12945.270
24.354939	12909.746
24.361322	12855.019
24.367705	12869.350
24.374088	12849.759
24.380471	12854.008
24.386854	12856.861
24.393236	12859.931
24.399619	12889.296
24.406002	12919.003
24.412385	12840.239
24.418768	12823.743
24.425150	12858.921
24.431533	12826.609
24.437916	12907.900
24.444299	12899.141
24.450682	12911.120
24.457065	12865.716
24.463447	12887.547
24.469830	12826.465
24.476213	12897.573
24.482596	12836.621
24.488979	12839.002
24.495361	12890.111
24.501744	12947.822
24.508127	12948.245
24.514510	12981.766
24.520893	12816.522
24.527276	12872.743
24.533658	12832.574
24.540041	12771.768
24.546424	12852.859
24.552807	12916.800
24.559190	12847.226
24.565572	12817.969
24.571955	12884.496
24.578338	12892.855
24.584721	12882.239
24.591104	12880.573
24.597487	12791.593
24.603869	12789.374
24.610252	12750.464
24.616635	12789.553
24.623018	12811.611
24.629401	12832.900
24.635783	12826.201
24.642166	12741.386
24.648549	12774.457
24.654932	12842.785
24.661315	12860.001
24.667698	12760.303
24.674080	12784.644
24.680463	12776.072
24.686846	12705.134
24.693229	12834.687
24.699612	12837.443
24.705994	12729.368
24.712377	12778.426
24.718760	12747.163
24.725143	12805.447
24.731526	12777.374
24.737909	12781.973
24.744291	12784.492
24.750674	12736.892
24.757057	12785.901
24.763440	12766.887
24.769823	12804.644
24.776205	12776.926
24.782588	12730.386
24.788971	12697.591
24.795354	12698.241
24.801737	12726.205
24.808120	12743.196
24.814502	12752.241
24.820885	12756.688
24.827268	12680.287
24.833651	12714.792
24.840034	12797.346
24.846416	12709.851
24.852799	12686.731
24.859182	12730.326
24.865565	12665.864
24.871948	12692.041
24.878331	12698.681
24.884713	12682.171
24.891096	12695.275
24.897479	12706.696
24.903862	12784.141
24.910245	12803.574
24.916627	12644.240
24.923010	12708.405
24.929393	12624.681
24.935776	12682.964
24.942159	12734.871
24.948542	12761.872
24.954924	12776.740
24.961307	12790.811
24.967690	12785.575
24.974073	12691.969
24.980456	12680.517
24.986838	12716.466
24.993221	12677.935
24.999604	12663.474
25.005987	12584.944
25.012370	12697.742
25.018753	12772.030
25.025135	12710.540
25.031518	12694.803
25.037901	12717.411
25.044284	12714.530
25.050667	12645.659
25.057049	12710.274
25.063432	12665.484
25.069815	12697.640
25.076198	12635.126
25.082581	12753.839
25.088964	12684.029
25.095346	12707.222
25.101729	12682.072
25.108112	12709.477
25.114495	12670.003
25.120878	12570.322
25.127260	12664.891
25.133643	12647.595
25.140026	12717.404
25.146409	12681.174
25.152792	12646.771
25.159175	12687.155
25.165557	12560.844
25.171940	12584.030
25.178323	12638.453
25.184706	12725.455
25.191089	12761.044
25.197471	12726.465
25.203854	12713.583
25.210237	12676.587
25.216620	12657.019
25.223003	12680.154
25.229386	12540.130
25.235768	12639.794
25.242151	12711.652
25.248534	12740.309
25.254917	12720.193
25.261300	12662.331
25.267682	12535.108
25.274065	12562.776
25.280448	12673.008
25.286831	12604.843
25.293214	12629.700
25.299597	12619.311
25.305979	12664.634
25.312362	12632.249
25.318745	12595.001
25.325128	12570.633
25.331511	12621.697
25.337893	12626.750
25.344276	12572.833
25.350659	12585.428
25.357042	12589.657
25.363425	12592.397
25.369808	12546.932
25.376190	12526.090
25.382573	12635.075
25.388956	12684.813
25.395339	12566.364
25.401722	12487.944
25.408104	12580.444
25.414487	12596.475
25.420870	12622.457
25.427253	12583.321
25.433636	12516.302
25.440019	12598.956
25.446401	12539.991
25.452784	12500.606
25.459167	12460.563
25.465550	12603.872
25.471933	12634.822
25.478315	12653.121
25.484698	12549.906
25.491081	12575.727
25.497464	12577.426
25.503847	12628.583
25.510230	12503.787
25.516612	12481.963
25.522995	12577.104
25.529378	12481.780
25.535761	12520.313
25.542144	12541.685
25.548526	12521.434
25.554909	12600.845
25.561292	12536.877
25.567675	12515.269
25.574058	12557.772
25.580441	12513.950
25.586823	12527.736
25.593206	12550.884
25.599589	12559.158
25.605972	12501.082
25.612355	12507.438
25.618737	12508.274
25.625120	12481.302
25.631503	12492.682
25.637886	12497.036
25.644269	12540.204
25.650652	12580.838
25.657034	12578.999
25.663417	12479.537
25.669800	12459.033
25.676183	12420.863
25.682566	12454.328
25.688948	12367.485
25.695331	12530.773
25.701714	12458.960
25.708097	12555.437
25.714480	12469.331
25.720863	12457.998
25.727245	12442.435
25.733628	12440.187
25.740011	12492.099
25.746394	12450.653
25.752777	12469.710
25.759159	12517.310
25.765542	12490.134
25.771925	12487.391
25.778308	12406.107
25.784691	12308.612
25.791074	12478.344
25.797456	12438.875
25.803839	12369.272
25.810222	12393.726
25.816605	12450.808
25.822988	12371.224
25.829370	12309.343
25.835753	12395.045
25.842136	12364.887
25.848519	12408.868
25.854902	12503.296
25.861285	12520.359
25.867667	12366.314
25.874050	12459.045
25.880433	12476.680
25.886816	12434.963
25.893199	12536.405
25.899581	12455.247
25.905964	12406.608
25.912347	12359.078
25.918730	12438.188
25.925113	12392.914
25.931496	12294.131
25.937878	12416.346
25.944261	12435.593
25.950644	12353.184
25.957027	12380.810
25.963410	12447.473
25.969792	12511.052
25.976175	12419.075
25.982558	12373.249
25.988941	12392.136
25.995324	12331.767
26.001707	12389.593
26.008089	12316.791
26.014472	12419.238
26.020855	12410.440
26.027238	12437.094
26.033621	12430.615
26.040003	12224.271
26.046386	12291.296
26.052769	12444.579
26.059152	12396.460
26.065535	12340.674
26.071918	12335.734
26.078300	12380.260
26.084683	12390.620
26.091066	12423.496
26.097449	12414.989
26.103832	12425.840
26.110214	12339.041
26.116597	12448.981
26.122980	12457.454
26.129363	12333.147
26.135746	12341.534
26.142129	12376.416
26.148511	12319.756
26.154894	12364.764
26.161277	12330.028
26.167660	12267.363
26.174043	12343.934
26.180425	12362.375
26.186808	12240.217
26.193191	12451.156
26.199574	12425.374
26.205957	12407.734
26.212340	12349.411
26.218722	12381.796
26.225105	12461.370
26.231488	12341.946
26.237871	12416.072
26.244254	12402.841
26.250636	12301.102
26.257019	12314.595
26.263402	12286.265
26.269785	12269.379
26.276168	12352.851
26.282551	12323.745
26.288933	12228.249
26.295316	12280.526
26.301699	12206.878
26.308082	12181.454
26.314465	12189.101
26.320847	12296.877
26.327230	12326.360
26.333613	12371.555
26.339996	12311.428
26.346379	12283.059
26.352762	12341.226
26.359144	12290.534
26.365527	12189.830
26.371910	12267.764
26.378293	12271.757
26.384676	12276.487
26.391058	12201.357
26.397441	12240.213
26.403824	12192.605
26.410207	12257.202
26.416590	12345.638
26.422973	12316.396
26.429355	12347.109
26.435738	12375.866
26.442121	12492.524
26.448504	12274.088
26.454887	12219.382
26.461269	12187.710
26.467652	12160.263
26.474035	12224.224
26.480418	12219.235
26.486801	12203.299
26.493184	12255.318
26.499566	12237.688
26.505949	12246.847
26.512332	12349.290
26.518715	12308.932
26.525098	12231.657
26.531480	12193.086
26.537863	12215.095
26.544246	12149.709
26.550629	12193.553
26.557012	12276.859
26.563395	12223.850
26.569777	12102.614
26.576160	12125.186
26.582543	12200.997
26.588926	12095.618
26.595309	12242.098
26.601692	12159.023
26.608074	12187.827
26.614457	12183.844
26.620840	12226.876
26.627223	12225.358
26.633606	12293.618
26.639988	12263.540
26.646371	12111.366
26.652754	12208.433
26.659137	12250.019
26.665520	12147.520
26.671903	12163.155
26.678285	12224.160
26.684668	12202.914
26.691051	12230.480
26.697434	12057.067
26.703817	12164.567
26.710199	12174.213
26.716582	12073.502
26.722965	12035.309
26.729348	12075.571
26.735731	12200.520
26.742114	12160.736
26.748496	12150.676
26.754879	12118.043
26.761262	11966.111
26.767645	12194.727
26.774028	12185.256
26.780410	12066.639
26.786793	12116.709
26.793176	12078.717
26.799559	12098.526
26.805942	12126.494
26.812325	12153.922
26.818707	12074.994
26.825090	12080.279
26.831473	12216.865
26.837856	12160.971
26.844239	12012.957
26.850621	12023.699
26.857004	12067.566
26.863387	12118.286
26.869770	12088.401
26.876153	12103.826
26.882536	12126.365
26.888918	12115.269
26.895301	12101.098
26.901684	11994.922
26.908067	12145.014
26.914450	12010.067
26.920832	12031.537
26.927215	12151.844
26.933598	12100.275
26.939981	12090.027
26.946364	12043.341
26.952747	12141.548
26.959129	12218.885
26.965512	12098.593
26.971895	12243.748
26.978278	12033.174
26.984661	12031.085
26.991043	12095.063
26.997426	11914.329
27.003809	12090.606
27.010192	12003.372
27.016575	12083.652
27.022958	12169.255
27.029340	12105.151
27.035723	12096.383
27.042106	11945.249
27.048489	11982.557
27.054872	12100.582
27.061254	12089.420
27.067637	12101.281
27.074020	12054.670
27.080403	11994.509
27.086786	11876.888
27.093169	11865.141
27.099551	12011.198
27.105934	12071.667
27.112317	11944.003
27.118700	12077.189
27.125083	11962.495
27.131465	12024.236
27.137848	11956.229
27.144231	12102.278
27.150614	12041.163
27.156997	12020.977
27.163380	12070.440
27.169762	12037.895
27.176145	12004.318
27.182528	12124.183
27.188911	12011.590
27.195294	12003.146
27.201676	11894.784
27.208059	11994.308
27.214442	11903.652
27.220825	11943.061
27.227208	11962.231
27.233591	11932.040
27.239973	11987.083
27.246356	11992.875
27.252739	11847.009
27.259122	11962.305
27.265505	12155.095
27.271887	11940.245
27.278270	11977.606
27.284653	11893.277
27.291036	12038.160
27.297419	12079.192
27.303802	11940.699
27.310184	11943.702
27.316567	11896.330
27.322950	11951.874
27.329333	12067.157
27.335716	11891.299
27.342098	11885.516
27.348481	11940.884
27.354864	11956.410
27.361247	11887.776
27.367630	11939.913
27.374013	11848.886
27.380395	11925.488
27.386778	11909.897
27.393161	11900.934
27.399544	11834.957
27.405927	11886.607
27.412309	11815.417
27.418692	11867.487
27.425075	11788.492
27.431458	11842.086
27.437841	11831.519
27.444224	11992.021
27.450606	11779.090
27.456989	11815.058
27.463372	11748.408
27.469755	11906.546
27.476138	11934.022
27.482520	11782.990
27.488903	11868.511
27.495286	11835.970
27.501669	11955.567
27.508052	11769.433
27.514435	11752.922
27.520817	11935.635
27.527200	11830.036
27.533583	11829.814
27.539966	11878.496
27.546349	11828.980
27.552731	11854.442
27.559114	11734.254
27.565497	11715.899
27.571880	11911.476
27.578263	11915.039
27.584646	11857.780
27.591028	11876.069
27.597411	11819.366
27.603794	11878.231
27.610177	11918.138
27.616560	11795.176
27.622942	11949.503
27.629325	11744.158
27.635708	11764.491
27.642091	11670.001
27.648474	11774.069
27.654857	11783.163
27.661239	11831.459
27.667622	11680.875
27.674005	11866.555
27.680388	11771.169
27.686771	11802.571
27.693153	11829.279
27.699536	11793.413
27.705919	11647.207
27.712302	11720.831
27.718685	11659.813
27.725068	11693.408
27.731450	11730.487
27.737833	11654.177
27.744216	11537.983
27.750599	11774.324
27.756982	0.0000000
27.763364	0.0000000
27.769747	0.0000000
27.776130	0.0000000
27.782513	0.0000000
27.788896	0.0000000
27.795279	0.0000000
27.801661	0.0000000
27.808044	0.0000000
27.814427	0.0000000
27.820810	0.0000000
27.827193	0.0000000
27.833575	0.0000000
27.839958	0.0000000
27.846341	0.0000000
27.852724	0.0000000
27.859107	0.0000000
27.865490	0.0000000
27.871872	0.0000000
27.878255	0.0000000
27.884638	0.0000000
27.891021	0.0000000
27.897404	0.0000000
27.903786	0.0000000
27.910169	0.0000000
27.916552	0.0000000
27.922935	0.0000000
27.929318	0.0000000
27.935701	0.0000000
27.942083	0.0000000
27.948466	0.0000000
27.954849	0.0000000
27.961232	0.0000000
27.967615	0.0000000
27.973997	0.0000000
27.980380	0.0000000
27.986763	0.0000000
27.993146	0.0000000
27.999529	0.0000000
28.005912	0.0000000
28.012294	0.0000000
28.018677	0.0000000
28.025060	0.0000000
28.031443	0.0000000
28.037826	0.0000000
28.044208	0.0000000
28.050591	0.0000000
28.056974	0.0000000
28.063357	0.0000000
28.069740	0.0000000
28.076123	0.0000000
28.082505	0.0000000
28.088888	0.0000000
28.095271	0.0000000
28.101654	0.0000000
28.108037	0.0000000
28.114419	0.0000000
28.120802	0.0000000
28.127185	0.0000000
28.133568	0.0000000
28.139951	0.0000000
28.146334	0.0000000
28.152716	0.0000000
28.159099	0.0000000
28.165482	0.0000000
28.171865	0.0000000
28.178248	0.0000000
28.184630	0.0000000
28.191013	0.0000000
28.197396	0.0000000
28.203779	0.0000000
28.210162	0.0000000
28.216545	0.0000000
28.222927	0.0000000
28.229310	0.0000000
28.235693	0.0000000
28.242076	0.0000000
28.248459	0.0000000
28.254841	0.0000000
28.261224	0.0000000
28.267607	0.0000000
28.273990	0.0000000
28.280373	0.0000000
28.286756	0.0000000
28.293138	0.0000000
28.299521	0.0000000
28.305904	0.0000000
28.312287	0.0000000
28.318670	0.0000000
28.325052	0.0000000
28.331435	0.0000000
28.337818	0.0000000
28.344201	0.0000000
28.350584	0.0000000
28.356967	0.0000000
28.363349	0.0000000
28.369732	0.0000000
28.376115	0.0000000
28.382498	0.0000000
28.388881	0.0000000
28.395263	0.0000000
28.401646	0.0000000
28.408029	0.0000000
28.414412	0.0000000
28.420795	0.0000000
28.427178	0.0000000
28.433560	0.0000000
28.439943	0.0000000
28.446326	0.0000000
28.452709	0.0000000
28.459092	0.0000000
28.465474	0.0000000
28.471857	0.0000000
28.478240	0.0000000
28.484623	0.0000000
28.491006	0.0000000
28.497389	0.0000000
28.503771	0.0000000
28.510154	0.0000000
28.516537	0.0000000
28.522920	0.0000000
28.529303	0.0000000
28.535685	0.0000000
28.542068	0.0000000
28.548451	0.0000000
28.554834	0.0000000
28.561217	0.0000000
28.567600	0.0000000
28.573982	0.0000000
28.580365	0.0000000
28.586748	0.0000000
28.593131	0.0000000
28.599514	0.0000000
28.605896	0.0000000
28.612279	0.0000000
28.618662	0.0000000
28.625045	0.0000000
28.631428	0.0000000
28.637811	0.0000000
28.644193	0.0000000
28.650576	0.0000000
28.656959	0.0000000
28.663342	0.0000000
28.669725	0.0000000
28.676107	0.0000000
28.682490	0.0000000
28.688873	0.0000000
28.695256	0.0000000
28.701639	0.0000000
28.708022	0.0000000
28.714404	0.0000000
28.720787	0.0000000
28.727170	0.0000000
28.733553	0.0000000
28.739936	0.0000000
28.746318	0.0000000
28.752701	0.0000000
28.759084	0.0000000
28.765467	0.0000000
28.771850	0.0000000
28.778233	0.0000000
28.784615	0.0000000
28.790998	0.0000000
28.797381	0.0000000
28.803764	0.0000000
28.810147	0.0000000
28.816529	0.0000000
28.822912	0.0000000
28.829295	0.0000000
28.835678	0.0000000
28.842061	0.0000000
28.848444	0.0000000
28.854826	0.0000000
28.861209	0.0000000
28.867592	0.0000000
28.873975	0.0000000
28.880358	0.0000000
28.886740	0.0000000
28.893123	0.0000000
28.899506	0.0000000
28.905889	0.0000000
28.912272	0.0000000
28.918655	0.0000000
28.925037	0.0000000
28.931420	0.0000000
28.937803	0.0000000
28.944186	0.0000000
28.950569	0.0000000
28.956951	0.0000000
28.963334	0.0000000
28.969717	0.0000000
28.976100	0.0000000
28.982483	0.0000000
28.988866	0.0000000
28.995248	0.0000000
29.001631	0.0000000
29.008014	0.0000000
29.014397	0.0000000
29.020780	0.0000000
29.027162	0.0000000
29.033545	0.0000000
29.039928	0.0000000
29.046311	0.0000000
29.052694	0.0000000
29.059077	0.0000000
29.065459	0.0000000
29.071842	0.0000000
29.078225	0.0000000
29.084608	0.0000000
29.090991	0.0000000
29.097373	0.0000000
29.103756	0.0000000
29.110139	0.0000000
29.116522	0.0000000
29.122905	0.0000000
29.129288	0.0000000
29.135670	0.0000000
29.142053	0.0000000
29.148436	0.0000000
29.154819	0.0000000
29.161202	0.0000000
29.167584	0.0000000
29.173967	0.0000000
29.180350	0.0000000
29.186733	0.0000000
29.193116	0.0000000
29.199499	0.0000000
29.205881	0.0000000
29.212264	0.0000000
29.218647	0.0000000
29.225030	0.0000000
29.231413	0.0000000
29.237795	0.0000000
29.244178	0.0000000
29.250561	0.0000000
29.256944	0.0000000
29.263327	0.0000000
29.269710	0.0000000
29.276092	0.0000000
29.282475	0.0000000
29.288858	0.0000000
29.295241	0.0000000
29.301624	0.0000000
29.308006	0.0000000
29.314389	0.0000000
29.320772	0.0000000
29.327155	0.0000000
29.333538	0.0000000
29.339921	0.0000000
29.346303	0.0000000
29.352686	0.0000000
29.359069	0.0000000
29.365452	0.0000000
29.371835	0.0000000
29.378217	0.0000000
29.384600	0.0000000
29.390983	0.0000000
29.397366	0.0000000
29.403749	0.0000000
29.410132	0.0000000
29.416514	0.0000000
29.422897	0.0000000
29.429280	0.0000000
29.435663	0.0000000
29.442046	0.0000000
29.448428	0.0000000
29.454811	0.0000000
29.461194	0.0000000
29.467577	0.0000000
29.473960	0.0000000
29.480343	0.0000000
29.486725	0.0000000
29.493108	0.0000000
29.499491	0.0000000
29.505874	0.0000000
29.512257	0.0000000
29.518639	0.0000000
29.525022	0.0000000
29.531405	0.0000000
29.537788	0.0000000
29.544171	0.0000000
29.550554	0.0000000
29.556936	0.0000000
29.563319	0.0000000
29.569702	0.0000000
29.576085	0.0000000
29.582468	0.0000000
29.588850	0.0000000
29.595233	0.0000000
29.601616	0.0000000
29.607999	0.0000000
29.614382	0.0000000
29.620765	0.0000000
29.627147	0.0000000
29.633530	0.0000000
29.639913	0.0000000
29.646296	0.0000000
29.652679	0.0000000
29.659061	0.0000000
29.665444	0.0000000
29.671827	0.0000000
29.678210	0.0000000
29.684593	0.0000000
29.690976	0.0000000
29.697358	0.0000000
29.703741	0.0000000
29.710124	0.0000000
29.716507	0.0000000
29.722890	0.0000000
29.729272	0.0000000
29.735655	0.0000000
29.742038	0.0000000
29.748421	0.0000000
29.754804	0.0000000
29.761187	0.0000000
29.767569	0.0000000
29.773952	0.0000000
29.780335	0.0000000
29.786718	0.0000000
29.793101	0.0000000
29.799484	0.0000000
29.805866	0.0000000
29.812249	0.0000000
29.818632	0.0000000
29.825015	0.0000000
29.831398	0.0000000
29.837780	0.0000000
29.844163	0.0000000
29.850546	0.0000000
29.856929	0.0000000
29.863312	0.0000000
29.869695	0.0000000
29.876077	0.0000000
29.882460	0.0000000
29.888843	0.0000000
29.895226	0.0000000
29.901609	0.0000000
29.907991	0.0000000
29.914374	0.0000000
29.920757	0.0000000
29.927140	0.0000000
29.933523	0.0000000
29.939906	0.0000000
29.946288	0.0000000
29.952671	0.0000000
29.959054	0.0000000
29.965437	0.0000000
29.971820	0.0000000
29.978202	0.0000000
29.984585	0.0000000
29.990968	0.0000000
29.997351	0.0000000
30.003734	0.0000000
30.010117	0.0000000
30.016499	0.0000000
30.022882	0.0000000
30.029265	0.0000000
30.035648	0.0000000
30.042031	0.0000000
30.048413	0.0000000
30.054796	0.0000000
30.061179	0.0000000
30.067562	0.0000000
30.073945	0.0000000
30.080328	0.0000000
30.086710	0.0000000
30.093093	0.0000000
30.099476	0.0000000
30.105859	0.0000000
30.112242	0.0000000
30.118624	0.0000000
30.125007	0.0000000
30.131390	0.0000000
30.137773	0.0000000
30.144156	0.0000000
30.150539	0.0000000
30.156921	0.0000000
30.163304	0.0000000
30.169687	0.0000000
30.176070	0.0000000
30.182453	0.0000000
30.188835	0.0000000
30.195218	0.0000000
30.201601	0.0000000
30.207984	0.0000000
30.214367	0.0000000
30.220750	0.0000000
30.227132	0.0000000
30.233515	0.0000000
30.239898	0.0000000
30.246281	0.0000000
30.252664	0.0000000
30.259046	0.0000000
30.265429	0.0000000
30.271812	0.0000000
30.278195	0.0000000
30.284578	0.0000000
30.290961	0.0000000
30.297343	0.0000000
30.303726	0.0000000
30.310109	0.0000000
30.316492	0.0000000
30.322875	0.0000000
30.329257	0.0000000
30.335640	0.0000000
30.342023	0.0000000
30.348406	0.0000000
30.354789	0.0000000
30.361172	0.0000000
30.367554	0.0000000
30.373937	0.0000000
30.380320	0.0000000
30.386703	0.0000000
30.393086	0.0000000
30.399468	0.0000000
30.405851	0.0000000
30.412234	0.0000000
30.418617	0.0000000
30.425000	0.0000000
30.431383	0.0000000
30.437765	0.0000000
30.444148	0.0000000
30.450531	0.0000000
30.456914	0.0000000
30.463297	0.0000000
30.469679	0.0000000
30.476062	0.0000000
30.482445	0.0000000
30.488828	0.0000000
30.495211	0.0000000
30.501594	0.0000000
30.507976	0.0000000
30.514359	0.0000000
30.520742	0.0000000
30.527125	0.0000000
30.533508	0.0000000
30.539890	0.0000000
30.546273	0.0000000
30.552656	0.0000000
30.559039	0.0000000
30.565422	0.0000000
30.571805	0.0000000
30.578187	0.0000000
30.584570	0.0000000
30.590953	0.0000000
30.597336	0.0000000
30.603719	0.0000000
30.610101	0.0000000
30.616484	0.0000000
30.622867	0.0000000
30.629250	0.0000000
30.635633	0.0000000
30.642016	0.0000000
30.648398	0.0000000
30.654781	0.0000000
30.661164	0.0000000
30.667547	0.0000000
30.673930	0.0000000
30.680312	0.0000000
30.686695	0.0000000
30.693078	0.0000000
30.699461	0.0000000
30.705844	0.0000000
30.712227	0.0000000
30.718609	0.0000000
30.724992	0.0000000
30.731375	0.0000000
30.737758	0.0000000
30.744141	0.0000000
30.750523	0.0000000
30.756906	0.0000000
30.763289	0.0000000
30.769672	0.0000000
30.776055	0.0000000
30.782438	0.0000000
30.788820	0.0000000
30.795203	0.0000000
30.801586	0.0000000
30.807969	0.0000000
30.814352	0.0000000
30.820734	0.0000000
30.827117	0.0000000
30.833500	0.0000000
30.839883	0.0000000
30.846266	0.0000000
30.852649	0.0000000
30.859031	0.0000000
30.865414	0.0000000
30.871797	0.0000000
30.878180	0.0000000
30.884563	0.0000000
30.890945	0.0000000
30.897328	0.0000000
30.903711	0.0000000
30.910094	0.0000000
30.916477	0.0000000
30.922860	0.0000000
30.929242	0.0000000
30.935625	0.0000000
30.942008	0.0000000
30.948391	0.0000000
30.954774	0.0000000
30.961156	0.0000000
30.967539	0.0000000
30.973922	0.0000000
30.980305	0.0000000
30.986688	0.0000000
30.993071	0.0000000
30.999453	0.0000000
31.005836	0.0000000
31.012219	0.0000000
31.018602	0.0000000
31.024985	0.0000000
31.031367	0.0000000
31.037750	0.0000000
31.044133	0.0000000
31.050516	0.0000000
31.056899	0.0000000
31.063282	0.0000000
31.069664	0.0000000
31.076047	0.0000000
31.082430	0.0000000
31.088813	0.0000000
31.095196	0.0000000
31.101578	0.0000000
31.107961	0.0000000
31.114344	0.0000000
31.120727	0.0000000
31.127110	0.0000000
31.133493	0.0000000
31.139875	0.0000000
31.146258	0.0000000
31.152641	0.0000000
31.159024	0.0000000
31.165407	0.0000000
31.171789	0.0000000
31.178172	0.0000000
31.184555	0.0000000
31.190938	0.0000000
31.197321	0.0000000
31.203704	0.0000000
31.210086	0.0000000
31.216469	0.0000000
31.222852	0.0000000
31.229235	0.0000000
31.235618	0.0000000
31.242000	0.0000000
31.248383	0.0000000
31.254766	0.0000000
31.261149	0.0000000
31.267532	0.0000000
31.273915	0.0000000
31.280297	0.0000000
31.286680	0.0000000
31.293063	0.0000000
31.299446	0.0000000
31.305829	0.0000000
31.312211	0.0000000
31.318594	0.0000000
31.324977	0.0000000
31.331360	0.0000000
31.337743	0.0000000
31.344126	0.0000000
31.350508	0.0000000
31.356891	0.0000000
31.363274	0.0000000
31.369657	0.0000000
31.376040	0.0000000
31.382422	0.0000000
31.388805	0.0000000
31.395188	0.0000000
31.401571	0.0000000
31.407954	0.0000000
31.414337	0.0000000
31.420719	0.0000000
31.427102	0.0000000
31.433485	0.0000000
31.439868	0.0000000
31.446251	0.0000000
31.452633	0.0000000
31.459016	0.0000000
31.465399	0.0000000
31.471782	0.0000000
31.478165	0.0000000
31.484548	0.0000000
31.490930	0.0000000
31.497313	0.0000000
31.503696	0.0000000
31.510079	0.0000000
31.516462	0.0000000
31.522844	0.0000000
31.529227	0.0000000
31.535610	0.0000000
31.541993	0.0000000
31.548376	0.0000000
31.554759	0.0000000
31.561141	0.0000000
31.567524	0.0000000
31.573907	0.0000000
31.580290	0.0000000
31.586673	0.0000000
31.593055	0.0000000
31.599438	0.0000000
31.605821	0.0000000
31.612204	0.0000000
31.618587	0.0000000
31.624970	0.0000000
31.631352	0.0000000
31.637735	0.0000000
31.644118	0.0000000
31.650501	0.0000000
31.656884	0.0000000
31.663266	0.0000000
31.669649	0.0000000
31.676032	0.0000000
31.682415	0.0000000
31.688798	0.0000000
31.695181	0.0000000
31.701563	0.0000000
31.707946	0.0000000
31.714329	0.0000000
31.720712	0.0000000
31.727095	0.0000000
31.733477	0.0000000
31.739860	0.0000000
31.746243	0.0000000
31.752626	0.0000000
31.759009	0.0000000
31.765392	0.0000000
31.771774	0.0000000
31.778157	0.0000000
31.784540	0.0000000
31.790923	0.0000000
31.797306	0.0000000
31.803688	0.0000000
31.810071	0.0000000
31.816454	0.0000000
31.822837	0.0000000
31.829220	0.0000000
31.835603	0.0000000
31.841985	0.0000000
31.848368	0.0000000
31.854751	0.0000000
31.861134	0.0000000
31.867517	0.0000000
31.873899	0.0000000
31.880282	0.0000000
31.886665	0.0000000
31.893048	0.0000000
31.899431	0.0000000
31.905814	0.0000000
31.912196	0.0000000
31.918579	0.0000000
