x,yobs,ycalc,ydiff
0.05,-2.0453289291891843e-11,-0.06716864220835678,0.06716864218790349
0.1,-2.3498776584336797e-10,-0.08121489285428933,0.08121489261930157
0.15000000000000002,-1.2746513272699056e-08,-0.04694527762194331,0.046945264875430034
0.2,-1.5622805166635265e-07,-0.022058196795193927,0.02205804056714226
0.25,-3.784065785051906e-07,-0.05447340602307891,0.05447302761650041
0.30000000000000004,4.314451297088203e-06,-0.12976328056470585,0.12976759501600293
0.35000000000000003,4.0185214585431024e-05,-0.18609658644374275,0.18613677165832818
0.4,0.00016573878956765062,-0.18133824863188827,0.18150398742145593
0.45,0.00039311801012493504,-0.13984851230730458,0.1402416303174295
0.5,0.00041754343504385883,-0.1272800592260927,0.12769760266113656
0.55,-0.0007171197614218225,-0.17921394508800817,0.17849682532658634
0.6000000000000001,-0.004404790498041498,-0.26074038111757064,0.25633559061952915
0.65,-0.010929332963809954,-0.30254675174267603,0.2916174187788661
0.7000000000000001,-0.01679788265580334,-0.2766079451299505,0.2598100624741472
0.75,-0.013317113250831498,-0.2294736444955853,0.2161565312447538
0.8,0.009908984011197056,-0.23418709942435786,0.24409608343555492
0.8500000000000001,0.05528540002839161,-0.3098145855634238,0.3650999855918154
0.9,0.10659034139464744,-0.39624770796745457,0.502838049362102
0.9500000000000001,0.12847334805231497,-0.41622104884419786,0.5446943968965128
1.0,0.0844954388063612,-0.361776722107039,0.44627216091340016
1.05,-0.03200981729199173,-0.3101185843298386,0.2781087670378468
1.1,-0.17694688781485554,-0.344117748060312,0.16717086024545644
1.1500000000000001,-0.26983267690800233,-0.45694023523318295,0.1871075583251806
1.2000000000000002,-0.24700798673531058,-0.547084305395644,0.30007631866033346
1.25,-0.12101777516145942,-0.5222894224013122,0.40127164723985276
1.3,0.006362988275871166,-0.4113757326638863,0.41773872093975745
1.35,0.006964776295297426,-0.3577462222355006,0.364710998530798
1.4000000000000001,-0.16541153055612232,-0.47635956116064465,0.31094803060452236
1.4500000000000002,-0.40367861476210437,-0.7008567065426545,0.29717809178055016
1.5,-0.4886587699492523,-0.783212564542172,0.29455379459291975
1.55,-0.24050922905764016,-0.48344303830029905,0.2429338092426589
1.6,0.31894660178880085,0.19486052170880125,0.1240860800799996
1.6500000000000001,0.926591385237287,0.936068781686087,-0.009477396448799968
1.7000000000000002,1.221710964705262,1.3022237033962494,-0.0805127386909874
1.75,0.9945735491347557,1.0544276774821926,-0.059854128347436863
1.8,0.3627251611626811,0.35423551257884456,0.008489648583836551
1.85,-0.2713773658631006,-0.3249704367314251,0.053593070868324544
1.9000000000000001,-0.4752388999938545,-0.5209336520057152,0.045694752011860684
1.9500000000000002,-0.0835364919549976,-0.10049239282189644,0.01695590086689884
2.0,0.677316285640423,0.6596352039364565,0.01768108170396654
2.0500000000000003,1.3339176711831333,1.2759252530601077,0.05799241812302558
2.1,1.4799938081410822,1.3824748375011826,0.09751897063989956
2.15,1.0356556885919483,0.9430746925398471,0.09258099605210124
2.2,0.27212302948462935,0.22325724454061177,0.04886578494401758
2.25,-0.4002701168752308,-0.42220917756274096,0.02193906068751017
2.3000000000000003,-0.7118269701393952,-0.7746759949402122,0.062849024800817
2.35,-0.6773099143615074,-0.8409735997906636,0.1636636854291561
2.4000000000000004,-0.5199714985905398,-0.7787276339414413,0.2587561353509015
2.45,-0.46327398910358863,-0.7452447813864884,0.2819707922828998
2.5,-0.564816920779251,-0.7895862684212838,0.2247693476420327
2.5500000000000003,-0.7107719362800272,-0.8515364050516088,0.14076446877158155
2.6,-0.7483756636701603,-0.8434718714474391,0.09509620777727879
2.6500000000000004,-0.6286151068027934,-0.7371243013492434,0.10850919454645003
2.7,-0.4409354691409472,-0.5874142385676795,0.14647876942673227
2.75,-0.325857815649525,-0.48308037429968037,0.1572225586501554
2.8000000000000003,-0.35464744558396893,-0.47246263538281685,0.11781518979884792
2.85,-0.4824619616357644,-0.5292695846125398,0.04680762297677543
2.9000000000000004,-0.6067485334853097,-0.5862366898646589,-0.020511843620650727
2.95,-0.667709986745271,-0.6041810732717133,-0.06352891347355771
3.0,-0.6958543326541298,-0.6110271647540737,-0.08482716790005607
3.0500000000000003,-0.7666946751054127,-0.6713487221637351,-0.09534595294167758
3.1,-0.9112832662168324,-0.8128627147015415,-0.09842055151529094
3.1500000000000004,-1.0722140242706506,-0.9827233407321818,-0.08949068353846878
3.2,-1.150769956260545,-1.0846042408988557,-0.06616571536168925
3.25,-1.1018327157643464,-1.069539211613478,-0.03229350415086829
3.3000000000000003,-0.981486190688485,-0.9906791848180251,0.00919299412954011
3.35,-0.8898473139433597,-0.952703994782287,0.06285668083892726
3.4000000000000004,-0.8506728191939747,-0.9850565267551618,0.134383707561187
3.45,-0.7416698557891447,-0.9576485728307378,0.2159787170415931
3.5,-0.36253902519644293,-0.6443936378252866,0.28185461262884365
3.5500000000000003,0.38732474639510445,0.08329335103111568,0.30403139536398877
3.6,1.3590473827307221,1.083088470168008,0.2759589125627142
3.6500000000000004,2.173261434954704,1.9534724544411068,0.21978898051359708
3.7,2.428202063612711,2.260636078586834,0.16756598502587705
3.75,1.9628481683362609,1.8293651223511116,0.13348304598514926
3.8000000000000003,0.9812359753676037,0.876426059207299,0.10480991616030466
3.85,-0.06294989945446261,-0.12357183381921047,0.06062193436474786
3.9000000000000004,-0.7440294012930891,-0.7425998449772704,-0.0014295563158187585
3.95,-0.9051103078603407,-0.8463263530322142,-0.058783954828126594
4.0,-0.6967863752597728,-0.6115253845981847,-0.0852609906615881
4.05,-0.40890472095978664,-0.33100425220551594,-0.0779004687542707
4.1000000000000005,-0.24459853930476308,-0.18363011882736585,-0.06096842047739723
4.15,-0.21037227106190973,-0.1480778404220726,-0.06229443063983714
4.2,-0.18138361923909252,-0.09548700698658664,-0.08589661225250587
4.25,-0.05383762210868607,0.05488696756038928,-0.10872458966907535
4.3,0.1582790715782938,0.26270971502368284,-0.10443064344538905
4.3500000000000005,0.35243116373393407,0.42205142377847354,-0.06962026004453947
4.4,0.4419676105200051,0.46842451923198747,-0.026456908711982363
4.45,0.42755803076851046,0.42815822144993176,-0.0006001906814213087
4.5,0.3761050370683063,0.37440457669015914,0.0017004603781471395
4.55,0.3435339076101989,0.3489485469560318,-0.005414639345832861
4.6000000000000005,0.32544086859144244,0.33212516991666924,-0.0066843013252267935
4.65,0.27968618123530253,0.28231806703134066,-0.0026318857960381248
4.7,0.1867407807062857,0.19273670338690024,-0.005995922680614552
4.75,0.07859892311852633,0.10194102994057283,-0.0233421068220465
4.800000000000001,0.006604472624442678,0.050549812552408646,-0.04394533992796597
4.8500000000000005,-0.013791616403194342,0.03560675072704586,-0.049398367130240206
4.9,-0.01955346422819086,0.014217414330657926,-0.03377087855884879
4.95,-0.059046176073789265,-0.04724217106429069,-0.011804005009498575
5.0,-0.1369394110858798,-0.13172916959403907,-0.005210241491840711
5.050000000000001,-0.20396900071775786,-0.18302495799632074,-0.02094404272143713
5.1000000000000005,-0.20348922108661335,-0.15908640344817407,-0.044402817638439285
5.15,-0.12704142504110424,-0.07208021354535624,-0.05496121149574801
5.2,-0.021257215203366406,0.026407292191406948,-0.047664507394773355
5.25,0.06140813196701481,0.09984903938962295,-0.03844090742260813
5.300000000000001,0.11734666322277998,0.1648804797767917,-0.04753381655401173
5.3500000000000005,0.19485973997644385,0.27330446493157157,-0.07844472495512772
5.4,0.3408136977608244,0.45466599542672415,-0.11385229766589977
5.45,0.5434814040676196,0.6754910507022257,-0.13200964663460613
5.5,0.7286398699478187,0.8550968654058008,-0.12645699545798206
5.550000000000001,0.813605844655505,0.9234371351121633,-0.10983129045665829
5.6000000000000005,0.7678269750715863,0.8677739878862929,-0.09994701281470664
5.65,0.6245380440392078,0.7283693416033934,-0.10383129756418563
5.7,0.43816753080645865,0.5532428629867878,-0.11507533218032917
5.75,0.23500515385118778,0.35895925941696544,-0.12395410556577766
5.800000000000001,0.007816369844895664,0.13460758228961198,-0.1267912124447163
5.8500000000000005,-0.24242999110134897,-0.11778872086223988,-0.12464127023910909
5.9,-0.4637711577370332,-0.3480287559133166,-0.11574240182371659
5.95,-0.5579659323741551,-0.46413474376719777,-0.09383118860695738
6.0,-0.4365632905959257,-0.38008544265476024,-0.05647784794116545
6.050000000000001,-0.08490568537519566,-0.07107531765840304,-0.013830367716792621
6.1000000000000005,0.4156286860858525,0.40096999316160253,0.014658692924249983
6.15,0.9208905747745431,0.9053668946709402,0.015523680103602833
6.2,1.2853979005469975,1.2909616433811009,-0.005563742834103325
6.25,1.4135195713407305,1.4401045092863805,-0.026584937945649978
6.300000000000001,1.281518985862509,1.307812009063554,-0.026293023201045207
6.3500000000000005,0.9346829868097124,0.9344933621206511,0.00018962468906125185
6.4,0.46909445941541544,0.4281024489894128,0.040992010426002645
6.45,0.0006046424990767342,-0.07950093977751833,0.08010558227659507
6.5,-0.3762167352507286,-0.4847629909846899,0.10854625573396132
6.550000000000001,-0.6234561490662373,-0.7474251717424161,0.12396902267617882
6.6000000000000005,-0.7656133263399064,-0.8891292263624375,0.1235159000225311
6.65,-0.856771909355928,-0.9591184822319749,0.10234657287604698
6.7,-0.9316661763286974,-0.9934451095989125,0.06177893327021511
6.75,-0.980686162060726,-0.9973244992924406,0.016638337231714595
6.800000000000001,-0.9700504543685641,-0.9593173968672704,-0.010733057501293719
6.8500000000000005,-0.8864055758330852,-0.8784411576258434,-0.007964418207241808
6.9,-0.7601875361889472,-0.7756820804658857,0.015494544276938527
6.95,-0.6415112488660315,-0.6782286258998804,0.03671737703384892
7.0,-0.5500818054851185,-0.5921399875863033,0.04205818210118473
7.050000000000001,-0.45000720525758076,-0.49152534888069893,0.041518143623118176
7.1000000000000005,-0.28009476226133484,-0.33826656859653637,0.058171806335201526
7.15,-0.017287215180066352,-0.11884177703384273,0.10155456185377637
7.2,0.2839035464873854,0.13141769890945798,0.15248584757792744
7.25,0.5148031812434181,0.33746544413978685,0.1773377371036312
7.300000000000001,0.5822079422622249,0.42237740493431397,0.15983053732791097
7.3500000000000005,0.4670340799617372,0.34848811736813873,0.11854596259359845
7.4,0.2265612475337901,0.13590288812236098,0.0906583594114291
7.45,-0.05390537411021049,-0.15014579234202466,0.09624041823181417
7.5,-0.31287214183454376,-0.43147083965657695,0.1185986978220332
7.550000000000001,-0.5266323068924884,-0.6481048781032424,0.12147257121075394
7.6000000000000005,-0.6864699145983587,-0.7733386822092215,0.08686876761086282
7.65,-0.7749070427928116,-0.8101436947234623,0.03523665193065062
7.7,-0.7708721502423134,-0.7770674726262485,0.0061953223839351645
7.75,-0.6771840634332148,-0.6949083296824494,0.01772426624923462
7.800000000000001,-0.5367250351053121,-0.5814800083748294,0.04475497326951727
7.8500000000000005,-0.4138588999914984,-0.45418317385738094,0.040324273865882554
7.9,-0.3532172618553342,-0.33381290641486183,-0.019404355440472365
7.95,-0.3516682882677488,-0.24224430657249596,-0.10942398169525286
8.0,-0.3673731594465775,-0.1923271385786935,-0.175046020867884
8.05,-0.3553209239269071,-0.1765372857084252,-0.17878363821848192
8.1,-0.29633670728169426,-0.16469901954773064,-0.13163768773396362
8.15,-0.1969160365798699,-0.11603586165433376,-0.08088017492553613
8.200000000000001,-0.06747953049518228,3.93361173921604e-05,-0.06751886661257445
8.25,0.09432629985683082,0.18767410391014108,-0.09334780405331027
8.3,0.29798036575332654,0.4235138951327884,-0.12553352937946188
8.35,0.5400571712251188,0.67018443484268,-0.13012726361756122
8.4,0.7922063428885114,0.8932943930438543,-0.10108805015534283
8.450000000000001,1.0100139260188412,1.0702600392942818,-0.060246113275440605
8.5,1.1543570087330353,1.188103923960417,-0.03374691522738171
8.55,1.2063626123714308,1.237027024887224,-0.030664412515793105
8.6,1.1663167135896675,1.2083775285308669,-0.0420608149411994
8.65,1.0437344944339728,1.0992189826172156,-0.05548448818324281
8.700000000000001,0.8519570797598996,0.9183440502388822,-0.06638697047898257
8.75,0.6112509881222238,0.6873386446486388,-0.07608765652641503
8.8,0.3518038809043725,0.4351682115995123,-0.08336433069513982
8.85,0.10697185302410059,0.18988630469330814,-0.08291445166920755
8.9,-0.10137348875405466,-0.028195231200266773,-0.07317825755378789
8.950000000000001,-0.2726164435732997,-0.2100596098121318,-0.06255683376116794
9.0,-0.4215781542033752,-0.35801788597878015,-0.06356026822459504
9.05,-0.5600078547951637,-0.4812953513632731,-0.07871250343189057
9.1,-0.680014720224494,-0.5865309799614074,-0.0934837402630867
9.15,-0.7526951808466442,-0.6665879372210808,-0.08610724362556343
9.200000000000001,-0.7426440190392226,-0.695987329135265,-0.04665668990395766
9.25,-0.6273245998531867,-0.6403351809468513,0.013010581093664597
9.3,-0.4090609837406889,-0.47772421034202917,0.06866322660134028
9.35,-0.11540546833370122,-0.2189245447719223,0.10351907643822109
9.4,0.20816705056683496,0.0888241429581451,0.11934290760868986
9.450000000000001,0.5076062373717354,0.3785181224168142,0.12908811495492117
9.5,0.7296106218266978,0.5892506268007368,0.14035999502596097
9.55,0.8317588742689839,0.6841270768837768,0.14763179738520704
9.600000000000001,0.793105787723384,0.6523761934985128,0.1407295942248712
9.65,0.6217113507008226,0.5025552085276707,0.11915614217315196
9.700000000000001,0.35450840805079553,0.25892629433836367,0.09558211371243186
9.75,0.047559829386020984,-0.03620491707226914,0.08376474645829013
9.8,-0.24074423046019364,-0.32410143749576037,0.08335720703556673
9.850000000000001,-0.46736726196520406,-0.5455614304172092,0.07819416845200511
9.9,-0.6157889879605231,-0.6670193558437455,0.05123036788322244
9.950000000000001,-0.6951428779158638,-0.697367261610534,0.002224383694670151
10.0,-0.7271489315125054,-0.6781152160845368,-0.04903371542796853
10.05,-0.7279921073093326,-0.650478479300846,-0.0775136280084866
10.100000000000001,-0.6970384484240228,-0.6244827264879441,-0.07255572193607873
10.15,-0.6211121465270955,-0.5757392226090996,-0.045372923917995855
10.200000000000001,-0.49176080397553895,-0.47245151802592755,-0.0193092859496114
10.25,-0.3214235623211395,-0.30878112392260776,-0.012642438398531741
10.3,-0.14342958059750927,-0.11543572552793117,-0.02799385506957809
10.350000000000001,0.006654435477260352,0.06083778769003026,-0.05418335221276991
10.4,0.11438800254961065,0.18992997423524946,-0.07554197168563881
10.450000000000001,0.1953707495824068,0.2756894870559394,-0.08031873747353258
10.5,0.28230907588284965,0.34666241712878704,-0.06435334124593739
10.55,0.4012252032214676,0.43262377670702273,-0.03139857348555514
10.600000000000001,0.5555405869715017,0.5474524253709357,0.008088161600565913
10.65,0.7269784079970839,0.686682625453427,0.040295782543656955
10.700000000000001,0.8858654905801722,0.8316785750610185,0.05418691551915367
10.75,0.9979944810078611,0.9504000344192494,0.04759444658861178
10.8,1.0257944780281667,0.9975320851780612,0.028262392850105456
10.850000000000001,0.9345335932381779,0.9265214513889973,0.008012141849180532
10.9,0.7120125227359173,0.7174826520907843,-0.005470129354867015
10.950000000000001,0.3919019333858623,0.4040806250528111,-0.012178691666948793
11.0,0.05626057775435569,0.07250254252301198,-0.016241964768656296
11.05,-0.19778341242651717,-0.1777490299850225,-0.020034382441494664
11.100000000000001,-0.31166774866511476,-0.28913345433836535,-0.022534294326749416
11.15,-0.29994104757255596,-0.27704560353436003,-0.022895444038195933
11.200000000000001,-0.23559519227990497,-0.21200915285956007,-0.0235860394203449
11.25,-0.1951315008722972,-0.1673612051405473,-0.027770295731749883
11.3,-0.20713781385949104,-0.17418136102562776,-0.03295645283386328
11.350000000000001,-0.24529017273050796,-0.21639511292631178,-0.028895059804196183
11.4,-0.2669145319585115,-0.26226423426106954,-0.004650297697441963
11.450000000000001,-0.2580792681519875,-0.29813854966793774,0.04005928151595023
11.5,-0.24349662130843602,-0.3337648229852272,0.09026820167679117
11.55,-0.25618486021503983,-0.38008062947590865,0.12389576926086882
11.600000000000001,-0.301356473432854,-0.4279836472896074,0.12662717385675343
11.65,-0.35242084102095517,-0.45320494683440626,0.1007841058134511
11.700000000000001,-0.3819168512509264,-0.4429185681668654,0.06100171691593903
11.75,-0.3930975517711758,-0.4150057325402935,0.021908180769117713
11.8,-0.41701073285224927,-0.4066186127497689,-0.010392120102480362
11.850000000000001,-0.4761478234444417,-0.43948283489963813,-0.036664988544803545
11.9,-0.5515997116219784,-0.4942854196107327,-0.057314292011245715
11.950000000000001,-0.5887833256293674,-0.5200046305156656,-0.06877869511370183
12.0,-0.5385291813289078,-0.4716682169167258,-0.06686096441218203
12.05,-0.3946471982555497,-0.3430764345541755,-0.0515707637013742
12.100000000000001,-0.19268457893418373,-0.1658071204798201,-0.026877458454363623
12.15,0.02608712477793442,0.0221774955841279,0.003909629193806521
12.200000000000001,0.24671023871401382,0.20666945981174936,0.04004077890226446
12.25,0.47545840920124494,0.39694064236589544,0.0785177668353495
12.3,0.7045825785306071,0.5964489127240604,0.10813366580654671
12.350000000000001,0.8869499852854801,0.774883329639237,0.11206665564624307
12.4,0.9522953441914367,0.8715932460132342,0.08070209817820251
12.450000000000001,0.8550601359639824,0.8314722390795302,0.023587896884452286
12.5,0.6110457032694677,0.6443641780682704,-0.03331847479880268
12.55,0.2895949342620632,0.3557802071494496,-0.0661852728873864
12.600000000000001,-0.030060635672713193,0.042007072483445165,-0.07206770815615836
12.65,-0.2977180192985256,-0.22801489381411352,-0.06970312548441207
12.700000000000001,-0.49521342173792054,-0.41493259282380923,-0.08028082891411131
12.75,-0.6116364081466702,-0.5056661927760405,-0.10597021537062967
12.8,-0.6264753120073823,-0.4993570558590612,-0.12711825614832106
12.850000000000001,-0.5241693277564199,-0.4030230216202267,-0.1211463061361932
12.9,-0.32548773035188233,-0.24075916231733513,-0.0847285680345472
12.950000000000001,-0.09837152736025889,-0.060713940259363434,-0.03765758710089546
13.0,0.07170387791737554,0.0770242527632916,-0.005320374845916062
13.05,0.13138713941378657,0.1292670163266111,0.002120123087175463
13.100000000000001,0.08682689886396593,0.0930927014772594,-0.0062658026132934724
13.15,-0.013948443780115002,0.002416389224197388,-0.01636483300431239
13.200000000000001,-0.1246173838159054,-0.10084059387672427,-0.023776789939181128
13.25,-0.22875585792428177,-0.19608267839845608,-0.032673179525825685
13.3,-0.3298216852232651,-0.2878550615947861,-0.04196662362847903
13.350000000000001,-0.4196878362078477,-0.381814966550681,-0.03787286965716674
13.4,-0.4628922012511184,-0.4574366321182905,-0.005455569132827909
13.450000000000001,-0.4155549141895192,-0.46648063038579624,0.05092571619627706
13.5,-0.26110720873561466,-0.3630528557393787,0.10194564700376402
13.55,-0.027465511842376333,-0.1411135575814402,0.11364804573906387
13.600000000000001,0.23102824050981982,0.1534735397816808,0.07755470072813903
13.65,0.468890618219113,0.4480058798086659,0.02088473841044708
13.700000000000001,0.6686550668159006,0.6844740079065932,-0.015818941090692595
13.75,0.8288814314387379,0.8431030375369001,-0.014221606098162143
13.8,0.937993290378709,0.93084213365584,0.007151156722869034
13.850000000000001,0.9641050397170687,0.9502851466586301,0.01381989305843867
13.9,0.8734608103637442,0.8821016756511184,-0.008640865287374178
13.950000000000001,0.6609856407127975,0.7004261753493349,-0.039440534636537405
14.0,0.3648111905022445,0.40842592731589034,-0.04361473681364586
14.05,0.05212602722567156,0.06030363981111571,-0.008177612585444145
14.100000000000001,-0.21106344431696328,-0.25419434457370044,0.04313090025673716
14.15,-0.3832443621913912,-0.45476814299995244,0.07152378080856125
14.200000000000001,-0.4520714378542334,-0.511661977903193,0.059590540048959584
14.25,-0.42675157477044734,-0.45290611594393965,0.026154541173492307
14.3,-0.3306549911521226,-0.33603997891497395,0.005384987762851345
14.350000000000001,-0.19814227900224873,-0.2101759169710073,0.01203363796875856
14.4,-0.06968463227870846,-0.09760737913587664,0.027922746857168182
14.450000000000001,0.019519975622202354,-0.0028631788241694966,0.02238315444637185
14.5,0.052514857279519954,0.06762721000205643,-0.015112352722536478
14.55,0.03496837800340737,0.09811396099608943,-0.06314558299268205
14.600000000000001,-0.01260578298604507,0.07541965606551804,-0.08802543905156311
14.65,-0.06716192516848579,0.00657677371849481,-0.0737386988869806
14.700000000000001,-0.10963162201033676,-0.07718903073926864,-0.03244259127106812
14.75,-0.12427044159890535,-0.13643918357248488,0.012168741973579533
14.8,-0.0991595596636917,-0.14737472100622837,0.04821516134253667
14.850000000000001,-0.034139259843768775,-0.11483576594419555,0.08069650610042678
14.9,0.04987973366706975,-0.06557553189034555,0.11545526555741531
14.950000000000001,0.11397141150914952,-0.028974271488973576,0.1429456829981231
15.0,0.12173955658130853,-0.020478938622554375,0.1422184952038629
15.05,0.06395996399119885,-0.0381880193223098,0.10214798331350866
15.100000000000001,-0.03472548316160256,-0.07162353007228785,0.03689804691068529
15.15,-0.13574233030426955,-0.11376905963008865,-0.021973270674180895
15.200000000000001,-0.21690983200842068,-0.16730474535936102,-0.04960508664905966
15.25,-0.28514020216325336,-0.24108629602405865,-0.044053906139194715
15.3,-0.35876253023444804,-0.33887134460416507,-0.01989118563028297
15.350000000000001,-0.43626449589966815,-0.4469579383023268,0.010693442402658626
15.4,-0.4833996572047038,-0.5299268406874812,0.0465271834827774
15.450000000000001,-0.4550507670295073,-0.5418390326759158,0.08678826564640851
15.5,-0.33532448146372046,-0.4517698102015016,0.11644532873778113
15.55,-0.16026415935853885,-0.2702342772145064,0.10997011785596753
15.600000000000001,-0.0011633670853818663,-0.05636189428595261,0.055198527200570745
15.65,0.07940291851114017,0.1060934268133515,-0.026690508302211327
15.700000000000001,0.06365374252512111,0.1542927145920901,-0.09063897206696898
15.75,-0.01970920081041707,0.0843697959702302,-0.10407899678064728
15.8,-0.12383788122459391,-0.04631630529908524,-0.07752157592550868
15.850000000000001,-0.21412418228733285,-0.15672824132948318,-0.05739594095784967
15.9,-0.2766518943896848,-0.19298973075840858,-0.08366216363127621
15.950000000000001,-0.3051482125894154,-0.1548417474202833,-0.15030646516913207
16.0,-0.2862984424635232,-0.07924102114037129,-0.2070574213231519
16.05,-0.20024337762174343,0.0026582610503106427,-0.20290163867205407
16.1,-0.0341090295410712,0.09775628856355843,-0.13186531810462965
16.150000000000002,0.20702455516586438,0.24546649587199132,-0.03844194070612694
16.2,0.5021081372782761,0.47989718726855746,0.022210950009718622
16.25,0.8235374796097179,0.7917779435271299,0.03175953608258797
16.3,1.1406823313176517,1.1207106747123177,0.019971656605334065
16.35,1.4133029757342561,1.3821862532723002,0.03111672246195596
16.400000000000002,1.5859993553476743,1.5069581266113425,0.07904122873633179
16.45,1.598421554631024,1.464972136003412,0.13344941862761206
16.5,1.412042756333106,1.2633849470418415,0.1486578092912645
16.55,1.0361109833021283,0.9300054150795419,0.10610556822258632
16.6,0.5317195867922977,0.5006118065183811,0.031107780273916585
16.650000000000002,-0.01132164023566043,0.01803892199140009,-0.02936056222706052
16.7,-0.509129411683604,-0.4640624370036729,-0.04506697467993115
16.75,-0.9071103203326378,-0.8845440636315162,-0.022566256701121667
16.8,-1.1814775321809656,-1.1886930803432665,0.0072155481623008555
16.85,-1.3271133858619224,-1.345088688503288,0.017975302641365598
16.900000000000002,-1.347718038813996,-1.354301946520803,0.006583907706807057
16.95,-1.2557905246544239,-1.2444866146046831,-0.01130391004974074
17.0,-1.076381835453972,-1.0575711884473933,-0.01881064700657875
17.05,-0.844266085495598,-0.8337703432981933,-0.010495742197404678
17.1,-0.5924612841418908,-0.600532818619097,0.00807153447720621
17.150000000000002,-0.34075321633347755,-0.3686398134842636,0.027886597150786063
17.2,-0.0941777346958605,-0.1358121207641398,0.041634386068279294
17.25,0.14777923341652086,0.10374372396239556,0.04403550945412529
17.3,0.38014064328555924,0.3481168638755613,0.032023779409997954
17.35,0.5886322543653415,0.5809478050639503,0.007684449301391227
17.400000000000002,0.7536735776151625,0.7733309733401408,-0.019657395724978266
17.45,0.8554091145790552,0.8928197344715617,-0.03741061989250649
17.5,0.8747893427288104,0.9133166234325903,-0.038527280703779976
17.55,0.7937772647740726,0.8208179882405212,-0.02704072346644859
17.6,0.6018459198093021,0.6158390616110372,-0.013993141801735054
17.650000000000002,0.3098153390282224,0.31690440091106453,-0.00708906188284214
17.7,-0.03892627692840945,-0.034410853839529326,-0.004515423088880123
17.75,-0.37355638024036175,-0.3741454287097716,0.0005890484694098252
17.8,-0.621208505709327,-0.6311879648454719,0.009979459136144953
17.85,-0.7398905742305167,-0.7559220624178987,0.01603148818738198
17.900000000000002,-0.7374330553404622,-0.7464481582158741,0.009015102875411851
17.95,-0.6630074599068331,-0.6519900168812768,-0.011017443025556295
18.0,-0.5770645402803092,-0.546549184268417,-0.030515356011892147
18.05,-0.5205134057445802,-0.4884209083080128,-0.032092497436567335
18.1,-0.50252936341394,-0.4932763386758096,-0.009253024738130333
18.150000000000002,-0.5103946950067818,-0.5380475744597404,0.02765287945295858
18.2,-0.5280217819902603,-0.5878347351722438,0.05981295318198354
18.25,-0.5458361744555035,-0.6204577719762677,0.07462159752076425
18.3,-0.5555391289208782,-0.6288149632314027,0.07327583431052453
18.35,-0.5385358573879347,-0.6042730140441014,0.06573715665616664
18.400000000000002,-0.46319524350252944,-0.5229933133264526,0.05979806982392316
18.45,-0.2985391839769585,-0.35388545021668066,0.055346266239722164
18.5,-0.03720068296563956,-0.08514821724645782,0.047947534280818264
18.55,0.2891133681328329,0.25316651924813144,0.035946848884701454
18.6,0.6150641817873082,0.5922118520790491,0.02285232970825901
18.650000000000002,0.8676321378269767,0.8543530001676234,0.01327913765935329
18.7,0.9981819795130381,0.9901269215262316,0.008055057986806502
18.75,1.0019808432802901,0.9978152984849658,0.004165544795324383
18.8,0.9145030001194576,0.9156783456695241,-0.0011753455500664867
18.85,0.7881345938282105,0.7960403154896383,-0.007905721661427778
18.900000000000002,0.6638784450418674,0.6790933377463894,-0.01521489270452192
18.95,0.5539298934205463,0.5791497250528278,-0.025219831632281475
19.0,0.4430198424834893,0.4855356263474074,-0.04251578386391808
19.05,0.3052135342901992,0.37380108977967785,-0.06858755548947865
19.1,0.1252608629360224,0.2220574350437429,-0.0967965721077205
19.150000000000002,-0.08701890797711938,0.027437079416358832,-0.1144559873934782
19.200000000000003,-0.2957289450629962,-0.18394638060825255,-0.11178256445474363
19.25,-0.45070967579893406,-0.36058062379699823,-0.09012905200193583
19.3,-0.5063114563361167,-0.4445194547311184,-0.061792001604998315
19.35,-0.43916711274707315,-0.39792887234964286,-0.04123824039743029
19.400000000000002,-0.2580299434735781,-0.2228055530053907,-0.0352243904681874
19.450000000000003,-0.0020836959336914167,0.03751626717309933,-0.03959996310679075
19.5,0.27130383356945853,0.31528744837012,-0.043983614800661486
19.55,0.5042011277019071,0.5433252428967031,-0.03912411519479608
19.6,0.6539610293489694,0.6753838553184988,-0.02142282596952938
19.650000000000002,0.70159138123605,0.6950694300874799,0.0065219511485701265
19.700000000000003,0.6510715751305565,0.6138188595020713,0.0372527156284852
19.75,0.5223711644424264,0.46183590471172026,0.060535259730706115
19.8,0.34288603567831666,0.2756642384677254,0.06722179721059124
19.85,0.140852470922658,0.08598800607905449,0.05486446484360352
19.900000000000002,-0.058431925243177064,-0.08967963456913773,0.031247709325960667
19.950000000000003,-0.23470535216405405,-0.245666260380588,0.010960908216533949
20.0,-0.3742805737469746,-0.37963557702981565,0.005355003282841053
20.05,-0.470907661005497,-0.48452516793524264,0.013617506929745615
20.1,-0.5249597296230675,-0.5487704881079895,0.02381075848492198
20.150000000000002,-0.5403551646853906,-0.5647057804903041,0.02435061580491349
20.200000000000003,-0.5200159155706109,-0.5357577534048855,0.01574183783427463
20.25,-0.462004183245788,-0.47271039617813854,0.010706212932350523
20.3,-0.35891212019812807,-0.38030385109280374,0.021391730894675665
20.35,-0.20217372289669944,-0.24772301804918764,0.045549295152488206
20.400000000000002,0.00930725898115621,-0.056514779534549135,0.06582203851570534
20.450000000000003,0.25985529065589463,0.19563379025387614,0.06422150040201849
20.5,0.512850826948362,0.47405976378331105,0.03879106316505099
20.55,0.7166095052266839,0.710028930118086,0.006580575108597886
20.6,0.820394070157733,0.8305800396552302,-0.010185969497497172
20.650000000000002,0.793950327391851,0.7958224409710102,-0.0018721135791591736
20.700000000000003,0.6400633114758627,0.6169886623719555,0.02307464910390722
20.75,0.392373130306502,0.3437936733844699,0.04857945692203208
20.8,0.0993556726261448,0.03375148726532778,0.06560418536081702
20.85,-0.1957891428169968,-0.27228160412295777,0.07649246130596096
20.900000000000002,-0.46729039536740646,-0.5537853706493883,0.0864949752819818
20.950000000000003,-0.7052134619644193,-0.7988140334156687,0.09360057145124945
21.0,-0.9044463530134533,-0.9931085890754211,0.08866223606196777
21.05,-1.0547150385731532,-1.1203054903995755,0.06559045182642231
21.1,-1.1397496866941275,-1.1695774081262607,0.029827721432133192
21.150000000000002,-1.1454439584150689,-1.1405834388388507,-0.004860519576218136
21.200000000000003,-1.069665117842127,-1.0414901842833435,-0.028174933558783533
21.25,-0.9257694487729213,-0.88493798173656,-0.04083146703636131
21.3,-0.7375021863546366,-0.6878145315640855,-0.04968765479055115
21.35,-0.5296421618994896,-0.4732666773131951,-0.056375484586294544
21.400000000000002,-0.32127782064012855,-0.26802642000923493,-0.05325140063089362
21.450000000000003,-0.12570690643284457,-0.09293628710487865,-0.03277061932796592
21.5,0.04453505217089522,0.04536860016825387,-0.000833547997358651
21.55,0.17300249248026597,0.15131685802968053,0.02168563445058544
21.6,0.2404737071375857,0.2263792589243771,0.014094448213208599
21.650000000000002,0.2333110708596349,0.2585154287801885,-0.025204357920553616
21.700000000000003,0.15465816231975238,0.22960503666268398,-0.0749468743429316
21.75,0.030103473073478985,0.13814016493743542,-0.10803669186395642
21.8,-0.0991452294169396,0.01566106975043439,-0.11480629916737399
21.85,-0.19479499704112072,-0.08389897895019593,-0.11089601809092478
21.900000000000002,-0.2409291523072386,-0.11910137596123292,-0.12182777634600568
21.950000000000003,-0.24931662925045314,-0.09136538744551427,-0.15795124180493886
22.0,-0.24293649588614377,-0.04060717518206436,-0.2023293207040794
22.05,-0.22663147560343563,-0.004439052592123058,-0.2221924230113126
22.1,-0.1673803350511459,0.026293271469189517,-0.19367360652033544
22.150000000000002,-0.004293487018235478,0.11484286096752087,-0.11913634798575636
22.200000000000003,0.3117506850206469,0.3364630834046573,-0.024712398384010403
22.25,0.7731416624726478,0.7161292151350338,0.057012447337614014
22.3,1.2979278267385077,1.1936582306535233,0.10426959608498443
22.35,1.755692726904978,1.6429938450248631,0.1126988818801149
22.400000000000002,2.022846693224839,1.9311313802929124,0.09171531293192636
22.450000000000003,2.033016333554448,1.9756703058360172,0.05734602771843078
22.5,1.7939561788599807,1.7679429894595196,0.026013189400461156
22.55,1.3684446877050025,1.3592443736333766,0.009200314071625915
22.6,0.840555014963522,0.8317724167372355,0.008782598226286575
22.650000000000002,0.2915435135727528,0.275500595242883,0.016042918329869815
22.700000000000003,-0.20746502478237452,-0.22503663507044613,0.01757161028807161
22.75,-0.5969642789844986,-0.6026130746278359,0.005648795643337312
22.8,-0.8373952633549572,-0.8222878650340335,-0.01510739832092367
22.85,-0.9228624648218274,-0.8914854971793983,-0.03137696764242914
22.900000000000002,-0.8858775102460887,-0.8534892397327891,-0.03238827051329962
22.950000000000003,-0.7823480269003655,-0.7639585340624999,-0.018389492837865618
23.0,-0.6635177488428657,-0.6650864914709824,0.0015687426281166816
23.05,-0.5550616557507524,-0.5746394767980451,0.019577821047292665
23.1,-0.4583562753206014,-0.493983086994859,0.035626811674257575
23.150000000000002,-0.36915176571700214,-0.42316925958848056,0.05401749387147842
23.200000000000003,-0.29369768792836776,-0.367722949979337,0.07402526205096926
23.25,-0.24682713743383408,-0.33311236665758065,0.08628522922374657
23.3,-0.23595270441199265,-0.3163678033430265,0.08041509893103385
23.35,-0.24959625567875146,-0.30619912534885363,0.05660286967010217
23.400000000000002,-0.26411191207457285,-0.29247916318743034,0.028367251112857483
23.450000000000003,-0.2629387054031452,-0.2751367282379624,0.012198022834817246
23.5,-0.24907850902224246,-0.2628319494367386,0.013753440414496138
23.55,-0.23778469209565664,-0.26235225730787826,0.024567565212221615
23.6,-0.23640785778630977,-0.26894757261819,0.032539714831880256
23.650000000000002,-0.2315519300184127,-0.26639291438555796,0.03484098436714525
23.700000000000003,-0.19654655631636836,-0.23572957209129308,0.03918301577492472
23.75,-0.11201394614919423,-0.16412690583383382,0.052112959684639595
23.8,0.02030463975877295,-0.047407568755709666,0.06771220851448262
23.85,0.18253525478972896,0.11204398363557855,0.07049127115415041
23.900000000000002,0.3567867880613299,0.3057061202975326,0.05108066776379733
23.950000000000003,0.5337792884306015,0.5153344606138446,0.018444827816756937
24.0,0.7047878208326783,0.710425976507315,-0.005638155674636658
24.05,0.8474930702990677,0.8536282108310399,-0.006135140531972172
24.1,0.9251665358752688,0.9143722250557043,0.010794310819564501
24.150000000000002,0.906138837372077,0.8824393511812171,0.02369948619085993
24.200000000000003,0.7886524143550752,0.7716045416693236,0.017047872685751586
24.25,0.6075637542782472,0.6109054163367923,-0.003341662058545136
24.3,0.41401712783962125,0.4305209575376213,-0.016503829698000072
24.35,0.24382902248288502,0.25208903043219333,-0.008260007949308312
24.400000000000002,0.10095612267824794,0.08775800987237356,0.013198112805874379
24.450000000000003,-0.03159692888045558,-0.05553097694521675,0.023934048064761168
24.5,-0.16627549754717696,-0.17284703411399369,0.006571536566816721
24.55,-0.29578498190121133,-0.2619391372068129,-0.03384584469439844
24.6,-0.4009631663198473,-0.3254759848050997,-0.07548718151474759
24.650000000000002,-0.4709859549795457,-0.3711198783652489,-0.0998660766142968
24.700000000000003,-0.5139314240375962,-0.4083748740602079,-0.10555654997738828
24.75,-0.547235717645411,-0.44434309971253516,-0.10289261793287585
24.8,-0.5791794523989512,-0.48114088586513204,-0.09803856653381915
24.85,-0.6017811040920835,-0.5161007262951003,-0.08568037779698323
24.900000000000002,-0.6030653771948047,-0.5442713696126106,-0.05879400758219411
24.950000000000003,-0.5857294582003147,-0.5621239455219352,-0.023605512678379514
25.0,-0.5715589901408384,-0.5708916736678241,-0.0006673164730143233
25.05,-0.5846882694293895,-0.5771402391275254,-0.007548030301864017
25.1,-0.6281803586721356,-0.5884707534343363,-0.03970960523779932
25.150000000000002,-0.6758229619513662,-0.6052831370196963,-0.07053982493166988
25.200000000000003,-0.686986006963208,-0.6138322942365475,-0.07315371272666049
25.25,-0.6309347694610757,-0.5870671909339392,-0.04386757852713652
25.3,-0.49942976038197284,-0.4951785323782738,-0.004251228003699037
25.35,-0.29980950537189593,-0.32024815796908435,0.02043865259718841
25.400000000000002,-0.040943414668613155,-0.06572256407306067,0.02477914940444751
25.450000000000003,0.26930490921766537,0.2443514161212394,0.02495349309642597
25.5,0.6105110931826221,0.572983281143072,0.037527812039550135
25.55,0.9353011107469775,0.8772362896746781,0.05806482107229938
25.6,1.1743522677927904,1.1113589969233084,0.06299327086948203
25.650000000000002,1.2648029429334124,1.230738453271194,0.03406448966221842
25.700000000000003,1.1836159198919296,1.2030970421338116,-0.019481122241882032
25.75,0.960270619525367,1.0251827275920906,-0.06491210806672365
25.8,0.6587501484998763,0.7327579081574949,-0.07400775965761852
25.85,0.3433142171823386,0.391278214002459,-0.04796399682012037
25.900000000000002,0.054080143399446105,0.06812095586451315,-0.014040812465067047
25.950000000000003,-0.19259485185648031,-0.19601472015126087,0.0034198682947805537
26.0,-0.38647611071217625,-0.3952190133681783,0.008742902656002027
26.05,-0.5095873030558424,-0.5401029268340224,0.030515623778179957
26.1,-0.5406106070201695,-0.6299040801496781,0.08929347312950864
26.150000000000002,-0.4731858682714357,-0.6412480711426298,0.1680622028711941
26.200000000000003,-0.3304267350302493,-0.5462441166854924,0.21581738165524317
26.25,-0.16138097131166812,-0.3464672501451409,0.18508627883347278
26.3,-0.02066694549648649,-0.09336063254690548,0.07269368705041898
26.35,0.054386954124845205,0.12575948044941657,-0.07137252632457136
26.400000000000002,0.05457246956460857,0.23025622232563334,-0.17568375276102477
26.450000000000003,-0.006165695065143427,0.18881306688310218,-0.1949787619482456
26.5,-0.10411138830825362,0.033293049983512985,-0.1374044382917666
26.55,-0.21723999265443308,-0.16390332900017218,-0.0533366636542609
26.6,-0.32950596410343624,-0.33158965461743656,0.0020836905140003137
26.650000000000002,-0.42925984854719795,-0.43292344987417825,0.0036636013269802925
26.700000000000003,-0.5057004147469241,-0.4717923641760661,-0.03390805057085794
26.75,-0.546013827709008,-0.473912665139852,-0.072101162569156
26.8,-0.5342983796586181,-0.4589641503578338,-0.07533422930078437
26.85,-0.4534906027488206,-0.4223540782525127,-0.031136524496307882
26.900000000000002,-0.29168399306457266,-0.33691416970439564,0.04523017663982298
26.950000000000003,-0.05204758491766145,-0.1729554677450258,0.12090788282736434
27.0,0.23843488084712028,0.07453172262441847,0.1639031582227018
27.05,0.5282747790920929,0.36716413631388034,0.16111064277821252
27.1,0.7528138224855728,0.6261707998016526,0.12664302268392025
27.150000000000002,0.854767836914359,0.7606387136951533,0.09412912321920563
27.200000000000003,0.8052016782444409,0.7103294583881878,0.09487221985625305
27.25,0.6153038300510322,0.48111098846120504,0.13419284158982714
27.3,0.33385930910288625,0.15113757303028122,0.18272173607260503
27.35,0.03184635330061845,-0.15985254617140732,0.19169889947202576
27.400000000000002,-0.21961110327213137,-0.34438112692638756,0.12477002365425618
27.450000000000003,-0.3700153138095207,-0.35540999006387347,-0.014605323745647214
27.5,-0.40192923548778436,-0.22197499204602866,-0.1799542434417557
27.55,-0.3308404770148685,-0.024207908952000833,-0.3066325680628677
27.6,-0.19301973590847518,0.15602806633413657,-0.3490478022426118
27.650000000000002,-0.02769193074772029,0.27826492645782525,-0.30595685720554555
27.700000000000003,0.1366983817820487,0.3545134301301154,-0.21781504834806667
27.75,0.28476906241495104,0.4237814471739276,-0.13901238475897654
27.8,0.4058918840841165,0.5098661470170535,-0.10397426293293693
27.85,0.48460085634432626,0.5936722715920413,-0.10907141524771502
27.900000000000002,0.5003200910423927,0.6212921525894157,-0.120972061547023
27.950000000000003,0.4388513104109281,0.5432130727292002,-0.10436176231827204
28.0,0.3066615179050972,0.35587664847626804,-0.04921513057117083
28.05,0.13466680566554468,0.11283960993247467,0.02182719573307
28.1,-0.034110631605093644,-0.10580024568770974,0.0716896140826161
28.150000000000002,-0.16488342962011518,-0.24458681089075843,0.07970338127064325
28.200000000000003,-0.24391886938139146,-0.30515134343791495,0.06123247405652349
28.25,-0.2747833316781953,-0.33328109604441974,0.05849776436622445
28.3,-0.26401731645508775,-0.37014716033847084,0.10612984388338309
28.35,-0.21188949772112883,-0.40841113658575945,0.19652163886463062
28.400000000000002,-0.11838336416899686,-0.39280558672698657,0.2744222225579897
28.450000000000003,0.0015389616970866193,-0.26926552895600925,0.27080449065309586
28.5,0.11066324348959161,-0.04443389687707568,0.1550971403666673
28.55,0.16218699693061767,0.19568323507061997,-0.0334962381400023
28.6,0.12610507828880946,0.32952921357254306,-0.2034241352837336
28.650000000000002,0.00893552441926225,0.2780139590451408,-0.26907843462587855
28.700000000000003,-0.14961936401263046,0.05921367803417025,-0.2088330420468007
28.75,-0.3000689038073427,-0.22138680589532694,-0.07868209791201575
28.8,-0.40664005453114516,-0.43696143315169095,0.03032137862054579
28.85,-0.4527560835825794,-0.5116239163487987,0.058867832766219264
28.900000000000002,-0.4293701077811328,-0.44796637995841054,0.018596272177277717
28.950000000000003,-0.32459857020999827,-0.2980406716986872,-0.026557898511311073
29.0,-0.13125489867539464,-0.11099302218067157,-0.020261876494723066
29.05,0.13148076981486595,0.09580009979417232,0.035680670020693625
29.1,0.40494497208177166,0.3219248836757306,0.08302008840604108
29.150000000000002,0.6065178957406747,0.5467688112373502,0.0597490845033245
29.200000000000003,0.6698165311735899,0.7111154781733612,-0.041298946999771324
29.25,0.5816327401303175,0.740745757289067,-0.15911301715874948
29.3,0.3870878367658278,0.5967856656727908,-0.20969782890696298
29.35,0.15941837499790903,0.31223867290203217,-0.15282029790412313
29.400000000000002,-0.04064018940516874,-0.01662546903648733,-0.024014720368681408
29.450000000000003,-0.18466054859517833,-0.28002569350173556,0.09536514490655723
29.5,-0.2656782629457942,-0.4099099595918289,0.1442316966460347
29.55,-0.27532959253563777,-0.40256291945025957,0.1272333269146218
29.6,-0.19642976618943386,-0.2978559113572452,0.10142614516781134
29.650000000000002,-0.020151961448335923,-0.13817163794676723,0.11801967649843131
29.700000000000003,0.2297851308919884,0.05723964557881535,0.17254548531317304
29.75,0.4924059337512218,0.2839796365399073,0.2084262972113145
29.8,0.6933803755555996,0.5231564054715742,0.17022397008402546
29.85,0.7803219881067746,0.722483997462986,0.057837990643788584
29.900000000000002,0.7423286334878444,0.8099662964924809,-0.06763766300463647
29.950000000000003,0.601808869232066,0.7334468619255287,-0.13163799269346266
30.0,0.3911812267825629,0.4958148676182942,-0.10463364083573129
30.05,0.13715375366058186,0.15761162269152454,-0.020457869030942682
30.1,-0.13712949419472897,-0.19551815075546827,0.0583886565607393
30.150000000000002,-0.4021819466649445,-0.49561180776852215,0.09342986110357765
30.200000000000003,-0.621686174772691,-0.7145063115091733,0.09282013673648237
30.25,-0.7662542165917487,-0.8542091607129798,0.08795494412123106
30.3,-0.828966081930761,-0.9217951733305091,0.09282909139974804
30.35,-0.8269030260999111,-0.9155621610461312,0.08865913494622013
30.400000000000002,-0.786836736841698,-0.834312017999124,0.04747528115742605
30.450000000000003,-0.729025915131027,-0.696538802100354,-0.032487113030672976
30.5,-0.6635702368511701,-0.545383023855118,-0.11818721299605206
30.55,-0.5987182602808665,-0.42899218558984714,-0.16972607469101936
30.6,-0.5468167418325856,-0.3709475306336998,-0.17586921119888577
30.650000000000002,-0.5168421699525807,-0.35701497748282746,-0.15982719246975324
30.700000000000003,-0.49961916578079296,-0.3506947501924246,-0.1489244155883684
30.75,-0.46382333796075415,-0.3236013470493098,-0.14022199091144433
30.8,-0.37303003498847404,-0.2730756094559033,-0.09995442553257072
30.85,-0.21282153467036624,-0.2121455834341126,-0.0006759512362536357
30.900000000000002,-0.004294945322755166,-0.14411855633337778,0.1398236110106226
30.950000000000003,0.20907179780224736,-0.049543715914246715,0.25861551371649405
31.0,0.3894003931873883,0.09816418317366872,0.2912362100137196
31.05,0.5212371929793552,0.2999713023406147,0.22126589063874053
31.1,0.602973477466197,0.510890998361536,0.09208247910466105
31.150000000000002,0.6253733813412776,0.6530186590903007,-0.027645277749023034
31.200000000000003,0.5642247484249417,0.6557429520053225,-0.09151820358038076
31.25,0.4003735984066811,0.4956743124812037,-0.09530071407452262
31.3,0.15093172541096178,0.21079178380707206,-0.05986005839611028
31.35,-0.12011730186952242,-0.11620233760514957,-0.00391496426437285
31.400000000000002,-0.3282143559963918,-0.3909889109252587,0.06277455492886691
31.450000000000003,-0.41459548957077746,-0.539115305244326,0.12451981567354858
31.5,-0.37671566258172434,-0.5266557715058772,0.14994010892415283
31.55,-0.26024027741399125,-0.369021583682551,0.10878130626855975
31.6,-0.12358972178876354,-0.1270709463520722,0.0034812245633086547
31.650000000000002,-0.007496667407736975,0.1123149556146758,-0.11981162302241277
31.700000000000003,0.0680863104030311,0.26872476343757895,-0.20063845303454786
31.75,0.08735845402608021,0.29973037477348563,-0.2123719207474054
31.8,0.029030535121585863,0.21221958966519727,-0.1831890545436114
31.85,-0.12005267753775302,0.04582750921332357,-0.16588018675107657
31.900000000000002,-0.33983273616933674,-0.15752318449085595,-0.18230955167848079
31.950000000000003,-0.5683383696940176,-0.37179763917470543,-0.1965407305193122
32.0,-0.724173125508576,-0.5778410094264786,-0.1463321160820974
32.050000000000004,-0.7457964458776706,-0.7389536793668283,-0.0068427665108422575
32.1,-0.617264416408391,-0.7902431910376724,0.17297877462928135
32.15,-0.3632952817118943,-0.6611909653920961,0.2978956836802018
32.2,-0.025171262984844123,-0.32109193296295135,0.29592066997810723
32.25,0.35595799807540013,0.18607722844412777,0.16988076963127235
32.300000000000004,0.7349752212788754,0.7459642341695712,-0.01098901289069587
32.35,1.051255632136754,1.2173561799390165,-0.16610054780226235
32.4,1.23459682111883,1.4877974540675618,-0.25320063294873174
32.45,1.2366185925581707,1.5103926525683018,-0.27377406001013105
32.5,1.0665244424685945,1.3094641789694643,-0.24293973650086986
32.550000000000004,0.7986515171831119,0.96370374853024,-0.1650522313471281
32.6,0.5389001295281562,0.5812454497087407,-0.042345320180584456
32.65,0.3710828902528376,0.27294057738320565,0.09814231286963193
32.7,0.32121251550937036,0.12321174167369246,0.19800077383567788
32.75,0.3621226601669585,0.1623387018797547,0.1997839582872038
32.800000000000004,0.4472892254513678,0.3534180931849168,0.093871132266451
32.85,0.5418120116367986,0.6067156538272139,-0.06490364219041533
32.9,0.6275815516231491,0.8186836015094896,-0.1911020498863405
32.95,0.6875632935494083,0.9147983442317503,-0.22723505068234207
33.0,0.6934585375456503,0.8720996375216062,-0.1786410999759559
33.050000000000004,0.6146544729070587,0.7130355581847111,-0.09838108527765244
33.1,0.4426527390734669,0.4827502223484461,-0.040097483274979195
33.15,0.20795636703900497,0.22903415087239018,-0.02107778383338521
33.2,-0.02835080765473019,-0.006182126000329549,-0.02216868165440064
33.25,-0.204468740766384,-0.1893795167783821,-0.015089223988001887
33.300000000000004,-0.2878469789548297,-0.30078686755828277,0.012939888603453076
33.35,-0.28543662121407154,-0.34192403861728404,0.0564874174032125
33.4,-0.2314358085138309,-0.33614474150002344,0.10470893298619255
33.45,-0.1658696577195536,-0.31668991923303424,0.15082026151348066
33.5,-0.11965691980883497,-0.30935258142847044,0.18969566161963547
33.550000000000004,-0.11156534967522112,-0.32363759802340253,0.2120722483481814
33.6,-0.15134996653406474,-0.3584254353081316,0.20707546877406685
33.65,-0.24111848862008486,-0.4133973849101161,0.1722788962900312
33.7,-0.3730565116195228,-0.4921756796628618,0.119119168043339
33.75,-0.5280216402210781,-0.593711215302157,0.06568957508107887
33.800000000000004,-0.6796476612460634,-0.7033897924822871,0.023742131236223707
33.85,-0.8032531355329232,-0.7972714920316013,-0.005981643501321909
33.9,-0.883951769263223,-0.8583169562051494,-0.02563481305807369
33.95,-0.9185859083246437,-0.8879569836871962,-0.030628924637447486
34.0,-0.9109084666708703,-0.8983670379647213,-0.01254142870614905
34.050000000000004,-0.8644780978032043,-0.8906947113224309,0.02621661351922666
34.1,-0.7790535004450078,-0.8421127298984387,0.0630592294534309
34.15,-0.6531533945685646,-0.7195683938285509,0.06641499925998628
34.2,-0.4903021844695266,-0.5124101205508043,0.022107936081277646
34.25,-0.30299530552316084,-0.2542625281710222,-0.048732777352138656
34.300000000000004,-0.10942282253153185,-0.009897017800067125,-0.09952580473146472
34.35,0.07639361503668539,0.166949866061236,-0.0905562510245506
34.4,0.2536844289926765,0.27124623395515957,-0.017561804962483052
34.45,0.43379062847327005,0.3476673460451275,0.08612328242814254
34.5,0.6255487316779829,0.4528113327182173,0.1727373989597656
34.550000000000004,0.8155686242369617,0.608224536546064,0.20734408769089774
34.6,0.9596681791263977,0.7796323248793188,0.1800358542470789
34.65,0.9972875297668564,0.8949095592031227,0.10237797056373377
34.7,0.884462796061742,0.8842650675478293,0.0001977285139127538
34.75,0.6246166352622574,0.7151817799253831,-0.09056514466312571
34.800000000000004,0.2743974993461496,0.405815007108444,-0.13141750776229438
34.85,-0.08188713640560764,0.01788738532863141,-0.09977452173423905
34.9,-0.3727578414621541,-0.36248447358715813,-0.010273367874995998
34.95,-0.5676599518226753,-0.6504372768911436,0.08277732506846835
35.0,-0.676080483605219,-0.7906036543947733,0.11452317078955432
35.050000000000004,-0.7243684193471256,-0.7787075785939659,0.054339159246840296
35.1,-0.7327531080181549,-0.6628347011347985,-0.06991840688335638
35.15,-0.7103031011906916,-0.5187122437949238,-0.19159085739576787
35.2,-0.6659762421798258,-0.4119833300416759,-0.25399291213814984
35.25,-0.6184720604735456,-0.37258115907673706,-0.24589090139680858
35.300000000000004,-0.5905513333343404,-0.3969597848615568,-0.1935915484727836
35.35,-0.5910017709018008,-0.46897807175224765,-0.12202369914955319
35.4,-0.6017371390916764,-0.5737009724059029,-0.028036166685773467
35.45,-0.5844038995751584,-0.6885471163615972,0.10414321678643879
35.5,-0.5033970682502573,-0.7646159930542172,0.2612189248039599
35.550000000000004,-0.3473640621061893,-0.728294174243363,0.38093011213717365
35.6,-0.13319683286885284,-0.5183319924846128,0.38513515961575995
35.65,0.1072763341829057,-0.13733810298552843,0.24461443716843412
35.7,0.3432985701155116,0.32602742285199177,0.01727114726351986
35.75,0.5502863448559634,0.7315690624608555,-0.18128271760489212
35.800000000000004,0.7045868887885062,0.9615703833768664,-0.25698349458836023
35.85,0.7805463606673367,0.9830484258966681,-0.20250206522933134
35.9,0.7599150624988973,0.8546314798863309,-0.09471641738743364
35.95,0.6489193330861328,0.6776945837493934,-0.028775250663260588
36.0,0.4867497961176165,0.5326134358615868,-0.04586363974397034
36.050000000000004,0.3332180132102985,0.4459933756488704,-0.11277536243857195
36.1,0.24021063413460347,0.40308304857149424,-0.16287241443689077
36.15,0.22596459451821055,0.3822611631451608,-0.15629656862695024
36.2,0.2698388247499309,0.3772368238554628,-0.10739799910553194
36.25,0.32943891374080414,0.39201136915003976,-0.06257245540923562
36.300000000000004,0.36580063708844973,0.42125807812712485,-0.055457441038675115
36.35,0.3593162018616107,0.43945080729922625,-0.08013460543761558
36.4,0.3099332205444086,0.4104848372483875,-0.10055161670397894
36.45,0.2284862217862847,0.31042916016009764,-0.08194293837381295
36.5,0.12997844547535467,0.146526193645023,-0.016547748169668336
36.550000000000004,0.032737721683242293,-0.04008154295852444,0.07281926464176673
36.6,-0.04150860349765563,-0.18970596905959392,0.1481973655619383
36.65,-0.07300642620481788,-0.25047238636613445,0.17746596016131655
36.7,-0.05430150965818356,-0.20375356563666874,0.14945205597848518
36.75,0.002325183299856176,-0.07560050902661608,0.07792569232647226
36.800000000000004,0.06802526436246627,0.07426421031612283,-0.006238945953656566
36.85,0.11096685755913534,0.18216100184483833,-0.07119414428570299
36.9,0.11176580182780635,0.21123426299445827,-0.09946846116665192
36.95,0.0708526298313294,0.16260453289758886,-0.09175190306625947
37.0,0.004360188774925107,0.060994470632578165,-0.05663428185765306
37.050000000000004,-0.06662410370445615,-0.06866651391482906,0.002042410210372908
37.1,-0.12543760448199584,-0.20903629606331778,0.08359869158132194
37.15,-0.16335505420017096,-0.3356929314749346,0.17233787727476366
37.2,-0.17858021069262153,-0.4018033225996585,0.22322311190703698
37.25,-0.17472079507653582,-0.35239158900018697,0.17767079392365115
37.300000000000004,-0.1605763745052245,-0.1713165795209294,0.010740205015704912
37.35,-0.14919854542591662,0.07708636664957282,-0.22628491207548945
37.4,-0.15306706602889109,0.26172068844931035,-0.41478775447820143
37.45,-0.1753891488562847,0.26466174295827155,-0.44005089181455626
37.5,-0.202300904338428,0.07560182554875954,-0.27790272988718756
37.550000000000004,-0.20268932504288525,-0.1785597824229373,-0.024129542619947958
37.6,-0.1390364265275722,-0.3066431048900501,0.1676066783624779
37.65,0.014216729981969763,-0.1831697250030004,0.19738645498497018
37.7,0.2541005552743307,0.1630610926890097,0.09103946258532097
37.75,0.5440265710124158,0.572045613944076,-0.028019042931660243
37.800000000000004,0.8239834688262669,0.867788328163095,-0.043804859336828095
37.85,1.0312631267794528,0.9717129551315231,0.05955017164792964
37.9,1.1213276926860791,0.9266840192862443,0.1946436733998348
37.95,1.079397183374259,0.8247184660338451,0.2546787173404139
38.0,0.9198291697373937,0.7132961695740189,0.20653300016337484
38.050000000000004,0.6773180467811628,0.5656402788269707,0.11167776795419215
38.1,0.39635465290840816,0.3338943031117324,0.06246034979667575
38.15,0.1224379235423476,0.025371943893014323,0.09706597964933328
38.2,-0.1058436505953683,-0.2762579548893008,0.17041430429393253
38.25,-0.26562275601365476,-0.4674039813891586,0.20178122537550386
38.300000000000004,-0.3575719773016753,-0.5070566959464765,0.14948471864480123
38.35,-0.4068392661566578,-0.45056024218988433,0.043720976033226555
38.400000000000006,-0.45231565944058943,-0.40584067531311546,-0.04647498412747397
38.45,-0.5267299962608363,-0.4522955913654961,-0.0744344048953402
38.5,-0.6381720571598728,-0.5908358510082626,-0.04733620615161016
38.550000000000004,-0.765051464425058,-0.7596926230734893,-0.005358841351568722
38.6,-0.8685023355835076,-0.8912453999418207,0.02274306435831308
38.650000000000006,-0.9142395065010948,-0.9558331768487212,0.0415936703476264
38.7,-0.8893640622807704,-0.9609363599958206,0.07157229771505025
38.75,-0.8040769414591261,-0.9202515975343138,0.11617465607518773
38.800000000000004,-0.6801046324669202,-0.8313590443920572,0.151254411925137
38.85,-0.5370714142239729,-0.6841051997142024,0.1470337854902295
38.900000000000006,-0.3874791254159078,-0.4864284510534001,0.09894932563749231
38.95,-0.2415545490727199,-0.27672942700299513,0.03517487793027524
39.0,-0.11375323338737912,-0.10686965657204821,-0.006883576815330916
39.050000000000004,-0.021647131861852825,-0.009470955707783465,-0.01217617615406936
39.1,0.024015856545533402,0.02215730155585495,0.0018585549896784521
39.150000000000006,0.029656866426514956,0.02537513909661968,0.004281727329895277
39.2,0.018967739725422435,0.039747423015380035,-0.0207796832899576
39.25,0.019741904465947986,0.08195042845358998,-0.06220852398764199
39.300000000000004,0.04560392893382878,0.14061559165399656,-0.09501166272016778
39.35,0.08604101258467903,0.18959820117274268,-0.10355718858806365
39.400000000000006,0.11275691924145965,0.2056098563345547,-0.09285293709309504
39.45,0.09848221601047139,0.1775960237903608,-0.07911380777988941
39.5,0.03534131488703709,0.10576319218593339,-0.07042187729889629
39.550000000000004,-0.05942551715038305,-0.0029654441032942336,-0.05646007304708882
39.6,-0.15315494627073215,-0.13563598266630578,-0.01751896360442637
39.650000000000006,-0.21512169680815119,-0.2690445703500666,0.05392287354191544
39.7,-0.2300455252696364,-0.36697468207544465,0.13692915680580825
39.75,-0.20102311011305102,-0.3875000741179254,0.1864769640048744
39.800000000000004,-0.14354650318244155,-0.30305522792563533,0.15950872474319377
39.85,-0.07719885871694468,-0.12435318761640636,0.04715432889946168
39.900000000000006,-0.02006546793635219,0.08986606091087596,-0.10993152884722815
39.95,0.014094329747056274,0.25206026180311264,-0.23796593205605637
40.0,0.01866191348948563,0.2907628096136335,-0.27210089612414784
40.050000000000004,-0.0023256863373282135,0.1955426682194269,-0.1978683545567551
40.1,-0.033262695504641004,0.029103088882786357,-0.06236578438742736
40.150000000000006,-0.05266499396869399,-0.10778539138921227,0.055120397420518275
40.2,-0.044741187092796536,-0.13842887561020376,0.09368768851740722
40.25,-0.009768235411195415,-0.056347399039279586,0.046579163628084175
40.300000000000004,0.03528345476411797,0.07778402788724285,-0.042500573123124885
40.35,0.06823136331552697,0.18424928640413527,-0.1160179230886083
40.400000000000006,0.07809139331482767,0.21908864405360964,-0.14099725073878197
40.45,0.07456385909114285,0.19532658005529696,-0.12076272096415411
40.5,0.0835019270174696,0.1614995391305976,-0.07799761211312801
40.550000000000004,0.13180607009545114,0.16332531185153343,-0.031519241756082284
40.6,0.23255767899151192,0.22179327745731497,0.010764401534196943
40.650000000000006,0.37935028650550906,0.3373277162990679,0.04202257020644118
40.7,0.5501922939341144,0.5018060445438703,0.04838624939024405
40.75,0.7145779129065377,0.6972207531847235,0.017357159721814175
40.800000000000004,0.8384534901852901,0.8828816744689079,-0.04442818428361772
40.85,0.8883971585324314,0.99461580056791,-0.1062186420354786
40.900000000000006,0.8399915264110462,0.9727367650673789,-0.1327452386563327
40.95,0.6907952831795516,0.8045866781844558,-0.1137913950049042
41.0,0.4695884826795906,0.5445481110512456,-0.07495962837165498
41.050000000000004,0.2307574213479506,0.2869971953712826,-0.056239774023331995
41.1,0.03147479413824773,0.10790350246164682,-0.07642870832339908
41.150000000000006,-0.09610915149609993,0.020844040957836443,-0.11695319245393637
41.2,-0.15835255794039396,-0.01757933704271366,-0.1407732208976803
41.25,-0.18861653085664637,-0.06118395487155094,-0.12743257598509544
41.300000000000004,-0.21888166540962112,-0.12984364106834287,-0.08903802434127825
41.35,-0.2558672968866079,-0.20433503748719686,-0.05153225939941106
41.400000000000006,-0.27897995169615464,-0.25704972144136007,-0.02193023025479457
41.45,-0.2592466805346492,-0.28137754628210226,0.022130865747453043
41.5,-0.1818867412213497,-0.2883080912978989,0.10642135007654921
41.550000000000004,-0.05447448677012561,-0.2767638854946586,0.22228939872453296
41.6,0.10261902905265889,-0.21455004311899326,0.31716907217165213
41.650000000000006,0.2708687086478369,-0.05793800420608933,0.32880671285392626
41.7,0.43809898972857053,0.20173297425534903,0.2363660154732215
41.75,0.5898352427222631,0.5066983270511923,0.08313691567107073
41.800000000000004,0.6989842473721577,0.7495801054441942,-0.05059585807203648
41.85,0.7279638683091233,0.8302935354461926,-0.10232966713706926
41.900000000000006,0.6458174643265846,0.7108816115454324,-0.06506414721884779
41.95,0.44823703504376416,0.4295146822298044,0.018722352813959786
42.0,0.1645135273317734,0.06992081408724785,0.09459271324452556
42.050000000000004,-0.15437785525090694,-0.28465617015777467,0.13027831490686773
42.1,-0.45758910457574326,-0.5806016047233807,0.12301250014763748
42.150000000000006,-0.7107541852235356,-0.7965011418229504,0.08574695659941478
42.2,-0.8980208912367665,-0.931902841373261,0.03388195013649442
42.25,-1.013198024463001,-0.9974817062582227,-0.015716318204778257
42.300000000000004,-1.0506048395703047,-1.0091007919075894,-0.041504047662715315
42.35,-1.0034522007641622,-0.9798010231063723,-0.0236511776577899
42.400000000000006,-0.8694292814646544,-0.9095339012069373,0.040104619742282965
42.45,-0.6575903814789686,-0.7826175005149472,0.12502711903597852
42.5,-0.39128331571014774,-0.5813448461344156,0.19006153042426788
42.550000000000004,-0.10593636474300391,-0.3091253153148306,0.2031889505718267
42.6,0.1567562441084567,-0.003850675718481168,0.16060691982693787
42.650000000000006,0.3568069508310931,0.2725115036366653,0.08429544719442778
42.7,0.4651781016992061,0.46195080892464224,0.0032272927745638502
42.75,0.4721814109515779,0.5347717073073109,-0.06259029635573304
42.800000000000004,0.39102690840880194,0.49414460382924463,-0.10311769542044269
42.85,0.2531451062021186,0.3642265592542723,-0.11108145305215367
42.900000000000006,0.09617902205135272,0.17814124058815703,-0.08196221853680431
42.95,-0.04950217269417943,-0.024518237769184284,-0.02498393492499515
43.0,-0.16869225892697223,-0.19788621127282274,0.02919395234585051
43.050000000000004,-0.2604305150919264,-0.3010692239927116,0.04063870890078519
43.1,-0.33082725959721565,-0.32037430790647914,-0.010452951690736512
43.150000000000006,-0.3851942568269264,-0.28389125337641913,-0.10130300345050725
43.2,-0.4236157311921528,-0.24867303682611824,-0.17494269436603455
43.25,-0.44060760376485403,-0.262578000619508,-0.17802960314534605
43.300000000000004,-0.4274169832099309,-0.32799777195611035,-0.09941921125382053
43.35,-0.37577033789328457,-0.3974669105819275,0.021696572688642946
43.400000000000006,-0.28261065172691724,-0.40643324075674936,0.12382258902983212
43.45,-0.15470408689962142,-0.31811564953449356,0.16341156263487214
43.5,-0.01055152674428349,-0.1469754632152193,0.13642393647093579
43.550000000000004,0.12288856746332791,0.052828975556898146,0.07005959190642977
43.6,0.21853864711391793,0.21967785093607045,-0.001139203822152518
43.650000000000006,0.2590942740596754,0.31227485927071985,-0.05318058521104446
43.7,0.24370617820748308,0.3197563016083985,-0.07605012340091544
43.75,0.18850905392196232,0.2587096744758028,-0.07020062055384046
43.800000000000004,0.12114050951997249,0.16659417530899687,-0.04545366578902438
43.85,0.07139130395571473,0.09248917148661909,-0.021097867530904355
43.900000000000006,0.06065647342209917,0.07978367374586597,-0.019127200323766795
43.95,0.09327060484952922,0.14282188000926593,-0.049551275159736716
44.0,0.15360675192435957,0.2529443086100205,-0.09933755668566091
44.050000000000004,0.21220627450208826,0.35030601866712147,-0.1380997441650332
44.1,0.2401841528640543,0.37945771674837897,-0.13927356388432466
44.150000000000006,0.2250338300723833,0.3244449805121907,-0.09941115043980736
44.2,0.17778269322767187,0.21633400826407792,-0.03855131503640605
44.25,0.1256189297289934,0.10827501906543462,0.017343910663558795
44.300000000000004,0.0940997326283553,0.040467531821368474,0.05363220080698683
44.35,0.09123245318389067,0.02338880470775651,0.06784364847613417
44.400000000000006,0.10468261472533577,0.0470771928445246,0.05760542188081117
44.45,0.11319273569384493,0.09884084159393046,0.01435189409991447
44.5,0.10236505103671445,0.1676811289185757,-0.06531607788186125
44.550000000000004,0.0726394900393599,0.23392424348711277,-0.16128475344775287
44.6,0.03521495640450578,0.2635551746967841,-0.2283402182922783
44.650000000000006,0.002121976724896428,0.22399389840574158,-0.22187192168084516
44.7,-0.01995143144651081,0.11307241911971219,-0.133023850566223
44.75,-0.02843722981545234,-0.02716625929588198,-0.0012709705195703587
44.800000000000004,-0.02100545334880553,-0.1315001211801211,0.11049466783131558
44.85,0.004262787761421602,-0.15516182774420564,0.15942461550562725
44.900000000000006,0.0440197824690043,-0.10410125836267776,0.14812104083168207
44.95,0.08657881312324138,-0.025437559563468867,0.11201637268671025
45.0,0.11693225519759358,0.033135018362347606,0.08379723683524598
45.050000000000004,0.12811276167939561,0.05898333223317411,0.0691294294462215
45.1,0.12915908287595768,0.07590607169515634,0.053253011180801335
45.150000000000006,0.1406542916050583,0.11486271111663776,0.025791580488420535
45.2,0.17867912654723864,0.18395144982413095,-0.00527232327689231
45.25,0.23855064657499628,0.2628880799349725,-0.024337433359976207
45.300000000000004,0.29136367731315477,0.31994293568441656,-0.028579258371261795
45.35,0.29741434592655325,0.3295089566225257,-0.03209461069597247
45.400000000000006,0.22844731999838175,0.2754234203961175,-0.046976100397735754
45.45,0.0848234272791454,0.14737854764877872,-0.06255512036963333
45.5,-0.10230722815825857,-0.05275444212018469,-0.049552786038073886
45.550000000000004,-0.2841299283724711,-0.2934135392402216,0.009283610867750536
45.6,-0.41471885797387237,-0.5058845983627287,0.09116574038885633
45.650000000000006,-0.4685319720236299,-0.6086108479159509,0.140078875892321
45.7,-0.4469877254040098,-0.5567441144503145,0.10975638904630469
45.75,-0.37185633593899037,-0.37963009147033555,0.007773755531345183
45.800000000000004,-0.269655671050425,-0.16950267562025326,-0.10015299543017173
45.85,-0.15628788118623393,-0.02211633213095282,-0.13417154905528111
45.900000000000006,-0.03165690728569154,0.027498171497757826,-0.05915507878344936
45.95,0.11202778298504276,0.02354509366826985,0.08848268931677292
46.0,0.27451096410557907,0.04821796503863061,0.22629299906694847
46.050000000000004,0.43706774852936864,0.15532065719461477,0.28174709133475384
46.1,0.5667230175222765,0.33110808745528036,0.23561493006699613
46.150000000000006,0.632528902797827,0.507833189129889,0.12469571366793808
46.2,0.6208398137942679,0.6110486959174121,0.009791117876855826
46.25,0.5374823553883914,0.599843556212533,-0.06236120082414165
46.300000000000004,0.3969939757674316,0.47507849344577124,-0.07808451767833963
46.35,0.21124577842727194,0.26328807053564063,-0.05204229210836869
46.400000000000006,-0.01049366119372685,0.00032555036421935853,-0.010819211557946209
46.45,-0.2510377053397396,-0.2726121544774301,0.021574449137690466
46.5,-0.4780465957713956,-0.5091589551453184,0.031112359373922815
46.550000000000004,-0.6523430084961296,-0.6682779095307079,0.015934901034578286
46.6,-0.7483289938776996,-0.7339294700995618,-0.014399523778137802
46.650000000000006,-0.7685383314872292,-0.7258051507601978,-0.04273318072703136
46.7,-0.7370402380614813,-0.6856126095148307,-0.05142762854665062
46.75,-0.6757963271774279,-0.6452107381811488,-0.030585588996279056
46.800000000000004,-0.5858417208397981,-0.6021325645945268,0.016290843754728668
46.85,-0.4525432991778972,-0.5243030015541484,0.07175970237625123
46.900000000000006,-0.271553574956957,-0.38124213509456134,0.10968856013760436
46.95,-0.07044967615204935,-0.17628554922069933,0.10583587306864999
47.0,0.09759623063615101,0.046162939964694366,0.05143329067145665
47.050000000000004,0.18676089879911234,0.2233928680892644,-0.036631969290152055
47.1,0.1909927310660876,0.3093571545221325,-0.11836442345604492
47.150000000000006,0.1472674631088612,0.2978265631911926,-0.1505591000823314
47.2,0.10631513915263721,0.22162524978763987,-0.11531011063500266
47.25,0.09619558360631433,0.13262896452217196,-0.03643338091585763
47.300000000000004,0.10925030017601187,0.0759165373408327,0.033333762835179165
47.35,0.12007736411757093,0.07024491065760864,0.04983245345996229
47.400000000000006,0.11376869767114751,0.1020102488153878,0.011758448855759718
47.45,0.0969605130803501,0.1352378000355965,-0.03827728695524639
47.5,0.08444280634767672,0.1344444809976979,-0.050001674650021186
47.550000000000004,0.07960350793593535,0.08928904194531496,-0.009685534009379618
47.6,0.0717445355934891,0.024964421355154268,0.046780114238334836
47.650000000000006,0.053169308672264146,-0.011826934945876732,0.06499624361814088
47.7,0.03571362496350648,0.015293248025646813,0.02042037693785967
47.75,0.04517491117701778,0.10482095495663242,-0.05964604377961464
47.800000000000004,0.095110417816311,0.21549648329696505,-0.12038606548065406
47.85,0.16525329220518803,0.29248938231030525,-0.12723609010511722
47.900000000000006,0.20893073297709006,0.3017494811177045,-0.09281874814061444
47.95,0.1873559989827075,0.24676622282026414,-0.05941022383755665
48.0,0.10186004148673891,0.1578644258528173,-0.05600438436607838
48.050000000000004,-0.005145963803427277,0.06714819281876616,-0.07229415662219343
48.1,-0.0820751350529293,-0.008528031625888497,-0.0735471034270408
48.150000000000006,-0.1050168784604878,-0.06565237889318257,-0.03936449956730523
48.2,-0.08820489299024373,-0.10164229475535144,0.013437401765107715
48.25,-0.06217742816116854,-0.10842540492558182,0.046247976764413286
48.300000000000004,-0.043060469713892435,-0.07900060461522374,0.0359401349013313
48.35,-0.02195583156278841,-0.01852685581088074,-0.0034289757519076723
48.400000000000006,0.01857646888425909,0.0534627607712296,-0.03488629188697051
48.45,0.0806204357016894,0.1134538975308712,-0.0328334618291818
48.5,0.1446043843972995,0.14768124737035201,-0.0030768629730525132
48.550000000000004,0.18597204443719473,0.15727826235762235,0.028693782079572377
48.6,0.19664896134732096,0.1522739900374481,0.04437497130987286
48.650000000000006,0.18931936754274847,0.1422447689515223,0.047074598591226174
48.7,0.18110981762039144,0.13214446707197722,0.04896535054841422
48.75,0.1743733387121843,0.1238836971875938,0.0504896415245905
48.800000000000004,0.15448799526972928,0.11792347223701091,0.03656452303271837
48.85,0.10652472202907509,0.11153151765999147,-0.005006795630916383
48.900000000000006,0.033362266714948074,0.09722095215559638,-0.06385868544064831
48.95,-0.04320767586497274,0.06652106303909157,-0.10972873890406432
49.0,-0.09931319474549744,0.017703781686464217,-0.11701697643196166
49.050000000000004,-0.12688589345391155,-0.040574188641619414,-0.08631170481229214
49.1,-0.1353677543001559,-0.09508332260146929,-0.04028443169868662
49.150000000000006,-0.13672240997682059,-0.13799348099196557,0.0012710710151449811
49.2,-0.1297168221720849,-0.1692841072119674,0.039567285039882494
49.25,-0.09954189373485349,-0.18712858393551723,0.08758669020066374
49.300000000000004,-0.03332339265581541,-0.17691604513111842,0.143592652475303
49.35,0.06322572517700666,-0.1155128958538278,0.17873862103083446
49.400000000000006,0.1633791883612799,0.005844365716538427,0.15753482264474147
49.45,0.23318514260152562,0.15851293594243623,0.07467220665908939
49.5,0.24976380857022032,0.2792632441395803,-0.029499435569359994
49.550000000000004,0.21065359922164795,0.3060173536201545,-0.09536375439850653
49.6,0.13038714280827915,0.22239945859963417,-0.09201231579135502
49.650000000000006,0.030696263388883285,0.07335545522772814,-0.042659191838844854
49.7,-0.06750074014618111,-0.0654131714146673,-0.002087568731513806
49.75,-0.14778989485570224,-0.1421049970993545,-0.005684897756347729
49.800000000000004,-0.20009451709773027,-0.1626748725726096,-0.03741964452512067
49.85,-0.22241479227655964,-0.17542469271363956,-0.04699009956292008
49.900000000000006,-0.22063440789907537,-0.22056905744834868,-6.535045072669776e-05
49.95,-0.20414587853206695,-0.28987915947427706,0.08573328094221011
50.0,-0.17925524584903244,-0.3322252389633841,0.15296999311435164
50.050000000000004,-0.1460511717977362,-0.2995956031123452,0.153544431314609
50.1,-0.10227544511133216,-0.1923293725582383,0.09005392744690613
50.150000000000006,-0.050893562795785,-0.06383581055860771,0.012942247762822712
50.2,-0.0036184439389977626,0.018550129092334597,-0.02216857303133236
50.25,0.024127961756189992,0.02234542706450814,0.001782534691681853
50.300000000000004,0.02309785709678715,-0.031716860121775554,0.05481471721856271
50.35,-0.0037727990244111323,-0.09310678903556574,0.08933399001115461
50.400000000000006,-0.04451360503392055,-0.12271401734983917,0.07820041231591862
50.45,-0.08720771493664013,-0.11686783220291706,0.02966011726627693
50.5,-0.1266607773012296,-0.0988828882439689,-0.027777889057260696
50.550000000000004,-0.16331083127134283,-0.09208173060030149,-0.07122910067104134
50.6,-0.1966822898554229,-0.10041913934485103,-0.09626315051057188
50.650000000000006,-0.22023696746904403,-0.11041965109686194,-0.10981731637218209
50.7,-0.22214594156789558,-0.10662816479493789,-0.11551777677295769
50.75,-0.1907631880211073,-0.08313206035828194,-0.10763112766282537
50.800000000000004,-0.12054145496888381,-0.04231994725506896,-0.07822150771381485
50.85,-0.015719602828595556,0.012904984783436544,-0.0286245876120321
50.900000000000006,0.10824924533476553,0.0817144162057885,0.026534829128977033
50.95,0.22570714410167936,0.1591639780072927,0.06654316609438665
51.0,0.30630766210017446,0.22932329331731244,0.07698436878286202
51.050000000000004,0.32620258076684927,0.26823679223078956,0.057965788536059715
51.1,0.28075634427882906,0.2578587650104278,0.022897579268401247
51.150000000000006,0.18980232593037613,0.20046040025513148,-0.010658074324755351
51.2,0.08889561749048791,0.12062828592380427,-0.03173266843331636
51.25,0.010213138260761001,0.05142618138421977,-0.04121304312345877
51.300000000000004,-0.0337005484813402,0.014283715904139436,-0.04798426438547963
51.35,-0.05110220784198026,0.007530727000320513,-0.058632934842300775
51.400000000000006,-0.05714015049245301,0.01187933888202449,-0.0690194893744775
51.45,-0.05782845137582922,0.00814664210900421,-0.06597509348483342
51.5,-0.04617663127230237,-0.0065879835478304515,-0.03958864772447192
51.550000000000004,-0.012731792520866633,-0.01662008981799872,0.003888297297132085
51.6,0.04112343841340209,-0.0005616102685719989,0.04168504868197409
51.650000000000006,0.10097262006139933,0.05057060801118105,0.05040201205021828
51.7,0.15048475142607165,0.12419462702130063,0.02629012440477102
51.75,0.18438135663275662,0.19322064666856287,-0.008839290035806247
51.800000000000004,0.20996823184626784,0.23411398216481857,-0.024145750318550735
51.85,0.23585226564236247,0.24205302987639196,-0.006200764234029488
51.900000000000006,0.25981837869532054,0.2313723442660822,0.028446034429238348
51.95,0.26878553339110156,0.22112922376061245,0.04765630963048911
52.0,0.2511804464488824,0.2176949498363652,0.03348549661251718
52.050000000000004,0.20891677789516547,0.2087631864241756,0.0001535914709898667
52.1,0.1561921167567138,0.17371065388789905,-0.017518537131185258
52.150000000000006,0.10576478867805403,0.10159483440532396,0.004169954272730064
52.2,0.05652630561383636,0.0018077577580492322,0.05471854785578713
52.25,-0.0046352611829564945,-0.10117586803846072,0.09654060685550422
52.300000000000004,-0.08796038570571682,-0.1841847033235725,0.09622431761785569
52.35,-0.1875588796734624,-0.239497916869213,0.051939037195750604
52.400000000000006,-0.2831796696359178,-0.276471181534085,-0.006708488101832777
52.45,-0.35569821722692835,-0.3113973769345015,-0.04430084029242687
52.5,-0.40149357108291006,-0.35502483575068483,-0.04646873533222523
52.550000000000004,-0.43204674970902085,-0.4065611744355665,-0.025485575273454353
52.6,-0.45959811980728893,-0.4556098890745096,-0.003988230732779319
52.650000000000006,-0.48298742450177956,-0.4875012584794696,0.004513833977690063
52.7,-0.48691680040780266,-0.4878962673210577,0.0009794669132550116
52.75,-0.45434269247239467,-0.4466082697215554,-0.007734422750839298
52.800000000000004,-0.3794329792007563,-0.3620144543996402,-0.01741852480111611
52.85,-0.26941048495422076,-0.24427210315191356,-0.025138381802307208
52.900000000000006,-0.13574854495835612,-0.11264536602995186,-0.023103178928404258
52.95,0.014402137481097109,0.014727277071160241,-0.00032513959006313237
53.0,0.17732057617328179,0.13242379924792716,0.044896776925354626
53.050000000000004,0.34418762085047233,0.24990828195559517,0.09427933889487716
53.1,0.49515175203119105,0.3790727380295253,0.11607901400166576
53.150000000000006,0.6034185988045606,0.5148355126990463,0.08858308610551435
53.2,0.6464315926495217,0.6252240003575165,0.021207592292005195
53.25,0.6145507107805092,0.6624703859620937,-0.047919675181584576
53.300000000000004,0.5112970767440739,0.5905220814267171,-0.07922500468264326
53.35,0.34843383185257426,0.41026916735057595,-0.06183533549800169
53.400000000000006,0.1434373513488832,0.16408138234810593,-0.02064403099922274
53.45,-0.07822594767217476,-0.0839377272509176,0.005711779578742832
53.5,-0.2818566149542986,-0.2784094156713924,-0.0034471992829062104
53.550000000000004,-0.43050327037946556,-0.39423879346089047,-0.036264476918575095
53.6,-0.4993216659447954,-0.4380670439063905,-0.06125462203840487
53.650000000000006,-0.48722670781657884,-0.43297677243095406,-0.05424993538562478
53.7,-0.41563644524158344,-0.39922731737521344,-0.01640912786637
53.75,-0.31439031261940326,-0.34315657233232516,0.028766259712921904
53.800000000000004,-0.20596045314768968,-0.25902108230726406,0.05306062915957438
53.85,-0.09995707147635882,-0.14064172993238222,0.0406846584560234
53.900000000000006,0.000279061824549119,0.005121280938956782,-0.004842219114407663
53.95,0.08837510993439586,0.1521543194978352,-0.06377920956343934
54.0,0.1534994552300299,0.2622231935957613,-0.1087237383657314
54.050000000000004,0.18794835023102138,0.3040268898094346,-0.11607853957841321
54.1,0.19484673700905217,0.27337639235669703,-0.07852965534764486
54.150000000000006,0.18679005746482838,0.19941715071444066,-0.012627093249612281
54.2,0.1758332776817684,0.12888327833263774,0.04694999934913066
54.25,0.16458520524438283,0.09657821770386887,0.06800698754051396
54.300000000000004,0.14750597780042893,0.10335582633255709,0.04415015146787184
54.35,0.12134218305238724,0.11984651751068078,0.0014956655417064646
54.400000000000006,0.09417205437717667,0.11447595820773732,-0.020303903830560646
54.45,0.08331181246176982,0.08329023762492159,2.157483684822603e-05
54.5,0.10272867213192428,0.055836127361048156,0.04689254477087613
54.550000000000004,0.15061628567057633,0.07072444523385273,0.07989184043672361
54.6,0.20797639523109557,0.14076549944750774,0.06721089578358783
54.650000000000006,0.24952478481837811,0.23736809783429816,0.012156686984079956
54.7,0.2580500351388633,0.30782597644322657,-0.04977594130436325
54.75,0.2314941594846211,0.3111696847038445,-0.07967552521922339
54.800000000000004,0.1792258786947468,0.24337985356866798,-0.06415397487392119
54.85,0.11292975753193182,0.13370298385716511,-0.02077322632523329
54.900000000000006,0.04042769794001586,0.019472431137022152,0.02095526680299371
54.95,-0.03374669073431433,-0.07672002370458361,0.042973332970269285
55.0,-0.10385539606084812,-0.1502618105419848,0.04640641448113669
55.050000000000004,-0.16019164564477176,-0.20189579358988352,0.041704147945111764
55.1,-0.19121441804862657,-0.22691446156570716,0.03570004351708059
55.150000000000006,-0.18923256800577665,-0.21825765810818767,0.029025090102411027
55.2,-0.15568038172406923,-0.1783573975890483,0.022677015864979083
55.25,-0.10258133590294367,-0.12457693635014411,0.021995600447200434
55.300000000000004,-0.04914484384750476,-0.08033070582801329,0.031185861980508524
55.35,-0.014838097318467984,-0.05981690402578148,0.044978806707313496
55.400000000000006,-0.011949881346094066,-0.06142716404309847,0.0494772826970044
55.45,-0.04125721165659343,-0.07583227050130317,0.034575058844709745
55.5,-0.09325656596916236,-0.09939399010529118,0.006137424136128819
55.550000000000004,-0.15432687982835896,-0.13830529405561143,-0.016021585772747537
55.6,-0.21373913444382148,-0.19911283973695512,-0.014626294706866355
55.650000000000006,-0.26654057624762817,-0.2759570219941775,0.009416445746549318
55.7,-0.31056528401655203,-0.34843927049415874,0.0378739864776067
55.75,-0.34101830443918724,-0.39296895591183184,0.051950651472644604
55.800000000000004,-0.348601418028785,-0.39671611761622805,0.04811469958744302
55.85,-0.32413780747380144,-0.36137108847551414,0.03723328100171269
55.900000000000006,-0.26634077814032237,-0.29535128057647325,0.029010502436150887
55.95,-0.18558186974899796,-0.20513558926446288,0.019553719515464918
56.0,-0.09924076563861767,-0.09590675226771436,-0.003334013370903305
56.050000000000004,-0.021458971053228443,0.020591229542650916,-0.042050200595879356
56.1,0.04464887932058426,0.12318766558712761,-0.07853878626654334
56.150000000000006,0.10602857148994549,0.19157026104250607,-0.08554168955256058
56.2,0.17102074510902707,0.22296863478143222,-0.051947889672405156
56.25,0.24043177667923873,0.23851685941347517,0.001914917265763566
56.300000000000004,0.3055712125923703,0.2694207277080092,0.03615048488436112
56.35,0.35419311486122174,0.33162593156579556,0.022567183295426174
56.400000000000006,0.3787695481678529,0.4101644529355287,-0.03139490476767581
56.45,0.38036942116762795,0.4677898572022036,-0.08742043603457567
56.5,0.365916315829028,0.4720038374535315,-0.10608752162450352
56.550000000000004,0.34212140392657064,0.41872674371784546,-0.07660533979127482
56.6,0.3111643692579235,0.33396998053672605,-0.02280561127880254
56.650000000000006,0.27058011862169173,0.25356723702896916,0.017012881592722573
56.7,0.21607481235255285,0.1982033110098268,0.017871501342726054
56.75,0.14454979365193205,0.16234454635938517,-0.01779475270745312
56.800000000000004,0.05585263241022276,0.12231365937146187,-0.06646102696123911
56.85,-0.04649355747945614,0.05416707717436542,-0.10066063465382155
56.900000000000006,-0.15501505004529134,-0.05187952038402338,-0.10313552966126796
56.95,-0.2587112390456227,-0.18698997432977582,-0.07172126471584689
57.0,-0.34477213445158966,-0.3274835904015568,-0.017288544050032884
57.050000000000004,-0.40138058787923786,-0.44267208103107747,0.04129149315183961
57.1,-0.42041619828813465,-0.5046497225002892,0.08423352421215452
57.150000000000006,-0.39900105093465554,-0.4986205382546481,0.09961948731999254
57.2,-0.3399179258736154,-0.429718615128915,0.0898006892552996
57.25,-0.2516071431005368,-0.3209123679954326,0.06930522489489582
57.300000000000004,-0.14784337962118427,-0.2012316113903398,0.053388231769155525
57.35,-0.04614443778449385,-0.09178439900937306,0.04563996122487921
57.400000000000006,0.03591930137913008,-0.00031957942201377095,0.036238880801143854
57.45,0.0856911911843373,0.07184476741248773,0.013846423771849567
57.5,0.09920906264063034,0.11864319831689343,-0.019434135676263092
57.550000000000004,0.08160823259251755,0.12697788612895825,-0.04536965353644069
57.6,0.04419037999616926,0.0881498720960753,-0.043959492099906045
57.650000000000006,0.00038188924460202023,0.013105432792939806,-0.012723543548337785
57.7,-0.03710702219281374,-0.06483918492721734,0.027732162734403598
57.75,-0.05750176169815764,-0.10643734941187338,0.04893558771371574
57.800000000000004,-0.052886911230019006,-0.0908844716947335,0.037997560464714496
57.85,-0.019945925525454364,-0.027942039954153463,0.0079961144286991
57.900000000000006,0.03811229234066325,0.052733402463008824,-0.014621110122345578
57.95,0.11123055090077352,0.12543750474679174,-0.014206953846018222
58.0,0.18477136342667863,0.18401223146088855,0.000759131965790083
58.050000000000004,0.2434440140455675,0.23595933938498093,0.007484674660586582
58.1,0.27495943542718476,0.28272217785770587,-0.007762742430521108
58.150000000000006,0.27227315866251667,0.3074420655869867,-0.035168906924470056
58.2,0.23465406931086052,0.28444411905075556,-0.04979004973989504
58.25,0.16806137791114,0.20318291170994415,-0.035121533798804144
58.300000000000004,0.08435141249488963,0.08389868408902887,0.00045272840586076113
58.35,-0.0016332900593812193,-0.03180279219860832,0.030169502139227103
58.400000000000006,-0.07672262669299552,-0.10954232250085204,0.032819695807856514
58.45,-0.13337325947786008,-0.14555105392652803,0.012177794448667956
58.5,-0.17014683886740103,-0.16395200361820828,-0.006194835249192759
58.550000000000004,-0.18849382485150953,-0.19016642023471655,0.0016725953832070206
58.6,-0.188993518327055,-0.2246154371271982,0.035621918800143204
58.650000000000006,-0.1708886450901299,-0.24123934032219005,0.07035069523206014
58.7,-0.1355495085213405,-0.2130312359472753,0.07748172742593479
58.75,-0.09021459543009828,-0.14155058955266406,0.05133599412256577
58.800000000000004,-0.04733339086319815,-0.0623354894769264,0.015002098613728254
58.85,-0.018545686822377467,-0.018735626479216963,0.00018993965683949607
58.900000000000006,-0.007534927545871547,-0.025314636199988867,0.01777970865411732
58.95,-0.007695365442859519,-0.05308520172450653,0.045389836281647014
59.0,-0.006900122762781247,-0.05162155503919777,0.04472143227641652
59.050000000000004,0.004145272527812925,0.008473330080370265,-0.004328057552557341
59.1,0.02622868044430554,0.10799637615107385,-0.08176769570676831
59.150000000000006,0.05235805146834732,0.19073002802667666,-0.13837197655832933
59.2,0.07340565960318267,0.206216334497578,-0.13281067489439535
59.25,0.08396328700041003,0.14936780826242185,-0.06540452126201182
59.300000000000004,0.08465513534182885,0.06465015342127801,0.020004981920550835
59.35,0.08048881649248522,0.011678202948221755,0.06881061354426347
59.400000000000006,0.07725648536921972,0.02064224666128071,0.05661423870793901
59.45,0.07816679107155447,0.0733814641462102,0.004785326925344266
59.5,0.08198966833837996,0.12335502262641922,-0.04136535428803925
59.550000000000004,0.08349898287435341,0.1351573377253952,-0.051658354851041796
59.6,0.0766418893420578,0.10964605871883305,-0.03300416937677525
59.650000000000006,0.059471419962497725,0.07582982551572254,-0.016358405553224813
59.7,0.0377680217919946,0.0607968706663705,-0.023028848874375903
59.75,0.02381149654199052,0.06693290825215409,-0.043121411710163565
59.800000000000004,0.029746971461962687,0.07624559817114243,-0.046498626709179744
59.85,0.05972280493498231,0.07482569389828074,-0.015102888963298429
59.900000000000006,0.10696926871097122,0.07170560203094492,0.0352636666800263
59.95,0.15840808923616828,0.0926378850737465,0.06577020416242178
60.0,0.20277776712954448,0.15387811581232755,0.048899651317216936
60.050000000000004,0.23490039618145114,0.24043215525844916,-0.005531759076998016
60.1,0.2524574867354419,0.30952334095374767,-0.05706585421830579
60.150000000000006,0.24940946027597286,0.3173815861549032,-0.06797212587893034
60.2,0.21432272972680408,0.2472950617538559,-0.032972332027051826
60.25,0.13764888759595642,0.11723091257014284,0.02041797502581358
60.300000000000004,0.022904070808461293,-0.035688954047113246,0.058593024855574535
60.35,-0.1084771431916175,-0.17772399364668248,0.06924685045506498
60.400000000000006,-0.2245617055895425,-0.28999155004910254,0.06542984445956004
60.45,-0.2983536333964283,-0.3650023857726838,0.0666487523762555
60.5,-0.32026687622762556,-0.39883991175309225,0.07857303552546668
60.550000000000004,-0.299553292464943,-0.3903133592529924,0.09076006678804938
60.6,-0.25598574282170306,-0.3469613602061308,0.09097561738442772
60.650000000000006,-0.20991016261054235,-0.28808281288570536,0.07817265027516301
60.7,-0.17722276403182183,-0.23777736411092248,0.06055460007910066
60.75,-0.168869004447084,-0.2125440839809834,0.0436750795338994
60.800000000000004,-0.1901165897691159,-0.21481744943827247,0.024700859669156555
60.85,-0.23740619548280065,-0.2378641099697333,0.00045791448693266457
60.900000000000006,-0.2962061301851461,-0.27514975962239013,-0.021056370562755944
60.95,-0.3447020621816901,-0.3225429067330507,-0.02215915544863939
61.0,-0.3630157859642609,-0.370489309856521,0.007473523892260137
61.050000000000004,-0.3414525683502881,-0.3963843862670695,0.05493181791678142
61.1,-0.281306851239494,-0.3698913384655017,0.0885844872260077
61.150000000000006,-0.18875346611419436,-0.2715969489384846,0.08284348282429022
61.2,-0.06917778022119266,-0.11012830671085208,0.040950526489659425
61.25,0.07157177213423395,0.07886490328832726,-0.007293131154093316
61.300000000000004,0.2206167601731944,0.25314498921038453,-0.03252822903719013
61.35,0.35462298478192417,0.38692289881082265,-0.03229991402889848
61.400000000000006,0.4459413073615788,0.47701617815997105,-0.031074870798392273
61.45,0.47539431294358,0.5288844945172421,-0.05349018157366209
61.5,0.44163138798905166,0.53885305853406,-0.0972216705450083
61.550000000000004,0.3595745678157872,0.4922183516894179,-0.13264378387363068
61.6,0.2503507102149014,0.38042604054056556,-0.13007533032566415
61.650000000000006,0.13217859833388546,0.2203190146988869,-0.08814041636500144
61.7,0.018904207688277903,0.054763574318281216,-0.03585936663000332
61.75,-0.07629314827051305,-0.06920798338229443,-0.007085164888218615
61.800000000000004,-0.13989436798292515,-0.12748498686705423,-0.012409381115870921
61.85,-0.16341019454506742,-0.12892462171917457,-0.034485572825892846
61.900000000000006,-0.14996702576121657,-0.10164298778039924,-0.04832403798081733
61.95,-0.11378162011089667,-0.06958551718875886,-0.04419610292213781
62.0,-0.07089210982043163,-0.039775676002710814,-0.03111643381772082
62.050000000000004,-0.029132216146202705,-0.007992296577132402,-0.021139919569070305
62.1,0.012923939462227401,0.02722233695820839,-0.01429839749598099
62.150000000000006,0.05716972167274334,0.05793622746041343,-0.0007665057876700895
62.2,0.0969477164168283,0.07295994087383573,0.02398777554299257
62.25,0.1181659301467066,0.06818084161986956,0.04998508852683703
62.300000000000004,0.11045201499203773,0.04947790525286721,0.06097410973917052
62.35,0.07726782755681671,0.026078918969489332,0.051188908587327386
62.400000000000006,0.03419791802402356,0.0026854782653312854,0.03151243975869228
62.45,-0.003610323016534806,-0.021254490648314955,0.017644167631780148
62.5,-0.0327276370959218,-0.04609174346476926,0.01336410636884746
62.550000000000004,-0.060596703982566724,-0.0686177389624029,0.00802103497983618
62.6,-0.09426650823057044,-0.08584771661161023,-0.008418791618960211
62.650000000000006,-0.13103683844615568,-0.10120808961180891,-0.029828748834346774
62.7,-0.16070690058463868,-0.12390255441392112,-0.03680434617071757
62.75,-0.17606827950057716,-0.15908171881535532,-0.016986560685221835
62.800000000000004,-0.179044209727517,-0.19760944102043634,0.018565231292919343
62.85,-0.17481727967817398,-0.2169984072607294,0.042181127582555406
62.900000000000006,-0.16036773792883455,-0.19524155399844442,0.034873816069609875
62.95,-0.12156233184630234,-0.12635401474111982,0.0047916828948174756
63.0,-0.044981147551258385,-0.024059502909349606,-0.02092164464190878
63.050000000000004,0.06541166401487201,0.08879859077498782,-0.023386926760115806
63.1,0.18374001634373727,0.19412468540000488,-0.010384669056267615
63.150000000000006,0.2763572821928568,0.28287941010009715,-0.006522127907240327
63.2,0.3229786306000315,0.348401905222625,-0.025423274622593472
63.25,0.32584419490530236,0.3795345280023366,-0.05369033309703425
63.300000000000004,0.2996366383782434,0.3640462800924845,-0.06440964171424113
63.35,0.25395820887654574,0.300323008334136,-0.046364799457590256
63.400000000000006,0.18700110009529353,0.20437314027806322,-0.017372040182769694
63.45,0.09638318764517788,0.10246313214843208,-0.006079944503254206
63.5,-0.005887088104016524,0.014499837610144839,-0.020386925714161362
63.550000000000004,-0.09257836976835745,-0.05607160723341883,-0.036506762534938626
63.6,-0.1382761126747583,-0.11575191807725022,-0.022524194597508096
63.650000000000006,-0.13865231533105102,-0.16483432794482805,0.026182012613777034
63.7,-0.11259488300887495,-0.18942310278675667,0.07682821977788172
63.75,-0.08432643871190634,-0.17188657967967233,0.08756014096776599
63.800000000000004,-0.06275698282840912,-0.11083178883588678,0.048074806007477655
63.85,-0.038199890643846476,-0.030371502346087566,-0.00782838829775891
63.900000000000006,0.0010845024359981967,0.03266423296535744,-0.031579730529359244
63.95,0.05029860439104212,0.05386803196563738,-0.0035694275745952603
64.0,0.08725167106082066,0.036663315417769855,0.0505883556430508
64.05,0.09069889436926767,0.0047982077120600495,0.08590068665720763
64.10000000000001,0.059584910449701274,-0.019743017904949603,0.07932792835465088
64.15,0.013995073286293123,-0.032290080835035206,0.04628515412132833
64.2,-0.02276745209969476,-0.04167383953469064,0.018906387434995883
64.25,-0.042848793620195204,-0.054484104460679424,0.01163531084048422
64.3,-0.05543507448598709,-0.06600936203084873,0.010574287544861637
64.35000000000001,-0.07176639829329517,-0.06740924554302895,-0.004357152750266227
64.4,-0.090769896270719,-0.05958801409567304,-0.031181882175045965
64.45,-0.10031515019313453,-0.05592874291012548,-0.04438640728300905
64.5,-0.09122736186556203,-0.0679417271478535,-0.02328563471770853
64.55,-0.06742359331185174,-0.08777041350502757,0.020346820193175824
64.60000000000001,-0.04067434617856811,-0.08788594652329436,0.04721160034472625
64.65,-0.016443938130668734,-0.042893473846166846,0.026449535715498112
64.7,0.01217015367150628,0.04449114867309739,-0.03232099500159111
64.75,0.05430096360829353,0.13835753773122741,-0.08405657412293388
64.8,0.1057519429111217,0.1932146730538551,-0.0874627301427334
64.85000000000001,0.14647300667647653,0.18780740457885767,-0.04133439790238114
64.9,0.15646646079699034,0.1402263748081808,0.01624008598880955
64.95,0.13492097811364234,0.09122640291922499,0.04369457519441736
65.0,0.10181160404177753,0.07037518332095395,0.031436420720823574
65.05,0.07818912342659688,0.07391673403190573,0.004272389394691156
65.10000000000001,0.06417300483263962,0.07171527750699437,-0.007542272674354755
65.15,0.037970863795332356,0.034944671125238407,0.0030261926700939495
65.2,-0.02099213185525754,-0.04010958030180406,0.01911744844654652
65.25,-0.1068128586371893,-0.1304430735506683,0.02363021491347901
65.3,-0.18559584784858046,-0.2044728689815992,0.01887702113301873
65.35000000000001,-0.221092364097867,-0.24221073813594465,0.021118374038077647
65.4,-0.20396773922047237,-0.24216539612813368,0.038197656907661304
65.45,-0.1570461871053106,-0.21427375286436387,0.05722756575905327
65.5,-0.1122391066455478,-0.16957654773488848,0.05733744108934068
65.55,-0.08248643092412683,-0.11618090457155864,0.033694473647431805
65.60000000000001,-0.05613450216593889,-0.0615792213561436,0.005444719190204707
65.65,-0.01769227091690176,-0.014866911245944714,-0.0028253596709570446
65.7,0.02817881813406466,0.015375682143815609,0.012803135990249051
65.75,0.05566414654813258,0.025264238134209072,0.030399908413923506
65.8,0.04199263544466457,0.01697008824461096,0.025022547200053608
65.85000000000001,-0.007489282152645834,-0.003926468243931826,-0.0035628139087140083
65.9,-0.05957956393565125,-0.03151398497983063,-0.028065578955820625
65.95,-0.08020362558567679,-0.059661123691229584,-0.0205425018944472
66.0,-0.06294053420118881,-0.08044362273683547,0.017503088535646666
66.05,-0.03222304194795931,-0.08523920403415003,0.05301616208619072
66.10000000000001,-0.018966027047934344,-0.07000347794668654,0.051037450898752196
66.15,-0.03257856886959456,-0.040381243622502415,0.007802674752907857
66.2,-0.055446628448187985,-0.01046413501760993,-0.04498249343057806
66.25,-0.06297921123641258,0.005761579858920242,-0.06874079109533282
66.3,-0.047835967663408425,0.0038184667243080788,-0.051654434387716504
66.35000000000001,-0.024845701996295454,-0.009117958316557994,-0.01572774367973746
66.4,-0.013852665994686295,-0.021008265761192323,0.007155599766506027
66.45,-0.01930459972749892,-0.024039025495522715,0.004734425768023794
66.5,-0.02664670603044546,-0.017685013342609638,-0.008961692687835823
66.55,-0.017144749726607653,-0.004091092846949663,-0.013053656879657989
66.60000000000001,0.015221751737095359,0.017818510707445792,-0.002596758970350433
66.65,0.06084271546305373,0.052121581519928385,0.008721133943125348
66.7,0.10534480054987426,0.09928037186739334,0.006064428682480916
66.75,0.14033702121589547,0.15036762352501842,-0.010030602309122949
66.8,0.16300760230353542,0.18916644348187708,-0.026158841178341663
66.85000000000001,0.16821247713841106,0.2012418669766772,-0.03302938983826614
66.9,0.14586638151461714,0.181792764616861,-0.03592638310224386
66.95,0.0897975329748484,0.13534630179181795,-0.04554876881696955
67.0,0.009539906594516104,0.0690549137368493,-0.059515007142333196
67.05,-0.06921034845180556,-0.011746422768735863,-0.0574639256830697
67.10000000000001,-0.11928389092153768,-0.09973572074167832,-0.019548170179859367
67.15,-0.12968715918670193,-0.17761639872197074,0.047929239535268814
67.2,-0.10980653419777772,-0.21696789147752593,0.10716135727974821
67.25,-0.07654584404102413,-0.1905829381084429,0.11403709406741877
67.3,-0.03772316971291196,-0.09208825978984544,0.054365090076933485
67.35000000000001,0.011469980864780674,0.05272845061561871,-0.04125846975083804
67.4,0.07599776845739215,0.1945729885155133,-0.11857522005812116
67.45,0.1465415611766132,0.28591647482902055,-0.13937491365240734
67.5,0.19963577794744305,0.30592891538289263,-0.10629313743544958
67.55,0.21413155971611053,0.26782412600237726,-0.05369256628626673
67.60000000000001,0.18868855536820875,0.2047617084005496,-0.01607315303234086
67.65,0.14312089289217925,0.14628668561685634,-0.0031657927246770967
67.7,0.1017806944230061,0.10276353913031123,-0.0009828447073051416
67.75,0.07441389926520502,0.0669386456596485,0.007475253605556523
67.8,0.05197552207216921,0.027661147742765166,0.024314374329404045
67.85000000000001,0.020024349308143032,-0.01737093338360533,0.03739528269174836
67.9,-0.02446792807838753,-0.05973180131344427,0.03526387323505674
67.95,-0.06937453285967966,-0.08881659643412163,0.019442063574441962
68.0,-0.09947746971692821,-0.10210755701520774,0.0026300872982795293
68.05,-0.11142108020383783,-0.10824259043607495,-0.0031784897677628737
68.10000000000001,-0.11638912477102167,-0.12063772549987532,0.004248600728853649
68.15,-0.12800602032260305,-0.14687066812700217,0.018864647804399115
68.2,-0.14753989699414327,-0.18178351687653727,0.034243619882393994
68.25,-0.16085335032981887,-0.20915298987216457,0.0482996395423457
68.3,-0.150084178991302,-0.21077041576160208,0.06068623677030008
68.35000000000001,-0.1093057496402314,-0.1771034284543333,0.0677976788141019
68.4,-0.05028040181304775,-0.11306495964405995,0.0627845578310122
68.45,0.006052885686905556,-0.03574929573979521,0.041802181426700766
68.5,0.04416329902422092,0.034014405967150566,0.010148893057070354
68.55,0.06219254074760014,0.08093833819887614,-0.018745797451275997
68.60000000000001,0.06836015479617205,0.1001484843291811,-0.031788329533009044
68.65,0.07060099227292162,0.09589384764885722,-0.025292855375935605
68.7,0.0693870434230506,0.07654849033848529,-0.007161446915434688
68.75,0.05949406068056958,0.05019856832730169,0.00929549235326789
68.8,0.03798702596951492,0.02340145613337451,0.01458556983614041
68.85000000000001,0.010478220611743036,0.0022537876354196333,0.008224432976323403
68.9,-0.010401094876899638,-0.007107241594834412,-0.0032938532820652256
68.95,-0.013591413171363009,-0.0003358283462383468,-0.013255584825124662
69.0,0.0015007297852811686,0.022093275771939057,-0.020592545986657888
69.05,0.023257031313135706,0.053520708451200126,-0.03026367713806442
69.10000000000001,0.035518286498853434,0.08314310469771383,-0.04762481819886039
69.15,0.029564186489668694,0.10042540710891772,-0.07086122061924902
69.2,0.011256728813262796,0.09914897243241094,-0.08789224361914814
69.25,-0.002886229467016804,0.07914547629752233,-0.08203170576453914
69.3,0.0015239493543556747,0.045841911180526856,-0.04431796182617118
69.35000000000001,0.024972018481892583,0.008802096706348713,0.01616992177554387
69.4,0.053228478157019324,-0.02030141453363526,0.07352989269065459
69.45,0.06878849794824947,-0.030903266072241427,0.0996917640204909
69.5,0.0651052155568861,-0.018008385271032903,0.08311360082791901
69.55,0.05101349245567109,0.014062662061763088,0.03695083039390801
69.60000000000001,0.041001650540831346,0.0517561041743394,-0.010754453633508056
69.65,0.04001967291754764,0.07756571974314909,-0.03754604682560145
69.7,0.037292503116261755,0.07811284891361403,-0.040820345797352275
69.75,0.015921887930881014,0.05013811928717314,-0.03421623135629213
69.8,-0.029734208135416593,0.0008714153893805771,-0.03060562352479717
69.85000000000001,-0.08498789108884701,-0.05651621099676509,-0.028471680092081918
69.9,-0.12325338881025415,-0.10834785140532768,-0.014905537404926464
69.95,-0.12524857393244399,-0.14327676121793498,0.018028187285490993
70.0,-0.09225471867846974,-0.15260482284035903,0.060350104161889295
70.05,-0.042398406312303454,-0.13092859578399077,0.08853018947168731
70.10000000000001,0.005169386719045337,-0.07900475239847018,0.08417413911751552
70.15,0.042670582869183925,-0.007085487092745627,0.04975606996192955
70.2,0.0720202095746567,0.06537010427042017,0.006650105304236528
70.25,0.09349767729555744,0.11587055010677641,-0.02237287281121897
70.3,0.0989141459771275,0.12846404875781803,-0.02954990278069053
70.35000000000001,0.07783841235023797,0.1008623673469613,-0.023023954996723328
70.4,0.030561615976959874,0.044525023757678674,-0.0139634077807188
70.45,-0.02685787712243381,-0.021982184992385672,-0.004875692130048136
70.5,-0.07271939287749285,-0.0816517160299465,0.008932323152453653
70.55,-0.09637705794698215,-0.12458427364416161,0.02820721569717946
70.60000000000001,-0.10519722018481956,-0.1485263504789604,0.043329130294140844
70.65,-0.11450227727720592,-0.1561419839685527,0.04163970669134677
70.7,-0.1303085378762236,-0.15192217373640393,0.021613635860180336
70.75,-0.14229583250749192,-0.14027424397113092,-0.002021588536361002
70.8,-0.13436536974117574,-0.12462508452528334,-0.009740285215892402
70.85000000000001,-0.1022322142528276,-0.10702599594561252,0.004793781692784924
70.9,-0.06002624544862281,-0.0883803186258948,0.028354073177271982
70.95,-0.02876357678471431,-0.06952146068880782,0.04075788390409352
71.0,-0.017949658333419438,-0.05245383859541878,0.03450418026199934
71.05,-0.01870150602016759,-0.040339848733164194,0.021638342712996604
71.10000000000001,-0.015152780189998424,-0.03562981942215994,0.020477039232161515
71.15,-0.0022415303190365084,-0.03768754077127032,0.035446010452233806
71.2,0.008623562515114638,-0.042304203869455895,0.050927766384570534
71.25,0.002137900932197877,-0.04411923879490845,0.04625713972710633
71.3,-0.02283596023621063,-0.04015803128994485,0.01732207105373422
71.35000000000001,-0.04853314598266949,-0.0312478743573406,-0.017285271625328887
71.4,-0.05257184942894687,-0.019772925770633703,-0.03279892365831316
71.45,-0.02779450542871391,-0.005771675113006997,-0.022022830315706912
71.5,0.011615383514159486,0.014639280479242185,-0.0030238969650826994
71.55,0.04357548560608936,0.04631710812202558,-0.0027416225159362165
71.60000000000001,0.05775773944230383,0.08961925099100233,-0.031861511548698505
71.65,0.06239362534070838,0.13716444991938484,-0.07477082457867645
71.7,0.07242112292285366,0.1761728751216382,-0.10375175219878455
71.75,0.09178933992755349,0.1951844957027151,-0.1033951557751616
71.8,0.10805327920530804,0.19024409128763126,-0.08219081208232322
71.85000000000001,0.10446245045762761,0.16603291577939336,-0.061570465321765744
71.9,0.07702411129236185,0.13154353866557436,-0.05451942737321251
71.95,0.03937091067006334,0.09414467378648207,-0.05477376311641873
72.0,0.010911437853039132,0.05673874643476918,-0.04582730858173005
72.05,0.00044787574694278207,0.019726517394311558,-0.019278641647368776
72.10000000000001,0.001349516743241884,-0.014595360441330033,0.015944877184571916
72.15,0.0020552450675517422,-0.03941944985732548,0.041474694924877216
72.2,0.00012952155101155397,-0.04521709384997406,0.04534661540098562
72.25,0.005065460710074617,-0.025100683779522955,0.030166144489597573
72.3,0.027094662342072667,0.019706785829084875,0.007387876512987793
72.35000000000001,0.06373786830536698,0.07792330168801084,-0.014185433382643858
72.4,0.09808341013614863,0.13133917360116792,-0.033255763465019295
72.45,0.11097811934036624,0.16175929926523996,-0.05078117992487373
72.5,0.09570616756749491,0.158457475433433,-0.06275130786593809
72.55,0.06178849703082845,0.12252765462021831,-0.06073915758938986
72.60000000000001,0.02551232300078541,0.0660188241838238,-0.04050650118303838
72.65,-0.0028161678445237665,0.006370735835394914,-0.00918690367991868
72.7,-0.023196729351948928,-0.040908090615400884,0.017711361263451957
72.75,-0.03977299526913604,-0.06758671724970644,0.027813721980570402
72.8,-0.05253825633499773,-0.0737682221330345,0.021229965798036765
72.85000000000001,-0.05609222315059679,-0.06507786367335025,0.008985640522753462
72.9,-0.046046953783890544,-0.048554151137026304,0.0025071973531357594
72.95,-0.025361022017877027,-0.029902608798711608,0.004541586780834581
73.0,-0.0033961744121061813,-0.012986841729078146,0.009590667316971965
73.05,0.011396832971028139,-0.0004561857572141655,0.011853018728242305
73.10000000000001,0.01758955174979946,0.0060882508848975675,0.011501300864901892
73.15,0.01980244826591751,0.006832899747804168,0.012969548518113341
73.2,0.02250758655312111,0.004396670677196685,0.018110915875924425
73.25,0.025697678654047023,0.0031453802383375326,0.02255229841570949
73.3,0.02679211309249634,0.007096405576527059,0.01969570751596928
73.35000000000001,0.025813461364572732,0.017683267542333292,0.00813019382223944
73.4,0.02712212493595344,0.03288149389410337,-0.005759368958149932
73.45,0.03496232933926402,0.04816974842128841,-0.013207419082024392
73.5,0.0473898792330111,0.05854736471381163,-0.011157485480800533
73.55,0.055723900303452825,0.0604144961669101,-0.004690595863457277
73.60000000000001,0.051370289485026664,0.052622455578096375,-0.0012521660930697107
73.65,0.03399654548196976,0.03665298652038966,-0.0026564410384199016
73.7,0.012867485478654022,0.016068792914121843,-0.0032013074354678202
73.75,-0.0006893321230700227,-0.004727835171987289,0.004038503048917266
73.8,-0.0031049795198527853,-0.022217881234449826,0.01911290171459704
73.85000000000001,-0.0015729818266771018,-0.03523687707383226,0.03366389524715516
73.9,-0.00735349723939517,-0.045239760252701086,0.037886263013305915
73.95,-0.025540441118806784,-0.05506378825906876,0.029523347140261978
74.0,-0.05065924927069828,-0.06706244871726806,0.01640319944656978
74.05,-0.07185908031094099,-0.08201389068771031,0.010154810376769324
74.10000000000001,-0.08251490814253189,-0.09940111186733669,0.016886203724804802
74.15,-0.08522835106029635,-0.1182193844669989,0.03299103340670255
74.2,-0.08788294632996024,-0.1369551388015074,0.04907219247154715
74.25,-0.09489939012502896,-0.15255622579330533,0.05765683566827637
74.3,-0.10215624647048378,-0.15996399170472325,0.05780774523423947
74.35000000000001,-0.10041848672738925,-0.15402596034406413,0.05360747361667488
74.4,-0.08419827854267944,-0.13351853843498232,0.049320259892302876
74.45,-0.05806341134581321,-0.10425234902573209,0.046188937679918884
74.5,-0.0346943532415322,-0.07772151268813854,0.04302715944660634
74.55,-0.026092824750619015,-0.06476238708251857,0.038669562331899554
74.60000000000001,-0.034939125329241434,-0.06812002850578307,0.03318090317654163
74.65,-0.05267400345589792,-0.07969206246467667,0.027018059008778746
74.7,-0.06532893204328247,-0.08526987081456364,0.01994093877128117
74.75,-0.0623586174395499,-0.07376973969596305,0.01141112225641315
74.8,-0.04219436629646812,-0.044108519077415115,0.0019141527809469969
74.85000000000001,-0.011479061485056067,-0.004594201238027198,-0.006884860247028869
74.9,0.020202613157401034,0.03418374113844742,-0.013981127981046382
74.95,0.045645231423309646,0.06664405662635092,-0.020998825203041277
75.0,0.06200249484049082,0.09353478292084644,-0.03153228808035562
75.05,0.06928406041318406,0.1167664867987179,-0.047482426385533835
75.10000000000001,0.0678422793137189,0.13333602225557886,-0.06549374294185996
75.15,0.05747129044996497,0.13491055615543873,-0.07743926570547377
75.2,0.0387451971917088,0.11443847415281734,-0.07569327696110854
75.25,0.014969264815815073,0.07431558381748316,-0.059346319001668084
75.3,-0.007539167328306296,0.02841704082561812,-0.03595620815392442
75.35000000000001,-0.021742743594150758,-0.004977434047914387,-0.01676530954623637
75.4,-0.02343064383006945,-0.014560603475702023,-0.008870040354367429
75.45,-0.013483124201222335,-0.002828233608720899,-0.010654890592501435
75.5,0.002867974575269447,0.017079456876197698,-0.01421148230092825
75.55,0.019274391720307184,0.03185720721348083,-0.012582815493173645
75.60000000000001,0.0316405889086569,0.0372654880057513,-0.005624899097094405
75.65,0.03930339428594535,0.038907565501397776,0.0003958287845475736
75.7,0.04358400524532892,0.04473435379350776,-0.001150348548178838
75.75,0.04540311462189308,0.0564166811003732,-0.011013566478480119
75.8,0.0442123163837048,0.06727319214565429,-0.02306087576194949
75.85000000000001,0.03905394700208196,0.06829985472901268,-0.02924590772693072
75.9,0.030458891219135063,0.05658683030924563,-0.026127939090110564
75.95,0.021064750947399635,0.03844065902258909,-0.017375908075189458
76.0,0.014061987656283617,0.024426941835389297,-0.010364954179105679
76.05,0.010729190227186354,0.020771046664310202,-0.010041856437123848
76.10000000000001,0.009368166300072183,0.024638351868119687,-0.015270185568047503
76.15,0.006825029165944558,0.027177008294242567,-0.02035197912829801
76.2,0.00142324285717175,0.021320372183067354,-0.019897129325895605
76.25,-0.00529974285036611,0.007434168681097807,-0.012733911531463917
76.3,-0.009750833321416838,-0.007748840680220665,-0.0020019926411961727
76.35000000000001,-0.009475081800380121,-0.017294927933697076,0.007819846133316955
76.4,-0.005596478017088351,-0.019472874786375414,0.013876396769287064
76.45,-0.0022386025535972576,-0.01785153183288809,0.015612929279290831
76.5,-0.0032730839149130767,-0.01681266825931719,0.013539584344404111
76.55,-0.009140829512219846,-0.01729045666626385,0.008149627154044003
76.60000000000001,-0.016466991793172885,-0.016773459251743277,0.00030646745857039123
76.65,-0.02071471281527781,-0.013048105500912675,-0.007666607314365135
76.7,-0.019446362652343785,-0.00740983411205042,-0.012036528540293365
76.75,-0.013365762036703217,-0.003710590675119496,-0.00965517136158372
76.80000000000001,-0.004553550899325593,-0.003895408207758467,-0.0006581426915671261
76.85000000000001,0.005991522839977917,-0.004398804167033535,0.010390327007011452
76.9,0.018870168500262012,0.002642100314224794,0.01622806818603722
76.95,0.03438504471428935,0.023570007322265954,0.0108150373920234
77.0,0.05039970831405103,0.0571289986039601,-0.006729290289909068
77.05000000000001,0.06250562672581716,0.0929677198734104,-0.03046209314759324
77.10000000000001,0.06669381878510626,0.11618700836579733,-0.04949318958069107
77.15,0.062049630925822906,0.1151093159753309,-0.053059685049508
77.2,0.05086604884642684,0.08753976096704107,-0.036673712120614224
77.25,0.03626159928706897,0.042155095802429016,-0.005893496515360044
77.30000000000001,0.020056990248170502,-0.005334031154772032,0.025391021402942533
77.35000000000001,0.003275195865228394,-0.03912138194368077,0.04239657780890917
77.4,-0.01163607756575776,-0.05020367197290025,0.03856759440714249
77.45,-0.020326448912826842,-0.04028215579280261,0.019955706879975766
77.5,-0.019843033832924357,-0.020756086019184675,0.0009130521862603172
77.55000000000001,-0.013193524376042327,-0.006877463273819486,-0.006316061102222842
77.60000000000001,-0.00979933489680133,-0.009733306939425321,-6.602795737600808e-05
77.65,-0.019220592140562452,-0.030475272609497235,0.011254680468934783
77.7,-0.04224227950345172,-0.0603374100848024,0.018095130581350684
77.75,-0.06754191150060973,-0.08633398982566737,0.018792078325057637
77.80000000000001,-0.07858333119467407,-0.09856291668696458,0.019979585492290508
77.85000000000001,-0.06624407241640323,-0.09409655022175155,0.027852477805348316
77.9,-0.036419431618104674,-0.07558715720600018,0.039167725587895504
77.95,-0.005296343649608802,-0.04728879796922156,0.04199245431961276
78.0,0.013994680461086567,-0.01297691514829475,0.026971595609381317
78.05000000000001,0.021209691088537045,0.02249684515596673,-0.0012871540674296855
78.10000000000001,0.026011356817394107,0.05082413002649113,-0.024812773209097024
78.15,0.03517016779081531,0.06145899413554297,-0.026288826344727657
78.2,0.04304905813590493,0.04752490177414499,-0.004475843638240065
78.25,0.03594982776828387,0.012221805054716279,0.023728022713567592
78.30000000000001,0.007237938642069349,-0.030315332083688445,0.037553270725757794
78.35000000000001,-0.03161826725668091,-0.06182503300915263,0.03020676575247172
78.4,-0.05659762264263305,-0.07005091575563804,0.013453293113004992
78.45,-0.050340372219767233,-0.05484897453506339,0.004508602315296158
78.5,-0.018032956290145445,-0.026288098341770545,0.0082551420516251
78.55000000000001,0.015497936612269591,0.002633986189458837,0.012863950422810754
78.60000000000001,0.02611622304750562,0.02235937218155058,0.0037568508659550394
78.65,0.01018191546831351,0.028295270855333107,-0.018113355387019598
78.7,-0.014249842774665317,0.019033067738645916,-0.03328291051331123
78.75,-0.025756219810823384,-0.0045138489687541776,-0.021242370842069206
78.80000000000001,-0.01992699896733213,-0.03752017709037759,0.01759317812304546
78.85000000000001,-0.012463545985898362,-0.07030977295299992,0.05784622696710156
78.9,-0.02238108837768796,-0.09196569642746194,0.06958460804977398
78.95,-0.05193842927911648,-0.0976491516461267,0.045710722367010216
79.0,-0.08297391597153088,-0.0932763934551177,0.010302477483586828
79.05000000000001,-0.0932062348127074,-0.09150747600455451,-0.0016987588081528865
79.10000000000001,-0.07656631539999369,-0.10033818046493574,0.023771865064942055
79.15,-0.04787236211533575,-0.11357082642178734,0.0656984643064516
79.2,-0.027706869187291636,-0.11275966913658374,0.0850527999492921
79.25,-0.022724110693756093,-0.08110356839730994,0.05837945770355384
79.30000000000001,-0.020692514702292098,-0.018680399374926104,-0.0020121153273659938
79.35000000000001,-0.004577260842303705,0.054227857204061085,-0.05880511804636479
79.4,0.02893757696883943,0.10978084588415683,-0.0808432689153174
79.45,0.06507991980535452,0.13169946177765107,-0.06661954197229655
79.5,0.08477416853223634,0.12544859875449332,-0.04067443022225699
79.55000000000001,0.08234518074900112,0.11138015191633321,-0.0290349711673321
79.60000000000001,0.06936248252117391,0.10704307842917776,-0.03768059590800385
79.65,0.06127303817207121,0.11364201456211026,-0.05236897639003905
79.7,0.06101355472093742,0.11735934152054296,-0.05634578679960554
79.75,0.056652847708283736,0.10314581597195717,-0.04649296826367343
79.80000000000001,0.03553683304587893,0.06842127411943273,-0.0328844410735538
79.85000000000001,0.00030522374835792405,0.025434137916338483,-0.02512891416798056
79.9,-0.030105700587594073,-0.008327195231631248,-0.021778505355962825
79.95,-0.03645069246312094,-0.02240966867910888,-0.014041023784012056
80.0,-0.017006408684173455,-0.01839105367333258,0.001384644989159127
