x,yobs,ycalc,ydiff
0.05,-2.062911337247217e-11,-0.036853180725289175,0.03685318070466006
0.1,-2.1796058576212013e-10,-0.0538323306033932,0.053832330385432614
0.15000000000000002,-1.1657423724565697e-08,-0.05237134797948108,0.05237133632205735
0.2,-1.4224273228880112e-07,-0.05372912410249684,0.05372898185976455
0.25,-3.345246379636462e-07,-0.07627670170843616,0.0762763671837982
0.30000000000000004,4.0346560002066355e-06,-0.11569771487513997,0.11570174953114018
0.35000000000000003,3.7109136909988466e-05,-0.14936383603288522,0.1494009451697952
0.4,0.00015218388393214847,-0.16050500261554276,0.1606571864994749
0.45,0.0003580470858425219,-0.15647949869456237,0.1568375457804049
0.5,0.0003682679059846118,-0.16131048901871992,0.16167875692470451
0.55,-0.000705214586061953,-0.1899532129389781,0.18924799835291614
0.6000000000000001,-0.004143887317243208,-0.23170161845264736,0.22755773113540415
0.65,-0.010171222868172928,-0.26107677994223477,0.25090555707406187
0.7000000000000001,-0.015467834144550796,-0.26530589469479626,0.24983806055024546
0.75,-0.011866740351954806,-0.2589650861967408,0.247098345844786
0.8,0.010332624002734967,-0.2690752655826646,0.2794078895853996
0.8500000000000001,0.053248974591804006,-0.3055728714208127,0.3588218460126167
0.9,0.10143824067889204,-0.3491168636669304,0.45055510434582247
0.9500000000000001,0.12144831639097879,-0.37105727887779993,0.49250559526877874
1.0,0.07882224290940276,-0.36554261350827527,0.44436485641767803
1.05,-0.03279795709847497,-0.3583138628997968,0.32551590580132184
1.1,-0.17179587994671988,-0.3796528022694043,0.2078569223226844
1.1500000000000001,-0.2619796526401648,-0.4286243722037214,0.1666447195635566
1.2000000000000002,-0.2426660905847769,-0.4696247846397207,0.2269586940549438
1.25,-0.12482121255946545,-0.4710688621760594,0.346247649616594
1.3,-0.0037647892740151974,-0.44786758899481777,0.4441027997208026
1.35,-0.00040460710102931726,-0.45545407589851566,0.45504946879748637
1.4000000000000001,-0.15924750781379063,-0.5259762980917897,0.3667287902779991
1.4500000000000002,-0.3808026607711688,-0.6018339606085873,0.22103129983741848
1.5,-0.45957717865096537,-0.5429540839938432,0.08337690534287778
1.55,-0.22585912726981328,-0.22964053738231274,0.003781410112499467
1.6,0.3018283053305427,0.30872976433391797,-0.006901459003375243
1.6500000000000001,0.8789978054078187,0.8544675246221844,0.02453028078563424
1.7000000000000002,1.1689603550886698,1.1135147024414327,0.05544565264723711
1.75,0.9743801665259516,0.9192355608828934,0.05514460564305823
1.8,0.4009768754357327,0.3784887747120721,0.022488100723660587
1.85,-0.1823227236321105,-0.1655441434886468,-0.0167785801434637
1.9000000000000001,-0.37924290071586503,-0.3481181993269811,-0.031124701388883902
1.9500000000000002,-0.038616642760029365,-0.030463381655730794,-0.008153261104298572
2.0,0.6345821176764062,0.5991078820467608,0.035474235629645356
2.0500000000000003,1.214787065718694,1.1469448860501181,0.06784217966857597
2.1,1.341384166893467,1.2722565143788156,0.06912765251465136
2.15,0.9479251851515514,0.8981507303197256,0.049774454831825854
2.2,0.27642057116637386,0.23344109167154758,0.04297947949482628
2.25,-0.31653271926202087,-0.3930335724636533,0.07650085320163241
2.3000000000000003,-0.6040474241203764,-0.7514140667114573,0.1473666425910809
2.35,-0.6047871464726091,-0.8262808960745149,0.22149374960190582
2.4000000000000004,-0.5070275229797264,-0.7660547682959051,0.2590272453161787
2.45,-0.48848139758666526,-0.7325874726395597,0.24410607505289444
2.5,-0.5848016247104937,-0.7793801675002563,0.1945785427897626
2.5500000000000003,-0.698089175201274,-0.8433648979053736,0.1452757227040996
2.6,-0.7123919331479842,-0.833156752449501,0.12076481930151683
2.6500000000000004,-0.6033758955992193,-0.7235551664038743,0.12017927080465496
2.7,-0.45243458990140445,-0.5760267332679166,0.1235921433665122
2.75,-0.36856942006408366,-0.47908409039144556,0.1105146703273619
2.8000000000000003,-0.3980553472337633,-0.47183419580094194,0.07377884856717865
2.85,-0.5004401734231881,-0.5207976330533111,0.02035745963012292
2.9000000000000004,-0.6013467059148954,-0.564945348625931,-0.03640135728896432
2.95,-0.6643533346420081,-0.5803654061219404,-0.08398792852006765
3.0,-0.7147836737833698,-0.6011878598369378,-0.11359581394643203
3.0500000000000003,-0.7994218646434958,-0.6781900178179783,-0.12123184682551758
3.1,-0.9269805916282634,-0.8176517550318214,-0.10932883659644199
3.1500000000000004,-1.049394452721753,-0.9630491918526638,-0.08634526086908911
3.2,-1.1024490283336132,-1.0414401439030252,-0.06100888443058805
3.25,-1.0657433312851277,-1.031753734394487,-0.03398959689064074
3.3000000000000003,-0.9806375888535479,-0.9849146689819509,0.004277080128402999
3.35,-0.9015238867542482,-0.9657813147759592,0.06425742802171097
3.4000000000000004,-0.8198257196756792,-0.9627087117486822,0.14288299207300303
3.45,-0.6348101046388902,-0.853308617027499,0.21849851238860885
3.5,-0.2156177131718108,-0.4789971861764986,0.2633794730046878
3.5500000000000003,0.4767814481818866,0.21167174705478828,0.2651097011270983
3.6,1.300424047189085,1.063206349346883,0.23721769784220204
3.6500000000000004,1.9608007413144042,1.7534307558760638,0.2073699854383404
3.7,2.1615181195344375,1.969067748501485,0.1924503710329526
3.75,1.786139335735853,1.602436198683937,0.183703137051916
3.8000000000000003,0.9847782502769838,0.8279385288918599,0.15683972138512392
3.85,0.09781476040420131,-0.0003978073326508874,0.0982125677368522
3.9000000000000004,-0.537034667958265,-0.5588747473492794,0.0218400793910144
3.95,-0.7646210684229613,-0.7246342953600956,-0.03998677306286569
4.0,-0.6616085557930181,-0.5971503084947868,-0.06445824729823135
4.05,-0.4359253717817028,-0.377751252927638,-0.058174118854064816
4.1000000000000005,-0.26481249247316635,-0.21462215932921702,-0.05019033314394933
4.15,-0.19321958645467344,-0.12841857374452034,-0.0648010127101531
4.2,-0.1525363382770035,-0.05272280839070171,-0.0998135298863018
4.25,-0.05945377282014366,0.07069326095618264,-0.1301470337763263
4.3,0.10003279896377856,0.23195972680487487,-0.1319269278410963
4.3500000000000005,0.2666704482938465,0.37004979807049615,-0.10337934977664964
4.4,0.3703743883573307,0.43410150507966716,-0.06372711672233644
4.45,0.39096375006758294,0.42476710284486174,-0.033803352777278806
4.5,0.3630647856284134,0.3821202789322024,-0.01905549330378903
4.55,0.3313321022299783,0.34205841937618064,-0.010726317146202369
4.6000000000000005,0.30739675297047203,0.30827071643228837,-0.0008739634618163405
4.65,0.2698657460218233,0.2629967759856696,0.006868970036153665
4.7,0.1998670789324492,0.19732727210428777,0.002539806828161434
4.75,0.10936141815304862,0.12510642179795958,-0.015745003644910965
4.800000000000001,0.03167603377187744,0.06713712381734188,-0.03546109004546444
4.8500000000000005,-0.013135958793510148,0.02672186236151041,-0.03985782115502056
4.9,-0.038426444254638994,-0.013661266062146743,-0.02476517819249225
4.95,-0.07360721380995874,-0.06947431776385146,-0.004132896046107282
5.0,-0.1276866855933247,-0.13019125512203605,0.0025045695287113645
5.050000000000001,-0.173425505484069,-0.16214294352236513,-0.011282561961703852
5.1000000000000005,-0.17053291706369722,-0.137843056505022,-0.03268986055867523
5.15,-0.10486843089419405,-0.062387608214178616,-0.042480822680015434
5.2,-0.002849625396262331,0.03132562104567187,-0.0341752464419342
5.25,0.09468822249523758,0.1154754523460469,-0.02078722985080933
5.300000000000001,0.1727382496380272,0.19547965459503885,-0.022741404957011657
5.3500000000000005,0.2545466082686318,0.30351684010271096,-0.04897023183407917
5.4,0.37208941237172244,0.46126803961503265,-0.08917862724331022
5.45,0.523522283276465,0.6471484606036676,-0.1236261773272026
5.5,0.6608393143264009,0.8007536840111618,-0.1399143696847609
5.550000000000001,0.7217211331807457,0.8625746139368118,-0.14085348075606607
5.6000000000000005,0.6761574801633241,0.8138541005251612,-0.13769662036183705
5.65,0.5445156083408369,0.681934715549531,-0.1374191072086941
5.7,0.3728058002480627,0.5097386566943397,-0.136932856446277
5.75,0.19310607466834243,0.32150053022527675,-0.12839445555693432
5.800000000000001,0.009972078234761277,0.11838064608256425,-0.10840856784780298
5.8500000000000005,-0.17500350301977516,-0.09351176993649708,-0.08149173308327808
5.9,-0.32886313040528864,-0.2732391759761599,-0.055623954429128764
5.95,-0.3831937570786317,-0.34731880971849266,-0.03587494736013902
6.0,-0.27184758744977633,-0.24937974023353524,-0.022467847216241094
6.050000000000001,0.018030021365373818,0.031344635356203486,-0.013314613990829668
6.1000000000000005,0.42349974471026985,0.4297146402549991,-0.00621489554472926
6.15,0.8295330746622986,0.8274202309597319,0.0021128437025667024
6.2,1.1199379773236822,1.102418045026465,0.017519932297217267
6.25,1.2207704285305452,1.1745911457052327,0.04617928282531247
6.300000000000001,1.1159216084806929,1.0269921152365522,0.08892949324414068
6.3500000000000005,0.8392382853483078,0.7014739192893712,0.1377643660589366
6.4,0.4578559423795354,0.2787371768332564,0.17911876554627904
6.45,0.053703170550474105,-0.14817335825315295,0.20187652880362705
6.5,-0.29879738513234455,-0.5017113501924793,0.2029139650601347
6.550000000000001,-0.5566576196639476,-0.742235587600521,0.18557796793657344
6.6000000000000005,-0.720546508322926,-0.8747314282919673,0.15418491996904127
6.65,-0.8222264038729825,-0.9339073624186097,0.1116809585456272
6.7,-0.8924881557801296,-0.9555927733626857,0.06310461758255603
6.75,-0.934874274805553,-0.9543038513312331,0.019429576525680115
6.800000000000001,-0.9287257586352461,-0.9231903085621805,-0.005535450073065551
6.8500000000000005,-0.8584897187102684,-0.8534975493253282,-0.004992169384940182
6.9,-0.7393153753661597,-0.7529017780647984,0.013586402698638755
6.95,-0.6104801859758512,-0.6434130573316327,0.03293287135578149
7.0,-0.49992854509728946,-0.5402283084869239,0.04029976338963448
7.050000000000001,-0.39491807783316524,-0.43354040132097077,0.03862232348780553
7.1000000000000005,-0.2520913900880833,-0.2949749611071492,0.042883571019065925
7.15,-0.04360650785281029,-0.10768248515912994,0.06407597730631964
7.2,0.20134056132680364,0.10507457698699899,0.09626598433980466
7.25,0.40058570006003624,0.28021750777748805,0.12036819228254819
7.300000000000001,0.4701592309625446,0.3481984981741727,0.12196073278837188
7.3500000000000005,0.3811557432719725,0.27540294609243043,0.10575279717954206
7.4,0.1754408879938533,0.08380715801994452,0.09163372997390877
7.45,-0.06954714194136995,-0.16481144515471388,0.09526430321334393
7.5,-0.2924716075723914,-0.404603710840263,0.1121321032678716
7.550000000000001,-0.4719866349611139,-0.5932907334423069,0.12130409848119295
7.6000000000000005,-0.6100612475968631,-0.7157607073679272,0.1056994597710641
7.65,-0.7017304143938976,-0.7705707455575986,0.06884033116370103
7.7,-0.7272505084085541,-0.7583513124808854,0.03110080407233129
7.75,-0.6743881075223072,-0.683359300905921,0.008971193383613851
7.800000000000001,-0.5641118110675056,-0.5624363575789733,-0.0016754534885323746
7.8500000000000005,-0.4480350618217752,-0.4271856400707354,-0.02084942175103982
7.9,-0.37483540189932646,-0.31254475533404197,-0.06229064656528449
7.95,-0.35517079236520005,-0.23915159844512482,-0.11601919392007523
8.0,-0.35724370184421594,-0.20334389933623623,-0.15389980250797972
8.05,-0.33593025057169423,-0.18180706392500195,-0.15412318664669228
8.1,-0.2672129424588995,-0.1456402328742396,-0.12157270958465988
8.15,-0.157329110770553,-0.07286913771121457,-0.08445997305933843
8.200000000000001,-0.023292348169192456,0.04687623423051498,-0.07016858239970744
8.25,0.13049786552595136,0.21334043571871847,-0.08284257019276711
8.3,0.31391365465732307,0.4168387256522715,-0.10292507099494841
8.35,0.5306070751172973,0.6380349579133924,-0.10742788279609505
8.4,0.7589482971842968,0.8495083242089927,-0.0905600270246959
8.450000000000001,0.9561309696208464,1.02193353324455,-0.06580256362370362
8.5,1.0826825331050647,1.1326369316051725,-0.049954398500107855
8.55,1.123843173478174,1.1707940854590784,-0.0469509119809044
8.6,1.0885895621037966,1.1360849370488697,-0.047495374945073054
8.65,0.9909125152363315,1.0337335367814418,-0.04282102154511025
8.700000000000001,0.835603185685633,0.8718384927921757,-0.03623530710654277
8.75,0.6239002404526206,0.6633578617861189,-0.03945762133349828
8.8,0.3709482878149104,0.4288529683189597,-0.05790468050404929
8.85,0.11260167512357164,0.1941107141124031,-0.08150903898883147
8.9,-0.11048173644842119,-0.018346942285815925,-0.09213479416260525
8.950000000000001,-0.2788027686045573,-0.19787735798723866,-0.08092541061731867
9.0,-0.40437560591500116,-0.34673686303398055,-0.05763874288102061
9.05,-0.512967902390419,-0.47161455986151657,-0.04135334252890244
9.1,-0.6128019596208268,-0.571969082890884,-0.040832876729942846
9.15,-0.6785038490349827,-0.6344020929026839,-0.04410175613229883
9.200000000000001,-0.6660065047469689,-0.6374396213801732,-0.028566883366795692
9.25,-0.5460937549703321,-0.5630905227779371,0.016996767807605062
9.3,-0.3280535940713743,-0.40744316869080355,0.07938957461942925
9.35,-0.055265745820705724,-0.18500256491998915,0.12973681909928342
9.4,0.21963155054715836,0.07314261099982314,0.14648893954733522
9.450000000000001,0.45626094432288083,0.3243909440150215,0.13187000030785934
9.5,0.6288676835707263,0.5214061904473881,0.10746149312333819
9.55,0.7156497620172704,0.6214596782742653,0.09419008374300508
9.600000000000001,0.6942068137296677,0.5984920447453669,0.09571476898430087
9.65,0.5535744345973715,0.4541143376858988,0.09946009691147273
9.700000000000001,0.31268195678431165,0.22077647880543558,0.09190547797887608
9.75,0.02431780100245325,-0.04750870315398216,0.0718265041564354
9.8,-0.24541014481613477,-0.29445266835772854,0.049042523541593774
9.850000000000001,-0.4495173462367748,-0.4814345843351903,0.03191723809841551
9.9,-0.5794069546683093,-0.5975058691740142,0.01809891450570489
9.950000000000001,-0.6560060678320003,-0.6546932519226816,-0.0013128159093187541
10.0,-0.7017038345983418,-0.6728219603538124,-0.028881874244529482
10.05,-0.7179220028982557,-0.6640856001781472,-0.05383640272010848
10.100000000000001,-0.6868564475274919,-0.626786414787934,-0.06007003273955791
10.15,-0.5936371290978965,-0.5509765724679109,-0.04266055662998558
10.200000000000001,-0.4472394777659421,-0.43080432874738656,-0.016435149018555528
10.25,-0.2806113580649325,-0.2743247600893975,-0.006286597975534991
10.3,-0.12977950598007806,-0.10372280838775605,-0.026056697592322015
10.350000000000001,-0.01020790437899381,0.05440722306445335,-0.06461512744344716
10.4,0.08985890796912858,0.18243422545608307,-0.09257531748695448
10.450000000000001,0.19510020283208837,0.2801854034258255,-0.08508520059373711
10.5,0.3217704370078018,0.3634253712501914,-0.04165493424238964
10.55,0.46718950065276466,0.4535062692317651,0.013683231420999531
10.600000000000001,0.6157268284915278,0.5641778894280377,0.05154893906349012
10.65,0.7511410099862245,0.6920901845757773,0.05905082541044715
10.700000000000001,0.8610374714802452,0.8146573873061931,0.04638008417405215
10.75,0.9301525448821104,0.8956749936220851,0.034477551260025274
10.8,0.9335857399945849,0.8972569947895452,0.0363287452050397
10.850000000000001,0.8437131340651248,0.795439119713067,0.048274014352057804
10.9,0.6513843318988669,0.5945123450957673,0.05687198680309957
10.950000000000001,0.3850888550932701,0.3326178165400406,0.05247103855322954
11.0,0.1082055961147965,0.07207394780821803,0.03613164830657847
11.05,-0.1099731289495497,-0.12495736997190518,0.014984241022355474
11.100000000000001,-0.23129101873931499,-0.2244227839915176,-0.00686823474779738
11.15,-0.2665462655216026,-0.23533446312200557,-0.031211802399597033
11.200000000000001,-0.26054150299703,-0.20112779558568364,-0.059413707411346356
11.25,-0.2567695762957623,-0.17222067990857612,-0.08454889638718618
11.3,-0.26992620571230513,-0.1780662160841292,-0.09185998962817593
11.350000000000001,-0.28620549896583175,-0.21707124186963458,-0.06913425709619717
11.4,-0.28661620008863076,-0.268487773233335,-0.018128426855295754
11.450000000000001,-0.2696621193833657,-0.31344089033077166,0.043778770947405954
11.5,-0.2532118224709288,-0.347088940384602,0.09387711791367315
11.55,-0.256768639057231,-0.3745045138172649,0.11773587476003389
11.600000000000001,-0.28371440336414705,-0.39874515326839005,0.115030749904243
11.65,-0.32123351611481005,-0.4155982086346238,0.09436469251981378
11.700000000000001,-0.3564394191177657,-0.42039998840869863,0.06396056929093291
11.75,-0.39045071544705245,-0.4179800642813137,0.027529348834261225
11.8,-0.4346141438838272,-0.42230154253793584,-0.01231260134589135
11.850000000000001,-0.49198755255771126,-0.4428522371904474,-0.04913531536726384
11.9,-0.5431964850123105,-0.4698201297119395,-0.07337635530037107
11.950000000000001,-0.5524658904107207,-0.4738009746324725,-0.07866491577824819
12.0,-0.49016263133742527,-0.42332470454662763,-0.06683792679079764
12.05,-0.3520853452278556,-0.30642946088462425,-0.04565588434323137
12.100000000000001,-0.15911586588318583,-0.1378466779459331,-0.021269187937252715
12.15,0.059911744491968205,0.053629715300999165,0.006282029190969041
12.200000000000001,0.28374121056465235,0.24461733010720724,0.03912388045744511
12.25,0.4979567664259057,0.4247606315659773,0.07319613485992837
12.3,0.6819425275815015,0.5865384893395943,0.09540403824190724
12.350000000000001,0.8014546436974095,0.7099844740057791,0.09147016969163035
12.4,0.8194137081977771,0.7609562733950364,0.05845743480274079
12.450000000000001,0.7184170729957297,0.7086146394963891,0.009802433499340513
12.5,0.5153470780950231,0.5485744142675507,-0.0332273361725276
12.55,0.2548865373735887,0.31168553921696657,-0.05679900184337788
12.600000000000001,-0.011902222471325106,0.05088681644541919,-0.0627890389167443
12.65,-0.24533869306956224,-0.18242388954659539,-0.06291480352296686
12.700000000000001,-0.4193502605903427,-0.35403309479975476,-0.06531716579058794
12.75,-0.5141793331286166,-0.44691505693258826,-0.06726427619602837
12.8,-0.5150899890372066,-0.4543162888202515,-0.06077370021695511
12.850000000000001,-0.4234795526106296,-0.3792664229803956,-0.044213129630233994
12.9,-0.26922623057589357,-0.24252753376777042,-0.026698696808123146
12.950000000000001,-0.10692317325163289,-0.08689926601687128,-0.020023907234761606
13.0,0.007926837005881053,0.03455000907876916,-0.026623172072888106
13.05,0.04651173057287336,0.08340465736182245,-0.03689292678894909
13.100000000000001,0.016014446633755668,0.05546232987494855,-0.03944788324119288
13.15,-0.055796539550340495,-0.02219500465208991,-0.03360153489825059
13.200000000000001,-0.14477515606595356,-0.11472790334674407,-0.030047252719209494
13.25,-0.24070455149653625,-0.20288917771199125,-0.037815373784545
13.3,-0.3365834603496679,-0.2856366590787243,-0.05094680127094359
13.350000000000001,-0.41190077786205015,-0.36157619239932764,-0.050324585462722504
13.4,-0.4311220160734226,-0.4098025980630987,-0.021319418010323887
13.450000000000001,-0.3627228018462191,-0.3919603583421898,0.029237556495970707
13.5,-0.2024576338606387,-0.27707007363483743,0.07461243977419874
13.55,0.02078525208947753,-0.06811591174099531,0.08890116383047283
13.600000000000001,0.2619481268571624,0.1936520236445109,0.0682961032126515
13.65,0.4837833116991432,0.45113473969498186,0.032648572004161325
13.700000000000001,0.6670677576261526,0.6612662412496061,0.005801516376546467
13.75,0.8017237430660415,0.8076594966342626,-0.005935753568221069
13.8,0.8729087019931205,0.8887759783834398,-0.015867276390319263
13.850000000000001,0.8598058955690077,0.8976469952156191,-0.03784109964661142
13.9,0.7500464994653204,0.8161610476005079,-0.06611454813518747
13.950000000000001,0.5555655353368665,0.6315803073392737,-0.07601477200240725
14.0,0.31380591674720887,0.36037752886547025,-0.046571612118261385
14.05,0.0724756239417283,0.05600508643492404,0.01647053750680426
14.100000000000001,-0.12907247196874322,-0.20970583758690942,0.0806333656181662
14.15,-0.26823542515466625,-0.37963035133779394,0.11139492618312768
14.200000000000001,-0.3362727871038678,-0.4355737748508647,0.09930098774699686
14.25,-0.3338746392171623,-0.39848822348695595,0.06461358426979363
14.3,-0.27252650553239544,-0.3086273498019889,0.03610084426959348
14.350000000000001,-0.17773490516885343,-0.20273017955050399,0.024995274381650556
14.4,-0.08444541822490725,-0.10310353321519565,0.018658114990288396
14.450000000000001,-0.022437940805450526,-0.02067258437071372,-0.0017653564347368048
14.5,-0.001938213684390121,0.03688574444824887,-0.03882395813263899
14.55,-0.012265154954108754,0.06173593805574859,-0.07400109300985734
14.600000000000001,-0.0346748090477531,0.04975761162695483,-0.08443242067470794
14.65,-0.056627655139815276,0.006721107476404535,-0.06334876261621981
14.700000000000001,-0.07405842517105127,-0.050041785402147314,-0.024016639768903954
14.75,-0.0823492402856645,-0.09741676786519271,0.015067527579528214
14.8,-0.07026549372675024,-0.11712630773832636,0.046860814011576116
14.850000000000001,-0.028247367065346623,-0.1051276572455244,0.07688029018017778
14.9,0.03507800105961616,-0.0739444087952207,0.10902240985483685
14.950000000000001,0.08746603919166955,-0.045754536214294116,0.13322057540596366
15.0,0.09049074550469195,-0.03968566699724841,0.13017641250194037
15.05,0.028629737102253798,-0.06130536553830692,0.08993510264056072
15.100000000000001,-0.07633211808317171,-0.10193141594689183,0.025599297863720116
15.15,-0.18136584535097033,-0.148697609273207,-0.03266823607776334
15.200000000000001,-0.2561279093013049,-0.19722666940491246,-0.058901239896392454
15.25,-0.3035683335910983,-0.2550569763343169,-0.04851135725678141
15.3,-0.3473070857540477,-0.3306483612267424,-0.01665872452730527
15.350000000000001,-0.39792102037934035,-0.41599045644757326,0.018069436068232914
15.4,-0.43213655311297244,-0.4792622008199894,0.04712564770701694
15.450000000000001,-0.4080141390110201,-0.47847568600944435,0.07046154699842422
15.5,-0.30468830886585085,-0.3900516176896708,0.08536330882381993
15.55,-0.15013167566988278,-0.23159943156612464,0.08146775589624186
15.600000000000001,-0.009572863562235993,-0.05945240304369406,0.04987953948145807
15.65,0.0574577902708975,0.06053952280224611,-0.0030817325313486077
15.700000000000001,0.03538438701434816,0.08987144662523236,-0.0544870596108842
15.75,-0.04452251572866511,0.03668682398307918,-0.0812093397117443
15.8,-0.13455940725440219,-0.0542343351502854,-0.0803250721041168
15.850000000000001,-0.20397462679936887,-0.1308776197705929,-0.07309700702877597
15.9,-0.24698254728587407,-0.1606075457792448,-0.08637500150662927
15.950000000000001,-0.2647087271474082,-0.13758475957871819,-0.12712396756869
16.0,-0.24499037652749342,-0.07144513002094312,-0.1735452465065503
16.05,-0.162365795488514,0.02922308673835125,-0.19158888222686524
16.1,0.002688772637522289,0.16502562190950254,-0.16233684927198025
16.150000000000002,0.24570046242233531,0.3418231227223166,-0.09612266029998126
16.2,0.5382692115917834,0.5604825936850134,-0.022213382093229983
16.25,0.8428405634766792,0.8082154249138359,0.03462513856284333
16.3,1.1245539248829484,1.055604660423478,0.06894926445947047
16.35,1.3492507745557825,1.2595702400600537,0.08968053449572877
16.400000000000002,1.4755834708343034,1.3716021371030485,0.10398133373125495
16.45,1.4583289476858274,1.35048880356192,0.10784014412390741
16.5,1.2686604581856449,1.1765617831732198,0.09209867501242508
16.55,0.9171528354506413,0.8612811359734338,0.05587169947720749
16.6,0.458402694442676,0.44614414678906605,0.012258547653609952
16.650000000000002,-0.029458154121916272,-0.009568016948596231,-0.01989013717332004
16.7,-0.4754826333520749,-0.44559892080853886,-0.029883712543536056
16.75,-0.834709152320117,-0.8132588347583787,-0.02145031756173832
16.8,-1.0863836159808165,-1.0797515255083125,-0.006632090472503904
16.85,-1.222365985546834,-1.227459534199498,0.005093548652663982
16.900000000000002,-1.2419318664871344,-1.2536365468661284,0.01170468037899397
16.95,-1.1567102397925513,-1.1715975916791144,0.014887351886563094
17.0,-0.9945372227699828,-1.0090807466626743,0.014543523892691534
17.05,-0.7908965845746099,-0.7998631932074997,0.008966608632889783
17.1,-0.571487839266366,-0.5713380583960813,-0.00014978087028472142
17.150000000000002,-0.34216232714102285,-0.336561413811464,-0.005600913329558865
17.2,-0.09760925222391664,-0.09720806850256838,-0.0004011837213482583
17.25,0.1584509565924651,0.1451424278724554,0.013308528720009705
17.3,0.4015808129481333,0.3792914003155782,0.022289412632555128
17.35,0.5958930278458293,0.5842490350885988,0.011643992757230492
17.400000000000002,0.7156311700674057,0.7371327602622021,-0.02150159019479636
17.45,0.757616182089299,0.8203970838013109,-0.0627809017120119
17.5,0.7325457382877557,0.8221664978397419,-0.08962075955198623
17.55,0.6456411731866297,0.7329227357645981,-0.08728156257796837
17.6,0.489216952354454,0.5475303915053712,-0.05831343915091719
17.650000000000002,0.25791586277393214,0.27623182236519633,-0.018315959591264197
17.7,-0.027209751527416785,-0.04370815238628955,0.016498400858872764
17.75,-0.31175286015393083,-0.3499328052233783,0.03817994506944744
17.8,-0.5303690229997035,-0.5765514712235464,0.04618244822384299
17.85,-0.6434740738622216,-0.6847519838154653,0.04127790995324376
17.900000000000002,-0.658659395241128,-0.6817818458748262,0.02312245063369811
17.95,-0.61983175926233,-0.6142304921975414,-0.005601267064788584
18.0,-0.5747322885092417,-0.5401883251445744,-0.03454396336466736
18.05,-0.5481341616143605,-0.49979482898238575,-0.04833933263197471
18.1,-0.5391672796716761,-0.5025670669265447,-0.036600212745131366
18.150000000000002,-0.5373634353787247,-0.5348407819361646,-0.0025226534425600855
18.2,-0.5369418293992497,-0.5755989617911075,0.03865713239185775
18.25,-0.5356250480492016,-0.606340868639231,0.07071582059002934
18.3,-0.5234161634988275,-0.6104757340384266,0.08705957053959912
18.35,-0.4776486906761935,-0.5690984628220099,0.09144977214581645
18.400000000000002,-0.37305440997172273,-0.4624115218373775,0.08935711186565476
18.45,-0.1991342883035746,-0.27889071384424663,0.07975642554067203
18.5,0.030477446715920235,-0.025803717471287933,0.05628116418720817
18.55,0.2837294185485185,0.2671650853253784,0.016564333223140104
18.6,0.5240100456393217,0.5542771774855557,-0.030267131846233974
18.650000000000002,0.7203730920457375,0.7868949655199442,-0.06652187347420668
18.7,0.8501902058837248,0.9278358487058155,-0.07764564282209063
18.75,0.9000216651034885,0.9624639446653119,-0.062442279561823466
18.8,0.8702566647612207,0.9033290208476163,-0.03307235608639569
18.85,0.7797292652404723,0.7854962034662116,-0.005766938225739371
18.900000000000002,0.6606242205475867,0.6517200223011115,0.008904198246475259
18.95,0.5409855530931772,0.5322730250582169,0.008712528034960254
19.0,0.42642467357820757,0.430372393703514,-0.00394772012530642
19.05,0.29836193879263084,0.32406042167507615,-0.025698482882445306
19.1,0.13440467374507625,0.18596855254510905,-0.0515638788000328
19.150000000000002,-0.06367332062643999,0.009164037253210348,-0.07283735787965034
19.200000000000003,-0.2580767618782456,-0.1789464289314465,-0.07913033294679908
19.25,-0.39098207638902915,-0.325487190715234,-0.06549488567379513
19.3,-0.4169301222359707,-0.3786673339085786,-0.038262788327392105
19.35,-0.3270046061648213,-0.31472528896899105,-0.012279317195830253
19.400000000000002,-0.14874228657262129,-0.14891066007031717,0.00016837349769588394
19.450000000000003,0.07302972656136768,0.07351142491798779,-0.00048169835662011107
19.5,0.29567003747074067,0.2972678899210202,-0.0015978524502795466
19.55,0.48525231975553906,0.4752519065702312,0.010000413185307866
19.6,0.6133353452045824,0.5778324173690416,0.035502927835540876
19.650000000000002,0.6565265495810876,0.5943430922816059,0.062183457299481715
19.700000000000003,0.6048016283971223,0.5309222383072322,0.07387939008989008
19.75,0.4708391864474568,0.40663697171188545,0.06420221473557136
19.8,0.28797428940677755,0.2473082384527234,0.04066605095405415
19.85,0.09449535263915416,0.07754470407218687,0.01695064856696729
19.900000000000002,-0.08388710973487264,-0.08547128211173795,0.0015841723768653115
19.950000000000003,-0.2389584870864838,-0.23261674705373386,-0.006341740032749926
20.0,-0.3700486187843853,-0.35817885099329266,-0.011869767791092611
20.05,-0.47134330671407215,-0.4549360502818872,-0.016407256432184936
20.1,-0.5300812822821025,-0.5140216197106793,-0.016059662571423217
20.150000000000002,-0.5364389375382599,-0.5293800284258624,-0.007058909112397482
20.200000000000003,-0.4926896644881,-0.5013735299829531,0.008683865494853171
20.25,-0.41004297576904175,-0.4346412384883973,0.024598262719355557
20.3,-0.29578519627155525,-0.3316401948665713,0.03585499859501606
20.35,-0.14558987120307168,-0.18906777806289887,0.04347790685982719
20.400000000000002,0.04778030792886241,-0.0031516512379762755,0.05093195916683869
20.450000000000003,0.2750717388517287,0.21818569218644382,0.05688604666528488
20.5,0.4991880577166271,0.4458963447135473,0.05329171300307983
20.55,0.6656772213986659,0.6325869344853441,0.03309028691332183
20.6,0.7295703288774362,0.7285437750208698,0.00102655385656647
20.650000000000002,0.6778659376482377,0.7021606634760418,-0.02429472582780412
20.700000000000003,0.5305752681572562,0.5526467371608016,-0.022071469003545396
20.75,0.32214750449286117,0.30839640458302814,0.013751099909833031
20.8,0.08108747883746052,0.013739932437870781,0.06734754639958974
20.85,-0.17596415619882602,-0.28716925906562285,0.11120510286679683
20.900000000000002,-0.4354504773967891,-0.5611622562770656,0.12571177888027651
20.950000000000003,-0.6769868450575423,-0.7884785302838624,0.11149168522632014
21.0,-0.8744427628056368,-0.9588869323340798,0.08444416952844302
21.05,-1.006731592959642,-1.0660199117370184,0.05928831877737628
21.1,-1.066624811116393,-1.104082384107173,0.03745757299078001
21.150000000000002,-1.0589847650520765,-1.0690376463446662,0.010052881292589744
21.200000000000003,-0.991838694549424,-0.963435271749558,-0.028403422799865963
21.25,-0.8710040195284318,-0.8011665793316454,-0.0698374401967864
21.3,-0.703835773093818,-0.6074221721497031,-0.09641360094411489
21.35,-0.506442978648367,-0.41167960206918236,-0.0947633765791846
21.400000000000002,-0.30430443137141333,-0.23689387602555717,-0.06741055534585616
21.450000000000003,-0.12359873611712256,-0.0922045769633389,-0.03139415915378366
21.5,0.01868189438959645,0.024928078162756044,-0.006246183773159594
21.55,0.11605852149680312,0.11837221090806702,-0.0023136894112638917
21.6,0.1652694069302222,0.18340429429002333,-0.018134887359801122
21.650000000000002,0.16063981924912987,0.20665511071271805,-0.04601529146358818
21.700000000000003,0.09912229857860742,0.17757198673039173,-0.07844968815178431
21.75,-0.0076780240579095395,0.10255114243585195,-0.1102291664937615
21.8,-0.12868891277638023,0.008955335719126942,-0.13764424849550716
21.85,-0.22547585377635984,-0.06669276630309229,-0.15878308747326755
21.900000000000002,-0.27400211984010764,-0.09895982939366864,-0.175042290446439
21.950000000000003,-0.2762219000826677,-0.08656648490768833,-0.1896554151749794
22.0,-0.24810806432412497,-0.04685142386694518,-0.20125664045717978
22.05,-0.192456712143813,0.005537407039080511,-0.1979941191828935
22.1,-0.08175362961659394,0.07955286831358468,-0.16130649793017862
22.150000000000002,0.1290813495042658,0.21042428840348368,-0.08134293889921787
22.200000000000003,0.46537093089063886,0.43830799927557534,0.027062931615063512
22.25,0.8989509450427867,0.774517324488519,0.12443362055426777
22.3,1.3458474277771308,1.1772589476703177,0.16858848010681315
22.35,1.6992561531643307,1.5546326500350593,0.1446235031292713
22.400000000000002,1.8750516093103828,1.7966002237793826,0.07845138553100028
22.450000000000003,1.8402385009526248,1.820147597687276,0.02009090326534868
22.5,1.611710313667561,1.6039910542775848,0.007719259389976196
22.55,1.2362721039699107,1.1954429457128064,0.040829158257104314
22.6,0.7721773955304723,0.6879968225905606,0.08418057293991166
22.650000000000002,0.28212610788942033,0.18367206060903335,0.09845404728038698
22.700000000000003,-0.16872095895749606,-0.23998407323621493,0.07126311427871887
22.75,-0.5212857353258364,-0.5445409049227368,0.023255169596900327
22.8,-0.7392214521414693,-0.7261256454866517,-0.013095806654817577
22.85,-0.8222040102597514,-0.8012138564434165,-0.020990153816334955
22.900000000000002,-0.803095378154887,-0.7940662546475792,-0.009029123507307779
22.950000000000003,-0.7285876138156149,-0.7309828903027131,0.0023952764870982524
23.0,-0.6367615088298803,-0.638938650607981,0.0021771417781007996
23.05,-0.5467082675819015,-0.5434066766610319,-0.003301590920869568
23.1,-0.4637423268885953,-0.46341547720772885,-0.00032684968086643673
23.150000000000002,-0.390538040555044,-0.406812605902294,0.016274565347250025
23.200000000000003,-0.3321640876920339,-0.3700912605167046,0.037927172824670674
23.25,-0.2922676854129358,-0.3437634800614735,0.05149579464853771
23.3,-0.26787090972499356,-0.31968924060174475,0.051818330876751195
23.35,-0.2508324382849154,-0.29545234591113567,0.044619907626220257
23.400000000000002,-0.2353507621255696,-0.2737584470748173,0.03840768494924768
23.450000000000003,-0.22310984135390113,-0.25877526283095986,0.03566542147705873
23.5,-0.2195558819254185,-0.25265877713999063,0.03310289521457213
23.55,-0.22437568308254163,-0.25373575657577774,0.029360073493236105
23.6,-0.22608931581603164,-0.2556976888853553,0.02960837306932368
23.650000000000002,-0.20710655335943415,-0.24724299417461895,0.040136440815184804
23.700000000000003,-0.1550119569118244,-0.2132842921209086,0.0582723352090842
23.75,-0.06928940257448338,-0.1392716582106306,0.06998225563614721
23.8,0.042674525077718024,-0.0179041169245398,0.06057864200225782
23.85,0.17512558849691634,0.14547368988733828,0.029651898609578065
23.900000000000002,0.3275903408221153,0.33268238104880565,-0.005092040226690353
23.950000000000003,0.49712038262531183,0.5181140028134438,-0.020993620188131945
24.0,0.6663196635215886,0.6760330571503529,-0.009713393628764333
24.05,0.8009427298872401,0.785451423163335,0.015491306723905085
24.1,0.8637267269868737,0.8316451634962736,0.032081563490600096
24.150000000000002,0.8360290605979481,0.8069856165100803,0.029043444087867853
24.200000000000003,0.7299901280802897,0.7134762307205963,0.01651389735969344
24.25,0.580434068444455,0.5654849054037074,0.01494916304074756
24.3,0.4224591409846419,0.38830261116363796,0.03415652982100392
24.35,0.27265968063078544,0.21036674271071013,0.062292937920075314
24.400000000000002,0.12817955118689642,0.0528320334357205,0.07534751775117592
24.450000000000003,-0.018282201220730633,-0.07631241737301007,0.05803021615227944
24.5,-0.16308598639301408,-0.1795086612658505,0.016422674872836412
24.55,-0.29040068930710156,-0.2616085621889601,-0.028792127118141442
24.6,-0.3852544821596181,-0.3243632734589715,-0.060891208700646626
24.650000000000002,-0.4472007374320424,-0.3680264331792976,-0.0791743042527448
24.700000000000003,-0.4906127578771088,-0.39684334593775994,-0.09376941193934885
24.75,-0.5309393660887851,-0.4208312134802838,-0.11010815260850132
24.8,-0.5702724083525489,-0.45019310294693876,-0.12007930540561013
24.85,-0.5966816892529951,-0.48712929507947783,-0.10955239417351731
24.900000000000002,-0.5986296866606706,-0.523760516918621,-0.0748691697420496
24.950000000000003,-0.5807572215783577,-0.5495469091925343,-0.03121031238582339
25.0,-0.5649259703354659,-0.5617829956713655,-0.0031429746641004064
25.05,-0.573453565866427,-0.5685111215320612,-0.004942444334365859
25.1,-0.608185314542996,-0.5795771369101094,-0.02860817763288659
25.150000000000002,-0.6437987656863476,-0.5929872291675656,-0.05081153651878201
25.200000000000003,-0.6417576308048053,-0.5891041874669116,-0.05265344333789368
25.25,-0.5734128606609787,-0.5389155542690115,-0.03449730639196724
25.3,-0.4333863423047406,-0.4203357766845625,-0.01305056562017809
25.35,-0.23431891123314597,-0.22990207401843765,-0.0044168372147083135
25.400000000000002,0.00819583534040466,0.01763851217785741,-0.009442676837452752
25.450000000000003,0.2831270306514024,0.29794516364845264,-0.01481813299705026
25.5,0.5756035436299254,0.5837469169440141,-0.008143373314088764
25.55,0.8522014423388726,0.8441733008593273,0.008028141479545337
25.6,1.0587696582814308,1.0416609600635924,0.017108698217838336
25.650000000000002,1.140127314537535,1.1359974139997588,0.004129900537776177
25.700000000000003,1.0704967743545077,1.0987030713043233,-0.02820629694981558
25.75,0.8711148215003496,0.9295385120265878,-0.05842369052623819
25.8,0.5996377937695997,0.6619029453820627,-0.06226515161246304
25.85,0.3185458674808442,0.35088046057078776,-0.032334593089943575
25.900000000000002,0.06685495864269407,0.050926324837036664,0.015928633805657406
25.950000000000003,-0.14444579930106938,-0.20200534178360519,0.05755954248253581
26.0,-0.3143060768538596,-0.3933846592780844,0.07907858242422483
26.05,-0.43159385574719095,-0.5198509165727431,0.08825706082555212
26.1,-0.47395594522976225,-0.5772211530884153,0.10326520785865301
26.150000000000002,-0.4272705739485966,-0.5578157299994289,0.13054515605083228
26.200000000000003,-0.3070449618448976,-0.4591804764306997,0.1521355145858021
26.25,-0.16028561264453242,-0.29661164119988154,0.13632602855534912
26.3,-0.04340200478988034,-0.10861651909094898,0.06521451430106864
26.35,0.007298128497173092,0.051063883633814096,-0.04376575513664101
26.400000000000002,-0.009998435181390077,0.1327718968107007,-0.14277033199209077
26.450000000000003,-0.0721481266309595,0.11224330173284643,-0.18439142836380593
26.5,-0.15324720850820245,0.002258608406405185,-0.15550581691460763
26.55,-0.23981319692839895,-0.15298171464161206,-0.08683148228678689
26.6,-0.3286960140370282,-0.2992315426371107,-0.02946447139991748
26.650000000000002,-0.41429341625061117,-0.3979118123129726,-0.016381603937638545
26.700000000000003,-0.47995541654311147,-0.4406089548909798,-0.03934646165213168
26.75,-0.5019968645918516,-0.4429300957711562,-0.05906676882069534
26.8,-0.4616478821668191,-0.42236939234648185,-0.03927848982033727
26.85,-0.3538007903120549,-0.37729043256535194,0.023489642253297027
26.900000000000002,-0.18667576109850872,-0.28457428902356585,0.09789852792505713
26.950000000000003,0.02349397082908581,-0.11988644507128204,0.14338041590036785
27.0,0.2548429205371372,0.11354213793583014,0.14130078260130707
27.05,0.4771640076581313,0.36994447247290596,0.10721953518522531
27.1,0.6503426014394934,0.5734852792609636,0.07685732217852981
27.150000000000002,0.7317015441937581,0.6526502394543827,0.07905130473937538
27.200000000000003,0.6925388600497865,0.5760996880334456,0.11643917201634091
27.25,0.5347111808007002,0.3693183302417776,0.1653928505589226
27.3,0.2957135671537131,0.10427586305648343,0.19143770409722968
27.35,0.03755699703454926,-0.1304524670778,0.16800946411234927
27.400000000000002,-0.17510051205385596,-0.263801419044702,0.08870090699084604
27.450000000000003,-0.2965112370426153,-0.26650136282525727,-0.030009874217358012
27.5,-0.3118309188080846,-0.1573560115270312,-0.15447490728105343
27.55,-0.23637259738216104,0.01005255705816529,-0.24642515444032634
27.6,-0.10464258687202346,0.1747926469882774,-0.2794352338603009
27.650000000000002,0.04506497264302455,0.29747043495103653,-0.252405462308012
27.700000000000003,0.1836541453086382,0.37455849234347943,-0.19090434703484124
27.75,0.29608629682440385,0.42852584499783636,-0.1324395481734325
27.8,0.3766704177700164,0.4799698983329056,-0.10329948056288918
27.85,0.41973825732446984,0.5227906151323345,-0.10305235780786465
27.900000000000002,0.41470748124804446,0.5235010469640338,-0.1087935657159893
27.950000000000003,0.35148382033942926,0.4474662844147787,-0.09598246407534944
28.0,0.23275971660131023,0.29147956673779013,-0.0587198501364799
28.05,0.08180567428566278,0.09432641760193815,-0.012520743316275368
28.1,-0.06376737014207151,-0.08596628053403275,0.022198910391961243
28.150000000000002,-0.17003907686170888,-0.21066220984072878,0.0406231329790199
28.200000000000003,-0.22297023309959177,-0.28198527702144577,0.059015043921854
28.25,-0.22962330105562032,-0.3289340206366748,0.0993107195810545
28.3,-0.20458577503449304,-0.3700467187373647,0.16546094370287168
28.35,-0.1556995681169005,-0.3876901621865503,0.23199059406964978
28.400000000000002,-0.0836556297109895,-0.33965059831898925,0.25599496860799975
28.450000000000003,0.004516689465681028,-0.20095589621916887,0.2054725856848499
28.5,0.08362757690471405,-0.0005613197451263032,0.08418889664984035
28.55,0.11613459854741617,0.1808724899659808,-0.06473789141856462
28.6,0.07494311854045897,0.25506244700015906,-0.18011932845970008
28.650000000000002,-0.0353078009089621,0.1810262508328741,-0.2163340517418362
28.700000000000003,-0.17783690500180221,-0.008950070400309065,-0.16888683460149315
28.75,-0.3053273039984868,-0.22940329415356614,-0.07592400984492065
28.8,-0.38471689508809137,-0.39071791049704035,0.006001015408948984
28.85,-0.40459629603498704,-0.4418654285310419,0.037269132496054846
28.900000000000002,-0.3632302330563389,-0.3816949545813629,0.018464721525023986
28.950000000000003,-0.2553686962786422,-0.2402396932336756,-0.015129003044966616
29.0,-0.07660970153840138,-0.05191377025566621,-0.024695931282735173
29.05,0.15636729287354736,0.15762883226736257,-0.0012615393938152086
29.1,0.3921003958449393,0.3658533467186834,0.02624704912625586
29.150000000000002,0.5580795394328594,0.5411185137899067,0.016961025642952654
29.200000000000003,0.5983203552938985,0.6405592062245834,-0.04223885093068491
29.25,0.5068281645547805,0.6249080600065348,-0.11807989545175424
29.3,0.3294435292109166,0.4820646529924083,-0.15262112378149173
29.35,0.13290978933379077,0.24261399679756868,-0.1097042074637779
29.400000000000002,-0.03226324244502828,-0.02575888830566872,-0.0065043541393595625
29.450000000000003,-0.14582346364914509,-0.2446017955350067,0.0987783318858616
29.5,-0.20365369615660384,-0.35737425886936086,0.15372056271275703
29.55,-0.19735874884897572,-0.3491787034373952,0.1518199545884195
29.6,-0.11252554709598678,-0.24269314107872741,0.13016759398274064
29.650000000000002,0.05200167876119002,-0.07605647349900826,0.1280581522601983
29.700000000000003,0.2657529297697535,0.11895540634318165,0.14679752342657187
29.75,0.47177753796434835,0.32200319028184937,0.14977434768249898
29.8,0.6145084764277113,0.5118028462663639,0.10270563016134748
29.85,0.6665275350295062,0.6522975582394314,0.014229976790074872
29.900000000000002,0.6316618419652759,0.6958479955124715,-0.06418615354719559
29.950000000000003,0.525850375145572,0.6065782197277442,-0.08072784458217219
30.0,0.35875597107869284,0.3868792765096834,-0.028123305430990564
30.05,0.1357202549170504,0.08397750005481394,0.05174275486223645
30.1,-0.12465159672917082,-0.2315316585940607,0.10688006186488987
30.150000000000002,-0.3809309621801829,-0.4998494554325398,0.11891849325235687
30.200000000000003,-0.5837318425492283,-0.6931489810637783,0.10941713851455004
30.25,-0.7049876273004185,-0.8107508116977298,0.10576318439731125
30.3,-0.7540715787852399,-0.8591117018069018,0.10504012302166188
30.35,-0.7640939426760308,-0.8395278009988589,0.07543385832282812
30.400000000000002,-0.7609348415935566,-0.7553019599488447,-0.0056328816447118735
30.450000000000003,-0.7450034930323054,-0.6273760062771819,-0.11762748675512347
30.5,-0.7025329502036967,-0.4966545001589618,-0.20587845004473487
30.55,-0.632283088965541,-0.40416402222396786,-0.22811906674157312
30.6,-0.5569095794609292,-0.36417401312642683,-0.1927355663345024
30.650000000000002,-0.5040714258699398,-0.35559068774619246,-0.14848073812374735
30.700000000000003,-0.47512175252872324,-0.34150237608561157,-0.13361937644311167
30.75,-0.43493241152594597,-0.29985356832580173,-0.13507884320014424
30.8,-0.33748765328876745,-0.23671652881952107,-0.10077112446924638
30.85,-0.16625172491120613,-0.170141791761348,0.003890066850141871
30.900000000000002,0.04800631803954623,-0.10190987890451741,0.14991619694406363
30.950000000000003,0.2488120349538249,-0.007789957186600543,0.25660199214042545
31.0,0.39433973476177864,0.13996861669997984,0.2543711180617988
31.05,0.4786638671380232,0.33598458236108475,0.14267928477693848
31.1,0.516559686937068,0.5253454557458817,-0.008785768808813654
31.150000000000002,0.5119173963098075,0.6265623808523904,-0.11464498454258287
31.200000000000003,0.4460353319590868,0.5796536800522502,-0.13361834809316336
31.25,0.30040732698340833,0.38401020423781146,-0.08360287725440313
31.3,0.09116924075962266,0.09983808867152538,-0.008668847911902727
31.35,-0.12235104377178348,-0.18377700988752382,0.061425966115740346
31.400000000000002,-0.26878927506076894,-0.3886896833311702,0.11990040827040127
31.450000000000003,-0.31054956066992206,-0.4716109624035118,0.16106140173358974
31.5,-0.2641862537940796,-0.4273208420666991,0.1631345882726195
31.55,-0.1792519124617769,-0.2816427997007638,0.10239088723898687
31.6,-0.09841487930128356,-0.08358675828767541,-0.014828121013608156
31.650000000000002,-0.0367719780397769,0.10441679602500833,-0.14118877406478525
31.700000000000003,0.004631747023711689,0.2233087074136604,-0.21867696038994872
31.75,0.012655916781665316,0.23817110512006326,-0.22551518833839795
31.8,-0.042607775785208336,0.15018222084444824,-0.19278999662965657
31.85,-0.18102837158717555,-0.010305771019862282,-0.17072260056731328
31.900000000000002,-0.3796345116903152,-0.20417118539562176,-0.17546332629469344
31.950000000000003,-0.5692405685754729,-0.39926024027742213,-0.16998032829805076
32.0,-0.6694638396308562,-0.5680836786651328,-0.10138016096572344
32.050000000000004,-0.6345214892642811,-0.6735989693778606,0.03907748011357948
32.1,-0.472066933049241,-0.664138206489824,0.192071273440583
32.15,-0.22344010226373118,-0.4923816203108205,0.2689415180470893
32.2,0.07048610303346041,-0.14998165682147507,0.2204677598549355
32.25,0.3838030913174386,0.3091616400315885,0.07464145128585009
32.300000000000004,0.6910732582839241,0.7792747266419435,-0.08820146835801945
32.35,0.9473687024292313,1.144130275253108,-0.19676157282387663
32.4,1.093204156305657,1.3238277748403218,-0.23062361853466484
32.45,1.088492031406773,1.299734630237776,-0.21124259883100294
32.5,0.9471991109231439,1.10952896231137,-0.1623298513882261
32.550000000000004,0.738988935122884,0.8249472581057744,-0.08595832298289041
32.6,0.551940853306166,0.5294143783840068,0.0225264749221592
32.65,0.4446721217216642,0.3016661447409208,0.1430059769807434
32.7,0.42419861272584164,0.2003670858038738,0.22383152692196784
32.75,0.4611928002717098,0.24640926208967645,0.21478353818203333
32.800000000000004,0.5218622397910003,0.4106282801687209,0.11123395962227944
32.85,0.5860743339356145,0.6201531964428191,-0.0340788625072046
32.9,0.6409993408993508,0.78715592490038,-0.14615658400102916
32.95,0.6662311108868479,0.8464261541544362,-0.18019504326758828
33.0,0.6331370773492502,0.7795725464416565,-0.14643546909240635
33.050000000000004,0.5232438302834473,0.6128223410928764,-0.08957851080942902
33.1,0.3480876065428315,0.39454891645832063,-0.046461309915489135
33.15,0.14946973501409638,0.17091238563990327,-0.021442650625806886
33.2,-0.02275383147550259,-0.02607792272908878,0.003324091253586188
33.25,-0.13745846715713989,-0.17786369061951637,0.04040522346237649
33.300000000000004,-0.1928066787216492,-0.275507463728725,0.08270078500707578
33.35,-0.2060870450677649,-0.3198705851865307,0.11378354011876582
33.4,-0.19648163497439244,-0.32390228644158164,0.1274206514671892
33.45,-0.17702553193235607,-0.31056039067648256,0.1335348587441265
33.5,-0.15895273766763676,-0.304280867324564,0.14532812965692724
33.550000000000004,-0.15809926404516864,-0.3213200825869388,0.16322081854177015
33.6,-0.19267802579328372,-0.3659492329527426,0.1732712071594589
33.65,-0.2730058294673726,-0.4337760283698453,0.16077019890247268
33.7,-0.39333369637499976,-0.5171366503406786,0.12380295396567881
33.75,-0.5338624711462783,-0.607422505169934,0.07356003402365574
33.800000000000004,-0.6707342916886458,-0.6945982394930895,0.023863947804443675
33.85,-0.784948854840254,-0.7679641474379193,-0.01698470740233471
33.9,-0.8643600840831132,-0.8197141488364588,-0.04464593524665439
33.95,-0.9011851321895652,-0.8474218381850415,-0.05376329400452373
34.0,-0.89099412880519,-0.8507718510881143,-0.04022227771707576
34.050000000000004,-0.834768686403788,-0.8240845827555418,-0.010684103648246235
34.1,-0.7397947919671485,-0.7530220405727704,0.013227248605621966
34.15,-0.6156760076681276,-0.6225315434208425,0.006855535752714914
34.2,-0.4681575326651326,-0.4326543475176871,-0.03550318514744549
34.25,-0.29754925665437193,-0.20874196925599867,-0.08880728739837326
34.300000000000004,-0.10439455414182215,0.0060724837146973526,-0.1104670378565195
34.35,0.10332338473372221,0.17454988172528713,-0.07122649699156491
34.4,0.3097602189851933,0.28865870839398977,0.02110151059120352
34.45,0.4985948468422881,0.37365915435446445,0.12493569248782366
34.5,0.6595583660170797,0.4675656089482548,0.19199275706882496
34.550000000000004,0.7850881045829222,0.5893741453978667,0.19571395918505552
34.6,0.8593662119253063,0.7184152146804613,0.14095099724484494
34.65,0.8535206806646419,0.7996334510213166,0.053887229643325374
34.7,0.7385289085618489,0.7720324011907307,-0.03350349262888175
34.75,0.5105540697547792,0.603113751630436,-0.09255968187565677
34.800000000000004,0.20761592575740234,0.30980520251846877,-0.10218927676106643
34.85,-0.10095957498425803,-0.04461495352215158,-0.056344621462106455
34.9,-0.3491989569882463,-0.3750108134622732,0.025811856474026895
34.95,-0.5082023341822032,-0.6078588670360487,0.09965653285384557
35.0,-0.5929497360678643,-0.7081760467500648,0.11522631068220057
35.050000000000004,-0.6387159792708403,-0.6882927487742008,0.04957676950336043
35.1,-0.6694171929236065,-0.5959361244494192,-0.07348106847418723
35.15,-0.6852746415960221,-0.4894970809396054,-0.19577756065641672
35.2,-0.6769279770345026,-0.4144697756718603,-0.2624582013626423
35.25,-0.6473008598345261,-0.3924640391713369,-0.25483682066318925
35.300000000000004,-0.6161594194791605,-0.4240906455441379,-0.19206877393502264
35.35,-0.6012525875721987,-0.4970345633776662,-0.10421802419453247
35.4,-0.5950688602649167,-0.5892704726358008,-0.0057983876291158865
35.45,-0.5623750231110999,-0.6660216499694704,0.10364662685837056
35.5,-0.46443778167946326,-0.6795088389316364,0.21507105725217313
35.550000000000004,-0.28994135237962587,-0.5818091435134826,0.2918677911338567
35.6,-0.06549177106035285,-0.35015199552105647,0.2846602244607036
35.65,0.16276277363666294,-0.009640417855078602,0.17240319149174155
35.7,0.35862841223183384,0.3656333794475377,-0.007004967215703872
35.75,0.5101762092582784,0.6799993443566172,-0.1698231350983388
35.800000000000004,0.619351477547806,0.8590373912651814,-0.23968591371737547
35.85,0.682271396939133,0.8825578575074716,-0.20028646056833865
35.9,0.6838963749897363,0.7881732750128678,-0.1042769000231315
35.95,0.6145933728931143,0.6452477280168271,-0.03065435512371273
36.0,0.4919539312486933,0.5174439498085972,-0.025490018559903904
36.050000000000004,0.3633905395376827,0.43674046051758475,-0.07334992097990206
36.1,0.28173128848832774,0.40102841118212057,-0.11929712269379283
36.15,0.27149875355204894,0.39056620840046935,-0.1190674548484204
36.2,0.3135080058391796,0.3877248085727405,-0.0742168027335609
36.25,0.3604119173019012,0.38575306511830004,-0.025341147816398846
36.300000000000004,0.36989612013442486,0.38308065698631794,-0.01318453685189308
36.35,0.32900734620400296,0.37162330702117347,-0.042615960817170506
36.4,0.25344550147414785,0.33231968290784597,-0.07887418143369812
36.45,0.1683486817014638,0.24525774420241833,-0.07690906250095453
36.5,0.09072638758946412,0.10898525385979183,-0.018258866270327703
36.550000000000004,0.027231937296671255,-0.04664906270569772,0.07388100000236897
36.6,-0.016839394299400446,-0.16832779038777584,0.1514883960883754
36.65,-0.03208795345665335,-0.20753996886107695,0.1754520154044236
36.7,-0.011638250824328721,-0.1515734023288866,0.13993515150455788
36.75,0.03681999352717576,-0.03396810770368646,0.07078810123086221
36.800000000000004,0.08805947377233338,0.08515461437983646,0.0029048593924969196
36.85,0.1120246166774235,0.15486916925484093,-0.04284455257741743
36.9,0.09322880834315492,0.1579522307294074,-0.06472342238625248
36.95,0.04027277599591671,0.10699545193464491,-0.0667226759387282
37.0,-0.0228405556832469,0.02112919056513116,-0.04396974624837806
37.050000000000004,-0.07566267014827016,-0.08987588849425773,0.014213218345987572
37.1,-0.11388142934808657,-0.21651426052074466,0.10263283117265809
37.15,-0.14580317940845114,-0.32696746705844704,0.1811642876499959
37.2,-0.17851662316659214,-0.36279827182262525,0.1842816486560331
37.25,-0.20853743888805554,-0.2721832961103851,0.06364585722232957
37.300000000000004,-0.22586646424629686,-0.06168800777188162,-0.16417845647441526
37.35,-0.22590381356073333,0.1808550641395018,-0.4067588777002351
37.4,-0.21514560135711672,0.326267659138167,-0.5414132604952837
37.45,-0.20268798447188094,0.2897783131768779,-0.4924662976487588
37.5,-0.18451453117223954,0.09995620960932954,-0.2844707407815691
37.550000000000004,-0.1366704049613708,-0.10827167862553896,-0.028398726335831848
37.6,-0.0272388263826285,-0.17944987246161634,0.15221104607898783
37.65,0.15951775676710173,-0.041173127086519615,0.20069088385362133
37.7,0.40540202378394885,0.25211993905101276,0.15328208473293609
37.75,0.661586495237687,0.5654011576266557,0.09618533761103132
37.800000000000004,0.871087543775405,0.7780720302286046,0.09301551354680038
37.85,0.9937889405032299,0.85154639344639,0.1422425470568398
37.9,1.0171432318845979,0.823109705625172,0.19403352625942583
37.95,0.9492612439259464,0.7454240372262988,0.20383720669964756
38.0,0.805599539024844,0.6335328890602989,0.17206664996454513
38.050000000000004,0.6029164518671501,0.465480393641976,0.13743605822517413
38.1,0.3634891923756864,0.22762911462929916,0.13586007774638723
38.15,0.1200534397802928,-0.04581296785538585,0.16586640763567864
38.2,-0.08985167173914552,-0.280935940402374,0.1910842686632285
38.25,-0.24061130957679044,-0.4146077353740466,0.17399642579725616
38.300000000000004,-0.3339307267085939,-0.4420928309032909,0.10816210419469696
38.35,-0.3984506303738832,-0.4199960153353285,0.021545384961445313
38.400000000000006,-0.4708205522091598,-0.42323886838184294,-0.04758168382731687
38.45,-0.5708886126786399,-0.49334582141897393,-0.07754279125966596
38.5,-0.6890767223973661,-0.6182406211276741,-0.07083610126969198
38.550000000000004,-0.7944928656522197,-0.7525953227170838,-0.04189754293513581
38.6,-0.8561482459654746,-0.8540450608947434,-0.0021031850707311506
38.650000000000006,-0.8605870520283658,-0.9037698656093188,0.043182813580952994
38.7,-0.8142862554838809,-0.901242366922216,0.08695611143833515
38.75,-0.7328259825942185,-0.8482237551030991,0.11539777250888061
38.800000000000004,-0.6287497767367265,-0.742722345264453,0.11397256852772653
38.85,-0.5083900398155937,-0.5881295272008009,0.0797394873852072
38.900000000000006,-0.37775432229319544,-0.40469095226255647,0.026936629969361026
38.95,-0.2489482610825304,-0.2279273536449245,-0.0210209074376059
39.0,-0.13904808286661288,-0.0921486530074681,-0.046899429859144776
39.050000000000004,-0.06139506070516866,-0.01192226616890667,-0.049472794536261994
39.1,-0.016892157733290395,0.023757355098497017,-0.040649512831787415
39.150000000000006,0.00677163658845845,0.041010785490543274,-0.03423914890208482
39.2,0.026686054524453575,0.06340496293815505,-0.03671890841370147
39.25,0.0531826271531257,0.09953644917968492,-0.046353822026559216
39.300000000000004,0.08335415639676097,0.14178456292724512,-0.05843040653048415
39.35,0.1035716535285046,0.17338540119331483,-0.06981374766481023
39.400000000000006,0.09854701868994285,0.17726588786993913,-0.07871886917999628
39.45,0.060818396288615524,0.14225274873710309,-0.08143435244848757
39.5,-0.004592514788099796,0.06619532810242733,-0.07078784289052713
39.550000000000004,-0.08192810659191238,-0.04259833859050032,-0.03932976800141206
39.6,-0.15093338953697358,-0.16493086727343362,0.01399747773646004
39.650000000000006,-0.19417772147571694,-0.2722386842910863,0.07806096281536934
39.7,-0.2025481336223469,-0.33192965673022756,0.12938152310788067
39.75,-0.17747023988901078,-0.31762414699153757,0.1401539071025268
39.800000000000004,-0.12981395911816693,-0.22242417272794657,0.09261021360977964
39.85,-0.07621334019795531,-0.06900249785718901,-0.007210842340766299
39.900000000000006,-0.03372270022545262,0.09209017000400868,-0.1258128702294613
39.95,-0.013900640018046874,0.2007158181112219,-0.21461645812926877
40.0,-0.01806138447835587,0.21639206427272198,-0.23445344875107785
40.050000000000004,-0.036181807387979055,0.14216940224948896,-0.178351209637468
40.1,-0.05142593452824493,0.02585173096076163,-0.07727766548900657
40.150000000000006,-0.04940264010189497,-0.06578650651608416,0.016383866414189187
40.2,-0.02725168389701258,-0.08500367365552934,0.05775198975851676
40.25,0.00410625336244919,-0.028411219488443763,0.03251747285089295
40.300000000000004,0.027788241312940196,0.06684266459765764,-0.03905442328471745
40.35,0.03463013328151581,0.1512858014566325,-0.11665566817511669
40.400000000000006,0.03279007979709702,0.194265962131917,-0.16147588233481996
40.45,0.04508167688686583,0.1976591541684398,-0.15257747728157395
40.5,0.09498883337594963,0.18801159360164335,-0.09302276022569372
40.550000000000004,0.19162743375746877,0.19868351417023844,-0.007056080412769672
40.6,0.32487931334346765,0.2555705543758395,0.06930875896762817
40.650000000000006,0.47301239417427143,0.3700529920028464,0.10295940217142502
40.7,0.6142453263844535,0.534323889388408,0.07992143699604548
40.75,0.7313791260595159,0.7168529220820922,0.014526203977423768
40.800000000000004,0.8073975922041562,0.8646829099234103,-0.05728531771925416
40.85,0.8210991099584295,0.9209269916958039,-0.09982788173737445
40.900000000000006,0.7532976514150629,0.8540124873280784,-0.10071483591301555
40.95,0.6029560837519052,0.6800234813473812,-0.07706739759547598
41.0,0.3992272855456869,0.4582241429158335,-0.058996857370146594
41.050000000000004,0.19426906887200018,0.2581979523421449,-0.06392888347014469
41.1,0.03661789770541031,0.12066585408977229,-0.08404795638436198
41.150000000000006,-0.056553818656556516,0.04082228630787797,-0.0973761049644345
41.2,-0.10574943674676904,-0.015050861473925006,-0.09069857527284403
41.25,-0.14759541583710759,-0.07643415311258397,-0.07116126272452361
41.300000000000004,-0.2023494022137258,-0.14751288263366683,-0.05483651958005897
41.35,-0.25695975282279415,-0.21260251175532696,-0.04435724106746719
41.400000000000006,-0.2766956931745918,-0.25654562472130404,-0.02015006845328776
41.45,-0.2337405384191906,-0.27630010303007346,0.042559564610882866
41.5,-0.12766682628677928,-0.2724980462800996,0.14483121999332033
41.550000000000004,0.017826402584153793,-0.23336337583123598,0.25118977841538975
41.6,0.17492927982558107,-0.13337911584805845,0.30830839567363955
41.650000000000006,0.3274449796668592,0.04516648960718357,0.28227849005967565
41.7,0.46826000759354997,0.2841523722914446,0.1841076353021054
41.75,0.5845691766136415,0.5217052203801352,0.06286395623350627
41.800000000000004,0.6494136758290062,0.6760817621642755,-0.026668086335269292
41.85,0.6311661560798325,0.6865539099945908,-0.05538775391475825
41.900000000000006,0.5139126329934933,0.5426411827477502,-0.02872854975425687
41.95,0.3103068164830031,0.28344754637206776,0.026859270110935363
42.0,0.05545684227643165,-0.027456296669851592,0.08291313894628324
42.050000000000004,-0.21187730067246308,-0.3307227735677805,0.11884547289531744
42.1,-0.4639172126853567,-0.5865635101483693,0.12264629746301259
42.150000000000006,-0.6838230753029163,-0.775246781227993,0.09142370592507665
42.2,-0.8561063085659111,-0.8917879227348291,0.03568161416891802
42.25,-0.9611908508518036,-0.941743733195769,-0.019447117656034574
42.300000000000004,-0.9813351113674099,-0.9371011917246043,-0.04423391964280565
42.35,-0.9116729294474956,-0.8889247314717916,-0.022748197975703932
42.400000000000006,-0.7644763236883257,-0.7992044074423293,0.0347280837540036
42.45,-0.5624702771762154,-0.6598144963865648,0.0973442192103493
42.5,-0.3290026797095417,-0.4630043430777607,0.134001663368219
42.550000000000004,-0.08558503936961985,-0.21722964532816774,0.13164460595854788
42.6,0.1422664526522273,0.04475706139769012,0.09750939125453717
42.650000000000006,0.32108053406931897,0.27380668314779316,0.047273850921525806
42.7,0.41734695727706395,0.42382815505857974,-0.006481197781515791
42.75,0.41489834978798684,0.4697332649386325,-0.05483491515064565
42.800000000000004,0.32743036117843966,0.4137946443059676,-0.08636428312752792
42.85,0.19336874890253616,0.28065411202050705,-0.08728536311797089
42.900000000000006,0.054905623760325595,0.10803712774965202,-0.05313150398932642
42.95,-0.06309072851488312,-0.0619228349640738,-0.001167893550809318
43.0,-0.15880330991761063,-0.19181466943635253,0.0330113595187419
43.050000000000004,-0.24218532469635312,-0.2604578547795957,0.01827253008324259
43.1,-0.31898992125934256,-0.27268919832891786,-0.0463007229304247
43.150000000000006,-0.38379908035429516,-0.2582741168672938,-0.12552496348700137
43.2,-0.4249303316924667,-0.2551708848571854,-0.16975944683528127
43.25,-0.4330981405109511,-0.2847888020989393,-0.14830933841201177
43.300000000000004,-0.40501283319308423,-0.3360258386502699,-0.06898699454281432
43.35,-0.3413315609643719,-0.370735275848267,0.029403714883895093
43.400000000000006,-0.24509581511175085,-0.34788089960724217,0.10278508449549131
43.45,-0.1246154089544461,-0.24986433121227014,0.12524892225782402
43.5,0.002812763190298712,-0.09386966697972537,0.09668243017002409
43.550000000000004,0.11323840873979096,0.07696763673425909,0.03627077200553187
43.6,0.18584119891547518,0.2143487526722142,-0.028507553756739024
43.650000000000006,0.21322890506426911,0.2848215302127623,-0.07159262514849318
43.7,0.20368258987856602,0.2810582367467738,-0.0773756468682078
43.75,0.1740664239730756,0.22301259100093385,-0.048946167027858256
43.800000000000004,0.1405371134058259,0.1500809577471896,-0.00954384434136371
43.85,0.11464392520891478,0.10546071207059167,0.009183213138323112
43.900000000000006,0.1048296024179851,0.11647208407814882,-0.011642481660163725
43.95,0.11685463693081585,0.1798060136832788,-0.06295137675246296
44.0,0.14916546345186235,0.2620802350105252,-0.11291477155866284
44.050000000000004,0.1879553156424653,0.31836933194603806,-0.13041401630357277
44.1,0.21079954003695175,0.3183350217784357,-0.10753548174148395
44.150000000000006,0.20070777884791707,0.26257525745378696,-0.061867478605869886
44.2,0.1603677679979831,0.1786019638241265,-0.018234195826143385
44.25,0.11262248536014478,0.10157777446901117,0.01104471089113361
44.300000000000004,0.08393245127140005,0.05565060231805289,0.028281848953347156
44.35,0.08367239350597751,0.047968872611301165,0.03570352089467634
44.400000000000006,0.09747412230506565,0.07394612296981817,0.023527999335247476
44.45,0.10086128817344554,0.12315564921200856,-0.022294361038563013
44.5,0.0808274047213617,0.17914675226298155,-0.09831934754161985
44.550000000000004,0.045817461679598895,0.2177758234836063,-0.17195836180400742
44.6,0.016008153829022972,0.2134938788798497,-0.19748572505082673
44.650000000000006,0.0045983543466157056,0.154801938147456,-0.15020358380084028
44.7,0.008444763724523933,0.05721658564880464,-0.04877182192428071
44.75,0.015695513428116054,-0.04048959078603256,0.056185104214148615
44.800000000000004,0.02054881372641335,-0.0981962865488665,0.11874510027527985
44.85,0.028942989451916562,-0.09903265989649164,0.12797564934840822
44.900000000000006,0.04983974982409404,-0.05715204531364113,0.10699179513773517
44.95,0.08275581078666341,-0.002992752712498705,0.08574856349916211
45.0,0.11617833917548558,0.04058210567745824,0.07559623349802733
45.050000000000004,0.1393160906173253,0.07143917165732479,0.06787691896000052
45.1,0.1544355900211805,0.10231574215347285,0.05211984786770767
45.150000000000006,0.17528597699815157,0.14486263409735645,0.030423342900795125
45.2,0.21117111881059572,0.19870826213293968,0.012462856677656037
45.25,0.2517110990765891,0.2517965295162466,-8.543043965747454e-05
45.300000000000004,0.2681106062245561,0.2860714466062822,-0.017960840381726073
45.35,0.23166892777648196,0.28081521931026215,-0.049146291533780195
45.400000000000006,0.1342566219969193,0.2148661122084729,-0.08060949021155361
45.45,-0.00588432953847043,0.07546398536134245,-0.08134831489981288
45.5,-0.1558454028502626,-0.12513738369844368,-0.03070801915181892
45.550000000000004,-0.2853520462844412,-0.3384210526798997,0.05306900639545847
45.6,-0.37594412492870893,-0.49136086066027623,0.1154167357315673
45.650000000000006,-0.4191194256725479,-0.5233822295742836,0.1042628039017357
45.7,-0.4112077601685092,-0.426163502786139,0.01495574261762983
45.75,-0.352637332784744,-0.254138231469016,-0.09849910131572803
45.800000000000004,-0.2506982198517443,-0.09206489781671612,-0.15863332203502817
45.85,-0.11926105739907458,-0.00010593765594260499,-0.11915511974313198
45.900000000000006,0.02707854731761867,0.02300253858470989,0.004076008732908778
45.95,0.17874190014548136,0.031095953729878403,0.14764594641560297
46.0,0.3295029491128017,0.08456298420356317,0.24493996490923853
46.050000000000004,0.46817200556619926,0.20403121009221722,0.26414079547398206
46.1,0.573195330304077,0.35753560704307347,0.21565972326100352
46.150000000000006,0.6184574152017294,0.48521486345606774,0.13324255174566163
46.2,0.5872724337708235,0.5367572718251628,0.05051516194566075
46.25,0.4821478833229336,0.49287555689670925,-0.010727673573775631
46.300000000000004,0.3212687818193263,0.3621876643108135,-0.04091888249148723
46.35,0.12598247582670982,0.16692876448885494,-0.040946288662145114
46.400000000000006,-0.08742856752661089,-0.06533115947498674,-0.02209740805162415
46.45,-0.30401329884560335,-0.3008522789472104,-0.0031610198983929583
46.5,-0.5013288617982115,-0.5005063423934213,-0.0008225194047901674
46.550000000000004,-0.6495641051036161,-0.6311542954904256,-0.018409809613190498
46.6,-0.7253667220014113,-0.6821657674247837,-0.04320095457662754
46.650000000000006,-0.7275653326844368,-0.6714368332491635,-0.056128499435273316
46.7,-0.677680492281938,-0.6316813863194738,-0.04599910596246426
46.75,-0.6017958511876381,-0.5855183238840795,-0.01627752730355858
46.800000000000004,-0.5100404918984841,-0.5295112513794502,0.019470759480966104
46.85,-0.39440167377445307,-0.4409482240650885,0.046546550290635424
46.900000000000006,-0.2481234365904955,-0.3021308054974613,0.05400736890696581
46.95,-0.08711778947432386,-0.12234528403891584,0.03522749456459198
47.0,0.050412737508263826,0.060052202777253254,-0.009639465268989428
47.050000000000004,0.12938311521394474,0.19691316002619533,-0.06753004481225058
47.1,0.14572600930424093,0.25672187196414803,-0.1109958626599071
47.150000000000006,0.12966230856600539,0.24053406167328467,-0.11087175310727929
47.2,0.11982158246207186,0.17888355894039557,-0.0590619764783237
47.25,0.13175978544133946,0.11374187252710477,0.018017912914234685
47.300000000000004,0.14983883577131593,0.07698879669433228,0.07285003907698365
47.35,0.14841740283872654,0.07659307654538686,0.07182432629333968
47.400000000000006,0.11984565433086347,0.09656803504621021,0.02327761928465326
47.45,0.08146537154749475,0.11000730972202673,-0.028541938174531975
47.5,0.05658927275350649,0.09803858338471218,-0.04144931063120569
47.550000000000004,0.051354535651647215,0.06359687566106924,-0.012242340009422023
47.6,0.05245093455404526,0.030717690477356417,0.02173324407668884
47.650000000000006,0.04714963171524499,0.02865406612470584,0.018495565590539154
47.7,0.0421216742764173,0.0709799948368634,-0.028858320560446106
47.75,0.0581956802693365,0.14452043406525142,-0.08632475379591492
47.800000000000004,0.10442831547353794,0.2163863263305957,-0.11195801085705777
47.85,0.15906005478682925,0.2538407313304898,-0.09478067654366054
47.900000000000006,0.18060865032321366,0.2422567005445991,-0.06164805022138545
47.95,0.14236986062897902,0.18914663033819668,-0.04677676970921765
48.0,0.05822141648699126,0.11441976692838808,-0.05619835044139682
48.050000000000004,-0.026285332009389453,0.03745178570147818,-0.06373711771086764
48.1,-0.07073262354855163,-0.028752131400373603,-0.04198049214817803
48.150000000000006,-0.07052911490261318,-0.07531463543187435,0.004785520529261164
48.2,-0.05335489069121854,-0.09431329313265828,0.04095840244143974
48.25,-0.046651717958153954,-0.08085506331661463,0.034203345358460674
48.300000000000004,-0.049214733729858386,-0.038647654499007256,-0.01056707923085113
48.35,-0.03461134496357224,0.018214817893335428,-0.052826162856907666
48.400000000000006,0.01836898291519049,0.07142064433141802,-0.05305166141622754
48.45,0.09982363025518645,0.10843161956709677,-0.008607989311910313
48.5,0.17358471281856214,0.12782211891946907,0.04576259389909307
48.550000000000004,0.20772515035351694,0.13587759517771789,0.07184755517579905
48.6,0.20047219884931386,0.1387597536005084,0.06171244524880545
48.650000000000006,0.1769669496392508,0.1380401474858584,0.03892680215339239
48.7,0.16190986686809908,0.13264789699870103,0.029261969869398052
48.75,0.1561834827883675,0.12296471083539726,0.03321877195297024
48.800000000000004,0.1395886899813534,0.11113773013393917,0.028450959847414234
48.85,0.09453703729480384,0.09718555031525968,-0.0026485130204558366
48.900000000000006,0.025432850671107267,0.07638731700012608,-0.05095446632901881
48.95,-0.04491521662155279,0.04255413010003906,-0.08746934672159185
49.0,-0.09583454719768132,-0.005156419520460843,-0.09067812767722049
49.050000000000004,-0.12384111573396729,-0.05909544182670285,-0.06474567390726443
49.1,-0.1377065242245283,-0.10747153733097403,-0.030234986893554278
49.150000000000006,-0.14136797860653919,-0.14164742807363823,0.00027944946709904106
49.2,-0.12501550076564458,-0.15816618208828845,0.03315068132264387
49.25,-0.07483434618372051,-0.1534348889519294,0.07860054276820888
49.300000000000004,0.008818566205131268,-0.11880164397971867,0.12762021018484992
49.35,0.10426346935661074,-0.04558748387427292,0.14985095323088365
49.400000000000006,0.18036763048333787,0.06064146150319051,0.11972616898014736
49.45,0.21610705372405625,0.17011434058547129,0.04599271313858497
49.5,0.20970120470610099,0.23757527325572508,-0.027874068549624098
49.550000000000004,0.17118436647229457,0.2288325885743645,-0.057648222102069935
49.6,0.10933021822971752,0.1458731572359728,-0.036542939006255284
49.650000000000006,0.027808506333193202,0.028243973670336556,-0.0004354673371433533
49.7,-0.06688705802458554,-0.07357480315666087,0.006687745132075332
49.75,-0.15746683375493778,-0.1326932566886425,-0.024773577066295266
49.800000000000004,-0.2199740162301029,-0.15990716997394516,-0.06006684625615774
49.85,-0.23855677287718816,-0.18593851350338533,-0.05261825937380282
49.900000000000006,-0.21690689961472426,-0.22814795434780408,0.01124105473307982
49.95,-0.17465881952986087,-0.2716313310828117,0.09697251155295081
50.0,-0.13176004413725276,-0.281466634066465,0.14970658992921224
50.050000000000004,-0.09548090864955276,-0.23486546502955094,0.1393845563799982
50.1,-0.06139451713962821,-0.1444774426802583,0.0830829255406301
50.150000000000006,-0.0253197416113623,-0.052490010449028235,0.027170268837665934
50.2,0.00706664816118762,-0.0010392069297045408,0.00810585509089216
50.25,0.022505196896616782,-0.004116160476103569,0.026621357372720353
50.300000000000004,0.011106720970543174,-0.04286985092991203,0.053976571900455204
50.35,-0.02536872335781175,-0.08478393105102695,0.059415207693215205
50.400000000000006,-0.07523417583577911,-0.10800315339285275,0.03276897755707364
50.45,-0.12539070186342144,-0.11131744979693495,-0.014073252066486491
50.5,-0.16785702973003344,-0.10594635343556867,-0.06191067629446477
50.550000000000004,-0.1995785825306485,-0.10103632439651737,-0.09854225813413113
50.6,-0.21837239931576305,-0.09680576276085424,-0.1215666365549088
50.650000000000006,-0.22040286209847504,-0.0884427454857819,-0.13196011661269313
50.7,-0.20079510914116314,-0.07285598650347128,-0.12793912263769186
50.75,-0.15513584913429168,-0.0498830704790006,-0.10525277865529109
50.800000000000004,-0.08067310131586154,-0.018158209470612325,-0.06251489184524922
50.85,0.020732193238196753,0.027008050552715844,-0.006275857314519091
50.900000000000006,0.13687016715218275,0.08861048363954498,0.04825968351263778
50.95,0.24157378799829385,0.1595601961425396,0.08201359185575424
51.0,0.30131974300639963,0.22032741177307277,0.08099233123332686
51.050000000000004,0.29332925579752167,0.24783833730302546,0.04549091849449621
51.1,0.22359038665247685,0.23040865050364776,-0.006818263851170903
51.150000000000006,0.1278760201015481,0.17685031073150406,-0.04897429062995595
51.2,0.05014298706567304,0.11168711369232252,-0.06154412662664948
51.25,0.013076698743333871,0.059576686680978735,-0.046499987937644864
51.300000000000004,0.005416128500421159,0.030787900263782392,-0.025371771763361233
51.35,-0.002114838029443211,0.018469262306586888,-0.0205841003360301
51.400000000000006,-0.02621624233852347,0.008734881250033437,-0.034951123588556905
51.45,-0.05406104771207789,-0.005366091088067687,-0.0486949566240102
51.5,-0.05598384888375972,-0.017211065953043395,-0.03877278293071633
51.550000000000004,-0.015417476743222377,-0.0119640984075296,-0.0034533783356927774
51.6,0.0533082833166718,0.020954928334957372,0.032353354981714426
51.650000000000006,0.11695599294253246,0.0782510726166561,0.03870492032587636
51.7,0.15335715851771936,0.1431860705929697,0.010171087924749661
51.75,0.16964607704718224,0.19542331891745982,-0.02577724187027758
51.800000000000004,0.1908242928911612,0.22284862499232527,-0.032024332101164066
51.85,0.230612656576831,0.2269621971895162,0.003650459387314786
51.900000000000006,0.2743494960597727,0.21856721540478422,0.0557822806549885
51.95,0.29131547879924047,0.20764197323918085,0.08367350556005962
52.0,0.26389962420726815,0.1952065484312426,0.06869307577602554
52.050000000000004,0.20402616316328898,0.17300388683949866,0.031022276323790315
52.1,0.14048820664274697,0.13067644892388167,0.009811757718865305
52.150000000000006,0.09053772277627546,0.06461413544473746,0.025923587331538003
52.2,0.04475101495811588,-0.018143843774898458,0.06289485873301434
52.25,-0.019989232400776605,-0.10341496943736743,0.08342573703659083
52.300000000000004,-0.11356273959376927,-0.1777445902458158,0.06418185065204653
52.35,-0.21971619339238194,-0.235021325678356,0.015305132285974077
52.400000000000006,-0.30996733524872017,-0.2779840838430828,-0.03198325140563735
52.45,-0.369187135284765,-0.31468003261366456,-0.05450710267110043
52.5,-0.40629200435604873,-0.35265344727874337,-0.05363855707730536
52.550000000000004,-0.4398500830892976,-0.39381423583329717,-0.04603584725600046
52.6,-0.4747749339540631,-0.4317950092014085,-0.04297992475265461
52.650000000000006,-0.49484797699450594,-0.4528380358671434,-0.04200994112736256
52.7,-0.47814398735486097,-0.4407706446984868,-0.03737334265637415
52.75,-0.41794324471605776,-0.3850291520214788,-0.032914092694578956
52.800000000000004,-0.32661501134768334,-0.28785611962118957,-0.03875889172649377
52.85,-0.21930884655624294,-0.16525762608302036,-0.05405122047322258
52.900000000000006,-0.09683804661785218,-0.03907878581344148,-0.057759260804410704
52.95,0.05172488041831227,0.07580736128356141,-0.024082480865249146
53.0,0.22798548074667715,0.17977661726801933,0.048208863478657826
53.050000000000004,0.4072584723280576,0.28434435072072367,0.12291412160733395
53.1,0.5458384053429786,0.3969151866691775,0.14892321867380104
53.150000000000006,0.6083046192940847,0.5056069414862366,0.10269767780784811
53.2,0.5896830363580131,0.5773617158999871,0.01232132045802603
53.25,0.5118958595614632,0.5735849274063286,-0.061689067844865386
53.300000000000004,0.39965847167099866,0.47401132456979383,-0.07435285289879517
53.35,0.2612022099927553,0.2923191419332291,-0.031116931940473824
53.400000000000006,0.09299369325576098,0.07232319420448995,0.020670499051271038
53.45,-0.09832405740616539,-0.13271187241485768,0.0343878150086923
53.5,-0.2820280455935205,-0.2837760844613083,0.0017480388677877934
53.550000000000004,-0.4145508116143924,-0.3683660826955737,-0.046184728918818696
53.6,-0.4668988734679602,-0.39623643522089524,-0.07066243824706497
53.650000000000006,-0.4425389697710083,-0.38491673872755733,-0.05762223104345099
53.7,-0.3696518720398981,-0.346298152680114,-0.023353719359784086
53.75,-0.2770714389737807,-0.2823300278542338,0.005258588880453052
53.800000000000004,-0.17789699707546344,-0.19043780492927223,0.012540807853808789
53.85,-0.07422974787708649,-0.07324937965668364,-0.000980368220402844
53.900000000000006,0.02693294691489964,0.05457716823249635,-0.02764422131759671
53.95,0.1076041052550764,0.1675170893006525,-0.059912984045576115
54.0,0.1508871080164036,0.23890703652992384,-0.08801992851352025
54.050000000000004,0.15790451231051456,0.2545351648208437,-0.09663065251032915
54.1,0.1494923835059329,0.22176609452724988,-0.07227371102131697
54.150000000000006,0.14836977116574918,0.16695000989527473,-0.01858023872952555
54.2,0.1588965379774518,0.12077267809323673,0.03812385988421506
54.25,0.1653084768606829,0.10032340377956395,0.06498507308111895
54.300000000000004,0.15086742688970364,0.10073499383025021,0.05013243305945343
54.35,0.11873765241734621,0.10331875724935546,0.015418895167990748
54.400000000000006,0.09319270441292156,0.09429423579953725,-0.0011015313866156867
54.45,0.09935330274404221,0.07878437380474171,0.0205689289393005
54.5,0.14090225744932366,0.07768855741310578,0.06321370003621789
54.550000000000004,0.19665345964361955,0.10914810164682404,0.08750535799679551
54.6,0.2378152191672272,0.16991597796488664,0.06789924120234056
54.650000000000006,0.2483562454310324,0.2327966010638821,0.015559644367150294
54.7,0.23034856126283831,0.26306524943919707,-0.032716688176358755
54.75,0.1933125627175828,0.24084326865327718,-0.04753070593569439
54.800000000000004,0.1422738860138429,0.17188795204587187,-0.029614066032028985
54.85,0.07750943415293057,0.07988859750925756,-0.0023791633563269854
54.900000000000006,0.0035866501050439057,-0.010932528009839269,0.014519178114883175
54.95,-0.0656229948055008,-0.08761070734825369,0.02198771254275289
55.0,-0.11385038903811338,-0.14703213395159434,0.03318174491348096
55.050000000000004,-0.134435610148449,-0.1871404231394024,0.05270481299095342
55.1,-0.13398802651046374,-0.20242481323104963,0.0684367867205859
55.150000000000006,-0.12349702657709438,-0.1887982017566231,0.06530117517952871
55.2,-0.10719976883250866,-0.15173377457859874,0.04453400574609008
55.25,-0.08234861555479074,-0.10754279974762115,0.025194184192830413
55.300000000000004,-0.05031439340765638,-0.07480812891242068,0.024493735504764302
55.35,-0.025314161394313636,-0.0634254080559166,0.038111246661602954
55.400000000000006,-0.02807817459861982,-0.07139467902054114,0.04331650442192132
55.45,-0.06813140503838284,-0.091685651902823,0.02355424686444016
55.5,-0.1325614847798814,-0.12139627708700114,-0.01116520769288025
55.550000000000004,-0.1946916701257248,-0.16352383668325143,-0.03116783344247337
55.6,-0.23610945662713467,-0.21979915902346028,-0.01631029760367439
55.650000000000006,-0.2606429963960489,-0.2826023423940453,0.021959345997996427
55.7,-0.2857064432096131,-0.3350448397706195,0.049338396561006415
55.75,-0.31918870886725387,-0.35992597541218957,0.0407372665449357
55.800000000000004,-0.3455918574056914,-0.3493277493978626,0.0037358919921711697
55.85,-0.336738476952188,-0.30636622898849397,-0.030372247963694032
55.900000000000006,-0.2777340781406907,-0.23902395042293542,-0.038710127717755255
55.95,-0.18283538211676728,-0.15388456503629144,-0.028950817080475838
56.0,-0.08508223988059707,-0.05653353720744962,-0.02854870267314745
56.050000000000004,-0.00911197390644685,0.04329773820411421,-0.05240971211056106
56.1,0.04707872255914394,0.13032480539746147,-0.08324608283831753
56.150000000000006,0.1047591219113415,0.1911953180388166,-0.08643619612747509
56.2,0.17989583210656834,0.22565878697300065,-0.04576295486643231
56.25,0.2657155370316397,0.24979998674088894,0.015915550290750757
56.300000000000004,0.33828103577848884,0.2850770271734119,0.05320400860507696
56.35,0.37779580303253024,0.3400900228164179,0.03770578021611232
56.400000000000006,0.3840916591284901,0.400454211460284,-0.0163625523317939
56.45,0.37261620113158544,0.4368802292849957,-0.06426402815341026
56.5,0.3574751272429974,0.4263552621958093,-0.06888013495281192
56.550000000000004,0.33948416499190825,0.36965415743408103,-0.030169992442172777
56.6,0.30943558256361653,0.2909485628564813,0.018487019707135233
56.650000000000006,0.26003449445118365,0.21992354538199485,0.0401109490691888
56.7,0.19250803954831577,0.170763354517049,0.02174468503126678
56.75,0.11233718188035667,0.1339617241967561,-0.021624542316399417
56.800000000000004,0.02185593997950622,0.08578872939815833,-0.06393278941865212
56.85,-0.07971601928382988,0.006707662797915772,-0.08642368208174565
56.900000000000006,-0.18834664470892976,-0.104941781311105,-0.08340486339782476
56.95,-0.2895011580699893,-0.2317968550484519,-0.05770430302153737
57.0,-0.36323501602824154,-0.34673440559086965,-0.016500610437371888
57.050000000000004,-0.3964786389855563,-0.42481168400310826,0.02833304501755196
57.1,-0.39021417144672915,-0.4514769927811373,0.061262821334408135
57.150000000000006,-0.3543134934270937,-0.42519811759668485,0.07088462416959118
57.2,-0.2963680042876632,-0.35572886684458443,0.059360862556921246
57.25,-0.21760633914052002,-0.25970598625949975,0.04209964711897973
57.300000000000004,-0.12084171678460921,-0.15513611224267748,0.03429439545806827
57.35,-0.020919532888959803,-0.05691512884817495,0.03599559595921514
57.400000000000006,0.056350334365970395,0.02444970875978214,0.031900625606188254
57.45,0.0893589704806599,0.08092562923350209,0.008433341247157805
57.5,0.07682798993524402,0.10509011028561238,-0.02826212035036836
57.550000000000004,0.038919388780170525,0.09220603553549862,-0.0532866467553281
57.6,0.0013628367006607008,0.04623564930325643,-0.04487281260259573
57.650000000000006,-0.022570999045311717,-0.01564367645082873,-0.006927322594482987
57.7,-0.03548539569468062,-0.06657002142118411,0.031084625726503487
57.75,-0.04313819715915453,-0.08227072097008681,0.039132523810932275
57.800000000000004,-0.040692989116627894,-0.054377190611768725,0.013684201495140831
57.85,-0.013652232229091975,0.005696260439491526,-0.019348492668583503
57.900000000000006,0.046818703783990064,0.0760267506579951,-0.029208046874005043
57.95,0.13017272206974978,0.13919487324687016,-0.00902215117712038
58.0,0.20925046247220405,0.19037805301072291,0.018872409461481138
58.050000000000004,0.2577814924476025,0.23214475907498305,0.025636733372619458
58.1,0.2662491643932585,0.2622028840817123,0.0040462803115462465
58.150000000000006,0.24223873640332527,0.26748971804706134,-0.02525098164373607
58.2,0.19772690745822377,0.23223575519190967,-0.0345088477336859
58.25,0.13829083453016547,0.1537416594640665,-0.015450824933901042
58.300000000000004,0.06499786383636752,0.050726115478165294,0.014271748358202226
58.35,-0.01571532635050161,-0.04553788488194735,0.02982255853144574
58.400000000000006,-0.08808337744669544,-0.11152653731188766,0.02344315986519223
58.45,-0.13573414616979745,-0.1460201307330195,0.01028598456322205
58.5,-0.1545900782747923,-0.16582470243448227,0.011234624159689982
58.550000000000004,-0.15546930374898224,-0.1863857186614589,0.030916414912476653
58.6,-0.15241262404807876,-0.20529305738329828,0.05288043333521952
58.650000000000006,-0.14852728969494758,-0.20460773775802035,0.056080448063072774
58.7,-0.1346012451872046,-0.17049364390923247,0.035892398722027874
58.75,-0.1023829803611569,-0.11154698713059043,0.009164006769433533
58.800000000000004,-0.05822477112320085,-0.05689567652425715,-0.0013290945989436961
58.85,-0.021470201205843892,-0.03311410101251303,0.01164389980666914
58.900000000000006,-0.007691056144097945,-0.03952284637940132,0.03183179023530338
58.95,-0.013363379908800665,-0.045269937315311475,0.03190655740651081
59.0,-0.01813576690113512,-0.013795749907167185,-0.004340016993967934
59.050000000000004,-0.0033622808959070647,0.06428951002079684,-0.06765179091670391
59.1,0.031003679209003928,0.15822004649330682,-0.12721636728430288
59.150000000000006,0.0674666065531411,0.21698101065986602,-0.14951440410672492
59.2,0.08818246181344773,0.20750277512898285,-0.11932031331553512
59.25,0.09063222420609023,0.14041974262976578,-0.049787518423675556
59.300000000000004,0.08673604232688428,0.06236744276153727,0.02436859956534701
59.35,0.0880891460333553,0.021281840004522507,0.0668073060288328
59.400000000000006,0.09386711574243184,0.03293364379460171,0.06093347194783013
59.45,0.09372805772009754,0.0746135462264005,0.019114511493697042
59.5,0.0811228879645776,0.10825741129935401,-0.02713452333477641
59.550000000000004,0.06150102106650719,0.11137389632934197,-0.04987287526283478
59.6,0.046525101590538444,0.09020839576027492,-0.04368329416973648
59.650000000000006,0.041669703797672375,0.0674960319164412,-0.025826328118768824
59.7,0.04208580112733875,0.05963109587656952,-0.01754529474923077
59.75,0.04188235404399335,0.0650707989041359,-0.023188444860142557
59.800000000000004,0.04588228202880173,0.07254791387941753,-0.026665631850615802
59.85,0.06878813389468566,0.07801083806757718,-0.009222704172891519
59.900000000000006,0.11998005729774824,0.09175858660698974,0.028221470690758504
59.95,0.18887949440754448,0.12803611964598802,0.06084337476155646
60.0,0.24733682076320304,0.18708860928953164,0.060248211473671404
60.050000000000004,0.2690118469629306,0.24724138994942396,0.02177045701350666
60.1,0.24798819691497406,0.2753647674472265,-0.027376570532252426
60.150000000000006,0.19885814333193744,0.24749461668508602,-0.04863647335314858
60.2,0.13899856027884777,0.1630213471197766,-0.024022786840928817
60.25,0.07185429264215391,0.04260242126081882,0.029251871381335094
60.300000000000004,-0.011249325223807881,-0.08574935376192343,0.07450002853811555
60.35,-0.11294637831202334,-0.19973501072919744,0.0867886324171741
60.400000000000006,-0.21529494120789866,-0.2865639342890684,0.07126899308116974
60.45,-0.286065684403557,-0.33963170996719827,0.05356602556364126
60.5,-0.30221191225569666,-0.3559570209802516,0.05374510872455496
60.550000000000004,-0.26913812366687684,-0.33835206075075114,0.0692139370838743
60.6,-0.21775319321056624,-0.2985334909168269,0.08078029770626066
60.650000000000006,-0.18220353462126387,-0.2549642981126202,0.07276076349135635
60.7,-0.1785184272111026,-0.22474138462070198,0.04622295740959939
60.75,-0.20141196305131992,-0.21582807044359864,0.01441610739227872
60.800000000000004,-0.23754146473783883,-0.22626009449715115,-0.011281370240687677
60.85,-0.27862780297189943,-0.24993552950301318,-0.028692273468886254
60.900000000000006,-0.3214103051509691,-0.2818293167209522,-0.039580988430016895
60.95,-0.3578771313728035,-0.31658179384482116,-0.04129533752798237
61.0,-0.37012773372534197,-0.3425686965694161,-0.027559037155925892
61.050000000000004,-0.3383564538168854,-0.33998988650188533,0.0016334326849999359
61.1,-0.2551949620813409,-0.2887210178022218,0.03352605572088091
61.150000000000006,-0.13211740935034355,-0.18173249284541623,0.04961508349507268
61.2,0.008244487746674807,-0.03283019193250904,0.041074679679183844
61.25,0.1455775609511026,0.12889801836940945,0.016679542581693158
61.300000000000004,0.2679467908182844,0.27404696485828106,-0.006100174039996686
61.35,0.3667224721003612,0.38507037512742676,-0.01834790302706557
61.400000000000006,0.4294862768328944,0.4566322032411405,-0.02714592640824609
61.45,0.44182473590678106,0.48675373841347624,-0.04492900250669518
61.5,0.39795069201401556,0.4700231480223389,-0.07207245600832335
61.550000000000004,0.30894047123816654,0.4012020689502025,-0.09226159771203596
61.6,0.19875465371549442,0.286051019236197,-0.0872963655207026
61.650000000000006,0.09078819967093192,0.14770625610375848,-0.05691805643282656
61.7,-0.002417893161203801,0.020093492836289032,-0.022511385997492833
61.75,-0.07745870802018982,-0.06827775494229106,-0.009180953077898762
61.800000000000004,-0.13077500127799216,-0.10772210801598336,-0.023052893262008795
61.85,-0.15421135105454853,-0.10791773485293488,-0.04629361620161365
61.900000000000006,-0.14157502920368573,-0.0867331036355502,-0.054841925568135524
61.95,-0.09878848439632198,-0.05779217826032742,-0.040996306135994566
62.0,-0.044753622790538315,-0.026331645773310396,-0.01842197701722792
62.050000000000004,0.0006315912655239975,0.006181810089097524,-0.005550218823573526
62.1,0.030510384569364366,0.03601139513099711,-0.005501010561632744
62.150000000000006,0.05289190220196519,0.05647021972686918,-0.003578317524903986
62.2,0.07797989870781695,0.06239548211495738,0.01558441659285957
62.25,0.10389087746734624,0.05411598514432991,0.04977489232301633
62.300000000000004,0.11573226659957145,0.036616966172099204,0.07911530042747225
62.35,0.09932790623214863,0.015310593806836808,0.08401731242531182
62.400000000000006,0.05559001019583526,-0.006877102780419268,0.06246711297625453
62.45,0.0007704762228130835,-0.028804086459298165,0.029574562682111248
62.5,-0.047554964349878104,-0.049179464720036585,0.0016245003701584812
62.550000000000004,-0.08432645724549137,-0.06692800790176853,-0.017398449343722838
62.6,-0.11695462388945523,-0.08366539716323783,-0.0332892267262174
62.650000000000006,-0.15263439881283242,-0.1042215066379703,-0.048412892174862124
62.7,-0.18727626691259103,-0.13231227530131298,-0.054963991611278046
62.75,-0.20765616463312295,-0.16407952066892492,-0.043576643964198025
62.800000000000004,-0.2034670453484638,-0.18610225753536605,-0.01736478781309775
62.85,-0.17537516740104253,-0.18159010950122426,0.006214942100181725
62.900000000000006,-0.13047362016388966,-0.14088910901649634,0.01041548885260668
62.95,-0.07150660636791563,-0.06776281126315938,-0.0037437951047562534
63.0,0.006140526785238854,0.023645914854279197,-0.017505388069040343
63.050000000000004,0.10442475950778332,0.1177557991669769,-0.013331039659193578
63.1,0.21009343039745276,0.20390900296644662,0.00618442743100614
63.150000000000006,0.2950839082090827,0.275235140473521,0.019848767735561712
63.2,0.3329962226474602,0.3235247795299027,0.009471443117557488
63.25,0.317501184234546,0.33794588551470384,-0.02044470128015785
63.300000000000004,0.2650589053197014,0.31094012632315926,-0.04588122100345787
63.35,0.19925545530429806,0.24603092834782486,-0.046775473043526805
63.400000000000006,0.13236973040415934,0.15894054082092657,-0.026570810416767232
63.45,0.062213171223225255,0.06941727162789293,-0.007204100404667679
63.5,-0.014062226171850642,-0.00938384345335583,-0.004678382718494812
63.550000000000004,-0.08561992144551747,-0.0742375573158708,-0.011382364129646674
63.6,-0.13016973956711875,-0.12537899422466453,-0.004790745342454217
63.650000000000006,-0.13209325129877383,-0.15793552575237996,0.025842274453606123
63.7,-0.09814211480657399,-0.16151102281763213,0.06336890801105814
63.75,-0.053724929268647546,-0.1298497360948747,0.07612480682622716
63.800000000000004,-0.022195989957608835,-0.07141930565379108,0.04922331569618224
63.85,-0.0070326007178891994,-0.009367577591608535,0.0023349768737193355
63.900000000000006,0.005916346264558578,0.03131672259657473,-0.025400376332016153
63.95,0.029193271792646337,0.039339259724040586,-0.010145987931394249
64.0,0.05758765245008733,0.022207833322122603,0.03537981912796473
64.05,0.07152470113018397,-0.002802203656126613,0.07432690478631059
64.10000000000001,0.05618109220983875,-0.022828114558694962,0.07900920676853371
64.15,0.0166594090021391,-0.03608791877116372,0.05274732777330282
64.2,-0.02592180156359418,-0.04694585978328962,0.02102405821969544
64.25,-0.05294981735212288,-0.056988920217069146,0.004039102864946263
64.3,-0.06275966653561192,-0.0626119900934632,-0.00014767644214871978
64.35000000000001,-0.06757274204846303,-0.06113282231309766,-0.006439919735365368
64.4,-0.0777917455261791,-0.05704355401513819,-0.020748191511040903
64.45,-0.09046115787297787,-0.059159289474269884,-0.03130186839870799
64.5,-0.09273422584411481,-0.06955220088863508,-0.023182024955479733
64.55,-0.07495173383052472,-0.07572306226204353,0.0007713284315188085
64.60000000000001,-0.03905505392202165,-0.056646752907645634,0.01759169898562398
64.65,0.005052962864347998,-0.0005218930449516395,0.005574855909299637
64.7,0.0489160760350202,0.08071530164666624,-0.03179922561164604
64.75,0.08943232750887081,0.15463084873713592,-0.06519852122826511
64.8,0.12430231536048003,0.1891687028605826,-0.06486638750010257
64.85000000000001,0.14697214665791844,0.17506202104819707,-0.02808987439027863
64.9,0.14939049613187616,0.1312590932457587,0.018131402886117448
64.95,0.13039726644180827,0.08876669814192364,0.041630568299884624
65.0,0.09905084774771322,0.0663951338031412,0.03265571394457202
65.05,0.06670236019652984,0.05818747768375771,0.008514882512772125
65.10000000000001,0.034998679442851,0.04169714035165916,-0.006698460908808164
65.15,-0.006192596209566951,-0.0013216256734843918,-0.004870970536082559
65.2,-0.06603358694863522,-0.06941283402151044,0.0033792470728752216
65.25,-0.13686055967593794,-0.142516504881396,0.005655945205458063
65.3,-0.19288651645205804,-0.1964231668515492,0.0035366503994911647
65.35000000000001,-0.20814667158925623,-0.21753661099964167,0.009389939410385434
65.4,-0.1784453377184628,-0.20730002878991435,0.028854691071451555
65.45,-0.12601448847943636,-0.17608192787445887,0.050067439395022506
65.5,-0.08113849988279859,-0.13447483749729158,0.053336337614492996
65.55,-0.05749571037452161,-0.08944455827290343,0.03194884789838182
65.60000000000001,-0.044589705790064965,-0.0460850045484562,0.0014952987583912378
65.65,-0.023962400608961508,-0.010340888797460045,-0.013621511811501463
65.7,0.007772903696996616,0.011420654465346392,-0.003647750768349776
65.75,0.03277169557921747,0.015618215943212116,0.017153479636005352
65.8,0.029172226061400002,0.003933597478674994,0.025238628582725006
65.85000000000001,-0.00562601879692752,-0.017383604912876157,0.011757586115948637
65.9,-0.049277924491300945,-0.040503356867412334,-0.008774567623888611
65.95,-0.0726333527335206,-0.058690118762383024,-0.01394323397113758
66.0,-0.06445340645414809,-0.06734396590249732,0.0028905594483492336
66.05,-0.03940124776539909,-0.06426908114980111,0.024867833384402016
66.10000000000001,-0.022823198200782924,-0.050374093957207856,0.027550895756424932
66.15,-0.028021394015353543,-0.030356759720086727,0.002335365704733184
66.2,-0.04730562091397514,-0.011666874362893145,-0.03563874655108199
66.25,-0.06287811195191736,-0.0011158761882155046,-0.06176223576370186
66.3,-0.0642389859471948,-0.0010097046978544924,-0.0632292812493403
66.35000000000001,-0.05469565894628118,-0.007812876830490555,-0.046882782115790625
66.4,-0.043042060921984135,-0.014555622092149131,-0.028486438829835002
66.45,-0.03188469625002141,-0.015033329386369516,-0.016851366863651893
66.5,-0.015487693211724966,-0.006448207936726425,-0.009039485274998541
66.55,0.01223331938760991,0.011087010018085871,0.0011463093695240397
66.60000000000001,0.05003187562962917,0.036645476521262495,0.013386399108366677
66.65,0.0903775305172149,0.0693375666936325,0.02103996382358239
66.7,0.12620412202395462,0.1068024828277155,0.01940163919623912
66.75,0.1537550556063573,0.1430803592881323,0.010674696318224985
66.8,0.16802605766504058,0.16859648580771283,-0.0005704281426722468
66.85000000000001,0.15839295001878795,0.17316077519387915,-0.014767825175091204
66.9,0.11388599759778192,0.15019910720475516,-0.03631310960697323
66.95,0.0364795684977118,0.0995906101011403,-0.06311104160342851
67.0,-0.051229325759839676,0.02807564532154938,-0.07930497108138906
67.05,-0.11557668709679625,-0.05179092265274372,-0.06378576444405253
67.10000000000001,-0.13390443213645137,-0.12301765851828171,-0.010886773618169657
67.15,-0.11008467335666416,-0.16641769008003127,0.0563330167233671
67.2,-0.0683322298349449,-0.16530360276172265,0.09697137292677775
67.25,-0.03031917514959963,-0.1126348309625975,0.08231565581299788
67.3,0.002689843962499116,-0.01724544219038467,0.019935286152883785
67.35000000000001,0.04538007881519895,0.09596680165718659,-0.05058672284198764
67.4,0.10647962679522623,0.19445450088824962,-0.08797487409302339
67.45,0.1722002954276469,0.2518036007835322,-0.0796033053558853
67.5,0.21298625162558688,0.25906074441077204,-0.04607449278518516
67.55,0.2082289827550823,0.22654486614291267,-0.018315883387830356
67.60000000000001,0.16513741830005374,0.17523186812097133,-0.01009444982091759
67.65,0.11308103847897936,0.12385421765858774,-0.010773179179608378
67.7,0.07848739540426984,0.08037753845311607,-0.0018901430488462295
67.75,0.06403461441945217,0.04260836656356164,0.021426247855890534
67.8,0.051014373948719896,0.005570902002294639,0.04544347194642526
67.85000000000001,0.020751253819026594,-0.03137969125187031,0.052130945070896904
67.9,-0.02685298578586285,-0.06350023128142745,0.036647245495564605
67.95,-0.07493906403616075,-0.08572041897023434,0.01078135493407359
68.0,-0.10753297133836313,-0.09858553327296807,-0.008947438065395066
68.05,-0.12401308797523466,-0.10926803933465193,-0.014745048640582736
68.10000000000001,-0.13584265286580005,-0.12621291903644938,-0.009629733829350673
68.15,-0.15065045242360076,-0.1515165271141312,0.0008660746905304328
68.2,-0.1616202238154685,-0.17726229482581407,0.015642071010345565
68.25,-0.15359857127356188,-0.18911107494085844,0.03551250366729655
68.3,-0.11919554094769141,-0.1749262433463263,0.055730702398634896
68.35000000000001,-0.06783921675073508,-0.13249521062124164,0.06465599387050656
68.4,-0.01858170557255163,-0.071245028295947,0.05266332272339537
68.45,0.015561055651685958,-0.0073054937871349845,0.02286654943882094
68.5,0.035844355111384826,0.04427349152402072,-0.008429136412635894
68.55,0.05136287387061385,0.07515093991720015,-0.0237880660465863
68.60000000000001,0.06619927784246768,0.08463249821510635,-0.01843322037263867
68.65,0.07428205443394033,0.0770474648149224,-0.002765410380982075
68.7,0.06686977338582258,0.05858880107499758,0.008280972310824995
68.75,0.04384776090199736,0.03571489197880934,0.00813286892318802
68.8,0.016415262872350303,0.014919297454808298,0.0014959654175420046
68.85000000000001,-0.0016128743219225989,0.0023299979998497576,-0.003942872321772356
68.9,-0.004730348881129145,0.0022266815288729874,-0.006957030410002132
68.95,0.0018600455587708693,0.01518057108214025,-0.01332052552336938
69.0,0.009497535607853382,0.03734593274489167,-0.027848397137038287
69.05,0.014292874801415743,0.06169052634752447,-0.04739765154610873
69.10000000000001,0.0180399982867041,0.08050008216335894,-0.06246008387665484
69.15,0.022680325493189674,0.08777825343382965,-0.06509792794063998
69.2,0.026300140037713908,0.0807063990315319,-0.05440625899381799
69.25,0.025874671697696035,0.06028853701909624,-0.03441386532140021
69.3,0.023078476800868327,0.03153206476753844,-0.008453587966670114
69.35000000000001,0.025114558837333555,0.002865808128396146,0.02224875070893741
69.4,0.03795776205238832,-0.01598749650723222,0.05394525855962054
69.45,0.05856425231160309,-0.017771941499995992,0.07633619381159908
69.5,0.07488633861626223,-0.0015903600237766953,0.07647669864003893
69.55,0.0748683876691761,0.025547386751800703,0.049321000917375395
69.60000000000001,0.05605751995119317,0.0510789834352945,0.00497853651589867
69.65,0.026488542847727073,0.062277051491549884,-0.03578850864382281
69.7,-0.003607236244561092,0.05173460675531597,-0.055341842999877065
69.75,-0.03036694341622961,0.020032161835196696,-0.05039910525142631
69.8,-0.05636648671119196,-0.025275257550359448,-0.031091229160832512
69.85000000000001,-0.08280112032837932,-0.0729009723807061,-0.009900147947673216
69.9,-0.10289918775017586,-0.11112969930098617,0.00823051155081031
69.95,-0.1043615739397437,-0.1301228272867196,0.02576125334697589
70.0,-0.07909871147362683,-0.12365561850115357,0.04455690702752674
70.05,-0.031037184923510173,-0.09097459357689588,0.05993740865338571
70.10000000000001,0.025101251545520717,-0.038344428531002284,0.063445680076523
70.15,0.0722631280537277,0.021248013428815184,0.05101511462491251
70.2,0.09897616162573172,0.07138269274162713,0.02759346888410459
70.25,0.10140451133966306,0.09776317938184648,0.0036413319578165876
70.3,0.08117660505502794,0.0934706478126538,-0.012294042757625856
70.35000000000001,0.0437048569339682,0.061165938504975904,-0.017461081571007703
70.4,-0.0017884648500162922,0.011221871163697569,-0.01301033601371386
70.45,-0.04383165710183497,-0.04291444845612035,-0.0009172086457146164
70.5,-0.07401660329801196,-0.08958907076318523,0.015572467465173268
70.55,-0.0923618563578574,-0.12195388491298256,0.02959202855512516
70.60000000000001,-0.10621265112985198,-0.13847865772312362,0.03226600659327164
70.65,-0.1215887767479911,-0.14157090670214795,0.019982129954156852
70.7,-0.13478457843697297,-0.1353890714285304,0.0006044929915574315
70.75,-0.13393095453221207,-0.12382791725386218,-0.010103037278349894
70.8,-0.111030701211764,-0.10937415275811532,-0.0016565484536486819
70.85000000000001,-0.07312860691338942,-0.09316444505684636,0.02003583814345694
70.9,-0.03996569603266617,-0.07600452404995131,0.03603882801728514
70.95,-0.028039679417172652,-0.059474170065514066,0.03143449064834142
71.0,-0.035646125981069775,-0.04607981058184065,0.010433684600770876
71.05,-0.04442925398580841,-0.038104681990053214,-0.006324571995755195
71.10000000000001,-0.03746522802913524,-0.03596879432366124,-0.001496433705473997
71.15,-0.01669626548404614,-0.037535842601561835,0.020839577117515697
71.2,-0.0017268629767645072,-0.039165458592569216,0.03743859561580471
71.25,-0.009890849504261662,-0.03780695436706882,0.027916104862807156
71.3,-0.03683914518780466,-0.032400990805889124,-0.004438154381915534
71.35000000000001,-0.05765374876067722,-0.02336835367703593,-0.03428539508364129
71.4,-0.04874116431411115,-0.010713884098686142,-0.03802728021542501
71.45,-0.009749745063436172,0.007295345042416608,-0.01704509010585278
71.5,0.0360427579180848,0.03322918118970398,0.002813576728380819
71.55,0.06347833335035248,0.06768051526273319,-0.004202181912380712
71.60000000000001,0.0680283859332116,0.10679023952765632,-0.038761853594444715
71.65,0.06696318376006506,0.14248787316259315,-0.07552468940252809
71.7,0.07862566151257323,0.16584479834971558,-0.08721913683714234
71.75,0.10136723893312445,0.17142857609147982,-0.07006133715835537
71.8,0.11390223511514566,0.1596311219515986,-0.04572888683645293
71.85000000000001,0.09688431320691258,0.13544690656597405,-0.03856259335906147
71.9,0.053781689650060076,0.1048958327464868,-0.05111414309642672
71.95,0.009768112759232382,0.07199754175683458,-0.0622294289976022
72.0,-0.010401959281515633,0.03853825510665152,-0.048940214388167154
72.05,-0.0034961866648376976,0.006423053146912688,-0.009919239811750385
72.10000000000001,0.012666260300726135,-0.01980565375180207,0.03247191405252821
72.15,0.019646061375772874,-0.03291465086055037,0.05256071223632325
72.2,0.01722731061250083,-0.026109084786983976,0.043336395399484806
72.25,0.021605037452393745,0.002458557563977451,0.019146479888416293
72.3,0.04563107760812173,0.04683242574657674,-0.0012013481384550093
72.35000000000001,0.08218819180017553,0.09418402493760186,-0.011995833137426332
72.4,0.10806933224585245,0.12936039933733826,-0.021291067091485802
72.45,0.10443258840376372,0.14077676861947477,-0.03634418021571105
72.5,0.07326259775154964,0.12475436559252383,-0.05149176784097419
72.55,0.034034861309059784,0.08642641762035501,-0.052391556311295225
72.60000000000001,0.00519460594334395,0.03717234725672568,-0.03197774131338173
72.65,-0.010353218011836909,-0.009920150191948907,-0.00043306781988800176
72.7,-0.022273411674111433,-0.04450378819571901,0.02223037652160758
72.75,-0.037806873631947985,-0.06169484976532012,0.023887976133372138
72.8,-0.05201018942877988,-0.06241065835699088,0.010400468928211004
72.85000000000001,-0.053376856719941614,-0.051676667504808024,-0.0017001892151335893
72.9,-0.03763332409680358,-0.03594772703212658,-0.0016855970646770038
72.95,-0.013915605755688372,-0.020667754416866593,0.006752148661178221
73.0,0.0035242247437015936,-0.008947288231275807,0.012471512974977401
73.05,0.008868638481300256,-0.0015471117043238094,0.010415750185624066
73.10000000000001,0.008850788737668893,0.002319396613950004,0.006531392123718889
73.15,0.013503384968358862,0.004122192427725911,0.009381192540632952
73.2,0.024386928635918896,0.0055622105772699425,0.018824718058648954
73.25,0.033563848425647164,0.008425613750084491,0.02513823467556267
73.3,0.03412691183102458,0.01427616899525261,0.01985074283577197
73.35000000000001,0.02976008233106393,0.023715297388855267,0.006044784942208663
73.4,0.03162987040958898,0.03554318752236386,-0.003913317112774879
73.45,0.04524273147531441,0.046588115523796395,-0.0013453840484819873
73.5,0.06193467037808102,0.05273261869420245,0.009202051683878575
73.55,0.06562869946422359,0.050820986107887836,0.014807713356335753
73.60000000000001,0.049070183818583184,0.04033945880373424,0.008730725014848943
73.65,0.022566625143138962,0.02373311766773899,-0.0011664925246000282
73.7,0.005018485253763125,0.005087156459978507,-6.867120621538263e-05
73.75,0.005378790920164845,-0.011977078453046559,0.017355869373211402
73.8,0.013372430718867017,-0.02584538822554649,0.03921781894441351
73.85000000000001,0.009515364846953802,-0.03706173761997175,0.046577102466925556
73.9,-0.015246924039401245,-0.04732277546174595,0.0320758514223447
73.95,-0.05017468608156968,-0.05827700675525856,0.008102320673688886
74.0,-0.07528328550547805,-0.07092582269647885,-0.004357462808999207
74.05,-0.08103635598311193,-0.08563623179976229,0.004599875816650362
74.10000000000001,-0.07695650887992098,-0.10216923831703253,0.02521272943711156
74.15,-0.08036621135764499,-0.11928907634171435,0.038922864984069355
74.2,-0.09706477406924553,-0.13426518775621302,0.037200413686967485
74.25,-0.1141666216932113,-0.14312378510854964,0.02895716341533834
74.3,-0.11281378057285195,-0.14218663246212915,0.0293728518892772
74.35000000000001,-0.08795394138242277,-0.13036074021611072,0.04240679883368795
74.4,-0.05501058009706188,-0.11067764390254067,0.05566706380547879
74.45,-0.036544286134538,-0.08964925095017516,0.05310496481563716
74.5,-0.04212042268138832,-0.0742885572255373,0.032168134544148984
74.55,-0.06097835826659829,-0.06832448301926884,0.007346124752670553
74.60000000000001,-0.07365599966585054,-0.06996088313621357,-0.0036951165296369715
74.65,-0.06978706481071185,-0.07274290684414787,0.002955842033436018
74.7,-0.05430648052825683,-0.06911082050348454,0.014804339975227704
74.75,-0.03763997864019613,-0.054413968822688695,0.016773990182492565
74.8,-0.022386043141515297,-0.028883552047163287,0.00649750890564799
74.85000000000001,-0.001656794942668714,0.003403226057077996,-0.00506002099974671
74.9,0.029564081589471967,0.03732263151941591,-0.007758549929943941
74.95,0.06360812185315697,0.06887460982288629,-0.005266487969729325
75.0,0.08321614837309199,0.0952087640458085,-0.011992615672716506
75.05,0.0767893609342498,0.11317844316796932,-0.03638908223371952
75.10000000000001,0.05030625508762448,0.11866021984472533,-0.06835396475710084
75.15,0.022970432753102895,0.10828203939427304,-0.08531160664117014
75.2,0.010155181494965216,0.08277415779059365,-0.07261897629562843
75.25,0.010451591859843607,0.04901781383933845,-0.038566221979494844
75.3,0.0096632612426712,0.018183732248659292,-0.008520471005988092
75.35000000000001,-0.0026089323340530565,0.0002785280922443521,-0.0028874604262974085
75.4,-0.02086001364758437,-0.0013506105075545719,-0.0195094031400298
75.45,-0.028341380890768,0.008602974767755511,-0.03694435565852351
75.5,-0.013620086625670144,0.02137314079797934,-0.034993227423649485
75.55,0.01768491963028077,0.030437164260491402,-0.012752244630210633
75.60000000000001,0.047414966647314795,0.035245508866240303,0.012169457781074491
75.65,0.06057453366470735,0.039623135210347674,0.020951398454359678
75.7,0.0565896228881645,0.046658369734443594,0.009931253153720905
75.75,0.0461298660440018,0.05485624289822417,-0.008726376854222367
75.8,0.03863210698587301,0.059045108453242096,-0.020413001467369088
75.85000000000001,0.03422883111363888,0.05511983282580356,-0.02089100171216468
75.9,0.027484101915926255,0.04416504002109089,-0.016680938105164633
75.95,0.016877522667413825,0.032056936695435814,-0.01517941402802199
76.0,0.008187345014202445,0.024778907522810187,-0.016591562508607743
76.05,0.007691692937390627,0.023596156350359505,-0.01590446341296888
76.10000000000001,0.01334927098477494,0.024337331477562132,-0.010988060492787192
76.15,0.014997241832293867,0.021290407781562656,-0.0062931659492687884
76.2,0.0047061738001843096,0.012135911023599014,-0.007429737223414705
76.25,-0.01345053770936308,-0.00036606380186660477,-0.013084473907496477
76.3,-0.02551007163703957,-0.011064164202732596,-0.014445907434306973
76.35000000000001,-0.02085103593892795,-0.016681586824540805,-0.004169449114387144
76.4,-0.0035845163115121475,-0.01779148582617333,0.014206969514661183
76.45,0.009986488522693165,-0.01717155960676815,0.027158048129461314
76.5,0.006250458465716237,-0.016683490994516586,0.022933949460232823
76.55,-0.01275723765999314,-0.015885681194538075,0.003128443534544936
76.60000000000001,-0.031098923874676897,-0.013442903810471814,-0.017656020064205084
76.65,-0.03370204629476825,-0.009405588464660542,-0.02429645783010771
76.7,-0.019639799726868037,-0.005622423174422863,-0.014017376552445174
76.75,-0.0011880210637803027,-0.0036220788649752233,0.0024340578011949206
76.80000000000001,0.00961759732372659,-0.0020681205695614285,0.011685717893288018
76.85000000000001,0.012842183389447755,0.003425327034969152,0.009416856354478604
76.9,0.019034305532771075,0.01737675975933435,0.0016575457734367242
76.95,0.03639471519943961,0.04047716931004845,-0.004082454110608841
77.0,0.060428608603940816,0.06764451929892477,-0.007215910694983958
77.05000000000001,0.07689902888933149,0.08963392549910315,-0.01273489660977166
77.10000000000001,0.07501349476758928,0.09723514829278307,-0.022221653525193785
77.15,0.057369914129598173,0.08563803267994861,-0.02826811855035044
77.2,0.03682068037450231,0.05685474380739112,-0.020034063432888806
77.25,0.023970658548992763,0.01931092963845113,0.0046597289105416335
77.30000000000001,0.018297935974945934,-0.015205577199434502,0.03350351317438044
77.35000000000001,0.011465434960321895,-0.03629791233851129,0.047763347298833185
77.4,-0.0017070874340992769,-0.03968176261290082,0.03797467517880154
77.45,-0.016981101961884956,-0.029510274957474988,0.012529172995590032
77.5,-0.025942404650097107,-0.01645583537602481,-0.009486569274072296
77.55000000000001,-0.026667962002480887,-0.011929950436642574,-0.014738011565838312
77.60000000000001,-0.027427077465516467,-0.021616926131277896,-0.00581015133423857
77.65,-0.03825376207172786,-0.042491057168463804,0.004237295096735941
77.7,-0.058582135633525954,-0.06529775517965031,0.006715619546124353
77.75,-0.07441847064210155,-0.08048227577565308,0.0060638051335515225
77.80000000000001,-0.0695900604991827,-0.08307559546088447,0.013485534961701767
77.85000000000001,-0.04111377742648023,-0.07336433806127714,0.03225056063479691
77.9,-0.0035664486036277613,-0.05412701207765488,0.05056056347402712
77.95,0.02261258673772083,-0.028094432238740665,0.050707018976461495
78.0,0.028245206453117924,0.0016620093396426776,0.026583197113475246
78.05000000000001,0.021652520796043614,0.02947489598487822,-0.007822375188834607
78.10000000000001,0.018125775087398672,0.04666847375010332,-0.02854269866270465
78.15,0.023279329170576925,0.04529101589652705,-0.022011686725950125
78.2,0.02715775896551148,0.023959521690993364,0.003198237274518116
78.25,0.01538933652050039,-0.009184777684079413,0.024574114204579802
78.30000000000001,-0.013548833369379242,-0.03977605309960523,0.02622721973022599
78.35000000000001,-0.04270353269334096,-0.055068310104083834,0.01236477741074287
78.4,-0.0496526687977136,-0.05071955436115651,0.001066885563442907
78.45,-0.026890286668758524,-0.031834463268881445,0.004944176600122922
78.5,0.00967212844664815,-0.008416029996560277,0.01808815844320843
78.55000000000001,0.032926713584013174,0.010435383558753316,0.02249133002525986
78.60000000000001,0.027059872156532053,0.01938683610163357,0.007673036054898483
78.65,1.7606738600382875e-05,0.01637135019174979,-0.016353743453149407
78.7,-0.025222940316618484,0.0014699241650719765,-0.026692864481690462
78.75,-0.03214304244783336,-0.02266164590284614,-0.009481396544987218
78.80000000000001,-0.024894222412710026,-0.04989885523749407,0.025004632824784045
78.85000000000001,-0.02243901617087249,-0.07214554122709146,0.049706525056218975
78.9,-0.03888422885035842,-0.08388842324565327,0.04500419439529484
78.95,-0.06901956695538423,-0.08639037539658416,0.017370808441199925
79.0,-0.09262084338058924,-0.08685112438600769,-0.005769718994581549
79.05000000000001,-0.09295225511594357,-0.09173197332033972,-0.0012202817956038503
79.10000000000001,-0.0715560175257785,-0.09933213472875917,0.027776117202980663
79.15,-0.04543457717275205,-0.09870992912140819,0.05327535194865614
79.2,-0.029918358737314212,-0.07733181667570088,0.047413457938386666
79.25,-0.02416963952686097,-0.03200428688735151,0.00783464736049054
79.30000000000001,-0.013358174137810165,0.026143518341040988,-0.03950169247885115
79.35000000000001,0.014878971193624272,0.07758687870392965,-0.06270790751030537
79.4,0.0559956700212041,0.10713596397818001,-0.05114029395697591
79.45,0.09041080294871356,0.11342058053220842,-0.02300977758349486
79.5,0.10015202192864434,0.1076606238943699,-0.007508601965725559
79.55000000000001,0.08445457984050338,0.10320199179728837,-0.01874741195678499
79.60000000000001,0.05956824734792552,0.10479110255500608,-0.04522285520708056
79.65,0.04326944363339092,0.10619428765007467,-0.06292484401668375
79.7,0.039158920963085486,0.097235226916262,-0.05807630595317652
79.75,0.0356810876636158,0.07350970526645462,-0.037828617602838815
79.80000000000001,0.02023170498556824,0.04058843568110677,-0.020356730695538526
79.85000000000001,-0.006004717940025954,0.010012805926318967,-0.01601752386634492
79.9,-0.02741974425606365,-0.008638925903065076,-0.018780818352998573
79.95,-0.028432124871155456,-0.012966216828023123,-0.015465908043132333
80.0,-0.008986174719281148,-0.007087992340905344,-0.0018981823783758038
