x,yobs,ycalc,ydiff
0.05,-2.0453289291891843e-11,-0.040921595309869975,0.04092159528941668
0.1,-2.3498776584336797e-10,-0.058282574256191044,0.05828257402120328
0.15000000000000002,-1.2746513272699056e-08,-0.05358583342078417,0.053585820674270895
0.2,-1.5622805166635265e-07,-0.051853543879151524,0.051853387651099855
0.25,-3.784065785051906e-07,-0.07509718791161188,0.07509680950503338
0.30000000000000004,4.314451297088203e-06,-0.11880157617302994,0.11880589062432703
0.35000000000000003,4.0185214585431024e-05,-0.15646306851435357,0.156503253728939
0.4,0.00016573878956765062,-0.16767294364195343,0.16783868243152109
0.45,0.00039311801012493504,-0.16011315566755052,0.16050627367767545
0.5,0.00041754343504385883,-0.16183520805327423,0.16225275148831808
0.55,-0.0007171197614218225,-0.1914814542528518,0.19076433449142996
0.6000000000000001,-0.004404790498041498,-0.23790534710734146,0.23350055660929997
0.65,-0.010929332963809954,-0.2713973884055418,0.26046805544173185
0.7000000000000001,-0.01679788265580334,-0.2753862611921782,0.25858837853637484
0.75,-0.013317113250831498,-0.26499457338679616,0.25167746013596465
0.8,0.009908984011197056,-0.2717382032324309,0.28164718724362797
0.8500000000000001,0.05528540002839161,-0.30954325851141423,0.36482865853980584
0.9,0.10659034139464744,-0.3584289219366797,0.46501926333132715
0.9500000000000001,0.12847334805231497,-0.38490684169005607,0.5133801897423711
1.0,0.0844954388063612,-0.3788478142893164,0.4633432530956776
1.05,-0.03200981729199173,-0.36671539397246367,0.33470557668047196
1.1,-0.17694688781485554,-0.3840658183326238,0.20711893051776828
1.1500000000000001,-0.26983267690800233,-0.4346215667474703,0.164788889839468
1.2000000000000002,-0.24700798673531058,-0.48195874182554505,0.23495075509023447
1.25,-0.12101777516145942,-0.4887134737080693,0.3676956985466099
1.3,0.006362988275871166,-0.4648272219560384,0.4711902102319096
1.35,0.006964776295297426,-0.4668733014964686,0.473838077791766
1.4000000000000001,-0.16541153055612232,-0.533141835973369,0.3677303054172466
1.4500000000000002,-0.40367861476210437,-0.6097944253817951,0.2061158106196907
1.5,-0.4886587699492523,-0.551624724983111,0.06296595503385871
1.55,-0.24050922905764016,-0.22720358840630722,-0.01330564065133294
1.6,0.31894660178880085,0.3408373292973554,-0.02189072750855453
1.6500000000000001,0.926591385237287,0.9250645496802682,0.0015268355570188241
1.7000000000000002,1.221710964705262,1.2060106789987375,0.015700285706524486
1.75,0.9945735491347557,0.9927770601648294,0.0017964889699263464
1.8,0.3627251611626811,0.39120045062808534,-0.02847528946540423
1.85,-0.2713773658631006,-0.22452242323928626,-0.046854942623814316
1.9000000000000001,-0.4752388999938545,-0.4423868267068348,-0.03285207328701967
1.9500000000000002,-0.0835364919549976,-0.09285653377780735,0.009320041822809752
2.0,0.677316285640423,0.6239349164434368,0.05338136919698622
2.0500000000000003,1.3339176711831333,1.2625884954482882,0.0713291757348451
2.1,1.4799938081410822,1.4238399097229417,0.05615389841814045
2.15,1.0356556885919483,1.006682691365192,0.02897299722675628
2.2,0.27212302948462935,0.24801973523788645,0.0241032942467429
2.25,-0.4002701168752308,-0.4632890283679527,0.06301891149272193
2.3000000000000003,-0.7118269701393952,-0.8492054229487058,0.1373784528093106
2.35,-0.6773099143615074,-0.8915336803249237,0.2142237659634163
2.4000000000000004,-0.5199714985905398,-0.7787257744964009,0.2587542759058611
2.45,-0.46327398910358863,-0.7200081827403243,0.25673419363673566
2.5,-0.564816920779251,-0.7852711364205108,0.22045421564125978
2.5500000000000003,-0.7107719362800272,-0.8871934750392942,0.17642153875926703
2.6,-0.7483756636701603,-0.8948609730873802,0.14648530941721993
2.6500000000000004,-0.6286151068027934,-0.7648023289356947,0.13618722213290124
2.7,-0.4409354691409472,-0.5765242607135597,0.13558879157261244
2.75,-0.325857815649525,-0.4541099697677748,0.1282521541182498
2.8000000000000003,-0.35464744558396893,-0.45582036423422234,0.10117291865025341
2.85,-0.4824619616357644,-0.5339260654982904,0.05146410386252598
2.9000000000000004,-0.6067485334853097,-0.5953362598552646,-0.011412273630045044
2.95,-0.667709986745271,-0.5988757972307914,-0.06883418951447962
3.0,-0.6958543326541298,-0.5937772180958544,-0.1020771145582754
3.0500000000000003,-0.7666946751054127,-0.6630254837944076,-0.10366919131100505
3.1,-0.9112832662168324,-0.8284750953238342,-0.08280817089299819
3.1500000000000004,-1.0722140242706506,-1.0139928697379845,-0.058221154532666075
3.2,-1.150769956260545,-1.1089774937401153,-0.04179246252042956
3.25,-1.1018327157643464,-1.0752748914199657,-0.0265578243443807
3.3000000000000003,-0.981486190688485,-0.9897500729547603,0.00826388226627528
3.35,-0.8898473139433597,-0.9667188041461928,0.07687149020283313
3.4000000000000004,-0.8506728191939747,-1.01912722080686,0.16845440161288527
3.45,-0.7416698557891447,-0.990698921190587,0.24902906540144232
3.5,-0.36253902519644293,-0.6472678027566547,0.2847287775602118
3.5500000000000003,0.38732474639510445,0.11990165427292891,0.2674230921221755
3.6,1.3590473827307221,1.1391954386228,0.21985194410792208
3.6500000000000004,2.173261434954704,1.9979272432247683,0.17533419172993558
3.7,2.428202063612711,2.27783564252543,0.15036642108728104
3.75,1.9628481683362609,1.8280971036711315,0.13475106466512932
3.8000000000000003,0.9812359753676037,0.874323008276577,0.1069129670910266
3.85,-0.06294989945446261,-0.12113089704735142,0.058180997592888806
3.9000000000000004,-0.7440294012930891,-0.7462678044715787,0.0022384031784895564
3.95,-0.9051103078603407,-0.8667518091246288,-0.038358498735711954
4.0,-0.6967863752597728,-0.642930425827804,-0.05385594943196881
4.05,-0.40890472095978664,-0.35366984777062244,-0.0552348731891642
4.1000000000000005,-0.24459853930476308,-0.1832271061632932,-0.06137143314146987
4.15,-0.21037227106190973,-0.13085737101877087,-0.07951490004313885
4.2,-0.18138361923909252,-0.08240172624104124,-0.09898189299805128
4.25,-0.05383762210868607,0.0495389220865793,-0.10337654419526537
4.3,0.1582790715782938,0.2458483363537112,-0.0875692647754174
4.3500000000000005,0.35243116373393407,0.41430654416356616,-0.06187538042963209
4.4,0.4419676105200051,0.4824034506478525,-0.0404358401278474
4.45,0.42755803076851046,0.4550981192564036,-0.027540088487893133
4.5,0.3761050370683063,0.39288000458239775,-0.016774967514091466
4.55,0.3435339076101989,0.3464011567743636,-0.002867249164164698
4.6000000000000005,0.32544086859144244,0.31711605128576265,0.0083248173056798
4.65,0.27968618123530253,0.2754649075975496,0.004221273637752931
4.7,0.1867407807062857,0.20612419106970373,-0.019383410363418035
4.75,0.07859892311852633,0.12769189150712845,-0.04909296838860212
4.800000000000001,0.006604472624442678,0.06887783532376855,-0.062273362699325874
4.8500000000000005,-0.013791616403194342,0.03294449707497586,-0.04673611347817021
4.9,-0.01955346422819086,-0.006579521104145708,-0.012973943124045154
4.95,-0.059046176073789265,-0.0725972448661593,0.013551068792370037
5.0,-0.1369394110858798,-0.1504709954525367,0.013531584366656912
5.050000000000001,-0.20396900071775786,-0.19300115018734956,-0.010967850530408302
5.1000000000000005,-0.20348922108661335,-0.1629493674855238,-0.040539853601089554
5.15,-0.12704142504110424,-0.07032179190162324,-0.056719633139481
5.2,-0.021257215203366406,0.03580007833781251,-0.057057293541178916
5.25,0.06140813196701481,0.11565260968322516,-0.05424447771621035
5.300000000000001,0.11734666322277998,0.1797461668676291,-0.062399503644849114
5.3500000000000005,0.19485973997644385,0.27932517358800496,-0.08446543361156111
5.4,0.3408136977608244,0.45200557556086335,-0.11119187780003897
5.45,0.5434814040676196,0.6734799801126697,-0.12999857604505016
5.5,0.7286398699478187,0.8627658315559967,-0.13412596160817802
5.550000000000001,0.813605844655505,0.9387956030441678,-0.12518975838866275
5.6000000000000005,0.7678269750715863,0.8779660359034573,-0.11013906083187108
5.65,0.6245380440392078,0.7219308628801381,-0.09739281884093032
5.7,0.43816753080645865,0.5323514715305212,-0.09418394072406255
5.75,0.23500515385118778,0.3386509161040121,-0.10364576225282432
5.800000000000001,0.007816369844895664,0.1292388200242158,-0.12142245017932013
5.8500000000000005,-0.24242999110134897,-0.10693996789091825,-0.13549002321043072
5.9,-0.4637711577370332,-0.33112271900935825,-0.13264843872767496
5.95,-0.5579659323741551,-0.44928311027733775,-0.1086828220968174
6.0,-0.4365632905959257,-0.3634213040356321,-0.07314198656029358
6.050000000000001,-0.08490568537519566,-0.04253274727346513,-0.04237293810173053
6.1000000000000005,0.4156286860858525,0.4409651870541201,-0.02533650096826756
6.15,0.9208905747745431,0.9360266747633184,-0.015136099988775298
6.2,1.2853979005469975,1.2806013364691016,0.004796564077895971
6.25,1.4135195713407305,1.368707130338394,0.0448124410023365
6.300000000000001,1.281518985862509,1.1830512465335445,0.09846773932896435
6.3500000000000005,0.9346829868097124,0.7871545607405036,0.1475284260692088
6.4,0.46909445941541544,0.29172203237737376,0.17737242703804168
6.45,0.0006046424990767342,-0.1866472157768317,0.18725185827590843
6.5,-0.3762167352507286,-0.5619144141094551,0.1856976788587265
6.550000000000001,-0.6234561490662373,-0.8008842872381983,0.17742813817196101
6.6000000000000005,-0.7656133263399064,-0.9228552972776713,0.15724197093776493
6.65,-0.856771909355928,-0.9751306889128738,0.11835877955694585
6.7,-0.9316661763286974,-0.9975304502551078,0.06586427392641037
6.75,-0.980686162060726,-0.9995428396381701,0.018856677577444136
6.800000000000001,-0.9700504543685641,-0.9663101214799902,-0.003740332888573894
6.8500000000000005,-0.8864055758330852,-0.8860655855990341,-0.00033999023405106854
6.9,-0.7601875361889472,-0.7719843286484449,0.011796792459497718
6.95,-0.6415112488660315,-0.6558141183472709,0.014302869481239378
7.0,-0.5500818054851185,-0.5577388468527488,0.007657041367630235
7.050000000000001,-0.45000720525758076,-0.4621319979604802,0.012124792702899456
7.1000000000000005,-0.28009476226133484,-0.326844739895565,0.046749977634230167
7.15,-0.017287215180066352,-0.12379620546589289,0.10650899028582653
7.2,0.2839035464873854,0.12241950217531418,0.16148404431207125
7.25,0.5148031812434181,0.3337405303923597,0.18106265085105838
7.300000000000001,0.5822079422622249,0.42134727529937194,0.160860666962853
7.3500000000000005,0.4670340799617372,0.34091775451480866,0.12611632544692852
7.4,0.2265612475337901,0.11887810212974405,0.10768314540404604
7.45,-0.05390537411021049,-0.16757938903549388,0.1136740149252834
7.5,-0.31287214183454376,-0.4371103229897735,0.12423818115522972
7.550000000000001,-0.5266323068924884,-0.6406788503202322,0.11404654342774379
7.6000000000000005,-0.6864699145983587,-0.7659684230377408,0.07949850843938211
7.65,-0.7749070427928116,-0.817951947480308,0.04304490468749633
7.7,-0.7708721502423134,-0.8009330781665955,0.030060927924282166
7.75,-0.6771840634332148,-0.7185938076562133,0.04140974422299848
7.800000000000001,-0.5367250351053121,-0.586293948878209,0.04956891377289685
7.8500000000000005,-0.4138588999914984,-0.43711762551352007,0.023258725522021684
7.9,-0.3532172618553342,-0.3108292676387592,-0.04238799421657502
7.95,-0.3516682882677488,-0.2329981488165743,-0.11867013945117452
8.0,-0.3673731594465775,-0.2013664695601527,-0.1660066898864248
8.05,-0.3553209239269071,-0.18961664574051607,-0.16570427818639105
8.1,-0.29633670728169426,-0.1635874384793917,-0.13274926880230256
8.15,-0.1969160365798699,-0.09672709137638384,-0.10018894520348605
8.200000000000001,-0.06747953049518228,0.02371458948641598,-0.09119411998159827
8.25,0.09432629985683082,0.19785363835366832,-0.1035273384968375
8.3,0.29798036575332654,0.4150161357652709,-0.11703577001194437
8.35,0.5400571712251188,0.6536795258004653,-0.11362235457534653
8.4,0.7922063428885114,0.8830854780930607,-0.09087913520454927
8.450000000000001,1.0100139260188412,1.0702349162430491,-0.060220990224207904
8.5,1.1543570087330353,1.1899867260492474,-0.03562971731621212
8.55,1.2063626123714308,1.2312916629401662,-0.0249290505687354
8.6,1.1663167135896675,1.1952620993174783,-0.028945385727810802
8.65,1.0437344944339728,1.0884186524608466,-0.044684158026873755
8.700000000000001,0.8519570797598996,0.9187820721199084,-0.06682499236000872
8.75,0.6112509881222238,0.6985244474505198,-0.087273459328296
8.8,0.3518038809043725,0.4486854161294235,-0.096881535225051
8.85,0.10697185302410059,0.1979282788004116,-0.09095642577631102
8.9,-0.10137348875405466,-0.027233912242966642,-0.07413957651108802
8.950000000000001,-0.2726164435732997,-0.2140076082310247,-0.05860883534227504
9.0,-0.4215781542033752,-0.3663425250874563,-0.055235629115918894
9.05,-0.5600078547951637,-0.495404203939737,-0.06460365085542669
9.1,-0.680014720224494,-0.6042744536118796,-0.07574026661261446
9.15,-0.7526951808466442,-0.6789680896743912,-0.07372709117225307
9.200000000000001,-0.7426440190392226,-0.6929107324882295,-0.04973328655099307
9.25,-0.6273245998531867,-0.621521514930857,-0.0058030849223296155
9.3,-0.4090609837406889,-0.4567681260613303,0.04770714232064144
9.35,-0.11540546833370122,-0.21352100204419072,0.0981155337104895
9.4,0.20816705056683496,0.07310504585969685,0.1350620047071381
9.450000000000001,0.5076062373717354,0.3549643259283702,0.1526419114433652
9.5,0.7296106218266978,0.5790130129638638,0.15059760886283402
9.55,0.8317588742689839,0.6967494470971516,0.13500942717183229
9.600000000000001,0.793105787723384,0.6766063350345963,0.1164994526887877
9.65,0.6217113507008226,0.5170374317691275,0.10467391893169509
9.700000000000001,0.35450840805079553,0.2528713084532264,0.10163709959756911
9.75,0.047559829386020984,-0.05258273987071434,0.10014256925673531
9.8,-0.24074423046019364,-0.3298598434326532,0.08911561297245954
9.850000000000001,-0.46736726196520406,-0.5301064489186774,0.06273918695347336
9.9,-0.6157889879605231,-0.6413747358949375,0.025585747934414482
9.950000000000001,-0.6951428779158638,-0.6847105189721551,-0.010432358943708753
10.0,-0.7271489315125054,-0.6928777792945966,-0.034271152217908774
10.05,-0.7279921073093326,-0.6859032721843162,-0.04208883512501638
10.100000000000001,-0.6970384484240228,-0.6594999815567141,-0.03753846686730877
10.15,-0.6211121465270955,-0.5932092423124462,-0.02790290421464925
10.200000000000001,-0.49176080397553895,-0.47117848323795436,-0.020582320737584592
10.25,-0.3214235623211395,-0.29979122069105174,-0.02163234163008776
10.3,-0.14342958059750927,-0.10911197914785137,-0.0343176014496579
10.350000000000001,0.006654435477260352,0.06286795088036701,-0.05621351540310666
10.4,0.11438800254961065,0.19191241154560823,-0.07752440899599758
10.450000000000001,0.1953707495824068,0.28031037799682845,-0.08493962841442165
10.5,0.28230907588284965,0.3530423151876437,-0.07073323930479403
10.55,0.4012252032214676,0.4412281180509934,-0.04000291482952578
10.600000000000001,0.5555405869715017,0.5637472438461393,-0.008206656874637619
10.65,0.7269784079970839,0.7162858224823743,0.01069258551470964
10.700000000000001,0.8858654905801722,0.8704703869688126,0.01539510361135954
10.75,0.9979944810078611,0.9810752592992817,0.0169192217085794
10.8,1.0257944780281667,0.9993330774049161,0.02646140062325064
10.850000000000001,0.9345335932381779,0.891404308817465,0.04312928442071284
10.9,0.7120125227359173,0.6580147669261276,0.053997755809789716
10.950000000000001,0.3919019333858623,0.34508864835173186,0.04681328503413046
11.0,0.05626057775435569,0.03366059589122342,0.022599981863132265
11.05,-0.19778341242651717,-0.19295942208762182,-0.0048239903388953564
11.100000000000001,-0.31166774866511476,-0.2896854138018514,-0.021982334863263342
11.15,-0.29994104757255596,-0.2721985052271755,-0.027742542345380483
11.200000000000001,-0.23559519227990497,-0.204170314560525,-0.03142487771937996
11.25,-0.1951315008722972,-0.1560321925556357,-0.0390993083166615
11.3,-0.20713781385949104,-0.16384693514090964,-0.043290878718581394
11.350000000000001,-0.24529017273050796,-0.21689881384162613,-0.028391358888881835
11.4,-0.2669145319585115,-0.2794367915947692,0.012522259636257693
11.450000000000001,-0.2580792681519875,-0.3248034708339345,0.06672420268194701
11.5,-0.24349662130843602,-0.3526246485223022,0.10912802721386616
11.55,-0.25618486021503983,-0.37806400253383327,0.12187914231879343
11.600000000000001,-0.301356473432854,-0.4087846844806785,0.10742821104782452
11.65,-0.35242084102095517,-0.4350429260429854,0.08262208502203022
11.700000000000001,-0.3819168512509264,-0.4425829173759901,0.0606660661250637
11.75,-0.3930975517711758,-0.4330324317859855,0.039934880014809715
11.8,-0.41701073285224927,-0.4277279997261511,0.010717266873901843
11.850000000000001,-0.4761478234444417,-0.4475702656806517,-0.02857755776378995
11.9,-0.5515997116219784,-0.4871008536998663,-0.06449885792211213
11.950000000000001,-0.5887833256293674,-0.5093409677611924,-0.079442357868175
12.0,-0.5385291813289078,-0.46954387133463055,-0.06898530999427727
12.05,-0.3946471982555497,-0.34823272781099773,-0.04641447044455199
12.100000000000001,-0.19268457893418373,-0.16420199263196003,-0.028482586302223695
12.15,0.02608712477793442,0.04325070332980925,-0.01716357855187483
12.200000000000001,0.24671023871401382,0.2445114402405964,0.002198798473417418
12.25,0.47545840920124494,0.4328721858401432,0.04258622336110174
12.3,0.7045825785306071,0.609369807148861,0.09521277138174611
12.350000000000001,0.8869499852854801,0.7569943587662983,0.1299556265191818
12.4,0.9522953441914367,0.8333850545652036,0.11891028962623307
12.450000000000001,0.8550601359639824,0.7933319989159916,0.06172813704799085
12.5,0.6110457032694677,0.6230296578252933,-0.011983954555825571
12.55,0.2895949342620632,0.35599361189792955,-0.06639867763586638
12.600000000000001,-0.030060635672713193,0.05725349166376423,-0.08731412733647742
12.65,-0.2977180192985256,-0.209226032760073,-0.08849198653845258
12.700000000000001,-0.49521342173792054,-0.4028252903783937,-0.09238813135952684
12.75,-0.6116364081466702,-0.5057221494426557,-0.1059142587040145
12.8,-0.6264753120073823,-0.5113460451720739,-0.11512926683530833
12.850000000000001,-0.5241693277564199,-0.4219324218111516,-0.1022369059452683
12.9,-0.32548773035188233,-0.25970409870332267,-0.06578363164855966
12.950000000000001,-0.09837152736025889,-0.07505642773180156,-0.023315099628457334
13.0,0.07170387791737554,0.06698351325209087,0.004720364665284665
13.05,0.13138713941378657,0.1195244910094268,0.011862648404359771
13.100000000000001,0.08682689886396593,0.08034692086563489,0.006479977998331041
13.15,-0.013948443780115002,-0.012453293574246996,-0.0014951502058680056
13.200000000000001,-0.1246173838159054,-0.11368113956171805,-0.01093624425418735
13.25,-0.22875585792428177,-0.2036526164321444,-0.025103241492137357
13.3,-0.3298216852232651,-0.29049387581978253,-0.03932780940348257
13.350000000000001,-0.4196878362078477,-0.3814128625087758,-0.0382749736990719
13.4,-0.4628922012511184,-0.4530746118971873,-0.009817589353931122
13.450000000000001,-0.4155549141895192,-0.45340790670488196,0.03785299251536278
13.5,-0.26110720873561466,-0.337455040177688,0.07634783144207336
13.55,-0.027465511842376333,-0.10633000941153038,0.07886449756915405
13.600000000000001,0.23102824050981982,0.18648885195505716,0.044539388554762666
13.65,0.468890618219113,0.4681884800905346,0.000702138128578389
13.700000000000001,0.6686550668159006,0.6899908400670337,-0.021335773251133117
13.75,0.8288814314387379,0.8434862518271763,-0.014604820388438355
13.8,0.937993290378709,0.9390773254765479,-0.0010840350978388313
13.850000000000001,0.9641050397170687,0.971615967125413,-0.007510927408344248
13.9,0.8734608103637442,0.9096850441892985,-0.036224233825554286
13.950000000000001,0.6609856407127975,0.7215711527448364,-0.06058551203203888
14.0,0.3648111905022445,0.41530370847621695,-0.05049251797397247
14.05,0.05212602722567156,0.05542828614981811,-0.0033022589241465464
14.100000000000001,-0.21106344431696328,-0.2616428245258367,0.050579380208873426
14.15,-0.3832443621913912,-0.45696849685227936,0.07372413466088817
14.200000000000001,-0.4520714378542334,-0.5068215078018093,0.05475006994757592
14.25,-0.42675157477044734,-0.4438214108296918,0.017069836059244448
14.3,-0.3306549911521226,-0.3262927577715063,-0.004362233380616309
14.350000000000001,-0.19814227900224873,-0.202670693382971,0.004528414380722268
14.4,-0.06968463227870846,-0.09553063033330281,0.025845998054594352
14.450000000000001,0.019519975622202354,-0.009356207698615605,0.02887618332081796
14.5,0.052514857279519954,0.052802647268043644,-0.0002877899885236901
14.55,0.03496837800340737,0.0814362122198511,-0.04646783421644373
14.600000000000001,-0.01260578298604507,0.06710076473425224,-0.07970654772029731
14.65,-0.06716192516848579,0.012992291991917463,-0.08015421716040326
14.700000000000001,-0.10963162201033676,-0.05942220229663399,-0.05020941971370277
14.75,-0.12427044159890535,-0.11825845830484649,-0.006011983294058859
14.8,-0.0991595596636917,-0.1382841508760675,0.0391245912123758
14.850000000000001,-0.034139259843768775,-0.1158770399996566,0.08173778015588781
14.9,0.04987973366706975,-0.0714158583726749,0.12129559203974466
14.950000000000001,0.11397141150914952,-0.03655834113423687,0.1505297526433864
15.0,0.12173955658130853,-0.034142099262936335,0.15588165584424485
15.05,0.06395996399119885,-0.0645653580960262,0.12852532208722506
15.100000000000001,-0.03472548316160256,-0.1092156155954404,0.07449013243383784
15.15,-0.13574233030426955,-0.14919813275957752,0.013455802455307975
15.200000000000001,-0.21690983200842068,-0.18438552536713934,-0.032524306641281336
15.25,-0.28514020216325336,-0.23508771771979478,-0.050052484443458584
15.3,-0.35876253023444804,-0.32140236370012515,-0.03736016653432289
15.350000000000001,-0.43626449589966815,-0.43527914499317566,-0.0009853509064924881
15.4,-0.4833996572047038,-0.5305025579349852,0.04710290073028145
15.450000000000001,-0.4550507670295073,-0.5448229995637609,0.0897722325342536
15.5,-0.33532448146372046,-0.44265132275453895,0.10732684129081849
15.55,-0.16026415935853885,-0.24704505901215493,0.08678089965361607
15.600000000000001,-0.0011633670853818663,-0.03429214410789146,0.033128777022509596
15.65,0.07940291851114017,0.1083982403357031,-0.028995321824562922
15.700000000000001,0.06365374252512111,0.13329734355105316,-0.06964360102593205
15.75,-0.01970920081041707,0.05580677090307676,-0.07551597171349383
15.8,-0.12383788122459391,-0.06254648185172365,-0.06129139937287026
15.850000000000001,-0.21412418228733285,-0.15556663114709035,-0.0585575511402425
15.9,-0.2766518943896848,-0.187155892569351,-0.08949600182033379
15.950000000000001,-0.3051482125894154,-0.15832601387592934,-0.14682219871348604
16.0,-0.2862984424635232,-0.08900650492730461,-0.1972919375362186
16.05,-0.20024337762174343,0.006093331872731592,-0.20633670949447502
16.1,-0.0341090295410712,0.12948634220703423,-0.16359537174810543
16.150000000000002,0.20702455516586438,0.29601353142288933,-0.08898897625702495
16.2,0.5021081372782761,0.518144963458674,-0.016036826180397923
16.25,0.8235374796097179,0.7912528171674137,0.03228466244230421
16.3,1.1406823313176517,1.0851116613265122,0.055570669991139576
16.35,1.4133029757342561,1.344745202861363,0.06855777287289322
16.400000000000002,1.5859993553476743,1.5024766256665065,0.0835227296811678
16.45,1.598421554631024,1.4998563439857142,0.09856521064530988
16.5,1.412042756333106,1.3114152109017874,0.10062754543131858
16.55,1.0361109833021283,0.957238442873851,0.0788725404282773
16.6,0.5317195867922977,0.49548849526857186,0.036231091523725834
16.650000000000002,-0.01132164023566043,-0.0010409957556673597,-0.01028064447999307
16.7,-0.509129411683604,-0.4688048098065822,-0.04032460187702186
16.75,-0.9071103203326378,-0.8634546775755706,-0.04365564275706724
16.8,-1.1814775321809656,-1.1551164251837256,-0.026361106997240036
16.85,-1.3271133858619224,-1.3214627986458907,-0.005650587216031733
16.900000000000002,-1.347718038813996,-1.3505913431519998,0.0028733043380038126
16.95,-1.2557905246544239,-1.251974019825887,-0.003816504828536793
17.0,-1.076381835453972,-1.061286712921777,-0.015095122532195138
17.05,-0.844266085495598,-0.8278630542976653,-0.016403031197932738
17.1,-0.5924612841418908,-0.5902673685294285,-0.002193915612462294
17.150000000000002,-0.34075321633347755,-0.3592908757508038,0.01853765941732627
17.2,-0.0941777346958605,-0.12340069309239621,0.029222958396535714
17.25,0.14777923341652086,0.128018409647493,0.019760823769027852
17.3,0.38014064328555924,0.38453364104501336,-0.00439299775945412
17.35,0.5886322543653415,0.6150184368443573,-0.026386182479015807
17.400000000000002,0.7536735776151625,0.7857648266347437,-0.03209124901958116
17.45,0.8554091145790552,0.8770940270892671,-0.021684912510211873
17.5,0.8747893427288104,0.882997695018262,-0.008208352289451604
17.55,0.7937772647740726,0.7983568598419946,-0.004579595067921938
17.6,0.6018459198093021,0.6132304471080575,-0.011384527298755387
17.650000000000002,0.3098153390282224,0.3268722636788411,-0.0170569246506187
17.7,-0.03892627692840945,-0.028738324198421282,-0.010187952729988167
17.75,-0.37355638024036175,-0.3815637057996966,0.008007325559334866
17.8,-0.621208505709327,-0.6444687899974502,0.023260284288123212
17.85,-0.7398905742305167,-0.7604659238156057,0.020575349585088998
17.900000000000002,-0.7374330553404622,-0.7354393342303578,-0.0019937211101044294
17.95,-0.6630074599068331,-0.6324612174394814,-0.030546242467351714
18.0,-0.5770645402803092,-0.5314903097414968,-0.04557423053881238
18.05,-0.5205134057445802,-0.4846771039848207,-0.03583630175975944
18.1,-0.50252936341394,-0.49796832747872427,-0.004561035935215674
18.150000000000002,-0.5103946950067818,-0.5455061497329461,0.03511145472616428
18.2,-0.5280217819902603,-0.5973205128085742,0.06929873081831395
18.25,-0.5458361744555035,-0.6352321674589962,0.08939599300349277
18.3,-0.5555391289208782,-0.648394523198406,0.09285539427752776
18.35,-0.5385358573879347,-0.6204782534980351,0.08194239611010035
18.400000000000002,-0.46319524350252944,-0.5262409382324035,0.06304569472987404
18.45,-0.2985391839769585,-0.34358302723052664,0.04504384325356814
18.5,-0.03720068296563956,-0.0716673587650645,0.03446667579942494
18.55,0.2891133681328329,0.25933781055708055,0.029775557575752343
18.6,0.6150641817873082,0.5938509065619667,0.021213275225341444
18.650000000000002,0.8676321378269767,0.8681523672605456,-0.0005202294335688862
18.7,0.9981819795130381,1.0309778118479038,-0.032795832334865715
18.75,1.0019808432802901,1.0604704193826782,-0.05848957610238803
18.8,0.9145030001194576,0.9725305934461621,-0.058027593326704485
18.85,0.7881345938282105,0.8158597351466219,-0.027725141318411417
18.900000000000002,0.6638784450418674,0.6514880851895117,0.012390359852355703
18.95,0.5539298934205463,0.5229938319339303,0.030936061486615984
19.0,0.4430198424834893,0.43361086159914114,0.009408980884348161
19.05,0.3052135342901992,0.34737155282582527,-0.04215801853562606
19.1,0.1252608629360224,0.21766482281011337,-0.09240395987409097
19.150000000000002,-0.08701890797711938,0.026101926774701346,-0.11312083475182072
19.200000000000003,-0.2957289450629962,-0.195655545422871,-0.10007339964012518
19.25,-0.45070967579893406,-0.37785958534992725,-0.07285009044900681
19.3,-0.5063114563361167,-0.45077175435143485,-0.05553970198468189
19.35,-0.43916711274707315,-0.3826319886571321,-0.05653512408994105
19.400000000000002,-0.2580299434735781,-0.19337332133673224,-0.06465662213684586
19.450000000000003,-0.0020836959336914167,0.06029905184961211,-0.06238274778330353
19.5,0.27130383356945853,0.31312783586022375,-0.041824002290765216
19.55,0.5042011277019071,0.5133034428497194,-0.009102315147812345
19.6,0.6539610293489694,0.630012810232726,0.02394821911624334
19.650000000000002,0.70159138123605,0.6517028694727875,0.04988851176326248
19.700000000000003,0.6510715751305565,0.5834965418646465,0.06757503326590997
19.75,0.5223711644424264,0.44563989545575183,0.07673126898667454
19.8,0.34288603567831666,0.26872345701936706,0.0741625786589496
19.85,0.140852470922658,0.08351339713551767,0.05733907378714034
19.900000000000002,-0.058431925243177064,-0.08947537029525622,0.031043445052079156
19.950000000000003,-0.23470535216405405,-0.2426228305516972,0.007917478387643145
20.0,-0.3742805737469746,-0.3741733614800877,-0.00010721226688692465
20.05,-0.470907661005497,-0.4789033392441665,0.007995678238669479
20.1,-0.5249597296230675,-0.5460558545195057,0.021096124896438195
20.150000000000002,-0.5403551646853906,-0.5662383976589292,0.025883232973538672
20.200000000000003,-0.5200159155706109,-0.5390317821180068,0.019015866547395954
20.25,-0.462004183245788,-0.47183599083096317,0.009831807585175156
20.3,-0.35891212019812807,-0.36994205364958466,0.011029933451456586
20.35,-0.20217372289669944,-0.2284634556218917,0.02628973272519225
20.400000000000002,0.00930725898115621,-0.03709187139443142,0.04639913037558763
20.450000000000003,0.25985529065589463,0.20287467331952908,0.05698061733636556
20.5,0.512850826948362,0.462644339824257,0.050206487124105026
20.55,0.7166095052266839,0.6863171513099098,0.030292353916774095
20.6,0.820394070157733,0.8109185120925023,0.009475558065230705
20.650000000000002,0.793950327391851,0.7942612699084246,-0.00031094251657359795
20.700000000000003,0.6400633114758627,0.6330506450742625,0.007012666401600254
20.75,0.392373130306502,0.36134182082448674,0.031031309482015268
20.8,0.0993556726261448,0.033138713731405915,0.06621695889473889
20.85,-0.1957891428169968,-0.29853154907731994,0.10274240626032313
20.900000000000002,-0.46729039536740646,-0.5951945317546551,0.12790413638724862
20.950000000000003,-0.7052134619644193,-0.8358019952474872,0.13058853328306796
21.0,-0.9044463530134533,-1.0120344317612133,0.10758807874776
21.05,-1.0547150385731532,-1.1211851758792417,0.06647013730608853
21.1,-1.1397496866941275,-1.1608079549167023,0.02105826822257484
21.150000000000002,-1.1454439584150689,-1.127772180657323,-0.017671777757745755
21.200000000000003,-1.069665117842127,-1.0223985011739454,-0.04726661666818166
21.25,-0.9257694487729213,-0.8550677002314278,-0.07070174854149358
21.3,-0.7375021863546366,-0.6495261812727168,-0.08797600508191983
21.35,-0.5296421618994896,-0.4377721931380257,-0.09186996876146397
21.400000000000002,-0.32127782064012855,-0.24755325718820648,-0.07372456345192208
21.450000000000003,-0.12570690643284457,-0.09100475582748872,-0.03470215060535585
21.5,0.04453505217089522,0.03568909155798482,0.008845960612910403
21.55,0.17300249248026597,0.13988495065472298,0.033117541825542995
21.6,0.2404737071375857,0.21744980216613857,0.02302390497144713
21.650000000000002,0.2333110708596349,0.24969499396246472,-0.016383923102829823
21.700000000000003,0.15465816231975238,0.21792449936619904,-0.06326633704644666
21.75,0.030103473073478985,0.12512864798464485,-0.09502517491116586
21.8,-0.0991452294169396,0.005357550380983066,-0.10450277979792266
21.85,-0.19479499704112072,-0.090888387932577,-0.10390660910854371
21.900000000000002,-0.2409291523072386,-0.12710032858948864,-0.11382882371774997
21.950000000000003,-0.24931662925045314,-0.1035186261017375,-0.14579800314871566
22.0,-0.24293649588614377,-0.05201937165735948,-0.1909171242287843
22.05,-0.22663147560343563,-0.004090916193803913,-0.22254055940963172
22.1,-0.1673803350511459,0.044460125498439175,-0.21184046054958508
22.150000000000002,-0.004293487018235478,0.1428873551119273,-0.14718084213016278
22.200000000000003,0.3117506850206469,0.3570112291012523,-0.045260544080605425
22.25,0.7731416624726478,0.7186795666193119,0.054462095853335946
22.3,1.2979278267385077,1.1867421075241904,0.1111857192143173
22.35,1.755692726904978,1.6476224725326645,0.10807025437231355
22.400000000000002,2.022846693224839,1.9587179922957845,0.06412870092905432
22.450000000000003,2.033016333554448,2.0109604587914935,0.022055874762954453
22.5,1.7939561788599807,1.7757944602852496,0.018161718574731145
22.55,1.3684446877050025,1.312701508468287,0.05574317923671557
22.6,0.840555014963522,0.7375269227159753,0.10302809224754672
22.650000000000002,0.2915435135727528,0.17295249050928205,0.11859102306347077
22.700000000000003,-0.20746502478237452,-0.29193587391110243,0.0844708491287279
22.75,-0.5969642789844986,-0.61687622595885,0.019911946974351502
22.8,-0.8373952633549572,-0.8019996601251171,-0.035395603229840034
22.85,-0.9228624648218274,-0.8693698809944634,-0.05349258382736399
22.900000000000002,-0.8858775102460887,-0.8482508815513126,-0.037626628694776176
22.950000000000003,-0.7823480269003655,-0.769104696504446,-0.013243330395919517
23.0,-0.6635177488428657,-0.6624076041725432,-0.0011101446703225548
23.05,-0.5550616557507524,-0.5561583412391915,0.0010966854884391086
23.1,-0.4583562753206014,-0.47038454013577796,0.012028264815176548
23.150000000000002,-0.36915176571700214,-0.4123345163409155,0.04318275062391336
23.200000000000003,-0.29369768792836776,-0.376889931459014,0.08319224353064625
23.25,-0.24682713743383408,-0.3526906141617221,0.10586347672788801
23.3,-0.23595270441199265,-0.3299063606406308,0.09395365622863813
23.35,-0.24959625567875146,-0.3048562728334539,0.05526001715470244
23.400000000000002,-0.26411191207457285,-0.27987084139200546,0.015758929317432613
23.450000000000003,-0.2629387054031452,-0.26027628979912587,-0.002662415604019308
23.5,-0.24907850902224246,-0.2509904898444698,0.0019119808222273493
23.55,-0.23778469209565664,-0.25348723877328067,0.015702546677624024
23.6,-0.23640785778630977,-0.26285964496008324,0.026451787173773472
23.650000000000002,-0.2315519300184127,-0.26596780627987515,0.03441587626146245
23.700000000000003,-0.19654655631636836,-0.2432343643998445,0.04668780808347614
23.75,-0.11201394614919423,-0.17546354956216104,0.0634496034129668
23.8,0.02030463975877295,-0.05302707163935421,0.07333171139812716
23.85,0.18253525478972896,0.1182977740689032,0.06423748072082576
23.900000000000002,0.3567867880613299,0.3188359788522149,0.03795080920911503
23.950000000000003,0.5337792884306015,0.5222168700268888,0.011562418403712749
24.0,0.7047878208326783,0.7023889284047243,0.0023988924279539914
24.05,0.8474930702990677,0.836203110247528,0.011289960051539705
24.1,0.9251665358752688,0.9032331876717468,0.021933348203521996
24.150000000000002,0.906138837372077,0.8881706558922274,0.017968181479849576
24.200000000000003,0.7886524143550752,0.7879644647836915,0.0006879495713836281
24.25,0.6075637542782472,0.618700087207003,-0.011136332928755821
24.3,0.41401712783962125,0.41401939204505367,-2.2642054324228944e-06
24.35,0.24382902248288502,0.2124390399572239,0.03138998252566111
24.400000000000002,0.10095612267824794,0.04092634103991659,0.06002978163833135
24.450000000000003,-0.03159692888045558,-0.09334984435533052,0.061752915474874936
24.5,-0.16627549754717696,-0.19750933239288032,0.031233834845703357
24.55,-0.29578498190121133,-0.28003406895626376,-0.01575091294494757
24.6,-0.4009631663198473,-0.34280488069322834,-0.058158285626618955
24.650000000000002,-0.4709859549795457,-0.38447423102449285,-0.08651172395505285
24.700000000000003,-0.5139314240375962,-0.40939045008536334,-0.10454097395223283
24.75,-0.547235717645411,-0.4304216887313701,-0.11681402891404091
24.8,-0.5791794523989512,-0.46074087698852145,-0.11843857541042974
24.85,-0.6017811040920835,-0.5021754032618739,-0.09960570083020959
24.900000000000002,-0.6030653771948047,-0.542807945716108,-0.060257431478696666
24.950000000000003,-0.5857294582003147,-0.5680504179032848,-0.017679040297029935
25.0,-0.5715589901408384,-0.5753776813970479,0.0038186912562094832
25.05,-0.5846882694293895,-0.5777563624191978,-0.00693190701019164
25.1,-0.6281803586721356,-0.590688571842429,-0.037491786829706664
25.150000000000002,-0.6758229619513662,-0.6136928684773802,-0.0621300934739859
25.200000000000003,-0.686986006963208,-0.6233087843962524,-0.06367722256695563
25.25,-0.6309347694610757,-0.5847391811928286,-0.0461955882682471
25.3,-0.49942976038197284,-0.4724506929312108,-0.026979067450762062
25.35,-0.29980950537189593,-0.28271557502312133,-0.0170939303487746
25.400000000000002,-0.040943414668613155,-0.03009132132241953,-0.010852093346193626
25.450000000000003,0.26930490921766537,0.26423110577262965,0.005073803445035718
25.5,0.6105110931826221,0.5776542031550348,0.03285689002758729
25.55,0.9353011107469775,0.8796971245307247,0.05560398621625284
25.6,1.1743522677927904,1.123930970368867,0.05042129742392354
25.650000000000002,1.2648029429334124,1.2535996066279427,0.011203336305469769
25.700000000000003,1.1836159198919296,1.2247283819404657,-0.041112462048536136
25.75,0.960270619525367,1.0327054214395743,-0.07243480191420737
25.8,0.6587501484998763,0.7213518426373363,-0.06260169413745997
25.85,0.3433142171823386,0.36493812698172895,-0.02162390979939033
25.900000000000002,0.054080143399446105,0.03412920165303436,0.019950941746411745
25.950000000000003,-0.19259485185648031,-0.23108003805876162,0.03848518620228131
26.0,-0.38647611071217625,-0.4246377187994712,0.03816160808729496
26.05,-0.5095873030558424,-0.555843463324364,0.04625616026852153
26.1,-0.5406106070201695,-0.6265376262560788,0.08592701923590929
26.150000000000002,-0.4731858682714357,-0.6228580925554277,0.14967222428399196
26.200000000000003,-0.3304267350302493,-0.5276912435414101,0.19726450851116079
26.25,-0.16138097131166812,-0.34398481882620086,0.18260384751453274
26.3,-0.02066694549648649,-0.11088899507756396,0.09022204958107746
26.35,0.054386954124845205,0.10130905192229167,-0.046922097797446466
26.400000000000002,0.05457246956460857,0.21844269085311227,-0.1638702212885037
26.450000000000003,-0.006165695065143427,0.1984011273419551,-0.20456682240709853
26.5,-0.10411138830825362,0.054601495836595945,-0.15871288414484958
26.55,-0.21723999265443308,-0.14929387183067566,-0.06794612082375742
26.6,-0.32950596410343624,-0.3331430815009467,0.0036371173975104365
26.650000000000002,-0.42925984854719795,-0.44306557931742524,0.013805730770227287
26.700000000000003,-0.5057004147469241,-0.4753666996090573,-0.030333715137866757
26.75,-0.546013827709008,-0.4650373004397118,-0.08097652726929616
26.8,-0.5342983796586181,-0.44739326779429256,-0.08690511186432559
26.85,-0.4534906027488206,-0.4224031756945423,-0.031087427054278305
26.900000000000002,-0.29168399306457266,-0.3505647729893262,0.058880779924753546
26.950000000000003,-0.05204758491766145,-0.18547437308212816,0.1334267881644667
27.0,0.23843488084712028,0.08068682629384288,0.1577480545532774
27.05,0.5282747790920929,0.3935454834882175,0.13472929560387537
27.1,0.7528138224855728,0.6539023413583708,0.09891148112720205
27.150000000000002,0.854767836914359,0.7657345529822401,0.08903328393211885
27.200000000000003,0.8052016782444409,0.6845190463496181,0.12068263189482276
27.25,0.6153038300510322,0.4384740018278582,0.176829828223174
27.3,0.33385930910288625,0.11501224311437064,0.2188470659885156
27.35,0.03184635330061845,-0.17607924231196084,0.20792559561257928
27.400000000000002,-0.21961110327213137,-0.34421935515510904,0.12460825188297767
27.450000000000003,-0.3700153138095207,-0.3492998587234026,-0.020715455086118106
27.5,-0.40192923548778436,-0.2131060721578489,-0.18882316332993546
27.55,-0.3308404770148685,-0.0058510270670809215,-0.3249894499477876
27.6,-0.19301973590847518,0.189563885190289,-0.3825836210987642
27.650000000000002,-0.02769193074772029,0.32006551504600766,-0.34775744579372797
27.700000000000003,0.1366983817820487,0.38646045444007987,-0.24976207265803116
27.75,0.28476906241495104,0.43040660920201906,-0.14563754678706803
27.8,0.4058918840841165,0.49083783333243036,-0.08494594924831383
27.85,0.48460085634432626,0.5626666654270127,-0.07806580908268645
27.900000000000002,0.5003200910423927,0.5932693475282979,-0.09294925648590513
27.950000000000003,0.4388513104109281,0.523496541630398,-0.08464523121946993
28.0,0.3066615179050972,0.34105705699780586,-0.03439553909270865
28.05,0.13466680566554468,0.09987785795649631,0.03478894770904836
28.1,-0.034110631605093644,-0.11436819288642926,0.08025756128133561
28.150000000000002,-0.16488342962011518,-0.24555534489344283,0.08067191527332765
28.200000000000003,-0.24391886938139146,-0.3027700897102177,0.058851220328826226
28.25,-0.2747833316781953,-0.338763407895233,0.06398007621703772
28.3,-0.26401731645508775,-0.3902326780409525,0.12621536158586477
28.35,-0.21188949772112883,-0.4343954862685137,0.22250598854738488
28.400000000000002,-0.11838336416899686,-0.40359857400932053,0.28521520984032367
28.450000000000003,0.0015389616970866193,-0.24874475527553136,0.250283716972618
28.5,0.11066324348959161,0.0021886466615441066,0.1084745968280475
28.55,0.16218699693061767,0.24283241915405868,-0.08064542222344101
28.6,0.12610507828880946,0.3502045718983054,-0.22409949360949594
28.650000000000002,0.00893552441926225,0.2640945330458963,-0.25515900862663404
28.700000000000003,-0.14961936401263046,0.025205089266006585,-0.17482445327863705
28.75,-0.3000689038073427,-0.25306445409984385,-0.04700444970749884
28.8,-0.40664005453114516,-0.4538413640905262,0.047201309559381066
28.85,-0.4527560835825794,-0.5156422115234152,0.06288612794083576
28.900000000000002,-0.4293701077811328,-0.4450680919048936,0.015697984123760778
28.950000000000003,-0.32459857020999827,-0.28679961774540247,-0.0377989524645958
29.0,-0.13125489867539464,-0.08373312661819932,-0.04752177205719532
29.05,0.13148076981486595,0.14079344990211107,-0.009312680087245118
29.1,0.40494497208177166,0.3715350044655588,0.03340996761621284
29.150000000000002,0.6065178957406747,0.5790329038975163,0.027484991843158446
29.200000000000003,0.6698165311735899,0.7118571819617647,-0.04204065078817487
29.25,0.5816327401303175,0.7149071803090427,-0.13327444017872514
29.3,0.3870878367658278,0.563272991752553,-0.17618515498672516
29.35,0.15941837499790903,0.2874411578504648,-0.12802278285255578
29.400000000000002,-0.04064018940516874,-0.030546125534303557,-0.010094063870865182
29.450000000000003,-0.18466054859517833,-0.2915607736956916,0.10690022510051328
29.5,-0.2656782629457942,-0.42470976578799924,0.15903150284220502
29.55,-0.27532959253563777,-0.4149382540752416,0.13960866153960383
29.6,-0.19642976618943386,-0.295955272956325,0.09952550676689115
29.650000000000002,-0.020151961448335923,-0.1167558665813929,0.09660390513305699
29.700000000000003,0.2297851308919884,0.09007098396016461,0.1397141469318238
29.75,0.4924059337512218,0.3127312834441811,0.17967465030704072
29.8,0.6933803755555996,0.5367982752405399,0.1565821003150597
29.85,0.7803219881067746,0.7201655208530594,0.06015646725371515
29.900000000000002,0.7423286334878444,0.7962630328332411,-0.05393439934539668
29.950000000000003,0.601808869232066,0.7103697641121703,-0.10856089488010434
30.0,0.3911812267825629,0.4613699288713355,-0.07018870208877259
30.05,0.13715375366058186,0.11201905275891756,0.025134700901664295
30.1,-0.13712949419472897,-0.2443627260752233,0.10723323188049433
30.150000000000002,-0.4021819466649445,-0.5351677913840849,0.13298584471914038
30.200000000000003,-0.621686174772691,-0.7367425872320099,0.11505641245931897
30.25,-0.7662542165917487,-0.8607566230690464,0.09450240647729768
30.3,-0.828966081930761,-0.9189332835897634,0.0899672016590024
30.35,-0.8269030260999111,-0.9046088481939754,0.07770582209406429
30.400000000000002,-0.786836736841698,-0.8091335004351224,0.022296763593424473
30.450000000000003,-0.729025915131027,-0.6525828143239787,-0.0764431008070483
30.5,-0.6635702368511701,-0.4909950426536405,-0.1725751941975296
30.55,-0.5987182602808665,-0.38502825204624996,-0.21369000823461654
30.6,-0.5468167418325856,-0.355573607449972,-0.19124313438261353
30.650000000000002,-0.5168421699525807,-0.3688803930569952,-0.14796177689558548
30.700000000000003,-0.49961916578079296,-0.3679344595567687,-0.13168470622402428
30.75,-0.46382333796075415,-0.322123227326709,-0.14170011063404514
30.8,-0.37303003498847404,-0.24813273346296139,-0.12489730152551265
30.85,-0.21282153467036624,-0.18215793000052002,-0.030663604669846217
30.900000000000002,-0.004294945322755166,-0.13168782763451803,0.12739288231176285
30.950000000000003,0.20907179780224736,-0.05705766126751804,0.2661294590697654
31.0,0.3894003931873883,0.09417993424022755,0.29522045894716076
31.05,0.5212371929793552,0.32829480180169285,0.19294239117766238
31.1,0.602973477466197,0.5764391069290574,0.026534370537139584
31.150000000000002,0.6253733813412776,0.7261745873759454,-0.1008012060346678
31.200000000000003,0.5642247484249417,0.6915905816501463,-0.12736583322520456
31.25,0.4003735984066811,0.46788053137691266,-0.06750693297023158
31.3,0.15093172541096178,0.13178502705155726,0.019146698359404524
31.35,-0.12011730186952242,-0.2049311527657652,0.08481385089624278
31.400000000000002,-0.3282143559963918,-0.44895005809624733,0.12073570209985551
31.450000000000003,-0.41459548957077746,-0.5519511533739296,0.13735566380315217
31.5,-0.37671566258172434,-0.5081247325771558,0.1314090699954315
31.55,-0.26024027741399125,-0.3430484746024061,0.08280819718841487
31.6,-0.12358972178876354,-0.10848168792310053,-0.015108033865663006
31.650000000000002,-0.007496667407736975,0.1228738035246122,-0.1303704709323492
31.700000000000003,0.0680863104030311,0.2760073368925719,-0.2079210264895408
31.75,0.08735845402608021,0.3037036501195622,-0.21634519609348196
31.8,0.029030535121585863,0.20699699929099122,-0.17796646416940537
31.85,-0.12005267753775302,0.026811771991497008,-0.14686444952925004
31.900000000000002,-0.33983273616933674,-0.18734484964377518,-0.15248788652556156
31.950000000000003,-0.5683383696940176,-0.4028847900073104,-0.1654535796867072
32.0,-0.724173125508576,-0.600163034427951,-0.124010091080625
32.050000000000004,-0.7457964458776706,-0.7460422360220009,0.00024579014433034896
32.1,-0.617264416408391,-0.7780611892066152,0.16079677279822413
32.15,-0.3632952817118943,-0.6258040656812047,0.26250878396931043
32.2,-0.025171262984844123,-0.26090034915567084,0.23572908617082672
32.25,0.35595799807540013,0.2636828753378341,0.09227512273756605
32.300000000000004,0.7349752212788754,0.8206577656075229,-0.08568254432864753
32.35,1.051255632136754,1.2616401259448586,-0.21038449380810453
32.4,1.23459682111883,1.4812507737184564,-0.2466539525996263
32.45,1.2366185925581707,1.4525345468539137,-0.21591595429574295
32.5,1.0665244424685945,1.2209959442547749,-0.1544715017861804
32.550000000000004,0.7986515171831119,0.8747521822462316,-0.07610066506311974
32.6,0.5389001295281562,0.5154711068325031,0.023429022695653168
32.65,0.3710828902528376,0.2388465039630138,0.1322363862898238
32.7,0.32121251550937036,0.11688171664283281,0.20433079886653754
32.75,0.3621226601669585,0.17608811793226975,0.18603454223468874
32.800000000000004,0.4472892254513678,0.38130032433898003,0.06598890111238775
32.85,0.5418120116367986,0.6429779379983203,-0.10116592636152166
32.9,0.6275815516231491,0.8533708599887956,-0.22578930836564648
32.95,0.6875632935494083,0.933705884484311,-0.24614259093490276
33.0,0.6934585375456503,0.8635185712165089,-0.17006003367085853
33.050000000000004,0.6146544729070587,0.6761845728533414,-0.06153009994628278
33.1,0.4426527390734669,0.4299962230718215,0.012656516001645413
33.15,0.20795636703900497,0.1788531725093815,0.029103194529623483
33.2,-0.02835080765473019,-0.04048791695794996,0.012137109303219772
33.25,-0.204468740766384,-0.20638592166654024,0.0019171809001562456
33.300000000000004,-0.2878469789548297,-0.3082282092810049,0.020381230326175226
33.35,-0.28543662121407154,-0.34783638594564925,0.06239976473157771
33.4,-0.2314358085138309,-0.3420774052283853,0.11064159671455442
33.45,-0.1658696577195536,-0.3185985142485938,0.15272885652904022
33.5,-0.11965691980883497,-0.30432159915152307,0.1846646793426881
33.550000000000004,-0.11156534967522112,-0.31525705017915623,0.2036917005039351
33.6,-0.15134996653406474,-0.35529526182775406,0.20394529529368932
33.65,-0.24111848862008486,-0.4220603910747214,0.1809419024546365
33.7,-0.3730565116195228,-0.5111749043988862,0.13811839277936344
33.75,-0.5280216402210781,-0.6143369927355827,0.08631535251450462
33.800000000000004,-0.6796476612460634,-0.7162803912226179,0.036632729976554534
33.85,-0.8032531355329232,-0.7986603552921231,-0.004592780240800121
33.9,-0.883951769263223,-0.8505304927976772,-0.033421276465545824
33.95,-0.9185859083246437,-0.8747154095839508,-0.04387049874069293
34.0,-0.9109084666708703,-0.8804045717288378,-0.03050389494203254
34.050000000000004,-0.8644780978032043,-0.8662231476030263,0.0017450497998220404
34.1,-0.7790535004450078,-0.8109722276150231,0.031918727170015315
34.15,-0.6531533945685646,-0.6857332264681281,0.03257983189956348
34.2,-0.4903021844695266,-0.48144092956792633,-0.00886125490160028
34.25,-0.30299530552316084,-0.22830495696608474,-0.0746903485570761
34.300000000000004,-0.10942282253153185,0.013782442307216484,-0.12320526483874833
34.35,0.07639361503668539,0.19134477373391232,-0.11495115869722693
34.4,0.2536844289926765,0.29343018676520016,-0.03974575777252365
34.45,0.43379062847327005,0.3585047259860587,0.07528590248721134
34.5,0.6255487316779829,0.4447186813014189,0.18083005037656397
34.550000000000004,0.8155686242369617,0.5842682101821488,0.23130041405481294
34.6,0.9596681791263977,0.7541364107351036,0.20553176839129406
34.65,0.9972875297668564,0.8828027908198517,0.11448473894700473
34.7,0.884462796061742,0.8876626988039871,-0.00319990274224502
34.75,0.6246166352622574,0.7199517831735057,-0.09533514791124831
34.800000000000004,0.2743974993461496,0.3928391356884808,-0.11844163634233118
34.85,-0.08188713640560764,-0.019851865864998704,-0.062035270540608936
34.9,-0.3727578414621541,-0.412052462555322,0.03929462109316789
34.95,-0.5676599518226753,-0.6877119734582091,0.12005202163553386
35.0,-0.676080483605219,-0.7982780872373039,0.12219760363208487
35.050000000000004,-0.7243684193471256,-0.7581649197332744,0.03379650038614879
35.1,-0.7327531080181549,-0.6307304585976492,-0.10202264942050565
35.15,-0.7103031011906916,-0.493158270978128,-0.21714483021256364
35.2,-0.6659762421798258,-0.4014691033664721,-0.26450713881335364
35.25,-0.6184720604735456,-0.37585536305592004,-0.2426166974176256
35.300000000000004,-0.5905513333343404,-0.4101172453450601,-0.1804340879892803
35.35,-0.5910017709018008,-0.4897181600255975,-0.10128361087620336
35.4,-0.6017371390916764,-0.5981381818092231,-0.0035989572824532967
35.45,-0.5844038995751584,-0.7062438713881831,0.12183997181302475
35.5,-0.5033970682502573,-0.7607147133217664,0.2573176450715091
35.550000000000004,-0.3473640621061893,-0.693810575578822,0.34644651347263267
35.6,-0.13319683286885284,-0.45938228477548004,0.3261854519066272
35.65,0.1072763341829057,-0.07314229506596163,0.18041862924886734
35.7,0.3432985701155116,0.3760950106964078,-0.0327964405808962
35.75,0.5502863448559634,0.7604066111488574,-0.21012026629289404
35.800000000000004,0.7045868887885062,0.974938045815467,-0.2703511570269608
35.85,0.7805463606673367,0.9889588076026249,-0.20841244693528815
35.9,0.7599150624988973,0.8535772594046487,-0.0936621969057514
35.95,0.6489193330861328,0.6643341988864712,-0.015414865800338351
36.0,0.4867497961176165,0.5065064863391889,-0.019756690221572448
36.050000000000004,0.3332180132102985,0.41828145918535736,-0.08506344597505888
36.1,0.24021063413460347,0.3896684234865016,-0.14945778935189813
36.15,0.22596459451821055,0.38883963771017616,-0.1628750431919656
36.2,0.2698388247499309,0.39173853601163694,-0.12189971126170607
36.25,0.32943891374080414,0.39385353093157427,-0.06441461719077013
36.300000000000004,0.36580063708844973,0.3997230600334542,-0.03392242294500447
36.35,0.3593162018616107,0.403225285654318,-0.043909083792707304
36.4,0.3099332205444086,0.37851037775112434,-0.06857715720671576
36.45,0.2284862217862847,0.2931955479893695,-0.06470932620308478
36.5,0.12997844547535467,0.13713144929335905,-0.007153003818004378
36.550000000000004,0.032737721683242293,-0.055696329047575474,0.08843405073081777
36.6,-0.04150860349765563,-0.21431452276798862,0.172805919270333
36.65,-0.07300642620481788,-0.2693241260249635,0.19631769982014557
36.7,-0.05430150965818356,-0.19867828883360797,0.1443767791754244
36.75,0.002325183299856176,-0.04564258829859217,0.047967771598448346
36.800000000000004,0.06802526436246627,0.1079272847071373,-0.03990202034467104
36.85,0.11096685755913534,0.1940841423906525,-0.08311728483151716
36.9,0.11176580182780635,0.1953614742168631,-0.08359567238905674
36.95,0.0708526298313294,0.13711734243602572,-0.06626471260469632
37.0,0.004360188774925107,0.04809514193714768,-0.043734953162222576
37.050000000000004,-0.06662410370445615,-0.06764266776946089,0.0010185640650047373
37.1,-0.12543760448199584,-0.21576819635367206,0.09033059187167622
37.15,-0.16335505420017096,-0.3688103416545265,0.2054552874543555
37.2,-0.17858021069262153,-0.4474462663546905,0.26886605566206895
37.25,-0.17472079507653582,-0.3636760277597409,0.18895523268320508
37.300000000000004,-0.1605763745052245,-0.10344994081867312,-0.057126433686551376
37.35,-0.14919854542591662,0.22483726799649442,-0.37403581342241105
37.4,-0.15306706602889109,0.4365511323981099,-0.589618198427001
37.45,-0.1753891488562847,0.3956457843933075,-0.5710349332495922
37.5,-0.202300904338428,0.12572092304754937,-0.3280218273859774
37.550000000000004,-0.20268932504288525,-0.18826141045912756,-0.014427914583757695
37.6,-0.1390364265275722,-0.3209494915389397,0.1819130650113675
37.65,0.014216729981969763,-0.16211321179941568,0.17632994178138545
37.7,0.2541005552743307,0.21330294115581733,0.04079761411851335
37.75,0.5440265710124158,0.6118462492305687,-0.06781967821815293
37.800000000000004,0.8239834688262669,0.8647773592860704,-0.04079389045980342
37.85,1.0312631267794528,0.9299720208816945,0.10129110589775825
37.9,1.1213276926860791,0.8788675011445314,0.24246019154154774
37.95,1.079397183374259,0.7980931444197011,0.2813040389545579
38.0,0.9198291697373937,0.7042626061499749,0.21556656358741877
38.050000000000004,0.6773180467811628,0.5466260765821608,0.13069197019900203
38.1,0.39635465290840816,0.28396709530803316,0.112387557600375
38.15,0.1224379235423476,-0.04625295067248663,0.16869087421483422
38.2,-0.1058436505953683,-0.33616644681618235,0.23032279622081406
38.25,-0.26562275601365476,-0.48672922539254665,0.2211064693788919
38.300000000000004,-0.3575719773016753,-0.485583915646237,0.1280119383445617
38.35,-0.4068392661566578,-0.41500158620899963,0.008162320052341854
38.400000000000006,-0.45231565944058943,-0.3862270757507845,-0.06608858368980491
38.45,-0.5267299962608363,-0.45937635140632394,-0.06735364485451234
38.5,-0.6381720571598728,-0.6133272785939015,-0.024844778565971337
38.550000000000004,-0.765051464425058,-0.7796686128205753,0.01461714839551731
38.6,-0.8685023355835076,-0.9001005033406883,0.031598167757180606
38.650000000000006,-0.9142395065010948,-0.9562322334523679,0.041992726951273096
38.7,-0.8893640622807704,-0.9564624352462989,0.06709837296552856
38.75,-0.8040769414591261,-0.9064962322250844,0.10241929076595824
38.800000000000004,-0.6801046324669202,-0.7987518981350836,0.11864726566816342
38.85,-0.5370714142239729,-0.6291677925956822,0.09209637837170936
38.900000000000006,-0.3874791254159078,-0.41911200475621396,0.031632879340306175
38.95,-0.2415545490727199,-0.21571306541401397,-0.02584148365870592
39.0,-0.11375323338737912,-0.06684308988927351,-0.046910143498105614
39.050000000000004,-0.021647131861852825,0.008090246649958222,-0.029737378511811047
39.1,0.024015856545533402,0.027203033356485006,-0.0031871768109516044
39.150000000000006,0.029656866426514956,0.029464200213687904,0.00019266621282705218
39.2,0.018967739725422435,0.04763443497392792,-0.028666695248505486
39.25,0.019741904465947986,0.09100587299514765,-0.07126396852919967
39.300000000000004,0.04560392893382878,0.14629886892070657,-0.10069493998687779
39.35,0.08604101258467903,0.19025788975426555,-0.10421687716958652
39.400000000000006,0.11275691924145965,0.20224075175831557,-0.08948383251685592
39.45,0.09848221601047139,0.17029930395985354,-0.07181708794938216
39.5,0.03534131488703709,0.09197553970165112,-0.05663422481461403
39.550000000000004,-0.05942551715038305,-0.025761860687372656,-0.033663656463010394
39.6,-0.15315494627073215,-0.1650823187972782,0.011927372526546048
39.650000000000006,-0.21512169680815119,-0.2959472130006952,0.08082551619254402
39.7,-0.2300455252696364,-0.37907607598544274,0.14903055071580634
39.75,-0.20102311011305102,-0.3770279844974243,0.1760048743843733
39.800000000000004,-0.14354650318244155,-0.2727289527298465,0.12918244954740493
39.85,-0.07719885871694468,-0.0871759434787147,0.00997708476177002
39.900000000000006,-0.02006546793635219,0.1175642092226964,-0.13762967715904859
39.95,0.014094329747056274,0.26010685008778983,-0.24601252034073356
40.0,0.01866191348948563,0.2808050183009495,-0.26214310481146386
40.050000000000004,-0.0023256863373282135,0.17877914872961478,-0.181104835066943
40.1,-0.033262695504641004,0.017532093692651855,-0.050794789197292856
40.150000000000006,-0.05266499396869399,-0.11005440829376084,0.05738941432506685
40.2,-0.044741187092796536,-0.13685980167985612,0.09211861458705958
40.25,-0.009768235411195415,-0.05919624201192089,0.04942800660072548
40.300000000000004,0.03528345476411797,0.06873993513337646,-0.033456480369258496
40.35,0.06823136331552697,0.17668723791555338,-0.10845587460002641
40.400000000000006,0.07809139331482767,0.22328070579335918,-0.1451893124785315
40.45,0.07456385909114285,0.21331806865192995,-0.1387542095607871
40.5,0.0835019270174696,0.18305068195476618,-0.09954875493729658
40.550000000000004,0.13180607009545114,0.17403230102354011,-0.04222623092808897
40.6,0.23255767899151192,0.21715421391750298,0.015403465074008943
40.650000000000006,0.37935028650550906,0.32938159032589204,0.04996869617961702
40.7,0.5501922939341144,0.5102318561203815,0.03996043781373293
40.75,0.7145779129065377,0.7309238458700055,-0.016345932963467757
40.800000000000004,0.8384534901852901,0.9282702392137628,-0.0898167490284727
40.85,0.8883971585324314,1.0225595990758343,-0.13416244054340287
40.900000000000006,0.8399915264110462,0.9601770175916788,-0.1201854911806326
40.95,0.6907952831795516,0.7531371657124167,-0.0623418825328651
41.0,0.4695884826795906,0.4800987128256387,-0.010510230146048127
41.050000000000004,0.2307574213479506,0.24042650880627708,-0.00966908745832648
41.1,0.03147479413824773,0.0931444786608705,-0.06166968452262277
41.150000000000006,-0.09610915149609993,0.02812557925343608,-0.124234730749536
41.2,-0.15835255794039396,-0.00954825119223612,-0.14880430674815784
41.25,-0.18861653085664637,-0.06667593648727602,-0.12194059436937035
41.300000000000004,-0.21888166540962112,-0.14756120971980224,-0.07132045568981887
41.35,-0.2558672968866079,-0.22393547869981154,-0.031931818186796385
41.400000000000006,-0.27897995169615464,-0.2713568760315836,-0.007623075664571044
41.45,-0.2592466805346492,-0.2911398425792744,0.03189316204462517
41.5,-0.1818867412213497,-0.29593408287242645,0.11404734165107674
41.550000000000004,-0.05447448677012561,-0.2777608548978805,0.22328636812775488
41.6,0.10261902905265889,-0.1977821271393521,0.30040115619201097
41.650000000000006,0.2708687086478369,-0.01626039114664464,0.28712909979448153
41.7,0.43809898972857053,0.2603481010776105,0.17775088865096
41.75,0.5898352427222631,0.5590892730995919,0.030745969622671177
41.800000000000004,0.6989842473721577,0.7701595851015193,-0.07117533772936158
41.85,0.7279638683091233,0.8068152963754266,-0.0788514280663033
41.900000000000006,0.6458174643265846,0.6508659389518553,-0.005048474625270694
41.95,0.44823703504376416,0.3533780286059748,0.09485900643778938
42.0,0.1645135273317734,-0.002232986736503089,0.1667465140682765
42.050000000000004,-0.15437785525090694,-0.3419859326590492,0.18760807740814225
42.1,-0.45758910457574326,-0.621284632192235,0.1636955276164917
42.150000000000006,-0.7107541852235356,-0.8217869501305897,0.11103276490705405
42.2,-0.8980208912367665,-0.9413664788038641,0.04334558756709761
42.25,-1.013198024463001,-0.9890619422238065,-0.0241360822391945
42.300000000000004,-1.0506048395703047,-0.9821557576058206,-0.06844908196448407
42.35,-1.0034522007641622,-0.9373277799019945,-0.06612442086216774
42.400000000000006,-0.8694292814646544,-0.8576824965081004,-0.011746784956554013
42.45,-0.6575903814789686,-0.7284681183950807,0.0708777369161121
42.5,-0.39128331571014774,-0.530738996532634,0.13945568082248627
42.550000000000004,-0.10593636474300391,-0.2654258844745778,0.1594895197315739
42.6,0.1567562441084567,0.032185894975494754,0.12457034913296194
42.650000000000006,0.3568069508310931,0.3014573300062181,0.05534962082487499
42.7,0.4651781016992061,0.4831314622517287,-0.017953360552522613
42.75,0.4721814109515779,0.5441214189610327,-0.07194000800945483
42.800000000000004,0.39102690840880194,0.48530623253819827,-0.09427932412939632
42.85,0.2531451062021186,0.33383846318461996,-0.08069335698250135
42.900000000000006,0.09617902205135272,0.13192690942364158,-0.03574788737228886
42.95,-0.04950217269417943,-0.0708540809604233,0.021351908266243863
43.0,-0.16869225892697223,-0.22602155325570109,0.05732929432872885
43.050000000000004,-0.2604305150919264,-0.3016278466691227,0.041197331577196294
43.1,-0.33082725959721565,-0.29970338717670486,-0.03112387242051079
43.150000000000006,-0.3851942568269264,-0.25982438476845193,-0.12536987205847444
43.2,-0.4236157311921528,-0.23796869489444775,-0.18564703629770504
43.25,-0.44060760376485403,-0.2698948461213184,-0.1707127576435356
43.300000000000004,-0.4274169832099309,-0.34482822059787627,-0.08258876261205461
43.35,-0.37577033789328457,-0.41059399363388244,0.03482365574059787
43.400000000000006,-0.28261065172691724,-0.40759810064273755,0.12498744891582031
43.45,-0.15470408689962142,-0.3070069159174242,0.15230282901780276
43.5,-0.01055152674428349,-0.12728589973468973,0.11673437299040625
43.550000000000004,0.12288856746332791,0.07791856672136288,0.04497000074196503
43.6,0.21853864711391793,0.24731493908998264,-0.02877629197606471
43.650000000000006,0.2590942740596754,0.33671016092426403,-0.07761588686458865
43.7,0.24370617820748308,0.33227759927072187,-0.08857142106323879
43.75,0.18850905392196232,0.2535776111359007,-0.0650685572139384
43.800000000000004,0.12114050951997249,0.14803980376355946,-0.026899294243586974
43.85,0.07139130395571473,0.0745602741770658,-0.0031689702213510695
43.900000000000006,0.06065647342209917,0.0766837410193315,-0.016027267597232324
43.95,0.09327060484952922,0.15711706546973495,-0.06384646062020573
44.0,0.15360675192435957,0.27247670542889574,-0.11886995350453616
44.050000000000004,0.21220627450208826,0.35746868026673273,-0.14526240576464447
44.1,0.2401841528640543,0.36513671024645705,-0.12495255738240274
44.150000000000006,0.2250338300723833,0.29455600622713807,-0.06952217615475476
44.2,0.17778269322767187,0.18591640167456594,-0.008133708446894067
44.25,0.1256189297289934,0.08958673082746843,0.03603219890152498
44.300000000000004,0.0940997326283553,0.036115919529768246,0.05798381309858706
44.35,0.09123245318389067,0.029136956851989564,0.062095496331901104
44.400000000000006,0.10468261472533577,0.058795658339447956,0.045886956385887814
44.45,0.11319273569384493,0.11489710924437616,-0.0017043735505312269
44.5,0.10236505103671445,0.18478642737093748,-0.08242137633422303
44.550000000000004,0.0726394900393599,0.24317510367564515,-0.17053561363628525
44.6,0.03521495640450578,0.254040514143776,-0.2188255577392702
44.650000000000006,0.002121976724896428,0.19273371722912702,-0.1906117405042306
44.7,-0.01995143144651081,0.07152898188693896,-0.09148041333344976
44.75,-0.02843722981545234,-0.05831222482797477,0.02987499501252243
44.800000000000004,-0.02100545334880553,-0.13664069247190047,0.11563523912309494
44.85,0.004262787761421602,-0.13490580115863185,0.13916858892005346
44.900000000000006,0.0440197824690043,-0.07316485850696847,0.11718464097597277
44.95,0.08657881312324138,0.0005268947153657062,0.08605191840787567
45.0,0.11693225519759358,0.049245259648296465,0.06768699554929711
45.050000000000004,0.12811276167939561,0.07094038260021752,0.05717237907917809
45.1,0.12915908287595768,0.089847583543408,0.03931149933254968
45.150000000000006,0.1406542916050583,0.1290225295401082,0.01163176206495009
45.2,0.17867912654723864,0.19102828396025667,-0.012349157413018036
45.25,0.23855064657499628,0.25966302746117237,-0.02111238088617609
45.300000000000004,0.29136367731315477,0.3122224265924151,-0.020858749279260347
45.35,0.29741434592655325,0.32541258127149847,-0.02799823534494522
45.400000000000006,0.22844731999838175,0.2735873325067056,-0.045140012508323835
45.45,0.0848234272791454,0.13417812441262914,-0.04935469713348374
45.5,-0.10230722815825857,-0.09056435780369149,-0.011742870354567086
45.550000000000004,-0.2841299283724711,-0.35063377684214825,0.06650384846967716
45.6,-0.41471885797387237,-0.5538123384421004,0.13909348046822806
45.650000000000006,-0.4685319720236299,-0.611835856048784,0.1433038840251541
45.7,-0.4469877254040098,-0.50054887893406,0.0535611535300502
45.75,-0.37185633593899037,-0.2849364609505599,-0.08691987498843046
45.800000000000004,-0.269655671050425,-0.08097485280464158,-0.18868081824578342
45.85,-0.15628788118623393,0.022539524778267074,-0.178827405964501
45.900000000000006,-0.03165690728569154,0.022723358438939554,-0.05438026572463109
45.95,0.11202778298504276,-0.0041300710536887175,0.11615785403873148
46.0,0.27451096410557907,0.032495863680623155,0.24201510042495591
46.050000000000004,0.43706774852936864,0.1678203762999113,0.2692473722294573
46.1,0.5667230175222765,0.3606232596509185,0.20609975787135798
46.150000000000006,0.632528902797827,0.5290462187121535,0.10348268408567352
46.2,0.6208398137942679,0.6059970929730539,0.014842720821213962
46.25,0.5374823553883914,0.5692073271978281,-0.031724971809436675
46.300000000000004,0.3969939757674316,0.432699502259106,-0.035705526491674355
46.35,0.21124577842727194,0.22247000445080808,-0.011224226023536149
46.400000000000006,-0.01049366119372685,-0.03456363832096498,0.02406997712723813
46.45,-0.2510377053397396,-0.3034788570175944,0.05244115167785479
46.5,-0.4780465957713956,-0.5360424636916514,0.05799586792025585
46.550000000000004,-0.6523430084961296,-0.6853372375347037,0.032994229038574074
46.6,-0.7483289938776996,-0.7334499746687074,-0.01487901920899215
46.650000000000006,-0.7685383314872292,-0.7055608882492987,-0.06297744323793042
46.7,-0.7370402380614813,-0.6519682558813831,-0.08507198218009826
46.75,-0.6757963271774279,-0.6089695581330208,-0.0668267690444071
46.800000000000004,-0.5858417208397981,-0.5710523333392721,-0.014789387500526052
46.85,-0.4525432991778972,-0.49885048982056146,0.04630719064266425
46.900000000000006,-0.271553574956957,-0.35679619410372404,0.08524261914676706
46.95,-0.07044967615204935,-0.14936642562785418,0.07891674947580483
47.0,0.09759623063615101,0.07301371496680903,0.024582515669341984
47.050000000000004,0.18676089879911234,0.24190462606315905,-0.055143727264046705
47.1,0.1909927310660876,0.3107116550777862,-0.11971892401169859
47.150000000000006,0.1472674631088612,0.27903287716302794,-0.13176541405416672
47.2,0.10631513915263721,0.18865756333252146,-0.08234242417988424
47.25,0.09619558360631433,0.09791460165396068,-0.001719018047646348
47.300000000000004,0.10925030017601187,0.05132483836666005,0.05792546180935182
47.35,0.12007736411757093,0.05993843813660882,0.06013892598096211
47.400000000000006,0.11376869767114751,0.10026111638001416,0.013507581291133358
47.45,0.0969605130803501,0.1314038796649864,-0.0344433665846363
47.5,0.08444280634767672,0.12203394044261157,-0.03759113409493485
47.550000000000004,0.07960350793593535,0.07223072058434997,0.007372787351585378
47.6,0.0717445355934891,0.015528398082661807,0.056216137510827296
47.650000000000006,0.053169308672264146,-0.0026557131766155343,0.05582502184887968
47.7,0.03571362496350648,0.04295973215873047,-0.0072461071952239844
47.75,0.04517491117701778,0.13799719100267224,-0.09282227982565447
47.800000000000004,0.095110417816311,0.2365214204547849,-0.1414110026384739
47.85,0.16525329220518803,0.29077088758941294,-0.1255175953842249
47.900000000000006,0.20893073297709006,0.27961609209439925,-0.0706853591173092
47.95,0.1873559989827075,0.21525378518323887,-0.027897786200531377
48.0,0.10186004148673891,0.12712149213367024,-0.025261450646931333
48.050000000000004,-0.005145963803427277,0.040422432118262464,-0.04556839592168974
48.1,-0.0820751350529293,-0.03257521742065462,-0.049499917632274675
48.150000000000006,-0.1050168784604878,-0.08606301833474567,-0.018953860125742128
48.2,-0.08820489299024373,-0.11192789407061071,0.023723001080366984
48.25,-0.06217742816116854,-0.10124170529740505,0.03906427713623651
48.300000000000004,-0.043060469713892435,-0.054554256944259395,0.01149378723036696
48.35,-0.02195583156278841,0.0119593177343809,-0.03391514929716931
48.400000000000006,0.01857646888425909,0.07382432285796924,-0.05524785397371015
48.45,0.0806204357016894,0.11389902678526692,-0.033278591083577516
48.5,0.1446043843972995,0.13182934467666796,0.012775039720631542
48.550000000000004,0.18597204443719473,0.1388898087460121,0.04708223569118264
48.6,0.19664896134732096,0.14455768956770487,0.05209127177961609
48.650000000000006,0.18931936754274847,0.1487199368962274,0.04059943064652108
48.7,0.18110981762039144,0.14597948467109717,0.03513033294929427
48.75,0.1743733387121843,0.1348589699732716,0.0395143687389127
48.800000000000004,0.15448799526972928,0.12009496690269696,0.03439302836703233
48.85,0.10652472202907509,0.10543206990537829,0.0010926521236968023
48.900000000000006,0.033362266714948074,0.08637058527615321,-0.05300831856120514
48.95,-0.04320767586497274,0.05298509572317357,-0.09619277158814632
49.0,-0.09931319474549744,0.0011125785675739843,-0.10042577331307143
49.050000000000004,-0.12688589345391155,-0.06044989619607175,-0.0664359972578398
49.1,-0.1353677543001559,-0.11558773041835047,-0.019780023881805442
49.150000000000006,-0.13672240997682059,-0.15356093958043449,0.0168385296036139
49.2,-0.1297168221720849,-0.17390322118472656,0.04418639901264165
49.25,-0.09954189373485349,-0.1770069748241111,0.0774650810892576
49.300000000000004,-0.03332339265581541,-0.15183528980703098,0.11851189715121557
49.35,0.06322572517700666,-0.07925238729361808,0.14247811247062475
49.400000000000006,0.1633791883612799,0.04532230662229125,0.11805688173898865
49.45,0.23318514260152562,0.18990681909608348,0.04327832350544214
49.5,0.24976380857022032,0.2913700207568256,-0.04160621218660529
49.550000000000004,0.21065359922164795,0.2933976348826943,-0.08274403566104638
49.6,0.13038714280827915,0.1896860201923629,-0.05929887738408374
49.650000000000006,0.030696263388883285,0.03391705757319221,-0.003220794184308925
49.7,-0.06750074014618111,-0.09697528468465534,0.02947454453847423
49.75,-0.14778989485570224,-0.15864513356996673,0.010855238714264498
49.800000000000004,-0.20009451709773027,-0.1674934096323368,-0.032601107465393464
49.85,-0.22241479227655964,-0.17699351742932126,-0.045421274847238374
49.900000000000006,-0.22063440789907537,-0.22361448259231845,0.0029800746932430733
49.95,-0.20414587853206695,-0.2908725434531788,0.08672666492111186
50.0,-0.17925524584903244,-0.3234093467355523,0.1441541008865199
50.050000000000004,-0.1460511717977362,-0.277711659519143,0.13166048772140682
50.1,-0.10227544511133216,-0.16363827720242882,0.061362832091096664
50.150000000000006,-0.050893562795785,-0.04035510678464734,-0.010538456011137655
50.2,-0.0036184439389977626,0.028397158085071175,-0.03201560202406894
50.25,0.024127961756189992,0.020076414944196177,0.0040515468119938156
50.300000000000004,0.02309785709678715,-0.037158884721655364,0.06025674181844251
50.35,-0.0037727990244111323,-0.09421199616832795,0.09043919714391682
50.400000000000006,-0.04451360503392055,-0.12005833836079309,0.07554473332687253
50.45,-0.08720771493664013,-0.11718630663374495,0.029978591697104817
50.5,-0.1266607773012296,-0.10658196206953598,-0.020078815231693622
50.550000000000004,-0.16331083127134283,-0.1027624411051522,-0.060548390166190624
50.6,-0.1966822898554229,-0.10327292933559384,-0.09340936051982907
50.650000000000006,-0.22023696746904403,-0.09783363873732208,-0.12240332873172195
50.7,-0.22214594156789558,-0.08207917349527072,-0.14006676807262486
50.75,-0.1907631880211073,-0.05952731103355111,-0.1312358769875562
50.800000000000004,-0.12054145496888381,-0.03161033685784134,-0.08893111811104247
50.85,-0.015719602828595556,0.009762937036870523,-0.02548253986546608
50.900000000000006,0.10824924533476553,0.07534008746654698,0.03290915786821855
50.95,0.22570714410167936,0.1621826078843002,0.06352453621737916
51.0,0.30630766210017446,0.2451472415910913,0.06116042050908316
51.050000000000004,0.32620258076684927,0.2882137575836275,0.037988823183221776
51.1,0.28075634427882906,0.26921096858348154,0.011545375695347526
51.150000000000006,0.18980232593037613,0.1976926712186992,-0.00789034528832308
51.2,0.08889561749048791,0.11007503163128067,-0.02117941414079276
51.25,0.010213138260761001,0.0449963304568313,-0.0347831921960703
51.300000000000004,-0.0337005484813402,0.018309899455756996,-0.05201044793709719
51.35,-0.05110220784198026,0.016946790359060528,-0.0680489982010408
51.400000000000006,-0.05714015049245301,0.014946328346941123,-0.07208647883939413
51.45,-0.05782845137582922,-0.0026422605232095772,-0.05518619085261964
51.5,-0.04617663127230237,-0.027219959245751015,-0.018956672026551356
51.550000000000004,-0.012731792520866633,-0.034231567092177624,0.02149977457131099
51.6,0.04112343841340209,-0.0034917135536136536,0.044615151967015744
51.650000000000006,0.10097262006139933,0.06411671461374768,0.036855905447651646
51.7,0.15048475142607165,0.145823154099184,0.004661597326887645
51.75,0.18438135663275662,0.21163602137998205,-0.027254664747225432
51.800000000000004,0.20996823184626784,0.2430023005848125,-0.03303406873854467
51.85,0.23585226564236247,0.24210810807238617,-0.006255842430023695
51.900000000000006,0.25981837869532054,0.22619706392031433,0.03362131477500621
51.95,0.26878553339110156,0.21229812589410063,0.05648740749700093
52.0,0.2511804464488824,0.2040753927194965,0.047105053729385865
52.050000000000004,0.20891677789516547,0.19004129936271835,0.018875478532447115
52.1,0.1561921167567138,0.15348074022574076,0.002711376530973031
52.150000000000006,0.10576478867805403,0.08596805819842886,0.01979673047962517
52.2,0.05652630561383636,-0.00552719026382149,0.06205349587765785
52.25,-0.0046352611829564945,-0.10240911188603291,0.09777385070307641
52.300000000000004,-0.08796038570571682,-0.1854445948428565,0.09748420913713968
52.35,-0.1875588796734624,-0.24495003881704844,0.05739115914358603
52.400000000000006,-0.2831796696359178,-0.28410997819392175,0.0009303085580039672
52.45,-0.35569821722692835,-0.3148578972256852,-0.04084032000124316
52.5,-0.40149357108291006,-0.34990833642417435,-0.05158523465873571
52.550000000000004,-0.43204674970902085,-0.39506310475446543,-0.03698364495455542
52.6,-0.45959811980728893,-0.4444642990436196,-0.015133820763669315
52.650000000000006,-0.48298742450177956,-0.48058765133739256,-0.002399773164386998
52.7,-0.48691680040780266,-0.4803986210744176,-0.006518179333385055
52.75,-0.45434269247239467,-0.42690802442637815,-0.02743466804601652
52.800000000000004,-0.3794329792007563,-0.3207791120372963,-0.058653867163459994
52.85,-0.26941048495422076,-0.1834143215074161,-0.08599616344680466
52.900000000000006,-0.13574854495835612,-0.046255770594652426,-0.08949277436370369
52.95,0.014402137481097109,0.06890718883275364,-0.05450505135165653
53.0,0.17732057617328179,0.16442998153738078,0.012890594635901004
53.050000000000004,0.34418762085047233,0.26276347972324643,0.0814241411272259
53.1,0.49515175203119105,0.38377663976922205,0.111375112261969
53.150000000000006,0.6034185988045606,0.5195540499374468,0.08386454886711381
53.2,0.6464315926495217,0.6277075111582203,0.018724081491301336
53.25,0.6145507107805092,0.6518343780510728,-0.03728366727056365
53.300000000000004,0.5112970767440739,0.5567830011301317,-0.04548592438605781
53.35,0.34843383185257426,0.35391272526913575,-0.005478893416561492
53.400000000000006,0.1434373513488832,0.0982011453005101,0.045236206048373084
53.45,-0.07822594767217476,-0.14041133920820362,0.06218539153602885
53.5,-0.2818566149542986,-0.31120940416312237,0.029352789208823782
53.550000000000004,-0.43050327037946556,-0.40053538410860196,-0.02996788627086361
53.6,-0.4993216659447954,-0.42538885969896545,-0.07393280624582993
53.650000000000006,-0.48722670781657884,-0.4120466823335388,-0.07518002548304004
53.7,-0.41563644524158344,-0.37644676326272675,-0.039189681978856694
53.75,-0.31439031261940326,-0.3179836189185086,0.00359330629910537
53.800000000000004,-0.20596045314768968,-0.22742899801600222,0.02146854486831254
53.85,-0.09995707147635882,-0.10139018117350121,0.0014331096971423873
53.900000000000006,0.000279061824549119,0.04647467314858043,-0.046195611324031306
53.95,0.08837510993439586,0.184726818785424,-0.09635170885102813
54.0,0.1534994552300299,0.2759326778691604,-0.12243322263913053
54.050000000000004,0.18794835023102138,0.2960912343403367,-0.1081428841093153
54.1,0.19484673700905217,0.25045710778655916,-0.055610370777506996
54.150000000000006,0.18679005746482838,0.1736341218383093,0.013155935626519066
54.2,0.1758332776817684,0.11032473732091355,0.06550854036085485
54.25,0.16458520524438283,0.08760839519982348,0.07697681004455935
54.300000000000004,0.14750597780042893,0.09883810964111607,0.04866786815931286
54.35,0.12134218305238724,0.11298866998162362,0.008353513070763624
54.400000000000006,0.09417205437717667,0.10360201468272154,-0.009429960305544868
54.45,0.08331181246176982,0.07396422343330243,0.009347589028467385
54.5,0.10272867213192428,0.05634749827803541,0.046381173853888874
54.550000000000004,0.15061628567057633,0.08434670473689554,0.0662695809336808
54.6,0.20797639523109557,0.16109125940494776,0.04688513582614781
54.650000000000006,0.24952478481837811,0.250897385119068,-0.0013726003006898913
54.7,0.2580500351388633,0.30235836566690805,-0.044308330528044726
54.75,0.2314941594846211,0.28389578293011364,-0.05240162344549254
54.800000000000004,0.1792258786947468,0.20268206324544383,-0.023456184550697035
54.85,0.11292975753193182,0.09350421768715883,0.019425539844772993
54.900000000000006,0.04042769794001586,-0.009395267826451484,0.049822965766467345
54.95,-0.03374669073431433,-0.09173775503572261,0.05799106430140828
55.0,-0.10385539606084812,-0.1558224952732212,0.05196709921237308
55.050000000000004,-0.16019164564477176,-0.20349422673437098,0.043302581089599224
55.1,-0.19121441804862657,-0.2262802847115647,0.03506586666293812
55.150000000000006,-0.18923256800577665,-0.2132443370610025,0.02401176905522584
55.2,-0.15568038172406923,-0.1668686301166578,0.011188248392588585
55.25,-0.10258133590294367,-0.10838088104764529,0.005799545144701615
55.300000000000004,-0.04914484384750476,-0.06513350690940639,0.01598866306190163
55.35,-0.014838097318467984,-0.05164811749681515,0.03681002017834717
55.400000000000006,-0.011949881346094066,-0.06270912399576749,0.05075924264967342
55.45,-0.04125721165659343,-0.08450697247909389,0.04324976082250046
55.5,-0.09325656596916236,-0.11141274221867124,0.018156176249508882
55.550000000000004,-0.15432687982835896,-0.1507115941904427,-0.0036152856379162712
55.6,-0.21373913444382148,-0.2107711441926582,-0.0029679902511632883
55.650000000000006,-0.26654057624762817,-0.28570308997516486,0.01916251372753669
55.7,-0.31056528401655203,-0.35322765613574914,0.0426623721191971
55.75,-0.34101830443918724,-0.38861579740957725,0.04759749297039001
55.800000000000004,-0.348601418028785,-0.38102730265255275,0.03242588462376772
55.85,-0.32413780747380144,-0.3366545665857094,0.012516759111907971
55.900000000000006,-0.26634077814032237,-0.2674899338214023,0.0011491556810799275
55.95,-0.18558186974899796,-0.17959150017620662,-0.0059903695727913375
56.0,-0.09924076563861767,-0.07416702929097671,-0.025073736347640957
56.050000000000004,-0.021458971053228443,0.04078011876012105,-0.06223908981334949
56.1,0.04464887932058426,0.1440220157525087,-0.09937313643192444
56.150000000000006,0.10602857148994549,0.2116495599407159,-0.10562098845077042
56.2,0.17102074510902707,0.2377731724206275,-0.06675242731160044
56.25,0.24043177667923873,0.24470331371844117,-0.004271537039202439
56.300000000000004,0.3055712125923703,0.26863415161903653,0.03693706097333377
56.35,0.35419311486122174,0.32952519775324723,0.024667917107974502
56.400000000000006,0.3787695481678529,0.41089138435697514,-0.03212183618912223
56.45,0.38036942116762795,0.46899192030002707,-0.08862249913239911
56.5,0.365916315829028,0.4657549860353544,-0.09983867020632642
56.550000000000004,0.34212140392657064,0.39847578715403476,-0.05635438322746411
56.6,0.3111643692579235,0.301592169622531,0.00957219963539252
56.650000000000006,0.27058011862169173,0.219641044952512,0.05093907366917974
56.7,0.21607481235255285,0.17427693472721628,0.04179787762533657
56.75,0.14454979365193205,0.15139159317190973,-0.0068417995199776815
56.800000000000004,0.05585263241022276,0.11587147035608505,-0.0600188379458623
56.85,-0.04649355747945614,0.03926299337114502,-0.08575655085060116
56.900000000000006,-0.15501505004529134,-0.08144906997254787,-0.07356598007274347
56.95,-0.2587112390456227,-0.2244910999387682,-0.03422013910685451
57.0,-0.34477213445158966,-0.35741680043826024,0.012644665986670578
57.050000000000004,-0.40138058787923786,-0.45173092237896995,0.050350334499732086
57.1,-0.42041619828813465,-0.49039085447672676,0.06997465618859211
57.150000000000006,-0.39900105093465554,-0.4692500825698275,0.07024903163517193
57.2,-0.3399179258736154,-0.3963180714534895,0.056400145579874106
57.25,-0.2516071431005368,-0.28951351974623574,0.03790637664569896
57.300000000000004,-0.14784337962118427,-0.17124433231659597,0.023400952695411703
57.35,-0.04614443778449385,-0.06086258136433442,0.014718143579840574
57.400000000000006,0.03591930137913008,0.029921398839552707,0.005997902539577375
57.45,0.0856911911843373,0.09483675308811391,-0.00914556190377662
57.5,0.09920906264063034,0.12722656668092489,-0.028017504040294544
57.550000000000004,0.08160823259251755,0.11892819094195647,-0.03731995834943892
57.6,0.04419037999616926,0.06822631678382321,-0.02403593678765395
57.650000000000006,0.00038188924460202023,-0.009496635115861903,0.009878524360463924
57.7,-0.03710702219281374,-0.08110276921597956,0.04399574702316582
57.75,-0.05750176169815764,-0.11102089000403084,0.0535191283058732
57.800000000000004,-0.052886911230019006,-0.08325500654373036,0.030368095313711353
57.85,-0.019945925525454364,-0.011759024234283691,-0.008186901291170673
57.900000000000006,0.03811229234066325,0.07121305241282429,-0.03310076007216104
57.95,0.11123055090077352,0.13979457460225558,-0.02856402370148206
58.0,0.18477136342667863,0.1905073589028191,-0.005735995476140482
58.050000000000004,0.2434440140455675,0.23518366557447,0.008260348471097495
58.1,0.27495943542718476,0.2783419598988762,-0.0033825244716914615
58.150000000000006,0.27227315866251667,0.3024410022688022,-0.03016784360628555
58.2,0.23465406931086052,0.27798242646824467,-0.043328357157384145
58.25,0.16806137791114,0.19134885258610093,-0.023287474674960923
58.300000000000004,0.08435141249488963,0.06420838284562894,0.020143029649260694
58.35,-0.0016332900593812193,-0.0563268979219074,0.05469360786252618
58.400000000000006,-0.07672262669299552,-0.13114835104041464,0.054425724347419116
58.45,-0.13337325947786008,-0.15733989850381977,0.02396663902595969
58.5,-0.17014683886740103,-0.16512575103509178,-0.005021087832309257
58.550000000000004,-0.18849382485150953,-0.18558723157703297,-0.0029065932744765655
58.6,-0.188993518327055,-0.2188877736262492,0.029894255299194206
58.650000000000006,-0.1708886450901299,-0.2335403682627274,0.06265172317259748
58.7,-0.1355495085213405,-0.198776749082106,0.06322724056076548
58.75,-0.09021459543009828,-0.11994293038175284,0.029728334951654556
58.800000000000004,-0.04733339086319815,-0.04165405612561525,-0.005679334737582899
58.85,-0.018545686822377467,-0.011883883480149855,-0.006661803342227612
58.900000000000006,-0.007534927545871547,-0.03735747872324156,0.029822551177370017
58.95,-0.007695365442859519,-0.07190727666347017,0.06421191122061065
59.0,-0.006900122762781247,-0.05246564321484898,0.04556552045206773
59.050000000000004,0.004145272527812925,0.045306557607044565,-0.04116128507923164
59.1,0.02622868044430554,0.17981884698708708,-0.15359016654278154
59.150000000000006,0.05235805146834732,0.27083273205794306,-0.21847468058959574
59.2,0.07340565960318267,0.26106057517919357,-0.18765491557601088
59.25,0.08396328700041003,0.16167175972986758,-0.07770847272945755
59.300000000000004,0.08465513534182885,0.043960237753017495,0.040694897588811355
59.35,0.08048881649248522,-0.01557910731156682,0.09606792380405205
59.400000000000006,0.07725648536921972,0.008852736241197147,0.06840374912802258
59.45,0.07816679107155447,0.08002390514778186,-0.0018571140762273924
59.5,0.08198966833837996,0.1350284503869507,-0.05303878204857072
59.550000000000004,0.08349898287435341,0.13720359276049965,-0.05370460988614624
59.6,0.0766418893420578,0.09886568725332644,-0.022223797911268633
59.650000000000006,0.059471419962497725,0.060399714409758,-0.0009282944472602736
59.7,0.0377680217919946,0.050139140813154875,-0.012371119021160275
59.75,0.02381149654199052,0.06309766401461915,-0.03928616747262863
59.800000000000004,0.029746971461962687,0.07499254686614762,-0.04524557540418493
59.85,0.05972280493498231,0.07356596170295311,-0.0138431567679708
59.900000000000006,0.10696926871097122,0.07443932543111656,0.03252994327985466
59.95,0.15840808923616828,0.1058246027450284,0.05258348649113988
60.0,0.20277776712954448,0.17732392186267446,0.02545384526687003
60.050000000000004,0.23490039618145114,0.2630537194287367,-0.028153323247285533
60.1,0.2524574867354419,0.3153637608491576,-0.06290627411371574
60.150000000000006,0.24940946027597286,0.2971857984322366,-0.047776338156263726
60.2,0.21432272972680408,0.20546627275772325,0.008856456969080828
60.25,0.13764888759595642,0.06836519964907864,0.06928368794687778
60.300000000000004,0.022904070808461293,-0.07690185483197055,0.09980592564043185
60.35,-0.1084771431916175,-0.20413244451270407,0.09565530132108657
60.400000000000006,-0.2245617055895425,-0.3017055407810538,0.07714383519151133
60.45,-0.2983536333964283,-0.363979722530067,0.06562608913363871
60.5,-0.32026687622762556,-0.38536745734908134,0.06510058112145578
60.550000000000004,-0.299553292464943,-0.3649456954953511,0.06539240303040811
60.6,-0.25598574282170306,-0.3146670444987784,0.05868130167707536
60.650000000000006,-0.20991016261054235,-0.25867062236908767,0.048760459758545316
60.7,-0.17722276403182183,-0.22076809394197808,0.04354532991015625
60.75,-0.168869004447084,-0.21085082109378395,0.04198181664669995
60.800000000000004,-0.1901165897691159,-0.2231894748259811,0.033072885056865176
60.85,-0.23740619548280065,-0.24742729947538838,0.010021103992587738
60.900000000000006,-0.2962061301851461,-0.2795200741618026,-0.0166860560233435
60.95,-0.3447020621816901,-0.3199868203190188,-0.024715241862671267
61.0,-0.3630157859642609,-0.36122012703003054,-0.0017956589342303375
61.050000000000004,-0.3414525683502881,-0.3791732346771807,0.03772066632689264
61.1,-0.281306851239494,-0.34235327489552697,0.061046423656032966
61.150000000000006,-0.18875346611419436,-0.23388153188044375,0.04512806576624939
61.2,-0.06917778022119266,-0.0675753352337376,-0.0016024449874550567
61.25,0.07157177213423395,0.11762777481308316,-0.04605600267884921
61.300000000000004,0.2206167601731944,0.2812187834081521,-0.0606020232349577
61.35,0.35462298478192417,0.4023108602776332,-0.04768787549570902
61.400000000000006,0.4459413073615788,0.48088967949152783,-0.03494837212994906
61.45,0.47539431294358,0.5212301057313563,-0.04583579278777633
61.5,0.44163138798905166,0.5167926082743887,-0.075161220285337
61.550000000000004,0.3595745678157872,0.4535184740026707,-0.09394390618688347
61.6,0.2503507102149014,0.3289042213609706,-0.07855351114606918
61.650000000000006,0.13217859833388546,0.16715985530460478,-0.03498125697071933
61.7,0.018904207688277903,0.013273299286429431,0.005630908401848472
61.75,-0.07629314827051305,-0.09148868465374337,0.015195536383230318
61.800000000000004,-0.13989436798292515,-0.13255180424177695,-0.007342563741148195
61.85,-0.16341019454506742,-0.12486710116776269,-0.03854309337730473
61.900000000000006,-0.14996702576121657,-0.09547689143669784,-0.05449013432451873
61.95,-0.11378162011089667,-0.06290751231343991,-0.050874107797456755
62.0,-0.07089210982043163,-0.030513935231142125,-0.04037817458928951
62.050000000000004,-0.029132216146202705,0.004549579223023182,-0.033681795369225886
62.1,0.012923939462227401,0.03961791968236771,-0.02669398022014031
62.150000000000006,0.05716972167274334,0.06482609617093915,-0.0076563744981958115
62.2,0.0969477164168283,0.07156268517600346,0.025385031240824835
62.25,0.1181659301467066,0.06041243523930391,0.05775349490740268
62.300000000000004,0.11045201499203773,0.039847239120355316,0.07060477587168242
62.35,0.07726782755681671,0.01795505962825106,0.05931276792856566
62.400000000000006,0.03419791802402356,-0.00323580616848578,0.03743372419250934
62.45,-0.003610323016534806,-0.02540398287505712,0.021793659858522312
62.5,-0.0327276370959218,-0.04805865600926923,0.015331018913347427
62.550000000000004,-0.060596703982566724,-0.06753531323715262,0.006938609254585892
62.6,-0.09426650823057044,-0.08260963222109058,-0.011656876009479858
62.650000000000006,-0.13103683844615568,-0.09923783515225108,-0.0317990032939046
62.7,-0.16070690058463868,-0.1264122897526606,-0.03429461083197807
62.75,-0.17606827950057716,-0.16488760760604435,-0.011180671894532812
62.800000000000004,-0.179044209727517,-0.2000452872018868,0.0210010774743698
62.85,-0.17481727967817398,-0.20814333427026863,0.033326054592094645
62.900000000000006,-0.16036773792883455,-0.17246428018630028,0.012096542257465731
62.95,-0.12156233184630234,-0.09534796086966615,-0.02621437097663619
63.0,-0.044981147551258385,0.004699947097128204,-0.04968109464838659
63.050000000000004,0.06541166401487201,0.10728193710733559,-0.04187027309246358
63.1,0.18374001634373727,0.20137331001958916,-0.017633293675851897
63.150000000000006,0.2763572821928568,0.28328930001728236,-0.00693201782442554
63.2,0.3229786306000315,0.3459406429650429,-0.022962012365011386
63.25,0.32584419490530236,0.3737479825084449,-0.04790378760314251
63.300000000000004,0.2996366383782434,0.351464053687381,-0.05182741530913759
63.35,0.25395820887654574,0.2792555504285099,-0.02529734155196417
63.400000000000006,0.18700110009529353,0.177842193008764,0.009158907086529527
63.45,0.09638318764517788,0.076276892645832,0.02010629499934588
63.5,-0.005887088104016524,-0.0072771944955711074,0.0013901063915545834
63.550000000000004,-0.09257836976835745,-0.07332045151309075,-0.01925791825526671
63.6,-0.1382761126747583,-0.12987658975038202,-0.00839952292437629
63.650000000000006,-0.13865231533105102,-0.17456059053167614,0.03590827520062512
63.7,-0.11259488300887495,-0.18985183117542,0.07725694816654506
63.75,-0.08432643871190634,-0.15862920098896638,0.07430276227706004
63.800000000000004,-0.06275698282840912,-0.08560453291975555,0.022847550091346425
63.85,-0.038199890643846476,-0.002320992430609727,-0.03587889821323675
63.900000000000006,0.0010845024359981967,0.052026939512458695,-0.0509424370764605
63.95,0.05029860439104212,0.058264772675371244,-0.007966168284329125
64.0,0.08725167106082066,0.02874860176745663,0.058503069293364025
64.05,0.09069889436926767,-0.007066680088547612,0.09776557445781528
64.10000000000001,0.059584910449701274,-0.028497006655810325,0.0880819171055116
64.15,0.013995073286293123,-0.03670068797450287,0.050695761260795995
64.2,-0.02276745209969476,-0.044890209137839934,0.022122757038145174
64.25,-0.042848793620195204,-0.05892738514739608,0.016078591527200876
64.3,-0.05543507448598709,-0.07013545463926689,0.014700380153279798
64.35000000000001,-0.07176639829329517,-0.06754679274572735,-0.004219605547567826
64.4,-0.090769896270719,-0.054639327967580247,-0.03613056830313876
64.45,-0.10031515019313453,-0.04962798484911629,-0.05068716534401824
64.5,-0.09122736186556203,-0.06567454988099714,-0.025552811984564897
64.55,-0.06742359331185174,-0.09048724131452347,0.02306364800267173
64.60000000000001,-0.04067434617856811,-0.08903930150672021,0.0483649553281521
64.65,-0.016443938130668734,-0.032161991331337146,0.01571805320066841
64.7,0.01217015367150628,0.07292855846888119,-0.060758404797374904
64.75,0.05430096360829353,0.1796970272184119,-0.12539606361011837
64.8,0.1057519429111217,0.23353642804198088,-0.1277844851308592
64.85000000000001,0.14647300667647653,0.21263387038628714,-0.06616086370981061
64.9,0.15646646079699034,0.14372877965379655,0.01273768114319379
64.95,0.13492097811364234,0.07906229549139586,0.05585868262224648
65.0,0.10181160404177753,0.05426160409648548,0.04754999994529205
65.05,0.07818912342659688,0.06261279098718132,0.015576332439415558
65.10000000000001,0.06417300483263962,0.06566933929172855,-0.0014963344590889355
65.15,0.037970863795332356,0.028451577137638004,0.009519286657694352
65.2,-0.02099213185525754,-0.05177318629023474,0.0307810544349772
65.25,-0.1068128586371893,-0.14538419840307465,0.03857133976588535
65.3,-0.18559584784858046,-0.21485691185858488,0.029261064010004417
65.35000000000001,-0.221092364097867,-0.24041217053804675,0.01931980644017975
65.4,-0.20396773922047237,-0.22690348626812348,0.02293574704765111
65.45,-0.1570461871053106,-0.19151653345227673,0.034470346346966135
65.5,-0.1122391066455478,-0.14776166702340207,0.03552256037785427
65.55,-0.08248643092412683,-0.10021354522858783,0.017727114304461
65.60000000000001,-0.05613450216593889,-0.05078386169679283,-0.005350640469146059
65.65,-0.01769227091690176,-0.006124218238465496,-0.011568052678436263
65.7,0.02817881813406466,0.022917256855660317,0.005261561278404343
65.75,0.05566414654813258,0.02874847220614448,0.026915674341988098
65.8,0.04199263544466457,0.013075278348823998,0.02891735709584057
65.85000000000001,-0.007489282152645834,-0.014407334922589337,0.006918052769943503
65.9,-0.05957956393565125,-0.04257562207133427,-0.01700394186431698
65.95,-0.08020362558567679,-0.06402764569228168,-0.0161759798933951
66.0,-0.06294053420118881,-0.0752115956146249,0.01227106141343609
66.05,-0.03222304194795931,-0.07408663873881283,0.04186359679085352
66.10000000000001,-0.018966027047934344,-0.05991652109773281,0.04095049404979846
66.15,-0.03257856886959456,-0.035899900616204745,0.003321331746610187
66.2,-0.055446628448187985,-0.010626459215825687,-0.044820169232362296
66.25,-0.06297921123641258,0.0053404806899231385,-0.06831969192633572
66.3,-0.047835967663408425,0.006223152971552762,-0.05405912063496119
66.35000000000001,-0.024845701996295454,-0.004694949735218796,-0.020150752261076658
66.4,-0.013852665994686295,-0.017449229324466776,0.0035965633297804812
66.45,-0.01930459972749892,-0.022432372857017456,0.003127773129518535
66.5,-0.02664670603044546,-0.015784821351201666,-0.010861884679243795
66.55,-0.017144749726607653,0.0011373130757196103,-0.018282062802327262
66.60000000000001,0.015221751737095359,0.02630936055337065,-0.01108760881627529
66.65,0.06084271546305373,0.059844418574781,0.0009982968882727358
66.7,0.10534480054987426,0.10169203557704344,0.0036527649728308187
66.75,0.14033702121589547,0.14678142604343533,-0.006444404827539857
66.8,0.16300760230353542,0.1832898158791627,-0.02028221357562729
66.85000000000001,0.16821247713841106,0.19682872446487557,-0.028616247326464506
66.9,0.14586638151461714,0.17758948160845467,-0.031723100093837525
66.95,0.0897975329748484,0.12489864851302787,-0.035101115538179475
67.0,0.009539906594516104,0.046663117916739154,-0.03712321132222305
67.05,-0.06921034845180556,-0.043772665969483995,-0.02543768248232156
67.10000000000001,-0.11928389092153768,-0.1294137106785369,0.010129819756999225
67.15,-0.12968715918670193,-0.18975491521256696,0.06006775602586503
67.2,-0.10980653419777772,-0.20326762653594,0.09346109233816227
67.25,-0.07654584404102413,-0.15553026438219036,0.07898442034116623
67.3,-0.03772316971291196,-0.050159818119202775,0.012436648406290815
67.35000000000001,0.011469980864780674,0.0860259758641941,-0.07455599499941343
67.4,0.07599776845739215,0.21083193559424773,-0.1348341671368556
67.45,0.1465415611766132,0.2857503863371948,-0.13920882516058158
67.5,0.19963577794744305,0.2949581553283697,-0.09532237738092667
67.55,0.21413155971611053,0.25135722965988666,-0.03722566994377613
67.60000000000001,0.18868855536820875,0.18545223909097983,0.0032363162772289233
67.65,0.14312089289217925,0.1252567533865818,0.017864139505597454
67.7,0.1017806944230061,0.08156302011168311,0.020217674311322986
67.75,0.07441389926520502,0.047911353246407995,0.02650254601879702
67.8,0.05197552207216921,0.012769573854928966,0.039205948217240244
67.85000000000001,0.020024349308143032,-0.027506906680428305,0.04753125598857134
67.9,-0.02446792807838753,-0.06551819044484357,0.041050262366456036
67.95,-0.06937453285967966,-0.09083455254143981,0.021460019681760145
68.0,-0.09947746971692821,-0.10103867417121801,0.0015612044542897968
68.05,-0.11142108020383783,-0.10557881318709096,-0.005842267016746866
68.10000000000001,-0.11638912477102167,-0.1187557618062899,0.0023666370352682237
68.15,-0.12800602032260305,-0.1474624120656653,0.01945639174306224
68.2,-0.14753989699414327,-0.18367368965517591,0.03613379266103264
68.25,-0.16085335032981887,-0.20790167864912226,0.04704832831930339
68.3,-0.150084178991302,-0.20130502337225278,0.051220844380950786
68.35000000000001,-0.1093057496402314,-0.15776219280902615,0.048456443168794744
68.4,-0.05028040181304775,-0.08769882756292155,0.0374184257498738
68.45,0.006052885686905556,-0.011870946232877487,0.017923831919783043
68.5,0.04416329902422092,0.049698271798541284,-0.005534972774320364
68.55,0.06219254074760014,0.08606621937642171,-0.023873678628821574
68.60000000000001,0.06836015479617205,0.09678660463982991,-0.02842644984365786
68.65,0.07060099227292162,0.08781679566401183,-0.017215803391090218
68.7,0.0693870434230506,0.06661048661521862,0.0027765568078319813
68.75,0.05949406068056958,0.03995760311031057,0.019536457570259014
68.8,0.03798702596951492,0.014477608869240604,0.023509417100274314
68.85000000000001,0.010478220611743036,-0.0028572923787015935,0.01333551299044463
68.9,-0.010401094876899638,-0.0061654939476315845,-0.004235600929268053
68.95,-0.013591413171363009,0.006567964738386281,-0.02015937790974929
69.0,0.0015007297852811686,0.03179309343682134,-0.03029236365154017
69.05,0.023257031313135706,0.06143600524722162,-0.03817897393408591
69.10000000000001,0.035518286498853434,0.08604688488480615,-0.050528598385952715
69.15,0.029564186489668694,0.09797105623561224,-0.06840686974594354
69.2,0.011256728813262796,0.09311153347869024,-0.08185480466542744
69.25,-0.002886229467016804,0.07154752455459046,-0.07443375402160726
69.3,0.0015239493543556747,0.037946921396523677,-0.036422972042168
69.35000000000001,0.024972018481892583,0.0016465395740075809,0.023325478907885003
69.4,0.053228478157019324,-0.02504760940891916,0.07827608756593848
69.45,0.06878849794824947,-0.031322063736924886,0.10011056168517435
69.5,0.0651052155568861,-0.013616152614391893,0.07872136817127799
69.55,0.05101349245567109,0.02098773435693602,0.030025758098735072
69.60000000000001,0.041001650540831346,0.05682870924646597,-0.015827058705634625
69.65,0.04001967291754764,0.07674957470622779,-0.036729901788680144
69.7,0.037292503116261755,0.07006197087873636,-0.03276946776247461
69.75,0.015921887930881014,0.03662953353950814,-0.020707645608627125
69.8,-0.029734208135416593,-0.014645672232372887,-0.015088535903043706
69.85000000000001,-0.08498789108884701,-0.07062085378630903,-0.01436703730253798
69.9,-0.12325338881025415,-0.11817741429675208,-0.005075974513502071
69.95,-0.12524857393244399,-0.14613482117437154,0.020886247241927558
70.0,-0.09225471867846974,-0.1461048400907671,0.053850121412297364
70.05,-0.042398406312303454,-0.11449632291928788,0.07209791660698442
70.10000000000001,0.005169386719045337,-0.05572242511773908,0.06089181183678442
70.15,0.042670582869183925,0.016170634899966486,0.02649994796921744
70.2,0.0720202095746567,0.08049610099223772,-0.008475891417581025
70.25,0.09349767729555744,0.11750222447613945,-0.02400454718058201
70.3,0.0989141459771275,0.1166484030531468,-0.017734257076019305
70.35000000000001,0.07783841235023797,0.08060058099164893,-0.0027621686414109614
70.4,0.030561615976959874,0.022719207888742578,0.007842408088217297
70.45,-0.02685787712243381,-0.03987151554891854,0.01301363842648473
70.5,-0.07271939287749285,-0.09316175180186285,0.020442358924370005
70.55,-0.09637705794698215,-0.12969695242963517,0.03331989448265302
70.60000000000001,-0.10519722018481956,-0.14823888272662203,0.04304166254180247
70.65,-0.11450227727720592,-0.15152450143333315,0.03702222415612723
70.7,-0.1303085378762236,-0.14402053733769685,0.013711999461473251
70.75,-0.14229583250749192,-0.13030642335619871,-0.011989409151293207
70.8,-0.13436536974117574,-0.11391532234344914,-0.0204500473977266
70.85000000000001,-0.1022322142528276,-0.09671523512355443,-0.005516979129273167
70.9,-0.06002624544862281,-0.07929103014525227,0.019264784696629456
70.95,-0.02876357678471431,-0.06228099145056575,0.03351741466585144
71.0,-0.017949658333419438,-0.04755461784976286,0.02960495951634342
71.05,-0.01870150602016759,-0.03786221527550622,0.01916070925533863
71.10000000000001,-0.015152780189998424,-0.034863209325182644,0.01971042913518422
71.15,-0.0022415303190365084,-0.03721260403003972,0.034971073711003206
71.2,0.008623562515114638,-0.04074230450933011,0.04936586702444475
71.25,0.002137900932197877,-0.041007292047749465,0.043145192979947344
71.3,-0.02283596023621063,-0.03609324549093334,0.013257285254722709
71.35000000000001,-0.04853314598266949,-0.0270296239808495,-0.021503522001819986
71.4,-0.05257184942894687,-0.015272603765676213,-0.037299245663270655
71.45,-0.02779450542871391,0.00031353070016675266,-0.028108036128880663
71.5,0.011615383514159486,0.02366846825365059,-0.012053084739491106
71.55,0.04357548560608936,0.05799355633130047,-0.014418070725211105
71.60000000000001,0.05775773944230383,0.10115285695700929,-0.04339511751470546
71.65,0.06239362534070838,0.14423931134056345,-0.08184568599985506
71.7,0.07242112292285366,0.1752661905645641,-0.10284506764171045
71.75,0.09178933992755349,0.1856767632896567,-0.09388742336210322
71.8,0.10805327920530804,0.17482610770420584,-0.0667728284988978
71.85000000000001,0.10446245045762761,0.14910111726673259,-0.04463866680910497
71.9,0.07702411129236185,0.11668362863298465,-0.0396595173406228
71.95,0.03937091067006334,0.08241816303313353,-0.043047252363070186
72.0,0.010911437853039132,0.0469001673589479,-0.03598872950590877
72.05,0.00044787574694278207,0.010135272214670973,-0.00968739646772819
72.10000000000001,0.001349516743241884,-0.023817273917624972,0.025166790660866856
72.15,0.0020552450675517422,-0.04566414895258796,0.0477193940201397
72.2,0.00012952155101155397,-0.04482521736721746,0.044954738918229015
72.25,0.005065460710074617,-0.016121089174296162,0.02118654988437078
72.3,0.027094662342072667,0.035347303785673835,-0.008252641443601168
72.35000000000001,0.06373786830536698,0.0945200031660429,-0.030782134860675922
72.4,0.09808341013614863,0.14195961783778868,-0.04387620770164005
72.45,0.11097811934036624,0.1617007260951567,-0.05072260675479047
72.5,0.09570616756749491,0.1474235999869903,-0.051717432419495404
72.55,0.06178849703082845,0.10428874684259658,-0.04250024981176813
72.60000000000001,0.02551232300078541,0.046110001465367124,-0.020597678464581715
72.65,-0.0028161678445237665,-0.010421869039218845,0.007605701194695079
72.7,-0.023196729351948928,-0.051807447013106044,0.028610717661157116
72.75,-0.03977299526913604,-0.07169396929357512,0.03192097402443908
72.8,-0.05253825633499773,-0.0714744678015075,0.01893621146650977
72.85000000000001,-0.05609222315059679,-0.05785221539232451,0.001759992241727723
72.9,-0.046046953783890544,-0.03899285443750047,-0.0070540993463900775
72.95,-0.025361022017877027,-0.021284821022618,-0.0040762009952590265
73.0,-0.0033961744121061813,-0.008006883130270192,0.004610708718164011
73.05,0.011396832971028139,0.00016211010526577565,0.011234722865762364
73.10000000000001,0.01758955174979946,0.003919952901888539,0.013669598847910922
73.15,0.01980244826591751,0.0045783930555096265,0.015224055210407884
73.2,0.02250758655312111,0.004057777899042207,0.018449808654078904
73.25,0.025697678654047023,0.00497874199208664,0.020718936661960383
73.3,0.02679211309249634,0.010023319559585285,0.016768793532911053
73.35000000000001,0.025813461364572732,0.020496943780863253,0.00531651758370948
73.4,0.02712212493595344,0.0349962547223508,-0.007874129786397361
73.45,0.03496232933926402,0.049351738576300354,-0.014389409237036334
73.5,0.0473898792330111,0.058254456898217365,-0.010864577665206265
73.55,0.055723900303452825,0.0577654304861572,-0.002041530182704372
73.60000000000001,0.051370289485026664,0.04721153747710705,0.004158752007919611
73.65,0.03399654548196976,0.02934186287108985,0.004654682610879909
73.7,0.012867485478654022,0.00875599968440377,0.004111485794250252
73.75,-0.0006893321230700227,-0.010337448741377117,0.009648116618307095
73.8,-0.0031049795198527853,-0.025732511290695332,0.022627531770842545
73.85000000000001,-0.0015729818266771018,-0.03752449089648022,0.035951509069803114
73.9,-0.00735349723939517,-0.04732727679581109,0.03997377955641592
73.95,-0.025540441118806784,-0.057180075134044175,0.031639634015237394
74.0,-0.05065924927069828,-0.06879096784203713,0.01813171857133885
74.05,-0.07185908031094099,-0.08322060550594755,0.011361525195006564
74.10000000000001,-0.08251490814253189,-0.10066106997674802,0.018146161834216135
74.15,-0.08522835106029635,-0.11999585338979361,0.03476750232949727
74.2,-0.08788294632996024,-0.13830816179727093,0.050425215467310686
74.25,-0.09489939012502896,-0.15100428049360462,0.05610489036857566
74.3,-0.10215624647048378,-0.1531944615979473,0.051038215127463524
74.35000000000001,-0.10041848672738925,-0.1422036406092025,0.04178515388181324
74.4,-0.08419827854267944,-0.11996390649208014,0.03576562794940069
74.45,-0.05806341134581321,-0.09346026721365953,0.03539685586784633
74.5,-0.0346943532415322,-0.07212915627635422,0.037434803034822016
74.55,-0.026092824750619015,-0.06303574017122204,0.03694291542060303
74.60000000000001,-0.034939125329241434,-0.06656080320766768,0.03162167787842624
74.65,-0.05267400345589792,-0.07560472485454846,0.022930721398650537
74.7,-0.06532893204328247,-0.07930952594038365,0.013980593897101184
74.75,-0.0623586174395499,-0.0691656737482316,0.006807056308681697
74.8,-0.04219436629646812,-0.043484971287266944,0.0012906049907988257
74.85000000000001,-0.011479061485056067,-0.0073123809548449785,-0.0041666805302110884
74.9,0.020202613157401034,0.03167818734074671,-0.011475574183345678
74.95,0.045645231423309646,0.06766576848103076,-0.022020537057721112
75.0,0.06200249484049082,0.09790493488002851,-0.035902440039537686
75.05,0.06928406041318406,0.1203107446806304,-0.05102668426744633
75.10000000000001,0.0678422793137189,0.1306976556805194,-0.06285537636680048
75.15,0.05747129044996497,0.12354115796059323,-0.06606986751062827
75.2,0.0387451971917088,0.096738267333768,-0.057993070142059205
75.25,0.014969264815815073,0.05639065020633071,-0.04142138539051564
75.3,-0.007539167328306296,0.016445596015181706,-0.023984763343488
75.35000000000001,-0.021742743594150758,-0.008198783351405071,-0.013543960242745687
75.4,-0.02343064383006945,-0.010694603435308616,-0.012736040394760836
75.45,-0.013483124201222335,0.003694693794169511,-0.017177817995391847
75.5,0.002867974575269447,0.02208942226475044,-0.019221447689480996
75.55,0.019274391720307184,0.03370771384858163,-0.014433322128274445
75.60000000000001,0.0316405889086569,0.036988775451028036,-0.005348186542371139
75.65,0.03930339428594535,0.03847849795153589,0.000824896334409457
75.7,0.04358400524532892,0.04495876997636428,-0.0013747647310353578
75.75,0.04540311462189308,0.05613836052638321,-0.010735245904490133
75.8,0.0442123163837048,0.06450854934281985,-0.020296232959115056
75.85000000000001,0.03905394700208196,0.06231795366182894,-0.023264006659746983
75.9,0.030458891219135063,0.049088784982809684,-0.01862989376367462
75.95,0.021064750947399635,0.032650304442501596,-0.011585553495101961
76.0,0.014061987656283617,0.022669123180752006,-0.008607135524468389
76.05,0.010729190227186354,0.022527471006537732,-0.011798280779351378
76.10000000000001,0.009368166300072183,0.02681706234295254,-0.017448896042880357
76.15,0.006825029165944558,0.026491409973180457,-0.0196663808072359
76.2,0.00142324285717175,0.016817514746576043,-0.015394271889404293
76.25,-0.00529974285036611,0.0010489525320743168,-0.006348695382440426
76.3,-0.009750833321416838,-0.012988565667394108,0.0032377323459772695
76.35000000000001,-0.009475081800380121,-0.019709644123657315,0.010234562323277194
76.4,-0.005596478017088351,-0.019648908328533797,0.014052430311445447
76.45,-0.0022386025535972576,-0.017429316890967588,0.01519071433737033
76.5,-0.0032730839149130767,-0.016591682626341947,0.01331859871142887
76.55,-0.009140829512219846,-0.016621839509618132,0.007481009997398286
76.60000000000001,-0.016466991793172885,-0.014734355004650514,-0.0017326367885223716
76.65,-0.02071471281527781,-0.009961426061439306,-0.010753286753838505
76.7,-0.019446362652343785,-0.004895471551534532,-0.014550891100809253
76.75,-0.013365762036703217,-0.003035097159660984,-0.010330664877042232
76.80000000000001,-0.004553550899325593,-0.004294943535988333,-0.0002586073633372597
76.85000000000001,0.005991522839977917,-0.003277009760351144,0.00926853260032906
76.9,0.018870168500262012,0.0075037247769585355,0.011366443723303477
76.95,0.03438504471428935,0.03167383483245809,0.00271120988183126
77.0,0.05039970831405103,0.06493806286717328,-0.014538354553122253
77.05000000000001,0.06250562672581716,0.09597339628445929,-0.03346776955864213
77.10000000000001,0.06669381878510626,0.11168531587554169,-0.04499149709043543
77.15,0.062049630925822906,0.10359067140765854,-0.041541040481835635
77.2,0.05086604884642684,0.07203511078827203,-0.021169061941845188
77.25,0.03626159928706897,0.026571684628589654,0.009689914658479317
77.30000000000001,0.020056990248170502,-0.017533360263467898,0.0375903505116384
77.35000000000001,0.003275195865228394,-0.045561088737217856,0.04883628460244625
77.4,-0.01163607756575776,-0.050123418934940746,0.038487341369182984
77.45,-0.020326448912826842,-0.03518061322735028,0.014854164314523435
77.5,-0.019843033832924357,-0.014377881409305822,-0.005465152423618535
77.55000000000001,-0.013193524376042327,-0.003636016133014595,-0.009557508243027733
77.60000000000001,-0.00979933489680133,-0.01200330249096713,0.002203967594165801
77.65,-0.019220592140562452,-0.03673634187393863,0.017515749733376176
77.7,-0.04224227950345172,-0.06601104592021294,0.02376876641676122
77.75,-0.06754191150060973,-0.0870014115033399,0.019459500002730168
77.80000000000001,-0.07858333119467407,-0.09299803066285242,0.014414699468178346
77.85000000000001,-0.06624407241640323,-0.08454921358726619,0.01830514117086296
77.9,-0.036419431618104674,-0.06526501466453592,0.02884558304643125
77.95,-0.005296343649608802,-0.03764929780949539,0.03235295415988659
78.0,0.013994680461086567,-0.0035387032537217934,0.01753338371480836
78.05000000000001,0.021209691088537045,0.03180631332242107,-0.010596622233884027
78.10000000000001,0.026011356817394107,0.057568491121972175,-0.03155713430457807
78.15,0.03517016779081531,0.061581080118731805,-0.026410912327916494
78.2,0.04304905813590493,0.03894101208211414,0.004108046053790788
78.25,0.03594982776828387,-0.0021813417738839515,0.038131169542167824
78.30000000000001,0.007237938642069349,-0.04345390662715915,0.0506918452692285
78.35000000000001,-0.03161826725668091,-0.0667903439517139,0.03517207669503299
78.4,-0.05659762264263305,-0.06455953718588957,0.007961914543256517
78.45,-0.050340372219767233,-0.04218329891806336,-0.008157073301703871
78.5,-0.018032956290145445,-0.012386926514854905,-0.00564602977529054
78.55000000000001,0.015497936612269591,0.012973397788744984,0.0025245388235246077
78.60000000000001,0.02611622304750562,0.027044045069211632,-0.0009278220217060137
78.65,0.01018191546831351,0.026977172903859845,-0.016795257435546336
78.7,-0.014249842774665317,0.011944704302352277,-0.026194547077017592
78.75,-0.025756219810823384,-0.01604854125761123,-0.009707678553212154
78.80000000000001,-0.01992699896733213,-0.04981889899009823,0.029891900022766104
78.85000000000001,-0.012463545985898362,-0.07795162326294534,0.06548807727704697
78.9,-0.02238108837768796,-0.09122130645975966,0.0688402180820717
78.95,-0.05193842927911648,-0.09003969113360015,0.03810126185448367
79.0,-0.08297391597153088,-0.08519383453414411,0.002219918562613235
79.05000000000001,-0.0932062348127074,-0.08890423992264584,-0.004301994890061556
79.10000000000001,-0.07656631539999369,-0.10256939944767454,0.026003084047680855
79.15,-0.04787236211533575,-0.11238908068101541,0.06451671856567967
79.2,-0.027706869187291636,-0.0985638021021891,0.07085693291489746
79.25,-0.022724110693756093,-0.051840864983207315,0.02911675428945122
79.30000000000001,-0.020692514702292098,0.016423251085465364,-0.037115765787757465
79.35000000000001,-0.004577260842303705,0.08012249742108847,-0.08469975826339217
79.4,0.02893757696883943,0.11634153592621971,-0.08740395895738028
79.45,0.06507991980535452,0.12096596220081565,-0.05588604239546113
79.5,0.08477416853223634,0.10929259603570364,-0.024518427503467305
79.55000000000001,0.08234518074900112,0.10167307570971067,-0.019327894960709552
79.60000000000001,0.06936248252117391,0.10669021637217369,-0.03732773385099977
79.65,0.06127303817207121,0.11574293364970033,-0.054469895477629114
79.7,0.06101355472093742,0.11246226956216415,-0.051448714841226734
79.75,0.056652847708283736,0.08778640965985178,-0.031133561951568044
79.80000000000001,0.03553683304587893,0.04775656737849429,-0.012219734332615362
79.85000000000001,0.00030522374835792405,0.008581030642661464,-0.00827580689430354
79.9,-0.030105700587594073,-0.015359487492145527,-0.014746213095448546
79.95,-0.03645069246312094,-0.020095455084050796,-0.01635523737907014
80.0,-0.017006408684173455,-0.01150758616717015,-0.005498822517003305
