x,yobs,ycalc,ydiff
0.05,1.179656790183192e-12,-0.04167908449239139,0.04167908449357104
0.1,-1.8659604089361223e-10,-0.05812888849458562,0.058128888307989575
0.15000000000000002,-1.1447103210700888e-08,-0.05116539284960834,0.05116538140250513
0.2,-1.3924244250775857e-07,-0.04778860969873655,0.047788470456294044
0.25,-3.177897859493015e-07,-0.07135621295202077,0.07135589516223483
0.30000000000000004,4.044838253418031e-06,-0.11640373646860785,0.11640778130686127
0.35000000000000003,3.673778205342797e-05,-0.15413847340553344,0.15417521118758687
0.4,0.0001497158281271531,-0.16314913578196136,0.1632988516100885
0.45,0.00034925417172669874,-0.15274448728094686,0.15309374145267357
0.5,0.0003483899172244496,-0.15360092803300016,0.1539493179502246
0.55,-0.0007299759204060222,-0.1849900893180335,0.1842601133976275
0.6000000000000001,-0.004133058103637366,-0.23338482461366059,0.2292517665100232
0.65,-0.01003117223130644,-0.26605642172314115,0.2560252494918347
0.7000000000000001,-0.015078908667729195,-0.26620848469809455,0.25112957603036534
0.75,-0.011196871653284226,-0.25222136173772397,0.24102449008443974
0.8,0.011052998830015322,-0.2591452146274813,0.2701982134574966
0.8500000000000001,0.0534323364728801,-0.30071425668570273,0.3541465931585828
0.9,0.10032973734963037,-0.35262083682747575,0.4529505741771061
0.9500000000000001,0.11867150870682902,-0.3770779863367516,0.4957494950435806
1.0,0.07501076213132149,-0.3645000639894377,0.4395108261207592
1.05,-0.03586381154668749,-0.3470408106407742,0.3111769990940867
1.1,-0.17201760745811528,-0.3658686159150644,0.19385100845694914
1.1500000000000001,-0.25850412413020696,-0.42416379806464183,0.16565967393443487
1.2000000000000002,-0.2370730079562185,-0.4780355019441432,0.2409624939879247
1.25,-0.12061990851125892,-0.4818340957843349,0.36121418727307597
1.3,-0.0039435568023731375,-0.44448905943755757,0.44054550263518444
1.35,-0.004599782190505717,-0.43189879250144747,0.42729901031094175
1.4000000000000001,-0.16313248232401106,-0.4972559283686927,0.33412344604468164
1.4500000000000002,-0.3791230849616814,-0.5982242586749292,0.21910117371324783
1.5,-0.4511812299590703,-0.590695162900024,0.1395139329409537
1.55,-0.21648670343230325,-0.33222868786541937,0.11574198443311612
1.6,0.3025432491153867,0.17500449533856216,0.12753875377682455
1.6500000000000001,0.8654472664555362,0.7282922417050794,0.1371550247504567
1.7000000000000002,1.1465335947073805,1.0290529820278045,0.11748061267957599
1.75,0.958684216635728,0.8918104719035244,0.06687374473220364
1.8,0.4076966338898795,0.40150496921507955,0.006191664674799924
1.85,-0.15049707947876526,-0.11477349374383575,-0.03572358573492951
1.9000000000000001,-0.3380745542777328,-0.29909410163850814,-0.03898045263922467
1.9500000000000002,-0.014020637301207766,-0.009827749788337286,-0.00419288751287048
2.0,0.624155007274255,0.5770304890811474,0.04712451819310759
2.0500000000000003,1.1724161673985651,1.0873052884875358,0.08511087891102931
2.1,1.2907676499592389,1.1994965886918116,0.09127106126742723
2.15,0.9172655261941445,0.844852315591273,0.07241321060287143
2.2,0.2791096103277689,0.22209997388967265,0.05700963643809623
2.25,-0.2895685015575223,-0.3637458491837587,0.0741773476262364
2.3000000000000003,-0.5748862191183464,-0.7049819694798568,0.13009575036151044
2.35,-0.5904554529708859,-0.7911712445098469,0.20071579153896102
2.4000000000000004,-0.5079752432994165,-0.7556889722288397,0.24771372892942323
2.45,-0.4922974120236928,-0.7381751857514388,0.245877773727746
2.5,-0.5802690099696234,-0.7808844042802031,0.20061539431057973
2.5500000000000003,-0.6860734192049394,-0.8284823951820461,0.14240897597710678
2.6,-0.7039653323029672,-0.8076093449545424,0.10364401265157519
2.6500000000000004,-0.6079942009371834,-0.7043292537739939,0.09633505283681054
2.7,-0.4681669190762414,-0.5748674802664169,0.10670056119017546
2.75,-0.3838816813054967,-0.49204100132820616,0.10815932002270945
2.8000000000000003,-0.40315451999476887,-0.4841913871845693,0.08103686718980041
2.85,-0.4968631480944047,-0.5217123825233424,0.024849234428937717
2.9000000000000004,-0.6002559681721594,-0.5570597936992109,-0.043196174472948545
2.95,-0.6750771635410995,-0.5751807494194254,-0.09989641412167405
3.0,-0.7347637629221921,-0.605486801105205,-0.1292769618169871
3.0500000000000003,-0.8155689449507494,-0.685840830371183,-0.12972811457956634
3.1,-0.9275234544103518,-0.815620236759724,-0.11190321765062783
3.1500000000000004,-1.03505244387389,-0.9456930615777787,-0.08935938229611129
3.2,-1.0860123303910878,-1.0179327286025592,-0.06807960178852857
3.25,-1.0598409590765612,-1.017550803585681,-0.04229015549088011
3.3000000000000003,-0.9847063981281952,-0.9843391952897058,-0.00036720283848934443
3.35,-0.9003203651588565,-0.9633365309965329,0.06301616583767644
3.4000000000000004,-0.7959036723698686,-0.9344155317624808,0.13851185939261224
3.45,-0.5850418731000918,-0.7907920601946323,0.20575018709454052
3.5,-0.1578814545160652,-0.40515265989115085,0.24727120537508565
3.5500000000000003,0.5129510762159099,0.25203417093165176,0.2609169052842581
3.6,1.2928306235811196,1.0338871738856956,0.25894344969542393
3.6500000000000004,1.9096315789404081,1.6557061998073572,0.2539253791330509
3.7,2.0901722390574755,1.8454695136712291,0.24470272538624638
3.75,1.7279138264313927,1.5110799037164708,0.21683392271492186
3.8000000000000003,0.9646359172092326,0.8060518193484077,0.15858409786082484
3.85,0.12040775765487989,0.04285481694604804,0.07755294070883184
3.9000000000000004,-0.4871200888472233,-0.48777941570752,0.0006593268602966829
3.95,-0.7122196103166193,-0.6672962354796182,-0.04492337483700104
4.0,-0.6271447674782988,-0.5734931552396826,-0.05365161223861625
4.05,-0.4262422765620429,-0.38024155938907533,-0.046000717172967553
4.1000000000000005,-0.272935575989889,-0.22250818265340294,-0.05042739333648605
4.15,-0.20588862487062248,-0.1271764517003275,-0.078712173170295
4.2,-0.15994862580614003,-0.04322509309503368,-0.11672353271110635
4.25,-0.06079386227230778,0.0774595858949807,-0.13825344816728846
4.3,0.09838482824550791,0.22674658063318828,-0.12836175238768038
4.3500000000000005,0.2579530278229304,0.3528142653861252,-0.09486123756319481
4.4,0.3534403991956879,0.4124536280617962,-0.05901322886610827
4.45,0.37080962534697987,0.4071185211090595,-0.03630889576207963
4.5,0.3462153998097586,0.3722856224392605,-0.026070222629501927
4.55,0.32079013050957567,0.33873269475077805,-0.017942564241202386
4.6000000000000005,0.30170426751810975,0.3078006015565249,-0.006096334038415141
4.65,0.26640693502691276,0.26202989638599505,0.0043770386409177076
4.7,0.19831159585546312,0.19380050204431573,0.004511093811147393
4.75,0.11138130165029324,0.11844915521226836,-0.007067853561975118
4.800000000000001,0.037467000439398095,0.058733773458382425,-0.02126677301898433
4.8500000000000005,-0.0071462909180593625,0.020075306238847648,-0.02722159715690701
4.9,-0.03727904087609988,-0.014379937180352994,-0.022899103695746888
4.95,-0.07854414397584843,-0.06233277584529017,-0.016211368130558255
5.0,-0.1333264105617175,-0.11756146056368275,-0.015764949998034766
5.050000000000001,-0.17100718601198583,-0.1495382611021586,-0.02146892490982724
5.1000000000000005,-0.15490688478417705,-0.12980023063749982,-0.025106654146677232
5.15,-0.07882816571717997,-0.058696628537888304,-0.02013153717929167
5.2,0.02533496657362577,0.035497124418417306,-0.010162157844791537
5.25,0.11804194735022162,0.1251978331061357,-0.007155885755914068
5.300000000000001,0.18987490441048016,0.21091574509493702,-0.021040840684456857
5.3500000000000005,0.2673498132346587,0.318461433894201,-0.051111620659542334
5.4,0.37969604182612143,0.466839309940447,-0.08714326811432554
5.45,0.5196810979420058,0.6377810013594486,-0.11809990341744281
5.5,0.6384130155157094,0.7777869286855613,-0.13937391316985193
5.550000000000001,0.6804831095248254,0.8328811226604437,-0.1523980131356183
5.6000000000000005,0.6259991452123281,0.7851006343123019,-0.1591014890999738
5.65,0.5002338945121988,0.6585930400403405,-0.15835914552814168
5.7,0.3449688325248789,0.49286283308049805,-0.14789400055561913
5.75,0.18357292595202718,0.31176137961635403,-0.12818845366432685
5.800000000000001,0.015969383977733592,0.11900300459271258,-0.10303362061497899
5.8500000000000005,-0.15331870450894783,-0.07714888871578943,-0.0761698157931584
5.9,-0.28648698657525234,-0.23777732226108844,-0.0487096643141639
5.95,-0.3176489401665041,-0.2966136735503049,-0.0210352666161992
6.0,-0.19342496830496916,-0.19672845843551148,0.003303490130542319
6.050000000000001,0.0842022291692457,0.06641046009886455,0.017791769070381158
6.1000000000000005,0.4485689233930631,0.4293125134408548,0.019256409952208287
6.15,0.7985397974858583,0.7841375813250867,0.014402216160771641
6.2,1.0425975087597965,1.0243042103348814,0.018293298424915116
6.25,1.1267289353476209,1.083158140024424,0.043570795323196965
6.300000000000001,1.0377986142107611,0.9486253291669873,0.08917328504377386
6.3500000000000005,0.7957378289265066,0.6563473031672284,0.13939052575927813
6.4,0.44796012427509846,0.27296350113030227,0.1749966231447962
6.45,0.06351258583196374,-0.12309640621133856,0.1866089920433023
6.5,-0.28403585914116125,-0.4623222327049059,0.17828637356374466
6.550000000000001,-0.5444504424500823,-0.7037403825347318,0.15928994008464947
6.6000000000000005,-0.7107116744217654,-0.8445218388772413,0.1338101644554759
6.65,-0.8113510914064296,-0.9112056105061478,0.09985451909971821
6.7,-0.8782262481598109,-0.9360605118874467,0.05783426372763578
6.75,-0.9172752125698458,-0.9353239009363759,0.018048688366530063
6.800000000000001,-0.9091463323061422,-0.9058560162329127,-0.0032903160732294934
6.8500000000000005,-0.8380684167714707,-0.8405582138843641,0.0024897971128934326
6.9,-0.7183435286807034,-0.7452598249318569,0.02691629625115355
6.95,-0.5889154772608992,-0.6386208203895444,0.04970534312864516
7.0,-0.47871850562424456,-0.5343727674474347,0.05565426182319011
7.050000000000001,-0.37737996047325,-0.4248737085841771,0.0474937481109271
7.1000000000000005,-0.24406985784701343,-0.28617167170739793,0.0421018138603845
7.15,-0.05130533072472627,-0.10472443714347653,0.05341910641875026
7.2,0.17531051002204753,0.09675575513728989,0.07855475488475765
7.25,0.3602585810322967,0.25968650240230234,0.10057207862999434
7.300000000000001,0.42542689932979155,0.32038872138445956,0.10503817794533199
7.3500000000000005,0.3429583292056196,0.24904944222299974,0.09390888698261984
7.4,0.1504216314175498,0.06727149642939044,0.08315013498815936
7.45,-0.08062598901127388,-0.1673324730358637,0.08670648402458983
7.5,-0.2916998627429319,-0.39443251519820893,0.10273265245527702
7.550000000000001,-0.4604096513214794,-0.575711317266908,0.11530166594542868
7.6000000000000005,-0.5875320558216606,-0.6967649014896822,0.1092328456680216
7.65,-0.6708652862856793,-0.7539588348657484,0.08309354858006912
7.7,-0.6966270867024704,-0.7447880282146815,0.048160941512211064
7.75,-0.6558050609226646,-0.6715801242479091,0.015775063325244587
7.800000000000001,-0.5644798248992682,-0.5513647765971614,-0.013115048302106747
7.8500000000000005,-0.46282766031284667,-0.41723843600334903,-0.045589224309497633
7.9,-0.3900454744755038,-0.30520576365435703,-0.08483971082114677
7.95,-0.35737848953617884,-0.2353575578459579,-0.12202093169022094
8.0,-0.3434355159561395,-0.2021835749994569,-0.14125194095668261
8.05,-0.31426595526256174,-0.1807196258972738,-0.13354632936528793
8.1,-0.24813811661258997,-0.14201025851774166,-0.10612785809484832
8.15,-0.1436240570918086,-0.06577467452789319,-0.0778493825639154
8.200000000000001,-0.008699470166073708,0.05604952620515729,-0.064748996371231
8.25,0.15285804171825448,0.2217112635699454,-0.0688532218516909
8.3,0.34188026913650893,0.4214845753361352,-0.07960430619962627
8.35,0.5519851824554871,0.637060504943848,-0.08507532248836092
8.4,0.7606292040250636,0.8423175900875354,-0.08168838606247175
8.450000000000001,0.9348406578439926,1.0090140326407369,-0.07417337479674424
8.5,1.0473205172521904,1.1152899626274242,-0.06796944537523375
8.55,1.0876091929005614,1.1508556298165473,-0.06324643691598597
8.6,1.0587649616021704,1.1154272391074946,-0.056662277505324266
8.65,0.9657290707048494,1.0136137477022475,-0.04788467699739818
8.700000000000001,0.8099870068315569,0.8526091394664423,-0.04262213263488546
8.75,0.5971584116670198,0.6449844387939505,-0.04782602712693074
8.8,0.3484255768327487,0.411954406491848,-0.06352882965909928
8.85,0.10040880439733402,0.1805564168846375,-0.08014761248730348
8.9,-0.1112709722170759,-0.026037143095415046,-0.08523382912166085
8.950000000000001,-0.2721643668052156,-0.19799353320738783,-0.07417083359782778
9.0,-0.39404813660567545,-0.33942577474038327,-0.05462236186529218
9.05,-0.4981384420911976,-0.45850101007486627,-0.03963743201633135
9.1,-0.5895681456397789,-0.5546955219347411,-0.03487262370503774
9.15,-0.6451941528199963,-0.6135797945160083,-0.031614358303987955
9.200000000000001,-0.6262147865035387,-0.6132123096379711,-0.013002476865567547
9.25,-0.5062670741437484,-0.5369287908218741,0.030661716678125672
9.3,-0.2930536851452523,-0.38342302377394144,0.09036933862868912
9.35,-0.027676408352258472,-0.16907162457100178,0.1413952162187433
9.4,0.23559687432950024,0.0756999556290524,0.15989691870044784
9.450000000000001,0.4520277821462623,0.31152558916698164,0.14050219297928068
9.5,0.5958688876471756,0.495211012896381,0.10065787475079463
9.55,0.6550127347527418,0.5872083939203027,0.06780434083243914
9.600000000000001,0.6222912571851186,0.56295579623613,0.05933546094898856
9.65,0.4953753345077284,0.42420497381488664,0.07117036069284177
9.700000000000001,0.2859451000405219,0.2024184907147766,0.08352660932574532
9.75,0.027240310057183026,-0.05096760432398199,0.078207914381165
9.8,-0.23148557022935126,-0.284087856525251,0.05260228629589972
9.850000000000001,-0.44386218977975145,-0.4632339487830822,0.01937175900333077
9.9,-0.5860764759422149,-0.5799237013693042,-0.006152774572910746
9.950000000000001,-0.6623113334713142,-0.6438628816604863,-0.01844845181082788
10.0,-0.691815048994287,-0.6685944450842065,-0.023220603910080517
10.05,-0.6885951320276247,-0.6602956706033537,-0.028299461424270977
10.100000000000001,-0.6507783808858537,-0.6161389964516971,-0.034639384434156595
10.15,-0.567926734888912,-0.530978503719573,-0.036948231169338985
10.200000000000001,-0.43844886847384407,-0.4058898561583366,-0.03255901231550745
10.25,-0.2800708165676298,-0.25227966279301717,-0.02779115377461261
10.3,-0.12260898408600363,-0.08936189519320525,-0.03324708889279837
10.350000000000001,0.011437210573317737,0.06291429227826272,-0.05147708170494498
10.4,0.12154099070178885,0.19145360754965488,-0.06991261684786602
10.450000000000001,0.22619584500679826,0.29458134893979343,-0.06838550393299517
10.5,0.34529890940841806,0.38170012996613095,-0.03640122055771289
10.55,0.4834472620336347,0.46793440701976297,0.01551285501387173
10.600000000000001,0.6273784284312942,0.5653616503469345,0.06201677808435968
10.65,0.7563411825518956,0.674031462367315,0.0823097201845806
10.700000000000001,0.8524839430616652,0.7769730562686543,0.07551088679301088
10.75,0.9012398818845478,0.8428425413862376,0.058397340498310246
10.8,0.8856083370475417,0.8371328738756577,0.048475463171884
10.850000000000001,0.7874625152214554,0.7384958758271358,0.048966639394319555
10.9,0.6021318283691526,0.5527187235174001,0.04941310485175243
10.950000000000001,0.35542003044372095,0.3160485253028847,0.03937150514083626
11.0,0.1034459170404027,0.08369348852955028,0.01975242851085242
11.05,-0.09266690819865679,-0.09265169270190764,-1.5215496749154678e-05
11.100000000000001,-0.2017127165001931,-0.18698825360256907,-0.014724462897624024
11.15,-0.23880883512378798,-0.20832089475873197,-0.030487940365056004
11.200000000000001,-0.24815892326005531,-0.1915459213712285,-0.056613001888826814
11.25,-0.2659152886210772,-0.17590575214521803,-0.09000953647585919
11.3,-0.2949136702153474,-0.18489869239713488,-0.11001497781821254
11.350000000000001,-0.31217520918981895,-0.2195822588346728,-0.09259295035514614
11.4,-0.29956973726796,-0.2666910386866367,-0.03287869858132331
11.450000000000001,-0.26682268466668363,-0.31234604431821406,0.045523359651530426
11.5,-0.24472092908745732,-0.3500078219569286,0.10528689286947127
11.55,-0.25644346091979026,-0.3788368295966198,0.12239336867682954
11.600000000000001,-0.29661483826968127,-0.39819248882453856,0.10157765055485729
11.65,-0.3393171578139094,-0.4064249973139217,0.06710783950001226
11.700000000000001,-0.36634530972189067,-0.4054894252939389,0.03914411557204822
11.75,-0.38586389957656164,-0.4046242814782076,0.018760381901645973
11.8,-0.4211009970989356,-0.4156960655931269,-0.00540493150580873
11.850000000000001,-0.47958212824255364,-0.4413290568678399,-0.03825307137471373
11.9,-0.5343679669496182,-0.46617091642294917,-0.06819705052666902
11.950000000000001,-0.5380658394518684,-0.46137955368945927,-0.0766862857624091
12.0,-0.45824034207827136,-0.40141500114849693,-0.056825340929774426
12.05,-0.30146935298931565,-0.2804325304741339,-0.02103682251518174
12.100000000000001,-0.10435229277927033,-0.11484117819636902,0.010488885417098692
12.15,0.09775222044602898,0.06939813882151669,0.028354081624512292
12.200000000000001,0.29233088893635506,0.25239787222377663,0.03993301671257843
12.25,0.48113718427861957,0.4244382381284362,0.056698946150183394
12.3,0.6530026360926783,0.5760595766132651,0.07694305947941316
12.350000000000001,0.7695388448322571,0.6862775376594035,0.08326130717285363
12.4,0.7826051890859551,0.7237564585265477,0.058848730559407425
12.450000000000001,0.6700324289846767,0.6634932638648,0.006539165119876733
12.5,0.4567596282381512,0.5060169306962722,-0.04925730245812099
12.55,0.20166770634240808,0.2825221188389203,-0.08085441249651223
12.600000000000001,-0.037487992966476646,0.04136292886736581,-0.07885092183384246
12.65,-0.22972271133657182,-0.17272999862005683,-0.05699271271651499
12.700000000000001,-0.3680390530489068,-0.3308399469513919,-0.03719910609751487
12.75,-0.4488537829024234,-0.4182164647001376,-0.030637318202285768
12.8,-0.4604904145063356,-0.42775746634196943,-0.03273294816436617
12.850000000000001,-0.39464450100951504,-0.3605658919728885,-0.03407860903662652
12.9,-0.2674794239006593,-0.23450985775517968,-0.032969566145479634
12.950000000000001,-0.1246615197529703,-0.0889820647859007,-0.03567945496706959
13.0,-0.020116070339426684,0.02581666348494676,-0.04593273382437345
13.05,0.014811344241582985,0.07239837146877387,-0.05758702722719088
13.100000000000001,-0.015138477278612011,0.045144047024905966,-0.06028252430351798
13.15,-0.08303442013680751,-0.031162411868044186,-0.05187200826876332
13.200000000000001,-0.16483625995766626,-0.12252949915896796,-0.0423067607986983
13.25,-0.25063700141070683,-0.20816034204266284,-0.042476659368043984
13.3,-0.33391591494203154,-0.2847271341339911,-0.049188780808040455
13.350000000000001,-0.3947716395421009,-0.3507137932894658,-0.04405784625263515
13.4,-0.3992216342076272,-0.38847504315522946,-0.010746591052397725
13.450000000000001,-0.3189979997738846,-0.36425848589186477,0.04526048611798017
13.5,-0.15391221409766065,-0.24935293922887966,0.09544072513121901
13.55,0.06479623767425098,-0.044878436497155276,0.10967467417140625
13.600000000000001,0.2932876712308137,0.21182255270530712,0.08146511852550656
13.65,0.4982442095075735,0.46536046466196074,0.03288374484561274
13.700000000000001,0.6641535473618858,0.6699100004519879,-0.005756453090102087
13.75,0.7824010611335827,0.804201042310452,-0.02179998117686932
13.8,0.8383308170847737,0.8650558198026811,-0.026725002717907342
13.850000000000001,0.812748866501059,0.8507802062786437,-0.03803133977758466
13.9,0.6973909923680255,0.7537089780745239,-0.056317985706498375
13.950000000000001,0.5083661722984445,0.5702878115305956,-0.061921639232151104
14.0,0.2835067611103937,0.318521394958362,-0.035014633847968324
14.05,0.06570147276791073,0.04425428943925981,0.02144718332865092
14.100000000000001,-0.11309954590557912,-0.19297630155410925,0.07987675564853013
14.15,-0.23601488733431336,-0.346026736928827,0.11001184959451366
14.200000000000001,-0.2963164813739355,-0.3996966048876925,0.10338012351375697
14.25,-0.2944152108511213,-0.37115622748182586,0.07674101663070454
14.3,-0.24149726559406687,-0.2939754849128435,0.05247821931877661
14.350000000000001,-0.16263284409156903,-0.19947251586010153,0.036839671768532506
14.4,-0.08971148189401687,-0.10761902891994651,0.017907547025929643
14.450000000000001,-0.045473756984403174,-0.02933416931416828,-0.016139587670234896
14.5,-0.03189061500469639,0.027103531897879094,-0.058994146902575484
14.55,-0.03444540533018117,0.05361606910925594,-0.08806147443943711
14.600000000000001,-0.03861124874393138,0.045892855021686184,-0.08450410376561757
14.65,-0.04201345148493874,0.008710316474735675,-0.05072376795967442
14.700000000000001,-0.05015940940038586,-0.042696432571075374,-0.0074629768293104845
14.75,-0.061707432850177775,-0.08759426319500688,0.025886830344829102
14.8,-0.06178274951594927,-0.1088421656654512,0.04705941614950193
14.850000000000001,-0.03420591229980636,-0.10119195656669293,0.06698604426688656
14.9,0.017628627615331575,-0.07406365964812651,0.09169228726345809
14.950000000000001,0.06378049103274189,-0.046743385980619674,0.11052387701336155
15.0,0.0660682600832408,-0.03813459069114832,0.10420285077438912
15.05,0.007959912992156854,-0.05696398132084838,0.06492389431300523
15.100000000000001,-0.09121741285237482,-0.09889884239343039,0.007681429541055565
15.15,-0.1918994405792601,-0.15269181434861942,-0.03920762623064067
15.200000000000001,-0.2657134223807432,-0.21035881112262117,-0.05535461125812202
15.25,-0.3132675405574918,-0.27223589102704165,-0.04103164953045013
15.3,-0.3522063807859396,-0.34130670014071796,-0.010899680645221621
15.350000000000001,-0.38893017960566195,-0.41091548321404003,0.02198530360837808
15.4,-0.40377849607011457,-0.45781192545425736,0.054033429384142795
15.450000000000001,-0.3662132335495085,-0.45035243245695294,0.08413919890744442
15.5,-0.26653315467239463,-0.3695884317869687,0.10305527711457407
15.55,-0.13356164883507152,-0.2284316212903004,0.09486997245522888
15.600000000000001,-0.020349534373588968,-0.07253529703286189,0.052185762659272925
15.65,0.030367496796774463,0.04116561821173134,-0.010798121414956879
15.700000000000001,0.01137895353118711,0.07535648095672601,-0.0639775274255389
15.75,-0.05228500597344253,0.0320491857954902,-0.08433419176893273
15.8,-0.12731813332124595,-0.051526049910168466,-0.07579208341107749
15.850000000000001,-0.19229443458687936,-0.12622046001981094,-0.06607397456706843
15.9,-0.23791474868795642,-0.1562180928767839,-0.08169665581117252
15.950000000000001,-0.25368571853521,-0.1302626673434674,-0.1234230511917426
16.0,-0.22007259573522955,-0.055412589785770114,-0.16466000594945945
16.05,-0.1164804150619167,0.05742889359843578,-0.17390930866035248
16.1,0.06329489847938141,0.20356386899988352,-0.1402689705205021
16.150000000000002,0.304447372507667,0.38389003478642825,-0.07944266227876123
16.2,0.5791397001321679,0.5965155559331435,-0.01737585580097567
16.25,0.8586318529847596,0.8280481948086732,0.030583658176086437
16.3,1.1156983653196038,1.0503564530778136,0.0653419122417902
16.35,1.316574647422079,1.224223986841813,0.09235066058026598
16.400000000000002,1.4163157392983343,1.308134321415769,0.1081814178825653
16.45,1.3705231315932478,1.269339260494887,0.1011838710983608
16.5,1.159588279162202,1.0940546757793768,0.06553360338282532
16.55,0.8062537478713719,0.7933806594836086,0.012873088387763354
16.6,0.3701351497678647,0.40230092035843934,-0.03216577059057463
16.650000000000002,-0.07791327718288475,-0.028293528479112585,-0.04961974870377217
16.7,-0.4818734019630047,-0.4433728458848626,-0.03850055607814212
16.75,-0.8093440783036835,-0.7947448291404343,-0.014599249163249173
16.8,-1.0432406776477252,-1.0482015131201925,0.004960835472467284
16.85,-1.171763374279509,-1.1866169592548423,0.01485358497533329
16.900000000000002,-1.1894266378861245,-1.2101593229453824,0.02073268505925796
16.95,-1.1059865007345169,-1.134003469731014,0.028016968996497083
17.0,-0.9490242658859335,-0.9830006403055315,0.033976374419598
17.05,-0.7521206046863443,-0.783855079064091,0.03173447437774668
17.1,-0.5371734760951228,-0.5578843735329768,0.020710897437854037
17.150000000000002,-0.30790065615502005,-0.3183421253915325,0.010441469236512457
17.2,-0.0617276323403241,-0.07356264320903265,0.01183501086870855
17.25,0.19136965717753135,0.1672652916840554,0.024104365493475943
17.3,0.42235107583629133,0.3907541253723916,0.03159695046389971
17.35,0.596377383162731,0.580595442544062,0.015781940618669
17.400000000000002,0.6933811116574273,0.7208610013306359,-0.02747988967320858
17.45,0.7159323020152185,0.7972101025736823,-0.08127780055846379
17.5,0.6773422781601746,0.7955891078562943,-0.11824682969611977
17.55,0.5833893491654255,0.7029437431829405,-0.119554394017515
17.6,0.4279236642855684,0.5144444631308427,-0.0865207988452743
17.650000000000002,0.20841676137326007,0.24516955374012817,-0.0367527923668681
17.7,-0.05373532112522506,-0.06317076896994622,0.00943544784472116
17.75,-0.3101418327215066,-0.349955406843034,0.03981357412152742
17.8,-0.5065582479911874,-0.5578819546118753,0.05132370662068786
17.85,-0.612681234702998,-0.6578186663273795,0.04513743162438155
17.900000000000002,-0.6366454350493395,-0.6603993359688682,0.02375390091952878
17.95,-0.6137211070117834,-0.6067690816063529,-0.006952025405430495
18.0,-0.5806701362126888,-0.545182543184475,-0.035487593028213804
18.05,-0.5570579997255878,-0.508907592869405,-0.04815040685618277
18.1,-0.544834792462362,-0.5075228020423532,-0.03731199042000877
18.150000000000002,-0.53934620283356,-0.5321683555433515,-0.007177847290208539
18.2,-0.5367477769156429,-0.5659280830685605,0.029180306152917557
18.25,-0.5309277027629026,-0.5903763533205548,0.05944865055765225
18.3,-0.5069534427696784,-0.586496422108067,0.07954297933838861
18.35,-0.4425062198167576,-0.5347276353499542,0.09222141553319657
18.400000000000002,-0.3197756186456501,-0.4189582271119104,0.09918260846626031
18.45,-0.13834559502005964,-0.234066082468256,0.09572048744819636
18.5,0.0823038485784869,0.00795035896977929,0.0743534896087076
18.55,0.31225970232996014,0.277910344441238,0.03434935788872212
18.6,0.5234546615851551,0.536101377031515,-0.012646715446359869
18.650000000000002,0.6950767416436852,0.7427380980182577,-0.04766135637457258
18.7,0.8116875102366615,0.8686251352292294,-0.056937624992567826
18.75,0.8617366118970776,0.9032953414382292,-0.041558729541151584
18.8,0.8419817764975965,0.8581404660486857,-0.016158689551089123
18.85,0.763674626330058,0.7619611915091646,0.001713434820893367
18.900000000000002,0.6509101724381892,0.6484268868462117,0.0024832855919774133
18.95,0.5277509410294211,0.5399968827919388,-0.012245941762517698
19.0,0.40313845883238913,0.4374896025993899,-0.03435114376700077
19.05,0.26787518167539404,0.32341408445679315,-0.05553890278139911
19.1,0.10897900382788456,0.1789217152601561,-0.06994271143227154
19.150000000000002,-0.0692127470763327,0.004039754977642578,-0.07325250205397527
19.200000000000003,-0.2354855539464176,-0.17295584847493692,-0.06252970547148068
19.25,-0.34338975506189634,-0.3045790374115906,-0.03881071765030575
19.3,-0.3561680641518904,-0.3466175146023336,-0.009550549549556808
19.35,-0.26647165753841423,-0.2801773990119893,0.013705741473575062
19.400000000000002,-0.0978967258312713,-0.12059173160443418,0.02269500577316287
19.450000000000003,0.10908496184782177,0.0900110802272777,0.01907388162054406
19.5,0.313424121766945,0.29981339496074366,0.013610726806201345
19.55,0.48139536969999885,0.4640414174406251,0.01735395225937375
19.6,0.586790765594225,0.5548729724246994,0.0319177931695257
19.650000000000002,0.6114040921975199,0.5638036778807834,0.04760041431673645
19.700000000000003,0.5502565555197245,0.4988900512893047,0.05136650423041983
19.75,0.41696707383115345,0.37917700465517973,0.03779006917597372
19.8,0.241147778361329,0.22780007581576273,0.013347702545566276
19.85,0.05622991662865111,0.06559669649759571,-0.009366779868944602
19.900000000000002,-0.11410781427585663,-0.09236078531078752,-0.02174702896506911
19.950000000000003,-0.2604355376218646,-0.23607250937712412,-0.024363028244740487
20.0,-0.38069624589483847,-0.3573957055950302,-0.02330054029980827
20.05,-0.47021443001128876,-0.4478901520640965,-0.022324277947192273
20.1,-0.5189744455983886,-0.4999738255265163,-0.019000620071872254
20.150000000000002,-0.5181325568071169,-0.5099362548196762,-0.008196301987440702
20.200000000000003,-0.4676587460417399,-0.47900536274067496,0.011346616698935053
20.25,-0.37596511250002407,-0.410418602495918,0.03445348999589393
20.3,-0.251554764509895,-0.3049526032031703,0.0533978386932753
20.35,-0.09636183264677536,-0.16011424659454734,0.06375241394777198
20.400000000000002,0.0901009925354847,0.024079872428544993,0.06602112010693971
20.450000000000003,0.2976863766914758,0.23569525698735808,0.06199111970411772
20.5,0.4961504447964317,0.44520767038510195,0.05094277441132977
20.55,0.6407688440255992,0.609678852209172,0.031089991816427243
20.6,0.691845574292911,0.6865251492580743,0.005320425034836762
20.650000000000002,0.6342449521080982,0.6499476589233033,-0.015702706815205136
20.700000000000003,0.48243336513576074,0.5010524988556354,-0.01861913371987467
20.75,0.268598659029835,0.2664996158886872,0.002099043141147783
20.8,0.024925515362400796,-0.012802928511346168,0.037728443873746964
20.85,-0.22614953527893944,-0.29632697704466754,0.0701774417657281
20.900000000000002,-0.4693543245808963,-0.5544212647078268,0.0850669401269305
20.950000000000003,-0.6889764468276423,-0.7705245828625032,0.081548136034861
21.0,-0.866303846184591,-0.9361117204238764,0.06980787423928536
21.05,-0.9847202460109523,-1.0435634321269414,0.058843186115989043
21.1,-1.036260395066846,-1.0830431537276595,0.046782758660813384
21.150000000000002,-1.0225089188418788,-1.0463426254102801,0.023833706568401336
21.200000000000003,-0.9497784951252357,-0.9351454554892279,-0.014633039636007816
21.25,-0.8250489983691193,-0.7669317081624194,-0.05811729020669987
21.3,-0.6577441461928,-0.572381028761579,-0.08536311743122094
21.35,-0.46479538556890043,-0.38402431404165416,-0.08077107152724627
21.400000000000002,-0.2714640220688222,-0.22302017543536723,-0.04844384663345497
21.450000000000003,-0.1041507164340819,-0.0933923112506481,-0.010758405183433795
21.5,0.019770224918156318,0.011962795791407212,0.007807429126749105
21.55,0.09595396043375679,0.0983443067218855,-0.002390346288128717
21.6,0.12754900295274327,0.16010533864851537,-0.0325563356957721
21.650000000000002,0.11676768183191522,0.18327133128798162,-0.0665036494560664
21.700000000000003,0.0635748249908573,0.158251167029566,-0.09467634203870869
21.75,-0.026250455527109258,0.09224022507454474,-0.11849068060165399
21.8,-0.13272335950060582,0.010527863871210004,-0.1432512233718158
21.85,-0.22439792387217922,-0.05545789022390706,-0.16894003364827215
21.900000000000002,-0.2732308651120987,-0.08477429573973104,-0.18845656937236765
21.950000000000003,-0.26893622759432456,-0.07550721019453198,-0.19342901739979257
22.0,-0.21805953258780073,-0.03840109279342801,-0.1796584397943727
22.05,-0.12660294323984717,0.01976236344868581,-0.14636530668853298
22.1,0.01752327067122106,0.11002000961622171,-0.09249673894500066
22.150000000000002,0.2422866004225945,0.2603019503197095,-0.01801534989711498
22.200000000000003,0.5656247709570806,0.49745266280537853,0.0681721081517021
22.25,0.9645133547259859,0.8218495350685389,0.142663819657447
22.3,1.3659522403671842,1.190584210497002,0.1753680298701823
22.35,1.6716637644597852,1.521760525240781,0.14990323921900406
22.400000000000002,1.8018304081268708,1.721087298971179,0.08074310915569183
22.450000000000003,1.7282994120264998,1.7190594804357473,0.009239931590752537
22.5,1.4770966036969084,1.5001784573784809,-0.02308185368157245
22.55,1.1048106739703902,1.1092362444816337,-0.004425570511243482
22.6,0.6713272085400585,0.6320060644203307,0.03932114411972776
22.650000000000002,0.22792960618995153,0.1614901633317728,0.06643944285817874
22.700000000000003,-0.17921620290153745,-0.2323917153192986,0.05317551241776114
22.75,-0.5052170727880746,-0.5162001485097852,0.010983075721710645
22.8,-0.7144677658423245,-0.6879580462993521,-0.026509719542972432
22.85,-0.7966740193350519,-0.7629784107584074,-0.03369560857664444
22.900000000000002,-0.7751081145429701,-0.7620917531952593,-0.013016361347710781
22.950000000000003,-0.6959893467822165,-0.7074908075773227,0.011501460795106278
23.0,-0.6045099478603521,-0.6230581563428763,0.018548208482524253
23.05,-0.5251213959476962,-0.5329878867163501,0.007866490768653867
23.1,-0.4595855638907902,-0.4564065583995828,-0.0031790054912074206
23.150000000000002,-0.4003979405051799,-0.40164075409672484,0.0012428135915449334
23.200000000000003,-0.34499384971940594,-0.3654997079684816,0.020505858249075637
23.25,-0.2985797206531409,-0.3388940619060645,0.0403143412529236
23.3,-0.26654569126440214,-0.31458706990160207,0.04804137863719993
23.35,-0.24733704668346998,-0.29134907421714284,0.044012027533672865
23.400000000000002,-0.234040859242735,-0.27242398282949476,0.03838312358675977
23.450000000000003,-0.22194987631484978,-0.26106568373312455,0.03911580741827478
23.5,-0.21243943186379263,-0.2572981156159288,0.04485868375213617
23.55,-0.20793163541308277,-0.25738809340215807,0.0494564579890753
23.6,-0.2032539270513294,-0.25441276964566095,0.05115884259433154
23.650000000000002,-0.18353378562668993,-0.2382760485216117,0.05474226289492176
23.700000000000003,-0.13238754630151567,-0.19609915058277902,0.06371160428126335
23.75,-0.04324747300614605,-0.11537425714729241,0.07212678414114636
23.8,0.07700537035263319,0.00982695783372198,0.06717841251891121
23.85,0.2151411998408697,0.1730873237640831,0.04205387607678662
23.900000000000002,0.36122496559150574,0.3549898445499115,0.006235121041594238
23.950000000000003,0.5099802939876272,0.5288942173679408,-0.018913923380313613
24.0,0.6522759145193672,0.6695031240198369,-0.017227209500469742
24.05,0.7668602120636129,0.7588604269856267,0.007999785077986155
24.1,0.8240802851287996,0.7875640850613073,0.036516200067492344
24.150000000000002,0.8021408133084179,0.7535295213834026,0.04861129192501534
24.200000000000003,0.7031038894070382,0.6617799527730418,0.04132393663399636
24.25,0.5539312596344551,0.5255421576875464,0.02838910194690869
24.3,0.39024650326194116,0.3654169259955322,0.024829577266408942
24.35,0.23582283879771726,0.20406836592791042,0.031754472869806843
24.400000000000002,0.09442716781450464,0.05849555891210421,0.03593160890240043
24.450000000000003,-0.04100505698094655,-0.0645299791757492,0.023524922194802643
24.5,-0.17266648556978056,-0.16626075841331558,-0.00640572715646498
24.55,-0.29130212667071875,-0.24950054666140078,-0.04180158000931797
24.6,-0.38411768358170595,-0.3143720732143105,-0.06974561036739546
24.650000000000002,-0.44766865827811286,-0.3602444070759315,-0.08742425120218134
24.700000000000003,-0.4916038208855736,-0.3908798967284527,-0.10072392415712089
24.75,-0.5290721384353836,-0.4159337919922155,-0.11313834644316811
24.8,-0.5637701893552713,-0.4455044578141443,-0.11826573154112707
24.85,-0.58746355770888,-0.48219200935886486,-0.10527154835001518
24.900000000000002,-0.5912230181996663,-0.5188693626457576,-0.07235365555390871
24.950000000000003,-0.5790963627708537,-0.5454881589193624,-0.033608203851491325
25.0,-0.5692783168240695,-0.5590152573674257,-0.010263059456643742
25.05,-0.5793127578743128,-0.566396593289053,-0.012916164585259793
25.1,-0.6076872590907527,-0.576254555497913,-0.03143270359283967
25.150000000000002,-0.6288757255693087,-0.5858949348844024,-0.042980790684906345
25.200000000000003,-0.6074278333199233,-0.575660449406178,-0.03176738391374534
25.25,-0.5196729802200016,-0.517015972668454,-0.00265700755154763
25.3,-0.3651419679404169,-0.3889358800979612,0.023793912157544284
25.35,-0.1600333203764926,-0.19018168226041027,0.030148361883917674
25.400000000000002,0.07794699142830246,0.060730083609609964,0.017216907818692492
25.450000000000003,0.3367294858589434,0.3350732379722994,0.0016562478866440355
25.5,0.6018440394340895,0.6030687932609755,-0.001224753826886027
25.55,0.8430353842433005,0.8359045350015777,0.007130849241722803
25.6,1.0129959638274706,1.0032767140165628,0.00971924981090777
25.650000000000002,1.0657246040528416,1.074759707631386,-0.009035103578544312
25.700000000000003,0.9831657070582582,1.029347770018363,-0.04618206296010485
25.75,0.7887975793296811,0.8680076150969124,-0.07921003576723129
25.8,0.5358576743272041,0.6187555022506204,-0.08289782792341627
25.85,0.2785724511694429,0.3282842556886235,-0.049711804519180613
25.900000000000002,0.04868084487936434,0.044631858847297555,0.004048986032066784
25.950000000000003,-0.14591843979246444,-0.19769784015486408,0.05177940036239964
26.0,-0.3035260615663957,-0.38142201361690986,0.07789595205051414
26.05,-0.41158251931251055,-0.49974030881481224,0.08815778950230169
26.1,-0.4479705226774121,-0.5478202971102357,0.09984977443282361
26.150000000000002,-0.400367764883993,-0.5211194996686541,0.12075173478466111
26.200000000000003,-0.285628860186935,-0.4221215375598203,0.13649267737288528
26.25,-0.14995959732646588,-0.26937370667931637,0.11941410935285049
26.3,-0.046917519864062535,-0.10023592016091173,0.0533184002968492
26.35,-0.009315264774342974,0.03735812496978708,-0.04667338974413006
26.400000000000002,-0.036082638731702144,0.10177995589442046,-0.1378625946261226
26.450000000000003,-0.10218901168489126,0.07511158416763944,-0.17730059585253072
26.5,-0.18085343742949422,-0.028443240093997135,-0.1524101973354971
26.55,-0.25898062740726147,-0.16879470273536368,-0.09018592467189779
26.6,-0.3352352875623499,-0.2987460394489495,-0.036489248113400374
26.650000000000002,-0.4065134094785755,-0.3853765891736661,-0.02113682030490943
26.700000000000003,-0.4578301235647791,-0.4213473100240757,-0.036482813540703374
26.75,-0.46555834775950994,-0.4190549851819176,-0.046503362577592355
26.8,-0.4107126968048297,-0.39219910512909256,-0.01851359167573713
26.85,-0.2903670503065591,-0.3390672545191648,0.04870020421260568
26.900000000000002,-0.11848223503778302,-0.24155062324752846,0.12306838820974544
26.950000000000003,0.08202198841246412,-0.08239856510438774,0.16442055351685186
27.0,0.2869366911418908,0.13140672990643296,0.15552996123545784
27.05,0.4717834044018851,0.35749362502261284,0.11428977937927226
27.1,0.6086528166459966,0.5299019339865592,0.07875088265943742
27.150000000000002,0.6670753039527825,0.5887125702067799,0.07836273374600256
27.200000000000003,0.6239232043180081,0.5102055657157016,0.11371763860230644
27.25,0.47817605290586007,0.3202422230092728,0.15793382989658727
27.3,0.2598338454998866,0.08437190831678658,0.1754619371831
27.35,0.024409261701985218,-0.11892274645360168,0.1433320081555869
27.400000000000002,-0.166320071756606,-0.2284303934081213,0.06211032165151528
27.450000000000003,-0.26752803350087206,-0.2211628586959251,-0.04636517480494695
27.5,-0.26634623077866815,-0.11660088002188179,-0.14974535075678636
27.55,-0.18175561502590615,0.036645691867563224,-0.21840130689346937
27.6,-0.05121570568843233,0.18575413685032235,-0.2369698425387547
27.650000000000002,0.08741667806350743,0.29810918260224434,-0.2106925045387369
27.700000000000003,0.20883228302726065,0.37164506890603805,-0.1628127858787774
27.75,0.30240715716679484,0.4245039783448526,-0.12209682117805776
27.8,0.3649607930585025,0.47117321009417346,-0.10621241703567097
27.85,0.3915544376933284,0.503426102728817,-0.11187166503548862
27.900000000000002,0.37273672863257845,0.4923770888346541,-0.11964036020207564
27.950000000000003,0.3013096513930817,0.4116380666601723,-0.11032841526709058
28.0,0.183272788035693,0.26309586543545754,-0.07982307739976455
28.05,0.04273506500059695,0.08269844280223633,-0.03996337780163938
28.1,-0.08575172785867058,-0.08059671724355648,-0.0051550106151141
28.150000000000002,-0.17366199285882727,-0.19625231697777168,0.022590324118944405
28.200000000000003,-0.21161099082183024,-0.2673813054704394,0.05577031464860918
28.25,-0.20878207839852436,-0.3165890245237729,0.10780694612524855
28.3,-0.17997974729331806,-0.3554066272030815,0.17542687990976347
28.35,-0.13294716325870773,-0.365968209023484,0.23302104576477625
28.400000000000002,-0.0684041902895699,-0.3138375817392969,0.24543339144972698
28.450000000000003,0.007453049600375809,-0.1833274775012501,0.19078052710162594
28.5,0.07193882379077945,-0.00529511965168496,0.07723394344246441
28.55,0.09102299584276623,0.14861581098730123,-0.057592815144535
28.6,0.04072623353417566,0.20485345916827233,-0.16412722563409665
28.650000000000002,-0.072018123664041,0.13286028806868824,-0.20487841173272925
28.700000000000003,-0.20819027043365812,-0.03593862947149955,-0.17225164096215856
28.75,-0.3183163304631695,-0.2269901880513715,-0.09132614241179798
28.8,-0.3697491307907377,-0.36375181487727376,-0.005997315913463919
28.85,-0.3574355074311476,-0.4024198381545917,0.0449843307234441
28.900000000000002,-0.291910447529848,-0.3408849052131821,0.04897445768333408
28.950000000000003,-0.18019674260036517,-0.2039518812765768,0.023755138676211623
29.0,-0.021573958637053543,-0.02231905542595189,0.0007450967888983466
29.05,0.17618263762966313,0.1779872179811563,-0.001804580351493168
29.1,0.37783405520883245,0.3721505909997475,0.005683464209084943
29.150000000000002,0.5232580124366015,0.5285590371142219,-0.005301024677620392
29.200000000000003,0.5573569923478702,0.6088273845349276,-0.0514703921870574
29.25,0.4661656610439586,0.5807451320840686,-0.11457947104011001
29.3,0.2889346417034412,0.43753812394997926,-0.14860348224653808
29.35,0.09482228623757749,0.21007687758577606,-0.11525459134819857
29.400000000000002,-0.057095055094026806,-0.038641732305652154,-0.01845332278837465
29.450000000000003,-0.14256866911931368,-0.23676962999284049,0.0942009608735268
29.5,-0.16567453495920173,-0.33277884079062964,0.1671043058314279
29.55,-0.13444597892802448,-0.31375100732165284,0.17930502839362836
29.6,-0.04652142648607559,-0.20248960244399508,0.1559681759579195
29.650000000000002,0.10095035786908209,-0.0375424569221093,0.13849281479119138
29.700000000000003,0.28998100388523257,0.14788355269651945,0.14209745118871311
29.75,0.47470263290881876,0.33262333868495664,0.14207929422386212
29.8,0.6002205109378571,0.4977852824262464,0.10243522851161069
29.85,0.6325620387713778,0.6138467198224624,0.018715318948915427
29.900000000000002,0.5732653939753305,0.6414600987389805,-0.06819470476364997
29.950000000000003,0.4470401117610219,0.5502553558724967,-0.10321524411147487
30.0,0.2770449081089693,0.3419659208354694,-0.06492101272650008
30.05,0.07301471363284376,0.05760284631326878,0.01541186731957498
30.1,-0.15789602969791502,-0.2396938319535243,0.08179780225560929
30.150000000000002,-0.3928347735265633,-0.494200648255574,0.10136587472901071
30.200000000000003,-0.5913892798950915,-0.677576614484048,0.08618733458895655
30.25,-0.7168085391889124,-0.7869213893900114,0.07011285020109903
30.3,-0.7616922623133934,-0.8286725074541137,0.06698024514072032
30.35,-0.7526297448878905,-0.8072376326657202,0.05460788777782977
30.400000000000002,-0.7276371590285228,-0.7290275814615924,0.001390422433069638
30.450000000000003,-0.7067041529222252,-0.6139365382820304,-0.09276761464019478
30.5,-0.6824096529304658,-0.49685435652978094,-0.1855552964006849
30.55,-0.6373613583282304,-0.4117172487749039,-0.22564410955332648
30.6,-0.56848329496367,-0.3699886149021056,-0.1984946800615644
30.650000000000002,-0.4920931769425857,-0.35393686713715283,-0.13815630980543286
30.700000000000003,-0.4245160643945555,-0.33271091868179525,-0.09180514571276027
30.75,-0.3593876047886266,-0.2874023705936468,-0.07198523419497976
30.8,-0.2675433121401439,-0.22196489096170424,-0.04557842117843963
30.85,-0.1230930311476119,-0.15035443903381063,0.027261407886198727
30.900000000000002,0.06779664457863777,-0.07408545662987377,0.14188210120851152
30.950000000000003,0.26324298305717164,0.02503437685888328,0.23820860619828838
31.0,0.4117233058834417,0.16626754054887014,0.24545576533457156
31.05,0.4845633672558379,0.34061049990068537,0.1439528673551525
31.1,0.48645505101734077,0.4988751676600503,-0.012420116642709533
31.150000000000002,0.4380454550537311,0.5722360380249732,-0.13419058297124214
31.200000000000003,0.35172421728941206,0.5127842953859695,-0.16106007809655742
31.25,0.22642592252070357,0.3245819249955861,-0.09815600247488251
31.3,0.06551108868307357,0.06370553296358285,0.0018055557194907174
31.35,-0.10369520994539409,-0.1898397213907609,0.08614451144536682
31.400000000000002,-0.23314654501022672,-0.3668631070485133,0.1337165620382866
31.450000000000003,-0.28193337160915144,-0.4302664663569305,0.14833309474777906
31.5,-0.2452124139806983,-0.3783195107918361,0.13310709681113783
31.55,-0.158097986352074,-0.23810865661685987,0.08001067026478587
31.6,-0.07122224574693234,-0.0570025956829864,-0.01421965006394594
31.650000000000002,-0.020162223722750176,0.10789382633018695,-0.12805605005293713
31.700000000000003,-0.014223791806629684,0.20525395097430027,-0.21947774278092996
31.75,-0.048955174106244906,0.20671238538905443,-0.25566755949529935
31.8,-0.12328734790620523,0.11554027396883283,-0.23882762187503806
31.85,-0.2399440509122652,-0.04020142938694297,-0.19974262152532224
31.900000000000002,-0.38812309764707187,-0.22453424128981536,-0.1635888563572565
31.950000000000003,-0.5287869000122344,-0.4057589821755273,-0.12302791783670708
32.0,-0.6029166732577628,-0.5544367258776424,-0.0484799473801204
32.050000000000004,-0.5614189358893564,-0.6335219534984876,0.07210301760913118
32.1,-0.3936968146185005,-0.5976199689075766,0.20392315428907615
32.15,-0.13187069907893892,-0.4113919352508893,0.27952123617195035
32.2,0.17076371816282054,-0.07771197956090944,0.24847569772373
32.25,0.466527829045965,0.347154531350341,0.11937329769562399
32.300000000000004,0.7236831517315219,0.7674259986529538,-0.04374284692143193
32.35,0.9180435453804052,1.0850737284755112,-0.16703018309510598
32.4,1.0233348798302675,1.2373849836860629,-0.21405010385579537
32.45,1.0176927467319714,1.2136718765748118,-0.19597912984284038
32.5,0.9042897780381295,1.047884327220004,-0.14359454918187453
32.550000000000004,0.7254611918499259,0.8001001477053855,-0.07463895585545965
32.6,0.5513700425709833,0.5405707106285055,0.010799331942477841
32.65,0.44574753552317364,0.3383176629410433,0.10742987258213033
32.7,0.4325250003458773,0.24743980429936765,0.18508519604650966
32.75,0.4880727582052393,0.2886667912839794,0.19940596692125995
32.800000000000004,0.5631865654454585,0.435759238285043,0.12742732716041555
32.85,0.6155670425782893,0.6209992998558611,-0.005432257277571795
32.9,0.6278650993833039,0.7632383469758014,-0.13537324759249747
32.95,0.6020159510543562,0.8041569239438319,-0.20214097288947563
33.0,0.5419521144753702,0.7303966252615308,-0.18844451078616065
33.050000000000004,0.44449073072647877,0.5693790226298916,-0.12488829190341283
33.1,0.30684793451331577,0.36620184854143906,-0.05935391402812329
33.15,0.14115761581827274,0.1607066078353692,-0.01954899201709645
33.2,-0.021067273131678256,-0.02148582744803679,0.00041855431635853466
33.25,-0.14214942170157902,-0.16537106314520625,0.023221641443627233
33.300000000000004,-0.20008023521036047,-0.2616562687530729,0.06157603354271243
33.35,-0.20160816428114023,-0.30832891777840987,0.10672075349726964
33.4,-0.17639612636726973,-0.3156708463296435,0.13927471996237376
33.45,-0.15766040984668858,-0.30604357052696407,0.1483831606802755
33.5,-0.16479415896405158,-0.30485758316032,0.14006342419626844
33.550000000000004,-0.1999399148498736,-0.328642691991798,0.1287027771419244
33.6,-0.2575167235616313,-0.3795379715890939,0.12202124802746261
33.65,-0.3351987963255656,-0.4494716121880461,0.1142728158624805
33.7,-0.4355106883846964,-0.5285783249974672,0.09306763661277073
33.75,-0.5574346273295483,-0.6099919896703399,0.05255736234079156
33.800000000000004,-0.6874418352286708,-0.6886345901416725,0.0011927549130017479
33.85,-0.8001752614593262,-0.7581823892320899,-0.041992872227236244
33.9,-0.8701576462080255,-0.810910478379877,-0.05924716782814854
33.95,-0.8855089725540499,-0.8400132435208224,-0.04549572903322752
34.0,-0.8521720025444876,-0.8401918806307784,-0.011980121913709119
34.050000000000004,-0.7850104763051924,-0.8048271968395174,0.01981672053432504
34.1,-0.6935803301182627,-0.7239641437347223,0.030383813616459587
34.15,-0.5751767573124527,-0.5888716383168141,0.013694881004361448
34.2,-0.42131540806070833,-0.4026425781562776,-0.018672829904430754
34.25,-0.23151591902826238,-0.1878379408186811,-0.043677978209581275
34.300000000000004,-0.02117760101633318,0.01884213033145214,-0.04001973134778532
34.35,0.1846221780949909,0.18519629449064484,-0.0005741163956539397
34.4,0.36637712299389213,0.3030482622184612,0.06332886077543093
34.45,0.5200512688157727,0.39247251961039176,0.12757874920538093
34.5,0.651094451760593,0.48471734914077014,0.16637710261982286
34.550000000000004,0.7567736817186197,0.5944825060340646,0.1622911756845551
34.6,0.813586453827804,0.7016198575366845,0.11196659629111949
34.65,0.7845304470133992,0.7565221726014862,0.028008274411913003
34.7,0.6445338558888714,0.7069492561437888,-0.06241540025491743
34.75,0.4051159722862403,0.5295053536377028,-0.12438938135146249
34.800000000000004,0.1171375563485344,0.2466121526461838,-0.1294745962976494
34.85,-0.15329030020900541,-0.08013218599927505,-0.07315811420973037
34.9,-0.35907380429531355,-0.37512013896078006,0.01604633466546651
34.95,-0.49151507174857617,-0.57829581620332,0.08678074445474387
35.0,-0.572117324665346,-0.6650552278315979,0.09293790316625183
35.050000000000004,-0.6267017866976554,-0.6494028890328808,0.022701102335225376
35.1,-0.6648713952389739,-0.5720702945119858,-0.0928011007269881
35.15,-0.6805032368170911,-0.48150797557421576,-0.19899526124287537
35.2,-0.6684829629012106,-0.4170470374806721,-0.25143592542053844
35.25,-0.6382881431991181,-0.40013632875061883,-0.23815181444849925
35.300000000000004,-0.6093942445178673,-0.4336813111305343,-0.17571293338733296
35.35,-0.5921362517623248,-0.5050097401837359,-0.08712651157858886
35.4,-0.5727499966312533,-0.5881101498168596,0.015360153185606351
35.45,-0.5185552058360893,-0.6452859944071064,0.12673078857101716
35.5,-0.40115847802440474,-0.6328659143523823,0.23170743632797752
35.550000000000004,-0.2189572668402477,-0.5149164230395766,0.29595915619932894
35.6,-0.0004343021256332782,-0.2820680568651349,0.28163375473950164
35.65,0.21359015988141214,0.03515482691298056,0.1784353329684316
35.7,0.39286104715334574,0.3701147390704474,0.022746308082898348
35.75,0.5270995379156911,0.6438083517084463,-0.11670881379275522
35.800000000000004,0.6172992450515884,0.7981056607244471,-0.1808064156728587
35.85,0.6614158945000256,0.8200947432007699,-0.15867884870074433
35.9,0.6510899486503974,0.7433973322974808,-0.09230738364708346
35.95,0.5836714503668816,0.6264318671702795,-0.04276041680339793
36.0,0.47709418283011196,0.5217245725378475,-0.044630389707735585
36.050000000000004,0.37030737642225203,0.454660401050674,-0.08435302462842198
36.1,0.3041035074853604,0.4220323152408535,-0.11792880775549308
36.15,0.2954383941842138,0.4067179957935099,-0.11127960160929612
36.2,0.3259194574403373,0.3948847050687359,-0.06896524762839862
36.25,0.354686097419741,0.38283485410335755,-0.02814875668361655
36.300000000000004,0.34625770050955623,0.3706286415361409,-0.024370941026584658
36.35,0.2921374094144532,0.351053380615627,-0.05891597120117381
36.4,0.21103159818788741,0.3065504348688377,-0.09551883668095029
36.45,0.13067946772793237,0.21997677956744752,-0.08929731183951514
36.5,0.06841630411420228,0.09244074448738297,-0.02402444037318069
36.550000000000004,0.025904454370710178,-0.04694260449436441,0.07284705886507459
36.6,-0.0013019930394936419,-0.15079409348699765,0.14949210044750402
36.65,-0.012314720470139685,-0.1796242411550952,0.16730952068495553
36.7,-0.0006385048811928041,-0.12703286319704393,0.12639435831585114
36.75,0.03461474341377248,-0.02505504741494499,0.05966979082871747
36.800000000000004,0.0785115871515664,0.07504930627622462,0.0034622808753417833
36.85,0.10383443132359041,0.13211656783636472,-0.02828213651277431
36.9,0.08830224917593196,0.13248572981569953,-0.04418348063976757
36.95,0.03157979814886804,0.08493121431678798,-0.053351416167919934
37.0,-0.04327265061666211,0.0032874063380201575,-0.04656005695468227
37.050000000000004,-0.10633866051588288,-0.10259237820692538,-0.003746282308957502
37.1,-0.1420294013711944,-0.21769105204743244,0.07566165067623803
37.15,-0.15741057570928563,-0.30715584634711696,0.14974527063783133
37.2,-0.17156805290510413,-0.32002545983333924,0.1484574069282351
37.25,-0.19647120685227898,-0.22080763594293482,0.024336429090655837
37.300000000000004,-0.22641729963259324,-0.028469922853207465,-0.1979473767793858
37.35,-0.24408469627363338,0.17436960097209003,-0.4184542972457234
37.4,-0.23542093317143337,0.28236203824054734,-0.5177829714119807
37.45,-0.19810774116153895,0.23761009645599376,-0.4357178376175327
37.5,-0.13602493856082568,0.0776352087298134,-0.2136601472906391
37.550000000000004,-0.04712056966426888,-0.08033912475247629,0.03321855508820741
37.6,0.08054186827439931,-0.11323967315262229,0.1937815414270216
37.65,0.25755434080503803,0.027961775853506336,0.22959256495153169
37.7,0.47533791318517693,0.290584658711954,0.18475325447322294
37.75,0.6985260083517946,0.5622903383499773,0.13623567000181724
37.800000000000004,0.8768158705055046,0.7463582480795533,0.13045762242595127
37.85,0.9688621444900508,0.8116309605784637,0.15723118391158708
37.9,0.9604157984833837,0.7852657635419096,0.17515003494147408
37.95,0.8643691782962483,0.7063552455419052,0.15801393275434306
38.0,0.7062029011836373,0.5875693537696197,0.11863354741401755
38.050000000000004,0.509542585994016,0.4172058169510388,0.09233676904297722
38.1,0.29310896736981623,0.19252668986987953,0.1005822774999367
38.15,0.076728131741626,-0.05357657551381819,0.13030470725544419
38.2,-0.11559011025386948,-0.26178673144935843,0.14619662119548896
38.25,-0.263507808541678,-0.3851829882475985,0.12167517970592051
38.300000000000004,-0.3638505589300569,-0.42349405735053425,0.05964349842047734
38.35,-0.4357656801488276,-0.42295833753935785,-0.012807342609469752
38.400000000000006,-0.50908312220973,-0.4424371612425386,-0.06664596096719133
38.45,-0.6025649973103604,-0.5140852759273196,-0.08847972138304083
38.5,-0.709096743945679,-0.6280994533508234,-0.08099729059485561
38.550000000000004,-0.8001285846953482,-0.7479439723593944,-0.05218461233595384
38.6,-0.8456967020490781,-0.8379448478071975,-0.007751854241880629
38.650000000000006,-0.8336246621990395,-0.88008921613174,0.046464553932700436
38.7,-0.7733885702501047,-0.8719033435714836,0.09851477332137892
38.75,-0.6843015665389781,-0.8154266830780902,0.13112511653911207
38.800000000000004,-0.5807337154193504,-0.7119713487101834,0.13123763329083304
38.85,-0.46745897270050746,-0.5672033970739013,0.09974442437339387
38.900000000000006,-0.34677834725066786,-0.39853121849522144,0.05175287124455358
38.95,-0.22751526392595914,-0.23424810971127707,0.006732845785317937
39.0,-0.12518631654854737,-0.10232800112601284,-0.022858315422534525
39.050000000000004,-0.052490371681753044,-0.016831795387689745,-0.0356585762940633
39.1,-0.009484036602475522,0.027835828856177493,-0.03731986545865301
39.150000000000006,0.01654066566998046,0.05103405127365689,-0.03449338560367643
39.2,0.04061082430917428,0.07310932900864081,-0.03249850469946653
39.25,0.06802007804102116,0.10415812047769456,-0.0361380424366734
39.300000000000004,0.0908841896451813,0.14010229839568578,-0.049218108750504475
39.35,0.09553387365748235,0.16646882556528078,-0.07093495190779843
39.400000000000006,0.07366753150101576,0.1663762614338013,-0.09270872993278553
39.45,0.02802862962751015,0.12843186374750684,-0.10040323411999669
39.5,-0.030517210970527755,0.05166241387335368,-0.08217962484388143
39.550000000000004,-0.08983031049818702,-0.05330283093815497,-0.03652747956003204
39.6,-0.14049131285774263,-0.1660038276554966,0.02551251479775396
39.650000000000006,-0.17491585982102137,-0.2597972452858162,0.08488138546479485
39.7,-0.18557748614164735,-0.30728066747748267,0.12170318133583533
39.75,-0.16720991310047556,-0.288234968687687,0.12102505558721144
39.800000000000004,-0.12276067777263058,-0.19949625965691337,0.07673558188428278
39.85,-0.06715165086877847,-0.06247278806276702,-0.004678862806011451
39.900000000000006,-0.02280526320025731,0.07875521003974036,-0.10156047323999767
39.95,-0.007399499592341498,0.17307737505061913,-0.1804768746429606
40.0,-0.021953144005872276,0.1870513294479904,-0.2090044734538627
40.050000000000004,-0.0489786670935588,0.12467855421797333,-0.17365722131153213
40.1,-0.06371161820056008,0.027631017935398034,-0.09134263613595811
40.150000000000006,-0.05118760543489697,-0.047294216546969865,-0.0038933888879271045
40.2,-0.016530851887801748,-0.0604170498430173,0.043886197955215554
40.25,0.019814347125863815,-0.00994687086177321,0.029761217987637027
40.300000000000004,0.03885965369752382,0.07213869581056877,-0.03327904211304495
40.35,0.039271565442544835,0.14449960820260843,-0.10522804276006359
40.400000000000006,0.04044949884365536,0.1827683972090481,-0.14231889836539274
40.45,0.06992605978749858,0.1907397935908045,-0.12081373380330593
40.5,0.14469253086284492,0.1930019924460364,-0.04830946158319149
40.550000000000004,0.2605212893551937,0.21870517948659085,0.041816109868602847
40.6,0.3963823145516511,0.2881706133001873,0.10821170125146384
40.650000000000006,0.5284832202583432,0.40635357370264913,0.12212964655569403
40.7,0.6411111844813157,0.5601659496824524,0.08094523479886329
40.75,0.7257702663943454,0.7177767821336175,0.007993484260727879
40.800000000000004,0.7721740037495645,0.8337789037039685,-0.06160489995440399
40.85,0.7632429464232796,0.8647471373972526,-0.10150419097397301
40.900000000000006,0.6828586790039615,0.7911608423475831,-0.10830216334362164
40.95,0.5321691374118213,0.6316532428499538,-0.09948410543813258
41.0,0.33962242491593536,0.43624566539300463,-0.09662324047706927
41.050000000000004,0.15241342450403986,0.25959871224902886,-0.107185287744989
41.1,0.011937319184190796,0.131977124416518,-0.12003980523232718
41.150000000000006,-0.06940068138550651,0.048778800107305904,-0.1181794814928124
41.2,-0.11165550676570779,-0.015243865878769337,-0.09641164088693846
41.25,-0.1475480132314833,-0.08097412437130709,-0.06657388886017622
41.300000000000004,-0.1945071782651993,-0.15022848198275351,-0.044278696282445795
41.35,-0.24022590552581508,-0.21061446386895477,-0.029611441656860304
41.400000000000006,-0.2522222056137586,-0.2502851769985838,-0.0019370286151747518
41.45,-0.20258561609840856,-0.2653600298217447,0.06277441372333617
41.5,-0.08801913458583618,-0.25327098240181617,0.16525184781597999
41.550000000000004,0.06890276298095822,-0.20235064863781216,0.27125341161877037
41.6,0.2349002338620664,-0.09364267803226584,0.32854291189433227
41.650000000000006,0.382929433687029,0.08109080241319609,0.30183863127383287
41.7,0.49789170038724034,0.2991105959289943,0.19878110445824604
41.75,0.5703684428934539,0.5039091162974151,0.06645932659603881
41.800000000000004,0.5883922516192874,0.6267784384398395,-0.03838618682055206
41.85,0.5372736646601999,0.6196375614156043,-0.08236389675540445
41.900000000000006,0.40831401745167645,0.47691504140541435,-0.0686010239537379
41.95,0.20840344691424,0.2335317671381357,-0.02512832022389569
42.0,-0.03808864235902677,-0.05573685793370365,0.017648215574676877
42.050000000000004,-0.296732377294705,-0.33917988567575685,0.04244750838105188
42.1,-0.534073188667551,-0.5806586148816384,0.046585426214087344
42.150000000000006,-0.7252246496226696,-0.7607386821377061,0.03551403251503649
42.2,-0.855304445830417,-0.8730853407770945,0.01778089494667756
42.25,-0.916973233042776,-0.9210532331409598,0.004080000098183767
42.300000000000004,-0.9077545451841965,-0.9138175683393552,0.00606302315515872
42.35,-0.8289806946996133,-0.8601347571703519,0.031154062470738597
42.400000000000006,-0.6862173777169072,-0.7621940441862016,0.07597666646929446
42.45,-0.490651057880066,-0.6155765087108029,0.12492545083073692
42.5,-0.26108781588247365,-0.4180506205977039,0.15696280471523028
42.550000000000004,-0.025267406147195897,-0.18175432377506354,0.15648691762786765
42.6,0.18220991828272035,0.06148356229461204,0.1207263559881083
42.650000000000006,0.32739362058273647,0.26770418744122826,0.05968943314150821
42.7,0.3882240024170111,0.39735484876744254,-0.009130846350431432
42.75,0.36356512560977144,0.4303130616183444,-0.06674793600857293
42.800000000000004,0.27368346909021035,0.37122525362512265,-0.0975417845349123
42.85,0.15074787381533275,0.24493590484898412,-0.09418803103365136
42.900000000000006,0.024721096501655812,0.08735859122577407,-0.06263749472411825
42.95,-0.08692345223439983,-0.06378344792282839,-0.02314000431157144
43.0,-0.18044475347356245,-0.1778658883753702,-0.0025788650981922456
43.050000000000004,-0.2594369947247513,-0.24024474760254058,-0.01919224712221071
43.1,-0.3267067208352327,-0.2578836733269395,-0.06882304750829321
43.150000000000006,-0.37974065975945154,-0.2558963940527896,-0.12384426570666196
43.2,-0.4111173709424099,-0.2629963977487408,-0.14812097319366913
43.25,-0.41192913309896734,-0.29264790348416936,-0.11928122961479798
43.300000000000004,-0.3758197012863324,-0.33246551152708176,-0.04335418975925065
43.35,-0.3024028287177033,-0.35044982702294936,0.04804699830524606
43.400000000000006,-0.19935941073378086,-0.3149579754948966,0.11559856476111577
43.45,-0.08207618173205644,-0.21532231401734322,0.13324613228528678
43.5,0.030073076946470767,-0.06992389223486895,0.09999696918133971
43.550000000000004,0.11978711411207801,0.08221323467822964,0.03757387943384838
43.6,0.17710681478084575,0.1997117167876516,-0.022604902006805844
43.650000000000006,0.20097098334455424,0.25632493225077096,-0.05535394890621673
43.7,0.1970383831694177,0.2501243186930267,-0.05308593552360899
43.75,0.1745951727803833,0.2024880370292619,-0.0278928642488786
43.800000000000004,0.14505111272094262,0.14854031534151865,-0.003489202620576032
43.85,0.1213316932114149,0.12222972233692578,-0.0008980291255108741
43.900000000000006,0.11520842776528113,0.14105854019156427,-0.025850112426283142
43.95,0.1315358007961933,0.1974611209917363,-0.06592532019554301
44.0,0.16308898508292843,0.26264955080497504,-0.0995605657220466
44.050000000000004,0.19192777093838123,0.3023408706562932,-0.110413099717912
44.1,0.1992398229376253,0.2955893518119989,-0.09634952887437362
44.150000000000006,0.17796795716882594,0.24500774451356364,-0.0670397873447377
44.2,0.13840749824126172,0.17261064642445353,-0.03420314818319181
44.25,0.10131959966741988,0.10594914467652543,-0.0046295450091055484
44.300000000000004,0.08311657071362652,0.06514804744708427,0.017968523266542247
44.35,0.08461612011502563,0.058051405214288726,0.026564714900736905
44.400000000000006,0.09215869821039041,0.08214275302847442,0.010015945181915994
44.45,0.08959444479518895,0.1271472565681432,-0.03755281177295426
44.5,0.07084449616198256,0.17548176834646054,-0.10463727218447798
44.550000000000004,0.043105146130672505,0.20414013362541464,-0.16103498749474213
44.6,0.019481524365621415,0.192721571518335,-0.17324004715271357
44.650000000000006,0.008653449810482194,0.13571624569303287,-0.12706279588255068
44.7,0.010382389132009388,0.04975321524779592,-0.03937082611578653
44.75,0.01913704111869557,-0.03261014507791039,0.051747186196605954
44.800000000000004,0.030719998054584516,-0.08072091683621527,0.11144091489079978
44.85,0.045296193433006546,-0.08289585734215803,0.12819205077516457
44.900000000000006,0.0650352035549104,-0.05000464235709912,0.11503984591200953
44.95,0.09012441639129283,-0.0038214474891875593,0.09394586388048039
45.0,0.11776177977827579,0.03930758546604875,0.07845419431222704
45.050000000000004,0.14478884187153157,0.07652696083040908,0.06826188104112249
45.1,0.17046951574311825,0.11417826137328034,0.05629125436983791
45.150000000000006,0.19576416573435804,0.15780122684971717,0.03796293888464086
45.2,0.21911314093027964,0.20555872610217787,0.013554414828101768
45.25,0.2324520950347462,0.24788138453188008,-0.015429289497133875
45.300000000000004,0.2215842074641762,0.26961769054729684,-0.04803348308312064
45.35,0.17205754584381625,0.25176786570551823,-0.07971031986170199
45.400000000000006,0.07785797291299666,0.17563642386165867,-0.09777845094866201
45.45,-0.051943923186347815,0.033703153971547876,-0.08564707715789568
45.5,-0.1929607566428962,-0.15599040806717132,-0.03697034857572487
45.550000000000004,-0.3131321228456519,-0.34462150185527707,0.031489379009625174
45.6,-0.38535891820394,-0.46827405160446545,0.08291513340052542
45.650000000000006,-0.3984574615061136,-0.48113646997254833,0.08267900846643472
45.7,-0.3594530152228189,-0.3850491443299343,0.025596129107115395
45.75,-0.28515371003974316,-0.2314634615783726,-0.05369024846137055
45.800000000000004,-0.18885288462191885,-0.09023895847008942,-0.09861392615182943
45.85,-0.0727343299626352,-0.005760804023701079,-0.06697352593893412
45.900000000000006,0.06718117249189069,0.02779368283633943,0.039387489655551264
45.95,0.22737963530755054,0.05446346183261621,0.17291617347493432
46.0,0.38707838814713524,0.11867004756720316,0.26840834057993207
46.050000000000004,0.5128998244852447,0.23117400789220857,0.2817258165930362
46.1,0.576035697531428,0.3625163605155487,0.21351933701587933
46.150000000000006,0.5678112430122781,0.4639545900163939,0.10385665299588426
46.2,0.4999223608481571,0.495899039514214,0.0040233213339431195
46.25,0.3895027491636808,0.4433368170502375,-0.0538340678865567
46.300000000000004,0.24396315648382982,0.3134820083606312,-0.0695188518768014
46.35,0.06128847675442042,0.12597262845584617,-0.06468415170142575
46.400000000000006,-0.15390654098270543,-0.09290436528655316,-0.06100217569615227
46.45,-0.37541646654014743,-0.31090915566424404,-0.06450731087590339
46.5,-0.5596850048519865,-0.49303409946621524,-0.06665090538577123
46.550000000000004,-0.6696984905886096,-0.6119712205437948,-0.057727270044814816
46.6,-0.6986746766832856,-0.660288958707507,-0.03838571797577861
46.650000000000006,-0.6713034877416318,-0.6530327522538711,-0.018270735487760703
46.7,-0.6199971094011649,-0.6157112518261415,-0.004285857575023422
46.75,-0.557448808468481,-0.5654944786432833,0.008045670174802289
46.800000000000004,-0.471237978684862,-0.5004435786747085,0.029205599989846454
46.85,-0.34556757980695985,-0.4056208593553722,0.06005327954841233
46.900000000000006,-0.18858652404897663,-0.27110392716062226,0.08251740311164563
46.95,-0.03729226771098555,-0.1073646547072327,0.07007238699624715
47.0,0.06693786829137569,0.05406814611300746,0.012869722178368223
47.050000000000004,0.11031356833798871,0.17522046041866635,-0.06490689208067764
47.1,0.11586815071505642,0.23136271500234062,-0.1154945642872842
47.150000000000006,0.12074352153586687,0.22321595523558324,-0.10247243369971637
47.2,0.14274597482806206,0.17511614437004933,-0.032370169541987265
47.25,0.16757323287829076,0.12132188090252158,0.046251351975769184
47.300000000000004,0.1678354061217508,0.0885996610503814,0.07923574507136939
47.35,0.13402882109569203,0.08428961701587735,0.04973920407981468
47.400000000000006,0.08644055240592362,0.0958707332620925,-0.009430180856168882
47.45,0.056529925198202324,0.10207921603916434,-0.045549290840962015
47.5,0.05706521951828522,0.08904755200529171,-0.03198233248700649
47.550000000000004,0.07145267863112365,0.06119955765388639,0.010253120977237254
47.6,0.07309954524660654,0.03913946776168959,0.03396007748491695
47.650000000000006,0.05497615555357058,0.045315408675118414,0.009660746878452163
47.7,0.03871954247847833,0.08733350009726287,-0.048613957618784544
47.75,0.052838140056269786,0.15108722616134568,-0.09824908610507589
47.800000000000004,0.10089531603358352,0.208688797772508,-0.10779348173892449
47.85,0.15166446662839606,0.2349467719687749,-0.08328230534037884
47.900000000000006,0.16270568975945418,0.22018830803035552,-0.05748261827090134
47.95,0.11651084297375935,0.17145597033087723,-0.05494512735711787
48.0,0.03588978554243158,0.1042507584292687,-0.06836097288683712
48.050000000000004,-0.03526335367038976,0.03366291787722978,-0.06892627154761954
48.1,-0.06736578087005818,-0.028550090239175468,-0.03881569063088271
48.150000000000006,-0.06426969984906211,-0.07214259888844445,0.007872899039382333
48.2,-0.05075154751571304,-0.08781662714268766,0.03706507962697462
48.25,-0.043526619917883584,-0.07112822348280312,0.027601603564919537
48.300000000000004,-0.03512038379062287,-0.027438888815959718,-0.007681494974663153
48.35,-0.0051053689113583,0.028283374141573468,-0.03338874305293177
48.400000000000006,0.05459634235757078,0.07861701327498549,-0.024020670917414715
48.45,0.12672444458880197,0.11266006092422222,0.014064383664579752
48.5,0.18088748529747226,0.12965149586827013,0.05123598942920213
48.550000000000004,0.1984911960257215,0.1351404854745287,0.06335071055119279
48.6,0.1861261721860983,0.13443383389162605,0.051692338294472256
48.650000000000006,0.16559750630519887,0.1295854867250029,0.03601201958019598
48.7,0.15181604316408157,0.12127060237382112,0.030545440790260447
48.75,0.14033908667021167,0.11131811168160005,0.029020974988611614
48.800000000000004,0.11516113350145006,0.1016652141333835,0.013495919368066558
48.85,0.06702835244900171,0.09073882564271714,-0.02371047319371543
48.900000000000006,0.0036054627879356692,0.0723737223129836,-0.06876825952504793
48.95,-0.05710722288754972,0.0402025719944034,-0.09730979488195313
49.0,-0.1013827768678329,-0.005851660571717635,-0.09553111629611526
49.050000000000004,-0.12698933868979081,-0.057518291808918064,-0.06947104688087274
49.1,-0.13721798608906474,-0.10297711533102992,-0.03424087075803482
49.150000000000006,-0.13052600499278058,-0.1336407935011306,0.003114788508350008
49.2,-0.09871793690408184,-0.14585471087988722,0.047136773975805374
49.25,-0.03657114420679193,-0.1364762743224844,0.09990513011569248
49.300000000000004,0.047125304025404366,-0.09928330773245275,0.14640861175785713
49.35,0.12933279931129502,-0.029630453601852524,0.15896325291314753
49.400000000000006,0.18497501135937075,0.06433136461932196,0.1206436467400488
49.45,0.2010691242509093,0.1553546199739112,0.04571450427699811
49.5,0.1807468489608796,0.2062725493548261,-0.0255257003939465
49.550000000000004,0.13529847604067802,0.1920221224311295,-0.05672364639045149
49.6,0.0735290784897434,0.1180284703376964,-0.044499391847953
49.650000000000006,-0.0011010910300602575,0.01826681984871415,-0.01936791087877441
49.7,-0.0842364909825834,-0.06779704756338584,-0.016439443419197564
49.75,-0.16363627363187871,-0.12158218683901531,-0.042054086792863404
49.800000000000004,-0.220377582205637,-0.15337233377950993,-0.06700524842612707
49.85,-0.23873960898718083,-0.1857033189154199,-0.053036290071760916
49.900000000000006,-0.21653876764532598,-0.22753777304812425,0.010999005402798273
49.95,-0.16701447884110457,-0.2626789182958646,0.09566443945476003
50.0,-0.11074792986992124,-0.2629116067776772,0.15216367690775598
50.050000000000004,-0.06418997198340569,-0.21408266311986388,0.1498926911364582
50.1,-0.033162989637176045,-0.13189650445085596,0.09873351481367992
50.150000000000006,-0.014691752107696096,-0.05356619983453454,0.03887444772683844
50.2,-0.003952086523449887,-0.01256492701214637,0.008612840488696483
50.25,-0.00030065910213624835,-0.017449579230507353,0.017148920128371103
50.300000000000004,-0.008303550608374176,-0.050667914617437027,0.04236436400906285
50.35,-0.033742907718135075,-0.0854283315546422,0.05168542383650713
50.400000000000006,-0.07772235143687063,-0.10474345374753667,0.02702110231066604
50.45,-0.1329322536244509,-0.10804518978236714,-0.024887063842083765
50.5,-0.18491221246200806,-0.10387167791441518,-0.08104053454759289
50.550000000000004,-0.2181920950852707,-0.09871884393824862,-0.11947325114702209
50.6,-0.22367776251378893,-0.0924098068388326,-0.13126795567495633
50.650000000000006,-0.2020019728263745,-0.08140161294277394,-0.12060035988360056
50.7,-0.16001983694219593,-0.06358523590123437,-0.09643460104096156
50.75,-0.10334700315410045,-0.038727083646937215,-0.06461991950716323
50.800000000000004,-0.032115854815409677,-0.005497175813896671,-0.026618679001513004
50.85,0.05490943903950782,0.03929646051799345,0.015612978521514366
50.900000000000006,0.15066092785257282,0.09626227181291921,0.0543986560396536
50.95,0.2343098504077546,0.1575328543867704,0.0767769960209842
51.0,0.2781911735355958,0.20644618126756736,0.07174499226802844
51.050000000000004,0.2647806093650925,0.22557912336045988,0.039201486004632635
51.1,0.20086673213647913,0.2079854826880161,-0.007118750551536962
51.150000000000006,0.1160233224082065,0.16260872208975174,-0.04658539968154525
51.2,0.04462002252142156,0.10899851047152384,-0.06437848795010229
51.25,0.00483140313859083,0.06511816139143593,-0.0602867582528451
51.300000000000004,-0.008753560415885119,0.03755989724497373,-0.04631345766085885
51.35,-0.013866926729058919,0.02121500613946128,-0.035081932868520196
51.400000000000006,-0.021697423120131034,0.007607824209599745,-0.029305247329730777
51.45,-0.02739186286389378,-0.005564441869122597,-0.021827420994771182
51.5,-0.01725322871343668,-0.011406913133697525,-0.0058463155797391555
51.550000000000004,0.015866849072691886,0.0007223038493041231,0.015144545223387764
51.6,0.0644417022416224,0.03606440219583869,0.028377300045783718
51.650000000000006,0.11274549887139036,0.08889940039255216,0.0238460984788382
51.7,0.1505741229463658,0.14470849802577881,0.0058656249205869815
51.75,0.18017453404075348,0.18827685135016228,-0.008102317309408802
51.800000000000004,0.20986863140987394,0.21179438376206502,-0.0019257523521910846
51.85,0.24153307763515924,0.21739806211626153,0.024135015518897712
51.900000000000006,0.2650724113682244,0.21288198277775947,0.05219042859046494
51.95,0.2656144057640704,0.2041948289932388,0.061419576770831624
52.0,0.23623973766300038,0.19036793817724018,0.0458717994857602
52.050000000000004,0.18371942309035844,0.16439715337369765,0.01932226971666079
52.1,0.12198916542787477,0.11907337015818116,0.0029157952696936135
52.150000000000006,0.06019447742591334,0.053230967548313766,0.006963509877599576
52.2,-0.0031032676290886833,-0.026120034600568016,0.023016766971479332
52.25,-0.07479969210467977,-0.10704743186961811,0.032247739764938346
52.300000000000004,-0.15733037086566168,-0.17877374549292374,0.021443374627262063
52.35,-0.2440078732850557,-0.23646955561413052,-0.007538317670925165
52.400000000000006,-0.3233571948525772,-0.2821215269802017,-0.04123566787237548
52.45,-0.38695543473006616,-0.32163256336984536,-0.0653228713602208
52.5,-0.4326920451047783,-0.3602035582324297,-0.0724884868723486
52.550000000000004,-0.46131048577879763,-0.3982349999195365,-0.06307548585926115
52.6,-0.47141476799384713,-0.4293247969612534,-0.04208997103259371
52.650000000000006,-0.4588738646409388,-0.4413823459151887,-0.01749151872575011
52.7,-0.4205757085268613,-0.42119457220428347,0.0006188636774221434
52.75,-0.3571219332523239,-0.361147063198969,0.004025129946645112
52.800000000000004,-0.27065407144808074,-0.26459749450011,-0.006056576947970738
52.85,-0.16068081619461363,-0.14574178684233208,-0.014939029352281558
52.900000000000006,-0.024507533688717862,-0.022624652731816713,-0.0018828809569011486
52.95,0.1354235781895507,0.09278448231504455,0.04263909587450615
53.0,0.303326795824117,0.19999124744418353,0.10333554837993345
53.050000000000004,0.4502615201892771,0.30557091693789024,0.14469060325138688
53.1,0.5455481618870544,0.4111108639644933,0.13443729792256104
53.150000000000006,0.5717397965800667,0.5027443056376476,0.06899549094241908
53.2,0.5313639514354299,0.551866984163455,-0.020503032728025117
53.25,0.44055321083313215,0.5289122676636759,-0.08835905683054379
53.300000000000004,0.3162931019161083,0.421895316776184,-0.1056022148600757
53.35,0.1691197223605375,0.24701465254571536,-0.07789493018517787
53.400000000000006,0.006803819902335039,0.0437112728243173,-0.03690745292198226
53.45,-0.15676416840757734,-0.14269571800496889,-0.014068450402608457
53.5,-0.29838942815818553,-0.2796398621479677,-0.018749566010217822
53.550000000000004,-0.3930548876604466,-0.3563966362376845,-0.03665825142276208
53.6,-0.426270745219479,-0.38036869466982326,-0.04590205054965574
53.650000000000006,-0.4006746290372236,-0.3657252197157953,-0.034949409321428315
53.7,-0.3318532245183036,-0.3230233745649899,-0.008829849953313706
53.75,-0.23830210574930938,-0.2558122798604219,0.017510174111112498
53.800000000000004,-0.13471973846039142,-0.16464082311675915,0.029921084656367725
53.85,-0.03270743550591764,-0.05433569789948992,0.02162826239357228
53.900000000000006,0.05556320331778747,0.06106860832133157,-0.0055054050035441005
53.95,0.11789793861870625,0.15979983208517232,-0.04190189346646607
54.0,0.14831588612065896,0.22055953488052826,-0.0722436487598693
54.050000000000004,0.1527020553749583,0.23337725257556236,-0.08067519720060407
54.1,0.14647796676044697,0.20617534872557347,-0.0596973819651265
54.150000000000006,0.14414469139472785,0.16150508990297197,-0.017360398508244113
54.2,0.14907620989285003,0.1240126472784388,0.025063562614411228
54.25,0.15289986503071626,0.10641820334091141,0.046481661689804846
54.300000000000004,0.1456014380705668,0.10416572569948061,0.04143571237108619
54.35,0.127570383179205,0.10315533842315792,0.02441504475604707
54.400000000000006,0.11251866132650096,0.09460654920926116,0.017912112117239795
54.45,0.11791478618768836,0.08463628882088091,0.03327849736680745
54.5,0.15044500835851513,0.08988395269230111,0.06056105566621402
54.550000000000004,0.19845914436923176,0.1221998115312019,0.07625933283802987
54.6,0.23770326282882387,0.17521317327073802,0.062490089558085854
54.650000000000006,0.2460282351859544,0.22461703266829436,0.021411202517660044
54.7,0.21614327593353702,0.24266026940867436,-0.026516993475137335
54.75,0.15779558321698753,0.2154694932414907,-0.05767391002450317
54.800000000000004,0.08930569754261335,0.14989679541116735,-0.060591097868554
54.85,0.025928147878671794,0.06603140496053034,-0.040103257081858544
54.900000000000006,-0.026469033570195283,-0.016562531042336796,-0.009906502527858487
54.95,-0.0692308054206273,-0.08714348877369335,0.017912683353066047
55.0,-0.10391339327680572,-0.14196507695312366,0.038051683676317935
55.050000000000004,-0.12727143198945365,-0.17782631499515028,0.05055488300569663
55.1,-0.1326564039808967,-0.18979364346169783,0.05713723948080113
55.150000000000006,-0.11660741469477448,-0.1758305440846719,0.05922312938989743
55.2,-0.08493614340879863,-0.14264840784696373,0.0577122644381651
55.25,-0.05265988324408203,-0.1052478940228843,0.05258801077880227
55.300000000000004,-0.03675501599870082,-0.07908993524365325,0.04233491924495243
55.35,-0.04648081448235481,-0.07163467007033136,0.025153855587976552
55.400000000000006,-0.07841610262908978,-0.08086689245835728,0.0024507898292674968
55.45,-0.12012391214233713,-0.10145968818369687,-0.018664223958640258
55.5,-0.15969000691100882,-0.13166431408062687,-0.02802569283038195
55.550000000000004,-0.19357292913713484,-0.1736652674740706,-0.019907661663064236
55.6,-0.2264688823571965,-0.22727637046204147,0.0008074881048449611
55.650000000000006,-0.26352777992779525,-0.2840107376624831,0.020482957734687834
55.7,-0.30179657723870945,-0.32834536556530214,0.026548788326592687
55.75,-0.328531672183459,-0.34574483984792453,0.017213167664465512
55.800000000000004,-0.32821964215669913,-0.3302942192911264,0.002074577134427269
55.85,-0.29277724043724235,-0.28548433168984166,-0.007292908747400684
55.900000000000006,-0.22685995208182871,-0.2188155999545635,-0.008044352127265203
55.95,-0.14450668134278866,-0.13677521252717373,-0.007731468815614928
56.0,-0.06041355514780175,-0.04521648788943439,-0.015197067258367364
56.050000000000004,0.017240793054735134,0.04689757129535263,-0.029656778240617496
56.1,0.08790311904475204,0.12707622516933578,-0.039173106124583745
56.150000000000006,0.15463079206288635,0.18561099072818157,-0.030980198665295222
56.2,0.2192629981721307,0.22383889254612402,-0.0045758943739933056
56.25,0.2801048851549218,0.25532085721407305,0.024784027940848774
56.300000000000004,0.3323307194640887,0.2959976314249964,0.0363330880390923
56.35,0.3696138086339882,0.3498505284897267,0.019763280144261486
56.400000000000006,0.38615401054308784,0.4023577498024607,-0.01620373925937285
56.45,0.37917129322983417,0.42875832437452177,-0.0495870311446876
56.5,0.35112148225294426,0.4117560173756161,-0.06063453512267186
56.550000000000004,0.30941649571309787,0.3547539314806612,-0.04533743576756333
56.6,0.262143415689536,0.279839765598381,-0.017696349908845
56.650000000000006,0.21188127379266125,0.21199878372371803,-0.0001175099310567751
56.7,0.15292433639674552,0.16189033010890863,-0.008965993712163112
56.75,0.07580629703357457,0.12004370954234625,-0.04423741250877168
56.800000000000004,-0.023104554719597305,0.0658162423725107,-0.08892079709210801
56.85,-0.1346670530081951,-0.016573017657434,-0.1180940353507611
56.900000000000006,-0.2393418991431801,-0.12648385396132986,-0.11285804518185025
56.95,-0.3177998728572291,-0.24634472405534735,-0.07145514880188175
57.0,-0.36112917504333064,-0.3504244136280962,-0.010704761415234465
57.050000000000004,-0.37215738856493535,-0.416131246280226,0.043973857715290665
57.1,-0.35769751501242864,-0.4317851828034825,0.07408766779105386
57.150000000000006,-0.3201894711713207,-0.3986227558984673,0.07843328472714661
57.2,-0.2575832724361023,-0.32803757458218624,0.07045430214608395
57.25,-0.1716777907130259,-0.2363431822681599,0.06466539155513398
57.300000000000004,-0.07590895179024139,-0.13949480745760603,0.06358585566736465
57.35,0.006803188247672367,-0.049949785224369235,0.0567529734720416
57.400000000000006,0.05623919763385851,0.02328290281018665,0.032956294823671864
57.45,0.06715194137790362,0.0726452527904666,-0.0054933114125629845
57.5,0.050927436962176095,0.09129187424715417,-0.04036443728497807
57.550000000000004,0.025472677444606184,0.07607030829953837,-0.050597630854932185
57.6,0.0027924065443147464,0.032852404124101606,-0.03005999757978686
57.650000000000006,-0.01488716803666071,-0.02091512510424013,0.00602795706757942
57.7,-0.028572786116660802,-0.06104710878657906,0.03247432266991826
57.75,-0.033931524343062985,-0.0678383682221934,0.03390684387913041
57.800000000000004,-0.020515166042235466,-0.03641657256686908,0.015901406524633614
57.85,0.0198562617325782,0.02175022547454124,-0.0018939637419630416
57.900000000000006,0.08372934116689004,0.08765460097203137,-0.003925259805141329
57.95,0.15493907151443806,0.1467545252520879,0.008184546262350156
58.0,0.2130543504612438,0.194352565704587,0.018701784756656792
58.050000000000004,0.24386582947752025,0.23069766934662378,0.013168160130896472
58.1,0.24359607766425295,0.25192670778535164,-0.008330630121098692
58.150000000000006,0.21558199806063033,0.24710626655913903,-0.0315242684985087
58.2,0.1652097139448013,0.20577132724799072,-0.040561613303189414
58.25,0.09873262803048997,0.12962198901056685,-0.03088936098007687
58.300000000000004,0.025384939990700954,0.036737976550569755,-0.011353036559868801
58.35,-0.04245338510129324,-0.047476397531470926,0.0050230124301776855
58.400000000000006,-0.0939463782155558,-0.10621037453058868,0.012263996315032874
58.45,-0.12573670519422647,-0.14048148150047002,0.014744776306243546
58.5,-0.14265264096309602,-0.16338518076932507,0.02073253980622905
58.550000000000004,-0.15143172636305616,-0.18455306998632587,0.03312134362326971
58.6,-0.15329497436349945,-0.19938118003587368,0.04608620567237423
58.650000000000006,-0.14318975896648062,-0.19359207777264523,0.05040231880616461
58.7,-0.11701577576723898,-0.1593077567596527,0.042291980992413714
58.75,-0.07951650905621223,-0.10715801051888348,0.027641501462671247
58.800000000000004,-0.0439924159022106,-0.06142029467775762,0.017427878775547023
58.85,-0.022797907524325284,-0.04048863408798248,0.017690726563657194
58.900000000000006,-0.017121914763311496,-0.03953052552330248,0.022408610759990986
58.95,-0.015973773623253796,-0.03216146938554522,0.016187695762291423
59.0,-0.005774098843259094,0.007834082845314188,-0.013608181688573282
59.050000000000004,0.01817185546394608,0.0819183238879654,-0.06374646842401932
59.1,0.048665125510424345,0.1607289764839128,-0.11206385097348845
59.150000000000006,0.07402933881986867,0.2034118630388605,-0.12938252421899182
59.2,0.0880862868132898,0.1879299897738516,-0.09984370296056182
59.25,0.0933017809394596,0.12812464340035867,-0.03482286246089908
59.300000000000004,0.09544935799581097,0.06376102514787116,0.031688332847939815
59.35,0.09665706569793095,0.0317617606507948,0.06489530504713614
59.400000000000006,0.09426359124507835,0.04165127278546908,0.05261231845960927
59.45,0.08565052735936911,0.07362294796332303,0.012027579396046081
59.5,0.07257462563239774,0.09825052582261203,-0.02567590019021429
59.550000000000004,0.05978389733585316,0.09976273598526557,-0.03997883864941241
59.6,0.050033974187192416,0.08418479537980672,-0.034150821192614304
59.650000000000006,0.042282177869194526,0.06865085788260189,-0.026368680013407364
59.7,0.03610827208836981,0.06449808245265061,-0.0283898103642808
59.75,0.03729262712601691,0.07007255071924258,-0.03277992359322567
59.800000000000004,0.056535385080057336,0.07791480748127136,-0.021379422401214022
59.85,0.09989678006677181,0.08676771765314863,0.013129062413623188
59.900000000000006,0.1593127819146359,0.1050218946163535,0.05429088729828241
59.95,0.21361414902674747,0.14155056237223504,0.07206358665451243
60.0,0.2413162705377959,0.19273216058346926,0.04858410995432663
60.050000000000004,0.2345754825522713,0.2384985636293221,-0.003923081077050777
60.1,0.2015420776478315,0.25211108304170987,-0.050569005393878375
60.150000000000006,0.1550992318060887,0.21618032147955826,-0.06108108967346956
60.2,0.09946860917621408,0.13250360043574058,-0.0330349912595265
60.25,0.02857538805453289,0.019382169356146145,0.009193218698386744
60.300000000000004,-0.061766954161046585,-0.09935941174671944,0.03759245758567286
60.35,-0.16043804201857692,-0.204228758055125,0.04379071603654808
60.400000000000006,-0.24143498609305658,-0.2831605635988949,0.04172557750583833
60.45,-0.2803059486682789,-0.3297881335539714,0.049482184885692504
60.5,-0.2727672622451797,-0.34227665183658196,0.06950938959140224
60.550000000000004,-0.23853480149691564,-0.32489368688599735,0.08635888538908171
60.6,-0.20663824408343198,-0.28932187370662804,0.08268362962319606
60.650000000000006,-0.19540739168198723,-0.2518102229207927,0.05640283123880546
60.7,-0.20446490558338193,-0.22655763516574492,0.022092729582362997
60.75,-0.22360728956871906,-0.2201703127626662,-0.0034369768060528716
60.800000000000004,-0.24701673276232014,-0.2314052083642089,-0.015611524398111254
60.85,-0.27717828078988377,-0.2551774430623963,-0.022000837727487454
60.900000000000006,-0.3148800800239102,-0.2856880132591538,-0.02919206676475644
60.95,-0.34720125844204774,-0.31520197153278473,-0.031999286909263014
61.0,-0.34843442194782487,-0.3308358598578531,-0.017598562089971792
61.050000000000004,-0.2961766989411078,-0.3152487237418188,0.019072024800710963
61.1,-0.1890943962780942,-0.2540035192769346,0.06490912299884039
61.150000000000006,-0.05001710538907772,-0.1452549279724784,0.09523782258340069
61.2,0.08885438791998132,-0.0036515525135232514,0.09250594043350457
61.25,0.20548830953780725,0.1456548924671758,0.059833417070631445
61.300000000000004,0.29545570285700046,0.2785815320556701,0.016874170801330357
61.35,0.362654473924043,0.380231289664786,-0.01757681574074299
61.400000000000006,0.40472198262845355,0.4442396837426548,-0.039517701114201276
61.45,0.4088114494714683,0.4666374121398004,-0.05782596266833212
61.5,0.36233356608984935,0.44250464058780303,-0.08017107449795369
61.550000000000004,0.2681278080964513,0.37011630304746507,-0.10198849495101375
61.6,0.149027205719712,0.2587355469567453,-0.10970834123703327
61.650000000000006,0.0367559717064184,0.13132514541566317,-0.09456917370924478
61.7,-0.045562683009315874,0.017272053429113796,-0.06283473643842967
61.75,-0.09292809503785071,-0.06077527508817652,-0.03215281994967419
61.800000000000004,-0.11382145227808013,-0.09628530657332156,-0.017536145704758574
61.85,-0.11797765284440512,-0.09786170313695415,-0.020115949707450967
61.900000000000006,-0.10841450903935011,-0.07999586076543394,-0.028418648273916172
61.95,-0.0834712666640367,-0.053769916431168734,-0.02970135023286797
62.0,-0.044286159525214926,-0.024123198418991684,-0.020162961106223242
62.050000000000004,0.0012122018311994968,0.0066250859858440385,-0.005412884154644542
62.1,0.04185112562402768,0.034543919773774266,0.0073072058502534135
62.150000000000006,0.070194503287438,0.05379575958555935,0.016398743701878646
62.2,0.08577092010317375,0.059887594136437204,0.025883325966736544
62.25,0.09177460624439941,0.0525303662718993,0.039244239972500115
62.300000000000004,0.08921646248408875,0.03529776464586537,0.05391869783822338
62.35,0.07471901225941235,0.012988449356419522,0.061730562902992836
62.400000000000006,0.04408710514428913,-0.010499405567093783,0.054586510711382916
62.45,-0.002052492179873924,-0.032544047314543675,0.03049155513466975
62.5,-0.05612283371219204,-0.05170072066834011,-0.004422113043851927
62.550000000000004,-0.10706698204564574,-0.06850832708463735,-0.038558654961008396
62.6,-0.1463708747060128,-0.08625330092988541,-0.06011757377612738
62.650000000000006,-0.17159152938933295,-0.1092800290522577,-0.06231150033707525
62.7,-0.18485074897892556,-0.1384060616258606,-0.04644468735306495
62.75,-0.18807727137966293,-0.16678891424762282,-0.02128835713204011
62.800000000000004,-0.17916080025370854,-0.1807998014682982,0.0016390012145896526
62.85,-0.15209491444555717,-0.1668454772132789,0.014750562767721714
62.900000000000006,-0.10103306507068356,-0.11958099284017679,0.018547927769493225
62.95,-0.02549729032944614,-0.04510637420238569,0.01960908387293955
63.0,0.0666374613101182,0.04313716947608222,0.023500291834035986
63.050000000000004,0.1603233619141301,0.1316778477035407,0.02864551421058939
63.1,0.23820059513120323,0.21107468425541842,0.02712591087578481
63.150000000000006,0.28659747014111897,0.2742976611692597,0.012299808971859283
63.2,0.2995562255265253,0.31322497647808567,-0.013668750951560393
63.25,0.27908805714960383,0.3189461381063287,-0.039858080956724884
63.300000000000004,0.23230594553075082,0.2870528390250821,-0.05474689349433129
63.35,0.1679459232442138,0.2229531458241603,-0.055007222579946474
63.400000000000006,0.09461466882305206,0.14117005685127185,-0.04655538802821979
63.45,0.021063469592417377,0.05811372531844298,-0.037050255726025605
63.5,-0.043259746256564834,-0.015585190832363364,-0.02767455542420147
63.550000000000004,-0.08927645866449561,-0.07643189375013484,-0.01284456491436077
63.6,-0.11100982958300362,-0.12270108989813229,0.011691260315128668
63.650000000000006,-0.1080607406785738,-0.14894954489771992,0.04088880421914612
63.7,-0.08578586050484101,-0.14731690846320653,0.06153104795836552
63.75,-0.05293883730358407,-0.11541333713835614,0.06247449983477207
63.800000000000004,-0.01842170707274599,-0.0630977409329053,0.04467603386015931
63.85,0.010986905581757134,-0.010385575051920252,0.021372480633677388
63.900000000000006,0.03136752315844495,0.023366225796928246,0.008001297361516706
63.95,0.04148170352609533,0.030524110900670125,0.010957592625425203
64.0,0.04223048531526926,0.017491785703515245,0.024738699611754015
64.05,0.03562762712188579,-0.0028553746644081114,0.0384830017862939
64.10000000000001,0.02328906889018042,-0.02114607022369578,0.0444351391138762
64.15,0.005459779368934958,-0.03536153858945466,0.040821317958389614
64.2,-0.018064138565554562,-0.04705158138152673,0.028987442815972167
64.25,-0.045344626558747415,-0.05602114169225569,0.010676515133508271
64.3,-0.07058753184749765,-0.06000221043447983,-0.010585321413017823
64.35000000000001,-0.0860305137976046,-0.05904780502501537,-0.02698270877258923
64.4,-0.08696923962997191,-0.058108499550963914,-0.028860740079007997
64.45,-0.07555455311358941,-0.06268791780899728,-0.01286663530459213
64.5,-0.05887011583576659,-0.07054640607827474,0.011676290242508151
64.55,-0.04184599384528299,-0.06853540465842248,0.02668941081313949
64.60000000000001,-0.021492267010183214,-0.04049369362757329,0.019001426617390075
64.65,0.010748153200181128,0.01833719484170067,-0.00758904164151954
64.7,0.058858342060985565,0.09275140990909016,-0.03389306784810459
64.75,0.11322959883112456,0.15404029510187264,-0.040810696270748084
64.8,0.15277614218891689,0.17821078694298267,-0.02543464475406579
64.85000000000001,0.1590228953345095,0.16196818375722802,-0.002945288422718517
64.9,0.13109091283507246,0.12348253049086187,0.0076083823442105875
64.95,0.08756077941197786,0.08730539987084926,0.0002553795411286003
65.0,0.05166062028911845,0.06580077057808627,-0.014140150288967819
65.05,0.03164612936127608,0.05184310418501572,-0.02019697482373964
65.10000000000001,0.014106227481696352,0.027610609489813576,-0.013504382008117224
65.15,-0.022537028169482325,-0.018914991176945534,-0.003622036992536791
65.2,-0.08539485640340293,-0.08337622293214351,-0.0020186334712594123
65.25,-0.15578548496338315,-0.14775098320861935,-0.008034501754763806
65.3,-0.20058736149174852,-0.19242230493264817,-0.008165056559100353
65.35000000000001,-0.19755748885937208,-0.2072921509843369,0.009734662124964821
65.4,-0.15296765815377567,-0.19449303905703552,0.041525380903259856
65.45,-0.09626654569853578,-0.16329292093561648,0.0670263752370807
65.5,-0.05662496471293664,-0.12335364219554358,0.06672867748260694
65.55,-0.04188810568987755,-0.08161522534830243,0.039727119658424875
65.60000000000001,-0.037524889769374604,-0.04316912755754512,0.005644237788170518
65.65,-0.02472289483271478,-0.01289675514510346,-0.011826139687611321
65.7,1.9645433780727205e-05,0.004801800273940846,-0.004782154840160119
65.75,0.021558642932969038,0.007888396057981575,0.013670246874987463
65.8,0.020980022155980917,-0.001969189306460752,0.02294921146244167
65.85000000000001,-0.0058989384626703095,-0.01992027276543014,0.01402133430275983
65.9,-0.04336508759713734,-0.03971225174495023,-0.0036528358521871127
65.95,-0.06805796685891233,-0.05537226833812604,-0.012685698520786284
66.0,-0.06723382314076434,-0.062317383199925774,-0.004916439940838568
66.05,-0.047434164065082364,-0.05838544020201545,0.010951276136933086
66.10000000000001,-0.027483811490441892,-0.04493898089410844,0.01745516940366655
66.15,-0.02319119733743984,-0.027069460765310086,0.003878263427870246
66.2,-0.03657538589400653,-0.011750024108862334,-0.024825361785144197
66.25,-0.05668098374748461,-0.004292295418661938,-0.05238868832882267
66.3,-0.06891728564588319,-0.005313243026674749,-0.06360404261920843
66.35000000000001,-0.06446814678013443,-0.010533489573537233,-0.0539346572065972
66.4,-0.04367794937012672,-0.013628170596147182,-0.03004977877397954
66.45,-0.013267577558544496,-0.009872027840097055,-0.0033955497184474416
66.5,0.018940272948420604,0.002160517974021316,0.016779754974399288
66.55,0.04820896568984982,0.02158717212227476,0.02662179356757506
66.60000000000001,0.07427059287234988,0.04714219196714729,0.02712840090520259
66.65,0.09955080294175758,0.07768410162508715,0.02186670131667043
66.7,0.12491740265190766,0.11073019865429191,0.01418720399761575
66.75,0.14535412182898602,0.14073679776042206,0.004617324068563966
66.8,0.14943632863465547,0.15932438851557745,-0.009888059880921979
66.85000000000001,0.12512033952296597,0.15796014577842782,-0.032839806255461845
66.9,0.06946019652411671,0.13153475501112755,-0.062074558487010836
66.95,-0.004959262538767326,0.08078677917613801,-0.08574604171490534
67.0,-0.07353871033567069,0.012795077936357396,-0.08633378827202809
67.05,-0.11262429974943941,-0.0598698883829807,-0.05275441136645871
67.10000000000001,-0.11304767537462064,-0.12077561572213748,0.007727940347516837
67.15,-0.08372658299943281,-0.15254316120510317,0.06881657820567036
67.2,-0.042447974780823315,-0.14182765752154328,0.09937968274071995
67.25,-0.0017600956583875903,-0.0854973597684619,0.08373726411007432
67.3,0.03793248085549318,0.005253264109678287,0.03267921674581489
67.35000000000001,0.08264978877606748,0.10663300205734666,-0.023983213281279184
67.4,0.1327432133954926,0.19074915744740498,-0.05800594405191237
67.45,0.1765816491776388,0.2371270050325198,-0.060545355854880994
67.5,0.19672901745127927,0.24071041450317682,-0.04398139705189755
67.55,0.18354194383194594,0.21154041367013107,-0.02799846983818513
67.60000000000001,0.14394672444841677,0.16671903227105156,-0.022772307822634785
67.65,0.09722056475854546,0.12035814813518905,-0.023137583376643595
67.7,0.06107544987629045,0.07807605944334996,-0.01700060956705951
67.75,0.03970931415259683,0.03865389864521961,0.0010554155073772137
67.8,0.023394532550532296,-6.299369406397143e-05,0.023457526244596266
67.85000000000001,-0.0010386498079286613,-0.03666480403957422,0.03562615423164556
67.9,-0.038402107715149486,-0.0667233125230142,0.02832120480786471
67.95,-0.08167665806034866,-0.08726004960804726,0.005583391547698602
68.0,-0.11847804141708514,-0.10055880061150245,-0.017919240805582687
68.05,-0.14064806478434527,-0.11338902308355597,-0.0272590417007893
68.10000000000001,-0.1485490987615669,-0.13173432155180403,-0.016814777209762877
68.15,-0.14738783938244787,-0.15507802670277965,0.007690187320331776
68.2,-0.14018367497109202,-0.17492912571493385,0.03474545074384183
68.25,-0.12440765306544092,-0.17913223772737558,0.05472458466193465
68.3,-0.09533227790281013,-0.15917567687911327,0.06384339897630315
68.35000000000001,-0.052790724833671705,-0.11558071628664378,0.06278999145297207
68.4,-0.004930394307998469,-0.05800392100929766,0.05307352670129919
68.45,0.03492273079335035,-0.0004717657683126592,0.03539449656166301
68.5,0.05633665188623258,0.04480042369125564,0.01153622819497694
68.55,0.05854019114413819,0.07135063081123898,-0.012810439667100784
68.60000000000001,0.050370483823390835,0.07880863482241605,-0.02843815099902522
68.65,0.04315254431407685,0.07088404989712678,-0.02773150558304993
68.7,0.04200099379921285,0.05319132430982377,-0.01119033051061092
68.75,0.04260026096169854,0.03207874415003588,0.010521516811662662
68.8,0.03629877161127702,0.014044141202214682,0.02225463040906234
68.85000000000001,0.019386057751188564,0.0047452963143392105,0.014640761436849354
68.9,-0.0015617925336196762,0.007383345745373639,-0.008945138278993315
68.95,-0.013557893999369311,0.02134037690267017,-0.03489827090203948
69.0,-0.007724404454632007,0.042174751108528606,-0.049899155563160616
69.05,0.012454775442041453,0.06320410999450052,-0.050749334552459065
69.10000000000001,0.03288016365369234,0.0778252216744962,-0.044945058020803855
69.15,0.039920719171914816,0.08143798843747736,-0.04151726926556255
69.2,0.031656776122574656,0.07246704066853969,-0.040810264545965036
69.25,0.01936817456060409,0.0527003174044396,-0.03333214284383551
69.3,0.01765867298852534,0.027201888263743822,-0.00954321527521848
69.35000000000001,0.03175778499451887,0.003511039210859546,0.02824674578365932
69.4,0.053156627893427,-0.010414603733521,0.063571231626948
69.45,0.06714173584982987,-0.009372881511107043,0.07651461736093691
69.5,0.06494618970377693,0.006145365917816219,0.05880082378596071
69.55,0.04936676353763871,0.02917073719871579,0.020196026338922923
69.60000000000001,0.029436316963032536,0.04863152949428806,-0.019195212531255525
69.65,0.01044543211558994,0.05398285071004242,-0.04353741859445248
69.7,-0.010243900704205194,0.039694376330109055,-0.04993827703431425
69.75,-0.03754124622255886,0.007331792323804999,-0.04487303854636386
69.8,-0.06943918850358534,-0.03543019650219673,-0.034008992001388606
69.85000000000001,-0.09439984178769292,-0.07776633031617619,-0.016633511471516732
69.9,-0.0988094784805713,-0.10891441594777398,0.010104937467202688
69.95,-0.0777513083655272,-0.12061466523301133,0.04286335686748413
70.0,-0.038936082274953356,-0.1087746142064411,0.06983853193148776
70.05,0.0035469429685263103,-0.074670202210742,0.07821714517926831
70.10000000000001,0.039070253720659524,-0.025449334722650513,0.06451958844331004
70.15,0.064489474556786,0.026864848295608666,0.03762462626117733
70.2,0.07985421050821073,0.06838154225877158,0.011472668249439155
70.25,0.08235415238759733,0.08770242349729117,-0.005348271109693839
70.3,0.06647736391004924,0.07983801485952288,-0.01336065094947364
70.35000000000001,0.030759849734149892,0.047777305981882304,-0.01701745624773241
70.4,-0.01667645558571332,0.0009343582064681851,-0.017610813792181507
70.45,-0.061140984639912854,-0.04869161365069644,-0.012449370989216411
70.5,-0.0913026849628578,-0.0907554650954077,-0.0005472198674500994
70.55,-0.10649803743614039,-0.11938046846943905,0.012882431033298655
70.60000000000001,-0.11399240669723343,-0.1336766569903551,0.01968425029312168
70.65,-0.1191487354082237,-0.1362691183780539,0.017120382969830192
70.7,-0.11914438681971072,-0.1309490039698713,0.011804617150160582
70.75,-0.10724139061714381,-0.12073438912897604,0.013492998511832222
70.8,-0.08301577119974748,-0.10720066582063913,0.024184894620891642
70.85000000000001,-0.05675984192942859,-0.09113119040793231,0.034371348478503726
70.9,-0.04182398389151845,-0.07372967256621558,0.03190568867469713
70.95,-0.04180729355330566,-0.057293960315083756,0.015486666761778095
71.0,-0.04627727200277704,-0.044667418528355506,-0.0016098534744215312
71.05,-0.04096309705330034,-0.03775781547809834,-0.0032052815752020014
71.10000000000001,-0.023175207177670562,-0.03624559771540814,0.013070390537737578
71.15,-0.006377554781633846,-0.037577440103986094,0.03119988532235225
71.2,-0.007606641905183068,-0.03836978786180875,0.030763145956625684
71.25,-0.028976419475978676,-0.03617404220013073,0.0071976227241520516
71.3,-0.051984911821983865,-0.030205348761488587,-0.021779563060495277
71.35000000000001,-0.05202333622443396,-0.020510870671401515,-0.03151246555303244
71.4,-0.020579890177342283,-0.006476304330517543,-0.01410358584682474
71.45,0.026075739795848388,0.01371062721231261,0.012365112583535778
71.5,0.0608783092069213,0.0417438928708025,0.0191344163361188
71.55,0.06996424209759343,0.07680054417882169,-0.006836302081228263
71.60000000000001,0.06385283700661958,0.1140370528724505,-0.050184215865830925
71.65,0.06500978265885206,0.14557759977809792,-0.08056781711924586
71.7,0.08392527131692688,0.16378975482361396,-0.07986448350668708
71.75,0.10724168961642119,0.16482303410007895,-0.05758134448365776
71.8,0.1098910344184947,0.1500535572260021,-0.040162522807507414
71.85000000000001,0.07976934384094488,0.12457234317595435,-0.044802999335009475
71.9,0.031099935526289195,0.09402528984108971,-0.06292535431480051
71.95,-0.006553289944904082,0.062238387566255285,-0.06879167751115936
72.0,-0.013283548934354608,0.03125318435487117,-0.04453673328922578
72.05,0.005628219854213461,0.0033219515952436244,0.0023062682589698362
72.10000000000001,0.027519584799630303,-0.017254697117406095,0.0447742819170364
72.15,0.034844379184116196,-0.024492727141952508,0.0593371063260687
72.2,0.03036456706476967,-0.013590766797966062,0.04395533386273573
72.25,0.03129305010387573,0.015453690722007767,0.015839359381867965
72.3,0.04955758130675106,0.0560161489856311,-0.006458567678880041
72.35000000000001,0.07817285041526637,0.09631169043798322,-0.01813884002271686
72.4,0.09659158739485914,0.12361620263275559,-0.027024615237896454
72.45,0.08896742410643763,0.1290940825540974,-0.04012665844765978
72.5,0.057501298554379465,0.11089992395919007,-0.05339862540481061
72.55,0.019160301439261337,0.07435436185641245,-0.05519406041715111
72.60000000000001,-0.009367290114050957,0.029522968073623375,-0.03889025818767433
72.65,-0.023466337880164452,-0.012472123310360742,-0.01099421456980371
72.7,-0.02941421112849032,-0.04292176844543967,0.013507557316949349
72.75,-0.03424144703081029,-0.05771078021611004,0.02346933318529975
72.8,-0.038334853940416476,-0.057724611962313,0.019389758021896526
72.85000000000001,-0.03736639518016764,-0.047565347963629344,0.010198952783461702
72.9,-0.029234298746612083,-0.03320333903080863,0.003969040284196548
72.95,-0.017152001188403106,-0.019596767755810353,0.002444766567407247
73.0,-0.005834414771340521,-0.009304699578341217,0.003470284807000695
73.05,0.00371440064595919,-0.002540411157483134,0.006254811803442324
73.10000000000001,0.014027860993353724,0.0017645417892973275,0.012263319204056397
73.15,0.025923107494588964,0.004862550120269953,0.02106055737431901
73.2,0.03522019507570752,0.00779692601072238,0.02742326906498514
73.25,0.03658435842456172,0.011624323487082883,0.02496003493747884
73.3,0.030891755319468008,0.01750769344175678,0.013384061877711226
73.35000000000001,0.02708595783391401,0.026100320833255395,0.0009856370006586165
73.4,0.034440820113928315,0.036510019074694734,-0.002069198960766419
73.45,0.05195582456664581,0.04585865731042787,0.006097167256217943
73.5,0.06640726199625328,0.05023654798271504,0.016170714013538243
73.55,0.06301283166271397,0.04674677422862165,0.016266057434092325
73.60000000000001,0.039580848856474254,0.0352836843807897,0.004297164475684553
73.65,0.010071192351185344,0.01869142344538499,-0.008620231094199647
73.7,-0.0071465518404076256,0.001107069506156958,-0.008253621346564584
73.75,-0.005956758234892229,-0.014335593924488922,0.008378835689596693
73.8,0.001899182184402577,-0.026846811514550848,0.028745993698953424
73.85000000000001,-0.001941826743629368,-0.0376353741019276,0.03569354735829823
73.9,-0.024992773659041373,-0.04849512576030997,0.023502352101268595
73.95,-0.057051364508367265,-0.06059623151426918,0.003544867005901918
74.0,-0.08039239714529774,-0.07423509396337861,-0.0061573031819191215
74.05,-0.08664555941185438,-0.08922387971045947,0.002578320298605094
74.10000000000001,-0.08356344710824856,-0.10505310414698363,0.021489657038735066
74.15,-0.08531153085456371,-0.12043486464251803,0.03512333378795432
74.2,-0.09663088427588383,-0.132790661456899,0.036159777181015165
74.25,-0.10731274384260592,-0.13865778221549377,0.03134503837288785
74.3,-0.10276274569321887,-0.13533744082857715,0.03257469513535828
74.35000000000001,-0.07991314582569868,-0.1229055791591167,0.042992433333418026
74.4,-0.05216106846334509,-0.10504239673556935,0.05288132827222426
74.45,-0.03799115741933095,-0.08770351762825468,0.04971236020892373
74.5,-0.044286877942601506,-0.07612623201676506,0.03183935407416356
74.55,-0.060525677043062207,-0.07193676073403732,0.011411083690975113
74.60000000000001,-0.06904410792140284,-0.07220598210009134,0.0031618741786885035
74.65,-0.060732021507338425,-0.07108317106941267,0.010351149562074245
74.7,-0.040864731636246446,-0.06297180000405501,0.02210706836780857
74.75,-0.020590492342664843,-0.045272283946201655,0.024681791603536812
74.8,-0.004323437161149981,-0.01914901823132573,0.014825581070175748
74.85000000000001,0.013258814682011982,0.011759282690092958,0.0014995319919190245
74.9,0.03792995054032848,0.043365528020696605,-0.005435577480368124
74.95,0.06523503019453132,0.07228676831224883,-0.007051738117717504
75.0,0.0810370010135142,0.09554740447648989,-0.01451040346297569
75.05,0.07394366826209343,0.10975616236468573,-0.035812494102592296
75.10000000000001,0.047214522921035146,0.11132395085428111,-0.06410942793324596
75.15,0.017480912925488895,0.09838122842526845,-0.08090031549977955
75.2,0.0007387095656947386,0.07323409494709184,-0.07249538538139709
75.25,-0.0008463884131941789,0.043081531418987774,-0.04392791983218195
75.3,0.0016397097772768165,0.01755148962837263,-0.015911779851095816
75.35000000000001,-0.002700752855615668,0.004038481706543727,-0.006739234562159396
75.4,-0.01223021773581134,0.003909852875543527,-0.01614007061135487
75.45,-0.014277499206733213,0.012434114671516658,-0.02671161387824987
75.5,0.0010451958066809088,0.022613589341517904,-0.021568393534836996
75.55,0.02901083444487676,0.03002610637938014,-0.001015271934503379
75.60000000000001,0.05286196109209759,0.03494659595742639,0.0179153651346712
75.65,0.05860031656347621,0.040307886758451816,0.018292429805024393
75.7,0.04732954470265482,0.04761084776308305,-0.00028130306042823544
75.75,0.03297800257513399,0.054607970335693964,-0.021629967760559976
75.8,0.028047697345853658,0.05689262425924331,-0.028844926913389652
75.85000000000001,0.0319828294969041,0.05190792608899798,-0.019925096592093884
75.9,0.03364330466125437,0.04162247772375575,-0.007979173062501378
75.95,0.024574325707632176,0.03129806531011076,-0.006723739602478587
76.0,0.008682662741837792,0.0253344533665568,-0.016651790624719005
76.05,-0.0019629588334186816,0.023844480278258282,-0.025807439111676964
76.10000000000001,-0.000563556196634798,0.022938781731661376,-0.023502337928296174
76.15,0.006422951925320284,0.018342919141746766,-0.011919967216426483
76.2,0.005847349425202138,0.00905809693019181,-0.0032107475049896724
76.25,-0.007470268114543837,-0.002054232085622999,-0.005416036028920837
76.3,-0.02367764411025166,-0.01093819212912553,-0.012739451981126129
76.35000000000001,-0.026898200185776797,-0.015569330526947343,-0.011328869658829455
76.4,-0.012025807478662236,-0.016883870751944332,0.004858063273282096
76.45,0.008000467085979606,-0.017011395729926458,0.025011862815906064
76.5,0.013110496062023972,-0.01694985015138603,0.030060346213410003
76.55,-0.004384940615781419,-0.016021173700994155,0.011636233085212735
76.60000000000001,-0.030788094197192487,-0.013332386440483311,-0.017455707756709175
76.65,-0.04221555283876758,-0.009330633481668075,-0.0328849193570995
76.7,-0.026109976437887653,-0.005541401891552355,-0.0205685745463353
76.75,0.007306889807332295,-0.00261323801021432,0.009920127817546615
76.80000000000001,0.03467522769813538,0.0012841827492832728,0.0333910449488521
76.85000000000001,0.040998257031237814,0.00980071285119663,0.031197544180041184
76.9,0.032408239127425784,0.02562224701668383,0.006785992110741955
76.95,0.028304401071758193,0.04766324962790099,-0.0193588485561428
77.0,0.04110410742515119,0.07043761777905272,-0.029333510353901526
77.05000000000001,0.06359617928210437,0.08613391838461006,-0.022537739102505686
77.10000000000001,0.07592510424166271,0.08808881226057892,-0.012163708018916211
77.15,0.0648125949540579,0.07378172169376573,-0.00896912673970783
77.2,0.03604807683221656,0.04614081309447888,-0.010092736262262321
77.25,0.008593990921734344,0.012839260322466217,-0.0042452694007318725
77.30000000000001,-0.003057959540172947,-0.016266072270350134,0.013208112730177187
77.35000000000001,-0.0007936516787349641,-0.03300849637510521,0.032214844696370246
77.4,0.0016011157287134118,-0.03474986906932787,0.03635098479804128
77.45,-0.006776451399370761,-0.026067710634802677,0.019291259235431915
77.5,-0.02431203410771878,-0.016646150489110594,-0.007665883618608187
77.55000000000001,-0.041002616423594464,-0.01591397124521625,-0.025088645178378215
77.60000000000001,-0.05003276507293793,-0.027534111647669487,-0.022498653425268446
77.65,-0.05345610598173709,-0.04745674506200856,-0.005999360919728532
77.7,-0.0564156379936036,-0.06687482817681821,0.01045919018321461
77.75,-0.05779430628137369,-0.07774271286936393,0.01994840658799024
77.80000000000001,-0.04932004312453936,-0.07669943869909346,0.0273793955745541
77.85000000000001,-0.025347297521917223,-0.06497519977332185,0.039627902251404626
77.9,0.00737414477664997,-0.04557035746066525,0.05294450223731522
77.95,0.03204296746877155,-0.021165472959388833,0.05320844042816038
78.0,0.035888177820223265,0.005206426675529072,0.030681751144694194
78.05000000000001,0.022246779519798927,0.028198077333020273,-0.005951297813221346
78.10000000000001,0.007489497680029566,0.04027075455660406,-0.032781256876574495
78.15,0.004738402894475013,0.03542311787549936,-0.030684714981024343
78.2,0.0106394962409275,0.01411205261293005,-0.00347255637200255
78.25,0.009444183464963783,-0.015093122532723203,0.024537305997686984
78.30000000000001,-0.008794345737610983,-0.039406641304728096,0.030612295567117115
78.35000000000001,-0.03452506149006433,-0.048929151312243166,0.014404089822178834
78.4,-0.04497034286636592,-0.04180949289378132,-0.0031608499725845965
78.45,-0.026043915412868098,-0.023971198171630684,-0.0020727172412374137
78.5,0.01130625331715236,-0.004434003512237192,0.01574025682938955
78.55000000000001,0.03777825229249035,0.009575902534804611,0.02820234975768574
78.60000000000001,0.03092053350941587,0.014435386295996206,0.016485147213419662
78.65,-0.004471319871938108,0.00914502830104129,-0.013616348172979399
78.7,-0.04061943450301659,-0.005750157092884799,-0.034869277410131794
78.75,-0.052263488782227724,-0.02771440046602671,-0.024549088316201013
78.80000000000001,-0.03935457278751803,-0.05153387815693742,0.012179305369419392
78.85000000000001,-0.02539720510201106,-0.07079145192202804,0.045394246820016984
78.9,-0.03340252442703771,-0.0816324726081264,0.04822994818108869
78.95,-0.0630042310353434,-0.08565092820181498,0.02264669716647158
79.0,-0.09077347891848131,-0.08835047807490325,-0.002423000843578063
79.05000000000001,-0.0927771489778868,-0.09337776357747724,0.0006006145995904322
79.10000000000001,-0.06679612303916675,-0.09729983721976304,0.03050371418059629
79.15,-0.03264595334799549,-0.09031290177705925,0.05766694842906376
79.2,-0.011299085623959189,-0.06354320780175414,0.05224412217779495
79.25,-0.00449107604781203,-0.01742830293925436,0.012937226891442333
79.30000000000001,0.004688220560689509,0.0361335051112991,-0.03144528455060959
79.35000000000001,0.03146581204381577,0.08043706322859315,-0.048971251184777374
79.4,0.07067526678775801,0.1045802598455663,-0.033904993057808294
79.45,0.09922847081512595,0.10966016064076109,-0.010431689825635138
79.5,0.09767755883531255,0.10581040717291809,-0.008132848337605539
79.55000000000001,0.06930010985250763,0.10296809798947891,-0.03366798813697128
79.60000000000001,0.0374904523445152,0.10321167513818895,-0.06572122279367375
79.65,0.02391594521993887,0.10062663619093194,-0.07671069097099308
79.7,0.02900577434638423,0.08793972589230736,-0.05893395154592314
79.75,0.033791025827954756,0.06369992230601262,-0.02990889647805787
79.80000000000001,0.020711826961432672,0.03409091906638411,-0.013379092104951439
79.85000000000001,-0.007678073497918534,0.00862515552952707,-0.016303229027445604
79.9,-0.030648695212521154,-0.006011218037478235,-0.02463747717504292
79.95,-0.029605698811198053,-0.009040565322922797,-0.020565133488275256
80.0,-0.006415553203147769,-0.004190955998583437,-0.0022245972045643317
