x,yobs,ycalc,ydiff
0.05,-1.2059277026510333e-11,-0.040772392540139486,0.04077239252808021
0.1,-1.8873803970070782e-10,-0.05719110802394305,0.057191107835205014
0.15000000000000002,-1.0604952099565741e-08,-0.05144151432315011,0.051441503718198014
0.2,-1.285694774241831e-07,-0.049938366733394204,0.04993823816391678
0.25,-2.8750442391513927e-07,-0.07465331231859423,0.07465302481417031
0.30000000000000004,3.8001084436874245e-06,-0.11903360614056761,0.1190374062490113
0.35000000000000003,3.4257107274648895e-05,-0.15479517243130517,0.1548294295385798
0.4,0.00013914003224302257,-0.1626150092363052,0.16275414926854823
0.45,0.00032294357631447565,-0.1535849847658476,0.15390792834216208
0.5,0.00031487101397649595,-0.1577176704730888,0.1580325414870653
0.55,-0.0007077708483824096,-0.19128545700848976,0.19057768616010734
0.6000000000000001,-0.003909158402721727,-0.23831879323983338,0.23440963483711164
0.65,-0.009430252982873095,-0.26717163658092846,0.2577413835980554
0.7000000000000001,-0.014090559908671458,-0.2651951656961105,0.25110460578743904
0.75,-0.010240264084323766,-0.2538290780745531,0.24358881399022936
0.8,0.011049291761334056,-0.2663059878397822,0.2773552796011163
0.8500000000000001,0.05142944288302497,-0.3107650332883844,0.3621944761714094
0.9,0.0960531396184747,-0.35926003484221547,0.4553131744606902
0.9500000000000001,0.11341732411853776,-0.3769617728558384,0.49037909697437615
1.0,0.07152293923676176,-0.3617559098395697,0.4332788490763314
1.05,-0.03488840144916147,-0.35001197041188,0.31512356896271854
1.1,-0.1661156851374349,-0.37823305936398904,0.21211737422655413
1.1500000000000001,-0.25064205140284,-0.43953334741682876,0.18889129601398874
1.2000000000000002,-0.23238438982030934,-0.48509208582668545,0.2527076960063761
1.25,-0.1229370404734712,-0.47651653034222313,0.35357948986875193
1.3,-0.012464233094753863,-0.43687140929176393,0.42440717619701007
1.35,-0.013592728676029214,-0.43843303478060636,0.4248403061045771
1.4000000000000001,-0.16564088263146573,-0.5230489466566064,0.3574080640251407
1.4500000000000002,-0.3723457291521916,-0.6259961939166772,0.25365046476448555
1.5,-0.4393061479465228,-0.5899263150856823,0.1506201671391595
1.55,-0.20821255339072023,-0.28432452494842414,0.07611197155770391
1.6,0.3004820721348095,0.2563093673453086,0.04417270478950086
1.6500000000000001,0.8539551907631028,0.8009517905186412,0.053003400244461596
1.7000000000000002,1.1344183085305088,1.0508684965106931,0.0835498120198157
1.75,0.9568863216983966,0.8507956809392839,0.10609064075911268
1.8,0.42151406913276906,0.3233010693508432,0.09821299978192588
1.85,-0.1256110187535162,-0.18841084199229752,0.0627998232387813
1.9000000000000001,-0.31427652731377154,-0.3419429067980025,0.027666379484230952
1.9500000000000002,-0.004156178751868971,-0.026228653542441003,0.022072474790572033
2.0,0.6135593633027607,0.5646157824547808,0.048943580847979895
2.0500000000000003,1.1443246291505151,1.0642518114526869,0.08007281769782826
2.1,1.255964115285726,1.173663242728301,0.08230087255742502
2.15,0.8893903089591189,0.8374170264262735,0.05197328253284539
2.2,0.26880215023657156,0.2450554519524198,0.023746698284151768
2.25,-0.2792729517887462,-0.32116459520654406,0.04189164341779783
2.3000000000000003,-0.55007707724289,-0.668315192013161,0.11823811477027102
2.35,-0.5635317981212142,-0.7793603738062617,0.21582857568504743
2.4000000000000004,-0.49105084870515747,-0.7663530034175666,0.27530215471240915
2.45,-0.4901816821653914,-0.752178933339845,0.2619972511744536
2.5,-0.58785714331601,-0.7805055984824238,0.19264845516641382
2.5500000000000003,-0.6927370573460043,-0.8120169054573714,0.11927984811136705
2.6,-0.7022277375015312,-0.7884444683901546,0.08621673088862336
2.6500000000000004,-0.5996666681631614,-0.6977459621682947,0.09807929400513327
2.7,-0.4625364107230144,-0.5859714943531631,0.12343508363014871
2.75,-0.38918917699248595,-0.5147648027081232,0.12557562571563724
2.8000000000000003,-0.4188552480255725,-0.5095438794309757,0.09068863140540318
2.85,-0.5138744134750952,-0.5456264547003786,0.03175204122528341
2.9000000000000004,-0.6091663169693133,-0.5808740574292153,-0.028292259540098064
2.95,-0.6746219592122551,-0.6004446506064706,-0.07417730860578453
3.0,-0.7323454250322678,-0.6298956096314202,-0.10244981540084763
3.0500000000000003,-0.8192169972254859,-0.7043757481242956,-0.11484124910119031
3.1,-0.9372453239910002,-0.8247075966460857,-0.11253772734491452
3.1500000000000004,-1.0423453225987396,-0.9455230873518612,-0.09682223524687839
3.2,-1.0821192769920605,-1.0110744379934264,-0.07104483899863401
3.25,-1.044177841835442,-1.0063365284674965,-0.037841313367945384
3.3000000000000003,-0.9643933262207126,-0.9701328598011182,0.005739533580405576
3.35,-0.8810883231360924,-0.9477075464564712,0.06661922332037873
3.4000000000000004,-0.7745223369860599,-0.9197538127646717,0.14523147577861184
3.45,-0.5530174047087528,-0.7791028684477894,0.2260854637390366
3.5,-0.11461647452619736,-0.39679238284897433,0.28217590832277695
3.5500000000000003,0.5509464032274476,0.25736397903026215,0.29358242419718544
3.6,1.2990525779707132,1.0346209131453705,0.26443166482534264
3.6500000000000004,1.8687118975413417,1.6480047406158558,0.22070715692548593
3.7,2.0155440669479328,1.8270564612487878,0.1884876056991449
3.75,1.6583424407921472,1.486344804188439,0.17199763660370815
3.8000000000000003,0.9389972296431661,0.7864168200603389,0.15258040958282726
3.85,0.14986354864164525,0.03986291855962631,0.11000063008201894
3.9000000000000004,-0.426450951708891,-0.4717562588870491,0.04530530717815806
3.95,-0.6596656248552397,-0.6420641884778204,-0.01760143637741929
4.0,-0.60748152164234,-0.5538404806353454,-0.05364104100699463
4.05,-0.4343294170067374,-0.3741167675749247,-0.060212649431812704
4.1000000000000005,-0.28439625895390663,-0.2250999675284607,-0.05929629142544593
4.15,-0.20208566614101772,-0.1263836670917519,-0.07570199904926583
4.2,-0.1440378794866706,-0.03140189283382951,-0.11263598665284108
4.25,-0.05169297869996331,0.09646929802244539,-0.1481622767224087
4.3,0.08608630595546837,0.24156435741628177,-0.1554780514608134
4.3500000000000005,0.22801684097071998,0.3551333676280333,-0.12711652665731335
4.4,0.3234039586180007,0.40396780771498025,-0.08056384909697956
4.45,0.3549888627636589,0.3967836780875106,-0.04179481532385171
4.5,0.3437072078311011,0.3677479926670662,-0.024040784835965112
4.55,0.31946088992157645,0.3408942067259619,-0.021433316804385427
4.6000000000000005,0.2925782358626812,0.31308056387397926,-0.020502328011298032
4.65,0.25308724351067474,0.26822846426986446,-0.015141220759189722
4.7,0.192262807519153,0.202088470403386,-0.009825662884233005
4.75,0.11888175213132582,0.1293120078509621,-0.010430255719636294
4.800000000000001,0.05225721888339183,0.06741813634343877,-0.015160917460046934
4.8500000000000005,0.0020349182239014782,0.0182754327282425,-0.01624051450434102
4.9,-0.040424526112965424,-0.030848079107245522,-0.009576447005719902
4.95,-0.08799096907688816,-0.08760350045691769,-0.00038746861997047966
5.0,-0.13634714836949766,-0.13854459535327934,0.002197446983781687
5.050000000000001,-0.16019810746285387,-0.15565245178904205,-0.0045456556738118215
5.1000000000000005,-0.13398252339419778,-0.12010707476393125,-0.013875448630266532
5.15,-0.057117002033748934,-0.03917449659990794,-0.017942505433840995
5.2,0.04282324772962371,0.06131581434428148,-0.01849256661465777
5.25,0.1339929279017948,0.1612783383726426,-0.027285410470847815
5.300000000000001,0.20823868176241558,0.26245639514442093,-0.054217713382005345
5.3500000000000005,0.2848807569849985,0.37973978443387285,-0.09485902744887437
5.4,0.3856599288972113,0.5166749197581908,-0.1310149908609795
5.45,0.5050954889210078,0.6504060459182752,-0.14531055699726747
5.5,0.6055123050010125,0.7418330136754656,-0.13632070867445312
5.550000000000001,0.6421212071835276,0.7615719912853784,-0.11945078410185084
5.6000000000000005,0.5948621500829125,0.707157681115756,-0.11229553103284351
5.65,0.47862683595594,0.5968439976638212,-0.11821716170788121
5.7,0.32597595081618413,0.44954622594840576,-0.12357027513222163
5.75,0.16293408326758632,0.2738766668327777,-0.1109425835651914
5.800000000000001,0.0024251876487268,0.07834006717925214,-0.07591487953052534
5.8500000000000005,-0.14114681754460415,-0.10893280996253063,-0.03221400758207352
5.9,-0.2359794094516603,-0.2346556154416545,-0.001323794010005791
5.95,-0.2371635538623088,-0.24090490728345038,0.003741353421141569
6.0,-0.11214767408044675,-0.099229241964,-0.012918432116446749
6.050000000000001,0.13291571525807874,0.1673465436275711,-0.03443082836949235
6.1000000000000005,0.4473716916881323,0.4903790891471956,-0.04300739745906329
6.15,0.7541183945408017,0.783826812855098,-0.02970841831429638
6.2,0.9768998221464552,0.9736059970388914,0.003293825107563819
6.25,1.0608195358644972,1.0140842942300996,0.04673524163439757
6.300000000000001,0.9820931522116216,0.8918853569475497,0.09020779526407197
6.3500000000000005,0.752150465112851,0.625518265413315,0.12663219969953599
6.4,0.41777420602499116,0.2639637405547814,0.15381046547020977
6.45,0.05091660281675596,-0.12181868069507273,0.1727352835118287
6.5,-0.27616847697287267,-0.459761389741458,0.18359291276858536
6.550000000000001,-0.5206612476902485,-0.7031751763257225,0.182513928635474
6.6000000000000005,-0.6828582530970084,-0.8458230403203807,0.16296478722337226
6.65,-0.7909541888637073,-0.9134474242441123,0.12249323538040502
6.7,-0.8681447817930672,-0.9378270761030874,0.06968229431002015
6.75,-0.9106946788188763,-0.9342453977085962,0.023550718889719824
6.800000000000001,-0.8967925097197328,-0.8996085237550845,0.0028160140353516994
6.8500000000000005,-0.8166415496593983,-0.8288803866885623,0.012238837029164062
6.9,-0.6924074082505923,-0.7305686967595473,0.03816128850895495
6.95,-0.5654122058746183,-0.6242459722105194,0.058833766335901094
7.0,-0.4606495240719491,-0.5224064568788604,0.06175693280691136
7.050000000000001,-0.36347826032208036,-0.4162425517834044,0.05276429146132405
7.1000000000000005,-0.2343641046482133,-0.28273892711325926,0.04837482246504596
7.15,-0.051661951389251476,-0.11029833700480368,0.058636385615552206
7.2,0.15602923862382942,0.07891412897018228,0.07711510965364714
7.25,0.3191126358904494,0.2312033659011358,0.08790926998931362
7.300000000000001,0.3719622457399207,0.2893607400937026,0.0826015056462181
7.3500000000000005,0.2959147303563511,0.2261594525190433,0.06975527783730778
7.4,0.12581486515867493,0.059070173433900815,0.06674469172477412
7.45,-0.08037317065065132,-0.1620320588684143,0.08165888821776297
7.5,-0.2780347037825306,-0.38165556636640424,0.10362086258387365
7.550000000000001,-0.44790183791023547,-0.5597985586333137,0.11189672072307827
7.6000000000000005,-0.5815815339983883,-0.6768180707029495,0.09523653670456123
7.65,-0.6648045830533367,-0.7269778611592097,0.06217327810587303
7.7,-0.6805606158460267,-0.7123666097129512,0.03180599386692451
7.75,-0.6286346004560317,-0.6430077885926054,0.014373188136573734
7.800000000000001,-0.537454387966119,-0.5390287690748344,0.0015743811087154391
7.8500000000000005,-0.4506803046686166,-0.4275778383669168,-0.023102466301699764
7.9,-0.3973956309787152,-0.3330192009786095,-0.06437643000010573
7.95,-0.3729027911144947,-0.2665312777409139,-0.1063715133735808
8.0,-0.34773078499767013,-0.2224784441830429,-0.12525234081462722
8.05,-0.29514431008487074,-0.1832068437502797,-0.11193746633459103
8.1,-0.21031931241622104,-0.12769835861615883,-0.08262095380006221
8.15,-0.10460993277962662,-0.038707384387611815,-0.0659025483920148
8.200000000000001,0.01529346089203431,0.09310174989257843,-0.07780828900054412
8.25,0.1585681972045892,0.2664224485885047,-0.10785425138391552
8.3,0.3386087700129741,0.46756550188002605,-0.12895673186705192
8.35,0.550597247183869,0.6722088884573025,-0.12161164127343349
8.4,0.7626761973337332,0.8526942822718676,-0.09001808493813446
8.450000000000001,0.9316441535531753,0.9880879417252523,-0.05644378817207696
8.5,1.0290891777192333,1.0699800617522395,-0.040890884033006225
8.55,1.053414602177634,1.0991030581316588,-0.04568845595402471
8.6,1.0180187487240424,1.075854777588163,-0.05783602886412065
8.65,0.9303649733489018,0.9943233388271846,-0.06395836547828282
8.700000000000001,0.7853018861462325,0.8471527649680081,-0.061850878821775535
8.75,0.5798674286185941,0.6383570081655531,-0.05848957954695899
8.8,0.3328380163247658,0.3921875202960645,-0.059349503971298734
8.85,0.08567318047638567,0.14760280234546563,-0.061929621869079965
8.9,-0.12027250670399935,-0.060255228122168186,-0.06001727858183116
8.950000000000001,-0.27048658541952475,-0.2180325220312468,-0.05245406338827796
9.0,-0.38208581402920305,-0.33688656746621237,-0.04519924656299068
9.05,-0.4804695432536069,-0.43697939544220366,-0.04349014781140326
9.1,-0.5684886132562239,-0.5256589249705863,-0.0428296882856376
9.15,-0.6166641492080136,-0.5865902864705218,-0.030073862737491797
9.200000000000001,-0.5840984181317906,-0.5883711776095631,0.004272759477772503
9.25,-0.4519422395336559,-0.5059177359233533,0.0539754963896974
9.3,-0.24065020140402493,-0.3388187994038369,0.09816859799981198
9.35,0.0020451906604251812,-0.11464995761939835,0.11669514827982352
9.4,0.22922068522824274,0.12253486027257313,0.10668582495566961
9.450000000000001,0.41358027947478765,0.3284545362545303,0.08512574322025734
9.5,0.5438085197050084,0.4693473869308758,0.07446113277413263
9.55,0.6083764686611812,0.5246040080050062,0.08377246065617505
9.600000000000001,0.5880549276456764,0.48594546533234745,0.1021094623133289
9.65,0.4677541061928993,0.3583227317254351,0.1094313744674642
9.700000000000001,0.25705955859296614,0.16236542078467772,0.09469413780828842
9.75,-0.0019126716574847423,-0.0665901680722592,0.06467749641477447
9.8,-0.2504967812765644,-0.2867928863463756,0.036296105069811235
9.850000000000001,-0.4429411547975121,-0.4634356994889669,0.020494544691454786
9.9,-0.5663590961595992,-0.5794630122118487,0.013103916052249476
9.950000000000001,-0.6360331425984699,-0.636903781492276,0.0008706388938061194
10.0,-0.6720240182860069,-0.6483777154759163,-0.023646302810090614
10.05,-0.6783190028053587,-0.6254493585652,-0.05286964424015872
10.100000000000001,-0.6419589117137134,-0.5721955616377955,-0.06976335007591794
10.15,-0.5507998400755947,-0.4875114192665598,-0.0632884208090349
10.200000000000001,-0.41196725923170885,-0.37253373407457785,-0.039433525157131
10.25,-0.2532087411998037,-0.2359644033730213,-0.01724433782678239
10.3,-0.1054364520972262,-0.09259050638014395,-0.012845945717082252
10.350000000000001,0.01813743766458739,0.043668100165870055,-0.025530662501282664
10.4,0.1280458786709864,0.1664961447216837,-0.03845026605069729
10.450000000000001,0.24510540886651508,0.27863285560623136,-0.03352744673971628
10.5,0.3799849281653622,0.3874154828925935,-0.007430554727231253
10.55,0.5235834253891504,0.49798292865742566,0.02560049673172471
10.600000000000001,0.6549188131161121,0.6084064188742453,0.04651239424186682
10.65,0.7566890319544994,0.7085611844277674,0.04812784752673205
10.700000000000001,0.8224831966381457,0.7819548429582869,0.04052835367985885
10.75,0.8495865813046306,0.8093399483741925,0.040246632930438064
10.8,0.8274570555954728,0.7740981407945768,0.05335891480089594
10.850000000000001,0.7378202852360559,0.6694402228963604,0.06838006233969551
10.9,0.5710970669033093,0.5051419894152732,0.06595507748803608
10.950000000000001,0.3457378055872579,0.3089801168704822,0.036757688716775705
11.0,0.11020972549725744,0.11901277829488804,-0.008803052797630606
11.05,-0.07960827714884176,-0.03151012856024446,-0.0480981485885973
11.100000000000001,-0.19259832940541524,-0.12834556238965272,-0.06425276701576252
11.15,-0.2384192900596224,-0.18007341098019156,-0.05834587907943084
11.200000000000001,-0.253871387262318,-0.20857628389925897,-0.04529510336305903
11.25,-0.2713387173649657,-0.23311215758366094,-0.038226559781304736
11.3,-0.2963252498004656,-0.25982598155806236,-0.03649926824240324
11.350000000000001,-0.3120191142904409,-0.28373609798966226,-0.02828301630077862
11.4,-0.30366579872017624,-0.29945530847430896,-0.004210490245867282
11.450000000000001,-0.2779533344487436,-0.3096816884619157,0.03172835401317209
11.5,-0.25905593760820794,-0.3234698005416521,0.06441386293344414
11.55,-0.2666774640859091,-0.3467170288148632,0.08003956472895413
11.600000000000001,-0.2989282262569088,-0.37519448935594757,0.07626626309903878
11.65,-0.33708334482798624,-0.3979972195119486,0.060913874683962366
11.700000000000001,-0.36643103450150094,-0.4086142726384284,0.04218323813692748
11.75,-0.39081035116848334,-0.4123713617693144,0.021561010600831043
11.8,-0.4249901235600774,-0.4215408140241948,-0.0034493095358826276
11.850000000000001,-0.4721620536990368,-0.4411658958802076,-0.030996157818829195
11.9,-0.5099453557268752,-0.45847303873443457,-0.05147231699244059
11.950000000000001,-0.5007631040663302,-0.4467396880993779,-0.05402341596695226
12.0,-0.41855311074261525,-0.3818632712382468,-0.03668983950436844
12.05,-0.2675471136393868,-0.25829038389982084,-0.009256729739565983
12.100000000000001,-0.07666790584107926,-0.0914759848747334,0.014808079033654137
12.15,0.12303551583130018,0.09369532393591727,0.02934019189538291
12.200000000000001,0.3148003253512189,0.27672754678714245,0.038072778564076426
12.25,0.4914790585436666,0.44505548337496237,0.04642357516870421
12.3,0.6380505641877832,0.5861369163930255,0.05191364779475771
12.350000000000001,0.7235649379586412,0.6789876227199877,0.04457731523865349
12.4,0.7150024986645316,0.6969128822518467,0.018089616412684917
12.450000000000001,0.6021369838294109,0.622040794247633,-0.01990381041822209
12.5,0.409798310280623,0.4601250422999646,-0.05032673201934157
12.55,0.185218253608692,0.24281631306904272,-0.05759805946035071
12.600000000000001,-0.02808519511308791,0.01523322380947765,-0.04331841892256556
12.65,-0.2065026059196723,-0.1813311845657253,-0.025171421353946982
12.700000000000001,-0.3410604462545795,-0.3196772090153983,-0.021383237239181174
12.75,-0.4219533673580336,-0.386838088231781,-0.03511527912625262
12.8,-0.43393674408991717,-0.3807196286163382,-0.05321711547357899
12.850000000000001,-0.37026058135911233,-0.310494574618916,-0.05976600674019633
12.9,-0.2506504975274066,-0.1998123528494443,-0.0508381446779623
12.950000000000001,-0.12165654633720144,-0.08489409612940012,-0.03676245020780132
13.0,-0.0337543213216959,-0.0025642627559400917,-0.03119005856575581
13.05,-0.012801045206483525,0.02606135731444181,-0.038862402520925335
13.100000000000001,-0.0499498813612499,0.0035795636521637627,-0.05352944501341366
13.15,-0.11698928549361814,-0.0512712314939861,-0.06571805399963204
13.200000000000001,-0.19051228686975982,-0.12025137947029375,-0.07026090739946607
13.25,-0.26191205769781145,-0.1960279284204008,-0.06588412927741066
13.3,-0.3267224788022365,-0.27673925741732264,-0.049983221384913845
13.350000000000001,-0.3686932906508246,-0.35076585913415714,-0.01792743151666748
13.4,-0.3587815136061891,-0.3884638112082864,0.029682297602097285
13.450000000000001,-0.2727485787778901,-0.3524347635469343,0.07968618476904421
13.5,-0.1110302626027716,-0.22093892634801574,0.10990866374524413
13.55,0.09826220176585915,-0.006005188290073869,0.10426739005593302
13.600000000000001,0.31566647712779855,0.2489415061373213,0.06672497099047725
13.65,0.5101343051779371,0.49032174371210235,0.019812561465834766
13.700000000000001,0.6650780099525615,0.6778906634659821,-0.012812653513420647
13.75,0.7695213763085132,0.7939095759376671,-0.02438819962915384
13.8,0.808733517069277,0.835525721135178,-0.026792204065900993
13.850000000000001,0.7676104486665677,0.8023095626401745,-0.03469911397360681
13.9,0.6444843080824592,0.6927145935393199,-0.0482302854568607
13.950000000000001,0.460452527982492,0.512144585876966,-0.05169205789447401
14.0,0.25321477135378545,0.282921842042743,-0.02970707068895756
14.05,0.060030241426576286,0.044390310277977685,0.0156399311485986
14.100000000000001,-0.09539118706643081,-0.1594345118761673,0.0640433248097365
14.15,-0.2030104036109242,-0.296351924558557,0.09334152094763282
14.200000000000001,-0.2589782062527223,-0.35556648858423906,0.09658828233151678
14.25,-0.2626023633097997,-0.3459907369993753,0.08338837368957563
14.3,-0.22167339821592572,-0.28753777996950874,0.06586438175358303
14.350000000000001,-0.15728462048655265,-0.20271062502959286,0.045426004543040216
14.4,-0.09752672145527307,-0.11224928401743557,0.014722562562162506
14.450000000000001,-0.061711192658185234,-0.03364212957330064,-0.02806906308488459
14.5,-0.049364910526290884,0.020154431419233985,-0.06951934194552487
14.55,-0.0457997753805776,0.042460181783435344,-0.08825995716401294
14.600000000000001,-0.03949730166104301,0.03385739446298937,-0.07335469612403238
14.65,-0.03337065636674348,0.0015872190408531607,-0.03495787540759664
14.700000000000001,-0.03763627824249109,-0.04214777906921378,0.004511500826722685
14.75,-0.05209518743681752,-0.08252548968521589,0.03043030224839837
14.8,-0.05887515480547599,-0.10580675846973889,0.0469316036642629
14.850000000000001,-0.03737171861386321,-0.10483945856165704,0.06746773994779383
14.9,0.010942260266509097,-0.08406355892257095,0.09500581918908005
14.950000000000001,0.053978692521843,-0.0593915041157948,0.11337019663763781
15.0,0.04998092735802461,-0.05044547123564333,0.10042639859366795
15.05,-0.017791096134232656,-0.0690001147406538,0.051209018606421144
15.100000000000001,-0.12452027501351401,-0.1123374625646753,-0.012182812448838704
15.15,-0.22263441339598208,-0.16752595788195832,-0.05510845551402377
15.200000000000001,-0.28009787644743855,-0.2231902839374592,-0.05690759250997934
15.25,-0.3029612439569356,-0.2776282580083368,-0.025332985948598785
15.3,-0.32122018646717687,-0.3346107782135687,0.013390591746391844
15.350000000000001,-0.35216093903471674,-0.3901042481325974,0.037943309097880684
15.4,-0.3774194143505172,-0.4236838438484695,0.04626442949795234
15.450000000000001,-0.35715475368231253,-0.4064512724688094,0.04929651878649688
15.5,-0.26909189840134884,-0.32281991082422257,0.05372801242287373
15.55,-0.13601524139091173,-0.18910665869808013,0.053091417307168404
15.600000000000001,-0.015616332752555442,-0.05147930046884691,0.035862967716291466
15.65,0.03897548081879725,0.038602724327880596,0.0003727564909166564
15.700000000000001,0.01407011982364334,0.05464844612965265,-0.04057832630600931
15.75,-0.06180303178979219,0.00898547136279696,-0.07078850315258915
15.8,-0.14452886754487007,-0.05894812063312236,-0.08558074691174772
15.850000000000001,-0.20353881995767167,-0.10900798415569642,-0.09453083580197526
15.9,-0.22963338298325378,-0.1206101660066749,-0.10902321697657888
15.950000000000001,-0.22160281990330066,-0.09368694629860129,-0.12791587360469936
16.0,-0.1711490886641038,-0.034421462120165974,-0.13672762654393783
16.05,-0.06288034819958926,0.0586933089814154,-0.12157365718100466
16.1,0.1123807407215817,0.19595145881580672,-0.08357071809422502
16.150000000000002,0.3460902684416066,0.3849396886409597,-0.03884942019935306
16.2,0.6129413328368338,0.6170778292347605,-0.004136496397926681
16.25,0.8802979282119013,0.8628875130183989,0.017410415193502393
16.3,1.1146663394031093,1.0787040150672254,0.03596232433588398
16.35,1.2809006248754924,1.2197510897691433,0.06114953510634913
16.400000000000002,1.3416462225819525,1.252528160359643,0.08911806222230956
16.45,1.2661338537558695,1.1623363123130883,0.1037975414427812
16.5,1.0463223469359801,0.9551297191000206,0.0911926278359595
16.55,0.7072339570240564,0.6543922283718615,0.05284172865219494
16.6,0.30054170509018274,0.2944754546647713,0.0060662504254114236
16.650000000000002,-0.11517498444241163,-0.08688957864832188,-0.028285405794089752
16.7,-0.49249416144239566,-0.4535362928203221,-0.038957868622073566
16.75,-0.7999412184702672,-0.7719314138480897,-0.028009804622177503
16.8,-1.016358298005494,-1.0110584700324072,-0.0052998279730867015
16.85,-1.127254283659239,-1.14569984621581,0.018445562556570927
16.900000000000002,-1.1299380964529284,-1.1642873432063563,0.034349246753427876
16.95,-1.0404390710511062,-1.076099577605025,0.035660506553918836
17.0,-0.8897704385261213,-0.9099445182368182,0.020174079710696957
17.05,-0.7074765076777743,-0.7018638520350862,-0.005612655642688091
17.1,-0.5058738712130261,-0.47909775793069237,-0.026776113282333702
17.150000000000002,-0.2810593314212578,-0.25226174285295894,-0.028797588568298838
17.2,-0.031500141476572874,-0.02168923290388248,-0.009810908572690395
17.25,0.2234919197750719,0.20829940820082432,0.015192511574247586
17.3,0.44496317976531125,0.4204858874604495,0.02447729230486173
17.35,0.5962390747281536,0.5892244838971289,0.007014590831024736
17.400000000000002,0.66551752003329,0.6934595146539639,-0.027941994620673927
17.45,0.6672975842016121,0.7255481539684815,-0.058250569766869376
17.5,0.6213400862749224,0.6881709191661133,-0.06683083289119085
17.55,0.530662005255898,0.5845732219298817,-0.053911216673983686
17.6,0.38175654621389216,0.41488001802940794,-0.03312347181551578
17.650000000000002,0.1681378401635875,0.184957738100768,-0.0168198979371805
17.7,-0.08600717185961478,-0.08004100248465042,-0.0059661693749643585
17.75,-0.3272891370406078,-0.3331367345958072,0.005847597555199424
17.8,-0.5019208558553182,-0.5220057173474966,0.020084861492178363
17.85,-0.5881716941384199,-0.6154622947663041,0.027290600627884243
17.900000000000002,-0.605108151074773,-0.620358055965958,0.015249904891185051
17.95,-0.5920001579518449,-0.5756103078263797,-0.016389850125465233
18.0,-0.578485673966234,-0.5279481283990962,-0.05053754556713774
18.05,-0.5708894930343966,-0.5074642054501469,-0.0634252875842497
18.1,-0.5616277428654816,-0.5187224415041912,-0.04290530136129034
18.150000000000002,-0.5462370674744643,-0.5485025277444331,0.0022654602699687665
18.2,-0.5283318242601914,-0.578542628759191,0.05021080449899962
18.25,-0.5089726802640221,-0.5917501122322756,0.08277743196825349
18.3,-0.47505730061913537,-0.5708767336881235,0.09581943306898816
18.35,-0.4023612327921454,-0.49760600503985214,0.09524477224770672
18.400000000000002,-0.2727124532183117,-0.35850731118178447,0.08579485796347275
18.45,-0.08939036364434996,-0.15511491599477845,0.06572455235042848
18.5,0.1235464321362023,0.09101461681617129,0.03253181532003101
18.55,0.3360612825575952,0.34415719702191955,-0.008095914464324339
18.6,0.5259526123950086,0.5677271448920294,-0.04177453249702079
18.650000000000002,0.6800664038626657,0.7357374776168332,-0.055671073754167466
18.7,0.7866421699178289,0.8361676207907682,-0.04952545087293936
18.75,0.8322313948745763,0.8678952230325687,-0.035663828157992405
18.8,0.8099088231466358,0.837148483653101,-0.027239660506465202
18.85,0.7301294281327352,0.7564737483724969,-0.026344320239761743
18.900000000000002,0.6194277994065449,0.6435938776206711,-0.024166078214126196
18.95,0.5034437708921491,0.5164516961366129,-0.013007925244463814
19.0,0.38841447662771994,0.3857279812113438,0.0026864954163761667
19.05,0.2600476526843363,0.2513284487029112,0.008719203981425061
19.1,0.10370588486578873,0.10802854896947554,-0.004322664103686813
19.150000000000002,-0.07117864058777092,-0.04229797447923582,-0.028880666108535097
19.200000000000003,-0.22549253589924248,-0.18142319392848394,-0.04406934197075854
19.25,-0.3106434801576932,-0.2771075640566709,-0.0335359161010223
19.3,-0.2984157384794627,-0.2970962661407845,-0.0013194723386781848
19.35,-0.19613223328449864,-0.2260489024780124,0.029916669193513767
19.400000000000002,-0.03704067498619394,-0.07498853432244809,0.03794785933625415
19.450000000000003,0.14188283549526623,0.12129759962251184,0.02058523587275439
19.5,0.3138406214031325,0.3159552748447195,-0.002114653441587011
19.55,0.45907802452086277,0.46449978139750875,-0.005421756876645978
19.6,0.5550996629875262,0.5368849134933058,0.018214749494220417
19.650000000000002,0.576780615837588,0.5244747875069098,0.052305828330678206
19.700000000000003,0.5103545651275245,0.4402115381741034,0.07014302695342112
19.75,0.3679587052704548,0.3112015886130738,0.056757116657381035
19.8,0.18610065973261625,0.1660369903223673,0.020063669410248952
19.85,0.006058763976272864,0.02332258761752902,-0.017263823641256157
19.900000000000002,-0.14797501970192034,-0.1113937826731154,-0.03658123702880495
19.950000000000003,-0.2745023525849296,-0.23855818530183848,-0.03594416728309113
20.0,-0.38093359068194643,-0.35390875339450273,-0.027024837287443704
20.05,-0.46541390473981425,-0.4440381249633395,-0.021375779776474757
20.1,-0.5122701380005847,-0.49253763069378,-0.01973250730680476
20.150000000000002,-0.5044519583026339,-0.49090642873586765,-0.013545529566766246
20.200000000000003,-0.4391797930526205,-0.4434282962735787,0.004248503220958211
20.25,-0.33051190054442486,-0.3608587032619994,0.03034680271757456
20.3,-0.19668832004055362,-0.2491261924222697,0.05243787238171607
20.35,-0.04608775863460453,-0.10515804739741201,0.05907028876280748
20.400000000000002,0.12287951551396173,0.07413370774214333,0.0487458077718184
20.450000000000003,0.30704137908530194,0.2766240055992903,0.030417373486011645
20.5,0.48372124459475013,0.46791372980541873,0.0158075147893314
20.55,0.612078666025329,0.6011657507860566,0.010912915239272403
20.6,0.6521291232619365,0.6383852933358856,0.013743829926050943
20.650000000000002,0.5868105124813614,0.5678532677470175,0.018957244734343903
20.700000000000003,0.4297880025231821,0.4057740414116067,0.024013961111575388
20.75,0.21440322825212255,0.18332486401654047,0.03107836423558208
20.8,-0.02528638264029447,-0.06889832650055217,0.0436119438602577
20.85,-0.2661663540843401,-0.32767005442357655,0.06150370033923647
20.900000000000002,-0.4945241421622294,-0.5738131709439172,0.07928902878168775
20.950000000000003,-0.6979019431760694,-0.7865696992332116,0.08866775605714228
21.0,-0.8607843934210341,-0.9436725348592645,0.08288814143823042
21.05,-0.967913954616253,-1.0277752876927355,0.05986133307648256
21.1,-1.0103654951162406,-1.0332436184185168,0.02287812330227612
21.150000000000002,-0.9878122184222923,-0.9675515273567384,-0.020260691065553837
21.200000000000003,-0.9060381411811049,-0.8470916331605367,-0.05894650802056822
21.25,-0.7742566856804691,-0.6915917120110457,-0.08266497366942338
21.3,-0.6058586411521114,-0.5205378201034755,-0.08532082104863592
21.35,-0.42053341676128553,-0.3513224666161828,-0.0692109501451027
21.400000000000002,-0.2425768654756678,-0.19728813748533858,-0.045288727990329236
21.450000000000003,-0.09386076399467325,-0.06595607932607793,-0.027904684668595317
21.5,0.013486610304214186,0.04005987713070154,-0.026573266826487356
21.55,0.07795574335234569,0.11862554737500836,-0.04066980402266267
21.6,0.10236200594486089,0.1638384708376968,-0.0614764648928359
21.650000000000002,0.08741032841773887,0.1675095803459141,-0.08009925192817523
21.700000000000003,0.0329047752317283,0.12742719267563926,-0.09452241744391096
21.75,-0.05371346158196539,0.05589564479881324,-0.10960910638077863
21.8,-0.15085992995964814,-0.02065761666654988,-0.13020231329309825
21.85,-0.22760546364466863,-0.07368224946197338,-0.15392321418269525
21.900000000000002,-0.2584441019133746,-0.08782843063425044,-0.17061567127912414
21.950000000000003,-0.23549408632785634,-0.06636721647211907,-0.16912686985573727
22.0,-0.16584669643815153,-0.020626783726903342,-0.14521991271124818
22.05,-0.05513732287533004,0.048488145226823744,-0.10362546810215378
22.1,0.10693527447575352,0.16020326382573688,-0.05326798934998336
22.150000000000002,0.34231117599312816,0.3436479706182189,-0.0013367946250907314
22.200000000000003,0.6603197198620513,0.6125545142936712,0.04776520556838004
22.25,1.0317988253933066,0.9430064826378156,0.08879234275549097
22.3,1.385123616721878,1.2716021371358415,0.11352147958603642
22.35,1.632229532859635,1.517156602897283,0.11507292996235208
22.400000000000002,1.7088133315832115,1.6129279826658642,0.09588534891734724
22.450000000000003,1.601150594953824,1.5306790137015487,0.07047158125227537
22.5,1.3428127494133908,1.2856128785935514,0.05719987081983935
22.55,0.9885247013973981,0.924569075784169,0.0639556256132291
22.6,0.588494998625803,0.5081498499010169,0.08034514872478615
22.650000000000002,0.1813337322165552,0.09615729389660278,0.0851764383199524
22.700000000000003,-0.19665738006060943,-0.26111034108388975,0.06445296102328033
22.75,-0.5037850509678645,-0.5282196288259308,0.024434577858066242
22.8,-0.7013760493656427,-0.6888348669267743,-0.01254118243886837
22.85,-0.7742725684960512,-0.7477115642574084,-0.026561004238642827
22.900000000000002,-0.7443044342661749,-0.7277029852203238,-0.016601449045851036
22.950000000000003,-0.6611930207805328,-0.6611704447714094,-2.2576009123365104e-05
23.0,-0.5747329037517908,-0.5789905760409095,0.004257672289118775
23.05,-0.509154813244108,-0.502172059354062,-0.006982753890046101
23.1,-0.4590883406122734,-0.43937227071478563,-0.019716069897487754
23.150000000000002,-0.40770783516250864,-0.3899571084724994,-0.01775072669000921
23.200000000000003,-0.3489029719130771,-0.34953436201370774,0.0006313901006306244
23.25,-0.293767448498867,-0.3146370444901183,0.020869595991251322
23.3,-0.25799788153357817,-0.2848078441726486,0.026809962639070428
23.35,-0.24489744758124285,-0.26212354909778995,0.017226101516547104
23.400000000000002,-0.2415001083468253,-0.24915787433484063,0.007657765988015319
23.450000000000003,-0.23105250922435785,-0.24653540989880848,0.015482900674450628
23.5,-0.20841723409751706,-0.2510656773399481,0.042648443242431056
23.55,-0.18238109126905955,-0.2552120035621016,0.07283091229304206
23.6,-0.16250033573267628,-0.24825859441843773,0.08575825868576145
23.650000000000002,-0.14402111965681713,-0.21892841114183026,0.07490729148501313
23.700000000000003,-0.10662674025002924,-0.1585812894104433,0.05195454916041406
23.75,-0.029202307635444825,-0.06384056545430347,0.034638257818858646
23.8,0.09287238007113974,0.062232965744832114,0.030639414326307624
23.85,0.24361853169200706,0.2105920921788094,0.03302643951319767
23.900000000000002,0.39812314726286296,0.3677128302840686,0.03041031697879437
23.950000000000003,0.5375261342577269,0.5173236107767674,0.020202523480959522
24.0,0.6530520924507088,0.6419491181664242,0.011102974284284639
24.05,0.737578519961386,0.7246785508167854,0.012899969144600565
24.1,0.7770083498824708,0.7519379263145218,0.025070423567948974
24.150000000000002,0.7539348175208224,0.7172995923787933,0.036635225142029104
24.200000000000003,0.6623198762474579,0.6248106032867334,0.03750927296072448
24.25,0.5185238404745747,0.48936232780386196,0.029161512670712708
24.3,0.3555181038214851,0.33263627726806205,0.022881826553423024
24.35,0.20292546207023504,0.17597022489053882,0.026955237179696223
24.400000000000002,0.070044972676554,0.0339962908072907,0.036048681869263306
24.450000000000003,-0.05284815801304355,-0.0872978789056653,0.03444972089262175
24.5,-0.17682675127358033,-0.1876603185518139,0.010833567278233563
24.55,-0.29793618850039144,-0.2681006290053876,-0.029835559495003827
24.6,-0.3982841762567672,-0.3289592618859349,-0.06932491437083232
24.650000000000002,-0.4631283633462897,-0.37165524343679457,-0.09147311990949514
24.700000000000003,-0.49623968725054,-0.4012284862276638,-0.09501120102287619
24.75,-0.5174126127491826,-0.42575745014980765,-0.09165516259937495
24.8,-0.5441126081606366,-0.4519636940791822,-0.09214891408145437
24.85,-0.575700786301538,-0.4807288445300767,-0.09497194177146129
24.900000000000002,-0.5965149228160983,-0.5071755185949994,-0.08933940422109887
24.950000000000003,-0.5949598755324829,-0.525903322485646,-0.06905655304683689
25.0,-0.578769352012808,-0.5365564508385778,-0.042212901174230155
25.05,-0.5693557058123374,-0.5436854511971473,-0.025670254615190125
25.1,-0.5787816393742377,-0.5497588075786745,-0.029022831795563198
25.150000000000002,-0.5912220553638952,-0.5470489826520128,-0.04417307271188231
25.200000000000003,-0.5681873621200869,-0.5163523698358441,-0.05183499228424282
25.25,-0.4749347016584419,-0.4354097476376351,-0.0395249540208068
25.3,-0.3053356162754167,-0.2916805785886723,-0.01365503768674442
25.35,-0.0837944486818941,-0.09024433833852703,0.006449889656632929
25.400000000000002,0.15542055428816723,0.14828781807397368,0.007132736214193552
25.450000000000003,0.390058777972626,0.396638889708914,-0.006580111736287975
25.5,0.6119633815538015,0.6284772826037505,-0.016513901049948987
25.55,0.8096310655944424,0.8197400221374328,-0.010108956542990377
25.6,0.9525286733887486,0.9461922378559666,0.006336435532781959
25.650000000000002,0.9978678510390088,0.9842031291505667,0.013664721888442033
25.700000000000003,0.9183464975326026,0.9184823415336975,-0.00013584400109489803
25.75,0.7270930170842309,0.7526086086244407,-0.02551559154020977
25.8,0.4759243137624654,0.5133940679665029,-0.037469754204037475
25.85,0.22609090560597161,0.24355555808590054,-0.017464652479928927
25.900000000000002,0.015412851042947229,-0.013783389765217523,0.029196240808164752
25.950000000000003,-0.15137447340603977,-0.22856431801972588,0.07718984461368611
26.0,-0.2839918421920126,-0.3868191162038888,0.10282727401187619
26.05,-0.380511795146291,-0.48362556428133163,0.10311376913504061
26.1,-0.4203448864292683,-0.5145622950488541,0.09421740861958577
26.150000000000002,-0.38352761586234957,-0.47478029545366496,0.09125267959131539
26.200000000000003,-0.2776847923887997,-0.3673379251807509,0.08965313279195125
26.25,-0.1459812822941721,-0.2133822877684709,0.06740100547429881
26.3,-0.0462206678161873,-0.05374131673121105,0.007520648915023749
26.35,-0.016955251753409797,0.06289580439447148,-0.07985105614788128
26.400000000000002,-0.057548606834539946,0.1000878826909172,-0.15763648952545714
26.450000000000003,-0.13642505473149427,0.05019034425853345,-0.18661539899002771
26.5,-0.21785758908488947,-0.06302458618366841,-0.15483300290122107
26.55,-0.28409289212119787,-0.1973844999465648,-0.08670839217463308
26.6,-0.3369004782459045,-0.3128613315122039,-0.02403914673370061
26.650000000000002,-0.38205553747818716,-0.3872035659173224,0.005148028439135255
26.700000000000003,-0.41370616947143435,-0.41814749021591896,0.0044413207444846114
26.75,-0.41258798263395546,-0.4130706268003403,0.0004826441663848269
26.8,-0.3579325054854493,-0.3753256933981241,0.0173931879126748
26.85,-0.24165555649370968,-0.29818435717907754,0.056528800685367864
26.900000000000002,-0.0739526550289517,-0.17127896240354112,0.09732630737458943
26.950000000000003,0.12129119257626075,0.005007494677550804,0.11628369789870995
27.0,0.3148817056185741,0.2079305898924463,0.10695111572612778
27.05,0.4779934897974734,0.39297845423941874,0.08501503555805467
27.1,0.5843689178022614,0.5084509147400942,0.07591800306216723
27.150000000000002,0.6128151568870427,0.5171726104569702,0.09564254643007253
27.200000000000003,0.5528462648349832,0.4143102930584666,0.1385359717765166
27.25,0.41170384379024666,0.23238942017448272,0.17931442361576394
27.3,0.21766614625191036,0.030880729633932,0.18678541661797837
27.35,0.015509532740272728,-0.12550916977126403,0.14101870251153675
27.400000000000002,-0.14582432475537344,-0.19106279752160318,0.04523847276622975
27.450000000000003,-0.2289578915859255,-0.15558715566277506,-0.07337073592315044
27.5,-0.22062392903366423,-0.04547546530946238,-0.17514846372420184
27.55,-0.13519955248041612,0.09197082422745641,-0.22717037670787255
27.6,-0.00700894543706674,0.2133548721535949,-0.22036381759066162
27.650000000000002,0.1252668555799124,0.2991259899603796,-0.17385913438046718
27.700000000000003,0.2338370959024039,0.3562972340615409,-0.122460138159137
27.75,0.3080244541676183,0.4024840768689458,-0.09445962270132746
27.8,0.3486412837376708,0.44351933942627064,-0.09487805568859986
27.85,0.3566104744253031,0.4627019675268116,-0.1060914931015085
27.900000000000002,0.3266804362600555,0.4314067576975338,-0.10472632143747829
27.950000000000003,0.252593238119935,0.3334205625141745,-0.08082732439423951
28.0,0.13915439623913822,0.18292426307854198,-0.04376986683940376
28.05,0.00897608811665242,0.019951001946823026,-0.010974913830170605
28.1,-0.10482166975343113,-0.11447178048663716,0.009650110733206027
28.150000000000002,-0.17607356009567435,-0.2035380182388808,0.027464458143206444
28.200000000000003,-0.19911481777020984,-0.25903332309628335,0.05991850532607351
28.25,-0.18688881575110788,-0.3011830347508417,0.1142942189997338
28.3,-0.15601415968062649,-0.33210453037978505,0.17609037069915856
28.35,-0.11352193797384916,-0.32778014525150967,0.2142582072776605
28.400000000000002,-0.058239316819722796,-0.2582603296330454,0.2000210128133226
28.450000000000003,0.005182513881239606,-0.12084438566669335,0.12602689954793295
28.5,0.05547929505564215,0.042283335525350206,0.013195959530291942
28.55,0.06155103104950979,0.159953755762377,-0.0984027247128672
28.6,0.004422145146747511,0.17312383516129065,-0.16870169001454313
28.650000000000002,-0.1041445102450935,0.07230582635787304,-0.17645033660296655
28.700000000000003,-0.22415826521439589,-0.0955486476295269,-0.128609617584869
28.75,-0.31066927551207835,-0.2548223785161927,-0.05584689699588563
28.8,-0.3386821222085313,-0.3428435475358481,0.004161425327316837
28.85,-0.3094667627792069,-0.33681146563147973,0.027344702852272806
28.900000000000002,-0.23603233649331468,-0.25163249631053947,0.01560015981722479
28.950000000000003,-0.12535478533269995,-0.11731177251137091,-0.008043012821329035
29.0,0.022997574070959665,0.042195990173508655,-0.01919841610254899
29.05,0.2002566809116469,0.21251969826447387,-0.012263017352826977
29.1,0.3726556498533835,0.3766600707260219,-0.0040044208726384145
29.150000000000002,0.48715651749365707,0.5033368975274675,-0.016180380033810393
29.200000000000003,0.4998854086885321,0.551382617413482,-0.05149720872494995
29.25,0.40578961180743073,0.4910696278326382,-0.08528001602520746
29.3,0.24440531349526337,0.32742468930534346,-0.08301937581008009
29.35,0.07629491286771026,0.10665464369156111,-0.03035973082385085
29.400000000000002,-0.05047061638932928,-0.10183659670865501,0.05136598031932573
29.450000000000003,-0.1175742941533779,-0.23750184688508127,0.11992755273170337
29.5,-0.12815693415176074,-0.2740116727734889,0.14585473862172818
29.55,-0.0873795605649865,-0.22235226219801532,0.13497270163302882
29.6,0.005961571700643748,-0.11287548743533168,0.11883705913597543
29.650000000000002,0.1491010807605735,0.02731671732626423,0.12178436343430926
29.700000000000003,0.3197268463445298,0.1837015956847684,0.1360252506597614
29.75,0.4748526039462797,0.3454431119624307,0.129409491983849
29.8,0.5693061792538548,0.48989178250399523,0.07941439674985962
29.85,0.5789583685807907,0.5780807650499744,0.0008776035308163399
29.900000000000002,0.5087031115724371,0.5690743622329837,-0.060371250660546605
29.950000000000003,0.37993484870876604,0.4439570945463534,-0.06402224583758737
30.0,0.21163282102437173,0.2207889137129571,-0.009156092688585388
30.05,0.013618090096819182,-0.05164993846664558,0.06526802856346477
30.1,-0.20385286887863202,-0.31675955499779046,0.11290668611915844
30.150000000000002,-0.41791131863066366,-0.5328095143858395,0.11489819575517579
30.200000000000003,-0.594883531343069,-0.6810685634286814,0.08618503208561235
30.25,-0.7076050180035924,-0.7590350396128006,0.051430021609208176
30.3,-0.7526301471856286,-0.7704301444171557,0.017799997231527143
30.35,-0.7504145580060726,-0.722879840681927,-0.027534717324145586
30.400000000000002,-0.7276425965557164,-0.632847764844732,-0.09479483171098435
30.450000000000003,-0.6980252736332512,-0.5277845419188598,-0.17024073171439136
30.5,-0.658663186525418,-0.4376979448250225,-0.2209652417003955
30.55,-0.6028255214627734,-0.38004251333781497,-0.22278300812495838
30.6,-0.5335210525065812,-0.3506237305840167,-0.18289732192256453
30.650000000000002,-0.46243146071319563,-0.32942308868806847,-0.13300837202512716
30.700000000000003,-0.3952802053893572,-0.2969293712434373,-0.09835083414591989
30.75,-0.32026605956370324,-0.24673925368263197,-0.07352680588107127
30.8,-0.21438710718658052,-0.18388095089520756,-0.03050615629137296
30.85,-0.06467343650250107,-0.1122971218816699,0.047623685379168834
30.900000000000002,0.11456919160925928,-0.02565629744078392,0.1402254890500432
30.950000000000003,0.28512970179103597,0.0874517900977051,0.19767791169333088
31.0,0.4069014368329749,0.227057581685212,0.1798438551477629
31.05,0.4598045148468534,0.3689939637663666,0.0908105510804868
31.1,0.4481861446112311,0.46892636320087017,-0.020740218589639092
31.150000000000002,0.3877054469460422,0.4829404950041737,-0.09523504805813149
31.200000000000003,0.2905981032332268,0.3913599739434429,-0.10076187071021608
31.25,0.16412413208222462,0.2107328832725762,-0.04660875119035157
31.3,0.02111493438553175,-0.011675005912599854,0.032789940298131606
31.35,-0.11216459222851968,-0.21545693585804881,0.10329234362952913
31.400000000000002,-0.20304690897137326,-0.3471029663919346,0.14405605742056135
31.450000000000003,-0.23079441054953587,-0.3757971353354559,0.14500272478592002
31.5,-0.20021712694563165,-0.30224648159312306,0.10202935464749141
31.55,-0.13829770521207058,-0.15874071514115476,0.020443009929084183
31.6,-0.07739544149437182,0.0013383365668410028,-0.07873377806121282
31.650000000000002,-0.0402231939081024,0.12288592373805032,-0.1631091176461527
31.700000000000003,-0.037672327752985055,0.16927823142506496,-0.20695055917805
31.75,-0.0757949247992798,0.13246792934568644,-0.20826285414496623
31.8,-0.15888102265095924,0.02787414271566967,-0.18675516536662892
31.85,-0.28157460863909545,-0.11961902026298055,-0.1619555883761149
31.900000000000002,-0.4177388650203973,-0.2855128606277566,-0.1322260043926407
31.950000000000003,-0.5210193515110169,-0.4436558072067634,-0.07736354430425346
32.0,-0.5430014497910041,-0.5578851902798753,0.0148837404888712
32.050000000000004,-0.45783945979560287,-0.5814508667704973,0.12361140697489442
32.1,-0.2744900481876041,-0.47279594333730135,0.19830589514969726
32.15,-0.027694158699068116,-0.22070476465429456,0.19301060595522646
32.2,0.24269010500079521,0.13944648947346347,0.10324361552733174
32.25,0.5055283155255678,0.5324949606941821,-0.026966645168614356
32.300000000000004,0.7362657659797746,0.8710452733763928,-0.13477950739661826
32.35,0.907486527688802,1.0870488154021984,-0.17956228771339644
32.4,0.9888932076379501,1.1503573360962278,-0.16146412845827773
32.45,0.9631009253771312,1.0695039799681276,-0.10640305459099642
32.5,0.8450671628987554,0.8822976998325673,-0.03723053693381195
32.550000000000004,0.6851085758615137,0.6454517843329577,0.03965679152855606
32.6,0.5472693443667787,0.42478983512604535,0.12247950924073331
32.65,0.47612269816216723,0.28139409934746795,0.19472859881469928
32.7,0.47609343677126553,0.2524000100172125,0.22369342675405302
32.75,0.5175867107746889,0.33453060572075527,0.1830561050539336
32.800000000000004,0.562387135045751,0.48277885349159644,0.07960828155415456
32.85,0.5865779090854094,0.6291752236482316,-0.04259731456282223
32.9,0.5846433994552049,0.7125772760055405,-0.1279338765503356
32.95,0.5571558179660387,0.7022674553586136,-0.14511163739257482
33.0,0.4986173610811312,0.6031910601313214,-0.1045736990501902
33.050000000000004,0.39923778769260426,0.4441903885547288,-0.04495260086212455
33.1,0.2587508296673865,0.2607667101287457,-0.0020158804613591985
33.15,0.09745291955992735,0.08324876772258161,0.014204151837345746
33.2,-0.04849788925467155,-0.06708269728140458,0.018584808026733027
33.25,-0.14621968120687437,-0.17815070751986736,0.031931026312992994
33.300000000000004,-0.1852685881304241,-0.2474817200317076,0.0622131319012835
33.35,-0.18215656948978468,-0.28230104042647347,0.1001444709366888
33.4,-0.16769460743114353,-0.2966216073295693,0.1289269998984258
33.45,-0.16798574831118748,-0.3053613231022999,0.13737557479111243
33.5,-0.19326805349999576,-0.31928172503290475,0.126013671532909
33.550000000000004,-0.2405460756614787,-0.34422480304253045,0.10367872738105174
33.6,-0.3042195909559122,-0.38369616043942895,0.07947656948351672
33.65,-0.38368808586368036,-0.44040099841782815,0.05671291255414779
33.7,-0.4815134160273968,-0.5140675823489969,0.032554166321600075
33.75,-0.595063869119004,-0.5979750920736538,0.0029112229546498503
33.800000000000004,-0.7103768402899434,-0.6790859501953397,-0.03129089009460373
33.85,-0.8048305910627971,-0.743298578740562,-0.06153201232223504
33.9,-0.8575091208022892,-0.7815364489918499,-0.07597267181043932
33.95,-0.8594988093239492,-0.7908033669261151,-0.0686954423978341
34.0,-0.8161508531562485,-0.7693373742336854,-0.046813478922563045
34.050000000000004,-0.7396876626301674,-0.7116245404329263,-0.028063122197241053
34.1,-0.6383392488390713,-0.6099753881950631,-0.0283638606440082
34.15,-0.5111052227125243,-0.46289362519065186,-0.048211597521872485
34.2,-0.35259653659257006,-0.28275858914411056,-0.0698379474484595
34.25,-0.1637013717961098,-0.0944194053506043,-0.06928196644550551
34.300000000000004,0.04167038117299251,0.07626025525799515,-0.03458987408500264
34.35,0.24057343891688818,0.21577972056860792,0.024793718348280258
34.4,0.4130109102927208,0.3279103697772871,0.0851005405154337
34.45,0.5512187886470803,0.42632410141333077,0.12489468723374952
34.5,0.65699662299899,0.5205073723857826,0.13648925061320738
34.550000000000004,0.7286163334340703,0.6048130499359232,0.12380328349814707
34.6,0.7498331615320051,0.6572504951841094,0.09258266634789569
34.65,0.6939468456005825,0.6479649143680367,0.04598193123254579
34.7,0.5435442457571278,0.5527994947042069,-0.009255248947079076
34.75,0.3113367237185281,0.3664480545264546,-0.05511133080792652
34.800000000000004,0.04344934623480349,0.11035417729610714,-0.06690483106130365
34.85,-0.20102268069051238,-0.1688501078563012,-0.03217257283421118
34.9,-0.3808912017794652,-0.4124744726825314,0.031583270903066174
34.95,-0.4913143190878628,-0.5712179244958264,0.0799036054079636
35.0,-0.556471724279661,-0.6252069470024059,0.0687352227227449
35.050000000000004,-0.6041901452393047,-0.5911473323415315,-0.013042812897773204
35.1,-0.6444358621900945,-0.5118113379038793,-0.13262452428621518
35.15,-0.668408194433447,-0.43451014643755853,-0.23389804799588848
35.2,-0.665369841593616,-0.3921145083915989,-0.2732553332020171
35.25,-0.6384877887329681,-0.396330436477586,-0.2421573522553821
35.300000000000004,-0.6033504712321183,-0.44179538802034546,-0.1615550832117728
35.35,-0.5707483952234993,-0.5117138979798183,-0.05903449724368104
35.4,-0.5313928689813299,-0.5786006695166687,0.047207800535338795
35.45,-0.45903074920841064,-0.6037159936699059,0.14468524446149528
35.5,-0.3310709269149332,-0.5446408781487516,0.21356995123381844
35.550000000000004,-0.14901444642998352,-0.3745308782371827,0.22551643180719916
35.6,0.05923869304769206,-0.10341258015231551,0.16265127320000758
35.65,0.256647434450846,0.2155143224575062,0.04113311199333977
35.7,0.41794937061394294,0.50426112137515,-0.08631175076120706
35.75,0.536520998211902,0.69516560139095,-0.15864460317904794
35.800000000000004,0.6143134682817345,0.7613898523698315,-0.14707638408809698
35.85,0.6485838032335047,0.7239130419711568,-0.07532923873765207
35.9,0.6311799903111084,0.632658163817972,-0.0014781735068636337
35.95,0.5619239493017628,0.536616925558385,0.025307023743377788
36.0,0.46157314096513985,0.4627167393218148,-0.0011435983566749353
36.050000000000004,0.36822711462687874,0.4136529829733099,-0.04542586834643114
36.1,0.3160482163567985,0.3801894546780661,-0.06414123832126761
36.15,0.31260634480319843,0.354992939870618,-0.04238659506741954
36.2,0.3341769764503264,0.3375133386320024,-0.003336362181675989
36.25,0.34361521932801353,0.328629007192817,0.01498621213519652
36.300000000000004,0.31639065129496036,0.32202744890373225,-0.005636797608771893
36.35,0.25429822961632553,0.3013426576951552,-0.04704442807882969
36.4,0.1782134561287323,0.2475116592995719,-0.0692982031708396
36.45,0.10944073520662531,0.15291342834148147,-0.04347269313485616
36.5,0.05703385292476793,0.03252375509696406,0.02451009782780387
36.550000000000004,0.01991849074397096,-0.0778503601859813,0.09776885092995226
36.6,-0.0027019175885351155,-0.13858511384112698,0.13588319625259188
36.65,-0.006162259935144514,-0.12936862944721053,0.12320636951206601
36.7,0.013475519691923113,-0.06260389517896894,0.07607941487089205
36.75,0.049022218098288196,0.023599700288936203,0.025422517809351994
36.800000000000004,0.08015351211648998,0.08846388428862301,-0.008310372172133026
36.85,0.08449489728137285,0.11012482083616634,-0.025629923554793488
36.9,0.053244500789426004,0.08961848168472288,-0.03637398089529687
36.95,-0.002563277427642108,0.03740597462470725,-0.03996925205234936
37.0,-0.061062502275712416,-0.04063237053362089,-0.020430131742091524
37.050000000000004,-0.10601790748792464,-0.1406659398615618,0.03464803237363717
37.1,-0.136527370050819,-0.243614845491436,0.107087475440617
37.15,-0.1625059496749961,-0.3050340097419415,0.1425280600669454
37.2,-0.19166196946669325,-0.27328675790307905,0.08162478843638579
37.25,-0.2207040815157494,-0.13120185618192523,-0.08950222533382418
37.300000000000004,-0.23819084006412272,0.0724520550009903,-0.310642895065113
37.35,-0.23455227012997282,0.23713002017280643,-0.47168229030277925
37.4,-0.20818931471918187,0.27218363172633686,-0.48037294644551876
37.45,-0.16144056712377866,0.16461871674037742,-0.32605928386415606
37.5,-0.09139578014446373,-0.0019119461237622475,-0.08948383402070148
37.550000000000004,0.013313497267191545,-0.09830289218119702,0.11161638944838856
37.6,0.16385375084030002,-0.03705705953413676,0.20091081037443678
37.65,0.3565755937101289,0.16994509075018951,0.1866305029599394
37.7,0.5653868427769552,0.4259016041383698,0.13948523863858536
37.75,0.7492805862411914,0.6209499120759664,0.12833067416522503
37.800000000000004,0.8706476248482902,0.7023447870954588,0.1683028377528314
37.85,0.9110199461836119,0.6902692450355221,0.2207507011480898
37.9,0.873514692164556,0.6360368354352344,0.23747785672932165
37.95,0.7728555961102328,0.567158562099782,0.2056970340104508
38.0,0.6237479928206592,0.46882048815755867,0.1549275046631005
38.050000000000004,0.4378068265239884,0.3128611363996269,0.12494569012436146
38.1,0.22934276492656588,0.10100357319159227,0.1283391917349736
38.15,0.02084335180099801,-0.12112798186276563,0.14197133366376363
38.2,-0.1609667879986497,-0.29257162502996986,0.13160483703132017
38.25,-0.2980656137864499,-0.38165313382092114,0.08358752003447123
38.300000000000004,-0.39266903753856597,-0.40720112297469363,0.014532085436127662
38.35,-0.46616809032248346,-0.41999197467963467,-0.04617611564284879
38.400000000000006,-0.5439923250983763,-0.4631529976568105,-0.08083932744156574
38.45,-0.6368549610970782,-0.5451300524673203,-0.0917249086297579
38.5,-0.7324872649557362,-0.6431239470318981,-0.08936331792383811
38.550000000000004,-0.8039858971614621,-0.726780828237689,-0.0772050689237731
38.6,-0.8279654518246996,-0.7779568163359774,-0.05000863548872225
38.650000000000006,-0.7986233058601274,-0.7922938258064928,-0.006329480053634651
38.7,-0.7281403142884515,-0.7686563417710007,0.04051602748254923
38.75,-0.6353582341291676,-0.7024756857690638,0.06711745163989624
38.800000000000004,-0.5334556676412745,-0.5911877096645728,0.05773204202329829
38.85,-0.42642097093543857,-0.4449024462082683,0.018481475272829728
38.900000000000006,-0.31518600877386915,-0.2891891271084034,-0.025996881665465765
38.95,-0.20566779755459133,-0.15464195858273275,-0.051025838971858584
39.0,-0.11007385460633395,-0.06073721833548106,-0.04933663627085289
39.050000000000004,-0.039856663574501225,-0.006725283458137133,-0.033131380116364094
39.1,0.0030803382992415293,0.02404903523805351,-0.02096869693881198
39.150000000000006,0.028351628972216582,0.05090599860853396,-0.02255436963631738
39.2,0.04956974066380363,0.0838176457720522,-0.034247905108248565
39.25,0.07311934758688239,0.11971527178153006,-0.04659592419464767
39.300000000000004,0.09254398500559961,0.14693088128617954,-0.054386896280579924
39.35,0.0934312929907752,0.1526814073101449,-0.059250114319369704
39.400000000000006,0.06510843303428754,0.12870277736484467,-0.06359434433055713
39.45,0.010001635532131006,0.07341761325122828,-0.06341597771909728
39.5,-0.056387424768616155,-0.008084641844616438,-0.04830278292399972
39.550000000000004,-0.11430628021765486,-0.10430133389019505,-0.01000494632745981
39.6,-0.15017437028489172,-0.19720393927673707,0.04702956899184535
39.650000000000006,-0.16113381942545613,-0.2633014328583135,0.10216761343285735
39.7,-0.15201589557560877,-0.2786022185897112,0.12658632301410241
39.75,-0.1293475494805831,-0.22860875964718158,0.09926121016659847
39.800000000000004,-0.09836866273313331,-0.1198504705189703,0.021481807785836984
39.85,-0.06465461518744595,0.015198129997814204,-0.07985274518526014
39.900000000000006,-0.03645994174134348,0.12745642984250566,-0.16391637158384914
39.95,-0.022883902459753712,0.17421690827988792,-0.19710081073964164
40.0,-0.02758744111748524,0.1436193651691972,-0.17120680628668244
40.050000000000004,-0.04355014782305079,0.06350210279714513,-0.10705225062019592
40.1,-0.05517332177296953,-0.014164083047560333,-0.0410092387254092
40.150000000000006,-0.04821354520107076,-0.04464466469244405,-0.0035688805086267136
40.2,-0.020391540065412963,-0.01618790160128213,-0.004203638464130834
40.25,0.01662659650435726,0.04779979411993634,-0.031173197615579077
40.300000000000004,0.046894486125337836,0.11007397955451521,-0.06317949342917738
40.35,0.06456346707073701,0.14661663112063422,-0.08205316404989721
40.400000000000006,0.08116724517911399,0.15935673446189533,-0.07818948928278134
40.45,0.11909453929243763,0.1685951474869499,-0.04950060819451227
40.5,0.19573696788239917,0.19603774667675994,-0.00030077879436077315
40.550000000000004,0.3105239607746952,0.25366146093525754,0.05686249983943764
40.6,0.44446326880992604,0.343397788080708,0.10106548072921806
40.650000000000006,0.5711939466242958,0.4602658156764114,0.1109281309478844
40.7,0.6694699288011987,0.5905355565360161,0.07893437226518263
40.75,0.727484509692354,0.7068986063001027,0.020585903392251304
40.800000000000004,0.7385608851385386,0.7713917622930341,-0.03283087715449551
40.85,0.696377257994986,0.7521489929482587,-0.0557717349532727
40.900000000000006,0.5975345247458591,0.645028146718035,-0.04749362197217588
40.95,0.45027803491136614,0.48159864813214254,-0.031320613220776394
41.0,0.27967563432016024,0.31301266821933976,-0.033337033899179525
41.050000000000004,0.12063637348559725,0.1795631019279035,-0.05892672844230626
41.1,0.0007958936148964551,0.08933259811211912,-0.08853670449722266
41.150000000000006,-0.07419279562250437,0.022330089755021303,-0.09652288537752568
41.2,-0.12043878505584198,-0.04547160707437211,-0.07496717798146987
41.25,-0.1597116113000026,-0.12029304117416323,-0.03941857012583938
41.300000000000004,-0.19981815755039348,-0.18867588017299688,-0.011142277377396592
41.35,-0.22700045700460394,-0.2331248484670212,0.00612439146241725
41.400000000000006,-0.21598589757455314,-0.24686563186661503,0.030879734292061894
41.45,-0.1490224829549294,-0.23291836077302894,0.08389587781809954
41.5,-0.0289023385005645,-0.19107922498926613,0.16217688648870163
41.550000000000004,0.12258261667701272,-0.1101240496593079,0.23270666633632062
41.6,0.27676398800988294,0.022600117489084744,0.2541638705207982
41.650000000000006,0.4095488705143724,0.2007049427946383,0.2088439277197341
41.7,0.5044558561600587,0.387000560191462,0.11745529596859672
41.75,0.5489522366781261,0.5241215433352814,0.024830693342844712
41.800000000000004,0.5316391588964103,0.5619055689861916,-0.03026641008978126
41.85,0.4451352753598972,0.4816635532428519,-0.03652827788295471
41.900000000000006,0.2921863219474394,0.3011203723400668,-0.008934050392627402
41.95,0.08851627079909613,0.06045827181531462,0.02805799898378151
42.0,-0.14100969096187801,-0.19678049253091734,0.055770801569039324
42.050000000000004,-0.36996214116599235,-0.4351652124402359,0.06520307127424357
42.1,-0.5757790573294007,-0.6295447789152006,0.05376572158579984
42.150000000000006,-0.7403096940329681,-0.7644060744348571,0.024096380401888995
42.2,-0.848105106027599,-0.834875118334351,-0.013229987693248013
42.25,-0.8868723900395279,-0.8467452766026938,-0.04012711343683406
42.300000000000004,-0.851142698696743,-0.8110496213622962,-0.04009307733444678
42.35,-0.7457734541240953,-0.7349037046361138,-0.010869749487981584
42.400000000000006,-0.5854403155362935,-0.6169132483031771,0.031472932766883566
42.45,-0.3902310413147855,-0.453318765567563,0.06308772425277753
42.5,-0.18132817439953697,-0.2508583410608462,0.06953016666130923
42.550000000000004,0.019871082991858902,-0.034470976458820655,0.05434205945067956
42.6,0.19042207165838929,0.15859043900874228,0.031831632649647
42.650000000000006,0.30693459030532366,0.2945652403270061,0.012369349978317568
42.7,0.3518893168690393,0.3564850739279219,-0.004595757058882599
42.75,0.32218531661729594,0.3458854585403731,-0.023700141923077178
42.800000000000004,0.23304129864668433,0.2754043821185297,-0.042363083471845364
42.85,0.11267653962792964,0.16215766351331448,-0.04948112388538484
42.900000000000006,-0.009891396176002178,0.02756147531157046,-0.037452871487572634
42.95,-0.1161653336778573,-0.10108353753757308,-0.01508179614028421
43.0,-0.20164839837098136,-0.19599517848296544,-0.005653219888015926
43.050000000000004,-0.27063594551671055,-0.24229806757955924,-0.028337877937151312
43.1,-0.3274586884269119,-0.248828078329221,-0.0786306100976909
43.150000000000006,-0.3705650414262155,-0.2437828728096248,-0.1267821686165907
43.2,-0.392396108587085,-0.2544442768984487,-0.13795183168863634
43.25,-0.3836593080756891,-0.2854142308641296,-0.0982450772115595
43.300000000000004,-0.33869755664804174,-0.3133317971542288,-0.025365759493812923
43.35,-0.25935754295250846,-0.30334881650186457,0.043991273549356114
43.400000000000006,-0.15611559853253482,-0.2347824469235521,0.07866684839101729
43.45,-0.04597781336754312,-0.11637571124188728,0.07039789787434417
43.5,0.05257908872033942,0.018890620268329543,0.03368846845200988
43.550000000000004,0.12583471873682664,0.13305834995806035,-0.007223631221233706
43.6,0.16902570012012916,0.20148129280948984,-0.032455592689360685
43.650000000000006,0.18599068689579162,0.21987213033585007,-0.033881443440058445
43.7,0.18484059371739792,0.2007587801084734,-0.01591818639107548
43.75,0.17331400684854198,0.16595926536185762,0.0073547414866843575
43.800000000000004,0.15733902580783155,0.1392712979853191,0.018067727822512453
43.85,0.14269005926222406,0.13894157046699218,0.0037484887952318746
43.900000000000006,0.13606320556755722,0.1696757712694004,-0.03361256570184318
43.95,0.14240705471135348,0.21834033133518782,-0.07593327662383434
44.0,0.15991635272917473,0.25900477451502313,-0.0990884217858484
44.050000000000004,0.1780745727012075,0.2672077202641385,-0.08913314756293103
44.1,0.18275332037296016,0.23480743331929363,-0.05205411294633347
44.150000000000006,0.16603405451920608,0.17459347320709803,-0.008559418687891951
44.2,0.13298815558658936,0.11147258340472153,0.021515572181867823
44.25,0.09895944303935193,0.06779337700588248,0.031166066033469456
44.300000000000004,0.07861273393318552,0.05393043478450373,0.024682299148681787
44.35,0.07536825994737488,0.06857297325460482,0.006795286692770061
44.400000000000006,0.07986660363374473,0.10375426662274151,-0.023887662988996777
44.45,0.0784678078994236,0.14741185602141338,-0.06894404812198977
44.5,0.06433333139018584,0.18270906779242804,-0.11837573640224221
44.550000000000004,0.04196613167539479,0.19008523911540304,-0.14811910744000825
44.6,0.02236750670692978,0.1562886966290027,-0.13392118992207291
44.650000000000006,0.014080067174623788,0.08558737137846231,-0.07150730420383852
44.7,0.017990866242630535,0.002267548080579968,0.015723318162050567
44.75,0.029229259439053353,-0.06130277895802738,0.09053203839708074
44.800000000000004,0.04285922968505121,-0.0839074650955901,0.12676669478064131
44.85,0.05761756492575843,-0.06697067733987438,0.12458824226563281
44.900000000000006,0.07513876624658225,-0.029074272033084467,0.10421303827966671
44.95,0.09685393340270008,0.010966976614800589,0.0858869567878995
45.0,0.12221517930823732,0.047307091309751706,0.07490808799848561
45.050000000000004,0.14935762321721632,0.08604086862277166,0.06331675459444466
45.1,0.17622675313957525,0.13333703577018235,0.0428897173693929
45.150000000000006,0.20000314550085804,0.185309428783816,0.014693716717042032
45.2,0.2151696787400431,0.22828584126696155,-0.01311616252691844
45.25,0.21269876261685242,0.24660562427405552,-0.03390686165720311
45.300000000000004,0.18227203119786076,0.22879510127597497,-0.04652307007811421
45.35,0.1169618320693908,0.16798991129180402,-0.05102807922241322
45.400000000000006,0.017933728034651118,0.06165495349135725,-0.043721225456706134
45.45,-0.10320032306698464,-0.08294630439978949,-0.020254018667195145
45.5,-0.22558097001005534,-0.24018955908285924,0.014608589072803907
45.550000000000004,-0.32402464242750806,-0.3662358868815931,0.04221124445408503
45.6,-0.37679755735692594,-0.41632323889069345,0.03952568153376751
45.650000000000006,-0.37355112386843076,-0.3718621528426413,-0.0016889710257894652
45.7,-0.31900036000768667,-0.256566528358225,-0.062433831649461646
45.75,-0.22890448142192032,-0.1250517715052032,-0.10385270991671713
45.800000000000004,-0.11984042703727449,-0.028508863889162964,-0.09133156314811153
45.85,-2.0840683447661797e-05,0.017760103084183528,-0.017780943767631188
45.900000000000006,0.13086941284543172,0.0399420716907699,0.0909273411546618
45.95,0.2717700065560977,0.08065007876831813,0.19111992778777953
46.0,0.4088631908758125,0.16380435892219886,0.24505883195361367
46.050000000000004,0.5143795704482376,0.27651562353485326,0.2378639469133843
46.1,0.5592393056546653,0.37898350002013037,0.18025580563453492
46.150000000000006,0.5302199759177558,0.43045823259887495,0.09976174331888088
46.2,0.4368242556955448,0.4096761066248557,0.027148149070689076
46.25,0.3015162415387104,0.31796359862150153,-0.01644735708279116
46.300000000000004,0.14250643292487972,0.17029784290879055,-0.02779140998391083
46.35,-0.0342700304794312,-0.012809351699043335,-0.02146067878038787
46.400000000000006,-0.22628267765790594,-0.20662379374739928,-0.019658883910506658
46.45,-0.41848077780896903,-0.3819483058949974,-0.03653247191397163
46.5,-0.5787661614253903,-0.5110622713307647,-0.06770389009462563
46.550000000000004,-0.6731513485507812,-0.579166571159228,-0.0939847773915532
46.6,-0.688802705926584,-0.5915850868304129,-0.0972176190961711
46.650000000000006,-0.6432075444755694,-0.568155498127196,-0.07505204634837337
46.7,-0.5692005629814395,-0.5274352051338224,-0.041765357847617146
46.75,-0.4886001204163212,-0.47343087012414503,-0.015169250292176195
46.800000000000004,-0.3990890276190737,-0.3961625133861454,-0.0029265142329283345
46.85,-0.2868036411230578,-0.2854479750905581,-0.0013556660324997027
46.900000000000006,-0.1517058876985075,-0.14594982701090292,-0.005756060687604592
46.95,-0.019273616479920763,-0.0009128983343920481,-0.018360718145528716
47.0,0.07517824563391383,0.11812900898603264,-0.04295076335211881
47.050000000000004,0.11574460496556263,0.18750679737955572,-0.07176219241399309
47.1,0.12001402682979029,0.20226756469789203,-0.08225353786810174
47.150000000000006,0.12277411199074996,0.17615454612705844,-0.05338043413630848
47.2,0.1437851701172081,0.13292177045769055,0.010863399659517547
47.25,0.17057897240954384,0.09501627844305695,0.07556269396648689
47.300000000000004,0.17335342906558734,0.07484068934825615,0.0985127397173312
47.35,0.13758213111959391,0.07147819064014664,0.06610394047944727
47.400000000000006,0.0819859709389093,0.07396650996656427,0.00801946097234503
47.45,0.04348384956957313,0.0700761924883511,-0.026592342918777975
47.5,0.04344996846037739,0.056214747673209185,-0.012764779212831798
47.550000000000004,0.06861238541762783,0.041736403124387686,0.026875982293240147
47.6,0.08580491180887787,0.04326299046402687,0.042541921344851
47.650000000000006,0.076060947317353,0.0718256453982938,0.004235301919059201
47.7,0.05379734986853192,0.12231198421839666,-0.06851463434986474
47.75,0.05126577155453643,0.17416680811788451,-0.12290103656334808
47.800000000000004,0.0832167915281258,0.20367457359138616,-0.12045778206326035
47.85,0.1272637077202455,0.19848176467170234,-0.07121805695145683
47.900000000000006,0.1408329792921719,0.16316276030581814,-0.022329781013646244
47.95,0.09976706188513032,0.1125839128747194,-0.012816850989589082
48.0,0.02188418299954474,0.06029300082085781,-0.03840881782131307
48.050000000000004,-0.047228481583422,0.01242784273774588,-0.05965632432116788
48.1,-0.07276086921848417,-0.028993138861712453,-0.043767730356771714
48.150000000000006,-0.057212340902085566,-0.05915548409675464,0.0019431431946690739
48.2,-0.031058085721172787,-0.06875952369333818,0.037701437972165394
48.25,-0.018840961212153572,-0.050310608525969705,0.03146964731381613
48.300000000000004,-0.015033588035291964,-0.006399303607137766,-0.008634284428154199
48.35,0.007153811066796267,0.04854611018376917,-0.041392299116972904
48.400000000000006,0.06426248872453244,0.09559050430141046,-0.03132801557687802
48.45,0.14081154817472694,0.12198562645101142,0.018825921723715514
48.5,0.19924262002291995,0.1269017564971175,0.07234086352580246
48.550000000000004,0.2117910969977352,0.11879915856069696,0.09299193843703825
48.6,0.18330388544872106,0.10805743426758448,0.07524645118113658
48.650000000000006,0.14375956719314728,0.10100909143282492,0.04275047576032236
48.7,0.11912800978963675,0.09838552768643262,0.020742482103204132
48.75,0.10923387630920647,0.09680364450257094,0.012430231806635536
48.800000000000004,0.09259121204356978,0.09077204937321327,0.0018191626703565056
48.85,0.05097388509859548,0.07460751439051765,-0.023633629291922163
48.900000000000006,-0.011567182152722313,0.044992841212707906,-0.056560023365430215
48.95,-0.07260703332905416,0.0036208123344843354,-0.07622784566353849
49.0,-0.11154933169330875,-0.042428436720462315,-0.06912089497284643
49.050000000000004,-0.12447827163553762,-0.08389808147284245,-0.04058019016269518
49.1,-0.12008505321833922,-0.11382794564894114,-0.006257107569398082
49.150000000000006,-0.10410321307216218,-0.1289511913293185,0.02484797825715633
49.2,-0.07107448450165645,-0.12663329560329717,0.05555881110164072
49.25,-0.012883824499452684,-0.10157259883277846,0.08868877433332577
49.300000000000004,0.06561657315739369,-0.04827529915575766,0.11389187231315134
49.35,0.1417821701104811,0.030169620200923564,0.11161254990955755
49.400000000000006,0.18794117684669526,0.11475217616589437,0.07318900068080089
49.45,0.19022778943591753,0.17438221632721682,0.015845573108700717
49.5,0.15569658687842397,0.18226943049721828,-0.026572843618794306
49.550000000000004,0.10193390364725852,0.1338855773470231,-0.03195167369976459
49.6,0.04082257188978542,0.05134041543188371,-0.010517843542098289
49.650000000000006,-0.027018257931459407,-0.031300740806410626,0.00428248287495122
49.7,-0.10279644592363223,-0.09100743294849056,-0.011789012975141663
49.75,-0.17689474334224012,-0.12835398733145964,-0.04854075601078048
49.800000000000004,-0.2280989701033733,-0.15946621243112014,-0.06863275767225316
49.85,-0.23729077496297996,-0.19528415937213725,-0.042006615590842705
49.900000000000006,-0.20304078828962133,-0.22745102251944144,0.02441023422982011
49.95,-0.1441498559216781,-0.23404366292189793,0.08989380700021984
50.0,-0.08656402080479224,-0.20012753605063793,0.1135635152458457
50.050000000000004,-0.04650901188093275,-0.13441226228103761,0.08790325040010485
50.1,-0.024158993258958966,-0.06662130845468872,0.04246231519572975
50.150000000000006,-0.011248316330067398,-0.027335420451227298,0.0160871041211599
50.2,-0.0032829511790812165,-0.027273300332521035,0.023990349153439817
50.25,-0.0045081572330096156,-0.052760364195459104,0.04825220696244949
50.300000000000004,-0.022469684711435463,-0.07950387566957091,0.05703419095813545
50.35,-0.059091066685667194,-0.09154478641989805,0.032453719734230856
50.400000000000006,-0.10706680168652204,-0.08970645578243829,-0.01736034590408375
50.45,-0.15383327929694077,-0.0848856957294869,-0.06894758356745387
50.5,-0.18825447607979065,-0.08491261012910034,-0.10334186595069031
50.550000000000004,-0.20421750349386633,-0.08745678453916593,-0.1167607189547004
50.6,-0.19984660366672244,-0.08372515476009777,-0.11612144890662467
50.650000000000006,-0.1751623900234009,-0.06720005296973416,-0.10796233705366673
50.7,-0.130945717728877,-0.038358778632789366,-0.09258693909608764
50.75,-0.06903229349538646,-0.002037870960881532,-0.06699442253450492
50.800000000000004,0.006931899392015919,0.03803599706377632,-0.0311040976717604
50.85,0.09037753847571205,0.08097352065773374,0.00940401781797831
50.900000000000006,0.17018360034671326,0.12514375669804015,0.04503984364867311
50.95,0.2302735533855196,0.16395001885957045,0.06632353452594916
51.0,0.25364668716116634,0.18658189128089323,0.06706479588027311
51.050000000000004,0.23137475240849048,0.1843369218671062,0.04703783054138427
51.1,0.1711201901826761,0.15733571592275564,0.013784474259920465
51.150000000000006,0.09677383423202655,0.11561691614125547,-0.018843081909228912
51.2,0.03614432189281971,0.07336646994765463,-0.03722214805483492
51.25,0.004301463913030347,0.04084167735377844,-0.03654021344074809
51.300000000000004,-0.003967285545296194,0.020201683391143026,-0.02416896893643922
51.35,-0.005498358780688138,0.007829691959447408,-0.013328050740135548
51.400000000000006,-0.011140920781503175,0.0003327352300411546,-0.01147365601154433
51.45,-0.015313814017587933,-0.0011576301203350017,-0.014156183897252931
51.5,-0.0026404522150786447,0.008252942829539445,-0.01089339504461809
51.550000000000004,0.03484414299344428,0.032474693685682045,0.002369449307762235
51.6,0.08719555133913817,0.06988410230457391,0.01731144903456426
51.650000000000006,0.13387059727311024,0.11269835879620668,0.021172238476903554
51.7,0.16213835034817073,0.1507343604425877,0.011403989905583028
51.75,0.17808865520515407,0.1766641250395119,0.0014245301656421738
51.800000000000004,0.19841558661830277,0.18892626290274223,0.00948932371556055
51.85,0.23040281594711898,0.19041176467127274,0.039991051275846234
51.900000000000006,0.26019574104839216,0.18429365287889127,0.07590208816950089
51.95,0.26218431086560423,0.17044482367345365,0.09173948719215058
52.0,0.22160860696232118,0.14526796111099632,0.07634064585132486
52.050000000000004,0.14878990316054228,0.10498402399693235,0.04380587916360992
52.1,0.07077085509210594,0.04968388776837902,0.02108696732372692
52.150000000000006,0.007848481453075193,-0.015114031152953455,0.02296251260602865
52.2,-0.0427859911801213,-0.08066344603631344,0.037877454856192136
52.25,-0.10096368802268703,-0.1393462447944911,0.03838255677180406
52.300000000000004,-0.18141559869022414,-0.1881377932366495,0.006722194546425364
52.35,-0.27718364176507965,-0.22905231696923747,-0.04813132479584217
52.400000000000006,-0.3640348567377928,-0.2666631866874053,-0.0973716700503875
52.45,-0.4205418958470387,-0.3044420471299176,-0.11609984871712109
52.5,-0.44385505837963063,-0.341802411963175,-0.10205264641645562
52.550000000000004,-0.4467548156799531,-0.3729514836526652,-0.0738033320272879
52.6,-0.4407875161971941,-0.3879799578244939,-0.05280755837270018
52.650000000000006,-0.423367096188359,-0.376210170231323,-0.04715692595703597
52.7,-0.3810877972631608,-0.3310048062368216,-0.050082991026339174
52.75,-0.3041159141146782,-0.2538554633803485,-0.05026045073432972
52.800000000000004,-0.19590321274813505,-0.15485475559192685,-0.041048457156208196
52.85,-0.0690609648725122,-0.048190977710231155,-0.02086998716228105
52.900000000000006,0.06599279808877945,0.05510193050996545,0.010890867578813995
52.95,0.20544464217170724,0.15196106065949697,0.053483581512210276
53.0,0.3440729395219501,0.24535437337151708,0.09871856615043303
53.050000000000004,0.46450341008209173,0.33623026777703174,0.12827314230505998
53.1,0.5381937032783991,0.4154566695612938,0.12273703371710531
53.150000000000006,0.5411404299516097,0.4629434406901383,0.0781969892614714
53.2,0.4712861412644516,0.45626491514716105,0.015021226117290565
53.25,0.35107616837390776,0.38378534691639116,-0.0327091785424834
53.300000000000004,0.21197548688780588,0.2534602356988874,-0.04148474881108155
53.35,0.07487082970028004,0.09132038416018932,-0.016449554459909282
53.400000000000006,-0.056122319307576315,-0.06919465308117295,0.013072333773596637
53.45,-0.18250414932297754,-0.20010558453971794,0.017601435216740402
53.5,-0.29598373359513475,-0.28670521161435053,-0.009278521980784216
53.550000000000004,-0.37543467439646927,-0.32754047044967327,-0.047894203946796
53.6,-0.3997685901647291,-0.3289507567518211,-0.07081783341290798
53.650000000000006,-0.3642472152219319,-0.2987886934908424,-0.06545852173108946
53.7,-0.2847507370007263,-0.2428575380393143,-0.04189319896141197
53.75,-0.18677863111254764,-0.16514087663034502,-0.02163775448220262
53.800000000000004,-0.0903588085183146,-0.07084781235813586,-0.019510996160178734
53.85,-0.004191185556458352,0.030017453247215203,-0.03420863880367356
53.900000000000006,0.06874151063250641,0.12153181432236494,-0.05279030368985853
53.95,0.12364178608854325,0.18548683391940335,-0.0618450478308601
54.0,0.15418634756393226,0.2092801291085579,-0.05509378154462563
54.050000000000004,0.15982070397353088,0.1936560604759324,-0.03383535650240152
54.1,0.15026671724789434,0.15417422793554159,-0.003907510687647248
54.150000000000006,0.14013590086934113,0.11353542327402302,0.02660047759531811
54.2,0.13782560748753853,0.08879565824198998,0.04902994924554854
54.25,0.1400871790179404,0.08251092173275715,0.05757625728518326
54.300000000000004,0.13843587284091521,0.08479288242669797,0.053642990414217245
54.35,0.131091308765623,0.08471369086239683,0.04637761790322617
54.400000000000006,0.12770821512478175,0.0814192135654618,0.04628900155931995
54.45,0.14102295849024205,0.08516829993917216,0.055854658551069886
54.5,0.17298705491524663,0.1071193431838186,0.06586771173142802
54.550000000000004,0.20916139250164084,0.14672795097762245,0.06243344152401839
54.6,0.22755672384344422,0.1880240869184733,0.039532636924970915
54.650000000000006,0.21427571921218164,0.20844789265094754,0.005827826561234095
54.7,0.17207238116271256,0.19314265138935593,-0.021070270226643373
54.75,0.11523322750748607,0.14333894689331592,-0.02810571938582984
54.800000000000004,0.057239775595960274,0.07323737532160121,-0.015997599725640937
54.85,0.0033705923155023768,-0.0002086358098367187,0.0035792281253390953
54.900000000000006,-0.046255091136596045,-0.06532539778336117,0.01907030664676513
54.95,-0.08896822665099059,-0.11635492798879983,0.02738670133780924
55.0,-0.11701975563676187,-0.1495483256266694,0.032528569989907524
55.050000000000004,-0.1233798580179526,-0.16130111235980207,0.03792125434184947
55.1,-0.10942411011869678,-0.15108994801618972,0.04166583789749294
55.150000000000006,-0.08594691359763056,-0.12538325694548696,0.03943634334785641
55.2,-0.06614138394161624,-0.09676409429711558,0.030622710355499336
55.25,-0.05753144868767893,-0.07736740209610524,0.01983595340842631
55.300000000000004,-0.060373501144300845,-0.07211066167414995,0.011737160529849106
55.35,-0.07263929743721899,-0.07807308905260792,0.005433791615388928
55.400000000000006,-0.09479725426940636,-0.09050662967123353,-0.004290624598172824
55.45,-0.12871834441280242,-0.10927495601092548,-0.01944338840187694
55.5,-0.1725062212695839,-0.13898528757206305,-0.03352093369752085
55.550000000000004,-0.21817426480932936,-0.18242884835222936,-0.0357454164571
55.6,-0.25592746687958123,-0.23382775775993492,-0.022099709119646316
55.650000000000006,-0.2808990857734905,-0.27885311216398895,-0.002045973609501539
55.7,-0.29468406608491654,-0.301977785799713,0.007293719714796476
55.75,-0.2993818807400106,-0.2948945617552338,-0.004487318984776778
55.800000000000004,-0.2905913078714563,-0.2591642886039289,-0.03142701926752739
55.85,-0.25805932383683067,-0.20216262254314757,-0.0558967012936831
55.900000000000006,-0.19514561263672062,-0.1315036295547124,-0.06364198308200822
55.95,-0.10830190372629539,-0.053332526593803525,-0.054969377132491865
56.0,-0.016143380215350434,0.025490545694865696,-0.04163392591021613
56.050000000000004,0.06291121736957202,0.0960974317166636,-0.03318621434709158
56.1,0.12389181145759832,0.15089119204700838,-0.026999380589410052
56.150000000000006,0.17695382783429156,0.1892453143249261,-0.012291486490634551
56.2,0.23535123208841272,0.2193595749322926,0.01599165715612011
56.25,0.300537790105397,0.2525327313503147,0.04800505875508232
56.300000000000004,0.3582058810698845,0.29331905112493184,0.06488682994495265
56.35,0.38900401244319627,0.33385263233979695,0.05515138010339932
56.400000000000006,0.38413334391519827,0.3579234439822653,0.02620989993293299
56.45,0.351821441618553,0.35222402429482147,-0.00040258267626847033
56.5,0.3094335632835337,0.3159306634755832,-0.006497100192049465
56.550000000000004,0.26899070888492344,0.2610950324101665,0.007895676474756919
56.6,0.22893920387105804,0.20389236285730652,0.025046841013751514
56.650000000000006,0.17823760886626672,0.15383369889030968,0.02440390997595704
56.7,0.10756636366295742,0.10882975444997528,-0.0012633907870178568
56.75,0.017404035875057778,0.05868570437922506,-0.041281668504167285
56.800000000000004,-0.08255410320100244,-0.0066056837087764865,-0.07594841949222596
56.85,-0.17962799426979342,-0.0896352661984068,-0.08999272807138663
56.900000000000006,-0.2632515737835994,-0.1830238201685518,-0.08022775361504764
56.95,-0.3256277394757562,-0.2715984953083674,-0.0540292441673888
57.0,-0.3602977525945999,-0.3374626051460574,-0.02283514744854248
57.050000000000004,-0.36253468429519486,-0.3660507301114767,0.003516045816281843
57.1,-0.3320499805331472,-0.35139859109113813,0.01934861055799092
57.150000000000006,-0.2748401255656498,-0.29855862148988804,0.023718495924238248
57.2,-0.20152506255025648,-0.22154376531332448,0.020018702763067997
57.25,-0.12339993971377802,-0.13743520621064637,0.014035266496868343
57.300000000000004,-0.04985916963790917,-0.06011196226791744,0.010252792630008271
57.35,0.011106860538236205,0.0023929633390738165,0.00871389719916239
57.400000000000006,0.051669558487018395,0.045931463570776286,0.005738094916242109
57.45,0.06568566792977147,0.06694909592186243,-0.0012634279920909625
57.5,0.05309644819187011,0.062409850210434235,-0.009313402018564128
57.550000000000004,0.02299109975960405,0.034005599127170556,-0.011014499367566506
57.6,-0.008969377030556336,-0.007477836582231166,-0.00149154044832517
57.650000000000006,-0.028147831420171278,-0.04336615959143702,0.015218328171265741
57.7,-0.02781777263897308,-0.05531389937673046,0.02749612673775738
57.75,-0.009830675916033677,-0.03532127727692449,0.025490601360890812
57.800000000000004,0.020694348926914602,0.010283946278511905,0.010410402648402697
57.85,0.060773631270909734,0.06625711838740393,-0.005483487116494198
57.900000000000006,0.1094450081058292,0.11867465651147519,-0.009229648405645982
57.95,0.1626023805290878,0.16137009455554632,0.0012322859735414693
58.0,0.20899214874807653,0.19376033628015904,0.015231812467917494
58.050000000000004,0.23302669719193927,0.21357619120423976,0.019450505987699512
58.1,0.22351262243812312,0.21294944215969214,0.010563180278430978
58.150000000000006,0.1812398863619031,0.18294665970474558,-0.0017067733428424714
58.2,0.11877223358908237,0.12295917176772737,-0.004186938178645003
58.25,0.05247857447228496,0.04569783666122275,0.006780737811062212
58.300000000000004,-0.006512658725955123,-0.028279158059725598,0.021766499333770475
58.35,-0.05536985385404213,-0.08305949691016615,0.027689643056124015
58.400000000000006,-0.0954970012627617,-0.1164323783191578,0.0209353770563961
58.45,-0.12659342388047265,-0.13751256267722936,0.010919138796756711
58.5,-0.14493685426312267,-0.15514537626253833,0.01020852199941566
58.550000000000004,-0.14703676725813247,-0.16797468050912834,0.020937913250995865
58.6,-0.1342611611737119,-0.16581151005935016,0.03155034888563826
58.650000000000006,-0.11329791005877969,-0.14136517906877502,0.02806726900999533
58.7,-0.09173540781733482,-0.10102832249106605,0.009292914673731237
58.75,-0.07297178300117452,-0.06323688433092745,-0.009734898670247072
58.800000000000004,-0.05522813875991492,-0.043955478173721405,-0.011272660586193514
58.85,-0.03529900953771982,-0.0414989357636094,0.006199926225889579
58.900000000000006,-0.013059876335811594,-0.03529709051711443,0.02223721418130284
58.95,0.00782520862726802,-0.0020809725931485853,0.009906181220416605
59.0,0.02364613242943165,0.06264707810057092,-0.03900094567113927
59.050000000000004,0.034970918902317176,0.1362109621563205,-0.10124004325400332
59.1,0.046927312700599536,0.18220780883985865,-0.13528049613925913
59.150000000000006,0.06458159951853644,0.17659324644004373,-0.1120116469215073
59.2,0.08734804303900072,0.12602344595940115,-0.038675402920400434
59.25,0.10771073253025779,0.06365793781569565,0.04405279471456214
59.300000000000004,0.11605513569674246,0.025648154922614633,0.09040698077412783
59.35,0.10804184525629751,0.02687957679647516,0.08116226845982236
59.400000000000006,0.08842763040895701,0.054352077260884916,0.0340755531480721
59.45,0.06792030142734885,0.08144939454179578,-0.01352909311444693
59.5,0.055444331609048575,0.08957626287159745,-0.034131931262548876
59.550000000000004,0.052197899058467834,0.07938633030589212,-0.02718843124742429
59.6,0.05253293548591874,0.06471904429351082,-0.012186108807592078
59.650000000000006,0.05090364218757898,0.05775295007438311,-0.006849307886804129
59.7,0.04874245913573837,0.059964967953568614,-0.011222508817830247
59.75,0.05488673522873579,0.06582149490249974,-0.010934759673763943
59.800000000000004,0.07857042834412407,0.0730460095267725,0.0055244188173515785
59.85,0.12053128439914615,0.08745692664001613,0.03307435775913002
59.900000000000006,0.16973486918982345,0.1167331151463618,0.05300175404346165
59.95,0.20869008698961722,0.15916074709292025,0.04952933989669697
60.0,0.22317695510859578,0.19885963618189614,0.024317318926699638
60.050000000000004,0.20874629135829864,0.2131395432218408,-0.004393251863542169
60.1,0.16963678484969383,0.18646466994876532,-0.016827885099071488
60.150000000000006,0.11265586040983869,0.11973105718639607,-0.00707519677655738
60.2,0.04260822779578924,0.028210236502612555,0.014397991293176683
60.25,-0.03665852488896878,-0.06849330264871954,0.031834777759750764
60.300000000000004,-0.11789628878101732,-0.15540463847853,0.03750834969751268
60.35,-0.1888473682366614,-0.22418477739082926,0.03533740915416786
60.400000000000006,-0.236737348204151,-0.27007493393861165,0.03333758573446066
60.45,-0.2557657331714389,-0.28983678747144187,0.034071054300002956
60.5,-0.25090848178771985,-0.28374537056511817,0.03283688877739832
60.550000000000004,-0.23444996397443796,-0.2587166148972988,0.024266650922860844
60.6,-0.21842437923479957,-0.22760137858040455,0.00917699934560498
60.650000000000006,-0.20967359248321532,-0.20365287801979326,-0.006020714463422061
60.7,-0.21087354843559727,-0.19449987616964537,-0.016373672265951905
60.75,-0.2241976668532142,-0.20057988894214493,-0.023617777911069282
60.800000000000004,-0.2514928184839091,-0.2182102135121869,-0.033282604971722196
60.85,-0.28921703543022415,-0.2427026367350435,-0.04651439869518065
60.900000000000006,-0.3234811762148463,-0.26762839484065826,-0.05585278137418803
60.95,-0.3324957859426529,-0.28184585885486463,-0.05064992708778826
61.0,-0.2975702313906873,-0.26990952617773484,-0.02766070521295244
61.050000000000004,-0.21508849816379574,-0.21890879217552292,0.0038202940117271766
61.1,-0.09949083787884139,-0.12768315614054268,0.028192318261701294
61.150000000000006,0.025620842203275523,-0.010232726075999038,0.035853568279274564
61.2,0.14084314020865915,0.11088921484938752,0.029953925359271633
61.25,0.237751309506212,0.21647374409193643,0.021277565414275584
61.300000000000004,0.31471248035646493,0.2979663530337922,0.01674612732267272
61.35,0.36786888725590455,0.35453508479161966,0.013333802464284894
61.400000000000006,0.3875689227165045,0.3841681354147991,0.003400787301705399
61.45,0.364403040959281,0.3789924009019497,-0.01458935994266869
61.5,0.2989462847002167,0.33078889032652786,-0.03184260562631114
61.550000000000004,0.20540656666132118,0.24215881239852252,-0.036752245737201344
61.6,0.10530408794688696,0.1322576481334211,-0.02695356018653415
61.650000000000006,0.016800270822403665,0.03011484227132908,-0.013314571448925415
61.7,-0.051222992439832145,-0.04036173907220448,-0.010861253367627666
61.75,-0.09683072716783203,-0.0720127219059337,-0.024818005261898327
61.800000000000004,-0.1193214961095371,-0.07401296326212878,-0.04530853284740832
61.85,-0.11737821154349923,-0.061281063757118684,-0.056097147786380544
61.900000000000006,-0.09268739464994616,-0.04364492723291487,-0.04904246741703129
61.95,-0.05360150541622092,-0.023197627381272307,-0.030403878034948612
62.0,-0.012912242728072804,0.00041979060270233294,-0.013332033330775137
62.050000000000004,0.019581639861146267,0.024103635721943795,-0.004521995860797528
62.1,0.042634274310294484,0.04107774796821535,0.0015565263420791314
62.150000000000006,0.06128133174913065,0.04584077668195344,0.01544055506717721
62.2,0.078632607268626,0.03847519939256783,0.040157407876058177
62.25,0.08999993002918864,0.02390425937175896,0.06609567065742969
62.300000000000004,0.08558803992294242,0.007390285830530665,0.07819775409241175
62.35,0.05935713866960719,-0.008856464692604335,0.06821360336221152
62.400000000000006,0.015332077526266051,-0.025119715839836333,0.040451793366102384
62.45,-0.03482250243956295,-0.0415766113974934,0.006754108957930452
62.5,-0.0803630513841788,-0.057443488550221106,-0.0229195628339577
62.550000000000004,-0.11766069833115335,-0.072758488380467,-0.04490220995068635
62.6,-0.14847147236407188,-0.08973466792828344,-0.05873680443578844
62.650000000000006,-0.17315492342020092,-0.1105496559465986,-0.06260526747360232
62.7,-0.18663309514651721,-0.1326792423482325,-0.05395385279828471
62.75,-0.18132158554403063,-0.14668558726567144,-0.0346359982783592
62.800000000000004,-0.15344927560988889,-0.1400638551731596,-0.013385420436729273
62.85,-0.10575842758969026,-0.10510012526845162,-0.0006583023212386324
62.900000000000006,-0.04412165779796912,-0.04440413292201456,0.0002824751240454379
62.95,0.027213372667357478,0.03049834806896676,-0.003284975401609283
63.0,0.10550944113204831,0.10588930932000627,-0.0003798681879579602
63.050000000000004,0.1843486266978468,0.1717612181225888,0.012587408575258002
63.1,0.25000127627672736,0.22245625080932066,0.027545025467406697
63.150000000000006,0.2855640390059494,0.25349493272493123,0.03206910628101817
63.2,0.28110741211597395,0.2597991135735318,0.02130829854244215
63.25,0.2408875042548433,0.23823078773281342,0.002656716522029867
63.300000000000004,0.18040498189302576,0.19177022772416355,-0.011365245831137794
63.35,0.11562955574266166,0.1301037534311443,-0.01447419768848264
63.400000000000006,0.054366284202254644,0.06491487485203272,-0.010548590649778075
63.45,-0.0026582907058110227,0.004037666557469824,-0.006695957263280847
63.5,-0.05362976949847158,-0.04973690140816454,-0.0038928680903070403
63.550000000000004,-0.09041889941392073,-0.0942187460699724,0.003799846656051667
63.6,-0.10293470130208189,-0.12313088919013615,0.02019618788805426
63.650000000000006,-0.08896935193176737,-0.12749113697308562,0.03852178504131824
63.7,-0.05878986715603387,-0.10326687008293814,0.04447700292690427
63.75,-0.02854722543677285,-0.058317896155392304,0.029770670718619455
63.800000000000004,-0.008149107432247556,-0.011000183513934308,0.002851076081686752
63.85,0.00458571782063625,0.019993063177486715,-0.015407345356850465
63.900000000000006,0.017733800501565967,0.026683763789612236,-0.00894996328804627
63.95,0.033599383041111125,0.014717099151047389,0.018882283890063738
64.0,0.0439211196641085,-0.003623625661217004,0.0475447453253255
64.05,0.03729270931205606,-0.019340799043660293,0.05663350835571636
64.10000000000001,0.011389588919902528,-0.030907283355596157,0.042296872275498686
64.15,-0.022687572354695765,-0.04060242632659549,0.017914853971899725
64.2,-0.048847698149574806,-0.048757333635952325,-9.036451362248038e-05
64.25,-0.059180342079730754,-0.052808293297228276,-0.006372048782502478
64.3,-0.05903695434052336,-0.05168017948271444,-0.0073567748578089245
64.35000000000001,-0.059421646592267625,-0.04929918835023284,-0.010122458242034782
64.4,-0.06475838711168497,-0.051507717663188374,-0.013250669448496594
64.45,-0.06824717694050504,-0.058170598221538174,-0.010076578718966868
64.5,-0.058766024478414405,-0.05887407409525523,0.00010804961684082737
64.55,-0.031597049009248424,-0.03873451846919963,0.0071374694599512095
64.60000000000001,0.007748203746261392,0.008657463737146119,-0.0009092599908847275
64.65,0.049180156275249895,0.07219317322235787,-0.023013016947107973
64.7,0.0857828866533327,0.1273415897009217,-0.04155870304758899
64.75,0.11526285289449106,0.15171534602627604,-0.036452493131784974
64.8,0.1350681679075767,0.14009817647239306,-0.005030008564816363
64.85000000000001,0.13895510969950337,0.10676717013847295,0.032187939561030415
64.9,0.12089968868037328,0.07339342866071923,0.04750626001965405
64.95,0.08278152023418213,0.052651001235830656,0.030130518998351473
65.0,0.036316353808588706,0.04060326729057456,-0.004286913481985857
65.05,-0.005088296746584777,0.022893439586418558,-0.027981736333003333
65.10000000000001,-0.037465866375338844,-0.0116847339921086,-0.025781132383230244
65.15,-0.06844047913840742,-0.061650171220197426,-0.0067903079182099965
65.2,-0.1066556484363567,-0.11392961552807823,0.0072739670917215254
65.25,-0.1484393434149462,-0.15291349703125684,0.00447415361631065
65.3,-0.17617287586046418,-0.16937661896081918,-0.006796256899644998
65.35000000000001,-0.17211655871152434,-0.16324433719768927,-0.008872221513835071
65.4,-0.13546496568710148,-0.14041613922586704,0.004951173538765563
65.45,-0.0856762896862298,-0.10811670164206004,0.02244041195583024
65.5,-0.047552182872913004,-0.07254573882249182,0.02499355594957882
65.55,-0.03145950312696294,-0.03903311386563942,0.0075736107386764825
65.60000000000001,-0.027414345152801667,-0.012541034474515583,-0.014873310678286084
65.65,-0.018494489717256857,0.003013751537206557,-0.021508241254463413
65.7,3.530887592804202e-06,0.006111484438569822,-0.0061079535509770185
65.75,0.014993105646460557,-0.0017516396983537391,0.016744745344814297
65.8,0.009326027864547047,-0.01670017337858963,0.026026201243136676
65.85000000000001,-0.01900316628838953,-0.03369138130766254,0.014688215019273011
65.9,-0.05184336460168866,-0.047562365545853476,-0.004280999055835184
65.95,-0.0658646596706116,-0.05400312130008707,-0.011861538370524533
66.0,-0.053497916877688345,-0.05087032817606231,-0.002627588701626035
66.05,-0.029723525677415524,-0.0394636831551126,0.009740157477697079
66.10000000000001,-0.018205790874955684,-0.024506817580245827,0.0063010267052901435
66.15,-0.029988140687353716,-0.01202618047140493,-0.017961960215948786
66.2,-0.0545097416567594,-0.0060637984662586025,-0.048445943190500794
66.25,-0.07025666547892617,-0.0064943294815757524,-0.06376233599735041
66.3,-0.06378025738268052,-0.009577887302082628,-0.05420237008059789
66.35000000000001,-0.039190346917050575,-0.010655432042058724,-0.02853491487499185
66.4,-0.010928622552491921,-0.0066844395349817225,-0.0042441830175101985
66.45,0.011085996816395317,0.0032105363892195086,0.007875460427175808
66.5,0.029042900023560775,0.018868635327908178,0.010174264695652597
66.55,0.05166179814361609,0.04002654740727294,0.011635250736343153
66.60000000000001,0.0828526522435707,0.06573082625037198,0.017121825993198725
66.65,0.11620209369268826,0.09288835090776365,0.02331374278492461
66.7,0.13931100929461857,0.11583672925974141,0.023474280034877157
66.75,0.1421103822688161,0.1279449007055466,0.014165481563269494
66.8,0.12132448838868493,0.1242384833361316,-0.0029139949474466798
66.85000000000001,0.07955456360339896,0.10307772910203025,-0.023523165498631288
66.9,0.023413617556968518,0.06604675265864578,-0.04263313510167726
66.95,-0.03609794757452677,0.01716711136552063,-0.053265058940047405
67.0,-0.08355826595752247,-0.03693469103494998,-0.04662357492257249
67.05,-0.10393641430370161,-0.08596153616360602,-0.017974878140095588
67.10000000000001,-0.09130823172572727,-0.11618912579940242,0.02488089407367515
67.15,-0.053854975431602475,-0.11425386561698671,0.06039889018538423
67.2,-0.008550093913309936,-0.0739117891884801,0.06536169527517016
67.25,0.0315307722916793,-0.001762364851308875,0.03329313714298817
67.3,0.06586053297633734,0.08281425012982088,-0.01695371715348354
67.35000000000001,0.1022467257610591,0.15500337216707114,-0.052756646406012034
67.4,0.1434716960841409,0.1955772012985723,-0.052105505214431413
67.45,0.17858266227812358,0.19902102651078082,-0.02043836423265724
67.5,0.1890551497299168,0.17387909629951825,0.015176053430398545
67.55,0.1652688170294374,0.1356433091557751,0.029625507873662305
67.60000000000001,0.11738079093757539,0.09736048634262778,0.020020304594947608
67.65,0.0689235151654372,0.06409644698952757,0.004827068175909624
67.7,0.03795546795514637,0.03399715235840713,0.003958315596739238
67.75,0.02312519313696165,0.003725203994312484,0.019399989142649166
67.8,0.0077001333938253305,-0.026722694926854966,0.0344228283206803
67.85000000000001,-0.022660390269286897,-0.0535577692951325,0.030897379025845603
67.9,-0.06574677362929168,-0.07286967277399636,0.007122899144704681
67.95,-0.1055221908656361,-0.08476158641526159,-0.020760604450374517
68.0,-0.12793612004673777,-0.09402886372047457,-0.033907256326263194
68.05,-0.13331548014082248,-0.10643787290040108,-0.026877607240421403
68.10000000000001,-0.13311636378396577,-0.1234156074661452,-0.009700756317820566
68.15,-0.13533711881851992,-0.13947523067717474,0.004138111858654814
68.2,-0.1344937432970625,-0.14475667381019702,0.01026293051313451
68.25,-0.11697216740132332,-0.1311735559300265,0.014201388528703174
68.3,-0.07635710052767948,-0.09788403665763848,0.021526936129959
68.35000000000001,-0.022863508493189213,-0.052304774176567564,0.02944126568337835
68.4,0.02307275125022137,-0.00620375318739859,0.02927650443761996
68.45,0.04699586489703313,0.030137640959719107,0.01685822393731402
68.5,0.05077639547450402,0.051777723334074016,-0.0010013278595699948
68.55,0.04774798922337524,0.05914651853248651,-0.011398529309111269
68.60000000000001,0.048530086841638106,0.05551085756102342,-0.0069807707193853125
68.65,0.051952679624481135,0.044607160414111814,0.007345519210369321
68.7,0.049171816378944654,0.03008725654942668,0.019084559829517973
68.75,0.035236307617144344,0.016151518612927435,0.01908478900421691
68.8,0.015516696170804183,0.007560232038203123,0.00795646413260106
68.85000000000001,0.000909873216712382,0.008106145217317121,-0.0071962720006047394
68.9,-0.002190108071932391,0.018497491873671525,-0.020687599945603916
68.95,0.0035477579068903657,0.0354861430438901,-0.03193838513699973
69.0,0.011105415914799513,0.053138620134782294,-0.04203320421998278
69.05,0.01674292688144344,0.06540153308543135,-0.04865860620398792
69.10000000000001,0.021953626242867178,0.06827866767244212,-0.04632504142957494
69.15,0.028664632535547203,0.060667157045520816,-0.03200252450997361
69.2,0.034711614501428824,0.04421199024718365,-0.009500375745754824
69.25,0.03590921410623917,0.022979168663314384,0.012930045442924788
69.3,0.03246151434680963,0.0029985051716535,0.029463009175156134
69.35000000000001,0.03122371776470817,-0.009088676197952884,0.04031239396266105
69.4,0.03925110985396845,-0.008664114048529925,0.047915223902498374
69.45,0.05437197062069199,0.004024329563677784,0.050347641057014204
69.5,0.06354181841470273,0.022911511049895698,0.040630307364807036
69.55,0.05285595493949245,0.03837722719936905,0.014478727740123404
69.60000000000001,0.020702678464220577,0.04178727726888269,-0.021084598804662114
69.65,-0.01911109515484869,0.029551914531038892,-0.04866300968588758
69.7,-0.04840671738888042,0.004245005875730402,-0.052651723264610824
69.75,-0.059767933117701566,-0.027430846858728066,-0.032337086258973496
69.8,-0.06094067773106564,-0.05784281940857018,-0.003097858322495456
69.85000000000001,-0.06401819220069314,-0.08052389892036949,0.01650570671967634
69.9,-0.07039362366725448,-0.0905799453107867,0.02018632164353222
69.95,-0.0672649009659268,-0.08465650955038224,0.017391608584455445
70.0,-0.04022427133865072,-0.061883336188287584,0.021659064849636867
70.05,0.009910991336210703,-0.02564416283211461,0.03555515416832532
70.10000000000001,0.06288648625356263,0.015601570472500353,0.04728491578106228
70.15,0.09259236635191481,0.050139300903330734,0.04245306544858408
70.2,0.08658270722365952,0.06727465319728515,0.019308054026374366
70.25,0.054019885932379275,0.061817783641038904,-0.007797897708659629
70.3,0.01563183547394663,0.03610435153709202,-0.020472516063145395
70.35000000000001,-0.013999299006852046,-0.0015557471931136118,-0.012443551813738435
70.4,-0.03538992730338617,-0.040858438660609966,0.0054685113572237945
70.45,-0.05766487656851685,-0.07353390076566994,0.015869024197153095
70.5,-0.08511291980141517,-0.09549854049111457,0.010385620689699407
70.55,-0.1108727598189785,-0.1066743356766372,-0.004198424142341298
70.60000000000001,-0.1232758486869946,-0.10930778129739184,-0.013968067389602754
70.65,-0.11729281829004576,-0.10604873368934774,-0.01124408460069802
70.7,-0.09919595086733858,-0.09873625835112011,-0.0004596925162184684
70.75,-0.08041178219063579,-0.08824654887774064,0.007834766687104852
70.8,-0.06760451769225653,-0.07519228034761981,0.007587762655363275
70.85000000000001,-0.0589423817068905,-0.06083270224234387,0.00189032053545337
70.9,-0.049169924366239216,-0.047409324041469435,-0.0017606003247697816
70.95,-0.03699793881038275,-0.03746575452065168,0.0004678157102689304
71.0,-0.026851012775029808,-0.032480805339523265,0.005629792564493457
71.05,-0.023838734302685242,-0.03181794818310672,0.007979213880421481
71.10000000000001,-0.02799933930883278,-0.03292408245514714,0.004924743146314362
71.15,-0.033927948661436426,-0.03278637973955244,-0.0011415689218839883
71.2,-0.035590371758059604,-0.029581741733913855,-0.006008630024145749
71.25,-0.030809442800167553,-0.02321143009231793,-0.007598012707849624
71.3,-0.021111781533428964,-0.01433137693539837,-0.006780404598030594
71.35000000000001,-0.008258051037320881,-0.0028295127218227337,-0.005428538315498148
71.4,0.00785270922313165,0.012737631377599545,-0.004884922154467895
71.45,0.02762953137944177,0.034020456641929146,-0.006390925262487378
71.5,0.04914413673800688,0.060828682189618566,-0.011684545451611683
71.55,0.06826128222501114,0.08983539151362331,-0.02157410928861217
71.60000000000001,0.0817390766993003,0.11523688728171404,-0.03349781058241373
71.65,0.08947130800596496,0.13111361622443615,-0.04164230821847119
71.7,0.0928082681770625,0.13399341844322965,-0.04118515026616715
71.75,0.09083029705177713,0.12404632117605835,-0.03321602412428122
71.8,0.07964914069783613,0.10439318399056426,-0.024744043292728127
71.85000000000001,0.05691747290310686,0.07929170597640288,-0.022374233073296022
71.9,0.02739046216695986,0.05253523167462927,-0.02514476950766941
71.95,0.0028240662371866667,0.026981553096681002,-0.024157486859494336
72.0,-0.00556032719072975,0.00516046527373868,-0.010720792464468429
72.05,0.004112371450038884,-0.00990059583580381,0.014012967285842694
72.10000000000001,0.02284390572505822,-0.014654690174906731,0.03749859589996495
72.15,0.03863039361746977,-0.0062888257521857786,0.044919219369655546
72.2,0.046545796939638694,0.015222276683517938,0.03132352025612076
72.25,0.051314733018415715,0.045533377360630733,0.005781355657784981
72.3,0.05993790368768063,0.07617671411013256,-0.016238810422451934
72.35000000000001,0.07199662826644188,0.09714145135339051,-0.02514482308694864
72.4,0.07782695113749581,0.10084833089828557,-0.02302137976078976
72.45,0.06695053130186786,0.0854817928919738,-0.018531261590105944
72.5,0.038708809654263175,0.05575494119818849,-0.017046131543925314
72.55,0.004537762717482774,0.02061539531898675,-0.016077632601503973
72.60000000000001,-0.020653148707273878,-0.010757165965114146,-0.009895982742159732
72.65,-0.03000675404208854,-0.03237125264842661,0.002364498606338066
72.7,-0.02858255965301928,-0.04260414894859205,0.014021589295572765
72.75,-0.026666325476715796,-0.04313965868580516,0.016473333209089364
72.8,-0.029623356192914705,-0.03701707348354595,0.007393717290631246
72.85000000000001,-0.03389197072573755,-0.02724113785677417,-0.006650832868963376
72.9,-0.03190086670433555,-0.016408440490599557,-0.01549242621373599
72.95,-0.020035162408420133,-0.006771640732159698,-0.013263521676260435
73.0,-0.001843483238987007,1.0193674011116505e-06,-0.0018445026063881186
73.05,0.015535105674206875,0.0034384363955674234,0.012096669278639451
73.10000000000001,0.027054803364417308,0.00462954924772141,0.022425254116695898
73.15,0.03207768243783057,0.00574874821677587,0.026328934221054697
73.2,0.03262585904826831,0.00885802681018176,0.023767832238086553
73.25,0.031094001849051894,0.014748844069856881,0.016345157779195013
73.3,0.030017520683329406,0.022563200982156622,0.007454319701172784
73.35000000000001,0.03247939048754836,0.030310898884079562,0.0021684916034687973
73.4,0.04035429492190889,0.035794631365092956,0.004559663556815932
73.45,0.05095767388268291,0.03736486327642576,0.013592810606257145
73.5,0.056475449140686085,0.03427856608863904,0.022196883052047048
73.55,0.04914970671461639,0.026768187537892466,0.022381519176723923
73.60000000000001,0.028863906159267108,0.0159392431648922,0.012924662994374909
73.65,0.005397209002852827,0.0034534061021760406,0.0019438029006767867
73.7,-0.008731616459329484,-0.00904359213559405,0.000311975676264566
73.75,-0.009567110938281255,-0.02054951003557868,0.010982399097297424
73.8,-0.006348993197318174,-0.031004362296047076,0.024655369098728903
73.85000000000001,-0.013767728191881542,-0.041044585635074134,0.027276857443192592
73.9,-0.03805720487850722,-0.051421200038179835,0.013363995159672612
73.95,-0.07009341380151837,-0.06253913597528507,-0.007554277826233302
74.0,-0.09282086237458644,-0.07436268721805298,-0.01845817515653346
74.05,-0.09654893858740168,-0.0864843880850635,-0.01006455050233819
74.10000000000001,-0.0874930238728754,-0.09800224322344164,0.010509219350566243
74.15,-0.08106434435975338,-0.107229599412232,0.026165255052478617
74.2,-0.08632887073233354,-0.111775370010503,0.025446499278169457
74.25,-0.09699616172932743,-0.10950405720698024,0.012507895477652811
74.3,-0.09802588502340352,-0.10011238203117957,0.0020864970077760503
74.35000000000001,-0.08140420266205373,-0.08617137140752913,0.004767168745475406
74.4,-0.05533688939611597,-0.07243985060188116,0.01710296120576519
74.45,-0.03748573024941847,-0.06338690978103126,0.025901179531612792
74.5,-0.038655294611101926,-0.060382966864230746,0.02172767225312882
74.55,-0.052734582871458595,-0.06059988569445964,0.007865302823001047
74.60000000000001,-0.062389667768286236,-0.05861377701187804,-0.003775890756408197
74.65,-0.05452560366738008,-0.0497205533974796,-0.004805050269900482
74.7,-0.030499680779770347,-0.03264711051756202,0.0021474297377916743
74.75,-0.002208146175196446,-0.00981903224662869,0.007610886071432244
74.8,0.02035490714550143,0.014710964552454098,0.005643942593047331
74.85000000000001,0.03667424924700341,0.037766956302208415,-0.0010927070552050056
74.9,0.05148879274882046,0.057935690157626625,-0.006446897408806163
74.95,0.06506348305790166,0.07440465122584644,-0.00934116816794478
75.0,0.0699771450779675,0.08527454776136743,-0.015297402683399935
75.05,0.05872617519806428,0.08740435162203503,-0.028678176423970747
75.10000000000001,0.03387315973699554,0.07843897333797041,-0.04456581360097487
75.15,0.00886231959125921,0.05951591186383114,-0.050653592272571935
75.2,-0.0028077972399304266,0.036175333092964196,-0.03898313033289462
75.25,0.0003579474612125297,0.01618788842972755,-0.01582994096851502
75.3,0.007127310279034435,0.005485316799136714,0.001641993479897721
75.35000000000001,0.005503086323946992,0.0050679626321900725,0.0004351236917569199
75.4,-0.004467825335939378,0.011169625650996379,-0.015637450986935756
75.45,-0.010216550930967136,0.018473857908878594,-0.028690408839845728
75.5,0.0005989745721602952,0.023818565708271636,-0.023219591136111342
75.55,0.02673737990732234,0.027564111614505903,-0.0008267317071835624
75.60000000000001,0.05290345062556192,0.03185163736591234,0.021051813259649582
75.65,0.06287825747010807,0.03759170391814869,0.025286553551959377
75.7,0.05347664845000538,0.042969805971453216,0.010506842478552166
75.75,0.03598109462195226,0.04476303313001539,-0.00878193850806313
75.8,0.02439195525897913,0.04119190346860363,-0.0167999482096245
75.85000000000001,0.02270216889049538,0.03367047102700582,-0.010968302136510441
75.9,0.023513372408493126,0.02584517928846168,-0.002331806879968555
75.95,0.018089657657869275,0.020757999283025526,-0.002668341625156251
76.0,0.006386876939876594,0.01861137120339569,-0.012224494263519098
76.05,-0.003475876266058211,0.017004662650156682,-0.020480538916214895
76.10000000000001,-0.004958104209613453,0.013276255622315766,-0.01823435983192922
76.15,-0.000803732245992114,0.006793163909781398,-0.007596896155773513
76.2,-9.142965449280215e-06,-0.0007362060855559437,0.0007270631201066636
76.25,-0.007375631028039131,-0.00693101925335245,-0.0004446117746866804
76.3,-0.01737023767142927,-0.01065262328963359,-0.00671761438179568
76.35000000000001,-0.01960510040890331,-0.01244597226984547,-0.007159128139057841
76.4,-0.010575593718657732,-0.013392484887592648,0.0028168911689349166
76.45,0.0010634795734246053,-0.013786622728958059,0.014850102302382664
76.5,0.0022517875767182546,-0.013027316076219734,0.015279103652937989
76.55,-0.010772438083816052,-0.010683300659592944,-8.913742422310758e-05
76.60000000000001,-0.02683932656838546,-0.007384858798123301,-0.01945446777026216
76.65,-0.028913587734009056,-0.0043646430970878764,-0.02454894463692118
76.7,-0.009844790764942863,-0.0019348555920779443,-0.007909935172864918
76.75,0.02033620370821592,0.001553436024651876,0.018782767683564044
76.80000000000001,0.04289827784840564,0.00896865066797502,0.03392962718043062
76.85000000000001,0.046813092707748395,0.022138318951998154,0.02467477375575024
76.9,0.037657310085277444,0.039758231189451106,-0.0021009211041736614
76.95,0.030989942582913925,0.05715102780978555,-0.026161085226871626
77.0,0.037067182658479005,0.06817885141763994,-0.03111166875916093
77.05000000000001,0.051537685994313846,0.06811789255405794,-0.01658020655974409
77.10000000000001,0.06029100847981234,0.05585017537993539,0.004440833099876952
77.15,0.05289008547763623,0.034399678798322134,0.0184904066793141
77.2,0.031571255830052734,0.009814919612330839,0.021756336217721897
77.25,0.00818758276591006,-0.011044690467230403,0.019232273233140463
77.30000000000001,-0.006626560417131351,-0.02311039175240784,0.016483831335276488
77.35000000000001,-0.011357114477451665,-0.025233595234927065,0.0138764807574754
77.4,-0.012307430658632504,-0.0208111951324689,0.008503764473836398
77.45,-0.016347465937755178,-0.01619825547771424,-0.00014921046004093622
77.5,-0.02558691893669669,-0.017342270268720428,-0.008244648667976261
77.55000000000001,-0.03788046780481302,-0.02643272637971615,-0.011447741425096872
77.60000000000001,-0.05016631995599879,-0.04070267043481035,-0.009463649521188437
77.65,-0.05969101566485929,-0.05420648193792552,-0.00548453372693377
77.7,-0.06255643948888497,-0.06127808595953473,-0.0012783535293502332
77.75,-0.053630305970674766,-0.05922376214168736,0.005593456171012597
77.80000000000001,-0.030601968845772112,-0.04867588505949407,0.01807391621372196
77.85000000000001,0.0009578449164457754,-0.03213255792419935,0.03309040284064512
77.9,0.027988956275238643,-0.012553597342244574,0.04054255361748322
77.95,0.03800671295550196,0.006762474291577926,0.031244238663924034
78.0,0.028857290561999472,0.02165620324621429,0.007201087315785181
78.05000000000001,0.010873521173529454,0.02760757152797335,-0.016734050354443898
78.10000000000001,-0.0016865847944039745,0.02192327522062291,-0.023609860015026886
78.15,-0.002714932376742585,0.006187520997385869,-0.008902453374128455
78.2,0.0014150752469936593,-0.013397600706338312,0.014812675953331971
78.25,-0.0004698311451473263,-0.028758318251146945,0.02828848710599962
78.30000000000001,-0.012056511431258287,-0.03415841609359225,0.022101904662333964
78.35000000000001,-0.02485830822701303,-0.02890799688672135,0.004049688659708322
78.4,-0.026101108345479632,-0.016853256529189415,-0.009247851816290217
78.45,-0.011728719495150095,-0.0035788305048145936,-0.008149888990335502
78.5,0.00827147360024987,0.006212018019069853,0.0020594555811800173
78.55000000000001,0.017797952527141864,0.009572363959820699,0.008225588567321165
78.60000000000001,0.00855558369616352,0.005008767565398326,0.0035468161307651933
78.65,-0.013143731829212961,-0.0074509063288460305,-0.0056928255003669305
78.7,-0.032914041831165836,-0.02543462702705113,-0.007479414804114706
78.75,-0.04155166386716949,-0.04406627912591695,0.0025146152587474588
78.80000000000001,-0.0422359681089089,-0.05795389729156005,0.01571792918265115
78.85000000000001,-0.04525213609120038,-0.06462187055885125,0.019369734467650876
78.9,-0.056166658466308285,-0.06642690822549942,0.010260249759191133
78.95,-0.06948068990123472,-0.06844802866471358,-0.0010326612365211402
79.0,-0.07384697844507557,-0.07327313955093862,-0.0005738388941369521
79.05000000000001,-0.0632084773022193,-0.07702886374978202,0.013820386447562713
79.10000000000001,-0.04248861826138107,-0.0708189000199196,0.02833028175853853
79.15,-0.022257133712908057,-0.047423105620840206,0.02516597190793215
79.2,-0.008050871999343024,-0.008195565514077418,0.00014469351473439356
79.25,0.004617364097838115,0.0358236936847423,-0.031206329586904186
79.30000000000001,0.024358181148598317,0.07019977071734755,-0.04584158956874923
79.35000000000001,0.052998002941757175,0.08626373409198007,-0.033265731150222896
79.4,0.08081428376113506,0.0860434290792985,-0.0052291453181634445
79.45,0.09326588752679257,0.0792463305541201,0.014019556972672473
79.5,0.08337887387957489,0.07504875959941221,0.008330114280162684
79.55000000000001,0.058258542133555934,0.07544861931499454,-0.017190077181438605
79.60000000000001,0.03350663522590512,0.07517786006096214,-0.041671224835057016
79.65,0.020528086834143602,0.0674533455391472,-0.046925258705003595
79.7,0.01819021634871498,0.05025752120207897,-0.032067304853363995
79.75,0.01607537287490685,0.028102689371088566,-0.012027316496181717
79.80000000000001,0.005799508559230943,0.008569172117636251,-0.0027696635584053084
79.85000000000001,-0.010348927130107013,-0.002842871130672945,-0.007506055999434068
79.9,-0.021361252223296278,-0.005382367751463495,-0.015978884471832783
79.95,-0.01799773542283644,-0.0019607717466316884,-0.016036963676204753
80.0,-0.001957198362316989,0.0037039016769424187,-0.005661100039259408
