0.010870201	0.0000000
0.017253020	0.0000000
0.023635838	0.0000000
0.030018656	0.0000000
0.036401475	0.0000000
0.042784293	0.0000000
0.049167111	0.0000000
0.055549930	0.0000000
0.061932748	0.0000000
0.068315566	0.0000000
0.074698385	0.0000000
0.081081203	0.0000000
0.087464022	0.0000000
0.093846840	0.0000000
0.10022966	0.0000000
0.10661248	0.0000000
0.11299529	0.0000000
0.11937811	0.0000000
0.12576093	0.0000000
0.13214375	0.0000000
0.13852657	0.0000000
0.14490939	0.0000000
0.15129221	0.0000000
0.15767502	0.0000000
0.16405784	0.0000000
0.17044066	0.0000000
0.17682348	0.0000000
0.18320630	0.0000000
0.18958912	0.0000000
0.19597193	0.0000000
0.20235475	126466.91
0.20873757	126035.93
0.21512039	127582.65
0.22150321	134692.59
0.22788603	138112.14
0.23426884	142419.09
0.24065166	145939.16
0.24703448	149340.18
0.25341730	153610.52
0.25980012	155749.45
0.26618294	157162.00
0.27256575	158213.72
0.27894857	160368.48
0.28533139	161765.04
0.29171421	163929.96
0.29809703	165141.07
0.30447985	166057.88
0.31086266	167272.15
0.31724548	167764.01
0.32362830	168555.36
0.33001112	169271.83
0.33639394	169351.00
0.34277676	169983.49
0.34915957	170128.37
0.35554239	170882.61
0.36192521	168809.29
0.36830803	168762.27
0.37469085	167269.37
0.38107367	164774.21
0.38745648	162357.32
0.39383930	159648.92
0.40022212	158825.38
0.40660494	158400.79
0.41298776	159458.66
0.41937058	160286.74
0.42575339	161102.88
0.43213621	162008.83
0.43851903	162596.34
0.44490185	163356.61
0.45128467	163693.87
0.45766749	164163.97
0.46405030	164370.06
0.47043312	164466.29
0.47681594	164863.66
0.48319876	164872.00
0.48958158	165185.87
0.49596440	165169.45
0.50234722	165175.91
0.50873003	165025.20
0.51511285	164842.02
0.52149567	165106.97
0.52787849	165000.07
0.53426131	164842.88
0.54064413	164244.48
0.54702694	163914.30
0.55340976	163609.75
0.55979258	163106.52
0.56617540	162732.18
0.57255822	162042.77
0.57894104	161444.03
0.58532385	161012.33
0.59170667	160683.19
0.59808949	160550.85
0.60447231	160018.17
0.61085513	159442.07
0.61723795	158761.43
0.62362076	158246.83
0.63000358	157905.43
0.63638640	157196.84
0.64276922	156529.22
0.64915204	155771.43
0.65553486	155257.39
0.66191767	154619.39
0.66830049	153993.59
0.67468331	153225.65
0.68106613	152476.57
0.68744895	151856.56
0.69383177	151346.05
0.70021458	150825.88
0.70659740	150277.92
0.71298022	150218.17
0.71936304	149804.03
0.72574586	149462.11
0.73212868	149043.24
0.73851149	148537.08
0.74489431	147999.29
0.75127713	147305.90
0.75765995	146766.98
0.76404277	146289.80
0.77042559	145900.77
0.77680840	145390.01
0.78319122	144705.94
0.78957404	144035.74
0.79595686	143524.81
0.80233968	143137.04
0.80872250	142623.28
0.81510531	142032.04
0.82148813	141520.36
0.82787095	141078.74
0.83425377	140619.50
0.84063659	140126.73
0.84701941	139683.16
0.85340223	139250.00
0.85978504	138985.85
0.86616786	138483.97
0.87255068	138074.77
0.87893350	137600.06
0.88531632	137262.08
0.89169914	136736.00
0.89808195	136348.79
0.90446477	135834.15
0.91084759	135382.94
0.91723041	134826.82
0.92361323	134389.54
0.92999605	134186.55
0.93637886	133906.09
0.94276168	133652.83
0.94914450	133119.04
0.95552732	132732.66
0.96191014	132259.05
0.96829296	131782.39
0.97467577	131238.17
0.98105859	130963.58
0.98744141	130822.06
0.99382423	130416.90
1.0002070	130101.23
1.0065899	129690.35
1.0129727	129462.50
1.0193555	129010.50
1.0257383	128551.21
1.0321211	128098.63
1.0385040	127773.12
1.0448868	127658.34
1.0512696	127434.04
1.0576524	127229.60
1.0640352	126959.99
1.0704180	126760.23
1.0768009	126516.87
1.0831837	126142.19
1.0895665	125922.31
1.0959493	125593.31
1.1023321	125225.29
1.1087150	124980.95
1.1150978	124801.51
1.1214806	124557.54
1.1278634	124318.26
1.1342462	123999.66
1.1406291	123686.91
1.1470119	123397.82
1.1533947	123300.87
1.1597775	123264.21
1.1661603	123196.67
1.1725431	122932.40
1.1789260	122607.26
1.1853088	122445.73
1.1916916	122307.99
1.1980744	122153.99
1.2044572	121837.45
1.2108401	121601.31
1.2172229	121379.51
1.2236057	121278.33
1.2299885	121015.09
1.2363713	120762.25
1.2427541	120558.44
1.2491370	120320.04
1.2555198	120140.47
1.2619026	119999.14
1.2682854	119877.95
1.2746682	119897.54
1.2810511	119874.05
1.2874339	119781.00
1.2938167	119707.38
1.3001995	119656.20
1.3065823	119511.64
1.3129651	119299.42
1.3193480	119144.00
1.3257308	119055.52
1.3321136	118988.75
1.3384964	119023.14
1.3448792	118966.62
1.3512621	118938.33
1.3576449	118978.47
1.3640277	118984.26
1.3704105	118983.25
1.3767933	119103.20
1.3831761	119201.41
1.3895590	119348.99
1.3959418	119685.95
1.4023246	120432.54
1.4087074	121385.45
1.4150902	122934.34
1.4214731	125693.92
1.4278559	129929.55
1.4342387	138035.27
1.4406215	150021.40
1.4470043	172812.82
1.4533872	207461.19
1.4597700	260722.91
1.4661528	336500.27
1.4725356	414359.70
1.4789184	508371.85
1.4853012	585517.79
1.4916841	656499.16
1.4980669	719340.76
1.5044497	762552.59
1.5108325	791703.03
1.5172153	790084.49
1.5235982	758044.49
1.5299810	697722.13
1.5363638	614363.35
1.5427466	509725.56
1.5491294	415991.67
1.5555122	322006.57
1.5618951	253666.82
1.5682779	201248.76
1.5746607	166934.73
1.5810435	146201.16
1.5874263	133767.77
1.5938092	126995.70
1.6001920	122668.85
1.6065748	119899.30
1.6129576	117973.67
1.6193404	116612.39
1.6257232	115861.84
1.6321061	115366.78
1.6384889	114974.72
1.6448717	114475.67
1.6512545	114082.03
1.6576373	113845.28
1.6640202	113667.45
1.6704030	113440.71
1.6767858	113275.54
1.6831686	113098.42
1.6895514	112914.13
1.6959342	112698.33
1.7023171	112422.97
1.7086999	112193.25
1.7150827	112109.03
1.7214655	112082.44
1.7278483	111987.13
1.7342312	111794.58
1.7406140	111645.75
1.7469968	111494.16
1.7533796	111559.30
1.7597624	111434.81
1.7661453	111367.83
1.7725281	111261.42
1.7789109	111076.37
1.7852937	110769.44
1.7916765	110557.83
1.7980593	110476.04
1.8044422	110460.11
1.8108250	110313.48
1.8172078	110214.34
1.8235906	110086.40
1.8299734	110088.03
1.8363563	110031.99
1.8427391	109973.56
1.8491219	109925.83
1.8555047	109819.04
1.8618875	109680.98
1.8682703	109577.23
1.8746532	109473.03
1.8810360	109536.07
1.8874188	109528.78
1.8938016	109399.67
1.9001844	109187.89
1.9065673	109078.67
1.9129501	109185.20
1.9193329	109255.65
1.9257157	109198.77
1.9320985	108992.24
1.9384813	108886.44
1.9448642	108914.43
1.9512470	108950.05
1.9576298	109086.72
1.9640126	109088.32
1.9703954	109131.49
1.9767783	109268.32
1.9831611	109328.88
1.9895439	109350.53
1.9959267	109420.63
2.0023095	109693.69
2.0086923	110195.29
2.0150752	110797.08
2.0214580	111724.41
2.0278408	112864.66
2.0342236	114584.64
2.0406064	117467.49
2.0469893	121784.35
2.0533721	129568.59
2.0597549	141208.86
2.0661377	162941.70
2.0725205	197627.86
2.0789034	256170.31
2.0852862	347203.23
2.0916690	464250.23
2.0980518	621714.75
2.1044346	767742.41
2.1108174	913619.74
2.1172003	1043867.0
2.1235831	1148979.4
2.1299659	1240666.3
2.1363487	1289577.1
2.1427315	1299563.2
2.1491144	1253566.2
2.1554972	1153184.5
2.1618800	1007859.9
2.1682628	840415.65
2.1746456	654284.85
2.1810284	498216.45
2.1874113	364813.55
2.1937941	270543.40
2.2001769	204835.66
2.2065597	165231.04
2.2129425	141764.11
2.2193254	128155.58
2.2257082	120068.14
2.2320910	114760.12
2.2384738	111613.58
2.2448566	109320.02
2.2512394	107757.12
2.2576223	106516.62
2.2640051	105542.43
2.2703879	104917.07
2.2767707	104422.79
2.2831535	104089.74
2.2895364	103772.39
2.2959192	103411.11
2.3023020	103143.42
2.3086848	102819.78
2.3150676	102591.39
2.3214504	102380.75
2.3278333	102308.16
2.3342161	102171.65
2.3405989	102027.10
2.3469817	101822.75
2.3533645	101639.22
2.3597474	101440.68
2.3661302	101246.89
2.3725130	101049.47
2.3788958	100872.35
2.3852786	100828.18
2.3916615	100730.40
2.3980443	100553.73
2.4044271	100321.75
2.4108099	100217.70
2.4171927	100216.89
2.4235755	100190.68
2.4299584	100125.61
2.4363412	100086.91
2.4427240	100004.52
2.4491068	99839.320
2.4554896	99629.700
2.4618725	99573.367
2.4682553	99666.470
2.4746381	99837.618
2.4810209	99969.442
2.4874037	100071.50
2.4937865	100144.02
2.5001694	100424.36
2.5065522	100853.94
2.5129350	101447.31
2.5193178	102564.95
2.5257006	104141.27
2.5320835	107051.05
2.5384663	111526.84
2.5448491	119620.79
2.5512319	133400.97
2.5576147	155413.79
2.5639975	193196.55
2.5703804	240987.31
2.5767632	306752.84
2.5831460	375541.56
2.5895288	439629.50
2.5959116	502672.82
2.6022945	550971.04
2.6086773	596216.22
2.6150601	623709.45
2.6214429	633408.65
2.6278257	620073.59
2.6342085	583327.50
2.6405914	521617.86
2.6469742	450886.26
2.6533570	366241.16
2.6597398	292176.08
2.6661226	229721.81
2.6725055	181966.30
2.6788883	149223.58
2.6852711	128093.22
2.6916539	115669.08
2.6980367	108232.92
2.7044196	104161.82
2.7108024	101706.47
2.7171852	100173.86
2.7235680	99007.443
2.7299508	98158.012
2.7363336	97642.463
2.7427165	97140.471
2.7490993	96947.241
2.7554821	96679.845
2.7618649	96515.731
2.7682477	96287.574
2.7746306	96230.035
2.7810134	96090.133
2.7873962	95994.759
2.7937790	95970.286
2.8001618	95918.378
2.8065446	95884.254
2.8129275	95785.327
2.8193103	95692.150
2.8256931	95545.369
2.8320759	95396.840
2.8384587	95333.853
2.8448416	95307.913
2.8512244	95337.729
2.8576072	95457.302
2.8639900	95504.369
2.8703728	95478.225
2.8767556	95430.478
2.8831385	95481.049
2.8895213	95547.997
2.8959041	95695.392
2.9022869	95823.575
2.9086697	96073.713
2.9150526	96379.524
2.9214354	96907.116
2.9278182	97620.475
2.9342010	98801.281
2.9405838	100763.29
2.9469666	104005.97
2.9533495	109816.77
2.9597323	118841.49
2.9661151	134754.29
2.9724979	156857.53
2.9788807	187511.14
2.9852636	224274.74
2.9916464	258334.38
2.9980292	293792.50
3.0044120	321715.88
3.0107948	346961.84
3.0171777	365907.00
3.0235605	375591.58
3.0299433	374576.88
3.0363261	361295.85
3.0427089	333444.42
3.0490917	298386.29
3.0554746	256893.38
3.0618574	213889.66
3.0682402	179088.75
3.0746230	149117.40
3.0810058	129084.17
3.0873887	115138.24
3.0937715	106969.25
3.1001543	102177.52
3.1065371	99277.096
3.1129199	97654.289
3.1193027	96646.428
3.1256856	96042.872
3.1320684	95558.709
3.1384512	95220.637
3.1448340	94950.390
3.1512168	94743.473
3.1575997	94653.017
3.1639825	94595.328
3.1703653	94572.530
3.1767481	94463.848
3.1831309	94507.102
3.1895137	94469.884
3.1958966	94465.543
3.2022794	94352.148
3.2086622	94323.921
3.2150450	94315.821
3.2214278	94442.894
3.2278107	94593.756
3.2341935	94722.632
3.2405763	94817.979
3.2469591	95012.875
3.2533419	95400.881
3.2597247	95824.465
3.2661076	96459.239
3.2724904	97198.690
3.2788732	98328.166
3.2852560	100086.35
3.2916388	102695.65
3.2980217	107459.94
3.3044045	115237.21
3.3107873	128949.36
3.3171701	151482.65
3.3235529	188399.27
3.3299357	242506.71
3.3363186	312704.50
3.3427014	398252.59
3.3490842	479233.53
3.3554670	556870.17
3.3618498	623482.03
3.3682327	680435.10
3.3746155	723269.80
3.3809983	743605.54
3.3873811	738099.15
3.3937639	705121.73
3.4001468	638573.37
3.4065296	555040.00
3.4129124	459678.09
3.4192952	361188.04
3.4256780	281798.95
3.4320608	214307.64
3.4384437	170287.26
3.4448265	138934.99
3.4512093	121033.92
3.4575921	110472.04
3.4639749	104186.16
3.4703578	100592.90
3.4767406	98232.479
3.4831234	96866.565
3.4895062	95924.642
3.4958890	95197.907
3.5022718	94651.854
3.5086547	94219.027
3.5150375	93994.538
3.5214203	93854.885
3.5278031	93741.663
3.5341859	93766.469
3.5405688	93756.753
3.5469516	93699.802
3.5533344	93698.770
3.5597172	93627.368
3.5661000	93708.117
3.5724828	93763.265
3.5788657	93926.193
3.5852485	94122.573
3.5916313	94437.849
3.5980141	94901.182
3.6043969	95530.051
3.6107798	96807.911
3.6171626	98590.628
3.6235454	101874.48
3.6299282	107132.85
3.6363110	116241.50
3.6426938	131902.10
3.6490767	154861.38
3.6554595	190173.47
3.6618423	230664.89
3.6682251	276662.06
3.6746079	321520.58
3.6809908	359486.46
3.6873736	394568.43
3.6937564	420938.76
3.7001392	439853.16
3.7065220	444776.03
3.7129049	434004.91
3.7192877	408177.34
3.7256705	368045.65
3.7320533	316721.46
3.7384361	265766.27
3.7448189	214880.61
3.7512018	175716.07
3.7575846	144647.91
3.7639674	124534.58
3.7703502	111346.64
3.7767330	103778.36
3.7831159	99410.487
3.7894987	96660.973
3.7958815	95195.477
3.8022643	94233.675
3.8086471	93619.615
3.8150299	93145.675
3.8214128	92719.940
3.8277956	92424.590
3.8341784	92319.119
3.8405612	92219.395
3.8469440	92160.831
3.8533269	92088.255
3.8597097	91908.029
3.8660925	91731.862
3.8724753	91600.589
3.8788581	91531.290
3.8852409	91527.989
3.8916238	91532.462
3.8980066	91505.560
3.9043894	91420.772
3.9107722	91422.283
3.9171550	91393.045
3.9235379	91324.476
3.9299207	91239.757
3.9363035	91171.741
3.9426863	91096.936
3.9490691	91087.177
3.9554519	90992.150
3.9618348	90944.584
3.9682176	91013.706
3.9746004	91136.129
3.9809832	91165.595
3.9873660	91186.260
3.9937489	91142.728
4.0001317	91080.395
4.0065145	91097.050
4.0128973	91040.148
4.0192801	91070.440
4.0256630	91045.480
4.0320458	91063.808
4.0384286	90953.151
4.0448114	91021.723
4.0511942	90997.714
4.0575770	91046.850
4.0639599	90967.836
4.0703427	90952.822
4.0767255	90980.150
4.0831083	91122.942
4.0894911	91179.330
4.0958740	91212.206
4.1022568	91271.056
4.1086396	91253.821
4.1150224	91098.986
4.1214052	90938.529
4.1277880	90962.719
4.1341709	91107.940
4.1405537	91178.930
4.1469365	91233.998
4.1533193	91318.231
4.1597021	91483.611
4.1660850	91710.749
4.1724678	91890.500
4.1788506	92289.324
4.1852334	92824.820
4.1916162	93780.445
4.1979990	95251.458
4.2043819	97790.398
4.2107647	102075.77
4.2171475	109232.89
4.2235303	119720.60
4.2299131	134385.80
4.2362960	152184.42
4.2426788	170198.39
4.2490616	188197.00
4.2554444	203227.41
4.2618272	216743.46
4.2682100	226982.22
4.2745929	232946.15
4.2809757	233562.07
4.2873585	227757.99
4.2937413	214622.12
4.3001241	197762.23
4.3065070	176508.36
4.3128898	155098.09
4.3192726	136601.07
4.3256554	121018.34
4.3320382	110327.42
4.3384211	102789.24
4.3448039	98433.806
4.3511867	95844.801
4.3575695	94365.408
4.3639523	93508.331
4.3703351	92985.898
4.3767180	92774.414
4.3831008	92687.331
4.3894836	92637.733
4.3958664	92638.718
4.4022492	92692.201
4.4086321	92850.705
4.4150149	93113.043
4.4213977	93432.349
4.4277805	93917.691
4.4341633	94718.534
4.4405461	96027.318
4.4469290	97814.905
4.4533118	100747.75
4.4596946	105935.86
4.4660774	114728.69
4.4724602	130144.61
4.4788431	153295.75
4.4852259	189417.88
4.4916087	234723.70
4.4979915	287143.11
4.5043743	341294.54
4.5107571	389012.60
4.5171400	433244.99
4.5235228	468419.61
4.5299056	494871.16
4.5362884	506512.67
4.5426712	499983.51
4.5490541	476011.65
4.5554369	433508.07
4.5618197	376430.21
4.5682025	317217.58
4.5745853	253769.47
4.5809681	204387.87
4.5873510	163947.82
4.5937338	136637.30
4.6001166	118797.70
4.6064994	108092.88
4.6128822	102234.24
4.6192651	98584.074
4.6256479	96523.569
4.6320307	95214.936
4.6384135	94420.401
4.6447963	93983.752
4.6511792	93755.431
4.6575620	93579.014
4.6639448	93523.377
4.6703276	93564.390
4.6767104	93876.222
4.6830932	94425.561
4.6894761	95474.383
4.6958589	97273.091
4.7022417	100215.99
4.7086245	105334.99
4.7150073	113519.22
4.7213902	128130.25
4.7277730	148791.93
4.7341558	179143.58
4.7405386	215202.32
4.7469214	252723.54
4.7533042	290900.71
4.7596871	322079.24
4.7660699	351314.85
4.7724527	372473.90
4.7788355	385355.63
4.7852183	386998.86
4.7916012	374792.41
4.7979840	349300.03
4.8043668	313856.78
4.8107496	268795.14
4.8171324	225754.59
4.8235152	185208.17
4.8298981	153792.70
4.8362809	130124.63
4.8426637	114895.72
4.8490465	105407.49
4.8554293	99783.605
4.8618122	96736.208
4.8681950	94869.392
4.8745778	93810.060
4.8809606	93152.083
4.8873434	92716.511
4.8937262	92447.201
4.9001091	92301.568
4.9064919	92323.319
4.9128747	92516.858
4.9192575	92990.727
4.9256403	93806.364
4.9320232	95194.223
4.9384060	97528.263
4.9447888	101618.17
4.9511716	108488.82
4.9575544	119817.14
4.9639373	135315.12
4.9703201	157474.76
4.9767029	181203.63
4.9830857	205828.34
4.9894685	228960.41
4.9958513	248082.70
5.0022342	265421.25
5.0086170	276421.30
5.0149998	281863.63
5.0213826	278674.78
5.0277654	266770.22
5.0341483	246304.15
5.0405311	221205.16
5.0469139	191318.88
5.0532967	164470.76
5.0596795	140357.41
5.0660623	122536.95
5.0724452	109830.44
5.0788280	101991.32
5.0852108	97150.366
5.0915936	94502.600
5.0979764	92940.463
5.1043593	91927.218
5.1107421	91250.315
5.1171249	90820.497
5.1235077	90631.584
5.1298905	90562.113
5.1362733	90533.663
5.1426562	90432.852
5.1490390	90435.736
5.1554218	90485.435
5.1618046	90789.545
5.1681874	91504.762
5.1745703	92745.794
5.1809531	94691.106
5.1873359	97536.397
5.1937187	101241.08
5.2001015	105230.02
5.2064843	109514.85
5.2128672	113233.98
5.2192500	116682.00
5.2256328	119432.87
5.2320156	121245.55
5.2383984	122018.23
5.2447813	121326.31
5.2511641	119061.70
5.2575469	115752.28
5.2639297	111121.48
5.2703125	106253.13
5.2766954	101609.39
5.2830782	97501.006
5.2894610	94500.128
5.2958438	92377.895
5.3022266	91162.918
5.3086094	90400.966
5.3149923	89988.621
5.3213751	89769.136
5.3277579	89632.373
5.3341407	89550.985
5.3405235	89639.761
5.3469064	89870.677
5.3532892	90246.231
5.3596720	90583.396
5.3660548	91181.747
5.3724376	92334.862
5.3788204	94432.716
5.3852033	98012.083
5.3915861	103694.91
5.3979689	112534.49
5.4043517	124331.12
5.4107345	139385.81
5.4171174	154776.87
5.4235002	169679.21
5.4298830	182918.11
5.4362658	194263.72
5.4426486	203065.98
5.4490314	207962.03
5.4554143	208135.75
5.4617971	203054.92
5.4681799	192002.15
5.4745627	177334.67
5.4809455	159774.85
5.4873284	141479.40
5.4937112	126052.15
5.5000940	112997.14
5.5064768	104099.90
5.5128596	97993.048
5.5192424	94573.525
5.5256253	92618.631
5.5320081	91564.005
5.5383909	90974.356
5.5447737	90788.253
5.5511565	90757.935
5.5575394	91080.972
5.5639222	91716.570
5.5703050	92934.898
5.5766878	94991.177
5.5830706	98759.568
5.5894535	105148.80
5.5958363	115616.18
5.6022191	132446.82
5.6086019	154710.11
5.6149847	184738.62
5.6213675	216015.93
5.6277504	247302.56
5.6341332	275975.57
5.6405160	299980.84
5.6468988	319784.66
5.6532816	331539.88
5.6596645	334513.56
5.6660473	326284.42
5.6724301	306041.41
5.6788129	277678.12
5.6851957	241677.36
5.6915785	204026.75
5.6979614	170784.16
5.7043442	142171.56
5.7107270	122623.96
5.7171098	108698.52
5.7234926	100630.35
5.7298755	95693.492
5.7362583	92900.305
5.7426411	91300.010
5.7490239	90302.945
5.7554067	89622.582
5.7617895	89138.112
5.7681724	88913.879
5.7745552	88741.853
5.7809380	88560.780
5.7873208	88381.473
5.7937036	88260.509
5.8000865	88224.523
5.8064693	88203.705
5.8128521	88133.222
5.8192349	88021.158
5.8256177	87952.851
5.8320005	87905.067
5.8383834	87878.645
5.8447662	87884.261
5.8511490	87905.937
5.8575318	87884.727
5.8639146	87865.793
5.8702975	87819.507
5.8766803	87809.392
5.8830631	87782.641
5.8894459	87793.143
5.8958287	87815.172
5.9022116	87775.611
5.9085944	87706.710
5.9149772	87768.626
5.9213600	87856.914
5.9277428	87915.359
5.9341256	87922.560
5.9405085	87958.286
5.9468913	88008.304
5.9532741	88141.006
5.9596569	88336.678
5.9660397	88663.598
5.9724226	89189.928
5.9788054	90134.799
5.9851882	91677.697
5.9915710	94296.377
5.9979538	97831.036
6.0043366	102577.95
6.0107195	107870.17
6.0171023	112987.66
6.0234851	118006.57
6.0298679	122017.66
6.0362507	125512.05
6.0426336	127692.82
6.0490164	128416.23
6.0553992	127244.78
6.0617820	124202.50
6.0681648	119628.68
6.0745476	114098.22
6.0809305	107812.76
6.0873133	102362.06
6.0936961	97555.770
6.1000789	94281.166
6.1064617	92020.793
6.1128446	90725.093
6.1192274	90055.234
6.1256102	89736.892
6.1319930	89757.266
6.1383758	90104.289
6.1447586	90896.866
6.1511415	92236.367
6.1575243	94599.415
6.1639071	98699.612
6.1702899	105314.70
6.1766727	116239.09
6.1830556	132120.44
6.1894384	152362.10
6.1958212	177380.67
6.2022040	200861.11
6.2085868	224068.26
6.2149696	243566.25
6.2213525	259465.94
6.2277353	270843.40
6.2341181	274846.06
6.2405009	271324.73
6.2468837	258966.58
6.2532666	238193.76
6.2596494	212844.71
6.2660322	183832.01
6.2724150	157222.34
6.2787978	134719.94
6.2851807	117916.65
6.2915635	106509.06
6.2979463	99202.015
6.3043291	95283.556
6.3107119	93120.629
6.3170947	92203.687
6.3234776	92034.798
6.3298604	92396.593
6.3362432	93654.678
6.3426260	96061.987
6.3490088	100591.27
6.3553917	107997.22
6.3617745	119056.97
6.3681573	135097.50
6.3745401	152907.35
6.3809229	173001.94
6.3873057	191512.47
6.3936886	207927.86
6.4000714	222115.02
6.4064542	231820.51
6.4128370	237290.89
6.4192198	236033.70
6.4256027	228014.05
6.4319855	213621.32
6.4383683	193638.93
6.4447511	171188.28
6.4511339	149019.28
6.4575167	129620.79
6.4638996	115010.22
6.4702824	104490.95
6.4766652	98063.788
6.4830480	94032.355
6.4894308	92000.337
6.4958137	90801.793
6.5021965	90235.801
6.5085793	90203.067
6.5149621	90686.449
6.5213449	91803.127
6.5277277	93874.370
6.5341106	97309.955
6.5404934	102579.01
6.5468762	108926.37
6.5532590	116558.41
6.5596418	123981.56
6.5660247	130780.46
6.5724075	136961.10
6.5787903	141563.51
6.5851731	144871.71
6.5915559	145649.79
6.5979388	143999.27
6.6043216	139648.50
6.6107044	132739.83
6.6170872	124334.72
6.6234700	115588.38
6.6298528	107398.06
6.6362357	100843.90
6.6426185	95899.928
6.6490013	92862.376
6.6553841	90964.303
6.6617669	89971.145
6.6681498	89501.630
6.6745326	89519.097
6.6809154	90015.281
6.6872982	91049.598
6.6936810	93020.219
6.7000638	96330.898
6.7064467	101436.06
6.7128295	109102.70
6.7192123	118219.32
6.7255951	128906.34
6.7319779	138938.81
6.7383608	148025.72
6.7447436	156105.66
6.7511264	161999.71
6.7575092	165937.59
6.7638920	166375.60
6.7702748	163413.30
6.7766577	156901.79
6.7830405	147047.19
6.7894233	135627.63
6.7958061	123585.89
6.8021889	112792.48
6.8085718	104367.44
6.8149546	98271.893
6.8213374	94534.807
6.8277202	92298.856
6.8341030	91398.185
6.8404858	91366.851
6.8468687	92137.097
6.8532515	93976.547
6.8596343	97409.131
6.8660171	103533.97
6.8723999	113067.07
6.8787828	126680.99
6.8851656	144873.37
6.8915484	164020.71
6.8979312	184827.58
6.9043140	202687.38
6.9106969	218526.32
6.9170797	231198.72
6.9234625	238852.41
6.9298453	241175.15
6.9362281	235983.96
6.9426109	223813.31
6.9489938	205969.44
6.9553766	182834.27
6.9617594	160061.59
6.9681422	138229.29
6.9745250	120982.18
6.9809079	108483.10
6.9872907	100257.10
6.9936735	95512.590
7.0000563	92898.592
7.0064391	91634.671
7.0128219	91297.936
7.0192048	91944.687
7.0255876	93781.214
7.0319704	96981.531
7.0383532	102205.71
7.0447360	109197.88
7.0511189	117713.63
7.0575017	127385.66
7.0638845	136063.50
7.0702673	144352.14
7.0766501	150780.79
7.0830329	155643.52
7.0894158	157984.88
7.0957986	157307.56
7.1021814	153575.81
7.1085642	146424.03
7.1149470	136815.10
7.1213299	126322.17
7.1277127	115163.89
7.1340955	106400.25
7.1404783	99206.735
7.1468611	94524.403
7.1532439	91404.159
7.1596268	89571.407
7.1660096	88613.641
7.1723924	88023.292
7.1787752	87632.506
7.1851580	87368.103
7.1915409	87217.768
7.1979237	87050.714
7.2043065	86906.835
7.2106893	86775.234
7.2170721	86745.932
7.2234550	86704.981
7.2298378	86708.535
7.2362206	86798.746
7.2426034	86808.539
7.2489862	86756.328
7.2553690	86733.105
7.2617519	86716.642
7.2681347	86739.331
7.2745175	86758.837
7.2809003	86827.802
7.2872831	86875.931
7.2936660	86887.090
7.3000488	86892.387
7.3064316	86893.179
7.3128144	86980.619
7.3191972	87115.197
7.3255800	87410.119
7.3319629	87909.262
7.3383457	88898.889
7.3447285	90506.568
7.3511113	93092.962
7.3574941	96539.948
7.3638770	100909.53
7.3702598	106006.59
7.3766426	110935.75
7.3830254	115609.95
7.3894082	119339.20
7.3957910	122362.90
7.4021739	124100.05
7.4085567	124444.49
7.4149395	123103.14
7.4213223	120011.39
7.4277051	115372.73
7.4340880	109843.45
7.4404708	103789.71
7.4468536	98809.588
7.4532364	94703.889
7.4596192	91917.884
7.4660020	90079.816
7.4723849	89160.310
7.4787677	88770.167
7.4851505	88929.551
7.4915333	89685.373
7.4979161	91257.577
7.5042990	93695.462
7.5106818	97295.328
7.5170646	101656.31
7.5234474	106755.76
7.5298302	111552.05
7.5362131	116197.88
7.5425959	120022.02
7.5489787	123005.39
7.5553615	124651.16
7.5617443	124730.47
7.5681271	123183.24
7.5745100	119990.42
7.5808928	115244.23
7.5872756	109909.88
7.5936584	104096.73
7.6000412	99261.026
7.6064241	95533.610
7.6128069	93074.961
7.6191897	91860.024
7.6255725	91770.326
7.6319553	92851.089
7.6383381	95491.862
7.6447210	100178.16
7.6511038	108067.22
7.6574866	119579.00
7.6638694	135479.33
7.6702522	153405.90
7.6766351	172886.97
7.6830179	190719.96
7.6894007	206702.28
7.6957835	219481.18
7.7021663	227980.94
7.7085491	231495.89
7.7149320	228254.26
7.7213148	218438.75
7.7276976	202710.73
7.7340804	181830.09
7.7404632	160057.14
7.7468461	138706.63
7.7532289	121716.59
7.7596117	108938.89
7.7659945	100849.56
7.7723773	96107.044
7.7787601	93862.879
7.7851430	93401.396
7.7915258	94555.025
7.7979086	97591.756
7.8042914	102583.78
7.8106742	109125.63
7.8170571	117328.09
7.8234399	125519.72
7.8298227	133533.31
7.8362055	140521.39
7.8425883	145928.55
7.8489712	149848.31
7.8553540	151082.20
7.8617368	149673.84
7.8681196	145272.98
7.8745024	137978.00
7.8808852	129196.45
7.8872681	118948.81
7.8936509	109815.73
7.9000337	102136.30
7.9064165	96409.556
7.9127993	92628.655
7.9191822	90323.270
7.9255650	89090.790
7.9319478	88379.229
7.9383306	87981.811
7.9447134	87695.604
7.9510962	87562.752
7.9574791	87396.511
7.9638619	87325.806
7.9702447	87334.493
7.9766275	87302.935
7.9830103	87255.362
7.9893932	87196.015
7.9957760	87165.781
8.0021588	87173.672
8.0085416	87194.968
8.0149244	87305.652
8.0213072	87391.604
8.0276901	87501.930
8.0340729	87570.239
8.0404557	87792.657
8.0468385	88131.019
8.0532213	88639.260
8.0596042	89429.751
8.0659870	90787.283
8.0723698	93213.155
8.0787526	97279.969
8.0851354	104063.68
8.0915182	113287.39
8.0979011	125962.39
8.1042839	139986.96
8.1106667	154529.68
8.1170495	167668.59
8.1234323	179128.19
8.1298152	188010.04
8.1361980	193487.96
8.1425808	194815.28
8.1489636	191102.64
8.1553464	182162.55
8.1617293	169293.51
8.1681121	152911.90
8.1744949	136518.93
8.1808777	121200.16
8.1872605	109389.37
8.1936433	100964.44
8.2000262	95921.674
8.2064090	93167.924
8.2127918	92319.196
8.2191746	92939.463
8.2255574	94931.229
8.2319403	98262.875
8.2383231	102696.35
8.2447059	107579.46
8.2510887	112770.05
8.2574715	117217.88
8.2638543	121148.68
8.2702372	124000.26
8.2766200	125648.65
8.2830028	125792.33
8.2893856	123979.96
8.2957684	120411.51
8.3021513	115333.84
8.3085341	109303.55
8.3149169	103447.01
8.3212997	97942.723
8.3276825	93910.708
8.3340653	91045.864
8.3404482	89343.089
8.3468310	88312.441
8.3532138	87715.418
8.3595966	87381.095
8.3659794	87204.058
8.3723623	87039.189
8.3787451	86968.056
8.3851279	86937.273
8.3915107	86866.423
8.3978935	86807.966
8.4042763	86746.278
8.4106592	86763.393
8.4170420	86757.701
8.4234248	86766.104
8.4298076	86770.361
8.4361904	86785.543
8.4425733	86801.194
8.4489561	86743.227
8.4553389	86731.588
8.4617217	86855.388
8.4681045	87097.986
8.4744874	87339.534
8.4808702	87679.473
8.4872530	88338.145
8.4936358	89361.828
8.5000186	90956.369
8.5064014	93112.518
8.5127843	95699.333
8.5191671	98417.612
8.5255499	101021.16
8.5319327	103289.34
8.5383155	105049.89
8.5446984	106254.80
8.5510812	106763.49
8.5574640	106556.94
8.5638468	105378.78
8.5702296	103164.44
8.5766124	100312.51
8.5829953	97181.931
8.5893781	94455.114
8.5957609	92359.600
8.6021437	91164.897
8.6085265	90898.947
8.6149094	91742.107
8.6212922	93904.631
8.6276750	97743.339
8.6340578	103579.00
8.6404406	111422.64
8.6468234	120434.22
8.6532063	130336.38
8.6595891	138985.60
8.6659719	146826.64
8.6723547	152851.34
8.6787375	156736.21
8.6851204	157904.85
8.6915032	155454.33
8.6978860	149964.66
8.7042688	141464.57
8.7106516	130984.76
8.7170344	120445.57
8.7234173	110300.71
8.7298001	102811.90
8.7361829	97693.421
8.7425657	95202.462
8.7489485	95005.217
8.7553314	96987.351
8.7617142	101324.22
8.7680970	107517.64
8.7744798	115697.40
8.7808626	124802.63
8.7872455	133739.52
8.7936283	141803.45
8.8000111	148282.10
8.8063939	152916.51
8.8127767	155035.62
8.8191595	154370.24
8.8255424	150461.06
8.8319252	143343.85
8.8383080	134050.27
8.8446908	123419.35
8.8510736	113414.27
8.8574565	105010.68
8.8638393	99086.487
8.8702221	95656.464
8.8766049	94483.433
8.8829877	95352.926
8.8893705	98150.286
8.8957534	102792.12
8.9021362	108963.15
8.9085190	115825.83
8.9149018	123142.11
8.9212846	129446.00
8.9276675	135043.55
8.9340503	138943.05
8.9404331	141067.90
8.9468159	140892.82
8.9531987	137990.08
8.9595815	132746.74
8.9659644	125373.96
8.9723472	116947.26
8.9787300	108897.44
8.9851128	101722.90
8.9914956	96708.252
8.9978785	93612.018
9.0042613	92336.837
9.0106441	92443.273
9.0170269	93820.648
9.0234097	96467.261
9.0297925	99855.683
9.0361754	103889.08
9.0425582	107994.81
9.0489410	111635.69
9.0553238	114683.19
9.0617066	116885.83
9.0680895	117889.69
9.0744723	117476.93
9.0808551	115632.67
9.0872379	112425.15
9.0936207	108009.40
9.1000035	103267.38
9.1063864	98513.947
9.1127692	94772.086
9.1191520	91901.663
9.1255348	90321.378
9.1319176	89758.005
9.1383005	90055.621
9.1446833	91082.905
9.1510661	92726.873
9.1574489	94877.717
9.1638317	97135.375
9.1702146	99250.784
9.1765974	101192.84
9.1829802	102627.02
9.1893630	103596.17
9.1957458	103762.28
9.2021286	103295.25
9.2085115	102045.07
9.2148943	100045.30
9.2212771	97716.026
9.2276599	95083.488
9.2340427	92882.935
9.2404256	91395.382
9.2468084	90882.709
9.2531912	91464.000
9.2595740	93247.510
9.2659568	96598.647
9.2723396	101647.97
9.2787225	107917.10
9.2851053	114903.94
9.2914881	121575.13
9.2978709	127737.68
9.3042537	132643.48
9.3106366	136259.28
9.3170194	137709.38
9.3234022	136940.10
9.3297850	133765.29
9.3361678	128235.68
9.3425506	121096.19
9.3489335	112963.58
9.3553163	105258.40
9.3616991	98795.919
9.3680819	93947.671
9.3744647	90904.843
9.3808476	89033.335
9.3872304	88015.920
9.3936132	87453.871
9.3999960	87134.104
9.4063788	86935.508
9.4127616	86790.498
9.4191445	86678.323
9.4255273	86589.216
9.4319101	86540.294
9.4382929	86579.046
9.4446757	86552.811
9.4510586	86540.348
9.4574414	86601.916
9.4638242	86657.770
9.4702070	86715.027
9.4765898	86827.246
9.4829727	87035.425
9.4893555	87388.718
9.4957383	87990.128
9.5021211	89013.230
9.5085039	90553.306
9.5148867	92686.983
9.5212696	95207.372
9.5276524	97977.104
9.5340352	100614.17
9.5404180	103160.62
9.5468008	105118.95
9.5531837	106510.78
9.5595665	107086.55
9.5659493	106784.46
9.5723321	105449.81
9.5787149	103182.31
9.5850977	100377.80
9.5914806	97497.665
9.5978634	94873.323
9.6042462	93228.072
9.6106290	92807.407
9.6170118	94258.441
9.6233947	97663.542
9.6297775	103139.77
9.6361603	110851.48
9.6425431	119722.82
9.6489259	129402.42
9.6553087	138113.87
9.6616916	145710.94
9.6680744	151425.14
9.6744572	154997.49
9.6808400	155588.93
9.6872228	152954.13
9.6936057	147040.03
9.6999885	138287.82
9.7063713	127815.13
9.7127541	116883.17
9.7191369	107359.32
9.7255197	100295.19
9.7319026	95863.475
9.7382854	93986.144
9.7446682	94091.651
9.7510510	95709.743
9.7574338	98428.928
9.7638167	101555.95
9.7701995	104912.84
9.7765823	107750.87
9.7829651	110229.30
9.7893479	111751.11
9.7957308	112331.11
9.8021136	111768.03
9.8084964	109915.38
9.8148792	107047.60
9.8212620	103227.46
9.8276448	99114.325
9.8340277	95393.622
9.8404105	92518.568
9.8467933	90691.727
9.8531761	89857.515
9.8595589	89914.461
9.8659418	90720.951
9.8723246	92060.290
9.8787074	93834.200
9.8850902	95572.182
9.8914730	97203.131
9.8978558	98493.951
9.9042387	99494.253
9.9106215	99944.788
9.9170043	99707.138
9.9233871	98786.180
9.9297699	97227.780
9.9361528	95431.591
9.9425356	93292.289
9.9489184	91371.713
9.9553012	89778.187
9.9616840	88858.488
9.9680668	88596.382
9.9744497	88961.838
9.9808325	89697.983
9.9872153	90841.357
9.9935981	92272.788
9.9999809	93816.073
10.006364	95175.022
10.012747	96235.716
10.019129	97001.778
10.025512	97384.223
10.031895	97275.990
10.038278	96656.337
10.044661	95510.470
10.051043	94010.745
10.057426	92546.575
10.063809	91356.778
10.070192	90874.224
10.076575	91251.414
10.082958	92913.256
10.089340	96254.292
10.095723	100981.29
10.102106	107088.31
10.108489	113501.07
10.114872	119656.03
10.121254	125123.81
10.127637	129343.56
10.134020	132109.18
10.140403	132980.62
10.146786	131715.73
10.153169	128125.82
10.159551	122587.71
10.165934	115765.27
10.172317	108380.49
10.178700	102081.77
10.185083	97285.807
10.191465	94951.437
10.197848	94567.797
10.204231	96099.038
10.210614	99154.111
10.216997	102990.84
10.223380	107338.98
10.229762	111208.68
10.236145	114595.96
10.242528	116936.84
10.248911	118287.30
10.255294	118176.25
10.261676	116508.25
10.268059	113310.07
10.274442	108875.32
10.280825	103837.50
10.287208	98871.462
10.293591	94590.964
10.299973	91380.813
10.306356	89210.799
10.312739	87846.828
10.319122	87061.243
10.325505	86643.258
10.331887	86422.469
10.338270	86300.170
10.344653	86204.060
10.351036	86112.657
10.357419	86082.360
10.363802	86094.709
10.370184	86163.231
10.376567	86135.998
10.382950	86144.115
10.389333	86140.126
10.395716	86166.231
10.402098	86232.768
10.408481	86347.494
10.414864	86648.603
10.421247	87018.878
10.427630	87441.714
10.434013	88061.250
10.440395	88784.814
10.446778	89497.177
10.453161	90125.777
10.459544	90640.986
10.465927	90996.610
10.472309	91072.198
10.478692	90920.655
10.485075	90611.555
10.491458	90140.929
10.497841	89549.979
10.504224	88955.701
10.510606	88597.040
10.516989	88771.079
10.523372	89506.768
10.529755	90930.728
10.536138	93125.530
10.542520	95984.636
10.548903	99229.896
10.555286	102391.27
10.561669	105055.90
10.568052	107269.03
10.574435	108686.24
10.580817	109342.08
10.587200	108829.08
10.593583	107227.44
10.599966	104714.70
10.606349	101416.20
10.612732	98253.330
10.619114	95486.169
10.625497	94154.111
10.631880	94520.737
10.638263	96682.608
10.644646	100632.93
10.651028	105720.45
10.657411	111522.48
10.663794	117055.88
10.670177	122020.63
10.676560	125796.41
10.682943	128181.99
10.689325	128784.09
10.695708	127389.37
10.702091	123946.75
10.708474	118618.68
10.714857	112306.59
10.721239	105902.39
10.727622	100312.47
10.734005	96668.546
10.740388	95061.556
10.746771	95549.926
10.753154	97528.609
10.759536	100488.42
10.765919	104042.91
10.772302	107458.79
10.778685	110273.96
10.785068	112316.48
10.791450	113472.59
10.797833	113257.47
10.804216	111821.05
10.810599	109181.98
10.816982	105501.53
10.823365	101448.59
10.829747	97331.817
10.836130	94216.531
10.842513	92221.142
10.848896	91587.455
10.855279	92002.355
10.861661	93123.013
10.868044	94827.895
10.874427	96582.516
10.880810	98224.733
10.887193	99521.274
10.893576	100349.22
10.899958	100585.13
10.906341	100207.91
10.912724	99174.014
10.919107	97530.741
10.925490	95652.516
10.931872	93730.663
10.938255	92280.702
10.944638	91670.053
10.951021	92170.856
10.957404	93879.165
10.963787	96551.478
10.970169	99913.806
10.976552	103430.91
10.982935	106671.26
10.989318	109361.55
10.995701	111277.47
11.002083	112216.13
11.008466	111964.72
11.014849	110453.47
11.021232	107761.11
11.027615	104352.40
11.033998	100655.11
11.040380	97415.926
11.046763	95505.947
11.053146	95182.830
11.059529	96780.971
11.065912	100020.61
11.072294	104349.65
11.078677	109194.89
11.085060	113800.04
11.091443	117751.46
11.097826	120506.09
11.104209	121993.38
11.110591	121911.05
11.116974	120172.66
11.123357	116571.58
11.129740	111496.84
11.136123	105788.18
11.142505	100019.29
11.148888	95372.270
11.155271	91832.100
11.161654	89501.926
11.168037	88028.428
11.174420	87259.213
11.180802	86857.553
11.187185	86603.300
11.193568	86467.898
11.199951	86398.990
11.206334	86396.813
11.212716	86363.405
11.219099	86352.074
11.225482	86442.689
11.231865	86497.408
11.238248	86615.788
11.244631	86912.918
11.251013	87535.766
11.257396	88522.575
11.263779	89984.640
11.270162	91992.280
11.276545	94173.785
11.282927	96514.235
11.289310	98732.684
11.295693	100700.80
11.302076	102013.33
11.308459	102737.96
11.314842	102706.91
11.321224	101820.56
11.327607	100181.31
11.333990	97965.492
11.340373	95589.912
11.346756	93337.695
11.353138	91973.327
11.359521	91547.405
11.365904	92256.919
11.372287	93946.943
11.378670	96253.230
11.385053	98799.683
11.391435	101026.48
11.397818	102929.15
11.404201	104202.89
11.410584	104820.77
11.416967	104507.69
11.423349	103216.79
11.429732	101160.62
11.436115	98428.120
11.442498	95612.322
11.448881	93052.963
11.455264	91465.646
11.461646	90893.117
11.468029	91395.247
11.474412	92647.559
11.480795	94156.867
11.487178	95791.780
11.493560	97230.063
11.499943	98436.322
11.506326	99133.000
11.512709	99322.464
11.519092	98801.346
11.525475	97650.010
11.531857	96061.243
11.538240	94262.251
11.544623	92680.783
11.551006	91617.285
11.557389	91518.566
11.563771	92546.787
11.570154	94447.356
11.576537	97007.103
11.582920	99663.738
11.589303	102299.17
11.595686	104542.89
11.602068	106081.38
11.608451	106772.47
11.614834	106588.66
11.621217	105297.09
11.627600	102868.73
11.633982	99840.086
11.640365	96375.150
11.646748	93177.836
11.653131	90396.432
11.659514	88567.463
11.665897	87506.414
11.672279	86882.445
11.678662	86429.704
11.685045	86242.960
11.691428	86174.993
11.697811	86187.013
11.704193	86155.903
11.710576	86158.799
11.716959	86139.132
11.723342	86214.191
11.729725	86375.396
11.736108	86650.331
11.742490	87115.271
11.748873	87953.170
11.755256	89235.940
11.761639	90943.007
11.768022	93106.232
11.774404	95471.977
11.780787	97718.479
11.787170	99697.413
11.793553	101312.24
11.799936	102342.08
11.806319	102710.22
11.812701	102166.15
11.819084	100818.46
11.825467	99013.356
11.831850	96795.535
11.838233	94904.685
11.844615	93722.944
11.850998	93824.494
11.857381	95260.045
11.863764	97945.961
11.870147	101370.51
11.876530	104865.25
11.882912	108258.89
11.889295	110795.92
11.895678	112501.63
11.902061	112982.73
11.908444	112171.17
11.914826	110011.71
11.921209	106558.45
11.927592	102267.13
11.933975	97673.111
11.940358	93834.580
11.946741	90783.313
11.953123	88808.774
11.959506	87582.637
11.965889	86940.562
11.972272	86516.856
11.978655	86280.653
11.985037	86146.699
11.991420	86090.842
11.997803	86099.082
12.004186	86041.797
12.010569	86028.105
12.016952	86016.484
12.023334	85987.649
12.029717	86124.962
12.036100	86346.571
12.042483	86457.485
12.048866	86608.291
12.055248	86864.246
12.061631	87184.220
12.068014	87444.081
12.074397	87702.364
12.080780	87894.791
12.087163	88118.474
12.093545	88139.165
12.099928	88132.433
12.106311	88083.192
12.112694	88106.157
12.119077	88305.831
12.125459	88934.588
12.131842	90179.703
12.138225	92141.722
12.144608	94924.131
12.150991	98394.894
12.157374	102135.08
12.163756	105680.04
12.170139	108717.39
12.176522	110985.47
12.182905	112303.51
12.189288	112394.13
12.195670	111085.25
12.202053	108632.10
12.208436	105187.08
12.214819	101424.85
12.221202	97949.495
12.227585	95909.085
12.233967	95408.678
12.240350	96454.109
12.246733	98743.081
12.253116	101290.45
12.259499	103901.67
12.265881	106062.50
12.272264	107641.28
12.278647	108192.33
12.285030	107778.57
12.291413	106210.23
12.297796	103587.11
12.304178	100344.69
12.310561	96758.802
12.316944	93681.147
12.323327	91246.365
12.329710	89791.284
12.336092	89037.029
12.342475	88875.575
12.348858	89057.362
12.355241	89270.577
12.361624	89391.320
12.368007	89425.526
12.374389	89469.964
12.380772	89398.249
12.387155	89184.312
12.393538	88891.767
12.399921	88646.912
12.406303	88608.780
12.412686	88925.588
12.419069	89655.112
12.425452	90852.223
12.431835	92332.625
12.438218	93916.816
12.444600	95394.979
12.450983	96653.759
12.457366	97490.356
12.463749	97797.656
12.470132	97624.117
12.476514	96909.409
12.482897	95716.719
12.489280	94459.550
12.495663	93378.635
12.502046	93169.886
12.508429	94003.829
12.514811	95917.644
12.521194	98886.084
12.527577	102200.61
12.533960	105571.87
12.540343	108359.74
12.546725	110481.07
12.553108	111426.30
12.559491	111236.87
12.565874	109782.23
12.572257	107071.78
12.578640	103551.86
12.585022	99671.526
12.591405	96321.972
12.597788	93836.484
12.604171	92700.510
12.610554	92607.687
12.616936	93372.746
12.623319	94419.104
12.629702	95401.649
12.636085	96142.570
12.642468	96596.435
12.648851	96651.932
12.655233	96094.668
12.661616	94985.325
12.667999	93484.075
12.674382	91835.491
12.680765	90074.629
12.687147	88682.643
12.693530	87679.824
12.699913	87091.376
12.706296	86682.452
12.712679	86462.062
12.719062	86365.340
12.725444	86290.231
12.731827	86258.559
12.738210	86207.145
12.744593	86168.533
12.750976	86293.043
12.757358	86446.749
12.763741	86644.096
12.770124	86929.097
12.776507	87350.845
12.782890	87921.135
12.789273	88663.490
12.795655	89453.011
12.802038	90263.194
12.808421	91059.450
12.814804	91634.506
12.821187	91988.242
12.827569	92070.070
12.833952	91909.310
12.840335	91473.969
12.846718	90809.309
12.853101	89997.994
12.859484	89384.577
12.865866	89177.628
12.872249	89516.028
12.878632	90274.513
12.885015	91206.643
12.891398	92142.996
12.897780	93109.502
12.904163	93926.931
12.910546	94408.270
12.916929	94540.427
12.923312	94275.566
12.929695	93733.833
12.936077	93060.189
12.942460	92522.105
12.948843	92647.904
12.955226	93762.387
12.961609	95927.724
12.967991	99015.005
12.974374	102633.88
12.980757	106128.15
12.987140	109184.10
12.993523	111282.78
12.999906	112533.14
13.006288	112465.13
13.012671	110962.53
13.019054	108198.91
13.025437	104497.00
13.031820	100619.09
13.038202	97078.017
13.044585	94809.377
13.050968	93866.251
13.057351	94157.070
13.063734	95127.436
13.070117	96285.769
13.076499	97345.438
13.082882	98099.275
13.089265	98432.031
13.095648	98125.719
13.102031	97198.659
13.108413	95769.015
13.114796	94068.806
13.121179	92221.681
13.127562	90704.672
13.133945	89689.240
13.140328	89304.056
13.146710	89340.141
13.153093	89625.595
13.159476	89964.205
13.165859	90265.524
13.172242	90570.990
13.178624	90728.362
13.185007	90656.631
13.191390	90370.259
13.197773	90068.776
13.204156	89952.717
13.210539	90309.503
13.216921	91341.268
13.223304	92997.785
13.229687	95260.730
13.236070	97692.736
13.242453	100153.61
13.248835	102127.95
13.255218	103620.94
13.261601	104325.41
13.267984	104199.41
13.274367	103122.94
13.280750	101146.04
13.287132	98515.802
13.293515	95663.311
13.299898	93257.392
13.306281	91617.721
13.312664	90906.104
13.319046	90821.188
13.325429	91136.356
13.331812	91715.414
13.338195	92223.906
13.344578	92499.387
13.350961	92535.471
13.357343	92271.522
13.363726	91657.986
13.370109	90851.764
13.376492	89749.759
13.382875	88671.867
13.389257	87776.410
13.395640	87155.280
13.402023	86697.507
13.408406	86512.563
13.414789	86411.546
13.421172	86308.708
13.427554	86217.608
13.433937	86183.693
13.440320	86211.177
13.446703	86246.564
13.453086	86292.852
13.459468	86435.280
13.465851	86661.240
13.472234	86977.222
13.478617	87384.724
13.485000	87854.924
13.491383	88463.710
13.497765	89104.457
13.504148	89624.965
13.510531	89914.653
13.516914	90144.564
13.523297	90253.120
13.529679	90102.218
13.536062	89792.875
13.542445	89637.829
13.548828	89664.379
13.555211	90054.665
13.561594	91033.198
13.567976	92649.233
13.574359	94550.000
13.580742	96565.665
13.587125	98291.116
13.593508	99648.062
13.599890	100435.53
13.606273	100491.17
13.612656	99803.222
13.619039	98472.611
13.625422	96661.001
13.631805	94685.007
13.638187	92823.645
13.644570	91645.845
13.650953	91224.694
13.657336	91513.785
13.663719	92170.226
13.670101	92913.577
13.676484	93578.820
13.682867	94051.223
13.689250	94229.138
13.695633	93873.802
13.702016	93181.388
13.708398	92280.694
13.714781	91463.294
13.721164	90911.340
13.727547	90874.448
13.733930	91367.619
13.740312	92317.109
13.746695	93531.875
13.753078	94678.414
13.759461	95624.523
13.765844	96218.240
13.772227	96369.738
13.778609	95927.178
13.784992	94944.417
13.791375	93637.897
13.797758	92251.504
13.804141	90947.888
13.810524	90096.542
13.816906	89701.322
13.823289	89775.234
13.829672	90114.911
13.836055	90575.245
13.842438	90999.864
13.848820	91228.824
13.855203	91236.652
13.861586	91000.230
13.867969	90634.939
13.874352	90104.673
13.880735	89558.046
13.887117	89127.049
13.893500	89034.303
13.899883	89231.748
13.906266	89707.354
13.912649	90319.203
13.919031	90883.193
13.925414	91393.846
13.931797	91682.085
13.938180	91679.515
13.944563	91501.059
13.950946	91202.927
13.957328	90843.860
13.963711	90739.547
13.970094	90955.240
13.976477	91745.664
13.982860	93109.989
13.989242	94810.273
13.995625	96600.373
14.002008	98208.157
14.008391	99513.124
14.014774	100133.80
14.021157	100043.67
14.027539	99234.476
14.033922	97747.105
14.040305	95589.705
14.046688	93222.925
14.053071	90948.731
14.059453	89220.194
14.065836	88023.864
14.072219	87333.862
14.078602	86885.017
14.084985	86675.459
14.091368	86562.982
14.097750	86579.725
14.104133	86632.143
14.110516	86683.224
14.116899	86747.788
14.123282	86875.625
14.129664	87131.090
14.136047	87426.322
14.142430	87818.020
14.148813	88321.992
14.155196	88891.403
14.161579	89346.511
14.167961	89746.178
14.174344	90138.026
14.180727	90354.367
14.187110	90309.917
14.193493	90257.907
14.199875	90328.252
14.206258	90558.377
14.212641	91225.271
14.219024	92616.984
14.225407	94686.515
14.231790	97141.355
14.238172	99677.847
14.244555	101936.48
14.250938	103535.26
14.257321	104385.51
14.263704	104361.78
14.270086	103462.34
14.276469	101709.46
14.282852	99460.211
14.289235	97152.778
14.295618	95393.428
14.302001	94669.098
14.308383	94944.035
14.314766	95907.589
14.321149	97121.412
14.327532	98247.379
14.333915	99088.962
14.340297	99305.851
14.346680	98917.087
14.353063	97877.014
14.359446	96303.731
14.365829	94350.814
14.372212	92654.848
14.378594	91405.769
14.384977	90791.777
14.391360	90678.501
14.397743	91021.600
14.404126	91341.111
14.410508	91682.164
14.416891	91905.954
14.423274	91832.022
14.429657	91528.037
14.436040	90888.337
14.442423	90065.286
14.448805	89206.450
14.455188	88388.383
14.461571	87692.607
14.467954	87270.430
14.474337	86998.958
14.480719	86831.481
14.487102	86744.987
14.493485	86757.854
14.499868	86789.570
14.506251	86859.319
14.512634	86998.378
14.519016	87265.755
14.525399	87667.936
14.531782	88321.712
14.538165	89206.687
14.544548	90350.980
14.550930	91635.454
14.557313	92769.432
14.563696	93673.473
14.570079	94337.142
14.576462	94579.512
14.582845	94456.431
14.589227	94075.360
14.595610	93372.040
14.601993	92588.533
14.608376	92053.359
14.614759	92056.021
14.621141	92778.731
14.627524	93973.604
14.633907	95363.476
14.640290	96593.193
14.646673	97501.808
14.653056	97958.362
14.659438	97840.848
14.665821	97083.099
14.672204	95690.270
14.678587	93816.560
14.684970	91955.686
14.691352	90205.983
14.697735	88814.803
14.704118	87792.773
14.710501	87195.250
14.716884	86947.230
14.723267	86880.731
14.729649	86865.588
14.736032	86868.415
14.742415	86810.828
14.748798	86702.951
14.755181	86762.743
14.761563	86954.417
14.767946	87221.325
14.774329	87526.867
14.780712	87841.419
14.787095	88190.100
14.793478	88496.181
14.799860	88692.341
14.806243	88927.637
14.812626	88961.631
14.819009	88783.625
14.825392	88594.034
14.831774	88471.947
14.838157	88408.287
14.844540	88447.605
14.850923	88680.575
14.857306	89170.127
14.863689	89704.873
14.870071	90204.415
14.876454	90698.981
14.882837	91026.958
14.889220	91119.149
14.895603	90957.722
14.901985	90710.064
14.908368	90495.506
14.914751	90384.359
14.921134	90524.375
14.927517	91111.317
14.933900	92105.196
14.940282	93286.444
14.946665	94499.078
14.953048	95429.381
14.959431	95917.987
14.965814	95994.105
14.972196	95610.037
14.978579	94771.579
14.984962	93617.864
14.991345	92542.619
14.997728	91667.292
15.004111	91149.578
15.010493	91067.627
15.016876	91469.604
15.023259	91969.264
15.029642	92448.886
15.036025	92757.200
15.042407	92776.297
15.048790	92495.277
15.055173	91920.995
15.061556	91209.765
15.067939	90462.938
15.074322	89809.644
15.080704	89445.316
15.087087	89289.789
15.093470	89439.485
15.099853	89709.953
15.106236	89935.458
15.112618	90094.072
15.119001	90210.933
15.125384	90335.276
15.131767	90348.531
15.138150	90419.486
15.144533	90874.052
15.150915	91822.599
15.157298	93320.268
15.163681	95168.209
15.170064	97015.160
15.176447	98643.099
15.182829	99773.713
15.189212	100381.98
15.195595	100414.69
15.201978	99673.086
15.208361	98072.512
15.214744	95987.674
15.221126	93931.192
15.227509	92369.235
15.233892	91365.411
15.240275	90945.022
15.246658	91015.062
15.253040	91252.215
15.259423	91493.950
15.265806	91469.610
15.272189	91281.093
15.278572	90963.934
15.284955	90319.663
15.291337	89543.681
15.297720	88793.213
15.304103	88184.288
15.310486	87706.059
15.316869	87445.720
15.323251	87254.236
15.329634	87157.337
15.336017	87047.364
15.342400	87053.996
15.348783	87110.926
15.355166	87287.076
15.361548	87580.339
15.367931	87857.451
15.374314	88308.774
15.380697	88977.641
15.387080	89763.905
15.393462	90584.360
15.399845	91317.703
15.406228	91890.161
15.412611	92167.052
15.418994	92164.774
15.425377	92033.910
15.431759	91682.122
15.438142	91377.199
15.444525	91155.925
15.450908	91174.875
15.457291	91718.716
15.463673	92656.258
15.470056	93620.758
15.476439	94481.230
15.482822	95148.869
15.489205	95457.615
15.495588	95205.282
15.501970	94592.757
15.508353	93745.194
15.514736	92719.274
15.521119	91755.224
15.527502	91306.592
15.533884	91305.749
15.540267	91679.209
15.546650	92101.103
15.553033	92511.373
15.559416	92736.357
15.565799	92834.247
15.572181	92630.244
15.578564	92156.461
15.584947	91450.979
15.591330	90847.694
15.597713	90637.836
15.604095	90757.384
15.610478	91133.738
15.616861	91612.962
15.623244	92107.450
15.629627	92537.610
15.636010	92663.717
15.642392	92423.595
15.648775	91982.388
15.655158	91314.116
15.661541	90527.809
15.667924	89791.585
15.674306	89232.545
15.680689	88985.703
15.687072	88959.618
15.693455	89188.134
15.699838	89406.532
15.706221	89435.976
15.712603	89375.161
15.718986	89305.093
15.725369	89118.967
15.731752	88990.068
15.738135	89029.931
15.744517	89091.829
15.750900	89372.868
15.757283	89763.482
15.763666	90270.488
15.770049	90724.695
15.776432	91046.802
15.782814	91222.275
15.789197	91172.660
15.795580	90966.560
15.801963	90797.134
15.808346	90854.599
15.814728	91336.049
15.821111	92162.382
15.827494	93182.918
15.833877	94352.394
15.840260	95494.199
15.846643	96236.873
15.853025	96580.869
15.859408	96406.801
15.865791	95633.056
15.872174	94310.127
15.878557	92718.873
15.884939	90979.884
15.891322	89523.039
15.897705	88486.290
15.904088	87777.923
15.910471	87391.961
15.916854	87240.860
15.923236	87189.628
15.929619	87180.518
15.936002	87149.019
15.942385	87139.027
15.948768	87073.725
15.955150	87088.381
15.961533	87076.826
15.967916	87006.737
15.974299	86981.206
15.980682	87039.578
15.987065	87129.426
15.993447	87123.497
15.999830	87169.940
16.006213	87289.411
16.012596	87488.558
16.018979	87754.779
16.025361	88188.017
16.031744	88736.225
16.038127	89415.952
16.044510	90207.245
16.050893	91048.288
16.057276	91641.407
16.063658	92011.404
16.070041	92144.899
16.076424	92029.571
16.082807	91743.552
16.089190	91308.719
16.095572	90911.611
16.101955	90692.171
16.108338	90777.472
16.114721	91132.313
16.121104	91649.764
16.127487	92116.230
16.133869	92500.910
16.140252	92659.524
16.146635	92531.088
16.153018	92097.703
16.159401	91499.974
16.165783	90762.616
16.172166	90200.385
16.178549	89890.002
16.184932	89781.506
16.191315	89903.009
16.197698	90203.505
16.204080	90435.334
16.210463	90468.027
16.216846	90385.476
16.223229	90286.917
16.229612	90099.573
16.235994	89902.420
16.242377	89858.042
16.248760	90080.835
16.255143	90550.320
16.261526	91050.988
16.267909	91470.244
16.274291	91805.884
16.280674	92024.220
16.287057	91912.513
16.293440	91650.903
16.299823	91405.275
16.306205	91135.607
16.312588	91020.810
16.318971	91190.335
16.325354	91687.758
16.331737	92306.262
16.338120	92931.765
16.344502	93444.628
16.350885	93692.458
16.357268	93650.520
16.363651	93228.881
16.370034	92568.107
16.376416	91782.763
16.382799	91162.217
16.389182	90870.147
16.395565	90963.019
16.401948	91260.730
16.408331	91534.053
16.414713	91716.254
16.421096	91799.929
16.427479	91723.310
16.433862	91281.772
16.440245	90557.455
16.446627	89794.573
16.453010	89006.658
16.459393	88500.476
16.465776	88110.650
16.472159	87776.005
16.478542	87556.510
16.484924	87455.579
16.491307	87530.941
16.497690	87594.553
16.504073	87575.852
16.510456	87768.539
16.516838	88122.196
16.523221	88392.119
16.529604	88722.162
16.535987	89170.163
16.542370	89560.625
16.548753	89903.510
16.555135	90156.666
16.561518	90227.126
16.567901	90182.117
16.574284	90073.826
16.580667	89951.770
16.587049	89786.191
16.593432	89746.562
16.599815	89973.730
16.606198	90394.604
16.612581	90795.896
16.618964	91157.014
16.625346	91383.567
16.631729	91440.666
16.638112	91364.500
16.644495	91129.560
16.650878	90914.569
16.657260	90859.895
16.663643	90968.434
16.670026	91470.417
16.676409	92130.576
16.682792	92611.930
16.689175	93033.099
16.695557	93329.087
16.701940	93245.024
16.708323	92842.735
16.714706	92161.065
16.721089	91332.514
16.727471	90599.789
16.733854	90105.854
16.740237	89822.758
16.746620	89801.457
16.753003	89880.883
16.759386	90031.872
16.765768	90118.958
16.772151	89928.424
16.778534	89605.448
16.784917	89252.473
16.791300	88891.134
16.797682	88509.022
16.804065	88172.099
16.810448	87940.464
16.816831	87840.859
16.823214	87751.070
16.829597	87732.838
16.835979	87895.545
16.842362	88060.380
16.848745	88307.865
16.855128	88664.356
16.861511	89315.624
16.867893	90139.211
16.874276	91073.322
16.880659	92091.258
16.887042	92926.104
16.893425	93612.860
16.899808	93894.706
16.906190	93805.403
16.912573	93456.210
16.918956	92866.961
16.925339	92340.195
16.931722	91976.892
16.938104	91985.784
16.944487	92328.683
16.950870	92874.027
16.957253	93386.980
16.963636	93655.388
16.970019	93721.294
16.976401	93467.397
16.982784	92813.690
16.989167	91849.489
16.995550	90781.692
17.001933	89779.116
17.008316	88968.149
17.014698	88421.184
17.021081	88089.753
17.027464	88040.136
17.033847	88023.918
17.040230	87876.036
17.046612	87799.599
17.052995	87820.966
17.059378	87808.518
17.065761	87836.956
17.072144	87946.215
17.078527	88142.770
17.084909	88239.332
17.091292	88224.399
17.097675	88270.659
17.104058	88398.331
17.110441	88550.721
17.116823	88788.692
17.123206	89162.711
17.129589	89714.488
17.135972	90456.966
17.142355	91450.302
17.148738	92498.648
17.155120	93458.498
17.161503	94125.791
17.167886	94413.786
17.174269	94424.453
17.180652	93984.133
17.187034	93166.885
17.193417	92278.648
17.199800	91375.217
17.206183	90642.202
17.212566	90436.720
17.218949	90388.600
17.225331	90476.756
17.231714	90611.271
17.238097	90509.435
17.244480	90448.160
17.250863	90474.949
17.257245	90471.245
17.263628	90502.300
17.270011	90785.789
17.276394	91307.766
17.282777	91869.262
17.289160	92378.890
17.295542	92754.998
17.301925	92884.679
17.308308	92802.968
17.314691	92437.638
17.321074	91790.826
17.327456	91102.307
17.333839	90390.892
17.340222	89939.060
17.346605	89699.032
17.352988	89588.767
17.359371	89628.537
17.365753	89726.099
17.372136	89764.059
17.378519	89683.782
17.384902	89519.717
17.391285	89363.656
17.397667	89270.236
17.404050	89239.300
17.410433	89283.042
17.416816	89424.603
17.423199	89545.793
17.429582	89769.379
17.435964	89925.184
17.442347	89936.420
17.448730	90031.084
17.455113	90242.672
17.461496	90632.931
17.467878	91225.496
17.474261	92089.592
17.480644	92995.126
17.487027	93755.153
17.493410	94189.264
17.499793	94382.166
17.506175	94219.915
17.512558	93543.556
17.518941	92478.442
17.525324	91353.644
17.531707	90266.477
17.538089	89314.120
17.544472	88746.492
17.550855	88469.556
17.557238	88211.110
17.563621	88099.123
17.570004	88090.618
17.576386	88140.427
17.582769	88327.622
17.589152	88579.552
17.595535	88816.595
17.601918	89157.712
17.608300	89568.647
17.614683	89793.857
17.621066	90038.853
17.627449	90143.284
17.633832	90164.626
17.640215	90097.355
17.646597	89982.670
17.652980	89930.899
17.659363	89970.583
17.665746	90083.597
17.672129	90338.971
17.678511	90641.934
17.684894	90928.476
17.691277	91168.922
17.697660	91178.789
17.704043	90979.612
17.710426	90790.506
17.716808	90494.494
17.723191	90310.833
17.729574	90206.551
17.735957	90324.182
17.742340	90607.041
17.748722	90815.817
17.755105	90962.130
17.761488	91017.182
17.767871	90938.619
17.774254	90716.603
17.780637	90390.248
17.787019	89968.254
17.793402	89773.699
17.799785	89759.506
17.806168	89828.358
17.812551	90001.109
17.818933	90122.869
17.825316	90108.366
17.831699	90100.277
17.838082	89950.855
17.844465	89710.338
17.850848	89595.281
17.857230	89605.642
17.863613	89683.939
17.869996	89766.559
17.876379	89883.597
17.882762	89982.122
17.889144	90012.891
17.895527	89954.242
17.901910	89933.609
17.908293	89904.026
17.914676	90044.965
17.921059	90191.690
17.927441	90397.078
17.933824	90686.511
17.940207	90975.414
17.946590	91184.385
17.952973	91249.215
17.959355	91116.480
17.965738	90822.241
17.972121	90484.136
17.978504	90109.709
17.984887	89703.703
17.991270	89508.002
17.997652	89484.472
18.004035	89389.886
18.010418	89326.605
18.016801	89418.085
18.023184	89426.807
18.029566	89204.271
18.035949	88917.434
18.042332	88742.472
18.048715	88511.359
18.055098	88456.095
18.061481	88549.253
18.067863	88569.517
18.074246	88473.089
18.080629	88384.033
18.087012	88407.251
18.093395	88452.240
18.099777	88522.800
18.106160	88655.608
18.112543	88804.298
18.118926	88939.761
18.125309	89072.504
18.131692	89221.900
18.138074	89363.150
18.144457	89327.285
18.150840	89367.104
18.157223	89487.545
18.163606	89522.079
18.169988	89682.156
18.176371	90008.443
18.182754	90234.274
18.189137	90506.147
18.195520	90912.476
18.201903	91130.791
18.208285	91203.343
18.214668	91187.896
18.221051	91145.041
18.227434	91203.507
18.233817	91480.841
18.240199	91904.476
18.246582	92462.864
18.252965	93129.535
18.259348	93517.984
18.265731	93783.298
18.272114	93753.259
18.278496	93288.507
18.284879	92574.248
18.291262	91917.916
18.297645	91316.417
18.304028	90820.304
18.310410	90527.302
18.316793	90456.381
18.323176	90537.694
18.329559	90616.705
18.335942	90597.860
18.342325	90485.204
18.348707	90246.474
18.355090	89964.363
18.361473	89702.631
18.367856	89547.489
18.374239	89516.414
18.380621	89461.924
18.387004	89451.949
18.393387	89568.960
18.399770	89682.292
18.406153	89908.771
18.412536	90252.544
18.418918	90729.731
18.425301	91337.761
18.431684	92045.332
18.438067	92780.689
18.444450	93315.170
18.450832	93630.122
18.457215	93692.530
18.463598	93435.083
18.469981	92980.308
18.476364	92488.930
18.482747	91874.464
18.489129	91588.511
18.495512	91617.541
18.501895	91686.306
18.508278	91792.926
18.514661	91783.046
18.521043	91704.363
18.527426	91471.591
18.533809	90993.023
18.540192	90431.556
18.546575	89873.801
18.552958	89443.632
18.559340	89148.926
18.565723	89052.926
18.572106	88963.257
18.578489	88820.408
18.584872	88843.999
18.591254	89062.916
18.597637	89259.132
18.604020	89515.435
18.610403	89810.314
18.616786	90183.910
18.623169	90463.707
18.629551	90615.183
18.635934	90745.030
18.642317	90818.772
18.648700	90831.875
18.655083	90670.001
18.661465	90735.311
18.667848	90943.564
18.674231	91143.797
18.680614	91449.163
18.686997	91783.093
18.693380	92060.462
18.699762	92243.224
18.706145	92162.948
18.712528	91908.875
18.718911	91481.401
18.725294	91077.933
18.731676	90937.120
18.738059	90860.014
18.744442	90900.811
18.750825	90929.282
18.757208	90878.239
18.763591	90947.748
18.769973	90916.491
18.776356	90778.436
18.782739	90692.154
18.789122	90663.983
18.795505	90671.050
18.801887	90710.508
18.808270	90921.517
18.814653	91120.912
18.821036	91209.042
18.827419	91160.343
18.833802	91034.400
18.840184	90649.826
18.846567	90156.256
18.852950	89689.364
18.859333	89441.890
18.865716	89219.067
18.872098	89070.249
18.878481	88972.394
18.884864	88932.238
18.891247	89018.050
18.897630	89127.679
18.904013	89341.174
18.910395	89530.574
18.916778	89913.382
18.923161	90170.566
18.929544	90272.734
18.935927	90520.565
18.942309	90676.660
18.948692	90678.413
18.955075	90681.743
18.961458	90645.349
18.967841	90567.301
18.974224	90540.203
18.980606	90731.950
18.986989	90997.780
18.993372	91200.120
18.999755	91419.929
19.006138	91388.880
19.012520	91262.378
19.018903	90949.663
19.025286	90397.130
19.031669	89934.192
19.038052	89682.071
19.044435	89408.235
19.050817	89135.697
19.057200	89070.425
19.063583	89140.207
19.069966	89120.935
19.076349	89072.618
19.082731	89163.783
19.089114	89376.304
19.095497	89483.165
19.101880	89487.569
19.108263	89587.797
19.114646	89669.685
19.121028	89753.590
19.127411	89844.101
19.133794	89967.712
19.140177	90200.845
19.146560	90563.203
19.152942	91057.213
19.159325	91756.367
19.165708	92305.512
19.172091	92832.277
19.178474	93208.025
19.184857	93300.995
19.191239	93044.534
19.197622	92537.163
19.204005	91985.925
19.210388	91630.328
19.216771	91424.679
19.223153	91180.577
19.229536	91069.765
19.235919	91179.373
19.242302	91173.600
19.248685	91101.235
19.255068	90933.180
19.261450	90613.088
19.267833	90326.712
19.274216	90011.674
19.280599	89882.971
19.286982	89832.999
19.293364	89847.086
19.299747	89762.045
19.306130	89745.983
19.312513	89818.687
19.318896	89810.258
19.325279	89922.564
19.331661	90095.825
19.338044	90264.177
19.344427	90555.744
19.350810	90768.958
19.357193	90929.749
19.363575	90871.901
19.369958	90761.293
19.376341	90756.154
19.382724	90587.702
19.389107	90525.447
19.395490	90642.162
19.401872	90807.913
19.408255	90928.033
19.414638	90813.475
19.421021	90829.072
19.427404	90901.894
19.433786	90891.106
19.440169	90854.712
19.446552	90743.174
19.452935	90924.877
19.459318	91271.822
19.465701	91399.182
19.472083	91518.939
19.478466	91585.060
19.484849	91516.484
19.491232	91257.494
19.497615	90741.058
19.503997	90382.104
19.510380	90060.917
19.516763	89776.969
19.523146	89635.872
19.529529	89442.320
19.535912	89348.101
19.542294	89315.700
19.548677	89450.887
19.555060	89535.096
19.561443	89581.839
19.567826	89786.252
19.574208	89962.882
19.580591	89977.386
19.586974	90098.700
19.593357	90265.633
19.599740	90252.262
19.606123	90210.497
19.612505	90193.663
19.618888	90215.680
19.625271	90234.104
19.631654	90415.765
19.638037	90534.100
19.644419	90692.740
19.650802	90874.755
19.657185	90861.270
19.663568	90796.401
19.669951	90728.606
19.676334	90682.364
19.682716	90858.133
19.689099	90976.443
19.695482	91100.239
19.701865	91384.723
19.708248	91532.504
19.714630	91517.961
19.721013	91574.668
19.727396	91556.431
19.733779	91351.039
19.740162	91100.313
19.746545	91083.531
19.752927	91285.377
19.759310	91412.898
19.765693	91580.328
19.772076	91665.993
19.778459	91517.457
19.784841	91255.444
19.791224	90938.555
19.797607	90741.855
19.803990	90383.193
19.810373	90164.413
19.816756	90165.309
19.823138	90234.516
19.829521	90313.705
19.835904	90485.540
19.842287	90634.484
19.848670	90668.804
19.855052	90813.971
19.861435	91277.495
19.867818	91748.970
19.874201	92008.435
19.880584	92247.826
19.886967	92354.774
19.893349	92281.061
19.899732	92021.379
19.906115	91815.223
19.912498	91707.346
19.918881	91732.270
19.925263	91741.275
19.931646	91747.361
19.938029	91935.854
19.944412	91973.250
19.950795	91740.208
19.957178	91422.737
19.963560	90929.273
19.969943	90608.195
19.976326	90275.137
19.982709	89955.441
19.989092	89921.071
19.995474	89870.166
20.001857	89796.618
20.008240	89873.698
20.014623	89883.051
20.021006	89844.959
20.027389	89942.398
20.033771	90035.937
20.040154	90050.557
20.046537	90129.524
20.052920	90103.417
20.059303	90170.195
20.065685	90126.762
20.072068	90208.575
20.078451	90223.348
20.084834	90206.804
20.091217	90324.978
20.097600	90524.499
20.103982	90712.661
20.110365	90721.382
20.116748	90589.823
20.123131	90562.772
20.129514	90633.606
20.135896	90580.373
20.142279	90539.104
20.148662	90719.353
20.155045	90868.102
20.161428	91043.604
20.167811	91083.282
20.174193	91103.278
20.180576	91230.838
20.186959	91162.263
20.193342	91068.038
20.199725	91051.782
20.206108	91045.004
20.212490	91083.997
20.218873	91244.745
20.225256	91254.971
20.231639	91213.063
20.238022	91142.697
20.244404	91107.040
20.250787	91114.600
20.257170	90952.643
20.263553	90938.593
20.269936	91000.497
20.276319	91044.425
20.282701	91018.073
20.289084	91033.000
20.295467	91021.297
20.301850	91017.413
20.308233	91194.137
20.314615	91196.539
20.320998	91276.215
20.327381	91437.593
20.333764	91618.752
20.340147	91740.611
20.346530	91710.603
20.352912	91457.504
20.359295	91400.018
20.365678	91516.072
20.372061	91487.142
20.378444	91669.126
20.384826	91848.267
20.391209	91969.583
20.397592	91871.812
20.403975	91763.564
20.410358	91552.615
20.416741	91079.772
20.423123	90848.122
20.429506	90660.482
20.435889	90316.928
20.442272	90274.474
20.448655	90280.968
20.455037	90182.503
20.461420	90121.975
20.467803	90186.172
20.474186	90264.570
20.480569	90480.159
20.486952	90479.616
20.493334	90404.857
20.499717	90547.635
20.506100	90626.323
20.512483	90729.907
20.518866	90846.449
20.525248	90933.112
20.531631	91223.994
20.538014	91473.264
20.544397	91732.669
20.550780	92063.096
20.557163	92344.790
20.563545	92453.892
20.569928	92421.145
20.576311	92141.588
20.582694	91837.631
20.589077	91899.356
20.595459	91910.817
20.601842	91852.068
20.608225	91984.643
20.614608	91999.962
20.620991	91971.952
20.627374	91957.023
20.633756	91585.923
20.640139	91422.153
20.646522	91286.922
20.652905	91046.218
20.659288	90971.003
20.665670	90917.602
20.672053	90827.133
20.678436	90772.879
20.684819	90826.169
20.691202	90789.109
20.697585	90621.924
20.703967	90518.981
20.710350	90532.909
20.716733	90568.626
20.723116	90562.690
20.729499	90538.278
20.735881	90522.180
20.742264	90731.410
20.748647	91017.159
20.755030	91322.680
20.761413	91737.750
20.767796	92108.586
20.774178	92337.224
20.780561	92519.837
20.786944	92628.915
20.793327	92590.178
20.799710	92255.751
20.806092	91876.392
20.812475	91627.965
20.818858	91380.476
20.825241	91336.149
20.831624	91288.444
20.838007	91237.379
20.844389	91235.606
20.850772	91091.955
20.857155	91103.144
20.863538	90964.196
20.869921	90695.096
20.876303	90533.683
20.882686	90539.561
20.889069	90475.293
20.895452	90395.012
20.901835	90502.720
20.908218	90564.612
20.914600	90635.863
20.920983	90716.667
20.927366	90842.591
20.933749	90754.226
20.940132	90653.767
20.946514	90696.777
20.952897	90716.385
20.959280	90741.143
20.965663	90856.539
20.972046	90770.757
20.978429	90751.069
20.984811	91058.698
20.991194	91167.237
20.997577	91099.542
21.003960	91149.380
21.010343	91411.143
21.016725	91463.021
21.023108	91598.245
21.029491	91986.753
21.035874	92276.444
21.042257	92542.057
21.048640	92809.710
21.055022	93025.275
21.061405	93048.681
21.067788	92884.014
21.074171	92608.269
21.080554	92331.334
21.086936	92161.780
21.093319	92042.304
21.099702	91879.564
21.106085	91848.868
21.112468	91814.623
21.118851	91789.271
21.125233	91750.972
21.131616	91626.149
21.137999	91537.041
21.144382	91360.541
21.150765	91318.621
21.157147	91473.040
21.163530	91538.927
21.169913	91506.580
21.176296	91522.308
21.182679	91512.682
21.189062	91572.682
21.195444	91737.139
21.201827	91770.026
21.208210	91949.729
21.214593	92062.708
21.220976	92066.625
21.227358	91972.273
21.233741	91974.419
21.240124	91887.031
21.246507	91720.035
21.252890	91868.796
21.259273	91971.469
21.265655	91959.831
21.272038	92086.813
21.278421	92195.068
21.284804	92063.479
21.291187	91839.779
21.297569	91620.843
21.303952	91250.622
21.310335	91066.166
21.316718	91057.478
21.323101	91232.476
21.329484	91294.990
21.335866	91241.021
21.342249	91225.155
21.348632	91297.758
21.355015	91474.387
21.361398	91660.630
21.367780	91924.722
21.374163	92076.055
21.380546	91989.063
21.386929	91795.619
21.393312	91882.520
21.399695	91962.436
21.406077	91977.452
21.412460	92224.504
21.418843	92284.382
21.425226	92325.805
21.431609	92346.962
21.437991	92297.587
21.444374	92211.164
21.450757	92245.924
21.457140	92031.252
21.463523	91966.477
21.469906	92064.919
21.476288	91906.109
21.482671	91758.009
21.489054	91845.746
21.495437	91963.600
21.501820	91888.990
21.508202	91922.710
21.514585	91925.468
21.520968	91969.291
21.527351	91894.430
21.533734	91998.630
21.540117	92089.804
21.546499	92022.986
21.552882	91998.610
21.559265	91948.853
21.565648	91859.963
21.572031	91762.642
21.578413	91823.123
21.584796	91786.425
21.591179	91702.146
21.597562	91709.342
21.603945	91775.090
21.610328	91765.630
21.616710	91832.978
21.623093	91959.736
21.629476	92039.753
21.635859	92046.440
21.642242	92054.289
21.648624	92107.347
21.655007	92310.114
21.661390	92377.423
21.667773	92420.914
21.674156	92590.775
21.680539	92788.519
21.686921	93051.710
21.693304	93335.156
21.699687	93300.279
21.706070	93071.985
21.712453	92810.882
21.718835	92595.907
21.725218	92107.359
21.731601	91843.155
21.737984	91805.114
21.744367	91745.357
21.750750	91472.698
21.757132	91640.890
21.763515	91553.211
21.769898	91463.874
21.776281	91574.901
21.782664	91594.187
21.789046	91673.795
21.795429	91678.054
21.801812	91821.709
21.808195	91777.743
21.814578	91937.749
21.820961	92183.133
21.827343	92283.957
21.833726	92605.976
21.840109	92982.886
21.846492	93129.579
21.852875	93130.872
21.859257	93188.452
21.865640	93177.841
21.872023	92881.419
21.878406	92584.972
21.884789	92433.184
21.891172	92338.992
21.897554	92413.540
21.903937	92383.402
21.910320	92226.986
21.916703	92160.490
21.923086	92139.430
21.929468	92205.762
21.935851	92249.568
21.942234	92314.912
21.948617	92301.143
21.955000	92363.858
21.961383	92289.359
21.967765	92307.590
21.974148	92170.415
21.980531	92189.425
21.986914	92165.157
21.993297	92185.005
21.999679	92248.720
22.006062	92113.291
22.012445	92197.891
22.018828	92359.319
22.025211	92327.373
22.031594	92296.589
22.037976	92210.761
22.044359	92315.526
22.050742	92452.355
22.057125	92480.798
22.063508	92467.558
22.069890	92428.524
22.076273	92353.600
22.082656	92477.190
22.089039	92451.446
22.095422	92306.566
22.101805	92319.200
22.108187	92453.419
22.114570	92433.366
22.120953	92500.294
22.127336	92478.277
22.133719	92189.378
22.140101	92202.087
22.146484	92162.038
22.152867	92006.619
22.159250	91984.713
22.165633	92010.751
22.172016	92139.127
22.178398	92080.168
22.184781	92125.415
22.191164	92277.893
22.197547	92468.778
22.203930	92438.416
22.210312	92549.299
22.216695	92659.155
22.223078	92623.877
22.229461	92575.289
22.235844	92607.823
22.242227	92657.445
22.248609	92704.106
22.254992	92643.578
22.261375	92569.655
22.267758	92502.789
22.274141	92586.069
22.280523	92611.611
22.286906	92553.613
22.293289	92625.361
22.299672	92753.277
22.306055	92703.419
22.312438	92735.274
22.318820	92801.543
22.325203	92916.644
22.331586	92944.393
22.337969	92963.446
22.344352	92671.714
22.350734	92483.470
22.357117	92628.379
22.363500	92672.749
22.369883	92571.798
22.376266	92646.650
22.382649	92582.612
22.389031	92536.451
22.395414	92392.960
22.401797	92336.120
22.408180	92246.953
22.414563	92212.717
22.420945	92322.964
22.427328	92312.433
22.433711	92250.323
22.440094	92405.820
22.446477	92589.027
22.452860	92841.282
22.459242	93044.081
22.465625	93088.560
22.472008	93086.116
22.478391	93023.420
22.484774	93170.587
22.491156	93071.613
22.497539	93025.071
22.503922	93138.413
22.510305	93086.533
22.516688	93081.279
22.523071	93251.654
22.529453	93105.440
22.535836	92993.878
22.542219	92977.464
22.548602	92875.714
22.554985	92780.919
22.561367	92614.895
22.567750	92625.294
22.574133	92729.127
22.580516	92684.371
22.586899	92568.573
22.593282	92487.230
22.599664	92587.049
22.606047	92687.434
22.612430	92652.377
22.618813	92674.520
22.625196	92785.894
22.631578	92913.625
22.637961	92966.569
22.644344	93084.747
22.650727	93083.262
22.657110	93207.743
22.663493	93420.637
22.669875	93438.180
22.676258	93574.994
22.682641	93599.500
22.689024	93428.266
22.695407	93348.278
22.701789	93318.564
22.708172	93199.311
22.714555	93126.271
22.720938	93297.133
22.727321	93248.957
22.733704	93205.880
22.740086	93178.427
22.746469	93187.166
22.752852	93328.621
22.759235	93320.298
22.765618	93443.305
22.772000	93486.328
22.778383	93357.993
22.784766	93395.204
22.791149	93142.545
22.797532	93172.402
22.803915	93095.991
22.810297	93144.434
22.816680	93278.229
22.823063	93439.942
22.829446	93291.186
22.835829	93130.129
22.842211	93227.142
22.848594	93407.304
22.854977	93551.444
22.861360	93559.527
22.867743	93530.563
22.874126	93762.846
22.880508	93757.373
22.886891	93674.891
22.893274	93743.164
22.899657	93637.542
22.906040	93821.761
22.912422	93975.827
22.918805	94132.096
22.925188	94270.083
22.931571	94164.300
22.937954	94135.550
22.944337	93945.537
22.950719	93713.340
22.957102	93473.249
22.963485	93324.569
22.969868	93225.989
22.976251	92981.663
22.982633	92933.333
22.989016	92991.189
22.995399	93174.945
23.001782	93213.680
23.008165	93159.194
23.014548	93468.457
23.020930	93460.789
23.027313	93341.988
23.033696	93546.863
23.040079	93634.568
23.046462	93769.504
23.052844	93599.802
23.059227	93610.868
23.065610	93928.038
23.071993	93957.640
23.078376	93964.394
23.084759	94028.202
23.091141	93980.593
23.097524	94067.801
23.103907	94148.700
23.110290	94156.258
23.116673	94206.646
23.123055	94171.928
23.129438	94276.754
23.135821	94254.534
23.142204	94231.797
23.148587	94270.063
23.154970	93882.962
23.161352	93603.506
23.167735	93768.693
23.174118	93841.020
23.180501	93805.621
23.186884	93662.144
23.193266	93740.809
23.199649	93750.006
23.206032	93751.690
23.212415	93685.868
23.218798	93787.863
23.225181	93778.809
23.231563	93882.851
23.237946	93857.710
23.244329	93943.433
23.250712	93978.982
23.257095	93940.591
23.263477	93998.101
23.269860	94064.594
23.276243	94033.136
23.282626	94118.010
23.289009	94132.563
23.295392	94076.018
23.301774	93884.231
23.308157	93834.926
23.314540	93946.830
23.320923	94038.416
23.327306	94065.107
23.333688	93855.539
23.340071	93912.047
23.346454	93784.492
23.352837	93708.145
23.359220	93712.326
23.365603	93794.207
23.371985	93673.830
23.378368	93606.049
23.384751	93728.508
23.391134	93842.139
23.397517	93698.624
23.403900	93657.835
23.410282	93705.789
23.416665	93664.900
23.423048	93740.555
23.429431	93721.681
23.435814	93750.075
23.442196	93977.416
23.448579	93969.916
23.454962	94127.294
23.461345	94224.454
23.467728	94131.368
23.474111	94121.829
23.480493	94449.712
23.486876	94523.263
23.493259	94386.427
23.499642	94343.902
23.506025	94423.961
23.512407	94479.738
23.518790	94345.464
23.525173	94433.910
23.531556	94394.309
23.537939	94288.535
23.544322	94307.457
23.550704	94374.172
23.557087	94405.266
23.563470	94236.890
23.569853	94474.179
23.576236	94267.207
23.582618	94307.164
23.589001	94312.071
23.595384	94304.143
23.601767	94295.226
23.608150	94120.325
23.614533	94241.297
23.620915	94283.671
23.627298	94243.817
23.633681	94423.518
23.640064	94397.227
23.646447	94599.361
23.652829	94813.455
23.659212	94911.582
23.665595	94662.469
23.671978	94658.483
23.678361	94683.890
23.684744	94537.207
23.691126	94508.850
23.697509	94626.752
23.703892	94721.296
23.710275	94823.082
23.716658	94882.671
23.723040	94707.643
23.729423	94542.962
23.735806	94436.098
23.742189	94378.770
23.748572	94480.645
23.754955	94474.975
23.761337	94543.358
23.767720	94371.528
23.774103	94349.001
23.780486	94474.654
23.786869	94758.787
23.793251	94601.646
23.799634	94645.739
23.806017	94746.836
23.812400	94814.774
23.818783	94800.913
23.825166	94705.615
23.831548	94682.160
23.837931	94659.959
23.844314	94836.716
23.850697	94767.192
23.857080	94768.208
23.863462	94769.592
23.869845	94838.663
23.876228	94933.117
23.882611	94786.729
23.888994	94906.423
23.895377	94728.761
23.901759	94762.384
23.908142	94838.837
23.914525	94678.374
23.920908	94855.116
23.927291	94808.351
23.933673	95062.489
23.940056	95082.798
23.946439	95068.481
23.952822	95054.817
23.959205	94865.163
23.965588	95079.183
23.971970	94873.860
23.978353	94638.908
23.984736	94637.126
23.991119	94612.622
23.997502	94648.107
24.003884	94755.847
24.010267	94722.705
24.016650	94644.165
24.023033	94630.998
24.029416	94754.914
24.035799	94886.447
24.042181	94969.309
24.048564	94957.012
24.054947	94778.948
24.061330	95014.157
24.067713	95060.953
24.074095	94978.347
24.080478	94905.371
24.086861	94996.275
24.093244	95010.151
24.099627	95227.585
24.106010	95020.724
24.112392	95051.074
24.118775	94950.144
24.125158	94786.802
24.131541	94661.933
24.137924	94867.068
24.144306	94790.788
24.150689	94870.084
24.157072	94831.730
24.163455	94893.840
24.169838	94879.694
24.176221	94705.602
24.182603	94663.207
24.188986	94719.239
24.195369	94846.838
24.201752	94983.803
24.208135	95082.824
24.214517	95282.506
24.220900	95379.646
24.227283	95352.123
24.233666	95310.518
24.240049	95276.474
24.246432	95470.778
24.252814	95299.759
24.259197	95305.351
24.265580	95225.152
24.271963	95085.956
24.278346	94968.786
24.284728	94988.604
24.291111	94841.110
24.297494	94862.415
24.303877	95087.850
24.310260	95029.969
24.316643	95210.266
24.323025	95170.595
24.329408	95075.288
24.335791	95118.765
24.342174	95329.270
24.348557	95155.954
24.354939	95148.105
24.361322	95128.772
24.367705	95143.660
24.374088	95007.102
24.380471	95169.138
24.386854	95239.867
24.393236	95310.252
24.399619	95505.322
24.406002	95393.346
24.412385	95499.578
24.418768	95603.097
24.425150	95580.877
24.431533	95576.427
24.437916	95576.634
24.444299	95425.887
24.450682	95457.675
24.457065	95288.439
24.463447	95304.836
24.469830	95230.091
24.476213	95110.925
24.482596	95192.627
24.488979	95098.316
24.495361	95126.644
24.501744	95025.803
24.508127	94764.354
24.514510	94913.185
24.520893	95017.903
24.527276	94996.686
24.533658	94996.747
24.540041	95328.745
24.546424	95463.294
24.552807	95378.474
24.559190	95287.212
24.565572	95076.105
24.571955	95308.281
24.578338	95435.016
24.584721	95239.490
24.591104	95349.067
24.597487	95408.749
24.603869	95386.536
24.610252	95349.945
24.616635	95373.899
24.623018	95358.711
24.629401	95427.682
24.635783	95541.791
24.642166	95421.031
24.648549	95745.601
24.654932	95786.965
24.661315	95646.982
24.667698	95634.559
24.674080	95599.097
24.680463	95503.850
24.686846	95436.434
24.693229	95591.101
24.699612	95651.489
24.705994	95608.014
24.712377	95506.844
24.718760	95679.008
24.725143	95497.190
24.731526	95415.889
24.737909	95252.056
24.744291	95466.361
24.750674	95502.205
24.757057	95460.221
24.763440	95454.011
24.769823	95684.236
24.776205	95747.749
24.782588	95702.992
24.788971	95905.082
24.795354	95823.439
24.801737	96028.504
24.808120	96006.658
24.814502	95786.648
24.820885	95821.857
24.827268	95931.147
24.833651	95968.977
24.840034	95969.663
24.846416	95838.102
24.852799	95621.011
24.859182	95632.059
24.865565	95552.692
24.871948	95446.640
24.878331	95412.143
24.884713	95375.111
24.891096	95616.716
24.897479	95525.416
24.903862	95703.571
24.910245	95641.900
24.916627	95495.295
24.923010	95574.363
24.929393	95991.527
24.935776	95786.682
24.942159	95753.394
24.948542	95664.143
24.954924	95763.582
24.961307	95646.072
24.967690	95828.388
24.974073	96091.232
24.980456	95909.986
24.986838	95810.061
24.993221	95896.749
24.999604	95972.512
25.005987	95885.455
25.012370	96094.456
25.018753	96050.211
25.025135	96099.052
25.031518	96052.519
25.037901	95733.291
25.044284	96010.104
25.050667	96216.660
25.057049	96052.090
25.063432	95847.381
25.069815	95814.045
25.076198	95992.511
25.082581	96152.665
25.088964	96008.851
25.095346	96035.445
25.101729	95975.299
25.108112	96107.645
25.114495	95895.339
25.120878	95952.005
25.127260	96036.263
25.133643	96134.722
25.140026	96232.137
25.146409	96023.096
25.152792	96047.115
25.159175	96229.395
25.165557	96204.228
25.171940	96075.185
25.178323	96241.851
25.184706	96294.151
25.191089	96069.748
25.197471	96084.796
25.203854	96379.484
25.210237	96289.383
25.216620	96390.966
25.223003	96240.235
25.229386	96272.553
25.235768	96088.930
25.242151	95966.298
25.248534	95974.048
25.254917	96197.941
25.261300	96025.249
25.267682	95975.634
25.274065	96391.110
25.280448	96343.709
25.286831	96105.154
25.293214	96157.852
25.299597	96440.089
25.305979	96379.356
25.312362	96422.972
25.318745	96435.677
25.325128	96430.568
25.331511	96419.592
25.337893	96448.024
25.344276	96653.493
25.350659	96797.401
25.357042	96657.590
25.363425	96182.133
25.369808	96207.350
25.376190	96360.860
25.382573	96372.078
25.388956	96545.653
25.395339	96700.803
25.401722	96648.535
25.408104	96467.886
25.414487	96392.806
25.420870	96435.597
25.427253	96368.918
25.433636	96412.267
25.440019	96418.622
25.446401	96226.534
25.452784	96208.994
25.459167	96232.681
25.465550	96407.692
25.471933	96385.387
25.478315	96628.079
25.484698	96268.717
25.491081	96499.018
25.497464	96539.869
25.503847	96630.533
25.510230	96759.077
25.516612	96761.470
25.522995	96499.484
25.529378	96678.891
25.535761	96674.486
25.542144	96783.551
25.548526	96705.618
25.554909	96616.983
25.561292	96652.795
25.567675	96621.142
25.574058	96632.380
25.580441	96726.651
25.586823	96489.402
25.593206	96368.694
25.599589	96385.447
25.605972	96528.077
25.612355	96694.750
25.618737	96669.588
25.625120	96473.810
25.631503	96715.789
25.637886	96667.548
25.644269	96781.529
25.650652	96670.725
25.657034	96489.268
25.663417	96611.078
25.669800	96642.982
25.676183	96434.377
25.682566	96646.523
25.688948	96742.506
25.695331	96472.427
25.701714	96425.618
25.708097	96844.106
25.714480	96764.917
25.720863	96729.680
25.727245	97066.781
25.733628	97178.176
25.740011	96789.990
25.746394	96837.044
25.752777	96938.712
25.759159	96942.883
25.765542	96762.323
25.771925	96655.657
25.778308	96687.731
25.784691	96726.823
25.791074	96795.825
25.797456	96840.041
25.803839	96659.795
25.810222	96672.609
25.816605	96947.956
25.822988	96975.096
25.829370	97038.528
25.835753	96870.462
25.842136	96915.274
25.848519	96668.224
25.854902	96787.416
25.861285	96939.914
25.867667	96963.192
25.874050	97162.814
25.880433	97022.665
25.886816	97255.380
25.893199	97253.432
25.899581	97165.490
25.905964	97114.560
25.912347	97105.553
25.918730	97293.681
25.925113	96954.070
25.931496	97011.469
25.937878	96925.587
25.944261	96933.619
25.950644	97097.905
25.957027	96886.351
25.963410	97091.131
25.969792	97000.936
25.976175	96979.332
25.982558	96902.554
25.988941	96944.296
25.995324	97160.338
26.001707	97228.834
26.008089	97291.196
26.014472	97203.444
26.020855	97313.057
26.027238	97265.403
26.033621	97319.932
26.040003	97448.810
26.046386	97351.756
26.052769	97047.440
26.059152	97369.608
26.065535	97075.643
26.071918	96988.668
26.078300	97391.946
26.084683	97438.428
26.091066	97476.963
26.097449	97598.287
26.103832	97113.996
26.110214	97272.306
26.116597	97273.799
26.122980	97389.562
26.129363	97584.264
26.135746	97604.063
26.142129	97409.681
26.148511	97381.617
26.154894	97457.605
26.161277	97270.074
26.167660	97094.476
26.174043	97306.536
26.180425	97397.655
26.186808	97433.562
26.193191	97461.192
26.199574	97535.024
26.205957	97540.644
26.212340	97578.975
26.218722	97620.694
26.225105	97262.292
26.231488	97297.627
26.237871	97361.286
26.244254	97456.198
26.250636	97549.316
26.257019	97536.933
26.263402	97555.654
26.269785	97505.581
26.276168	97332.705
26.282551	97597.305
26.288933	97686.599
26.295316	97386.366
26.301699	97413.537
26.308082	97420.305
26.314465	97259.848
26.320847	97425.609
26.327230	97304.125
26.333613	97628.024
26.339996	97508.926
26.346379	97520.167
26.352762	97641.127
26.359144	97573.794
26.365527	97639.556
26.371910	97756.079
26.378293	97632.677
26.384676	97593.063
26.391058	97692.890
26.397441	97605.172
26.403824	97953.621
26.410207	97851.180
26.416590	97973.827
26.422973	97874.127
26.429355	97791.013
26.435738	97932.443
26.442121	97962.367
26.448504	97925.498
26.454887	97930.749
26.461269	97872.592
26.467652	97884.778
26.474035	97885.315
26.480418	97744.059
26.486801	97648.320
26.493184	98086.731
26.499566	97831.585
26.505949	97761.667
26.512332	97809.519
26.518715	97753.885
26.525098	97589.378
26.531480	97800.508
26.537863	97853.009
26.544246	97725.603
26.550629	97851.887
26.557012	97805.476
26.563395	98031.927
26.569777	98248.186
26.576160	98085.699
26.582543	97688.834
26.588926	97823.525
26.595309	97738.787
26.601692	97905.179
26.608074	97852.838
26.614457	98016.344
26.620840	97875.459
26.627223	97656.540
26.633606	97721.335
26.639988	97428.607
26.646371	97475.678
26.652754	97877.016
26.659137	97975.986
26.665520	97875.428
26.671903	97847.154
26.678285	97823.484
26.684668	97981.949
26.691051	98222.581
26.697434	97945.084
26.703817	97824.743
26.710199	97883.511
26.716582	97964.812
26.722965	98092.856
26.729348	97972.834
26.735731	98015.551
26.742114	98158.096
26.748496	98119.254
26.754879	98323.518
26.761262	98411.935
26.767645	98148.930
26.774028	98296.771
26.780410	98033.373
26.786793	98068.070
26.793176	97984.472
26.799559	98207.219
26.805942	98318.135
26.812325	98291.348
26.818707	98276.600
26.825090	98398.393
26.831473	98363.584
26.837856	98228.472
26.844239	97943.863
26.850621	98145.823
26.857004	97911.254
26.863387	98259.955
26.869770	98194.899
26.876153	98122.301
26.882536	98229.244
26.888918	98354.541
26.895301	98400.094
26.901684	98480.590
26.908067	98476.368
26.914450	98684.328
26.920832	98649.767
26.927215	98520.929
26.933598	98749.248
26.939981	98805.294
26.946364	98488.719
26.952747	98476.493
26.959129	98854.837
26.965512	98658.304
26.971895	98677.380
26.978278	98620.804
26.984661	98581.409
26.991043	98909.388
26.997426	98338.512
27.003809	98623.442
27.010192	98609.572
27.016575	98702.541
27.022958	98599.582
27.029340	98361.493
27.035723	98393.710
27.042106	98725.880
27.048489	98588.582
27.054872	98748.628
27.061254	99066.723
27.067637	98619.277
27.074020	98930.608
27.080403	98776.872
27.086786	98613.393
27.093169	98635.420
27.099551	98957.636
27.105934	98869.261
27.112317	98972.939
27.118700	98639.641
27.125083	98472.204
27.131465	98990.984
27.137848	98669.866
27.144231	98981.866
27.150614	99075.425
27.156997	98727.296
27.163380	98897.808
27.169762	99235.429
27.176145	98714.371
27.182528	99153.196
27.188911	99145.078
27.195294	98903.707
27.201676	98956.889
27.208059	98657.286
27.214442	98847.986
27.220825	98991.253
27.227208	99078.700
27.233591	98901.864
27.239973	98865.989
27.246356	98911.030
27.252739	98958.039
27.259122	99062.288
27.265505	98840.787
27.271887	98901.131
27.278270	99278.667
27.284653	99224.731
27.291036	99272.460
27.297419	99501.257
27.303802	99101.970
27.310184	98705.537
27.316567	98844.130
27.322950	99348.644
27.329333	99017.914
27.335716	99257.597
27.342098	98866.764
27.348481	99224.563
27.354864	99066.959
27.361247	99163.793
27.367630	99410.009
27.374013	99211.873
27.380395	99475.339
27.386778	99319.877
27.393161	99299.068
27.399544	99106.231
27.405927	99253.646
27.412309	99512.587
27.418692	99652.771
27.425075	99468.716
27.431458	99343.525
27.437841	99486.148
27.444224	99281.578
27.450606	99145.202
27.456989	99339.019
27.463372	99452.359
27.469755	99215.327
27.476138	99502.145
27.482520	99421.940
27.488903	99587.519
27.495286	99377.816
27.501669	99093.596
27.508052	99371.982
27.514435	99409.066
27.520817	99521.937
27.527200	99172.140
27.533583	99036.604
27.539966	99238.222
27.546349	99376.511
27.552731	99417.435
27.559114	99614.580
27.565497	99621.839
27.571880	99706.377
27.578263	99724.338
27.584646	99728.425
27.591028	99738.488
27.597411	99375.792
27.603794	99522.266
27.610177	99576.828
27.616560	99719.781
27.622942	99534.465
27.629325	99573.760
27.635708	99518.467
27.642091	99609.729
27.648474	99519.156
27.654857	99597.135
27.661239	99520.065
27.667622	99395.296
27.674005	99636.008
27.680388	99574.467
27.686771	99886.241
27.693153	99829.495
27.699536	99819.309
27.705919	99661.241
27.712302	99609.918
27.718685	99393.709
27.725068	99575.263
27.731450	99793.783
27.737833	99835.305
27.744216	99817.771
27.750599	99598.587
27.756982	0.0000000
27.763364	0.0000000
27.769747	0.0000000
27.776130	0.0000000
27.782513	0.0000000
27.788896	0.0000000
27.795279	0.0000000
27.801661	0.0000000
27.808044	0.0000000
27.814427	0.0000000
27.820810	0.0000000
27.827193	0.0000000
27.833575	0.0000000
27.839958	0.0000000
27.846341	0.0000000
27.852724	0.0000000
27.859107	0.0000000
27.865490	0.0000000
27.871872	0.0000000
27.878255	0.0000000
27.884638	0.0000000
27.891021	0.0000000
27.897404	0.0000000
27.903786	0.0000000
27.910169	0.0000000
27.916552	0.0000000
27.922935	0.0000000
27.929318	0.0000000
27.935701	0.0000000
27.942083	0.0000000
27.948466	0.0000000
27.954849	0.0000000
27.961232	0.0000000
27.967615	0.0000000
27.973997	0.0000000
27.980380	0.0000000
27.986763	0.0000000
27.993146	0.0000000
27.999529	0.0000000
28.005912	0.0000000
28.012294	0.0000000
28.018677	0.0000000
28.025060	0.0000000
28.031443	0.0000000
28.037826	0.0000000
28.044208	0.0000000
28.050591	0.0000000
28.056974	0.0000000
28.063357	0.0000000
28.069740	0.0000000
28.076123	0.0000000
28.082505	0.0000000
28.088888	0.0000000
28.095271	0.0000000
28.101654	0.0000000
28.108037	0.0000000
28.114419	0.0000000
28.120802	0.0000000
28.127185	0.0000000
28.133568	0.0000000
28.139951	0.0000000
28.146334	0.0000000
28.152716	0.0000000
28.159099	0.0000000
28.165482	0.0000000
28.171865	0.0000000
28.178248	0.0000000
28.184630	0.0000000
28.191013	0.0000000
28.197396	0.0000000
28.203779	0.0000000
28.210162	0.0000000
28.216545	0.0000000
28.222927	0.0000000
28.229310	0.0000000
28.235693	0.0000000
28.242076	0.0000000
28.248459	0.0000000
28.254841	0.0000000
28.261224	0.0000000
28.267607	0.0000000
28.273990	0.0000000
28.280373	0.0000000
28.286756	0.0000000
28.293138	0.0000000
28.299521	0.0000000
28.305904	0.0000000
28.312287	0.0000000
28.318670	0.0000000
28.325052	0.0000000
28.331435	0.0000000
28.337818	0.0000000
28.344201	0.0000000
28.350584	0.0000000
28.356967	0.0000000
28.363349	0.0000000
28.369732	0.0000000
28.376115	0.0000000
28.382498	0.0000000
28.388881	0.0000000
28.395263	0.0000000
28.401646	0.0000000
28.408029	0.0000000
28.414412	0.0000000
28.420795	0.0000000
28.427178	0.0000000
28.433560	0.0000000
28.439943	0.0000000
28.446326	0.0000000
28.452709	0.0000000
28.459092	0.0000000
28.465474	0.0000000
28.471857	0.0000000
28.478240	0.0000000
28.484623	0.0000000
28.491006	0.0000000
28.497389	0.0000000
28.503771	0.0000000
28.510154	0.0000000
28.516537	0.0000000
28.522920	0.0000000
28.529303	0.0000000
28.535685	0.0000000
28.542068	0.0000000
28.548451	0.0000000
28.554834	0.0000000
28.561217	0.0000000
28.567600	0.0000000
28.573982	0.0000000
28.580365	0.0000000
28.586748	0.0000000
28.593131	0.0000000
28.599514	0.0000000
28.605896	0.0000000
28.612279	0.0000000
28.618662	0.0000000
28.625045	0.0000000
28.631428	0.0000000
28.637811	0.0000000
28.644193	0.0000000
28.650576	0.0000000
28.656959	0.0000000
28.663342	0.0000000
28.669725	0.0000000
28.676107	0.0000000
28.682490	0.0000000
28.688873	0.0000000
28.695256	0.0000000
28.701639	0.0000000
28.708022	0.0000000
28.714404	0.0000000
28.720787	0.0000000
28.727170	0.0000000
28.733553	0.0000000
28.739936	0.0000000
28.746318	0.0000000
28.752701	0.0000000
28.759084	0.0000000
28.765467	0.0000000
28.771850	0.0000000
28.778233	0.0000000
28.784615	0.0000000
28.790998	0.0000000
28.797381	0.0000000
28.803764	0.0000000
28.810147	0.0000000
28.816529	0.0000000
28.822912	0.0000000
28.829295	0.0000000
28.835678	0.0000000
28.842061	0.0000000
28.848444	0.0000000
28.854826	0.0000000
28.861209	0.0000000
28.867592	0.0000000
28.873975	0.0000000
28.880358	0.0000000
28.886740	0.0000000
28.893123	0.0000000
28.899506	0.0000000
28.905889	0.0000000
28.912272	0.0000000
28.918655	0.0000000
28.925037	0.0000000
28.931420	0.0000000
28.937803	0.0000000
28.944186	0.0000000
28.950569	0.0000000
28.956951	0.0000000
28.963334	0.0000000
28.969717	0.0000000
28.976100	0.0000000
28.982483	0.0000000
28.988866	0.0000000
28.995248	0.0000000
29.001631	0.0000000
29.008014	0.0000000
29.014397	0.0000000
29.020780	0.0000000
29.027162	0.0000000
29.033545	0.0000000
29.039928	0.0000000
29.046311	0.0000000
29.052694	0.0000000
29.059077	0.0000000
29.065459	0.0000000
29.071842	0.0000000
29.078225	0.0000000
29.084608	0.0000000
29.090991	0.0000000
29.097373	0.0000000
29.103756	0.0000000
29.110139	0.0000000
29.116522	0.0000000
29.122905	0.0000000
29.129288	0.0000000
29.135670	0.0000000
29.142053	0.0000000
29.148436	0.0000000
29.154819	0.0000000
29.161202	0.0000000
29.167584	0.0000000
29.173967	0.0000000
29.180350	0.0000000
29.186733	0.0000000
29.193116	0.0000000
29.199499	0.0000000
29.205881	0.0000000
29.212264	0.0000000
29.218647	0.0000000
29.225030	0.0000000
29.231413	0.0000000
29.237795	0.0000000
29.244178	0.0000000
29.250561	0.0000000
29.256944	0.0000000
29.263327	0.0000000
29.269710	0.0000000
29.276092	0.0000000
29.282475	0.0000000
29.288858	0.0000000
29.295241	0.0000000
29.301624	0.0000000
29.308006	0.0000000
29.314389	0.0000000
29.320772	0.0000000
29.327155	0.0000000
29.333538	0.0000000
29.339921	0.0000000
29.346303	0.0000000
29.352686	0.0000000
29.359069	0.0000000
29.365452	0.0000000
29.371835	0.0000000
29.378217	0.0000000
29.384600	0.0000000
29.390983	0.0000000
29.397366	0.0000000
29.403749	0.0000000
29.410132	0.0000000
29.416514	0.0000000
29.422897	0.0000000
29.429280	0.0000000
29.435663	0.0000000
29.442046	0.0000000
29.448428	0.0000000
29.454811	0.0000000
29.461194	0.0000000
29.467577	0.0000000
29.473960	0.0000000
29.480343	0.0000000
29.486725	0.0000000
29.493108	0.0000000
29.499491	0.0000000
29.505874	0.0000000
29.512257	0.0000000
29.518639	0.0000000
29.525022	0.0000000
29.531405	0.0000000
29.537788	0.0000000
29.544171	0.0000000
29.550554	0.0000000
29.556936	0.0000000
29.563319	0.0000000
29.569702	0.0000000
29.576085	0.0000000
29.582468	0.0000000
29.588850	0.0000000
29.595233	0.0000000
29.601616	0.0000000
29.607999	0.0000000
29.614382	0.0000000
29.620765	0.0000000
29.627147	0.0000000
29.633530	0.0000000
29.639913	0.0000000
29.646296	0.0000000
29.652679	0.0000000
29.659061	0.0000000
29.665444	0.0000000
29.671827	0.0000000
29.678210	0.0000000
29.684593	0.0000000
29.690976	0.0000000
29.697358	0.0000000
29.703741	0.0000000
29.710124	0.0000000
29.716507	0.0000000
29.722890	0.0000000
29.729272	0.0000000
29.735655	0.0000000
29.742038	0.0000000
29.748421	0.0000000
29.754804	0.0000000
29.761187	0.0000000
29.767569	0.0000000
29.773952	0.0000000
29.780335	0.0000000
29.786718	0.0000000
29.793101	0.0000000
29.799484	0.0000000
29.805866	0.0000000
29.812249	0.0000000
29.818632	0.0000000
29.825015	0.0000000
29.831398	0.0000000
29.837780	0.0000000
29.844163	0.0000000
29.850546	0.0000000
29.856929	0.0000000
29.863312	0.0000000
29.869695	0.0000000
29.876077	0.0000000
29.882460	0.0000000
29.888843	0.0000000
29.895226	0.0000000
29.901609	0.0000000
29.907991	0.0000000
29.914374	0.0000000
29.920757	0.0000000
29.927140	0.0000000
29.933523	0.0000000
29.939906	0.0000000
29.946288	0.0000000
29.952671	0.0000000
29.959054	0.0000000
29.965437	0.0000000
29.971820	0.0000000
29.978202	0.0000000
29.984585	0.0000000
29.990968	0.0000000
29.997351	0.0000000
30.003734	0.0000000
30.010117	0.0000000
30.016499	0.0000000
30.022882	0.0000000
30.029265	0.0000000
30.035648	0.0000000
30.042031	0.0000000
30.048413	0.0000000
30.054796	0.0000000
30.061179	0.0000000
30.067562	0.0000000
30.073945	0.0000000
30.080328	0.0000000
30.086710	0.0000000
30.093093	0.0000000
30.099476	0.0000000
30.105859	0.0000000
30.112242	0.0000000
30.118624	0.0000000
30.125007	0.0000000
30.131390	0.0000000
30.137773	0.0000000
30.144156	0.0000000
30.150539	0.0000000
30.156921	0.0000000
30.163304	0.0000000
30.169687	0.0000000
30.176070	0.0000000
30.182453	0.0000000
30.188835	0.0000000
30.195218	0.0000000
30.201601	0.0000000
30.207984	0.0000000
30.214367	0.0000000
30.220750	0.0000000
30.227132	0.0000000
30.233515	0.0000000
30.239898	0.0000000
30.246281	0.0000000
30.252664	0.0000000
30.259046	0.0000000
30.265429	0.0000000
30.271812	0.0000000
30.278195	0.0000000
30.284578	0.0000000
30.290961	0.0000000
30.297343	0.0000000
30.303726	0.0000000
30.310109	0.0000000
30.316492	0.0000000
30.322875	0.0000000
30.329257	0.0000000
30.335640	0.0000000
30.342023	0.0000000
30.348406	0.0000000
30.354789	0.0000000
30.361172	0.0000000
30.367554	0.0000000
30.373937	0.0000000
30.380320	0.0000000
30.386703	0.0000000
30.393086	0.0000000
30.399468	0.0000000
30.405851	0.0000000
30.412234	0.0000000
30.418617	0.0000000
30.425000	0.0000000
30.431383	0.0000000
30.437765	0.0000000
30.444148	0.0000000
30.450531	0.0000000
30.456914	0.0000000
30.463297	0.0000000
30.469679	0.0000000
30.476062	0.0000000
30.482445	0.0000000
30.488828	0.0000000
30.495211	0.0000000
30.501594	0.0000000
30.507976	0.0000000
30.514359	0.0000000
30.520742	0.0000000
30.527125	0.0000000
30.533508	0.0000000
30.539890	0.0000000
30.546273	0.0000000
30.552656	0.0000000
30.559039	0.0000000
30.565422	0.0000000
30.571805	0.0000000
30.578187	0.0000000
30.584570	0.0000000
30.590953	0.0000000
30.597336	0.0000000
30.603719	0.0000000
30.610101	0.0000000
30.616484	0.0000000
30.622867	0.0000000
30.629250	0.0000000
30.635633	0.0000000
30.642016	0.0000000
30.648398	0.0000000
30.654781	0.0000000
30.661164	0.0000000
30.667547	0.0000000
30.673930	0.0000000
30.680312	0.0000000
30.686695	0.0000000
30.693078	0.0000000
30.699461	0.0000000
30.705844	0.0000000
30.712227	0.0000000
30.718609	0.0000000
30.724992	0.0000000
30.731375	0.0000000
30.737758	0.0000000
30.744141	0.0000000
30.750523	0.0000000
30.756906	0.0000000
30.763289	0.0000000
30.769672	0.0000000
30.776055	0.0000000
30.782438	0.0000000
30.788820	0.0000000
30.795203	0.0000000
30.801586	0.0000000
30.807969	0.0000000
30.814352	0.0000000
30.820734	0.0000000
30.827117	0.0000000
30.833500	0.0000000
30.839883	0.0000000
30.846266	0.0000000
30.852649	0.0000000
30.859031	0.0000000
30.865414	0.0000000
30.871797	0.0000000
30.878180	0.0000000
30.884563	0.0000000
30.890945	0.0000000
30.897328	0.0000000
30.903711	0.0000000
30.910094	0.0000000
30.916477	0.0000000
30.922860	0.0000000
30.929242	0.0000000
30.935625	0.0000000
30.942008	0.0000000
30.948391	0.0000000
30.954774	0.0000000
30.961156	0.0000000
30.967539	0.0000000
30.973922	0.0000000
30.980305	0.0000000
30.986688	0.0000000
30.993071	0.0000000
30.999453	0.0000000
31.005836	0.0000000
31.012219	0.0000000
31.018602	0.0000000
31.024985	0.0000000
31.031367	0.0000000
31.037750	0.0000000
31.044133	0.0000000
31.050516	0.0000000
31.056899	0.0000000
31.063282	0.0000000
31.069664	0.0000000
31.076047	0.0000000
31.082430	0.0000000
31.088813	0.0000000
31.095196	0.0000000
31.101578	0.0000000
31.107961	0.0000000
31.114344	0.0000000
31.120727	0.0000000
31.127110	0.0000000
31.133493	0.0000000
31.139875	0.0000000
31.146258	0.0000000
31.152641	0.0000000
31.159024	0.0000000
31.165407	0.0000000
31.171789	0.0000000
31.178172	0.0000000
31.184555	0.0000000
31.190938	0.0000000
31.197321	0.0000000
31.203704	0.0000000
31.210086	0.0000000
31.216469	0.0000000
31.222852	0.0000000
31.229235	0.0000000
31.235618	0.0000000
31.242000	0.0000000
31.248383	0.0000000
31.254766	0.0000000
31.261149	0.0000000
31.267532	0.0000000
31.273915	0.0000000
31.280297	0.0000000
31.286680	0.0000000
31.293063	0.0000000
31.299446	0.0000000
31.305829	0.0000000
31.312211	0.0000000
31.318594	0.0000000
31.324977	0.0000000
31.331360	0.0000000
31.337743	0.0000000
31.344126	0.0000000
31.350508	0.0000000
31.356891	0.0000000
31.363274	0.0000000
31.369657	0.0000000
31.376040	0.0000000
31.382422	0.0000000
31.388805	0.0000000
31.395188	0.0000000
31.401571	0.0000000
31.407954	0.0000000
31.414337	0.0000000
31.420719	0.0000000
31.427102	0.0000000
31.433485	0.0000000
31.439868	0.0000000
31.446251	0.0000000
31.452633	0.0000000
31.459016	0.0000000
31.465399	0.0000000
31.471782	0.0000000
31.478165	0.0000000
31.484548	0.0000000
31.490930	0.0000000
31.497313	0.0000000
31.503696	0.0000000
31.510079	0.0000000
31.516462	0.0000000
31.522844	0.0000000
31.529227	0.0000000
31.535610	0.0000000
31.541993	0.0000000
31.548376	0.0000000
31.554759	0.0000000
31.561141	0.0000000
31.567524	0.0000000
31.573907	0.0000000
31.580290	0.0000000
31.586673	0.0000000
31.593055	0.0000000
31.599438	0.0000000
31.605821	0.0000000
31.612204	0.0000000
31.618587	0.0000000
31.624970	0.0000000
31.631352	0.0000000
31.637735	0.0000000
31.644118	0.0000000
31.650501	0.0000000
31.656884	0.0000000
31.663266	0.0000000
31.669649	0.0000000
31.676032	0.0000000
31.682415	0.0000000
31.688798	0.0000000
31.695181	0.0000000
31.701563	0.0000000
31.707946	0.0000000
31.714329	0.0000000
31.720712	0.0000000
31.727095	0.0000000
31.733477	0.0000000
31.739860	0.0000000
31.746243	0.0000000
31.752626	0.0000000
31.759009	0.0000000
31.765392	0.0000000
31.771774	0.0000000
31.778157	0.0000000
31.784540	0.0000000
31.790923	0.0000000
31.797306	0.0000000
31.803688	0.0000000
31.810071	0.0000000
31.816454	0.0000000
31.822837	0.0000000
31.829220	0.0000000
31.835603	0.0000000
31.841985	0.0000000
31.848368	0.0000000
31.854751	0.0000000
31.861134	0.0000000
31.867517	0.0000000
31.873899	0.0000000
31.880282	0.0000000
31.886665	0.0000000
31.893048	0.0000000
31.899431	0.0000000
31.905814	0.0000000
31.912196	0.0000000
31.918579	0.0000000
