1.087020099999999947e-02 0.000000000000000000e+00
1.725302000000000086e-02 0.000000000000000000e+00
2.363583799999999929e-02 0.000000000000000000e+00
3.001865600000000120e-02 0.000000000000000000e+00
3.640147500000000258e-02 0.000000000000000000e+00
4.278429300000000102e-02 0.000000000000000000e+00
4.916711099999999945e-02 0.000000000000000000e+00
5.554992999999999737e-02 0.000000000000000000e+00
6.193274800000000274e-02 0.000000000000000000e+00
6.831556599999999424e-02 0.000000000000000000e+00
7.469838500000000603e-02 0.000000000000000000e+00
8.108120300000000447e-02 0.000000000000000000e+00
8.746402200000000238e-02 0.000000000000000000e+00
9.384684000000000081e-02 0.000000000000000000e+00
1.002296599999999982e-01 0.000000000000000000e+00
1.066124799999999956e-01 0.000000000000000000e+00
1.129952899999999982e-01 0.000000000000000000e+00
1.193781099999999956e-01 0.000000000000000000e+00
1.257609299999999930e-01 0.000000000000000000e+00
1.321437500000000043e-01 0.000000000000000000e+00
1.385265699999999878e-01 0.000000000000000000e+00
1.449093899999999990e-01 0.000000000000000000e+00
1.512922100000000103e-01 0.000000000000000000e+00
1.576750199999999991e-01 0.000000000000000000e+00
1.640578400000000103e-01 0.000000000000000000e+00
1.704406599999999938e-01 0.000000000000000000e+00
1.768234800000000051e-01 1.692514555839633061e+01
1.832062999999999886e-01 5.773513118687480983e+02
1.895891199999999999e-01 7.403739318964207996e+03
1.959719299999999886e-01 3.798965764000776107e+04
2.023547499999999999e-01 8.845399768782733008e+04
2.087375700000000112e-01 1.196573091969584493e+05
2.151203899999999947e-01 1.289227559582189424e+05
2.215032100000000059e-01 1.337467230786991422e+05
2.278860299999999894e-01 1.381777127561560192e+05
2.342688400000000060e-01 1.421686397768513998e+05
2.406516599999999895e-01 1.458946289427807787e+05
2.470344800000000007e-01 1.495070282378962729e+05
2.534173000000000120e-01 1.528419748154261033e+05
2.598001200000000233e-01 1.553367058974376705e+05
2.661829399999999790e-01 1.570412011173852952e+05
2.725657499999999955e-01 1.585439876179139828e+05
2.789485700000000068e-01 1.602047216507556732e+05
2.853313900000000181e-01 1.619400542615886079e+05
2.917142099999999738e-01 1.636108515867061506e+05
2.980970299999999851e-01 1.649926444431152195e+05
3.044798499999999963e-01 1.660987958304923959e+05
3.108626600000000129e-01 1.670451613260163576e+05
3.172454800000000241e-01 1.678209637818240444e+05
3.236282999999999799e-01 1.685059310932768276e+05
3.300111199999999911e-01 1.690693552301409945e+05
3.363939400000000024e-01 1.694833050747345551e+05
3.427767600000000137e-01 1.698636298426499125e+05
3.491595699999999747e-01 1.701521844494664110e+05
3.555423899999999859e-01 1.700115628435807885e+05
3.619252099999999972e-01 1.692742033416954218e+05
3.683080300000000085e-01 1.682881803230363003e+05
3.746908500000000197e-01 1.668262797554644640e+05
3.810736699999999755e-01 1.647232318322474021e+05
3.874564799999999920e-01 1.623726231990657107e+05
3.938393000000000033e-01 1.603485691177131375e+05
4.002221200000000145e-01 1.591810752323616180e+05
4.066049400000000258e-01 1.589595614094015327e+05
4.129877599999999815e-01 1.594705922255492478e+05
4.193705799999999928e-01 1.602790886398708972e+05
4.257533900000000093e-01 1.611145266382510308e+05
4.321362100000000206e-01 1.619075386149824189e+05
4.385190299999999763e-01 1.626132954318869743e+05
4.449018499999999876e-01 1.632193166909099382e+05
4.512846699999999989e-01 1.636990300595781882e+05
4.576674900000000101e-01 1.640687791820299753e+05
4.640503000000000267e-01 1.643312236377935624e+05
4.704331199999999824e-01 1.645444508394155419e+05
4.768159399999999937e-01 1.647584118337616383e+05
4.831987600000000049e-01 1.649391325615348178e+05
4.895815800000000162e-01 1.650839586742055835e+05
4.959644000000000275e-01 1.651482296162004350e+05
5.023472199999999832e-01 1.651186722609861754e+05
5.087300300000000552e-01 1.650301020534519921e+05
5.151128499999999555e-01 1.649784360435255221e+05
5.214956699999999667e-01 1.649946513887806796e+05
5.278784899999999780e-01 1.649337096580156358e+05
5.342613099999999893e-01 1.646945663631376810e+05
5.406441300000000005e-01 1.643145636809914431e+05
5.470269399999999616e-01 1.639265059942196822e+05
5.534097599999999728e-01 1.635469805585259455e+05
5.597925799999999841e-01 1.631215150577568565e+05
5.661753999999999953e-01 1.626313194090137258e+05
5.725582200000000066e-01 1.620674779669754789e+05
5.789410400000000179e-01 1.615164274630715372e+05
5.853238499999999789e-01 1.610711516588620143e+05
5.917066699999999901e-01 1.607365254359325627e+05
5.980894900000000014e-01 1.604149499991578341e+05
6.044723100000000127e-01 1.599721796901189373e+05
6.108551300000000239e-01 1.594107061967916088e+05
6.172379500000000352e-01 1.588241982109700330e+05
6.236207599999999962e-01 1.582967968536779808e+05
6.300035800000000075e-01 1.577857747240831377e+05
6.363864000000000187e-01 1.571847784322152729e+05
6.427692200000000300e-01 1.565121445292966091e+05
6.491520400000000413e-01 1.558467391272170353e+05
6.555348600000000525e-01 1.552274019818103407e+05
6.619176700000000135e-01 1.546082350071793771e+05
6.683004900000000248e-01 1.539439176880684099e+05
6.746833100000000361e-01 1.532322382667923812e+05
6.810661300000000473e-01 1.525309277894728002e+05
6.874489499999999476e-01 1.519039522024473990e+05
6.938317699999999588e-01 1.513505605337238521e+05
7.002145800000000309e-01 1.508449178210785612e+05
7.065974000000000421e-01 1.504316463327493402e+05
7.129802200000000534e-01 1.501241939219640335e+05
7.193630399999999536e-01 1.498048937140835624e+05
7.257458599999999649e-01 1.494313939049295150e+05
7.321286799999999761e-01 1.490041982662724913e+05
7.385114900000000482e-01 1.485105913947785739e+05
7.448943099999999484e-01 1.479503369502281421e+05
7.512771299999999597e-01 1.473563942118207342e+05
7.576599499999999709e-01 1.468034565695892670e+05
7.640427699999999822e-01 1.463179653583686450e+05
7.704255899999999935e-01 1.458514969084996847e+05
7.768083999999999545e-01 1.453213271617373975e+05
7.831912199999999658e-01 1.447100992296286568e+05
7.895740399999999770e-01 1.441009147635173285e+05
7.959568599999999883e-01 1.435714074001124245e+05
8.023396799999999995e-01 1.430952299464343232e+05
8.087225000000000108e-01 1.425930839755162015e+05
8.151053099999999718e-01 1.420598504380991217e+05
8.214881299999999831e-01 1.415492328765956336e+05
8.278709499999999943e-01 1.410752370039470261e+05
8.342537700000000056e-01 1.406097113742794609e+05
8.406365900000000169e-01 1.401438547374535119e+05
8.470194100000000281e-01 1.396994854170254257e+05
8.534022300000000394e-01 1.392977573185085203e+05
8.597850400000000004e-01 1.389156869768700853e+05
8.661678600000000117e-01 1.384999167559043271e+05
8.725506800000000229e-01 1.380634901138294954e+05
8.789335000000000342e-01 1.376347971333315363e+05
8.853163200000000455e-01 1.372101997296211193e+05
8.916991399999999457e-01 1.367674773438155535e+05
8.980819500000000177e-01 1.363138868814124144e+05
9.044647700000000290e-01 1.358437451747270534e+05
9.108475900000000403e-01 1.353568154985577276e+05
9.172304100000000515e-01 1.348781568732502055e+05
9.236132299999999518e-01 1.344769937561145925e+05
9.299960499999999630e-01 1.341741543293875584e+05
9.363788600000000351e-01 1.338951372089715442e+05
9.427616800000000463e-01 1.335610796295050532e+05
9.491444999999999466e-01 1.331494964205354045e+05
9.555273199999999578e-01 1.327084626222937077e+05
9.619101399999999691e-01 1.322500891620386101e+05
9.682929599999999803e-01 1.317748754586809082e+05
9.746757700000000524e-01 1.313391481535190251e+05
9.810585899999999526e-01 1.310124576335986058e+05
9.874414099999999639e-01 1.307410653017802833e+05
9.938242299999999751e-01 1.304282471518343082e+05
1.000207000000000068e+00 1.300815571389090765e+05
1.006589900000000037e+00 1.297370838669016084e+05
1.012972699999999948e+00 1.293916874243721250e+05
1.019355500000000081e+00 1.289955663332435361e+05
1.025738299999999992e+00 1.285611746097198338e+05
1.032121099999999903e+00 1.281580342777164187e+05
1.038504000000000094e+00 1.278510056481806823e+05
1.044886800000000004e+00 1.276333857363108255e+05
1.051269599999999915e+00 1.274315442748035421e+05
1.057652400000000048e+00 1.272108579201429384e+05
1.064035199999999959e+00 1.269780022135129839e+05
1.070418000000000092e+00 1.267408898962350795e+05
1.076800900000000061e+00 1.264759334165102628e+05
1.083183699999999972e+00 1.261829321279585129e+05
1.089566500000000104e+00 1.258899045891669230e+05
1.095949300000000015e+00 1.255810424113952758e+05
1.102332099999999926e+00 1.252711252269445686e+05
1.108714999999999895e+00 1.250081146800478164e+05
1.115097800000000028e+00 1.247826410198046651e+05
1.121480599999999939e+00 1.245504989347844676e+05
1.127863400000000071e+00 1.242899136570792180e+05
1.134246199999999982e+00 1.239991917315749888e+05
1.140629099999999951e+00 1.237079483301360742e+05
1.147011900000000084e+00 1.234728733715080016e+05
1.153394699999999995e+00 1.233321825820208760e+05
1.159777499999999906e+00 1.232449876047620928e+05
1.166160300000000039e+00 1.231203800058860215e+05
1.172543099999999949e+00 1.229081339538002794e+05
1.178925999999999918e+00 1.226634064176148968e+05
1.185308800000000051e+00 1.224626397689726145e+05
1.191691599999999962e+00 1.222944385481859499e+05
1.198074400000000095e+00 1.220991349431346171e+05
1.204457200000000006e+00 1.218577956299541984e+05
1.210840099999999975e+00 1.216177162118821579e+05
1.217222900000000108e+00 1.214144569980427768e+05
1.223605700000000018e+00 1.212279668519947882e+05
1.229988499999999929e+00 1.210121375878642721e+05
1.236371300000000062e+00 1.207780923169845337e+05
1.242754099999999973e+00 1.205528891110701370e+05
1.249136999999999942e+00 1.203420176326411602e+05
1.255519800000000075e+00 1.201598763154000917e+05
1.261902599999999985e+00 1.200178508514684218e+05
1.268285399999999896e+00 1.199275757811247313e+05
1.274668200000000029e+00 1.198865673567710910e+05
1.281051099999999998e+00 1.198480063845443365e+05
1.287433899999999909e+00 1.197844561848749581e+05
1.293816700000000042e+00 1.197102224876979308e+05
1.300199499999999952e+00 1.196197272355010355e+05
1.306582300000000085e+00 1.194851379655684723e+05
1.312965099999999996e+00 1.193197171478207893e+05
1.319347999999999965e+00 1.191734507674726192e+05
1.325730800000000098e+00 1.190738855773500400e+05
1.332113600000000009e+00 1.190216371252279787e+05
1.338496399999999920e+00 1.189986810559918231e+05
1.344879200000000052e+00 1.189757836074371298e+05
1.351262100000000022e+00 1.189624071879780968e+05
1.357644899999999932e+00 1.189705585329075402e+05
1.364027700000000065e+00 1.189874947024727298e+05
1.370410499999999976e+00 1.190255531398572202e+05
1.376793300000000109e+00 1.191069740382914024e+05
1.383176100000000019e+00 1.192324945610778232e+05
1.389558999999999989e+00 1.194478815767184860e+05
1.395941799999999899e+00 1.198631895786620444e+05
1.402324600000000032e+00 1.205779910598041606e+05
1.408707399999999943e+00 1.217012982982151443e+05
1.415090200000000076e+00 1.235255707470601628e+05
1.421473100000000045e+00 1.265747864182707272e+05
1.427855899999999956e+00 1.317343951977593242e+05
1.434238700000000089e+00 1.404405260963496985e+05
1.440621499999999999e+00 1.550565582834948436e+05
1.447004299999999910e+00 1.791119568967910600e+05
1.453387200000000101e+00 2.164699700468339724e+05
1.459770000000000012e+00 2.703536907924732659e+05
1.466152799999999923e+00 3.397126865830483730e+05
1.472535600000000056e+00 4.193788642002524575e+05
1.478918399999999966e+00 5.028399141649102094e+05
1.485301200000000099e+00 5.816754838077814784e+05
1.491684100000000068e+00 6.517590802893165965e+05
1.498066899999999979e+00 7.106154890353290830e+05
1.504449699999999890e+00 7.540634027232058579e+05
1.510832500000000023e+00 7.774665898004071787e+05
1.517215299999999933e+00 7.751024424592340365e+05
1.523598199999999903e+00 7.441292295015248237e+05
1.529981000000000035e+00 6.861108893157008570e+05
1.536363799999999946e+00 6.057201814961049240e+05
1.542746600000000079e+00 5.123409145044542383e+05
1.549129399999999990e+00 4.181864185933510307e+05
1.555512199999999901e+00 3.324625039723258233e+05
1.561895100000000092e+00 2.622915227292472846e+05
1.568277900000000002e+00 2.098611773930256313e+05
1.574660699999999913e+00 1.736505152953389334e+05
1.581043500000000046e+00 1.505367132475650287e+05
1.587426299999999957e+00 1.365806618445149797e+05
1.593809199999999926e+00 1.283867228139963991e+05
1.600192000000000059e+00 1.234738809674919758e+05
1.606574799999999970e+00 1.203556662826912070e+05
1.612957600000000102e+00 1.182798479600482533e+05
1.619340400000000013e+00 1.168910684215083602e+05
1.625723199999999924e+00 1.160022077020248398e+05
1.632106099999999893e+00 1.154171054217829078e+05
1.638488900000000026e+00 1.149510095480716700e+05
1.644871699999999937e+00 1.145179616204800550e+05
1.651254500000000069e+00 1.141487884507859126e+05
1.657637299999999980e+00 1.138743134174760198e+05
1.664020199999999949e+00 1.136579733479069546e+05
1.670403000000000082e+00 1.134595184172912850e+05
1.676785799999999993e+00 1.132742558976892615e+05
1.683168599999999904e+00 1.130930715521299426e+05
1.689551400000000037e+00 1.128986320905020111e+05
1.695934199999999947e+00 1.126782129992575210e+05
1.702317099999999916e+00 1.124451219747112336e+05
1.708699900000000049e+00 1.122520930574500962e+05
1.715082699999999960e+00 1.121346071136734390e+05
1.721465500000000093e+00 1.120558301203948067e+05
1.727848300000000004e+00 1.119504805164556601e+05
1.734231199999999973e+00 1.118048369395394693e+05
1.740614000000000106e+00 1.116598714165286510e+05
1.746996800000000016e+00 1.115612905923891085e+05
1.753379599999999927e+00 1.115074599979535851e+05
1.759762400000000060e+00 1.114418740314408205e+05
1.766145300000000029e+00 1.113507271798718721e+05
1.772528099999999940e+00 1.112233183214943565e+05
1.778910900000000073e+00 1.110335283483442327e+05
1.785293699999999983e+00 1.108045353756741970e+05
1.791676499999999894e+00 1.106140610007713840e+05
1.798059300000000027e+00 1.105005941619544465e+05
1.804442199999999996e+00 1.104202383011488710e+05
1.810824999999999907e+00 1.103215948280267476e+05
1.817207800000000040e+00 1.102141864164097642e+05
1.823590599999999950e+00 1.101282616845074517e+05
1.829973400000000083e+00 1.100750088735242025e+05
1.836356300000000052e+00 1.100284727285302652e+05
1.842739099999999963e+00 1.099731693496540829e+05
1.849121900000000096e+00 1.099031859286281397e+05
1.855504700000000007e+00 1.098061690929224715e+05
1.861887499999999918e+00 1.096919553727742168e+05
1.868270300000000050e+00 1.095893139339574263e+05
1.874653200000000020e+00 1.095289655499856744e+05
1.881035999999999930e+00 1.095129858246640797e+05
1.887418800000000063e+00 1.094760822836667357e+05
1.893801599999999974e+00 1.093690785671516496e+05
1.900184400000000107e+00 1.092328493958239560e+05
1.906567300000000076e+00 1.091603385799945390e+05
1.912950099999999987e+00 1.091774488936046255e+05
1.919332899999999897e+00 1.091990996412484674e+05
1.925715700000000030e+00 1.091431361001873447e+05
1.932098499999999941e+00 1.090273269400450226e+05
1.938481300000000074e+00 1.089417016859948344e+05
1.944864200000000043e+00 1.089318849500095384e+05
1.951246999999999954e+00 1.089795991699967708e+05
1.957629800000000087e+00 1.090470889451980474e+05
1.964012599999999997e+00 1.091009353489589994e+05
1.970395399999999908e+00 1.091625694559754920e+05
1.976778300000000099e+00 1.092444695695223490e+05
1.983161100000000010e+00 1.093143954709224927e+05
1.989543899999999921e+00 1.093792741066573362e+05
1.995926700000000054e+00 1.095123064450504608e+05
2.002309499999999964e+00 1.097977863569437759e+05
2.008692299999999875e+00 1.102688251614253677e+05
2.015075200000000066e+00 1.109392939078842028e+05
2.021457999999999977e+00 1.118652893673713406e+05
2.027840799999999888e+00 1.131713307897944469e+05
2.034223599999999799e+00 1.151529113102945266e+05
2.040606400000000153e+00 1.183042785912594991e+05
2.046989299999999901e+00 1.234350643900695286e+05
2.053372099999999811e+00 1.319000691195580876e+05
2.059754900000000166e+00 1.460766279674843536e+05
2.066137700000000077e+00 1.699761558836340555e+05
2.072520499999999988e+00 2.093566282331311959e+05
2.078903400000000179e+00 2.713950976710345130e+05
2.085286200000000090e+00 3.613387235079561360e+05
2.091669000000000000e+00 4.800286874329430284e+05
2.098051799999999911e+00 6.201511358316862024e+05
2.104434599999999822e+00 7.660490732121581677e+05
2.110817400000000177e+00 9.062171555949483300e+05
2.117200299999999924e+00 1.032676902064400027e+06
2.123583099999999835e+00 1.139535717038366478e+06
2.129965900000000190e+00 1.221402945224382449e+06
2.136348700000000100e+00 1.268841693354859948e+06
2.142731500000000011e+00 1.272878004075611010e+06
2.149114400000000202e+00 1.227102568706750870e+06
2.155497200000000113e+00 1.131643481603616383e+06
2.161880000000000024e+00 9.956693833940350451e+05
2.168262799999999935e+00 8.340134657219620422e+05
2.174645599999999845e+00 6.655505434606741183e+05
2.181028400000000200e+00 5.108857870797085925e+05
2.187411299999999947e+00 3.825535423655692139e+05
2.193794099999999858e+00 2.852482467639561510e+05
2.200176900000000213e+00 2.173931453687260218e+05
2.206559700000000124e+00 1.735422627751505934e+05
2.212942500000000035e+00 1.468603453392965603e+05
2.219325399999999782e+00 1.310530947510052210e+05
2.225708200000000136e+00 1.216178173713228898e+05
2.232091000000000047e+00 1.158069482377335080e+05
2.238473799999999958e+00 1.121221787986907875e+05
2.244856599999999869e+00 1.096720012117430160e+05
2.251239399999999780e+00 1.079434235817059671e+05
2.257622299999999971e+00 1.066601445329129347e+05
2.264005099999999882e+00 1.056968391387886804e+05
2.270387899999999792e+00 1.049983819967294403e+05
2.276770700000000147e+00 1.044922088084465795e+05
2.283153500000000058e+00 1.041039664254390373e+05
2.289536399999999805e+00 1.037638472835054272e+05
2.295919200000000160e+00 1.034393839230244776e+05
2.302302000000000071e+00 1.031349091218644753e+05
2.308684799999999981e+00 1.028530882554580749e+05
2.315067599999999892e+00 1.026120529989063798e+05
2.321450399999999803e+00 1.024284442742743995e+05
2.327833299999999994e+00 1.022929487637426791e+05
2.334216099999999905e+00 1.021616460769486148e+05
2.340598899999999816e+00 1.020058022741808963e+05
2.346981700000000171e+00 1.018255672868616239e+05
2.353364500000000081e+00 1.016350806077425514e+05
2.359747399999999828e+00 1.014414319127530471e+05
2.366130200000000183e+00 1.012477039066750003e+05
2.372513000000000094e+00 1.010647929523730127e+05
2.378895800000000005e+00 1.009182135237411421e+05
2.385278599999999916e+00 1.008119492499012267e+05
2.391661500000000107e+00 1.006960536964188213e+05
2.398044300000000018e+00 1.005369587951810390e+05
2.404427099999999928e+00 1.003708183528228838e+05
2.410809899999999839e+00 1.002612932128621906e+05
2.417192700000000194e+00 1.002124342014397116e+05
2.423575500000000105e+00 1.001768905838156061e+05
2.429958399999999852e+00 1.001294805255806132e+05
2.436341200000000207e+00 1.000670718014426384e+05
2.442724000000000117e+00 9.996968058091794956e+04
2.449106800000000028e+00 9.982812973464184324e+04
2.455489599999999939e+00 9.969207287621017895e+04
2.461872500000000130e+00 9.964195410993130645e+04
2.468255300000000041e+00 9.970239744402833458e+04
2.474638099999999952e+00 9.982697827761022199e+04
2.481020899999999862e+00 9.995564103020358016e+04
2.487403700000000217e+00 1.000725664927515900e+05
2.493786500000000128e+00 1.002278883773979323e+05
2.500169399999999875e+00 1.005045403105024889e+05
2.506552199999999786e+00 1.009594347968693910e+05
2.512935000000000141e+00 1.016846119072336005e+05
2.519317800000000052e+00 1.028579573573029047e+05
2.525700599999999962e+00 1.047746870637087413e+05
2.532083500000000154e+00 1.079640117923802318e+05
2.538466300000000064e+00 1.133489490864163818e+05
2.544849099999999975e+00 1.225219797430025938e+05
2.551231899999999886e+00 1.378197681583581725e+05
2.557614699999999797e+00 1.624165718373404234e+05
2.563997500000000151e+00 1.990249022038061521e+05
2.570380399999999899e+00 2.484035418218053528e+05
2.576763199999999809e+00 3.087345548111401149e+05
2.583146000000000164e+00 3.739727543873949326e+05
2.589528800000000075e+00 4.380192976161561091e+05
2.595911599999999986e+00 4.969420826852882747e+05
2.602294500000000177e+00 5.477125020504373824e+05
2.608677300000000088e+00 5.882588065485768020e+05
2.615060099999999998e+00 6.145265865682028234e+05
2.621442899999999909e+00 6.222203008952005766e+05
2.627825699999999820e+00 6.083905915564415045e+05
2.634208500000000175e+00 5.720199501291285269e+05
2.640591399999999922e+00 5.158147613953877008e+05
2.646974199999999833e+00 4.458593825601040153e+05
2.653357000000000188e+00 3.699696952144216048e+05
2.659739800000000098e+00 2.980044699426291045e+05
2.666122600000000009e+00 2.368567009074806119e+05
2.672505500000000200e+00 1.891896309644566500e+05
2.678888300000000111e+00 1.550428781649185403e+05
2.685271100000000022e+00 1.323990361292703892e+05
2.691653899999999933e+00 1.183115138382031437e+05
2.698036699999999843e+00 1.099216594543570536e+05
2.704419600000000035e+00 1.050472051654186362e+05
2.710802399999999945e+00 1.021855351618438872e+05
2.717185199999999856e+00 1.003951104120039672e+05
2.723568000000000211e+00 9.917169951951291296e+04
2.729950800000000122e+00 9.830366760531745967e+04
2.736333600000000033e+00 9.768925010519612988e+04
2.742716499999999780e+00 9.725104827316163573e+04
2.749099300000000135e+00 9.694615520461558481e+04
2.755482100000000045e+00 9.671091845494639711e+04
2.761864899999999956e+00 9.650907072398543824e+04
2.768247699999999867e+00 9.634107529365646769e+04
2.774630600000000058e+00 9.621372433739328699e+04
2.781013399999999969e+00 9.610627325773263874e+04
2.787396199999999880e+00 9.602134360394475516e+04
2.793778999999999790e+00 9.596580992202932248e+04
2.800161800000000145e+00 9.591937191542411165e+04
2.806544600000000056e+00 9.586179675097766449e+04
2.812927499999999803e+00 9.578001190578952082e+04
2.819310300000000158e+00 9.567300764323504700e+04
2.825693100000000069e+00 9.554695330028791795e+04
2.832075899999999979e+00 9.543021464369507157e+04
2.838458699999999890e+00 9.535666484598285751e+04
2.844841600000000081e+00 9.533626856302474334e+04
2.851224399999999992e+00 9.536916027476117597e+04
2.857607199999999903e+00 9.543215069145339658e+04
2.863989999999999814e+00 9.547267649030272150e+04
2.870372800000000169e+00 9.547171333709699684e+04
2.876755600000000079e+00 9.546593572849941847e+04
2.883138499999999826e+00 9.549812943301012274e+04
2.889521300000000181e+00 9.557812278622752638e+04
2.895904100000000092e+00 9.570158762002739240e+04
2.902286900000000003e+00 9.587169412181181542e+04
2.908669699999999914e+00 9.611656551665841835e+04
2.915052600000000105e+00 9.647834901136625558e+04
2.921435400000000016e+00 9.702241384991456289e+04
2.927818199999999926e+00 9.785910396051945281e+04
2.934200999999999837e+00 9.920945193495697458e+04
2.940583800000000192e+00 1.014592916862443963e+05
2.946966600000000103e+00 1.052614569150027528e+05
2.953349499999999850e+00 1.116204687604046776e+05
2.959732300000000205e+00 1.219953935939680232e+05
2.966115100000000115e+00 1.380266564179869310e+05
2.972497900000000026e+00 1.607663838588822400e+05
2.978880699999999937e+00 1.901392605898965849e+05
2.985263600000000128e+00 2.237712824480436393e+05
2.991646400000000039e+00 2.582118952866596810e+05
2.998029199999999950e+00 2.909278367760978290e+05
3.004411999999999860e+00 3.198279482751099276e+05
3.010794800000000215e+00 3.438274060804969631e+05
3.017177699999999962e+00 3.613895938130089780e+05
3.023560499999999873e+00 3.702382255485184141e+05
3.029943299999999784e+00 3.684370176477100467e+05
3.036326100000000139e+00 3.546816066451549996e+05
3.042708900000000050e+00 3.294289425168364542e+05
3.049091699999999960e+00 2.954630583800466266e+05
3.055474600000000152e+00 2.564438183231764706e+05
3.061857400000000062e+00 2.170999622224062332e+05
3.068240199999999973e+00 1.820146177529739798e+05
3.074622999999999884e+00 1.534892436655947240e+05
3.081005799999999795e+00 1.323326323018403491e+05
3.087388699999999986e+00 1.178949052871400345e+05
3.093771499999999897e+00 1.087189343196314148e+05
3.100154299999999807e+00 1.031909060955018649e+05
3.106537100000000162e+00 9.991897039545336156e+04
3.112919900000000073e+00 9.799430998181023460e+04
3.119302699999999984e+00 9.684691247523056518e+04
3.125685600000000175e+00 9.612450953129504342e+04
3.132068400000000086e+00 9.562599292911565863e+04
3.138451199999999996e+00 9.525972479242338159e+04
3.144833999999999907e+00 9.498594693274132442e+04
3.151216799999999818e+00 9.479240923769559595e+04
3.157599700000000009e+00 9.467443452191402321e+04
3.163982499999999920e+00 9.460591986532128067e+04
3.170365299999999831e+00 9.455290051070490154e+04
3.176748100000000186e+00 9.450890517378956429e+04
3.183130900000000096e+00 9.448861807145128842e+04
3.189513700000000007e+00 9.447096090034730150e+04
3.195896600000000198e+00 9.443309275959857041e+04
3.202279400000000109e+00 9.437828777960623847e+04
3.208662200000000020e+00 9.434478161130462831e+04
3.215044999999999931e+00 9.436805066561853164e+04
3.221427799999999841e+00 9.445866960546476184e+04
3.227810700000000033e+00 9.458627333388320403e+04
3.234193499999999943e+00 9.471638319110299926e+04
3.240576299999999854e+00 9.486438322762672033e+04
3.246959100000000209e+00 9.509251907394151203e+04
3.253341900000000120e+00 9.544040574290492805e+04
3.259724700000000031e+00 9.591300260901298316e+04
3.266107600000000222e+00 9.653861112004010647e+04
3.272490400000000133e+00 9.739225184087385423e+04
3.278873200000000043e+00 9.864644118289442849e+04
3.285255999999999954e+00 1.005888602320087666e+05
3.291638799999999865e+00 1.037561092401232308e+05
3.298021700000000056e+00 1.091152153942517762e+05
3.304404499999999967e+00 1.182249479184147494e+05
3.310787299999999878e+00 1.335410006125924701e+05
3.317170099999999788e+00 1.584664711567962368e+05
3.323552900000000143e+00 1.966944565320260590e+05
3.329935700000000054e+00 2.504654282295216108e+05
3.336318599999999801e+00 3.190831398665194283e+05
3.342701400000000156e+00 3.973754005550388247e+05
3.349084200000000067e+00 4.770576479638103629e+05
3.355466999999999977e+00 5.519482270777497906e+05
3.361849799999999888e+00 6.182523264743592590e+05
3.368232700000000079e+00 6.730874917353081983e+05
3.374615499999999990e+00 7.123768088720811065e+05
3.380998299999999901e+00 7.308159693085204344e+05
3.387381099999999812e+00 7.241583303059251048e+05
3.393763900000000167e+00 6.899165483967859764e+05
3.400146799999999914e+00 6.293779760657497682e+05
3.406529599999999824e+00 5.493945887290318497e+05
3.412912400000000179e+00 4.589748882629820728e+05
3.419295200000000090e+00 3.687455465396635700e+05
3.425678000000000001e+00 2.888651717566378647e+05
3.432060799999999912e+00 2.245534946064020623e+05
3.438443700000000103e+00 1.773248154646299372e+05
3.444826500000000014e+00 1.452262681136250612e+05
3.451209299999999924e+00 1.249006564142735151e+05
3.457592099999999835e+00 1.127329950464573922e+05
3.463974900000000190e+00 1.055551840426739363e+05
3.470357799999999937e+00 1.012977207429620321e+05
3.476740599999999848e+00 9.871333209573842760e+04
3.483123400000000203e+00 9.710434566334055853e+04
3.489506200000000113e+00 9.604657217478950042e+04
3.495889000000000024e+00 9.528752669273817446e+04
3.502271799999999935e+00 9.471912210828890966e+04
3.508654700000000126e+00 9.430836643874463334e+04
3.515037500000000037e+00 9.404145099387571099e+04
3.521420299999999948e+00 9.387942343637668819e+04
3.527803099999999858e+00 9.379157572722455370e+04
3.534185900000000213e+00 9.376004260257742135e+04
3.540568799999999960e+00 9.374126499006801168e+04
3.546951599999999871e+00 9.371327305567417352e+04
3.553334399999999782e+00 9.368599973405251512e+04
3.559717200000000137e+00 9.367741488002726692e+04
3.566100000000000048e+00 9.371509593324098387e+04
3.572482799999999958e+00 9.380425451905489899e+04
3.578865700000000150e+00 9.395331901842451771e+04
3.585248500000000060e+00 9.417867501367843943e+04
3.591631299999999971e+00 9.451299113178305561e+04
3.598014099999999882e+00 9.501495650637568906e+04
3.604396899999999793e+00 9.581658112410124158e+04
3.610779799999999984e+00 9.713817164516978664e+04
3.617162599999999895e+00 9.931559743389324285e+04
3.623545399999999805e+00 1.029655174642752099e+05
3.629928200000000160e+00 1.091159514617998211e+05
3.636311000000000071e+00 1.193984666505055502e+05
3.642693799999999982e+00 1.357965293633993715e+05
3.649076700000000173e+00 1.602014837525242474e+05
3.655459500000000084e+00 1.932162013286494766e+05
3.661842299999999994e+00 2.329496467680707283e+05
3.668225099999999905e+00 2.761713817462063162e+05
3.674607899999999816e+00 3.187433203951062169e+05
3.680990800000000007e+00 3.574087421683709836e+05
3.687373599999999918e+00 3.906448106407737359e+05
3.693756399999999829e+00 4.167000432042652974e+05
3.700139200000000184e+00 4.331848785091633908e+05
3.706522000000000094e+00 4.371244033932267921e+05
3.712904899999999841e+00 4.265107331462934962e+05
3.719287700000000196e+00 4.012394254117608652e+05
3.725670500000000107e+00 3.630215429876311682e+05
3.732053300000000018e+00 3.161390277818901232e+05
3.738436099999999929e+00 2.665413421914701466e+05
3.744818899999999839e+00 2.197137641709625314e+05
3.751201800000000031e+00 1.801294803364725085e+05
3.757584599999999941e+00 1.496652617741734430e+05
3.763967399999999852e+00 1.281572466418425174e+05
3.770350200000000207e+00 1.140918500666236650e+05
3.776733000000000118e+00 1.054405832166755863e+05
3.783115899999999865e+00 1.003126396280149638e+05
3.789498700000000220e+00 9.727975773837945599e+04
3.795881500000000131e+00 9.549063106981267629e+04
3.802264300000000041e+00 9.440739835397510615e+04
3.808647099999999952e+00 9.369881177962795482e+04
3.815029899999999863e+00 9.318291713495078147e+04
3.821412800000000054e+00 9.278316993145133893e+04
3.827795599999999965e+00 9.250271311995074211e+04
3.834178399999999876e+00 9.233636329427758756e+04
3.840561199999999786e+00 9.223424999057884270e+04
3.846944000000000141e+00 9.215160523919807747e+04
3.853326899999999888e+00 9.204887747247170773e+04
3.859709699999999799e+00 9.190577562622912228e+04
3.866092500000000154e+00 9.175217417288971774e+04
3.872475300000000065e+00 9.163018581327518041e+04
3.878858099999999975e+00 9.155976738907705294e+04
3.885240899999999886e+00 9.153304395517968806e+04
3.891623800000000077e+00 9.151859825818709214e+04
3.898006599999999988e+00 9.148787185287033208e+04
3.904389399999999899e+00 9.144622611652355408e+04
3.910772199999999810e+00 9.141371811355110549e+04
3.917155000000000165e+00 9.137624573313879955e+04
3.923537899999999912e+00 9.131701335797065985e+04
3.929920699999999822e+00 9.124448757866663800e+04
3.936303500000000177e+00 9.117396688087575603e+04
3.942686300000000088e+00 9.111509053972666152e+04
3.949069099999999999e+00 9.106380043692968320e+04
3.955451899999999910e+00 9.101194592091944651e+04
3.961834800000000101e+00 9.099257708874816308e+04
3.968217600000000012e+00 9.103475890020787483e+04
3.974600399999999922e+00 9.110537809969091904e+04
3.980983199999999833e+00 9.115264066539186751e+04
3.987366000000000188e+00 9.116109175945469178e+04
3.993748899999999935e+00 9.113643629557976965e+04
4.000131699999999846e+00 9.110338689199599321e+04
4.006514499999999757e+00 9.108045234908341081e+04
4.012897299999999667e+00 9.106427470943758090e+04
4.019280099999999578e+00 9.105767669351471704e+04
4.025662999999999769e+00 9.105080317595443921e+04
4.032045799999999680e+00 9.103028756763158890e+04
4.038428599999999591e+00 9.100485893143352587e+04
4.044811400000000390e+00 9.100281366001794231e+04
4.051194200000000301e+00 9.101149185415882675e+04
4.057577000000000211e+00 9.100870963321891031e+04
4.063959900000000403e+00 9.098655273329712509e+04
4.070342700000000313e+00 9.097857594510819763e+04
4.076725500000000224e+00 9.101954342500082566e+04
4.083108300000000135e+00 9.109764553721273842e+04
4.089491100000000046e+00 9.116712642959413643e+04
4.095874000000000237e+00 9.121431678775971523e+04
4.102256800000000148e+00 9.123619262764226005e+04
4.108639600000000058e+00 9.119959862121439073e+04
4.115022399999999969e+00 9.110012159057229292e+04
4.121405199999999880e+00 9.101199326973927964e+04
4.127787999999999791e+00 9.101361696874631161e+04
4.134170899999999982e+00 9.108859963762332336e+04
4.140553699999999893e+00 9.117127022781077540e+04
4.146936499999999803e+00 9.124868491170373454e+04
4.153319299999999714e+00 9.135322434820802300e+04
4.159702099999999625e+00 9.150939590414191480e+04
4.166084999999999816e+00 9.171235845538636204e+04
4.172467799999999727e+00 9.197818770156872051e+04
4.178850599999999638e+00 9.238182731843728106e+04
4.185233400000000437e+00 9.302517906441361993e+04
4.191616200000000347e+00 9.407132753833886818e+04
4.197999000000000258e+00 9.579896214266953757e+04
4.204381899999999561e+00 9.869362207533138280e+04
4.210764700000000360e+00 1.034667608421346813e+05
4.217147500000000271e+00 1.109135211084520561e+05
4.223530300000000182e+00 1.216639357502795319e+05
4.229913100000000092e+00 1.358191320486601326e+05
4.236296000000000284e+00 1.524659242399113136e+05
4.242678800000000194e+00 1.700263963297019363e+05
4.249061600000000105e+00 1.870059076219905983e+05
4.255444400000000016e+00 2.022605935333976522e+05
4.261827199999999927e+00 2.151450858895508281e+05
4.268209999999999837e+00 2.248428315531645785e+05
4.274592900000000029e+00 2.302735517797584180e+05
4.280975699999999939e+00 2.303858776161320566e+05
4.287358499999999850e+00 2.244027483070895541e+05
4.293741299999999761e+00 2.124944177333989646e+05
4.300124099999999672e+00 1.958970723309345194e+05
4.306506999999999863e+00 1.763536666345495905e+05
4.312889799999999774e+00 1.563346026520616724e+05
4.319272599999999684e+00 1.381688826618448074e+05
4.325655399999999595e+00 1.232105470542062103e+05
4.332038200000000394e+00 1.120076406928438810e+05
4.338421099999999697e+00 1.042869197708937718e+05
4.344803899999999608e+00 9.936636497060873080e+04
4.351186700000000407e+00 9.641655764064822870e+04
4.357569500000000318e+00 9.469336061723434250e+04
4.363952300000000228e+00 9.369514495807894855e+04
4.370335100000000139e+00 9.313130998729738349e+04
4.376718000000000330e+00 9.284361052333214320e+04
4.383100800000000241e+00 9.271380318199741305e+04
4.389483600000000152e+00 9.266295999689318705e+04
4.395866400000000063e+00 9.266834730886592297e+04
4.402249199999999973e+00 9.274082768956950167e+04
4.408632100000000165e+00 9.289980104142411437e+04
4.415014900000000075e+00 9.315288932735763956e+04
4.421397699999999986e+00 9.351926455193152651e+04
4.427780499999999897e+00 9.407778376236555050e+04
4.434163299999999808e+00 9.496003178712786757e+04
4.440546099999999718e+00 9.631866050005669240e+04
4.446928999999999910e+00 9.842473551473600673e+04
4.453311799999999820e+00 1.019031256249914877e+05
4.459694599999999731e+00 1.078523479203056922e+05
4.466077399999999642e+00 1.179283297905588115e+05
4.472460200000000441e+00 1.342593670754878840e+05
4.478843099999999744e+00 1.591498949379889818e+05
4.485225899999999655e+00 1.940737590387049131e+05
4.491608699999999565e+00 2.380332948540022189e+05
4.497991500000000364e+00 2.878435221297949902e+05
4.504374300000000275e+00 3.388341744589583250e+05
4.510757100000000186e+00 3.867307694277750561e+05
4.517140000000000377e+00 4.290755985672256793e+05
4.523522800000000288e+00 4.636315312213776633e+05
4.529905600000000199e+00 4.876548096109160106e+05
4.536288400000000109e+00 4.977310223695249297e+05
4.542671200000000020e+00 4.911769198715146631e+05
4.549054100000000211e+00 4.671468436996005476e+05
4.555436900000000122e+00 4.267964583300099475e+05
4.561819700000000033e+00 3.744416548404067289e+05
4.568202499999999944e+00 3.164043416796763195e+05
4.574585299999999854e+00 2.592353257403779135e+05
4.580968099999999765e+00 2.093862635066768853e+05
4.587350999999999956e+00 1.699885641091944999e+05
4.593733799999999867e+00 1.414314948965529329e+05
4.600116599999999778e+00 1.223723612252580351e+05
4.606499399999999689e+00 1.105007029763711907e+05
4.612882199999999600e+00 1.034831564134773507e+05
4.619265099999999791e+00 9.937582236132424441e+04
4.625647899999999701e+00 9.694290167606613250e+04
4.632030699999999612e+00 9.548090836973214755e+04
4.638413500000000411e+00 9.460029871776042273e+04
4.644796300000000322e+00 9.408855751830225927e+04
4.651179199999999625e+00 9.379737219292436203e+04
4.657562000000000424e+00 9.363468033174713491e+04
4.663944800000000335e+00 9.358476272323090234e+04
4.670327600000000245e+00 9.368706957757740747e+04
4.676710400000000156e+00 9.401549748517599073e+04
4.683093200000000067e+00 9.467667813265146106e+04
4.689476100000000258e+00 9.586294206152120023e+04
4.695858900000000169e+00 9.789206164880612050e+04
4.702241700000000080e+00 1.013084982339628623e+05
4.708624499999999991e+00 1.070294710382570920e+05
4.715007299999999901e+00 1.164905099288053752e+05
4.721390200000000092e+00 1.313925839332232717e+05
4.727773000000000003e+00 1.530983174250904704e+05
4.734155799999999914e+00 1.819566359853228496e+05
4.740538599999999825e+00 2.161500480580548756e+05
4.746921399999999736e+00 2.526298730069039739e+05
4.753304199999999646e+00 2.882418764812135487e+05
4.759687099999999838e+00 3.203817084612526232e+05
4.766069899999999748e+00 3.476427552037172718e+05
4.772452699999999659e+00 3.681640059567219578e+05
4.778835499999999570e+00 3.797655783296966110e+05
4.785218300000000369e+00 3.803212019257338252e+05
4.791601199999999672e+00 3.683548027149228728e+05
4.797983999999999583e+00 3.441744541540609207e+05
4.804366800000000381e+00 3.098048010642506415e+05
4.810749600000000292e+00 2.690751323445069138e+05
4.817132400000000203e+00 2.273583582928063115e+05
4.823515200000000114e+00 1.892263500226081815e+05
4.829898100000000305e+00 1.577619930967999389e+05
4.836280900000000216e+00 1.341096234098724381e+05
4.842663700000000127e+00 1.178122630956764624e+05
4.849046500000000037e+00 1.073857459566684847e+05
4.855429299999999948e+00 1.010719716219589463e+05
4.861812200000000139e+00 9.740058768618103932e+04
4.868195000000000050e+00 9.527690261608877336e+04
4.874577799999999961e+00 9.402790466689121968e+04
4.880960599999999872e+00 9.327345230250319582e+04
4.887343399999999782e+00 9.280169029652907921e+04
4.893726199999999693e+00 9.251524176395492395e+04
4.900109099999999884e+00 9.238332403099068324e+04
4.906491899999999795e+00 9.241641978155287507e+04
4.912874699999999706e+00 9.265494238844275242e+04
4.919257499999999617e+00 9.317449756996374344e+04
4.925640300000000416e+00 9.410596479242373607e+04
4.932023199999999719e+00 9.570100388063483115e+04
4.938405999999999629e+00 9.842701382889879460e+04
4.944788800000000428e+00 1.030478172533498146e+05
4.951171600000000339e+00 1.105900038054899778e+05
4.957554400000000250e+00 1.220581639524288476e+05
4.963937300000000441e+00 1.381268818926870881e+05
4.970320100000000352e+00 1.585363221870019916e+05
4.976702900000000263e+00 1.815471494862473919e+05
4.983085700000000173e+00 2.050873992417107220e+05
4.989468500000000084e+00 2.272683502523078059e+05
4.995851299999999995e+00 2.467450399458175525e+05
5.002234200000000186e+00 2.625902346841708058e+05
5.008617000000000097e+00 2.734015349745273124e+05
5.014999800000000008e+00 2.777499729077738593e+05
5.021382599999999918e+00 2.743672120505696512e+05
5.027765399999999829e+00 2.627478913294181111e+05
5.034148300000000020e+00 2.437468978530435124e+05
5.040531099999999931e+00 2.193350317544367281e+05
5.046913899999999842e+00 1.923016206138954731e+05
5.053296699999999753e+00 1.660574418524425128e+05
5.059679499999999663e+00 1.431800607151493896e+05
5.066062299999999574e+00 1.251309269682206650e+05
5.072445199999999765e+00 1.121546561548272439e+05
5.078827999999999676e+00 1.035586836863080389e+05
5.085210799999999587e+00 9.823272332900491892e+04
5.091593600000000386e+00 9.508734414176757855e+04
5.097976400000000297e+00 9.324199175129173091e+04
5.104359299999999600e+00 9.210646821392461425e+04
5.110742100000000399e+00 9.138000688498184900e+04
5.117124900000000309e+00 9.093315688890576712e+04
5.123507700000000220e+00 9.069374877861738787e+04
5.129890500000000131e+00 9.058167276866309112e+04
5.136273300000000042e+00 9.051734100388045772e+04
5.142656200000000233e+00 9.047041809152968926e+04
5.149039000000000144e+00 9.047708685680630151e+04
5.155421800000000054e+00 9.060999524351142463e+04
5.161804599999999965e+00 9.099211775234031666e+04
5.168187399999999876e+00 9.177214706616464537e+04
5.174570300000000067e+00 9.309823356664978201e+04
5.180953099999999978e+00 9.512131824897776823e+04
5.187335899999999889e+00 9.792863600372656947e+04
5.193718699999999799e+00 1.014191961584084347e+05
5.200101499999999710e+00 1.053226489622510562e+05
5.206484299999999621e+00 1.093086735938219354e+05
5.212867199999999812e+00 1.130523514376975218e+05
5.219249999999999723e+00 1.163441892325452354e+05
5.225632799999999634e+00 1.189732419724122883e+05
5.232015600000000433e+00 1.207043790251653409e+05
5.238398400000000343e+00 1.213105725547760812e+05
5.244781299999999646e+00 1.205841987772186985e+05
5.251164099999999557e+00 1.184904375036213314e+05
5.257546900000000356e+00 1.151840051973632944e+05
5.263929700000000267e+00 1.109632288610128744e+05
5.270312500000000178e+00 1.063526504353956552e+05
5.276695400000000369e+00 1.018913664766557777e+05
5.283078200000000280e+00 9.799869223481485096e+04
5.289461000000000190e+00 9.495193376890066429e+04
5.295843800000000101e+00 9.279912253531730676e+04
5.302226600000000012e+00 9.141242092962999595e+04
5.308609399999999923e+00 9.057378139292793639e+04
5.314992300000000114e+00 9.008866148000117391e+04
5.321375100000000025e+00 8.981745375552517362e+04
5.327757899999999935e+00 8.967015470137653756e+04
5.334140699999999846e+00 8.962647127697701217e+04
5.340523499999999757e+00 8.971150841882123495e+04
5.346906399999999948e+00 8.993196578137858887e+04
5.353289199999999859e+00 9.026136093909232295e+04
5.359671999999999770e+00 9.071641228708383278e+04
5.366054799999999680e+00 9.146692686766470433e+04
5.372437599999999591e+00 9.281888098260575498e+04
5.378820400000000390e+00 9.518235860335224424e+04
5.385203299999999693e+00 9.908953593335860933e+04
5.391586099999999604e+00 1.051858426894865697e+05
5.397968900000000403e+00 1.140275957860751369e+05
5.404351700000000314e+00 1.257372791533543786e+05
5.410734500000000224e+00 1.396896029880009010e+05
5.417117400000000416e+00 1.545216047255166341e+05
5.423500200000000326e+00 1.689129403961248754e+05
5.429883000000000237e+00 1.819420130407699326e+05
5.436265800000000148e+00 1.929408545615142793e+05
5.442648600000000059e+00 2.011507472988973605e+05
5.449031399999999969e+00 2.056238879211695748e+05
5.455414300000000161e+00 2.055116729851838900e+05
5.461797100000000071e+00 2.002849766642151226e+05
5.468179899999999982e+00 1.900980530808551121e+05
5.474562699999999893e+00 1.759923227916722826e+05
5.480945499999999804e+00 1.594996303131300665e+05
5.487328399999999995e+00 1.426321695727060724e+05
5.493711199999999906e+00 1.273692005085611599e+05
5.500093999999999816e+00 1.148624475921324047e+05
5.506476799999999727e+00 1.055665319214131159e+05
5.512859599999999638e+00 9.926396381106702029e+04
5.519242400000000437e+00 9.534918185716313019e+04
5.525625299999999740e+00 9.308311438535999332e+04
5.532008099999999651e+00 9.182365308988239849e+04
5.538390899999999561e+00 9.116655622947224765e+04
5.544773700000000360e+00 9.089665650221708347e+04
5.551156500000000271e+00 9.092091536339533923e+04
5.557539399999999574e+00 9.125884341910739022e+04
5.563922200000000373e+00 9.201141369269255665e+04
5.570305000000000284e+00 9.339927364815102192e+04
5.576687800000000195e+00 9.585560485608057934e+04
5.583070600000000105e+00 1.001139075832074304e+05
5.589453500000000297e+00 1.072353971813455864e+05
5.595836300000000207e+00 1.185818601317482535e+05
5.602219100000000118e+00 1.353422365302841936e+05
5.608601900000000029e+00 1.579877656865910103e+05
5.614984699999999940e+00 1.856981781920351204e+05
5.621367499999999851e+00 2.159477084014892462e+05
5.627750400000000042e+00 2.460431766909015423e+05
5.634133199999999952e+00 2.738076327406946220e+05
5.640515999999999863e+00 2.975929781523789279e+05
5.646898799999999774e+00 3.159589050768510206e+05
5.653281599999999685e+00 3.270496008010490332e+05
5.659664499999999876e+00 3.290451345099160098e+05
5.666047299999999787e+00 3.206131909181728261e+05
5.672430099999999698e+00 3.017833185027010040e+05
5.678812899999999608e+00 2.742450797691865009e+05
5.685195700000000407e+00 2.408560894225400989e+05
5.691578500000000318e+00 2.058252069686866016e+05
5.697961399999999621e+00 1.733391627810363425e+05
5.704344200000000420e+00 1.461662212124353391e+05
5.710727000000000331e+00 1.256504947265638621e+05
5.717109800000000241e+00 1.114364719788927760e+05
5.723492600000000152e+00 1.023089047704807890e+05
5.729875500000000343e+00 9.677801591262983857e+04
5.736258300000000254e+00 9.352503377823160554e+04
5.742641100000000165e+00 9.162639591179270064e+04
5.749023900000000076e+00 9.047582879978447454e+04
5.755406699999999987e+00 8.973357858507908531e+04
5.761789499999999897e+00 8.925000291227851994e+04
5.768172400000000088e+00 8.894973955920105800e+04
5.774555199999999999e+00 8.874351073836539581e+04
5.780937999999999910e+00 8.856522228994706529e+04
5.787320799999999821e+00 8.840821349952992750e+04
5.793703599999999732e+00 8.829584084737973171e+04
5.800086499999999923e+00 8.823235952192975674e+04
5.806469299999999834e+00 8.818458239543804666e+04
5.812852099999999744e+00 8.811790371596836485e+04
5.819234899999999655e+00 8.803561737803756841e+04
5.825617699999999566e+00 8.796438679635166773e+04
5.832000500000000365e+00 8.791643279050108686e+04
5.838383399999999668e+00 8.789256817531205888e+04
5.844766199999999579e+00 8.788952734939061338e+04
5.851149000000000377e+00 8.789152532324567437e+04
5.857531800000000288e+00 8.788135949681879720e+04
5.863914600000000199e+00 8.785800218991920701e+04
5.870297500000000390e+00 8.783006450370031234e+04
5.876680300000000301e+00 8.780790230497889570e+04
5.883063100000000212e+00 8.779574284704489401e+04
5.889445900000000123e+00 8.779560315841140982e+04
5.895828700000000033e+00 8.779243087255615683e+04
5.902211600000000224e+00 8.776949570533230144e+04
5.908594400000000135e+00 8.775367645939592330e+04
5.914977200000000046e+00 8.778422384214898921e+04
5.921359999999999957e+00 8.784523108168601175e+04
5.927742799999999868e+00 8.789685352406567836e+04
5.934125599999999778e+00 8.793085979175336252e+04
5.940508499999999970e+00 8.797058856191206723e+04
5.946891299999999880e+00 8.804404116406863614e+04
5.953274099999999791e+00 8.817851020118607266e+04
5.959656899999999702e+00 8.840345866675056459e+04
5.966039699999999613e+00 8.877417933870482375e+04
5.972422599999999804e+00 8.939843320002369001e+04
5.978805399999999715e+00 9.045229902318728273e+04
5.985188199999999625e+00 9.217258404404914472e+04
5.991571000000000424e+00 9.477973466248280602e+04
5.997953800000000335e+00 9.836877261008220376e+04
6.004336600000000246e+00 1.028458044468507869e+05
6.010719500000000437e+00 1.078358783510600770e+05
6.017102300000000348e+00 1.128771151943031291e+05
6.023485100000000259e+00 1.175939036384563369e+05
6.029867900000000169e+00 1.216752575391713763e+05
6.036250700000000080e+00 1.248953986694710184e+05
6.042633600000000271e+00 1.269481380580277473e+05
6.049016400000000182e+00 1.275028118987974740e+05
6.055399200000000093e+00 1.263358378171100339e+05
6.061782000000000004e+00 1.234539575102397939e+05
6.068164799999999914e+00 1.191309945521173067e+05
6.074547599999999825e+00 1.138116384624638158e+05
6.080930500000000016e+00 1.081120705303747382e+05
6.087313299999999927e+00 1.027473984949888254e+05
6.093696099999999838e+00 9.822633254521290655e+04
6.100078899999999749e+00 9.481416650042041147e+04
6.106461699999999659e+00 9.248445287316085887e+04
6.112844599999999851e+00 9.104262859574737377e+04
6.119227399999999761e+00 9.025038878319499781e+04
6.125610199999999672e+00 8.990824731130126747e+04
6.131992999999999583e+00 8.993014891278381401e+04
6.138375800000000382e+00 9.032831523368375201e+04
6.144758600000000293e+00 9.119883925484702922e+04
6.151141499999999596e+00 9.276773285927851975e+04
6.157524300000000395e+00 9.547873668088730483e+04
6.163907100000000305e+00 1.000257292794193781e+05
6.170289900000000216e+00 1.073844311312273203e+05
6.176672700000000127e+00 1.186250583164695126e+05
6.183055600000000318e+00 1.343357058594410482e+05
6.189438400000000229e+00 1.543004784475461929e+05
6.195821200000000140e+00 1.771092464351160743e+05
6.202204000000000050e+00 2.004352841656946694e+05
6.208586799999999961e+00 2.224451935830718721e+05
6.214969599999999872e+00 2.416994010571326653e+05
6.221352500000000063e+00 2.570726945035158424e+05
6.227735299999999974e+00 2.673384997848485364e+05
6.234118099999999885e+00 2.710215692007092293e+05
6.240500899999999795e+00 2.670445499048686470e+05
6.246883699999999706e+00 2.550037501434561564e+05
6.253266599999999897e+00 2.357342746118131618e+05
6.259649399999999808e+00 2.113537991913338774e+05
6.266032199999999719e+00 1.847391300744914333e+05
6.272414999999999630e+00 1.592370894967794302e+05
6.278797800000000429e+00 1.374248385093550896e+05
6.285180699999999732e+00 1.205351964316593076e+05
6.291563499999999642e+00 1.085921866489826934e+05
6.297946300000000441e+00 1.008372400202185090e+05
6.304329100000000352e+00 9.623893675973390054e+04
6.310711900000000263e+00 9.375135422348961583e+04
6.317094700000000174e+00 9.260127234617643990e+04
6.323477600000000365e+00 9.234364306341022893e+04
6.329860400000000276e+00 9.284295383666449925e+04
6.336243200000000186e+00 9.428027437030780129e+04
6.342626000000000097e+00 9.711071247425669571e+04
6.349008800000000008e+00 1.020322763493133534e+05
6.355391700000000199e+00 1.098421963537569100e+05
6.361774500000000110e+00 1.212362759750467812e+05
6.368157300000000021e+00 1.362105729868948401e+05
6.374540099999999931e+00 1.537639740310681518e+05
6.380922899999999842e+00 1.724355868947864219e+05
6.387305699999999753e+00 1.904984842736211140e+05
6.393688599999999944e+00 2.066732973678816343e+05
6.400071399999999855e+00 2.200332306401510141e+05
6.406454199999999766e+00 2.295274013839905674e+05
6.412836999999999676e+00 2.340957791117870947e+05
6.419219799999999587e+00 2.326978200921551324e+05
6.425602699999999778e+00 2.248705265502048715e+05
6.431985499999999689e+00 2.109976306067257829e+05
6.438368299999999600e+00 1.923880550910501624e+05
6.444751100000000399e+00 1.713057859968260454e+05
6.451133900000000310e+00 1.503552584456140758e+05
6.457516700000000220e+00 1.318171594722925802e+05
6.463899600000000412e+00 1.170848741936908045e+05
6.470282400000000322e+00 1.064223211920263129e+05
6.476665200000000233e+00 9.934451431343346485e+04
6.483048000000000144e+00 9.498680152800452197e+04
6.489430800000000055e+00 9.248441218122697319e+04
6.495813700000000246e+00 9.113058732058446913e+04
6.502196500000000157e+00 9.050974104103037098e+04
6.508579300000000067e+00 9.047236682380337152e+04
6.514962099999999978e+00 9.101911008197355841e+04
6.521344899999999889e+00 9.228800393740994332e+04
6.527727699999999800e+00 9.455534222610676079e+04
6.534110599999999991e+00 9.814203626189737406e+04
6.540493399999999902e+00 1.031739978054101812e+05
6.546876199999999812e+00 1.094544954287299333e+05
6.553258999999999723e+00 1.165263915704919928e+05
6.559641799999999634e+00 1.237007365351787594e+05
6.566024699999999825e+00 1.304089951682030805e+05
6.572407499999999736e+00 1.362508113500481704e+05
6.578790299999999647e+00 1.408180534196529188e+05
6.585173099999999557e+00 1.436952680613363336e+05
6.591555900000000356e+00 1.444169340610103100e+05
6.597938799999999659e+00 1.426823910778253339e+05
6.604321599999999570e+00 1.384392270169471158e+05
6.610704400000000369e+00 1.320018768904246390e+05
6.617087200000000280e+00 1.241466206267268572e+05
6.623470000000000191e+00 1.158730114266507589e+05
6.629852800000000101e+00 1.081376040931259631e+05
6.636235700000000293e+00 1.016617957387325587e+05
6.642618500000000203e+00 9.677947446176668745e+04
6.649001300000000114e+00 9.346504781991898199e+04
6.655384100000000025e+00 9.141022757022261794e+04
6.661766899999999936e+00 9.025761648198057082e+04
6.668149800000000127e+00 8.974925162381910195e+04
6.674532600000000038e+00 8.976525340214988682e+04
6.680915399999999948e+00 9.030945100796292536e+04
6.687298199999999859e+00 9.152010940940826549e+04
6.693680999999999770e+00 9.369527588340063812e+04
6.700063799999999681e+00 9.724199677460634848e+04
6.706446699999999872e+00 1.025868346038769232e+05
6.712829499999999783e+00 1.098969578328957723e+05
6.719212299999999694e+00 1.188486227776727901e+05
6.725595099999999604e+00 1.287098820787997684e+05
6.731977900000000403e+00 1.384867678948923713e+05
6.738360799999999706e+00 1.474487883790761698e+05
6.744743599999999617e+00 1.551015954003192019e+05
6.751126400000000416e+00 1.609071114304917865e+05
6.757509200000000327e+00 1.642980254259868525e+05
6.763892000000000237e+00 1.646673145688669174e+05
6.770274800000000148e+00 1.616714418650966254e+05
6.776657700000000339e+00 1.553429165172696812e+05
6.783040500000000250e+00 1.462161020193723962e+05
6.789423300000000161e+00 1.353765176825280068e+05
6.795806100000000072e+00 1.241539319990998192e+05
6.802188899999999983e+00 1.138885276994528103e+05
6.808571800000000174e+00 1.055268923466129636e+05
6.814954600000000084e+00 9.938986512349273835e+04
6.821337399999999995e+00 9.533000656437329599e+04
6.827720199999999906e+00 9.294986323466911563e+04
6.834102999999999817e+00 9.186221457908803131e+04
6.840485799999999728e+00 9.179540183204566711e+04
6.846868699999999919e+00 9.269491042102497886e+04
6.853251499999999830e+00 9.481448749304555531e+04
6.859634299999999740e+00 9.872982455437465978e+04
6.866017099999999651e+00 1.052315572858456726e+05
6.872399899999999562e+00 1.150743957390939904e+05
6.878782799999999753e+00 1.286888903979464376e+05
6.885165599999999664e+00 1.456208759420816205e+05
6.891548399999999575e+00 1.645105497361034504e+05
6.897931200000000374e+00 1.837221725917564472e+05
6.904314000000000284e+00 2.015491254443770158e+05
6.910696899999999587e+00 2.168893977943105856e+05
6.917079700000000386e+00 2.287893329752110294e+05
6.923462500000000297e+00 2.360716124134803540e+05
6.929845300000000208e+00 2.376116075222252111e+05
6.936228100000000119e+00 2.325602263517651591e+05
6.942610900000000029e+00 2.209390805407423177e+05
6.948993800000000221e+00 2.036798363987868943e+05
6.955376600000000131e+00 1.826855031411031378e+05
6.961759400000000042e+00 1.607139174189678743e+05
6.968142199999999953e+00 1.402786823167594848e+05
6.974524999999999864e+00 1.232908963122299901e+05
6.980907900000000055e+00 1.105900171965782647e+05
6.987290699999999966e+00 1.019580762014393404e+05
6.993673499999999876e+00 9.661847055094412644e+04
7.000056299999999787e+00 9.360486237832992629e+04
7.006439099999999698e+00 9.213583187211156473e+04
7.012821899999999609e+00 9.180293420474512095e+04
7.019204799999999800e+00 9.254027510082875961e+04
7.025587599999999711e+00 9.449388141308925697e+04
7.031970399999999621e+00 9.792892370049994497e+04
7.038353200000000420e+00 1.030851454208962969e+05
7.044736000000000331e+00 1.099420830379784311e+05
7.051118899999999634e+00 1.181742557324753434e+05
7.057501700000000433e+00 1.270709577327462321e+05
7.063884500000000344e+00 1.357393113954797154e+05
7.070267300000000255e+00 1.435350598260430852e+05
7.076650100000000165e+00 1.499174263585986919e+05
7.083032900000000076e+00 1.544126741544951801e+05
7.089415800000000267e+00 1.565100166136583430e+05
7.095798600000000178e+00 1.557653915920647269e+05
7.102181400000000089e+00 1.519642461205659201e+05
7.108564200000000000e+00 1.452403347480044176e+05
7.114946999999999910e+00 1.362909789878703014e+05
7.121329900000000102e+00 1.261713932466143306e+05
7.127712700000000012e+00 1.160997831276888319e+05
7.134095499999999923e+00 1.072860299678380834e+05
7.140478299999999834e+00 1.003357293805888912e+05
7.146861099999999745e+00 9.534481736037103110e+04
7.153243899999999655e+00 9.204045404504652834e+04
7.159626799999999847e+00 9.000302883572499559e+04
7.166009599999999757e+00 8.882214254778026952e+04
7.172392399999999668e+00 8.813194407987754676e+04
7.178775199999999579e+00 8.770008965477906168e+04
7.185158000000000378e+00 8.741763370334057254e+04
7.191540899999999681e+00 8.722105941428031656e+04
7.197923699999999592e+00 8.705989596345742757e+04
7.204306500000000391e+00 8.691912647959734022e+04
7.210689300000000301e+00 8.681281601339258486e+04
7.217072100000000212e+00 8.675143784364114981e+04
7.223455000000000403e+00 8.672601214111175796e+04
7.229837800000000314e+00 8.673745919399691047e+04
7.236220600000000225e+00 8.677139535575421178e+04
7.242603400000000136e+00 8.678317983667436056e+04
7.248986200000000046e+00 8.676319609569240129e+04
7.255368999999999957e+00 8.673956398006985546e+04
7.261751900000000148e+00 8.673146873984562990e+04
7.268134700000000059e+00 8.674371106264158152e+04
7.274517499999999970e+00 8.677532044336744002e+04
7.280900299999999881e+00 8.682097432201792253e+04
7.287283099999999791e+00 8.686101549773869920e+04
7.293665999999999983e+00 8.688265615045804589e+04
7.300048799999999893e+00 8.689592483242091839e+04
7.306431599999999804e+00 8.692814539135052473e+04
7.312814399999999715e+00 8.701439431657477689e+04
7.319197199999999626e+00 8.719222208657613373e+04
7.325580000000000425e+00 8.752884910911333282e+04
7.331962899999999728e+00 8.814518102803771035e+04
7.338345699999999638e+00 8.922181200323208759e+04
7.344728500000000437e+00 9.096290855546429520e+04
7.351111300000000348e+00 9.353266862374980701e+04
7.357494100000000259e+00 9.697988876042337506e+04
7.363876999999999562e+00 1.012247653078651783e+05
7.370259800000000361e+00 1.059753160210361530e+05
7.376642600000000272e+00 1.107726589985375758e+05
7.383025400000000182e+00 1.151985091357867641e+05
7.389408200000000093e+00 1.189333838982242742e+05
7.395791000000000004e+00 1.217495130581010162e+05
7.402173900000000195e+00 1.233935089012517710e+05
7.408556700000000106e+00 1.236188743766403059e+05
7.414939500000000017e+00 1.222509097137436911e+05
7.421322299999999927e+00 1.192711568617963931e+05
7.427705099999999838e+00 1.149144197240759677e+05
7.434088000000000029e+00 1.096610172990459105e+05
7.440470799999999940e+00 1.042043493646650750e+05
7.446853599999999851e+00 9.928107567116136488e+04
7.453236399999999762e+00 9.530861214430327527e+04
7.459619199999999672e+00 9.241112712895362347e+04
7.466001999999999583e+00 9.051640460487188830e+04
7.472384899999999774e+00 8.945329375004058238e+04
7.478767699999999685e+00 8.904968664451804943e+04
7.485150499999999596e+00 8.923976285306672798e+04
7.491533300000000395e+00 9.008306448261908372e+04
7.497916100000000306e+00 9.170419465994428901e+04
7.504298999999999609e+00 9.422842433339924901e+04
7.510681800000000408e+00 9.769515843956805475e+04
7.517064600000000318e+00 1.019586814668116422e+05
7.523447400000000229e+00 1.066824286127137748e+05
7.529830200000000140e+00 1.114256031491994800e+05
7.536213100000000331e+00 1.158284386413302564e+05
7.542595900000000242e+00 1.195712450696198794e+05
7.548978700000000153e+00 1.223547732637239242e+05
7.555361500000000063e+00 1.238818027465719497e+05
7.561744299999999974e+00 1.239217998346749227e+05
7.568127099999999885e+00 1.223730814350569854e+05
7.574510000000000076e+00 1.192740561269680620e+05
7.580892799999999987e+00 1.148985094874376955e+05
7.587275599999999898e+00 1.097581826348230534e+05
7.593658399999999808e+00 1.044952860047983268e+05
7.600041199999999719e+00 9.980995793346084247e+04
7.606424099999999910e+00 9.615392100486575509e+04
7.612806899999999821e+00 9.368988896813264000e+04
7.619189699999999732e+00 9.243579636155298795e+04
7.625572499999999643e+00 9.238203699845408846e+04
7.631955300000000442e+00 9.364301895541671547e+04
7.638338100000000352e+00 9.656053162458393490e+04
7.644720999999999655e+00 1.017302111757686944e+05
7.651103799999999566e+00 1.098848605762876687e+05
7.657486600000000365e+00 1.215552295414099062e+05
7.663869400000000276e+00 1.366018413474790868e+05
7.670252200000000187e+00 1.540073071316862479e+05
7.676635100000000378e+00 1.722631716905926587e+05
7.683017900000000289e+00 1.897266261387098639e+05
7.689400700000000199e+00 2.051173081346080289e+05
7.695783500000000110e+00 2.173649869332456728e+05
7.702166300000000021e+00 2.254224759682964650e+05
7.708549099999999932e+00 2.282577755540541548e+05
7.714932000000000123e+00 2.250130501629579230e+05
7.721314800000000034e+00 2.155095376491636271e+05
7.727697599999999944e+00 2.003766086232029193e+05
7.734080399999999855e+00 1.811986575763858855e+05
7.740463199999999766e+00 1.604256175918834633e+05
7.746846099999999957e+00 1.406036790989110596e+05
7.753228899999999868e+00 1.238392996104826452e+05
7.759611699999999779e+00 1.111551395756326383e+05
7.765994499999999690e+00 1.025506585626977612e+05
7.772377299999999600e+00 9.737081790945411194e+04
7.778760100000000399e+00 9.479706113224974251e+04
7.785142999999999702e+00 9.424241829614556627e+04
7.791525799999999613e+00 9.548213707819758565e+04
7.797908600000000412e+00 9.853584742522655870e+04
7.804291400000000323e+00 1.033853027517206792e+05
7.810674200000000234e+00 1.098355526289790869e+05
7.817057100000000425e+00 1.174204463060536073e+05
7.823439900000000335e+00 1.253897795698829286e+05
7.829822700000000246e+00 1.330418016931977472e+05
7.836205500000000157e+00 1.397735040681347018e+05
7.842588300000000068e+00 1.450998942071633646e+05
7.848971200000000259e+00 1.485879878219363454e+05
7.855354000000000170e+00 1.497407956245879468e+05
7.861736800000000081e+00 1.482150002992587979e+05
7.868119599999999991e+00 1.439172965773702017e+05
7.874502399999999902e+00 1.371524132851583418e+05
7.880885199999999813e+00 1.286326683516166959e+05
7.887268100000000004e+00 1.193555464779299946e+05
7.893650899999999915e+00 1.105408213896559755e+05
7.900033699999999826e+00 1.030738161056299869e+05
7.906416499999999736e+00 9.734637173287433689e+04
7.912799299999999647e+00 9.336824131506815320e+04
7.919182199999999838e+00 9.085076056941630668e+04
7.925564999999999749e+00 8.937576969434329658e+04
7.931947799999999660e+00 8.853945145754312398e+04
7.938330599999999571e+00 8.805428759521989559e+04
7.944713400000000370e+00 8.775832055945221509e+04
7.951096200000000280e+00 8.756728192917592241e+04
7.957479099999999583e+00 8.743471981099368713e+04
7.963861900000000382e+00 8.735797186666786729e+04
7.970244700000000293e+00 8.732425455485245038e+04
7.976627500000000204e+00 8.729434626748692244e+04
7.983010300000000115e+00 8.725190978769361391e+04
7.989393200000000306e+00 8.720826704025434447e+04
7.995776000000000217e+00 8.718269911691793823e+04
8.002158800000000127e+00 8.718663681354949949e+04
8.008541599999999150e+00 8.722706146246462595e+04
8.014924399999999949e+00 8.730374231116587180e+04
8.021307200000000748e+00 8.739741021900161286e+04
8.027690099999999163e+00 8.749839839466080593e+04
8.034072899999999962e+00 8.763192519397745491e+04
8.040455700000000760e+00 8.785653806839472963e+04
8.046838499999999783e+00 8.822153307582260459e+04
8.053221300000000582e+00 8.879435887204637402e+04
8.059604200000000773e+00 8.973035428706952371e+04
8.065986999999999796e+00 9.133004141843377147e+04
8.072369800000000595e+00 9.406417600547103211e+04
8.078752599999999617e+00 9.854797631728409033e+04
8.085135400000000416e+00 1.053557573295573820e+05
8.091518199999999439e+00 1.147978653668551415e+05
8.097901099999999630e+00 1.267094435043542471e+05
8.104283900000000429e+00 1.401803329957732931e+05
8.110666699999999452e+00 1.539397792731681839e+05
8.117049500000000251e+00 1.667918872942981543e+05
8.123432299999999273e+00 1.778421888229951728e+05
8.129815199999999464e+00 1.863136670187885757e+05
8.136198000000000263e+00 1.914064747356280277e+05
8.142580799999999286e+00 1.923533228760932689e+05
8.148963600000000085e+00 1.885971633954781573e+05
8.155346400000000884e+00 1.801562462556890678e+05
8.161729299999999299e+00 1.677467181817316450e+05
8.168112100000000098e+00 1.527513002196263697e+05
8.174494899999999120e+00 1.371302221649382263e+05
8.180877699999999919e+00 1.227741136332433089e+05
8.187260500000000718e+00 1.110729980018085480e+05
8.193643299999999741e+00 1.025795699886097427e+05
8.200026199999999932e+00 9.711229936241940595e+04
8.206409000000000731e+00 9.412163210901018465e+04
8.212791799999999753e+00 9.307850868004222866e+04
8.219174600000000552e+00 9.363056966544046008e+04
8.225557399999999575e+00 9.558442314963057288e+04
8.231940299999999766e+00 9.878488919719199475e+04
8.238323100000000565e+00 1.029519885582103889e+05
8.244705899999999588e+00 1.076755576363833243e+05
8.251088700000000387e+00 1.124836176637787576e+05
8.257471499999999409e+00 1.169101900422532053e+05
8.263854300000000208e+00 1.206364788841383561e+05
8.270237200000000399e+00 1.233871513191720878e+05
8.276619999999999422e+00 1.248878219636287831e+05
8.283002800000000221e+00 1.248614645133865997e+05
8.289385599999999243e+00 1.231102387706098089e+05
8.295768400000000042e+00 1.196826063454571849e+05
8.302151300000000234e+00 1.148961524976960791e+05
8.308534099999999256e+00 1.093285281029863108e+05
8.314916900000000055e+00 1.036802373788187688e+05
8.321299700000000854e+00 9.858066627056380094e+04
8.327682499999999877e+00 9.450684100379796291e+04
8.334065300000000676e+00 9.159399318586054142e+04
8.340448200000000867e+00 8.969547401959879790e+04
8.346830999999999889e+00 8.853567900817458576e+04
8.353213800000000688e+00 8.785174701027676929e+04
8.359596599999999711e+00 8.745827406651293859e+04
8.365979400000000510e+00 8.722584012524261198e+04
8.372362300000000701e+00 8.707719849983850145e+04
8.378745099999999724e+00 8.698626565583256888e+04
8.385127900000000523e+00 8.692647107641433831e+04
8.391510699999999545e+00 8.686876196424692171e+04
8.397893500000000344e+00 8.681227114595327294e+04
8.404276299999999367e+00 8.677341681371437153e+04
8.410659199999999558e+00 8.676094100443969364e+04
8.417042000000000357e+00 8.676154490499524400e+04
8.423424799999999379e+00 8.676607413867599098e+04
8.429807600000000178e+00 8.677382617139970534e+04
8.436190399999999201e+00 8.678196613260084996e+04
8.442573299999999392e+00 8.677807629671442555e+04
8.448956100000000191e+00 8.676455280323608895e+04
8.455338899999999214e+00 8.679096621684280399e+04
8.461721700000000013e+00 8.690781875460469746e+04
8.468104500000000812e+00 8.711353204939639545e+04
8.474487399999999226e+00 8.739779079164555878e+04
8.480870200000000025e+00 8.782750515994623129e+04
8.487253000000000824e+00 8.853036183268185414e+04
8.493635799999999847e+00 8.963166446191177238e+04
8.500018600000000646e+00 9.122638658858134295e+04
8.506401399999999668e+00 9.331517640816929634e+04
8.512784299999999860e+00 9.576821415416261880e+04
8.519167100000000659e+00 9.836261551151089952e+04
8.525549899999999681e+00 1.008577610389658948e+05
8.531932700000000480e+00 1.030444209023876319e+05
8.538315499999999503e+00 1.047665228305131022e+05
8.544698399999999694e+00 1.059139993823830737e+05
8.551081200000000493e+00 1.063901618113055010e+05
8.557463999999999515e+00 1.060863148897023057e+05
8.563846800000000314e+00 1.048953316147026635e+05
8.570229599999999337e+00 1.028466434502748889e+05
8.576612400000000136e+00 1.001944384749480523e+05
8.582995300000000327e+00 9.735234363914423739e+04
8.589378099999999350e+00 9.477041311327461153e+04
8.595760900000000149e+00 9.279323366919782711e+04
8.602143699999999171e+00 9.163934886179327441e+04
8.608526499999999970e+00 9.145709419350828102e+04
8.614909400000000161e+00 9.241239753412196296e+04
8.621292199999999184e+00 9.473910845601564506e+04
8.627674999999999983e+00 9.871480320248685894e+04
8.634057800000000782e+00 1.045217428644760221e+05
8.640440599999999804e+00 1.120344835074867879e+05
8.646823400000000603e+00 1.207584851613390929e+05
8.653206300000000795e+00 1.298827272197269485e+05
8.659589099999999817e+00 1.384913670410456543e+05
8.665971900000000616e+00 1.459603847622576868e+05
8.672354699999999639e+00 1.517648081834226032e+05
8.678737500000000438e+00 1.553604651585887477e+05
8.685120400000000629e+00 1.561994792631947203e+05
8.691503199999999651e+00 1.539070079796262435e+05
8.697886000000000450e+00 1.485344420567769848e+05
8.704268799999999473e+00 1.405376357301335083e+05
8.710651600000000272e+00 1.308611176187108358e+05
8.717034399999999295e+00 1.207550614729667577e+05
8.723417299999999486e+00 1.114539335055801203e+05
8.729800100000000285e+00 1.040213254920927866e+05
8.736182899999999307e+00 9.896739487920637475e+04
8.742565700000000106e+00 9.636375617763461196e+04
8.748948499999999129e+00 9.611374146729755739e+04
8.755331399999999320e+00 9.811985522963246331e+04
8.761714200000000119e+00 1.022890809536802117e+05
8.768096999999999142e+00 1.084266702434588078e+05
8.774479799999999940e+00 1.161537971568026987e+05
8.780862600000000739e+00 1.247465985278906883e+05
8.787245499999999154e+00 1.333066344296562020e+05
8.793628299999999953e+00 1.410420087815614534e+05
8.800011100000000752e+00 1.473341612629903830e+05
8.806393899999999775e+00 1.516854455121399369e+05
8.812776700000000574e+00 1.536341191126026388e+05
8.819159499999999596e+00 1.527886561879706860e+05
8.825542399999999787e+00 1.489315444323819247e+05
8.831925200000000586e+00 1.422521351268129656e+05
8.838307999999999609e+00 1.334580331637375930e+05
8.844690800000000408e+00 1.236650586678482941e+05
8.851073599999999431e+00 1.141987406856928283e+05
8.857456499999999622e+00 1.061853652473584661e+05
8.863839300000000421e+00 1.003109011916705640e+05
8.870222099999999443e+00 9.678567083276750054e+04
8.876604900000000242e+00 9.551211669594526757e+04
8.882987699999999265e+00 9.631835125488779158e+04
8.889370500000000064e+00 9.905317048554532812e+04
8.895753400000000255e+00 1.035201735177556111e+05
8.902136199999999278e+00 1.093442599224847800e+05
8.908519000000000077e+00 1.159744404854246823e+05
8.914901800000000875e+00 1.227530682437621581e+05
8.921284599999999898e+00 1.290111683172236953e+05
8.927667500000000089e+00 1.342530165309036965e+05
8.934050299999999112e+00 1.380279751590617525e+05
8.940433099999999911e+00 1.399270619610508438e+05
8.946815900000000710e+00 1.395882806632091524e+05
8.953198699999999732e+00 1.368154148063188186e+05
8.959581500000000531e+00 1.317461193786153744e+05
8.965964400000000722e+00 1.248727373008184950e+05
8.972347199999999745e+00 1.170731496384329366e+05
8.978730000000000544e+00 1.093803417478273914e+05
8.985112799999999567e+00 1.026957274211262120e+05
8.991495600000000366e+00 9.766878837293907418e+04
8.997878500000000557e+00 9.449964721373034990e+04
9.004261299999999579e+00 9.305040488354975241e+04
9.010644100000000378e+00 9.308569172614495619e+04
9.017026899999999401e+00 9.441947373351218994e+04
9.023409700000000200e+00 9.686464123836555518e+04
9.029792499999999222e+00 1.001456855406220566e+05
9.036175399999999414e+00 1.039275420209919102e+05
9.042558200000000213e+00 1.077917446766861540e+05
9.048940999999999235e+00 1.113315829918392410e+05
9.055323800000000034e+00 1.142534535399080924e+05
9.061706600000000833e+00 1.162969187073078647e+05
9.068089499999999248e+00 1.171973453351466160e+05
9.074472300000000047e+00 1.167688587607672671e+05
9.080855100000000846e+00 1.149614046181158628e+05
9.087237899999999868e+00 1.118719058243782783e+05
9.093620700000000667e+00 1.078118301213705854e+05
9.100003499999999690e+00 1.033049852766530821e+05
9.106386399999999881e+00 9.894084747482852254e+04
9.112769200000000680e+00 9.523949641459994018e+04
9.119151999999999703e+00 9.249934172859493992e+04
9.125534800000000502e+00 9.083512970427272376e+04
9.131917599999999524e+00 9.019084742269806156e+04
9.138300499999999715e+00 9.042188320820024819e+04
9.144683300000000514e+00 9.139012966696158401e+04
9.151066099999999537e+00 9.295988513998273993e+04
9.157448900000000336e+00 9.494175238624801568e+04
9.163831699999999358e+00 9.707943358596778126e+04
9.170214599999999550e+00 9.914487323708669282e+04
9.176597400000000349e+00 1.009631879089730792e+05
9.182980199999999371e+00 1.023710115132547799e+05
9.189363000000000170e+00 1.032283794665756577e+05
9.195745799999999193e+00 1.034257966338608239e+05
9.202128599999999992e+00 1.029174604041498969e+05
9.208511500000000183e+00 1.016975479627150053e+05
9.214894299999999205e+00 9.985719220307520300e+04
9.221277100000000004e+00 9.761203950172614714e+04
9.227659900000000803e+00 9.526963494164848817e+04
9.234042699999999826e+00 9.323513926846797403e+04
9.240425600000000017e+00 9.187217946179999853e+04
9.246808400000000816e+00 9.142939452568317938e+04
9.253191199999999839e+00 9.208253208302185521e+04
9.259574000000000638e+00 9.401235772573511349e+04
9.265956799999999660e+00 9.740187072046575486e+04
9.272339600000000459e+00 1.022505142727137718e+05
9.278722500000000650e+00 1.082410174192959385e+05
9.285105299999999673e+00 1.148022174053777708e+05
9.291488100000000472e+00 1.212878142446645652e+05
9.297870899999999494e+00 1.271548561756341078e+05
9.304253700000000293e+00 1.319445216167605540e+05
9.310636600000000485e+00 1.352318469468235271e+05
9.317019399999999507e+00 1.365953319624934811e+05
9.323402200000000306e+00 1.357576103394374659e+05
9.329784999999999329e+00 1.326393200040651427e+05
9.336167800000000128e+00 1.274288264251894434e+05
9.342550599999999150e+00 1.206547785241612582e+05
9.348933499999999341e+00 1.131348068428040715e+05
9.355316300000000140e+00 1.058433816321349586e+05
9.361699099999999163e+00 9.958345973456135835e+04
9.368081899999999962e+00 9.479063096852888702e+04
9.374464700000000761e+00 9.150910711594327586e+04
9.380847599999999176e+00 8.945679456647002371e+04
9.387230399999999975e+00 8.825725069723455817e+04
9.393613200000000774e+00 8.758290589535082108e+04
9.399995999999999796e+00 8.719931137504044455e+04
9.406378800000000595e+00 8.696605695657820615e+04
9.412761599999999618e+00 8.680809417370929441e+04
9.419144499999999809e+00 8.669200513520624372e+04
9.425527300000000608e+00 8.661069773385560256e+04
9.431910099999999630e+00 8.657080700026769773e+04
9.438292900000000429e+00 8.656236091581468645e+04
9.444675699999999452e+00 8.655878387062366528e+04
9.451058599999999643e+00 8.656750933251522656e+04
9.457441400000000442e+00 8.660493617583430023e+04
9.463824199999999465e+00 8.666221577856666408e+04
9.470207000000000264e+00 8.674187838365125936e+04
9.476589799999999286e+00 8.687603914250078378e+04
9.482972699999999477e+00 8.711228971324620943e+04
9.489355500000000276e+00 8.751780051497597015e+04
9.495738299999999299e+00 8.819546612155401090e+04
9.502121100000000098e+00 8.926855708947329549e+04
9.508503899999999120e+00 9.082958177337601956e+04
9.514886699999999919e+00 9.288283480001763382e+04
9.521269600000000111e+00 9.531650343426910695e+04
9.527652399999999133e+00 9.793793974613730097e+04
9.534035199999999932e+00 1.005340630613786634e+05
9.540418000000000731e+00 1.029005615672900749e+05
9.546800799999999754e+00 1.048193354105552717e+05
9.553183699999999945e+00 1.061147916081915027e+05
9.559566500000000744e+00 1.066430642977460084e+05
9.565949299999999766e+00 1.062878469539222424e+05
9.572332100000000565e+00 1.050066123655634001e+05
9.578714899999999588e+00 1.029195247012247273e+05
9.585097700000000387e+00 1.003327430397488060e+05
9.591480600000000578e+00 9.765122543684627453e+04
9.597863399999999601e+00 9.533177493305725511e+04
9.604246200000000400e+00 9.386454043341783108e+04
9.610628999999999422e+00 9.370404022784375411e+04
9.617011800000000221e+00 9.523525614439332276e+04
9.623394700000000412e+00 9.869651952713535866e+04
9.629777499999999435e+00 1.041704723556144163e+05
9.636160300000000234e+00 1.114711673728191527e+05
9.642543099999999257e+00 1.200342587106543360e+05
9.648925900000000055e+00 1.290274715482360625e+05
9.655308700000000854e+00 1.375216196312605753e+05
9.661691599999999269e+00 1.448011213775978540e+05
9.668074400000000068e+00 1.503173357221261540e+05
9.674457200000000867e+00 1.535487263846221904e+05
9.680839999999999890e+00 1.539953898841610353e+05
9.687222800000000689e+00 1.513551201352695934e+05
9.693605700000000880e+00 1.456737708429822233e+05
9.699988499999999902e+00 1.374444593750800705e+05
9.706371300000000701e+00 1.276264304339500668e+05
9.712754099999999724e+00 1.175262075827522494e+05
9.719136900000000523e+00 1.085195982567483297e+05
9.725519699999999546e+00 1.015860727420977491e+05
9.731902599999999737e+00 9.710366835280292435e+04
9.738285400000000536e+00 9.498266100158773770e+04
9.744668199999999558e+00 9.485128842321883712e+04
9.751051000000000357e+00 9.624245363495989295e+04
9.757433799999999380e+00 9.866637182034930447e+04
9.763816699999999571e+00 1.016361085997756454e+05
9.770199500000000370e+00 1.047133226452224626e+05
9.776582299999999393e+00 1.075232754009912896e+05
9.782965100000000191e+00 1.097910217860763951e+05
9.789347899999999214e+00 1.112677190690845455e+05
9.795730799999999405e+00 1.117646842882027267e+05
9.802113600000000204e+00 1.111533148802355572e+05
9.808496399999999227e+00 1.093974526481025969e+05
9.814879200000000026e+00 1.066141429618592665e+05
9.821262000000000825e+00 1.030846251506648841e+05
9.827644799999999847e+00 9.929249204400020244e+04
9.834027700000000038e+00 9.579566577872130438e+04
9.840410500000000837e+00 9.302226785879457020e+04
9.846793299999999860e+00 9.118312814470828744e+04
9.853176100000000659e+00 9.029950962527975207e+04
9.859558899999999682e+00 9.028405367844777356e+04
9.865941799999999873e+00 9.099383374136143539e+04
9.872324600000000672e+00 9.225290688550297637e+04
9.878707399999999694e+00 9.384281592631369131e+04
9.885090200000000493e+00 9.551013176788412966e+04
9.891472999999999516e+00 9.705146325451643497e+04
9.897855800000000315e+00 9.832814005611836910e+04
9.904238700000000506e+00 9.922743775614385959e+04
9.910621499999999529e+00 9.961199876270270033e+04
9.917004300000000327e+00 9.937092081492429134e+04
9.923387099999999350e+00 9.849113227269926574e+04
9.929769900000000149e+00 9.707701805427210638e+04
9.936152800000000340e+00 9.530410595303619630e+04
9.942535599999999363e+00 9.337289393288167776e+04
9.948918400000000162e+00 9.154867846381377603e+04
9.955301199999999184e+00 9.008958064616375486e+04
9.961683999999999983e+00 8.918339413232490188e+04
9.968066800000000782e+00 8.889488752203882905e+04
9.974449699999999197e+00 8.916669529842978227e+04
9.980832499999999996e+00 8.989133474337394000e+04
9.987215300000000795e+00 9.097990283638398978e+04
9.993598099999999818e+00 9.232056207919219742e+04
9.999980900000000617e+00 9.373719561566720949e+04
1.000636399999999959e+01 9.503491938458410732e+04
1.001274699999999918e+01 9.608217496672381822e+04
1.001912899999999951e+01 9.680864802220254205e+04
1.002551200000000087e+01 9.714516027189376473e+04
1.003189500000000045e+01 9.702211795411256026e+04
1.003827800000000003e+01 9.640802064366613922e+04
1.004466099999999962e+01 9.534961958769304329e+04
1.005104299999999995e+01 9.401954879768996034e+04
1.005742599999999953e+01 9.269585328399096034e+04
1.006380899999999912e+01 9.169218392437399598e+04
1.007019200000000048e+01 9.132235670161116286e+04
1.007657500000000006e+01 9.188941302933805855e+04
1.008295799999999964e+01 9.370371560445323121e+04
1.008933999999999997e+01 9.695955309997405857e+04
1.009572299999999956e+01 1.015970914769420924e+05
1.010210599999999914e+01 1.072738628101749928e+05
1.010848900000000050e+01 1.133837690052547259e+05
1.011487200000000009e+01 1.193053254997401236e+05
1.012125400000000042e+01 1.245239861887966836e+05
1.012763700000000000e+01 1.286021903658714145e+05
1.013401999999999958e+01 1.311758427791339345e+05
1.014040299999999917e+01 1.319202366333114333e+05
1.014678600000000053e+01 1.305963437363936682e+05
1.015316900000000011e+01 1.271759899344606092e+05
1.015955100000000044e+01 1.219557756240803283e+05
1.016593400000000003e+01 1.155460824366680608e+05
1.017231699999999961e+01 1.088406021640691906e+05
1.017869999999999919e+01 1.028594705769012944e+05
1.018508300000000055e+01 9.841398326875201019e+04
1.019146500000000088e+01 9.595239576834208856e+04
1.019784800000000047e+01 9.549970059791445965e+04
1.020423100000000005e+01 9.683579398923007830e+04
1.021061399999999963e+01 9.957415454196216888e+04
1.021699699999999922e+01 1.032010741541115422e+05
1.022338000000000058e+01 1.071655919732221664e+05
1.022976199999999913e+01 1.109343851290918246e+05
1.023614500000000049e+01 1.141128725502725720e+05
1.024252800000000008e+01 1.164080463538576296e+05
1.024891099999999966e+01 1.175821490983492840e+05
1.025529399999999924e+01 1.174099256473653659e+05
1.026167599999999958e+01 1.157650607279300020e+05
1.026805899999999916e+01 1.127181998452203843e+05
1.027444200000000052e+01 1.085782176604520209e+05
1.028082500000000010e+01 1.038679831857393146e+05
1.028720799999999969e+01 9.919509419197728857e+04
1.029359099999999927e+01 9.509362183426912816e+04
1.029997299999999960e+01 9.188389105114017730e+04
1.030635599999999918e+01 8.961328268388021388e+04
1.031273900000000054e+01 8.813744758873725368e+04
1.031912200000000013e+01 8.724842428309787647e+04
1.032550499999999971e+01 8.674742773544043303e+04
1.033188700000000004e+01 8.647426391297957161e+04
1.033826999999999963e+01 8.631749381951030227e+04
1.034465299999999921e+01 8.621199147696194996e+04
1.035103600000000057e+01 8.613826922796503641e+04
1.035741900000000015e+01 8.610487295262736734e+04
1.036380199999999974e+01 8.611223669864654948e+04
1.037018400000000007e+01 8.613434194389388722e+04
1.037656699999999965e+01 8.614245142564561684e+04
1.038294999999999924e+01 8.614360474674607394e+04
1.038933300000000060e+01 8.615327025539029273e+04
1.039571600000000018e+01 8.618672444171615643e+04
1.040209800000000051e+01 8.626511779255791043e+04
1.040848100000000009e+01 8.642318808935713605e+04
1.041486399999999968e+01 8.669004944432555931e+04
1.042124699999999926e+01 8.705618633680097992e+04
1.042763000000000062e+01 8.752346182132835384e+04
1.043401300000000020e+01 8.811067522029799875e+04
1.044039500000000054e+01 8.878239832785082399e+04
1.044677800000000012e+01 8.945855183136207052e+04
1.045316099999999970e+01 9.006774864519416587e+04
1.045954399999999929e+01 9.055656104182937997e+04
1.046592700000000065e+01 9.086896882029221160e+04
1.047230899999999920e+01 9.096035035882168449e+04
1.047869200000000056e+01 9.083684986449498683e+04
1.048507500000000014e+01 9.053412759974805522e+04
1.049145799999999973e+01 9.008713665899737680e+04
1.049784099999999931e+01 8.955785975904496445e+04
1.050422400000000067e+01 8.907704549075174145e+04
1.051060599999999923e+01 8.884456621957165771e+04
1.051698900000000059e+01 8.905745112072187476e+04
1.052337200000000017e+01 8.984714752588456031e+04
1.052975499999999975e+01 9.130122169382467109e+04
1.053613799999999934e+01 9.344322991296458349e+04
1.054251999999999967e+01 9.616314781831373693e+04
1.054890299999999925e+01 9.919338076652470045e+04
1.055528600000000061e+01 1.021747569234592083e+05
1.056166900000000020e+01 1.048058050055279600e+05
1.056805199999999978e+01 1.068947804647592275e+05
1.057443499999999936e+01 1.082775554457642138e+05
1.058081699999999969e+01 1.087916613698935835e+05
1.058719999999999928e+01 1.082941209875717614e+05
1.059358300000000064e+01 1.067725236246712448e+05
1.059996600000000022e+01 1.043765783996476093e+05
1.060634899999999980e+01 1.014434111133532424e+05
1.061273199999999939e+01 9.850105030096223345e+04
1.061911399999999972e+01 9.614992940508187166e+04
1.062549699999999930e+01 9.498684094564261613e+04
1.063188000000000066e+01 9.540664007303422841e+04
1.063826300000000025e+01 9.753021153477804910e+04
1.064464599999999983e+01 1.012122788821131398e+05
1.065102800000000016e+01 1.060411337959395751e+05
1.065741099999999975e+01 1.114337931053956854e+05
1.066379399999999933e+01 1.167535495249326486e+05
1.067017700000000069e+01 1.214543757779993757e+05
1.067656000000000027e+01 1.250902838151985488e+05
1.068294299999999986e+01 1.273033967519627186e+05
1.068932500000000019e+01 1.277996337289839284e+05
1.069570799999999977e+01 1.263855929926248500e+05
1.070209099999999935e+01 1.230591174581106461e+05
1.070847400000000071e+01 1.181298112302246009e+05
1.071485700000000030e+01 1.122626277379135136e+05
1.072123900000000063e+01 1.063208588641303359e+05
1.072762200000000021e+01 1.012102328378701932e+05
1.073400499999999980e+01 9.767614210120207281e+04
1.074038799999999938e+01 9.606088110839671572e+04
1.074677100000000074e+01 9.629929551809400436e+04
1.075315400000000032e+01 9.802680523500045820e+04
1.075953600000000066e+01 1.007624074027636671e+05
1.076591900000000024e+01 1.039931648843476141e+05
1.077230199999999982e+01 1.071811947694159026e+05
1.077868499999999941e+01 1.098916326619408210e+05
1.078506800000000077e+01 1.118496615987901750e+05
1.079144999999999932e+01 1.128309288769911946e+05
1.079783300000000068e+01 1.126411526755082014e+05
1.080421600000000026e+01 1.112320937566032808e+05
1.081059899999999985e+01 1.086974153948301973e+05
1.081698199999999943e+01 1.052951531983720342e+05
1.082336500000000079e+01 1.014655468652775744e+05
1.082974699999999935e+01 9.776759509062477446e+04
1.083613000000000071e+01 9.477809145925097982e+04
1.084251300000000029e+01 9.286177147594583221e+04
1.084889599999999987e+01 9.210784401037878706e+04
1.085527899999999946e+01 9.236915248185751261e+04
1.086166099999999979e+01 9.338787026456880267e+04
1.086804399999999937e+01 9.487760472443030449e+04
1.087442700000000073e+01 9.652346388331397611e+04
1.088081000000000031e+01 9.805967711447684269e+04
1.088719299999999990e+01 9.928799922982740100e+04
1.089357599999999948e+01 1.000606132762256602e+05
1.089995799999999981e+01 1.002779501295115042e+05
1.090634099999999940e+01 9.988773505716558429e+04
1.091272400000000076e+01 9.889282837264961563e+04
1.091910700000000034e+01 9.740312424430254032e+04
1.092548999999999992e+01 9.565277421067567775e+04
1.093187200000000026e+01 9.395686128559653298e+04
1.093825499999999984e+01 9.269175457796599949e+04
1.094463799999999942e+01 9.221069088295123947e+04
1.095102100000000078e+01 9.274868482692691032e+04
1.095740400000000037e+01 9.435591101038700435e+04
1.096378699999999995e+01 9.687771398884264636e+04
1.097016900000000028e+01 9.999825581199383305e+04
1.097655199999999986e+01 1.033048287322244141e+05
1.098293499999999945e+01 1.064007341737714887e+05
1.098931800000000081e+01 1.089761921717956138e+05
1.099570100000000039e+01 1.107889937913065951e+05
1.100208300000000072e+01 1.116323307804222859e+05
1.100846600000000031e+01 1.113483160111577308e+05
1.101484899999999989e+01 1.098917753820663493e+05
1.102123199999999947e+01 1.074037965353581531e+05
1.102761500000000083e+01 1.042318232083410985e+05
1.103399800000000042e+01 1.008917780885379179e+05
1.104038000000000075e+01 9.803662413670014939e+04
1.104676300000000033e+01 9.629880968270558515e+04
1.105314599999999992e+01 9.609746502029561088e+04
1.105952899999999950e+01 9.757859512809145963e+04
1.106591200000000086e+01 1.005614309684592736e+05
1.107229399999999941e+01 1.045958989164204540e+05
1.107867700000000077e+01 1.090983947054483870e+05
1.108506000000000036e+01 1.134677370472280745e+05
1.109144299999999994e+01 1.171859090355028893e+05
1.109782599999999952e+01 1.198589219092388812e+05
1.110420900000000088e+01 1.212227900058899831e+05
1.111059099999999944e+01 1.210783590880206611e+05
1.111697400000000080e+01 1.192865341522885865e+05
1.112335700000000038e+01 1.158694330906833056e+05
1.112973999999999997e+01 1.111656463884878031e+05
1.113612299999999955e+01 1.057953240029791923e+05
1.114250499999999988e+01 1.004962391022219672e+05
1.114888799999999947e+01 9.592618264056222688e+04
1.115527100000000083e+01 9.240510657088260632e+04
1.116165400000000041e+01 8.994176069900071889e+04
1.116803699999999999e+01 8.836861887322427356e+04
1.117441999999999958e+01 8.745155399081413634e+04
1.118080199999999991e+01 8.694569152651139302e+04
1.118718499999999949e+01 8.666219777131121373e+04
1.119356800000000085e+01 8.650442484873786452e+04
1.119995100000000043e+01 8.642619198450035765e+04
1.120633400000000002e+01 8.639187200173141900e+04
1.121271600000000035e+01 8.637607177356260945e+04
1.121909899999999993e+01 8.638847150463725848e+04
1.122548199999999952e+01 8.644108948329291889e+04
1.123186500000000088e+01 8.653166479393222835e+04
1.123824800000000046e+01 8.670706418632843997e+04
1.124463100000000004e+01 8.706833997124018788e+04
1.125101300000000037e+01 8.772227186552062631e+04
1.125739599999999996e+01 8.875539273402141407e+04
1.126377899999999954e+01 9.022665748003257613e+04
1.127016199999999913e+01 9.210177010614486062e+04
1.127654500000000048e+01 9.423625083429941151e+04
1.128292700000000082e+01 9.646180252018805186e+04
1.128931000000000040e+01 9.859033564964175457e+04
1.129569299999999998e+01 1.004050664747459232e+05
1.130207599999999957e+01 1.017048764674218692e+05
1.130845899999999915e+01 1.023650338171436451e+05
1.131484200000000051e+01 1.022947562091507862e+05
1.132122400000000084e+01 1.014517275261811010e+05
1.132760700000000043e+01 9.991040970971650677e+04
1.133399000000000001e+01 9.787935027615402942e+04
1.134037299999999959e+01 9.568259753021471261e+04
1.134675599999999918e+01 9.373248621619728510e+04
1.135313799999999951e+01 9.244795358933194075e+04
1.135952100000000087e+01 9.208896253810613416e+04
1.136590400000000045e+01 9.273003447348304326e+04
1.137228700000000003e+01 9.425226148443305283e+04
1.137866999999999962e+01 9.636251344105448516e+04
1.138505299999999920e+01 9.867806992087155231e+04
1.139143499999999953e+01 1.008465678259140404e+05
1.139781799999999912e+01 1.026323885340410634e+05
1.140420100000000048e+01 1.038593615649095736e+05
1.141058400000000006e+01 1.043720744932283851e+05
1.141696699999999964e+01 1.040383208535589074e+05
1.142334899999999998e+01 1.028289410907137208e+05
1.142973199999999956e+01 1.008575195996192342e+05
1.143611499999999914e+01 9.837223337800480658e+04
1.144249800000000050e+01 9.576346125277812826e+04
1.144888100000000009e+01 9.349165889569182764e+04
1.145526399999999967e+01 9.196903095868149830e+04
1.146164600000000000e+01 9.140153397115317057e+04
1.146802899999999958e+01 9.175785036636471341e+04
1.147441199999999917e+01 9.280068034670047928e+04
1.148079500000000053e+01 9.420888941815585713e+04
1.148717800000000011e+01 9.571236284341623832e+04
1.149356000000000044e+01 9.709912983130867360e+04
1.149994300000000003e+01 9.819985178738700051e+04
1.150632599999999961e+01 9.886716332245708327e+04
1.151270899999999919e+01 9.898750572656688746e+04
1.151909200000000055e+01 9.849605258128514106e+04
1.152547500000000014e+01 9.743540028704720316e+04
1.153185700000000047e+01 9.597036237559586880e+04
1.153824000000000005e+01 9.436339446677429078e+04
1.154462299999999964e+01 9.294836700520003797e+04
1.155100599999999922e+01 9.207748970263083174e+04
1.155738900000000058e+01 9.205031347267031379e+04
1.156377099999999913e+01 9.298217287809363916e+04
1.157015400000000049e+01 9.475373826488399936e+04
1.157653700000000008e+01 9.708502052580102463e+04
1.158291999999999966e+01 9.963716210340743419e+04
1.158930299999999924e+01 1.021071637904931849e+05
1.159568600000000060e+01 1.042036099457177042e+05
1.160206799999999916e+01 1.056659539008908323e+05
1.160845100000000052e+01 1.063217292013564002e+05
1.161483400000000010e+01 1.060514656164196349e+05
1.162121699999999969e+01 1.047692591104646854e+05
1.162759999999999927e+01 1.025468388319676742e+05
1.163398199999999960e+01 9.965691812516102800e+04
1.164036499999999918e+01 9.647282304912568361e+04
1.164674800000000054e+01 9.340785065143420070e+04
1.165313100000000013e+01 9.082107423845093581e+04
1.165951399999999971e+01 8.893754679588470026e+04
1.166589699999999930e+01 8.773062165052446653e+04
1.167227899999999963e+01 8.699351441288500791e+04
1.167866199999999921e+01 8.654734123724263918e+04
1.168504500000000057e+01 8.630871997199702309e+04
1.169142800000000015e+01 8.621030595886151423e+04
1.169781099999999974e+01 8.617903418579544814e+04
1.170419300000000007e+01 8.616496685317679658e+04
1.171057599999999965e+01 8.615896212332295545e+04
1.171695899999999924e+01 8.617832783387480595e+04
1.172334200000000060e+01 8.625955711485623033e+04
1.172972500000000018e+01 8.643649193979531992e+04
1.173610799999999976e+01 8.675280304821536993e+04
1.174249000000000009e+01 8.729370872435841011e+04
1.174887299999999968e+01 8.816851770263633807e+04
1.175525599999999926e+01 8.945000246366127976e+04
1.176163900000000062e+01 9.115014481078539393e+04
1.176802200000000020e+01 9.320196502964450337e+04
1.177440400000000054e+01 9.542489462397273746e+04
1.178078700000000012e+01 9.758874200665345415e+04
1.178716999999999970e+01 9.950726192893351254e+04
1.179355299999999929e+01 1.010288740336140472e+05
1.179993600000000065e+01 1.020010717341720883e+05
1.180631900000000023e+01 1.022806785088447796e+05
1.181270100000000056e+01 1.017820842308416177e+05
1.181908400000000015e+01 1.005723747981839988e+05
1.182546699999999973e+01 9.885457006630614342e+04
1.183184999999999931e+01 9.693718289996118983e+04
1.183823300000000067e+01 9.526894294048973825e+04
1.184461499999999923e+01 9.432648152334311453e+04
1.185099800000000059e+01 9.447690969154247432e+04
1.185738100000000017e+01 9.585245787729183212e+04
1.186376399999999975e+01 9.830404900835684384e+04
1.187014699999999934e+01 1.014382901459747809e+05
1.187653000000000070e+01 1.047782932486375357e+05
1.188291199999999925e+01 1.078827876238872122e+05
1.188929500000000061e+01 1.103551272109989950e+05
1.189567800000000020e+01 1.119112336994573270e+05
1.190206099999999978e+01 1.123395387662898866e+05
1.190844399999999936e+01 1.115073693960502424e+05
1.191482599999999969e+01 1.093952094308327651e+05
1.192120899999999928e+01 1.061497362927351933e+05
1.192759200000000064e+01 1.021493727916364151e+05
1.193397500000000022e+01 9.797964635020980495e+04
1.194035799999999981e+01 9.423893440714338794e+04
1.194674099999999939e+01 9.127843464768587728e+04
1.195312299999999972e+01 8.919093882556325116e+04
1.195950599999999930e+01 8.786232448973937426e+04
1.196588900000000066e+01 8.707295986574009294e+04
1.197227200000000025e+01 8.660856839596995269e+04
1.197865499999999983e+01 8.633604734850329987e+04
1.198503700000000016e+01 8.618624022301366495e+04
1.199141999999999975e+01 8.611566551936925680e+04
1.199780299999999933e+01 8.608244522073431290e+04
1.200418600000000069e+01 8.605389460964268073e+04
1.201056900000000027e+01 8.603101977660015109e+04
1.201695199999999986e+01 8.602144016409275355e+04
1.202333400000000019e+01 8.605183513887360459e+04
1.202971699999999977e+01 8.615925626636564266e+04
1.203609999999999935e+01 8.631543877189824707e+04
1.204248300000000071e+01 8.647235747636554879e+04
1.204886600000000030e+01 8.665232397163996939e+04
1.205524800000000063e+01 8.689054036904138047e+04
1.206163100000000021e+01 8.716649578528551501e+04
1.206801399999999980e+01 8.743597326232763589e+04
1.207439699999999938e+01 8.767905235229976824e+04
1.208078000000000074e+01 8.788900508569632075e+04
1.208716300000000032e+01 8.804437128483655397e+04
1.209354500000000066e+01 8.811416049691149965e+04
1.209992800000000024e+01 8.811973977878868754e+04
1.210631099999999982e+01 8.811989136394868547e+04
1.211269399999999941e+01 8.820493981313446420e+04
1.211907700000000077e+01 8.851590385348927521e+04
1.212545899999999932e+01 8.923608817531474051e+04
1.213184200000000068e+01 9.053669619099539705e+04
1.213822500000000026e+01 9.253325278113197419e+04
1.214460799999999985e+01 9.524594736588731757e+04
1.215099099999999943e+01 9.852556232267251471e+04
1.215737400000000079e+01 1.020485953299543471e+05
1.216375599999999935e+01 1.054310980871604697e+05
1.217013900000000071e+01 1.083384988106959790e+05
1.217652200000000029e+01 1.105044149919309712e+05
1.218290499999999987e+01 1.116991767882496788e+05
1.218928799999999946e+01 1.117257175515267591e+05
1.219566999999999979e+01 1.105103650911252626e+05
1.220205299999999937e+01 1.081736240480857959e+05
1.220843600000000073e+01 1.050284733167508966e+05
1.221481900000000032e+01 1.016025442430669500e+05
1.222120199999999990e+01 9.859287517132863286e+04
1.222758499999999948e+01 9.666505217193324643e+04
1.223396699999999981e+01 9.615511172069807071e+04
1.224034999999999940e+01 9.702828849437407916e+04
1.224673300000000076e+01 9.892505897387175355e+04
1.225311600000000034e+01 1.013047112668235786e+05
1.225949899999999992e+01 1.037014674817386549e+05
1.226588100000000026e+01 1.057529046898144006e+05
1.227226399999999984e+01 1.071618837290880037e+05
1.227864699999999942e+01 1.076954665463182755e+05
1.228503000000000078e+01 1.072229355728381051e+05
1.229141300000000037e+01 1.057080903034414223e+05
1.229779599999999995e+01 1.032702895303803234e+05
1.230417800000000028e+01 1.002107567655801249e+05
1.231056099999999986e+01 9.696427495069804718e+04
1.231694399999999945e+01 9.401081143069526297e+04
1.232332700000000081e+01 9.169293693239238928e+04
1.232971000000000039e+01 9.015041092519747326e+04
1.233609200000000072e+01 8.932355022347196063e+04
1.234247500000000031e+01 8.904290574226094759e+04
1.234885799999999989e+01 8.908713211299893737e+04
1.235524099999999947e+01 8.923517606050828181e+04
1.236162400000000083e+01 8.935426570520311361e+04
1.236800700000000042e+01 8.941531755209009862e+04
1.237438900000000075e+01 8.941857802588521736e+04
1.238077200000000033e+01 8.933447924730413069e+04
1.238715499999999992e+01 8.915021037795626034e+04
1.239353799999999950e+01 8.891825933658973372e+04
1.239992100000000086e+01 8.874919723867262655e+04
1.240630299999999941e+01 8.877953410317515954e+04
1.241268600000000077e+01 8.913008088240053621e+04
1.241906900000000036e+01 8.987140909413335612e+04
1.242545199999999994e+01 9.099288249026406265e+04
1.243183499999999952e+01 9.238276002311127377e+04
1.243821800000000088e+01 9.387027160712104524e+04
1.244459999999999944e+01 9.527973202287877211e+04
1.245098300000000080e+01 9.645000003464618931e+04
1.245736600000000038e+01 9.723703163952671457e+04
1.246374899999999997e+01 9.755075207354284066e+04
1.247013199999999955e+01 9.736377316122259072e+04
1.247651399999999988e+01 9.669582991042340291e+04
1.248289699999999947e+01 9.567580704365883139e+04
1.248928000000000083e+01 9.457748578032437945e+04
1.249566300000000041e+01 9.377787066712067463e+04
1.250204599999999999e+01 9.367850231635425007e+04
1.250842899999999958e+01 9.453509479867503978e+04
1.251481099999999991e+01 9.639670665445120540e+04
1.252119399999999949e+01 9.908466883454786148e+04
1.252757700000000085e+01 1.022080489089126786e+05
1.253396000000000043e+01 1.053171562194980506e+05
1.254034300000000002e+01 1.080007753605256730e+05
1.254672500000000035e+01 1.099304375874604157e+05
1.255310799999999993e+01 1.108498792801447853e+05
1.255949099999999952e+01 1.106159250176362984e+05
1.256587400000000088e+01 1.091870364848450408e+05
1.257225700000000046e+01 1.066715831701767747e+05
1.257864000000000004e+01 1.034012882968130871e+05
1.258502200000000038e+01 9.989898426642996492e+04
1.259140499999999996e+01 9.675846144945535343e+04
1.259778799999999954e+01 9.445457545394358749e+04
1.260417099999999913e+01 9.322506923845215351e+04
1.261055400000000049e+01 9.300967661288134695e+04
1.261693600000000082e+01 9.352921713095015730e+04
1.262331900000000040e+01 9.440116840976191452e+04
1.262970199999999998e+01 9.529103785451623844e+04
1.263608499999999957e+01 9.599444407879344362e+04
1.264246799999999915e+01 9.639080470627477916e+04
1.264885100000000051e+01 9.636565432227423298e+04
1.265523300000000084e+01 9.582766055219015107e+04
1.266161600000000043e+01 9.479510167309321696e+04
1.266799900000000001e+01 9.339769336911235587e+04
1.267438199999999959e+01 9.180862862219655653e+04
1.268076499999999918e+01 9.022756191957465489e+04
1.268714699999999951e+01 8.887408284294352052e+04
1.269353000000000087e+01 8.786916018980785157e+04
1.269991300000000045e+01 8.719728397233411670e+04
1.270629600000000003e+01 8.677232339670555666e+04
1.271267899999999962e+01 8.652144426926304004e+04
1.271906199999999920e+01 8.638459190882171970e+04
1.272544399999999953e+01 8.630683947085644468e+04
1.273182699999999912e+01 8.625582326196135546e+04
1.273821000000000048e+01 8.622122193837055238e+04
1.274459300000000006e+01 8.623066077056401991e+04
1.275097599999999964e+01 8.631723088068404468e+04
1.275735799999999998e+01 8.647144726168822672e+04
1.276374099999999956e+01 8.668827400321549794e+04
1.277012399999999914e+01 8.699480828370605013e+04
1.277650700000000050e+01 8.742505880625492136e+04
1.278289000000000009e+01 8.799685898496140726e+04
1.278927299999999967e+01 8.869346079381513118e+04
1.279565500000000000e+01 8.946238944415564765e+04
1.280203799999999958e+01 9.024461046859035559e+04
1.280842099999999917e+01 9.096289309015875915e+04
1.281480400000000053e+01 9.152156150178745156e+04
1.282118700000000011e+01 9.185761844358264352e+04
1.282756900000000044e+01 9.194508430562319700e+04
1.283395200000000003e+01 9.177760036678204779e+04
1.284033499999999961e+01 9.136370841537886008e+04
1.284671799999999919e+01 9.075463091546241776e+04
1.285310100000000055e+01 9.008792572955213836e+04
1.285948400000000014e+01 8.958073642845801078e+04
1.286586600000000047e+01 8.943002930486286641e+04
1.287224900000000005e+01 8.971628995969024254e+04
1.287863199999999964e+01 9.036726158202803344e+04
1.288501499999999922e+01 9.122237239205127116e+04
1.289139800000000058e+01 9.214404833803948713e+04
1.289777999999999913e+01 9.303426658949098783e+04
1.290416300000000049e+01 9.377138800992711913e+04
1.291054600000000008e+01 9.423285385689322720e+04
1.291692899999999966e+01 9.435419488589794491e+04
1.292331199999999924e+01 9.414042606132061337e+04
1.292969500000000060e+01 9.367824665143938910e+04
1.293607699999999916e+01 9.314658692454475386e+04
1.294246000000000052e+01 9.283913590440683765e+04
1.294884300000000010e+01 9.312106326632070704e+04
1.295522599999999969e+01 9.427115048714439035e+04
1.296160899999999927e+01 9.636730385549544008e+04
1.296799099999999960e+01 9.926171028542556451e+04
1.297437399999999919e+01 1.025943118809384614e+05
1.298075700000000055e+01 1.058987189600851998e+05
1.298714000000000013e+01 1.087475696253474453e+05
1.299352299999999971e+01 1.108212383557013527e+05
1.299990599999999930e+01 1.118985196124426438e+05
1.300628799999999963e+01 1.117715375812592974e+05
1.301267099999999921e+01 1.103465993456477008e+05
1.301905400000000057e+01 1.077615088478394755e+05
1.302543700000000015e+01 1.043949672299760859e+05
1.303181999999999974e+01 1.008127986019501986e+05
1.303820200000000007e+01 9.765099999318212213e+04
1.304458499999999965e+01 9.545490101739062811e+04
1.305096799999999924e+01 9.444886908139998559e+04
1.305735100000000060e+01 9.450011866188893327e+04
1.306373400000000018e+01 9.523704276450758334e+04
1.307011699999999976e+01 9.624371512627601624e+04
1.307649900000000009e+01 9.719919176770040940e+04
1.308288199999999968e+01 9.788289829694214859e+04
1.308926499999999926e+01 9.812979702251226990e+04
1.309564800000000062e+01 9.782437270453287056e+04
1.310203100000000020e+01 9.695573955252583255e+04
1.310841300000000054e+01 9.562811839086211694e+04
1.311479600000000012e+01 9.401912373797781765e+04
1.312117899999999970e+01 9.236588613335379341e+04
1.312756199999999929e+01 9.094917359792062780e+04
1.313394500000000065e+01 8.997960113926562190e+04
1.314032800000000023e+01 8.951559470159088960e+04
1.314671000000000056e+01 8.946372229052436887e+04
1.315309300000000015e+01 8.966041139241922065e+04
1.315947599999999973e+01 8.995476554825907806e+04
1.316585899999999931e+01 9.025448361842766462e+04
1.317224200000000067e+01 9.050170691988349427e+04
1.317862399999999923e+01 9.062204086474012001e+04
1.318500700000000059e+01 9.056333909287530696e+04
1.319139000000000017e+01 9.036412967468269926e+04
1.319777299999999975e+01 9.016740129473233537e+04
1.320415599999999934e+01 9.018207413470820757e+04
1.321053900000000070e+01 9.062822187243110966e+04
1.321692099999999925e+01 9.165264561220497126e+04
1.322330400000000061e+01 9.327191379227521247e+04
1.322968700000000020e+01 9.536309376311766391e+04
1.323606999999999978e+01 9.768372144297382329e+04
1.324245299999999936e+01 9.994505291780049447e+04
1.324883499999999970e+01 1.018683153030485264e+05
1.325521799999999928e+01 1.032442377509011276e+05
1.326160100000000064e+01 1.039066493931170844e+05
1.326798400000000022e+01 1.037372830322032241e+05
1.327436699999999981e+01 1.026889333384120546e+05
1.328074999999999939e+01 1.008349721964212804e+05
1.328713199999999972e+01 9.842123692730462062e+04
1.329351499999999930e+01 9.586143255475834303e+04
1.329989800000000066e+01 9.362496186079828476e+04
1.330628100000000025e+01 9.204743007107707672e+04
1.331266399999999983e+01 9.122299280799689586e+04
1.331904600000000016e+01 9.102716907831083518e+04
1.332542899999999975e+01 9.125514154220145429e+04
1.333181199999999933e+01 9.169249533837690251e+04
1.333819500000000069e+01 9.211936996222767630e+04
1.334457800000000027e+01 9.237661465302665601e+04
1.335096099999999986e+01 9.238701703759719385e+04
1.335734300000000019e+01 9.211063698085694341e+04
1.336372599999999977e+01 9.154576173765887506e+04
1.337010899999999936e+01 9.073271041100760340e+04
1.337649200000000071e+01 8.975171970880498702e+04
1.338287500000000030e+01 8.875650065437261946e+04
1.338925700000000063e+01 8.789944661021622596e+04
1.339564000000000021e+01 8.725057260720428894e+04
1.340202299999999980e+01 8.681370690665711300e+04
1.340840599999999938e+01 8.656110455507601728e+04
1.341478900000000074e+01 8.641851595381370862e+04
1.342117200000000032e+01 8.631720076127450739e+04
1.342755400000000066e+01 8.624307867531279044e+04
1.343393700000000024e+01 8.621026525522959128e+04
1.344031999999999982e+01 8.621935872770866263e+04
1.344670299999999941e+01 8.625781180301029235e+04
1.345308600000000077e+01 8.633428040441614576e+04
1.345946799999999932e+01 8.647793436151012429e+04
1.346585100000000068e+01 8.670582823599391850e+04
1.347223400000000026e+01 8.702123706840044179e+04
1.347861699999999985e+01 8.742265658067609183e+04
1.348499999999999943e+01 8.791117342711082892e+04
1.349138300000000079e+01 8.847571163896987855e+04
1.349776499999999935e+01 8.904849932411071495e+04
1.350414800000000071e+01 8.952917279753420735e+04
1.351053100000000029e+01 8.986882842343175435e+04
1.351691399999999987e+01 9.007839849743632658e+04
1.352329699999999946e+01 9.014147191282188578e+04
1.352967899999999979e+01 9.003825128568930086e+04
1.353606199999999937e+01 8.985102311554357584e+04
1.354244500000000073e+01 8.973873017953155795e+04
1.354882800000000032e+01 8.984913598974095657e+04
1.355521099999999990e+01 9.033422240374003013e+04
1.356159399999999948e+01 9.132256768874151749e+04
1.356797599999999981e+01 9.280180816574831260e+04
1.357435899999999940e+01 9.459271802202399704e+04
1.358074200000000076e+01 9.644269656850790489e+04
1.358712500000000034e+01 9.809971789582673227e+04
1.359350799999999992e+01 9.936636262067603820e+04
1.359989000000000026e+01 1.000813872662768408e+05
1.360627299999999984e+01 1.001287107999535656e+05
1.361265599999999942e+01 9.948769555671166745e+04
1.361903900000000078e+01 9.824361787335739064e+04
1.362542200000000037e+01 9.657821954832435586e+04
1.363180499999999995e+01 9.476085412619094132e+04
1.363818700000000028e+01 9.312997844593325863e+04
1.364456999999999987e+01 9.201152392003795831e+04
1.365095299999999945e+01 9.155779491201968631e+04
1.365733600000000081e+01 9.170110068823926849e+04
1.366371900000000039e+01 9.222263230512311566e+04
1.367010100000000072e+01 9.287882787093623483e+04
1.367648400000000031e+01 9.348300517760158982e+04
1.368286699999999989e+01 9.389619551826934912e+04
1.368924999999999947e+01 9.399331456027895911e+04
1.369563300000000083e+01 9.370328887889036559e+04
1.370201600000000042e+01 9.308833645807602443e+04
1.370839800000000075e+01 9.231544720043046982e+04
1.371478100000000033e+01 9.159923716577567393e+04
1.372116399999999992e+01 9.115157616892951773e+04
1.372754699999999950e+01 9.113121892646414926e+04
1.373393000000000086e+01 9.158603967712081794e+04
1.374031199999999941e+01 9.243973249417037005e+04
1.374669500000000077e+01 9.351165715187837486e+04
1.375307800000000036e+01 9.457804385013527644e+04
1.375946099999999994e+01 9.545252737230673665e+04
1.376584399999999953e+01 9.599396549705299549e+04
1.377222700000000088e+01 9.608826944717994775e+04
1.377860899999999944e+01 9.567011377847747644e+04
1.378499200000000080e+01 9.478501341418366064e+04
1.379137500000000038e+01 9.359316509880886588e+04
1.379775799999999997e+01 9.230578602121039876e+04
1.380414099999999955e+01 9.114832746755555854e+04
1.381052399999999913e+01 9.032240157781535527e+04
1.381690599999999947e+01 8.992034796689740324e+04
1.382328900000000083e+01 8.991123318483355979e+04
1.382967200000000041e+01 9.017467292304165312e+04
1.383605499999999999e+01 9.055774793043037062e+04
1.384243799999999958e+01 9.091187655834760517e+04
1.384881999999999991e+01 9.111977315032985643e+04
1.385520299999999949e+01 9.112395604929354158e+04
1.386158600000000085e+01 9.092633655048056971e+04
1.386796900000000043e+01 9.056514813717005018e+04
1.387435200000000002e+01 9.009658987961862294e+04
1.388073499999999960e+01 8.962108043360213924e+04
1.388711699999999993e+01 8.927699674944150320e+04
1.389349999999999952e+01 8.918003707607390243e+04
1.389988300000000088e+01 8.936128638603453874e+04
1.390626600000000046e+01 8.977261377185434685e+04
1.391264900000000004e+01 9.030729886438083486e+04
1.391903100000000038e+01 9.084598063998023281e+04
1.392541399999999996e+01 9.129011651539785089e+04
1.393179699999999954e+01 9.155027052222315979e+04
1.393817999999999913e+01 9.158825995135464473e+04
1.394456300000000049e+01 9.144238590247603133e+04
1.395094600000000007e+01 9.119001961785167805e+04
1.395732800000000040e+01 9.095511527588200988e+04
1.396371099999999998e+01 9.091087008524622070e+04
1.397009399999999957e+01 9.122364351325904136e+04
1.397647699999999915e+01 9.201398293110044324e+04
1.398286000000000051e+01 9.327603648665027868e+04
1.398924200000000084e+01 9.485392487554956460e+04
1.399562500000000043e+01 9.651892026493605226e+04
1.400200800000000001e+01 9.804020881927979644e+04
1.400839099999999959e+01 9.919575658657224267e+04
1.401477399999999918e+01 9.978172433984890813e+04
1.402115700000000054e+01 9.968779039485674002e+04
1.402753900000000087e+01 9.889549307997652795e+04
1.403392200000000045e+01 9.744424890368955676e+04
1.404030500000000004e+01 9.547636105864512501e+04
1.404668799999999962e+01 9.327720731850161974e+04
1.405307099999999920e+01 9.118809285549976630e+04
1.405945299999999953e+01 8.948191987362824148e+04
1.406583599999999912e+01 8.826069275654690864e+04
1.407221900000000048e+01 8.747180375507360441e+04
1.407860200000000006e+01 8.699652439860967570e+04
1.408498499999999964e+01 8.673545454010964022e+04
1.409136799999999923e+01 8.661954023613376194e+04
1.409774999999999956e+01 8.660135251657794288e+04
1.410413299999999914e+01 8.663570087346711080e+04
1.411051600000000050e+01 8.669283681451782468e+04
1.411689900000000009e+01 8.677993019642074069e+04
1.412328199999999967e+01 8.692910359007424267e+04
1.412966400000000000e+01 8.716056753864628263e+04
1.413604699999999958e+01 8.747193289696182183e+04
1.414242999999999917e+01 8.786876444839528995e+04
1.414881300000000053e+01 8.834586642738102819e+04
1.415519600000000011e+01 8.885093407543573994e+04
1.416157899999999970e+01 8.931808028328677756e+04
1.416796100000000003e+01 8.972696962550707394e+04
1.417434399999999961e+01 9.005689297162459115e+04
1.418072699999999919e+01 9.024846732777860598e+04
1.418711000000000055e+01 9.029839333057975455e+04
1.419349300000000014e+01 9.031294727355847135e+04
1.419987500000000047e+01 9.042517222996421333e+04
1.420625800000000005e+01 9.077703432243615680e+04
1.421264099999999964e+01 9.156204265334413503e+04
1.421902399999999922e+01 9.293620692111246171e+04
1.422540700000000058e+01 9.487679642120395147e+04
1.423179000000000016e+01 9.717793688847645535e+04
1.423817200000000049e+01 9.953845807425666135e+04
1.424455500000000008e+01 1.016277208267661626e+05
1.425093799999999966e+01 1.031604071290753491e+05
1.425732099999999924e+01 1.039576106761488772e+05
1.426370400000000060e+01 1.039279933831721719e+05
1.427008599999999916e+01 1.030606714130792243e+05
1.427646900000000052e+01 1.014697044594807667e+05
1.428285200000000010e+01 9.944318566994738649e+04
1.428923499999999969e+01 9.741629455413085816e+04
1.429561799999999927e+01 9.587076184502895921e+04
1.430200100000000063e+01 9.514537925507363980e+04
1.430838299999999919e+01 9.527807085241453024e+04
1.431476600000000055e+01 9.604004947681332123e+04
1.432114900000000013e+01 9.708764643457444618e+04
1.432753199999999971e+01 9.809718602892386843e+04
1.433391499999999930e+01 9.880189586384675931e+04
1.434029699999999963e+01 9.900090361187518283e+04
1.434667999999999921e+01 9.860338696903378877e+04
1.435306300000000057e+01 9.761616419665771537e+04
1.435944600000000015e+01 9.614719411355533521e+04
1.436582899999999974e+01 9.444900161691394169e+04
1.437221199999999932e+01 9.287440441808510514e+04
1.437859399999999965e+01 9.170004410360276233e+04
1.438497699999999924e+01 9.104499824206621270e+04
1.439136000000000060e+01 9.087783452939931885e+04
1.439774300000000018e+01 9.104509752603646484e+04
1.440412599999999976e+01 9.134081974532024469e+04
1.441050800000000010e+01 9.162085954517079517e+04
1.441689099999999968e+01 9.177417322114194394e+04
1.442327399999999926e+01 9.170684870324525400e+04
1.442965700000000062e+01 9.137818106433089997e+04
1.443604000000000021e+01 9.079722397458618798e+04
1.444242299999999979e+01 9.004225158879611990e+04
1.444880500000000012e+01 8.922715255038105533e+04
1.445518799999999970e+01 8.845328580227438943e+04
1.446157099999999929e+01 8.781009320401676814e+04
1.446795400000000065e+01 8.735011341922720021e+04
1.447433700000000023e+01 8.705321713868687220e+04
1.448071900000000056e+01 8.687464345449631219e+04
1.448710200000000015e+01 8.678814491818810347e+04
1.449348499999999973e+01 8.677413941398417228e+04
1.449986799999999931e+01 8.681008129746848135e+04
1.450625100000000067e+01 8.689582473145565018e+04
1.451263400000000026e+01 8.705936419590064907e+04
1.451901600000000059e+01 8.734027857072683400e+04
1.452539900000000017e+01 8.778446414010869921e+04
1.453178199999999975e+01 8.843942645548583823e+04
1.453816499999999934e+01 8.932497742278440273e+04
1.454454800000000070e+01 9.040886680460019852e+04
1.455092999999999925e+01 9.157509183133403712e+04
1.455731300000000061e+01 9.265972425421382650e+04
1.456369600000000020e+01 9.354239408757556521e+04
1.457007899999999978e+01 9.414320146943764121e+04
1.457646199999999936e+01 9.440091165926537360e+04
1.458284500000000072e+01 9.431672114275801869e+04
1.458922699999999928e+01 9.393620413125358755e+04
1.459561000000000064e+01 9.333955614644987509e+04
1.460199300000000022e+01 9.270972005333169363e+04
1.460837599999999981e+01 9.231209676882036729e+04
1.461475899999999939e+01 9.238390350577421486e+04
1.462114099999999972e+01 9.301014434004272334e+04
1.462752399999999930e+01 9.406616445484138967e+04
1.463390700000000066e+01 9.529735126796939585e+04
1.464029000000000025e+01 9.643585055323160486e+04
1.464667299999999983e+01 9.727690963881660718e+04
1.465305599999999941e+01 9.767585085838736268e+04
1.465943799999999975e+01 9.752702844382989861e+04
1.466582099999999933e+01 9.677846582938484789e+04
1.467220400000000069e+01 9.547345681949594291e+04
1.467858700000000027e+01 9.379650707140695886e+04
1.468496999999999986e+01 9.201906584724150889e+04
1.469135200000000019e+01 9.036882921969554445e+04
1.469773499999999977e+01 8.900081666080211289e+04
1.470411799999999936e+01 8.799522117307723965e+04
1.471050100000000072e+01 8.736275549041027261e+04
1.471688400000000030e+01 8.704074216912715929e+04
1.472326699999999988e+01 8.691344125541124959e+04
1.472964900000000021e+01 8.687223816998995608e+04
1.473603199999999980e+01 8.684546412762592081e+04
1.474241499999999938e+01 8.680003900560922921e+04
1.474879800000000074e+01 8.676918483519239817e+04
1.475518100000000032e+01 8.682602313995604345e+04
1.476156300000000066e+01 8.699340033385541756e+04
1.476794600000000024e+01 8.724150533241385710e+04
1.477432899999999982e+01 8.753490372385230148e+04
1.478071199999999941e+01 8.785139011565755936e+04
1.478709500000000077e+01 8.817001294425994274e+04
1.479347800000000035e+01 8.845516151253413409e+04
1.479986000000000068e+01 8.868569776427550823e+04
1.480624300000000027e+01 8.884290399916548631e+04
1.481262599999999985e+01 8.887153647578583332e+04
1.481900899999999943e+01 8.876961784172253101e+04
1.482539200000000079e+01 8.862104059457922995e+04
1.483177399999999935e+01 8.850484750553837512e+04
1.483815700000000071e+01 8.846322195439969073e+04
1.484454000000000029e+01 8.854128835939080454e+04
1.485092299999999987e+01 8.878934976548572013e+04
1.485730599999999946e+01 8.920144961824211350e+04
1.486368900000000082e+01 8.969502765559111140e+04
1.487007099999999937e+01 9.018894482587350649e+04
1.487645400000000073e+01 9.062178594481898472e+04
1.488283700000000032e+01 9.091417301356252574e+04
1.488921999999999990e+01 9.100590289667990874e+04
1.489560299999999948e+01 9.091179254658830178e+04
1.490198499999999981e+01 9.072320873415423557e+04
1.490836799999999940e+01 9.055282238095984212e+04
1.491475100000000076e+01 9.051262203855108237e+04
1.492113400000000034e+01 9.072996395613451023e+04
1.492751699999999992e+01 9.130078149926714832e+04
1.493389999999999951e+01 9.220183268670071266e+04
1.494028199999999984e+01 9.329169604834652273e+04
1.494666499999999942e+01 9.436935047648180625e+04
1.495304800000000078e+01 9.522269583040647558e+04
1.495943100000000037e+01 9.570738016687930212e+04
1.496581399999999995e+01 9.576827627926625428e+04
1.497219600000000028e+01 9.539408314134765533e+04
1.497857899999999987e+01 9.463188355222169776e+04
1.498496199999999945e+01 9.363865618061684654e+04
1.499134500000000081e+01 9.264350138064686325e+04
1.499772800000000039e+01 9.184021084424643777e+04
1.500411099999999998e+01 9.136274108052279917e+04
1.501049300000000031e+01 9.127900667093729135e+04
1.501687599999999989e+01 9.153573552238743287e+04
1.502325899999999947e+01 9.195825043819495477e+04
1.502964200000000083e+01 9.236607861992412654e+04
1.503602500000000042e+01 9.262068907041575585e+04
1.504240700000000075e+01 9.262881746191231650e+04
1.504879000000000033e+01 9.235940878548278124e+04
1.505517299999999992e+01 9.184940212814975530e+04
1.506155599999999950e+01 9.119403667517541908e+04
1.506793900000000086e+01 9.051333033754312783e+04
1.507432200000000044e+01 8.993515487476671115e+04
1.508070400000000078e+01 8.955985716267274984e+04
1.508708700000000036e+01 8.942282227513613179e+04
1.509346999999999994e+01 8.950058308432869671e+04
1.509985299999999953e+01 8.969827159624840715e+04
1.510623600000000089e+01 8.990626746061100857e+04
1.511261799999999944e+01 9.007441542499049683e+04
1.511900100000000080e+01 9.020398880194532103e+04
1.512538400000000038e+01 9.030065079761203378e+04
1.513176699999999997e+01 9.038918471845665772e+04
1.513814999999999955e+01 9.059604152875210275e+04
1.514453299999999913e+01 9.111465823679021560e+04
1.515091499999999947e+01 9.207754203604333452e+04
1.515729800000000083e+01 9.348364139239751967e+04
1.516368100000000041e+01 9.517639150570589118e+04
1.517006399999999999e+01 9.690315301292370714e+04
1.517644699999999958e+01 9.841251791543519357e+04
1.518282899999999991e+01 9.951104136291115719e+04
1.518921199999999949e+01 1.000841111308523105e+05
1.519559500000000085e+01 1.000374702000358666e+05
1.520197800000000043e+01 9.927841758726569242e+04
1.520836100000000002e+01 9.784248540029404103e+04
1.521474399999999960e+01 9.599719921385392081e+04
1.522112599999999993e+01 9.414860846658729133e+04
1.522750899999999952e+01 9.264285859899071511e+04
1.523389200000000088e+01 9.164709766075084917e+04
1.524027500000000046e+01 9.117358450844071922e+04
1.524665800000000004e+01 9.110871188650248223e+04
1.525304000000000038e+01 9.124921598086968879e+04
1.525942299999999996e+01 9.138726326663818327e+04
1.526580599999999954e+01 9.138340558144045644e+04
1.527218899999999913e+01 9.120135249857103918e+04
1.527857200000000049e+01 9.082779839467194688e+04
1.528495500000000007e+01 9.025272672688023886e+04
1.529133700000000040e+01 8.955267341947634122e+04
1.529771999999999998e+01 8.885495587550289929e+04
1.530410299999999957e+01 8.825500813075255428e+04
1.531048599999999915e+01 8.779905824840403511e+04
1.531686900000000051e+01 8.749112173019448528e+04
1.532325100000000084e+01 8.729376925861927157e+04
1.532963400000000043e+01 8.716654506490708445e+04
1.533601700000000001e+01 8.709316742799428175e+04
1.534239999999999959e+01 8.708771049571520416e+04
1.534878299999999918e+01 8.716537985944439424e+04
1.535516600000000054e+01 8.733729947929785703e+04
1.536154800000000087e+01 8.759449667837721063e+04
1.536793100000000045e+01 8.793468828110941104e+04
1.537431400000000004e+01 8.840644800871051848e+04
1.538069699999999962e+01 8.903665768790042785e+04
1.538707999999999920e+01 8.977850890697786235e+04
1.539346199999999953e+01 9.054381023487745551e+04
1.539984499999999912e+01 9.123381586231586698e+04
1.540622800000000048e+01 9.175376339997406467e+04
1.541261100000000006e+01 9.203686454094586952e+04
1.541899399999999964e+01 9.208518322102824459e+04
1.542537699999999923e+01 9.194744562042597681e+04
1.543175899999999956e+01 9.169104478168860078e+04
1.543814199999999914e+01 9.142725339915856603e+04
1.544452500000000050e+01 9.128385329972523323e+04
1.545090800000000009e+01 9.140643419350968907e+04
1.545729099999999967e+01 9.189747175732289907e+04
1.546367300000000000e+01 9.268593319258815609e+04
1.547005599999999959e+01 9.357258030692537432e+04
1.547643899999999917e+01 9.437929200404667063e+04
1.548282200000000053e+01 9.496841007503683795e+04
1.548920500000000011e+01 9.520596782762641669e+04
1.549558799999999970e+01 9.502134789935570734e+04
1.550197000000000003e+01 9.447086205704943859e+04
1.550835299999999961e+01 9.367007082083795103e+04
1.551473599999999919e+01 9.276410431643304764e+04
1.552111900000000055e+01 9.197586017867033661e+04
1.552750200000000014e+01 9.152626419299840927e+04
1.553388400000000047e+01 9.147565499672011356e+04
1.554026700000000005e+01 9.172105589924627566e+04
1.554664999999999964e+01 9.208939890043152263e+04
1.555303299999999922e+01 9.243401686383644119e+04
1.555941600000000058e+01 9.265795800634648185e+04
1.556579900000000016e+01 9.269737066659081029e+04
1.557218100000000049e+01 9.249825996178589412e+04
1.557856400000000008e+01 9.206202902416090365e+04
1.558494699999999966e+01 9.149866119706380414e+04
1.559132999999999925e+01 9.101821396737327450e+04
1.559771300000000060e+01 9.079973494533590565e+04
1.560409499999999916e+01 9.088007598946359940e+04
1.561047800000000052e+01 9.118962837682498503e+04
1.561686100000000010e+01 9.162072586780620622e+04
1.562324399999999969e+01 9.206455052337449160e+04
1.562962699999999927e+01 9.239887484642121126e+04
1.563601000000000063e+01 9.249715218251949409e+04
1.564239199999999919e+01 9.231092824501535506e+04
1.564877500000000055e+01 9.187809616967287729e+04
1.565515800000000013e+01 9.125986189549861592e+04
1.566154099999999971e+01 9.055017269111634232e+04
1.566792399999999930e+01 8.987944481253648701e+04
1.567430599999999963e+01 8.937270483783804229e+04
1.568068899999999921e+01 8.910263117566387518e+04
1.568707200000000057e+01 8.906615299890359165e+04
1.569345500000000015e+01 8.918925963811005931e+04
1.569983799999999974e+01 8.933261099178197037e+04
1.570622099999999932e+01 8.939005208033317467e+04
1.571260299999999965e+01 8.935814621957740746e+04
1.571898599999999924e+01 8.926625413352792384e+04
1.572536900000000060e+01 8.914319648169062566e+04
1.573175200000000018e+01 8.905697270928492071e+04
1.573813499999999976e+01 8.906326825338539493e+04
1.574451700000000010e+01 8.918121497033754713e+04
1.575089999999999968e+01 8.943381461916235276e+04
1.575728299999999926e+01 8.980980743618946872e+04
1.576366600000000062e+01 9.025011195035252604e+04
1.577004900000000021e+01 9.066350655380904209e+04
1.577643199999999979e+01 9.096990135130853741e+04
1.578281400000000012e+01 9.112079209306581470e+04
1.578919699999999970e+01 9.110423101787603809e+04
1.579557999999999929e+01 9.098531631554865453e+04
1.580196300000000065e+01 9.090969430430751527e+04
1.580834600000000023e+01 9.104609055094787618e+04
1.581472800000000056e+01 9.150238387004677497e+04
1.582111100000000015e+01 9.226610693475865992e+04
1.582749399999999973e+01 9.324738273186414153e+04
1.583387699999999931e+01 9.432551743666082621e+04
1.584026000000000067e+01 9.532024303578003310e+04
1.584664300000000026e+01 9.603081987784043304e+04
1.585302500000000059e+01 9.632475676370493602e+04
1.585940800000000017e+01 9.611792974938629777e+04
1.586579099999999976e+01 9.537522014864133962e+04
1.587217399999999934e+01 9.416692458340013400e+04
1.587855700000000070e+01 9.266536046076835191e+04
1.588493899999999925e+01 9.110000409437788767e+04
1.589132200000000061e+01 8.971529948755595251e+04
1.589770500000000020e+01 8.865514148556979490e+04
1.590408799999999978e+01 8.793332465276424773e+04
1.591047099999999936e+01 8.750590574297064450e+04
1.591685400000000072e+01 8.729616849444285617e+04
1.592323599999999928e+01 8.721109298944134207e+04
1.592961900000000064e+01 8.717664970269676996e+04
1.593600200000000022e+01 8.715251153645059094e+04
1.594238499999999981e+01 8.712509378489508526e+04
1.594876799999999939e+01 8.709748472703306470e+04
1.595514999999999972e+01 8.708016462334217795e+04
1.596153299999999930e+01 8.705745967467798619e+04
1.596791600000000066e+01 8.702457389063190203e+04
1.597429900000000025e+01 8.701581656577077229e+04
1.598068199999999983e+01 8.705073484299842676e+04
1.598706499999999942e+01 8.710064184655938880e+04
1.599344699999999975e+01 8.714165267565852264e+04
1.599982999999999933e+01 8.720475100989881321e+04
1.600621299999999891e+01 8.732829183475131867e+04
1.601259599999999850e+01 8.752947149684402393e+04
1.601897900000000163e+01 8.782806987153345835e+04
1.602536100000000019e+01 8.824958245576798799e+04
1.603174399999999977e+01 8.879939392485845019e+04
1.603812699999999936e+01 8.946737207858427428e+04
1.604450999999999894e+01 9.021627102078867028e+04
1.605089299999999852e+01 9.094652734780708852e+04
1.605727600000000166e+01 9.152865217288532585e+04
1.606365800000000021e+01 9.189353414953229367e+04
1.607004099999999980e+01 9.202684742983223987e+04
1.607642399999999938e+01 9.194138293902933947e+04
1.608280699999999896e+01 9.168067955244320910e+04
1.608918999999999855e+01 9.132490071644855198e+04
1.609557200000000066e+01 9.099847330342375790e+04
1.610195500000000024e+01 9.083223456730408361e+04
1.610833799999999982e+01 9.090567887108604191e+04
1.611472099999999941e+01 9.120633431001295685e+04
1.612110399999999899e+01 9.163653574705225765e+04
1.612748699999999857e+01 9.206836273167184845e+04
1.613386900000000068e+01 9.239366650044996641e+04
1.614025200000000027e+01 9.252032735802928801e+04
1.614663499999999985e+01 9.238989261400533724e+04
1.615301799999999943e+01 9.200927226987812901e+04
1.615940099999999902e+01 9.144960026534978533e+04
1.616578300000000112e+01 9.083358947410475230e+04
1.617216600000000071e+01 9.031627860901030363e+04
1.617854900000000029e+01 8.999556158066229546e+04
1.618493199999999987e+01 8.989012682192624197e+04
1.619131499999999946e+01 8.997836038075393299e+04
1.619769799999999904e+01 9.017781499987417192e+04
1.620408000000000115e+01 9.035204270161066961e+04
1.621046300000000073e+01 9.041177647681950475e+04
1.621684600000000032e+01 9.036577572210671497e+04
1.622322899999999990e+01 9.025317077755559876e+04
1.622961199999999948e+01 9.010125034817069536e+04
1.623599400000000159e+01 8.997502109073012252e+04
1.624237700000000117e+01 8.998058118887990713e+04
1.624876000000000076e+01 9.018977340422634734e+04
1.625514300000000034e+01 9.057298627174727153e+04
1.626152599999999993e+01 9.101865449536303640e+04
1.626790899999999951e+01 9.142586419279398979e+04
1.627429100000000162e+01 9.173596329695238092e+04
1.628067400000000120e+01 9.188692093891279364e+04
1.628705700000000078e+01 9.183745953247645230e+04
1.629344000000000037e+01 9.164491313491648179e+04
1.629982299999999995e+01 9.140796857201607781e+04
1.630620499999999851e+01 9.121002338800896541e+04
1.631258800000000164e+01 9.115523929046443664e+04
1.631897100000000123e+01 9.133600597617658786e+04
1.632535400000000081e+01 9.175378184388566297e+04
1.633173700000000039e+01 9.230963678192131920e+04
1.633811999999999998e+01 9.287366633343936701e+04
1.634450199999999853e+01 9.332099089492630446e+04
1.635088500000000167e+01 9.354459243774521747e+04
1.635726800000000125e+01 9.347711018340595183e+04
1.636365100000000083e+01 9.310941021993730101e+04
1.637003400000000042e+01 9.251786006880120840e+04
1.637641599999999897e+01 9.185627414502674947e+04
1.638279899999999856e+01 9.131682801314878452e+04
1.638918200000000169e+01 9.104454952464735834e+04
1.639556500000000128e+01 9.106146792238921626e+04
1.640194800000000086e+01 9.126041986893182911e+04
1.640833100000000044e+01 9.149334114881340065e+04
1.641471299999999900e+01 9.166266811320310808e+04
1.642109599999999858e+01 9.171053509306264459e+04
1.642747900000000172e+01 9.156187109984389099e+04
1.643386200000000130e+01 9.115253200049615407e+04
1.644024500000000089e+01 9.052355777053037309e+04
1.644662699999999944e+01 8.980002473708850448e+04
1.645300999999999902e+01 8.911498054127275827e+04
1.645939299999999861e+01 8.856455068243900314e+04
1.646577600000000174e+01 8.814726966940723651e+04
1.647215900000000133e+01 8.783029671349005366e+04
1.647854200000000091e+01 8.761828603745691362e+04
1.648492399999999947e+01 8.752665833617257886e+04
1.649130699999999905e+01 8.753419893221091479e+04
1.649768999999999863e+01 8.757882680378653458e+04
1.650407300000000177e+01 8.765731016487814486e+04
1.651045600000000135e+01 8.783508225084852893e+04
1.651683799999999991e+01 8.810724925699509913e+04
1.652322099999999949e+01 8.841666261496958032e+04
1.652960399999999908e+01 8.876462900457366777e+04
1.653598699999999866e+01 8.915350843742652796e+04
1.654236999999999824e+01 8.953368993955687620e+04
1.654875300000000138e+01 8.985549600542784901e+04
1.655513499999999993e+01 9.007669340524301515e+04
1.656151799999999952e+01 9.016906192210171139e+04
1.656790099999999910e+01 9.014986283838959935e+04
1.657428399999999868e+01 9.006212292219699884e+04
1.658066699999999827e+01 8.994400030920282006e+04
1.658704900000000038e+01 8.984696771508635720e+04
1.659343199999999996e+01 8.986353512937083724e+04
1.659981499999999954e+01 9.006021445061452687e+04
1.660619799999999913e+01 9.039780784773152845e+04
1.661258099999999871e+01 9.077166238523088396e+04
1.661896399999999829e+01 9.109408739067032002e+04
1.662534600000000040e+01 9.130404538527927070e+04
1.663172899999999998e+01 9.137090117973610177e+04
1.663811199999999957e+01 9.129953340140081127e+04
1.664449499999999915e+01 9.113708546171116177e+04
1.665087799999999874e+01 9.098558218607548042e+04
1.665726000000000084e+01 9.095509019680306665e+04
1.666364300000000043e+01 9.113180049433656677e+04
1.667002600000000001e+01 9.154202515695261536e+04
1.667640899999999959e+01 9.207295973399201466e+04
1.668279199999999918e+01 9.256977394066972192e+04
1.668917499999999876e+01 9.295736033029975079e+04
1.669555700000000087e+01 9.316114260598183319e+04
1.670194000000000045e+01 9.308627123117638985e+04
1.670832300000000004e+01 9.271035900724110252e+04
1.671470599999999962e+01 9.209562497801319114e+04
1.672108899999999920e+01 9.137285818412600202e+04
1.672747100000000131e+01 9.070657176438804890e+04
1.673385400000000089e+01 9.021513278462710150e+04
1.674023700000000048e+01 8.993916630032802641e+04
1.674662000000000006e+01 8.985987227247937699e+04
1.675300299999999964e+01 8.990918199141960940e+04
1.675938599999999923e+01 8.999547263606615888e+04
1.676576800000000134e+01 9.000575174255843740e+04
1.677215100000000092e+01 8.986045196297034272e+04
1.677853400000000050e+01 8.958422314374815323e+04
1.678491700000000009e+01 8.924578554374861415e+04
1.679129999999999967e+01 8.888626028439392394e+04
1.679768199999999823e+01 8.853138564252539072e+04
1.680406500000000136e+01 8.822156834404624533e+04
1.681044800000000095e+01 8.799634562543912034e+04
1.681683100000000053e+01 8.785865954151429469e+04
1.682321400000000011e+01 8.778982342925360717e+04
1.682959699999999970e+01 8.780378867084070225e+04
1.683597899999999825e+01 8.791388213353716128e+04
1.684236200000000139e+01 8.809974500450927007e+04
1.684874500000000097e+01 8.837225318089913344e+04
1.685512800000000055e+01 8.879030625468812650e+04
1.686151100000000014e+01 8.940484163047332549e+04
1.686789299999999869e+01 9.019614030757549335e+04
1.687427599999999828e+01 9.109932511057262309e+04
1.688065900000000141e+01 9.201917742401207215e+04
1.688704200000000100e+01 9.283366613255822449e+04
1.689342500000000058e+01 9.343061211125853879e+04
1.689980800000000016e+01 9.371579464814788662e+04
1.690618999999999872e+01 9.367058923928593867e+04
1.691257299999999830e+01 9.335541367399015871e+04
1.691895600000000144e+01 9.288536916978772206e+04
1.692533900000000102e+01 9.242759030078718206e+04
1.693172200000000061e+01 9.214496751828439301e+04
1.693810399999999916e+01 9.214423184058078914e+04
1.694448699999999874e+01 9.242200316942794598e+04
1.695086999999999833e+01 9.286020558315521339e+04
1.695725300000000146e+01 9.328259948794325464e+04
1.696363600000000105e+01 9.354397670019432553e+04
1.697001900000000063e+01 9.356422791916996357e+04
1.697640099999999919e+01 9.328061947940816754e+04
1.698278399999999877e+01 9.266769556785011082e+04
1.698916699999999835e+01 9.179530138361841091e+04
1.699555000000000149e+01 9.081074262439509039e+04
1.700193300000000107e+01 8.987016806471369637e+04
1.700831600000000066e+01 8.909156474552249711e+04
1.701469799999999921e+01 8.853516681366020930e+04
1.702108099999999880e+01 8.820867631673326832e+04
1.702746399999999838e+01 8.806318106704583624e+04
1.703384700000000151e+01 8.798446105440772953e+04
1.704023000000000110e+01 8.789992596369114472e+04
1.704661199999999965e+01 8.783714759880330530e+04
1.705299499999999924e+01 8.781814728538351483e+04
1.705937799999999882e+01 8.782723118620044261e+04
1.706576099999999840e+01 8.787383509425917873e+04
1.707214400000000154e+01 8.797643102593295043e+04
1.707852700000000112e+01 8.810554711073209182e+04
1.708490899999999968e+01 8.819712446051120060e+04
1.709129199999999926e+01 8.824442651060901699e+04
1.709767499999999885e+01 8.830559288996586110e+04
1.710405799999999843e+01 8.841882220095483353e+04
1.711044100000000157e+01 8.859327520616228867e+04
1.711682300000000012e+01 8.885589886473500519e+04
1.712320599999999970e+01 8.924963734381285030e+04
1.712958899999999929e+01 8.981187226033875777e+04
1.713597199999999887e+01 9.056416560145132826e+04
1.714235499999999845e+01 9.148007857073933701e+04
1.714873800000000159e+01 9.245081296288021258e+04
1.715512000000000015e+01 9.332140775706536078e+04
1.716150299999999973e+01 9.394918098986078985e+04
1.716788599999999931e+01 9.425720994586570305e+04
1.717426899999999890e+01 9.421684770885248145e+04
1.718065199999999848e+01 9.381259143404170754e+04
1.718703400000000059e+01 9.311497102618601639e+04
1.719341700000000017e+01 9.228007852066199121e+04
1.719979999999999976e+01 9.146999411429165048e+04
1.720618299999999934e+01 9.085541015435947338e+04
1.721256599999999892e+01 9.053694107758859172e+04
1.721894899999999851e+01 9.045245840822956234e+04
1.722533100000000061e+01 9.048830284155234403e+04
1.723171400000000020e+01 9.053185965535961441e+04
1.723809699999999978e+01 9.051490782656456577e+04
1.724447999999999936e+01 9.047992579400248360e+04
1.725086299999999895e+01 9.047300267241089023e+04
1.725724500000000106e+01 9.049947432085138280e+04
1.726362800000000064e+01 9.061146347155491821e+04
1.727001100000000022e+01 9.089091278843150940e+04
1.727639399999999981e+01 9.133447781396351638e+04
1.728277699999999939e+01 9.184441524366952945e+04
1.728915999999999897e+01 9.231063466745860933e+04
1.729554200000000108e+01 9.264192476793518290e+04
1.730192500000000067e+01 9.277228623825040995e+04
1.730830800000000025e+01 9.266723934116052988e+04
1.731469099999999983e+01 9.231356096698160400e+04
1.732107399999999942e+01 9.175628689373866655e+04
1.732745600000000152e+01 9.110741178250551457e+04
1.733383900000000111e+01 9.049767015856842045e+04
1.734022200000000069e+01 9.004133928432661924e+04
1.734660500000000027e+01 8.977060686410743801e+04
1.735298799999999986e+01 8.965594566016705357e+04
1.735937099999999944e+01 8.965535260004352313e+04
1.736575300000000155e+01 8.970092294691319694e+04
1.737213600000000113e+01 8.971231354473344982e+04
1.737851900000000072e+01 8.964635865733251558e+04
1.738490200000000030e+01 8.952103105525768478e+04
1.739128499999999988e+01 8.939085709948631120e+04
1.739766699999999844e+01 8.930213639308238635e+04
1.740405000000000157e+01 8.927682031215548341e+04
1.741043300000000116e+01 8.932283647819122416e+04
1.741681600000000074e+01 8.942987863949633902e+04
1.742319900000000032e+01 8.957726837232956314e+04
1.742958199999999991e+01 8.974237868276455265e+04
1.743596399999999846e+01 8.987463367976198788e+04
1.744234700000000160e+01 8.996558300922485068e+04
1.744873000000000118e+01 9.009049717995268293e+04
1.745511300000000077e+01 9.032951741774968104e+04
1.746149600000000035e+01 9.073574085856808233e+04
1.746787799999999891e+01 9.133982103775719588e+04
1.747426099999999849e+01 9.211204904637047730e+04
1.748064400000000163e+01 9.292431979857601982e+04
1.748702700000000121e+01 9.361062076093786163e+04
1.749341000000000079e+01 9.405528758714138530e+04
1.749979300000000038e+01 9.420180214074351534e+04
1.750617499999999893e+01 9.398438088866553153e+04
1.751255799999999851e+01 9.336433049013197888e+04
1.751894100000000165e+01 9.243274049799786007e+04
1.752532400000000123e+01 9.137203695438560680e+04
1.753170700000000082e+01 9.034327182640082901e+04
1.753808899999999937e+01 8.948126954373260378e+04
1.754447199999999896e+01 8.887908814974634151e+04
1.755085499999999854e+01 8.850625515545968665e+04
1.755723800000000168e+01 8.827381506914878264e+04
1.756362100000000126e+01 8.815050145966424316e+04
1.757000400000000084e+01 8.812806115756076179e+04
1.757638599999999940e+01 8.819863942504400620e+04
1.758276899999999898e+01 8.835970677426067414e+04
1.758915199999999857e+01 8.858577128691264079e+04
1.759553500000000170e+01 8.885738269258482615e+04
1.760191800000000129e+01 8.917795864471330424e+04
1.760829999999999984e+01 8.950656652254401706e+04
1.761468299999999942e+01 8.978035463203271502e+04
1.762106599999999901e+01 8.998242704098159447e+04
1.762744899999999859e+01 9.009841426435773610e+04
1.763383200000000173e+01 9.012378477687641862e+04
1.764021500000000131e+01 9.007851120996256941e+04
1.764659699999999987e+01 9.000827912686721538e+04
1.765297999999999945e+01 8.997322792907460826e+04
1.765936299999999903e+01 9.001256037532154005e+04
1.766574599999999862e+01 9.014338914521981496e+04
1.767212900000000175e+01 9.036435895397976856e+04
1.767851100000000031e+01 9.063562198477640050e+04
1.768489399999999989e+01 9.089534430658127530e+04
1.769127699999999948e+01 9.106886390526939067e+04
1.769765999999999906e+01 9.108808728282939410e+04
1.770404299999999864e+01 9.096273867245680594e+04
1.771042599999999823e+01 9.075874868726922432e+04
1.771680800000000033e+01 9.053470865732699167e+04
1.772319099999999992e+01 9.036111969527488691e+04
1.772957399999999950e+01 9.030290965244374820e+04
1.773595699999999908e+01 9.039372290792054264e+04
1.774233999999999867e+01 9.058719802656088723e+04
1.774872200000000078e+01 9.078279393170669209e+04
1.775510500000000036e+01 9.091551330917692394e+04
1.776148799999999994e+01 9.095292116662467015e+04
1.776787099999999953e+01 9.087052464493454318e+04
1.777425399999999911e+01 9.066397484482775326e+04
1.778063699999999869e+01 9.036340954653013614e+04
1.778701900000000080e+01 9.005624670935835456e+04
1.779340200000000038e+01 8.985897003184573259e+04
1.779978499999999997e+01 8.980849598976639390e+04
1.780616799999999955e+01 8.986842101672737044e+04
1.781255099999999914e+01 8.998093766868281818e+04
1.781893300000000124e+01 9.007030184072285192e+04
1.782531600000000083e+01 9.009250256566438475e+04
1.783169900000000041e+01 9.004346481134198257e+04
1.783808199999999999e+01 8.991732237647606235e+04
1.784446499999999958e+01 8.975780607040588802e+04
1.785084799999999916e+01 8.965271756606934650e+04
1.785723000000000127e+01 8.963929969366631121e+04
1.786361300000000085e+01 8.969249630559825164e+04
1.786999600000000044e+01 8.977818779494924820e+04
1.787637900000000002e+01 8.987436768933112035e+04
1.788276199999999960e+01 8.995098587580917228e+04
1.788914400000000171e+01 8.997837922855935176e+04
1.789552700000000129e+01 8.996233048365465947e+04
1.790191000000000088e+01 8.994315023150069464e+04
1.790829300000000046e+01 8.996631276193266967e+04
1.791467600000000004e+01 9.006192519004951464e+04
1.792105899999999963e+01 9.021950006311494508e+04
1.792744100000000174e+01 9.043098463809091481e+04
1.793382400000000132e+01 9.068615099577550427e+04
1.794020700000000090e+01 9.093663735728259780e+04
1.794659000000000049e+01 9.111363917224669422e+04
1.795297300000000007e+01 9.115742318567648181e+04
1.795935499999999863e+01 9.104159227507592004e+04
1.796573800000000176e+01 9.079270146247460798e+04
1.797212100000000135e+01 9.046637618363156798e+04
1.797850400000000093e+01 9.010979842274339171e+04
1.798488700000000051e+01 8.978859575125176343e+04
1.799127000000000010e+01 8.957945810525695561e+04
1.799765199999999865e+01 8.947319440268137259e+04
1.800403499999999823e+01 8.940698654358604108e+04
1.801041800000000137e+01 8.937824364585682633e+04
1.801680100000000095e+01 8.938299039036381873e+04
1.802318400000000054e+01 8.933462622150358220e+04
1.802956599999999909e+01 8.917271899370996107e+04
1.803594899999999868e+01 8.895026144202443538e+04
1.804233199999999826e+01 8.874060012209482375e+04
1.804871500000000140e+01 8.858132585518370615e+04
1.805509800000000098e+01 8.851580487508213264e+04
1.806148100000000056e+01 8.852561097079931642e+04
1.806786299999999912e+01 8.852417315888642042e+04
1.807424599999999870e+01 8.847527438549202634e+04
1.808062899999999829e+01 8.842629038266878342e+04
1.808701200000000142e+01 8.842420421455122414e+04
1.809339500000000100e+01 8.846745855932544509e+04
1.809977699999999956e+01 8.854812184384057764e+04
1.810615999999999914e+01 8.866459904741437640e+04
1.811254299999999873e+01 8.880069193002487009e+04
1.811892599999999831e+01 8.893900920488272095e+04
1.812530900000000145e+01 8.907699249940965092e+04
1.813169200000000103e+01 8.920913828685018234e+04
1.813807399999999959e+01 8.930343578112192336e+04
1.814445699999999917e+01 8.934829090595590242e+04
1.815083999999999875e+01 8.939556516307531274e+04
1.815722299999999834e+01 8.947043423843616620e+04
1.816360600000000147e+01 8.957275236542872153e+04
1.816998800000000003e+01 8.974404898908091127e+04
1.817637099999999961e+01 8.998651015087678388e+04
1.818275399999999919e+01 9.025306891210924368e+04
1.818913699999999878e+01 9.054493274897728406e+04
1.819551999999999836e+01 9.084314987127340282e+04
1.820190300000000150e+01 9.106082788753944624e+04
1.820828500000000005e+01 9.116001602403566358e+04
1.821466799999999964e+01 9.117910606860561529e+04
1.822105099999999922e+01 9.119428359770146199e+04
1.822743399999999880e+01 9.129929865650624561e+04
1.823381699999999839e+01 9.155737595915514976e+04
1.824019900000000050e+01 9.196931926510871563e+04
1.824658200000000008e+01 9.249327899759690627e+04
1.825296499999999966e+01 9.302658929390271078e+04
1.825934799999999925e+01 9.343535770279259305e+04
1.826573099999999883e+01 9.363810787002934376e+04
1.827211399999999841e+01 9.356031490819479222e+04
1.827849600000000052e+01 9.317277338496901211e+04
1.828487900000000010e+01 9.258144656118028797e+04
1.829126199999999969e+01 9.194794748873454228e+04
1.829764499999999927e+01 9.137237428459555667e+04
1.830402799999999885e+01 9.091588758063758723e+04
1.831041000000000096e+01 9.063104816235584440e+04
1.831679300000000055e+01 9.052615999906742945e+04
1.832317600000000013e+01 9.054090943893534131e+04
1.832955899999999971e+01 9.057517359161443892e+04
1.833594199999999930e+01 9.054937642197095556e+04
1.834232499999999888e+01 9.043031180719891563e+04
1.834870700000000099e+01 9.022407034383963037e+04
1.835509000000000057e+01 8.997574981630756520e+04
1.836147300000000016e+01 8.975021910258370917e+04
1.836785599999999974e+01 8.959820017097971868e+04
1.837423899999999932e+01 8.951965979486935248e+04
1.838062100000000143e+01 8.948526456817053258e+04
1.838700400000000101e+01 8.950118168729651370e+04
1.839338700000000060e+01 8.958358671806039638e+04
1.839977000000000018e+01 8.973188723040805780e+04
1.840615299999999976e+01 8.996766522524165339e+04
1.841253599999999935e+01 9.031777695711496926e+04
1.841891800000000146e+01 9.079273561667192553e+04
1.842530100000000104e+01 9.138367605262485449e+04
1.843168400000000062e+01 9.204859731251567428e+04
1.843806700000000021e+01 9.269474010553400149e+04
1.844444999999999979e+01 9.320524136614962481e+04
1.845083199999999835e+01 9.350225837214254716e+04
1.845721500000000148e+01 9.354646736242929182e+04
1.846359800000000106e+01 9.333899917577604356e+04
1.846998100000000065e+01 9.294677309246842924e+04
1.847636400000000023e+01 9.246313307286603958e+04
1.848274699999999982e+01 9.200610392526589567e+04
1.848912899999999837e+01 9.172596994445934251e+04
1.849551200000000151e+01 9.165528590183009510e+04
1.850189500000000109e+01 9.169640146500855917e+04
1.850827800000000067e+01 9.174805928599718027e+04
1.851466100000000026e+01 9.173991705700551393e+04
1.852104299999999881e+01 9.162747589423191675e+04
1.852742599999999840e+01 9.136687879142593010e+04
1.853380900000000153e+01 9.094743664106199867e+04
1.854019200000000112e+01 9.043522056330746273e+04
1.854657500000000070e+01 8.992953071434464073e+04
1.855295800000000028e+01 8.951358037862298079e+04
1.855933999999999884e+01 8.923055399836917059e+04
1.856572299999999842e+01 8.906589657842348970e+04
1.857210600000000156e+01 8.895670664951435174e+04
1.857848900000000114e+01 8.888990564943704521e+04
1.858487200000000072e+01 8.892418646527008968e+04
1.859125399999999928e+01 8.907178111284607439e+04
1.859763699999999886e+01 8.928329251310607651e+04
1.860401999999999845e+01 8.953771006130857859e+04
1.861040300000000158e+01 8.983513022801780608e+04
1.861678600000000117e+01 9.014672977568019996e+04
1.862316900000000075e+01 9.040982755513521261e+04
1.862955099999999931e+01 9.059490992103959434e+04
1.863593399999999889e+01 9.071800838689923694e+04
1.864231699999999847e+01 9.078306303031338030e+04
1.864870000000000161e+01 9.077916021746124898e+04
1.865508300000000119e+01 9.075030458558171813e+04
1.866146499999999975e+01 9.080084245016353088e+04
1.866784799999999933e+01 9.095750973457521468e+04
1.867423099999999891e+01 9.118376600252604112e+04
1.868061399999999850e+01 9.146212826028605923e+04
1.868699700000000163e+01 9.175757292932366545e+04
1.869338000000000122e+01 9.200513710363284918e+04
1.869976199999999977e+01 9.212948289275483694e+04
1.870614499999999936e+01 9.207181158230354777e+04
1.871252799999999894e+01 9.183631321912490239e+04
1.871891099999999852e+01 9.149524310091242660e+04
1.872529400000000166e+01 9.117874552667175885e+04
1.873167600000000022e+01 9.098438937586969405e+04
1.873805899999999980e+01 9.090703549236111576e+04
1.874444199999999938e+01 9.089964293374746921e+04
1.875082499999999897e+01 9.090727678044600179e+04
1.875720799999999855e+01 9.091015299049697933e+04
1.876359100000000169e+01 9.091183666591119254e+04
1.876997300000000024e+01 9.087537411882999004e+04
1.877635599999999982e+01 9.079390297707622813e+04
1.878273899999999941e+01 9.071845768077006505e+04
1.878912199999999899e+01 9.068356053661704937e+04
1.879550499999999857e+01 9.069612461491279828e+04
1.880188700000000068e+01 9.077386206478695385e+04
1.880827000000000027e+01 9.092060904697174556e+04
1.881465299999999985e+01 9.107145846441469621e+04
1.882103599999999943e+01 9.114607967523366096e+04
1.882741899999999902e+01 9.110619436294981278e+04
1.883380199999999860e+01 9.092802997889177641e+04
1.884018400000000071e+01 9.059615557157475268e+04
1.884656700000000029e+01 9.017184590978540655e+04
1.885294999999999987e+01 8.977223954254976707e+04
1.885933299999999946e+01 8.946977653070933593e+04
1.886571599999999904e+01 8.925209469137733686e+04
1.887209800000000115e+01 8.909786005803439184e+04
1.887848100000000073e+01 8.900505293226620415e+04
1.888486400000000032e+01 8.898395392541334149e+04
1.889124699999999990e+01 8.904144334332550352e+04
1.889762999999999948e+01 8.916693809118712670e+04
1.890401299999999907e+01 8.935073074400759651e+04
1.891039500000000118e+01 8.959124447810786660e+04
1.891677800000000076e+01 8.987068339488687343e+04
1.892316100000000034e+01 9.011589508863055380e+04
1.892954399999999993e+01 9.030882571664583520e+04
1.893592699999999951e+01 9.048590063470116002e+04
1.894230900000000162e+01 9.061528116975193552e+04
1.894869200000000120e+01 9.066611022644132026e+04
1.895507500000000078e+01 9.066428801380610093e+04
1.896145800000000037e+01 9.063193116876343265e+04
1.896784099999999995e+01 9.059719746541115455e+04
1.897422399999999953e+01 9.062722746774938423e+04
1.898060600000000164e+01 9.076900983378983801e+04
1.898698900000000123e+01 9.098031815822902718e+04
1.899337200000000081e+01 9.118649438690880197e+04
1.899975500000000039e+01 9.132254207284850418e+04
1.900613799999999998e+01 9.132546671437632176e+04
1.901251999999999853e+01 9.117270125210078550e+04
1.901890300000000167e+01 9.085681487875149469e+04
1.902528600000000125e+01 9.042689902153743606e+04
1.903166900000000084e+01 9.001405970754711598e+04
1.903805200000000042e+01 8.968897012076407555e+04
1.904443500000000000e+01 8.942206997111132659e+04
1.905081699999999856e+01 8.921922607456086553e+04
1.905720000000000169e+01 8.912691858836328902e+04
1.906358300000000128e+01 8.911616223216499202e+04
1.906996600000000086e+01 8.911477736955950968e+04
1.907634900000000044e+01 8.912828796048965887e+04
1.908273099999999900e+01 8.920945281026524026e+04
1.908911399999999858e+01 8.934016148431555484e+04
1.909549700000000172e+01 8.944577359399513807e+04
1.910188000000000130e+01 8.951431717243973981e+04
1.910826300000000089e+01 8.958685408938518958e+04
1.911464600000000047e+01 8.967028333043050952e+04
1.912102799999999903e+01 8.975867316444279277e+04
1.912741099999999861e+01 8.986412004246206197e+04
1.913379400000000174e+01 9.001849997474247357e+04
1.914017700000000133e+01 9.026421129251811362e+04
1.914656000000000091e+01 9.063205809627237613e+04
1.915294199999999947e+01 9.113117660013341811e+04
1.915932499999999905e+01 9.171324546059277782e+04
1.916570799999999863e+01 9.227793470845032425e+04
1.917209100000000177e+01 9.275568290630597039e+04
1.917847400000000135e+01 9.307218792689967086e+04
1.918485700000000094e+01 9.313922555557046144e+04
1.919123899999999949e+01 9.292796856564734480e+04
1.919762199999999908e+01 9.251672828034570557e+04
1.920400499999999866e+01 9.206241768621702795e+04
1.921038799999999824e+01 9.169523607728700154e+04
1.921677100000000138e+01 9.143054096634610323e+04
1.922315299999999993e+01 9.124075613637850620e+04
1.922953599999999952e+01 9.115059686110442271e+04
1.923591899999999910e+01 9.114728097348452138e+04
1.924230199999999869e+01 9.113636699390817375e+04
1.924868499999999827e+01 9.105223665652000636e+04
1.925506800000000140e+01 9.087351287846983178e+04
1.926144999999999996e+01 9.061435061681925436e+04
1.926783299999999954e+01 9.032985609058075352e+04
1.927421599999999913e+01 9.008305286899904604e+04
1.928059899999999871e+01 8.992686432630231138e+04
1.928698199999999829e+01 8.985622033631370869e+04
1.929336400000000040e+01 8.982024149192191544e+04
1.929974699999999999e+01 8.978642949124990264e+04
1.930612999999999957e+01 8.977762416020617820e+04
1.931251299999999915e+01 8.980302103489590809e+04
1.931889599999999874e+01 8.985332295748221804e+04
1.932527899999999832e+01 8.995226437880199228e+04
1.933166100000000043e+01 9.010587040325996350e+04
1.933804400000000001e+01 9.030376086464058608e+04
1.934442699999999959e+01 9.053066895542491693e+04
1.935080999999999918e+01 9.073144525471166708e+04
1.935719299999999876e+01 9.084368007116776425e+04
1.936357500000000087e+01 9.084453887391905300e+04
1.936995800000000045e+01 9.078548152321914677e+04
1.937634100000000004e+01 9.071070289004195365e+04
1.938272399999999962e+01 9.062803817060752772e+04
1.938910699999999920e+01 9.059937377386119624e+04
1.939548999999999879e+01 9.066782684253447223e+04
1.940187200000000090e+01 9.078104472149338108e+04
1.940825500000000048e+01 9.084851957298180787e+04
1.941463800000000006e+01 9.084899412250016758e+04
1.942102099999999965e+01 9.085159446664366988e+04
1.942740399999999923e+01 9.087374443420715397e+04
1.943378600000000134e+01 9.087343529007540201e+04
1.944016900000000092e+01 9.084466728337213863e+04
1.944655200000000050e+01 9.085438534433754103e+04
1.945293500000000009e+01 9.098924922891194001e+04
1.945931799999999967e+01 9.120300996948961983e+04
1.946570099999999925e+01 9.137929049279050378e+04
1.947208300000000136e+01 9.148848653183454007e+04
1.947846600000000095e+01 9.151936767915972450e+04
1.948484900000000053e+01 9.142290084926789859e+04
1.949123200000000011e+01 9.116129823080095230e+04
1.949761499999999970e+01 9.078373267938222853e+04
1.950399699999999825e+01 9.040758934642642271e+04
1.951038000000000139e+01 9.008636162551473535e+04
1.951676300000000097e+01 8.982864714015026402e+04
1.952314600000000056e+01 8.963260235588006617e+04
1.952952900000000014e+01 8.948050516206843895e+04
1.953591199999999972e+01 8.938700190108560491e+04
1.954229399999999828e+01 8.937765645998506807e+04
1.954867700000000141e+01 8.944161409452071530e+04
1.955506000000000100e+01 8.952885898409219226e+04
1.956144300000000058e+01 8.963410474176090793e+04
1.956782600000000016e+01 8.977618826849311881e+04
1.957420799999999872e+01 8.990982823265757179e+04
1.958059099999999830e+01 9.000791141873801826e+04
1.958697400000000144e+01 9.010975079360557720e+04
1.959335700000000102e+01 9.020173339243726514e+04
1.959974000000000061e+01 9.023251515442824166e+04
1.960612300000000019e+01 9.021939170880420716e+04
1.961250499999999874e+01 9.020974725224402209e+04
1.961888799999999833e+01 9.022697742553011631e+04
1.962527100000000146e+01 9.028963251710101031e+04
1.963165400000000105e+01 9.040567529992295022e+04
1.963803700000000063e+01 9.054607620616648637e+04
1.964441899999999919e+01 9.069090876938193105e+04
1.965080199999999877e+01 9.080203343522464274e+04
1.965718499999999835e+01 9.083027183476372738e+04
1.966356800000000149e+01 9.079356959385104710e+04
1.966995100000000107e+01 9.074976822559736320e+04
1.967633400000000066e+01 9.076088356134093192e+04
1.968271599999999921e+01 9.085245868748569046e+04
1.968909899999999880e+01 9.098535067876827088e+04
1.969548199999999838e+01 9.114940088563693280e+04
1.970186500000000152e+01 9.133523196838650620e+04
1.970824800000000110e+01 9.146969135293953877e+04
1.971462999999999965e+01 9.152736540724974475e+04
1.972101299999999924e+01 9.153910992027111934e+04
1.972739599999999882e+01 9.148218034673127113e+04
1.973377899999999840e+01 9.133818172431306448e+04
1.974016200000000154e+01 9.119514665092781070e+04
1.974654500000000112e+01 9.117309993074237718e+04
1.975292699999999968e+01 9.127537057239800924e+04
1.975930999999999926e+01 9.141748553391294263e+04
1.976569299999999885e+01 9.153743228547342005e+04
1.977207599999999843e+01 9.156837978647521231e+04
1.977845900000000157e+01 9.145805410036088142e+04
1.978484100000000012e+01 9.123405153318631346e+04
1.979122399999999971e+01 9.096868367644269892e+04
1.979760699999999929e+01 9.070015529437651276e+04
1.980398999999999887e+01 9.043861054693802726e+04
1.981037299999999846e+01 9.025681152559212933e+04
1.981675600000000159e+01 9.020575484712238540e+04
1.982313800000000015e+01 9.024925702498271130e+04
1.982952099999999973e+01 9.034641819775059412e+04
1.983590399999999931e+01 9.047644194531405810e+04
1.984228699999999890e+01 9.060028324595544836e+04
1.984866999999999848e+01 9.072192965143034235e+04
1.985505200000000059e+01 9.093575832939815882e+04
1.986143500000000017e+01 9.128750809833507810e+04
1.986781799999999976e+01 9.167194153249126975e+04
1.987420099999999934e+01 9.197854961380080204e+04
1.988058399999999892e+01 9.218508542935630248e+04
1.988696699999999851e+01 9.226905271816914319e+04
1.989334900000000061e+01 9.220522077697890927e+04
1.989973200000000020e+01 9.203505921169961221e+04
1.990611499999999978e+01 9.186178840611188207e+04
1.991249799999999937e+01 9.176110410412828787e+04
1.991888099999999895e+01 9.173600080539681949e+04
1.992526300000000106e+01 9.175063551206864940e+04
1.993164600000000064e+01 9.180263610249818885e+04
1.993802900000000022e+01 9.187488254039062303e+04
1.994441199999999981e+01 9.186002312750281999e+04
1.995079499999999939e+01 9.168137729358344222e+04
1.995717799999999897e+01 9.136293163061904488e+04
1.996356000000000108e+01 9.097976190041328664e+04
1.996994300000000067e+01 9.061608690036968619e+04
1.997632600000000025e+01 9.029799459989540628e+04
1.998270899999999983e+01 9.005891801223150105e+04
1.998909199999999942e+01 8.993243219485285226e+04
1.999547400000000152e+01 8.987142910799145466e+04
2.000185700000000111e+01 8.984545332031938597e+04
2.000824000000000069e+01 8.985611472396430327e+04
2.001462300000000027e+01 8.987075623181514675e+04
2.002100599999999986e+01 8.989035479878782644e+04
2.002738899999999944e+01 8.994461661336269754e+04
2.003377100000000155e+01 9.001120035330139217e+04
2.004015400000000113e+01 9.006274829956372560e+04
2.004653700000000072e+01 9.010037303641419567e+04
2.005292000000000030e+01 9.012446045445342315e+04
2.005930299999999988e+01 9.014309567058336688e+04
2.006568499999999844e+01 9.016140562452406448e+04
2.007206800000000158e+01 9.019026697367156157e+04
2.007845100000000116e+01 9.021719103892490966e+04
2.008483400000000074e+01 9.025860135877411813e+04
2.009121700000000033e+01 9.036135581784807437e+04
2.009759999999999991e+01 9.051414535942582006e+04
2.010398199999999846e+01 9.063869555688364198e+04
2.011036500000000160e+01 9.066601122136623599e+04
2.011674800000000118e+01 9.062373338733665878e+04
2.012313100000000077e+01 9.059654643275111448e+04
2.012951400000000035e+01 9.059693015824642498e+04
2.013589599999999891e+01 9.059121925745203043e+04
2.014227899999999849e+01 9.061799065608685487e+04
2.014866200000000163e+01 9.072299717934889486e+04
2.015504500000000121e+01 9.086821455476045958e+04
2.016142800000000079e+01 9.099500146655083518e+04
2.016781100000000038e+01 9.107353070410530199e+04
2.017419299999999893e+01 9.112801149773757788e+04
2.018057599999999852e+01 9.116492569810582791e+04
2.018695900000000165e+01 9.114601070889936818e+04
2.019334200000000124e+01 9.109470299136679387e+04
2.019972500000000082e+01 9.106346254466101527e+04
2.020610800000000040e+01 9.106960473052202724e+04
2.021248999999999896e+01 9.112146959303328185e+04
2.021887299999999854e+01 9.119447865949306288e+04
2.022525600000000168e+01 9.122543104853300611e+04
2.023163900000000126e+01 9.120109750154118228e+04
2.023802200000000084e+01 9.115521519640299084e+04
2.024440399999999940e+01 9.111479875952602015e+04
2.025078699999999898e+01 9.106553597884862393e+04
2.025716999999999857e+01 9.100064469698526955e+04
2.026355300000000170e+01 9.097332723261398496e+04
2.026993600000000129e+01 9.099517935783472785e+04
2.027631900000000087e+01 9.102058492048378685e+04
2.028270099999999942e+01 9.102694609547161963e+04
2.028908399999999901e+01 9.102691092939621012e+04
2.029546699999999859e+01 9.103325721434992738e+04
2.030185000000000173e+01 9.107283750091496040e+04
2.030823300000000131e+01 9.114745380109557300e+04
2.031461499999999987e+01 9.121972613229582203e+04
2.032099799999999945e+01 9.131098220885000774e+04
2.032738099999999903e+01 9.144580235437405645e+04
2.033376399999999862e+01 9.158819635529277730e+04
2.034014700000000175e+01 9.166854750935913762e+04
2.034653000000000134e+01 9.163273325750608637e+04
2.035291199999999989e+01 9.152415581600076985e+04
2.035929499999999948e+01 9.146627385518771189e+04
2.036567799999999906e+01 9.148851653818710474e+04
2.037206099999999864e+01 9.155505893518234370e+04
2.037844399999999823e+01 9.167608647341476171e+04
2.038482600000000033e+01 9.181410148537908390e+04
2.039120899999999992e+01 9.188505915778377675e+04
2.039759199999999950e+01 9.184617486848909175e+04
2.040397499999999908e+01 9.170907580249851162e+04
2.041035799999999867e+01 9.146620989378263766e+04
2.041674099999999825e+01 9.115255528313672403e+04
2.042312300000000036e+01 9.086970365392282838e+04
2.042950599999999994e+01 9.062690771112145740e+04
2.043588899999999953e+01 9.041944819241293590e+04
2.044227199999999911e+01 9.030415583756734850e+04
2.044865499999999869e+01 9.025026376745160087e+04
2.045503700000000080e+01 9.019790964846275165e+04
2.046142000000000039e+01 9.017077519508395926e+04
2.046780299999999997e+01 9.020704454284762323e+04
2.047418599999999955e+01 9.030197611607769795e+04
2.048056899999999914e+01 9.040661424615645956e+04
2.048695199999999872e+01 9.045305500890177791e+04
2.049333400000000083e+01 9.047436625710772933e+04
2.049971700000000041e+01 9.053933466219445108e+04
2.050609999999999999e+01 9.063304465973601327e+04
2.051248299999999958e+01 9.073498779818654293e+04
2.051886599999999916e+01 9.084923152434885560e+04
2.052524800000000127e+01 9.100300283249519998e+04
2.053163100000000085e+01 9.122260400962435233e+04
2.053801400000000044e+01 9.147951493922702502e+04
2.054439700000000002e+01 9.175506583252942073e+04
2.055077999999999960e+01 9.203828514534246642e+04
2.055716299999999919e+01 9.226912013786789612e+04
2.056354500000000129e+01 9.237547443475155160e+04
2.056992800000000088e+01 9.232173719928537321e+04
2.057631100000000046e+01 9.213929572973778704e+04
2.058269400000000005e+01 9.196445428994135000e+04
2.058907699999999963e+01 9.190049694848732906e+04
2.059545900000000174e+01 9.189535704181426263e+04
2.060184200000000132e+01 9.190942116044892464e+04
2.060822500000000090e+01 9.195102582194266142e+04
2.061460800000000049e+01 9.197685349585146469e+04
2.062099100000000007e+01 9.195189248683834739e+04
2.062737399999999965e+01 9.184129655224509770e+04
2.063375600000000176e+01 9.164020381116177305e+04
2.064013900000000135e+01 9.143808670580506441e+04
2.064652200000000093e+01 9.126185028773221711e+04
2.065290500000000051e+01 9.110112090015839203e+04
2.065928800000000010e+01 9.098675477271844284e+04
2.066566999999999865e+01 9.090904485217007459e+04
2.067205299999999824e+01 9.084444815985683817e+04
2.067843600000000137e+01 9.080780325936536246e+04
2.068481900000000095e+01 9.079235544926360308e+04
2.069120200000000054e+01 9.074118243744803476e+04
2.069758500000000012e+01 9.064414246546020149e+04
2.070396699999999868e+01 9.056611703841842245e+04
2.071034999999999826e+01 9.054579229471478902e+04
2.071673300000000140e+01 9.055430991109613387e+04
2.072311600000000098e+01 9.055504702587885549e+04
2.072949900000000056e+01 9.055455662189464783e+04
2.073588099999999912e+01 9.060953226057108259e+04
2.074226399999999870e+01 9.077529607130927616e+04
2.074864699999999829e+01 9.103695486802441883e+04
2.075503000000000142e+01 9.136070019962496008e+04
2.076141300000000101e+01 9.171947011810535332e+04
2.076779600000000059e+01 9.205129921465313237e+04
2.077417799999999914e+01 9.230590688284557837e+04
2.078056099999999873e+01 9.247875469161271758e+04
2.078694399999999831e+01 9.255135739287991601e+04
2.079332700000000145e+01 9.247068176354112802e+04
2.079971000000000103e+01 9.222831053775838518e+04
2.080609199999999959e+01 9.192078507503675064e+04
2.081247499999999917e+01 9.164917273846681928e+04
2.081885799999999875e+01 9.145482897405858967e+04
2.082524099999999834e+01 9.134779347146945656e+04
2.083162400000000147e+01 9.129043488885530678e+04
2.083800700000000106e+01 9.124684234171512071e+04
2.084438899999999961e+01 9.119616637805564096e+04
2.085077199999999920e+01 9.112944556654363987e+04
2.085715499999999878e+01 9.104995644696647651e+04
2.086353799999999836e+01 9.091564896067470545e+04
2.086992100000000150e+01 9.073560350467957323e+04
2.087630300000000005e+01 9.059623375718464376e+04
2.088268599999999964e+01 9.052497824409979512e+04
2.088906899999999922e+01 9.047750857312753215e+04
2.089545199999999880e+01 9.045922642549010925e+04
2.090183499999999839e+01 9.049850264893003623e+04
2.090821800000000152e+01 9.056678747501160251e+04
2.091460000000000008e+01 9.064158554738559178e+04
2.092098299999999966e+01 9.072013032672827831e+04
2.092736599999999925e+01 9.076744231514060812e+04
2.093374899999999883e+01 9.074545060672363616e+04
2.094013199999999841e+01 9.070274878183455439e+04
2.094651400000000052e+01 9.069797832409423427e+04
2.095289700000000011e+01 9.072224761626558029e+04
2.095927999999999969e+01 9.076197933258730336e+04
2.096566299999999927e+01 9.079480049326521112e+04
2.097204599999999886e+01 9.080224750272984966e+04
2.097842899999999844e+01 9.085998324928787770e+04
2.098481100000000055e+01 9.099669347798463423e+04
2.099119400000000013e+01 9.110048172236263053e+04
2.099757699999999971e+01 9.114268935035695904e+04
2.100395999999999930e+01 9.122020392681084923e+04
2.101034299999999888e+01 9.135517368382125278e+04
2.101672500000000099e+01 9.149663031470979331e+04
2.102310800000000057e+01 9.168833630234151497e+04
2.102949100000000016e+01 9.196566984310193220e+04
2.103587399999999974e+01 9.226249399784201523e+04
2.104225699999999932e+01 9.253662241687698406e+04
2.104863999999999891e+01 9.277770985590445343e+04
2.105502200000000101e+01 9.293966299885259650e+04
2.106140500000000060e+01 9.296084553660676465e+04
2.106778800000000018e+01 9.283123476302201743e+04
2.107417099999999976e+01 9.260692222015283187e+04
2.108055399999999935e+01 9.237275719889532775e+04
2.108693600000000146e+01 9.218465302326905658e+04
2.109331900000000104e+01 9.203857458609665628e+04
2.109970200000000062e+01 9.192492812932108063e+04
2.110608500000000021e+01 9.185622304510357208e+04
2.111246799999999979e+01 9.181702757188485702e+04
2.111885099999999937e+01 9.177980756821244722e+04
2.112523300000000148e+01 9.172058474911149824e+04
2.113161600000000107e+01 9.162873936059325933e+04
2.113799900000000065e+01 9.151652387150806317e+04
2.114438200000000023e+01 9.141611778029752895e+04
2.115076499999999982e+01 9.139209779421889107e+04
2.115714699999999837e+01 9.144788248706370359e+04
2.116353000000000151e+01 9.150146269791622763e+04
2.116991300000000109e+01 9.151620262669873773e+04
2.117629600000000067e+01 9.152052972856775159e+04
2.118267900000000026e+01 9.154262874866757193e+04
2.118906199999999984e+01 9.160733181554033945e+04
2.119544399999999840e+01 9.170516611914013629e+04
2.120182700000000153e+01 9.181086657318712969e+04
2.120821000000000112e+01 9.192679077607786166e+04
2.121459300000000070e+01 9.201370993859511509e+04
2.122097600000000028e+01 9.202935615412704647e+04
2.122735799999999884e+01 9.199464442545411293e+04
2.123374099999999842e+01 9.194391763455397449e+04
2.124012400000000156e+01 9.187258932774861751e+04
2.124650700000000114e+01 9.182602495894124149e+04
2.125289000000000073e+01 9.186503547177764995e+04
2.125927300000000031e+01 9.193709080039589026e+04
2.126565499999999886e+01 9.200052951175378985e+04
2.127203799999999845e+01 9.207262173030550184e+04
2.127842100000000158e+01 9.210144352952792542e+04
2.128480400000000117e+01 9.201434457234780712e+04
2.129118700000000075e+01 9.182588260052213445e+04
2.129756899999999931e+01 9.157824564561164880e+04
2.130395199999999889e+01 9.132060739672082127e+04
2.131033499999999847e+01 9.115222327208824572e+04
2.131671800000000161e+01 9.112861369898536941e+04
2.132310100000000119e+01 9.119684886072028894e+04
2.132948400000000078e+01 9.124922665116123972e+04
2.133586599999999933e+01 9.125309634262870532e+04
2.134224899999999892e+01 9.126582235264737392e+04
2.134863199999999850e+01 9.134231966893740173e+04
2.135501500000000163e+01 9.148924822527260403e+04
2.136139800000000122e+01 9.168179214458835486e+04
2.136777999999999977e+01 9.187314723479351960e+04
2.137416299999999936e+01 9.197717323996456980e+04
2.138054599999999894e+01 9.195243442574405344e+04
2.138692899999999852e+01 9.188901953625482565e+04
2.139331200000000166e+01 9.189414046731457347e+04
2.139969500000000124e+01 9.195348342495728866e+04
2.140607699999999980e+01 9.204583309665376146e+04
2.141245999999999938e+01 9.216951271899073618e+04
2.141884299999999897e+01 9.226529180734358670e+04
2.142522599999999855e+01 9.231179708408664737e+04
2.143160900000000169e+01 9.231810241135425167e+04
2.143799100000000024e+01 9.228606364390002273e+04
2.144437399999999982e+01 9.223751894197870570e+04
2.145075699999999941e+01 9.217288107359083369e+04
2.145713999999999899e+01 9.207968559158396965e+04
2.146352299999999858e+01 9.201798784839891596e+04
2.146990600000000171e+01 9.198412008263872121e+04
2.147628800000000027e+01 9.190955337936097931e+04
2.148267099999999985e+01 9.184430832793767331e+04
2.148905399999999943e+01 9.185996657772228355e+04
2.149543699999999902e+01 9.190331195391682559e+04
2.150181999999999860e+01 9.191461587507801596e+04
2.150820200000000071e+01 9.191946242954517948e+04
2.151458500000000029e+01 9.193226385600856156e+04
2.152096799999999988e+01 9.193982658434947371e+04
2.152735099999999946e+01 9.195069017805720796e+04
2.153373399999999904e+01 9.199486788755585440e+04
2.154011699999999863e+01 9.203489079273439711e+04
2.154649900000000073e+01 9.202660395413319930e+04
2.155288200000000032e+01 9.198882336487347493e+04
2.155926499999999990e+01 9.193338509505009279e+04
2.156564799999999948e+01 9.186382583760496345e+04
2.157203099999999907e+01 9.181296876732911915e+04
2.157841300000000118e+01 9.179513581895767129e+04
2.158479600000000076e+01 9.176976051750700572e+04
2.159117900000000034e+01 9.173533844369160943e+04
2.159756199999999993e+01 9.173180360558925895e+04
2.160394499999999951e+01 9.175698933007377491e+04
2.161032799999999909e+01 9.179263017888218747e+04
2.161671000000000120e+01 9.185580230583771481e+04
2.162309300000000079e+01 9.194221422236930812e+04
2.162947600000000037e+01 9.201071548816414725e+04
2.163585899999999995e+01 9.204555760902537440e+04
2.164224199999999954e+01 9.207928823905528407e+04
2.164862400000000164e+01 9.215600063418639184e+04
2.165500700000000123e+01 9.226961009535186167e+04
2.166139000000000081e+01 9.236903291139611974e+04
2.166777300000000039e+01 9.246683632601992576e+04
2.167415599999999998e+01 9.261297457388218027e+04
2.168053899999999956e+01 9.281444148483825848e+04
2.168692100000000167e+01 9.304231703686578840e+04
2.169330400000000125e+01 9.320856468545307871e+04
2.169968700000000084e+01 9.320798966122939601e+04
2.170607000000000042e+01 9.304798373341397382e+04
2.171245300000000000e+01 9.280841505996618071e+04
2.171883499999999856e+01 9.251437430311398930e+04
2.172521800000000169e+01 9.218605475196108455e+04
2.173160100000000128e+01 9.193602609675769054e+04
2.173798400000000086e+01 9.180110813910793513e+04
2.174436700000000044e+01 9.169430966532744060e+04
2.175075000000000003e+01 9.160336717842647340e+04
2.175713199999999858e+01 9.157551570481102681e+04
2.176351500000000172e+01 9.155071690586730256e+04
2.176989800000000130e+01 9.152998518839557073e+04
2.177628100000000089e+01 9.155763959512101428e+04
2.178266400000000047e+01 9.160713309140427737e+04
2.178904599999999903e+01 9.165775886823258770e+04
2.179542899999999861e+01 9.171337080293339386e+04
2.180181200000000175e+01 9.177521142980348668e+04
2.180819500000000133e+01 9.184547260612912942e+04
2.181457800000000091e+01 9.197275017140363343e+04
2.182096100000000050e+01 9.215109759685609606e+04
2.182734299999999905e+01 9.235807936789057567e+04
2.183372599999999863e+01 9.262403008765177219e+04
2.184010900000000177e+01 9.289468689103220822e+04
2.184649200000000135e+01 9.306561139110679505e+04
2.185287500000000094e+01 9.313541961612799787e+04
2.185925699999999949e+01 9.314843143664789386e+04
2.186563999999999908e+01 9.307048486223988584e+04
2.187202299999999866e+01 9.287246147018251941e+04
2.187840599999999824e+01 9.264066513440525159e+04
2.188478900000000138e+01 9.247341377090067544e+04
2.189117200000000096e+01 9.239749668619362637e+04
2.189755399999999952e+01 9.237886153070681030e+04
2.190393699999999910e+01 9.233755589297988627e+04
2.191031999999999869e+01 9.225452203705772990e+04
2.191670299999999827e+01 9.218752459050025209e+04
2.192308600000000141e+01 9.217316737907141214e+04
2.192946799999999996e+01 9.220432190543529578e+04
2.193585099999999954e+01 9.225173173778780620e+04
2.194223399999999913e+01 9.229160582558320311e+04
2.194861699999999871e+01 9.231579583946435014e+04
2.195499999999999829e+01 9.232356717493952601e+04
2.196138300000000143e+01 9.230565972935655736e+04
2.196776499999999999e+01 9.226596905542505556e+04
2.197414799999999957e+01 9.221529529403717606e+04
2.198053099999999915e+01 9.218581301687381347e+04
2.198691399999999874e+01 9.218104974147948087e+04
2.199329699999999832e+01 9.219201846476440551e+04
2.199967900000000043e+01 9.219350428163146717e+04
2.200606200000000001e+01 9.218490034870602540e+04
2.201244499999999960e+01 9.222659402490107459e+04
2.201882799999999918e+01 9.229468008378954255e+04
2.202521099999999876e+01 9.231337219248343899e+04
2.203159399999999835e+01 9.228793225654697744e+04
2.203797600000000045e+01 9.227810680954849522e+04
2.204435900000000004e+01 9.233193263655253395e+04
2.205074199999999962e+01 9.241307968564933981e+04
2.205712499999999920e+01 9.245718072420777753e+04
2.206350799999999879e+01 9.245367541984532727e+04
2.206989000000000090e+01 9.242546526773531514e+04
2.207627300000000048e+01 9.241343414474005112e+04
2.208265600000000006e+01 9.242847014586688601e+04
2.208903899999999965e+01 9.241010245691201999e+04
2.209542199999999923e+01 9.236263348813873017e+04
2.210180499999999881e+01 9.236345282642348320e+04
2.210818700000000092e+01 9.241076092386739037e+04
2.211457000000000050e+01 9.244900194912342704e+04
2.212095300000000009e+01 9.245725891883774602e+04
2.212733599999999967e+01 9.239476646527234698e+04
2.213371899999999926e+01 9.227794841651336174e+04
2.214010100000000136e+01 9.219404292852467916e+04
2.214648400000000095e+01 9.212679714232467813e+04
2.215286700000000053e+01 9.205117214776783658e+04
2.215925000000000011e+01 9.201565767713004607e+04
2.216563299999999970e+01 9.204027870098609128e+04
2.217201599999999928e+01 9.208479488512188254e+04
2.217839800000000139e+01 9.211364769388141576e+04
2.218478100000000097e+01 9.217155762247502571e+04
2.219116400000000056e+01 9.228578093426718260e+04
2.219754700000000014e+01 9.240014950602158206e+04
2.220392999999999972e+01 9.247524952018499607e+04
2.221031199999999828e+01 9.254759307994670235e+04
2.221669500000000141e+01 9.260646827461579232e+04
2.222307800000000100e+01 9.261507984754201607e+04
2.222946100000000058e+01 9.260432845896645449e+04
2.223584400000000016e+01 9.261839602652659232e+04
2.224222699999999975e+01 9.265098582179989899e+04
2.224860899999999830e+01 9.266422209165054664e+04
2.225499200000000144e+01 9.263305738014570670e+04
2.226137500000000102e+01 9.258008594138448825e+04
2.226775800000000061e+01 9.255375137960331631e+04
2.227414100000000019e+01 9.256992668942682212e+04
2.228052299999999875e+01 9.258672212677140487e+04
2.228690599999999833e+01 9.259800538092790521e+04
2.229328900000000147e+01 9.264274427074106643e+04
2.229967200000000105e+01 9.269809423156882985e+04
2.230605500000000063e+01 9.272457562591279566e+04
2.231243800000000022e+01 9.275481147023814265e+04
2.231881999999999877e+01 9.281623642661498161e+04
2.232520299999999835e+01 9.288613151722909242e+04
2.233158600000000149e+01 9.291680986164702335e+04
2.233796900000000107e+01 9.285753162330953637e+04
2.234435200000000066e+01 9.271023176821414381e+04
2.235073399999999921e+01 9.260273135987175920e+04
2.235711699999999880e+01 9.260493837879723287e+04
2.236349999999999838e+01 9.262557356813110528e+04
2.236988300000000152e+01 9.261741736542686704e+04
2.237626600000000110e+01 9.260723324167344254e+04
2.238264900000000068e+01 9.257538259803345136e+04
2.238903099999999924e+01 9.250688214415800758e+04
2.239541399999999882e+01 9.241662358382712409e+04
2.240179699999999841e+01 9.233352371976731229e+04
2.240818000000000154e+01 9.227385032144605066e+04
2.241456300000000113e+01 9.226075885198239121e+04
2.242094499999999968e+01 9.228618377054690791e+04
2.242732799999999926e+01 9.230062021923108841e+04
2.243371099999999885e+01 9.232774482272664318e+04
2.244009399999999843e+01 9.243352105020020099e+04
2.244647700000000157e+01 9.261303546520670352e+04
2.245286000000000115e+01 9.281757441520816064e+04
2.245924199999999971e+01 9.298046316939315875e+04
2.246562499999999929e+01 9.305839420544315362e+04
2.247200799999999887e+01 9.307260386282073159e+04
2.247839099999999846e+01 9.308040972758296994e+04
2.248477400000000159e+01 9.309807634656735172e+04
2.249115600000000015e+01 9.308543862004544644e+04
2.249753899999999973e+01 9.307521362069794850e+04
2.250392199999999931e+01 9.309236731419523130e+04
2.251030499999999890e+01 9.310342834565756493e+04
2.251668799999999848e+01 9.312751376928438549e+04
2.252307100000000162e+01 9.315041813956943224e+04
2.252945300000000017e+01 9.310446982128138188e+04
2.253583599999999976e+01 9.302384413325643982e+04
2.254221899999999934e+01 9.295268808609445114e+04
2.254860199999999892e+01 9.286963378863323305e+04
2.255498499999999851e+01 9.276663771244208328e+04
2.256136700000000062e+01 9.267979303857038030e+04
2.256775000000000020e+01 9.266038146419660188e+04
2.257413299999999978e+01 9.267749478331090359e+04
2.258051599999999937e+01 9.265262147122004535e+04
2.258689899999999895e+01 9.258737172767304583e+04
2.259328199999999853e+01 9.255436664057333837e+04
2.259966400000000064e+01 9.259058015108254040e+04
2.260604700000000022e+01 9.264309386931442714e+04
2.261242999999999981e+01 9.267035610698274104e+04
2.261881299999999939e+01 9.271065464119329408e+04
2.262519599999999897e+01 9.279329933996377804e+04
2.263157800000000108e+01 9.289146128611620225e+04
2.263796100000000067e+01 9.297869255370387691e+04
2.264434400000000025e+01 9.305335013598248770e+04
2.265072699999999983e+01 9.312650419671337295e+04
2.265710999999999942e+01 9.323550910505186766e+04
2.266349299999999900e+01 9.336273061881642207e+04
2.266987500000000111e+01 9.346163225480244728e+04
2.267625800000000069e+01 9.352883024574309820e+04
2.268264100000000028e+01 9.352771914936992107e+04
2.268902399999999986e+01 9.345133180543984054e+04
2.269540699999999944e+01 9.336598979170323582e+04
2.270178900000000155e+01 9.329361403041104495e+04
2.270817200000000113e+01 9.322510680051957024e+04
2.271455500000000072e+01 9.320367850748631463e+04
2.272093800000000030e+01 9.323348470454511698e+04
2.272732099999999988e+01 9.323928496639349032e+04
2.273370399999999947e+01 9.321378261281334562e+04
2.274008600000000158e+01 9.320028487809351645e+04
2.274646900000000116e+01 9.322894159487055731e+04
2.275285200000000074e+01 9.329061000974135823e+04
2.275923500000000033e+01 9.335338532853619836e+04
2.276561799999999991e+01 9.341172909710483509e+04
2.277199999999999847e+01 9.342867563840062940e+04
2.277838300000000160e+01 9.338999564816654311e+04
2.278476600000000118e+01 9.331679781431338051e+04
2.279114900000000077e+01 9.322161496245875605e+04
2.279753200000000035e+01 9.315857682794040011e+04
2.280391499999999994e+01 9.314146644170791842e+04
2.281029699999999849e+01 9.318322523979173275e+04
2.281668000000000163e+01 9.327469432177375711e+04
2.282306300000000121e+01 9.332962778759896173e+04
2.282944600000000079e+01 9.328392508021753747e+04
2.283582900000000038e+01 9.322684966441703727e+04
2.284221099999999893e+01 9.327069255060862633e+04
2.284859399999999852e+01 9.339192500352679053e+04
2.285497700000000165e+01 9.349894769542961149e+04
2.286136000000000124e+01 9.355268312890257221e+04
2.286774300000000082e+01 9.360723165100056212e+04
2.287412600000000040e+01 9.368850114108700654e+04
2.288050799999999896e+01 9.372429929037732654e+04
2.288689099999999854e+01 9.371413778129313141e+04
2.289327400000000168e+01 9.370723903263732791e+04
2.289965700000000126e+01 9.373078044110923656e+04
2.290604000000000084e+01 9.382834984955648542e+04
2.291242199999999940e+01 9.397376814515661681e+04
2.291880499999999898e+01 9.411040216620828141e+04
2.292518799999999857e+01 9.418436241250959574e+04
2.293157100000000170e+01 9.416641759053130227e+04
2.293795400000000129e+01 9.407791650924060377e+04
2.294433700000000087e+01 9.392025654442117957e+04
2.295071899999999943e+01 9.371305059531511506e+04
2.295710199999999901e+01 9.350829417898805696e+04
2.296348499999999859e+01 9.334025013056039461e+04
2.296986800000000173e+01 9.318948038585283211e+04
2.297625100000000131e+01 9.305128084845599369e+04
2.298263299999999987e+01 9.299095155892989715e+04
2.298901599999999945e+01 9.303504509100737050e+04
2.299539899999999903e+01 9.312644803187472280e+04
2.300178199999999862e+01 9.319270515174757747e+04
2.300816500000000175e+01 9.326443193737580441e+04
2.301454800000000134e+01 9.337018988403068215e+04
2.302092999999999989e+01 9.342193983798462432e+04
2.302731299999999948e+01 9.344403518350710510e+04
2.303369599999999906e+01 9.352572842963572475e+04
2.304007899999999864e+01 9.362746461868679035e+04
2.304646199999999823e+01 9.367399649948332808e+04
2.305284400000000034e+01 9.366450714186695404e+04
2.305922699999999992e+01 9.371394307480096177e+04
2.306560999999999950e+01 9.384240489547618199e+04
2.307199299999999909e+01 9.393570394768318511e+04
2.307837599999999867e+01 9.397597851912054466e+04
2.308475899999999825e+01 9.399962194337970868e+04
2.309114100000000036e+01 9.402211656637073611e+04
2.309752399999999994e+01 9.406906854943097278e+04
2.310390699999999953e+01 9.412456724019625108e+04
2.311028999999999911e+01 9.416244329797619139e+04
2.311667299999999869e+01 9.418627942256012466e+04
2.312305500000000080e+01 9.420946919944624824e+04
2.312943800000000039e+01 9.423916649247845635e+04
2.313582099999999997e+01 9.424882806941111630e+04
2.314220399999999955e+01 9.422703609491698444e+04
2.314858699999999914e+01 9.412804683850216679e+04
2.315496999999999872e+01 9.392317672444306663e+04
2.316135200000000083e+01 9.376368394159394666e+04
2.316773500000000041e+01 9.375619486585009145e+04
2.317411799999999999e+01 9.379225901698597590e+04
2.318050099999999958e+01 9.377283706207213982e+04
2.318688399999999916e+01 9.373116189956894959e+04
2.319326600000000127e+01 9.372829713739587169e+04
2.319964900000000085e+01 9.374041170731413877e+04
2.320603200000000044e+01 9.373646912233685725e+04
2.321241500000000002e+01 9.373609210943110520e+04
2.321879799999999960e+01 9.376432409910782008e+04
2.322518099999999919e+01 9.380604930487519596e+04
2.323156300000000130e+01 9.384927799591931398e+04
2.323794600000000088e+01 9.388687713618860289e+04
2.324432900000000046e+01 9.392737607666585245e+04
2.325071200000000005e+01 9.395550911510238075e+04
2.325709499999999963e+01 9.397070365439361194e+04
2.326347700000000174e+01 9.400142229788254190e+04
2.326986000000000132e+01 9.403698870570943109e+04
2.327624300000000090e+01 9.406451434383656306e+04
2.328262600000000049e+01 9.409421401480823988e+04
2.328900900000000007e+01 9.409492024657971342e+04
2.329539199999999965e+01 9.403177451266787830e+04
2.330177400000000176e+01 9.393725862831887207e+04
2.330815700000000135e+01 9.390031731848957133e+04
2.331454000000000093e+01 9.394510789815228782e+04
2.332092300000000051e+01 9.400058054609264946e+04
2.332730600000000010e+01 9.399095352129612002e+04
2.333368799999999865e+01 9.392568905648560030e+04
2.334007099999999824e+01 9.386442779141405481e+04
2.334645400000000137e+01 9.379812833294468874e+04
2.335283700000000096e+01 9.374382121920335339e+04
2.335922000000000054e+01 9.373338052539742785e+04
2.336560300000000012e+01 9.373014885334117571e+04
2.337198499999999868e+01 9.369250342915204237e+04
2.337836799999999826e+01 9.367588915431872010e+04
2.338475100000000140e+01 9.372177902813596302e+04
2.339113400000000098e+01 9.375583912330941530e+04
2.339751700000000056e+01 9.372492362977100129e+04
2.340390000000000015e+01 9.369032193061208818e+04
2.341028199999999870e+01 9.368646542275924003e+04
2.341666499999999829e+01 9.369637703118575155e+04
2.342304800000000142e+01 9.371702683666661324e+04
2.342943100000000101e+01 9.374493570797362190e+04
2.343581400000000059e+01 9.381092181931907544e+04
2.344219599999999915e+01 9.391489972729171859e+04
2.344857899999999873e+01 9.401129012300388422e+04
2.345496199999999831e+01 9.410314370457199402e+04
2.346134500000000145e+01 9.415901624471781543e+04
2.346772800000000103e+01 9.416958660268504173e+04
2.347411100000000062e+01 9.423189647423420683e+04
2.348049299999999917e+01 9.436605249507926055e+04
2.348687599999999875e+01 9.443877484470713534e+04
2.349325899999999834e+01 9.441389216339628911e+04
2.349964200000000147e+01 9.439103985258840839e+04
2.350602500000000106e+01 9.441230446809140267e+04
2.351240699999999961e+01 9.442313092582480749e+04
2.351878999999999920e+01 9.440597239010996418e+04
2.352517299999999878e+01 9.439692707214725669e+04
2.353155599999999836e+01 9.437126538934568816e+04
2.353793900000000150e+01 9.433196878393855877e+04
2.354432200000000108e+01 9.432926667491134140e+04
2.355070399999999964e+01 9.435404322816434433e+04
2.355708699999999922e+01 9.435429603866067191e+04
2.356346999999999881e+01 9.434473936649211100e+04
2.356985299999999839e+01 9.435273577892902540e+04
2.357623600000000152e+01 9.432853579465235816e+04
2.358261800000000008e+01 9.430716089384432416e+04
2.358900099999999966e+01 9.430548267324948392e+04
2.359538399999999925e+01 9.429372005260334117e+04
2.360176699999999883e+01 9.425305147209901770e+04
2.360814999999999841e+01 9.421212426578265149e+04
2.361453300000000155e+01 9.422644271643561660e+04
2.362091500000000011e+01 9.426310489787286497e+04
2.362729799999999969e+01 9.430620129942822678e+04
2.363368099999999927e+01 9.437656259255860641e+04
2.364006399999999886e+01 9.446848008259925700e+04
2.364644699999999844e+01 9.460828780792502221e+04
2.365282900000000055e+01 9.475226123795501189e+04
2.365921200000000013e+01 9.479363350068710861e+04
2.366559499999999971e+01 9.473020029666206392e+04
2.367197799999999930e+01 9.467272404188761720e+04
2.367836099999999888e+01 9.463242020059272181e+04
2.368474399999999847e+01 9.457868033924663905e+04
2.369112600000000057e+01 9.456728768078504072e+04
2.369750900000000016e+01 9.462826797108975006e+04
2.370389199999999974e+01 9.471938573854151764e+04
2.371027499999999932e+01 9.479331463614496170e+04
2.371665799999999891e+01 9.479561548182522529e+04
2.372304000000000102e+01 9.470028012321403367e+04
2.372942300000000060e+01 9.456740846434938430e+04
2.373580600000000018e+01 9.446736805318739789e+04
2.374218899999999977e+01 9.443360512672091136e+04
2.374857199999999935e+01 9.445540833385915903e+04
2.375495499999999893e+01 9.448139273385654087e+04
2.376133700000000104e+01 9.447033437246222456e+04
2.376772000000000062e+01 9.442103980769611371e+04
2.377410300000000021e+01 9.441921000815607840e+04
2.378048599999999979e+01 9.451538936786737759e+04
2.378686899999999937e+01 9.462199231347566820e+04
2.379325100000000148e+01 9.465114214974782954e+04
2.379963400000000107e+01 9.467466010474477662e+04
2.380601700000000065e+01 9.473371837273462734e+04
2.381240000000000023e+01 9.477840047755150590e+04
2.381878299999999982e+01 9.477054201002091577e+04
2.382516599999999940e+01 9.472719148803887947e+04
2.383154800000000151e+01 9.469820444167830283e+04
2.383793100000000109e+01 9.471749562881748716e+04
2.384431400000000068e+01 9.476419651680602692e+04
2.385069700000000026e+01 9.477855447839830595e+04
2.385707999999999984e+01 9.477604188663056993e+04
2.386346199999999840e+01 9.479504671466510626e+04
2.386984500000000153e+01 9.483816562565122149e+04
2.387622800000000112e+01 9.486288838828679582e+04
2.388261100000000070e+01 9.485060811622580513e+04
2.388899400000000028e+01 9.482748708309701760e+04
2.389537699999999987e+01 9.478967280963549274e+04
2.390175899999999842e+01 9.477653654056465894e+04
2.390814200000000156e+01 9.477663326710890396e+04
2.391452500000000114e+01 9.477353167771027074e+04
2.392090800000000073e+01 9.481196079292721697e+04
2.392729100000000031e+01 9.489027583489383687e+04
2.393367299999999886e+01 9.499324358608522743e+04
2.394005599999999845e+01 9.505606287660382804e+04
2.394643900000000158e+01 9.505617809307220159e+04
2.395282200000000117e+01 9.501420209762518061e+04
2.395920500000000075e+01 9.497424519751461048e+04
2.396558800000000033e+01 9.495055895504058572e+04
2.397196999999999889e+01 9.485307957094493031e+04
2.397835299999999847e+01 9.471879502576007508e+04
2.398473600000000161e+01 9.464752959886153985e+04
2.399111900000000119e+01 9.463800201991177164e+04
2.399750200000000078e+01 9.466899508422234794e+04
2.400388399999999933e+01 9.470689961905739619e+04
2.401026699999999892e+01 9.470240631967570516e+04
2.401664999999999850e+01 9.467312322328097071e+04
2.402303300000000164e+01 9.468501009690915816e+04
2.402941600000000122e+01 9.476310932678218524e+04
2.403579900000000080e+01 9.486313290899200365e+04
2.404218099999999936e+01 9.492309816957502335e+04
2.404856399999999894e+01 9.491570076481593424e+04
2.405494699999999852e+01 9.490582567040732829e+04
2.406133000000000166e+01 9.496284731946368993e+04
2.406771300000000124e+01 9.500524923580283939e+04
2.407409499999999980e+01 9.498286630277964287e+04
2.408047799999999938e+01 9.496099116928492731e+04
2.408686099999999897e+01 9.498956188370948075e+04
2.409324399999999855e+01 9.505435906362926471e+04
2.409962700000000169e+01 9.510014907596810372e+04
2.410601000000000127e+01 9.507253222712577553e+04
2.411239199999999983e+01 9.501263172972257598e+04
2.411877499999999941e+01 9.492414003792703443e+04
2.412515799999999899e+01 9.481583787376859982e+04
2.413154099999999858e+01 9.476702026525425026e+04
2.413792400000000171e+01 9.479504256778871058e+04
2.414430600000000027e+01 9.482415869950631168e+04
2.415068899999999985e+01 9.484182277075242018e+04
2.415707199999999943e+01 9.485597089871979551e+04
2.416345499999999902e+01 9.486243663475452922e+04
2.416983799999999860e+01 9.482594362748455023e+04
2.417622100000000174e+01 9.474961253711927566e+04
2.418260300000000029e+01 9.471114802719547879e+04
2.418898599999999988e+01 9.475252522418028093e+04
2.419536899999999946e+01 9.485331159508309793e+04
2.420175199999999904e+01 9.497681038353839540e+04
2.420813499999999863e+01 9.511002214423933765e+04
2.421451700000000073e+01 9.524344228798184486e+04
2.422090000000000032e+01 9.532745238538921694e+04
2.422728299999999990e+01 9.534014854922199447e+04
2.423366599999999949e+01 9.532452947119745659e+04
2.424004899999999907e+01 9.533764841557911132e+04
2.424643199999999865e+01 9.536311791703820927e+04
2.425281400000000076e+01 9.533627137021612725e+04
2.425919700000000034e+01 9.528001694722086540e+04
2.426557999999999993e+01 9.520105874160610256e+04
2.427196299999999951e+01 9.509775890828254342e+04
2.427834599999999909e+01 9.500996171927195974e+04
2.428472800000000120e+01 9.494809845023635717e+04
2.429111100000000079e+01 9.490419260152245988e+04
2.429749400000000037e+01 9.492975235654614517e+04
2.430387699999999995e+01 9.501249247923851362e+04
2.431025999999999954e+01 9.508551760020785150e+04
2.431664299999999912e+01 9.514116240752561134e+04
2.432302500000000123e+01 9.514703506814732100e+04
2.432940800000000081e+01 9.513003823337313952e+04
2.433579100000000039e+01 9.516451224900594389e+04
2.434217399999999998e+01 9.521126962891736184e+04
2.434855699999999956e+01 9.519208687893711613e+04
2.435493900000000167e+01 9.515410564506685478e+04
2.436132200000000125e+01 9.513303199578150816e+04
2.436770500000000084e+01 9.510915796577819856e+04
2.437408800000000042e+01 9.510054458977578906e+04
2.438047100000000000e+01 9.515462584669972421e+04
2.438685399999999959e+01 9.524182244272889511e+04
2.439323600000000170e+01 9.533680208878955455e+04
2.439961900000000128e+01 9.541527013451363018e+04
2.440600200000000086e+01 9.545312986913934583e+04
2.441238500000000045e+01 9.550309815383984824e+04
2.441876800000000003e+01 9.555929360268045275e+04
2.442514999999999858e+01 9.557901371812008438e+04
2.443153300000000172e+01 9.556993606004558387e+04
2.443791600000000130e+01 9.553270714886490896e+04
2.444429900000000089e+01 9.547091003524865664e+04
2.445068200000000047e+01 9.540669146677901153e+04
2.445706500000000005e+01 9.533814382546063280e+04
2.446344699999999861e+01 9.528061263763051829e+04
2.446983000000000175e+01 9.522090690847185033e+04
2.447621300000000133e+01 9.517020941548486007e+04
2.448259600000000091e+01 9.514821056738708285e+04
2.448897900000000050e+01 9.512386364932473225e+04
2.449536099999999905e+01 9.507837444766165572e+04
2.450174399999999864e+01 9.498548696025102981e+04
2.450812700000000177e+01 9.489947804063133663e+04
2.451451000000000136e+01 9.491449634635835537e+04
2.452089300000000094e+01 9.497408547360131342e+04
2.452727600000000052e+01 9.501634786555582832e+04
2.453365799999999908e+01 9.510472710840535001e+04
2.454004099999999866e+01 9.526407356216013432e+04
2.454642399999999824e+01 9.537165243911657308e+04
2.455280700000000138e+01 9.535585867718583904e+04
2.455919000000000096e+01 9.526965119246351242e+04
2.456557199999999952e+01 9.522158049050931004e+04
2.457195499999999910e+01 9.527844168084103148e+04
2.457833799999999869e+01 9.533223403326296830e+04
2.458472099999999827e+01 9.532611755860636185e+04
2.459110400000000141e+01 9.534344723755656742e+04
2.459748700000000099e+01 9.537656118898473505e+04
2.460386899999999955e+01 9.537958864575401822e+04
2.461025199999999913e+01 9.536859486271772766e+04
2.461663499999999871e+01 9.536891535326889425e+04
2.462301799999999830e+01 9.538894446879312454e+04
2.462940100000000143e+01 9.543644823718054977e+04
2.463578299999999999e+01 9.548640955063846195e+04
2.464216599999999957e+01 9.554965188693367236e+04
2.464854899999999915e+01 9.565877227184208459e+04
2.465493199999999874e+01 9.571309328851201280e+04
2.466131499999999832e+01 9.567890908313661930e+04
2.466769800000000146e+01 9.562973533295281231e+04
2.467408000000000001e+01 9.557925752968755842e+04
2.468046299999999960e+01 9.552369270006226725e+04
2.468684599999999918e+01 9.551224124741771084e+04
2.469322899999999876e+01 9.556417014861543430e+04
2.469961199999999835e+01 9.560637649440311361e+04
2.470599400000000045e+01 9.559568212361399492e+04
2.471237700000000004e+01 9.558019813334815262e+04
2.471875999999999962e+01 9.557326095025580435e+04
2.472514299999999920e+01 9.550917426098046417e+04
2.473152599999999879e+01 9.541366703001529095e+04
2.473790899999999837e+01 9.537317136293751537e+04
2.474429100000000048e+01 9.542026150153018534e+04
2.475067400000000006e+01 9.546772135718062054e+04
2.475705699999999965e+01 9.548168189747750876e+04
2.476343999999999923e+01 9.553087433511394192e+04
2.476982299999999881e+01 9.563297578551433980e+04
2.477620500000000092e+01 9.571325196745120047e+04
2.478258800000000051e+01 9.576855966160206299e+04
2.478897100000000009e+01 9.583399101734225405e+04
2.479535399999999967e+01 9.589568593872040219e+04
2.480173699999999926e+01 9.595146718823965057e+04
2.480811999999999884e+01 9.593800764796862495e+04
2.481450200000000095e+01 9.587027490504980960e+04
2.482088500000000053e+01 9.585927654811565299e+04
2.482726800000000011e+01 9.590802739422782906e+04
2.483365099999999970e+01 9.594258970802280237e+04
2.484003399999999928e+01 9.591452779895490676e+04
2.484641600000000139e+01 9.581244067844403617e+04
2.485279900000000097e+01 9.569213252014150203e+04
2.485918200000000056e+01 9.561182694411827833e+04
2.486556500000000014e+01 9.554287746790697565e+04
2.487194799999999972e+01 9.547169278998058871e+04
2.487833099999999931e+01 9.543170673073043872e+04
2.488471300000000141e+01 9.545682306119956775e+04
2.489109600000000100e+01 9.552913980883194017e+04
2.489747900000000058e+01 9.558815088757006743e+04
2.490386200000000017e+01 9.562757671474332165e+04
2.491024499999999975e+01 9.561283445418206975e+04
2.491662699999999830e+01 9.558941427361694514e+04
2.492301000000000144e+01 9.567265385614594561e+04
2.492939300000000102e+01 9.579829992634998052e+04
2.493577600000000061e+01 9.580868257730174810e+04
2.494215900000000019e+01 9.575196610081195831e+04
2.494854199999999977e+01 9.571766491115088866e+04
2.495492399999999833e+01 9.571563999905742821e+04
2.496130700000000147e+01 9.574531772586646548e+04
2.496769000000000105e+01 9.584797007404925535e+04
2.497407300000000063e+01 9.594217240396511625e+04
2.498045600000000022e+01 9.592362771127754240e+04
2.498683799999999877e+01 9.587959914183002547e+04
2.499322099999999836e+01 9.589595988764552749e+04
2.499960400000000149e+01 9.593102725855511380e+04
2.500598700000000107e+01 9.596723585809061478e+04
2.501237000000000066e+01 9.602569348370860098e+04
2.501875300000000024e+01 9.606218960106233135e+04
2.502513499999999880e+01 9.605463619041482161e+04
2.503151799999999838e+01 9.598501084492116934e+04
2.503790100000000152e+01 9.592624241077808256e+04
2.504428400000000110e+01 9.599731288554336061e+04
2.505066700000000068e+01 9.607826515672914684e+04
2.505704899999999924e+01 9.602559491723238898e+04
2.506343199999999882e+01 9.591870237757806899e+04
2.506981499999999841e+01 9.589913338562662830e+04
2.507619800000000154e+01 9.598160851952484518e+04
2.508258100000000113e+01 9.605234358500249800e+04
2.508896400000000071e+01 9.604692883187149710e+04
2.509534599999999926e+01 9.602383139128124458e+04
2.510172899999999885e+01 9.602006423540244577e+04
2.510811199999999843e+01 9.601120317114352656e+04
2.511449500000000157e+01 9.597409042787324870e+04
2.512087800000000115e+01 9.597831517505343072e+04
2.512725999999999971e+01 9.604291734325548168e+04
2.513364299999999929e+01 9.611713734337611822e+04
2.514002599999999887e+01 9.613611592679031310e+04
2.514640899999999846e+01 9.609751355754135875e+04
2.515279200000000159e+01 9.610441917110834038e+04
2.515917500000000118e+01 9.615979781377967447e+04
2.516555699999999973e+01 9.617222308616549708e+04
2.517193999999999932e+01 9.616673214394543902e+04
2.517832299999999890e+01 9.620209545903137769e+04
2.518470599999999848e+01 9.620404159469934530e+04
2.519108900000000162e+01 9.615476180978570483e+04
2.519747100000000017e+01 9.617688255568145541e+04
2.520385399999999976e+01 9.626924493318027817e+04
2.521023699999999934e+01 9.632099144706939114e+04
2.521661999999999892e+01 9.632010473194655788e+04
2.522300299999999851e+01 9.627835871450326522e+04
2.522938600000000164e+01 9.620891562334663467e+04
2.523576800000000020e+01 9.610749460698160692e+04
2.524215099999999978e+01 9.602842183706231299e+04
2.524853399999999937e+01 9.603673684401981882e+04
2.525491699999999895e+01 9.607787195213491214e+04
2.526129999999999853e+01 9.607318829195249418e+04
2.526768200000000064e+01 9.612063825411131256e+04
2.527406500000000023e+01 9.624197552221399383e+04
2.528044799999999981e+01 9.626654881169178407e+04
2.528683099999999939e+01 9.620982456520549022e+04
2.529321399999999898e+01 9.623760930079680111e+04
2.529959699999999856e+01 9.633763784360449063e+04
2.530597900000000067e+01 9.639469941530816141e+04
2.531236200000000025e+01 9.641559756747362553e+04
2.531874499999999983e+01 9.642752348162198905e+04
2.532512799999999942e+01 9.643049208198997076e+04
2.533151099999999900e+01 9.644434048022089701e+04
2.533789300000000111e+01 9.650961779806275445e+04
2.534427600000000069e+01 9.662302378569559369e+04
2.535065900000000028e+01 9.667226989466723171e+04
2.535704199999999986e+01 9.654952918981114635e+04
2.536342499999999944e+01 9.634916554351497325e+04
2.536980799999999903e+01 9.627583614150725771e+04
2.537619000000000113e+01 9.632967547814642603e+04
2.538257300000000072e+01 9.642065258243233257e+04
2.538895600000000030e+01 9.653485913849323697e+04
2.539533899999999988e+01 9.661731696967207245e+04
2.540172199999999947e+01 9.659586379967947141e+04
2.540810400000000158e+01 9.650414858999050921e+04
2.541448700000000116e+01 9.643531993236660492e+04
2.542087000000000074e+01 9.641046808690595208e+04
2.542725300000000033e+01 9.639933855415671133e+04
2.543363599999999991e+01 9.639354347042576410e+04
2.544001899999999949e+01 9.635584908168268157e+04
2.544640100000000160e+01 9.628061258122630534e+04
2.545278400000000119e+01 9.624277585419523530e+04
2.545916700000000077e+01 9.627981524351546250e+04
2.546555000000000035e+01 9.635971307561980211e+04
2.547193299999999994e+01 9.643468605577193375e+04
2.547831499999999849e+01 9.646133299004044966e+04
2.548469800000000163e+01 9.643461779445601860e+04
2.549108100000000121e+01 9.646791715217189630e+04
2.549746400000000079e+01 9.655046476880778209e+04
2.550384700000000038e+01 9.663748950537346536e+04
2.551022999999999996e+01 9.670111618955046288e+04
2.551661199999999852e+01 9.668457008658730774e+04
2.552299500000000165e+01 9.663162550479412312e+04
2.552937800000000124e+01 9.664498205599182984e+04
2.553576100000000082e+01 9.669431387009535683e+04
2.554214400000000040e+01 9.672179578955231409e+04
2.554852599999999896e+01 9.669796537164898473e+04
2.555490899999999854e+01 9.665665940854413202e+04
2.556129200000000168e+01 9.663910798887885176e+04
2.556767500000000126e+01 9.663677088055651984e+04
2.557405800000000085e+01 9.664459419755029376e+04
2.558044100000000043e+01 9.661952883377135731e+04
2.558682299999999898e+01 9.652051309454994043e+04
2.559320599999999857e+01 9.643257511579224956e+04
2.559958900000000170e+01 9.644103422037843848e+04
2.560597200000000129e+01 9.653256958085263614e+04
2.561235500000000087e+01 9.661832007489801617e+04
2.561873699999999943e+01 9.662186430318510975e+04
2.562511999999999901e+01 9.660374242631520610e+04
2.563150299999999859e+01 9.664627058327042323e+04
2.563788600000000173e+01 9.669572750037825608e+04
2.564426900000000131e+01 9.670565586474398151e+04
2.565065200000000090e+01 9.665025583327814820e+04
2.565703399999999945e+01 9.658732685141661204e+04
2.566341699999999904e+01 9.658394108686452091e+04
2.566979999999999862e+01 9.657723742608059547e+04
2.567618300000000175e+01 9.656280560606770450e+04
2.568256600000000134e+01 9.660769333845168876e+04
2.568894799999999989e+01 9.662017868690445903e+04
2.569533099999999948e+01 9.655710386892224778e+04
2.570171399999999906e+01 9.657604842424477101e+04
2.570809699999999864e+01 9.669799187363122473e+04
2.571447999999999823e+01 9.677406655887761735e+04
2.572086300000000136e+01 9.684906762269072351e+04
2.572724499999999992e+01 9.697881638287074747e+04
2.573362799999999950e+01 9.701168978102634719e+04
2.574001099999999909e+01 9.691868283542696736e+04
2.574639399999999867e+01 9.687503986248164438e+04
2.575277699999999825e+01 9.689735776186634030e+04
2.575915900000000036e+01 9.687515552536243922e+04
2.576554199999999994e+01 9.678588138113348396e+04
2.577192499999999953e+01 9.671050272364079137e+04
2.577830799999999911e+01 9.670112824416070362e+04
2.578469099999999870e+01 9.673621273304801434e+04
2.579107399999999828e+01 9.677549556050973479e+04
2.579745600000000039e+01 9.677037164122689865e+04
2.580383899999999997e+01 9.673116141161779524e+04
2.581022199999999955e+01 9.676370745906654338e+04
2.581660499999999914e+01 9.687638249984165304e+04
2.582298799999999872e+01 9.696017506932620017e+04
2.582937000000000083e+01 9.696762025645429094e+04
2.583575300000000041e+01 9.691666085772597580e+04
2.584213600000000000e+01 9.684478826542163733e+04
2.584851899999999958e+01 9.678548766684015573e+04
2.585490199999999916e+01 9.681396549331725691e+04
2.586128499999999875e+01 9.690630268680329027e+04
2.586766700000000085e+01 9.699960299204976764e+04
2.587405000000000044e+01 9.707223430162653676e+04
2.588043300000000002e+01 9.712238285179331433e+04
2.588681599999999960e+01 9.718676594751403900e+04
2.589319899999999919e+01 9.721157623900107865e+04
2.589958100000000130e+01 9.717596953492192551e+04
2.590596400000000088e+01 9.714175969968191930e+04
2.591234700000000046e+01 9.714854574766330188e+04
2.591873000000000005e+01 9.713882230213898583e+04
2.592511299999999963e+01 9.705744416978082154e+04
2.593149599999999921e+01 9.698862991584930569e+04
2.593787800000000132e+01 9.696065667169235530e+04
2.594426100000000091e+01 9.697392506671641604e+04
2.595064400000000049e+01 9.699644512906542514e+04
2.595702700000000007e+01 9.699643544632793055e+04
2.596340999999999966e+01 9.701250943022719002e+04
2.596979200000000176e+01 9.700622579133597901e+04
2.597617500000000135e+01 9.697056536269778735e+04
2.598255800000000093e+01 9.695279387835026137e+04
2.598894100000000051e+01 9.700556854992892477e+04
2.599532400000000010e+01 9.711717115513267345e+04
2.600170699999999968e+01 9.720951512492855545e+04
2.600808899999999824e+01 9.724728793724370189e+04
2.601447200000000137e+01 9.725624013977682625e+04
2.602085500000000096e+01 9.727440688008186407e+04
2.602723800000000054e+01 9.729714843405122519e+04
2.603362100000000012e+01 9.733754825653145963e+04
2.604000299999999868e+01 9.736153270834794967e+04
2.604638599999999826e+01 9.729918997963887523e+04
2.605276900000000140e+01 9.722324682278325781e+04
2.605915200000000098e+01 9.719944275086927519e+04
2.606553500000000057e+01 9.714421867095064954e+04
2.607191800000000015e+01 9.715470035992213525e+04
2.607829999999999870e+01 9.729385633633728139e+04
2.608468299999999829e+01 9.741777587800943002e+04
2.609106600000000142e+01 9.746965644694340881e+04
2.609744900000000101e+01 9.742305233343203145e+04
2.610383200000000059e+01 9.730047127722267760e+04
2.611021399999999915e+01 9.726064782679942437e+04
2.611659699999999873e+01 9.731253063333203318e+04
2.612297999999999831e+01 9.741280811589227233e+04
2.612936300000000145e+01 9.751339363460493041e+04
2.613574600000000103e+01 9.752644418950648105e+04
2.614212900000000062e+01 9.746117035790362570e+04
2.614851099999999917e+01 9.741239894029925927e+04
2.615489399999999875e+01 9.737163620410556905e+04
2.616127699999999834e+01 9.728220311997509270e+04
2.616766000000000147e+01 9.722711950012986199e+04
2.617404300000000106e+01 9.728355694157724793e+04
2.618042499999999961e+01 9.737142726929971832e+04
2.618680799999999920e+01 9.742914834455108212e+04
2.619319099999999878e+01 9.747303968591257581e+04
2.619957399999999836e+01 9.751511735862022033e+04
2.620595700000000150e+01 9.754683156507732929e+04
2.621234000000000108e+01 9.755850627548393095e+04
2.621872199999999964e+01 9.750053870308116893e+04
2.622510499999999922e+01 9.738217587557141087e+04
2.623148799999999881e+01 9.733291167366615264e+04
2.623787099999999839e+01 9.737563873701493139e+04
2.624425400000000153e+01 9.745117148406273918e+04
2.625063600000000008e+01 9.751260133451460570e+04
2.625701899999999966e+01 9.753670007606460422e+04
2.626340199999999925e+01 9.752636368103393761e+04
2.626978499999999883e+01 9.748348470317650936e+04
2.627616799999999841e+01 9.747088883941862150e+04
2.628255100000000155e+01 9.753751404369162628e+04
2.628893300000000011e+01 9.755643746571554220e+04
2.629531599999999969e+01 9.747803233663257561e+04
2.630169899999999927e+01 9.741588761475417414e+04
2.630808199999999886e+01 9.737901206072568311e+04
2.631446499999999844e+01 9.735175471055964590e+04
2.632084700000000055e+01 9.736706930803151045e+04
2.632723000000000013e+01 9.742209394591454475e+04
2.633361299999999972e+01 9.750247074920209707e+04
2.633999599999999930e+01 9.753644694501985214e+04
2.634637899999999888e+01 9.755502513303935120e+04
2.635276199999999847e+01 9.758874811810287065e+04
2.635914400000000057e+01 9.761292889175663004e+04
2.636552700000000016e+01 9.765080661700741621e+04
2.637190999999999974e+01 9.767853954612211965e+04
2.637829299999999932e+01 9.765623489955271361e+04
2.638467599999999891e+01 9.763809489542467054e+04
2.639105800000000102e+01 9.765934768264388549e+04
2.639744100000000060e+01 9.772515234694338869e+04
2.640382400000000018e+01 9.782951731530923280e+04
2.641020699999999977e+01 9.789260971421113936e+04
2.641658999999999935e+01 9.790720772850367939e+04
2.642297299999999893e+01 9.788076420505775604e+04
2.642935500000000104e+01 9.786537129952429677e+04
2.643573800000000062e+01 9.790209523222695861e+04
2.644212100000000021e+01 9.793444852618375444e+04
2.644850399999999979e+01 9.793241961403953610e+04
2.645488699999999938e+01 9.791439360449920059e+04
2.646126900000000148e+01 9.789296260644553695e+04
2.646765200000000107e+01 9.787601365083937708e+04
2.647403500000000065e+01 9.783861477848619688e+04
2.648041800000000023e+01 9.778215652428568865e+04
2.648680099999999982e+01 9.780186123408598360e+04
2.649318399999999940e+01 9.788066540505767625e+04
2.649956600000000151e+01 9.786456135198898846e+04
2.650594900000000109e+01 9.780603133244522905e+04
2.651233200000000068e+01 9.777495692706029513e+04
2.651871500000000026e+01 9.773130264957380132e+04
2.652509799999999984e+01 9.770782566144004522e+04
2.653147999999999840e+01 9.775582598469224467e+04
2.653786300000000153e+01 9.779455049105247599e+04
2.654424600000000112e+01 9.779617295260529500e+04
2.655062900000000070e+01 9.782140567899067537e+04
2.655701200000000028e+01 9.789252708539957530e+04
2.656339499999999987e+01 9.801971351379349653e+04
2.656977699999999842e+01 9.809866133380666724e+04
2.657616000000000156e+01 9.800909310991840903e+04
2.658254300000000114e+01 9.785286934849098907e+04
2.658892600000000073e+01 9.779105875461395772e+04
2.659530900000000031e+01 9.780586803671263624e+04
2.660169199999999989e+01 9.785274554950065794e+04
2.660807399999999845e+01 9.789909097723220475e+04
2.661445700000000159e+01 9.791461992681759875e+04
2.662084000000000117e+01 9.784511387325231044e+04
2.662722300000000075e+01 9.773244174286654743e+04
2.663360600000000034e+01 9.763193174791286583e+04
2.663998799999999889e+01 9.755188987211833592e+04
2.664637099999999847e+01 9.760435239934979472e+04
2.665275400000000161e+01 9.777869676099141361e+04
2.665913700000000119e+01 9.789060288567270618e+04
2.666552000000000078e+01 9.788888699778377486e+04
2.667190300000000036e+01 9.786426113141642418e+04
2.667828499999999892e+01 9.789312979620514670e+04
2.668466799999999850e+01 9.799138017722172663e+04
2.669105100000000164e+01 9.805093364878135617e+04
2.669743400000000122e+01 9.798133243951635086e+04
2.670381700000000080e+01 9.789902907460824645e+04
2.671019899999999936e+01 9.790551993435322947e+04
2.671658199999999894e+01 9.796919090604723897e+04
2.672296499999999853e+01 9.801643920606593019e+04
2.672934800000000166e+01 9.802206173766939901e+04
2.673573100000000125e+01 9.805065472769259941e+04
2.674211400000000083e+01 9.811394309207837796e+04
2.674849599999999938e+01 9.818778467664271011e+04
2.675487899999999897e+01 9.827555964202509494e+04
2.676126199999999855e+01 9.830197911755516543e+04
2.676764500000000169e+01 9.825101948772362084e+04
2.677402800000000127e+01 9.818983164506524918e+04
2.678040999999999983e+01 9.811162744665905484e+04
2.678679299999999941e+01 9.806084913896629587e+04
2.679317599999999899e+01 9.808205900729840505e+04
2.679955899999999858e+01 9.817676309474188020e+04
2.680594200000000171e+01 9.826377285445836606e+04
2.681232500000000130e+01 9.829442016673115722e+04
2.681870699999999985e+01 9.831597349916602252e+04
2.682508999999999943e+01 9.834311658812133828e+04
2.683147299999999902e+01 9.831060411921789637e+04
2.683785599999999860e+01 9.819582996694151370e+04
2.684423900000000174e+01 9.808599283443034801e+04
2.685062100000000029e+01 9.805203311313995800e+04
2.685700399999999988e+01 9.807190788490488194e+04
2.686338699999999946e+01 9.814471487275921390e+04
2.686976999999999904e+01 9.818009794157309807e+04
2.687615299999999863e+01 9.818606269645110297e+04
2.688253600000000176e+01 9.824229575631406624e+04
2.688891800000000032e+01 9.832937574347521877e+04
2.689530099999999990e+01 9.840347744149787468e+04
2.690168399999999949e+01 9.846387846668050042e+04
2.690806699999999907e+01 9.853261488825469860e+04
2.691444999999999865e+01 9.860482278653586400e+04
2.692083200000000076e+01 9.862284827990207123e+04
2.692721500000000034e+01 9.863117449485516408e+04
2.693359799999999993e+01 9.868660658982810855e+04
2.693998099999999951e+01 9.868151926717118477e+04
2.694636399999999909e+01 9.859713727482844843e+04
2.695274699999999868e+01 9.860069268101497437e+04
2.695912900000000079e+01 9.868507746047496039e+04
2.696551200000000037e+01 9.869759528252077871e+04
2.697189499999999995e+01 9.866354122163209831e+04
2.697827799999999954e+01 9.864233411680567951e+04
2.698466099999999912e+01 9.866293775203989935e+04
2.699104300000000123e+01 9.865845297821135318e+04
2.699742600000000081e+01 9.857628642820875393e+04
2.700380900000000040e+01 9.857052268464589724e+04
2.701019199999999998e+01 9.862044641412737838e+04
2.701657499999999956e+01 9.862949659190946841e+04
2.702295799999999915e+01 9.855693757670609921e+04
2.702934000000000125e+01 9.846717931070108898e+04
2.703572300000000084e+01 9.849098728382101399e+04
2.704210600000000042e+01 9.859477011810186377e+04
2.704848900000000000e+01 9.867500162486973568e+04
2.705487199999999959e+01 9.877784488063347817e+04
2.706125400000000170e+01 9.884537367583587184e+04
2.706763700000000128e+01 9.881822621977749805e+04
2.707402000000000086e+01 9.880614037358234054e+04
2.708040300000000045e+01 9.876046287264491548e+04
2.708678600000000003e+01 9.869526185450499179e+04
2.709316899999999961e+01 9.873112213282463199e+04
2.709955100000000172e+01 9.883824584699100524e+04
2.710593400000000130e+01 9.888781981268644449e+04
2.711231700000000089e+01 9.883783726887698867e+04
2.711870000000000047e+01 9.871272997144752298e+04
2.712508300000000006e+01 9.868012030918861274e+04
2.713146499999999861e+01 9.876853364904398040e+04
2.713784800000000175e+01 9.883447870601309114e+04
2.714423100000000133e+01 9.891311413465978694e+04
2.715061400000000091e+01 9.893726862162016914e+04
2.715699700000000050e+01 9.889375199177244212e+04
2.716338000000000008e+01 9.893943634232842305e+04
2.716976199999999864e+01 9.899459080731117865e+04
2.717614500000000177e+01 9.898077077331073815e+04
2.718252800000000136e+01 9.903389300001348602e+04
2.718891100000000094e+01 9.905338828576949891e+04
2.719529400000000052e+01 9.897411611219671613e+04
2.720167599999999908e+01 9.887681199173125788e+04
2.720805899999999866e+01 9.881138970332888130e+04
2.721444199999999825e+01 9.885537277010176331e+04
2.722082500000000138e+01 9.895415878432636964e+04
2.722720800000000096e+01 9.898816685580121703e+04
2.723359100000000055e+01 9.894129255011791247e+04
2.723997299999999910e+01 9.890344209204660729e+04
2.724635599999999869e+01 9.891961910156942031e+04
2.725273899999999827e+01 9.896014688437290897e+04
2.725912200000000141e+01 9.896668742548959563e+04
2.726550500000000099e+01 9.894103168244863627e+04
2.727188699999999955e+01 9.900603451089715236e+04
2.727826999999999913e+01 9.915024730757391080e+04
2.728465299999999871e+01 9.924445257834282529e+04
2.729103599999999830e+01 9.930313016356872686e+04
2.729741900000000143e+01 9.928738731257454492e+04
2.730380200000000102e+01 9.909959414452619967e+04
2.731018399999999957e+01 9.891672220909166208e+04
2.731656699999999915e+01 9.896078137700098159e+04
2.732294999999999874e+01 9.910367596762823814e+04
2.732933299999999832e+01 9.913794334635860287e+04
2.733571600000000146e+01 9.910539857309895160e+04
2.734209800000000001e+01 9.907040277056633204e+04
2.734848099999999960e+01 9.909827363184929709e+04
2.735486399999999918e+01 9.913777384325547609e+04
2.736124699999999876e+01 9.920591389271708613e+04
2.736762999999999835e+01 9.928618521458981559e+04
2.737401300000000148e+01 9.932653462513248087e+04
2.738039500000000004e+01 9.935782518843575963e+04
2.738677799999999962e+01 9.933520376254216535e+04
2.739316099999999921e+01 9.926512885526250466e+04
2.739954399999999879e+01 9.922615755026810803e+04
2.740592699999999837e+01 9.930592208615073469e+04
2.741230900000000048e+01 9.945781805880491447e+04
2.741869200000000006e+01 9.953281101849663537e+04
2.742507499999999965e+01 9.948439488738827640e+04
2.743145799999999923e+01 9.942153798026070581e+04
2.743784099999999881e+01 9.938287338666070718e+04
2.744422399999999840e+01 9.930615195154312823e+04
2.745060600000000051e+01 9.926137187958395225e+04
2.745698900000000009e+01 9.931115299672173569e+04
2.746337199999999967e+01 9.935281415017927065e+04
2.746975499999999926e+01 9.936128661271097371e+04
2.747613799999999884e+01 9.941388094328893931e+04
2.748252000000000095e+01 9.946653699083047104e+04
2.748890300000000053e+01 9.946278786916792160e+04
2.749528600000000012e+01 9.936253938045102404e+04
2.750166899999999970e+01 9.927684933892192203e+04
2.750805199999999928e+01 9.932203639010117331e+04
2.751443499999999887e+01 9.939579162972816266e+04
2.752081700000000097e+01 9.937249015591054922e+04
2.752720000000000056e+01 9.924215851992683019e+04
2.753358300000000014e+01 9.916620200385322096e+04
2.753996599999999972e+01 9.923200581661131582e+04
2.754634899999999931e+01 9.934769822614098666e+04
2.755273100000000142e+01 9.945619711740751518e+04
2.755911400000000100e+01 9.955949197063043539e+04
2.756549700000000058e+01 9.963438573167001596e+04
2.757188000000000017e+01 9.968527481189447280e+04
2.757826299999999975e+01 9.971411156969639705e+04
2.758464599999999933e+01 9.970822000491511426e+04
2.759102800000000144e+01 9.963497604084633349e+04
2.759741100000000102e+01 9.953202451150363777e+04
2.760379400000000061e+01 9.952336571490825736e+04
2.761017700000000019e+01 9.958579004726011772e+04
2.761655999999999977e+01 9.961937244736077264e+04
2.762294199999999833e+01 9.959049413568816090e+04
2.762932500000000147e+01 9.956046608657375327e+04
2.763570800000000105e+01 9.955607894099199621e+04
2.764209100000000063e+01 9.956236324361042352e+04
2.764847400000000022e+01 9.955966340333716653e+04
2.765485699999999980e+01 9.954921749051703955e+04
2.766123899999999836e+01 9.951542129164293874e+04
2.766762200000000149e+01 9.950711466289759846e+04
2.767400500000000108e+01 9.957081599390096380e+04
2.768038800000000066e+01 9.966975282560619235e+04
2.768677100000000024e+01 9.977668663170820219e+04
2.769315299999999880e+01 9.981596064498870692e+04
2.769953599999999838e+01 9.977280575836799107e+04
2.770591900000000152e+01 9.968233236224472057e+04
2.771230200000000110e+01 9.958130963313084794e+04
2.771868500000000068e+01 9.952995945541589754e+04
2.772506800000000027e+01 9.960161032652787981e+04
2.773144999999999882e+01 9.971559608252676844e+04
2.773783299999999841e+01 9.933638996802047768e+04
2.774421600000000154e+01 9.392153958859444538e+04
2.775059900000000113e+01 6.973307532161343261e+04
2.775698200000000071e+01 2.994509979552158620e+04
2.776336399999999927e+01 5.833179571157837017e+03
2.776974699999999885e+01 4.547658297752261660e+02
2.777612999999999843e+01 1.332934110895569724e+01
2.778251300000000157e+01 0.000000000000000000e+00
2.778889600000000115e+01 0.000000000000000000e+00
2.779527900000000074e+01 0.000000000000000000e+00
2.780166099999999929e+01 0.000000000000000000e+00
2.780804399999999887e+01 0.000000000000000000e+00
2.781442699999999846e+01 0.000000000000000000e+00
2.782081000000000159e+01 0.000000000000000000e+00
2.782719300000000118e+01 0.000000000000000000e+00
2.783357499999999973e+01 0.000000000000000000e+00
2.783995799999999932e+01 0.000000000000000000e+00
2.784634099999999890e+01 0.000000000000000000e+00
2.785272399999999848e+01 0.000000000000000000e+00
2.785910700000000162e+01 0.000000000000000000e+00
2.786549000000000120e+01 0.000000000000000000e+00
2.787187199999999976e+01 0.000000000000000000e+00
2.787825499999999934e+01 0.000000000000000000e+00
2.788463799999999893e+01 0.000000000000000000e+00
2.789102099999999851e+01 0.000000000000000000e+00
2.789740400000000164e+01 0.000000000000000000e+00
2.790378600000000020e+01 0.000000000000000000e+00
2.791016899999999978e+01 0.000000000000000000e+00
2.791655199999999937e+01 0.000000000000000000e+00
2.792293499999999895e+01 0.000000000000000000e+00
2.792931799999999853e+01 0.000000000000000000e+00
2.793570100000000167e+01 0.000000000000000000e+00
2.794208300000000023e+01 0.000000000000000000e+00
2.794846599999999981e+01 0.000000000000000000e+00
2.795484899999999939e+01 0.000000000000000000e+00
2.796123199999999898e+01 0.000000000000000000e+00
2.796761499999999856e+01 0.000000000000000000e+00
2.797399700000000067e+01 0.000000000000000000e+00
2.798038000000000025e+01 0.000000000000000000e+00
2.798676299999999983e+01 0.000000000000000000e+00
2.799314599999999942e+01 0.000000000000000000e+00
2.799952899999999900e+01 0.000000000000000000e+00
2.800591199999999859e+01 0.000000000000000000e+00
2.801229400000000069e+01 0.000000000000000000e+00
2.801867700000000028e+01 0.000000000000000000e+00
2.802505999999999986e+01 0.000000000000000000e+00
2.803144299999999944e+01 0.000000000000000000e+00
2.803782599999999903e+01 0.000000000000000000e+00
2.804420800000000114e+01 0.000000000000000000e+00
2.805059100000000072e+01 0.000000000000000000e+00
2.805697400000000030e+01 0.000000000000000000e+00
2.806335699999999989e+01 0.000000000000000000e+00
2.806973999999999947e+01 0.000000000000000000e+00
2.807612299999999905e+01 0.000000000000000000e+00
2.808250500000000116e+01 0.000000000000000000e+00
2.808888800000000074e+01 0.000000000000000000e+00
2.809527100000000033e+01 0.000000000000000000e+00
2.810165399999999991e+01 0.000000000000000000e+00
2.810803699999999949e+01 0.000000000000000000e+00
2.811441900000000160e+01 0.000000000000000000e+00
2.812080200000000119e+01 0.000000000000000000e+00
2.812718500000000077e+01 0.000000000000000000e+00
2.813356800000000035e+01 0.000000000000000000e+00
2.813995099999999994e+01 0.000000000000000000e+00
2.814633399999999952e+01 0.000000000000000000e+00
2.815271600000000163e+01 0.000000000000000000e+00
2.815909900000000121e+01 0.000000000000000000e+00
2.816548200000000080e+01 0.000000000000000000e+00
2.817186500000000038e+01 0.000000000000000000e+00
2.817824799999999996e+01 0.000000000000000000e+00
2.818462999999999852e+01 0.000000000000000000e+00
2.819101300000000165e+01 0.000000000000000000e+00
2.819739600000000124e+01 0.000000000000000000e+00
2.820377900000000082e+01 0.000000000000000000e+00
2.821016200000000040e+01 0.000000000000000000e+00
2.821654499999999999e+01 0.000000000000000000e+00
2.822292699999999854e+01 0.000000000000000000e+00
2.822931000000000168e+01 0.000000000000000000e+00
2.823569300000000126e+01 0.000000000000000000e+00
2.824207600000000085e+01 0.000000000000000000e+00
2.824845900000000043e+01 0.000000000000000000e+00
2.825484099999999899e+01 0.000000000000000000e+00
2.826122399999999857e+01 0.000000000000000000e+00
2.826760700000000170e+01 0.000000000000000000e+00
2.827399000000000129e+01 0.000000000000000000e+00
2.828037300000000087e+01 0.000000000000000000e+00
2.828675600000000045e+01 0.000000000000000000e+00
2.829313799999999901e+01 0.000000000000000000e+00
2.829952099999999859e+01 0.000000000000000000e+00
2.830590400000000173e+01 0.000000000000000000e+00
2.831228700000000131e+01 0.000000000000000000e+00
2.831867000000000090e+01 0.000000000000000000e+00
2.832505199999999945e+01 0.000000000000000000e+00
2.833143499999999904e+01 0.000000000000000000e+00
2.833781799999999862e+01 0.000000000000000000e+00
2.834420100000000176e+01 0.000000000000000000e+00
2.835058400000000134e+01 0.000000000000000000e+00
2.835696700000000092e+01 0.000000000000000000e+00
2.836334899999999948e+01 0.000000000000000000e+00
2.836973199999999906e+01 0.000000000000000000e+00
2.837611499999999864e+01 0.000000000000000000e+00
2.838249799999999823e+01 0.000000000000000000e+00
2.838888100000000136e+01 0.000000000000000000e+00
2.839526299999999992e+01 0.000000000000000000e+00
2.840164599999999950e+01 0.000000000000000000e+00
2.840802899999999909e+01 0.000000000000000000e+00
2.841441199999999867e+01 0.000000000000000000e+00
2.842079499999999825e+01 0.000000000000000000e+00
2.842717800000000139e+01 0.000000000000000000e+00
2.843355999999999995e+01 0.000000000000000000e+00
2.843994299999999953e+01 0.000000000000000000e+00
2.844632599999999911e+01 0.000000000000000000e+00
2.845270899999999870e+01 0.000000000000000000e+00
2.845909199999999828e+01 0.000000000000000000e+00
2.846547400000000039e+01 0.000000000000000000e+00
2.847185699999999997e+01 0.000000000000000000e+00
2.847823999999999955e+01 0.000000000000000000e+00
2.848462299999999914e+01 0.000000000000000000e+00
2.849100599999999872e+01 0.000000000000000000e+00
2.849738899999999830e+01 0.000000000000000000e+00
2.850377100000000041e+01 0.000000000000000000e+00
2.851015400000000000e+01 0.000000000000000000e+00
2.851653699999999958e+01 0.000000000000000000e+00
2.852291999999999916e+01 0.000000000000000000e+00
2.852930299999999875e+01 0.000000000000000000e+00
2.853568500000000085e+01 0.000000000000000000e+00
2.854206800000000044e+01 0.000000000000000000e+00
2.854845100000000002e+01 0.000000000000000000e+00
2.855483399999999961e+01 0.000000000000000000e+00
2.856121699999999919e+01 0.000000000000000000e+00
2.856759999999999877e+01 0.000000000000000000e+00
2.857398200000000088e+01 0.000000000000000000e+00
2.858036500000000046e+01 0.000000000000000000e+00
2.858674800000000005e+01 0.000000000000000000e+00
2.859313099999999963e+01 0.000000000000000000e+00
2.859951399999999921e+01 0.000000000000000000e+00
2.860589600000000132e+01 0.000000000000000000e+00
2.861227900000000091e+01 0.000000000000000000e+00
2.861866200000000049e+01 0.000000000000000000e+00
2.862504500000000007e+01 0.000000000000000000e+00
2.863142799999999966e+01 0.000000000000000000e+00
2.863781099999999924e+01 0.000000000000000000e+00
2.864419300000000135e+01 0.000000000000000000e+00
2.865057600000000093e+01 0.000000000000000000e+00
2.865695900000000051e+01 0.000000000000000000e+00
2.866334200000000010e+01 0.000000000000000000e+00
2.866972499999999968e+01 0.000000000000000000e+00
2.867610699999999824e+01 0.000000000000000000e+00
2.868249000000000137e+01 0.000000000000000000e+00
2.868887300000000096e+01 0.000000000000000000e+00
2.869525600000000054e+01 0.000000000000000000e+00
2.870163900000000012e+01 0.000000000000000000e+00
2.870802199999999971e+01 0.000000000000000000e+00
2.871440399999999826e+01 0.000000000000000000e+00
2.872078700000000140e+01 0.000000000000000000e+00
2.872717000000000098e+01 0.000000000000000000e+00
2.873355300000000057e+01 0.000000000000000000e+00
2.873993600000000015e+01 0.000000000000000000e+00
2.874631799999999870e+01 0.000000000000000000e+00
2.875270099999999829e+01 0.000000000000000000e+00
2.875908400000000142e+01 0.000000000000000000e+00
2.876546700000000101e+01 0.000000000000000000e+00
2.877185000000000059e+01 0.000000000000000000e+00
2.877823300000000017e+01 0.000000000000000000e+00
2.878461499999999873e+01 0.000000000000000000e+00
2.879099799999999831e+01 0.000000000000000000e+00
2.879738100000000145e+01 0.000000000000000000e+00
2.880376400000000103e+01 0.000000000000000000e+00
2.881014700000000062e+01 0.000000000000000000e+00
2.881652899999999917e+01 0.000000000000000000e+00
2.882291199999999876e+01 0.000000000000000000e+00
2.882929499999999834e+01 0.000000000000000000e+00
2.883567800000000148e+01 0.000000000000000000e+00
2.884206100000000106e+01 0.000000000000000000e+00
2.884844400000000064e+01 0.000000000000000000e+00
2.885482599999999920e+01 0.000000000000000000e+00
2.886120899999999878e+01 0.000000000000000000e+00
2.886759199999999836e+01 0.000000000000000000e+00
2.887397500000000150e+01 0.000000000000000000e+00
2.888035800000000108e+01 0.000000000000000000e+00
2.888673999999999964e+01 0.000000000000000000e+00
2.889312299999999922e+01 0.000000000000000000e+00
2.889950599999999881e+01 0.000000000000000000e+00
2.890588899999999839e+01 0.000000000000000000e+00
2.891227200000000153e+01 0.000000000000000000e+00
2.891865500000000111e+01 0.000000000000000000e+00
2.892503699999999967e+01 0.000000000000000000e+00
2.893141999999999925e+01 0.000000000000000000e+00
2.893780299999999883e+01 0.000000000000000000e+00
2.894418599999999842e+01 0.000000000000000000e+00
2.895056900000000155e+01 0.000000000000000000e+00
2.895695100000000011e+01 0.000000000000000000e+00
2.896333399999999969e+01 0.000000000000000000e+00
2.896971699999999927e+01 0.000000000000000000e+00
2.897609999999999886e+01 0.000000000000000000e+00
2.898248299999999844e+01 0.000000000000000000e+00
2.898886600000000158e+01 0.000000000000000000e+00
2.899524800000000013e+01 0.000000000000000000e+00
2.900163099999999972e+01 0.000000000000000000e+00
2.900801399999999930e+01 0.000000000000000000e+00
2.901439699999999888e+01 0.000000000000000000e+00
2.902077999999999847e+01 0.000000000000000000e+00
2.902716200000000057e+01 0.000000000000000000e+00
2.903354500000000016e+01 0.000000000000000000e+00
2.903992799999999974e+01 0.000000000000000000e+00
2.904631099999999932e+01 0.000000000000000000e+00
2.905269399999999891e+01 0.000000000000000000e+00
2.905907699999999849e+01 0.000000000000000000e+00
2.906545900000000060e+01 0.000000000000000000e+00
2.907184200000000018e+01 0.000000000000000000e+00
2.907822499999999977e+01 0.000000000000000000e+00
2.908460799999999935e+01 0.000000000000000000e+00
2.909099099999999893e+01 0.000000000000000000e+00
2.909737300000000104e+01 0.000000000000000000e+00
2.910375600000000063e+01 0.000000000000000000e+00
2.911013900000000021e+01 0.000000000000000000e+00
2.911652199999999979e+01 0.000000000000000000e+00
2.912290499999999938e+01 0.000000000000000000e+00
2.912928799999999896e+01 0.000000000000000000e+00
2.913567000000000107e+01 0.000000000000000000e+00
2.914205300000000065e+01 0.000000000000000000e+00
2.914843600000000023e+01 0.000000000000000000e+00
2.915481899999999982e+01 0.000000000000000000e+00
2.916120199999999940e+01 0.000000000000000000e+00
2.916758400000000151e+01 0.000000000000000000e+00
2.917396700000000109e+01 0.000000000000000000e+00
2.918035000000000068e+01 0.000000000000000000e+00
2.918673300000000026e+01 0.000000000000000000e+00
2.919311599999999984e+01 0.000000000000000000e+00
2.919949899999999943e+01 0.000000000000000000e+00
2.920588100000000153e+01 0.000000000000000000e+00
2.921226400000000112e+01 0.000000000000000000e+00
2.921864700000000070e+01 0.000000000000000000e+00
2.922503000000000029e+01 0.000000000000000000e+00
2.923141299999999987e+01 0.000000000000000000e+00
2.923779499999999842e+01 0.000000000000000000e+00
2.924417800000000156e+01 0.000000000000000000e+00
2.925056100000000114e+01 0.000000000000000000e+00
2.925694400000000073e+01 0.000000000000000000e+00
2.926332700000000031e+01 0.000000000000000000e+00
2.926970999999999989e+01 0.000000000000000000e+00
2.927609199999999845e+01 0.000000000000000000e+00
2.928247500000000159e+01 0.000000000000000000e+00
2.928885800000000117e+01 0.000000000000000000e+00
2.929524100000000075e+01 0.000000000000000000e+00
2.930162400000000034e+01 0.000000000000000000e+00
2.930800599999999889e+01 0.000000000000000000e+00
2.931438899999999848e+01 0.000000000000000000e+00
2.932077200000000161e+01 0.000000000000000000e+00
2.932715500000000119e+01 0.000000000000000000e+00
2.933353800000000078e+01 0.000000000000000000e+00
2.933992100000000036e+01 0.000000000000000000e+00
2.934630299999999892e+01 0.000000000000000000e+00
2.935268599999999850e+01 0.000000000000000000e+00
2.935906900000000164e+01 0.000000000000000000e+00
2.936545200000000122e+01 0.000000000000000000e+00
2.937183500000000080e+01 0.000000000000000000e+00
2.937821699999999936e+01 0.000000000000000000e+00
2.938459999999999894e+01 0.000000000000000000e+00
2.939098299999999853e+01 0.000000000000000000e+00
2.939736600000000166e+01 0.000000000000000000e+00
2.940374900000000125e+01 0.000000000000000000e+00
2.941013200000000083e+01 0.000000000000000000e+00
2.941651399999999938e+01 0.000000000000000000e+00
2.942289699999999897e+01 0.000000000000000000e+00
2.942927999999999855e+01 0.000000000000000000e+00
2.943566300000000169e+01 0.000000000000000000e+00
2.944204600000000127e+01 0.000000000000000000e+00
2.944842799999999983e+01 0.000000000000000000e+00
2.945481099999999941e+01 0.000000000000000000e+00
2.946119399999999899e+01 0.000000000000000000e+00
2.946757699999999858e+01 0.000000000000000000e+00
2.947396000000000171e+01 0.000000000000000000e+00
2.948034300000000130e+01 0.000000000000000000e+00
2.948672499999999985e+01 0.000000000000000000e+00
2.949310799999999944e+01 0.000000000000000000e+00
2.949949099999999902e+01 0.000000000000000000e+00
2.950587399999999860e+01 0.000000000000000000e+00
2.951225700000000174e+01 0.000000000000000000e+00
2.951863900000000029e+01 0.000000000000000000e+00
2.952502199999999988e+01 0.000000000000000000e+00
2.953140499999999946e+01 0.000000000000000000e+00
2.953778799999999904e+01 0.000000000000000000e+00
2.954417099999999863e+01 0.000000000000000000e+00
2.955055400000000176e+01 0.000000000000000000e+00
2.955693600000000032e+01 0.000000000000000000e+00
2.956331899999999990e+01 0.000000000000000000e+00
2.956970199999999949e+01 0.000000000000000000e+00
2.957608499999999907e+01 0.000000000000000000e+00
2.958246799999999865e+01 0.000000000000000000e+00
2.958885000000000076e+01 0.000000000000000000e+00
2.959523300000000035e+01 0.000000000000000000e+00
2.960161599999999993e+01 0.000000000000000000e+00
2.960799899999999951e+01 0.000000000000000000e+00
2.961438199999999910e+01 0.000000000000000000e+00
2.962076499999999868e+01 0.000000000000000000e+00
2.962714700000000079e+01 0.000000000000000000e+00
2.963353000000000037e+01 0.000000000000000000e+00
2.963991299999999995e+01 0.000000000000000000e+00
2.964629599999999954e+01 0.000000000000000000e+00
2.965267899999999912e+01 0.000000000000000000e+00
2.965906100000000123e+01 0.000000000000000000e+00
2.966544400000000081e+01 0.000000000000000000e+00
2.967182700000000040e+01 0.000000000000000000e+00
2.967820999999999998e+01 0.000000000000000000e+00
2.968459299999999956e+01 0.000000000000000000e+00
2.969097599999999915e+01 0.000000000000000000e+00
2.969735800000000125e+01 0.000000000000000000e+00
2.970374100000000084e+01 0.000000000000000000e+00
2.971012400000000042e+01 0.000000000000000000e+00
2.971650700000000001e+01 0.000000000000000000e+00
2.972288999999999959e+01 0.000000000000000000e+00
2.972927200000000170e+01 0.000000000000000000e+00
2.973565500000000128e+01 0.000000000000000000e+00
2.974203800000000086e+01 0.000000000000000000e+00
2.974842100000000045e+01 0.000000000000000000e+00
2.975480400000000003e+01 0.000000000000000000e+00
2.976118699999999961e+01 0.000000000000000000e+00
2.976756900000000172e+01 0.000000000000000000e+00
2.977395200000000131e+01 0.000000000000000000e+00
2.978033500000000089e+01 0.000000000000000000e+00
2.978671800000000047e+01 0.000000000000000000e+00
2.979310100000000006e+01 0.000000000000000000e+00
2.979948399999999964e+01 0.000000000000000000e+00
2.980586600000000175e+01 0.000000000000000000e+00
2.981224900000000133e+01 0.000000000000000000e+00
2.981863200000000091e+01 0.000000000000000000e+00
2.982501500000000050e+01 0.000000000000000000e+00
2.983139800000000008e+01 0.000000000000000000e+00
2.983777999999999864e+01 0.000000000000000000e+00
2.984416300000000177e+01 0.000000000000000000e+00
2.985054600000000136e+01 0.000000000000000000e+00
2.985692900000000094e+01 0.000000000000000000e+00
2.986331200000000052e+01 0.000000000000000000e+00
2.986969500000000011e+01 0.000000000000000000e+00
2.987607699999999866e+01 0.000000000000000000e+00
2.988245999999999825e+01 0.000000000000000000e+00
2.988884300000000138e+01 0.000000000000000000e+00
2.989522600000000097e+01 0.000000000000000000e+00
2.990160900000000055e+01 0.000000000000000000e+00
2.990799099999999910e+01 0.000000000000000000e+00
2.991437399999999869e+01 0.000000000000000000e+00
2.992075699999999827e+01 0.000000000000000000e+00
2.992714000000000141e+01 0.000000000000000000e+00
2.993352300000000099e+01 0.000000000000000000e+00
2.993990600000000057e+01 0.000000000000000000e+00
2.994628799999999913e+01 0.000000000000000000e+00
2.995267099999999871e+01 0.000000000000000000e+00
2.995905399999999830e+01 0.000000000000000000e+00
2.996543700000000143e+01 0.000000000000000000e+00
2.997182000000000102e+01 0.000000000000000000e+00
2.997820199999999957e+01 0.000000000000000000e+00
2.998458499999999916e+01 0.000000000000000000e+00
2.999096799999999874e+01 0.000000000000000000e+00
2.999735099999999832e+01 0.000000000000000000e+00
3.000373400000000146e+01 0.000000000000000000e+00
3.001011700000000104e+01 0.000000000000000000e+00
3.001649899999999960e+01 0.000000000000000000e+00
3.002288199999999918e+01 0.000000000000000000e+00
3.002926499999999876e+01 0.000000000000000000e+00
3.003564799999999835e+01 0.000000000000000000e+00
3.004203100000000148e+01 0.000000000000000000e+00
3.004841300000000004e+01 0.000000000000000000e+00
3.005479599999999962e+01 0.000000000000000000e+00
3.006117899999999921e+01 0.000000000000000000e+00
3.006756199999999879e+01 0.000000000000000000e+00
3.007394499999999837e+01 0.000000000000000000e+00
3.008032800000000151e+01 0.000000000000000000e+00
3.008671000000000006e+01 0.000000000000000000e+00
3.009309299999999965e+01 0.000000000000000000e+00
3.009947599999999923e+01 0.000000000000000000e+00
3.010585899999999882e+01 0.000000000000000000e+00
3.011224199999999840e+01 0.000000000000000000e+00
3.011862400000000051e+01 0.000000000000000000e+00
3.012500700000000009e+01 0.000000000000000000e+00
3.013138999999999967e+01 0.000000000000000000e+00
3.013777299999999926e+01 0.000000000000000000e+00
3.014415599999999884e+01 0.000000000000000000e+00
3.015053899999999842e+01 0.000000000000000000e+00
3.015692100000000053e+01 0.000000000000000000e+00
3.016330400000000012e+01 0.000000000000000000e+00
3.016968699999999970e+01 0.000000000000000000e+00
3.017606999999999928e+01 0.000000000000000000e+00
3.018245299999999887e+01 0.000000000000000000e+00
3.018883500000000097e+01 0.000000000000000000e+00
3.019521800000000056e+01 0.000000000000000000e+00
3.020160100000000014e+01 0.000000000000000000e+00
3.020798399999999972e+01 0.000000000000000000e+00
3.021436699999999931e+01 0.000000000000000000e+00
3.022074999999999889e+01 0.000000000000000000e+00
3.022713200000000100e+01 0.000000000000000000e+00
3.023351500000000058e+01 0.000000000000000000e+00
3.023989800000000017e+01 0.000000000000000000e+00
3.024628099999999975e+01 0.000000000000000000e+00
3.025266399999999933e+01 0.000000000000000000e+00
3.025904600000000144e+01 0.000000000000000000e+00
3.026542900000000103e+01 0.000000000000000000e+00
3.027181200000000061e+01 0.000000000000000000e+00
3.027819500000000019e+01 0.000000000000000000e+00
3.028457799999999978e+01 0.000000000000000000e+00
3.029096099999999936e+01 0.000000000000000000e+00
3.029734300000000147e+01 0.000000000000000000e+00
3.030372600000000105e+01 0.000000000000000000e+00
3.031010900000000063e+01 0.000000000000000000e+00
3.031649200000000022e+01 0.000000000000000000e+00
3.032287499999999980e+01 0.000000000000000000e+00
3.032925699999999836e+01 0.000000000000000000e+00
3.033564000000000149e+01 0.000000000000000000e+00
3.034202300000000108e+01 0.000000000000000000e+00
3.034840600000000066e+01 0.000000000000000000e+00
3.035478900000000024e+01 0.000000000000000000e+00
3.036117199999999983e+01 0.000000000000000000e+00
3.036755399999999838e+01 0.000000000000000000e+00
3.037393700000000152e+01 0.000000000000000000e+00
3.038032000000000110e+01 0.000000000000000000e+00
3.038670300000000069e+01 0.000000000000000000e+00
3.039308600000000027e+01 0.000000000000000000e+00
3.039946799999999882e+01 0.000000000000000000e+00
3.040585099999999841e+01 0.000000000000000000e+00
3.041223400000000154e+01 0.000000000000000000e+00
3.041861700000000113e+01 0.000000000000000000e+00
3.042500000000000071e+01 0.000000000000000000e+00
3.043138300000000029e+01 0.000000000000000000e+00
3.043776499999999885e+01 0.000000000000000000e+00
3.044414799999999843e+01 0.000000000000000000e+00
3.045053100000000157e+01 0.000000000000000000e+00
3.045691400000000115e+01 0.000000000000000000e+00
3.046329700000000074e+01 0.000000000000000000e+00
3.046967899999999929e+01 0.000000000000000000e+00
3.047606199999999887e+01 0.000000000000000000e+00
3.048244499999999846e+01 0.000000000000000000e+00
3.048882800000000159e+01 0.000000000000000000e+00
3.049521100000000118e+01 0.000000000000000000e+00
3.050159400000000076e+01 0.000000000000000000e+00
3.050797599999999932e+01 0.000000000000000000e+00
3.051435899999999890e+01 0.000000000000000000e+00
3.052074199999999848e+01 0.000000000000000000e+00
3.052712500000000162e+01 0.000000000000000000e+00
3.053350800000000120e+01 0.000000000000000000e+00
3.053988999999999976e+01 0.000000000000000000e+00
3.054627299999999934e+01 0.000000000000000000e+00
3.055265599999999893e+01 0.000000000000000000e+00
3.055903899999999851e+01 0.000000000000000000e+00
3.056542200000000165e+01 0.000000000000000000e+00
3.057180500000000123e+01 0.000000000000000000e+00
3.057818699999999978e+01 0.000000000000000000e+00
3.058456999999999937e+01 0.000000000000000000e+00
3.059095299999999895e+01 0.000000000000000000e+00
3.059733599999999853e+01 0.000000000000000000e+00
3.060371900000000167e+01 0.000000000000000000e+00
3.061010100000000023e+01 0.000000000000000000e+00
3.061648399999999981e+01 0.000000000000000000e+00
3.062286699999999939e+01 0.000000000000000000e+00
3.062924999999999898e+01 0.000000000000000000e+00
3.063563299999999856e+01 0.000000000000000000e+00
3.064201600000000170e+01 0.000000000000000000e+00
3.064839800000000025e+01 0.000000000000000000e+00
3.065478099999999984e+01 0.000000000000000000e+00
3.066116399999999942e+01 0.000000000000000000e+00
3.066754699999999900e+01 0.000000000000000000e+00
3.067392999999999859e+01 0.000000000000000000e+00
3.068031200000000069e+01 0.000000000000000000e+00
3.068669500000000028e+01 0.000000000000000000e+00
3.069307799999999986e+01 0.000000000000000000e+00
3.069946099999999944e+01 0.000000000000000000e+00
3.070584399999999903e+01 0.000000000000000000e+00
3.071222699999999861e+01 0.000000000000000000e+00
3.071860900000000072e+01 0.000000000000000000e+00
3.072499200000000030e+01 0.000000000000000000e+00
3.073137499999999989e+01 0.000000000000000000e+00
3.073775799999999947e+01 0.000000000000000000e+00
3.074414099999999905e+01 0.000000000000000000e+00
3.075052300000000116e+01 0.000000000000000000e+00
3.075690600000000074e+01 0.000000000000000000e+00
3.076328900000000033e+01 0.000000000000000000e+00
3.076967199999999991e+01 0.000000000000000000e+00
3.077605499999999950e+01 0.000000000000000000e+00
3.078243799999999908e+01 0.000000000000000000e+00
3.078882000000000119e+01 0.000000000000000000e+00
3.079520300000000077e+01 0.000000000000000000e+00
3.080158600000000035e+01 0.000000000000000000e+00
3.080796899999999994e+01 0.000000000000000000e+00
3.081435199999999952e+01 0.000000000000000000e+00
3.082073400000000163e+01 0.000000000000000000e+00
3.082711700000000121e+01 0.000000000000000000e+00
3.083350000000000080e+01 0.000000000000000000e+00
3.083988300000000038e+01 0.000000000000000000e+00
3.084626599999999996e+01 0.000000000000000000e+00
3.085264899999999955e+01 0.000000000000000000e+00
3.085903100000000165e+01 0.000000000000000000e+00
3.086541400000000124e+01 0.000000000000000000e+00
3.087179700000000082e+01 0.000000000000000000e+00
3.087818000000000040e+01 0.000000000000000000e+00
3.088456299999999999e+01 0.000000000000000000e+00
3.089094499999999854e+01 0.000000000000000000e+00
3.089732800000000168e+01 0.000000000000000000e+00
3.090371100000000126e+01 0.000000000000000000e+00
3.091009400000000085e+01 0.000000000000000000e+00
3.091647700000000043e+01 0.000000000000000000e+00
3.092286000000000001e+01 0.000000000000000000e+00
3.092924199999999857e+01 0.000000000000000000e+00
3.093562500000000171e+01 0.000000000000000000e+00
3.094200800000000129e+01 0.000000000000000000e+00
3.094839100000000087e+01 0.000000000000000000e+00
3.095477400000000046e+01 0.000000000000000000e+00
3.096115599999999901e+01 0.000000000000000000e+00
3.096753899999999859e+01 0.000000000000000000e+00
3.097392200000000173e+01 0.000000000000000000e+00
3.098030500000000131e+01 0.000000000000000000e+00
3.098668800000000090e+01 0.000000000000000000e+00
3.099307100000000048e+01 0.000000000000000000e+00
3.099945299999999904e+01 0.000000000000000000e+00
3.100583599999999862e+01 0.000000000000000000e+00
3.101221900000000176e+01 0.000000000000000000e+00
3.101860200000000134e+01 0.000000000000000000e+00
3.102498500000000092e+01 0.000000000000000000e+00
3.103136699999999948e+01 0.000000000000000000e+00
3.103774999999999906e+01 0.000000000000000000e+00
3.104413299999999865e+01 0.000000000000000000e+00
3.105051599999999823e+01 0.000000000000000000e+00
3.105689900000000137e+01 0.000000000000000000e+00
3.106328200000000095e+01 0.000000000000000000e+00
3.106966399999999950e+01 0.000000000000000000e+00
3.107604699999999909e+01 0.000000000000000000e+00
3.108242999999999867e+01 0.000000000000000000e+00
3.108881299999999825e+01 0.000000000000000000e+00
3.109519600000000139e+01 0.000000000000000000e+00
3.110157799999999995e+01 0.000000000000000000e+00
3.110796099999999953e+01 0.000000000000000000e+00
3.111434399999999911e+01 0.000000000000000000e+00
3.112072699999999870e+01 0.000000000000000000e+00
3.112710999999999828e+01 0.000000000000000000e+00
3.113349300000000142e+01 0.000000000000000000e+00
3.113987499999999997e+01 0.000000000000000000e+00
3.114625799999999956e+01 0.000000000000000000e+00
3.115264099999999914e+01 0.000000000000000000e+00
3.115902399999999872e+01 0.000000000000000000e+00
3.116540699999999831e+01 0.000000000000000000e+00
3.117178900000000041e+01 0.000000000000000000e+00
3.117817200000000000e+01 0.000000000000000000e+00
3.118455499999999958e+01 0.000000000000000000e+00
3.119093799999999916e+01 0.000000000000000000e+00
3.119732099999999875e+01 0.000000000000000000e+00
3.120370399999999833e+01 0.000000000000000000e+00
3.121008600000000044e+01 0.000000000000000000e+00
3.121646900000000002e+01 0.000000000000000000e+00
3.122285199999999961e+01 0.000000000000000000e+00
3.122923499999999919e+01 0.000000000000000000e+00
3.123561799999999877e+01 0.000000000000000000e+00
3.124200000000000088e+01 0.000000000000000000e+00
3.124838300000000046e+01 0.000000000000000000e+00
3.125476600000000005e+01 0.000000000000000000e+00
3.126114899999999963e+01 0.000000000000000000e+00
3.126753199999999921e+01 0.000000000000000000e+00
3.127391499999999880e+01 0.000000000000000000e+00
3.128029700000000091e+01 0.000000000000000000e+00
3.128668000000000049e+01 0.000000000000000000e+00
3.129306300000000007e+01 0.000000000000000000e+00
3.129944599999999966e+01 0.000000000000000000e+00
3.130582899999999924e+01 0.000000000000000000e+00
3.131221100000000135e+01 0.000000000000000000e+00
3.131859400000000093e+01 0.000000000000000000e+00
3.132497700000000052e+01 0.000000000000000000e+00
3.133136000000000010e+01 0.000000000000000000e+00
3.133774299999999968e+01 0.000000000000000000e+00
3.134412599999999927e+01 0.000000000000000000e+00
3.135050800000000137e+01 0.000000000000000000e+00
3.135689100000000096e+01 0.000000000000000000e+00
3.136327400000000054e+01 0.000000000000000000e+00
3.136965700000000012e+01 0.000000000000000000e+00
3.137603999999999971e+01 0.000000000000000000e+00
3.138242199999999826e+01 0.000000000000000000e+00
3.138880500000000140e+01 0.000000000000000000e+00
3.139518800000000098e+01 0.000000000000000000e+00
3.140157100000000057e+01 0.000000000000000000e+00
3.140795400000000015e+01 0.000000000000000000e+00
3.141433699999999973e+01 0.000000000000000000e+00
3.142071899999999829e+01 0.000000000000000000e+00
3.142710200000000142e+01 0.000000000000000000e+00
3.143348500000000101e+01 0.000000000000000000e+00
3.143986800000000059e+01 0.000000000000000000e+00
3.144625100000000018e+01 0.000000000000000000e+00
3.145263299999999873e+01 0.000000000000000000e+00
3.145901599999999831e+01 0.000000000000000000e+00
3.146539900000000145e+01 0.000000000000000000e+00
3.147178200000000103e+01 0.000000000000000000e+00
3.147816500000000062e+01 0.000000000000000000e+00
3.148454800000000020e+01 0.000000000000000000e+00
3.149092999999999876e+01 0.000000000000000000e+00
3.149731299999999834e+01 0.000000000000000000e+00
3.150369600000000148e+01 0.000000000000000000e+00
3.151007900000000106e+01 0.000000000000000000e+00
3.151646200000000064e+01 0.000000000000000000e+00
3.152284399999999920e+01 0.000000000000000000e+00
3.152922699999999878e+01 0.000000000000000000e+00
3.153560999999999837e+01 0.000000000000000000e+00
3.154199300000000150e+01 0.000000000000000000e+00
3.154837600000000108e+01 0.000000000000000000e+00
3.155475900000000067e+01 0.000000000000000000e+00
3.156114099999999922e+01 0.000000000000000000e+00
3.156752399999999881e+01 0.000000000000000000e+00
3.157390699999999839e+01 0.000000000000000000e+00
3.158029000000000153e+01 0.000000000000000000e+00
3.158667300000000111e+01 0.000000000000000000e+00
3.159305499999999967e+01 0.000000000000000000e+00
3.159943799999999925e+01 0.000000000000000000e+00
3.160582099999999883e+01 0.000000000000000000e+00
3.161220399999999842e+01 0.000000000000000000e+00
3.161858700000000155e+01 0.000000000000000000e+00
3.162497000000000114e+01 0.000000000000000000e+00
3.163135199999999969e+01 0.000000000000000000e+00
3.163773499999999927e+01 0.000000000000000000e+00
3.164411799999999886e+01 0.000000000000000000e+00
3.165050099999999844e+01 0.000000000000000000e+00
3.165688400000000158e+01 0.000000000000000000e+00
3.166326600000000013e+01 0.000000000000000000e+00
3.166964899999999972e+01 0.000000000000000000e+00
3.167603199999999930e+01 0.000000000000000000e+00
3.168241499999999888e+01 0.000000000000000000e+00
3.168879799999999847e+01 0.000000000000000000e+00
3.169518100000000160e+01 0.000000000000000000e+00
3.170156300000000016e+01 0.000000000000000000e+00
3.170794599999999974e+01 0.000000000000000000e+00
3.171432899999999933e+01 0.000000000000000000e+00
3.172071199999999891e+01 0.000000000000000000e+00
3.172709499999999849e+01 0.000000000000000000e+00
3.173347700000000060e+01 0.000000000000000000e+00
3.173986000000000018e+01 0.000000000000000000e+00
3.174624299999999977e+01 0.000000000000000000e+00
3.175262599999999935e+01 0.000000000000000000e+00
3.175900899999999893e+01 0.000000000000000000e+00
3.176539199999999852e+01 0.000000000000000000e+00
3.177177400000000063e+01 0.000000000000000000e+00
3.177815700000000021e+01 0.000000000000000000e+00
3.178453999999999979e+01 0.000000000000000000e+00
3.179092299999999938e+01 0.000000000000000000e+00
3.179730599999999896e+01 0.000000000000000000e+00
3.180368800000000107e+01 0.000000000000000000e+00
3.181007100000000065e+01 0.000000000000000000e+00
3.181645400000000024e+01 0.000000000000000000e+00
3.182283699999999982e+01 0.000000000000000000e+00
3.182921999999999940e+01 0.000000000000000000e+00
3.183560299999999899e+01 0.000000000000000000e+00
3.184198500000000109e+01 0.000000000000000000e+00
3.184836800000000068e+01 0.000000000000000000e+00
3.185475100000000026e+01 0.000000000000000000e+00
3.186113399999999984e+01 0.000000000000000000e+00
3.186751699999999943e+01 0.000000000000000000e+00
3.187389900000000154e+01 0.000000000000000000e+00
3.188028200000000112e+01 0.000000000000000000e+00
3.188666500000000070e+01 0.000000000000000000e+00
3.189304800000000029e+01 0.000000000000000000e+00
3.189943099999999987e+01 0.000000000000000000e+00
3.190581399999999945e+01 0.000000000000000000e+00
3.191219600000000156e+01 0.000000000000000000e+00
3.191857900000000114e+01 0.000000000000000000e+00
