x,yobs,ycalc,ydiff
0.05,-5.341574823157972e-12,-0.046588228329792376,0.0465882283244508
0.1,-1.9328201370266573e-10,-0.06280612275029078,0.06280612255700876
0.15000000000000002,-1.1402066989145807e-08,-0.050769546647837574,0.05076953524577058
0.2,-1.3934680100195993e-07,-0.04288280982105605,0.04288267047425505
0.25,-3.280893677225349e-07,-0.06728580302805305,0.06728547493868532
0.30000000000000004,3.952912487632849e-06,-0.11763894096905642,0.11764289388154404
0.35000000000000003,3.638413870735752e-05,-0.1595862002894982,0.15962258442820554
0.4,0.0001492862171805833,-0.1673597521134791,0.16750903833065967
0.45,0.00035131497863291475,-0.15167278006814816,0.15202409504678108
0.5,0.0003607746693376701,-0.1488090809377558,0.14916985560709348
0.55,-0.0006968811120032619,-0.18191745631382508,0.18122057520182183
0.6000000000000001,-0.004085461179852174,-0.23561370303831755,0.23152824185846538
0.65,-0.010025807126485382,-0.2716496131509769,0.26162380602449153
0.7000000000000001,-0.015233899791397956,-0.2698726353237422,0.2546387355323443
0.75,-0.011614484047599129,-0.25086373183314276,0.23924924778554363
0.8,0.010466728295014476,-0.2549433375779073,0.2654100658729218
0.8500000000000001,0.053115188567354366,-0.2986356912250218,0.3517508797923762
0.9,0.10091237956813784,-0.3552328397886343,0.4561452193567721
0.9500000000000001,0.12038776484225375,-0.3821534586417091,0.5025412234839628
1.0,0.07700187463024008,-0.36768671852594786,0.4446885931561879
1.05,-0.03553269430615745,-0.34640959816666805,0.3108769038605106
1.1,-0.17498318529905865,-0.3634129712572472,0.18842978595818854
1.1500000000000001,-0.26390712227066254,-0.42301382238385166,0.15910670011318911
1.2000000000000002,-0.2405449220590357,-0.4790365239788525,0.2384916019198168
1.25,-0.1165859685848945,-0.48367263167297214,0.36708666308807764
1.3,0.008991050639022833,-0.4469720632563014,0.45596311389532423
1.35,0.009938022412951249,-0.43734039495229926,0.44727841736525054
1.4000000000000001,-0.16104719731936576,-0.5058396788472671,0.3447924815279013
1.4500000000000002,-0.39996324460751664,-0.5998389966275162,0.19987575201999952
1.5,-0.4889556721544272,-0.5619671616962225,0.07301148954179532
1.55,-0.24504015482429212,-0.24636532499696087,0.0013251701726687548
1.6,0.3156005418349732,0.3274421673440548,-0.011841625509081577
1.6500000000000001,0.9320499333165673,0.9208413574917504,0.011208575824816824
1.7000000000000002,1.237962133550291,1.1996489573540083,0.03831317619628272
1.75,1.01287972029898,0.9692221570359767,0.04365756326300341
1.8,0.3678869909033529,0.34725711557962907,0.020629875323723845
1.85,-0.2885823250075713,-0.27439817144978856,-0.014184153557782742
1.9000000000000001,-0.507408834122945,-0.475946723816322,-0.03146211030662299
1.9500000000000002,-0.10863782540542408,-0.09760371222059994,-0.01103411318482414
2.0,0.6802055395734182,0.6401856141109955,0.04001992546242272
2.0500000000000003,1.3668405467180091,1.2768979101803826,0.08994263653762657
2.1,1.5219529984488513,1.4149230529159247,0.10702994553292666
2.15,1.0574418341190317,0.9701925563253333,0.0872492777936984
2.2,0.2589622387522052,0.1991103108596218,0.059851927892583395
2.25,-0.43734059628702887,-0.5011115515139368,0.06377095522690795
2.3000000000000003,-0.7459691358395597,-0.8598991086062626,0.11392997276670291
2.35,-0.6886624633098576,-0.875504935102283,0.1868424717924254
2.4000000000000004,-0.5110569255921732,-0.7495286953618936,0.2384717697697204
2.45,-0.45369166981965786,-0.6926112329911536,0.2389195631714957
2.5,-0.5711030295143654,-0.7653825194216524,0.19427948990728694
2.5500000000000003,-0.7309471585662685,-0.8694160503646279,0.13846889179835942
2.6,-0.7656419330005934,-0.8700989026618087,0.10445696966121532
2.6500000000000004,-0.6296923700292717,-0.730062632577269,0.1003702625479973
2.7,-0.4301630198637652,-0.5386454933001172,0.10848247343635203
2.75,-0.32067815862155497,-0.42431977605503285,0.10364161743347788
2.8000000000000003,-0.3671043369306612,-0.440060298425591,0.07295596149492983
2.85,-0.505833478053807,-0.5277276500597348,0.021894172005927803
2.9000000000000004,-0.6215317473376573,-0.5880270139061068,-0.03350473343155047
2.95,-0.661440259954368,-0.5832763922142369,-0.07816386774013107
3.0,-0.6766127966380037,-0.5721959834966989,-0.1044168131413048
3.0500000000000003,-0.7559628170869508,-0.64368691369631,-0.11227590339064075
3.1,-0.922771935497602,-0.8158700476994721,-0.10690188779812981
3.1500000000000004,-1.0981746704264597,-1.0030328299079154,-0.09514184051854424
3.2,-1.170233736739115,-1.089441692669103,-0.08079204407001184
3.25,-1.10254106456561,-1.0424762277933934,-0.06006483677221652
3.3000000000000003,-0.9720509094445902,-0.9500541251246213,-0.021996784319968876
3.35,-0.8875922216266406,-0.9307613648393492,0.043169143212708594
3.4000000000000004,-0.8561096424468745,-0.9883407802362395,0.13223113778936502
3.45,-0.7270741540912885,-0.9515951977933907,0.22452104370210224
3.5,-0.29126681035896074,-0.5826747428488868,0.291407932489926
3.5500000000000003,0.5239736619913575,0.20967989157959332,0.3142937704117642
3.6,1.5209761901985637,1.2245965065289937,0.29637968366957
3.6500000000000004,2.289860354094035,2.0322553793028177,0.25760497479121724
3.7,2.445189635366216,2.2281187670274942,0.2170708683387219
3.75,1.880631315757682,1.701722910601518,0.17890840515616402
3.8000000000000003,0.8534892666365326,0.7193218623595266,0.13416740427700602
3.85,-0.1684449186813085,-0.24418122948634552,0.07573631080503701
3.9000000000000004,-0.7894055986339304,-0.8001306541543868,0.010725055520456328
3.95,-0.8973581906417635,-0.8549409775341733,-0.04241721310759017
4.0,-0.6675517896140829,-0.5981494355188121,-0.06940235409527085
4.05,-0.38282519750639715,-0.3098485772153321,-0.07297662029106505
4.1000000000000005,-0.2248182337425553,-0.15436230855511274,-0.07045592518744256
4.15,-0.188620230271558,-0.1105421046472532,-0.0780781256243048
4.2,-0.15572212392216958,-0.05894681694335131,-0.09677530697881827
4.25,-0.03341594085323598,0.07877605922018299,-0.11219200007341898
4.3,0.16443232860332982,0.27264264415743245,-0.10821031555410263
4.3500000000000005,0.3470406875788349,0.42835274052463335,-0.08131205294579846
4.4,0.43646355813934257,0.48003453094454396,-0.04357097280520139
4.45,0.42707851678375325,0.4402125548607757,-0.013134038077022459
4.5,0.37024533698799855,0.371735248396134,-0.0014899114081354248
4.55,0.31564387877335337,0.32329865243783007,-0.0076547736644766995
4.6000000000000005,0.2730444412994817,0.2948468387375712,-0.021802397438089538
4.65,0.2245339159196914,0.2577391117942244,-0.03320519587453297
4.7,0.16104615321875707,0.19706439350537958,-0.03601824028662251
4.75,0.09741555647311556,0.1278569579193585,-0.03044140144624294
4.800000000000001,0.05180733682075382,0.07256458340057051,-0.020757246579816688
4.8500000000000005,0.018737784815301084,0.031165084564436077,-0.012427299749134993
4.9,-0.02824377124491154,-0.01899706572834106,-0.009246705516570478
4.95,-0.10358892397463189,-0.09232030161516498,-0.011268622359466907
5.0,-0.18301905841585991,-0.16812045282864943,-0.014898605587210484
5.050000000000001,-0.21638431226713217,-0.2004037354422814,-0.015980576824850767
5.1000000000000005,-0.17199079761083186,-0.15791907870402813,-0.014071718906803726
5.15,-0.06849997387467487,-0.05447567064129993,-0.01402430323337494
5.2,0.040236753796846964,0.06281557751661346,-0.022578823719766494
5.25,0.11524514580078732,0.15755799598310247,-0.04231285018231515
5.300000000000001,0.16846353648811338,0.23690454756223625,-0.06844101107412287
5.3500000000000005,0.24778407723061913,0.3396615366328785,-0.09187745940225939
5.4,0.38420020611391636,0.4903819310056456,-0.10618172489172922
5.45,0.5523362802014808,0.6645289762581423,-0.11219269605666149
5.5,0.6832437355900892,0.7995043440634698,-0.1162606084733806
5.550000000000001,0.7174773137502353,0.8414314390225882,-0.12395412527235294
5.6000000000000005,0.64788979773805,0.7829030835250758,-0.13501328578702576
5.65,0.5134680006712236,0.6570408180043017,-0.14357281733307814
5.7,0.3551416284521071,0.49774938853471257,-0.14260776008260545
5.75,0.18156637660366928,0.30999514941698786,-0.12842877281331858
5.800000000000001,-0.019435975580172744,0.08288106987935782,-0.10231704545953058
5.8500000000000005,-0.23658102750671955,-0.16702290867840733,-0.06955811882831223
5.9,-0.4063019273613778,-0.36886564954243,-0.037436277818947816
5.95,-0.43497285171485667,-0.4222495569652479,-0.01272329474960876
6.0,-0.2596686265992858,-0.26104295147487455,0.0013743248755887505
6.050000000000001,0.10151028428035015,0.09419601959220694,0.00731426468814321
6.1000000000000005,0.5496634634683456,0.5381046089934929,0.01155885447485272
6.15,0.9529759485564822,0.9343077684573423,0.01866818009913984
6.2,1.2040995957187206,1.1783727737731957,0.02572682194552489
6.25,1.251049336135136,1.2273169509219564,0.023732385213179663
6.300000000000001,1.0959059579210386,1.0887027752874816,0.007203182633557015
6.3500000000000005,0.7800062956777346,0.7959701164923612,-0.01596382081462655
6.4,0.37161434643125973,0.3972776477497831,-0.025663301318523346
6.45,-0.046370266670642646,-0.04178992924722389,-0.004580337423418755
6.5,-0.39842784091828276,-0.44272468401555365,0.04429684309727089
6.550000000000001,-0.6441829984184222,-0.7387886088229906,0.09460561040456839
6.6000000000000005,-0.791330958907889,-0.9054682271306898,0.11413726822280079
6.65,-0.8778984052458066,-0.9679471600365399,0.09004875479073327
6.7,-0.9345792341431449,-0.9743277375356607,0.03974850339251579
6.75,-0.959502113482652,-0.9563188714988284,-0.0031832419838235815
6.800000000000001,-0.9288065908997374,-0.9127181519060901,-0.016088438993647314
6.8500000000000005,-0.8319955352263131,-0.8289483398502687,-0.003047195376044365
6.9,-0.6949334062583848,-0.7091941258972212,0.01426071963883635
6.95,-0.5638943864981611,-0.5842978204936541,0.020403433995492937
7.0,-0.46329907434099593,-0.4839891888389394,0.020690114497943446
7.050000000000001,-0.3691687281829939,-0.40160013510208603,0.03243140691909213
7.1000000000000005,-0.2288781257540565,-0.29201406845829164,0.06313594270423514
7.15,-0.014342403967565462,-0.11360181901410399,0.09925941504653853
7.2,0.23820709682933078,0.12017051707348193,0.11803657975584884
7.25,0.4396111148331097,0.3290640263528945,0.11054708848021522
7.300000000000001,0.5035608451280484,0.41178652955765327,0.09177431557039517
7.3500000000000005,0.40164635912115776,0.31535599972913875,0.08629035939201901
7.4,0.17541152167291293,0.0719433435652128,0.10346817810770013
7.45,-0.09766953339304257,-0.22527439780268677,0.1276048644096442
7.5,-0.3501448377329428,-0.4837593059873394,0.1336144682543966
7.550000000000001,-0.5462256145335487,-0.6588878963098835,0.11266228177633486
7.6000000000000005,-0.672879151361783,-0.7542209946085332,0.0813418432467502
7.65,-0.7232062265917759,-0.7875473563750014,0.06434112978322548
7.7,-0.6951674732190783,-0.7629307474569075,0.06776327423782913
7.75,-0.6044091049263675,-0.6749597904241529,0.07055068549778543
7.800000000000001,-0.49006983204355126,-0.5339631109268989,0.0438932788833476
7.8500000000000005,-0.3986965934309288,-0.3791519841239639,-0.01954460930696489
7.9,-0.35593304249579016,-0.26083198390513823,-0.09510105859065193
7.95,-0.3510777815272186,-0.20602856650087378,-0.1450492150263448
8.0,-0.34891001852508374,-0.19937010972117422,-0.14953990880390952
8.05,-0.31743038908748816,-0.19621378908708892,-0.12121660000039924
8.1,-0.24610202686655971,-0.15457042389784859,-0.09153160296871113
8.15,-0.1407683390796302,-0.057402881144704564,-0.08336545793492564
8.200000000000001,-0.005752053275186778,0.08958023247486546,-0.09533228575005225
8.25,0.16472866743060632,0.27401505833566364,-0.10928639090505732
8.3,0.3759028136392696,0.4857188151202982,-0.1098160014810286
8.35,0.6146447722422493,0.710395812870218,-0.09575104062796869
8.4,0.8449292752969837,0.9204008769842791,-0.07547160168729539
8.450000000000001,1.0233691625302082,1.078764780789375,-0.055395618259166834
8.5,1.1212131807327237,1.1569041853955224,-0.03569100466279873
8.55,1.133381925190812,1.1494250688783603,-0.016043143687548334
8.6,1.0692853266792854,1.0709095276186564,-0.00162420093937099
8.65,0.9385485957685931,0.938447473901962,0.00010112186663102651
8.700000000000001,0.7479377433063313,0.7591291664510214,-0.011191423144690016
8.75,0.5111624078832131,0.5361253454918264,-0.024962937608613345
8.8,0.25729003350548624,0.2856299422287759,-0.028339908723289675
8.85,0.023764517222973725,0.042998116003368315,-0.01923359878039459
8.9,-0.1634941566894979,-0.15384118023625679,-0.009652976453241119
8.950000000000001,-0.30505965412523545,-0.2909831742478657,-0.014076479877369763
9.0,-0.42237739193819557,-0.3886052389698039,-0.033772152968391644
9.05,-0.5342133720891059,-0.4808747985555285,-0.053338573533577405
9.1,-0.6346027770209018,-0.5806886120600313,-0.053914164960870536
9.15,-0.6909164666581175,-0.6605423434022963,-0.030374123255821117
9.200000000000001,-0.6634929976413146,-0.6680557616182048,0.0045627639768901496
9.25,-0.5310942919848418,-0.5642494629497548,0.03315517096491294
9.3,-0.30414392948773933,-0.35317999963250446,0.04903607014476513
9.35,-0.02006553070526266,-0.08068173096389493,0.06061620025863227
9.4,0.2711737844993156,0.19227816778762843,0.07889561671168718
9.450000000000001,0.5200183720795364,0.4166173675141835,0.1034010045653529
9.5,0.6846766213477473,0.5631758441184089,0.12150077722933839
9.55,0.7363758684285364,0.6146263576568275,0.12174951077170892
9.600000000000001,0.6659504060876026,0.5591338676130818,0.10681653847452077
9.65,0.48917084346469164,0.39728483465747805,0.09188600880721359
9.700000000000001,0.24452337903224494,0.15486683511477337,0.08965654391747158
9.75,-0.01907987725542649,-0.11618776162972225,0.09710788437429575
9.8,-0.25923573877154354,-0.35674080555963633,0.09750506678809279
9.850000000000001,-0.451893531869619,-0.5276685066003175,0.0757749747306985
9.9,-0.5918484448564594,-0.6242563171366028,0.03240787228014341
9.950000000000001,-0.6837184461468856,-0.6669811334763577,-0.016737312670527915
10.0,-0.7311525840806381,-0.6779834040704534,-0.05316918001018467
10.05,-0.7317176682381713,-0.6633749989289035,-0.0683426693092678
10.100000000000001,-0.679784264774831,-0.6140067915683012,-0.06577747320652982
10.15,-0.5741303161728158,-0.5200720032935788,-0.054058312879237014
10.200000000000001,-0.424304820681431,-0.3844554371568155,-0.03984938352461548
10.25,-0.2508853061686117,-0.22408387403039126,-0.02680143213822045
10.3,-0.07861501475169744,-0.06095788450026834,-0.0176571302514291
10.350000000000001,0.0739537876334475,0.08776678097399927,-0.013812993340551777
10.4,0.20189843344074684,0.21399651883747725,-0.012098085396730407
10.450000000000001,0.3134067101431376,0.3180668801808589,-0.00466017003772129
10.5,0.4215803284172845,0.4073209863956695,0.014259342021614996
10.55,0.5343318743248342,0.49452064296752885,0.039811231357305354
10.600000000000001,0.6490189905554529,0.5926163578316026,0.056402632723850266
10.65,0.7537013027436849,0.704266871675454,0.049434431068230866
10.700000000000001,0.831184434069085,0.8115524014529654,0.019632032616119677
10.75,0.8614506480828152,0.8758534157660698,-0.014402767683254547
10.8,0.8233510196156191,0.8533837795019646,-0.030032759886345572
10.850000000000001,0.7009776959964517,0.7203203215372652,-0.019342625540813563
10.9,0.496781697607684,0.49213623783921995,0.004645459768464033
10.950000000000001,0.24350329596910464,0.22302954794778945,0.020473748021315186
11.0,0.0009510421501737396,-0.01666446569659861,0.01761550784677235
11.05,-0.16865886751156992,-0.1728479251384378,0.004189057626867887
11.100000000000001,-0.2348151329018367,-0.23107169795683546,-0.003743434945001234
11.15,-0.2175343381074355,-0.21793735419707075,0.0004030160896352497
11.200000000000001,-0.1735972145557944,-0.18129012852810839,0.007692913972313975
11.25,-0.15774340611752452,-0.16268992830943388,0.004946522191909358
11.3,-0.18788746902106818,-0.17901095350146823,-0.008876515519599948
11.350000000000001,-0.24113597291810107,-0.22229506871431245,-0.018840904203788617
11.4,-0.2814791914941804,-0.2739182925447328,-0.007560898949447559
11.450000000000001,-0.2931701655745742,-0.3201649776126763,0.02699481203810211
11.5,-0.2906740082277282,-0.3578347838850826,0.0671607756573544
11.55,-0.299479248561057,-0.38874632886786337,0.08926708030680636
11.600000000000001,-0.32948571942748406,-0.41193544797409165,0.08244972854660759
11.65,-0.3677857534986551,-0.4231088654409548,0.05532311194229966
11.700000000000001,-0.39617765268678656,-0.4219308165333284,0.02575316384654186
11.75,-0.41282619358435846,-0.4179156125461071,0.005089418961748637
11.8,-0.433501920256891,-0.4254656314946758,-0.008036288762215182
11.850000000000001,-0.46974925765919257,-0.44929533102043173,-0.020453926638760833
11.9,-0.5065380646327707,-0.47299693653087294,-0.0335411281018978
11.950000000000001,-0.5042169434197293,-0.46349600401932717,-0.04072093940040217
12.0,-0.42600035503257194,-0.39083478162895025,-0.0351655734036217
12.05,-0.2664888818783464,-0.24806786802272568,-0.018421013855620727
12.100000000000001,-0.055118139270289336,-0.05479991580026856,-0.00031822347002077866
12.15,0.16716286619290127,0.15753935670283584,0.009623509490065435
12.200000000000001,0.3739391077465661,0.3637875664805421,0.010151541266023967
12.25,0.5570709399472368,0.5494024014508045,0.007668538496432231
12.3,0.7076245826337889,0.6991555572064845,0.008469025427304433
12.350000000000001,0.7980935181820895,0.7857461473139825,0.012347370868107
12.4,0.789167364039816,0.7753559625478631,0.013811401491952924
12.450000000000001,0.6586633616941107,0.649990361380419,0.00867300031369167
12.5,0.4260552528289439,0.4275483091541386,-0.0014930563251946971
12.55,0.1482563465531719,0.15972495916172272,-0.01146861260855081
12.600000000000001,-0.11101915737390926,-0.09284496479304694,-0.018174192580862322
12.65,-0.3116928704299648,-0.28804257424987395,-0.023650296180090846
12.700000000000001,-0.44317796343379584,-0.41086205096633255,-0.03231591246746329
12.75,-0.5070038486716891,-0.46125869699453803,-0.0457451516771511
12.8,-0.49998594872494684,-0.4396297594386824,-0.06035618928626446
12.850000000000001,-0.41810355685403927,-0.3481525118365974,-0.06995104501744187
12.9,-0.27618855155930444,-0.2058420493725889,-0.07034650218671554
12.950000000000001,-0.11883776470705343,-0.05665291485467193,-0.0621848498523815
13.0,-0.00472503372911631,0.04579185902167536,-0.05051689275079167
13.05,0.026781059049736,0.06905357161126087,-0.042272512561524866
13.100000000000001,-0.021547441888631735,0.021361553966863334,-0.04290899585549507
13.15,-0.11257289015204783,-0.05976745530494412,-0.052805434847103705
13.200000000000001,-0.20524501785870783,-0.1404791143782817,-0.06476590348042613
13.25,-0.27961370560882315,-0.21406242728196673,-0.06555127832685642
13.3,-0.3355198746007069,-0.2923084310836692,-0.043211443517037706
13.350000000000001,-0.3709039059261163,-0.3739472812673402,0.003043375341223953
13.4,-0.36523107356804674,-0.42354627397300976,0.05831520040496302
13.450000000000001,-0.2870827796138172,-0.38590067583406457,0.09881789622024739
13.5,-0.11997203587785768,-0.2270055335863995,0.10703349770854181
13.55,0.11789874668726674,0.034102685118826206,0.08379606156844054
13.600000000000001,0.37850350933852406,0.33161476703126813,0.046888742307255926
13.65,0.6091118805191847,0.5922304205850187,0.01688145993416601
13.700000000000001,0.7759890816998078,0.7736056104962485,0.0023834712035593064
13.75,0.8689989981146584,0.8716280760600427,-0.0026290779453842505
13.8,0.8888255253845436,0.8971097505354232,-0.008284225150879565
13.850000000000001,0.8335675361387215,0.8500369334713912,-0.016469397332669722
13.9,0.6988152965690894,0.717942232176068,-0.019126935606978646
13.950000000000001,0.48990500194488923,0.4981404921796605,-0.00823549023477127
14.0,0.23296864663994676,0.21931584091828113,0.013652805721665634
14.05,-0.026848822130927836,-0.06069434395170068,0.03384552182077284
14.100000000000001,-0.23998436700200035,-0.2807241157639191,0.04073974876191874
14.15,-0.3702724478503833,-0.4044811509730996,0.03420870312271629
14.200000000000001,-0.40613032215206635,-0.43048188235357243,0.024351560201506084
14.25,-0.36145565257101014,-0.3815167562909217,0.020061103719911544
14.3,-0.2680925554738043,-0.2876428423330789,0.019550286859274624
14.350000000000001,-0.1635138393650649,-0.17632408614947118,0.012810246784406287
14.4,-0.07773837773273377,-0.07104118537464747,-0.006697192358086301
14.450000000000001,-0.024506231023584246,0.009007985970343926,-0.033514216993928175
14.5,-0.0012929400502040248,0.0524643956729787,-0.053757335723182725
14.55,0.002036500484031919,0.05897754671819315,-0.05694104623416123
14.600000000000001,-0.006969644585235182,0.03687357827698743,-0.043843222862222614
14.65,-0.02607691132588418,-0.0030848650596613384,-0.02299204626622284
14.700000000000001,-0.05173488919359889,-0.05094009391939779,-0.0007947952742011002
14.75,-0.07176359459639581,-0.09499782277488247,0.023234228178486666
14.8,-0.06864289532775353,-0.11978744055958679,0.05114454523183326
14.850000000000001,-0.03443135635755625,-0.11254276312065864,0.07811140676310238
14.9,0.015869770496693983,-0.07605346500791528,0.09192323550460926
14.950000000000001,0.04838481964665923,-0.034385392082799164,0.08277021172945839
15.0,0.033245213994121094,-0.020488091749158974,0.05373330574328007
15.05,-0.03166258443130972,-0.0521237194941038,0.02046113506279408
15.100000000000001,-0.11829148588202568,-0.11759789890784596,-0.000693586974179719
15.15,-0.19175696033624876,-0.1870901377623747,-0.0046668225738740465
15.200000000000001,-0.23912331153568053,-0.24099685642383908,0.0018735448881585515
15.25,-0.27626547207507246,-0.2873419139661182,0.01107644189104573
15.3,-0.3249802015987538,-0.3481551283523315,0.023174926753577685
15.350000000000001,-0.3816918331073132,-0.4255175894509134,0.0438257563436002
15.4,-0.4095592120763542,-0.481989889851474,0.0724306777751198
15.450000000000001,-0.3656435232217101,-0.4609069070340203,0.0952633838123102
15.5,-0.2415827420757093,-0.3347993076106364,0.09321656553492713
15.55,-0.0812641181417794,-0.13979312538391162,0.05852900724213221
15.600000000000001,0.04261531365484138,0.03853155104233698,0.004083762612504399
15.65,0.07568640729207926,0.12094581021092897,-0.04525940291884971
15.700000000000001,0.015168559216484504,0.08763335616778628,-0.07246479695130177
15.75,-0.0951851662701471,-0.01419321801951879,-0.0809919482506283
15.8,-0.19965759479117035,-0.1111813578411064,-0.08847623695006394
15.850000000000001,-0.2633575296967358,-0.1556034718422452,-0.1077540578544906
15.9,-0.279000066606438,-0.14543241252015507,-0.13356765408628293
15.950000000000001,-0.25019930919479766,-0.10284630673712299,-0.1473530024576747
16.0,-0.17344747295077786,-0.038587310638694465,-0.1348601623120834
16.05,-0.03675397390882172,0.06275778671174562,-0.09951176062056734
16.1,0.16705906050309577,0.2265211041269023,-0.059462043623806526
16.150000000000002,0.4281769822345135,0.46049746646016465,-0.03232048422565115
16.2,0.719701046795453,0.742040032252403,-0.02233898545695001
16.25,1.0057870170464749,1.026564792962389,-0.02077777591591401
16.3,1.2472050458583872,1.2639465434560593,-0.016741497597672073
16.35,1.4012988302819138,1.4082286470336869,-0.006929816751773066
16.400000000000002,1.4247960078946054,1.420934486120537,0.0038615217740682883
16.45,1.2876645878198862,1.2782880983606932,0.009376489459193005
16.5,0.9927582802847622,0.9851277023569927,0.007630577927769555
16.55,0.5843124720703601,0.5832971213777336,0.0010153506926264821
16.6,0.13340424910680443,0.14027618487483953,-0.006871935768035103
16.650000000000002,-0.2921914121290721,-0.2792885115935149,-0.012902900535557205
16.7,-0.6515429413802453,-0.6377988512190295,-0.013744090161215805
16.75,-0.9308946954527862,-0.9247275113012884,-0.006167184151497862
16.8,-1.1257007805407233,-1.1353679716098297,0.009667191069106407
16.85,-1.2255363483798603,-1.252694933277957,0.027158584898096638
16.900000000000002,-1.2177204089549316,-1.2533554785790948,0.035635069624163185
16.95,-1.10418975371884,-1.1326043403186623,0.02841458659982221
17.0,-0.9111375934113406,-0.9209317104376392,0.009794117026298621
17.05,-0.6780124125435362,-0.6713523809028544,-0.006660031640681741
17.1,-0.43442799906859714,-0.4258510234198805,-0.008576975648716623
17.150000000000002,-0.18728774042844537,-0.1921018005416466,0.004814060113201235
17.2,0.06893653567595792,0.04698288918609468,0.02195364648986324
17.25,0.32918013885025527,0.3004101541192806,0.02876998473097464
17.3,0.5656732206716505,0.5455851921334148,0.020088028538235658
17.35,0.7394817266052723,0.7369507972654056,0.002530929339866761
17.400000000000002,0.8242998303704339,0.8369903800133994,-0.012690549642965565
17.45,0.8187344782801929,0.8380640687882167,-0.019329590508023853
17.5,0.7358899493902576,0.7550645018377526,-0.019174552447494997
17.55,0.5836945108154012,0.6010256003826187,-0.017331089567217406
17.6,0.36003161499716885,0.3761168901289613,-0.016085275131792476
17.650000000000002,0.0710970700138426,0.08493321973206455,-0.013836149718221946
17.7,-0.24537944598974495,-0.23633358636830862,-0.009045859621436336
17.75,-0.5203525843012918,-0.5166311447494152,-0.0037214395518766485
17.8,-0.6861642909643362,-0.6838793884357484,-0.0022849025285878177
17.85,-0.7192314247338378,-0.7117878577855316,-0.007443566948306279
17.900000000000002,-0.6569784793412935,-0.6391396428845797,-0.017838836456713802
17.95,-0.5726503092655794,-0.543125804357957,-0.029524504907622373
18.0,-0.5269589331070796,-0.4883385631073593,-0.03862036999972035
18.05,-0.5345321835108433,-0.4927293727833244,-0.0418028107275189
18.1,-0.5686687142206804,-0.5334133811717332,-0.035255333048947235
18.150000000000002,-0.5939888617570621,-0.5782089916816806,-0.015779870075381508
18.2,-0.594611649874506,-0.6093731794916796,0.014761529617173585
18.25,-0.5743827840775518,-0.6205659357969748,0.046183151719423
18.3,-0.5348370962276474,-0.5986439082562014,0.06380681202855398
18.35,-0.45747358529404114,-0.516448624424612,0.058975039130570894
18.400000000000002,-0.31082350614766435,-0.34835261616885943,0.03752911002119508
18.45,-0.07752280984411314,-0.09444792564435116,0.01692511580023802
18.5,0.22283640405317828,0.21046025505173457,0.01237614900144371
18.55,0.535451923373668,0.5117584242018971,0.023693499171770882
18.6,0.7954790301622745,0.7600898473302095,0.03538918283206505
18.650000000000002,0.9572133049472223,0.9264295951430942,0.030783709804128145
18.7,1.0082211332388022,1.0009222671369362,0.007298866101866031
18.75,0.9645064468762405,0.9859639632688403,-0.02145751639259974
18.8,0.8565194545367872,0.8951136966428755,-0.038594242106088306
18.85,0.7168158206704125,0.755913161412861,-0.03909734074244853
18.900000000000002,0.5720542957494865,0.6047395848689233,-0.0326852891194368
18.95,0.43660412189607684,0.46905282109935503,-0.0324486992032782
19.0,0.30811283749046425,0.34962166931443484,-0.04150883182397058
19.05,0.17080605960309092,0.221971827993612,-0.05116576839052109
19.1,0.010233011668781655,0.06171180185810391,-0.051478790189322256
19.150000000000002,-0.1673079578595949,-0.12495991908802716,-0.042348038771567745
19.200000000000003,-0.3259496997957187,-0.29258887014983204,-0.03336082964588666
19.25,-0.41296115768565134,-0.379751469824232,-0.03320968786141931
19.3,-0.38772630488614507,-0.34713263570365255,-0.04059366918249252
19.35,-0.24745532678244128,-0.20112808007032665,-0.046327246712114634
19.400000000000002,-0.031176770350573386,0.012533321855552709,-0.043710092206126094
19.450000000000003,0.20008478940716434,0.23531707727046272,-0.03523228786329838
19.5,0.39155764225714795,0.4198392994766347,-0.028281657219486722
19.55,0.5122857066117722,0.5376549990589324,-0.02536929244716024
19.6,0.5547211885007838,0.5755935229541016,-0.02087233445331782
19.650000000000002,0.5242539961548626,0.5330498190810331,-0.008795822926170538
19.700000000000003,0.43139693349785996,0.4241575516035274,0.007239381894332542
19.75,0.29150696187546227,0.2770849449093221,0.01442201696614015
19.8,0.1265092257046907,0.12315892869297403,0.0033502970117166714
19.85,-0.0387523091749849,-0.018995155376663856,-0.019757153798321044
19.900000000000002,-0.1853171163511736,-0.14988779683206738,-0.03542931951910622
19.950000000000003,-0.30618776423889243,-0.2783611696760122,-0.027826594562880225
20.0,-0.40308121543251113,-0.4028584541154959,-0.00022276131701520763
20.05,-0.47635561722935565,-0.5034186494241731,0.027063032194817482
20.1,-0.5177891753626895,-0.553282225152043,0.035493049789353415
20.150000000000002,-0.5132763447389785,-0.5390719871651705,0.025795642426191923
20.200000000000003,-0.4526361449149662,-0.46915493241510103,0.016518787500134857
20.25,-0.3368605431365713,-0.3615900665602123,0.024729523423640987
20.3,-0.17641942908727276,-0.22454167659661606,0.0481222475093433
20.35,0.01587473355660077,-0.05087068825029158,0.06674542180689236
20.400000000000002,0.2280652511134219,0.16516135115553524,0.06290389995788667
20.450000000000003,0.4436029729715316,0.4042665261180708,0.03933644685346083
20.5,0.6331789172523836,0.6158503629050769,0.017328554347306735
20.55,0.7551529881445703,0.7386438825021859,0.016509105642384392
20.6,0.7696415981765753,0.7332848877650108,0.03635671041156452
20.650000000000002,0.658661995437634,0.6011454593494289,0.05751653608820517
20.700000000000003,0.4376463842196946,0.3765192863685749,0.061127097851119694
20.75,0.1492108307826604,0.10246740624454337,0.04674342453811703
20.8,-0.1564325377004155,-0.1879924968923162,0.03155995919190069
20.85,-0.44052237280954004,-0.47315195441089897,0.032629581601358926
20.900000000000002,-0.6826626307345302,-0.7327727148642285,0.05011008412969831
20.950000000000003,-0.8749830751231619,-0.9423334911970639,0.06735041607390202
21.0,-1.0122706525326508,-1.0785804130009942,0.06630976046834336
21.05,-1.0871614508221972,-1.1297009114941161,0.04253946067191894
21.1,-1.0925856621127157,-1.098981217120078,0.006395555007362219
21.150000000000002,-1.02714472205536,-0.9992145204981883,-0.02793020155717174
21.200000000000003,-0.8983498923959519,-0.8454980501455829,-0.052851842250368986
21.25,-0.722273669398712,-0.6543557075279977,-0.0679179618707143
21.3,-0.5210863481683844,-0.4477049172741398,-0.07338143089424459
21.35,-0.31965259042864946,-0.2528336353891477,-0.06681895503950175
21.400000000000002,-0.14103871333797185,-0.09359677689640648,-0.04744193644156537
21.450000000000003,-0.0015148640931228448,0.02064598153810514,-0.022160845631227985
21.5,0.09218583074077238,0.0965475826698893,-0.004361751929116919
21.55,0.14072273379795214,0.14514749357160484,-0.004424759773652698
21.6,0.1466087956515634,0.16762457208852896,-0.02101577643696556
21.650000000000002,0.11109721437699638,0.15361718640625402,-0.04251997202925764
21.700000000000003,0.03805021662346273,0.09584680853118281,-0.05779659190772008
21.75,-0.058136987386015714,0.007504218705119853,-0.06564120609113556
21.8,-0.15007326242339264,-0.07644986301124021,-0.07362339941215243
21.85,-0.2071712293924089,-0.11913824576037454,-0.08803298363203435
21.900000000000002,-0.21259473346764896,-0.10690557981427265,-0.1056891536533763
21.950000000000003,-0.17204147876496884,-0.05615251566137893,-0.1158889631035899
22.0,-0.10270438816407731,0.0071514732517789685,-0.10985586141585628
22.05,-0.008346222440779375,0.07929907308355928,-0.08764529552433865
22.1,0.13703258133426932,0.19324420304925286,-0.056211621714983534
22.150000000000002,0.37645424827537144,0.3988718355131665,-0.022417587237795078
22.200000000000003,0.7306083836792635,0.7202474854566309,0.010360898222632642
22.25,1.1602262835124264,1.1213109049803436,0.03891537853208282
22.3,1.5634120129743367,1.507299320964184,0.056112692010152676
22.35,1.8173766557088618,1.763807416927707,0.053569238781154827
22.400000000000002,1.83940966239026,1.809028031858326,0.03038163053193399
22.450000000000003,1.6256434399489958,1.6272030806941473,-0.0015596407451514693
22.5,1.242855233711977,1.266528430959204,-0.02367319724722705
22.55,0.7844365303204454,0.8092176622700358,-0.024781131949590418
22.6,0.3263043070648033,0.3365827948075873,-0.010278487742784004
22.650000000000002,-0.08800442077001577,-0.09117788728543676,0.0031734665154209835
22.700000000000003,-0.43333426256366014,-0.43644256187036473,0.003108299306704587
22.75,-0.6848210092894979,-0.6769737510992859,-0.007847258190211925
22.8,-0.8186157520047708,-0.8024966515788234,-0.01611910042594733
22.85,-0.8304675557007456,-0.8186710327571195,-0.011796522943626098
22.900000000000002,-0.7502195927173626,-0.7516370015133068,0.0014174087959442083
22.950000000000003,-0.6327704085797596,-0.6438169497395486,0.01104654115978898
23.0,-0.5288430534276333,-0.5389212344891442,0.010078181061510927
23.05,-0.45901245930597867,-0.4642602646503192,0.00524780534434055
23.1,-0.4121096310322912,-0.4222439740066125,0.010134342974321309
23.150000000000002,-0.3669424754261008,-0.396761670994241,0.029819195568140167
23.200000000000003,-0.3159647139856107,-0.3691151431974885,0.05315042921187779
23.25,-0.2701938395478478,-0.3316245992228456,0.06143075967499778
23.3,-0.2444026149929215,-0.2902021695414519,0.04579955454853038
23.35,-0.24023843547908794,-0.2567630928932183,0.016524657414130367
23.400000000000002,-0.2446132106202938,-0.23966342515139558,-0.00494978546889821
23.450000000000003,-0.24327921698150792,-0.2395099881901438,-0.0037692287913641265
23.5,-0.233629712457624,-0.250801622868071,0.017171910410446994
23.55,-0.22248711601052643,-0.2644869561421546,0.04199984013162819
23.6,-0.21137067707409646,-0.2678355079066696,0.05646483083257314
23.650000000000002,-0.1856005117628007,-0.24365877642941391,0.05805826466661321
23.700000000000003,-0.12019004731040006,-0.17380928774686769,0.053619240436467624
23.75,0.0014878601881407297,-0.0480814930821156,0.049569353270256335
23.8,0.17322220904552202,0.1271181647956779,0.04610404424984413
23.85,0.3684483154051901,0.3280341585150113,0.0404141568901788
23.900000000000002,0.5558719585939516,0.5226595344565487,0.033212424137402885
23.950000000000003,0.7126854524130011,0.6831259322918951,0.029559520121105964
24.0,0.8246993996283553,0.7923163449171781,0.032383054711177195
24.05,0.8782621383142991,0.8418314823992791,0.03643065591502004
24.1,0.8579875410682397,0.8270516530280388,0.030935888040200865
24.150000000000002,0.7570023554389235,0.7469838356338295,0.01001851980509394
24.200000000000003,0.5904362483064897,0.6097574869259358,-0.019321238619446124
24.25,0.395844436482034,0.43650941057120257,-0.04066497408916858
24.3,0.21499590738293886,0.25629002677726215,-0.041294119394323286
24.35,0.07008485995427675,0.0934510673429849,-0.02336620738870815
24.400000000000002,-0.04515807550762558,-0.042347608143676704,-0.002810467363948875
24.450000000000003,-0.15145313590935297,-0.15461404638808016,0.0031609104787271858
24.5,-0.2601339979410104,-0.24893955518024777,-0.011194442760762618
24.55,-0.3616579354947514,-0.3239120550570341,-0.037745880437717316
24.6,-0.43644575599495783,-0.3735206627588234,-0.06292509323613443
24.650000000000002,-0.4762496475475938,-0.39819436665608904,-0.07805528089150476
24.700000000000003,-0.49426523198276184,-0.41157228750024233,-0.08269294448251951
24.75,-0.5138555291638687,-0.43345023232353785,-0.08040529684033082
24.8,-0.547364570076424,-0.4736604811025059,-0.07370408897391811
24.85,-0.5864237069003594,-0.5225219508489098,-0.06390175605144954
24.900000000000002,-0.6134064555042956,-0.5589198629248188,-0.054486592579476856
24.950000000000003,-0.6220113639746863,-0.570218231150064,-0.05179313282462228
25.0,-0.6251717812918479,-0.565302588910202,-0.0598691923816459
25.05,-0.6407045393284592,-0.5666274768184645,-0.07407706250999468
25.1,-0.6675010883908207,-0.5861678400418312,-0.08133324834898947
25.150000000000002,-0.6755366861180032,-0.6061599773675324,-0.06937670875047086
25.200000000000003,-0.6210135072478066,-0.5830513107016726,-0.037962196546133975
25.25,-0.47499289157904845,-0.4737382913318467,-0.0012546002472017537
25.3,-0.24193579090539266,-0.2642620929344723,0.02232630202907962
25.35,0.045354956855277836,0.020543399769643075,0.02481155708563476
25.400000000000002,0.3463000237952638,0.33157300671673046,0.014727017078533355
25.450000000000003,0.6285162777332792,0.6200995579994284,0.00841671973385083
25.5,0.867417290777663,0.8532306453651618,0.014186645412501253
25.55,1.0365527899092573,1.0124282273512388,0.024124562558018425
25.6,1.1054779106199695,1.0835656091933605,0.021912301426608938
25.650000000000002,1.0527774773132366,1.052871144231616,-9.366691837953134e-05
25.700000000000003,0.8838460214007512,0.9146195322886725,-0.03077351088792135
25.75,0.6352448447512928,0.6829989934334681,-0.04775414868217531
25.8,0.35854866536079527,0.3952075778065706,-0.03665891244577535
25.85,0.09586045393392771,0.1000972589144125,-0.004236804980484787
25.900000000000002,-0.13268027553652592,-0.16053895758567882,0.0278586820491529
25.950000000000003,-0.3205337968708758,-0.3642683158510749,0.04373451898019909
26.0,-0.4568203670510354,-0.505373854380681,0.04855348732964565
26.05,-0.5192498771085702,-0.5813942787848042,0.06214440167623403
26.1,-0.4874904643772577,-0.5824842128589509,0.09499374848169323
26.150000000000002,-0.36597902900456813,-0.4954691102398892,0.12949008123532108
26.200000000000003,-0.19456669057555925,-0.3220964900560519,0.12752979948049264
26.25,-0.03478585083284069,-0.09720519206342453,0.06241934123058383
26.3,0.05987844794211207,0.1113295094304623,-0.05145106148835023
26.35,0.06829222783769703,0.2280682847230747,-0.15977605688537766
26.400000000000002,0.00460307319662231,0.20872860115109287,-0.20412552795447056
26.450000000000003,-0.0984241978193697,0.06672022007152117,-0.16514441789089088
26.5,-0.2101831902504986,-0.13301614967506462,-0.077167040575434
26.55,-0.3125740862158905,-0.311345062639923,-0.0012290235759674917
26.6,-0.397275764734757,-0.4185184183984594,0.02124265366370237
26.650000000000002,-0.457731138295211,-0.45343913973109345,-0.0042919985641175495
26.700000000000003,-0.48435266123503046,-0.44643137298499297,-0.03792128825003749
26.75,-0.46507396511103705,-0.4220072859921157,-0.04306667911892137
26.8,-0.3884046491837421,-0.3734956000679715,-0.014909049115770623
26.85,-0.24699851418907076,-0.27029598381282816,0.023297469623757394
26.900000000000002,-0.04281793503399387,-0.09042288423975692,0.047604949205763046
26.950000000000003,0.20571697152218626,0.1498123915894815,0.05590457993270476
27.0,0.45905366461221053,0.3933122647824093,0.0657413998298012
27.05,0.6616058552043403,0.5678626141084216,0.0937432410959187
27.1,0.7592578454209669,0.6199017531414911,0.13935609227947576
27.150000000000002,0.7220642546640166,0.5350132382673587,0.1870510163966579
27.200000000000003,0.5588062468440189,0.3391838278967715,0.21962241894724743
27.25,0.3142192712371761,0.08892012317876571,0.22529914805841036
27.3,0.05124404741141773,-0.14199734349010185,0.19324139090151957
27.35,-0.1703658237608362,-0.2805098049195427,0.1101439811587065
27.400000000000002,-0.30853925656813275,-0.28027653823653764,-0.028262718331595105
27.450000000000003,-0.344074770464029,-0.1471545803653989,-0.1969201900986301
27.5,-0.28061320330424827,0.0565092186592925,-0.33712242196354075
27.55,-0.14264241472081296,0.24272521822237988,-0.3853676329431929
27.6,0.03011080717998591,0.35057190870446786,-0.32046110152448193
27.650000000000002,0.19455110140021856,0.3829343873597988,-0.18838328595958023
27.700000000000003,0.31926765633679394,0.39498306225185054,-0.0757154059150566
27.75,0.39347832746623046,0.43977549386440923,-0.04629716639817877
27.8,0.4225539669246211,0.5152925600815588,-0.09273859315693767
27.85,0.41363066795598785,0.5599987467783549,-0.14636807882236708
27.900000000000002,0.3646447104982856,0.5036382665024004,-0.13899355600411478
27.950000000000003,0.26804944285315047,0.3304113740989215,-0.06236193124577105
28.0,0.12658070674195737,0.09857115097233947,0.028009555769617903
28.05,-0.03456133866186476,-0.10204445660744615,0.0674831179455814
28.1,-0.1733841269800065,-0.21772710588094102,0.04434297890093453
28.150000000000002,-0.2530140457555935,-0.2644085656919319,0.011394519936338388
28.200000000000003,-0.262470516527361,-0.29870717962322046,0.03623666309585949
28.25,-0.2189555986180587,-0.35483284537351545,0.13587724675545676
28.3,-0.15092104412697013,-0.4059645535555601,0.25504350942859
28.35,-0.07858161784964807,-0.3857454022546181,0.30716378440497005
28.400000000000002,-0.009575914354916162,-0.25124265966443315,0.24166674530951698
28.450000000000003,0.049057348005281505,-0.03232099935464025,0.08137834735992175
28.5,0.0789152748854844,0.17519695332293955,-0.09628167843745515
28.55,0.05500965200807942,0.26765800990016736,-0.21264835789208794
28.6,-0.03368257256202745,0.19806432210768113,-0.23174689466970858
28.650000000000002,-0.166943835281252,0.0013094512073160065,-0.16825328648856802
28.700000000000003,-0.29788364074585205,-0.2316199104964236,-0.06626373024942844
28.75,-0.37826371444910567,-0.40577668009405066,0.027512965644944987
28.8,-0.38377602681368234,-0.46458979760207786,0.08081377078839552
28.85,-0.3186654775649076,-0.40192938377857684,0.08326390621366925
28.900000000000002,-0.19952779737392012,-0.2474578449797109,0.04793004760579078
28.950000000000003,-0.03837736857341429,-0.04257417538661284,0.0041968068131985475
29.0,0.1557306963289031,0.17681876639159616,-0.02108807006269306
29.05,0.358904012452334,0.38368441237748513,-0.02478039992515113
29.1,0.5212718678663264,0.5522554904768734,-0.03098362261054699
29.150000000000002,0.5824656828508653,0.6496221312963414,-0.06715644844547608
29.200000000000003,0.508303843268931,0.6385649663123711,-0.13026112304344017
29.25,0.31961568061824547,0.4967158739384545,-0.17710019332020904
29.3,0.08654692569742975,0.24228153626899465,-0.1557346105715649
29.35,-0.11007127067100106,-0.055527236197639905,-0.054544034473361154
29.400000000000002,-0.22039214627988452,-0.29848031807459957,0.07808817179471506
29.450000000000003,-0.2387807872110169,-0.4071359504122223,0.1683551632012054
29.5,-0.1838689432679953,-0.36290734910832245,0.17903840584032715
29.55,-0.0702389828966896,-0.21138183462890797,0.14114285173221836
29.6,0.09913729624552431,-0.022842387013496026,0.12197968325902034
29.650000000000002,0.3146400280272869,0.1574153192452953,0.1572247087819916
29.700000000000003,0.538795873512585,0.32645886117412165,0.2123370123384633
29.75,0.7089977387857062,0.4955903459429037,0.21340739284280247
29.8,0.7674024151037686,0.6469136535810704,0.12048876152269816
29.85,0.6938000214337681,0.7208114633949707,-0.027011441961202642
29.900000000000002,0.513265807325589,0.6518123702831586,-0.13854656295756962
29.950000000000003,0.2736134248596554,0.4229265341354107,-0.1493131092757553
30.0,0.014873502654931573,0.0884157786535239,-0.07354227599859232
30.05,-0.2423681219828887,-0.2572220774086152,0.014853955425726484
30.1,-0.4844105043078367,-0.5368853793025501,0.05247487499471337
30.150000000000002,-0.6873156185348253,-0.7251216674945918,0.03780604895976658
30.200000000000003,-0.8181168339855924,-0.8346424410716337,0.016525607086041227
30.25,-0.8561481616560804,-0.8782046015871681,0.022056439931087635
30.3,-0.8132095275922303,-0.8500258941088892,0.03681636651665887
30.35,-0.7303301637701474,-0.7450766325498216,0.014746468779674227
30.400000000000002,-0.6512425134940871,-0.5901997769163887,-0.06104273657769843
30.450000000000003,-0.5955609536308516,-0.4457146192960813,-0.1498463343347703
30.5,-0.5547673457405783,-0.36698110091132985,-0.18778624482924844
30.55,-0.5114232693690431,-0.3602760577122852,-0.15114721165675793
30.6,-0.45974217441562326,-0.3780871217715541,-0.08165505264406914
30.650000000000002,-0.406347400300474,-0.3620208612753777,-0.04432653902509631
30.700000000000003,-0.3525854730340314,-0.2935069945651747,-0.05907847846885672
30.75,-0.2805304135072522,-0.20315512728757842,-0.0773752862196738
30.8,-0.16195805505447525,-0.1302656473393127,-0.031692407715162546
30.85,0.01444903177801817,-0.07450169304322918,0.08895072482124734
30.900000000000002,0.2230981314301644,0.009240335893689597,0.21385779553647483
30.950000000000003,0.4098318423455645,0.16426246892019264,0.24556937342537188
31.0,0.5238836417094692,0.37744426419190624,0.14643937751756297
31.05,0.5465443212335076,0.5701367780187844,-0.023592456785276772
31.1,0.4931409806088545,0.6462364976793334,-0.15309551707047897
31.150000000000002,0.39059246520781904,0.5569298550411811,-0.16633738983336205
31.200000000000003,0.25517941000201766,0.3292407204737134,-0.07406131047169573
31.25,0.09233737895152576,0.041792444599313305,0.05054493435221245
31.3,-0.08430401853682257,-0.2226904545525016,0.13838643601567904
31.35,-0.23861014864597177,-0.4072984021404844,0.16868825349451264
31.400000000000002,-0.32260958603900963,-0.48125213512150483,0.1586425490824952
31.450000000000003,-0.3073144384369169,-0.4317071851030862,0.12439274666616928
31.5,-0.2073731605224454,-0.2694925221715819,0.062119361649136534
31.55,-0.07672854655627766,-0.04328503300034977,-0.03344351355592789
31.6,0.02230094465442085,0.16446055961832104,-0.1421596149639002
31.650000000000002,0.05142158666398683,0.2730851991346081,-0.22166361247062127
31.700000000000003,0.0062805956142969336,0.24868315034473923,-0.24240255473044228
31.75,-0.09750072031651404,0.11910256889293999,-0.21660328920945404
31.8,-0.2423569562211069,-0.056392061925933434,-0.18596489429517346
31.85,-0.41137562265261296,-0.2345601060638472,-0.17681551658876576
31.900000000000002,-0.5758685747538894,-0.40664934037658523,-0.16921923437730418
31.950000000000003,-0.6866420892605551,-0.5709314576356701,-0.11571063162488504
32.0,-0.6857408454823666,-0.6909124004494086,0.005171554967042025
32.050000000000004,-0.5353902227164631,-0.6890626409381144,0.15367241822165134
32.1,-0.24282456052462847,-0.4930994398873231,0.2502748793626946
32.15,0.1386769541893664,-0.09897037344017492,0.23764732762954133
32.2,0.5328625387496941,0.4058254258372009,0.12703711291249326
32.25,0.8696712597726078,0.8820377930367481,-0.012366533264140278
32.300000000000004,1.1017236722847028,1.2103825142241404,-0.10865884193943764
32.35,1.2047589170291302,1.3398910143391016,-0.13513209730997144
32.4,1.173401851706439,1.284823779023273,-0.11142192731683398
32.45,1.0233030876712637,1.090410494443068,-0.06710740677180427
32.5,0.7973083734496752,0.8085864770129265,-0.011278103563251318
32.550000000000004,0.5625122286587775,0.5011353657432542,0.061376862915523245
32.6,0.3895406097580937,0.24891471501597184,0.14062589474212184
32.65,0.3218936437524485,0.13559589475589476,0.18629774899655374
32.7,0.35558876416987756,0.2037303128916302,0.15185845127824735
32.75,0.44472770853231186,0.4178402935601911,0.02688741497212077
32.800000000000004,0.5298627215237781,0.6728006684722513,-0.14293794694847317
32.85,0.5692527268654853,0.8495321872637761,-0.28027946039829077
32.9,0.5525775542358425,0.8785845927803011,-0.32600703854445856
32.95,0.4920962674234703,0.7657015541897467,-0.27360528676627643
33.0,0.4036826131011176,0.5672943122304243,-0.16361169912930668
33.050000000000004,0.2951921482833971,0.3444888047679196,-0.04929665648452247
33.1,0.16967639875404317,0.13463281228494373,0.03504358646909944
33.15,0.036367642252669884,-0.046041895507316855,0.08240953775998675
33.2,-0.083955408092333,-0.18631306930679972,0.10235766121446672
33.25,-0.16633015951485508,-0.27479537515299635,0.10846521563814127
33.300000000000004,-0.19674569564997335,-0.31018328126055605,0.1134375856105827
33.35,-0.18303655144990788,-0.3104324672208331,0.12739591577092524
33.4,-0.15281666763680626,-0.30553703634981505,0.1527203687130088
33.45,-0.13972604556808244,-0.31833156999530404,0.1786055244272216
33.5,-0.16746838065631928,-0.35229094364872204,0.18482256299240277
33.550000000000004,-0.2415479322739402,-0.39804500322861586,0.15649707095467566
33.6,-0.3519597821370645,-0.4499257075243895,0.09796592538732496
33.65,-0.48220845072325286,-0.513486919577446,0.03127846885419311
33.7,-0.6168737787826933,-0.5959946086340064,-0.0208791701486869
33.75,-0.7431581138336187,-0.6916405125330475,-0.05151760130057126
33.800000000000004,-0.848060599453643,-0.7794264070182112,-0.06863419243543178
33.85,-0.9166416463267634,-0.8373846918351117,-0.07925695449165171
33.9,-0.9351840651608205,-0.8580403521299645,-0.07714371303085599
33.95,-0.8976140345812748,-0.8479117847259955,-0.04970224985527927
34.0,-0.8094049639914432,-0.8112903510683195,0.0018853870768762437
34.050000000000004,-0.6844885805391328,-0.7367742568760097,0.052285676336876974
34.1,-0.5367240381489976,-0.6038092697366335,0.06708523158763591
34.15,-0.37282363606465285,-0.40597248431394306,0.03314884824929021
34.2,-0.1929071895750247,-0.16874372971450885,-0.02416345986051585
34.25,0.001968090248173936,0.058020250135321534,-0.056052159887147596
34.300000000000004,0.2027545583822073,0.23022708690490437,-0.027472528522697076
34.35,0.39315381204373,0.3384430038604006,0.05471080818332941
34.4,0.5577092802361325,0.4115719600496518,0.14613732018648073
34.45,0.6886358084960216,0.4918440037911142,0.19679180470490737
34.5,0.7829366323650823,0.5999575121120714,0.18297912025301089
34.550000000000004,0.8311930794435206,0.7151387856288908,0.11605429381462984
34.6,0.810105905622087,0.7824252767239979,0.027680628898089088
34.65,0.6909356787584856,0.7412871697298555,-0.05035149097136993
34.7,0.4627970570209934,0.5589769869981309,-0.09617992997713753
34.75,0.1538573608490388,0.25210592973408014,-0.09824856888504133
34.800000000000004,-0.1697740293943353,-0.11354946158662711,-0.056224567807708195
34.85,-0.43263348992868605,-0.4462513704718316,0.013617880543145555
34.9,-0.5887651910779661,-0.6657814598619184,0.07701626878395229
34.95,-0.6432540195331928,-0.7375901350933237,0.09433611556013088
35.0,-0.6407829065011078,-0.6847210422307729,0.043938135729665095
35.050000000000004,-0.6309589379777324,-0.570041573471759,-0.060917364505973404
35.1,-0.6376164194151612,-0.4605217268163788,-0.1770946925987824
35.15,-0.6538527177190526,-0.39758265889105154,-0.2562700588280011
35.2,-0.6613092616914255,-0.3910171978510121,-0.2702920638404134
35.25,-0.6520575389755328,-0.43296742118526926,-0.2190901177902635
35.300000000000004,-0.6321081610641938,-0.5118894445428618,-0.12021871652133198
35.35,-0.6054375729947352,-0.6104265469574816,0.004988973962746335
35.4,-0.5573097586931058,-0.6920393847767444,0.1347296260836386
35.45,-0.45677310367840834,-0.6978755543711157,0.24110245069270736
35.5,-0.2797008499534385,-0.5694433055207755,0.28974245556733697
35.550000000000004,-0.033311476762020106,-0.2878805805786295,0.25456910381660935
35.6,0.23984509672919602,0.09975378289943701,0.140091313829759
35.65,0.4830684928886354,0.4920897339766316,-0.009021241087996179
35.7,0.6549635921847103,0.7804637301028562,-0.12550013791814585
35.75,0.7443790284534181,0.9018962685465656,-0.1575172400931475
35.800000000000004,0.7625402444145613,0.8645543391193592,-0.10201409470479794
35.85,0.7246676275320889,0.7329192248133357,-0.008251597281246803
35.9,0.6405874513676282,0.5869128790110864,0.05367457235654183
35.95,0.5216838353506466,0.4822618171591484,0.039422018191498154
36.0,0.39279491164323915,0.4327771633989262,-0.03998225175568704
36.050000000000004,0.29124381691605006,0.4185302457614955,-0.12728642884544544
36.1,0.2477635457450506,0.40964580255490607,-0.16188225680985546
36.15,0.26354313189528455,0.38943193129288173,-0.12588879939759717
36.2,0.3047596143952894,0.36264798066036813,-0.057888366265078706
36.25,0.3228760902971835,0.343825640482621,-0.020949550185437482
36.300000000000004,0.28691311055259494,0.3345925126397344,-0.047679402087139444
36.35,0.20289127838394083,0.3102511324878493,-0.10735985410390847
36.4,0.10593099341078827,0.23283609379964115,-0.1269051003888529
36.45,0.03301983976435124,0.08675479404561176,-0.05373495428126052
36.5,-0.000708380966822126,-0.09172102599226781,0.09101264502544568
36.550000000000004,-0.004716092069146765,-0.22348002247927823,0.21876393041013145
36.6,0.003013870911929923,-0.23782084153245212,0.24083471244438204
36.65,0.013146434060895381,-0.12904553573316888,0.14219196979406426
36.7,0.027519857387226194,0.03196934776802872,-0.004449490380802525
36.75,0.04748987489040059,0.14783787230450712,-0.10034799741410654
36.800000000000004,0.06275666063650179,0.16702593539011085,-0.10426927475360906
36.85,0.05419413748640918,0.11411050771710793,-0.05991637023069875
36.9,0.009539045420468526,0.04957881986226346,-0.040039774441794934
36.95,-0.06274730145660946,-0.0006460183223677566,-0.06210128313424171
37.0,-0.13543357211023083,-0.07147043658574707,-0.06396313552448375
37.050000000000004,-0.18009988800398413,-0.20658812229472132,0.026488234290737184
37.1,-0.18600997466471644,-0.37672979992181377,0.19071982525709733
37.15,-0.16496173966278246,-0.46011437071830436,0.2951526310555219
37.2,-0.13943953700625142,-0.3284750831266833,0.18903554612043186
37.25,-0.12546241207648345,0.02263843312553952,-0.14810084520202296
37.300000000000004,-0.12420872107937803,0.422069162558554,-0.5462778836379321
37.35,-0.12640944017281786,0.6209518154023119,-0.7473612555751298
37.4,-0.1213615830800971,0.48074199844666293,-0.60210358152676
37.45,-0.10010288960836496,0.0983621276973679,-0.19846501730573285
37.5,-0.05123041262917204,-0.24725333457573237,0.19602292194656035
37.550000000000004,0.04199709898391477,-0.2969219967715143,0.3389190957554291
37.6,0.1944010502551127,-0.0018581425475934278,0.19625919280270612
37.65,0.40320656977124836,0.451139090777921,-0.04793252100667267
37.7,0.6367117166371851,0.7954800494963526,-0.15876833285916758
37.75,0.8399328048522554,0.8859952013696052,-0.04606239651734978
37.800000000000004,0.9573443109114999,0.7795282020203914,0.17781610889110844
37.85,0.9586603889920937,0.6423722471389551,0.3162881418531386
37.9,0.8505011463569251,0.5836220786955353,0.2668790676613898
37.95,0.6675888985264566,0.567556063076805,0.10003283544965169
38.0,0.45225212511563523,0.4731369520508299,-0.020884826935194667
38.050000000000004,0.23755060294541505,0.2304785807606958,0.007072022184719251
38.1,0.04281281907405017,-0.09919398973491952,0.1420068088089697
38.15,-0.12177855207854682,-0.3708303414581769,0.24905178937963007
38.2,-0.25114382201539887,-0.47924353542395864,0.22809971340855978
38.25,-0.34701072418948403,-0.44320408513204257,0.09619336094255854
38.300000000000004,-0.4214798184081135,-0.37920527007578936,-0.042274548332324136
38.35,-0.4946681685444171,-0.3983637847452514,-0.09630438379916567
38.400000000000006,-0.5839234571097492,-0.5229860793760771,-0.06093737773367214
38.45,-0.6910870378099109,-0.6891795276431802,-0.0019075101667306305
38.5,-0.7979079174593944,-0.81717850745832,0.019270589998925614
38.550000000000004,-0.8742228410568543,-0.8754692669744584,0.0012464259176040438
38.6,-0.8938052431309689,-0.8845292658452173,-0.00927597728575158
38.650000000000006,-0.8473333394051051,-0.8716601694451385,0.02432683004003333
38.7,-0.7448950413594595,-0.8321398123862033,0.08724477102674377
38.75,-0.6084902654319433,-0.7360471319805606,0.1275568665486173
38.800000000000004,-0.46116940489831143,-0.5685195951363233,0.1073501902380119
38.85,-0.319655043035264,-0.3584065216309429,0.0387514785956789
38.900000000000006,-0.19299864669429762,-0.16543028229412005,-0.02756836440017757
38.95,-0.08540426607573952,-0.038491188514744534,-0.046913077560994984
39.0,0.0002826654758546508,0.016231768936104327,-0.015949103460249674
39.050000000000004,0.060992317695470984,0.03146292523825195,0.029529392457219035
39.1,0.09448540338491249,0.04758803557404772,0.046897367810864767
39.150000000000006,0.10202633390688687,0.08355490033021484,0.018471433576672025
39.2,0.09028260281173113,0.13121987454891926,-0.04093727173718813
39.25,0.06983290454829705,0.17007148760184312,-0.10023858305354608
39.300000000000004,0.04968760181629627,0.18394263213554035,-0.13425503031924407
39.35,0.0310152298895169,0.1662391125118179,-0.13522388262230098
39.400000000000006,0.005732683767232248,0.11541831017795877,-0.10968562641072652
39.45,-0.03668767151068179,0.03119899658801097,-0.06788666809869276
39.5,-0.09759599783241082,-0.08202634878186965,-0.015569649050541173
39.550000000000004,-0.16195652128034896,-0.20778138793319054,0.04582486665284158
39.6,-0.20342527662831536,-0.3145421895895255,0.11111691296121015
39.650000000000006,-0.20041710266812165,-0.36315032465030134,0.16273322198217968
39.7,-0.15195181301148278,-0.323758271275962,0.17180645826447924
39.75,-0.08058020960823319,-0.1948991844299742,0.11431897482174101
39.800000000000004,-0.019115451756392746,-0.013488062343924538,-0.005627389412468207
39.85,0.009249053166969091,0.15412189443466112,-0.14487284126769204
39.900000000000006,0.0027765343476435092,0.24117426231487474,-0.23839772796723122
39.95,-0.02247050733530562,0.21670872017565915,-0.23917922751096476
40.0,-0.04640343809790391,0.10612361990932327,-0.15252705800722718
40.050000000000004,-0.056582604413444024,-0.021186222715682393,-0.03539638169776163
40.1,-0.05018226700941154,-0.09283116160886037,0.04264889459944884
40.150000000000006,-0.02896629028799321,-0.07628398371081546,0.04731769342282225
40.2,0.004633473576126883,0.00659169583042559,-0.001958222254298707
40.25,0.04650149492843644,0.10227429814395805,-0.05577280321552161
40.300000000000004,0.08906437653368462,0.16557971855200734,-0.07651534201832272
40.35,0.1249649707107005,0.18568302010252194,-0.060718049391821446
40.400000000000006,0.15562552770663404,0.18282113591775195,-0.02719560821111791
40.45,0.19607584467251388,0.18699136636378566,0.009084478308728217
40.5,0.2679291007352208,0.2213764003709538,0.04655270036426701
40.550000000000004,0.38268821409602916,0.3002950326603901,0.08239318143563906
40.6,0.5280098341927298,0.4311554602379613,0.09685437395476854
40.650000000000006,0.66912356418894,0.6064298635617589,0.06269370062718116
40.7,0.7655677955305361,0.7893993997867467,-0.02383160425621056
40.75,0.7907650888086136,0.9148492831019172,-0.12408419429330353
40.800000000000004,0.7406771130452149,0.9190532549992769,-0.17837614195406204
40.85,0.6286199212206469,0.7841360965966396,-0.15551617537599272
40.900000000000006,0.4750698379993394,0.5595854264561729,-0.08451558845683355
40.95,0.3024009147756602,0.33561643051266804,-0.03321551573700782
41.0,0.1351185730313571,0.18361123015815695,-0.04849265712679984
41.050000000000004,-0.002227343392733333,0.11086675960973094,-0.11309410300246428
41.1,-0.09447523730885454,0.06742440936861759,-0.16189964667747214
41.150000000000006,-0.14636069360120652,-0.002439647972853986,-0.14392104562835253
41.2,-0.1813082500382861,-0.11084557900520237,-0.07046267103308373
41.25,-0.22350493686291933,-0.22172998727480947,-0.0017749495881098643
41.300000000000004,-0.27474547893387785,-0.2900338547439333,0.015288375810055432
41.35,-0.3062084533654029,-0.30283735466194805,-0.0033710987034548667
41.400000000000006,-0.27540125889181116,-0.28206952508906635,0.00666826619725519
41.45,-0.15716970827714755,-0.2494481557970132,0.09227844751986566
41.5,0.03555046260657376,-0.19323047830494572,0.2287809409115195
41.550000000000004,0.25753281733421873,-0.0744079529708817,0.33194077030510044
41.6,0.45737361255278813,0.13022804594543252,0.3271455666073556
41.650000000000006,0.6014141852159549,0.3886687977974058,0.2127453874185491
41.7,0.6777600992888129,0.6168010890035364,0.060959010285276505
41.75,0.6830061478884832,0.7242542689994157,-0.041248121110932456
41.800000000000004,0.6099224877607718,0.6656982951330382,-0.055775807372266395
41.85,0.45056384159831914,0.4587861197495281,-0.008222278151208962
41.900000000000006,0.2110892261092577,0.16226279107653702,0.04882643503272069
41.95,-0.078792076478463,-0.15984218447014745,0.08105010799168445
42.0,-0.3738362844181122,-0.45903904329364476,0.08520275887553258
42.050000000000004,-0.633104810362732,-0.702594817383424,0.06949000702069197
42.1,-0.8341136057590521,-0.8686336592451651,0.03452005348611298
42.150000000000006,-0.9699099314400236,-0.9492665745660588,-0.02064335687396479
42.2,-1.0351878476259937,-0.9565189707008567,-0.07866887692513702
42.25,-1.0181661590205604,-0.9163423213346746,-0.10182383768588577
42.300000000000004,-0.9079091052507939,-0.8481645608543881,-0.05974454439640586
42.35,-0.7097847897126428,-0.7472498206058308,0.03746503089318798
42.400000000000006,-0.4526949287821736,-0.5900896501299615,0.1373947213477879
42.45,-0.17982067436721152,-0.3625444298253606,0.1827237554581491
42.5,0.06895457127522799,-0.08654844410813826,0.15550301538336625
42.550000000000004,0.26743815070336036,0.18041109975988975,0.0870270509434706
42.6,0.39997463696333146,0.3747788704108072,0.025195766552524257
42.650000000000006,0.4536919835928166,0.46086711141731845,-0.007175127824501859
42.7,0.41960866608889746,0.4423041598664735,-0.022695493777576015
42.75,0.30450153599593077,0.34692369292576786,-0.042422156929837085
42.800000000000004,0.14023359214186412,0.20497968132472763,-0.06474608918286351
42.85,-0.02433507188113834,0.04161801101614463,-0.06595308289728297
42.900000000000006,-0.148150380922294,-0.11609796082732668,-0.03205242009496731
42.95,-0.22090895505222974,-0.23549144243074357,0.014582487378513836
43.0,-0.26405180726771055,-0.29114749135576357,0.027095684088053018
43.050000000000004,-0.3077237885125141,-0.2855758205514499,-0.022147967961064163
43.1,-0.3628311009708178,-0.2545817324872406,-0.10824936848357719
43.150000000000006,-0.41160365402570104,-0.24508045003903545,-0.1665232039866656
43.2,-0.4232563729995016,-0.27954412797664335,-0.14371224502285823
43.25,-0.37938259801625096,-0.3365789468822431,-0.04280365113400786
43.300000000000004,-0.28694722137777534,-0.3650653105552123,0.07811808917743696
43.35,-0.17028047406550048,-0.32090081045349617,0.15062033638799568
43.400000000000006,-0.0530143648443886,-0.1974058094739603,0.1443914446295717
43.45,0.05234936468534257,-0.028339296157815986,0.08068866084315855
43.5,0.14045888264501188,0.1337253706213901,0.006733512023621796
43.550000000000004,0.20376877111548333,0.2443353083383529,-0.04056653722286957
43.6,0.23124573377239221,0.2830650890880408,-0.051819355315648574
43.650000000000006,0.21800966503456776,0.2560911728945128,-0.03808150785994502
43.7,0.17544507903238243,0.1914613147973279,-0.016016235764945458
43.75,0.12942470575148599,0.130057755688613,-0.0006330499371270115
43.800000000000004,0.1056385920949228,0.11038988943005455,-0.004751297335131757
43.85,0.1137390919158956,0.1491425466747882,-0.035403454758892616
43.900000000000006,0.14331854711020747,0.22881352265240917,-0.0854949755422017
43.95,0.17387634356580445,0.3052312275050903,-0.13135488393928585
44.0,0.18912630667332306,0.3343608130572929,-0.14523450638396987
44.050000000000004,0.18435444886426947,0.30019934652436076,-0.11584489766009129
44.1,0.16407139361695336,0.22224691722998716,-0.0581755236130338
44.150000000000006,0.13603241901395702,0.13785537437657244,-0.001822955362615425
44.2,0.10820320156266879,0.07647447174548355,0.03172872981718523
44.25,0.08879084340732044,0.04785375100100074,0.040937092406319694
44.300000000000004,0.08472022150196706,0.049674756177213494,0.03504546532475357
44.35,0.09660405741334567,0.07968084579634177,0.0169232116170039
44.400000000000006,0.11472559203598369,0.13511001141249018,-0.020384419376506493
44.45,0.12237379356240084,0.20031849085120232,-0.07794469728880148
44.5,0.10667633545826363,0.24126484408686907,-0.13458850862860544
44.550000000000004,0.0688322455811176,0.22167571668827502,-0.1528434711071574
44.6,0.024444687898054145,0.13225607293468872,-0.10781138503663457
44.650000000000006,-0.00724377239677022,0.005985160601711566,-0.013228932998481786
44.7,-0.01645248280529635,-0.0990814284427697,0.08262894563747335
44.75,-0.007458925562364616,-0.13869913649421484,0.13124021093185023
44.800000000000004,0.008283644524531626,-0.11061063464881257,0.11889427917334419
44.85,0.023332437531638432,-0.04839010532977662,0.07172254286141505
44.900000000000006,0.03971024634730037,0.011183133414687262,0.028527112932613105
44.95,0.06500949197294244,0.05607813381303516,0.008931358159907275
45.0,0.10419657773191734,0.09866820187397148,0.005528375857945869
45.050000000000004,0.15471575205880164,0.15288110518321846,0.0018346468755831846
45.1,0.2075693253913847,0.21520340476872066,-0.007634079377335956
45.150000000000006,0.2508955237727529,0.2674836043409509,-0.016588080568197994
45.2,0.2717472854403045,0.29339951644764894,-0.021652231007344425
45.25,0.25626676498226253,0.28647614332171584,-0.030209378339453308
45.300000000000004,0.1922453866496329,0.2409833699322648,-0.0487379832826319
45.35,0.07618750254891091,0.14165184681679746,-0.06546434426788655
45.400000000000006,-0.07891057994549862,-0.026169112520424948,-0.05274146742507367
45.45,-0.24231801735831776,-0.24737843736624301,0.005060420007925254
45.5,-0.3747532045297561,-0.4587362024981467,0.0839829979683906
45.550000000000004,-0.4440710455555439,-0.5708729283659366,0.12680188281039273
45.6,-0.4380938411767694,-0.5254703069925686,0.08737646581579916
45.650000000000006,-0.36687175212604084,-0.34399147772988076,-0.022880274396160083
45.7,-0.2538660659218157,-0.1223611438101143,-0.1315049221117014
45.75,-0.12251707456750592,0.03200073585808665,-0.15451781042559257
45.800000000000004,0.013374136499822754,0.0740699509511633,-0.06069581445134054
45.85,0.15044871338052107,0.04727827398126545,0.10317043939925562
45.900000000000006,0.28857787181570815,0.04196063157525523,0.24661724024045292
45.95,0.421148160513617,0.12211092330429374,0.29903723720932324
46.0,0.529848619902012,0.27948171263833843,0.2503669072636736
46.050000000000004,0.5884990912803026,0.4462333908293187,0.14226570045098397
46.1,0.5747857459793885,0.546784302277533,0.028001443701855422
46.150000000000006,0.4827967920402745,0.5423007349589534,-0.05950394291867889
46.2,0.32743192542160654,0.43769954397357913,-0.11026761855197259
46.25,0.13679494768728048,0.25955468582645613,-0.12275973813917565
46.300000000000004,-0.062134970736949166,0.03522687504379341,-0.09736184578074258
46.35,-0.2534217884521272,-0.20837796336785747,-0.04504382508426974
46.400000000000006,-0.43013354304627627,-0.43571817786534706,0.005584634819070788
46.45,-0.5837577605554714,-0.60468341980049,0.020925659245018657
46.5,-0.6969801512380317,-0.6864133322534919,-0.010566818984539816
46.550000000000004,-0.7489291409204862,-0.6856910442089087,-0.06323809671157754
46.6,-0.7294751266320645,-0.6390290498414896,-0.09044607679057493
46.650000000000006,-0.6488799830314713,-0.5870211817615907,-0.06185880126988064
46.7,-0.5321007434398936,-0.5427519430273087,0.010651199587415117
46.75,-0.40172144577694857,-0.4836929298527938,0.0819714840758452
46.800000000000004,-0.26560636197235504,-0.37474008959337574,0.10913372762102069
46.85,-0.12177242264812958,-0.20336166711598563,0.08158924446785605
46.900000000000006,0.024292321088353205,0.001813772105415862,0.022478548982937344
46.95,0.1487606507459813,0.18320551413858327,-0.03444486339260197
47.0,0.21951928724399988,0.2872851226453063,-0.06776583540130643
47.050000000000004,0.22111804118824502,0.294619501335059,-0.07350146014681397
47.1,0.17167058386965536,0.22825942410968164,-0.05658884024002628
47.150000000000006,0.11341398024812933,0.1380486315900646,-0.02463465134193528
47.2,0.08235015359635016,0.07256562520054755,0.009784528395802614
47.25,0.08296253881983368,0.05497783855662551,0.027984700263208165
47.300000000000004,0.09068239388926086,0.0749579701462946,0.01572442374296626
47.35,0.07944603412825896,0.10005174323140731,-0.02060570910314835
47.400000000000006,0.04822576996626081,0.09979432902239727,-0.051568559056136457
47.45,0.021775354218204885,0.06800685114344177,-0.046231496925236884
47.5,0.026005271766762195,0.028210339630956784,-0.002205067864194589
47.550000000000004,0.06281232521974488,0.017103328664940253,0.04570899655480462
47.6,0.10881828008682491,0.05690875304631419,0.051909527040510724
47.650000000000006,0.13796927024896888,0.13711562797616408,0.0008536422728047943
47.7,0.1441618455029245,0.2200539685702055,-0.07589212306728102
47.75,0.14103428269054008,0.26604496607400735,-0.12501068338346727
47.800000000000004,0.14055678080292083,0.2580550717567005,-0.11749829095377967
47.85,0.1346702148073726,0.20713061049796022,-0.07246039569058763
47.900000000000006,0.10131970439010027,0.13738328198765767,-0.036063577597557406
47.95,0.030380417307386918,0.06669980056871314,-0.03631938326132622
48.0,-0.05725858972156108,0.0005702002847361509,-0.05782879000629723
48.050000000000004,-0.11929927158375543,-0.05871618021447093,-0.060583091369284504
48.1,-0.12413392133169142,-0.10101534519339464,-0.02311857613829678
48.150000000000006,-0.07605071959430248,-0.10961627324351504,0.03356555364921256
48.2,-0.009630823125932405,-0.07485874449367057,0.06522792136773817
48.25,0.04123135043673927,-0.00624096172695813,0.0474723121636974
48.300000000000004,0.07002809698138782,0.06999471882835656,3.337815303125491e-05
48.35,0.09540595574974498,0.1266774054422251,-0.031271449692480136
48.400000000000006,0.13445198904685746,0.1512559338440892,-0.01680394479723174
48.45,0.1799338465134705,0.1488455103255135,0.031088336187957005
48.5,0.20494948158418258,0.13324020841074116,0.07170927317344142
48.550000000000004,0.18995962098548466,0.11642471520005604,0.07353490578542862
48.6,0.14417785272912828,0.10494934232823129,0.03922851040089699
48.650000000000006,0.09888544476777604,0.10164737139492341,-0.0027619266271473736
48.7,0.07850908187007213,0.10593897147092168,-0.02742988960084955
48.75,0.07768265889838731,0.11092272681073334,-0.03324006791234603
48.800000000000004,0.06676916524784743,0.1031635678473949,-0.036394402599547473
48.85,0.02058973404190781,0.07047279131213673,-0.04988305727022892
48.900000000000006,-0.05689917860801749,0.013275974126928696,-0.07017515273494619
48.95,-0.1343491337407927,-0.05212729302001888,-0.0822218407207738
49.0,-0.1777607463355613,-0.10439716946572282,-0.07336357686983848
49.050000000000004,-0.17413566651377146,-0.13328292145151033,-0.04085274506226114
49.1,-0.13383484078297575,-0.14449426988717862,0.010659429104202867
49.150000000000006,-0.0739864455493379,-0.1468394973718635,0.07285305182252559
49.2,-0.00282406997857406,-0.13474826963422823,0.13192419965565416
49.25,0.07937287014969857,-0.08743510552918451,0.16680797567888309
49.300000000000004,0.16665132422618437,0.008921766868841143,0.15772955735734323
49.35,0.23862720580071717,0.13504047402633884,0.10358673177437833
49.400000000000006,0.2682675454210837,0.2371276869166424,0.031139858504441315
49.45,0.23988447839827906,0.25936850699700803,-0.01948402859872897
49.5,0.16028059389692922,0.18660231750525738,-0.026321723608328157
49.550000000000004,0.05313708097006539,0.05927266785125819,-0.006135586881192798
49.6,-0.0566958979370432,-0.05598895898063858,-0.0007069389564046194
49.650000000000006,-0.15389505171851642,-0.11723357552658041,-0.03666147619193601
49.7,-0.23075509882617057,-0.13562412498794757,-0.095130973838223
49.75,-0.27930152419535803,-0.15644084583877246,-0.12286067835658557
49.800000000000004,-0.2894479987253649,-0.21044864650062528,-0.07899935222473964
49.85,-0.25676887487208355,-0.28056019523560705,0.023791320363523494
49.900000000000006,-0.19126300455543535,-0.31461022355049006,0.12334721899505471
49.95,-0.11615130912448095,-0.2725909509069876,0.15643964178250663
50.0,-0.055653440319252685,-0.16532976947322076,0.10967632915396808
50.050000000000004,-0.021960855977317433,-0.049961619242168825,0.028000763264851392
50.1,-0.012332191883765942,0.013125451141396374,-0.025457643025162315
50.150000000000006,-0.01709188837567503,0.003826566936695022,-0.02091845531237005
50.2,-0.029353846160901528,-0.049456414478044754,0.020102568317143226
50.25,-0.047570744828991866,-0.09940912611641288,0.05183838128742101
50.300000000000004,-0.0710654239042947,-0.11772326742754699,0.04665784352325229
50.35,-0.09598534025643053,-0.1093488642454364,0.013363523989005865
50.400000000000006,-0.11702603441147746,-0.09666070190405124,-0.020365332507426226
50.45,-0.13218491297641555,-0.09405075986810102,-0.03813415310831453
50.5,-0.14362603214237793,-0.09731751953617954,-0.04630851260619839
50.550000000000004,-0.1523665692974126,-0.0933126867637321,-0.059053882533680505
50.6,-0.15242608976409772,-0.07516650667686087,-0.07725958308723685
50.650000000000006,-0.13189357371299257,-0.046463029377249825,-0.08543054433574274
50.7,-0.08157706265407924,-0.012786184490024092,-0.06879087816405514
50.75,-0.0038138222436523935,0.02681044740777741,-0.030624269651429805
50.800000000000004,0.08650478474112319,0.0772879505754624,0.009216834165660798
50.85,0.1691232009550092,0.1367844048248885,0.03233879613012072
50.900000000000006,0.22700501398603565,0.19048969403296398,0.03651531995307167
50.95,0.2500909968228438,0.21791535783024835,0.03217563899259546
51.0,0.23482340143974134,0.20817744351167786,0.026645957928063485
51.050000000000004,0.18438651311352502,0.1690855101513763,0.01530100296214873
51.1,0.11125048313691618,0.12129453690363619,-0.010044053766720004
51.150000000000006,0.037126083715105854,0.08278438157091662,-0.04565829785581077
51.2,-0.014966235095145781,0.057524465416691255,-0.07249070051183704
51.25,-0.03370565295399617,0.03747500630993829,-0.07118065926393446
51.300000000000004,-0.026601584976048667,0.01446007905690585,-0.04106166403295452
51.35,-0.012663164904786701,-0.009754120686748049,-0.0029090442180386526
51.400000000000006,-0.004973959080534669,-0.02373878795953174,0.01876482887899707
51.45,0.0013669035445204366,-0.015508129747463142,0.01687503329198358
51.5,0.023817563851488487,0.018199071378517572,0.005618492472970915
51.550000000000004,0.07369918083170872,0.06966097948728468,0.004038201344424036
51.6,0.14210406264762693,0.12517639608703993,0.016927666560587
51.650000000000006,0.20474786996870706,0.17225575466099258,0.03249211530771448
51.7,0.24173907302127542,0.20409243568819732,0.0376466373330781
51.75,0.2530617240073647,0.21999476421664613,0.03306695979071858
51.800000000000004,0.2543782019915445,0.2231946051233462,0.03118359686819827
51.85,0.25743544620301234,0.2176650293988423,0.03977041680417004
51.900000000000006,0.25520127793299946,0.2049243650349605,0.050276912898038956
51.95,0.2274175086919117,0.18206311070844786,0.04535439798346386
52.0,0.1615440735890198,0.1427575772638706,0.0187864963251492
52.050000000000004,0.068006147847883,0.0818732095084956,-0.013867061660612592
52.1,-0.026155915232132267,0.0012523963064777857,-0.027408311538610054
52.150000000000006,-0.09964855965707616,-0.08792477529967507,-0.011723784357401082
52.2,-0.15364829214295522,-0.16935157419417537,0.015703282051220152
52.25,-0.20689754829088508,-0.23067250244468002,0.023774954153794936
52.300000000000004,-0.27472087708654047,-0.2712826910752043,-0.003438186011336164
52.35,-0.35297148970400355,-0.3026752883261464,-0.050296201377857175
52.400000000000006,-0.4218935822899653,-0.34006501918017706,-0.08182856310978825
52.45,-0.4642044325507154,-0.39032416014500054,-0.07388027240571488
52.5,-0.4779749293062675,-0.4443258285622476,-0.03364910074401989
52.550000000000004,-0.47186133192393515,-0.4793763648146572,0.007515032890722029
52.6,-0.44972822182924005,-0.4710919874360966,0.021363765606856544
52.650000000000006,-0.4027050999251611,-0.4078269283436618,0.0051218284185006735
52.7,-0.31783840070603764,-0.2985073172962639,-0.01933108340977374
52.75,-0.19383244157708548,-0.16819651985594375,-0.025635921721141736
52.800000000000004,-0.046385578201459304,-0.0433796561371626,-0.003005922064296701
52.85,0.10296369241453046,0.06368170855303501,0.03928198386149545
52.900000000000006,0.2422277130859215,0.1603770945060133,0.08185061857990819
52.95,0.37130761793061534,0.2639788159880938,0.10732880194252153
53.0,0.48828425029416495,0.3825942374507963,0.10569001284336865
53.050000000000004,0.5752087448761454,0.5006346910264766,0.07457405384966875
53.1,0.6013467138039221,0.5807397965554785,0.020606917248443657
53.150000000000006,0.5444159346591595,0.582775132916197,-0.038359198257037486
53.2,0.41075828467574277,0.48786310623447093,-0.07710482155872816
53.25,0.2344568441726519,0.31131863896833745,-0.07686179479568556
53.300000000000004,0.05512606843125838,0.0962084390553983,-0.04108237062413992
53.35,-0.10515371659022021,-0.1072255329425505,0.00207181635233028
53.400000000000006,-0.24478029676746604,-0.26242061179301024,0.017640315025544195
53.45,-0.36501996638187806,-0.35592454630735054,-0.009095420074527516
53.5,-0.4522094731132191,-0.3933263447574988,-0.05888312835572029
53.550000000000004,-0.47998890668930827,-0.38816975765006106,-0.0918191490392472
53.6,-0.43086199330584046,-0.3520877839996298,-0.07877420930621065
53.650000000000006,-0.31602813965654014,-0.2905602882825442,-0.02546785137399593
53.7,-0.1732904072166267,-0.2043522606690744,0.03106185345244769
53.75,-0.04386936058253067,-0.09479299918440356,0.05092363860187289
53.800000000000004,0.05117514121879631,0.02963680774572882,0.021538333473067488
53.85,0.1150809596302256,0.14935411464899487,-0.034273155018769264
53.900000000000006,0.16001448761148765,0.237066975717363,-0.07705248810587534
53.95,0.19018980322199258,0.26991181049827856,-0.07972200727628598
54.0,0.20008720781271347,0.24431265673503366,-0.04422544892232019
54.050000000000004,0.18654222338050996,0.1820494609191538,0.004492762461356159
54.1,0.1587632482659456,0.11968249293331049,0.03908075533263511
54.150000000000006,0.13389429886396617,0.0861420193490506,0.04775227951491558
54.2,0.12271514714945625,0.08487584793131052,0.03783929921814573
54.25,0.12152733449085792,0.0956348947471177,0.025892439743740225
54.300000000000004,0.11971788922664611,0.09542255448810884,0.024295334738537275
54.35,0.11507622148641825,0.08100227895381412,0.03407394253260412
54.400000000000006,0.11960898280955656,0.07278264320989236,0.0468263395996642
54.45,0.14782303211814127,0.09578794187952515,0.05203509023861612
54.5,0.19803782795014557,0.15422482246426703,0.04381300548587855
54.550000000000004,0.24592432581624196,0.2226121852068493,0.023312140609392656
54.6,0.25878185624217925,0.2619583858826749,-0.00317652964049564
54.650000000000006,0.21934034886931428,0.24713633181320682,-0.027795982943892544
54.7,0.13852682282111262,0.18218673335775284,-0.04365991053664023
54.75,0.04662822266291695,0.09229489253898683,-0.04566666987606988
54.800000000000004,-0.028439246809477965,0.0026428367169112612,-0.031082083526389227
54.85,-0.07693077443524654,-0.07545178622006848,-0.0014789882151780565
54.900000000000006,-0.1058875672418057,-0.14074864380044738,0.03486107655864168
54.95,-0.12573248888168415,-0.1893410952599919,0.06360860637830776
55.0,-0.13918044772603355,-0.20997296084843828,0.07079251312240473
55.050000000000004,-0.1414845710906884,-0.19400149753110696,0.052516926440418554
55.1,-0.1286921739763533,-0.14906154589140977,0.020369371915056472
55.150000000000006,-0.10407285960139877,-0.0998536194502047,-0.00421924015119407
55.2,-0.07714269487309107,-0.07216025688237564,-0.004982437990715433
55.25,-0.05818678034926861,-0.0741508523255469,0.01596407197627829
55.300000000000004,-0.05442219688646589,-0.09320309955014053,0.038780902663674635
55.35,-0.06987965681755094,-0.11172454249921804,0.041844885681667096
55.400000000000006,-0.1059791013795543,-0.12637516524820122,0.020396063868646924
55.45,-0.15995571280550896,-0.15126566262735952,-0.008690050178149444
55.5,-0.22280611775817222,-0.20153673956396884,-0.02126937819420338
55.550000000000004,-0.2808382898528082,-0.2735397142377961,-0.007298575615012071
55.6,-0.3215318314857464,-0.34162617568254466,0.020094344196798286
55.650000000000006,-0.33900008321454894,-0.3753646976163398,0.03636461440179084
55.7,-0.3337237026774644,-0.36108706409131597,0.027363361413851595
55.75,-0.30699817700939247,-0.30798828563397185,0.0009901086245793778
55.800000000000004,-0.25661634525027033,-0.23493206331766558,-0.021684281932604743
55.85,-0.17948983101668847,-0.1531010970382565,-0.026388733978431972
55.900000000000006,-0.07928202912722969,-0.06230174773991479,-0.016980281387314902
55.95,0.02935966364290987,0.0371974608034225,-0.007837797160512628
56.0,0.12623816554081616,0.13286778030963786,-0.006629614768821707
56.050000000000004,0.19758869877392532,0.20404765135183048,-0.006458952577905158
56.1,0.24425588563280345,0.24031494799885772,0.003940937633945735
56.150000000000006,0.27838902340850147,0.25526959112610925,0.023119432282392216
56.2,0.3114028840102973,0.27877497854248756,0.03262790546780975
56.25,0.3439763251040022,0.33113419925892285,0.012842125845079377
56.300000000000004,0.3666281359445915,0.4018163801513328,-0.035188244206741326
56.35,0.36928469512019135,0.45359289562130783,-0.08430820050111648
56.400000000000006,0.3502476806465932,0.4507160752649454,-0.10046839461835222
56.45,0.316526200410481,0.38764371985324286,-0.07111751944276185
56.5,0.2763212108725351,0.2936875084319358,-0.017366297559400723
56.550000000000004,0.23148409234451325,0.20994438635887963,0.021539705985633623
56.6,0.17666516588144593,0.15848227559618236,0.01818289028526357
56.650000000000006,0.10487247938675191,0.12884919904992642,-0.02397671966317451
56.7,0.013810507433627755,0.09044331683939656,-0.0766328094057688
56.75,-0.09172504661865952,0.01763898879880552,-0.10936403541746503
56.800000000000004,-0.20137875572987463,-0.09294771980598317,-0.10843103592389146
56.85,-0.3018005370095229,-0.22299807548864742,-0.0788024615208755
56.900000000000006,-0.3786813807638974,-0.34475661383668293,-0.03392476692721447
56.95,-0.41925893244756973,-0.432776723730533,0.013517791282963265
57.0,-0.41617101912342475,-0.4693208649517499,0.05314984582832516
57.050000000000004,-0.37088486486084804,-0.4464656946327174,0.07558082977186936
57.1,-0.2936099246986351,-0.369002806890392,0.07539288219175688
57.150000000000006,-0.199086702706852,-0.25617283719576667,0.05708613448891467
57.2,-0.10155081790010365,-0.13668429866370158,0.03513348076359793
57.25,-0.012827796760001512,-0.03654195670694526,0.023714159946943748
57.300000000000004,0.05631749078734077,0.03212581852921242,0.02419167225812835
57.35,0.09558605027995837,0.07159203368451668,0.02399401659544169
57.400000000000006,0.0986677819634903,0.08817368433884719,0.010494097624643109
57.45,0.06895622366326098,0.08208798685343112,-0.013131763190170134
57.5,0.021414144293076556,0.049140399807265214,-0.02772625551418866
57.550000000000004,-0.023167707611434805,-0.006638091699585689,-0.016529615911849115
57.6,-0.04819528529312836,-0.06357627201576681,0.015380986722638448
57.650000000000006,-0.047695866487431515,-0.08962810020022328,0.04193223371279177
57.7,-0.024463824854725296,-0.06380204871024854,0.03933822385552324
57.75,0.01670144908784017,0.006709878088552702,0.009991570999287467
57.800000000000004,0.07281567536168637,0.09092161599734536,-0.018105940635658985
57.85,0.13973731755608987,0.15789357214057348,-0.01815625458448361
57.900000000000006,0.2068087669897633,0.1987187447551769,0.008090022234586408
57.95,0.25693386824464753,0.22600809152276777,0.030925776721879766
58.0,0.2744120541608962,0.2518197784552033,0.022592275705692888
58.050000000000004,0.254144284403686,0.2670027154031963,-0.012858430999510284
58.1,0.20351554315694462,0.24477999875674986,-0.04126445559980524
58.150000000000006,0.13529770806884295,0.16752854108945442,-0.03223083302061147
58.2,0.059001252720141194,0.05087268438785884,0.008128568332282357
58.25,-0.02068080726014267,-0.06102227319376734,0.04034146593362467
58.300000000000004,-0.097949672057517,-0.12831122486915314,0.030361552811636133
58.35,-0.16093844299732762,-0.14714815603032058,-0.013790286967007043
58.400000000000006,-0.1955635578313983,-0.14930933569476249,-0.046254222136635825
58.45,-0.19609418550297048,-0.16836056950171108,-0.027733616001259398
58.5,-0.1716699620059579,-0.20421564970114103,0.03254568769518312
58.550000000000004,-0.14060417164989902,-0.22174812038533118,0.08114394873543215
58.6,-0.11638234339759927,-0.18729891970274873,0.07091657630514946
58.650000000000006,-0.0983683220971961,-0.10855361070223069,0.010185288605034579
58.7,-0.07625529867801101,-0.03632182372862491,-0.0399334749493861
58.75,-0.04362832136089408,-0.020957860401444567,-0.022670460959449516
58.800000000000004,-0.006610226348558745,-0.06119099597952546,0.05458076963096671
58.85,0.021469765148724975,-0.09548843868592669,0.11695820383465166
58.900000000000006,0.033864347335172136,-0.050685100356993994,0.08454944769216613
58.95,0.03802277984967454,0.0905200767897084,-0.05249729694003386
59.0,0.04850916629137163,0.26330934630383346,-0.21480018001246182
59.050000000000004,0.07196746265459597,0.36349365208264384,-0.29152618942804787
59.1,0.09946061277571959,0.3272829025143226,-0.22782228973860302
59.150000000000006,0.11429881772221247,0.1821441200772428,-0.06784530235503032
59.2,0.10775844518020741,0.02598327259372546,0.08177517258648195
59.25,0.08710130002665835,-0.047567130990018275,0.13466843101667664
59.300000000000004,0.06825074057870703,-0.015435663612596127,0.08368640419130316
59.35,0.06100454262622961,0.06925160678277169,-0.008247064156542076
59.400000000000006,0.0616765327253375,0.130454349949812,-0.06877781722447451
59.45,0.059652299326934055,0.1310715380273624,-0.07141923870042835
59.5,0.0498425388322465,0.09174013816856262,-0.04189759933631612
59.550000000000004,0.03778335659065259,0.058342147453701455,-0.020558790863048862
59.6,0.033146369138547266,0.05560739325146057,-0.022461024112913307
59.650000000000006,0.040245712650890775,0.07096454242663904,-0.03071882977574826
59.7,0.05656087561353081,0.07846776384313528,-0.021906888229604467
59.75,0.07997403148185019,0.07308321594610194,0.006890815535748246
59.800000000000004,0.11437280430947416,0.07856941054827667,0.0358033937611975
59.85,0.16451997140794308,0.12155394479418012,0.04296602661376296
59.900000000000006,0.22393059855593025,0.1990392703079947,0.02489132824793555
59.95,0.26970005085499493,0.2724635982437902,-0.002763547388795251
60.0,0.27344880510867386,0.29465961505566085,-0.021210809946986986
60.050000000000004,0.2213914192076427,0.24454065474462194,-0.023149235536979257
60.1,0.12566384844190542,0.1387630893300694,-0.013099240888163971
60.150000000000006,0.01575191385411121,0.013379131755642527,0.002372782098468685
60.2,-0.08255265965324653,-0.10365707607501637,0.021104416421769842
60.25,-0.16138014566444953,-0.20348522753527679,0.04210508187082726
60.300000000000004,-0.22612944947414534,-0.28565385239446234,0.05952440292031699
60.35,-0.27909690194011183,-0.3432375807678736,0.06414067882776175
60.400000000000006,-0.3101597113512648,-0.3628851757417021,0.05272546439043729
60.45,-0.30531926393906106,-0.33977599811077913,0.03445673417171807
60.5,-0.2645969301439528,-0.2894545764920943,0.02485764634814147
60.550000000000004,-0.2101336502895656,-0.24121277244595346,0.03107912215638786
60.6,-0.17445621797183478,-0.2177072109675554,0.04325099299572063
60.650000000000006,-0.17842488131398018,-0.22076634629061692,0.04234146497663674
60.7,-0.21840287299288275,-0.23709302022375445,0.0186901472308717
60.75,-0.27277506887888053,-0.256366001281488,-0.016409067597392524
60.800000000000004,-0.31924882129049276,-0.280981522439474,-0.03826729885101876
60.85,-0.3456569841355814,-0.31605867344297084,-0.02959831069261054
60.900000000000006,-0.3464233987712695,-0.35083714914115516,0.004413750369885672
60.95,-0.313389869611309,-0.3540763683065605,0.04068649869525148
61.0,-0.2352942741011002,-0.29322263240781277,0.05792835830671256
61.050000000000004,-0.10913868115184071,-0.1621528519976488,0.0530141708458081
61.1,0.048486960265274937,0.008958441284076135,0.0395285189811988
61.150000000000006,0.20431478649092943,0.17287990832823422,0.03143487816269522
61.2,0.325976530249776,0.29732082192304143,0.028655708326734586
61.25,0.3992668141665418,0.3808084120468252,0.01845840211971661
61.300000000000004,0.4296077828024822,0.43912861235118333,-0.009520829548701149
61.35,0.4277070123582481,0.47771022082843156,-0.05000320847018347
61.400000000000006,0.3950349355248447,0.4788371907244328,-0.08380225519958812
61.45,0.3243271967600309,0.41745535516144694,-0.09312815840141603
61.5,0.21423215444249424,0.29053512023544636,-0.07630296579295212
61.550000000000004,0.08209972318870119,0.13087569131697402,-0.048775968128272826
61.6,-0.039682498482078554,-0.00942362195819963,-0.030258876523878923
61.650000000000006,-0.12200172458101784,-0.09213574640725972,-0.02986597817375812
61.7,-0.15563060795747669,-0.11409392543831942,-0.041536682519157264
61.75,-0.15169207453027125,-0.09999676565992852,-0.05169530887034274
61.800000000000004,-0.12743421476790218,-0.07678883884633773,-0.05064537592156444
61.85,-0.0922175405876934,-0.05432102468254713,-0.03789651590514626
61.900000000000006,-0.04643141407251247,-0.027375670935465873,-0.0190557431370466
61.95,0.008457676711853842,0.00815776124149016,0.0002999154703636816
62.0,0.06180429184528112,0.04434251457134506,0.01746177727393606
62.050000000000004,0.09748664572484679,0.06632463724561126,0.03116200847923553
62.1,0.10585840806546777,0.06612169492318302,0.039736713142284746
62.150000000000006,0.09134192740045197,0.0493408060350878,0.042001121365364165
62.2,0.06758436909208998,0.028215257111622632,0.039369111980467345
62.25,0.044900994322916644,0.00959318199189514,0.0353078123310215
62.300000000000004,0.022277851188269495,-0.008936625849139528,0.031214477037409025
62.35,-0.008869021496607964,-0.03184975810656788,0.022980736609959914
62.400000000000006,-0.053774635334268746,-0.05729538019886042,0.0035207448645916753
62.45,-0.10716108474115112,-0.07822694083391303,-0.028934143907238086
62.5,-0.15595383846133454,-0.09193072272421302,-0.06402311573712152
62.550000000000004,-0.18807170592517672,-0.10595134656227745,-0.08212035936289927
62.6,-0.19870360683569013,-0.1312729653666987,-0.06743064146899144
62.650000000000006,-0.18959792690122984,-0.16778850322352992,-0.02180942367769992
62.7,-0.16423395908517605,-0.19722213790704435,0.0329881788218683
62.75,-0.12448428844302822,-0.1930139988125244,0.06852971036949618
62.800000000000004,-0.07096426738210254,-0.14012569810366202,0.06916143072155947
62.85,-0.004919709680955222,-0.047178750131840766,0.04225904045088554
62.900000000000006,0.0707896716144409,0.059962320473055254,0.010827351141385645
62.95,0.15124645839704626,0.15654439947399898,-0.005297941076952722
63.0,0.2280991321504312,0.2319476891807147,-0.0038485570302835004
63.050000000000004,0.288301909095702,0.28687617780245195,0.0014257312932500765
63.1,0.3164658388698874,0.3209489593324822,-0.004483120462594803
63.150000000000006,0.30212461156026477,0.3260611894124035,-0.023936577852138707
63.2,0.24744917258516846,0.2932375052210515,-0.045788332635883056
63.25,0.1681445222734095,0.22497558799906703,-0.05683106572565752
63.300000000000004,0.08504202777190678,0.13844034268012964,-0.05339831490822286
63.35,0.012630999847814841,0.05458092487119992,-0.04194992502338508
63.400000000000006,-0.045621963645522755,-0.016162554547459098,-0.029459409098063657
63.45,-0.09157713819741331,-0.076503154580266,-0.015073983617147305
63.5,-0.12321318308235418,-0.13038723143633596,0.007174048353981777
63.550000000000004,-0.1324829397383451,-0.16974983386160986,0.037266894123264754
63.6,-0.11325824908009516,-0.17586091321827207,0.06260266413817692
63.650000000000006,-0.07104183566231048,-0.13654022492289453,0.06549838926058404
63.7,-0.023166448809248723,-0.0630812227177486,0.03991477390849988
63.75,0.01251936500733577,0.011209324401781877,0.0013100406055538937
63.800000000000004,0.030225896882214897,0.05232527676962419,-0.02209937988740929
63.85,0.03766324919647988,0.048962143055745436,-0.011298893859265559
63.900000000000006,0.04484109754374289,0.017557745562151252,0.027283351981591635
63.95,0.05169475218051288,-0.01461851274081837,0.06631326492133124
64.0,0.047407163390266106,-0.031928747734412656,0.07933591112467876
64.05,0.022271592726242136,-0.038259695803421985,0.06053128852966412
64.10000000000001,-0.02018638718803947,-0.04578006080638425,0.02559367361834478
64.15,-0.06356976297750072,-0.05871788913576477,-0.004851873841735951
64.2,-0.09137829241311493,-0.0695059743072853,-0.021872318105829625
64.25,-0.0993943179551149,-0.06991593253595031,-0.029478385419164588
64.3,-0.09559518043076308,-0.06311286700242448,-0.0324823134283386
64.35000000000001,-0.08872214023200714,-0.06154850293617708,-0.027173637295830062
64.4,-0.07824387007555042,-0.07137368605721876,-0.006870184018331657
64.45,-0.056205177176271735,-0.08000986801041529,0.023804690834143556
64.5,-0.018109970240113443,-0.06244461677690201,0.04433464653678856
64.55,0.02976531935430659,-0.0036866534833621266,0.033451972837668716
64.60000000000001,0.0748101935057983,0.08267084181225796,-0.007860648306459661
64.65,0.10895801579357516,0.1587230441910303,-0.049765028397455155
64.7,0.13333314987821426,0.18843157634787458,-0.05509842646966032
64.75,0.15125571269970214,0.16438810835551568,-0.013132395655813534
64.8,0.15813249740283533,0.11223072742042553,0.0459017699824098
64.85000000000001,0.141453687130714,0.06883502903998572,0.07261865809072827
64.9,0.09336010444597112,0.05289286344834114,0.04046724099762998
64.95,0.023190827170043646,0.05233881934830852,-0.029147992178264876
65.0,-0.04492480956438451,0.03777406870783321,-0.08269887827221772
65.05,-0.08989415252468884,-0.011034113305701249,-0.07886003921898758
65.10000000000001,-0.11048123095534783,-0.08800586247314121,-0.022475368482206617
65.15,-0.12378799878530795,-0.16547097621485243,0.04168297742954448
65.2,-0.14565153821082538,-0.21436870954834614,0.06871717133752075
65.25,-0.17202959108649507,-0.2224283072401093,0.05039871615361424
65.3,-0.18069109082306029,-0.19746818972887728,0.016777098905816995
65.35000000000001,-0.1527746099129717,-0.1568914360610847,0.004116826148112984
65.4,-0.09344765397883341,-0.11463928114064593,0.021191627161812526
65.45,-0.030872110805650756,-0.07582975924019841,0.04495764843454766
65.5,0.006342957012246997,-0.04042975167133997,0.04677270868358697
65.55,0.011817013392017541,-0.00970248177896668,0.02151949517098422
65.60000000000001,0.0027545948057734106,0.011278935127724116,-0.008524340321950706
65.65,-0.00026288273171298245,0.01659661472745754,-0.016859497459170522
65.7,0.005810101293163338,0.0044502508467572305,0.0013598504464061075
65.75,0.005607972476857829,-0.020274565651584885,0.025882538128442715
65.8,-0.015563685833652738,-0.0475838940740775,0.032020208240424765
65.85000000000001,-0.052939837171169936,-0.06678432206098237,0.01384448488981243
65.9,-0.0833480236704215,-0.07110705099822427,-0.012240972672197231
65.95,-0.08535250663190232,-0.06035139048582572,-0.0250011161460766
66.0,-0.05874065735109147,-0.04047225564345754,-0.018268401707633927
66.05,-0.024706789324608586,-0.020327317083609204,-0.0043794722409993825
66.10000000000001,-0.007276073353248026,-0.007161906416210458,-0.00011416693703756881
66.15,-0.013972538649520765,-0.0032938576866942426,-0.010678680962826523
66.2,-0.03267337087631469,-0.005915983267808184,-0.026757387608506503
66.25,-0.044745861017757675,-0.009839808736168834,-0.03490605228158884
66.3,-0.03992551507679181,-0.010834563088042775,-0.029090951988749038
66.35000000000001,-0.019834138180616575,-0.006960449486513351,-0.012873688694103224
66.4,0.009258972469733425,0.002621455007847684,0.0066375174618857405
66.45,0.04356878435242005,0.019356081826796965,0.024212702525623086
66.5,0.08114448613978222,0.04505641327383934,0.03608807286594288
66.55,0.11677082229988255,0.07940929124407564,0.037361531055806904
66.60000000000001,0.14105274725891354,0.11752884330170901,0.023523903957204523
66.65,0.1462478187904592,0.15022694729814431,-0.003979128507685115
66.7,0.13210155323067554,0.16732171388783232,-0.035220160657156774
66.75,0.10418632212187659,0.1615936669322762,-0.05740734481039961
66.8,0.06637808348629741,0.13069777858340825,-0.06431969509711084
66.85000000000001,0.01718377409211818,0.07671701513865131,-0.05953324104653313
66.9,-0.04384296365332133,0.00549285960386957,-0.0493358232571909
66.95,-0.10565053197400955,-0.07241190361169603,-0.03323862836231352
67.0,-0.14447043558006212,-0.14022495181926836,-0.004245483760793756
67.05,-0.13757407853733383,-0.17657138158849733,0.0389973030511635
67.10000000000001,-0.08182980047117337,-0.16265208425525027,0.0808222837840769
67.15,0.0006193462980944258,-0.09276738612086648,0.09338673241896091
67.2,0.07690105794844808,0.018477915023136362,0.058423142925311713
67.25,0.12640366022307706,0.13876116013220366,-0.012357499909126601
67.3,0.15172382039586932,0.2311755778347371,-0.07945175743886779
67.35000000000001,0.16833432273744517,0.2712104395750215,-0.10287611683757633
67.4,0.1842754668290768,0.2573852583838987,-0.07310979155482189
67.45,0.19048149401275163,0.20889791975142044,-0.018416425738668807
67.5,0.17101594429685915,0.15208892116099965,0.018927023135859505
67.55,0.12205039841973463,0.10490118355819351,0.017149214861541112
67.60000000000001,0.05964202348592511,0.06946495066817715,-0.009822927182252042
67.65,0.007953591097040042,0.03672604821741353,-0.028772457120373487
67.7,-0.020605710080070793,-0.0017915775514707269,-0.018814132528600067
67.75,-0.03399168052193936,-0.04489465696004781,0.010902976438108447
67.8,-0.05023186551350712,-0.08240465431945172,0.032172788805944603
67.85000000000001,-0.0792884252029413,-0.10452020105446866,0.02523177585152736
67.9,-0.1148329616410596,-0.11150588958193448,-0.003327072059125122
67.95,-0.1423922288724556,-0.11492347690782677,-0.02746875196462882
68.0,-0.15362914123472918,-0.12856106172077558,-0.025068079513953595
68.05,-0.15171458234749213,-0.15602042712065478,0.004305844773162648
68.10000000000001,-0.14375625136393386,-0.18528306188803184,0.041526810524097985
68.15,-0.1303918486011001,-0.19542745036584466,0.06503560176474457
68.2,-0.10483221401455725,-0.1710002860445515,0.06616807202999425
68.25,-0.0623448783785898,-0.11328907165779173,0.05094419327920193
68.3,-0.009311891270138262,-0.0401314381260642,0.030819546855925938
68.35000000000001,0.038574407731935156,0.025088398102349255,0.013486009629585901
68.4,0.06764112719173841,0.06653460572534152,0.0011065214663968925
68.45,0.07573118124184552,0.08181124086928514,-0.006080059627439613
68.5,0.07088288114918245,0.07817648252862168,-0.007293601379439227
68.55,0.06184484294702445,0.06443250953077036,-0.002587666583745908
68.60000000000001,0.05105456069548994,0.04596856095660546,0.005085999738884482
68.65,0.036737694108599915,0.02581094944726403,0.010926744661335884
68.7,0.01998892357052366,0.008261293290689992,0.011727630279833666
68.75,0.0073933465422020275,-0.00019310907001373576,0.007586455612215763
68.8,0.005572694915245084,0.005690655471097673,-0.00011796055585258907
68.85000000000001,0.01392197594301531,0.025524501486369356,-0.011602525543354046
68.9,0.02426717491530685,0.05245621584559213,-0.02818904093028528
68.95,0.02840871174651577,0.07682778218145314,-0.04841907043493737
69.0,0.025468092420852254,0.09100827832666132,-0.06554018590580907
69.05,0.021088118270143116,0.09155870029761676,-0.07047058202747364
69.10000000000001,0.019835643239411036,0.07827885107665535,-0.05844320783724431
69.15,0.02000102611567845,0.05298040682885536,-0.03297938071317691
69.2,0.017170697047961682,0.02030636416037762,-0.0031356671124159394
69.25,0.012356777368370549,-0.010727999407367038,0.023084776775737587
69.3,0.014219781835884196,-0.028165773891845245,0.04238555572772944
69.35000000000001,0.03078936292226197,-0.023039908267369024,0.05382927118963099
69.4,0.05827870695399207,0.003663485790478182,0.05461522116351389
69.45,0.07953288109567543,0.039086999915215095,0.04044588118046033
69.5,0.07594028799670564,0.06456882426408782,0.011371463732617826
69.55,0.04270727443838306,0.06607016481125384,-0.02336289037287078
69.60000000000001,-0.006950229553408677,0.04141996968972519,-0.04837019924313386
69.65,-0.05269099531618632,-0.0005479226505738368,-0.05214307266561248
69.7,-0.08222981839578299,-0.047031781789768565,-0.03519803660601442
69.75,-0.09633954457718158,-0.08784096075000312,-0.008498583827178455
69.8,-0.1004464223706472,-0.1166181027854398,0.016171680414792597
69.85000000000001,-0.0937849609745453,-0.127935321404104,0.034150360429558685
69.9,-0.06905538584893284,-0.11574554510236619,0.04669015925343335
69.95,-0.023270043556101187,-0.07679643317853069,0.053526389622429504
70.0,0.03261618283156862,-0.016608475734811282,0.049224658566379906
70.05,0.07722084743223921,0.048320140489407984,0.028900706942831228
70.10000000000001,0.09353390551094652,0.09608297271684284,-0.002549067205896316
70.15,0.08083889706990884,0.11005741384751735,-0.02921851677760852
70.2,0.05218045451841027,0.08729956778901207,-0.035119113270601805
70.25,0.020685128472871777,0.038768141632751704,-0.018083013159879927
70.3,-0.01072729376481331,-0.0181183234244422,0.007391029659628888
70.35000000000001,-0.04618144215706955,-0.06862719916310826,0.022445757006038715
70.4,-0.08535350925427046,-0.10552265474247739,0.020169145488206933
70.45,-0.11794362735460583,-0.12807371330712553,0.010130085952519699
70.5,-0.13141532674445755,-0.1383470506919752,0.006931723947517648
70.55,-0.12383031497316906,-0.13861607497722545,0.014785760004056389
70.60000000000001,-0.10697864565802906,-0.13104417635746754,0.02406553069943848
70.65,-0.09510222475478743,-0.11814913117441019,0.02304690641962276
70.7,-0.09066152256239476,-0.10249618316858755,0.011834660606192787
70.75,-0.08281792864794996,-0.08588218991468168,0.0030642612667317187
70.8,-0.06110271514958859,-0.0693209434579092,0.008218228308320613
70.85000000000001,-0.029844564445641698,-0.05410456037414564,0.024259995928503943
70.9,-0.006975695432426838,-0.042529795789291946,0.03555410035686511
70.95,-0.00697348871183003,-0.03686473240131407,0.02989124368948404
71.0,-0.02525546069711724,-0.03712642246206222,0.011870961764944982
71.05,-0.041121954958167006,-0.040031649933290794,-0.001090305024876212
71.10000000000001,-0.03747696757990851,-0.04076899951375239,0.003292031933843878
71.15,-0.017438443356281783,-0.03638822423748992,0.018949780881208137
71.2,-0.00018837266905298962,-0.02755471627830089,0.0273663436092479
71.25,0.0003279360230942287,-0.01664040988792263,0.01696834591101686
71.3,-0.008214243064569943,-0.0037848877324431346,-0.004429355332126808
71.35000000000001,-0.0029540106680762583,0.014947439264080572,-0.01790144993215683
71.4,0.030372821151341343,0.04468356627440933,-0.014310745123067986
71.45,0.08042753376937434,0.08596485907894506,-0.005537325309570726
71.5,0.11825052240472878,0.1311837463526038,-0.012933223947875022
71.55,0.12328291341254437,0.16706911934314342,-0.04378620593059905
71.60000000000001,0.10170746320385206,0.18205300315400819,-0.08034553995015613
71.65,0.0786616327342056,0.1730296989533584,-0.09436806621915281
71.7,0.07222714215861134,0.1463261086915198,-0.07409896653290846
71.75,0.07568515702125266,0.11243867613491508,-0.036753519113662425
71.8,0.06615160768705153,0.07909691650538404,-0.012945308818332515
71.85000000000001,0.030752191474558013,0.048186263210935804,-0.01743407173637779
71.9,-0.016531156085933432,0.018388544981248867,-0.0349197010671823
71.95,-0.04489882401169889,-0.009517556679642785,-0.035381267332056106
72.0,-0.034120005380159524,-0.029720626288851488,-0.004399379091308036
72.05,0.0075456266675279875,-0.033516087634980575,0.04106171430250856
72.10000000000001,0.051873669742554904,-0.014967432237820632,0.06684110198037553
72.15,0.07618347191376057,0.02409760588374393,0.052085866030016637
72.2,0.0803457053275292,0.07320587299138268,0.007139832336146526
72.25,0.07990343429992741,0.1169528023563771,-0.03704936805644969
72.3,0.08482904577368539,0.14107991567565578,-0.056250869901970396
72.35000000000001,0.08725183053265216,0.13784566692130004,-0.05059383638864788
72.4,0.07067467387594026,0.10851190114874987,-0.03783722727280961
72.45,0.029995775177933778,0.062300829176987524,-0.03230505399905374
72.5,-0.01946783290476449,0.012525085820008747,-0.03199291872477324
72.55,-0.053765611970032164,-0.02845854356056996,-0.025307068409462202
72.60000000000001,-0.060900564579933356,-0.05336926697390636,-0.007531297606026999
72.65,-0.04950348320012599,-0.06146009473928655,0.011956611539160555
72.7,-0.03775353423936289,-0.05691961767200283,0.019166083432639938
72.75,-0.03496735516837726,-0.04554594669707991,0.01057859152870265
72.8,-0.034731875000233114,-0.031921315557724456,-0.002810559442508659
72.85000000000001,-0.025201974536734735,-0.018605625542891954,-0.006596348993842781
72.9,-0.004066792056812916,-0.007064193286979176,0.0029974012301662604
72.95,0.01816323027811211,0.0013121674814692674,0.016851062796642842
73.0,0.029304397166073495,0.00545588476722976,0.023848512398843735
73.05,0.028166187995211766,0.005899367318468309,0.022266820676743456
73.10000000000001,0.02487078213622707,0.00549697929583382,0.01937380284039325
73.15,0.029042523064596412,0.008281552252346773,0.02076097081224964
73.2,0.03933412083002762,0.016841604288926143,0.02249251654110148
73.25,0.04578238027944087,0.030147397971072534,0.015634982308368336
73.3,0.041890724730221075,0.04365961424776684,-0.0017688895175457658
73.35000000000001,0.032469645246838486,0.0518342039815986,-0.019364558734760118
73.4,0.028128442259938265,0.05127169905608603,-0.023143256796147763
73.45,0.03245619464326277,0.0423263101222531,-0.009870115478990332
73.5,0.03653068973285377,0.028268642993098177,0.008262046739755592
73.55,0.027722489921460598,0.012921534966391503,0.014800954955069095
73.60000000000001,0.003932586364384994,-0.0014184535680885821,0.005351039932473576
73.65,-0.022298162525098097,-0.014530758960555421,-0.007767403564542676
73.7,-0.035230087690232774,-0.02738027837193814,-0.007849809318294633
73.75,-0.03179015976502467,-0.04082839524680903,0.009038235481784361
73.8,-0.025413278971469125,-0.05496631700857328,0.029553038037104157
73.85000000000001,-0.03332860608106425,-0.06935757284598892,0.036028966764924675
73.9,-0.05972018729022839,-0.08371246113613318,0.023992273845904785
73.95,-0.09152541416074615,-0.0982312095188428,0.00670579535809665
74.0,-0.11079923612256595,-0.11314329886374425,0.0023440627411782933
74.05,-0.11090947882776817,-0.12763424217857453,0.01672476335080636
74.10000000000001,-0.10052152696619152,-0.13901573400862366,0.038494207042432144
74.15,-0.09244940332730553,-0.14318401079536,0.05073460746805447
74.2,-0.08998784453153938,-0.13675205016035938,0.04676420562882
74.25,-0.0851451138177198,-0.11988936456243851,0.03474425074471871
74.3,-0.06986970824852219,-0.09777515048492927,0.027905442236407077
74.35000000000001,-0.047369168899385194,-0.0788538310576653,0.03148466215828011
74.4,-0.030744201508331955,-0.07012701666311462,0.03938281515478266
74.45,-0.029975213896591565,-0.07228652459673177,0.0423113107001402
74.5,-0.04092864431668097,-0.07839481708230049,0.03746617276561952
74.55,-0.04813176390997949,-0.07775757614902416,0.029625812239044674
74.60000000000001,-0.03877948840443399,-0.06274326743083553,0.023963779026401538
74.65,-0.013925614200472702,-0.03367186640605117,0.019746252205578463
74.7,0.013977824861289881,0.0019552332988481483,0.012022591562441733
74.75,0.033791370673357225,0.035197491329633374,-0.0014061206562761483
74.8,0.045083593669689226,0.061584895884223154,-0.016501302214533928
74.85000000000001,0.05496945597746686,0.08226570669789735,-0.027296250720430487
74.9,0.06691468388579719,0.09972942634925987,-0.03281474246346268
74.95,0.07444942108077844,0.11247820105144485,-0.03802877997066641
75.0,0.06707573041960649,0.11419978900105107,-0.04712405858144458
75.05,0.04225500616905382,0.0989520035558136,-0.05669699738675978
75.10000000000001,0.010587614629883535,0.06804769963050601,-0.057460085000622475
75.15,-0.011764514446309257,0.03210789602167721,-0.04387241046798647
75.2,-0.01617993903487921,0.00550564216745493,-0.02168558120233414
75.25,-0.007401163826359278,-0.0029095450375052506,-0.004491618788854028
75.3,0.0030855328487532003,0.00469098256011105,-0.00160544971135785
75.35000000000001,0.00869205423405196,0.01797587000866037,-0.00928381577460841
75.4,0.012527952212376644,0.02718592313063875,-0.014657970918262106
75.45,0.021358540328710526,0.03027903636170842,-0.008920496032997893
75.5,0.03615901913418874,0.032627187638783396,0.003531831495405341
75.55,0.049691818032037066,0.040135860720880746,0.00955595731115632
75.60000000000001,0.053437044765478836,0.05243113906375303,0.0010059057017258038
75.65,0.04609597315201485,0.062403034722169966,-0.016307061570155115
75.7,0.03452421680113278,0.06237525084946415,-0.02785103404833137
75.75,0.02638599789869968,0.0511021014111141,-0.02471610351241442
75.8,0.02267951996952727,0.03518335310801488,-0.012503833138487613
75.85000000000001,0.018089980218526445,0.02370013442860056,-0.0056101542100741135
75.9,0.008377216348772407,0.020956196916446245,-0.012578980567673839
75.95,-0.003663272022738537,0.02363118517585332,-0.02729445719859186
76.0,-0.01046060319171855,0.024402073369237172,-0.03486267656095572
76.05,-0.007861150457122016,0.018352546342980187,-0.0262136968001022
76.10000000000001,-0.0003242330850973636,0.006504408661865535,-0.0068286417469628985
76.15,0.002834304625770459,-0.006011519638659874,0.008845824264430334
76.2,-0.0033603730532005657,-0.014671408769124697,0.011311035715924131
76.25,-0.014351623557849049,-0.01861858206234297,0.00426695850449392
76.3,-0.020420503295564076,-0.019834973438143565,-0.0005855298574205109
76.35000000000001,-0.016424519461509118,-0.02014467822357964,0.0037201587620705225
76.4,-0.007156746473073346,-0.01943941314176757,0.012282666668694223
76.45,-0.0028598990134483288,-0.016643825335211044,0.013783926321762716
76.5,-0.009153172736200144,-0.011841861186446902,0.002688688450246758
76.55,-0.02104017070276107,-0.006896454951781283,-0.014143715750979786
76.60000000000001,-0.02660772197625485,-0.0036919570001092273,-0.02291576497614562
76.65,-0.016837991367119814,-0.0017287070575405176,-0.015109284309579297
76.7,0.007323990146956081,0.0024581771906215665,0.004865812956334514
76.75,0.03626659021691737,0.013250517581653805,0.023016072635263563
76.80000000000001,0.05912167810946798,0.03271880268329778,0.026402875426170203
76.85000000000001,0.0703339574067335,0.05843597137674423,0.011897986029989267
76.9,0.0706690292205695,0.0835610475136669,-0.012892018293097399
76.95,0.06378565593357124,0.09901438699898735,-0.0352287310654161
77.0,0.052806651813443954,0.09691575630661936,-0.044109104493175406
77.05000000000001,0.039597128893232345,0.07433788505971503,-0.034740756166482686
77.10000000000001,0.02570340871221249,0.036005107425352026,-0.010301698713139535
77.15,0.012563415734405912,-0.006002135821140753,0.018565551555546664
77.2,0.0005758833693091134,-0.036841100989546204,0.037416984358855314
77.25,-0.011181906705821547,-0.04649482007045957,0.03531291336463802
77.30000000000001,-0.023389729829048356,-0.03599246975225202,0.012602739923203661
77.35000000000001,-0.03454993906057263,-0.01745023497080342,-0.017099704089769213
77.4,-0.041393931075067655,-0.006818145667500024,-0.03457578540756763
77.45,-0.04210492728906501,-0.013792495571599358,-0.02831243171746565
77.5,-0.03926486210984337,-0.03606681902390002,-0.0031980430859433473
77.55000000000001,-0.038716672564299524,-0.06204530895506459,0.023328636390765066
77.60000000000001,-0.04418535464667187,-0.07946473305624131,0.03527937840956944
77.65,-0.05226065030040568,-0.08280003043508487,0.03053938013467919
77.7,-0.05318114102537255,-0.07400461079641328,0.02082346977104073
77.75,-0.038189109869933326,-0.0575115990219024,0.019322489151969074
77.80000000000001,-0.007944570273930059,-0.03548594211168357,0.027541371837753514
77.85000000000001,0.025450621757932133,-0.00827788204957272,0.033728503807504855
77.9,0.045541836093547367,0.020967788777389352,0.024574047316158015
77.95,0.04282160800597146,0.0434659870275866,-0.0006443790216151407
78.0,0.021443802748118947,0.04832067013963719,-0.02687686739151824
78.05000000000001,-0.004042789911944835,0.030620611585213304,-0.03466340149715814
78.10000000000001,-0.019360614199141424,-0.0029334086693198567,-0.01642720552982157
78.15,-0.020108352752227644,-0.036565512926219165,0.01645716017399152
78.2,-0.012943603976246148,-0.054875484726657375,0.041931880750411224
78.25,-0.008060758244735965,-0.051890785893711204,0.04383002764897524
78.30000000000001,-0.009789803142481072,-0.03293876538050775,0.02314896223802668
78.35000000000001,-0.013399712236550699,-0.00903072148669606,-0.004368990749854638
78.4,-0.01063882880917899,0.010435985451946819,-0.02107481426112581
78.45,0.001106629360833168,0.020742685228614242,-0.019636055867781076
78.5,0.014425451019877163,0.020120243440569497,-0.005694792420692334
78.55000000000001,0.016671576656440187,0.007550344630503774,0.009121232025936413
78.60000000000001,0.00033535843011732973,-0.016216599243350085,0.016551957673467413
78.65,-0.029804552052242746,-0.04581436084020958,0.016009808787966835
78.7,-0.05925461477727793,-0.07146864526117436,0.01221403048389643
78.75,-0.0744461384995287,-0.08462777675693885,0.010181638257410142
78.80000000000001,-0.07266747817165575,-0.08502492674743826,0.012357448575782512
78.85000000000001,-0.06284165698381168,-0.0818759424279652,0.019034285444153518
78.9,-0.056536893989239174,-0.08613672930806028,0.029599835318821106
78.95,-0.057203329470590134,-0.09935027029422021,0.042146940823630075
79.0,-0.05723130045556333,-0.10927781765919577,0.05204651720363244
79.05000000000001,-0.045356208651501466,-0.09780150214163251,0.052445293490131044
79.10000000000001,-0.017507499134023156,-0.055846793408105465,0.03833929427408231
79.15,0.018869083199031973,0.007050176924681416,0.011818906274350557
79.2,0.05076319238354608,0.06735820731347673,-0.01659501492993065
79.25,0.06991567726719479,0.10344524930667742,-0.03352957203948263
79.30000000000001,0.0777403173859574,0.11012064015198815,-0.032380322766030756
79.35000000000001,0.0807467364552495,0.10018772684770826,-0.01944099039245875
79.4,0.08189586601464514,0.09230251606737622,-0.010406650052731073
79.45,0.07720320553674581,0.09570389570142498,-0.018500690164679173
79.5,0.061189196767475626,0.1042825604809778,-0.04309336371350217
79.55000000000001,0.035245557589978084,0.10382408552631302,-0.06857852793633493
79.60000000000001,0.009504340192788239,0.08513538368679634,-0.0756310434940081
79.65,-0.004749300371069731,0.0517760629492484,-0.05652536332031813
79.7,-0.00504823119915626,0.016923342786983313,-0.021971573986139574
79.75,0.0001583132210344864,-0.006545371998946216,0.006703685219980702
79.80000000000001,8.04520733724999e-05,-0.013938900653784846,0.014019352727157347
79.85000000000001,-0.007306685489946215,-0.009163570099453334,0.0018568846095071189
79.9,-0.012978883810980458,0.0005757577942196905,-0.01355464160520015
79.95,-0.0063714806758930235,0.009928794408731316,-0.01630027508462434
80.0,0.012386590770878232,0.016547613929686962,-0.00416102315880873
