x,yobs,ycalc,ydiff
0.05,-5.089650407867831e-12,-0.03152066582143941,0.03152066581634976
0.1,-1.7257768582070727e-10,-0.047721561981035505,0.04772156180845782
0.15000000000000002,-1.0123597288850824e-08,-0.04989456864748874,0.04989455852389146
0.2,-1.221305742294813e-07,-0.05460625973308655,0.05460613760251232
0.25,-2.634352241010221e-07,-0.07581428891623387,0.07581402548100977
0.30000000000000004,3.7027641923610123e-06,-0.10961900572926243,0.10962270849345479
0.35000000000000003,3.2928365511469304e-05,-0.1382258684964214,0.13825879686193288
0.4,0.00013280590572171012,-0.14914890106251572,0.14928170696823742
0.45,0.00030538460699678564,-0.14905783847342327,0.14936322308042005
0.5,0.00028786581102251764,-0.1569939423839869,0.15728180819500942
0.55,-0.0007058804891513028,-0.18374823521415654,0.18304235472500524
0.6000000000000001,-0.0037701268077505977,-0.2195742134425468,0.2158040866347962
0.65,-0.008993482071756221,-0.24413207168370218,0.23513858961194598
0.7000000000000001,-0.013288687573016433,-0.24869904169509913,0.2354103541220827
0.75,-0.00937670867543309,-0.2466119954714819,0.23723528679604883
0.8,0.011078938378547133,-0.2595846787406845,0.27066361711923165
0.8500000000000001,0.049341371658230423,-0.29363114935827533,0.34297252101650577
0.9,0.09107474250801449,-0.3309655364925646,0.4220402790005791
0.9500000000000001,0.1065999533022762,-0.34841890418795946,0.45501885749023563
1.0,0.06643520539138066,-0.3438572689753651,0.41029247436674576
1.05,-0.03333244606317857,-0.34103906952317814,0.30770662345999955
1.1,-0.15492265462763757,-0.3646151473915098,0.20969249276387222
1.1500000000000001,-0.2323139468247077,-0.41041781618198087,0.17810386935727315
1.2000000000000002,-0.2155431639348917,-0.4455978050399107,0.230054641105019
1.25,-0.11775427918569012,-0.44422380429054276,0.3264695251048526
1.3,-0.022564474100757802,-0.42295464482752615,0.40039017072676836
1.35,-0.030445328118543676,-0.43238189971488133,0.40193657159633767
1.4000000000000001,-0.1719879801447486,-0.49929412711985344,0.32730614697510485
1.4500000000000002,-0.3555003675233863,-0.5703049592903252,0.2148045917669389
1.5,-0.40598671479256204,-0.5218683219189106,0.1158816071263486
1.55,-0.18747364233058852,-0.2512037663619761,0.06373012403138759
1.6,0.27404186160255906,0.2154137431074632,0.05862811849509586
1.6500000000000001,0.7693301546201496,0.6943882847307186,0.07494186988943108
1.7000000000000002,1.0242916984644648,0.9427402820338449,0.08155141643061992
1.75,0.8878695407439164,0.8256845848923277,0.062184955851588786
1.8,0.4530173159892398,0.4285538342275023,0.02446348176173746
1.85,0.010900854753950867,0.01761433356781453,-0.006713478813863664
1.9000000000000001,-0.14071653143310586,-0.13354002081608715,-0.007176510617018711
1.9500000000000002,0.09933469482640613,0.07074953873128091,0.028585156095125214
2.0,0.56881392107265,0.4866137050656066,0.08220021600704347
2.0500000000000003,0.9588968504777489,0.8351455388300338,0.12375131164771502
2.1,1.0249369197926586,0.8914119673764698,0.13352495241618878
2.15,0.7362681086359446,0.6196117075658563,0.11665640107008834
2.2,0.26557850247635695,0.16699825380418026,0.09858024867217668
2.25,-0.15509542684607663,-0.259407949227822,0.10431252238174538
2.3000000000000003,-0.3907341890323626,-0.5288313552077681,0.13809716617540552
2.35,-0.4596587018824054,-0.6395028895022603,0.17984418761985493
2.4000000000000004,-0.47021306123600454,-0.6709750098634436,0.20076194862743907
2.45,-0.5113135884306127,-0.6962025722888956,0.1848889838582829
2.5,-0.5901982121087458,-0.7296649037535283,0.13946669164478254
2.5500000000000003,-0.653488946614346,-0.7411598816199104,0.08767093500556444
2.6,-0.6532896759725878,-0.7049906947595391,0.051701018786951325
2.6500000000000004,-0.5925885973311537,-0.6324803694922875,0.03989177216113382
2.7,-0.5171630672352348,-0.5624103585481893,0.045247291312954574
2.75,-0.4741814789819716,-0.5267546359993956,0.052573157017424044
2.8000000000000003,-0.4809646197941828,-0.5278909020834385,0.04692628228925566
2.85,-0.5270760773609803,-0.5462875749896603,0.01921149762868002
2.9000000000000004,-0.5968861657918311,-0.5661806322909354,-0.030705533500895665
2.95,-0.6844757691000789,-0.5917778134170593,-0.09269795568301964
3.0,-0.788086618359159,-0.6393034802871573,-0.14878313807200172
3.0500000000000003,-0.8961315151027347,-0.7152987272715441,-0.1808327878311906
3.1,-0.9845025833442069,-0.8043152922190945,-0.18018729112511245
3.1500000000000004,-1.030203974733457,-0.878677036784261,-0.15152693794919603
3.2,-1.0270373392632346,-0.9205333401895206,-0.106503999073714
3.25,-0.9855417188847093,-0.9333861020197173,-0.05215561686499204
3.3000000000000003,-0.9144417003372762,-0.9288850066508169,0.014443306313540627
3.35,-0.7993039312290158,-0.8979784134986575,0.0986744822696417
3.4000000000000004,-0.5990553780037897,-0.7935435536452865,0.19448817564149679
3.45,-0.26883375438880924,-0.5478216255652482,0.2789878711764389
3.5,0.2015072248624572,-0.12257451374363178,0.32408173860608896
3.5500000000000003,0.7566010357070991,0.4392792494777836,0.31732178622931556
3.6,1.2748703673142612,1.001586651775998,0.27328371553826325
3.6500000000000004,1.6064107015140414,1.3828314563610267,0.22357924515301475
3.7,1.6370438764547521,1.4442824165745265,0.19276145988022564
3.75,1.34775882196818,1.1668754447108924,0.18088337725728754
3.8000000000000003,0.8344386973297203,0.6666546559953505,0.16778404133436986
3.85,0.27007077684449554,0.13583401358768893,0.1342367632568066
3.9000000000000004,-0.17488107582940732,-0.25483017041578176,0.07994909458637445
3.95,-0.4091798016299029,-0.4316904304129126,0.02251062878300969
4.0,-0.4484446267566592,-0.42869930128715,-0.01974532546950919
4.05,-0.3794822687224721,-0.3363061023206799,-0.04317616640179217
4.1000000000000005,-0.2908928935255233,-0.23272721774461833,-0.05816567578090495
4.15,-0.2211102050301686,-0.14597978960387803,-0.07513041542629056
4.2,-0.15659573699734472,-0.06364859776806374,-0.09294713922928098
4.25,-0.07018498760996614,0.03136807718293769,-0.10155306479290382
4.3,0.04066912184176999,0.13533397538556308,-0.09466485354379309
4.3500000000000005,0.14884697429402288,0.22687546705948103,-0.07802849276545815
4.4,0.22374030718916066,0.2879004898166667,-0.06416018262750606
4.45,0.25805387832739163,0.317670962940355,-0.05961708461296339
4.5,0.2683995652515097,0.32736613693786804,-0.05896657168635833
4.55,0.2723169343667652,0.32445902431563645,-0.05214208994887126
4.6000000000000005,0.2682754371398938,0.30533894511494086,-0.03706350797504704
4.65,0.2399136258396374,0.26332789998079664,-0.023414274141159236
4.7,0.17853234008264723,0.2014415987290541,-0.02290925864640686
4.75,0.09821102903136264,0.13438920627873407,-0.036178177247371435
4.800000000000001,0.026398604818525406,0.07694300254470006,-0.05054439772617465
4.8500000000000005,-0.020198404783838563,0.03156986012177492,-0.05176826490561348
4.9,-0.04829994806609728,-0.010314645048692153,-0.03798530301740513
4.95,-0.07516790928269856,-0.053744523527730646,-0.021423385754967918
5.0,-0.10369932910374212,-0.08763798185514024,-0.01606134724860188
5.050000000000001,-0.11285875606448705,-0.08881196886190003,-0.024046787202587017
5.1000000000000005,-0.07551127969849698,-0.04059791536225318,-0.034913364336243806
5.15,0.013217191955833362,0.051245854336618435,-0.038028662380785075
5.2,0.12618855070363713,0.16080133251741222,-0.034612781813775084
5.25,0.22440965832925136,0.2605261945454192,-0.03611653621616784
5.300000000000001,0.2882688934369237,0.33873249033734765,-0.05046359690042396
5.3500000000000005,0.32948418678466956,0.4006186111702851,-0.07113442438561551
5.4,0.3724979351074383,0.45426633202976485,-0.08176839692232657
5.45,0.4244987913892684,0.4972709786045561,-0.07277218721528772
5.5,0.46421455415289636,0.5172630469189885,-0.05304849276609214
5.550000000000001,0.4603328447019109,0.5040382110806793,-0.04370536637876837
5.6000000000000005,0.40085008083509227,0.45920781255947835,-0.058357731724386075
5.65,0.3046745190009238,0.39334346800096065,-0.08866894900003686
5.7,0.20562479147984858,0.3153153012475936,-0.10969050976774503
5.75,0.1264633414882778,0.22740607521865053,-0.10094273373037274
5.800000000000001,0.06881105541381817,0.13295872376770862,-0.06414766835389045
5.8500000000000005,0.02656102233664392,0.048194784080384294,-0.021633761743740373
5.9,0.0057341895552493714,0.003138003859534799,0.0025961856957145723
5.95,0.028035478576184464,0.026286437120515357,0.0017490414556691064
6.0,0.11333279541689556,0.12426990916494547,-0.010937113748049912
6.050000000000001,0.25818222784098727,0.27400275472294305,-0.015820526881955788
6.1000000000000005,0.43093237625238645,0.4340213328318861,-0.0030889565794996465
6.15,0.5868943528593672,0.5646302250222474,0.02226412783711984
6.2,0.6886015358407932,0.6402892845717739,0.04831225126901928
6.25,0.714977806247803,0.647877984864399,0.06709982138340409
6.300000000000001,0.6580799529322033,0.5795059838082407,0.07857396912396264
6.3500000000000005,0.5188756230096203,0.43233419490621805,0.08654142810340226
6.4,0.31030423903528453,0.21703535000160776,0.09326888903367678
6.45,0.062141865764422904,-0.036251191610426815,0.09839305737484971
6.5,-0.18424079190829504,-0.2855046406202728,0.10126384871197777
6.550000000000001,-0.39324199882079774,-0.4953473627587824,0.10210536393798464
6.6000000000000005,-0.551062173760274,-0.6513379203502014,0.10027574658992744
6.65,-0.6646693328378014,-0.7575669074173188,0.09289757457951742
6.7,-0.7438507930309756,-0.8212327791978116,0.077381986166836
6.75,-0.7846333738956991,-0.8408309058651661,0.056197531969466974
6.800000000000001,-0.772279129114105,-0.810313744733976,0.03803461561987098
6.8500000000000005,-0.7017534265703216,-0.7339054925841805,0.03215206601385889
6.9,-0.593447719919707,-0.6336155439250483,0.040167824005341246
6.95,-0.48427810519278014,-0.5378950938901793,0.05361698869739917
7.0,-0.39887774105460577,-0.4597505719074779,0.06087283085287215
7.050000000000001,-0.3281389671497075,-0.3857232251175568,0.05758425796784933
7.1000000000000005,-0.23857828976674447,-0.2890545206254745,0.050476230858730015
7.15,-0.10738920693780683,-0.1577470958649597,0.05035788892715286
7.2,0.048031487876156534,-0.012909910886210785,0.060941398762367316
7.25,0.17443041564381673,0.09983092898963632,0.07459948665418041
7.300000000000001,0.2189085041498359,0.1394377264937289,0.079470777656107
7.3500000000000005,0.16587635512257656,0.09497125866778346,0.0709050964547931
7.4,0.04364286248603392,-0.012129067370790576,0.0557719298568245
7.45,-0.10184538644993414,-0.14720009973889023,0.045354713288956086
7.5,-0.2394434497136372,-0.28359455386315896,0.04415110414952175
7.550000000000001,-0.36266755230731695,-0.4086604196007996,0.04599286729348262
7.6000000000000005,-0.47331932686284184,-0.5145672819750585,0.04124795511221668
7.65,-0.561212947564061,-0.5885732735764813,0.027360326012420222
7.7,-0.6036625723911629,-0.6152094172549416,0.01154684486377866
7.75,-0.5854735827504395,-0.588198943749292,0.0027253609988525662
7.800000000000001,-0.5176755809420681,-0.5188624195016549,0.0011868385595867892
7.8500000000000005,-0.434054725596729,-0.43128126930851646,-0.002773456288212517
7.9,-0.3669398198087086,-0.3478319175330854,-0.0191079022756232
7.95,-0.3242399229128586,-0.2775435551525727,-0.046696367760285906
8.0,-0.28796247280178894,-0.21566125025082017,-0.07230122255096877
8.05,-0.23325904667483996,-0.15140501308308996,-0.08185403359175
8.1,-0.14847364961064993,-0.07469657486107967,-0.07377707474957027
8.15,-0.038615178510944856,0.02281586443740282,-0.061431042948347676
8.200000000000001,0.08672133213407328,0.14845840595509097,-0.06173707382101769
8.25,0.2248611396277972,0.3049322024176005,-0.0800710627898033
8.3,0.37810443808607447,0.48328531197594166,-0.10518087388986719
8.35,0.5418511776141055,0.6605661347553944,-0.11871495714128888
8.4,0.6975031490940096,0.8082162135357499,-0.11071306444174034
8.450000000000001,0.8192634501620086,0.906650689565405,-0.08738723940339632
8.5,0.8885377577955004,0.9534781851804514,-0.06494042738495098
8.55,0.901497751990464,0.9571885935111687,-0.05569084152070469
8.6,0.8631191899029954,0.9220271410998432,-0.058907951196847774
8.65,0.7759009031381485,0.8395020102595856,-0.06360110712143707
8.700000000000001,0.637187088883144,0.6967465829065087,-0.05955949402336469
8.75,0.4492482994662226,0.4955504476398818,-0.04630214817365924
8.8,0.23137391084265246,0.2639025664325336,-0.03252865558988116
8.85,0.01918877381585261,0.04674976779147354,-0.027560993975620927
8.9,-0.15192329993945827,-0.1190587214175838,-0.03286457852187448
8.950000000000001,-0.2664196633823135,-0.22563461879290886,-0.04078504458940463
9.0,-0.3340802188383109,-0.29316796505308895,-0.04091225378522195
9.05,-0.37621858186672785,-0.34796985000026287,-0.028248731866464982
9.1,-0.40445547387990244,-0.39791042782385083,-0.006545046056051607
9.15,-0.4100676874163444,-0.4254121945067202,0.01534450709037577
9.200000000000001,-0.37213447356300894,-0.40275833520842913,0.030623861645420192
9.25,-0.2765744968914171,-0.3159939310815363,0.039419434190119174
9.3,-0.13017418264871294,-0.1779407827659197,0.047766600117206764
9.35,0.04033210098337946,-0.02150328143401432,0.06183538241739378
9.4,0.2011190478413194,0.11905191465954994,0.08206713318176946
9.450000000000001,0.3249384492371998,0.22312283280989242,0.10181561642730735
9.5,0.3968222446574624,0.285254240402225,0.11156800425523739
9.55,0.41158269652828444,0.3060561814129868,0.10552651511529765
9.600000000000001,0.36910576721864186,0.2835731719923838,0.08553259522625806
9.65,0.2728513914759466,0.21339009154676958,0.059461299929177036
9.700000000000001,0.1319288503865431,0.09628966172038418,0.03563918866615891
9.75,-0.0369165010233198,-0.05481840822229056,0.017901907198970758
9.8,-0.2109082951886561,-0.215905811583595,0.004997516394938922
9.850000000000001,-0.3666610863292906,-0.3606614574549267,-0.005999628874363894
9.9,-0.4864787867521183,-0.4704268736034336,-0.016051913148684704
9.950000000000001,-0.561872734807154,-0.5381277834433097,-0.023744951363844358
10.0,-0.5925363060903991,-0.5646696751329237,-0.027866630957475436
10.05,-0.582054031551695,-0.5525207167675183,-0.029533314784176645
10.100000000000001,-0.5337911875704644,-0.5027421419207266,-0.03104904564973776
10.15,-0.45011115463302775,-0.41754898306600524,-0.03256217156702251
10.200000000000001,-0.33519047318311374,-0.304651438888557,-0.030539034294556733
10.25,-0.1982473804828848,-0.17761461582825325,-0.02063276465463154
10.3,-0.053068393893927916,-0.050288588010761456,-0.00277980588316646
10.350000000000001,0.08721352184230256,0.07043776922489842,0.016775752617404147
10.4,0.21630320312812357,0.1867185992385077,0.029584603889615868
10.450000000000001,0.3361444741950817,0.3038685243522334,0.03227594984284832
10.5,0.45134912021178614,0.42114232057563844,0.030206799636147696
10.55,0.560878497114374,0.5276008860911096,0.03327761102326443
10.600000000000001,0.654338025789079,0.6074256818539194,0.04691234393515953
10.65,0.7164826691002434,0.6502904056202028,0.06619226348004059
10.700000000000001,0.7360056225690941,0.6572203421809649,0.07878528038812915
10.75,0.7107663595596886,0.6363181961627032,0.07444816339698535
10.8,0.6454859099842255,0.5926446797762889,0.05284123020793663
10.850000000000001,0.5458083974477919,0.5228097044764349,0.022998692971356927
10.9,0.41619639123738883,0.4206455044033006,-0.004449113165911789
10.950000000000001,0.26429454749568826,0.2890505646429847,-0.024756017147296416
11.0,0.10611915583733308,0.14579988344494427,-0.03968072760761118
11.05,-0.03602869680258911,0.01584960838492112,-0.05187830518751023
11.100000000000001,-0.14408456327957198,-0.08429551206361548,-0.0597890512159565
11.15,-0.21466930871544795,-0.1559658989754528,-0.05870340973999516
11.200000000000001,-0.2591294305058556,-0.2123796060852092,-0.046749824420646374
11.25,-0.2919568134586683,-0.26297405996464085,-0.028982753494027458
11.3,-0.31791619589529063,-0.30352133834437944,-0.014394857550911189
11.350000000000001,-0.33014684178308124,-0.3221330052226643,-0.008013836560416931
11.4,-0.3210006181612113,-0.31518063630957766,-0.005819981851633627
11.450000000000001,-0.29453882576971463,-0.29639470441077814,0.001855878641063513
11.5,-0.2676345383263347,-0.2884730754513706,0.02083853712503586
11.55,-0.25801256832955005,-0.3041693487464847,0.04615678041693466
11.600000000000001,-0.27090776380992737,-0.3353887728385589,0.06448100902863152
11.65,-0.2974604646433478,-0.36185066989217757,0.06439020524882977
11.700000000000001,-0.32572635586015725,-0.3714274655446783,0.04570110968452107
11.75,-0.35191951574679764,-0.37173039572873634,0.0198108799819387
11.8,-0.3793717324507546,-0.3802958334666713,0.0009241010159166674
11.850000000000001,-0.4062446407111021,-0.4020569906232031,-0.004187650087899009
11.9,-0.41612581178824376,-0.41658538005251333,0.000459568264269572
11.950000000000001,-0.3839766022208621,-0.3893939868446493,0.005417384623787214
12.0,-0.294369269060058,-0.29864117386078776,0.004271904800729753
12.05,-0.15538577316664448,-0.15327546240334303,-0.002110310763301454
12.100000000000001,0.005487651962556303,0.013604931980318024,-0.00811728001776172
12.15,0.1598979291849297,0.16899654222788837,-0.00909861304295867
12.200000000000001,0.29389060773649994,0.2986485992372496,-0.004757991500749681
12.25,0.405933504701552,0.4040361738509112,0.0018973308506408104
12.3,0.4918559018811624,0.4842047061376147,0.007651195743547723
12.350000000000001,0.5347605319936504,0.5241077720801129,0.010652759913537424
12.4,0.5129612835753197,0.5033438934564325,0.009617390118887181
12.450000000000001,0.41983511733672074,0.4169618100508548,0.0028733072858659336
12.5,0.2758502683139025,0.2864301138324946,-0.01057984551859209
12.55,0.11939793690672733,0.14815508053872103,-0.028757143631993706
12.600000000000001,-0.016538393869409,0.029593352703515822,-0.04613174657292482
12.65,-0.12097244727107273,-0.06438201273960834,-0.056590434531464395
12.700000000000001,-0.20070980960546203,-0.1427735380817895,-0.05793627152367253
12.75,-0.2619892815226766,-0.2082266448836267,-0.0537626366390499
12.8,-0.2981582233644903,-0.24764072391573544,-0.05051749944875489
12.850000000000001,-0.29633446704375294,-0.24418825629086757,-0.052146210752885364
12.9,-0.25564057506227134,-0.1983636414384974,-0.057276933623773923
12.950000000000001,-0.19706704496197938,-0.13546446697910666,-0.06160257798287272
13.0,-0.1530783771667194,-0.09017793284673019,-0.06290044431998922
13.05,-0.14534424276990354,-0.08212025144445712,-0.06322399132544643
13.100000000000001,-0.17081177789769744,-0.10533044097805525,-0.0654813369196422
13.15,-0.20802722795593834,-0.14039555935823012,-0.06763166859770822
13.200000000000001,-0.23603794107265594,-0.17495430123826652,-0.061083639834389414
13.25,-0.24722085872431487,-0.21058448306763775,-0.03663637565667713
13.3,-0.2433954279945773,-0.24951090764259903,0.006115479648021727
13.350000000000001,-0.22243134480022017,-0.2769850224262932,0.05455367762607302
13.4,-0.1717108141678772,-0.26098886539616817,0.08927805122829097
13.450000000000001,-0.07656824664611876,-0.17363724231775823,0.09706899567163947
13.5,0.0643526166693544,-0.015813384761756387,0.0801660014311108
13.55,0.23209847787483873,0.1783018452005116,0.05379663267432713
13.600000000000001,0.3955608105236996,0.36175527109291883,0.033805539430780795
13.65,0.5270417816463112,0.5020530551523451,0.024988726493966107
13.700000000000001,0.6118542531402975,0.5917209281147788,0.020133325025518678
13.75,0.6464477416266253,0.636447742282996,0.009999999343629273
13.8,0.6313471810341847,0.6369254985514244,-0.005578317517239695
13.850000000000001,0.5684007493127193,0.5846243688922612,-0.01622361957954188
13.9,0.4643968143367882,0.4750523874209493,-0.010655573084161096
13.950000000000001,0.3345796530377297,0.32277017626337,0.011809476774359673
14.0,0.19968961268070815,0.16058376367480084,0.0391058490059073
14.05,0.07800561117194298,0.02205921712850399,0.055946394043438985
14.100000000000001,-0.02024012624878472,-0.07637592954020225,0.056135803291417534
14.15,-0.09167478289952213,-0.13776769881780473,0.0460929159182826
14.200000000000001,-0.13538460026685534,-0.17198291252900327,0.036598312262147936
14.25,-0.15197975399246771,-0.18330385516895503,0.03132410117648732
14.3,-0.1471561671253153,-0.17095511686212017,0.02379894973680488
14.350000000000001,-0.1333478943164536,-0.13924911959426603,0.005901225277812422
14.4,-0.12367064806312368,-0.10279930559360227,-0.02087134246952141
14.450000000000001,-0.12162638427730128,-0.07826732880653603,-0.043359055470765254
14.5,-0.11749110873577105,-0.07046137438856571,-0.04702973434720534
14.55,-0.09784091818931959,-0.06860308654149085,-0.02923783164782874
14.600000000000001,-0.06102164317156564,-0.05851211991355614,-0.0025095232580094953
14.65,-0.022894456520183726,-0.03875812774071948,0.015863671220535756
14.700000000000001,-0.004793413394571651,-0.023203496947297175,0.018410083552725526
14.75,-0.013604950757003765,-0.026148488863294825,0.012543538106291061
14.8,-0.03395207256948165,-0.04554987215778242,0.011597799588300768
14.850000000000001,-0.042466364154314956,-0.06342847127272629,0.02096210711841133
14.9,-0.032135456057760456,-0.06519895394091259,0.03306349788315213
14.950000000000001,-0.02265229733167775,-0.058548686366622596,0.035896389034944846
15.0,-0.04435047193677637,-0.07044703892735513,0.02609656699057876
15.05,-0.10894772209686555,-0.12190908575855852,0.012961363661692968
15.100000000000001,-0.1948267503618821,-0.20388224206744673,0.009055491705564633
15.15,-0.26233467235823227,-0.27922821812299725,0.016893545764764983
15.200000000000001,-0.2861560582164002,-0.3117533007896575,0.025597242573257295
15.25,-0.27473360467571695,-0.29637977245468594,0.021646167778968994
15.3,-0.2584114479903473,-0.2618519690576294,0.0034405210672820985
15.350000000000001,-0.25785273283456167,-0.24272780671011573,-0.015124926124445937
15.4,-0.2634016607915843,-0.24680115226736613,-0.016600508524218155
15.450000000000001,-0.24552913029598555,-0.24882338157305753,0.0032942512770719745
15.5,-0.18635388704853903,-0.21646234504268855,0.030108457994149518
15.55,-0.10176295743624383,-0.1437832338807202,0.04202027644447637
15.600000000000001,-0.03263337994085297,-0.06061783003882765,0.027984450097974678
15.65,-0.013023811834222885,-0.009250213373229196,-0.003773598460993689
15.700000000000001,-0.0443494576336466,-0.010231009189057805,-0.0341184484445888
15.75,-0.09762214609702125,-0.04789414348466137,-0.04972800261235988
15.8,-0.1387528025470885,-0.0861543116573931,-0.0525984908896954
15.850000000000001,-0.15159659715846602,-0.09700642413577241,-0.0545901730226936
15.9,-0.13874662138391064,-0.07493011648247438,-0.06381650490143626
15.950000000000001,-0.10392704402020586,-0.027248456012953715,-0.07667858800725215
16.0,-0.03755398031245579,0.045041435689335246,-0.08259541600179104
16.05,0.07827243700995754,0.1537186945664644,-0.07544625755650686
16.1,0.25038075891032113,0.3099525097995351,-0.05957175088921396
16.150000000000002,0.4606577928218538,0.5051765519683739,-0.04451875914652004
16.2,0.6715932944590819,0.7061347022271587,-0.03454140776807679
16.25,0.8456590277402127,0.8697474657273765,-0.024088437987163758
16.3,0.9604067817805777,0.9645727041570278,-0.004165922376450082
16.35,1.0075599287214045,0.9808773199100576,0.026682608811346986
16.400000000000002,0.9817179798026738,0.9239434956993723,0.05777448410330155
16.45,0.8741198651112194,0.8011504072358137,0.07296945787540576
16.5,0.6797552477211103,0.6168156074295367,0.06293964029157362
16.55,0.4105701202943216,0.37808867587058115,0.03248144442374046
16.6,0.10022273955362189,0.10296016138178922,-0.00273742182816733
16.650000000000002,-0.206115401407043,-0.17976542246411678,-0.026349978942926205
16.7,-0.4691415549555737,-0.4391710263009945,-0.029970528654579165
16.75,-0.6664591225797518,-0.6513675299735798,-0.015091592606171988
16.8,-0.7913499649803621,-0.8018779369953544,0.010527972014992226
16.85,-0.8451265542941919,-0.882522759843193,0.03739620554900103
16.900000000000002,-0.8324459445236649,-0.8895338481205008,0.05708790359683591
16.95,-0.7620581851694508,-0.826090375241295,0.06403219007184424
17.0,-0.6474804391585834,-0.7049222129707245,0.057441773812141106
17.05,-0.5026633998598813,-0.5448577644638688,0.04219436460398751
17.1,-0.3357054337262735,-0.36208639399902454,0.026380960272751053
17.150000000000002,-0.14873012640757471,-0.16462499864181798,0.015894872234243268
17.2,0.053144993776354045,0.0428525603811729,0.010292433395181148
17.25,0.25153955264735656,0.2472965221769898,0.004243030470366754
17.3,0.4151099384750114,0.421252550794339,-0.006142612319327612
17.35,0.513625645577787,0.5318893348734011,-0.01826368929561406
17.400000000000002,0.5352555890523051,0.5603127230174032,-0.025057133965098122
17.45,0.4918125034928975,0.5148088853164433,-0.022996381823545797
17.5,0.4069650020528308,0.4249966921247935,-0.018031690071962703
17.55,0.29824189389474925,0.3203690663213876,-0.022127172426638364
17.6,0.1693340697921913,0.21120769193094066,-0.04187362213874937
17.650000000000002,0.01876324998423285,0.08825521571488833,-0.06949196573065547
17.7,-0.14536228758348396,-0.059265211134227294,-0.08609707644925667
17.75,-0.3007183767007404,-0.22424828877960742,-0.076470087921133
17.8,-0.4220639690729869,-0.3789050996284918,-0.043158869444495096
17.85,-0.49804793915111384,-0.49134392152919726,-0.00670401762191658
17.900000000000002,-0.5373864398005282,-0.5471502932252398,0.009763853424711533
17.95,-0.5586432205058147,-0.5578633200110272,-0.0007799004947874888
18.0,-0.5736564563296112,-0.550335909693613,-0.02332054663599814
18.05,-0.5800590072804018,-0.546970526372743,-0.03308848090765881
18.1,-0.5683734767392404,-0.5525921973390827,-0.01578127940015772
18.150000000000002,-0.5344650529026566,-0.5557996278436032,0.021334574940946593
18.2,-0.48370473321043705,-0.539992038537046,0.05628730532660897
18.25,-0.42302928679414065,-0.49346199724938944,0.07043271045524879
18.3,-0.3504490620006123,-0.412313918516608,0.06186485651599566
18.35,-0.25442695555061445,-0.29810406347017065,0.0436771079195562
18.400000000000002,-0.12512896693394424,-0.15565628760354658,0.030527320669602342
18.45,0.0331303690785454,0.0065343846356265955,0.026595984442918802
18.5,0.20065211016976905,0.1755950736046909,0.025057036565078156
18.55,0.3537940789384457,0.33633784910605613,0.01745622983238959
18.6,0.478270439103745,0.47573194710078404,0.002538492002960968
18.650000000000002,0.5723197914915685,0.5862065449120184,-0.013886753420449871
18.7,0.6385153675470961,0.6649631400016801,-0.026447772454583962
18.75,0.6743272467142309,0.7103072211273499,-0.035979974413118954
18.8,0.6718927683410796,0.7187788758568849,-0.04688610751580535
18.85,0.6269226593740955,0.6858768654204422,-0.05895420604634671
18.900000000000002,0.5466145304939252,0.6097643942062033,-0.06314986371227815
18.95,0.4474181698816291,0.4949687202476084,-0.04755055036597933
19.0,0.3443226779873716,0.3535567243713753,-0.009234046384003713
19.05,0.24252735798329272,0.20337996538569952,0.0391473925975932
19.1,0.14019846688081722,0.06449956299359319,0.07569890388722403
19.150000000000002,0.03962837583899876,-0.044912727134348115,0.08454110297334688
19.200000000000003,-0.044816091186955904,-0.11213916418622252,0.06732307299926663
19.25,-0.09089458041637709,-0.1318725814797835,0.04097800106340642
19.3,-0.08218791203516301,-0.10583528428984429,0.023647372254681276
19.35,-0.019689981591466045,-0.04072102340526882,0.021031041813802775
19.400000000000002,0.07801803338668539,0.05339178743998747,0.02462624594669792
19.450000000000003,0.184708565636889,0.16247295892465036,0.022235606712238648
19.5,0.27717503484415973,0.2670211051180175,0.010153929726142208
19.55,0.3391296801052308,0.34342776996643043,-0.0042980898611996166
19.6,0.35943345371340985,0.3708605021959239,-0.01142704848251408
19.650000000000002,0.3312343934644861,0.34104287453276033,-0.009808481068274255
19.700000000000003,0.25537161940486697,0.2636171764865253,-0.008245557081658306
19.75,0.14396679685013417,0.16117652745698471,-0.01720973060685055
19.8,0.01770205506801869,0.05591578636284397,-0.03821373129482528
19.85,-0.10364654474155527,-0.04230662043209053,-0.061339924309464736
19.900000000000002,-0.20975128268239734,-0.1367276155530862,-0.07302366712931113
19.950000000000003,-0.29908563037981034,-0.23262985586640547,-0.06645577451340487
20.0,-0.3696072613785582,-0.32446064069364167,-0.04514662068491654
20.05,-0.4108071034519286,-0.3931985560639287,-0.01760854738799994
20.1,-0.4068721859256293,-0.4170345128088511,0.010162326883221828
20.150000000000002,-0.3496712818527409,-0.3862471967363572,0.036575914883616334
20.200000000000003,-0.24915350370456898,-0.3091986743837105,0.06004517067914153
20.25,-0.12949867749752408,-0.2045774603113389,0.0750787828138148
20.3,-0.012583023462340168,-0.08772438782192944,0.07514136435958928
20.35,0.0964191285104937,0.03599631470245391,0.06042281380803979
20.400000000000002,0.20688914490499538,0.16513401788574444,0.04175512701925094
20.450000000000003,0.3246981513544682,0.2903658910670757,0.0343322602873925
20.5,0.434738400522424,0.38964815273163456,0.04509024779078946
20.55,0.5016629461581836,0.4363193236276637,0.06534362253051995
20.6,0.49064987022992423,0.41377471933808846,0.07687515089183578
20.650000000000002,0.3915545604971401,0.324180063223177,0.06737449727396311
20.700000000000003,0.22605415002121984,0.1844465507629699,0.041607599258249944
20.75,0.032141611253536095,0.014388906496058534,0.01775270475747756
20.8,-0.1599968031406468,-0.171753226161894,0.011756423021247214
20.85,-0.3402281253737935,-0.36398068640008013,0.023752561026286645
20.900000000000002,-0.5105794905129275,-0.5492862750705734,0.03870678455764587
20.950000000000003,-0.667740529294086,-0.7079167793501191,0.04017625005603309
21.0,-0.7941462400051663,-0.8182765009859952,0.024130260980828933
21.05,-0.8659991745390829,-0.8664975244992117,0.0004983499601287633
21.1,-0.8698091182418772,-0.8521627630258544,-0.01764635521602287
21.150000000000002,-0.8116782318518484,-0.785810126652668,-0.02586810519918037
21.200000000000003,-0.7117882372196261,-0.6817808887176879,-0.030007348501938202
21.25,-0.5910046458234818,-0.553412032098923,-0.0375926137245588
21.3,-0.46259469850652973,-0.4135319934615292,-0.04906270504500054
21.35,-0.33471472545734693,-0.2767351282054488,-0.05797959725189811
21.400000000000002,-0.21741130756623073,-0.1582178754363928,-0.059193432129837936
21.450000000000003,-0.1241389088593054,-0.06864319672571513,-0.055495712133590266
21.5,-0.06540517991436276,-0.009986402681808148,-0.05541877723255461
21.55,-0.04192839822104411,0.022840507867786446,-0.06476890608883056
21.6,-0.045500675994483,0.03572300514024578,-0.08122368113472878
21.650000000000002,-0.06677538769317065,0.030829273707410836,-0.0976046614005815
21.700000000000003,-0.10078901218657883,0.008755834110697917,-0.10954484629727675
21.75,-0.14321369210836093,-0.024865665275771567,-0.11834802683258937
21.8,-0.18138265503172182,-0.05577964630282264,-0.12560300872889918
21.85,-0.19180764299698802,-0.06549469867871285,-0.12631294431827517
21.900000000000002,-0.15065134433795863,-0.04042640831145393,-0.1102249360265047
21.950000000000003,-0.04967101388104652,0.022801452077609755,-0.07247246595865628
22.0,0.097796789851312,0.12098314062948502,-0.02318635077817302
22.05,0.2683266997171805,0.25260157722150633,0.01572512249567415
22.1,0.44752963438156385,0.42082087807733065,0.026708756304233194
22.150000000000002,0.6376908272356266,0.625851291425249,0.011839535810377666
22.200000000000003,0.844552934090569,0.8524254548996317,-0.007872520809062755
22.25,1.0547127610629132,1.0648818919550738,-0.010169130892160538
22.3,1.2266419879223653,1.2173760295642864,0.009265958358078974
22.35,1.3078085314116117,1.2738169287154757,0.03399160269613599
22.400000000000002,1.2663292262469696,1.2231383473294544,0.043190878917515274
22.450000000000003,1.110805335738915,1.0791271785356977,0.031678157203217205
22.5,0.8814688813282374,0.8671531385110967,0.014315742817140764
22.55,0.6213494610315798,0.6106232349551467,0.010726226076433143
22.6,0.3536829503216876,0.32820273454796417,0.025480215773723447
22.650000000000002,0.08435969145001014,0.0409474589137749,0.04341223253623524
22.700000000000003,-0.17695000663623428,-0.22174493066759682,0.04479492403136254
22.75,-0.4016895288590997,-0.42710322579634225,0.025413696937242547
22.8,-0.5515893052782187,-0.5531912495510476,0.0016019442728288924
22.85,-0.6055496566282256,-0.6005620939275114,-0.00498756270071421
22.900000000000002,-0.5789309031422671,-0.5907533994696051,0.011822496327338006
22.950000000000003,-0.5158195791907242,-0.5523984039741074,0.03657882478338326
23.0,-0.45965889415314626,-0.5062970319254101,0.04663813777226383
23.05,-0.42731742658778665,-0.4605635369221914,0.03324611033440472
23.1,-0.4075137958505063,-0.4166888255279119,0.009175029677405633
23.150000000000002,-0.38131394489579096,-0.37748424336330777,-0.0038297015324831873
23.200000000000003,-0.34311360025401055,-0.34796879294984595,0.0048551926958353975
23.25,-0.30315268164664616,-0.3294777086588957,0.026325027012249536
23.3,-0.2728921703728921,-0.3154741331385109,0.04258196276561882
23.35,-0.2512423749143038,-0.2958765801095279,0.0446342051952241
23.400000000000002,-0.22643477344443605,-0.266845386869925,0.040410613425488934
23.450000000000003,-0.19011459236383638,-0.2355498199346257,0.04543522757078933
23.5,-0.14692823751359632,-0.21309126246024243,0.06616302494664611
23.55,-0.1083463375153368,-0.20075497640082948,0.09240863888549268
23.6,-0.07728180155147531,-0.183092076246434,0.1058102746949587
23.650000000000002,-0.04079284752883721,-0.1366215524910462,0.095828704962209
23.700000000000003,0.019907232735843876,-0.04846718825955388,0.06837442099539776
23.75,0.11136612733048415,0.07134577499318379,0.04002035233730036
23.8,0.22016159655976197,0.19591120778651164,0.024250388773250336
23.85,0.32378974141024264,0.30147355622679917,0.02231618518344347
23.900000000000002,0.40921954829036994,0.3838182553397413,0.02540129295062865
23.950000000000003,0.4800115314783542,0.45600618288082856,0.024005348597525622
24.0,0.5447066285384636,0.5294059383211458,0.015300690217317836
24.05,0.5990224305804167,0.5958043388363707,0.00321809174404597
24.1,0.6215867782918058,0.6280449994935311,-0.006458221201725345
24.150000000000002,0.5895487575775021,0.5999475540831003,-0.010398796505598162
24.200000000000003,0.49976650971784864,0.5083955403701989,-0.008629030652350211
24.25,0.3745775252857487,0.3780172543425654,-0.003439729056816665
24.3,0.24568994407712408,0.24421177519935883,0.0014781688777652513
24.35,0.13112234863160818,0.1293092266208597,0.0018131220107484858
24.400000000000002,0.026796623409192758,0.032028303699035345,-0.005231680289842586
24.450000000000003,-0.08043177294550781,-0.062380886506703835,-0.018050886438803974
24.5,-0.19283976719217621,-0.16255532443902113,-0.03028444275315509
24.55,-0.29579323637822647,-0.2605481398762077,-0.03524509650201879
24.6,-0.3714349448816881,-0.3390151310247936,-0.03241981385689452
24.650000000000002,-0.4172602071726597,-0.3876131716795077,-0.029647035493152007
24.700000000000003,-0.4495838267750319,-0.4123709389072194,-0.037212887867812516
24.75,-0.4875627979157792,-0.42977492056378297,-0.05778787735199625
24.8,-0.5337993009241402,-0.4523778934732755,-0.08142140745086468
24.85,-0.5715683203943766,-0.4800489305294183,-0.09151938986495822
24.900000000000002,-0.5819872668905676,-0.5041078264242087,-0.07787944046635886
24.950000000000003,-0.5638426952123278,-0.5182136235691052,-0.04562907164322261
25.0,-0.5354126674178322,-0.5236059524236644,-0.011806714994167855
25.05,-0.5153392070169501,-0.5230478864038974,0.007708679386947304
25.1,-0.5009288205048434,-0.5103209610909515,0.009392140586108044
25.150000000000002,-0.46578663174391577,-0.46755520384694643,0.0017685721030306634
25.200000000000003,-0.3805460458473148,-0.37549474622831036,-0.005051299619004412
25.25,-0.23824627867208228,-0.22903887529627176,-0.009207403375810524
25.3,-0.061299899871803384,-0.04453740876448492,-0.016762491107318464
25.35,0.11562753822363281,0.1479351881602015,-0.03230764993656868
25.400000000000002,0.27012996643815756,0.32111421065796036,-0.0509842442198028
25.450000000000003,0.4013933798129835,0.46246415492251813,-0.061070775109534625
25.5,0.5174642402814645,0.5728470197685747,-0.05538277948711012
25.55,0.615038630027557,0.6551178296958721,-0.04007919966831508
25.6,0.672870386187282,0.70382796504626,-0.030957578858977985
25.650000000000002,0.6658672610131321,0.7049481946473356,-0.03908093363420351
25.700000000000003,0.5866512560502829,0.6451697414553715,-0.05851848540508864
25.75,0.4543855818956041,0.5227132563255464,-0.06832767442994236
25.8,0.302981219300844,0.3516064514155285,-0.0486252321146845
25.85,0.15982014424529545,0.157516190783172,0.002303953462123448
25.900000000000002,0.03375108535319103,-0.03079099572449937,0.0645420810776904
25.950000000000003,-0.07892959430244281,-0.18895374296233575,0.11002414865989293
26.0,-0.1788905912760533,-0.3008231413932693,0.12193255011721602
26.05,-0.25482014798400743,-0.3590973197450258,0.10427717176101836
26.1,-0.2896631073961735,-0.3644585387918305,0.07479543139565697
26.150000000000002,-0.2757889364378455,-0.32438159282329426,0.04859265638544874
26.200000000000003,-0.22500093669678095,-0.2521138767927722,0.027112940095991245
26.25,-0.1646071322974078,-0.16588530173174232,0.0012781694343345085
26.3,-0.12297751451957985,-0.08761277061391788,-0.035364743905661966
26.35,-0.11573639444757032,-0.03948231642087989,-0.07625407802669043
26.400000000000002,-0.1413558777437412,-0.03740004591336751,-0.10395583183037369
26.450000000000003,-0.18643930808752185,-0.08323537003180131,-0.10320393805572053
26.5,-0.23459312596616425,-0.16099729943762847,-0.07359582652853577
26.55,-0.27277848359010726,-0.24175485656793907,-0.031023627022168182
26.6,-0.293162086213167,-0.2966933293231242,0.0035312431099572272
26.650000000000002,-0.2919515536004988,-0.3107680234151129,0.0188164698146141
26.700000000000003,-0.26734098573160053,-0.2873958823188176,0.02005489658721704
26.75,-0.21791067371407974,-0.2406612837026698,0.022750609988590048
26.8,-0.14246970539580855,-0.18147953456771823,0.03900982917190968
26.85,-0.04211245327183331,-0.10947181669213078,0.06735936342029747
26.900000000000002,0.07618421652071385,-0.017667964482978547,0.09385218100369239
26.950000000000003,0.19735749393557744,0.09399871143160611,0.10335878250397133
27.0,0.30082451432849316,0.20850245477621437,0.09232205955227879
27.05,0.3680160831319552,0.2947298593482413,0.07328622378371391
27.1,0.3903481280376071,0.3229371030476492,0.06741102498995788
27.150000000000002,0.3715775903918424,0.2820361773450391,0.0895414130468033
27.200000000000003,0.32268646823295866,0.18702920527379976,0.1356572629591589
27.25,0.25412975104597596,0.07264600529670355,0.1814837457492724
27.3,0.17287932184270147,-0.021520092809843013,0.19439941465254448
27.35,0.08686059662308618,-0.06555918832205934,0.15241978494514552
27.400000000000002,0.011197233837380912,-0.047729481412068196,0.058926715249449105
27.450000000000003,-0.03258256151496766,0.023995266913418165,-0.056577828428385823
27.5,-0.027306968281098788,0.12602016594586948,-0.15332713422696828
27.55,0.02649240247300128,0.22783205296227663,-0.20133965048927535
27.6,0.10669632244334656,0.3036017964380796,-0.19690547399473304
27.650000000000002,0.1806510333877939,0.34216685629857957,-0.16151582291078567
27.700000000000003,0.2238497007221767,0.34922598449474407,-0.12537628377256738
27.75,0.23166101544837106,0.33913504505442965,-0.10747402960605859
27.8,0.21515765128197628,0.3215115270563214,-0.10635387577434513
27.85,0.1861007377703851,0.2932298316262709,-0.10712909385588582
27.900000000000002,0.14566045019035095,0.2430220732264507,-0.09736162303609974
27.950000000000003,0.08734423228219632,0.16513656895284284,-0.07779233667064653
28.0,0.010470224468035824,0.06961644354936296,-0.05914621908132713
28.05,-0.07021450899514312,-0.021267046292199443,-0.04894746270294367
28.1,-0.12994121320572583,-0.08858040742356019,-0.04136080578216564
28.150000000000002,-0.1510204883018127,-0.13060250302971996,-0.020417985272092737
28.200000000000003,-0.13636421401702062,-0.16152657578633628,0.02516236176931566
28.25,-0.10662136752783069,-0.19483078330133058,0.08820941577349989
28.3,-0.083162796860789,-0.22606735695678926,0.14290456009600025
28.35,-0.07253107692752006,-0.2321868396755156,0.15965576274799553
28.400000000000002,-0.0665573707304535,-0.19086094334332931,0.12430357261287582
28.450000000000003,-0.05706427121884042,-0.10484444774617778,0.04778017652733736
28.5,-0.049541877050633155,-0.009733926979305363,-0.03980795007132779
28.55,-0.06083726113681451,0.044501009620023,-0.10533827075683751
28.6,-0.10170804228395026,0.026449368108600102,-0.12815741039255035
28.650000000000002,-0.16097121260841368,-0.05392061247814572,-0.10705060013026796
28.700000000000003,-0.20804048240411596,-0.15024225327211896,-0.057798229131997
28.75,-0.21389603583774797,-0.20901561154503082,-0.00488042429271715
28.8,-0.17256943296328492,-0.20140133180765682,0.0288318988443719
28.85,-0.10364530761815932,-0.13509603226319614,0.031450724645036815
28.900000000000002,-0.033440825704741946,-0.040551987330460865,0.007111161625718919
28.950000000000003,0.027443245375506558,0.05430279161421071,-0.026859546238704155
29.0,0.08891661265125357,0.13965072939573053,-0.05073411674447696
29.05,0.16413155955441494,0.21901453307520907,-0.05488297352079413
29.1,0.2473437760045077,0.29175985893844614,-0.04441608293393845
29.150000000000002,0.3095936648840046,0.34103341034287066,-0.031439745458866075
29.200000000000003,0.318508373331166,0.3397844628000141,-0.021276089468848125
29.25,0.26547996179450806,0.27125419862111355,-0.005774236826605494
29.3,0.17574049595735397,0.14721783433841187,0.028522661618942097
29.35,0.0920014977171243,0.008163921304637731,0.08383757641248657
29.400000000000002,0.04608235132551361,-0.09643611697089427,0.14251846829640788
29.450000000000003,0.04287525166525931,-0.13411684979433405,0.17699210145959338
29.5,0.06810888872481925,-0.10346656342675035,0.1715754521515696
29.55,0.1086962371735394,-0.027746761273935185,0.1364429984474746
29.6,0.16404251402003794,0.06467257020180049,0.09936994381823745
29.650000000000002,0.23799769729771433,0.15680951595403142,0.08118818134368291
29.700000000000003,0.32202546713358043,0.24470568714856855,0.07731977998501188
29.75,0.3893783231448554,0.325842549308566,0.06353577383628939
29.8,0.40860769428629945,0.386861206756621,0.02174648752967845
29.85,0.3646422432351305,0.40273272478263905,-0.03809048154750855
29.900000000000002,0.2675635104741168,0.3490709112547054,-0.0815074007805886
29.950000000000003,0.1412796151364285,0.2181675931423947,-0.0768879780059662
30.0,0.0040684261378814675,0.02671019720056902,-0.022641771062687555
30.05,-0.13980171709696226,-0.1897930761255723,0.049991359028610044
30.1,-0.29065862813611865,-0.3910557262075017,0.10039709807138303
30.150000000000002,-0.4385335752196549,-0.5453482877914478,0.10681471257179292
30.200000000000003,-0.5607650939004706,-0.6362346629107493,0.07546956901027868
30.25,-0.6364320943592248,-0.6629835693919149,0.026551475032690175
30.3,-0.6633052275694242,-0.6378839206322136,-0.025421306937210675
30.35,-0.6591426065376336,-0.5820687673073475,-0.0770738392302861
30.400000000000002,-0.6446421046791835,-0.5191065504960934,-0.12553555418309004
30.450000000000003,-0.6244410634675065,-0.46655019938099096,-0.15789086408651554
30.5,-0.5852246643359896,-0.4291265782992224,-0.15609808603676723
30.55,-0.5129025047576626,-0.398609077735401,-0.11429342702226164
30.6,-0.41117633555440464,-0.3615308872277702,-0.04964544832663442
30.650000000000002,-0.3020230196664998,-0.30943059321450744,0.00740757354800764
30.700000000000003,-0.207002668761275,-0.24363432223878453,0.036631653477509546
30.75,-0.12830184552365786,-0.17112621632244485,0.04282437079878698
30.8,-0.04933510275019937,-0.09619473765335385,0.04685963490315448
30.85,0.04486723946614113,-0.016536197406923563,0.061403436873064696
30.900000000000002,0.14763483698287228,0.07183676581684022,0.07579807116603206
30.950000000000003,0.23139933757502223,0.16531446365238914,0.0660848739226331
31.0,0.2691591379875821,0.24824026370906468,0.020918874278517435
31.05,0.2560801781167541,0.2985159359809417,-0.04243575786418763
31.1,0.2108246833132018,0.29951742107707197,-0.08869273776387016
31.150000000000002,0.1567760322088765,0.24918757916797654,-0.09241154695910003
31.200000000000003,0.10313020698377984,0.16023761312768664,-0.0571074061439068
31.25,0.04463442187889661,0.0533758026448128,-0.008741380765916192
31.3,-0.02181499728537656,-0.04968546858761548,0.027870471302238922
31.35,-0.08370320188715613,-0.1292693993496871,0.04556619746253096
31.400000000000002,-0.11914319923886751,-0.1688900323538657,0.049746833114998196
31.450000000000003,-0.11787171551588711,-0.159073934025229,0.0412022185093419
31.5,-0.09504936972527739,-0.10415333729225336,0.00910396756697597
31.55,-0.08185486444776385,-0.026170595864117185,-0.05568426858364667
31.6,-0.10023058222179981,0.04058947098313368,-0.1408200532049335
31.650000000000002,-0.14587135422039935,0.06407806318378838,-0.2099494174041877
31.700000000000003,-0.1958511177890089,0.029429928749035585,-0.22528104653804448
31.75,-0.2324542277739982,-0.055506422336205515,-0.1769478054377927
31.8,-0.2582183726037576,-0.16667416532284615,-0.09154420728091142
31.85,-0.2863451816264595,-0.27575571572920693,-0.01058946589725257
31.900000000000002,-0.31661363756971694,-0.3583407248029749,0.041727087233257965
31.950000000000003,-0.3231231496504071,-0.39493426395275494,0.07181111430234782
32.0,-0.26940552076696317,-0.3692918820906922,0.09988636132372902
32.050000000000004,-0.13890576690617812,-0.27046177791978726,0.13155601101360914
32.1,0.047721954013631454,-0.09941657312219873,0.1471385271358302
32.15,0.24545713038901731,0.12545412687558494,0.12000300351343238
32.2,0.4161982654013157,0.37030649032344953,0.04589177507786618
32.25,0.5495577724834487,0.5955807557368967,-0.046022983253448
32.300000000000004,0.6555605287296422,0.7675497719234543,-0.1119892431938121
32.35,0.7399957820401418,0.8653703742209959,-0.12537459218085412
32.4,0.7899531533027078,0.8825631570586617,-0.09261000375595396
32.45,0.7855018449309551,0.8264679978996328,-0.04096615296867767
32.5,0.7255049737134939,0.7182733833777061,0.007231590335787796
32.550000000000004,0.6397397021339697,0.59146425413404,0.048275447999929666
32.6,0.5720925350263562,0.4843910385224718,0.08770149650388437
32.65,0.5482299248823782,0.4268184444453439,0.12141148043703431
32.7,0.5572380854620042,0.4271789045350062,0.13005918092699797
32.75,0.5641480455256891,0.4694091444886394,0.09473890103704968
32.800000000000004,0.54129201713038,0.5223657762330384,0.01892624089734163
32.85,0.4893533901913356,0.55562122131245,-0.06626783112111434
32.9,0.4300185476065518,0.5512724545309431,-0.12125390692439131
32.95,0.3798907073987748,0.5058725762614418,-0.125981868862667
33.0,0.3325515517951621,0.4250668674505168,-0.0925153156553547
33.050000000000004,0.2662405887038287,0.31794554457567203,-0.05170495587184332
33.1,0.16874723041475256,0.19522524254702942,-0.02647801213227685
33.15,0.05435632083578339,0.06945956195120213,-0.015103241115418747
33.2,-0.04425139720298469,-0.04667774767481577,0.002426350471831082
33.25,-0.10209905937191245,-0.14456440639799703,0.04246534702608458
33.300000000000004,-0.12227706315259014,-0.2224842194571995,0.10020715630460937
33.35,-0.13278408540442072,-0.28378733660660665,0.15100325120218594
33.4,-0.16378499565513,-0.3319614903986655,0.16817649474353552
33.45,-0.22583497405170744,-0.3680122840458435,0.14217730999413608
33.5,-0.3066708994762643,-0.39329252929576863,0.08662162981950433
33.550000000000004,-0.38628214297942026,-0.414513359527853,0.028231216548432747
33.6,-0.4546084860066225,-0.4441591908920973,-0.010449295114525192
33.65,-0.5164447412583167,-0.49344692188189804,-0.022997819376418704
33.7,-0.5815404546790305,-0.5629165068040628,-0.018623947874967683
33.75,-0.6509179795268323,-0.6394220388858727,-0.011495940640959601
33.800000000000004,-0.7120259921779823,-0.7032181090216592,-0.008807883156323193
33.85,-0.7460768709995327,-0.7394940510270979,-0.006582819972434817
33.9,-0.7403676622179863,-0.7444080298188079,0.004040367600821604
33.95,-0.6953269124928613,-0.7210175354824394,0.025690622989578138
34.0,-0.6214699922762127,-0.6703806064774264,0.048910614201213676
34.050000000000004,-0.529692334935743,-0.587641514004002,0.05794917906825903
34.1,-0.42295561262868375,-0.46751526431391077,0.04455965168522702
34.15,-0.295871023428005,-0.31369790510585543,0.01782688167785046
34.2,-0.14271394502830906,-0.1423643609555122,-0.00034958407279686576
34.25,0.03196704706222054,0.024531450785333853,0.007435596276886686
34.300000000000004,0.2086295858493591,0.17059126974636182,0.038038316102997266
34.35,0.35896968318877526,0.29104985121519483,0.06791983197358042
34.4,0.4600745084066126,0.38894334053898194,0.07113116786763068
34.45,0.5062754585921884,0.4659743959312071,0.04030106266098127
34.5,0.5087636904625799,0.5168018995799315,-0.008038209117351647
34.550000000000004,0.4823595339895388,0.5310652017443704,-0.04870566775483165
34.6,0.4304734213135235,0.499816357393992,-0.06934293608046849
34.65,0.3425165006281038,0.42009389535685593,-0.07757739472875214
34.7,0.20796689689842313,0.29525328086555763,-0.0872863839671345
34.75,0.03540324785065756,0.13400077629408233,-0.09859752844342477
34.800000000000004,-0.1421858505886764,-0.04855292093241582,-0.09363292965626058
34.85,-0.28420360063956784,-0.22925185446662102,-0.05495174617294682
34.9,-0.36965750955759213,-0.37978335611408864,0.01012584655649651
34.95,-0.41153883622638376,-0.4764687029082014,0.06492986668181766
35.0,-0.44437676502817935,-0.5120595870467098,0.06768282201853049
35.050000000000004,-0.4942806207676732,-0.5004774886965054,0.006196867928832228
35.1,-0.5570943972820036,-0.469600107801768,-0.08749428948023563
35.15,-0.603658250751261,-0.44653128494264105,-0.15712696580861996
35.2,-0.6067338571734835,-0.44551078808409184,-0.16122306908939166
35.25,-0.5644050534315245,-0.4652811240494126,-0.0991239293821119
35.300000000000004,-0.4985482553396759,-0.4939460756283782,-0.0046021797112976714
35.35,-0.4309912586187118,-0.51413462458984,0.08314336597112826
35.4,-0.36135442417705166,-0.5045969289595876,0.14324250478253597
35.45,-0.2686408800694093,-0.44184017844513146,0.17319929837572218
35.5,-0.1351965857774981,-0.30792215152093055,0.17272556574343245
35.550000000000004,0.030506185501816295,-0.10405136355801943,0.13455754905983572
35.6,0.19498909286183116,0.13976413254031367,0.0552249603215175
35.65,0.32439866168379233,0.3705851003213815,-0.046186438637589144
35.7,0.4093890716286873,0.5354927331224889,-0.1261036614938016
35.75,0.4667715000504323,0.6087417320689119,-0.14197023201847964
35.800000000000004,0.5171046792795365,0.6042660165646749,-0.08716133728513842
35.85,0.5607917624271473,0.563779865839801,-0.002988103412653653
35.9,0.5765226632031653,0.5284843003052335,0.04803836289793173
35.95,0.5438527832431971,0.51454645124005,0.02930633200314703
36.0,0.4678487357746907,0.5091212531579526,-0.04127251738326193
36.050000000000004,0.3812214536302963,0.4875738320125381,-0.10635237838224182
36.1,0.32057897064316193,0.43677119550216936,-0.11619222485900743
36.15,0.29793024922834516,0.3660859406259706,-0.06815569139762545
36.2,0.29309212117477645,0.29880423322966804,-0.005712112054891583
36.25,0.2733229831587581,0.2524677162560485,0.020855266902709557
36.300000000000004,0.2219590309440936,0.22478352092028944,-0.002824489976195832
36.35,0.1508574811943164,0.19637990755449727,-0.04552242636018086
36.4,0.08751357317347601,0.14778619197426196,-0.06027261880078595
36.45,0.05075046489878266,0.07673140895154076,-0.025980944052758102
36.5,0.03747990465720548,0.0018516165292262474,0.03562828812797923
36.550000000000004,0.030605462742144658,-0.05010412400006891,0.08070958674221357
36.6,0.017896635899539135,-0.0633158966462878,0.08121253254582693
36.65,0.002835838184086148,-0.043170358189473935,0.046006196373560085
36.7,-0.001967353175072408,-0.010332231137265536,0.008364877962193129
36.75,0.00919704336863415,0.015142759856123832,-0.0059457164874896825
36.800000000000004,0.026035942237975878,0.025320038668723267,0.0007159035692526107
36.85,0.028839813853546004,0.022108097952400024,0.00673171590114598
36.9,0.004358651250308531,0.00569486369554569,-0.0013362124452371595
36.95,-0.0436088730069394,-0.031777538983136025,-0.011831334023803375
37.0,-0.09785001311069866,-0.0971957650954583,-0.0006542480152403607
37.050000000000004,-0.14140066903117604,-0.17837969491147146,0.03697902588029542
37.1,-0.16880249403541708,-0.23639925943000853,0.06759676539459145
37.15,-0.1859040439413284,-0.22321231027905272,0.03730826633772433
37.2,-0.19992936879555614,-0.11773535806397044,-0.0821940107315857
37.25,-0.20955236352972728,0.04746739551989363,-0.25701975904962093
37.300000000000004,-0.20347637960933695,0.1958871122297401,-0.39936349183907704
37.35,-0.16780233730434801,0.2538828319489225,-0.42168516925327054
37.4,-0.09518275404334241,0.20327905007056649,-0.2984618041139089
37.45,0.011566224332846216,0.09871041229418341,-0.08714418796133719
37.5,0.142801759858328,0.03275033304984961,0.11005142680847838
37.550000000000004,0.2875532636566062,0.07230850084774855,0.21524476280885768
37.6,0.4354433221295697,0.21341839945760965,0.22202492267196006
37.65,0.5739448795899732,0.3877679516783417,0.18617692791163148
37.7,0.6854442153967314,0.5137831752061918,0.17166104019053963
37.75,0.749618266764534,0.5511802869970212,0.19843797976751287
37.800000000000004,0.7518620698778097,0.5182142581412224,0.23364781173658733
37.85,0.6920389132861191,0.46353276176755004,0.22850615151856907
37.9,0.5858042740660199,0.4208283384162375,0.16497593564978236
37.95,0.45584791465243235,0.38443280796922386,0.0714151066832085
38.0,0.31890301881218114,0.32202799747542193,-0.003124978663240796
38.050000000000004,0.17879578723636963,0.20836182294500435,-0.029566035708634725
38.1,0.03139308773867931,0.04917746095506654,-0.017784373216387227
38.15,-0.12303446918680748,-0.12272941044689151,-0.00030505873991597265
38.2,-0.2718029164503941,-0.2718707770778537,6.786062745955945e-05
38.25,-0.3948372849315918,-0.38227855058306653,-0.01255873434852528
38.300000000000004,-0.4795846010471659,-0.46108713438106136,-0.018497466666104523
38.35,-0.53242277347349,-0.5252417161383205,-0.007181057335169494
38.400000000000006,-0.574612077592224,-0.5858000473464022,0.01118796975417824
38.45,-0.6240631834195801,-0.6421050947028337,0.01804191128325361
38.5,-0.6779146223195002,-0.6865112955964489,0.008596673276948685
38.550000000000004,-0.7120448473672665,-0.7117376924229428,-0.000307154944323651
38.6,-0.6997612205957081,-0.7139390523180488,0.014177831722340661
38.650000000000006,-0.634641602969895,-0.6914009052259789,0.05675930225608383
38.7,-0.5376978137634488,-0.6431613265442567,0.1054635127808079
38.75,-0.4420041357946937,-0.5701872175047372,0.1281830817100435
38.800000000000004,-0.36772010613215494,-0.4774300235276598,0.10970991739550484
38.85,-0.3091682526553296,-0.373585245700675,0.06441699304534537
38.900000000000006,-0.24498222536352382,-0.26798516952084,0.023002944157316185
38.95,-0.16167513781354298,-0.16730346967482207,0.00562833186127909
39.0,-0.06906749042250909,-0.07493896931132797,0.005871478888818879
39.050000000000004,0.006262180865728637,0.0068483953358313265,-0.0005862144701026892
39.1,0.04317473266492372,0.07454852022914518,-0.03137378756422146
39.150000000000006,0.04346786333013483,0.12312302207097797,-0.07965515874084314
39.2,0.029125589917375933,0.14798714524528314,-0.11886155532790721
39.25,0.02250840447781546,0.14753354138932306,-0.1250251369115076
39.300000000000004,0.027819276838906677,0.12436463402769991,-0.09654535718879323
39.35,0.030118695497053503,0.0844761039790754,-0.0543574084820219
39.400000000000006,0.011585230447667993,0.034798663193976065,-0.02321343274630807
39.45,-0.030573175167220735,-0.01954712494228735,-0.011026050224933383
39.5,-0.08045166897141426,-0.07622941940024025,-0.004222249571174008
39.550000000000004,-0.11606638008805753,-0.13326986292442342,0.017203482836365885
39.6,-0.1259178139256581,-0.1840539180192001,0.058136104093542
39.650000000000006,-0.11518973144478355,-0.2141833700491802,0.09899363860439665
39.7,-0.09815032461263329,-0.20549825146141731,0.10734792684878403
39.75,-0.08572704174428453,-0.14799162413716432,0.0622645823928798
39.800000000000004,-0.07971148541314825,-0.0523481879236575,-0.027363297489490748
39.85,-0.07670901676773886,0.04833763164270122,-0.12504664841044008
39.900000000000006,-0.07513360729433806,0.1134527692162209,-0.18858637651055896
39.95,-0.0768914319206491,0.11902370049831411,-0.1959151324189632
40.0,-0.08250541088770647,0.07396518743750849,-0.15647059832521495
40.050000000000004,-0.08616565972173727,0.014826137710060762,-0.10099179743179804
40.1,-0.07743378534890095,-0.01850105822402266,-0.05893272712487829
40.150000000000006,-0.04908967733750624,-0.00808071317971126,-0.04100896415779498
40.2,-0.0035808831873860893,0.03484706468029441,-0.0384279478676805
40.25,0.04890514922997854,0.08471074087905851,-0.035805591649079975
40.300000000000004,0.09986577547163614,0.1243340221577375,-0.02446824668610137
40.35,0.15093724505238026,0.15628370741929795,-0.005346462366917687
40.400000000000006,0.21304299612740954,0.19555100290673852,0.01749199322067102
40.45,0.29596102633842525,0.2533766017312942,0.04258442460713102
40.5,0.39681770155715834,0.328126952485927,0.06869074907123135
40.550000000000004,0.4975571039937626,0.4095936182572731,0.08796348573648949
40.6,0.5741985729970778,0.48881095632500343,0.08538761667207434
40.650000000000006,0.610864993021808,0.5612943577107106,0.0495706353110974
40.7,0.6075675489881796,0.6209964934590526,-0.013428944470873061
40.75,0.5759753853700684,0.6542332567163132,-0.07825787134624473
40.800000000000004,0.5274382011257782,0.6438193471821275,-0.1163811460563493
40.85,0.46388702076138294,0.582236915107029,-0.11834989434564608
40.900000000000006,0.37951764519384057,0.48118557164705594,-0.10166792645321537
40.95,0.2715845878463638,0.3663451796022533,-0.09476059175588952
41.0,0.15029397745429135,0.2601549298054652,-0.10986095235117382
41.050000000000004,0.03797949606509523,0.16783276745950693,-0.1298532713944117
41.1,-0.04325904903768488,0.07955000408429411,-0.12280905312197898
41.150000000000006,-0.08584873794496901,-0.013691753528532968,-0.07215698441643605
41.2,-0.10062820713020702,-0.10611366272030845,0.005485455590101426
41.25,-0.10599376305707085,-0.17847346312589515,0.0724797000688243
41.300000000000004,-0.11054836988576687,-0.21260052302732838,0.1020521531415615
41.35,-0.10390373185067693,-0.20436760015836647,0.10046386830768954
41.400000000000006,-0.06438941591612586,-0.16297435802420526,0.0985849421080794
41.45,0.021517839108931822,-0.09920858147903919,0.120726420587971
41.5,0.1435710760576045,-0.016563707531591153,0.16013478358919564
41.550000000000004,0.2690386289866404,0.08488255285859664,0.18415607612804374
41.6,0.36041687891014035,0.19650566741654737,0.16391121149359297
41.650000000000006,0.39577206733123926,0.29521566665473203,0.10055640067650723
41.7,0.3762792923266892,0.35187989060231284,0.02439940172437638
41.75,0.3168404765041819,0.3474467881159937,-0.03060631161181182
41.800000000000004,0.22984471901196543,0.28196022870188014,-0.05211550968991471
41.85,0.11680838128096777,0.16891405638003437,-0.052105675099066606
41.900000000000006,-0.0257765405384409,0.022325039425406375,-0.04810157996384727
41.95,-0.19337232919434247,-0.14938849937925477,-0.043983829815087694
42.0,-0.36619916998158647,-0.33717158720287504,-0.029027582778711425
42.050000000000004,-0.5149891948276824,-0.5215972543511348,0.0066080595234524475
42.1,-0.6149260378169789,-0.6730209891713972,0.058094951354418334
42.150000000000006,-0.6563727142736963,-0.76453229522287,0.10815958094917377
42.2,-0.6449054068805259,-0.7862906474558077,0.1413852405752818
42.25,-0.5929209837752062,-0.7473329120875128,0.15441192831230666
42.300000000000004,-0.5112739923504926,-0.6634605153373632,0.15218652298687052
42.35,-0.40715339054038835,-0.5442628027492356,0.1371094122088472
42.400000000000006,-0.28732359264568835,-0.39303241891848006,0.10570882627279171
42.45,-0.16138848399216843,-0.2189671278511829,0.05757864385901448
42.5,-0.041470784606753824,-0.04668084520284483,0.005210060596091005
42.550000000000004,0.06055599954837018,0.09051695190125746,-0.029960952352887274
42.6,0.13501600141530065,0.17034902031717303,-0.035333018901872376
42.650000000000006,0.17454253371162604,0.19608418674482903,-0.02154165303320299
42.7,0.17444389010165612,0.19068973893366775,-0.016245848832011633
42.75,0.1351478136510083,0.17476173422984995,-0.03961392057884164
42.800000000000004,0.06506865290270417,0.14886461123417277,-0.0837959583314686
42.85,-0.020057154065795522,0.09745141828887242,-0.11750857235466794
42.900000000000006,-0.10299482729019578,0.010640344848734268,-0.11363517213893005
42.95,-0.1724736639365636,-0.09784127901464758,-0.07463238492191603
43.0,-0.2262726149573047,-0.19517026266637663,-0.03110235229092806
43.050000000000004,-0.2672923433455104,-0.25339916751239366,-0.013893175833116722
43.1,-0.2963702390058602,-0.27066150533215855,-0.025708733673701634
43.150000000000006,-0.30868682550175347,-0.2694330464357507,-0.03925377906600275
43.2,-0.2971345858585295,-0.273190876171963,-0.02394370968656645
43.25,-0.2592815921771939,-0.28313856526661524,0.023856973089421363
43.300000000000004,-0.2011816271757037,-0.27649142761891926,0.07530980044321556
43.35,-0.1344727277814562,-0.22769470899983763,0.09322198121838143
43.400000000000006,-0.06959597281593326,-0.13316463653800062,0.06356866372206736
43.45,-0.011201925186283084,-0.017753547071223067,0.006551621884939983
43.5,0.04094402678146683,0.08180818657080553,-0.0408641597893387
43.550000000000004,0.0877115110939996,0.14144846663635158,-0.05373695554235197
43.6,0.12772218181507644,0.1623299088222305,-0.03460772700715406
43.650000000000006,0.15813732595548494,0.1639614437351032,-0.005824117779618276
43.7,0.17726750181942508,0.1669142376134498,0.010353264205975266
43.75,0.18580975704955066,0.18014107981696523,0.005668677232585434
43.800000000000004,0.18586415611398696,0.20034087429899794,-0.014476718185010978
43.85,0.17960853862969287,0.21931020180711042,-0.03970166317741755
43.900000000000006,0.16931776098849802,0.23063113922055026,-0.06131337823205224
43.95,0.15791410123577398,0.23130006604228795,-0.07338596480651396
44.0,0.14802227738557877,0.22032464409876706,-0.07230236671318829
44.050000000000004,0.13954639756524093,0.19812499287625346,-0.05857859531101253
44.1,0.12869914711908356,0.1675857912089521,-0.03888664408986853
44.150000000000006,0.11107146164271005,0.13467439032580014,-0.023602928683090094
44.2,0.0870643053291386,0.10705446729017341,-0.019990161961034814
44.25,0.06419978619012201,0.09155643299232877,-0.027356646802206758
44.300000000000004,0.05247487371473006,0.09218817141396042,-0.03971329769923036
44.35,0.055600004499885766,0.1088961857837611,-0.05329618128387534
44.400000000000006,0.06621864590514707,0.13624579457787692,-0.07002714867272984
44.45,0.07083413907581937,0.16261926140669347,-0.0917851223308741
44.5,0.06127517609064445,0.17254395077927967,-0.11126877468863522
44.550000000000004,0.042466027224242295,0.15364027508991468,-0.11117424786567238
44.6,0.028656289529965902,0.10502872332839741,-0.0763724337984315
44.650000000000006,0.030811217755107905,0.04047572468225358,-0.009664506927145673
44.7,0.04671563666022024,-0.0179309531015358,0.06464658976175604
44.75,0.06345025066488998,-0.05207936151516046,0.11552961218005044
44.800000000000004,0.0703369348839907,-0.05678447567613199,0.1271214105601227
44.85,0.0700715689215625,-0.03851833317397881,0.10858990209554131
44.900000000000006,0.07688931779116981,-0.006224976520802611,0.08311429431197243
44.95,0.10269509628365224,0.03631023693041875,0.06638485935323349
45.0,0.14380029957313087,0.08922917351229455,0.05457112606083632
45.050000000000004,0.1808844846218792,0.1486966050691071,0.03218787955277211
45.1,0.1927821165604971,0.20165121219176016,-0.008869095631263063
45.150000000000006,0.17195056984822202,0.2298566880609234,-0.05790611821270139
45.2,0.1280426132421055,0.2201557479239609,-0.09211313468185539
45.25,0.07715096224299188,0.17135403806664917,-0.09420307582365729
45.300000000000004,0.027396766485200043,0.09192146515528142,-0.06452469867008137
45.35,-0.025644401103056894,-0.007360296768803995,-0.0182841043342529
45.400000000000006,-0.08993785307098966,-0.11656317676673955,0.026625323695749895
45.45,-0.16350401583437568,-0.22211320591729586,0.058609190082920176
45.5,-0.22951371499152556,-0.3017760311372173,0.07226231614569173
45.550000000000004,-0.2648794025221836,-0.32953740129661835,0.06465799877443473
45.6,-0.25500030444993915,-0.2914658352865617,0.03646553083662257
45.650000000000006,-0.20220779093640556,-0.20021525170009558,-0.001992539236309987
45.7,-0.12158311435921296,-0.09274230923618983,-0.02884080512302313
45.75,-0.028978468929934238,-0.008509308514098523,-0.020469160415835713
45.800000000000004,0.06786954310806914,0.036555839184896424,0.03131370392317272
45.85,0.16808563604966326,0.059016125692761,0.10906951035690227
45.900000000000006,0.2687634791568548,0.09152247005907452,0.17724100909778026
45.95,0.35754269275466705,0.1541279039885318,0.20341478876613525
46.0,0.4140905722795355,0.23680149878296536,0.17728907349657014
46.050000000000004,0.42002879979818464,0.3065323453141313,0.11349645448405332
46.1,0.3696681092041612,0.33114977148672947,0.03851833771743174
46.150000000000006,0.2732163701020645,0.2989317381591879,-0.025715368057123378
46.2,0.15012333030512046,0.21936507300557898,-0.06924174270045852
46.25,0.01792634678204129,0.1088637636250928,-0.09093741684305151
46.300000000000004,-0.11471659396623023,-0.02208502477218305,-0.09263156919404718
46.35,-0.24576901576366725,-0.16821462173096616,-0.07755439403270109
46.400000000000006,-0.3711000150154904,-0.3187168850079665,-0.05238313000752387
46.45,-0.47780141989540936,-0.45072167137704894,-0.027079748518360425
46.5,-0.5467093803163751,-0.5368138924609145,-0.009895487855460572
46.550000000000004,-0.5634572874835697,-0.5616387352215922,-0.0018185522619774686
46.6,-0.5292894100184639,-0.5325647616972138,0.003275351678749927
46.650000000000006,-0.4618287963622384,-0.47388448707063424,0.01205569070839585
46.7,-0.38386835634405875,-0.4087415662270568,0.02487320988299807
46.75,-0.3088336821193732,-0.3439398889506509,0.03510620683127774
46.800000000000004,-0.23523332732764146,-0.2700298067287654,0.03479647940112396
46.85,-0.15490228480488655,-0.1755670285865326,0.02066474378164604
46.900000000000006,-0.06717098687412794,-0.06261785854821023,-0.004553128325917713
46.95,0.014979422581065613,0.04952820078979347,-0.03454877820872786
47.0,0.07360541892361457,0.13483900510110278,-0.06123358617748821
47.050000000000004,0.10168471899436006,0.17617767494128686,-0.0744929559469268
47.1,0.11049913195195475,0.1741974992415736,-0.06369836728961885
47.150000000000006,0.11993853188415633,0.14431243692460902,-0.024373905040452684
47.2,0.13969549614995724,0.10600331299964331,0.03369218315031393
47.25,0.15940830686914184,0.07312248454514358,0.08628582232399826
47.300000000000004,0.15854777561124386,0.05096317372190145,0.10758460188934241
47.35,0.1279283085992054,0.03952310916974172,0.08840519942946368
47.400000000000006,0.08222288231716082,0.038184650483202874,0.04403823183395795
47.45,0.049980242252649985,0.04754095749010078,0.0024392847625492042
47.5,0.048906702477878254,0.06772427367289066,-0.018817571195012407
47.550000000000004,0.06941960523673602,0.09582231032551826,-0.026402705088782244
47.6,0.08303516799495785,0.1254069103883517,-0.04237174239339385
47.650000000000006,0.06892035889778036,0.1490087217200737,-0.08008836282229334
47.7,0.03386307454861575,0.16164228240704717,-0.12777920785843142
47.75,0.0061303852900675545,0.1624917056266093,-0.15636132033654176
47.800000000000004,0.008246728840819858,0.15342755973823394,-0.14518083089741407
47.85,0.034405300973895735,0.13588102178061257,-0.10147572080671682
47.900000000000006,0.0546289241298053,0.10926884143469745,-0.05463991730489215
47.95,0.042595264934458026,0.07292541521820695,-0.03033015028374892
48.0,0.0011402281802575002,0.0301142474247712,-0.0289740192445137
48.050000000000004,-0.038867716823078845,-0.00987041435193877,-0.028997302471140074
48.1,-0.04553394577540127,-0.03455633537424521,-0.010977610401156059
48.150000000000006,-0.013571880936248277,-0.035021160553847484,0.02144927961759921
48.2,0.03304926288240058,-0.011631141449602632,0.04468040433200321
48.25,0.06499685625339288,0.025852663762816596,0.03914419249057628
48.300000000000004,0.07442352453415113,0.06403826082575832,0.010385263708392808
48.35,0.07916930548667164,0.09302624974482894,-0.013856944258157297
48.400000000000006,0.10133305142198072,0.10966084457799384,-0.008327793156013119
48.45,0.1421150183259732,0.1155729868776056,0.0265420314483676
48.5,0.17785064562735772,0.11330657261620325,0.06454407301115447
48.550000000000004,0.18092671708595998,0.10466360620192769,0.07626311088403229
48.6,0.14502891341529908,0.09195200652053996,0.05307690689475912
48.650000000000006,0.09051117651174106,0.07908103636491552,0.011430140146825543
48.7,0.045507289845275814,0.06966953958175855,-0.024162249736482733
48.75,0.021712506300585112,0.06332229069571257,-0.04160978439512746
48.800000000000004,0.007862530893647782,0.05440460080301818,-0.0465420699093704
48.85,-0.014318792482013601,0.03597896952814664,-0.05029776201016024
48.900000000000006,-0.04882071450250953,0.006260892067133535,-0.05508160656964306
48.95,-0.0799086970314785,-0.028419649362719793,-0.05148904766875871
49.0,-0.08699840047736435,-0.05749929161664459,-0.029499108860719755
49.050000000000004,-0.06414424889381107,-0.07368239364901437,0.009538144755203301
49.1,-0.024841765467160302,-0.07701500110428268,0.05217323563712238
49.150000000000006,0.0115669418563159,-0.07174068576826449,0.0833076276245804
49.2,0.037225500702892475,-0.05958548982726429,0.09681099053015677
49.25,0.05938204845717587,-0.03711834647647721,0.09650039493365309
49.300000000000004,0.0876387458928933,-0.0008470629458560868,0.08848580883874939
49.35,0.11895905239052229,0.04463997468986517,0.07431907770065713
49.400000000000006,0.13641177054709325,0.08434355966401068,0.05206821088308257
49.45,0.12324553124296822,0.1003877438566029,0.02285778738636532
49.5,0.07826578341052735,0.083940262280006,-0.005674478869478652
49.550000000000004,0.01735086076248133,0.04119800965569703,-0.0238471488932157
49.6,-0.03999146083980324,-0.011892042060433242,-0.02809941877937
49.650000000000006,-0.08536991536496265,-0.06125126583515169,-0.024118649529810958
49.7,-0.12323370756569058,-0.10215741920763903,-0.021076288358051545
49.75,-0.15897429649368586,-0.13671996786891294,-0.022254328624772918
49.800000000000004,-0.18683196057017176,-0.16552424655905434,-0.021307714011117418
49.85,-0.1912376309760461,-0.1830688356647833,-0.0081687953112628
49.900000000000006,-0.16145984700268687,-0.18209527114849977,0.020635424145812903
49.95,-0.1054532586231207,-0.16221410859893973,0.056760849975819025
50.0,-0.048538351554875445,-0.13338127638613131,0.08484292483125587
50.050000000000004,-0.01645985685098856,-0.10977149837332222,0.09331164152233365
50.1,-0.017189441770902886,-0.09933144502202608,0.0821420032511232
50.150000000000006,-0.03742120341974011,-0.09882438822444388,0.06140318480470377
50.2,-0.05651637374417606,-0.09887101628234998,0.04235464253817392
50.25,-0.06498961115897335,-0.09371950529587154,0.028729894136898193
50.300000000000004,-0.0709123558824875,-0.08608008151727342,0.015167725634785925
50.35,-0.08902192329717934,-0.08263401298262973,-0.006387910314549605
50.400000000000006,-0.12319673620036697,-0.08528775161080901,-0.037908984589557965
50.45,-0.15884532950952923,-0.08734208396697389,-0.07150324554255534
50.5,-0.17257834968370928,-0.07856699449702871,-0.09401135518668056
50.550000000000004,-0.15083214109394613,-0.05419082809636801,-0.09664131299757812
50.6,-0.10103390244173265,-0.019090729553470024,-0.08194317288826262
50.650000000000006,-0.04549533235335336,0.01654223281512591,-0.062037565168479275
50.7,-0.0034365280524479448,0.045460060928229795,-0.04889658898067774
50.75,0.023148866520501656,0.06764285657509578,-0.04449399005459412
50.800000000000004,0.047670239843982304,0.0873256102498966,-0.0396553704059143
50.85,0.08324315801216535,0.10680083413370658,-0.023557676121541235
50.900000000000006,0.12747277814969477,0.12357260771736157,0.0039001704323331915
50.95,0.16163866407399924,0.13312986003757923,0.028508804036420005
51.0,0.1654544706555468,0.13351781392578496,0.03193665672976184
51.050000000000004,0.1347068646717053,0.12650469507674353,0.008202169594961783
51.1,0.0863123067553971,0.11452912183242682,-0.028216815077029722
51.150000000000006,0.04617715233026285,0.09760953504698075,-0.0514323827167179
51.2,0.030193409787264747,0.07441220129178217,-0.04421879150451742
51.25,0.03452964896543266,0.046724881011956015,-0.012195232046523355
51.300000000000004,0.042914874153304965,0.02217099461830739,0.020743879534997574
51.35,0.043478907074954484,0.011129332511055353,0.03234957456389913
51.400000000000006,0.03955870064937837,0.01960696933013171,0.019951731319246664
51.45,0.04501927223417519,0.04433438119666045,0.0006848910375147413
51.5,0.06927640988085014,0.07482586410460772,-0.005549454223757577
51.550000000000004,0.10670277423364502,0.10088117395084915,0.005821600282795866
51.6,0.1406255101271152,0.1190714028430578,0.02155410728405739
51.650000000000006,0.1580048091806474,0.1328699386376493,0.025134870542998122
51.7,0.16058732828438993,0.14700772347524968,0.01357960480914025
51.75,0.16170295732880322,0.16159856006083206,0.00010439726797115134
51.800000000000004,0.17169128441209341,0.17112836744720425,0.0005629169648891652
51.85,0.18593106587784314,0.1685039522295965,0.017427113648246645
51.900000000000006,0.18703608467870644,0.1499938330777335,0.037042251600972936
51.95,0.15932633802071194,0.11691575657494026,0.042410581445771686
52.0,0.1021557635110937,0.07356411742691789,0.028591646084175817
52.050000000000004,0.030046843636608544,0.024127256079022042,0.005919587557586502
52.1,-0.03977647709196894,-0.02868410745434426,-0.011092369637624677
52.150000000000006,-0.10036102788909876,-0.08307732339454645,-0.017283704494552313
52.2,-0.15690893311365833,-0.13737327193836046,-0.01953566117529787
52.25,-0.2173079060361795,-0.19013834612458178,-0.027169559911597724
52.300000000000004,-0.2815966913030927,-0.24063300508167343,-0.0409636862214193
52.35,-0.340327845668684,-0.2882458311759549,-0.05208201449272909
52.400000000000006,-0.3818871836416503,-0.3308052875340117,-0.05108189610763858
52.45,-0.4001118144145098,-0.36330680629296713,-0.03680500812154269
52.5,-0.39474729239804873,-0.3786680160453014,-0.016079276352747307
52.550000000000004,-0.3662008324209433,-0.37043096354452626,0.0042301311235829475
52.6,-0.31241546407127124,-0.33560823587883726,0.023192771807566015
52.650000000000006,-0.23250581952941415,-0.275821847145022,0.04331602761560785
52.7,-0.13291771825421336,-0.19638688576648233,0.06346916751226897
52.75,-0.02771330667653138,-0.10442505320150652,0.07671174652497514
52.800000000000004,0.06950425602586836,-0.007219510292628859,0.07672376631849723
52.85,0.15455867793154696,0.08879126743459423,0.06576741049695273
52.900000000000006,0.23239670620037894,0.17849508108420667,0.053901625116172275
52.95,0.3060905632607047,0.2579155572194947,0.04817500604121
53.0,0.36560963360089005,0.3229904818006702,0.04261915180021986
53.050000000000004,0.38907002306161376,0.3677129605194396,0.021357062542174177
53.1,0.3580496770230714,0.38331366567281855,-0.02526398864974716
53.150000000000006,0.27425640159843956,0.3603745116178689,-0.08611811001942932
53.2,0.16186026465199713,0.2939257478390158,-0.1320654831870187
53.25,0.05215380780666738,0.18878501517211946,-0.1366312073654521
53.300000000000004,-0.036432120451475536,0.06115076360064479,-0.09758288405212032
53.35,-0.10549089136884104,-0.065666819811669,-0.03982407155717205
53.400000000000006,-0.16567887501535158,-0.16957926449518637,0.003900389479834787
53.45,-0.2194733318042952,-0.2373629684113147,0.017889636607019505
53.5,-0.2549431355690732,-0.26724031943902254,0.012297183869949324
53.550000000000004,-0.2563624840988301,-0.2654842419743341,0.00912175787550401
53.6,-0.2205845377664661,-0.2400454106703146,0.019460872903848486
53.650000000000006,-0.16247912970046705,-0.1957891810349803,0.03331005133451326
53.7,-0.10380032552944254,-0.13430754079518087,0.030507215265738324
53.75,-0.05634641791515075,-0.057810868500594595,0.0014644505854438453
53.800000000000004,-0.015725155863305192,0.02631419165780005,-0.04203934752110525
53.85,0.028805890027447684,0.1042657647934906,-0.07545987476604292
53.900000000000006,0.07903557545126065,0.15978915056241408,-0.08075357511115343
53.95,0.12286533861709172,0.1816554088964587,-0.05879007027936699
54.0,0.14490044467863733,0.17012176797392756,-0.025221323295290227
54.050000000000004,0.14198843949769596,0.13777545849194328,0.004212981005752681
54.1,0.12802934949191463,0.10342439274320286,0.02460495674871177
54.150000000000006,0.12284224324168627,0.08243866164457803,0.040403581597108246
54.2,0.1354135708083674,0.07973840828631373,0.05567516252205368
54.25,0.15723025269017746,0.08996638685589653,0.06726386583428093
54.300000000000004,0.171605661880153,0.10410568117618811,0.06749998070396489
54.35,0.16971891337188985,0.11694588026268002,0.05277303310920983
54.400000000000006,0.158138035853539,0.12946301240590788,0.02867502344763112
54.45,0.15116860707860344,0.14479693599431423,0.00637167108428921
54.5,0.15580234465114565,0.1621299782580191,-0.0063276336068734396
54.550000000000004,0.16362344327694855,0.17441111832425812,-0.01078767504730957
54.6,0.15711737847248367,0.17211670791983635,-0.014999329447352688
54.650000000000006,0.12452917087595576,0.1496641626749261,-0.025134991798970344
54.7,0.07012792106353682,0.10891743440220142,-0.038789513338664594
54.75,0.011444112319638907,0.05729532422014671,-0.0458512119005078
54.800000000000004,-0.03340909803578422,0.0030535327970252417,-0.03646263083280946
54.85,-0.05741117686390819,-0.04768695245670373,-0.009724224407204461
54.900000000000006,-0.06645082457169868,-0.09036916353664716,0.02391833896494848
54.95,-0.07140151574921108,-0.12036749116477663,0.04896597541556555
55.0,-0.07821629528937821,-0.13380098465124496,0.05558468936186675
55.050000000000004,-0.08422760824121688,-0.13095600462398466,0.04672839638276778
55.1,-0.08282313715660776,-0.1185459455927981,0.03572280843619034
55.150000000000006,-0.07179312145232014,-0.1071777488021814,0.03538462734986125
55.2,-0.058147146512595685,-0.10500033724135614,0.04685319072876046
55.25,-0.05529980911014177,-0.11291965980385087,0.0576198506937091
55.300000000000004,-0.07442828398493737,-0.1260042888768522,0.05157600489191483
55.35,-0.11622502971669721,-0.13992418101671994,0.02369915130002273
55.400000000000006,-0.1692175642170004,-0.15605660137562719,-0.01316096284137322
55.45,-0.21627742377798306,-0.1797932930412889,-0.036484130736694154
55.5,-0.24491632371276625,-0.21320778283784667,-0.03170854087491959
55.550000000000004,-0.25386837839509657,-0.24923323536723044,-0.004635143027866134
55.6,-0.2510249706603061,-0.27369715268575906,0.022672182025452958
55.650000000000006,-0.2445490803877778,-0.27432466791296445,0.029775587525186636
55.7,-0.2346791095552875,-0.24902102743224033,0.014341917876952825
55.75,-0.2132972889981754,-0.20610098601447074,-0.007196302983704661
55.800000000000004,-0.1716587994560988,-0.15649963632420716,-0.01515916313189164
55.85,-0.10936165036104983,-0.10533245073534957,-0.004029199625700267
55.900000000000006,-0.036376886998644886,-0.05039906754707976,0.014022180548434876
55.95,0.033790750647781635,0.011780198878306003,0.022010551769475632
56.0,0.09359813066725106,0.07910344318945847,0.01449468747779259
56.050000000000004,0.1450397412309703,0.1433722679994863,0.0016674732314840013
56.1,0.1944594252516426,0.1966298833214742,-0.0021704580698316267
56.150000000000006,0.24404833320951766,0.23780873937924338,0.0062395938302742815
56.2,0.2882690692858423,0.2727191496170289,0.015549919668813361
56.25,0.31813980721604884,0.3069810055454611,0.011158801670587748
56.300000000000004,0.3284359741963952,0.3385491695323348,-0.010113195335939629
56.35,0.32043272609064466,0.3571189674508788,-0.03668624136023413
56.400000000000006,0.29807272195502243,0.35136311120674574,-0.0532903892517233
56.45,0.2625969349666325,0.3177643657482872,-0.0551674307816547
56.5,0.21202315565055374,0.26346987661840826,-0.05144672096785452
56.550000000000004,0.14603290061071023,0.20104017330634716,-0.05500727269563693
56.6,0.07032912375012879,0.1398741415533575,-0.06954501780322872
56.650000000000006,-0.005268592597661574,0.08129024873643288,-0.08655884133409446
56.7,-0.07371428154331368,0.020421251293026917,-0.0941355328363406
56.75,-0.13514050108069484,-0.04763959800974387,-0.08750090307095096
56.800000000000004,-0.19318834435235704,-0.12255829015371464,-0.0706300541986424
56.85,-0.2463462491301936,-0.1975371279566926,-0.048809121173501
56.900000000000006,-0.28375784107655905,-0.2617492186508955,-0.022008622425663538
56.95,-0.2915619426637504,-0.3041713474357258,0.012609404771975419
57.0,-0.26518675999419,-0.31709680788924977,0.05191004789505976
57.050000000000004,-0.21583860158606888,-0.2986983444707991,0.08285974288473025
57.1,-0.16377311212471615,-0.25409696635222256,0.09032385422750641
57.150000000000006,-0.12342509462749725,-0.19405630020330525,0.070631205575808
57.2,-0.09392006435158559,-0.13119839332656552,0.03727832897497993
57.25,-0.06398302892156618,-0.07554466949378794,0.011561640572221754
57.300000000000004,-0.026541924076915746,-0.032222311957380255,0.005680387880464509
57.35,0.011343135697166822,-0.002616726670279203,0.013959862367446025
57.400000000000006,0.03342012126718925,0.012902330546100437,0.020517790721088808
57.45,0.029882322535069474,0.014102440748613516,0.01577988178645596
57.5,0.008803481062472193,0.003198395947134224,0.0056050851153379684
57.550000000000004,-0.008063066675849358,-0.012268724123820365,0.004205657447971007
57.6,-0.0020368677912239955,-0.02024797639276255,0.018211108601538552
57.650000000000006,0.028014082966849648,-0.009984027465287119,0.037998110432136765
57.7,0.06617728123282347,0.021046494817440222,0.04513078641538325
57.75,0.09391796623711793,0.06506099425201618,0.028856971985101745
57.800000000000004,0.10505303153274127,0.10913799940707075,-0.004084967874329479
57.85,0.10827109539567221,0.14357304458120665,-0.035301949185534434
57.900000000000006,0.11615185301411045,0.16628466398302877,-0.05013281096891832
57.95,0.1315987786044506,0.1797385191863928,-0.0481397405819422
58.0,0.14390189264323444,0.18403170945006975,-0.040129816806835306
58.050000000000004,0.13720392183333868,0.17360450166797514,-0.03640057983463646
58.1,0.10339850727496536,0.14154172988693434,-0.03814322261196898
58.150000000000006,0.048791619452498984,0.0877238570904447,-0.03893223763794571
58.2,-0.00979900073958091,0.022689896519130132,-0.03248889725871104
58.25,-0.05527468640200532,-0.037422451044466266,-0.017852235357539055
58.300000000000004,-0.07903958230894362,-0.08112770247074612,0.002088120161802501
58.35,-0.08340170225951063,-0.1080865380482269,0.024684835788716275
58.400000000000006,-0.07783941669608876,-0.1261006639163938,0.04826124722030503
58.45,-0.07254803476754479,-0.1417020821774885,0.06915404740994371
58.5,-0.07287405972111488,-0.15346771049659277,0.08059365077547789
58.550000000000004,-0.07705429401014738,-0.1544400294385819,0.07738573542843452
58.6,-0.0782444199369663,-0.14092766796237116,0.06268324802540486
58.650000000000006,-0.06988463893375246,-0.11829438129973702,0.048409742365984554
58.7,-0.0511274308893057,-0.09690897570184426,0.04578154481253856
58.75,-0.028182007098520062,-0.08123423526496919,0.053052228166449125
58.800000000000004,-0.009898234483692427,-0.06279655615708458,0.05289832167339216
58.85,-0.0006793138538476416,-0.025552993847565687,0.024873679993718045
58.900000000000006,0.0032760017990935927,0.038870795156193065,-0.035594793357099475
58.95,0.010751205144371796,0.11870423402060302,-0.10795302887623123
59.0,0.027828307856804724,0.18446088625947532,-0.15663257840267059
59.050000000000004,0.05255158368304894,0.20678624398667123,-0.1542346603036223
59.1,0.07670365177379054,0.17702485169268492,-0.10032119991889438
59.150000000000006,0.09275735865170505,0.1145019683473431,-0.021744609695638045
59.2,0.09927792349266495,0.05439015820499876,0.04488776528766619
59.25,0.10001789017825281,0.025100323305737682,0.07491756687251513
59.300000000000004,0.09860066984381535,0.03196689412634473,0.06663377571747062
59.35,0.09501914692220179,0.05835971884586793,0.03665942807633386
59.400000000000006,0.08762662295226036,0.08136597748345799,0.006260645468802367
59.45,0.07774873057590112,0.08859413556776338,-0.010845404991862262
59.5,0.07083423805436742,0.08366960211654455,-0.012835364062177126
59.550000000000004,0.07197152629911686,0.07864294905085709,-0.006671422751740222
59.6,0.080448220672889,0.08207256517742981,-0.0016243445045408117
59.650000000000006,0.08997533365022878,0.09332826738679721,-0.0033529337365684336
59.7,0.09540251454800792,0.10637393671904832,-0.010971422171040399
59.75,0.09905549855811409,0.11738569666574632,-0.01833019810763223
59.800000000000004,0.10892355784209178,0.12803051911158614,-0.019106961269494363
59.85,0.12884555942445894,0.14152565481069976,-0.01268009538624082
59.900000000000006,0.1499882088082732,0.15602165715028735,-0.006033448342014136
59.95,0.15340179540302756,0.1623506953259609,-0.008948899922933323
60.0,0.12359774929819449,0.14885292169700706,-0.025255172398812573
60.050000000000004,0.061985165845801146,0.10934388859471375,-0.047358722748912604
60.1,-0.012181727535378292,0.04756366126776689,-0.059745388803145186
60.150000000000006,-0.07503143041301011,-0.025202002263253535,-0.04982942814975658
60.2,-0.11443268471506807,-0.09674830765998436,-0.017684377055083703
60.25,-0.13575101644915713,-0.15926468917032272,0.023513672721165585
60.300000000000004,-0.15316002462812842,-0.20992603896756798,0.05676601433943956
60.35,-0.17557220776319343,-0.24799682996395217,0.07242462220075874
60.400000000000006,-0.20004095758580503,-0.27231890650592433,0.0722779489201193
60.45,-0.21724580071937863,-0.2816839043288904,0.06443810360951177
60.5,-0.22210556493332195,-0.27718926859393156,0.055083703660609606
60.550000000000004,-0.21884079295767267,-0.26374364239079867,0.044902849433126
60.6,-0.21655408792470784,-0.24892939609637413,0.032375308171666284
60.650000000000006,-0.220873997908472,-0.2398955152384115,0.01902151732993948
60.7,-0.22991319929537576,-0.24030828873133572,0.010395089435959959
60.75,-0.23708733506871668,-0.2487847682913115,0.01169743322259481
60.800000000000004,-0.23623749705443223,-0.2589641653945483,0.02272666834011608
60.85,-0.2234995740778448,-0.2609451454409254,0.037445571363080604
60.900000000000006,-0.19555822510827683,-0.24413533083900685,0.048577105730730014
60.95,-0.14864985173003742,-0.20131127077283975,0.05266141904280233
61.0,-0.08142461273500043,-0.132368202994256,0.05094359025925557
61.050000000000004,0.0007060812591049774,-0.04522580788910945,0.04593188914821443
61.1,0.08510781527331464,0.04750309548334775,0.037604719789966885
61.150000000000006,0.15738286517278613,0.13432287703493756,0.02305998813784857
61.2,0.20858841905641276,0.20892606357800095,-0.00033764452158818736
61.25,0.23789822205733846,0.26934815717434907,-0.03144993511701061
61.300000000000004,0.24885359816029104,0.31331474627449246,-0.06446114811420142
61.35,0.24370542755646615,0.3346902279251357,-0.09098480036866954
61.400000000000006,0.22178416342597373,0.32536863844045316,-0.10358447501447943
61.45,0.18296609236824837,0.2819750074719944,-0.09900891510374601
61.5,0.1316479345251583,0.21173770924742238,-0.08008977472226408
61.550000000000004,0.07641037724919579,0.13172992275478124,-0.055319545505585446
61.6,0.02572819053139367,0.06097303832758262,-0.03524484779618895
61.650000000000006,-0.015443340364822705,0.011065241485930646,-0.026508581850753353
61.7,-0.044782801489875054,-0.017610166592275413,-0.02717263489759964
61.75,-0.059535064997085406,-0.03180169808217099,-0.027733366914914417
61.800000000000004,-0.05633191026426542,-0.03774154081735486,-0.01859036944691056
61.85,-0.03545673826271782,-0.036724767543139976,0.0012680292804221546
61.900000000000006,-0.00490400028865305,-0.027041023412939836,0.022137023124286788
61.95,0.021822335281132366,-0.009269763955546661,0.03109209923667903
62.0,0.03425563835573138,0.010854898187418388,0.023400740168312992
62.050000000000004,0.03251848180942509,0.024975329153492085,0.007543152655933007
62.1,0.0261034767258029,0.027623636112564347,-0.0015201593867614459
62.150000000000006,0.024172024708552467,0.019599187104565548,0.004572837603986919
62.2,0.026376313701797646,0.0063514972813795015,0.020024816420418146
62.25,0.023243251992067813,-0.006828474931368507,0.03007172692343632
62.300000000000004,0.005832631485739354,-0.018478465215958254,0.024311096701697607
62.35,-0.02499138294174229,-0.03079960092759484,0.00580821798585255
62.400000000000006,-0.05893365096110473,-0.046648821150137056,-0.012284829810967672
62.45,-0.08555673290405819,-0.06673919427578964,-0.018817538628268543
62.5,-0.10255787738028006,-0.08900688531316081,-0.013550992067119252
62.550000000000004,-0.11445669239161532,-0.1096367822681903,-0.004819910123425017
62.6,-0.12365509386272078,-0.12413130902908721,0.00047621516636643657
62.650000000000006,-0.1242789653988719,-0.12779258519652076,0.0035136197976488592
62.7,-0.10632068425390717,-0.11637066761746784,0.010049983363560666
62.75,-0.06625547970597737,-0.08755040913077031,0.02129492942479294
62.800000000000004,-0.01272388583045122,-0.04257808470061837,0.029854198870167152
62.85,0.03942865431581015,0.01347588462092612,0.02595276969488403
62.900000000000006,0.08111745241205118,0.07335432256499494,0.007763129847056238
62.95,0.11456677017948266,0.12991601876748018,-0.015349248587997522
63.0,0.14648897743454534,0.17734216736550884,-0.030853189930963504
63.050000000000004,0.1762273306811888,0.21088493176902026,-0.034657601087831474
63.1,0.19212949600603998,0.22652904694069068,-0.03439955093465069
63.150000000000006,0.1811764252079004,0.22191254314785866,-0.040736117939958266
63.2,0.14268663228938716,0.19798640958420272,-0.055299777294815555
63.25,0.09176823212328636,0.1593879881718116,-0.06761975604852524
63.300000000000004,0.04805092989152738,0.1123938342895995,-0.06434290439807211
63.35,0.020269381069256905,0.06195406426866853,-0.041684683199411626
63.400000000000006,0.0018146166379620146,0.010759353074681892,-0.008944736436719877
63.45,-0.01864029814797855,-0.03848334385259987,0.01984304570462132
63.5,-0.0427267069578883,-0.07996786092070234,0.037241153962814036
63.550000000000004,-0.059267460184078746,-0.10489285461806226,0.045625394433983515
63.6,-0.05571236174001454,-0.10615232748513538,0.05043996574512084
63.650000000000006,-0.03215150723451622,-0.08431241359393217,0.05216090635941595
63.7,-0.0031928685907747375,-0.049442008847888165,0.04624914025711343
63.75,0.014439517356562967,-0.016363775697515764,0.03080329305407873
63.800000000000004,0.016011921003914898,0.0034403574082690364,0.012571563595645862
63.85,0.010487794002017938,0.007055650370323952,0.0034321436316939857
63.900000000000006,0.008811966764117352,-0.0010584116222706848,0.009870378386388037
63.95,0.011567673585749231,-0.01448033636075781,0.026048009946507043
64.0,0.008928806195872645,-0.02903218354750767,0.037960989743380316
64.05,-0.007540118042226011,-0.04265688782036454,0.035116769778138525
64.10000000000001,-0.03417235114980511,-0.05297638883237795,0.01880403768257284
64.15,-0.057002201902926694,-0.05689116642362036,-0.00011103547930633312
64.2,-0.0640129192818676,-0.053587460173754986,-0.010425459108112614
64.25,-0.054942988071743366,-0.04732683452355107,-0.007616153548192298
64.3,-0.039006017194278646,-0.04526947328413833,0.006263456089859683
64.35000000000001,-0.024142595202655992,-0.05035264364871964,0.02621004844606365
64.4,-0.01000070740404404,-0.05543264991662978,0.04543194251258574
64.45,0.008381117912110774,-0.045693624853620086,0.05407474276573086
64.5,0.03185081413431723,-0.009694117500411945,0.04154493163472917
64.55,0.05453766323305236,0.049112297963800976,0.0054253652692513865
64.60000000000001,0.07061416591980417,0.11069368144413985,-0.04007951552433568
64.65,0.08164544784448799,0.14967635600827886,-0.06803090816379087
64.7,0.09407864619179146,0.1517286569045507,-0.05765001071275924
64.75,0.10805097221078833,0.12244635603347909,-0.01439538382269076
64.8,0.1107340276553485,0.0818423971306213,0.028891630524727194
64.85000000000001,0.08502072483005595,0.049136098230937446,0.0358846265991185
64.9,0.027982836672451803,0.030014331275746223,-0.0020314946032944196
64.95,-0.03973540990131097,0.015721169584608063,-0.05545657948591903
65.0,-0.08655548878038011,-0.006828369374207445,-0.07972711940617266
65.05,-0.09604030969101503,-0.04320068689336952,-0.05283962279764551
65.10000000000001,-0.0820047247897717,-0.08715266813505994,0.0051479433452882445
65.15,-0.07612949504406015,-0.12579316354263798,0.049663668498577826
65.2,-0.09763705423561017,-0.14847634291733294,0.05083928868172277
65.25,-0.13354905070042386,-0.15214636592768033,0.018597315227256467
65.3,-0.14967025011212542,-0.14043040448923277,-0.00923984562289265
65.35000000000001,-0.12320220655855967,-0.11933056255511257,-0.0038716440034470972
65.4,-0.06606298072289797,-0.09397851458280261,0.02791553385990464
65.45,-0.015888548118385745,-0.06825280081503837,0.052364252696652624
65.5,-0.002612661130922939,-0.045714583468702705,0.04310192233777976
65.55,-0.02239996403483754,-0.029629540070758863,0.007229576035921323
65.60000000000001,-0.04374342538560092,-0.021749062651074718,-0.021994362734526204
65.65,-0.03926489389118993,-0.021350907373413306,-0.017913986517776623
65.7,-0.011944781757148392,-0.0257708307949576,0.013826049037809209
65.75,0.00942040861622139,-0.03194472245281558,0.04136513106903697
65.8,8.28223613885703e-05,-0.03750197291024963,0.037584795271638195
65.85000000000001,-0.03554430644700076,-0.040759088741323043,0.005214782294322283
65.9,-0.0680422088206714,-0.04040402191768672,-0.027638186902984682
65.95,-0.071434747092695,-0.03590402894584887,-0.03553071814684613
66.0,-0.04734233278471691,-0.028420887675956904,-0.018921445108760006
66.05,-0.02161202675134547,-0.02086069554737845,-0.0007513312039670213
66.10000000000001,-0.01809092882145774,-0.01620002485742258,-0.00189090396403516
66.15,-0.03613078540478486,-0.015077176798614823,-0.021053608606170032
66.2,-0.05306492696737209,-0.014815460347336381,-0.03824946662003571
66.25,-0.04715239385895911,-0.0110754149430777,-0.036076978915881415
66.3,-0.017106637384785506,-0.0009715411836083952,-0.01613509620117711
66.35000000000001,0.019944385553586238,0.014941883780767449,0.005002501772818789
66.4,0.04708791265443527,0.03341947145085586,0.013668441203579414
66.45,0.06205452540948328,0.0511180618934997,0.010936463515983583
66.5,0.07360077887546719,0.06657422096004847,0.007026557915418716
66.55,0.08657019796166356,0.07992693342948266,0.0066432645321808925
66.60000000000001,0.09384784757501916,0.09102977277416241,0.0028180748008567458
66.65,0.08421988788557207,0.09803956963972874,-0.013819681754156668
66.7,0.05648493712148058,0.09786684110682314,-0.04138190398534256
66.75,0.023060990558653374,0.08795358639754834,-0.06489259583889496
66.8,-0.0015547015196756009,0.06775050750158765,-0.06930520902126325
66.85000000000001,-0.014599379541011372,0.03897111103301588,-0.05357049057402725
66.9,-0.025178170871292413,0.005175474587768477,-0.030353645459060892
66.95,-0.03999147996173658,-0.028301383429335573,-0.01169009653240101
67.0,-0.05083426844259847,-0.054132743849142496,0.0032984754065440297
67.05,-0.03947301850150362,-0.06381595884049004,0.024342940338986423
67.10000000000001,0.003026955390675174,-0.05056756065770477,0.05359451604837995
67.15,0.062446664090541955,-0.013379472551671942,0.0758261366422139
67.2,0.109422573373464,0.04054056256840429,0.0688820108050597
67.25,0.12390898199811057,0.09742307829620933,0.026485903701901237
67.3,0.11274356065892371,0.14250420544701323,-0.029760644788089513
67.35000000000001,0.10218810972363578,0.16634176419897803,-0.06415365447534226
67.4,0.1116016081032696,0.16794497967534408,-0.056343371572074474
67.45,0.13361792019398797,0.1529868972714476,-0.01936897707745963
67.5,0.14055223137210276,0.12883726475652302,0.011714966615579747
67.55,0.11126109601046466,0.10016797564054053,0.011093120369924131
67.60000000000001,0.052506509204421,0.06798255378221736,-0.01547604457779636
67.65,-0.005887085379066875,0.032004997095886493,-0.03789208247495337
67.7,-0.0373394924695354,-0.006187009658240795,-0.031152482811294603
67.75,-0.0410350289066099,-0.042183148161704785,0.0011481192550948857
67.8,-0.039730367987742224,-0.07080846322358914,0.03107809523584691
67.85000000000001,-0.056155328122794244,-0.08953368046086305,0.0333783523380688
67.9,-0.0912979038580185,-0.10035533228047096,0.009057428422452454
67.95,-0.12461215877903868,-0.10838565535106674,-0.01622650342797194
68.0,-0.13416922867548264,-0.11791882991733385,-0.016250398758148793
68.05,-0.1162952681220993,-0.12877669569868422,0.012481427576584922
68.10000000000001,-0.08665215537643735,-0.13572447570989174,0.04907232033345439
68.15,-0.06391541895566721,-0.131616833283856,0.0677014143281888
68.2,-0.053302407723736143,-0.11221525276884431,0.058912845045108166
68.25,-0.045183420898385326,-0.07935305668493806,0.03416963578655273
68.3,-0.02783515742364779,-0.04031393571388998,0.012478778290242187
68.35000000000001,-0.00022941504057063345,-0.004040212620800391,0.0038107975802297574
68.4,0.027206569826105448,0.02304900224265825,0.004157567583447198
68.45,0.042740521968928816,0.03894007859280841,0.0038004433761204062
68.5,0.04326292735343356,0.045040730543609214,-0.0017778031901756544
68.55,0.03510751966941877,0.04399750975048917,-0.0088899900810704
68.60000000000001,0.027059521677584616,0.038424244687224746,-0.01136472300964013
68.65,0.023590682191605167,0.031126692967389666,-0.007536010775784498
68.7,0.0238577329460152,0.02558889127771046,-0.0017311583316952615
68.75,0.024943565902379016,0.025232644330694002,-0.0002890784283149858
68.8,0.024572721805285844,0.03148752249913487,-0.006914800693849026
68.85000000000001,0.02145767444818151,0.04236984870810075,-0.020912174259919245
68.9,0.015352133085265868,0.05322991328756475,-0.03787778020229888
68.95,0.008425933494531511,0.05946768020556453,-0.05104174671103302
69.0,0.005927219688626249,0.05913426688048266,-0.053207047191856406
69.05,0.013107659363126975,0.053362146374690264,-0.04025448701156329
69.10000000000001,0.02959937388706871,0.04457311042620415,-0.014973736539135439
69.15,0.04711136150429788,0.0344500505289465,0.012661310975351378
69.2,0.05476239713531431,0.023676637878732497,0.031085759256581816
69.25,0.048586857158050945,0.013403316924145063,0.03518354023390588
69.3,0.03584168504822109,0.006375208404607829,0.029466476643613262
69.35000000000001,0.02836855228767338,0.005810837797897848,0.022557714489775532
69.4,0.030243924362550367,0.01244800997169297,0.017795914390857398
69.45,0.032132011003481294,0.02240730071910646,0.009724710284374834
69.5,0.01948118593742451,0.028327499646949774,-0.008846313709525263
69.55,-0.012064988644420955,0.02355341585829105,-0.035618404502712
69.60000000000001,-0.04916480936022152,0.006402247769670928,-0.055567057129892454
69.65,-0.0698948196657818,-0.018717186710362547,-0.05117763295541926
69.7,-0.062163236492922325,-0.0440252358442879,-0.018138000648634425
69.75,-0.03426550170415132,-0.06260373507906225,0.028338233374910933
69.8,-0.007255847840925516,-0.07098255257980697,0.06372670473888145
69.85000000000001,0.003813902591423304,-0.06883752977671495,0.07265143236813826
69.9,0.0019353156371898542,-0.05722370868992623,0.05915902432711609
69.95,0.0023103635774252033,-0.03766863957481052,0.03997900315223572
70.0,0.015114089708078314,-0.012948455511394607,0.02806254521947292
70.05,0.034260783689746555,0.011818894420664125,0.02244188926908243
70.10000000000001,0.04303489015860793,0.029742748677470992,0.01329214148113694
70.15,0.030346030249689657,0.03482615754695699,-0.004480127297267333
70.2,0.0011237897158405236,0.025024761173740924,-0.0239009714579004
70.25,-0.02899303376617987,0.0033492611698255543,-0.03234229493600543
70.3,-0.048371788582980337,-0.023883811258782788,-0.02448797732419755
70.35000000000001,-0.058298440121003825,-0.05035446582326215,-0.007943974297741678
70.4,-0.06789076857872983,-0.07228584534125847,0.004395076762528635
70.45,-0.08173267242831626,-0.08881183044306039,0.007079158014744125
70.5,-0.09397248450690207,-0.10054709803641688,0.006574613529514814
70.55,-0.09486372774349708,-0.1078901527221636,0.013026424978666518
70.60000000000001,-0.0820437504384303,-0.11034990285840147,0.02830615241997117
70.65,-0.06398949792300664,-0.10709411139730643,0.043104613474299794
70.7,-0.05191615098861703,-0.09801693438626978,0.04610078339765275
70.75,-0.04900868624927788,-0.08446754198396021,0.03545885573468233
70.8,-0.04860647727845699,-0.06917446893661705,0.020567991658160062
70.85000000000001,-0.04303714553056937,-0.05537917472041633,0.012342029189846955
70.9,-0.033145849380477425,-0.04554226122059673,0.012396411840119304
70.95,-0.02784380149744565,-0.04022599026100047,0.012382188763554819
71.0,-0.03393762814238765,-0.037816836486440325,0.0038792083440526773
71.05,-0.04722898257712751,-0.03541419428280112,-0.01181478829432639
71.10000000000001,-0.05478581741184301,-0.030468444391015606,-0.024317373020827406
71.15,-0.04651825629597082,-0.022087803682799282,-0.024430452613171536
71.2,-0.02432864087811249,-0.011022348555790821,-0.01330629232232167
71.25,0.00036737134696687875,0.001674918965568595,-0.0013075476186017163
71.3,0.01782881871219278,0.016142001348386975,0.001686817363805805
71.35000000000001,0.028189437244134932,0.03391400595236709,-0.00572456870823216
71.4,0.03869372939540648,0.05641229668388413,-0.01771856728847765
71.45,0.0538914442014525,0.0828135325135795,-0.028922088312126996
71.5,0.06987781022368815,0.10909753637989214,-0.03921972615620399
71.55,0.07861266260408271,0.12927119036925958,-0.05065852776517686
71.60000000000001,0.07696015249419381,0.13809839787376574,-0.06113824537957192
71.65,0.06999210241852306,0.1335357622830828,-0.06354365986455975
71.7,0.06480962517073433,0.11738540227324659,-0.05257577710251227
71.75,0.06207757389961425,0.09406446812709868,-0.03198689422748443
71.8,0.055336267601475024,0.06863035351403869,-0.013294085912563668
71.85000000000001,0.03952976940434722,0.04535190361401681,-0.005822134209669587
71.9,0.0194495248589908,0.027293239928561957,-0.007843715069571155
71.95,0.007985714833515048,0.016473812650878914,-0.008488097817363866
72.0,0.01464600975752658,0.013940800939446388,0.000705208818080191
72.05,0.03564552076474868,0.019523703130128377,0.016121817634620304
72.10000000000001,0.05611646189642565,0.031550248143349974,0.024566213753075675
72.15,0.06289585248533983,0.04690945615810144,0.01598639632723839
72.2,0.055411667453732875,0.06158949536740334,-0.0061778279136704625
72.25,0.04400875612469614,0.07154619729801734,-0.0275374411733212
72.3,0.037939245835854056,0.07367708041194972,-0.03573783457609566
72.35000000000001,0.03578001037996079,0.06668301522463176,-0.030903004844670963
72.4,0.028195011473045817,0.05154542532580131,-0.02335041385275549
72.45,0.009754006460261117,0.03131336083549281,-0.021559354375231696
72.5,-0.013118208449649919,0.010105008070417377,-0.023223216520067296
72.55,-0.026914077189635253,-0.008310209049048185,-0.01860386814058707
72.60000000000001,-0.02393592691260466,-0.021625847056744068,-0.002310079855860594
72.65,-0.010054509775780433,-0.029235832617335384,0.01918132284155495
72.7,0.0007279741662890903,-0.03165265523225588,0.032380629398544976
72.75,-0.0005356314539262604,-0.029746944976632807,0.029211313522706547
72.8,-0.009954321196521681,-0.02443882563842235,0.01448450444190067
72.85000000000001,-0.015691977251576384,-0.016879877418257173,0.0011879001666807894
72.9,-0.00985289061435798,-0.008593980912161927,-0.0012589097021960538
72.95,0.004776790121314876,-0.0010937542516689686,0.0058705443729838444
73.0,0.019001145348570222,0.004879238473317764,0.014121906875252457
73.05,0.026715991202058687,0.009790250720073237,0.01692574048198545
73.10000000000001,0.02932852302572792,0.014868461210143397,0.014460061815584522
73.15,0.03153835179450281,0.02099434522646584,0.01054400656803697
73.2,0.03474101709688502,0.027780187860320885,0.006960829236564135
73.25,0.03615220652421606,0.03359828257753998,0.0025539239466760774
73.3,0.03405483717677322,0.03652269636905324,-0.002467859192280021
73.35000000000001,0.03172836791474051,0.035417710898237455,-0.003689342983496942
73.4,0.03406354206064654,0.030384990773956618,0.0036785512866899205
73.45,0.04012794487706339,0.022416213039082894,0.0177117318379805
73.5,0.04108143727958895,0.012727453180057227,0.028353984099531722
73.55,0.027886582669030616,0.0023122733462283087,0.025574309322802306
73.60000000000001,0.0018691804171705798,-0.008178315568518835,0.010047495985689414
73.65,-0.023791053864387637,-0.018479552891953743,-0.005311500972433894
73.7,-0.03530117694427601,-0.02883350618404738,-0.006467670760228628
73.75,-0.03209168446306331,-0.03998645363311653,0.007894769170053217
73.8,-0.02868772778276959,-0.052770527574174934,0.024082799791405346
73.85000000000001,-0.04106616421105327,-0.06735011733089498,0.02628395311984171
73.9,-0.07005561031977091,-0.08267487506454725,0.012619264744776343
73.95,-0.09867511054747857,-0.09667687415560557,-0.0019982363918730067
74.0,-0.10725479831685503,-0.10718613051535107,-6.86678015039549e-05
74.05,-0.09219974472887639,-0.11293438831621612,0.02073464358733973
74.10000000000001,-0.06979669406408272,-0.11397106717567541,0.044174373111592696
74.15,-0.060826071139407634,-0.11136085850689094,0.050534787367483305
74.2,-0.07090156476979592,-0.10659165287766474,0.03569008810786882
74.25,-0.08592658031301462,-0.1011350780015853,0.015208497688570688
74.3,-0.08695208438931239,-0.09615172890850104,0.009199644519188657
74.35000000000001,-0.0692057770261247,-0.09204801757993405,0.02284224055380936
74.4,-0.046051116469496854,-0.08790423581802917,0.041853119348532315
74.45,-0.03427261818856307,-0.08136857813596325,0.04709595994740018
74.5,-0.036293574459014634,-0.06964376539318863,0.033350190934174
74.55,-0.037901417023941765,-0.05133792644720327,0.013436509423261508
74.60000000000001,-0.023754560805081842,-0.02789053971089952,0.004135978905817676
74.65,0.005661432781525322,-0.003187926310141836,0.008849359091667158
74.7,0.03349253038662927,0.018714612984257577,0.014777917402371693
74.75,0.043104510471329856,0.03611540326931556,0.0069891072020142955
74.8,0.034580272823642844,0.05027376324287753,-0.015693490419234686
74.85000000000001,0.023949780643978152,0.06339606570084294,-0.03944628505686479
74.9,0.026011283949185896,0.07563664642748152,-0.04962536247829563
74.95,0.03879507550853315,0.0838698736145523,-0.045074798106019144
75.0,0.046033713936800565,0.08366963378740426,-0.037635919850603695
75.05,0.03510330656359676,0.07312962504775014,-0.03802631848415338
75.10000000000001,0.011528987058277347,0.0553201568992036,-0.04379116984092626
75.15,-0.00546799761050758,0.037071161779905576,-0.04253915939041315
75.2,-0.0021323700629874826,0.02478365946785406,-0.026916029530841542
75.25,0.01577196281545737,0.020527788764751687,-0.0047558259492943185
75.3,0.028823365517706066,0.02150731996688456,0.007316045550821507
75.35000000000001,0.02394392193579014,0.023156152110840326,0.000787769824949814
75.4,0.007951719471436403,0.023120198242736843,-0.01516847877130044
75.45,0.0005297524320801263,0.02278410827435991,-0.022254355842279784
75.5,0.013670590847192443,0.02528278435038004,-0.011612193503187597
75.55,0.03869378749100907,0.032011469644259,0.006682317846750066
75.60000000000001,0.05424628566119288,0.04080826390898916,0.013438021752203724
75.65,0.04718260897356271,0.04732392979376074,-0.00014132082019802789
75.7,0.02508369200596019,0.04823964316989871,-0.023155951163938523
75.75,0.007913210573430147,0.04351948682051345,-0.035606276247083304
75.8,0.007775753472647944,0.03596345703126541,-0.028187703558617466
75.85000000000001,0.017692392146319093,0.0287775578768523,-0.011085165730533208
75.9,0.02052288693318041,0.023410855807234267,-0.0028879688740538582
75.95,0.00804392167067493,0.019290566673197042,-0.011246645002522112
76.0,-0.010177882778699729,0.015158225418592616,-0.025336108197292345
76.05,-0.0173860141067765,0.010405828200583217,-0.027791842307359718
76.10000000000001,-0.008195163723844542,0.005233984054323619,-0.01342914777816816
76.15,0.004958758642647678,-8.004594788000648e-05,0.005038804590527684
76.2,0.004799432263205979,-0.0056281616474418384,0.010427593910647816
76.25,-0.011817909442386467,-0.011397775940033049,-0.0004201335023534189
76.3,-0.029261659756403154,-0.016497461784669792,-0.012764197971733362
76.35000000000001,-0.028547905133372898,-0.019211099621331384,-0.009336805512041513
76.4,-0.007418202802326108,-0.018168742362068606,0.010750539559742499
76.45,0.015980847827045157,-0.01361264974075356,0.029593497567798718
76.5,0.020610994405054452,-0.007403508605601068,0.02801450301065552
76.55,0.004167866446798165,-0.00152492661332663,0.005692793060124796
76.60000000000001,-0.01327263536611846,0.003645034303860274,-0.016917669669978735
76.65,-0.008200388242566624,0.009654731846817536,-0.017855120089384162
76.7,0.022872795217956696,0.018473561617513835,0.004399233600442861
76.75,0.058582189672826454,0.03042745285565571,0.028154736817170744
76.80000000000001,0.07171532417548283,0.04337399447306907,0.028341329702413764
76.85000000000001,0.05402106477101951,0.053789684537799476,0.0002313802332200368
76.9,0.023192606291943058,0.05876179074310231,-0.03556918445115925
76.95,0.005797694178601841,0.057243166220250025,-0.051445472041648184
77.0,0.012973493047768018,0.04984761909269531,-0.03687412604492729
77.05000000000001,0.03187040486962604,0.037895534743065874,-0.0060251298734398315
77.10000000000001,0.039743211507872335,0.02289400378872405,0.016849207719148284
77.15,0.02576675847233628,0.006774216227823951,0.018992542244512328
77.2,-0.0005188941159166709,-0.007925507316622218,0.007406613200705547
77.25,-0.020705478395493134,-0.018818099499894717,-0.001887378895598417
77.30000000000001,-0.025782755027065198,-0.025125191101793225,-0.0006575639252719735
77.35000000000001,-0.022714131190303573,-0.028489094924862797,0.0057749637345592235
77.4,-0.02420440518857511,-0.0320305249559878,0.007826119767412692
77.45,-0.03389205243126816,-0.038066119259880536,0.004174066828612377
77.5,-0.042821611237281565,-0.04625407032457495,0.0034324590872933866
77.55000000000001,-0.04014141003157299,-0.05371624685515471,0.013574836823581723
77.60000000000001,-0.025739989397346386,-0.05700925238766522,0.03126926299031883
77.65,-0.010914121247476326,-0.05426866169539512,0.043354540447918796
77.7,-0.006364347997232287,-0.04590168460061077,0.03953733660337848
77.75,-0.010569521819571001,-0.033720134791199105,0.023150612971628105
77.80000000000001,-0.011345339636132079,-0.019796850512331425,0.008451510876199346
77.85000000000001,0.0005671713819818214,-0.00620486326030982,0.0067720346422916414
77.9,0.020057034642635224,0.004578889155441647,0.015478145487193578
77.95,0.030883789977372105,0.009835233253333252,0.021048556724038853
78.0,0.021277259953427444,0.007985307388910477,0.013291952564516967
78.05000000000001,-0.003416669244868105,0.00023874197025113516,-0.0036554112151192405
78.10000000000001,-0.02409287983274851,-0.009287923940171368,-0.014804955892577142
78.15,-0.024764049766850024,-0.0157123542514567,-0.009051695515393324
78.2,-0.007056353194156289,-0.01640807409799297,0.00935172090383668
78.25,0.011533129013464542,-0.01248376400094147,0.024016893014406012
78.30000000000001,0.013923912339944368,-0.007515048541071186,0.021438960881015552
78.35000000000001,-0.0012473910855007146,-0.004747975932702708,0.0035005848472019936
78.4,-0.019595824356605025,-0.0052712674283390175,-0.014324556928266008
78.45,-0.025654918322599016,-0.008509655261407793,-0.017145263061191223
78.5,-0.017786277880747128,-0.013991014698831832,-0.0037952631819152954
78.55000000000001,-0.009190833301655486,-0.02216406044517537,0.012973227143519886
78.60000000000001,-0.014596415068629342,-0.03331870871549623,0.018722293646866887
78.65,-0.03576381320627475,-0.046013791290863915,0.010249978084589162
78.7,-0.05952773772628718,-0.057230944391342194,-0.0022967933349449868
78.75,-0.0697274350499263,-0.06466999697088129,-0.005057438079045018
78.80000000000001,-0.06136485528747668,-0.06895209882888176,0.007587243541405081
78.85000000000001,-0.043899979489845024,-0.07295599227012163,0.029056012780276606
78.9,-0.03140933301898064,-0.07810180290428016,0.04669246988529952
78.95,-0.029543834511492933,-0.08083882524067394,0.051294990729181006
79.0,-0.03139280207736466,-0.07331186577001036,0.041919063692645704
79.05000000000001,-0.02522454034868794,-0.04889367431749909,0.023669133968811148
79.10000000000001,-0.0059757353006586736,-0.00861847036539765,0.0026427350647389757
79.15,0.02028021366182455,0.037096441023873473,-0.016816227362048925
79.2,0.04216258123222716,0.0737268821145307,-0.03156430088230354
79.25,0.05265395433699408,0.09145367394080346,-0.03879971960380938
79.30000000000001,0.05343791181290011,0.0908726913166334,-0.03743477950373329
79.35000000000001,0.05084083252735761,0.08128696324711657,-0.030446130719758956
79.4,0.04858436490810916,0.07319169831483714,-0.02460733340672798
79.45,0.044895565119445306,0.07102768963180643,-0.026132124512361125
79.5,0.036259573344261484,0.07157260822324395,-0.03531303487898246
79.55000000000001,0.023061504715197315,0.06835511622934619,-0.045293611514148874
79.60000000000001,0.010681756252243062,0.05771289755150548,-0.04703114129926242
79.65,0.004677387220965518,0.04151223071576325,-0.03683484349479774
79.7,0.0050940929823409305,0.02508532143192354,-0.019991228449582607
79.75,0.006111454967894874,0.01305078966740287,-0.006939334699507995
79.80000000000001,0.0019078023021333816,0.006785941989865489,-0.0048781396877321075
79.85000000000001,-0.006866854311883152,0.005012347846507947,-0.011879202158391099
79.9,-0.012736090172336062,0.0059310342823228205,-0.018667124454658884
79.95,-0.008235767756367644,0.00847521861997845,-0.016710986376346094
80.0,0.006141417900023682,0.011889128394203285,-0.005747710494179603
