x,yobs,ycalc,ydiff
0.05,-2.5945964757916917e-11,-0.0530870973610208,0.053087097335074836
0.1,-2.2033764396102234e-10,-0.06947278788726993,0.0694727876669323
0.15000000000000002,-1.147959546051221e-08,-0.051637814440456904,0.05163780296086144
0.2,-1.4088791797201533e-07,-0.03869010997269984,0.03868996908478187
0.25,-3.4369946886355964e-07,-0.06478064141881337,0.06478029771934452
0.30000000000000004,3.87638084863873e-06,-0.12248642290015906,0.1224902992810077
0.35000000000000003,3.624803114275354e-05,-0.17026528722251283,0.17030153525365557
0.4,0.00014984871214117983,-0.17656747110626253,0.17671731981840372
0.45,0.0003561771115245289,-0.15397565742900057,0.1543318345405251
0.5,0.0003788518622879212,-0.1465942272427797,0.14697307910506763
0.55,-0.0006546928314001611,-0.18318767206339295,0.1825329792319928
0.6000000000000001,-0.004026168234349827,-0.24559243374932463,0.24156626551497482
0.65,-0.010013149428795696,-0.2869017346208903,0.2768885851920946
0.7000000000000001,-0.015418167713244987,-0.2814558918917313,0.2660377241784863
0.75,-0.012190466989154847,-0.2537209137083834,0.24153044671922855
0.8,0.009424639219214466,-0.25380281635177837,0.26322745557099286
0.8500000000000001,0.05189039881575112,-0.3036956859010976,0.3555860847168487
0.9,0.10025742813582289,-0.3714029173260395,0.47166034546186236
0.9500000000000001,0.12126791715499752,-0.40298372279634015,0.5242516399513377
1.0,0.0799403685901127,-0.3811594840562509,0.4610998526463636
1.05,-0.03112847481050344,-0.3476537743832387,0.31652529957273523
1.1,-0.170868370419439,-0.36126717994886803,0.19039880952942903
1.1500000000000001,-0.2620468827920266,-0.43234191895233337,0.17029503616030678
1.2000000000000002,-0.24161555794996534,-0.5050033361732897,0.2633877782233244
1.25,-0.11914394589556875,-0.513801698207174,0.39465775231160527
1.3,0.007615540543698012,-0.46106282315922914,0.46867836370292715
1.35,0.011291725433955914,-0.428277970408432,0.4395696958423879
1.4000000000000001,-0.1584977699519061,-0.49206095579389947,0.3335631858419934
1.4500000000000002,-0.4002788269242573,-0.6156196736561718,0.21534084673191445
1.5,-0.4953547517368447,-0.631237194024165,0.13588244228732033
1.55,-0.25615766466913376,-0.3616930072170119,0.10553534254787816
1.6,0.3062069690367012,0.2022213403825643,0.10398562865413688
1.6500000000000001,0.931626656377819,0.8261211613865259,0.10550549499129314
1.7000000000000002,1.2482335523920807,1.1544061597046986,0.09382739268738205
1.75,1.0271179105119999,0.9650510386261066,0.062066871885893216
1.8,0.37495611565351966,0.3642142293450212,0.010741886308498483
1.85,-0.2953952195578374,-0.24762573802344107,-0.04776948153439631
1.9000000000000001,-0.5239090896598699,-0.43706752115883285,-0.08684156850103708
1.9500000000000002,-0.12189313053715381,-0.04363336032969567,-0.07825977020745814
2.0,0.6816517677353628,0.6980569790878491,-0.016405211352486293
2.0500000000000003,1.3828295817931242,1.3142863728679268,0.06854320892519739
2.1,1.5398270193597214,1.4122993999820976,0.1275276193776238
2.15,1.0622467963856015,0.9309304119414344,0.13131638444416704
2.2,0.24657511258836165,0.14902342292479726,0.0975516896635644
2.25,-0.4558808892352278,-0.5340061618455516,0.07812527261032381
2.3000000000000003,-0.753668931304578,-0.8675147358762869,0.1138458045717089
2.35,-0.6779617500206742,-0.8736609296118434,0.19569917959116923
2.4000000000000004,-0.4916726582779396,-0.7607680081533111,0.26909534987537154
2.45,-0.44505987884075937,-0.7245966710515663,0.27953679221080696
2.5,-0.5852240146237734,-0.8050029201823526,0.21977890555857926
2.5500000000000003,-0.760721991087229,-0.8969162696993027,0.13619427861207367
2.6,-0.7897117154758488,-0.8783317714361621,0.0886200559603133
2.6500000000000004,-0.6302921142157597,-0.7299964239124633,0.09970430969670363
2.7,-0.4084687576409254,-0.5467472640556241,0.13827850641469874
2.75,-0.29584303477136653,-0.44545740979936105,0.14961437502799452
2.8000000000000003,-0.35961331075729663,-0.46330138872748844,0.1036880779701918
2.85,-0.5200106923560969,-0.5387552483678918,0.01874455601179492
2.9000000000000004,-0.6428571653756159,-0.5850254869794754,-0.05783167839614045
2.95,-0.6707769175302548,-0.5799550253532362,-0.09082189217701864
3.0,-0.6679406917470952,-0.5848937625172518,-0.08304692922984347
3.0500000000000003,-0.7411948510955799,-0.6755729534789672,-0.06562189761661275
3.1,-0.9195414502135897,-0.8540274610530622,-0.06551398916052753
3.1500000000000004,-1.1125434645231955,-1.031185668752819,-0.0813577957703766
3.2,-1.1908860464886284,-1.1034698567535903,-0.08741618973503806
3.25,-1.1118394316246678,-1.053166699271199,-0.058672732353468815
3.3000000000000003,-0.9630441987506305,-0.9702574691331188,0.007213270382488313
3.35,-0.8703245108209515,-0.9596278692627855,0.08930335844183401
3.4000000000000004,-0.8469748705236263,-1.0084926695497283,0.16151779902610197
3.45,-0.7315722809277196,-0.942988315526563,0.2114160345988434
3.5,-0.2973036543331871,-0.5411492499557388,0.24384559562255165
3.5500000000000003,0.5349123378155802,0.2658258080189825,0.26908652979659775
3.6,1.554726225003531,1.2662497385726508,0.2884764864308802
3.6500000000000004,2.3307768420915753,2.0399121461916723,0.29086469589990305
3.7,2.46696119090839,2.204671465130277,0.26228972577811316
3.75,1.8679847577364175,1.6682710040627062,0.19971375367371125
3.8000000000000003,0.8156310057338426,0.6987057394009871,0.1169252663328555
3.85,-0.20481440533059317,-0.24260302515170795,0.03778861982111478
3.9000000000000004,-0.8015748584817728,-0.7837195239695914,-0.017855334512181353
3.95,-0.8839498402813949,-0.8388139101984129,-0.045135930082982
4.0,-0.6471499012626761,-0.5927183779056405,-0.054431523357035605
4.05,-0.37609729760335076,-0.3144519795022015,-0.06164531810114926
4.1000000000000005,-0.236519516109006,-0.1603128197509595,-0.0762066963580465
4.15,-0.20499862034477917,-0.10950050469302453,-0.09549811565175464
4.2,-0.1584584329027785,-0.04949429375681952,-0.10896413914595898
4.25,-0.01675547787011363,0.0909240143970992,-0.10767949226721282
4.3,0.1885749612172296,0.2800136919611214,-0.0914387307438918
4.3500000000000005,0.3597228489576035,0.42794562732203867,-0.06822277836443519
4.4,0.4279456749615756,0.4755399661363285,-0.04759429117475289
4.45,0.4044445721117238,0.4387711887083184,-0.034326616596594584
4.5,0.35065198627994926,0.37803509392500156,-0.027383107645052307
4.55,0.3120104330062184,0.3357564802584421,-0.023746047252223734
4.6000000000000005,0.2846199114743881,0.3067824234296733,-0.022162511955285236
4.65,0.23943141841034488,0.262324652107182,-0.0228932336968371
4.7,0.16721264664464447,0.1918644118398406,-0.02465176519519613
4.75,0.09206406712367353,0.11551282475300839,-0.023448757629334863
4.800000000000001,0.04189531104315813,0.05785972983488063,-0.0159644187917225
4.8500000000000005,0.013385804961095451,0.01779656515022577,-0.004410760189130319
4.9,-0.025984384766072167,-0.029062728919898702,0.003078344153826535
4.95,-0.09858517215247041,-0.0973486483603195,-0.0012365237921509037
5.0,-0.18260072884249065,-0.16590350597281256,-0.01669722286967809
5.050000000000001,-0.22290134542189038,-0.19011306991583068,-0.0327882755060597
5.1000000000000005,-0.18001751797940022,-0.14268665292396857,-0.03733086505543165
5.15,-0.06909166593863333,-0.041042257937166766,-0.028049408001466568
5.2,0.05183025240242896,0.06854758277010146,-0.016717330367672506
5.25,0.13490239142135826,0.15565921171062924,-0.020756820289270977
5.300000000000001,0.18561536754484664,0.2342176961941617,-0.048602328649315046
5.3500000000000005,0.25321744902726934,0.34491892318229694,-0.0917014741550276
5.4,0.3769873322934772,0.5078789530967236,-0.1308916208032464
5.45,0.5400981524564915,0.6921425302280364,-0.1520443777715449
5.5,0.6753109694776434,0.8323098144535407,-0.15699884497589733
5.550000000000001,0.7165903819303858,0.8761328328600648,-0.159542450929679
5.6000000000000005,0.6477335863406468,0.8174919746181272,-0.16975838827748035
5.65,0.5047108616425648,0.6860073663922109,-0.1812965047496461
5.7,0.3352082799930977,0.5096459061715229,-0.17443762617842523
5.75,0.1594764960129774,0.29346871447395523,-0.13399221846097784
5.800000000000001,-0.028296735253613568,0.03870847121374244,-0.06700520646735601
5.8500000000000005,-0.2223420468602216,-0.2186956066523061,-0.003646440207915491
5.9,-0.3734047871628821,-0.3955994027730515,0.022194615610169388
5.95,-0.39999102587162777,-0.39875712259758234,-0.0012339032740454337
6.0,-0.23929148391504476,-0.18735451733598915,-0.05193696657905561
6.050000000000001,0.10256630029979177,0.19005230159607514,-0.08748600129628337
6.1000000000000005,0.5406280147430724,0.6151201149490466,-0.07449210020597419
6.15,0.9472774266894436,0.9594533762565728,-0.012175949567129196
6.2,1.2065588417833362,1.1384380797260654,0.0681207620572708
6.25,1.253455349682199,1.1263529753706243,0.12710237431157467
6.300000000000001,1.0850044089242676,0.9386440791044526,0.14636032981981506
6.3500000000000005,0.7507863659104158,0.6115694856981132,0.1392168802123026
6.4,0.33386653268668376,0.19836952382723233,0.13549700885945143
6.45,-0.0744450701023337,-0.2279059044777604,0.1534608343754267
6.5,-0.40436517851994574,-0.5870752436898569,0.18271006516991112
6.550000000000001,-0.6310872275703636,-0.8237893907415311,0.1927021631711675
6.6000000000000005,-0.7750249678961312,-0.9348781832610772,0.159853215364946
6.65,-0.8739158415095911,-0.964087962196659,0.09017212068706792
6.7,-0.9459944290713548,-0.9637667906093286,0.01777236153797379
6.75,-0.9754530645266647,-0.9553737450868058,-0.020079319439858856
6.800000000000001,-0.9342346349682729,-0.9234858813742929,-0.010748753593979976
6.8500000000000005,-0.8199485097349336,-0.8460548552283247,0.02610634549339108
6.9,-0.6714164431250047,-0.7280019669069664,0.05658552378196169
6.95,-0.5421861703737803,-0.6022451573578462,0.060058986984065976
7.0,-0.4533888408880728,-0.4961809485737975,0.04279210768572472
7.050000000000001,-0.37117689697515505,-0.3989653019050032,0.02778840492984813
7.1000000000000005,-0.23503899679572798,-0.2673211477191863,0.03228215092345832
7.15,-0.016748562990870634,-0.07077400032735308,0.05402543733648245
7.2,0.24104686352190108,0.16363320021412492,0.07741366330777616
7.25,0.4424265266749769,0.3514033998072775,0.09102312686769942
7.300000000000001,0.4996314938148336,0.4015210369748168,0.09811045684001685
7.3500000000000005,0.388878643799548,0.27875189035017695,0.11012675344937106
7.4,0.15834166655500645,0.027160916650366528,0.13118074990463993
7.45,-0.11108026956964481,-0.26164933898199194,0.15056906941234713
7.5,-0.35403723653984814,-0.5059472519801281,0.15191001544028
7.550000000000001,-0.5404630341698407,-0.6703830361389215,0.12992000196908082
7.6000000000000005,-0.6624188398914167,-0.7597313881541734,0.0973125482627567
7.65,-0.7141786743490303,-0.7878147978915417,0.07363612354251148
7.7,-0.6908163282463058,-0.756888996803193,0.0660726685568872
7.75,-0.6037279820392739,-0.6648444166940779,0.061116434654803986
7.800000000000001,-0.489653267438268,-0.5260238514364435,0.0363705839981755
7.8500000000000005,-0.3958878781828613,-0.37832120773655087,-0.01756667044631044
7.9,-0.3506408247284474,-0.26524653887256394,-0.08539428585588343
7.95,-0.3450677664898919,-0.20807163962979255,-0.13699612686009935
8.0,-0.3436407840905065,-0.19297092114682135,-0.15066986294368517
8.05,-0.31261721361305017,-0.1831491988421726,-0.12946801477087758
8.1,-0.24023927361986253,-0.14317196169780624,-0.09706731192205628
8.15,-0.13281864961566683,-0.05476862675088661,-0.07805002286478022
8.200000000000001,0.0038674609992974526,0.08422759198636832,-0.08036013098707087
8.25,0.1748062639847144,0.2686216060870896,-0.09381534210237522
8.3,0.385766293151593,0.48875185235543417,-0.10298555920384117
8.35,0.6244093249166132,0.7252141425993713,-0.10080481768275817
8.4,0.8542008276228762,0.9455008581842289,-0.09130003056135272
8.450000000000001,1.0299747271270736,1.1119272959002098,-0.08195256877313617
8.5,1.121910047824894,1.1975254645501257,-0.07561541672523164
8.55,1.1264748491593641,1.1965350447226142,-0.07006019556325005
8.6,1.0566478800864303,1.1203265014025696,-0.06367862131613933
8.65,0.9245509295783618,0.9839183205254967,-0.059367390947134835
8.700000000000001,0.7357492238982081,0.7973382011934581,-0.061588977295250036
8.75,0.49998900006583097,0.5699680213518656,-0.06997902128603467
8.8,0.24378373739861506,0.32099702253717655,-0.07721328513856149
8.85,0.006777831300583371,0.08128286724396167,-0.07450503594337829
8.9,-0.1795994079091045,-0.11976642740055182,-0.05983298050855268
8.950000000000001,-0.3127471445689754,-0.27213627420027625,-0.04061087036869915
9.0,-0.41773636186754426,-0.3901246217287198,-0.027611740138824448
9.05,-0.5218682499575137,-0.4964388440996984,-0.02542940585781528
9.1,-0.625043575325077,-0.5968507627764575,-0.028192812548619495
9.15,-0.6914063064208927,-0.6669878248363296,-0.024418481584563168
9.200000000000001,-0.6705728288214509,-0.6639421850153299,-0.006630643806120995
9.25,-0.5324625071281196,-0.5549983752381048,0.022535868109985202
9.3,-0.28953709681069717,-0.3419867501865312,0.052449653375834016
9.35,0.008131058351957168,-0.064220979282206,0.07235203763416317
9.4,0.2977241643629075,0.21934877926247603,0.07837538510043146
9.450000000000001,0.5283073117234669,0.4533758223425479,0.07493148938091898
9.5,0.6702533413870994,0.599470525835228,0.07078281555187138
9.55,0.7104462091465286,0.6368600391678855,0.07358616997864309
9.600000000000001,0.6454577788931912,0.5591539420201085,0.08630383687308274
9.65,0.4823624970566316,0.3760384949494031,0.10632400210722848
9.700000000000001,0.245129116724131,0.1187059182743905,0.1264231984497405
9.75,-0.023957926614890303,-0.16084187494165217,0.13688394832676187
9.8,-0.2753108846396438,-0.4040819899604719,0.12877110532082808
9.850000000000001,-0.4712867628574535,-0.5692537849102544,0.09796702205280083
9.9,-0.6002622921017391,-0.6485257313045604,0.04826343920282128
9.950000000000001,-0.6743094276404843,-0.6655848770420857,-0.008724550598398606
10.0,-0.7117333842364009,-0.6540480039308264,-0.05768538030557446
10.05,-0.7182140268432347,-0.6321112703833558,-0.08610275645987886
10.100000000000001,-0.6819032434441611,-0.5922248583528634,-0.08967838509129766
10.15,-0.5865267109994069,-0.5128648219558154,-0.0736618890435915
10.200000000000001,-0.43129317619240903,-0.3819034277684189,-0.04938974842399013
10.25,-0.24011492364047482,-0.21204511019512826,-0.028069813445346564
10.3,-0.05114239288308987,-0.03576461885956653,-0.01537777402352334
10.350000000000001,0.10582555096373195,0.11573800530494747,-0.00991245434121553
10.4,0.22601099636055969,0.2322245666659054,-0.0062135703053457225
10.450000000000001,0.3272697016015887,0.32738829806302083,-0.00011859646143214109
10.5,0.4316520279342654,0.4242089778978663,0.007443050036399057
10.55,0.5469101167620782,0.5357639586764834,0.011146158085594826
10.600000000000001,0.6622142579312248,0.6561647042308649,0.0060495537003598665
10.65,0.7581018997405732,0.765426258854371,-0.007324359113797807
10.700000000000001,0.8180814439713071,0.8400544942627055,-0.0219730502913984
10.75,0.8306681381608156,0.8594049220220662,-0.02873678386125056
10.8,0.7839168689233071,0.8067106244875074,-0.02279375556420027
10.850000000000001,0.6649755883208649,0.6721430531468843,-0.007167464826019376
10.9,0.47239358261376857,0.46284431074049026,0.009549271873278309
10.950000000000001,0.23254846712002863,0.2132667271749665,0.019281739945062132
11.0,0.0010346247553134312,-0.018392458942487533,0.019427083697800964
11.05,-0.16111736844965135,-0.1742339932757093,0.013116624826057938
11.100000000000001,-0.2235153994688423,-0.22901628199834576,0.005500882529503454
11.15,-0.20654108799313406,-0.2064325730297803,-0.00010851496335376187
11.200000000000001,-0.16666331786568117,-0.16355861930463592,-0.003104698561045255
11.25,-0.15638480953960046,-0.15269061579366858,-0.003694193745931884
11.3,-0.19043408717310292,-0.18944358960077856,-0.0009904975723243614
11.350000000000001,-0.24457934746743618,-0.25134253541775753,0.006763187950321353
11.4,-0.284711163285721,-0.30499681984360993,0.020285656557888943
11.450000000000001,-0.2980216250694833,-0.3357826477917828,0.037761022722299475
11.5,-0.29909565003123445,-0.3541844267232494,0.05508877669201495
11.55,-0.30964051098576795,-0.37699087476096843,0.06735036377520048
11.600000000000001,-0.335548908758528,-0.40579666262247116,0.07024775386394316
11.65,-0.3647991994256226,-0.4259819114630592,0.06118271203743658
11.700000000000001,-0.38581397722911753,-0.4263221785104398,0.040508201281322265
11.75,-0.40366862786422936,-0.41646194879606047,0.01279332093183111
11.8,-0.4341454045423031,-0.4206600215798323,-0.013485382962470815
11.850000000000001,-0.4802373621302251,-0.4509833336619505,-0.02925402846827463
11.9,-0.5163281318484038,-0.4863248974904312,-0.030003234357972586
11.950000000000001,-0.49963450715238844,-0.4806843734665706,-0.018950133685817827
12.0,-0.4014403318873796,-0.3965737334676664,-0.004866598419713208
12.05,-0.22969980665004902,-0.2342048026507485,0.004504996000699479
12.100000000000001,-0.021807942771911937,-0.029970389878970386,0.008162447107058449
12.15,0.18477310823660464,0.1732990503972481,0.011474057839356538
12.200000000000001,0.37481892676454975,0.35510186585419096,0.019717060910358797
12.25,0.5493186838498951,0.5179916293855884,0.031327054464306725
12.3,0.6995771282041203,0.6621221507341076,0.037454977470012696
12.350000000000001,0.7912274838554054,0.7622237444391488,0.02900373941625667
12.4,0.7788286854480936,0.7734228389352944,0.005405846512799184
12.450000000000001,0.6408443152550197,0.6634963262432853,-0.022652010988265525
12.5,0.40307489767103444,0.44264619612438094,-0.039571298453346504
12.55,0.12802086895379863,0.163843748288704,-0.035822879334905355
12.600000000000001,-0.12096671914863373,-0.10559562453877497,-0.015371094609858763
12.65,-0.3095264387310145,-0.31546438996784054,0.005937951236826056
12.700000000000001,-0.4331155231274324,-0.4430978673667473,0.009982344239314878
12.75,-0.4953683958050522,-0.48310245925158685,-0.012265936553465362
12.8,-0.4912566602296765,-0.4366986122871814,-0.054558047942495136
12.850000000000001,-0.41399743618119933,-0.31594120691764,-0.09805622926355934
12.9,-0.2770250996633792,-0.15530638444961486,-0.12171871521376432
12.950000000000001,-0.12447616481691424,-0.009547818016016429,-0.11492834680089782
13.0,-0.013963987738197596,0.07089156672059774,-0.08485555445879533
13.05,0.016763811645567114,0.0696002086777605,-0.05283639703219338
13.100000000000001,-0.02922978762169398,0.011037213172922172,-0.040267000794616155
13.15,-0.11705825183478587,-0.06458362668919676,-0.05247462514558911
13.200000000000001,-0.2088005178277533,-0.13608676992975496,-0.07271374789799834
13.25,-0.28508505196845446,-0.2121427877085367,-0.07294226425991776
13.3,-0.3422404624271385,-0.3068710120751118,-0.03536945035202671
13.350000000000001,-0.3732312844517461,-0.4046614556060589,0.03143017115431279
13.4,-0.3559510107699781,-0.45180275952566146,0.09585174875568336
13.450000000000001,-0.26331254957437245,-0.3884556102780138,0.12514306070364134
13.5,-0.08645326613969254,-0.19544784925791345,0.10899458311822091
13.55,0.15119025030200162,0.08569157543601158,0.06549867486599004
13.600000000000001,0.4025063140566565,0.37783581843115605,0.024670495625500444
13.65,0.6204843584621389,0.6163098913771149,0.004174467085024003
13.700000000000001,0.777048953232347,0.7784673601695441,-0.0014184069371970809
13.75,0.8638376898983116,0.8731146257690784,-0.009276935870766834
13.8,0.8796798285464267,0.9066772511915934,-0.02699742264516669
13.850000000000001,0.8204194016857077,0.8630446526876295,-0.04262525100192183
13.9,0.6815866692296981,0.7175864054589586,-0.03599973622926045
13.950000000000001,0.47036852747615443,0.4707140572324984,-0.000345529756343943
14.0,0.21452063350351713,0.16711670305031112,0.04740393045320601
14.05,-0.04082386639239725,-0.11935926778965854,0.07853540139726128
14.100000000000001,-0.24731579113266347,-0.3235707057422802,0.07625491460961673
14.15,-0.37015451406084615,-0.4192625177582465,0.04910800369740037
14.200000000000001,-0.39916868521105725,-0.4208766320594574,0.02170794684840016
14.25,-0.3502837879512178,-0.3621352378091917,0.011851449857973928
14.3,-0.25754742521474505,-0.2731805783612122,0.015633153146467127
14.350000000000001,-0.15879485866285528,-0.17266833330881828,0.013873474645963002
14.4,-0.0809235608636968,-0.07349270422922051,-0.0074308566344762905
14.450000000000001,-0.032390018185777754,0.010284091000082311,-0.042674109185860065
14.5,-0.00739071993607531,0.06393652303439705,-0.07132724297047235
14.55,0.0021208939730329025,0.07805760409358965,-0.07593671012055675
14.600000000000001,-0.0024802238867298876,0.05318761289015172,-0.055667836776881606
14.65,-0.023638950503840114,4.50441199701959e-06,-0.023643454915837133
14.700000000000001,-0.05617290576516848,-0.06309963157064806,0.0069267258054795805
14.75,-0.08101823531369376,-0.11370139657798443,0.032683161264290675
14.8,-0.0751384477338751,-0.13210339368250798,0.056964945948632884
14.850000000000001,-0.03243487839821541,-0.1116160145628696,0.07918113616465419
14.9,0.023819416907763742,-0.06621898778890911,0.09003840469667285
14.950000000000001,0.05273092146067794,-0.026233339717135158,0.0789642611778131
15.0,0.025955590630075798,-0.020377157961048484,0.04633274859112428
15.05,-0.049097136224986807,-0.05643843620881881,0.0073412999838320045
15.100000000000001,-0.1353694384207449,-0.11790897480418425,-0.017460463616560645
15.15,-0.1980627672126633,-0.18143208522280427,-0.016630681989859036
15.200000000000001,-0.23357701918693183,-0.23936557120968824,0.00578855202275641
15.25,-0.2675151130861194,-0.3041313000904155,0.036616187004296086
15.3,-0.32231951290339494,-0.3871379847319842,0.06481847182858924
15.350000000000001,-0.38530609658769815,-0.47170307631176656,0.0863969797240684
15.4,-0.4099596146679177,-0.5098494295688252,0.09988981490090748
15.450000000000001,-0.3533827541090919,-0.45359848268870057,0.10021572857960864
15.5,-0.21804115076169314,-0.2980433438403608,0.08000219307866765
15.55,-0.05963439857731908,-0.09791529319839566,0.03828089462107658
15.600000000000001,0.04800547376471843,0.0612237657666818,-0.013218292001963373
15.65,0.06229194394515585,0.1173909485264797,-0.05509900458132385
15.700000000000001,-0.0046912496946605615,0.06970818197508294,-0.0743994316697435
15.75,-0.10435520643353292,-0.02905248711285462,-0.07530271932067831
15.8,-0.19043828646857322,-0.11477839731626148,-0.07565988915231174
15.850000000000001,-0.2431883686642865,-0.1519637339329545,-0.091224634731332
15.9,-0.26255917172482396,-0.14135251599156257,-0.12120665573326139
15.950000000000001,-0.24536802287535278,-0.09730542975151156,-0.14806259312384124
16.0,-0.1740089998725838,-0.02223507668381123,-0.15177392318877259
16.05,-0.02828333199778871,0.0977244078551555,-0.12600773985294422
16.1,0.1937027204800899,0.27602132828297515,-0.08231860780288525
16.150000000000002,0.46789770832841526,0.507571128160413,-0.03967341983199779
16.2,0.7563199399760681,0.7658227848503852,-0.009502844874317184
16.25,1.0238940863077304,1.0134506129658656,0.010443473341864795
16.3,1.2421159670152464,1.2130598651352327,0.02905610188001373
16.35,1.3792040585268173,1.329758486066384,0.04944557246043324
16.400000000000002,1.394523472371271,1.3311004282099255,0.06342304416134548
16.45,1.252596269734857,1.1941862030034343,0.05841006673142268
16.5,0.950244907583387,0.9194689049579304,0.030776002625456544
16.55,0.5322757954298883,0.5388182278731,-0.006542432443211621
16.6,0.07711411216398807,0.10704737543330473,-0.029933263269316654
16.650000000000002,-0.34005109625216867,-0.3188221012201604,-0.021228995032008258
16.7,-0.6781072457657478,-0.6960708308692748,0.017963585103527024
16.75,-0.9317225957085365,-0.9968634167857062,0.06514082107716967
16.8,-1.107685218173772,-1.1985127457513831,0.09082752757761114
16.85,-1.2018438125473265,-1.2799170909268556,0.07807327837952904
16.900000000000002,-1.1988296749318992,-1.2324343165391018,0.03360464160720267
16.95,-1.091812150568697,-1.074506176185599,-0.01730597438309811
17.0,-0.8990949907837604,-0.8509145400892208,-0.04818045069453958
17.05,-0.6586119807739189,-0.6106561869651822,-0.04795579380873671
17.1,-0.4049743567782286,-0.37977390349278345,-0.025200453285445124
17.150000000000002,-0.15190238104456627,-0.15340627612733182,0.0015038950827655495
17.2,0.10285689830376249,0.08512795925977483,0.01772893904398766
17.25,0.35623786094970267,0.3358418847007069,0.02039597624899575
17.3,0.5848320811877493,0.5706456395312008,0.014186441656548476
17.35,0.7518398862947907,0.7483604788241203,0.003479407470670437
17.400000000000002,0.8289607505274245,0.8398705981819191,-0.010909847654494653
17.45,0.8113736869509662,0.8389644354073043,-0.02759074845633802
17.5,0.7121898843701778,0.7517320682878786,-0.03954218391770081
17.55,0.5450011125542318,0.5813036696019935,-0.03630255704776175
17.6,0.31576538494188233,0.32935731760159004,-0.013591932659707706
17.650000000000002,0.03462385945179906,0.015722142315632015,0.01890171713616705
17.7,-0.26499437560601263,-0.30620816028926695,0.04121378468325432
17.75,-0.5240897893085092,-0.5615890699118644,0.03749928060335517
17.8,-0.6832252085310099,-0.6922548600532061,0.009029651522196258
17.85,-0.7190019019964284,-0.6924242866929554,-0.026577615303473023
17.900000000000002,-0.6617703518700254,-0.6118164117698809,-0.049953940100144534
17.95,-0.577611919571581,-0.5224979606333995,-0.055113958938181495
18.0,-0.5268835530657344,-0.47585645164906276,-0.05102710141667166
18.05,-0.5306509293303497,-0.4818630110906622,-0.04878791823968753
18.1,-0.5683600555643697,-0.520347622407402,-0.04801243315696779
18.150000000000002,-0.6031655160490107,-0.5662071750578505,-0.03695834099116024
18.2,-0.6099974725444466,-0.6032991595903405,-0.006698312954106056
18.25,-0.5836324404894293,-0.6190645276506418,0.03543208716121249
18.3,-0.5253771675889771,-0.5935744274161304,0.0681972598271533
18.35,-0.4265911218704006,-0.5007331685989318,0.0741420467285312
18.400000000000002,-0.2679668313576203,-0.3239723064860728,0.0560054751284525
18.45,-0.03673809452435776,-0.07203552691916935,0.0352974323948116
18.5,0.2534243415054184,0.22008760966108865,0.03333673184432978
18.55,0.5577391654294084,0.5054306346129591,0.05230853081644926
18.6,0.8160304286753761,0.7418319685300442,0.07419846014533193
18.650000000000002,0.9783727468771631,0.9001536147883679,0.07821913208879527
18.7,1.0245314885740942,0.9649211961193537,0.05961029245474048
18.75,0.9676149662965899,0.9355756497359496,0.032039316560640296
18.8,0.8433130282776056,0.8307169729070428,0.012596055370562742
18.85,0.6926712559947511,0.6872344368094881,0.005436819185262953
18.900000000000002,0.5463345167076763,0.5459104870639421,0.000424029643734225
18.95,0.4152971749183549,0.42836406662224236,-0.013066891703887473
19.0,0.2909427778603353,0.32357909299558685,-0.03263631513525156
19.05,0.1550756253221842,0.19930517544246362,-0.04422955012027943
19.1,-0.003407745236197282,0.03357512786184691,-0.03698287309804419
19.150000000000002,-0.17370909294288459,-0.15775638843150125,-0.015952704511383337
19.200000000000003,-0.3202714392548346,-0.3209266939905085,0.0006552547356739047
19.25,-0.3962789691962087,-0.39350783893631114,-0.0027711302598975585
19.3,-0.3672945201376134,-0.3413288326954394,-0.02596568744217398
19.35,-0.2310459109937133,-0.17677724481858229,-0.054268666175131014
19.400000000000002,-0.021138650687462728,0.050900510077522484,-0.0720391607649852
19.450000000000003,0.2070243253476913,0.2811164179828165,-0.0740920926351252
19.5,0.39863487714218604,0.46384272465582455,-0.0652078475136385
19.55,0.5171752609336209,0.5684651883673955,-0.051289927433774585
19.6,0.5501324726494378,0.5838346507731773,-0.033702178123739546
19.650000000000002,0.504480827898352,0.5170871441732308,-0.012606316274878737
19.700000000000003,0.39855021993754614,0.391754595995791,0.006795623941755147
19.75,0.2552436922700287,0.24011007247004243,0.015133619799986259
19.8,0.09723373351715539,0.0891747741841021,0.008058959333053284
19.85,-0.05709863993239664,-0.05071036673735732,-0.006388273195039318
19.900000000000002,-0.19654912700628943,-0.18407705032651164,-0.012472076679777788
19.950000000000003,-0.31659187873067496,-0.31543366095758524,-0.0011582177730897203
20.0,-0.41479311647260814,-0.43483578522885047,0.020042668756242332
20.05,-0.4853040696075053,-0.5185967048946807,0.03329263528717541
20.1,-0.5174271070616101,-0.5455513888800672,0.028124281818457053
20.150000000000002,-0.5001422370712935,-0.5132005339634224,0.013058296892128896
20.200000000000003,-0.42883119254069696,-0.4370910405878066,0.008259848047109664
20.25,-0.30799336660647947,-0.3332392889486387,0.02524592234215922
20.3,-0.1476254648738592,-0.20136669105575028,0.05374122618189109
20.35,0.042245048731732716,-0.027596752129633112,0.06984180086136582
20.400000000000002,0.25173101766948225,0.19307425244195633,0.058656765227525914
20.450000000000003,0.46398995797390197,0.4344783086543078,0.029511649319594158
20.5,0.6476470493155171,0.6393008785088548,0.008346170806662334
20.55,0.7590511807497193,0.7449001780432516,0.014151002706467741
20.6,0.7581068359881555,0.7160480035791306,0.04205883240902497
20.650000000000002,0.6293680129282321,0.5602282737826519,0.06913973914558014
20.700000000000003,0.39328607691340234,0.3166739350551122,0.07661214185829013
20.75,0.09807214892639897,0.031614299045116284,0.06645784988128269
20.8,-0.2031124527910609,-0.2599015078303074,0.0567890550392465
20.85,-0.47382335968142975,-0.535621272315904,0.061797912634474206
20.900000000000002,-0.700653007810065,-0.7775124013898588,0.07685939357979377
20.950000000000003,-0.8828900361382653,-0.9659414063216976,0.08305137018343223
21.0,-1.017186452061788,-1.0825867539460146,0.06540030188422663
21.05,-1.0911203573149257,-1.1173682065165123,0.026247849201586515
21.1,-1.0900661955377964,-1.0717075469951438,-0.018358648542652567
21.150000000000002,-1.009834484111936,-0.9563468853028207,-0.053487598809115244
21.200000000000003,-0.8635561846445675,-0.7881327161766855,-0.07542346846788206
21.25,-0.6775596777779805,-0.5892279871920937,-0.08833169058588686
21.3,-0.4805776372596462,-0.3863714834154238,-0.09420615384422237
21.35,-0.29479489628727523,-0.20554667595663254,-0.0892482203306427
21.400000000000002,-0.13361973882770448,-0.06274929264859486,-0.07087044617910962
21.450000000000003,-0.004619255473050422,0.041445780859260956,-0.046065036332311377
21.5,0.08694304124446887,0.11647614535712725,-0.029533104112658373
21.55,0.13677024377450667,0.1683539264291242,-0.03158368265461753
21.6,0.1422741703826618,0.19056264708319234,-0.04828847670053055
21.650000000000002,0.10450116207298299,0.16974906300159406,-0.06524790092861107
21.700000000000003,0.03097704629287346,0.10300952178760678,-0.07203247549473332
21.75,-0.06157182278092416,0.010716006440663272,-0.07228782922158743
21.8,-0.1478826029227245,-0.06955926415323706,-0.07832333876948745
21.85,-0.20131508094027414,-0.10587522258989653,-0.09543985835037762
21.900000000000002,-0.20537363857244878,-0.09248735649786485,-0.11288628207458393
21.950000000000003,-0.16075434416842052,-0.04859253882534694,-0.11216180534307357
22.0,-0.07906263233364566,0.00612766510582925,-0.08519029743947491
22.05,0.03519026600843773,0.07895095461288588,-0.04376068860444816
22.1,0.19911567985340986,0.20893982528023491,-0.009824145426825054
22.150000000000002,0.4446354855610534,0.44042907847360185,0.004206407087451569
22.200000000000003,0.7876668159018658,0.7822223656661552,0.005444450235710607
22.25,1.1937161816459614,1.1828062173635812,0.010909964282380225
22.3,1.5703296430518516,1.5416530585740316,0.028676584477820066
22.35,1.800984714808618,1.7512948075337487,0.04968990727486933
22.400000000000002,1.8029744598661133,1.744247348473753,0.0587271113923602
22.450000000000003,1.5702258830200924,1.51781844444863,0.05240743857146235
22.5,1.1711127381483468,1.126854535264567,0.04425820288377991
22.55,0.7053423285222139,0.6549649007187368,0.05037742780347709
22.6,0.25433985582088475,0.18400827958000893,0.07033157624087583
22.650000000000002,-0.13985288040791627,-0.22404544799619833,0.08419256758828206
22.700000000000003,-0.46071795386522857,-0.531407568601687,0.07068961473645846
22.75,-0.6927490621198343,-0.7220139183284093,0.029264856208574996
22.8,-0.8154589096394537,-0.7989830625131572,-0.01647584712629646
22.85,-0.821376514372444,-0.7827981981030518,-0.03857831626939212
22.900000000000002,-0.7360030043420202,-0.7068503991482866,-0.029152605193733527
22.950000000000003,-0.6140318402520992,-0.6083080137606534,-0.005723826491445871
23.0,-0.5096470686266993,-0.5169748591197885,0.007327790493089181
23.05,-0.4454298190469305,-0.4477614218045826,0.002331602757652096
23.1,-0.4072274864104459,-0.4006236350636348,-0.006603851346811129
23.150000000000002,-0.36820835142093267,-0.36692899382916866,-0.0012793575917640077
23.200000000000003,-0.3181952376862706,-0.337462611191062,0.019267373504791407
23.25,-0.271046911574989,-0.3075202787670978,0.03647336719210881
23.3,-0.24604623742790208,-0.27779202017059185,0.03174578274268977
23.35,-0.24510620677767095,-0.25264203792589823,0.007535831148227284
23.400000000000002,-0.2501182751020533,-0.23764204927276864,-0.012476225829284676
23.450000000000003,-0.24219792300696208,-0.2366778759745062,-0.0055200470324558715
23.5,-0.22090855985511135,-0.24830846239906806,0.027399902543956717
23.55,-0.2015674423986634,-0.2625588611528163,0.0609914187541529
23.6,-0.19242119508203306,-0.26114485699944423,0.06872366191741117
23.650000000000002,-0.17597657213877665,-0.22328017776525586,0.0473036056264792
23.700000000000003,-0.11617861336392706,-0.13520703672937665,0.01902842336544959
23.75,0.01257306515555915,0.002287522291946182,0.010285542863612968
23.8,0.20124715787420203,0.1736649939881881,0.027582163886013922
23.85,0.40969868271845994,0.35572909078016657,0.05396959193829337
23.900000000000002,0.593994644481353,0.5262782659955837,0.06771637848576928
23.950000000000003,0.731146496062161,0.6679359994917223,0.06321049657043865
24.0,0.8193953787938785,0.7661688126330932,0.05322656616078525
24.05,0.8586786580986949,0.806744362864639,0.051934295234055905
24.1,0.8364771001673112,0.778474526443848,0.05800257372346329
24.150000000000002,0.7372638053279393,0.6809567047556438,0.05630710057229549
24.200000000000003,0.5665598581707226,0.5302125599640329,0.03634729820668969
24.25,0.3621260001522395,0.3550568895747329,0.007069110577506588
24.3,0.17557107040716843,0.18473625187369436,-0.009165181466525923
24.35,0.03772964964002159,0.0367336701714972,0.000995979468524387
24.400000000000002,-0.06030370988995042,-0.08589599566140814,0.025592285771457716
24.450000000000003,-0.15175498434834353,-0.18683582476761634,0.03508084041927281
24.5,-0.25853520282813486,-0.267124854178064,0.008589651349929117
24.55,-0.3694499793364147,-0.3236651918878601,-0.04578478744855463
24.6,-0.4527575806567497,-0.35636644935220785,-0.09639113130454185
24.650000000000002,-0.4896334243786386,-0.37495969952955416,-0.11467372484908445
24.700000000000003,-0.4946267364347327,-0.39614093745236917,-0.09848579898236354
24.75,-0.50273376436559,-0.431635657373422,-0.07109810699216801
24.8,-0.5365380314604605,-0.4781451676867615,-0.05839286377369901
24.85,-0.5867462855135048,-0.5199071014129498,-0.066839184100555
24.900000000000002,-0.6253133516446168,-0.543012662941047,-0.08230068870356977
24.950000000000003,-0.6367070901026088,-0.5486255115912292,-0.08808157851137965
25.0,-0.6340876159278738,-0.5519901155563296,-0.08209750037154417
25.05,-0.6425500815285365,-0.5667000654237884,-0.07585001610474817
25.1,-0.6656440641023044,-0.5875852215464222,-0.07805884255588214
25.150000000000002,-0.6695550282518626,-0.5875826816100609,-0.08197234664180175
25.200000000000003,-0.6029770432589597,-0.5320489374840988,-0.07092810577486097
25.25,-0.4360084373068337,-0.3992330152936234,-0.036775422013210324
25.3,-0.18297780846269285,-0.19148115898600088,0.008503350523308029
25.35,0.10993834279199524,0.06883845878552461,0.04109988400647063
25.400000000000002,0.39755358901600174,0.3514545645201609,0.04609902449584086
25.450000000000003,0.6564111232333384,0.6264810815780388,0.029930041655299555
25.5,0.8762896661456736,0.8641376934437467,0.012151972701926916
25.55,1.0372373990909,1.0317371745329948,0.00550022455790522
25.6,1.1021607929529695,1.0969450865036698,0.005215706449299695
25.650000000000002,1.0380249580652219,1.0394175940913657,-0.001392636026143812
25.700000000000003,0.8471695400772598,0.8633176057334617,-0.01614806565620197
25.75,0.5768494092192814,0.600392703716946,-0.02354329449766457
25.8,0.2942865503260714,0.2997766706875096,-0.0054901203614382
25.85,0.047615190648186916,0.010400174235653828,0.03721501641253309
25.900000000000002,-0.152902198696386,-0.2333290553374383,0.08042685664105231
25.950000000000003,-0.31837206984551497,-0.4151855767681804,0.09681350692266544
26.0,-0.4484182734415821,-0.5305731888564031,0.08215491541482106
26.05,-0.5163214502262575,-0.5767238945015039,0.060402444275246325
26.1,-0.4884657852934414,-0.5480896757972314,0.05962389050379002
26.150000000000002,-0.3606190014568527,-0.44152786690676565,0.08090886544991294
26.200000000000003,-0.17650287481413593,-0.2687658045070015,0.09226292969286556
26.25,-0.009554335630823432,-0.06679564603354396,0.05724131040272053
26.3,0.0785666814723986,0.10504246371058824,-0.026475782238189638
26.35,0.06983289597048022,0.18598885141647004,-0.11615595544598982
26.400000000000002,-0.010426258552720993,0.14438178377435457,-0.15480804232707557
26.450000000000003,-0.12014983746467803,-0.0015071893144302248,-0.1186426481502478
26.5,-0.22826645595132264,-0.1896159667127094,-0.03865048923861325
26.55,-0.32314171611257114,-0.3474112133394041,0.02426949722683297
26.6,-0.4021914646737551,-0.4315535076139826,0.029362042940227484
26.650000000000002,-0.4585074007669113,-0.4457857625162408,-0.01272163825067052
26.700000000000003,-0.4778497418991564,-0.42404514449999176,-0.053804597399164655
26.75,-0.44555504203841667,-0.393062528828649,-0.052492513209767666
26.8,-0.3537791376900115,-0.3456478966843375,-0.008131241005674028
26.85,-0.20299626112037072,-0.24719999653009772,0.044203735409726996
26.900000000000002,-0.0009642017465524818,-0.0702472349880798,0.06928303324152732
26.950000000000003,0.23468377984505387,0.17148825456951003,0.06319552527554384
27.0,0.4708346870309618,0.41728425106403383,0.05355043596692799
27.05,0.6588216255783873,0.5866506738040993,0.072170951774288
27.1,0.7471716929273173,0.6198241094911385,0.1273475834361788
27.150000000000002,0.7037333347523475,0.5055078017285851,0.19822553302376233
27.200000000000003,0.5337973327743074,0.28337140668157873,0.2504259260927287
27.25,0.28169656996200165,0.026565653167686294,0.2551309167943154
27.3,0.014533659598074742,-0.1836611542926084,0.19819481389068314
27.35,-0.20195129305628545,-0.28345080233962217,0.08149950928333671
27.400000000000002,-0.3229468670283295,-0.2481858943420981,-0.07476097268623139
27.450000000000003,-0.33338051270676633,-0.103767288742241,-0.22961322396452533
27.5,-0.2469502762916388,0.08327606358746024,-0.33022633987909905
27.55,-0.09853089361122856,0.23963797204661147,-0.33816886565784005
27.6,0.06817715582154442,0.3267348528027225,-0.2585576969811781
27.650000000000002,0.21538255683554805,0.3602875809916748,-0.14490502415612674
27.700000000000003,0.3225526932256076,0.38913843830184874,-0.06658574507624115
27.75,0.38743315702975795,0.446447963460039,-0.059014806430281064
27.8,0.4155934837902603,0.5131321266180275,-0.09753864282776725
27.85,0.40707630477215295,0.5274659561752286,-0.12038965140307567
27.900000000000002,0.3527659327845456,0.4364459847543723,-0.0836800519698267
27.950000000000003,0.2453072122440567,0.24595483422870168,-0.0006476219846449915
28.0,0.0952807427186928,0.024410416873434163,0.07087032584525864
28.05,-0.06365355357941217,-0.14618480517906782,0.08253125159965564
28.1,-0.18856706493675998,-0.23069965179845597,0.04213258686169599
28.150000000000002,-0.2507456472089523,-0.2599497370371922,0.009204089828239892
28.200000000000003,-0.2497756472570882,-0.2915567540082927,0.04178110675120447
28.25,-0.20700400656469115,-0.3481241020125083,0.14112009544781717
28.3,-0.1458590487239993,-0.3894820409474501,0.2436229922234508
28.35,-0.07811123387673237,-0.3460341030723905,0.26792286919565816
28.400000000000002,-0.007999111795513662,-0.18584829467198336,0.1778491828764697
28.450000000000003,0.05292245143461328,0.04256941037213977,0.010353041062473506
28.5,0.07920480478853849,0.23023272813956522,-0.15102792335102672
28.55,0.04436845765083947,0.27681260732399393,-0.23244414967315447
28.6,-0.055939410909372746,0.15616878112006705,-0.21210819202943978
28.650000000000002,-0.19216353297446528,-0.06939513366721309,-0.1227683993072522
28.700000000000003,-0.31357725694182825,-0.2919877736336474,-0.021589483308180835
28.75,-0.3765821541022433,-0.422145960648624,0.04556380654638065
28.8,-0.3653548394923646,-0.42863998547976095,0.06328514598739637
28.85,-0.28940758276252254,-0.3339592036250297,0.044551620862507135
28.900000000000002,-0.16498816146104398,-0.18045223168622465,0.015464070225180676
28.950000000000003,-0.0020246502656902686,0.000822979426804616,-0.0028476296924948847
29.0,0.18935868971437286,0.19632924734381207,-0.006970557629439211
29.05,0.3812890721857887,0.393326404399096,-0.012037332213307272
29.1,0.5225570952393196,0.5605406111156671,-0.03798351587634752
29.150000000000002,0.5587658168062621,0.6471496467859097,-0.08838382997964755
29.200000000000003,0.4668705697019393,0.6057302316061935,-0.13885966190425425
29.25,0.2760138762245297,0.4253826057656133,-0.1493687295410836
29.3,0.05535187434418194,0.15098655681363893,-0.09563468246945699
29.35,-0.12317585115938048,-0.12891307817688827,0.005737227017507784
29.400000000000002,-0.2184958451708895,-0.32255433534080985,0.10405849016992036
29.450000000000003,-0.2268034120635055,-0.37947769832467143,0.15267428626116594
29.5,-0.16250470059339528,-0.3094192904630797,0.14691458986968442
29.55,-0.037108833048489095,-0.16315067618682513,0.12604184313833605
29.6,0.1426461049610326,0.0083296811265702,0.1343164238344624
29.650000000000002,0.35859633067058283,0.18272379004077108,0.17587254062981175
29.700000000000003,0.5679667511800929,0.360760202765147,0.2072065484149459
29.75,0.7120633501444359,0.5346162818429981,0.17744706830143775
29.8,0.7440031786085648,0.6638044260971939,0.08019875251137087
29.85,0.6532139367178397,0.6862191300400645,-0.033005193322224846
29.900000000000002,0.4664317475843751,0.5594367206685373,-0.09300497308416222
29.950000000000003,0.22614436343586955,0.2973775226499711,-0.07123315921410153
30.0,-0.03305653401105234,-0.031046103107932686,-0.0020104309031196525
30.05,-0.29062334288008107,-0.3417706467604858,0.051147303880404726
30.1,-0.5285343798980879,-0.5805757659560833,0.052041386057995354
30.150000000000002,-0.7199187246438882,-0.7372943474344675,0.01737562279057936
30.200000000000003,-0.8342676770678591,-0.8240672345127154,-0.01020044255514374
30.25,-0.8569297852902552,-0.8461167860890587,-0.010812999201196494
30.3,-0.80391553790395,-0.7969183240401241,-0.006997213863825902
30.35,-0.7156107167448345,-0.6803439980943716,-0.035266718650462825
30.400000000000002,-0.6324652540954326,-0.531213495042865,-0.10125175905256767
30.450000000000003,-0.5727296574920695,-0.4055465959067894,-0.16718306158528012
30.5,-0.5300069122955062,-0.3435218427963621,-0.18648506949914412
30.55,-0.48927217111934435,-0.3390331621783565,-0.15023900894098785
30.6,-0.44324726300415807,-0.3468463955593642,-0.09640086744479387
30.650000000000002,-0.3930775694089907,-0.3228406583687543,-0.07023691104023638
30.700000000000003,-0.3354413950894487,-0.2598624954632525,-0.07557889962619618
30.75,-0.253550190842969,-0.18523975585315644,-0.06831043498981254
30.8,-0.1260174578168975,-0.1237150689863836,-0.002302388830513896
30.85,0.051431485421274035,-0.06436911221606346,0.1158005976373375
30.900000000000002,0.2516481567509435,0.03298885747982895,0.21865929927111455
30.950000000000003,0.4248839712765589,0.1951007967847926,0.2297831744917663
31.0,0.5259054229243161,0.39584172370690973,0.13006369921740635
31.05,0.5377366094125579,0.5585906076240162,-0.02085399821145839
31.1,0.4737083815175214,0.6015720391439064,-0.12786365762638502
31.150000000000002,0.35969726474165115,0.48993641578162794,-0.1302391510399768
31.200000000000003,0.2157545758031039,0.2551477268762233,-0.03939315107311939
31.25,0.05414605715076639,-0.027012063179522743,0.08115812033028913
31.3,-0.10797157589490322,-0.2756978300091456,0.16772625411424238
31.35,-0.23914027581626587,-0.43216232491943113,0.19302204910316526
31.400000000000002,-0.30250134510423193,-0.46665921246108716,0.16415786735685522
31.450000000000003,-0.27907470064961026,-0.3776534873374856,0.09857878668787534
31.5,-0.18544667005234994,-0.1946033749421142,0.00915670488976425
31.55,-0.06896071599601988,0.021504820762183213,-0.0904655367582031
31.6,0.017096554891154754,0.194000873654391,-0.17690431876323626
31.650000000000002,0.038864458938464796,0.2631847146191232,-0.2243202556806584
31.700000000000003,-0.010096349244958397,0.21473460569670602,-0.2248309549416644
31.75,-0.11852201313994576,0.07973176953134843,-0.19825378267129418
31.8,-0.2695319007980005,-0.09460749292142005,-0.17492440787658042
31.85,-0.4412145620287811,-0.2764953248566512,-0.16471923717212994
31.900000000000002,-0.5978858986490287,-0.4536059798445556,-0.14427991880447316
31.950000000000003,-0.6874313329531806,-0.6076870144816274,-0.07974431847155317
32.0,-0.6563432466854432,-0.6898722218243624,0.03352897513891917
32.050000000000004,-0.47659986736527055,-0.6298047548751314,0.1532048875098609
32.1,-0.16490640271134777,-0.38030826791860023,0.21540186520725246
32.15,0.22106138641368409,0.03700122986253016,0.18406015655115393
32.2,0.6065582814636064,0.5254776340611196,0.08108064740248677
32.25,0.9260510806580532,0.9555273189873806,-0.029476238329327442
32.300000000000004,1.1361323013507627,1.2247097445820598,-0.08857744323129713
32.35,1.2147299707911559,1.2943425644197943,-0.07961259362863848
32.4,1.1585511291647619,1.18571290359686,-0.027161774432098218
32.45,0.9875094138882048,0.9531795235612981,0.0343298903269067
32.5,0.7507268165001296,0.6626914163600326,0.08803540014009703
32.550000000000004,0.5200146059349967,0.38600983915618026,0.13400476677881645
32.6,0.36463609926506013,0.1967868256214382,0.16784927364362193
32.65,0.31935389039333906,0.1518028459885206,0.16755104440481847
32.7,0.3682433945411823,0.26136087043604006,0.10688252410514226
32.75,0.4576599402421119,0.47323441364905905,-0.015574473406947176
32.800000000000004,0.5297041561332022,0.6908068403828942,-0.16110268424969199
32.85,0.5519426860366312,0.8194960490724549,-0.26755336303582367
32.9,0.5238936558915589,0.811330199071514,-0.28743654317995515
32.95,0.46116916239086286,0.6787314792345086,-0.21756231684364574
33.0,0.3755796060290697,0.4735243890121806,-0.09794478298311088
33.050000000000004,0.2690809938133828,0.2523887883722049,0.016692205441177888
33.1,0.14346079678482793,0.05403252279458088,0.08942827399024705
33.15,0.012243685652092657,-0.10324613083085699,0.11548981648294965
33.2,-0.09950535355375897,-0.21332768544894173,0.11382233189518276
33.25,-0.16883565661145744,-0.27674372291287813,0.10790806630142069
33.300000000000004,-0.19016664159120913,-0.3012446971659236,0.11107805557471448
33.35,-0.1791669485687439,-0.3023387120874881,0.12317176351874418
33.4,-0.16298685985429728,-0.2987030972444427,0.13571623739014543
33.45,-0.16591020979748683,-0.30515419385598397,0.13924398405849714
33.5,-0.20114598472093054,-0.3294874193669847,0.1283414346460542
33.550000000000004,-0.2716248975294578,-0.3746726650254401,0.10304776749598232
33.6,-0.3743372554388211,-0.44137858551445136,0.06704133007563023
33.65,-0.5018762443436454,-0.5262813692999766,0.02440512495633118
33.7,-0.640694962219023,-0.6186124789297175,-0.02208248328930551
33.75,-0.7707550439386297,-0.701721385176818,-0.06903365876181167
33.800000000000004,-0.8701408295392805,-0.7615538396250935,-0.10858698991418703
33.85,-0.9226095068766124,-0.7947035350839461,-0.12790597179266627
33.9,-0.922421207604023,-0.8064668414011709,-0.11595436620285215
33.95,-0.8730295426902015,-0.7986833617911303,-0.07434618089907119
34.0,-0.7817302376460691,-0.7592440791596621,-0.022486158486407004
34.050000000000004,-0.6553704190544394,-0.6663213278358697,0.010950908781430346
34.1,-0.5000248571811756,-0.5072283681250459,0.007203510943870284
34.15,-0.3230329923046388,-0.296289241585912,-0.026743750718726755
34.2,-0.13382848553576526,-0.07409391444593635,-0.05973457108982891
34.25,0.057836430524317875,0.11452124079974212,-0.05668481027542424
34.300000000000004,0.2442805548235255,0.24771445877499704,-0.0034339039514715286
34.35,0.42004649940628275,0.33780826008666875,0.08223823931961399
34.4,0.5791819395223288,0.41790497466331944,0.16127696485900933
34.45,0.7116403525605285,0.5144578430799568,0.1971825094805717
34.5,0.8013997263818866,0.6253521097717993,0.17604761661008728
34.550000000000004,0.8277924254006773,0.7167295956946313,0.11106282970604597
34.6,0.7705032530416882,0.7382746369782447,0.032228616063443516
34.65,0.6180594966501203,0.647415737085647,-0.02935624043552676
34.7,0.37789082181960676,0.4316254457823982,-0.05373462396279144
34.75,0.08277052811252551,0.12047061742615174,-0.03770008931362623
34.800000000000004,-0.2132872999319482,-0.2185891136187438,0.005301813686795609
34.85,-0.4526117191324981,-0.5026086878222554,0.04999696868975734
34.9,-0.598362775345559,-0.66694812441353,0.06858534906797098
34.95,-0.6512842056715616,-0.6937452976114246,0.042461091939862916
35.0,-0.6460889323231173,-0.617277711458425,-0.028811220864692233
35.050000000000004,-0.6281887548638944,-0.5016693353817143,-0.12651941948218004
35.1,-0.6265229946161962,-0.4059966506963836,-0.22052634391981263
35.15,-0.6416779847387775,-0.36084241954862833,-0.28083556519014913
35.2,-0.6559209349263836,-0.3691372707818933,-0.2867836641444903
35.25,-0.6533722322416227,-0.42199023523824286,-0.2313819970033798
35.300000000000004,-0.6308756496662302,-0.5082048862714876,-0.12267076339474259
35.35,-0.5906397497357065,-0.606569035576179,0.015929285840472485
35.4,-0.5247630688553648,-0.6727213959469291,0.1479583270915643
35.45,-0.4108897346886376,-0.643698617515526,0.23280888282688844
35.5,-0.22789790768069917,-0.46940644945605053,0.24150854177535136
35.550000000000004,0.020026746305345004,-0.15257974296194435,0.17260648926728936
35.6,0.293367667333428,0.23591574230784268,0.057451925025585326
35.65,0.5333272905067168,0.5849623426341277,-0.05163505212741093
35.7,0.6931929947083053,0.7995768569609641,-0.10638386225265883
35.75,0.7604151981895373,0.8479994798070724,-0.08758428161753506
35.800000000000004,0.7532401398013336,0.7686714260652102,-0.015431286263876576
35.85,0.6986346652445498,0.6368051098350929,0.06182955540945689
35.9,0.6137804742498778,0.5181425919031247,0.09563788234675308
35.95,0.5069659261447069,0.44127953783463636,0.06568638831007056
36.0,0.39219976658951183,0.40049099188685894,-0.008291225297347105
36.050000000000004,0.29709230767372397,0.37747236822581387,-0.0803800605520899
36.1,0.25057775530623655,0.3610737588885017,-0.11049600358226513
36.15,0.25909421046636466,0.3518773795779545,-0.09278316911158985
36.2,0.2946373901647441,0.3528556928912923,-0.05821830272654821
36.25,0.3099182501097652,0.35682659739910305,-0.04690834728933785
36.300000000000004,0.2714045230225322,0.3420678186349649,-0.07066329561243267
36.35,0.18346945698332132,0.2816036940495956,-0.0981342370662743
36.4,0.0834289194149246,0.16271869297893377,-0.07928977356400917
36.45,0.01232608497339185,0.004522862568173773,0.007803222405218078
36.5,-0.013285649896793797,-0.1416584444612119,0.1283727945644181
36.550000000000004,-0.006177056074368316,-0.21599707738393525,0.20982002130956695
36.6,0.01001940706646894,-0.18688125593369492,0.19690066300016387
36.65,0.022221518133486117,-0.07487914503894985,0.09710066317243597
36.7,0.03244141987904888,0.05730334944758891,-0.024861929568540025
36.75,0.044737579221374425,0.1447728321731474,-0.10003525295177298
36.800000000000004,0.05163496864929577,0.15970893799300243,-0.10807396934370665
36.85,0.036195547549246296,0.11775104908066122,-0.08155550153141493
36.9,-0.01160708216549267,0.04856552125644832,-0.06017260342194099
36.95,-0.08123267644991147,-0.0374485827503843,-0.043784093699527175
37.0,-0.1455735261104476,-0.14929883756373308,0.0037253114532854736
37.050000000000004,-0.18015837232520915,-0.27981183829829154,0.09965346597308239
37.1,-0.18021505577054225,-0.37449823412568806,0.1942831783551458
37.15,-0.16062881732836262,-0.35050425585323947,0.18987543852487684
37.2,-0.14055495039687865,-0.1659398009569379,0.025384850560059236
37.25,-0.12835198470424786,0.11763191575085022,-0.24598390045509808
37.300000000000004,-0.11997841338021047,0.34756699868212193,-0.4675454120623324
37.35,-0.10864328460762976,0.3785292845506242,-0.4871725691582539
37.4,-0.09194542060716346,0.18795445953221784,-0.2798998801393813
37.45,-0.06715274229921098,-0.08907391023801704,0.021921167938806066
37.5,-0.02069287502068893,-0.24578699042543584,0.22509411540474691
37.550000000000004,0.07263138871365668,-0.15066081907216067,0.22329220778581735
37.6,0.23298740423659908,0.15989169512235438,0.0730957091142447
37.65,0.45211954965163653,0.5164386278125849,-0.06431907816094834
37.7,0.6844410905660757,0.7469575528058983,-0.06251646223982255
37.75,0.8645333243912681,0.7934001752901513,0.07113314910111679
37.800000000000004,0.9409855108740498,0.7232597024477986,0.21772580842625122
37.85,0.9018663048722405,0.640179810239893,0.2616864946323475
37.9,0.7736779513702098,0.5829804406053398,0.19069751076486996
37.95,0.5976766984095029,0.5032487229606174,0.09442797544888548
38.0,0.4049564282170863,0.33253062973844616,0.07242579847864011
38.050000000000004,0.2093277572200888,0.06753947307005036,0.14178828415003847
38.1,0.01826559086519814,-0.20946857295872215,0.22773416382392028
38.15,-0.1545422709874419,-0.3927985805967617,0.23825630960931982
38.2,-0.2907446045593695,-0.4387503714024647,0.1480057668430952
38.25,-0.3822668778236039,-0.39750696009016045,0.015240082266556543
38.300000000000004,-0.4436008505829536,-0.36728801914418485,-0.07631283143876877
38.35,-0.5062537347312106,-0.4160880643399561,-0.0901656703912545
38.400000000000006,-0.5964323777413287,-0.5388079555244427,-0.05762442221688602
38.45,-0.713278550577412,-0.6782318919034134,-0.03504665867399859
38.5,-0.8259642710717153,-0.7797765422571015,-0.04618772881461386
38.550000000000004,-0.8927515133682253,-0.8270245703770348,-0.06572694299119053
38.6,-0.8873535902037388,-0.8330173078281372,-0.05433628237560162
38.650000000000006,-0.8129201022046345,-0.8077930936042906,-0.005127008600343874
38.7,-0.6951257907079338,-0.7409671348174784,0.04584134410954466
38.75,-0.5626452359521374,-0.6162708554259014,0.053625619473763986
38.800000000000004,-0.431511551254525,-0.4395839089493254,0.008072357694800414
38.85,-0.30394289928900914,-0.24899070274039806,-0.05495219654861108
38.900000000000006,-0.17889006312228317,-0.0947112114984096,-0.08417885162387358
38.95,-0.06261078946163254,-0.006373593986592369,-0.05623719547504017
39.0,0.03047777152556222,0.024003881755284107,0.006473889770278112
39.050000000000004,0.08680046462639249,0.030685088226264725,0.05611537640012776
39.1,0.10412822086399251,0.046725492939020494,0.057402727924972016
39.150000000000006,0.09442837994801981,0.08332790593571239,0.011100474012307418
39.2,0.07643194218545203,0.12904672928924077,-0.05261478710378874
39.25,0.06337453486560769,0.16359237332043639,-0.10021783845482869
39.300000000000004,0.05491226281017817,0.17157193692255612,-0.11665967411237796
39.35,0.03906867896816002,0.14659624887857778,-0.10752756991041776
39.400000000000006,0.002868959751622868,0.08774452973637827,-0.0848755699847554
39.45,-0.05581352656512667,-0.00316343432567609,-0.05265009223945058
39.5,-0.1235710662854118,-0.11815774375879169,-0.005413322526620107
39.550000000000004,-0.17738647075992647,-0.236453893406981,0.05906742264705453
39.6,-0.19728366704711514,-0.3229879505286947,0.12570428348157958
39.650000000000006,-0.17727804299528518,-0.33884730332807095,0.16156926033278576
39.7,-0.127752256927086,-0.2619520930116353,0.1341998360845493
39.75,-0.06874048990048011,-0.10665742968780842,0.03791693978732831
39.800000000000004,-0.019694237153320495,0.07292208947858778,-0.09261632663190827
39.85,0.007598228067021311,0.20407438395824318,-0.19647615589122186
39.900000000000006,0.010408734823833102,0.2333543191443145,-0.2229455843204814
39.95,-0.006777103046966306,0.15866416397814506,-0.16544126702511136
40.0,-0.03388734578088736,0.032473724256283705,-0.06636107003717107
40.050000000000004,-0.05646692528205595,-0.06921627322338403,0.01274934794132808
40.1,-0.059304690322118776,-0.09276932189630104,0.03346463157418226
40.150000000000006,-0.033743670016461405,-0.03614286579632972,0.0023991957798683156
40.2,0.015423557801126704,0.05799220487514017,-0.04256864707401346
40.25,0.0706610740492106,0.13711627187276262,-0.06645519782355203
40.300000000000004,0.11296414759709678,0.17349777879485465,-0.06053363119775787
40.35,0.1372719144667358,0.17457569775512802,-0.037303783288392206
40.400000000000006,0.15960150661361816,0.16822247460318243,-0.008620967989564271
40.45,0.20798430615217323,0.18175954312884507,0.026224763023328157
40.5,0.302054024658608,0.23235338839927155,0.06970063625933642
40.550000000000004,0.4363880069980626,0.32866421867732426,0.10772378832073837
40.6,0.5806689934777168,0.4704294261952518,0.11023956728246503
40.650000000000006,0.6963513453696049,0.6388782897528675,0.05747305561673732
40.7,0.7563951094237296,0.7887204271275317,-0.03232531770380209
40.75,0.7535302131883104,0.8596098279570903,-0.10607961476877992
40.800000000000004,0.694082238869376,0.8094166261365919,-0.1153343872672159
40.85,0.5873368614770343,0.6467484554631788,-0.059411593986144484
40.900000000000006,0.442362434347914,0.4327927577548725,0.009569676593041476
40.95,0.2738444082437854,0.24470804823875372,0.029136360005031697
41.0,0.10693212870464298,0.12657803423685005,-0.01964590553220706
41.050000000000004,-0.029214472143116944,0.0670796908098471,-0.09629416295296404
41.1,-0.11755696624155283,0.020917084376539295,-0.13847405061809212
41.150000000000006,-0.16510012124003068,-0.04701884631525561,-0.11808127492477508
41.2,-0.19731626857554352,-0.13426932954732404,-0.06304693902821948
41.25,-0.23629405804213158,-0.2112961688378443,-0.024997889204287277
41.300000000000004,-0.2793152443682954,-0.25405526797593325,-0.02525997639236216
41.35,-0.2961675540129459,-0.26360039983847705,-0.03256715417446887
41.400000000000006,-0.24882431846867864,-0.25403018306321523,0.005205864594536591
41.45,-0.11885155329656626,-0.22451579453441137,0.10566424123784511
41.5,0.07792615569971978,-0.1485075201974922,0.22643367589721197
41.550000000000004,0.2988008785659319,0.003850623251253523,0.2949502553146784
41.6,0.4953837708638591,0.22823773939811162,0.26714603146574745
41.650000000000006,0.6319050091265711,0.4689445956729816,0.16296041345358953
41.7,0.6902097992830583,0.6407373302204963,0.049472469062561975
41.75,0.6642855807524329,0.6746360827908499,-0.01035050203841692
41.800000000000004,0.5544751882800744,0.5531271265636053,0.0013480617164690623
41.85,0.3676883910238308,0.3118353149494269,0.05585307607440387
41.900000000000006,0.12103428487333674,0.013350171348440923,0.10768411352489582
41.95,-0.15779353216394348,-0.2827435967825083,0.12495006461856484
42.0,-0.43602853853044443,-0.5351406778402794,0.09911213930983498
42.050000000000004,-0.6833589237476461,-0.7213669440247994,0.03800802027715333
42.1,-0.8760004823172332,-0.8342764947698801,-0.04172398754735307
42.150000000000006,-0.9963337431608488,-0.8802423741397627,-0.11609136902108608
42.2,-1.031972896021161,-0.8750401874782514,-0.15693270854290953
42.25,-0.9777561190447712,-0.8331739613236282,-0.14458215772114302
42.300000000000004,-0.8394137912407712,-0.7561375317933665,-0.08327625944740469
42.35,-0.6345515049880834,-0.6315631474147155,-0.0029883575733679058
42.400000000000006,-0.38895757486252025,-0.44789777920578366,0.058940204343263414
42.45,-0.13126525728880178,-0.21390041154043093,0.08263515425162915
42.5,0.10959314856872551,0.034654774981835904,0.07493837358688961
42.550000000000004,0.30405870108342997,0.24839265195076596,0.055666049132664014
42.6,0.4237862332798929,0.38722621849819466,0.036560014781698236
42.650000000000006,0.44979486992847956,0.4346250512416164,0.015169818686863179
42.7,0.38366783915258246,0.3954669690821034,-0.011799129929520924
42.75,0.2520896151270454,0.28606419466735855,-0.03397457954031313
42.800000000000004,0.09747910590578608,0.1296289731379791,-0.03214986723219303
42.85,-0.04164535297489485,-0.0408746709861347,-0.0007706819887601524
42.900000000000006,-0.14733628736471305,-0.18379916826854087,0.03646288090382782
42.95,-0.224040775146758,-0.2636101769708273,0.03956940182406929
43.0,-0.28562986157854187,-0.2728590207823263,-0.012770840796215543
43.050000000000004,-0.3394995254693327,-0.2413104980236188,-0.0981890274457139
43.1,-0.38050726640264027,-0.2184414766945137,-0.16206578970812657
43.150000000000006,-0.39723385768276465,-0.23830645479590168,-0.15892740288686297
43.2,-0.38201936239228684,-0.2936112012181402,-0.08840816117414663
43.25,-0.33489535148513616,-0.3403823330583548,0.005486981573218641
43.300000000000004,-0.26002259582302395,-0.32971751880358563,0.06969492298056168
43.35,-0.1616940254738611,-0.24147405307045147,0.07978002759659036
43.400000000000006,-0.04626967053609882,-0.09556803746269656,0.04929836692659774
43.45,0.07215715179932261,0.06294655149263352,0.00921060030668909
43.5,0.17094966991149865,0.18913425803836034,-0.01818458812686169
43.550000000000004,0.22797826680092564,0.2557248838020038,-0.027746617001078167
43.6,0.23513563327200473,0.25768825641881066,-0.022552623146805922
43.650000000000006,0.20470782480358385,0.20994603470026907,-0.00523820989668522
43.7,0.1621325269712349,0.14338186248244614,0.01875066448878876
43.75,0.1306047404147996,0.09659978322340781,0.034004957191391794
43.800000000000004,0.11989277453379132,0.09978571071543431,0.020107063818357016
43.85,0.12681856431567215,0.15642228219651363,-0.029603717880841485
43.900000000000006,0.14349321433226644,0.2373371657604735,-0.09384395142820706
43.95,0.16338829997436355,0.2964162279690596,-0.13302792799469604
44.0,0.18038364301308527,0.29969839361459605,-0.11931475060151078
44.050000000000004,0.18568187885096646,0.24624120506667105,-0.06055932621570459
44.1,0.17049944919472806,0.16485828575977857,0.005641163434949498
44.150000000000006,0.13493831679758692,0.09155044325643324,0.04338787354115367
44.2,0.09379205336319653,0.048213427031967585,0.045578626331228944
44.25,0.0699485047215065,0.03862482930452715,0.03132367541697935
44.300000000000004,0.07745338320496631,0.05843175223683721,0.019021630968129095
44.35,0.10820425103095085,0.10273404531781198,0.005470205713138873
44.400000000000006,0.1355939984359926,0.16155287179121097,-0.025958873355218376
44.45,0.13408180057225338,0.21155328411254776,-0.07747148354029437
44.5,0.0987240829068228,0.22043730893159127,-0.12171322602476847
44.550000000000004,0.04792400670210192,0.1678232175744314,-0.11989921087232946
44.6,0.007516738988218073,0.06593919027460969,-0.05842245128639162
44.650000000000006,-0.009082627060096844,-0.04176844471568304,0.0326858176555862
44.7,-0.007351828437735256,-0.10775241776595473,0.10040058932821948
44.75,-0.000953335398952532,-0.1120640093777534,0.11111067397880087
44.800000000000004,0.003882587165764173,-0.0716136382492545,0.07549622541501867
44.85,0.01349538392228219,-0.02014016025957035,0.033635544181852536
44.900000000000006,0.03800713813517503,0.02120885397627959,0.016798284158895435
44.95,0.0792951044964772,0.055894059230504625,0.023401045265972573
45.0,0.12842769911312626,0.09889659020444506,0.0295311089086812
45.050000000000004,0.17399660114604718,0.15550077623498385,0.01849582491106333
45.1,0.21080725986770735,0.21397849215141274,-0.0031712322837053886
45.150000000000006,0.23854526555997194,0.25616620150614544,-0.017620935946173505
45.2,0.25194368422116653,0.27006707570171573,-0.0181233914805492
45.25,0.23466148370811715,0.24920557046821498,-0.01454408676009783
45.300000000000004,0.1667358786114592,0.1829989168328467,-0.0162630382213875
45.35,0.04189479667101357,0.05706460329451112,-0.015169806623497553
45.400000000000006,-0.12014508473662629,-0.12721861383957644,0.007073529102950157
45.45,-0.2785120279832333,-0.33025543479998004,0.05174340681674672
45.5,-0.3908867032196299,-0.47799010418259186,0.08710340096296193
45.550000000000004,-0.4334438997183572,-0.5020619227685443,0.06861802305018716
45.6,-0.4072332179209058,-0.3902738843765938,-0.01695933354431195
45.650000000000006,-0.3294366238682638,-0.20366572021410134,-0.12577090365416244
45.7,-0.2194591171718266,-0.039176220097165156,-0.18028289707466144
45.75,-0.09079811377719987,0.03708429212900047,-0.12788240590620034
45.800000000000004,0.04844703635571922,0.03341258697732142,0.015034449378397798
45.85,0.19121676440590657,0.018257343334801404,0.17295942107110518
45.900000000000006,0.32852145345893174,0.06171542299006636,0.26680603046886536
45.95,0.44858532033505727,0.18173078375102447,0.2668545365840328
46.0,0.5363296293299648,0.33568870063992723,0.20064092869003752
46.050000000000004,0.5736762290269204,0.4564718587471285,0.11720437027979191
46.1,0.543748471096127,0.49676246211862174,0.04698600897750527
46.150000000000006,0.4396287800713751,0.44666311642131046,-0.007034336349935333
46.2,0.2721953794802469,0.32088162527997,-0.04868624579972308
46.25,0.06910597348020305,0.1391638652972455,-0.07005789181704246
46.300000000000004,-0.13694250090858992,-0.07803291654252535,-0.05890958436606457
46.35,-0.32256285377321464,-0.3006994146741649,-0.021863439099049753
46.400000000000006,-0.47898322140457145,-0.4870562908795545,0.008073069474983041
46.45,-0.6045516893968945,-0.5999662580931912,-0.004585431303703369
46.5,-0.693067583252898,-0.6304749688854516,-0.06259261436744634
46.550000000000004,-0.730788563221544,-0.604545519098868,-0.12624304412267595
46.6,-0.7059645707974082,-0.5623786307550523,-0.1435859400423558
46.650000000000006,-0.6212865725008596,-0.525979745743007,-0.09530682675785263
46.7,-0.495859112470242,-0.4832059162662862,-0.01265319620395583
46.75,-0.35378497616890575,-0.4024611883486963,0.04867621217979057
46.800000000000004,-0.2105856699520482,-0.264983971734955,0.05439830178290683
46.85,-0.07125663350037119,-0.08695804669986691,0.015701413199495723
46.900000000000006,0.05875654094346469,0.08604015051383516,-0.027283609570370473
46.95,0.16316441305938414,0.20589319278327622,-0.04272877972389208
47.0,0.2193002912912058,0.2484505467421455,-0.029150255450939716
47.050000000000004,0.21627762909394643,0.22246987952598227,-0.006192250432035834
47.1,0.16941839593394029,0.15980752974667706,0.009610866187263228
47.150000000000006,0.11423034564095844,0.09738668849177734,0.016843657149181096
47.2,0.08199393087391406,0.061547092621951946,0.020446838251962113
47.25,0.07786182683838122,0.059384319175833304,0.018477507662547916
47.300000000000004,0.08171366582198009,0.07813663982528568,0.003577025996694405
47.35,0.0711235076260184,0.09351535322253242,-0.022391845596514012
47.400000000000006,0.044656132831294576,0.08559253752478302,-0.04093640469348844
47.45,0.023428141274763645,0.05438625356145677,-0.030958112286693127
47.5,0.03016719290172126,0.023110793172881644,0.007056399728839615
47.550000000000004,0.06687746815196943,0.023197504663279397,0.043679963488690035
47.6,0.1128739038568964,0.06986061118272008,0.04301329267417632
47.650000000000006,0.14395226178859027,0.1473086756162233,-0.00335641382763302
47.7,0.15235412103867033,0.21698816086375167,-0.06463403982508134
47.75,0.14750516485520745,0.24339127246772457,-0.09588610761251712
47.800000000000004,0.13860745807501798,0.2166932762831362,-0.07808581820811822
47.85,0.11978180819789282,0.15451690336718482,-0.034735095169292005
47.900000000000006,0.07573538777514224,0.08400261517741006,-0.008267227402267818
47.95,0.003339532520587034,0.022182799808344925,-0.01884326728775789
48.0,-0.07428736720372538,-0.028373994655016894,-0.04591337254870848
48.050000000000004,-0.11911051039964869,-0.06853635867160503,-0.050574151728043665
48.1,-0.10748766198960585,-0.09128222682382002,-0.016205435165785834
48.150000000000006,-0.05037402344515104,-0.08372638134407073,0.033352357898919695
48.2,0.01577508070468164,-0.04064586237109269,0.05642094307577433
48.25,0.059890098575612075,0.02525469955307646,0.03463539902253561
48.300000000000004,0.08015917225792422,0.08817184546199607,-0.00801267320407184
48.35,0.09877219168375857,0.12583010356892016,-0.027057911885161587
48.400000000000006,0.133917969835621,0.1331676619449601,0.000750307890660884
48.45,0.17757569931301187,0.12182148250915273,0.05575421680385914
48.5,0.20142484223601143,0.10797391181520924,0.09345093042080219
48.550000000000004,0.18482045083542079,0.10074858286242741,0.08407186797299337
48.6,0.1365640721698151,0.09999605177026692,0.036568020399548165
48.650000000000006,0.08824275347704691,0.10141229202521146,-0.01316953854816455
48.7,0.06508283933000392,0.1008851114300037,-0.03580227209999978
48.75,0.06253796885854268,0.0941432088378002,-0.031605239979257516
48.800000000000004,0.051318354747165104,0.07547059139384264,-0.02415223664667754
48.85,0.0060645271580230566,0.04048496025088651,-0.03442043309286345
48.900000000000006,-0.06944614448682453,-0.008436391005132543,-0.061009753481691985
48.95,-0.14347024519534785,-0.06084534654235424,-0.0826248986529936
49.0,-0.18121150112916773,-0.1043256857260175,-0.07688581540315023
49.050000000000004,-0.169484595881264,-0.13230049413598302,-0.03718410174528097
49.1,-0.11999704338026737,-0.14445590080220355,0.02445885742193618
49.150000000000006,-0.052504017573624606,-0.13868836260034395,0.08618434502671934
49.2,0.022286792795225812,-0.10494815991720663,0.12723495271243243
49.25,0.10312600122462354,-0.032246065044131335,0.13537206626875486
49.300000000000004,0.18461866388559878,0.07354508351485313,0.11107358037074565
49.35,0.24736301820914358,0.17870273161424602,0.06866028659489756
49.400000000000006,0.265013446481507,0.2341036113468334,0.030909835134673574
49.45,0.22300261412406955,0.20745627629442825,0.015546337829641294
49.5,0.1309937300692034,0.10999034876021435,0.021003381308989044
49.550000000000004,0.01705524896709305,-0.00799654729179786,0.02505179625889091
49.6,-0.09065308441180864,-0.09314987455538061,0.0024967901435719725
49.650000000000006,-0.17765402593057864,-0.12791892549666226,-0.04973510043391638
49.7,-0.24154845146435747,-0.13857449856938858,-0.10297395289496888
49.75,-0.2805129471853014,-0.16489205672070367,-0.11562089046459773
49.800000000000004,-0.2867056138833276,-0.2186743668403678,-0.06803124704295979
49.85,-0.2526617060867145,-0.269162421282229,0.016500715195514493
49.900000000000006,-0.18376221522041086,-0.2693792034421503,0.08561698822173941
49.95,-0.1024611554799636,-0.20005132267809567,0.09759016719813207
50.0,-0.037646777101143405,-0.09139487574288989,0.05374809864174648
50.050000000000004,-0.007199630664285809,-0.002820713798084234,-0.004378916866201575
50.1,-0.00866469259746602,0.021862479294976842,-0.03052717189244286
50.150000000000006,-0.025481143226642144,-0.014760212550811367,-0.010720930675830777
50.2,-0.04218147626322345,-0.07156013781108463,0.029378661547861173
50.25,-0.054939097497897785,-0.10542176855799348,0.0504826710600957
50.300000000000004,-0.06967962656643098,-0.10328884824473314,0.03360922167830216
50.35,-0.09195489953520397,-0.08416232179962436,-0.007792577735579606
50.400000000000006,-0.11924253777141779,-0.07446027482403664,-0.04478226294738115
50.45,-0.14219411260249692,-0.08246733644935868,-0.05972677615313825
50.5,-0.15201825120127518,-0.09420985544863396,-0.057808395752641226
50.550000000000004,-0.14604153311156404,-0.09030313944129927,-0.05573839367026477
50.6,-0.12659214547070827,-0.06439785678025103,-0.06219428869045723
50.650000000000006,-0.09551675173805022,-0.025701716742374422,-0.06981503499567579
50.7,-0.05066804759389142,0.013833136963024174,-0.0645011845569156
50.75,0.01159869471897874,0.05200667740904676,-0.040407982690068026
50.800000000000004,0.08965009115610163,0.09514198466898983,-0.005491893512888202
50.85,0.17127298594472004,0.1453412425065284,0.02593174343819163
50.900000000000006,0.23499915040527694,0.19082203906920464,0.0441771113360723
50.95,0.2588806503498332,0.21088351851244488,0.047997131837388324
51.0,0.2324378584087685,0.19223433924763167,0.04020351916113682
51.050000000000004,0.16456425547388243,0.14173840490131384,0.022825850572568585
51.1,0.08135811691864568,0.0833359369862041,-0.0019778200675584223
51.150000000000006,0.013404921956164616,0.041142963392466786,-0.02773804143630217
51.2,-0.020605334829772053,0.023064649504763793,-0.043669984334535845
51.25,-0.023026417537491444,0.018562976310557006,-0.04158939384804845
51.300000000000004,-0.012009668812877029,0.011614932908833735,-0.023624601721710763
51.35,-0.00512298801735985,-0.003058156646460733,-0.002064831370899117
51.400000000000006,-0.004518413008430867,-0.014548091599952843,0.010029678591521977
51.45,0.003961616191713913,-0.005293109941974901,0.009254726133688815
51.5,0.036676393548860285,0.03306607621253155,0.0036103173363287375
51.550000000000004,0.09534518114415698,0.0910881815330619,0.004256999611095075
51.6,0.16279415984370207,0.14720144581809524,0.01559271402560683
51.650000000000006,0.21556937652985886,0.1826703677846567,0.03289900874520216
51.7,0.24204202580696574,0.19357657380737345,0.04846545199959229
51.75,0.2491672998402382,0.19054655856797673,0.05862074127226147
51.800000000000004,0.2516252058679681,0.1872802079362312,0.0643449979317369
51.85,0.2540688889313442,0.18782949042011401,0.0662393985112302
51.900000000000006,0.24416952843803003,0.18295453284649146,0.06121499559153856
51.95,0.20383358510276064,0.15793484430246996,0.04589874080029069
52.0,0.12804278319630802,0.10488226855479335,0.023160514641514668
52.050000000000004,0.03280317108486131,0.02954777554495495,0.0032553955399063604
52.1,-0.05616504598969297,-0.05217258647539648,-0.003992459514296491
52.150000000000006,-0.12379414723478988,-0.12434767096789952,0.0005535237331096426
52.2,-0.17608265058294406,-0.17957599606168656,0.003493345478742499
52.25,-0.23115549734727392,-0.22047903749194644,-0.010676459855327475
52.300000000000004,-0.30004661126578186,-0.2549797531895092,-0.04506685807627264
52.35,-0.3754574023020667,-0.29026286661078066,-0.08519453569128604
52.400000000000006,-0.4380251501673335,-0.3291516686489839,-0.10887348151834964
52.45,-0.47235121188981777,-0.36892556964581175,-0.10342564224400602
52.5,-0.4766084130100303,-0.4010146649649179,-0.07559374804511243
52.550000000000004,-0.4576989726380083,-0.4118626005910612,-0.04583637204694707
52.6,-0.4192997051394011,-0.3871546906052999,-0.032145014534101235
52.650000000000006,-0.35655656743691516,-0.3196971133144968,-0.03685945412241837
52.7,-0.2626873716967905,-0.2163448348029148,-0.04634253689387571
52.75,-0.1392920145585412,-0.09707941418563006,-0.04221260037291115
52.800000000000004,0.001475815585897402,0.0159702924270781,-0.014494476841180697
52.85,0.14495333805358707,0.11267127291996844,0.03228206513361863
52.900000000000006,0.28236921981316515,0.2002652767864409,0.08210394302672425
52.95,0.409252629650357,0.2934561236318728,0.11579650601848424
53.0,0.5153777831208265,0.39551006847244824,0.11986771464837825
53.050000000000004,0.5788962041238634,0.4859434185351553,0.09295278558870812
53.1,0.5746939553119593,0.5268745355134581,0.04781941979850124
53.150000000000006,0.4922837934859773,0.485591474497961,0.00669231898801631
53.2,0.3469762765503473,0.35732870854443566,-0.010352431994088362
53.25,0.17264222650571887,0.17139101331164044,0.001251213194078421
53.300000000000004,0.001540255427342786,-0.02357654889478338,0.025116804322126166
53.35,-0.1507172986786958,-0.18398763568970283,0.03327033701100704
53.400000000000006,-0.28216393228171277,-0.28861282004887095,0.006448887767158185
53.45,-0.3887319661297842,-0.33954152341152755,-0.04919044271825668
53.5,-0.4538911951970475,-0.35043984292722097,-0.10345135226982655
53.550000000000004,-0.4560929782504372,-0.33315926364786863,-0.12293371460256858
53.6,-0.38782387835511545,-0.29153699252242715,-0.0962868858326883
53.650000000000006,-0.267472835566007,-0.22383017700055083,-0.043642658565456155
53.7,-0.13148219292685606,-0.1296741968458235,-0.0018079960810325757
53.75,-0.013038078634562942,-0.016541413890207603,0.0035033352556446615
53.800000000000004,0.07406643912525404,0.09776933089474456,-0.023702891769490517
53.85,0.13385738981444534,0.18859982045614823,-0.054742430641702894
53.900000000000006,0.17403004844748096,0.23396443854062712,-0.05993439009314616
53.95,0.1953458111221317,0.22648403259289485,-0.031138221470763144
54.0,0.1944495054821638,0.1800696020655306,0.0143799034166332
54.050000000000004,0.17421383831945722,0.12436727168776385,0.04984656663169337
54.1,0.14767349370768634,0.0877990051435585,0.059874488564127845
54.150000000000006,0.12957923277673192,0.08016753683124264,0.049411695945489276
54.2,0.12434459514291232,0.08865393063177754,0.035690664511134784
54.25,0.12414407971274063,0.091659573872102,0.03248450584063864
54.300000000000004,0.12028451688352412,0.0797526718407735,0.04053184504275062
54.35,0.11598260068094587,0.06559178947639359,0.050390811204552285
54.400000000000006,0.12581248702355813,0.07323879325335393,0.0525736937702042
54.45,0.16029793406243006,0.11536713987569681,0.04493079418673325
54.5,0.21020581913781614,0.17829637757217595,0.031909441565640184
54.550000000000004,0.24717480114930018,0.22850624719833984,0.018668553950960343
54.6,0.2424656370911209,0.23552128214383597,0.006944354947284931
54.650000000000006,0.18822147814794632,0.19195062144235983,-0.0037291432944135117
54.7,0.10285240681979889,0.11489925991201444,-0.012046853092215551
54.75,0.016646638182955583,0.030186773937868366,-0.013540135754912783
54.800000000000004,-0.048848923937764153,-0.04478486894819727,-0.004064054989566884
54.85,-0.09032201364830804,-0.10523274885538898,0.014910735207080944
54.900000000000006,-0.1159563400745107,-0.15059034745596417,0.034634007381453474
54.95,-0.13247119114808242,-0.1760811827827294,0.04360999163464699
55.0,-0.13928466239154194,-0.17475217740019677,0.03546751500865483
55.050000000000004,-0.13322451223143703,-0.14732396237222256,0.014099450140785535
55.1,-0.1158806893983405,-0.10762796841023899,-0.008252720988101508
55.150000000000006,-0.094676015470299,-0.07565709887209197,-0.019018916598207022
55.2,-0.07749026550396462,-0.06368824939474417,-0.013802016109220452
55.25,-0.0682356643413314,-0.06902737837967092,0.0007917140383395249
55.300000000000004,-0.06862397633229092,-0.08075593975345165,0.012131963421160727
55.35,-0.08275743692174731,-0.09358205455670296,0.010824617634955652
55.400000000000006,-0.11689152083180487,-0.11439086453789148,-0.0025006562939133975
55.45,-0.17233406797566872,-0.1543689108285313,-0.017965157147137423
55.5,-0.23869065312095372,-0.21436306162522056,-0.02432759149573316
55.550000000000004,-0.29638851086440055,-0.27830870062167196,-0.01807981024272859
55.6,-0.32846382129002455,-0.32178931643893927,-0.006674504851085283
55.650000000000006,-0.3311250300423436,-0.32803408826158165,-0.003090941780761969
55.7,-0.31249151398497754,-0.2968665227020317,-0.015624991282945866
55.75,-0.2804718575537173,-0.23980599872566322,-0.04066585882805407
55.800000000000004,-0.23239151027620067,-0.16830668374510518,-0.06408482653109548
55.85,-0.15800952329575413,-0.08770886201138325,-0.07030066128437087
55.900000000000006,-0.05396969445228513,-0.0016145191956023397,-0.05235517525668279
55.95,0.06494823231423019,0.08091900133312417,-0.01597076901889398
56.0,0.17070830268789014,0.14624620678967892,0.024462095898211217
56.050000000000004,0.24067761335466914,0.18653778052709352,0.05413983282757562
56.1,0.27373453892467825,0.20924338902298606,0.06449114990169219
56.150000000000006,0.2889567206131086,0.23386030648463646,0.05509641412847216
56.2,0.30790655289844227,0.2759743607509572,0.03193219214748505
56.25,0.33650829526746856,0.33186403097877715,0.004644264288691413
56.300000000000004,0.36220895554522187,0.37821746229252784,-0.016008506747305973
56.35,0.3673121086270447,0.3886748477856262,-0.0213627391585815
56.400000000000006,0.34479302627655806,0.3538273375253591,-0.009034311248801052
56.45,0.3022430945367644,0.28810622187310986,0.014136872663654543
56.5,0.25225011365127736,0.21842585277124185,0.03382426088003551
56.550000000000004,0.20018800473321444,0.16465665630440524,0.0355313484288092
56.6,0.14107235560398398,0.1274667520510902,0.01360560355289378
56.650000000000006,0.06677990786362145,0.09123691595772798,-0.02445700809410653
56.7,-0.02488102556413824,0.03720516878000468,-0.06208619434414292
56.75,-0.12755880548935306,-0.04401287621229702,-0.08354592927705604
56.800000000000004,-0.23027480049294585,-0.14759053016054038,-0.08268427033240547
56.85,-0.32163281121701687,-0.25693406048874684,-0.06469875072827003
56.900000000000006,-0.39017247611469985,-0.34943823221853826,-0.04073424389616159
56.95,-0.4234695516016574,-0.40318863801965643,-0.02028091358200096
57.0,-0.4111657783297103,-0.40426837922474523,-0.006897399104965063
57.050000000000004,-0.3520946855156738,-0.35303313963251065,0.000938454116836851
57.1,-0.25902638247581655,-0.26522349140153556,0.006197108925719008
57.150000000000006,-0.15470273925147374,-0.16510440275424645,0.010401663502772718
57.2,-0.0607181404813421,-0.07386133537608254,0.013143194894740438
57.25,0.011721048704822521,-0.0016128918411769323,0.013333940545999453
57.300000000000004,0.06151900418606676,0.05080759210539986,0.0107114120806669
57.35,0.08972737256814357,0.08308071794894388,0.006646654619199693
57.400000000000006,0.09352654009809103,0.08962902497299581,0.003897515125095216
57.45,0.06943213239097154,0.06426059189050712,0.005171540500464422
57.5,0.022608168696208856,0.011664357136132448,0.010943811560076408
57.550000000000004,-0.02842859357306009,-0.046530042469029746,0.018101448895969655
57.6,-0.05890279186807278,-0.08021105848822388,0.021308266620151096
57.650000000000006,-0.05234402347624621,-0.0694499319445036,0.017105908468257394
57.7,-0.010380526242053694,-0.018062816348642895,0.007682290106589201
57.75,0.0506066874270682,0.05034515769193248,0.0002615297351357196
57.800000000000004,0.11238633268785844,0.11099702122197451,0.0013893114658839328
57.85,0.16549749598427627,0.15478243255094914,0.010715063433327121
57.900000000000006,0.20905807524382208,0.18839579730187578,0.020662277941946305
57.95,0.2422948574812808,0.21878453277060814,0.02351032471067266
58.0,0.25794026008846327,0.2383219537928495,0.019618306295613758
58.050000000000004,0.24470807812078468,0.22682105774296227,0.017887020377822416
58.1,0.19636556204470096,0.17007712651795612,0.02628843552674484
58.150000000000006,0.11853659723696668,0.07753261418371982,0.04100398305324686
58.2,0.027132505998959493,-0.01919359035078922,0.04632609634974871
58.25,-0.05956502876653551,-0.08795548354610006,0.028390454779564547
58.300000000000004,-0.12820184360138864,-0.11945686140583245,-0.008744982195556195
58.35,-0.17246315969466958,-0.1309999460131606,-0.04146321368150899
58.400000000000006,-0.1913211101880936,-0.14670590336643166,-0.04461520682166195
58.45,-0.18739826213342053,-0.1724140445439287,-0.014984217589491838
58.5,-0.16683524723837997,-0.18922667858117942,0.022391431342799445
58.550000000000004,-0.13845260794310885,-0.1727039410698757,0.03425133312676684
58.6,-0.11029153807299948,-0.12008479527407435,0.009793257201074879
58.650000000000006,-0.08543229453825654,-0.05879751810872536,-0.02663477642953118
58.7,-0.06128051820964778,-0.025595598383132585,-0.03568491982651519
58.75,-0.033794967034879546,-0.033219858074866083,-0.0005751089600134623
58.800000000000004,-0.0029302043508462505,-0.0551833647182798,0.05225316036743355
58.85,0.02620362373144592,-0.04525021692529356,0.07145384065673949
58.900000000000006,0.0478188681459639,0.02240487397407079,0.02541399417189311
58.95,0.060985004268194754,0.12642656911194958,-0.06544156484375482
59.0,0.07034688007479845,0.20963753364343118,-0.13929065356863274
59.050000000000004,0.08112172805332557,0.22144412588560736,-0.1403223978322818
59.1,0.09350184017470321,0.1572334940185429,-0.06373165384383968
59.150000000000006,0.10222797335010003,0.06238289240665395,0.03984508094344608
59.2,0.10167706305183431,-0.0022059176042539797,0.1038829806560883
59.25,0.09118798933730903,-0.004455825244113795,0.09564381458142282
59.300000000000004,0.07547810645416324,0.04013781115904028,0.035340295295122955
59.35,0.060432458808216495,0.08779091643682337,-0.02735845762860687
59.400000000000006,0.04911566925779727,0.1041552300164672,-0.055039560758669934
59.45,0.041713052686537376,0.08782225587007716,-0.04610920318353979
59.5,0.038102272992263424,0.06276680185432022,-0.0246645288620568
59.550000000000004,0.03906072753067348,0.05155254587194737,-0.012491818341273886
59.6,0.044825423866511074,0.056252916688121136,-0.011427492821610062
59.650000000000006,0.05409833086787128,0.06328726312184518,-0.009188932253973901
59.7,0.06652979564924506,0.06381771830195421,0.002712077347290856
59.75,0.08648844814171389,0.06695116881048162,0.01953727933123227
59.800000000000004,0.1218995313813562,0.09162267909321654,0.030276852288139658
59.85,0.17545553614880222,0.1450524895225351,0.03040304662626711
59.900000000000006,0.2346049030803581,0.209215272663983,0.025389630416375125
59.95,0.2716306805158154,0.24917301422833166,0.022457666287483746
60.0,0.258433174253854,0.23654181779943495,0.02189135645441903
60.050000000000004,0.18665547366236135,0.1678929440328759,0.018762529629485436
60.1,0.07610590435703139,0.06372676008189644,0.012379144275134951
60.150000000000006,-0.03754758196173652,-0.04810830989315795,0.010560727931421432
60.2,-0.12676859369500193,-0.14817791745947623,0.021409323764474297
60.25,-0.1875363802375606,-0.22830141874475035,0.04076503850718974
60.300000000000004,-0.2332001219787557,-0.28418521166899574,0.05098508969024004
60.35,-0.2739481000673,-0.31000424997751613,0.036056149910216106
60.400000000000006,-0.30273877913937974,-0.3022472656214165,-0.0004915135179632268
60.45,-0.30210815033691546,-0.2676912602655912,-0.03441689007132426
60.5,-0.26539663061223595,-0.22455204931047917,-0.04084458130175678
60.550000000000004,-0.2109246990427208,-0.19298591273475038,-0.01793878630797041
60.6,-0.17355387705128755,-0.18306505839411763,0.009511181342830077
60.650000000000006,-0.17953295091644442,-0.19167447986331626,0.012141528946871843
60.7,-0.22670941579650136,-0.2105013254768725,-0.01620809031962886
60.75,-0.2873068688942137,-0.23539175899977322,-0.05191510989444048
60.800000000000004,-0.3294616849037504,-0.26606508006090085,-0.06339660484284954
60.85,-0.3372053288243847,-0.2964477113010323,-0.040757617523352385
60.900000000000006,-0.31226974622171705,-0.307736374714242,-0.00453337150747507
60.95,-0.2603195069183789,-0.27530523429499965,0.014985727376620739
61.0,-0.17916853942521477,-0.18656139927651086,0.007392859851296091
61.050000000000004,-0.062544650054878,-0.05396141705107468,-0.008583233003803321
61.1,0.08494655867694327,0.09025216167830905,-0.0053056030013657746
61.150000000000006,0.23883630101086092,0.21447539008683103,0.024360910924029894
61.2,0.36349807008824675,0.3054926803919165,0.058005389696330234
61.25,0.4323946049161417,0.36798220662422554,0.06441239829191614
61.300000000000004,0.4419488400080166,0.4079393389213022,0.03400950108671441
61.35,0.4073247520931198,0.4180513046407727,-0.010726552547652923
61.400000000000006,0.34591606823234056,0.3810655444138747,-0.035149476181534134
61.45,0.2652847408158535,0.2889408636493312,-0.023656122833477677
61.5,0.16609734505610368,0.15901580430118098,0.007081540754922705
61.550000000000004,0.05444198964237223,0.03011087722894509,0.024331112413427138
61.6,-0.05136797219524794,-0.0600033146057095,0.008635342410461558
61.650000000000006,-0.12781698393474825,-0.09695224678775655,-0.0308647371469917
61.7,-0.16057718412758626,-0.09351188310551978,-0.06706530102206648
61.75,-0.1524233200069303,-0.07366077077798265,-0.07876254922894764
61.800000000000004,-0.11792635118240724,-0.052918945284976905,-0.06500740589743034
61.85,-0.07151488044667183,-0.03190989504707674,-0.03960498539959509
61.900000000000006,-0.020915435370760457,-0.005462861159290413,-0.015452574211470043
61.95,0.029479563232931057,0.025148396616167246,0.004331166616763811
62.0,0.07217921185673201,0.049957196722482465,0.022222015134249547
62.050000000000004,0.09668510230021293,0.05893448650635583,0.0377506157938571
62.1,0.09714410998642566,0.05098542746041998,0.046158682526005676
62.150000000000006,0.07874459153630141,0.033719238321026905,0.045025353215274504
62.2,0.05424695371728734,0.015274620547815787,0.03897233316947155
62.25,0.03252814073828707,-0.002242641713154268,0.034770782451441336
62.300000000000004,0.010457107599384109,-0.021146614246403718,0.03160372184578783
62.35,-0.022869509940543712,-0.041830436004813114,0.018960926064269402
62.400000000000006,-0.07284565185365634,-0.06040779356378726,-0.012437858289869076
62.45,-0.130109192252613,-0.07365328918287438,-0.05645590306973862
62.5,-0.1751398252137249,-0.08496069700857573,-0.09017912820514917
62.550000000000004,-0.19301258225142404,-0.10264900329767222,-0.09036357895375181
62.6,-0.184368600062174,-0.13015790620085582,-0.05421069386131819
62.650000000000006,-0.162102082649985,-0.15771369620422498,-0.004388386445760006
62.7,-0.13712312079697514,-0.16540789798948513,0.02828477719250999
62.75,-0.10715333965870959,-0.13690553104431366,0.029752191385604074
62.800000000000004,-0.059482826914214235,-0.07198653028201737,0.01250370336780314
62.85,0.014883261264590053,0.013423008220460376,0.0014602530441296772
62.900000000000006,0.10901072165801755,0.09915425091529607,0.009856470742721474
62.95,0.2009964732145798,0.1728116436534344,0.028184829561145402
63.0,0.26703572970130995,0.23110516588891475,0.035930563812395205
63.050000000000004,0.2950398208459889,0.2717059636053242,0.023333857240664724
63.1,0.287994307579993,0.2868900524192802,0.0011042551607128304
63.150000000000006,0.25640182044978693,0.2675569967787726,-0.011155176328985661
63.2,0.2084645699659151,0.21379489169719365,-0.0053303217312785645
63.25,0.14690068361754435,0.1397276246062681,0.007173059011276239
63.300000000000004,0.07359273590137888,0.06559705226387089,0.007995683637507994
63.35,-0.004203067202235464,0.003782041671165909,-0.007985108873401373
63.400000000000006,-0.07293949429422518,-0.04712500167692727,-0.02581449261729791
63.45,-0.11833943122108294,-0.09370921084945907,-0.024630220371623865
63.5,-0.1327720085725286,-0.13354372618301621,0.00077171761048761
63.550000000000004,-0.1187723933070465,-0.1513053636769589,0.0325329703699124
63.6,-0.08669449888255089,-0.13133759541027634,0.044643096527725454
63.650000000000006,-0.04886600033557194,-0.07553572568900241,0.02666972535343047
63.7,-0.014316611433835886,-0.008363012515072243,-0.0059535989187636425
63.75,0.01316614879939822,0.03799083238998549,-0.02482468359058727
63.800000000000004,0.03344955702330166,0.046270968864365464,-0.012821411841063807
63.85,0.04678840933433233,0.024621027800790958,0.02216738153354137
63.900000000000006,0.051507605135338516,-0.0038889439356793298,0.05539654907101785
63.95,0.04450617849895821,-0.021868962737040462,0.06637514123599866
64.0,0.024316717970436788,-0.02900670122202689,0.05332341919246368
64.05,-0.005888424808857566,-0.03543608474475001,0.029547659935892444
64.10000000000001,-0.0384508701206656,-0.046656750661820706,0.008205880541155106
64.15,-0.0651954695526392,-0.057012865231735085,-0.008182604320904119
64.2,-0.08215734593736347,-0.058051220271897394,-0.024106125665466077
64.25,-0.0906827699460756,-0.05104478640061853,-0.03963798354545707
64.3,-0.09358381457674014,-0.04791851139523391,-0.04566530318150623
64.35000000000001,-0.09005023089519272,-0.057443398223729,-0.03260683267146372
64.4,-0.07485295025282952,-0.0707560622380605,-0.004096888014769026
64.45,-0.043435580440293865,-0.06346113610533445,0.020025555665040586
64.5,0.0017962527023861865,-0.016139951248176257,0.017936203950562443
64.55,0.050711575342671115,0.06427067120699995,-0.013559095864328831
64.60000000000001,0.091859964156025,0.14332150264622245,-0.05146153849019745
64.65,0.12014868942702048,0.18209869559361336,-0.06195000616659288
64.7,0.13791841469611288,0.16614545149494506,-0.028227036798832178
64.75,0.14802955618993327,0.1155534038527042,0.03247615233722907
64.8,0.14638023164666736,0.06750888828663713,0.07887134336003022
64.85000000000001,0.12291380477203474,0.04641304907072795,0.0765007557013068
64.9,0.07187696940031023,0.04675880497891555,0.02511816442139468
64.95,0.0016907664195745455,0.04177441168920071,-0.04008364526962616
65.0,-0.06659943020489276,0.008355252472718396,-0.07495468267761116
65.05,-0.113043607114997,-0.053671357997122,-0.059372249117875
65.10000000000001,-0.13299869445645152,-0.12257481903868775,-0.010423875417763767
65.15,-0.13838926362790457,-0.1721073046510236,0.03371804102311904
65.2,-0.1442944194777194,-0.18887066103693123,0.04457624155921183
65.25,-0.15341083959430749,-0.17659619796213127,0.02318535836782379
65.3,-0.15346186767058423,-0.14771848822656203,-0.005743379444022201
65.35000000000001,-0.13026865555795814,-0.11269346412308404,-0.0175751914348741
65.4,-0.08380090443204338,-0.07621472325650831,-0.00758618117553507
65.45,-0.031389165282238625,-0.040601336120854835,0.00921217083861621
65.5,0.0052647476992311,-0.010010793951869908,0.015275541651101008
65.55,0.01688229630083177,0.00967461902578626,0.0072076772750455115
65.60000000000001,0.01141135359303847,0.014537017228144619,-0.003125663635106149
65.65,0.0032287283742932675,0.005481249179748408,-0.00225252080545514
65.7,-0.0015440475200222848,-0.012419096635469973,0.010875049115447687
65.75,-0.008832287774636646,-0.032727047682251646,0.023894759907615
65.8,-0.026610388641137062,-0.049700904141958255,0.023090515500821193
65.85000000000001,-0.052536449181919326,-0.058753054274916984,0.006216605092997658
65.9,-0.07275592259545835,-0.05687110422026263,-0.015884818375195717
65.95,-0.07354881102208298,-0.04418115295196925,-0.029367658070113732
66.0,-0.05419719197636433,-0.025324186430398875,-0.028873005545965454
66.05,-0.028291348052586148,-0.008164964353730408,-0.020126383698855742
66.10000000000001,-0.012361601353969895,0.0005055299467128135,-0.012867131300682708
66.15,-0.012865968307510802,-0.0007275775442955102,-0.012138390763215292
66.2,-0.023069380111376367,-0.007292347181990719,-0.015777032929385648
66.25,-0.030733305099780988,-0.012287447002916264,-0.018445858096864724
66.3,-0.027544632288868897,-0.011078474283565894,-0.016466158005303003
66.35000000000001,-0.011795968953181189,-0.0028706704446774807,-0.008925298508503708
66.4,0.015160188879832009,0.011386365682002105,0.0037738231978299043
66.45,0.051638424684408935,0.03163790417617034,0.020000520508238598
66.5,0.09346975676992779,0.05852481381478568,0.03494494295514211
66.55,0.13088118490091458,0.09040270211988786,0.04047848278102671
66.60000000000001,0.15094278430481647,0.12100818676802344,0.029934597536793034
66.65,0.14568459263879888,0.14084498486721947,0.004839607771579407
66.7,0.11803634807192927,0.1416506883307906,-0.02361434025886132
66.75,0.07846345803745883,0.12022723585911997,-0.041763777821661144
66.8,0.03505502460092787,0.07877433834751946,-0.04371931374659159
66.85000000000001,-0.01196370780695877,0.022680740764973853,-0.03464444857193262
66.9,-0.0641220923426702,-0.0407499322588559,-0.023372160083814306
66.95,-0.11302147717237356,-0.100884531267458,-0.012136945904915555
67.0,-0.13748123773976095,-0.1421803727217687,0.004699134982007747
67.05,-0.11674334315304966,-0.14698613218408155,0.03024278903103189
67.10000000000001,-0.0498593995844041,-0.1040870168539758,0.0542276172695717
67.15,0.03791106279855491,-0.018275708427891002,0.056186771226445914
67.2,0.11082316156870173,0.08696068433878264,0.02386247722991909
67.25,0.14841612961290973,0.17802031174778188,-0.029604182134872148
67.3,0.1580201242456916,0.22724267005570076,-0.06922254581000917
67.35000000000001,0.16212273826214546,0.2263932860788961,-0.06427054781675065
67.4,0.17286061065255523,0.18862489574507318,-0.015764285092517955
67.45,0.17888516716256428,0.13793822678153422,0.040946940381030056
67.5,0.15787736233364413,0.09390549979838998,0.06397186253525415
67.55,0.10220185777983855,0.06220101875264259,0.04000083902719596
67.60000000000001,0.03136930760770722,0.03640147548000917,-0.00503216787230195
67.65,-0.022419462065844952,0.007828334232297554,-0.030247796298142504
67.7,-0.042426655343570645,-0.0252976018855444,-0.017129053458026244
67.75,-0.04174588532142656,-0.05649941838350442,0.014753533062077856
67.8,-0.049531694050585835,-0.07763537274384653,0.0281036786932607
67.85000000000001,-0.08240601472109331,-0.08706608851729071,0.0046600737961974
67.9,-0.12886176384820122,-0.09203498808965771,-0.03682677575854351
67.95,-0.16127364078567882,-0.10295597523253383,-0.05831766555314499
68.0,-0.16262175304778992,-0.12414387562251683,-0.03847787742527309
68.05,-0.140990344533488,-0.14860653763741183,0.007616193103923835
68.10000000000001,-0.11819288807589971,-0.1614172697120952,0.04322438163619548
68.15,-0.10552528847928672,-0.14945957039858615,0.043934281919299434
68.2,-0.09235910005380256,-0.11040328084366902,0.018044180789866457
68.25,-0.059386696447214844,-0.05450814536298105,-0.004878551084233795
68.3,-0.002491631529929748,0.0015302545289495523,-0.0040218860588793
68.35000000000001,0.05792195294875349,0.04367076934891593,0.014251183599837562
68.4,0.09251838461005142,0.06613465508544594,0.02638372952460548
68.45,0.08858663074197866,0.07079597579954977,0.017790654942428888
68.5,0.060596848140646434,0.0627880098736873,-0.002191161733040861
68.55,0.03591111759070111,0.04693610906791633,-0.011024991477215217
68.60000000000001,0.030269534985717075,0.02743782354391703,0.002831711441800045
68.65,0.03677974528720494,0.009336276763316794,0.027443468523888147
68.7,0.03749528971927774,-0.001325526303292679,0.03882081602257042
68.75,0.024029069591379855,0.00011036678029780953,0.023918702811082045
68.8,0.005971494613833618,0.013910585682246334,-0.007939091068412715
68.85000000000001,-0.00016291508465545842,0.03524523450753643,-0.035408149592191886
68.9,0.011381880205119387,0.056615197412692546,-0.04523331720757316
68.95,0.029760184299311345,0.07137123454016468,-0.041611050240853334
69.0,0.03855915559411342,0.07565197900382443,-0.03709282340971101
69.05,0.03137785107978957,0.06817147272263374,-0.03679362164284417
69.10000000000001,0.016277564025093942,0.049629100983696925,-0.03335153695860298
69.15,0.006270399474212186,0.02339184543517736,-0.017121445960965175
69.2,0.007300950206204514,-0.0033559158655074453,0.01065686607171196
69.25,0.015935599201750656,-0.02064443940235855,0.0365800386041092
69.3,0.02678944374335923,-0.020259078563999344,0.04704852230735858
69.35000000000001,0.039011802747436986,-0.0014528043260296334,0.04046460707346662
69.4,0.053682926633393434,0.02681086947123368,0.026872057162159752
69.45,0.06607329379393458,0.04983484893037778,0.016238444863556793
69.5,0.06395195426025126,0.05523278154423668,0.008719172716014578
69.55,0.03679768365333543,0.03937153913903965,-0.00257385548570422
69.60000000000001,-0.012253847097847043,0.007816145103379052,-0.020069992201226093
69.65,-0.06475521770538616,-0.029593632935795505,-0.03516158476959065
69.7,-0.09910654491793496,-0.06425119591441851,-0.034855349003516445
69.75,-0.10583516724738555,-0.09057125757197797,-0.015263909675407583
69.8,-0.09167335171894936,-0.10412394123726852,0.012450589518319163
69.85000000000001,-0.06935106856832862,-0.09997357329476804,0.030622504726439417
69.9,-0.044474994201701895,-0.07454798244958961,0.03007298824788772
69.95,-0.013264895561011335,-0.030150937979821015,0.01688604241880968
70.0,0.027245949598753535,0.022337547373989755,0.00490840222476378
70.05,0.06865001901087504,0.06626949702582483,0.0023805219850502185
70.10000000000001,0.09294175218770598,0.0867198398203992,0.006221912367306778
70.15,0.08616367263142248,0.07773231397053731,0.008431358660885166
70.2,0.0505689054672202,0.04443140151541097,0.006137503951809224
70.25,0.003034535529301106,-0.0009046196210335644,0.003939155150334671
70.3,-0.03867730376526292,-0.045444620802564915,0.006767317037301997
70.35000000000001,-0.06823819725620277,-0.0806555554967584,0.012417358240555634
70.4,-0.09038552020451872,-0.10337193435152187,0.012986414147003147
70.45,-0.1102560409168044,-0.11418090592655596,0.00392486500975156
70.5,-0.12505027351349796,-0.11538597260371511,-0.009664300909782847
70.55,-0.12690581176226637,-0.10976620333451075,-0.017139608427755623
70.60000000000001,-0.11286095110984888,-0.0999164669495713,-0.012944484160277575
70.65,-0.09002586718742216,-0.08770872260230937,-0.0023171445851127848
70.7,-0.06981646300263186,-0.07409270256813809,0.004276239565506226
70.75,-0.057578383509691876,-0.059687802441542516,0.00210941893185064
70.8,-0.049095722173512796,-0.04583110820860095,-0.0032646139649118444
70.85000000000001,-0.03764759742139888,-0.03490981619593503,-0.0027377812254638506
70.9,-0.023329865082719295,-0.02920490011088301,0.005875035028163715
70.95,-0.01378649555205789,-0.029004350837827417,0.015217855285769527
71.0,-0.015288938111348144,-0.031813051487450845,0.0165241133761027
71.05,-0.02430826824481845,-0.03372752465054181,0.009419256405723359
71.10000000000001,-0.029586164276668294,-0.03197800398509291,0.002391839708424614
71.15,-0.02304132182022307,-0.026332637342610304,0.0032913155223872337
71.2,-0.007580594751607105,-0.018004141123677996,0.01042354637207089
71.25,0.007159028161992608,-0.0071450873284529684,0.014304115490445576
71.3,0.016670293820622475,0.008427067165231597,0.008243226655390878
71.35000000000001,0.027478183612271573,0.031626863979098876,-0.004148680366827303
71.4,0.049485336826190246,0.06270299782316278,-0.013217660996972538
71.45,0.08238995708328406,0.09703451071618982,-0.01464455363290576
71.5,0.11159534733889938,0.12633948360719138,-0.014744136268292005
71.55,0.11989089114737096,0.1427161954336394,-0.02282530428626843
71.60000000000001,0.10399593908806255,0.14261395179972883,-0.038618012711666275
71.65,0.0784174926561375,0.1279770504111316,-0.04955955775499411
71.7,0.06129234411061842,0.10414047157650516,-0.04284812746588674
71.75,0.056063518506113005,0.07646568660431576,-0.02040216809820275
71.8,0.04851871891377197,0.048267113901195785,0.0002516050125761851
71.85000000000001,0.023634565899228945,0.021150543380331857,0.0024840225188970874
71.9,-0.014460016057237627,-0.0030994412300882584,-0.011360574827149368
71.95,-0.04101066071134697,-0.02094846621724366,-0.020062194494103312
72.0,-0.03155580168989337,-0.027297663249954206,-0.0042581384399391665
72.05,0.014036520192081726,-0.017619963263658424,0.03165648345574015
72.10000000000001,0.06842800751612109,0.008978916632816653,0.05944909088330444
72.15,0.09898876129374572,0.04749004506370093,0.05149871623004479
72.2,0.09479488424834003,0.08716266301488809,0.007632221233451933
72.25,0.07283029111328519,0.11476738815444913,-0.04193709704116394
72.3,0.058080185291943316,0.11994035010203791,-0.06186016481009459
72.35000000000001,0.057839318949453045,0.10000890648631455,-0.04216958753686151
72.4,0.055839615204985905,0.06145699359541798,-0.005617378390432075
72.45,0.03148367170522964,0.016886799533796445,0.014596872171433198
72.5,-0.015881754610210096,-0.02089866190086994,0.005016907290659844
72.55,-0.06260254783751613,-0.04420794414603392,-0.018394603691482214
72.60000000000001,-0.08099014560246237,-0.052241762296298934,-0.028748383306163437
72.65,-0.06428121817841943,-0.04901618304535791,-0.015265035133061523
72.7,-0.031951859134372505,-0.03967683790975489,0.007724978775382384
72.75,-0.01082902776746946,-0.02799572468624983,0.017166696918780373
72.8,-0.01101994431220203,-0.016169156846906996,0.005149212534704966
72.85000000000001,-0.01963197597237524,-0.0058580245584994185,-0.01377395141387582
72.9,-0.016630644789414825,0.0013213426283555205,-0.017951987417770345
72.95,0.004422839506639136,0.004532104692214822,-0.00010926518557568664
73.0,0.031155094798192808,0.004744665395702744,0.026410429402490065
73.05,0.04602364107029961,0.004672746237947502,0.04135089483235211
73.10000000000001,0.04339687797711823,0.0072813501003671085,0.03611552787675112
73.15,0.03298496548518024,0.013919492675186928,0.019065472809993315
73.2,0.028052442767299623,0.023485889417142313,0.00456655335015731
73.25,0.032222781610732935,0.033121157820894684,-0.0008983762101617485
73.3,0.0382737213535367,0.03972522992207372,-0.0014515085685370202
73.35000000000001,0.038155038532614614,0.041214605769037516,-0.0030595672364229012
73.4,0.03175840491380636,0.03698902461379682,-0.00523061969999046
73.45,0.02496424643960724,0.027797647153205138,-0.0028334007135978993
73.5,0.020645089504615636,0.015371353464244505,0.005273736040371131
73.55,0.014271080408993494,0.0019003720938816778,0.012370708315111816
73.60000000000001,-0.00022496051991788198,-0.010712260973579052,0.01048730045366117
73.65,-0.0213183559666976,-0.021612774973625844,0.0002944190069282433
73.7,-0.039028164741272284,-0.03125691454309173,-0.007771250198180556
73.75,-0.044746854660177714,-0.04086480364480192,-0.0038820510153757953
73.8,-0.04151609181572886,-0.05144502912033205,0.009928937304603196
73.85000000000001,-0.04274929271505317,-0.06319093652522854,0.020441643810175374
73.9,-0.059269373861878034,-0.07566430889506372,0.016394935033185683
73.95,-0.08749690725495075,-0.08830539818002688,0.0008084909250761219
74.0,-0.11137272621209128,-0.10042610740496413,-0.010946618807127148
74.05,-0.11676045997279699,-0.1105141987155262,-0.006246261257270791
74.10000000000001,-0.1040560765969501,-0.11578087925271188,0.011724802655761785
74.15,-0.08644735199005668,-0.11312691708921305,0.026679565099156366
74.2,-0.07610551328710477,-0.101495512285292,0.025389998998187224
74.25,-0.07292384151473341,-0.0838771384925675,0.010953296977834093
74.3,-0.06721632128732659,-0.06679927872427148,-0.0004170425630551089
74.35000000000001,-0.05259439717222759,-0.05680721421253802,0.004212817040310429
74.4,-0.034403836198043776,-0.05606265726524783,0.021658821067204057
74.45,-0.024241115788507503,-0.06042371296845567,0.036182597179948164
74.5,-0.026543322879245292,-0.06183008733438123,0.03528676445513594
74.55,-0.0322148305041694,-0.05350991488760904,0.02129508438343964
74.60000000000001,-0.02685897917735519,-0.034184092860816376,0.007325113683461185
74.65,-0.005304827533006009,-0.00817634393075591,0.0028715163977499018
74.7,0.02300545961752717,0.018337639988641675,0.004667819628885496
74.75,0.04362269584846401,0.04157858706147117,0.0020441087869928418
74.8,0.051401507584691454,0.0613280138292345,-0.009926506244543047
74.85000000000001,0.054030887037355084,0.07834565943980668,-0.02431477240245159
74.9,0.06098515337130563,0.09088041688938746,-0.029895263518081826
74.95,0.0702819111227374,0.09405716140817763,-0.023775250285440225
75.0,0.06844696790106229,0.08335119770552948,-0.014904229804467192
75.05,0.04508047178779337,0.05945662231570438,-0.01437615052791101
75.10000000000001,0.007014548525430621,0.030106781008004513,-0.02309223248257389
75.15,-0.02389866173845585,0.006561561313463278,-0.03046022305191913
75.2,-0.028957759590851957,-0.0031054848348089628,-0.025852274756042994
75.25,-0.009354849798240625,0.0011409354573989187,-0.010495785255639543
75.3,0.01542157982187082,0.01215219762563226,0.0032693821962385596
75.35000000000001,0.02631753405455258,0.02147683448448422,0.004840699570068361
75.4,0.02201273653750385,0.025506882337336202,-0.0034941457998323537
75.45,0.017677523206528326,0.026993569358102276,-0.00931604615157395
75.5,0.02708365170150586,0.031030761568695588,-0.003947109867189727
75.55,0.04696732598162537,0.03932556815013322,0.007641757831492152
75.60000000000001,0.05992440300245337,0.04793529143932175,0.011989111563131621
75.65,0.05262078397446491,0.05046527656315827,0.0021555074113066355
75.7,0.030066844594935485,0.04381004955827403,-0.013743204963338543
75.75,0.010872497524488855,0.03124075893641802,-0.020368261411929163
75.8,0.008383423483744747,0.02001463897046459,-0.011631215486719842
75.85000000000001,0.01744158560633673,0.015560141939564376,0.0018814436667723543
75.9,0.02062588216073992,0.017290974948200973,0.0033349072125389463
75.95,0.007359927175880343,0.019572349265403747,-0.012212422089523403
76.0,-0.014293746458169046,0.016770815698198254,-0.031064562156367298
76.05,-0.02570391163486233,0.007856368198051474,-0.033560279832913806
76.10000000000001,-0.01726288769785444,-0.0032682088069373016,-0.013994678890917137
76.15,0.0010853919556925442,-0.011513963588337346,0.01259935554402989
76.2,0.009631258174705812,-0.014715844264776436,0.024347102439482248
76.25,-0.0009958184908813261,-0.01452320398795674,0.013527385497075413
76.3,-0.0203199187661509,-0.013842947077968088,-0.006476971688182811
76.35000000000001,-0.029090766083684445,-0.013798704533423996,-0.01529206155026045
76.4,-0.01943477161296806,-0.013207793503361393,-0.0062269781096066686
76.45,-0.002980532933818041,-0.010698993730986683,0.007718460797168642
76.5,0.0017311845699653577,-0.00684203652684224,0.008573221096807597
76.55,-0.010391693337036254,-0.00377131514665519,-0.006620378190381063
76.60000000000001,-0.024170113787825017,-0.0025278856023069835,-0.021642228185518034
76.65,-0.018469000318802185,-0.000877602810439912,-0.017591397508362274
76.7,0.012474933252433054,0.005853616939768867,0.006621316312664187
76.75,0.052199633237666104,0.02113262448513802,0.031067008752528085
76.80000000000001,0.07657191841992275,0.04360335236924887,0.03296856605067388
76.85000000000001,0.07520262722524482,0.06647293667901742,0.008729690546227395
76.9,0.05870769646180841,0.08053325894506803,-0.021825562483259627
76.95,0.04562574961652064,0.07883824104867743,-0.033212491432156786
77.0,0.043337751553330875,0.060232390939771945,-0.01689463938644107
77.05000000000001,0.04252444280856464,0.030053275144057198,0.012471167664507444
77.10000000000001,0.0297675465834661,-0.001982269621033164,0.031749816204499265
77.15,0.0038980126524017747,-0.02567138535755856,0.029569398009960335
77.2,-0.021586398487421797,-0.03460273390591115,0.013016335418489351
77.25,-0.032343383775136944,-0.029173437943675162,-0.0031699458314617818
77.30000000000001,-0.028153771129941593,-0.016654987408853756,-0.011498783721087837
77.35000000000001,-0.02289970603185777,-0.007582859522580342,-0.015316846509277428
77.4,-0.029584057080988685,-0.009923265183806727,-0.019660791897181958
77.45,-0.046429741978060116,-0.02446944907314549,-0.021960292904914625
77.5,-0.05889834650666479,-0.044672562725435336,-0.014225783781229455
77.55000000000001,-0.05538073809099156,-0.061116583697663464,0.0057358456066719035
77.60000000000001,-0.039591522657802525,-0.06727911014080738,0.027687587483004858
77.65,-0.026155684376434146,-0.0622842353252168,0.03612855094878265
77.7,-0.02401969889563802,-0.04914245220696366,0.025122753311325637
77.75,-0.02586074655341149,-0.03104090401985814,0.00518015746644665
77.80000000000001,-0.015840877507809523,-0.009711599610227646,-0.0061292778975818776
77.85000000000001,0.011538145376373737,0.012722356016560651,-0.0011842106401869137
77.9,0.041548947193964854,0.03113059084926786,0.010418356344696993
77.95,0.05035345347150363,0.037998392562060605,0.012355060909443022
78.0,0.027701182312537737,0.028179297083848916,-0.0004781147713111798
78.05000000000001,-0.011174077332038176,0.004062174571381662,-0.015236251903419838
78.10000000000001,-0.03738414700383638,-0.023920484077284587,-0.013463662926551795
78.15,-0.033706747433333885,-0.042881115951099266,0.009174368517765381
78.2,-0.009371802872311822,-0.045198123631015906,0.03582632075870408
78.25,0.009937607807332837,-0.03240787518205388,0.042345482989386715
78.30000000000001,0.007076719033113481,-0.012691659815623958,0.019768378848737438
78.35000000000001,-0.01093933467952105,0.005116564547035435,-0.016055899226556487
78.4,-0.021647557308711526,0.015732618704062444,-0.03738017601277397
78.45,-0.011083770802481355,0.0173576292010546,-0.028441400003535955
78.5,0.011028191485276423,0.009537610349983537,0.0014905811352928858
78.55000000000001,0.019944498833827887,-0.007325673161896167,0.027270171995724055
78.60000000000001,-0.00012815848428137711,-0.030115105578008707,0.029986947093727328
78.65,-0.04026284136872116,-0.052000882064882806,0.011738040696161647
78.7,-0.07446165794571183,-0.06548361250801694,-0.008978045437694884
78.75,-0.0829925890970522,-0.06814669115963505,-0.014845897937417155
78.80000000000001,-0.06881477477661,-0.06555244033474895,-0.0032623344418610395
78.85000000000001,-0.051948798984084915,-0.06697552279537415,0.015026723811289236
78.9,-0.04843915498373551,-0.07625729783497119,0.027818142851235683
78.95,-0.054985246809453964,-0.08583722616103438,0.03085197935158042
79.0,-0.05368663673053253,-0.08063874265825247,0.026952105927719933
79.05000000000001,-0.031058883427239045,-0.05012065206208579,0.019061768634846744
79.10000000000001,0.008062521855514499,0.0012379417153337122,0.006824580140180787
79.15,0.045024098375155246,0.05460357940330196,-0.009579481028146715
79.2,0.06479410480848576,0.08916017803759262,-0.02436607322910686
79.25,0.06850200357929596,0.09654226820374771,-0.02804026462445175
79.30000000000001,0.06912974764341932,0.08556901173185957,-0.01643926408844025
79.35000000000001,0.07584561076474776,0.07363412619416354,0.0022114845705842184
79.4,0.0836109985728597,0.07233200198933545,0.011278996583524242
79.45,0.0786845014271372,0.07932582522307946,-0.0006413237959422557
79.5,0.054121234293293276,0.08245618585185219,-0.02833495155855891
79.55000000000001,0.019187394451560622,0.0714141435320159,-0.052226749080455284
79.60000000000001,-0.007200841460811524,0.04652963847262089,-0.05373047993343241
79.65,-0.012876379583326858,0.017906452517439622,-0.03078283210076648
79.7,-0.0027522465561328918,-0.0029198452578981225,0.0001675987017652307
79.75,0.006815797605459367,-0.010820869943553755,0.01763666754901312
79.80000000000001,0.003964330765154613,-0.0083853416431707,0.012349672408325314
79.85000000000001,-0.007880500086036447,-0.0014401242714860416,-0.006440375814550406
79.9,-0.01444733413914642,0.005783364929597465,-0.020230699068743883
79.95,-0.005547714833443806,0.01169012201245441,-0.017237836845898215
80.0,0.014143676289904525,0.015322263847274422,-0.0011785875573698968
