x,yobs,ycalc,ydiff
0.05,-1.1393370255143573e-11,-0.04050299160181174,0.04050299159041837
0.1,-2.1040325594666656e-10,-0.057499085256179694,0.05749908504577644
0.15000000000000002,-1.2159935337787081e-08,-0.05254538957352419,0.052545377413588855
0.2,-1.4883140027327145e-07,-0.05068450490877448,0.050684356077374204
0.25,-3.540715852473679e-07,-0.07384945622437887,0.07384910215279362
0.30000000000000004,4.1793959199806925e-06,-0.11734364245225082,0.1173478218481708
0.35000000000000003,3.8625724985939104e-05,-0.15451159345607907,0.154550219181065
0.4,0.00015875584760988908,-0.1650224241804858,0.16518118002809568
0.45,0.00037470657847781327,-0.15691101180345574,0.15728571838193356
0.5,0.00039035535541975526,-0.15858565590355544,0.1589760112589752
0.55,-0.0007166545800119402,-0.18862564043574132,0.18790898585572938
0.6000000000000001,-0.0042826760649595595,-0.23528216257413948,0.23099948650917992
0.65,-0.01055599025200458,-0.26818757898346557,0.25763158873146097
0.7000000000000001,-0.01611881008815612,-0.27081638192385643,0.2546975718357003
0.75,-0.012525026857516202,-0.2592622274218691,0.24673720056435292
0.8,0.010281893644175961,-0.26613575231504877,0.27641764595922474
0.8500000000000001,0.05454088822504134,-0.3053345707084975,0.35987545893353884
0.9,0.10434250921665877,-0.35536154774620216,0.45970405696286093
0.9500000000000001,0.12516278019222957,-0.3809827559092793,0.5061455361015089
1.0,0.08144967536255991,-0.3720503691121603,0.4535000444747202
1.05,-0.03328191461860219,-0.35735023205692024,0.32406831743831804
1.1,-0.1759291977010174,-0.3752353617594466,0.1993061640584292
1.1500000000000001,-0.26772910070919476,-0.42967264196777316,0.1619435412585784
1.2000000000000002,-0.24612767338415228,-0.4807343779875395,0.2346067046033872
1.25,-0.12285075405122352,-0.4862941379565639,0.36344338390534037
1.3,0.003055861530046233,-0.4549549969188278,0.458010858448874
1.35,0.006190482005687482,-0.4482578383583877,0.4544483203640752
1.4000000000000001,-0.15954365271299756,-0.5138319720201526,0.3542883193071551
1.4500000000000002,-0.3909753699933139,-0.6056695496710593,0.21469417967774546
1.5,-0.47511437035545206,-0.5792338631677599,0.10411949281230787
1.55,-0.2361075245639271,-0.2950695360308965,0.05896201146696936
1.6,0.30677979447082354,0.23779450089975174,0.0689852935710718
1.6500000000000001,0.9001118748783868,0.805787896297796,0.09432397858059083
1.7000000000000002,1.1950593626183954,1.0985777274360664,0.096481635182329
1.75,0.9876725757094782,0.9257261353681002,0.06194644034137797
1.8,0.3888175660149361,0.38217392933444694,0.006643636680489173
1.85,-0.2172707248909558,-0.17948993545847605,-0.037780789432479756
1.9000000000000001,-0.41833609682823797,-0.3724041660464723,-0.04593193078176566
1.9500000000000002,-0.057869377834199265,-0.04219290256629211,-0.015676475267907157
2.0,0.6489664365864448,0.6185121403689342,0.030454296217510612
2.0500000000000003,1.2566598551410748,1.1952839496819296,0.061375905459145175
2.1,1.3879315659474343,1.3269558773995407,0.06097568854789359
2.15,0.9741695837211884,0.9324857595239022,0.04168382419728622
2.2,0.2709496294247834,0.2349110306024641,0.0360385988223193
2.25,-0.3455978858238009,-0.41640937615543905,0.07081149033163814
2.3000000000000003,-0.6366269242836436,-0.7802020375735599,0.14357511328991623
2.35,-0.6236997656656197,-0.8451530563368792,0.22145329067125952
2.4000000000000004,-0.5087561272645442,-0.773088432814327,0.2643323055497828
2.45,-0.4822908485954018,-0.7365063334208198,0.25421548482541806
2.5,-0.5822716253768081,-0.7892356564477145,0.20696403107090644
2.5500000000000003,-0.702641736512159,-0.8602952148996225,0.15765347838746346
2.6,-0.7176267599459437,-0.8505349215654768,0.13290816161953312
2.6500000000000004,-0.600794114996419,-0.7339991036555086,0.13320498865908958
2.7,-0.4407010967009621,-0.578291060384781,0.13758996368381887
2.75,-0.35533211425474975,-0.47879529150345146,0.1234631772487017
2.8000000000000003,-0.3925388284674447,-0.4758563510154606,0.08331752254801589
2.85,-0.503984067694196,-0.530590839444836,0.026606771750639968
2.9000000000000004,-0.605348736266363,-0.5750857392534378,-0.03026299701292523
2.95,-0.6582413652750417,-0.583853588845678,-0.07438777642936378
3.0,-0.6968226031641663,-0.5969768098535836,-0.09984579331058274
3.0500000000000003,-0.7797597182206558,-0.6737710920522284,-0.10598862616842741
3.1,-0.919165303911649,-0.823284929908691,-0.09588037400295801
3.1500000000000004,-1.0577563168611337,-0.9818517982058264,-0.07590451865530734
3.2,-1.117607582309702,-1.0645890497101727,-0.05301853259952938
3.25,-1.0736614330201828,-1.04508978813128,-0.028571644888902847
3.3000000000000003,-0.9776788345277235,-0.9832801315618243,0.005601297034100727
3.35,-0.9009723709834058,-0.9625484363190268,0.06157606533562099
3.4000000000000004,-0.8417726307079386,-0.9831886434480023,0.14141601274006366
3.45,-0.6864145714830235,-0.913394582045149,0.22698001056212547
3.5,-0.2789947570316602,-0.564995299265158,0.2860005422334978
3.5500000000000003,0.4365161987879862,0.14304374912822587,0.2934724496597603
3.6,1.311065383809252,1.059516357187093,0.25154902662215917
3.6500000000000004,2.0213862731955725,1.8319551906561111,0.1894310825394614
3.7,2.240729080160867,2.0995300328029125,0.1411990473579543
3.75,1.8426142044408746,1.7227539639639735,0.11986024047690114
3.8000000000000003,0.993760615520608,0.883434272151582,0.11032634336902603
3.85,0.06423231705708358,-0.022953100590256965,0.08718541764734056
3.9000000000000004,-0.5870883946783987,-0.6274166013568206,0.04032820667842196
3.95,-0.8047893697001411,-0.7893123643055616,-0.015477005394579524
4.0,-0.6813496544260045,-0.6261013914560616,-0.055248262969942896
4.05,-0.44126928738422233,-0.3736164081327992,-0.0676528792514231
4.1000000000000005,-0.26715820107304405,-0.20239045564640348,-0.06476774542664057
4.15,-0.19797236196615622,-0.12913862597071632,-0.0688337359954399
4.2,-0.15643938499716448,-0.0667875764318814,-0.08965180856528307
4.25,-0.05602025378147121,0.05882536045157951,-0.11484561423305073
4.3,0.11397026224034303,0.2359266786664437,-0.12195641642610068
4.3500000000000005,0.2888683689249195,0.38883082812973274,-0.09996245920481323
4.4,0.3953977050197556,0.4548349230924735,-0.0594372180727179
4.45,0.4131470879406035,0.4357941265360357,-0.022647038595432212
4.5,0.3780436946015192,0.382558421279277,-0.004514726677757763
4.55,0.3369179369173097,0.33987838758923455,-0.0029604506719248525
4.6000000000000005,0.3048580349060584,0.31100689049682395,-0.006148855590765556
4.65,0.2643873644253967,0.27127781833652537,-0.006890453911128691
4.7,0.19798438772392338,0.20656063765413946,-0.008576249930216079
4.75,0.11392138126630152,0.13151436615506318,-0.017592984888761654
4.800000000000001,0.0386786328083399,0.07082699659901104,-0.03214836379067114
4.8500000000000005,-0.011680949228121974,0.029266484548413834,-0.040947433776535806
4.9,-0.0469425862882913,-0.012953665879609527,-0.033988920408681775
4.95,-0.08761106016183638,-0.07344238899428066,-0.014168671167555727
5.0,-0.1368153556068558,-0.13992914659369837,0.003113790986842585
5.050000000000001,-0.1713100408323004,-0.1742856667192789,0.0029756258869785
5.1000000000000005,-0.16252580580671602,-0.1467440133509915,-0.01578179245572453
5.15,-0.1054000569201582,-0.06512466739564876,-0.040275389524509445
5.2,-0.023505381281913987,0.03264863415316199,-0.05615401543507598
5.25,0.056052026893237336,0.1166993011220597,-0.060647274228822365
5.300000000000001,0.13175094184430874,0.19518839137814692,-0.06343744953383817
5.3500000000000005,0.228939628970899,0.3041835612590713,-0.0752439322881723
5.4,0.36951255436512387,0.46570259683320214,-0.09619004246807827
5.45,0.5393034170571734,0.6549946721683719,-0.11569125511119849
5.5,0.6864174480861387,0.8099033844748037,-0.12348593638866501
5.550000000000001,0.7540657185238415,0.8741399602014337,-0.12007424167759218
5.6000000000000005,0.7181340174683596,0.8338201266530345,-0.11568610918467492
5.65,0.5961063194779564,0.7149642242422212,-0.11885790476426472
5.7,0.4230601627939114,0.5495641074401542,-0.12650394464624276
5.75,0.22241338761044363,0.3485088453340386,-0.12609545772359496
5.800000000000001,0.0020186275900639307,0.11047098549239542,-0.10845235790233149
5.8500000000000005,-0.22191462088216302,-0.1431978262952227,-0.07871679458694031
5.9,-0.4008177122751652,-0.3466670958527445,-0.054150616422420694
5.95,-0.45972671416265687,-0.41009260022257654,-0.04963411394008033
6.0,-0.3359683174473056,-0.2723982525371672,-0.06357006491013839
6.050000000000001,-0.023167460059403153,0.053986556961322395,-0.07715401702072555
6.1000000000000005,0.412280056347456,0.480621605661046,-0.06834154931358999
6.15,0.8534248680456259,0.8823327752925875,-0.028907907246961573
6.2,1.177813972792821,1.1481432720523255,0.029670700740495493
6.25,1.2995789282013286,1.2135631641673348,0.0860157640339938
6.300000000000001,1.1923634268932024,1.0669250965856534,0.12543833030754903
6.3500000000000005,0.8911613744610898,0.7420696215016316,0.1490917529594582
6.4,0.4771580694266173,0.30869071862377834,0.16846735080283898
6.45,0.04924926445241427,-0.14173025355158245,0.1909795180039967
6.5,-0.3112155673975003,-0.5212554761343685,0.21003990873686823
6.550000000000001,-0.5680263765941939,-0.7769515378037517,0.20892516120955784
6.6000000000000005,-0.7333222156959835,-0.9088738226124816,0.17555160691649807
6.65,-0.842674108750641,-0.9581270552661066,0.11545294651546567
6.7,-0.9199585526405334,-0.9712161590004057,0.05125760635987231
6.75,-0.960107265580237,-0.9682270090937458,0.00811974351350886
6.800000000000001,-0.943222061820702,-0.939782373554187,-0.003439688266514973
6.8500000000000005,-0.8646539217317245,-0.8714055579661231,0.006751636234398561
6.9,-0.7496338635264651,-0.768550472171392,0.018916608644926947
6.95,-0.6352944485447982,-0.6561997310864943,0.020905282541696102
7.0,-0.535679181381175,-0.5535144287080338,0.017835247326858816
7.050000000000001,-0.42497518522447797,-0.45054716527431077,0.0255719800498328
7.1000000000000005,-0.2598758591075066,-0.31397132643205855,0.05409546732455195
7.15,-0.0254144695854016,-0.1213633535500429,0.0959488839646413
7.2,0.23578474392961304,0.10518554002314748,0.13059920390646557
7.25,0.4390206328135259,0.29781778526738234,0.14120284754614354
7.300000000000001,0.5078399143529911,0.37907130770823677,0.12876860664475437
7.3500000000000005,0.4197090643619206,0.30898854779345614,0.11072051656846449
7.4,0.21316107689796363,0.10823454527969303,0.10492653161827059
7.45,-0.043464380783844764,-0.15711671198262023,0.11365233119877546
7.5,-0.291418249742277,-0.41355347371043993,0.12213522396816295
7.550000000000001,-0.4987087176813176,-0.6117492230644251,0.11304050538310756
7.6000000000000005,-0.6507922530293675,-0.7340622364804927,0.08326998345112524
7.65,-0.7352451249231676,-0.7825348601554697,0.047289735232302066
7.7,-0.7411664817052944,-0.76484413874863,0.023677657043335576
7.75,-0.673172913100513,-0.6905494508618206,0.017376537761307653
7.800000000000001,-0.561405436588808,-0.5758019632510497,0.014396526662241671
7.8500000000000005,-0.45182174880303294,-0.4461819347928249,-0.005639814010208022
7.9,-0.3809834707600241,-0.33080071069698397,-0.05018276006304012
7.95,-0.35545529233968404,-0.25035513507477014,-0.1051001572649139
8.0,-0.35214538105516213,-0.20753284681328799,-0.14461253424187415
8.05,-0.33724588614297085,-0.18596315960112023,-0.15128272654185063
8.1,-0.28664793528181276,-0.15760089737799496,-0.1290470379038178
8.15,-0.19294110209716941,-0.09399947786539538,-0.09894162423177404
8.200000000000001,-0.058835212227673926,0.02341599631265695,-0.08225120854033088
8.25,0.11154969474704848,0.1971542942710116,-0.08560459952396313
8.3,0.31373604567897967,0.4129414146480676,-0.09920536896908794
8.35,0.5371369746327125,0.6444520828258369,-0.1073151081931244
8.4,0.7607942115881869,0.8614917494799214,-0.10069753789173441
8.450000000000001,0.9564005633686176,1.0378126972946664,-0.08141213392604885
8.5,1.0964552609464058,1.1550526705017032,-0.058597409555297464
8.55,1.1611794851489203,1.2023023270435171,-0.04112284189459681
8.6,1.1408551090996353,1.1742077725473523,-0.033352663447717035
8.65,1.0356652057877673,1.0710412236019535,-0.0353760178141862
8.700000000000001,0.8562871625463156,0.9011903146820293,-0.04490315213571361
8.75,0.624718067827634,0.6829838807613953,-0.05826581293376132
8.8,0.3714889816680882,0.44231555849659165,-0.07082657682850346
8.85,0.127293591531865,0.20571801559759612,-0.07842442406573111
8.9,-0.08733468947521118,-0.0075939347908598265,-0.07974075468435135
8.950000000000001,-0.2672694950621467,-0.1900524591288953,-0.07721703593325141
9.0,-0.41865899035264176,-0.3439937908203861,-0.07466519953225564
9.05,-0.5478034677513932,-0.47484325765073654,-0.07296021010065668
9.1,-0.6503804790962613,-0.5826322498378472,-0.06774822925841406
9.15,-0.7079306695046877,-0.6560450721301522,-0.051885597374535575
9.200000000000001,-0.6938783300610458,-0.6727455257862285,-0.02113280427481734
9.25,-0.5862229714412226,-0.6077722799078155,0.021549308466592865
9.3,-0.3810212919681388,-0.44779552139861867,0.06677422943047989
9.35,-0.10035365238034606,-0.2043366832257146,0.10398303084536854
9.4,0.20959486004060582,0.08259741055398499,0.12699744948662084
9.450000000000001,0.4905439306958304,0.35462122029083676,0.13592271040499365
9.5,0.68926677453661,0.5543605631392944,0.13490621139731562
9.55,0.7719267031052585,0.6434212051559494,0.1285054979493091
9.600000000000001,0.7296891058093078,0.6100300922246094,0.11965901358469844
9.65,0.5758006653016904,0.46595365978770725,0.10984700551398313
9.700000000000001,0.33931996915310453,0.2395613293457489,0.09975863980735564
9.75,0.0599257272681115,-0.028969431584559797,0.0888951588526713
9.8,-0.2170131038782364,-0.29163163438084355,0.07461853050260714
9.850000000000001,-0.44903571945235343,-0.501756867610854,0.0527211481585006
9.9,-0.6089737849769042,-0.6296388109729215,0.020665025996017272
9.950000000000001,-0.6938642588566574,-0.6756212035619902,-0.018243055294667188
10.0,-0.7213245498469897,-0.6677282195488972,-0.05359633029809252
10.05,-0.7129297630977909,-0.6406590964445728,-0.07227066665321813
10.100000000000001,-0.6766195924338518,-0.6097184339222691,-0.06690115851158274
10.15,-0.6035424671930857,-0.5608676919891484,-0.042674775203937254
10.200000000000001,-0.48310443385990454,-0.46672892611681777,-0.01637550774308677
10.25,-0.3226100983036394,-0.31602662871922954,-0.006583469584409862
10.3,-0.151795513066618,-0.1307727526316417,-0.021022760434976306
10.350000000000001,-0.0054296735974877506,0.04507280000492591,-0.05050247360241366
10.4,0.1020032771925539,0.17693065098932179,-0.07492737379676788
10.450000000000001,0.18688329006948176,0.2644948623210396,-0.07761157225155782
10.5,0.282376510791259,0.33930887792212616,-0.056932367130867134
10.55,0.41200444860355806,0.43790247945401445,-0.02589803085045639
10.600000000000001,0.5731883286972822,0.5733190798994894,-0.00013075120220717995
10.65,0.741527112376927,0.7264354407472067,0.01509167162972036
10.700000000000001,0.886193249814617,0.8591138664271261,0.02707938338749094
10.75,0.979237840723234,0.9338453055231252,0.045392535200108886
10.8,0.9939932464023996,0.9248912088556644,0.06910203754673516
10.850000000000001,0.9048384635516009,0.8202155716332423,0.08462289191835859
10.9,0.7011179283652338,0.6238878978641049,0.07723003050112887
10.950000000000001,0.40908707911549774,0.363365021355399,0.045722057760098744
11.0,0.09807642667267363,0.09241782007650676,0.005658606596166876
11.05,-0.14645366771206378,-0.12340789846922232,-0.023045769242841463
11.100000000000001,-0.27086715006968515,-0.23785053040540313,-0.033016619664282015
11.15,-0.28558634760325435,-0.2511464647719218,-0.034439882831332536
11.200000000000001,-0.25246742489954155,-0.20969684325594637,-0.04277058164359518
11.25,-0.23530547766134835,-0.17454137496114636,-0.060764102700201994
11.3,-0.25457547743261566,-0.18176914053969456,-0.0728063368929211
11.350000000000001,-0.28397253415027895,-0.22584003920093718,-0.05813249494934178
11.4,-0.28778737458731307,-0.276797008222999,-0.010990366364314053
11.450000000000001,-0.26096547499848,-0.3125305363860283,0.051565061387548294
11.5,-0.23375973614909692,-0.33575980200265854,0.10200006585356161
11.55,-0.23966659682434696,-0.3628004984281439,0.12313390160379692
11.600000000000001,-0.28181839145654614,-0.3997718792703498,0.11795348781380366
11.65,-0.3327209605659818,-0.43316308813809423,0.1004421275721124
11.700000000000001,-0.36623201891880486,-0.4449084911481768,0.07867647222937196
11.75,-0.38651316934229596,-0.4350860146919686,0.048572845349672655
11.8,-0.42185494519915473,-0.4261978474176218,0.00434290221846706
11.850000000000001,-0.48853656176506793,-0.44150770734813904,-0.04702885441692889
11.9,-0.5624209984532192,-0.47738480662736105,-0.0850361918258582
11.950000000000001,-0.5895355045433304,-0.49774241472506847,-0.0917930898182619
12.0,-0.527522337142065,-0.45842358786640575,-0.06909874927565923
12.05,-0.37809442298147766,-0.3404763739571265,-0.037618049024351174
12.100000000000001,-0.17958964791775514,-0.1624529651987172,-0.017136682719037954
12.15,0.03055879429724209,0.0379402618685372,-0.007381467571295115
12.200000000000001,0.24323721467803042,0.23329622218960414,0.009940992488426281
12.25,0.46641427051280315,0.4181027707829787,0.04831149972982446
12.3,0.6885408451091091,0.5928175798143444,0.09572326529476471
12.350000000000001,0.8583391062017696,0.7391500353657126,0.11918907083605701
12.4,0.9076885205544589,0.8145125088777518,0.09317601167670708
12.450000000000001,0.8005269476870174,0.7749065542383856,0.025620393448631762
12.5,0.5629285724408419,0.6077330082375539,-0.044804435796712005
12.55,0.2664630825656004,0.34625974101185125,-0.07979665844625083
12.600000000000001,-0.018504784745931282,0.05426741651750291,-0.07277220126343419
12.65,-0.2559727954196166,-0.20474674373308985,-0.05122605168652675
12.700000000000001,-0.43769908525727913,-0.3893996134890621,-0.04829947176821703
12.75,-0.5532292092141683,-0.4821677215487636,-0.07106148766540471
12.8,-0.5760607832174794,-0.480567378449742,-0.09549340476773743
12.850000000000001,-0.4853806854266601,-0.3937315718750814,-0.09164911355157868
12.9,-0.30131479315765375,-0.24786115190910518,-0.05345364124854857
12.950000000000001,-0.09300320917580483,-0.08848738982595872,-0.004515819349846115
13.0,0.05647269620014267,0.032596653449606834,0.023876042750535835
13.05,0.10103861472454638,0.08155434396362506,0.019484270760921324
13.100000000000001,0.053861997967218044,0.058719314652682784,-0.004857316685464741
13.15,-0.03695886232183565,-0.008519086596401129,-0.028439775725434522
13.200000000000001,-0.13310253602872096,-0.09076171363887896,-0.042340822389842006
13.25,-0.22790276406572688,-0.17681174879314018,-0.05109101527258669
13.3,-0.32825733891814785,-0.27044098307072384,-0.057816355847424006
13.350000000000001,-0.4210516903524389,-0.367903920935295,-0.053147769417143886
13.4,-0.46327083356247095,-0.43999527200696753,-0.02327556155550342
13.450000000000001,-0.408902685349276,-0.43935694388477053,0.03045425853549455
13.5,-0.24689277798262368,-0.3302483943883927,0.08335561640576902
13.55,-0.01278802760673635,-0.11625566822008761,0.10346764061335126
13.600000000000001,0.23677809302627997,0.15790687543469217,0.0788712175915878
13.65,0.46115411486757407,0.43189069241594047,0.029263422451633603
13.700000000000001,0.6494281496284083,0.6606906282531846,-0.011262478624776251
13.75,0.8019187515560459,0.8265045549697139,-0.024585803413668006
13.8,0.9035697914781513,0.9260438052792921,-0.02247401380114078
13.850000000000001,0.9199978597141067,0.9503717368321749,-0.03037387711806816
13.9,0.8219241788770792,0.8796016364108087,-0.05767745753372944
13.950000000000001,0.6142368765666711,0.6991409745396667,-0.08490409797299558
14.0,0.3417745829310778,0.42305392197100483,-0.08127933903992701
14.05,0.0672357148129125,0.10270169324407137,-0.03546597843115887
14.100000000000001,-0.158139518775471,-0.1892855079364407,0.031145989160969695
14.15,-0.30820112546089934,-0.38995916365597966,0.08175803819508032
14.200000000000001,-0.37654328660048714,-0.4715022756758962,0.09495898907540906
14.25,-0.3670925079989964,-0.44640879304385667,0.07931628504486027
14.3,-0.2935921890538968,-0.35290516460955046,0.05931297555565368
14.350000000000001,-0.1843031627479197,-0.23318384327663857,0.048880680528718884
14.4,-0.07837232920593201,-0.11810616182965049,0.039733832623718476
14.450000000000001,-0.009302891487635516,-0.024121226169844915,0.014818334682209399
14.5,0.012127559913561618,0.04114036563580401,-0.029012805722242394
14.55,-0.0008930691708163214,0.0725148264919718,-0.07340789566278812
14.600000000000001,-0.027192257223567003,0.06621285619485325,-0.09340511341842025
14.65,-0.054334866753001344,0.024413049090636314,-0.07874791584363766
14.700000000000001,-0.07950069882274048,-0.039394231284394746,-0.040106467538345736
14.75,-0.09670992713145393,-0.10095131640092096,0.00424138926946703
14.8,-0.08944656664775377,-0.13471846457144174,0.045271897923687965
14.850000000000001,-0.04260871795603145,-0.12811597273671305,0.0855072547806816
14.9,0.035455238501678456,-0.09062775082356282,0.12608298932524128
14.950000000000001,0.10593083928722574,-0.04934606238065594,0.1552769016678817
15.0,0.12152956112034957,-0.03201207561916883,0.1535416367395184
15.05,0.06218689097263089,-0.049405063913470694,0.11159195488610157
15.100000000000001,-0.04813776547311899,-0.09119982734159361,0.043062061868474624
15.15,-0.1612437817736668,-0.13917107819944827,-0.022072703574218533
15.200000000000001,-0.24408760430341292,-0.18623709010718248,-0.05785051419623044
15.25,-0.3008207689227022,-0.24312774982901195,-0.05769301909369026
15.3,-0.356586639347506,-0.3242598337984409,-0.032326805549065085
15.350000000000001,-0.4198540318408046,-0.4237885056729848,0.0039344738321802075
15.4,-0.46211279159275276,-0.5045883334242312,0.04247554183147839
15.450000000000001,-0.43757794336713546,-0.5148271840791079,0.07724924071197242
15.5,-0.3263837965199637,-0.42380296720552313,0.09741917068555944
15.55,-0.16093952194350725,-0.25017018961722814,0.0892306676737209
15.600000000000001,-0.009956404842710875,-0.058623008735105266,0.04866660389239439
15.65,0.06658511147621177,0.07549110922657226,-0.008905997750360495
15.700000000000001,0.05312703705321777,0.10929075759213616,-0.05616372053891839
15.75,-0.022127547524118257,0.0532010125983451,-0.07532856012246336
15.8,-0.11671765911230192,-0.04270987853113087,-0.07400778058117105
15.850000000000001,-0.20157672294247167,-0.12326980645701507,-0.0783069164854566
15.9,-0.26468150462187545,-0.1571161721031451,-0.10756533251873035
15.950000000000001,-0.2962649981991404,-0.14215004644606125,-0.15411495175307913
16.0,-0.27810405921026504,-0.09008774403525578,-0.18801631517500927
16.05,-0.19007876407872434,-0.00705310804389912,-0.18302565603482523
16.1,-0.025119270455079362,0.11420785086278053,-0.1393271213178599
16.150000000000002,0.20553329218394858,0.28721414921528854,-0.08168085703133995
16.2,0.48183783633954286,0.5175055469355859,-0.03566771059604307
16.25,0.7855080524997164,0.7912434310745746,-0.005735378574858174
16.3,1.0960067062182821,1.0720616623049273,0.023945043913354835
16.35,1.374668140888857,1.3067042611383084,0.06796387975054863
16.400000000000002,1.557715963765227,1.4378845084495246,0.11983145531570227
16.45,1.5750923675689974,1.421405937791416,0.1536864297775813
16.5,1.3875961356743098,1.2417763895732916,0.14581974610101822
16.55,1.0141133302586436,0.9185746137923152,0.09553871646632839
16.6,0.5258290927715851,0.49905747080134455,0.026771621970240522
16.650000000000002,0.011635274963975272,0.04095424699618148,-0.029318972032206205
16.7,-0.4577292792820551,-0.403555801487146,-0.05417347779490911
16.75,-0.8421048800190216,-0.7934489513541709,-0.04865592866485069
16.8,-1.1208538378216533,-1.0950262286750732,-0.02582760914658011
16.85,-1.279050581819851,-1.278842021331023,-0.00020856048882800238
16.900000000000002,-1.3084839629986575,-1.3260532480191476,0.017569285020490044
16.95,-1.2197493168503697,-1.2411070634757992,0.021357746625429552
17.0,-1.0466789290587224,-1.0574056967686905,0.010726767709968055
17.05,-0.8319869131168713,-0.8254393145611392,-0.00654759855573217
17.1,-0.6044274453841523,-0.5880241652285549,-0.016403280155597333
17.150000000000002,-0.36896465163429615,-0.36076051190231706,-0.008204139731979088
17.2,-0.11949681513606356,-0.13367442229526816,0.014177607159204603
17.25,0.13915915140538007,0.10735622622383771,0.03180292518154236
17.3,0.38265174935676444,0.35780903412817483,0.024842715228589607
17.35,0.5800569511876018,0.5893406880856729,-0.009283736898071049
17.400000000000002,0.7136045153415284,0.7646436755750663,-0.05103916023353794
17.45,0.7833876801993002,0.856969769012689,-0.07358208881338879
17.5,0.7922038519259778,0.8570148475111167,-0.06481099558513892
17.55,0.7287167075618985,0.764980844580166,-0.03626413701826747
17.6,0.5712385063078564,0.5818326597427655,-0.010594153434909104
17.650000000000002,0.31379681799383374,0.31395361832367713,-0.00015680032984338732
17.7,-0.008931278235274617,-0.011059182984174819,0.002127904748900202
17.75,-0.3246575196214315,-0.3358131868412939,0.011155667219862386
17.8,-0.5579667508972347,-0.5880772764173812,0.03011052552014648
17.85,-0.6711883324610592,-0.7152758634743351,0.044087531013275894
17.900000000000002,-0.6800802973762473,-0.7144907495461144,0.034410452169867045
17.95,-0.6342948781302764,-0.6339213976646245,-0.00037348046565188753
18.0,-0.5816260342363639,-0.5432191607881223,-0.038406873448241674
18.05,-0.5450184747548866,-0.49436529556990255,-0.050653179184984076
18.1,-0.5252263285854389,-0.5004515045740727,-0.024774824011366214
18.150000000000002,-0.5175452546012641,-0.5427647616229404,0.025219507021676302
18.2,-0.5216765107840251,-0.5933320343072096,0.0716555235231845
18.25,-0.5358855847144169,-0.6312167072584443,0.09533112254402731
18.3,-0.5452948919396564,-0.6421253809325659,0.09683048899290947
18.35,-0.5201686781797841,-0.6091878263937068,0.08901914821392276
18.400000000000002,-0.42913338582214666,-0.5102428241681302,0.0811094383459835
18.45,-0.2573867145197768,-0.32816077203552735,0.07077405751575055
18.5,-0.016123035784091494,-0.06626589224796034,0.050142856463868846
18.55,0.2615427026084228,0.24468169736814432,0.01686100524027845
18.6,0.532144256550438,0.5541599826600461,-0.022015726109608114
18.650000000000002,0.753085138481091,0.8089090856050088,-0.055823947123917805
18.7,0.8915478622543347,0.9692334146595813,-0.07768555240524666
18.75,0.9330342700084693,1.0185520559710717,-0.0855177859626024
18.8,0.887917129555678,0.9660089953372827,-0.07809186578160465
18.85,0.7889468880695228,0.8430689546928786,-0.054122066623355725
18.900000000000002,0.6750987115279078,0.6929342809741309,-0.01783556944622311
18.95,0.5686577945142164,0.5529061640389503,0.015751630475266065
19.0,0.46220711553948757,0.43657398703240613,0.025633128507081437
19.05,0.32813780295070016,0.3282116915931185,-7.388864241836268e-05
19.1,0.14600667671091364,0.1972301431083362,-0.05122346639742256
19.150000000000002,-0.07277683030621862,0.0261365467845112,-0.09891337709072982
19.200000000000003,-0.28265053075301916,-0.1672989761281912,-0.11535155462482796
19.25,-0.4259482085031658,-0.3313817157710494,-0.09456649273211637
19.3,-0.46221041823049036,-0.40635771038082186,-0.055852707849668504
19.35,-0.3841023338800992,-0.3574064407260856,-0.026695893154013606
19.400000000000002,-0.21305613179490743,-0.1928111438586979,-0.02024498793620952
19.450000000000003,0.01534164170037938,0.042092939536487704,-0.026751297836108322
19.5,0.2618452711882988,0.28682550555225234,-0.024980234363953524
19.55,0.48561676643868823,0.48735670878041687,-0.0017399423417286397
19.6,0.6454369977410932,0.6075788328374986,0.037858164903594616
19.650000000000002,0.7082644229615266,0.6320468331808017,0.0762175897807249
19.700000000000003,0.6627938709884346,0.5656864485197629,0.09710742246867166
19.75,0.526398203396775,0.43167777550170844,0.09472042789506657
19.8,0.3368980243576713,0.26395931547207924,0.07293870888559206
19.85,0.1336578499106303,0.0936765241418726,0.039981325768757695
19.900000000000002,-0.057745434137975254,-0.06311559162976046,0.00537015749178521
19.950000000000003,-0.22677186760562348,-0.20643821363498646,-0.020333653970637022
20.0,-0.36808968677859905,-0.3402984508348498,-0.02779123594374927
20.05,-0.4732243667429388,-0.4582981241375931,-0.014926242605345696
20.1,-0.5323950622132831,-0.5411674928191029,0.008772430605819781
20.150000000000002,-0.5426523581508773,-0.5694570020767299,0.026804643925852578
20.200000000000003,-0.5108324055544147,-0.5390465682106997,0.02821416265628507
20.25,-0.4455798845532048,-0.4631057904721557,0.017525905918950924
20.3,-0.3458124412356026,-0.3572066112396682,0.011394170004065562
20.35,-0.1992841587779481,-0.22233355277489483,0.02304939399694672
20.400000000000002,0.003328673026307195,-0.044941807117032335,0.04827048014333953
20.450000000000003,0.24894806399125272,0.18213397868555375,0.06681408530569896
20.5,0.4949043157618744,0.43544374234704303,0.05946057341483135
20.55,0.6830491066994955,0.6571857322782959,0.02586337442119957
20.6,0.7665563490848881,0.7796233256730193,-0.013066976588131163
20.650000000000002,0.7301836508754207,0.760839341609224,-0.030655690733803254
20.700000000000003,0.5906310179301059,0.6048681300427361,-0.014237112112630235
20.75,0.3801635179892984,0.35272224563577054,0.02744127235352789
20.8,0.12876162906530922,0.05506049553838776,0.07370113352692145
20.85,-0.14223526115014623,-0.2500557162246178,0.10782045507447158
20.900000000000002,-0.41480497885944045,-0.5399243807656378,0.1251194019061973
20.950000000000003,-0.6673982225046033,-0.7961258255082223,0.12872760300361896
21.0,-0.8756411665569975,-0.9963450730626751,0.12070390650567753
21.05,-1.0200148255116073,-1.1188517506807718,0.09883692516916454
21.1,-1.0924158395507655,-1.153846444378483,0.06143060482771756
21.150000000000002,-1.095303187826016,-1.108641695299779,0.013338507473763084
21.200000000000003,-1.0353093107369733,-1.0012019270457473,-0.03410738369122601
21.25,-0.9186261871846909,-0.8493128658508023,-0.06931332133388857
21.3,-0.7527205895714468,-0.6663356380528332,-0.08638495151861358
21.35,-0.5515166194320559,-0.4658045976952352,-0.08571202173682069
21.400000000000002,-0.3372977054049339,-0.26661128611708806,-0.07068641928784586
21.450000000000003,-0.13617544370420825,-0.09030526379793127,-0.04587017990627698
21.5,0.029225832847894973,0.04784846699377765,-0.018622634145882676
21.55,0.1437863274208029,0.14400569630464957,-0.0002193688838466601
21.6,0.1989733853466445,0.2006531902009973,-0.0016798048543528177
21.650000000000002,0.19136003659165904,0.21707009396882715,-0.02571005737716811
21.700000000000003,0.12524405146995762,0.18780026206608777,-0.06255621059613015
21.75,0.01768759085782303,0.11371033271540221,-0.09602274185757917
21.8,-0.10158324537996803,0.01486270932816354,-0.11644595470813157
21.85,-0.20055972466779232,-0.07137659884339337,-0.12918312582439895
21.900000000000002,-0.26049877903038365,-0.11109223510704862,-0.14940654392333502
21.950000000000003,-0.28324404959847344,-0.09724106526433145,-0.18600298433414197
22.0,-0.28066793693122155,-0.05232244425067234,-0.2283454926805492
22.05,-0.2517615912398995,-0.002928741740073091,-0.2488328494998264
22.1,-0.16682335739189993,0.05443547688985429,-0.22125883428175422
22.150000000000002,0.02320664187119261,0.16453763427747564,-0.14133099240628302
22.200000000000003,0.3527140763135318,0.385815621779428,-0.03310154546589622
22.25,0.804693518623114,0.7405767080312443,0.06411681059186969
22.3,1.2993584175099357,1.180468915600081,0.11888950190985481
22.35,1.7198381702858312,1.5953209263122092,0.12451724397362196
22.400000000000002,1.960349183959717,1.8613432331256756,0.09900595083404129
22.450000000000003,1.966884301557519,1.8967124697228313,0.07017183183468778
22.5,1.7481323332907222,1.6907152509633245,0.05741708232739762
22.55,1.3575068113376896,1.295425002280253,0.062081809057436654
22.6,0.8658405586593175,0.7948994634896683,0.0709410951696492
22.650000000000002,0.3439809201266364,0.2754928405102321,0.0684880796164043
22.700000000000003,-0.14139061897293043,-0.19020590856999903,0.0488152895970686
22.75,-0.5299207539630901,-0.5492348381335611,0.01931408417047098
22.8,-0.7782175741295468,-0.7727042021683082,-0.005513371961238689
22.85,-0.875710336389425,-0.8607225909885503,-0.014987745400874664
22.900000000000002,-0.8511434808782758,-0.841607961742537,-0.009535519135738801
22.950000000000003,-0.7590251803995511,-0.7602680091927699,0.0012428287932187976
23.0,-0.6518598308574068,-0.6597880669046776,0.007928236047270776
23.05,-0.5573142998404701,-0.5672098642404664,0.009895564399996282
23.1,-0.4761827862520462,-0.4914588889978953,0.015276102745849118
23.150000000000002,-0.3994461747904681,-0.43129903280289345,0.03185285801242532
23.200000000000003,-0.326996676905331,-0.3840925153700482,0.057095838464717164
23.25,-0.2711959686490723,-0.34842500679913885,0.07722903815006654
23.3,-0.24426023110795997,-0.32180582810003544,0.07754559699207547
23.35,-0.24404845742687392,-0.2996193708136914,0.055570913386817467
23.400000000000002,-0.2534210726296963,-0.2785066880881882,0.02508561545849186
23.450000000000003,-0.25407612570328375,-0.2605745392965123,0.006498413593228558
23.5,-0.24114314877456364,-0.2523697556803195,0.01122660690575586
23.55,-0.22415712305295957,-0.2575025716965253,0.03334544864356573
23.6,-0.21356601543331677,-0.2689548074958528,0.05538879206253605
23.650000000000002,-0.20598300154934002,-0.26865901548673554,0.06267601393739552
23.700000000000003,-0.18228805007534024,-0.23583090734577752,0.05354285727043728
23.75,-0.12012103169896515,-0.15769644481649567,0.037575413117530515
23.8,-0.009124157455117491,-0.03443542200579656,0.025311264550679065
23.85,0.14381375065397245,0.12399210640991622,0.019821644244056233
23.900000000000002,0.3210877377094595,0.3040032299615917,0.017084507747867794
23.950000000000003,0.5034054520669571,0.4907623888021967,0.01264306326476039
24.0,0.6720774696923385,0.6654989034254668,0.006578566266871699
24.05,0.8053715932203769,0.8031703945168677,0.0022011987035092107
24.1,0.8780618922745299,0.8766225679432514,0.0014393243312784687
24.150000000000002,0.8703441261863598,0.8672344828414356,0.003109643344924251
24.200000000000003,0.7809435892122283,0.7749780193822319,0.005965569829996409
24.25,0.6319360536086429,0.6198743920945173,0.012061661514125577
24.3,0.4582917528401587,0.43315235038191735,0.025139402458241367
24.35,0.28890464799465093,0.2442854095468267,0.04461923844782423
24.400000000000002,0.13425808431515843,0.07250448877257176,0.061753595542586665
24.450000000000003,-0.009919096705406638,-0.0733872049069083,0.06346810820150166
24.5,-0.1483504806641983,-0.19020261343309405,0.04185213276889577
24.55,-0.2758647392945798,-0.2768524131960861,0.0009876739015063363
24.6,-0.3804426132404866,-0.33514552496320266,-0.04529708827728396
24.650000000000002,-0.4550105961407572,-0.37229925945364645,-0.08271133668711073
24.700000000000003,-0.5046804662817859,-0.4003029492155917,-0.10437751706619419
24.75,-0.5415159393637083,-0.43050140710968987,-0.11101453225401847
24.8,-0.5724574484317638,-0.4670901673046182,-0.1053672811271456
24.85,-0.5935347503895375,-0.5052554833305208,-0.08827926705901668
24.900000000000002,-0.5970392731672018,-0.5362087868550228,-0.06083048631217902
24.950000000000003,-0.5844857851952582,-0.5553459414293457,-0.0291398437659125
25.0,-0.5713018916197175,-0.5666468127223904,-0.004655078897327081
25.05,-0.5766312483182487,-0.5791671054375439,0.0025358571192951596
25.1,-0.6062221542165049,-0.5978836488178026,-0.00833850539870229
25.150000000000002,-0.6435634349093957,-0.6158644716309679,-0.0276989632784278
25.200000000000003,-0.6570813012555146,-0.6138496697757819,-0.043231631479732635
25.25,-0.6167403444958588,-0.5677136890705837,-0.04902665542527507
25.3,-0.5061313069869562,-0.4586874613804487,-0.047443845606507495
25.35,-0.3227563949752934,-0.280132535634171,-0.042623859341122394
25.400000000000002,-0.07216104900862745,-0.038500946397822526,-0.033660102610804925
25.450000000000003,0.23299760575638118,0.24893629285098712,-0.01593868709460594
25.5,0.5655942419275087,0.5555081113884397,0.010086130539069038
25.55,0.877573934986209,0.8447645797791782,0.032809355207030766
25.6,1.1070197316750332,1.0718656024554607,0.035154129219572505
25.650000000000002,1.2007623400278726,1.191363286543584,0.00939905348428871
25.700000000000003,1.1393213685062664,1.1716779008113842,-0.03235653230511781
25.75,0.9460510337082262,1.0098917712508362,-0.06384073754261
25.8,0.6734120126265143,0.737260063938456,-0.06384805131194171
25.85,0.3769030142054965,0.40977526885385007,-0.03287225464835358
25.900000000000002,0.09569072448126736,0.08736156893415967,0.008329155547107697
25.950000000000003,-0.14881691926551724,-0.18671657242821946,0.03789965316270222
26.0,-0.3415670343151506,-0.39423479614121015,0.052667761826059534
26.05,-0.4647113888756186,-0.5344521091171491,0.06974072024153055
26.1,-0.5012129371515156,-0.6083162071201008,0.10710326996858521
26.150000000000002,-0.44808441886551026,-0.6082738224485671,0.16018940358305683
26.200000000000003,-0.326494852441029,-0.5232802214581938,0.19678536901716476
26.25,-0.17848179974253908,-0.3563746874707226,0.1778928877281835
26.3,-0.05120662630779015,-0.14077261300923793,0.08956598670144778
26.35,0.020938852901224596,0.06111159129753109,-0.040172738396306494
26.400000000000002,0.025893560308038122,0.18053845925528844,-0.1546448989472503
26.450000000000003,-0.02792471249493351,0.17583506354257514,-0.20375977603750864
26.5,-0.12043617170042743,0.055148105623024274,-0.17558427732345172
26.55,-0.229127498966341,-0.1276772637250313,-0.1014502352413097
26.6,-0.33487982738494765,-0.3029093121719864,-0.03197051521296124
26.650000000000002,-0.4239260484452612,-0.42138911027782255,-0.0025369381674386626
26.700000000000003,-0.486730510564485,-0.4737114941123876,-0.01301901645209741
26.75,-0.5147180614647451,-0.4806407236133382,-0.034077337851406875
26.8,-0.49675999719143077,-0.46425210484593243,-0.032507892345498335
26.85,-0.4187871199926623,-0.42311487447696355,0.004327754484301227
26.900000000000002,-0.2693059623676155,-0.33102368515117647,0.06171772278356097
26.950000000000003,-0.0496770273595322,-0.16043133747913155,0.11075431011959935
27.0,0.21677806453999257,0.08698500602911842,0.12979305851087414
27.05,0.4840576734352675,0.3653816109793448,0.11867606245592272
27.1,0.6942043352721374,0.5970034434703858,0.09720089180175162
27.150000000000002,0.7956916097440419,0.7051178662089349,0.09057374353510694
27.200000000000003,0.7612706117114857,0.6492118392093621,0.1120587725021236
27.25,0.5978411668809409,0.44469748816695803,0.15314367871398288
27.3,0.3452607019744855,0.1590587477827479,0.1862019541917376
27.35,0.06527566794954393,-0.11280074128708782,0.17807640923663176
27.400000000000002,-0.17592172219574914,-0.28411539811034986,0.10819367591460072
27.450000000000003,-0.32674097363892124,-0.3093449402881555,-0.017396033350765727
27.5,-0.3647575919341992,-0.2008094971398715,-0.1639480947943277
27.55,-0.30061008622790847,-0.01922650582665773,-0.2813835804012507
27.6,-0.16868698245174635,0.1598972519789704,-0.3285842344307167
27.650000000000002,-0.009261147876228028,0.2868114156623835,-0.2960725635386115
27.700000000000003,0.14730045855579246,0.35976759162315697,-0.2124671330673645
27.75,0.284786003445623,0.41290720866806413,-0.12812120522244114
27.8,0.3934135668099419,0.4777517288187082,-0.08433816200876632
27.85,0.4597688293857072,0.5479847820419554,-0.08821595265624826
27.900000000000002,0.4659768561426389,0.5772162347954249,-0.11123937865278605
27.950000000000003,0.40077999383742613,0.5141076500606478,-0.11332765622322172
28.0,0.27296083865436666,0.3474757190477579,-0.07451488039339127
28.05,0.11357675005321463,0.12315414421607179,-0.009577394162857161
28.1,-0.03757838119673625,-0.0838413297142253,0.04626294851748904
28.150000000000002,-0.15160376620628185,-0.22056492284894236,0.0689611566426605
28.200000000000003,-0.22043128386981023,-0.28828351379938905,0.06785222992957882
28.25,-0.2498689243226607,-0.32817513532206316,0.07830621099940246
28.3,-0.24433051889705268,-0.37328380682401197,0.1289532879269593
28.35,-0.1997523840655305,-0.4098126417228383,0.21006025765730782
28.400000000000002,-0.11295593779326268,-0.384141905149874,0.2711859673566113
28.450000000000003,0.001482162933420384,-0.2527010463212816,0.254183209254702
28.5,0.10533681557200858,-0.033413453192166695,0.1387502687641753
28.55,0.15201867842218328,0.18670216802820386,-0.03468348960602058
28.6,0.11386743328974859,0.29882024238025545,-0.18495280909050688
28.650000000000002,-7.490370670671731e-05,0.24128524245544006,-0.24136014616214677
28.700000000000003,-0.15034043976200798,0.03958272252879171,-0.1899231622907997
28.75,-0.29130810279772557,-0.2105870711682942,-0.08072103162943137
28.8,-0.39238056257569887,-0.40183636324024846,0.009455800664549596
28.85,-0.4398640771120112,-0.4715092855342896,0.031645208422278415
28.900000000000002,-0.42356167564752767,-0.4194060946658123,-0.004155580981715368
28.950000000000003,-0.32783054402917494,-0.28371295636626287,-0.04411758766291207
29.0,-0.14208270232392312,-0.10299889835551006,-0.03908380396841306
29.05,0.11578011875073657,0.10303266330499754,0.012747455445739034
29.1,0.3868314635323149,0.3229795493304625,0.06385191420185238
29.150000000000002,0.5882765501899656,0.5299416643618718,0.05833488582809376
29.200000000000003,0.6542949905171644,0.6719053907546294,-0.017610400237464963
29.25,0.5721329148186622,0.6905286890711846,-0.11839577425252235
29.3,0.3862408655706985,0.5574940528127994,-0.17125318724210092
29.35,0.1682564690877995,0.30121553762650033,-0.13295906853870082
29.400000000000002,-0.022485710984051662,0.0017526445350874202,-0.024238355519139082
29.450000000000003,-0.15829664889905867,-0.2456880637058471,0.08739141480678841
29.5,-0.2333318785519513,-0.3754250382867967,0.14209315973484538
29.55,-0.2420612474766763,-0.37508491319640314,0.13302366571972685
29.6,-0.17128706017010664,-0.2752640663717335,0.10397700620162686
29.650000000000002,-0.014270717571727973,-0.11736996068099471,0.10309924310926674
29.700000000000003,0.20844293488583468,0.07273072377000461,0.13571221111583007
29.75,0.4447104280860461,0.28492027558977084,0.15979015249627526
29.8,0.6308698307353117,0.5027188432422679,0.12815098749304377
29.85,0.7212580067414853,0.6834314805723006,0.03782652616918469
29.900000000000002,0.7040641216862518,0.7641470111933619,-0.06008288950711016
29.950000000000003,0.594046475233384,0.6943760999099309,-0.10032962467654682
30.0,0.41371948566045746,0.47099472840401,-0.05727524274355256
30.05,0.18240835062129035,0.14641507678092186,0.03599327384036849
30.1,-0.07936531303917006,-0.19819395845871565,0.11882864541954559
30.150000000000002,-0.3407732263681068,-0.49422584270845477,0.15345261634034796
30.200000000000003,-0.5626039262436389,-0.7103454404670086,0.14774151422336979
30.25,-0.713310384119683,-0.8460817721110917,0.13277138799140875
30.3,-0.7856697167524773,-0.9080126640167502,0.12234294726427286
30.35,-0.7978851831207611,-0.8955020341843778,0.09761685106361673
30.400000000000002,-0.7773870155496965,-0.8093293356902163,0.031942320140519787
30.450000000000003,-0.7422289660269887,-0.6703905104380299,-0.07183845558895885
30.5,-0.6964907168889176,-0.5235669582471713,-0.17292375864174636
30.55,-0.6408637871182113,-0.4163558578279392,-0.22450792929027213
30.6,-0.5835937985749525,-0.3685395933847091,-0.21505420519024343
30.650000000000002,-0.5371653153030052,-0.3607818012617779,-0.17638351404122726
30.700000000000003,-0.5026323624775414,-0.35382590644716333,-0.14880645603037806
30.75,-0.4589879913421835,-0.32111199534209894,-0.13787599600008454
30.8,-0.3724853666628025,-0.2646876810034107,-0.1077976856593918
30.85,-0.2217222332147509,-0.20075166373215306,-0.020970569482597845
30.900000000000002,-0.017530024429986333,-0.13143759014871526,0.11390756571872893
30.950000000000003,0.20026168815700063,-0.033749938562628215,0.23401162671962883
31.0,0.38642407604867185,0.1196828044422365,0.26674127160643535
31.05,0.5133181044182258,0.324928270159508,0.1883898342587178
31.1,0.5745694636189403,0.5295682114813436,0.04500125213759676
31.150000000000002,0.5710013131111087,0.6530280769081012,-0.08202676379699247
31.200000000000003,0.49803559557580496,0.6316342614472539,-0.13359866587144892
31.25,0.35083927064811515,0.4556582012252601,-0.10481893057714492
31.3,0.1430731399356363,0.17411396100261217,-0.031040821066975866
31.35,-0.08169148594099518,-0.13048571647661586,0.04879423053562068
31.400000000000002,-0.26229578839541207,-0.3760140226993296,0.11371823430391753
31.450000000000003,-0.3504570007188397,-0.5043357266206597,0.15387872590182006
31.5,-0.33595921882128027,-0.49146542835430074,0.15550620953302047
31.55,-0.24721282111994758,-0.35096694777639575,0.10375412665644818
31.6,-0.1296549633727148,-0.1329433759976909,0.003288412624976117
31.650000000000002,-0.022521751455871205,0.08745828094506525,-0.10998003240093646
31.700000000000003,0.048318681202566834,0.2358238567578753,-0.18750517555530846
31.75,0.06316126239925537,0.2685689586556785,-0.2054076962564231
31.8,0.003679842431979453,0.18758981780724052,-0.18390997537526108
31.85,-0.13737424957081315,0.028161505453166022,-0.16553575502397916
31.900000000000002,-0.33887797830273947,-0.1690724482940742,-0.16980553000866527
31.950000000000003,-0.5458529010513484,-0.37656601291642317,-0.16928688813492526
32.0,-0.6872678361878614,-0.5727143512231443,-0.11455348496471707
32.050000000000004,-0.7075217135462352,-0.7194701853630971,0.011948471816861983
32.1,-0.5889401022159243,-0.7532657735768723,0.164325671360948
32.15,-0.35081431744438246,-0.6083237591899171,0.25750944174553464
32.2,-0.03163720351520045,-0.261355045984782,0.22971784246958155
32.25,0.3260303531112378,0.2364204872735265,0.0896098658377113
32.300000000000004,0.6765106083543064,0.7679795841820651,-0.0914689758277587
32.35,0.9655426818647396,1.197653863249216,-0.2321111813844764
32.4,1.135825482094603,1.4266367062592291,-0.2908112241646261
32.45,1.1500123442002606,1.424541666221796,-0.27452932202153546
32.5,1.0167024878353068,1.2266898228231398,-0.20998733498783295
32.550000000000004,0.7959420993467579,0.9106184794902795,-0.11467638014352166
32.6,0.5742687260863141,0.570919967595515,0.0033487584907990753
32.65,0.4238850436217914,0.299623596919458,0.12426144670233341
32.7,0.373487655567241,0.16736559095779252,0.20612206460944849
32.75,0.4078798960496346,0.2024618781178914,0.2054180179317432
32.800000000000004,0.48996982132074407,0.3766542915967643,0.11331552972397979
32.85,0.5837098121153576,0.6116447188178743,-0.02793490670251675
32.9,0.6620428017767404,0.8100768554564837,-0.14803405367974332
32.95,0.7019780633783693,0.8963786658061428,-0.19440060242777346
33.0,0.6808815265108115,0.8441753723892729,-0.1632938458784614
33.050000000000004,0.5834566144497919,0.6765309078041728,-0.09307429335438089
33.1,0.4145675576585406,0.44448905656272675,-0.02992149890418616
33.15,0.2046322457857922,0.2014828888945418,0.003149356891250399
33.2,-8.915731552558523e-05,-0.012271066745669208,0.012181909430143622
33.25,-0.15689314598059148,-0.17360409357230377,0.016710947591712294
33.300000000000004,-0.24284493127662138,-0.2748877619770069,0.032042830700385494
33.35,-0.2591885743644253,-0.3221202802067664,0.06293170584234115
33.4,-0.2254227826513392,-0.33193400933177547,0.10651122668043628
33.45,-0.17020671971177853,-0.32549413210934636,0.15528741239756783
33.5,-0.12390042724809378,-0.32119960606612086,0.19729917881802708
33.550000000000004,-0.11241406905494833,-0.3309653226189015,0.21855125356395316
33.6,-0.15094770422134798,-0.36177173405739216,0.21082402983604417
33.65,-0.23950039265093653,-0.4183305787159454,0.1788301860650089
33.7,-0.36405233445261387,-0.5016536781314898,0.1376013436788759
33.75,-0.5040238235874972,-0.6042293828968945,0.10020555930939734
33.800000000000004,-0.6409459155662126,-0.7086777015036928,0.0677317859374802
33.85,-0.7619238428165037,-0.7949145617809199,0.03299071896441619
33.9,-0.8567556537573102,-0.8515135147803617,-0.005242138976948474
33.95,-0.9141473358809414,-0.8802131589054397,-0.03393417697550172
34.0,-0.9230256828706791,-0.8873457149963548,-0.03567996787432426
34.050000000000004,-0.8786082121714767,-0.869267477419159,-0.00934073475231767
34.1,-0.7866263609640142,-0.8071614698448919,0.020535108880877728
34.15,-0.6601679086508551,-0.6797115164772469,0.019543607826391862
34.2,-0.5112199768090228,-0.4849851152829082,-0.02623486152611454
34.25,-0.3448246951561016,-0.2518133914229466,-0.09301130373315497
34.300000000000004,-0.16111895818024563,-0.02787135043455354,-0.13324760774569208
34.35,0.03785924227004136,0.14860369483725638,-0.11074445256721502
34.4,0.2443993689587448,0.27178797122281906,-0.027388602264074247
34.45,0.4476361250046968,0.36797446964612507,0.07966165535857173
34.5,0.6370353544137138,0.4725151215475835,0.16452023286613032
34.550000000000004,0.7995591704750095,0.6012580030199397,0.19830116745506976
34.6,0.9116280684678627,0.735523579292763,0.1761044891750997
34.65,0.9370495953255982,0.8279454869575961,0.1091041083680021
34.7,0.8409889477386494,0.8233867251769116,0.017602222561737824
34.75,0.6155090300267596,0.6840172839475235,-0.06850825392076387
34.800000000000004,0.2971846959231098,0.40943797311030977,-0.11225327718719996
34.85,-0.04167331975972171,0.04503486108808903,-0.08670818084781073
34.9,-0.32699380955971924,-0.3272462005744168,0.00025239101469753944
34.95,-0.5189826627935565,-0.6170321394340701,0.09804947664051356
35.0,-0.6237038548179542,-0.7630564152008266,0.13935256038287236
35.050000000000004,-0.673628181119148,-0.7601535346813837,0.08652535356223567
35.1,-0.6964331127652299,-0.6576988186762899,-0.038734294088940024
35.15,-0.6992999706550116,-0.5292470685705457,-0.17005290208446588
35.2,-0.6787875929018872,-0.43419540786204286,-0.2445921850398443
35.25,-0.6408762202030396,-0.3975889396276775,-0.24328728057536209
35.300000000000004,-0.6067524801805836,-0.4171669064200649,-0.1895855737605187
35.35,-0.5958628550727965,-0.48226044519196665,-0.11360240988082981
35.4,-0.6025159350102546,-0.580722366330148,-0.021793568680106623
35.45,-0.590945026431777,-0.6865473786470552,0.09560235221527813
35.5,-0.5172977496409551,-0.7460724585917052,0.22877470895075014
35.550000000000004,-0.36141995559161777,-0.6881936511756818,0.326773695584064
35.6,-0.14158546030617197,-0.46365395851416824,0.32206849820799627
35.65,0.09909817460414988,-0.08784879290061649,0.18694696750476636
35.7,0.32035111367213515,0.34943391421671016,-0.029082800544575016
35.75,0.5014178068857544,0.7222618659809285,-0.22084405909517402
35.800000000000004,0.6353851802710436,0.9325158459194643,-0.2971306656484207
35.85,0.7131911486517327,0.9566390150646537,-0.24344786641292093
35.9,0.7189747306446382,0.8457408319534327,-0.1267661013087945
35.95,0.6448707928710233,0.6847894547723199,-0.03991866190129656
36.0,0.5108558939342458,0.5436579685423502,-0.03280207460810436
36.050000000000004,0.36690712830544764,0.45170312313733174,-0.0847959948318841
36.1,0.26949113417172926,0.4039802466171483,-0.13448911244541906
36.15,0.24833218390480874,0.38367140281029927,-0.13533921890549053
36.2,0.28958439420446686,0.37939390776487475,-0.0898095135604079
36.25,0.34832224400324213,0.3871405391739756,-0.038818295170733486
36.300000000000004,0.3791708068956708,0.4013086427294212,-0.022137835833750397
36.35,0.36091049290615773,0.4061564324043971,-0.04524593949823935
36.4,0.29945505334479827,0.3765862566810553,-0.077131203336257
36.45,0.21374948536655863,0.29016954119227445,-0.07642005582571582
36.5,0.12146977832759866,0.144847942082574,-0.023378163754975353
36.550000000000004,0.036085360735256616,-0.02905575407072111,0.06514111480597773
36.6,-0.02816285550601377,-0.17448038514441755,0.14631752963840378
36.65,-0.055242625033730355,-0.2341370102393422,0.17889438520561185
36.7,-0.03608636845735054,-0.18504282034980718,0.14895645189245665
36.75,0.020057355620317397,-0.05687801720348449,0.07693537282380189
36.800000000000004,0.08449024683481265,0.08307318340972392,0.0014170634250887382
36.85,0.12295173646014576,0.17073619551603755,-0.04778445905589179
36.9,0.11542208368976603,0.1810663912637326,-0.06564430757396658
36.95,0.06656104537375071,0.1303524074964214,-0.0637913621226707
37.0,-0.0009287572573997673,0.04643899525890634,-0.04736775251630611
37.050000000000004,-0.06353957419233035,-0.06035657387164775,-0.003183000320682597
37.1,-0.1105015682088119,-0.1928156775763609,0.08231410936754899
37.15,-0.14433789287385196,-0.3320686852231755,0.18773079234932355
37.2,-0.171405191204019,-0.4142198077754197,0.24281461657140072
37.25,-0.1933136222108451,-0.3585519033515062,0.1652382811406611
37.300000000000004,-0.20707131125340333,-0.13903539038592327,-0.06803592086748006
37.35,-0.2117370495551947,0.16203753674382745,-0.37377458629902216
37.4,-0.21238043792737693,0.38096271512119406,-0.593343153048571
37.45,-0.21483230695332944,0.3799412069241385,-0.5947735138774679
37.5,-0.2143755295027366,0.15802648123943797,-0.3724020107421746
37.550000000000004,-0.18906140491331205,-0.12907405545227132,-0.05998734946104073
37.6,-0.10651670388068617,-0.268781359728269,0.16226465584758282
37.65,0.05711366538785747,-0.14030082918954143,0.1974144945773989
37.7,0.29782633360051936,0.2035259415943136,0.09430039200620577
37.75,0.5777000911590295,0.5843447937295433,-0.00664470257051375
37.800000000000004,0.8373606003465215,0.8326854419346716,0.004675158411849845
37.85,1.0196932720099765,0.8967268109734003,0.12296646103657616
37.9,1.0904394864371452,0.8428884574118921,0.24755102902525306
37.95,1.0448427354244862,0.7637151706462983,0.2811275647781879
38.0,0.9004049707587197,0.6858127829948906,0.21459218776382916
38.050000000000004,0.6850316537477779,0.5600182669590189,0.12501338678875895
38.1,0.43007258063515813,0.33289336350410464,0.09717921713105349
38.15,0.16967268986205147,0.023166460329598182,0.1465062295324533
38.2,-0.06039670272369756,-0.27283828261106735,0.21244157988736978
38.25,-0.2312620213059312,-0.45207037281903345,0.22080835151310224
38.300000000000004,-0.3348217077979029,-0.48599021071311954,0.15116850291521666
38.35,-0.3917200029289635,-0.43978068587668917,0.0480606829477257
38.400000000000006,-0.4426197336486367,-0.4164546875451445,-0.02616504610349224
38.45,-0.5239682032477937,-0.47870540756588764,-0.045262795681906054
38.5,-0.6435366269115381,-0.6140663990981954,-0.029470227813342742
38.550000000000004,-0.7740910511111534,-0.7630119089221847,-0.01107914218896866
38.6,-0.8710631870155018,-0.8734140705680881,0.0023508835525862803
38.650000000000006,-0.9014105073898687,-0.9300319175295502,0.028621410139681447
38.7,-0.8619415026866953,-0.9413891636234993,0.079447660936804
38.75,-0.7744931224842575,-0.9098149170476911,0.13532179456343363
38.800000000000004,-0.6649135146591949,-0.8213513652495312,0.15643785059033632
38.85,-0.5456213299752325,-0.6652154262459214,0.11959409627068895
38.900000000000006,-0.4162626457388118,-0.4592088421888149,0.04294619645000314
38.95,-0.27883300345961015,-0.2515592021256076,-0.027273801334002534
39.0,-0.14967520404160023,-0.09412570120432479,-0.055549502837275444
39.050000000000004,-0.054154192018573924,-0.009935626949239006,-0.044218565069334914
39.1,-0.007309796507694325,0.017535488566993964,-0.02484528507468829
39.150000000000006,0.001334099414689351,0.026682790741583536,-0.025348691326894185
39.2,0.0028493572260478847,0.04898529821354789,-0.046135940987500006
39.25,0.02568756618877646,0.09192576427728293,-0.06623819808850646
39.300000000000004,0.07299536258326104,0.14214223267050094,-0.0691468700872399
39.35,0.11971811646697313,0.1797223561567316,-0.06000423968975847
39.400000000000006,0.13203601209556193,0.1894048886582538,-0.05736887656269188
39.45,0.09293889600575739,0.16275454259322664,-0.06981564658746925
39.5,0.013602823970442065,0.0959434368956444,-0.08234061292520234
39.550000000000004,-0.07643513319618275,-0.009559150340318175,-0.06687598285586457
39.6,-0.1493981471707482,-0.14164658718009465,-0.00775155999065355
39.650000000000006,-0.19237906270168614,-0.272683302883127,0.08030424018144083
39.7,-0.20559266589685463,-0.36215557913755286,0.15656291324069824
39.75,-0.1927209933928339,-0.3701411157319201,0.1774201223390862
39.800000000000004,-0.15596579773603958,-0.27787137568122655,0.12190557794518697
39.85,-0.10055136886975649,-0.10498323388745794,0.004431865017701445
39.900000000000006,-0.041234244567619004,0.08934449533463185,-0.13057873990225086
39.95,7.525684596669435e-05,0.22843396487327128,-0.2283587080273046
40.0,0.007440392559063945,0.25644700413680094,-0.24900661157773699
40.050000000000004,-0.01572994167277417,0.17165941594647055,-0.18738935761924472
40.1,-0.046394832378056465,0.0309038484117206,-0.07729868078977706
40.150000000000006,-0.057531452855953236,-0.08232360736972329,0.02479215451377005
40.2,-0.038070225320526375,-0.10758630971605299,0.06951608439552662
40.25,-0.0005815535185624684,-0.04134740801228845,0.04076585449372598
40.300000000000004,0.030039878462943804,0.06838266707803418,-0.038342788615090384
40.35,0.0376621533250021,0.16033270872458794,-0.12267055539958584
40.400000000000006,0.028555815340734883,0.20062404604353948,-0.17206823070280458
40.45,0.02727190652747434,0.1969942374542758,-0.16972233092680145
40.5,0.05965234662020244,0.18288202395478553,-0.1232296773345831
40.550000000000004,0.1376204335325291,0.1919220170344188,-0.05430158350188971
40.6,0.2565158814239658,0.24483388775386233,0.011681993670103474
40.650000000000006,0.4028970828603011,0.3511686681367865,0.05172841472351464
40.7,0.5616587686430962,0.5109646263630873,0.0506941422800089
40.75,0.7145447864197043,0.7054989301401539,0.009045856279550457
40.800000000000004,0.8339149487488912,0.8865766761153948,-0.05266172736650365
40.85,0.8835539411101464,0.9853195760805437,-0.10176563497039726
40.900000000000006,0.8334024934886958,0.9472252759023316,-0.11382278241363586
40.95,0.6808815158001189,0.7716689767307141,-0.0907874609305952
41.0,0.461384492094085,0.5211184635147746,-0.05973397142068965
41.050000000000004,0.2354614253220519,0.28577442008491666,-0.05031299476286477
41.1,0.057847444647799576,0.12753206424694238,-0.06968461959914281
41.150000000000006,-0.05078329132851889,0.04716072171523041,-0.0979440130437493
41.2,-0.10884224200136745,-0.0004618940328559643,-0.1083803479685115
41.25,-0.15245310595273284,-0.05995160118772768,-0.09250150476500515
41.300000000000004,-0.2047568527870217,-0.14014206207975644,-0.06461479070726525
41.35,-0.2592494932822764,-0.21771767929215083,-0.04153181399012559
41.400000000000006,-0.28783191319744833,-0.2684213261512079,-0.019410587046240435
41.45,-0.2639417034894345,-0.2896580487792635,0.025716345289828968
41.5,-0.1806378742715599,-0.29142262613601877,0.11078475186445888
41.550000000000004,-0.050879740368767266,-0.2686697034395308,0.2177899630707635
41.6,0.10558064058619582,-0.18974243468948324,0.295323075275679
41.650000000000006,0.2734398297193293,-0.020057608669897014,0.2934974383892263
41.7,0.44063877310560445,0.23655128862933456,0.2040874844762699
41.75,0.5884866819243934,0.5174728540812339,0.07101382784315946
41.800000000000004,0.686403371732212,0.7246072693660571,-0.03820389763384513
41.85,0.7002128983776255,0.7762927597337769,-0.07607986135615141
41.900000000000006,0.6094600895421635,0.6491353182623137,-0.03967522872015028
41.95,0.42000644533451525,0.38188302384534806,0.0381234214891672
42.0,0.16189417286232613,0.04593824618365994,0.1159559266786662
42.050000000000004,-0.12492801904033567,-0.29008504456583756,0.16515702552550188
42.1,-0.4051695470958767,-0.5789766412460254,0.17380709415014872
42.150000000000006,-0.6534134099727019,-0.7953731791237454,0.14195976915104347
42.2,-0.8505326829982671,-0.9307582106395783,0.08022552764131119
42.25,-0.9793578940405453,-0.9911744199200064,0.011816525879461137
42.300000000000004,-1.02576588151163,-0.9936135047976189,-0.032152376714011055
42.35,-0.9836602896222822,-0.954900414790027,-0.028759874832255283
42.400000000000006,-0.85786630581761,-0.8777064051540491,0.019840099336439043
42.45,-0.6622167448283246,-0.7475416249189777,0.08532488009065309
42.5,-0.4163681745599777,-0.5481993646503537,0.13183119009037597
42.550000000000004,-0.14609439493303006,-0.2852822345534694,0.13918783962043935
42.6,0.11396600466617865,0.003011881183662099,0.11095412348251656
42.650000000000006,0.32209768576741116,0.25904844630382245,0.0630492394635887
42.7,0.4409433382606157,0.4328091075952014,0.0081342306654143
42.75,0.45416206936459214,0.5012601666570864,-0.047098097292494256
42.800000000000004,0.37601930383675397,0.46809230177505606,-0.09207299793830209
42.85,0.24452783742459602,0.351706367572148,-0.10717853014755199
42.900000000000006,0.10132608909542627,0.1778520082904979,-0.07652591919507164
42.95,-0.027525021821269247,-0.017830406288746048,-0.0096946155325232
43.0,-0.1367200505515385,-0.1889676342985921,0.0522475837470536
43.050000000000004,-0.23202995383503214,-0.2926346473663029,0.060604693531270765
43.1,-0.3168108453666728,-0.3145099539543721,-0.0023008914123007207
43.150000000000006,-0.38642396226635445,-0.2830545242313056,-0.10336943803504883
43.2,-0.4324100707794169,-0.25396232246433065,-0.17844774831508625
43.25,-0.4487166256622756,-0.2709688437165631,-0.1777477819457125
43.300000000000004,-0.43257709881304524,-0.33249729591387167,-0.10007980289917356
43.35,-0.38114097172065275,-0.391701370226378,0.010560398505725266
43.400000000000006,-0.29118804583595326,-0.3903485226558702,0.09916047681991697
43.45,-0.16572614485110013,-0.29943266635071447,0.13370652149961434
43.5,-0.02181758571946238,-0.136338691073908,0.11452110535444562
43.550000000000004,0.11033589663293077,0.04940473354230832,0.060931163090622444
43.6,0.20023431685010407,0.2049389771840593,-0.004704660333955224
43.650000000000006,0.23333037995254288,0.29537569139921094,-0.062045311446668056
43.7,0.21774903607532148,0.3099238409926991,-0.09217480491737762
43.75,0.17653624921097336,0.26018717202597746,-0.08365092281500411
43.800000000000004,0.1331476174292413,0.17792084876100311,-0.04477323133176181
43.85,0.10242448848692169,0.10887721818693147,-0.006452729700009777
43.900000000000006,0.09154159239374028,0.09545347299925196,-0.003911880605511675
43.95,0.10428977243883208,0.15196801359597617,-0.047678241157144086
44.0,0.1399812434122387,0.2506585766877788,-0.11067733327554011
44.050000000000004,0.1873795529199136,0.33483757919161933,-0.14745802627170573
44.1,0.22351672036545453,0.3546532360086015,-0.13113651564314696
44.150000000000006,0.22499605827955865,0.2994443643474113,-0.07444830606785263
44.2,0.18601390679404628,0.20128281484442745,-0.01526890805038117
44.25,0.12681548754501837,0.10862616264286074,0.018189324902157633
44.300000000000004,0.08154802940207904,0.05428857864483626,0.027259450757242787
44.35,0.07273741638325916,0.04365941197672034,0.02907800440653882
44.400000000000006,0.09360401769141098,0.06651610350909366,0.02708791418231732
44.45,0.11428150946593588,0.1129266365910214,0.0013548728749144812
44.5,0.10707950893992889,0.17414713687659908,-0.06706762793667019
44.550000000000004,0.0687065631914895,0.23114167130624633,-0.1624351081147568
44.6,0.020530412836321517,0.25116163498164024,-0.23063122214531873
44.650000000000006,-0.011440402001127241,0.20570576473007293,-0.21714616673120019
44.7,-0.017092206400534063,0.09775845229330815,-0.11485065869384221
44.75,-0.005141455093921355,-0.029516903079156834,0.024375447985235478
44.800000000000004,0.010957212761006637,-0.11708753889089808,0.1280447516519047
44.85,0.027265845917790667,-0.13054365480349256,0.15780950072128322
44.900000000000006,0.049169254073921725,-0.08225897533057694,0.13142822940449866
44.95,0.07938285277735418,-0.015867243814740348,0.09525009659209453
45.0,0.11005141108918667,0.03204212326738454,0.07800928782180214
45.050000000000004,0.129758069226684,0.05822995679406725,0.07152811243261675
45.1,0.13846485643029,0.08592776676445991,0.05253708966583008
45.150000000000006,0.15245155938858568,0.1359817493058804,0.01646981008270529
45.2,0.18999028941626828,0.20563695076031924,-0.01564666134405096
45.25,0.24884232303959888,0.2721773766725793,-0.023335053632980413
45.300000000000004,0.29770079209681444,0.3112115149467742,-0.013510722849959744
45.35,0.2929954342641571,0.3072151992294168,-0.014219764965259729
45.400000000000006,0.20938404503182806,0.2487216749355551,-0.03933762990372705
45.45,0.05899286310756228,0.12315042486942993,-0.06415756176186765
45.5,-0.11602242092453055,-0.07142778314263752,-0.04459463778189303
45.550000000000004,-0.2698901617801776,-0.3031140528421333,0.03322389106195567
45.6,-0.37605835430265877,-0.4995163755662555,0.12345802126359673
45.650000000000006,-0.4303139375026577,-0.5786730384489428,0.14835910094628513
45.7,-0.4377226460396382,-0.5035196657179749,0.06579701967833673
45.75,-0.4000738627821452,-0.3160231662337121,-0.08405069654843306
45.800000000000004,-0.3157319680454808,-0.11589834004801725,-0.19983362799746357
45.85,-0.1884284830575655,0.006371404502047829,-0.1947998875596133
45.900000000000006,-0.03249232351788416,0.031175429882253018,-0.06366775340013718
45.95,0.1322464086043995,0.01668292193690068,0.11556348666749883
46.0,0.28999551556342645,0.04672331591662385,0.2432721996468026
46.050000000000004,0.4320306989209718,0.1637684579046534,0.2682622410163184
46.1,0.5499957739687209,0.339914953540712,0.2100808204280089
46.150000000000006,0.6277302752878039,0.502454394758443,0.1252758805293609
46.2,0.6422938763550456,0.5848595524360921,0.057434323918953534
46.25,0.5756081724191601,0.5598623408388314,0.015745831580328717
46.300000000000004,0.42719702319132224,0.43658691070632505,-0.009389887515002804
46.35,0.21723357184870057,0.2389466568737342,-0.021713085025033635
46.400000000000006,-0.02180924324441104,-0.006935257589852201,-0.014873985654558837
46.45,-0.25711031696742165,-0.2682712006360626,0.01116088366864093
46.5,-0.46263132441158716,-0.500452623185016,0.03782129877342888
46.550000000000004,-0.620156577169812,-0.6589330055673109,0.03877642839749895
46.6,-0.7188186527083406,-0.7240080723463342,0.005189419637993686
46.650000000000006,-0.7561261056272736,-0.7147591086088243,-0.04136699701844926
46.7,-0.7381121149844577,-0.6741752235951537,-0.06393689138930403
46.75,-0.675140801683616,-0.6342790539668764,-0.04086174771673956
46.800000000000004,-0.5753559632811559,-0.5908877184148246,0.015531755133668668
46.85,-0.44279054988099065,-0.5108161049676011,0.06802555508661046
46.900000000000006,-0.283969808146719,-0.36573449536800035,0.08176468722128133
46.95,-0.11706983251796908,-0.1635706097115528,0.04650077719358371
47.0,0.027894512935881004,0.04855748465921003,-0.020662971723329027
47.050000000000004,0.12264803620772984,0.21091828411225472,-0.08827024790452488
47.1,0.15867692384669685,0.2852551561805063,-0.12657823233380944
47.150000000000006,0.15334956333166183,0.2722963190570017,-0.11894675572533986
47.2,0.13679952556036135,0.20512687869393137,-0.06832735313357002
47.25,0.12988640978984872,0.12831956362729613,0.0015668461625525931
47.300000000000004,0.1323689808056603,0.07737058891447986,0.054998391891180456
47.35,0.13076195194881982,0.06653505147595143,0.06422690047286839
47.400000000000006,0.11630112190485918,0.08633854064903175,0.02996258125582743
47.45,0.09431123365498964,0.1105319541764276,-0.016220720521437956
47.5,0.07654018623453175,0.11181595857093414,-0.03527577233640239
47.550000000000004,0.06685863470583335,0.08072963992827079,-0.013871005222437435
47.6,0.05786040802948243,0.03566879159059919,0.02219161643888324
47.650000000000006,0.043213479370040817,0.013564677344600947,0.029648802025439867
47.7,0.031526103815691514,0.04402193317508006,-0.012495829359388547
47.75,0.043363421286715435,0.1250019146040879,-0.08163849331737247
47.800000000000004,0.090092286690664,0.2200918776336467,-0.1299995909429827
47.85,0.15454747001994837,0.2812774294640729,-0.12672995944412455
47.900000000000006,0.1957861745699846,0.27991996846233536,-0.08413379389235076
47.95,0.1785533982404871,0.22181235980772107,-0.04325896156723397
48.0,0.1028579452669875,0.13651707846927458,-0.033659133202287084
48.050000000000004,0.00616450787332631,0.05337087469014595,-0.04720636681681964
48.1,-0.06515702016642635,-0.014105303734654715,-0.05105171643177164
48.150000000000006,-0.08992729815756567,-0.06488062557275684,-0.025046672584808832
48.2,-0.08165854740343076,-0.09708968015755796,0.015431132754127205
48.25,-0.06718005209402717,-0.10177713318762685,0.034597081093599685
48.300000000000004,-0.057379068389068096,-0.07075246526040944,0.013373396871341349
48.35,-0.03898080634026282,-0.00917459195262559,-0.029806214387637225
48.400000000000006,0.0063580496979237155,0.06194457628649164,-0.05558652658856792
48.45,0.077211831888219,0.11762274787092482,-0.04041091598270581
48.5,0.14831619083114062,0.14477099601991647,0.003545194811224145
48.550000000000004,0.19151909282996174,0.14798899845513636,0.043530094374825384
48.6,0.19999469582445112,0.14155722943999077,0.058437466384460346
48.650000000000006,0.1909604685545239,0.1366709637515668,0.054289504802957106
48.7,0.18474248293766865,0.13535822966594113,0.04938425327172752
48.75,0.1824329879017134,0.1337002780839616,0.048732709817751796
48.800000000000004,0.1653381568873523,0.12767118001614633,0.03766697687120596
48.85,0.1163427084829338,0.11478776708911281,0.00155494139382098
48.900000000000006,0.04052447035517849,0.09210570776776109,-0.051581237412582595
48.95,-0.03652327274299711,0.05604719126147863,-0.09257046400447574
49.0,-0.09069684733553919,0.006249423293573543,-0.09694627062911274
49.050000000000004,-0.11864473885860803,-0.05102947268443925,-0.06761526617416878
49.1,-0.13449441432945644,-0.10519250037619034,-0.029301913953266104
49.150000000000006,-0.14825115171199613,-0.1476232282379098,-0.0006279234740863282
49.2,-0.14957123719035095,-0.17432675453351176,0.02475551734316081
49.25,-0.11523039249519629,-0.18074381736743883,0.06551342487224254
49.300000000000004,-0.033949605242375044,-0.15530255002191706,0.12135294477954202
49.35,0.0761632719925932,-0.08342898747707982,0.15959225946967304
49.400000000000006,0.17555202823506336,0.03545356544517763,0.14009846278988572
49.45,0.2297127082097796,0.17189323326520647,0.057819474944573124
49.5,0.22989296954881341,0.2711134245701168,-0.041220455021303365
49.550000000000004,0.19064823594771482,0.2832241989541741,-0.09257596300645929
49.6,0.13036816697294593,0.1989078189975061,-0.06853965202456017
49.650000000000006,0.05637821140549007,0.06004238531620282,-0.003664173910712748
49.7,-0.03137152236927103,-0.06783550623530962,0.03646398386603859
49.75,-0.1254150762615103,-0.14168219841188445,0.016267122150374153
49.800000000000004,-0.20416089442854107,-0.16791535374389788,-0.036245540684643196
49.85,-0.24343203948573228,-0.18730032001212682,-0.05613171947360546
49.900000000000006,-0.23556359536211932,-0.23140946033229368,-0.004154135029825645
49.95,-0.19625225844460464,-0.28977184017720486,0.09351958173260022
50.0,-0.1512466469819663,-0.31738733306467387,0.16614068608270757
50.050000000000004,-0.11546008756841261,-0.2759096661569042,0.1604495785884916
50.1,-0.08475194791167619,-0.17147821388700019,0.086726265975324
50.150000000000006,-0.047573808553597795,-0.05535542277852448,0.007781614224926688
50.2,-0.0035243656707510465,0.01321510962789388,-0.016739475298644925
50.25,0.030732850114944022,0.009786310691860799,0.02094653942308322
50.300000000000004,0.03439570256081051,-0.042200878556405315,0.07659658111721582
50.35,0.001273130911112712,-0.09584076269613835,0.09711389360725106
50.400000000000006,-0.054239202567958215,-0.11864402718736398,0.06440482461940578
50.45,-0.10940507791286583,-0.11171220850497686,0.0023071305921110313
50.5,-0.15107873291994173,-0.09828187098113719,-0.052796861938804535
50.550000000000004,-0.18200132689740559,-0.097283716269515,-0.08471761062789059
50.6,-0.21053377833411394,-0.1073403426669478,-0.10319343566716614
50.650000000000006,-0.23527936201598038,-0.1125465243810321,-0.12273283763494827
50.7,-0.2402784839919267,-0.09970606244794208,-0.1405724215439846
50.75,-0.20548390360500116,-0.06840189516009149,-0.13708200844490967
50.800000000000004,-0.1228752929409234,-0.02600651307653098,-0.09686877986439242
50.85,-0.004548211641380254,0.02357520920007008,-0.028123420841450333
50.900000000000006,0.12242402076500077,0.08318674831715384,0.03923727244784693
50.95,0.22842846894014787,0.1536017328678571,0.07482673607229076
51.0,0.2917484646710337,0.22268726694817897,0.06906119772285474
51.050000000000004,0.3028800402510567,0.26607917935661296,0.03680086089444373
51.1,0.26473529976298044,0.26210905895138537,0.002626240811595071
51.150000000000006,0.19141571376500446,0.20933101331947274,-0.017915299554468272
51.2,0.10495629685408407,0.1309746067534591,-0.026018309899375022
51.25,0.028330955483083654,0.06103668828225531,-0.032705732799171654
51.300000000000004,-0.023429799781090572,0.02226403394404125,-0.04569383372513182
51.35,-0.04825708321481014,0.013263461408047156,-0.0615205446228573
51.400000000000006,-0.053932721241146245,0.01448824571070854,-0.06842096695185479
51.45,-0.0492216616030385,0.007477176548134806,-0.056698838151173304
51.5,-0.03681301187008681,-0.008638124090804156,-0.02817488777928265
51.550000000000004,-0.013672686138116317,-0.01648018588423274,0.0028074997461164236
51.6,0.022918505456974048,0.004476551778110968,0.01844195367886308
51.650000000000006,0.0704762894297052,0.059760949732801064,0.010715339696904136
51.7,0.1221746243853079,0.13342612048686697,-0.011251496101559066
51.75,0.17139259404362736,0.19820591540137494,-0.026813321357747583
51.800000000000004,0.21432958978510436,0.23393286821136353,-0.01960327842625917
51.85,0.2482903049138035,0.23960600022936815,0.008684304684435346
51.900000000000006,0.26900025819241197,0.23010222561578364,0.03889803257662833
51.95,0.2715497283458356,0.22111560306512432,0.050434125280711256
52.0,0.2546975254060078,0.21512035748030844,0.039577167925699375
52.050000000000004,0.22318171165929748,0.19963293354990358,0.023548778109393903
52.1,0.18393806690618908,0.1584518044209841,0.02548626248520497
52.150000000000006,0.1390283600136035,0.08599061784095947,0.05303774217264402
52.2,0.08290485345712673,-0.007004643177752304,0.08990949663487903
52.25,0.008190441187358503,-0.10023224904044324,0.10842269022780174
52.300000000000004,-0.08475747327014216,-0.17678221499546884,0.09202474172532668
52.35,-0.18414603894341106,-0.23203707333700554,0.04789103439359449
52.400000000000006,-0.2735255410629905,-0.27308816613078496,-0.00043737493220552537
52.45,-0.3432286939289517,-0.3112820786715232,-0.031946615257428534
52.5,-0.3955839120338193,-0.3544707514608742,-0.04111316057294512
52.550000000000004,-0.43893325238623787,-0.403146673233253,-0.03578657915298489
52.6,-0.47654636201028444,-0.4500765210569346,-0.026469840953349866
52.650000000000006,-0.5013211465822645,-0.48158321186101977,-0.019737934721244688
52.7,-0.5008065425529744,-0.48072177457647947,-0.020084767976494944
52.75,-0.46647059547919933,-0.4338646510952736,-0.03260594438392572
52.800000000000004,-0.3975739529064747,-0.33925890937605374,-0.05831504353042094
52.85,-0.2970022808605325,-0.21144823810446045,-0.08555404275607204
52.900000000000006,-0.1658966216281607,-0.07542418082231407,-0.09047244080584664
52.95,-0.005155543336424281,0.04823401311280685,-0.053389556449231136
53.0,0.17661853832976454,0.15662358526836495,0.01999495306139959
53.050000000000004,0.3578061381874808,0.26388894466269164,0.09391719352478917
53.1,0.5088430677457549,0.3843520638845441,0.12449100386121081
53.150000000000006,0.604935543315762,0.5114854327639752,0.09345011055178687
53.2,0.6353243621038803,0.6107477510354808,0.02457661106839948
53.25,0.6013483160079036,0.6350085381905133,-0.03366022218260967
53.300000000000004,0.5074985702964362,0.5534564218968178,-0.04595785160038157
53.35,0.3572172722675111,0.373436644975224,-0.016219372707712898
53.400000000000006,0.15952583890061295,0.13947601961508935,0.0200498192855236
53.45,-0.06083255713839247,-0.08924124841503174,0.028408691276639274
53.5,-0.2635055274203528,-0.2666662737110866,0.0031607462907337625
53.550000000000004,-0.40802271106688137,-0.37518080535971565,-0.03284190570716572
53.6,-0.47396188771409453,-0.42204018535954163,-0.0519217023545529
53.650000000000006,-0.4685864540902377,-0.4241675447954782,-0.0444189092947595
53.7,-0.41535415450968893,-0.39388902305504114,-0.02146513145464779
53.75,-0.3345099732391886,-0.33384741729127965,-0.0006625559479089271
53.800000000000004,-0.2339663577452263,-0.2413897172692817,0.007423359524055401
53.85,-0.11734940154287893,-0.11757976686238382,0.00023036531950489103
53.900000000000006,0.0021756146753529014,0.02500609847615706,-0.022830483800804158
53.95,0.0999262069617741,0.16052650805569582,-0.06060030109392173
54.0,0.15452609579399,0.256975776051881,-0.102449680257891
54.050000000000004,0.16570855177366364,0.2907449073212671,-0.12503635554760348
54.1,0.15611744641261585,0.26117015913815184,-0.10505271272553598
54.150000000000006,0.15280848718294054,0.1942382660587012,-0.04142977887576066
54.2,0.1644916559405457,0.12946639356808057,0.035025262372465144
54.25,0.17594725404170974,0.09626904414879003,0.07967820989291971
54.300000000000004,0.16538788567115453,0.0964941275920826,0.06889375807907193
54.35,0.12870320343262875,0.10755700292461272,0.021146200508016036
54.400000000000006,0.08772999470994704,0.10487898836007906,-0.01714899365013202
54.45,0.07450201930190037,0.08547685227775356,-0.010974832975853194
54.5,0.10549760821037947,0.07214536394180822,0.03335224426857125
54.550000000000004,0.16836600123707787,0.0935879191986804,0.07477808203839748
54.6,0.23139523385546537,0.15697521308263207,0.0744200207728333
54.650000000000006,0.26575794474160347,0.236721724839915,0.029036219901688476
54.7,0.2613577264566761,0.2896006646142107,-0.02824293815753459
54.75,0.22578559282647406,0.2837194635074133,-0.05793387068093922
54.800000000000004,0.17204817599062114,0.2177300436520503,-0.04568186766142915
54.85,0.10854904047033011,0.11655224147351553,-0.008003201003185426
54.900000000000006,0.03883572150973008,0.010797861001165025,0.028037860508565056
54.95,-0.032632646508684915,-0.08066139070242838,0.048028744193743464
55.0,-0.09710585511090458,-0.1522047810503277,0.055098925939423116
55.050000000000004,-0.1440881581678558,-0.20149752387915776,0.05740936571130195
55.1,-0.1662479368722625,-0.22256348977368584,0.056315552901423344
55.150000000000006,-0.16182724352817499,-0.21024951607203182,0.04842227254385684
55.2,-0.13411412098405742,-0.17004248095967137,0.035928359975613944
55.25,-0.09099025460693677,-0.12044727909171653,0.029457024484779756
55.300000000000004,-0.04559562199952259,-0.08299178979220805,0.03739616779268545
55.35,-0.01498218967283022,-0.06856117523632617,0.05357898556349595
55.400000000000006,-0.013792606290567534,-0.07332078859811599,0.05952818230754845
55.45,-0.0457127294147801,-0.08792837037726332,0.042215640962483224
55.5,-0.10028334067273358,-0.1100812093463929,0.009797868673659324
55.550000000000004,-0.1597605333630139,-0.14708556700716188,-0.012674966355852024
55.6,-0.21144655822281688,-0.20565345568100396,-0.005793102541812922
55.650000000000006,-0.2546017419268861,-0.2795723140014918,0.02497057207460568
55.7,-0.29524869691792804,-0.3483052306693902,0.05305653375146213
55.75,-0.33383035858895344,-0.38858606970917087,0.05475571112021743
55.800000000000004,-0.35829832184315674,-0.38820796923508066,0.02990964739192392
55.85,-0.3505443007517024,-0.34969670515494383,-0.0008475955967585658
55.900000000000006,-0.3011348530733486,-0.28252528258965026,-0.018609570483698323
55.95,-0.21876681429614953,-0.1940301058142512,-0.024736708481898323
56.0,-0.12535119681853868,-0.0890567263800192,-0.03629447043851948
56.050000000000004,-0.04085966575901731,0.02288876938919294,-0.06374843514821026
56.1,0.028845618411926843,0.1239738956787303,-0.09512827726680345
56.150000000000006,0.09148721323138446,0.1959567197817909,-0.10446950655040645
56.2,0.15740757583486684,0.2346474927237262,-0.07723991688885937
56.25,0.22893410799317604,0.25640490996351706,-0.02747080197034102
56.300000000000004,0.29851627132721187,0.28731833923381295,0.011197932093398921
56.35,0.3548038323503106,0.3417242401702787,0.013079592180031907
56.400000000000006,0.38955344279420423,0.40813461883551316,-0.018581176041308933
56.45,0.40014097379833896,0.4557263954573365,-0.05558542165899755
56.5,0.3884263010989826,0.4570278590924649,-0.06860155799348233
56.550000000000004,0.359330551039815,0.40831631700627685,-0.04898576596646187
56.6,0.3198082668610089,0.3313658924878666,-0.011557625626857693
56.650000000000006,0.2760054943312307,0.2562179873175498,0.019787507013680927
56.7,0.22828601546700317,0.19983213002261613,0.02845388544438704
56.75,0.16856904222721925,0.15693380492163125,0.011635237305587992
56.800000000000004,0.0851687156556029,0.10760259222487202,-0.022433876569269123
56.85,-0.02605803681060448,0.03302263837480062,-0.0590806751854051
56.900000000000006,-0.15322620398922668,-0.07265559793480661,-0.08057060605442007
56.95,-0.2715564780164385,-0.19985428895878643,-0.07170218905765208
57.0,-0.35728655524546005,-0.3279479708367335,-0.029338584408726553
57.050000000000004,-0.40087612496295333,-0.43170748046279833,0.030831355499845003
57.1,-0.4078918549206548,-0.48799938880292354,0.08010753388226877
57.150000000000006,-0.38767846874523365,-0.4830561004745592,0.09537763172932556
57.2,-0.34215855080036195,-0.4186448070314953,0.07648625623113336
57.25,-0.2669672790558823,-0.3127071738892981,0.045739894833415784
57.300000000000004,-0.16399798996260812,-0.19186819340150976,0.027870203438901647
57.35,-0.05154211165947444,-0.07966288658196388,0.02812077492248944
57.400000000000006,0.04064097442193462,0.011021918776290173,0.02961905564564445
57.45,0.08914542404505375,0.07594702991482358,0.013198394130230176
57.5,0.09183335260351318,0.11171218770992997,-0.01987883510641679
57.550000000000004,0.06600538111815159,0.11195683911660008,-0.04595145799844849
57.6,0.032119801496956105,0.07340517906325386,-0.04128537756629776
57.650000000000006,-0.0006437492986466602,0.006560742190011377,-0.007204491488658037
57.7,-0.03331998654275353,-0.061158917103295504,0.027838930560541972
57.75,-0.06366331660169873,-0.0968691411048368,0.03320582450313807
57.800000000000004,-0.07675249872433036,-0.08160793051169032,0.004855431787359962
57.85,-0.05216953872816492,-0.0219352225982271,-0.030234316129937818
57.900000000000006,0.01746127441650944,0.05672616107970602,-0.03926488666319658
57.95,0.1148245861667204,0.12961726559348058,-0.014792679426760186
58.0,0.20596971409366627,0.18786598123622145,0.01810373285744482
58.050000000000004,0.26209085819347205,0.2362549370012519,0.02583592119222014
58.1,0.27584429325974574,0.27713981412929367,-0.0012955208695479281
58.150000000000006,0.2586921105587158,0.2978795764808078,-0.03918746592209199
58.2,0.22434522707512838,0.27624516421498596,-0.05189993713985758
58.25,0.17595435678776555,0.20068328201787192,-0.024728925230106363
58.300000000000004,0.10899497033349759,0.08652910276950217,0.02246586756399542
58.35,0.024548712656184198,-0.028993449174675875,0.05354216183086007
58.400000000000006,-0.06287939261941669,-0.11130581070519424,0.04842641808577755
58.45,-0.13222991440219586,-0.15203157674336354,0.019801662341167675
58.5,-0.17061063617006736,-0.17043624452918885,-0.0001743916408785129
58.550000000000004,-0.18084801758405505,-0.19102395471980163,0.010175937135746577
58.6,-0.17483486165597992,-0.21777275697261272,0.04293789531663281
58.650000000000006,-0.16070165649790855,-0.22951851131776765,0.06881685481985911
58.7,-0.13766890183409608,-0.20190107200952787,0.06423217017543179
58.75,-0.1031226623111357,-0.13579321654263535,0.03267055423149964
58.800000000000004,-0.06253925158925226,-0.06411393162978193,0.0015746800405296718
58.85,-0.029676525775267158,-0.02729117278306192,-0.0023853529922052384
58.900000000000006,-0.015408467681569884,-0.03698979055540762,0.02158132287383773
58.95,-0.01668497120623466,-0.0612260377895847,0.04454106658335004
59.0,-0.01794743151112825,-0.04768820142199914,0.029740769910870886
59.050000000000004,-0.004725581120747769,0.031322995986299854,-0.03604857710704762
59.1,0.02360838812760055,0.15010713447777596,-0.1264987463501754
59.150000000000006,0.05430482250686514,0.24360804716688675,-0.1893032246600216
59.2,0.07392117472108768,0.2555439460101991,-0.18162277128911142
59.25,0.0801733415454115,0.182256878070708,-0.1020835365252965
59.300000000000004,0.08157102508140314,0.07626260900181286,0.005308416079590275
59.35,0.08657705213876268,0.006542352342629242,0.08003469979613344
59.400000000000006,0.09447191386743473,0.008212269269926112,0.08625964459750861
59.45,0.09717373108599547,0.061816629161630395,0.03535710192436508
59.5,0.0888932909405446,0.11616756588148536,-0.027274274940940757
59.550000000000004,0.07245726209389106,0.13205975545878512,-0.059602493364894066
59.6,0.05581433853838222,0.10918253642803909,-0.05336819788965687
59.650000000000006,0.043781801603503534,0.07678312608039725,-0.03300132447689372
59.7,0.03525925236793999,0.061901139821808795,-0.026641887453868807
59.75,0.029191384100309158,0.06679133060390745,-0.03759994650359829
59.800000000000004,0.031600603417798426,0.07476479528586576,-0.04316419186806733
59.85,0.05382406511644595,0.07478024971242678,-0.02095618459598083
59.900000000000006,0.1016888820429656,0.07772513591433715,0.02396374612862845
59.95,0.16628947262581614,0.10707574890708874,0.05921372371872741
60.0,0.22677348911063508,0.17276450203745883,0.05400898707317625
60.050000000000004,0.2635899566455515,0.25387809427722713,0.009711862368324387
60.1,0.26961613872205614,0.3076022780417278,-0.03798613931967165
60.150000000000006,0.24869213048691574,0.2974043601282434,-0.04871222964132765
60.2,0.20460370350552923,0.21648259696496985,-0.011878893459440626
60.25,0.1340527837852909,0.08829689289855044,0.04575589088674045
60.300000000000004,0.032894325079163726,-0.052591923238363154,0.08548624831752688
60.35,-0.09016739984274456,-0.18032586489014663,0.09015846504740206
60.400000000000006,-0.2081165409568624,-0.2828740185611471,0.07475747760428467
60.45,-0.28753126998245004,-0.35427247753451163,0.06674120755206159
60.5,-0.3098573043108874,-0.38780365370379416,0.07794634939290673
60.550000000000004,-0.2837446022362893,-0.3795066095538213,0.09576200731753204
60.6,-0.23758618268036705,-0.3371556355791716,0.09956945289880456
60.650000000000006,-0.19945530170107784,-0.28219323864367346,0.08273793694259562
60.7,-0.1823093171040411,-0.23935230624424858,0.05704298914020747
60.75,-0.18530782078739017,-0.22247615871652035,0.037168337929130185
60.800000000000004,-0.20526372687766156,-0.22982541779467897,0.024561690917017404
60.85,-0.2431846738184711,-0.2523492240146225,0.009164550196151422
60.900000000000006,-0.2983990156107939,-0.28454649169983415,-0.013852523910959758
60.95,-0.3580441430064991,-0.3250153304510763,-0.03302881255542284
61.0,-0.395978041913076,-0.3659368668868245,-0.030041175026251532
61.050000000000004,-0.38570844498446316,-0.38471043785961734,-0.0009980071248458233
61.1,-0.3169427559029031,-0.3510397236502133,0.03409696774731019
61.150000000000006,-0.2009088622140845,-0.24746124107879705,0.04655237886471256
61.2,-0.06042388951901128,-0.08585742999527579,0.02543354047626451
61.25,0.08466602606983879,0.09642581225173073,-0.01175978618189194
61.300000000000004,0.22286279438186268,0.25921816203878634,-0.036355367656923654
61.35,0.3445299254564627,0.3815732395039156,-0.03704331404745287
61.400000000000006,0.43400587095610915,0.46439081746807814,-0.03038494651196899
61.45,0.4718631243227724,0.5136647645929249,-0.041801640270152485
61.5,0.44706263705028904,0.5232728090398522,-0.07621017198956315
61.550000000000004,0.36710169088904565,0.4762491061650475,-0.10914741527600186
61.6,0.255398258906827,0.36440812651673726,-0.10900986760991027
61.650000000000006,0.13781457543836015,0.20685407053519123,-0.06903949509683108
61.7,0.030790126723432867,0.04758270258763584,-0.016792575864202974
61.75,-0.05909699108903152,-0.06840662203084585,0.009309630941814334
61.800000000000004,-0.12694219964647444,-0.12098516190238476,-0.005957037744089677
61.85,-0.16423764001053717,-0.121571766444664,-0.042665873565873175
61.900000000000006,-0.16358925301619404,-0.09720282126149658,-0.06638643175469745
61.95,-0.12813314721626673,-0.06820883695004572,-0.05992431026622101
62.0,-0.07398635830882812,-0.03880956003660038,-0.035176798272227736
62.050000000000004,-0.02098192519507591,-0.005176166478193458,-0.015805758716882452
62.1,0.0202577997094625,0.03128490339776247,-0.011027103688299972
62.150000000000006,0.052234246475485004,0.060250705948417575,-0.008016459472932572
62.2,0.08175744794875682,0.0709063288342206,0.01085111911453622
62.25,0.10792049563276633,0.06190194333408611,0.046018552298680224
62.300000000000004,0.11975059761275951,0.04182534300349578,0.07792525460926372
62.35,0.10617478743918991,0.02041104305198577,0.08576374438720415
62.400000000000006,0.06783959256612335,0.0005664484746845482,0.0672731440914388
62.45,0.0182372659905808,-0.020694575771657817,0.038931841762238614
62.5,-0.027294458535859014,-0.045047258389705004,0.01775279985384599
62.550000000000004,-0.06359417792525253,-0.06896006321272086,0.005365885287468328
62.6,-0.09680986458714198,-0.0880989781830199,-0.008710886404122084
62.650000000000006,-0.13425190716730903,-0.1044102711979887,-0.029841635969320338
62.7,-0.17403077828561989,-0.12604285856230715,-0.04798791972331273
62.75,-0.20496499981475236,-0.1577956992570614,-0.047169300557690946
62.800000000000004,-0.21578456050012157,-0.19110739130531804,-0.024677169194803533
62.85,-0.2030177639297993,-0.20501145592398565,0.0019936919941863362
62.900000000000006,-0.16944143362179934,-0.1794525688796774,0.010011135257878057
62.95,-0.11638642178533198,-0.10988058480078078,-0.006505836984551205
63.0,-0.04052148574172417,-0.01022859001558149,-0.03029289572614268
63.050000000000004,0.05940341926572167,0.09755271415142566,-0.03814929488570399
63.1,0.17244167893564566,0.1965993300378156,-0.02415765110216994
63.150000000000006,0.2740212476810138,0.27886559735213096,-0.004844349671117132
63.2,0.3374745817602662,0.338585277013918,-0.0011106952536518166
63.25,0.3495198130284177,0.36582935259615507,-0.01630953956773734
63.300000000000004,0.3160246940929177,0.3497501654884428,-0.033725471395525064
63.35,0.25362332952890865,0.2892355678651363,-0.035612238336227675
63.400000000000006,0.1764419896486544,0.19894827805389304,-0.022506288405238634
63.45,0.09103871772305944,0.10230805151132727,-0.011269333788267832
63.5,0.002784244236932392,0.01667749281025722,-0.013893248573324829
63.550000000000004,-0.0759536799980028,-0.05485763772116862,-0.021096042276834183
63.6,-0.12738934857946396,-0.11672216346393695,-0.010667185115527014
63.650000000000006,-0.14007190596182198,-0.16643241822794266,0.026360512266120684
63.7,-0.11904942074962002,-0.18887694523640233,0.06982752448678231
63.75,-0.08293882076331242,-0.16761978779419845,0.08468096703088603
63.800000000000004,-0.04938644193670583,-0.10370165274556764,0.054315210808861814
63.85,-0.022642224806903085,-0.022917977684861215,0.00027575287795813044
63.900000000000006,0.004689546900742104,0.038013520479670625,-0.03332397357892852
63.95,0.0379809778028093,0.05605123331585792,-0.018070255513048625
64.0,0.06958103786363226,0.0359834145486364,0.03359762331499586
64.05,0.08250905277472184,0.0022085146013023217,0.08030053817341952
64.10000000000001,0.06578324949481228,-0.02319373424802881,0.08897698374284109
64.15,0.026101092082230107,-0.03564727601332096,0.061748368095551065
64.2,-0.01621573998204984,-0.04431067746173059,0.02809493747968075
64.25,-0.04363791418331744,-0.056536421271918755,0.012898507088601317
64.3,-0.054694513366557784,-0.06847793914594949,0.013783425779391706
64.35000000000001,-0.06182765041694723,-0.07136304171917804,0.009535391302230807
64.4,-0.07666538201640578,-0.06485079146535404,-0.011814590551051746
64.45,-0.09729742857241183,-0.06053281792239514,-0.03676461065001669
64.5,-0.10930805960081554,-0.06922365205405316,-0.040084407546762374
64.55,-0.09854856907469847,-0.0843704686401494,-0.014178100434549076
64.60000000000001,-0.06298046582883494,-0.08073692335401408,0.01775645752517914
64.65,-0.013278640861242537,-0.03402994663637036,0.02075130577512782
64.7,0.03644149153505775,0.05426904035150235,-0.017827548816444605
64.75,0.07778475212710546,0.1504907780367914,-0.07270602590968593
64.8,0.10942574419966282,0.20964059345651317,-0.10021484925685036
64.85000000000001,0.13213585350281495,0.207828449974004,-0.07569259647118903
64.9,0.14466624092110741,0.15912769060122978,-0.014461449680122362
64.95,0.14461401743194552,0.10252380895077043,0.04209020848117509
65.0,0.13145430422346285,0.07024518481736555,0.0612091194060973
65.05,0.10664173617273305,0.06412510151593673,0.04251663465679632
65.10000000000001,0.07039104765311616,0.05849852461825491,0.011892523034861248
65.15,0.020192554581477166,0.024827418305875242,-0.004634863724398076
65.2,-0.04492052277460527,-0.0440139499942853,-0.0009065727803199766
65.25,-0.11738566630276137,-0.1288964717704905,0.011510805467729118
65.3,-0.17946901002069948,-0.19979345191340564,0.020324441892706158
65.35000000000001,-0.21141966319986982,-0.23596945726119853,0.024549794061328706
65.4,-0.20427060711320824,-0.23498657924987967,0.030715972136671432
65.45,-0.16632702251916193,-0.20712941975718163,0.040802397238019705
65.5,-0.11705410955488019,-0.16434107286564414,0.04728696331076396
65.55,-0.07336164617052149,-0.11437356475275634,0.04101191858223485
65.60000000000001,-0.040227572666319704,-0.06269948524595174,0.02247191257963204
65.65,-0.013222738111859339,-0.016555033355221925,0.003332295243362586
65.7,0.010996530003700149,0.01505253020081115,-0.004056000197111002
65.75,0.02749994540903962,0.02570456284040641,0.0017953825686332081
65.8,0.026596540420251003,0.015632248763956063,0.01096429165629494
65.85000000000001,0.004446802669038966,-0.008446729815726627,0.012893532484765593
65.9,-0.03003027787637271,-0.03705715226531822,0.00702687438894551
65.95,-0.059306137978789475,-0.061654852931318,0.002348714952528523
66.0,-0.06937114577961688,-0.07605702414520658,0.006685878365589704
66.05,-0.05947852405321715,-0.07661974907489766,0.017141225021680508
66.10000000000001,-0.04152267414088918,-0.06310579960130568,0.021583125460416498
66.15,-0.030250460147380635,-0.040017698595964886,0.00976723844858425
66.2,-0.03276625515363879,-0.016037629683784707,-0.016728625469854083
66.25,-0.045175752815311804,-0.0002155855560708308,-0.04496016725924097
66.3,-0.057444940992291714,0.0030719101201852187,-0.060516851112476934
66.35000000000001,-0.06124807580338824,-0.003561993374187568,-0.05768608242920067
66.4,-0.05460054502403695,-0.01286016164414121,-0.041740383379895746
66.45,-0.04083920567402483,-0.017716910377984067,-0.023122295296040766
66.5,-0.023972760780225495,-0.014224641794537127,-0.009748118985688368
66.55,-0.00438877354188239,-0.0010397471465346435,-0.0033490263953477465
66.60000000000001,0.02192798167683834,0.022803124319235674,-0.0008751426423973321
66.65,0.05982418969641971,0.05804003827352936,0.0017841514228903524
66.7,0.10890345867658642,0.10241142399601864,0.0064920346805677764
66.75,0.15900870344233597,0.14797892149367006,0.011029781948665912
66.8,0.19159072330369908,0.1822151330940898,0.009375590209609291
66.85000000000001,0.18823493384925455,0.1931026950685009,-0.0048677612192463415
66.9,0.1421623391447742,0.17446233897479665,-0.03229999983002246
66.95,0.06471710788106971,0.12749528294283252,-0.06277817506176281
67.0,-0.019056814631978773,0.05845084260632241,-0.07750765723830119
67.05,-0.0838697887193061,-0.023775389063910735,-0.06009439965539537
67.10000000000001,-0.11725127342847216,-0.10685568324726132,-0.010395590181210848
67.15,-0.1225121124139781,-0.17256668468368114,0.05005457226970304
67.2,-0.1100676666898897,-0.19809052917200534,0.08802286248211565
67.25,-0.08552160267582896,-0.16471597372168686,0.0791943710458579
67.3,-0.04555813455920757,-0.07058181725229636,0.025023682693088786
67.35000000000001,0.014757068068324854,0.061882359143980006,-0.04712529107565515
67.4,0.09060647682098741,0.19183126504237175,-0.10122478822138434
67.45,0.16357650245796546,0.2782994385432912,-0.11472293608532574
67.5,0.2103555488046186,0.3002539395027845,-0.08989839069816591
67.55,0.21752898954336114,0.2653167343883334,-0.04778774484497228
67.60000000000001,0.1902239517833916,0.20154887038352454,-0.011324918600132933
67.65,0.14746369577549565,0.13855077489532447,0.008912920880171177
67.7,0.10830381195422444,0.09121487010476836,0.01708894184945607
67.75,0.0800395636286957,0.056455457995817235,0.023584105632878466
67.8,0.05703081982056358,0.022874317930353927,0.03415650189020965
67.85000000000001,0.029220685531371113,-0.016071503438496594,0.04529218896986771
67.9,-0.008033098347945248,-0.05616289049829079,0.048129792150345546
67.95,-0.05068105247580514,-0.08744542269129023,0.036764370215485086
68.0,-0.09032013605282074,-0.10457415694524687,0.014254020892426125
68.05,-0.1208586425640081,-0.11286897978728093,-0.007989662776727177
68.10000000000001,-0.14150129817703128,-0.12458364655776077,-0.016917651619270502
68.15,-0.15442379948044066,-0.14832256215640932,-0.006101237324031339
68.2,-0.16031582012397189,-0.1803001991594969,0.019984379035525024
68.25,-0.156214571890948,-0.2047256460706519,0.048511074179703906
68.3,-0.13749564925513372,-0.20341386851227902,0.0659182192571453
68.35000000000001,-0.10228664540743991,-0.1676696681792082,0.06538302277176829
68.4,-0.054757831115839914,-0.10404704935429086,0.04928921823845095
68.45,-0.004647243859949835,-0.030517976801790903,0.025870732941841067
68.5,0.03695862219372543,0.0333830979620021,0.0035755242317233246
68.55,0.0629260634528216,0.07529381204920206,-0.012367748596380457
68.60000000000001,0.0728688877638573,0.0926552925278149,-0.0197864047639576
68.65,0.07147972837631472,0.08964102264584958,-0.01816129426953486
68.7,0.06383051935105151,0.07262513744318978,-0.008794618092138273
68.75,0.05171163718984534,0.04795326567158336,0.0037583715182619784
68.8,0.03437708672357212,0.022295122213591326,0.012081964509980794
68.85000000000001,0.012970655286440638,0.0030875498831771596,0.009883105403263478
68.9,-0.006154532341924036,-0.0030201890238765686,-0.003134343318047467
68.95,-0.013771653683989023,0.006857425688320754,-0.02062907937230978
69.0,-0.005074348139781271,0.029942777929533697,-0.035017126069314966
69.05,0.014483766354174083,0.05872717167850762,-0.04424340532433354
69.10000000000001,0.03136203307549231,0.08405529158795011,-0.0526932585124578
69.15,0.03393778121458168,0.09817280815134029,-0.06423502693675862
69.2,0.02230024101463835,0.0963499740458055,-0.07404973303116716
69.25,0.008733007998358192,0.0775719824591833,-0.06883897446082511
69.3,0.007593920497341534,0.04538720686998165,-0.037793286372640116
69.35000000000001,0.02318879890220732,0.008593387728426332,0.014595411173780987
69.4,0.04654409092757252,-0.020153869618429063,0.06669796054600158
69.45,0.06385923528000631,-0.029101702862474627,0.09296093814248094
69.5,0.06834471318999479,-0.013846856899103243,0.08219157008909803
69.55,0.06403319360252126,0.018816906527665017,0.04521628707485624
69.60000000000001,0.058348853528459664,0.053167551593035094,0.00518130193542457
69.65,0.051706589014967885,0.07226978246191798,-0.020563193446950095
69.7,0.03553184944660885,0.06625786599284088,-0.030726016546232027
69.75,0.0014468959919445496,0.03588319198063473,-0.03443629598869018
69.8,-0.04738407173024605,-0.010104199538416358,-0.0372798721918297
69.85000000000001,-0.09453087850254523,-0.06044475759155628,-0.03408612091098895
69.9,-0.1207102993621416,-0.10506433263711908,-0.015645966725022525
69.95,-0.11690087800827023,-0.13526634599853427,0.018365467990264034
70.0,-0.08831378103563033,-0.1428281230084507,0.05451434197282039
70.05,-0.04688168912286835,-0.12151003336118367,0.07462834423831533
70.10000000000001,-0.0013170845929774497,-0.07149138189768896,0.0701742973047115
70.15,0.04487366525023769,-0.0032073385634901115,0.048081003813727805
70.2,0.08691359204209159,0.06384672154766324,0.02306687049442835
70.25,0.1134547570970145,0.10833753798212505,0.005117219114889451
70.3,0.11113978772421577,0.11648190859662205,-0.005342120872406278
70.35000000000001,0.07630693898329992,0.08776130886760222,-0.011454369884302304
70.4,0.021647408802635857,0.033698327507916244,-0.012050918705280387
70.45,-0.030938824971056784,-0.028761398377887815,-0.0021774265931689685
70.5,-0.06631768461625133,-0.08464259740150909,0.01832491278525776
70.55,-0.08611305626722929,-0.12517117073752948,0.03905811447030019
70.60000000000001,-0.1029144525640827,-0.14799564063588247,0.04508118807179977
70.65,-0.12446576604740159,-0.15510697336644882,0.030641207319047237
70.7,-0.14391566552690624,-0.15050410240832332,0.006588436881417081
70.75,-0.14623472730201192,-0.13848814993382005,-0.00774657736819187
70.8,-0.12429676575255265,-0.122538421675104,-0.0017583440774486536
70.85000000000001,-0.08791147901759125,-0.10477138463415489,0.016859905616563642
70.9,-0.05611449317653234,-0.08627179061821229,0.03015729744167995
70.95,-0.04030411057625507,-0.0681874156128231,0.02788330503656803
71.0,-0.03544559371004288,-0.05262496282534411,0.017179369115301227
71.05,-0.028274492111546076,-0.04222741559562196,0.013952923484075883
71.10000000000001,-0.013611330441654492,-0.038434671213286156,0.024823340771631664
71.15,-0.0011889216766172547,-0.03990152763583308,0.03871260595921582
71.2,-0.005229591536230849,-0.042759995460701916,0.037530403924471066
71.25,-0.02742512310015652,-0.04286176283071234,0.015436639730555816
71.3,-0.051636862984958266,-0.0381842641705843,-0.013452598814373967
71.35000000000001,-0.057043518874808886,-0.029224295421743027,-0.02781922345306586
71.4,-0.03722555760110323,-0.017001410866245938,-0.02022414673485729
71.45,-0.0058288693234128785,-0.0006507697032326451,-0.005178099620180234
71.5,0.017377778078357074,0.022803889128955923,-0.005426111050598849
71.55,0.02617690708294287,0.05578743748078664,-0.02961053039784377
71.60000000000001,0.03317720425779691,0.0966524935170141,-0.0634752892592172
71.65,0.05497098492717952,0.13840937711073587,-0.08343839218355634
71.7,0.09213849492472936,0.17117478294275024,-0.07903628801802087
71.75,0.12484227568288185,0.18684297153563775,-0.0620006958527559
71.8,0.12941117884957903,0.18274041835753105,-0.053329239507952014
71.85000000000001,0.10017178715731377,0.16191113873452137,-0.0617393515772076
71.9,0.055230978575804016,0.13032332400551647,-0.07509234542971245
71.95,0.020619060508202478,0.09345765948951457,-0.07283859898131209
72.0,0.00835905296359717,0.05481213705100055,-0.04645308408740338
72.05,0.00945720615116085,0.01703125384930385,-0.007574047698142999
72.10000000000001,0.007408421533494408,-0.015781352592155944,0.02318977412565035
72.15,-0.0025590844529621154,-0.03691584494355829,0.034356760490596175
72.2,-0.008180770539247529,-0.038612510276120234,0.030431739736872705
72.25,0.006416627755664124,-0.015989546835332612,0.02240617459099674
72.3,0.04280944196714716,0.028753320688743363,0.014056121278403794
72.35000000000001,0.08412268716225534,0.08459691093452007,-0.0004742237722647341
72.4,0.1084644787767493,0.13423055621224805,-0.025766077435498747
72.45,0.10631290649113537,0.16041423683630218,-0.054101330345166815
72.5,0.08529330806267535,0.1533343914475595,-0.06804108338488415
72.55,0.05944902735036933,0.11505439339318038,-0.05560536604281105
72.60000000000001,0.03554075033339545,0.05843667013312396,-0.022895919799728506
72.65,0.010390670691426424,0.0010277897828763407,0.009362880908550083
72.7,-0.019682692867212324,-0.04260848234350533,0.022925789476293007
72.75,-0.04931081068314845,-0.06587132423140499,0.016560513548256536
72.8,-0.0658104050613635,-0.0702412122584091,0.004430807197045597
72.85000000000001,-0.06075956480737699,-0.06167778967736179,0.0009182248699848017
72.9,-0.03900078979091821,-0.04649537161855344,0.007494581827635231
72.95,-0.015230257432742464,-0.02932274471282771,0.014092487280085247
73.0,-0.0013836029882349687,-0.013367960532188935,0.011984357543953966
73.05,0.002495652854880103,-0.0012671281888479962,0.003762781043728099
73.10000000000001,0.005200763892307427,0.005121853673000892,7.891021930653535e-05
73.15,0.013279249118995709,0.005931115386538004,0.007348133732457705
73.2,0.02405511130766732,0.004001737706035499,0.02005337360163182
73.25,0.0297876013684514,0.0038357167173078965,0.025951884651143505
73.3,0.02769146785701599,0.009110873004093514,0.018580594852922475
73.35000000000001,0.024326645064240465,0.020466134327251195,0.0038605107369892692
73.4,0.029194114639056894,0.03512237084085332,-0.005928256201796423
73.45,0.044214772492631046,0.048454215120929116,-0.004239442628298069
73.5,0.06038328927446644,0.05624881635034342,0.004134472924123021
73.55,0.06545729000073965,0.05621733066701781,0.009239959333721834
73.60000000000001,0.0550685677443363,0.04825249796892357,0.006816069775412728
73.65,0.03621430167830021,0.03389769556786967,0.0023166061104305385
73.7,0.020062978566084685,0.01567711736090991,0.004385861205174774
73.75,0.011766886245606675,-0.0035246676377753794,0.015291553883382054
73.8,0.00733350106126591,-0.02119363561740689,0.0285271366786728
73.85000000000001,-0.00037458816673485663,-0.035991706921237696,0.03561711875450284
73.9,-0.01385058376517866,-0.04820422563030162,0.034353641865122964
73.95,-0.029640032716566896,-0.059421409030148635,0.02978137631358174
74.0,-0.04388743389593523,-0.07158906582480798,0.027701631928872747
74.05,-0.0574407234709217,-0.08605176029953152,0.02861103682860982
74.10000000000001,-0.07419506051443449,-0.10307773049914956,0.028882669984715073
74.15,-0.09454944538656494,-0.12175679107390713,0.02720734568734219
74.2,-0.11188072945510658,-0.13985696868428546,0.027976239229178884
74.25,-0.11694535696047983,-0.15367372359047338,0.03672836662999354
74.3,-0.10632882342288218,-0.15860857272079484,0.05227974929791267
74.35000000000001,-0.08621974524445858,-0.15113328315739882,0.06491353791294024
74.4,-0.06739268046345465,-0.13155055990178363,0.06415787943832899
74.45,-0.056472636749520376,-0.10553333834908811,0.049060701599567734
74.5,-0.05232489779173522,-0.08243458679862169,0.030109689006886466
74.55,-0.0505902527190965,-0.07042309193734635,0.019832839218249847
74.60000000000001,-0.050324025483980815,-0.07126132990927439,0.020937304425293575
74.65,-0.05447496068159271,-0.07856104530370188,0.02408608462210917
74.7,-0.06327009537007104,-0.08129364895304217,0.018023553582971127
74.75,-0.06851475251646438,-0.07046319807328283,0.0019484455568184456
74.8,-0.05714512207979371,-0.04427674847605863,-0.012868373603735085
74.85000000000001,-0.022838842062412306,-0.008204407220255238,-0.014634434842157068
74.9,0.025195031085867372,0.02964020348351332,-0.004445172397645948
74.95,0.06619600248256537,0.06367322643268673,0.0025227760498786334
75.0,0.08281797822150055,0.09230181168751472,-0.009483833466014169
75.05,0.07410313360822904,0.11501915153875826,-0.04091601793052922
75.10000000000001,0.054465353938885575,0.1286669260589298,-0.07420157212004422
75.15,0.03962445404611995,0.12731832315714045,-0.0876938691110205
75.2,0.0329043276028636,0.10685887055912317,-0.07395454295625957
75.25,0.024876665529445143,0.0705768354857569,-0.04570016995631175
75.3,0.006160351396401705,0.030325409752247783,-0.024165058355846078
75.35000000000001,-0.019830991131456345,0.0010200534187200787,-0.020851044550176424
75.4,-0.03735929053361256,-0.008103109725179743,-0.029256180808432817
75.45,-0.03209339337517164,0.0011501095096033151,-0.033243502884774956
75.5,-0.004899516562852363,0.018248752044092112,-0.023148268606944473
75.55,0.027792511623238522,0.032118536163806555,-0.0043260245405680325
75.60000000000001,0.04760083447831476,0.0386256755924659,0.008975158885848857
75.65,0.048952100794542285,0.04155565095101971,0.0073964498435225776
75.7,0.04138408060231461,0.04693449529318016,-0.005550414690865549
75.75,0.03811708121288025,0.05617583393659044,-0.018058752723710186
75.8,0.042742159361400134,0.0642417696165114,-0.021499610255111268
75.85000000000001,0.04698881149471088,0.06425333606971462,-0.017264524575003735
75.9,0.04095274233841167,0.05410767936737678,-0.013154937028965114
75.95,0.024686956159775387,0.03893182363192065,-0.014244867472145265
76.0,0.009056503387405998,0.027087385364304314,-0.018030881976898318
76.05,0.004946677090261998,0.023308673577559315,-0.018361996487297316
76.10000000000001,0.011893123092104113,0.025063851769746463,-0.01317072867764235
76.15,0.017948928608959903,0.02520609320954912,-0.007257164600589217
76.2,0.01139544659180945,0.018332756918101094,-0.006937310326291643
76.25,-0.007087202505741893,0.005177343367495276,-0.012264545873237168
76.3,-0.024006660838605844,-0.008528362477715256,-0.015478298360890588
76.35000000000001,-0.025350611947728533,-0.017168848599357814,-0.00818176334837072
76.4,-0.010106905585723691,-0.019474908322175515,0.009368002736451823
76.45,0.007946580859925613,-0.01836227876509195,0.026308859625017562
76.5,0.01217112033697805,-0.017259388055666076,0.029430508392644127
76.55,-0.0022172160484928037,-0.016901887252380152,0.014684671203887348
76.60000000000001,-0.024137713219664566,-0.015586176801366763,-0.008551536418297803
76.65,-0.03671127967999268,-0.012087577688446358,-0.024623701991546322
76.7,-0.03172415169952456,-0.007745382770016526,-0.023978768929508038
76.75,-0.015180290575660567,-0.005206879569508345,-0.009973411006152223
76.80000000000001,0.00042727077572136707,-0.004893596301815601,0.005320867077536968
76.85000000000001,0.008829820981138246,-0.0028213699427399774,0.011651190923878223
76.9,0.015131521061268775,0.007537477450324272,0.007594043610944503
76.95,0.028779643316681775,0.030224322995318135,-0.0014446796786363597
77.0,0.05186401886654872,0.06237923949401556,-0.010515220627466841
77.05000000000001,0.07472505452108097,0.09396824803636365,-0.019243193515282683
77.10000000000001,0.08349628661352083,0.1121705844689429,-0.028674297855422068
77.15,0.07240940387490902,0.10778856788472901,-0.03537916400982
77.2,0.04902937028038177,0.08001824635227443,-0.030988876071892664
77.25,0.027508048574041523,0.03722058521394444,-0.009712536639902916
77.30000000000001,0.016505547017475,-0.00646724734830611,0.02297279436578111
77.35000000000001,0.01324936561636322,-0.03710664624594219,0.050356011862305414
77.4,0.0087166521949282,-0.04703465290457204,0.05575130509950024
77.45,-0.0021733205497293847,-0.03834740323386764,0.036174082684138256
77.5,-0.016000465563776052,-0.02180807431201498,0.005807608748238928
77.55000000000001,-0.02611140536251441,-0.011204796937860657,-0.014906608424653755
77.60000000000001,-0.03128171789693075,-0.015910186287837972,-0.01537153160909278
77.65,-0.03766619311833947,-0.03598546821912459,-0.0016807248992148777
77.7,-0.0512021811543182,-0.0628908306140682,0.01168864945974999
77.75,-0.06839262210589857,-0.08509015288363393,0.016697530777735364
77.80000000000001,-0.07617342234307072,-0.09438546025311681,0.018212037910046094
77.85000000000001,-0.06279737815371185,-0.08867437275411394,0.02587699460040209
77.9,-0.029874711203321434,-0.07023315071483134,0.04035843951150991
77.95,0.006753048559235861,-0.042509193808422045,0.04926224236765791
78.0,0.029365208542046602,-0.009105911558673092,0.038471120100719694
78.05000000000001,0.03273596333552575,0.024464782997896665,0.008271180337629087
78.10000000000001,0.02662911261655976,0.04938792238046602,-0.02275880976390626
78.15,0.023890715107724104,0.05594953679920301,-0.0320588216914789
78.2,0.026202130451781394,0.039441607717449305,-0.01323947726566791
78.25,0.022449587635779544,0.005049807949000041,0.017399779686779502
78.30000000000001,0.002138688086613264,-0.03308188028486963,0.035220568371482894
78.35000000000001,-0.029636997145677774,-0.058998622437890724,0.02936162529221295
78.4,-0.05211767502731883,-0.06345315694710923,0.011335481919790405
78.45,-0.046070960304542226,-0.04779955358421949,0.001728593279677261
78.5,-0.012807116298881179,-0.021260963025111428,0.008453846726230249
78.55000000000001,0.02397969986810942,0.005127677782773503,0.01885202208533592
78.60000000000001,0.03711399150473704,0.02292417628175308,0.014189815222983963
78.65,0.019028452747429658,0.02710662436444126,-0.008078171617011604
78.7,-0.012502805383237064,0.015482834077968511,-0.027985639461205573
78.75,-0.03167106205611751,-0.010535409132690748,-0.021135652923426763
78.80000000000001,-0.028747780530363472,-0.04427176752795964,0.015523986997596165
78.85000000000001,-0.018119060832270925,-0.07471375651059903,0.0565946956783281
78.9,-0.022797413958401173,-0.09206073330128675,0.06926331934288557
78.95,-0.05071720896174916,-0.09474336865177461,0.044026159690025456
79.0,-0.08596371873724086,-0.09131568294281381,0.005351964205572948
79.05000000000001,-0.10330004924675959,-0.0935916639328075,-0.009708385313952086
79.10000000000001,-0.0915026093176246,-0.10526373503318191,0.013761125715557307
79.15,-0.06263761904263412,-0.11579324352095938,0.05315562447832525
79.2,-0.03867043449486395,-0.10641166226399107,0.06774122776912711
79.25,-0.029355882441685598,-0.06499822314939885,0.03564234070771325
79.30000000000001,-0.023703734754786526,0.0019786461567399094,-0.025682380911526435
79.35000000000001,-0.0032782741411969065,0.07110823466332085,-0.07438650880451776
79.4,0.036548754870090835,0.11712586581512158,-0.08057711094503074
79.45,0.07922189217533342,0.12988007091993345,-0.05065817874460003
79.5,0.10121047155227741,0.11968720994775561,-0.0184767383954782
79.55000000000001,0.09368883390377238,0.10710506132287587,-0.01341622741910349
79.60000000000001,0.07008092010695408,0.10597313111085023,-0.035892211003896154
79.65,0.052144660363178656,0.11363657129808147,-0.06149191093490281
79.7,0.04879934970443227,0.11552014850332941,-0.06672079879889714
79.75,0.04895653308847787,0.09896644899950557,-0.05000991591102771
79.80000000000001,0.03523010641450212,0.06422174434209085,-0.028991637927588736
79.85000000000001,0.004237751121544046,0.024124626752016223,-0.019886875630472176
79.9,-0.027393675584745883,-0.0057555187000587925,-0.02163815688468709
79.95,-0.037737771056497796,-0.017426362239319395,-0.0203114088171784
80.0,-0.02056597464075865,-0.013410203204746712,-0.007155771436011937
