x,yobs,ycalc,ydiff
0.05,1.179656790183192e-12,-0.041430771564954595,0.04143077156613425
0.1,-1.8659604089361223e-10,-0.058070528796897655,0.05807052861030161
0.15000000000000002,-1.1447103210700888e-08,-0.05173501248666842,0.05173500103956521
0.2,-1.3924244250775857e-07,-0.04897110337096138,0.048970964128518875
0.25,-3.177897859493015e-07,-0.07267805274813044,0.0726777349583445
0.30000000000000004,4.044838253418031e-06,-0.11740158820280597,0.11740563304105939
0.35000000000000003,3.673778205342797e-05,-0.15484694488809567,0.1548836826701491
0.4,0.0001497158281271531,-0.16410126358230978,0.16425097941043693
0.45,0.00034925417172669874,-0.15444241270857945,0.15479166688030616
0.5,0.0003483899172244496,-0.1559662574393319,0.15631464735655634
0.55,-0.0007299759204060222,-0.18738103659098249,0.18665106067057646
0.6000000000000001,-0.004133058103637366,-0.23523199698984779,0.23109893888621041
0.65,-0.01003117223130644,-0.26750645081497837,0.2574752785836719
0.7000000000000001,-0.015078908667729195,-0.2680655701286565,0.2529866614609273
0.75,-0.011196871653284226,-0.25513772173175586,0.24394085007847163
0.8,0.011052998830015322,-0.26284056783737275,0.27389356666738807
0.8500000000000001,0.0534323364728801,-0.3041187794926743,0.3575511159655544
0.9,0.10032973734963037,-0.35496767756823455,0.4552974149178649
0.9500000000000001,0.11867150870682902,-0.3788867344743688,0.49755824318119785
1.0,0.07501076213132149,-0.3672678937265322,0.44227865585785364
1.05,-0.03586381154668749,-0.35166671812932054,0.31580290658263305
1.1,-0.17201760745811528,-0.3713409903784984,0.1993233829203831
1.1500000000000001,-0.25850412413020696,-0.42819756610902027,0.1696934419788133
1.2000000000000002,-0.2370730079562185,-0.47957191102031577,0.24249890306409727
1.25,-0.12061990851125892,-0.48303000058766987,0.36241009207641095
1.3,-0.0039435568023731375,-0.44943590540724326,0.44549234860487014
1.35,-0.004599782190505717,-0.44189661010723597,0.43729682791673025
1.4000000000000001,-0.16313248232401106,-0.506236191568012,0.34310370924400097
1.4500000000000002,-0.3791230849616814,-0.593305169178456,0.2141820842167746
1.5,-0.4511812299590703,-0.5597076814290505,0.10852645146998019
1.55,-0.21648670343230325,-0.27412903783590514,0.05764233440360189
1.6,0.3025432491153867,0.24476120239653643,0.05778204671885029
1.6500000000000001,0.8654472664555362,0.7831224381572984,0.08232482829823773
1.7000000000000002,1.1465335947073805,1.0455488016719274,0.10098479303545305
1.75,0.958684216635728,0.8639309541334266,0.09475326250230143
1.8,0.4076966338898795,0.34470831286815634,0.06298832102172314
1.85,-0.15049707947876526,-0.1726686667321198,0.022171587253354552
1.9000000000000001,-0.3380745542777328,-0.3341161409408621,-0.003958413336870692
1.9500000000000002,-0.014020637301207766,-0.014151355781333634,0.00013071848012586804
2.0,0.624155007274255,0.5941919085108355,0.029963098763419516
2.0500000000000003,1.1724161673985651,1.1090585450283055,0.06335762237025966
2.1,1.2907676499592389,1.2129035348916524,0.0778641150675865
2.15,0.9172655261941445,0.8468378579816318,0.07042766821251267
2.2,0.2791096103277689,0.21740342808635996,0.06170618224140892
2.25,-0.2895685015575223,-0.36869371249701943,0.07912521093949715
2.3000000000000003,-0.5748862191183464,-0.7067108262367885,0.13182460711844213
2.35,-0.5904554529708859,-0.7898016424873237,0.1993461895164378
2.4000000000000004,-0.5079752432994165,-0.7529451414951983,0.24496989819578185
2.45,-0.4922974120236928,-0.735531570934491,0.24323415891079814
2.5,-0.5802690099696234,-0.7790818109767353,0.19881280100711196
2.5500000000000003,-0.6860734192049394,-0.8277555652423071,0.14168214603736773
2.6,-0.7039653323029672,-0.8077670562834842,0.10380172398051701
2.6500000000000004,-0.6079942009371834,-0.7048781196244204,0.096883918687237
2.7,-0.4681669190762414,-0.5757613739972252,0.10759445492098374
2.75,-0.3838816813054967,-0.49463538112755784,0.11075369982206112
2.8000000000000003,-0.40315451999476887,-0.4910132268829633,0.08785870688819442
2.85,-0.4968631480944047,-0.5344515261145397,0.03758837802013504
2.9000000000000004,-0.6002559681721594,-0.5743298888363513,-0.02592607933580815
2.95,-0.6750771635410995,-0.5925937382406019,-0.08248342530049757
3.0,-0.7347637629221921,-0.6187049708021846,-0.11605879212000758
3.0500000000000003,-0.8155689449507494,-0.6940008027233587,-0.12156814222739065
3.1,-0.9275234544103518,-0.8214848681396193,-0.10603858627073248
3.1500000000000004,-1.03505244387389,-0.9518892718304431,-0.08316317204344681
3.2,-1.0860123303910878,-1.0230834324539773,-0.06292889793711054
3.25,-1.0598409590765612,-1.0171116068055142,-0.042729352271047016
3.3000000000000003,-0.9847063981281952,-0.9765169856629541,-0.008189412465241075
3.35,-0.9003203651588565,-0.9544148253873218,0.05409446022846531
3.4000000000000004,-0.7959036723698686,-0.9366475023972112,0.1407438300273426
3.45,-0.5850418731000918,-0.8122447312448141,0.2272028581447223
3.5,-0.1578814545160652,-0.43946953567934993,0.2815880811632847
3.5500000000000003,0.5129510762159099,0.22560166346473487,0.287349412751175
3.6,1.2928306235811196,1.0373716319751478,0.25545899160597174
3.6500000000000004,1.9096315789404081,1.6951939863360252,0.2144375926043829
3.7,2.0901722390574755,1.9039563104894692,0.18621592856800628
3.75,1.7279138264313927,1.5585775007485443,0.1693363256828484
3.8000000000000003,0.9646359172092326,0.8200268310265155,0.14460908618271706
3.85,0.12040775765487989,0.02314666240601722,0.09726109524886267
3.9000000000000004,-0.4871200888472233,-0.5210640196523794,0.033943930805156064
3.95,-0.7122196103166193,-0.6903771450585834,-0.021842465258035904
4.0,-0.6271447674782988,-0.5759748028570147,-0.05116996462128409
4.05,-0.4262422765620429,-0.3694359106373011,-0.05680636592474181
4.1000000000000005,-0.272935575989889,-0.21352845495206388,-0.05940712103782511
4.15,-0.20588862487062248,-0.1290211772499598,-0.0768674476206627
4.2,-0.15994862580614003,-0.05278156287329602,-0.107167062932844
4.25,-0.06079386227230778,0.07012771930622431,-0.1309215815785321
4.3,0.09838482824550791,0.22850898140961867,-0.13012415316411075
4.3500000000000005,0.2579530278229304,0.36224469492680905,-0.10429166710387866
4.4,0.3534403991956879,0.4226502486380097,-0.06920984944232178
4.45,0.37080962534697987,0.4123717688114855,-0.04156214346450565
4.5,0.3462153998097586,0.37216615308194184,-0.02595075327218327
4.55,0.32079013050957567,0.33708938818534684,-0.016299257675771173
4.6000000000000005,0.30170426751810975,0.30913195495474416,-0.0074276874366344114
4.65,0.26640693502691276,0.268847205095094,-0.0024402700681812606
4.7,0.19831159585546312,0.20606548379423134,-0.007753887938768217
4.75,0.11138130165029324,0.13383209423760908,-0.022450792587315846
4.800000000000001,0.037467000439398095,0.07288339121440764,-0.03541639077500954
4.8500000000000005,-0.0071462909180593625,0.02780530058367043,-0.034951591501729794
4.9,-0.03727904087609988,-0.01624147397330967,-0.02103756690279021
4.95,-0.07854414397584843,-0.07209022193238457,-0.006453922043463858
5.0,-0.1333264105617175,-0.12892114197490162,-0.004405268586815891
5.050000000000001,-0.17100718601198583,-0.15587820877848185,-0.015128977233503982
5.1000000000000005,-0.15490688478417705,-0.1289919203398007,-0.025914964444376354
5.15,-0.07882816571717997,-0.05356267542521985,-0.025265490291960124
5.2,0.02533496657362577,0.04198909680343802,-0.016654130229812252
5.25,0.11804194735022162,0.13491701679317222,-0.0168750694429506
5.300000000000001,0.18987490441048016,0.22937740426002398,-0.03950249984954382
5.3500000000000005,0.2673498132346587,0.34712310727150186,-0.07977329403684319
5.4,0.37969604182612143,0.4963926565322809,-0.11669661470615944
5.45,0.5196810979420058,0.6509858427717182,-0.13130474482971244
5.5,0.6384130155157094,0.7619771711354274,-0.12356415561971801
5.550000000000001,0.6804831095248254,0.7917840544093474,-0.11130094488452202
5.6000000000000005,0.6259991452123281,0.738026155691605,-0.11202701047927688
5.65,0.5002338945121988,0.6256241718581258,-0.125390277345927
5.7,0.3449688325248789,0.47834668875430353,-0.1333778562294246
5.75,0.18357292595202718,0.30161840934506057,-0.11804548339303339
5.800000000000001,0.015969383977733592,0.09559022571342582,-0.07962084173569223
5.8500000000000005,-0.15331870450894783,-0.11557580728721265,-0.03774289722173518
5.9,-0.28648698657525234,-0.27156246415118795,-0.01492452242406439
5.95,-0.3176489401665041,-0.29980973703556607,-0.01783920313093801
6.0,-0.19342496830496916,-0.16028336321437972,-0.03314160509058944
6.050000000000001,0.0842022291692457,0.12441505944730905,-0.04021283027806334
6.1000000000000005,0.4485689233930631,0.47655595611498197,-0.02798703272191888
6.15,0.7985397974858583,0.7995248065616152,-0.0009850090757568264
6.2,1.0425975087597965,1.013866455586826,0.028731053172970533
6.25,1.1267289353476209,1.0727026719840047,0.054026263363616156
6.300000000000001,1.0377986142107611,0.9601858385093978,0.07761277570136338
6.3500000000000005,0.7957378289265066,0.6894657972438472,0.10627203168265942
6.4,0.44796012427509846,0.3065655571942073,0.14139456708089115
6.45,0.06351258583196374,-0.11146551004603654,0.17497809587800028
6.5,-0.28403585914116125,-0.47802323128005575,0.1939873721388945
6.550000000000001,-0.5444504424500823,-0.7330983707648707,0.18864792831478838
6.6000000000000005,-0.7107116744217654,-0.8690190703392746,0.1583073959175092
6.65,-0.8113510914064296,-0.9232214033266051,0.11187031192017549
6.7,-0.8782262481598109,-0.9420597419563871,0.06383349379657621
6.75,-0.9172752125698458,-0.9456371209694073,0.028361908399561542
6.800000000000001,-0.9091463323061422,-0.9226521436519568,0.013505811345814633
6.8500000000000005,-0.8380684167714707,-0.8558000478013535,0.017731631029882844
6.9,-0.7183435286807034,-0.7494984223912086,0.03115489371050517
6.95,-0.5889154772608992,-0.630925527212225,0.042010049951325734
7.0,-0.47871850562424456,-0.5234903322321952,0.04477182660795065
7.050000000000001,-0.37737996047325,-0.42101227908846245,0.04363231861521244
7.1000000000000005,-0.24406985784701343,-0.29182125935424547,0.04775140150723203
7.15,-0.05130533072472627,-0.113134683590551,0.06182935286582473
7.2,0.17531051002204753,0.09471255359719181,0.08059795642485572
7.25,0.3602585810322967,0.26727961063776173,0.09297897039453495
7.300000000000001,0.42542689932979155,0.33286969538109307,0.09255720394869849
7.3500000000000005,0.3429583292056196,0.25867837538812244,0.08427995381749714
7.4,0.1504216314175498,0.07021142305176087,0.08021020836578893
7.45,-0.08062598901127388,-0.16832914009556132,0.08770315108428745
7.5,-0.2916998627429319,-0.3930472248427058,0.10134736209977391
7.550000000000001,-0.4604096513214794,-0.5674137736004703,0.10700412227899092
7.6000000000000005,-0.5875320558216606,-0.6821321479880352,0.09460009216637466
7.65,-0.6708652862856793,-0.738242441737467,0.06737715545178768
7.7,-0.6966270867024704,-0.7349807971368382,0.03835371043436775
7.75,-0.6558050609226646,-0.6730970019648864,0.01729194104222187
7.800000000000001,-0.5644798248992682,-0.5656611228692546,0.00118129796998645
7.8500000000000005,-0.46282766031284667,-0.4409842229054464,-0.021843437407400246
7.9,-0.3900454744755038,-0.3315115628122978,-0.058533911663205984
7.95,-0.35737848953617884,-0.25698522370185334,-0.1003932658343255
8.0,-0.3434355159561395,-0.21515687194623725,-0.12827864400990227
8.05,-0.31426595526256174,-0.18565766534063308,-0.12860828992192866
8.1,-0.24813811661258997,-0.14174511745023402,-0.10639299916235595
8.15,-0.1436240570918086,-0.06112241309962801,-0.08250164399218057
8.200000000000001,-0.008699470166073708,0.0681398674797307,-0.07683933764580442
8.25,0.15285804171825448,0.24496751687242324,-0.09210947515416876
8.3,0.34188026913650893,0.4542740056475166,-0.11239373651100765
8.35,0.5519851824554871,0.6694418135400567,-0.11745663108456961
8.4,0.7606292040250636,0.8605364620940321,-0.0999072580689685
8.450000000000001,0.9348406578439926,1.0053746647900965,-0.0705340069461039
8.5,1.0473205172521904,1.0955559098040362,-0.048235392551845724
8.55,1.0876091929005614,1.131930031137855,-0.044320838237293714
8.6,1.0587649616021704,1.1134676772357202,-0.05470271563354978
8.65,0.9657290707048494,1.031090581156474,-0.06536151045162453
8.700000000000001,0.8099870068315569,0.8748016799338588,-0.06481467310230193
8.75,0.5971584116670198,0.6497230694732959,-0.05256465780627617
8.8,0.3484255768327487,0.38605728456858157,-0.03763170773583285
8.85,0.10040880439733402,0.1306896040261464,-0.030280799628812388
8.9,-0.1112709722170759,-0.07664030889082747,-0.03463066332624842
8.950000000000001,-0.2721643668052156,-0.22504045860934765,-0.04712390819586795
9.0,-0.39404813660567545,-0.334119962535714,-0.059928174069961426
9.05,-0.4981384420911976,-0.4329787940275529,-0.06515964806364472
9.1,-0.5895681456397789,-0.5322771741722251,-0.0572909714675538
9.15,-0.6451941528199963,-0.6109812319248014,-0.0342129208951949
9.200000000000001,-0.6262147865035387,-0.6279110004874022,0.0016962139838635482
9.25,-0.5062670741437484,-0.549215346879303,0.04294827273555457
9.3,-0.2930536851452523,-0.37182873817819617,0.07877505303294385
9.35,-0.027676408352258472,-0.12774869622374393,0.10007228787148546
9.4,0.23559687432950024,0.130823355362572,0.10477351896692824
9.450000000000001,0.4520277821462623,0.35276935076852173,0.0992584313777406
9.5,0.5958688876471756,0.5020638594678944,0.09380502817928116
9.55,0.6550127347527418,0.5599866612787209,0.09502607347402092
9.600000000000001,0.6222912571851186,0.5210828550969944,0.1012084020881242
9.65,0.4953753345077284,0.39098433061687327,0.10439100389085515
9.700000000000001,0.2859451000405219,0.1885951937866598,0.09734990625386214
9.75,0.027240310057183026,-0.05216131069192108,0.0794016207491041
9.8,-0.23148557022935126,-0.2875636491327294,0.056078078903378153
9.850000000000001,-0.44386218977975145,-0.47726458520818466,0.03340239542843321
9.9,-0.5860764759422149,-0.5986188751715602,0.012542399229345302
9.950000000000001,-0.6623113334713142,-0.6525369359591356,-0.009774397512178568
10.0,-0.691815048994287,-0.6564185916666267,-0.03539645732766028
10.05,-0.6885951320276247,-0.6291185723206939,-0.059476559706930776
10.100000000000001,-0.6507783808858537,-0.578858452257664,-0.07191992862818974
10.15,-0.567926734888912,-0.5024186353995435,-0.06550809948936853
10.200000000000001,-0.43844886847384407,-0.3947274709238336,-0.04372139755001048
10.25,-0.2800708165676298,-0.2596803839588927,-0.020390432608737075
10.3,-0.12260898408600363,-0.11256511229486238,-0.010043871791141246
10.350000000000001,0.011437210573317737,0.027928845149725826,-0.01649163457640809
10.4,0.12154099070178885,0.15118342365395618,-0.029642432952167327
10.450000000000001,0.22619584500679826,0.2600727689843014,-0.03387692397750311
10.5,0.34529890940841806,0.36636412750490804,-0.02106521809648998
10.55,0.4834472620336347,0.48036295113437855,0.0030843108992561485
10.600000000000001,0.6273784284312942,0.6025740998905584,0.024804328540735776
10.65,0.7563411825518956,0.7217154991114668,0.03462568344042882
10.700000000000001,0.8524839430616652,0.8176676267329224,0.034816316328742825
10.75,0.9012398818845478,0.8660020781790491,0.03523780370549878
10.8,0.8856083370475417,0.8435285051745542,0.04207983187298747
10.850000000000001,0.7874625152214554,0.7367533707579892,0.050709144463466194
10.9,0.6021318283691526,0.5524078249477782,0.049724003421374396
10.950000000000001,0.35542003044372095,0.323167009843453,0.03225302060026797
11.0,0.1034459170404027,0.10004385822065863,0.0034020588197440638
11.05,-0.09266690819865679,-0.06922172876365006,-0.023445179435006736
11.100000000000001,-0.2017127165001931,-0.16389866026979655,-0.03781405623039655
11.15,-0.23880883512378798,-0.19887315047260437,-0.039935684651183606
11.200000000000001,-0.24815892326005531,-0.21024550123784122,-0.037913422022214094
11.25,-0.2659152886210772,-0.22818565354438916,-0.037729635076688056
11.3,-0.2949136702153474,-0.25840404623726826,-0.036509623978079164
11.350000000000001,-0.31217520918981895,-0.286418005279199,-0.025757203910619975
11.4,-0.29956973726796,-0.2986303186189912,-0.0009394186489687928
11.450000000000001,-0.26682268466668363,-0.29932300019661373,0.0325003155299301
11.5,-0.24472092908745732,-0.3073194157763973,0.06259848668894
11.55,-0.25644346091979026,-0.33630720537270864,0.07986374445291838
11.600000000000001,-0.29661483826968127,-0.37925586002334916,0.08264102175366789
11.65,-0.3393171578139094,-0.41364388540308744,0.07432672758917802
11.700000000000001,-0.36634530972189067,-0.42340587415072184,0.05706056442883117
11.75,-0.38586389957656164,-0.41590104170018677,0.030037142123625127
11.8,-0.4211009970989356,-0.4157096097941053,-0.005391387304830297
11.850000000000001,-0.47958212824255364,-0.4391955896429227,-0.04038653859963093
11.9,-0.5343679669496182,-0.4733159813426312,-0.06105198560698699
11.950000000000001,-0.5380658394518684,-0.4796224597993478,-0.058443379652520555
12.0,-0.45824034207827136,-0.4214568558054801,-0.036783486272791266
12.05,-0.30146935298931565,-0.29073711346612596,-0.01073223952318969
12.100000000000001,-0.10435229277927033,-0.1112989229930728,0.006946630213802471
12.15,0.09775222044602898,0.08204893212372114,0.015703288322307843
12.200000000000001,0.29233088893635506,0.267313697645789,0.025017191290566065
12.25,0.48113718427861957,0.4395790967936244,0.041558087484995176
12.3,0.6530026360926783,0.5941474694492767,0.058855166643401624
12.350000000000001,0.7695388448322571,0.7086157209301998,0.06092312390205734
12.4,0.7826051890859551,0.7451243491458436,0.03748083994011153
12.450000000000001,0.6700324289846767,0.6739277537112919,-0.0038953247266151347
12.5,0.4567596282381512,0.4981294423704029,-0.041369814132251714
12.55,0.20166770634240808,0.25765793963890143,-0.05599023329649336
12.600000000000001,-0.037487992966476646,0.009396627947081763,-0.04688462091355841
12.65,-0.22972271133657182,-0.1991209044946059,-0.030601806841965923
12.700000000000001,-0.3680390530489068,-0.342378518193168,-0.02566053485573877
12.75,-0.4488537829024234,-0.4118502064649353,-0.037003576437488084
12.8,-0.4604904145063356,-0.4063173589865237,-0.054173055519811886
12.850000000000001,-0.39464450100951504,-0.33148330782046515,-0.06316119318904989
12.9,-0.2674794239006593,-0.2082055708433212,-0.05927385305733812
12.950000000000001,-0.1246615197529703,-0.07553508000930388,-0.049126439743666414
13.0,-0.020116070339426684,0.021925248299444432,-0.04204131863887112
13.05,0.014811344241582985,0.056137556730327026,-0.04132621248874404
13.100000000000001,-0.015138477278612011,0.028859198375219684,-0.0439976756538317
13.15,-0.08303442013680751,-0.03619174731239605,-0.04684267282441146
13.200000000000001,-0.16483625995766626,-0.11502419305774665,-0.04981206689991961
13.25,-0.25063700141070683,-0.1984258327804565,-0.052211168630250326
13.3,-0.33391591494203154,-0.2865722370698864,-0.04734367787214516
13.350000000000001,-0.3947716395421009,-0.3700023684481317,-0.024769271093969203
13.4,-0.3992216342076272,-0.4180737117205651,0.018852077512937937
13.450000000000001,-0.3189979997738846,-0.38965634219488177,0.07065834242099717
13.5,-0.15391221409766065,-0.259688420413496,0.10577620631583534
13.55,0.06479623767425098,-0.039606866629938155,0.10440310430418914
13.600000000000001,0.2932876712308137,0.2256017258472187,0.06768594538359499
13.65,0.4982442095075735,0.48077279496422065,0.017471414543352826
13.700000000000001,0.6641535473618858,0.6849284616799312,-0.020774914318045345
13.75,0.7824010611335827,0.8191440261533631,-0.03674296501978047
13.8,0.8383308170847737,0.8773352496001992,-0.0390044325154254
13.850000000000001,0.812748866501059,0.8542893604249501,-0.04154049392389103
13.9,0.6973909923680255,0.7447561744639944,-0.04736518209596896
13.950000000000001,0.5083661722984445,0.5539213898117221,-0.045555217513277624
14.0,0.2835067611103937,0.30738908029380446,-0.023882319183410772
14.05,0.06570147276791073,0.04921795834578958,0.016483514422121155
14.100000000000001,-0.11309954590557912,-0.17237254858432619,0.059273002678747064
14.15,-0.23601488733431336,-0.3218529815506886,0.08583809421637523
14.200000000000001,-0.2963164813739355,-0.3856071812853034,0.0892906999113679
14.25,-0.2944152108511213,-0.37094154431831755,0.07652633346719623
14.3,-0.24149726559406687,-0.2992967711372211,0.05779950554315422
14.350000000000001,-0.16263284409156903,-0.1987761181839936,0.03614327409242457
14.4,-0.08971148189401687,-0.09759128989144529,0.00787980799742842
14.450000000000001,-0.045473756984403174,-0.01799245164350969,-0.027481305340893485
14.5,-0.03189061500469639,0.028314183211875066,-0.06020479821657146
14.55,-0.03444540533018117,0.04075098230523609,-0.07519638763541726
14.600000000000001,-0.03861124874393138,0.02593157461966666,-0.06454282336359804
14.65,-0.04201345148493874,-0.007337061326707194,-0.03467639015823155
14.700000000000001,-0.05015940940038586,-0.04974284746951981,-0.00041656193086604676
14.75,-0.061707432850177775,-0.08975584784087176,0.028048414990693986
14.8,-0.06178274951594927,-0.11349154429641367,0.051708794780464404
14.850000000000001,-0.03420591229980636,-0.11048978595124175,0.07628387365143538
14.9,0.017628627615331575,-0.08272515373255987,0.10035378134789144
14.950000000000001,0.06378049103274189,-0.04798310248764562,0.1117635935203875
15.0,0.0660682600832408,-0.031337879543195675,0.09740613962643649
15.05,0.007959912992156854,-0.04915819005616549,0.05711810304832235
15.100000000000001,-0.09121741285237482,-0.09865102383841264,0.007433610986037814
15.15,-0.1918994405792601,-0.16261305090914124,-0.029286389670118845
15.200000000000001,-0.2657134223807432,-0.225316230890577,-0.040397191490166184
15.25,-0.3132675405574918,-0.28420756017258364,-0.029059980384908146
15.3,-0.3522063807859396,-0.34534144607612793,-0.006864934709811643
15.350000000000001,-0.38893017960566195,-0.406505595036562,0.01757541543090002
15.4,-0.40377849607011457,-0.44574904449631536,0.04197054842620079
15.450000000000001,-0.3662132335495085,-0.4301635072229733,0.06395027367346479
15.5,-0.26653315467239463,-0.3413959403777599,0.07486278570536525
15.55,-0.13356164883507152,-0.19709895819867015,0.06353730936359864
15.600000000000001,-0.020349534373588968,-0.048148404131798356,0.027798869758209388
15.65,0.030367496796774463,0.04934936840819404,-0.018981871611419576
15.700000000000001,0.01137895353118711,0.06715213214508305,-0.055773178613895934
15.75,-0.05228500597344253,0.018698843319535446,-0.07098384929297798
15.8,-0.12731813332124595,-0.05471346167672857,-0.07260467164451738
15.850000000000001,-0.19229443458687936,-0.11199673440128487,-0.0802977001855945
15.9,-0.23791474868795642,-0.13234826702062405,-0.10556648166733237
15.950000000000001,-0.25368571853521,-0.11510594861819079,-0.1385797699170192
16.0,-0.22007259573522955,-0.06518162210766604,-0.15489097362756352
16.05,-0.1164804150619167,0.020163466788310255,-0.13664388185022697
16.1,0.06329489847938141,0.15211405038648523,-0.08881915190710382
16.150000000000002,0.304447372507667,0.33987883882528963,-0.03543146631762262
16.2,0.5791397001321679,0.5784197483959619,0.0007199517362059815
16.25,0.8586318529847596,0.8426129175905636,0.016018935394196077
16.3,1.1156983653196038,1.0900404988721772,0.025657866447426514
16.35,1.316574647422079,1.2702910018560305,0.04628364556604847
16.400000000000002,1.4163157392983343,1.337918415189732,0.07839732410860223
16.45,1.3705231315932478,1.2660032803521961,0.10451985124105168
16.5,1.159588279162202,1.0555342067373878,0.10405407242481424
16.55,0.8062537478713719,0.7351835603373371,0.07107018753403482
16.6,0.3701351497678647,0.35019969867413187,0.019935451093732848
16.650000000000002,-0.07791327718288475,-0.05328274815862992,-0.024630529024254832
16.7,-0.4818734019630047,-0.438174532905983,-0.043698869057021694
16.75,-0.8093440783036835,-0.7752342859898826,-0.034109792313800846
16.8,-1.0432406776477252,-1.03608368967494,-0.0071569879727853
16.85,-1.171763374279509,-1.1918730439242844,0.02010966964477534
16.900000000000002,-1.1894266378861245,-1.2233264224503098,0.0338997845641853
16.95,-1.1059865007345169,-1.1348814905706188,0.028894989836101947
17.0,-0.9490242658859335,-0.9583671949638394,0.009342929077905904
17.05,-0.7521206046863443,-0.7388255564632913,-0.013295048223053052
17.1,-0.5371734760951228,-0.5112241774033467,-0.02594929869177609
17.150000000000002,-0.30790065615502005,-0.2864949365385195,-0.021405719616500563
17.2,-0.0617276323403241,-0.05821984493136877,-0.003507787408955333
17.25,0.19136965717753135,0.17689093585603774,0.01447872132149361
17.3,0.42235107583629133,0.40375386297991156,0.018597212856379775
17.35,0.596377383162731,0.5922831156733765,0.004094267489354486
17.400000000000002,0.6933811116574273,0.714751391274916,-0.02137027961748872
17.45,0.7159323020152185,0.7597866154270209,-0.04385431341180235
17.5,0.6773422781601746,0.7305845757975412,-0.05324229763736665
17.55,0.5833893491654255,0.6321389125219216,-0.04874956335649605
17.6,0.4279236642855684,0.46398124951132685,-0.03605758522575847
17.650000000000002,0.20841676137326007,0.22882608949957822,-0.020409328126318155
17.7,-0.05373532112522506,-0.050475808717306024,-0.003259512407919038
17.75,-0.3101418327215066,-0.3247715929144747,0.014629760192968133
17.8,-0.5065582479911874,-0.5348783026470869,0.028320054655899485
17.85,-0.612681234702998,-0.6417374326338299,0.029056197930831917
17.900000000000002,-0.6366454350493395,-0.6479722924558533,0.011326857406513846
17.95,-0.6137211070117834,-0.5940903603188774,-0.019630746692905987
18.0,-0.5806701362126888,-0.5327649903407957,-0.047905145871893096
18.05,-0.5570579997255878,-0.5008991606642479,-0.056158839061339894
18.1,-0.544834792462362,-0.5077231136238528,-0.03711167883850919
18.150000000000002,-0.53934620283356,-0.5413476942116634,0.0020014913781033483
18.2,-0.5367477769156429,-0.5818841747409187,0.04513639782527579
18.25,-0.5309277027629026,-0.6087554149021004,0.07782771213919781
18.3,-0.5069534427696784,-0.6006918012196258,0.09373835844994749
18.35,-0.4425062198167576,-0.5361602764331899,0.09365405661643228
18.400000000000002,-0.3197756186456501,-0.4002816066620223,0.08050598801637221
18.45,-0.13834559502005964,-0.19493267784958335,0.05658708282952371
18.5,0.0823038485784869,0.05715741852799979,0.025146430050487105
18.55,0.31225970232996014,0.31936442293691414,-0.007104720606953996
18.6,0.5234546615851551,0.5546566288921415,-0.031201967306986433
18.650000000000002,0.6950767416436852,0.7361976583551403,-0.041120916711455124
18.7,0.8116875102366615,0.8499393676185103,-0.038251857381848775
18.75,0.8617366118970776,0.8920999088173033,-0.030363296920225658
18.8,0.8419817764975965,0.8673600496989066,-0.02537827320131003
18.85,0.763674626330058,0.7891335681701972,-0.025458941840139193
18.900000000000002,0.6509101724381892,0.6777051294912521,-0.026794957053062896
18.95,0.5277509410294211,0.5527910043441286,-0.02504006331470754
19.0,0.40313845883238913,0.42396253609439294,-0.020824077262003804
19.05,0.26787518167539404,0.28750538819993277,-0.01963020652453873
19.1,0.10897900382788456,0.13482016175292497,-0.02584115792504041
19.150000000000002,-0.0692127470763327,-0.03250295101223565,-0.03670979606409704
19.200000000000003,-0.2354855539464176,-0.1928468976548113,-0.04263865629160629
19.25,-0.34338975506189634,-0.3088011955881888,-0.034588559473707536
19.3,-0.3561680641518904,-0.34356679523997075,-0.01260126891191965
19.35,-0.26647165753841423,-0.27885538582830627,0.012383728289892038
19.400000000000002,-0.0978967258312713,-0.12391323877346744,0.026016512942196132
19.450000000000003,0.10908496184782177,0.08718784384485344,0.021897118002968327
19.5,0.313424121766945,0.3059685314973858,0.00745559026955922
19.55,0.48139536969999885,0.4825258924880742,-0.00113052278807535
19.6,0.586790765594225,0.5784264015119885,0.008364364082236508
19.650000000000002,0.6114040921975199,0.5775837453513611,0.033820346846158755
19.700000000000003,0.5502565555197245,0.4909802082093311,0.05927634731039344
19.75,0.41696707383115345,0.3505469614801242,0.06642011235102924
19.8,0.241147778361329,0.1928851138816943,0.048262664479634704
19.85,0.05622991662865111,0.041937299215806356,0.014292617412844752
19.900000000000002,-0.11410781427585663,-0.09733568750177331,-0.016772126774083324
19.950000000000003,-0.2604355376218646,-0.22989660985842617,-0.030538927763438445
20.0,-0.38069624589483847,-0.3547957238552272,-0.025900522039611296
20.05,-0.47021443001128876,-0.4573636925602781,-0.012850737451010674
20.1,-0.5189744455983886,-0.5167573845902568,-0.002217061008131793
20.150000000000002,-0.5181325568071169,-0.5213036399452603,0.0031710831381434046
20.200000000000003,-0.4676587460417399,-0.47619424764396784,0.008535501602227935
20.25,-0.37596511250002407,-0.39551698086004,0.019551868360015934
20.3,-0.251554764509895,-0.2866220131987332,0.035067248688838204
20.35,-0.09636183264677536,-0.14352210427627798,0.04716027162950262
20.400000000000002,0.0901009925354847,0.04194707439623867,0.048153918139246035
20.450000000000003,0.2976863766914758,0.2600887667142015,0.03759760997727429
20.5,0.4961504447964317,0.47348523259701797,0.022665212199413753
20.55,0.6407688440255992,0.6287059279809165,0.012062916044682681
20.6,0.691845574292911,0.6822106533733469,0.009634920919564194
20.650000000000002,0.6342449521080982,0.6207391214774289,0.013505830630669236
20.700000000000003,0.48243336513576074,0.46186424382744395,0.020569121308316785
20.75,0.268598659029835,0.23780022398047992,0.03079843504935506
20.8,0.024925515362400796,-0.02164592194619122,0.04657143730859202
20.85,-0.22614953527893944,-0.29404103362066913,0.0678914983417297
20.900000000000002,-0.4693543245808963,-0.5582909600753161,0.08893663549441977
20.950000000000003,-0.6889764468276423,-0.789042737355536,0.10006629052789373
21.0,-0.866303846184591,-0.9601374726679835,0.09383362648339255
21.05,-0.9847202460109523,-1.054351316283968,0.06963107027301563
21.1,-1.036260395066846,-1.0695316986135623,0.03327130354671626
21.150000000000002,-1.0225089188418788,-1.015445428263362,-0.00706349057851674
21.200000000000003,-0.9497784951252357,-0.9056457942721383,-0.044132700853097395
21.25,-0.8250489983691193,-0.7530675611533796,-0.07198143721573969
21.3,-0.6577441461928,-0.5723706694152771,-0.08537347677752283
21.35,-0.46479538556890043,-0.38330340640115285,-0.08149197916774759
21.400000000000002,-0.2714640220688222,-0.20790813097893623,-0.06355589108988596
21.450000000000003,-0.1041507164340819,-0.062120577224085614,-0.042030139209996285
21.5,0.019770224918156318,0.04972204080353809,-0.029951815885381775
21.55,0.09595396043375679,0.13057426189817609,-0.0346203014644193
21.6,0.12754900295274327,0.18021480764070338,-0.052665804687960116
21.650000000000002,0.11676768183191522,0.1903690793934615,-0.0736013975615463
21.700000000000003,0.0635748249908573,0.15288590977152056,-0.08931108478066326
21.75,-0.026250455527109258,0.07462163263854144,-0.10087208816565069
21.8,-0.13272335950060582,-0.016615891978546692,-0.11610746752205912
21.85,-0.22439792387217922,-0.08445365860762159,-0.1399442652645576
21.900000000000002,-0.2732308651120987,-0.10652010829356137,-0.16671075681853734
21.950000000000003,-0.26893622759432456,-0.08702299333218878,-0.1819132342621358
22.0,-0.21805953258780073,-0.0458334921837187,-0.17222604040408201
22.05,-0.12660294323984717,0.008376351731532505,-0.13497929497137967
22.1,0.01752327067122106,0.09693599539141848,-0.07941272472019742
22.150000000000002,0.2422866004225945,0.26220338889200656,-0.019916788469412056
22.200000000000003,0.5656247709570806,0.5338215966681129,0.03180317428896773
22.25,0.9645133547259859,0.894973056602757,0.06954029812322893
22.3,1.3659522403671842,1.2751977402801473,0.0907545000870369
22.35,1.6716637644597852,1.5766449263062867,0.09501883815349843
22.400000000000002,1.8018304081268708,1.716305868927296,0.0855245391995747
22.450000000000003,1.7282994120264998,1.6575357918789395,0.07076362014756032
22.5,1.4770966036969084,1.415478168546128,0.06161843515078047
22.55,1.1048106739703902,1.0409104840382946,0.06390018993209567
22.6,0.6713272085400585,0.5985641886395684,0.07276301990049006
22.650000000000002,0.22792960618995153,0.15230995243856485,0.07561965375138668
22.700000000000003,-0.17921620290153745,-0.24188318215026666,0.06266697924872922
22.75,-0.5052170727880746,-0.5412767007325223,0.036059627944447725
22.8,-0.7144677658423245,-0.7233617544877724,0.008893988645447881
22.85,-0.7966740193350519,-0.7910070723046261,-0.005666947030425806
22.900000000000002,-0.7751081145429701,-0.7698573607365485,-0.005250753806421593
22.950000000000003,-0.6959893467822165,-0.6969900516308727,0.0010007048486562198
23.0,-0.6045099478603521,-0.6067589178197704,0.0022489699594183676
23.05,-0.5251213959476962,-0.5216616103288245,-0.0034597856188717246
23.1,-0.4595855638907902,-0.4514534741820074,-0.00813208970878282
23.150000000000002,-0.4003979405051799,-0.3974993202390262,-0.0028986202661537286
23.200000000000003,-0.34499384971940594,-0.3572330521618326,0.012239202442426655
23.25,-0.2985797206531409,-0.3264157720454829,0.027836051392341965
23.3,-0.26654569126440214,-0.3005283706886915,0.03398267942428934
23.35,-0.24733704668346998,-0.2770058933068599,0.029668846623389894
23.400000000000002,-0.234040859242735,-0.25736072649109587,0.02331986724836088
23.450000000000003,-0.22194987631484978,-0.2463811914930897,0.024431315178239932
23.5,-0.21243943186379263,-0.2473706413391568,0.034931209475364156
23.55,-0.20793163541308277,-0.2563867105599406,0.048455075146857846
23.6,-0.2032539270513294,-0.26043062417364,0.05717669712231058
23.650000000000002,-0.18353378562668993,-0.24200338013356024,0.05846959450687031
23.700000000000003,-0.13238754630151567,-0.18733736843322807,0.0549498221317124
23.75,-0.04324747300614605,-0.09255971870582663,0.04931224569968058
23.8,0.07700537035263319,0.03611625813692014,0.04088911221571305
23.85,0.2151411998408697,0.18702337695839133,0.028117822882478383
23.900000000000002,0.36122496559150574,0.34767684480062894,0.013548120790876805
23.950000000000003,0.5099802939876272,0.5055241116990694,0.0044561822885578195
24.0,0.6522759145193672,0.6454007111751494,0.006875203344217762
24.05,0.7668602120636129,0.7480659468573362,0.018794265206276695
24.1,0.8240802851287996,0.7937064315029765,0.030373853625823122
24.150000000000002,0.8021408133084179,0.7698395386964921,0.03230127461192578
24.200000000000003,0.7031038894070382,0.6785069470293594,0.024596942377678732
24.25,0.5539312596344551,0.5371138077033246,0.01681745193113049
24.3,0.39024650326194116,0.3714988948661013,0.018747608395839832
24.35,0.23582283879771726,0.20550635239088463,0.030316486406832627
24.400000000000002,0.09442716781450464,0.05379781736393008,0.04062935045057456
24.450000000000003,-0.04100505698094655,-0.07820854840080936,0.03720349141986281
24.5,-0.17266648556978056,-0.18920404610997124,0.016537560540190677
24.55,-0.29130212667071875,-0.27742850870770214,-0.013873617963016616
24.6,-0.38411768358170595,-0.34099168702121163,-0.04312599656049432
24.650000000000002,-0.44766865827811286,-0.38199295442314773,-0.06567570385496513
24.700000000000003,-0.4916038208855736,-0.409072542217252,-0.0825312786683216
24.75,-0.5290721384353836,-0.4341079994224799,-0.09496413901290368
24.8,-0.5637701893552713,-0.4645527764470109,-0.09921741290826047
24.85,-0.58746355770888,-0.49801678809717687,-0.08944676961170317
24.900000000000002,-0.5912230181996663,-0.5248010974642087,-0.0664219207354576
24.950000000000003,-0.5790963627708537,-0.5372370361835755,-0.0418593265872782
25.0,-0.5692783168240695,-0.5378061844736574,-0.03147213235041213
25.05,-0.5793127578743128,-0.5378834204110893,-0.041429337463223526
25.1,-0.6076872590907527,-0.5465865267111236,-0.0611007323796291
25.150000000000002,-0.6288757255693087,-0.5583328274305737,-0.07054289813873504
25.200000000000003,-0.6074278333199233,-0.5499861672066915,-0.05744166611323187
25.25,-0.5196729802200016,-0.49131374415925033,-0.028359236060751303
25.3,-0.3651419679404169,-0.3617694104860782,-0.0033725574543387316
25.35,-0.1600333203764926,-0.16171345037978815,0.0016801300032955602
25.400000000000002,0.07794699142830246,0.0887083783939157,-0.01076138696561324
25.450000000000003,0.3367294858589434,0.3595252691347192,-0.022795783275775805
25.5,0.6018440394340895,0.6202018011301377,-0.01835776169604819
25.55,0.8430353842433005,0.841975745854091,0.0010596383892095274
25.6,1.0129959638274706,0.9958101362238173,0.01718582760365328
25.650000000000002,1.0657246040528416,1.0536990608265284,0.012025543226313218
25.700000000000003,0.9831657070582582,0.9974394094191679,-0.014273702360909635
25.75,0.7887975793296811,0.8301219770391718,-0.0413243977094907
25.8,0.5358576743272041,0.5804617320661306,-0.044604057738926506
25.85,0.2785724511694429,0.2942497382095665,-0.01567728704012361
25.900000000000002,0.04868084487936434,0.017354449995721066,0.03132639488364328
25.950000000000003,-0.14591843979246444,-0.21834253306299084,0.0724240932705264
26.0,-0.3035260615663957,-0.3973491724131827,0.09382311084678696
26.05,-0.41158251931251055,-0.5125635605420369,0.10098104122952634
26.1,-0.4479705226774121,-0.5566157068090359,0.10864518413162383
26.150000000000002,-0.400367764883993,-0.5219539057170554,0.12158614083306235
26.200000000000003,-0.285628860186935,-0.41048414490553514,0.12485528471860013
26.25,-0.14995959732646588,-0.24430333569563117,0.09434373836916529
26.3,-0.046917519864062535,-0.06689297493388147,0.01997545506981893
26.35,-0.009315264774342974,0.06937808287439691,-0.07869334764873988
26.400000000000002,-0.036082638731702144,0.12375724085523394,-0.15983987958693607
26.450000000000003,-0.10218901168489126,0.08409142587249556,-0.18628043755738682
26.5,-0.18085343742949422,-0.029318391765160434,-0.1515350456643338
26.55,-0.25898062740726147,-0.17477562925462786,-0.0842049981526336
26.6,-0.3352352875623499,-0.3085163588709998,-0.026718928691350063
26.650000000000002,-0.4065134094785755,-0.4015796405160473,-0.004933768962528229
26.700000000000003,-0.4578301235647791,-0.44569938618715343,-0.012130737377625656
26.75,-0.46555834775950994,-0.44663068936738565,-0.01892765839212429
26.8,-0.4107126968048297,-0.41097663782541927,0.00026394102058957536
26.85,-0.2903670503065591,-0.3364826592295082,0.04611560892294908
26.900000000000002,-0.11848223503778302,-0.21334556505961405,0.09486333002183103
26.950000000000003,0.08202198841246412,-0.03648025429781981,0.11850224271028392
27.0,0.2869366911418908,0.17943814628337126,0.10749854485851953
27.05,0.4717834044018851,0.3935198716637173,0.07826353273816777
27.1,0.6086528166459966,0.5478892801874288,0.0607635364585678
27.150000000000002,0.6670753039527825,0.5903851636042986,0.07669014034848387
27.200000000000003,0.6239232043180081,0.4999293464314607,0.12399385788654738
27.25,0.47817605290586007,0.3010740196456598,0.1771020332602003
27.3,0.2598338454998866,0.05890942877976503,0.20092441672012157
27.35,0.024409261701985218,-0.14505307102854964,0.16946233273053485
27.400000000000002,-0.166320071756606,-0.24585075041380794,0.07953067865720193
27.450000000000003,-0.26752803350087206,-0.22147638190766278,-0.046051651593209286
27.5,-0.26634623077866815,-0.09924451100031956,-0.1671017197783486
27.55,-0.18175561502590615,0.061990515741107734,-0.24374613076701387
27.6,-0.05121570568843233,0.20462254021655743,-0.25583824590498977
27.650000000000002,0.08741667806350743,0.3010785070657924,-0.21366182900228498
27.700000000000003,0.20883228302726065,0.36065413643437,-0.15182185340710935
27.75,0.30240715716679484,0.41023389356786855,-0.10782673640107371
27.8,0.3649607930585025,0.4634134782946838,-0.09845268523618134
27.85,0.3915544376933284,0.5022971914361255,-0.11074275374279707
27.900000000000002,0.37273672863257845,0.48769922288490064,-0.11496249425232219
27.950000000000003,0.3013096513930817,0.39112857882069124,-0.08981892742760955
28.0,0.183272788035693,0.22295651643687556,-0.03968372840118256
28.05,0.04273506500059695,0.032253870422579344,0.010481194578017605
28.1,-0.08575172785867058,-0.1239056187953397,0.03815389093666913
28.150000000000002,-0.17366199285882727,-0.21785528163982082,0.044193288780993545
28.200000000000003,-0.21161099082183024,-0.264465621569486,0.052854630747655756
28.25,-0.20878207839852436,-0.2984980386922792,0.08971596029375484
28.3,-0.17997974729331806,-0.3355317754021343,0.15555202810881624
28.35,-0.13294716325870773,-0.3514446481989555,0.21849748494024776
28.400000000000002,-0.0684041902895699,-0.30102299197702337,0.23261880168745347
28.450000000000003,0.007453049600375809,-0.16270861259379707,0.1701616621941729
28.5,0.07193882379077945,0.027919700443948106,0.04401912334683135
28.55,0.09102299584276623,0.18694105107489029,-0.09591805523212406
28.6,0.04072623353417566,0.23111126036266333,-0.19038502682848768
28.650000000000002,-0.072018123664041,0.13229124338144088,-0.2043093670454819
28.700000000000003,-0.20819027043365812,-0.06289646482224998,-0.14529380561140814
28.75,-0.3183163304631695,-0.26198788459718525,-0.056328445865984234
28.8,-0.3697491307907377,-0.3815975451920341,0.011848414401296414
28.85,-0.3574355074311476,-0.38854901112266466,0.031113503691517053
28.900000000000002,-0.291910447529848,-0.30178263678489614,0.009872189255048125
28.950000000000003,-0.18019674260036517,-0.16190185134295398,-0.018294891257411183
29.0,-0.021573958637053543,0.001560305235338845,-0.023134263872392386
29.05,0.17618263762966313,0.17852976687186403,-0.0023471292422009016
29.1,0.37783405520883245,0.3605837337202672,0.017250321488565257
29.150000000000002,0.5232580124366015,0.518940464243413,0.004317548193188525
29.200000000000003,0.5573569923478702,0.6033349152642223,-0.045977922916352165
29.25,0.4661656610439586,0.5677461114016443,-0.1015804503576857
29.3,0.2889346417034412,0.4045272867394692,-0.11559264503602801
29.35,0.09482228623757749,0.15936575068792816,-0.06454346445035067
29.400000000000002,-0.057095055094026806,-0.08689746146180904,0.02980240636778224
29.450000000000003,-0.14256866911931368,-0.25841913194967203,0.11585046283035835
29.5,-0.16567453495920173,-0.31889492910748074,0.153220394148279
29.55,-0.13444597892802448,-0.27811738767408206,0.14367140874605758
29.6,-0.04652142648607559,-0.17037570018169482,0.12385427369561923
29.650000000000002,0.10095035786908209,-0.025558888617417994,0.12650924648650008
29.700000000000003,0.28998100388523257,0.14312299432352463,0.14685800956170794
29.75,0.47470263290881876,0.3275987607074008,0.14710387220141796
29.8,0.6002205109378571,0.504224531007825,0.09599597993003206
29.85,0.6325620387713778,0.626784628481642,0.005777410289735885
29.900000000000002,0.5732653939753305,0.6437732415191693,-0.07050784754383876
29.950000000000003,0.4470401117610219,0.5285415074882127,-0.08150139572719084
30.0,0.2770449081089693,0.29857118056637083,-0.02152627245740152
30.05,0.07301471363284376,0.008295114265175913,0.06471959936766784
30.1,-0.15789602969791502,-0.278773185053142,0.120877155355227
30.150000000000002,-0.3928347735265633,-0.5171780195525919,0.12434324602602859
30.200000000000003,-0.5913892798950915,-0.6878803444175116,0.09649106452242007
30.25,-0.7168085391889124,-0.788010283883953,0.07120174469504059
30.3,-0.7616922623133934,-0.8177688892167145,0.05607662690332116
30.35,-0.7526297448878905,-0.7790513323074177,0.02642158741952727
30.400000000000002,-0.7276371590285228,-0.6849226976430794,-0.042714461385443325
30.450000000000003,-0.7067041529222252,-0.5656651240166439,-0.1410390289055813
30.5,-0.6824096529304658,-0.45954728928432015,-0.2228623636461457
30.55,-0.6373613583282304,-0.3923445237221111,-0.24501683460611928
30.6,-0.56848329496367,-0.3627226696925483,-0.2057606252711217
30.650000000000002,-0.4920931769425857,-0.34709335584710443,-0.14499982109548126
30.700000000000003,-0.4245160643945555,-0.3201358958839929,-0.10438016851056264
30.75,-0.3593876047886266,-0.2727007005634571,-0.0866869042251695
30.8,-0.2675433121401439,-0.21165764364010567,-0.055885668500038205
30.85,-0.1230930311476119,-0.14396403104235986,0.020870999894747957
30.900000000000002,0.06779664457863777,-0.0626754959825355,0.13047214056117326
30.950000000000003,0.26324298305717164,0.049230523189882046,0.2140124598672896
31.0,0.4117233058834417,0.19877052855362798,0.21295277732981371
31.05,0.4845633672558379,0.36448789075980725,0.12007547649603062
31.1,0.48645505101734077,0.4974186594174698,-0.010963608400129055
31.150000000000002,0.4380454550537311,0.5433715526838047,-0.10532609763007356
31.200000000000003,0.35172421728941206,0.4715414070435882,-0.11981718975417616
31.25,0.22642592252070357,0.2910655874472572,-0.06463966492655362
31.3,0.06551108868307357,0.04787356103267105,0.017637527650402517
31.35,-0.10369520994539409,-0.19257287304639636,0.08887766310100227
31.400000000000002,-0.23314654501022672,-0.36631046346239376,0.13316391845216705
31.450000000000003,-0.28193337160915144,-0.42919709525431565,0.1472637236451642
31.5,-0.2452124139806983,-0.37028222767640623,0.12506981369570794
31.55,-0.158097986352074,-0.21719198954970173,0.059094003197627726
31.6,-0.07122224574693234,-0.02843704278659506,-0.042785202960337276
31.650000000000002,-0.020162223722750176,0.12849567426328448,-0.14865789798603465
31.700000000000003,-0.014223791806629684,0.20427240994144819,-0.21849620174807788
31.75,-0.048955174106244906,0.18422627447986695,-0.23318144858611184
31.8,-0.12328734790620523,0.08425462510658852,-0.20754197301279376
31.85,-0.2399440509122652,-0.06784630509950867,-0.17209774581275653
31.900000000000002,-0.38812309764707187,-0.24757517653881897,-0.1405479211082529
31.950000000000003,-0.5287869000122344,-0.43203153067514394,-0.09675536933709045
32.0,-0.6029166732577628,-0.5861495283470183,-0.01676714491074449
32.050000000000004,-0.5614189358893564,-0.6562110714972935,0.09479213560793709
32.1,-0.3936968146185005,-0.5856325163278875,0.191935701709387
32.15,-0.13187069907893892,-0.3473810580783978,0.2155103589994589
32.2,0.17076371816282054,0.030523245483479754,0.14024047267934078
32.25,0.466527829045965,0.46774217812639457,-0.0012143490804295554
32.300000000000004,0.7236831517315219,0.8628841020093281,-0.1392009502778062
32.35,0.9180435453804052,1.1326819193839888,-0.21463837400358354
32.4,1.0233348798302675,1.2358807994601062,-0.2125459196298387
32.45,1.0176927467319714,1.1745727542664197,-0.1568800075344483
32.5,0.9042897780381295,0.9833004489448562,-0.07901067090672675
32.550000000000004,0.7254611918499259,0.7191750772704798,0.006286114579446056
32.6,0.5513700425709833,0.454852855701483,0.09651718686950034
32.65,0.44574753552317364,0.26574800827445133,0.1799995272487223
32.7,0.4325250003458773,0.20643469999091316,0.22609030035496416
32.75,0.4880727582052393,0.2855721749347369,0.2025005832705024
32.800000000000004,0.5631865654454585,0.457764324051731,0.10542224139372752
32.85,0.6155670425782893,0.6427735975417843,-0.027206554963495
32.9,0.6278650993833039,0.7628477607619382,-0.13498266137863424
32.95,0.6020159510543562,0.7752154260639667,-0.17319947500961042
33.0,0.5419521144753702,0.6814741114062307,-0.13952199693086054
33.050000000000004,0.44449073072647877,0.5138319147310063,-0.06934118400452755
33.1,0.30684793451331577,0.313309290083034,-0.006461355569718219
33.15,0.14115761581827274,0.11509302165443251,0.02606459416384023
33.2,-0.021067273131678256,-0.05538408158345596,0.0343168084517777
33.25,-0.14214942170157902,-0.18206292969935753,0.03991350799777851
33.300000000000004,-0.20008023521036047,-0.2595623348347126,0.05948209962435211
33.35,-0.20160816428114023,-0.29495911280572773,0.0933509485245875
33.4,-0.17639612636726973,-0.3050773155860294,0.12868118921875968
33.45,-0.15766040984668858,-0.30852152891187845,0.15086111906518987
33.5,-0.16479415896405158,-0.31814375679207635,0.15334959782802476
33.550000000000004,-0.1999399148498736,-0.3398872056781695,0.13994729082829588
33.6,-0.2575167235616313,-0.3771372114677129,0.1196204879060816
33.65,-0.3351987963255656,-0.4337042314657188,0.0985054351401532
33.7,-0.4355106883846964,-0.5107087798228276,0.07519809143813116
33.75,-0.5574346273295483,-0.6008309468678165,0.04339631953826817
33.800000000000004,-0.6874418352286708,-0.6880161632545863,0.0005743280259155048
33.85,-0.8001752614593262,-0.755632820416171,-0.04454244104315519
33.9,-0.8701576462080255,-0.7961886140584167,-0.07396903214960882
33.95,-0.8855089725540499,-0.81229741126179,-0.07321156129225992
34.0,-0.8521720025444876,-0.806732801660813,-0.04543920088367459
34.050000000000004,-0.7850104763051924,-0.7714850996214965,-0.013525376683695911
34.1,-0.6935803301182627,-0.6886974689382507,-0.004882861180012021
34.15,-0.5751767573124527,-0.5456581424186161,-0.02951861489383656
34.2,-0.42131540806070833,-0.3513951353249717,-0.06992027273573664
34.25,-0.23151591902826238,-0.13864706814279573,-0.09286885088546665
34.300000000000004,-0.02117760101633318,0.0531580358568949,-0.07433563687322808
34.35,0.1846221780949909,0.20137960909731353,-0.01675743100232263
34.4,0.36637712299389213,0.3113919211049476,0.05498520188894451
34.45,0.5200512688157727,0.40700397503495417,0.11304729378081851
34.5,0.651094451760593,0.5083070650129806,0.14278738674761238
34.550000000000004,0.7567736817186197,0.613711541705419,0.14306214001320072
34.6,0.813586453827804,0.6973618964553475,0.11622455737245652
34.65,0.7845304470133992,0.7208307631378492,0.06369968387555003
34.7,0.6445338558888714,0.6504279345571483,-0.005894078668276959
34.75,0.4051159722862403,0.47247298823303135,-0.06735701594679105
34.800000000000004,0.1171375563485344,0.20296322927309046,-0.08582567292455606
34.85,-0.15329030020900541,-0.11098850159128942,-0.04230179861771599
34.9,-0.35907380429531355,-0.4016673193993135,0.042593515103999946
34.95,-0.49151507174857617,-0.6038846161030991,0.1123695443545229
35.0,-0.572117324665346,-0.6824132762637648,0.11029595159841876
35.050000000000004,-0.6267017866976554,-0.6479954445044399,0.021293657806784494
35.1,-0.6648713952389739,-0.5500528137824612,-0.11481858145651269
35.15,-0.6805032368170911,-0.44960689804478415,-0.23089633877230697
35.2,-0.6684829629012106,-0.39053939426799833,-0.27794356863321223
35.25,-0.6382881431991181,-0.38738133067633107,-0.250906812522787
35.300000000000004,-0.6093942445178673,-0.4324320389662884,-0.17696220555157888
35.35,-0.5921362517623248,-0.5085741412168739,-0.08356211054545082
35.4,-0.5727499966312533,-0.5927047696170172,0.01995477298576398
35.45,-0.5185552058360893,-0.6494418149141329,0.13088660907804361
35.5,-0.40115847802440474,-0.62998416647116,0.22882568844675522
35.550000000000004,-0.2189572668402477,-0.4895935226222247,0.27063625578197703
35.6,-0.0004343021256332782,-0.21849523918802521,0.21806093706239194
35.65,0.21359015988141214,0.13719959121904465,0.07639056866236749
35.7,0.39286104715334574,0.486427812823513,-0.09356676567016725
35.75,0.5270995379156911,0.7351248148151961,-0.208025276899505
35.800000000000004,0.6172992450515884,0.8332419624102128,-0.21594271735862436
35.85,0.6614158945000256,0.7954201559741025,-0.13400426147407696
35.9,0.6510899486503974,0.6831546752055192,-0.032064726555121825
35.95,0.5836714503668816,0.5640265762768795,0.01964487409000215
36.0,0.47709418283011196,0.4773709541658506,-0.0002767713357386681
36.050000000000004,0.37030737642225203,0.4264322368327381,-0.05612486041048609
36.1,0.3041035074853604,0.3948882452085468,-0.0907847377231864
36.15,0.2954383941842138,0.3692886355504147,-0.07385024136620089
36.2,0.3259194574403373,0.34931565689129584,-0.023396199450958555
36.25,0.354686097419741,0.34107160693851446,0.013614490481226538
36.300000000000004,0.34625770050955623,0.34261927992697017,0.003638420582586066
36.35,0.2921374094144532,0.3359638162222529,-0.0438264068077997
36.4,0.21103159818788741,0.29394568352870487,-0.08291408534081746
36.45,0.13067946772793237,0.1991125141750523,-0.06843304644711992
36.5,0.06841630411420228,0.06183552737561795,0.006580776738584336
36.550000000000004,0.025904454370710178,-0.07698236847148045,0.10288682284219063
36.6,-0.0013019930394936419,-0.1646414718311311,0.16333947879163746
36.65,-0.012314720470139685,-0.1675338332345052,0.1552191127643655
36.7,-0.0006385048811928041,-0.09339071970303958,0.09275221482184678
36.75,0.03461474341377248,0.012680674267500544,0.021934069146271933
36.800000000000004,0.0785115871515664,0.09712009884928409,-0.018608511697717683
36.85,0.10383443132359041,0.12987921549143722,-0.026044784167846807
36.9,0.08830224917593196,0.11399059764964989,-0.025688348473717926
36.95,0.03157979814886804,0.06708656221339865,-0.035506764064530606
37.0,-0.04327265061666211,-0.003832727499173867,-0.03943992311748824
37.050000000000004,-0.10633866051588288,-0.10539207657662254,-0.000946583939260337
37.1,-0.1420294013711944,-0.23218299765349282,0.09015359628229841
37.15,-0.15741057570928563,-0.33978331783586907,0.18237274212658344
37.2,-0.17156805290510413,-0.35398618842305324,0.1824181355179491
37.25,-0.19647120685227898,-0.22405736884906002,0.027586161996781045
37.300000000000004,-0.22641729963259324,0.018974278196518573,-0.2453915778291118
37.35,-0.24408469627363338,0.25640918802302987,-0.5004938842966633
37.4,-0.23542093317143337,0.3505314185876269,-0.5859523517590602
37.45,-0.19810774116153895,0.2452397770158245,-0.44334751817736345
37.5,-0.13602493856082568,0.019012435211841656,-0.15503737377266733
37.550000000000004,-0.04712056966426888,-0.15984789691209722,0.11272732724782834
37.6,0.08054186827439931,-0.1485108011209233,0.2290526693953226
37.65,0.25755434080503803,0.07174293590787649,0.18581140489716153
37.7,0.47533791318517693,0.3895745594380408,0.08576335374713612
37.75,0.6985260083517946,0.6511776777261229,0.047348330625671675
37.800000000000004,0.8768158705055046,0.7672419029288332,0.10957396757667137
37.85,0.9688621444900508,0.7547272716345372,0.21413487285551358
37.9,0.9604157984833837,0.6898711956005803,0.27054460288280335
37.95,0.8643691782962483,0.6250405554678073,0.23932862282844092
38.0,0.7062029011836373,0.5463558422347994,0.15984705894883788
38.050000000000004,0.509542585994016,0.40402821809799905,0.10551436789601698
38.1,0.29310896736981623,0.17843574724590264,0.1146732201239136
38.15,0.076728131741626,-0.08434727714654228,0.1610754088881683
38.2,-0.11559011025386948,-0.30055130410784836,0.18496119385397888
38.25,-0.263507808541678,-0.4127265074749896,0.14921869893331163
38.300000000000004,-0.3638505589300569,-0.4315795712559833,0.06772901232592637
38.35,-0.4357656801488276,-0.42145552726783886,-0.014310152880988747
38.400000000000006,-0.50908312220973,-0.4470118801168093,-0.06207124209292064
38.45,-0.6025649973103604,-0.5289635301380377,-0.07360146717232274
38.5,-0.709096743945679,-0.6416037565334894,-0.06749298741218956
38.550000000000004,-0.8001285846953482,-0.7440518714924746,-0.05607671320287355
38.6,-0.8456967020490781,-0.8110183770771893,-0.03467832497188883
38.650000000000006,-0.8336246621990395,-0.8381344934353141,0.004509831236274575
38.7,-0.7733885702501047,-0.8265829798760516,0.053194409625946903
38.75,-0.6843015665389781,-0.7704234092385445,0.08612184269956635
38.800000000000004,-0.5807337154193504,-0.6618421570050114,0.081108441585661
38.85,-0.46745897270050746,-0.5071323440760003,0.039673371375492816
38.900000000000006,-0.34677834725066786,-0.334076589155868,-0.012701758094799842
38.95,-0.22751526392595914,-0.1805203829261819,-0.04699488099977725
39.0,-0.12518631654854737,-0.07288351519397977,-0.052302801354567593
39.050000000000004,-0.052490371681753044,-0.012621115169005888,-0.039869256512747156
39.1,-0.009484036602475522,0.01942436413048321,-0.028908400732958733
39.150000000000006,0.01654066566998046,0.04648537005078062,-0.02994470438080016
39.2,0.04061082430917428,0.08100481208736122,-0.040393987778186945
39.25,0.06802007804102116,0.12058540044129867,-0.05256532240027752
39.300000000000004,0.0908841896451813,0.15350269315083503,-0.06261850350565373
39.35,0.09553387365748235,0.16666584615556923,-0.07113197249808688
39.400000000000006,0.07366753150101576,0.15070342458546512,-0.07703589308444936
39.45,0.02802862962751015,0.10173399168383063,-0.07370536205632047
39.5,-0.030517210970527755,0.021954192094522602,-0.052471403065050354
39.550000000000004,-0.08983031049818702,-0.07950297836126474,-0.010327332136922274
39.6,-0.14049131285774263,-0.1856434863069582,0.04515217344921557
39.650000000000006,-0.17491585982102137,-0.27197816052108353,0.09706230070006217
39.7,-0.18557748614164735,-0.31035257296125074,0.12477508681960339
39.75,-0.16720991310047556,-0.2782673657290451,0.11105745262856953
39.800000000000004,-0.12276067777263058,-0.17255360841616815,0.04979293064353757
39.85,-0.06715165086877847,-0.02017179433302295,-0.046979856535755524
39.900000000000006,-0.02280526320025731,0.12486264853437738,-0.1476679117346347
39.95,-0.007399499592341498,0.2039801992698391,-0.21137969886218058
40.0,-0.021953144005872276,0.18698105530062667,-0.20893419930649895
40.050000000000004,-0.0489786670935588,0.09365152205446224,-0.14263018914802106
40.1,-0.06371161820056008,-0.014820484376324713,-0.048891133824235364
40.150000000000006,-0.05118760543489697,-0.07295477385129362,0.02176716841639665
40.2,-0.016530851887801748,-0.051745141310446593,0.035214289422644846
40.25,0.019814347125863815,0.026793208325388417,-0.006978861199524601
40.300000000000004,0.03885965369752382,0.11134877411344725,-0.07248912041592342
40.35,0.039271565442544835,0.16063727607285827,-0.12136571063031343
40.400000000000006,0.04044949884365536,0.16915430929845032,-0.12870481045479495
40.45,0.06992605978749858,0.16262905973546588,-0.0927029999479673
40.5,0.14469253086284492,0.17346566190348478,-0.02877313104063986
40.550000000000004,0.2605212893551937,0.22050049626494833,0.040020793090245366
40.6,0.3963823145516511,0.30690712094651346,0.08947519360513767
40.650000000000006,0.5284832202583432,0.4284655997334799,0.10001762052486324
40.7,0.6411111844813157,0.5754358429785935,0.06567534150272214
40.75,0.7257702663943454,0.723773949355668,0.00199631703867742
40.800000000000004,0.7721740037495645,0.8300057634376887,-0.05783175968812426
40.85,0.7632429464232796,0.845895817300665,-0.08265287087738538
40.900000000000006,0.6828586790039615,0.7493144476350093,-0.06645576863104785
40.95,0.5321691374118213,0.5663358338987649,-0.03416669648694359
41.0,0.33962242491593536,0.3610384771775469,-0.02141605226161153
41.050000000000004,0.15241342450403986,0.19607297883397462,-0.04365955432993476
41.1,0.011937319184190796,0.09443891251517594,-0.08250159333098514
41.150000000000006,-0.06940068138550651,0.0335865629724693,-0.10298724435797581
41.2,-0.11165550676570779,-0.025348570676718887,-0.0863069360889889
41.25,-0.1475480132314833,-0.10116982072089854,-0.04637819251058477
41.300000000000004,-0.1945071782651993,-0.18095592827531704,-0.013551249989882275
41.35,-0.24022590552581508,-0.2389465351362526,-0.0012793703895624675
41.400000000000006,-0.2522222056137586,-0.26238227089255195,0.010160065278793373
41.45,-0.20258561609840856,-0.2569373238794386,0.05435170778103002
41.5,-0.08801913458583618,-0.22870379656842854,0.14068466198259236
41.550000000000004,0.06890276298095822,-0.16599148291993052,0.23489424590088875
41.6,0.2349002338620664,-0.045021204739532895,0.2799214386015993
41.650000000000006,0.382929433687029,0.14181048602588364,0.24111894766114533
41.7,0.49789170038724034,0.3616932769504199,0.13619842343682043
41.75,0.5703684428934539,0.5468579590434235,0.023510483850030406
41.800000000000004,0.5883922516192874,0.6289259544424267,-0.040533702823139284
41.85,0.5372736646601999,0.5754916411521527,-0.0382179764919528
41.900000000000006,0.40831401745167645,0.4016561070641284,0.006657910387548038
41.95,0.20840344691424,0.15268379366703738,0.05571965324720263
42.0,-0.03808864235902677,-0.12268902836253816,0.08460038600351139
42.050000000000004,-0.296732377294705,-0.3869984244884784,0.0902660471937734
42.1,-0.534073188667551,-0.6131757811878052,0.0791025925202542
42.150000000000006,-0.7252246496226696,-0.7803077069734285,0.05508305735075891
42.2,-0.855304445830417,-0.876423571688835,0.02111912585841802
42.25,-0.916973233042776,-0.9044127313778761,-0.012560501664899859
42.300000000000004,-0.9077545451841965,-0.8794093122061096,-0.028345232978086887
42.35,-0.8289806946996133,-0.8148589296451768,-0.01412176505443652
42.400000000000006,-0.6862173777169072,-0.7096979476386672,0.023480569921760064
42.45,-0.490651057880066,-0.5518225730945528,0.06117151521448683
42.5,-0.26108781588247365,-0.337846134740633,0.07675831885815937
42.550000000000004,-0.025267406147195897,-0.09116303832232779,0.06589563217513189
42.6,0.18220991828272035,0.14061968085889825,0.04159023742382209
42.650000000000006,0.32739362058273647,0.309143135587336,0.01825048499540044
42.7,0.3882240024170111,0.3900104772330845,-0.0017864748160734134
42.75,0.36356512560977144,0.3884217896351612,-0.024856664025389774
42.800000000000004,0.27368346909021035,0.32459056657651797,-0.05090709748630762
42.85,0.15074787381533275,0.21680383322816568,-0.06605595941283293
42.900000000000006,0.024721096501655812,0.07914513044908271,-0.0544240339474269
42.95,-0.08692345223439983,-0.06810237504231667,-0.01882107719208316
43.0,-0.18044475347356245,-0.1932857838151717,0.012841030341609244
43.050000000000004,-0.2594369947247513,-0.26624801215096433,0.00681101742621304
43.1,-0.3267067208352327,-0.2807488720895995,-0.045957848745633245
43.150000000000006,-0.37974065975945154,-0.26351942199292944,-0.1162212377665221
43.2,-0.4111173709424099,-0.25628170840760506,-0.15483566253480485
43.25,-0.41192913309896734,-0.2823895640257211,-0.12953956907324626
43.300000000000004,-0.3758197012863324,-0.3261572673640583,-0.049662433922274096
43.35,-0.3024028287177033,-0.34348249078405835,0.04107966206635505
43.400000000000006,-0.19935941073378086,-0.29544064641199425,0.09608123567821339
43.45,-0.08207618173205644,-0.17742348930461924,0.0953473075725628
43.5,0.030073076946470767,-0.022109095615480568,0.05218217256195133
43.550000000000004,0.11978711411207801,0.12217606272343304,-0.002388948611355024
43.6,0.17710681478084575,0.21797111375748118,-0.04086429897663543
43.650000000000006,0.20097098334455424,0.2521168600661835,-0.05114587672162926
43.7,0.1970383831694177,0.23375147845394448,-0.036713095284526764
43.75,0.1745951727803833,0.18606154201113514,-0.011466369230751838
43.800000000000004,0.14505111272094262,0.13888146940598975,0.006169643314952872
43.85,0.1213316932114149,0.12068768649841242,0.000644006713002479
43.900000000000006,0.11520842776528113,0.14679830660595558,-0.03158987884067445
43.95,0.1315358007961933,0.20836989092471886,-0.07683409012852557
44.0,0.16308898508292843,0.27315175122512214,-0.11006276614219371
44.050000000000004,0.19192777093838123,0.30299221702160556,-0.11106444608322433
44.1,0.1992398229376253,0.2781081693098467,-0.07886834637222143
44.150000000000006,0.17796795716882594,0.209562946743597,-0.031594989574771054
44.2,0.13840749824126172,0.12993004504433217,0.008477453196929552
44.25,0.10131959966741988,0.0708217323436138,0.030497867323806077
44.300000000000004,0.08311657071362652,0.04646906038173284,0.03664751033189368
44.35,0.08461612011502563,0.054384270313964735,0.030231849801060896
44.400000000000006,0.09215869821039041,0.08629095360689375,0.0058677446034966635
44.45,0.08959444479518895,0.13404620785770338,-0.04445176306251443
44.5,0.07084449616198256,0.1847593105213155,-0.11391481435933294
44.550000000000004,0.043105146130672505,0.21528011600591393,-0.17217496987524142
44.6,0.019481524365621415,0.1996758158209378,-0.18019429145531637
44.650000000000006,0.008653449810482194,0.12895346484561987,-0.12030001503513768
44.7,0.010382389132009388,0.025342962911290404,-0.014960573779281016
44.75,0.01913704111869557,-0.0662352873563912,0.08537232847508677
44.800000000000004,0.030719998054584516,-0.10692282252932764,0.13764282058391214
44.85,0.045296193433006546,-0.08983081486311442,0.13512700829612095
44.900000000000006,0.0650352035549104,-0.04058380402072294,0.10561900757563333
44.95,0.09012441639129283,0.0074642922779724905,0.08266012411332034
45.0,0.11776177977827579,0.04034643810743061,0.07741534167084518
45.050000000000004,0.14478884187153157,0.06911237770912108,0.07567646416241049
45.1,0.17046951574311825,0.11181286812218272,0.05865664762093553
45.150000000000006,0.19576416573435804,0.17168647335672946,0.02407769237762858
45.2,0.21911314093027964,0.23215539744908528,-0.01304225651880564
45.25,0.2324520950347462,0.2698404133915339,-0.037388318356787714
45.300000000000004,0.2215842074641762,0.26901746311895364,-0.047433255654777434
45.35,0.17205754584381625,0.2233701848732299,-0.05131263902941366
45.400000000000006,0.07785797291299666,0.1290452367526569,-0.05118726383966023
45.45,-0.051943923186347815,-0.015250464921679079,-0.03669345826466874
45.5,-0.1929607566428962,-0.19480386367770883,0.0018431070348126355
45.550000000000004,-0.3131321228456519,-0.36643149756180116,0.05329937471614926
45.6,-0.38535891820394,-0.46844200499732264,0.08308308679338261
45.650000000000006,-0.3984574615061136,-0.4559754722681411,0.057518010762027505
45.7,-0.3594530152228189,-0.33655022292895137,-0.022902792293867547
45.75,-0.28515371003974316,-0.17252976671009668,-0.11262394332964648
45.800000000000004,-0.18885288462191885,-0.04159684302957558,-0.14725604159234326
45.85,-0.0727343299626352,0.016686477031712523,-0.08942080699434772
45.900000000000006,0.06718117249189069,0.025304176201292966,0.041876996290597726
45.95,0.22737963530755054,0.04527605783695395,0.18210357747059658
46.0,0.38707838814713524,0.1233752877708139,0.26370310037632133
46.050000000000004,0.5128998244852447,0.25529228244987334,0.2576075420353714
46.1,0.576035697531428,0.3913520170432144,0.18468368048821365
46.150000000000006,0.5678112430122781,0.47414633832681924,0.0936649046854589
46.2,0.4999223608481571,0.4733218842976275,0.026600476550529606
46.25,0.3895027491636808,0.39212010964072747,-0.002617360477046693
46.300000000000004,0.24396315648382982,0.25007390321533524,-0.006110746731505412
46.35,0.06128847675442042,0.06592265165401395,-0.0046341748995935295
46.400000000000006,-0.15390654098270543,-0.14274634992797802,-0.011160191054727403
46.45,-0.37541646654014743,-0.34961657332199936,-0.025799893218148073
46.5,-0.5596850048519865,-0.5184119461157455,-0.041273058736240986
46.550000000000004,-0.6696984905886096,-0.618474023458946,-0.051224467129663664
46.6,-0.6986746766832856,-0.6443607610346261,-0.054313915648659505
46.650000000000006,-0.6713034877416318,-0.6189793797909883,-0.05232410795064357
46.7,-0.6199971094011649,-0.5742088486395347,-0.04578826076163023
46.75,-0.557448808468481,-0.524992563741376,-0.032456244727104955
46.800000000000004,-0.471237978684862,-0.4600476134777764,-0.011190365207085606
46.85,-0.34556757980695985,-0.35736565360687805,0.011798073799918207
46.900000000000006,-0.18858652404897663,-0.21024132450528102,0.021654800456304385
46.95,-0.03729226771098555,-0.040881828128479965,0.0035895604174944126
47.0,0.06693786829137569,0.10933075451589967,-0.04239288622452399
47.050000000000004,0.11031356833798871,0.20380607633800457,-0.09349250800001586
47.1,0.11586815071505642,0.23006771226921832,-0.1141995615541619
47.150000000000006,0.12074352153586687,0.20245311179963438,-0.0817095902637675
47.2,0.14274597482806206,0.15041983961658048,-0.00767386478851842
47.25,0.16757323287829076,0.10288580558783122,0.06468742729045954
47.300000000000004,0.1678354061217508,0.07705521983001835,0.09078018629173244
47.35,0.13402882109569203,0.07422556790631021,0.059803253189381816
47.400000000000006,0.08644055240592362,0.08213293052459292,0.0043076218813307005
47.45,0.056529925198202324,0.08339062333714807,-0.026860698138945746
47.5,0.05706521951828522,0.06781347666630536,-0.010748257148020135
47.550000000000004,0.07145267863112365,0.04191721620011502,0.029535462431008623
47.6,0.07309954524660654,0.02722365985748187,0.04587588538912467
47.650000000000006,0.05497615555357058,0.04550919724399097,0.00946695830957961
47.7,0.03871954247847833,0.10052629606253854,-0.061806753584060216
47.75,0.052838140056269786,0.17121538255292998,-0.11837724249666019
47.800000000000004,0.10089531603358352,0.22365383904461944,-0.12275852301103592
47.85,0.15166446662839606,0.23325497540398454,-0.08159050877558849
47.900000000000006,0.16270568975945418,0.19940839560261947,-0.03670270584316529
47.95,0.11651084297375935,0.1413053853401737,-0.024794542366414346
48.0,0.03588978554243158,0.08048451181273693,-0.04459472627030535
48.050000000000004,-0.03526335367038976,0.026776045835965018,-0.06203939950635478
48.1,-0.06736578087005818,-0.02069111475221196,-0.04667466611784622
48.150000000000006,-0.06426969984906211,-0.06149572286165854,-0.002773976987403573
48.2,-0.05075154751571304,-0.08561443576410192,0.03486288824838888
48.25,-0.043526619917883584,-0.07866479851472877,0.03513817859684518
48.300000000000004,-0.03512038379062287,-0.03586502885571406,0.0007446450650911915
48.35,-0.0051053689113583,0.029527378665235676,-0.03463274757659397
48.400000000000006,0.05459634235757078,0.09238080461182017,-0.0377844622542494
48.45,0.12672444458880197,0.1315476587908642,-0.00482321420206222
48.5,0.18088748529747226,0.14183750768514453,0.03904997761232773
48.550000000000004,0.1984911960257215,0.13311756960223495,0.06537362642348654
48.6,0.1861261721860983,0.11969487834247496,0.06643129384362335
48.650000000000006,0.16559750630519887,0.11042533674547429,0.05517216955972458
48.7,0.15181604316408157,0.10643344260670932,0.04538260055737224
48.75,0.14033908667021167,0.10454047974913468,0.03579860692107699
48.800000000000004,0.11516113350145006,0.10036134226075479,0.014799791240695276
48.85,0.06702835244900171,0.08865388874555653,-0.021625536296554823
48.900000000000006,0.0036054627879356692,0.06382301852203308,-0.06021755573409741
48.95,-0.05710722288754972,0.023352703434613622,-0.08045992632216334
49.0,-0.1013827768678329,-0.028161641747324256,-0.07322113512050864
49.050000000000004,-0.12698933868979081,-0.07956760481572978,-0.04742173387406104
49.1,-0.13721798608906474,-0.11937259753184781,-0.01784538855721693
49.150000000000006,-0.13052600499278058,-0.14182158053023095,0.011295575537450364
49.2,-0.09871793690408184,-0.14612474790764382,0.04740681100356198
49.25,-0.03657114420679193,-0.12977479420749605,0.09320365000070412
49.300000000000004,0.047125304025404366,-0.08515250679136202,0.13227781081676637
49.35,0.12933279931129502,-0.007015524121609328,0.13634832343290434
49.400000000000006,0.18497501135937075,0.09356641207574246,0.0914085992836283
49.45,0.2010691242509093,0.18373635220249446,0.017332772048414852
49.5,0.1807468489608796,0.22277487972002252,-0.04202803075914291
49.550000000000004,0.13529847604067802,0.18883553276610282,-0.0535370567254248
49.6,0.0735290784897434,0.09693181708028659,-0.02340273859054319
49.650000000000006,-0.0011010910300602575,-0.00949508450038569,0.008393993470325434
49.7,-0.0842364909825834,-0.08919553032368768,0.004959039341104282
49.75,-0.16363627363187871,-0.13109454453003028,-0.03254172910184844
49.800000000000004,-0.220377582205637,-0.15568629646368937,-0.06469128574194763
49.85,-0.23873960898718083,-0.18908066871148713,-0.0496589402756937
49.900000000000006,-0.21653876764532598,-0.23376701524355886,0.017228247598232882
49.95,-0.16701447884110457,-0.26332323805725205,0.09630875921614748
50.0,-0.11074792986992124,-0.24628356018051342,0.13553563031059218
50.050000000000004,-0.06418997198340569,-0.1773613475517752,0.11317137556836952
50.1,-0.033162989637176045,-0.08726179431933546,0.05409880468215942
50.150000000000006,-0.014691752107696096,-0.021721594583808766,0.00702984247611267
50.2,-0.003952086523449887,-0.007973508983439896,0.004021422459990009
50.25,-0.00030065910213624835,-0.03727779703427415,0.0369771379321379
50.300000000000004,-0.008303550608374176,-0.07678956864555377,0.06848601803717959
50.35,-0.033742907718135075,-0.09804605880198548,0.0643031510838504
50.400000000000006,-0.07772235143687063,-0.09663669161970394,0.018914340182833306
50.45,-0.1329322536244509,-0.088298059446966,-0.044634194177484904
50.5,-0.18491221246200806,-0.08893260745667744,-0.09597960500533062
50.550000000000004,-0.2181920950852707,-0.09878336219569643,-0.11940873288957428
50.6,-0.22367776251378893,-0.1040019893232996,-0.11967577319048933
50.650000000000006,-0.2020019728263745,-0.091039132205421,-0.1109628406209535
50.7,-0.16001983694219593,-0.05838165626843985,-0.10163818067375607
50.75,-0.10334700315410045,-0.015256700649975493,-0.08809030250412496
50.800000000000004,-0.032115854815409677,0.02897550601735386,-0.061091360832763536
50.85,0.05490943903950782,0.07251456566006736,-0.017605126620559547
50.900000000000006,0.15066092785257282,0.11827116835285524,0.03238975949971758
50.95,0.2343098504077546,0.16460286019998435,0.06970699020777024
51.0,0.2781911735355958,0.2004131926186881,0.07777798091690771
51.050000000000004,0.2647806093650925,0.21077151645459558,0.054009092910496936
51.1,0.20086673213647913,0.18854944513015873,0.012317287006320399
51.150000000000006,0.1160233224082065,0.1414885585355998,-0.025465236127393306
51.2,0.04462002252142156,0.08813304898356661,-0.04351302646214505
51.25,0.00483140313859083,0.045931927108317325,-0.04110052396972649
51.300000000000004,-0.008753560415885119,0.02131614643143831,-0.03006970684732343
51.35,-0.013866926729058919,0.009258861657025184,-0.023125788386084103
51.400000000000006,-0.021697423120131034,0.0014628665641552834,-0.023160289684286316
51.45,-0.02739186286389378,-0.004524071484005242,-0.022867791379888536
51.5,-0.01725322871343668,-0.002846078597892286,-0.014407150115544394
51.550000000000004,0.015866849072691886,0.015074301410991421,0.0007925476617004646
51.6,0.0644417022416224,0.05212918978408699,0.012312512457535417
51.650000000000006,0.11274549887139036,0.10136445456995376,0.011381044301436605
51.7,0.1505741229463658,0.14929047999394263,0.0012836429524231696
51.75,0.18017453404075348,0.1838754659858202,-0.00370093194506671
51.800000000000004,0.20986863140987394,0.200984865289145,0.008883766120728942
51.85,0.24153307763515924,0.20455817647733937,0.03697490115781987
51.900000000000006,0.2650724113682244,0.20087282751205682,0.06419958385616759
51.95,0.2656144057640704,0.19182893730219586,0.07378546846187456
52.0,0.23623973766300038,0.17276845603466914,0.06347128162833124
52.050000000000004,0.18371942309035844,0.13652700940278006,0.04719241368757837
52.1,0.12198916542787477,0.08029335978115043,0.04169580564672434
52.150000000000006,0.06019447742591334,0.009579787647703737,0.050614689778209605
52.2,-0.0031032676290886833,-0.06398341224607042,0.060880144616981734
52.25,-0.07479969210467977,-0.12930499365795756,0.05450530155327779
52.300000000000004,-0.15733037086566168,-0.18182875037306975,0.024498379507408075
52.35,-0.2440078732850557,-0.22466471416332795,-0.019343159121727738
52.400000000000006,-0.3233571948525772,-0.264702850067532,-0.058654344785045165
52.45,-0.38695543473006616,-0.3070470977982913,-0.07990833693177485
52.5,-0.4326920451047783,-0.3513591045447998,-0.08133294055997853
52.550000000000004,-0.46131048577879763,-0.39136687355503885,-0.06994361222375878
52.6,-0.47141476799384713,-0.4166744642926917,-0.0547403037011554
52.650000000000006,-0.4588738646409388,-0.41582788890724554,-0.04304597573369329
52.7,-0.4205757085268613,-0.38033197753376696,-0.04024373099309436
52.75,-0.3571219332523239,-0.3089170335250542,-0.04820489972726971
52.800000000000004,-0.27065407144808074,-0.20971990316952266,-0.060934168278558076
52.85,-0.16068081619461363,-0.09760279246544548,-0.06307802372916815
52.900000000000006,-0.024507533688717862,0.013330955513127327,-0.03783848920184519
52.95,0.1354235781895507,0.11733209306224689,0.01809148512730381
53.0,0.303326795824117,0.2181411188311654,0.08518567699295157
53.050000000000004,0.4502615201892771,0.3211258366206253,0.1291356835686518
53.1,0.5455481618870544,0.42155329386967283,0.12399486801738152
53.150000000000006,0.5717397965800667,0.4988269879810156,0.07291280859905108
53.2,0.5313639514354299,0.5232333072400988,0.00813064419533116
53.25,0.44055321083313215,0.47227546693900274,-0.031722256105870594
53.300000000000004,0.3162931019161083,0.3457028944872515,-0.02940979257114318
53.35,0.1691197223605375,0.16870252323025223,0.0004171991302852618
53.400000000000006,0.006803819902335039,-0.018818392051221846,0.025622211953556885
53.45,-0.15676416840757734,-0.17939030358369396,0.022626135176116613
53.5,-0.29838942815818553,-0.29091592049382425,-0.0074735076643612786
53.550000000000004,-0.3930548876604466,-0.3493293127270905,-0.043725574933356104
53.6,-0.426270745219479,-0.3624689110906915,-0.06380183412878748
53.650000000000006,-0.4006746290372236,-0.34113101107343025,-0.05954361796379337
53.7,-0.3318532245183036,-0.29275817177257535,-0.039095052745728276
53.75,-0.23830210574930938,-0.22012785412288402,-0.01817425162642536
53.800000000000004,-0.13471973846039142,-0.12469428298744922,-0.010025455472942202
53.85,-0.03270743550591764,-0.01246813465265125,-0.02023930085326639
53.900000000000006,0.05556320331778747,0.10129446053030157,-0.0457312572125141
53.95,0.11789793861870625,0.19311019972528967,-0.07521226110658343
54.0,0.14831588612065896,0.24019136251548515,-0.09187547639482618
54.050000000000004,0.1527020553749583,0.23355873090215717,-0.08085667552719888
54.1,0.14647796676044697,0.18615764921655628,-0.03967968245610931
54.150000000000006,0.14414469139472785,0.12780694839113452,0.016337743003593336
54.2,0.14907620989285003,0.08792143186874524,0.061154778024104794
54.25,0.15289986503071626,0.0776980004257202,0.07520186460499606
54.300000000000004,0.1456014380705668,0.085818943508287,0.0597824945622798
54.35,0.127570383179205,0.09174318648395706,0.035827196695247934
54.400000000000006,0.11251866132650096,0.08575022049929998,0.02676844082720098
54.45,0.11791478618768836,0.07836780568384188,0.039546980503846474
54.5,0.15044500835851513,0.09051536530890826,0.059929643049606865
54.550000000000004,0.19845914436923176,0.13268558826278165,0.06577355610645011
54.6,0.23770326282882387,0.19156111517533003,0.04614214765349384
54.650000000000006,0.2460282351859544,0.23618719872777383,0.009841036458180574
54.7,0.21614327593353702,0.2387258870200457,-0.02258261108650869
54.75,0.15779558321698753,0.19248581029674025,-0.03469022707975272
54.800000000000004,0.08930569754261335,0.11333128940134761,-0.024025591858734263
54.85,0.025928147878671794,0.025822101038714143,0.00010604683995765057
54.900000000000006,-0.026469033570195283,-0.05213868166858209,0.02566964809838681
54.95,-0.0692308054206273,-0.11381927031413176,0.04458846489350446
55.0,-0.10391339327680572,-0.15741799457963573,0.05350460130283001
55.050000000000004,-0.12727143198945365,-0.1793601314868591,0.05208869949740544
55.1,-0.1326564039808967,-0.17563998423444654,0.04298358025354984
55.150000000000006,-0.11660741469477448,-0.1490486672748764,0.032441252580101915
55.2,-0.08493614340879863,-0.11264059393941869,0.027704450530620067
55.25,-0.05265988324408203,-0.0835368902620916,0.03087700701800957
55.300000000000004,-0.03675501599870082,-0.07187969208546661,0.035124676086765796
55.35,-0.04648081448235481,-0.0756732301153789,0.029192415633024084
55.400000000000006,-0.07841610262908978,-0.08673782504584542,0.008321722416755634
55.45,-0.12012391214233713,-0.10163371332731237,-0.018490198815024755
55.5,-0.15969000691100882,-0.12611477979608376,-0.033575227114925055
55.550000000000004,-0.19357292913713484,-0.16817502181407526,-0.025397907323059576
55.6,-0.2264688823571965,-0.22650593762782031,3.70552706238092e-05
55.650000000000006,-0.26352777992779525,-0.2861340122465615,0.02260623231876624
55.7,-0.30179657723870945,-0.32608461806242806,0.024288040823718604
55.75,-0.328531672183459,-0.3322342602268494,0.0037025880433903535
55.800000000000004,-0.32821964215669913,-0.3039128591986292,-0.024306782958069928
55.85,-0.29277724043724235,-0.24964248253348312,-0.04313475790375923
55.900000000000006,-0.22685995208182871,-0.17820137759580373,-0.04865857448602498
55.95,-0.14450668134278866,-0.0947432688839828,-0.04976341245880586
56.0,-0.06041355514780175,-0.004725205457589157,-0.055688349690212594
56.050000000000004,0.017240793054735134,0.08114578255758602,-0.06390498950285088
56.1,0.08790311904475204,0.14927599005335,-0.06137287100859795
56.150000000000006,0.15463079206288635,0.19282634652634886,-0.03819555446346251
56.2,0.2192629981721307,0.21924064852341424,2.234964871647427e-05
56.25,0.2801048851549218,0.24632137994997336,0.033783505204948466
56.300000000000004,0.3323307194640887,0.2878628583577804,0.04446786110630829
56.35,0.3696138086339882,0.3405718922764685,0.02904191635751968
56.400000000000006,0.38615401054308784,0.3842244515542052,0.0019295589888826403
56.45,0.37917129322983417,0.39588351379412606,-0.01671222056429189
56.5,0.35112148225294426,0.3667193766606481,-0.015597894407703816
56.550000000000004,0.30941649571309787,0.3078313973952332,0.001585098317864686
56.6,0.262143415689536,0.2411077571870695,0.02103565850246647
56.650000000000006,0.21188127379266125,0.18343943530555903,0.028441838487102217
56.7,0.15292433639674552,0.1367621603887189,0.016162176008026607
56.75,0.07580629703357457,0.08999958540564815,-0.014193288372073579
56.800000000000004,-0.023104554719597305,0.02910521085009008,-0.052209765569687386
56.85,-0.1346670530081951,-0.0531573974228108,-0.08150965558538428
56.900000000000006,-0.2393418991431801,-0.15305204656571195,-0.08628985257746816
56.95,-0.3177998728572291,-0.25708821539805227,-0.06071165745917684
57.0,-0.36112917504333064,-0.3459559731918863,-0.015173201851444329
57.050000000000004,-0.37215738856493535,-0.39984711330134887,0.027689724736413512
57.1,-0.35769751501242864,-0.405060274507654,0.04736275949522534
57.150000000000006,-0.3201894711713207,-0.36022106872362,0.04003159755229929
57.2,-0.2575832724361023,-0.27816005551605116,0.020576783079948868
57.25,-0.1716777907130259,-0.1806520730306972,0.008974282317671278
57.300000000000004,-0.07590895179024139,-0.08843878815154894,0.012529836361307556
57.35,0.006803188247672367,-0.013514334559632172,0.02031752280730454
57.400000000000006,0.05623919763385851,0.04078283210027796,0.015456365533580554
57.45,0.06715194137790362,0.07342876572755232,-0.006276824349648699
57.5,0.050927436962176095,0.08078936063593442,-0.029861923673758325
57.550000000000004,0.025472677444606184,0.059344021960476424,-0.03387134451587024
57.6,0.0027924065443147464,0.014009366862387155,-0.011216960318072408
57.650000000000006,-0.01488716803666071,-0.037060080336654484,0.022172912299993776
57.7,-0.028572786116660802,-0.06852182958174415,0.03994904346508334
57.75,-0.033931524343062985,-0.06220289258132022,0.02827136823825723
57.800000000000004,-0.020515166042235466,-0.018493796628382336,-0.002021369413853131
57.85,0.0198562617325782,0.045154814930583535,-0.025298553198005336
57.900000000000006,0.08372934116689004,0.10759653717977109,-0.02386719601288105
57.95,0.15493907151443806,0.15757609902899314,-0.0026370275145550792
58.0,0.2130543504612438,0.19589695931318413,0.01715739114805967
58.050000000000004,0.24386582947752025,0.2255197697173789,0.018346059760141364
58.1,0.24359607766425295,0.24065294222685463,0.0029431354373983254
58.150000000000006,0.21558199806063033,0.22697033169841385,-0.011388333637783521
58.2,0.1652097139448013,0.1741172510743919,-0.00890753712959061
58.25,0.09873262803048997,0.08893569666125961,0.009796931369230363
58.300000000000004,0.025384939990700954,-0.004196903396333472,0.029581843387034425
58.35,-0.04245338510129324,-0.07824474011851067,0.035791355017217426
58.400000000000006,-0.0939463782155558,-0.12152084723281159,0.027574469017255784
58.45,-0.12573670519422647,-0.1429256989229295,0.017188993728703028
58.5,-0.14265264096309602,-0.1595863926735631,0.01693375171046707
58.550000000000004,-0.15143172636305616,-0.17828432470562136,0.026852598342565204
58.6,-0.15329497436349945,-0.18827032472250685,0.034975350359007396
58.650000000000006,-0.14318975896648062,-0.17281120005540188,0.029621441088921258
58.7,-0.11701577576723898,-0.12891536464062445,0.011899588873385464
58.75,-0.07951650905621223,-0.07575993750158179,-0.003756571554630439
58.800000000000004,-0.0439924159022106,-0.04156556361577209,-0.002426852286438505
58.85,-0.022797907524325284,-0.03867589050415095,0.015877982979825664
58.900000000000006,-0.017121914763311496,-0.04931351477245612,0.03219160000914463
58.95,-0.015973773623253796,-0.03726130202736475,0.021287528404110957
59.0,-0.005774098843259094,0.021520308345019182,-0.027294407188278275
59.050000000000004,0.01817185546394608,0.11442319027167464,-0.09625133480772856
59.1,0.048665125510424345,0.19610508603400917,-0.14743996052358482
59.150000000000006,0.07402933881986867,0.22022864384027038,-0.1461993050204017
59.2,0.0880862868132898,0.17463664026535763,-0.08655035345206784
59.25,0.0933017809394596,0.091499056049005,0.0018027248904545906
59.300000000000004,0.09544935799581097,0.023897507443409783,0.0715518505524012
59.35,0.09665706569793095,0.007658787132227695,0.08899827856570325
59.400000000000006,0.09426359124507835,0.03874438127249465,0.0555192099725837
59.45,0.08565052735936911,0.0825643075211457,0.0030862198382234085
59.5,0.07257462563239774,0.10472026785119526,-0.032145642218797524
59.550000000000004,0.05978389733585316,0.09627491143919513,-0.03649101410334197
59.6,0.050033974187192416,0.07413488682147812,-0.024100912634285702
59.650000000000006,0.042282177869194526,0.06044549648244887,-0.01816331861325434
59.7,0.03610827208836981,0.06243405321701051,-0.026325781128640702
59.75,0.03729262712601691,0.07078658581836224,-0.03349395869234533
59.800000000000004,0.056535385080057336,0.07513901848756026,-0.01860363340750292
59.85,0.09989678006677181,0.07886205425310554,0.021034725813666277
59.900000000000006,0.1593127819146359,0.09722035666080885,0.06209242525382706
59.95,0.21361414902674747,0.14032993946474354,0.07328420956200393
60.0,0.2413162705377959,0.19775330262798796,0.04356296790980793
60.050000000000004,0.2345754825522713,0.24031463281459622,-0.00573915026232491
60.1,0.2015420776478315,0.23858348116812225,-0.037041403520290755
60.150000000000006,0.1550992318060887,0.18233057108720846,-0.02723133928111976
60.2,0.09946860917621408,0.08521629402216221,0.01425231515405187
60.25,0.02857538805453289,-0.026968167007834304,0.05554355506236719
60.300000000000004,-0.061766954161046585,-0.13223345159924804,0.07046649743820146
60.35,-0.16043804201857692,-0.21925069256713456,0.05881265054855764
60.400000000000006,-0.24143498609305658,-0.283135715293401,0.0417007292003444
60.45,-0.2803059486682789,-0.3191416037489084,0.03883565508062947
60.5,-0.2727672622451797,-0.3231211570030076,0.050353894757827866
60.550000000000004,-0.23853480149691564,-0.29795107444273344,0.059416272945817805
60.6,-0.20663824408343198,-0.25724030489577016,0.05060206081233817
60.650000000000006,-0.19540739168198723,-0.22015871407141105,0.02475132238942382
60.7,-0.20446490558338193,-0.2009556125793684,-0.003509293004013536
60.75,-0.22360728956871906,-0.20267776828224715,-0.020929521286471908
60.800000000000004,-0.24701673276232014,-0.22011145895236928,-0.026905273809950864
60.85,-0.27717828078988377,-0.2470684302032217,-0.030109850586662074
60.900000000000006,-0.3148800800239102,-0.27892231422122676,-0.03595776580268345
60.95,-0.34720125844204774,-0.3076849911275426,-0.03951626731450514
61.0,-0.34843442194782487,-0.31690413968961656,-0.03153028225820831
61.050000000000004,-0.2961766989411078,-0.28573275467185116,-0.010443944269256655
61.1,-0.1890943962780942,-0.20232719171526095,0.013232795437166739
61.150000000000006,-0.05001710538907772,-0.07546210877135776,0.025445003382280035
61.2,0.08885438791998132,0.06759948248955355,0.021254905430427767
61.25,0.20548830953780725,0.1970578423445628,0.008430467193244445
61.300000000000004,0.29545570285700046,0.2970321029286652,-0.001576400071664763
61.35,0.362654473924043,0.368117845762585,-0.005463371838542008
61.400000000000006,0.40472198262845355,0.4148763546163441,-0.010154371987890543
61.45,0.4088114494714683,0.4319901244903855,-0.023178675018917183
61.5,0.36233356608984935,0.40437319872356003,-0.04203963263371069
61.550000000000004,0.2681278080964513,0.3226015308172661,-0.0544737227208148
61.6,0.149027205719712,0.1990550589078885,-0.050027853188176485
61.650000000000006,0.0367559717064184,0.0680530338275471,-0.0312970621211287
61.7,-0.045562683009315874,-0.03246223894076905,-0.013100444068546824
61.75,-0.09292809503785071,-0.08305407442018087,-0.009874020617669843
61.800000000000004,-0.11382145227808013,-0.09056640399756456,-0.02325504828051557
61.85,-0.11797765284440512,-0.07654694806603003,-0.041430704778375085
61.900000000000006,-0.10841450903935011,-0.058289871382686986,-0.050124637656663126
61.95,-0.0834712666640367,-0.03928041066686434,-0.04419085599717236
62.0,-0.044286159525214926,-0.01496693354465752,-0.029319225980557403
62.050000000000004,0.0012122018311994968,0.015120834135872058,-0.013908632304672562
62.1,0.04185112562402768,0.04234233456818483,-0.0004912089441571482
62.150000000000006,0.070194503287438,0.05536350423791543,0.014830999049522564
62.2,0.08577092010317375,0.05018701537002713,0.03558390473314662
62.25,0.09177460624439941,0.03309341754735291,0.0586811886970465
62.300000000000004,0.08921646248408875,0.014102223841863656,0.07511423864222509
62.35,0.07471901225941235,-0.0016033237377104156,0.07632233599712276
62.400000000000006,0.04408710514428913,-0.015764751220484784,0.059851856364773914
62.45,-0.002052492179873924,-0.032010433680761397,0.029957941500887472
62.5,-0.05612283371219204,-0.050627746784166566,-0.005495086928025472
62.550000000000004,-0.10706698204564574,-0.06916647939373484,-0.0379005026519109
62.6,-0.1463708747060128,-0.08716341731153124,-0.05920745739448155
62.650000000000006,-0.17159152938933295,-0.10793877147757847,-0.06365275791175448
62.7,-0.18485074897892556,-0.13372813134050685,-0.051122617638418716
62.75,-0.18807727137966293,-0.15870930786006357,-0.02936796351959936
62.800000000000004,-0.17916080025370854,-0.16826252085612176,-0.01089827939758678
62.85,-0.15209491444555717,-0.14731620165994946,-0.004778712785607708
62.900000000000006,-0.10103306507068356,-0.09130907487217356,-0.009723990198510002
62.95,-0.02549729032944614,-0.010047700665260968,-0.015449589664185172
63.0,0.0666374613101182,0.07875243728028684,-0.01211497597016864
63.050000000000004,0.1603233619141301,0.15980198662387252,0.0005213752902575863
63.1,0.23820059513120323,0.22514940719501836,0.013051187936184871
63.150000000000006,0.28659747014111897,0.2709796392428054,0.01561783089831359
63.2,0.2995562255265253,0.2923262857319771,0.007229939794548168
63.25,0.27908805714960383,0.28316393076911633,-0.0040758736195125045
63.300000000000004,0.23230594553075082,0.24226128372526393,-0.009955338194513108
63.35,0.1679459232442138,0.1777290318217549,-0.009783108577541083
63.400000000000006,0.09461466882305206,0.1039515033524123,-0.009336834529360238
63.45,0.021063469592417377,0.03296731993219489,-0.011903850339777516
63.5,-0.043259746256564834,-0.030949155725078534,-0.0123105905314863
63.550000000000004,-0.08927645866449561,-0.08764893640944303,-0.0016275222550525825
63.6,-0.11100982958300362,-0.1325337187002151,0.02152388911721148
63.650000000000006,-0.1080607406785738,-0.15349505974965316,0.045434319071079365
63.7,-0.08578586050484101,-0.13893546616986982,0.05314960566502881
63.75,-0.05293883730358407,-0.09056463505888906,0.037625797755304995
63.800000000000004,-0.01842170707274599,-0.028060180277278416,0.009638473204532427
63.85,0.010986905581757134,0.021007078344087802,-0.010020172762330668
63.900000000000006,0.03136752315844495,0.03879583119419615,-0.007428308035751195
63.95,0.04148170352609533,0.027483453985824326,0.013998249540271002
64.0,0.04223048531526926,0.003736839173041734,0.03849364614222753
64.05,0.03562762712188579,-0.016626752707706433,0.05225437982959222
64.10000000000001,0.02328906889018042,-0.029392099865774717,0.05268116875595513
64.15,0.005459779368934958,-0.03951316028432563,0.04497293965326059
64.2,-0.018064138565554562,-0.05062312700443893,0.03255898843888437
64.25,-0.045344626558747415,-0.05911026041826795,0.013765633859520537
64.3,-0.07058753184749765,-0.05916604578855755,-0.011421486058940097
64.35000000000001,-0.0860305137976046,-0.052206733177819604,-0.03382378061978499
64.4,-0.08696923962997191,-0.04839702969887953,-0.03857220993109238
64.45,-0.07555455311358941,-0.056186950018592814,-0.019367603094996598
64.5,-0.05887011583576659,-0.06961527166796797,0.010745155832201377
64.55,-0.04184599384528299,-0.06784907407044484,0.026003080225161852
64.60000000000001,-0.021492267010183214,-0.030926569786612363,0.009434302776429149
64.65,0.010748153200181128,0.040602410311643106,-0.029854257111461977
64.7,0.058858342060985565,0.12035810899549307,-0.061499766934507503
64.75,0.11322959883112456,0.17208256377538736,-0.0588529649442628
64.8,0.15277614218891689,0.17503244923397804,-0.022256307045061152
64.85000000000001,0.1590228953345095,0.1380079684614238,0.021014926873085704
64.9,0.13109091283507246,0.09054686715124093,0.040544045683831534
64.95,0.08756077941197786,0.05912210260665197,0.028438676805325892
65.0,0.05166062028911845,0.048215543317406434,0.0034450769717120147
65.05,0.03164612936127608,0.04075500702058649,-0.009108877659310406
65.10000000000001,0.014106227481696352,0.015375005343294428,-0.0012687778615980763
65.15,-0.022537028169482325,-0.035217945758997185,0.01268091758951486
65.2,-0.08539485640340293,-0.09915742220724223,0.013762565803839305
65.25,-0.15578548496338315,-0.155179530059019,-0.0006059549043641588
65.3,-0.20058736149174852,-0.1869693912464265,-0.01361797024532202
65.35000000000001,-0.19755748885937208,-0.1906192335983835,-0.006938255260988568
65.4,-0.15296765815377567,-0.17201760979492153,0.019049951641145868
65.45,-0.09626654569853578,-0.13970639935214987,0.043439853653614094
65.5,-0.05662496471293664,-0.10038741014721266,0.043762445434276015
65.55,-0.04188810568987755,-0.05928414835022629,0.017396042660348734
65.60000000000001,-0.037524889769374604,-0.022242002706100553,-0.015282887063274051
65.65,-0.02472289483271478,0.004213146030871962,-0.028936040863586743
65.7,1.9645433780727205e-05,0.01531583256482657,-0.015296187131045844
65.75,0.021558642932969038,0.01051025253273401,0.011048390400235027
65.8,0.020980022155980917,-0.006289333236367858,0.027269355392348774
65.85000000000001,-0.0058989384626703095,-0.028447937511231834,0.022548999048561523
65.9,-0.04336508759713734,-0.048754360748818545,0.005389273151681202
65.95,-0.06805796685891233,-0.06104364014836447,-0.007014326710547858
66.0,-0.06723382314076434,-0.06163356920044856,-0.005600253940315783
66.05,-0.047434164065082364,-0.050798097288950635,0.0033639332238682706
66.10000000000001,-0.027483811490441892,-0.033271896906875875,0.005788085416433983
66.15,-0.02319119733743984,-0.01644631059091765,-0.00674488674652219
66.2,-0.03657538589400653,-0.006551805709332005,-0.030023580184674527
66.25,-0.05668098374748461,-0.005261403989945453,-0.05141957975753916
66.3,-0.06891728564588319,-0.009300717856533174,-0.05961656778935001
66.35000000000001,-0.06446814678013443,-0.013232689450909418,-0.05123545732922501
66.4,-0.04367794937012672,-0.012858253884516217,-0.030819695485610504
66.45,-0.013267577558544496,-0.006434412627227571,-0.006833164931316926
66.5,0.018940272948420604,0.006576596301200057,0.012363676647220547
66.55,0.04820896568984982,0.026915819387180302,0.02129314630266952
66.60000000000001,0.07427059287234988,0.05487587319473181,0.01939471967761807
66.65,0.09955080294175758,0.08801853333647772,0.011532269605279866
66.7,0.12491740265190766,0.11994414307794915,0.004973259573958513
66.75,0.14535412182898602,0.14208164723038091,0.0032724745986051074
66.8,0.14943632863465547,0.1474446344648692,0.0019916941697862844
66.85000000000001,0.12512033952296597,0.13323211696601014,-0.008111777443044171
66.9,0.06946019652411671,0.10040086821016639,-0.03094067168604968
66.95,-0.004959262538767326,0.05167839046724091,-0.05663765300600824
67.0,-0.07353871033567069,-0.008749688957615812,-0.06478902137805488
67.05,-0.11262429974943941,-0.0726935108655888,-0.03993078888385061
67.10000000000001,-0.11304767537462064,-0.1254277309678384,0.012380055593217767
67.15,-0.08372658299943281,-0.14779563329617185,0.06406905029673904
67.2,-0.042447974780823315,-0.1244938278588211,0.08204585307799778
67.25,-0.0017600956583875903,-0.0543123175250989,0.05255222186671131
67.3,0.03793248085549318,0.045199132508488296,-0.007266651652995115
67.35000000000001,0.08264978877606748,0.14349167762348616,-0.06084188884741869
67.4,0.1327432133954926,0.21093561093727567,-0.07819239754178306
67.45,0.1765816491776388,0.23255531054075584,-0.055973661363117044
67.5,0.19672901745127927,0.21308377611515902,-0.016354758663879754
67.55,0.18354194383194594,0.17078925271895404,0.012752691112991904
67.60000000000001,0.14394672444841677,0.1250456491346866,0.01890107531373017
67.65,0.09722056475854546,0.08619168361293393,0.011028881145611527
67.7,0.06107544987629045,0.053607038071300094,0.007468411804990353
67.75,0.03970931415259683,0.021545963260107614,0.018163350892489213
67.8,0.023394532550532296,-0.01301141229046177,0.03640594484099406
67.85000000000001,-0.0010386498079286613,-0.04679668490029421,0.04575803509236555
67.9,-0.038402107715149486,-0.07321523720289214,0.03481312948774265
67.95,-0.08167665806034866,-0.08871213948002918,0.007035481419680523
68.0,-0.11847804141708514,-0.09680860612987265,-0.02166943528721249
68.05,-0.14064806478434527,-0.1060452906286809,-0.03460277415566437
68.10000000000001,-0.1485490987615669,-0.12303621727070434,-0.025512881490862574
68.15,-0.14738783938244787,-0.1459712648083288,-0.0014165745741190616
68.2,-0.14018367497109202,-0.16394205760673497,0.02375838263564295
68.25,-0.12440765306544092,-0.1632239359871958,0.03881628292175489
68.3,-0.09533227790281013,-0.13631554714371724,0.040983269240907116
68.35000000000001,-0.052790724833671705,-0.08730696206325896,0.03451623722958725
68.4,-0.004930394307998469,-0.029850494630760994,0.024920100322762526
68.45,0.03492273079335035,0.020483505171289176,0.014439225622061173
68.5,0.05633665188623258,0.05379735686047146,0.0025392950257611194
68.55,0.05854019114413819,0.06849322293516984,-0.009953031791031644
68.60000000000001,0.050370483823390835,0.06848358061726048,-0.018113096793869646
68.65,0.04315254431407685,0.058677938926648326,-0.015525394612571478
68.7,0.04200099379921285,0.04282567379006866,-0.0008246799908558089
68.75,0.04260026096169854,0.024571536346577938,0.018028724615120603
68.8,0.03629877161127702,0.009138170102946255,0.027160601508330766
68.85000000000001,0.019386057751188564,0.002671558916484607,0.016714498834703957
68.9,-0.0015617925336196762,0.009053839197599528,-0.010615631731219204
68.95,-0.013557893999369311,0.026913325417776537,-0.04047121941714585
69.0,-0.007724404454632007,0.04968510463100769,-0.0574095090856397
69.05,0.012454775442041453,0.06888792539883827,-0.05643314995679682
69.10000000000001,0.03288016365369234,0.07806718291144424,-0.0451870192577519
69.15,0.039920719171914816,0.07473286986639928,-0.03481215069448446
69.2,0.031656776122574656,0.059916551607627995,-0.02825977548505334
69.25,0.01936817456060409,0.03706496679023916,-0.017696792229635067
69.3,0.01765867298852534,0.011712715833068975,0.0059459571554563665
69.35000000000001,0.03175778499451887,-0.00867364018741134,0.04043142518193021
69.4,0.053156627893427,-0.016478296059512895,0.0696349239529399
69.45,0.06714173584982987,-0.007764047184051217,0.07490578303388108
69.5,0.06494618970377693,0.014156536867977134,0.050789652835799795
69.55,0.04936676353763871,0.038751638297654774,0.010615125239983939
69.60000000000001,0.029436316963032536,0.053009993514288596,-0.02357367655125606
69.65,0.01044543211558994,0.048185678559575805,-0.03774024644398587
69.7,-0.010243900704205194,0.023984588985067723,-0.03422848968927292
69.75,-0.03754124622255886,-0.012399275171658123,-0.025141971050900738
69.8,-0.06943918850358534,-0.050906652964378525,-0.018532535539206814
69.85000000000001,-0.09439984178769292,-0.08292439946082752,-0.011475442326865398
69.9,-0.0988094784805713,-0.10255739737580159,0.0037479188952302955
69.95,-0.0777513083655272,-0.10560956802106805,0.027858259655540854
70.0,-0.038936082274953356,-0.08919075488736022,0.05025467261240687
70.05,0.0035469429685263103,-0.053656371396008075,0.05720331436453439
70.10000000000001,0.039070253720659524,-0.005383249041114152,0.04445350276177368
70.15,0.064489474556786,0.04294293585311874,0.02154653870366726
70.2,0.07985421050821073,0.07632336133201396,0.003530849176196768
70.25,0.08235415238759733,0.08394829752465176,-0.0015941451370544285
70.3,0.06647736391004924,0.06409269363256408,0.0023846702774851652
70.35000000000001,0.030759849734149892,0.024281104311426296,0.006478745422723597
70.4,-0.01667645558571332,-0.023032731648155277,0.006356276062441955
70.45,-0.061140984639912854,-0.06617593846616608,0.005034953826253227
70.5,-0.0913026849628578,-0.09804099139565771,0.0067383064327999065
70.55,-0.10649803743614039,-0.1166769635693426,0.010178926133202204
70.60000000000001,-0.11399240669723343,-0.12365859320306526,0.009666186505831828
70.65,-0.1191487354082237,-0.1219749418110183,0.002826206402794601
70.7,-0.11914438681971072,-0.11452679127830392,-0.0046175955414067965
70.75,-0.10724139061714381,-0.10341667595692912,-0.0038247146602146953
70.8,-0.08301577119974748,-0.08988624266038622,0.0068704714606387385
70.85000000000001,-0.05675984192942859,-0.07480465680980429,0.018044814880375702
70.9,-0.04182398389151845,-0.05945103851546099,0.01762705462394254
70.95,-0.04180729355330566,-0.04594704190324613,0.004139748349940471
71.0,-0.04627727200277704,-0.036698193409169876,-0.009579078593607161
71.05,-0.04096309705330034,-0.032966226190693775,-0.007996870862606566
71.10000000000001,-0.023175207177670562,-0.033663424274531145,0.010488217096860583
71.15,-0.006377554781633846,-0.03558365009813309,0.02920609531649925
71.2,-0.007606641905183068,-0.03518387661126845,0.02757723470608538
71.25,-0.028976419475978676,-0.030590911666339874,0.0016144921903611976
71.3,-0.051984911821983865,-0.02213936569197326,-0.029845546130010604
71.35000000000001,-0.05202333622443396,-0.010965810096846652,-0.04105752612758731
71.4,-0.020579890177342283,0.0030184978037065863,-0.02359838798104887
71.45,0.026075739795848388,0.02174741289494523,0.004328326900903158
71.5,0.0608783092069213,0.04732135585203143,0.013556953354889871
71.55,0.06996424209759343,0.0791991737657774,-0.009234931668183968
71.60000000000001,0.06385283700661958,0.11261064730759575,-0.04875781030097617
71.65,0.06500978265885206,0.13977623067814163,-0.07476644801928957
71.7,0.08392527131692688,0.15340893915337642,-0.06948366783644953
71.75,0.10724168961642119,0.15022685874214867,-0.042985169125727474
71.8,0.1098910344184947,0.1321905568358543,-0.022299522417359594
71.85000000000001,0.07976934384094488,0.10484550848413884,-0.02507616464319397
71.9,0.031099935526289195,0.07417218027214234,-0.043072244745853146
71.95,-0.006553289944904082,0.04423332390616359,-0.05078661385106767
72.0,-0.013283548934354608,0.01709295336919038,-0.030376502303544987
72.05,0.005628219854213461,-0.0053653552707160655,0.010993575124929527
72.10000000000001,0.027519584799630303,-0.019616895691494902,0.047136480491125204
72.15,0.034844379184116196,-0.020662555826674554,0.05550693501079075
72.2,0.03036456706476967,-0.004711035818293098,0.035075602883062766
72.25,0.03129305010387573,0.02715923071689522,0.0041338193869805105
72.3,0.04955758130675106,0.06707233841886616,-0.0175147571121151
72.35000000000001,0.07817285041526637,0.10215637221840358,-0.023983521803137217
72.4,0.09659158739485914,0.11972913811204935,-0.023137550717190217
72.45,0.08896742410643763,0.11311066765698519,-0.02414324355054756
72.5,0.057501298554379465,0.08461568680885287,-0.027114388254473404
72.55,0.019160301439261337,0.04396421560823564,-0.024803914168974307
72.60000000000001,-0.009367290114050957,0.003275889231542637,-0.012643179345593593
72.65,-0.023466337880164452,-0.02815164930522647,0.004685311425062018
72.7,-0.02941421112849032,-0.04639378629823474,0.01697957516974442
72.75,-0.03424144703081029,-0.05214302508898162,0.01790157805817133
72.8,-0.038334853940416476,-0.04829055804372956,0.009955704103313083
72.85000000000001,-0.03736639518016764,-0.03805167656721905,0.0006852813870514077
72.9,-0.029234298746612083,-0.024551469478979737,-0.004682829267632346
72.95,-0.017152001188403106,-0.011096557246411993,-0.0060554439419911125
73.0,-0.005834414771340521,-0.0008603568334132479,-0.004974057937927274
73.05,0.00371440064595919,0.004319992901043538,-0.0006055922550843485
73.10000000000001,0.014027860993353724,0.005058369715334749,0.008969491278018975
73.15,0.025923107494588964,0.004238180722602928,0.021684926771986038
73.2,0.03522019507570752,0.005363807242289275,0.029856387833418242
73.25,0.03658435842456172,0.010535923600062587,0.026048434824499138
73.3,0.030891755319468008,0.019426476901290124,0.011465278418177884
73.35000000000001,0.02708595783391401,0.029747818568094248,-0.002661860734180236
73.4,0.034440820113928315,0.03857197509817786,-0.004131154984249548
73.45,0.05195582456664581,0.04348008272771062,0.008475741838935194
73.5,0.06640726199625328,0.043055161261554835,0.02335210073469845
73.55,0.06301283166271397,0.03694314878146853,0.02606968288124544
73.60000000000001,0.039580848856474254,0.025861334363860462,0.013719514492613792
73.65,0.010071192351185344,0.011544981956713796,-0.0014737896055284517
73.7,-0.0071465518404076256,-0.003677798606467945,-0.0034687532339396808
73.75,-0.005956758234892229,-0.017754530488949566,0.011797772254057336
73.8,0.001899182184402577,-0.029768108782321695,0.03166729096672427
73.85000000000001,-0.001941826743629368,-0.04017049653192043,0.038228669788291064
73.9,-0.024992773659041373,-0.05023155336794306,0.02523877970890169
73.95,-0.057051364508367265,-0.06117914501871138,0.004127780510344112
74.0,-0.08039239714529774,-0.07364754817590345,-0.006744848969394285
74.05,-0.08664555941185438,-0.08757048436186037,0.0009249249500059842
74.10000000000001,-0.08356344710824856,-0.10213878968129356,0.018575342573044995
74.15,-0.08531153085456371,-0.11553779219468693,0.030226261340123226
74.2,-0.09663088427588383,-0.12481876224550613,0.0281878779696223
74.25,-0.10731274384260592,-0.12664735580816314,0.01933461196555722
74.3,-0.10276274569321887,-0.11913028533043189,0.01636753963721302
74.35000000000001,-0.07991314582569868,-0.10373112942189128,0.023817983596192596
74.4,-0.05216106846334509,-0.08559299303644936,0.033431924573104274
74.45,-0.03799115741933095,-0.07133231170540973,0.03334115428607878
74.5,-0.044286877942601506,-0.06525184859671668,0.02096497065411517
74.55,-0.060525677043062207,-0.0664520937460851,0.005926416703022894
74.60000000000001,-0.06904410792140284,-0.06905742900169763,1.3321080294795284e-05
74.65,-0.060732021507338425,-0.06567024785654484,0.004938226349206411
74.7,-0.040864731636246446,-0.05177488340605675,0.010910151769810306
74.75,-0.020590492342664843,-0.028068862052187695,0.007478369709522852
74.8,-0.004323437161149981,0.0007180060868818992,-0.00504144324803188
74.85000000000001,0.013258814682011982,0.029265008985226663,-0.01600619430321468
74.9,0.03792995054032848,0.05448215142166122,-0.01655220088133274
74.95,0.06523503019453132,0.07559983566698152,-0.010364805472450195
75.0,0.0810370010135142,0.09193311633332452,-0.010896115319810315
75.05,0.07394366826209343,0.1008563221803057,-0.026912653918212265
75.10000000000001,0.047214522921035146,0.09839411525632222,-0.05117959233528707
75.15,0.017480912925488895,0.08245828822644986,-0.06497737530096097
75.2,0.0007387095656947386,0.05611877745607844,-0.0553800678903837
75.25,-0.0008463884131941789,0.027750103623739118,-0.028596492036933298
75.3,0.0016397097772768165,0.0071425386268871675,-0.005502828849610351
75.35000000000001,-0.002700752855615668,8.707266225178382e-06,-0.0027094601218408463
75.4,-0.01223021773581134,0.0049345986851329965,-0.017164816420944338
75.45,-0.014277499206733213,0.015164919306834636,-0.02944241851356785
75.5,0.0010451958066809088,0.023853007706087878,-0.02280781189940697
75.55,0.02901083444487676,0.028630162913374273,0.00038067153150248695
75.60000000000001,0.05286196109209759,0.031971444292255395,0.020890516799842197
75.65,0.05860031656347621,0.03742519712276669,0.021175119440709517
75.7,0.04732954470265482,0.04528630851013788,0.0020432361925169368
75.75,0.03297800257513399,0.051658572677830285,-0.018680570102696296
75.8,0.028047697345853658,0.051724078029018676,-0.023676380683165018
75.85000000000001,0.0319828294969041,0.04419514615532416,-0.012212316658420062
75.9,0.03364330466125437,0.03283024966695583,0.0008130549942985399
75.95,0.024574325707632176,0.023551515754727508,0.0010228099529046679
76.0,0.008682662741837792,0.01968959182972733,-0.01100692908788954
76.05,-0.0019629588334186816,0.019554036475250714,-0.021516995308669396
76.10000000000001,-0.000563556196634798,0.018374015971042157,-0.018937572167676955
76.15,0.006422951925320284,0.012703699258610854,-0.00628074733329057
76.2,0.005847349425202138,0.003296437337238559,0.0025509120879635794
76.25,-0.007470268114543837,-0.005927268300193914,-0.0015429998143499223
76.3,-0.02367764411025166,-0.011513330152471473,-0.012164313957780186
76.35000000000001,-0.026898200185776797,-0.013175898012290122,-0.013722302173486675
76.4,-0.012025807478662236,-0.01324625334338811,0.0012204458647258748
76.45,0.008000467085979606,-0.013833764272828166,0.02183423135880777
76.5,0.013110496062023972,-0.014747513140001195,0.027858009202025167
76.55,-0.004384940615781419,-0.014168314064467554,0.009783373448686135
76.60000000000001,-0.030788094197192487,-0.01108985073668096,-0.01969824346051153
76.65,-0.04221555283876758,-0.006729073362520342,-0.03548647947624724
76.7,-0.026109976437887653,-0.0032404894024233365,-0.022869487035464316
76.75,0.007306889807332295,-0.0009469978797808512,0.008253887687113146
76.80000000000001,0.03467522769813538,0.0030072362637152666,0.03166799143442011
76.85000000000001,0.040998257031237814,0.012867252864498442,0.028131004166739373
76.9,0.032408239127425784,0.03053949560864779,0.0018687435187779919
76.95,0.028304401071758193,0.05297777277755975,-0.02467337170580156
77.0,0.04110410742515119,0.07287471104436835,-0.03177060361921716
77.05000000000001,0.06359617928210437,0.08222205017929039,-0.018625870897186023
77.10000000000001,0.07592510424166271,0.07631486038449713,-0.00038975614283441595
77.15,0.0648125949540579,0.05589963348326563,0.00891296147079227
77.2,0.03604807683221656,0.026769805881915285,0.009278270950301273
77.25,0.008593990921734344,-0.002496751822133739,0.011090742743868082
77.30000000000001,-0.003057959540172947,-0.02365076745767673,0.020592807917503782
77.35000000000001,-0.0007936516787349641,-0.03192039261306305,0.031126740934328087
77.4,0.0016011157287134118,-0.028216090582976347,0.02981720631168976
77.45,-0.006776451399370761,-0.01907827700408811,0.012301825604717348
77.5,-0.02431203410771878,-0.01361412602939482,-0.010697908078323961
77.55000000000001,-0.041002616423594464,-0.018512689130661075,-0.02248992729293339
77.60000000000001,-0.05003276507293793,-0.03406980773130388,-0.015962957341634054
77.65,-0.05345610598173709,-0.05403198058528618,0.0005758746035490897
77.7,-0.0564156379936036,-0.06949748401181068,0.013081846018207076
77.75,-0.05779430628137369,-0.07403713702173409,0.016242830740360398
77.80000000000001,-0.04932004312453936,-0.0663884438439,0.017068400719360638
77.85000000000001,-0.025347297521917223,-0.0493821637280007,0.02403486620608348
77.9,0.00737414477664997,-0.027050479075196684,0.03442462385184666
77.95,0.03204296746877155,-0.0029977484082094287,0.035040715876980974
78.0,0.035888177820223265,0.01891838981122133,0.016969788009001934
78.05000000000001,0.022246779519798927,0.03351885623330903,-0.011272076713510104
78.10000000000001,0.007489497680029566,0.03545068175689671,-0.027961184076867145
78.15,0.004738402894475013,0.022687863064228944,-0.01794946016975393
78.2,0.0106394962409275,-0.0005546867432336095,0.011194182984161109
78.25,0.009444183464963783,-0.024747908491649647,0.03419209195661343
78.30000000000001,-0.008794345737610983,-0.0399580035657242,0.03116365782811322
78.35000000000001,-0.03452506149006433,-0.04125192757529485,0.006726866085230515
78.4,-0.04497034286636592,-0.030574756916543662,-0.014395585949822258
78.45,-0.026043915412868098,-0.014216388953797685,-0.011827526459070413
78.5,0.01130625331715236,0.0013015599772492638,0.010004693339903097
78.55000000000001,0.03777825229249035,0.011436717874315848,0.026341534418174502
78.60000000000001,0.03092053350941587,0.013250122681311607,0.017670410828104263
78.65,-0.004471319871938108,0.004754465646406862,-0.009225785518344971
78.7,-0.04061943450301659,-0.013887651358330658,-0.026731783144685932
78.75,-0.052263488782227724,-0.03831823999737314,-0.013945248784854584
78.80000000000001,-0.03935457278751803,-0.06041357381711215,0.02105900102959412
78.85000000000001,-0.02539720510201106,-0.07281187795924862,0.047414672857237564
78.9,-0.03340252442703771,-0.07459218542453973,0.04118966099750202
78.95,-0.0630042310353434,-0.07253653539821318,0.009532304362869781
79.0,-0.09077347891848131,-0.07532536009846279,-0.015448118820018522
79.05000000000001,-0.0927771489778868,-0.08461255992160831,-0.008164589056278496
79.10000000000001,-0.06679612303916675,-0.09099887037932707,0.024202747340160313
79.15,-0.03264595334799549,-0.07980065761573694,0.04715470426774145
79.2,-0.011299085623959189,-0.04309697308182469,0.0317978874578655
79.25,-0.00449107604781203,0.011775022101030569,-0.016266098148842598
79.30000000000001,0.004688220560689509,0.06510747095149101,-0.0604192503908015
79.35000000000001,0.03146581204381577,0.0976906334078144,-0.06622482136399863
79.4,0.07067526678775801,0.10366953213175895,-0.032994265344000934
79.45,0.09922847081512595,0.09313481266011378,0.0060936581550121716
79.5,0.09767755883531255,0.0826870444699241,0.014990514365388452
79.55000000000001,0.06930010985250763,0.08209277544600434,-0.012792665593496705
79.60000000000001,0.0374904523445152,0.08788842623407847,-0.05039797388956327
79.65,0.02391594521993887,0.08833004894828109,-0.06441410372834222
79.7,0.02900577434638423,0.0744623739424198,-0.04545659959603557
79.75,0.033791025827954756,0.04768509036770842,-0.013894064539753663
79.80000000000001,0.020711826961432672,0.018248425612714197,0.0024634013487184747
79.85000000000001,-0.007678073497918534,-0.002760806788601182,-0.004917266709317352
79.9,-0.030648695212521154,-0.01058581849300615,-0.020062876719515003
79.95,-0.029605698811198053,-0.007879298230881375,-0.021726400580316677
80.0,-0.006415553203147769,-0.000523138463373271,-0.005892414739774497
