x,yobs,ycalc,ydiff
0.05,-1.215170127018914e-14,-0.0374564168155416,0.03745641681552945
0.1,-1.7826658276155642e-10,-0.05418929820751395,0.054189298029247365
0.15000000000000002,-1.0653892207567901e-08,-0.05228400115636878,0.05228399050247658
0.2,-1.2927049357957987e-07,-0.05439404106740444,0.05439391179691086
0.25,-2.916616437121444e-07,-0.07891203771942379,0.07891174605778008
0.30000000000000004,3.787699189925571e-06,-0.11960132649265881,0.11960511419184873
0.35000000000000003,3.424341934428409e-05,-0.15214472777057014,0.1521789711899144
0.4,0.00013920923539535778,-0.16079803686688715,0.16093724610228252
0.45,0.00032359732028980196,-0.15608956616858952,0.15641316348887932
0.5,0.00031839177771758647,-0.1637668676660995,0.16408525944381708
0.55,-0.0006940683780663617,-0.1964712286045777,0.19577716022651134
0.6000000000000001,-0.003869956907379154,-0.2391000924210379,0.23523013551365876
0.65,-0.009350092725548646,-0.26468794868757256,0.2553378559620239
0.7000000000000001,-0.01399034049748281,-0.26432063498250363,0.2503302944850208
0.75,-0.010246414760279701,-0.258176633326615,0.2479302185663353
0.8,0.010650868079635077,-0.2742339454252268,0.28488481350486183
0.8500000000000001,0.05026792065194417,-0.3167398887289805,0.3670078093809247
0.9,0.09398081741680608,-0.3595502780708914,0.4535310954876975
0.9500000000000001,0.11098375366244422,-0.3738963326062624,0.48488008626870666
1.0,0.07025386594638343,-0.36177532010534236,0.4320291860517258
1.05,-0.03292278001865041,-0.3569666344057371,0.3240438543870867
1.1,-0.1596376388807993,-0.3887299099087556,0.22909227102795632
1.1500000000000001,-0.24077434464539196,-0.4457562552860534,0.20498191064066143
1.2000000000000002,-0.22312463963029947,-0.4830570950788588,0.25993245544855936
1.25,-0.11930596868606236,-0.471388216272272,0.35208224758620965
1.3,-0.016765353298021004,-0.4387716002653007,0.42200624696727973
1.35,-0.022386291665551464,-0.45148561365530154,0.4290993219897501
1.4000000000000001,-0.17073412551907752,-0.5385037886598164,0.3677696631407389
1.4500000000000002,-0.36679621011240365,-0.6282568690338487,0.26146065892144504
1.5,-0.4249637824029121,-0.5723279865450911,0.147364204142179
1.55,-0.1981908876235999,-0.26012687823775466,0.06193599061415475
1.6,0.28906795843598787,0.26110789291217906,0.027960065523808808
1.6500000000000001,0.8143625486001268,0.7712060517227876,0.043156496877339245
1.7000000000000002,1.0814296767604445,1.0035003055684757,0.07792937119196885
1.75,0.9234440071252262,0.8322047497092369,0.09123925741598937
1.8,0.43856882831040617,0.37860774240033523,0.05996108591007093
1.85,-0.0543517601809762,-0.05413421187746502,-0.00021754830351117943
1.9000000000000001,-0.22326566687113258,-0.17925257836889966,-0.04401308850223293
1.9500000000000002,0.049872950388386385,0.08331410177318202,-0.033441151384795635
2.0,0.5875855424754096,0.5598679806334822,0.02771756184192742
2.0500000000000003,1.0409955337733712,0.9465684116641253,0.09442712210924586
2.1,1.1267005080551329,1.0079045921731205,0.11879591588201244
2.15,0.8031918200091952,0.7098667406851416,0.09332507932405365
2.2,0.2673320103325345,0.20846579913414234,0.058866211198392165
2.25,-0.2077927567470961,-0.27597471959133413,0.06818196284423803
2.3000000000000003,-0.4587802090709074,-0.5960157388696842,0.1372355297987768
2.35,-0.5063812993732486,-0.7349004491759875,0.2285191498027389
2.4000000000000004,-0.4855826693095756,-0.7672397484304173,0.2816570791208417
2.45,-0.5117593984996915,-0.7752277813652009,0.26346838286550933
2.5,-0.5973404345994239,-0.7904335915775358,0.1930931569781119
2.5500000000000003,-0.6722500638697123,-0.7944407668554994,0.12219070298578705
2.6,-0.668565419407255,-0.7596222423872736,0.0910568229800186
2.6500000000000004,-0.585762805763259,-0.6860097974075628,0.10024699164430384
2.7,-0.4856613407664138,-0.6044834311364562,0.11882209037004238
2.75,-0.43522449461549717,-0.5507824831696301,0.1155579885541329
2.8000000000000003,-0.4561098360466835,-0.5383671705568546,0.08225733451017109
2.85,-0.522416883896883,-0.5543053801958481,0.03188849629896506
2.9000000000000004,-0.5978227706456964,-0.5786937786874495,-0.01912899195824691
2.95,-0.6700937398447425,-0.6068839342964772,-0.06320980554826527
3.0,-0.7515507367898603,-0.6527907703870376,-0.0987599664028227
3.0500000000000003,-0.8518257848206336,-0.7304561367111496,-0.12136964810948403
3.1,-0.9554173233593274,-0.8324288673254302,-0.12298845603389719
3.1500000000000004,-1.0281910445426856,-0.9276704232286703,-0.10052062131401529
3.2,-1.0456000357648594,-0.9836153689574062,-0.06198466680745318
3.25,-1.012582411658818,-0.9921070988695788,-0.020475312789239197
3.3000000000000003,-0.9521122707959595,-0.9710383981768348,0.01892612738087529
3.35,-0.8693335697471476,-0.9335841675397684,0.06425059779262077
3.4000000000000004,-0.7240926633709089,-0.850280320850337,0.12618765747942806
3.45,-0.4433210493419256,-0.6451908829477906,0.20186983360586497
3.5,0.024595769918380746,-0.24596437152346787,0.2705601414418486
3.5500000000000003,0.646958477700324,0.33930456366837486,0.30765391403194914
3.6,1.2834263026964814,0.9791623009028095,0.30426400179367186
3.6500000000000004,1.730333401935879,1.4572630283054357,0.2730703736304432
3.7,1.8171001328266683,1.5824462303668259,0.2346539024598424
3.75,1.5005096247823433,1.3021313839349868,0.19837824084735645
3.8000000000000003,0.8970956940810737,0.7398617131376519,0.15723398094342178
3.85,0.22900358766338727,0.12780591434529856,0.10119767331808871
3.9000000000000004,-0.28664285110637194,-0.320756310711173,0.034113459604801055
3.95,-0.5379634331073411,-0.5133127390720128,-0.02465069403532827
4.0,-0.5493038120522006,-0.49275364189398935,-0.05655017015821123
4.05,-0.4323458441183723,-0.3704227546299007,-0.06192308948847158
4.1000000000000005,-0.2998656203051388,-0.23881728668465846,-0.061048333620480344
4.15,-0.20369513849373552,-0.1275275554751826,-0.07616758301855292
4.2,-0.13149376033995316,-0.020293270095491946,-0.11120049024446121
4.25,-0.048644221361700185,0.09938711645101576,-0.14803133781271594
4.3,0.05829951455210789,0.22054638840915047,-0.1622468738570426
4.3500000000000005,0.17069457926244241,0.31407238676112953,-0.14337780749868712
4.4,0.2586950079968827,0.3607103691570527,-0.10201536116016996
4.45,0.30672138145878397,0.36637168031025663,-0.05965029885147266
4.5,0.3195295393022484,0.35186612574269044,-0.03233658644044202
4.55,0.3091633726078241,0.3313627320205812,-0.02219935941275708
4.6000000000000005,0.28148013506000114,0.3025378022883718,-0.021057667228370658
4.65,0.2364824316735067,0.25604869950839004,-0.019566267834883355
4.7,0.17791598815886106,0.19125703541317696,-0.013341047254315896
4.75,0.11697296297342341,0.1204761024462873,-0.0035031394728638893
4.800000000000001,0.06377279134467548,0.05825337174162094,0.0055194196030545345
4.8500000000000005,0.01708475847138085,0.00868804639668722,0.00839671207469363
4.9,-0.03302374937599014,-0.034863347769820176,0.0018395983938300359
4.95,-0.08930919678141931,-0.07747567394021869,-0.011833522841200622
5.0,-0.13509543295479867,-0.11137524726498381,-0.023720185689814863
5.050000000000001,-0.1419689605245338,-0.11830647905256116,-0.023662481471972655
5.1000000000000005,-0.09374261017012542,-0.0838291014782821,-0.00991350869184332
5.15,-0.003913520839159128,-0.009487992071358621,0.005574471232199493
5.2,0.0927528509450566,0.08889335472281219,0.0038594962222444074
5.25,0.16909465144899713,0.19442185064024656,-0.025327199191249428
5.300000000000001,0.2277574311079015,0.30029918618233453,-0.07254175507443303
5.3500000000000005,0.29418599566929127,0.4083065903440364,-0.11412059467474511
5.4,0.38589512329042913,0.5173510608468647,-0.13145593755643553
5.45,0.4875819587049775,0.6146609664416409,-0.12707900773666342
5.5,0.557090940662381,0.6788619395789484,-0.1217709989165674
5.550000000000001,0.55771161600639,0.6918171333021318,-0.13410551729574183
5.6000000000000005,0.48681379626149573,0.6478542860775526,-0.16104048981605684
5.65,0.37475340945502,0.5529542231761104,-0.17820081372109042
5.7,0.2572601313740437,0.41772567139911265,-0.16046554002506896
5.75,0.14974371396934283,0.2542243706528624,-0.10448065668351958
5.800000000000001,0.04818723382068386,0.08124143805270546,-0.03305420423202161
5.8500000000000005,-0.046895337066228525,-0.06856246846991162,0.0216671314036831
5.9,-0.11065952151148692,-0.15122412754462403,0.04056460603313711
5.95,-0.10115215681837894,-0.12803019004048496,0.026878033222106024
6.0,0.010719478368986431,0.012674642510516483,-0.001955164141530052
6.050000000000001,0.21494028914497576,0.24360274581906433,-0.028662456674088566
6.1000000000000005,0.46222472457385755,0.5055011765698114,-0.04327645199595387
6.15,0.6878871208218594,0.7286906947520666,-0.04080357393020717
6.2,0.8384099407144759,0.8561469260855129,-0.017736985371036962
6.25,0.8829109918105109,0.8572107048942693,0.0257002869162416
6.300000000000001,0.8106997757086205,0.7299434595115742,0.08075631619704626
6.3500000000000005,0.6282334368222776,0.49681564132788336,0.13141779549439425
6.4,0.36202203722198956,0.19805456229490473,0.16396747492708483
6.45,0.059155437362420765,-0.11707275894529709,0.17622819630771785
6.5,-0.22582994085655553,-0.40200513101706375,0.17617519016050823
6.550000000000001,-0.45457545523795223,-0.6251044301440204,0.17052897490606816
6.6000000000000005,-0.6202371195158788,-0.7761294691108541,0.15589234959497533
6.65,-0.7389328058075039,-0.8625675519598733,0.12363474615236947
6.7,-0.8237543139581119,-0.8985061463693124,0.07475183241120043
6.75,-0.8665735262471146,-0.8945850106549899,0.028011484407875265
6.800000000000001,-0.8468636644499341,-0.8560459429900775,0.009182278540143418
6.8500000000000005,-0.759445808791762,-0.7879193349040463,0.028473526112284264
6.9,-0.6316710043775061,-0.699584635654576,0.06791363127706984
6.95,-0.5086267482824738,-0.6021819696244531,0.09355522134197936
7.0,-0.41677634752201764,-0.500639726988278,0.08386337946626032
7.050000000000001,-0.34069617327150264,-0.389160221743679,0.048464048472176335
7.1000000000000005,-0.23838624523077803,-0.2573342935234034,0.01894804829262539
7.15,-0.08472252010359815,-0.10441774107516145,0.0196952209715633
7.2,0.09574107744636665,0.0495384000281475,0.046202677418219144
7.25,0.2378479758453269,0.1664444494137085,0.0714035264316184
7.300000000000001,0.28060254607312496,0.20732016839290857,0.07328237768021639
7.3500000000000005,0.20939626629018643,0.15296930049715013,0.0564269657930363
7.4,0.06091734940538531,0.014442632683059306,0.046474716722326004
7.45,-0.10932003143830266,-0.17267719390147784,0.06335716246317519
7.5,-0.2646420968271091,-0.36462995637363255,0.09998785954652345
7.550000000000001,-0.3978834856160912,-0.5251150364576684,0.12723155084157722
7.6000000000000005,-0.5124350624887747,-0.632382507166286,0.11994744467751128
7.65,-0.5994730404289917,-0.6782350883994649,0.07876204797047315
7.7,-0.6371818352116223,-0.6646566672751516,0.027474832063529298
7.75,-0.6119450762218229,-0.6023046557959346,-0.009640420425888307
7.800000000000001,-0.5376225041930361,-0.5099462119185606,-0.027676292274475545
7.8500000000000005,-0.451022640164022,-0.41107596774580424,-0.039946672418217755
7.9,-0.3860019739754799,-0.326279218856746,-0.05972275511873393
7.95,-0.34969909729958737,-0.26471624938617744,-0.08498284791340993
8.0,-0.32156913789514785,-0.22032091806693765,-0.1012482198282102
8.05,-0.27354609894098847,-0.17558491406162682,-0.09796118487936165
8.1,-0.1910721782337073,-0.1105799300000418,-0.0804922482336655
8.15,-0.07737577360550071,-0.011716861842314023,-0.0656589117631867
8.200000000000001,0.05784716472180869,0.12403788991201387,-0.06619072519020518
8.25,0.20971590879942031,0.28990451776906734,-0.08018860896964702
8.3,0.37731929108544515,0.47250128666574254,-0.09518199558029738
8.35,0.5540547146179265,0.6550224819858921,-0.10096776736796553
8.4,0.7221102066362907,0.8196531593156776,-0.09754295267938695
8.450000000000001,0.8583190638032768,0.949698349682649,-0.09137928587937216
8.5,0.9452992455342475,1.0315907413968821,-0.08629149586263463
8.55,0.976269923085942,1.0562088899171178,-0.07993896683117585
8.6,0.9499548183488019,1.019202988042312,-0.06924816969351
8.65,0.8638438618069326,0.9211014865857559,-0.057257624778823235
8.700000000000001,0.7159941390695377,0.7682657858439821,-0.0522716467744444
8.75,0.5150810257383194,0.5743478089802602,-0.05926678324194079
8.8,0.28719561281761696,0.3600355352058504,-0.07283992238823345
8.85,0.06886687224661568,0.14895021441661394,-0.08008334216999825
8.9,-0.11100223109620455,-0.039555732139446624,-0.07144649895675792
8.950000000000001,-0.24544357644353285,-0.19643914722739203,-0.049004429216140816
9.0,-0.3468943740781431,-0.3230156720278144,-0.023878702050328715
9.05,-0.42945475063306326,-0.4240139575023597,-0.005440793130703558
9.1,-0.49129595113344104,-0.49824929499309584,0.0069533438596547925
9.15,-0.5123723245115777,-0.5341682731419486,0.02179594863037093
9.200000000000001,-0.46897717819495544,-0.5144625921838745,0.04548541398891903
9.25,-0.35259223011456736,-0.4272722775398854,0.07468004742531803
9.3,-0.17829002674056935,-0.27650198320968716,0.09821195646911782
9.35,0.021855496422549008,-0.0844525393502059,0.10630803577275491
9.4,0.21279808917875143,0.11444720122290972,0.09835088795584171
9.450000000000001,0.3669422743484809,0.28426456735122885,0.08267770699725208
9.5,0.4661459682855665,0.3964828337813563,0.06966313450421019
9.55,0.4988778304254247,0.4342376068528497,0.06464022357257504
9.600000000000001,0.458877668840929,0.3930170487268762,0.0658606201140528
9.65,0.3478103508848069,0.2803476723048915,0.06746267857991539
9.700000000000001,0.17899384861623133,0.11510477484875745,0.06388907376747388
9.75,-0.02248095506793599,-0.07519564301380942,0.05271468794587343
9.8,-0.22522810510474733,-0.26044941937262184,0.035221314267874504
9.850000000000001,-0.40046329477479886,-0.41579507507983193,0.015331780305033071
9.9,-0.5297468997779611,-0.5271938165867196,-0.0025530831912414786
9.950000000000001,-0.6075919973939478,-0.5915557430157,-0.01603625437824774
10.0,-0.6378975955808339,-0.612029717785595,-0.025867877795238914
10.05,-0.6269148883058152,-0.5925731374947142,-0.034341750811101024
10.100000000000001,-0.577876869674086,-0.5359161379817894,-0.04196073169229664
10.15,-0.4914030060542182,-0.44556275199785744,-0.045840254056360774
10.200000000000001,-0.3711023556989143,-0.3287520955559377,-0.0423502601429766
10.25,-0.2286530438509743,-0.19668762933247116,-0.03196541451850313
10.3,-0.08201211724178058,-0.06119053409762541,-0.020821583144155165
10.350000000000001,0.05376882275526167,0.06959320031993196,-0.015824377564670297
10.4,0.175820961096709,0.19293020688862206,-0.017109245791913058
10.450000000000001,0.2935462481374924,0.3095028119715543,-0.01595656383406191
10.5,0.41754708596014706,0.4196201836492794,-0.0020730976891323305
10.55,0.5462030361339203,0.520609993692637,0.025593042441283242
10.600000000000001,0.6622401578583702,0.6066979017806253,0.05554225607774488
10.65,0.7431397098038909,0.6703542117972957,0.07278549800659517
10.700000000000001,0.7759872547228377,0.7034930912841997,0.07249416343863802
10.75,0.762685434261117,0.6983307730669788,0.06435466119413824
10.8,0.7110981557938431,0.6491487645076127,0.06194939128623034
10.850000000000001,0.6226684100723708,0.5556534315106753,0.06701497856169558
10.9,0.4916160324967755,0.42634360297177465,0.06527242952500084
10.950000000000001,0.31884181417881985,0.2787456769117453,0.04009613726707456
11.0,0.12643349677630172,0.1346947204905384,-0.008261223714236682
11.05,-0.04535982051861275,0.012465693755043443,-0.057825514273656196
11.100000000000001,-0.16126901891571904,-0.07957802066296973,-0.08169099825274931
11.15,-0.2157515024999329,-0.14383175013614688,-0.07191975236378603
11.200000000000001,-0.23591730435647928,-0.18876628182818866,-0.04715102252829062
11.25,-0.2576327541671297,-0.2226434964255908,-0.03498925774153891
11.3,-0.2951591381658304,-0.25012839075250015,-0.04503074741333024
11.350000000000001,-0.33196572293783205,-0.27313791358251704,-0.05882780935531501
11.4,-0.3410559781636526,-0.2934265209982782,-0.04762945716537437
11.450000000000001,-0.31506458935722403,-0.3134413292905129,-0.0016232600667111519
11.5,-0.276962935455218,-0.33457387834902763,0.057610942893809636
11.55,-0.26116402312580084,-0.35526599640956474,0.0941019732837639
11.600000000000001,-0.28372337029352407,-0.3719419592733471,0.08821858897982304
11.65,-0.3305446339270298,-0.3827312851621995,0.05218665123516969
11.700000000000001,-0.37391870637333724,-0.39040601976883166,0.01648731339549442
11.75,-0.3992351995139885,-0.4007291889937045,0.001493989479716018
11.8,-0.4141937128066362,-0.4163032520866857,0.0021095392800495327
11.850000000000001,-0.43179825911751124,-0.43066214057596874,-0.0011361185415424968
11.9,-0.4461751349624048,-0.4282111312530222,-0.017964003709382614
11.950000000000001,-0.42812713284261034,-0.3913354695238744,-0.036791663318735957
12.0,-0.34714334427835725,-0.31004178463183785,-0.0371015596465194
12.05,-0.19912822148385492,-0.18720190283060495,-0.011926318653249973
12.100000000000001,-0.012738269440419545,-0.03608521157152477,0.023346942131105226
12.15,0.1715019099214006,0.12673260269324724,0.044769307228153365
12.200000000000001,0.3281757492694957,0.2865902936481286,0.04158545562136712
12.25,0.45401651872744064,0.4302683832583156,0.02374813546912502
12.3,0.5508588922084693,0.542164336308445,0.008694555900024326
12.350000000000001,0.6058770930482328,0.6032016214541522,0.0026754715940805474
12.4,0.592939726589159,0.596211149384959,-0.0032714227957999498
12.450000000000001,0.49584002743798034,0.5151904926949958,-0.019350465257015503
12.5,0.32992134541097007,0.3714854640520266,-0.041564118641056524
12.55,0.1388276204393834,0.19171830805835458,-0.05289068761897117
12.600000000000001,-0.032221345004780313,0.008615064116942146,-0.040836409121722456
12.65,-0.16173614686507395,-0.1490448405171541,-0.012691306347919845
12.700000000000001,-0.25307195160921836,-0.26175344149714946,0.008681489887931104
12.75,-0.31394242775110304,-0.3194427596909332,0.005500331939830183
12.8,-0.33885842153768886,-0.32038620447949306,-0.018472217058195795
12.850000000000001,-0.3145432788650418,-0.27201013418176934,-0.04253314468327246
12.9,-0.24238012386317348,-0.1922890819794938,-0.05009104188367969
12.950000000000001,-0.15208132224479606,-0.1074108321270313,-0.04467049011776476
13.0,-0.08841043986896867,-0.043715221212838364,-0.044695218656130305
13.05,-0.08044255897285464,-0.017642460438417017,-0.06280009853443763
13.100000000000001,-0.12178421856861904,-0.030646704522560516,-0.09113751404605852
13.15,-0.1803550813905529,-0.07279137268276488,-0.10756370870778802
13.200000000000001,-0.2274399841518573,-0.13145453919087927,-0.09598544496097802
13.25,-0.2572603743211421,-0.19710782418378103,-0.060152550137361094
13.3,-0.2791062895539487,-0.26118722680382167,-0.017919062750127057
13.350000000000001,-0.2928281893349395,-0.30923536499918153,0.016407175664242046
13.4,-0.2755957371667847,-0.31808920137276264,0.04249346420597794
13.450000000000001,-0.19592329288044835,-0.2631761866988178,0.06725289381836946
13.5,-0.0425780347972255,-0.13287187840616196,0.09029384360893647
13.55,0.159724292025903,0.060496752417456286,0.09922753960844671
13.600000000000001,0.36327478991684775,0.2821099261466807,0.08116486377016707
13.65,0.5267964008621673,0.4884735694638675,0.038322831398299784
13.700000000000001,0.6346018640181789,0.6442734825495601,-0.00967161853138121
13.75,0.69099829970921,0.7315358803466561,-0.04053758063744606
13.8,0.7006672998746695,0.7475305588387933,-0.0468632589641238
13.850000000000001,0.6578815172363452,0.6968806612413365,-0.03899914400499127
13.9,0.5553235667798131,0.5864355766222712,-0.0311120098424581
13.950000000000001,0.40119242176971304,0.42671806660032263,-0.025525644830609595
14.0,0.22468673763285332,0.23635153343601734,-0.011664795803164013
14.05,0.06277632672584464,0.04278185867501348,0.01999446805083116
14.100000000000001,-0.059407594989131285,-0.12382453802847662,0.06441694303934534
14.15,-0.1368489722212763,-0.24028956674865337,0.10344059452737708
14.200000000000001,-0.17694690959037476,-0.2973504566074477,0.12040354701707293
14.25,-0.1873557573621279,-0.2998330569507404,0.11247729958861252
14.3,-0.17271867699221138,-0.2613358416294441,0.08861716463723274
14.350000000000001,-0.14066399558957754,-0.19797944064566092,0.05731544505608338
14.4,-0.10560860533818077,-0.12485091117707726,0.019242305838896495
14.450000000000001,-0.08206133306211381,-0.05536652046859762,-0.026694812593516193
14.5,-0.07320466437610865,-0.0013158152708939903,-0.07188884910521466
14.55,-0.06845798112266581,0.028378457700591744,-0.09683643882325756
14.600000000000001,-0.055136840929075746,0.030111483945346882,-0.08524832487442263
14.65,-0.033075727781390105,0.007528765197577444,-0.04060449297896755
14.700000000000001,-0.015937357306072715,-0.02885788061317683,0.012920523307104116
14.75,-0.016301721898481017,-0.06497148708012526,0.048669765181644245
14.8,-0.030047161332283516,-0.08846437530481342,0.058417213972529906
14.850000000000001,-0.0383520436613047,-0.09388651840102565,0.055534474739720945
14.9,-0.027892812761829616,-0.08516663896931195,0.05727382620748234
14.950000000000001,-0.009191812502774793,-0.07366827888604717,0.06447646638327238
15.0,-0.012195088167528232,-0.07234462296721379,0.06014953479968556
15.05,-0.060057852037941534,-0.08917520196923936,0.02911734993129783
15.100000000000001,-0.14534100958414237,-0.12400171278625066,-0.021339296797891705
15.15,-0.23276818086585874,-0.1706615275713116,-0.06210665329454715
15.200000000000001,-0.2876415103732557,-0.22214164201661027,-0.06549986835664542
15.25,-0.3033579984113992,-0.273856288655944,-0.029501709755455185
15.3,-0.30154223764176424,-0.3219106655821558,0.020368427940391565
15.350000000000001,-0.30509573646804594,-0.35836381526498906,0.05326807879694312
15.4,-0.3115954637739471,-0.369425537575771,0.05783007380182392
15.450000000000001,-0.2944743871650922,-0.3409744095086587,0.04650002234356648
15.5,-0.23173815436463027,-0.2692673598867459,0.03752920552211561
15.55,-0.13404041277365383,-0.1687383152195134,0.034697902445859574
15.600000000000001,-0.04371089724222923,-0.06919325699116056,0.025482359748931337
15.65,-0.004129042583576796,-0.0020896266219186045,-0.002039415961658191
15.700000000000001,-0.02710467634416028,0.015816346137526808,-0.04292102248168709
15.75,-0.08704711045650898,-0.009351306583533062,-0.07769580387297592
15.8,-0.14447742617117001,-0.053516209845823844,-0.09096121632534618
15.850000000000001,-0.17451860022846688,-0.0881676840365653,-0.08635091619190158
15.9,-0.17446707109393875,-0.09263890264031407,-0.08182816845362467
15.950000000000001,-0.1480433916354627,-0.0580071029954628,-0.0900362886399999
16.0,-0.08733867596682535,0.01688304704239721,-0.10422172300922256
16.05,0.026510610934152468,0.13098659068537505,-0.10447597975122258
16.1,0.20444007198401953,0.28236697860636406,-0.07792690662234453
16.150000000000002,0.4323978287627276,0.46459229380787376,-0.03219446504514617
16.2,0.6736613290435415,0.6623266251434131,0.011334703900128362
16.25,0.8876474544736407,0.8506851022991306,0.03696235217451005
16.3,1.0463717410507942,0.9995931589990794,0.04677858205171481
16.35,1.134611259122553,1.0808100632266808,0.05380119589587218
16.400000000000002,1.1389884069213978,1.0742654786056418,0.06472292831575599
16.45,1.0431334663819807,0.9717938451526481,0.07133962122933257
16.5,0.8380268360713684,0.7781767546321469,0.05985008143922155
16.55,0.5379811373309438,0.5101277016210674,0.027853435709876417
16.6,0.18434134332110277,0.193713874243194,-0.009372530922091227
16.650000000000002,-0.16973004640530737,-0.13933168756307085,-0.030398358842236517
16.7,-0.48117075291884714,-0.4556866912670403,-0.025484061651806833
16.75,-0.7272968049425104,-0.724220254186427,-0.003076550756083374
16.8,-0.8990211933989374,-0.9193885847794829,0.020367391380545552
16.85,-0.9892079876938175,-1.024561034328357,0.03535304663453964
16.900000000000002,-0.9914365496567334,-1.0349639986613417,0.043527449004608254
16.95,-0.9100427668877573,-0.9587159678685603,0.048673200980802966
17.0,-0.7670472311547546,-0.8142660992014785,0.04721886804672393
17.05,-0.5933667973826735,-0.624435595044766,0.031068797662092473
17.1,-0.40953590490594294,-0.409968795493284,0.00043289058734108377
17.150000000000002,-0.21541557508161113,-0.1863665319296135,-0.029049043151997633
17.2,-0.0018888957015859695,0.034569747367933355,-0.03645864306951933
17.25,0.22486567440653912,0.24085640062144267,-0.01599072621490355
17.3,0.4311524179542272,0.4182273692755753,0.012925048678651907
17.35,0.5708048619444137,0.5518513351349699,0.018953526809443844
17.400000000000002,0.6162637674645471,0.6300098622947643,-0.01374609483021716
17.45,0.5772384735856032,0.6461585409594206,-0.0689200673738174
17.5,0.4889329427508252,0.5980720828780195,-0.10913914012719428
17.55,0.3807623142287828,0.48659477712114774,-0.10583246289236492
17.6,0.2554804984203612,0.31747750139530495,-0.06199700297494376
17.650000000000002,0.09835252990709348,0.10623028899777982,-0.007877759090686345
17.7,-0.09383340521631671,-0.11886972474611109,0.025036319529794376
17.75,-0.2939930955288725,-0.3212313711952283,0.027238275666355838
17.8,-0.45637859980802664,-0.46834024153739834,0.011961641729371697
17.85,-0.5488837955007776,-0.5454860333813562,-0.0033977621194214436
17.900000000000002,-0.575993884294607,-0.5616603618339331,-0.014333522460673875
17.95,-0.5714075776810822,-0.5432534558028127,-0.02815412187826949
18.0,-0.5682572505241574,-0.519640203209742,-0.04861704731441541
18.05,-0.574900631292556,-0.5098748027112896,-0.06502582858126638
18.1,-0.5765388555821619,-0.5175700135536829,-0.05896884202847896
18.150000000000002,-0.5566011836141714,-0.5341488797897229,-0.022452303824448516
18.2,-0.51386044416846,-0.545299070471062,0.03143862630260197
18.25,-0.45866524462724734,-0.5356672889597385,0.07700204433249114
18.3,-0.3951581899134562,-0.4910234636242125,0.09586527371075632
18.35,-0.31095189484016866,-0.4003641893072675,0.08941229446709886
18.400000000000002,-0.18696360476569415,-0.25963131144997903,0.07266770668428488
18.45,-0.01815639623153682,-0.07545936338157025,0.057302967150033426
18.5,0.17589779976492181,0.13433294012383304,0.041564859641088775
18.55,0.36150058066917234,0.34490619298354314,0.01659438768562921
18.6,0.5121821969839055,0.5311160875469844,-0.018933890563078815
18.650000000000002,0.6207858953147737,0.6731374367751793,-0.05235154146040566
18.7,0.6928378020194011,0.7590486345688147,-0.06621083254941351
18.75,0.7310968272673753,0.7851728038438717,-0.05407597657649632
18.8,0.7288646359825405,0.7557698998553067,-0.02690526387276626
18.85,0.678484651858617,0.682116974935706,-0.0036323230770890502
18.900000000000002,0.5842738668551639,0.5796041242677954,0.0046697425873685194
18.95,0.4644710222587401,0.46257649554979563,0.0018945267089444662
19.0,0.33921964568645774,0.3395294531851956,-0.0003098074987378796
19.05,0.2173096341517189,0.21259433130311847,0.004715302848600417
19.1,0.09627081268789965,0.08273775837681642,0.013533054311083231
19.150000000000002,-0.023700078943544832,-0.04270393864213931,0.01900385969859448
19.200000000000003,-0.1266701097549478,-0.14632016196694816,0.019650052212000363
19.25,-0.1836021149130514,-0.20476137829061128,0.021159263377559884
19.3,-0.17030402837152503,-0.19906329900346498,0.028759270631939948
19.35,-0.08524293713581847,-0.12493835553973769,0.039695418403919214
19.400000000000002,0.04804220708874791,0.0031038005659922508,0.04493840652275566
19.450000000000003,0.1945457337013135,0.1557285290432873,0.03881720465802621
19.5,0.32416546453584644,0.29810121603062184,0.026064248505224596
19.55,0.4179416564904592,0.39994559133449825,0.017996065155960972
19.6,0.4638740602847108,0.44281882245411824,0.021055237830592544
19.650000000000002,0.4525512723430476,0.42310868007285724,0.02944259227019036
19.700000000000003,0.38040240006483583,0.3505677316652106,0.02983466839962523
19.75,0.25693830541046847,0.24303312171282118,0.013905183697647289
19.8,0.10559022249581594,0.11925729318096366,-0.01366707068514772
19.85,-0.04629705802564484,-0.006869325506137232,-0.03942773251950761
19.900000000000002,-0.18062895954676988,-0.12768685442778194,-0.05294210511898795
19.950000000000003,-0.29267605401640495,-0.23847491249081956,-0.05420114152558539
20.0,-0.3827144243446553,-0.3328064182615969,-0.0499080060830584
20.05,-0.4448076432519064,-0.40096530569784533,-0.043842337554061084
20.1,-0.46544571916827204,-0.43303485914855316,-0.03241086001971888
20.150000000000002,-0.4340702678106447,-0.4237963107784703,-0.01027395703217443
20.200000000000003,-0.35420368141796355,-0.37472000338571765,0.020516321967754103
20.25,-0.24249750370249593,-0.29115742843828074,0.048659924735784815
20.3,-0.11568499457306596,-0.1778351825894513,0.062150188016385347
20.35,0.02096713754547946,-0.03793349288349417,0.05890063042897363
20.400000000000002,0.1704815833239791,0.1221659457839436,0.04831563754003551
20.450000000000003,0.3280715640546443,0.28629552407114145,0.04177603998350288
20.5,0.46856338425225824,0.4269109327004494,0.041652451551808856
20.55,0.5524043714228662,0.5121412547366789,0.04026311668618732
20.6,0.548126888551497,0.5181818118179856,0.029945076733511433
20.650000000000002,0.4526827122726323,0.43906537031825843,0.013617341954373863
20.700000000000003,0.2918707491043148,0.28759009125190926,0.004280657852405556
20.75,0.10089094191583874,0.08779216711246016,0.01309877480337858
20.8,-0.09721096145955062,-0.13486718399494907,0.03765622253539845
20.85,-0.29678528533695897,-0.35909891812064243,0.06231363278368346
20.900000000000002,-0.4966306027380579,-0.567386204818605,0.0707556020805471
20.950000000000003,-0.6841832831936369,-0.7429942514771376,0.05881096828350074
21.0,-0.833525680281311,-0.8691263498714844,0.035600669590173384
21.05,-0.9191100881518466,-0.9320318572981308,0.012921769146284179
21.1,-0.931615671726922,-0.9259107109732337,-0.005704960753688204
21.150000000000002,-0.881293664828283,-0.8559153585801411,-0.025378306248141858
21.200000000000003,-0.787372793217859,-0.7371346449210475,-0.0502381482968115
21.25,-0.6653297364588304,-0.5901915452412922,-0.07513819121753817
21.3,-0.5239423539809166,-0.43573309594919896,-0.08820925803171764
21.35,-0.37221554727892653,-0.2900206150334507,-0.0821949322454758
21.400000000000002,-0.22578564277704088,-0.1628945685767294,-0.06289107420031148
21.450000000000003,-0.10412069504293069,-0.05843245519998272,-0.04568823984294797
21.5,-0.0209619376928241,0.02232264678295519,-0.04328458447577929
21.55,0.021724073341069714,0.0782353972691228,-0.056511323928053095
21.6,0.030054220053797282,0.10678631687067391,-0.07673209681687664
21.650000000000002,0.009698206859194298,0.10593285681187065,-0.09623464995267635
21.700000000000003,-0.03703491093824081,0.07806154915706316,-0.11509646009530397
21.75,-0.10456955436846986,0.032823755769753445,-0.1373933101382233
21.8,-0.175620804624704,-0.014102761493399967,-0.16151804313130402
21.85,-0.2223229020491487,-0.04625274932450943,-0.17607015272463927
21.900000000000002,-0.21908644276017794,-0.05201585624817034,-0.1670705865120076
21.950000000000003,-0.15640039701572364,-0.026308659057857006,-0.13009173795786663
22.0,-0.04218631336052935,0.03295921788361384,-0.0751455312441432
22.05,0.11103798814519933,0.1301412193766182,-0.019103231231418882
22.1,0.30015361981450545,0.2731385291884783,0.02701509062602714
22.150000000000002,0.5310565100370996,0.4676152241561413,0.06344128588095832
22.200000000000003,0.8018828305574778,0.7067716262995852,0.09511120425789255
22.25,1.08490351025413,0.9637238515537122,0.1211796587004178
22.3,1.3258536785073203,1.193048709442421,0.13280496906489936
22.35,1.465266218610343,1.3427755127023164,0.12249070590802646
22.400000000000002,1.4670408124725658,1.3717121869978535,0.09532862547471233
22.450000000000003,1.3329906835475644,1.2638008355569332,0.06918984799063121
22.5,1.0943840990215314,1.0330379700734613,0.06134612894807012
22.55,0.7908154868854066,0.7177307879452052,0.07308469894020142
22.6,0.45523447251062926,0.36796550658104116,0.0872689659295881
22.650000000000002,0.11471631295493463,0.03229810670433596,0.08241820625059867
22.700000000000003,-0.20033130688541634,-0.2516713077356861,0.05134000085026974
22.75,-0.4537014174462791,-0.46137464465414585,0.0076732272078667285
22.8,-0.6146952188614432,-0.5892570959425455,-0.025438122918897688
22.85,-0.6749132984714962,-0.6407335815441633,-0.034179716927332904
22.900000000000002,-0.6550687516861046,-0.6312821674806536,-0.02378658420545099
22.950000000000003,-0.5941589224073159,-0.5825774081723304,-0.011581514234985546
23.0,-0.5283751336157542,-0.5173436184055991,-0.011031515210155107
23.05,-0.4753094167999752,-0.4537007709410158,-0.021608645858959385
23.1,-0.43345516223552083,-0.4011125318980912,-0.03234263033742962
23.150000000000002,-0.3938091623869351,-0.3600977810746309,-0.03371138131230417
23.200000000000003,-0.3518270740791697,-0.3260477963587845,-0.025779277720385185
23.25,-0.31063811446153095,-0.29488268830700304,-0.015755426154527907
23.3,-0.2759718874279807,-0.26691522904104764,-0.009056658386933036
23.35,-0.25001486913090326,-0.24645462226062934,-0.0035602468702739254
23.400000000000002,-0.2300709741859244,-0.2376904346100944,0.007619460424169999
23.450000000000003,-0.21162126356736718,-0.24000959328503196,0.02838832971766478
23.5,-0.1912659673502181,-0.24614179326866176,0.054875825918443644
23.55,-0.16655643039578105,-0.24432910232895821,0.07777267193317716
23.6,-0.13400904521362017,-0.22290861241655394,0.08889956720293377
23.650000000000002,-0.088511998749495,-0.1744118358759488,0.0858998371264538
23.700000000000003,-0.025242548113223965,-0.09720530576220629,0.07196275764898233
23.75,0.05785813656038549,0.0052826065738558045,0.05257552998652969
23.8,0.159344331770965,0.12628993277641917,0.03305439899454582
23.85,0.2750629793696167,0.256975758541876,0.018087220827740724
23.900000000000002,0.39831643168509184,0.3867842949116299,0.011532136773461932
23.950000000000003,0.5183942201382099,0.5034810787738907,0.014913141364319205
24.0,0.6195311140034147,0.5937565203828203,0.02577459362059431
24.05,0.6834615671163712,0.6450012116524906,0.0384603554638806
24.1,0.6959583193540037,0.6482055113455008,0.0477528080085029
24.150000000000002,0.6534796659425854,0.6011193991090875,0.052360266833497926
24.200000000000003,0.5647959597131842,0.5101231656980196,0.05467279401516456
24.25,0.44602640129405335,0.38928259708160223,0.05674380421245112
24.3,0.312850804733416,0.2562583940513258,0.0565924106820902
24.35,0.17572992889153602,0.12670467343884032,0.049025255452695704
24.400000000000002,0.040773830417300656,0.010113450435241048,0.03066037998205961
24.450000000000003,-0.08644464584709423,-0.09062801744130809,0.004183371594213864
24.5,-0.19914422021217454,-0.17626327687256493,-0.022880943339609605
24.55,-0.29183006092393604,-0.2475613582926832,-0.04426870263125285
24.6,-0.3642285700229304,-0.30406929177124,-0.06015927825169043
24.650000000000002,-0.42187399277514737,-0.3458030414364323,-0.07607095133871505
24.700000000000003,-0.47167338700615485,-0.3755715291140241,-0.09610185789213077
24.75,-0.5159787389965323,-0.39901230104823315,-0.1169664379482992
24.8,-0.5507592585375827,-0.421743067297256,-0.12901619124032665
24.85,-0.5700635049779785,-0.44606049802195374,-0.12400300695602479
24.900000000000002,-0.5730193552318095,-0.4702615730503352,-0.10275778218147424
24.950000000000003,-0.5666905569830962,-0.4910997027100212,-0.07559085427307505
25.0,-0.5612060723279207,-0.506577585259525,-0.05462848706839574
25.05,-0.5602926502878769,-0.515676656172245,-0.044615994115631885
25.1,-0.5548611106225986,-0.5146783438375914,-0.04018276678500721
25.150000000000002,-0.5255150605264046,-0.4936807144222706,-0.03183434610413405
25.200000000000003,-0.45301205587484317,-0.4377702622042984,-0.01524179367054479
25.25,-0.32942165925043726,-0.33379049453892207,0.004368835288484807
25.3,-0.1622224444350531,-0.1786747036097013,0.01645225917464821
25.35,0.030723894855952824,0.01656570813670233,0.014158186719250496
25.400000000000002,0.23026000921871423,0.22998883786386515,0.0002711713548490813
25.450000000000003,0.4214257813587282,0.4363504785082192,-0.014924697149490962
25.5,0.5917393101478917,0.613598526802425,-0.021859216654533276
25.55,0.7257400966330461,0.7446441297433671,-0.018904033110321072
25.6,0.803126429476767,0.8157106294812833,-0.01258420000451621
25.650000000000002,0.804849782088176,0.81564438764119,-0.010794605553013925
25.700000000000003,0.7240940236832392,0.7390378413942819,-0.014943817711042695
25.75,0.5736714988724553,0.5914929921233442,-0.017821493250888887
25.8,0.38308418327423954,0.3922635943979371,-0.009179411123697578
25.85,0.1863335181866163,0.17086352926520137,0.015469988921414934
25.900000000000002,0.00897311033426363,-0.0411550050235578,0.05012811535782143
25.950000000000003,-0.13665997316374442,-0.2183324764971463,0.08167250333340187
26.0,-0.24626607291681216,-0.3448737268139179,0.09860765389710577
26.05,-0.3152946535459279,-0.41326707627219766,0.09797242272626977
26.1,-0.3367231626671053,-0.4215234523966494,0.08480028972954412
26.150000000000002,-0.3078605363667987,-0.3729840521118993,0.06512351574510056
26.200000000000003,-0.2398452920353048,-0.27924462909394987,0.03939933705864507
26.25,-0.1597077291845418,-0.1627080279641963,0.00300029877965452
26.3,-0.10041814245860434,-0.05426433914265365,-0.04615380331595069
26.35,-0.08466690862716471,0.015304628471217926,-0.09997153709838263
26.400000000000002,-0.11408178003814384,0.02671378317066902,-0.14079556320881287
26.450000000000003,-0.1716954292638653,-0.019993503505923216,-0.15170192575794209
26.5,-0.2349527470517763,-0.10604040623529074,-0.12891234081648556
26.55,-0.2885160687579576,-0.20284975982289877,-0.08566630893505883
26.6,-0.3274327471582337,-0.28416632517895757,-0.043266421979276104
26.650000000000002,-0.3503571167196064,-0.3345162164604845,-0.01584090025912188
26.700000000000003,-0.35113880195466074,-0.34994098660869627,-0.0011978153459644703
26.75,-0.31770530038772005,-0.3322778270577239,0.01457252667000386
26.8,-0.23975885321894624,-0.2824577791984307,0.04269892597948444
26.85,-0.11847949901021151,-0.19849089225428052,0.080011393244069
26.900000000000002,0.0303371081127758,-0.07993134527248957,0.11026845338526538
26.950000000000003,0.18233308938398932,0.06455735367747778,0.11777573570651154
27.0,0.3146251722379842,0.212731711428982,0.10189346080900219
27.05,0.4120011032848348,0.33208236325931445,0.07991874002552035
27.1,0.46598152267778387,0.39083457747204364,0.07514694520574022
27.150000000000002,0.47049170065385276,0.3716237148563209,0.09886798579753187
27.200000000000003,0.42080834574908255,0.28082223650302973,0.13998610924605281
27.25,0.31867912297017204,0.14839452929912822,0.17028459367104382
27.3,0.1796274332238629,0.017698102550004296,0.16192933067385862
27.35,0.034773648003010416,-0.07057394381869754,0.10534759182170796
27.400000000000002,-0.07745684638928979,-0.09328243122676055,0.015825584837470763
27.450000000000003,-0.1268001578645024,-0.051864362353164994,-0.07493579551133742
27.5,-0.10474716857848831,0.03167753421427565,-0.13642470279276397
27.55,-0.02750985113043748,0.12752474970327732,-0.1550346008337148
27.6,0.0736301919157411,0.21245827829212494,-0.13882808637638383
27.650000000000002,0.16819541842337807,0.2777729846872979,-0.10957756626391982
27.700000000000003,0.2383560172882664,0.3265394549662887,-0.08818343767802234
27.75,0.2800581423730532,0.3632326857251145,-0.08317454335206131
27.8,0.2951029084631278,0.38423181301163856,-0.08912890454851075
27.85,0.28257241486984463,0.37705327813364375,-0.09448086326379912
27.900000000000002,0.23773127081217668,0.32927182572728625,-0.09154055491510957
27.950000000000003,0.15934275927195235,0.23999871892350305,-0.0806559596515507
28.0,0.05815545586299368,0.12421059690656745,-0.06605514104357377
28.05,-0.04263677843537322,0.005760278860267902,-0.048397057295641116
28.1,-0.11762837775496521,-0.09568978704884928,-0.021938590706115924
28.150000000000002,-0.15307902170217944,-0.17326452731799058,0.020185505615811145
28.200000000000003,-0.15325548212421358,-0.2301523423343146,0.07689686021010103
28.25,-0.13391588590283737,-0.26861714903557005,0.13470126313273267
28.3,-0.10880952043477983,-0.2814357720777747,0.1726262516429949
28.35,-0.0814140201085017,-0.25486331360172976,0.17344929349322807
28.400000000000002,-0.04920010468557072,-0.1822777639947361,0.13307765930916537
28.450000000000003,-0.01546937944147734,-0.07759572798591216,0.06212634854443482
28.5,0.0042769159126551295,0.023885365654223733,-0.019608449741568605
28.55,-0.009938755401197725,0.08068074401554136,-0.09061949941673908
28.6,-0.06572938933972443,0.0675072150850332,-0.13323660442475763
28.650000000000002,-0.14740812037637563,-0.009916670565444628,-0.137491449810931
28.700000000000003,-0.2222106890043581,-0.11740051568754527,-0.10481017331681282
28.75,-0.2599269979299811,-0.20994129721662527,-0.04998570071335581
28.8,-0.2498003131980425,-0.2526490391461611,0.002848725948118608
28.85,-0.20090997110171174,-0.23252364812137538,0.03161367701966364
28.900000000000002,-0.127679142686387,-0.15667279358271105,0.028993650896324052
28.950000000000003,-0.03604290012616169,-0.042300474097067116,0.006257573970905428
29.0,0.0755048201447324,0.0920503543703302,-0.01654553422559779
29.05,0.2014062211945649,0.2282418119414189,-0.026835590746854016
29.1,0.31725355123171306,0.34520766301345945,-0.027954111781746394
29.150000000000002,0.38582379459564986,0.4175785416994955,-0.031754747103845626
29.200000000000003,0.3793827631237855,0.42173964063242175,-0.04235687750863626
29.25,0.3002721443660507,0.34793058453442943,-0.047658440168378724
29.3,0.18176085313021648,0.21042456395569017,-0.0286637108254737
29.35,0.0680741684210181,0.04708950949266239,0.020984658928355708
29.400000000000002,-0.009542215776050215,-0.09404556352970403,0.08450334775365381
29.450000000000003,-0.04190618711626038,-0.17452948653439898,0.1326232994181386
29.5,-0.03269297211655212,-0.17989349397302323,0.14720052185647112
29.55,0.01531028905743153,-0.1204299971490771,0.13574028620650863
29.6,0.10258534286273355,-0.019601520284209518,0.12218686314694306
29.650000000000002,0.22223055570583222,0.10013074195342443,0.12209981375240779
29.700000000000003,0.34997365742301767,0.22353228239438727,0.1264413750286304
29.75,0.4489124714547769,0.33805720971114883,0.11085526174362809
29.8,0.4879756103443209,0.4254763029853266,0.06249930735899428
29.85,0.4582965416519412,0.46006122531276405,-0.00176468366082283
29.900000000000002,0.3727871726491296,0.41780944508949186,-0.045022272440362276
29.950000000000003,0.250432185383395,0.2909846387372532,-0.04055245335385821
30.0,0.10162936894017954,0.09668026531800153,0.004949103622178014
30.05,-0.07109058605471895,-0.12786878807196672,0.05677820201724777
30.1,-0.2595083584340914,-0.3404032667814274,0.08089490834733598
30.150000000000002,-0.44010060822567665,-0.5089485786781859,0.06884797045250923
30.200000000000003,-0.5815929932152208,-0.6184158644779192,0.03682287126269834
30.25,-0.6647703971163107,-0.6676942814449359,0.002923884328625226
30.3,-0.6955937800675754,-0.6634907547231157,-0.032103025344459746
30.35,-0.6978099630639049,-0.6171395296128978,-0.0806704334510071
30.400000000000002,-0.6911108473771256,-0.5447342672160294,-0.14637658016109623
30.450000000000003,-0.6755066675637966,-0.4660249008388204,-0.2094817667249762
30.5,-0.6366519296798739,-0.398786181606033,-0.23786574807384092
30.55,-0.5658448726876246,-0.35119479597258774,-0.21465007671503689
30.6,-0.4734783254619406,-0.3185732489723387,-0.1549050764896019
30.650000000000002,-0.3813601164933324,-0.2881050215474578,-0.09325509494587458
30.700000000000003,-0.30126049798169874,-0.24813105586948261,-0.053129442112216124
30.75,-0.22207836341757908,-0.19439484854679936,-0.02768351487077972
30.8,-0.12040067979096859,-0.12862432623702194,0.008223646446053348
30.85,0.014029081440876343,-0.05239773667956527,0.06642681812044161
30.900000000000002,0.16214708351221513,0.03608873910261518,0.12605834440959995
30.950000000000003,0.284999436038316,0.13772098453698506,0.14727845150133095
31.0,0.3508643495879374,0.24394528600086632,0.10691906358707107
31.05,0.3554862558270966,0.3326071228354136,0.022879132991682982
31.1,0.3181036570444265,0.37415237496923937,-0.05604871792481286
31.150000000000002,0.25972391406228346,0.3459249748727727,-0.08620106081048923
31.200000000000003,0.1865769011829052,0.24561916011180443,-0.05904225892889922
31.25,0.09465966816924459,0.09535603283896685,-0.0006963646697222547
31.3,-0.011596500021942006,-0.06566057869571948,0.05406407867377747
31.35,-0.10866440379063794,-0.19520684756567147,0.08654244377503353
31.400000000000002,-0.1653038943550315,-0.2619010695780296,0.0965971752229981
31.450000000000003,-0.16696725323172998,-0.25416509104219626,0.08719783781046628
31.5,-0.12977941678803886,-0.18274242321963755,0.05296300643159868
31.55,-0.08976248991503552,-0.07682438451242855,-0.012938105402606967
31.6,-0.07666118454271295,0.025434562372554412,-0.10209574691526736
31.650000000000002,-0.09621733417269483,0.08952550562787284,-0.18574283980056766
31.700000000000003,-0.13557023092370965,0.09549708364598283,-0.23106731456969248
31.75,-0.18309043518842963,0.04216004244716594,-0.22525047763559558
31.8,-0.2401349274621436,-0.056686533455506526,-0.18344839400663707
31.85,-0.31186034144078034,-0.17985522488418265,-0.1320051165565977
31.900000000000002,-0.38732961901047674,-0.3038627997430084,-0.08346681926746835
31.950000000000003,-0.4319078146290808,-0.4028659627360896,-0.02904185189299119
32.0,-0.40394102522857184,-0.4472705603347903,0.04332953510621845
32.050000000000004,-0.28357696377550334,-0.4076672699932367,0.12409030621773337
32.1,-0.08842614147557472,-0.26638323900563854,0.17795709753006383
32.15,0.138003506358834,-0.03080050236645972,0.16880400872529372
32.2,0.354295010179961,0.2616875182913646,0.0926074918885964
32.25,0.5404753536697798,0.552989475837432,-0.01251412216765213
32.300000000000004,0.6937114266203188,0.7841342125871633,-0.0904227859668445
32.35,0.8093254229599419,0.9148182450912667,-0.10549282213132483
32.4,0.8701702049382103,0.9332129545688317,-0.0630427496306214
32.45,0.8577922812725822,0.8542591606949077,0.00353312057767452
32.5,0.7753472992944935,0.7115100925930539,0.06383720670143966
32.550000000000004,0.6583831813173783,0.5481632571346556,0.11021992418272264
32.6,0.5593134495163464,0.4086225910652528,0.15069085845109365
32.65,0.5155874871834413,0.32876115526255517,0.1868263319208861
32.7,0.5271885716069646,0.3249731451969817,0.2022154264099829
32.75,0.5614684418578083,0.38681965095016935,0.17464879090763896
32.800000000000004,0.579838468784286,0.47958221348594804,0.10025625529833798
32.85,0.5632604332857859,0.5581710855985893,0.005089347687196599
32.9,0.5171215972223585,0.5859595629981936,-0.06883796577583512
32.95,0.4560387796392451,0.5481497104070763,-0.09211093076783117
33.0,0.38617414852299325,0.4530004758021688,-0.06682632727917553
33.050000000000004,0.3018840612485292,0.3226283988245538,-0.02074433757602462
33.1,0.1976431888472342,0.18116069613570746,0.01648249271152674
33.15,0.08132844468323124,0.047360269667033196,0.03396817501619804
33.2,-0.025369147157644684,-0.06673837412614078,0.0413692269684961
33.25,-0.10058567308257993,-0.15448561848239645,0.05389994539981652
33.300000000000004,-0.13797178589509715,-0.21411042520565945,0.0761386393105623
33.35,-0.15103995052741778,-0.24938072863723418,0.0983407781098164
33.4,-0.16325509904659488,-0.269243708439133,0.1059886093925381
33.45,-0.1928344057739078,-0.28501477196862773,0.09218036619471992
33.5,-0.24419789430764757,-0.30637840517042186,0.06218051086277429
33.550000000000004,-0.31085616243826814,-0.3388360653221233,0.027979902883855157
33.6,-0.38473344490505507,-0.38381653321784165,-0.0009169116872134175
33.65,-0.4629032543928292,-0.44016704918098465,-0.02273620521184455
33.7,-0.5466253812995959,-0.5049120255069379,-0.041713355792658
33.75,-0.634840615558171,-0.5727029178406012,-0.06213769771756972
33.800000000000004,-0.7186475235896642,-0.6353455764206036,-0.08330194716906059
33.85,-0.7819601080604569,-0.6829199147434207,-0.09904019331703617
33.9,-0.8083857013449532,-0.7062508281450006,-0.10213487319995262
33.95,-0.7895016603708076,-0.698953577898002,-0.09054808247280555
34.0,-0.7284798559510833,-0.6577638588873639,-0.07071599706371945
34.050000000000004,-0.6361937880515166,-0.581819920884306,-0.0543738671672106
34.1,-0.5225283678676482,-0.47270528356038777,-0.04982308430726046
34.15,-0.38972193747498524,-0.3359447128576655,-0.05377722461731976
34.2,-0.23368476104856184,-0.1823645124156008,-0.05132024863296103
34.25,-0.05308717441595823,-0.026841846165815832,-0.026245328250142395
34.300000000000004,0.1411062985316878,0.11620159673284329,0.024904701798844506
34.35,0.3247355897263653,0.23808917392329854,0.08664641580306676
34.4,0.470834857059827,0.3380069731431286,0.13282788391669842
34.45,0.56385236359674,0.41978715554433815,0.1440652080524018
34.5,0.6055384026983472,0.48505937445802355,0.1204790282403237
34.550000000000004,0.6066641526641159,0.5274151935052328,0.07924895915888308
34.6,0.5717402243962996,0.5319986973140635,0.039741527082236106
34.65,0.4917473958163133,0.4817017536375773,0.010045642178736047
34.7,0.35389040350188816,0.36709192134398094,-0.01320151784209278
34.75,0.16136282144757927,0.19479136431468264,-0.03342854286710337
34.800000000000004,-0.05545559213726663,-0.010502493868769261,-0.04495309826849737
34.85,-0.24988645751205865,-0.21215869844037138,-0.03772775907168727
34.9,-0.38638134750894343,-0.37368340389820237,-0.012697943610741058
34.95,-0.4626200202748671,-0.4713945079493013,0.008774487674434228
35.0,-0.5068226584077263,-0.5019082643069734,-0.004914394100752895
35.050000000000004,-0.5515182254549811,-0.48125633890438324,-0.07026188655059784
35.1,-0.6059571397808111,-0.4367684061779523,-0.1691887336028588
35.15,-0.6509389368554065,-0.3962327691141196,-0.2547061677412869
35.2,-0.6596306441775505,-0.3791667073454601,-0.28046393683209037
35.25,-0.6241234817340692,-0.39246153066167483,-0.23166195107239435
35.300000000000004,-0.5623623126298878,-0.4296624189538162,-0.1326998936760716
35.35,-0.498964851528155,-0.47228169742546033,-0.026683154102694673
35.4,-0.4388052733993902,-0.49308242625810816,0.05427715285871798
35.45,-0.3598370547683836,-0.4628136729633485,0.1029766181949649
35.5,-0.23369246769608296,-0.36078357187365345,0.1270911041775705
35.550000000000004,-0.05578202880532638,-0.18596874850195852,0.13018671969663215
35.6,0.14341651660223156,0.03768966905591653,0.10572684754631503
35.65,0.31736115648441277,0.2669295926273943,0.05043156385701847
35.7,0.436108433537906,0.4549814391561842,-0.018873005618278205
35.75,0.503312309040351,0.5700340924230789,-0.06672178338272794
35.800000000000004,0.5432259072496891,0.6064208238941544,-0.0631949166444653
35.85,0.5718347442108539,0.5827338789486702,-0.01089913473781634
35.9,0.5809032426021536,0.529045945452952,0.05185729714920162
35.95,0.5504260634054285,0.4716224610769428,0.07880360232848577
36.0,0.47654036554295615,0.4238307027854281,0.05270966275752803
36.050000000000004,0.3859687009622125,0.38670445020910565,-0.0007357492468931803
36.1,0.3203356227378528,0.35594732126609885,-0.03561169852824603
36.15,0.3028268038004453,0.32870312246375993,-0.025876318663314635
36.2,0.3177360283745963,0.30509752795387635,0.012638500420719956
36.25,0.32279564766341184,0.28458389725457267,0.038211750408839174
36.300000000000004,0.2844207129515623,0.2616185192957401,0.0228021936558222
36.35,0.20499241590186917,0.22586681147947651,-0.02087439557760734
36.4,0.11872334791364851,0.16847263688702419,-0.049749288973375674
36.45,0.061345457020782056,0.09053902242697588,-0.029193565406193826
36.5,0.041890353138486894,0.007034059024147342,0.034856294114339555
36.550000000000004,0.041098481444035294,-0.05838577953915359,0.09948426098318888
36.6,0.03497530078079624,-0.08571110969763863,0.12068641047843487
36.65,0.01888988052771836,-0.07027274773187314,0.08916262825959151
36.7,0.008934711996567814,-0.02566223733067877,0.034596949327246586
36.75,0.02069715491184061,0.02410328238028077,-0.00340612746844016
36.800000000000004,0.047881947381827106,0.05717368252075581,-0.009291735138928704
36.85,0.06298564499916882,0.06217098949108738,0.0008146555080814424
36.9,0.04029230524577214,0.037887872609099094,0.0024044326366730456
36.95,-0.020529155077142744,-0.011708717186622692,-0.008820437890520052
37.0,-0.09280067966150994,-0.07950379126879199,-0.013296888392717948
37.050000000000004,-0.14498287790776654,-0.15144477988185726,0.006461901974090717
37.1,-0.1661384709729406,-0.20297340337377281,0.036834932400832215
37.15,-0.17159762354480412,-0.20504659257789376,0.03344896903308964
37.2,-0.1846266884093745,-0.14156480056058762,-0.04306188784878687
37.25,-0.21199149900466363,-0.02705129119126952,-0.1849402078133941
37.300000000000004,-0.23588086254554877,0.09235254486461889,-0.32823340741016765
37.35,-0.2283219657015548,0.16196186334158177,-0.3902838290431366
37.4,-0.17332953464938752,0.15368986724935974,-0.32701940189874723
37.45,-0.0763456019324844,0.08818680277945043,-0.1645324047119348
37.5,0.045624144992899504,0.025191230621406525,0.02043291437149298
37.550000000000004,0.18081722306114748,0.026181013596930185,0.1546362094642173
37.6,0.3285450405021521,0.11504622342574353,0.21349881707640858
37.65,0.48862102704235133,0.2646930451933612,0.22392798184899015
37.7,0.6464447999420385,0.41771506346541276,0.22872973647662576
37.75,0.7708146818616831,0.5235483582267698,0.2472663236349133
37.800000000000004,0.8292879485093838,0.5638710197763667,0.26541692873301714
37.85,0.8085576364177705,0.5503452385695222,0.25821239784824823
37.9,0.7218208588976778,0.502474549340258,0.21934630955741974
37.95,0.5967617738450363,0.4278757062966916,0.16888606754834468
38.0,0.45533614136154477,0.3214033553503499,0.13393278601119485
38.050000000000004,0.3033460136462869,0.1804196901288276,0.12292632351745927
38.1,0.13768144527782497,0.018999976663683624,0.11868146861414135
38.15,-0.03795634717893051,-0.13375402051980392,0.09579767334087341
38.2,-0.2057661216976685,-0.2505559996557985,0.04478987795813
38.25,-0.343196176438463,-0.3234009955716675,-0.019795180866795492
38.300000000000004,-0.4405215045334634,-0.36707870081866534,-0.07344280371479806
38.35,-0.5095701265350151,-0.4066201709223244,-0.10294995561269071
38.400000000000006,-0.5740247307416072,-0.45955680022627626,-0.11446793051533094
38.45,-0.648502605501794,-0.5263778890862443,-0.12212471641554967
38.5,-0.7242569520182699,-0.5940044400201306,-0.13025251199813925
38.550000000000004,-0.7741432343871694,-0.6463646150271749,-0.12777861935999446
38.6,-0.7731029671716321,-0.6725246616200933,-0.1005783055515388
38.650000000000006,-0.7173286583429311,-0.6678150917180328,-0.049513566624898364
38.7,-0.6267351173893881,-0.6307894324274764,0.004054315038088285
38.75,-0.5296658710242066,-0.5616043054446512,0.03193843442044464
38.800000000000004,-0.44327359316835957,-0.4640528050525787,0.020779211884219106
38.85,-0.3655387487449905,-0.34843586276544,-0.01710288597955051
38.900000000000006,-0.28403975798073255,-0.23093481724751003,-0.05310494073322253
38.95,-0.19230167352744115,-0.12825694744712432,-0.06404472608031683
39.0,-0.09900245899873013,-0.05072328028170421,-0.04827917871702592
39.050000000000004,-0.02253924986220756,0.0014257742388479686,-0.023965024101055526
39.1,0.023489741717848504,0.03605256067013413,-0.012562818952285629
39.150000000000006,0.04082114074904144,0.06300992228950879,-0.02218878154046735
39.2,0.044050453326807806,0.08791339489244596,-0.04386294156563815
39.25,0.04765242391927818,0.10932030516301916,-0.06166788124374098
39.300000000000004,0.05391647492303883,0.12027635297005534,-0.06635987804701651
39.35,0.05208391401707508,0.11261408107616974,-0.06053016705909466
39.400000000000006,0.029161112766790207,0.08135284615336669,-0.05219173338657648
39.45,-0.01700773368369872,0.027290106978727365,-0.044297840662426084
39.5,-0.07345979001850944,-0.04254297376453782,-0.03091681625397162
39.550000000000004,-0.11998540514480704,-0.11580046132728769,-0.004184943817519354
39.6,-0.14234241889884752,-0.17654142088095928,0.03419900198211176
39.650000000000006,-0.14005153237004214,-0.20817799200085044,0.0681264596308083
39.7,-0.1233379794606014,-0.19842069467049736,0.07508271520989596
39.75,-0.10332121171760954,-0.14553309647229815,0.04221188475468861
39.800000000000004,-0.08474138802404658,-0.06265792791770074,-0.022083460106345848
39.85,-0.0669685834080055,0.024112840643485057,-0.09108142405149056
39.900000000000006,-0.05045525980945231,0.08563315988216948,-0.13608841969162178
39.95,-0.0404724509512783,0.10369716504449217,-0.14416961599577047
40.0,-0.04307687345996015,0.0808606492164552,-0.12393752267641533
40.050000000000004,-0.05682042090219581,0.0389701780979424,-0.0957905990001382
40.1,-0.06923249250854221,0.0063637044696314,-0.07559619697817362
40.150000000000006,-0.06360392744104816,0.0018040386335479303,-0.06540796607459609
40.2,-0.03171001875294654,0.025754320554508513,-0.05746433930745505
40.25,0.01884926398179019,0.06416226055560753,-0.04531299657381734
40.300000000000004,0.07065334762172287,0.10071713144770761,-0.030063783825984736
40.35,0.11209511728860817,0.12803517799959305,-0.015940060710984874
40.400000000000006,0.14928443545185036,0.1505425154489186,-0.0012580799970682566
40.45,0.2026992672427935,0.17920026038722425,0.023499006855569243
40.5,0.28980214945936317,0.22386097860994997,0.0659411708494132
40.550000000000004,0.40758551557888995,0.2886151310778382,0.11897038450105174
40.6,0.5300609969873735,0.3708521039071377,0.15920889308023584
40.650000000000006,0.6234481246542121,0.4614645911930977,0.16198353346111438
40.7,0.6667598557375757,0.544847677289502,0.12191217844807367
40.75,0.6610763811458934,0.600716041071578,0.060360340074315344
40.800000000000004,0.6211231357196059,0.610309814006459,0.010813321713146862
40.85,0.5585243491310493,0.5655529818751174,-0.007028632744068064
40.900000000000006,0.4729364620749603,0.4750574876527899,-0.0021210255778295606
40.95,0.35897710643195924,0.3611498879464066,-0.002172781514447386
41.0,0.2212587998101275,0.24845328873874278,-0.027194488928615285
41.050000000000004,0.08159180889770115,0.15170462201245596,-0.07011281311475481
41.1,-0.030552750811082306,0.07157119086810847,-0.10212394167919077
41.150000000000006,-0.09727963385484034,0.0007275606419923564,-0.09800719449683269
41.2,-0.1241561792248324,-0.06592691399333862,-0.05822926523149377
41.25,-0.13325216401113976,-0.12566274726572446,-0.0075894167454153005
41.300000000000004,-0.14232389865642242,-0.17041570078502485,0.028091802128602433
41.35,-0.14777957269440306,-0.19310583309036589,0.045326260395962825
41.400000000000006,-0.1263822491317912,-0.19079257321129636,0.06441032407950517
41.45,-0.054853437238125,-0.16227307602585453,0.10741963878772953
41.5,0.06854274304814566,-0.10450258803669589,0.17304533108484155
41.550000000000004,0.2177661809382324,-0.013982303365796141,0.23174848430402856
41.6,0.35245857887912235,0.1059296025852018,0.24652897629392057
41.650000000000006,0.4396769784454434,0.23778351609554807,0.20189346234989533
41.7,0.467251029152818,0.35052658097020406,0.11672444818261396
41.75,0.4408033111423673,0.40976635342751216,0.03103695771485515
41.800000000000004,0.3704852113642221,0.3920402994118557,-0.02155508804763362
41.85,0.2606179738119759,0.29422631907576596,-0.033608345263790085
41.900000000000006,0.11063921359490383,0.13317860059293155,-0.02253938699802771
41.95,-0.075374191671325,-0.0623729802318799,-0.013001211439445104
42.0,-0.28061421446546403,-0.26166422245770865,-0.01894999200775538
42.050000000000004,-0.4767519470788679,-0.43880806978313114,-0.03794387729573678
42.1,-0.6338831444399377,-0.5759393652323958,-0.0579437792075419
42.150000000000006,-0.7317692462794713,-0.6639709246472039,-0.0677983216322674
42.2,-0.7649091533505538,-0.7017827225673056,-0.0631264307832482
42.25,-0.739589074543499,-0.6935935454266289,-0.045995529116870104
42.300000000000004,-0.6668605845912746,-0.6449738150705855,-0.02188676952068913
42.35,-0.5570231732536808,-0.5598213550393774,0.002798181785696574
42.400000000000006,-0.41855514834511864,-0.44090869184566384,0.022353543500545192
42.45,-0.26062819436064577,-0.2939955987158021,0.03336740435515634
42.5,-0.09624425806823042,-0.1320620626820471,0.03581780461381667
42.550000000000004,0.05672868458289176,0.02452479449831469,0.032203890084577066
42.6,0.1778440598076461,0.15302585032683005,0.024818209480816034
42.650000000000006,0.24922230449220556,0.2354873344124386,0.013734970079766956
42.7,0.26160721655326424,0.26363294808990195,-0.0020257315366377093
42.75,0.21842074626746402,0.23952574694564951,-0.021105000678185493
42.800000000000004,0.13520209174210457,0.1734786449073392,-0.03827655316523462
42.85,0.033904760412806184,0.0816161219526412,-0.04771136153983502
42.900000000000006,-0.06540353378556352,-0.01652200944014795,-0.04888152434541557
42.95,-0.15095024155678274,-0.1018711382939561,-0.04907910326282665
43.0,-0.22025419086042464,-0.16170318270921585,-0.05855100815120878
43.050000000000004,-0.27571328384234595,-0.19463136829631958,-0.08108191554602637
43.1,-0.3183644512081075,-0.2102784861125301,-0.10808596509557741
43.150000000000006,-0.344340802603673,-0.2219704558823884,-0.1223703467212846
43.2,-0.34626359007068563,-0.23646281505541844,-0.1098007750152672
43.25,-0.3181904278122667,-0.2480639312585473,-0.07012649655371939
43.300000000000004,-0.2604867469698975,-0.2419687124872623,-0.0185180344826352
43.35,-0.1814122200570385,-0.20478641680134615,0.023374196744307657
43.400000000000006,-0.09455570323686345,-0.1347710440615731,0.040215340824709636
43.45,-0.013711593860864933,-0.04466525230247293,0.030953658441608
43.5,0.05199097930389405,0.04427191340375686,0.007719065900137191
43.550000000000004,0.10024282378157758,0.11247212103094782,-0.012229297249370247
43.6,0.13407444353239306,0.1501000592314773,-0.016025615699084228
43.650000000000006,0.1578858244801981,0.15931125779709246,-0.0014254333168943478
43.7,0.1737275434308251,0.15122418636578744,0.02250335706503767
43.75,0.18054879681676578,0.1402827930054513,0.04026600381131448
43.800000000000004,0.1770023914282125,0.13844241005791108,0.03855998137030142
43.85,0.16534126869625573,0.1507010609191901,0.014640207777065622
43.900000000000006,0.15247464765288424,0.17324486514949963,-0.020770217496615395
43.95,0.14620869555941665,0.19531507688596145,-0.049106381326544796
44.0,0.14905734518379138,0.20460236266066945,-0.05554501747687807
44.050000000000004,0.1550533605353164,0.19375045133242697,-0.03869709079711056
44.1,0.15338654653024336,0.1643301566181107,-0.010943610087867345
44.150000000000006,0.1370093948450305,0.12599425248534782,0.011015142359682678
44.2,0.10932661590148718,0.09166765040476765,0.017658965496719525
44.25,0.08270863477635863,0.0719518251241633,0.010756809652195332
44.300000000000004,0.06914828049201102,0.07158427568265242,-0.002435995190641402
44.35,0.07051204537576475,0.088584737371129,-0.01807269199536425
44.400000000000006,0.07689302333536725,0.11508956358662509,-0.038196540251257835
44.45,0.07495837923622765,0.1391854594173446,-0.06422708018111693
44.5,0.05939079289988608,0.14815452121347092,-0.08876372831358484
44.550000000000004,0.037512464868937834,0.13330803226145357,-0.09579556739251574
44.6,0.023016469344000166,0.09465940849158748,-0.07164293914758732
44.650000000000006,0.02439425452324439,0.04221437841165749,-0.0178201238884131
44.7,0.03837431577708908,-0.008026373498761879,0.04640068927585096
44.75,0.05405623808897079,-0.04152946873182949,0.09558570682080028
44.800000000000004,0.06362485291198064,-0.051416524367000144,0.11504137727898078
44.85,0.06959173679917732,-0.03948616398000321,0.10907790077918053
44.900000000000006,0.08190244862869168,-0.012301543347870888,0.09420399197656257
44.95,0.1077356829329686,0.02373161798407147,0.08400406494889713
45.0,0.14351761183352776,0.0644058913227037,0.07911172051082406
45.050000000000004,0.17640783325706808,0.10634856365067745,0.07005926960639063
45.1,0.19358370283151288,0.14485613389645516,0.048727568935057725
45.150000000000006,0.19055169589066454,0.17346277628571644,0.0170889196049481
45.2,0.1710542979902085,0.1852137248037656,-0.014159426813557113
45.25,0.13946521618306834,0.1738712300332832,-0.034406013850214856
45.300000000000004,0.09387516261664713,0.13438666824136963,-0.0405115056247225
45.35,0.027439549517721103,0.06424057244914277,-0.03680102293142167
45.400000000000006,-0.06240962595253461,-0.03279261147050355,-0.029617014482031058
45.45,-0.1651483454004883,-0.14222387282541296,-0.02292447257507535
45.5,-0.25745028459589814,-0.23880874482085876,-0.01864153977503938
45.550000000000004,-0.31381102327208676,-0.2946380152523796,-0.01917300801970717
45.6,-0.31992554595845635,-0.2927932496865892,-0.02713229627186714
45.650000000000006,-0.27876831600627033,-0.2377527355801516,-0.04101558042611875
45.7,-0.20522699053457047,-0.15394143545923544,-0.051285555075335026
45.75,-0.11429122738610784,-0.07173962696911684,-0.04255160041699099
45.800000000000004,-0.01256650204090162,-0.009968298295619214,-0.0025982037452824073
45.85,0.10042948106349191,0.03292221475015789,0.06750726631333401
45.900000000000006,0.22311063643086074,0.07312846183081015,0.1499821746000506
45.95,0.3432585037335687,0.12627854176975248,0.21697996196381622
46.0,0.43802852789625857,0.19422286464963168,0.2438056632466269
46.050000000000004,0.4835620046595699,0.2625368043120502,0.2210252003475197
46.1,0.4674051503879018,0.3086010772456693,0.1588040731422325
46.150000000000006,0.39442914848802435,0.3130294187187048,0.08139972976931953
46.2,0.28184546438725194,0.2670352802235782,0.014810184163673745
46.25,0.1474883150905425,0.1735401898804374,-0.026051874789894902
46.300000000000004,0.000948744698630182,0.04467261231567826,-0.04372386761704808
46.35,-0.15526633625808878,-0.10120522904225618,-0.0540611072158326
46.400000000000006,-0.3160738417502097,-0.24251661215010026,-0.07355722960010944
46.45,-0.4650997113668089,-0.3588648751043366,-0.10623483626247227
46.5,-0.5764029467968281,-0.43665096746557586,-0.13975197933125227
46.550000000000004,-0.6274386154610896,-0.4729737792758658,-0.15446483618522378
46.6,-0.6135885830170899,-0.47451015267134944,-0.1390784303457404
46.650000000000006,-0.5517723138173982,-0.45137379553845053,-0.10039851827894769
46.7,-0.4689620147007867,-0.4101337917720663,-0.058828222928720364
46.75,-0.3843697768848108,-0.3511831989660212,-0.033186577918789595
46.800000000000004,-0.300102412075181,-0.27226537145548874,-0.027837040619692277
46.85,-0.20798140174315202,-0.17503699032130715,-0.03294441142184487
46.900000000000006,-0.10563041692195896,-0.06925722321843007,-0.036373193703528886
46.95,-0.006096525043313542,0.028764269452095332,-0.034860794495408874
47.0,0.06900115541515067,0.10248105044833881,-0.03347989503318814
47.050000000000004,0.10708972679558339,0.14210545779317696,-0.03501573099759357
47.1,0.11624654997373685,0.14828060387177866,-0.032034053898041814
47.150000000000006,0.11871361951099156,0.13086711295032907,-0.012153493439337512
47.2,0.13117679214133934,0.10397921725698585,0.027197574884353495
47.25,0.1499735112462306,0.07991683630635002,0.07005667493988058
47.300000000000004,0.1557256194439915,0.06479769584906953,0.09092792359492197
47.35,0.13377416540082998,0.057818366131023015,0.07595579926980697
47.400000000000006,0.09117486590729837,0.054350008334285015,0.036824857573013355
47.45,0.05339699290260543,0.05091851801641302,0.0024784748861924125
47.5,0.04286663225724754,0.0487097051497728,-0.00584307289252526
47.550000000000004,0.05926304969908691,0.05295344475297715,0.006309604946109763
47.6,0.08051759147706411,0.06844037979515338,0.012077211681910727
47.650000000000006,0.083958335441133,0.09453711675855528,-0.010578781317422278
47.7,0.06746292906563826,0.12372613636627834,-0.05626320730064008
47.75,0.050075524664987416,0.14504403294173424,-0.09496850827674683
47.800000000000004,0.05131813203449749,0.14990906037400673,-0.09859092833950923
47.85,0.06949283271116169,0.13606913608072052,-0.06657630336955883
47.900000000000006,0.08087160118361535,0.10727895272856497,-0.026407351544949623
47.95,0.06166234409119085,0.07000659795234383,-0.008344253861152985
48.0,0.012155248795673937,0.030533374212440876,-0.01837812541676694
48.050000000000004,-0.04044178252738971,-0.005492856940433258,-0.034948925586956454
48.1,-0.06398517159757677,-0.032064195594901625,-0.03192097600267515
48.150000000000006,-0.04795137991400725,-0.04300069426501699,-0.004950685648990261
48.2,-0.009899573927803145,-0.03449208393066265,0.024592510002859506
48.25,0.02349019065416845,-0.008250867648132954,0.0317410583023014
48.300000000000004,0.041799780894626194,0.027777426465414517,0.014022354429211677
48.35,0.05801544134059016,0.0624994608717892,-0.004484019531199042
48.400000000000006,0.09116512915940791,0.08679131755695929,0.004373811602448624
48.45,0.1424474955017141,0.09726159881632382,0.045185896685390275
48.5,0.1891495280994976,0.09648276828958821,0.09266675980990938
48.550000000000004,0.2029602042049202,0.0902064031185323,0.1127538010863879
48.6,0.17517836182844057,0.08381908361967727,0.0913592782087633
48.650000000000006,0.1244866142046642,0.07998191841995027,0.04450469578471393
48.7,0.07991605307966455,0.07799013551382955,0.001925917565835003
48.75,0.05550559416332188,0.07446516287825372,-0.01895956871493184
48.800000000000004,0.04064787874954236,0.06497759592287256,-0.024329717173330198
48.85,0.014360989763589765,0.046275197322091274,-0.03191420755850151
48.900000000000006,-0.03135169729854174,0.018317919749458556,-0.0496696170480003
48.95,-0.08177817171259145,-0.015126653377208053,-0.06665151833538341
49.0,-0.11189098211465173,-0.04795070746327909,-0.06394027465137264
49.050000000000004,-0.10778670288457924,-0.07424332468283733,-0.033543378201741914
49.1,-0.07646618076187447,-0.08986670098592377,0.013400520224049292
49.150000000000006,-0.03609711638496607,-0.09201294144891983,0.05591582506395376
49.2,0.0015990366597779678,-0.07803501569907037,0.07963405235884834
49.25,0.03862630013889491,-0.04608158224827475,0.08470788238716967
49.300000000000004,0.0814869425813768,0.0016304225138460899,0.07985652006753072
49.35,0.12673883193951915,0.055500240467652846,0.07123859147186631
49.400000000000006,0.1575910079605376,0.09939373524870156,0.05819727271183604
49.45,0.15580168357070123,0.11726190397899258,0.03853977959170865
49.5,0.1171181053219135,0.10194962297012543,0.015168482351788068
49.550000000000004,0.054937853231327605,0.05960617861063468,-0.004668325379307073
49.6,-0.0110074563520911,0.005697536926112587,-0.016704993278203687
49.650000000000006,-0.06919512741014944,-0.04477541161702223,-0.024419715793127204
49.7,-0.11985767595032115,-0.0853085343382103,-0.034549141612110854
49.75,-0.16541784753245817,-0.11803282291749681,-0.04738502461496136
49.800000000000004,-0.19953862184083024,-0.14665368607869197,-0.05288493576213826
49.85,-0.20778788387731698,-0.1691671613767673,-0.03862072250054968
49.900000000000006,-0.1804834700644744,-0.17735757509602185,-0.0031258949684525583
49.95,-0.12504841056776447,-0.16376883922983743,0.03872042866207295
50.0,-0.06476096333653544,-0.12989142344404778,0.06513046010751233
50.050000000000004,-0.023663922221425052,-0.08799987081871641,0.06433594859729136
50.1,-0.010767735288086677,-0.054526720656378425,0.043758985368291745
50.150000000000006,-0.01738241877360221,-0.040097716053388896,0.022715297279786686
50.2,-0.02896130717101755,-0.04398730582855307,0.015025998657535521
50.25,-0.03952696637905259,-0.056748151141393956,0.017221184762341364
50.300000000000004,-0.05524441194317747,-0.06800744101556602,0.012763029072388556
50.35,-0.08483254711234957,-0.07285686183251622,-0.01197568527983335
50.400000000000006,-0.12706078224007952,-0.07250219745409593,-0.05455858478598359
50.45,-0.16769972805650346,-0.07020643862384232,-0.09749328943266114
50.5,-0.18872130066779716,-0.06705732977893772,-0.12166397088885944
50.550000000000004,-0.18103600703220862,-0.06109079971333146,-0.11994520731887717
50.6,-0.1493994519762611,-0.04953541047937227,-0.09986404149688882
50.650000000000006,-0.10601586070935595,-0.0312823056428698,-0.07473355506648616
50.7,-0.059694670828430586,-0.007296875308165009,-0.05239779552026558
50.75,-0.010637433998218808,0.020683214502679924,-0.03132064850089873
50.800000000000004,0.045122941355450544,0.05112377878074974,-0.006000837425299194
50.85,0.1066391075540568,0.082101387453767,0.024537720100289803
50.900000000000006,0.163163423806125,0.1100289595176543,0.0531344642884707
50.95,0.19822013994841023,0.12964457780978556,0.06857556213862467
51.0,0.19966755382277723,0.13608012929385152,0.06358742452892571
51.050000000000004,0.16804651464057144,0.1276951385847143,0.04035137605585715
51.1,0.11708700957433466,0.10738227824992332,0.00970473132441134
51.150000000000006,0.0661838147170387,0.08119185659821586,-0.015008041881177159
51.2,0.030181695546266662,0.05530786156630389,-0.02512616602003723
51.25,0.013188133539947364,0.03365016930273973,-0.020462035762792367
51.300000000000004,0.00987737729795277,0.017649120795646827,-0.007771743497694057
51.35,0.01239996603888416,0.007807896670154026,0.004592069368730134
51.400000000000006,0.017275242522666823,0.0052652932721748485,0.012009949250491973
51.45,0.027113039010160583,0.011816096070956301,0.015296942939204281
51.5,0.046399266578657915,0.02837486051165261,0.018024406067005304
51.550000000000004,0.075578021305371,0.05329886881485793,0.02227915249051307
51.6,0.10910242567004765,0.08214644420451894,0.026955981465528703
51.650000000000006,0.1394549738839946,0.10928591556487743,0.030169058319117176
51.7,0.16332033655976214,0.13028474206745033,0.033035594492311804
51.75,0.1835545504950767,0.14338469058222966,0.04016985991284705
51.800000000000004,0.20426421095948397,0.14907142654830827,0.0551927844111757
51.85,0.22325698132875796,0.1482076439819301,0.07504933734682787
51.900000000000006,0.22964608852831944,0.1402833972997765,0.08936269122854293
51.95,0.21035958234289612,0.12321220612889466,0.08714737621400145
52.0,0.16080478591658104,0.09486871362905269,0.06593607228752835
52.050000000000004,0.09004589616281909,0.05518478390982365,0.034861112252995444
52.1,0.014948179786223951,0.007168410516064882,0.007779769270159069
52.150000000000006,-0.05229426771209184,-0.04398328810427856,-0.008310979607813282
52.2,-0.11229720724886044,-0.09310330077780726,-0.01919390647105318
52.25,-0.17487024424518455,-0.1371298479269889,-0.037740396318195646
52.300000000000004,-0.24694517985729442,-0.1757768404422313,-0.07116833941506312
52.35,-0.3232007129991401,-0.21056204334300496,-0.11263866965613514
52.400000000000006,-0.3879357260040277,-0.24292359237996267,-0.14501213362406504
52.45,-0.4261436384416911,-0.27245922256526706,-0.15368441587642406
52.5,-0.43336887860618306,-0.29603758060266955,-0.1373312980035135
52.550000000000004,-0.4157286607633597,-0.30811759872685807,-0.10761106203650161
52.6,-0.3813033990077317,-0.3023051070109521,-0.0789982919967796
52.650000000000006,-0.332021352470332,-0.273800955712181,-0.058220396758150994
52.7,-0.26361290183935504,-0.22180931306433588,-0.04180358877501916
52.75,-0.17245819047487948,-0.15054715213436168,-0.021911038340517802
52.800000000000004,-0.06157467373976048,-0.06790888147318896,0.006334207733428486
52.85,0.059897874593918474,0.017733169208409345,0.04216470538550913
52.900000000000006,0.18157279088143774,0.10056037748224751,0.08101241339919023
52.95,0.2943971588708122,0.17788726661774446,0.11650989225306774
53.0,0.38802233247680534,0.24767323656450319,0.14034909591230216
53.050000000000004,0.4475702676516977,0.30489140495628614,0.14267886269541158
53.1,0.45669674426898316,0.34000676712633787,0.11668997714264528
53.150000000000006,0.4074790113787059,0.3415893639548774,0.06588964742382852
53.2,0.30901994663923643,0.30203886040119515,0.006981086238041279
53.25,0.18551836317061804,0.22287525759509386,-0.03735689442447582
53.300000000000004,0.06336255446690085,0.11607901181312805,-0.052716457346227194
53.35,-0.042627583558184266,0.0005219569561073373,-0.0431495405142916
53.400000000000006,-0.13220201469134285,-0.10438248199411436,-0.02781953269722849
53.45,-0.21009678624566203,-0.18430772692062938,-0.025789059325032643
53.5,-0.27382140676653394,-0.23245179367639743,-0.04136961309013651
53.550000000000004,-0.3109495368573206,-0.24860062488680112,-0.06234891197051945
53.6,-0.30843345121491694,-0.236414668008607,-0.07201878320630994
53.650000000000006,-0.26465375768753774,-0.20089696401562213,-0.06375679367191561
53.7,-0.1925796150784974,-0.1472376292101619,-0.045341985868335516
53.75,-0.11149834413147917,-0.08114320805478406,-0.030355136076695113
53.800000000000004,-0.03573307670641799,-0.009878645391015744,-0.025854431315402243
53.85,0.029420299662838528,0.05723801556695727,-0.02781771590411874
53.900000000000006,0.0828323649715658,0.11002994972767152,-0.027197584756105717
53.95,0.12140853225458692,0.1405205297528082,-0.01911199749822129
54.0,0.14061431075028757,0.14648499553124178,-0.005870684780954205
54.050000000000004,0.14094201957217656,0.13307703492884443,0.007864984643332129
54.1,0.1318912197340811,0.11077920909901941,0.021112010635061698
54.150000000000006,0.12703450505362673,0.09033372664583153,0.036700778407795204
54.2,0.1335700032262373,0.07777125947928842,0.055798743746948876
54.25,0.1467350445274302,0.07294661116898948,0.07378843335844071
54.300000000000004,0.1555122632144122,0.07244581955033494,0.08306644366407726
54.35,0.1546578451074899,0.07422314590515602,0.08043469920233387
54.400000000000006,0.15097214182944282,0.07988294833598862,0.0710891934934542
54.45,0.15677060453338204,0.09258364962970017,0.06418695490368187
54.5,0.17619666120230548,0.11245125999983342,0.06374540120247206
54.550000000000004,0.19772514680462883,0.13371378007952028,0.06401136672510854
54.6,0.20094354427521197,0.14639888026946743,0.054544664005744536
54.650000000000006,0.17232232851978538,0.14158272631206992,0.03073960220771546
54.7,0.11614099157336492,0.11627239108325273,-0.0001313995098878029
54.75,0.05119552003608866,0.07453031758078779,-0.02333479754469913
54.800000000000004,-0.0031607264163816605,0.024693674310578364,-0.027854400726960025
54.85,-0.03913641667461413,-0.0245811093574135,-0.01455530731720063
54.900000000000006,-0.06127846289086531,-0.06664671220190958,0.005368249311044272
54.95,-0.07752615562546109,-0.09706859249523192,0.019542436869770835
55.0,-0.09033649780194511,-0.11328097028095753,0.02294447247901242
55.050000000000004,-0.09579725847435251,-0.11510479090912709,0.01930753243477458
55.1,-0.08991753278539923,-0.1056785625299347,0.01576102974453547
55.150000000000006,-0.07487191260280734,-0.09113403365807544,0.0162621210552681
55.2,-0.059392784922472,-0.07827957328461824,0.018886788362146238
55.25,-0.05387429151875112,-0.07168290076714318,0.017808609248392053
55.300000000000004,-0.06503408215708964,-0.0724924358618592,0.007458353704769563
55.35,-0.09372407410008352,-0.0798856364731282,-0.013838437626955316
55.400000000000006,-0.13559120914513315,-0.0935147592106276,-0.042076449934505544
55.45,-0.1826049948530922,-0.11430747301091695,-0.06829752184217525
55.5,-0.22497659401281808,-0.14261527996502749,-0.0823613140477906
55.550000000000004,-0.254365753421371,-0.1754501601862821,-0.07891559323508893
55.6,-0.2677584805626463,-0.20568742497267803,-0.062071055589968255
55.650000000000006,-0.2687744260214285,-0.2244697131044705,-0.04430471291695798
55.7,-0.2637017482216689,-0.22518991786678166,-0.038511830354887255
55.75,-0.2543183412584806,-0.2060940922470346,-0.04822424901144598
55.800000000000004,-0.2340072769196268,-0.16991500612892294,-0.06409227079070387
55.85,-0.19214807350098603,-0.12155001535468436,-0.07059805814630167
55.900000000000006,-0.1242724373737985,-0.0660754406974344,-0.058196996676364104
55.95,-0.03894479525339013,-0.008295854664778885,-0.03064894058861125
56.0,0.04599343634536192,0.04701852118006911,-0.0010250848347071947
56.050000000000004,0.11572368918662129,0.09575709170063379,0.019966597485987503
56.1,0.1686738253924083,0.13614483359021998,0.03252899180218832
56.150000000000006,0.21515535470849437,0.16981176872740966,0.045343585981084705
56.2,0.2653328765107348,0.2004678897254497,0.06486498678528507
56.25,0.3175036995794988,0.23042744196366705,0.08707625761583176
56.300000000000004,0.3575643609890756,0.25754510091866706,0.10001926007040857
56.35,0.3701529039341098,0.27534746919979214,0.09480543473431768
56.400000000000006,0.3511520716047156,0.2767668903209352,0.07438518128378041
56.45,0.31026931250513085,0.25888046047907814,0.0513888520260527
56.5,0.26192545506155607,0.22506844768942563,0.036857007372130435
56.550000000000004,0.21333591605055427,0.18292686791900503,0.030409048131549238
56.6,0.16048423390947616,0.1394836625742083,0.021000571335267865
56.650000000000006,0.09465342357093302,0.09716830057018477,-0.00251487699925175
56.7,0.012596064517344739,0.05322791745561499,-0.04063185293827025
56.75,-0.07877627323740011,0.0027319933449032074,-0.08150826658230331
56.800000000000004,-0.1661110399484473,-0.05698575110391057,-0.10912528884453673
56.85,-0.23703961516699418,-0.12317862843334862,-0.11386098673364556
56.900000000000006,-0.2847589490381893,-0.18747353019239163,-0.0972854188457977
56.95,-0.3076187046328552,-0.2385338768679424,-0.06908482776491279
57.0,-0.3065831020940885,-0.266226876660794,-0.040356225433294535
57.050000000000004,-0.28404284213179665,-0.26540012988228595,-0.018642712249510696
57.1,-0.2442606246014108,-0.23763569416303182,-0.006624930438378973
57.150000000000006,-0.19332109049850887,-0.19029498880016976,-0.003026101698339112
57.2,-0.1375809669352595,-0.1335142394946057,-0.004066727440653811
57.25,-0.0822352913241015,-0.07688867967178735,-0.005346611652314148
57.300000000000004,-0.03186760652680573,-0.027591450707347948,-0.004276155819457783
57.35,0.00790023742824176,0.009579483503752095,-0.0016792460755103347
57.400000000000006,0.030760627946251506,0.03135270289169118,-0.0005920749454396759
57.45,0.03349187614264696,0.03602346798869462,-0.002531591846047662
57.5,0.020246514203683005,0.024933840473577117,-0.004687326269894113
57.550000000000004,0.0024724074554599903,0.004039451742662075,-0.001567044287202085
57.6,-0.007033194614153274,-0.016605374358959226,0.009572179744805953
57.650000000000006,-0.0015844509573225802,-0.026295344947065133,0.024710893989742553
57.7,0.016865834836089135,-0.018395208454943263,0.0352610432910324
57.75,0.04213984110170649,0.006778091021003726,0.03536175008070276
57.800000000000004,0.07039326515838555,0.042910489676017086,0.027482775482368466
57.85,0.10197005955491185,0.08157836937926294,0.020391690175648916
57.900000000000006,0.13684225010463968,0.1159836890979663,0.020858561006673382
57.95,0.1690480606371715,0.14196750445932085,0.027080556177850656
58.0,0.18704338444824953,0.15647503041770422,0.03056835403054531
58.050000000000004,0.18088466332436373,0.15604383530467245,0.024840828019691286
58.1,0.14980221411704744,0.1376491625333781,0.012153051583669333
58.150000000000006,0.10283596999620502,0.10156992710782424,0.0012660428883807806
58.2,0.05194153020863793,0.05343372179490323,-0.001492191586265297
58.25,0.0043730506760717835,0.0028224326997526973,0.0015506179763190861
58.300000000000004,-0.03857565883199459,-0.04121494822968391,0.002639289397689322
58.35,-0.0764963519273268,-0.07439132640724123,-0.0021050255200855683
58.400000000000006,-0.10529290811784627,-0.09770723830189289,-0.0075856698159533775
58.45,-0.1190380658628147,-0.11398288959455637,-0.005055176268258327
58.5,-0.11650168248052412,-0.12372603461890666,0.007224352138382545
58.550000000000004,-0.10460493404107259,-0.12431561378458297,0.019710679743510387
58.6,-0.09368793186897574,-0.1133389454447957,0.019651013575819956
58.650000000000006,-0.08835496806709,-0.09275544898152462,0.00440048091443461
58.7,-0.08325944271600194,-0.06934521679587048,-0.01391422592013146
58.75,-0.06893938120786246,-0.05009841820214336,-0.018840963005719094
58.800000000000004,-0.042499801737264434,-0.03615718585360399,-0.006342615883660446
58.85,-0.012248007095207132,-0.021035221902060548,0.008787214806853415
58.900000000000006,0.009188214177905532,0.004256161324767436,0.004932052853138097
58.95,0.017101311790450317,0.04256918998977051,-0.02546787819932019
59.0,0.02007636698006307,0.08558645605758758,-0.06551008907752451
59.050000000000004,0.03239431560731268,0.11732514918792418,-0.0849308335806115
59.1,0.060069534643907886,0.12440331272829433,-0.06433377808438645
59.150000000000006,0.09383908054392487,0.10554852114349735,-0.011709440599572477
59.2,0.11621125743052745,0.07300048741796743,0.04321077001256002
59.25,0.11636924115991157,0.04461705896741902,0.07175218219249255
59.300000000000004,0.09922985057195148,0.032634481119720574,0.06659536945223091
59.35,0.08051831996379592,0.03731391182706035,0.043204408136735574
59.400000000000006,0.07283647656002915,0.049430836771609615,0.02340563978841953
59.45,0.07573672677238374,0.05854190582114167,0.017194820951242078
59.5,0.07842771662661945,0.060078791546486765,0.01834892508013268
59.550000000000004,0.07169823785776991,0.056418050467151495,0.015280187390618413
59.6,0.0576067343890446,0.052729779850888434,0.004876954538156168
59.650000000000006,0.048470433661704886,0.05240743059638956,-0.003936996934684675
59.7,0.0568817251606129,0.05602643853421443,0.0008552866263984715
59.75,0.0858800945253003,0.06353764037512671,0.02234245415017358
59.800000000000004,0.12687622350643343,0.07615448322662176,0.050721740279811675
59.85,0.16534765582799005,0.09514592158493074,0.07020173424305931
59.900000000000006,0.18850130887250416,0.11842303550446115,0.07007827336804301
59.95,0.18958287751025746,0.1385602349723138,0.05102264253794367
60.0,0.16800928823278216,0.1449626043320944,0.02304668390068776
60.050000000000004,0.12764614290987722,0.12920842695976142,-0.001562284049884205
60.1,0.07501196555558137,0.08970871908724883,-0.014696753531667453
60.150000000000006,0.01729565519420277,0.032386498131839456,-0.015090842937636687
60.2,-0.04001152781965183,-0.032613783450083283,-0.007397744369568547
60.25,-0.094480958160896,-0.09528565834740285,0.000804700186506857
60.300000000000004,-0.14539642678178916,-0.14827392227744537,0.002877495495656218
60.35,-0.19043074144898045,-0.18701128378178639,-0.0034194576671940646
60.400000000000006,-0.22391085102189626,-0.2091029466190429,-0.014807904402853345
60.45,-0.23962425298973147,-0.21451936913569655,-0.02510488385403492
60.5,-0.23669463696201015,-0.20639133680614333,-0.030303300155866825
60.550000000000004,-0.2230780753262255,-0.19092582220990842,-0.03215225311631709
60.6,-0.21234590258781008,-0.1755846862798046,-0.03676121630800547
60.650000000000006,-0.21530584416883033,-0.16639587316055848,-0.04890997100827185
60.7,-0.23308133111635068,-0.16612846771509218,-0.0669528634012585
60.75,-0.2572412628363382,-0.17414730412347534,-0.08309395871286285
60.800000000000004,-0.2761840536060729,-0.1871819095140981,-0.0890021440919748
60.85,-0.28154032007579527,-0.1998169985185405,-0.08172332155725476
60.900000000000006,-0.2693082240231208,-0.20466534268453979,-0.06464288133858104
60.95,-0.23659969390304134,-0.1934333270415228,-0.043166366861518535
61.0,-0.17961906446724274,-0.15971166544241538,-0.019907399024827355
61.050000000000004,-0.0967217452677464,-0.1024089384666984,0.005687193198951987
61.1,0.005972577818471441,-0.02730910633936148,0.03328168415783292
61.150000000000006,0.11292248897907325,0.05487996252820225,0.058042526450871004
61.2,0.20493624712123953,0.1328683236760109,0.07206792344522864
61.25,0.2685740903850455,0.19834029439618306,0.07023379598886242
61.300000000000004,0.3013546878579906,0.24633886462863874,0.055015823229351835
61.35,0.30854725346278256,0.27316065576706094,0.03538659769572161
61.400000000000006,0.2952036858801131,0.27486219397940964,0.020341491900703446
61.45,0.2614183151344395,0.2487856337661248,0.012632681368314719
61.5,0.20528964528705468,0.197242777644585,0.008046867642469674
61.550000000000004,0.13023285445980165,0.12979746620521615,0.00043538825458550034
61.6,0.04889061239861893,0.06119816627901833,-0.012307553880399398
61.650000000000006,-0.020912356132785116,0.00555483645228526,-0.026467192585070375
61.7,-0.06527178922987693,-0.0293788955040688,-0.03589289372580813
61.75,-0.08097999470080594,-0.0439555892546791,-0.03702440544612684
61.800000000000004,-0.0749849451320951,-0.04377265095310079,-0.031212294178994307
61.85,-0.05797639817144329,-0.03504286498007047,-0.02293353319137282
61.900000000000006,-0.03782537032216256,-0.021790505082086364,-0.016034865240076194
61.95,-0.01738908659990318,-0.006179131828454469,-0.011209954771448712
62.0,0.0033548939264983397,0.00962238621744706,-0.006267492290948721
62.050000000000004,0.02409630279356938,0.02250531235095884,0.001590990442610539
62.1,0.04270981334773605,0.02934648253324987,0.013363330814486176
62.150000000000006,0.0558285887211172,0.02865651295989208,0.027172075761225118
62.2,0.060206429950823814,0.021264171869853455,0.03894225808097036
62.25,0.05385751926579534,0.009526795461921981,0.04433072380387336
62.300000000000004,0.03674947475978097,-0.004050256140366129,0.0407997309001471
62.35,0.010885900691922195,-0.017701823454328736,0.02858772414625093
62.400000000000006,-0.020588616526366815,-0.030583913246545722,0.009995296720178907
62.45,-0.05497385536432071,-0.04272182753976533,-0.012252027824555381
62.5,-0.09080786888604543,-0.05493407672897024,-0.035873792157075195
62.550000000000004,-0.12645220626164588,-0.06829414222683532,-0.058158064034810567
62.6,-0.15723834599142708,-0.08278419332131912,-0.07445415267010796
62.650000000000006,-0.17434714457523978,-0.09580559005330852,-0.07854155452193126
62.7,-0.16809390300907856,-0.10200802576629646,-0.0660858772427821
62.75,-0.1343167391912342,-0.09528857477579954,-0.03902816441543468
62.800000000000004,-0.07864978481008397,-0.07203167207415478,-0.006618112735929188
62.85,-0.014112099219236493,-0.03336427193902699,0.019252172719790496
62.900000000000006,0.04691909263065734,0.015202648630275628,0.03171644400038171
62.95,0.09967784548813473,0.06628738984990123,0.03339045563823349
63.0,0.14657070440786285,0.1132142502709122,0.03335645413695065
63.050000000000004,0.18971571397498935,0.15093236330398488,0.03878335067100447
63.1,0.22383044374131922,0.17546655092446203,0.048363892816857185
63.150000000000006,0.23700176562709072,0.18352787955541305,0.05347388607167766
63.2,0.2195165820496704,0.17340909822937298,0.04610748382029742
63.25,0.1729564291362313,0.14647613144259727,0.026480297693634025
63.300000000000004,0.11104553208097595,0.10749616058506642,0.0035493714959095313
63.35,0.05121237506125923,0.06298119339243584,-0.011768818331176607
63.400000000000006,0.004299427757312753,0.018738820185799997,-0.014439392428487244
63.45,-0.02886820578223968,-0.02128315276937707,-0.007585053012862612
63.5,-0.0522977259129476,-0.05408870710431703,0.0017909811913694243
63.550000000000004,-0.067372559960329,-0.07614701857131813,0.008774458610989133
63.6,-0.07079339624455078,-0.08359533887938396,0.012801942634833183
63.650000000000006,-0.05930282023407662,-0.07470496841669345,0.015402148182616836
63.7,-0.03548802525174176,-0.052588548481392265,0.017100523229650506
63.75,-0.008223530255859502,-0.025298979088787355,0.01707544883292785
63.800000000000004,0.012803391933614324,-0.0024507593631444185,0.015254151296758743
63.85,0.023039192199245013,0.009462631702290414,0.013576560496954599
63.900000000000006,0.02403904940281631,0.00965807391108871,0.014380975491727602
63.95,0.019494716571260035,0.0019314705486748126,0.017563246022585223
64.0,0.01112730203254715,-0.008754210755147382,0.01988151278769453
64.05,-0.0015055315587084535,-0.01902203793178497,0.01751650637307652
64.10000000000001,-0.01809788877401213,-0.027505605498245864,0.009407716724233732
64.15,-0.03565568670323162,-0.03375763363663503,-0.0018980530665965861
64.2,-0.049889399521153066,-0.037555408242300005,-0.012333991278853061
64.25,-0.05808091818908412,-0.03930826144544594,-0.018772656743638177
64.3,-0.0599677764626113,-0.04038286323678428,-0.01958491322582702
64.35000000000001,-0.05592136216916585,-0.04192737582070284,-0.013993986348463008
64.4,-0.045191146521145385,-0.04264066594653843,-0.002550480574606953
64.45,-0.026813265390737938,-0.0378600369609858,0.01104677157024786
64.5,-0.0020926126759805287,-0.021922354645286034,0.019829741969305505
64.55,0.02494407904569997,0.007122157012552297,0.017821922033147673
64.60000000000001,0.05050978380379646,0.044102899543644096,0.0064068842601523665
64.65,0.07414239013964358,0.07801317604470359,-0.0038707859050600146
64.7,0.0973940595411638,0.09784705255344986,-0.0004529930122860598
64.75,0.11832508166278048,0.0989752603680798,0.019349821294700684
64.8,0.12796013853842284,0.08529454989018553,0.0426655886482373
64.85000000000001,0.11468175304973806,0.06558525268702345,0.04909650036271461
64.9,0.07475914422260552,0.04701813162676911,0.02774101259583641
64.95,0.019268917616260924,0.030791598089965875,-0.01152268047370495
65.0,-0.031179129526003126,0.012881662739826149,-0.04406079226582928
65.05,-0.06151772990976389,-0.01126821228028295,-0.05024951762948094
65.10000000000001,-0.07403928021669125,-0.04209841541268651,-0.03194086480400474
65.15,-0.08505913496170674,-0.07472626743069344,-0.010332867531013298
65.2,-0.10810109316925186,-0.1015534463067728,-0.006547646862479065
65.25,-0.1388395248420434,-0.11631828147978013,-0.02252124336226327
65.3,-0.15673953423231277,-0.11677328094428673,-0.03996625328802604
65.35000000000001,-0.14317511267069136,-0.10480481749282838,-0.03837029517786297
65.4,-0.09973812362320746,-0.08476758728148172,-0.014970536341725738
65.45,-0.04931614242506997,-0.06156160598211772,0.012245463557047746
65.5,-0.018177716674540538,-0.0394214584056652,0.021243741731124664
65.55,-0.015124332732451404,-0.02146358899015544,0.006339256257704035
65.60000000000001,-0.02657243514446556,-0.009600290497538884,-0.016972144646926673
65.65,-0.03139643343625822,-0.004545426786827234,-0.026851006649430985
65.7,-0.02096887882664276,-0.005864721568279887,-0.015104157258362873
65.75,-0.0056918877120434586,-0.012079047104580227,0.006387159392536769
65.8,-0.002963212661724232,-0.020822225539357385,0.017859012877633154
65.85000000000001,-0.019257763070425492,-0.029152649900805846,0.009894886830380353
65.9,-0.04371464899094669,-0.03420332897075638,-0.009511320020190304
65.95,-0.05853387466162197,-0.0341655241429951,-0.024368350518626875
66.0,-0.05522117327186044,-0.029163054283802024,-0.026058118988058418
66.05,-0.04110687927689504,-0.021326774873392372,-0.01978010440350267
66.10000000000001,-0.031058429932788553,-0.013739875982760611,-0.017318553950027942
66.15,-0.03352275917992792,-0.008749004812783156,-0.02477375436714476
66.2,-0.04406717471489612,-0.006722870169586353,-0.03734430454530977
66.25,-0.05082263872768859,-0.006083627397018538,-0.044739011330670056
66.3,-0.04476139768160713,-0.004478312009319716,-0.040283085672287416
66.35000000000001,-0.02496068248677765,-0.0001235452660157735,-0.024837137220761876
66.4,0.0039053473138942144,0.0076157204566231875,-0.003710373142728973
66.45,0.03654818660774846,0.01853534859119682,0.01801283801655164
66.5,0.0686485175148533,0.03211416608909683,0.03653435142575648
66.55,0.09517165000884491,0.04754257083075743,0.04762907917808748
66.60000000000001,0.11004202144692982,0.06323961266999648,0.04680240877693334
66.65,0.10943557269368526,0.0764993509420039,0.03293622175168136
66.7,0.09517580733111439,0.08386871249458103,0.01130709483653336
66.75,0.07330160358110517,0.08220553989764988,-0.008903936316544708
66.8,0.048272661586043666,0.06979824265966461,-0.021525581073620945
66.85000000000001,0.01929095360315536,0.04700122843468059,-0.02771027483152523
66.9,-0.015975252732893144,0.0163798733893554,-0.03235512612224854
66.95,-0.05325738431525164,-0.017315596715276504,-0.03594178759997514
67.0,-0.07858435110154988,-0.04732451052005183,-0.03125984058149805
67.05,-0.07610538012941273,-0.06572943795996268,-0.01037594216945005
67.10000000000001,-0.04149841941783144,-0.06553622902560138,0.024037809607769946
67.15,0.011795349010806562,-0.04365472758323256,0.05545007659403912
67.2,0.061067181214764225,-0.003295238994967585,0.0643624202097318
67.25,0.09124085616851604,0.04602840632786785,0.04521244984064819
67.3,0.1049696191653937,0.0915856042171533,0.013384014948240402
67.35000000000001,0.11645197736876953,0.12234856011320545,-0.005896582744435927
67.4,0.13494270234561162,0.13312596752531713,0.0018167348202944855
67.45,0.153987654202575,0.1256417180626024,0.028345936139972577
67.5,0.15684694843218755,0.10620096227817968,0.050645986154007866
67.55,0.13269217269200595,0.08170471353074163,0.05098745916126432
67.60000000000001,0.0876928092528338,0.056587859847876114,0.031104949404957692
67.65,0.04036223958395852,0.032259155888310825,0.008103083695647696
67.7,0.006036090155415308,0.008668978237110658,-0.00263288808169535
67.75,-0.014467045152640868,-0.013778207645835013,-0.0006888375068058554
67.8,-0.031904902359569276,-0.03363670036495199,0.0017317980053827148
67.85000000000001,-0.05573049071653395,-0.049440694357773506,-0.006289796358760445
67.9,-0.08469527251194854,-0.061156471572064976,-0.023538800939883565
67.95,-0.10944464200256801,-0.0705267924431993,-0.03891784955936871
68.0,-0.12269793862967976,-0.0797434064133701,-0.042954532216309654
68.05,-0.12544036344632173,-0.08935816143653826,-0.03608220200978347
68.10000000000001,-0.12307582282131388,-0.09710354669886635,-0.025972276122447527
68.15,-0.1169931679904986,-0.09871621167114501,-0.018276956319353582
68.2,-0.10185156615513259,-0.09038874505973057,-0.011462821095402018
68.25,-0.07214220195766496,-0.07125936774128276,-0.0008828342163822028
68.3,-0.03092466834374046,-0.044311070813741395,0.013386402470000936
68.35000000000001,0.009226459187064582,-0.015177538765404024,0.024403997952468608
68.4,0.035012643013610116,0.010259513067056487,0.02475312994655363
68.45,0.042631909014520825,0.027981356395447743,0.014650552619073082
68.5,0.03952545301177883,0.03664901979848955,0.0028764332132892798
68.55,0.036350177039608224,0.037179425434957176,-0.0008292483953489527
68.60000000000001,0.03748637926918059,0.03184765905384942,0.005638720215331169
68.65,0.0391083807577278,0.023589235498944906,0.015519145258782896
68.7,0.03548040576729413,0.01557859307027782,0.01990181269701631
68.75,0.025931906234267662,0.010741867653134639,0.015190038581133023
68.8,0.015355014777865569,0.011009142199998562,0.004345872577867007
68.85000000000001,0.008822255318852069,0.016585568134749772,-0.007763312815897703
68.9,0.007085331609033236,0.02576466238868022,-0.018679330779646987
68.95,0.007762444231233252,0.03553379463853114,-0.027771350407297887
69.0,0.009849269503135317,0.04268813327049478,-0.032838863767359464
69.05,0.01538111096938821,0.044880956100633904,-0.02949984513124569
69.10000000000001,0.025953227991152808,0.04122107051796342,-0.015267842526810613
69.15,0.03857633203620792,0.032420931582704544,0.006155400453503379
69.2,0.046743815160849196,0.020669960001145238,0.02607385515970396
69.25,0.04657807039751774,0.009238532025264354,0.037339538372253386
69.3,0.04132028871169132,0.0016288790144761008,0.03969140969721522
69.35000000000001,0.03827484653992413,0.00026021472892592487,0.0380146318109982
69.4,0.04045705271017344,0.0051745584269902774,0.03528249428318316
69.45,0.04182289196873918,0.013588969190628858,0.02823392277811032
69.5,0.03216981348654759,0.020830220919375222,0.01133959256717237
69.55,0.007733597980825322,0.022344004580328758,-0.014610406599503436
69.60000000000001,-0.023250730590664556,0.015710256648770467,-0.03896098723943502
69.65,-0.04642035967153799,0.0015674055649021767,-0.04798776523644017
69.7,-0.05341329403145206,-0.016899320949974286,-0.036513973081477774
69.75,-0.048279450939597957,-0.03533520758269689,-0.012944243356901065
69.8,-0.04170513504599152,-0.04954217786320919,0.007837042817217671
69.85000000000001,-0.03907406925540404,-0.05624737437278011,0.017173305117376067
69.9,-0.03487578503369155,-0.053482435715179834,0.018606650681488285
69.95,-0.01943449092102656,-0.04100531984805728,0.021570828927030723
70.0,0.009007268441895587,-0.020836519072690164,0.029843787514585753
70.05,0.03961062652712617,0.002573749570719955,0.037036876956406214
70.10000000000001,0.0568817901363058,0.02314874379287015,0.03373304634343565
70.15,0.053400320582376835,0.03502009868533851,0.018380221897038328
70.2,0.034660769290583884,0.034663053211306236,-2.2839207223512847e-06
70.25,0.011767662929774426,0.022221399321655334,-0.010453736391880908
70.3,-0.009618501318710925,0.0012885631607923924,-0.010907064479503318
70.35000000000001,-0.03226688596261855,-0.022712293151007493,-0.009554592811611057
70.4,-0.05981564554310587,-0.04464825578500717,-0.015167389758098705
70.45,-0.08803948196417205,-0.061238169525205235,-0.026801312438966815
70.5,-0.10569383362680701,-0.0714611853049911,-0.03423264832181591
70.55,-0.10494640223774339,-0.07592852905033247,-0.02901787318741092
70.60000000000001,-0.09023146671200237,-0.07584039123488452,-0.014391075477117848
70.65,-0.07521223750357005,-0.07221095297415872,-0.003001284529411327
70.7,-0.07000827922377786,-0.06571502374394403,-0.004293255479833835
70.75,-0.07170937614804004,-0.05703899896451683,-0.014670377183523216
70.8,-0.06843113114672436,-0.04729274358080912,-0.02113838756591524
70.85000000000001,-0.05311370622297791,-0.03804023869365889,-0.01507346752931902
70.9,-0.032621366780091275,-0.030822906209951113,-0.0017984605701401625
70.95,-0.022073949460460113,-0.026463915976753086,0.004389966516292972
71.0,-0.029642970659265636,-0.024651146258027865,-0.004991824401237771
71.05,-0.04736547852704745,-0.024123723925047472,-0.023241754601999978
71.10000000000001,-0.05777810632126199,-0.02334332958781167,-0.03443477673345032
71.15,-0.050005406677649945,-0.021163901723143922,-0.028841504954506023
71.2,-0.02912634997662941,-0.017035011316255278,-0.01209133866037413
71.25,-0.009549438360710111,-0.010685452836276942,0.0011360144755668301
71.3,0.00034527667100814525,-0.0016944954881122547,0.0020397721591204
71.35000000000001,0.006157218890664239,0.010533625780693499,-0.00437640689002926
71.4,0.01994121412953606,0.026231571793882594,-0.0062903576643465325
71.45,0.04562505228390288,0.044533900008486206,0.0010911522754166736
71.5,0.07322610001144943,0.06316253255644312,0.010063567455006306
71.55,0.08821283214196365,0.07890372920072439,0.009309102941239267
71.60000000000001,0.08601122889493844,0.08869722749119054,-0.0026859985962520982
71.65,0.07598293662439787,0.0907362952011653,-0.014753358576767434
71.7,0.07045519478818861,0.08499244429659929,-0.014537249508410677
71.75,0.07068934368418131,0.0729821445863713,-0.002292800902189987
71.8,0.06545257016806565,0.05705761510843562,0.008394955059630026
71.85000000000001,0.04458913424788115,0.03970683477731742,0.0048822994705637265
71.9,0.013425380992792653,0.02320221097493887,-0.009776829982146218
71.95,-0.00820474688145718,0.009603709402324634,-0.017808456283781814
72.0,-0.003131816281586509,0.0008481035081392238,-0.003979919789725733
72.05,0.026217263791967982,-0.001394872559268517,0.0276121363512365
72.10000000000001,0.05849422203615207,0.00376657496284148,0.05472764707331059
72.15,0.0719919171516166,0.0157436217855372,0.05624829536607939
72.2,0.063353269299108,0.032002274684139256,0.03135099461496875
72.25,0.048252528939305955,0.04829182789945089,-3.929896014493589e-05
72.3,0.04381507505398985,0.059738175602840685,-0.015923100548850835
72.35000000000001,0.0507884034652956,0.062488061024303036,-0.011699657559007433
72.4,0.05347104159134811,0.05518292347367153,-0.0017118818823234142
72.45,0.037141540837250124,0.03951022667700367,-0.002368685839753547
72.5,0.004838885142212771,0.019512343462019917,-0.014673458319807146
72.55,-0.02394058600689484,-8.032220005032139e-06,-0.023932553786889806
72.60000000000001,-0.03154974420100564,-0.015182663822102451,-0.01636708037890319
72.65,-0.019055118447019924,-0.024099072319178405,0.005043953872158481
72.7,-0.004665004078140796,-0.026846463018955005,0.02218145894081421
72.75,-0.005389597472099523,-0.024843592583854303,0.01945399511175478
72.8,-0.020410095993703768,-0.019981914300661766,-0.00042818169304200196
72.85000000000001,-0.03263085606474097,-0.014001654875442552,-0.018629201189298415
72.9,-0.02639080166231049,-0.008202928097116913,-0.018187873565193576
72.95,-0.0032425645015349454,-0.0033635956070982125,0.00012103110556326707
73.0,0.01984728109568528,0.0002759101855932672,0.019571370910092013
73.05,0.02749982900452608,0.0029788472104740533,0.024520981794052026
73.10000000000001,0.020668518522993697,0.005364701010825774,0.015303817512167923
73.15,0.014549444591330191,0.008122881494087962,0.00642656309724223
73.2,0.022427419201591997,0.011668700987151073,0.010758718214440924
73.25,0.042143588824060614,0.015888101215876704,0.02625548760818391
73.3,0.058553249052978915,0.020091935775697005,0.03846131327728191
73.35000000000001,0.05881126857675996,0.023212877448887753,0.035598391127872206
73.4,0.04468264176474556,0.02418049441512729,0.02050214734961827
73.45,0.02979862975279911,0.0223328119588725,0.0074658177939266115
73.5,0.025379085990241843,0.017685075460491265,0.007694010529750578
73.55,0.029246244119855252,0.010911554785430447,0.018334689334424805
73.60000000000001,0.028885104213578608,0.0030260843235967406,0.025859019889981866
73.65,0.014732830414937772,-0.005076031702992123,0.019808862117929895
73.7,-0.010081752189726421,-0.012950794189705283,0.002869041999978861
73.75,-0.03301404374888136,-0.02062680179205166,-0.012387241956829699
73.8,-0.04441813784054983,-0.028352023082237224,-0.016066114758312603
73.85000000000001,-0.04627489409033429,-0.0362946611726771,-0.009980232917657192
73.9,-0.04909631324409518,-0.04441550196352044,-0.004680811280574737
73.95,-0.060915064879665116,-0.05252410727711773,-0.008390957602547384
74.0,-0.07960189907677716,-0.060337184730607576,-0.01926471434616958
74.05,-0.09548283155049954,-0.06738482865595762,-0.028098002894541924
74.10000000000001,-0.10062500781081789,-0.07285032944716999,-0.0277746783636479
74.15,-0.09525799665693346,-0.07563052880562945,-0.01962746785130401
74.2,-0.08585241989810131,-0.07480629529377067,-0.011046124604330645
74.25,-0.07818857009102945,-0.07033078593365345,-0.007857784157375994
74.3,-0.07297106369514177,-0.06340669556659725,-0.009564368128544512
74.35000000000001,-0.0675917716896937,-0.056098702833108326,-0.011493068856585374
74.4,-0.060691870064722465,-0.05025193341990201,-0.010439936644820458
74.45,-0.05384855372507737,-0.04637497596672629,-0.0074735777583510785
74.5,-0.048854509550245194,-0.04328525567574164,-0.005569253874503556
74.55,-0.04439465521754684,-0.03882391706287538,-0.005570738154671462
74.60000000000001,-0.03642551436036843,-0.031174850947317125,-0.005250663413051304
74.65,-0.022061635606016986,-0.019883999206440642,-0.0021776363995763444
74.7,-0.0026872280826290267,-0.005936139833445132,0.0032489117508161056
74.75,0.017050233730790145,0.00900331977850564,0.008046913952284506
74.8,0.03304537113759862,0.02345695182284964,0.009588419314748978
74.85000000000001,0.044089838891622456,0.03641496050585827,0.0076748783857641875
74.9,0.05059103609682012,0.0469514660449371,0.0036395700518830204
74.95,0.051942655825070065,0.05376585300594735,-0.001823197180877284
75.0,0.04638500388606242,0.05534030041765118,-0.00895529653158876
75.05,0.03394850724477903,0.05083547701341438,-0.016886969768635345
75.10000000000001,0.018850032902460224,0.04109065922753738,-0.022240626325077156
75.15,0.0076668951027303355,0.028828597035714307,-0.021161701932983973
75.2,0.004218790376913735,0.017672851591686512,-0.013454061214772777
75.25,0.006294302290896864,0.010492574087977288,-0.004198271797080424
75.3,0.008115881501540445,0.0081580146460309,-4.213314449045581e-05
75.35000000000001,0.006545577832899711,0.009530072260867528,-0.0029844944279678164
75.4,0.0046923230834700945,0.012601608501270125,-0.00790928541780003
75.45,0.008799426388386055,0.015876911061564497,-0.007077484673178442
75.5,0.021201392659076355,0.01898348353456389,0.002217909124512467
75.55,0.03658441750377725,0.022211399636596938,0.014373017867180312
75.60000000000001,0.04580920777572458,0.025568361138371614,0.020240846637352965
75.65,0.04390021297218467,0.028277793841543428,0.01562241913064124
75.7,0.03434501310537409,0.029176631791637337,0.005168381313736755
75.75,0.02539127557021336,0.027630902246491944,-0.0022396266762785833
75.8,0.022097651278284683,0.024123618985236378,-0.002025967706951695
75.85000000000001,0.02216021129729092,0.019970975166947385,0.0021892361303435352
75.9,0.019508561729612302,0.016395505623998118,0.0031130561056141835
75.95,0.011520713074779164,0.013731476658424384,-0.00221076358364522
76.0,0.002011386043265719,0.011389452633379456,-0.009378066590113737
76.05,-0.003160216147001468,0.008531128087057862,-0.01169134423405933
76.10000000000001,-0.0029101792247940867,0.004826267090374824,-0.007736446315168911
76.15,-0.0024296516653876114,0.0006773521172391114,-0.0031070037826267227
76.2,-0.0073245312965588,-0.003166379236064435,-0.004158152060494365
76.25,-0.016607624055832538,-0.006158170272021747,-0.010449453783810791
76.3,-0.022568580156017384,-0.008172854309270509,-0.014395725846746876
76.35000000000001,-0.018518723091347025,-0.009311001377582328,-0.009207721713764697
76.4,-0.006652690461740586,-0.009615095272942412,0.0029624048112018263
76.45,0.002751465960574926,-0.009034987494418308,0.011786453454993233
76.5,0.0011023157338019714,-0.007625730662823719,0.00872804639662569
76.55,-0.009099464907068491,-0.005653826268450169,-0.0034456386386183223
76.60000000000001,-0.015193267049851307,-0.003371585366312654,-0.011821681683538653
76.65,-0.0058310548060095755,-0.000612847117673263,-0.005218207688336312
76.7,0.017605310282538485,0.0033509246381494724,0.014254385644389012
76.75,0.041020686296808107,0.009399828976970942,0.031620857319837166
76.80000000000001,0.04979288078901174,0.01777794553039512,0.03201493525861662
76.85000000000001,0.0419213932819575,0.027479012717637096,0.014442380564320404
76.9,0.02956206835408382,0.036291518981296136,-0.006729450627212315
76.95,0.027289799070600296,0.04155322395363745,-0.01426342488303715
77.0,0.03818723944315927,0.04122582636054325,-0.003038586917383977
77.05000000000001,0.05098401265554769,0.03476630955820212,0.01621770309734557
77.10000000000001,0.050823977784472556,0.023440782283976964,0.027383195500495592
77.15,0.03319564546573729,0.009982711129730756,0.023212934336006536
77.2,0.007804431666723934,-0.0023123559130844456,0.010116787579808379
77.25,-0.010815456961254341,-0.010804622053254382,-1.083490799995944e-05
77.30000000000001,-0.016395396660001154,-0.014596856177715561,-0.001798540482285593
77.35000000000001,-0.0151634359616155,-0.01493064862916394,-0.000232787332451561
77.4,-0.017933555314063727,-0.014529509839633577,-0.0034040454744301493
77.45,-0.02874222916025851,-0.016094359318044076,-0.012647869842214433
77.5,-0.04144470548283807,-0.02076660634723253,-0.020678099135605543
77.55000000000001,-0.04690835615715126,-0.027505007632046285,-0.019403348525104978
77.60000000000001,-0.04254131185617678,-0.03375546844726948,-0.008785843408907298
77.65,-0.034050186333660755,-0.03690666568175385,0.002856479348093098
77.7,-0.028077243025186032,-0.035531899821807565,0.007454656796621533
77.75,-0.02426673285882076,-0.02972606331645573,0.00545933045763497
77.80000000000001,-0.015859538426340605,-0.020652026271149048,0.0047924878448084435
77.85000000000001,0.0014611383742891937,-0.009963117574948424,0.011424255949237619
77.9,0.022102627273108612,0.00041113456074630774,0.021691492712362304
77.95,0.03333581665293925,0.008278502129890834,0.025057314523048414
78.0,0.026685109420989436,0.01154243651738098,0.015142672903608457
78.05000000000001,0.006843096132963669,0.00911385601306305,-0.002270759880099382
78.10000000000001,-0.011352014266156073,0.001845474865163027,-0.013197489131319101
78.15,-0.01574833473320418,-0.007391033546112826,-0.008357301187091354
78.2,-0.007388047183069986,-0.014863268501396536,0.00747522131832655
78.25,0.0015368422190573062,-0.017776219842769093,0.0193130620618264
78.30000000000001,0.0002503640960319964,-0.015553301734684317,0.015803665830716313
78.35000000000001,-0.010001142839098639,-0.00982645671757602,-0.00017468612152261864
78.4,-0.01783936065386618,-0.0033414332101039156,-0.014497927443762264
78.45,-0.014131091915029932,0.0013248564748079873,-0.01545594838983792
78.5,-0.0022433941424292027,0.00249007423378579,-0.0047334683762149925
78.55000000000001,0.004365042254335609,-0.0005086026487468116,0.004873644903082421
78.60000000000001,-0.004974045139338081,-0.007367416618506972,0.0023933714791688912
78.65,-0.027567146324020096,-0.016817144886038273,-0.010750001437981823
78.7,-0.0496308290056555,-0.026829810185130414,-0.022801018820525085
78.75,-0.0590927493795148,-0.035354295717469834,-0.023738453662044967
78.80000000000001,-0.05614048663736795,-0.041333952737121996,-0.014806533900245958
78.85000000000001,-0.05120850634821853,-0.04515913480889175,-0.0060493715393267825
78.9,-0.052924602520345775,-0.04789296371347918,-0.005031638806866592
78.95,-0.058633184745604736,-0.04965844279527004,-0.008974741950334694
79.0,-0.05721443269299729,-0.04857597554377383,-0.008638457149223455
79.05000000000001,-0.04108211380306176,-0.0414977797885668,0.00041566598550504125
79.10000000000001,-0.014716626355843861,-0.02636737759224501,0.01165075123640115
79.15,0.009281004170895243,-0.004476455512469699,0.013757459683364942
79.2,0.022566695438849378,0.019342830536060025,0.0032238649027893536
79.25,0.028863286820247983,0.039067927602514214,-0.010204640782266232
79.30000000000001,0.03879294477132941,0.05080783667354398,-0.012014891902214567
79.35000000000001,0.05691580729739041,0.05466809052075909,0.0022477167766313186
79.4,0.07471333033802055,0.05384768590162768,0.02086564443639287
79.45,0.07761638260243338,0.05183132823021612,0.02578505437221726
79.5,0.059722181751601086,0.04994329503760697,0.009778886713994114
79.55000000000001,0.03130751390432173,0.04703516091957485,-0.015727647015253123
79.60000000000001,0.010758068767417138,0.0412193860986647,-0.03046131733124756
79.65,0.008028955229653061,0.03197624907586972,-0.023947293846216657
79.7,0.01572223508766831,0.020915845792229753,-0.005193610704561442
79.75,0.016925645510049606,0.010806631400446175,0.006119014109603431
79.80000000000001,0.0025528197666888084,0.0038937587316371456,-0.0013409389649483372
79.85000000000001,-0.0187622238705066,0.0008557363676365481,-0.019617960238143148
79.9,-0.02827778854665774,0.0009346218148600025,-0.029212410361517744
79.95,-0.015317002651478676,0.0027525900479285215,-0.018069592699407198
80.0,0.011486135813019443,0.005011095490244874,0.006475040322774569
